Workbook

Sheet Compact
A1: Year | B1: III(a) | C1: III(c) | D1: III(c) AZ | E1: NIB USGS Morelos | F1: USGS Gila Dome | G1: AZ Gila CUL | H1: Natural Imperial | I1: Mexico | J1: III(a) Lower | K1: III(b) | L1: LB CU | M1: CA CU | N1: AZ CU | O1: NV CU | P1: LC Reservoir Total CUL | Q1: Hv-Mx | R1: Diff 7.5 | S1: Hoover USGS | T1: Mead Δ | U1: Mead | V1: Mead CUL | W1: Diamond Creek | X1: GC Inflow | Y1: III(d) | Z1: Lees Ferry USGS | AA1: Glen Canyon | AB1: Powell Δ | AC1: Powell | AD1: Powell Evaporation | AE1: Natural Lees Ferry | AF1: Inflow | AG1: Inflow Unregulated | AH1: III(a) Upper | AI1: CO | AJ1: UT | AK1: WY | AL1: NM | AM1: AZ_ | AN1: Flaming Gorge | AO1: Mead Elevation | AP1: Powell Elevation | AQ1: 03/21/2026 05:05PM
A2: 1964 | B2: =J2+AH2 | C2: =H2 - (J2 + K2 + AH2) | D2: =H2 - 16 | E2: 1.5017363 | F2: 0.00010214814 | H2: 10.69969 | J2: =MIN(7.5, L2) | K2: =MAX(0, L2 - 7.5) | L2: =M2+N2+O2+P2+V2 | M2: 5.064733 | N2: 1.127176 | O2: 0.025297 | Q2: =S2-I2 | R2: =Q2-7.5 | S2: 8.1584625 | U2: 11.136 | Y2: 8.9696894 | Z2: 3.2433085 | AA2: 3.2433264 | AC2: 4.1096001 | AE2: 10.414057 | AF2: 7.153512 | AG2: 7.548996 | AN2: 1.0979 | AO2: 1088.14
A3: 1965 | B3: =J3+AH3 | C3: =H3 - (J3 + K3 + AH3) | D3: =H3 - 16 | E3: 1.5241712 | F3: 0.00032330398 | H3: 20.840676 | I3: 1.5 | J3: =MIN(7.5, L3) | K3: =MAX(0, L3 - 7.5) | L3: =M3+N3+O3+P3+V3 | M3: 4.899987 | N3: 1.008531 | O3: 0.022688 | Q3: =S3-I3 | R3: =Q3-7.5 | S3: 7.7917013 | T3: =U3-U2 | U3: 15.233 | Y3: 9.4316549 | Z3: 11.586019 | AA3: 11.586088 | AB3: =AC3-AC2 | AC3: 6.5514002 | AD3: 0.18186438 | AE3: 19.416659 | AF3: 14.751417 | AG3: 16.196995 | AN3: 2.3952999 | AO3: 1129.74 | AP3: 3534.6299
A4: 1966 | B4: =J4+AH4 | C4: =H4 - (J4 + K4 + AH4) | D4: =H4 - 16 | E4: 1.420349 | F4: 0.039836604 | H4: 11.234654 | I4: 1.5 | J4: =MIN(7.5, L4) | K4: =MAX(0, L4 - 7.5) | L4: =M4+N4+O4+P4+V4 | M4: 5.096912 | N4: 1.073055 | O4: 0.026626 | Q4: =S4-I4 | R4: =Q4-7.5 | S4: 7.7809114 | T4: =U4-U3 | U4: 15.481 | Y4: 9.3396969 | Z4: 7.7386441 | AA4: 7.7386971 | AB4: =AC4-AC3 | AC4: 5.7259002 | AD4: 0.21390523 | AE4: 10.162126 | AF4: 7.540607 | AG4: 7.7139559 | AN4: 2.2433 | AO4: 1132.05 | AP4: 3521.45
A5: 1967 | B5: =J5+AH5 | C5: =H5 - (J5 + K5 + AH5) | D5: =H5 - 16 | E5: 1.3225645 | F5: 0.00052621169 | H5: 12.290233 | I5: 1.5 | J5: =MIN(7.5, L5) | K5: =MAX(0, L5 - 7.5) | L5: =M5+N5+O5+P5+V5 | M5: 4.886734 | N5: 1.042437 | O5: 0.027134 | Q5: =S5-I5 | R5: =Q5-7.5 | S5: 7.9320512 | T5: =U5-U4 | U5: 14.338 | Y5: 8.2254925 | Z5: 7.5599742 | AA5: 7.5600204 | AB5: =AC5-AC4 | AC5: 6.0681 | AD5: 0.19296019 | AE5: 11.505464 | AF5: 8.3950386 | AG5: 8.837491 | AN5: 2.2883 | AO5: 1129.84 | AP5: 3527.0601
A6: 1968 | B6: =J6+AH6 | C6: =H6 - (J6 + K6 + AH6) | D6: =H6 - 16 | E6: 1.3265473 | F6: 0.00079707342 | H6: 14.389854 | I6: 1.5 | J6: =MIN(7.5, L6) | K6: =MAX(0, L6 - 7.5) | L6: =M6+N6+O6+P6+V6 | M6: 5.072533 | N6: 1.097398 | O6: 0.03356 | Q6: =S6-I6 | R6: =Q6-7.5 | S6: 7.8381338 | T6: =U6-U5 | U6: 15.355 | Y6: 7.7918692 | Z6: 8.8036032 | AA6: 8.8036518 | AB6: =AC6-AC5 | AC6: 6.8569999 | AD6: 0.22004083 | AE6: 13.6545 | AF6: 10.101264 | AG6: 10.595019 | AN6: 1.9151 | AO6: 1139.65 | AP6: 3539.29
A7: 1969 | B7: =J7+AH7 | C7: =H7 - (J7 + K7 + AH7) | D7: =H7 - 16 | E7: 1.3198471 | F7: 0.0011986643 | H7: 15.891007 | I7: 1.5 | J7: =MIN(7.5, L7) | K7: =MAX(0, L7 - 7.5) | L7: =M7+N7+O7+P7+V7 | M7: 4.896527 | N7: 1.138085 | O7: 0.037392 | Q7: =S7-I7 | R7: =Q7-7.5 | S7: 7.8919253 | T7: =U7-U6 | U7: 16.76 | Y7: 7.9936051 | Z7: 9.0775776 | AA7: 9.0776329 | AB7: =AC7-AC6 | AC7: 9.2915001 | AD7: 0.28730401 | AE7: 14.915964 | AF7: 12.093826 | AG7: 12.09857 | AN7: 1.56671 | AO7: 1152.5 | AP7: 3572.1101
A8: 1970 | B8: =J8+AH8 | C8: =H8 - (J8 + K8 + AH8) | D8: =H8 - 16 | E8: 1.3127207 | F8: 0.0026579543 | H8: 15.626758 | I8: 1.5 | J8: =MIN(7.5, L8) | K8: =MAX(0, L8 - 7.5) | L8: =M8+N8+O8+P8+V8 | M8: 5.015018 | N8: 1.201441 | O8: 0.038308 | Q8: =S8-I8 | R8: =Q8-7.5 | S8: 8.022378 | T8: =U8-U7 | U8: 16.811001 | Y8: 7.9285078 | Z8: 8.1390247 | AA8: 8.1390781 | AB8: =AC8-AC7 | AC8: 11.7412 | AD8: 0.33806619 | AE8: 14.947995 | AF8: 11.513196 | AG8: 11.785707 | AN8: 1.76345 | AO8: 1152.95 | AP8: 3599.78
A9: 1971 | B9: =J9+AH9 | C9: =H9 - (J9 + K9 + AH9) | D9: =H9 - 16 | E9: 1.3161838 | F9: 0.0037596843 | G9: 2.78139 | H9: 15.348401 | I9: 1.5 | J9: =MIN(7.5, L9) | K9: =MAX(0, L9 - 7.5) | L9: =M9+N9+O9+P9+V9 | M9: 5.174268 | N9: 1.29693 | O9: 0.050586 | P9: 0.304269 | Q9: =S9-I9 | R9: =Q9-7.5 | S9: 8.1466217 | T9: =U9-U8 | U9: 17.645 | V9: 0.669055 | Y9: 8.1228495 | Z9: 9.2583113 | AA9: 9.2583656 | AB9: =AC9-AC8 | AC9: 12.6975 | AD9: 0.39165074 | AE9: 14.898633 | AF9: 11.048952 | AG9: 11.858128 | AH9: 3.658567 | AI9: 1.849613 | AJ9: 0.768433 | AK9: 0.368477 | AL9: 0.192626 | AM9: 0.0111 | AN9: 2.7068701 | AO9: 1160.13 | AP9: 3609.5601
A10: 1972 | B10: =J10+AH10 | C10: =H10 - (J10 + K10 + AH10) | D10: =H10 - 16 | E10: 1.3250399 | F10: 0.0033623578 | G10: 3.020368 | H10: 13.590672 | I10: 1.5 | J10: =MIN(7.5, L10) | K10: =MAX(0, L10 - 7.5) | L10: =M10+N10+O10+P10+V10 | M10: 5.230635 | N10: 1.203043 | O10: 0.081051 | P10: 0.295672 | Q10: =S10-I10 | R10: =Q10-7.5 | S10: 8.0997725 | T10: =U10-U9 | U10: 18.645 | V10: 0.6863 | Y10: 7.6134939 | Z10: 9.3448286 | AA10: 9.3448849 | AB10: =AC10-AC9 | AC10: 12.3623 | AD10: 0.38641173 | AE10: 13.114747 | AF10: 9.4425459 | AG10: 9.9504023 | AH10: 3.7397 | AI10: 1.906067 | AJ10: 0.788636 | AK10: 0.355571 | AL10: 0.203724 | AM10: 0.0122 | AN10: 3.08951 | AO10: 1168.35 | AP10: 3606.2
A11: 1973 | B11: =J11+AH11 | C11: =H11 - (J11 + K11 + AH11) | D11: =H11 - 16 | E11: 1.2810566 | F11: 0.10458086 | G11: 3.184411 | H11: 19.182018 | I11: 1.5 | J11: =MIN(7.5, L11) | K11: =MAX(0, L11 - 7.5) | L11: =M11+N11+O11+P11+V11 | M11: 5.317547 | N11: 1.271933 | O11: 0.092649 | P11: 0.29455 | Q11: =S11-I11 | R11: =Q11-7.5 | S11: 8.3001614 | T11: =U11-U10 | U11: 19.737 | V11: 0.777382 | Y11: 8.3795376 | Z11: 9.0440969 | AA11: 9.0441523 | AB11: =AC11-AC10 | AC11: 17.0818 | AD11: 0.44852567 | AE11: 18.042449 | AF11: 14.701734 | AG11: 15.028501 | AH11: 3.636568 | AI11: 1.661791 | AJ11: 0.767516 | AK11: 0.348701 | AL11: 0.311832 | AM11: 0.0114 | AN11: 2.9405799 | AO11: 1176.92 | AP11: 3648.8401
A12: 1974 | B12: =J12+AH12 | C12: =H12 - (J12 + K12 + AH12) | D12: =H12 - 16 | E12: 1.3363476 | F12: 0.001360534 | G12: 3.275182 | H12: 13.219729 | I12: 1.5 | J12: =MIN(7.5, L12) | K12: =MAX(0, L12 - 7.5) | L12: =M12+N12+O12+P12+V12 | M12: 5.41404 | N12: 1.325631 | O12: 0.094889 | P12: 0.297869 | Q12: =S12-I12 | R12: =Q12-7.5 | S12: 8.7300358 | T12: =U12-U11 | U12: 19.721001 | V12: 0.744248 | Y12: 8.9439497 | Z12: 8.8874245 | AA12: 8.8874769 | AB12: =AC12-AC11 | AC12: 17.0107 | AD12: 0.52346742 | AE12: 12.909536 | AF12: 9.7159939 | AG12: 9.8206596 | AH12: 4.061138 | AI12: 2.001006 | AJ12: 0.806646 | AK12: 0.41628 | AL12: 0.202714 | AM12: 0.019125 | AN12: 3.26491 | AO12: 1176.8 | AP12: 3648.27
A13: 1975 | B13: =J13+AH13 | C13: =H13 - (J13 + K13 + AH13) | D13: =H13 - 16 | E13: 1.395891 | F13: 0.0011585975 | G13: 3.507102 | H13: 16.79327 | I13: 1.5 | J13: =MIN(7.5, L13) | K13: =MAX(0, L13 - 7.5) | L13: =M13+N13+O13+P13+V13 | M13: 4.983705 | N13: 1.358003 | O13: 0.07214 | P13: 0.304416 | Q13: =S13-I13 | R13: =Q13-7.5 | S13: 8.3673801 | T13: =U13-U12 | U13: 20.091999 | V13: 0.770827 | Y13: 8.6813822 | Z13: 8.9603357 | AA13: 8.960393 | AB13: =AC13-AC12 | AC13: 19.5557 | AD13: 0.55098385 | AE13: 16.494364 | AF13: 12.536107 | AG13: 13.166635 | AH13: 3.887173 | AI13: 1.926749 | AJ13: 0.670246 | AK13: 0.329916 | AL13: 0.293751 | AM13: 0.023674 | AN13: 3.4335201 | AO13: 1179.63 | AP13: 3667.8799
A14: 1976 | B14: =J14+AH14 | C14: =H14 - (J14 + K14 + AH14) | D14: =H14 - 16 | E14: 1.4495059 | F14: 0.0012518206 | G14: 3.278065 | H14: 11.603972 | I14: 1.50006 | J14: =MIN(7.5, L14) | K14: =MAX(0, L14 - 7.5) | L14: =M14+N14+O14+P14+V14 | M14: 4.706594 | N14: 1.248 | O14: 0.073192 | P14: 0.288645 | Q14: =S14-I14 | R14: =Q14-7.5 | S14: 7.9263778 | T14: =U14-U13 | U14: 21.257999 | V14: 0.756702 | Y14: 8.847476 | Z14: 9.3995924 | AA14: 9.3996506 | AB14: =AC14-AC13 | AC14: 17.893801 | AD14: 0.55732554 | AE14: 11.070775 | AF14: 8.4801512 | AG14: 8.2520428 | AH14: 3.75317 | AI14: 1.792738 | AJ14: 0.663932 | AK14: 0.324538 | AL14: 0.291666 | AM14: 0.030507 | AN14: 3.13185 | AO14: 1187.87 | AP14: 3655.3101
A15: 1977 | B15: =J15+AH15 | C15: =H15 - (J15 + K15 + AH15) | D15: =H15 - 16 | E15: 1.4689934 | F15: 0.0030777927 | G15: 3.294186 | H15: 5.941876 | I15: 1.5 | J15: =MIN(7.5, L15) | K15: =MAX(0, L15 - 7.5) | L15: =M15+N15+O15+P15+V15 | M15: 5.097343 | N15: 1.231274 | O15: 0.073174 | P15: 0.29887 | Q15: =S15-I15 | R15: =Q15-7.5 | S15: 7.8718724 | T15: =U15-U14 | U15: 20.25 | V15: 0.769901 | Y15: 8.8268051 | Z15: 7.3532577 | AA15: 7.3533034 | AB15: =AC15-AC14 | AC15: 14.8658 | AD15: 0.48857781 | AE15: 5.456316 | AF15: 4.8819509 | AG15: 3.3396356 | AH15: 3.120955 | AI15: 1.667944 | AJ15: 0.410466 | AK15: 0.231497 | AL15: 0.219156 | AM15: 0.033871 | AN15: 1.99231 | AO15: 1180.8199 | AP15: 3630.05
A16: 1978 | B16: =J16+AH16 | C16: =H16 - (J16 + K16 + AH16) | D16: =H16 - 16 | E16: 1.4575013 | F16: 0.00077380688 | G16: 3.091635 | H16: 16.315687 | I16: 1.5 | J16: =MIN(7.5, L16) | K16: =MAX(0, L16 - 7.5) | L16: =M16+N16+O16+P16+V16 | M16: 4.50334 | N16: 1.234942 | O16: 0.071293 | P16: 0.267684 | Q16: =S16-I16 | R16: =Q16-7.5 | S16: 7.4763117 | T16: =U16-U15 | U16: 21.959999 | V16: 0.726839 | Y16: 8.8470249 | Z16: 9.0057964 | AA16: 9.0058498 | AB16: =AC16-AC15 | AC16: 15.1789 | AD16: 0.46953923 | AE16: 15.12154 | AF16: 9.9991493 | AG16: 11.417415 | AH16: 4.001077 | AI16: 2.038995 | AJ16: 0.70205 | AK16: 0.357695 | AL16: 0.324496 | AM16: 0.032875 | AN16: 2.6760099 | AO16: 1193.3101 | AP16: 3632.8301
A17: 1979 | B17: =J17+AH17 | C17: =H17 - (J17 + K17 + AH17) | D17: =H17 - 16 | E17: 3.0786059 | F17: 1.4429928 | G17: 3.481764 | H17: 18.921647 | I17: 1.7 | J17: =MIN(7.5, L17) | K17: =MAX(0, L17 - 7.5) | L17: =M17+N17+O17+P17+V17 | M17: 4.788423 | N17: 1.150853 | O17: 0.060074 | P17: 0.286171 | Q17: =S17-I17 | R17: =Q17-7.5 | S17: 7.7210703 | T17: =U17-U16 | U17: 22.622999 | V17: 0.820204 | Y17: 8.7501488 | Z17: 8.1088161 | AA17: 8.1088657 | AB17: =AC17-AC16 | AC17: 20.2176 | AD17: 0.57277775 | AE17: 17.384185 | AF17: 14.193676 | AG17: 14.034265 | AH17: 4.070013 | AI17: 1.866412 | AJ17: 0.745729 | AK17: 0.359358 | AL17: 0.415824 | AM17: 0.033913 | AN17: 2.3991899 | AO17: 1197.97 | AP17: 3672.6799
A18: 1980 | B18: =J18+AH18 | C18: =H18 - (J18 + K18 + AH18) | D18: =H18 - 16 | E18: 6.9338155 | F18: 1.8445791 | G18: 3.589613 | H18: 19.145522 | I18: 1.7 | J18: =MIN(7.5, L18) | K18: =MAX(0, L18 - 7.5) | L18: =M18+N18+O18+P18+V18 | M18: 4.725496 | N18: 1.221563 | O18: 0.092737 | P18: 0.278012 | Q18: =S18-I18 | R18: =Q18-7.5 | S18: 11.087932 | T18: =U18-U17 | U18: 23.336 | V18: 0.820107 | Y18: 9.0691042 | Z18: 11.328586 | AA18: 11.328652 | AB18: =AC18-AC17 | AC18: 21.450399 | AD18: 0.64065439 | AE18: 17.395909 | AF18: 12.931765 | AG18: 13.776286 | AH18: 4.097732 | AI18: 1.850654 | AJ18: 0.706734 | AK18: 0.357551 | AL18: 0.423805 | AM18: 0.036872 | AN18: 3.01612 | AO18: 1202.88 | AP18: 3681.28
A19: 1981 | B19: =J19+AH19 | C19: =H19 - (J19 + K19 + AH19) | D19: =H19 - 16 | E19: 1.9257205 | F19: 0.028605437 | G19: 3.638134 | H19: 9.643241 | I19: 1.7 | J19: =MIN(7.5, L19) | K19: =MAX(0, L19 - 7.5) | L19: =M19+N19+O19+P19+V19 | M19: 4.795949 | N19: 1.41585 | O19: 0.110017 | P19: 0.295383 | Q19: =S19-I19 | R19: =Q19-7.5 | S19: 8.2834797 | T19: =U19-U18 | U19: 22.667999 | V19: 0.823862 | Y19: 8.9280844 | Z19: 7.8481112 | AA19: 7.8481598 | AB19: =AC19-AC18 | AC19: 19.4956 | AD19: 0.59318078 | AE19: 8.956329 | AF19: 6.3301535 | AG19: 5.8242536 | AH19: 4.115152 | AI19: 2.119645 | AJ19: 0.65492 | AK19: 0.345548 | AL19: 0.278861 | AM19: 0.041393 | AN19: 2.78548 | AO19: 1198.28 | AP19: 3667.47
A20: 1982 | B20: =J20+AH20 | C20: =H20 - (J20 + K20 + AH20) | D20: =H20 - 16 | E20: 1.4409175 | F20: 0.0047735889 | G20: 3.162957 | H20: 18.117501 | I20: 1.5 | J20: =MIN(7.5, L20) | K20: =MAX(0, L20 - 7.5) | L20: =M20+N20+O20+P20+V20 | M20: 4.299799 | N20: 1.240384 | O20: 0.102326 | P20: 0.285631 | Q20: =S20-I20 | R20: =Q20-7.5 | S20: 7.4584603 | T20: =U20-U19 | U20: 24.150999 | V20: 0.828337 | Y20: 8.895257 | Z20: 9.0165472 | AA20: 9.0165987 | AB20: =AC20-AC19 | AC20: 21.9608 | AD20: 0.61372685 | AE20: 17.266265 | AF20: 12.292736 | AG20: 13.529371 | AH20: 4.161712 | AI20: 2.056138 | AJ20: 0.622436 | AK20: 0.335795 | AL20: 0.407577 | AM20: 0.039334 | AN20: 3.3098199 | AO20: 1208.37 | AP20: 3684.74
... A44: 2006 | B44: =J44+AH44 | C44: =H44 - (J44 + K44 + AH44) | D44: =H44 - 16 | E44: 1.4068278 | F44: 0.0081905713 | G44: 1.726882 | H44: 13.720968 | I44: 1.5 | J44: =MIN(7.5, L44) | K44: =MAX(0, L44 - 7.5) | L44: =M44+N44+O44+P44+V44 | M44: 4.335299 | N44: 2.782866 | O44: 0.292864 | P44: 0.307905 | Q44: =S44-I44 | R44: =Q44-7.5 | S44: 9.2594414 | T44: =U44-U43 | U44: 14.1641 | V44: 0.606105 | Y44: 9.8290167 | Z44: 8.6768198 | AA44: 8.4086351 | AB44: =AC44-AC43 | AC44: 12.0765 | AD44: 0.36574474 | AE44: 13.50305 | AF44: 9.3145332 | AG44: 9.5292559 | AH44: 4.233799 | AI44: 1.939502 | AJ44: 0.841733 | AK44: 0.595678 | AL44: 0.368749 | AM44: 0.036288 | AN44: 3.12306 | AO44: 1128.12 | AP44: 3603.3899
A45: 2007 | B45: =J45+AH45 | C45: =H45 - (J45 + K45 + AH45) | D45: =H45 - 16 | E45: 1.3814297 | F45: 0.006928876 | G45: 1.738585 | H45: 11.717973 | I45: 1.5 | J45: =MIN(7.5, L45) | K45: =MAX(0, L45 - 7.5) | L45: =M45+N45+O45+P45+V45 | M45: 4.370695 | N45: 2.783323 | O45: 0.300312 | P45: 0.307271 | Q45: =S45-I45 | R45: =Q45-7.5 | S45: 9.3627396 | T45: =U45-U44 | U45: 12.8598 | V45: 0.561059 | W45: 9.1804991 | X45: =W45-Z45 | Y45: 9.1381359 | Z45: 8.3657341 | AA45: 8.228611 | AB45: =AC45-AC44 | AC45: 11.2458 | AD45: 0.36695164 | AE45: 11.453444 | AF45: 7.6984272 | AG45: 7.614356 | AH45: 4.46949 | AI45: 2.025288 | AJ45: 0.953117 | AK45: 0.601425 | AL45: 0.400255 | AM45: 0.0364 | AN45: 3.02934 | AO45: 1114.8101 | AP45: 3594.6399
A46: 2008 | B46: =J46+AH46 | C46: =H46 - (J46 + K46 + AH46) | D46: =H46 - 16 | E46: 1.4476414 | F46: 0.0066668438 | G46: 1.954679 | H46: 16.507821 | I46: 1.5 | J46: =MIN(7.5, L46) | K46: =MAX(0, L46 - 7.5) | L46: =M46+N46+O46+P46+V46 | M46: 4.49881 | N46: 2.752497 | O46: 0.269654 | P46: 0.296314 | Q46: =S46-I46 | R46: =Q46-7.5 | S46: 9.5457344 | T46: =U46-U45 | U46: 12.4962 | V46: 0.551415 | W46: 10.186847 | X46: =W46-Z46 | Y46: 8.8242931 | Z46: 9.3140259 | AA46: 9.1235008 | AB46: =AC46-AC45 | AC46: 13.5409 | AD46: 0.41053075 | AE46: 16.003489 | AF46: 12.01275 | AG46: 11.914337 | AH46: 4.485805 | AI46: 2.093456 | AJ46: 0.847785 | AK46: 0.587619 | AL46: 0.427233 | AM46: 0.034866 | AN46: 2.97995 | AO46: 1110.97 | AP46: 3617.8899
A47: 2009 | B47: =J47+AH47 | C47: =H47 - (J47 + K47 + AH47) | D47: =H47 - 16 | E47: 1.4152832 | F47: 0.0069403597 | G47: 1.706631 | H47: 14.291779 | I47: 1.5 | J47: =MIN(7.5, L47) | K47: =MAX(0, L47 - 7.5) | L47: =M47+N47+O47+P47+V47 | M47: 4.358074 | N47: 2.831711 | O47: 0.248613 | P47: 0.305327 | Q47: =S47-I47 | R47: =Q47-7.5 | S47: 9.4809141 | T47: =U47-U46 | U47: 11.1624 | V47: 0.53734 | W47: 9.398263 | X47: =W47-Z47 | Y47: 8.4833689 | Z47: 8.4651251 | AA47: 8.296382 | AB47: =AC47-AC46 | AC47: 14.4338 | AD47: 0.44383642 | AE47: 14.089934 | AF47: 9.7045984 | AG47: 10.079474 | AH47: 4.465003 | AI47: 2.058527 | AJ47: 0.891448 | AK47: 0.526661 | AL47: 0.419939 | AM47: 0.035301 | AN47: 3.2490499 | AO47: 1096.3 | AP47: 3626.22
A48: 2010 | B48: =J48+AH48 | C48: =H48 - (J48 + K48 + AH48) | D48: =H48 - 16 | E48: 1.5386783 | F48: 0.0926814 | G48: 1.709714 | H48: 13.527462 | I48: 1.5 | J48: =MIN(7.5, L48) | K48: =MAX(0, L48 - 7.5) | L48: =M48+N48+O48+P48+V48 | M48: 4.34562 | N48: 2.780367 | O48: 0.241437 | P48: 0.287279 | Q48: =S48-I48 | R48: =Q48-7.5 | S48: 9.4523516 | T48: =U48-U47 | U48: 10.3012 | V48: 0.466564 | W48: 9.3926897 | X48: =W48-Z48 | Y48: 8.4529514 | Z48: 8.3514338 | AA48: 8.1738043 | AB48: =AC48-AC47 | AC48: 14.469 | AD48: 0.44339502 | AE48: 12.708978 | AF48: 8.6551399 | AG48: 8.7668638 | AH48: 4.400446 | AI48: 1.834925 | AJ48: 0.947254 | AK48: 0.678145 | AL48: 0.374792 | AM48: 0.034278 | AN48: 3.1113601 | AO48: 1086.3 | AP48: 3626.54
A49: 2011 | B49: =J49+AH49 | C49: =H49 - (J49 + K49 + AH49) | D49: =H49 - 16 | E49: 1.3781807 | F49: 0.0051729367 | G49: 1.781049 | H49: 20.846272 | I49: 1.449664 | J49: =MIN(7.5, L49) | K49: =MAX(0, L49 - 7.5) | L49: =M49+N49+O49+P49+V49 | M49: 4.312661 | N49: 2.781108 | O49: 0.222847 | P49: 0.300688 | Q49: =S49-I49 | R49: =Q49-7.5 | S49: 9.2073164 | T49: =U49-U48 | U49: 14.6437 | V49: 0.558625 | W49: 14.590324 | X49: =W49-Z49 | Y49: 9.0285149 | Z49: 13.846329 | AA49: 13.644973 | AB49: =AC49-AC48 | AC49: 15.9736 | AD49: 0.47919551 | AE49: 20.255836 | AF49: 15.749126 | AG49: 16.169394 | AH49: 4.441872 | AI49: 2.032494 | AJ49: 0.854992 | AK49: 0.558017 | AL49: 0.39241 | AM49: 0.034066 | AN49: 3.4037399 | AO49: 1132.83 | AP49: 3639.75
A50: 2012 | B50: =J50+AH50 | C50: =H50 - (J50 + K50 + AH50) | D50: =H50 - 16 | E50: 1.3285407 | F50: 0.0056881215 | G50: 1.787428 | H50: 8.336823 | I50: 1.367023 | J50: =MIN(7.5, L50) | K50: =MAX(0, L50 - 7.5) | L50: =M50+N50+O50+P50+V50 | M50: 4.416718 | N50: 2.789667 | O50: 0.237161 | P50: 0.299617 | Q50: =S50-I50 | R50: =Q50-7.5 | S50: 9.3884649 | T50: =U50-U49 | U50: 13.6365 | V50: 0.567635 | W50: 9.0216236 | X50: =W50-Z50 | Y50: 9.0621805 | Z50: 8.2484722 | AA50: 8.2162924 | AB50: =AC50-AC49 | AC50: 12.7125 | AD50: 0.43280306 | AE50: 7.894615 | AF50: 5.1271672 | AG50: 4.164628 | AH50: 4.624963 | AI50: 2.155507 | AJ50: 0.917788 | AK50: 0.609019 | AL50: 0.39218 | AM50: 0.03299 | AN50: 3.0019 | AO50: 1120.36 | AP50: 3609.8201
A51: 2013 | B51: =J51+AH51 | C51: =H51 - (J51 + K51 + AH51) | D51: =H51 - 16 | E51: 1.3084185 | F51: 0.005844817 | G51: 1.808006 | H51: 10.298778 | I51: 1.373188 | J51: =MIN(7.5, L51) | K51: =MAX(0, L51 - 7.5) | L51: =M51+N51+O51+P51+V51 | M51: 4.475789 | N51: 2.778867 | O51: 0.223563 | P51: 0.302401 | Q51: =S51-I51 | R51: =Q51-7.5 | S51: 9.375493 | T51: =U51-U50 | U51: 12.3444 | V51: 0.542431 | W51: 8.9791393 | X51: =W51-Z51 | Y51: 9.0262814 | Z51: 8.0062323 | AA51: 7.9809666 | AB51: =AC51-AC50 | AC51: 10.3238 | AD51: 0.34393024 | AE51: 9.727034 | AF51: 5.7450809 | AG51: 5.7998385 | AH51: 3.563178 | AI51: 1.508844 | AJ51: 0.768571 | AK51: 0.529641 | AL51: 0.298183 | AM51: 0.034099 | AN51: 2.83358 | AO51: 1106.73 | AP51: 3584.4299
A52: 2014 | B52: =J52+AH52 | C52: =H52 - (J52 + K52 + AH52) | D52: =H52 - 16 | E52: 1.446013 | F52: 0.0050034742 | G52: 2.018333 | H52: 14.56124 | I52: 1.443991 | J52: =MIN(7.5, L52) | K52: =MAX(0, L52 - 7.5) | L52: =M52+N52+O52+P52+V52 | M52: 4.649734 | N52: 2.774661 | O52: 0.224616 | P52: 0.300832 | Q52: =S52-I52 | R52: =Q52-7.5 | S52: 9.6146984 | T52: =U52-U51 | U52: 10.667 | V52: 0.503086 | W52: 8.8407917 | X52: =W52-Z52 | Y52: 8.9771395 | Z52: 8.0668869 | AA52: 7.9408636 | AB52: =AC52-AC51 | AC52: 11.5367 | AD52: 0.35544881 | AE52: 14.246422 | AF52: 9.6062145 | AG52: 10.608992 | AH52: 4.012007 | AI52: 1.737075 | AJ52: 0.866597 | AK52: 0.582008 | AL52: 0.348971 | AM52: 0.034708 | AN52: 3.2615099 | AO52: 1087.79 | AP52: 3597.75
A53: 2015 | B53: =J53+AH53 | C53: =H53 - (J53 + K53 + AH53) | D53: =H53 - 16 | E53: 1.363158 | F53: 0.0037299956 | G53: 2.221053 | H53: 13.422607 | I53: 1.5 | J53: =MIN(7.5, L53) | K53: =MAX(0, L53 - 7.5) | L53: =M53+N53+O53+P53+V53 | M53: 4.620756 | N53: 2.604732 | O53: 0.222729 | P53: 0.300894 | Q53: =S53-I53 | R53: =Q53-7.5 | S53: 9.4143105 | T53: =U53-U52 | U53: 10.0865 | V53: 0.483534 | W53: 9.6354847 | X53: =W53-Z53 | Y53: 9.02598 | Z53: 8.9187422 | AA53: 8.7956591 | AB53: =AC53-AC52 | AC53: 11.8266 | AD53: 0.36929849 | AE53: 13.016508 | AF53: 9.4780216 | AG53: 9.8486338 | AH53: 3.97645 | AI53: 1.578059 | AJ53: 0.931278 | AK53: 0.633737 | AL53: 0.343895 | AM53: 0.028708 | AN53: 3.2253499 | AO53: 1080.91 | AP53: 3600.8
A54: 2016 | B54: =J54+AH54 | C54: =H54 - (J54 + K54 + AH54) | D54: =H54 - 16 | E54: 1.3646892 | F54: 0.0072768102 | G54: 1.958742 | H54: 13.843877 | I54: 1.5 | J54: =MIN(7.5, L54) | K54: =MAX(0, L54 - 7.5) | L54: =M54+N54+O54+P54+V54 | M54: 4.381101 | N54: 2.612833 | O54: 0.238326 | P54: 0.303913 | Q54: =S54-I54 | R54: =Q54-7.5 | S54: 9.2754078 | T54: =U54-U53 | U54: 10.079 | V54: 0.465653 | W54: 10.075 | X54: =W54-Z54 | Y54: 9.0922012 | Z54: 9.3390369 | AA54: 9.2147903 | AB54: =AC54-AC53 | AC54: 11.7969 | AD54: 0.37954184 | AE54: 13.418884 | AF54: 9.5622807 | AG54: 9.4571581 | AH54: 4.308611 | AI54: 1.933417 | AJ54: 0.934281 | AK54: 0.598842 | AL54: 0.344958 | AM54: 0.028461 | AN54: 3.1303899 | AO54: 1080.8199 | AP54: 3600.49
A55: 2017 | B55: =J55+AH55 | C55: =H55 - (J55 + K55 + AH55) | D55: =H55 - 16 | E55: 1.3819294 | F55: 0.0058928179 | G55: 2.119354 | H55: 16.767842 | I55: 1.5 | J55: =MIN(7.5, L55) | K55: =MAX(0, L55 - 7.5) | L55: =M55+N55+O55+P55+V55 | M55: 4.026515 | N55: 2.509503 | O55: 0.243425 | P55: 0.310492 | Q55: =S55-I55 | R55: =Q55-7.5 | S55: 8.7298965 | T55: =U55-U54 | U55: 10.2209 | V55: 0.492659 | W55: 9.7021494 | X55: =W55-Z55 | Y55: 9.1417522 | Z55: 8.8612423 | AA55: 8.7604866 | AB55: =AC55-AC54 | AC55: 14.0676 | AD55: 0.42116496 | AE55: 16.295678 | AF55: 11.634028 | AG55: 11.975185 | AH55: 4.709288 | AI55: 2.044902 | AJ55: 1.014582 | AK55: 0.652482 | AL55: 0.456076 | AM55: 0.028859 | AN55: 3.34322 | AO55: 1082.52 | AP55: 3622.8501
A56: 2018 | B56: =J56+AH56 | C56: =H56 - (J56 + K56 + AH56) | D56: =H56 - 16 | E56: 1.3704294 | F56: 0.0081096347 | G56: 1.944255 | H56: 8.645903 | I56: 1.493327 | J56: =MIN(7.5, L56) | K56: =MAX(0, L56 - 7.5) | L56: =M56+N56+O56+P56+V56 | M56: 4.265525 | N56: 2.63226 | O56: 0.244103 | P56: 0.311477 | Q56: =S56-I56 | R56: =Q56-7.5 | S56: 9.1165733 | T56: =U56-U55 | U56: 10.1323 | V56: 0.48382 | W56: 9.9568052 | X56: =W56-Z56 | Y56: 9.1338034 | Z56: 9.2345285 | AA56: 9.0177784 | AB56: =AC56-AC55 | AC56: 10.0989 | AD56: 0.36276132 | AE56: 8.440932 | AF56: 5.0942898 | AG56: 4.311049 | AH56: 4.540771 | AI56: 2.069402 | AJ56: 0.931346 | AK56: 0.712196 | AL56: 0.346425 | AM56: 0.029175 | AN56: 3.2532001 | AO56: 1081.46 | AP56: 3581.8501
... A58: 2020 | B58: =J58+AH58 | C58: =H58 - (J58 + K58 + AH58) | D58: =H58 - 16 | E58: 1.3810706 | F58: 0.0061861109 | G58: 2.170342 | H58: 9.685005 | I58: 1.432606 | J58: =MIN(7.5, L58) | K58: =MAX(0, L58 - 7.5) | L58: =M58+N58+O58+P58+V58 | M58: 4.059911 | N58: 2.470776 | O58: 0.255568 | P58: 0.309189 | Q58: =S58-I58 | R58: =Q58-7.5 | S58: 8.7823801 | T58: =U58-U57 | U58: 10.3216 | V58: 0.51505 | W58: 9.0965786 | X58: =W58-Z58 | Y58: 9.2157793 | Z58: 8.4388838 | AA58: 8.2279396 | AB58: =AC58-AC57 | AC58: 10.13 | AD58: 0.35885969 | AE58: 9.557982 | AF58: 5.9150419 | AG58: 5.347199 | AH58: 4.851257 | AI58: 2.162487 | AJ58: 1.119833 | AK58: 0.727253 | AL58: 0.385091 | AM58: 0.01016 | AN58: 3.1568799 | AO58: 1083.72 | AP58: 3582.21
A59: 2021 | B59: =J59+AH59 | C59: =H59 - (J59 + K59 + AH59) | D59: =H59 - 16 | E59: 1.3849384 | F59: 0.0065363683 | G59: 2.267632 | H59: =AE59 + 0.8 | I59: 1.455061 | J59: =MIN(7.5, L59) | K59: =MAX(0, L59 - 7.5) | L59: =M59+N59+O59+P59+V59 | M59: 4.404727 | N59: 2.425736 | O59: 0.242168 | P59: 0.313849 | Q59: =S59-I59 | R59: =Q59-7.5 | S59: 9.1438847 | T59: =U59-U58 | U59: 8.9150496 | V59: 0.472843 | W59: 8.5525961 | X59: =W59-Z59 | Y59: 8.6141834 | Z59: 7.830379 | AA59: 7.8114614 | AB59: =AC59-AC58 | AC59: 6.71312 | AD59: 0.25150827 | AE59: 7.818 | AF59: 4.3726931 | AG59: 3.9091606 | AH59: 3.928805 | AI59: 1.804285 | AJ59: 0.834521 | AK59: 0.590286 | AL59: 0.3546 | AM59: 0.010907 | AN59: 2.8998799 | AO59: 1066.39 | AP59: 3537.3301
A60: 2022 | B60: =J60+AH60 | C60: =H60 - (J60 + K60 + AH60) | D60: =H60 - 16 | E60: 1.3304883 | F60: 0.005927111 | G60: 2.351372 | H60: =AE60 + 0.8 | I60: 1.45 | J60: =MIN(7.5, L60) | K60: =MAX(0, L60 - 7.5) | L60: =M60+N60+O60+P60+V60 | M60: 4.424247 | N60: 2.014176 | O60: 0.22367 | P60: 0.309112 | Q60: =S60-I60 | R60: =Q60-7.5 | S60: 8.7423534 | T60: =U60-U59 | U60: 7.3133702 | V60: 0.427229 | W60: 7.8089972 | X60: =W60-Z60 | Y60: 8.4935589 | Z60: 7.0422115 | AA60: 6.9461093 | AB60: =AC60-AC59 | AC60: 5.53055 | AD60: 0.19206092 | AE60: 10.11 | AF60: 6.343327 | AG60: 6.2235346 | AH60: 4.051607 | AI60: 1.846994 | AJ60: 0.912415 | AK60: 0.66637 | AL60: 0.347348 | AM60: 0.010676 | AN60: 2.5401101 | AO60: 1044.8199 | AP60: 3524.75
A61: 2023 | B61: =J61+AH61 | C61: =H61 - (J61 + K61 + AH61) | D61: =H61 - 16 | E61: 1.3115782 | F61: 0.093201078 | G61: 2.495973 | H61: =AE61 + 0.8 | I61: 0 | J61: =MIN(7.5, L61) | K61: =MAX(0, L61 - 7.5) | L61: =M61+N61+O61+P61+V61 | M61: 3.699155 | N61: 1.889517 | O61: 0.186844 | P61: 0.302403 | Q61: =S61-I61 | R61: =Q61-7.5 | S61: 7.4454684 | T61: =U61-U60 | U61: 9.04527 | V61: 0.427826 | W61: 9.5928211 | X61: =W61-Z61 | Y61: 8.569912 | Z61: 8.7697649 | AA61: 8.633275 | AB61: =AC61-AC60 | AC61: 8.44067 | AD61: 0.24958065 | AE61: 17.389 | AF61: 12.02579 | AG61: 13.381663 | AH61: 4.712049 | AI61: 2.301726 | AJ61: 1.049098 | AK61: 0.589642 | AL61: 0.424347 | AM61: 0.012329 | AN61: 3.1771801 | AO61: 1068.05 | AP61: 3568.97
A62: 2024 | B62: =J62+AH62 | C62: =H62 - (J62 + K62 + AH62) | D62: =H62 - 16 | E62: 1.2026565 | F62: 0.0092842579 | G62: 2.380956 | H62: =AE62 + 0.8 | I62: 1.45 | J62: =MIN(7.5, L62) | K62: =MAX(0, L62 - 7.5) | L62: =M62+N62+O62+P62+V62 | M62: 3.943741 | N62: 1.934518 | O62: 0.212428 | P62: 0.310621 | Q62: =S62-I62 | R62: =Q62-7.5 | S62: 7.8538828 | T62: =U62-U61 | U62: 8.6745501 | V62: 0.465976 | W62: 8.2414703 | X62: =W62-Z62 | Y62: 8.5147238 | Z62: 7.5150089 | AA62: 7.4866552 | AB62: =AC62-AC61 | AC62: 8.66889 | AD62: 0.27070111 | AE62: 12.132 | AF62: 8.0038376 | AG62: 7.9322734 | AH62: 4.472497 | AI62: 1.917325 | AJ62: 1.154042 | AK62: 0.686759 | AL62: 0.345359 | AM62: 0.012436 | AN62: 3.12007 | AO62: 1063.29 | AP62: 3571.99
A63: Avg | B63: =AVERAGE(B2:B62) | C63: =AVERAGE(C2:C62) | D63: =AVERAGE(D2:D62) | E63: =AVERAGE(E2:E62) | F63: =AVERAGE(F2:F62) | G63: =AVERAGE(G2:G62) | H63: =AVERAGE(H2:H62) | I63: =AVERAGE(I2:I62) | ... AP63: =AVERAGE(AP2:AP62)

Sheet III(c)
A1: Year | B1: III(c) | C1: = | D1: Natural Imperial | E1: - ( | F1: LOWER CU | G1: + | H1: UPPER CU | I1: ) | J1: MX TREATY | K1: Hoover Release | L1: Glen Canyon Release
A2: 1964 | B2: =D2-( F2 + H2) | C2: = | D2: 10.69969 | E2: - ( | F2: ='Compact'!G2 + 'Compact'!I2 | G2: + | H2: ='Compact'!V2 | I2: ) | J2: ='Compact'!H2
A3: 1965 | B3: =D3-( F3 + H3) | C3: = | D3: 20.840676 | E3: - ( | F3: ='Compact'!G3 + 'Compact'!I3 | G3: + | H3: ='Compact'!V3 | I3: ) | J3: ='Compact'!H3
A4: 1966 | B4: =D4-( F4 + H4) | C4: = | D4: 11.234654 | E4: - ( | F4: ='Compact'!G4 + 'Compact'!I4 | G4: + | H4: ='Compact'!V4 | I4: ) | J4: ='Compact'!H4 | K4: 7.781
A5: 1967 | B5: =D5-( F5 + H5) | C5: = | D5: 12.290233 | E5: - ( | F5: ='Compact'!G5 + 'Compact'!I5 | G5: + | H5: ='Compact'!V5 | I5: ) | J5: ='Compact'!H5 | K5: 7.932
A6: 1968 | B6: =D6-( F6 + H6) | C6: = | D6: 14.389854 | E6: - ( | F6: ='Compact'!G6 + 'Compact'!I6 | G6: + | H6: ='Compact'!V6 | I6: ) | J6: ='Compact'!H6 | K6: 7.838
A7: 1969 | B7: =D7-( F7 + H7) | C7: = | D7: 15.891007 | E7: - ( | F7: ='Compact'!G7 + 'Compact'!I7 | G7: + | H7: ='Compact'!V7 | I7: ) | J7: ='Compact'!H7 | K7: 7.892
A8: 1970 | B8: =D8-( F8 + H8) | C8: = | D8: 15.626758 | E8: - ( | F8: ='Compact'!G8 + 'Compact'!I8 | G8: + | H8: ='Compact'!V8 | I8: ) | J8: ='Compact'!H8 | K8: 8.023
A9: 1971 | B9: =D9-( F9 + H9) | C9: = | D9: 15.348401 | E9: - ( | F9: ='Compact'!G9 + 'Compact'!I9 | G9: + | H9: ='Compact'!V9 | I9: ) | J9: ='Compact'!H9 | K9: 8.164
A10: 1972 | B10: =D10-( F10 + H10) | C10: = | D10: 13.590672 | E10: - ( | F10: ='Compact'!G10 + 'Compact'!I10 | G10: + | H10: ='Compact'!V10 | I10: ) | J10: ='Compact'!H10 | K10: 8.099
A11: 1973 | B11: =D11-( F11 + H11) | C11: = | D11: 19.182018 | E11: - ( | F11: ='Compact'!G11 + 'Compact'!I11 | G11: + | H11: ='Compact'!V11 | I11: ) | J11: ='Compact'!H11 | K11: 8.302
A12: 1974 | B12: =D12-( F12 + H12) | C12: = | D12: 13.219729 | E12: - ( | F12: ='Compact'!G12 + 'Compact'!I12 | G12: + | H12: ='Compact'!V12 | I12: ) | J12: ='Compact'!H12 | K12: 8.732
A13: 1975 | B13: =D13-( F13 + H13) | C13: = | D13: 16.79327 | E13: - ( | F13: ='Compact'!G13 + 'Compact'!I13 | G13: + | H13: ='Compact'!V13 | I13: ) | J13: ='Compact'!H13 | K13: 8.367
A14: 1976 | B14: =D14-( F14 + H14) | C14: = | D14: 11.603972 | E14: - ( | F14: ='Compact'!G14 + 'Compact'!I14 | G14: + | H14: ='Compact'!V14 | I14: ) | J14: ='Compact'!H14 | K14: 7.927
A15: 1977 | B15: =D15-( F15 + H15) | C15: = | D15: 5.941876 | E15: - ( | F15: ='Compact'!G15 + 'Compact'!I15 | G15: + | H15: ='Compact'!V15 | I15: ) | J15: ='Compact'!H15 | K15: 7.873
... A27: 1989 | B27: =D27-( F27 + H27) | C27: = | D27: 10.198378 | E27: - ( | F27: ='Compact'!G27 + 'Compact'!I27 | G27: + | H27: ='Compact'!V27 | I27: ) | J27: ='Compact'!H27 | K27: 9.225
A28: 1990 | B28: =D28-( F28 + H28) | C28: = | D28: 9.973037 | E28: - ( | F28: ='Compact'!G28 + 'Compact'!I28 | G28: + | H28: ='Compact'!V28 | I28: ) | J28: ='Compact'!H28 | K28: 9.2049 | L28: 7.8931
A29: 1991 | B29: =D29-( F29 + H29) | C29: = | D29: 13.088763 | E29: - ( | F29: ='Compact'!G29 + 'Compact'!I29 | G29: + | H29: ='Compact'!V29 | I29: ) | J29: ='Compact'!H29 | K29: 8.9525 | L29: 8.3844
A30: 1992 | B30: =D30-( F30 + H30) | C30: = | D30: 12.229797 | E30: - ( | F30: ='Compact'!G30 + 'Compact'!I30 | G30: + | H30: ='Compact'!V30 | I30: ) | J30: ='Compact'!H30 | K30: 7.8273 | L30: 7.9353
A31: 1993 | B31: =D31-( F31 + H31) | C31: = | D31: 21.35594 | E31: - ( | F31: ='Compact'!G31 + 'Compact'!I31 | G31: + | H31: ='Compact'!V31 | I31: ) | J31: ='Compact'!H31 | K31: 7.4449 | L31: 8.2465
A32: 1994 | B32: =D32-( F32 + H32) | C32: = | D32: 11.055286 | E32: - ( | F32: ='Compact'!G32 + 'Compact'!I32 | G32: + | H32: ='Compact'!V32 | I32: ) | J32: ='Compact'!H32 | K32: 9.3519 | L32: 8.0672
A33: 1995 | B33: =D33-( F33 + H33) | C33: = | D33: 21.332581 | E33: - ( | F33: ='Compact'!G33 + 'Compact'!I33 | G33: + | H33: ='Compact'!V33 | I33: ) | J33: ='Compact'!H33 | K33: 8.5449 | L33: 10.2055
A34: 1996 | B34: =D34-( F34 + H34) | C34: = | D34: 14.554965 | E34: - ( | F34: ='Compact'!G34 + 'Compact'!I34 | G34: + | H34: ='Compact'!V34 | I34: ) | J34: ='Compact'!H34 | K34: 9.9721 | L34: 11.0251
A35: 1997 | B35: =D35-( F35 + H35) | C35: = | D35: 22.038502 | E35: - ( | F35: ='Compact'!G35 + 'Compact'!I35 | G35: + | H35: ='Compact'!V35 | I35: ) | J35: ='Compact'!H35 | K35: 11.6691 | L35: 15.246
A36: 1998 | B36: =D36-( F36 + H36) | C36: = | D36: 17.414778 | E36: - ( | F36: ='Compact'!G36 + 'Compact'!I36 | G36: + | H36: ='Compact'!V36 | I36: ) | J36: ='Compact'!H36 | K36: 12.7747 | L36: 12.4565
A37: 1999 | B37: =D37-( F37 + H37) | C37: = | D37: 16.377268 | E37: - ( | F37: ='Compact'!G37 + 'Compact'!I37 | G37: + | H37: ='Compact'!V37 | I37: ) | J37: ='Compact'!H37 | K37: 11.033 | L37: 11.8963
A38: 2000 | B38: =D38-( F38 + H38) | C38: = | D38: 10.811978 | E38: - ( | F38: ='Compact'!G38 + 'Compact'!I38 | G38: + | H38: ='Compact'!V38 | I38: ) | J38: ='Compact'!H38 | K38: 10.692 | L38: 8.6559
A39: 2001 | B39: =D39-( F39 + H39) | C39: = | D39: 11.168315 | E39: - ( | F39: ='Compact'!G39 + 'Compact'!I39 | G39: + | H39: ='Compact'!V39 | I39: ) | J39: ='Compact'!H39 | K39: 10.2094 | L39: 8.0907
... A59: 2021 | B59: =D59-( F59 + H59) | C59: = | D59: 7.818 | E59: - ( | F59: ='Compact'!G59 + 'Compact'!I59 | G59: + | H59: ='Compact'!V59 | I59: ) | J59: ='Compact'!H59 | K59: 9.144952 | L59: 7.811461
A60: 2022 | B60: =D60-( F60 + H60) | C60: = | D60: 10.11 | E60: - ( | F60: ='Compact'!G60 + 'Compact'!I60 | G60: + | H60: ='Compact'!V60 | I60: ) | J60: ='Compact'!H60 | K60: 8.74239
A61: 2023 | B61: =D61-( F61 + H61) | C61: = | D61: 17.389 | E61: - ( | F61: ='Compact'!G61 + 'Compact'!I61 | G61: + | H61: ='Compact'!V61 | I61: ) | J61: ='Compact'!H61 | K61: 7.444923
A62: 2024 | B62: =D62-( F62 + H62) | C62: = | D62: 12.132 | E62: - ( | F62: ='Compact'!G62 + 'Compact'!I62 | G62: + | H62: ='Compact'!V62 | I62: ) | J62: ='Compact'!H62 | K62: 7.854363

Sheet III(d)
A1: Year | B1: III(d) | C1: Lees Ferry USGS | D1: Natural Lees Ferry | E1: III(c) | F1: III(c) AZ | G1: Mexico
A2: 1964 | B2: 8.9696894 | C2: 3.2433085 | D2: 10.414057
A3: 1965 | B3: 9.4316549 | C3: 11.586019 | D3: 19.416659
A4: 1966 | B4: 9.3396969 | C4: 7.7386441 | D4: 10.162126
A5: 1967 | B5: 8.2254925 | C5: 7.5599742 | D5: 11.505464
A6: 1968 | B6: 7.7918692 | C6: 8.8036032 | D6: 13.6545
A7: 1969 | B7: 7.9936051 | C7: 9.0775776 | D7: 14.915964
A8: 1970 | B8: 7.9285078 | C8: 8.1390247 | D8: 14.947995
A9: 1971 | B9: 8.1228495 | C9: 9.2583113 | D9: 14.898633
A10: 1972 | B10: 7.6134939 | C10: 9.3448286 | D10: 13.114747
A11: 1973 | B11: 8.3795376 | C11: 9.0440969 | D11: 18.042449
A12: 1974 | B12: 8.9439497 | C12: 8.8874245 | D12: 12.909536
A13: 1975 | B13: 8.6813822 | C13: 8.9603357 | D13: 16.494364
... A62: 2024 | B62: 8.5147238 | C62: 7.5150089 | D62: 12.132
A63: 2025 | B63: 8.3646173 | C63: 7.4176803

Sheet LB Mainstem CUL
A1: Year | B1: CA Total CUL | C1: CA Agriculture CUL | D1: CA M I Other CUL | E1: CA Outside System CUL | F1: AZ Total CUL | G1: AZ Agriculture CUL | H1: AZ M I Other CUL | I1: AZ Power CUL | J1: AZ Within SystemCUL | K1: NV Total CUL | L1: NV Agriculture CUL | M1: NV M I Other CUL | N1: NV Power CUL
A2: 1971 | B2: =SUM(C2:E2) | C2: 477647 | D2: 4535 | E2: 4650590 | F2: =SUM(G2:J2) | G2: 1169730 | H2: 14323 | I2: 0 | J2: 0 | K2: =SUM(L2:N2) | L2: 0 | M2: 45092 | N2: 5446
A3: 1972 | B3: =SUM(C3:E3) | C3: 456036 | D3: 4539 | E3: 4689386 | F3: =SUM(G3:J3) | G3: 1072720 | H3: 16452 | I3: 0 | J3: 0 | K3: =SUM(L3:N3) | L3: 0 | M3: 69816 | N3: 11169
A4: 1973 | B4: =SUM(C4:E4) | C4: 485593 | D4: 4702 | E4: 4740395 | F4: =SUM(G4:J4) | G4: 1126177 | H4: 16222 | I4: 0 | J4: 0 | K4: =SUM(L4:N4) | L4: 6 | M4: 80376 | N4: 12187
A5: 1974 | B5: =SUM(C5:E5) | C5: 472003 | D5: 4427 | E5: 4852629 | F5: =SUM(G5:J5) | G5: 1181289 | H5: 17559 | I5: 0 | J5: 0 | K5: =SUM(L5:N5) | L5: 38 | M5: 81367 | N5: 13440
A6: 1975 | B6: =SUM(C6:E6) | C6: 469329 | D6: 4481 | E6: 4420456 | F6: =SUM(G6:J6) | G6: 1217125 | H6: 12653 | I6: 0 | J6: 0 | K6: =SUM(L6:N6) | L6: 6 | M6: 86783 | N6: 14422
A7: 1976 | B7: =SUM(C7:E7) | C7: 419274 | D7: 4296 | E7: 4192642 | F7: =SUM(G7:J7) | G7: 1112531 | H7: 12318 | I7: 0 | J7: 0 | K7: =SUM(L7:N7) | L7: 4 | M7: 58401 | N7: 14709
A8: 1977 | B8: =SUM(C8:E8) | C8: 449215 | D8: 4551 | E8: 4557588 | F8: =SUM(G8:J8) | G8: 1091183 | H8: 14245 | I8: 0 | J8: 0 | K8: =SUM(L8:N8) | L8: 5 | M8: 58777 | N8: 14327
A9: 1978 | B9: =SUM(C9:E9) | C9: 438979 | D9: 3846 | E9: 3976549 | F9: =SUM(G9:J9) | G9: 1099528 | H9: 15530 | I9: 0 | J9: 0 | K9: =SUM(L9:N9) | L9: 6 | M9: 62168 | N9: 9053
A10: 1979 | B10: =SUM(C10:E10) | C10: 476865 | D10: 1982 | E10: 4223725 | F10: =SUM(G10:J10) | G10: 1006709 | H10: 14507 | I10: 0 | J10: 0 | K10: =SUM(L10:N10) | L10: 6 | M10: 76820 | N10: 11934
A11: 1980 | B11: =SUM(C11:E11) | C11: 444197 | D11: 2770 | E11: 4194717 | F11: =SUM(G11:J11) | G11: 1061888 | H11: 15538 | I11: 0 | J11: 0 | K11: =SUM(L11:N11) | L11: 5 | M11: 82194 | N11: 10163
A12: 1981 | B12: =SUM(C12:E12) | C12: 535481 | D12: 3078 | E12: 4150884 | F12: =SUM(G12:J12) | G12: 1245861 | H12: 16672 | I12: 0 | J12: 0 | K12: =SUM(L12:N12) | L12: 5 | M12: 95957 | N12: 13983
A13: 1982 | B13: =SUM(C13:E13) | C13: 473864 | D13: 3450 | E13: 3733397 | F13: =SUM(G13:J13) | G13: 1085897 | H13: 14602 | I13: 0 | J13: 0 | K13: =SUM(L13:N13) | L13: 4 | M13: 84953 | N13: 17294
... A55: 2024 | B55: =SUM(C55:E55) | C55: 353361 | D55: 2295 | E55: 3588082 | F55: =SUM(G55:J55) | G55: 1006460 | H55: 44374 | I55: 0 | J55: 883684 | K55: =SUM(L55:N55) | L55: 1632 | M55: 211604 | N55: 0
A56: Avg | B56: =AVERAGE(B2:B55) | C56: =AVERAGE(C2:C55) | D56: =AVERAGE(D2:D55) | E56: =AVERAGE(E2:E55) | F56: =AVERAGE(F2:F55) | G56: =AVERAGE(G2:G55) | H56: =AVERAGE(H2:H55) | I56: =AVERAGE(I2:I55) | ... N56: =AVERAGE(N2:N55)

Sheet LB Tributary CUL
A1: Year | B1: LB Tributary CUL | C1: AZ Tributary CUL | D1: NV Tributary CUL | E1: UT Tributary CUL | F1: NM Tributary CUL | G1: USGS Gila Dome | H1: Gila CUL | I1: AZ Gila CUL | J1: NM Gila CUL | K1: USGS LC Cameron | L1: Little Colorado CUL | M1: AZ LC CUL | N1: NM LC CUL | O1: USGS Virgin Littlefield | P1: Virgin CUL | Q1: AZ Virgin CUL | R1: NV Virgin CUL | S1: UT Virgin CUL | T1: USGS Bill Williams | U1: AZ Bill Williams CUL | V1: USGS Muddy Moapa | W1: NV Muddy CUL | X1: AZ Trib Below Lake Mead CUL | Y1: NV Trib Above Lake Mead CUL | Z1: UT Trib Above Lake Mead CUL
A2: 1971 | B2: =C2+D2+E2+F2 | C2: =I2+M2+Q2+U2+X2 | D2: =R2+W2+Y2 | E2: =S2+Z2 | F2: =J2+N2 | G2: 3759.6843 | H2: =I2+J2 | I2: 2781390 | J2: 17552 | L2: =M2+N2 | M2: 81305 | N2: 10656 | O2: 113572.86 | P2: =Q2+R2+S2 | Q2: 5293 | R2: 9357 | S2: 35245 | U2: 16206 | V2: 28466.604 | W2: 53875 | X2: 5903 | Y2: 39077 | Z2: 5257
A3: 1972 | B3: =C3+D3+E3+F3 | C3: =I3+M3+Q3+U3+X3 | D3: =R3+W3+Y3 | E3: =S3+Z3 | F3: =J3+N3 | G3: 3362.3579 | H3: =I3+J3 | I3: 3020368 | J3: 19540 | L3: =M3+N3 | M3: 88042 | N3: 11058 | O3: 128371.45 | P3: =Q3+R3+S3 | Q3: 5810 | R3: 10341 | S3: 39017 | U3: 17350 | V3: 33151.535 | W3: 58922 | X3: 6035 | Y3: 21177 | Z3: 5824
A4: 1973 | B4: =C4+D4+E4+F4 | C4: =I4+M4+Q4+U4+X4 | D4: =R4+W4+Y4 | E4: =S4+Z4 | F4: =J4+N4 | G4: 104580.86 | H4: =I4+J4 | I4: 3184411 | J4: 21298 | L4: =M4+N4 | M4: 97963 | N4: 11247 | O4: 306434.5 | P4: =Q4+R4+S4 | Q4: 5933 | R4: 10484 | S4: 43818 | U4: 17772 | V4: 31455.676 | W4: 59205 | X4: 6339 | Y4: 17142 | Z4: 5913
A5: 1974 | B5: =C5+D5+E5+F5 | C5: =I5+M5+Q5+U5+X5 | D5: =R5+W5+Y5 | E5: =S5+Z5 | F5: =J5+N5 | G5: 1360.5339 | H5: =I5+J5 | I5: 3275182 | J5: 23334 | L5: =M5+N5 | M5: 103213 | N5: 11551 | O5: 92873.484 | P5: =Q5+R5+S5 | Q5: 6380 | R5: 10996 | S5: 49343 | U5: 21849 | V5: 29051.725 | W5: 76608 | X5: 6045 | Y5: 22183 | Z5: 6158
A6: 1975 | B6: =C6+D6+E6+F6 | C6: =I6+M6+Q6+U6+X6 | D6: =R6+W6+Y6 | E6: =S6+Z6 | F6: =J6+N6 | G6: 1158.5975 | H6: =I6+J6 | I6: 3507102 | J6: 21182 | L6: =M6+N6 | M6: 115855 | N6: 12072 | O6: 102550.78 | P6: =Q6+R6+S6 | Q6: 6141 | R6: 11018 | S6: 52721 | U6: 18237 | V6: 28301.977 | W6: 82853 | X6: 8085 | Y6: 45833 | Z6: 8662
A7: 1976 | B7: =C7+D7+E7+F7 | C7: =I7+M7+Q7+U7+X7 | D7: =R7+W7+Y7 | E7: =S7+Z7 | F7: =J7+N7 | G7: 1251.8206 | H7: =I7+J7 | I7: 3278065 | J7: 23250 | L7: =M7+N7 | M7: 114509 | N7: 10527 | O7: 97179.57 | P7: =Q7+R7+S7 | Q7: 6216 | R7: 11697 | S7: 47791 | U7: 21144 | V7: 30440.145 | W7: 77904 | X7: 7273 | Y7: 44798 | Z7: 6499
A8: 1977 | B8: =C8+D8+E8+F8 | C8: =I8+M8+Q8+U8+X8 | D8: =R8+W8+Y8 | E8: =S8+Z8 | F8: =J8+N8 | G8: 3077.7927 | H8: =I8+J8 | I8: 3294186 | J8: 21495 | L8: =M8+N8 | M8: 100981 | N8: 10693 | O8: 73078.562 | P8: =Q8+R8+S8 | Q8: 7024 | R8: 12954 | S8: 57854 | U8: 23376 | V8: 25749.266 | W8: 95385 | X8: 9828 | Y8: 45133 | Z8: 12087
A9: 1978 | B9: =C9+D9+E9+F9 | C9: =I9+M9+Q9+U9+X9 | D9: =R9+W9+Y9 | E9: =S9+Z9 | F9: =J9+N9 | G9: 773.80688 | H9: =I9+J9 | I9: 3091635 | J9: 23263 | L9: =M9+N9 | M9: 108736 | N9: 10358 | O9: 269589.75 | P9: =Q9+R9+S9 | Q9: 6780 | R9: 11886 | S9: 64792 | U9: 40475 | V9: 26713.227 | W9: 79203 | X9: 10009 | Y9: 44330 | Z9: 10153
A10: 1979 | B10: =C10+D10+E10+F10 | C10: =I10+M10+Q10+U10+X10 | D10: =R10+W10+Y10 | E10: =S10+Z10 | F10: =J10+N10 | G10: 1442992.8 | H10: =I10+J10 | I10: 3481764 | J10: 16962 | L10: =M10+N10 | M10: 114526 | N10: 10805 | O10: 305260.28 | P10: =Q10+R10+S10 | Q10: 7567 | R10: 11525 | S10: 61340 | U10: 46992 | V10: 28829.576 | W10: 81791 | X10: 10088 | Y10: 48624 | Z10: 6141
A11: 1980 | B11: =C11+D11+E11+F11 | C11: =I11+M11+Q11+U11+X11 | D11: =R11+W11+Y11 | E11: =S11+Z11 | F11: =J11+N11 | G11: 1844579.1 | H11: =I11+J11 | I11: 3589613 | J11: 22072 | L11: =M11+N11 | M11: 126317 | N11: 10961 | O11: 469415.31 | P11: =Q11+R11+S11 | Q11: 8210 | R11: 12940 | S11: 81570 | U11: 47780 | V11: 28704.619 | W11: 109971 | X11: 11846 | Y11: 46624 | Z11: 14377
A12: 1981 | B12: =C12+D12+E12+F12 | C12: =I12+M12+Q12+U12+X12 | D12: =R12+W12+Y12 | E12: =S12+Z12 | F12: =J12+N12 | G12: 28605.438 | H12: =I12+J12 | I12: 3638134 | J12: 22939 | K12: 68512.055 | L12: =M12+N12 | M12: 123668 | N12: 11400 | O12: 151647.34 | P12: =Q12+R12+S12 | Q12: 8338 | R12: 11845 | S12: 68667 | U12: 37586 | V12: 27496.691 | W12: 103659 | X12: 11410 | Y12: 46800 | Z12: 11767
A13: 1982 | B13: =C13+D13+E13+F13 | C13: =I13+M13+Q13+U13+X13 | D13: =R13+W13+Y13 | E13: =S13+Z13 | F13: =J13+N13 | G13: 4773.5889 | H13: =I13+J13 | I13: 3162957 | J13: 19607 | K13: 231172.12 | L13: =M13+N13 | M13: 117870 | N13: 11432 | O13: 191019 | P13: =Q13+R13+S13 | Q13: 7122 | R13: 10018 | S13: 56835 | U13: 32725 | V13: 27254.711 | W13: 81035 | X13: 10235 | Y13: 39420 | Z13: 9950
A14: 1983 | B14: =C14+D14+E14+F14 | C14: =I14+M14+Q14+U14+X14 | D14: =R14+W14+Y14 | E14: =S14+Z14 | F14: =J14+N14 | G14: 928380.06 | H14: =I14+J14 | I14: 3425072 | J14: 18351 | K14: 351255.72 | L14: =M14+N14 | M14: 121200 | N14: 11473 | O14: 506426.66 | P14: =Q14+R14+S14 | Q14: 7132 | R14: 12058 | S14: 74665 | U14: 40684 | V14: 28793.875 | W14: 98854 | X14: 10258 | Y14: 62327 | Z14: 11014
A15: 1984 | B15: =C15+D15+E15+F15 | C15: =I15+M15+Q15+U15+X15 | D15: =R15+W15+Y15 | E15: =S15+Z15 | F15: =J15+N15 | G15: 266011.84 | H15: =I15+J15 | I15: 3094634 | J15: 17983 | K15: 196133.03 | L15: =M15+N15 | M15: 140775 | N15: 11620 | O15: 170555.66 | P15: =Q15+R15+S15 | Q15: 6422 | R15: 11542 | S15: 68336 | U15: 35207 | V15: 28428.918 | W15: 97417 | X15: 10733 | Y15: 61894 | Z15: 10011
A16: 1985 | B16: =C16+D16+E16+F16 | C16: =I16+M16+Q16+U16+X16 | D16: =R16+W16+Y16 | E16: =S16+Z16 | F16: =J16+N16 | G16: 785187.94 | H16: =I16+J16 | I16: 3499646 | J16: 19127 | K16: 252668.69 | L16: =M16+N16 | M16: 131908 | N16: 16397 | O16: 171017.8 | P16: =Q16+R16+S16 | Q16: 10663 | R16: 13520 | S16: 99392 | U16: 46744 | V16: 27397.52 | W16: 104855 | X16: 12197 | Y16: 60324 | Z16: 10601
A17: 1986 | B17: =C17+D17+E17+F17 | C17: =I17+M17+Q17+U17+X17 | D17: =R17+W17+Y17 | E17: =S17+Z17 | F17: =J17+N17 | G17: 15688.365 | H17: =I17+J17 | I17: 3341719 | J17: 17994 | K17: 110490.54 | L17: =M17+N17 | M17: 129457 | N17: 15429 | O17: 147194.47 | P17: =Q17+R17+S17 | Q17: 10564 | R17: 14676 | S17: 105247 | U17: 47308 | V17: 26524.797 | W17: 132781 | X17: 14455 | Y17: 60178 | Z17: 14972
A18: 1987 | B18: =C18+D18+E18+F18 | C18: =I18+M18+Q18+U18+X18 | D18: =R18+W18+Y18 | E18: =S18+Z18 | F18: =J18+N18 | G18: 8253.9658 | H18: =I18+J18 | I18: 2895791 | J18: 17313 | K18: 173433.25 | L18: =M18+N18 | M18: 132687 | N18: 14199 | O18: 133566.12 | P18: =Q18+R18+S18 | Q18: 9612 | R18: 13247 | S18: 94123 | U18: 37186 | V18: 28383.299 | W18: 105598 | X18: 13107 | Y18: 61416 | Z18: 11035
A19: 1988 | B19: =C19+D19+E19+F19 | C19: =I19+M19+Q19+U19+X19 | D19: =R19+W19+Y19 | E19: =S19+Z19 | F19: =J19+N19 | G19: 4722.4165 | H19: =I19+J19 | I19: 2815286 | J19: 16425 | K19: 135493.12 | L19: =M19+N19 | M19: 133692 | N19: 13010 | O19: 175790 | P19: =Q19+R19+S19 | Q19: 8612 | R19: 8159 | S19: 85482 | T19: 2729.2395 | U19: 34841 | V19: 27175.371 | W19: 112425 | X19: 12487 | Y19: 63648 | Z19: 9106
A20: 1989 | B20: =C20+D20+E20+F20 | C20: =I20+M20+Q20+U20+X20 | D20: =R20+W20+Y20 | E20: =S20+Z20 | F20: =J20+N20 | G20: 11455.05 | H20: =I20+J20 | I20: 2484238 | J20: 20999 | K20: 36536.184 | L20: =M20+N20 | M20: 131141 | N20: 12175 | O20: 116409.21 | P20: =Q20+R20+S20 | Q20: 9747 | R20: 12358 | S20: 77658 | T20: 3711.2695 | U20: 36088 | V20: 23985.969 | W20: 105978 | X20: 12171 | Y20: 62596 | Z20: 8588
A21: 1990 | B21: =C21+D21+E21+F21 | C21: =I21+M21+Q21+U21+X21 | D21: =R21+W21+Y21 | E21: =S21+Z21 | F21: =J21+N21 | G21: 6030.6855 | H21: =I21+J21 | I21: 2381000 | J21: 20124 | K21: 42202.57 | L21: =M21+N21 | M21: 118194 | N21: 11012 | O21: 76099.375 | P21: =Q21+R21+S21 | Q21: 9793 | R21: 9260 | S21: 76381 | T21: 645.25897 | U21: 34870 | V21: 26598.186 | W21: 119792 | X21: 12823 | Y21: 55375 | Z21: 8149
A22: 1991 | B22: =C22+D22+E22+F22 | C22: =I22+M22+Q22+U22+X22 | D22: =R22+W22+Y22 | E22: =S22+Z22 | F22: =J22+N22 | G22: 2340.958 | H22: =I22+J22 | I22: 2843793 | J22: 18708 | K22: 128717.08 | L22: =M22+N22 | M22: 117020 | N22: 11534 | O22: 75643.172 | P22: =Q22+R22+S22 | Q22: 8595 | R22: 9821 | S22: 80525 | T22: 64690.684 | U22: 37751 | V22: 26072.568 | W22: 105565 | X22: 11680 | Y22: 59255 | Z22: 6756
A23: 1992 | B23: =C23+D23+E23+F23 | C23: =I23+M23+Q23+U23+X23 | D23: =R23+W23+Y23 | E23: =S23+Z23 | F23: =J23+N23 | G23: 184149.61 | H23: =I23+J23 | I23: 3027252 | J23: 15087 | K23: 223096.02 | L23: =M23+N23 | M23: 137999 | N23: 11715 | O23: 152200.72 | P23: =Q23+R23+S23 | Q23: 9177 | R23: 9903 | S23: 97865 | T23: 73488.117 | U23: 47122 | V23: 26943.307 | W23: 115800 | X23: 17111 | Y23: 66806 | Z23: 12904
A24: 1993 | B24: =C24+D24+E24+F24 | C24: =I24+M24+Q24+U24+X24 | D24: =R24+W24+Y24 | E24: =S24+Z24 | F24: =J24+N24 | G24: 4731732 | H24: =I24+J24 | I24: 2721953 | J24: 16615 | K24: 603044.88 | L24: =M24+N24 | M24: 143454 | N24: 11861 | O24: 439119.97 | P24: =Q24+R24+S24 | Q24: 8851 | R24: 11978 | S24: 96493 | T24: 625946.12 | U24: 55398 | V24: 29293.705 | W24: 112967 | X24: 16777 | Y24: 66283 | Z24: 11160
A25: 1994 | B25: =C25+D25+E25+F25 | C25: =I25+M25+Q25+U25+X25 | D25: =R25+W25+Y25 | E25: =S25+Z25 | F25: =J25+N25 | G25: 64316.441 | H25: =I25+J25 | I25: 2910038 | J25: 16620 | K25: 65628.219 | L25: =M25+N25 | M25: 157096 | N25: 11749 | O25: 125548.98 | P25: =Q25+R25+S25 | Q25: 8456 | R25: 10876 | S25: 97307 | T25: 9758.2246 | U25: 45456 | V25: 28492.389 | W25: 104078 | X25: 15504 | Y25: 68792 | Z25: 10008
A26: 1995 | B26: =C26+D26+E26+F26 | C26: =I26+M26+Q26+U26+X26 | D26: =R26+W26+Y26 | E26: =S26+Z26 | F26: =J26+N26 | G26: 527845.06 | H26: =I26+J26 | I26: 3389124 | J26: 20303 | K26: 172464.03 | L26: =M26+N26 | M26: 135103 | N26: 12112 | O26: 357990.56 | P26: =Q26+R26+S26 | Q26: 8189 | R26: 9625 | S26: 104370 | T26: 163939.58 | U26: 53775 | V26: 24075.225 | W26: 110437 | X26: 14957 | Y26: 67765 | Z26: 11567
A27: 1996 | B27: =C27+D27+E27+F27 | C27: =I27+M27+Q27+U27+X27 | D27: =R27+W27+Y27 | E27: =S27+Z27 | F27: =J27+N27 | G27: 9411.0742 | H27: =I27+J27 | I27: 2722888 | J27: 18920 | K27: 16992.314 | L27: =M27+N27 | M27: 135931 | N27: 12118 | O27: 113626.41 | P27: =Q27+R27+S27 | Q27: 6271 | R27: 9005 | S27: 88528 | T27: 6286.1753 | U27: 51092 | V27: 23862.996 | W27: 105501 | X27: 15143 | Y27: 72574 | Z27: 7735
A28: 1997 | B28: =C28+D28+E28+F28 | C28: =I28+M28+Q28+U28+X28 | D28: =R28+W28+Y28 | E28: =S28+Z28 | F28: =J28+N28 | G28: 16823.762 | H28: =I28+J28 | I28: 2119522 | J28: 18996 | K28: 70603.188 | L28: =M28+N28 | M28: 147018 | N28: 12100 | O28: 154033.44 | P28: =Q28+R28+S28 | Q28: 6886 | R28: 9910 | S28: 103370 | T28: 4417.1602 | U28: 46442 | V28: 25043.152 | W28: 107227 | X28: 14750 | Y28: 72145 | Z28: 12527
A29: 1998 | B29: =C29+D29+E29+F29 | C29: =I29+M29+Q29+U29+X29 | D29: =R29+W29+Y29 | E29: =S29+Z29 | F29: =J29+N29 | G29: 7995.0083 | H29: =I29+J29 | I29: 2445918 | J29: 21657 | K29: 137971.19 | L29: =M29+N29 | M29: 153086 | N29: 12219 | O29: 284592.66 | P29: =Q29+R29+S29 | Q29: 7435 | R29: 9682 | S29: 104195 | T29: 4420.9321 | U29: 51909 | V29: 25076.873 | W29: 120686 | X29: 15015 | Y29: 68887 | Z29: 11534
A30: 1999 | B30: =C30+D30+E30+F30 | C30: =I30+M30+Q30+U30+X30 | D30: =R30+W30+Y30 | E30: =S30+Z30 | F30: =J30+N30 | G30: 7014.5044 | H30: =I30+J30 | I30: 2057892 | J30: 18960 | K30: 93748.594 | L30: =M30+N30 | M30: 150888 | N30: 12505 | O30: 118212.17 | P30: =Q30+R30+S30 | Q30: 6865 | R30: 9875 | S30: 96974 | T30: 3347.0869 | U30: 49905 | V30: 24775.387 | W30: 106782 | X30: 13877 | Y30: 71824 | Z30: 9992
... A55: 2024 | B55: =C55+D55+E55+F55 | C55: =I55+M55+Q55+U55+X55 | D55: =R55+W55+Y55 | E55: =S55+Z55 | F55: =J55+N55 | G55: 9284.2578 | H55: =I55+J55 | I55: 2380956 | J55: 24125 | K55: 50470.328 | L55: =M55+N55 | M55: 101582 | N55: 12923 | O55: 122410.18 | P55: =Q55+R55+S55 | Q55: 3479 | R55: 5456 | S55: 92894 | T55: 6132 | U55: 54202 | V55: 29978.016 | W55: 87588 | X55: 14189 | Y55: 74397 | Z55: 7570
A56: Avg | B56: =AVERAGE(B2:B55) | C56: =AVERAGE(C2:C55) | D56: =AVERAGE(D2:D55) | E56: =AVERAGE(E2:E55) | F56: =AVERAGE(F2:F55) | G56: =AVERAGE(G2:G55) | H56: =AVERAGE(H2:H55) | I56: =AVERAGE(I2:I55) | ... Z56: =AVERAGE(Z2:Z55)

Sheet LB Reservoirs CUL
A1: Year | B1: Mead CUL | C1: LC Reservoir Total CUL | D1: Mohave CUL | E1: Havasu CUL | F1: Senator Wash CUL | G1: Diversion Dams CUL
A2: 1971 | B2: 669055 | C2: =D2+E2+B2+G2 | D2: 141310 | E2: 134678 | F2: 2006 | G2: 26275
A3: 1972 | B3: 686300 | C3: =D3+E3+B3+G3 | D3: 139296 | E3: 128949 | F3: 1805 | G3: 25622
A4: 1973 | B4: 777382 | C4: =D4+E4+B4+G4 | D4: 134442 | E4: 132251 | F4: 1934 | G4: 25923
A5: 1974 | B5: 744248 | C5: =D5+E5+B5+G5 | D5: 136491 | E5: 133289 | F5: 1714 | G5: 26375
A6: 1975 | B6: 770827 | C6: =D6+E6+B6+G6 | D6: 140326 | E6: 135698 | F6: 2091 | G6: 26301
A7: 1976 | B7: 756702 | C7: =D7+E7+B7+G7 | D7: 132431 | E7: 129121 | F7: 1993 | G7: 25100
A8: 1977 | B8: 769901 | C8: =D8+E8+B8+G8 | D8: 138614 | E8: 132559 | F8: 1853 | G8: 25844
A9: 1978 | B9: 726839 | C9: =D9+E9+B9+G9 | D9: 121495 | E9: 119465 | F9: 1949 | G9: 24775
A10: 1979 | B10: 820204 | C10: =D10+E10+B10+G10 | D10: 131050 | E10: 127594 | F10: 2154 | G10: 25373
A11: 1980 | B11: 820107 | C11: =D11+E11+B11+G11 | D11: 128690 | E11: 121266 | F11: 2112 | G11: 25944
A12: 1981 | B12: 823862 | C12: =D12+E12+B12+G12 | D12: 136411 | E12: 130580 | F12: 2253 | G12: 26139
A13: 1982 | B13: 828337 | C13: =D13+E13+B13+G13 | D13: 129434 | E13: 128365 | F13: 2306 | G13: 25526
... A55: 2024 | B55: 465976 | C55: =D55+E55+B55+G55 | D55: 148342 | E55: 133944 | F55: 2066 | G55: 26269
A56: Avg | B56: =AVERAGE(B2:B55) | C56: =AVERAGE(C2:C55) | D56: =AVERAGE(D2:D55) | E56: =AVERAGE(E2:E55) | F56: =AVERAGE(F2:F55) | G56: =AVERAGE(G2:G55)

Sheet Reservoirs
A1: Year | B1: Havasu | C1: Mead | D1: Powell | E1: Flaming Gorge | F1: Blue Mesa | G1: Mead Evaporation | H1: Powell Evaporation | I1: Mead Elevation | J1: Powell Elevation
A2: 1964 | B2: 0.00044564999 | C2: 11.136 | D2: 4.1096001 | E2: 1.0979 | H2: 0.11000433 | I2: 1088.14
A3: 1965 | B3: 0.0004466 | C3: 15.233 | D3: 6.5514002 | E3: 2.3952999 | H3: 0.18186438 | I3: 1129.74 | J3: 3534.6299
A4: 1966 | B4: 0.00044564999 | C4: 15.481 | D4: 5.7259002 | E4: 2.2433 | H4: 0.21390523 | I4: 1132.05 | J4: 3521.45
A5: 1967 | B5: 0.00044595002 | C5: 14.338 | D5: 6.0681 | E5: 2.2883 | F5: 0.321661 | H5: 0.19296019 | I5: 1129.84 | J5: 3527.0601
A6: 1968 | B6: 0.00044560002 | C6: 15.355 | D6: 6.8569999 | E6: 1.9151 | F6: 0.51183099 | H6: 0.22004083 | I6: 1139.65 | J6: 3539.29
A7: 1969 | B7: 0.00044564999 | C7: 16.76 | D7: 9.2915001 | E7: 1.56671 | F7: 0.65234298 | H7: 0.28730401 | I7: 1152.5 | J7: 3572.1101
A8: 1970 | B8: 0.00044599999 | C8: 16.811001 | D8: 11.7412 | E8: 1.76345 | F8: 0.64766699 | H8: 0.33806619 | I8: 1152.95 | J8: 3599.78
A9: 1971 | B9: 0.00044576 | C9: 17.645 | D9: 12.6975 | E9: 2.7068701 | F9: 0.431077 | H9: 0.39165074 | I9: 1160.13 | J9: 3609.5601
A10: 1972 | B10: 0.00044574999 | C10: 18.645 | D10: 12.3623 | E10: 3.08951 | F10: 0.415961 | H10: 0.38641173 | I10: 1168.35 | J10: 3606.2
A11: 1973 | B11: 0.00044595002 | C11: 19.737 | D11: 17.0818 | E11: 2.9405799 | F11: 0.59869403 | H11: 0.44852567 | I11: 1176.92 | J11: 3648.8401
A12: 1974 | B12: 0.00044539999 | C12: 19.721001 | D12: 17.0107 | E12: 3.26491 | F12: 0.47643101 | H12: 0.52346742 | I12: 1176.8 | J12: 3648.27
A13: 1975 | B13: 0.00044599999 | C13: 20.091999 | D13: 19.5557 | E13: 3.4335201 | F13: 0.533575 | H13: 0.55098385 | I13: 1179.63 | J13: 3667.8799
A14: 1976 | B14: 0.00044730998 | C14: 21.257999 | D14: 17.893801 | E14: 3.13185 | F14: 0.47827601 | H14: 0.55732554 | I14: 1187.87 | J14: 3655.3101
A15: 1977 | B15: 0.00044617002 | C15: 20.25 | D15: 14.8658 | E15: 1.99231 | F15: 0.235328 | H15: 0.48857781 | I15: 1180.8199 | J15: 3630.05
A16: 1978 | B16: 0.00044610997 | C16: 21.959999 | D16: 15.1789 | E16: 2.6760099 | F16: 0.59435099 | H16: 0.46953923 | I16: 1193.3101 | J16: 3632.8301
... A22: 1984 | B22: 0.00044804998 | C22: 24.080999 | D22: 21.9625 | E22: 3.3822999 | F22: 0.66636801 | H22: 0.65600783 | I22: 1207.9 | J22: 3684.76
A23: 1985 | B23: 0.00044830999 | C23: 23.721001 | D23: 22.3267 | E23: 3.11903 | F23: 0.56765097 | G23: 0.9051 | H23: 0.64724308 | I23: 1205.49 | J23: 3687.1899
A24: 1986 | B24: 0.00044867999 | C24: 24.455999 | D24: 21.901501 | E24: 3.2596099 | F24: 0.576841 | G24: 0.8839 | H24: 0.64922363 | I24: 1210.39 | J24: 3684.3601
A25: 1987 | B25: 0.00044732 | C25: 24.552999 | D25: 22.0411 | E25: 3.2193401 | F25: 0.54751199 | G25: 0.8541 | H25: 0.64820135 | I25: 1211.03 | J25: 3685.3
A26: 1988 | B26: 0.00044656001 | C26: 22.879999 | D26: 21.223101 | E26: 2.9609201 | F26: 0.45884901 | G26: 0.8654 | H26: 0.63506544 | I26: 1199.75 | J26: 3679.76
A27: 1989 | B27: 0.00044611999 | C27: 21.469 | D27: 18.2918 | E27: 2.9458499 | F27: 0.56365699 | G27: 0.8477 | H27: 0.57629222 | I27: 1189.8 | J27: 3658.46
A28: 1990 | B28: 0.00044582001 | C28: 19.864 | D28: 15.2462 | E28: 3.05193 | F28: 0.64727199 | G28: 0.7759 | H28: 0.48534855 | I28: 1177.89 | J28: 3633.48
A29: 1991 | B29: 0.00044639001 | C29: 19.288 | D29: 14.2515 | E29: 3.3309 | F29: 0.57134998 | G29: 0.7407 | H29: 0.44329068 | I29: 1173.4399 | J29: 3624.55
A30: 1992 | B30: 0.00044642002 | C30: 19.729 | D30: 13.3344 | E30: 3.01684 | F30: 0.58118898 | G30: 0.6948 | H30: 0.4260636 | I30: 1176.86 | J30: 3615.9099
A31: 1993 | B31: 0.00044643 | C31: 21.323999 | D31: 18.402399 | E31: 3.3201599 | F31: 0.59510601 | G31: 0.7834 | H31: 0.5164246 | I31: 1188.75 | J31: 3659.3101
A32: 1994 | B32: 0.00044791002 | C32: 19.684601 | D32: 17.220699 | E32: 2.8380001 | F32: 0.579557 | G32: 0.7899 | H32: 0.52743322 | I32: 1176.52 | J32: 3650.04
A33: 1995 | B33: 0.00044661999 | C33: 21.624901 | D33: 21.392401 | E33: 3.28579 | F33: 0.586411 | G33: 0.7834 | H33: 0.59692335 | I33: 1190.92 | J33: 3680.9199
A34: 1996 | B34: 0.00044668 | C34: 22.111601 | D34: 20.4979 | E34: 3.2482901 | F34: 0.601722 | G34: 0.8403 | H34: 0.61126167 | I34: 1194.38 | J34: 3674.71
... A63: 2025 | B63: 0.00044775399 | C63: 8.5938702 | D63: 6.4685202 | E63: 2.99512 | F63: 0.41166401 | G63: 0.43 | H63: 0.22412151 | I63: 1062.24 | J63: 3540.3101
A64: 2026 | B64: 0.00044804902 | C64: 8.7982397 | D64: 5.8139801 | E64: 3.0058401 | F64: 0.41594401 | H64: 0.011338606 | I64: 1064.89 | J64: 3529.6101

Sheet Imperial
A1: Year | B1: Salton Elevation | C1: Salton Inflow | D1: MX Alamo River | E1: Alamo River | F1: MX New River | G1: New River | H1: Whitewater | I1: Imperial Total CU | J1: Imperial CU | K1: Coachella CU
A2: 1964 | C2: =SUM(D2:F2) | E2: 0.56353837 | G2: 0.36587477 | H2: 0.075351611 | I2: =J2 + K2 | J2: 2.891155 | K2: 0.526417
A3: 1965 | C3: =SUM(D3:F3) | E3: 0.53504801 | G3: 0.35776842 | H3: 0.088071533 | I3: =J3 + K3 | J3: 2.741309 | K3: 0.524686
A4: 1966 | C4: =SUM(D4:F4) | E4: 0.61073083 | G4: 0.38346806 | H4: 0.07919357 | I4: =J4 + K4 | J4: 2.944495 | K4: 0.489429
A5: 1967 | C5: =SUM(D5:F5) | E5: 0.62110037 | G5: 0.3832162 | H5: 0.079155885 | I5: =J5 + K5 | J5: 2.819724 | K5: 0.464053
A6: 1968 | C6: =SUM(D6:F6) | E6: 0.61108387 | G6: 0.38407105 | H6: 0.079973072 | I6: =J6 + K6 | J6: 2.895541 | K6: 0.478583
A7: 1969 | C7: =SUM(D7:F7) | E7: 0.5925048 | G7: 0.37544698 | H7: 0.088420615 | I7: =J7 + K7 | J7: 2.766924 | K7: 0.495082
A8: 1970 | C8: =SUM(D8:F8) | E8: 0.61896217 | G8: 0.39048555 | H8: 0.075553924 | I8: =J8 + K8 | J8: 2.848565 | K8: 0.449263
A9: 1971 | C9: =SUM(D9:F9) | E9: 0.67170036 | G9: 0.4229885 | H9: 0.079504967 | I9: =J9 + K9 | J9: 2.932538 | K9: 0.464445
A10: 1972 | C10: =SUM(D10:F10) | E10: 0.6387254 | G10: 0.41795647 | H10: 0.090973325 | I10: =J10 + K10 | J10: 2.96591 | K10: 0.511476
A11: 1973 | C11: =SUM(D11:F11) | E11: 0.63881665 | G11: 0.42862946 | H11: 0.096796766 | I11: =J11 + K11 | J11: 3.047899 | K11: 0.522356
A12: 1974 | C12: =SUM(D12:F12) | E12: 0.6822623 | G12: 0.43656725 | H12: 0.091383904 | I12: =J12 + K12 | J12: 3.171977 | K12: 0.558864
A13: 1975 | C13: =SUM(D13:F13) | E13: 0.68220675 | G13: 0.43449849 | H13: 0.098456919 | I13: =J13 + K13 | J13: 3.070974 | K13: 0.570987
... A26: 1988 | C26: =SUM(D26:F26) | E26: 0.58408505 | G26: 0.49728093 | H26: 0.067628019 | I26: =J26 + K26 | J26: 2.947581 | K26: 0.331821
A27: 1989 | B27: -228.39999 | C27: =SUM(D27:F27) | E27: 0.61663759 | G27: 0.44667894 | H27: 0.065614805 | I27: =J27 + K27 | J27: 3.009451 | K27: 0.359419
A28: 1990 | B28: -228.7 | C28: =SUM(D28:F28) | E28: 0.63319349 | G28: 0.43035311 | H28: 0.060804918 | I28: =J28 + K28 | J28: 3.054188 | K28: 0.369685
A29: 1991 | B29: -228.60001 | C29: =SUM(D29:F29) | E29: 0.60404658 | G29: 0.41878954 | H29: 0.062028714 | I29: =J29 + K29 | J29: 2.898963 | K29: 0.317563
A30: 1992 | B30: -228.60001 | C30: =SUM(D30:F30) | E30: 0.55620158 | G30: 0.41773236 | H30: 0.058359314 | I30: =J30 + K30 | J30: 2.572659 | K30: 0.309367
A31: 1993 | B31: -227.89999 | C31: =SUM(D31:F31) | E31: 0.61303163 | G31: 0.49112824 | H31: 0.066451825 | I31: =J31 + K31 | J31: 2.772148 | K31: 0.31899
A32: 1994 | B32: -227.60001 | C32: =SUM(D32:F32) | E32: 0.65410513 | G32: 0.46477205 | H32: 0.066586703 | I32: =J32 + K32 | J32: 3.048076 | K32: 0.326102
A33: 1995 | B33: -227.39999 | C33: =SUM(D33:F33) | E33: 0.61213511 | G33: 0.46260217 | H33: 0.06125715 | I33: =J33 + K33 | J33: 3.070582 | K33: 0.326697
A34: 1996 | B34: -228 | C34: =SUM(D34:F34) | E34: 0.62020379 | G34: 0.44608983 | H34: 0.058926582 | I34: =J34 + K34 | J34: 3.159609 | K34: 0.331473
A35: 1997 | B35: -228 | C35: =SUM(D35:F35) | E35: 0.64642316 | G35: 0.48259938 | H35: 0.050201349 | I35: =J35 + K35 | J35: 3.158486 | K35: 0.338028
A36: 1998 | B36: -227.89999 | C36: =SUM(D36:F36) | E36: 0.62793928 | G36: 0.48939472 | H36: 0.052333567 | I36: =J36 + K36 | J36: 3.101548 | K36: 0.337466
A37: 1999 | B37: -228.10001 | C37: =SUM(D37:F37) | E37: 0.61715525 | G37: 0.48899603 | H37: 0.052650917 | I37: =J37 + K37 | J37: 3.08898 | K37: 0.33381
A38: 2000 | B38: -228.2 | C38: =SUM(D38:F38) | E38: 0.6344887 | G38: 0.46021008 | H38: 0.051387455 | I38: =J38 + K38 | J38: 2.931251 | K38: 0.329367
... A59: 2021 | B59: -239.2 | C59: =SUM(D59:F59) | E59: 0.5811674 | G59: 0.33755496 | H59: 0.04654761 | I59: =J59 + K59 | J59: 2.557242 | K59: 0.351904
A60: 2022 | B60: -240 | C60: =SUM(D60:F60) | E60: 0.56980813 | G60: 0.32856789 | H60: 0.043577395 | I60: =J60 + K60
A61: 2023 | B61: -240.7 | C61: =SUM(D61:F61) | E61: 0.52328014 | G61: 0.30021042 | H61: 0.04588199 | I61: =J61 + K61
A62: 2024 | B62: -242.10001 | C62: =SUM(D62:F62) | E62: 0.48591375 | G62: 0.27223173 | H62: 0.042987298 | I62: =J62 + K62
A63: 2025 | B63: -243.32001 | C63: =SUM(D63:F63) | E63: 0.47245398 | G63: 0.26559505 | H63: 0.04475059 | I63: =J63 + K63
A64: 2026 | B64: -243.03999 | C64: =SUM(D64:F64) | E64: 0.078253403 | G64: 0.051054236 | H64: 0.0091092326 | I64: =J64 + K64

Sheet Notes
B2: Color | C2: Year | D2: Units | E2: Description | I2: Source
C3: CY | D3: MAF | E3: USBR Lower Basin Annual Reports Consumptive Use | I3: data/USBR_Reports/
C4: CY | D4: MAF | E4: USBR Lower Basin Annual Report Flow | I4: data/USBR_Reports/
C5: CY | D5: MAF | E5: USBR Upper Basin Consumptive Uses and Losses | I5: data/Colorado_River/V24.5_CUL_ResultsCU_CY.xlsx
C6: CY | D6: AF/MAF | E6: USBR Lower Basin Mainstream CUL | I6: data/Colorado_River/1971-2024 Lower Colorado River System CUL Data.xlsx
C7: CY | D7: AF/MAF | E7: USBR Lower Basin Reservoir CUL | I7: data/Colorado_River/1971-2024 Lower Colorado River System CUL Data.xlsx
C8: CY | D8: AF/MAF | E8: USBR Lower Basin Tributary CUL | I8: data/Colorado_River/1971-2024 Lower Colorado River System CUL Data.xlsx
C9: CY | D9: MAF | E9: USBR Natural Flow | I9: data/Colorado_River/NaturalFlows1906-2020_20221215.xlsx
C10: CY | D10: MAF | E10: USGS Gage | I10: API
C11: CY | D11: MAF | E11: USBR RISE | I11: API
C12: CY | D12: Feet | E12: USBR RISE and USGS | I12: API
