Workbook

Sheet NOV
K1: MCPHEE RESERVOIR INFLOW/OUTFLOW TABULATION
A2: AF/cfs CONVERT FACTOR | D2: 1.9835 | L2: NOVEMBER "2014"
D4: RESERVOIR | I4: INFLOW | X4: OUTFLOW | AP4: ADJUSTMENTS | AW4: WEATHER
A5: DATE | B5: RESERV | C5: RESERV | D5: AC FT | E5: ACTIVE | F5: CONV TO | G5: DOLORES | H5: LOST | I5: RECORD | J5: CALC | K5: TOTAL | L5: CALC | M5: DOLORES TUNNEL | V5: LONE | W5: U | X5: TOTAL | Y5: TOTAL | Z5: MVI | AA5: MVI | AB5: MVI | AC5: TO EX & | AD5: MVI | AE5: DV CR | AF5: D/S SENIOR | AH5: BELOW | AI5: FISH | AJ5: SPILL | AK5: RECORD | AL5: CALC | AM5: TOTAL | AN5: NAR | AO5: MVI | AP5: MVI | AQ5: MVI | AR5: DIST. | AS5: U/S | AT5: TOTTEN | AU5: UF&R | AV5: RAIN | AW5: MAX | AX5: MIN | AZ5: TOTAL | BA5: GRNDHOG | BB5: GRNDHOG
A6: NOV | B6: ELEV | D6: CHANGE | E6: CAP | F6: CFS | G6: RIVER | H6: CAN | I6: INFLOW | J6: INFLOW | K6: INFLOW | L6: INF/OTF | M6: TOT DIV | N6: WET | O6: UTE | P6: QUEST | Q6: MWC | R6: CORTEZ | T6: UTE | U6: F-BAY | V6: PINE | W6: LAT | X6: MVI | Y6: MVI | Z6: CALL | AA6: CALL | AB6: APR- | AC6: U/S EX | AD6: PROJ | AE6: CANAL | AF6: MVIC | AG6: PROJ | AH6: MCP | AI6: LEFT | AK6: OTF | AL6: OTF | AM6: OTF | AN6: FILL | AO6: STOCK | AP6: STORED | AQ6: STORED | AR6: CLASS | AS6: USERS | AT6: (FRESH | AU6: LEASE | AW6: TMP | AX6: TMP | AZ6: TUNNEL | BA6: DISCHARGE | BB6: CAPACITY
N7: LAND | O7: F&R | Q7: NON - | R7: NON - | S7: PROJ | T7: PROJ | U7: BAL | X7: WATER | Y7: IRRIG. | Z7: STOR | AA7: SPILLED | AB7: JUNE | AF7: 1.7 | AG7: 1.3 | AI7: 29007 | AP7: Apr - Jun | AQ7: EVAP | AR7: "B" | AS7: EXCH | AT7: WATER) | AU7: WATER | AZ7: Misc.
Q8: PROJ | R8: PROJ | X8: USED | Y8: WATER | AA8: OR | AB8: (DIV+
R9: 4.2 | Y9: USED | AA9: USED | AB9: CALL) | BB9: FP = 5394
C10: AC. Ft. | E10: AC FT | G10: CFS | H10: CFS | I10: CFS | J10: CFS | K10: CFS | L10: CFS | M10: CFS | N10: CFS | O10: CFS | P10: CFS | Q10: CFS | R10: CFS | S10: CFS | T10: CFS | U10: CFS | V10: CFS | W10: CFS | X10: 153400 | Y10: 150400 | AB10: 72000 | AC10: CFS | AD10: CFS | AE10: CFS | AF10: CFS | AG10: CFS | AH10: CFS | AI10: CFS | AJ10: CFS | AK10: CFS | AL10: CFS | AM10: CFS | AN10: CFS | AO10: CFS | AP10: CFS | AQ10: AC.FT. | AR10: CFS | AS10: CFS | AT10: CFS | AU10: CFS | AZ10: Outflow | BA10: CFS | BB10: AC FT
N11: 1.03 | O11: 1.05 | P11: 1.02 | Q11: 1.02 | R11: 1.04 | T11: 1.04 | X11: CFS | Y11: CFS | Z11: CFS | AA11: CFS | AB11: Ac. Ft. | AZ11: CFS
A12: SEASON BAL
A13: YTD | B13: 6869.22 | C13: 185740 | AI13: 4134.5492
A15: 1 | B15: 6869.17 | C15: 185608 | D15: =C15-C13 -> -132 | E15: =C15-152000 -> 33608 | F15: =D15/$D$2 -> -66.549029 | G15: 102 | H15: 0 | I15: =G15+H15 -> 102 | J15: =IF(L15>0,L15,0) -> 0 | K15: =I15+J15 -> 102 | L15: =F15-(I15-AK15) -> -24.799029 | M15: 4.25 | N15: 0 | O15: =0*1.05 -> 0 | P15: 0 | Q15: =1073500/325851/1.9835*1.02 -> 1.6941465 | R15: =(3.2*1.04)-T15 -> 2.7652248 | S15: 0 | T15: =(0.5105*1.06)*1.04 -> 0.5627752 | U15: =M15-(Q15+R15+S15+T15) -> -0.77214648 | V15: 100 | W15: 0 | X15: =M15-N15-O15-P15-Q15-R15-S15-T15-U15+V15+W15-AU15+AR15 -> 100 | Y15: =X15-AO15 -> 100 | AE15: 0 | AH15: 39.5 | AI15: =AI13-AH15 -> 4095.0492 | AK15: =N15+O15+P15+Q15+R15+S15+T15+U15+X15+AE15+AH15 -> 143.75 | AL15: =IF(L15<0,L15*-1,0) -> 24.799029 | AM15: =AK15+AL15 -> 168.54903 | AN15: =V15 -> 100 | AV15: 0 | AW15: 68 | AX15: 48 | AZ15: =SUM(N15,P15:U15) -> 4.25 | BA15: 0.2 | BB15: 15448
A16: =A15+1 -> 2 | B16: 6869.18 | C16: 185634 | D16: =C16-C15 -> 26 | E16: =C16-152000 -> 33634 | F16: =D16/$D$2 -> 13.108142 | G16: 110 | H16: 0 | I16: =G16+H16 -> 110 | J16: =IF(L16>0,L16,0) -> 46.948142 | K16: =I16+J16 -> 156.94814 | L16: =F16-(I16-AK16) -> 46.948142 | M16: 3.24 | N16: 0 | O16: =0*1.05 -> 0 | P16: 0 | Q16: =1014800/325851/1.9835*1.02 -> 1.6015089 | R16: =(2*1.04)-T16 -> 1.5172248 | S16: 0 | T16: =(0.5105*1.06)*1.04 -> 0.5627752 | U16: =M16-(Q16+R16+S16+T16) -> -0.44150894 | V16: 101 | W16: 0 | X16: =M16-N16-O16-P16-Q16-R16-S16-T16-U16+V16+W16-AU16+AR16 -> 101 | Y16: =X16-AO16 -> 101 | AE16: 0 | AH16: 39.6 | AI16: =AI15-AH16 -> 4055.4492 | AK16: =N16+O16+P16+Q16+R16+S16+T16+U16+X16+AE16+AH16 -> 143.84 | AL16: =IF(L16<0,L16*-1,0) -> 0 | AM16: =AK16+AL16 -> 143.84 | AN16: =V16 -> 101 | AV16: 0.26 | AW16: 58 | AX16: 36 | AZ16: =SUM(N16,P16:U16) -> 3.24 | BA16: 0.2 | BB16: 15456
A17: =A16+1 -> 3 | B17: 6869.1 | C17: 185423 | D17: =C17-C16 -> -211 | E17: =C17-152000 -> 33423 | F17: =D17/$D$2 -> -106.37762 | G17: 123 | H17: 0 | I17: =G17+H17 -> 123 | J17: =IF(L17>0,L17,0) -> 0 | K17: =I17+J17 -> 123 | L17: =F17-(I17-AK17) -> -47.657615 | M17: 3.22 | N17: 0 | O17: =2.08*1.05 -> 2.184 | P17: 0 | Q17: =1117000/325851/1.9835*1.02 -> 1.7627961 | R17: =(2.1*1.04)-T17 -> 1.6212248 | S17: 0 | T17: =(0.5105*1.06)*1.04 -> 0.5627752 | U17: =M17-(Q17+R17+S17+T17) -> -0.7267961 | V17: 139 | W17: 0 | X17: =M17-N17-O17-P17-Q17-R17-S17-T17-U17+V17+W17-AU17+AR17 -> 136.816 | Y17: =X17-AO17 -> 136.816 | AE17: 0 | AH17: 39.5 | AI17: =AI16-AH17 -> 4015.9492 | AK17: =N17+O17+P17+Q17+R17+S17+T17+U17+X17+AE17+AH17 -> 181.72 | AL17: =IF(L17<0,L17*-1,0) -> 47.657615 | AM17: =AK17+AL17 -> 229.37762 | AN17: =V17 -> 139 | AV17: 0.02 | AW17: 51 | AX17: 32 | AZ17: =SUM(N17,P17:U17) -> 3.22 | BA17: 0.2 | BB17: 15413
A18: =A17+1 -> 4 | B18: 6869 | C18: 185158 | D18: =C18-C17 -> -265 | E18: =C18-152000 -> 33158 | F18: =D18/$D$2 -> -133.60222 | G18: 105 | H18: 0 | I18: =G18+H18 -> 105 | J18: =IF(L18>0,L18,0) -> 0 | K18: =I18+J18 -> 105 | L18: =F18-(I18-AK18) -> -1.7822183 | M18: 3.12 | N18: 0 | O18: =5.44*1.05 -> 5.712 | P18: 0 | Q18: =852400/325851/1.9835*1.02 -> 1.345217 | R18: =(1.9*1.04)-T18 -> 1.4132248 | S18: 0 | T18: =(0.5105*1.06)*1.04 -> 0.5627752 | U18: =M18-(Q18+R18+S18+T18) -> -0.20121701 | V18: 203 | W18: 0 | X18: =M18-N18-O18-P18-Q18-R18-S18-T18-U18+V18+W18-AU18+AR18 -> 197.288 | Y18: =X18-AO18 -> 197.288 | AE18: 0 | AH18: 30.7 | AI18: =AI17-AH18 -> 3985.2492 | AK18: =N18+O18+P18+Q18+R18+S18+T18+U18+X18+AE18+AH18 -> 236.82 | AL18: =IF(L18<0,L18*-1,0) -> 1.7822183 | AM18: =AK18+AL18 -> 238.60222 | AN18: =V18 -> 203 | AV18: 0 | AW18: 58 | AX18: 29 | AZ18: =SUM(N18,P18:U18) -> 3.12 | BA18: 0.2 | BB18: 15389
A19: =A18+1 -> 5 | B19: 6868.86 | C19: 184793 | D19: =C19-C18 -> -365 | E19: =C19-152000 -> 32793 | F19: =D19/$D$2 -> -184.01815 | G19: 91 | H19: 0 | I19: =G19+H19 -> 91 | J19: =IF(L19>0,L19,0) -> 0 | K19: =I19+J19 -> 91 | L19: =F19-(I19-AK19) -> -46.29815 | M19: 3.22 | N19: 0 | O19: =7.52*1.05 -> 7.896 | P19: 0 | Q19: =917100/325851/1.9835*1.02 -> 1.4473235 | R19: =(2*1.04)-T19 -> 1.5172248 | S19: 0 | T19: =(0.5105*1.06)*1.04 -> 0.5627752 | U19: =M19-(Q19+R19+S19+T19) -> -0.30732346 | V19: 200 | W19: 0 | X19: =M19-N19-O19-P19-Q19-R19-S19-T19-U19+V19+W19-AU19+AR19 -> 192.104 | Y19: =X19-AO19 -> 192.104 | AE19: 0 | AH19: 25.5 | AI19: =AI18-AH19 -> 3959.7492 | AK19: =N19+O19+P19+Q19+R19+S19+T19+U19+X19+AE19+AH19 -> 228.72 | AL19: =IF(L19<0,L19*-1,0) -> 46.29815 | AM19: =AK19+AL19 -> 275.01815 | AN19: =V19 -> 200 | AV19: 0 | AW19: 65 | AX19: 27 | AZ19: =SUM(N19,P19:U19) -> 3.22 | BA19: 0.2 | BB19: 15444
A20: =A19+1 -> 6 | B20: 6868.74 | C20: 184480 | D20: =C20-C19 -> -313 | E20: =C20-152000 -> 32480 | F20: =D20/$D$2 -> -157.80187 | G20: 97 | H20: 0 | I20: =G20+H20 -> 97 | J20: =IF(L20>0,L20,0) -> 0 | K20: =I20+J20 -> 97 | L20: =F20-(I20-AK20) -> -26.261865 | M20: 3.04 | N20: 0 | O20: =8.07*1.05 -> 8.4735 | P20: 0 | Q20: =844800/325851/1.9835*1.02 -> 1.3332231 | R20: =(2*1.04)-T20 -> 1.5172248 | S20: 0 | T20: =(0.5105*1.06)*1.04 -> 0.5627752 | U20: =M20-(Q20+R20+S20+T20) -> -0.37322305 | V20: 200 | W20: 0 | X20: =M20-N20-O20-P20-Q20-R20-S20-T20-U20+V20+W20-AU20+AR20 -> 191.5265 | Y20: =X20-AO20 -> 191.5265 | AE20: 0 | AH20: 25.5 | AI20: =AI19-AH20 -> 3934.2492 | AK20: =N20+O20+P20+Q20+R20+S20+T20+U20+X20+AE20+AH20 -> 228.54 | AL20: =IF(L20<0,L20*-1,0) -> 26.261865 | AM20: =AK20+AL20 -> 254.80187 | AN20: =V20 -> 200 | AV20: 0 | AW20: 66 | AX20: 31 | AZ20: =SUM(N20,P20:U20) -> 3.04 | BA20: 0.2 | BB20: 15447
A21: =A20+1 -> 7 | B21: 6868.63 | C21: 184193 | D21: =C21-C20 -> -287 | E21: =C21-152000 -> 32193 | F21: =D21/$D$2 -> -144.69372 | G21: 98 | H21: 0 | I21: =G21+H21 -> 98 | J21: =IF(L21>0,L21,0) -> 0 | K21: =I21+J21 -> 98 | L21: =F21-(I21-AK21) -> -16.293723 | M21: 2.9 | N21: 0 | O21: =3.15*1.05 -> 3.3075 | P21: 0 | Q21: =962100/325851/1.9835*1.02 -> 1.5183403 | R21: =(2*1.04)-T21 -> 1.5231778 | S21: 0 | T21: =(0.5051*1.06)*1.04 -> 0.55682224 | U21: =M21-(Q21+R21+S21+T21) -> -0.69834031 | V21: 198 | W21: 0 | X21: =M21-N21-O21-P21-Q21-R21-S21-T21-U21+V21+W21-AU21+AR21 -> 194.6925 | Y21: =X21-AO21 -> 194.6925 | AE21: 0 | AH21: 25.5 | AI21: =AI20-AH21 -> 3908.7492 | AK21: =N21+O21+P21+Q21+R21+S21+T21+U21+X21+AE21+AH21 -> 226.4 | AL21: =IF(L21<0,L21*-1,0) -> 16.293723 | AM21: =AK21+AL21 -> 242.69372 | AN21: =V21 -> 198 | AV21: 0 | AW21: 68 | AX21: 32 | AZ21: =SUM(N21,P21:U21) -> 2.9 | BA21: 0.2 | BB21: 15421
A22: =A21+1 -> 8 | B22: 6868.51 | C22: 183880 | D22: =C22-C21 -> -313 | E22: =C22-152000 -> 31880 | F22: =D22/$D$2 -> -157.80187 | G22: 95 | H22: 0 | I22: =G22+H22 -> 95 | J22: =IF(L22>0,L22,0) -> 0 | K22: =I22+J22 -> 95 | L22: =F22-(I22-AK22) -> -25.401865 | M22: 2.9 | N22: 0 | O22: =0.058*1.05 -> 0.0609 | P22: 0 | Q22: =1158800/325851/1.9835*1.02 -> 1.8287629 | R22: =(2*1.04)-T22 -> 1.5231778 | S22: 0 | T22: =(0.5051*1.06)*1.04 -> 0.55682224 | U22: =M22-(Q22+R22+S22+T22) -> -1.0087629 | V22: 199 | W22: 0 | X22: =M22-N22-O22-P22-Q22-R22-S22-T22-U22+V22+W22-AU22+AR22 -> 198.9391 | Y22: =X22-AO22 -> 198.9391 | AE22: 0 | AH22: 25.5 | AI22: =AI21-AH22 -> 3883.2492 | AK22: =N22+O22+P22+Q22+R22+S22+T22+U22+X22+AE22+AH22 -> 227.4 | AL22: =IF(L22<0,L22*-1,0) -> 25.401865 | AM22: =AK22+AL22 -> 252.80187 | AN22: =V22 -> 199 | AV22: 0 | AW22: 69 | AX22: 35 | AZ22: =SUM(N22,P22:U22) -> 2.9 | BA22: 0.2 | BB22: 15458
A23: =A22+1 -> 9 | B23: 6868.4 | C23: 183593 | D23: =C23-C22 -> -287 | E23: =C23-152000 -> 31593 | F23: =D23/$D$2 -> -144.69372 | G23: 89 | H23: 0 | I23: =G23+H23 -> 89 | J23: =IF(L23>0,L23,0) -> 0 | K23: =I23+J23 -> 89 | L23: =F23-(I23-AK23) -> -6.1737232 | M23: 3.02 | N23: 0 | O23: =0.453*1.05 -> 0.47565 | P23: 0 | Q23: =999000/325851/1.9835*1.02 -> 1.5765741 | R23: =(2*1.04)-T23 -> 1.5231778 | S23: 0 | T23: =(0.5051*1.06)*1.04 -> 0.55682224 | U23: =M23-(Q23+R23+S23+T23) -> -0.63657413 | V23: 199 | W23: 0 | X23: =M23-N23-O23-P23-Q23-R23-S23-T23-U23+V23+W23-AU23+AR23 -> 198.52435 | Y23: =X23-AO23 -> 198.52435 | AE23: 0 | AH23: 25.5 | AI23: =AI22-AH23 -> 3857.7492 | AK23: =N23+O23+P23+Q23+R23+S23+T23+U23+X23+AE23+AH23 -> 227.52 | AL23: =IF(L23<0,L23*-1,0) -> 6.1737232 | AM23: =AK23+AL23 -> 233.69372 | AN23: =V23 -> 199 | AV23: 0 | AW23: 65 | AX23: 32 | AZ23: =SUM(N23,P23:U23) -> 3.02 | BA23: 0.2 | BB23: 15473
A24: =A23+1 -> 10 | B24: 6868.25 | C24: 183202 | D24: =C24-C23 -> -391 | E24: =C24-152000 -> 31202 | F24: =D24/$D$2 -> -197.12629 | G24: 88 | H24: 0 | I24: =G24+H24 -> 88 | J24: =IF(L24>0,L24,0) -> 0 | K24: =I24+J24 -> 88 | L24: =F24-(I24-AK24) -> -87.406292 | M24: 3.22 | N24: 0 | O24: =1.47*1.05 -> 1.5435 | P24: 0 | Q24: =913500/325851/1.9835*1.02 -> 1.4416421 | R24: =(2*1.04)-T24 -> 1.5231778 | S24: 0 | T24: =(0.5051*1.06)*1.04 -> 0.55682224 | U24: =M24-(Q24+R24+S24+T24) -> -0.30164211 | V24: 169 | W24: 0 | X24: =M24-N24-O24-P24-Q24-R24-S24-T24-U24+V24+W24-AU24+AR24 -> 167.4565 | Y24: =X24-AO24 -> 167.4565 | AE24: 0 | AH24: 25.5 | AI24: =AI23-AH24 -> 3832.2492 | AK24: =N24+O24+P24+Q24+R24+S24+T24+U24+X24+AE24+AH24 -> 197.72 | AL24: =IF(L24<0,L24*-1,0) -> 87.406292 | AM24: =AK24+AL24 -> 285.12629 | AN24: =V24 -> 169 | AV24: 0 | AW24: 65 | AX24: 29 | AZ24: =SUM(N24,P24:U24) -> 3.22 | BA24: 0.2 | BB24: 15465
A25: =A24+1 -> 11 | B25: 6868.24 | C25: 183176 | D25: =C25-C24 -> -26 | E25: =C25-152000 -> 31176 | F25: =D25/$D$2 -> -13.108142 | G25: 85 | H25: 0 | I25: =G25+H25 -> 85 | J25: =IF(L25>0,L25,0) -> 16.211858 | K25: =I25+J25 -> 101.21186 | L25: =F25-(I25-AK25) -> 16.211858 | M25: 3.22 | N25: 0 | O25: =2.27*1.05 -> 2.3835 | P25: 0 | Q25: =1121700/325851/1.9835*1.02 -> 1.7702134 | R25: =(2*1.04)-T25 -> 1.5231778 | S25: 0 | T25: =(0.5051*1.06)*1.04 -> 0.55682224 | U25: =M25-(Q25+R25+S25+T25) -> -0.63021342 | V25: 85.6 | W25: 0 | X25: =M25-N25-O25-P25-Q25-R25-S25-T25-U25+V25+W25-AU25+AR25 -> 83.2165 | Y25: =X25-AO25 -> 83.2165 | AE25: 0 | AH25: 25.5 | AI25: =AI24-AH25 -> 3806.7492 | AK25: =N25+O25+P25+Q25+R25+S25+T25+U25+X25+AE25+AH25 -> 114.32 | AL25: =IF(L25<0,L25*-1,0) -> 0 | AM25: =AK25+AL25 -> 114.32 | AN25: =V25 -> 85.6 | AV25: 0 | AW25: 60 | AX25: 24 | AZ25: =SUM(N25,P25:U25) -> 3.22 | BA25: 0.2 | BB25: 15464
A26: =A25+1 -> 12 | B26: 6868.21 | C26: 183098 | D26: =C26-C25 -> -78 | E26: =C26-152000 -> 31098 | F26: =D26/$D$2 -> -39.324427 | G26: 84 | H26: 0 | I26: =G26+H26 -> 84 | J26: =IF(L26>0,L26,0) -> 0 | K26: =I26+J26 -> 84 | L26: =F26-(I26-AK26) -> -9.0044265 | M26: 3.22 | N26: 0 | O26: =0*1.05 -> 0 | P26: 0 | Q26: =849400/325851/1.9835*1.02 -> 1.3404826 | R26: =(2*1.04)-T26 -> 1.5231778 | S26: 0 | T26: =(0.5051*1.06)*1.04 -> 0.55682224 | U26: =M26-(Q26+R26+S26+T26) -> -0.20048255 | V26: 85.6 | W26: 0 | X26: =M26-N26-O26-P26-Q26-R26-S26-T26-U26+V26+W26-AU26+AR26 -> 85.6 | Y26: =X26-AO26 -> 85.6 | AE26: 0 | AH26: 25.5 | AI26: =AI25-AH26 -> 3781.2492 | AK26: =N26+O26+P26+Q26+R26+S26+T26+U26+X26+AE26+AH26 -> 114.32 | AL26: =IF(L26<0,L26*-1,0) -> 9.0044265 | AM26: =AK26+AL26 -> 123.32443 | AN26: =V26 -> 85.6 | AV26: 0 | AW26: 56 | AX26: 35 | AZ26: =SUM(N26,P26:U26) -> 3.22 | BA26: 0.2 | BB26: 15463
A27: =A26+1 -> 13 | B27: 6868.16 | C27: 182967 | D27: =C27-C26 -> -131 | E27: =C27-152000 -> 30967 | F27: =D27/$D$2 -> -66.04487 | G27: 85 | H27: 0 | I27: =G27+H27 -> 85 | J27: =IF(L27>0,L27,0) -> 0 | K27: =I27+J27 -> 85 | L27: =F27-(I27-AK27) -> -43.92487 | M27: 3.22 | N27: 0 | O27: =0*1.05 -> 0 | P27: 0 | Q27: =874600/325851/1.9835*1.02 -> 1.380252 | R27: =(2*1.04)-T27 -> 1.5231778 | S27: 0 | T27: =(0.5051*1.06)*1.04 -> 0.55682224 | U27: =M27-(Q27+R27+S27+T27) -> -0.24025199 | V27: 78.4 | W27: 0 | X27: =M27-N27-O27-P27-Q27-R27-S27-T27-U27+V27+W27-AU27+AR27 -> 78.4 | Y27: =X27-AO27 -> 78.4 | AE27: 0 | AH27: 25.5 | AI27: =AI26-AH27 -> 3755.7492 | AK27: =N27+O27+P27+Q27+R27+S27+T27+U27+X27+AE27+AH27 -> 107.12 | AL27: =IF(L27<0,L27*-1,0) -> 43.92487 | AM27: =AK27+AL27 -> 151.04487 | AN27: =V27 -> 78.4 | AV27: 0 | AW27: 51 | AX27: 34 | AZ27: =SUM(N27,P27:U27) -> 3.22 | BA27: 0.2 | BB27: 15466
A28: =A27+1 -> 14 | B28: 6868.2 | C28: 183072 | D28: =C28-C27 -> 105 | E28: =C28-152000 -> 31072 | F28: =D28/$D$2 -> 52.936728 | G28: 93 | H28: 0 | I28: =G28+H28 -> 93 | J28: =IF(L28>0,L28,0) -> 63.966728 | K28: =I28+J28 -> 156.96673 | L28: =F28-(I28-AK28) -> 63.966728 | M28: 3.13 | N28: 0 | O28: =0*1.05 -> 0 | P28: 0 | Q28: =766400/325851/1.9835*1.02 -> 1.2094959 | R28: =(2*1.04)-T28 -> 1.5763134 | S28: 0 | T28: =(0.4569*1.06)*1.04 -> 0.50368656 | U28: =M28-(Q28+R28+S28+T28) -> -0.15949591 | V28: 75.1 | W28: 0 | X28: =M28-N28-O28-P28-Q28-R28-S28-T28-U28+V28+W28-AU28+AR28 -> 75.1 | Y28: =X28-AO28 -> 75.1 | AE28: 0 | AH28: 25.8 | AI28: =AI27-AH28 -> 3729.9492 | AK28: =N28+O28+P28+Q28+R28+S28+T28+U28+X28+AE28+AH28 -> 104.03 | AL28: =IF(L28<0,L28*-1,0) -> 0 | AM28: =AK28+AL28 -> 104.03 | AN28: =V28 -> 75.1 | AV28: 0.35 | AW28: 47 | AX28: 32 | AZ28: =SUM(N28,P28:U28) -> 3.13 | BA28: 0.2 | BB28: 15493
A29: =A28+1 -> 15 | B29: 6868.18 | C29: 183019 | D29: =C29-C28 -> -53 | E29: =C29-152000 -> 31019 | F29: =D29/$D$2 -> -26.720444 | G29: 101 | H29: 0 | I29: =G29+H29 -> 101 | J29: =IF(L29>0,L29,0) -> 0 | K29: =I29+J29 -> 101 | L29: =F29-(I29-AK29) -> -24.220444 | M29: 2.9 | N29: 0 | O29: =0*1.05 -> 0 | P29: 0 | Q29: =926500/325851/1.9835*1.02 -> 1.4621581 | R29: =(2*1.04)-T29 -> 1.5763134 | S29: 0 | T29: =(0.4569*1.06)*1.04 -> 0.50368656 | U29: =M29-(Q29+R29+S29+T29) -> -0.64215809 | V29: 75.1 | W29: 0 | X29: =M29-N29-O29-P29-Q29-R29-S29-T29-U29+V29+W29-AU29+AR29 -> 75.1 | Y29: =X29-AO29 -> 75.1 | AE29: 0 | AH29: 25.5 | AI29: =AI28-AH29 -> 3704.4492 | AK29: =N29+O29+P29+Q29+R29+S29+T29+U29+X29+AE29+AH29 -> 103.5 | AL29: =IF(L29<0,L29*-1,0) -> 24.220444 | AM29: =AK29+AL29 -> 127.72044 | AN29: =V29 -> 75.1 | AV29: 0.15 | AW29: 50 | AX29: 30 | AZ29: =SUM(N29,P29:U29) -> 2.9 | BA29: 0.2 | BB29: 15517
A30: =A29+1 -> 16 | B30: 6868.17 | C30: 182993 | D30: =C30-C29 -> -26 | E30: =C30-152000 -> 30993 | F30: =D30/$D$2 -> -13.108142 | G30: 96 | H30: 0 | I30: =G30+H30 -> 96 | J30: =IF(L30>0,L30,0) -> 0 | K30: =I30+J30 -> 96 | L30: =F30-(I30-AK30) -> -5.5081422 | M30: 2.9 | N30: 0 | O30: =0*1.05 -> 0 | P30: 0 | Q30: =920100/325851/1.9835*1.02 -> 1.4520579 | R30: =(1.9*1.04)-T30 -> 1.4723134 | S30: 0 | T30: =(0.4569*1.06)*1.04 -> 0.50368656 | U30: =M30-(Q30+R30+S30+T30) -> -0.52805792 | V30: 75.1 | W30: 0 | X30: =M30-N30-O30-P30-Q30-R30-S30-T30-U30+V30+W30-AU30+AR30 -> 75.1 | Y30: =X30-AO30 -> 75.1 | AE30: 0 | AH30: 25.6 | AI30: =AI29-AH30 -> 3678.8492 | AK30: =N30+O30+P30+Q30+R30+S30+T30+U30+X30+AE30+AH30 -> 103.6 | AL30: =IF(L30<0,L30*-1,0) -> 5.5081422 | AM30: =AK30+AL30 -> 109.10814 | AN30: =V30 -> 75.1 | AV30: 0 | AW30: 34 | AX30: 17 | AZ30: =SUM(N30,P30:U30) -> 2.9 | BA30: 0.2 | BB30: 15564
A31: =A30+1 -> 17 | B31: 6868.11 | C31: 182837 | D31: =C31-C30 -> -156 | E31: =C31-152000 -> 30837 | F31: =D31/$D$2 -> -78.648853 | G31: 74 | H31: 0 | I31: =G31+H31 -> 74 | J31: =IF(L31>0,L31,0) -> 0 | K31: =I31+J31 -> 74 | L31: =F31-(I31-AK31) -> -49.048853 | M31: 2.9 | N31: 0 | O31: =0*1.05 -> 0 | P31: 0 | Q31: =936700/325851/1.9835*1.02 -> 1.4782552 | R31: =(2*1.04)-T31 -> 1.5763134 | S31: 0 | T31: =(0.4569*1.06)*1.04 -> 0.50368656 | U31: =M31-(Q31+R31+S31+T31) -> -0.65825525 | V31: 75.1 | W31: 0 | X31: =M31-N31-O31-P31-Q31-R31-S31-T31-U31+V31+W31-AU31+AR31 -> 75.1 | Y31: =X31-AO31 -> 75.1 | AE31: 0 | AH31: 25.6 | AI31: =AI30-AH31 -> 3653.2492 | AK31: =N31+O31+P31+Q31+R31+S31+T31+U31+X31+AE31+AH31 -> 103.6 | AL31: =IF(L31<0,L31*-1,0) -> 49.048853 | AM31: =AK31+AL31 -> 152.64885 | AN31: =V31 -> 75.1 | AV31: 0 | AW31: 43 | AX31: 14 | AZ31: =SUM(N31,P31:U31) -> 2.9 | BA31: 0.2 | BB31: 15564
A32: =A31+1 -> 18 | B32: 6868.04 | C32: 182654 | D32: =C32-C31 -> -183 | E32: =C32-152000 -> 30654 | F32: =D32/$D$2 -> -92.261155 | G32: 79 | H32: 0 | I32: =G32+H32 -> 79 | J32: =IF(L32>0,L32,0) -> 0 | K32: =I32+J32 -> 79 | L32: =F32-(I32-AK32) -> -68.111155 | M32: 3.05 | N32: 0 | O32: =0*1.05 -> 0 | P32: 0 | Q32: =855000/325851/1.9835*1.02 -> 1.3493202 | R32: =(1.9*1.04)-T32 -> 1.4723134 | S32: 0 | T32: =(0.4569*1.06)*1.04 -> 0.50368656 | U32: =M32-(Q32+R32+S32+T32) -> -0.2753202 | V32: 74.6 | W32: 0 | X32: =M32-N32-O32-P32-Q32-R32-S32-T32-U32+V32+W32-AU32+AR32 -> 74.6 | Y32: =X32-AO32 -> 74.6 | AE32: 0 | AH32: 25.5 | AI32: =AI31-AH32 -> 3627.7492 | AK32: =N32+O32+P32+Q32+R32+S32+T32+U32+X32+AE32+AH32 -> 103.15 | AL32: =IF(L32<0,L32*-1,0) -> 68.111155 | AM32: =AK32+AL32 -> 171.26115 | AN32: =V32 -> 74.6 | AV32: 0 | AW32: 47 | AX32: 15 | AZ32: =SUM(N32,P32:U32) -> 3.05 | BA32: 0.2 | BB32: 15527
A33: =A32+1 -> 19 | B33: 6867.99 | C33: 182524 | D33: =C33-C32 -> -130 | E33: =C33-152000 -> 30524 | F33: =D33/$D$2 -> -65.540711 | G33: 95 | H33: 0 | I33: =G33+H33 -> 95 | J33: =IF(L33>0,L33,0) -> 0 | K33: =I33+J33 -> 95 | L33: =F33-(I33-AK33) -> -57.620711 | M33: 3.22 | N33: 0 | O33: =0*1.05 -> 0 | P33: 0 | Q33: =820800/325851/1.9835*1.02 -> 1.2953474 | R33: =(2*1.04)-T33 -> 1.5763134 | S33: 0 | T33: =(0.4569*1.06)*1.04 -> 0.50368656 | U33: =M33-(Q33+R33+S33+T33) -> -0.1553474 | V33: 74.2 | W33: 0 | X33: =M33-N33-O33-P33-Q33-R33-S33-T33-U33+V33+W33-AU33+AR33 -> 74.2 | Y33: =X33-AO33 -> 74.2 | AE33: 0 | AH33: 25.5 | AI33: =AI32-AH33 -> 3602.2492 | AK33: =N33+O33+P33+Q33+R33+S33+T33+U33+X33+AE33+AH33 -> 102.92 | AL33: =IF(L33<0,L33*-1,0) -> 57.620711 | AM33: =AK33+AL33 -> 160.54071 | AN33: =V33 -> 74.2 | AV33: 0 | AW33: 50 | AX33: 19 | AZ33: =SUM(N33,P33:U33) -> 3.22 | BA33: 0.2 | BB33: 15515
A34: =A33+1 -> 20 | B34: 6867.93 | C34: 182370 | D34: =C34-C33 -> -154 | E34: =C34-152000 -> 30370 | F34: =D34/$D$2 -> -77.640534 | G34: 97 | H34: 0 | I34: =G34+H34 -> 97 | J34: =IF(L34>0,L34,0) -> 0 | K34: =I34+J34 -> 97 | L34: =F34-(I34-AK34) -> -64.320534 | M34: 3.22 | N34: 0 | O34: =0*1.05 -> 0 | P34: 0 | Q34: =813900/325851/1.9835*1.02 -> 1.2844581 | R34: =(2*1.04)-T34 -> 1.5763134 | S34: 0 | T34: =(0.4569*1.06)*1.04 -> 0.50368656 | U34: =M34-(Q34+R34+S34+T34) -> -0.14445815 | V34: 81.6 | W34: 0 | X34: =M34-N34-O34-P34-Q34-R34-S34-T34-U34+V34+W34-AU34+AR34 -> 81.6 | Y34: =X34-AO34 -> 81.6 | AE34: 0 | AH34: 25.5 | AI34: =AI33-AH34 -> 3576.7492 | AK34: =N34+O34+P34+Q34+R34+S34+T34+U34+X34+AE34+AH34 -> 110.32 | AL34: =IF(L34<0,L34*-1,0) -> 64.320534 | AM34: =AK34+AL34 -> 174.64053 | AN34: =V34 -> 81.6 | AV34: 0 | AW34: 51 | AX34: 24 | AZ34: =SUM(N34,P34:U34) -> 3.22 | BA34: 0.2 | BB34: 15537
A35: =A34+1 -> 21 | B35: 6867.94 | C35: 182396 | D35: =C35-C34 -> 26 | E35: =C35-152000 -> 30396 | F35: =D35/$D$2 -> 13.108142 | G35: 104 | H35: 0 | I35: =G35+H35 -> 104 | J35: =IF(L35>0,L35,0) -> 7.4281422 | K35: =I35+J35 -> 111.42814 | L35: =F35-(I35-AK35) -> 7.4281422 | M35: 3.22 | N35: 0 | O35: =0*1.05 -> 0 | P35: 0 | Q35: =868800/325851/1.9835*1.02 -> 1.3710987 | R35: =(2*1.04)-T35 -> 1.6207402 | S35: 0 | T35: =(0.4166*1.06)*1.04 -> 0.45925984 | U35: =M35-(Q35+R35+S35+T35) -> -0.23109871 | V35: 69.6 | W35: 0 | X35: =M35-N35-O35-P35-Q35-R35-S35-T35-U35+V35+W35-AU35+AR35 -> 69.6 | Y35: =X35-AO35 -> 69.6 | AE35: 0 | AH35: 25.5 | AI35: =AI34-AH35 -> 3551.2492 | AK35: =N35+O35+P35+Q35+R35+S35+T35+U35+X35+AE35+AH35 -> 98.32 | AL35: =IF(L35<0,L35*-1,0) -> 0 | AM35: =AK35+AL35 -> 98.32 | AN35: =V35 -> 69.6 | AV35: 0 | AW35: 56 | AX35: 26 | AZ35: =SUM(N35,P35:U35) -> 3.22 | BA35: 0.2 | BB35: 15547
A36: =A35+1 -> 22 | B36: 6867.88 | C36: 182241 | D36: =C36-C35 -> -155 | E36: =C36-152000 -> 30241 | F36: =D36/$D$2 -> -78.144694 | G36: 98 | H36: 0 | I36: =G36+H36 -> 98 | J36: =IF(L36>0,L36,0) -> 0 | K36: =I36+J36 -> 98 | L36: =F36-(I36-AK36) -> -78.024694 | M36: 3.02 | N36: 0 | O36: =0*1.05 -> 0 | P36: 0 | Q36: =917000/325851/1.9835*1.02 -> 1.4471656 | R36: =(2*1.04)-T36 -> 1.6207402 | S36: 0 | T36: =(0.4166*1.06)*1.04 -> 0.45925984 | U36: =M36-(Q36+R36+S36+T36) -> -0.50716565 | V36: 69.6 | W36: 0 | X36: =M36-N36-O36-P36-Q36-R36-S36-T36-U36+V36+W36-AU36+AR36 -> 69.6 | Y36: =X36-AO36 -> 69.6 | AC36: 22.332094 | AE36: 0 | AH36: 25.5 | AI36: =AI35-AH36 -> 3525.7492 | AK36: =N36+O36+P36+Q36+R36+S36+T36+U36+X36+AE36+AH36 -> 98.12 | AL36: =IF(L36<0,L36*-1,0) -> 78.024694 | AM36: =AK36+AL36 -> 176.14469 | AN36: =V36 -> 69.6 | AV36: 0 | AW36: 53 | AX36: 26 | AZ36: =SUM(N36,P36:U36) -> 3.02 | BA36: 0.2 | BB36: 15533
A37: =A36+1 -> 23 | B37: 6867.9 | C37: 182293 | D37: =C37-C36 -> 52 | E37: =C37-152000 -> 30293 | F37: =D37/$D$2 -> 26.216284 | G37: 91 | H37: 0 | I37: =G37+H37 -> 91 | J37: =IF(L37>0,L37,0) -> 33.436284 | K37: =I37+J37 -> 124.43628 | L37: =F37-(I37-AK37) -> 33.436284 | M37: 3.12 | N37: 0 | O37: =0*1.05 -> 0 | P37: 0 | Q37: =898100/325851/1.9835*1.02 -> 1.4173386 | R37: =(2*1.04)-T37 -> 1.6207402 | S37: 0 | T37: =(0.4166*1.06)*1.04 -> 0.45925984 | U37: =M37-(Q37+R37+S37+T37) -> -0.37733857 | V37: 69.6 | W37: 0 | X37: =M37-N37-O37-P37-Q37-R37-S37-T37-U37+V37+W37-AU37+AR37 -> 69.6 | Y37: =X37-AO37 -> 69.6 | AC37: 21.361921 | AE37: 0 | AH37: 25.5 | AI37: =AI36-AH37 -> 3500.2492 | AK37: =N37+O37+P37+Q37+R37+S37+T37+U37+X37+AE37+AH37 -> 98.22 | AL37: =IF(L37<0,L37*-1,0) -> 0 | AM37: =AK37+AL37 -> 98.22 | AN37: =V37 -> 69.6 | AV37: 0.01 | AW37: 42 | AX37: 14 | AZ37: =SUM(N37,P37:U37) -> 3.12 | BA37: 0.2 | BB37: 15521
A38: =A37+1 -> 24 | B38: 6867.84 | C38: 182139 | D38: =C38-C37 -> -154 | E38: =C38-152000 -> 30139 | F38: =D38/$D$2 -> -77.640534 | G38: 73 | H38: 0 | I38: =G38+H38 -> 73 | J38: =IF(L38>0,L38,0) -> 0 | K38: =I38+J38 -> 73 | L38: =F38-(I38-AK38) -> -52.220534 | M38: 3.22 | N38: 0 | O38: =0*1.05 -> 0 | P38: 0 | Q38: =961100/325851/1.9835*1.02 -> 1.5167622 | R38: =(2*1.04)-T38 -> 1.6207402 | S38: 0 | T38: =(0.4166*1.06)*1.04 -> 0.45925984 | U38: =M38-(Q38+R38+S38+T38) -> -0.37676216 | V38: 69.6 | W38: 0 | X38: =M38-N38-O38-P38-Q38-R38-S38-T38-U38+V38+W38-AU38+AR38 -> 69.6 | Y38: =X38-AO38 -> 69.6 | AC38: 0 | AE38: 0 | AH38: 25.6 | AI38: =AI37-AH38 -> 3474.6492 | AK38: =N38+O38+P38+Q38+R38+S38+T38+U38+X38+AE38+AH38 -> 98.42 | AL38: =IF(L38<0,L38*-1,0) -> 52.220534 | AM38: =AK38+AL38 -> 150.64053 | AN38: =V38 -> 69.6 | AV38: 0 | AW38: 42 | AX38: 14 | AZ38: =SUM(N38,P38:U38) -> 3.22 | BA38: 0.2 | BB38: 15556
A39: =A38+1 -> 25 | B39: 6867.8 | C39: 182036 | D39: =C39-C38 -> -103 | E39: =C39-152000 -> 30036 | F39: =D39/$D$2 -> -51.928409 | G39: 88 | H39: 0 | I39: =G39+H39 -> 88 | J39: =IF(L39>0,L39,0) -> 0 | K39: =I39+J39 -> 88 | L39: =F39-(I39-AK39) -> -41.508409 | M39: 3.22 | N39: 0 | O39: =0*1.05 -> 0 | P39: 0 | Q39: =814000/325851/1.9835*1.02 -> 1.284616 | R39: =(2*1.04)-T39 -> 1.6207402 | S39: 0 | T39: =(0.4166*1.06)*1.04 -> 0.45925984 | U39: =M39-(Q39+R39+S39+T39) -> -0.14461596 | V39: 69.6 | W39: 0 | X39: =M39-N39-O39-P39-Q39-R39-S39-T39-U39+V39+W39-AU39+AR39 -> 69.6 | Y39: =X39-AO39 -> 69.6 | AC39: 12.494644 | AE39: 0 | AH39: 25.6 | AI39: =AI38-AH39 -> 3449.0492 | AK39: =N39+O39+P39+Q39+R39+S39+T39+U39+X39+AE39+AH39 -> 98.42 | AL39: =IF(L39<0,L39*-1,0) -> 41.508409 | AM39: =AK39+AL39 -> 139.92841 | AN39: =V39 -> 69.6 | AV39: 0 | AW39: 46 | AX39: 15 | AZ39: =SUM(N39,P39:U39) -> 3.22 | BA39: 0.2 | BB39: 15572
A40: =A39+1 -> 26 | B40: 6867.77 | C40: 181959 | D40: =C40-C39 -> -77 | E40: =C40-152000 -> 29959 | F40: =D40/$D$2 -> -38.820267 | G40: 102 | H40: 0 | I40: =G40+H40 -> 102 | J40: =IF(L40>0,L40,0) -> 0 | K40: =I40+J40 -> 102 | L40: =F40-(I40-AK40) -> -42.300267 | M40: 3.22 | N40: 0 | O40: =0*1.05 -> 0 | P40: 0 | Q40: =865900/325851/1.9835*1.04 -> 1.3933166 | R40: =(2*1.04)-T40 -> 1.6207402 | S40: 0 | T40: =(0.4166*1.06)*1.04 -> 0.45925984 | U40: =M40-(Q40+R40+S40+T40) -> -0.25331661 | V40: 69.6 | W40: 0 | X40: =M40-N40-O40-P40-Q40-R40-S40-T40-U40+V40+W40-AU40+AR40 -> 69.6 | Y40: =X40-AO40 -> 69.6 | AC40: 40.385943 | AE40: 0 | AH40: 25.7 | AI40: =AI39-AH40 -> 3423.3492 | AK40: =N40+O40+P40+Q40+R40+S40+T40+U40+X40+AE40+AH40 -> 98.52 | AL40: =IF(L40<0,L40*-1,0) -> 42.300267 | AM40: =AK40+AL40 -> 140.82027 | AN40: =V40 -> 69.6 | AV40: 0 | AW40: 58 | AX40: 28 | AZ40: =SUM(N40,P40:U40) -> 3.22 | BA40: 0.2 | BB40: 15579
A41: =A40+1 -> 27 | B41: 6867.75 | C41: 181907 | D41: =C41-C40 -> -52 | E41: =C41-152000 -> 29907 | F41: =D41/$D$2 -> -26.216284 | G41: 97 | H41: 0 | I41: =G41+H41 -> 97 | J41: =IF(L41>0,L41,0) -> 0 | K41: =I41+J41 -> 97 | L41: =F41-(I41-AK41) -> -24.756284 | M41: 2.96 | N41: 0 | O41: =0*1.05 -> 0 | P41: 0 | Q41: =945000/325851/1.9835*1.02 -> 1.4913539 | R41: =(2*1.04)-T41 -> 1.6207402 | S41: 0 | T41: =(0.4166*1.06)*1.04 -> 0.45925984 | U41: =M41-(Q41+R41+S41+T41) -> -0.61135391 | V41: 69.6 | W41: 0 | X41: =M41-N41-O41-P41-Q41-R41-S41-T41-U41+V41+W41-AU41+AR41 -> 69.6 | Y41: =X41-AO41 -> 69.6 | AC41: 31.287906 | AE41: 0 | AH41: 25.9 | AI41: =AI40-AH41 -> 3397.4492 | AK41: =N41+O41+P41+Q41+R41+S41+T41+U41+X41+AE41+AH41 -> 98.46 | AL41: =IF(L41<0,L41*-1,0) -> 24.756284 | AM41: =AK41+AL41 -> 123.21628 | AN41: =V41 -> 69.6 | AV41: 0 | AW41: 62 | AX41: 28 | AZ41: =SUM(N41,P41:U41) -> 2.96 | BA41: 0.2 | BB41: 15580
A42: =A41+1 -> 28 | B42: 6867.73 | C42: 181856 | D42: =C42-C41 -> -51 | E42: =C42-152000 -> 29856 | F42: =D42/$D$2 -> -25.712125 | G42: 87 | H42: 0 | I42: =G42+H42 -> 87 | J42: =IF(L42>0,L42,0) -> 0 | K42: =I42+J42 -> 87 | L42: =F42-(I42-AK42) -> -14.662125 | M42: 2.65 | N42: 0 | O42: =0*1.05 -> 0 | P42: 0 | Q42: =997900/325851/1.9835*1.02 -> 1.5748382 | R42: =(2*1.04)-T42 -> 1.5830381 | S42: 0 | T42: =(0.4508*1.06)*1.04 -> 0.49696192 | U42: =M42-(Q42+R42+S42+T42) -> -1.0048382 | V42: 69.6 | W42: 0 | X42: =M42-N42-O42-P42-Q42-R42-S42-T42-U42+V42+W42-AU42+AR42 -> 69.6 | Y42: =X42-AO42 -> 69.6 | AC42: 10.242124 | AE42: 0 | AH42: 25.8 | AI42: =AI41-AH42 -> 3371.6492 | AK42: =N42+O42+P42+Q42+R42+S42+T42+U42+X42+AE42+AH42 -> 98.05 | AL42: =IF(L42<0,L42*-1,0) -> 14.662125 | AM42: =AK42+AL42 -> 112.71213 | AN42: =V42 -> 69.6 | AV42: 0 | AW42: 65 | AX42: 29 | AZ42: =SUM(N42,P42:U42) -> 2.65 | BA42: 0.2 | BB42: 15584
A43: =A42+1 -> 29 | B43: 6867.71 | C43: 181804 | D43: =C43-C42 -> -52 | E43: =C43-152000 -> 29804 | F43: =D43/$D$2 -> -26.216284 | G43: 88 | H43: 0 | I43: =G43+H43 -> 88 | J43: =IF(L43>0,L43,0) -> 0 | K43: =I43+J43 -> 88 | L43: =F43-(I43-AK43) -> -16.066284 | M43: 3.35 | N43: 0 | O43: =0*1.05 -> 0 | P43: 0 | Q43: =832300/325851/1.9835*1.02 -> 1.3134961 | R43: =(2*1.04)-T43 -> 1.5830381 | S43: 0 | T43: =(0.4508*1.06)*1.04 -> 0.49696192 | U43: =M43-(Q43+R43+S43+T43) -> -0.043496148 | V43: 69.6 | W43: 0 | X43: =M43-N43-O43-P43-Q43-R43-S43-T43-U43+V43+W43-AU43+AR43 -> 69.6 | Y43: =X43-AO43 -> 69.6 | AC43: 12.503466 | AE43: 0 | AH43: 25.2 | AI43: =AI42-AH43 -> 3346.4492 | AK43: =N43+O43+P43+Q43+R43+S43+T43+U43+X43+AE43+AH43 -> 98.15 | AL43: =IF(L43<0,L43*-1,0) -> 16.066284 | AM43: =AK43+AL43 -> 114.21628 | AN43: =V43 -> 69.6 | AV43: 0 | AW43: 61 | AX43: 29 | AZ43: =SUM(N43,P43:U43) -> 3.35 | BA43: 0.2 | BB43: 15584
A44: 30 | B44: 6867.69 | C44: 181753 | D44: =C44-C43 -> -51 | E44: =C44-152000 -> 29753 | F44: =D44/$D$2 -> -25.712125 | G44: 83 | H44: 0 | I44: =G44+H44 -> 83 | J44: =IF(L44>0,L44,0) -> 0 | K44: =I44+J44 -> 83 | L44: =F44-(I44-AK44) -> -10.442125 | M44: 3.67 | N44: 0 | O44: =0*1.05 -> 0 | P44: 0 | Q44: =1135800/325851/1.9835*1.02 -> 1.7924654 | R44: =(2*1.04)-T44 -> 1.5830381 | S44: 0 | T44: =(0.4508*1.06)*1.04 -> 0.49696192 | U44: =M44-(Q44+R44+S44+T44) -> -0.20246537 | V44: 69.6 | W44: 0 | X44: =M44-N44-O44-P44-Q44-R44-S44-T44-U44+V44+W44-AU44+AR44 -> 69.6 | Y44: =X44-AO44 -> 69.6 | AC44: 7.0244966 | AE44: 0 | AH44: 25 | AI44: =AI43-AH44 -> 3321.4492 | AK44: =N44+O44+P44+Q44+R44+S44+T44+U44+X44+AE44+AH44 -> 98.27 | AL44: =IF(L44<0,L44*-1,0) -> 10.442125 | AM44: =AK44+AL44 -> 108.71213 | AN44: =V44 -> 69.6 | AV44: 0 | AW44: 57 | AX44: 29 | AZ44: =SUM(N44,P44:U44) -> 3.67 | BA44: 0.2 | BB44: 15582
H45: 0.62 | AW45: 4
A46: MONTH / CFS | F46: =SUM(F15:F44) -> -2010.0832 | G46: =SUM(G15:G44) -> 2798 | H46: =SUM(H15:H45) -> 0.62 | I46: =SUM(I15:I44) -> 2798 | J46: =SUM(J15:J44) -> 167.99115 | K46: =SUM(K15:K44) -> 2965.9912 | L46: =SUM(L15:L44) -> -715.82319 | M46: =SUM(M15:M44) -> 94.76 | N46: =SUM(N15:N44) -> 0 | O46: =SUM(O15:O44)-32.1 -> -0.06345 | P46: =SUM(P15:P44) -> 0 | Q46: =SUM(Q15:Q44) -> 44.174027 | R46: =SUM(R15:R44) -> 47.934083 | S46: =SUM(S15:S44) -> 0 | T46: =SUM(T15:T44) -> 15.505917 | U46: =SUM(U15:U44) -> -12.854027 | V46: =SUM(V15:V44) -> 3184.4 | W46: =SUM(W15:W44) -> 0 | ... Y46: =SUM(Y15:Y44) -> 3152.3634 | AC46: =SUM(AC15:AC44) -> 157.63259 | AE46: =SUM(AE15:AE44) -> 0 | AF46: =SUM(AF15:AF44) -> 0 | AG46: =SUM(AG15:AG44) -> 0 | AH46: =SUM(AH15:AH44) -> 813.1 | AJ46: =SUM(AJ15:AJ44) -> 0 | AK46: =SUM(AK15:AK44) -> 4092.26 | AL46: =SUM(AL15:AL44) -> 883.81434 | AM46: =SUM(AM15:AM44) -> 4976.0743 | AN46: =SUM(AN15:AN44) -> 3184.4 | AO46: =SUM(AO15:AO44) -> 0 | AU46: =SUM(AU15:AU44) -> 0 | AV46: =SUM(AV15:AV44) -> 0.79 | AW46: =AVERAGE(AW15:AW44) -> 55.466667 | AX46: =AVERAGE(AX15:AX44) -> 27.1 | AY46: Avg | AZ46: =SUM(AZ15:AZ44) -> 94.76 | BA46: =SUM(BA14:BA44) -> 6
A47: MONTH / AF | D47: =SUM(D15:D44) -> -3987 | F47: =F46*$D$2 -> -3987 | G47: =G46*$D$2 -> 5549.833 | H47: =H46*$D$2 -> 1.22977 | I47: =I46*$D$2 -> 5549.833 | J47: =J46*$D$2 -> 333.21046 | K47: =K46*$D$2 -> 5883.0435 | L47: =L46*$D$2 -> -1419.8353 | M47: =M46*$D$2 -> 187.95646 | ... Y47: =Y46*$D$2 -> 6252.7129 | AC47: =AC46*$D$2 -> 312.66425 | AE47: =AE46*$D$2 -> 0 | AF47: =AF46*$D$2 -> 0 | AG47: =AG46*$D$2 -> 0 | AH47: =AH46*$D$2 -> 1612.7839 | AJ47: =AJ46*$D$2 -> 0 | AK47: =AK46*$D$2 -> 8116.9977 | AL47: =AL46*$D$2 -> 1753.0457 | AM47: =AM46*$D$2 -> 9870.0435 | AN47: =AN46*$D$2 -> 6316.2574 | AO47: =AO46*$D$2 -> 0 | AU47: =AU46*$D$2 -> 0 | AW47: =MAX(AW15:AW44) -> 69 | AX47: =MAX(AX15:AX44) -> 48 | AY47: HI | AZ47: =AZ46*$D$2 -> 187.95646 | BA47: =BA46*$D$2 -> 11.901
A49: SEASON / CFS | AW49: =MIN(AW15:AW44) -> 34 | AX49: =MIN(AX15:AX44) -> 14 | AY49: LO
A50: SEASON / AF
A52: YTD / CFS | F52: =F13+F46 -> -2010.0832 | G52: =G13+G46 -> 2798 | H52: =H13+H46 -> 0.62 | I52: =I13+I46 -> 2798 | J52: =J13+J46 -> 167.99115 | K52: =K13+K46 -> 2965.9912 | L52: =L13+L46 -> -715.82319 | M52: =M13+M46 -> 94.76 | N52: =N13+N46 -> 0 | O52: 0 | P52: =P13+P46 -> 0 | Q52: =Q13+Q46 -> 44.174027 | R52: =R13+R46 -> 47.934083 | S52: =S13+S46 -> 0 | T52: =T13+T46 -> 15.505917 | U52: =U13+U46 -> -12.854027 | V52: =V13+V46 -> 3184.4 | W52: =W13+W46 -> 0 | ... Y52: =Y13+Y46 -> 3152.3634 | AC52: =AC13+AC46 -> 157.63259 | AE52: =AE13+AE46 -> 0 | AF52: =AF13+AF46 -> 0 | AG52: =AG13+AG46 -> 0 | AH52: =AH13+AH46 -> 813.1 | AI52: =AI44 -> 3321.4492 | AJ52: =AJ13+AJ46 -> 0 | AK52: =AK13+AK46 -> 4092.26 | AL52: =AL13+AL46 -> 883.81434 | AM52: =AM13+AM46 -> 4976.0743 | AN52: =AN13+AN46 -> 3184.4 | AO52: =AO13+AO46 -> 0 | AV52: =AV13+AV46 -> 0.79 | AZ52: =AZ13+AZ46 -> 94.76 | BA52: =BA13+BA46 -> 6
A53: YTD / AF | D53: =D13+D47 -> -3987 | E53: =E44 -> 29753 | F53: =F52*$D$2 -> -3987 | G53: =G52*$D$2 -> 5549.833 | H53: =H52*$D$2 -> 1.22977 | I53: =I52*$D$2 -> 5549.833 | J53: =J52*$D$2 -> 333.21046 | K53: =K52*$D$2 -> 5883.0435 | L53: =L52*$D$2 -> -1419.8353 | M53: =M52*$D$2 -> 187.95646 | ... Y53: =Y52*$D$2 -> 6252.7129 | AC53: =AC52*$D$2 -> 312.66425 | AE53: =AE52*$D$2 -> 0 | AF53: =AF52*$D$2 -> 0 | AG53: =AG52*$D$2 -> 0 | AH53: =AH52*$D$2 -> 1612.7839 | AI53: =AI52*$D$2 -> 6588.0946 | AJ53: =AJ52*$D$2 -> 0 | AK53: =AK52*$D$2 -> 8116.9977 | AL53: =AL52*$D$2 -> 1753.0457 | ... AO53: =AO52*$D$2 -> 0 | AZ53: =AZ52*$D$2 -> 187.95646 | BA53: =BA52*$D$2 -> 11.901

Sheet DEC
K1: MCPHEE RESERVOIR INFLOW/OUTFLOW TABULATION
A2: AF/cfs CONVERT FACTOR | D2: 1.9835 | K2: DECEMBER "2014"
D4: RESERVOIR | I4: INFLOW | X4: OUTFLOW | AP4: ADJUSTMENTS | AW4: WEATHER
A5: DATE | B5: RESERV | C5: RESERV | D5: AC FT | E5: ACTIVE | F5: CONV TO | G5: DOLORES | H5: LOST | I5: RECORD | J5: CALC | K5: TOTAL | L5: CALC | M5: DOLORES TUNNEL | V5: LONE | W5: U | X5: TOTAL | Y5: TOTAL | Z5: MVI | AA5: MVI | AB5: MVI | AC5: TO EX & | AD5: MVI | AE5: DV CR | AF5: D/S SENIOR | AH5: BELOW | AI5: FISH | AJ5: SPILL | AK5: RECORD | AL5: CALC | AM5: TOTAL | AN5: NAR | AO5: MVI | AP5: MVI | AQ5: MVI | AR5: DIST. | AS5: U/S | AT5: TOTTEN | AU5: UF&R | AV5: RAIN | AW5: MAX | AX5: MIN | AZ5: TOTAL | BA5: GRNDHOG | BB5: GRNDHOG
A6: DEC | B6: ELEV | D6: CHANGE | E6: CAP | F6: CFS | G6: RIVER | H6: CAN | I6: INFLOW | J6: INFLOW | K6: INFLOW | L6: INF/OTF | M6: TOT DIV | N6: WET | O6: UTE | P6: QUEST | Q6: MWC | R6: CORTEZ | T6: UTE | U6: F-BAY | V6: PINE | W6: LAT | X6: MVI | Y6: MVI | Z6: CALL | AA6: CALL | AB6: APR- | AC6: U/S EX | AD6: PROJ | AE6: CANAL | AF6: MVIC | AG6: PROJ | AH6: MCP | AI6: LEFT | AK6: OTF | AL6: OTF | AM6: OTF | AN6: FILLL | AO6: STOCK | AP6: STORED | AQ6: STORED | AR6: CLASS | AS6: USERS | AT6: (FRESH | AU6: LEASE | AW6: TMP | AX6: TMP | AZ6: TUNNEL | BA6: DISCHARGE | BB6: CAPACITY
N7: LAND | O7: F&R | Q7: NON - | R7: NON - | S7: PROJ | T7: PROJ | U7: BAL | X7: WATER | Y7: IRRIG. | Z7: STOR | AA7: SPILLED | AB7: JUNE | AF7: 1.7 | AG7: 1.3 | AI7: 29007 | AP7: Apr - Jun | AQ7: EVAP | AR7: "B" | AS7: EXCH | AT7: WATER) | AU7: WATER | AZ7: Misc.
Q8: PROJ | R8: PROJ | X8: USED | Y8: WATER | AA8: OR | AB8: (DIV+
R9: 4.2 | Y9: USED | AA9: USED | AB9: CALL) | BB9: FP = 5394
C10: AC. Ft. | E10: AC FT | G10: CFS | H10: CFS | I10: CFS | J10: CFS | K10: CFS | L10: CFS | M10: CFS | N10: CFS | O10: CFS | P10: CFS | Q10: CFS | R10: CFS | S10: CFS | T10: CFS | U10: CFS | V10: CFS | W10: CFS | X10: 153400 | Y10: 150400 | AB10: 72000 | AC10: CFS | AD10: CFS | AE10: CFS | AF10: CFS | AG10: CFS | AH10: CFS | AI10: CFS | AJ10: CFS | AK10: CFS | AL10: CFS | AM10: CFS | AN10: CFS | AO10: CFS | AP10: CFS | AQ10: AC.FT. | AR10: CFS | AS10: CFS | AT10: CFS | AU10: CFS | AZ10: Outflow | BA10: CFS | BB10: AC FT
N11: 1.03 | O11: 1.05 | P11: 1.02 | Q11: 1.02 | R11: 1.04 | T11: 1.04 | X11: CFS | Y11: CFS | Z11: CFS | AA11: CFS | AB11: Ac. Ft. | AZ11: CFS
A12: SEASON BAL
A13: YTD | B13: =NOV!B44 -> 6867.69 | C13: =NOV!C44 -> 181753 | D13: =NOV!D53 -> -3987 | E13: =NOV!E53 -> 29753 | F13: =NOV!F52 -> -2010.0832 | G13: =NOV!G52 -> 2798 | H13: =NOV!H52 -> 0.62 | I13: =NOV!I52 -> 2798 | J13: =NOV!J52 -> 167.99115 | K13: =NOV!K52 -> 2965.9912 | L13: =NOV!L52 -> -715.82319 | M13: =NOV!M52 -> 94.76 | ... Y13: =NOV!Y52 -> 3152.3634 | AC13: =NOV!AC52 -> 157.63259 | AH13: =NOV!AH52 -> 813.1 | AI13: =NOV!AI52 -> 3321.4492 | AK13: =NOV!AK52 -> 4092.26 | AL13: =NOV!AL52 -> 883.81434 | AM13: =NOV!AM52 -> 4976.0743 | AN13: =NOV!AN52 -> 3184.4 | AO13: =NOV!AO52 -> 0 | AV13: =NOV!AV52 -> 0.79 | AZ13: =NOV!AZ52 -> 94.76 | BA13: =NOV!BA52 -> 6
A15: 1 | B15: 6867.65 | C15: 181650 | D15: =C15-C13 -> -103 | E15: =C15-152000 -> 29650 | F15: =D15/$D$2 -> -51.928409 | G15: 83 | H15: 0 | I15: =G15+H15 -> 83 | J15: =IF(L15>0,L15,0) -> 0 | K15: =I15+J15 -> 83 | L15: =F15-(I15-AK15) -> -37.168409 | M15: 3.16 | N15: 0 | O15: =0*1.05 -> 0 | P15: 0 | Q15: =841300/325851/1.9835*1.02 -> 1.3276995 | R15: =(2*1.04)-T15 -> 1.5785182 | S15: 0 | T15: =(0.4549*1.06)*1.04 -> 0.50148176 | U15: =M15-(Q15+R15+S15+T15) -> -0.24769952 | V15: 69.6 | W15: 0 | X15: =M15-N15-P15-O15-Q15-R15-S15-T15-U15+V15+W15 -> 69.6 | Y15: =X15-AO15 -> 69.6 | AC15: 7.4937822 | AE15: 0 | AH15: 25 | AI15: =AI13-AH15 -> 3296.4492 | AK15: =N15+O15+P15+Q15+R15+S15+T15+U15+X15+AE15+AH15 -> 97.76 | AL15: =IF(L15<0,L15*-1,0) -> 37.168409 | AM15: =AK15+AL15 -> 134.92841 | AN15: =V15 -> 69.6 | AV15: 0 | AW15: 54 | AX15: 25 | AZ15: =SUM(N15,P15:U15) -> 3.16 | BA15: 0.2 | BB15: 15586
A16: =A15+1 -> 2 | B16: 6867.63 | C16: 181599 | D16: =C16-C15 -> -51 | E16: =C16-152000 -> 29599 | F16: =D16/$D$2 -> -25.712125 | G16: 77 | H16: 0 | I16: =G16+H16 -> 77 | J16: =IF(L16>0,L16,0) -> 0 | K16: =I16+J16 -> 77 | L16: =F16-(I16-AK16) -> -5.092125 | M16: 3.22 | N16: 0 | O16: =0*1.05 -> 0 | P16: 0 | Q16: =809100/325851/1.9835*1.02 -> 1.276883 | R16: =(1.8*1.04)-T16 -> 1.3705182 | S16: 0 | T16: =(0.4549*1.06)*1.04 -> 0.50148176 | U16: =M16-(Q16+R16+S16+T16) -> 0.071116985 | V16: 69.5 | W16: 0 | X16: =M16-N16-P16-O16-Q16-R16-S16-T16-U16+V16+W16 -> 69.5 | Y16: =X16-AO16 -> 69.5 | AC16: 0 | AE16: 0 | AH16: 24.9 | AI16: =AI15-AH16 -> 3271.5492 | AK16: =N16+O16+P16+Q16+R16+S16+T16+U16+X16+AE16+AH16 -> 97.62 | AL16: =IF(L16<0,L16*-1,0) -> 5.092125 | AM16: =AK16+AL16 -> 102.71213 | AN16: =V16 -> 69.5 | AV16: 0.01 | AW16: 50 | AX16: 29 | AZ16: =SUM(N16,P16:U16) -> 3.22 | BA16: 0.2 | BB16: 15585
A17: =A16+1 -> 3 | B17: 6867.62 | C17: 181573 | D17: =C17-C16 -> -26 | E17: =C17-152000 -> 29573 | F17: =D17/$D$2 -> -13.108142 | G17: 81 | H17: 0 | I17: =G17+H17 -> 81 | J17: =IF(L17>0,L17,0) -> 3.5518578 | K17: =I17+J17 -> 84.551858 | L17: =F17-(I17-AK17) -> 3.5518578 | M17: 3.16 | N17: 0 | O17: =0*1.05 -> 0 | P17: 0 | Q17: =904200/325851/1.9835*1.02 -> 1.4269653 | R17: =(1.9*1.04)-T17 -> 1.4745182 | S17: 0 | T17: =(0.4549*1.06)*1.04 -> 0.50148176 | U17: =M17-(Q17+R17+S17+T17) -> -0.2429653 | V17: 69.5 | W17: 0 | X17: =M17-N17-P17-O17-Q17-R17-S17-T17-U17+V17+W17 -> 69.5 | Y17: =X17-AO17 -> 69.5 | AC17: 1.5985165 | AE17: 0 | AH17: 25 | AI17: =AI16-AH17 -> 3246.5492 | AK17: =N17+O17+P17+Q17+R17+S17+T17+U17+X17+AE17+AH17 -> 97.66 | AL17: =IF(L17<0,L17*-1,0) -> 0 | AM17: =AK17+AL17 -> 97.66 | AN17: =V17 -> 69.5 | AV17: 0 | AW17: 53 | AX17: 28 | AZ17: =SUM(N17,P17:U17) -> 3.16 | BA17: 0.2 | BB17: 15591
A18: =A17+1 -> 4 | B18: 6867.6 | C18: 181521 | D18: =C18-C17 -> -52 | E18: =C18-152000 -> 29521 | F18: =D18/$D$2 -> -26.216284 | G18: 84 | H18: 0 | I18: =G18+H18 -> 84 | J18: =IF(L18>0,L18,0) -> 0 | K18: =I18+J18 -> 84 | L18: =F18-(I18-AK18) -> -12.396284 | M18: 3.22 | N18: 0 | O18: =0*1.05 -> 0 | P18: 0 | Q18: =804900/325851/1.9835*1.02 -> 1.2702548 | R18: =(2*1.04)-T18 -> 1.5785182 | S18: 0 | T18: =(0.4549*1.06)*1.04 -> 0.50148176 | U18: =M18-(Q18+R18+S18+T18) -> -0.13025478 | V18: 69.6 | W18: 0 | X18: =M18-N18-P18-O18-Q18-R18-S18-T18-U18+V18+W18 -> 69.6 | Y18: =X18-AO18 -> 69.6 | AC18: 6.551227 | AE18: 0 | AH18: 25 | AI18: =AI17-AH18 -> 3221.5492 | AK18: =N18+O18+P18+Q18+R18+S18+T18+U18+X18+AE18+AH18 -> 97.82 | AL18: =IF(L18<0,L18*-1,0) -> 12.396284 | AM18: =AK18+AL18 -> 110.21628 | AN18: =V18 -> 69.6 | AV18: 0.11 | AW18: 47 | AX18: 37 | AZ18: =SUM(N18,P18:U18) -> 3.22 | BA18: 0.2 | BB18: 15600
A19: =A18+1 -> 5 | B19: 6867.6 | C19: 181521 | D19: =C19-C18 -> 0 | E19: =C19-152000 -> 29521 | F19: =D19/$D$2 -> 0 | G19: 84 | H19: 0 | I19: =G19+H19 -> 84 | J19: =IF(L19>0,L19,0) -> 13.72 | K19: =I19+J19 -> 97.72 | L19: =F19-(I19-AK19) -> 13.72 | M19: 3.22 | N19: 0 | O19: =0*1.05 -> 0 | P19: 0 | Q19: =801500/325851/1.9835*1.02 -> 1.2648891 | R19: =(2*1.04)-T19 -> 1.6126926 | S19: 0 | T19: =(0.4239*1.06)*1.04 -> 0.46730736 | U19: =M19-(Q19+R19+S19+T19) -> -0.12488906 | V19: 69.6 | W19: 0 | X19: =M19-N19-P19-O19-Q19-R19-S19-T19-U19+V19+W19 -> 69.6 | Y19: =X19-AO19 -> 69.6 | AC19: 3.5224183 | AE19: 0 | AH19: 24.9 | AI19: =AI18-AH19 -> 3196.6492 | AK19: =N19+O19+P19+Q19+R19+S19+T19+U19+X19+AE19+AH19 -> 97.72 | AL19: =IF(L19<0,L19*-1,0) -> 0 | AM19: =AK19+AL19 -> 97.72 | AN19: =V19 -> 69.6 | AV19: 0.01 | AW19: 51 | AX19: 33 | AZ19: =SUM(N19,P19:U19) -> 3.22 | BA19: 0.2 | BB19: 15610
A20: =A19+1 -> 6 | B20: 6867.58 | C20: 181470 | D20: =C20-C19 -> -51 | E20: =C20-152000 -> 29470 | F20: =D20/$D$2 -> -25.712125 | G20: 80 | H20: 0 | I20: =G20+H20 -> 80 | J20: =IF(L20>0,L20,0) -> 0 | K20: =I20+J20 -> 80 | L20: =F20-(I20-AK20) -> -8.192125 | M20: 3.22 | N20: 0 | O20: =0*1.05 -> 0 | P20: 0 | Q20: =800200/325851/1.9835*1.02 -> 1.2628375 | R20: =(2*1.04)-T20 -> 1.6126926 | S20: 0 | T20: =(0.4239*1.06)*1.04 -> 0.46730736 | U20: =M20-(Q20+R20+S20+T20) -> -0.12283746 | V20: 69.3 | W20: 0 | X20: =M20-N20-P20-O20-Q20-R20-S20-T20-U20+V20+W20 -> 69.3 | Y20: =X20-AO20 -> 69.3 | AC20: 0 | AE20: 0 | AH20: 25 | AI20: =AI19-AH20 -> 3171.6492 | AK20: =N20+O20+P20+Q20+R20+S20+T20+U20+X20+AE20+AH20 -> 97.52 | AL20: =IF(L20<0,L20*-1,0) -> 8.192125 | AM20: =AK20+AL20 -> 105.71213 | AN20: =V20 -> 69.3 | AV20: 0 | AW20: 52 | AX20: 32 | AZ20: =SUM(N20,P20:U20) -> 3.22 | BA20: 0.2 | BB20: 15618
A21: =A20+1 -> 7 | B21: 6867.55 | C21: 181393 | D21: =C21-C20 -> -77 | E21: =C21-152000 -> 29393 | F21: =D21/$D$2 -> -38.820267 | G21: 72 | H21: 0 | I21: =G21+H21 -> 72 | J21: =IF(L21>0,L21,0) -> 0 | K21: =I21+J21 -> 72 | L21: =F21-(I21-AK21) -> -14.060267 | M21: 2.76 | N21: 0 | O21: =0*1.05 -> 0 | P21: 0 | Q21: =983800/325851/1.9835*1.02 -> 1.5525862 | R21: =(1.9*1.04)-T21 -> 1.5086926 | S21: 0 | T21: =(0.4239*1.06)*1.04 -> 0.46730736 | U21: =M21-(Q21+R21+S21+T21) -> -0.76858622 | V21: 69 | W21: 0 | X21: =M21-N21-P21-O21-Q21-R21-S21-T21-U21+V21+W21 -> 69 | Y21: =X21-AO21 -> 69 | AC21: 0 | AE21: 0 | AH21: 25 | AI21: =AI20-AH21 -> 3146.6492 | AK21: =N21+O21+P21+Q21+R21+S21+T21+U21+X21+AE21+AH21 -> 96.76 | AL21: =IF(L21<0,L21*-1,0) -> 14.060267 | AM21: =AK21+AL21 -> 110.82027 | AN21: =V21 -> 69 | AV21: 0 | AW21: 56 | AX21: 28 | AZ21: =SUM(N21,P21:U21) -> 2.76 | BA21: 0.2 | BB21: 15635
A22: =A21+1 -> 8 | B22: 6867.52 | C22: 181316 | D22: =C22-C21 -> -77 | E22: =C22-152000 -> 29316 | F22: =D22/$D$2 -> -38.820267 | G22: 65 | H22: 0 | I22: =G22+H22 -> 65 | J22: =IF(L22>0,L22,0) -> 0 | K22: =I22+J22 -> 65 | L22: =F22-(I22-AK22) -> -7.1602672 | M22: 2.76 | N22: 0 | O22: =0*1.05 -> 0 | P22: 0 | Q22: =778900/325851/1.9835*1.02 -> 1.2292228 | R22: =(2*1.04)-T22 -> 1.6126926 | S22: 0 | T22: =(0.4239*1.06)*1.04 -> 0.46730736 | U22: =M22-(Q22+R22+S22+T22) -> -0.54922282 | V22: 68.8 | W22: 0 | X22: =M22-N22-P22-O22-Q22-R22-S22-T22-U22+V22+W22 -> 68.8 | Y22: =X22-AO22 -> 68.8 | AC22: 0 | AE22: 0 | AH22: 25.1 | AI22: =AI21-AH22 -> 3121.5492 | AK22: =N22+O22+P22+Q22+R22+S22+T22+U22+X22+AE22+AH22 -> 96.66 | AL22: =IF(L22<0,L22*-1,0) -> 7.1602672 | AM22: =AK22+AL22 -> 103.82027 | AN22: =V22 -> 68.8 | AV22: 0 | AW22: 59 | AX22: 28 | AZ22: =SUM(N22,P22:U22) -> 2.76 | BA22: 0.2 | BB22: 15765
A23: =A22+1 -> 9 | B23: 6867.47 | C23: 181187 | D23: =C23-C22 -> -129 | E23: =C23-152000 -> 29187 | F23: =D23/$D$2 -> -65.036552 | G23: 64 | H23: 0 | I23: =G23+H23 -> 64 | J23: =IF(L23>0,L23,0) -> 0 | K23: =I23+J23 -> 64 | L23: =F23-(I23-AK23) -> -31.556552 | M23: 3.58 | N23: 0 | O23: =0*1.05 -> 0 | P23: 0 | Q23: =836800/325851/1.9835*1.02 -> 1.3205978 | R23: =(1.9*1.04)-T23 -> 1.5086926 | S23: 0 | T23: =(0.4239*1.06)*1.04 -> 0.46730736 | U23: =M23-(Q23+R23+S23+T23) -> 0.28340217 | V23: 68.7 | W23: 0 | X23: =M23-N23-P23-O23-Q23-R23-S23-T23-U23+V23+W23 -> 68.7 | Y23: =X23-AO23 -> 68.7 | AC23: 0 | AE23: 0 | AH23: 25.2 | AI23: =AI22-AH23 -> 3096.3492 | AK23: =N23+O23+P23+Q23+R23+S23+T23+U23+X23+AE23+AH23 -> 97.48 | AL23: =IF(L23<0,L23*-1,0) -> 31.556552 | AM23: =AK23+AL23 -> 129.03655 | AN23: =V23 -> 68.7 | AV23: 0 | AW23: 58 | AX23: 26 | AZ23: =SUM(N23,P23:U23) -> 3.58 | BA23: 0.2 | BB23: 15808
A24: =A23+1 -> 10 | B24: 6867.4 | C24: 181007 | D24: =C24-C23 -> -180 | E24: =C24-152000 -> 29007 | F24: =D24/$D$2 -> -90.748677 | G24: 65 | H24: 0 | I24: =G24+H24 -> 65 | J24: =IF(L24>0,L24,0) -> 0 | K24: =I24+J24 -> 65 | L24: =F24-(I24-AK24) -> -58.778677 | M24: 3.07 | N24: 0 | O24: =0*1.05 -> 0 | P24: 0 | Q24: =823200/325851/1.9835*1.02 -> 1.299135 | R24: =(1.8*1.04)-T24 -> 1.4046926 | S24: 0 | T24: =(0.4239*1.06)*1.04 -> 0.46730736 | U24: =M24-(Q24+R24+S24+T24) -> -0.10113496 | V24: 68.7 | W24: 0 | X24: =M24-N24-P24-O24-Q24-R24-S24-T24-U24+V24+W24 -> 68.7 | Y24: =X24-AO24 -> 68.7 | AC24: 0 | AE24: 0 | AH24: 25.2 | AI24: =AI23-AH24 -> 3071.1492 | AK24: =N24+O24+P24+Q24+R24+S24+T24+U24+X24+AE24+AH24 -> 96.97 | AL24: =IF(L24<0,L24*-1,0) -> 58.778677 | AM24: =AK24+AL24 -> 155.74868 | AN24: =V24 -> 68.7 | AV24: 0 | AW24: 55 | AX24: 26 | AZ24: =SUM(N24,P24:U24) -> 3.07 | BA24: 0.2 | BB24: 15863
A25: =A24+1 -> 11 | B25: 6867.36 | C25: 180904 | D25: =C25-C24 -> -103 | E25: =C25-152000 -> 28904 | F25: =D25/$D$2 -> -51.928409 | G25: 68 | H25: 0 | I25: =G25+H25 -> 68 | J25: =IF(L25>0,L25,0) -> 0 | K25: =I25+J25 -> 68 | L25: =F25-(I25-AK25) -> -23.028409 | M25: 2.9 | N25: 0 | O25: =0*1.05 -> 0 | P25: 0 | Q25: =823400/325851/1.9835*1.02 -> 1.2994506 | R25: =(2*1.04)-T25 -> 1.6126926 | S25: 0 | T25: =(0.4239*1.06)*1.04 -> 0.46730736 | U25: =M25-(Q25+R25+S25+T25) -> -0.47945059 | V25: 68.7 | W25: 0 | X25: =M25-N25-P25-O25-Q25-R25-S25-T25-U25+V25+W25 -> 68.7 | Y25: =X25-AO25 -> 68.7 | AC25: 0 | AE25: 0 | AH25: 25.3 | AI25: =AI24-AH25 -> 3045.8492 | AK25: =N25+O25+P25+Q25+R25+S25+T25+U25+X25+AE25+AH25 -> 96.9 | AL25: =IF(L25<0,L25*-1,0) -> 23.028409 | AM25: =AK25+AL25 -> 119.92841 | AN25: =V25 -> 68.7 | AV25: 0 | AW25: 58 | AX25: 27 | AZ25: =SUM(N25,P25:U25) -> 2.9 | BA25: 0.2 | BB25: 15860
A26: =A25+1 -> 12 | B26: 6867.35 | C26: 180879 | D26: =C26-C25 -> -25 | E26: =C26-152000 -> 28879 | F26: =D26/$D$2 -> -12.603983 | G26: 71 | H26: 0 | I26: =G26+H26 -> 71 | J26: =IF(L26>0,L26,0) -> 13.576017 | K26: =I26+J26 -> 84.576017 | L26: =F26-(I26-AK26) -> 13.576017 | M26: 3.18 | N26: 0 | O26: =0*1.05 -> 0 | P26: 0 | Q26: =801900/325851/1.9835*1.02 -> 1.2655203 | R26: =(2*1.04)-T26 -> 1.619748 | S26: 0 | T26: =(0.4175*1.06)*1.04 -> 0.460252 | U26: =M26-(Q26+R26+S26+T26) -> -0.16552032 | V26: 68.7 | W26: 0 | X26: =M26-N26-P26-O26-Q26-R26-S26-T26-U26+V26+W26 -> 68.7 | Y26: =X26-AO26 -> 68.7 | AC26: 0 | AE26: 0 | AH26: 25.3 | AI26: =AI25-AH26 -> 3020.5492 | AK26: =N26+O26+P26+Q26+R26+S26+T26+U26+X26+AE26+AH26 -> 97.18 | AL26: =IF(L26<0,L26*-1,0) -> 0 | AM26: =AK26+AL26 -> 97.18 | AN26: =V26 -> 68.7 | AV26: 0 | AW26: 61 | AX26: 30 | AZ26: =SUM(N26,P26:U26) -> 3.18 | BA26: 0.2 | BB26: 15741
A27: =A26+1 -> 13 | B27: 6867.36 | C27: 180904 | D27: =C27-C26 -> 25 | E27: =C27-152000 -> 28904 | F27: =D27/$D$2 -> 12.603983 | G27: 73 | H27: 0 | I27: =G27+H27 -> 73 | J27: =IF(L27>0,L27,0) -> 36.693983 | K27: =I27+J27 -> 109.69398 | L27: =F27-(I27-AK27) -> 36.693983 | M27: 2.99 | N27: 0 | O27: =0*1.05 -> 0 | P27: 0 | Q27: =777000/325851/1.9835*1.02 -> 1.2262243 | R27: =(2*1.04)-T27 -> 1.619748 | S27: 0 | T27: =(0.4175*1.06)*1.04 -> 0.460252 | U27: =M27-(Q27+R27+S27+T27) -> -0.31622433 | V27: 68.7 | W27: 0 | X27: =M27-N27-P27-O27-Q27-R27-S27-T27-U27+V27+W27 -> 68.7 | Y27: =X27-AO27 -> 68.7 | AC27: 0 | AE27: 0 | AH27: 25.4 | AI27: =AI26-AH27 -> 2995.1492 | AK27: =N27+O27+P27+Q27+R27+S27+T27+U27+X27+AE27+AH27 -> 97.09 | AL27: =IF(L27<0,L27*-1,0) -> 0 | AM27: =AK27+AL27 -> 97.09 | AN27: =V27 -> 68.7 | AV27: 0.26 | AW27: 52 | AX27: 25 | AZ27: =SUM(N27,P27:U27) -> 2.99 | BA27: 0.2 | BB27: 15730
A28: =A27+1 -> 14 | B28: 6867.36 | C28: 180904 | D28: =C28-C27 -> 0 | E28: =C28-152000 -> 28904 | F28: =D28/$D$2 -> 0 | G28: 69 | H28: 0 | I28: =G28+H28 -> 69 | J28: =IF(L28>0,L28,0) -> 27.56 | K28: =I28+J28 -> 96.56 | L28: =F28-(I28-AK28) -> 27.56 | M28: 2.36 | N28: 0 | O28: =0*1.05 -> 0 | P28: 0 | Q28: =944000/325851/1.9835*1.02 -> 1.4897758 | R28: =(2*1.04)-T28 -> 1.619748 | S28: 0 | T28: =(0.4175*1.06)*1.04 -> 0.460252 | U28: =M28-(Q28+R28+S28+T28) -> -1.2097758 | V28: 68.7 | W28: 0 | X28: =M28-N28-P28-O28-Q28-R28-S28-T28-U28+V28+W28 -> 68.7 | Y28: =X28-AO28 -> 68.7 | AC28: 0 | AE28: 0 | AH28: 25.5 | AI28: =AI27-AH28 -> 2969.6492 | AK28: =N28+O28+P28+Q28+R28+S28+T28+U28+X28+AE28+AH28 -> 96.56 | AL28: =IF(L28<0,L28*-1,0) -> 0 | AM28: =AK28+AL28 -> 96.56 | AN28: =V28 -> 68.7 | AV28: 0.11 | AW28: 37 | AX28: 18 | AZ28: =SUM(N28,P28:U28) -> 2.36 | BA28: 0.2 | BB28: 15763
A29: =A28+1 -> 15 | B29: 6867.33 | C29: 180827 | D29: =C29-C28 -> -77 | E29: =C29-152000 -> 28827 | F29: =D29/$D$2 -> -38.820267 | G29: 63 | H29: 0 | I29: =G29+H29 -> 63 | J29: =IF(L29>0,L29,0) -> 0 | K29: =I29+J29 -> 63 | L29: =F29-(I29-AK29) -> -41.970267 | M29: 3.55 | N29: 0 | O29: =0*1.05 -> 0 | P29: 0 | Q29: =747300/325851/1.9835*1.02 -> 1.1793532 | R29: =(2.1*1.04)-T29 -> 1.723748 | S29: 0 | T29: =(0.4175*1.06)*1.04 -> 0.460252 | U29: =M29-(Q29+R29+S29+T29) -> 0.1866468 | V29: 30.8 | W29: 0 | X29: =M29-N29-P29-O29-Q29-R29-S29-T29-U29+V29+W29 -> 30.8 | Y29: =X29-AO29 -> 30.8 | AC29: 26.296899 | AE29: 0 | AH29: 25.5 | AI29: =AI28-AH29 -> 2944.1492 | AK29: =N29+O29+P29+Q29+R29+S29+T29+U29+X29+AE29+AH29 -> 59.85 | AL29: =IF(L29<0,L29*-1,0) -> 41.970267 | AM29: =AK29+AL29 -> 101.82027 | AN29: =V29 -> 30.8 | AV29: 0.01 | AW29: 41 | AX29: 15 | AZ29: =SUM(N29,P29:U29) -> 3.55 | BA29: 0.2 | BB29: 15794
A30: =A29+1 -> 16 | B30: 6867.33 | C30: 180827 | D30: =C30-C29 -> 0 | E30: =C30-152000 -> 28827 | F30: =D30/$D$2 -> 0 | G30: 66 | H30: 0 | I30: =G30+H30 -> 66 | J30: =IF(L30>0,L30,0) -> 0 | K30: =I30+J30 -> 66 | L30: =F30-(I30-AK30) -> -35.89 | M30: 2.92 | N30: 0 | O30: =0*1.05 -> 0 | P30: 0 | Q30: =856600/325851/1.9835*1.02 -> 1.3518452 | R30: =(2.6*1.04)-T30 -> 2.243748 | S30: 0 | T30: =(0.4175*1.06)*1.04 -> 0.460252 | U30: =M30-(Q30+R30+S30+T30) -> -1.1358452 | V30: 1.69 | W30: 0 | X30: =M30-N30-P30-O30-Q30-R30-S30-T30-U30+V30+W30 -> 1.69 | Y30: =X30-AO30 -> 1.69 | AC30: 57.714407 | AE30: 0 | AH30: 25.5 | AI30: =AI29-AH30 -> 2918.6492 | AK30: =N30+O30+P30+Q30+R30+S30+T30+U30+X30+AE30+AH30 -> 30.11 | AL30: =IF(L30<0,L30*-1,0) -> 35.89 | AM30: =AK30+AL30 -> 66 | AN30: =V30 -> 1.69 | AV30: 0 | AW30: 48 | AX30: 23 | AZ30: =SUM(N30,P30:U30) -> 2.92 | BA30: 0.2 | BB30: 15851
A31: =A30+1 -> 17 | B31: 6867.39 | C31: 180982 | D31: =C31-C30 -> 155 | E31: =C31-152000 -> 28982 | F31: =D31/$D$2 -> 78.144694 | G31: 64 | H31: 0.399 | I31: =G31+H31 -> 64.399 | J31: =IF(L31>0,L31,0) -> 42.125694 | K31: =I31+J31 -> 106.52469 | L31: =F31-(I31-AK31) -> 42.125694 | M31: 2.88 | N31: 0 | O31: =0*1.05 -> 0 | P31: 0 | Q31: =822600/325851/1.9835*1.02 -> 1.2981881 | R31: =(1.2*1.04)-T31 -> 0.787748 | S31: 0 | T31: =(0.4175*1.06)*1.04 -> 0.460252 | U31: =M31-(Q31+R31+S31+T31) -> 0.33381193 | V31: 0 | W31: 0 | X31: =M31-N31-P31-O31-Q31-R31-S31-T31-U31+V31+W31 -> 0 | Y31: =X31-AO31 -> 0 | AC31: 58.914064 | AE31: 0 | AH31: 25.5 | AI31: =AI30-AH31 -> 2893.1492 | AK31: =N31+O31+P31+Q31+R31+S31+T31+U31+X31+AE31+AH31 -> 28.38 | AL31: =IF(L31<0,L31*-1,0) -> 0 | AM31: =AK31+AL31 -> 28.38 | AN31: =V31 -> 0 | AV31: 0.17 | AW31: 42 | AX31: 28 | AZ31: =SUM(N31,P31:U31) -> 2.88 | BA31: 0.2 | BB31: 15870
A32: =A31+1 -> 18 | B32: 6867.45 | C32: 181136 | D32: =C32-C31 -> 154 | E32: =C32-152000 -> 29136 | F32: =D32/$D$2 -> 77.640534 | G32: 63 | H32: 1.21 | I32: =G32+H32 -> 64.21 | J32: =IF(L32>0,L32,0) -> 42.470534 | K32: =I32+J32 -> 106.68053 | L32: =F32-(I32-AK32) -> 42.470534 | M32: 3.54 | N32: 0 | O32: =0*1.05 -> 0 | P32: 0 | Q32: =871100/325851/1.9835*1.02 -> 1.3747285 | R32: =(2*1.04)-T32 -> 1.619748 | S32: 0 | T32: =(0.4175*1.06)*1.04 -> 0.460252 | U32: =M32-(Q32+R32+S32+T32) -> 0.085271543 | V32: 0 | W32: 0 | X32: =M32-N32-P32-O32-Q32-R32-S32-T32-U32+V32+W32 -> 0 | Y32: =X32-AO32 -> 0 | AC32: 57.005524 | AE32: 0 | AH32: 25.5 | AI32: =AI31-AH32 -> 2867.6492 | AK32: =N32+O32+P32+Q32+R32+S32+T32+U32+X32+AE32+AH32 -> 29.04 | AL32: =IF(L32<0,L32*-1,0) -> 0 | AM32: =AK32+AL32 -> 29.04 | AN32: =V32 -> 0 | AV32: 0.05 | AW32: 39 | AX32: 19 | AZ32: =SUM(N32,P32:U32) -> 3.54 | BA32: 0.2 | BB32: 15891
A33: =A32+1 -> 19 | B33: 6867.42 | C33: 181059 | D33: =C33-C32 -> -77 | E33: =C33-152000 -> 29059 | F33: =D33/$D$2 -> -38.820267 | G33: 63 | H33: 0.99 | I33: =G33+H33 -> 63.99 | J33: =IF(L33>0,L33,0) -> 0 | K33: =I33+J33 -> 63.99 | L33: =F33-(I33-AK33) -> -74.090267 | M33: 3.22 | N33: 0 | O33: =0*1.05 -> 0 | P33: 0 | Q33: =809900/325851/1.9835*1.02 -> 1.2781455 | R33: =(2*1.04)-T33 -> 1.586676 | S33: 0 | T33: =(0.4475*1.06)*1.04 -> 0.493324 | U33: =M33-(Q33+R33+S33+T33) -> -0.13814554 | V33: 0 | W33: 0 | X33: =M33-N33-P33-O33-Q33-R33-S33-T33-U33+V33+W33 -> 0 | Y33: =X33-AO33 -> 0 | AC33: 57.135178 | AE33: 0 | AH33: 25.5 | AI33: =AI32-AH33 -> 2842.1492 | AK33: =N33+O33+P33+Q33+R33+S33+T33+U33+X33+AE33+AH33 -> 28.72 | AL33: =IF(L33<0,L33*-1,0) -> 74.090267 | AM33: =AK33+AL33 -> 102.81027 | AN33: =V33 -> 0 | AV33: 0.01 | AW33: 42 | AX33: 15 | AZ33: =SUM(N33,P33:U33) -> 3.22 | BA33: 0.2 | BB33: 15900
A34: =A33+1 -> 20 | B34: 6867.41 | C34: 181033 | D34: =C34-C33 -> -26 | E34: =C34-152000 -> 29033 | F34: =D34/$D$2 -> -13.108142 | G34: 63 | H34: 1.09 | I34: =G34+H34 -> 64.09 | J34: =IF(L34>0,L34,0) -> 0 | K34: =I34+J34 -> 64.09 | L34: =F34-(I34-AK34) -> -48.768142 | M34: 2.93 | N34: 0 | O34: =0*1.05 -> 0 | P34: 0 | Q34: =817700/325851/1.9835*1.02 -> 1.2904551 | R34: =(2*1.04)-T34 -> 1.586676 | S34: 0 | T34: =(0.4475*1.06)*1.04 -> 0.493324 | U34: =M34-(Q34+R34+S34+T34) -> -0.44045512 | V34: 0 | W34: 0 | X34: =M34-N34-P34-O34-Q34-R34-S34-T34-U34+V34+W34 -> 0 | Y34: =X34-AO34 -> 0 | AC34: 57.122869 | AE34: 0 | AH34: 25.5 | AI34: =AI33-AH34 -> 2816.6492 | AK34: =N34+O34+P34+Q34+R34+S34+T34+U34+X34+AE34+AH34 -> 28.43 | AL34: =IF(L34<0,L34*-1,0) -> 48.768142 | AM34: =AK34+AL34 -> 77.198142 | AN34: =V34 -> 0 | AV34: 0 | AW34: 41 | AX34: 20 | AZ34: =SUM(N34,P34:U34) -> 2.93 | BA34: 0.2 | BB34: 15914
A35: =A34+1 -> 21 | B35: 6867.43 | C35: 181084 | D35: =C35-C34 -> 51 | E35: =C35-152000 -> 29084 | F35: =D35/$D$2 -> 25.712125 | G35: 62 | H35: 1.3 | I35: =G35+H35 -> 63.3 | J35: =IF(L35>0,L35,0) -> 0 | K35: =I35+J35 -> 63.3 | L35: =F35-(I35-AK35) -> -9.357875 | M35: 2.73 | N35: 0 | O35: =0*1.05 -> 0 | P35: 0 | Q35: =1036600/325851/1.9835*1.02 -> 1.6359127 | R35: =(1.9*1.04)-T35 -> 1.482676 | S35: 0 | T35: =(0.4475*1.06)*1.04 -> 0.493324 | U35: =M35-(Q35+R35+S35+T35) -> -0.88191266 | V35: 0 | W35: 0 | X35: =M35-N35-P35-O35-Q35-R35-S35-T35-U35+V35+W35 -> 0 | Y35: =X35-AO35 -> 0 | AC35: 55.881411 | AE35: 0 | AH35: 25.5 | AI35: =AI34-AH35 -> 2791.1492 | AK35: =N35+O35+P35+Q35+R35+S35+T35+U35+X35+AE35+AH35 -> 28.23 | AL35: =IF(L35<0,L35*-1,0) -> 9.357875 | AM35: =AK35+AL35 -> 37.587875 | AN35: =V35 -> 0 | AV35: 0 | AW35: 44 | AX35: 23 | AZ35: =SUM(N35,P35:U35) -> 2.73 | BA35: 0.2 | BB35: 15917
A36: =A35+1 -> 22 | B36: 6867.52 | C36: 181316 | D36: =C36-C35 -> 232 | E36: =C36-152000 -> 29316 | F36: =D36/$D$2 -> 116.96496 | G36: 61 | H36: 1.53 | I36: =G36+H36 -> 62.53 | J36: =IF(L36>0,L36,0) -> 82.834961 | K36: =I36+J36 -> 145.36496 | L36: =F36-(I36-AK36) -> 82.834961 | M36: 2.9 | N36: 0 | O36: =0*1.05 -> 0 | P36: 0 | Q36: =717600/325851/1.9835*1.02 -> 1.1324821 | R36: =(2*1.04)-T36 -> 1.586676 | S36: 0 | T36: =(0.4475*1.06)*1.04 -> 0.493324 | U36: =M36-(Q36+R36+S36+T36) -> -0.31248208 | V36: 0 | W36: 0 | X36: =M36-N36-P36-O36-Q36-R36-S36-T36-U36+V36+W36 -> 0 | Y36: =X36-AO36 -> 0 | AC36: 55.280842 | AE36: 0 | AH36: 25.5 | AI36: =AI35-AH36 -> 2765.6492 | AK36: =N36+O36+P36+Q36+R36+S36+T36+U36+X36+AE36+AH36 -> 28.4 | AL36: =IF(L36<0,L36*-1,0) -> 0 | AM36: =AK36+AL36 -> 28.4 | AN36: =V36 -> 0 | AV36: 0.02 | AW36: 48 | AX36: 26 | AZ36: =SUM(N36,P36:U36) -> 2.9 | BA36: 0.2 | BB36: 15908
A37: =A36+1 -> 23 | B37: 6867.52 | C37: 181316 | D37: =C37-C36 -> 0 | E37: =C37-152000 -> 29316 | F37: =D37/$D$2 -> 0 | G37: 60 | H37: 1.44 | I37: =G37+H37 -> 61.44 | J37: =IF(L37>0,L37,0) -> 0 | K37: =I37+J37 -> 61.44 | L37: =F37-(I37-AK37) -> -33.04 | M37: 2.9 | N37: 0 | O37: =0*1.05 -> 0 | P37: 0 | Q37: =797500/325851/1.9835*1.02 -> 1.2585764 | R37: =(2*1.04)-T37 -> 1.586676 | S37: 0 | T37: =(0.4475*1.06)*1.04 -> 0.493324 | U37: =M37-(Q37+R37+S37+T37) -> -0.43857645 | V37: 0 | W37: 0 | X37: =M37-N37-P37-O37-Q37-R37-S37-T37-U37+V37+W37 -> 0 | Y37: =X37-AO37 -> 0 | AC37: 54.154748 | AE37: 0 | AH37: 25.5 | AI37: =AI36-AH37 -> 2740.1492 | AK37: =N37+O37+P37+Q37+R37+S37+T37+U37+X37+AE37+AH37 -> 28.4 | AL37: =IF(L37<0,L37*-1,0) -> 33.04 | AM37: =AK37+AL37 -> 61.44 | AN37: =V37 -> 0 | AV37: 0 | AW37: 35 | AX37: 19 | AZ37: =SUM(N37,P37:U37) -> 2.9 | BA37: 0.2 | BB37: 15925
A38: =A37+1 -> 24 | B38: 6867.5 | C38: 181264 | D38: =C38-C37 -> -52 | E38: =C38-152000 -> 29264 | F38: =D38/$D$2 -> -26.216284 | G38: 61 | H38: 1.09 | I38: =G38+H38 -> 62.09 | J38: =IF(L38>0,L38,0) -> 0 | K38: =I38+J38 -> 62.09 | L38: =F38-(I38-AK38) -> -59.606284 | M38: 3.2 | N38: 0 | O38: =0*1.05 -> 0 | P38: 0 | Q38: =1028300/325851/1.9835*1.02 -> 1.622814 | R38: =(2*1.04)-T38 -> 1.586676 | S38: 0 | T38: =(0.4475*1.06)*1.04 -> 0.493324 | U38: =M38-(Q38+R38+S38+T38) -> -0.502814 | V38: 0 | W38: 0 | X38: =M38-N38-P38-O38-Q38-R38-S38-T38-U38+V38+W38 -> 0 | Y38: =X38-AO38 -> 0 | AC38: 54.79051 | AE38: 0 | AH38: 25.5 | AI38: =AI37-AH38 -> 2714.6492 | AK38: =N38+O38+P38+Q38+R38+S38+T38+U38+X38+AE38+AH38 -> 28.7 | AL38: =IF(L38<0,L38*-1,0) -> 59.606284 | AM38: =AK38+AL38 -> 88.306284 | AN38: =V38 -> 0 | AV38: 0 | AW38: 42 | AX38: 12 | AZ38: =SUM(N38,P38:U38) -> 3.2 | BA38: 0.2 | BB38: 16039
A39: =A38+1 -> 25 | B39: 6867.53 | C39: 181341 | D39: =C39-C38 -> 77 | E39: =C39-152000 -> 29341 | F39: =D39/$D$2 -> 38.820267 | G39: 62 | H39: 1.38 | I39: =G39+H39 -> 63.38 | J39: =IF(L39>0,L39,0) -> 4.4902672 | K39: =I39+J39 -> 67.870267 | L39: =F39-(I39-AK39) -> 4.4902672 | M39: 3.55 | N39: 0 | O39: =0*1.05 -> 0 | P39: 0 | Q39: =850700/325851/1.9835*1.02 -> 1.3425341 | R39: =(2*1.04)-T39 -> 1.586676 | S39: 0 | T39: =(0.4475*1.06)*1.04 -> 0.493324 | U39: =M39-(Q39+R39+S39+T39) -> 0.12746585 | V39: 0 | W39: 0 | X39: =M39-N39-P39-O39-Q39-R39-S39-T39-U39+V39+W39 -> 0 | Y39: =X39-AO39 -> 0 | AC39: 56.07079 | AE39: 0 | AH39: 25.5 | AI39: =AI38-AH39 -> 2689.1492 | AK39: =N39+O39+P39+Q39+R39+S39+T39+U39+X39+AE39+AH39 -> 29.05 | AL39: =IF(L39<0,L39*-1,0) -> 0 | AM39: =AK39+AL39 -> 29.05 | AN39: =V39 -> 0 | AV39: 0 | AW39: 38 | AX39: 13 | AZ39: =SUM(N39,P39:U39) -> 3.55 | BA39: 0.2 | BB39: 16122
A40: =A39+1 -> 26 | B40: 6867.55 | C40: 181393 | D40: =C40-C39 -> 52 | E40: =C40-152000 -> 29393 | F40: =D40/$D$2 -> 26.216284 | G40: 62 | H40: 1.56 | I40: =G40+H40 -> 63.56 | J40: =IF(L40>0,L40,0) -> 0 | K40: =I40+J40 -> 63.56 | L40: =F40-(I40-AK40) -> -9.1737157 | M40: 2.67 | N40: 0 | O40: =0*1.05 -> 0 | P40: 0 | Q40: =895200/325851/1.9835*1.02 -> 1.4127619 | R40: =(2*1.04)-T40 -> 1.4279304 | S40: 0 | T40: =(0.5915*1.06)*1.04 -> 0.6520696 | U40: =M40-(Q40+R40+S40+T40) -> -0.82276193 | V40: 0 | W40: 0 | X40: =M40-N40-P40-O40-Q40-R40-S40-T40-U40+V40+W40 -> 0 | Y40: =X40-AO40 -> 0 | AC40: 56.159308 | AE40: 0 | AH40: 25.5 | AI40: =AI39-AH40 -> 2663.6492 | AK40: =N40+O40+P40+Q40+R40+S40+T40+U40+X40+AE40+AH40 -> 28.17 | AL40: =IF(L40<0,L40*-1,0) -> 9.1737157 | AM40: =AK40+AL40 -> 37.343716 | AN40: =V40 -> 0 | AV40: 0.02 | AW40: 34 | AX40: 11 | AZ40: =SUM(N40,P40:U40) -> 2.67 | BA40: 0.2 | BB40: 16089
A41: =A40+1 -> 27 | B41: 6867.54 | C41: 181367 | D41: =C41-C40 -> -26 | E41: =C41-152000 -> 29367 | F41: =D41/$D$2 -> -13.108142 | G41: 60 | H41: 1.38 | I41: =G41+H41 -> 61.38 | J41: =IF(L41>0,L41,0) -> 0 | K41: =I41+J41 -> 61.38 | L41: =F41-(I41-AK41) -> -45.398142 | M41: 3.59 | N41: 0 | O41: =0*1.05 -> 0 | P41: 0 | Q41: =879400/325851/1.9835*1.02 -> 1.3878271 | R41: =(2*1.04)-T41 -> 1.4279304 | S41: 0 | T41: =(0.5915*1.06)*1.04 -> 0.6520696 | U41: =M41-(Q41+R41+S41+T41) -> 0.12217288 | V41: 0 | W41: 0 | X41: =M41-N41-P41-O41-Q41-R41-S41-T41-U41+V41+W41 -> 0 | Y41: =X41-AO41 -> 0 | AC41: 54.184242 | AE41: 0 | AH41: 25.5 | AI41: =AI40-AH41 -> 2638.1492 | AK41: =N41+O41+P41+Q41+R41+S41+T41+U41+X41+AE41+AH41 -> 29.09 | AL41: =IF(L41<0,L41*-1,0) -> 45.398142 | AM41: =AK41+AL41 -> 74.488142 | AN41: =V41 -> 0 | AV41: 0 | AW41: 33 | AX41: 2 | AZ41: =SUM(N41,P41:U41) -> 3.59 | BA41: 0.2 | BB41: 16113
A42: =A41+1 -> 28 | B42: 6867.54 | C42: 181367 | D42: =C42-C41 -> 0 | E42: =C42-152000 -> 29367 | F42: =D42/$D$2 -> 0 | G42: 59 | H42: 1.5 | I42: =G42+H42 -> 60.5 | J42: =IF(L42>0,L42,0) -> 0 | K42: =I42+J42 -> 60.5 | L42: =F42-(I42-AK42) -> -32.13 | M42: 2.87 | N42: 0 | O42: =0*1.05 -> 0 | P42: 0 | Q42: =984400/325851/1.9835*1.02 -> 1.5535331 | R42: =(2*1.04)-T42 -> 1.4279304 | S42: 0 | T42: =(0.5915*1.06)*1.04 -> 0.6520696 | U42: =M42-(Q42+R42+S42+T42) -> -0.76353311 | V42: 0 | W42: 0 | X42: =M42-N42-P42-O42-Q42-R42-S42-T42-U42+V42+W42 -> 0 | Y42: =X42-AO42 -> 0 | AC42: 53.018536 | AE42: 0 | AH42: 25.5 | AI42: =AI41-AH42 -> 2612.6492 | AK42: =N42+O42+P42+Q42+R42+S42+T42+U42+X42+AE42+AH42 -> 28.37 | AL42: =IF(L42<0,L42*-1,0) -> 32.13 | AM42: =AK42+AL42 -> 60.5 | AN42: =V42 -> 0 | AV42: 0 | AW42: 35 | AX42: 7 | AZ42: =SUM(N42,P42:U42) -> 2.87 | BA42: 0.2 | BB42: 16015
A43: =A42+1 -> 29 | B43: 6867.54 | C43: 181367 | D43: =C43-C42 -> 0 | E43: =C43-152000 -> 29367 | F43: =D43/$D$2 -> 0 | G43: 58 | H43: 1.41 | I43: =G43+H43 -> 59.41 | J43: =IF(L43>0,L43,0) -> 0 | K43: =I43+J43 -> 59.41 | L43: =F43-(I43-AK43) -> -31.01 | M43: 2.9 | N43: 0 | O43: =0*1.05 -> 0 | P43: 0 | Q43: =958800/325851/1.9835*1.02 -> 1.5131324 | R43: =(2.6*1.04)-T43 -> 2.0519304 | S43: 0 | T43: =(0.5915*1.06)*1.04 -> 0.6520696 | U43: =M43-(Q43+R43+S43+T43) -> -1.3171324 | V43: 0 | W43: 0 | X43: =M43-N43-P43-O43-Q43-R43-S43-T43-U43+V43+W43 -> 0 | Y43: =X43-AO43 -> 0 | AC43: 51.434937 | AE43: 0 | AH43: 25.5 | AI43: =AI42-AH43 -> 2587.1492 | AK43: =N43+O43+P43+Q43+R43+S43+T43+U43+X43+AE43+AH43 -> 28.4 | AL43: =IF(L43<0,L43*-1,0) -> 31.01 | AM43: =AK43+AL43 -> 59.41 | AN43: =V43 -> 0 | AV43: 0 | AW43: 35 | AX43: 10 | AZ43: =SUM(N43,P43:U43) -> 2.9 | BA43: 0.2 | BB43: 16003
A44: 30 | B44: 6867.54 | C44: 181367 | D44: =C44-C43 -> 0 | E44: =C44-152000 -> 29367 | F44: =D44/$D$2 -> 0 | G44: 58 | H44: 1.62 | I44: =G44+H44 -> 59.62 | J44: =IF(L44>0,L44,0) -> 0 | K44: =I44+J44 -> 59.62 | L44: =F44-(I44-AK44) -> -30.56 | M44: 3.56 | N44: 0 | O44: =0*1.05 -> 0 | P44: 0 | Q44: =811100/325851/1.9835*1.02 -> 1.2800393 | R44: =(1.3*1.04)-T44 -> 0.6999304 | S44: 0 | T44: =(0.5915*1.06)*1.04 -> 0.6520696 | U44: =M44-(Q44+R44+S44+T44) -> 0.92796068 | V44: 0 | W44: 0 | X44: =M44-N44-P44-O44-Q44-R44-S44-T44-U44+V44+W44 -> 0 | Y44: =X44-AO44 -> 0 | AC44: 53.02003 | AE44: 0 | AH44: 25.5 | AI44: =AI43-AH44 -> 2561.6492 | AK44: =N44+O44+P44+Q44+R44+S44+T44+U44+X44+AE44+AH44 -> 29.06 | AL44: =IF(L44<0,L44*-1,0) -> 30.56 | AM44: =AK44+AL44 -> 59.62 | AN44: =V44 -> 0 | AV44: 0 | AW44: 38 | AX44: 10 | AZ44: =SUM(N44,P44:U44) -> 3.56 | BA44: 0.2 | BB44: 16090
A45: 31 | B45: 6867.57 | C45: 181444 | D45: =C45-C44 -> 77 | E45: =C45-152000 -> 29444 | F45: =D45/$D$2 -> 38.820267 | G45: 58 | H45: 1.43 | I45: =G45+H45 -> 59.43 | J45: =IF(L45>0,L45,0) -> 8.2102672 | K45: =I45+J45 -> 67.640267 | L45: =F45-(I45-AK45) -> 8.2102672 | M45: 3.32 | N45: 0 | O45: =0*1.05 -> 0 | P45: 0 | Q45: =838800/325851/1.9835*1.02 -> 1.3237541 | R45: =(2*1.04)-T45 -> 1.4279304 | S45: 0 | T45: =(0.5915*1.06)*1.04 -> 0.6520696 | U45: =M45-(Q45+R45+S45+T45) -> -0.083754138 | V45: 0 | W45: 0 | X45: =M45-N45-P45-O45-Q45-R45-S45-T45-U45+V45+W45 -> 0 | Y45: =X45-AO45 -> 0 | AC45: 52.248315 | AE45: 0 | AH45: 25.5 | AI45: =AI44-AH45 -> 2536.1492 | AK45: =N45+O45+P45+Q45+R45+S45+T45+U45+X45+AE45+AH45 -> 28.82 | AL45: =IF(L45<0,L45*-1,0) -> 0 | AM45: =AK45+AL45 -> 28.82 | AN45: =V45 -> 0 | AV45: 0 | AW45: 41 | AX45: 12 | AZ45: =SUM(N45,P45:U45) -> 3.32 | BA45: 0.2 | BB45: 16278
X46: =M46-N46-O46-Q46-R46-S46+V46+W46 -> 0 | Y46: =N46-O46-P46-R46-S46-U46+W46+X46 -> 0 | AK46: =N46+O46+Q46+R46+S46+X46+AE46+AH46 -> 0
A47: MONTH / CFS | F47: =SUM(F15:F45) -> -155.78523 | G47: =SUM(G15:G45) -> 2079 | H47: =SUM(H15:H45) -> 19.329 | I47: =SUM(I15:I45) -> 2098.329 | J47: =SUM(J15:J45) -> 275.23358 | K47: =SUM(K15:K45) -> 2373.5626 | L47: =SUM(L15:L45) -> -373.19423 | M47: =SUM(M15:M45) -> 96.03 | ... O47: =SUM(O15:O45) -> 0 | Q47: =SUM(Q15:Q45) -> 41.748125 | R47: =SUM(R15:R45) -> 47.575472 | S47: =SUM(S15:S45) -> 0 | T47: =SUM(T15:T45) -> 15.864528 | U47: =SUM(U15:U45) -> -9.158125 | V47: =SUM(V15:V45) -> 999.59 | W47: =SUM(W15:W45) -> 0 | X47: =SUM(X15:X45) -> 999.59 | Y47: =SUM(Y15:Y45) -> 999.59 | AC47: =SUM(AC15:AC45) -> 929.59855 | AH47: =SUM(AH15:AH45) -> 785.3 | AJ47: =SUM(AJ15:AJ45) -> 0 | AK47: =SUM(AK15:AK45) -> 1880.92 | AL47: =SUM(AL15:AL45) -> 648.42781 | AM47: =SUM(AM15:AM45) -> 2529.3478 | AN47: =SUM(AN15:AN45) -> 999.59 | AO47: =SUM(AO15:AO45) -> 0 | AV47: =SUM(AV15:AV45) -> 0.78 | AW47: =AVERAGE(AW15:AW45) -> 45.774194 | AX47: =AVERAGE(AX15:AX45) -> 21.193548 | AY47: Avg | AZ47: =SUM(AZ15:AZ45) -> 96.03 | BA47: =SUM(BA15:BA45) -> 6.2
A48: MONTH / AF | D48: =SUM(D15:D45) -> -309 | F48: =F47*$D$2 -> -309 | G48: =G47*$D$2 -> 4123.6965 | H48: =H47*$D$2 -> 38.339072 | I48: =I47*$D$2 -> 4162.0356 | J48: =J47*$D$2 -> 545.92581 | K48: =K47*$D$2 -> 4707.9614 | L48: =L47*$D$2 -> -740.23075 | M48: =M47*$D$2 -> 190.4755 | ... O48: =O47*$D$2 -> 0 | Q48: =Q47*$D$2 -> 82.807406 | R48: =R47*$D$2 -> 94.365948 | S48: =S47*$D$2 -> 0 | T48: =T47*$D$2 -> 31.467292 | U48: =U47*$D$2 -> -18.165141 | V48: =V47*$D$2 -> 1982.6868 | W48: =W47*$D$2 -> 0 | X48: =X47*$D$2 -> 1982.6868 | Y48: =Y47*$D$2 -> 1982.6868 | AC48: =AC47*$D$2 -> 1843.8587 | AH48: =AH47*$D$2 -> 1557.6426 | AJ48: =AJ47*$D$2 -> 0 | AK48: =AK47*$D$2 -> 3730.8048 | AL48: =AL47*$D$2 -> 1286.1566 | AM48: =AM47*$D$2 -> 5016.9614 | AN48: =AN47*$D$2 -> 1982.6868 | AO48: =AO47*$D$2 -> 0 | AW48: =MAX(AW15:AW45) -> 61 | AX48: =MAX(AX15:AX45) -> 37 | AY48: HI | AZ48: =AZ47*$D$2 -> 190.4755 | BA48: =BA47*D2 -> 12.2977
A50: SEASON / CFS | AW50: =MIN(AW15:AW45) -> 33 | AX50: =MIN(AX15:AX45) -> 2 | AY50: LO
A51: SEASON / AF
A53: YTD / CFS | F53: =F13+F47 -> -2165.8684 | G53: =G13+G47 -> 4877 | H53: =H13+H47 -> 19.949 | I53: =I13+I47 -> 4896.329 | J53: =J13+J47 -> 443.22474 | K53: =K13+K47 -> 5339.5537 | L53: =L13+L47 -> -1089.0174 | M53: =M13+M47 -> 190.79 | N53: =N13+N47 -> 0 | O53: 0 | Q53: =Q13+Q47 -> 85.922152 | R53: =R13+R47 -> 95.509554 | S53: =S13+S47 -> 0 | T53: =T13+T47 -> 31.370446 | U53: =U13+U47 -> -22.012152 | V53: =V13+V47 -> 4183.99 | W53: =W13+W47 -> 0 | X53: =X13+X47 -> 4151.9534 | Y53: =Y13+Y47 -> 4151.9534 | AC53: =AC13+AC47 -> 1087.2311 | AH53: =AH13+AH47 -> 1598.4 | AI53: =AI45 -> 2536.1492 | AJ53: =AJ14+AJ47 -> 0 | AK53: =AK13+AK47 -> 5973.18 | AL53: =AL13+AL47 -> 1532.2422 | AM53: =AM13+AM47 -> 7505.4222 | AN53: =AN13+AN47 -> 4183.99 | AO53: =AO13+AO47 -> 0 | AV53: =AV13+AV47 -> 1.57 | AZ53: =AZ13+AZ47 -> 190.79 | BA53: =BA47+BA13 -> 12.2
A54: YTD / AF | D54: =D13+D48 -> -4296 | E54: =E45 -> 29444 | F54: =F53*$D$2 -> -4296 | G54: =G53*$D$2 -> 9673.5295 | H54: =H53*$D$2 -> 39.568841 | I54: =I53*$D$2 -> 9711.8686 | J54: =J53*$D$2 -> 879.13626 | K54: =K53*$D$2 -> 10591.005 | L54: =L53*$D$2 -> -2160.066 | M54: =M53*$D$2 -> 378.43196 | ... O54: =O53*$D$2 -> 0 | Q54: =Q53*$D$2 -> 170.42659 | R54: =R53*$D$2 -> 189.4432 | S54: =S53*$D$2 -> 0 | T54: =T53*$D$2 -> 62.223279 | U54: =U53*$D$2 -> -43.661103 | V54: =V53*$D$2 -> 8298.9442 | W54: =W53*$D$2 -> 0 | X54: =X53*$D$2 -> 8235.3997 | Y54: =Y53*$D$2 -> 8235.3997 | AC54: =AC53*$D$2 -> 2156.523 | AH54: =AH53*$D$2 -> 3170.4264 | AI54: =AI53*$D$2 -> 5030.452 | AJ54: =AJ53*$D$2 -> 0 | AK54: =AK53*$D$2 -> 11847.803 | AL54: =AL53*$D$2 -> 3039.2023 | AM54: =AM53*$D$2 -> 14887.005 | AN54: =AN53*$D$2 -> 8298.9442 | AO54: =AO53*$D$2 -> 0 | AZ54: =AZ53*$D$2 -> 378.43196 | BA54: =BA53*D2 -> 24.1987

Sheet JAN
K1: MCPHEE RESERVOIR INFLOW/OUTFLOW TABULATION
A2: AF/cfs CONVERT FACTOR | D2: 1.9835 | K2: JANUARY "2015"
D4: RESERVOIR | I4: INFLOW | X4: OUTFLOW | AP4: ADJUSTMENTS | AW4: WEATHER
A5: DATE | B5: RESERV | C5: RESERV | D5: AC FT | E5: ACTIVE | F5: CONV TO | G5: DOLORES | H5: LOST | I5: RECORD | J5: CALC | K5: TOTAL | L5: CALC | M5: DOLORES TUNNEL | V5: LONE | W5: U | X5: TOTAL | Y5: TOTAL | Z5: MVI | AA5: MVI | AB5: MVI | AC5: TO EX & | AD5: MVI | AE5: DV CR | AF5: D/S SENIOR | AH5: BELOW | AI5: FISH | AJ5: SPILL | AK5: RECORD | AL5: CALC | AM5: TOTAL | AN5: NAR | AO5: MVI | AP5: MVI | AQ5: MVI | AR5: DIST. | AS5: U/S | AT5: TOTTEN | AU5: UF&R | AV5: RAIN | AW5: MAX | AX5: MIN | AZ5: TOTAL | BA5: GRNDHOG | BB5: GRNDHOG
A6: JAN | B6: ELEV | D6: CHANGE | E6: CAP | F6: CFS | G6: RIVER | H6: CAN | I6: INFLOW | J6: INFLOW | K6: INFLOW | L6: INF/OTF | M6: TOT DIV | N6: WET | O6: UTE | P6: QUEST | Q6: MWC | R6: CORTEZ | T6: UTE | U6: F-BAY | V6: PINE | W6: LAT | X6: MVI | Y6: MVI | Z6: CALL | AA6: CALL | AB6: APR- | AC6: U/S EX | AD6: PROJ | AE6: CANAL | AF6: MVIC | AG6: PROJ | AH6: MCP | AI6: LEFT | AK6: OTF | AL6: OTF | AM6: OTF | AN6: FILL | AO6: STOCK | AP6: STORED | AQ6: STORED | AR6: CLASS | AS6: USERS | AT6: (FRESH | AU6: LEASE | AW6: TMP | AX6: TMP | AZ6: TUNNEL | BA6: DISCHARGE | BB6: CAPACITY
N7: LAND | O7: F&R | Q7: NON - | R7: NON - | S7: PROJ | T7: PROJ | U7: BAL | X7: WATER | Y7: IRRIG. | Z7: STOR | AA7: SPILLED | AB7: JUNE | AF7: 1.7 | AG7: 1.3 | AI7: 29007 | AP7: Apr - Jun | AQ7: EVAP | AR7: "B" | AS7: EXCH | AT7: WATER) | AU7: WATER | AZ7: Misc.
Q8: PROJ | R8: PROJ | X8: USED | Y8: WATER | AA8: OR | AB8: (DIV+
R9: 4.2 | Y9: USED | AA9: USED | AB9: CALL) | BB9: FP = 5394
C10: AC. Ft. | E10: AC FT | G10: CFS | H10: CFS | I10: CFS | J10: CFS | K10: CFS | L10: CFS | M10: CFS | N10: CFS | O10: CFS | P10: CFS | Q10: CFS | R10: CFS | S10: CFS | T10: CFS | U10: CFS | V10: CFS | W10: CFS | X10: 153400 | Y10: 150400 | AB10: 72000 | AC10: CFS | AD10: CFS | AE10: CFS | AF10: CFS | AG10: CFS | AH10: CFS | AI10: CFS | AJ10: CFS | AK10: CFS | AL10: CFS | AM10: CFS | AN10: CFS | AO10: CFS | AP10: CFS | AQ10: AC.FT. | AR10: CFS | AS10: CFS | AT10: CFS | AU10: CFS | AZ10: Outflow | BA10: CFS | BB10: AC FT
N11: 1.03 | O11: 1.05 | P11: 1.02 | Q11: 1.02 | R11: 1.04 | T11: 1.04 | X11: CFS | Y11: CFS | Z11: CFS | AA11: CFS | AB11: Ac. Ft. | AZ11: CFS
A12: SEASON BAL
A13: YTD | B13: =DEC!B45 -> 6867.57 | C13: =DEC!C45 -> 181444 | D13: =DEC!D54 -> -4296 | E13: =DEC!E54 -> 29444 | F13: =DEC!F53 -> -2165.8684 | G13: =DEC!G53 -> 4877 | H13: =DEC!H53 -> 19.949 | I13: =DEC!I53 -> 4896.329 | J13: =DEC!J53 -> 443.22474 | K13: =DEC!K53 -> 5339.5537 | L13: =DEC!L53 -> -1089.0174 | M13: =DEC!M53 -> 190.79 | ... Y13: =DEC!Y53 -> 4151.9534 | AC13: =DEC!AC53 -> 1087.2311 | AH13: =DEC!AH53 -> 1598.4 | AI13: =DEC!AI53 -> 2536.1492 | AK13: =DEC!AK53 -> 5973.18 | AL13: =DEC!AL53 -> 1532.2422 | AM13: =DEC!AM53 -> 7505.4222 | AN13: =DEC!AN53 -> 4183.99 | AO13: =DEC!AO53 -> 0 | AV13: =DEC!AV53 -> 1.57 | AZ13: =DEC!AZ53 -> 190.79 | BA13: =DEC!BA53 -> 12.2
A15: 1 | B15: 6867.59 | C15: 181496 | D15: =C15-C13 -> 52 | E15: =C15-152000 -> 29496 | F15: =D15/$D$2 -> 26.216284 | G15: 58 | H15: 2.01 | I15: =G15+H15 -> 60.01 | J15: =IF(L15>0,L15,0) -> 0 | K15: =I15+J15 -> 60.01 | L15: =F15-(I15-AK15) -> -5.6637157 | M15: 2.63 | N15: 0 | O15: =0*1.05 -> 0 | P15: 0 | Q15: =864300/325851/1.9835*1.02 -> 1.363997 | R15: =(1.9*1.04)-T15 -> 1.5071493 | S15: 0 | T15: =(0.4253*1.06)*1.04 -> 0.46885072 | U15: =M15-(Q15+R15+S15+T15) -> -0.70999702 | V15: 0 | W15: 0 | X15: =M15-N15-P15-O15-Q15-R15-S15-T15-U15+V15+W15 -> 0 | Y15: =X15-AO15 -> 0 | AC15: 52.128854 | AE15: 0 | AH15: 25.5 | AI15: =AI13-AH15 -> 2510.6492 | AK15: =N15+O15+P15+Q15+R15+S15+T15+U15+X15+AE15+AH15 -> 28.13 | AL15: =IF(L15<0,L15*-1,0) -> 5.6637157 | AM15: =AK15+AL15 -> 33.793716 | AN15: =V15 -> 0 | AV15: 0 | AW15: 38 | AX15: 5 | AZ15: =SUM(N15,P15:U15) -> 2.63 | BA15: 0 | BB15: 16322
A16: =A15+1 -> 2 | B16: 6867.61 | C16: 181547 | D16: =C16-C15 -> 51 | E16: =C16-152000 -> 29547 | F16: =D16/$D$2 -> 25.712125 | G16: 58 | H16: 2.6 | I16: =G16+H16 -> 60.6 | J16: =IF(L16>0,L16,0) -> 0 | K16: =I16+J16 -> 60.6 | L16: =F16-(I16-AK16) -> -6.527875 | M16: 2.86 | N16: 0 | O16: =0*1.05 -> 0 | P16: 0 | Q16: =894800/325851/1.9835*1.02 -> 1.4121307 | R16: =(1.9*1.04)-T16 -> 1.3082763 | S16: 0 | T16: =(0.6057*1.06)*1.04 -> 0.66772368 | U16: =M16-(Q16+R16+S16+T16) -> -0.52813067 | V16: 0 | W16: 0 | X16: =M16-N16-P16-O16-Q16-R16-S16-T16-U16+V16+W16 -> 0 | Y16: =X16-AO16 -> 0 | AC16: 52.279593 | AE16: 0 | AH16: 25.5 | AI16: =AI15-AH16 -> 2485.1492 | AK16: =N16+O16+P16+Q16+R16+S16+T16+U16+X16+AE16+AH16 -> 28.36 | AL16: =IF(L16<0,L16*-1,0) -> 6.527875 | AM16: =AK16+AL16 -> 34.887875 | AN16: =V16 -> 0 | AV16: 0.04 | AW16: 37 | AX16: 4 | AZ16: =SUM(N16,P16:U16) -> 2.86 | BA16: 0 | BB16: 16354
A17: =A16+1 -> 3 | B17: 6867.63 | C17: 181599 | D17: =C17-C16 -> 52 | E17: =C17-152000 -> 29599 | F17: =D17/$D$2 -> 26.216284 | G17: 60 | H17: 0 | I17: =G17+H17 -> 60 | J17: =IF(L17>0,L17,0) -> 0 | K17: =I17+J17 -> 60 | L17: =F17-(I17-AK17) -> -4.3837157 | M17: 3.9 | N17: 0 | O17: =0*1.05 -> 0 | P17: 0 | Q17: =876700/325851/1.9835*1.02 -> 1.3835661 | R17: =(1.9*1.04)-T17 -> 1.3082763 | S17: 0 | T17: =(0.6057*1.06)*1.04 -> 0.66772368 | U17: =M17-(Q17+R17+S17+T17) -> 0.54043389 | V17: 0 | W17: 0 | X17: =M17-N17-P17-O17-Q17-R17-S17-T17-U17+V17+W17 -> 0 | Y17: =X17-AO17 -> 0 | AC17: 54.308158 | AE17: 0 | AH17: 25.5 | AI17: =AI16-AH17 -> 2459.6492 | AK17: =N17+O17+P17+Q17+R17+S17+T17+U17+X17+AE17+AH17 -> 29.4 | AL17: =IF(L17<0,L17*-1,0) -> 4.3837157 | AM17: =AK17+AL17 -> 33.783716 | AN17: =V17 -> 0 | AV17: 0.02 | AW17: 43 | AX17: 5 | AZ17: =SUM(N17,P17:U17) -> 3.9 | BA17: 0 | BB17: 16414
A18: =A17+1 -> 4 | B18: 6867.64 | C18: 181624 | D18: =C18-C17 -> 25 | E18: =C18-152000 -> 29624 | F18: =D18/$D$2 -> 12.603983 | G18: 60 | H18: 0 | I18: =G18+H18 -> 60 | J18: =IF(L18>0,L18,0) -> 0 | K18: =I18+J18 -> 60 | L18: =F18-(I18-AK18) -> -19.056017 | M18: 2.84 | N18: 0 | O18: =0*1.05 -> 0 | P18: 0 | Q18: =1135100/325851/1.9835*1.02 -> 1.7913607 | R18: =(1.9*1.04)-T18 -> 1.3082763 | S18: 0 | T18: =(0.6057*1.06)*1.04 -> 0.66772368 | U18: =M18-(Q18+R18+S18+T18) -> -0.92736066 | V18: 0 | W18: 0 | X18: =M18-N18-P18-O18-Q18-R18-S18-T18-U18+V18+W18 -> 0 | Y18: =X18-AO18 -> 0 | AC18: 53.900363 | AE18: 0 | AH18: 25.5 | AI18: =AI17-AH18 -> 2434.1492 | AK18: =N18+O18+P18+Q18+R18+S18+T18+U18+X18+AE18+AH18 -> 28.34 | AL18: =IF(L18<0,L18*-1,0) -> 19.056017 | AM18: =AK18+AL18 -> 47.396017 | AN18: =V18 -> 0 | AV18: 0 | AW18: 45 | AX18: 13 | AZ18: =SUM(N18,P18:U18) -> 2.84 | BA18: 0 | BB18: 16491
A19: =A18+1 -> 5 | B19: 6867.66 | C19: 181676 | D19: =C19-C18 -> 52 | E19: =C19-152000 -> 29676 | F19: =D19/$D$2 -> 26.216284 | G19: 63 | H19: 0 | I19: =G19+H19 -> 63 | J19: =IF(L19>0,L19,0) -> 0 | K19: =I19+J19 -> 63 | L19: =F19-(I19-AK19) -> -7.5737157 | M19: 3.71 | N19: 0 | O19: =0*1.05 -> 0 | P19: 0 | Q19: =1191400/325851/1.9835*1.02 -> 1.8802106 | R19: =(2*1.04)-T19 -> 1.4122763 | S19: 0 | T19: =(0.6057*1.06)*1.04 -> 0.66772368 | U19: =M19-(Q19+R19+S19+T19) -> -0.25021063 | V19: 0 | W19: 0 | X19: =M19-N19-P19-O19-Q19-R19-S19-T19-U19+V19+W19 -> 0 | Y19: =X19-AO19 -> 0 | AC19: 56.707513 | AE19: 0 | AH19: 25.5 | AI19: =AI18-AH19 -> 2408.6492 | AK19: =N19+O19+P19+Q19+R19+S19+T19+U19+X19+AE19+AH19 -> 29.21 | AL19: =IF(L19<0,L19*-1,0) -> 7.5737157 | AM19: =AK19+AL19 -> 36.783716 | AN19: =V19 -> 0 | AV19: 0 | AW19: 49 | AX19: 17 | AZ19: =SUM(N19,P19:U19) -> 3.71 | BA19: 0 | BB19: 16453
A20: =A19+1 -> 6 | B20: 6867.67 | C20: 181701 | D20: =C20-C19 -> 25 | E20: =C20-152000 -> 29701 | F20: =D20/$D$2 -> 12.603983 | G20: 66 | H20: 0 | I20: =G20+H20 -> 66 | J20: =IF(L20>0,L20,0) -> 0 | K20: =I20+J20 -> 66 | L20: =F20-(I20-AK20) -> -24.696017 | M20: 3.2 | N20: 0 | O20: =0*1.05 -> 0 | P20: 0 | Q20: =1319100/325851/1.9835*1.02 -> 2.0817407 | R20: =(1.9*1.04)-T20 -> 1.3082763 | S20: 0 | T20: =(0.6057*1.06)*1.04 -> 0.66772368 | U20: =M20-(Q20+R20+S20+T20) -> -0.85774068 | V20: 0 | W20: 0 | X20: =M20-N20-P20-O20-Q20-R20-S20-T20-U20+V20+W20 -> 0 | Y20: =X20-AO20 -> 0 | AC20: 59.609983 | AE20: 0 | AH20: 25.5 | AI20: =AI19-AH20 -> 2383.1492 | AK20: =N20+O20+P20+Q20+R20+S20+T20+U20+X20+AE20+AH20 -> 28.7 | AL20: =IF(L20<0,L20*-1,0) -> 24.696017 | AM20: =AK20+AL20 -> 53.396017 | AN20: =V20 -> 0 | AV20: 0 | AW20: 54 | AX20: 23 | AZ20: =SUM(N20,P20:U20) -> 3.2 | BA20: 0 | BB20: 16428
A21: =A20+1 -> 7 | B21: 6867.71 | C21: 181804 | D21: =C21-C20 -> 103 | E21: =C21-152000 -> 29804 | F21: =D21/$D$2 -> 51.928409 | G21: 68 | H21: 0 | I21: =G21+H21 -> 68 | J21: =IF(L21>0,L21,0) -> 13.628409 | K21: =I21+J21 -> 81.628409 | L21: =F21-(I21-AK21) -> 13.628409 | M21: 4 | N21: 0 | O21: =0*1.05 -> 0 | P21: 0 | Q21: =1194500/325851/1.9835*1.02 -> 1.8851029 | R21: =(2*1.04)-T21 -> 1.4122763 | S21: 0 | T21: =(0.6057*1.06)*1.04 -> 0.66772368 | U21: =M21-(Q21+R21+S21+T21) -> 0.034897094 | V21: 0 | W21: 0 | X21: =M21-N21-P21-O21-Q21-R21-S21-T21-U21+V21+W21 -> 0 | Y21: =X21-AO21 -> 0 | AC21: 61.702621 | AE21: 0 | AH21: 25.7 | AI21: =AI20-AH21 -> 2357.4492 | AK21: =N21+O21+P21+Q21+R21+S21+T21+U21+X21+AE21+AH21 -> 29.7 | AL21: =IF(L21<0,L21*-1,0) -> 0 | AM21: =AK21+AL21 -> 29.7 | AN21: =V21 -> 0 | AV21: 0 | AW21: 60 | AX21: 24 | AZ21: =SUM(N21,P21:U21) -> 4 | BA21: 0 | BB21: 16457
A22: =A21+1 -> 8 | B22: 6867.73 | C22: 181856 | D22: =C22-C21 -> 52 | E22: =C22-152000 -> 29856 | F22: =D22/$D$2 -> 26.216284 | G22: 69 | H22: 0 | I22: =G22+H22 -> 69 | J22: =IF(L22>0,L22,0) -> 0 | K22: =I22+J22 -> 69 | L22: =F22-(I22-AK22) -> -13.033716 | M22: 3.45 | N22: 0 | O22: =0*1.05 -> 0 | P22: 0 | Q22: =1230200/325851/1.9835*1.02 -> 1.9414429 | R22: =(2*1.04)-T22 -> 1.4122763 | S22: 0 | T22: =(0.6057*1.06)*1.04 -> 0.66772368 | U22: =M22-(Q22+R22+S22+T22) -> -0.57144294 | V22: 0 | W22: 0 | X22: =M22-N22-P22-O22-Q22-R22-S22-T22-U22+V22+W22 -> 0 | Y22: =X22-AO22 -> 0 | AC22: 62.646281 | AE22: 0 | AH22: 26.3 | AI22: =AI21-AH22 -> 2331.1492 | AK22: =N22+O22+P22+Q22+R22+S22+T22+U22+X22+AE22+AH22 -> 29.75 | AL22: =IF(L22<0,L22*-1,0) -> 13.033716 | AM22: =AK22+AL22 -> 42.783716 | AN22: =V22 -> 0 | AV22: 0 | AW22: 54 | AX22: 26 | AZ22: =SUM(N22,P22:U22) -> 3.45 | BA22: 0 | BB22: 16388
A23: =A22+1 -> 9 | B23: 6867.78 | C23: 181984 | D23: =C23-C22 -> 128 | E23: =C23-152000 -> 29984 | F23: =D23/$D$2 -> 64.532392 | G23: 70 | H23: 0 | I23: =G23+H23 -> 70 | J23: =IF(L23>0,L23,0) -> 23.802392 | K23: =I23+J23 -> 93.802392 | L23: =F23-(I23-AK23) -> 23.802392 | M23: 3.07 | N23: 0 | O23: =0*1.05 -> 0 | P23: 0 | Q23: =897600/325851/1.9835*1.02 -> 1.4165495 | R23: =(2.1*1.04)-T23 -> 1.9013446 | S23: 0 | T23: =(0.2564*1.06)*1.04 -> 0.28265536 | U23: =M23-(Q23+R23+S23+T23) -> -0.53054949 | V23: 0 | W23: 0 | X23: =M23-N23-P23-O23-Q23-R23-S23-T23-U23+V23+W23 -> 0 | Y23: =X23-AO23 -> 0 | AC23: 63.682106 | AE23: 0 | AH23: 26.2 | AI23: =AI22-AH23 -> 2304.9492 | AK23: =N23+O23+P23+Q23+R23+S23+T23+U23+X23+AE23+AH23 -> 29.27 | AL23: =IF(L23<0,L23*-1,0) -> 0 | AM23: =AK23+AL23 -> 29.27 | AN23: =V23 -> 0 | AV23: 0 | AW23: 52 | AX23: 25 | AZ23: =SUM(N23,P23:U23) -> 3.07 | BA23: 0 | BB23: 16575
A24: =A23+1 -> 10 | B24: 6867.78 | C24: 181984 | D24: =C24-C23 -> 0 | E24: =C24-152000 -> 29984 | F24: =D24/$D$2 -> 0 | G24: 70 | H24: 0 | I24: =G24+H24 -> 70 | J24: =IF(L24>0,L24,0) -> 0 | K24: =I24+J24 -> 70 | L24: =F24-(I24-AK24) -> -41.36 | M24: 3.14 | N24: 0 | O24: =0*1.05 -> 0 | P24: 0 | Q24: =949500/325851/1.9835*1.02 -> 1.4984556 | R24: =(2.2*1.04)-T24 -> 2.0053446 | S24: 0 | T24: =(0.2564*1.06)*1.04 -> 0.28265536 | U24: =M24-(Q24+R24+S24+T24) -> -0.6464556 | V24: 0 | W24: 0 | X24: =M24-N24-P24-O24-Q24-R24-S24-T24-U24+V24+W24 -> 0 | Y24: =X24-AO24 -> 0 | AC24: 63.4962 | AE24: 0 | AH24: 25.5 | AI24: =AI23-AH24 -> 2279.4492 | AK24: =N24+O24+P24+Q24+R24+S24+T24+U24+X24+AE24+AH24 -> 28.64 | AL24: =IF(L24<0,L24*-1,0) -> 41.36 | AM24: =AK24+AL24 -> 70 | AN24: =V24 -> 0 | AV24: 0 | AW24: 51 | AX24: 26 | AZ24: =SUM(N24,P24:U24) -> 3.14 | BA24: 0 | BB24: 16465
A25: =A24+1 -> 11 | B25: 6867.85 | C25: 182164 | D25: =C25-C24 -> 180 | E25: =C25-152000 -> 30164 | F25: =D25/$D$2 -> 90.748677 | G25: 68 | H25: 0 | I25: =G25+H25 -> 68 | J25: =IF(L25>0,L25,0) -> 51.568677 | K25: =I25+J25 -> 119.56868 | L25: =F25-(I25-AK25) -> 51.568677 | M25: 3.22 | N25: 0 | O25: =0*1.05 -> 0 | P25: 0 | Q25: =1126500/325851/1.9835*1.02 -> 1.7777886 | R25: =(1.6*1.04)-T25 -> 1.3813446 | S25: 0 | T25: =(0.2564*1.06)*1.04 -> 0.28265536 | U25: =M25-(Q25+R25+S25+T25) -> -0.22178855 | V25: 0 | W25: 0 | X25: =M25-N25-P25-O25-Q25-R25-S25-T25-U25+V25+W25 -> 0 | Y25: =X25-AO25 -> 0 | AC25: 46.44 | AE25: 0 | AH25: 25.6 | AI25: =AI24-AH25 -> 2253.8492 | AK25: =N25+O25+P25+Q25+R25+S25+T25+U25+X25+AE25+AH25 -> 28.82 | AL25: =IF(L25<0,L25*-1,0) -> 0 | AM25: =AK25+AL25 -> 28.82 | AN25: =V25 -> 0 | AV25: 0.08 | AW25: 44 | AX25: 27 | AZ25: =SUM(N25,P25:U25) -> 3.22 | BA25: 0 | BB25: 16504
A26: =A25+1 -> 12 | B26: 6867.86 | C26: 182190 | D26: =C26-C25 -> 26 | E26: =C26-152000 -> 30190 | F26: =D26/$D$2 -> 13.108142 | G26: 65 | H26: 0 | I26: =G26+H26 -> 65 | J26: =IF(L26>0,L26,0) -> 0 | K26: =I26+J26 -> 65 | L26: =F26-(I26-AK26) -> -22.821858 | M26: 3.47 | N26: 0 | O26: =0*1.05 -> 0 | P26: 0 | Q26: =947600/325851/1.9835*1.02 -> 1.4954571 | R26: =(2.1*1.04)-T26 -> 1.9013446 | S26: 0 | T26: =(0.2564*1.06)*1.04 -> 0.28265536 | U26: =M26-(Q26+R26+S26+T26) -> -0.20945711 | V26: 0 | W26: 0 | X26: =M26-N26-P26-O26-Q26-R26-S26-T26-U26+V26+W26 -> 0 | Y26: =X26-AO26 -> 0 | AE26: 0 | AH26: 25.6 | AI26: =AI25-AH26 -> 2228.2492 | AK26: =N26+O26+P26+Q26+R26+S26+T26+U26+X26+AE26+AH26 -> 29.07 | AL26: =IF(L26<0,L26*-1,0) -> 22.821858 | AM26: =AK26+AL26 -> 51.891858 | AN26: =V26 -> 0 | AV26: 0.01 | AW26: 46 | AX26: 25 | AZ26: =SUM(N26,P26:U26) -> 3.47 | BA26: 0 | BB26: 16556
A27: =A26+1 -> 13 | B27: 6867.94 | C27: 182396 | D27: =C27-C26 -> 206 | E27: =C27-152000 -> 30396 | F27: =D27/$D$2 -> 103.85682 | G27: 64 | H27: 0 | I27: =G27+H27 -> 64 | J27: =IF(L27>0,L27,0) -> 68.716819 | K27: =I27+J27 -> 132.71682 | L27: =F27-(I27-AK27) -> 68.716819 | M27: 3.06 | N27: 0 | O27: =0*1.05 -> 0 | P27: 0 | Q27: =1114300/325851/1.9835*1.02 -> 1.7585351 | R27: =(1.7*1.04)-T27 -> 1.4853446 | S27: 0 | T27: =(0.2564*1.06)*1.04 -> 0.28265536 | U27: =M27-(Q27+R27+S27+T27) -> -0.46653509 | V27: 0 | W27: 0 | X27: =M27-N27-P27-O27-Q27-R27-S27-T27-U27+V27+W27 -> 0 | Y27: =X27-AO27 -> 0 | AE27: 0 | AH27: 25.8 | AI27: =AI26-AH27 -> 2202.4492 | AK27: =N27+O27+P27+Q27+R27+S27+T27+U27+X27+AE27+AH27 -> 28.86 | AL27: =IF(L27<0,L27*-1,0) -> 0 | AM27: =AK27+AL27 -> 28.86 | AN27: =V27 -> 0 | AV27: 0.36 | AW27: 44 | AX27: 31 | AZ27: =SUM(N27,P27:U27) -> 3.06 | BA27: 0 | BB27: 16668
A28: =A27+1 -> 14 | B28: 6867.97 | C28: 182473 | D28: =C28-C27 -> 77 | E28: =C28-152000 -> 30473 | F28: =D28/$D$2 -> 38.820267 | G28: 64 | H28: 0 | I28: =G28+H28 -> 64 | J28: =IF(L28>0,L28,0) -> 3.0402672 | K28: =I28+J28 -> 67.040267 | L28: =F28-(I28-AK28) -> 3.0402672 | M28: 2.92 | N28: 0 | O28: =0*1.05 -> 0 | P28: 0 | Q28: =932500/325851/1.9835*1.02 -> 1.471627 | R28: =(2*1.04)-T28 -> 1.7973446 | S28: 0 | T28: =(0.2564*1.06)*1.04 -> 0.28265536 | U28: =M28-(Q28+R28+S28+T28) -> -0.63162701 | V28: 0 | W28: 0 | X28: =M28-N28-P28-O28-Q28-R28-S28-T28-U28+V28+W28 -> 0 | Y28: =X28-AO28 -> 0 | AE28: 0 | AH28: 25.3 | AI28: =AI27-AH28 -> 2177.1492 | AK28: =N28+O28+P28+Q28+R28+S28+T28+U28+X28+AE28+AH28 -> 28.22 | AL28: =IF(L28<0,L28*-1,0) -> 0 | AM28: =AK28+AL28 -> 28.22 | AN28: =V28 -> 0 | AV28: 0.12 | AW28: 45 | AX28: 21 | AZ28: =SUM(N28,P28:U28) -> 2.92 | BA28: 0 | BB28: 16693
A29: =A28+1 -> 15 | B29: 6867.98 | C29: 182499 | D29: =C29-C28 -> 26 | E29: =C29-152000 -> 30499 | F29: =D29/$D$2 -> 13.108142 | G29: 64 | H29: 0 | I29: =G29+H29 -> 64 | J29: =IF(L29>0,L29,0) -> 0 | K29: =I29+J29 -> 64 | L29: =F29-(I29-AK29) -> -22.311858 | M29: 3.68 | N29: 0 | O29: =0*1.05 -> 0 | P29: 0 | Q29: =869500/325851/1.9835*1.02 -> 1.3722034 | R29: =(1.9*1.04)-T29 -> 1.6933446 | S29: 0 | T29: =(0.2564*1.06)*1.04 -> 0.28265536 | U29: =M29-(Q29+R29+S29+T29) -> 0.33179659 | V29: 0 | W29: 0 | X29: =M29-N29-P29-O29-Q29-R29-S29-T29-U29+V29+W29 -> 0 | Y29: =X29-AO29 -> 0 | AE29: 0 | AH29: 24.9 | AI29: =AI28-AH29 -> 2152.2492 | AK29: =N29+O29+P29+Q29+R29+S29+T29+U29+X29+AE29+AH29 -> 28.58 | AL29: =IF(L29<0,L29*-1,0) -> 22.311858 | AM29: =AK29+AL29 -> 50.891858 | AN29: =V29 -> 0 | AV29: 0.01 | AW29: 46 | AX29: 17 | AZ29: =SUM(N29,P29:U29) -> 3.68 | BA29: 0 | BB29: 16751
A30: =A29+1 -> 16 | B30: 6868.02 | C30: 182602 | D30: =C30-C29 -> 103 | E30: =C30-152000 -> 30602 | F30: =D30/$D$2 -> 51.928409 | G30: 64 | H30: 0 | I30: =G30+H30 -> 64 | J30: =IF(L30>0,L30,0) -> 15.498409 | K30: =I30+J30 -> 79.498409 | L30: =F30-(I30-AK30) -> 15.498409 | M30: 2.67 | N30: 0 | O30: =0*1.05 -> 0 | P30: 0 | Q30: =800400/325851/1.9835*1.02 -> 1.2631531 | R30: =(2*1.04)-T30 -> 1.5963771 | S30: 0 | T30: =(0.4387*1.06)*1.04 -> 0.48362288 | U30: =M30-(Q30+R30+S30+T30) -> -0.67315309 | V30: 0 | W30: 0 | X30: =M30-N30-P30-O30-Q30-R30-S30-T30-U30+V30+W30 -> 0 | Y30: =X30-AO30 -> 0 | AE30: 0 | AH30: 24.9 | AI30: =AI29-AH30 -> 2127.3492 | AK30: =N30+O30+P30+Q30+R30+S30+T30+U30+X30+AE30+AH30 -> 27.57 | AL30: =IF(L30<0,L30*-1,0) -> 0 | AM30: =AK30+AL30 -> 27.57 | AN30: =V30 -> 0 | AV30: 0 | AW30: 49 | AX30: 15 | AZ30: =SUM(N30,P30:U30) -> 2.67 | BA30: 0 | BB30: 16665
A31: =A30+1 -> 17 | B31: 6868 | C31: 182550 | D31: =C31-C30 -> -52 | E31: =C31-152000 -> 30550 | F31: =D31/$D$2 -> -26.216284 | G31: 65 | H31: 0 | I31: =G31+H31 -> 65 | J31: =IF(L31>0,L31,0) -> 0 | K31: =I31+J31 -> 65 | L31: =F31-(I31-AK31) -> -63.346284 | M31: 2.97 | N31: 0 | O31: =0*1.05 -> 0 | P31: 0 | Q31: =862100/325851/1.9835*1.02 -> 1.3605251 | R31: =(1.9*1.04)-T31 -> 1.4923771 | S31: 0 | T31: =(0.4387*1.06)*1.04 -> 0.48362288 | U31: =M31-(Q31+R31+S31+T31) -> -0.36652509 | V31: 0 | W31: 0 | X31: =M31-N31-P31-O31-Q31-R31-S31-T31-U31+V31+W31 -> 0 | Y31: =X31-AO31 -> 0 | AE31: 0 | AH31: 24.9 | AI31: =AI30-AH31 -> 2102.4492 | AK31: =N31+O31+P31+Q31+R31+S31+T31+U31+X31+AE31+AH31 -> 27.87 | AL31: =IF(L31<0,L31*-1,0) -> 63.346284 | AM31: =AK31+AL31 -> 91.216284 | AN31: =V31 -> 0 | AV31: 0 | AW31: 51 | AX31: 19 | AZ31: =SUM(N31,P31:U31) -> 2.97 | BA31: 0 | BB31: 16598
A32: =A31+1 -> 18 | B32: 6868.01 | C32: 182576 | D32: =C32-C31 -> 26 | E32: =C32-152000 -> 30576 | F32: =D32/$D$2 -> 13.108142 | G32: 66 | H32: 0 | I32: =G32+H32 -> 66 | J32: =IF(L32>0,L32,0) -> 0 | K32: =I32+J32 -> 66 | L32: =F32-(I32-AK32) -> -24.421858 | M32: 3.57 | N32: 0 | O32: =0*1.05 -> 0 | P32: 0 | Q32: =1204400/325851/1.9835*1.02 -> 1.9007266 | R32: =(1.9*1.04)-T32 -> 1.4923771 | S32: 0 | T32: =(0.4387*1.06)*1.04 -> 0.48362288 | U32: =M32-(Q32+R32+S32+T32) -> -0.30672661 | V32: 0 | W32: 0 | X32: =M32-N32-P32-O32-Q32-R32-S32-T32-U32+V32+W32 -> 0 | Y32: =X32-AO32 -> 0 | AE32: 0 | AH32: 24.9 | AI32: =AI31-AH32 -> 2077.5492 | AK32: =N32+O32+P32+Q32+R32+S32+T32+U32+X32+AE32+AH32 -> 28.47 | AL32: =IF(L32<0,L32*-1,0) -> 24.421858 | AM32: =AK32+AL32 -> 52.891858 | AN32: =V32 -> 0 | AV32: 0 | AW32: 48 | AX32: 19 | AZ32: =SUM(N32,P32:U32) -> 3.57 | BA32: 0 | BB32: 16622
A33: =A32+1 -> 19 | B33: 6868.02 | C33: 182602 | D33: =C33-C32 -> 26 | E33: =C33-152000 -> 30602 | F33: =D33/$D$2 -> 13.108142 | G33: 66 | H33: 0 | I33: =G33+H33 -> 66 | J33: =IF(L33>0,L33,0) -> 0 | K33: =I33+J33 -> 66 | L33: =F33-(I33-AK33) -> -24.041858 | M33: 3.55 | N33: 0 | O33: =0*1.05 -> 0 | P33: 0 | Q33: =1017500/325851/1.9835*1.02 -> 1.60577 | R33: =(1.9*1.04)-T33 -> 1.4923771 | S33: 0 | T33: =(0.4387*1.06)*1.04 -> 0.48362288 | U33: =M33-(Q33+R33+S33+T33) -> -0.031769951 | V33: 0 | W33: 0 | X33: =M33-N33-P33-O33-Q33-R33-S33-T33-U33+V33+W33 -> 0 | Y33: =X33-AO33 -> 0 | AE33: 0 | AH33: 25.3 | AI33: =AI32-AH33 -> 2052.2492 | AK33: =N33+O33+P33+Q33+R33+S33+T33+U33+X33+AE33+AH33 -> 28.85 | AL33: =IF(L33<0,L33*-1,0) -> 24.041858 | AM33: =AK33+AL33 -> 52.891858 | AN33: =V33 -> 0 | AV33: 0 | AW33: 51 | AX33: 24 | AZ33: =SUM(N33,P33:U33) -> 3.55 | BA33: 0 | BB33: 16434
A34: =A33+1 -> 20 | B34: 6868.07 | C34: 182733 | D34: =C34-C33 -> 131 | E34: =C34-152000 -> 30733 | F34: =D34/$D$2 -> 66.04487 | G34: 66 | H34: 0 | I34: =G34+H34 -> 66 | J34: =IF(L34>0,L34,0) -> 28.94487 | K34: =I34+J34 -> 94.94487 | L34: =F34-(I34-AK34) -> 28.94487 | M34: 3.4 | N34: 0 | O34: =0*1.05 -> 0 | P34: 0 | Q34: =1065000/325851/1.9835*1.02 -> 1.6807322 | R34: =(1.9*1.04)-T34 -> 1.4923771 | S34: 0 | T34: =(0.4387*1.06)*1.04 -> 0.48362288 | U34: =M34-(Q34+R34+S34+T34) -> -0.25673218 | V34: 0 | W34: 0 | X34: =M34-N34-P34-O34-Q34-R34-S34-T34-U34+V34+W34 -> 0 | Y34: =X34-AO34 -> 0 | AE34: 0 | AH34: 25.5 | AI34: =AI33-AH34 -> 2026.7492 | AK34: =N34+O34+P34+Q34+R34+S34+T34+U34+X34+AE34+AH34 -> 28.9 | AL34: =IF(L34<0,L34*-1,0) -> 0 | AM34: =AK34+AL34 -> 28.9 | AN34: =V34 -> 0 | AV34: 0 | AW34: 50 | AX34: 24 | AZ34: =SUM(N34,P34:U34) -> 3.4 | BA34: 0 | BB34: 16535
A35: =A34+1 -> 21 | B35: 6868.12 | C35: 182863 | D35: =C35-C34 -> 130 | E35: =C35-152000 -> 30863 | F35: =D35/$D$2 -> 65.540711 | G35: 66 | H35: 0 | I35: =G35+H35 -> 66 | J35: =IF(L35>0,L35,0) -> 28.260711 | K35: =I35+J35 -> 94.260711 | L35: =F35-(I35-AK35) -> 28.260711 | M35: 3.22 | N35: 0 | O35: =0*1.05 -> 0 | P35: 0 | Q35: =1071200/325851/1.9835*1.02 -> 1.6905167 | R35: =(2*1.04)-T35 -> 1.5963771 | S35: 0 | T35: =(0.4387*1.06)*1.04 -> 0.48362288 | U35: =M35-(Q35+R35+S35+T35) -> -0.55051673 | V35: 0 | W35: 0 | X35: =M35-N35-P35-O35-Q35-R35-S35-T35-U35+V35+W35 -> 0 | Y35: =X35-AO35 -> 0 | AE35: 0 | AH35: 25.5 | AI35: =AI34-AH35 -> 2001.2492 | AK35: =N35+O35+P35+Q35+R35+S35+T35+U35+X35+AE35+AH35 -> 28.72 | AL35: =IF(L35<0,L35*-1,0) -> 0 | AM35: =AK35+AL35 -> 28.72 | AN35: =V35 -> 0 | AV35: 0 | AW35: 45 | AX35: 20 | AZ35: =SUM(N35,P35:U35) -> 3.22 | BA35: 0 | BB35: 16670
A36: =A35+1 -> 22 | B36: 6868.12 | C36: 182863 | D36: =C36-C35 -> 0 | E36: =C36-152000 -> 30863 | F36: =D36/$D$2 -> 0 | G36: 66 | H36: 0 | I36: =G36+H36 -> 66 | J36: =IF(L36>0,L36,0) -> 0 | K36: =I36+J36 -> 66 | L36: =F36-(I36-AK36) -> -37.38 | M36: 3.22 | N36: 0 | O36: =0*1.05 -> 0 | P36: 0 | Q36: =1130100/325851/1.9835*1.02 -> 1.7834699 | R36: =(2*1.04)-T36 -> 1.5963771 | S36: 0 | T36: =(0.4387*1.06)*1.04 -> 0.48362288 | U36: =M36-(Q36+R36+S36+T36) -> -0.6434699 | V36: 0 | W36: 0 | X36: =M36-N36-P36-O36-Q36-R36-S36-T36-U36+V36+W36 -> 0 | Y36: =X36-AO36 -> 0 | AE36: 0 | AH36: 25.4 | AI36: =AI35-AH36 -> 1975.8492 | AK36: =N36+O36+P36+Q36+R36+S36+T36+U36+X36+AE36+AH36 -> 28.62 | AL36: =IF(L36<0,L36*-1,0) -> 37.38 | AM36: =AK36+AL36 -> 66 | AN36: =V36 -> 0 | AV36: 0 | AW36: 39 | AX36: 15 | AZ36: =SUM(N36,P36:U36) -> 3.22 | BA36: 0 | BB36: 16475
A37: =A36+1 -> 23 | B37: 6868.15 | C37: 182941 | D37: =C37-C36 -> 78 | E37: =C37-152000 -> 30941 | F37: =D37/$D$2 -> 39.324427 | G37: 65 | H37: 0 | I37: =G37+H37 -> 65 | J37: =IF(L37>0,L37,0) -> 2.8444265 | K37: =I37+J37 -> 67.844427 | L37: =F37-(I37-AK37) -> 2.8444265 | M37: 3.22 | N37: 0 | O37: =0*1.05 -> 0 | P37: 0 | Q37: =881000/325851/1.9835*1.02 -> 1.3903522 | R37: =(2*1.04)-T37 -> 1.5812742 | S37: 0 | T37: =(0.4524*1.06)*1.04 -> 0.49872576 | U37: =M37-(Q37+R37+S37+T37) -> -0.25035216 | V37: 0 | W37: 0 | X37: =M37-N37-P37-O37-Q37-R37-S37-T37-U37+V37+W37 -> 0 | Y37: =X37-AO37 -> 0 | AE37: 0 | AH37: 25.3 | AI37: =AI36-AH37 -> 1950.5492 | AK37: =N37+O37+P37+Q37+R37+S37+T37+U37+X37+AE37+AH37 -> 28.52 | AL37: =IF(L37<0,L37*-1,0) -> 0 | AM37: =AK37+AL37 -> 28.52 | AN37: =V37 -> 0 | AV37: 0 | AW37: 49 | AX37: 15 | AZ37: =SUM(N37,P37:U37) -> 3.22 | BA37: 0 | BB37: 16520
A38: =A37+1 -> 24 | B38: 6868.12 | C38: 182863 | D38: =C38-C37 -> -78 | E38: =C38-152000 -> 30863 | F38: =D38/$D$2 -> -39.324427 | G38: 65 | H38: 0 | I38: =G38+H38 -> 65 | J38: =IF(L38>0,L38,0) -> 0 | K38: =I38+J38 -> 65 | L38: =F38-(I38-AK38) -> -75.904427 | M38: 3.22 | N38: 0 | O38: =0*1.05 -> 0 | P38: 0 | Q38: =825200/325851/1.9835*1.02 -> 1.3022913 | R38: =(2*1.04)-T38 -> 1.5812742 | S38: 0 | T38: =(0.4524*1.06)*1.04 -> 0.49872576 | U38: =M38-(Q38+R38+S38+T38) -> -0.16229127 | V38: 0 | W38: 0 | X38: =M38-N38-P38-O38-Q38-R38-S38-T38-U38+V38+W38 -> 0 | Y38: =X38-AO38 -> 0 | AE38: 0 | AH38: 25.2 | AI38: =AI37-AH38 -> 1925.3492 | AK38: =N38+O38+P38+Q38+R38+S38+T38+U38+X38+AE38+AH38 -> 28.42 | AL38: =IF(L38<0,L38*-1,0) -> 75.904427 | AM38: =AK38+AL38 -> 104.32443 | AN38: =V38 -> 0 | AV38: 0 | AW38: 49 | AX38: 21 | AZ38: =SUM(N38,P38:U38) -> 3.22 | BA38: 0 | BB38: 16616
A39: =A38+1 -> 25 | B39: 6868.18 | C39: 183019 | D39: =C39-C38 -> 156 | E39: =C39-152000 -> 31019 | F39: =D39/$D$2 -> 78.648853 | G39: 65 | H39: 0 | I39: =G39+H39 -> 65 | J39: =IF(L39>0,L39,0) -> 42.168853 | K39: =I39+J39 -> 107.16885 | L39: =F39-(I39-AK39) -> 42.168853 | M39: 3.22 | N39: 0 | O39: =0*1.05 -> 0 | P39: 0 | Q39: =1310600/325851/1.9835*1.02 -> 2.0683264 | R39: =(2*1.04)-T39 -> 1.5812742 | S39: 0 | T39: =(0.4524*1.06)*1.04 -> 0.49872576 | U39: =M39-(Q39+R39+S39+T39) -> -0.92832639 | V39: 0 | W39: 0 | X39: =M39-N39-P39-O39-Q39-R39-S39-T39-U39+V39+W39 -> 0 | Y39: =X39-AO39 -> 0 | AE39: 0 | AH39: 25.3 | AI39: =AI38-AH39 -> 1900.0492 | AK39: =N39+O39+P39+Q39+R39+S39+T39+U39+X39+AE39+AH39 -> 28.52 | AL39: =IF(L39<0,L39*-1,0) -> 0 | AM39: =AK39+AL39 -> 28.52 | AN39: =V39 -> 0 | AV39: 0 | AW39: 60 | AX39: 21 | AZ39: =SUM(N39,P39:U39) -> 3.22 | BA39: 0 | BB39: 16682
A40: =A39+1 -> 26 | B40: 6868.19 | C40: 183046 | D40: =C40-C39 -> 27 | E40: =C40-152000 -> 31046 | F40: =D40/$D$2 -> 13.612301 | G40: 66 | H40: 0 | I40: =G40+H40 -> 66 | J40: =IF(L40>0,L40,0) -> 0 | K40: =I40+J40 -> 66 | L40: =F40-(I40-AK40) -> -23.767699 | M40: 3.22 | N40: 0 | O40: =0*1.05 -> 0 | P40: 0 | Q40: =889200/325851/1.9835*1.02 -> 1.403293 | R40: =(2.1*1.04)-T40 -> 1.6852742 | S40: 0 | T40: =(0.4524*1.06)*1.04 -> 0.49872576 | U40: =M40-(Q40+R40+S40+T40) -> -0.36729301 | V40: 0 | W40: 0 | X40: =M40-N40-P40-O40-Q40-R40-S40-T40-U40+V40+W40 -> 0 | Y40: =X40-AO40 -> 0 | AE40: 0 | AH40: 25.4 | AI40: =AI39-AH40 -> 1874.6492 | AK40: =N40+O40+P40+Q40+R40+S40+T40+U40+X40+AE40+AH40 -> 28.62 | AL40: =IF(L40<0,L40*-1,0) -> 23.767699 | AM40: =AK40+AL40 -> 52.387699 | AN40: =V40 -> 0 | AV40: 0 | AW40: 64 | AX40: 27 | AZ40: =SUM(N40,P40:U40) -> 3.22 | BA40: 0 | BB40: 16548
A41: =A40+1 -> 27 | B41: 6868.21 | C41: 183098 | D41: =C41-C40 -> 52 | E41: =C41-152000 -> 31098 | F41: =D41/$D$2 -> 26.216284 | G41: 66 | H41: 0 | I41: =G41+H41 -> 66 | J41: =IF(L41>0,L41,0) -> 0 | K41: =I41+J41 -> 66 | L41: =F41-(I41-AK41) -> -11.163716 | M41: 3.22 | N41: 0 | O41: =0*1.05 -> 0 | P41: 0 | Q41: =1104900/325851/1.9835*1.02 -> 1.7437005 | R41: =(2.1*1.04)-T41 -> 1.6852742 | S41: 0 | T41: =(0.4524*1.06)*1.04 -> 0.49872576 | U41: =M41-(Q41+R41+S41+T41) -> -0.70770046 | V41: 0 | W41: 0 | X41: =M41-N41-P41-O41-Q41-R41-S41-T41-U41+V41+W41 -> 0 | Y41: =X41-AO41 -> 0 | AE41: 0 | AH41: 25.4 | AI41: =AI40-AH41 -> 1849.2492 | AK41: =N41+O41+P41+Q41+R41+S41+T41+U41+X41+AE41+AH41 -> 28.62 | AL41: =IF(L41<0,L41*-1,0) -> 11.163716 | AM41: =AK41+AL41 -> 39.783716 | AN41: =V41 -> 0 | AV41: 0 | AW41: 58 | AX41: 31 | AZ41: =SUM(N41,P41:U41) -> 3.22 | BA41: 0 | BB41: 16445
A42: =A41+1 -> 28 | B42: 6868.26 | C42: 183228 | D42: =C42-C41 -> 130 | E42: =C42-152000 -> 31228 | F42: =D42/$D$2 -> 65.540711 | G42: 65 | H42: 0 | I42: =G42+H42 -> 65 | J42: =IF(L42>0,L42,0) -> 29.160711 | K42: =I42+J42 -> 94.160711 | L42: =F42-(I42-AK42) -> 29.160711 | M42: 3.22 | N42: 0 | O42: =0*1.05 -> 0 | P42: 0 | Q42: =775400/325851/1.9835*1.02 -> 1.2236993 | R42: =(2.1*1.04)-T42 -> 1.6852742 | S42: 0 | T42: =(0.4524*1.06)*1.04 -> 0.49872576 | U42: =M42-(Q42+R42+S42+T42) -> -0.18769928 | V42: 0 | W42: 0 | X42: =M42-N42-P42-O42-Q42-R42-S42-T42-U42+V42+W42 -> 0 | Y42: =X42-AO42 -> 0 | AE42: 0 | AH42: 25.4 | AI42: =AI41-AH42 -> 1823.8492 | AK42: =N42+O42+P42+Q42+R42+S42+T42+U42+X42+AE42+AH42 -> 28.62 | AL42: =IF(L42<0,L42*-1,0) -> 0 | AM42: =AK42+AL42 -> 28.62 | AN42: =V42 -> 0 | AV42: 0 | AW42: 54 | AX42: 30 | AZ42: =SUM(N42,P42:U42) -> 3.22 | BA42: 0 | BB42: 16407
A43: =A42+1 -> 29 | B43: 6868.3 | C43: 183332 | D43: =C43-C42 -> 104 | E43: =C43-152000 -> 31332 | F43: =D43/$D$2 -> 52.432569 | G43: 64 | H43: 0 | I43: =G43+H43 -> 64 | J43: =IF(L43>0,L43,0) -> 16.952569 | K43: =I43+J43 -> 80.952569 | L43: =F43-(I43-AK43) -> 16.952569 | M43: 3.22 | N43: 0 | O43: =0*1.05 -> 0 | P43: 0 | Q43: =921000/325851/1.9835*1.02 -> 1.4534783 | R43: =(2.3*1.04)-T43 -> 1.8932742 | S43: 0 | T43: =(0.4524*1.06)*1.04 -> 0.49872576 | U43: =M43-(Q43+R43+S43+T43) -> -0.62547826 | V43: 0 | W43: 0 | X43: =M43-N43-P43-O43-Q43-R43-S43-T43-U43+V43+W43 -> 0 | Y43: =X43-AO43 -> 0 | AE43: 0 | AH43: 25.3 | AI43: =AI42-AH43 -> 1798.5492 | AK43: =N43+O43+P43+Q43+R43+S43+T43+U43+X43+AE43+AH43 -> 28.52 | AL43: =IF(L43<0,L43*-1,0) -> 0 | AM43: =AK43+AL43 -> 28.52 | AN43: =V43 -> 0 | AV43: 0.01 | AW43: 53 | AX43: 30 | AZ43: =SUM(N43,P43:U43) -> 3.22 | BA43: 0 | BB43: 16353
A44: 30 | B44: 6868.35 | C44: 183463 | D44: =C44-C43 -> 131 | E44: =C44-152000 -> 31463 | F44: =D44/$D$2 -> 66.04487 | G44: 63 | H44: 0 | I44: =G44+H44 -> 63 | J44: =IF(L44>0,L44,0) -> 31.76487 | K44: =I44+J44 -> 94.76487 | L44: =F44-(I44-AK44) -> 31.76487 | M44: 3.22 | N44: 0 | O44: =0*1.05 -> 0 | P44: 0 | Q44: =794500/325851/1.9835*1.02 -> 1.253842 | R44: =(2*1.04)-T44 -> 1.5350837 | S44: 0 | T44: =(0.4943*1.06)*1.04 -> 0.54491632 | U44: =M44-(Q44+R44+S44+T44) -> -0.11384199 | V44: 0 | W44: 0 | X44: =M44-N44-P44-O44-Q44-R44-S44-T44-U44+V44+W44 -> 0 | Y44: =X44-AO44 -> 0 | AE44: 0 | AH44: 25.5 | AI44: =AI43-AH44 -> 1773.0492 | AK44: =N44+O44+P44+Q44+R44+S44+T44+U44+X44+AE44+AH44 -> 28.72 | AL44: =IF(L44<0,L44*-1,0) -> 0 | AM44: =AK44+AL44 -> 28.72 | AN44: =V44 -> 0 | AV44: 0.16 | AW44: 43 | AX44: 31 | AZ44: =SUM(N44,P44:U44) -> 3.22 | BA44: 0 | BB44: 16310
A45: 31 | B45: 6868.38 | C45: 183541 | D45: =C45-C44 -> 78 | E45: =C45-152000 -> 31541 | F45: =D45/$D$2 -> 39.324427 | G45: 62 | H45: 0 | I45: =G45+H45 -> 62 | J45: =IF(L45>0,L45,0) -> 6.0444265 | K45: =I45+J45 -> 68.044427 | L45: =F45-(I45-AK45) -> 6.0444265 | M45: 3.22 | N45: 0 | O45: =0*1.05 -> 0 | P45: 0 | Q45: =895400/325851/1.9835*1.02 -> 1.4130776 | R45: =(2.3*1.04)-T45 -> 1.8470837 | S45: 0 | T45: =(0.4943*1.06)*1.04 -> 0.54491632 | U45: =M45-(Q45+R45+S45+T45) -> -0.58507756 | V45: 0 | W45: 0 | X45: =M45-N45-P45-O45-Q45-R45-S45-T45-U45+V45+W45 -> 0 | Y45: =X45-AO45 -> 0 | AE45: 0 | AH45: 25.5 | AI45: =AI44-AH45 -> 1747.5492 | AK45: =N45+O45+P45+Q45+R45+S45+T45+U45+X45+AE45+AH45 -> 28.72 | AL45: =IF(L45<0,L45*-1,0) -> 0 | AM45: =AK45+AL45 -> 28.72 | AN45: =V45 -> 0 | AV45: 0.17 | AW45: 42 | AX45: 29 | AZ45: =SUM(N45,P45:U45) -> 3.22 | BA45: 0 | BB45: 16258
X46: =M46-N46-O46-Q46-R46-S46+V46+W46 -> 0 | Y46: =N46-O46-P46-R46-S46-U46+W46+X46 -> 0 | AK46: =N46+O46+Q46+R46+S46+X46+AE46+AH46 -> 0
A47: MONTH / CFS | F47: =SUM(F15:F45) -> 1057.2221 | G47: =SUM(G15:G45) -> 2007 | H47: =SUM(H15:H45) -> 4.61 | I47: =SUM(I15:I45) -> 2011.61 | J47: =SUM(J15:J45) -> 362.39641 | K47: =SUM(K15:K45) -> 2374.0064 | L47: =SUM(L15:L45) -> -65.057918 | M47: =SUM(M15:M45) -> 100.73 | ... O47: =SUM(O15:O45) -> 0 | Q47: =SUM(Q15:Q45) -> 49.067122 | R47: =SUM(R15:R45) -> 48.976223 | S47: =SUM(S15:S45) -> 0 | T47: =SUM(T15:T45) -> 15.087777 | U47: =SUM(U15:U45) -> -12.401122 | V47: =SUM(V15:V45) -> 0 | W47: =SUM(W15:W45) -> 0 | X47: =SUM(X15:X45) -> 0 | Y47: =SUM(Y15:Y45) -> 0 | AC47: =SUM(AC15:AC45) -> 626.90167 | AH47: =SUM(AH15:AH45) -> 788.6 | AJ47: =SUM(AJ15:AJ45) -> 0 | AK47: =SUM(AK15:AK45) -> 889.33 | AL47: =SUM(AL15:AL45) -> 427.45433 | AM47: =SUM(AM15:AM45) -> 1316.7843 | AN47: =SUM(AN15:AN45) -> 0 | AO47: =SUM(AO15:AO45) -> 0 | AV47: =SUM(AV15:AV45) -> 0.98 | AW47: =AVERAGE(AW15:AW45) -> 48.806452 | AX47: =AVERAGE(AX15:AX45) -> 21.290323 | AY47: Avg | AZ47: =SUM(AZ15:AZ45) -> 100.73 | BA47: =SUM(BA15:BA45) -> 0
A48: MONTH / AF | D48: =SUM(D15:D45) -> 2097 | F48: =F47*$D$2 -> 2097 | G48: =G47*$D$2 -> 3980.8845 | H48: =H47*$D$2 -> 9.143935 | I48: =I47*$D$2 -> 3990.0284 | J48: =J47*$D$2 -> 718.81328 | K48: =K47*$D$2 -> 4708.8417 | L48: =L47*$D$2 -> -129.04238 | M48: =M47*$D$2 -> 199.79796 | ... O48: =O47*$D$2 -> 0 | Q48: =Q47*$D$2 -> 97.324636 | R48: =R47*$D$2 -> 97.144338 | S48: =S47*$D$2 -> 0 | T48: =T47*$D$2 -> 29.926606 | U48: =U47*$D$2 -> -24.597625 | V48: =V47*$D$2 -> 0 | W48: =W47*$D$2 -> 0 | X48: =X47*$D$2 -> 0 | Y48: =Y47*$D$2 -> 0 | AC48: =AC47*$D$2 -> 1243.4595 | AH48: =AH47*$D$2 -> 1564.1881 | AJ48: =AJ47*$D$2 -> 0 | AK48: =AK47*$D$2 -> 1763.9861 | AL48: =AL47*$D$2 -> 847.85566 | AM48: =AM47*$D$2 -> 2611.8417 | AN48: =AN47*$D$2 -> 0 | AO48: =AO47*$D$2 -> 0 | AW48: =MAX(AW15:AW45) -> 64 | AX48: =MAX(AX15:AX45) -> 31 | AY48: HI | AZ48: =AZ47*$D$2 -> 199.79796 | BA48: =BA47*D2 -> 0
A50: SEASON / CFS | AW50: =MIN(AW15:AW45) -> 37 | AX50: =MIN(AX15:AX45) -> 4 | AY50: LO
A51: SEASON / AF
A53: YTD / CFS | F53: =F13+F47 -> -1108.6463 | G53: =G13+G47 -> 6884 | H53: =H13+H47 -> 24.559 | I53: =I13+I47 -> 6907.939 | J53: =J13+J47 -> 805.62115 | K53: =K13+K47 -> 7713.5601 | L53: =L13+L47 -> -1154.0753 | M53: =M13+M47 -> 291.52 | N53: =N13+N47 -> 0 | O53: 0 | Q53: =Q13+Q47 -> 134.98927 | R53: =R13+R47 -> 144.48578 | S53: =S13+S47 -> 0 | T53: =T13+T47 -> 46.458223 | U53: =U13+U47 -> -34.413273 | V53: =V13+V47 -> 4183.99 | W53: =W13+W47 -> 0 | X53: =X13+X47 -> 4151.9534 | Y53: =Y13+Y47 -> 4151.9534 | AC53: =AC13+AC47 -> 1714.1328 | AH53: =AH13+AH47 -> 2387 | AI53: =AI45 -> 1747.5492 | AJ53: =AJ14+AJ47 -> 0 | AK53: =AK13+AK47 -> 6862.51 | AL53: =AL13+AL47 -> 1959.6965 | AM53: =AM13+AM47 -> 8822.2065 | AN53: =AN13+AN47 -> 4183.99 | AO53: =AO13+AO47 -> 0 | AV53: =AV13+AV47 -> 2.55 | AZ53: =AZ13+AZ47 -> 291.52 | BA53: =BA47+BA13 -> 12.2
A54: YTD / AF | D54: =D13+D48 -> -2199 | E54: =E45 -> 31541 | F54: =F53*$D$2 -> -2199 | G54: =G53*$D$2 -> 13654.414 | H54: =H53*$D$2 -> 48.712776 | I54: =I53*$D$2 -> 13701.897 | J54: =J53*$D$2 -> 1597.9495 | K54: =K53*$D$2 -> 15299.847 | L54: =L53*$D$2 -> -2289.1084 | M54: =M53*$D$2 -> 578.22992 | ... O54: =O53*$D$2 -> 0 | Q54: =Q53*$D$2 -> 267.75122 | R54: =R53*$D$2 -> 286.58754 | S54: =S53*$D$2 -> 0 | T54: =T53*$D$2 -> 92.149885 | U54: =U53*$D$2 -> -68.258728 | V54: =V53*$D$2 -> 8298.9442 | W54: =W53*$D$2 -> 0 | X54: =X53*$D$2 -> 8235.3997 | Y54: =Y53*$D$2 -> 8235.3997 | AC54: =AC53*$D$2 -> 3399.9824 | AH54: =AH53*$D$2 -> 4734.6145 | AI54: =AI53*$D$2 -> 3466.2639 | AJ54: =AJ53*$D$2 -> 0 | AK54: =AK53*$D$2 -> 13611.789 | AL54: =AL53*$D$2 -> 3887.058 | AM54: =AM53*$D$2 -> 17498.847 | AN54: =AN53*$D$2 -> 8298.9442 | AO54: =AO53*$D$2 -> 0 | AZ54: =AZ53*$D$2 -> 578.22992 | BA54: =BA53*D2 -> 24.1987

Sheet FEB
K1: MCPHEE RESERVOIR INFLOW/OUTFLOW TABULATION
A2: AF/cfs CONVERT FACTOR | D2: 1.9835 | K2: FEBRUARY "2015"
D4: RESERVOIR | I4: INFLOW | X4: OUTFLOW | AP4: ADJUSTMENTS | AW4: WEATHER
A5: DATE | B5: RESERV | C5: RESERV | D5: AC FT | E5: ACTIVE | F5: CONV TO | G5: DOLORES | H5: LOST | I5: RECORD | J5: CALC | K5: TOTAL | L5: CALC | M5: DOLORES TUNNEL | V5: LONE | W5: U | X5: TOTAL | Y5: TOTAL | Z5: MVI | AA5: MVI | AB5: MVI | AC5: TO EX & | AD5: MVI | AE5: DV CR | AF5: D/S SENIOR | AH5: BELOW | AI5: FISH | AJ5: SPILL | AK5: RECORD | AL5: CALC | AM5: TOTAL | AN5: NAR | AO5: MVI | AP5: MVI | AQ5: MVI | AR5: DIST. | AS5: U/S | AT5: TOTTEN | AU5: UF&R | AV5: RAIN | AW5: MAX | AX5: MIN | AZ5: TOTAL | BA5: GRNDHOG | BB5: GRNDHOG
A6: FEB | B6: ELEV | D6: CHANGE | E6: CAP | F6: CFS | G6: RIVER | H6: CAN | I6: INFLOW | J6: INFLOW | K6: INFLOW | L6: INF/OTF | M6: TOT DIV | N6: WET | O6: UTE | P6: QUEST | Q6: MWC | R6: CORTEZ | T6: UTE | U6: F-BAY | V6: PINE | W6: LAT | X6: MVI | Y6: MVI | Z6: CALL | AA6: CALL | AB6: APR- | AC6: U/S EX | AD6: PROJ | AE6: CANAL | AF6: MVIC | AG6: PROJ | AH6: MCP | AI6: LEFT | AK6: OTF | AL6: OTF | AM6: OTF | AN6: FILL | AO6: STOCK | AP6: STORED | AQ6: STORED | AR6: CLASS | AS6: USERS | AT6: (FRESH | AU6: LEASE | AW6: TMP | AX6: TMP | AZ6: TUNNEL | BA6: DISCHARGE | BB6: CAPACITY
N7: LAND | O7: F&R | Q7: NON - | R7: NON - | S7: PROJ | T7: PROJ | U7: BAL | X7: WATER | Y7: IRRIG. | Z7: STOR | AA7: SPILLED | AB7: JUNE | AF7: 1.7 | AG7: 1.3 | AI7: 29007 | AP7: Apr - Jun | AQ7: EVAP | AR7: "B" | AS7: EXCH | AT7: WATER) | AU7: WATER | AZ7: Misc.
Q8: PROJ | R8: PROJ | X8: USED | Y8: WATER | AA8: OR | AB8: (DIV+
R9: 4.2 | Y9: USED | AA9: USED | AB9: CALL) | BB9: FP = 5394
C10: AC. Ft. | E10: AC FT | G10: CFS | H10: CFS | I10: CFS | J10: CFS | K10: CFS | L10: CFS | M10: CFS | N10: CFS | O10: CFS | P10: CFS | Q10: CFS | R10: CFS | S10: CFS | T10: CFS | U10: CFS | V10: CFS | W10: CFS | X10: 153400 | Y10: 150400 | AB10: 72000 | AC10: CFS | AD10: CFS | AE10: CFS | AF10: CFS | AG10: CFS | AH10: CFS | AI10: CFS | AJ10: CFS | AK10: CFS | AL10: CFS | AM10: CFS | AN10: CFS | AO10: CFS | AP10: CFS | AQ10: AC.FT. | AR10: CFS | AS10: CFS | AT10: CFS | AU10: CFS | AZ10: Outflow | BA10: CFS | BB10: AC FT
N11: 1.03 | O11: 1.05 | P11: 1.02 | Q11: 1.02 | R11: 1.04 | T11: 1.04 | X11: CFS | Y11: CFS | Z11: CFS | AA11: CFS | AB11: Ac. Ft. | AZ11: CFS
A12: SEASON BAL
A13: YTD | B13: =JAN!B45 -> 6868.38 | C13: =JAN!C45 -> 183541 | D13: =JAN!D54 -> -2199 | E13: =JAN!E54 -> 31541 | F13: =JAN!F53 -> -1108.6463 | G13: =JAN!G53 -> 6884 | H13: =JAN!H53 -> 24.559 | I13: =JAN!I53 -> 6907.939 | J13: =JAN!J53 -> 805.62115 | K13: =JAN!K53 -> 7713.5601 | L13: =JAN!L53 -> -1154.0753 | M13: =JAN!M53 -> 291.52 | ... Y13: =JAN!Y53 -> 4151.9534 | AC13: =JAN!AC53 -> 1714.1328 | AH13: =JAN!AH53 -> 2387 | AI13: =JAN!AI53 -> 1747.5492 | AJ13: =JAN!AJ53 -> 0 | AK13: =JAN!AK53 -> 6862.51 | AL13: =JAN!AL53 -> 1959.6965 | AM13: =JAN!AM53 -> 8822.2065 | AN13: =JAN!AN53 -> 4183.99 | AO13: =JAN!AO53 -> 0 | AV13: =JAN!AV53 -> 2.55 | AZ13: =JAN!AZ53 -> 291.52 | BA13: =JAN!BA53 -> 12.2
A15: 1 | B15: 6868.46 | C15: 183750 | D15: =C15-C13 -> 209 | E15: =C15-152000 -> 31750 | F15: =D15/$D$2 -> 105.3693 | G15: 62 | H15: 0 | I15: =G15+H15 -> 62 | J15: =IF(L15>0,L15,0) -> 72.089297 | K15: =I15+J15 -> 134.0893 | L15: =F15-(I15-AK15) -> 72.089297 | M15: 3.22 | N15: 0 | O15: =0*1.05 -> 0 | P15: 0 | Q15: =1022900/325851/1.9835*1.02 -> 1.614292 | R15: =(1.7*1.04)-T15 -> 1.3067558 | S15: 0 | T15: =(0.4184*1.06)*1.04 -> 0.46124416 | U15: =M15-(Q15+R15+S15+T15) -> -0.16229197 | V15: 0 | W15: 0 | X15: =M15-N15-O15-P15-Q15-R15-S15-T15-U15+V15+W15 -> 0 | Y15: =X15-AO15 -> 0 | AA15: =Q15+R15 -> 2.9210478 | AE15: 0 | AH15: 25.5 | AI15: =AI13-AH15 -> 1722.0492 | AK15: =N15+O15+P15+Q15+R15+S15+T15+U15+X15+AE15+AH15 -> 28.72 | AL15: =IF(L15<0,L15*-1,0) -> 0 | AM15: =AK15+AL15 -> 28.72 | AN15: =V15 -> 0 | AV15: 0 | AW15: 50 | AX15: 27 | AZ15: =SUM(N15,P15:U15) -> 3.22 | BA15: 0 | BB15: 16196
A16: =A15+1 -> 2 | B16: 6868.43 | C16: 183671 | D16: =C16-C15 -> -79 | E16: =C16-152000 -> 31671 | F16: =D16/$D$2 -> -39.828586 | G16: 61 | H16: 0 | I16: =G16+H16 -> 61 | J16: =IF(L16>0,L16,0) -> 0 | K16: =I16+J16 -> 61 | L16: =F16-(I16-AK16) -> -72.108586 | M16: 3.22 | N16: 0 | O16: =0*1.05 -> 0 | P16: 0 | Q16: =1034400/325851/1.9835*1.02 -> 1.6324407 | R16: =(2*1.04)-T16 -> 1.6187558 | S16: 0 | T16: =(0.4184*1.06)*1.04 -> 0.46124416 | U16: =M16-(Q16+R16+S16+T16) -> -0.49244072 | V16: 0 | W16: 0 | X16: =M16-N16-O16-P16-Q16-R16-S16-T16-U16+V16+W16 -> 0 | Y16: =X16-AO16 -> 0 | AA16: =Q16+R16 -> 3.2511966 | AE16: 0 | AH16: 25.5 | AI16: =AI15-AH16 -> 1696.5492 | AK16: =N16+O16+P16+Q16+R16+S16+T16+U16+X16+AE16+AH16 -> 28.72 | AL16: =IF(L16<0,L16*-1,0) -> 72.108586 | AM16: =AK16+AL16 -> 100.82859 | AN16: =V16 -> 0 | AV16: 0 | AW16: 55 | AX16: 24 | AZ16: =SUM(N16,P16:U16) -> 3.22 | BA16: 0 | BB16: 16140
A17: =A16+1 -> 3 | B17: 6868.46 | C17: 183750 | D17: =C17-C16 -> 79 | E17: =C17-152000 -> 31750 | F17: =D17/$D$2 -> 39.828586 | G17: 62 | H17: 0 | I17: =G17+H17 -> 62 | J17: =IF(L17>0,L17,0) -> 6.6685858 | K17: =I17+J17 -> 68.668586 | L17: =F17-(I17-AK17) -> 6.6685858 | M17: 3.34 | N17: 0 | O17: =0*1.05 -> 0 | P17: 0 | Q17: =1052400/325851/1.9835*1.02 -> 1.6608475 | R17: =(2*1.04)-T17 -> 1.6187558 | S17: 0 | T17: =(0.4184*1.06)*1.04 -> 0.46124416 | U17: =M17-(Q17+R17+S17+T17) -> -0.40084747 | V17: 0 | W17: 0 | X17: =M17-N17-O17-P17-Q17-R17-S17-T17-U17+V17+W17 -> 0 | Y17: =X17-AO17 -> 0 | AA17: =Q17+R17 -> 3.2796033 | AE17: 0 | AH17: 25.5 | AI17: =AI16-AH17 -> 1671.0492 | AK17: =N17+O17+P17+Q17+R17+S17+T17+U17+X17+AE17+AH17 -> 28.84 | AL17: =IF(L17<0,L17*-1,0) -> 0 | AM17: =AK17+AL17 -> 28.84 | AN17: =V17 -> 0 | AV17: 0 | AW17: 57 | AX17: 27 | AZ17: =SUM(N17,P17:U17) -> 3.34 | BA17: 0 | BB17: 16218
A18: =A17+1 -> 4 | B18: 6868.49 | C18: 183828 | D18: =C18-C17 -> 78 | E18: =C18-152000 -> 31828 | F18: =D18/$D$2 -> 39.324427 | G18: 63 | H18: 0 | I18: =G18+H18 -> 63 | J18: =IF(L18>0,L18,0) -> 5.3144265 | K18: =I18+J18 -> 68.314427 | L18: =F18-(I18-AK18) -> 5.3144265 | M18: 3.49 | N18: 0 | O18: =0*1.05 -> 0 | P18: 0 | Q18: =966300/325851/1.9835*1.02 -> 1.5249686 | R18: =(2.2*1.04)-T18 -> 1.8267558 | S18: 0 | T18: =(0.4184*1.06)*1.04 -> 0.46124416 | U18: =M18-(Q18+R18+S18+T18) -> -0.32296855 | V18: 0 | W18: 0 | X18: =M18-N18-O18-P18-Q18-R18-S18-T18-U18+V18+W18 -> 0 | Y18: =X18-AO18 -> 0 | AA18: =Q18+R18 -> 3.3517244 | AE18: 0 | AH18: 25.5 | AI18: =AI17-AH18 -> 1645.5492 | AK18: =N18+O18+P18+Q18+R18+S18+T18+U18+X18+AE18+AH18 -> 28.99 | AL18: =IF(L18<0,L18*-1,0) -> 0 | AM18: =AK18+AL18 -> 28.99 | AN18: =V18 -> 0 | AV18: 0 | AW18: 58 | AX18: 28 | AZ18: =SUM(N18,P18:U18) -> 3.49 | BA18: 0 | BB18: 16273
A19: =A18+1 -> 5 | B19: 6868.54 | C19: 183958 | D19: =C19-C18 -> 130 | E19: =C19-152000 -> 31958 | F19: =D19/$D$2 -> 65.540711 | G19: 63 | H19: 0 | I19: =G19+H19 -> 63 | J19: =IF(L19>0,L19,0) -> 31.590711 | K19: =I19+J19 -> 94.590711 | L19: =F19-(I19-AK19) -> 31.590711 | M19: 3.55 | N19: 0 | O19: =0*1.05 -> 0 | P19: 0 | Q19: =984700/325851/1.9835*1.02 -> 1.5540066 | R19: =(1.9*1.04)-T19 -> 1.5147558 | S19: 0 | T19: =(0.4184*1.06)*1.04 -> 0.46124416 | U19: =M19-(Q19+R19+S19+T19) -> 0.019993444 | V19: 0 | W19: 0 | X19: =M19-N19-O19-P19-Q19-R19-S19-T19-U19+V19+W19 -> 1.110223e-16 | Y19: =X19-AO19 -> 1.110223e-16 | AA19: =Q19+R19 -> 3.0687624 | AE19: 0 | AH19: 25.5 | AI19: =AI18-AH19 -> 1620.0492 | AK19: =N19+O19+P19+Q19+R19+S19+T19+U19+X19+AE19+AH19 -> 29.05 | AL19: =IF(L19<0,L19*-1,0) -> 0 | AM19: =AK19+AL19 -> 29.05 | AN19: =V19 -> 0 | AV19: 0 | AW19: 61 | AX19: 29 | AZ19: =SUM(N19,P19:U19) -> 3.55 | BA19: 0 | BB19: 16256
A20: =A19+1 -> 6 | B20: 6868.56 | C20: 184011 | D20: =C20-C19 -> 53 | E20: =C20-152000 -> 32011 | F20: =D20/$D$2 -> 26.720444 | G20: 64 | H20: 0 | I20: =G20+H20 -> 64 | J20: =IF(L20>0,L20,0) -> 0 | K20: =I20+J20 -> 64 | L20: =F20-(I20-AK20) -> -8.2295563 | M20: 3.55 | N20: 0 | O20: =0*1.05 -> 0 | P20: 0 | Q20: =856100/325851/1.9835*1.02 -> 1.3510562 | R20: =(2.1*1.04)-T20 -> 1.6452571 | S20: 0 | T20: =(0.4887*1.06)*1.04 -> 0.53874288 | U20: =M20-(Q20+R20+S20+T20) -> 0.014943828 | V20: 0 | W20: 0 | X20: =M20-N20-O20-P20-Q20-R20-S20-T20-U20+V20+W20 -> -1.110223e-16 | Y20: =X20-AO20 -> -1.110223e-16 | AA20: =Q20+R20 -> 2.9963133 | AE20: 0 | AH20: 25.5 | AI20: =AI19-AH20 -> 1594.5492 | AK20: =N20+O20+P20+Q20+R20+S20+T20+U20+X20+AE20+AH20 -> 29.05 | AL20: =IF(L20<0,L20*-1,0) -> 8.2295563 | AM20: =AK20+AL20 -> 37.279556 | AN20: =V20 -> 0 | AV20: 0 | AW20: 65 | AX20: 29 | AZ20: =SUM(N20,P20:U20) -> 3.55 | BA20: 0 | BB20: 16268
A21: =A20+1 -> 7 | B21: 6868.59 | C21: 184089 | D21: =C21-C20 -> 78 | E21: =C21-152000 -> 32089 | F21: =D21/$D$2 -> 39.324427 | G21: 66 | H21: 0 | I21: =G21+H21 -> 66 | J21: =IF(L21>0,L21,0) -> 2.3744265 | K21: =I21+J21 -> 68.374427 | L21: =F21-(I21-AK21) -> 2.3744265 | M21: 3.55 | N21: 0 | O21: =0*1.05 -> 0 | P21: 0 | Q21: =870900/325851/1.9835*1.02 -> 1.3744128 | R21: =(2.2*1.04)-T21 -> 1.7492571 | S21: 0 | T21: =(0.4887*1.06)*1.04 -> 0.53874288 | U21: =M21-(Q21+R21+S21+T21) -> -0.11241283 | V21: 0 | W21: 0 | X21: =M21-N21-O21-P21-Q21-R21-S21-T21-U21+V21+W21 -> 0 | Y21: =X21-AO21 -> 0 | AA21: =Q21+R21 -> 3.1236699 | AE21: 0 | AH21: 25.5 | AI21: =AI20-AH21 -> 1569.0492 | AK21: =N21+O21+P21+Q21+R21+S21+T21+U21+X21+AE21+AH21 -> 29.05 | AL21: =IF(L21<0,L21*-1,0) -> 0 | AM21: =AK21+AL21 -> 29.05 | AN21: =V21 -> 0 | AV21: 0 | AW21: 61 | AX21: 29 | AZ21: =SUM(N21,P21:U21) -> 3.55 | BA21: 0 | BB21: 16401
A22: =A21+1 -> 8 | B22: 6868.62 | C22: 184167 | D22: =C22-C21 -> 78 | E22: =C22-152000 -> 32167 | F22: =D22/$D$2 -> 39.324427 | G22: 68 | H22: 0 | I22: =G22+H22 -> 68 | J22: =IF(L22>0,L22,0) -> 0.37442652 | K22: =I22+J22 -> 68.374427 | L22: =F22-(I22-AK22) -> 0.37442652 | M22: 3.55 | N22: 0 | O22: =0*1.05 -> 0 | P22: 0 | Q22: =1226200/325851/1.9835*1.02 -> 1.9351303 | R22: =(2.2*1.04)-T22 -> 1.7492571 | S22: 0 | T22: =(0.4887*1.06)*1.04 -> 0.53874288 | U22: =M22-(Q22+R22+S22+T22) -> -0.67313033 | V22: 0 | W22: 0 | X22: =M22-N22-O22-P22-Q22-R22-S22-T22-U22+V22+W22 -> 0 | Y22: =X22-AO22 -> 0 | AA22: =Q22+R22 -> 3.6843875 | AE22: 0 | AH22: 25.5 | AI22: =AI21-AH22 -> 1543.5492 | AK22: =N22+O22+P22+Q22+R22+S22+T22+U22+X22+AE22+AH22 -> 29.05 | AL22: =IF(L22<0,L22*-1,0) -> 0 | AM22: =AK22+AL22 -> 29.05 | AN22: =V22 -> 0 | AV22: 0 | AW22: 64 | AX22: 29 | AZ22: =SUM(N22,P22:U22) -> 3.55 | BA22: 0 | BB22: 16359
A23: =A22+1 -> 9 | B23: 6868.66 | C23: 184271 | D23: =C23-C22 -> 104 | E23: =C23-152000 -> 32271 | F23: =D23/$D$2 -> 52.432569 | G23: 67 | H23: 0 | I23: =G23+H23 -> 67 | J23: =IF(L23>0,L23,0) -> 15.012569 | K23: =I23+J23 -> 82.012569 | L23: =F23-(I23-AK23) -> 15.012569 | M23: 4.08 | N23: 0 | O23: =0*1.05 -> 0 | P23: 0 | Q23: =1247800/325851/1.9835*1.02 -> 1.9692184 | R23: =(2.1*1.04)-T23 -> 1.6452571 | S23: 0 | T23: =(0.4887*1.06)*1.04 -> 0.53874288 | U23: =M23-(Q23+R23+S23+T23) -> -0.073218423 | V23: 0 | W23: 0 | X23: =M23-N23-O23-P23-Q23-R23-S23-T23-U23+V23+W23 -> 3.3306691e-16 | Y23: =X23-AO23 -> 3.3306691e-16 | AA23: =Q23+R23 -> 3.6144755 | AE23: 0 | AH23: 25.5 | AI23: =AI22-AH23 -> 1518.0492 | AK23: =N23+O23+P23+Q23+R23+S23+T23+U23+X23+AE23+AH23 -> 29.58 | AL23: =IF(L23<0,L23*-1,0) -> 0 | AM23: =AK23+AL23 -> 29.58 | AN23: =V23 -> 0 | AV23: 0 | AW23: 63 | AX23: 32 | AZ23: =SUM(N23,P23:U23) -> 4.08 | BA23: 0 | BB23: 16074
A24: =A23+1 -> 10 | B24: 6868.7 | C24: 184376 | D24: =C24-C23 -> 105 | E24: =C24-152000 -> 32376 | F24: =D24/$D$2 -> 52.936728 | G24: 67 | H24: 0 | I24: =G24+H24 -> 67 | J24: =IF(L24>0,L24,0) -> 15.416728 | K24: =I24+J24 -> 82.416728 | L24: =F24-(I24-AK24) -> 15.416728 | M24: 3.98 | N24: 0 | O24: =0*1.05 -> 0 | P24: 0 | Q24: =803500/325851/1.9835*1.02 -> 1.2680454 | R24: =(2.1*1.04)-T24 -> 1.6452571 | S24: 0 | T24: =(0.4887*1.06)*1.04 -> 0.53874288 | U24: =M24-(Q24+R24+S24+T24) -> 0.52795464 | V24: 0 | W24: 0 | X24: =M24-N24-O24-P24-Q24-R24-S24-T24-U24+V24+W24 -> 0 | Y24: =X24-AO24 -> 0 | AA24: =Q24+R24 -> 2.9133025 | AE24: 0 | AH24: 25.5 | AI24: =AI23-AH24 -> 1492.5492 | AK24: =N24+O24+P24+Q24+R24+S24+T24+U24+X24+AE24+AH24 -> 29.48 | AL24: =IF(L24<0,L24*-1,0) -> 0 | AM24: =AK24+AL24 -> 29.48 | AN24: =V24 -> 0 | AV24: 0 | AW24: 60 | AX24: 29 | AZ24: =SUM(N24,P24:U24) -> 3.98 | BA24: 0 | BB24: 16103
A25: =A24+1 -> 11 | B25: 6868.75 | C25: 184506 | D25: =C25-C24 -> 130 | E25: =C25-152000 -> 32506 | F25: =D25/$D$2 -> 65.540711 | G25: 67 | H25: 0 | I25: =G25+H25 -> 67 | J25: =IF(L25>0,L25,0) -> 27.260711 | K25: =I25+J25 -> 94.260711 | L25: =F25-(I25-AK25) -> 27.260711 | M25: 3.22 | N25: 0 | O25: =0*1.05 -> 0 | P25: 0 | Q25: =1070700/325851/1.9835*1.02 -> 1.6897277 | R25: =(2.1*1.04)-T25 -> 1.6452571 | S25: 0 | T25: =(0.4887*1.06)*1.04 -> 0.53874288 | U25: =M25-(Q25+R25+S25+T25) -> -0.65372765 | V25: 0 | W25: 0 | X25: =M25-N25-O25-P25-Q25-R25-S25-T25-U25+V25+W25 -> 0 | Y25: =X25-AO25 -> 0 | AA25: =Q25+R25 -> 3.3349848 | AE25: 0 | AH25: 25.5 | AI25: =AI24-AH25 -> 1467.0492 | AK25: =N25+O25+P25+Q25+R25+S25+T25+U25+X25+AE25+AH25 -> 28.72 | AL25: =IF(L25<0,L25*-1,0) -> 0 | AM25: =AK25+AL25 -> 28.72 | AN25: =V25 -> 0 | AV25: 0 | AW25: 53 | AX25: 28 | AZ25: =SUM(N25,P25:U25) -> 3.22 | BA25: 0 | BB25: 16226
A26: =A25+1 -> 12 | B26: 6868.79 | C26: 184610 | D26: =C26-C25 -> 104 | E26: =C26-152000 -> 32610 | F26: =D26/$D$2 -> 52.432569 | G26: 66 | H26: 0 | I26: =G26+H26 -> 66 | J26: =IF(L26>0,L26,0) -> 15.382569 | K26: =I26+J26 -> 81.382569 | L26: =F26-(I26-AK26) -> 15.382569 | M26: 3.45 | N26: 0 | O26: =0*1.05 -> 0 | P26: 0 | Q26: =991200/325851/1.9835*1.02 -> 1.5642645 | R26: =(2.2*1.04)-T26 -> 1.7492571 | S26: 0 | T26: =(0.4887*1.06)*1.04 -> 0.53874288 | U26: =M26-(Q26+R26+S26+T26) -> -0.40226455 | V26: 0 | W26: 0 | X26: =M26-N26-O26-P26-Q26-R26-S26-T26-U26+V26+W26 -> 0 | Y26: =X26-AO26 -> 0 | AA26: =Q26+R26 -> 3.3135217 | AE26: 0 | AH26: 25.5 | AI26: =AI25-AH26 -> 1441.5492 | AK26: =N26+O26+P26+Q26+R26+S26+T26+U26+X26+AE26+AH26 -> 28.95 | AL26: =IF(L26<0,L26*-1,0) -> 0 | AM26: =AK26+AL26 -> 28.95 | AN26: =V26 -> 0 | AV26: 0 | AW26: 59 | AX26: 24 | AZ26: =SUM(N26,P26:U26) -> 3.45 | BA26: 0 | BB26: 16227
A27: =A26+1 -> 13 | B27: 6868.82 | C27: 184689 | D27: =C27-C26 -> 79 | E27: =C27-152000 -> 32689 | F27: =D27/$D$2 -> 39.828586 | G27: 68 | H27: 0 | I27: =G27+H27 -> 68 | J27: =IF(L27>0,L27,0) -> 0.87858583 | K27: =I27+J27 -> 68.878586 | L27: =F27-(I27-AK27) -> 0.87858583 | M27: 3.55 | N27: 0 | O27: =0*1.05 -> 0 | P27: 0 | Q27: =817200/325851/1.9835*1.02 -> 1.289666 | R27: =(2.2*1.04)-T27 -> 1.7860773 | S27: 0 | T27: =(0.4553*1.06)*1.04 -> 0.50192272 | U27: =M27-(Q27+R27+S27+T27) -> -0.027666048 | V27: 0 | W27: 0 | X27: =M27-N27-O27-P27-Q27-R27-S27-T27-U27+V27+W27 -> 0 | Y27: =X27-AO27 -> 0 | AA27: =Q27+R27 -> 3.0757433 | AE27: 0 | AH27: 25.5 | AI27: =AI26-AH27 -> 1416.0492 | AK27: =N27+O27+P27+Q27+R27+S27+T27+U27+X27+AE27+AH27 -> 29.05 | AL27: =IF(L27<0,L27*-1,0) -> 0 | AM27: =AK27+AL27 -> 29.05 | AN27: =V27 -> 0 | AV27: 0 | AW27: 65 | AX27: 27 | AZ27: =SUM(N27,P27:U27) -> 3.55 | BA27: 0 | BB27: 16216
A28: =A27+1 -> 14 | B28: 6868.86 | C28: 184793 | D28: =C28-C27 -> 104 | E28: =C28-152000 -> 32793 | F28: =D28/$D$2 -> 52.432569 | G28: 69 | H28: 0 | I28: =G28+H28 -> 69 | J28: =IF(L28>0,L28,0) -> 12.482569 | K28: =I28+J28 -> 81.482569 | L28: =F28-(I28-AK28) -> 12.482569 | M28: 3.55 | N28: 0 | O28: =0*1.05 -> 0 | P28: 0 | Q28: =906800/325851/1.9835*1.02 -> 1.4310685 | R28: =(2.2*1.04)-T28 -> 1.7860773 | S28: 0 | T28: =(0.4553*1.06)*1.04 -> 0.50192272 | U28: =M28-(Q28+R28+S28+T28) -> -0.16906849 | V28: 0 | W28: 0 | X28: =M28-N28-O28-P28-Q28-R28-S28-T28-U28+V28+W28 -> 0 | Y28: =X28-AO28 -> 0 | AA28: =Q28+R28 -> 3.2171458 | AE28: 0 | AH28: 25.5 | AI28: =AI27-AH28 -> 1390.5492 | AK28: =N28+O28+P28+Q28+R28+S28+T28+U28+X28+AE28+AH28 -> 29.05 | AL28: =IF(L28<0,L28*-1,0) -> 0 | AM28: =AK28+AL28 -> 29.05 | AN28: =V28 -> 0 | AV28: 0 | AW28: 66 | AX28: 30 | AZ28: =SUM(N28,P28:U28) -> 3.55 | BA28: 0 | BB28: 16154
A29: =A28+1 -> 15 | B29: 6868.91 | C29: 184923 | D29: =C29-C28 -> 130 | E29: =C29-152000 -> 32923 | F29: =D29/$D$2 -> 65.540711 | G29: 71 | H29: 0 | I29: =G29+H29 -> 71 | J29: =IF(L29>0,L29,0) -> 23.590711 | K29: =I29+J29 -> 94.590711 | L29: =F29-(I29-AK29) -> 23.590711 | M29: 3.55 | N29: 0 | O29: =0*1.05 -> 0 | P29: 0 | Q29: =1119500/325851/1.9835*1.02 -> 1.7667415 | R29: =(2.1*1.04)-T29 -> 1.6820773 | S29: 0 | T29: =(0.4553*1.06)*1.04 -> 0.50192272 | U29: =M29-(Q29+R29+S29+T29) -> -0.40074148 | V29: 0 | W29: 0 | X29: =M29-N29-O29-P29-Q29-R29-S29-T29-U29+V29+W29 -> 0 | Y29: =X29-AO29 -> 0 | AA29: =Q29+R29 -> 3.4488188 | AE29: 0 | AH29: 25.5 | AI29: =AI28-AH29 -> 1365.0492 | AK29: =N29+O29+P29+Q29+R29+S29+T29+U29+X29+AE29+AH29 -> 29.05 | AL29: =IF(L29<0,L29*-1,0) -> 0 | AM29: =AK29+AL29 -> 29.05 | AN29: =V29 -> 0 | AV29: 0 | AW29: 62 | AX29: 28 | AZ29: =SUM(N29,P29:U29) -> 3.55 | BA29: 0 | BB29: 16198
A30: =A29+1 -> 16 | B30: 6868.98 | C30: 185106 | D30: =C30-C29 -> 183 | E30: =C30-152000 -> 33106 | F30: =D30/$D$2 -> 92.261155 | G30: 70 | H30: 0 | I30: =G30+H30 -> 70 | J30: =IF(L30>0,L30,0) -> 51.011155 | K30: =I30+J30 -> 121.01115 | L30: =F30-(I30-AK30) -> 51.011155 | M30: 3.55 | N30: 0 | O30: =0*1.05 -> 0 | P30: 0 | Q30: =1091900/325851/1.9835*1.02 -> 1.7231845 | R30: =(2.1*1.04)-T30 -> 1.6820773 | S30: 0 | T30: =(0.4553*1.06)*1.04 -> 0.50192272 | U30: =M30-(Q30+R30+S30+T30) -> -0.35718448 | V30: 0 | W30: 0 | X30: =M30-N30-O30-P30-Q30-R30-S30-T30-U30+V30+W30 -> 0 | Y30: =X30-AO30 -> 0 | AA30: =Q30+R30 -> 3.4052618 | AE30: 0 | AH30: 25.2 | AI30: =AI29-AH30 -> 1339.8492 | AK30: =N30+O30+P30+Q30+R30+S30+T30+U30+X30+AE30+AH30 -> 28.75 | AL30: =IF(L30<0,L30*-1,0) -> 0 | AM30: =AK30+AL30 -> 28.75 | AN30: =V30 -> 0 | AV30: 0 | AW30: 49 | AX30: 20 | AZ30: =SUM(N30,P30:U30) -> 3.55 | BA30: 0 | BB30: 16241
A31: =A30+1 -> 17 | B31: 6869 | C31: 185158 | D31: =C31-C30 -> 52 | E31: =C31-152000 -> 33158 | F31: =D31/$D$2 -> 26.216284 | G31: 64 | H31: 0 | I31: =G31+H31 -> 64 | J31: =IF(L31>0,L31,0) -> 0 | K31: =I31+J31 -> 64 | L31: =F31-(I31-AK31) -> -9.3337157 | M31: 3.55 | N31: 0 | O31: =0*1.05 -> 0 | P31: 0 | Q31: =926800/325851/1.9835*1.02 -> 1.4626315 | R31: =(2.2*1.04)-T31 -> 1.7860773 | S31: 0 | T31: =(0.4553*1.06)*1.04 -> 0.50192272 | U31: =M31-(Q31+R31+S31+T31) -> -0.20063154 | V31: 0 | W31: 0 | X31: =M31-N31-O31-P31-Q31-R31-S31-T31-U31+V31+W31 -> 0 | Y31: =X31-AO31 -> 0 | AA31: =Q31+R31 -> 3.2487088 | AE31: 0 | AH31: 24.9 | AI31: =AI30-AH31 -> 1314.9492 | AK31: =N31+O31+P31+Q31+R31+S31+T31+U31+X31+AE31+AH31 -> 28.45 | AL31: =IF(L31<0,L31*-1,0) -> 9.3337157 | AM31: =AK31+AL31 -> 37.783716 | AN31: =V31 -> 0 | AV31: 0 | AW31: 47 | AX31: 13 | AZ31: =SUM(N31,P31:U31) -> 3.55 | BA31: 0 | BB31: 16218
A32: =A31+1 -> 18 | B32: 6869 | C32: 185158 | D32: =C32-C31 -> 0 | E32: =C32-152000 -> 33158 | F32: =D32/$D$2 -> 0 | G32: 62 | H32: 0.906 | I32: =G32+H32 -> 62.906 | J32: =IF(L32>0,L32,0) -> 0 | K32: =I32+J32 -> 62.906 | L32: =F32-(I32-AK32) -> -34.456 | M32: 3.55 | N32: 0 | O32: =0*1.05 -> 0 | P32: 0 | Q32: =1181100/325851/1.9835*1.02 -> 1.8639557 | R32: =(2.1*1.04)-T32 -> 1.6820773 | S32: 0 | T32: =(0.4553*1.06)*1.04 -> 0.50192272 | U32: =M32-(Q32+R32+S32+T32) -> -0.49795567 | V32: 0 | W32: 0 | X32: =M32-N32-O32-P32-Q32-R32-S32-T32-U32+V32+W32 -> 0 | Y32: =X32-AO32 -> 0 | AA32: =Q32+R32 -> 3.5460329 | AE32: 0 | AH32: 24.9 | AI32: =AI31-AH32 -> 1290.0492 | AK32: =N32+O32+P32+Q32+R32+S32+T32+U32+X32+AE32+AH32 -> 28.45 | AL32: =IF(L32<0,L32*-1,0) -> 34.456 | AM32: =AK32+AL32 -> 62.906 | AN32: =V32 -> 0 | AV32: 0 | AW32: 60 | AX32: 19 | AZ32: =SUM(N32,P32:U32) -> 3.55 | BA32: 0 | BB32: 16171
A33: =A32+1 -> 19 | B33: 6869.03 | C33: 185238 | D33: =C33-C32 -> 80 | E33: =C33-152000 -> 33238 | F33: =D33/$D$2 -> 40.332745 | G33: 64 | H33: 0.997 | I33: =G33+H33 -> 64.997 | J33: =IF(L33>0,L33,0) -> 3.7857451 | K33: =I33+J33 -> 68.782745 | L33: =F33-(I33-AK33) -> 3.7857451 | M33: 3.55 | N33: 0 | O33: =0*1.05 -> 0 | P33: 0 | Q33: =973300/325851/1.9835*1.02 -> 1.5360156 | R33: =(2.1*1.04)-T33 -> 1.6820773 | S33: 0 | T33: =(0.4553*1.06)*1.04 -> 0.50192272 | U33: =M33-(Q33+R33+S33+T33) -> -0.17001562 | V33: 0 | W33: 0 | X33: =M33-N33-O33-P33-Q33-R33-S33-T33-U33+V33+W33 -> 0 | Y33: =X33-AO33 -> 0 | AA33: =Q33+R33 -> 3.2180929 | AE33: 0 | AH33: 24.9 | AI33: =AI32-AH33 -> 1265.1492 | AK33: =N33+O33+P33+Q33+R33+S33+T33+U33+X33+AE33+AH33 -> 28.45 | AL33: =IF(L33<0,L33*-1,0) -> 0 | AM33: =AK33+AL33 -> 28.45 | AN33: =V33 -> 0 | AV33: 0 | AW33: 60 | AX33: 26 | AZ33: =SUM(N33,P33:U33) -> 3.55 | BA33: 0 | BB33: 16123
A34: =A33+1 -> 20 | B34: 6869.07 | C34: 185343 | D34: =C34-C33 -> 105 | E34: =C34-152000 -> 33343 | F34: =D34/$D$2 -> 52.936728 | G34: 66 | H34: 1.13 | I34: =G34+H34 -> 67.13 | J34: =IF(L34>0,L34,0) -> 14.256728 | K34: =I34+J34 -> 81.386728 | L34: =F34-(I34-AK34) -> 14.256728 | M34: 3.55 | N34: 0 | O34: =0*1.05 -> 0 | P34: 0 | Q34: =764400/325851/1.9835*1.02 -> 1.2063396 | R34: =(2.3*1.04)-T34 -> 1.8979043 | S34: 0 | T34: =(0.4482*1.06)*1.04 -> 0.49409568 | U34: =M34-(Q34+R34+S34+T34) -> -0.048339608 | V34: 0 | W34: 0 | X34: =M34-N34-O34-P34-Q34-R34-S34-T34-U34+V34+W34 -> -4.4408921e-16 | Y34: =X34-AO34 -> -4.4408921e-16 | AA34: =Q34+R34 -> 3.1042439 | AE34: 0 | AH34: 24.9 | AI34: =AI33-AH34 -> 1240.2492 | AK34: =N34+O34+P34+Q34+R34+S34+T34+U34+X34+AE34+AH34 -> 28.45 | AL34: =IF(L34<0,L34*-1,0) -> 0 | AM34: =AK34+AL34 -> 28.45 | AN34: =V34 -> 0 | AV34: 0 | AW34: 60 | AX34: 27 | AZ34: =SUM(N34,P34:U34) -> 3.55 | BA34: 0 | BB34: 16014
A35: =A34+1 -> 21 | B35: 6869.13 | C35: 185502 | D35: =C35-C34 -> 159 | E35: =C35-152000 -> 33502 | F35: =D35/$D$2 -> 80.161331 | G35: 67 | H35: 1.08 | I35: =G35+H35 -> 68.08 | J35: =IF(L35>0,L35,0) -> 40.531331 | K35: =I35+J35 -> 108.61133 | L35: =F35-(I35-AK35) -> 40.531331 | M35: 3.55 | N35: 0 | O35: =0*1.05 -> 0 | P35: 0 | Q35: =806700/325851/1.9835*1.02 -> 1.2730954 | R35: =(2.1*1.04)-T35 -> 1.6899043 | S35: 0 | T35: =(0.4482*1.06)*1.04 -> 0.49409568 | U35: =M35-(Q35+R35+S35+T35) -> 0.092904551 | V35: 0 | W35: 0 | X35: =M35-N35-O35-P35-Q35-R35-S35-T35-U35+V35+W35 -> 0 | Y35: =X35-AO35 -> 0 | AA35: =Q35+R35 -> 2.9629998 | AE35: 0 | AH35: 24.9 | AI35: =AI34-AH35 -> 1215.3492 | AK35: =N35+O35+P35+Q35+R35+S35+T35+U35+X35+AE35+AH35 -> 28.45 | AL35: =IF(L35<0,L35*-1,0) -> 0 | AM35: =AK35+AL35 -> 28.45 | AN35: =V35 -> 0 | AV35: 0 | AW35: 47 | AX35: 23 | AZ35: =SUM(N35,P35:U35) -> 3.55 | BA35: 0 | BB35: 16018
A36: =A35+1 -> 22 | B36: 6869.24 | C36: 185793 | D36: =C36-C35 -> 291 | E36: =C36-152000 -> 33793 | F36: =D36/$D$2 -> 146.71036 | G36: 67 | H36: 1.16 | I36: =G36+H36 -> 68.16 | J36: =IF(L36>0,L36,0) -> 107.31036 | K36: =I36+J36 -> 175.47036 | L36: =F36-(I36-AK36) -> 107.31036 | M36: 3.36 | N36: 0 | O36: =0*1.05 -> 0 | P36: 0 | Q36: =837200/325851/1.9835*1.02 -> 1.3212291 | R36: =(2.2*1.04)-T36 -> 1.7939043 | S36: 0 | T36: =(0.4482*1.06)*1.04 -> 0.49409568 | U36: =M36-(Q36+R36+S36+T36) -> -0.24922909 | V36: 0 | W36: 0 | X36: =M36-N36-O36-P36-Q36-R36-S36-T36-U36+V36+W36 -> 0 | Y36: =X36-AO36 -> 0 | AA36: =Q36+R36 -> 3.1151334 | AE36: 0 | AH36: 25.4 | AI36: =AI35-AH36 -> 1189.9492 | AK36: =N36+O36+P36+Q36+R36+S36+T36+U36+X36+AE36+AH36 -> 28.76 | AL36: =IF(L36<0,L36*-1,0) -> 0 | AM36: =AK36+AL36 -> 28.76 | AN36: =V36 -> 0 | AV36: 1.41 | AW36: 41 | AX36: 28 | AZ36: =SUM(N36,P36:U36) -> 3.36 | BA36: 0 | BB36: 16023
A37: =A36+1 -> 23 | B37: 6869.33 | C37: 186031 | D37: =C37-C36 -> 238 | E37: =C37-152000 -> 34031 | F37: =D37/$D$2 -> 119.98992 | G37: 67 | H37: 1.1 | I37: =G37+H37 -> 68.1 | J37: =IF(L37>0,L37,0) -> 111.58992 | K37: =I37+J37 -> 179.68992 | L37: =F37-(I37-AK37) -> 111.58992 | M37: 2.7 | N37: 0 | O37: =0*1.05 -> 0 | P37: 0 | Q37: =837900/325851/1.9835*1.02 -> 1.3223338 | R37: =(2.2*1.04)-T37 -> 1.7939043 | S37: 0 | T37: =(0.4482*1.06)*1.04 -> 0.49409568 | U37: =M37-(Q37+R37+S37+T37) -> -0.9103338 | V37: 31.6 | W37: 0 | X37: =M37-N37-O37-P37-Q37-R37-S37-T37-U37+V37+W37 -> 31.6 | Y37: =X37-AO37 -> 31.6 | AA37: =Q37+R37 -> 3.1162381 | AE37: 0 | AH37: 25.4 | AI37: =AI36-AH37 -> 1164.5492 | AK37: =N37+O37+P37+Q37+R37+S37+T37+U37+X37+AE37+AH37 -> 59.7 | AL37: =IF(L37<0,L37*-1,0) -> 0 | AM37: =AK37+AL37 -> 59.7 | AN37: =V37 -> 31.6 | AV37: 0.35 | AW37: 47 | AX37: 27 | AZ37: =SUM(N37,P37:U37) -> 2.7 | BA37: 0 | BB37: 16052
A38: =A37+1 -> 24 | B38: 6869.34 | C38: 186057 | D38: =C38-C37 -> 26 | E38: =C38-152000 -> 34057 | F38: =D38/$D$2 -> 13.108142 | G38: 65 | H38: 1.26 | I38: =G38+H38 -> 66.26 | J38: =IF(L38>0,L38,0) -> 22.688142 | K38: =I38+J38 -> 88.948142 | L38: =F38-(I38-AK38) -> 22.688142 | M38: 2.54 | N38: 0 | O38: =0*1.05 -> 0 | P38: 0 | Q38: =828800/325851/1.9835*1.02 -> 1.3079726 | R38: 0 | S38: 0 | T38: =(0.4482*1.06)*1.04 -> 0.49409568 | U38: =M38-(Q38+R38+S38+T38) -> 0.73793171 | V38: 48 | W38: 0 | X38: =M38-N38-O38-P38-Q38-R38-S38-T38-U38+V38+W38 -> 48 | Y38: =X38-AO38 -> 48 | AA38: =Q38+R38 -> 1.3079726 | AE38: 0 | AH38: 25.3 | AI38: =AI37-AH38 -> 1139.2492 | AK38: =N38+O38+P38+Q38+R38+S38+T38+U38+X38+AE38+AH38 -> 75.84 | AL38: =IF(L38<0,L38*-1,0) -> 0 | AM38: =AK38+AL38 -> 75.84 | AN38: =V38 -> 48 | AV38: 0.13 | AW38: 48 | AX38: 20 | AZ38: =SUM(N38,P38:U38) -> 2.54 | BA38: 0 | BB38: 16075
A39: =A38+1 -> 25 | B39: 6869.3 | C39: 185952 | D39: =C39-C38 -> -105 | E39: =C39-152000 -> 33952 | F39: =D39/$D$2 -> -52.936728 | G39: 65 | H39: 1.54 | I39: =G39+H39 -> 66.54 | J39: =IF(L39>0,L39,0) -> 0 | K39: =I39+J39 -> 66.54 | L39: =F39-(I39-AK39) -> -45.236728 | M39: 3.24 | N39: 0 | O39: =0*1.05 -> 0 | P39: 0 | Q39: =708000/325851/1.9835*1.02 -> 1.1173318 | R39: =(0.9*1.04)-T39 -> 0.44190432 | S39: 0 | T39: =(0.4482*1.06)*1.04 -> 0.49409568 | U39: =M39-(Q39+R39+S39+T39) -> 1.1866682 | V39: 47.9 | W39: 0 | X39: =M39-N39-O39-P39-Q39-R39-S39-T39-U39+V39+W39 -> 47.9 | Y39: =X39-AO39 -> 47.9 | AA39: =Q39+R39 -> 1.5592361 | AE39: 0 | AH39: 23.1 | AI39: =AI38-AH39 -> 1116.1492 | AK39: =N39+O39+P39+Q39+R39+S39+T39+U39+X39+AE39+AH39 -> 74.24 | AL39: =IF(L39<0,L39*-1,0) -> 45.236728 | AM39: =AK39+AL39 -> 119.47673 | AN39: =V39 -> 47.9 | AV39: 0.01 | AW39: 46 | AX39: 17 | AZ39: =SUM(N39,P39:U39) -> 3.24 | BA39: 0 | BB39: 16098
A40: =A39+1 -> 26 | B40: 6869.36 | C40: 186110 | D40: =C40-C39 -> 158 | E40: =C40-152000 -> 34110 | F40: =D40/$D$2 -> 79.657172 | G40: 64 | H40: 1.38 | I40: =G40+H40 -> 65.38 | J40: =IF(L40>0,L40,0) -> 86.167172 | K40: =I40+J40 -> 151.54717 | L40: =F40-(I40-AK40) -> 86.167172 | M40: 2.29 | N40: 0 | O40: =0*1.05 -> 0 | P40: 0 | Q40: =854300/325851/1.9835*1.02 -> 1.3482155 | R40: =(1.7*1.04)-T40 -> 1.2739043 | S40: 0 | T40: =(0.4482*1.06)*1.04 -> 0.49409568 | U40: =M40-(Q40+R40+S40+T40) -> -0.8262155 | V40: 47.9 | W40: 0 | X40: =M40-N40-O40-P40-Q40-R40-S40-T40-U40+V40+W40 -> 47.9 | Y40: =X40-AO40 -> 47.9 | AA40: =Q40+R40 -> 2.6221198 | AE40: 0 | AH40: 21.7 | AI40: =AI39-AH40 -> 1094.4492 | AK40: =N40+O40+P40+Q40+R40+S40+T40+U40+X40+AE40+AH40 -> 71.89 | AL40: =IF(L40<0,L40*-1,0) -> 0 | AM40: =AK40+AL40 -> 71.89 | AN40: =V40 -> 47.9 | AV40: 0 | AW40: 43 | AX40: 17 | AZ40: =SUM(N40,P40:U40) -> 2.29 | BA40: 0 | BB40: 16086
A41: =A40+1 -> 27 | B41: 6869.36 | C41: 186110 | D41: =C41-C40 -> 0 | E41: =C41-152000 -> 34110 | F41: =D41/$D$2 -> 0 | G41: 65 | H41: 1.34 | I41: =G41+H41 -> 66.34 | J41: =IF(L41>0,L41,0) -> 6.84 | K41: =I41+J41 -> 73.18 | L41: =F41-(I41-AK41) -> 6.84 | M41: 3.58 | N41: 0 | O41: =0*1.05 -> 0 | P41: 0 | Q41: =770200/325851/1.9835*1.02 -> 1.2154929 | R41: =(2*1.04)-T41 -> 1.5419186 | S41: 0 | T41: =(0.4881*1.06)*1.04 -> 0.53808144 | U41: =M41-(Q41+R41+S41+T41) -> 0.28450711 | V41: 47.9 | W41: 0 | X41: =M41-N41-O41-P41-Q41-R41-S41-T41-U41+V41+W41 -> 47.9 | Y41: =X41-AO41 -> 47.9 | AA41: =Q41+R41 -> 2.7574115 | AE41: 0 | AH41: 21.7 | AI41: =AI40-AH41 -> 1072.7492 | AK41: =N41+O41+P41+Q41+R41+S41+T41+U41+X41+AE41+AH41 -> 73.18 | AL41: =IF(L41<0,L41*-1,0) -> 0 | AM41: =AK41+AL41 -> 73.18 | AN41: =V41 -> 47.9 | AV41: 0.18 | AW41: 39 | AX41: 20 | AZ41: =SUM(N41,P41:U41) -> 3.58 | BA41: 0 | BB41: 16095
A42: 28 | B42: 6869.36 | C42: 186110 | D42: =C42-C41 -> 0 | E42: =C42-152000 -> 34110 | F42: =D42/$D$2 -> 0 | G42: 66 | H42: 1.24 | I42: =G42+H42 -> 67.24 | J42: =IF(L42>0,L42,0) -> 4.86 | K42: =I42+J42 -> 72.1 | L42: =F42-(I42-AK42) -> 4.86 | M42: 2.5 | N42: 0 | O42: =0*1.05 -> 0 | P42: 0 | Q42: =809000/325851/1.9835*1.02 -> 1.2767252 | R42: =(1.9*1.04)-T42 -> 1.4379186 | S42: 0 | T42: =(0.4881*1.06)*1.04 -> 0.53808144 | U42: =M42-(Q42+R42+S42+T42) -> -0.7527252 | V42: 47.9 | W42: 0 | X42: =M42-N42-O42-P42-Q42-R42-S42-T42-U42+V42+W42 -> 47.9 | Y42: =X42-AO42 -> 47.9 | AA42: =Q42+R42 -> 2.7146438 | AE42: 0 | AH42: 21.7 | AI42: =AI41-AH42 -> 1051.0492 | AK42: =N42+O42+P42+Q42+R42+S42+T42+U42+X42+AE42+AH42 -> 72.1 | AL42: =IF(L42<0,L42*-1,0) -> 0 | AM42: =AK42+AL42 -> 72.1 | AN42: =V42 -> 47.9 | AV42: 0.35 | AW42: 46 | AX42: 21 | AZ42: =SUM(N42,P42:U42) -> 2.5 | BA42: 0 | BB42: 16114
A44: MONTH / CFS | F44: =SUM(F15:F42) -> 1295.1853 | G44: =SUM(G15:G42) -> 1836 | H44: =SUM(H15:H42) -> 13.133 | I44: =SUM(I15:I42) -> 1849.133 | J44: =SUM(J15:J42) -> 677.47686 | K44: =SUM(K15:K42) -> 2526.6099 | L44: =SUM(L15:L42) -> 508.11228 | M44: =SUM(M15:M42) -> 94.36 | ... Y44: =SUM(Y15:Y42) -> 271.2 | AC44: =SUM(AC15:AC42) -> 0 | AH44: =SUM(AH15:AH42) -> 696.5 | AJ44: =SUM(AJ15:AJ42) -> 0 | AK44: =SUM(AK15:AK42) -> 1062.06 | AL44: =SUM(AL15:AL42) -> 169.36459 | AM44: =SUM(AM15:AM42) -> 1231.4246 | AN44: =SUM(AN15:AN42) -> 271.2 | AO44: =SUM(AO15:AO42) -> 0 | AV44: =SUM(AV15:AV42) -> 2.43 | AW44: =AVERAGE(AW15:AW42) -> 54.714286 | AX44: =AVERAGE(AX15:AX42) -> 24.928571 | AY44: AVE | AZ44: =SUM(AZ15:AZ42) -> 94.36 | BA44: =SUM(BA15:BA42) -> 0
A45: MONTH / AF | D45: =SUM(D15:D42) -> 2569 | F45: =F44*$D$2 -> 2569 | G45: =G44*$D$2 -> 3641.706 | H45: =H44*$D$2 -> 26.049305 | I45: =I44*$D$2 -> 3667.7553 | J45: =J44*$D$2 -> 1343.7754 | K45: =K44*$D$2 -> 5011.5307 | L45: =L44*$D$2 -> 1007.8407 | M45: =M44*$D$2 -> 187.16306 | ... O45: =O44*$D$2 -> 0 | Q45: =Q44*$D$2 -> 82.514413 | R45: =R44*$D$2 -> 86.624172 | S45: =S44*$D$2 -> 0 | T45: =T44*$D$2 -> 28.018351 | U45: =U44*$D$2 -> -9.9938758 | V45: =V44*$D$2 -> 537.9252 | W45: =W44*$D$2 -> 0 | X45: =X44*$D$2 -> 537.9252 | Y45: =Y44*$D$2 -> 537.9252 | AC45: =AC44*$D$2 -> 0 | AH45: =AH44*$D$2 -> 1381.5077 | AJ45: =AJ44*$D$2 -> 0 | AK45: =AK44*$D$2 -> 2106.596 | AL45: =AL44*$D$2 -> 335.93466 | AM45: =AM44*$D$2 -> 2442.5307 | AN45: =AN44*$D$2 -> 537.9252 | AO45: =AO44*$D$2 -> 0 | AW45: =MAX(AW15:AW42) -> 66 | AX45: =MAX(AX15:AX42) -> 32 | AY45: HI | AZ45: =AZ44*$D$2 -> 187.16306 | BA45: =BA44*D2 -> 0
A47: SEASON / CFS | AW47: =MIN(AW15:AW42) -> 39 | AX47: =MIN(AX15:AX42) -> 13 | AY47: LO
A48: SEASON / AF
A50: YTD / CFS | F50: =F13+F44 -> 186.53895 | G50: =G13+G44 -> 8720 | H50: =H13+H44 -> 37.692 | I50: =I13+I44 -> 8757.072 | J50: =J13+J44 -> 1483.098 | K50: =K13+K44 -> 10240.17 | L50: =L13+L44 -> -645.96305 | M50: =M13+M44 -> 385.88 | ... Y50: =Y13+Y44 -> 4423.1534 | AC50: =AC13+AC44 -> 1714.1328 | AH50: =AH13+AH44 -> 3083.5 | AI50: =AI42 -> 1051.0492 | AJ50: =AJ13+AJ44 -> 0 | AK50: =AK13+AK44 -> 7924.57 | AL50: =AL13+AL44 -> 2129.0611 | AM50: =AM13+AM44 -> 10053.631 | AN50: =AN13+AN44 -> 4455.19 | AO50: =AO13+AO44 -> 0 | AV50: =AV13+AV44 -> 4.98 | AZ50: =AZ13+AZ44 -> 385.88 | BA50: =BA44+BA13 -> 12.2
A51: YTD / AF | D51: =D13+D45 -> 370 | E51: =E42 -> 34110 | F51: =F50*$D$2 -> 370 | G51: =G50*$D$2 -> 17296.12 | H51: =H50*$D$2 -> 74.762082 | I51: =I50*$D$2 -> 17369.652 | J51: =J50*$D$2 -> 2941.7249 | K51: =K50*$D$2 -> 20311.377 | L51: =L50*$D$2 -> -1281.2677 | M51: =M50*$D$2 -> 765.39298 | ... Y51: =Y50*$D$2 -> 8773.3249 | AC51: =AC50*$D$2 -> 3399.9824 | AH51: =AH50*$D$2 -> 6116.1223 | AI51: =AI50*$D$2 -> 2084.7562 | AJ51: =AJ50*$D$2 -> 0 | AK51: =AK50*$D$2 -> 15718.385 | AL51: =AL50*$D$2 -> 4222.9926 | AM51: =AM50*$D$2 -> 19941.377 | AN51: =AN50*$D$2 -> 8836.8694 | AO51: =AO50*$D$2 -> 0 | AZ51: =AZ50*$D$2 -> 765.39298 | BA51: =BA50*D2 -> 24.1987

Sheet MAR
K1: MCPHEE RESERVOIR INFLOW/OUTFLOW TABULATION
A2: AF/cfs CONVERT FACTOR | D2: 1.9835 | K2: MARCH "2015"
D4: RESERVOIR | I4: INFLOW | X4: OUTFLOW | AP4: ADJUSTMENTS | AW4: WEATHER
A5: DATE | B5: RESERV | C5: RESERV | D5: AC FT | E5: ACTIVE | F5: CONV TO | G5: DOLORES | H5: LOST | I5: RECORD | J5: CALC | K5: TOTAL | L5: CALC | M5: DOLORES TUNNEL | V5: LONE | W5: U | X5: TOTAL | Y5: TOTAL | Z5: MVI | AA5: MVI | AB5: MVI | AC5: TO EX & | AD5: MVI | AE5: DV CR | AF5: D/S SENIOR | AH5: BELOW | AI5: FISH | AJ5: SPILL | AK5: RECORD | AL5: CALC | AM5: TOTAL | AN5: NAR | AO5: MVI | AP5: MVI | AQ5: MVI | AR5: DIST. | AS5: U/S | AT5: TOTTEN | AU5: UF&R | AV5: RAIN | AW5: MAX | AX5: MIN | AZ5: TOTAL | BA5: GRNDHOG | BB5: GRNDHOG
A6: MAR | B6: ELEV | D6: CHANGE | E6: CAP | F6: CFS | G6: RIVER | H6: CAN | I6: INFLOW | J6: INFLOW | K6: INFLOW | L6: INF/OTF | M6: TOT DIV | N6: WET | O6: UTE | P6: QUEST | Q6: MWC | R6: CORTEZ | T6: UTE | U6: F-BAY | V6: PINE | W6: LAT | X6: MVI | Y6: MVI | Z6: CALL | AA6: CALL | AB6: APR- | AC6: U/S EX | AD6: PROJ | AE6: CANAL | AF6: MVIC | AG6: PROJ | AH6: MCP | AI6: LEFT | AK6: OTF | AL6: OTF | AM6: OTF | AN6: FILL | AO6: STOCK | AP6: STORED | AQ6: STORED | AR6: CLASS | AS6: USERS | AT6: (FRESH | AU6: LEASE | AW6: TMP | AX6: TMP | AZ6: TUNNEL | BA6: DISCHARGE | BB6: CAPACITY
N7: LAND | O7: F&R | Q7: NON - | R7: NON - | S7: PROJ | T7: PROJ | U7: BAL | X7: WATER | Y7: IRRIG. | Z7: STOR | AA7: SPILLED | AB7: JUNE | AF7: 1.7 | AG7: 1.3 | AI7: 29007 | AP7: Apr - Jun | AQ7: EVAP | AR7: "B" | AS7: EXCH | AT7: WATER) | AU7: WATER | AZ7: Misc.
Q8: PROJ | R8: PROJ | X8: USED | Y8: WATER | AA8: OR | AB8: (DIV+
R9: 4.2 | Y9: USED | AA9: USED | AB9: CALL) | BB9: FP = 5394
C10: AC. Ft. | E10: AC FT | G10: CFS | H10: CFS | I10: CFS | J10: CFS | K10: CFS | L10: CFS | M10: CFS | N10: CFS | O10: CFS | P10: CFS | Q10: CFS | R10: CFS | S10: CFS | T10: CFS | U10: CFS | V10: CFS | W10: CFS | X10: 153400 | Y10: 150400 | AB10: 72000 | AC10: CFS | AD10: CFS | AE10: CFS | AF10: CFS | AG10: CFS | AH10: CFS | AI10: CFS | AJ10: CFS | AK10: CFS | AL10: CFS | AM10: CFS | AN10: CFS | AO10: CFS | AP10: CFS | AQ10: AC.FT. | AR10: CFS | AS10: CFS | AT10: CFS | AU10: CFS | AZ10: Outflow | BA10: CFS | BB10: AC FT
N11: 1.03 | O11: 1.05 | P11: 1.02 | Q11: 1.02 | R11: 1.04 | T11: 1.04 | X11: CFS | Y11: CFS | Z11: CFS | AA11: CFS | AB11: Ac. Ft. | AZ11: CFS
A12: SEASON BAL
A13: YTD | B13: =FEB!B42 -> 6869.36 | C13: =FEB!C42 -> 186110 | D13: =FEB!D51 -> 370 | E13: =FEB!E51 -> 34110 | F13: =FEB!F50 -> 186.53895 | G13: =FEB!G50 -> 8720 | H13: =FEB!H50 -> 37.692 | I13: =FEB!I50 -> 8757.072 | J13: =FEB!J50 -> 1483.098 | K13: =FEB!K50 -> 10240.17 | L13: =FEB!L50 -> -645.96305 | M13: =FEB!M50 -> 385.88 | ... Y13: =FEB!Y50 -> 4423.1534 | AC13: =FEB!AC50 -> 1714.1328 | AH13: =FEB!AH50 -> 3083.5 | AI13: =FEB!AI50 -> 1051.0492 | AJ13: =FEB!AJ50 -> 0 | AK13: =FEB!AK50 -> 7924.57 | AL13: =FEB!AL50 -> 2129.0611 | AM13: =FEB!AM50 -> 10053.631 | AN13: =FEB!AN50 -> 4455.19 | AO13: =FEB!AO50 -> 0 | AV13: =FEB!AV50 -> 4.98 | AZ13: =FEB!AZ50 -> 385.88 | BA13: =FEB!BA50 -> 12.2
A15: 1 | B15: 6869.37 | C15: 186137 | D15: =C15-C13 -> 27 | E15: =C15-152000 -> 34137 | F15: =D15/$D$2 -> 13.612301 | G15: 68 | H15: 1.19 | I15: =G15+H15 -> 69.19 | J15: =IF(L15>0,L15,0) -> 17.032301 | K15: =I15+J15 -> 86.222301 | L15: =F15-(I15-AK15) -> 17.032301 | M15: 3.01 | N15: 0 | O15: =0*1.05 -> 0 | P15: 0 | Q15: =941600/325851/1.9835*1.02 -> 1.4859882 | R15: =(1.9*1.04)-T15 -> 1.4796995 | S15: 0 | T15: =(0.4502*1.06)*1.04 -> 0.49630048 | U15: =M15-(Q15+R15+S15+T15) -> -0.45198819 | V15: 47.9 | W15: 0 | X15: =M15-N15-O15-P15-Q15-R15-S15-T15-U15+V15+W15 -> 47.9 | Y15: =X15-AO15 -> 47.9 | AE15: 0 | AH15: 21.7 | AI15: =AI13-AH15 -> 1029.3492 | AK15: =N15+O15+P15+Q15+R15+S15+T15+U15+X15+AE15+AH15 -> 72.61 | AL15: =IF(L15<0,L15*-1,0) -> 0 | AM15: =AK15+AL15 -> 72.61 | AN15: =V15 -> 47.9 | AV15: 0.15 | AW15: 44 | AX15: 25 | AZ15: =SUM(N15,P15:U15) -> 3.01 | BA15: 0 | BB15: 16122
A16: =A15+1 -> 2 | B16: 6869.39 | C16: 186190 | D16: =C16-C15 -> 53 | E16: =C16-152000 -> 34190 | F16: =D16/$D$2 -> 26.720444 | G16: 68 | H16: 1.63 | I16: =G16+H16 -> 69.63 | J16: =IF(L16>0,L16,0) -> 37.470444 | K16: =I16+J16 -> 107.10044 | L16: =F16-(I16-AK16) -> 37.470444 | M16: 3.38 | N16: 0 | O16: =0*1.05 -> 0 | P16: 0 | Q16: =780500/325851/1.9835*1.02 -> 1.2317479 | R16: =(1.9*1.04)-T16 -> 1.4796995 | S16: 0 | T16: =(0.4502*1.06)*1.04 -> 0.49630048 | U16: =M16-(Q16+R16+S16+T16) -> 0.17225214 | V16: 48.1 | W16: 0 | X16: =M16-N16-O16-P16-Q16-R16-S16-T16-U16+V16+W16 -> 48.1 | Y16: =X16-AO16 -> 48.1 | AE16: 0 | AH16: 28.9 | AI16: =AI15-AH16 -> 1000.4492 | AK16: =N16+O16+P16+Q16+R16+S16+T16+U16+X16+AE16+AH16 -> 80.38 | AL16: =IF(L16<0,L16*-1,0) -> 0 | AM16: =AK16+AL16 -> 80.38 | AN16: =V16 -> 48.1 | AV16: 0.14 | AW16: 51 | AX16: 29 | AZ16: =SUM(N16,P16:U16) -> 3.38 | BA16: 0 | BB16: 16185
A17: =A16+1 -> 3 | B17: 6869.42 | C17: 186269 | D17: =C17-C16 -> 79 | E17: =C17-152000 -> 34269 | F17: =D17/$D$2 -> 39.828586 | G17: 66 | H17: 1.7 | I17: =G17+H17 -> 67.7 | J17: =IF(L17>0,L17,0) -> 57.048586 | K17: =I17+J17 -> 124.74859 | L17: =F17-(I17-AK17) -> 57.048586 | M17: 2.92 | N17: 0 | O17: =0*1.05 -> 0 | P17: 0 | Q17: =698700/325851/1.9835*1.02 -> 1.102655 | R17: =(2*1.04)-T17 -> 1.5836995 | S17: 0 | T17: =(0.4502*1.06)*1.04 -> 0.49630048 | U17: =M17-(Q17+R17+S17+T17) -> -0.262655 | V17: 47.9 | W17: 0 | X17: =M17-N17-O17-P17-Q17-R17-S17-T17-U17+V17+W17 -> 47.9 | Y17: =X17-AO17 -> 47.9 | AE17: 0 | AH17: 34.1 | AI17: =AI16-AH17 -> 966.34923 | AK17: =N17+O17+P17+Q17+R17+S17+T17+U17+X17+AE17+AH17 -> 84.92 | AL17: =IF(L17<0,L17*-1,0) -> 0 | AM17: =AK17+AL17 -> 84.92 | AN17: =V17 -> 47.9 | AV17: 0.09 | AW17: 47 | AX17: 19 | AZ17: =SUM(N17,P17:U17) -> 2.92 | BA17: 0 | BB17: 16217
A18: =A17+1 -> 4 | B18: 6869.41 | C18: 186243 | D18: =C18-C17 -> -26 | E18: =C18-152000 -> 34243 | F18: =D18/$D$2 -> -13.108142 | G18: 63 | H18: 1.48 | I18: =G18+H18 -> 64.48 | J18: =IF(L18>0,L18,0) -> 6.8418578 | K18: =I18+J18 -> 71.321858 | L18: =F18-(I18-AK18) -> 6.8418578 | M18: 2.53 | N18: 0 | O18: =0*1.05 -> 0 | P18: 0 | Q18: =873600/325851/1.9835*1.02 -> 1.3786738 | R18: =(1.9*1.04)-T18 -> 1.4796995 | S18: 0 | T18: =(0.4502*1.06)*1.04 -> 0.49630048 | U18: =M18-(Q18+R18+S18+T18) -> -0.82467384 | V18: 48 | W18: 0 | X18: =M18-N18-O18-P18-Q18-R18-S18-T18-U18+V18+W18 -> 48 | Y18: =X18-AO18 -> 48 | AE18: 0 | AH18: 33.9 | AI18: =AI17-AH18 -> 932.44923 | AK18: =N18+O18+P18+Q18+R18+S18+T18+U18+X18+AE18+AH18 -> 84.43 | AL18: =IF(L18<0,L18*-1,0) -> 0 | AM18: =AK18+AL18 -> 84.43 | AN18: =V18 -> 48 | AV18: 0.03 | AW18: 37 | AX18: 13 | AZ18: =SUM(N18,P18:U18) -> 2.53 | BA18: 0 | BB18: 16244
A19: =A18+1 -> 5 | B19: 6869.39 | C19: 186190 | D19: =C19-C18 -> -53 | E19: =C19-152000 -> 34190 | F19: =D19/$D$2 -> -26.720444 | G19: 61 | H19: 1.21 | I19: =G19+H19 -> 62.21 | J19: =IF(L19>0,L19,0) -> 0 | K19: =I19+J19 -> 62.21 | L19: =F19-(I19-AK19) -> -2.8704437 | M19: 3.66 | N19: 0 | O19: =0*1.05 -> 0 | P19: 0 | Q19: =818900/325851/1.9835*1.02 -> 1.2923489 | R19: =(2*1.04)-T19 -> 1.5836995 | S19: 0 | T19: =(0.4502*1.06)*1.04 -> 0.49630048 | U19: =M19-(Q19+R19+S19+T19) -> 0.28765109 | V19: 47.9 | W19: 0 | X19: =M19-N19-O19-P19-Q19-R19-S19-T19-U19+V19+W19 -> 47.9 | Y19: =X19-AO19 -> 47.9 | AE19: 0 | AH19: 34.5 | AI19: =AI18-AH19 -> 897.94923 | AK19: =N19+O19+P19+Q19+R19+S19+T19+U19+X19+AE19+AH19 -> 86.06 | AL19: =IF(L19<0,L19*-1,0) -> 2.8704437 | AM19: =AK19+AL19 -> 88.930444 | AN19: =V19 -> 47.9 | AV19: 0 | AW19: 43 | AX19: 9 | AZ19: =SUM(N19,P19:U19) -> 3.66 | BA19: 0 | BB19: 16243
A20: =A19+1 -> 6 | B20: 6869.35 | C20: 186084 | D20: =C20-C19 -> -106 | E20: =C20-152000 -> 34084 | F20: =D20/$D$2 -> -53.440887 | G20: 65 | H20: 1.28 | I20: =G20+H20 -> 66.28 | J20: =IF(L20>0,L20,0) -> 0 | K20: =I20+J20 -> 66.28 | L20: =F20-(I20-AK20) -> -34.420887 | M20: 2.9 | N20: 0 | O20: =0*1.05 -> 0 | P20: 0 | Q20: =733100/325851/1.9835*1.02 -> 1.1569434 | R20: =(2*1.04)-T20 -> 1.5799514 | S20: 0 | T20: =(0.4536*1.06)*1.04 -> 0.50004864 | U20: =M20-(Q20+R20+S20+T20) -> -0.33694344 | V20: 47.9 | W20: 0 | X20: =M20-N20-O20-P20-Q20-R20-S20-T20-U20+V20+W20 -> 47.9 | Y20: =X20-AO20 -> 47.9 | AE20: 0 | AH20: 34.5 | AI20: =AI19-AH20 -> 863.44923 | AK20: =N20+O20+P20+Q20+R20+S20+T20+U20+X20+AE20+AH20 -> 85.3 | AL20: =IF(L20<0,L20*-1,0) -> 34.420887 | AM20: =AK20+AL20 -> 119.72089 | AN20: =V20 -> 47.9 | AV20: 0 | AW20: 50 | AX20: 17 | AZ20: =SUM(N20,P20:U20) -> 2.9 | BA20: 0 | BB20: 16285
A21: =A20+1 -> 7 | B21: 6869.34 | C21: 186057 | D21: =C21-C20 -> -27 | E21: =C21-152000 -> 34057 | F21: =D21/$D$2 -> -13.612301 | G21: 72 | H21: 1.51 | I21: =G21+H21 -> 73.51 | J21: =IF(L21>0,L21,0) -> 0 | K21: =I21+J21 -> 73.51 | L21: =F21-(I21-AK21) -> -1.5623015 | M21: 2.96 | N21: 0 | O21: =0*1.05 -> 0 | P21: 0 | Q21: =861900/325851/1.9835*1.02 -> 1.3602095 | R21: =(2*1.04)-T21 -> 1.5799514 | S21: 0 | T21: =(0.4536*1.06)*1.04 -> 0.50004864 | U21: =M21-(Q21+R21+S21+T21) -> -0.48020946 | V21: 47.9 | W21: 0 | X21: =M21-N21-O21-P21-Q21-R21-S21-T21-U21+V21+W21 -> 47.9 | Y21: =X21-AO21 -> 47.9 | AE21: 0 | AH21: 34.7 | AI21: =AI20-AH21 -> 828.74923 | AK21: =N21+O21+P21+Q21+R21+S21+T21+U21+X21+AE21+AH21 -> 85.56 | AL21: =IF(L21<0,L21*-1,0) -> 1.5623015 | AM21: =AK21+AL21 -> 87.122301 | AN21: =V21 -> 47.9 | AV21: 0 | AW21: 59 | AX21: 24 | AZ21: =SUM(N21,P21:U21) -> 2.96 | BA21: 0 | BB21: 16211
A22: =A21+1 -> 8 | B22: 6869.34 | C22: 186057 | D22: =C22-C21 -> 0 | E22: =C22-152000 -> 34057 | F22: =D22/$D$2 -> 0 | G22: 77 | H22: 1.75 | I22: =G22+H22 -> 78.75 | J22: =IF(L22>0,L22,0) -> 7.17 | K22: =I22+J22 -> 85.92 | L22: =F22-(I22-AK22) -> 7.17 | M22: 3.22 | N22: 0 | O22: =0*1.05 -> 0 | P22: 0 | Q22: =915200/325851/1.9835*1.02 -> 1.444325 | R22: =(1.9*1.04)-T22 -> 1.4759514 | S22: 0 | T22: =(0.4536*1.06)*1.04 -> 0.50004864 | U22: =M22-(Q22+R22+S22+T22) -> -0.20032497 | V22: 47.9 | W22: 0 | X22: =M22-N22-O22-P22-Q22-R22-S22-T22-U22+V22+W22 -> 47.9 | Y22: =X22-AO22 -> 47.9 | AE22: 0 | AH22: 34.8 | AI22: =AI21-AH22 -> 793.94923 | AK22: =N22+O22+P22+Q22+R22+S22+T22+U22+X22+AE22+AH22 -> 85.92 | AL22: =IF(L22<0,L22*-1,0) -> 0 | AM22: =AK22+AL22 -> 85.92 | AN22: =V22 -> 47.9 | AV22: 0 | AW22: 55 | AX22: 25 | AZ22: =SUM(N22,P22:U22) -> 3.22 | BA22: 0 | BB22: 16214
A23: =A22+1 -> 9 | B23: 6869.31 | C23: 185978 | D23: =C23-C22 -> -79 | E23: =C23-152000 -> 33978 | F23: =D23/$D$2 -> -39.828586 | G23: 86 | H23: 1.98 | I23: =G23+H23 -> 87.98 | J23: =IF(L23>0,L23,0) -> 0 | K23: =I23+J23 -> 87.98 | L23: =F23-(I23-AK23) -> -10.488586 | M23: 3.22 | N23: 0 | O23: =0*1.05 -> 0 | P23: 0 | Q23: =864600/325851/1.9835*1.02 -> 1.3644705 | R23: =(2*1.04)-T23 -> 1.5799514 | S23: 0 | T23: =(0.4536*1.06)*1.04 -> 0.50004864 | U23: =M23-(Q23+R23+S23+T23) -> -0.22447047 | V23: 79.3 | W23: 0 | X23: =M23-N23-O23-P23-Q23-R23-S23-T23-U23+V23+W23 -> 79.3 | Y23: =X23-AO23 -> 79.3 | AE23: 0 | AH23: 34.8 | AI23: =AI22-AH23 -> 759.14923 | AK23: =N23+O23+P23+Q23+R23+S23+T23+U23+X23+AE23+AH23 -> 117.32 | AL23: =IF(L23<0,L23*-1,0) -> 10.488586 | AM23: =AK23+AL23 -> 127.80859 | AN23: =V23 -> 79.3 | AV23: 0 | AW23: 57 | AX23: 25 | AZ23: =SUM(N23,P23:U23) -> 3.22 | BA23: 0 | BB23: 16200
A24: =A23+1 -> 10 | B24: 6869.28 | C24: 185899 | D24: =C24-C23 -> -79 | E24: =C24-152000 -> 33899 | F24: =D24/$D$2 -> -39.828586 | G24: 91 | H24: 2.12 | I24: =G24+H24 -> 93.12 | J24: =IF(L24>0,L24,0) -> 4.6114142 | K24: =I24+J24 -> 97.731414 | L24: =F24-(I24-AK24) -> 4.6114142 | M24: 2.96 | N24: 0 | O24: =0*1.05 -> 0 | P24: 0 | Q24: =719700/325851/1.9835*1.02 -> 1.1357962 | R24: =(2*1.04)-T24 -> 1.5799514 | S24: 0 | T24: =(0.4536*1.06)*1.04 -> 0.50004864 | U24: =M24-(Q24+R24+S24+T24) -> -0.2557962 | V24: 99.8 | W24: 0 | X24: =M24-N24-O24-P24-Q24-R24-S24-T24-U24+V24+W24 -> 99.8 | Y24: =X24-AO24 -> 99.8 | AE24: 0 | AH24: 34.8 | AI24: =AI23-AH24 -> 724.34923 | AK24: =N24+O24+P24+Q24+R24+S24+T24+U24+X24+AE24+AH24 -> 137.56 | AL24: =IF(L24<0,L24*-1,0) -> 0 | AM24: =AK24+AL24 -> 137.56 | AN24: =V24 -> 99.8 | AV24: 0 | AW24: 61 | AX24: 28 | AZ24: =SUM(N24,P24:U24) -> 2.96 | BA24: 0 | BB24: 16205
A25: =A24+1 -> 11 | B25: 6869.26 | C25: 185846 | D25: =C25-C24 -> -53 | E25: =C25-152000 -> 33846 | F25: =D25/$D$2 -> -26.720444 | G25: 104 | H25: 2.22 | I25: =G25+H25 -> 106.22 | J25: =IF(L25>0,L25,0) -> 4.4395563 | K25: =I25+J25 -> 110.65956 | L25: =F25-(I25-AK25) -> 4.4395563 | M25: 2.88 | N25: 0 | O25: =0*1.05 -> 0 | P25: 0 | Q25: =1079700/325851/1.9835*1.02 -> 1.703931 | R25: =(2*1.04)-T25 -> 1.5799514 | S25: 0 | T25: =(0.4536*1.06)*1.04 -> 0.50004864 | U25: =M25-(Q25+R25+S25+T25) -> -0.90393102 | V25: 99.7 | W25: 0 | X25: =M25-N25-O25-P25-Q25-R25-S25-T25-U25+V25+W25 -> 99.7 | Y25: =X25-AO25 -> 99.7 | AE25: 0 | AH25: 34.8 | AI25: =AI24-AH25 -> 689.54923 | AK25: =N25+O25+P25+Q25+R25+S25+T25+U25+X25+AE25+AH25 -> 137.38 | AL25: =IF(L25<0,L25*-1,0) -> 0 | AM25: =AK25+AL25 -> 137.38 | AN25: =V25 -> 99.7 | AV25: 0 | AW25: 62 | AX25: 31 | AZ25: =SUM(N25,P25:U25) -> 2.88 | BA25: 0 | BB25: 16220
A26: =A25+1 -> 12 | B26: 6869.28 | C26: 185899 | D26: =C26-C25 -> 53 | E26: =C26-152000 -> 33899 | F26: =D26/$D$2 -> 26.720444 | G26: 118 | H26: 2.49 | I26: =G26+H26 -> 120.49 | J26: =IF(L26>0,L26,0) -> 12.280444 | K26: =I26+J26 -> 132.77044 | L26: =F26-(I26-AK26) -> 12.280444 | M26: 3.55 | N26: 0 | O26: =0*1.05 -> 0 | P26: 0 | Q26: =853500/325851/1.9835*1.02 -> 1.346953 | R26: =(2.2*1.04)-T26 -> 1.7879514 | S26: 0 | T26: =(0.4536*1.06)*1.04 -> 0.50004864 | U26: =M26-(Q26+R26+S26+T26) -> -0.084952976 | V26: 67.7 | W26: 0 | X26: =M26-N26-O26-P26-Q26-R26-S26-T26-U26+V26+W26 -> 67.7 | Y26: =X26-AO26 -> 67.7 | AE26: 0 | AH26: 34.8 | AI26: =AI25-AH26 -> 654.74923 | AK26: =N26+O26+P26+Q26+R26+S26+T26+U26+X26+AE26+AH26 -> 106.05 | AL26: =IF(L26<0,L26*-1,0) -> 0 | AM26: =AK26+AL26 -> 106.05 | AN26: =V26 -> 67.7 | AV26: 0 | AW26: 58 | AX26: 36 | AZ26: =SUM(N26,P26:U26) -> 3.55 | BA26: 0 | BB26: 16208
A27: =A26+1 -> 13 | B27: 6869.32 | C27: 186005 | D27: =C27-C26 -> 106 | E27: =C27-152000 -> 34005 | F27: =D27/$D$2 -> 53.440887 | G27: 116 | H27: 2.47 | I27: =G27+H27 -> 118.47 | J27: =IF(L27>0,L27,0) -> 22.350887 | K27: =I27+J27 -> 140.82089 | L27: =F27-(I27-AK27) -> 22.350887 | M27: 2.78 | N27: 0 | O27: =0*1.05 -> 0 | P27: 0 | Q27: =740300/325851/1.9835*1.02 -> 1.1683061 | R27: =(1.8*1.04)-T27 -> 1.3549744 | S27: 0 | T27: =(0.469*1.06)*1.04 -> 0.5170256 | U27: =M27-(Q27+R27+S27+T27) -> -0.26030614 | V27: 50.2 | W27: 0 | X27: =M27-N27-O27-P27-Q27-R27-S27-T27-U27+V27+W27 -> 50.2 | Y27: =X27-AO27 -> 50.2 | AE27: 0 | AH27: 34.4 | AI27: =AI26-AH27 -> 620.34923 | AK27: =N27+O27+P27+Q27+R27+S27+T27+U27+X27+AE27+AH27 -> 87.38 | AL27: =IF(L27<0,L27*-1,0) -> 0 | AM27: =AK27+AL27 -> 87.38 | AN27: =V27 -> 50.2 | AV27: 0 | AW27: 61 | AX27: 36 | AZ27: =SUM(N27,P27:U27) -> 2.78 | BA27: 0 | BB27: 16238
A28: =A27+1 -> 14 | B28: 6869.37 | C28: 186137 | D28: =C28-C27 -> 132 | E28: =C28-152000 -> 34137 | F28: =D28/$D$2 -> 66.549029 | G28: 118 | H28: 2.48 | I28: =G28+H28 -> 120.48 | J28: =IF(L28>0,L28,0) -> 33.519029 | K28: =I28+J28 -> 153.99903 | L28: =F28-(I28-AK28) -> 33.519029 | M28: 3.35 | N28: 0 | O28: =0*1.05 -> 0 | P28: 0 | Q28: =851100/325851/1.9835*1.02 -> 1.3431654 | R28: =(2*1.04)-T28 -> 1.5629744 | S28: 0 | T28: =(0.469*1.06)*1.04 -> 0.5170256 | U28: =M28-(Q28+R28+S28+T28) -> -0.073165411 | V28: 50.2 | W28: 0 | X28: =M28-N28-O28-P28-Q28-R28-S28-T28-U28+V28+W28 -> 50.2 | Y28: =X28-AO28 -> 50.2 | AE28: 0 | AH28: 33.9 | AI28: =AI27-AH28 -> 586.44923 | AK28: =N28+O28+P28+Q28+R28+S28+T28+U28+X28+AE28+AH28 -> 87.45 | AL28: =IF(L28<0,L28*-1,0) -> 0 | AM28: =AK28+AL28 -> 87.45 | AN28: =V28 -> 50.2 | AV28: 0 | AW28: 64 | AX28: 32 | AZ28: =SUM(N28,P28:U28) -> 3.35 | BA28: 0 | BB28: 16228
A29: =A28+1 -> 15 | B29: 6869.45 | C29: 186348 | D29: =C29-C28 -> 211 | E29: =C29-152000 -> 34348 | F29: =D29/$D$2 -> 106.37762 | G29: 135 | H29: 2.73 | I29: =G29+H29 -> 137.73 | J29: =IF(L29>0,L29,0) -> 56.157615 | K29: =I29+J29 -> 193.88762 | L29: =F29-(I29-AK29) -> 56.157615 | M29: 3.41 | N29: 0 | O29: =0*1.05 -> 0 | P29: 0 | Q29: =1058100/325851/1.9835*1.02 -> 1.6698429 | R29: =(1.8*1.04)-T29 -> 1.3549744 | S29: 0 | T29: =(0.469*1.06)*1.04 -> 0.5170256 | U29: =M29-(Q29+R29+S29+T29) -> -0.13184293 | V29: 50.4 | W29: 0 | X29: =M29-N29-O29-P29-Q29-R29-S29-T29-U29+V29+W29 -> 50.4 | Y29: =X29-AO29 -> 50.4 | AE29: 0 | AH29: 33.7 | AI29: =AI28-AH29 -> 552.74923 | AK29: =N29+O29+P29+Q29+R29+S29+T29+U29+X29+AE29+AH29 -> 87.51 | AL29: =IF(L29<0,L29*-1,0) -> 0 | AM29: =AK29+AL29 -> 87.51 | AN29: =V29 -> 50.4 | AV29: 0 | AW29: 70 | AX29: 32 | AZ29: =SUM(N29,P29:U29) -> 3.41 | BA29: 0 | BB29: 16262
A30: =A29+1 -> 16 | B30: 6869.58 | C30: 186692 | D30: =C30-C29 -> 344 | E30: =C30-152000 -> 34692 | F30: =D30/$D$2 -> 173.4308 | G30: 170 | H30: 2.54 | I30: =G30+H30 -> 172.54 | J30: =IF(L30>0,L30,0) -> 88.320804 | K30: =I30+J30 -> 260.8608 | L30: =F30-(I30-AK30) -> 88.320804 | M30: 2.93 | N30: 0 | O30: =0*1.05 -> 0 | P30: 0 | Q30: =992500/325851/1.9835*1.02 -> 1.5663161 | R30: =(1.9*1.04)-T30 -> 1.4589744 | S30: 0 | T30: =(0.469*1.06)*1.04 -> 0.5170256 | U30: =M30-(Q30+R30+S30+T30) -> -0.61231614 | V30: 50.9 | W30: 0 | X30: =M30-N30-O30-P30-Q30-R30-S30-T30-U30+V30+W30 -> 50.9 | Y30: =X30-AO30 -> 50.9 | AE30: 0 | AH30: 33.6 | AI30: =AI29-AH30 -> 519.14923 | AK30: =N30+O30+P30+Q30+R30+S30+T30+U30+X30+AE30+AH30 -> 87.43 | AL30: =IF(L30<0,L30*-1,0) -> 0 | AM30: =AK30+AL30 -> 87.43 | AN30: =V30 -> 50.9 | AV30: 0 | AW30: 71 | AX30: 34 | AZ30: =SUM(N30,P30:U30) -> 2.93 | BA30: 0 | BB30: 16289
A31: 17 | B31: 6869.73 | C31: 187089 | D31: =C31-C30 -> 397 | E31: =C31-152000 -> 35089 | F31: =D31/$D$2 -> 200.15125 | G31: 219 | H31: 2.09 | I31: =G31+H31 -> 221.09 | J31: =IF(L31>0,L31,0) -> 66.851248 | K31: =I31+J31 -> 287.94125 | L31: =F31-(I31-AK31) -> 66.851248 | M31: 3.29 | N31: 0 | O31: =0*1.05 -> 0 | P31: 0 | Q31: =946100/325851/1.9835*1.02 -> 1.4930899 | R31: =(2*1.04)-T31 -> 1.5629744 | S31: 0 | T31: =(0.469*1.06)*1.04 -> 0.5170256 | U31: =M31-(Q31+R31+S31+T31) -> -0.28308988 | V31: 50.9 | W31: 0 | X31: =M31-N31-O31-P31-Q31-R31-S31-T31-U31+V31+W31 -> 50.9 | Y31: =X31-AO31 -> 50.9 | AE31: 0 | AH31: 33.6 | AI31: =AI30-AH31 -> 485.54923 | AK31: =N31+O31+P31+Q31+R31+S31+T31+U31+X31+AE31+AH31 -> 87.79 | AL31: =IF(L31<0,L31*-1,0) -> 0 | AM31: =AK31+AL31 -> 87.79 | AN31: =V31 -> 50.9 | AV31: 0 | AW31: 73 | AX31: 36 | AZ31: =SUM(N31,P31:U31) -> 3.29 | BA31: 0 | BB31: 16317
A32: =A31+1 -> 18 | B32: 6869.96 | C32: 187697 | D32: =C32-C31 -> 608 | E32: =C32-152000 -> 35697 | F32: =D32/$D$2 -> 306.52886 | G32: 286 | H32: 2.22 | I32: =G32+H32 -> 288.22 | J32: =IF(L32>0,L32,0) -> 106.39886 | K32: =I32+J32 -> 394.61886 | L32: =F32-(I32-AK32) -> 106.39886 | M32: 3.49 | N32: 0 | O32: =0*1.05 -> 0 | P32: 0 | Q32: =900200/325851/1.9835*1.02 -> 1.4206527 | R32: =(2*1.04)-T32 -> 1.5629744 | S32: 0 | T32: =(0.469*1.06)*1.04 -> 0.5170256 | U32: =M32-(Q32+R32+S32+T32) -> -0.010652688 | V32: 51 | W32: 0 | X32: =M32-N32-O32-P32-Q32-R32-S32-T32-U32+V32+W32 -> 51 | Y32: =X32-AO32 -> 51 | AE32: 0 | AH32: 33.6 | AI32: =AI31-AH32 -> 451.94923 | AK32: =N32+O32+P32+Q32+R32+S32+T32+U32+X32+AE32+AH32 -> 88.09 | AL32: =IF(L32<0,L32*-1,0) -> 0 | AM32: =AK32+AL32 -> 88.09 | AN32: =V32 -> 51 | AV32: 0 | AW32: 64 | AX32: 41 | AZ32: =SUM(N32,P32:U32) -> 3.49 | BA32: 0 | BB32: 16382
A33: =A32+1 -> 19 | B33: 6870.15 | C33: 188205 | D33: =C33-C32 -> 508 | E33: =C33-152000 -> 36205 | F33: =D33/$D$2 -> 256.11293 | G33: 308 | H33: 2.04 | I33: =G33+H33 -> 310.04 | J33: =IF(L33>0,L33,0) -> 2.3829317 | K33: =I33+J33 -> 312.42293 | L33: =F33-(I33-AK33) -> 2.3829317 | M33: 3.31 | N33: 0 | O33: =0*1.05 -> 0 | P33: 0 | Q33: =827700/325851/1.9835*1.02 -> 1.3062366 | R33: =(2*1.04)-T33 -> 1.5629744 | S33: 0 | T33: =(0.469*1.06)*1.04 -> 0.5170256 | U33: =M33-(Q33+R33+S33+T33) -> -0.076236647 | V33: 19.1 | W33: 0 | X33: =M33-N33-O33-P33-Q33-R33-S33-T33-U33+V33+W33 -> 19.1 | Y33: =X33-AO33 -> 19.1 | AE33: 0 | AH33: 33.9 | AI33: =AI32-AH33 -> 418.04923 | AK33: =N33+O33+P33+Q33+R33+S33+T33+U33+X33+AE33+AH33 -> 56.31 | AL33: =IF(L33<0,L33*-1,0) -> 0 | AM33: =AK33+AL33 -> 56.31 | AN33: =V33 -> 19.1 | AV33: 0 | AW33: 56 | AX33: 37 | AZ33: =SUM(N33,P33:U33) -> 3.31 | BA33: 0 | BB33: 16459
A34: =A33+1 -> 20 | B34: 6870.42 | C34: 188929 | D34: =C34-C33 -> 724 | E34: =C34-152000 -> 36929 | F34: =D34/$D$2 -> 365.01134 | G34: 288 | H34: 1.64 | I34: =G34+H34 -> 289.64 | J34: =IF(L34>0,L34,0) -> 114.49134 | K34: =I34+J34 -> 404.13134 | L34: =F34-(I34-AK34) -> 114.49134 | M34: 5.32 | N34: 0 | O34: =0*1.05 -> 0 | P34: 0 | Q34: =973400/325851/1.9835*1.02 -> 1.5361734 | R34: 4.2 | S34: =((5.2*1.04)-T34)-4.2 -> 0.64952416 | T34: =(0.5066*1.06)*1.04 -> 0.55847584 | U34: =M34-(Q34+R34+S34+T34) -> -1.6241734 | V34: 0 | W34: 0 | X34: =M34-N34-O34-P34-Q34-R34-S34-T34-U34+V34+W34 -> 0 | Y34: =X34-AO34 -> 0 | AE34: 0 | AH34: 33.8 | AI34: =AI33-AH34 -> 384.24923 | AK34: =N34+O34+P34+Q34+R34+S34+T34+U34+X34+AE34+AH34 -> 39.12 | AL34: =IF(L34<0,L34*-1,0) -> 0 | AM34: =AK34+AL34 -> 39.12 | AN34: =V34 -> 0 | AV34: 0 | AW34: 63 | AX34: 34 | AZ34: =SUM(N34,P34:U34) -> 5.32 | BA34: 0 | BB34: 16560
A35: =A34+1 -> 21 | B35: 6870.61 | C35: 189438 | D35: =C35-C34 -> 509 | E35: =C35-152000 -> 37438 | F35: =D35/$D$2 -> 256.61709 | G35: 281 | H35: 1.63 | I35: =G35+H35 -> 282.63 | J35: =IF(L35>0,L35,0) -> 12.727091 | K35: =I35+J35 -> 295.35709 | L35: =F35-(I35-AK35) -> 12.727091 | M35: 4.84 | N35: 0 | O35: =0*1.05 -> 0 | P35: 0 | Q35: =897100/325851/1.9835*1.02 -> 1.4157604 | R35: =(2*1.04)-T35 -> 1.5215242 | S35: 0 | T35: =(0.5066*1.06)*1.04 -> 0.55847584 | U35: =M35-(Q35+R35+S35+T35) -> 1.3442396 | V35: 0 | W35: 0 | X35: =M35-N35-O35-P35-Q35-R35-S35-T35-U35+V35+W35 -> 0 | Y35: =X35-AO35 -> 0 | AE35: 0 | AH35: 33.9 | AI35: =AI34-AH35 -> 350.34923 | AK35: =N35+O35+P35+Q35+R35+S35+T35+U35+X35+AE35+AH35 -> 38.74 | AL35: =IF(L35<0,L35*-1,0) -> 0 | AM35: =AK35+AL35 -> 38.74 | AN35: =V35 -> 0 | AV35: 0 | AW35: 66 | AX35: 32 | AZ35: =SUM(N35,P35:U35) -> 4.84 | BA35: 0.01 | BB35: 16650
A36: =A35+1 -> 22 | B36: 6870.84 | C36: 190055 | D36: =C36-C35 -> 617 | E36: =C36-152000 -> 38055 | F36: =D36/$D$2 -> 311.0663 | G36: 296 | H36: 3.24 | I36: =G36+H36 -> 299.24 | J36: =IF(L36>0,L36,0) -> 48.906297 | K36: =I36+J36 -> 348.1463 | L36: =F36-(I36-AK36) -> 48.906297 | M36: 3.18 | N36: 0 | O36: =0*1.05 -> 0 | P36: 0 | Q36: =1090800/325851/1.9835*1.02 -> 1.7214485 | R36: =(2*1.04)-T36 -> 1.5215242 | S36: 0 | T36: =(0.5066*1.06)*1.04 -> 0.55847584 | U36: =M36-(Q36+R36+S36+T36) -> -0.62144851 | V36: 0 | W36: 0 | X36: =M36-N36-O36-P36-Q36-R36-S36-T36-U36+V36+W36 -> 0 | Y36: =X36-AO36 -> 0 | AE36: 0 | AH36: 33.9 | AI36: =AI35-AH36 -> 316.44923 | AK36: =N36+O36+P36+Q36+R36+S36+T36+U36+X36+AE36+AH36 -> 37.08 | AL36: =IF(L36<0,L36*-1,0) -> 0 | AM36: =AK36+AL36 -> 37.08 | AN36: =V36 -> 0 | AV36: 0 | AW36: 67 | AX36: 33 | AZ36: =SUM(N36,P36:U36) -> 3.18 | BA36: 0.052 | BB36: 16740
A37: =A36+1 -> 23 | B37: 6871.04 | C37: 190593 | D37: =C37-C36 -> 538 | E37: =C37-152000 -> 38593 | F37: =D37/$D$2 -> 271.23771 | G37: 321 | H37: 4.01 | I37: =G37+H37 -> 325.01 | J37: =IF(L37>0,L37,0) -> 30.527711 | K37: =I37+J37 -> 355.53771 | L37: =F37-(I37-AK37) -> 30.527711 | M37: 17.9 | N37: 0 | O37: =0*1.05 -> 0 | P37: 0 | Q37: =964800/325851/1.9835*1.02 -> 1.5226013 | R37: =(2*1.04)-T37 -> 1.5215242 | S37: 0 | T37: =(0.5066*1.06)*1.04 -> 0.55847584 | U37: 0 | V37: 31.9 | W37: 0 | X37: =M37-N37-O37-P37-Q37-R37-S37-T37-U37+V37+W37 -> 46.197399 | Y37: =X37-AO37 -> 46.197399 | AE37: 0 | AH37: 34.5 | AI37: =AI36-AH37 -> 281.94923 | AK37: =N37+O37+P37+Q37+R37+S37+T37+U37+X37+AE37+AH37 -> 84.3 | AL37: =IF(L37<0,L37*-1,0) -> 0 | AM37: =AK37+AL37 -> 84.3 | AN37: =V37 -> 31.9 | AV37: 0 | AW37: 65 | AX37: 34 | AZ37: =SUM(N37,P37:U37) -> 3.6026013 | BA37: 0.154 | BB37: 16858
A38: =A37+1 -> 24 | B38: 6871.21 | C38: 191055 | D38: =C38-C37 -> 462 | E38: =C38-152000 -> 39055 | F38: =D38/$D$2 -> 232.9216 | G38: 329 | H38: 4.38 | I38: =G38+H38 -> 333.38 | J38: =IF(L38>0,L38,0) -> 9.8416032 | K38: =I38+J38 -> 343.2216 | L38: =F38-(I38-AK38) -> 9.8416032 | M38: 24.5 | N38: 0 | O38: =0*1.05 -> 0 | P38: 0 | Q38: =903100/325851/1.9835*1.02 -> 1.4252293 | R38: =(2*1.04)-T38 -> 1.5215242 | S38: 0 | T38: =(0.5066*1.06)*1.04 -> 0.55847584 | U38: 0 | V38: 50.2 | W38: 0 | X38: =M38-N38-O38-P38-Q38-R38-S38-T38-U38+V38+W38 -> 71.194771 | Y38: =X38-AO38 -> 71.194771 | AE38: 0 | AH38: 35.6 | AI38: =AI37-AH38 -> 246.34923 | AK38: =N38+O38+P38+Q38+R38+S38+T38+U38+X38+AE38+AH38 -> 110.3 | AL38: =IF(L38<0,L38*-1,0) -> 0 | AM38: =AK38+AL38 -> 110.3 | AN38: =V38 -> 50.2 | AV38: 0 | AW38: 61 | AX38: 34 | AZ38: =SUM(N38,P38:U38) -> 3.5052293 | BA38: 0.054 | BB38: 16982
A39: =A38+1 -> 25 | B39: 6871.4 | C39: 191571 | D39: =C39-C38 -> 516 | E39: =C39-152000 -> 39571 | F39: =D39/$D$2 -> 260.14621 | G39: 310 | H39: 3.44 | I39: =G39+H39 -> 313.44 | J39: =IF(L39>0,L39,0) -> 52.906206 | K39: =I39+J39 -> 366.34621 | L39: =F39-(I39-AK39) -> 52.906206 | M39: 33.6 | N39: 0 | O39: =0*1.05 -> 0 | P39: 0 | Q39: =873600/325851/1.9835*1.02 -> 1.3786738 | R39: =(2.4*1.04)-T39 -> 1.9375242 | S39: 0 | T39: =(0.5066*1.06)*1.04 -> 0.55847584 | U39: 0 | V39: 36.8 | W39: 0 | X39: =M39-N39-O39-P39-Q39-R39-S39-T39-U39+V39+W39 -> 66.525326 | Y39: =X39-AO39 -> 66.525326 | AE39: 0 | AH39: 35.8 | AI39: =AI38-AH39 -> 210.54923 | AK39: =N39+O39+P39+Q39+R39+S39+T39+U39+X39+AE39+AH39 -> 106.2 | AL39: =IF(L39<0,L39*-1,0) -> 0 | AM39: =AK39+AL39 -> 106.2 | AN39: =V39 -> 36.8 | AV39: 0 | AW39: 54 | AX39: 31 | AZ39: =SUM(N39,P39:U39) -> 3.8746738 | BA39: 0.064 | BB39: 17095
A40: =A39+1 -> 26 | B40: 6871.53 | C40: 191924 | D40: =C40-C39 -> 353 | E40: =C40-152000 -> 39924 | F40: =D40/$D$2 -> 177.96824 | G40: 275 | H40: 1.78 | I40: =G40+H40 -> 276.78 | J40: =IF(L40>0,L40,0) -> 0 | K40: =I40+J40 -> 276.78 | L40: =F40-(I40-AK40) -> -20.711762 | M40: 42.4 | N40: 0 | O40: =0.081*1.05 -> 0.08505 | P40: 0 | Q40: =875000/325851/1.9835*1.02 -> 1.3808833 | R40: =(2.6*1.04)-T40 -> 2.1455242 | S40: 0 | T40: =(0.5066*1.06)*1.04 -> 0.55847584 | U40: 0 | V40: 0 | W40: 0 | X40: =M40-N40-O40-P40-Q40-R40-S40-T40-U40+V40+W40 -> 38.230067 | Y40: =X40-AO40 -> 38.230067 | AE40: 0 | AH40: 35.7 | AI40: =AI39-AH40 -> 174.84923 | AK40: =N40+O40+P40+Q40+R40+S40+T40+U40+X40+AE40+AH40 -> 78.1 | AL40: =IF(L40<0,L40*-1,0) -> 20.711762 | AM40: =AK40+AL40 -> 98.811762 | AN40: =V40 -> 0 | AV40: 0 | AW40: 66 | AX40: 24 | AZ40: =SUM(N40,P40:U40) -> 4.0848833 | BA40: 0.049 | BB40: 17159
A41: =A40+1 -> 27 | B41: 6871.73 | C41: 192467 | D41: =C41-C40 -> 543 | E41: =C41-152000 -> 40467 | F41: =D41/$D$2 -> 273.75851 | G41: 297 | H41: 1.66 | I41: =G41+H41 -> 298.66 | J41: =IF(L41>0,L41,0) -> 16.728508 | K41: =I41+J41 -> 315.38851 | L41: =F41-(I41-AK41) -> 16.728508 | M41: 6.23 | N41: 0 | O41: =0*1.05 -> 0 | P41: 0 | Q41: =922800/325851/1.9835*1.02 -> 1.4563189 | R41: =(2.6*1.04)-T41 -> 2.0469696 | S41: 0 | T41: =(0.596*1.06)*1.04 -> 0.6570304 | U41: 0 | V41: 0 | W41: 0 | X41: =M41-N41-O41-P41-Q41-R41-S41-T41-U41+V41+W41 -> 2.0696811 | Y41: =X41-AO41 -> 2.0696811 | AE41: 0 | AH41: 35.4 | AI41: =AI40-AH41 -> 139.44923 | AK41: =N41+O41+P41+Q41+R41+S41+T41+U41+X41+AE41+AH41 -> 41.63 | AL41: =IF(L41<0,L41*-1,0) -> 0 | AM41: =AK41+AL41 -> 41.63 | AN41: =V41 -> 0 | AV41: 0 | AW41: 71 | AX41: 24 | AZ41: =SUM(N41,P41:U41) -> 4.1603189 | BA41: 0.199 | BB41: 17248
A42: =A41+1 -> 28 | B42: 6871.97 | C42: 193119 | D42: =C42-C41 -> 652 | E42: =C42-152000 -> 41119 | F42: =D42/$D$2 -> 328.71187 | G42: 355 | H42: 2.58 | I42: =G42+H42 -> 357.58 | J42: =IF(L42>0,L42,0) -> 12.761873 | K42: =I42+J42 -> 370.34187 | L42: =F42-(I42-AK42) -> 12.761873 | M42: 6.23 | N42: 0 | O42: =0*1.05 -> 0 | P42: 0 | Q42: =1081900/325851/1.9835*1.02 -> 1.707403 | R42: =(2.5*1.04)-T42 -> 1.9429696 | S42: 0 | T42: =(0.596*1.06)*1.04 -> 0.6570304 | U42: 0 | V42: 0 | W42: 0 | X42: =M42-N42-O42-P42-Q42-R42-S42-T42-U42+V42+W42 -> 1.922597 | Y42: =X42-AO42 -> 1.922597 | AE42: 0 | AH42: 35.4 | AI42: =AI41-AH42 -> 104.04923 | AK42: =N42+O42+P42+Q42+R42+S42+T42+U42+X42+AE42+AH42 -> 41.63 | AL42: =IF(L42<0,L42*-1,0) -> 0 | AM42: =AK42+AL42 -> 41.63 | AN42: =V42 -> 0 | AV42: 0 | AW42: 73 | AX42: 36 | AZ42: =SUM(N42,P42:U42) -> 4.307403 | BA42: 0.227 | BB42: 17364
A43: =A42+1 -> 29 | B43: 6872.22 | C43: 193806 | D43: =C43-C42 -> 687 | E43: =C43-152000 -> 41806 | F43: =D43/$D$2 -> 346.35745 | G43: 444 | H43: 8.25 | I43: =G43+H43 -> 452.25 | J43: =IF(L43>0,L43,0) -> 18.607449 | K43: =I43+J43 -> 470.85745 | L43: =F43-(I43-AK43) -> 18.607449 | M43: 59.7 | N43: 0 | O43: =14.1*1.05 -> 14.805 | P43: 0 | Q43: =1275700/325851/1.9835*1.02 -> 2.0132489 | R43: =(2.9*1.04)-T43 -> 2.3589696 | S43: 0 | T43: =(0.596*1.06)*1.04 -> 0.6570304 | U43: 0 | V43: 29.4 | W43: 0 | X43: =M43-N43-O43-P43-Q43-R43-S43-T43-U43+V43+W43 -> 69.265751 | Y43: =X43-AO43 -> 42.225751 | AE43: 0 | AH43: 35.4 | AI43: =AI42-AH43 -> 68.649231 | AK43: =N43+O43+P43+Q43+R43+S43+T43+U43+X43+AE43+AH43 -> 124.5 | AL43: =IF(L43<0,L43*-1,0) -> 0 | AM43: =AK43+AL43 -> 124.5 | AN43: =V43 -> 29.4 | AO43: =V43+W43-AN43+14.1+12.94 -> 27.04 | AV43: 0 | AW43: 74 | AX43: 37 | AZ43: =SUM(N43,P43:U43) -> 5.0292489 | BA43: 0.25 | BB43: 17570
A44: 30 | B44: 6872.5 | C44: 194577 | D44: =C44-C43 -> 771 | E44: =C44-152000 -> 42577 | F44: =D44/$D$2 -> 388.70683 | G44: 503 | H44: 6.32 | I44: =G44+H44 -> 509.32 | J44: =IF(L44>0,L44,0) -> 21.616831 | K44: =I44+J44 -> 530.93683 | L44: =F44-(I44-AK44) -> 21.616831 | M44: 56.1 | N44: 0 | O44: =20.7*1.05 -> 21.735 | P44: 0 | Q44: =1084900/325851/1.9835*1.02 -> 1.7121374 | R44: =(2.6*1.04)-T44 -> 2.0469696 | S44: 0 | T44: =(0.596*1.06)*1.04 -> 0.6570304 | U44: 0 | V44: 41.1 | W44: 9.63 | X44: =M44-N44-O44-P44-Q44-R44-S44-T44-U44+V44+W44 -> 80.678863 | Y44: =X44-AO44 -> -10.431137 | AE44: 0 | AH44: 35.4 | AI44: =AI43-AH44 -> 33.249231 | AK44: =N44+O44+P44+Q44+R44+S44+T44+U44+X44+AE44+AH44 -> 142.23 | AL44: =IF(L44<0,L44*-1,0) -> 0 | AM44: =AK44+AL44 -> 142.23 | AN44: =V44-17.34 -> 23.76 | AO44: =V44+W44-AN44+17.34+13.86+20+12.94 -> 91.11 | AV44: 0 | AW44: 75 | AX44: 39 | AZ44: =SUM(N44,P44:U44) -> 4.4161374 | BA44: 0.193 | BB44: 17662
A45: 31 | B45: 6872.79 | C45: 195375 | D45: =C45-C44 -> 798 | E45: =C45-152000 -> 43375 | F45: =D45/$D$2 -> 402.31913 | G45: 519 | H45: 3.75 | I45: =G45+H45 -> 522.75 | J45: =IF(L45>0,L45,0) -> 0 | K45: =I45+J45 -> 522.75 | L45: =F45-(I45-AK45) -> -16.530867 | M45: 38.9 | N45: 0 | O45: =0.662*1.05 -> 0.6951 | P45: 0 | Q45: =1144700/325851/1.9835*1.02 -> 1.8065109 | R45: =(2.6*1.04)-T45 -> 2.0469696 | S45: 0 | T45: =(0.596*1.06)*1.04 -> 0.6570304 | U45: 0 | V45: 15.2 | W45: 14.4 | X45: =M45-N45-O45-P45-Q45-R45-S45-T45-U45+V45+W45 -> 63.294389 | Y45: =X45-AO45 -> -14.178944 | AE45: 0 | AH45: 35.4 | AI45: =AI44-AH45 -> -2.1507688 | AK45: =N45+O45+P45+Q45+R45+S45+T45+U45+X45+AE45+AH45 -> 103.9 | AL45: =IF(L45<0,L45*-1,0) -> 16.530867 | AM45: =AK45+AL45 -> 120.43087 | AN45: =V45*(1/3) -> 5.0666667 | AO45: =(V45*(2/3))+W45+20+20+12.94 -> 77.473333 | AV45: 0 | AW45: 74 | AX45: 38 | AZ45: =SUM(N45,P45:U45) -> 4.5105109 | BA45: 0.154 | BB45: 17733
A47: MONTH / CFS | F47: =SUM(F15:F45) -> 4671.036 | G47: =SUM(G15:G45) -> 6509 | H47: =SUM(H15:H45) -> 79.81 | I47: =SUM(I15:I45) -> 6588.81 | J47: =SUM(J15:J45) -> 861.99089 | K47: =SUM(K15:K45) -> 7450.8009 | L47: =SUM(L15:L45) -> 775.40605 | M47: =SUM(M15:M45) -> 358.65 | ... O47: =SUM(O15:O45) -> 37.32015 | Q47: =SUM(Q15:Q45) -> 45.048041 | R47: =SUM(R15:R45) -> 54.002971 | S47: =SUM(S15:S45) -> 0.64952416 | T47: =SUM(T15:T45) -> 16.795505 | U47: =SUM(U15:U45) -> -5.9150345 | V47: =SUM(V15:V45) -> 1257.3 | W47: =SUM(W15:W45) -> 24.03 | X47: =SUM(X15:X45) -> 1492.0788 | Y47: =SUM(Y15:Y45) -> 1296.4555 | AC47: =SUM(AC15:AC45) -> 0 | AH47: =SUM(AH15:AH45) -> 1053.2 | AJ47: =SUM(AJ15:AJ45) -> 0 | AK47: =SUM(AK15:AK45) -> 2693.18 | AL47: =SUM(AL15:AL45) -> 86.584847 | AM47: =SUM(AM15:AM45) -> 2779.7648 | AN47: =SUM(AN15:AN45) -> 1229.8267 | AO47: =SUM(AO15:AO45) -> 195.62333 | AV47: =SUM(AV15:AV45) -> 0.41 | AW47: =AVERAGE(AW15:AW45) -> 61.032258 | AX47: =AVERAGE(AX15:AX45) -> 29.83871 | AY47: AVE | AZ47: =SUM(AZ15:AZ45) -> 110.58101 | BA47: =SUM(BA15:BA45) -> 1.406
A48: MONTH / AF | D48: =SUM(D15:D45) -> 9265 | F48: =F47*$D$2 -> 9265 | G48: =G47*$D$2 -> 12910.602 | H48: =H47*$D$2 -> 158.30313 | I48: =I47*$D$2 -> 13068.905 | J48: =J47*$D$2 -> 1709.7589 | K48: =K47*$D$2 -> 14778.664 | L48: =L47*$D$2 -> 1538.0179 | M48: =M47*$D$2 -> 711.38228 | ... O48: =O47*$D$2 -> 74.024518 | Q48: =Q47*$D$2 -> 89.35279 | R48: =R47*$D$2 -> 107.11489 | S48: =S47*$D$2 -> 1.2883312 | T48: =T47*$D$2 -> 33.313884 | U48: =U47*$D$2 -> -11.732471 | V48: =V47*$D$2 -> 2493.8546 | W48: =W47*$D$2 -> 47.663505 | X48: =X47*$D$2 -> 2959.5384 | Y48: =Y47*$D$2 -> 2571.5195 | AC48: =AC47*$D$2 -> 0 | AH48: =AH47*$D$2 -> 2089.0222 | AJ48: =AJ47*$D$2 -> 0 | AK48: =AK47*$D$2 -> 5341.9225 | AL48: =AL47*$D$2 -> 171.74105 | AM48: =AM47*$D$2 -> 5513.6636 | AN48: =AN47*$D$2 -> 2439.3612 | AO48: =AO47*$D$2 -> 388.01888 | AW48: =MAX(AW15:AW45) -> 75 | AX48: =MAX(AX15:AX45) -> 41 | AY48: HI | AZ48: =AZ47*$D$2 -> 219.33743 | BA48: =BA47*D2 -> 2.788801
A50: SEASON / CFS | O50: =O47 -> 37.32015 | AW50: =MIN(AW15:AW45) -> 37 | AX50: =MIN(AX15:AX45) -> 9 | AY50: LO
A51: SEASON / AF | O51: =O50*D2 -> 74.024518
A53: YTD / CFS | F53: =F13+F47 -> 4857.575 | G53: =G13+G47 -> 15229 | H53: =H13+H47 -> 117.502 | I53: =I13+I47 -> 15345.882 | J53: =J13+J47 -> 2345.0889 | K53: =K13+K47 -> 17690.971 | L53: =L13+L47 -> 129.44299 | M53: =M13+M47 -> 744.53 | ... O53: =O13+O47 -> 37.32015 | Q53: =Q13+Q47 -> 221.63772 | R53: =R13+R47 -> 242.16113 | S53: =S13+S47 -> 0.64952416 | T53: =T13+T47 -> 77.37944 | U53: =U13+U47 -> -45.366813 | V53: =V13+V47 -> 5712.49 | W53: =W13+W47 -> 24.03 | X53: =X13+X47 -> 5915.2323 | Y53: =Y13+Y47 -> 5719.609 | AC53: =AC13+AC47 -> 1714.1328 | AH53: =AH13+AH47 -> 4136.7 | AI53: =AI45 -> -2.1507688 | AJ53: =AJ13+AJ47 -> 0 | AK53: =AK13+AK47 -> 10617.75 | AL53: =AL13+AL47 -> 2215.6459 | AM53: =AM13+AM47 -> 12833.396 | AN53: =AN13+AN47 -> 5685.0167 | AO53: =AO13+AO47 -> 195.62333 | AV53: =AV13+AV47 -> 5.39 | AZ53: =AZ13+AZ47 -> 496.46101 | BA53: =BA47+BA13 -> 13.606
A54: YTD / AF | D54: =D13+D48 -> 9635 | E54: =E45 -> 43375 | F54: =F53*$D$2 -> 9635 | G54: =G53*$D$2 -> 30206.721 | H54: =H53*$D$2 -> 233.06522 | I54: =I53*$D$2 -> 30438.557 | J54: =J53*$D$2 -> 4651.4838 | K54: =K53*$D$2 -> 35090.041 | L54: =L53*$D$2 -> 256.75018 | M54: =M53*$D$2 -> 1476.7753 | ... O54: =O53*$D$2 -> 74.024518 | Q54: =Q53*$D$2 -> 439.61843 | R54: =R53*$D$2 -> 480.3266 | S54: =S53*$D$2 -> 1.2883312 | T54: =T53*$D$2 -> 153.48212 | U54: =U53*$D$2 -> -89.985075 | V54: =V53*$D$2 -> 11330.724 | W54: =W53*$D$2 -> 47.663505 | X54: =X53*$D$2 -> 11732.863 | Y54: =Y53*$D$2 -> 11344.844 | AC54: =AC53*$D$2 -> 3399.9824 | AH54: =AH53*$D$2 -> 8205.1444 | AI54: =AI53*$D$2 -> -4.26605 | AJ54: =AJ53*$D$2 -> 0 | AK54: =AK53*$D$2 -> 21060.307 | AL54: =AL53*$D$2 -> 4394.7337 | AM54: =AM53*$D$2 -> 25455.041 | AN54: =AN53*$D$2 -> 11276.231 | AO54: =AO53*$D$2 -> 388.01888 | AZ54: =AZ53*$D$2 -> 984.73041 | BA54: =BA53*D2 -> 26.987501

Sheet APR
K1: MCPHEE RESERVOIR INFLOW/OUTFLOW TABULATION
A2: AF/cfs CONVERT FACTOR | D2: 1.9835 | K2: APR "2015"
D4: RESERVOIR | I4: INFLOW | X4: OUTFLOW | AP4: ADJUSTMENTS | AW4: WEATHER
A5: DATE | B5: RESERV | C5: RESERV | D5: AC FT | E5: ACTIVE | F5: CONV TO | G5: DOLORES | H5: LOST | I5: RECORD | J5: CALC | K5: TOTAL | L5: CALC | M5: DOLORES TUNNEL | V5: LONE | W5: U | X5: TOTAL | Y5: TOTAL | Z5: MVI | AA5: MVI | AB5: MVI | AC5: TO EX & | AD5: MVI | AE5: DV CR | AF5: D/S SENIOR | AH5: BELOW | AI5: FISH | AJ5: SPILL | AK5: RECORD | AL5: CALC | AM5: TOTAL | AN5: NAR | AO5: MVI | AP5: MVI | AQ5: MVI | AR5: DIST. | AS5: U/S | AT5: TOTTEN | AU5: UF&R | AV5: RAIN | AW5: MAX | AX5: MIN | AZ5: TOTAL | BA5: GRNDHOG | BB5: GRNDHOG
A6: APR | B6: ELEV | D6: CHANGE | E6: CAP | F6: CFS | G6: RIVER | H6: CAN | I6: INFLOW | J6: INFLOW | K6: INFLOW | L6: INF/OTF | M6: TOT DIV | N6: WET | O6: UTE | P6: QUEST | Q6: MWC | R6: CORTEZ | T6: UTE | U6: F-BAY | V6: PINE | W6: LAT | X6: MVI | Y6: MVI | Z6: CALL | AA6: CALL | AB6: APR- | AC6: U/S EX | AD6: PROJ | AE6: CANAL | AF6: MVIC | AG6: PROJ | AH6: MCP | AI6: LEFT | AK6: OTF | AL6: OTF | AM6: OTF | AN6: FILL | AO6: STOCK | AP6: STORED | AQ6: STORED | AR6: CLASS | AS6: USERS | AT6: (FRESH | AU6: LEASE | AW6: TMP | AX6: TMP | AZ6: TUNNEL | BA6: DISCHARGE | BB6: CAPACITY
N7: LAND | O7: F&R | Q7: NON - | R7: NON - | S7: PROJ | T7: PROJ | U7: BAL | X7: WATER | Y7: IRRIG. | Z7: STOR | AA7: SPILLED | AB7: JUNE | AF7: 1.7 | AG7: 1.3 | AI7: 31798 | AP7: Apr - Jun | AQ7: EVAP | AR7: "B" | AS7: EXCH | AT7: WATER) | AU7: WATER | AZ7: Misc.
Q8: PROJ | R8: PROJ | X8: USED | Y8: WATER | AA8: OR | AB8: (DIV+
R9: 4.2 | Y9: USED | AA9: USED | AB9: CALL) | BB9: FP = 5394
C10: AC. Ft. | E10: AC FT | G10: CFS | H10: CFS | I10: CFS | J10: CFS | K10: CFS | L10: CFS | M10: CFS | N10: CFS | O10: CFS | P10: CFS | Q10: CFS | R10: CFS | S10: CFS | T10: CFS | U10: CFS | V10: CFS | W10: CFS | X10: 153400 | Y10: 150400 | Z10: CFS | AB10: 72000 | AC10: CFS | AD10: CFS | AE10: CFS | AF10: CFS | AG10: CFS | AH10: CFS | AI10: CFS | AJ10: CFS | AK10: CFS | AL10: CFS | AM10: CFS | AN10: CFS | AO10: CFS | AP10: CFS | AQ10: AC.FT. | AR10: CFS | AS10: CFS | AT10: CFS | AU10: CFS | AZ10: Outflow | BA10: CFS | BB10: AC FT
N11: 1.03 | O11: 1.05 | P11: 1.02 | Q11: 1.02 | R11: 1.04 | T11: 1.04 | X11: CFS | Y11: CFS | Z11: CFS | AA11: CFS | AB11: Ac. Ft. | AZ11: CFS
A12: SEASON BAL | O12: =MAR!O50 -> 37.32015
A13: YTD | B13: =MAR!B45 -> 6872.79 | C13: =MAR!C45 -> 195375 | D13: =MAR!D54 -> 9635 | E13: =MAR!E54 -> 43375 | F13: =MAR!F53 -> 4857.575 | G13: =MAR!G53 -> 15229 | H13: =MAR!H53 -> 117.502 | I13: =MAR!I53 -> 15345.882 | J13: =MAR!J53 -> 2345.0889 | K13: =MAR!K53 -> 17690.971 | L13: =MAR!L53 -> 129.44299 | M13: =MAR!M53 -> 744.53 | ... O13: =MAR!O53 -> 37.32015 | Q13: =MAR!Q53 -> 221.63772 | R13: =MAR!R53 -> 242.16113 | S13: =MAR!S53 -> 0.64952416 | T13: =MAR!T53 -> 77.37944 | U13: =MAR!U53 -> -45.366813 | V13: =MAR!V53 -> 5712.49 | W13: =MAR!W53 -> 24.03 | X13: =MAR!X53 -> 5915.2323 | Y13: =MAR!Y53 -> 5719.609 | Z13: 0 | AB13: 0 | AC13: =MAR!AC53 -> 1714.1328 | AE13: =MAR!AE53 -> 0 | AF13: =MAR!AF53 -> 0 | AG13: =MAR!AG53 -> 0 | AH13: =MAR!AH53 -> 4136.7 | AI13: =AI7/D2 -> 16031.258 | AJ13: =MAR!AJ53 -> 0 | AK13: =MAR!AK53 -> 10617.75 | AL13: =MAR!AL53 -> 2215.6459 | AM13: =MAR!AM53 -> 12833.396 | AN13: =MAR!AN53 -> 5685.0167 | AO13: =MAR!AO53 -> 195.62333 | AV13: =MAR!AV53 -> 5.39 | AZ13: =MAR!AZ53 -> 496.46101 | BA13: =MAR!BA53 -> 13.606
A15: 1 | B15: 6873.16 | C15: 196399 | D15: =C15-C13 -> 1024 | E15: =C15-152000 -> 44399 | F15: =D15/$D$2 -> 516.25914 | G15: 531 | H15: 3.22 | I15: =G15+H15 -> 534.22 | J15: =IF(L15>0,L15,0) -> 59.589138 | K15: =I15+J15 -> 593.80914 | L15: =F15-(I15-AK15) -> 59.589138 | M15: 38.4 | N15: 0 | O15: =0.248*1.05 -> 0.2604 | P15: 0 | Q15: =989100/325851/1.9835*1.02 -> 1.5609504 | R15: =(2.5*1.04)-T15 -> 1.9876168 | S15: 0 | T15: =(0.5555*1.06)*1.04 -> 0.6123832 | U15: 0 | V15: 0 | W15: 12.3 | X15: =M15-N15-O15-P15-Q15-R15-S15-T15-U15+V15+W15-AT15 -> 46.27865 | Y15: =X15-AO15 -> -33.33135 | Z15: =AP15 -> 482.69278 | AB15: =AB13+(Y15+AP15)*1.9835 -> 891.3084 | AC15: =AC13 -> 1714.1328 | AE15: 1.65 | AF15: 1.7 | AG15: 1.3 | AH15: 25.2 | AI15: =AI13-AH15 -> 16006.058 | AK15: =N15+O15+P15+Q15+R15+S15+T15+U15+X15+AE15+AH15 -> 77.55 | AL15: =IF(L15<0,L15*-1,0) -> 0 | AM15: =AK15+AL15 -> 77.55 | AO15: =V15+W15-AN15+14.37+20+20+12.94 -> 79.61 | AP15: =I15-Q15-R15-X15-AF15 -> 482.69278 | AQ15: =47.973*(Z15*1.9835+AC15*1.9835)/E15 -> 4.7081628 | AT15: 0 | AV15: 0 | AW15: 69 | AX15: 36 | AZ15: =SUM(N15,P15:U15) -> 4.1609504 | BA15: 0.137 | BB15: 17865
A16: =A15+1 -> 2 | B16: 6873.46 | C16: 197235 | D16: =C16-C15 -> 836 | E16: =C16-152000 -> 45235 | F16: =D16/$D$2 -> 421.47719 | G16: 509 | H16: 2.82 | I16: =G16+H16 -> 511.82 | J16: =IF(L16>0,L16,0) -> 0 | K16: =I16+J16 -> 511.82 | L16: =F16-(I16-AK16) -> -25.512813 | M16: 34.9 | N16: 0 | O16: =0.047*1.05 -> 0.04935 | P16: 0 | Q16: =1030800/325851/1.9835*1.02 -> 1.6267594 | R16: =(2.6*1.04)-T16 -> 2.0916168 | S16: 0 | T16: =(0.5555*1.06)*1.04 -> 0.6123832 | U16: 0 | V16: 0 | W16: 5.03 | X16: =M16-N16-O16-P16-Q16-R16-S16-T16-U16+V16+W16-AT16 -> 35.549891 | Y16: =X16-AO16 -> -31.790109 | Z16: =Z15+AP16 -> 953.54452 | AB16: =AB15+(Y16+AP16)*1.9835 -> 1762.1871 | AC16: =AC15-(AQ15/1.9835) -> 1711.7592 | AE16: 0 | AF16: 1.7 | AG16: 1.3 | AH16: 24.9 | AI16: =AI15-AH16 -> 15981.158 | AK16: =N16+O16+P16+Q16+R16+S16+T16+U16+X16+AE16+AH16 -> 64.83 | AL16: =IF(L16<0,L16*-1,0) -> 25.512813 | AM16: =AK16+AL16 -> 90.342813 | AO16: =V16+W16-AN16+14.37+20+15+12.94 -> 67.34 | AP16: =I16-Q16-R16-X16-AF16 -> 470.85173 | AQ16: =0*(Z16*1.9835+AC16*1.9835)/E16 -> 0 | AT16: 0 | AV16: 0 | AW16: 64 | AX16: 31 | AZ16: =SUM(N16,P16:U16) -> 4.3307594 | BA16: 0.056 | BB16: 17990
A17: =A16+1 -> 3 | B17: 6873.8 | C17: 198182 | D17: =C17-C16 -> 947 | E17: =C17-152000 -> 46182 | F17: =D17/$D$2 -> 477.43887 | G17: 449 | H17: 2.54 | I17: =G17+H17 -> 451.54 | J17: =IF(L17>0,L17,0) -> 60.998871 | K17: =I17+J17 -> 512.53887 | L17: =F17-(I17-AK17) -> 60.998871 | M17: 10.1 | N17: 0 | O17: =1.51*1.05 -> 1.5855 | P17: 0 | Q17: =999800/325851/1.9835*1.02 -> 1.5778367 | R17: =(2.8*1.04)-T17 -> 2.2419613 | S17: 0 | T17: =(0.6078*1.06)*1.04 -> 0.67003872 | U17: 0 | V17: 0 | W17: 0 | X17: =M17-N17-O17-P17-Q17-R17-S17-T17-U17+V17+W17-AT17 -> 4.0246633 | Y17: =X17-AO17 -> -28.285337 | Z17: =Z16+AP17 -> 1395.5401 | AB17: =AB16+(Y17+AP17)*1.9835 -> 2582.7813 | AC17: =AC16-(AQ16/1.9835) -> 1711.7592 | AE17: 0 | AF17: 1.7 | AG17: 1.3 | AH17: 25 | AI17: =AI16-AH17 -> 15956.158 | AK17: =N17+O17+P17+Q17+R17+S17+T17+U17+X17+AE17+AH17 -> 35.1 | AL17: =IF(L17<0,L17*-1,0) -> 0 | AM17: =AK17+AL17 -> 35.1 | AO17: =V17+W17-AN17+14.37+5+12.94 -> 32.31 | AP17: =I17-Q17-R17-X17-AF17 -> 441.99554 | AQ17: =0*(Z17*1.9835+AC17*1.9835)/E17 -> 0 | AT17: 0 | AV17: 0 | AW17: 57 | AX17: 25 | AZ17: =SUM(N17,P17:U17) -> 4.4898367 | BA17: 0.057 | BB17: 18104
A18: =A17+1 -> 4 | B18: 6874.06 | C18: 198909 | D18: =C18-C17 -> 727 | E18: =C18-152000 -> 46909 | F18: =D18/$D$2 -> 366.52382 | G18: 415 | H18: 2.21 | I18: =G18+H18 -> 417.21 | J18: =IF(L18>0,L18,0) -> 0 | K18: =I18+J18 -> 417.21 | L18: =F18-(I18-AK18) -> -18.096178 | M18: 7.39 | N18: 0 | O18: =1.09*1.05 -> 1.1445 | P18: 0 | Q18: =1094200/325851/1.9835*1.02 -> 1.7268142 | R18: =(3.1*1.04)-T18 -> 2.5539613 | S18: 0 | T18: =(0.6078*1.06)*1.04 -> 0.67003872 | U18: 0 | V18: 0 | W18: 0 | X18: =M18-N18-O18-P18-Q18-R18-S18-T18-U18+V18+W18-AT18 -> 1.2946858 | Y18: =X18-AO18 -> 1.2946858 | Z18: =Z17+AP18 -> 1805.4746 | AB18: =AB17+(Y18+AP18)*1.9835 -> 3398.4545 | AC18: =AC17-(AQ17/1.9835) -> 1711.7592 | AE18: 0 | AF18: 1.7 | AG18: 1.3 | AH18: 25.2 | AI18: =AI17-AH18 -> 15930.958 | AK18: =N18+O18+P18+Q18+R18+S18+T18+U18+X18+AE18+AH18 -> 32.59 | AL18: =IF(L18<0,L18*-1,0) -> 18.096178 | AM18: =AK18+AL18 -> 50.686178 | AP18: =I18-Q18-R18-X18-AF18 -> 409.93454 | AQ18: =14.557*(Z18*1.9835+AC18*1.9835)/E18 -> 2.1649563 | AT18: 0 | AV18: 0 | AW18: 66 | AX18: 25 | AZ18: =SUM(N18,P18:U18) -> 4.9508142 | BA18: 0.13 | BB18: 18198
A19: =A18+1 -> 5 | B19: 6874.33 | C19: 199670 | D19: =C19-C18 -> 761 | E19: =C19-152000 -> 47670 | F19: =D19/$D$2 -> 383.66524 | G19: 403 | H19: 2.09 | I19: =G19+H19 -> 405.09 | J19: =IF(L19>0,L19,0) -> 10.455238 | K19: =I19+J19 -> 415.54524 | L19: =F19-(I19-AK19) -> 10.455238 | M19: 6.48 | N19: 0 | O19: =0.256*1.05 -> 0.2688 | P19: 0 | Q19: =1220100/325851/1.9835*1.02 -> 1.9255036 | R19: =(2.7*1.04)-T19 -> 2.1379613 | S19: 0 | T19: =(0.6078*1.06)*1.04 -> 0.67003872 | U19: 0 | V19: 0 | W19: 0 | X19: =M19-N19-O19-P19-Q19-R19-S19-T19-U19+V19+W19-AT19 -> 1.4776964 | Y19: =X19-AO19 -> 1.4776964 | Z19: =Z18+AP19 -> 2203.3234 | AB19: =AB18+(Y19+AP19)*1.9835 -> 4190.5187 | AC19: =AC18-(AQ18/1.9835) -> 1710.6677 | AE19: 0 | AF19: 1.7 | AG19: 1.3 | AH19: 25.4 | AI19: =AI18-AH19 -> 15905.558 | AK19: =N19+O19+P19+Q19+R19+S19+T19+U19+X19+AE19+AH19 -> 31.88 | AL19: =IF(L19<0,L19*-1,0) -> 0 | AM19: =AK19+AL19 -> 31.88 | AP19: =I19-Q19-R19-X19-AF19 -> 397.84884 | AQ19: =22.082*(Z19*1.9835+AC19*1.9835)/E19 -> 3.5962121 | AT19: 0 | AV19: 0 | AW19: 68 | AX19: 33 | AZ19: =SUM(N19,P19:U19) -> 4.7335036 | BA19: 0.081 | BB19: 18284
A20: =A19+1 -> 6 | B20: 6874.59 | C20: 200404 | D20: =C20-C19 -> 734 | E20: =C20-152000 -> 48404 | F20: =D20/$D$2 -> 370.05294 | G20: 404 | H20: 1.89 | I20: =G20+H20 -> 405.89 | J20: =IF(L20>0,L20,0) -> 0 | K20: =I20+J20 -> 405.89 | L20: =F20-(I20-AK20) -> -3.1970633 | M20: 7.24 | N20: 0 | O20: =0.143*1.05 -> 0.15015 | P20: 0 | Q20: =1113100/325851/1.9835*1.02 -> 1.7566413 | R20: =(2.9*1.04)-T20 -> 2.3459613 | S20: 0 | T20: =(0.6078*1.06)*1.04 -> 0.67003872 | U20: 0 | V20: 0 | W20: 0 | X20: =M20-N20-O20-P20-Q20-R20-S20-T20-U20+V20+W20-AT20 -> 2.3172087 | Y20: =X20-AO20 -> 2.3172087 | Z20: =Z19+AP20 -> 2601.0936 | AB20: =AB19+(Y20+AP20)*1.9835 -> 4984.092 | AC20: =AC19-(AQ19/1.9835) -> 1708.8546 | AE20: 0 | AF20: 1.7 | AG20: 1.3 | AH20: 25.4 | AI20: =AI19-AH20 -> 15880.158 | AK20: =N20+O20+P20+Q20+R20+S20+T20+U20+X20+AE20+AH20 -> 32.64 | AL20: =IF(L20<0,L20*-1,0) -> 3.1970633 | AM20: =AK20+AL20 -> 35.837063 | AP20: =I20-Q20-R20-X20-AF20 -> 397.77019 | AQ20: =27.15*(Z20*1.9835+AC20*1.9835)/E20 -> 4.7950467 | AT20: 0 | AV20: 0 | AW20: 67 | AX20: 32 | AZ20: =SUM(N20,P20:U20) -> 4.7726413 | BA20: 0 | BB20: 18364
A21: =A20+1 -> 7 | B21: 6874.82 | C21: 201053 | D21: =C21-C20 -> 649 | E21: =C21-152000 -> 49053 | F21: =D21/$D$2 -> 327.1994 | G21: 410 | H21: 1.72 | I21: =G21+H21 -> 411.72 | J21: =IF(L21>0,L21,0) -> 0 | K21: =I21+J21 -> 411.72 | L21: =F21-(I21-AK21) -> -8.220605 | M21: 28.9 | N21: 0 | O21: =19.5*1.05 -> 20.475 | P21: 0 | Q21: =1032100/325851/1.9835*1.02 -> 1.628811 | R21: =(2.5*1.04)-T21 -> 1.9299613 | S21: 0 | T21: =(0.6078*1.06)*1.04 -> 0.67003872 | U21: 0 | V21: 0 | W21: 0 | X21: =M21-N21-O21-P21-Q21-R21-S21-T21-U21+V21+W21-AT21 -> 4.196189 | Y21: =X21-AO21 -> 4.196189 | Z21: =Z20+AP21 -> 3003.3587 | AB21: =AB20+(Y21+AP21)*1.9835 -> 5790.3079 | AC21: =AC20-(AQ20/1.9835) -> 1706.4371 | AE21: 21.9 | AF21: 1.7 | AG21: 1.3 | AH21: 25.5 | AI21: =AI20-AH21 -> 15854.658 | AK21: =N21+O21+P21+Q21+R21+S21+T21+U21+X21+AE21+AH21 -> 76.3 | AL21: =IF(L21<0,L21*-1,0) -> 8.220605 | AM21: =AK21+AL21 -> 84.520605 | AP21: =I21-Q21-R21-X21-AF21 -> 402.26504 | AQ21: =41.056*(Z21*1.9835+AC21*1.9835)/E21 -> 7.8188943 | AT21: 0 | AV21: 0 | AW21: 67 | AX21: 32 | AZ21: =SUM(N21,P21:U21) -> 4.228811 | BA21: 0 | BB21: 18436
A22: =A21+1 -> 8 | B22: 6875.02 | C22: 201617 | D22: =C22-C21 -> 564 | E22: =C22-152000 -> 49617 | F22: =D22/$D$2 -> 284.34585 | G22: 413 | H22: 1.72 | I22: =G22+H22 -> 414.72 | J22: =IF(L22>0,L22,0) -> 4.6258533 | K22: =I22+J22 -> 419.34585 | L22: =F22-(I22-AK22) -> 4.6258533 | M22: 72.1 | N22: 0 | O22: =51*1.05 -> 53.55 | P22: 0 | Q22: =1033800/325851/1.9835*1.02 -> 1.6314938 | R22: =(2.5*1.04)-T22 -> 1.9299613 | S22: 0 | T22: =(0.6078*1.06)*1.04 -> 0.67003872 | U22: 0 | V22: 0 | W22: 0 | X22: =M22-N22-O22-P22-Q22-R22-S22-T22-U22+V22+W22-AT22 -> 14.318506 | Y22: =X22-AO22 -> 14.318506 | Z22: =Z21+AP22 -> 3398.4987 | AB22: =AB21+(Y22+AP22)*1.9835 -> 6602.4689 | AC22: =AC21-(AQ21/1.9835) -> 1702.4952 | AE22: 37.4 | AF22: 1.7 | AG22: 1.3 | AH22: 25.5 | AI22: =AI21-AH22 -> 15829.158 | AK22: =N22+O22+P22+Q22+R22+S22+T22+U22+X22+AE22+AH22 -> 135 | AL22: =IF(L22<0,L22*-1,0) -> 0 | AM22: =AK22+AL22 -> 135 | AP22: =I22-Q22-R22-X22-AF22 -> 395.14004 | AQ22: =40.394*(Z22*1.9835+AC22*1.9835)/E22 -> 8.2370816 | AT22: 0 | AV22: 0 | AW22: 58 | AX22: 28 | AZ22: =SUM(N22,P22:U22) -> 4.2314938 | BA22: 0 | BB22: 18501
A23: =A22+1 -> 9 | B23: 6875.2 | C23: 202131 | D23: =C23-C22 -> 514 | E23: =C23-152000 -> 50131 | F23: =D23/$D$2 -> 259.13789 | G23: 390 | H23: 1.58 | I23: =G23+H23 -> 391.58 | J23: =IF(L23>0,L23,0) -> 7.4578876 | K23: =I23+J23 -> 399.03789 | L23: =F23-(I23-AK23) -> 7.4578876 | M23: 76.9 | N23: 0 | O23: =57.6*1.05 -> 60.48 | P23: 0 | Q23: =1088400/325851/1.9835*1.02 -> 1.7176609 | R23: =(2.4*1.04)-T23 -> 1.8259613 | S23: 0 | T23: =(0.6078*1.06)*1.04 -> 0.67003872 | U23: 0 | V23: 0 | W23: 0 | X23: =M23-N23-O23-P23-Q23-R23-S23-T23-U23+V23+W23-AT23 -> 12.206339 | Y23: =X23-AO23 -> 12.206339 | Z23: =Z22+AP23 -> 3772.6287 | AB23: =AB22+(Y23+AP23)*1.9835 -> 7368.7671 | AC23: =AC22-(AQ22/1.9835) -> 1698.3424 | AE23: 37.5 | AF23: 1.7 | AG23: 1.3 | AH23: 25.5 | AI23: =AI22-AH23 -> 15803.658 | AK23: =N23+O23+P23+Q23+R23+S23+T23+U23+X23+AE23+AH23 -> 139.9 | AL23: =IF(L23<0,L23*-1,0) -> 0 | AM23: =AK23+AL23 -> 139.9 | AP23: =I23-Q23-R23-X23-AF23 -> 374.13004 | AQ23: =13.078*(Z23*1.9835+AC23*1.9835)/E23 -> 2.830946 | AT23: 0 | AV23: 0 | AW23: 61 | AX23: 23 | AZ23: =SUM(N23,P23:U23) -> 4.2136609 | BA23: 0.095 | BB23: 18565
A24: =A23+1 -> 10 | B24: 6875.35 | C24: 202560 | D24: =C24-C23 -> 429 | E24: =C24-152000 -> 50560 | F24: =D24/$D$2 -> 216.28435 | G24: 394 | H24: 1.57 | I24: =G24+H24 -> 395.57 | J24: =IF(L24>0,L24,0) -> 0 | K24: =I24+J24 -> 395.57 | L24: =F24-(I24-AK24) -> -32.885654 | M24: 83.3 | N24: 0 | O24: =58.6*1.05 -> 61.53 | P24: 0 | Q24: =1196300/325851/1.9835*1.02 -> 1.8879436 | R24: =(2.5*1.04)-T24 -> 1.731419 | S24: 0 | T24: =(0.7879*1.06)*1.04 -> 0.86858096 | U24: 0 | V24: 0 | W24: 0 | X24: =M24-N24-O24-P24-Q24-R24-S24-T24-U24+V24+W24-AT24 -> 17.282056 | Y24: =X24-AO24 -> 17.282056 | Z24: =Z23+AP24 -> 4145.5973 | AB24: =AB23+(Y24+AP24)*1.9835 -> 8142.8292 | AC24: =AC23-(AQ23/1.9835) -> 1696.9151 | AE24: 37.6 | AF24: 1.7 | AG24: 1.3 | AH24: 25.5 | AI24: =AI23-AH24 -> 15778.158 | AK24: =N24+O24+P24+Q24+R24+S24+T24+U24+X24+AE24+AH24 -> 146.4 | AL24: =IF(L24<0,L24*-1,0) -> 32.885654 | AM24: =AK24+AL24 -> 179.28565 | AP24: =I24-Q24-R24-X24-AF24 -> 372.96858 | AQ24: =34.6*(Z24*1.9835+AC24*1.9835)/E24 -> 7.9305057 | AT24: 0 | AV24: 0 | AW24: 65 | AX24: 31 | AZ24: =SUM(N24,P24:U24) -> 4.4879436 | BA24: 0.149 | BB24: 18627
A25: =A24+1 -> 11 | B25: 6875.53 | C25: 203073 | D25: =C25-C24 -> 513 | E25: =C25-152000 -> 51073 | F25: =D25/$D$2 -> 258.63373 | G25: 397 | H25: 1.53 | I25: =G25+H25 -> 398.53 | J25: =IF(L25>0,L25,0) -> 0 | K25: =I25+J25 -> 398.53 | L25: =F25-(I25-AK25) -> -1.5962717 | M25: 88.6 | N25: 0 | O25: =58.7*1.05 -> 61.635 | P25: 0 | Q25: =1185500/325851/1.9835*1.02 -> 1.8708995 | R25: =(2.5*1.04)-T25 -> 1.731419 | S25: 0 | T25: =(0.7879*1.06)*1.04 -> 0.86858096 | U25: 0 | V25: 0 | W25: 0 | X25: =M25-N25-O25-P25-Q25-R25-S25-T25-U25+V25+W25-AT25 -> 22.4941 | Y25: =X25-AO25 -> 22.4941 | Z25: =Z24+AP25 -> 4516.3309 | AB25: =AB24+(Y25+AP25)*1.9835 -> 8922.7963 | AC25: =AC24-(AQ24/1.9835) -> 1692.9169 | AE25: 24.2 | AF25: 1.7 | AG25: 1.3 | AH25: 25.5 | AI25: =AI24-AH25 -> 15752.658 | AK25: =N25+O25+P25+Q25+R25+S25+T25+U25+X25+AE25+AH25 -> 138.3 | AL25: =IF(L25<0,L25*-1,0) -> 1.5962717 | AM25: =AK25+AL25 -> 139.89627 | AP25: =I25-Q25-R25-X25-AF25 -> 370.73358 | AQ25: =26.638*(Z25*1.9835+AC25*1.9835)/E25 -> 6.4236437 | AT25: 0 | AV25: 0 | AW25: 66 | AX25: 33 | AZ25: =SUM(N25,P25:U25) -> 4.4708995 | BA25: 0.101 | BB25: 18689
A26: =A25+1 -> 12 | B26: 6875.69 | C26: 203530 | D26: =C26-C25 -> 457 | E26: =C26-152000 -> 51530 | F26: =D26/$D$2 -> 230.40081 | G26: 377 | H26: 1.52 | I26: =G26+H26 -> 378.52 | J26: =IF(L26>0,L26,0) -> 0 | K26: =I26+J26 -> 378.52 | L26: =F26-(I26-AK26) -> -24.819193 | M26: 97.8 | N26: 0 | O26: =59.5*1.05 -> 62.475 | P26: 0 | Q26: =1429300/325851/1.9835*1.02 -> 2.2556531 | R26: =(2.4*1.04)-T26 -> 1.627419 | S26: 0 | T26: =(0.7879*1.06)*1.04 -> 0.86858096 | U26: 0 | V26: 0 | W26: 0 | X26: =M26-N26-O26-P26-Q26-R26-S26-T26-U26+V26+W26-AT26 -> 30.573347 | Y26: =X26-AO26 -> 30.573347 | Z26: =Z25+AP26 -> 4858.6945 | AB26: =AB25+(Y26+AP26)*1.9835 -> 9662.5167 | AC26: =AC25-(AQ25/1.9835) -> 1689.6783 | AE26: 0 | AF26: 1.7 | AG26: 1.3 | AH26: 25.5 | AI26: =AI25-AH26 -> 15727.158 | AK26: =N26+O26+P26+Q26+R26+S26+T26+U26+X26+AE26+AH26 -> 123.3 | AL26: =IF(L26<0,L26*-1,0) -> 24.819193 | AM26: =AK26+AL26 -> 148.11919 | AP26: =I26-Q26-R26-X26-AF26 -> 342.36358 | AQ26: =46.072*(Z26*1.9835+AC26*1.9835)/E26 -> 11.612949 | AT26: 0 | AV26: 0 | AW26: 68 | AX26: 32 | AZ26: =SUM(N26,P26:U26) -> 4.7516531 | BA26: 0 | BB26: 18727
A27: =A26+1 -> 13 | B27: 6875.86 | C27: 204016 | D27: =C27-C26 -> 486 | E27: =C27-152000 -> 52016 | F27: =D27/$D$2 -> 245.02143 | G27: 387 | H27: 1.47 | I27: =G27+H27 -> 388.47 | J27: =IF(L27>0,L27,0) -> 17.451427 | K27: =I27+J27 -> 405.92143 | L27: =F27-(I27-AK27) -> 17.451427 | M27: 101 | N27: 0 | O27: =63.7*1.05 -> 66.885 | P27: 0 | Q27: =1325200/325851/1.9835*1.02 -> 2.0913674 | R27: =(3.5*1.04)-T27 -> 2.771419 | S27: 0 | T27: =(0.7879*1.06)*1.04 -> 0.86858096 | U27: 0 | V27: 0 | W27: 0 | X27: =M27-N27-O27-P27-Q27-R27-S27-T27-U27+V27+W27-AT27 -> 28.383633 | Y27: =X27-AO27 -> 28.383633 | Z27: =Z26+AP27 -> 5212.2181 | AB27: =AB26+(Y27+AP27)*1.9835 -> 10420.03 | AC27: =AC26-(AQ26/1.9835) -> 1683.8236 | AE27: 34.4 | AF27: 1.7 | AG27: 1.3 | AH27: 25.5 | AI27: =AI26-AH27 -> 15701.658 | AK27: =N27+O27+P27+Q27+R27+S27+T27+U27+X27+AE27+AH27 -> 160.9 | AL27: =IF(L27<0,L27*-1,0) -> 0 | AM27: =AK27+AL27 -> 160.9 | AP27: =I27-Q27-R27-X27-AF27 -> 353.52358 | AQ27: =41.716*(Z27*1.9835+AC27*1.9835)/E27 -> 10.969777 | AT27: 0 | AV27: 0 | AW27: 72 | AX27: 31 | AZ27: =SUM(N27,P27:U27) -> 5.7313674 | BA27: 0 | BB27: 18781
A28: =A27+1 -> 14 | B28: 6876.08 | C28: 204646 | D28: =C28-C27 -> 630 | E28: =C28-152000 -> 52646 | F28: =D28/$D$2 -> 317.62037 | G28: 435 | H28: 1.43 | I28: =G28+H28 -> 436.43 | J28: =IF(L28>0,L28,0) -> 10.390368 | K28: =I28+J28 -> 446.82037 | L28: =F28-(I28-AK28) -> 10.390368 | M28: 106 | N28: 0 | O28: =59*1.05 -> 61.95 | P28: 0 | Q28: =1068800/325851/1.9835*1.02 -> 1.6867292 | R28: =(3.9*1.04)-T28 -> 3.187419 | S28: 0 | T28: =(0.7879*1.06)*1.04 -> 0.86858096 | U28: 0 | V28: 0 | W28: 0 | X28: =M28-N28-O28-P28-Q28-R28-S28-T28-U28+V28+W28-AT28 -> 38.307271 | Y28: =X28-AO28 -> 38.307271 | Z28: =Z27+AP28 -> 5603.7666 | AB28: =AB27+(Y28+AP28)*1.9835 -> 11272.649 | AC28: =AC27-(AQ27/1.9835) -> 1678.2931 | AE28: 0 | AF28: 1.7 | AG28: 1.3 | AH28: 23.2 | AI28: =AI27-AH28 -> 15678.458 | AK28: =N28+O28+P28+Q28+R28+S28+T28+U28+X28+AE28+AH28 -> 129.2 | AL28: =IF(L28<0,L28*-1,0) -> 0 | AM28: =AK28+AL28 -> 129.2 | AP28: =I28-Q28-R28-X28-AF28 -> 391.54858 | AQ28: =46.574*(Z28*1.9835+AC28*1.9835)/E28 -> 12.77805 | AT28: 0 | AV28: 0 | AW28: 71 | AX28: 38 | AZ28: =SUM(N28,P28:U28) -> 5.7427292 | BA28: 0 | BB28: 18840
A29: =A28+1 -> 15 | B29: 6876.28 | C29: 205224 | D29: =C29-C28 -> 578 | E29: =C29-152000 -> 53224 | F29: =D29/$D$2 -> 291.40408 | G29: 470 | H29: 1.37 | I29: =G29+H29 -> 471.37 | J29: =IF(L29>0,L29,0) -> 0 | K29: =I29+J29 -> 471.37 | L29: =F29-(I29-AK29) -> -57.965916 | M29: 101 | N29: 0 | O29: =43.7*1.05 -> 45.885 | P29: 0 | Q29: =1057800/325851/1.9835*1.02 -> 1.6693695 | R29: =(4*1.04)-T29 -> 3.291419 | S29: 0 | T29: =(0.7879*1.06)*1.04 -> 0.86858096 | U29: 0 | V29: 0 | W29: 0 | X29: =M29-N29-O29-P29-Q29-R29-S29-T29-U29+V29+W29-AT29 -> 49.285631 | Y29: =X29-AO29 -> 49.285631 | Z29: =Z28+AP29 -> 6019.1902 | AB29: =AB28+(Y29+AP29)*1.9835 -> 12194.399 | AC29: =AC28-(AQ28/1.9835) -> 1671.8509 | AE29: 0 | AF29: 1.7 | AG29: 1.3 | AH29: 21 | AI29: =AI28-AH29 -> 15657.458 | AK29: =N29+O29+P29+Q29+R29+S29+T29+U29+X29+AE29+AH29 -> 122 | AL29: =IF(L29<0,L29*-1,0) -> 57.965916 | AM29: =AK29+AL29 -> 179.96592 | AP29: =I29-Q29-R29-X29-AF29 -> 415.42358 | AQ29: =31.329*(Z29*1.9835+AC29*1.9835)/E29 -> 8.9795869 | AT29: 0 | AV29: 0 | AW29: 59 | AX29: 27 | AZ29: =SUM(N29,P29:U29) -> 5.8293695 | BA29: 0 | BB29: 18901
A30: =A29+1 -> 16 | B30: 6876.51 | C30: 205888 | D30: =C30-C29 -> 664 | E30: =C30-152000 -> 53888 | F30: =D30/$D$2 -> 334.76178 | G30: 410 | H30: 1.29 | I30: =G30+H30 -> 411.29 | J30: =IF(L30>0,L30,0) -> 0 | K30: =I30+J30 -> 411.29 | L30: =F30-(I30-AK30) -> -7.3282153 | M30: 48.2 | N30: 0 | O30: =12.1*1.05 -> 12.705 | P30: 0 | Q30: =908000/325851/1.9835*1.02 -> 1.4329623 | R30: =(3.8*1.04)-T30 -> 3.083419 | S30: 0 | T30: =(0.7879*1.06)*1.04 -> 0.86858096 | U30: 0 | V30: 0 | W30: 0 | X30: =M30-N30-O30-P30-Q30-R30-S30-T30-U30+V30+W30-AT30 -> 30.110038 | Y30: =X30-AO30 -> 30.110038 | Z30: =Z29+AP30 -> 6394.1538 | AB30: =AB29+(Y30+AP30)*1.9835 -> 12997.863 | AC30: =AC29-(AQ29/1.9835) -> 1667.3237 | AE30: 0 | AF30: 1.7 | AG30: 1.3 | AH30: 21 | AI30: =AI29-AH30 -> 15636.458 | AK30: =N30+O30+P30+Q30+R30+S30+T30+U30+X30+AE30+AH30 -> 69.2 | AL30: =IF(L30<0,L30*-1,0) -> 7.3282153 | AM30: =AK30+AL30 -> 76.528215 | AP30: =I30-Q30-R30-X30-AF30 -> 374.96358 | AQ30: =4.067*(Z30*1.9835+AC30*1.9835)/E30 -> 1.2067824 | AT30: 0 | AV30: 0 | AW30: 46 | AX30: 27 | AZ30: =SUM(N30,P30:U30) -> 5.3849623 | BA30: 0 | BB30: 18955
A31: =A30+1 -> 17 | B31: 6876.7 | C31: 206437 | D31: =C31-C30 -> 549 | E31: =C31-152000 -> 54437 | F31: =D31/$D$2 -> 276.78346 | G31: 375 | H31: 1.38 | I31: =G31+H31 -> 376.38 | J31: =IF(L31>0,L31,0) -> 29.403464 | K31: =I31+J31 -> 405.78346 | L31: =F31-(I31-AK31) -> 29.403464 | M31: 108 | N31: 0 | O31: =51.6*1.05 -> 54.18 | P31: 0 | Q31: =927700/325851/1.9835*1.02 -> 1.4640519 | R31: =(3.1*1.04)-T31 -> 2.4182558 | S31: 0 | T31: =(0.7309*1.06)*1.04 -> 0.80574416 | U31: 0 | V31: 0 | W31: 0 | X31: =M31-N31-O31-P31-Q31-R31-S31-T31-U31+V31+W31-AT31 -> 49.131948 | Y31: =X31-AO31 -> 49.131948 | Z31: =Z30+AP31 -> 6715.8195 | AB31: =AB30+(Y31+AP31)*1.9835 -> 13733.34 | AC31: =AC30-(AQ30/1.9835) -> 1666.7153 | AE31: 0 | AF31: 1.7 | AG31: 1.3 | AH31: 21 | AI31: =AI30-AH31 -> 15615.458 | AK31: =N31+O31+P31+Q31+R31+S31+T31+U31+X31+AE31+AH31 -> 129 | AL31: =IF(L31<0,L31*-1,0) -> 0 | AM31: =AK31+AL31 -> 129 | AP31: =I31-Q31-R31-X31-AF31 -> 321.66574 | AQ31: =6.609*(Z31*1.9835+AC31*1.9835)/E31 -> 2.0185948 | AT31: 0 | AV31: 0 | AW31: 42 | AX31: 29 | AZ31: =SUM(N31,P31:U31) -> 4.6880519 | BA31: 0 | BB31: 19015
A32: =A31+1 -> 18 | B32: 6876.85 | C32: 206870 | D32: =C32-C31 -> 433 | E32: =C32-152000 -> 54870 | F32: =D32/$D$2 -> 218.30098 | G32: 344 | H32: 1.54 | I32: =G32+H32 -> 345.54 | J32: =IF(L32>0,L32,0) -> 0 | K32: =I32+J32 -> 345.54 | L32: =F32-(I32-AK32) -> -29.139017 | M32: 77 | N32: 0 | O32: =34.3*1.05 -> 36.015 | P32: 0 | Q32: =931700/325851/1.9835*1.02 -> 1.4703645 | R32: =(2.7*1.04)-T32 -> 2.0022558 | S32: 0 | T32: =(0.7309*1.06)*1.04 -> 0.80574416 | U32: 0 | V32: 0 | W32: 0 | X32: =M32-N32-O32-P32-Q32-R32-S32-T32-U32+V32+W32-AT32 -> 36.706636 | Y32: =X32-AO32 -> 36.706636 | Z32: =Z31+AP32 -> 7019.4803 | AB32: =AB31+(Y32+AP32)*1.9835 -> 14408.459 | AC32: =AC31-(AQ31/1.9835) -> 1665.6976 | AE32: 0 | AF32: 1.7 | AG32: 1.3 | AH32: 21.1 | AI32: =AI31-AH32 -> 15594.358 | AK32: =N32+O32+P32+Q32+R32+S32+T32+U32+X32+AE32+AH32 -> 98.1 | AL32: =IF(L32<0,L32*-1,0) -> 29.139017 | AM32: =AK32+AL32 -> 127.23902 | AP32: =I32-Q32-R32-X32-AF32 -> 303.66074 | AQ32: =0*(Z32*1.9835+AC32*1.9835)/E32 -> 0 | AT32: 0 | AV32: 0.26 | AW32: 59 | AX32: 26 | AZ32: =SUM(N32,P32:U32) -> 4.2783645 | BA32: 0 | BB32: 19076
A33: =A32+1 -> 19 | B33: 6876.98 | C33: 207246 | D33: =C33-C32 -> 376 | E33: =C33-152000 -> 55246 | F33: =D33/$D$2 -> 189.5639 | G33: 319 | H33: 1.53 | I33: =G33+H33 -> 320.53 | J33: =IF(L33>0,L33,0) -> 0 | K33: =I33+J33 -> 320.53 | L33: =F33-(I33-AK33) -> -7.6060978 | M33: 96.6 | N33: 0 | O33: =41.7*1.05 -> 43.785 | P33: 0 | Q33: =1180900/325851/1.9835*1.02 -> 1.86364 | R33: =(2.7*1.04)-T33 -> 2.0022558 | S33: 0 | T33: =(0.7309*1.06)*1.04 -> 0.80574416 | U33: 0 | V33: 0 | W33: 5.66 | X33: =M33-N33-O33-P33-Q33-R33-S33-T33-U33+V33+W33-AT33 -> 53.80336 | Y33: =X33-AO33 -> 53.80336 | Z33: =Z32+AP33 -> 7280.641 | AB33: =AB32+(Y33+AP33)*1.9835 -> 15033.19 | AC33: =AC32-(AQ32/1.9835) -> 1665.6976 | AE33: 0 | AF33: 1.7 | AG33: 1.3 | AH33: 21.1 | AI33: =AI32-AH33 -> 15573.258 | AK33: =N33+O33+P33+Q33+R33+S33+T33+U33+X33+AE33+AH33 -> 123.36 | AL33: =IF(L33<0,L33*-1,0) -> 7.6060978 | AM33: =AK33+AL33 -> 130.9661 | AP33: =I33-Q33-R33-X33-AF33 -> 261.16074 | AQ33: =23.894*(Z33*1.9835+AC33*1.9835)/E33 -> 7.6747734 | AT33: 0 | AV33: 0 | AW33: 64 | AX33: 33 | AZ33: =SUM(N33,P33:U33) -> 4.67164 | BA33: 0 | BB33: 19119
A34: =A33+1 -> 20 | B34: 6877.07 | C34: 207508 | D34: =C34-C33 -> 262 | E34: =C34-152000 -> 55508 | F34: =D34/$D$2 -> 132.08974 | G34: 322 | H34: 1.21 | I34: =G34+H34 -> 323.21 | J34: =IF(L34>0,L34,0) -> 0 | K34: =I34+J34 -> 323.21 | L34: =F34-(I34-AK34) -> -12.62026 | M34: 129 | N34: 0 | O34: =41.1*1.05 -> 43.155 | P34: 0 | Q34: =1079300/325851/1.9835*1.02 -> 1.7032998 | R34: =(2.8*1.04)-T34 -> 2.1062558 | S34: 0 | T34: =(0.7309*1.06)*1.04 -> 0.80574416 | U34: 0 | V34: 0 | W34: 15.9 | X34: =M34-N34-O34-P34-Q34-R34-S34-T34-U34+V34+W34-AT34 -> 97.1297 | Y34: =X34-AO34 -> 97.1297 | Z34: =Z33+AP34 -> 7501.2118 | AB34: =AB33+(Y34+AP34)*1.9835 -> 15663.349 | AC34: =AC33-(AQ33/1.9835) -> 1661.8283 | AE34: 12.6 | AF34: 1.7 | AG34: 1.3 | AH34: 21 | AI34: =AI33-AH34 -> 15552.258 | AK34: =N34+O34+P34+Q34+R34+S34+T34+U34+X34+AE34+AH34 -> 178.5 | AL34: =IF(L34<0,L34*-1,0) -> 12.62026 | AM34: =AK34+AL34 -> 191.12026 | AP34: =I34-Q34-R34-X34-AF34 -> 220.57074 | AQ34: =21.86*(Z34*1.9835+AC34*1.9835)/E34 -> 7.1575826 | AT34: 0 | AV34: 0 | AW34: 65 | AX34: 34 | AZ34: =SUM(N34,P34:U34) -> 4.6152998 | BA34: 0 | BB34: 19164
A35: =A34+1 -> 21 | B35: 6877.14 | C35: 207712 | D35: =C35-C34 -> 204 | E35: =C35-152000 -> 55712 | F35: =D35/$D$2 -> 102.8485 | G35: 292 | H35: 1.11 | I35: =G35+H35 -> 293.11 | J35: =IF(L35>0,L35,0) -> 1.7985001 | K35: =I35+J35 -> 294.9085 | L35: =F35-(I35-AK35) -> 1.7985001 | M35: 150 | N35: 0 | O35: =63.1*1.05 -> 66.255 | P35: 0 | Q35: =1282600/325851/1.9835*1.02 -> 2.0241381 | R35: =(2.7*1.04)-T35 -> 2.0022558 | S35: 0 | T35: =(0.7309*1.06)*1.04 -> 0.80574416 | U35: 0 | V35: 0 | W35: 15.2 | X35: =M35-N35-O35-P35-Q35-R35-S35-T35-U35+V35+W35-AT35 -> 94.112862 | Y35: =X35-AO35 -> 94.112862 | Z35: =Z34+AP35 -> 7694.4825 | AB35: =AB34+(Y35+AP35)*1.9835 -> 16233.374 | AC35: =AC34-(AQ34/1.9835) -> 1658.2198 | AE35: 5.76 | AF35: 1.7 | AG35: 1.3 | AH35: 21.1 | AI35: =AI34-AH35 -> 15531.158 | AK35: =N35+O35+P35+Q35+R35+S35+T35+U35+X35+AE35+AH35 -> 192.06 | AL35: =IF(L35<0,L35*-1,0) -> 0 | AM35: =AK35+AL35 -> 192.06 | AP35: =I35-Q35-R35-X35-AF35 -> 193.27074 | AQ35: =32.028*(Z35*1.9835+AC35*1.9835)/E35 -> 10.664743 | AT35: 0 | AV35: 0 | AW35: 72 | AX35: 34 | AZ35: =SUM(N35,P35:U35) -> 4.8321381 | BA35: 0 | BB35: 19242
A36: =A35+1 -> 22 | B36: 6877.16 | C36: 207771 | D36: =C36-C35 -> 59 | E36: =C36-152000 -> 55771 | F36: =D36/$D$2 -> 29.7454 | G36: 284 | H36: 1.1 | I36: =G36+H36 -> 285.1 | J36: =IF(L36>0,L36,0) -> 0 | K36: =I36+J36 -> 285.1 | L36: =F36-(I36-AK36) -> -35.2546 | M36: 158 | N36: 0 | O36: =59.4*1.05 -> 62.37 | P36: 0 | Q36: =1245500/325851/1.9835*1.02 -> 1.9655887 | R36: =(2.8*1.04)-T36 -> 2.1062558 | S36: 0 | T36: =(0.7309*1.06)*1.04 -> 0.80574416 | U36: 0 | V36: 0 | W36: 15.1 | X36: =M36-N36-O36-P36-Q36-R36-S36-T36-U36+V36+W36-AT36 -> 105.85241 | Y36: =X36-AO36 -> 105.85241 | Z36: =Z35+AP36 -> 7867.9583 | AB36: =AB35+(Y36+AP36)*1.9835 -> 16787.422 | AC36: =AC35-(AQ35/1.9835) -> 1652.843 | AE36: 25.8 | AF36: 1.7 | AG36: 1.3 | AH36: 21.2 | AI36: =AI35-AH36 -> 15509.958 | AK36: =N36+O36+P36+Q36+R36+S36+T36+U36+X36+AE36+AH36 -> 220.1 | AL36: =IF(L36<0,L36*-1,0) -> 35.2546 | AM36: =AK36+AL36 -> 255.3546 | AP36: =I36-Q36-R36-X36-AF36 -> 173.47574 | AQ36: =36.772*(Z36*1.9835+AC36*1.9835)/E36 -> 12.451295 | AT36: 0 | AV36: 0 | AW36: 69 | AX36: 40 | AZ36: =SUM(N36,P36:U36) -> 4.8775887 | BA36: 0 | BB36: 19395
A37: =A36+1 -> 23 | B37: 6877.19 | C37: 207859 | D37: =C37-C36 -> 88 | E37: =C37-152000 -> 55859 | F37: =D37/$D$2 -> 44.36602 | G37: 279 | H37: 1.01 | I37: =G37+H37 -> 280.01 | J37: =IF(L37>0,L37,0) -> 0 | K37: =I37+J37 -> 280.01 | L37: =F37-(I37-AK37) -> -18.34398 | M37: 176 | N37: 0 | O37: =50.3*1.05 -> 52.815 | P37: 0 | Q37: =1223800/325851/1.9835*1.02 -> 1.9313428 | R37: =(2.7*1.04)-T37 -> 2.0022558 | S37: 0 | T37: =(0.7309*1.06)*1.04 -> 0.80574416 | U37: 0 | V37: 0 | W37: 19.9 | X37: =M37-N37-O37-P37-Q37-R37-S37-T37-U37+V37+W37-AT37 -> 138.34566 | Y37: =X37-AO37 -> 138.34566 | Z37: =Z36+AP37 -> 8003.989 | AB37: =AB36+(Y37+AP37)*1.9835 -> 17331.647 | AC37: =AC36-(AQ36/1.9835) -> 1646.5656 | AE37: 0 | AF37: 1.7 | AG37: 1.3 | AH37: 21.4 | AI37: =AI36-AH37 -> 15488.558 | AK37: =N37+O37+P37+Q37+R37+S37+T37+U37+X37+AE37+AH37 -> 217.3 | AL37: =IF(L37<0,L37*-1,0) -> 18.34398 | AM37: =AK37+AL37 -> 235.64398 | AP37: =I37-Q37-R37-X37-AF37 -> 136.03074 | AQ37: =34.061*(Z37*1.9835+AC37*1.9835)/E37 -> 11.672092 | AT37: 0 | AV37: 0 | AW37: 67 | AX37: 37 | AZ37: =SUM(N37,P37:U37) -> 4.7393428 | BA37: 0 | BB37: 19724
