Workbook

Sheet NOV
K1: MCPHEE RESERVOIR INFLOW/OUTFLOW TABULATION
A2: AF/cfs CONVERT FACTOR | D2: 1.9835 | L2: NOVEMBER "2002"
D4: RESERVOIR | Q4: INFLOW/OUTFLOW (CFS) | AB4: WEATHER
A5: DATE | B5: RESERV | C5: RESERV | D5: AC FT | E5: ACTIVE | F5: CONV TO | G5: DOLORES | H5: LOST | I5: RECORDED | J5: CALC | K5: TOTAL | L5: CALC | M5: DOLORES TUNNEL | Q5: LONE | R5: U | S5: TOTAL | T5: MVI | U5: DV CR | V5: BELOW | W5: REMAIN | X5: RECORDED | Y5: CALC | Z5: TOTAL | AA5: RAIN | AB5: MAX | AC5: MIN | AD5: NAR. | AE5: MVI
A6: "NOV" | B6: ELEV | C6: AC FT | D6: CHANGE | E6: CAP | F6: CFS | G6: RIVER | H6: CANYON | I6: INFLOW | J6: INFLOW | K6: INFLOW | L6: INF/OTF | M6: TOT DIV | N6: SWAMP | O6: UTE F&R | P6: MVI,CTZ | Q6: PINE | R6: LAT | S6: MVI | T6: CALL | U6: CANAL | V6: MCPHEE | W6: RELEASE | X6: OUTFLOW | Y6: OUTFLOW | Z6: OUTFLOW | AB6: TMP | AC6: TMP | AD6: CALL | AE6: CALL
E7: AC FT | T7: & PROJ. | AB7: NOV-OCT | AE7: Apr-Jun
A9: SEASON BAL
A10: YTD | B10: 6857.1 | C10: 156567 | O10: 0 | W10: 2410
A12: 1 | B12: 6857.13 | C12: 156634 | D12: =C12-C10 -> 67 | E12: =C12-152000 -> 4634 | F12: =D12/$D$2 -> 33.778674 | G12: 67 | H12: 0 | I12: =G12+H12 -> 67 | J12: =IF(L12>0,L12,0) -> 0 | K12: =I12+J12 -> 67 | L12: =F12-(I12-X12) -> -15.421326 | M12: 4.8 | N12: 0 | O12: 0 | P12: =M12-(N12+O12) -> 4.8 | Q12: 0 | R12: 0 | S12: =SUM(P12:R12) -> 4.8 | U12: 0 | V12: 13 | W12: =W10-V12 -> 2397 | X12: =N12+O12+S12+U12+V12 -> 17.8 | Y12: =IF(L12<0,L12*-1,0) -> 15.421326 | Z12: =X12+Y12 -> 33.221326 | AA12: 0 | AB12: 55 | AC12: 34
A13: =A12+1 -> 2 | B13: 6857.16 | C13: 156700 | D13: =C13-C12 -> 66 | E13: =C13-152000 -> 4700 | F13: =D13/$D$2 -> 33.274515 | G13: 64 | H13: 0 | I13: =G13+H13 -> 64 | J13: =IF(L13>0,L13,0) -> 0 | K13: =I13+J13 -> 64 | L13: =F13-(I13-X13) -> -12.925485 | M13: 4.8 | N13: 0 | O13: 0 | P13: =M13-(N13+O13) -> 4.8 | Q13: 0 | R13: 0 | S13: =SUM(P13:R13) -> 4.8 | U13: 0 | V13: 13 | W13: =W12-V13 -> 2384 | X13: =N13+O13+S13+U13+V13 -> 17.8 | Y13: =IF(L13<0,L13*-1,0) -> 12.925485 | Z13: =X13+Y13 -> 30.725485 | AA13: 0 | AB13: 51 | AC13: 30
A14: =A13+1 -> 3 | B14: 6857.19 | C14: 156767 | D14: =C14-C13 -> 67 | E14: =C14-152000 -> 4767 | F14: =D14/$D$2 -> 33.778674 | G14: 61 | H14: 0 | I14: =G14+H14 -> 61 | J14: =IF(L14>0,L14,0) -> 0 | K14: =I14+J14 -> 61 | L14: =F14-(I14-X14) -> -9.4213259 | M14: 4.8 | N14: 0 | O14: 0 | P14: =M14-(N14+O14) -> 4.8 | Q14: 0 | R14: 0 | S14: =SUM(P14:R14) -> 4.8 | U14: 0 | V14: 13 | W14: =W13-V14 -> 2371 | X14: =N14+O14+S14+U14+V14 -> 17.8 | Y14: =IF(L14<0,L14*-1,0) -> 9.4213259 | Z14: =X14+Y14 -> 27.221326 | AA14: 0 | AB14: 46 | AC14: 32
A15: =A14+1 -> 4 | B15: 6857.22 | C15: 156833 | D15: =C15-C14 -> 66 | E15: =C15-152000 -> 4833 | F15: =D15/$D$2 -> 33.274515 | G15: 55 | H15: 0 | I15: =G15+H15 -> 55 | J15: =IF(L15>0,L15,0) -> 0 | K15: =I15+J15 -> 55 | L15: =F15-(I15-X15) -> -3.9254853 | M15: 4.8 | N15: 0 | O15: 0 | P15: =M15-(N15+O15) -> 4.8 | Q15: 0 | R15: 0 | S15: =SUM(P15:R15) -> 4.8 | U15: 0 | V15: 13 | W15: =W14-V15 -> 2358 | X15: =N15+O15+S15+U15+V15 -> 17.8 | Y15: =IF(L15<0,L15*-1,0) -> 3.9254853 | Z15: =X15+Y15 -> 21.725485 | AA15: 0 | AB15: 46 | AC15: 30
A16: =A15+1 -> 5 | B16: 6857.25 | C16: 156900 | D16: =C16-C15 -> 67 | E16: =C16-152000 -> 4900 | F16: =D16/$D$2 -> 33.778674 | G16: 55 | H16: 0 | I16: =G16+H16 -> 55 | J16: =IF(L16>0,L16,0) -> 0 | K16: =I16+J16 -> 55 | L16: =F16-(I16-X16) -> -3.7213259 | M16: 4.5 | N16: 0 | O16: 0 | P16: =M16-(N16+O16) -> 4.5 | Q16: 0 | R16: 0 | S16: =SUM(P16:R16) -> 4.5 | U16: 0 | V16: 13 | W16: =W15-V16 -> 2345 | X16: =N16+O16+S16+U16+V16 -> 17.5 | Y16: =IF(L16<0,L16*-1,0) -> 3.7213259 | Z16: =X16+Y16 -> 21.221326 | AA16: 0 | AB16: 51 | AC16: 20
A17: =A16+1 -> 6 | B17: 6857.58 | C17: 156966 | D17: =C17-C16 -> 66 | E17: =C17-152000 -> 4966 | F17: =D17/$D$2 -> 33.274515 | G17: 48 | H17: 0 | I17: =G17+H17 -> 48 | J17: =IF(L17>0,L17,0) -> 2.3745147 | K17: =I17+J17 -> 50.374515 | L17: =F17-(I17-X17) -> 2.3745147 | M17: 4.1 | N17: 0 | O17: 0 | P17: =M17-(N17+O17) -> 4.1 | Q17: 0 | R17: 0 | S17: =SUM(P17:R17) -> 4.1 | U17: 0 | V17: 13 | W17: =W16-V17 -> 2332 | X17: =N17+O17+S17+U17+V17 -> 17.1 | Y17: =IF(L17<0,L17*-1,0) -> 0 | Z17: =X17+Y17 -> 17.1 | AA17: 0 | AB17: 52 | AC17: 23
A18: =A17+1 -> 7 | B18: 6857.31 | C18: 157033 | D18: =C18-C17 -> 67 | E18: =C18-152000 -> 5033 | F18: =D18/$D$2 -> 33.778674 | G18: 51 | H18: 0 | I18: =G18+H18 -> 51 | J18: =IF(L18>0,L18,0) -> 0.87867406 | K18: =I18+J18 -> 51.878674 | L18: =F18-(I18-X18) -> 0.87867406 | M18: 4.1 | N18: 0 | O18: 0 | P18: =M18-(N18+O18) -> 4.1 | Q18: 0 | R18: 0 | S18: =SUM(P18:R18) -> 4.1 | U18: 0 | V18: 14 | W18: =W17-V18 -> 2318 | X18: =N18+O18+S18+U18+V18 -> 18.1 | Y18: =IF(L18<0,L18*-1,0) -> 0 | Z18: =X18+Y18 -> 18.1 | AA18: 0 | AB18: 59 | AC18: 29
A19: =A18+1 -> 8 | B19: 6857.36 | C19: 157144 | D19: =C19-C18 -> 111 | E19: =C19-152000 -> 5144 | F19: =D19/$D$2 -> 55.961684 | G19: 61 | H19: 0 | I19: =G19+H19 -> 61 | J19: =IF(L19>0,L19,0) -> 14.061684 | K19: =I19+J19 -> 75.061684 | L19: =F19-(I19-X19) -> 14.061684 | M19: 4.1 | N19: 0 | O19: 0 | P19: =M19-(N19+O19) -> 4.1 | Q19: 0 | R19: 0 | S19: =SUM(P19:R19) -> 4.1 | U19: 0 | V19: 15 | W19: =W18-V19 -> 2303 | X19: =N19+O19+S19+U19+V19 -> 19.1 | Y19: =IF(L19<0,L19*-1,0) -> 0 | Z19: =X19+Y19 -> 19.1 | AA19: 0.4 | AB19: 47 | AC19: 34
A20: =A19+1 -> 9 | B20: 6857.46 | C20: 157365 | D20: =C20-C19 -> 221 | E20: =C20-152000 -> 5365 | F20: =D20/$D$2 -> 111.41921 | G20: 97 | H20: 0 | I20: =G20+H20 -> 97 | J20: =IF(L20>0,L20,0) -> 33.519208 | K20: =I20+J20 -> 130.51921 | L20: =F20-(I20-X20) -> 33.519208 | M20: 4.1 | N20: 0 | O20: 0 | P20: =M20-(N20+O20) -> 4.1 | Q20: 0 | R20: 0 | S20: =SUM(P20:R20) -> 4.1 | U20: 0 | V20: 15 | W20: =W19-V20 -> 2288 | X20: =N20+O20+S20+U20+V20 -> 19.1 | Y20: =IF(L20<0,L20*-1,0) -> 0 | Z20: =X20+Y20 -> 19.1 | AA20: 0.72 | AB20: 54 | AC20: 34
A21: =A20+1 -> 10 | B21: 6857.53 | C21: 157521 | D21: =C21-C20 -> 156 | E21: =C21-152000 -> 5521 | F21: =D21/$D$2 -> 78.648853 | G21: 96 | H21: 0 | I21: =G21+H21 -> 96 | J21: =IF(L21>0,L21,0) -> 0.74885304 | K21: =I21+J21 -> 96.748853 | L21: =F21-(I21-X21) -> 0.74885304 | M21: 4.1 | N21: 0 | O21: 0 | P21: =M21-(N21+O21) -> 4.1 | Q21: 0 | R21: 0 | S21: =SUM(P21:R21) -> 4.1 | U21: 0 | V21: 14 | W21: =W20-V21 -> 2274 | X21: =N21+O21+S21+U21+V21 -> 18.1 | Y21: =IF(L21<0,L21*-1,0) -> 0 | Z21: =X21+Y21 -> 18.1 | AA21: 0.03 | AB21: 43 | AC21: 27
A22: =A21+1 -> 11 | B22: 6857.53 | C22: 157521 | D22: =C22-C21 -> 0 | E22: =C22-152000 -> 5521 | F22: =D22/$D$2 -> 0 | G22: 76 | H22: 0 | I22: =G22+H22 -> 76 | J22: =IF(L22>0,L22,0) -> 0 | K22: =I22+J22 -> 76 | L22: =F22-(I22-X22) -> -21 | M22: 22 | N22: 0 | O22: 0 | P22: =M22-(N22+O22) -> 22 | Q22: 9 | R22: 10 | S22: =SUM(P22:R22) -> 41 | U22: 0 | V22: 14 | W22: =W21-V22 -> 2260 | X22: =N22+O22+S22+U22+V22 -> 55 | Y22: =IF(L22<0,L22*-1,0) -> 21 | Z22: =X22+Y22 -> 76 | AA22: 0 | AB22: 42 | AC22: 27
A23: =A22+1 -> 12 | B23: 6857.52 | C23: 157498 | D23: =C23-C22 -> -23 | E23: =C23-152000 -> 5498 | F23: =D23/$D$2 -> -11.595664 | G23: 59 | H23: 0 | I23: =G23+H23 -> 59 | J23: =IF(L23>0,L23,0) -> 3.4043358 | K23: =I23+J23 -> 62.404336 | L23: =F23-(I23-X23) -> 3.4043358 | M23: 28 | N23: 0 | O23: 0 | P23: =M23-(N23+O23) -> 28 | Q23: 17 | R23: 15 | S23: =SUM(P23:R23) -> 60 | U23: 0 | V23: 14 | W23: =W22-V23 -> 2246 | X23: =N23+O23+S23+U23+V23 -> 74 | Y23: =IF(L23<0,L23*-1,0) -> 0 | Z23: =X23+Y23 -> 74 | AA23: 0 | AB23: 46 | AC23: 22
A24: =A23+1 -> 13 | B24: 6857.51 | C24: 157476 | D24: =C24-C23 -> -22 | E24: =C24-152000 -> 5476 | F24: =D24/$D$2 -> -11.091505 | G24: 61 | H24: 0 | I24: =G24+H24 -> 61 | J24: =IF(L24>0,L24,0) -> 4.9084951 | K24: =I24+J24 -> 65.908495 | L24: =F24-(I24-X24) -> 4.9084951 | M24: 27 | N24: 0 | O24: 0 | P24: =M24-(N24+O24) -> 27 | Q24: 21 | R24: 15 | S24: =SUM(P24:R24) -> 63 | U24: 0 | V24: 14 | W24: =W23-V24 -> 2232 | X24: =N24+O24+S24+U24+V24 -> 77 | Y24: =IF(L24<0,L24*-1,0) -> 0 | Z24: =X24+Y24 -> 77 | AA24: 0 | AB24: 48 | AC24: 28
... A40: =A39+1 -> 29 | B40: 6857.87 | C40: 158274 | D40: =C40-C39 -> 66 | E40: =C40-152000 -> 6274 | F40: =D40/$D$2 -> 33.274515 | G40: 72 | H40: 0 | I40: =G40+H40 -> 72 | J40: =IF(L40>0,L40,0) -> 0 | K40: =I40+J40 -> 72 | L40: =F40-(I40-X40) -> -19.525485 | M40: 4.2 | N40: 0 | O40: 0 | P40: =M40-(N40+O40) -> 4.2 | Q40: 0 | R40: 0 | S40: =SUM(P40:R40) -> 4.2 | U40: 0 | V40: 15 | W40: =W39-V40 -> 2000 | X40: =N40+O40+S40+U40+V40 -> 19.2 | Y40: =IF(L40<0,L40*-1,0) -> 19.525485 | Z40: =X40+Y40 -> 38.725485 | AA40: 0 | AB40: 56 | AC40: 25
A41: 30 | B41: 6857.9 | C41: 158341 | D41: =C41-C40 -> 67 | E41: =C41-152000 -> 6341 | F41: =D41/$D$2 -> 33.778674 | G41: 72 | H41: 0 | I41: =G41+H41 -> 72 | J41: =IF(L41>0,L41,0) -> 0 | K41: =I41+J41 -> 72 | L41: =F41-(I41-X41) -> -19.121326 | M41: 4.1 | N41: 0 | O41: 0 | P41: =M41-(N41+O41) -> 4.1 | Q41: 0 | R41: 0 | S41: =SUM(P41:R41) -> 4.1 | U41: 0 | V41: 15 | W41: =W40-V41 -> 1985 | X41: =N41+O41+S41+U41+V41 -> 19.1 | Y41: =IF(L41<0,L41*-1,0) -> 19.121326 | Z41: =X41+Y41 -> 38.221326 | AA41: 0.08 | AB41: 50 | AC41: 25
AC42: 22
A43: MONTH / CFS | F43: =SUM(F12:F41) -> 894.37862 | G43: =SUM(G12:G41) -> 1859 | H43: =SUM(H12:H41) -> 0 | I43: =SUM(I12:I41) -> 1859 | J43: =SUM(J12:J41) -> 67.348954 | K43: =SUM(K12:K41) -> 1926.349 | L43: =SUM(L12:L41) -> -217.52138 | M43: =SUM(M12:M41) -> 209.1 | ... S43: =SUM(S12:S41) -> 322.1 | U43: =SUM(U12:U41) -> 0 | V43: =SUM(V12:V41) -> 425 | X43: =SUM(X12:X41) -> 747.1 | Y43: =SUM(Y12:Y41) -> 284.87033 | Z43: =SUM(Z12:Z41) -> 1031.9703 | AA43: =SUM(AA12:AA41) -> 1.23 | AB43: =AVERAGE(AB12:AB41) -> 50.2 | AC43: =AVERAGE(AC12:AC42) -> 26.774194 | AD43: Avg
A44: MONTH / AF | D44: =SUM(D12:D41) -> 1774 | F44: =F43*$D$2 -> 1774 | G44: =G43*$D$2 -> 3687.3265 | H44: =H43*$D$2 -> 0 | I44: =I43*$D$2 -> 3687.3265 | J44: =J43*$D$2 -> 133.58665 | K44: =K43*$D$2 -> 3820.9131 | L44: =L43*$D$2 -> -431.45365 | M44: =M43*$D$2 -> 414.74985 | ... S44: =S43*$D$2 -> 638.88535 | U44: =U43*$D$2 -> 0 | V44: =V43*$D$2 -> 842.9875 | X44: =X43*$D$2 -> 1481.8728 | Y44: =Y43*$D$2 -> 565.0403 | Z44: =Z43*$D$2 -> 2046.9132 | AB44: =MAX(AB12:AB41) -> 60 | AC44: =MAX(AC12:AC42) -> 34 | AD44: HI
A46: SEASON / CFS | AB46: =MIN(AB12:AB41) -> 41 | AC46: =MIN(AC12:AC42) -> 20 | AD46: LO
A47: SEASON / AF
A49: YTD / CFS | F49: =F10+F43 -> 894.37862 | G49: =G10+G43 -> 1859 | H49: =H10+H43 -> 0 | I49: =I10+I43 -> 1859 | J49: =J10+J43 -> 67.348954 | K49: =K10+K43 -> 1926.349 | L49: =L10+L43 -> -217.52138 | M49: =M10+M43 -> 209.1 | ... S49: =S10+S43 -> 322.1 | U49: =U10+U43 -> 0 | V49: =V10+V43 -> 425 | W49: =W41 -> 1985 | X49: =X10+X43 -> 747.1 | Y49: =Y10+Y43 -> 284.87033 | Z49: =Z10+Z43 -> 1031.9703 | AA49: =AA10+AA43 -> 1.23
A50: YTD / AF | D50: =D10+D44 -> 1774 | E50: =E41 -> 6341 | F50: =F49*$D$2 -> 1774 | G50: =G49*$D$2 -> 3687.3265 | H50: =H49*$D$2 -> 0 | I50: =I49*$D$2 -> 3687.3265 | J50: =J49*$D$2 -> 133.58665 | K50: =K49*$D$2 -> 3820.9131 | L50: =L49*$D$2 -> -431.45365 | M50: =M49*$D$2 -> 414.74985 | ... Z50: =Z49*$D$2 -> 2046.9132

Sheet DEC
K1: MCPHEE RESERVOIR INFLOW/OUTFLOW TABULATION
A2: AF/cfs CONVERT FACTOR | D2: 1.9835 | K2: DECEMBER "2002"
D4: RESERVOIR | Q4: INFLOW/OUTFLOW (CFS) | AB4: WEATHER
A5: DATE | B5: RESERV | C5: RESERV | D5: AC FT | E5: ACTIVE | F5: CONV TO | G5: DOLORES | H5: LOST | I5: RECORDED | J5: CALC | K5: TOTAL | L5: CALC | M5: DOLORES TUNNEL | Q5: LONE | R5: U | S5: TOTAL | T5: MVI | U5: DV CR | V5: BELOW | W5: REMAIN | X5: RECORDED | Y5: CALC | Z5: TOTAL | AA5: RAIN | AB5: MAX | AC5: MIN | AD5: NAR | AE5: MVI
A6: "DEC" | B6: ELEV | C6: AC FT | D6: CHANGE | E6: CAP | F6: CFS | G6: RIVER | H6: CANYON | I6: INFLOW | J6: INFLOW | K6: INFLOW | L6: INF/OTF | M6: TOT DIV | N6: SWAMP | O6: UTE F&R | P6: MVI,CTZ | Q6: PINE | R6: LAT | S6: MVI | T6: CALL | U6: CANAL | V6: MCPHEE | W6: RELEASE | X6: OUTFLOW | Y6: OUTFLOW | Z6: OUTFLOW | AB6: TMP | AC6: TMP | AD6: CALL | AE6: CALL
E7: AC FT | T7: &PROJ. | AB7: NOV-OCT | AE7: Apr-Jun
A9: SEASON BAL
A10: YTD | B10: =NOV!B41 -> 6857.9 | C10: =NOV!C41 -> 158341 | D10: =NOV!$D$50 -> 1774 | E10: =NOV!$E$41 -> 6341 | F10: =NOV!F49 -> 894.37862 | G10: =NOV!G49 -> 1859 | H10: =NOV!H49 -> 0 | I10: =NOV!I49 -> 1859 | J10: =NOV!J49 -> 67.348954 | K10: =NOV!K49 -> 1926.349 | L10: =NOV!L49 -> -217.52138 | M10: =NOV!M49 -> 209.1 | ... AA10: =NOV!AA49 -> 1.23
A12: 1 | B12: 6857.93 | C12: 158408 | D12: =C12-C10 -> 67 | E12: =C12-152000 -> 6408 | F12: =D12/$D$2 -> 33.778674 | G12: 69 | H12: 0 | I12: =G12+H12 -> 69 | J12: =IF(L12>0,L12,0) -> 0 | K12: =I12+J12 -> 69 | L12: =F12-(I12-X12) -> -16.121326 | M12: 4.1 | N12: 0 | O12: 0 | P12: =M12-(N12+O12) -> 4.1 | Q12: 0 | R12: 0 | S12: =SUM(P12:R12) -> 4.1 | U12: 0 | V12: 15 | W12: =W10-V12 -> 1970 | X12: =N12+O12+S12+U12+V12 -> 19.1 | Y12: =IF(L12<0,L12*-1,0) -> 16.121326 | Z12: =X12+Y12 -> 35.221326 | AA12: 0.13 | AB12: 43 | AC12: 22
A13: =A12+1 -> 2 | B13: 6857.95 | C13: 158452 | D13: =C13-C12 -> 44 | E13: =C13-152000 -> 6452 | F13: =D13/$D$2 -> 22.18301 | G13: 62 | H13: 0 | I13: =G13+H13 -> 62 | J13: =IF(L13>0,L13,0) -> 0 | K13: =I13+J13 -> 62 | L13: =F13-(I13-X13) -> -20.71699 | M13: 4.1 | N13: 0 | O13: 0 | P13: =M13-(N13+O13) -> 4.1 | Q13: 0 | R13: 0 | S13: =SUM(P13:R13) -> 4.1 | U13: 0 | V13: 15 | W13: =W12-V13 -> 1955 | X13: =N13+O13+S13+U13+V13 -> 19.1 | Y13: =IF(L13<0,L13*-1,0) -> 20.71699 | Z13: =X13+Y13 -> 39.81699 | AA13: 0 | AB13: 44 | AC13: 20
A14: =A13+1 -> 3 | B14: 6857.96 | C14: 158474 | D14: =C14-C13 -> 22 | E14: =C14-152000 -> 6474 | F14: =D14/$D$2 -> 11.091505 | G14: 68 | H14: 0 | I14: =G14+H14 -> 68 | J14: =IF(L14>0,L14,0) -> 0 | K14: =I14+J14 -> 68 | L14: =F14-(I14-X14) -> -37.808495 | M14: 4.1 | N14: 0 | O14: 0 | P14: =M14-(N14+O14) -> 4.1 | Q14: 0 | R14: 0 | S14: =SUM(P14:R14) -> 4.1 | U14: 0 | V14: 15 | W14: =W13-V14 -> 1940 | X14: =N14+O14+S14+U14+V14 -> 19.1 | Y14: =IF(L14<0,L14*-1,0) -> 37.808495 | Z14: =X14+Y14 -> 56.908495 | AA14: 0 | AB14: 42 | AC14: 24
A15: =A14+1 -> 4 | B15: 6857.98 | C15: 158518 | D15: =C15-C14 -> 44 | E15: =C15-152000 -> 6518 | F15: =D15/$D$2 -> 22.18301 | G15: 71 | H15: 0 | I15: =G15+H15 -> 71 | J15: =IF(L15>0,L15,0) -> 0 | K15: =I15+J15 -> 71 | L15: =F15-(I15-X15) -> -29.71699 | M15: 4.1 | N15: 0 | O15: 0 | P15: =M15-(N15+O15) -> 4.1 | Q15: 0 | R15: 0 | S15: =SUM(P15:R15) -> 4.1 | U15: 0 | V15: 15 | W15: =W14-V15 -> 1925 | X15: =N15+O15+S15+U15+V15 -> 19.1 | Y15: =IF(L15<0,L15*-1,0) -> 29.71699 | Z15: =X15+Y15 -> 48.81699 | AA15: 0 | AB15: 44 | AC15: 19
A16: =A15+1 -> 5 | B16: 9858 | C16: 158563 | D16: =C16-C15 -> 45 | E16: =C16-152000 -> 6563 | F16: =D16/$D$2 -> 22.687169 | G16: 60 | H16: 0 | I16: =G16+H16 -> 60 | J16: =IF(L16>0,L16,0) -> 0 | K16: =I16+J16 -> 60 | L16: =F16-(I16-X16) -> -18.212831 | M16: 4.1 | N16: 0 | O16: 0 | P16: =M16-(N16+O16) -> 4.1 | Q16: 0 | R16: 0 | S16: =SUM(P16:R16) -> 4.1 | U16: 0 | V16: 15 | W16: =W15-V16 -> 1910 | X16: =N16+O16+S16+U16+V16 -> 19.1 | Y16: =IF(L16<0,L16*-1,0) -> 18.212831 | Z16: =X16+Y16 -> 37.312831 | AA16: 0 | AB16: 46 | AC16: 20
A17: =A16+1 -> 6 | B17: 6858.02 | C17: 158608 | D17: =C17-C16 -> 45 | E17: =C17-152000 -> 6608 | F17: =D17/$D$2 -> 22.687169 | G17: 59 | H17: 0 | I17: =G17+H17 -> 59 | J17: =IF(L17>0,L17,0) -> 0 | K17: =I17+J17 -> 59 | L17: =F17-(I17-X17) -> -17.212831 | M17: 4.1 | N17: 0 | O17: 0 | P17: =M17-(N17+O17) -> 4.1 | Q17: 0 | R17: 0 | S17: =SUM(P17:R17) -> 4.1 | U17: 0 | V17: 15 | W17: =W16-V17 -> 1895 | X17: =N17+O17+S17+U17+V17 -> 19.1 | Y17: =IF(L17<0,L17*-1,0) -> 17.212831 | Z17: =X17+Y17 -> 36.312831 | AA17: 0 | AB17: 44 | AC17: 19
A18: =A17+1 -> 7 | B18: 6858.04 | C18: 158652 | D18: =C18-C17 -> 44 | E18: =C18-152000 -> 6652 | F18: =D18/$D$2 -> 22.18301 | G18: 55 | H18: 0 | I18: =G18+H18 -> 55 | J18: =IF(L18>0,L18,0) -> 0 | K18: =I18+J18 -> 55 | L18: =F18-(I18-X18) -> -13.71699 | M18: 4.1 | N18: 0 | O18: 0 | P18: =M18-(N18+O18) -> 4.1 | Q18: 0 | R18: 0 | S18: =SUM(P18:R18) -> 4.1 | U18: 0 | V18: 15 | W18: =W17-V18 -> 1880 | X18: =N18+O18+S18+U18+V18 -> 19.1 | Y18: =IF(L18<0,L18*-1,0) -> 13.71699 | Z18: =X18+Y18 -> 32.81699 | AA18: 0 | AB18: 45 | AC18: 18
A19: =A18+1 -> 8 | B19: 6858.05 | C19: 158675 | D19: =C19-C18 -> 23 | E19: =C19-152000 -> 6675 | F19: =D19/$D$2 -> 11.595664 | G19: 36 | H19: 0 | I19: =G19+H19 -> 36 | J19: =IF(L19>0,L19,0) -> 0 | K19: =I19+J19 -> 36 | L19: =F19-(I19-X19) -> -5.3043358 | M19: 4.1 | N19: 0 | O19: 0 | P19: =M19-(N19+O19) -> 4.1 | Q19: 0 | R19: 0 | S19: =SUM(P19:R19) -> 4.1 | U19: 0 | V19: 15 | W19: =W18-V19 -> 1865 | X19: =N19+O19+S19+U19+V19 -> 19.1 | Y19: =IF(L19<0,L19*-1,0) -> 5.3043358 | Z19: =X19+Y19 -> 24.404336 | AA19: 0 | AB19: 41 | AC19: 20
A20: =A19+1 -> 9 | B20: 6858.05 | C20: 158675 | D20: =C20-C19 -> 0 | E20: =C20-152000 -> 6675 | F20: =D20/$D$2 -> 0 | G20: 29 | H20: 0 | I20: =G20+H20 -> 29 | J20: =IF(L20>0,L20,0) -> 0 | K20: =I20+J20 -> 29 | L20: =F20-(I20-X20) -> -9.9 | M20: 4.1 | N20: 0 | O20: 0 | P20: =M20-(N20+O20) -> 4.1 | Q20: 0 | R20: 0 | S20: =SUM(P20:R20) -> 4.1 | U20: 0 | V20: 15 | W20: =W19-V20 -> 1850 | X20: =N20+O20+S20+U20+V20 -> 19.1 | Y20: =IF(L20<0,L20*-1,0) -> 9.9 | Z20: =X20+Y20 -> 29 | AA20: 0 | AB20: 43 | AC20: 18
A21: =A20+1 -> 10 | B21: 6858.06 | C21: 158697 | D21: =C21-C20 -> 22 | E21: =C21-152000 -> 6697 | F21: =D21/$D$2 -> 11.091505 | G21: 33 | H21: 0 | I21: =G21+H21 -> 33 | J21: =IF(L21>0,L21,0) -> 0 | K21: =I21+J21 -> 33 | L21: =F21-(I21-X21) -> -2.8084951 | M21: 4.1 | N21: 0 | O21: 0 | P21: =M21-(N21+O21) -> 4.1 | Q21: 0 | R21: 0 | S21: =SUM(P21:R21) -> 4.1 | U21: 0 | V21: 15 | W21: =W20-V21 -> 1835 | X21: =N21+O21+S21+U21+V21 -> 19.1 | Y21: =IF(L21<0,L21*-1,0) -> 2.8084951 | Z21: =X21+Y21 -> 21.908495 | AA21: 0 | AB21: 47 | AC21: 19
A22: =A21+1 -> 11 | B22: 6858.07 | C22: 158720 | D22: =C22-C21 -> 23 | E22: =C22-152000 -> 6720 | F22: =D22/$D$2 -> 11.595664 | G22: 28 | H22: 0 | I22: =G22+H22 -> 28 | J22: =IF(L22>0,L22,0) -> 2.6956642 | K22: =I22+J22 -> 30.695664 | L22: =F22-(I22-X22) -> 2.6956642 | M22: 4.1 | N22: 0 | O22: 0 | P22: =M22-(N22+O22) -> 4.1 | Q22: 0 | R22: 0 | S22: =SUM(P22:R22) -> 4.1 | U22: 0 | V22: 15 | W22: =W21-V22 -> 1820 | X22: =N22+O22+S22+U22+V22 -> 19.1 | Y22: =IF(L22<0,L22*-1,0) -> 0 | Z22: =X22+Y22 -> 19.1 | AA22: 0 | AB22: 46 | AC22: 18
A23: =A22+1 -> 12 | B23: 6858.08 | C23: 158742 | D23: =C23-C22 -> 22 | E23: =C23-152000 -> 6742 | F23: =D23/$D$2 -> 11.091505 | G23: 25 | H23: 0 | I23: =G23+H23 -> 25 | J23: =IF(L23>0,L23,0) -> 5.1715049 | K23: =I23+J23 -> 30.171505 | L23: =F23-(I23-X23) -> 5.1715049 | M23: 4.1 | N23: 0 | O23: 0 | P23: =M23-(N23+O23) -> 4.1 | Q23: 0 | R23: 0 | S23: =SUM(P23:R23) -> 4.1 | U23: 0 | V23: 14.98 | W23: =W22-V23 -> 1805.02 | X23: =N23+O23+S23+U23+V23 -> 19.08 | Y23: =IF(L23<0,L23*-1,0) -> 0 | Z23: =X23+Y23 -> 19.08 | AA23: 0 | AB23: 48 | AC23: 18
A24: =A23+1 -> 13 | B24: 6858.09 | C24: 158764 | D24: =C24-C23 -> 22 | E24: =C24-152000 -> 6764 | F24: =D24/$D$2 -> 11.091505 | G24: 34 | H24: 0 | I24: =G24+H24 -> 34 | J24: =IF(L24>0,L24,0) -> 0 | K24: =I24+J24 -> 34 | L24: =F24-(I24-X24) -> -3.9084951 | M24: 4 | N24: 0 | O24: 0 | P24: =M24-(N24+O24) -> 4 | Q24: 0 | R24: 0 | S24: =SUM(P24:R24) -> 4 | U24: 0 | V24: 15 | W24: =W23-V24 -> 1790.02 | X24: =N24+O24+S24+U24+V24 -> 19 | Y24: =IF(L24<0,L24*-1,0) -> 3.9084951 | Z24: =X24+Y24 -> 22.908495 | AA24: 0 | AB24: 46 | AC24: 18
... A40: =A39+1 -> 29 | B40: 6858.38 | C40: 159414 | D40: =C40-C39 -> 45 | E40: =C40-152000 -> 7414 | F40: =D40/$D$2 -> 22.687169 | G40: 20 | H40: 0 | I40: =G40+H40 -> 20 | J40: =IF(L40>0,L40,0) -> 20.087169 | K40: =I40+J40 -> 40.087169 | L40: =F40-(I40-X40) -> 20.087169 | M40: 3.4 | N40: 0 | O40: 0 | P40: =M40-(N40+O40) -> 3.4 | Q40: 0 | R40: 0 | S40: =SUM(P40:R40) -> 3.4 | U40: 0 | V40: 14 | W40: =W39-V40 -> 1557.12 | X40: =N40+O40+S40+U40+V40 -> 17.4 | Y40: =IF(L40<0,L40*-1,0) -> 0 | Z40: =X40+Y40 -> 17.4 | AA40: 0 | AB40: 35 | AC40: 20
A41: 30 | B41: 6858.39 | C41: 159436 | D41: =C41-C40 -> 22 | E41: =C41-152000 -> 7436 | F41: =D41/$D$2 -> 11.091505 | G41: 20 | H41: 0 | I41: =G41+H41 -> 20 | J41: =IF(L41>0,L41,0) -> 8.4915049 | K41: =I41+J41 -> 28.491505 | L41: =F41-(I41-X41) -> 8.4915049 | M41: 3.4 | N41: 0 | O41: 0 | P41: =M41-(N41+O41) -> 3.4 | Q41: 0 | R41: 0 | S41: =SUM(P41:R41) -> 3.4 | U41: 0 | V41: 14 | W41: =W40-V41 -> 1543.12 | X41: =N41+O41+S41+U41+V41 -> 17.4 | Y41: =IF(L41<0,L41*-1,0) -> 0 | Z41: =X41+Y41 -> 17.4 | AA41: 0.1 | AB41: 37 | AC41: 14
A42: 31 | B42: 6858.4 | C42: 159459 | D42: =C42-C41 -> 23 | E42: =C42-152000 -> 7459 | F42: =D42/$D$2 -> 11.595664 | G42: 21 | H42: 0 | I42: =G42+H42 -> 21 | J42: =IF(L42>0,L42,0) -> 8.0956642 | K42: =I42+J42 -> 29.095664 | L42: =F42-(I42-X42) -> 8.0956642 | M42: 3.5 | N42: 0 | O42: 0 | P42: =M42-(N42+O42) -> 3.5 | Q42: 0 | R42: 0 | S42: =SUM(P42:R42) -> 3.5 | U42: 0 | V42: 14 | W42: =W41-V42 -> 1529.12 | X42: =N42+O42+S42+U42+V42 -> 17.5 | Y42: =IF(L42<0,L42*-1,0) -> 0 | Z42: =X42+Y42 -> 17.5 | AA42: 0 | AB42: 36 | AC42: 13
A44: MONTH / CFS | F44: =SUM(F12:F42) -> 563.65011 | G44: =SUM(G12:G42) -> 1133 | H44: =SUM(H12:H42) -> 0 | I44: =SUM(I12:I42) -> 1133 | J44: =SUM(J12:J42) -> 206.48789 | K44: =SUM(K12:K42) -> 1339.4879 | L44: =SUM(L12:L42) -> 4.3301134 | M44: =SUM(M12:M42) -> 117.8 | ... S44: =SUM(S12:S42) -> 117.8 | U44: =SUM(U12:U42) -> 0 | V44: =SUM(V12:V42) -> 455.88 | X44: =SUM(X12:X42) -> 573.68 | Y44: =SUM(Y12:Y42) -> 202.15778 | Z44: =SUM(Z12:Z42) -> 775.83778 | AA44: =SUM(AA12:AA42) -> 0.82 | AB44: =AVERAGE(AB12:AB42) -> 37.870968 | AC44: =AVERAGE(AC12:AC42) -> 16.774194 | AD44: Avg
A45: MONTH / AF | D45: =SUM(D12:D42) -> 1118 | F45: =F44*$D$2 -> 1118 | G45: =G44*$D$2 -> 2247.3055 | H45: =H44*$D$2 -> 0 | I45: =I44*$D$2 -> 2247.3055 | J45: =J44*$D$2 -> 409.56873 | K45: =K44*$D$2 -> 2656.8742 | L45: =L44*$D$2 -> 8.58878 | M45: =M44*$D$2 -> 233.6563 | ... S45: =S44*$D$2 -> 233.6563 | U45: =U44*$D$2 -> 0 | V45: =V44*$D$2 -> 904.23798 | X45: =X44*$D$2 -> 1137.8943 | Y45: =Y44*$D$2 -> 400.97995 | Z45: =Z44*$D$2 -> 1538.8742 | AB45: =MAX(AB12:AB42) -> 51 | AC45: =MAX(AC12:AC42) -> 29 | AD45: HI
A47: SEASON / CFS | AB47: =MIN(AB12:AB42) -> 9 | AC47: =MIN(AC12:AC42) -> 4 | AD47: LO
A48: SEASON / AF
A50: YTD / CFS | F50: =F10+F44 -> 1458.0287 | G50: =G10+G44 -> 2992 | H50: =H10+H44 -> 0 | I50: =I10+I44 -> 2992 | J50: =J10+J44 -> 273.83684 | K50: =K10+K44 -> 3265.8368 | L50: =L10+L44 -> -213.19126 | M50: =M10+M44 -> 326.9 | ... S50: =S10+S44 -> 439.9 | U50: =U10+U44 -> 0 | V50: =V10+V44 -> 880.88 | W50: =W42 -> 1529.12 | X50: =X10+X44 -> 1320.78 | Y50: =Y10+Y44 -> 487.02811 | Z50: =Z10+Z44 -> 1807.8081 | AA50: =AA10+AA44 -> 2.05
A51: YTD / AF | D51: =D10+D45 -> 2892 | E51: =E42 -> 7459 | F51: =F50*$D$2 -> 2892 | G51: =G50*$D$2 -> 5934.632 | H51: =H50*$D$2 -> 0 | I51: =I50*$D$2 -> 5934.632 | J51: =J50*$D$2 -> 543.15538 | K51: =K50*$D$2 -> 6477.7874 | L51: =L50*$D$2 -> -422.86487 | M51: =M50*$D$2 -> 648.40615 | ... Z51: =Z50*$D$2 -> 3585.7874

Sheet JAN
K1: MCPHEE RESERVOIR INFLOW/OUTFLOW TABULATION
A2: AF/cfs CONVERT FACTOR | D2: 1.9835 | K2: JANUARY "2003"
D4: RESERVOIR | Q4: INFLOW/OUTFLOW (CFS) | AB4: WEATHER
A5: DATE | B5: RESERV | C5: RESERV | D5: AC FT | E5: ACTIVE | F5: CONV TO | G5: DOLORES | H5: LOST | I5: RECORDED | J5: CALC | K5: TOTAL | L5: CALC | M5: DOLORES TUNNEL | Q5: LONE | R5: U | S5: TOTAL | T5: MVI | U5: DV CR | V5: BELOW | W5: REMAIN | X5: RECORDED | Y5: CALC | Z5: TOTAL | AA5: RAIN | AB5: MAX | AC5: MIN | AD5: NAR | AE5: MVI
A6: "JAN" | B6: ELEV | C6: AC FT | D6: CHANGE | E6: CAP | F6: CFS | G6: RIVER | H6: CANYON | I6: INFLOW | J6: INFLOW | K6: INFLOW | L6: INF/OTF | M6: TOT DIV | N6: SWAMP | O6: UTE F&R | P6: MVI,CTZ | Q6: PINE | R6: LAT | S6: MVI | T6: CALL | U6: CANAL | V6: MCPHEE | W6: RELEASE | X6: OUTFLOW | Y6: OUTFLOW | Z6: OUTFLOW | AB6: TMP | AC6: TMP | AD6: CALL | AE6: CALL
E7: AC FT | T7: & PROJ. | AB7: NOV-OCT | AE7: Apr-Jun
A9: SEASON BAL
A10: YTD | B10: =DEC!B42 -> 6858.4 | C10: =DEC!C42 -> 159459 | D10: =DEC!$D$51 -> 2892 | E10: =DEC!$E$42 -> 7459 | F10: =DEC!F50 -> 1458.0287 | G10: =DEC!G50 -> 2992 | H10: =DEC!H50 -> 0 | I10: =DEC!I50 -> 2992 | J10: =DEC!J50 -> 273.83684 | K10: =DEC!K50 -> 3265.8368 | L10: =DEC!L50 -> -213.19126 | M10: =DEC!M50 -> 326.9 | ... AA10: =DEC!AA50 -> 2.05
A12: 1 | B12: 6858.41 | C12: 159481 | D12: =C12-C10 -> 22 | E12: =C12-152000 -> 7481 | F12: =D12/$D$2 -> 11.091505 | G12: 22 | H12: 0 | I12: =G12+H12 -> 22 | J12: =IF(L12>0,L12,0) -> 7.5915049 | K12: =I12+J12 -> 29.591505 | L12: =F12-(I12-X12) -> 7.5915049 | M12: 4.5 | N12: 0 | O12: 0 | P12: =M12-(N12+O12) -> 4.5 | Q12: 0 | R12: 0 | S12: =SUM(P12:R12) -> 4.5 | U12: 0 | V12: 14 | W12: =W10-V12 -> 1515.12 | X12: =N12+O12+S12+U12+V12 -> 18.5 | Y12: =IF(L12<0,L12*-1,0) -> 0 | Z12: =X12+Y12 -> 18.5 | AA12: 0 | AB12: 37 | AC12: 16
A13: =A12+1 -> 2 | B13: 6858.42 | C13: 159504 | D13: =C13-C12 -> 23 | E13: =C13-152000 -> 7504 | F13: =D13/$D$2 -> 11.595664 | G13: 24 | H13: 0 | I13: =G13+H13 -> 24 | J13: =IF(L13>0,L13,0) -> 6.7956642 | K13: =I13+J13 -> 30.795664 | L13: =F13-(I13-X13) -> 6.7956642 | M13: 5.2 | N13: 0 | O13: 0 | P13: =M13-(N13+O13) -> 5.2 | Q13: 0 | R13: 0 | S13: =SUM(P13:R13) -> 5.2 | U13: 0 | V13: 14 | W13: =W12-V13 -> 1501.12 | X13: =N13+O13+S13+U13+V13 -> 19.2 | Y13: =IF(L13<0,L13*-1,0) -> 0 | Z13: =X13+Y13 -> 19.2 | AA13: 0 | AB13: 46 | AC13: 10
A14: =A13+1 -> 3 | B14: 6858.43 | C14: 159526 | D14: =C14-C13 -> 22 | E14: =C14-152000 -> 7526 | F14: =D14/$D$2 -> 11.091505 | G14: 34 | H14: 0 | I14: =G14+H14 -> 34 | J14: =IF(L14>0,L14,0) -> 0 | K14: =I14+J14 -> 34 | L14: =F14-(I14-X14) -> -3.9084951 | M14: 5 | N14: 0 | O14: 0 | P14: =M14-(N14+O14) -> 5 | Q14: 0 | R14: 0 | S14: =SUM(P14:R14) -> 5 | U14: 0 | V14: 14 | W14: =W13-V14 -> 1487.12 | X14: =N14+O14+S14+U14+V14 -> 19 | Y14: =IF(L14<0,L14*-1,0) -> 3.9084951 | Z14: =X14+Y14 -> 22.908495 | AA14: 0 | AB14: 46 | AC14: 16
A15: =A14+1 -> 4 | B15: 6858.44 | C15: 159548 | D15: =C15-C14 -> 22 | E15: =C15-152000 -> 7548 | F15: =D15/$D$2 -> 11.091505 | G15: 38 | H15: 0 | I15: =G15+H15 -> 38 | J15: =IF(L15>0,L15,0) -> 0 | K15: =I15+J15 -> 38 | L15: =F15-(I15-X15) -> -7.4084951 | M15: 5.5 | N15: 0 | O15: 0 | P15: =M15-(N15+O15) -> 5.5 | Q15: 0 | R15: 0 | S15: =SUM(P15:R15) -> 5.5 | U15: 0 | V15: 14 | W15: =W14-V15 -> 1473.12 | X15: =N15+O15+S15+U15+V15 -> 19.5 | Y15: =IF(L15<0,L15*-1,0) -> 7.4084951 | Z15: =X15+Y15 -> 26.908495 | AA15: 0 | AB15: 47 | AC15: 21
A16: =A15+1 -> 5 | B16: 6858.45 | C16: 159571 | D16: =C16-C15 -> 23 | E16: =C16-152000 -> 7571 | F16: =D16/$D$2 -> 11.595664 | G16: 25 | H16: 0 | I16: =G16+H16 -> 25 | J16: =IF(L16>0,L16,0) -> 4.4956642 | K16: =I16+J16 -> 29.495664 | L16: =F16-(I16-X16) -> 4.4956642 | M16: 3.9 | N16: 0 | O16: 0 | P16: =M16-(N16+O16) -> 3.9 | Q16: 0 | R16: 0 | S16: =SUM(P16:R16) -> 3.9 | U16: 0 | V16: 14 | W16: =W15-V16 -> 1459.12 | X16: =N16+O16+S16+U16+V16 -> 17.9 | Y16: =IF(L16<0,L16*-1,0) -> 0 | Z16: =X16+Y16 -> 17.9 | AA16: 0 | AB16: 44 | AC16: 22
A17: =A16+1 -> 6 | B17: 6858.47 | C17: 159616 | D17: =C17-C16 -> 45 | E17: =C17-152000 -> 7616 | F17: =D17/$D$2 -> 22.687169 | G17: 27 | H17: 0 | I17: =G17+H17 -> 27 | J17: =IF(L17>0,L17,0) -> 13.387169 | K17: =I17+J17 -> 40.387169 | L17: =F17-(I17-X17) -> 13.387169 | M17: 3.7 | N17: 0 | O17: 0 | P17: =M17-(N17+O17) -> 3.7 | Q17: 0 | R17: 0 | S17: =SUM(P17:R17) -> 3.7 | U17: 0 | V17: 14 | W17: =W16-V17 -> 1445.12 | X17: =N17+O17+S17+U17+V17 -> 17.7 | Y17: =IF(L17<0,L17*-1,0) -> 0 | Z17: =X17+Y17 -> 17.7 | AA17: 0 | AB17: 46 | AC17: 29
A18: =A17+1 -> 7 | B18: 6858.49 | C18: 159660 | D18: =C18-C17 -> 44 | E18: =C18-152000 -> 7660 | F18: =D18/$D$2 -> 22.18301 | G18: 37 | H18: 0 | I18: =G18+H18 -> 37 | J18: =IF(L18>0,L18,0) -> 2.8830098 | K18: =I18+J18 -> 39.88301 | L18: =F18-(I18-X18) -> 2.8830098 | M18: 3.7 | N18: 0 | O18: 0 | P18: =M18-(N18+O18) -> 3.7 | Q18: 0 | R18: 0 | S18: =SUM(P18:R18) -> 3.7 | U18: 0 | V18: 14 | W18: =W17-V18 -> 1431.12 | X18: =N18+O18+S18+U18+V18 -> 17.7 | Y18: =IF(L18<0,L18*-1,0) -> 0 | Z18: =X18+Y18 -> 17.7 | AA18: 0 | AB18: 50 | AC18: 21
A19: =A18+1 -> 8 | B19: 6858.51 | C19: 159705 | D19: =C19-C18 -> 45 | E19: =C19-152000 -> 7705 | F19: =D19/$D$2 -> 22.687169 | G19: 35 | H19: 0 | I19: =G19+H19 -> 35 | J19: =IF(L19>0,L19,0) -> 5.3871691 | K19: =I19+J19 -> 40.387169 | L19: =F19-(I19-X19) -> 5.3871691 | M19: 3.7 | N19: 0 | O19: 0 | P19: =M19-(N19+O19) -> 3.7 | Q19: 0 | R19: 0 | S19: =SUM(P19:R19) -> 3.7 | U19: 0 | V19: 14 | W19: =W18-V19 -> 1417.12 | X19: =N19+O19+S19+U19+V19 -> 17.7 | Y19: =IF(L19<0,L19*-1,0) -> 0 | Z19: =X19+Y19 -> 17.7 | AA19: 0 | AB19: 52 | AC19: 20
A20: =A19+1 -> 9 | B20: 6858.54 | C20: 159772 | D20: =C20-C19 -> 67 | E20: =C20-152000 -> 7772 | F20: =D20/$D$2 -> 33.778674 | G20: 40 | H20: 0 | I20: =G20+H20 -> 40 | J20: =IF(L20>0,L20,0) -> 12.478674 | K20: =I20+J20 -> 52.478674 | L20: =F20-(I20-X20) -> 12.478674 | M20: 3.7 | N20: 0 | O20: 0 | P20: =M20-(N20+O20) -> 3.7 | Q20: 0 | R20: 0 | S20: =SUM(P20:R20) -> 3.7 | U20: 0 | V20: 15 | W20: =W19-V20 -> 1402.12 | X20: =N20+O20+S20+U20+V20 -> 18.7 | Y20: =IF(L20<0,L20*-1,0) -> 0 | Z20: =X20+Y20 -> 18.7 | AA20: 0.04 | AB20: 38 | AC20: 27
A21: =A20+1 -> 10 | B21: 6858.56 | C21: 159817 | D21: =C21-C20 -> 45 | E21: =C21-152000 -> 7817 | F21: =D21/$D$2 -> 22.687169 | G21: 44 | H21: 0 | I21: =G21+H21 -> 44 | J21: =IF(L21>0,L21,0) -> 0 | K21: =I21+J21 -> 44 | L21: =F21-(I21-X21) -> -3.6128309 | M21: 3.7 | N21: 0 | O21: 0 | P21: =M21-(N21+O21) -> 3.7 | Q21: 0 | R21: 0 | S21: =SUM(P21:R21) -> 3.7 | U21: 0 | V21: 14 | W21: =W20-V21 -> 1388.12 | X21: =N21+O21+S21+U21+V21 -> 17.7 | Y21: =IF(L21<0,L21*-1,0) -> 3.6128309 | Z21: =X21+Y21 -> 21.312831 | AA21: 0 | AB21: 41 | AC21: 31
A22: =A21+1 -> 11 | B22: 6858.62 | C22: 159952 | D22: =C22-C21 -> 135 | E22: =C22-152000 -> 7952 | F22: =D22/$D$2 -> 68.061507 | G22: 27 | H22: 0 | I22: =G22+H22 -> 27 | J22: =IF(L22>0,L22,0) -> 58.761507 | K22: =I22+J22 -> 85.761507 | L22: =F22-(I22-X22) -> 58.761507 | M22: 3.7 | N22: 0 | O22: 0 | P22: =M22-(N22+O22) -> 3.7 | Q22: 0 | R22: 0 | S22: =SUM(P22:R22) -> 3.7 | U22: 0 | V22: 14 | W22: =W21-V22 -> 1374.12 | X22: =N22+O22+S22+U22+V22 -> 17.7 | Y22: =IF(L22<0,L22*-1,0) -> 0 | Z22: =X22+Y22 -> 17.7 | AA22: 0.18 | AB22: 38 | AC22: 18
A23: =A22+1 -> 12 | B23: 6858.64 | C23: 159995 | D23: =C23-C22 -> 43 | E23: =C23-152000 -> 7995 | F23: =D23/$D$2 -> 21.678851 | G23: 16 | H23: 0 | I23: =G23+H23 -> 16 | J23: =IF(L23>0,L23,0) -> 23.378851 | K23: =I23+J23 -> 39.378851 | L23: =F23-(I23-X23) -> 23.378851 | M23: 3.7 | N23: 0 | O23: 0 | P23: =M23-(N23+O23) -> 3.7 | Q23: 0 | R23: 0 | S23: =SUM(P23:R23) -> 3.7 | U23: 0 | V23: 14 | W23: =W22-V23 -> 1360.12 | X23: =N23+O23+S23+U23+V23 -> 17.7 | Y23: =IF(L23<0,L23*-1,0) -> 0 | Z23: =X23+Y23 -> 17.7 | AA23: 0 | AB23: 42 | AC23: 15
A24: 13 | B24: 6858.65 | C24: 160019 | D24: =C24-C23 -> 24 | E24: =C24-152000 -> 8019 | F24: =D24/$D$2 -> 12.099824 | G24: 25 | H24: 0 | I24: =G24+H24 -> 25 | J24: =IF(L24>0,L24,0) -> 5.1998235 | K24: =I24+J24 -> 30.199824 | L24: =F24-(I24-X24) -> 5.1998235 | M24: 4.1 | N24: 0 | O24: 0 | P24: =M24-(N24+O24) -> 4.1 | Q24: 0 | R24: 0 | S24: =SUM(P24:R24) -> 4.1 | U24: 0 | V24: 14 | W24: =W23-V24 -> 1346.12 | X24: =N24+O24+S24+U24+V24 -> 18.1 | Y24: =IF(L24<0,L24*-1,0) -> 0 | Z24: =X24+Y24 -> 18.1 | AA24: 0 | AB24: 46 | AC24: 15
A25: =A24+1 -> 14 | B25: 6858.66 | C25: 160041 | D25: =C25-C24 -> 22 | E25: =C25-152000 -> 8041 | F25: =D25/$D$2 -> 11.091505 | G25: 36 | H25: 0 | I25: =G25+H25 -> 36 | J25: =IF(L25>0,L25,0) -> 0 | K25: =I25+J25 -> 36 | L25: =F25-(I25-X25) -> -6.1084951 | M25: 4.8 | N25: 0 | O25: 0 | P25: =M25-(N25+O25) -> 4.8 | Q25: 0 | R25: 0 | S25: =SUM(P25:R25) -> 4.8 | U25: 0 | V25: 14 | W25: =W24-V25 -> 1332.12 | X25: =N25+O25+S25+U25+V25 -> 18.8 | Y25: =IF(L25<0,L25*-1,0) -> 6.1084951 | Z25: =X25+Y25 -> 24.908495 | AA25: 0 | AB25: 50 | AC25: 22
A26: =A25+1 -> 15 | B26: 6858.67 | C26: 160064 | D26: =C26-C25 -> 23 | E26: =C26-152000 -> 8064 | F26: =D26/$D$2 -> 11.595664 | G26: 41 | H26: 0 | I26: =G26+H26 -> 41 | J26: =IF(L26>0,L26,0) -> 0 | K26: =I26+J26 -> 41 | L26: =F26-(I26-X26) -> -11.904336 | M26: 3.5 | N26: 0 | O26: 0 | P26: =M26-(N26+O26) -> 3.5 | Q26: 0 | R26: 0 | S26: =SUM(P26:R26) -> 3.5 | U26: 0 | V26: 14 | W26: =W25-V26 -> 1318.12 | X26: =N26+O26+S26+U26+V26 -> 17.5 | Y26: =IF(L26<0,L26*-1,0) -> 11.904336 | Z26: =X26+Y26 -> 29.404336 | AA26: 0 | AB26: 44 | AC26: 24
A27: =A26+1 -> 16 | B27: 6858.68 | C27: 160086 | D27: =C27-C26 -> 22 | E27: =C27-152000 -> 8086 | F27: =D27/$D$2 -> 11.091505 | G27: 34 | H27: 0 | I27: =G27+H27 -> 34 | J27: =IF(L27>0,L27,0) -> 0 | K27: =I27+J27 -> 34 | L27: =F27-(I27-X27) -> -5.2084951 | M27: 3.7 | N27: 0 | O27: 0 | P27: =M27-(N27+O27) -> 3.7 | Q27: 0 | R27: 0 | S27: =SUM(P27:R27) -> 3.7 | U27: 0 | V27: 14 | W27: =W26-V27 -> 1304.12 | X27: =N27+O27+S27+U27+V27 -> 17.7 | Y27: =IF(L27<0,L27*-1,0) -> 5.2084951 | Z27: =X27+Y27 -> 22.908495 | AA27: 0 | AB27: 46 | AC27: 20
A28: =A27+1 -> 17 | B28: 6858.69 | C28: 160109 | D28: =C28-C27 -> 23 | E28: =C28-152000 -> 8109 | F28: =D28/$D$2 -> 11.595664 | G28: 32 | H28: 0 | I28: =G28+H28 -> 32 | J28: =IF(L28>0,L28,0) -> 0 | K28: =I28+J28 -> 32 | L28: =F28-(I28-X28) -> -1.1043358 | M28: 5.3 | N28: 0 | O28: 0 | P28: =M28-(N28+O28) -> 5.3 | Q28: 0 | R28: 0 | S28: =SUM(P28:R28) -> 5.3 | U28: 0 | V28: 14 | W28: =W27-V28 -> 1290.12 | X28: =N28+O28+S28+U28+V28 -> 19.3 | Y28: =IF(L28<0,L28*-1,0) -> 1.1043358 | Z28: =X28+Y28 -> 20.404336 | AA28: 0 | AB28: 45 | AC28: 22
A29: =A28+1 -> 18 | B29: 6858.7 | C29: 160131 | D29: =C29-C28 -> 22 | E29: =C29-152000 -> 8131 | F29: =D29/$D$2 -> 11.091505 | G29: 20 | H29: 0 | I29: =G29+H29 -> 20 | J29: =IF(L29>0,L29,0) -> 12.591505 | K29: =I29+J29 -> 32.591505 | L29: =F29-(I29-X29) -> 12.591505 | M29: 7.5 | N29: 0 | O29: 0 | P29: =M29-(N29+O29) -> 7.5 | Q29: 0 | R29: 0 | S29: =SUM(P29:R29) -> 7.5 | U29: 0 | V29: 14 | W29: =W28-V29 -> 1276.12 | X29: =N29+O29+S29+U29+V29 -> 21.5 | Y29: =IF(L29<0,L29*-1,0) -> 0 | Z29: =X29+Y29 -> 21.5 | AA29: 0 | AB29: 47 | AC29: 18
A30: =A29+1 -> 19 | B30: 6858.72 | C30: 160176 | D30: =C30-C29 -> 45 | E30: =C30-152000 -> 8176 | F30: =D30/$D$2 -> 22.687169 | G30: 21 | H30: 0 | I30: =G30+H30 -> 21 | J30: =IF(L30>0,L30,0) -> 23.187169 | K30: =I30+J30 -> 44.187169 | L30: =F30-(I30-X30) -> 23.187169 | M30: 7.5 | N30: 0 | O30: 0 | P30: =M30-(N30+O30) -> 7.5 | Q30: 0 | R30: 0 | S30: =SUM(P30:R30) -> 7.5 | U30: 0 | V30: 14 | W30: =W29-V30 -> 1262.12 | X30: =N30+O30+S30+U30+V30 -> 21.5 | Y30: =IF(L30<0,L30*-1,0) -> 0 | Z30: =X30+Y30 -> 21.5 | AA30: 0 | AB30: 50 | AC30: 20
A31: =A30+1 -> 20 | B31: 6858.74 | C31: 160221 | D31: =C31-C30 -> 45 | E31: =C31-152000 -> 8221 | F31: =D31/$D$2 -> 22.687169 | G31: 21 | H31: 0 | I31: =G31+H31 -> 21 | J31: =IF(L31>0,L31,0) -> 24.387169 | K31: =I31+J31 -> 45.387169 | L31: =F31-(I31-X31) -> 24.387169 | M31: 8.7 | N31: 0 | O31: 0 | P31: =M31-(N31+O31) -> 8.7 | Q31: 0 | R31: 0 | S31: =SUM(P31:R31) -> 8.7 | U31: 0 | V31: 14 | W31: =W30-V31 -> 1248.12 | X31: =N31+O31+S31+U31+V31 -> 22.7 | Y31: =IF(L31<0,L31*-1,0) -> 0 | Z31: =X31+Y31 -> 22.7 | AA31: 0 | AB31: 51 | AC31: 24
A32: =A31+1 -> 21 | B32: 6858.75 | C32: 160243 | D32: =C32-C31 -> 22 | E32: =C32-152000 -> 8243 | F32: =D32/$D$2 -> 11.091505 | G32: 30 | H32: 0 | I32: =G32+H32 -> 30 | J32: =IF(L32>0,L32,0) -> 5.9915049 | K32: =I32+J32 -> 35.991505 | L32: =F32-(I32-X32) -> 5.9915049 | M32: 9.9 | N32: 0 | O32: 0 | P32: =M32-(N32+O32) -> 9.9 | Q32: 0 | R32: 0 | S32: =SUM(P32:R32) -> 9.9 | U32: 0 | V32: 15 | W32: =W31-V32 -> 1233.12 | X32: =N32+O32+S32+U32+V32 -> 24.9 | Y32: =IF(L32<0,L32*-1,0) -> 0 | Z32: =X32+Y32 -> 24.9 | AA32: 0 | AB32: 49 | AC32: 23
A33: =A32+1 -> 22 | B33: 6858.76 | C33: 160265 | D33: =C33-C32 -> 22 | E33: =C33-152000 -> 8265 | F33: =D33/$D$2 -> 11.091505 | G33: 37 | H33: 0 | I33: =G33+H33 -> 37 | J33: =IF(L33>0,L33,0) -> 0 | K33: =I33+J33 -> 37 | L33: =F33-(I33-X33) -> -3.4084951 | M33: 8.5 | N33: 0 | O33: 0 | P33: =M33-(N33+O33) -> 8.5 | Q33: 0 | R33: 0 | S33: =SUM(P33:R33) -> 8.5 | U33: 0 | V33: 14 | W33: =W32-V33 -> 1219.12 | X33: =N33+O33+S33+U33+V33 -> 22.5 | Y33: =IF(L33<0,L33*-1,0) -> 3.4084951 | Z33: =X33+Y33 -> 25.908495 | AA33: 0 | AB33: 48 | AC33: 24
A34: =A33+1 -> 23 | B34: 6858.78 | C34: 160310 | D34: =C34-C33 -> 45 | E34: =C34-152000 -> 8310 | F34: =D34/$D$2 -> 22.687169 | G34: 35 | H34: 0 | I34: =G34+H34 -> 35 | J34: =IF(L34>0,L34,0) -> 10.087169 | K34: =I34+J34 -> 45.087169 | L34: =F34-(I34-X34) -> 10.087169 | M34: 8.4 | N34: 0 | O34: 0 | P34: =M34-(N34+O34) -> 8.4 | Q34: 0 | R34: 0 | S34: =SUM(P34:R34) -> 8.4 | U34: 0 | V34: 14 | W34: =W33-V34 -> 1205.12 | X34: =N34+O34+S34+U34+V34 -> 22.4 | Y34: =IF(L34<0,L34*-1,0) -> 0 | Z34: =X34+Y34 -> 22.4 | AA34: 0 | AB34: 53 | AC34: 26
A35: =A34+1 -> 24 | B35: 6858.8 | C35: 160355 | D35: =C35-C34 -> 45 | E35: =C35-152000 -> 8355 | F35: =D35/$D$2 -> 22.687169 | G35: 35 | H35: 0 | I35: =G35+H35 -> 35 | J35: =IF(L35>0,L35,0) -> 10.987169 | K35: =I35+J35 -> 45.987169 | L35: =F35-(I35-X35) -> 10.987169 | M35: 9.3 | N35: 0 | O35: 0 | P35: =M35-(N35+O35) -> 9.3 | Q35: 0 | R35: 0 | S35: =SUM(P35:R35) -> 9.3 | U35: 0 | V35: 14 | W35: =W34-V35 -> 1191.12 | X35: =N35+O35+S35+U35+V35 -> 23.3 | Y35: =IF(L35<0,L35*-1,0) -> 0 | Z35: =X35+Y35 -> 23.3 | AA35: 0 | AB35: 52 | AC35: 27
A36: =A35+1 -> 25 | B36: 6858.81 | C36: 160377 | D36: =C36-C35 -> 22 | E36: =C36-152000 -> 8377 | F36: =D36/$D$2 -> 11.091505 | G36: 34 | H36: 0 | I36: =G36+H36 -> 34 | J36: =IF(L36>0,L36,0) -> 0 | K36: =I36+J36 -> 34 | L36: =F36-(I36-X36) -> -0.90849508 | M36: 8 | N36: 0 | O36: 0 | P36: =M36-(N36+O36) -> 8 | Q36: 0 | R36: 0 | S36: =SUM(P36:R36) -> 8 | U36: 0 | V36: 14 | W36: =W35-V36 -> 1177.12 | X36: =N36+O36+S36+U36+V36 -> 22 | Y36: =IF(L36<0,L36*-1,0) -> 0.90849508 | Z36: =X36+Y36 -> 22.908495 | AA36: 0 | AB36: 47 | AC36: 29
... A40: =A39+1 -> 29 | B40: 6858.88 | C40: 160534 | D40: =C40-C39 -> 45 | E40: =C40-152000 -> 8534 | F40: =D40/$D$2 -> 22.687169 | G40: 37 | H40: 0.3 | I40: =G40+H40 -> 37.3 | J40: =IF(L40>0,L40,0) -> 7.3871691 | K40: =I40+J40 -> 44.687169 | L40: =F40-(I40-X40) -> 7.3871691 | M40: 8 | N40: 0 | O40: 0 | P40: =M40-(N40+O40) -> 8 | Q40: 0 | R40: 0 | S40: =SUM(P40:R40) -> 8 | U40: 0 | V40: 14 | W40: =W39-V40 -> 1121.12 | X40: =N40+O40+S40+U40+V40 -> 22 | Y40: =IF(L40<0,L40*-1,0) -> 0 | Z40: =X40+Y40 -> 22 | AA40: 0 | AB40: 50 | AC40: 26
A41: 30 | B41: 6858.91 | C41: 160601 | D41: =C41-C40 -> 67 | E41: =C41-152000 -> 8601 | F41: =D41/$D$2 -> 33.778674 | G41: 34 | H41: 0.38 | I41: =G41+H41 -> 34.38 | J41: =IF(L41>0,L41,0) -> 22.408674 | K41: =I41+J41 -> 56.788674 | L41: =F41-(I41-X41) -> 22.408674 | M41: 8 | N41: 0 | O41: 0 | P41: =M41-(N41+O41) -> 8 | Q41: 0 | R41: 0 | S41: =SUM(P41:R41) -> 8 | U41: 0 | V41: 15.01 | W41: =W40-V41 -> 1106.11 | X41: =N41+O41+S41+U41+V41 -> 23.01 | Y41: =IF(L41<0,L41*-1,0) -> 0 | Z41: =X41+Y41 -> 23.01 | AA41: 0 | AB41: 52 | AC41: 27
A42: 31 | B42: 6858.93 | C42: 160646 | D42: =C42-C41 -> 45 | E42: =C42-152000 -> 8646 | F42: =D42/$D$2 -> 22.687169 | G42: 29 | H42: 0.43 | I42: =G42+H42 -> 29.43 | J42: =IF(L42>0,L42,0) -> 15.257169 | K42: =I42+J42 -> 44.687169 | L42: =F42-(I42-X42) -> 15.257169 | M42: 8 | N42: 0 | O42: 0 | P42: =M42-(N42+O42) -> 8 | Q42: 0 | R42: 0 | S42: =SUM(P42:R42) -> 8 | U42: 0 | V42: 14 | W42: =W41-V42 -> 1092.11 | X42: =N42+O42+S42+U42+V42 -> 22 | Y42: =IF(L42<0,L42*-1,0) -> 0 | Z42: =X42+Y42 -> 22 | AA42: 0 | AB42: 51 | AC42: 29
AB43: 39
A44: MONTH / CFS | F44: =SUM(F12:F42) -> 598.43711 | G44: =SUM(G12:G42) -> 958 | H44: =SUM(H12:H42) -> 1.9 | I44: =SUM(I12:I42) -> 959.9 | J44: =SUM(J12:J42) -> 306.98391 | K44: =SUM(K12:K42) -> 1266.8839 | L44: =SUM(L12:L42) -> 262.74711 | M44: =SUM(M12:M42) -> 187.2 | ... S44: =SUM(S12:S42) -> 187.2 | U44: =SUM(U12:U42) -> 0 | V44: =SUM(V12:V42) -> 437.01 | X44: =SUM(X12:X42) -> 624.21 | Y44: =SUM(Y12:Y42) -> 44.236809 | Z44: =SUM(Z12:Z42) -> 668.44681 | AA44: =SUM(AA12:AA42) -> 0.22 | AB44: =AVERAGE(AB12:AB42) -> 47.225806 | AC44: =AVERAGE(AC12:AC42) -> 22.645161 | AD44: AVE
A45: MONTH / AF | D45: =SUM(D12:D42) -> 1187 | F45: =F44*$D$2 -> 1187 | G45: =G44*$D$2 -> 1900.193 | H45: =H44*$D$2 -> 3.76865 | I45: =I44*$D$2 -> 1903.9616 | J45: =J44*$D$2 -> 608.9026 | K45: =K44*$D$2 -> 2512.8642 | L45: =L44*$D$2 -> 521.15889 | M45: =M44*$D$2 -> 371.3112 | ... S45: =S44*$D$2 -> 371.3112 | U45: =U44*$D$2 -> 0 | V45: =V44*$D$2 -> 866.80934 | X45: =X44*$D$2 -> 1238.1205 | Y45: =Y44*$D$2 -> 87.74371 | Z45: =Z44*$D$2 -> 1325.8642 | AB45: =MAX(AB12:AB42) -> 54 | AC45: =MAX(AC12:AC42) -> 31 | AD45: HI
A47: SEASON / CFS | AB47: =MIN(AB12:AB42) -> 37 | AC47: =MIN(AC12:AC42) -> 10 | AD47: LO
A48: SEASON / AF
A50: YTD / CFS | F50: =F10+F44 -> 2056.4658 | G50: =G10+G44 -> 3950 | H50: =H10+H44 -> 1.9 | I50: =I10+I44 -> 3951.9 | J50: =J10+J44 -> 580.82076 | K50: =K10+K44 -> 4532.7208 | L50: =L10+L44 -> 49.555843 | M50: =M10+M44 -> 514.1 | ... S50: =S10+S44 -> 627.1 | U50: =U10+U44 -> 0 | V50: =V10+V44 -> 1317.89 | W50: =W42 -> 1092.11 | X50: =X10+X44 -> 1944.99 | Y50: =Y10+Y44 -> 531.26492 | Z50: =Z10+Z44 -> 2476.2549 | AA50: =AA10+AA44 -> 2.27
A51: YTD / AF | D51: =D10+D45 -> 4079 | E51: =E42 -> 8646 | F51: =F50*$D$2 -> 4079 | G51: =G50*$D$2 -> 7834.825 | H51: =H50*$D$2 -> 3.76865 | I51: =I50*$D$2 -> 7838.5936 | J51: =J50*$D$2 -> 1152.058 | K51: =K50*$D$2 -> 8990.6516 | L51: =L50*$D$2 -> 98.294015 | M51: =M50*$D$2 -> 1019.7174 | ... Z51: =Z50*$D$2 -> 4911.6516

Sheet FEB
K1: MCPHEE RESERVOIR INFLOW/OUTFLOW TABULATION
A2: AF/cfs CONVERT FACTOR | D2: 1.9835 | K2: FEBRUARY "2003"
D4: RESERVOIR | Q4: INFLOW/OUTFLOW (CFS) | AB4: WEATHER
A5: DATE | B5: RESERV | C5: RESERV | D5: AC FT | E5: ACTIVE | F5: CONV TO | G5: DOLORES | H5: LOST | I5: RECORDED | J5: CALC | K5: TOTAL | L5: CALC | M5: DOLORES TUNNEL | Q5: LONE | R5: U | S5: TOTAL | T5: MVI | U5: DV CR | V5: BELOW | W5: REMAIN | X5: RECORDED | Y5: CALC | Z5: TOTAL | AA5: RAIN | AB5: MAX | AC5: MIN | AD5: NAR | AE5: MVI
A6: FEB | B6: ELEV | C6: AC FT | D6: CHANGE | E6: CAP | F6: CFS | G6: RIVER | H6: CANYON | I6: INFLOW | J6: INFLOW | K6: INFLOW | L6: INF/OTF | M6: TOT DIV | N6: SWAMP | O6: UTE F&R | P6: MVI,CTZ | Q6: PINE | R6: LAT | S6: MVI | T6: CALL | U6: CANAL | V6: MCPHEE | W6: RELEASE | X6: OUTFLOW | Y6: OUTFLOW | Z6: OUTFLOW | AB6: TMP | AC6: TMP | AD6: CALL | AE6: CALL
E7: AC FT | T7: & PROJ. | AB7: NOV-OCT | AE7: Apr-Jun
A9: SEASON BAL
A10: YTD | B10: =JAN!B42 -> 6858.93 | C10: =JAN!C42 -> 160646 | D10: =JAN!$D$51 -> 4079 | E10: =JAN!$E$42 -> 8646 | F10: =JAN!F50 -> 2056.4658 | G10: =JAN!G50 -> 3950 | H10: =JAN!H50 -> 1.9 | I10: =JAN!I50 -> 3951.9 | J10: =JAN!J50 -> 580.82076 | K10: =JAN!K50 -> 4532.7208 | L10: =JAN!L50 -> 49.555843 | M10: =JAN!M50 -> 514.1 | ... AA10: =JAN!AA50 -> 2.27
A12: 1 | B12: 6858.96 | C12: 160713 | D12: =C12-C10 -> 67 | E12: =C12-152000 -> 8713 | F12: =D12/$D$2 -> 33.778674 | G12: 28 | H12: 0.47 | I12: =G12+H12 -> 28.47 | J12: =IF(L12>0,L12,0) -> 27.308674 | K12: =I12+J12 -> 55.778674 | L12: =F12-(I12-X12) -> 27.308674 | M12: 8 | N12: 0 | O12: 0 | P12: =M12-(N12+O12) -> 8 | Q12: 0 | R12: 0 | S12: =SUM(P12:R12) -> 8 | U12: 0 | V12: 14 | W12: =W10-V12 -> 1078.11 | X12: =N12+O12+S12+U12+V12 -> 22 | Y12: =IF(L12<0,L12*-1,0) -> 0 | Z12: =X12+Y12 -> 22 | AA12: 0 | AB12: 53 | AC12: 30
A13: =A12+1 -> 2 | B13: 6858.98 | C13: 160758 | D13: =C13-C12 -> 45 | E13: =C13-152000 -> 8758 | F13: =D13/$D$2 -> 22.687169 | G13: 35 | H13: 0.6 | I13: =G13+H13 -> 35.6 | J13: =IF(L13>0,L13,0) -> 9.0871691 | K13: =I13+J13 -> 44.687169 | L13: =F13-(I13-X13) -> 9.0871691 | M13: 8 | N13: 0 | O13: 0 | P13: =M13-(N13+O13) -> 8 | Q13: 0 | R13: 0 | S13: =SUM(P13:R13) -> 8 | U13: 0 | V13: 14 | W13: =W12-V13 -> 1064.11 | X13: =N13+O13+S13+U13+V13 -> 22 | Y13: =IF(L13<0,L13*-1,0) -> 0 | Z13: =X13+Y13 -> 22 | AA13: 0.08 | AB13: 47 | AC13: 35
A14: =A13+1 -> 3 | B14: 6858.98 | C14: 160758 | D14: =C14-C13 -> 0 | E14: =C14-152000 -> 8758 | F14: =D14/$D$2 -> 0 | G14: 34 | H14: 0.64 | I14: =G14+H14 -> 34.64 | J14: =IF(L14>0,L14,0) -> 0 | K14: =I14+J14 -> 34.64 | L14: =F14-(I14-X14) -> -12.94 | M14: 7.7 | N14: 0 | O14: 0 | P14: =M14-(N14+O14) -> 7.7 | Q14: 0 | R14: 0 | S14: =SUM(P14:R14) -> 7.7 | U14: 0 | V14: 14 | W14: =W13-V14 -> 1050.11 | X14: =N14+O14+S14+U14+V14 -> 21.7 | Y14: =IF(L14<0,L14*-1,0) -> 12.94 | Z14: =X14+Y14 -> 34.64 | AA14: 0 | AB14: 35 | AC14: 14
A15: =A14+1 -> 4 | B15: 6858.98 | C15: 160758 | D15: =C15-C14 -> 0 | E15: =C15-152000 -> 8758 | F15: =D15/$D$2 -> 0 | G15: 25 | H15: 0.58 | I15: =G15+H15 -> 25.58 | J15: =IF(L15>0,L15,0) -> 0 | K15: =I15+J15 -> 25.58 | L15: =F15-(I15-X15) -> -4.08 | M15: 7.5 | N15: 0 | O15: 0 | P15: =M15-(N15+O15) -> 7.5 | Q15: 0 | R15: 0 | S15: =SUM(P15:R15) -> 7.5 | U15: 0 | V15: 14 | W15: =W14-V15 -> 1036.11 | X15: =N15+O15+S15+U15+V15 -> 21.5 | Y15: =IF(L15<0,L15*-1,0) -> 4.08 | Z15: =X15+Y15 -> 25.58 | AA15: 0 | AB15: 39 | AC15: 10.9
A16: =A15+1 -> 5 | B16: 6858.98 | C16: 160758 | D16: =C16-C15 -> 0 | E16: =C16-152000 -> 8758 | F16: =D16/$D$2 -> 0 | G16: 28 | H16: 0.56 | I16: =G16+H16 -> 28.56 | J16: =IF(L16>0,L16,0) -> 0 | K16: =I16+J16 -> 28.56 | L16: =F16-(I16-X16) -> -7.06 | M16: 7.5 | N16: 0 | O16: 0 | P16: =M16-(N16+O16) -> 7.5 | Q16: 0 | R16: 0 | S16: =SUM(P16:R16) -> 7.5 | U16: 0 | V16: 14 | W16: =W15-V16 -> 1022.11 | X16: =N16+O16+S16+U16+V16 -> 21.5 | Y16: =IF(L16<0,L16*-1,0) -> 7.06 | Z16: =X16+Y16 -> 28.56 | AA16: 0 | AB16: 34 | AC16: 10
A17: =A16+1 -> 6 | B17: 6858.98 | C17: 160758 | D17: =C17-C16 -> 0 | E17: =C17-152000 -> 8758 | F17: =D17/$D$2 -> 0 | G17: 24 | H17: 0.51 | I17: =G17+H17 -> 24.51 | J17: =IF(L17>0,L17,0) -> 0 | K17: =I17+J17 -> 24.51 | L17: =F17-(I17-X17) -> -3.01 | M17: 7.5 | N17: 0 | O17: 0 | P17: =M17-(N17+O17) -> 7.5 | Q17: 0 | R17: 0 | S17: =SUM(P17:R17) -> 7.5 | U17: 0 | V17: 14 | W17: =W16-V17 -> 1008.11 | X17: =N17+O17+S17+U17+V17 -> 21.5 | Y17: =IF(L17<0,L17*-1,0) -> 3.01 | Z17: =X17+Y17 -> 24.51 | AA17: 0 | AB17: 28 | AC17: 8.1
A18: =A17+1 -> 7 | B18: 6858.98 | C18: 160758 | D18: =C18-C17 -> 0 | E18: =C18-152000 -> 8758 | F18: =D18/$D$2 -> 0 | G18: 17 | H18: 0.44 | I18: =G18+H18 -> 17.44 | J18: =IF(L18>0,L18,0) -> 4.36 | K18: =I18+J18 -> 21.8 | L18: =F18-(I18-X18) -> 4.36 | M18: 7.8 | N18: 0 | O18: 0 | P18: =M18-(N18+O18) -> 7.8 | Q18: 0 | R18: 0 | S18: =SUM(P18:R18) -> 7.8 | U18: 0 | V18: 14 | W18: =W17-V18 -> 994.11 | X18: =N18+O18+S18+U18+V18 -> 21.8 | Y18: =IF(L18<0,L18*-1,0) -> 0 | Z18: =X18+Y18 -> 21.8 | AA18: 0 | AB18: 34 | AC18: 1
A19: =A18+1 -> 8 | B19: 6858.98 | C19: 160758 | D19: =C19-C18 -> 0 | E19: =C19-152000 -> 8758 | F19: =D19/$D$2 -> 0 | G19: 19 | H19: 0.31 | I19: =G19+H19 -> 19.31 | J19: =IF(L19>0,L19,0) -> 2.69 | K19: =I19+J19 -> 22 | L19: =F19-(I19-X19) -> 2.69 | M19: 8 | N19: 0 | O19: 0 | P19: =M19-(N19+O19) -> 8 | Q19: 0 | R19: 0 | S19: =SUM(P19:R19) -> 8 | U19: 0 | V19: 14 | W19: =W18-V19 -> 980.11 | X19: =N19+O19+S19+U19+V19 -> 22 | Y19: =IF(L19<0,L19*-1,0) -> 0 | Z19: =X19+Y19 -> 22 | AA19: 0 | AB19: 38 | AC19: 5
A20: =A19+1 -> 9 | B20: 6858.99 | C20: 160781 | D20: =C20-C19 -> 23 | E20: =C20-152000 -> 8781 | F20: =D20/$D$2 -> 11.595664 | G20: 22 | H20: 0.22 | I20: =G20+H20 -> 22.22 | J20: =IF(L20>0,L20,0) -> 11.375664 | K20: =I20+J20 -> 33.595664 | L20: =F20-(I20-X20) -> 11.375664 | M20: 8 | N20: 0 | O20: 0 | P20: =M20-(N20+O20) -> 8 | Q20: 0 | R20: 0 | S20: =SUM(P20:R20) -> 8 | U20: 0 | V20: 14 | W20: =W19-V20 -> 966.11 | X20: =N20+O20+S20+U20+V20 -> 22 | Y20: =IF(L20<0,L20*-1,0) -> 0 | Z20: =X20+Y20 -> 22 | AA20: 0 | AB20: 32 | AC20: 8.1
A21: =A20+1 -> 10 | B21: 6859 | C21: 160803 | D21: =C21-C20 -> 22 | E21: =C21-152000 -> 8803 | F21: =D21/$D$2 -> 11.091505 | G21: 28 | H21: 0.2 | I21: =G21+H21 -> 28.2 | J21: =IF(L21>0,L21,0) -> 4.8915049 | K21: =I21+J21 -> 33.091505 | L21: =F21-(I21-X21) -> 4.8915049 | M21: 8 | N21: 0 | O21: 0 | P21: =M21-(N21+O21) -> 8 | Q21: 0 | R21: 0 | S21: =SUM(P21:R21) -> 8 | U21: 0 | V21: 14 | W21: =W20-V21 -> 952.11 | X21: =N21+O21+S21+U21+V21 -> 22 | Y21: =IF(L21<0,L21*-1,0) -> 0 | Z21: =X21+Y21 -> 22 | AA21: 0 | AB21: 43 | AC21: 11
A22: =A21+1 -> 11 | B22: 6859.01 | C22: 160826 | D22: =C22-C21 -> 23 | E22: =C22-152000 -> 8826 | F22: =D22/$D$2 -> 11.595664 | G22: 28 | H22: 0.22 | I22: =G22+H22 -> 28.22 | J22: =IF(L22>0,L22,0) -> 5.3756642 | K22: =I22+J22 -> 33.595664 | L22: =F22-(I22-X22) -> 5.3756642 | M22: 8 | N22: 0 | O22: 0 | P22: =M22-(N22+O22) -> 8 | Q22: 0 | R22: 0 | S22: =SUM(P22:R22) -> 8 | U22: 0 | V22: 14 | W22: =W21-V22 -> 938.11 | X22: =N22+O22+S22+U22+V22 -> 22 | Y22: =IF(L22<0,L22*-1,0) -> 0 | Z22: =X22+Y22 -> 22 | AA22: 0 | AB22: 44 | AC22: 21
A23: =A22+1 -> 12 | B23: 6859.02 | C23: 160848 | D23: =C23-C22 -> 22 | E23: =C23-152000 -> 8848 | F23: =D23/$D$2 -> 11.091505 | G23: 57 | H23: 0.23 | I23: =G23+H23 -> 57.23 | J23: =IF(L23>0,L23,0) -> 0 | K23: =I23+J23 -> 57.23 | L23: =F23-(I23-X23) -> -24.138495 | M23: 8 | N23: 0 | O23: 0 | P23: =M23-(N23+O23) -> 8 | Q23: 0 | R23: 0 | S23: =SUM(P23:R23) -> 8 | U23: 0 | V23: 14 | W23: =W22-V23 -> 924.11 | X23: =N23+O23+S23+U23+V23 -> 22 | Y23: =IF(L23<0,L23*-1,0) -> 24.138495 | Z23: =X23+Y23 -> 46.138495 | AA23: 0 | AB23: 50 | AC23: 27
A24: =A23+1 -> 13 | B24: 6859.5 | C24: 161935 | D24: =C24-C23 -> 1087 | E24: =C24-152000 -> 9935 | F24: =D24/$D$2 -> 548.02117 | G24: 69 | H24: 0.76 | I24: =G24+H24 -> 69.76 | J24: =IF(L24>0,L24,0) -> 501.26117 | K24: =I24+J24 -> 571.02117 | L24: =F24-(I24-X24) -> 501.26117 | M24: 8 | N24: 0 | O24: 0 | P24: =M24-(N24+O24) -> 8 | Q24: 0 | R24: 0 | S24: =SUM(P24:R24) -> 8 | U24: 0 | V24: 15 | W24: =W23-V24 -> 909.11 | X24: =N24+O24+S24+U24+V24 -> 23 | Y24: =IF(L24<0,L24*-1,0) -> 0 | Z24: =X24+Y24 -> 23 | AA24: 0.75 | AB24: 41 | AC24: 35
... A31: =A30+1 -> 20 | B31: 6859.9 | C31: 162840 | D31: =C31-C30 -> 90 | E31: =C31-152000 -> 10840 | F31: =D31/$D$2 -> 45.374338 | G31: 38 | H31: 1.6 | I31: =G31+H31 -> 39.6 | J31: =IF(L31>0,L31,0) -> 28.774338 | K31: =I31+J31 -> 68.374338 | L31: =F31-(I31-X31) -> 28.774338 | M31: 8 | N31: 0 | O31: 0 | P31: =M31-(N31+O31) -> 8 | Q31: 0 | R31: 0 | S31: =SUM(P31:R31) -> 8 | U31: 0 | V31: 15 | W31: =W30-V31 -> 807.11 | X31: =N31+O31+S31+U31+V31 -> 23 | Y31: =IF(L31<0,L31*-1,0) -> 0 | Z31: =X31+Y31 -> 23 | AA31: 0 | AB31: 46 | AC31: 28
A32: =A31+1 -> 21 | B32: 6859.91 | C32: 162863 | D32: =C32-C31 -> 23 | E32: =C32-152000 -> 10863 | F32: =D32/$D$2 -> 11.595664 | G32: 39 | H32: 1.4 | I32: =G32+H32 -> 40.4 | J32: =IF(L32>0,L32,0) -> 0 | K32: =I32+J32 -> 40.4 | L32: =F32-(I32-X32) -> -6.3043358 | M32: 7.5 | N32: 0 | O32: 0 | P32: =M32-(N32+O32) -> 7.5 | Q32: 0 | R32: 0 | S32: =SUM(P32:R32) -> 7.5 | U32: 0 | V32: 15 | W32: =W31-V32 -> 792.11 | X32: =N32+O32+S32+U32+V32 -> 22.5 | Y32: =IF(L32<0,L32*-1,0) -> 6.3043358 | Z32: =X32+Y32 -> 28.804336 | AA32: 0 | AB32: 44 | AC32: 24 | AD32: =(G32+H32-P32-3.35)*0.33*1.9835 -> 19.3421
A33: =A32+1 -> 22 | B33: 6859.92 | C33: 162885 | D33: =C33-C32 -> 22 | E33: =C33-152000 -> 10885 | F33: =D33/$D$2 -> 11.091505 | G33: 23 | H33: 1.3 | I33: =G33+H33 -> 24.3 | J33: =IF(L33>0,L33,0) -> 9.3915049 | K33: =I33+J33 -> 33.691505 | L33: =F33-(I33-X33) -> 9.3915049 | M33: 7.6 | N33: 0 | O33: 0 | P33: =M33-(N33+O33) -> 7.6 | Q33: 0 | R33: 0 | S33: =SUM(P33:R33) -> 7.6 | U33: 0 | V33: 15 | W33: =W32-V33 -> 777.11 | X33: =N33+O33+S33+U33+V33 -> 22.6 | Y33: =IF(L33<0,L33*-1,0) -> 0 | Z33: =X33+Y33 -> 22.6 | AA33: 0 | AB33: 45 | AC33: 22 | AD33: =AD32+(G33+H33-P33-3.35)*1.9835 -> 45.821825
A34: =A33+1 -> 23 | B34: 6859.93 | C34: 162908 | D34: =C34-C33 -> 23 | E34: =C34-152000 -> 10908 | F34: =D34/$D$2 -> 11.595664 | G34: 19 | H34: 1.2 | I34: =G34+H34 -> 20.2 | J34: =IF(L34>0,L34,0) -> 13.895664 | K34: =I34+J34 -> 34.095664 | L34: =F34-(I34-X34) -> 13.895664 | M34: 7.5 | N34: 0 | O34: 0 | P34: =M34-(N34+O34) -> 7.5 | Q34: 0 | R34: 0 | S34: =SUM(P34:R34) -> 7.5 | U34: 0 | V34: 15 | W34: =W33-V34 -> 762.11 | X34: =N34+O34+S34+U34+V34 -> 22.5 | Y34: =IF(L34<0,L34*-1,0) -> 0 | Z34: =X34+Y34 -> 22.5 | AA34: 0 | AB34: 38 | AC34: 16 | AD34: =AD33+(G34+H34-P34-3.35)*1.9835 -> 64.36755
A35: =A34+1 -> 24 | B35: 6859.94 | C35: 162931 | D35: =C35-C34 -> 23 | E35: =C35-152000 -> 10931 | F35: =D35/$D$2 -> 11.595664 | G35: 21 | H35: 1.1 | I35: =G35+H35 -> 22.1 | J35: =IF(L35>0,L35,0) -> 11.995664 | K35: =I35+J35 -> 34.095664 | L35: =F35-(I35-X35) -> 11.995664 | M35: 7.5 | N35: 0 | O35: 0 | P35: =M35-(N35+O35) -> 7.5 | Q35: 0 | R35: 0 | S35: =SUM(P35:R35) -> 7.5 | U35: 0 | V35: 15 | W35: =W34-V35 -> 747.11 | X35: =N35+O35+S35+U35+V35 -> 22.5 | Y35: =IF(L35<0,L35*-1,0) -> 0 | Z35: =X35+Y35 -> 22.5 | AA35: 0 | AB35: 45 | AC35: 25 | AD35: =AD34+(G35+H35-P35-3.35)*1.9835 -> 86.681925
A36: =A35+1 -> 25 | B36: 6960.08 | C36: 163250 | D36: =C36-C35 -> 319 | E36: =C36-152000 -> 11250 | F36: =D36/$D$2 -> 160.82682 | G36: 44 | H36: 1.2 | I36: =G36+H36 -> 45.2 | J36: =IF(L36>0,L36,0) -> 138.12682 | K36: =I36+J36 -> 183.32682 | L36: =F36-(I36-X36) -> 138.12682 | M36: 7.5 | N36: 0 | O36: 0 | P36: =M36-(N36+O36) -> 7.5 | Q36: 0 | R36: 0 | S36: =SUM(P36:R36) -> 7.5 | U36: 0 | V36: 15 | W36: =W35-V36 -> 732.11 | X36: =N36+O36+S36+U36+V36 -> 22.5 | Y36: =IF(L36<0,L36*-1,0) -> 0 | Z36: =X36+Y36 -> 22.5 | AA36: 0.76 | AB36: 38 | AC36: 28 | AD36: =AD35+(G36+H36-P36-3.35)*1.9835 -> 154.81515
A37: =A36+1 -> 26 | B37: 6860.11 | C37: 163319 | D37: =C37-C36 -> 69 | E37: =C37-152000 -> 11319 | F37: =D37/$D$2 -> 34.786993 | G37: 49 | H37: 1.2 | I37: =G37+H37 -> 50.2 | J37: =IF(L37>0,L37,0) -> 7.9869927 | K37: =I37+J37 -> 58.186993 | L37: =F37-(I37-X37) -> 7.9869927 | M37: 7.4 | N37: 0 | O37: 0 | P37: =M37-(N37+O37) -> 7.4 | Q37: 0 | R37: 0 | S37: =SUM(P37:R37) -> 7.4 | U37: 0 | V37: 16 | W37: =W36-V37 -> 716.11 | X37: =N37+O37+S37+U37+V37 -> 23.4 | Y37: =IF(L37<0,L37*-1,0) -> 0 | Z37: =X37+Y37 -> 23.4 | AA37: 0.53 | AB37: 38 | AC37: 29 | AD37: =AD36+(G37+H37-P37-3.35)*1.9835 -> 233.06423
A38: =A37+1 -> 27 | B38: 6860.16 | C38: 163434 | D38: =C38-C37 -> 115 | E38: =C38-152000 -> 11434 | F38: =D38/$D$2 -> 57.978321 | G38: 48 | H38: 1.2 | I38: =G38+H38 -> 49.2 | J38: =IF(L38>0,L38,0) -> 31.178321 | K38: =I38+J38 -> 80.378321 | L38: =F38-(I38-X38) -> 31.178321 | M38: 7.4 | N38: 0 | O38: 0 | P38: =M38-(N38+O38) -> 7.4 | Q38: 0 | R38: 0 | S38: =SUM(P38:R38) -> 7.4 | U38: 0 | V38: 15 | W38: =W37-V38 -> 701.11 | X38: =N38+O38+S38+U38+V38 -> 22.4 | Y38: =IF(L38<0,L38*-1,0) -> 0 | Z38: =X38+Y38 -> 22.4 | AA38: 0.17 | AB38: 34 | AC38: 19 | AD38: =AD37+(G38+H38-P38-3.35)*1.9835 -> 309.3298
A39: 28 | B39: 6860.23 | C39: 163594 | D39: =C39-C38 -> 160 | E39: =C39-152000 -> 11594 | F39: =D39/$D$2 -> 80.66549 | G39: 45 | H39: 1.2 | I39: =G39+H39 -> 46.2 | J39: =IF(L39>0,L39,0) -> 55.96549 | K39: =I39+J39 -> 102.16549 | L39: =F39-(I39-X39) -> 55.96549 | M39: 7.5 | N39: 0 | O39: 0 | P39: =M39-(N39+O39) -> 7.5 | Q39: 0 | R39: 0 | S39: =SUM(P39:R39) -> 7.5 | U39: 0 | V39: 14 | W39: =W38-V39 -> 687.11 | X39: =N39+O39+S39+U39+V39 -> 21.5 | Y39: =IF(L39<0,L39*-1,0) -> 0 | Z39: =X39+Y39 -> 21.5 | AA39: 0.42 | AB39: 34 | AC39: 22 | AD39: =AD38+(G39+H39-P39-3.35)*1.9835 -> 379.44653
A41: MONTH / CFS | F41: =SUM(F12:F39) -> 1486.2617 | G41: =SUM(G12:G39) -> 1011 | H41: =SUM(H12:H39) -> 26.94 | I41: =SUM(I12:I39) -> 1037.94 | J41: =SUM(J12:J39) -> 1128.6545 | K41: =SUM(K12:K39) -> 2166.5945 | L41: =SUM(L12:L39) -> 1071.1217 | M41: =SUM(M12:M39) -> 217.8 | ... S41: =SUM(S12:S39) -> 217.8 | U41: =SUM(U12:U39) -> 0 | V41: =SUM(V12:V39) -> 405 | X41: =SUM(X12:X39) -> 622.8 | Y41: =SUM(Y12:Y39) -> 57.532831 | Z41: =SUM(Z12:Z39) -> 680.33283 | AA41: =SUM(AA12:AA39) -> 2.97 | AB41: =AVERAGE(AB12:AB39) -> 40.928571 | AC41: =AVERAGE(AC12:AC39) -> 20.860714 | AD41: AVE
A42: MONTH / AF | D42: =SUM(D12:D39) -> 2948 | F42: =F41*$D$2 -> 2948 | G42: =G41*$D$2 -> 2005.3185 | H42: =H41*$D$2 -> 53.43549 | I42: =I41*$D$2 -> 2058.754 | J42: =J41*$D$2 -> 2238.6862 | K42: =K41*$D$2 -> 4297.4402 | L42: =L41*$D$2 -> 2124.5698 | M42: =M41*$D$2 -> 432.0063 | ... S42: =S41*$D$2 -> 432.0063 | U42: =U41*$D$2 -> 0 | V42: =V41*$D$2 -> 803.3175 | X42: =X41*$D$2 -> 1235.3238 | Y42: =Y41*$D$2 -> 114.11637 | Z42: =Z41*$D$2 -> 1349.4402 | AB42: =MAX(AB12:AB39) -> 53 | AC42: =MAX(AC12:AC39) -> 35 | AD42: HI
A44: SEASON / CFS | AB44: =MIN(AB12:AB39) -> 28 | AC44: =MIN(AC12:AC39) -> 1 | AD44: LO
A45: SEASON / AF
A47: YTD / CFS | F47: =F10+F41 -> 3542.7275 | G47: =G10+G41 -> 4961 | H47: =H10+H41 -> 28.84 | I47: =I10+I41 -> 4989.84 | J47: =J10+J41 -> 1709.4752 | K47: =K10+K41 -> 6699.3152 | L47: =L10+L41 -> 1120.6775 | M47: =M10+M41 -> 731.9 | ... S47: =S10+S41 -> 844.9 | U47: =U10+U41 -> 0 | V47: =V10+V41 -> 1722.89 | W47: =W39 -> 687.11 | X47: =X10+X41 -> 2567.79 | Y47: =Y10+Y41 -> 588.79775 | Z47: =Z10+Z41 -> 3156.5877 | AA47: =AA10+AA41 -> 5.24
A48: YTD / AF | D48: =D10+D42 -> 7027 | E48: =E39 -> 11594 | F48: =F47*$D$2 -> 7027 | G48: =G47*$D$2 -> 9840.1435 | H48: =H47*$D$2 -> 57.20414 | I48: =I47*$D$2 -> 9897.3476 | J48: =J47*$D$2 -> 3390.7442 | K48: =K47*$D$2 -> 13288.092 | L48: =L47*$D$2 -> 2222.8638 | M48: =M47*$D$2 -> 1451.7236 | ... Z48: =Z47*$D$2 -> 6261.0918

Sheet MAR
K1: MCPHEE RESERVOIR INFLOW/OUTFLOW TABULATION
A2: AF/cfs CONVERT FACTOR | D2: 1.9835 | K2: MARCH "2003"
D4: RESERVOIR | Q4: INFLOW/OUTFLOW (CFS) | AB4: WEATHER
A5: DATE | B5: RESERV | C5: RESERV | D5: AC FT | E5: ACTIVE | F5: CONV TO | G5: DOLORES | H5: LOST | I5: RECORDED | J5: CALC | K5: TOTAL | L5: CALC | M5: DOLORES TUNNEL | Q5: LONE | R5: U | S5: TOTAL | T5: MVI | U5: DV CR | V5: BELOW | W5: REMAIN | X5: RECORDED | Y5: CALC | Z5: TOTAL | AA5: RAIN | AB5: MAX | AC5: MIN | AD5: NAR | AE5: MVI
A6: MAR | B6: ELEV | C6: AC FT | D6: CHANGE | E6: CAP | F6: CFS | G6: RIVER | H6: CANYON | I6: INFLOW | J6: INFLOW | K6: INFLOW | L6: INF/OTF | M6: TOT DIV | N6: SWAMP | O6: UTE F&R | P6: MVI,CTZ | Q6: PINE | R6: LAT | S6: MVI | T6: CALL | U6: CANAL | V6: MCPHEE | W6: RELEASE | X6: OUTFLOW | Y6: OUTFLOW | Z6: OUTFLOW | AB6: TMP | AC6: TMP | AD6: CALL | AE6: CALL
E7: AC FT | T7: & PROJ. | AB7: NOV-OCT | AE7: Apr-Jun
A9: SEASON BAL
A10: YTD | B10: =FEB!B39 -> 6860.23 | C10: =FEB!C39 -> 163594 | D10: =FEB!$D$48 -> 7027 | E10: =FEB!$E$39 -> 11594 | F10: =FEB!F47 -> 3542.7275 | G10: =FEB!G47 -> 4961 | H10: =FEB!H47 -> 28.84 | I10: =FEB!I47 -> 4989.84 | J10: =FEB!J47 -> 1709.4752 | K10: =FEB!K47 -> 6699.3152 | L10: =FEB!L47 -> 1120.6775 | M10: =FEB!M47 -> 731.9 | ... AA10: =FEB!AA47 -> 5.24 | AD10: =FEB!AD39 -> 379.44653
A12: 1 | B12: 6860.28 | C12: 163709 | D12: =C12-C10 -> 115 | E12: =C12-152000 -> 11709 | F12: =D12/$D$2 -> 57.978321 | G12: 29 | H12: 1.2 | I12: =G12+H12 -> 30.2 | J12: =IF(L12>0,L12,0) -> 50.078321 | K12: =I12+J12 -> 80.278321 | L12: =F12-(I12-X12) -> 50.078321 | M12: 7.3 | N12: 0 | O12: 0 | P12: =M12-(N12+O12) -> 7.3 | Q12: 0 | R12: 0 | S12: =SUM(P12:R12) -> 7.3 | U12: 0 | V12: 15 | W12: =W10-V12 -> 672.11 | X12: =N12+O12+S12+U12+V12 -> 22.3 | Y12: =IF(L12<0,L12*-1,0) -> 0 | Z12: =X12+Y12 -> 22.3 | AA12: 0.15 | AB12: 45 | AC12: 11 | AD12: =AD10+(G12+H12-P12-3.35)*1.9835 -> 418.22395
A13: =A12+1 -> 2 | B13: 6860.31 | C13: 163778 | D13: =C13-C12 -> 69 | E13: =C13-152000 -> 11778 | F13: =D13/$D$2 -> 34.786993 | G13: 19 | H13: 1.1 | I13: =G13+H13 -> 20.1 | J13: =IF(L13>0,L13,0) -> 36.786993 | K13: =I13+J13 -> 56.886993 | L13: =F13-(I13-X13) -> 36.786993 | M13: 7.1 | N13: 0 | O13: 0 | P13: =M13-(N13+O13) -> 7.1 | Q13: 0 | R13: 0 | S13: =SUM(P13:R13) -> 7.1 | U13: 0 | V13: 15 | W13: =W12-V13 -> 657.11 | X13: =N13+O13+S13+U13+V13 -> 22.1 | Y13: =IF(L13<0,L13*-1,0) -> 0 | Z13: =X13+Y13 -> 22.1 | AA13: 0 | AB13: 39 | AC13: 6 | AD13: =AD12+(G13+H13-P13-3.35)*1.9835 -> 437.36473
A14: =A13+1 -> 3 | B14: 6860.33 | C14: 163824 | D14: =C14-C13 -> 46 | E14: =C14-152000 -> 11824 | F14: =D14/$D$2 -> 23.191328 | G14: 18 | H14: 1.2 | I14: =G14+H14 -> 19.2 | J14: =IF(L14>0,L14,0) -> 26.391328 | K14: =I14+J14 -> 45.591328 | L14: =F14-(I14-X14) -> 26.391328 | M14: 7.4 | N14: 0 | O14: 0 | P14: =M14-(N14+O14) -> 7.4 | Q14: 0 | R14: 0 | S14: =SUM(P14:R14) -> 7.4 | U14: 0 | V14: 15 | W14: =W13-V14 -> 642.11 | X14: =N14+O14+S14+U14+V14 -> 22.4 | Y14: =IF(L14<0,L14*-1,0) -> 0 | Z14: =X14+Y14 -> 22.4 | AA14: 0 | AB14: 41 | AC14: 10 | AD14: =AD13+(G14+H14-P14-3.35)*1.9835 -> 454.1253
A15: =A14+1 -> 4 | B15: 6860.38 | C15: 163939 | D15: =C15-C14 -> 115 | E15: =C15-152000 -> 11939 | F15: =D15/$D$2 -> 57.978321 | G15: 38 | H15: 1.2 | I15: =G15+H15 -> 39.2 | J15: =IF(L15>0,L15,0) -> 41.478321 | K15: =I15+J15 -> 80.678321 | L15: =F15-(I15-X15) -> 41.478321 | M15: 7.7 | N15: 0 | O15: 0 | P15: =M15-(N15+O15) -> 7.7 | Q15: 0 | R15: 0 | S15: =SUM(P15:R15) -> 7.7 | U15: 0 | V15: 15 | W15: =W14-V15 -> 627.11 | X15: =N15+O15+S15+U15+V15 -> 22.7 | Y15: =IF(L15<0,L15*-1,0) -> 0 | Z15: =X15+Y15 -> 22.7 | AA15: 0.35 | AB15: 33 | AC15: 25 | AD15: =AD14+(G15+H15-P15-3.35)*1.9835 -> 509.96083
A16: =A15+1 -> 5 | B16: 6860.44 | C16: 164077 | D16: =C16-C15 -> 138 | E16: =C16-152000 -> 12077 | F16: =D16/$D$2 -> 69.573985 | G16: 40 | H16: 1.4 | I16: =G16+H16 -> 41.4 | J16: =IF(L16>0,L16,0) -> 50.773985 | K16: =I16+J16 -> 92.173985 | L16: =F16-(I16-X16) -> 50.773985 | M16: 7.6 | N16: 0 | O16: 0 | P16: =M16-(N16+O16) -> 7.6 | Q16: 0 | R16: 0 | S16: =SUM(P16:R16) -> 7.6 | U16: 0 | V16: 15 | W16: =W15-V16 -> 612.11 | X16: =N16+O16+S16+U16+V16 -> 22.6 | Y16: =IF(L16<0,L16*-1,0) -> 0 | Z16: =X16+Y16 -> 22.6 | AA16: 0 | AB16: 39 | AC16: 15 | AD16: =AD15+(G16+H16-P16-3.35)*1.9835 -> 570.3584
A17: =A16+1 -> 6 | B17: 6860.45 | C17: 164099 | D17: =C17-C16 -> 22 | E17: =C17-152000 -> 12099 | F17: =D17/$D$2 -> 11.091505 | G17: 42 | H17: 1.3 | I17: =G17+H17 -> 43.3 | J17: =IF(L17>0,L17,0) -> 0 | K17: =I17+J17 -> 43.3 | L17: =F17-(I17-X17) -> -9.0084951 | M17: 7.2 | N17: 0 | O17: 0 | P17: =M17-(N17+O17) -> 7.2 | Q17: 0 | R17: 0 | S17: =SUM(P17:R17) -> 7.2 | U17: 0 | V17: 16 | W17: =W16-V17 -> 596.11 | X17: =N17+O17+S17+U17+V17 -> 23.2 | Y17: =IF(L17<0,L17*-1,0) -> 9.0084951 | Z17: =X17+Y17 -> 32.208495 | AA17: 0 | AB17: 42 | AC17: 15 | AD17: =AD16+(G17+H17-P17-3.35)*1.9835 -> 635.31803
A18: =A17+1 -> 7 | B18: 6860.46 | C18: 164122 | D18: =C18-C17 -> 23 | E18: =C18-152000 -> 12122 | F18: =D18/$D$2 -> 11.595664 | G18: 46 | H18: 1.4 | I18: =G18+H18 -> 47.4 | J18: =IF(L18>0,L18,0) -> 0 | K18: =I18+J18 -> 47.4 | L18: =F18-(I18-X18) -> -11.004336 | M18: 6.8 | N18: 0 | O18: 0 | P18: =M18-(N18+O18) -> 6.8 | Q18: 0 | R18: 0 | S18: =SUM(P18:R18) -> 6.8 | U18: 0 | V18: 18 | W18: =W17-V18 -> 578.11 | X18: =N18+O18+S18+U18+V18 -> 24.8 | Y18: =IF(L18<0,L18*-1,0) -> 11.004336 | Z18: =X18+Y18 -> 35.804336 | AA18: 0 | AB18: 47 | AC18: 23 | AD18: =AD17+(G18+H18-P18-3.35)*1.9835 -> 709.2034
A19: =A18+1 -> 8 | B19: 6860.47 | C19: 164145 | D19: =C19-C18 -> 23 | E19: =C19-152000 -> 12145 | F19: =D19/$D$2 -> 11.595664 | G19: 46 | H19: 1.5 | I19: =G19+H19 -> 47.5 | J19: =IF(L19>0,L19,0) -> 0 | K19: =I19+J19 -> 47.5 | L19: =F19-(I19-X19) -> -10.804336 | M19: 7.1 | N19: 0 | O19: 0 | P19: =M19-(N19+O19) -> 7.1 | Q19: 0 | R19: 0 | S19: =SUM(P19:R19) -> 7.1 | U19: 0 | V19: 18 | W19: =W18-V19 -> 560.11 | X19: =N19+O19+S19+U19+V19 -> 25.1 | Y19: =IF(L19<0,L19*-1,0) -> 10.804336 | Z19: =X19+Y19 -> 35.904336 | AA19: 0 | AB19: 54 | AC19: 27 | AD19: =AD18+(G19+H19-P19-3.35)*1.9835 -> 782.69208
A20: =A19+1 -> 9 | B20: 6860.48 | C20: 164168 | D20: =C20-C19 -> 23 | E20: =C20-152000 -> 12168 | F20: =D20/$D$2 -> 11.595664 | G20: 47 | H20: 1.8 | I20: =G20+H20 -> 48.8 | J20: =IF(L20>0,L20,0) -> 0 | K20: =I20+J20 -> 48.8 | L20: =F20-(I20-X20) -> -12.104336 | M20: 7.1 | N20: 0 | O20: 0 | P20: =M20-(N20+O20) -> 7.1 | Q20: 0 | R20: 0 | S20: =SUM(P20:R20) -> 7.1 | U20: 0 | V20: 18 | W20: =W19-V20 -> 542.11 | X20: =N20+O20+S20+U20+V20 -> 25.1 | Y20: =IF(L20<0,L20*-1,0) -> 12.104336 | Z20: =X20+Y20 -> 37.204336 | AA20: 0 | AB20: 58 | AC20: 28 | AD20: =AD19+(G20+H20-P20-3.35)*1.9835 -> 858.7593
A21: =A20+1 -> 10 | B21: 6860.51 | C21: 164237 | D21: =C21-C20 -> 69 | E21: =C21-152000 -> 12237 | F21: =D21/$D$2 -> 34.786993 | G21: 54 | H21: 2.1 | I21: =G21+H21 -> 56.1 | J21: =IF(L21>0,L21,0) -> 4.0869927 | K21: =I21+J21 -> 60.186993 | L21: =F21-(I21-X21) -> 4.0869927 | M21: 7.4 | N21: 0 | O21: 0 | P21: =M21-(N21+O21) -> 7.4 | Q21: 0 | R21: 0 | S21: =SUM(P21:R21) -> 7.4 | U21: 0 | V21: 18 | W21: =W20-V21 -> 524.11 | X21: =N21+O21+S21+U21+V21 -> 25.4 | Y21: =IF(L21<0,L21*-1,0) -> 0 | Z21: =X21+Y21 -> 25.4 | AA21: 0 | AB21: 56 | AC21: 30 | AD21: =AD20+(G21+H21-P21-3.35)*1.9835 -> 948.71103
A22: =A21+1 -> 11 | B22: 6860.57 | C22: 164375 | D22: =C22-C21 -> 138 | E22: =C22-152000 -> 12375 | F22: =D22/$D$2 -> 69.573985 | G22: 64 | H22: 2.7 | I22: =G22+H22 -> 66.7 | J22: =IF(L22>0,L22,0) -> 28.373985 | K22: =I22+J22 -> 95.073985 | L22: =F22-(I22-X22) -> 28.373985 | M22: 7.5 | N22: 0 | O22: 0 | P22: =M22-(N22+O22) -> 7.5 | Q22: 0 | R22: 0 | S22: =SUM(P22:R22) -> 7.5 | U22: 0 | V22: 18 | W22: =W21-V22 -> 506.11 | X22: =N22+O22+S22+U22+V22 -> 25.5 | Y22: =IF(L22<0,L22*-1,0) -> 0 | Z22: =X22+Y22 -> 25.5 | AA22: 0 | AB22: 57 | AC22: 31 | AD22: =AD21+(G22+H22-P22-3.35)*1.9835 -> 1059.4895
A23: =A22+1 -> 12 | B23: 6860.68 | C23: 164627 | D23: =C23-C22 -> 252 | E23: =C23-152000 -> 12627 | F23: =D23/$D$2 -> 127.04815 | G23: 75 | H23: 3.4 | I23: =G23+H23 -> 78.4 | J23: =IF(L23>0,L23,0) -> 74.148147 | K23: =I23+J23 -> 152.54815 | L23: =F23-(I23-X23) -> 74.148147 | M23: 7.5 | N23: 0 | O23: 0 | P23: =M23-(N23+O23) -> 7.5 | Q23: 0 | R23: 0 | S23: =SUM(P23:R23) -> 7.5 | U23: 0 | V23: 18 | W23: =W22-V23 -> 488.11 | X23: =N23+O23+S23+U23+V23 -> 25.5 | Y23: =IF(L23<0,L23*-1,0) -> 0 | Z23: =X23+Y23 -> 25.5 | AA23: 0 | AB23: 59 | AC23: 32 | AD23: =AD22+(G23+H23-P23-3.35)*1.9835 -> 1193.4749
A24: =A23+1 -> 13 | B24: 6860.77 | C24: 164834 | D24: =C24-C23 -> 207 | E24: =C24-152000 -> 12834 | F24: =D24/$D$2 -> 104.36098 | G24: 87 | H24: 4.8 | I24: =G24+H24 -> 91.8 | J24: =IF(L24>0,L24,0) -> 38.060978 | K24: =I24+J24 -> 129.86098 | L24: =F24-(I24-X24) -> 38.060978 | M24: 7.5 | N24: 0 | O24: 0 | P24: =M24-(N24+O24) -> 7.5 | Q24: 0 | R24: 0 | S24: =SUM(P24:R24) -> 7.5 | U24: 0 | V24: 18 | W24: =W23-V24 -> 470.11 | X24: =N24+O24+S24+U24+V24 -> 25.5 | Y24: =IF(L24<0,L24*-1,0) -> 0 | Z24: =X24+Y24 -> 25.5 | AA24: 0 | AB24: 59 | AC24: 35 | AD24: =AD23+(G24+H24-P24-3.35)*1.9835 -> 1354.0393
... A34: =A33+1 -> 23 | B34: 6862.69 | C34: 169339 | D34: =C34-C33 -> 451 | E34: =C34-152000 -> 17339 | F34: =D34/$D$2 -> 227.37585 | G34: 107 | H34: 15 | I34: =G34+H34 -> 122 | J34: =IF(L34>0,L34,0) -> 130.87585 | K34: =I34+J34 -> 252.87585 | L34: =F34-(I34-X34) -> 130.87585 | M34: 7.5 | N34: 0 | O34: 0 | P34: =M34-(N34+O34) -> 7.5 | Q34: 0 | R34: 0 | S34: =SUM(P34:R34) -> 7.5 | U34: 0 | V34: 18 | W34: =W33-V34 -> 290.11 | X34: =N34+O34+S34+U34+V34 -> 25.5 | Y34: =IF(L34<0,L34*-1,0) -> 0 | Z34: =X34+Y34 -> 25.5 | AA34: 0 | AB34: 57 | AC34: 32 | AD34: =AD33+(G34+H34-P34-3.35)*1.9835 -> 3383.3581
A35: =A34+1 -> 24 | B35: 6863.06 | C35: 170221 | D35: =C35-C34 -> 882 | E35: =C35-152000 -> 18221 | F35: =D35/$D$2 -> 444.66852 | G35: 133 | H35: 20 | I35: =G35+H35 -> 153 | J35: =IF(L35>0,L35,0) -> 318.66852 | K35: =I35+J35 -> 471.66852 | L35: =F35-(I35-X35) -> 318.66852 | M35: 9 | N35: 0 | O35: 0 | P35: =M35-(N35+O35) -> 9 | Q35: 0 | R35: 0 | S35: =SUM(P35:R35) -> 9 | U35: 0 | V35: 18 | W35: =W34-V35 -> 272.11 | X35: =N35+O35+S35+U35+V35 -> 27 | Y35: =IF(L35<0,L35*-1,0) -> 0 | Z35: =X35+Y35 -> 27 | AA35: 0 | AB35: 54 | AC35: 32 | AD35: =AD34+(G35+H35-7.98-3.35-1.42)*1.9835 -> 3661.544
A36: =A35+1 -> 25 | B36: 6863.32 | C36: 170850 | D36: =C36-C35 -> 629 | E36: =C36-152000 -> 18850 | F36: =D36/$D$2 -> 317.11621 | G36: 136 | H36: 22 | I36: =G36+H36 -> 158 | J36: =IF(L36>0,L36,0) -> 202.11621 | K36: =I36+J36 -> 360.11621 | L36: =F36-(I36-X36) -> 202.11621 | M36: 25 | N36: 0 | O36: 0 | P36: =M36-(N36+O36) -> 25 | Q36: 0 | R36: 0 | S36: =SUM(P36:R36) -> 25 | U36: 0 | V36: 18 | W36: =W35-V36 -> 254.11 | X36: =N36+O36+S36+U36+V36 -> 43 | Y36: =IF(L36<0,L36*-1,0) -> 0 | Z36: =X36+Y36 -> 43 | AA36: 0 | AB36: 55 | AC36: 28 | AD36: =AD35+(G36+H36-7.98-3.35-16)*1.9835 -> 3920.7279
A37: =A36+1 -> 26 | B37: 6863.5 | C37: 171285 | D37: =C37-C36 -> 435 | E37: =C37-152000 -> 19285 | F37: =D37/$D$2 -> 219.3093 | G37: 139 | H37: 25 | I37: =G37+H37 -> 164 | J37: =IF(L37>0,L37,0) -> 94.309302 | K37: =I37+J37 -> 258.3093 | L37: =F37-(I37-X37) -> 94.309302 | M37: 21 | N37: 0 | O37: 0 | P37: =M37-(N37+O37) -> 21 | Q37: 0 | R37: 0 | S37: =SUM(P37:R37) -> 21 | U37: 0 | V37: 18 | W37: =W36-V37 -> 236.11 | X37: =N37+O37+S37+U37+V37 -> 39 | Y37: =IF(L37<0,L37*-1,0) -> 0 | Z37: =X37+Y37 -> 39 | AA37: 0 | AB37: 57 | AC37: 32 | AD37: =AD36+(G37+H37-7.98-3.35-12.12)*1.9835 -> 4199.5088
A38: =A37+1 -> 27 | B38: 6863.65 | C38: 171647 | D38: =C38-C37 -> 362 | E38: =C38-152000 -> 19647 | F38: =D38/$D$2 -> 182.50567 | G38: 134 | H38: 22 | I38: =G38+H38 -> 156 | J38: =IF(L38>0,L38,0) -> 69.505672 | K38: =I38+J38 -> 225.50567 | L38: =F38-(I38-X38) -> 69.505672 | M38: 25 | N38: 0 | O38: 0 | P38: =M38-(N38+O38) -> 25 | Q38: 0 | R38: 0 | S38: =SUM(P38:R38) -> 25 | U38: 0 | V38: 18 | W38: =W37-V38 -> 218.11 | X38: =N38+O38+S38+U38+V38 -> 43 | Y38: =IF(L38<0,L38*-1,0) -> 0 | Z38: =X38+Y38 -> 43 | AA38: 0 | AB38: 40 | AC38: 21 | AD38: =AD37+(G38+H38-7.98-3.35-16.08)*1.9835 -> 4454.5671
A39: =A38+1 -> 28 | B39: 6863.82 | C39: 172058 | D39: =C39-C38 -> 411 | E39: =C39-152000 -> 20058 | F39: =D39/$D$2 -> 207.20948 | G39: 104 | H39: 15 | I39: =G39+H39 -> 119 | J39: =IF(L39>0,L39,0) -> 111.20948 | K39: =I39+J39 -> 230.20948 | L39: =F39-(I39-X39) -> 111.20948 | M39: 5 | N39: 0 | O39: 0 | P39: =M39-(N39+O39) -> 5 | Q39: 0 | R39: 0 | S39: =SUM(P39:R39) -> 5 | U39: 0 | V39: 18 | W39: =W38-V39 -> 200.11 | X39: =N39+O39+S39+U39+V39 -> 23 | Y39: =IF(L39<0,L39*-1,0) -> 0 | Z39: =X39+Y39 -> 23 | AA39: 0 | AB39: 62 | AC39: 34 | AD39: =AD38+(G39+H39-5.34-3.35-0)*1.9835 -> 4673.367
A40: =A39+1 -> 29 | B40: 6863.88 | C40: 172203 | D40: =C40-C39 -> 145 | E40: =C40-152000 -> 20203 | F40: =D40/$D$2 -> 73.103101 | G40: 87 | H40: 12 | I40: =G40+H40 -> 99 | J40: =IF(L40>0,L40,0) -> 0 | K40: =I40+J40 -> 99 | L40: =F40-(I40-X40) -> -2.7968994 | M40: 5.1 | N40: 0 | O40: 0 | P40: =M40-(N40+O40) -> 5.1 | Q40: 0 | R40: 0 | S40: =SUM(P40:R40) -> 5.1 | U40: 0 | V40: 18 | W40: =W39-V40 -> 182.11 | X40: =N40+O40+S40+U40+V40 -> 23.1 | Y40: =IF(L40<0,L40*-1,0) -> 2.7968994 | Z40: =X40+Y40 -> 25.896899 | AA40: 0 | AB40: 62 | AC40: 31 | AD40: =AD39+(G40+H40-5.51-3.35-0)*1.9835 -> 4852.1597
A41: 30 | B41: 6864 | C41: 172493 | D41: =C41-C40 -> 290 | E41: =C41-152000 -> 20493 | F41: =D41/$D$2 -> 146.2062 | G41: 98 | H41: 8.7 | I41: =G41+H41 -> 106.7 | J41: =IF(L41>0,L41,0) -> 62.606201 | K41: =I41+J41 -> 169.3062 | L41: =F41-(I41-X41) -> 62.606201 | M41: 5.1 | N41: 0 | O41: 0 | P41: =M41-(N41+O41) -> 5.1 | Q41: 0 | R41: 0 | S41: =SUM(P41:R41) -> 5.1 | U41: 0 | V41: 18 | W41: =W40-V41 -> 164.11 | X41: =N41+O41+S41+U41+V41 -> 23.1 | Y41: =IF(L41<0,L41*-1,0) -> 0 | Z41: =X41+Y41 -> 23.1 | AA41: 0 | AB41: 61 | AC41: 33 | AD41: =AD40+(G41+H41-5.51-3.35-0)*1.9835 -> 5046.2253
A42: 31 | B42: 6864.2 | C42: 172985 | D42: =C42-C41 -> 492 | E42: =C42-152000 -> 20985 | F42: =D42/$D$2 -> 248.04638 | G42: 123 | H42: 8 | I42: =G42+H42 -> 131 | J42: =IF(L42>0,L42,0) -> 166.04638 | K42: =I42+J42 -> 297.04638 | L42: =F42-(I42-X42) -> 166.04638 | M42: 31 | N42: 0 | O42: =(0.71+0.84)*1.05 -> 1.6275 | P42: =M42-(N42+O42) -> 29.3725 | Q42: 0 | R42: 0 | S42: =SUM(P42:R42) -> 29.3725 | U42: 0 | V42: 18 | W42: =W41-V42 -> 146.11 | X42: =N42+O42+S42+U42+V42 -> 49 | Y42: =IF(L42<0,L42*-1,0) -> 0 | Z42: =X42+Y42 -> 49 | AA42: 0 | AB42: 61 | AC42: 31 | AD42: =AD41+(G42+H42-5.51-3.35-22.99)*1.9835 -> 5242.8894
A44: MONTH / CFS | F44: =SUM(F12:F42) -> 4734.5601 | G44: =SUM(G12:G42) -> 2593 | H44: =SUM(H12:H42) -> 253.9 | I44: =SUM(I12:I42) -> 2846.9 | J44: =SUM(J12:J42) -> 2769.2785 | K44: =SUM(K12:K42) -> 5616.1785 | L44: =SUM(L12:L42) -> 2723.5601 | M44: =SUM(M12:M42) -> 294.9 | ... S44: =SUM(S12:S42) -> 293.2725 | U44: =SUM(U12:U42) -> 0 | V44: =SUM(V12:V42) -> 541 | X44: =SUM(X12:X42) -> 835.9 | Y44: =SUM(Y12:Y42) -> 45.718402 | Z44: =SUM(Z12:Z42) -> 881.6184 | AA44: =SUM(AA12:AA42) -> 1.8 | AB44: =AVERAGE(AB12:AB42) -> 50.258065 | AC44: =AVERAGE(AC12:AC42) -> 27.16129 | AD44: AVE
A45: MONTH / AF | D45: =SUM(D12:D42) -> 9391 | F45: =F44*$D$2 -> 9391 | G45: =G44*$D$2 -> 5143.2155 | H45: =H44*$D$2 -> 503.61065 | I45: =I44*$D$2 -> 5646.8261 | J45: =J44*$D$2 -> 5492.8639 | K45: =K44*$D$2 -> 11139.69 | L45: =L44*$D$2 -> 5402.1815 | M45: =M44*$D$2 -> 584.93415 | ... S45: =S44*$D$2 -> 581.706 | U45: =U44*$D$2 -> 0 | V45: =V44*$D$2 -> 1073.0735 | X45: =X44*$D$2 -> 1658.0077 | Y45: =Y44*$D$2 -> 90.68245 | Z45: =Z44*$D$2 -> 1748.6901 | AB45: =MAX(AB12:AB42) -> 64 | AC45: =MAX(AC12:AC42) -> 38 | AD45: HI
A47: SEASON / CFS | M47: 69.98 | O47: =O42 -> 1.6275 | P47: 68 | AB47: =MIN(AB12:AB42) -> 33 | AC47: =MIN(AC12:AC42) -> 6 | AD47: LO
A48: SEASON / AF | M48: =M47*$D$2 -> 138.80533 | O48: =O47*$D$2 -> 3.2281462 | P48: =P47*$D$2 -> 134.878
A50: YTD / CFS | F50: =F10+F44 -> 8277.2876 | G50: =G10+G44 -> 7554 | H50: =H10+H44 -> 282.74 | I50: =I10+I44 -> 7836.74 | J50: =J10+J44 -> 4478.7538 | K50: =K10+K44 -> 12315.494 | L50: =L10+L44 -> 3844.2376 | M50: =M10+M44 -> 1026.8 | ... S50: =S10+S44 -> 1138.1725 | U50: =U10+U44 -> 0 | V50: =V10+V44 -> 2263.89 | W50: =W42 -> 146.11 | X50: =X10+X44 -> 3403.69 | Y50: =Y10+Y44 -> 634.51615 | Z50: =Z10+Z44 -> 4038.2061 | AA50: =AA10+AA44 -> 7.04
A51: YTD / AF | D51: =D10+D45 -> 16418 | E51: =E42 -> 20985 | F51: =F50*$D$2 -> 16418 | G51: =G50*$D$2 -> 14983.359 | H51: =H50*$D$2 -> 560.81479 | I51: =I50*$D$2 -> 15544.174 | J51: =J50*$D$2 -> 8883.6081 | K51: =K50*$D$2 -> 24427.782 | L51: =L50*$D$2 -> 7625.0453 | M51: =M50*$D$2 -> 2036.6578 | ... S51: =S50*$D$2 -> 2257.5652 | U51: =U50*$D$2 -> 0 | V51: =V50*$D$2 -> 4490.4258 | W51: =W50*$D$2 -> 289.80919 | X51: =X50*$D$2 -> 6751.2191 | Y51: =Y50*$D$2 -> 1258.5628 | Z51: =Z50*$D$2 -> 8009.7819

Sheet APR
K1: MCPHEE RESERVOIR INFLOW/OUTFLOW TABULATION
A2: AF/cfs CONVERT FACTOR | D2: 1.9835 | K2: APRIL "2003"
D4: RESERVOIR | S4: INFLOW/OUTFLOW (CFS) | AB4: WEATHER
A5: DATE | B5: RESERV | C5: RESERV | D5: AC FT | E5: ACTIVE | F5: CONV TO | G5: DOLORES | H5: LOST | I5: RECORDED | J5: CALC | K5: TOTAL | L5: CALC | M5: DOLORES TUNNEL | Q5: LONE | R5: U | S5: TOTAL | T5: MVI | U5: DV CR | V5: BELOW | W5: REMAIN | X5: RECORDED | Y5: CALC | Z5: TOTAL | AA5: RAIN | AB5: MAX | AC5: MIN | AD5: NAR | AE5: MVI | AF5: MVI
A6: "APR" | B6: ELEV | C6: AC FT | D6: CHANGE | E6: CAP | F6: CFS | G6: RIVER | H6: CANYON | I6: INFLOW | J6: INFLOW | K6: INFLOW | L6: INF/OTF | M6: TOT DIV | N6: SWAMP | O6: UTE F&R | P6: MVI/CTZ/MWC | Q6: PINE | R6: LAT | S6: MVI | T6: CALL + | U6: CANAL | V6: MCPHEE | W6: RELEASE | X6: OUTFLOW | Y6: OUTFLOW | Z6: OUTFLOW | AB6: TMP | AC6: TMP | AD6: CALL | AE6: CALL | AF6: CALL
E7: AC FT | T7: TOT EX | AB7: NOV-OCT | AD7: AC FT | AE7: Apr - Jun | AF7: EVAP acft
W8: =14324+1200+150+100+573 -> 16347
A9: SEASON BAL | M9: =MAR!M47 -> 69.98 | O9: =MAR!O47 -> 1.6275 | P9: =MAR!P47 -> 68 | T9: 0
A10: YTD | B10: =MAR!B42 -> 6864.2 | C10: =MAR!C42 -> 172985 | D10: =MAR!D51 -> 16418 | E10: =MAR!E51 -> 20985 | F10: =MAR!F50 -> 8277.2876 | G10: =MAR!G50 -> 7554 | H10: =MAR!H50 -> 282.74 | I10: =MAR!I50 -> 7836.74 | J10: =MAR!J50 -> 4478.7538 | K10: =MAR!K50 -> 12315.494 | L10: =MAR!L50 -> 3844.2376 | M10: =MAR!M50 -> 1026.8 | ... S10: =MAR!S50 -> 1138.1725 | U10: =MAR!U50 -> 0 | V10: =MAR!V50 -> 2263.89 | W10: =W8/D2 -> 8241.4923 | X10: =MAR!X50 -> 3403.69 | Y10: =MAR!Y50 -> 634.51615 | Z10: =MAR!Z50 -> 4038.2061 | AA10: =MAR!AA50 -> 7.04 | AD10: =MAR!AD42 -> 5242.8894
A12: 1 | B12: 6864.44 | C12: 173574 | D12: =C12-C10 -> 589 | E12: =C12-152000 -> 21574 | F12: =D12/$D$2 -> 296.94984 | G12: 146 | H12: 12 | I12: =G12+H12 -> 158 | J12: =IF(L12>0,L12,0) -> 170.94984 | K12: =I12+J12 -> 328.94984 | L12: =F12-(I12-X12) -> 170.94984 | M12: 14 | N12: 0 | O12: =6.06*1.05 -> 6.363 | P12: =M12-(N12+O12) -> 7.637 | Q12: 0 | R12: 0 | S12: =SUM(P12:R12) -> 7.637 | T12: =T9+AE12 -> 0 | U12: 0 | V12: 18 | W12: =W10-V12 -> 8223.4923 | X12: =N12+O12+S12+U12+V12 -> 32 | Y12: =IF(L12<0,L12*-1,0) -> 0 | Z12: =X12+Y12 -> 32 | AA12: 0 | AB12: 66 | AC12: 33 | AD12: =AD10+(G12+H12-8-3.35-0)*1.9835 -> 5533.7696 | AE12: 0
A13: =A12+1 -> 2 | B13: 6864.65 | C13: 174090 | D13: =C13-C12 -> 516 | E13: =C13-152000 -> 22090 | F13: =D13/$D$2 -> 260.14621 | G13: 176 | H13: 16 | I13: =G13+H13 -> 192 | J13: =IF(L13>0,L13,0) -> 123.14621 | K13: =I13+J13 -> 315.14621 | L13: =F13-(I13-X13) -> 123.14621 | M13: 37 | N13: 0 | O13: =10.33*1.05 -> 10.8465 | P13: =M13-(N13+O13) -> 26.1535 | Q13: 0 | R13: 0 | S13: =SUM(P13:R13) -> 26.1535 | T13: =T12+AE13 -> 0 | U13: 0 | V13: 18 | W13: =W12-V13 -> 8205.4923 | X13: =N13+O13+S13+U13+V13 -> 55 | Y13: =IF(L13<0,L13*-1,0) -> 0 | Z13: =X13+Y13 -> 55 | AA13: 0 | AB13: 59 | AC13: 37 | AD13: =AD12+(G13+H13-8-3.35-17.4)*1.9835 -> 5857.576 | AE13: 0
A14: =A13+1 -> 3 | B14: 6864.87 | C14: 174631 | D14: =C14-C13 -> 541 | E14: =C14-152000 -> 22631 | F14: =D14/$D$2 -> 272.75019 | G14: 158 | H14: 12 | I14: =G14+H14 -> 170 | J14: =IF(L14>0,L14,0) -> 181.75019 | K14: =I14+J14 -> 351.75019 | L14: =F14-(I14-X14) -> 181.75019 | M14: 61 | N14: 0 | O14: =(4.76+7.06)*1.05 -> 12.411 | P14: =M14-(N14+O14) -> 48.589 | Q14: 0 | R14: 0 | S14: =SUM(P14:R14) -> 48.589 | T14: =T13+AE14 -> 0 | U14: 0 | V14: 18 | W14: =W13-V14 -> 8187.4923 | X14: =N14+O14+S14+U14+V14 -> 79 | Y14: =IF(L14<0,L14*-1,0) -> 0 | Z14: =X14+Y14 -> 79 | AA14: 0 | AB14: 47 | AC14: 26 | AD14: =AD13+(G14+H14-8-3.35-38.1)*1.9835 -> 6096.6869 | AE14: 0
A15: =A14+1 -> 4 | B15: 6864.99 | C15: 174925 | D15: =C15-C14 -> 294 | E15: =C15-152000 -> 22925 | F15: =D15/$D$2 -> 148.22284 | G15: 133 | H15: 9.3 | I15: =G15+H15 -> 142.3 | J15: =IF(L15>0,L15,0) -> 68.922838 | K15: =I15+J15 -> 211.22284 | L15: =F15-(I15-X15) -> 68.922838 | M15: 45 | N15: 0 | O15: =19.23*1.05 -> 20.1915 | P15: =M15-(N15+O15) -> 24.8085 | Q15: 0 | R15: 0 | S15: =SUM(P15:R15) -> 24.8085 | T15: =T14+AE15 -> 0 | U15: 0 | V15: 18 | W15: =W14-V15 -> 8169.4923 | X15: =N15+O15+S15+U15+V15 -> 63 | Y15: =IF(L15<0,L15*-1,0) -> 0 | Z15: =X15+Y15 -> 63 | AA15: 0 | AB15: 47 | AC15: 22 | AD15: =AD14+(G15+H15-8-3.35-13.8)*1.9835 -> 6329.054 | AE15: 0
A16: =A15+1 -> 5 | B16: 6865.15 | C16: 175324 | D16: =C16-C15 -> 399 | E16: =C16-152000 -> 23324 | F16: =D16/$D$2 -> 201.15957 | G16: 136 | H16: 8.4 | I16: =G16+H16 -> 144.4 | J16: =IF(L16>0,L16,0) -> 93.759566 | K16: =I16+J16 -> 238.15957 | L16: =F16-(I16-X16) -> 93.759566 | M16: 19 | N16: 0 | O16: =17.6*1.05 -> 18.48 | P16: =M16-(N16+O16) -> 0.52 | Q16: 0 | R16: 0 | S16: =SUM(P16:R16) -> 0.52 | T16: =T15+AE16 -> 0 | U16: 0 | V16: 18 | W16: =W15-V16 -> 8151.4923 | X16: =N16+O16+S16+U16+V16 -> 37 | Y16: =IF(L16<0,L16*-1,0) -> 0 | Z16: =X16+Y16 -> 37 | AA16: 0.03 | AB16: 47 | AC16: 27 | AD16: =AD15+(G16+H16-8-3.35-1.5)*1.9835 -> 6589.9834 | AE16: 0
A17: =A16+1 -> 6 | B17: 6865.32 | C17: 175749 | D17: =C17-C16 -> 425 | E17: =C17-152000 -> 23749 | F17: =D17/$D$2 -> 214.26771 | G17: 132 | H17: 7.3 | I17: =G17+H17 -> 139.3 | J17: =IF(L17>0,L17,0) -> 107.96771 | K17: =I17+J17 -> 247.26771 | L17: =F17-(I17-X17) -> 107.96771 | M17: 15 | N17: 0 | O17: =15.78*1.05 -> 16.569 | P17: =M17-(N17+O17) -> -1.569 | Q17: 0 | R17: 0 | S17: =SUM(P17:R17) -> -1.569 | T17: =T16+AE17 -> 0 | U17: 0 | V17: 18 | W17: =W16-V17 -> 8133.4923 | X17: =N17+O17+S17+U17+V17 -> 33 | Y17: =IF(L17<0,L17*-1,0) -> 0 | Z17: =X17+Y17 -> 33 | AA17: 0.16 | AB17: 40 | AC17: 22 | AD17: =AD16+(G17+H17-8-3.35-3.4)*1.9835 -> 6837.0283 | AE17: 0
A18: =A17+1 -> 7 | B18: 6865.5 | C18: 176198 | D18: =C18-C17 -> 449 | E18: =C18-152000 -> 24198 | F18: =D18/$D$2 -> 226.36753 | G18: 118 | H18: 6.5 | I18: =G18+H18 -> 124.5 | J18: =IF(L18>0,L18,0) -> 125.76753 | K18: =I18+J18 -> 250.26753 | L18: =F18-(I18-X18) -> 125.76753 | M18: 5.9 | N18: 0 | O18: =20.92*1.05 -> 21.966 | P18: =M18-(N18+O18) -> -16.066 | Q18: 0 | R18: 0 | S18: =SUM(P18:R18) -> -16.066 | T18: =T17+AE18 -> 0 | U18: 0 | V18: 18 | W18: =W17-V18 -> 8115.4923 | X18: =N18+O18+S18+U18+V18 -> 23.9 | Y18: =IF(L18<0,L18*-1,0) -> 0 | Z18: =X18+Y18 -> 23.9 | AA18: 0 | AB18: 46 | AC18: 23 | AD18: =AD17+(G18+H18-8-3.35-0)*1.9835 -> 7061.4613 | AE18: 0
A19: =A18+1 -> 8 | B19: 6865.59 | C19: 176422 | D19: =C19-C18 -> 224 | E19: =C19-152000 -> 24422 | F19: =D19/$D$2 -> 112.93169 | G19: 104 | H19: 5.3 | I19: =G19+H19 -> 109.3 | J19: =IF(L19>0,L19,0) -> 27.431686 | K19: =I19+J19 -> 136.73169 | L19: =F19-(I19-X19) -> 27.431686 | M19: 5.8 | N19: 0 | O19: =3.52*1.05 -> 3.696 | P19: =M19-(N19+O19) -> 2.104 | Q19: 0 | R19: 0 | S19: =SUM(P19:R19) -> 2.104 | T19: =T18+AE19 -> 0 | U19: 0 | V19: 18 | W19: =W18-V19 -> 8097.4923 | X19: =N19+O19+S19+U19+V19 -> 23.8 | Y19: =IF(L19<0,L19*-1,0) -> 0 | Z19: =X19+Y19 -> 23.8 | AA19: 0 | AB19: 58 | AC19: 25 | AD19: =AD18+(G19+H19-8-3.35-0)*1.9835 -> 7255.7452 | AE19: 0
A20: =A19+1 -> 9 | B20: 6865.77 | C20: 176871 | D20: =C20-C19 -> 449 | E20: =C20-152000 -> 24871 | F20: =D20/$D$2 -> 226.36753 | G20: 139 | H20: 6.8 | I20: =G20+H20 -> 145.8 | J20: =IF(L20>0,L20,0) -> 104.06753 | K20: =I20+J20 -> 249.86753 | L20: =F20-(I20-X20) -> 104.06753 | M20: 5.5 | N20: 0 | O20: 0 | P20: =M20-(N20+O20) -> 5.5 | Q20: 0 | R20: 0 | S20: =SUM(P20:R20) -> 5.5 | T20: =T19+AE20 -> 0 | U20: 0 | V20: 18 | W20: =W19-V20 -> 8079.4923 | X20: =N20+O20+S20+U20+V20 -> 23.5 | Y20: =IF(L20<0,L20*-1,0) -> 0 | Z20: =X20+Y20 -> 23.5 | AA20: 0 | AB20: 66 | AC20: 30 | AD20: =AD19+(G20+H20-8-3.35-0)*1.9835 -> 7522.4267 | AE20: 0
A21: =A20+1 -> 10 | B21: 6866.08 | C21: 177648 | D21: =C21-C20 -> 777 | E21: =C21-152000 -> 25648 | F21: =D21/$D$2 -> 391.73179 | G21: 212 | H21: 12 | I21: =G21+H21 -> 224 | J21: =IF(L21>0,L21,0) -> 201.73179 | K21: =I21+J21 -> 425.73179 | L21: =F21-(I21-X21) -> 201.73179 | M21: 16 | N21: 0 | O21: 0 | P21: =M21-(N21+O21) -> 16 | Q21: 0 | R21: 0 | S21: =SUM(P21:R21) -> 16 | T21: =T20+AE21 -> 0 | U21: 0 | V21: 18 | W21: =W20-V21 -> 8061.4923 | X21: =N21+O21+S21+U21+V21 -> 34 | Y21: =IF(L21<0,L21*-1,0) -> 0 | Z21: =X21+Y21 -> 34 | AA21: 0 | AB21: 67 | AC21: 34 | AD21: =AD20+(G21+H21-8-3.35-8)*1.9835 -> 7928.35 | AE21: 0
A22: =A21+1 -> 11 | B22: 6866.53 | C22: 178788 | D22: =C22-C21 -> 1140 | E22: =C22-152000 -> 26788 | F22: =D22/$D$2 -> 574.74162 | G22: 328 | H22: 18 | I22: =G22+H22 -> 346 | J22: =IF(L22>0,L22,0) -> 269.74162 | K22: =I22+J22 -> 615.74162 | L22: =F22-(I22-X22) -> 269.74162 | M22: 23 | N22: 0 | O22: =13.6*1.05 -> 14.28 | P22: =M22-(N22+O22) -> 8.72 | Q22: 0 | R22: 0 | S22: =SUM(P22:R22) -> 8.72 | T22: =T21+AE22 -> 0 | U22: 0 | V22: 18 | W22: =W21-V22 -> 8043.4923 | X22: =N22+O22+S22+U22+V22 -> 41 | Y22: =IF(L22<0,L22*-1,0) -> 0 | Z22: =X22+Y22 -> 41 | AA22: 0 | AB22: 68 | AC22: 35 | AD22: =AD21+(G22+H22-8-3.35-0.7)*1.9835 -> 8590.7398 | AE22: 0
A23: =A22+1 -> 12 | B23: 6867.05 | C23: 180107 | D23: =C23-C22 -> 1319 | E23: =C23-152000 -> 28107 | F23: =D23/$D$2 -> 664.98614 | G23: 445 | H23: 22 | I23: =G23+H23 -> 467 | J23: =IF(L23>0,L23,0) -> 232.98614 | K23: =I23+J23 -> 699.98614 | L23: =F23-(I23-X23) -> 232.98614 | M23: 17 | N23: 0 | O23: =5.7*1.05 -> 5.985 | P23: =M23-(N23+O23) -> 11.015 | Q23: 0 | R23: 0 | S23: =SUM(P23:R23) -> 11.015 | T23: =T22+AE23 -> 0 | U23: 0 | V23: 18 | W23: =W22-V23 -> 8025.4923 | X23: =N23+O23+S23+U23+V23 -> 35 | Y23: =IF(L23<0,L23*-1,0) -> 0 | Z23: =X23+Y23 -> 35 | AA23: 0 | AB23: 64 | AC23: 37 | AD23: =AD22+(G23+H23-8-3.35-3)*1.9835 -> 9488.5711 | AE23: 0
A24: =A23+1 -> 13 | B24: 6867.55 | C24: 181393 | D24: =C24-C23 -> 1286 | E24: =C24-152000 -> 29393 | F24: =D24/$D$2 -> 648.34888 | G24: 485 | H24: 20 | I24: =G24+H24 -> 505 | J24: =IF(L24>0,L24,0) -> 177.34888 | K24: =I24+J24 -> 682.34888 | L24: =F24-(I24-X24) -> 177.34888 | M24: 16 | N24: 0 | O24: =3.62*1.05 -> 3.801 | P24: =M24-(N24+O24) -> 12.199 | Q24: 0 | R24: 0 | S24: =SUM(P24:R24) -> 12.199 | T24: =T23+AE24-(AF24/1.9835) -> 61.75059 | U24: 0 | V24: 18 | W24: =W23-V24 -> 8007.4923 | X24: =N24+O24+S24+U24+V24 -> 34 | Y24: =IF(L24<0,L24*-1,0) -> 0 | Z24: =X24+Y24 -> 34 | AA24: 0 | AB24: 69 | AC24: 33 | AD24: 10400 | AE24: 61.8 | AF24: =23.5*(AE24*1.9835/E24) -> 0.098004186
A25: =A24+1 -> 14 | B25: 6868.17 | C25: 182993 | D25: =C25-C24 -> 1600 | E25: =C25-152000 -> 30993 | F25: =D25/$D$2 -> 806.6549 | G25: 633 | H25: 98 | I25: =G25+H25 -> 731 | J25: =IF(L25>0,L25,0) -> 140.7549 | K25: =I25+J25 -> 871.7549 | L25: =F25-(I25-X25) -> 140.7549 | M25: 45 | N25: 0 | O25: =14.68*1.05 -> 15.414 | P25: =M25-(N25+O25) -> 29.586 | Q25: 2.1 | R25: 0 | S25: =SUM(P25:R25) -> 31.686 | T25: =T24+AE25-(AF25/1.9835) -> 757.14006 | U25: 0 | V25: 18 | W25: =W24-V25 -> 7989.4923 | X25: =N25+O25+S25+U25+V25 -> 65.1 | Y25: =IF(L25<0,L25*-1,0) -> 0 | Z25: =X25+Y25 -> 65.1 | AA25: 0 | AB25: 64 | AC25: 33 | AD25: =AD24 -> 10400 | AE25: =IF(I25>S25,I25-S25,I25-S25)-3.35 -> 695.964 | AF25: =23.5*(T24*1.9835+AE25*1.9835)/E25 -> 1.1395729
A26: =A25+1 -> 15 | B26: 6868.88 | C26: 184845 | D26: =C26-C25 -> 1852 | E26: =C26-152000 -> 32845 | F26: =D26/$D$2 -> 933.70305 | G26: 729 | H26: 111 | I26: =G26+H26 -> 840 | J26: =IF(L26>0,L26,0) -> 188.70305 | K26: =I26+J26 -> 1028.7031 | L26: =F26-(I26-X26) -> 188.70305 | M26: 61 | N26: 0 | O26: =33.35*1.05 -> 35.0175 | P26: =M26-(N26+O26) -> 25.9825 | Q26: 16 | R26: 0 | S26: =SUM(P26:R26) -> 41.9825 | T26: =T25+AE26-(AF26/1.9835) -> 1520.0517 | U26: 0 | V26: 18 | W26: =W25-V26 -> 7971.4923 | X26: =N26+O26+S26+U26+V26 -> 95 | Y26: =IF(L26<0,L26*-1,0) -> 0 | Z26: =X26+Y26 -> 95 | AA26: 0 | AB26: 52 | AC26: 31 | AD26: =AD25 -> 10400 | AE26: 764 | AF26: =23.5*(T25*1.9835+AE26*1.9835)/E26 -> 2.1587383
A27: =A26+1 -> 16 | B27: 6869.33 | C27: 186031 | D27: =C27-C26 -> 1186 | E27: =C27-152000 -> 34031 | F27: =D27/$D$2 -> 597.93295 | G27: 539 | H27: 40 | I27: =G27+H27 -> 579 | J27: =IF(L27>0,L27,0) -> 119.93295 | K27: =I27+J27 -> 698.93295 | L27: =F27-(I27-X27) -> 119.93295 | M27: 72 | N27: 0 | O27: =40.67*1.05 -> 42.7035 | P27: =M27-(N27+O27) -> 29.2965 | Q27: 11 | R27: 0 | S27: =SUM(P27:R27) -> 40.2965 | T27: =T26+AE27-(AF27/1.9835) -> 2053.9859 | U27: 0 | V27: 18 | W27: =W26-V27 -> 7953.4923 | X27: =N27+O27+S27+U27+V27 -> 101 | Y27: =IF(L27<0,L27*-1,0) -> 0 | Z27: =X27+Y27 -> 101 | AA27: 0 | AB27: 58 | AC27: 26 | AD27: =AD26 -> 10400 | AE27: =IF(I27>S27,I27-S27,I27-S27)-3.35 -> 535.3535 | AF27: =23.5*(T26*1.9835+AE27*1.9835)/E27 -> 2.8152879
A28: =A27+1 -> 17 | B28: 6869.8 | C28: 187274 | D28: =C28-C27 -> 1243 | E28: =C28-152000 -> 35274 | F28: =D28/$D$2 -> 626.67003 | G28: 580 | H28: 39 | I28: =G28+H28 -> 619 | J28: =IF(L28>0,L28,0) -> 102.37003 | K28: =I28+J28 -> 721.37003 | L28: =F28-(I28-X28) -> 102.37003 | M28: 68 | N28: 0 | O28: =38.7*1.05 -> 40.635 | P28: =M28-(N28+O28) -> 27.365 | Q28: 8.7 | R28: 0 | S28: =SUM(P28:R28) -> 36.065 | T28: =T27+AE28-(AF28/1.9835) -> 2631.8163 | U28: 0 | V28: 18 | W28: =W27-V28 -> 7935.4923 | X28: =N28+O28+S28+U28+V28 -> 94.7 | Y28: =IF(L28<0,L28*-1,0) -> 0 | Z28: =X28+Y28 -> 94.7 | AA28: 0 | AB28: 61 | AC28: 33 | AD28: =AD27 -> 10400 | AE28: =IF(I28>S28,I28-S28,I28-S28)-3.35 -> 579.585 | AF28: =23.5*(T27*1.9835+AE28*1.9835)/E28 -> 3.4800891
A29: =A28+1 -> 18 | B29: 6870.16 | C29: 188232 | D29: =C29-C28 -> 958 | E29: =C29-152000 -> 36232 | F29: =D29/$D$2 -> 482.98462 | G29: 593 | H29: 48 | I29: =G29+H29 -> 641 | J29: =IF(L29>0,L29,0) -> 108.98462 | K29: =I29+J29 -> 749.98462 | L29: =F29-(I29-X29) -> 108.98462 | M29: 46 | N29: 0 | O29: =32.08*1.05 -> 33.684 | P29: =M29-(N29+O29) -> 12.316 | Q29: 203 | R29: 0 | S29: =SUM(P29:R29) -> 215.316 | T29: =T28+AE29-(AF29/1.9835) -> 3252.3395 | U29: 0 | V29: 18 | W29: =W28-V29 -> 7917.4923 | X29: =N29+O29+S29+U29+V29 -> 267 | Y29: =IF(L29<0,L29*-1,0) -> 0 | Z29: =X29+Y29 -> 267 | AA29: 0 | AB29: 51 | AC29: 32 | AD29: =AD28-(195.51*1.9835) -> 10012.206 | AE29: =I29-(P29+3.35+2.7) -> 622.634 | AF29: =23.5*(T28*1.9835+AE29*1.9835)/E29 -> 4.1868308
A30: =A29+1 -> 19 | B30: 6870.66 | C30: 188688 | D30: =C30-C29 -> 456 | E30: =C30-152000 -> 36688 | F30: =D30/$D$2 -> 229.89665 | G30: 480 | H30: 14 | I30: =G30+H30 -> 494 | J30: =IF(L30>0,L30,0) -> 124.89665 | K30: =I30+J30 -> 618.89665 | L30: =F30-(I30-X30) -> 124.89665 | M30: 12 | N30: 0 | O30: =7.96*1.05 -> 8.358 | P30: =M30-(N30+O30) -> 3.642 | Q30: 359 | R30: 0 | S30: =SUM(P30:R30) -> 362.642 | T30: =T29+AE30-(AF30/1.9835) -> 3736.9523 | U30: 0 | V30: 18 | W30: =W29-V30 -> 7899.4923 | X30: =N30+O30+S30+U30+V30 -> 389 | Y30: =IF(L30<0,L30*-1,0) -> 0 | Z30: =X30+Y30 -> 389 | AA30: 0.08 | AB30: 49 | AC30: 28 | AD30: =AD29-(Q30*1.9835) -> 9300.1294 | AE30: =I30-(P30+3.35) -> 487.008 | AF30: =23.5*(T29*1.9835+AE30*1.9835)/E30 -> 4.7508559
A31: =A30+1 -> 20 | B31: 6870.36 | C31: 188768 | D31: =C31-C30 -> 80 | E31: =C31-152000 -> 36768 | F31: =D31/$D$2 -> 40.332745 | G31: 436 | H31: 6.9 | I31: =G31+H31 -> 442.9 | J31: =IF(L31>0,L31,0) -> 0 | K31: =I31+J31 -> 442.9 | L31: =F31-(I31-X31) -> -20.067255 | M31: 5.5 | N31: 0 | O31: 0 | P31: =M31-(N31+O31) -> 5.5 | Q31: 359 | R31: 0 | S31: =SUM(P31:R31) -> 364.5 | T31: =T30+AE31-(AF31/1.9835) -> 4168.3365 | U31: 0 | V31: 18 | W31: =W30-V31 -> 7881.4923 | X31: =N31+O31+S31+U31+V31 -> 382.5 | Y31: =IF(L31<0,L31*-1,0) -> 20.067255 | Z31: =X31+Y31 -> 402.56725 | AA31: 0 | AB31: 60 | AC31: 27 | AD31: =AD30-(Q31*1.9835) -> 8588.0529 | AE31: =I31-(P31+R31+3.35) -> 434.05 | AF31: =23.5*(T30*1.9835+AE31*1.9835)/E31 -> 5.2877449
A32: =A31+1 -> 21 | B32: 6870.5 | C32: 189144 | D32: =C32-C31 -> 376 | E32: =C32-152000 -> 37144 | F32: =D32/$D$2 -> 189.5639 | G32: 539 | H32: 25 | I32: =G32+H32 -> 564 | J32: =IF(L32>0,L32,0) -> 54.663902 | K32: =I32+J32 -> 618.6639 | L32: =F32-(I32-X32) -> 54.663902 | M32: 52 | N32: 0 | O32: =35.03*1.05 -> 36.7815 | P32: =M32-(N32+O32) -> 15.2185 | Q32: 358 | R32: 1.1 | S32: =SUM(P32:R32) -> 374.3185 | T32: =T31+AE32-(AF32/1.9835) -> 4709.6864 | U32: 0 | V32: 18 | W32: =W31-V32 -> 7863.4923 | X32: =N32+O32+S32+U32+V32 -> 429.1 | Y32: =IF(L32<0,L32*-1,0) -> 0 | Z32: =X32+Y32 -> 429.1 | AA32: 0 | AB32: 65 | AC32: 38 | AD32: =AD31-(Q32*1.9835) -> 7877.9599 | AE32: =I32-(P32+R32+3.35) -> 544.3315 | AF32: =23.5*(T31*1.9835+AE32*1.9835)/E32 -> 5.913958
A33: =A32+1 -> 22 | B33: 6870.73 | C33: 189760 | D33: =C33-C32 -> 616 | E33: =C33-152000 -> 37760 | F33: =D33/$D$2 -> 310.56214 | G33: 641 | H33: 41 | I33: =G33+H33 -> 682 | J33: =IF(L33>0,L33,0) -> 64.562138 | K33: =I33+J33 -> 746.56214 | L33: =F33-(I33-X33) -> 64.562138 | M33: 59 | N33: 0 | O33: =59.9*1.05 -> 62.895 | P33: =M33-(N33+O33) -> -3.895 | Q33: 359 | R33: 0 | S33: =SUM(P33:R33) -> 355.105 | T33: =T32+AE33-(AF33/1.9835) -> 5388.8755 | U33: 0 | V33: 18 | W33: =W32-V33 -> 7845.4923 | X33: =N33+O33+S33+U33+V33 -> 436 | Y33: =IF(L33<0,L33*-1,0) -> 0 | Z33: =X33+Y33 -> 436 | AA33: 0.01 | AB33: 56 | AC33: 35 | AD33: =AD32-(Q33*1.9835) -> 7165.8834 | AE33: =I33-(P33+R33+3.35) -> 682.545 | AF33: =23.5*(T32*1.9835+AE33*1.9835)/E33 -> 6.6563569
A34: =A33+1 -> 23 | B34: 6870.84 | C34: 190055 | D34: =C34-C33 -> 295 | E34: =C34-152000 -> 38055 | F34: =D34/$D$2 -> 148.727 | G34: 543 | H34: 19 | I34: =G34+H34 -> 562 | J34: =IF(L34>0,L34,0) -> 30.726998 | K34: =I34+J34 -> 592.727 | L34: =F34-(I34-X34) -> 30.726998 | M34: 62 | N34: 0 | O34: =52.09*1.05 -> 54.6945 | P34: =M34-(N34+O34) -> 7.3055 | Q34: 360 | R34: 4 | S34: =SUM(P34:R34) -> 371.3055 | T34: =T33+AE34-(AF34/1.9835) -> 5932.5542 | U34: 0 | V34: 18 | W34: =W33-V34 -> 7827.4923 | X34: =N34+O34+S34+U34+V34 -> 444 | Y34: =IF(L34<0,L34*-1,0) -> 0 | Z34: =X34+Y34 -> 444 | AA34: 0.03 | AB34: 47 | AC34: 27 | AD34: =AD33-(Q34*1.9835) -> 6451.8234 | AE34: =I34-(P34+R34+3.35) -> 547.3445 | AF34: =23.5*(T33*1.9835+AE34*1.9835)/E34 -> 7.2710701
A35: =A34+1 -> 24 | B35: 6870.9 | C35: 190216 | D35: =C35-C34 -> 161 | E35: =C35-152000 -> 38216 | F35: =D35/$D$2 -> 81.16965 | G35: 448 | H35: 6.3 | I35: =G35+H35 -> 454.3 | J35: =IF(L35>0,L35,0) -> 47.06965 | K35: =I35+J35 -> 501.36965 | L35: =F35-(I35-X35) -> 47.06965 | M35: 38 | N35: 0 | O35: =34.41*1.05 -> 36.1305 | P35: =M35-(N35+O35) -> 1.8695 | Q35: 360 | R35: 4.2 | S35: =SUM(P35:R35) -> 366.0695 | T35: =T34+AE35-(AF35/1.9835) -> 6373.5131 | U35: 0 | V35: 18 | W35: =W34-V35 -> 7809.4923 | X35: =N35+O35+S35+U35+V35 -> 420.2 | Y35: =IF(L35<0,L35*-1,0) -> 0 | Z35: =X35+Y35 -> 420.2 | AA35: 0 | AB35: 62 | AC35: 31 | AD35: =AD34-(Q35*1.9835) -> 5737.7634 | AE35: =I35-(P35+R35+3.35) -> 444.8805 | AF35: =23.5*(T34*1.9835+AE35*1.9835)/E35 -> 7.7785897
A36: =A35+1 -> 25 | B36: 6871.08 | C36: 190701 | D36: =C36-C35 -> 485 | E36: =C36-152000 -> 38701 | F36: =D36/$D$2 -> 244.51727 | G36: 592 | H36: 13 | I36: =G36+H36 -> 605 | J36: =IF(L36>0,L36,0) -> 25.817267 | K36: =I36+J36 -> 630.81727 | L36: =F36-(I36-X36) -> 25.817267 | M36: 6.8 | N36: 0 | O36: =5.87*1.05 -> 6.1635 | P36: =M36-(N36+O36) -> 0.6365 | Q36: 360 | R36: 1.5 | S36: =SUM(P36:R36) -> 362.1365 | T36: =T35+AE36-(AF36/1.9835) -> 6968.7924 | U36: 0 | V36: 18 | W36: =W35-V36 -> 7791.4923 | X36: =N36+O36+S36+U36+V36 -> 386.3 | Y36: =IF(L36<0,L36*-1,0) -> 0 | Z36: =X36+Y36 -> 386.3 | AA36: 0 | AB36: 66 | AC36: 33 | AD36: =AD35-(Q36*1.9835) -> 5023.7034 | AE36: =I36-(P36+R36+3.35) -> 599.5135 | AF36: =23.5*(T35*1.9835+AE36*1.9835)/E36 -> 8.3984512
A37: =A36+1 -> 26 | B37: 6871.53 | C37: 191924 | D37: =C37-C36 -> 1223 | E37: =C37-152000 -> 39924 | F37: =D37/$D$2 -> 616.58684 | G37: 892 | H37: 52 | I37: =G37+H37 -> 944 | J37: =IF(L37>0,L37,0) -> 57.586841 | K37: =I37+J37 -> 1001.5868 | L37: =F37-(I37-X37) -> 57.586841 | M37: 6 | N37: 0 | O37: =0.61*1.05 -> 0.6405 | P37: =M37-(N37+O37) -> 5.3595 | Q37: 361 | R37: 0 | S37: =SUM(P37:R37) -> 366.3595 | T37: =T36+AE37-(AF37/1.9835) -> 7759.2225 | U37: 0 | V37: 18 | W37: =W36-V37 -> 7773.4923 | X37: =N37+O37+S37+U37+V37 -> 385 | Y37: =IF(L37<0,L37*-1,0) -> 0 | Z37: =X37+Y37 -> 385 | AA37: 0 | AB37: 68 | AC37: 36 | AD37: =AD36-(Q37*1.9835) -> 4307.6599 | AE37: 795 | AF37: =23.5*(T36*1.9835+AE37*1.9835)/E37 -> 9.0644182
A38: =A37+1 -> 27 | B38: 6872.19 | C38: 193724 | D38: =C38-C37 -> 1800 | E38: =C38-152000 -> 41724 | F38: =D38/$D$2 -> 907.48677 | G38: 1070 | H38: 96 | I38: =G38+H38 -> 1166 | J38: =IF(L38>0,L38,0) -> 130.38677 | K38: =I38+J38 -> 1296.3868 | L38: =F38-(I38-X38) -> 130.38677 | M38: 5.9 | N38: 0 | O38: 0 | P38: =M38-(N38+O38) -> 5.9 | Q38: 365 | R38: 0 | S38: =SUM(P38:R38) -> 370.9 | T38: =T37+AE38-(AF38/1.9835) -> 8549.4046 | U38: 0 | V38: 18 | W38: =W37-V38 -> 7755.4923 | X38: =N38+O38+S38+U38+V38 -> 388.9 | Y38: =IF(L38<0,L38*-1,0) -> 0 | Z38: =X38+Y38 -> 388.9 | AA38: 0 | AB38: 66 | AC38: 33 | AD38: =AD37-(Q38*1.9835) -> 3583.6824 | AE38: 795 | AF38: =23.5*(T37*1.9835+AE38*1.9835)/E38 -> 9.5564078
A39: =A38+1 -> 28 | B39: 6872.81 | C39: 195430 | D39: =C39-C38 -> 1706 | E39: =C39-152000 -> 43430 | F39: =D39/$D$2 -> 860.09579 | G39: 1020 | H39: 80 | I39: =G39+H39 -> 1100 | J39: =IF(L39>0,L39,0) -> 248.09579 | K39: =I39+J39 -> 1348.0958 | L39: =F39-(I39-X39) -> 248.09579 | M39: 72 | N39: 0 | O39: =29.96*1.05 -> 31.458 | P39: =M39-(N39+O39) -> 40.542 | Q39: 363 | R39: 0 | S39: =SUM(P39:R39) -> 403.542 | T39: =T38+AE39-(AF39/1.9835) -> 9287.4844 | U39: 35 | V39: 18 | W39: =W38-V39 -> 7737.4923 | X39: =N39+O39+S39+U39+V39 -> 488 | Y39: =IF(L39<0,L39*-1,0) -> 0 | Z39: =X39+Y39 -> 488 | AA39: 0 | AB39: 69 | AC39: 36 | AD39: =AD38-(Q39*1.9835) -> 2863.6719 | AE39: =795-(P39+3.35+8) -> 743.108 | AF39: =23.5*(T38*1.9835+AE39*1.9835)/E39 -> 9.9734036
A40: =A39+1 -> 29 | B40: 6873.27 | C40: 196705 | D40: =C40-C39 -> 1275 | E40: =C40-152000 -> 44705 | F40: =D40/$D$2 -> 642.80313 | G40: 934 | H40: 75 | I40: =G40+H40 -> 1009 | J40: =IF(L40>0,L40,0) -> 178.80313 | K40: =I40+J40 -> 1187.8031 | L40: =F40-(I40-X40) -> 178.80313 | M40: 108 | N40: 0 | O40: =66.62*1.05 -> 69.951 | P40: =M40-(N40+O40) -> 38.049 | Q40: 362 | R40: 0 | S40: =SUM(P40:R40) -> 400.049 | T40: =T39+AE40-(AF40/1.9835) -> 10027.811 | U40: 57 | V40: 18 | W40: =W39-V40 -> 7719.4923 | X40: =N40+O40+S40+U40+V40 -> 545 | Y40: =IF(L40<0,L40*-1,0) -> 0 | Z40: =X40+Y40 -> 545 | AA40: 0 | AB40: 60 | AC40: 33 | AD40: =AD39-(Q40*1.9835) -> 2145.6449 | AE40: =795-(P40+3.35+8) -> 745.601 | AF40: =23.5*(T39*1.9835+AE40*1.9835)/E40 -> 10.461127
A41: 30 | B41: 6873.6 | C41: 197625 | D41: =C41-C40 -> 920 | E41: =C41-152000 -> 45625 | F41: =D41/$D$2 -> 463.82657 | G41: 941 | H41: 29 | I41: =G41+H41 -> 970 | J41: =IF(L41>0,L41,0) -> 13.826569 | K41: =I41+J41 -> 983.82657 | L41: =F41-(I41-X41) -> 13.826569 | M41: 83 | N41: 0 | O41: =49.4*1.05 -> 51.87 | P41: =M41-(N41+O41) -> 31.13 | Q41: 364 | R41: 0 | S41: =SUM(P41:R41) -> 395.13 | T41: =T40+AE41-(AF41/1.9835) -> 10774.779 | U41: 55 | V41: 18 | W41: =W40-V41 -> 7701.4923 | X41: =N41+O41+S41+U41+V41 -> 520 | Y41: =IF(L41<0,L41*-1,0) -> 0 | Z41: =X41+Y41 -> 520 | AA41: 0 | AB41: 56 | AC41: 29 | AD41: =AD40-(Q41*1.9835) -> 1423.6509 | AE41: =795-(P41+3.35+8) -> 752.52 | AF41: =23.5*(T40*1.9835+AE41*1.9835)/E41 -> 11.0136
A43: MONTH / CFS | F43: =SUM(F12:F41) -> 12422.486 | G43: =SUM(G12:G41) -> 14322 | H43: =SUM(H12:H41) -> 948.8 | I43: =SUM(I12:I41) -> 15270.8 | J43: =SUM(J12:J41) -> 3522.7528 | K43: =SUM(K12:K41) -> 18793.553 | L43: =SUM(L12:L41) -> 3502.6855 | M43: =SUM(M12:M41) -> 1082.4 | ... S43: =SUM(S12:S41) -> 5003.0145 | U43: =SUM(U12:U41) -> 147 | V43: =SUM(V12:V41) -> 540 | X43: =SUM(X12:X41) -> 6351 | Y43: =SUM(Y12:Y41) -> 20.067255 | Z43: =SUM(Z12:Z41) -> 6371.0673 | AA43: =SUM(AA12:AA41) -> 0.31 | AB43: =AVERAGE(AB12:AB41) -> 58.466667 | AC43: =AVERAGE(AC12:AC41) -> 30.833333 | AD43: AVG | AF43: =SUM(AF12:AF41) -> 110.00451
A44: MONTH / AF | D44: =SUM(D12:D41) -> 24640 | F44: =F43*$D$2 -> 24640 | G44: =G43*$D$2 -> 28407.687 | H44: =H43*$D$2 -> 1881.9448 | I44: =I43*$D$2 -> 30289.632 | J44: =J43*$D$2 -> 6987.3801 | K44: =K43*$D$2 -> 37277.012 | L44: =L43*$D$2 -> 6947.5767 | M44: =M43*$D$2 -> 2146.9404 | ... S44: =S43*$D$2 -> 9923.4793 | U44: =U43*$D$2 -> 291.5745 | V44: =V43*$D$2 -> 1071.09 | X44: =X43*$D$2 -> 12597.209 | Y44: =Y43*$D$2 -> 39.8034 | Z44: =Z43*$D$2 -> 12637.012 | AB44: =MAX(AB12:AB41) -> 69 | AC44: =MAX(AC12:AC41) -> 38 | AD44: HI | AF44: =AF43*$D$2 -> 218.19394
A46: SEASON / CFS | F46: =F9+F43 -> 12422.486 | G46: =G9+G43 -> 14322 | H46: =H9+H43 -> 948.8 | I46: =I9+I43 -> 15270.8 | J46: =J9+J43 -> 3522.7528 | K46: =K9+K43 -> 18793.553 | L46: =L9+L43 -> 3502.6855 | M46: =M9+M43 -> 1152.38 | ... S46: =S9+S43 -> 5003.0145 | T46: =T41 -> 10774.779 | U46: =U9+U43 -> 147 | V46: =V9+V43 -> 540 | X46: =X9+X43 -> 6351 | Y46: =Y9+Y43 -> 20.067255 | Z46: =Z9+Z43 -> 6371.0673 | AB46: =MIN(AB12:AB41) -> 40 | AC46: =MIN(AC12:AC41) -> 22 | AD46: LO | AF46: =AF9+AF43 -> 110.00451
A47: SEASON / AF | F47: =F46*$D$2 -> 24640 | G47: =G46*$D$2 -> 28407.687 | H47: =H46*$D$2 -> 1881.9448 | I47: =I46*$D$2 -> 30289.632 | J47: =J46*$D$2 -> 6987.3801 | K47: =K46*$D$2 -> 37277.012 | L47: =L46*$D$2 -> 6947.5767 | M47: =M46*$D$2 -> 2285.7457 | ... V47: =V46*$D$2 -> 1071.09 | X47: =X46*$D$2 -> 12597.209 | Y47: =Y46*$D$2 -> 39.8034 | Z47: =Z46*$D$2 -> 12637.012 | AF47: =AF46*$D$2 -> 218.19394
A49: YTD / CFS | F49: =F10+F43 -> 20699.773 | G49: =G10+G43 -> 21876 | H49: =H10+H43 -> 1231.54 | I49: =I10+I43 -> 23107.54 | J49: =J10+J43 -> 8001.5065 | K49: =K10+K43 -> 31109.047 | L49: =L10+L43 -> 7346.9231 | M49: =M10+M43 -> 2109.2 | ... S49: =S10+S43 -> 6141.187 | U49: =U10+U43 -> 147 | V49: =V10+V43 -> 2803.89 | W49: =W41 -> 7701.4923 | X49: =X10+X43 -> 9754.69 | Y49: =Y10+Y43 -> 654.5834 | Z49: =Z10+Z43 -> 10409.273 | AA49: =AA10+AA43 -> 7.35 | AF49: =AF10+AF43 -> 110.00451
A50: YTD / AF | D50: =D10+D44 -> 41058 | E50: =E41 -> 45625 | F50: =F49*$D$2 -> 41058 | G50: =G49*$D$2 -> 43391.046 | H50: =H49*$D$2 -> 2442.7596 | I50: =I49*$D$2 -> 45833.806 | J50: =J49*$D$2 -> 15870.988 | K50: =K49*$D$2 -> 61704.794 | L50: =L49*$D$2 -> 14572.622 | M50: =M49*$D$2 -> 4183.5982 | ... S50: =S49*$D$2 -> 12181.044 | U50: =U49*$D$2 -> 291.5745 | V50: =V49*$D$2 -> 5561.5158 | W50: =W49*$D$2 -> 15275.91 | X50: =X49*$D$2 -> 19348.428 | Y50: =Y49*$D$2 -> 1298.3662 | Z50: =Z49*$D$2 -> 20646.794 | AF50: =AF49*$D$2 -> 218.19394

Sheet MAY
K1: MCPHEE RESERVOIR INFLOW/OUTFLOW TABULATION
A2: AF/cfs CONVERT FACTOR | D2: 1.9835 | K2: MAY "2003"
D4: RESERVOIR | Q4: INFLOW/OUTFLOW (CFS) | AB4: WEATHER
A5: DATE | B5: RESERV | C5: RESERV | D5: AC FT | E5: ACTIVE | F5: CONV TO | G5: DOLORES | H5: LOST | I5: RECORDED | J5: CALC | K5: TOTAL | L5: CALC | M5: DOLORES TUNNEL | Q5: LONE | R5: U | S5: TOTAL | T5: MVI | U5: DV CR | V5: BELOW | W5: REMAIN | X5: RECORDED | Y5: CALC | Z5: TOTAL | AA5: RAIN | AB5: MAX | AC5: MIN | AD5: NAR | AE5: MVI | AF5: MVI
A6: "MAY" | B6: ELEV | C6: AC FT | D6: CHANGE | E6: CAP | F6: CFS | G6: RIVER | H6: CANYON | I6: INFLOW | J6: INFLOW | K6: INFLOW | L6: INF/OTF | M6: TOT DIV | N6: SWAMP | O6: UTE F&R | P6: MVI,CTZ | Q6: PINE | R6: LAT | S6: MVI | T6: CALL + | U6: CANAL | V6: MCPHEE | W6: RELEASE | X6: OUTFLOW | Y6: OUTFLOW | Z6: OUTFLOW | AB6: TMP | AC6: TMP | AD6: CALL | AE6: CALL | AF6: CALL
E7: AC FT | T7: TOT EX | AB7: NOV-OCT | AE7: Apr-Jun | AF7: EVAP acft
A9: SEASON BAL | F9: =APR!F46 -> 12422.486 | G9: =APR!G46 -> 14322 | H9: =APR!H46 -> 948.8 | I9: =APR!I46 -> 15270.8 | J9: =APR!J46 -> 3522.7528 | K9: =APR!K46 -> 18793.553 | L9: =APR!L46 -> 3502.6855 | M9: =APR!M46 -> 1152.38 | ... V9: =APR!V46 -> 540 | X9: =APR!X46 -> 6351 | Y9: =APR!Y46 -> 20.067255 | Z9: =APR!Z46 -> 6371.0673 | AD9: =APR!AD41 -> 1423.6509 | AF9: =APR!AF46 -> 110.00451
A10: YTD | B10: =APR!B41 -> 6873.6 | C10: =APR!C41 -> 197625 | D10: =APR!D50 -> 41058 | E10: =APR!E50 -> 45625 | F10: =APR!F49 -> 20699.773 | G10: =APR!G49 -> 21876 | H10: =APR!H49 -> 1231.54 | I10: =APR!I49 -> 23107.54 | J10: =APR!J49 -> 8001.5065 | K10: =APR!K49 -> 31109.047 | L10: =APR!L49 -> 7346.9231 | M10: =APR!M49 -> 2109.2 | ... S10: =APR!S49 -> 6141.187 | U10: =APR!U49 -> 147 | V10: =APR!V49 -> 2803.89 | W10: =APR!W49 -> 7701.4923 | X10: =APR!X49 -> 9754.69 | Y10: =APR!Y49 -> 654.5834 | Z10: =APR!Z49 -> 10409.273 | AA10: =APR!AA49 -> 7.35 | AF10: =APR!AF49 -> 110.00451
A12: 1 | B12: 6873.95 | C12: 198600 | D12: =C12-C10 -> 975 | E12: =C12-152000 -> 46600 | F12: =D12/$D$2 -> 491.55533 | G12: 931 | H12: 21 | I12: =G12+H12 -> 952 | J12: =IF(L12>0,L12,0) -> 0 | K12: =I12+J12 -> 952 | L12: =F12-(I12-X12) -> -93.444669 | M12: 83 | N12: 0 | O12: =43.33*1.05 -> 45.4965 | P12: =M12-(N12+O12) -> 37.5035 | Q12: 253 | R12: 0 | S12: =SUM(P12:R12) -> 290.5035 | T12: =T9+AE12-(AF12/1.9835) -> 11515.115 | U12: 13 | V12: 18 | W12: =W10-V12 -> 7683.4923 | X12: =N12+O12+S12+U12+V12 -> 367 | Y12: =IF(L12<0,L12*-1,0) -> 93.444669 | Z12: =X12+Y12 -> 460.44467 | AA12: 0 | AB12: 59 | AC12: 28 | AD12: =AD9-(Q12*1.9835) -> 921.82542 | AE12: =795-(P12+3.35+8) -> 746.1465 | AF12: =23.5*(T9*1.9835+AE12*1.9835)/E12 -> 11.523954
A13: =A12+1 -> 2 | B13: 6874.53 | C13: 200234 | D13: =C13-C12 -> 1634 | E13: =C13-152000 -> 48234 | F13: =D13/$D$2 -> 823.79632 | G13: 894 | H13: 11 | I13: =G13+H13 -> 905 | J13: =IF(L13>0,L13,0) -> 0 | K13: =I13+J13 -> 905 | L13: =F13-(I13-X13) -> -22.20368 | M13: 41 | N13: 0 | O13: =8.64*1.05 -> 9.072 | P13: =M13-(N13+O13) -> 31.928 | Q13: 0 | R13: 0 | S13: =SUM(P13:R13) -> 31.928 | T13: =T12+AE13+(AD12/1.9835)-(AF13/1.9835) -> 12725.608 | U13: 0 | V13: 18 | W13: =W12-V13 -> 7665.4923 | X13: =N13+O13+S13+U13+V13 -> 59 | Y13: =IF(L13<0,L13*-1,0) -> 22.20368 | Z13: =X13+Y13 -> 81.20368 | AA13: 0 | AB13: 63 | AC13: 38 | AD13: 0 | AE13: =795-(S13+3.35+8) -> 751.722 | AF13: =23.5*(T12*1.9835+AE13*1.9835)/E13 -> 11.854395
A14: =A13+1 -> 3 | B14: 6875.12 | C14: 201903 | D14: =C14-C13 -> 1669 | E14: =C14-152000 -> 49903 | F14: =D14/$D$2 -> 841.4419 | G14: 893 | H14: 5.8 | I14: =G14+H14 -> 898.8 | J14: =IF(L14>0,L14,0) -> 3.6418956 | K14: =I14+J14 -> 902.4419 | L14: =F14-(I14-X14) -> 3.6418956 | M14: 43 | N14: 0 | O14: 0 | P14: =M14-(N14+O14) -> 43 | Q14: 0 | R14: 0 | S14: =SUM(P14:R14) -> 43 | T14: =T13+AE14-(AF14/1.9835) -> 13459.916 | U14: 0 | V14: 18 | W14: =W13-V14 -> 7647.4923 | X14: =N14+O14+S14+U14+V14 -> 61 | Y14: =IF(L14<0,L14*-1,0) -> 0 | Z14: =X14+Y14 -> 61 | AA14: 0 | AB14: 65 | AC14: 43 | AD14: 0 | AE14: =795-(S14+3.35+8) -> 740.65 | AF14: =23.5*(T13*1.9835+AE14*1.9835)/E14 -> 12.578253
A15: =A14+1 -> 4 | B15: 6875.79 | C15: 203816 | D15: =C15-C14 -> 1913 | E15: =C15-152000 -> 51816 | F15: =D15/$D$2 -> 964.45677 | G15: 995 | H15: 4.6 | I15: =G15+H15 -> 999.6 | J15: =IF(L15>0,L15,0) -> 75.856768 | K15: =I15+J15 -> 1075.4568 | L15: =F15-(I15-X15) -> 75.856768 | M15: 67 | N15: 0 | O15: 0 | P15: =M15-(N15+O15) -> 67 | Q15: 0 | R15: 0 | S15: =SUM(P15:R15) -> 67 | T15: =T14+AE15-(AF15/1.9835) -> 14170.137 | U15: 26 | V15: 18 | W15: =W14-V15 -> 7629.4923 | X15: =N15+O15+S15+U15+V15 -> 111 | Y15: =IF(L15<0,L15*-1,0) -> 0 | Z15: =X15+Y15 -> 111 | AA15: 0.11 | AB15: 55 | AC15: 33 | AD15: 0 | AE15: =795-(S15+3.35+8) -> 716.65 | AF15: =23.5*(T14*1.9835+AE15*1.9835)/E15 -> 12.752849
A16: =A15+1 -> 5 | B16: 6876.17 | C16: 204906 | D16: =C16-C15 -> 1090 | E16: =C16-152000 -> 52906 | F16: =D16/$D$2 -> 549.53365 | G16: 792 | H16: 3.2 | I16: =G16+H16 -> 795.2 | J16: =IF(L16>0,L16,0) -> 1.3336526 | K16: =I16+J16 -> 796.53365 | L16: =F16-(I16-X16) -> 1.3336526 | M16: 180 | N16: 0 | O16: =36*1.05 -> 37.8 | P16: =M16-(N16+O16) -> 142.2 | Q16: 43 | R16: 6 | S16: =SUM(P16:R16) -> 191.2 | T16: =T15+AE16-(AF16/1.9835) -> 14756.029 | U16: 0 | V16: 18 | W16: =W15-V16 -> 7611.4923 | X16: =N16+O16+S16+U16+V16 -> 247 | Y16: =IF(L16<0,L16*-1,0) -> 0 | Z16: =X16+Y16 -> 247 | AA16: 0 | AB16: 56 | AC16: 32 | AD16: 0 | AE16: =795-(S16+3.35+8) -> 592.45 | AF16: =23.5*(T15*1.9835+AE16*1.9835)/E16 -> 13.006415
A17: =A16+1 -> 6 | B17: 6876.42 | C17: 205628 | D17: =C17-C16 -> 722 | E17: =C17-152000 -> 53628 | F17: =D17/$D$2 -> 364.00302 | G17: 661 | H17: 2.5 | I17: =G17+H17 -> 663.5 | J17: =IF(L17>0,L17,0) -> 69.503025 | K17: =I17+J17 -> 733.00302 | L17: =F17-(I17-X17) -> 69.503025 | M17: 252 | N17: 0 | O17: =65.76*1.05 -> 69.048 | P17: =M17-(N17+O17) -> 182.952 | Q17: 90 | R17: 9 | S17: =SUM(P17:R17) -> 281.952 | T17: =T16+AE17-(AF17/1.9835) -> 15119.599 | U17: 0 | V17: 18 | W17: =W16-V17 -> 7593.4923 | X17: =N17+O17+S17+U17+V17 -> 369 | Y17: =IF(L17<0,L17*-1,0) -> 0 | Z17: =X17+Y17 -> 369 | AA17: 0 | AB17: 59 | AC17: 31 | AD17: 0 | AE17: =IF(I17>S17,I17-S17,I17-S17)-(3.35+8) -> 370.198 | AF17: =23.5*(T16*1.9835+AE17*1.9835)/E17 -> 13.147376
A18: =A17+1 -> 7 | B18: 6876.56 | C18: 206033 | D18: =C18-C17 -> 405 | E18: =C18-152000 -> 54033 | F18: =D18/$D$2 -> 204.18452 | G18: 602 | H18: 2.1 | I18: =G18+H18 -> 604.1 | J18: =IF(L18>0,L18,0) -> 2.0845223 | K18: =I18+J18 -> 606.18452 | L18: =F18-(I18-X18) -> 2.0845223 | M18: 260 | N18: 0 | O18: =67.95*1.05 -> 71.3475 | P18: =M18-(N18+O18) -> 188.6525 | Q18: 111 | R18: 14 | S18: =SUM(P18:R18) -> 313.6525 | T18: =T17+AE18-(AF18/1.9835) -> 15391.999 | U18: 0 | V18: 17 | W18: =W17-V18 -> 7576.4923 | X18: =N18+O18+S18+U18+V18 -> 402 | Y18: =IF(L18<0,L18*-1,0) -> 0 | Z18: =X18+Y18 -> 402 | AA18: 0 | AB18: 62 | AC18: 40 | AD18: 0 | AE18: =IF(I18>S18,I18-S18,I18-S18)-(3.35+8) -> 279.0975 | AF18: =23.5*(T17*1.9835+AE18*1.9835)/E18 -> 13.28388
A19: =A18+1 -> 8 | B19: 6876.69 | C19: 206408 | D19: =C19-C18 -> 375 | E19: =C19-152000 -> 54408 | F19: =D19/$D$2 -> 189.05974 | G19: 576 | H19: 1.9 | I19: =G19+H19 -> 577.9 | J19: =IF(L19>0,L19,0) -> 0 | K19: =I19+J19 -> 577.9 | L19: =F19-(I19-X19) -> -16.840257 | M19: 230 | N19: 0 | O19: =57.75*1.05 -> 60.6375 | P19: =M19-(N19+O19) -> 169.3625 | Q19: 111 | R19: 14 | S19: =SUM(P19:R19) -> 294.3625 | T19: =T18+AE19-(AF19/1.9835) -> 15657.421 | U19: 0 | V19: 17 | W19: =W18-V19 -> 7559.4923 | X19: =N19+O19+S19+U19+V19 -> 372 | Y19: =IF(L19<0,L19*-1,0) -> 16.840257 | Z19: =X19+Y19 -> 388.84026 | AA19: 0.01 | AB19: 59 | AC19: 36 | AD19: 0 | AE19: =IF(I19>S19,I19-S19,I19-S19)-(3.35+8) -> 272.1875 | AF19: =23.5*(T18*1.9835+AE19*1.9835)/E19 -> 13.419773
A20: =A19+1 -> 9 | B20: 6876.82 | C20: 206784 | D20: =C20-C19 -> 376 | E20: =C20-152000 -> 54784 | F20: =D20/$D$2 -> 189.5639 | G20: 518 | H20: 1.8 | I20: =G20+H20 -> 519.8 | J20: =IF(L20>0,L20,0) -> 0 | K20: =I20+J20 -> 519.8 | L20: =F20-(I20-X20) -> -5.2360978 | M20: 179 | N20: 0 | O20: =29.95*1.05 -> 31.4475 | P20: =M20-(N20+O20) -> 147.5525 | Q20: 112 | R20: 15 | S20: =SUM(P20:R20) -> 274.5525 | T20: =T19+AE20-(AF20/1.9835) -> 15884.502 | U20: 0 | V20: 19 | W20: =W19-V20 -> 7540.4923 | X20: =N20+O20+S20+U20+V20 -> 325 | Y20: =IF(L20<0,L20*-1,0) -> 5.2360978 | Z20: =X20+Y20 -> 330.2361 | AA20: 0 | AB20: 56 | AC20: 30 | AD20: 0 | AE20: =IF(I20>S20,I20-S20,I20-S20)-(3.35+8) -> 233.8975 | AF20: =23.5*(T19*1.9835+AE20*1.9835)/E20 -> 13.520921
A21: =A20+1 -> 10 | B21: 6876.87 | C21: 206928 | D21: =C21-C20 -> 144 | E21: =C21-152000 -> 54928 | F21: =D21/$D$2 -> 72.598941 | G21: 472 | H21: 1.7 | I21: =G21+H21 -> 473.7 | J21: =IF(L21>0,L21,0) -> 0 | K21: =I21+J21 -> 473.7 | L21: =F21-(I21-X21) -> -49.101059 | M21: 171 | N21: 0 | O21: 0 | P21: =M21-(N21+O21) -> 171 | Q21: 131 | R21: 18 | S21: =SUM(P21:R21) -> 320 | T21: =T20+AE21-(AF21/1.9835) -> 16019.995 | U21: 13 | V21: 19 | W21: =W20-V21 -> 7521.4923 | X21: =N21+O21+S21+U21+V21 -> 352 | Y21: =IF(L21<0,L21*-1,0) -> 49.101059 | Z21: =X21+Y21 -> 401.10106 | AA21: 0 | AB21: 55 | AC21: 22 | AD21: 0 | AE21: =IF(I21>S21,I21-S21,I21-S21)-(3.35+8) -> 142.35 | AF21: =23.5*(T20*1.9835+AE21*1.9835)/E21 -> 13.600488
A22: =A21+1 -> 11 | B22: 6876.89 | C22: 206986 | D22: =C22-C21 -> 58 | E22: =C22-152000 -> 54986 | F22: =D22/$D$2 -> 29.24124 | G22: 444 | H22: 1.6 | I22: =G22+H22 -> 445.6 | J22: =IF(L22>0,L22,0) -> 0 | K22: =I22+J22 -> 445.6 | L22: =F22-(I22-X22) -> -35.75876 | M22: 196 | N22: 0 | O22: 0 | P22: =M22-(N22+O22) -> 196 | Q22: 141 | R22: 18 | S22: =SUM(P22:R22) -> 355 | T22: =T21+AE22-(AF22/1.9835) -> 16092.365 | U22: 6.6 | V22: 19 | W22: =W21-V22 -> 7502.4923 | X22: =N22+O22+S22+U22+V22 -> 380.6 | Y22: =IF(L22<0,L22*-1,0) -> 35.75876 | Z22: =X22+Y22 -> 416.35876 | AA22: 0 | AB22: 66 | AC22: 32 | AD22: 0 | AE22: =IF(I22>S22,I22-S22,I22-S22)-(3.35+8) -> 79.25 | AF22: =23.5*(T21*1.9835+AE22*1.9835)/E22 -> 13.647511
A23: =A22+1 -> 12 | B23: 6876.98 | C23: 207246 | D23: =C23-C22 -> 260 | E23: =C23-152000 -> 55246 | F23: =D23/$D$2 -> 131.08142 | G23: 560 | H23: 1.5 | I23: =G23+H23 -> 561.5 | J23: =IF(L23>0,L23,0) -> 0 | K23: =I23+J23 -> 561.5 | L23: =F23-(I23-X23) -> -35.618578 | M23: 191 | N23: 2.02 | O23: =8.23*1.05 -> 8.6415 | P23: =M23-(N23+O23) -> 180.3385 | Q23: 141 | R23: 37 | S23: =SUM(P23:R23) -> 358.3385 | T23: =T22+AE23-(AF23/1.9835) -> 16277.249 | U23: 6.8 | V23: 19 | W23: =W22-V23 -> 7483.4923 | X23: =N23+O23+S23+U23+V23 -> 394.8 | Y23: =IF(L23<0,L23*-1,0) -> 35.618578 | Z23: =X23+Y23 -> 430.41858 | AA23: 0 | AB23: 71 | AC23: 38 | AD23: 0 | AE23: =IF(I23>S23,I23-S23,I23-S23)-(3.35+8) -> 191.8115 | AF23: =23.5*(T22*1.9835+AE23*1.9835)/E23 -> 13.739313
A24: =A23+1 -> 13 | B24: 6877.22 | C24: 207946 | D24: =C24-C23 -> 700 | E24: =C24-152000 -> 55946 | F24: =D24/$D$2 -> 352.91152 | G24: 787 | H24: 1.4 | I24: =G24+H24 -> 788.4 | J24: =IF(L24>0,L24,0) -> 47.51152 | K24: =I24+J24 -> 835.91152 | L24: =F24-(I24-X24) -> 47.51152 | M24: 244 | N24: 3.03 | O24: =16.73*1.05 -> 17.5665 | P24: =M24-(N24+O24) -> 223.4035 | Q24: 156 | R24: 43 | S24: =SUM(P24:R24) -> 422.4035 | T24: =T23+AE24-(AF24/1.9835) -> 16650.849 | U24: 21 | V24: 19 | W24: =W23-V24 -> 7464.4923 | X24: =N24+O24+S24+U24+V24 -> 483 | Y24: =IF(L24<0,L24*-1,0) -> 0 | Z24: =X24+Y24 -> 483 | AA24: 0 | AB24: 72 | AC24: 43 | AD24: 0 | AE24: =795-(S24-8) -> 380.5965 | AF24: =23.5*(T23*1.9835+AE24*1.9835)/E24 -> 13.878734
A25: =A24+1 -> 14 | B25: 6877.53 | C25: 208852 | D25: =C25-C24 -> 906 | E25: =C25-152000 -> 56852 | F25: =D25/$D$2 -> 456.76834 | G25: 854 | H25: 1.5 | I25: =G25+H25 -> 855.5 | J25: =IF(L25>0,L25,0) -> 137.16834 | K25: =I25+J25 -> 992.66834 | L25: =F25-(I25-X25) -> 137.16834 | M25: 285 | N25: 0 | O25: =40.26*1.05 -> 42.273 | P25: =M25-(N25+O25) -> 242.727 | Q25: 175 | R25: 53 | S25: =SUM(P25:R25) -> 470.727 | T25: =T24+AE25-(AF25/1.9835) -> 16976.102 | U25: 3.9 | V25: 19 | W25: =W24-V25 -> 7445.4923 | X25: =N25+O25+S25+U25+V25 -> 535.9 | Y25: =IF(L25<0,L25*-1,0) -> 0 | Z25: =X25+Y25 -> 535.9 | AA25: 0 | AB25: 71 | AC25: 43 | AD25: 0 | AE25: =795-(S25-8) -> 332.273 | AF25: =23.5*(T24*1.9835+AE25*1.9835)/E25 -> 13.924251
A26: =A25+1 -> 15 | B26: 6877.96 | C26: 210108 | D26: =C26-C25 -> 1256 | E26: =C26-152000 -> 58108 | F26: =D26/$D$2 -> 633.2241 | G26: 1120 | H26: 1.7 | I26: =G26+H26 -> 1121.7 | J26: =IF(L26>0,L26,0) -> 2.5240988 | K26: =I26+J26 -> 1124.2241 | L26: =F26-(I26-X26) -> 2.5240988 | M26: 229 | N26: 0 | O26: =34.17*1.05 -> 35.8785 | P26: =M26-(N26+O26) -> 193.1215 | Q26: 180 | R26: 63 | S26: =SUM(P26:R26) -> 436.1215 | T26: =T25+AE26-(AF26/1.9835) -> 17335.966 | U26: 0 | V26: 19 | W26: =W25-V26 -> 7426.4923 | X26: =N26+O26+S26+U26+V26 -> 491 | Y26: =IF(L26<0,L26*-1,0) -> 0 | Z26: =X26+Y26 -> 491 | AA26: 0.36 | AB26: 59 | AC26: 42 | AD26: 0 | AE26: =795-(S26-8) -> 366.8785 | AF26: =23.5*(T25*1.9835+AE26*1.9835)/E26 -> 13.911946
A27: =A26+1 -> 16 | B27: 6878.32 | C27: 211170 | D27: =C27-C26 -> 1062 | E27: =C27-152000 -> 59170 | F27: =D27/$D$2 -> 535.41719 | G27: 1080 | H27: 2 | I27: =G27+H27 -> 1082 | J27: =IF(L27>0,L27,0) -> 0 | K27: =I27+J27 -> 1082 | L27: =F27-(I27-X27) -> -31.182808 | M27: 246 | N27: 0 | O27: =27.63*1.05 -> 29.0115 | P27: =M27-(N27+O27) -> 216.9885 | Q27: 180 | R27: 66 | S27: =SUM(P27:R27) -> 462.9885 | T27: =T26+AE27-(AF27/1.9835) -> 17668.958 | U27: 4.4 | V27: 19 | W27: =W26-V27 -> 7407.4923 | X27: =N27+O27+S27+U27+V27 -> 515.4 | Y27: =IF(L27<0,L27*-1,0) -> 31.182808 | Z27: =X27+Y27 -> 546.58281 | AA27: 0 | AB27: 74 | AC27: 40 | AD27: 0 | AE27: =795-(S27-8) -> 340.0115 | AF27: =23.5*(T26*1.9835+AE27*1.9835)/E27 -> 13.924575
A28: =A27+1 -> 17 | B28: 6879.02 | C28: 213238 | D28: =C28-C27 -> 2068 | E28: =C28-152000 -> 61238 | F28: =D28/$D$2 -> 1042.6015 | G28: 1490 | H28: 2.1 | I28: =G28+H28 -> 1492.1 | J28: =IF(L28>0,L28,0) -> 86.501462 | K28: =I28+J28 -> 1578.6015 | L28: =F28-(I28-X28) -> 86.501462 | M28: 244 | N28: 0 | O28: =17.1*1.05 -> 17.955 | P28: =M28-(N28+O28) -> 226.045 | Q28: 178 | R28: 71 | S28: =SUM(P28:R28) -> 475.045 | T28: =T27+AE28-(AF28/1.9835) -> 17990.006 | U28: 24 | V28: 19 | W28: =W27-V28 -> 7388.4923 | X28: =N28+O28+S28+U28+V28 -> 536 | Y28: =IF(L28<0,L28*-1,0) -> 0 | Z28: =X28+Y28 -> 536 | AA28: 0 | AB28: 76 | AC28: 46 | AD28: 0 | AE28: =795-(S28-8) -> 327.955 | AF28: =23.5*(T27*1.9835+AE28*1.9835)/E28 -> 13.698628
A29: =A28+1 -> 18 | B29: 6879.72 | C29: 215329 | D29: =C29-C28 -> 2091 | E29: =C29-152000 -> 63329 | F29: =D29/$D$2 -> 1054.1971 | G29: 1450 | H29: 2.3 | I29: =G29+H29 -> 1452.3 | J29: =IF(L29>0,L29,0) -> 141.89713 | K29: =I29+J29 -> 1594.1971 | L29: =F29-(I29-X29) -> 141.89713 | M29: 244 | N29: 0 | O29: =18.01*1.05 -> 18.9105 | P29: =M29-(N29+O29) -> 225.0895 | Q29: 181 | R29: 76 | S29: =SUM(P29:R29) -> 482.0895 | T29: =T28+AE29-(AF29/1.9835) -> 18304.122 | U29: 20 | V29: 19 | W29: =W28-V29 -> 7369.4923 | X29: =N29+O29+S29+U29+V29 -> 540 | Y29: =IF(L29<0,L29*-1,0) -> 0 | Z29: =X29+Y29 -> 540 | AA29: 0.11 | AB29: 70 | AC29: 47 | AD29: 0 | AE29: =795-(S29-8) -> 320.9105 | AF29: =23.5*(T28*1.9835+AE29*1.9835)/E29 -> 13.477444
A30: =A29+1 -> 19 | B30: 6880.35 | C30: 217223 | D30: =C30-C29 -> 1894 | E30: =C30-152000 -> 65223 | F30: =D30/$D$2 -> 954.87774 | G30: 1420 | H30: 2.2 | I30: =G30+H30 -> 1422.2 | J30: =IF(L30>0,L30,0) -> 46.677741 | K30: =I30+J30 -> 1468.8777 | L30: =F30-(I30-X30) -> 46.677741 | M30: 236 | N30: 1 | O30: =27.85*1.05 -> 29.2425 | P30: =M30-(N30+O30) -> 205.7575 | Q30: 162 | R30: 80 | S30: =SUM(P30:R30) -> 447.7575 | T30: =T29+AE30-(AF30/1.9835) -> 18652.642 | U30: 17 | V30: 19 | W30: =W29-V30 -> 7350.4923 | X30: =N30+O30+S30+U30+V30 -> 514 | Y30: =IF(L30<0,L30*-1,0) -> 0 | Z30: =X30+Y30 -> 514 | AA30: 0 | AB30: 73 | AC30: 42 | AD30: 0 | AE30: =795-(S30-8) -> 355.2425 | AF30: =23.5*(T29*1.9835+AE30*1.9835)/E30 -> 13.335096
A31: =A30+1 -> 20 | B31: 6880.93 | C31: 218976 | D31: =C31-C30 -> 1753 | E31: =C31-152000 -> 66976 | F31: =D31/$D$2 -> 883.79128 | G31: 1410 | H31: 2 | I31: =G31+H31 -> 1412 | J31: =IF(L31>0,L31,0) -> 0 | K31: =I31+J31 -> 1412 | L31: =F31-(I31-X31) -> -11.108722 | M31: 252 | N31: 0 | O31: =41.53*1.05 -> 43.6065 | P31: =M31-(N31+O31) -> 208.3935 | Q31: 155 | R31: 83 | S31: =SUM(P31:R31) -> 446.3935 | T31: =T30+AE31-(AF31/1.9835) -> 19002.578 | U31: 9.1 | V31: 18 | W31: =W30-V31 -> 7332.4923 | X31: =N31+O31+S31+U31+V31 -> 517.1 | Y31: =IF(L31<0,L31*-1,0) -> 11.108722 | Z31: =X31+Y31 -> 528.20872 | AA31: 0 | AB31: 75 | AC31: 46 | AD31: 0 | AE31: =795-(S31-8) -> 356.6065 | AF31: =23.5*(T30*1.9835+AE31*1.9835)/E31 -> 13.229572
A32: =A31+1 -> 21 | B32: 6881.66 | C32: 221211 | D32: =C32-C31 -> 2235 | E32: =C32-152000 -> 69211 | F32: =D32/$D$2 -> 1126.7961 | G32: 1500 | H32: 1.8 | I32: =G32+H32 -> 1501.8 | J32: =IF(L32>0,L32,0) -> 146.82607 | K32: =I32+J32 -> 1648.6261 | L32: =F32-(I32-X32) -> 146.82607 | M32: 248 | N32: 0 | O32: =43.31*1.05 -> 45.4755 | P32: =M32-(N32+O32) -> 202.5245 | Q32: 171 | R32: 84 | S32: =SUM(P32:R32) -> 457.5245 | T32: =T31+AE32-(AF32/1.9835) -> 19341.484 | U32: 0.83 | V32: 18 | W32: =W31-V32 -> 7314.4923 | X32: =N32+O32+S32+U32+V32 -> 521.83 | Y32: =IF(L32<0,L32*-1,0) -> 0 | Z32: =X32+Y32 -> 521.83 | AA32: 0 | AB32: 77 | AC32: 41 | AD32: 0 | AE32: =795-(S32-8) -> 345.4755 | AF32: =23.5*(T31*1.9835+AE32*1.9835)/E32 -> 13.030534
A33: =A32+1 -> 22 | B33: 6882.48 | C33: 223744 | D33: =C33-C32 -> 2533 | E33: =C33-152000 -> 71744 | F33: =D33/$D$2 -> 1277.0355 | G33: 1680 | H33: 1.8 | I33: =G33+H33 -> 1681.8 | J33: =IF(L33>0,L33,0) -> 125.23554 | K33: =I33+J33 -> 1807.0355 | L33: =F33-(I33-X33) -> 125.23554 | M33: 235 | N33: 0 | O33: =25.62*1.05 -> 26.901 | P33: =M33-(N33+O33) -> 208.099 | Q33: 180 | R33: 79 | S33: =SUM(P33:R33) -> 467.099 | T33: =T32+AE33-(AF33/1.9835) -> 19670.94 | U33: 18 | V33: 18 | W33: =W32-V33 -> 7296.4923 | X33: =N33+O33+S33+U33+V33 -> 530 | Y33: =IF(L33<0,L33*-1,0) -> 0 | Z33: =X33+Y33 -> 530 | AA33: 0 | AB33: 82 | AC33: 46 | AD33: 0 | AE33: =795-(S33-8) -> 335.901 | AF33: =23.5*(T32*1.9835+AE33*1.9835)/E33 -> 12.784445
A34: =A33+1 -> 23 | B34: 6883.38 | C34: 226554 | D34: =C34-C33 -> 2810 | E34: =C34-152000 -> 74554 | F34: =D34/$D$2 -> 1416.6877 | G34: 1750 | H34: 1.7 | I34: =G34+H34 -> 1751.7 | J34: =IF(L34>0,L34,0) -> 211.98767 | K34: =I34+J34 -> 1963.6877 | L34: =F34-(I34-X34) -> 211.98767 | M34: 227 | N34: 0 | O34: =12.12*1.05 -> 12.726 | P34: =M34-(N34+O34) -> 214.274 | Q34: 179 | R34: 77 | S34: =SUM(P34:R34) -> 470.274 | T34: =T33+AE34-(AF34/1.9835) -> 19997.361 | U34: 46 | V34: 18 | W34: =W33-V34 -> 7278.4923 | X34: =N34+O34+S34+U34+V34 -> 547 | Y34: =IF(L34<0,L34*-1,0) -> 0 | Z34: =X34+Y34 -> 547 | AA34: 0 | AB34: 84 | AC34: 49 | AD34: 0 | AE34: =795-(S34-8) -> 332.726 | AF34: =23.5*(T33*1.9835+AE34*1.9835)/E34 -> 12.506584
A35: =A34+1 -> 24 | B35: 6884.09 | C35: 228791 | D35: =C35-C34 -> 2237 | E35: =C35-152000 -> 76791 | F35: =D35/$D$2 -> 1127.8044 | G35: 1580 | H35: 1.6 | I35: =G35+H35 -> 1581.6 | J35: =IF(L35>0,L35,0) -> 116.20439 | K35: =I35+J35 -> 1697.8044 | L35: =F35-(I35-X35) -> 116.20439 | M35: 232 | N35: 0 | O35: =8.2*1.05 -> 8.61 | P35: =M35-(N35+O35) -> 223.39 | Q35: 178 | R35: 75 | S35: =SUM(P35:R35) -> 476.39 | T35: =T34+AE35-(AF35/1.9835) -> 20317.751 | U35: 67 | V35: 18 | W35: =W34-V35 -> 7260.4923 | X35: =N35+O35+S35+U35+V35 -> 570 | Y35: =IF(L35<0,L35*-1,0) -> 0 | Z35: =X35+Y35 -> 570 | AA35: 0 | AB35: 83 | AC35: 51 | AD35: 0 | AE35: =795-(S35-8) -> 326.61 | AF35: =23.5*(T34*1.9835+AE35*1.9835)/E35 -> 12.33668
A36: =A35+1 -> 25 | B36: 6884.79 | C36: 231021 | D36: =C36-C35 -> 2230 | E36: =C36-152000 -> 79021 | F36: =D36/$D$2 -> 1124.2753 | G36: 1490 | H36: 1.6 | I36: =G36+H36 -> 1491.6 | J36: =IF(L36>0,L36,0) -> 212.67527 | K36: =I36+J36 -> 1704.2753 | L36: =F36-(I36-X36) -> 212.67527 | M36: 221 | N36: 0 | O36: =5.65*1.05 -> 5.9325 | P36: =M36-(N36+O36) -> 215.0675 | Q36: 178 | R36: 74 | S36: =SUM(P36:R36) -> 467.0675 | T36: =T35+AE36-(AF36/1.9835) -> 20647.541 | U36: 89 | V36: 18 | W36: =W35-V36 -> 7242.4923 | X36: =N36+O36+S36+U36+V36 -> 580 | Y36: =IF(L36<0,L36*-1,0) -> 0 | Z36: =X36+Y36 -> 580 | AA36: 0 | AB36: 79 | AC36: 53 | AD36: 0 | AE36: =795-(S36-8) -> 335.9325 | AF36: =23.5*(T35*1.9835+AE36*1.9835)/E36 -> 12.183023
A37: =A36+1 -> 26 | B37: 6885.46 | C37: 233172 | D37: =C37-C36 -> 2151 | E37: =C37-152000 -> 81172 | F37: =D37/$D$2 -> 1084.4467 | G37: 1620 | H37: 1.5 | I37: =G37+H37 -> 1621.5 | J37: =IF(L37>0,L37,0) -> 75.946685 | K37: =I37+J37 -> 1697.4467 | L37: =F37-(I37-X37) -> 75.946685 | M37: 225 | N37: 0 | O37: =4.34*1.05 -> 4.557 | P37: =M37-(N37+O37) -> 220.443 | Q37: 179 | R37: 75 | S37: =SUM(P37:R37) -> 474.443 | T37: =T36+AE37-(AF37/1.9835) -> 20970.026 | U37: 116 | V37: 18 | W37: =W36-V37 -> 7224.4923 | X37: =N37+O37+S37+U37+V37 -> 613 | Y37: =IF(L37<0,L37*-1,0) -> 0 | Z37: =X37+Y37 -> 613 | AA37: 0 | AB37: 83 | AC37: 47 | AD37: 0 | AE37: =795-(S37-8) -> 328.557 | AF37: =23.5*(T36*1.9835+AE37*1.9835)/E37 -> 12.045325
A38: =A37+1 -> 27 | B38: 6886.06 | C38: 235108 | D38: =C38-C37 -> 1936 | E38: =C38-152000 -> 83108 | F38: =D38/$D$2 -> 976.05243 | G38: 1730 | H38: 1.3 | I38: =G38+H38 -> 1731.3 | J38: =IF(L38>0,L38,0) -> 0 | K38: =I38+J38 -> 1731.3 | L38: =F38-(I38-X38) -> -129.24757 | M38: 251 | N38: 2.5 | O38: =19.15*1.9835 -> 37.984025 | P38: =M38-(N38+O38) -> 210.51597 | Q38: 174 | R38: 77 | S38: =SUM(P38:R38) -> 461.51598 | T38: =T37+AE38-(AF38/1.9835) -> 21305.483 | U38: 106 | V38: 18 | W38: =W37-V38 -> 7206.4923 | X38: =N38+O38+S38+U38+V38 -> 626 | Y38: =IF(L38<0,L38*-1,0) -> 129.24757 | Z38: =X38+Y38 -> 755.24757 | AA38: 0 | AB38: 86 | AC38: 51 | AD38: 0 | AE38: =795-(S38-8) -> 341.48402 | AF38: =23.5*(T37*1.9835+AE38*1.9835)/E38 -> 11.952849
A39: 28 | B39: 6886.86 | C39: 237716 | D39: =C39-C38 -> 2608 | E39: =C39-152000 -> 85716 | F39: =D39/$D$2 -> 1314.8475 | G39: 1880 | H39: 1.2 | I39: =G39+H39 -> 1881.2 | J39: =IF(L39>0,L39,0) -> 80.647492 | K39: =I39+J39 -> 1961.8475 | L39: =F39-(I39-X39) -> 80.647492 | M39: 258 | N39: 0 | O39: =34.13*1.05 -> 35.8365 | P39: =M39-(N39+O39) -> 222.1635 | Q39: 171 | R39: 79 | S39: =SUM(P39:R39) -> 472.1635 | T39: =T38+AE39-(AF39/1.9835) -> 21630.388 | U39: 121 | V39: 18 | W39: =W38-V39 -> 7188.4923 | X39: =N39+O39+S39+U39+V39 -> 647 | Y39: =IF(L39<0,L39*-1,0) -> 0 | Z39: =X39+Y39 -> 647 | AA39: 0 | AB39: 86 | AC39: 53 | AD39: 0 | AE39: =795-(S39-8) -> 330.8365 | AF39: =23.5*(T38*1.9835+AE39*1.9835)/E39 -> 11.765803
A40: 29 | B40: 6887.52 | C40: 239887 | D40: =C40-C39 -> 2171 | E40: =C40-152000 -> 87887 | F40: =D40/$D$2 -> 1094.5299 | G40: 1820 | H40: 2 | I40: =G40+H40 -> 1822 | J40: =IF(L40>0,L40,0) -> 0 | K40: =I40+J40 -> 1822 | L40: =F40-(I40-X40) -> -59.470129 | M40: 266 | N40: 0 | O40: =31.92*1.05 -> 33.516 | P40: =M40-(N40+O40) -> 232.484 | Q40: 171 | R40: 81 | S40: =SUM(P40:R40) -> 484.484 | T40: =T39+AE40-(AF40/1.9835) -> 21943.035 | U40: 132 | V40: 18 | W40: =W39-V40 -> 7170.4923 | X40: =N40+O40+S40+U40+V40 -> 668 | Y40: =IF(L40<0,L40*-1,0) -> 59.470129 | Z40: =X40+Y40 -> 727.47013 | AA40: 0 | AB40: 85 | AC40: 52 | AD40: 0 | AE40: =795-(S40-8) -> 318.516 | AF40: =23.5*(T39*1.9835+AE40*1.9835)/E40 -> 11.640946
A41: 30 | B41: 6887.93 | C41: 241238 | D41: =C41-C40 -> 1351 | E41: =C41-152000 -> 89238 | F41: =D41/$D$2 -> 681.11923 | G41: 1660 | H41: 1.2 | I41: =G41+H41 -> 1661.2 | J41: =IF(L41>0,L41,0) -> 0 | K41: =I41+J41 -> 1661.2 | L41: =F41-(I41-X41) -> -276.08077 | M41: 268 | N41: 0 | O41: =36.8*1.05 -> 38.64 | P41: =M41-(N41+O41) -> 229.36 | Q41: 171 | R41: 82 | S41: =SUM(P41:R41) -> 482.36 | T41: =T40+AE41-(AF41/1.9835) -> 22257.812 | U41: 165 | V41: 18 | W41: =W40-V41 -> 7152.4923 | X41: =N41+O41+S41+U41+V41 -> 704 | Y41: =IF(L41<0,L41*-1,0) -> 276.08077 | Z41: =X41+Y41 -> 980.08077 | AA41: 0 | AB41: 88 | AC41: 54 | AD41: 0 | AE41: =795-(S41-8) -> 320.64 | AF41: =23.5*(T40*1.9835+AE41*1.9835)/E41 -> 11.629127
A42: 31 | B42: 6888.43 | C42: 242902 | D42: =C42-C41 -> 1664 | E42: =C42-152000 -> 90902 | F42: =D42/$D$2 -> 838.9211 | G42: 1590 | H42: 0.84 | I42: =G42+H42 -> 1590.84 | J42: =IF(L42>0,L42,0) -> 0 | K42: =I42+J42 -> 1590.84 | L42: =F42-(I42-X42) -> -33.918901 | M42: 271 | N42: 0 | O42: =40.43*1.05 -> 42.4515 | P42: =M42-(N42+O42) -> 228.5485 | Q42: 170 | R42: 82 | S42: =SUM(P42:R42) -> 480.5485 | T42: =T41+AE42-(AF42/1.9835) -> 22574.426 | U42: 177 | V42: 18 | W42: =W41-V42 -> 7134.4923 | X42: =N42+O42+S42+U42+V42 -> 718 | Y42: =IF(L42<0,L42*-1,0) -> 33.918901 | Z42: =X42+Y42 -> 751.9189 | AA42: 0.04 | AB42: 84 | AC42: 54 | AD42: 0 | AE42: =795-(S42-8) -> 322.4515 | AF42: =23.5*(T41*1.9835+AE42*1.9835)/E42 -> 11.578589
A44: MONTH / CFS | F44: =SUM(F12:F42) -> 22826.821 | G44: =SUM(G12:G42) -> 36249 | H44: =SUM(H12:H42) -> 90.44 | I44: =SUM(I12:I42) -> 36339.44 | J44: =SUM(J12:J42) -> 1584.2233 | K44: =SUM(K12:K42) -> 37923.663 | L44: =SUM(L12:L42) -> 785.01128 | M44: =SUM(M12:M42) -> 6575 | ... S44: =SUM(S12:S42) -> 11658.885 | U44: =SUM(U12:U42) -> 1202.63 | V44: =SUM(V12:V43) -> 567 | X44: =SUM(X12:X42) -> 14297.63 | Y44: =SUM(Y12:Y42) -> 799.21199 | Z44: =SUM(Z12:Z42) -> 15096.842 | AA44: =SUM(AA12:AA42) -> 0.63 | AB44: =AVERAGE(AB12:AB42) -> 71.387097 | AC44: =AVERAGE(AC12:AC42) -> 42.032258 | AF44: =SUM(AF12:AF42) -> 398.90928
A45: MONTH / AF | D45: =SUM(D12:D42) -> 45277 | F45: =F44*$D$2 -> 45277 | G45: =G44*$D$2 -> 71899.891 | H45: =H44*$D$2 -> 179.38774 | I45: =I44*$D$2 -> 72079.279 | J45: =J44*$D$2 -> 3142.3069 | K45: =K44*$D$2 -> 75221.586 | L45: =L44*$D$2 -> 1557.0699 | M45: =M44*$D$2 -> 13041.513 | ... S45: =S44*$D$2 -> 23125.399 | U45: =U44*$D$2 -> 2385.4166 | V45: =V44*$D$2 -> 1124.6445 | X45: =X44*$D$2 -> 28359.349 | Y45: =Y44*$D$2 -> 1585.237 | Z45: =Z44*$D$2 -> 29944.586 | AB45: =MAX(AB12:AB42) -> 88 | AC45: =MAX(AC12:AC42) -> 54 | AF45: =AF44*$D$2 -> 791.23656
A47: SEASON / CFS | F47: =F9+F44 -> 35249.307 | G47: =G9+G44 -> 50571 | H47: =H9+H44 -> 1039.24 | I47: =I9+I44 -> 51610.24 | J47: =J9+J44 -> 5106.976 | K47: =K9+K44 -> 56717.216 | L47: =L9+L44 -> 4287.6968 | M47: =M9+M44 -> 7727.38 | ... S47: =S9+S44 -> 16661.9 | T47: =T42+T44 -> 22574.426 | U47: =U9+U44 -> 1349.63 | V47: =V9+V44 -> 1107 | W47: =W42 -> 7134.4923 | X47: =X9+X44 -> 20648.63 | Y47: =Y9+Y44 -> 819.27925 | Z47: =Z9+Z44 -> 21467.909 | AB47: =MIN(AB12:AB42) -> 55 | AC47: =MIN(AC12:AC42) -> 22 | AF47: =AF9+AF44 -> 508.91379
A48: SEASON / AF | F48: =F47*$D$2 -> 69917 | G48: =G47*$D$2 -> 100307.58 | H48: =H47*$D$2 -> 2061.3325 | I48: =I47*$D$2 -> 102368.91 | J48: =J47*$D$2 -> 10129.687 | K48: =K47*$D$2 -> 112498.6 | L48: =L47*$D$2 -> 8504.6466 | M48: =M47*$D$2 -> 15327.258 | ... V48: =V47*$D$2 -> 2195.7345 | W48: =W47*D2 -> 14151.265 | X48: =X47*$D$2 -> 40956.558 | Y48: =Y47*$D$2 -> 1625.0404 | Z48: =Z47*$D$2 -> 42581.598 | AF48: =AF47*$D$2 -> 1009.4305
A50: YTD / CFS | F50: =F10+F44 -> 43526.594 | G50: =G10+G44 -> 58125 | H50: =H10+H44 -> 1321.98 | I50: =I10+I44 -> 59446.98 | J50: =J10+J44 -> 9585.7298 | K50: =K10+K44 -> 69032.71 | L50: =L10+L44 -> 8131.9344 | M50: =M10+M44 -> 8684.2 | ... S50: =S10+S44 -> 17800.072 | U50: =U10+U44 -> 1349.63 | V50: =V10+V44 -> 3370.89 | W50: =W42 -> 7134.4923 | X50: =X10+X44 -> 24052.32 | Y50: =Y10+Y44 -> 1453.7954 | Z50: =Z10+Z44 -> 25506.115 | AA50: =AA10+AA44 -> 7.98 | AF50: =AF10+AF44 -> 508.91379
A51: YTD / AF | D51: =D10+D45 -> 86335 | E51: =E42 -> 90902 | F51: =F50*$D$2 -> 86335 | G51: =G50*$D$2 -> 115290.94 | H51: =H50*$D$2 -> 2622.1473 | I51: =I50*$D$2 -> 117913.08 | J51: =J50*$D$2 -> 19013.295 | K51: =K50*$D$2 -> 136926.38 | L51: =L50*$D$2 -> 16129.692 | M51: =M50*$D$2 -> 17225.111 | ... S51: =S50*$D$2 -> 35306.444 | U51: =U50*$D$2 -> 2676.9911 | V51: =V50*$D$2 -> 6686.1603 | W51: =W50*$D$2 -> 14151.265 | X51: =X50*$D$2 -> 47707.777 | Y51: =Y50*$D$2 -> 2883.6032 | Z51: =Z50*$D$2 -> 50591.38 | AF51: =AF50*$D$2 -> 1009.4305

Sheet JUN
K1: MCPHEE RESERVOIR INFLOW/OUTFLOW TABULATION
A2: AF/cfs CONVERT FACTOR | D2: 1.9835 | K2: JUNE "2003"
D4: RESERVOIR | Q4: INFLOW/OUTFLOW (CFS) | AB4: WEATHER
A5: DATE | B5: RESERV | C5: RESERV | D5: AC FT | E5: ACTIVE | F5: CONV TO | G5: DOLORES | H5: LOST | I5: RECORDED | J5: CALC | K5: TOTAL | L5: CALC | M5: DOLORES TUNNEL | Q5: LONE | R5: U | S5: TOTAL | T5: MVI | U5: DV CR | V5: BELOW | W5: REMAIN | X5: RECORDED | Y5: CALC | Z5: TOTAL | AA5: RAIN | AB5: MAX | AC5: MIN | AD5: NAR | AE5: MVI | AF5: MVI | AG5: UPSTREAM
A6: "JUN" | B6: ELEV | C6: AC FT | D6: CHANGE | E6: CAP | F6: CFS | G6: RIVER | H6: CANYON | I6: INFLOW | J6: INFLOW | K6: INFLOW | L6: INF/OTF | M6: TOT DIV | N6: SWAMP | O6: UTE F&R | P6: MVI/CTZ/MWC | Q6: PINE | R6: LAT | S6: MVI | T6: CALL + | U6: CANAL | V6: MCPHEE | W6: RELEASE | X6: OUTFLOW | Y6: OUTFLOW | Z6: OUTFLOW | AB6: TMP | AC6: TMP | AD6: CALL | AE6: CALL | AF6: CALL | AG6: USERS
E7: AC FT | T7: TOT EX | AB7: NOV-OCT | AE7: Apr-Jun | AF7: EVAP acft | AG7: EXCHANGE
A9: SEASON BAL | F9: =MAY!F47 -> 35249.307 | G9: =MAY!G47 -> 50571 | H9: =MAY!H47 -> 1039.24 | I9: =MAY!I47 -> 51610.24 | J9: =MAY!J47 -> 5106.976 | K9: =MAY!K47 -> 56717.216 | L9: =MAY!L47 -> 4287.6968 | M9: =MAY!M47 -> 7727.38 | ... V9: =MAY!V47 -> 1107 | X9: =MAY!X47 -> 20648.63 | Y9: =MAY!Y47 -> 819.27925 | Z9: =MAY!Z47 -> 21467.909 | AF9: =MAY!AF47 -> 508.91379
A10: YTD | B10: =MAY!B42 -> 6888.43 | C10: =MAY!C42 -> 242902 | D10: =MAY!D51 -> 86335 | E10: =MAY!E51 -> 90902 | F10: =MAY!F50 -> 43526.594 | G10: =MAY!G50 -> 58125 | H10: =MAY!H50 -> 1321.98 | I10: =MAY!I50 -> 59446.98 | J10: =MAY!J50 -> 9585.7298 | K10: =MAY!K50 -> 69032.71 | L10: =MAY!L50 -> 8131.9344 | M10: =MAY!M50 -> 8684.2 | ... S10: =MAY!S50 -> 17800.072 | U10: =MAY!U50 -> 1349.63 | V10: =MAY!V50 -> 3370.89 | W10: =MAY!W50 -> 7134.4923 | X10: =MAY!X50 -> 24052.32 | Y10: =MAY!Y50 -> 1453.7954 | Z10: =MAY!Z50 -> 25506.115 | AA10: =MAY!AA50 -> 7.98 | AF10: =MAY!AF50 -> 508.91379
O11: 0 | R11: 0
A12: 1 | B12: 6888.88 | C12: 244401 | D12: =C12-C10 -> 1499 | E12: =C12-152000 -> 92401 | F12: =D12/$D$2 -> 755.73481 | G12: 1430 | H12: 0.66 | I12: =G12+H12 -> 1430.66 | J12: =IF(L12>0,L12,0) -> 11.074812 | K12: =I12+J12 -> 1441.7348 | L12: =F12-(I12-X12) -> 11.074812 | M12: 247 | N12: 0 | O12: =34.38*1.05 -> 36.099 | P12: =M12-(N12+O12) -> 210.901 | Q12: 163 | R12: 83 | S12: =SUM(P12:R12) -> 456.901 | T12: =T9+AE12-(AF12/1.9835)+1714.14 -> 24628.836 | U12: 175 | V12: 18 | W12: =W10-V12 -> 7116.4923 | X12: =N12+O12+S12+U12+V12 -> 686 | Y12: =IF(L12<0,L12*-1,0) -> 0 | Z12: =X12+Y12 -> 686 | AA12: 0 | AB12: 80 | AC12: 53 | AD12: 0 | AE12: =795-(S12-8) -> 346.099 | AF12: =23.5*(T9*1.9835+AE12*1.9835)/E12 -> 11.562399
A13: =A12+1 -> 2 | B13: 6889.36 | C13: 246013 | D13: =C13-C12 -> 1612 | E13: =C13-152000 -> 94013 | F13: =D13/$D$2 -> 812.70481 | G13: 1430 | H13: 0.49 | I13: =G13+H13 -> 1430.49 | J13: =IF(L13>0,L13,0) -> 78.214815 | K13: =I13+J13 -> 1508.7048 | L13: =F13-(I13-X13) -> 78.214815 | M13: 244 | N13: 0 | O13: =33.45*1.05 -> 35.1225 | P13: =M13-(N13+O13) -> 208.8775 | Q13: 154 | R13: 80 | S13: =SUM(P13:R13) -> 442.8775 | T13: =T12+AE13-(AF13/1.9835) -> 24982.913 | U13: 200 | V13: 18 | W13: =W12-V13 -> 7098.4923 | X13: =N13+O13+S13+U13+V13 -> 696 | Y13: =IF(L13<0,L13*-1,0) -> 0 | Z13: =X13+Y13 -> 696 | AA13: 0 | AB13: 83 | AC13: 50 | AD13: 0 | AE13: =795-(S13-8) -> 360.1225 | AF13: =23.5*(T12*1.9835-S13*1.9835)/E13 -> 11.991554
A14: =A13+1 -> 3 | B14: 6889.8 | C14: 247495 | D14: =C14-C13 -> 1482 | E14: =C14-152000 -> 95495 | F14: =D14/$D$2 -> 747.1641 | G14: 1270 | H14: 0.37 | I14: =G14+H14 -> 1270.37 | J14: =IF(L14>0,L14,0) -> 188.7941 | K14: =I14+J14 -> 1459.1641 | L14: =F14-(I14-X14) -> 188.7941 | M14: 270 | N14: 0 | O14: =51.64*1.05 -> 54.222 | P14: =M14-(N14+O14) -> 215.778 | Q14: 154 | R14: 81 | S14: =SUM(P14:R14) -> 450.778 | T14: =T13+AE14-(AF14/1.9835) -> 25329.098 | U14: 189 | V14: 18 | W14: =W13-V14 -> 7080.4923 | X14: =N14+O14+S14+U14+V14 -> 712 | Y14: =IF(L14<0,L14*-1,0) -> 0 | Z14: =X14+Y14 -> 712 | AA14: 0 | AB14: 81 | AC14: 51 | AD14: 0 | AE14: =795-(S14-8) -> 352.222 | AF14: =23.5*(T13*1.9835-S14*1.9835)/E14 -> 11.974428
A15: =A14+1 -> 4 | B15: 6889.99 | C15: 248134 | D15: =C15-C14 -> 639 | E15: =C15-152000 -> 96134 | F15: =D15/$D$2 -> 322.1578 | G15: 1120 | H15: 0.26 | I15: =G15+H15 -> 1120.26 | J15: =IF(L15>0,L15,0) -> 0 | K15: =I15+J15 -> 1120.26 | L15: =F15-(I15-X15) -> -72.102198 | M15: 284 | N15: 0 | O15: =59.32*1.05 -> 62.286 | P15: =M15-(N15+O15) -> 221.714 | Q15: 153 | R15: 79 | S15: =SUM(P15:R15) -> 453.714 | T15: =T14-(S15-8)-(AF15/1.9835) -> 24877.303 | U15: 192 | V15: 18 | W15: =W14-V15 -> 7062.4923 | X15: =N15+O15+S15+U15+V15 -> 726 | Y15: =IF(L15<0,L15*-1,0) -> 72.102198 | Z15: =X15+Y15 -> 798.1022 | AA15: 0 | AB15: 81 | AC15: 50 | AD15: 0 | AE15: 0 | AF15: =23.5*(T14*1.9835-S15*1.9835)/E15 -> 12.061265
A16: =A15+1 -> 5 | B16: 6890.1 | C16: 248508 | D16: =C16-C15 -> 374 | E16: =C16-152000 -> 96508 | F16: =D16/$D$2 -> 188.55558 | G16: 986 | H16: 0.17 | I16: =G16+H16 -> 986.17 | J16: =IF(L16>0,L16,0) -> 0 | K16: =I16+J16 -> 986.17 | L16: =F16-(I16-X16) -> -99.614416 | M16: 260 | N16: 0 | O16: =63.02*1.05 -> 66.171 | P16: =M16-(N16+O16) -> 193.829 | Q16: 153 | R16: 77 | S16: =SUM(P16:R16) -> 423.829 | T16: =T15-(S16-8)-(AF16/1.9835) -> 24455.52 | U16: 188 | V16: 20 | W16: =W15-V16 -> 7042.4923 | X16: =N16+O16+S16+U16+V16 -> 698 | Y16: =IF(L16<0,L16*-1,0) -> 99.614416 | Z16: =X16+Y16 -> 797.61442 | AA16: 0 | AB16: 75 | AC16: 43 | AD16: 0 | AE16: 0 | AF16: =23.5*(T15*1.9835-S16*1.9835)/E16 -> 11.810746
A17: =A16+1 -> 6 | B17: 6890.14 | C17: 248644 | D17: =C17-C16 -> 136 | E17: =C17-152000 -> 96644 | F17: =D17/$D$2 -> 68.565667 | G17: 833 | H17: 0.11 | I17: =G17+H17 -> 833.11 | J17: =IF(L17>0,L17,0) -> 0 | K17: =I17+J17 -> 833.11 | L17: =F17-(I17-X17) -> -65.544333 | M17: 261 | N17: 0 | O17: =62.5*1.05 -> 65.625 | P17: =M17-(N17+O17) -> 195.375 | Q17: 153 | R17: 75 | S17: =SUM(P17:R17) -> 423.375 | T17: =T16-(S17-8)-(AF17/1.9835) -> 24034.301 | U17: 188 | V17: 22 | W17: =W16-V17 -> 7020.4923 | X17: =N17+O17+S17+U17+V17 -> 699 | Y17: =IF(L17<0,L17*-1,0) -> 65.544333 | Z17: =X17+Y17 -> 764.54433 | AA17: 0 | AB17: 75 | AC17: 45 | AD17: 0 | AE17: 0 | AF17: =23.5*(T16*1.9835-S17*1.9835)/E17 -> 11.590914
A18: =A17+1 -> 7 | B18: 6890.16 | C18: 248712 | D18: =C18-C17 -> 68 | E18: =C18-152000 -> 96712 | F18: =D18/$D$2 -> 34.282833 | G18: 720 | H18: 0.07 | I18: =G18+H18 -> 720.07 | J18: =IF(L18>0,L18,0) -> 0 | K18: =I18+J18 -> 720.07 | L18: =F18-(I18-X18) -> -15.787167 | M18: 249 | N18: 0 | O18: =52.2*1.05 -> 54.81 | P18: =M18-(N18+O18) -> 194.19 | Q18: 156 | R18: 76 | S18: =SUM(P18:R18) -> 426.19 | T18: =T17-(S18-8)-(AF18/1.9835) -> 23610.374 | U18: 167 | V18: 22 | W18: =W17-V18 -> 6998.4923 | X18: =N18+O18+S18+U18+V18 -> 670 | Y18: =IF(L18<0,L18*-1,0) -> 15.787167 | Z18: =X18+Y18 -> 685.78717 | AA18: 0 | AB18: 76 | AC18: 44 | AD18: 0 | AE18: 0 | AF18: =23.5*(T17*1.9835-S18*1.9835)/E18 -> 11.378393
A19: =A18+1 -> 8 | B19: 6890.11 | C19: 248542 | D19: =C19-C18 -> -170 | E19: =C19-152000 -> 96542 | F19: =D19/$D$2 -> -85.707083 | G19: 659 | H19: 0.03 | I19: =G19+H19 -> 659.03 | J19: =IF(L19>0,L19,0) -> 0 | K19: =I19+J19 -> 659.03 | L19: =F19-(I19-X19) -> -102.73708 | M19: 246 | N19: 0 | O19: =56.28*1.05 -> 59.094 | P19: =M19-(N19+O19) -> 186.906 | Q19: 157 | R19: 76 | S19: =SUM(P19:R19) -> 419.906 | T19: =T18-(S19-8)-(AF19/1.9835) -> 23192.823 | U19: 141 | V19: 22 | W19: =W18-V19 -> 6976.4923 | X19: =N19+O19+S19+U19+V19 -> 642 | Y19: =IF(L19<0,L19*-1,0) -> 102.73708 | Z19: =X19+Y19 -> 744.73708 | AA19: 0 | AB19: 81 | AC19: 45 | AD19: 0 | AE19: 0 | AF19: =23.5*(T18*1.9835-S19*1.9835)/E19 -> 11.196784
A20: =A19+1 -> 9 | B20: 6890.03 | C20: 248270 | D20: =C20-C19 -> -272 | E20: =C20-152000 -> 96270 | F20: =D20/$D$2 -> -137.13133 | G20: 638 | H20: 0.02 | I20: =G20+H20 -> 638.02 | J20: =IF(L20>0,L20,0) -> 0 | K20: =I20+J20 -> 638.02 | L20: =F20-(I20-X20) -> -127.15133 | M20: 254 | N20: 0 | O20: =60.95*1.05 -> 63.9975 | P20: =M20-(N20+O20) -> 190.0025 | Q20: 157 | R20: 76 | S20: =SUM(P20:R20) -> 423.0025 | T20: =T19-(S20-8)-(AF20/1.9835) -> 22772.263 | U20: 139 | V20: 22 | W20: =W19-V20 -> 6954.4923 | X20: =N20+O20+S20+U20+V20 -> 648 | Y20: =IF(L20<0,L20*-1,0) -> 127.15133 | Z20: =X20+Y20 -> 775.15133 | AA20: 0 | AB20: 83 | AC20: 48 | AD20: 0 | AE20: 0 | AF20: =23.5*(T19*1.9835-S20*1.9835)/E20 -> 11.024749
A21: =A20+1 -> 10 | B21: 6889.96 | C21: 248033 | D21: =C21-C20 -> -237 | E21: =C21-152000 -> 96033 | F21: =D21/$D$2 -> -119.48576 | G21: 603 | H21: 0.01 | I21: =G21+H21 -> 603.01 | J21: =IF(L21>0,L21,0) -> 0 | K21: =I21+J21 -> 603.01 | L21: =F21-(I21-X21) -> -63.495757 | M21: 265 | N21: 0 | O21: =61.09*1.05 -> 64.1445 | P21: =M21-(N21+O21) -> 200.8555 | Q21: 157 | R21: 76 | S21: =SUM(P21:R21) -> 433.8555 | T21: =T20-(S21-8)-(AF21/1.9835) -> 22340.941 | U21: 139 | V21: 22 | W21: =W20-V21 -> 6932.4923 | X21: =N21+O21+S21+U21+V21 -> 659 | Y21: =IF(L21<0,L21*-1,0) -> 63.495757 | Z21: =X21+Y21 -> 722.49576 | AA21: 0 | AB21: 79 | AC21: 49 | AD21: 0 | AE21: 0 | AF21: =23.5*(T20*1.9835-S21*1.9835)/E21 -> 10.842558
A22: =A21+1 -> 11 | B22: 6889.97 | C22: 247730 | D22: =C22-C21 -> -303 | E22: =C22-152000 -> 95730 | F22: =D22/$D$2 -> -152.76027 | G22: 578 | H22: 0 | I22: =G22+H22 -> 578 | J22: =IF(L22>0,L22,0) -> 0 | K22: =I22+J22 -> 578 | L22: =F22-(I22-X22) -> -78.760272 | M22: 263 | N22: 0 | O22: =64.52*1.05 -> 67.746 | P22: =M22-(N22+O22) -> 195.254 | Q22: 157 | R22: 76 | S22: =SUM(P22:R22) -> 428.254 | T22: =T21-(S22-8)-(AF22/1.9835) -> 21915.308 | U22: 134 | V22: 22 | W22: =W21-V22 -> 6910.4923 | X22: =N22+O22+S22+U22+V22 -> 652 | Y22: =IF(L22<0,L22*-1,0) -> 78.760272 | Z22: =X22+Y22 -> 730.76027 | AA22: 0 | AB22: 76 | AC22: 43 | AD22: 0 | AE22: 0 | AF22: =23.5*(T21*1.9835-S22*1.9835)/E22 -> 10.669588
A23: =A22+1 -> 12 | B23: 6889.75 | C23: 247326 | D23: =C23-C22 -> -404 | E23: =C23-152000 -> 95326 | F23: =D23/$D$2 -> -203.68036 | G23: 522 | H23: 0 | I23: =G23+H23 -> 522 | J23: =IF(L23>0,L23,0) -> 0 | K23: =I23+J23 -> 522 | L23: =F23-(I23-X23) -> -108.68036 | M23: 246 | N23: 0 | O23: =60.9*1.05 -> 63.945 | P23: =M23-(N23+O23) -> 182.055 | Q23: 157 | R23: 76 | S23: =SUM(P23:R23) -> 415.055 | T23: =T22-(S23-8)-(AF23/1.9835) -> 21502.952 | U23: 116 | V23: 22 | W23: =W22-V23 -> 6888.4923 | X23: =N23+O23+S23+U23+V23 -> 617 | Y23: =IF(L23<0,L23*-1,0) -> 108.68036 | Z23: =X23+Y23 -> 725.68036 | AA23: 0 | AB23: 78 | AC23: 44 | AD23: 0 | AE23: 0 | AF23: =23.5*(T22*1.9835-S23*1.9835)/E23 -> 10.513135
A24: =A23+1 -> 13 | B24: 6889.62 | C24: 246889 | D24: =C24-C23 -> -437 | E24: =C24-152000 -> 94889 | F24: =D24/$D$2 -> -220.31762 | G24: 453 | H24: 0 | I24: =G24+H24 -> 453 | J24: =IF(L24>0,L24,0) -> 0 | K24: =I24+J24 -> 453 | L24: =F24-(I24-X24) -> -52.31762 | M24: 252 | N24: 0 | O24: =56.31*1.05 -> 59.1255 | P24: =M24-(N24+O24) -> 192.8745 | Q24: 157 | R24: 75 | S24: =SUM(P24:R24) -> 424.8745 | T24: =T23-(S24-8)-(AF24/1.9835) -> 21080.858 | U24: 116 | V24: 21 | W24: =W23-V24 -> 6867.4923 | X24: =N24+O24+S24+U24+V24 -> 621 | Y24: =IF(L24<0,L24*-1,0) -> 52.31762 | Z24: =X24+Y24 -> 673.31762 | AA24: 0 | AB24: 77 | AC24: 49 | AD24: 0 | AE24: 0 | AF24: =23.5*(T23*1.9835-S24*1.9835)/E24 -> 10.354168
A25: =A24+1 -> 14 | B25: 6889.43 | C25: 246249 | D25: =C25-C24 -> -640 | E25: =C25-152000 -> 94249 | F25: =D25/$D$2 -> -322.66196 | G25: 404 | H25: 0 | I25: =G25+H25 -> 404 | J25: =IF(L25>0,L25,0) -> 0 | K25: =I25+J25 -> 404 | L25: =F25-(I25-X25) -> -122.66196 | M25: 253 | N25: 0 | O25: =56.25*1.05 -> 59.0625 | P25: =M25-(N25+O25) -> 193.9375 | Q25: 157 | R25: 75 | S25: =SUM(P25:R25) -> 425.9375 | T25: =T24-(S25-8)-(AF25/1.9835) -> 20657.77 | U25: 99 | V25: 20 | W25: =W24-V25 -> 6847.4923 | X25: =N25+O25+S25+U25+V25 -> 604 | Y25: =IF(L25<0,L25*-1,0) -> 122.66196 | Z25: =X25+Y25 -> 726.66196 | AA25: 0 | AB25: 82 | AC25: 49 | AD25: 0 | AE25: 0 | AF25: =23.5*(T24*1.9835-S25*1.9835)/E25 -> 10.215199
A26: =A25+1 -> 15 | B26: 6889.24 | C26: 245609 | D26: =C26-C25 -> -640 | E26: =C26-152000 -> 93609 | F26: =D26/$D$2 -> -322.66196 | G26: 382 | H26: 0 | I26: =G26+H26 -> 382 | J26: =IF(L26>0,L26,0) -> 0 | K26: =I26+J26 -> 382 | L26: =F26-(I26-X26) -> -121.66196 | M26: 251 | N26: 0 | O26: =53.32*1.05 -> 55.986 | P26: =M26-(N26+O26) -> 195.014 | Q26: 158 | R26: 75 | S26: =SUM(P26:R26) -> 428.014 | T26: =T25-(S26-8)-(AF26/1.9835) -> 20232.677 | U26: 78 | V26: 21 | W26: =W25-V26 -> 6826.4923 | X26: =N26+O26+S26+U26+V26 -> 583 | Y26: =IF(L26<0,L26*-1,0) -> 121.66196 | Z26: =X26+Y26 -> 704.66196 | AA26: 0 | AB26: 86 | AC26: 51 | AD26: 0 | AE26: 0 | AF26: =23.5*(T25*1.9835-S26*1.9835)/E26 -> 10.073331
A27: =A26+1 -> 16 | B27: 6889.12 | C27: 245205 | D27: =C27-C26 -> -404 | E27: =C27-152000 -> 93205 | F27: =D27/$D$2 -> -203.68036 | G27: 377 | H27: 0 | I27: =G27+H27 -> 377 | J27: =IF(L27>0,L27,0) -> 19.319637 | K27: =I27+J27 -> 396.31964 | L27: =F27-(I27-X27) -> 19.319637 | M27: 246 | N27: 0 | O27: =51.61*1.05 -> 54.1905 | P27: =M27-(N27+O27) -> 191.8095 | Q27: 158 | R27: 73 | S27: =SUM(P27:R27) -> 422.8095 | T27: =T26-(S27-8)-(AF27/1.9835) -> 19812.873 | U27: 102 | V27: 21 | W27: =W26-V27 -> 6805.4923 | X27: =N27+O27+S27+U27+V27 -> 600 | Y27: =IF(L27<0,L27*-1,0) -> 0 | Z27: =X27+Y27 -> 600 | AA27: 0 | AB27: 85 | AC27: 53 | AD27: 0 | AE27: 0 | AF27: =23.5*(T26*1.9835-S27*1.9835)/E27 -> 9.9070063
A28: =A27+1 -> 17 | B28: 6888.97 | C28: 244701 | D28: =C28-C27 -> -504 | E28: =C28-152000 -> 92701 | F28: =D28/$D$2 -> -254.09629 | G28: 338 | H28: 0 | I28: =G28+H28 -> 338 | J28: =IF(L28>0,L28,0) -> 0 | K28: =I28+J28 -> 338 | L28: =F28-(I28-X28) -> -14.096294 | M28: 244 | N28: 0 | O28: =46.4*1.05 -> 48.72 | P28: =M28-(N28+O28) -> 195.28 | Q28: 111 | R28: 72 | S28: =SUM(P28:R28) -> 378.28 | T28: =T27-(S28-8)-(AF28/1.9835) -> 19437.667 | U28: 131 | V28: 20 | W28: =W27-V28 -> 6785.4923 | X28: =N28+O28+S28+U28+V28 -> 578 | Y28: =IF(L28<0,L28*-1,0) -> 14.096294 | Z28: =X28+Y28 -> 592.09629 | AA28: 0.01 | AB28: 81 | AC28: 54 | AD28: 0 | AE28: 0 | AF28: =23.5*(T27*1.9835-S28*1.9835)/E28 -> 9.772172
A29: =A28+1 -> 18 | B29: 6888.88 | C29: 244401 | D29: =C29-C28 -> -300 | E29: =C29-152000 -> 92401 | F29: =D29/$D$2 -> -151.24779 | G29: 310 | H29: 0 | I29: =G29+H29 -> 310 | J29: =IF(L29>0,L29,0) -> 42.752206 | K29: =I29+J29 -> 352.75221 | L29: =F29-(I29-X29) -> 42.752206 | M29: 241 | N29: 0 | O29: =42.75*1.05 -> 44.8875 | P29: =M29-(N29+O29) -> 196.1125 | Q29: 68 | R29: 72 | S29: =SUM(P29:R29) -> 336.1125 | T29: =T28-(S29-8)-(AF29/1.9835) -> 19104.696 | U29: 103 | V29: 20 | W29: =W28-V29 -> 6765.4923 | X29: =N29+O29+S29+U29+V29 -> 504 | Y29: =IF(L29<0,L29*-1,0) -> 0 | Z29: =X29+Y29 -> 504 | AA29: 0 | AB29: 81 | AC29: 51 | AD29: 0 | AE29: 0 | AF29: =23.5*(T28*1.9835-S29*1.9835)/E29 -> 9.6358958
A30: =A29+1 -> 19 | B30: 6888.73 | C30: 243902 | D30: =C30-C29 -> -499 | E30: =C30-152000 -> 91902 | F30: =D30/$D$2 -> -251.5755 | G30: 297 | H30: 0 | I30: =G30+H30 -> 297 | J30: =IF(L30>0,L30,0) -> 0 | K30: =I30+J30 -> 297 | L30: =F30-(I30-X30) -> -33.575498 | M30: 250 | N30: 0 | O30: =41.46*1.05 -> 43.533 | P30: =M30-(N30+O30) -> 206.467 | Q30: 69 | R30: 72 | S30: =SUM(P30:R30) -> 347.467 | T30: =T29-(S30-8)-(AF30/1.9835) -> 18760.433 | U30: 104 | V30: 20 | W30: =W29-V30 -> 6745.4923 | X30: =N30+O30+S30+U30+V30 -> 515 | Y30: =IF(L30<0,L30*-1,0) -> 33.575498 | Z30: =X30+Y30 -> 548.5755 | AA30: 0.09 | AB30: 77 | AC30: 51 | AD30: 0 | AE30: 0 | AF30: =23.5*(T29*1.9835-S30*1.9835)/E30 -> 9.5135759
A31: =A30+1 -> 20 | B31: 6888.52 | C31: 243202 | D31: =C31-C30 -> -700 | E31: =C31-152000 -> 91202 | F31: =D31/$D$2 -> -352.91152 | G31: 325 | H31: 0 | I31: =G31+H31 -> 325 | J31: =IF(L31>0,L31,0) -> 0 | K31: =I31+J31 -> 325 | L31: =F31-(I31-X31) -> -189.91152 | M31: 224 | N31: 0 | O31: =32.44*1.05 -> 34.062 | P31: =M31-(N31+O31) -> 189.938 | Q31: 70 | R31: 72 | S31: =SUM(P31:R31) -> 331.938 | T31: =T30-(S31-8)-(AF31/1.9835) -> 18431.746 | U31: 93 | V31: 29 | W31: =W30-V31 -> 6716.4923 | X31: =N31+O31+S31+U31+V31 -> 488 | Y31: =IF(L31<0,L31*-1,0) -> 189.91152 | Z31: =X31+Y31 -> 677.91152 | AA31: 0 | AB31: 75 | AC31: 52 | AD31: 0 | AE31: 0 | AF31: =23.5*(T30*1.9835-S31*1.9835)/E31 -> 9.4185829
A32: =A31+1 -> 21 | B32: 6888.39 | C32: 242769 | D32: =C32-C31 -> -433 | E32: =C32-152000 -> 90769 | F32: =D32/$D$2 -> -218.30098 | G32: 278 | H32: 0 | I32: =G32+H32 -> 278 | J32: =IF(L32>0,L32,0) -> 23.699017 | K32: =I32+J32 -> 301.69902 | L32: =F32-(I32-X32) -> 23.699017 | M32: 224 | N32: 0 | O32: =19.39*1.05 -> 20.3595 | P32: =M32-(N32+O32) -> 203.6405 | Q32: 72 | R32: 72 | S32: =SUM(P32:R32) -> 347.6405 | T32: =T31-(S32-8)-(AF32/1.9835) -> 18087.424 | U32: 111 | V32: 41 | W32: =W31-V32 -> 6675.4923 | X32: =N32+O32+S32+U32+V32 -> 520 | Y32: =IF(L32<0,L32*-1,0) -> 0 | Z32: =X32+Y32 -> 520 | AA32: 0 | AB32: 78 | AC32: 42 | AD32: 0 | AE32: 0 | AF32: =23.5*(T31*1.9835-S32*1.9835)/E32 -> 9.2866602
A33: =A32+1 -> 22 | B33: 6888.21 | C33: 242169 | D33: =C33-C32 -> -600 | E33: =C33-152000 -> 90169 | F33: =D33/$D$2 -> -302.49559 | G33: 257 | H33: 0 | I33: =G33+H33 -> 257 | J33: =IF(L33>0,L33,0) -> 0 | K33: =I33+J33 -> 257 | L33: =F33-(I33-X33) -> -20.495589 | M33: 229 | N33: 5.55 | O33: =19.26*1.05 -> 20.223 | P33: =M33-(N33+O33) -> 203.227 | Q33: 72 | R33: 72 | S33: =SUM(P33:R33) -> 347.227 | T33: =T32-(S33-8)-(AF33/1.9835) -> 17743.573 | U33: 125 | V33: 41 | W33: =W32-V33 -> 6634.4923 | X33: =N33+O33+S33+U33+V33 -> 539 | Y33: =IF(L33<0,L33*-1,0) -> 20.495589 | Z33: =X33+Y33 -> 559.49559 | AA33: 0 | AB33: 79 | AC33: 43 | AD33: 0 | AE33: 0 | AF33: =23.5*(T32*1.9835-S33*1.9835)/E33 -> 9.1706738
A34: =A33+1 -> 23 | B34: 6887.96 | C34: 241337 | D34: =C34-C33 -> -832 | E34: =C34-152000 -> 89337 | F34: =D34/$D$2 -> -419.46055 | G34: 248 | H34: 0 | I34: =G34+H34 -> 248 | J34: =IF(L34>0,L34,0) -> 0 | K34: =I34+J34 -> 248 | L34: =F34-(I34-X34) -> -123.46055 | M34: 231 | N34: 0 | O34: =25.6*1.05 -> 26.88 | P34: =M34-(N34+O34) -> 204.12 | Q34: 72 | R34: 71 | S34: =SUM(P34:R34) -> 347.12 | T34: =T33-(S34-8)-(AF34/1.9835) -> 17399.877 | U34: 130 | V34: 40 | W34: =W33-V34 -> 6594.4923 | X34: =N34+O34+S34+U34+V34 -> 544 | Y34: =IF(L34<0,L34*-1,0) -> 123.46055 | Z34: =X34+Y34 -> 667.46055 | AA34: 0 | AB34: 82 | AC34: 50 | AD34: 0 | AE34: 0 | AF34: =23.5*(T33*1.9835-S34*1.9835)/E34 -> 9.07673
A35: =A34+1 -> 24 | B35: 6887.76 | C35: 240678 | D35: =C35-C34 -> -659 | E35: =C35-152000 -> 88678 | F35: =D35/$D$2 -> -332.24099 | G35: 229 | H35: 0 | I35: =G35+H35 -> 229 | J35: =IF(L35>0,L35,0) -> 0 | K35: =I35+J35 -> 229 | L35: =F35-(I35-X35) -> -28.240988 | M35: 236 | N35: 0 | O35: =23.59*1.05 -> 24.7695 | P35: =M35-(N35+O35) -> 211.2305 | Q35: 71 | R35: 71 | S35: =SUM(P35:R35) -> 353.2305 | T35: =T34-(S35-8)-(AF35/1.9835) -> 17050.129 | U35: 115 | V35: 40 | W35: =W34-V35 -> 6554.4923 | X35: =N35+O35+S35+U35+V35 -> 533 | Y35: =IF(L35<0,L35*-1,0) -> 28.240988 | Z35: =X35+Y35 -> 561.24099 | AA35: 0 | AB35: 77 | AC35: 54 | AD35: 0 | AE35: 0 | AF35: =23.5*(T34*1.9835-S35*1.9835)/E35 -> 8.9603121
A36: =A35+1 -> 25 | B36: 6887.53 | C36: 239920 | D36: =C36-C35 -> -758 | E36: =C36-152000 -> 87920 | F36: =D36/$D$2 -> -382.15276 | G36: 209 | H36: 0 | I36: =G36+H36 -> 209 | J36: =IF(L36>0,L36,0) -> 0 | K36: =I36+J36 -> 209 | L36: =F36-(I36-X36) -> -38.15276 | M36: 238 | N36: 0 | O36: =26.08*1.05 -> 27.384 | P36: =M36-(N36+O36) -> 210.616 | Q36: 71 | R36: 70 | S36: =SUM(P36:R36) -> 351.616 | T36: =T35-(S36-8)-(AF36/1.9835) -> 16702.05 | U36: 135 | V36: 39 | W36: =W35-V36 -> 6515.4923 | X36: =N36+O36+S36+U36+V36 -> 553 | Y36: =IF(L36<0,L36*-1,0) -> 38.15276 | Z36: =X36+Y36 -> 591.15276 | AA36: 0 | AB36: 74 | AC36: 41 | AD36: 0 | AE36: 0 | AF36: =23.5*(T35*1.9835-S36*1.9835)/E36 -> 8.8529945
A37: =A36+1 -> 26 | B37: 6887.14 | C37: 238997 | D37: =C37-C36 -> -923 | E37: =C37-152000 -> 86997 | F37: =D37/$D$2 -> -465.33905 | G37: 196 | H37: 0 | I37: =G37+H37 -> 196 | J37: =IF(L37>0,L37,0) -> 0 | K37: =I37+J37 -> 196 | L37: =F37-(I37-X37) -> -60.339047 | M37: 243 | N37: 0 | O37: =24.4*1.05 -> 25.62 | P37: =M37-(N37+O37) -> 217.38 | Q37: 70 | R37: 68 | S37: =SUM(P37:R37) -> 355.38 | T37: =T36-(S37-8)-(AF37/1.9835)+AG37 -> 16356.184 | U37: 182 | V37: 38 | W37: =W36-V37 -> 6477.4923 | X37: =N37+O37+S37+U37+V37 -> 601 | Y37: =IF(L37<0,L37*-1,0) -> 60.339047 | Z37: =X37+Y37 -> 661.33905 | AA37: 0 | AB37: 78 | AC37: 43 | AD37: 0 | AE37: 0 | AF37: =23.5*(T36*1.9835-S37*1.9835)/E37 -> 8.7584062 | AG37: 5.93
A38: =A37+1 -> 27 | B38: 6886.97 | C38: 238075 | D38: =C38-C37 -> -922 | E38: =C38-152000 -> 86075 | F38: =D38/$D$2 -> -464.83489 | G38: 193 | H38: 0 | I38: =G38+H38 -> 193 | J38: =IF(L38>0,L38,0) -> 0 | K38: =I38+J38 -> 193 | L38: =F38-(I38-X38) -> -54.834888 | M38: 239 | N38: 0 | O38: =24.4*1.05 -> 25.62 | P38: =M38-(N38+O38) -> 213.38 | Q38: 51 | R38: 71 | S38: =SUM(P38:R38) -> 335.38 | T38: =T37-(S38-8)-(AF38/1.9835)+AG38 -> 16039.43 | U38: 203 | V38: 39 | W38: =W37-V38 -> 6438.4923 | X38: =N38+O38+S38+U38+V38 -> 603 | Y38: =IF(L38<0,L38*-1,0) -> 54.834888 | Z38: =X38+Y38 -> 657.83489 | AA38: 0 | AB38: 84 | AC38: 48 | AD38: 0 | AE38: 0 | AF38: =23.5*(T37*1.9835-S38*1.9835)/E38 -> 8.6757564 | AG38: 15
A39: =A38+1 -> 28 | B39: 6886.71 | C39: 237227 | D39: =C39-C38 -> -848 | E39: =C39-152000 -> 85227 | F39: =D39/$D$2 -> -427.5271 | G39: 185 | H39: 0 | I39: =G39+H39 -> 185 | J39: =IF(L39>0,L39,0) -> 0 | K39: =I39+J39 -> 185 | L39: =F39-(I39-X39) -> -35.527099 | M39: 224 | N39: 0 | O39: =27.12*1.05 -> 28.476 | P39: =M39-(N39+O39) -> 195.524 | Q39: 43 | R39: 72 | S39: =SUM(P39:R39) -> 310.524 | T39: =T38-(S39-8)-(AF39/1.9835)+AG39 -> 15747.569 | U39: 199 | V39: 39 | W39: =W38-V39 -> 6399.4923 | X39: =N39+O39+S39+U39+V39 -> 577 | Y39: =IF(L39<0,L39*-1,0) -> 35.527099 | Z39: =X39+Y39 -> 612.5271 | AA39: 0 | AB39: 87 | AC39: 50 | AD39: 0 | AE39: 0 | AF39: =23.5*(T38*1.9835-S39*1.9835)/E39 -> 8.6024348 | AG39: 15
A40: =A39+1 -> 29 | B40: 6886.46 | C40: 236412 | D40: =C40-C39 -> -815 | E40: =C40-152000 -> 84412 | F40: =D40/$D$2 -> -410.88984 | G40: 176 | H40: 0 | I40: =G40+H40 -> 176 | J40: =IF(L40>0,L40,0) -> 0 | K40: =I40+J40 -> 176 | L40: =F40-(I40-X40) -> -65.889841 | M40: 199 | N40: 0 | O40: =28.88*1.05 -> 30.324 | P40: =M40-(N40+O40) -> 168.676 | Q40: 43 | R40: 73 | S40: =SUM(P40:R40) -> 284.676 | T40: =T39-(S40-8)-(AF40/1.9835)+AG40 -> 15481.588 | U40: 167 | V40: 39 | W40: =W39-V40 -> 6360.4923 | X40: =N40+O40+S40+U40+V40 -> 521 | Y40: =IF(L40<0,L40*-1,0) -> 65.889841 | Z40: =X40+Y40 -> 586.88984 | AA40: 0 | AB40: 88 | AC40: 53 | AD40: 0 | AE40: 0 | AF40: =23.5*(T39*1.9835-S40*1.9835)/E40 -> 8.5385993 | AG40: 15
A41: 30 | B41: 6886.26 | C41: 235760 | D41: =C41-C40 -> -652 | E41: =C41-152000 -> 83760 | F41: =D41/$D$2 -> -328.71187 | G41: 171 | H41: 0 | I41: =G41+H41 -> 171 | J41: =IF(L41>0,L41,0) -> 33.288127 | K41: =I41+J41 -> 204.28813 | L41: =F41-(I41-X41) -> 33.288127 | M41: 189 | N41: 6.05 | O41: =23.4*1.05 -> 24.57 | P41: =M41-(N41+O41) -> 158.38 | Q41: 43 | R41: 72 | S41: =SUM(P41:R41) -> 273.38 | T41: =T40-(S41-8)-(AF41/1.9835)+AG41 -> 15226.942 | U41: 190 | V41: 39 | W41: =W40-V41 -> 6321.4923 | X41: =N41+O41+S41+U41+V41 -> 533 | Y41: =IF(L41<0,L41*-1,0) -> 0 | Z41: =X41+Y41 -> 533 | AA41: 0 | AB41: 88 | AC41: 56 | AD41: 0 | AE41: 0 | AF41: =23.5*(T40*1.9835-S41*1.9835)/E41 -> 8.4633335 | AG41: 15
H42: 0.29
A43: MONTH / CFS | F43: =SUM(F12:F41) -> -3600.7058 | G43: =SUM(G12:G41) -> 15817 | H43: =SUM(H12:H41) -> 2.19 | I43: =SUM(I12:I41) -> 15819.19 | J43: =SUM(J12:J41) -> 397.14272 | K43: =SUM(K12:K41) -> 16216.333 | L43: =SUM(L12:L41) -> -1297.8958 | M43: =SUM(M12:M41) -> 7302 | ... S43: =SUM(S12:S41) -> 11599.344 | U43: =SUM(U12:U41) -> 4351 | V43: =SUM(V12:V41) -> 813 | X43: =SUM(X12:X41) -> 18122 | Y43: =SUM(Y12:Y41) -> 1695.0385 | Z43: =SUM(Z12:Z41) -> 19817.039 | AA43: =SUM(AA12:AA41) -> 0.1 | AB43: =AVERAGE(AB12:AB41) -> 80.233333 | AC43: =AVERAGE(AC12:AC41) -> 48.5 | AD43: AVG | AF43: =SUM(AF12:AF41) -> 303.89234
A44: MONTH / AF | D44: =SUM(D12:D41) -> -7142 | F44: =F43*$D$2 -> -7142 | G44: =G43*$D$2 -> 31373.019 | H44: =H43*$D$2 -> 4.343865 | I44: =I43*$D$2 -> 31377.363 | J44: =J43*$D$2 -> 787.73258 | K44: =K43*$D$2 -> 32165.096 | L44: =L43*$D$2 -> -2574.3764 | M44: =M43*$D$2 -> 14483.517 | ... S44: =S43*$D$2 -> 23007.3 | U44: =U43*$D$2 -> 8630.2085 | V44: =V43*$D$2 -> 1612.5855 | X44: =X43*$D$2 -> 35944.987 | Y44: =Y43*$D$2 -> 3362.1089 | Z44: =Z43*$D$2 -> 39307.096 | AB44: =MAX(AB12:AB41) -> 88 | AC44: =MAX(AC12:AC41) -> 56 | AD44: HI | AF44: =AF43*$D$2 -> 602.77047
A46: SEASON / CFS | F46: =F9+F43 -> 31648.601 | G46: =G9+G43 -> 66388 | H46: =H9+H43 -> 1041.43 | I46: =I9+I43 -> 67429.43 | J46: =J9+J43 -> 5504.1187 | K46: =K9+K43 -> 72933.549 | L46: =L9+L43 -> 2989.801 | M46: =M9+M43 -> 15029.38 | ... S46: =S9+S43 -> 28261.244 | T46: =T41 -> 15226.942 | U46: =U9+U43 -> 5700.63 | V46: =V9+V43 -> 1920 | W46: =W41 -> 6321.4923 | X46: =X9+X43 -> 38770.63 | Y46: =Y9+Y43 -> 2514.3178 | Z46: =Z9+Z43 -> 41284.948 | AB46: =MIN(AB12:AB41) -> 74 | AC46: =MIN(AC12:AC41) -> 41 | AD46: LO | AF46: =AF9+AF43 -> 812.80613 | AG46: =SUM(AG12:AG41) -> 65.93
A47: SEASON / AF | F47: =F46*$D$2 -> 62775 | G47: =G46*$D$2 -> 131680.6 | H47: =H46*$D$2 -> 2065.6764 | I47: =I46*$D$2 -> 133746.27 | J47: =J46*$D$2 -> 10917.42 | K47: =K46*$D$2 -> 144663.69 | L47: =L46*$D$2 -> 5930.2702 | M47: =M46*$D$2 -> 29810.775 | ... Z47: =Z46*$D$2 -> 81888.694 | AF47: =AF46*$D$2 -> 1612.201 | AG47: =AG46*$D$2 -> 130.77215
A49: YTD / CFS | F49: =F10+F43 -> 39925.889 | G49: =G10+G43 -> 73942 | H49: =H10+H43 -> 1324.17 | I49: =I10+I43 -> 75266.17 | J49: =J10+J43 -> 9982.8725 | K49: =K10+K43 -> 85249.043 | L49: =L10+L43 -> 6834.0386 | M49: =M10+M43 -> 15986.2 | ... S49: =S10+S43 -> 29399.417 | U49: =U10+U43 -> 5700.63 | V49: =V10+V43 -> 4183.89 | X49: =X10+X43 -> 42174.32 | Y49: =Y10+Y43 -> 3148.8339 | Z49: =Z10+Z43 -> 45323.154 | AA49: =AA10+AA43 -> 8.08 | AF49: =AF10+AF43 -> 812.80613
A50: YTD / AF | D50: =D10+D44 -> 79193 | E50: =E41 -> 83760 | F50: =F49*$D$2 -> 79193 | G50: =G49*$D$2 -> 146663.96 | H50: =H49*$D$2 -> 2626.4912 | I50: =I49*$D$2 -> 149290.45 | J50: =J49*$D$2 -> 19801.028 | K50: =K49*$D$2 -> 169091.48 | L50: =L49*$D$2 -> 13555.316 | M50: =M49*$D$2 -> 31708.628 | ... S50: =S49*$D$2 -> 58313.744 | U50: =U49*$D$2 -> 11307.2 | V50: =V49*$D$2 -> 8298.7458 | X50: =X49*$D$2 -> 83652.764 | Y50: =Y49*$D$2 -> 6245.7121 | Z50: =Z49*$D$2 -> 89898.476 | AF50: =AF49*$D$2 -> 1612.201

Sheet JUL
K1: MCPHEE RESERVOIR INFLOW/OUTFLOW TABULATION
A2: AF/cfs CONVERT FACTOR | D2: 1.9835 | K2: JULY "2003"
D4: RESERVOIR | Q4: INFLOW/OUTFLOW (CFS) | AB4: WEATHER | AF4: ADJUSTMENTS
A5: DATE | B5: RESERV | C5: RESERV | D5: AC FT | E5: ACTIVE | F5: CONV TO | G5: DOLORES | H5: LOST | I5: RECORDED | J5: CALC | K5: TOTAL | L5: CALC | M5: DOLORES TUNNEL | Q5: LONE | R5: U | S5: TOTAL | T5: MVI | U5: DV CR | V5: BELOW | W5: REMAIN | X5: RECORDED | Y5: CALC | Z5: TOTAL | AA5: RAIN | AB5: MAX | AC5: MIN | AD5: NAR | AE5: MVI | AF5: MVI | AG5: UPSTREAM
A6: "JUL" | B6: ELEV | C6: AC FT | D6: CHANGE | E6: CAP | F6: CFS | G6: RIVER | H6: CANYON | I6: INFLOW | J6: INFLOW | K6: INFLOW | L6: INF/OTF | M6: TOT DIV | N6: SWAMP | O6: UTE F&R | P6: MVI,CTZ | Q6: PINE | R6: LAT | S6: MVI | T6: CALL + | U6: CANAL | V6: MCPHEE | W6: RELEASE | X6: OUTFLOW | Y6: OUTFLOW | Z6: OUTFLOW | AB6: TMP | AC6: TMP | AD6: CALL | AE6: CALL | AF6: STORED | AG6: USERS
E7: AC FT | O7: 12583 | T7: TOT EX | U7: 30060 | AB7: NOV-OCT | AE7: Apr-Jun | AF7: EVAP acft | AG7: EXCHANGE
T8: 6577
A9: SEASON BAL | F9: =JUN!F46 -> 31648.601 | G9: =JUN!G46 -> 66388 | H9: =JUN!H46 -> 1041.43 | I9: =JUN!I46 -> 67429.43 | J9: =JUN!J46 -> 5504.1187 | K9: =JUN!K46 -> 72933.549 | L9: =JUN!L46 -> 2989.801 | M9: =JUN!M46 -> 15029.38 | ... V9: =JUN!V46 -> 1920 | X9: =JUN!X46 -> 38770.63 | Y9: =JUN!Y46 -> 2514.3178 | Z9: =JUN!Z46 -> 41284.948 | AF9: =JUN!AF46 -> 812.80613 | AG9: =JUN!AG46 -> 65.93
A10: YTD | B10: =JUN!B41 -> 6886.26 | C10: =JUN!C41 -> 235760 | D10: =JUN!D50 -> 79193 | E10: =JUN!E50 -> 83760 | F10: =JUN!F49 -> 39925.889 | G10: =JUN!G49 -> 73942 | H10: =JUN!H49 -> 1324.17 | I10: =JUN!I49 -> 75266.17 | J10: =JUN!J49 -> 9982.8725 | K10: =JUN!K49 -> 85249.043 | L10: =JUN!L49 -> 6834.0386 | M10: =JUN!M49 -> 15986.2 | ... S10: =JUN!S49 -> 29399.417 | U10: =JUN!U49 -> 5700.63 | V10: =JUN!V49 -> 4183.89 | W10: =JUN!W46 -> 6321.4923 | X10: =JUN!X49 -> 42174.32 | Y10: =JUN!Y49 -> 3148.8339 | Z10: =JUN!Z49 -> 45323.154 | AA10: =JUN!AA49 -> 8.08 | AF10: =JUN!AF49 -> 812.80613
A12: 1 | B12: 6885.95 | C12: 234751 | D12: =C12-C10 -> -1009 | E12: =C12-152000 -> 82751 | F12: =D12/$D$2 -> -508.69675 | G12: 152 | H12: 0 | I12: =G12+H12 -> 152 | J12: =IF(L12>0,L12,0) -> 0 | K12: =I12+J12 -> 152 | L12: =F12-(I12-X12) -> -64.596748 | M12: 202 | N12: 0 | O12: =22.88*1.05 -> 24.024 | P12: =M12-(N12+O12) -> 177.976 | Q12: 42 | R12: 70 | S12: =SUM(P12:R12) -> 289.976 | T12: =T9+AE12-(AF12/1.9835)+AG12 -> 15097.024 | U12: 243.1 | V12: 39 | W12: =W10-V12 -> 6282.4923 | X12: =N12+O12+S12+U12+V12 -> 596.1 | Y12: =IF(L12<0,L12*-1,0) -> 64.596748 | Z12: =X12+Y12 -> 660.69675 | AA12: 0 | AB12: 88 | AC12: 54 | AD12: 0 | AE12: =(I12-8-2.7)-(S12-8) -> -140.676 | AF12: =23.5*(T9*1.9835-S12*1.9835)/E12 -> 8.4137421 | AG12: 15
A13: =A12+1 -> 2 | B13: 6885.64 | C13: 233752 | D13: =C13-C12 -> -999 | E13: =C13-152000 -> 81752 | F13: =D13/$D$2 -> -503.65516 | G13: 148 | H13: 0 | I13: =G13+H13 -> 148 | J13: =IF(L13>0,L13,0) -> 0 | K13: =I13+J13 -> 148 | L13: =F13-(I13-X13) -> -55.595155 | M13: 208 | N13: 0 | O13: =32.44*1.05 -> 34.062 | P13: =M13-(N13+O13) -> 173.938 | Q13: 42 | R13: 71 | S13: =SUM(P13:R13) -> 286.938 | T13: =T12+AE13-(AF13/1.9835)+AG13 -> 14966.129 | U13: 236.06 | V13: 39 | W13: =W12-V13 -> 6243.4923 | X13: =N13+O13+S13+U13+V13 -> 596.06 | Y13: =IF(L13<0,L13*-1,0) -> 55.595155 | Z13: =X13+Y13 -> 651.65516 | AA13: 0 | AB13: 87 | AC13: 51 | AD13: 0 | AE13: =(I13-8-2.7)-(S13-8) -> -141.638 | AF13: =23.5*(T12*1.9835-S13*1.9835)/E13 -> 8.4442144 | AG13: 15
A14: =A13+1 -> 3 | B14: 6885.34 | C14: 232785 | D14: =C14-C13 -> -967 | E14: =C14-152000 -> 80785 | F14: =D14/$D$2 -> -487.52206 | G14: 150 | H14: 0 | I14: =G14+H14 -> 150 | J14: =IF(L14>0,L14,0) -> 0 | K14: =I14+J14 -> 150 | L14: =F14-(I14-X14) -> -46.422057 | M14: 209 | N14: 0 | O14: =28.31*1.05 -> 29.7255 | P14: =M14-(N14+O14) -> 179.2745 | Q14: 42 | R14: 75 | S14: =SUM(P14:R14) -> 296.2745 | T14: =T13+AE14-(AF14/1.9835)+AG14 -> 14827.887 | U14: 226.1 | V14: 39 | W14: =W13-V14 -> 6204.4923 | X14: =N14+O14+S14+U14+V14 -> 591.1 | Y14: =IF(L14<0,L14*-1,0) -> 46.422057 | Z14: =X14+Y14 -> 637.52206 | AA14: 0 | AB14: 89 | AC14: 52 | AD14: 0 | AE14: =(I14-8-2.7)-(S14-8) -> -148.9745 | AF14: =23.5*(T13*1.9835-S14*1.9835)/E14 -> 8.4643796 | AG14: 15
A15: =A14+1 -> 4 | B15: 6885.01 | C15: 231722 | D15: =C15-C14 -> -1063 | E15: =C15-152000 -> 79722 | F15: =D15/$D$2 -> -535.92135 | G15: 143 | H15: 0 | I15: =G15+H15 -> 143 | J15: =IF(L15>0,L15,0) -> 0 | K15: =I15+J15 -> 143 | L15: =F15-(I15-X15) -> -75.061351 | M15: 199 | N15: 0 | O15: =25.72*1.05 -> 27.006 | P15: =M15-(N15+O15) -> 171.994 | Q15: 43 | R15: 75 | S15: =SUM(P15:R15) -> 289.994 | T15: =T14+AE15-(AF15/1.9835)+AG15 -> 14688.907 | U15: 247.86 | V15: 39 | W15: =W14-V15 -> 6165.4923 | X15: =N15+O15+S15+U15+V15 -> 603.86 | Y15: =IF(L15<0,L15*-1,0) -> 75.061351 | Z15: =X15+Y15 -> 678.92135 | AA15: 0 | AB15: 92 | AC15: 54 | AD15: 0 | AE15: =(I15-8-2.7)-(S15-8) -> -149.694 | AF15: =23.5*(T14*1.9835-S15*1.9835)/E15 -> 8.5000864 | AG15: 15
A16: =A15+1 -> 5 | B16: 6884.65 | C16: 230575 | D16: =C16-C15 -> -1147 | E16: =C16-152000 -> 78575 | F16: =D16/$D$2 -> -578.27073 | G16: 137 | H16: 0 | I16: =G16+H16 -> 137 | J16: =IF(L16>0,L16,0) -> 0 | K16: =I16+J16 -> 137 | L16: =F16-(I16-X16) -> -144.08073 | M16: 202 | N16: 0 | O16: =26.29*1.05 -> 27.6045 | P16: =M16-(N16+O16) -> 174.3955 | Q16: 43 | R16: 76 | S16: =SUM(P16:R16) -> 293.3955 | T16: =T15+AE16-(AF16/1.9835)+AG16 -> 14540.506 | U16: 211.19 | V16: 39 | W16: =W15-V16 -> 6126.4923 | X16: =N16+O16+S16+U16+V16 -> 571.19 | Y16: =IF(L16<0,L16*-1,0) -> 144.08073 | Z16: =X16+Y16 -> 715.27073 | AA16: 0 | AB16: 90 | AC16: 55 | AD16: 0 | AE16: =(I16-8-2.7)-(S16-8) -> -159.0955 | AF16: =23.5*(T15*1.9835-S16*1.9835)/E16 -> 8.5397034 | AG16: 15
A17: =A16+1 -> 6 | B17: 6884.29 | C17: 229428 | D17: =C17-C16 -> -1147 | E17: =C17-152000 -> 77428 | F17: =D17/$D$2 -> -578.27073 | G17: 126 | H17: 0 | I17: =G17+H17 -> 126 | J17: =IF(L17>0,L17,0) -> 0 | K17: =I17+J17 -> 126 | L17: =F17-(I17-X17) -> -110.32073 | M17: 213 | N17: 0 | O17: =26.57*1.05 -> 27.8985 | P17: =M17-(N17+O17) -> 185.1015 | Q17: 44 | R17: 73 | S17: =SUM(P17:R17) -> 302.1015 | T17: =T16+AE17-(AF17/1.9835)+AG17 -> 14372.383 | U17: 224.95 | V17: 39 | W17: =W16-V17 -> 6087.4923 | X17: =N17+O17+S17+U17+V17 -> 593.95 | Y17: =IF(L17<0,L17*-1,0) -> 110.32073 | Z17: =X17+Y17 -> 704.27073 | AA17: 0 | AB17: 91 | AC17: 57 | AD17: 0 | AE17: =(I17-8-2.7)-(S17-8) -> -178.8015 | AF17: =23.5*(T16*1.9835-S17*1.9835)/E17 -> 8.571629 | AG17: 15
A18: =A17+1 -> 7 | B18: 6883.99 | C18: 228473 | D18: =C18-C17 -> -955 | E18: =C18-152000 -> 76473 | F18: =D18/$D$2 -> -481.47215 | G18: 118 | H18: 0 | I18: =G18+H18 -> 118 | J18: =IF(L18>0,L18,0) -> 0 | K18: =I18+J18 -> 118 | L18: =F18-(I18-X18) -> -5.3821452 | M18: 203 | N18: 0 | O18: =31.94*1.05 -> 33.537 | P18: =M18-(N18+O18) -> 169.463 | Q18: 58 | R18: 74 | S18: =SUM(P18:R18) -> 301.463 | T18: =T17+AE18-(AF18/1.9835)+AG18 -> 14196.896 | U18: 221.09 | V18: 38 | W18: =W17-V18 -> 6049.4923 | X18: =N18+O18+S18+U18+V18 -> 594.09 | Y18: =IF(L18<0,L18*-1,0) -> 5.3821452 | Z18: =X18+Y18 -> 599.47215 | AA18: 0 | AB18: 89 | AC18: 52 | AD18: 0 | AE18: =(I18-8-2.7)-(S18-8) -> -186.163 | AF18: =23.5*(T17*1.9835-S18*1.9835)/E18 -> 8.576586 | AG18: 15
A19: =A18+1 -> 8 | B19: 6883.69 | C19: 227530 | D19: =C19-C18 -> -943 | E19: =C19-152000 -> 75530 | F19: =D19/$D$2 -> -475.42223 | G19: 115 | H19: 0 | I19: =G19+H19 -> 115 | J19: =IF(L19>0,L19,0) -> 12.547767 | K19: =I19+J19 -> 127.54777 | L19: =F19-(I19-X19) -> 12.547767 | M19: 192 | N19: 5.04 | O19: =21.13*1.05 -> 22.1865 | P19: =M19-(N19+O19) -> 164.7735 | Q19: 66 | R19: 75 | S19: =SUM(P19:R19) -> 305.7735 | T19: =T18+AE19-(AF19/1.9835)+AG19 -> 14014.101 | U19: 231.97 | V19: 38 | W19: =W18-V19 -> 6011.4923 | X19: =N19+O19+S19+U19+V19 -> 602.97 | Y19: =IF(L19<0,L19*-1,0) -> 0 | Z19: =X19+Y19 -> 602.97 | AA19: 0 | AB19: 91 | AC19: 53 | AD19: 0 | AE19: =(I19-8-2.7)-(S19-8) -> -193.4735 | AF19: =23.5*(T18*1.9835-S19*1.9835)/E19 -> 8.5727061 | AG19: 15
A20: =A19+1 -> 9 | B20: 6883.39 | C20: 226586 | D20: =C20-C19 -> -944 | E20: =C20-152000 -> 74586 | F20: =D20/$D$2 -> -475.92639 | G20: 110 | H20: 0 | I20: =G20+H20 -> 110 | J20: =IF(L20>0,L20,0) -> 14.573607 | K20: =I20+J20 -> 124.57361 | L20: =F20-(I20-X20) -> 14.573607 | M20: 197 | N20: 0 | O20: =25.62*1.05 -> 26.901 | P20: =M20-(N20+O20) -> 170.099 | Q20: 66 | R20: 73 | S20: =SUM(P20:R20) -> 309.099 | T20: =T19+AE20-(AF20/1.9835)+AG20 -> 13822.984 | U20: 225.5 | V20: 39 | W20: =W19-V20 -> 5972.4923 | X20: =N20+O20+S20+U20+V20 -> 600.5 | Y20: =IF(L20<0,L20*-1,0) -> 0 | Z20: =X20+Y20 -> 600.5 | AA20: 0 | AB20: 93 | AC20: 56 | AD20: 0 | AE20: =(I20-8-2.7)-(S20-8) -> -201.799 | AF20: =23.5*(T19*1.9835-S20*1.9835)/E20 -> 8.5648912 | AG20: 15
A21: =A20+1 -> 10 | B21: 6883.1 | C21: 225674 | D21: =C21-C20 -> -912 | E21: =C21-152000 -> 73674 | F21: =D21/$D$2 -> -459.79329 | G21: 99 | H21: 0 | I21: =G21+H21 -> 99 | J21: =IF(L21>0,L21,0) -> 8.2667053 | K21: =I21+J21 -> 107.26671 | L21: =F21-(I21-X21) -> 8.2667053 | M21: 191 | N21: 0 | O21: =23.11*1.05 -> 24.2655 | P21: =M21-(N21+O21) -> 166.7345 | Q21: 67 | R21: 74 | S21: =SUM(P21:R21) -> 307.7345 | T21: =T20+AE21-(AF21/1.9835)+AG21 -> 13622.238 | U21: 196.06 | V21: 39 | W21: =W20-V21 -> 5933.4923 | X21: =N21+O21+S21+U21+V21 -> 567.06 | Y21: =IF(L21<0,L21*-1,0) -> 0 | Z21: =X21+Y21 -> 567.06 | AA21: 0 | AB21: 95 | AC21: 51 | AD21: 0 | AE21: =(I21-8-2.7)-(S21-8) -> -211.4345 | AF21: =23.5*(T20*1.9835-S21*1.9835)/E21 -> 8.5508616 | AG21: 15
A22: =A21+1 -> 11 | B22: 6882.76 | C22: 224614 | D22: =C22-C21 -> -1060 | E22: =C22-152000 -> 72614 | F22: =D22/$D$2 -> -534.40887 | G22: 136 | H22: 0 | I22: =G22+H22 -> 136 | J22: =IF(L22>0,L22,0) -> 0 | K22: =I22+J22 -> 136 | L22: =F22-(I22-X22) -> -111.09887 | M22: 191 | N22: 0 | O22: =21.45*1.05 -> 22.5225 | P22: =M22-(N22+O22) -> 168.4775 | Q22: 67 | R22: 73 | S22: =SUM(P22:R22) -> 308.4775 | T22: =T21+AE22-(AF22/1.9835)+AG22 -> 13457.752 | U22: 190.31 | V22: 38 | W22: =W21-V22 -> 5895.4923 | X22: =N22+O22+S22+U22+V22 -> 559.31 | Y22: =IF(L22<0,L22*-1,0) -> 111.09887 | Z22: =X22+Y22 -> 670.40887 | AA22: 0 | AB22: 95 | AC22: 53 | AD22: 0 | AE22: =(I22-8-2.7)-(S22-8) -> -175.1775 | AF22: =23.5*(T21*1.9835-S22*1.9835)/E22 -> 8.5463457 | AG22: 15
A23: =A22+1 -> 12 | B23: 6882.43 | C23: 223589 | D23: =C23-C22 -> -1025 | E23: =C23-152000 -> 71589 | F23: =D23/$D$2 -> -516.7633 | G23: 135 | H23: 0 | I23: =G23+H23 -> 135 | J23: =IF(L23>0,L23,0) -> 0 | K23: =I23+J23 -> 135 | L23: =F23-(I23-X23) -> -85.203297 | M23: 193 | N23: 0 | O23: =22.94*1.05 -> 24.087 | P23: =M23-(N23+O23) -> 168.913 | Q23: 67 | R23: 71 | S23: =SUM(P23:R23) -> 306.913 | T23: =T22+AE23-(AF23/1.9835)+AG23 -> 13293.822 | U23: 198.56 | V23: 37 | W23: =W22-V23 -> 5858.4923 | X23: =N23+O23+S23+U23+V23 -> 566.56 | Y23: =IF(L23<0,L23*-1,0) -> 85.203297 | Z23: =X23+Y23 -> 651.7633 | AA23: 0 | AB23: 94 | AC23: 56 | AD23: 0 | AE23: =(I23-8-2.7)-(S23-8) -> -174.613 | AF23: =23.5*(T22*1.9835-S23*1.9835)/E23 -> 8.5626311 | AG23: 15
A24: =A23+1 -> 13 | B24: 6882.08 | C24: 222502 | D24: =C24-C23 -> -1087 | E24: =C24-152000 -> 70502 | F24: =D24/$D$2 -> -548.02117 | G24: 134 | H24: 0 | I24: =G24+H24 -> 134 | J24: =IF(L24>0,L24,0) -> 0 | K24: =I24+J24 -> 134 | L24: =F24-(I24-X24) -> -134.88117 | M24: 194 | N24: 2 | O24: =22.08*1.05 -> 23.184 | P24: =M24-(N24+O24) -> 168.816 | Q24: 67 | R24: 70 | S24: =SUM(P24:R24) -> 305.816 | T24: =T23+AE24-(AF24/1.9835)+AG24 -> 13129.977 | U24: 179.14 | V24: 37 | W24: =W23-V24 -> 5821.4923 | X24: =N24+O24+S24+U24+V24 -> 547.14 | Y24: =IF(L24<0,L24*-1,0) -> 134.88117 | Z24: =X24+Y24 -> 682.02117 | AA24: 0 | AB24: 96 | AC24: 57 | AD24: 0 | AE24: =(I24-8-2.7)-(S24-8) -> -174.516 | AF24: =23.5*(T23*1.9835-S24*1.9835)/E24 -> 8.5869932 | AG24: 15
A25: =A24+1 -> 14 | B25: 6881.76 | C25: 221517 | D25: =C25-C24 -> -985 | E25: =C25-152000 -> 69517 | F25: =D25/$D$2 -> -496.59692 | G25: 127 | H25: 0 | I25: =G25+H25 -> 127 | J25: =IF(L25>0,L25,0) -> 0 | K25: =I25+J25 -> 127 | L25: =F25-(I25-X25) -> -43.706925 | M25: 196 | N25: 0 | O25: =19.59*1.05 -> 20.5695 | P25: =M25-(N25+O25) -> 175.4305 | Q25: 66 | R25: 67 | S25: =SUM(P25:R25) -> 308.4305 | T25: =T24+AE25-(AF25/1.9835)+AG25 -> 12956.512 | U25: 212.89 | V25: 38 | W25: =W24-V25 -> 5783.4923 | X25: =N25+O25+S25+U25+V25 -> 579.89 | Y25: =IF(L25<0,L25*-1,0) -> 43.706925 | Z25: =X25+Y25 -> 623.59692 | AA25: 0 | AB25: 97 | AC25: 57 | AD25: 0 | AE25: =(I25-8-2.7)-(S25-8) -> -184.1305 | AF25: =23.5*(T24*1.9835-S25*1.9835)/E25 -> 8.5970501 | AG25: 15
A26: =A25+1 -> 15 | B26: 6881.45 | C26: 220567 | D26: =C26-C25 -> -950 | E26: =C26-152000 -> 68567 | F26: =D26/$D$2 -> -478.95135 | G26: 124 | H26: 0 | I26: =G26+H26 -> 124 | J26: =IF(L26>0,L26,0) -> 0.82865137 | K26: =I26+J26 -> 124.82865 | L26: =F26-(I26-X26) -> 0.82865137 | M26: 197 | N26: 0 | O26: =21.86*1.05 -> 22.953 | P26: =M26-(N26+O26) -> 174.047 | Q26: 75 | R26: 69 | S26: =SUM(P26:R26) -> 318.047 | T26: =T25+AE26-(AF26/1.9835)+AG26 -> 12770.434 | U26: 225.78 | V26: 37 | W26: =W25-V26 -> 5746.4923 | X26: =N26+O26+S26+U26+V26 -> 603.78 | Y26: =IF(L26<0,L26*-1,0) -> 0 | Z26: =X26+Y26 -> 603.78 | AA26: 0 | AB26: 97 | AC26: 62 | AD26: 0 | AE26: =(I26-8-2.7)-(S26-8) -> -196.747 | AF26: =23.5*(T25*1.9835-S26*1.9835)/E26 -> 8.591703 | AG26: 15
A27: =A26+1 -> 16 | B27: 6881.15 | C27: 219648 | D27: =C27-C26 -> -919 | E27: =C27-152000 -> 67648 | F27: =D27/$D$2 -> -463.32241 | G27: 125 | H27: 0 | I27: =G27+H27 -> 125 | J27: =IF(L27>0,L27,0) -> 0 | K27: =I27+J27 -> 125 | L27: =F27-(I27-X27) -> -20.82241 | M27: 188 | N27: 0 | O27: =21.05*1.05 -> 22.1025 | P27: =M27-(N27+O27) -> 165.8975 | Q27: 81 | R27: 73 | S27: =SUM(P27:R27) -> 319.8975 | T27: =T26+AE27-(AF27/1.9835)+AG27 -> 12583.511 | U27: 188.5 | V27: 37 | W27: =W26-V27 -> 5709.4923 | X27: =N27+O27+S27+U27+V27 -> 567.5 | Y27: =IF(L27<0,L27*-1,0) -> 20.82241 | Z27: =X27+Y27 -> 588.32241 | AA27: 0 | AB27: 92 | AC27: 65 | AD27: 0 | AE27: =(I27-8-2.7)-(S27-8) -> -197.5975 | AF27: =23.5*(T26*1.9835-S27*1.9835)/E27 -> 8.5789307 | AG27: 15
A28: =A27+1 -> 17 | B28: 6880.78 | C28: 218523 | D28: =C28-C27 -> -1125 | E28: =C28-152000 -> 66523 | F28: =D28/$D$2 -> -567.17923 | G28: 135 | H28: 0 | I28: =G28+H28 -> 135 | J28: =IF(L28>0,L28,0) -> 0 | K28: =I28+J28 -> 135 | L28: =F28-(I28-X28) -> -147.29923 | M28: 161 | N28: 0 | O28: =13.69*1.05 -> 14.3745 | P28: =M28-(N28+O28) -> 146.6255 | Q28: 80 | R28: 75 | S28: =SUM(P28:R28) -> 301.6255 | T28: =T27+AE28-(AF28/1.9835)+AG28 -> 12424.847 | U28: 201.88 | V28: 37 | W28: =W27-V28 -> 5672.4923 | X28: =N28+O28+S28+U28+V28 -> 554.88 | Y28: =IF(L28<0,L28*-1,0) -> 147.29923 | Z28: =X28+Y28 -> 702.17923 | AA28: 0 | AB28: 93 | AC28: 61 | AD28: 0 | AE28: =(I28-8-2.7)-(S28-8) -> -169.3255 | AF28: =23.5*(T27*1.9835-S28*1.9835)/E28 -> 8.6058403 | AG28: 15
A29: =A28+1 -> 18 | B29: 6880.45 | C29: 217525 | D29: =C29-C28 -> -998 | E29: =C29-152000 -> 65525 | F29: =D29/$D$2 -> -503.151 | G29: 140 | H29: 0.02 | I29: =G29+H29 -> 140.02 | J29: =IF(L29>0,L29,0) -> 0 | K29: =I29+J29 -> 140.02 | L29: =F29-(I29-X29) -> -64.000996 | M29: 182 | N29: 0 | O29: =16.15*1.05 -> 16.9575 | P29: =M29-(N29+O29) -> 165.0425 | Q29: 95 | R29: 77 | S29: =SUM(P29:R29) -> 337.0425 | T29: =T28+AE29-(AF29/1.9835)+AG29 -> 12235.789 | U29: 188.17 | V29: 37 | W29: =W28-V29 -> 5635.4923 | X29: =N29+O29+S29+U29+V29 -> 579.17 | Y29: =IF(L29<0,L29*-1,0) -> 64.000996 | Z29: =X29+Y29 -> 643.171 | AA29: 0 | AB29: 93 | AC29: 62 | AD29: 0 | AE29: =(I29-8-2.7)-(S29-8) -> -199.7225 | AF29: =23.5*(T28*1.9835-S29*1.9835)/E29 -> 8.5988516 | AG29: 15
A30: =A29+1 -> 19 | B30: 6880.15 | C30: 216618 | D30: =C30-C29 -> -907 | E30: =C30-152000 -> 64618 | F30: =D30/$D$2 -> -457.2725 | G30: 138 | H30: 0.23 | I30: =G30+H30 -> 138.23 | J30: =IF(L30>0,L30,0) -> 0 | K30: =I30+J30 -> 138.23 | L30: =F30-(I30-X30) -> -33.122498 | M30: 173 | N30: 0 | O30: =16.84*1.05 -> 17.682 | P30: =M30-(N30+O30) -> 155.318 | Q30: 115 | R30: 77 | S30: =SUM(P30:R30) -> 347.318 | T30: =T29+AE30-(AF30/1.9835)+AG30 -> 12034.678 | U30: 160.38 | V30: 37 | W30: =W29-V30 -> 5598.4923 | X30: =N30+O30+S30+U30+V30 -> 562.38 | Y30: =IF(L30<0,L30*-1,0) -> 33.122498 | Z30: =X30+Y30 -> 595.5025 | AA30: 0 | AB30: 93 | AC30: 61 | AD30: 0 | AE30: =(I30-8-2.7)-(S30-8) -> -211.788 | AF30: =23.5*(T29*1.9835-S30*1.9835)/E30 -> 8.5757588 | AG30: 15
A31: =A30+1 -> 20 | B31: 6879.78 | C31: 215508 | D31: =C31-C30 -> -1110 | E31: =C31-152000 -> 63508 | F31: =D31/$D$2 -> -559.61684 | G31: 140 | H31: 0.27 | I31: =G31+H31 -> 140.27 | J31: =IF(L31>0,L31,0) -> 0 | K31: =I31+J31 -> 140.27 | L31: =F31-(I31-X31) -> -142.33684 | M31: 167 | N31: 2 | O31: =19.24*1.05 -> 20.202 | P31: =M31-(N31+O31) -> 144.798 | Q31: 132 | R31: 76 | S31: =SUM(P31:R31) -> 352.798 | T31: =T30+AE31-(AF31/1.9835)+AG31 -> 11830.127 | U31: 145.55 | V31: 37 | W31: =W30-V31 -> 5561.4923 | X31: =N31+O31+S31+U31+V31 -> 557.55 | Y31: =IF(L31<0,L31*-1,0) -> 142.33684 | Z31: =X31+Y31 -> 699.88684 | AA31: 0.03 | AB31: 91 | AC31: 62 | AD31: 0 | AE31: =(I31-8-2.7)-(S31-8) -> -215.228 | AF31: =23.5*(T30*1.9835-S31*1.9835)/E31 -> 8.5740173 | AG31: 15
A32: =A31+1 -> 21 | B32: 6879.5 | C32: 214672 | D32: =C32-C31 -> -836 | E32: =C32-152000 -> 62672 | F32: =D32/$D$2 -> -421.47719 | G32: 134 | H32: 0.28 | I32: =G32+H32 -> 134.28 | J32: =IF(L32>0,L32,0) -> 0 | K32: =I32+J32 -> 134.28 | L32: =F32-(I32-X32) -> -19.667187 | M32: 177 | N32: 0 | O32: =22.11*1.05 -> 23.2155 | P32: =M32-(N32+O32) -> 153.7845 | Q32: 136 | R32: 76 | S32: =SUM(P32:R32) -> 365.7845 | T32: =T31+AE32-(AF32/1.9835)+AG32 -> 11606.624 | U32: 110.09 | V32: 37 | W32: =W31-V32 -> 5524.4923 | X32: =N32+O32+S32+U32+V32 -> 536.09 | Y32: =IF(L32<0,L32*-1,0) -> 19.667187 | Z32: =X32+Y32 -> 555.75719 | AA32: 0 | AB32: 93 | AC32: 62 | AD32: 0 | AE32: =(I32-8-2.7)-(S32-8) -> -234.2045 | AF32: =23.5*(T31*1.9835-S32*1.9835)/E32 -> 8.5265955 | AG32: 15
A33: =A32+1 -> 22 | B33: 6879.21 | C33: 213806 | D33: =C33-C32 -> -866 | E33: =C33-152000 -> 61806 | F33: =D33/$D$2 -> -436.60197 | G33: 137 | H33: 0.29 | I33: =G33+H33 -> 137.29 | J33: =IF(L33>0,L33,0) -> 2.1080338 | K33: =I33+J33 -> 139.39803 | L33: =F33-(I33-X33) -> 2.1080338 | M33: 182 | N33: 0 | O33: =24.23*1.05 -> 25.4415 | P33: =M33-(N33+O33) -> 156.5585 | Q33: 136 | R33: 77 | S33: =SUM(P33:R33) -> 369.5585 | T33: =T32+AE33-(AF33/1.9835)+AG33 -> 11382.382 | U33: 144 | V33: 37 | W33: =W32-V33 -> 5487.4923 | X33: =N33+O33+S33+U33+V33 -> 576 | Y33: =IF(L33<0,L33*-1,0) -> 0 | Z33: =X33+Y33 -> 576 | AA33: 0 | AB33: 91 | AC33: 59 | AD33: 0 | AE33: =(I33-8-2.7)-(S33-8) -> -234.9685 | AF33: =23.5*(T32*1.9835-S33*1.9835)/E33 -> 8.4746608 | AG33: 15
A34: =A33+1 -> 23 | B34: 6878.87 | C34: 212795 | D34: =C34-C33 -> -1011 | E34: =C34-152000 -> 60795 | F34: =D34/$D$2 -> -509.70507 | G34: 138 | H34: 0.18 | I34: =G34+H34 -> 138.18 | J34: =IF(L34>0,L34,0) -> 0 | K34: =I34+J34 -> 138.18 | L34: =F34-(I34-X34) -> -73.065067 | M34: 202 | N34: 0 | O34: =28.3*1.05 -> 29.715 | P34: =M34-(N34+O34) -> 172.285 | Q34: 136 | R34: 78 | S34: =SUM(P34:R34) -> 386.285 | T34: =T33+AE34-(AF34/1.9835)+AG34 -> 11142.327 | U34: 121.82 | V34: 37 | W34: =W33-V34 -> 5450.4923 | X34: =N34+O34+S34+U34+V34 -> 574.82 | Y34: =IF(L34<0,L34*-1,0) -> 73.065067 | Z34: =X34+Y34 -> 647.88507 | AA34: 0 | AB34: 86 | AC34: 67 | AD34: 0 | AE34: =(I34-8-2.7)-(S34-8) -> -250.805 | AF34: =23.5*(T33*1.9835-S34*1.9835)/E34 -> 8.4308388 | AG34: 15
A35: =A34+1 -> 24 | B35: 6878.53 | C35: 211790 | D35: =C35-C34 -> -1005 | E35: =C35-152000 -> 59790 | F35: =D35/$D$2 -> -506.68011 | G35: 95 | H35: 0.08 | I35: =G35+H35 -> 95.08 | J35: =IF(L35>0,L35,0) -> 0 | K35: =I35+J35 -> 95.08 | L35: =F35-(I35-X35) -> -12.480111 | M35: 230 | N35: 0 | O35: =30.92*1.05 -> 32.466 | P35: =M35-(N35+O35) -> 197.534 | Q35: 136 | R35: 78 | S35: =SUM(P35:R35) -> 411.534 | T35: =T34+AE35-(AF35/1.9835)+AG35 -> 10833.955 | U35: 108.28 | V35: 37 | W35: =W34-V35 -> 5413.4923 | X35: =N35+O35+S35+U35+V35 -> 589.28 | Y35: =IF(L35<0,L35*-1,0) -> 12.480111 | Z35: =X35+Y35 -> 601.76011 | AA35: 0 | AB35: 91 | AC35: 59 | AD35: 0 | AE35: =(I35-8-2.7)-(S35-8) -> -319.154 | AF35: =23.5*(T34*1.9835-S35*1.9835)/E35 -> 8.3657201 | AG35: 15
A36: =A35+1 -> 25 | B36: 6878.19 | C36: 210786 | D36: =C36-C35 -> -1004 | E36: =C36-152000 -> 58786 | F36: =D36/$D$2 -> -506.17595 | G36: 80 | H36: 0.09 | I36: =G36+H36 -> 80.09 | J36: =IF(L36>0,L36,0) -> 0 | K36: =I36+J36 -> 80.09 | L36: =F36-(I36-X36) -> -6.0759516 | M36: 221 | N36: 0 | O36: =35.25*1.05 -> 37.0125 | P36: =M36-(N36+O36) -> 183.9875 | Q36: 134 | R36: 77 | S36: =SUM(P36:R36) -> 394.9875 | T36: =T35+AE36-(AF36/1.9835)+AG36 -> 10527.185 | U36: 111.19 | V36: 37 | W36: =W35-V36 -> 5376.4923 | X36: =N36+O36+S36+U36+V36 -> 580.19 | Y36: =IF(L36<0,L36*-1,0) -> 6.0759516 | Z36: =X36+Y36 -> 586.26595 | AA36: 0 | AB36: 90 | AC36: 60 | AD36: 0 | AE36: =(I36-8-2.7)-(S36-8) -> -317.5975 | AF36: =23.5*(T35*1.9835-S36*1.9835)/E36 -> 8.2772051 | AG36: 15
A37: =A36+1 -> 26 | B37: 6877.84 | C37: 209757 | D37: =C37-C36 -> -1029 | E37: =C37-152000 -> 57757 | F37: =D37/$D$2 -> -518.77993 | G37: 74 | H37: 0.12 | I37: =G37+H37 -> 74.12 | J37: =IF(L37>0,L37,0) -> 0 | K37: =I37+J37 -> 74.12 | L37: =F37-(I37-X37) -> -6.6599345 | M37: 235 | N37: 0 | O37: =35.76*1.05 -> 37.548 | P37: =M37-(N37+O37) -> 197.452 | Q37: 133 | R37: 77 | S37: =SUM(P37:R37) -> 407.452 | T37: =T36+AE37-(AF37/1.9835)+AG37 -> 10202.035 | U37: 103.24 | V37: 38 | W37: =W36-V37 -> 5338.4923 | X37: =N37+O37+S37+U37+V37 -> 586.24 | Y37: =IF(L37<0,L37*-1,0) -> 6.6599345 | Z37: =X37+Y37 -> 592.89993 | AA37: 0 | AB37: 92 | AC37: 60 | AD37: 0 | AE37: =(I37-8-2.7)-(S37-8) -> -336.032 | AF37: =23.5*(T36*1.9835-S37*1.9835)/E37 -> 8.1670363 | AG37: 15
A38: =A37+1 -> 27 | B38: 6877.5 | C38: 208764 | D38: =C38-C37 -> -993 | E38: =C38-152000 -> 56764 | F38: =D38/$D$2 -> -500.6302 | G38: 75 | H38: 0.35 | I38: =G38+H38 -> 75.35 | J38: =IF(L38>0,L38,0) -> 0 | K38: =I38+J38 -> 75.35 | L38: =F38-(I38-X38) -> -14.530199 | M38: 240 | N38: 6 | O38: =36.28*1.05 -> 38.094 | P38: =M38-(N38+O38) -> 195.906 | Q38: 134 | R38: 77 | S38: =SUM(P38:R38) -> 406.906 | T38: =T37+AE38-(AF38/1.9835)+AG38 -> 9878.7242 | U38: 72.45 | V38: 38 | W38: =W37-V38 -> 5300.4923 | X38: =N38+O38+S38+U38+V38 -> 561.45 | Y38: =IF(L38<0,L38*-1,0) -> 14.530199 | Z38: =X38+Y38 -> 575.9802 | AA38: 0.11 | AB38: 88 | AC38: 56 | AD38: 0 | AE38: =(I38-8-2.7)-(S38-8) -> -334.256 | AF38: =23.5*(T37*1.9835-S38*1.9835)/E38 -> 8.0433553 | AG38: 15
A39: =A38+1 -> 28 | B39: 6877.16 | C39: 207771 | D39: =C39-C38 -> -993 | E39: =C39-152000 -> 55771 | F39: =D39/$D$2 -> -500.6302 | G39: 99 | H39: 0.59 | I39: =G39+H39 -> 99.59 | J39: =IF(L39>0,L39,0) -> 10.509801 | K39: =I39+J39 -> 110.0998 | L39: =F39-(I39-X39) -> 10.509801 | M39: 217 | N39: 0 | O39: =29.82*1.05 -> 31.311 | P39: =M39-(N39+O39) -> 185.689 | Q39: 133 | R39: 77 | S39: =SUM(P39:R39) -> 395.689 | T39: =T38+AE39-(AF39/1.9835)+AG39 -> 9590.9294 | U39: 146.73 | V39: 37 | W39: =W38-V39 -> 5263.4923 | X39: =N39+O39+S39+U39+V39 -> 610.73 | Y39: =IF(L39<0,L39*-1,0) -> 0 | Z39: =X39+Y39 -> 610.73 | AA39: 0.02 | AB39: 84 | AC39: 54 | AD39: 0 | AE39: =(I39-8-2.7)-(S39-8) -> -298.799 | AF39: =23.5*(T38*1.9835-S39*1.9835)/E39 -> 7.925725 | AG39: 15
A40: =A39+1 -> 29 | B40: 6876.85 | C40: 206870 | D40: =C40-C39 -> -901 | E40: =C40-152000 -> 54870 | F40: =D40/$D$2 -> -454.24754 | G40: 169 | H40: 0.63 | I40: =G40+H40 -> 169.63 | J40: =IF(L40>0,L40,0) -> 0 | K40: =I40+J40 -> 169.63 | L40: =F40-(I40-X40) -> -14.087542 | M40: 228 | N40: 0 | O40: =32.03*1.05 -> 33.6315 | P40: =M40-(N40+O40) -> 194.3685 | Q40: 136 | R40: 77 | S40: =SUM(P40:R40) -> 407.3685 | T40: =T39+AE40-(AF40/1.9835)+AG40 -> 9361.5577 | U40: 130.79 | V40: 38 | W40: =W39-V40 -> 5225.4923 | X40: =N40+O40+S40+U40+V40 -> 609.79 | Y40: =IF(L40<0,L40*-1,0) -> 14.087542 | Z40: =X40+Y40 -> 623.87754 | AA40: 0.08 | AB40: 85 | AC40: 56 | AD40: 0 | AE40: =(I40-8-2.7)-(S40-8) -> -240.4385 | AF40: =23.5*(T39*1.9835-S40*1.9835)/E40 -> 7.8014659 | AG40: 15
A41: 30 | B41: 6876.66 | C41: 206321 | D41: =C41-C40 -> -549 | E41: =C41-152000 -> 54321 | F41: =D41/$D$2 -> -276.78346 | G41: 180 | H41: 0.27 | I41: =G41+H41 -> 180.27 | J41: =IF(L41>0,L41,0) -> 58.996536 | K41: =I41+J41 -> 239.26654 | L41: =F41-(I41-X41) -> 58.996536 | M41: 197 | N41: 0 | O41: =32.32*1.05 -> 33.936 | P41: =M41-(N41+O41) -> 163.064 | Q41: 134 | R41: 76 | S41: =SUM(P41:R41) -> 373.064 | T41: =T40+AE41-(AF41/1.9835)+AG41 -> 9177.1752 | U41: 71.05 | V41: 38 | W41: =W40-V41 -> 5187.4923 | X41: =N41+O41+S41+U41+V41 -> 516.05 | Y41: =IF(L41<0,L41*-1,0) -> 0 | Z41: =X41+Y41 -> 516.05 | AA41: 0 | AB41: 88 | AC41: 56 | AD41: 0 | AE41: =(I41-8-2.7)-(S41-8) -> -195.494 | AF41: =23.5*(T40*1.9835-S41*1.9835)/E41 -> 7.7129271 | AG41: 15
A42: 31 | B42: 6876.39 | C42: 205542 | D42: =C42-C41 -> -779 | E42: =C42-152000 -> 53542 | F42: =D42/$D$2 -> -392.74011 | G42: 131 | H42: 0.24 | I42: =G42+H42 -> 131.24 | J42: =IF(L42>0,L42,0) -> 0 | K42: =I42+J42 -> 131.24 | L42: =F42-(I42-X42) -> -43.190106 | M42: 166 | N42: 0 | O42: =29.12*1.05 -> 30.576 | P42: =M42-(N42+O42) -> 135.424 | Q42: 132 | R42: 73 | S42: =SUM(P42:R42) -> 340.424 | T42: =T41+AE42-(AF42/1.9835)+AG42 -> 8973.7126 | U42: 71.79 | V42: 38 | W42: =W41-V42 -> 5149.4923 | X42: =N42+O42+S42+U42+V42 -> 480.79 | Y42: =IF(L42<0,L42*-1,0) -> 43.190106 | Z42: =X42+Y42 -> 523.98011 | AA42: 0.01 | AB42: 86 | AC42: 58 | AD42: 0 | AE42: =(I42-8-5.4)-(S42-8) -> -214.584 | AF42: =23.5*(T41*1.9835-S42*1.9835)/E42 -> 7.693042 | AG42: 15
O43: 0 | AA43: 0
A44: MONTH / CFS | F44: =SUM(F12:F42) -> -15234.686 | G44: =SUM(G12:G42) -> 3944 | H44: =SUM(H12:H42) -> 3.64 | I44: =SUM(I12:I42) -> 3947.64 | J44: =SUM(J12:J42) -> 107.8311 | K44: =SUM(K12:K42) -> 4055.4711 | L44: =SUM(L12:L42) -> -1365.8562 | M44: =SUM(M12:M42) -> 6153 | ... S44: =SUM(S12:S42) -> 10448.168 | U44: =SUM(U12:U42) -> 5346.47 | V44: =SUM(V12:V42) -> 1172 | X44: =SUM(X12:X42) -> 17816.47 | Y44: =SUM(Y12:Y42) -> 1473.6873 | Z44: =SUM(Z12:Z42) -> 19290.157 | AA44: =SUM(AA12:AA42) -> 0.25 | AB44: =AVERAGE(AB12:AB42) -> 90.967742 | AC44: =AVERAGE(AC12:AC42) -> 57.354839 | AD44: AVG | AF44: =SUM(AF12:AF42) -> 260.43549 | AG44: =SUM(AG12:AG42) -> 465
A45: MONTH / AF | D45: =SUM(D12:D42) -> -30218 | F45: =F44*$D$2 -> -30218 | G45: =G44*$D$2 -> 7822.924 | H45: =H44*$D$2 -> 7.21994 | I45: =I44*$D$2 -> 7830.1439 | J45: =J44*$D$2 -> 213.88299 | K45: =K44*$D$2 -> 8044.0269 | L45: =L44*$D$2 -> -2709.1757 | M45: =M44*$D$2 -> 12204.476 | ... S45: =S44*$D$2 -> 20723.941 | U45: =U44*$D$2 -> 10604.723 | V45: =V44*$D$2 -> 2324.662 | X45: =X44*$D$2 -> 35338.968 | Y45: =Y44*$D$2 -> 2923.0587 | Z45: =Z44*$D$2 -> 38262.027 | AB45: =MAX(AB12:AB42) -> 97 | AC45: =MAX(AC12:AC42) -> 67 | AD45: HI | AF45: =AF44*$D$2 -> 516.5738 | AG45: =AG44*$D$2 -> 922.3275
A47: SEASON / CFS | F47: =F9+F44 -> 16413.915 | G47: =G9+G44 -> 70332 | H47: =H9+H44 -> 1045.07 | I47: =I9+I44 -> 71377.07 | J47: =J9+J44 -> 5611.9498 | K47: =K9+K44 -> 76989.02 | L47: =L9+L44 -> 1623.9448 | M47: =M9+M44 -> 21182.38 | ... S47: =S9+S44 -> 38709.412 | T47: =T42 -> 8973.7126 | U47: =U9+U44 -> 11047.1 | V47: =V9+V44 -> 3092 | W47: =W42 -> 5149.4923 | X47: =X9+X44 -> 56587.1 | Y47: =Y9+Y44 -> 3988.0051 | Z47: =Z9+Z44 -> 60575.105 | AB47: =MIN(AB12:AB42) -> 84 | AC47: =MIN(AC12:AC42) -> 51 | AD47: LO | AF47: =AF9+AF44 -> 1073.2416 | AG47: =AG9+AG44 -> 530.93
A48: SEASON / AF | F48: =F47*$D$2 -> 32557 | G48: =G47*$D$2 -> 139503.52 | H48: =H47*$D$2 -> 2072.8963 | I48: =I47*$D$2 -> 141576.42 | J48: =J47*$D$2 -> 11131.303 | K48: =K47*$D$2 -> 152707.72 | L48: =L47*$D$2 -> 3221.0945 | M48: =M47*$D$2 -> 42015.251 | ... Z48: =Z47*$D$2 -> 120150.72 | AF48: =AF47*$D$2 -> 2128.7748 | AG48: =AG47*$D$2 -> 1053.0997
A50: YTD / CFS | F50: =F10+F44 -> 24691.202 | G50: =G10+G44 -> 77886 | H50: =H10+H44 -> 1327.81 | I50: =I10+I44 -> 79213.81 | J50: =J10+J44 -> 10090.704 | K50: =K10+K44 -> 89304.514 | L50: =L10+L44 -> 5468.1824 | M50: =M10+M44 -> 22139.2 | ... S50: =S10+S44 -> 39847.585 | U50: =U10+U44 -> 11047.1 | V50: =V10+V44 -> 5355.89 | W50: =W42 -> 5149.4923 | X50: =X10+X44 -> 59990.79 | Y50: =Y10+Y44 -> 4622.5212 | Z50: =Z10+Z44 -> 64613.311 | AA50: =AA10+AA44 -> 8.33 | AF50: =AF10+AF44 -> 1073.2416
A51: YTD / AF | D51: =D10+D45 -> 48975 | E51: =E42 -> 53542 | F51: =F50*$D$2 -> 48975 | G51: =G50*$D$2 -> 154486.88 | H51: =H50*$D$2 -> 2633.7111 | I51: =I50*$D$2 -> 157120.59 | J51: =J50*$D$2 -> 20014.911 | K51: =K50*$D$2 -> 177135.5 | L51: =L50*$D$2 -> 10846.14 | M51: =M50*$D$2 -> 43913.103 | ... S51: =S50*$D$2 -> 79037.685 | U51: =U50*$D$2 -> 21911.923 | V51: =V50*$D$2 -> 10623.408 | W51: =W42*$D$2 -> 10214.018 | X51: =X50*$D$2 -> 118991.73 | Y51: =Y50*$D$2 -> 9168.7708 | Z51: =Z50*$D$2 -> 128160.5 | AF51: =AF50*$D$2 -> 2128.7748

Sheet AUG
K1: MCPHEE RESERVOIR INFLOW/OUTFLOW TABULATION
A2: AF/cfs CONVERT FACTOR | D2: 1.9835 | K2: AUGUST "2003"
D4: RESERVOIR | S4: INFLOW/OUTFLOW (CFS) | AE4: WEATHER | AI4: ADJUSTMENTS
A5: DATE | B5: RESERV | C5: RESERV | D5: AC FT | E5: ACTIVE | F5: CONV TO | G5: DOLORES | H5: LOST | I5: RECORD | J5: CALC | K5: TOTAL | L5: CALC | M5: DOLORES TUNNEL | S5: LONE | T5: U | U5: TOTAL | V5: MVI | W5: MVI | X5: DV CR | Y5: BELOW | Z5: FISH | AA5: RECORD | AB5: CALC | AC5: TOTAL | AD5: RAIN | AE5: MAX | AF5: MIN | AG5: NAR | AH5: MVI | AI5: MVI | AJ5: U/S
A6: "AUG" | B6: ELEV | C6: AC FT | D6: CHANGE | E6: CAP | F6: CFS | G6: RIVER | H6: CAN | I6: INFLOW | J6: INFLOW | K6: INFLOW | L6: INF/OTF | M6: TOT DIV | N6: SWAMP | O6: UTE F&R | P6: MWC | Q6: CTZ | R6: CTZ | S6: PINE | T6: LAT | U6: MVI | V6: CALL + | W6: PROJ | X6: CANAL | Y6: MCPHEE | Z6: LEFT | AA6: OUTFLOW | AB6: OUTFLOW | AC6: OUTFLOW | AE6: TMP | AF6: TMP | AG6: CALL | AH6: CALL | AI6: CALL | AJ6: USERS
E7: AC FT | N7: 360 | O7: 12583 | R7: PROJ | V7: TOT EX | W7: 6577 | X7: 30060 | AE7: NOV-OCT | AH7: Apr-Jun | AI7: EVAP acft | AJ7: EXCH
A9: SEASON BAL | F9: =JUL!F47 -> 16413.915 | G9: =JUL!G47 -> 70332 | H9: =JUL!H47 -> 1045.07 | I9: =JUL!I47 -> 71377.07 | J9: =JUL!J47 -> 5611.9498 | K9: =JUL!K47 -> 76989.02 | L9: =JUL!L47 -> 1623.9448 | M9: =JUL!M47 -> 21182.38 | ... O9: =JUL!O47 -> 3705.025 | S9: =JUL!Q47 -> 15257.8 | T9: =JUL!R47 -> 6077.8 | U9: =JUL!S47 -> 38709.412 | V9: =JUL!T47 -> 8973.7126 | X9: =JUL!U47 -> 11047.1 | Y9: =JUL!V47 -> 3092 | AA9: =JUL!X47 -> 56587.1 | AB9: =JUL!Y47 -> 3988.0051 | AC9: =JUL!Z47 -> 60575.105 | AI9: =JUL!AF47 -> 1073.2416 | AJ9: =JUL!AG47 -> 530.93
A10: YTD | B10: =JUL!B42 -> 6876.39 | C10: =JUL!C42 -> 205542 | D10: =JUL!D51 -> 48975 | E10: =JUL!E51 -> 53542 | F10: =JUL!F50 -> 24691.202 | G10: =JUL!G50 -> 77886 | H10: =JUL!H50 -> 1327.81 | I10: =JUL!I50 -> 79213.81 | J10: =JUL!J50 -> 10090.704 | K10: =JUL!K50 -> 89304.514 | L10: =JUL!L50 -> 5468.1824 | M10: =JUL!M50 -> 22139.2 | ... O10: =JUL!O50 -> 3705.025 | S10: =JUL!Q50 -> 15319.8 | T10: =JUL!R50 -> 6128.8 | U10: =JUL!S50 -> 39847.585 | X10: =JUL!U50 -> 11047.1 | Y10: =JUL!V50 -> 5355.89 | Z10: =JUL!W50 -> 5149.4923 | AA10: =JUL!X50 -> 59990.79 | AB10: =JUL!Y50 -> 4622.5212 | AC10: =JUL!Z50 -> 64613.311 | AD10: =JUL!AA50 -> 8.33 | AI10: =JUL!AF50 -> 1073.2416
A12: 1 | B12: 6876.12 | C12: 204762 | D12: =C12-C10 -> -780 | E12: =C12-152000 -> 52762 | F12: =D12/$D$2 -> -393.24427 | G12: 127 | H12: 0.21 | I12: =G12+H12 -> 127.21 | J12: =IF(L12>0,L12,0) -> 0 | K12: =I12+J12 -> 127.21 | L12: =F12-(I12-AA12) -> -42.304265 | M12: 187 | N12: 0 | O12: =35.08*1.05 -> 36.834 | S12: 131 | T12: 75 | U12: =M12-N12-O12-P12-Q12+S12+T12 -> 356.166 | V12: =V9+AH12-(AI12/1.9835)+AJ12-1508.95 -> 7246.9684 | X12: 62.15 | Y12: 23 | Z12: =Z10-Y12 -> 5126.4923 | AA12: =M12+S12+T12+X12+Y12 -> 478.15 | AB12: =IF(L12<0,L12*-1,0) -> 42.304265 | AC12: =AA12+AB12 -> 520.45427 | AD12: 0 | AE12: 88 | AF12: 57 | AG12: 0 | AH12: =(I12-8)-(U12-8) -> -228.956 | AI12: =23.5*(V9*1.9835-U12*1.9835)/E12 -> 7.6131162 | AJ12: 15
A13: =A12+1 -> 2 | B13: 6875.85 | C13: 203987 | D13: =C13-C12 -> -775 | E13: =C13-152000 -> 51987 | F13: =D13/$D$2 -> -390.72347 | G13: 120 | H13: 0.2 | I13: =G13+H13 -> 120.2 | J13: =IF(L13>0,L13,0) -> 0 | K13: =I13+J13 -> 120.2 | L13: =F13-(I13-AA13) -> -48.113469 | M13: 183 | N13: 0 | O13: =41.56*1.05 -> 43.638 | P13: 2.49 | Q13: 4.2 | R13: 0.97 | S13: 130 | T13: 69 | U13: =M13-N13-O13-P13-Q13-R13+S13+T13 -> 330.702 | V13: =V12+AH13-(AI13/1.9835)+AJ13 -> 7041.65 | X13: 59.81 | Y13: 21 | Z13: =Z12-Y13 -> 5105.4923 | AA13: =M13+S13+T13+X13+Y13 -> 462.81 | AB13: =IF(L13<0,L13*-1,0) -> 48.113469 | AC13: =AA13+AB13 -> 510.92347 | AD13: 0 | AE13: 85 | AF13: 56 | AG13: 0 | AH13: =(I13-P13-Q13)-(U13) -> -217.192 | AI13: =23.5*(V12*1.9835-U13*1.9835)/E13 -> 6.2012184 | AJ13: 15
A14: =A13+1 -> 3 | B14: 6875.6 | C14: 203273 | D14: =C14-C13 -> -714 | E14: =C14-152000 -> 51273 | F14: =D14/$D$2 -> -359.96975 | G14: 126 | H14: 0.22 | I14: =G14+H14 -> 126.22 | J14: =IF(L14>0,L14,0) -> 0 | K14: =I14+J14 -> 126.22 | L14: =F14-(I14-AA14) -> -23.60975 | M14: 176 | N14: 0 | O14: =37.89*1.05 -> 39.7845 | P14: 2.28 | Q14: 4.05 | R14: 0 | S14: 130 | T14: 75 | U14: =M14-N14-O14-P14-Q14-R14+S14+T14 -> 334.8855 | V14: =V13+AH14-(AI14/1.9835)+AJ14 -> 6838.5806 | X14: 67.58 | Y14: 14 | Z14: =Z13-Y14 -> 5091.4923 | AA14: =M14+S14+T14+X14+Y14 -> 462.58 | AB14: =IF(L14<0,L14*-1,0) -> 23.60975 | AC14: =AA14+AB14 -> 486.18975 | AD14: 0 | AE14: 82 | AF14: 56 | AG14: 0 | AH14: =(I14-P14-Q14)-(U14) -> -214.9955 | AI14: =23.5*(V13*1.9835-U14*1.9835)/E14 -> 6.0971151 | AJ14: 15
A15: =A14+1 -> 4 | B15: 6875.33 | C15: 202502 | D15: =C15-C14 -> -771 | E15: =C15-152000 -> 50502 | F15: =D15/$D$2 -> -388.70683 | G15: 116 | H15: 0.14 | I15: =G15+H15 -> 116.14 | J15: =IF(L15>0,L15,0) -> 0 | K15: =I15+J15 -> 116.14 | L15: =F15-(I15-AA15) -> -13.586831 | M15: 163 | N15: 0 | O15: =31.21*1.05 -> 32.7705 | P15: 2.16 | Q15: 4.2 | R15: 1.64 | S15: 130 | T15: 65 | U15: =M15-N15-O15-P15-Q15-R15+S15+T15 -> 317.2295 | V15: =V14+AH15-(AI15/1.9835)+AJ15 -> 6643.0965 | X15: 117.26 | Y15: 16 | Z15: =Z14-Y15 -> 5075.4923 | AA15: =M15+S15+T15+X15+Y15 -> 491.26 | AB15: =IF(L15<0,L15*-1,0) -> 13.586831 | AC15: =AA15+AB15 -> 504.84683 | AD15: 0 | AE15: 86 | AF15: 54 | AG15: 0 | AH15: =(I15-P15-Q15)-(U15) -> -207.4495 | AI15: =23.5*(V14*1.9835-U15*1.9835)/E15 -> 6.0190655 | AJ15: 15
A16: =A15+1 -> 5 | B16: 6875.04 | C16: 201675 | D16: =C16-C15 -> -827 | E16: =C16-152000 -> 49675 | F16: =D16/$D$2 -> -416.93975 | G16: 103 | H16: 0.07 | I16: =G16+H16 -> 103.07 | J16: =IF(L16>0,L16,0) -> 0 | K16: =I16+J16 -> 103.07 | L16: =F16-(I16-AA16) -> -37.159753 | M16: 169 | N16: 0 | O16: =35.69*1.05 -> 37.4745 | P16: 2.41 | Q16: 4.2 | R16: 1.9 | S16: 128 | T16: 75 | U16: =M16-N16-O16-P16-Q16-R16+S16+T16 -> 326.0155 | V16: =V15+AH16-(AI16/1.9835)+AJ16 -> 6416.1526 | X16: 87.85 | Y16: 23 | Z16: =Z15-Y16 -> 5052.4923 | AA16: =M16+S16+T16+X16+Y16 -> 482.85 | AB16: =IF(L16<0,L16*-1,0) -> 37.159753 | AC16: =AA16+AB16 -> 520.00975 | AD16: 0 | AE16: 90 | AF16: 54 | AG16: 0 | AH16: =(I16-P16-Q16)-(U16) -> -229.5555 | AI16: =23.5*(V15*1.9835-U16*1.9835)/E16 -> 5.9275966 | AJ16: 5.6
A17: =A16+1 -> 6 | B17: 6874.71 | C17: 200742 | D17: =C17-C16 -> -933 | E17: =C17-152000 -> 48742 | F17: =D17/$D$2 -> -470.38064 | G17: 83 | H17: 0.01 | I17: =G17+H17 -> 83.01 | J17: =IF(L17>0,L17,0) -> 0 | K17: =I17+J17 -> 83.01 | L17: =F17-(I17-AA17) -> -38.16064 | M17: 214 | N17: 1.5 | O17: =44.68*1.05 -> 46.914 | P17: 2.92 | Q17: 4.2 | R17: 2.15 | S17: 128 | T17: 75 | U17: =M17-N17-O17-P17-Q17-R17+S17+T17 -> 359.316 | V17: =V16+AH17-(AI17/1.9835) -> 6129.8064 | X17: 75.23 | Y17: 23 | Z17: =Z16-Y17 -> 5029.4923 | AA17: =M17+S17+T17+X17+Y17 -> 515.23 | AB17: =IF(L17<0,L17*-1,0) -> 38.16064 | AC17: =AA17+AB17 -> 553.39064 | AD17: 0 | AE17: 90 | AF17: 58 | AG17: 0 | AH17: =(I17-P17-Q17)-(U17) -> -283.426 | AI17: =23.5*(V16*1.9835-U17*1.9835)/E17 -> 5.792187
A18: =A17+1 -> 7 | B18: 6874.42 | C18: 199924 | D18: =C18-C17 -> -818 | E18: =C18-152000 -> 47924 | F18: =D18/$D$2 -> -412.40232 | G18: 74 | H18: 0 | I18: =G18+H18 -> 74 | J18: =IF(L18>0,L18,0) -> 14.887681 | K18: =I18+J18 -> 88.887681 | L18: =F18-(I18-AA18) -> 14.887681 | M18: 201 | N18: 0 | O18: =43.66*1.05 -> 45.843 | P18: 2.74 | Q18: 4.2 | R18: 1.74 | S18: 127 | T18: 74 | U18: =M18-N18-O18-P18-Q18-R18+S18+T18 -> 347.477 | V18: =V17+AH18-(AI18/1.9835) -> 5846.554 | X18: 77.29 | Y18: 22 | Z18: =Z17-Y18 -> 5007.4923 | AA18: =M18+S18+T18+X18+Y18 -> 501.29 | AB18: =IF(L18<0,L18*-1,0) -> 0 | AC18: =AA18+AB18 -> 501.29 | AD18: 0.05 | AE18: 90 | AF18: 60 | AG18: 0 | AH18: =(I18-P18-Q18)-(U18) -> -280.417 | AI18: =23.5*(V17*1.9835-U18*1.9835)/E18 -> 5.6240586
A19: =A18+1 -> 8 | B19: 6874.12 | C19: 199078 | D19: =C19-C18 -> -846 | E19: =C19-152000 -> 47078 | F19: =D19/$D$2 -> -426.51878 | G19: 83 | H19: 0 | I19: =G19+H19 -> 83 | J19: =IF(L19>0,L19,0) -> 0 | K19: =I19+J19 -> 83 | L19: =F19-(I19-AA19) -> -38.38878 | M19: 186 | N19: 0 | O19: =38.08*1.05 -> 39.984 | P19: 3.1 | Q19: 4.2 | R19: 1.91 | S19: 125 | T19: 74 | U19: =M19-N19-O19-P19-Q19-R19+S19+T19 -> 335.806 | V19: =V18+AH19-(AI19/1.9835) -> 5583.6972 | X19: 65.13 | Y19: 21 | Z19: =Z18-Y19 -> 4986.4923 | AA19: =M19+S19+T19+X19+Y19 -> 471.13 | AB19: =IF(L19<0,L19*-1,0) -> 38.38878 | AC19: =AA19+AB19 -> 509.51878 | AD19: 0 | AE19: 89 | AF19: 52 | AG19: 0 | AH19: =(I19-P19-Q19)-(U19) -> -260.106 | AI19: =23.5*(V18*1.9835-U19*1.9835)/E19 -> 5.4562293
A20: =A19+1 -> 9 | B20: 6873.78 | C20: 198126 | D20: =C20-C19 -> -952 | E20: =C20-152000 -> 46126 | F20: =D20/$D$2 -> -479.95967 | G20: 88 | H20: 0 | I20: =G20+H20 -> 88 | J20: =IF(L20>0,L20,0) -> 0 | K20: =I20+J20 -> 88 | L20: =F20-(I20-AA20) -> -108.26967 | M20: 177 | N20: 0 | O20: =31.36*1.05 -> 32.928 | P20: 2.71 | Q20: 4.2 | R20: 1.96 | S20: 124 | T20: 70 | U20: =M20-N20-O20-P20-Q20-R20+S20+T20 -> 329.202 | V20: =V19+AH20-(AI20/1.9835) -> 5332.9081 | X20: 67.69 | Y20: 21 | Z20: =Z19-Y20 -> 4965.4923 | AA20: =M20+S20+T20+X20+Y20 -> 459.69 | AB20: =IF(L20<0,L20*-1,0) -> 108.26967 | AC20: =AA20+AB20 -> 567.95967 | AD20: 0 | AE20: 89 | AF20: 59 | AG20: 0 | AH20: =(I20-P20-Q20)-(U20) -> -248.112 | AI20: =23.5*(V19*1.9835-U20*1.9835)/E20 -> 5.3098869
A21: =A20+1 -> 10 | B21: 6873.49 | C21: 197319 | D21: =C21-C20 -> -807 | E21: =C21-152000 -> 45319 | F21: =D21/$D$2 -> -406.85657 | G21: 77 | H21: 0 | I21: =G21+H21 -> 77 | J21: 0 | K21: =I21+J21 -> 77 | L21: =F21-(I21-AA21) -> -22.926567 | M21: 180 | N21: 6 | O21: =32.17*1.05 -> 33.7785 | P21: 2.81 | Q21: 4.2 | R21: 2.94 | S21: 123 | T21: 69 | U21: =M21-N21-O21-P21-Q21-R21+S21+T21 -> 322.2715 | V21: =V20+AH21-(AI21/1.9835) -> 5078.0284 | X21: 67.93 | Y21: 21 | Z21: =Z20-Y21 -> 4944.4923 | AA21: =M21+S21+T21+X21+Y21 -> 460.93 | AB21: =IF(L21<0,L21*-1,0) -> 22.926567 | AC21: =AA21+AB21 -> 483.85657 | AD21: 0 | AE21: 91 | AF21: 59 | AG21: 0 | AH21: =(I21-P21-Q21)-(U21) -> -252.2815 | AI21: =23.5*(V20*1.9835-U21*1.9835)/E21 -> 5.1536231
A22: 11 | B22: 6873.19 | C22: 196482 | D22: =C22-C21 -> -837 | E22: =C22-152000 -> 44482 | F22: =D22/$D$2 -> -421.98135 | G22: 78 | H22: 0 | I22: =G22+H22 -> 78 | J22: =IF(L22>0,L22,0) -> 0 | K22: =I22+J22 -> 78 | L22: =F22-(I22-AA22) -> -53.321346 | M22: 185 | N22: 0 | O22: =35.67*1.05 -> 37.4535 | P22: 2.81 | Q22: 4.2 | R22: 3.183 | S22: 122 | T22: 69 | U22: =M22-N22-O22-P22-Q22-R22+S22+T22 -> 328.3535 | V22: =V21+AH22-(AI22/1.9835) -> 4818.1556 | X22: 49.66 | Y22: 21 | Z22: =Z21-Y22 -> 4923.4923 | AA22: =M22+S22+T22+X22+Y22 -> 446.66 | AB22: =IF(L22<0,L22*-1,0) -> 53.321346 | AC22: =AA22+AB22 -> 499.98135 | AD22: 0 | AE22: 92 | AF22: 59 | AG22: 0 | AH22: =(I22-P22-Q22)-(U22) -> -257.3635 | AI22: =23.5*(V21*1.9835-U22*1.9835)/E22 -> 4.9771376
A23: 12 | B23: 6872.86 | C23: 195567 | D23: =C23-C22 -> -915 | E23: =C23-152000 -> 43567 | F23: =D23/$D$2 -> -461.30577 | G23: 79 | H23: 0 | I23: =G23+H23 -> 79 | J23: =IF(L23>0,L23,0) -> 0 | K23: =I23+J23 -> 79 | L23: =F23-(I23-AA23) -> -74.955773 | M23: 182 | N23: 0 | O23: =29.23*1.05 -> 30.6915 | P23: 2.75 | Q23: 4.2 | R23: 3.01 | S23: 121 | T23: 69 | U23: =M23-N23-O23-P23-Q23-R23+S23+T23 -> 331.3485 | V23: =V22+AH23-(AI23/1.9835) -> 4556.4369 | X23: 72.35 | Y23: 21 | Z23: =Z22-Y23 -> 4902.4923 | AA23: =M23+S23+T23+X23+Y23 -> 465.35 | AB23: =IF(L23<0,L23*-1,0) -> 74.955773 | AC23: =AA23+AB23 -> 540.30577 | AD23: 0 | AE23: 89 | AF23: 58 | AG23: 0 | AH23: =(I23-P23-Q23)-(U23) -> -259.2985 | AI23: =23.5*(V22*1.9835-U23*1.9835)/E23 -> 4.8004263
A24: 13 | B24: 6872.57 | C24: 194769 | D24: =C24-C23 -> -798 | E24: =C24-152000 -> 42769 | F24: =D24/$D$2 -> -402.31913 | G24: 99 | H24: 0 | I24: =G24+H24 -> 99 | J24: =IF(L24>0,L24,0) -> 0 | K24: =I24+J24 -> 99 | L24: =F24-(I24-AA24) -> -35.209133 | M24: 194 | N24: 0 | O24: =34.44*1.05 -> 36.162 | P24: 3.21 | Q24: 4.2 | R24: 4.61 | S24: 120 | T24: 68 | U24: =M24-N24-O24-P24-Q24-R24+S24+T24 -> 333.818 | V24: =V23+AH24-(AI24/1.9835) -> 4311.8888 | X24: 63.11 | Y24: 21 | Z24: =Z23-Y24 -> 4881.4923 | AA24: =M24+S24+T24+X24+Y24 -> 466.11 | AB24: =IF(L24<0,L24*-1,0) -> 35.209133 | AC24: =AA24+AB24 -> 501.31913 | AD24: 0.16 | AE24: 88 | AF24: 60 | AG24: 0 | AH24: =(I24-P24-Q24)-(U24) -> -242.228 | AI24: =23.5*(V23*1.9835-U24*1.9835)/E24 -> 4.6020662
A25: 14 | B25: 6872.47 | C25: 194494 | D25: =C25-C24 -> -275 | E25: =C25-152000 -> 42494 | F25: =D25/$D$2 -> -138.64381 | G25: 242 | H25: 0 | I25: =G25+H25 -> 242 | J25: =IF(L25>0,L25,0) -> 84.486189 | K25: =I25+J25 -> 326.48619 | L25: =F25-(I25-AA25) -> 84.486189 | M25: 196 | N25: 0 | O25: =26.56*1.05 -> 27.888 | P25: 2.43 | Q25: 4.2 | R25: 5.78 | S25: 119 | T25: 65 | U25: =M25-N25-O25-P25-Q25-R25+S25+T25 -> 339.702 | V25: =V24+AH25-(AI25/1.9835) -> 4205.3601 | X25: 64.13 | Y25: 21 | Z25: =Z24-Y25 -> 4860.4923 | AA25: =M25+S25+T25+X25+Y25 -> 465.13 | AB25: =IF(L25<0,L25*-1,0) -> 0 | AC25: =AA25+AB25 -> 465.13 | AD25: 0 | AE25: 88 | AF25: 57 | AG25: 0 | AH25: =(I25-P25-Q25)-(U25) -> -104.332 | AI25: =23.5*(V24*1.9835-U25*1.9835)/E25 -> 4.357146
A26: 15 | B26: 6872.31 | C26: 194054 | D26: =C26-C25 -> -440 | E26: =C26-152000 -> 42054 | F26: =D26/$D$2 -> -221.8301 | G26: 209 | H26: 0 | I26: =G26+H26 -> 209 | J26: =IF(L26>0,L26,0) -> 20.419902 | K26: =I26+J26 -> 229.4199 | L26: =F26-(I26-AA26) -> 20.419902 | M26: 165 | N26: 0 | O26: =21.59*1.05 -> 22.6695 | P26: 2.31 | Q26: 4.2 | R26: 4.74 | S26: 119 | T26: 66 | U26: =M26-N26-O26-P26-Q26-R26+S26+T26 -> 316.0805 | V26: =V25+AH26-(AI26/1.9835) -> 4089.5962 | X26: 80.25 | Y26: 21 | Z26: =Z25-Y26 -> 4839.4923 | AA26: =M26+S26+T26+X26+Y26 -> 451.25 | AB26: =IF(L26<0,L26*-1,0) -> 0 | AC26: =AA26+AB26 -> 451.25 | AD26: 0.01 | AE26: 87 | AF26: 54 | AG26: 0 | AH26: =(I26-P26-Q26)-(U26) -> -113.5905 | AI26: =23.5*(V25*1.9835-U26*1.9835)/E26 -> 4.3108401
A27: 16 | B27: 6872.04 | C27: 193311 | D27: =C27-C26 -> -743 | E27: =C27-152000 -> 41311 | F27: =D27/$D$2 -> -374.59037 | G27: 171 | H27: 0 | I27: =G27+H27 -> 171 | J27: =IF(L27>0,L27,0) -> 0 | K27: =I27+J27 -> 171 | L27: =F27-(I27-AA27) -> -116.68037 | M27: 152 | N27: 0 | O27: =16.89*1.05 -> 17.7345 | P27: 1.91 | Q27: 4.2 | R27: 3.13 | S27: 119 | T27: 67 | U27: =M27-N27-O27-P27-Q27-R27+S27+T27 -> 311.0255 | V27: =V26+AH27-(AI27/1.9835) -> 3941.3112 | X27: 69.91 | Y27: 21 | Z27: =Z26-Y27 -> 4818.4923 | AA27: =M27+S27+T27+X27+Y27 -> 428.91 | AB27: =IF(L27<0,L27*-1,0) -> 116.68037 | AC27: =AA27+AB27 -> 545.59037 | AD27: 0.01 | AE27: 77 | AF27: 50 | AG27: 0 | AH27: =(I27-P27-Q27)-(U27) -> -146.1355 | AI27: =23.5*(V26*1.9835-U27*1.9835)/E27 -> 4.2634572
A28: 17 | B28: 6871.78 | C28: 192603 | D28: =C28-C27 -> -708 | E28: =C28-152000 -> 40603 | F28: =D28/$D$2 -> -356.94479 | G28: 182 | H28: 0 | I28: =G28+H28 -> 182 | J28: =IF(L28>0,L28,0) -> 0 | K28: =I28+J28 -> 182 | L28: =F28-(I28-AA28) -> -126.46479 | M28: 139 | N28: 0 | O28: =16.23*1.05 -> 17.0415 | P28: 1.88 | Q28: 4.2 | R28: 2.11 | S28: 120 | T28: 68 | U28: =M28-N28-O28-P28-Q28-R28+S28+T28 -> 301.7685 | V28: =V27+AH28-(AI28/1.9835) -> 3813.3563 | X28: 64.48 | Y28: 21 | Z28: =Z27-Y28 -> 4797.4923 | AA28: =M28+S28+T28+X28+Y28 -> 412.48 | AB28: =IF(L28<0,L28*-1,0) -> 126.46479 | AC28: =AA28+AB28 -> 538.94479 | AD28: 0.29 | AE28: 74 | AF28: 53 | AG28: 0 | AH28: =(I28-P28-Q28)-(U28) -> -125.8485 | AI28: =23.5*(V27*1.9835-U28*1.9835)/E28 -> 4.1781956
A29: 18 | B29: 6871.5 | C29: 191842 | D29: =C29-C28 -> -761 | E29: =C29-152000 -> 39842 | F29: =D29/$D$2 -> -383.66524 | G29: 166 | H29: 0 | I29: =G29+H29 -> 166 | J29: =IF(L29>0,L29,0) -> 0 | K29: =I29+J29 -> 166 | L29: =F29-(I29-AA29) -> -121.16524 | M29: 131 | N29: 0 | O29: =14.61*1.05 -> 15.3405 | P29: 1.94 | Q29: 4.2 | R29: 1.83 | S29: 118 | T29: 67 | U29: =M29-N29-O29-P29-Q29-R29+S29+T29 -> 292.6895 | V29: =V28+AH29-(AI29/1.9835) -> 3678.4502 | X29: 91.5 | Y29: 21 | Z29: =Z28-Y29 -> 4776.4923 | AA29: =M29+S29+T29+X29+Y29 -> 428.5 | AB29: =IF(L29<0,L29*-1,0) -> 121.16524 | AC29: =AA29+AB29 -> 549.66524 | AD29: 0 | AE29: 85 | AF29: 55 | AG29: 0 | AH29: =(I29-P29-Q29)-(U29) -> -132.8295 | AI29: =23.5*(V28*1.9835-U29*1.9835)/E29 -> 4.1189247
A30: 19 | B30: 6871.23 | C30: 191109 | D30: =C30-C29 -> -733 | E30: =C30-152000 -> 39109 | F30: =D30/$D$2 -> -369.54878 | G30: 159 | H30: 0 | I30: =G30+H30 -> 159 | J30: =IF(L30>0,L30,0) -> 0 | K30: =I30+J30 -> 159 | L30: =F30-(I30-AA30) -> -90.668777 | M30: 152 | N30: 0 | O30: =15.41*1.05 -> 16.1805 | P30: 1.92 | Q30: 4.2 | R30: 1.6 | S30: 116 | T30: 70 | U30: =M30-N30-O30-P30-Q30-R30+S30+T30 -> 314.0995 | V30: =V29+AH30-(AI30/1.9835) -> 3515.2091 | X30: 78.88 | Y30: 21 | Z30: =Z29-Y30 -> 4755.4923 | AA30: =M30+S30+T30+X30+Y30 -> 437.88 | AB30: =IF(L30<0,L30*-1,0) -> 90.668777 | AC30: =AA30+AB30 -> 528.54878 | AD30: 0 | AE30: 88 | AF30: 53 | AG30: 0 | AH30: =(I30-P30-Q30)-(U30) -> -161.2195 | AI30: =23.5*(V29*1.9835-U30*1.9835)/E30 -> 4.0098176
