Workbook

Sheet NOV
K1: MCPHEE RESERVOIR INFLOW/OUTFLOW TABULATION
A2: AF/cfs CONVERT FACTOR | D2: 1.9835 | K2: NOVEMBER "2019"
D4: RESERVOIR | I4: INFLOW | X4: OUTFLOW | AQ4: ADJUSTMENTS | AX4: WEATHER
A5: DATE | B5: RESERV | C5: RESERV | D5: AC FT | E5: ACTIVE | F5: CONV TO | G5: DOLORES | H5: LOST | I5: RECORD | J5: CALC | K5: TOTAL | L5: CALC | M5: DOLORES TUNNEL | V5: LONE | W5: U | X5: TOTAL | Y5: TOTAL | Z5: MVI | AA5: MVI | AB5: MVI | AC5: TO EX & | AD5: MVI | AE5: DV CR | AF5: D/S SENIOR | AH5: BELOW | AI5: FISH | AJ5: SPILL | AK5: RECORD | AL5: CALC | AM5: TOTAL | AN5: NAR | AO5: NARR | AP5: MVI | AQ5: MVI | AR5: MVI | AS5: DIST. | AT5: U/S | AU5: TOTTEN | AV5: UF&R | AW5: RAIN | AX5: MAX | AY5: MIN | BA5: TOTAL | BB5: GRNDHOG | BC5: GRNDHOG | BF5: RESERV | BH5: BELOW | BI5: BELOW
A6: NOV | B6: ELEV | D6: CHANGE | E6: CAP | F6: CFS | G6: RIVER | H6: CAN | I6: INFLOW | J6: INFLOW | K6: INFLOW | L6: INF/OTF | M6: TOT DIV | N6: WET | O6: UTE | P6: QUEST | Q6: MWC | R6: CORTEZ | T6: UTE | U6: F-BAY | V6: PINE | W6: LAT | X6: MVI | Y6: MVI | Z6: CALL | AA6: CALL | AB6: APR- | AC6: U/S EX | AD6: PROJ | AE6: CANAL | AF6: MVIC | AG6: PROJ | AH6: MCP | AI6: LEFT | AK6: OTF | AL6: OTF | AM6: OTF | AN6: FILL | AO6: FILL | AP6: STOCK | AQ6: STORED | AR6: STORED | AS6: CLASS | AT6: USERS | AU6: (FRESH | AV6: LEASE | AX6: TMP | AY6: TMP | BA6: TUNNEL | BB6: DISCHARGE | BC6: CAPACITY | BF6: ELEV | BH6: MCP | BI6: MCP
N7: LAND | O7: F&R | Q7: NON - | R7: NON - | S7: PROJ | T7: PROJ | U7: BAL | X7: WATER | Y7: IRRIG. | Z7: STOR | AA7: SPILLED | AB7: JUNE | AF7: 1.7 | AG7: 1.3 | AO7: IN | AQ7: Apr - Jun | AR7: EVAP | AS7: "B" | AT7: EXCH | AU7: WATER) | AV7: WATER | BA7: Misc. | BF7: DTGH | BH7: MPP | BI7: OVER
Q8: PROJ | R8: PROJ | X8: USED | Y8: WATER | AA8: OR | AB8: (DIV+ | AO8: MCPHEE | BI8: MPP
R9: 4.2 | Y9: USED | AA9: USED | AB9: CALL) | BC9: FP = 3960
C10: AC. Ft. | E10: AC FT | G10: CFS | H10: CFS | I10: CFS | J10: CFS | K10: CFS | L10: CFS | M10: CFS | N10: CFS | O10: CFS | P10: CFS | Q10: CFS | R10: CFS | S10: CFS | T10: CFS | U10: CFS | V10: CFS | W10: CFS | X10: 153400 | Y10: 150400 | AB10: 72000 | AC10: CFS | AD10: CFS | AE10: CFS | AF10: CFS | AG10: CFS | AH10: CFS | AI10: CFS | AJ10: CFS | AK10: CFS | AL10: CFS | AM10: CFS | AN10: CFS | AO10: CFS | AP10: CFS | AQ10: CFS | AR10: AC.FT. | AS10: CFS | AT10: CFS | AU10: CFS | AV10: CFS | BA10: Outflow | BB10: CFS | BC10: AC FT | BH10: CFS | BI10: CFS
N11: 1.03 | O11: 1.05 | P11: 1.02 | Q11: 1.02 | R11: 1.04 | T11: 1.04 | X11: CFS | Y11: CFS | Z11: CFS | AA11: CFS | AB11: Ac. Ft. | BA11: CFS
A12: SEASON BAL
A13: YTD | B13: 6902.18 | C13: =VLOOKUP(TRUNC(B13,1),VLOOKUP!$A$3:$K$2834,RIGHT(TEXT(B13,"0000.00"),1)+2,FALSE) -> 291692 | AI13: 6456.1579 | AO13: 0
A15: 1 | B15: 6902.18 | C15: =IF(B15="",C13,VLOOKUP(TRUNC(B15,1),VLOOKUP!$A$3:$K$2834,RIGHT(TEXT(B15,"0000.00"),1)+2,FALSE)) -> 291692 | D15: =C15-C13 -> 0 | E15: =C15-152000 -> 139692 | F15: =D15/$D$2 -> 0 | G15: 26.2 | H15: 0 | I15: =G15+H15 -> 26.2 | J15: =IF(L15>0,L15,0) -> 16.2 | K15: =I15+J15 -> 42.4 | L15: =IF(G15="",0,F15-(I15-AK15)) -> 16.2 | M15: 4.4 | N15: 0 | O15: =0*1.05 -> 0 | P15: 0 | Q15: =1143800/325851/1.9835*1.02 -> 1.8050906 | R15: 0 | S15: =IF(((2*1.04)-T15)>=4.2,4.2,(2*1.04)-T15) -> 1.4923106 | T15: =(0.5331*1.06)*1.04 -> 0.58768944 | U15: =M15-(Q15+R15+S15+T15) -> 0.51490941 | V15: 0 | W15: 0 | X15: =MAX(0,M15-N15-O15-P15-Q15-R15-S15-T15-U15+V15+W15-AU15+AS15) -> 0 | Y15: =X15-AP15 -> 0 | AE15: 0 | AF15: 0 | AG15: 0 | AH15: 38 | AI15: =AI13-AH15 -> 6418.1579 | AK15: =N15+O15+P15+Q15+R15+S15+T15+U15+X15+AE15+AH15 -> 42.4 | AL15: =IF(L15<0,L15*-1,0) -> 0 | AM15: =AK15+AL15 -> 42.4 | AO15: =IF(G15="","",IF(I15>=795,795-X15,I15-Q15-R15-X15-AF15)-AJ15) -> 24.394909 | AW15: 0 | AX15: 60 | AY15: 21 | BA15: =SUM(N15,P15:U15) -> 4.4 | BB15: 1.14 | BC15: 15835 | BE15: 1 | BF15: 6902.2 | BG15: =B15-BF15 -> -0.02 | BH15: 24.952083 | BI15: =AH15-BH15 -> 13.047917
A16: =A15+1 -> 2 | B16: 6902.18 | C16: =IF(B16="",C15,VLOOKUP(TRUNC(B16,1),VLOOKUP!$A$3:$K$2834,RIGHT(TEXT(B16,"0000.00"),1)+2,FALSE)) -> 291692 | D16: =C16-C15 -> 0 | E16: =C16-152000 -> 139692 | F16: =D16/$D$2 -> 0 | G16: 31.6 | H16: 0 | I16: =G16+H16 -> 31.6 | J16: =IF(L16>0,L16,0) -> 10.9 | K16: =I16+J16 -> 42.5 | L16: =IF(G16="",0,F16-(I16-AK16)) -> 10.9 | M16: 4.5 | N16: 0 | O16: =0*1.05 -> 0 | P16: 0 | Q16: =1204900/325851/1.9835*1.02 -> 1.9015157 | R16: 0 | S16: =IF(((2.5*1.04)-T16)>=4.2,4.2,(2.5*1.04)-T16) -> 2.0123106 | T16: =(0.5331*1.06)*1.04 -> 0.58768944 | U16: =M16-(Q16+R16+S16+T16) -> -0.0015156897 | V16: 0 | W16: 0 | X16: =MAX(0,M16-N16-O16-P16-Q16-R16-S16-T16-U16+V16+W16-AU16+AS16) -> 0 | Y16: =X16-AP16 -> 0 | AE16: 0 | AF16: 0 | AG16: 0 | AH16: 38 | AI16: =AI15-AH16 -> 6380.1579 | AK16: =N16+O16+P16+Q16+R16+S16+T16+U16+X16+AE16+AH16 -> 42.5 | AL16: =IF(L16<0,L16*-1,0) -> 0 | AM16: =AK16+AL16 -> 42.5 | AO16: =IF(G16="","",IF(I16>=795,795-X16,I16-Q16-R16-X16-AF16)-AJ16) -> 29.698484 | AW16: 0 | AX16: 59 | AY16: 21 | BA16: =SUM(N16,P16:U16) -> 4.5 | BB16: 1.14 | BC16: 15830 | BE16: =BE15+1 -> 2 | BF16: 6902.18 | BG16: =B16-BF16 -> 0 | BH16: 24.89375 | BI16: =AH16-BH16 -> 13.10625
A17: =A16+1 -> 3 | B17: 6902.18 | C17: =IF(B17="",C16,VLOOKUP(TRUNC(B17,1),VLOOKUP!$A$3:$K$2834,RIGHT(TEXT(B17,"0000.00"),1)+2,FALSE)) -> 291692 | D17: =C17-C16 -> 0 | E17: =C17-152000 -> 139692 | F17: =D17/$D$2 -> 0 | G17: 33.3 | H17: 0 | I17: =G17+H17 -> 33.3 | J17: =IF(L17>0,L17,0) -> 9.3 | K17: =I17+J17 -> 42.6 | L17: =IF(G17="",0,F17-(I17-AK17)) -> 9.3 | M17: 4.6 | N17: 0 | O17: =0*1.05 -> 0 | P17: 0 | Q17: =1300200/325851/1.9835*1.02 -> 2.0519136 | R17: 0 | S17: =IF(((2.6*1.04)-T17)>=4.2,4.2,(2.6*1.04)-T17) -> 2.1163106 | T17: =(0.5331*1.06)*1.04 -> 0.58768944 | U17: =M17-(Q17+R17+S17+T17) -> -0.1559136 | V17: 0 | W17: 0 | X17: =MAX(0,M17-N17-O17-P17-Q17-R17-S17-T17-U17+V17+W17-AU17+AS17) -> 4.4408921e-16 | Y17: =X17-AP17 -> 4.4408921e-16 | AE17: 0 | AF17: 0 | AG17: 0 | AH17: 38 | AI17: =AI16-AH17 -> 6342.1579 | AK17: =N17+O17+P17+Q17+R17+S17+T17+U17+X17+AE17+AH17 -> 42.6 | AL17: =IF(L17<0,L17*-1,0) -> 0 | AM17: =AK17+AL17 -> 42.6 | AO17: =IF(G17="","",IF(I17>=795,795-X17,I17-Q17-R17-X17-AF17)-AJ17) -> 31.248086 | AW17: 0 | AX17: 63 | AY17: 26 | BA17: =SUM(N17,P17:U17) -> 4.6 | BB17: 1.14 | BC17: 15825 | BE17: =BE16+1 -> 3 | BF17: 6902.17 | BG17: =B17-BF17 -> 0.01 | BH17: 25.089 | BI17: =AH17-BH17 -> 12.911
A18: =A17+1 -> 4 | B18: 6902.09 | C18: =IF(B18="",C17,VLOOKUP(TRUNC(B18,1),VLOOKUP!$A$3:$K$2834,RIGHT(TEXT(B18,"0000.00"),1)+2,FALSE)) -> 291353 | D18: =C18-C17 -> -339 | E18: =C18-152000 -> 139353 | F18: =D18/$D$2 -> -170.91001 | G18: 42.5 | H18: 0 | I18: =G18+H18 -> 42.5 | J18: =IF(L18>0,L18,0) -> 0 | K18: =I18+J18 -> 42.5 | L18: =IF(G18="",0,F18-(I18-AK18)) -> -78.610008 | M18: 4.8 | N18: 0 | O18: =0*1.05 -> 0 | P18: 0 | Q18: =966400/325851/1.9835*1.02 -> 1.5251264 | R18: 0 | S18: =IF(((2.5*1.04)-T18)>=4.2,4.2,(2.5*1.04)-T18) -> 2.0123106 | T18: =(0.5331*1.06)*1.04 -> 0.58768944 | U18: =M18-(Q18+R18+S18+T18) -> 0.67487363 | V18: 92 | W18: 0 | X18: =MAX(0,M18-N18-O18-P18-Q18-R18-S18-T18-U18+V18+W18-AU18+AS18) -> 92 | Y18: =X18-AP18 -> 92 | AE18: 0 | AF18: 0 | AG18: 0 | AH18: 38 | AI18: =AI17-AH18 -> 6304.1579 | AK18: =N18+O18+P18+Q18+R18+S18+T18+U18+X18+AE18+AH18 -> 134.8 | AL18: =IF(L18<0,L18*-1,0) -> 78.610008 | AM18: =AK18+AL18 -> 213.41001 | AN18: =V18 -> 92 | AO18: =IF(G18="","",IF(I18>=795,795-X18,I18-Q18-R18-X18-AF18)-AJ18) -> -51.025126 | AW18: 0 | AX18: 65 | AY18: 29 | BA18: =SUM(N18,P18:U18) -> 4.8 | BB18: 1.14 | BC18: 15822 | BE18: =BE17+1 -> 4 | BF18: 6902.11 | BG18: =B18-BF18 -> -0.02 | BH18: 24.764583 | BI18: =AH18-BH18 -> 13.235417
A19: =A18+1 -> 5 | B19: 6901.99 | C19: =IF(B19="",C18,VLOOKUP(TRUNC(B19,1),VLOOKUP!$A$3:$K$2834,RIGHT(TEXT(B19,"0000.00"),1)+2,FALSE)) -> 290977 | D19: =C19-C18 -> -376 | E19: =C19-152000 -> 138977 | F19: =D19/$D$2 -> -189.5639 | G19: 48.2 | H19: 0 | I19: =G19+H19 -> 48.2 | J19: =IF(L19>0,L19,0) -> 0 | K19: =I19+J19 -> 48.2 | L19: =IF(G19="",0,F19-(I19-AK19)) -> -14.963902 | M19: 4.8 | N19: 0 | O19: =0*1.05 -> 0 | P19: 0 | Q19: =1003100/325851/1.9835*1.02 -> 1.5830446 | R19: 0 | S19: =IF(((2.6*1.04)-T19)>=4.2,4.2,(2.6*1.04)-T19) -> 2.1163106 | T19: =(0.5331*1.06)*1.04 -> 0.58768944 | U19: =M19-(Q19+R19+S19+T19) -> 0.51295544 | V19: 180 | W19: 0 | X19: =MAX(0,M19-N19-O19-P19-Q19-R19-S19-T19-U19+V19+W19-AU19+AS19) -> 180 | Y19: =X19-AP19 -> 180 | AE19: 0 | AF19: 0 | AG19: 0 | AH19: 38 | AI19: =AI18-AH19 -> 6266.1579 | AK19: =N19+O19+P19+Q19+R19+S19+T19+U19+X19+AE19+AH19 -> 222.8 | AL19: =IF(L19<0,L19*-1,0) -> 14.963902 | AM19: =AK19+AL19 -> 237.7639 | AN19: =V19 -> 180 | AO19: =IF(G19="","",IF(I19>=795,795-X19,I19-Q19-R19-X19-AF19)-AJ19) -> -133.38304 | AW19: 0 | AX19: 66 | AY19: 31 | BA19: =SUM(N19,P19:U19) -> 4.8 | BB19: 1.14 | BC19: 15819 | BE19: =BE18+1 -> 5 | BF19: 6902.01 | BG19: =B19-BF19 -> -0.02 | BH19: 24.814583 | BI19: =AH19-BH19 -> 13.185417
A20: =A19+1 -> 6 | B20: 6901.89 | C20: =IF(B20="",C19,VLOOKUP(TRUNC(B20,1),VLOOKUP!$A$3:$K$2834,RIGHT(TEXT(B20,"0000.00"),1)+2,FALSE)) -> 290604 | D20: =C20-C19 -> -373 | E20: =C20-152000 -> 138604 | F20: =D20/$D$2 -> -188.05142 | G20: 46.4 | H20: 0 | I20: =G20+H20 -> 46.4 | J20: =IF(L20>0,L20,0) -> 0 | K20: =I20+J20 -> 46.4 | L20: =IF(G20="",0,F20-(I20-AK20)) -> -11.651424 | M20: 4.8 | N20: 0 | O20: =0*1.05 -> 0 | P20: 0 | Q20: =1226900/325851/1.9835*1.02 -> 1.936235 | R20: 0 | S20: =IF(((2.7*1.04)-T20)>=4.2,4.2,(2.7*1.04)-T20) -> 2.2203106 | T20: =(0.5331*1.06)*1.04 -> 0.58768944 | U20: =M20-(Q20+R20+S20+T20) -> 0.05576496 | V20: 180 | W20: 0 | X20: =MAX(0,M20-N20-O20-P20-Q20-R20-S20-T20-U20+V20+W20-AU20+AS20) -> 180 | Y20: =X20-AP20 -> 180 | AE20: 0 | AF20: 0 | AG20: 0 | AH20: 38 | AI20: =AI19-AH20 -> 6228.1579 | AK20: =N20+O20+P20+Q20+R20+S20+T20+U20+X20+AE20+AH20 -> 222.8 | AL20: =IF(L20<0,L20*-1,0) -> 11.651424 | AM20: =AK20+AL20 -> 234.45142 | AN20: =V20 -> 180 | AO20: =IF(G20="","",IF(I20>=795,795-X20,I20-Q20-R20-X20-AF20)-AJ20) -> -135.53624 | AW20: 0 | AX20: 67 | AY20: 32 | BA20: =SUM(N20,P20:U20) -> 4.8 | BB20: 1.14 | BC20: 15816 | BE20: =BE19+1 -> 6 | BF20: 6901.9 | BG20: =B20-BF20 -> -0.01 | BH20: 24.753125 | BI20: =AH20-BH20 -> 13.246875
A21: =A20+1 -> 7 | B21: 6901.79 | C21: =IF(B21="",C20,VLOOKUP(TRUNC(B21,1),VLOOKUP!$A$3:$K$2834,RIGHT(TEXT(B21,"0000.00"),1)+2,FALSE)) -> 290231 | D21: =C21-C20 -> -373 | E21: =C21-152000 -> 138231 | F21: =D21/$D$2 -> -188.05142 | G21: 46.7 | H21: 0 | I21: =G21+H21 -> 46.7 | J21: =IF(L21>0,L21,0) -> 0 | K21: =I21+J21 -> 46.7 | L21: =IF(G21="",0,F21-(I21-AK21)) -> -12.551424 | M21: 5.2 | N21: 0 | O21: =0*1.05 -> 0 | P21: 0 | Q21: =1036500/325851/1.9835*1.02 -> 1.6357548 | R21: 0 | S21: =IF(((2.6*1.04)-T21)>=4.2,4.2,(2.6*1.04)-T21) -> 2.1163106 | T21: =(0.5331*1.06)*1.04 -> 0.58768944 | U21: =M21-(Q21+R21+S21+T21) -> 0.86024516 | V21: 179 | W21: 0 | X21: =MAX(0,M21-N21-O21-P21-Q21-R21-S21-T21-U21+V21+W21-AU21+AS21) -> 179 | Y21: =X21-AP21 -> 179 | AE21: 0 | AF21: 0 | AG21: 0 | AH21: 38 | AI21: =AI20-AH21 -> 6190.1579 | AK21: =N21+O21+P21+Q21+R21+S21+T21+U21+X21+AE21+AH21 -> 222.2 | AL21: =IF(L21<0,L21*-1,0) -> 12.551424 | AM21: =AK21+AL21 -> 234.75142 | AN21: =V21 -> 179 | AO21: =IF(G21="","",IF(I21>=795,795-X21,I21-Q21-R21-X21-AF21)-AJ21) -> -133.93575 | AW21: 0 | AX21: 64 | AY21: 31 | BA21: =SUM(N21,P21:U21) -> 5.2 | BB21: 1.14 | BC21: 15814 | BE21: =BE20+1 -> 7 | BF21: 6901.8 | BG21: =B21-BF21 -> -0.01 | BH21: 24.805208 | BI21: =AH21-BH21 -> 13.194792
A22: =A21+1 -> 8 | B22: 6901.68 | C22: =IF(B22="",C21,VLOOKUP(TRUNC(B22,1),VLOOKUP!$A$3:$K$2834,RIGHT(TEXT(B22,"0000.00"),1)+2,FALSE)) -> 289820 | D22: =C22-C21 -> -411 | E22: =C22-152000 -> 137820 | F22: =D22/$D$2 -> -207.20948 | G22: 42 | H22: 0 | I22: =G22+H22 -> 42 | J22: =IF(L22>0,L22,0) -> 0 | K22: =I22+J22 -> 42 | L22: =IF(G22="",0,F22-(I22-AK22)) -> -27.409478 | M22: 4.8 | N22: 0 | O22: =0*1.05 -> 0 | P22: 0 | Q22: =1263700/325851/1.9835*1.02 -> 1.994311 | R22: 0 | S22: =IF(((2.4*1.04)-T22)>=4.2,4.2,(2.4*1.04)-T22) -> 1.9765491 | T22: =(0.4712*1.06)*1.04 -> 0.51945088 | U22: =M22-(Q22+R22+S22+T22) -> 0.30968896 | V22: 179 | W22: 0 | X22: =MAX(0,M22-N22-O22-P22-Q22-R22-S22-T22-U22+V22+W22-AU22+AS22) -> 179 | Y22: =X22-AP22 -> 179 | AE22: 0 | AF22: 0 | AG22: 0 | AH22: 38 | AI22: =AI21-AH22 -> 6152.1579 | AK22: =N22+O22+P22+Q22+R22+S22+T22+U22+X22+AE22+AH22 -> 221.8 | AL22: =IF(L22<0,L22*-1,0) -> 27.409478 | AM22: =AK22+AL22 -> 249.20948 | AN22: =V22 -> 179 | AO22: =IF(G22="","",IF(I22>=795,795-X22,I22-Q22-R22-X22-AF22)-AJ22) -> -138.99431 | AW22: 0 | AX22: 68 | AY22: 30 | BA22: =SUM(N22,P22:U22) -> 4.8 | BB22: 1.14 | BC22: 15811 | BE22: =BE21+1 -> 8 | BF22: 6901.68 | BG22: =B22-BF22 -> 0 | BH22: 24.791667 | BI22: =AH22-BH22 -> 13.208333
A23: =A22+1 -> 9 | B23: 6901.57 | C23: =IF(B23="",C22,VLOOKUP(TRUNC(B23,1),VLOOKUP!$A$3:$K$2834,RIGHT(TEXT(B23,"0000.00"),1)+2,FALSE)) -> 289409 | D23: =C23-C22 -> -411 | E23: =C23-152000 -> 137409 | F23: =D23/$D$2 -> -207.20948 | G23: 42.2 | H23: 0 | I23: =G23+H23 -> 42.2 | J23: =IF(L23>0,L23,0) -> 0 | K23: =I23+J23 -> 42.2 | L23: =IF(G23="",0,F23-(I23-AK23)) -> -28.009478 | M23: 4.4 | N23: 0 | O23: =0*1.05 -> 0 | P23: 0 | Q23: =1135800/325851/1.9835*1.02 -> 1.7924654 | R23: 0 | S23: =IF(((2.4*1.04)-T23)>=4.2,4.2,(2.4*1.04)-T23) -> 1.9765491 | T23: =(0.4712*1.06)*1.04 -> 0.51945088 | U23: =M23-(Q23+R23+S23+T23) -> 0.11153463 | V23: 179 | W23: 0 | X23: =MAX(0,M23-N23-O23-P23-Q23-R23-S23-T23-U23+V23+W23-AU23+AS23) -> 179 | Y23: =X23-AP23 -> 179 | AE23: 0 | AF23: 0 | AG23: 0 | AH23: 38 | AI23: =AI22-AH23 -> 6114.1579 | AK23: =N23+O23+P23+Q23+R23+S23+T23+U23+X23+AE23+AH23 -> 221.4 | AL23: =IF(L23<0,L23*-1,0) -> 28.009478 | AM23: =AK23+AL23 -> 249.40948 | AN23: =V23 -> 179 | AO23: =IF(G23="","",IF(I23>=795,795-X23,I23-Q23-R23-X23-AF23)-AJ23) -> -138.59247 | AW23: 0 | AX23: 68 | AY23: 32 | BA23: =SUM(N23,P23:U23) -> 4.4 | BB23: 1.14 | BC23: 15806 | BE23: =BE22+1 -> 9 | BF23: 6901.59 | BG23: =B23-BF23 -> -0.02 | BH23: 24.691667 | BI23: =AH23-BH23 -> 13.308333
A24: =A23+1 -> 10 | B24: 6901.46 | C24: =IF(B24="",C23,VLOOKUP(TRUNC(B24,1),VLOOKUP!$A$3:$K$2834,RIGHT(TEXT(B24,"0000.00"),1)+2,FALSE)) -> 288999 | D24: =C24-C23 -> -410 | E24: =C24-152000 -> 136999 | F24: =D24/$D$2 -> -206.70532 | G24: 46 | H24: 0 | I24: =G24+H24 -> 46 | J24: =IF(L24>0,L24,0) -> 0 | K24: =I24+J24 -> 46 | L24: =IF(G24="",0,F24-(I24-AK24)) -> -30.505319 | M24: 5.2 | N24: 0 | O24: =0*1.05 -> 0 | P24: 0 | Q24: =1155400/325851/1.9835*1.02 -> 1.8233972 | R24: 0 | S24: =IF(((2.2*1.04)-T24)>=4.2,4.2,(2.2*1.04)-T24) -> 1.7685491 | T24: =(0.4712*1.06)*1.04 -> 0.51945088 | U24: =M24-(Q24+R24+S24+T24) -> 1.0886028 | V24: 179 | W24: 0 | X24: =MAX(0,M24-N24-O24-P24-Q24-R24-S24-T24-U24+V24+W24-AU24+AS24) -> 179 | Y24: =X24-AP24 -> 179 | AE24: 0 | AF24: 0 | AG24: 0 | AH24: 38 | AI24: =AI23-AH24 -> 6076.1579 | AK24: =N24+O24+P24+Q24+R24+S24+T24+U24+X24+AE24+AH24 -> 222.2 | AL24: =IF(L24<0,L24*-1,0) -> 30.505319 | AM24: =AK24+AL24 -> 252.70532 | AN24: =V24 -> 179 | AO24: =IF(G24="","",IF(I24>=795,795-X24,I24-Q24-R24-X24-AF24)-AJ24) -> -134.8234 | AW24: 0 | AX24: 65 | AY24: 33 | BA24: =SUM(N24,P24:U24) -> 5.2 | BB24: 1.14 | BC24: 15805 | BE24: =BE23+1 -> 10 | BF24: 6901.47 | BG24: =B24-BF24 -> -0.01 | BH24: 24.741667 | BI24: =AH24-BH24 -> 13.258333
A25: =A24+1 -> 11 | B25: 6901.42 | C25: =IF(B25="",C24,VLOOKUP(TRUNC(B25,1),VLOOKUP!$A$3:$K$2834,RIGHT(TEXT(B25,"0000.00"),1)+2,FALSE)) -> 288850 | D25: =C25-C24 -> -149 | E25: =C25-152000 -> 136850 | F25: =D25/$D$2 -> -75.119738 | G25: 42.2 | H25: 0 | I25: =G25+H25 -> 42.2 | J25: =IF(L25>0,L25,0) -> 0 | K25: =I25+J25 -> 42.2 | L25: =IF(G25="",0,F25-(I25-AK25)) -> -1.2197378 | M25: 4.1 | N25: 0 | O25: =0*1.05 -> 0 | P25: 0 | Q25: =1110900/325851/1.9835*1.02 -> 1.7531694 | R25: 0 | S25: =IF(((2.2*1.04)-T25)>=4.2,4.2,(2.2*1.04)-T25) -> 1.7685491 | T25: =(0.4712*1.06)*1.04 -> 0.51945088 | U25: =M25-(Q25+R25+S25+T25) -> 0.058830625 | V25: 74 | W25: 0 | X25: =MAX(0,M25-N25-O25-P25-Q25-R25-S25-T25-U25+V25+W25-AU25+AS25) -> 74 | Y25: =X25-AP25 -> 74 | AE25: 0 | AF25: 0 | AG25: 0 | AH25: 38 | AI25: =AI24-AH25 -> 6038.1579 | AK25: =N25+O25+P25+Q25+R25+S25+T25+U25+X25+AE25+AH25 -> 116.1 | AL25: =IF(L25<0,L25*-1,0) -> 1.2197378 | AM25: =AK25+AL25 -> 117.31974 | AN25: =V25 -> 74 | AO25: =IF(G25="","",IF(I25>=795,795-X25,I25-Q25-R25-X25-AF25)-AJ25) -> -33.553169 | AW25: 0 | AX25: 60 | AY25: 31 | BA25: =SUM(N25,P25:U25) -> 4.1 | BB25: 1.17 | BC25: 15802 | BE25: =BE24+1 -> 11 | BF25: 6901.42 | BG25: =B25-BF25 -> 0 | BH25: 24.729167 | BI25: =AH25-BH25 -> 13.270833
A26: =A25+1 -> 12 | B26: 6901.41 | C26: =IF(B26="",C25,VLOOKUP(TRUNC(B26,1),VLOOKUP!$A$3:$K$2834,RIGHT(TEXT(B26,"0000.00"),1)+2,FALSE)) -> 288812 | D26: =C26-C25 -> -38 | E26: =C26-152000 -> 136812 | F26: =D26/$D$2 -> -19.158054 | G26: 37.2 | H26: 0 | I26: =G26+H26 -> 37.2 | J26: =IF(L26>0,L26,0) -> 0 | K26: =I26+J26 -> 37.2 | L26: =IF(G26="",0,F26-(I26-AK26)) -> -12.758054 | M26: 4.6 | N26: 0 | O26: =0*1.05 -> 0 | P26: 0 | Q26: =1221300/325851/1.9835*1.02 -> 1.9273974 | R26: 0 | S26: =IF(((2.2*1.04)-T26)>=4.2,4.2,(2.2*1.04)-T26) -> 1.7685491 | T26: =(0.4712*1.06)*1.04 -> 0.51945088 | U26: =M26-(Q26+R26+S26+T26) -> 0.38460261 | V26: 0 | W26: 0 | X26: =MAX(0,M26-N26-O26-P26-Q26-R26-S26-T26-U26+V26+W26-AU26+AS26) -> 0 | Y26: =X26-AP26 -> 0 | AE26: 0 | AF26: 0 | AG26: 0 | AH26: 39 | AI26: =AI25-AH26 -> 5999.1579 | AK26: =N26+O26+P26+Q26+R26+S26+T26+U26+X26+AE26+AH26 -> 43.6 | AL26: =IF(L26<0,L26*-1,0) -> 12.758054 | AM26: =AK26+AL26 -> 56.358054 | AO26: =IF(G26="","",IF(I26>=795,795-X26,I26-Q26-R26-X26-AF26)-AJ26) -> 35.272603 | AW26: 0 | AX26: 56 | AY26: 23 | BA26: =SUM(N26,P26:U26) -> 4.6 | BB26: 1.16 | BC26: 15797 | BE26: =BE25+1 -> 12 | BF26: 6901.4 | BG26: =B26-BF26 -> 0.01 | BH26: 24.829167 | BI26: =AH26-BH26 -> 14.170833
A27: =A26+1 -> 13 | B27: 6901.37 | C27: =IF(B27="",C26,VLOOKUP(TRUNC(B27,1),VLOOKUP!$A$3:$K$2834,RIGHT(TEXT(B27,"0000.00"),1)+2,FALSE)) -> 288663 | D27: =C27-C26 -> -149 | E27: =C27-152000 -> 136663 | F27: =D27/$D$2 -> -75.119738 | G27: 38.9 | H27: 0 | I27: =G27+H27 -> 38.9 | J27: =IF(L27>0,L27,0) -> 0 | K27: =I27+J27 -> 38.9 | L27: =IF(G27="",0,F27-(I27-AK27)) -> -70.519738 | M27: 3.5 | N27: 0 | O27: =0*1.05 -> 0 | P27: 0 | Q27: =984600/325851/1.9835*1.02 -> 1.5538487 | R27: 0 | S27: =IF(((2.2*1.04)-T27)>=4.2,4.2,(2.2*1.04)-T27) -> 1.7685491 | T27: =(0.4712*1.06)*1.04 -> 0.51945088 | U27: =M27-(Q27+R27+S27+T27) -> -0.34184874 | V27: 0 | W27: 0 | X27: =MAX(0,M27-N27-O27-P27-Q27-R27-S27-T27-U27+V27+W27-AU27+AS27) -> 0 | Y27: =X27-AP27 -> 0 | AE27: 0 | AF27: 0 | AG27: 0 | AH27: 40 | AI27: =AI26-AH27 -> 5959.1579 | AK27: =N27+O27+P27+Q27+R27+S27+T27+U27+X27+AE27+AH27 -> 43.5 | AL27: =IF(L27<0,L27*-1,0) -> 70.519738 | AM27: =AK27+AL27 -> 114.01974 | AO27: =IF(G27="","",IF(I27>=795,795-X27,I27-Q27-R27-X27-AF27)-AJ27) -> 37.346151 | AW27: 0 | AX27: 65 | AY27: 27 | BA27: =SUM(N27,P27:U27) -> 3.5 | BB27: 1.17 | BC27: 15794 | BE27: =BE26+1 -> 13 | BF27: 6901.4 | BG27: =B27-BF27 -> -0.03 | BH27: 24.970833 | BI27: =AH27-BH27 -> 15.029167
A28: =A27+1 -> 14 | B28: 6901.36 | C28: =IF(B28="",C27,VLOOKUP(TRUNC(B28,1),VLOOKUP!$A$3:$K$2834,RIGHT(TEXT(B28,"0000.00"),1)+2,FALSE)) -> 288626 | D28: =C28-C27 -> -37 | E28: =C28-152000 -> 136626 | F28: =D28/$D$2 -> -18.653895 | G28: 40.1 | H28: 0 | I28: =G28+H28 -> 40.1 | J28: =IF(L28>0,L28,0) -> 0 | K28: =I28+J28 -> 40.1 | L28: =IF(G28="",0,F28-(I28-AK28)) -> -15.353895 | M28: 3.4 | N28: 0 | O28: =0*1.05 -> 0 | P28: 0 | Q28: =1137800/325851/1.9835*1.02 -> 1.7956217 | R28: 0 | S28: =IF(((2.2*1.04)-T28)>=4.2,4.2,(2.2*1.04)-T28) -> 1.7685491 | T28: =(0.4712*1.06)*1.04 -> 0.51945088 | U28: =M28-(Q28+R28+S28+T28) -> -0.68362167 | V28: 0 | W28: 0 | X28: =MAX(0,M28-N28-O28-P28-Q28-R28-S28-T28-U28+V28+W28-AU28+AS28) -> 3.3306691e-16 | Y28: =X28-AP28 -> 3.3306691e-16 | AE28: 0 | AF28: 0 | AG28: 0 | AH28: 40 | AI28: =AI27-AH28 -> 5919.1579 | AK28: =N28+O28+P28+Q28+R28+S28+T28+U28+X28+AE28+AH28 -> 43.4 | AL28: =IF(L28<0,L28*-1,0) -> 15.353895 | AM28: =AK28+AL28 -> 58.753895 | AO28: =IF(G28="","",IF(I28>=795,795-X28,I28-Q28-R28-X28-AF28)-AJ28) -> 38.304378 | AW28: 0 | AX28: 62 | AY28: 29 | BA28: =SUM(N28,P28:U28) -> 3.4 | BB28: 1.18 | BC28: 15790 | BE28: =BE27+1 -> 14 | BF28: 6901.38 | BG28: =B28-BF28 -> -0.02 | BH28: 24.991667 | BI28: =AH28-BH28 -> 15.008333
A29: =A28+1 -> 15 | B29: 6901.35 | C29: =IF(B29="",C28,VLOOKUP(TRUNC(B29,1),VLOOKUP!$A$3:$K$2834,RIGHT(TEXT(B29,"0000.00"),1)+2,FALSE)) -> 288588 | D29: =C29-C28 -> -38 | E29: =C29-152000 -> 136588 | F29: =D29/$D$2 -> -19.158054 | G29: 41.8 | H29: 0 | I29: =G29+H29 -> 41.8 | J29: =IF(L29>0,L29,0) -> 0 | K29: =I29+J29 -> 41.8 | L29: =IF(G29="",0,F29-(I29-AK29)) -> -17.058054 | M29: 3.9 | N29: 0 | O29: =0*1.05 -> 0 | P29: 0 | Q29: =928500/325851/1.9835*1.02 -> 1.4653144 | R29: 0 | S29: =IF(((2.2*1.04)-T29)>=4.2,4.2,(2.2*1.04)-T29) -> 1.6785933 | T29: =(0.5528*1.06)*1.04 -> 0.60940672 | U29: =M29-(Q29+R29+S29+T29) -> 0.1466856 | V29: 0 | W29: 0 | X29: =MAX(0,M29-N29-O29-P29-Q29-R29-S29-T29-U29+V29+W29-AU29+AS29) -> 4.4408921e-16 | Y29: =X29-AP29 -> 4.4408921e-16 | AE29: 0 | AF29: 0 | AG29: 0 | AH29: 40 | AI29: =AI28-AH29 -> 5879.1579 | AK29: =N29+O29+P29+Q29+R29+S29+T29+U29+X29+AE29+AH29 -> 43.9 | AL29: =IF(L29<0,L29*-1,0) -> 17.058054 | AM29: =AK29+AL29 -> 60.958054 | AO29: =IF(G29="","",IF(I29>=795,795-X29,I29-Q29-R29-X29-AF29)-AJ29) -> 40.334686 | AW29: 0 | AX29: 65 | AY29: 33 | BA29: =SUM(N29,P29:U29) -> 3.9 | BB29: 1.15 | BC29: 15787 | BE29: =BE28+1 -> 15 | BF29: 6901.38 | BG29: =B29-BF29 -> -0.03 | BH29: 25.034375 | BI29: =AH29-BH29 -> 14.965625
A30: =A29+1 -> 16 | B30: 6901.32 | C30: =IF(B30="",C29,VLOOKUP(TRUNC(B30,1),VLOOKUP!$A$3:$K$2834,RIGHT(TEXT(B30,"0000.00"),1)+2,FALSE)) -> 288476 | D30: =C30-C29 -> -112 | E30: =C30-152000 -> 136476 | F30: =D30/$D$2 -> -56.465843 | G30: 44.9 | H30: 0 | I30: =G30+H30 -> 44.9 | J30: =IF(L30>0,L30,0) -> 0 | K30: =I30+J30 -> 44.9 | L30: =IF(G30="",0,F30-(I30-AK30)) -> -58.265843 | M30: 3.1 | N30: 0 | O30: =0*1.05 -> 0 | P30: 0 | Q30: =1137200/325851/1.9835*1.02 -> 1.7946748 | R30: 0 | S30: =IF(((2.2*1.04)-T30)>=4.2,4.2,(2.2*1.04)-T30) -> 1.6785933 | T30: =(0.5528*1.06)*1.04 -> 0.60940672 | U30: =M30-(Q30+R30+S30+T30) -> -0.98267478 | V30: 0 | W30: 0 | X30: =MAX(0,M30-N30-O30-P30-Q30-R30-S30-T30-U30+V30+W30-AU30+AS30) -> 0 | Y30: =X30-AP30 -> 0 | AE30: 0 | AF30: 0 | AG30: 0 | AH30: 40 | AI30: =AI29-AH30 -> 5839.1579 | AK30: =N30+O30+P30+Q30+R30+S30+T30+U30+X30+AE30+AH30 -> 43.1 | AL30: =IF(L30<0,L30*-1,0) -> 58.265843 | AM30: =AK30+AL30 -> 101.36584 | AO30: =IF(G30="","",IF(I30>=795,795-X30,I30-Q30-R30-X30-AF30)-AJ30) -> 43.105325 | AW30: 0 | AX30: 65 | AY30: 33 | BA30: =SUM(N30,P30:U30) -> 3.1 | BB30: 1.17 | BC30: 15785 | BE30: =BE29+1 -> 16 | BF30: 6901.36 | BG30: =B30-BF30 -> -0.04 | BH30: 25 | BI30: =AH30-BH30 -> 15
A31: =A30+1 -> 17 | B31: 6901.3 | C31: =IF(B31="",C30,VLOOKUP(TRUNC(B31,1),VLOOKUP!$A$3:$K$2834,RIGHT(TEXT(B31,"0000.00"),1)+2,FALSE)) -> 288402 | D31: =C31-C30 -> -74 | E31: =C31-152000 -> 136402 | F31: =D31/$D$2 -> -37.307789 | G31: 38.8 | H31: 0 | I31: =G31+H31 -> 38.8 | J31: =IF(L31>0,L31,0) -> 0 | K31: =I31+J31 -> 38.8 | L31: =IF(G31="",0,F31-(I31-AK31)) -> -32.407789 | M31: 3.7 | N31: 0 | O31: =0*1.05 -> 0 | P31: 0 | Q31: =929300/325851/1.9835*1.02 -> 1.4665769 | R31: 0 | S31: =IF(((2.2*1.04)-T31)>=4.2,4.2,(2.2*1.04)-T31) -> 1.6785933 | T31: =(0.5528*1.06)*1.04 -> 0.60940672 | U31: =M31-(Q31+R31+S31+T31) -> -0.05457692 | V31: 0 | W31: 0 | X31: =MAX(0,M31-N31-O31-P31-Q31-R31-S31-T31-U31+V31+W31-AU31+AS31) -> 0 | Y31: =X31-AP31 -> 0 | AE31: 0 | AF31: 0 | AG31: 0 | AH31: 40 | AI31: =AI30-AH31 -> 5799.1579 | AK31: =N31+O31+P31+Q31+R31+S31+T31+U31+X31+AE31+AH31 -> 43.7 | AL31: =IF(L31<0,L31*-1,0) -> 32.407789 | AM31: =AK31+AL31 -> 76.107789 | AO31: =IF(G31="","",IF(I31>=795,795-X31,I31-Q31-R31-X31-AF31)-AJ31) -> 37.333423 | AW31: 0 | AX31: 64 | AY31: 28 | BA31: =SUM(N31,P31:U31) -> 3.7 | BB31: 1.2 | BC31: 15782 | BE31: =BE30+1 -> 17 | BF31: 6901.36 | BG31: =B31-BF31 -> -0.06 | BH31: 25.040625 | BI31: =AH31-BH31 -> 14.959375
A32: =A31+1 -> 18 | B32: 6901.3 | C32: =IF(B32="",C31,VLOOKUP(TRUNC(B32,1),VLOOKUP!$A$3:$K$2834,RIGHT(TEXT(B32,"0000.00"),1)+2,FALSE)) -> 288402 | D32: =C32-C31 -> 0 | E32: =C32-152000 -> 136402 | F32: =D32/$D$2 -> 0 | G32: 41.3 | H32: 0 | I32: =G32+H32 -> 41.3 | J32: =IF(L32>0,L32,0) -> 1.8 | K32: =I32+J32 -> 43.1 | L32: =IF(G32="",0,F32-(I32-AK32)) -> 1.8 | M32: 3.1 | N32: 0 | O32: =0*1.05 -> 0 | P32: 0 | Q32: =1427300/325851/1.9835*1.02 -> 2.2524968 | R32: 0 | S32: =IF(((2.2*1.04)-T32)>=4.2,4.2,(2.2*1.04)-T32) -> 1.6785933 | T32: =(0.5528*1.06)*1.04 -> 0.60940672 | U32: =M32-(Q32+R32+S32+T32) -> -1.4404968 | V32: 0 | W32: 0 | X32: =MAX(0,M32-N32-O32-P32-Q32-R32-S32-T32-U32+V32+W32-AU32+AS32) -> 0 | Y32: =X32-AP32 -> 0 | AE32: 0 | AF32: 0 | AG32: 0 | AH32: 40 | AI32: =AI31-AH32 -> 5759.1579 | AK32: =N32+O32+P32+Q32+R32+S32+T32+U32+X32+AE32+AH32 -> 43.1 | AL32: =IF(L32<0,L32*-1,0) -> 0 | AM32: =AK32+AL32 -> 43.1 | AO32: =IF(G32="","",IF(I32>=795,795-X32,I32-Q32-R32-X32-AF32)-AJ32) -> 39.047503 | AW32: 0 | AX32: 65 | AY32: 30 | BA32: =SUM(N32,P32:U32) -> 3.1 | BB32: 1.15 | BC32: 15779 | BE32: =BE31+1 -> 18 | BF32: 6901.34 | BG32: =B32-BF32 -> -0.04 | BH32: 24.901042 | BI32: =AH32-BH32 -> 15.098958
A33: =A32+1 -> 19 | B33: 6901.31 | C33: =IF(B33="",C32,VLOOKUP(TRUNC(B33,1),VLOOKUP!$A$3:$K$2834,RIGHT(TEXT(B33,"0000.00"),1)+2,FALSE)) -> 288439 | D33: =C33-C32 -> 37 | E33: =C33-152000 -> 136439 | F33: =D33/$D$2 -> 18.653895 | G33: 39.5 | H33: 0 | I33: =G33+H33 -> 39.5 | J33: =IF(L33>0,L33,0) -> 23.253895 | K33: =I33+J33 -> 62.753895 | L33: =IF(G33="",0,F33-(I33-AK33)) -> 23.253895 | M33: 4.1 | N33: 0 | O33: =0*1.05 -> 0 | P33: 0 | Q33: =1096300/325851/1.9835*1.02 -> 1.7301284 | R33: 0 | S33: =IF(((2.3*1.04)-T33)>=4.2,4.2,(2.3*1.04)-T33) -> 1.7825933 | T33: =(0.5528*1.06)*1.04 -> 0.60940672 | U33: =M33-(Q33+R33+S33+T33) -> -0.022128351 | V33: 0 | W33: 0 | X33: =MAX(0,M33-N33-O33-P33-Q33-R33-S33-T33-U33+V33+W33-AU33+AS33) -> 0 | Y33: =X33-AP33 -> 0 | AE33: 0 | AF33: 0 | AG33: 0 | AH33: 40 | AI33: =AI32-AH33 -> 5719.1579 | AK33: =N33+O33+P33+Q33+R33+S33+T33+U33+X33+AE33+AH33 -> 44.1 | AL33: =IF(L33<0,L33*-1,0) -> 0 | AM33: =AK33+AL33 -> 44.1 | AO33: =IF(G33="","",IF(I33>=795,795-X33,I33-Q33-R33-X33-AF33)-AJ33) -> 37.769872 | AW33: 0.14 | AX33: 65 | AY33: 32 | BA33: =SUM(N33,P33:U33) -> 4.1 | BB33: 0.935 | BC33: 15777 | BE33: =BE32+1 -> 19 | BF33: 6901.35 | BG33: =B33-BF33 -> -0.04 | BH33: 24.717708 | BI33: =AH33-BH33 -> 15.282292
A34: =A33+1 -> 20 | B34: 6901.34 | C34: =IF(B34="",C33,VLOOKUP(TRUNC(B34,1),VLOOKUP!$A$3:$K$2834,RIGHT(TEXT(B34,"0000.00"),1)+2,FALSE)) -> 288551 | D34: =C34-C33 -> 112 | E34: =C34-152000 -> 136551 | F34: =D34/$D$2 -> 56.465843 | G34: 51.9 | H34: 0 | I34: =G34+H34 -> 51.9 | J34: =IF(L34>0,L34,0) -> 48.465843 | K34: =I34+J34 -> 100.36584 | L34: =IF(G34="",0,F34-(I34-AK34)) -> 48.465843 | M34: 2.9 | N34: 0 | O34: =0*1.05 -> 0 | P34: 0 | Q34: =957300/325851/1.9835*1.02 -> 1.5107652 | R34: 0 | S34: =IF(((2.1*1.04)-T34)>=4.2,4.2,(2.1*1.04)-T34) -> 1.5745933 | T34: =(0.5528*1.06)*1.04 -> 0.60940672 | U34: =M34-(Q34+R34+S34+T34) -> -0.79476518 | V34: 0 | W34: 0 | X34: =MAX(0,M34-N34-O34-P34-Q34-R34-S34-T34-U34+V34+W34-AU34+AS34) -> 0 | Y34: =X34-AP34 -> 0 | AE34: 0 | AF34: 0 | AG34: 0 | AH34: 41 | AI34: =AI33-AH34 -> 5678.1579 | AK34: =N34+O34+P34+Q34+R34+S34+T34+U34+X34+AE34+AH34 -> 43.9 | AL34: =IF(L34<0,L34*-1,0) -> 0 | AM34: =AK34+AL34 -> 43.9 | AO34: =IF(G34="","",IF(I34>=795,795-X34,I34-Q34-R34-X34-AF34)-AJ34) -> 50.389235 | AW34: 0.31 | AX34: 52 | AY34: 41 | BA34: =SUM(N34,P34:U34) -> 2.9 | BB34: 0.65 | BC34: 15783 | BE34: =BE33+1 -> 20 | BF34: 6901.38 | BG34: =B34-BF34 -> -0.04 | BH34: 24.814583 | BI34: =AH34-BH34 -> 16.185417
A35: =A34+1 -> 21 | B35: 6901.42 | C35: =IF(B35="",C34,VLOOKUP(TRUNC(B35,1),VLOOKUP!$A$3:$K$2834,RIGHT(TEXT(B35,"0000.00"),1)+2,FALSE)) -> 288850 | D35: =C35-C34 -> 299 | E35: =C35-152000 -> 136850 | F35: =D35/$D$2 -> 150.74363 | G35: 63.4 | H35: 0 | I35: =G35+H35 -> 63.4 | J35: =IF(L35>0,L35,0) -> 132.04363 | K35: =I35+J35 -> 195.44363 | L35: =IF(G35="",0,F35-(I35-AK35)) -> 132.04363 | M35: 3.7 | N35: 0 | O35: =0*1.05 -> 0 | P35: 0 | Q35: =899300/325851/1.9835*1.02 -> 1.4192324 | R35: 0 | S35: =IF(((2.1*1.04)-T35)>=4.2,4.2,(2.1*1.04)-T35) -> 1.5745933 | T35: =(0.5528*1.06)*1.04 -> 0.60940672 | U35: =M35-(Q35+R35+S35+T35) -> 0.096767649 | V35: 0 | W35: 0 | X35: =MAX(0,M35-N35-O35-P35-Q35-R35-S35-T35-U35+V35+W35-AU35+AS35) -> 0 | Y35: =X35-AP35 -> 0 | AE35: 0 | AF35: 0 | AG35: 0 | AH35: 41 | AI35: =AI34-AH35 -> 5637.1579 | AK35: =N35+O35+P35+Q35+R35+S35+T35+U35+X35+AE35+AH35 -> 44.7 | AL35: =IF(L35<0,L35*-1,0) -> 0 | AM35: =AK35+AL35 -> 44.7 | AO35: =IF(G35="","",IF(I35>=795,795-X35,I35-Q35-R35-X35-AF35)-AJ35) -> 61.980768 | AW35: 0.65 | AX35: 48 | AY35: 32 | BA35: =SUM(N35,P35:U35) -> 3.7 | BB35: 0.65 | BC35: 15807 | BE35: =BE34+1 -> 21 | BF35: 6901.43 | BG35: =B35-BF35 -> -0.01 | BH35: 24.520833 | BI35: =AH35-BH35 -> 16.479167
A36: =A35+1 -> 22 | B36: 6901.43 | C36: =IF(B36="",C35,VLOOKUP(TRUNC(B36,1),VLOOKUP!$A$3:$K$2834,RIGHT(TEXT(B36,"0000.00"),1)+2,FALSE)) -> 288887 | D36: =C36-C35 -> 37 | E36: =C36-152000 -> 136887 | F36: =D36/$D$2 -> 18.653895 | G36: 59.4 | H36: 0 | I36: =G36+H36 -> 59.4 | J36: =IF(L36>0,L36,0) -> 2.8538946 | K36: =I36+J36 -> 62.253895 | L36: =IF(G36="",0,F36-(I36-AK36)) -> 2.8538946 | M36: 2.6 | N36: 0 | O36: =0*1.05 -> 0 | P36: 0 | Q36: =881000/325851/1.9835*1.02 -> 1.3903522 | R36: 0 | S36: =IF(((2.1*1.04)-T36)>=4.2,4.2,(2.1*1.04)-T36) -> 1.6845026 | T36: =(0.4531*1.06)*1.04 -> 0.49949744 | U36: =M36-(Q36+R36+S36+T36) -> -0.97435216 | V36: 0 | W36: 0 | X36: =MAX(0,M36-N36-O36-P36-Q36-R36-S36-T36-U36+V36+W36-AU36+AS36) -> 0 | Y36: =X36-AP36 -> 0 | AE36: 0 | AF36: 0 | AG36: 0 | AH36: 41 | AI36: =AI35-AH36 -> 5596.1579 | AK36: =N36+O36+P36+Q36+R36+S36+T36+U36+X36+AE36+AH36 -> 43.6 | AL36: =IF(L36<0,L36*-1,0) -> 0 | AM36: =AK36+AL36 -> 43.6 | AO36: =IF(G36="","",IF(I36>=795,795-X36,I36-Q36-R36-X36-AF36)-AJ36) -> 58.009648 | AW36: 0.02 | AX36: 46 | AY36: 29 | BA36: =SUM(N36,P36:U36) -> 2.6 | BB36: 0.642 | BC36: 15817 | BE36: =BE35+1 -> 22 | BF36: 6901.44 | BG36: =B36-BF36 -> -0.01 | BH36: 24.979167 | BI36: =AH36-BH36 -> 16.020833
A37: =A36+1 -> 23 | B37: 6901.41 | C37: =IF(B37="",C36,VLOOKUP(TRUNC(B37,1),VLOOKUP!$A$3:$K$2834,RIGHT(TEXT(B37,"0000.00"),1)+2,FALSE)) -> 288812 | D37: =C37-C36 -> -75 | E37: =C37-152000 -> 136812 | F37: =D37/$D$2 -> -37.811949 | G37: 44.6 | H37: 0 | I37: =G37+H37 -> 44.6 | J37: =IF(L37>0,L37,0) -> 0 | K37: =I37+J37 -> 44.6 | L37: =IF(G37="",0,F37-(I37-AK37)) -> -37.911949 | M37: 3.5 | N37: 0 | O37: =0*1.05 -> 0 | P37: 0 | Q37: =887400/325851/1.9835*1.02 -> 1.4004523 | R37: 0 | S37: =IF(((2*1.04)-T37)>=4.2,4.2,(2*1.04)-T37) -> 1.5805026 | T37: =(0.4531*1.06)*1.04 -> 0.49949744 | U37: =M37-(Q37+R37+S37+T37) -> 0.019547661 | V37: 0 | W37: 0 | X37: =MAX(0,M37-N37-O37-P37-Q37-R37-S37-T37-U37+V37+W37-AU37+AS37) -> 0 | Y37: =X37-AP37 -> 0 | AE37: 0 | AF37: 0 | AG37: 0 | AH37: 41 | AI37: =AI36-AH37 -> 5555.1579 | AK37: =N37+O37+P37+Q37+R37+S37+T37+U37+X37+AE37+AH37 -> 44.5 | AL37: =IF(L37<0,L37*-1,0) -> 37.911949 | AM37: =AK37+AL37 -> 82.411949 | AO37: =IF(G37="","",IF(I37>=795,795-X37,I37-Q37-R37-X37-AF37)-AJ37) -> 43.199548 | AW37: 0 | AX37: 50 | AY37: 24 | BA37: =SUM(N37,P37:U37) -> 3.5 | BB37: 0.648 | BC37: 15816 | BE37: =BE36+1 -> 23 | BF37: 6901.43 | BG37: =B37-BF37 -> -0.02 | BH37: 25.001042 | BI37: =AH37-BH37 -> 15.998958
A38: =A37+1 -> 24 | B38: 6901.39 | C38: =IF(B38="",C37,VLOOKUP(TRUNC(B38,1),VLOOKUP!$A$3:$K$2834,RIGHT(TEXT(B38,"0000.00"),1)+2,FALSE)) -> 288738 | D38: =C38-C37 -> -74 | E38: =C38-152000 -> 136738 | F38: =D38/$D$2 -> -37.307789 | G38: 39.4 | H38: 0 | I38: =G38+H38 -> 39.4 | J38: =IF(L38>0,L38,0) -> 0 | K38: =I38+J38 -> 39.4 | L38: =IF(G38="",0,F38-(I38-AK38)) -> -33.107789 | M38: 2.6 | N38: 0 | O38: =0*1.05 -> 0 | P38: 0 | Q38: =1121500/325851/1.9835*1.02 -> 1.7698978 | R38: 0 | S38: =IF(((2*1.04)-T38)>=4.2,4.2,(2*1.04)-T38) -> 1.5805026 | T38: =(0.4531*1.06)*1.04 -> 0.49949744 | U38: =M38-(Q38+R38+S38+T38) -> -1.2498978 | V38: 0 | W38: 0 | X38: =MAX(0,M38-N38-O38-P38-Q38-R38-S38-T38-U38+V38+W38-AU38+AS38) -> 0 | Y38: =X38-AP38 -> 0 | AE38: 0 | AF38: 0 | AG38: 0 | AH38: 41 | AI38: =AI37-AH38 -> 5514.1579 | AK38: =N38+O38+P38+Q38+R38+S38+T38+U38+X38+AE38+AH38 -> 43.6 | AL38: =IF(L38<0,L38*-1,0) -> 33.107789 | AM38: =AK38+AL38 -> 76.707789 | AO38: =IF(G38="","",IF(I38>=795,795-X38,I38-Q38-R38-X38-AF38)-AJ38) -> 37.630102 | AW38: 0 | AX38: 50 | AY38: 22 | BA38: =SUM(N38,P38:U38) -> 2.6 | BB38: 0.594 | BC38: 15815 | BE38: =BE37+1 -> 24 | BF38: 6901.42 | BG38: =B38-BF38 -> -0.03 | BH38: 24.942708 | BI38: =AH38-BH38 -> 16.057292
A39: =A38+1 -> 25 | B39: 6901.39 | C39: =IF(B39="",C38,VLOOKUP(TRUNC(B39,1),VLOOKUP!$A$3:$K$2834,RIGHT(TEXT(B39,"0000.00"),1)+2,FALSE)) -> 288738 | D39: =C39-C38 -> 0 | E39: =C39-152000 -> 136738 | F39: =D39/$D$2 -> 0 | G39: 36.2 | H39: 0 | I39: =G39+H39 -> 36.2 | J39: =IF(L39>0,L39,0) -> 8.3 | K39: =I39+J39 -> 44.5 | L39: =IF(G39="",0,F39-(I39-AK39)) -> 8.3 | M39: 3.5 | N39: 0 | O39: =0*1.05 -> 0 | P39: 0 | Q39: =1050600/325851/1.9835*1.02 -> 1.6580068 | R39: 0 | S39: =IF(((2.1*1.04)-T39)>=4.2,4.2,(2.1*1.04)-T39) -> 1.6845026 | T39: =(0.4531*1.06)*1.04 -> 0.49949744 | U39: =M39-(Q39+R39+S39+T39) -> -0.34200679 | V39: 0 | W39: 0 | X39: =MAX(0,M39-N39-O39-P39-Q39-R39-S39-T39-U39+V39+W39-AU39+AS39) -> 0 | Y39: =X39-AP39 -> 0 | AE39: 0 | AF39: 0 | AG39: 0 | AH39: 41 | AI39: =AI38-AH39 -> 5473.1579 | AK39: =N39+O39+P39+Q39+R39+S39+T39+U39+X39+AE39+AH39 -> 44.5 | AL39: =IF(L39<0,L39*-1,0) -> 0 | AM39: =AK39+AL39 -> 44.5 | AO39: =IF(G39="","",IF(I39>=795,795-X39,I39-Q39-R39-X39-AF39)-AJ39) -> 34.541993 | AW39: 0 | AX39: 49 | AY39: 25 | BA39: =SUM(N39,P39:U39) -> 3.5 | BB39: 0.636 | BC39: 15809 | BE39: =BE38+1 -> 25 | BF39: 6901.46 | BG39: =B39-BF39 -> -0.07 | BH39: 24.965625 | BI39: =AH39-BH39 -> 16.034375
A40: =A39+1 -> 26 | B40: 6901.39 | C40: =IF(B40="",C39,VLOOKUP(TRUNC(B40,1),VLOOKUP!$A$3:$K$2834,RIGHT(TEXT(B40,"0000.00"),1)+2,FALSE)) -> 288738 | D40: =C40-C39 -> 0 | E40: =C40-152000 -> 136738 | F40: =D40/$D$2 -> 0 | G40: 23.2 | H40: 0 | I40: =G40+H40 -> 23.2 | J40: =IF(L40>0,L40,0) -> 21.2 | K40: =I40+J40 -> 44.4 | L40: =IF(G40="",0,F40-(I40-AK40)) -> 21.2 | M40: 3.4 | N40: 0 | O40: =0*1.05 -> 0 | P40: 0 | Q40: =881800/325851/1.9835*1.02 -> 1.3916147 | R40: 0 | S40: =IF(((2*1.04)-T40)>=4.2,4.2,(2*1.04)-T40) -> 1.5805026 | T40: =(0.4531*1.06)*1.04 -> 0.49949744 | U40: =M40-(Q40+R40+S40+T40) -> -0.071614686 | V40: 0 | W40: 0 | X40: =MAX(0,M40-N40-O40-P40-Q40-R40-S40-T40-U40+V40+W40-AU40+AS40) -> 0 | Y40: =X40-AP40 -> 0 | AE40: 0 | AF40: 0 | AG40: 0 | AH40: 41 | AI40: =AI39-AH40 -> 5432.1579 | AK40: =N40+O40+P40+Q40+R40+S40+T40+U40+X40+AE40+AH40 -> 44.4 | AL40: =IF(L40<0,L40*-1,0) -> 0 | AM40: =AK40+AL40 -> 44.4 | AO40: =IF(G40="","",IF(I40>=795,795-X40,I40-Q40-R40-X40-AF40)-AJ40) -> 21.808385 | AW40: 0 | AX40: 30 | AY40: 9 | BA40: =SUM(N40,P40:U40) -> 3.4 | BB40: 0.619 | BC40: 15832 | BE40: =BE39+1 -> 26 | BF40: 6901.4 | BG40: =B40-BF40 -> -0.01 | BH40: 25.003125 | BI40: =AH40-BH40 -> 15.996875
A41: =A40+1 -> 27 | B41: 6901.39 | C41: =IF(B41="",C40,VLOOKUP(TRUNC(B41,1),VLOOKUP!$A$3:$K$2834,RIGHT(TEXT(B41,"0000.00"),1)+2,FALSE)) -> 288738 | D41: =C41-C40 -> 0 | E41: =C41-152000 -> 136738 | F41: =D41/$D$2 -> 0 | G41: 22.7 | H41: 0 | I41: =G41+H41 -> 22.7 | J41: =IF(L41>0,L41,0) -> 19.7 | K41: =I41+J41 -> 42.4 | L41: =IF(G41="",0,F41-(I41-AK41)) -> 19.7 | M41: 2.4 | N41: 0 | O41: =0*1.05 -> 0 | P41: 0 | Q41: =989800/325851/1.9835*1.02 -> 1.5620551 | R41: 0 | S41: =IF(((2*1.04)-T41)>=4.2,4.2,(2*1.04)-T41) -> 1.5805026 | T41: =(0.4531*1.06)*1.04 -> 0.49949744 | U41: =M41-(Q41+R41+S41+T41) -> -1.2420551 | V41: 0 | W41: 0 | X41: =MAX(0,M41-N41-O41-P41-Q41-R41-S41-T41-U41+V41+W41-AU41+AS41) -> 0 | Y41: =X41-AP41 -> 0 | AE41: 0 | AF41: 0 | AG41: 0 | AH41: 40 | AI41: =AI40-AH41 -> 5392.1579 | AK41: =N41+O41+P41+Q41+R41+S41+T41+U41+X41+AE41+AH41 -> 42.4 | AL41: =IF(L41<0,L41*-1,0) -> 0 | AM41: =AK41+AL41 -> 42.4 | AO41: =IF(G41="","",IF(I41>=795,795-X41,I41-Q41-R41-X41-AF41)-AJ41) -> 21.137945 | AW41: 0.01 | AX41: 43 | AY41: 9 | BA41: =SUM(N41,P41:U41) -> 2.4 | BB41: 0.65 | BC41: 15832 | BE41: =BE40+1 -> 27 | BF41: 6901.4 | BG41: =B41-BF41 -> -0.01 | BH41: 25.02 | BI41: =AH41-BH41 -> 14.98
A42: =A41+1 -> 28 | B42: 6901.4 | C42: =IF(B42="",C41,VLOOKUP(TRUNC(B42,1),VLOOKUP!$A$3:$K$2834,RIGHT(TEXT(B42,"0000.00"),1)+2,FALSE)) -> 288775 | D42: =C42-C41 -> 37 | E42: =C42-152000 -> 136775 | F42: =D42/$D$2 -> 18.653895 | G42: 26 | H42: 0 | I42: =G42+H42 -> 26 | J42: =IF(L42>0,L42,0) -> 35.853895 | K42: =I42+J42 -> 61.853895 | L42: =IF(G42="",0,F42-(I42-AK42)) -> 35.853895 | M42: 3.2 | N42: 0 | O42: =0*1.05 -> 0 | P42: 0 | Q42: =904000/325851/1.9835*1.02 -> 1.4266497 | R42: 0 | S42: =IF(((2.1*1.04)-T42)>=4.2,4.2,(2.1*1.04)-T42) -> 1.6845026 | T42: =(0.4531*1.06)*1.04 -> 0.49949744 | U42: =M42-(Q42+R42+S42+T42) -> -0.41064967 | V42: 0 | W42: 0 | X42: =MAX(0,M42-N42-O42-P42-Q42-R42-S42-T42-U42+V42+W42-AU42+AS42) -> 0 | Y42: =X42-AP42 -> 0 | AE42: 0 | AF42: 0 | AG42: 0 | AH42: 40 | AI42: =AI41-AH42 -> 5352.1579 | AK42: =N42+O42+P42+Q42+R42+S42+T42+U42+X42+AE42+AH42 -> 43.2 | AL42: =IF(L42<0,L42*-1,0) -> 0 | AM42: =AK42+AL42 -> 43.2 | AO42: =IF(G42="","",IF(I42>=795,795-X42,I42-Q42-R42-X42-AF42)-AJ42) -> 24.57335 | AW42: 0.11 | AX42: 46 | AY42: 35 | BA42: =SUM(N42,P42:U42) -> 3.2 | BB42: 0.558 | BC42: 15827 | BE42: =BE41+1 -> 28 | BF42: 6901.38 | BG42: =B42-BF42 -> 0.02 | BH42: 14.189583 | BI42: =AH42-BH42 -> 25.810417
A43: =A42+1 -> 29 | B43: 6901.42 | C43: =IF(B43="",C42,VLOOKUP(TRUNC(B43,1),VLOOKUP!$A$3:$K$2834,RIGHT(TEXT(B43,"0000.00"),1)+2,FALSE)) -> 288850 | D43: =C43-C42 -> 75 | E43: =C43-152000 -> 136850 | F43: =D43/$D$2 -> 37.811949 | G43: 29.1 | H43: 0 | I43: =G43+H43 -> 29.1 | J43: =IF(L43>0,L43,0) -> 51.911949 | K43: =I43+J43 -> 81.011949 | L43: =IF(G43="",0,F43-(I43-AK43)) -> 51.911949 | M43: 3.2 | N43: 0 | O43: =0*1.05 -> 0 | P43: 0 | Q43: =924500/325851/1.9835*1.02 -> 1.4590018 | R43: 0 | S43: =IF(((2.1*1.04)-T43)>=4.2,4.2,(2.1*1.04)-T43) -> 1.5876016 | T43: =(0.541*1.06)*1.04 -> 0.5963984 | U43: =M43-(Q43+R43+S43+T43) -> -0.44300179 | V43: 0 | W43: 0 | X43: =MAX(0,M43-N43-O43-P43-Q43-R43-S43-T43-U43+V43+W43-AU43+AS43) -> 0 | Y43: =X43-AP43 -> 0 | AE43: 0 | AF43: 0 | AG43: 0 | AH43: 40 | AI43: =AI42-AH43 -> 5312.1579 | AK43: =N43+O43+P43+Q43+R43+S43+T43+U43+X43+AE43+AH43 -> 43.2 | AL43: =IF(L43<0,L43*-1,0) -> 0 | AM43: =AK43+AL43 -> 43.2 | AO43: =IF(G43="","",IF(I43>=795,795-X43,I43-Q43-R43-X43-AF43)-AJ43) -> 27.640998 | AW43: 0.02 | AX43: 46 | AY43: 21 | BA43: =SUM(N43,P43:U43) -> 3.2 | BB43: 0.489 | BC43: 15832 | BE43: =BE42+1 -> 29 | BF43: 6901.42 | BG43: =B43-BF43 -> 0 | BH43: 24.833333 | BI43: =AH43-BH43 -> 15.166667
A44: 30 | B44: 6901.39 | C44: =IF(B44="",C43,VLOOKUP(TRUNC(B44,1),VLOOKUP!$A$3:$K$2834,RIGHT(TEXT(B44,"0000.00"),1)+2,FALSE)) -> 288738 | D44: =C44-C43 -> -112 | E44: =C44-152000 -> 136738 | F44: =D44/$D$2 -> -56.465843 | G44: 23.6 | H44: 0 | I44: =G44+H44 -> 23.6 | J44: =IF(L44>0,L44,0) -> 0 | K44: =I44+J44 -> 23.6 | L44: =IF(G44="",0,F44-(I44-AK44)) -> -37.265843 | M44: 2.8 | N44: 0 | O44: =0*1.05 -> 0 | P44: 0 | Q44: =966500/325851/1.9835*1.02 -> 1.5252842 | R44: 0 | S44: =IF(((2.1*1.04)-T44)>=4.2,4.2,(2.1*1.04)-T44) -> 1.5876016 | T44: =(0.541*1.06)*1.04 -> 0.5963984 | U44: =M44-(Q44+R44+S44+T44) -> -0.90928418 | V44: 0 | W44: 0 | X44: =MAX(0,M44-N44-O44-P44-Q44-R44-S44-T44-U44+V44+W44-AU44+AS44) -> 0 | Y44: =X44-AP44 -> 0 | AE44: 0 | AF44: 0 | AG44: 0 | AH44: 40 | AI44: =AI43-AH44 -> 5272.1579 | AK44: =N44+O44+P44+Q44+R44+S44+T44+U44+X44+AE44+AH44 -> 42.8 | AL44: =IF(L44<0,L44*-1,0) -> 37.265843 | AM44: =AK44+AL44 -> 80.065843 | AO44: =IF(G44="","",IF(I44>=795,795-X44,I44-Q44-R44-X44-AF44)-AJ44) -> 22.074716 | AW44: 0 | AX44: 34 | AY44: 14 | BA44: =SUM(N44,P44:U44) -> 2.8 | BB44: 0.487 | BC44: 15854 | BE44: 30 | BF44: 6901.42 | BG44: =B44-BF44 -> -0.03 | BH44: 25.084946 | BI44: =AH44-BH44 -> 14.915054
AX45: 4 | BB45: 0.487 | BC45: 15855
A46: MONTH / CFS | F46: =SUM(F15:F44) -> -1489.2866 | G46: =SUM(G15:G44) -> 1189.3 | H46: =SUM(H15:H44) -> 0 | I46: =SUM(I15:I44) -> 1189.3 | J46: =SUM(J15:J44) -> 381.78311 | K46: =SUM(K15:K44) -> 1571.0831 | L46: =SUM(L15:L44) -> -137.78661 | M46: =SUM(M15:M44) -> 114.8 | ... Y46: =SUM(Y15:Y44) -> 1242 | AC46: =SUM(AC15:AC44) -> 0 | AE46: =SUM(AE15:AE44) -> 0 | AF46: =SUM(AF15:AF44) -> 0 | AG46: =SUM(AG15:AG44) -> 0 | AH46: =SUM(AH15:AH44) -> 1184 | AJ46: =SUM(AJ15:AJ44) -> 0 | AK46: =SUM(AK15:AK44) -> 2540.8 | AL46: =SUM(AL15:AL44) -> 519.56973 | AM46: =SUM(AM15:AM44) -> 3060.3697 | AN46: =SUM(AN15:AN44) -> 1242 | AO46: =SUM(AO15:AO44) -> -103.00139 | AP46: =SUM(AP15:AP44) -> 0 | AV46: =SUM(AV15:AV44) -> 0 | AW46: =SUM(AW15:AW44) -> 1.26 | AX46: =AVERAGE(AX15:AX44) -> 56.866667 | AY46: =AVERAGE(AY15:AY44) -> 27.1 | AZ46: Avg | BA46: =SUM(BA15:BA44) -> 114.8 | BB46: =SUM(BB14:BB44) -> 28.308 | BH46: =SUM(BH15:BH44) -> 735.86686 | BI46: =SUM(BI15:BI44) -> 448.13314
A47: MONTH / AF | D47: =SUM(D15:D44) -> -2954 | F47: =F46*$D$2 -> -2954 | G47: =G46*$D$2 -> 2358.9765 | H47: =H46*$D$2 -> 0 | I47: =I46*$D$2 -> 2358.9765 | J47: =J46*$D$2 -> 757.2668 | K47: =K46*$D$2 -> 3116.2434 | L47: =L46*$D$2 -> -273.29975 | M47: =M46*$D$2 -> 227.7058 | ... Y47: =Y46*$D$2 -> 2463.507 | AC47: =AC46*$D$2 -> 0 | AE47: =AE46*$D$2 -> 0 | AF47: =AF46*$D$2 -> 0 | AG47: =AG46*$D$2 -> 0 | AH47: =AH46*$D$2 -> 2348.464 | AJ47: =AJ46*$D$2 -> 0 | AK47: =AK46*$D$2 -> 5039.6768 | AL47: =AL46*$D$2 -> 1030.5665 | AM47: =AM46*$D$2 -> 6070.2433 | AN47: =AN46*$D$2 -> 2463.507 | AO47: =AO46*$D$2 -> -204.30327 | AP47: =AP46*$D$2 -> 0 | AV47: =AV46*$D$2 -> 0 | AX47: =MAX(AX15:AX44) -> 68 | AY47: =MAX(AY15:AY44) -> 41 | AZ47: HI | BA47: =BA46*$D$2 -> 227.7058 | BB47: =BB46*$D$2 -> 56.148918 | BH47: =BH46*$D$2 -> 1459.5919 | BI47: =BI46*$D$2 -> 888.87208
A49: SEASON / CFS | AX49: =MIN(AX15:AX44) -> 30 | AY49: =MIN(AY15:AY44) -> 9 | AZ49: LO
A50: SEASON / AF
A52: YTD / CFS | F52: =F13+F46 -> -1489.2866 | G52: =G13+G46 -> 1189.3 | H52: =H13+H46 -> 0 | I52: =I13+I46 -> 1189.3 | J52: =J13+J46 -> 381.78311 | K52: =K13+K46 -> 1571.0831 | L52: =L13+L46 -> -137.78661 | M52: =M13+M46 -> 114.8 | ... Y52: =Y13+Y46 -> 1242 | AC52: =AC13+AC46 -> 0 | AE52: =AE13+AE46 -> 0 | AF52: =AF13+AF46 -> 0 | AG52: =AG13+AG46 -> 0 | AH52: =AH13+AH46 -> 1184 | AI52: =AI44 -> 5272.1579 | AJ52: =AJ13+AJ46 -> 0 | AK52: =AK13+AK46 -> 2540.8 | AL52: =AL13+AL46 -> 519.56973 | AM52: =AM13+AM46 -> 3060.3697 | AN52: =AN13+AN46 -> 1242 | AO52: =AO13+AO46 -> -103.00139 | AP52: =AP13+AP46 -> 0 | AW52: =AW13+AW46 -> 1.26 | BA52: =BA13+BA46 -> 114.8 | BB52: =BB13+BB46 -> 28.308 | BH52: =BH13+BH46 -> 735.86686 | BI52: =BI13+BI46 -> 448.13314
A53: YTD / AF | D53: =D13+D47 -> -2954 | E53: =E44 -> 136738 | F53: =F52*$D$2 -> -2954 | G53: =G52*$D$2 -> 2358.9765 | H53: =H52*$D$2 -> 0 | I53: =I52*$D$2 -> 2358.9765 | J53: =J52*$D$2 -> 757.2668 | K53: =K52*$D$2 -> 3116.2434 | L53: =L52*$D$2 -> -273.29975 | M53: =M52*$D$2 -> 227.7058 | ... Y53: =Y52*$D$2 -> 2463.507 | AC53: =AC52*$D$2 -> 0 | AE53: =AE52*$D$2 -> 0 | AF53: =AF52*$D$2 -> 0 | AG53: =AG52*$D$2 -> 0 | AH53: =AH52*$D$2 -> 2348.464 | AI53: =AI52*$D$2 -> 10457.325 | AJ53: =AJ52*$D$2 -> 0 | AK53: =AK52*$D$2 -> 5039.6768 | AL53: =AL52*$D$2 -> 1030.5665 | ... AP53: =AP52*$D$2 -> 0 | BA53: =BA52*$D$2 -> 227.7058 | BB53: =BB52*$D$2 -> 56.148918 | BH53: =BH52*$D$2 -> 1459.5919 | BI53: =BI52*$D$2 -> 888.87208

Sheet DEC
K1: MCPHEE RESERVOIR INFLOW/OUTFLOW TABULATION
A2: AF/cfs CONVERT FACTOR | D2: 1.9835 | K2: DECEMBER "2019"
D4: RESERVOIR | I4: INFLOW | X4: OUTFLOW | AQ4: ADJUSTMENTS | AX4: WEATHER
A5: DATE | B5: RESERV | C5: RESERV | D5: AC FT | E5: ACTIVE | F5: CONV TO | G5: DOLORES | H5: LOST | I5: RECORD | J5: CALC | K5: TOTAL | L5: CALC | M5: DOLORES TUNNEL | V5: LONE | W5: U | X5: TOTAL | Y5: TOTAL | Z5: MVI | AA5: MVI | AB5: MVI | AC5: TO EX & | AD5: MVI | AE5: DV CR | AF5: D/S SENIOR | AH5: BELOW | AI5: FISH | AJ5: SPILL | AK5: RECORD | AL5: CALC | AM5: TOTAL | AN5: NAR | AO5: NARR | AP5: MVI | AQ5: MVI | AR5: MVI | AS5: DIST. | AT5: U/S | AU5: TOTTEN | AV5: UF&R | AW5: RAIN | AX5: MAX | AY5: MIN | BA5: TOTAL | BB5: GRNDHOG | BC5: GRNDHOG | BF5: RESERV | BH5: BELOW | BI5: BELOW
A6: DEC | B6: ELEV | D6: CHANGE | E6: CAP | F6: CFS | G6: RIVER | H6: CAN | I6: INFLOW | J6: INFLOW | K6: INFLOW | L6: INF/OTF | M6: TOT DIV | N6: WET | O6: UTE | P6: QUEST | Q6: MWC | R6: CORTEZ | T6: UTE | U6: F-BAY | V6: PINE | W6: LAT | X6: MVI | Y6: MVI | Z6: CALL | AA6: CALL | AB6: APR- | AC6: U/S EX | AD6: PROJ | AE6: CANAL | AF6: MVIC | AG6: PROJ | AH6: MCP | AI6: LEFT | AK6: OTF | AL6: OTF | AM6: OTF | AN6: FILL | AO6: FILL | AP6: STOCK | AQ6: STORED | AR6: STORED | AS6: CLASS | AT6: USERS | AU6: (FRESH | AV6: LEASE | AX6: TMP | AY6: TMP | BA6: TUNNEL | BB6: DISCHARGE | BC6: CAPACITY | BF6: ELEV | BH6: MCP | BI6: MCP
N7: LAND | O7: F&R | Q7: NON - | R7: NON - | S7: PROJ | T7: PROJ | U7: BAL | X7: WATER | Y7: IRRIG. | Z7: STOR | AA7: SPILLED | AB7: JUNE | AF7: 1.7 | AG7: 1.3 | AO7: IN | AQ7: Apr - Jun | AR7: EVAP | AS7: "B" | AT7: EXCH | AU7: WATER) | AV7: WATER | BA7: Misc. | BF7: DTGH | BH7: MPP | BI7: OVER
Q8: PROJ | R8: PROJ | X8: USED | Y8: WATER | AA8: OR | AB8: (DIV+ | AO8: MCPHEE | BI8: MPP
R9: 4.2 | Y9: USED | AA9: USED | AB9: CALL) | BC9: FP = 3960
C10: AC. Ft. | E10: AC FT | G10: CFS | H10: CFS | I10: CFS | J10: CFS | K10: CFS | L10: CFS | M10: CFS | N10: CFS | O10: CFS | P10: CFS | Q10: CFS | R10: CFS | S10: CFS | T10: CFS | U10: CFS | V10: CFS | W10: CFS | X10: 153400 | Y10: 150400 | AB10: 72000 | AC10: CFS | AD10: CFS | AE10: CFS | AF10: CFS | AG10: CFS | AH10: CFS | AI10: CFS | AJ10: CFS | AK10: CFS | AL10: CFS | AM10: CFS | AN10: CFS | AO10: CFS | AP10: CFS | AQ10: CFS | AR10: AC.FT. | AS10: CFS | AT10: CFS | AU10: CFS | AV10: CFS | BA10: Outflow | BB10: CFS | BC10: AC FT | BH10: CFS | BI10: CFS
N11: 1.03 | O11: 1.05 | P11: 1.02 | Q11: 1.02 | R11: 1.04 | T11: 1.04 | X11: CFS | Y11: CFS | Z11: CFS | AA11: CFS | AB11: Ac. Ft. | BA11: CFS
A12: SEASON BAL
A13: YTD | B13: =NOV!B44 -> 6901.39 | C13: =NOV!C44 -> 288738 | D13: =NOV!D53 -> -2954 | E13: =NOV!E53 -> 136738 | F13: =NOV!F52 -> -1489.2866 | G13: =NOV!G52 -> 1189.3 | H13: =NOV!H52 -> 0 | I13: =NOV!I52 -> 1189.3 | J13: =NOV!J52 -> 381.78311 | K13: =NOV!K52 -> 1571.0831 | L13: =NOV!L52 -> -137.78661 | M13: =NOV!M52 -> 114.8 | ... Y13: =NOV!Y52 -> 1242 | AC13: =NOV!AC52 -> 0 | AH13: =NOV!AH52 -> 1184 | AI13: =NOV!AI52 -> 5272.1579 | AK13: =NOV!AK52 -> 2540.8 | AL13: =NOV!AL52 -> 519.56973 | AM13: =NOV!AM52 -> 3060.3697 | AN13: =NOV!AN52 -> 1242 | AO13: =NOV!AO52 -> -103.00139 | AP13: =NOV!AP52 -> 0 | AW13: =NOV!AW52 -> 1.26 | BA13: =NOV!BA52 -> 114.8 | BB13: =NOV!BB52 -> 28.308 | BH13: =NOV!BH46 -> 735.86686 | BI13: =NOV!BI46 -> 448.13314
A15: 1 | B15: 6901.39 | C15: =IF(B15="",C13,VLOOKUP(TRUNC(B15,1),VLOOKUP!$A$3:$K$2834,RIGHT(TEXT(B15,"0000.00"),1)+2,FALSE)) -> 288738 | D15: =C15-C13 -> 0 | E15: =C15-152000 -> 136738 | F15: =D15/$D$2 -> 0 | G15: 17.7 | H15: 0 | I15: =G15+H15 -> 17.7 | J15: =IF(L15>0,L15,0) -> 25.8 | K15: =I15+J15 -> 43.5 | L15: =IF(G15="",0,F15-(I15-AK15)) -> 25.8 | M15: 3.5 | N15: 0 | O15: =0*1.05 -> 0 | P15: 0 | Q15: =1036000/325851/1.9835*1.02 -> 1.6349658 | R15: 0 | S15: =IF(((2*1.04)-T15)>=4.2,4.2,(2*1.04)-T15) -> 1.6176534 | T15: =(0.4194*1.06)*1.04 -> 0.46234656 | U15: =M15-(Q15+R15+S15+T15) -> -0.21496577 | V15: 0 | W15: 0 | X15: =MAX(0,M15-N15-P15-O15-Q15-R15-S15-T15-U15+V15+W15-AU15+AS15) -> 0 | Y15: =X15-AP15 -> 0 | AE15: 0 | AH15: 40 | AI15: =AI13-AH15 -> 5232.1579 | AK15: =N15+O15+P15+Q15+R15+S15+T15+U15+X15+AE15+AH15 -> 43.5 | AL15: =IF(L15<0,L15*-1,0) -> 0 | AM15: =AK15+AL15 -> 43.5 | AO15: =IF(G15="","",IF(I15>=795,795-X15,I15-Q15-R15-X15-AF15)-AJ15) -> 16.065034 | AW15: 0 | AX15: 40 | AY15: 11 | BA15: =SUM(N15,P15:U15) -> 3.5 | BB15: 0.487 | BC15: 15855 | BE15: 1 | BF15: 6901.39 | BG15: =B15-BF15 -> 0 | BH15: 27.895833 | BI15: =AH15-BH15 -> 12.104167
A16: =A15+1 -> 2 | B16: 6901.39 | C16: =IF(B16="",C15,VLOOKUP(TRUNC(B16,1),VLOOKUP!$A$3:$K$2834,RIGHT(TEXT(B16,"0000.00"),1)+2,FALSE)) -> 288738 | D16: =C16-C15 -> 0 | E16: =C16-152000 -> 136738 | F16: =D16/$D$2 -> 0 | G16: 20.8 | H16: 0 | I16: =G16+H16 -> 20.8 | J16: =IF(L16>0,L16,0) -> 22.2 | K16: =I16+J16 -> 43 | L16: =IF(G16="",0,F16-(I16-AK16)) -> 22.2 | M16: 3 | N16: 0 | O16: =0*1.05 -> 0 | P16: 0 | Q16: =1067500/325851/1.9835*1.02 -> 1.6846776 | R16: 0 | S16: =IF(((2*1.04)-T16)>=4.2,4.2,(2*1.04)-T16) -> 1.6176534 | T16: =(0.4194*1.06)*1.04 -> 0.46234656 | U16: =M16-(Q16+R16+S16+T16) -> -0.76467757 | V16: 0 | W16: 0 | X16: =MAX(0,M16-N16-P16-O16-Q16-R16-S16-T16-U16+V16+W16-AU16+AS16) -> 0 | Y16: =X16-AP16 -> 0 | AE16: 0 | AH16: 40 | AI16: =AI15-AH16 -> 5192.1579 | AK16: =N16+O16+P16+Q16+R16+S16+T16+U16+X16+AE16+AH16 -> 43 | AL16: =IF(L16<0,L16*-1,0) -> 0 | AM16: =AK16+AL16 -> 43 | AO16: =IF(G16="","",IF(I16>=795,795-X16,I16-Q16-R16-X16-AF16)-AJ16) -> 19.115322 | AW16: 0 | AX16: 51 | AY16: 22 | BA16: =SUM(N16,P16:U16) -> 3 | BB16: 0.487 | BC16: 15855 | BE16: =BE15+1 -> 2 | BF16: 6901.39 | BG16: =B16-BF16 -> 0 | BH16: 27.595833 | BI16: =AH16-BH16 -> 12.404167
A17: =A16+1 -> 3 | B17: 6901.4 | C17: =IF(B17="",C16,VLOOKUP(TRUNC(B17,1),VLOOKUP!$A$3:$K$2834,RIGHT(TEXT(B17,"0000.00"),1)+2,FALSE)) -> 288775 | D17: =C17-C16 -> 37 | E17: =C17-152000 -> 136775 | F17: =D17/$D$2 -> 18.653895 | G17: 30.4 | H17: 0 | I17: =G17+H17 -> 30.4 | J17: =IF(L17>0,L17,0) -> 31.753895 | K17: =I17+J17 -> 62.153895 | L17: =IF(G17="",0,F17-(I17-AK17)) -> 31.753895 | M17: 3.5 | N17: 0 | O17: =0*1.05 -> 0 | P17: 0 | Q17: =1114600/325851/1.9835*1.02 -> 1.7590085 | R17: 0 | S17: =IF(((2.1*1.04)-T17)>=4.2,4.2,(2.1*1.04)-T17) -> 1.7216534 | T17: =(0.4194*1.06)*1.04 -> 0.46234656 | U17: =M17-(Q17+R17+S17+T17) -> -0.44300854 | V17: 0 | W17: 0 | X17: =MAX(0,M17-N17-P17-O17-Q17-R17-S17-T17-U17+V17+W17-AU17+AS17) -> 5.5511151e-17 | Y17: =X17-AP17 -> 5.5511151e-17 | AE17: 0 | AH17: 40 | AI17: =AI16-AH17 -> 5152.1579 | AK17: =N17+O17+P17+Q17+R17+S17+T17+U17+X17+AE17+AH17 -> 43.5 | AL17: =IF(L17<0,L17*-1,0) -> 0 | AM17: =AK17+AL17 -> 43.5 | AO17: =IF(G17="","",IF(I17>=795,795-X17,I17-Q17-R17-X17-AF17)-AJ17) -> 28.640991 | AW17: 0 | AX17: 50 | AY17: 27 | BA17: =SUM(N17,P17:U17) -> 3.5 | BB17: 0.531 | BC17: 15853 | BE17: =BE16+1 -> 3 | BF17: 6901.39 | BG17: =B17-BF17 -> 0.01 | BH17: 27.74375 | BI17: =AH17-BH17 -> 12.25625
A18: =A17+1 -> 4 | B18: 6901.4 | C18: =IF(B18="",C17,VLOOKUP(TRUNC(B18,1),VLOOKUP!$A$3:$K$2834,RIGHT(TEXT(B18,"0000.00"),1)+2,FALSE)) -> 288775 | D18: =C18-C17 -> 0 | E18: =C18-152000 -> 136775 | F18: =D18/$D$2 -> 0 | G18: 33.5 | H18: 0 | I18: =G18+H18 -> 33.5 | J18: =IF(L18>0,L18,0) -> 10.2 | K18: =I18+J18 -> 43.7 | L18: =IF(G18="",0,F18-(I18-AK18)) -> 10.2 | M18: 3.7 | N18: 0 | O18: =0*1.05 -> 0 | P18: 0 | Q18: =1098200/325851/1.9835*1.02 -> 1.7331268 | R18: 0 | S18: =IF(((2.2*1.04)-T18)>=4.2,4.2,(2.2*1.04)-T18) -> 1.8256534 | T18: =(0.4194*1.06)*1.04 -> 0.46234656 | U18: =M18-(Q18+R18+S18+T18) -> -0.32112684 | V18: 0 | W18: 0 | X18: =MAX(0,M18-N18-P18-O18-Q18-R18-S18-T18-U18+V18+W18-AU18+AS18) -> 0 | Y18: =X18-AP18 -> 0 | AE18: 0 | AH18: 40 | AI18: =AI17-AH18 -> 5112.1579 | AK18: =N18+O18+P18+Q18+R18+S18+T18+U18+X18+AE18+AH18 -> 43.7 | AL18: =IF(L18<0,L18*-1,0) -> 0 | AM18: =AK18+AL18 -> 43.7 | AO18: =IF(G18="","",IF(I18>=795,795-X18,I18-Q18-R18-X18-AF18)-AJ18) -> 31.766873 | AW18: 0 | AX18: 53 | AY18: 30 | BA18: =SUM(N18,P18:U18) -> 3.7 | BB18: 0.716 | BC18: 15854 | BE18: =BE17+1 -> 4 | BF18: 6901.4 | BG18: =B18-BF18 -> 0 | BH18: 26.971717 | BI18: =AH18-BH18 -> 13.028283
A19: =A18+1 -> 5 | B19: 6901.41 | C19: =IF(B19="",C18,VLOOKUP(TRUNC(B19,1),VLOOKUP!$A$3:$K$2834,RIGHT(TEXT(B19,"0000.00"),1)+2,FALSE)) -> 288812 | D19: =C19-C18 -> 37 | E19: =C19-152000 -> 136812 | F19: =D19/$D$2 -> 18.653895 | G19: 33.3 | H19: 0 | I19: =G19+H19 -> 33.3 | J19: =IF(L19>0,L19,0) -> 27.953895 | K19: =I19+J19 -> 61.253895 | L19: =IF(G19="",0,F19-(I19-AK19)) -> 27.953895 | M19: 2.6 | N19: 0 | O19: =0*1.05 -> 0 | P19: 0 | Q19: =985900/325851/1.9835*1.02 -> 1.5559003 | R19: 0 | S19: =IF(((1.5*1.04)-T19)>=4.2,4.2,(1.5*1.04)-T19) -> 1.0976534 | T19: =(0.4194*1.06)*1.04 -> 0.46234656 | U19: =M19-(Q19+R19+S19+T19) -> -0.51590034 | V19: 0 | W19: 0 | X19: =MAX(0,M19-N19-P19-O19-Q19-R19-S19-T19-U19+V19+W19-AU19+AS19) -> 0 | Y19: =X19-AP19 -> 0 | AE19: 0 | AH19: 40 | AI19: =AI18-AH19 -> 5072.1579 | AK19: =N19+O19+P19+Q19+R19+S19+T19+U19+X19+AE19+AH19 -> 42.6 | AL19: =IF(L19<0,L19*-1,0) -> 0 | AM19: =AK19+AL19 -> 42.6 | AO19: =IF(G19="","",IF(I19>=795,795-X19,I19-Q19-R19-X19-AF19)-AJ19) -> 31.7441 | AW19: 0.12 | AX19: 44 | AY19: 30 | BA19: =SUM(N19,P19:U19) -> 2.6 | BB19: 0.813 | BC19: 15868 | BE19: =BE18+1 -> 5 | BF19: 6901.45 | BG19: =B19-BF19 -> -0.04 | BH19: 27.898958 | BI19: =AH19-BH19 -> 12.101042
A20: =A19+1 -> 6 | B20: 6901.43 | C20: =IF(B20="",C19,VLOOKUP(TRUNC(B20,1),VLOOKUP!$A$3:$K$2834,RIGHT(TEXT(B20,"0000.00"),1)+2,FALSE)) -> 288887 | D20: =C20-C19 -> 75 | E20: =C20-152000 -> 136887 | F20: =D20/$D$2 -> 37.811949 | G20: 28.8 | H20: 0 | I20: =G20+H20 -> 28.8 | J20: =IF(L20>0,L20,0) -> 51.911949 | K20: =I20+J20 -> 80.711949 | L20: =IF(G20="",0,F20-(I20-AK20)) -> 51.911949 | M20: 2.9 | N20: 0 | O20: =0*1.05 -> 0 | P20: 0 | Q20: =1022800/325851/1.9835*1.02 -> 1.6141342 | R20: 0 | S20: =IF(((1.8*1.04)-T20)>=4.2,4.2,(1.8*1.04)-T20) -> 1.3055869 | T20: =(0.5138*1.06)*1.04 -> 0.56641312 | U20: =M20-(Q20+R20+S20+T20) -> -0.58613416 | V20: 0 | W20: 0 | X20: =MAX(0,M20-N20-P20-O20-Q20-R20-S20-T20-U20+V20+W20-AU20+AS20) -> 0 | Y20: =X20-AP20 -> 0 | AE20: 0 | AH20: 40 | AI20: =AI19-AH20 -> 5032.1579 | AK20: =N20+O20+P20+Q20+R20+S20+T20+U20+X20+AE20+AH20 -> 42.9 | AL20: =IF(L20<0,L20*-1,0) -> 0 | AM20: =AK20+AL20 -> 42.9 | AO20: =IF(G20="","",IF(I20>=795,795-X20,I20-Q20-R20-X20-AF20)-AJ20) -> 27.185866 | AW20: 0.09 | AX20: 52 | AY20: 24 | BA20: =SUM(N20,P20:U20) -> 2.9 | BB20: 0.867 | BC20: 15874 | BE20: =BE19+1 -> 6 | BF20: 6901.45 | BG20: =B20-BF20 -> -0.02 | BH20: 27.78125 | BI20: =AH20-BH20 -> 12.21875
A21: =A20+1 -> 7 | B21: 6901.45 | C21: =IF(B21="",C20,VLOOKUP(TRUNC(B21,1),VLOOKUP!$A$3:$K$2834,RIGHT(TEXT(B21,"0000.00"),1)+2,FALSE)) -> 288962 | D21: =C21-C20 -> 75 | E21: =C21-152000 -> 136962 | F21: =D21/$D$2 -> 37.811949 | G21: 30.1 | H21: 0 | I21: =G21+H21 -> 30.1 | J21: =IF(L21>0,L21,0) -> 51.111949 | K21: =I21+J21 -> 81.211949 | L21: =IF(G21="",0,F21-(I21-AK21)) -> 51.111949 | M21: 3.4 | N21: 0 | O21: =0*1.05 -> 0 | P21: 0 | Q21: =943500/325851/1.9835*1.02 -> 1.4889867 | R21: 0 | S21: =IF(((1.7*1.04)-T21)>=4.2,4.2,(1.7*1.04)-T21) -> 1.2015869 | T21: =(0.5138*1.06)*1.04 -> 0.56641312 | U21: =M21-(Q21+R21+S21+T21) -> 0.14301332 | V21: 0 | W21: 0 | X21: =MAX(0,M21-N21-P21-O21-Q21-R21-S21-T21-U21+V21+W21-AU21+AS21) -> 0 | Y21: =X21-AP21 -> 0 | AE21: 0 | AH21: 40 | AI21: =AI20-AH21 -> 4992.1579 | AK21: =N21+O21+P21+Q21+R21+S21+T21+U21+X21+AE21+AH21 -> 43.4 | AL21: =IF(L21<0,L21*-1,0) -> 0 | AM21: =AK21+AL21 -> 43.4 | AO21: =IF(G21="","",IF(I21>=795,795-X21,I21-Q21-R21-X21-AF21)-AJ21) -> 28.611013 | AW21: 0.17 | AX21: 53 | AY21: 28 | BA21: =SUM(N21,P21:U21) -> 3.4 | BB21: 0.975 | BC21: 15873 | BE21: =BE20+1 -> 7 | BF21: 6901.47 | BG21: =B21-BF21 -> -0.02 | BH21: 27.898958 | BI21: =AH21-BH21 -> 12.101042
A22: =A21+1 -> 8 | B22: 6901.5 | C22: =IF(B22="",C21,VLOOKUP(TRUNC(B22,1),VLOOKUP!$A$3:$K$2834,RIGHT(TEXT(B22,"0000.00"),1)+2,FALSE)) -> 289148 | D22: =C22-C21 -> 186 | E22: =C22-152000 -> 137148 | F22: =D22/$D$2 -> 93.773632 | G22: 36.3 | H22: 0 | I22: =G22+H22 -> 36.3 | J22: =IF(L22>0,L22,0) -> 99.473632 | K22: =I22+J22 -> 135.77363 | L22: =IF(G22="",0,F22-(I22-AK22)) -> 99.473632 | M22: 2 | N22: 0 | O22: =0*1.05 -> 0 | P22: 0 | Q22: =1378100/325851/1.9835*1.02 -> 2.1748517 | R22: 0 | S22: =IF(((2.3*1.04)-T22)>=4.2,4.2,(2.3*1.04)-T22) -> 1.8255869 | T22: =(0.5138*1.06)*1.04 -> 0.56641312 | U22: =M22-(Q22+R22+S22+T22) -> -2.5668517 | V22: 0 | W22: 0 | X22: =MAX(0,M22-N22-P22-O22-Q22-R22-S22-T22-U22+V22+W22-AU22+AS22) -> 0 | Y22: =X22-AP22 -> 0 | AE22: 0 | AH22: 40 | AI22: =AI21-AH22 -> 4952.1579 | AK22: =N22+O22+P22+Q22+R22+S22+T22+U22+X22+AE22+AH22 -> 42 | AL22: =IF(L22<0,L22*-1,0) -> 0 | AM22: =AK22+AL22 -> 42 | AO22: =IF(G22="","",IF(I22>=795,795-X22,I22-Q22-R22-X22-AF22)-AJ22) -> 34.125148 | AW22: 0.29 | AX22: 45 | AY22: 31 | BA22: =SUM(N22,P22:U22) -> 2 | BB22: 0.975 | BC22: 15883 | BE22: =BE21+1 -> 8 | BF22: 6901.51 | BG22: =B22-BF22 -> -0.01 | BH22: 27.864583 | BI22: =AH22-BH22 -> 12.135417
A23: =A22+1 -> 9 | B23: 6901.5 | C23: =IF(B23="",C22,VLOOKUP(TRUNC(B23,1),VLOOKUP!$A$3:$K$2834,RIGHT(TEXT(B23,"0000.00"),1)+2,FALSE)) -> 289148 | D23: =C23-C22 -> 0 | E23: =C23-152000 -> 137148 | F23: =D23/$D$2 -> 0 | G23: 29.5 | H23: 0 | I23: =G23+H23 -> 29.5 | J23: =IF(L23>0,L23,0) -> 13.9 | K23: =I23+J23 -> 43.4 | L23: =IF(G23="",0,F23-(I23-AK23)) -> 13.9 | M23: 3.4 | N23: 0 | O23: =0*1.05 -> 0 | P23: 0 | Q23: =1029100/325851/1.9835*1.02 -> 1.6240765 | R23: 0 | S23: =IF(((2.7*1.04)-T23)>=4.2,4.2,(2.7*1.04)-T23) -> 2.2415869 | T23: =(0.5138*1.06)*1.04 -> 0.56641312 | U23: =M23-(Q23+R23+S23+T23) -> -1.0320765 | V23: 0 | W23: 0 | X23: =MAX(0,M23-N23-P23-O23-Q23-R23-S23-T23-U23+V23+W23-AU23+AS23) -> 0 | Y23: =X23-AP23 -> 0 | AE23: 0 | AH23: 40 | AI23: =AI22-AH23 -> 4912.1579 | AK23: =N23+O23+P23+Q23+R23+S23+T23+U23+X23+AE23+AH23 -> 43.4 | AL23: =IF(L23<0,L23*-1,0) -> 0 | AM23: =AK23+AL23 -> 43.4 | AO23: =IF(G23="","",IF(I23>=795,795-X23,I23-Q23-R23-X23-AF23)-AJ23) -> 27.875923 | AW23: 0.08 | AX23: 50 | AY23: 24 | BA23: =SUM(N23,P23:U23) -> 3.4 | BB23: 0.975 | BC23: 15905 | BE23: =BE22+1 -> 9 | BF23: 6901.51 | BG23: =B23-BF23 -> -0.01 | BH23: 27.880208 | BI23: =AH23-BH23 -> 12.119792
A24: =A23+1 -> 10 | B24: 6901.5 | C24: =IF(B24="",C23,VLOOKUP(TRUNC(B24,1),VLOOKUP!$A$3:$K$2834,RIGHT(TEXT(B24,"0000.00"),1)+2,FALSE)) -> 289148 | D24: =C24-C23 -> 0 | E24: =C24-152000 -> 137148 | F24: =D24/$D$2 -> 0 | G24: 19.1 | H24: 0 | I24: =G24+H24 -> 19.1 | J24: =IF(L24>0,L24,0) -> 23.3 | K24: =I24+J24 -> 42.4 | L24: =IF(G24="",0,F24-(I24-AK24)) -> 23.3 | M24: 2.4 | N24: 0 | O24: =0*1.05 -> 0 | P24: 0 | Q24: =797300/325851/1.9835*1.02 -> 1.2582608 | R24: 0 | S24: =IF(((2.7*1.04)-T24)>=4.2,4.2,(2.7*1.04)-T24) -> 2.2415869 | T24: =(0.5138*1.06)*1.04 -> 0.56641312 | U24: =M24-(Q24+R24+S24+T24) -> -1.6662608 | V24: 0 | W24: 0 | X24: =MAX(0,M24-N24-P24-O24-Q24-R24-S24-T24-U24+V24+W24-AU24+AS24) -> 0 | Y24: =X24-AP24 -> 0 | AE24: 0 | AH24: 40 | AI24: =AI23-AH24 -> 4872.1579 | AK24: =N24+O24+P24+Q24+R24+S24+T24+U24+X24+AE24+AH24 -> 42.4 | AL24: =IF(L24<0,L24*-1,0) -> 0 | AM24: =AK24+AL24 -> 42.4 | AO24: =IF(G24="","",IF(I24>=795,795-X24,I24-Q24-R24-X24-AF24)-AJ24) -> 17.841739 | AW24: 0 | AX24: 46 | AY24: 19 | BA24: =SUM(N24,P24:U24) -> 2.4 | BB24: 0.975 | BC24: 15906 | BE24: =BE23+1 -> 10 | BF24: 6901.51 | BG24: =B24-BF24 -> -0.01 | BH24: 27.165306 | BI24: =AH24-BH24 -> 12.834694
A25: =A24+1 -> 11 | B25: 6901.5 | C25: =IF(B25="",C24,VLOOKUP(TRUNC(B25,1),VLOOKUP!$A$3:$K$2834,RIGHT(TEXT(B25,"0000.00"),1)+2,FALSE)) -> 289148 | D25: =C25-C24 -> 0 | E25: =C25-152000 -> 137148 | F25: =D25/$D$2 -> 0 | G25: 18.2 | H25: 0 | I25: =G25+H25 -> 18.2 | J25: =IF(L25>0,L25,0) -> 22.37 | K25: =I25+J25 -> 40.57 | L25: =IF(G25="",0,F25-(I25-AK25)) -> 22.37 | M25: 0.57 | N25: 0 | O25: =0*1.05 -> 0 | P25: 0 | Q25: =980900/325851/1.9835*1.02 -> 1.5480096 | R25: 0 | S25: 0 | T25: =(0.5138*1.06)*1.04 -> 0.56641312 | U25: =M25-(Q25+R25+S25+T25) -> -1.5444227 | V25: 0 | W25: 0 | X25: =MAX(0,M25-N25-P25-O25-Q25-R25-S25-T25-U25+V25+W25-AU25+AS25) -> 0 | Y25: =X25-AP25 -> 0 | AE25: 0 | AH25: 40 | AI25: =AI24-AH25 -> 4832.1579 | AK25: =N25+O25+P25+Q25+R25+S25+T25+U25+X25+AE25+AH25 -> 40.57 | AL25: =IF(L25<0,L25*-1,0) -> 0 | AM25: =AK25+AL25 -> 40.57 | AO25: =IF(G25="","",IF(I25>=795,795-X25,I25-Q25-R25-X25-AF25)-AJ25) -> 16.65199 | AW25: 0 | AX25: 46 | AY25: 21 | BA25: =SUM(N25,P25:U25) -> 0.57 | BB25: 0.975 | BC25: 15905 | BE25: =BE24+1 -> 11 | BF25: 6901.51 | BG25: =B25-BF25 -> -0.01 | BH25: 27.469792 | BI25: =AH25-BH25 -> 12.530208
A26: =A25+1 -> 12 | B26: 6901.5 | C26: =IF(B26="",C25,VLOOKUP(TRUNC(B26,1),VLOOKUP!$A$3:$K$2834,RIGHT(TEXT(B26,"0000.00"),1)+2,FALSE)) -> 289148 | D26: =C26-C25 -> 0 | E26: =C26-152000 -> 137148 | F26: =D26/$D$2 -> 0 | G26: 29.6 | H26: 0 | I26: =G26+H26 -> 29.6 | J26: =IF(L26>0,L26,0) -> 11.8 | K26: =I26+J26 -> 41.4 | L26: =IF(G26="",0,F26-(I26-AK26)) -> 11.8 | M26: 1.4 | N26: 0 | O26: =0*1.05 -> 0 | P26: 0 | Q26: =1050200/325851/1.9835*1.02 -> 1.6573755 | R26: 0 | S26: 0 | T26: =(0.5138*1.06)*1.04 -> 0.56641312 | U26: =M26-(Q26+R26+S26+T26) -> -0.82378865 | V26: 0 | W26: 0 | X26: =MAX(0,M26-N26-P26-O26-Q26-R26-S26-T26-U26+V26+W26-AU26+AS26) -> 0 | Y26: =X26-AP26 -> 0 | AE26: 0 | AH26: 40 | AI26: =AI25-AH26 -> 4792.1579 | AK26: =N26+O26+P26+Q26+R26+S26+T26+U26+X26+AE26+AH26 -> 41.4 | AL26: =IF(L26<0,L26*-1,0) -> 0 | AM26: =AK26+AL26 -> 41.4 | AO26: =IF(G26="","",IF(I26>=795,795-X26,I26-Q26-R26-X26-AF26)-AJ26) -> 27.942624 | AW26: 0 | AX26: 48 | AY26: 21 | BA26: =SUM(N26,P26:U26) -> 1.4 | BB26: 0.975 | BC26: 15905 | BE26: =BE25+1 -> 12 | BF26: 6901.51 | BG26: =B26-BF26 -> -0.01 | BH26: 27.272917 | BI26: =AH26-BH26 -> 12.727083
A27: =A26+1 -> 13 | B27: 6901.5 | C27: =IF(B27="",C26,VLOOKUP(TRUNC(B27,1),VLOOKUP!$A$3:$K$2834,RIGHT(TEXT(B27,"0000.00"),1)+2,FALSE)) -> 289148 | D27: =C27-C26 -> 0 | E27: =C27-152000 -> 137148 | F27: =D27/$D$2 -> 0 | G27: 39.7 | H27: 0 | I27: =G27+H27 -> 39.7 | J27: =IF(L27>0,L27,0) -> 0.3 | K27: =I27+J27 -> 40 | L27: =IF(G27="",0,F27-(I27-AK27)) -> 0.3 | M27: 0 | N27: 0 | O27: =0*1.05 -> 0 | P27: 0 | Q27: =931600/325851/1.9835*1.02 -> 1.4702067 | R27: 0 | S27: 0 | T27: =(0.4883*1.06)*1.04 -> 0.53830192 | U27: =M27-(Q27+R27+S27+T27) -> -2.0085086 | V27: 0 | W27: 0 | X27: =MAX(0,M27-N27-P27-O27-Q27-R27-S27-T27-U27+V27+W27-AU27+AS27) -> 0 | Y27: =X27-AP27 -> 0 | AE27: 0 | AH27: 40 | AI27: =AI26-AH27 -> 4752.1579 | AK27: =N27+O27+P27+Q27+R27+S27+T27+U27+X27+AE27+AH27 -> 40 | AL27: =IF(L27<0,L27*-1,0) -> 0 | AM27: =AK27+AL27 -> 40 | AO27: =IF(G27="","",IF(I27>=795,795-X27,I27-Q27-R27-X27-AF27)-AJ27) -> 38.229793 | AW27: 0 | AX27: 49 | AY27: 28 | BA27: =SUM(N27,P27:U27) -> 0 | BB27: 1.2 | BC27: 15905 | BE27: =BE26+1 -> 13 | BF27: 6901.51 | BG27: =B27-BF27 -> -0.01 | BH27: 27.839583 | BI27: =AH27-BH27 -> 12.160417
A28: =A27+1 -> 14 | B28: 6901.5 | C28: =IF(B28="",C27,VLOOKUP(TRUNC(B28,1),VLOOKUP!$A$3:$K$2834,RIGHT(TEXT(B28,"0000.00"),1)+2,FALSE)) -> 289148 | D28: =C28-C27 -> 0 | E28: =C28-152000 -> 137148 | F28: =D28/$D$2 -> 0 | G28: 42.9 | H28: 0 | I28: =G28+H28 -> 42.9 | J28: =IF(L28>0,L28,0) -> 0 | K28: =I28+J28 -> 42.9 | L28: =IF(G28="",0,F28-(I28-AK28)) -> -1.98 | M28: 0.92 | N28: 0 | O28: =0*1.05 -> 0 | P28: 0 | Q28: =956000/325851/1.9835*1.02 -> 1.5087136 | R28: 0 | S28: 0 | T28: =(0.4883*1.06)*1.04 -> 0.53830192 | U28: =M28-(Q28+R28+S28+T28) -> -1.1270155 | V28: 0 | W28: 0 | X28: =MAX(0,M28-N28-P28-O28-Q28-R28-S28-T28-U28+V28+W28-AU28+AS28) -> 2.220446e-16 | Y28: =X28-AP28 -> 2.220446e-16 | AE28: 0 | AH28: 40 | AI28: =AI27-AH28 -> 4712.1579 | AK28: =N28+O28+P28+Q28+R28+S28+T28+U28+X28+AE28+AH28 -> 40.92 | AL28: =IF(L28<0,L28*-1,0) -> 1.98 | AM28: =AK28+AL28 -> 42.9 | AO28: =IF(G28="","",IF(I28>=795,795-X28,I28-Q28-R28-X28-AF28)-AJ28) -> 41.391286 | AW28: 0.04 | AX28: 46 | AY28: 31 | BA28: =SUM(N28,P28:U28) -> 0.92 | BB28: 1.3 | BC28: 15909 | BE28: =BE27+1 -> 14 | BF28: 6901.51 | BG28: =B28-BF28 -> -0.01 | BH28: 27.81875 | BI28: =AH28-BH28 -> 12.18125
A29: =A28+1 -> 15 | B29: 6901.5 | C29: =IF(B29="",C28,VLOOKUP(TRUNC(B29,1),VLOOKUP!$A$3:$K$2834,RIGHT(TEXT(B29,"0000.00"),1)+2,FALSE)) -> 289148 | D29: =C29-C28 -> 0 | E29: =C29-152000 -> 137148 | F29: =D29/$D$2 -> 0 | G29: 37.8 | H29: 0 | I29: =G29+H29 -> 37.8 | J29: =IF(L29>0,L29,0) -> 3.05 | K29: =I29+J29 -> 40.85 | L29: =IF(G29="",0,F29-(I29-AK29)) -> 3.05 | M29: 0.85 | N29: 0 | O29: =0*1.05 -> 0 | P29: 0 | Q29: =1063200/325851/1.9835*1.02 -> 1.6778915 | R29: 0 | S29: 0 | T29: =(0.4883*1.06)*1.04 -> 0.53830192 | U29: =M29-(Q29+R29+S29+T29) -> -1.3661934 | V29: 0 | W29: 0 | X29: =MAX(0,M29-N29-P29-O29-Q29-R29-S29-T29-U29+V29+W29-AU29+AS29) -> 0 | Y29: =X29-AP29 -> 0 | AE29: 0 | AH29: 40 | AI29: =AI28-AH29 -> 4672.1579 | AK29: =N29+O29+P29+Q29+R29+S29+T29+U29+X29+AE29+AH29 -> 40.85 | AL29: =IF(L29<0,L29*-1,0) -> 0 | AM29: =AK29+AL29 -> 40.85 | AO29: =IF(G29="","",IF(I29>=795,795-X29,I29-Q29-R29-X29-AF29)-AJ29) -> 36.122108 | AW29: 0.09 | AX29: 36 | AY29: 18 | BA29: =SUM(N29,P29:U29) -> 0.85 | BB29: 1.3 | BC29: 15915 | BE29: =BE28+1 -> 15 | BF29: 6901.51 | BG29: =B29-BF29 -> -0.01 | BH29: 27.794792 | BI29: =AH29-BH29 -> 12.205208
A30: =A29+1 -> 16 | B30: 6901.49 | C30: =IF(B30="",C29,VLOOKUP(TRUNC(B30,1),VLOOKUP!$A$3:$K$2834,RIGHT(TEXT(B30,"0000.00"),1)+2,FALSE)) -> 289111 | D30: =C30-C29 -> -37 | E30: =C30-152000 -> 137111 | F30: =D30/$D$2 -> -18.653895 | G30: 30.5 | H30: 0 | I30: =G30+H30 -> 30.5 | J30: =IF(L30>0,L30,0) -> 0 | K30: =I30+J30 -> 30.5 | L30: =IF(G30="",0,F30-(I30-AK30)) -> -8.0538946 | M30: 1.1 | N30: 0 | O30: =0*1.05 -> 0 | P30: 0 | Q30: =1007700/325851/1.9835*1.02 -> 1.5903041 | R30: 0 | S30: 0 | T30: =(0.4883*1.06)*1.04 -> 0.53830192 | U30: =M30-(Q30+R30+S30+T30) -> -1.028606 | V30: 0 | W30: 0 | X30: =MAX(0,M30-N30-P30-O30-Q30-R30-S30-T30-U30+V30+W30-AU30+AS30) -> 0 | Y30: =X30-AP30 -> 0 | AE30: 0 | AH30: 40 | AI30: =AI29-AH30 -> 4632.1579 | AK30: =N30+O30+P30+Q30+R30+S30+T30+U30+X30+AE30+AH30 -> 41.1 | AL30: =IF(L30<0,L30*-1,0) -> 8.0538946 | AM30: =AK30+AL30 -> 49.153895 | AO30: =IF(G30="","",IF(I30>=795,795-X30,I30-Q30-R30-X30-AF30)-AJ30) -> 28.909696 | AW30: 0 | AX30: 30 | AY30: 9 | BA30: =SUM(N30,P30:U30) -> 1.1 | BB30: 1.3 | BC30: 15924 | BE30: =BE29+1 -> 16 | BF30: 6901.5 | BG30: =B30-BF30 -> -0.01 | BH30: 27.05 | BI30: =AH30-BH30 -> 12.95
A31: =A30+1 -> 17 | B31: 6901.48 | C31: =IF(B31="",C30,VLOOKUP(TRUNC(B31,1),VLOOKUP!$A$3:$K$2834,RIGHT(TEXT(B31,"0000.00"),1)+2,FALSE)) -> 289074 | D31: =C31-C30 -> -37 | E31: =C31-152000 -> 137074 | F31: =D31/$D$2 -> -18.653895 | G31: 28.2 | H31: 0 | I31: =G31+H31 -> 28.2 | J31: =IF(L31>0,L31,0) -> 0 | K31: =I31+J31 -> 28.2 | L31: =IF(G31="",0,F31-(I31-AK31)) -> -4.4538946 | M31: 2.4 | N31: 0 | O31: =0*1.05 -> 0 | P31: 0 | Q31: =926800/325851/1.9835*1.02 -> 1.4626315 | R31: 0 | S31: 0 | T31: =(0.4883*1.06)*1.04 -> 0.53830192 | U31: =M31-(Q31+R31+S31+T31) -> 0.39906654 | V31: 0 | W31: 0 | X31: =MAX(0,M31-N31-P31-O31-Q31-R31-S31-T31-U31+V31+W31-AU31+AS31) -> 1.110223e-16 | Y31: =X31-AP31 -> 1.110223e-16 | AE31: 0 | AH31: 40 | AI31: =AI30-AH31 -> 4592.1579 | AK31: =N31+O31+P31+Q31+R31+S31+T31+U31+X31+AE31+AH31 -> 42.4 | AL31: =IF(L31<0,L31*-1,0) -> 4.4538946 | AM31: =AK31+AL31 -> 46.853895 | AO31: =IF(G31="","",IF(I31>=795,795-X31,I31-Q31-R31-X31-AF31)-AJ31) -> 26.737368 | AW31: 0 | AX31: 37 | AY31: 5 | BA31: =SUM(N31,P31:U31) -> 2.4 | BB31: 1.3 | BC31: 15926 | BE31: =BE30+1 -> 17 | BF31: 6901.47 | BG31: =B31-BF31 -> 0.01 | BH31: 27.087755 | BI31: =AH31-BH31 -> 12.912245
A32: =A31+1 -> 18 | B32: 6901.45 | C32: =IF(B32="",C31,VLOOKUP(TRUNC(B32,1),VLOOKUP!$A$3:$K$2834,RIGHT(TEXT(B32,"0000.00"),1)+2,FALSE)) -> 288962 | D32: =C32-C31 -> -112 | E32: =C32-152000 -> 136962 | F32: =D32/$D$2 -> -56.465843 | G32: 29.4 | H32: 0 | I32: =G32+H32 -> 29.4 | J32: =IF(L32>0,L32,0) -> 0 | K32: =I32+J32 -> 29.4 | L32: =IF(G32="",0,F32-(I32-AK32)) -> -41.765843 | M32: 4.1 | N32: 0 | O32: =0*1.05 -> 0 | P32: 0 | Q32: =1092100/325851/1.9835*1.02 -> 1.7235001 | R32: 0 | S32: =IF(((1.4*1.04)-T32)>=4.2,4.2,(1.4*1.04)-T32) -> 0.91769808 | T32: =(0.4883*1.06)*1.04 -> 0.53830192 | U32: =M32-(Q32+R32+S32+T32) -> 0.92049989 | V32: 0 | W32: 0 | X32: =MAX(0,M32-N32-P32-O32-Q32-R32-S32-T32-U32+V32+W32-AU32+AS32) -> 0 | Y32: =X32-AP32 -> 0 | AE32: 0 | AH32: 40 | AI32: =AI31-AH32 -> 4552.1579 | AK32: =N32+O32+P32+Q32+R32+S32+T32+U32+X32+AE32+AH32 -> 44.1 | AL32: =IF(L32<0,L32*-1,0) -> 41.765843 | AM32: =AK32+AL32 -> 85.865843 | AO32: =IF(G32="","",IF(I32>=795,795-X32,I32-Q32-R32-X32-AF32)-AJ32) -> 27.6765 | AW32: 0.065 | AX32: 46 | AY32: 11 | BA32: =SUM(N32,P32:U32) -> 4.1 | BB32: 1.3 | BC32: 15924 | BE32: =BE31+1 -> 18 | BF32: 6901.46 | BG32: =B32-BF32 -> -0.01 | BH32: 27.38866 | BI32: =AH32-BH32 -> 12.61134
A33: =A32+1 -> 19 | B33: 6901.44 | C33: =IF(B33="",C32,VLOOKUP(TRUNC(B33,1),VLOOKUP!$A$3:$K$2834,RIGHT(TEXT(B33,"0000.00"),1)+2,FALSE)) -> 288924 | D33: =C33-C32 -> -38 | E33: =C33-152000 -> 136924 | F33: =D33/$D$2 -> -19.158054 | G33: 28.9 | H33: 0 | I33: =G33+H33 -> 28.9 | J33: =IF(L33>0,L33,0) -> 0 | K33: =I33+J33 -> 28.9 | L33: =IF(G33="",0,F33-(I33-AK33)) -> -4.6580539 | M33: 3.4 | N33: 0 | O33: =0*1.05 -> 0 | P33: 0 | Q33: =866400/325851/1.9835*1.02 -> 1.3673111 | R33: 0 | S33: =IF(((2.7*1.04)-T33)>=4.2,4.2,(2.7*1.04)-T33) -> 2.2696981 | T33: =(0.4883*1.06)*1.04 -> 0.53830192 | U33: =M33-(Q33+R33+S33+T33) -> -0.77531114 | V33: 0 | W33: 0 | X33: =MAX(0,M33-N33-P33-O33-Q33-R33-S33-T33-U33+V33+W33-AU33+AS33) -> 3.3306691e-16 | Y33: =X33-AP33 -> 3.3306691e-16 | AE33: 0 | AH33: 40 | AI33: =AI32-AH33 -> 4512.1579 | AK33: =N33+O33+P33+Q33+R33+S33+T33+U33+X33+AE33+AH33 -> 43.4 | AL33: =IF(L33<0,L33*-1,0) -> 4.6580539 | AM33: =AK33+AL33 -> 48.058054 | AO33: =IF(G33="","",IF(I33>=795,795-X33,I33-Q33-R33-X33-AF33)-AJ33) -> 27.532689 | AW33: 0 | AX33: 41 | AY33: 20 | BA33: =SUM(N33,P33:U33) -> 3.4 | BB33: 1.3 | BC33: 15924 | BE33: =BE32+1 -> 19 | BF33: 6901.45 | BG33: =B33-BF33 -> -0.01 | BH33: 26.635714 | BI33: =AH33-BH33 -> 13.364286
A34: =A33+1 -> 20 | B34: 6901.43 | C34: =IF(B34="",C33,VLOOKUP(TRUNC(B34,1),VLOOKUP!$A$3:$K$2834,RIGHT(TEXT(B34,"0000.00"),1)+2,FALSE)) -> 288887 | D34: =C34-C33 -> -37 | E34: =C34-152000 -> 136887 | F34: =D34/$D$2 -> -18.653895 | G34: 29.6 | H34: 0 | I34: =G34+H34 -> 29.6 | J34: =IF(L34>0,L34,0) -> 0 | K34: =I34+J34 -> 29.6 | L34: =IF(G34="",0,F34-(I34-AK34)) -> -4.5538946 | M34: 3.7 | N34: 0 | O34: =0*1.05 -> 0 | P34: 0 | Q34: =1126900/325851/1.9835*1.02 -> 1.7784198 | R34: 0 | S34: =IF(((2.7*1.04)-T34)>=4.2,4.2,(2.7*1.04)-T34) -> 2.2211925 | T34: =(0.5323*1.06)*1.04 -> 0.58680752 | U34: =M34-(Q34+R34+S34+T34) -> -0.88641981 | V34: 0 | W34: 0 | X34: =MAX(0,M34-N34-P34-O34-Q34-R34-S34-T34-U34+V34+W34-AU34+AS34) -> 0 | Y34: =X34-AP34 -> 0 | AE34: 0 | AH34: 40 | AI34: =AI33-AH34 -> 4472.1579 | AK34: =N34+O34+P34+Q34+R34+S34+T34+U34+X34+AE34+AH34 -> 43.7 | AL34: =IF(L34<0,L34*-1,0) -> 4.5538946 | AM34: =AK34+AL34 -> 48.253895 | AO34: =IF(G34="","",IF(I34>=795,795-X34,I34-Q34-R34-X34-AF34)-AJ34) -> 27.82158 | AW34: 0 | AX34: 45 | AY34: 16 | BA34: =SUM(N34,P34:U34) -> 3.7 | BB34: 1.3 | BC34: 15923 | BE34: =BE33+1 -> 20 | BF34: 6901.44 | BG34: =B34-BF34 -> -0.01 | BH34: 27.8875 | BI34: =AH34-BH34 -> 12.1125
A35: =A34+1 -> 21 | B35: 6901.43 | C35: =IF(B35="",C34,VLOOKUP(TRUNC(B35,1),VLOOKUP!$A$3:$K$2834,RIGHT(TEXT(B35,"0000.00"),1)+2,FALSE)) -> 288887 | D35: =C35-C34 -> 0 | E35: =C35-152000 -> 136887 | F35: =D35/$D$2 -> 0 | G35: 32.8 | H35: 0 | I35: =G35+H35 -> 32.8 | J35: =IF(L35>0,L35,0) -> 12.1 | K35: =I35+J35 -> 44.9 | L35: =IF(G35="",0,F35-(I35-AK35)) -> 12.1 | M35: 4.9 | N35: 0 | O35: =0*1.05 -> 0 | P35: 0 | Q35: =1003100/325851/1.9835*1.02 -> 1.5830446 | R35: 0 | S35: =IF(((2.7*1.04)-T35)>=4.2,4.2,(2.7*1.04)-T35) -> 2.2211925 | T35: =(0.5323*1.06)*1.04 -> 0.58680752 | U35: =M35-(Q35+R35+S35+T35) -> 0.50895544 | V35: 0 | W35: 0 | X35: =MAX(0,M35-N35-P35-O35-Q35-R35-S35-T35-U35+V35+W35-AU35+AS35) -> 0 | Y35: =X35-AP35 -> 0 | AE35: 0 | AH35: 40 | AI35: =AI34-AH35 -> 4432.1579 | AK35: =N35+O35+P35+Q35+R35+S35+T35+U35+X35+AE35+AH35 -> 44.9 | AL35: =IF(L35<0,L35*-1,0) -> 0 | AM35: =AK35+AL35 -> 44.9 | AO35: =IF(G35="","",IF(I35>=795,795-X35,I35-Q35-R35-X35-AF35)-AJ35) -> 31.216955 | AW35: 0.04 | AX35: 51 | AY35: 20 | BA35: =SUM(N35,P35:U35) -> 4.9 | BB35: 1.3 | BC35: 15921 | BE35: =BE34+1 -> 21 | BF35: 6901.43 | BG35: =B35-BF35 -> 0 | BH35: 27.829167 | BI35: =AH35-BH35 -> 12.170833
A36: =A35+1 -> 22 | B36: 6901.42 | C36: =IF(B36="",C35,VLOOKUP(TRUNC(B36,1),VLOOKUP!$A$3:$K$2834,RIGHT(TEXT(B36,"0000.00"),1)+2,FALSE)) -> 288850 | D36: =C36-C35 -> -37 | E36: =C36-152000 -> 136850 | F36: =D36/$D$2 -> -18.653895 | G36: 36.1 | H36: 0 | I36: =G36+H36 -> 36.1 | J36: =IF(L36>0,L36,0) -> 0 | K36: =I36+J36 -> 36.1 | L36: =IF(G36="",0,F36-(I36-AK36)) -> -11.653895 | M36: 3.1 | N36: 0 | O36: =0*1.05 -> 0 | P36: 0 | Q36: =1055800/325851/1.9835*1.02 -> 1.6662132 | R36: 0 | S36: =IF(((2.7*1.04)-T36)>=4.2,4.2,(2.7*1.04)-T36) -> 2.2211925 | T36: =(0.5323*1.06)*1.04 -> 0.58680752 | U36: =M36-(Q36+R36+S36+T36) -> -1.3742132 | V36: 0 | W36: 0 | X36: =MAX(0,M36-N36-P36-O36-Q36-R36-S36-T36-U36+V36+W36-AU36+AS36) -> 2.220446e-16 | Y36: =X36-AP36 -> 2.220446e-16 | AE36: 0 | AH36: 40 | AI36: =AI35-AH36 -> 4392.1579 | AK36: =N36+O36+P36+Q36+R36+S36+T36+U36+X36+AE36+AH36 -> 43.1 | AL36: =IF(L36<0,L36*-1,0) -> 11.653895 | AM36: =AK36+AL36 -> 54.753895 | AO36: =IF(G36="","",IF(I36>=795,795-X36,I36-Q36-R36-X36-AF36)-AJ36) -> 34.433787 | AW36: 0 | AX36: 54 | AY36: 27 | BA36: =SUM(N36,P36:U36) -> 3.1 | BB36: 1.3 | BC36: 15920 | BE36: =BE35+1 -> 22 | BF36: 6901.41 | BG36: =B36-BF36 -> 0.01 | BH36: 27.775 | BI36: =AH36-BH36 -> 12.225
A37: =A36+1 -> 23 | B37: 6901.42 | C37: =IF(B37="",C36,VLOOKUP(TRUNC(B37,1),VLOOKUP!$A$3:$K$2834,RIGHT(TEXT(B37,"0000.00"),1)+2,FALSE)) -> 288850 | D37: =C37-C36 -> 0 | E37: =C37-152000 -> 136850 | F37: =D37/$D$2 -> 0 | G37: 39.1 | H37: 0 | I37: =G37+H37 -> 39.1 | J37: =IF(L37>0,L37,0) -> 4 | K37: =I37+J37 -> 43.1 | L37: =IF(G37="",0,F37-(I37-AK37)) -> 4 | M37: 3.1 | N37: 0 | O37: =0*1.05 -> 0 | P37: 0 | Q37: =1060600/325851/1.9835*1.02 -> 1.6737883 | R37: 0 | S37: =IF(((2.7*1.04)-T37)>=4.2,4.2,(2.7*1.04)-T37) -> 2.2211925 | T37: =(0.5323*1.06)*1.04 -> 0.58680752 | U37: =M37-(Q37+R37+S37+T37) -> -1.3817883 | V37: 0 | W37: 0 | X37: =MAX(0,M37-N37-P37-O37-Q37-R37-S37-T37-U37+V37+W37-AU37+AS37) -> 2.220446e-16 | Y37: =X37-AP37 -> 2.220446e-16 | AE37: 0 | AH37: 40 | AI37: =AI36-AH37 -> 4352.1579 | AK37: =N37+O37+P37+Q37+R37+S37+T37+U37+X37+AE37+AH37 -> 43.1 | AL37: =IF(L37<0,L37*-1,0) -> 0 | AM37: =AK37+AL37 -> 43.1 | AO37: =IF(G37="","",IF(I37>=795,795-X37,I37-Q37-R37-X37-AF37)-AJ37) -> 37.426212 | AW37: 0 | AX37: 49 | AY37: 28 | BA37: =SUM(N37,P37:U37) -> 3.1 | BB37: 1.3 | BC37: 15920 | BE37: =BE36+1 -> 23 | BF37: 6901.41 | BG37: =B37-BF37 -> 0.01 | BH37: 27.495833 | BI37: =AH37-BH37 -> 12.504167
A38: =A37+1 -> 24 | B38: 6901.43 | C38: =IF(B38="",C37,VLOOKUP(TRUNC(B38,1),VLOOKUP!$A$3:$K$2834,RIGHT(TEXT(B38,"0000.00"),1)+2,FALSE)) -> 288887 | D38: =C38-C37 -> 37 | E38: =C38-152000 -> 136887 | F38: =D38/$D$2 -> 18.653895 | G38: 42 | H38: 0 | I38: =G38+H38 -> 42 | J38: =IF(L38>0,L38,0) -> 20.553895 | K38: =I38+J38 -> 62.553895 | L38: =IF(G38="",0,F38-(I38-AK38)) -> 20.553895 | M38: 3.9 | N38: 0 | O38: =0*1.05 -> 0 | P38: 0 | Q38: =1012100/325851/1.9835*1.02 -> 1.5972479 | R38: 0 | S38: =IF(((2.7*1.04)-T38)>=4.2,4.2,(2.7*1.04)-T38) -> 2.2211925 | T38: =(0.5323*1.06)*1.04 -> 0.58680752 | U38: =M38-(Q38+R38+S38+T38) -> -0.50524793 | V38: 0 | W38: 0 | X38: =MAX(0,M38-N38-P38-O38-Q38-R38-S38-T38-U38+V38+W38-AU38+AS38) -> 0 | Y38: =X38-AP38 -> 0 | AE38: 0 | AH38: 40 | AI38: =AI37-AH38 -> 4312.1579 | AK38: =N38+O38+P38+Q38+R38+S38+T38+U38+X38+AE38+AH38 -> 43.9 | AL38: =IF(L38<0,L38*-1,0) -> 0 | AM38: =AK38+AL38 -> 43.9 | AO38: =IF(G38="","",IF(I38>=795,795-X38,I38-Q38-R38-X38-AF38)-AJ38) -> 40.402752 | AW38: 0.44 | AX38: 47 | AY38: 32 | BA38: =SUM(N38,P38:U38) -> 3.9 | BB38: 1.37 | BC38: 15922 | BE38: =BE37+1 -> 24 | BF38: 6901.43 | BG38: =B38-BF38 -> 0 | BH38: 27.836458 | BI38: =AH38-BH38 -> 12.163542
A39: =A38+1 -> 25 | B39: 6901.46 | C39: =IF(B39="",C38,VLOOKUP(TRUNC(B39,1),VLOOKUP!$A$3:$K$2834,RIGHT(TEXT(B39,"0000.00"),1)+2,FALSE)) -> 288999 | D39: =C39-C38 -> 112 | E39: =C39-152000 -> 136999 | F39: =D39/$D$2 -> 56.465843 | G39: 44 | H39: 0 | I39: =G39+H39 -> 44 | J39: =IF(L39>0,L39,0) -> 57.165843 | K39: =I39+J39 -> 101.16584 | L39: =IF(G39="",0,F39-(I39-AK39)) -> 57.165843 | M39: 3.7 | N39: 0 | O39: =0*1.05 -> 0 | P39: 0 | Q39: =1227700/325851/1.9835*1.02 -> 1.9374976 | R39: 0 | S39: =IF(((2.7*1.04)-T39)>=4.2,4.2,(2.7*1.04)-T39) -> 2.2211925 | T39: =(0.5323*1.06)*1.04 -> 0.58680752 | U39: =M39-(Q39+R39+S39+T39) -> -1.0454976 | V39: 0 | W39: 0 | X39: =MAX(0,M39-N39-P39-O39-Q39-R39-S39-T39-U39+V39+W39-AU39+AS39) -> 0 | Y39: =X39-AP39 -> 0 | AE39: 0 | AH39: 41 | AI39: =AI38-AH39 -> 4271.1579 | AK39: =N39+O39+P39+Q39+R39+S39+T39+U39+X39+AE39+AH39 -> 44.7 | AL39: =IF(L39<0,L39*-1,0) -> 0 | AM39: =AK39+AL39 -> 44.7 | AO39: =IF(G39="","",IF(I39>=795,795-X39,I39-Q39-R39-X39-AF39)-AJ39) -> 42.062502 | AW39: 0.125 | AX39: 41 | AY39: 26 | BA39: =SUM(N39,P39:U39) -> 3.7 | BB39: 1.63 | BC39: 15935 | BE39: =BE38+1 -> 25 | BF39: 6901.46 | BG39: =B39-BF39 -> 0 | BH39: 27.809375 | BI39: =AH39-BH39 -> 13.190625
A40: =A39+1 -> 26 | B40: 6901.46 | C40: =IF(B40="",C39,VLOOKUP(TRUNC(B40,1),VLOOKUP!$A$3:$K$2834,RIGHT(TEXT(B40,"0000.00"),1)+2,FALSE)) -> 288999 | D40: =C40-C39 -> 0 | E40: =C40-152000 -> 136999 | F40: =D40/$D$2 -> 0 | G40: 44.5 | H40: 0 | I40: =G40+H40 -> 44.5 | J40: =IF(L40>0,L40,0) -> 0.2 | K40: =I40+J40 -> 44.7 | L40: =IF(G40="",0,F40-(I40-AK40)) -> 0.2 | M40: 3.7 | N40: 0 | O40: =0*1.05 -> 0 | P40: 0 | Q40: =948200/325851/1.9835*1.02 -> 1.496404 | R40: 0 | S40: =IF(((2.7*1.04)-T40)>=4.2,4.2,(2.7*1.04)-T40) -> 2.2211925 | T40: =(0.5323*1.06)*1.04 -> 0.58680752 | U40: =M40-(Q40+R40+S40+T40) -> -0.604404 | V40: 0 | W40: 0 | X40: =MAX(0,M40-N40-P40-O40-Q40-R40-S40-T40-U40+V40+W40-AU40+AS40) -> 0 | Y40: =X40-AP40 -> 0 | AE40: 0 | AH40: 41 | AI40: =AI39-AH40 -> 4230.1579 | AK40: =N40+O40+P40+Q40+R40+S40+T40+U40+X40+AE40+AH40 -> 44.7 | AL40: =IF(L40<0,L40*-1,0) -> 0 | AM40: =AK40+AL40 -> 44.7 | AO40: =IF(G40="","",IF(I40>=795,795-X40,I40-Q40-R40-X40-AF40)-AJ40) -> 43.003596 | AW40: 0.1 | AX40: 45 | AY40: 20 | BA40: =SUM(N40,P40:U40) -> 3.7 | BB40: 1.63 | BC40: 15946 | BE40: =BE39+1 -> 26 | BF40: 6901.46 | BG40: =B40-BF40 -> 0 | BH40: 27.822917 | BI40: =AH40-BH40 -> 13.177083
A41: =A40+1 -> 27 | B41: 6901.48 | C41: =IF(B41="",C40,VLOOKUP(TRUNC(B41,1),VLOOKUP!$A$3:$K$2834,RIGHT(TEXT(B41,"0000.00"),1)+2,FALSE)) -> 289074 | D41: =C41-C40 -> 75 | E41: =C41-152000 -> 137074 | F41: =D41/$D$2 -> 37.811949 | G41: 42 | H41: 0 | I41: =G41+H41 -> 42 | J41: =IF(L41>0,L41,0) -> 40.411949 | K41: =I41+J41 -> 82.411949 | L41: =IF(G41="",0,F41-(I41-AK41)) -> 40.411949 | M41: 3.6 | N41: 0 | O41: =0*1.05 -> 0 | P41: 0 | Q41: =879000/325851/1.9835*1.02 -> 1.3871959 | R41: 0 | S41: =IF(((2.2*1.04)-T41)>=4.2,4.2,(2.2*1.04)-T41) -> 1.7095707 | T41: =(0.5247*1.06)*1.04 -> 0.57842928 | U41: =M41-(Q41+R41+S41+T41) -> -0.07519586 | V41: 0 | W41: 0 | X41: =MAX(0,M41-N41-P41-O41-Q41-R41-S41-T41-U41+V41+W41-AU41+AS41) -> 0 | Y41: =X41-AP41 -> 0 | AE41: 0 | AH41: 41 | AI41: =AI40-AH41 -> 4189.1579 | AK41: =N41+O41+P41+Q41+R41+S41+T41+U41+X41+AE41+AH41 -> 44.6 | AL41: =IF(L41<0,L41*-1,0) -> 0 | AM41: =AK41+AL41 -> 44.6 | AO41: =IF(G41="","",IF(I41>=795,795-X41,I41-Q41-R41-X41-AF41)-AJ41) -> 40.612804 | AW41: 0.2 | AX41: 43 | AY41: 27 | BA41: =SUM(N41,P41:U41) -> 3.6 | BB41: 1.63 | BC41: 15952 | BE41: =BE40+1 -> 27 | BF41: 6901.49 | BG41: =B41-BF41 -> -0.01 | BH41: 27.847917 | BI41: =AH41-BH41 -> 13.152083
A42: =A41+1 -> 28 | B42: 6901.48 | C42: =IF(B42="",C41,VLOOKUP(TRUNC(B42,1),VLOOKUP!$A$3:$K$2834,RIGHT(TEXT(B42,"0000.00"),1)+2,FALSE)) -> 289074 | D42: =C42-C41 -> 0 | E42: =C42-152000 -> 137074 | F42: =D42/$D$2 -> 0 | G42: 36.9 | H42: 0 | I42: =G42+H42 -> 36.9 | J42: =IF(L42>0,L42,0) -> 7.5 | K42: =I42+J42 -> 44.4 | L42: =IF(G42="",0,F42-(I42-AK42)) -> 7.5 | M42: 3.4 | N42: 0 | O42: =0*1.05 -> 0 | P42: 0 | Q42: =1020100/325851/1.9835*1.02 -> 1.6098731 | R42: 0 | S42: =IF(((2.5*1.04)-T42)>=4.2,4.2,(2.5*1.04)-T42) -> 2.0215707 | T42: =(0.5247*1.06)*1.04 -> 0.57842928 | U42: =M42-(Q42+R42+S42+T42) -> -0.80987315 | V42: 0 | W42: 0 | X42: =MAX(0,M42-N42-P42-O42-Q42-R42-S42-T42-U42+V42+W42-AU42+AS42) -> 0 | Y42: =X42-AP42 -> 0 | AE42: 0 | AH42: 41 | AI42: =AI41-AH42 -> 4148.1579 | AK42: =N42+O42+P42+Q42+R42+S42+T42+U42+X42+AE42+AH42 -> 44.4 | AL42: =IF(L42<0,L42*-1,0) -> 0 | AM42: =AK42+AL42 -> 44.4 | AO42: =IF(G42="","",IF(I42>=795,795-X42,I42-Q42-R42-X42-AF42)-AJ42) -> 35.290127 | AW42: 0 | AX42: 32 | AY42: 12 | BA42: =SUM(N42,P42:U42) -> 3.4 | BB42: 1.63 | BC42: 15965 | BE42: =BE41+1 -> 28 | BF42: 6901.48 | BG42: =B42-BF42 -> 0 | BH42: 27.75 | BI42: =AH42-BH42 -> 13.25
A43: =A42+1 -> 29 | B43: 6901.46 | C43: =IF(B43="",C42,VLOOKUP(TRUNC(B43,1),VLOOKUP!$A$3:$K$2834,RIGHT(TEXT(B43,"0000.00"),1)+2,FALSE)) -> 288999 | D43: =C43-C42 -> -75 | E43: =C43-152000 -> 136999 | F43: =D43/$D$2 -> -37.811949 | G43: 28.2 | H43: 0 | I43: =G43+H43 -> 28.2 | J43: =IF(L43>0,L43,0) -> 0 | K43: =I43+J43 -> 28.2 | L43: =IF(G43="",0,F43-(I43-AK43)) -> -21.311949 | M43: 3.7 | N43: 0 | O43: =0*1.05 -> 0 | P43: 0 | Q43: =1145000/325851/1.9835*1.02 -> 1.8069844 | R43: 0 | S43: =IF(((2.4*1.04)-T43)>=4.2,4.2,(2.4*1.04)-T43) -> 1.9175707 | T43: =(0.5247*1.06)*1.04 -> 0.57842928 | U43: =M43-(Q43+R43+S43+T43) -> -0.60298437 | V43: 0 | W43: 0 | X43: =MAX(0,M43-N43-P43-O43-Q43-R43-S43-T43-U43+V43+W43-AU43+AS43) -> 0 | Y43: =X43-AP43 -> 0 | AE43: 0 | AH43: 41 | AI43: =AI42-AH43 -> 4107.1579 | AK43: =N43+O43+P43+Q43+R43+S43+T43+U43+X43+AE43+AH43 -> 44.7 | AL43: =IF(L43<0,L43*-1,0) -> 21.311949 | AM43: =AK43+AL43 -> 66.011949 | AO43: =IF(G43="","",IF(I43>=795,795-X43,I43-Q43-R43-X43-AF43)-AJ43) -> 26.393016 | AW43: 0 | AX43: 28 | AY43: 5 | BA43: =SUM(N43,P43:U43) -> 3.7 | BB43: 1.63 | BC43: 15969 | BE43: =BE42+1 -> 29 | BF43: 6901.45 | BG43: =B43-BF43 -> 0.01 | BH43: 27.807292 | BI43: =AH43-BH43 -> 13.192708
A44: 30 | B44: 6901.45 | C44: =IF(B44="",C43,VLOOKUP(TRUNC(B44,1),VLOOKUP!$A$3:$K$2834,RIGHT(TEXT(B44,"0000.00"),1)+2,FALSE)) -> 288962 | D44: =C44-C43 -> -37 | E44: =C44-152000 -> 136962 | F44: =D44/$D$2 -> -18.653895 | G44: 23.2 | H44: 0 | I44: =G44+H44 -> 23.2 | J44: =IF(L44>0,L44,0) -> 3.0461054 | K44: =I44+J44 -> 26.246105 | L44: =IF(G44="",0,F44-(I44-AK44)) -> 3.0461054 | M44: 3.9 | N44: 0 | O44: =0*1.05 -> 0 | P44: 0 | Q44: =970500/325851/1.9835*1.02 -> 1.5315968 | R44: 0 | S44: =IF(((2.4*1.04)-T44)>=4.2,4.2,(2.4*1.04)-T44) -> 1.9175707 | T44: =(0.5247*1.06)*1.04 -> 0.57842928 | U44: =M44-(Q44+R44+S44+T44) -> -0.12759679 | V44: 0 | W44: 0 | X44: =MAX(0,M44-N44-P44-O44-Q44-R44-S44-T44-U44+V44+W44-AU44+AS44) -> 0 | Y44: =X44-AP44 -> 0 | AE44: 0 | AH44: 41 | AI44: =AI43-AH44 -> 4066.1579 | AK44: =N44+O44+P44+Q44+R44+S44+T44+U44+X44+AE44+AH44 -> 44.9 | AL44: =IF(L44<0,L44*-1,0) -> 0 | AM44: =AK44+AL44 -> 44.9 | AO44: =IF(G44="","",IF(I44>=795,795-X44,I44-Q44-R44-X44-AF44)-AJ44) -> 21.668403 | AW44: 0 | AX44: 31 | AY44: 7 | BA44: =SUM(N44,P44:U44) -> 3.9 | BB44: 1.63 | BC44: 15969 | BE44: 30 | BF44: 6901.45 | BG44: =B44-BF44 -> 0 | BH44: 27.923958 | BI44: =AH44-BH44 -> 13.076042
A45: 31 | B45: 6901.44 | C45: =IF(B45="",C44,VLOOKUP(TRUNC(B45,1),VLOOKUP!$A$3:$K$2834,RIGHT(TEXT(B45,"0000.00"),1)+2,FALSE)) -> 288924 | D45: =C45-C44 -> -38 | E45: =C45-152000 -> 136924 | F45: =D45/$D$2 -> -19.158054 | G45: 22.6 | H45: 0 | I45: =G45+H45 -> 22.6 | J45: =IF(L45>0,L45,0) -> 2.9419461 | K45: =I45+J45 -> 25.541946 | L45: =IF(G45="",0,F45-(I45-AK45)) -> 2.9419461 | M45: 3.7 | N45: 0 | O45: =0*1.05 -> 0 | P45: 0 | Q45: =1274600/325851/1.9835*1.02 -> 2.0115129 | R45: 0 | S45: =IF(((2.5*1.04)-T45)>=4.2,4.2,(2.5*1.04)-T45) -> 2.0215707 | T45: =(0.5247*1.06)*1.04 -> 0.57842928 | U45: =M45-(Q45+R45+S45+T45) -> -0.9115129 | V45: 0 | W45: 0 | X45: =MAX(0,M45-N45-P45-O45-Q45-R45-S45-T45-U45+V45+W45-AU45+AS45) -> 0 | Y45: =X45-AP45 -> 0 | AE45: 0 | AH45: 41 | AI45: =AI44-AH45 -> 4025.1579 | AK45: =N45+O45+P45+Q45+R45+S45+T45+U45+X45+AE45+AH45 -> 44.7 | AL45: =IF(L45<0,L45*-1,0) -> 0 | AM45: =AK45+AL45 -> 44.7 | AO45: =IF(G45="","",IF(I45>=795,795-X45,I45-Q45-R45-X45-AF45)-AJ45) -> 20.588487 | AW45: 0.05 | AX45: 36 | AY45: 6 | BA45: =SUM(N45,P45:U45) -> 3.7 | BB45: 1.63 | BC45: 15970 | BE45: =BE44+1 -> 31 | BF45: 6901.43 | BG45: =B45-BF45 -> 0.01 | BH45: 27.975 | BI45: =AH45-BH45 -> 13.025
X46: =M46-N46-O46-Q46-R46-S46+V46+W46 -> 0 | Y46: =N46-O46-P46-R46-S46-U46+W46+X46 -> 0 | AK46: =N46+O46+Q46+R46+S46+X46+AE46+AH46 -> 0
A47: MONTH / CFS | F47: =SUM(F15:F45) -> 93.773632 | G47: =SUM(G15:G45) -> 985.7 | H47: =SUM(H15:H45) -> 0 | I47: =SUM(I15:I45) -> 985.7 | J47: =SUM(J15:J45) -> 543.04506 | K47: =SUM(K15:K45) -> 1528.7451 | L47: =SUM(L15:L45) -> 444.61363 | M47: =SUM(M15:M45) -> 89.54 | N47: =SUM(N15:N45) -> 0 | O47: =SUM(O15:O45)-SUM(O28:O33) -> 0 | Q47: =SUM(Q15:Q45) -> 50.613711 | R47: =SUM(R15:R45) -> 0 | S47: =SUM(S15:S45) -> 45.019799 | T47: =SUM(T15:T45) -> 17.044537 | U47: =SUM(U15:U45) -> -23.138047 | V47: =SUM(V15:V45) -> 0 | W47: =SUM(W15:W45) -> 0 | X47: =SUM(X15:X45) -> 1.1657342e-15 | Y47: =SUM(Y15:Y45) -> 1.1657342e-15 | AC47: =SUM(AC15:AC45) -> 0 | AH47: =SUM(AH15:AH45) -> 1247 | AJ47: =SUM(AJ15:AJ45) -> 0 | AK47: =SUM(AK15:AK45) -> 1336.54 | AL47: =SUM(AL15:AL45) -> 98.431424 | AM47: =SUM(AM15:AM45) -> 1434.9714 | AN47: =SUM(AN15:AN45) -> 0 | AO47: =SUM(AO15:AO45) -> 935.08629 | AP47: =SUM(AP15:AP45) -> 0 | AW47: =SUM(AW15:AW45) -> 1.9 | AX47: =AVERAGE(AX15:AX45) -> 44.032258 | AY47: =AVERAGE(AY15:AY45) -> 20.516129 | AZ47: Avg | BA47: =SUM(BA15:BA45) -> 89.54 | BB47: =SUM(BB15:BB45) -> 36.731 | BH47: =SUM(BH15:BH44) -> 828.83978 | BI47: =SUM(BI15:BI44) -> 377.16022
A48: MONTH / AF | D48: =SUM(D15:D45) -> 186 | F48: =F47*$D$2 -> 186 | G48: =G47*$D$2 -> 1955.136 | H48: =H47*$D$2 -> 0 | I48: =I47*$D$2 -> 1955.136 | J48: =J47*$D$2 -> 1077.1299 | K48: =K47*$D$2 -> 3032.2658 | L48: =L47*$D$2 -> 881.89114 | M48: =M47*$D$2 -> 177.60259 | ... O48: =O47*$D$2 -> 0 | Q48: =Q47*$D$2 -> 100.3923 | R48: =R47*$D$2 -> 0 | S48: =S47*$D$2 -> 89.296771 | T48: =T47*$D$2 -> 33.807839 | U48: =U47*$D$2 -> -45.894316 | V48: =V47*$D$2 -> 0 | W48: =W47*$D$2 -> 0 | X48: =X47*$D$2 -> 2.3122337e-15 | Y48: =Y47*$D$2 -> 2.3122337e-15 | AC48: =AC47*$D$2 -> 0 | AH48: =AH47*$D$2 -> 2473.4245 | AJ48: =AJ47*$D$2 -> 0 | AK48: =AK47*$D$2 -> 2651.0271 | AL48: =AL47*$D$2 -> 195.23873 | AM48: =AM47*$D$2 -> 2846.2658 | AN48: =AN47*$D$2 -> 0 | AO48: =AO47*$D$2 -> 1854.7437 | AP48: =AP47*$D$2 -> 0 | AX48: =MAX(AX15:AX45) -> 54 | AY48: =MAX(AY15:AY45) -> 32 | AZ48: HI | BA48: =BA47*$D$2 -> 177.60259 | BB48: =BB47*D2 -> 72.855939 | BH48: =BH47*$D$2 -> 1644.0037 | BI48: =BI47*$D$2 -> 748.0973
A50: SEASON / CFS | AX50: =MIN(AX15:AX45) -> 28 | AY50: =MIN(AY15:AY45) -> 5 | AZ50: LO
A51: SEASON / AF
A53: YTD / CFS | F53: =F13+F47 -> -1395.513 | G53: =G13+G47 -> 2175 | H53: =H13+H47 -> 0 | I53: =I13+I47 -> 2175 | J53: =J13+J47 -> 924.82817 | K53: =K13+K47 -> 3099.8282 | L53: =L13+L47 -> 306.82702 | M53: =M13+M47 -> 204.34 | N53: =N13+N47 -> 0 | O53: 0 | Q53: =Q13+Q47 -> 100.91511 | R53: =R13+R47 -> 0 | S53: =S13+S47 -> 98.098691 | T53: =T13+T47 -> 33.749645 | U53: =U13+U47 -> -28.423442 | V53: =V13+V47 -> 1242 | W53: =W13+W47 -> 0 | X53: =X13+X47 -> 1242 | Y53: =Y13+Y47 -> 1242 | AC53: =AC13+AC47 -> 0 | AH53: =AH13+AH47 -> 2431 | AI53: =AI45 -> 4025.1579 | AJ53: =AJ14+AJ47 -> 0 | AK53: =AK13+AK47 -> 3877.34 | AL53: =AL13+AL47 -> 618.00115 | AM53: =AM13+AM47 -> 4495.3411 | AN53: =AN13+AN47 -> 1242 | AO53: =AO13+AO47 -> 832.08489 | AP53: =AP13+AP47 -> 0 | AW53: =AW13+AW47 -> 3.16 | BA53: =BA13+BA47 -> 204.34 | BB53: =BB47+BB13 -> 65.039 | BH53: =BH13+BH47 -> 1564.7066 | BI53: =BI13+BI47 -> 825.29336
A54: YTD / AF | D54: =D13+D48 -> -2768 | E54: =E45 -> 136924 | F54: =F53*$D$2 -> -2768 | G54: =G53*$D$2 -> 4314.1125 | H54: =H53*$D$2 -> 0 | I54: =I53*$D$2 -> 4314.1125 | J54: =J53*$D$2 -> 1834.3967 | K54: =K53*$D$2 -> 6148.5092 | L54: =L53*$D$2 -> 608.59139 | M54: =M53*$D$2 -> 405.30839 | ... O54: =O53*$D$2 -> 0 | Q54: =Q53*$D$2 -> 200.16511 | R54: =R53*$D$2 -> 0 | S54: =S53*$D$2 -> 194.57875 | T54: =T53*$D$2 -> 66.942421 | U54: =U53*$D$2 -> -56.377896 | V54: =V53*$D$2 -> 2463.507 | W54: =W53*$D$2 -> 0 | X54: =X53*$D$2 -> 2463.507 | Y54: =Y53*$D$2 -> 2463.507 | AC54: =AC53*$D$2 -> 0 | AH54: =AH53*$D$2 -> 4821.8885 | AI54: =AI53*$D$2 -> 7983.9007 | AJ54: =AJ53*$D$2 -> 0 | AK54: =AK53*$D$2 -> 7690.7039 | AL54: =AL53*$D$2 -> 1225.8053 | AM54: =AM53*$D$2 -> 8916.5092 | AN54: =AN53*$D$2 -> 2463.507 | AO54: =AO53*$D$2 -> 1650.4404 | AP54: =AP53*$D$2 -> 0 | BA54: =BA53*$D$2 -> 405.30839 | BB54: =BB53*D2 -> 129.00486 | BH54: =BH53*$D$2 -> 3103.5956 | BI54: =BI53*$D$2 -> 1636.9694

Sheet JAN
K1: MCPHEE RESERVOIR INFLOW/OUTFLOW TABULATION
A2: AF/cfs CONVERT FACTOR | D2: 1.9835 | K2: JANUARY "2020"
D4: RESERVOIR | I4: INFLOW | X4: OUTFLOW | AQ4: ADJUSTMENTS | AX4: WEATHER
A5: DATE | B5: RESERV | C5: RESERV | D5: AC FT | E5: ACTIVE | F5: CONV TO | G5: DOLORES | H5: LOST | I5: RECORD | J5: CALC | K5: TOTAL | L5: CALC | M5: DOLORES TUNNEL | V5: LONE | W5: U | X5: TOTAL | Y5: TOTAL | Z5: MVI | AA5: MVI | AB5: MVI | AC5: TO EX & | AD5: MVI | AE5: DV CR | AF5: D/S SENIOR | AH5: BELOW | AI5: FISH | AJ5: SPILL | AK5: RECORD | AL5: CALC | AM5: TOTAL | AN5: NAR | AO5: NARR | AP5: MVI | AQ5: MVI | AR5: MVI | AS5: DIST. | AT5: U/S | AU5: TOTTEN | AV5: UF&R | AW5: RAIN | AX5: MAX | AY5: MIN | BA5: TOTAL | BB5: GRNDHOG | BC5: GRNDHOG | BF5: RESERV | BH5: BELOW | BI5: BELOW
A6: JAN | B6: ELEV | D6: CHANGE | E6: CAP | F6: CFS | G6: RIVER | H6: CAN | I6: INFLOW | J6: INFLOW | K6: INFLOW | L6: INF/OTF | M6: TOT DIV | N6: WET | O6: UTE | P6: QUEST | Q6: MWC | R6: CORTEZ | T6: UTE | U6: F-BAY | V6: PINE | W6: LAT | X6: MVI | Y6: MVI | Z6: CALL | AA6: CALL | AB6: APR- | AC6: U/S EX | AD6: PROJ | AE6: CANAL | AF6: MVIC | AG6: PROJ | AH6: MCP | AI6: LEFT | AK6: OTF | AL6: OTF | AM6: OTF | AN6: FILL | AO6: FILL | AP6: STOCK | AQ6: STORED | AR6: STORED | AS6: CLASS | AT6: USERS | AU6: (FRESH | AV6: LEASE | AX6: TMP | AY6: TMP | BA6: TUNNEL | BB6: DISCHARGE | BC6: CAPACITY | BF6: ELEV | BH6: MCP | BI6: MCP
N7: LAND | O7: F&R | Q7: NON - | R7: NON - | S7: PROJ | T7: PROJ | U7: BAL | X7: WATER | Y7: IRRIG. | Z7: STOR | AA7: SPILLED | AB7: JUNE | AF7: 1.7 | AG7: 1.3 | AO7: IN | AQ7: Apr - Jun | AR7: EVAP | AS7: "B" | AT7: EXCH | AU7: WATER) | AV7: WATER | BA7: Misc. | BF7: DTGH | BH7: MPP | BI7: OVER
Q8: PROJ | R8: PROJ | X8: USED | Y8: WATER | AA8: OR | AB8: (DIV+ | AO8: MCPHEE | BH8: from | BI8: MPP
R9: 4.2 | Y9: USED | AA9: USED | AB9: CALL) | BC9: FP = 3960 | BH9: ctrl room
C10: AC. Ft. | E10: AC FT | G10: CFS | H10: CFS | I10: CFS | J10: CFS | K10: CFS | L10: CFS | M10: CFS | N10: CFS | O10: CFS | P10: CFS | Q10: CFS | R10: CFS | S10: CFS | T10: CFS | U10: CFS | V10: CFS | W10: CFS | X10: 153400 | Y10: 150400 | AB10: 72000 | AC10: CFS | AD10: CFS | AE10: CFS | AF10: CFS | AG10: CFS | AH10: CFS | AI10: CFS | AJ10: CFS | AK10: CFS | AL10: CFS | AM10: CFS | AN10: CFS | AO10: CFS | AP10: CFS | AQ10: CFS | AR10: AC.FT. | AS10: CFS | AT10: CFS | AU10: CFS | AV10: CFS | BA10: Outflow | BB10: CFS | BC10: AC FT | BH10: CFS | BI10: CFS
N11: 1.03 | O11: 1.05 | P11: 1.02 | Q11: 1.02 | R11: 1.04 | T11: 1.04 | X11: CFS | Y11: CFS | Z11: CFS | AA11: CFS | AB11: Ac. Ft. | BA11: CFS
A12: SEASON BAL
A13: YTD | B13: =DEC!B45 -> 6901.44 | C13: =DEC!C45 -> 288924 | D13: =DEC!D54 -> -2768 | E13: =DEC!E54 -> 136924 | F13: =DEC!F53 -> -1395.513 | G13: =DEC!G53 -> 2175 | H13: =DEC!H53 -> 0 | I13: =DEC!I53 -> 2175 | J13: =DEC!J53 -> 924.82817 | K13: =DEC!K53 -> 3099.8282 | L13: =DEC!L53 -> 306.82702 | M13: =DEC!M53 -> 204.34 | ... Y13: =DEC!Y53 -> 1242 | AC13: =DEC!AC53 -> 0 | AH13: =DEC!AH53 -> 2431 | AI13: =DEC!AI53 -> 4025.1579 | AK13: =DEC!AK53 -> 3877.34 | AL13: =DEC!AL53 -> 618.00115 | AM13: =DEC!AM53 -> 4495.3411 | AN13: =DEC!AN53 -> 1242 | AO13: =DEC!AO53 -> 832.08489 | AP13: =DEC!AP53 -> 0 | AW13: =DEC!AW53 -> 3.16 | BA13: =DEC!BA53 -> 204.34 | BB13: =DEC!BB53 -> 65.039 | BH13: =NOV!BJ46 -> 0 | BI13: =NOV!BK46 -> 0
A15: 1 | B15: 6901.43 | C15: =IF(B15="",C13,VLOOKUP(TRUNC(B15,1),VLOOKUP!$A$3:$K$2834,RIGHT(TEXT(B15,"0000.00"),1)+2,FALSE)) -> 288887 | D15: =C15-C13 -> -37 | E15: =C15-152000 -> 136887 | F15: =D15/$D$2 -> -18.653895 | G15: 25.3 | H15: 0 | I15: =G15+H15 -> 25.3 | J15: =IF(L15>0,L15,0) -> 0.74610537 | K15: =I15+J15 -> 26.046105 | L15: =IF(G15="",0,F15-(I15-AK15)) -> 0.74610537 | M15: 3.7 | N15: 0 | O15: =0*1.05 -> 0 | P15: 0 | Q15: =876000/325851/1.9835*1.02 -> 1.3824614 | R15: 0 | S15: =IF(((2.4*1.04)-T15)>=4.2,4.2,(2.4*1.04)-T15) -> 1.8334576 | T15: =(0.601*1.06)*1.04 -> 0.6625424 | U15: =M15-(Q15+R15+S15+T15) -> -0.1784614 | V15: 0 | W15: 0 | X15: =MAX(0,M15-N15-P15-O15-Q15-R15-S15-T15-U15+V15+W15-AU15+AS15) -> 0 | Y15: =X15-AP15 -> 0 | AH15: 41 | AI15: =AI13-AH15 -> 3984.1579 | AK15: =N15+O15+P15+Q15+R15+S15+T15+U15+X15+AE15+AH15 -> 44.7 | AL15: =IF(L15<0,L15*-1,0) -> 0 | AM15: =AK15+AL15 -> 44.7 | AO15: =IF(G15="","",IF(I15>=795,795-X15,I15-Q15-R15-X15-AF15)-AJ15) -> 23.917539 | AW15: 0.01 | AX15: 33 | AY15: 9 | BA15: =SUM(N15,P15:U15) -> 3.7 | BB15: 1.63 | BC15: 15972 | BE15: 1 | BF15: 6901.44 | BG15: =B15-BF15 -> -0.01 | BH15: 27.915625 | BI15: =AH15-BH15 -> 13.084375
A16: =A15+1 -> 2 | B16: 6901.43 | C16: =IF(B16="",C15,VLOOKUP(TRUNC(B16,1),VLOOKUP!$A$3:$K$2834,RIGHT(TEXT(B16,"0000.00"),1)+2,FALSE)) -> 288887 | D16: =C16-C15 -> 0 | E16: =C16-152000 -> 136887 | F16: =D16/$D$2 -> 0 | G16: 29.1 | H16: 0 | I16: =G16+H16 -> 29.1 | J16: =IF(L16>0,L16,0) -> 15.4 | K16: =I16+J16 -> 44.5 | L16: =IF(G16="",0,F16-(I16-AK16)) -> 15.4 | M16: 3.5 | N16: 0 | O16: =0*1.05 -> 0 | P16: 0 | Q16: =1082600/325851/1.9835*1.02 -> 1.7085077 | R16: 0 | S16: =IF(((2.4*1.04)-T16)>=4.2,4.2,(2.4*1.04)-T16) -> 1.8334576 | T16: =(0.601*1.06)*1.04 -> 0.6625424 | U16: =M16-(Q16+R16+S16+T16) -> -0.70450767 | V16: 0 | W16: 0 | X16: =MAX(0,M16-N16-P16-O16-Q16-R16-S16-T16-U16+V16+W16-AU16+AS16) -> 6.6613381e-16 | Y16: =X16-AP16 -> 6.6613381e-16 | AH16: 41 | AI16: =AI15-AH16 -> 3943.1579 | AK16: =N16+O16+P16+Q16+R16+S16+T16+U16+X16+AE16+AH16 -> 44.5 | AL16: =IF(L16<0,L16*-1,0) -> 0 | AM16: =AK16+AL16 -> 44.5 | AO16: =IF(G16="","",IF(I16>=795,795-X16,I16-Q16-R16-X16-AF16)-AJ16) -> 27.391492 | AW16: 0 | AX16: 37 | AY16: 15 | BA16: =SUM(N16,P16:U16) -> 3.5 | BB16: 1.63 | BC16: 15981 | BE16: =BE15+1 -> 2 | BF16: 6901.44 | BG16: =B16-BF16 -> -0.01 | BH16: 27.852083 | BI16: =AH16-BH16 -> 13.147917
A17: =A16+1 -> 3 | B17: 6901.42 | C17: =IF(B17="",C16,VLOOKUP(TRUNC(B17,1),VLOOKUP!$A$3:$K$2834,RIGHT(TEXT(B17,"0000.00"),1)+2,FALSE)) -> 288850 | D17: =C17-C16 -> -37 | E17: =C17-152000 -> 136850 | F17: =D17/$D$2 -> -18.653895 | G17: 30.6 | H17: 0 | I17: =G17+H17 -> 30.6 | J17: =IF(L17>0,L17,0) -> 0 | K17: =I17+J17 -> 30.6 | L17: =IF(G17="",0,F17-(I17-AK17)) -> -5.0538946 | M17: 3.2 | N17: 0 | O17: =0*1.05 -> 0 | P17: 0 | Q17: =978400/325851/1.9835*1.02 -> 1.5440642 | R17: 0 | S17: =IF(((2.5*1.04)-T17)>=4.2,4.2,(2.5*1.04)-T17) -> 2.0968646 | T17: =(0.4564*1.06)*1.04 -> 0.50313536 | U17: =M17-(Q17+R17+S17+T17) -> -0.9440642 | V17: 0 | W17: 0 | X17: =MAX(0,M17-N17-P17-O17-Q17-R17-S17-T17-U17+V17+W17-AU17+AS17) -> 0 | Y17: =X17-AP17 -> 0 | AH17: 41 | AI17: =AI16-AH17 -> 3902.1579 | AK17: =N17+O17+P17+Q17+R17+S17+T17+U17+X17+AE17+AH17 -> 44.2 | AL17: =IF(L17<0,L17*-1,0) -> 5.0538946 | AM17: =AK17+AL17 -> 49.253895 | AO17: =IF(G17="","",IF(I17>=795,795-X17,I17-Q17-R17-X17-AF17)-AJ17) -> 29.055936 | AW17: 0 | AX17: 41 | AY17: 14 | BA17: =SUM(N17,P17:U17) -> 3.2 | BB17: 1.63 | BC17: 15980 | BE17: =BE16+1 -> 3 | BF17: 6901.42 | BG17: =B17-BF17 -> 0 | BH17: 27.803125 | BI17: =AH17-BH17 -> 13.196875
A18: =A17+1 -> 4 | B18: 6901.41 | C18: =IF(B18="",C17,VLOOKUP(TRUNC(B18,1),VLOOKUP!$A$3:$K$2834,RIGHT(TEXT(B18,"0000.00"),1)+2,FALSE)) -> 288812 | D18: =C18-C17 -> -38 | E18: =C18-152000 -> 136812 | F18: =D18/$D$2 -> -19.158054 | G18: 27.9 | H18: 0 | I18: =G18+H18 -> 27.9 | J18: =IF(L18>0,L18,0) -> 0 | K18: =I18+J18 -> 27.9 | L18: =IF(G18="",0,F18-(I18-AK18)) -> -1.6580539 | M18: 4.4 | N18: 0 | O18: =0*1.05 -> 0 | P18: 0 | Q18: =1027000/325851/1.9835*1.02 -> 1.6207624 | R18: 0 | S18: =IF(((2.4*1.04)-T18)>=4.2,4.2,(2.4*1.04)-T18) -> 1.9928646 | T18: =(0.4564*1.06)*1.04 -> 0.50313536 | U18: =M18-(Q18+R18+S18+T18) -> 0.2832376 | V18: 0 | W18: 0 | X18: =MAX(0,M18-N18-P18-O18-Q18-R18-S18-T18-U18+V18+W18-AU18+AS18) -> 0 | Y18: =X18-AP18 -> 0 | AH18: 41 | AI18: =AI17-AH18 -> 3861.1579 | AK18: =N18+O18+P18+Q18+R18+S18+T18+U18+X18+AE18+AH18 -> 45.4 | AL18: =IF(L18<0,L18*-1,0) -> 1.6580539 | AM18: =AK18+AL18 -> 47.058054 | AO18: =IF(G18="","",IF(I18>=795,795-X18,I18-Q18-R18-X18-AF18)-AJ18) -> 26.279238 | AW18: 0.08 | AX18: 45 | AY18: 14 | BA18: =SUM(N18,P18:U18) -> 4.4 | BB18: 1.63 | BC18: 15979 | BE18: =BE17+1 -> 4 | BF18: 6901.42 | BG18: =B18-BF18 -> -0.01 | BH18: 27.859375 | BI18: =AH18-BH18 -> 13.140625
A19: =A18+1 -> 5 | B19: 6901.4 | C19: =IF(B19="",C18,VLOOKUP(TRUNC(B19,1),VLOOKUP!$A$3:$K$2834,RIGHT(TEXT(B19,"0000.00"),1)+2,FALSE)) -> 288775 | D19: =C19-C18 -> -37 | E19: =C19-152000 -> 136775 | F19: =D19/$D$2 -> -18.653895 | G19: 26.2 | H19: 0 | I19: =G19+H19 -> 26.2 | J19: =IF(L19>0,L19,0) -> 0 | K19: =I19+J19 -> 26.2 | L19: =IF(G19="",0,F19-(I19-AK19)) -> -0.053894631 | M19: 3.8 | N19: 0 | O19: =0*1.05 -> 0 | P19: 0 | Q19: =1214000/325851/1.9835*1.02 -> 1.9158769 | R19: 0 | S19: =IF(((2.5*1.04)-T19)>=4.2,4.2,(2.5*1.04)-T19) -> 2.0968646 | T19: =(0.4564*1.06)*1.04 -> 0.50313536 | U19: =M19-(Q19+R19+S19+T19) -> -0.71587688 | V19: 0 | W19: 0 | X19: =MAX(0,M19-N19-P19-O19-Q19-R19-S19-T19-U19+V19+W19-AU19+AS19) -> 0 | Y19: =X19-AP19 -> 0 | AH19: 41 | AI19: =AI18-AH19 -> 3820.1579 | AK19: =N19+O19+P19+Q19+R19+S19+T19+U19+X19+AE19+AH19 -> 44.8 | AL19: =IF(L19<0,L19*-1,0) -> 0.053894631 | AM19: =AK19+AL19 -> 44.853895 | AO19: =IF(G19="","",IF(I19>=795,795-X19,I19-Q19-R19-X19-AF19)-AJ19) -> 24.284123 | AW19: 0.02 | AX19: 49 | AY19: 18 | BA19: =SUM(N19,P19:U19) -> 3.8 | BB19: 1.63 | BC19: 15978 | BE19: =BE18+1 -> 5 | BF19: 6901.42 | BG19: =B19-BF19 -> -0.02 | BH19: 27.871875 | BI19: =AH19-BH19 -> 13.128125
A20: =A19+1 -> 6 | B20: 6901.39 | C20: =IF(B20="",C19,VLOOKUP(TRUNC(B20,1),VLOOKUP!$A$3:$K$2834,RIGHT(TEXT(B20,"0000.00"),1)+2,FALSE)) -> 288738 | D20: =C20-C19 -> -37 | E20: =C20-152000 -> 136738 | F20: =D20/$D$2 -> -18.653895 | G20: 31.6 | H20: 0 | I20: =G20+H20 -> 31.6 | J20: =IF(L20>0,L20,0) -> 0 | K20: =I20+J20 -> 31.6 | L20: =IF(G20="",0,F20-(I20-AK20)) -> -5.8538946 | M20: 3.4 | N20: 0 | O20: =0*1.05 -> 0 | P20: 0 | Q20: =1226700/325851/1.9835*1.02 -> 1.9359194 | R20: 0 | S20: =IF(((2.1*1.04)-T20)>=4.2,4.2,(2.1*1.04)-T20) -> 1.6808646 | T20: =(0.4564*1.06)*1.04 -> 0.50313536 | U20: =M20-(Q20+R20+S20+T20) -> -0.71991941 | V20: 0 | W20: 0 | X20: =MAX(0,M20-N20-P20-O20-Q20-R20-S20-T20-U20+V20+W20-AU20+AS20) -> 3.3306691e-16 | Y20: =X20-AP20 -> 3.3306691e-16 | AH20: 41 | AI20: =AI19-AH20 -> 3779.1579 | AK20: =N20+O20+P20+Q20+R20+S20+T20+U20+X20+AE20+AH20 -> 44.4 | AL20: =IF(L20<0,L20*-1,0) -> 5.8538946 | AM20: =AK20+AL20 -> 50.253895 | AO20: =IF(G20="","",IF(I20>=795,795-X20,I20-Q20-R20-X20-AF20)-AJ20) -> 29.664081 | AW20: 0.01 | AX20: 41 | AY20: 15 | BA20: =SUM(N20,P20:U20) -> 3.4 | BB20: 1.63 | BC20: 15978 | BE20: =BE19+1 -> 6 | BF20: 6901.39 | BG20: =B20-BF20 -> 0 | BH20: 27.8375 | BI20: =AH20-BH20 -> 13.1625
A21: =A20+1 -> 7 | B21: 6901.39 | C21: =IF(B21="",C20,VLOOKUP(TRUNC(B21,1),VLOOKUP!$A$3:$K$2834,RIGHT(TEXT(B21,"0000.00"),1)+2,FALSE)) -> 288738 | D21: =C21-C20 -> 0 | E21: =C21-152000 -> 136738 | F21: =D21/$D$2 -> 0 | G21: 36.3 | H21: 0 | I21: =G21+H21 -> 36.3 | J21: =IF(L21>0,L21,0) -> 8.1 | K21: =I21+J21 -> 44.4 | L21: =IF(G21="",0,F21-(I21-AK21)) -> 8.1 | M21: 3.4 | N21: 0 | O21: =0*1.05 -> 0 | P21: 0 | Q21: =988800/325851/1.9835*1.02 -> 1.560477 | R21: 0 | S21: =IF(((2.7*1.04)-T21)>=4.2,4.2,(2.7*1.04)-T21) -> 2.3048646 | T21: =(0.4564*1.06)*1.04 -> 0.50313536 | U21: =M21-(Q21+R21+S21+T21) -> -0.96847698 | V21: 0 | W21: 0 | X21: =MAX(0,M21-N21-P21-O21-Q21-R21-S21-T21-U21+V21+W21-AU21+AS21) -> 0 | Y21: =X21-AP21 -> 0 | AH21: 41 | AI21: =AI20-AH21 -> 3738.1579 | AK21: =N21+O21+P21+Q21+R21+S21+T21+U21+X21+AE21+AH21 -> 44.4 | AL21: =IF(L21<0,L21*-1,0) -> 0 | AM21: =AK21+AL21 -> 44.4 | AO21: =IF(G21="","",IF(I21>=795,795-X21,I21-Q21-R21-X21-AF21)-AJ21) -> 34.739523 | AW21: 0 | AX21: 46 | AY21: 16 | BA21: =SUM(N21,P21:U21) -> 3.4 | BB21: 1.63 | BC21: 15978 | BE21: =BE20+1 -> 7 | BF21: 6901.39 | BG21: =B21-BF21 -> 0 | BH21: 27.928125 | BI21: =AH21-BH21 -> 13.071875
A22: =A21+1 -> 8 | B22: 6901.38 | C22: =IF(B22="",C21,VLOOKUP(TRUNC(B22,1),VLOOKUP!$A$3:$K$2834,RIGHT(TEXT(B22,"0000.00"),1)+2,FALSE)) -> 288700 | D22: =C22-C21 -> -38 | E22: =C22-152000 -> 136700 | F22: =D22/$D$2 -> -19.158054 | G22: 40.5 | H22: 0 | I22: =G22+H22 -> 40.5 | J22: =IF(L22>0,L22,0) -> 0 | K22: =I22+J22 -> 40.5 | L22: =IF(G22="",0,F22-(I22-AK22)) -> -14.758054 | M22: 3.9 | N22: 0 | O22: =0*1.05 -> 0 | P22: 0 | Q22: =1000900/325851/1.9835*1.02 -> 1.5795726 | R22: 0 | S22: =IF(((2.2*1.04)-T22)>=4.2,4.2,(2.2*1.04)-T22) -> 1.7848646 | T22: =(0.4564*1.06)*1.04 -> 0.50313536 | U22: =M22-(Q22+R22+S22+T22) -> 0.032427377 | V22: 0 | W22: 0 | X22: =MAX(0,M22-N22-P22-O22-Q22-R22-S22-T22-U22+V22+W22-AU22+AS22) -> 0 | Y22: =X22-AP22 -> 0 | AH22: 41 | AI22: =AI21-AH22 -> 3697.1579 | AK22: =N22+O22+P22+Q22+R22+S22+T22+U22+X22+AE22+AH22 -> 44.9 | AL22: =IF(L22<0,L22*-1,0) -> 14.758054 | AM22: =AK22+AL22 -> 59.658054 | AO22: =IF(G22="","",IF(I22>=795,795-X22,I22-Q22-R22-X22-AF22)-AJ22) -> 38.920427 | AW22: 0 | AX22: 48 | AY22: 18 | BA22: =SUM(N22,P22:U22) -> 3.9 | BB22: 1.63 | BC22: 15994 | BE22: =BE21+1 -> 8 | BF22: 6901.38 | BG22: =B22-BF22 -> 0 | BH22: 27.794792 | BI22: =AH22-BH22 -> 13.205208
A23: =A22+1 -> 9 | B23: 6901.38 | C23: =IF(B23="",C22,VLOOKUP(TRUNC(B23,1),VLOOKUP!$A$3:$K$2834,RIGHT(TEXT(B23,"0000.00"),1)+2,FALSE)) -> 288700 | D23: =C23-C22 -> 0 | E23: =C23-152000 -> 136700 | F23: =D23/$D$2 -> 0 | G23: 43.2 | H23: 0 | I23: =G23+H23 -> 43.2 | J23: =IF(L23>0,L23,0) -> 1.9 | K23: =I23+J23 -> 45.1 | L23: =IF(G23="",0,F23-(I23-AK23)) -> 1.9 | M23: 4.1 | N23: 0 | O23: =0*1.05 -> 0 | P23: 0 | Q23: =1034100/325851/1.9835*1.02 -> 1.6319673 | R23: 0 | S23: =IF(((2.5*1.04)-T23)>=4.2,4.2,(2.5*1.04)-T23) -> 2.0968646 | T23: =(0.4564*1.06)*1.04 -> 0.50313536 | U23: =M23-(Q23+R23+S23+T23) -> -0.13196728 | V23: 0 | W23: 0 | X23: =MAX(0,M23-N23-P23-O23-Q23-R23-S23-T23-U23+V23+W23-AU23+AS23) -> 0 | Y23: =X23-AP23 -> 0 | AH23: 41 | AI23: =AI22-AH23 -> 3656.1579 | AK23: =N23+O23+P23+Q23+R23+S23+T23+U23+X23+AE23+AH23 -> 45.1 | AL23: =IF(L23<0,L23*-1,0) -> 0 | AM23: =AK23+AL23 -> 45.1 | AO23: =IF(G23="","",IF(I23>=795,795-X23,I23-Q23-R23-X23-AF23)-AJ23) -> 41.568033 | AW23: 0 | AX23: 39 | AY23: 17 | BA23: =SUM(N23,P23:U23) -> 4.1 | BB23: 1.63 | BC23: 15998 | BE23: =BE22+1 -> 9 | BF23: 6901.38 | BG23: =B23-BF23 -> 0 | BH23: 27.78125 | BI23: =AH23-BH23 -> 13.21875
A24: =A23+1 -> 10 | B24: 6901.37 | C24: =IF(B24="",C23,VLOOKUP(TRUNC(B24,1),VLOOKUP!$A$3:$K$2834,RIGHT(TEXT(B24,"0000.00"),1)+2,FALSE)) -> 288663 | D24: =C24-C23 -> -37 | E24: =C24-152000 -> 136663 | F24: =D24/$D$2 -> -18.653895 | G24: 40.2 | H24: 0 | I24: =G24+H24 -> 40.2 | J24: =IF(L24>0,L24,0) -> 0 | K24: =I24+J24 -> 40.2 | L24: =IF(G24="",0,F24-(I24-AK24)) -> -13.753895 | M24: 4.1 | N24: 0 | O24: =0*1.05 -> 0 | P24: 0 | Q24: =917500/325851/1.9835*1.02 -> 1.4479547 | R24: 0 | S24: =IF(((2.4*1.04)-T24)>=4.2,4.2,(2.4*1.04)-T24) -> 1.8068898 | T24: =(0.6251*1.06)*1.04 -> 0.68911024 | U24: =M24-(Q24+R24+S24+T24) -> 0.15604528 | V24: 0 | W24: 0 | X24: =MAX(0,M24-N24-P24-O24-Q24-R24-S24-T24-U24+V24+W24-AU24+AS24) -> 1.110223e-16 | Y24: =X24-AP24 -> 1.110223e-16 | AH24: 41 | AI24: =AI23-AH24 -> 3615.1579 | AK24: =N24+O24+P24+Q24+R24+S24+T24+U24+X24+AE24+AH24 -> 45.1 | AL24: =IF(L24<0,L24*-1,0) -> 13.753895 | AM24: =AK24+AL24 -> 58.853895 | AO24: =IF(G24="","",IF(I24>=795,795-X24,I24-Q24-R24-X24-AF24)-AJ24) -> 38.752045 | AW24: 0.035 | AX24: 33 | AY24: 6 | BA24: =SUM(N24,P24:U24) -> 4.1 | BB24: 1.63 | BC24: 15992 | BE24: =BE23+1 -> 10 | BF24: 6901.36 | BG24: =B24-BF24 -> 0.01 | BH24: 27.936458 | BI24: =AH24-BH24 -> 13.063542
A25: =A24+1 -> 11 | B25: 6901.36 | C25: =IF(B25="",C24,VLOOKUP(TRUNC(B25,1),VLOOKUP!$A$3:$K$2834,RIGHT(TEXT(B25,"0000.00"),1)+2,FALSE)) -> 288626 | D25: =C25-C24 -> -37 | E25: =C25-152000 -> 136626 | F25: =D25/$D$2 -> -18.653895 | G25: 35.8 | H25: 0 | I25: =G25+H25 -> 35.8 | J25: =IF(L25>0,L25,0) -> 0 | K25: =I25+J25 -> 35.8 | L25: =IF(G25="",0,F25-(I25-AK25)) -> -9.9538946 | M25: 3.5 | N25: 0 | O25: =0*1.05 -> 0 | P25: 0 | Q25: =1141300/325851/1.9835*1.02 -> 1.8011452 | R25: 0 | S25: =IF(((2.4*1.04)-T25)>=4.2,4.2,(2.4*1.04)-T25) -> 1.8068898 | T25: =(0.6251*1.06)*1.04 -> 0.68911024 | U25: =M25-(Q25+R25+S25+T25) -> -0.7971452 | V25: 0 | W25: 0 | X25: =MAX(0,M25-N25-P25-O25-Q25-R25-S25-T25-U25+V25+W25-AU25+AS25) -> 0 | Y25: =X25-AP25 -> 0 | AH25: 41 | AI25: =AI24-AH25 -> 3574.1579 | AK25: =N25+O25+P25+Q25+R25+S25+T25+U25+X25+AE25+AH25 -> 44.5 | AL25: =IF(L25<0,L25*-1,0) -> 9.9538946 | AM25: =AK25+AL25 -> 54.453895 | AO25: =IF(G25="","",IF(I25>=795,795-X25,I25-Q25-R25-X25-AF25)-AJ25) -> 33.998855 | AW25: 0.04 | AX25: 40 | AY25: 6 | BA25: =SUM(N25,P25:U25) -> 3.5 | BB25: 1.63 | BC25: 15984 | BE25: =BE24+1 -> 11 | BF25: 6901.36 | BG25: =B25-BF25 -> 0 | BH25: 27.83125 | BI25: =AH25-BH25 -> 13.16875
A26: =A25+1 -> 12 | B26: 6901.36 | C26: =IF(B26="",C25,VLOOKUP(TRUNC(B26,1),VLOOKUP!$A$3:$K$2834,RIGHT(TEXT(B26,"0000.00"),1)+2,FALSE)) -> 288626 | D26: =C26-C25 -> 0 | E26: =C26-152000 -> 136626 | F26: =D26/$D$2 -> 0 | G26: 35.9 | H26: 0 | I26: =G26+H26 -> 35.9 | J26: =IF(L26>0,L26,0) -> 8.5 | K26: =I26+J26 -> 44.4 | L26: =IF(G26="",0,F26-(I26-AK26)) -> 8.5 | M26: 3.4 | N26: 0 | O26: =0*1.05 -> 0 | P26: 0 | Q26: =1158100/325851/1.9835*1.02 -> 1.8276582 | R26: 0 | S26: =IF(((2.4*1.04)-T26)>=4.2,4.2,(2.4*1.04)-T26) -> 1.8068898 | T26: =(0.6251*1.06)*1.04 -> 0.68911024 | U26: =M26-(Q26+R26+S26+T26) -> -0.92365816 | V26: 0 | W26: 0 | X26: =MAX(0,M26-N26-P26-O26-Q26-R26-S26-T26-U26+V26+W26-AU26+AS26) -> 0 | Y26: =X26-AP26 -> 0 | AH26: 41 | AI26: =AI25-AH26 -> 3533.1579 | AK26: =N26+O26+P26+Q26+R26+S26+T26+U26+X26+AE26+AH26 -> 44.4 | AL26: =IF(L26<0,L26*-1,0) -> 0 | AM26: =AK26+AL26 -> 44.4 | AO26: =IF(G26="","",IF(I26>=795,795-X26,I26-Q26-R26-X26-AF26)-AJ26) -> 34.072342 | AW26: 0.02 | AX26: 37 | AY26: 13 | BA26: =SUM(N26,P26:U26) -> 3.4 | BB26: 1.63 | BC26: 15988 | BE26: =BE25+1 -> 12 | BF26: 6901.36 | BG26: =B26-BF26 -> 0 | BH26: 27.878125 | BI26: =AH26-BH26 -> 13.121875
A27: =A26+1 -> 13 | B27: 6901.35 | C27: =IF(B27="",C26,VLOOKUP(TRUNC(B27,1),VLOOKUP!$A$3:$K$2834,RIGHT(TEXT(B27,"0000.00"),1)+2,FALSE)) -> 288588 | D27: =C27-C26 -> -38 | E27: =C27-152000 -> 136588 | F27: =D27/$D$2 -> -19.158054 | G27: 39.4 | H27: 0 | I27: =G27+H27 -> 39.4 | J27: =IF(L27>0,L27,0) -> 0 | K27: =I27+J27 -> 39.4 | L27: =IF(G27="",0,F27-(I27-AK27)) -> -13.958054 | M27: 3.6 | N27: 0 | O27: =0*1.05 -> 0 | P27: 0 | Q27: =1084300/325851/1.9835*1.02 -> 1.7111905 | R27: 0 | S27: =IF(((2.4*1.04)-T27)>=4.2,4.2,(2.4*1.04)-T27) -> 1.8068898 | T27: =(0.6251*1.06)*1.04 -> 0.68911024 | U27: =M27-(Q27+R27+S27+T27) -> -0.60719052 | V27: 0 | W27: 0 | X27: =MAX(0,M27-N27-P27-O27-Q27-R27-S27-T27-U27+V27+W27-AU27+AS27) -> 1.110223e-16 | Y27: =X27-AP27 -> 1.110223e-16 | AH27: 41 | AI27: =AI26-AH27 -> 3492.1579 | AK27: =N27+O27+P27+Q27+R27+S27+T27+U27+X27+AE27+AH27 -> 44.6 | AL27: =IF(L27<0,L27*-1,0) -> 13.958054 | AM27: =AK27+AL27 -> 58.558054 | AO27: =IF(G27="","",IF(I27>=795,795-X27,I27-Q27-R27-X27-AF27)-AJ27) -> 37.688809 | AW27: 0.02 | AX27: 42 | AY27: 23 | BA27: =SUM(N27,P27:U27) -> 3.6 | BB27: 1.63 | BC27: 15991 | BE27: =BE26+1 -> 13 | BF27: 6901.35 | BG27: =B27-BF27 -> 0 | BH27: 27.726042 | BI27: =AH27-BH27 -> 13.273958
A28: =A27+1 -> 14 | B28: 6901.34 | C28: =IF(B28="",C27,VLOOKUP(TRUNC(B28,1),VLOOKUP!$A$3:$K$2834,RIGHT(TEXT(B28,"0000.00"),1)+2,FALSE)) -> 288551 | D28: =C28-C27 -> -37 | E28: =C28-152000 -> 136551 | F28: =D28/$D$2 -> -18.653895 | G28: 38.1 | H28: 0 | I28: =G28+H28 -> 38.1 | J28: =IF(L28>0,L28,0) -> 0 | K28: =I28+J28 -> 38.1 | L28: =IF(G28="",0,F28-(I28-AK28)) -> -11.953895 | M28: 3.8 | N28: 0 | O28: =0*1.05 -> 0 | P28: 0 | Q28: =1000500/325851/1.9835*1.02 -> 1.5789414 | R28: 0 | S28: =IF(((2.5*1.04)-T28)>=4.2,4.2,(2.5*1.04)-T28) -> 1.9108898 | T28: =(0.6251*1.06)*1.04 -> 0.68911024 | U28: =M28-(Q28+R28+S28+T28) -> -0.37894136 | V28: 0 | W28: 0 | X28: =MAX(0,M28-N28-P28-O28-Q28-R28-S28-T28-U28+V28+W28-AU28+AS28) -> 1.110223e-16 | Y28: =X28-AP28 -> 1.110223e-16 | AH28: 41 | AI28: =AI27-AH28 -> 3451.1579 | AK28: =N28+O28+P28+Q28+R28+S28+T28+U28+X28+AE28+AH28 -> 44.8 | AL28: =IF(L28<0,L28*-1,0) -> 11.953895 | AM28: =AK28+AL28 -> 56.753895 | AO28: =IF(G28="","",IF(I28>=795,795-X28,I28-Q28-R28-X28-AF28)-AJ28) -> 36.521059 | AW28: 0 | AX28: 52 | AY28: 20 | BA28: =SUM(N28,P28:U28) -> 3.8 | BB28: 1.63 | BC28: 15991 | BE28: =BE27+1 -> 14 | BF28: 6901.35 | BG28: =B28-BF28 -> -0.01 | BH28: 27.789583 | BI28: =AH28-BH28 -> 13.210417
A29: =A28+1 -> 15 | B29: 6901.34 | C29: =IF(B29="",C28,VLOOKUP(TRUNC(B29,1),VLOOKUP!$A$3:$K$2834,RIGHT(TEXT(B29,"0000.00"),1)+2,FALSE)) -> 288551 | D29: =C29-C28 -> 0 | E29: =C29-152000 -> 136551 | F29: =D29/$D$2 -> 0 | G29: 34.4 | H29: 0 | I29: =G29+H29 -> 34.4 | J29: =IF(L29>0,L29,0) -> 10.5 | K29: =I29+J29 -> 44.9 | L29: =IF(G29="",0,F29-(I29-AK29)) -> 10.5 | M29: 3.9 | N29: 0 | O29: =0*1.05 -> 0 | P29: 0 | Q29: =1191400/325851/1.9835*1.02 -> 1.8802106 | R29: 0 | S29: =IF(((2.3*1.04)-T29)>=4.2,4.2,(2.3*1.04)-T29) -> 1.7028898 | T29: =(0.6251*1.06)*1.04 -> 0.68911024 | U29: =M29-(Q29+R29+S29+T29) -> -0.37221063 | V29: 0 | W29: 0 | X29: =MAX(0,M29-N29-P29-O29-Q29-R29-S29-T29-U29+V29+W29-AU29+AS29) -> 1.110223e-16 | Y29: =X29-AP29 -> 1.110223e-16 | AH29: 41 | AI29: =AI28-AH29 -> 3410.1579 | AK29: =N29+O29+P29+Q29+R29+S29+T29+U29+X29+AE29+AH29 -> 44.9 | AL29: =IF(L29<0,L29*-1,0) -> 0 | AM29: =AK29+AL29 -> 44.9 | AO29: =IF(G29="","",IF(I29>=795,795-X29,I29-Q29-R29-X29-AF29)-AJ29) -> 32.519789 | AW29: 0 | AX29: 52 | AY29: 20 | BA29: =SUM(N29,P29:U29) -> 3.9 | BB29: 1.63 | BC29: 15991 | BE29: =BE28+1 -> 15 | BF29: 6901.35 | BG29: =B29-BF29 -> -0.01 | BH29: 27.801042 | BI29: =AH29-BH29 -> 13.198958
A30: =A29+1 -> 16 | B30: 6901.34 | C30: =IF(B30="",C29,VLOOKUP(TRUNC(B30,1),VLOOKUP!$A$3:$K$2834,RIGHT(TEXT(B30,"0000.00"),1)+2,FALSE)) -> 288551 | D30: =C30-C29 -> 0 | E30: =C30-152000 -> 136551 | F30: =D30/$D$2 -> 0 | G30: 34.7 | H30: 0 | I30: =G30+H30 -> 34.7 | J30: =IF(L30>0,L30,0) -> 10.1 | K30: =I30+J30 -> 44.8 | L30: =IF(G30="",0,F30-(I30-AK30)) -> 10.1 | M30: 3.8 | N30: 0 | O30: =0*1.05 -> 0 | P30: 0 | Q30: =1033500/325851/1.9835*1.02 -> 1.6310204 | R30: 0 | S30: =IF(((2.4*1.04)-T30)>=4.2,4.2,(2.4*1.04)-T30) -> 1.8068898 | T30: =(0.6251*1.06)*1.04 -> 0.68911024 | U30: =M30-(Q30+R30+S30+T30) -> -0.32702039 | V30: 0 | W30: 0 | X30: =MAX(0,M30-N30-P30-O30-Q30-R30-S30-T30-U30+V30+W30-AU30+AS30) -> 0 | Y30: =X30-AP30 -> 0 | AH30: 41 | AI30: =AI29-AH30 -> 3369.1579 | AK30: =N30+O30+P30+Q30+R30+S30+T30+U30+X30+AE30+AH30 -> 44.8 | AL30: =IF(L30<0,L30*-1,0) -> 0 | AM30: =AK30+AL30 -> 44.8 | AO30: =IF(G30="","",IF(I30>=795,795-X30,I30-Q30-R30-X30-AF30)-AJ30) -> 33.06898 | AW30: 0 | AX30: 48 | AY30: 25 | BA30: =SUM(N30,P30:U30) -> 3.8 | BB30: 1.63 | BC30: 15991 | BE30: =BE29+1 -> 16 | BF30: 6901.34 | BG30: =B30-BF30 -> 0 | BH30: 27.692708 | BI30: =AH30-BH30 -> 13.307292
A31: =A30+1 -> 17 | B31: 6901.32 | C31: =IF(B31="",C30,VLOOKUP(TRUNC(B31,1),VLOOKUP!$A$3:$K$2834,RIGHT(TEXT(B31,"0000.00"),1)+2,FALSE)) -> 288476 | D31: =C31-C30 -> -75 | E31: =C31-152000 -> 136476 | F31: =D31/$D$2 -> -37.811949 | G31: 37.2 | H31: 0 | I31: =G31+H31 -> 37.2 | J31: =IF(L31>0,L31,0) -> 0 | K31: =I31+J31 -> 37.2 | L31: =IF(G31="",0,F31-(I31-AK31)) -> -30.311949 | M31: 3.7 | N31: 0 | O31: =0*1.05 -> 0 | P31: 0 | Q31: =1003800/325851/1.9835*1.02 -> 1.5841493 | R31: 0 | S31: =IF(((2.5*1.04)-T31)>=4.2,4.2,(2.5*1.04)-T31) -> 1.9488123 | T31: =(0.5907*1.06)*1.04 -> 0.65118768 | U31: =M31-(Q31+R31+S31+T31) -> -0.48414926 | V31: 0 | W31: 0 | X31: =MAX(0,M31-N31-P31-O31-Q31-R31-S31-T31-U31+V31+W31-AU31+AS31) -> 0 | Y31: =X31-AP31 -> 0 | AH31: 41 | AI31: =AI30-AH31 -> 3328.1579 | AK31: =N31+O31+P31+Q31+R31+S31+T31+U31+X31+AE31+AH31 -> 44.7 | AL31: =IF(L31<0,L31*-1,0) -> 30.311949 | AM31: =AK31+AL31 -> 75.011949 | AO31: =IF(G31="","",IF(I31>=795,795-X31,I31-Q31-R31-X31-AF31)-AJ31) -> 35.615851 | AW31: 0.02 | AX31: 39 | AY31: 15 | BA31: =SUM(N31,P31:U31) -> 3.7 | BB31: 1.63 | BC31: 15994 | BE31: =BE30+1 -> 17 | BF31: 6901.32 | BG31: =B31-BF31 -> 0 | BH31: 27.767708 | BI31: =AH31-BH31 -> 13.232292
A32: =A31+1 -> 18 | B32: 6901.32 | C32: =IF(B32="",C31,VLOOKUP(TRUNC(B32,1),VLOOKUP!$A$3:$K$2834,RIGHT(TEXT(B32,"0000.00"),1)+2,FALSE)) -> 288476 | D32: =C32-C31 -> 0 | E32: =C32-152000 -> 136476 | F32: =D32/$D$2 -> 0 | G32: 36.5 | H32: 0 | I32: =G32+H32 -> 36.5 | J32: =IF(L32>0,L32,0) -> 8.2 | K32: =I32+J32 -> 44.7 | L32: =IF(G32="",0,F32-(I32-AK32)) -> 8.2 | M32: 3.7 | N32: 0 | O32: =0*1.05 -> 0 | P32: 0 | Q32: =982200/325851/1.9835*1.02 -> 1.5500612 | R32: 0 | S32: =IF(((2*1.04)-T32)>=4.2,4.2,(2*1.04)-T32) -> 1.4288123 | T32: =(0.5907*1.06)*1.04 -> 0.65118768 | U32: =M32-(Q32+R32+S32+T32) -> 0.069938824 | V32: 0 | W32: 0 | X32: =MAX(0,M32-N32-P32-O32-Q32-R32-S32-T32-U32+V32+W32-AU32+AS32) -> 0 | Y32: =X32-AP32 -> 0 | AH32: 41 | AI32: =AI31-AH32 -> 3287.1579 | AK32: =N32+O32+P32+Q32+R32+S32+T32+U32+X32+AE32+AH32 -> 44.7 | AL32: =IF(L32<0,L32*-1,0) -> 0 | AM32: =AK32+AL32 -> 44.7 | AO32: =IF(G32="","",IF(I32>=795,795-X32,I32-Q32-R32-X32-AF32)-AJ32) -> 34.949939 | AW32: 0 | AX32: 40 | AY32: 13 | BA32: =SUM(N32,P32:U32) -> 3.7 | BB32: 1.63 | BC32: 15998 | BE32: =BE31+1 -> 18 | BF32: 6901.32 | BG32: =B32-BF32 -> 0 | BH32: 27.855208 | BI32: =AH32-BH32 -> 13.144792
A33: =A32+1 -> 19 | B33: 6901.31 | C33: =IF(B33="",C32,VLOOKUP(TRUNC(B33,1),VLOOKUP!$A$3:$K$2834,RIGHT(TEXT(B33,"0000.00"),1)+2,FALSE)) -> 288439 | D33: =C33-C32 -> -37 | E33: =C33-152000 -> 136439 | F33: =D33/$D$2 -> -18.653895 | G33: 35.8 | H33: 0 | I33: =G33+H33 -> 35.8 | J33: =IF(L33>0,L33,0) -> 0 | K33: =I33+J33 -> 35.8 | L33: =IF(G33="",0,F33-(I33-AK33)) -> -10.153895 | M33: 3.3 | N33: 0 | O33: =0*1.05 -> 0 | P33: 0 | Q33: =1410200/325851/1.9835*1.02 -> 2.2255104 | R33: 0 | S33: =IF(((1.9*1.04)-T33)>=4.2,4.2,(1.9*1.04)-T33) -> 1.3248123 | T33: =(0.5907*1.06)*1.04 -> 0.65118768 | U33: =M33-(Q33+R33+S33+T33) -> -0.90151035 | V33: 0 | W33: 0 | X33: =MAX(0,M33-N33-P33-O33-Q33-R33-S33-T33-U33+V33+W33-AU33+AS33) -> 3.3306691e-16 | Y33: =X33-AP33 -> 3.3306691e-16 | AH33: 41 | AI33: =AI32-AH33 -> 3246.1579 | AK33: =N33+O33+P33+Q33+R33+S33+T33+U33+X33+AE33+AH33 -> 44.3 | AL33: =IF(L33<0,L33*-1,0) -> 10.153895 | AM33: =AK33+AL33 -> 54.453895 | AO33: =IF(G33="","",IF(I33>=795,795-X33,I33-Q33-R33-X33-AF33)-AJ33) -> 33.57449 | AW33: 0 | AX33: 45 | AY33: 16 | BA33: =SUM(N33,P33:U33) -> 3.3 | BB33: 1.63 | BC33: 16000 | BE33: =BE32+1 -> 19 | BF33: 6901.33 | BG33: =B33-BF33 -> -0.02 | BH33: 27.858333 | BI33: =AH33-BH33 -> 13.141667
A34: =A33+1 -> 20 | B34: 6901.31 | C34: =IF(B34="",C33,VLOOKUP(TRUNC(B34,1),VLOOKUP!$A$3:$K$2834,RIGHT(TEXT(B34,"0000.00"),1)+2,FALSE)) -> 288439 | D34: =C34-C33 -> 0 | E34: =C34-152000 -> 136439 | F34: =D34/$D$2 -> 0 | G34: 35.7 | H34: 0 | I34: =G34+H34 -> 35.7 | J34: =IF(L34>0,L34,0) -> 8.7 | K34: =I34+J34 -> 44.4 | L34: =IF(G34="",0,F34-(I34-AK34)) -> 8.7 | M34: 3.4 | N34: 0 | O34: =0*1.05 -> 0 | P34: 0 | Q34: =1342200/325851/1.9835*1.02 -> 2.118196 | R34: 0 | S34: =IF(((1.9*1.04)-T34)>=4.2,4.2,(1.9*1.04)-T34) -> 1.3248123 | T34: =(0.5907*1.06)*1.04 -> 0.65118768 | U34: =M34-(Q34+R34+S34+T34) -> -0.694196 | V34: 0 | W34: 0 | X34: =MAX(0,M34-N34-P34-O34-Q34-R34-S34-T34-U34+V34+W34-AU34+AS34) -> 3.3306691e-16 | Y34: =X34-AP34 -> 3.3306691e-16 | AH34: 41 | AI34: =AI33-AH34 -> 3205.1579 | AK34: =N34+O34+P34+Q34+R34+S34+T34+U34+X34+AE34+AH34 -> 44.4 | AL34: =IF(L34<0,L34*-1,0) -> 0 | AM34: =AK34+AL34 -> 44.4 | AO34: =IF(G34="","",IF(I34>=795,795-X34,I34-Q34-R34-X34-AF34)-AJ34) -> 33.581804 | AW34: 0 | AX34: 49 | AY34: 20 | BA34: =SUM(N34,P34:U34) -> 3.4 | BB34: 1.63 | BC34: 15998 | BE34: =BE33+1 -> 20 | BF34: 6901.32 | BG34: =B34-BF34 -> -0.01 | BH34: 27.834375 | BI34: =AH34-BH34 -> 13.165625
A35: =A34+1 -> 21 | B35: 6901.34 | C35: =IF(B35="",C34,VLOOKUP(TRUNC(B35,1),VLOOKUP!$A$3:$K$2834,RIGHT(TEXT(B35,"0000.00"),1)+2,FALSE)) -> 288551 | D35: =C35-C34 -> 112 | E35: =C35-152000 -> 136551 | F35: =D35/$D$2 -> 56.465843 | G35: 38.7 | H35: 0 | I35: =G35+H35 -> 38.7 | J35: =IF(L35>0,L35,0) -> 62.165843 | K35: =I35+J35 -> 100.86584 | L35: =IF(G35="",0,F35-(I35-AK35)) -> 62.165843 | M35: 3.4 | N35: 0 | O35: =0*1.05 -> 0 | P35: 0 | Q35: =1120100/325851/1.9835*1.02 -> 1.7676884 | R35: 0 | S35: =IF(((1.9*1.04)-T35)>=4.2,4.2,(1.9*1.04)-T35) -> 1.3248123 | T35: =(0.5907*1.06)*1.04 -> 0.65118768 | U35: =M35-(Q35+R35+S35+T35) -> -0.34368838 | V35: 0 | W35: 0 | X35: =MAX(0,M35-N35-P35-O35-Q35-R35-S35-T35-U35+V35+W35-AU35+AS35) -> 0 | Y35: =X35-AP35 -> 0 | AH35: 41 | AI35: =AI34-AH35 -> 3164.1579 | AK35: =N35+O35+P35+Q35+R35+S35+T35+U35+X35+AE35+AH35 -> 44.4 | AL35: =IF(L35<0,L35*-1,0) -> 0 | AM35: =AK35+AL35 -> 44.4 | AO35: =IF(G35="","",IF(I35>=795,795-X35,I35-Q35-R35-X35-AF35)-AJ35) -> 36.932312 | AW35: 0.38 | AX35: 45 | AY35: 31 | BA35: =SUM(N35,P35:U35) -> 3.4 | BB35: 1.63 | BC35: 16003 | BE35: =BE34+1 -> 21 | BF35: 6901.34 | BG35: =B35-BF35 -> 0 | BH35: 27.716667 | BI35: =AH35-BH35 -> 13.283333
A36: =A35+1 -> 22 | B36: 6901.34 | C36: =IF(B36="",C35,VLOOKUP(TRUNC(B36,1),VLOOKUP!$A$3:$K$2834,RIGHT(TEXT(B36,"0000.00"),1)+2,FALSE)) -> 288551 | D36: =C36-C35 -> 0 | E36: =C36-152000 -> 136551 | F36: =D36/$D$2 -> 0 | G36: 42.9 | H36: 0 | I36: =G36+H36 -> 42.9 | J36: =IF(L36>0,L36,0) -> 1.5 | K36: =I36+J36 -> 44.4 | L36: =IF(G36="",0,F36-(I36-AK36)) -> 1.5 | M36: 3.4 | N36: 0 | O36: =0*1.05 -> 0 | P36: 0 | Q36: =1099500/325851/1.9835*1.02 -> 1.7351784 | R36: 0 | S36: =IF(((1.9*1.04)-T36)>=4.2,4.2,(1.9*1.04)-T36) -> 1.3248123 | T36: =(0.5907*1.06)*1.04 -> 0.65118768 | U36: =M36-(Q36+R36+S36+T36) -> -0.31117844 | V36: 0 | W36: 0 | X36: =MAX(0,M36-N36-P36-O36-Q36-R36-S36-T36-U36+V36+W36-AU36+AS36) -> 0 | Y36: =X36-AP36 -> 0 | AH36: 41 | AI36: =AI35-AH36 -> 3123.1579 | AK36: =N36+O36+P36+Q36+R36+S36+T36+U36+X36+AE36+AH36 -> 44.4 | AL36: =IF(L36<0,L36*-1,0) -> 0 | AM36: =AK36+AL36 -> 44.4 | AO36: =IF(G36="","",IF(I36>=795,795-X36,I36-Q36-R36-X36-AF36)-AJ36) -> 41.164822 | AW36: 0.02 | AX36: 45 | AY36: 27 | BA36: =SUM(N36,P36:U36) -> 3.4 | BB36: 1.63 | BC36: 16015 | BE36: =BE35+1 -> 22 | BF36: 6901.34 | BG36: =B36-BF36 -> 0 | BH36: 27.764583 | BI36: =AH36-BH36 -> 13.235417
A37: =A36+1 -> 23 | B37: 6901.33 | C37: =IF(B37="",C36,VLOOKUP(TRUNC(B37,1),VLOOKUP!$A$3:$K$2834,RIGHT(TEXT(B37,"0000.00"),1)+2,FALSE)) -> 288514 | D37: =C37-C36 -> -37 | E37: =C37-152000 -> 136514 | F37: =D37/$D$2 -> -18.653895 | G37: 41.3 | H37: 0 | I37: =G37+H37 -> 41.3 | J37: =IF(L37>0,L37,0) -> 0 | K37: =I37+J37 -> 41.3 | L37: =IF(G37="",0,F37-(I37-AK37)) -> -15.653895 | M37: 3.3 | N37: 0 | O37: =0*1.05 -> 0 | P37: 0 | Q37: =1067300/325851/1.9835*1.02 -> 1.6843619 | R37: 0 | S37: =IF(((1.9*1.04)-T37)>=4.2,4.2,(1.9*1.04)-T37) -> 1.3248123 | T37: =(0.5907*1.06)*1.04 -> 0.65118768 | U37: =M37-(Q37+R37+S37+T37) -> -0.36036194 | V37: 0 | W37: 0 | X37: =MAX(0,M37-N37-P37-O37-Q37-R37-S37-T37-U37+V37+W37-AU37+AS37) -> 0 | Y37: =X37-AP37 -> 0 | AH37: 41 | AI37: =AI36-AH37 -> 3082.1579 | AK37: =N37+O37+P37+Q37+R37+S37+T37+U37+X37+AE37+AH37 -> 44.3 | AL37: =IF(L37<0,L37*-1,0) -> 15.653895 | AM37: =AK37+AL37 -> 59.953895 | AO37: =IF(G37="","",IF(I37>=795,795-X37,I37-Q37-R37-X37-AF37)-AJ37) -> 39.615638 | AW37: 0 | AX37: 48 | AY37: 28 | BA37: =SUM(N37,P37:U37) -> 3.3 | BB37: 1.63 | BC37: 16017 | BE37: =BE36+1 -> 23 | BF37: 6901.34 | BG37: =B37-BF37 -> -0.01 | BH37: 27.907292 | BI37: =AH37-BH37 -> 13.092708
A38: =A37+1 -> 24 | B38: 6901.33 | C38: =IF(B38="",C37,VLOOKUP(TRUNC(B38,1),VLOOKUP!$A$3:$K$2834,RIGHT(TEXT(B38,"0000.00"),1)+2,FALSE)) -> 288514 | D38: =C38-C37 -> 0 | E38: =C38-152000 -> 136514 | F38: =D38/$D$2 -> 0 | G38: 38.4 | H38: 0 | I38: =G38+H38 -> 38.4 | J38: =IF(L38>0,L38,0) -> 5.1 | K38: =I38+J38 -> 43.5 | L38: =IF(G38="",0,F38-(I38-AK38)) -> 5.1 | M38: 2.5 | N38: 0 | O38: =0*1.05 -> 0 | P38: 0 | Q38: =1023200/325851/1.9835*1.02 -> 1.6147654 | R38: 0 | S38: =IF(((2*1.04)-T38)>=4.2,4.2,(2*1.04)-T38) -> 1.4748926 | T38: =(0.5489*1.06)*1.04 -> 0.60510736 | U38: =M38-(Q38+R38+S38+T38) -> -1.1947654 | V38: 0 | W38: 0 | X38: =MAX(0,M38-N38-P38-O38-Q38-R38-S38-T38-U38+V38+W38-AU38+AS38) -> 2.220446e-16 | Y38: =X38-AP38 -> 2.220446e-16 | AH38: 41 | AI38: =AI37-AH38 -> 3041.1579 | AK38: =N38+O38+P38+Q38+R38+S38+T38+U38+X38+AE38+AH38 -> 43.5 | AL38: =IF(L38<0,L38*-1,0) -> 0 | AM38: =AK38+AL38 -> 43.5 | AO38: =IF(G38="","",IF(I38>=795,795-X38,I38-Q38-R38-X38-AF38)-AJ38) -> 36.785235 | AW38: 0 | AX38: 48 | AY38: 28 | BA38: =SUM(N38,P38:U38) -> 2.5 | BB38: 1.63 | BC38: 16015 | BE38: =BE37+1 -> 24 | BF38: 6901.34 | BG38: =B38-BF38 -> -0.01 | BH38: 27.872917 | BI38: =AH38-BH38 -> 13.127083
A39: =A38+1 -> 25 | B39: 6901.32 | C39: =IF(B39="",C38,VLOOKUP(TRUNC(B39,1),VLOOKUP!$A$3:$K$2834,RIGHT(TEXT(B39,"0000.00"),1)+2,FALSE)) -> 288476 | D39: =C39-C38 -> -38 | E39: =C39-152000 -> 136476 | F39: =D39/$D$2 -> -19.158054 | G39: 35.5 | H39: 0 | I39: =G39+H39 -> 35.5 | J39: =IF(L39>0,L39,0) -> 0 | K39: =I39+J39 -> 35.5 | L39: =IF(G39="",0,F39-(I39-AK39)) -> -9.9580539 | M39: 3.7 | N39: 0 | O39: =0*1.05 -> 0 | P39: 0 | Q39: =1125100/325851/1.9835*1.02 -> 1.7755791 | R39: 0 | S39: =IF(((1.9*1.04)-T39)>=4.2,4.2,(1.9*1.04)-T39) -> 1.3708926 | T39: =(0.5489*1.06)*1.04 -> 0.60510736 | U39: =M39-(Q39+R39+S39+T39) -> -0.051579137 | V39: 0 | W39: 0 | X39: =MAX(0,M39-N39-P39-O39-Q39-R39-S39-T39-U39+V39+W39-AU39+AS39) -> 2.220446e-16 | Y39: =X39-AP39 -> 2.220446e-16 | AH39: 41 | AI39: =AI38-AH39 -> 3000.1579 | AK39: =N39+O39+P39+Q39+R39+S39+T39+U39+X39+AE39+AH39 -> 44.7 | AL39: =IF(L39<0,L39*-1,0) -> 9.9580539 | AM39: =AK39+AL39 -> 54.658054 | AO39: =IF(G39="","",IF(I39>=795,795-X39,I39-Q39-R39-X39-AF39)-AJ39) -> 33.724421 | AW39: 0 | AX39: 49 | AY39: 21 | BA39: =SUM(N39,P39:U39) -> 3.7 | BB39: 1.63 | BC39: 16016 | BE39: =BE38+1 -> 25 | BF39: 6901.33 | BG39: =B39-BF39 -> -0.01 | BH39: 27.770833 | BI39: =AH39-BH39 -> 13.229167
A40: =A39+1 -> 26 | B40: 6901.32 | C40: =IF(B40="",C39,VLOOKUP(TRUNC(B40,1),VLOOKUP!$A$3:$K$2834,RIGHT(TEXT(B40,"0000.00"),1)+2,FALSE)) -> 288476 | D40: =C40-C39 -> 0 | E40: =C40-152000 -> 136476 | F40: =D40/$D$2 -> 0 | G40: 35.6 | H40: 0 | I40: =G40+H40 -> 35.6 | J40: =IF(L40>0,L40,0) -> 9.1 | K40: =I40+J40 -> 44.7 | L40: =IF(G40="",0,F40-(I40-AK40)) -> 9.1 | M40: 3.7 | N40: 0 | O40: =0*1.05 -> 0 | P40: 0 | Q40: =1324200/325851/1.9835*1.02 -> 2.0897893 | R40: 0 | S40: =IF(((1.9*1.04)-T40)>=4.2,4.2,(1.9*1.04)-T40) -> 1.3708926 | T40: =(0.5489*1.06)*1.04 -> 0.60510736 | U40: =M40-(Q40+R40+S40+T40) -> -0.36578926 | V40: 0 | W40: 0 | X40: =MAX(0,M40-N40-P40-O40-Q40-R40-S40-T40-U40+V40+W40-AU40+AS40) -> 0 | Y40: =X40-AP40 -> 0 | AH40: 41 | AI40: =AI39-AH40 -> 2959.1579 | AK40: =N40+O40+P40+Q40+R40+S40+T40+U40+X40+AE40+AH40 -> 44.7 | AL40: =IF(L40<0,L40*-1,0) -> 0 | AM40: =AK40+AL40 -> 44.7 | AO40: =IF(G40="","",IF(I40>=795,795-X40,I40-Q40-R40-X40-AF40)-AJ40) -> 33.510211 | AW40: 0 | AX40: 50 | AY40: 22 | BA40: =SUM(N40,P40:U40) -> 3.7 | BB40: 1.63 | BC40: 16016 | BE40: =BE39+1 -> 26 | BF40: 6901.32 | BG40: =B40-BF40 -> 0 | BH40: 27.838542 | BI40: =AH40-BH40 -> 13.161458
A41: =A40+1 -> 27 | B41: 6901.32 | C41: =IF(B41="",C40,VLOOKUP(TRUNC(B41,1),VLOOKUP!$A$3:$K$2834,RIGHT(TEXT(B41,"0000.00"),1)+2,FALSE)) -> 288476 | D41: =C41-C40 -> 0 | E41: =C41-152000 -> 136476 | F41: =D41/$D$2 -> 0 | G41: 38.8 | H41: 0 | I41: =G41+H41 -> 38.8 | J41: =IF(L41>0,L41,0) -> 5.4 | K41: =I41+J41 -> 44.2 | L41: =IF(G41="",0,F41-(I41-AK41)) -> 5.4 | M41: 3.2 | N41: 0 | O41: =0*1.05 -> 0 | P41: 0 | Q41: =1185600/325851/1.9835*1.02 -> 1.8710574 | R41: 0 | S41: =IF(((2*1.04)-T41)>=4.2,4.2,(2*1.04)-T41) -> 1.4748926 | T41: =(0.5489*1.06)*1.04 -> 0.60510736 | U41: =M41-(Q41+R41+S41+T41) -> -0.75105735 | V41: 0 | W41: 0 | X41: =MAX(0,M41-N41-P41-O41-Q41-R41-S41-T41-U41+V41+W41-AU41+AS41) -> 0 | Y41: =X41-AP41 -> 0 | AH41: 41 | AI41: =AI40-AH41 -> 2918.1579 | AK41: =N41+O41+P41+Q41+R41+S41+T41+U41+X41+AE41+AH41 -> 44.2 | AL41: =IF(L41<0,L41*-1,0) -> 0 | AM41: =AK41+AL41 -> 44.2 | AO41: =IF(G41="","",IF(I41>=795,795-X41,I41-Q41-R41-X41-AF41)-AJ41) -> 36.928943 | AW41: 0 | AX41: 50 | AY41: 22 | BA41: =SUM(N41,P41:U41) -> 3.2 | BB41: 1.63 | BC41: 16022 | BE41: =BE40+1 -> 27 | BF41: 6901.32 | BG41: =B41-BF41 -> 0 | BH41: 27.702083 | BI41: =AH41-BH41 -> 13.297917
A42: =A41+1 -> 28 | B42: 6901.32 | C42: =IF(B42="",C41,VLOOKUP(TRUNC(B42,1),VLOOKUP!$A$3:$K$2834,RIGHT(TEXT(B42,"0000.00"),1)+2,FALSE)) -> 288476 | D42: =C42-C41 -> 0 | E42: =C42-152000 -> 136476 | F42: =D42/$D$2 -> 0 | G42: 41.6 | H42: 0 | I42: =G42+H42 -> 41.6 | J42: =IF(L42>0,L42,0) -> 2.5 | K42: =I42+J42 -> 44.1 | L42: =IF(G42="",0,F42-(I42-AK42)) -> 2.5 | M42: 3.1 | N42: 0 | O42: =0*1.05 -> 0 | P42: 0 | Q42: =1064200/325851/1.9835*1.02 -> 1.6794697 | R42: 0 | S42: =IF(((1.9*1.04)-T42)>=4.2,4.2,(1.9*1.04)-T42) -> 1.3708926 | T42: =(0.5489*1.06)*1.04 -> 0.60510736 | U42: =M42-(Q42+R42+S42+T42) -> -0.55546966 | V42: 0 | W42: 0 | X42: =MAX(0,M42-N42-P42-O42-Q42-R42-S42-T42-U42+V42+W42-AU42+AS42) -> 0 | Y42: =X42-AP42 -> 0 | AH42: 41 | AI42: =AI41-AH42 -> 2877.1579 | AK42: =N42+O42+P42+Q42+R42+S42+T42+U42+X42+AE42+AH42 -> 44.1 | AL42: =IF(L42<0,L42*-1,0) -> 0 | AM42: =AK42+AL42 -> 44.1 | AO42: =IF(G42="","",IF(I42>=795,795-X42,I42-Q42-R42-X42-AF42)-AJ42) -> 39.92053 | AW42: 0 | AX42: 42 | AY42: 20 | BA42: =SUM(N42,P42:U42) -> 3.1 | BB42: 1.63 | BC42: 16030 | BE42: =BE41+1 -> 28 | BF42: 6901.32 | BG42: =B42-BF42 -> 0 | BH42: 27.904167 | BI42: =AH42-BH42 -> 13.095833
A43: =A42+1 -> 29 | B43: 6901.32 | C43: =IF(B43="",C42,VLOOKUP(TRUNC(B43,1),VLOOKUP!$A$3:$K$2834,RIGHT(TEXT(B43,"0000.00"),1)+2,FALSE)) -> 288476 | D43: =C43-C42 -> 0 | E43: =C43-152000 -> 136476 | F43: =D43/$D$2 -> 0 | G43: 42 | H43: 0 | I43: =G43+H43 -> 42 | J43: =IF(L43>0,L43,0) -> 2.4 | K43: =I43+J43 -> 44.4 | L43: =IF(G43="",0,F43-(I43-AK43)) -> 2.4 | M43: 3.4 | N43: 0 | O43: =0*1.05 -> 0 | P43: 0 | Q43: =1295300/325851/1.9835*1.02 -> 2.0441807 | R43: 0 | S43: =IF(((1.9*1.04)-T43)>=4.2,4.2,(1.9*1.04)-T43) -> 1.3708926 | T43: =(0.5489*1.06)*1.04 -> 0.60510736 | U43: =M43-(Q43+R43+S43+T43) -> -0.62018066 | V43: 0 | W43: 0 | X43: =MAX(0,M43-N43-P43-O43-Q43-R43-S43-T43-U43+V43+W43-AU43+AS43) -> 0 | Y43: =X43-AP43 -> 0 | AH43: 41 | AI43: =AI42-AH43 -> 2836.1579 | AK43: =N43+O43+P43+Q43+R43+S43+T43+U43+X43+AE43+AH43 -> 44.4 | AL43: =IF(L43<0,L43*-1,0) -> 0 | AM43: =AK43+AL43 -> 44.4 | AO43: =IF(G43="","",IF(I43>=795,795-X43,I43-Q43-R43-X43-AF43)-AJ43) -> 39.955819 | AW43: 0 | AX43: 43 | AY43: 23 | BA43: =SUM(N43,P43:U43) -> 3.4 | BB43: 1.63 | BC43: 16031 | BE43: =BE42+1 -> 29 | BF43: 6901.32 | BG43: =B43-BF43 -> 0 | BH43: 27.689583 | BI43: =AH43-BH43 -> 13.310417
A44: 30 | B44: 6901.29 | C44: =IF(B44="",C43,VLOOKUP(TRUNC(B44,1),VLOOKUP!$A$3:$K$2834,RIGHT(TEXT(B44,"0000.00"),1)+2,FALSE)) -> 288364 | D44: =C44-C43 -> -112 | E44: =C44-152000 -> 136364 | F44: =D44/$D$2 -> -56.465843 | G44: 37.5 | H44: 0 | I44: =G44+H44 -> 37.5 | J44: =IF(L44>0,L44,0) -> 0 | K44: =I44+J44 -> 37.5 | L44: =IF(G44="",0,F44-(I44-AK44)) -> -49.565843 | M44: 3.4 | N44: 0 | O44: =0*1.05 -> 0 | P44: 0 | Q44: =1066100/325851/1.9835*1.02 -> 1.6824682 | R44: 0 | S44: =IF(((1.9*1.04)-T44)>=4.2,4.2,(1.9*1.04)-T44) -> 1.3708926 | T44: =(0.5489*1.06)*1.04 -> 0.60510736 | U44: =M44-(Q44+R44+S44+T44) -> -0.25846815 | V44: 0 | W44: 0 | X44: =MAX(0,M44-N44-P44-O44-Q44-R44-S44-T44-U44+V44+W44-AU44+AS44) -> 0 | Y44: =X44-AP44 -> 0 | AH44: 41 | AI44: =AI43-AH44 -> 2795.1579 | AK44: =N44+O44+P44+Q44+R44+S44+T44+U44+X44+AE44+AH44 -> 44.4 | AL44: =IF(L44<0,L44*-1,0) -> 49.565843 | AM44: =AK44+AL44 -> 93.965843 | AO44: =IF(G44="","",IF(I44>=795,795-X44,I44-Q44-R44-X44-AF44)-AJ44) -> 35.817532 | AW44: 0 | AX44: 42 | AY44: 17 | BA44: =SUM(N44,P44:U44) -> 3.4 | BB44: 1.63 | BC44: 16031 | BE44: 30 | BF44: 6901.31 | BG44: =B44-BF44 -> -0.02 | BH44: 27.854167 | BI44: =AH44-BH44 -> 13.145833
A45: 31 | B45: 6901.28 | C45: =IF(B45="",C44,VLOOKUP(TRUNC(B45,1),VLOOKUP!$A$3:$K$2834,RIGHT(TEXT(B45,"0000.00"),1)+2,FALSE)) -> 288327 | D45: =C45-C44 -> -37 | E45: =C45-152000 -> 136327 | F45: =D45/$D$2 -> -18.653895 | G45: 30.6 | H45: 0 | I45: =G45+H45 -> 30.6 | J45: =IF(L45>0,L45,0) -> 0 | K45: =I45+J45 -> 30.6 | L45: =IF(G45="",0,F45-(I45-AK45)) -> -4.8538946 | M45: 3.4 | N45: 0 | O45: =0*1.05 -> 0 | P45: 0 | Q45: =1053100/325851/1.9835*1.02 -> 1.6619522 | R45: 0 | S45: =IF(((2*1.04)-T45)>=4.2,4.2,(2*1.04)-T45) -> 1.5304536 | T45: =(0.4985*1.06)*1.04 -> 0.5495464 | U45: =M45-(Q45+R45+S45+T45) -> -0.34195217 | V45: 0 | W45: 0 | X45: =MAX(0,M45-N45-P45-O45-Q45-R45-S45-T45-U45+V45+W45-AU45+AS45) -> 0 | Y45: =X45-AP45 -> 0 | AH45: 41 | AI45: =AI44-AH45 -> 2754.1579 | AK45: =N45+O45+P45+Q45+R45+S45+T45+U45+X45+AE45+AH45 -> 44.4 | AL45: =IF(L45<0,L45*-1,0) -> 4.8538946 | AM45: =AK45+AL45 -> 49.253895 | AO45: =IF(G45="","",IF(I45>=795,795-X45,I45-Q45-R45-X45-AF45)-AJ45) -> 28.938048 | AW45: 0 | AX45: 47 | AY45: 23 | BA45: =SUM(N45,P45:U45) -> 3.4 | BB45: 1.63 | BC45: 16030 | BE45: =BE44+1 -> 31 | BF45: 6901.3 | BG45: =B45-BF45 -> -0.02 | BH45: 27.780208 | BI45: =AH45-BH45 -> 13.219792
X46: =M46-N46-O46-Q46-R46-S46+V46+W46 -> 0 | Y46: =N46-O46-P46-R46-S46-U46+W46+X46 -> 0 | AK46: =N46+O46+Q46+R46+S46+X46+AE46+AH46 -> 0
A47: MONTH / CFS | F47: =SUM(F15:F45) -> -300.98311 | G47: =SUM(G15:G45) -> 1117.3 | H47: =SUM(H15:H45) -> 0 | I47: =SUM(I15:I45) -> 1117.3 | J47: =SUM(J15:J45) -> 160.31195 | K47: =SUM(K15:K45) -> 1277.6119 | L47: =SUM(L15:L45) -> -37.183111 | M47: =SUM(M15:M45) -> 110.1 | ... O47: =SUM(O15:O45) -> 0 | Q47: =SUM(Q15:Q45) -> 53.842137 | R47: =SUM(R15:R45) -> 0 | S47: =SUM(S15:S45) -> 51.705584 | T47: =SUM(T15:T45) -> 19.014416 | U47: =SUM(U15:U45) -> -14.462137 | V47: =SUM(V15:V45) -> 0 | W47: =SUM(W15:W45) -> 0 | X47: =SUM(X15:X45) -> 2.553513e-15 | Y47: =SUM(Y15:Y45) -> 2.553513e-15 | AC47: =SUM(AC15:AC45) -> 0 | AH47: =SUM(AH15:AH45) -> 1271 | AJ47: =SUM(AJ15:AJ45) -> 0 | AK47: =SUM(AK15:AK45) -> 1381.1 | AL47: =SUM(AL15:AL45) -> 197.49506 | AM47: =SUM(AM15:AM45) -> 1578.5951 | AN47: =SUM(AN15:AN45) -> 0 | AO47: =SUM(AO15:AO45) -> 1063.4579 | AP47: =SUM(AP15:AP45) -> 0 | AW47: =SUM(AW15:AW45) -> 0.655 | AX47: =AVERAGE(AX15:AX45) -> 44.032258 | AY47: =AVERAGE(AY15:AY45) -> 18.548387 | AZ47: Avg | BA47: =SUM(BA15:BA45) -> 110.1 | BB47: =SUM(BB15:BB45) -> 50.53 | BH47: =SUM(BH15:BH45) -> 862.41563 | BI47: =SUM(BI15:BI45) -> 408.58437
A48: MONTH / AF | D48: =SUM(D15:D45) -> -597 | F48: =F47*$D$2 -> -597 | G48: =G47*$D$2 -> 2216.1645 | H48: =H47*$D$2 -> 0 | I48: =I47*$D$2 -> 2216.1645 | J48: =J47*$D$2 -> 317.97875 | K48: =K47*$D$2 -> 2534.1433 | L48: =L47*$D$2 -> -73.7527 | M48: =M47*$D$2 -> 218.38335 | ... O48: =O47*$D$2 -> 0 | Q48: =Q47*$D$2 -> 106.79588 | R48: =R47*$D$2 -> 0 | S48: =S47*$D$2 -> 102.55803 | T48: =T47*$D$2 -> 37.715094 | U48: =U47*$D$2 -> -28.685649 | V48: =V47*$D$2 -> 0 | W48: =W47*$D$2 -> 0 | X48: =X47*$D$2 -> 5.0648929e-15 | Y48: =Y47*$D$2 -> 5.0648929e-15 | AC48: =AC47*$D$2 -> 0 | AH48: =AH47*$D$2 -> 2521.0285 | AJ48: =AJ47*$D$2 -> 0 | AK48: =AK47*$D$2 -> 2739.4119 | AL48: =AL47*$D$2 -> 391.73145 | AM48: =AM47*$D$2 -> 3131.1433 | AN48: =AN47*$D$2 -> 0 | AO48: =AO47*$D$2 -> 2109.3687 | AP48: =AP47*$D$2 -> 0 | AX48: =MAX(AX15:AX45) -> 52 | AY48: =MAX(AY15:AY45) -> 31 | AZ48: HI | BA48: =BA47*$D$2 -> 218.38335 | BB48: =BB47*D2 -> 100.22626 | BH48: =BH47*$D$2 -> 1710.6014 | BI48: =BI47*$D$2 -> 810.42711
A50: SEASON / CFS | AX50: =MIN(AX15:AX45) -> 33 | AY50: =MIN(AY15:AY45) -> 6 | AZ50: LO
A51: SEASON / AF
A53: YTD / CFS | F53: =F13+F47 -> -1696.4961 | G53: =G13+G47 -> 3292.3 | H53: =H13+H47 -> 0 | I53: =I13+I47 -> 3292.3 | J53: =J13+J47 -> 1085.1401 | K53: =K13+K47 -> 4377.4401 | L53: =L13+L47 -> 269.64391 | M53: =M13+M47 -> 314.44 | N53: =N13+N47 -> 0 | O53: 0 | Q53: =Q13+Q47 -> 154.75724 | R53: =R13+R47 -> 0 | S53: =S13+S47 -> 149.80427 | T53: =T13+T47 -> 52.764061 | U53: =U13+U47 -> -42.885579 | V53: =V13+V47 -> 1242 | W53: =W13+W47 -> 0 | X53: =X13+X47 -> 1242 | Y53: =Y13+Y47 -> 1242 | AC53: =AC13+AC47 -> 0 | AH53: =AH13+AH47 -> 3702 | AI53: =AI45 -> 2754.1579 | AJ53: =AJ14+AJ47 -> 0 | AK53: =AK13+AK47 -> 5258.44 | AL53: =AL13+AL47 -> 815.49621 | AM53: =AM13+AM47 -> 6073.9362 | AN53: =AN13+AN47 -> 1242 | AO53: =AO13+AO47 -> 1895.5428 | AP53: =AP13+AP47 -> 0 | AW53: =AW13+AW47 -> 3.815 | BA53: =BA13+BA47 -> 314.44 | BB53: =BB47+BB13 -> 115.569 | BH53: =BH13+BH47 -> 862.41563 | BI53: =BI13+BI47 -> 408.58437
A54: YTD / AF | D54: =D13+D48 -> -3365 | E54: =E45 -> 136327 | F54: =F53*$D$2 -> -3365 | G54: =G53*$D$2 -> 6530.2771 | H54: =H53*$D$2 -> 0 | I54: =I53*$D$2 -> 6530.2771 | J54: =J53*$D$2 -> 2152.3754 | K54: =K53*$D$2 -> 8682.6525 | L54: =L53*$D$2 -> 534.83869 | M54: =M53*$D$2 -> 623.69174 | ... O54: =O53*$D$2 -> 0 | Q54: =Q53*$D$2 -> 306.96099 | R54: =R53*$D$2 -> 0 | S54: =S53*$D$2 -> 297.13678 | T54: =T53*$D$2 -> 104.65751 | U54: =U53*$D$2 -> -85.063546 | V54: =V53*$D$2 -> 2463.507 | W54: =W53*$D$2 -> 0 | X54: =X53*$D$2 -> 2463.507 | Y54: =Y53*$D$2 -> 2463.507 | AC54: =AC53*$D$2 -> 0 | AH54: =AH53*$D$2 -> 7342.917 | AI54: =AI53*$D$2 -> 5462.8722 | AJ54: =AJ53*$D$2 -> 0 | AK54: =AK53*$D$2 -> 10430.116 | AL54: =AL53*$D$2 -> 1617.5367 | AM54: =AM53*$D$2 -> 12047.652 | AN54: =AN53*$D$2 -> 2463.507 | AO54: =AO53*$D$2 -> 3759.8091 | AP54: =AP53*$D$2 -> 0 | BA54: =BA53*$D$2 -> 623.69174 | BB54: =BB53*D2 -> 229.23111 | BH54: =BH53*$D$2 -> 1710.6014 | BI54: =BI53*$D$2 -> 810.42711

Sheet FEB
K1: MCPHEE RESERVOIR INFLOW/OUTFLOW TABULATION
A2: AF/cfs CONVERT FACTOR | D2: 1.9835 | K2: FEBRUARY "2020"
D4: RESERVOIR | I4: INFLOW | X4: OUTFLOW | AQ4: ADJUSTMENTS | AX4: WEATHER
A5: DATE | B5: RESERV | C5: RESERV | D5: AC FT | E5: ACTIVE | F5: CONV TO | G5: DOLORES | H5: LOST | I5: RECORD | J5: CALC | K5: TOTAL | L5: CALC | M5: DOLORES TUNNEL | V5: LONE | W5: U | X5: TOTAL | Y5: TOTAL | Z5: MVI | AA5: MVI | AB5: MVI | AC5: TO EX & | AD5: MVI | AE5: DV CR | AF5: D/S SENIOR | AH5: BELOW | AI5: FISH | AJ5: SPILL | AK5: RECORD | AL5: CALC | AM5: TOTAL | AN5: NAR | AO5: NARR | AP5: MVI | AQ5: MVI | AR5: MVI | AS5: DIST. | AT5: U/S | AU5: TOTTEN | AV5: UF&R | AW5: RAIN | AX5: MAX | AY5: MIN | BA5: TOTAL | BB5: GRNDHOG | BC5: GRNDHOG | BF5: RESERV | BH5: BELOW | BI5: BELOW
A6: FEB | B6: ELEV | D6: CHANGE | E6: CAP | F6: CFS | G6: RIVER | H6: CAN | I6: INFLOW | J6: INFLOW | K6: INFLOW | L6: INF/OTF | M6: TOT DIV | N6: WET | O6: UTE | P6: QUEST | Q6: MWC | R6: CORTEZ | T6: UTE | U6: F-BAY | V6: PINE | W6: LAT | X6: MVI | Y6: MVI | Z6: CALL | AA6: CALL | AB6: APR- | AC6: U/S EX | AD6: PROJ | AE6: CANAL | AF6: MVIC | AG6: PROJ | AH6: MCP | AI6: LEFT | AK6: OTF | AL6: OTF | AM6: OTF | AN6: FILL | AO6: FILL | AP6: STOCK | AQ6: STORED | AR6: STORED | AS6: CLASS | AT6: USERS | AU6: (FRESH | AV6: LEASE | AX6: TMP | AY6: TMP | BA6: TUNNEL | BB6: DISCHARGE | BC6: CAPACITY | BF6: ELEV | BH6: MCP | BI6: MCP
N7: LAND | O7: F&R | Q7: NON - | R7: NON - | S7: PROJ | T7: PROJ | U7: BAL | X7: WATER | Y7: IRRIG. | Z7: STOR | AA7: SPILLED | AB7: JUNE | AF7: 1.7 | AG7: 1.3 | AO7: IN | AQ7: Apr - Jun | AR7: EVAP | AS7: "B" | AT7: EXCH | AU7: WATER) | AV7: WATER | BA7: Misc. | BF7: DTGH | BH7: MPP | BI7: OVER
Q8: PROJ | R8: PROJ | X8: USED | Y8: WATER | AA8: OR | AB8: (DIV+ | AO8: MCPHEE | BH8: from | BI8: MPP
R9: 4.2 | Y9: USED | AA9: USED | AB9: CALL) | BC9: FP = 3960 | BH9: ctrl room
C10: AC. Ft. | E10: AC FT | G10: CFS | H10: CFS | I10: CFS | J10: CFS | K10: CFS | L10: CFS | M10: CFS | N10: CFS | O10: CFS | P10: CFS | Q10: CFS | R10: CFS | S10: CFS | T10: CFS | U10: CFS | V10: CFS | W10: CFS | X10: 153400 | Y10: 150400 | AB10: 72000 | AC10: CFS | AD10: CFS | AE10: CFS | AF10: CFS | AG10: CFS | AH10: CFS | AI10: CFS | AJ10: CFS | AK10: CFS | AL10: CFS | AM10: CFS | AN10: CFS | AO10: CFS | AP10: CFS | AQ10: CFS | AR10: AC.FT. | AS10: CFS | AT10: CFS | AU10: CFS | AV10: CFS | BA10: Outflow | BB10: CFS | BC10: AC FT | BH10: CFS | BI10: CFS
N11: 1.03 | O11: 1.05 | P11: 1.02 | Q11: 1.02 | R11: 1.04 | T11: 1.04 | X11: CFS | Y11: CFS | Z11: CFS | AA11: CFS | AB11: Ac. Ft. | BA11: CFS
A12: SEASON BAL
A13: YTD | B13: =JAN!B45 -> 6901.28 | C13: =JAN!C45 -> 288327 | D13: =JAN!D54 -> -3365 | E13: =JAN!E54 -> 136327 | F13: =JAN!F53 -> -1696.4961 | G13: =JAN!G53 -> 3292.3 | H13: =JAN!H53 -> 0 | I13: =JAN!I53 -> 3292.3 | J13: =JAN!J53 -> 1085.1401 | K13: =JAN!K53 -> 4377.4401 | L13: =JAN!L53 -> 269.64391 | M13: =JAN!M53 -> 314.44 | ... Y13: =JAN!Y53 -> 1242 | AC13: =JAN!AC53 -> 0 | AH13: =JAN!AH53 -> 3702 | AI13: =JAN!AI53 -> 2754.1579 | AJ13: =JAN!AJ53 -> 0 | AK13: =JAN!AK53 -> 5258.44 | AL13: =JAN!AL53 -> 815.49621 | AM13: =JAN!AM53 -> 6073.9362 | AN13: =JAN!AN53 -> 1242 | AO13: =JAN!AO53 -> 1895.5428 | AP13: =JAN!AP53 -> 0 | AW13: =JAN!AW53 -> 3.815 | BA13: =JAN!BA53 -> 314.44 | BB13: =JAN!BB53 -> 115.569 | BH13: =NOV!BJ46 -> 0 | BI13: =NOV!BK46 -> 0
A15: 1 | B15: 6901.28 | C15: =IF(B15="",C13,VLOOKUP(TRUNC(B15,1),VLOOKUP!$A$3:$K$2834,RIGHT(TEXT(B15,"0000.00"),1)+2,FALSE)) -> 288327 | D15: =C15-C13 -> 0 | E15: =C15-152000 -> 136327 | F15: =D15/$D$2 -> 0 | G15: 37.9 | H15: 0 | I15: =G15+H15 -> 37.9 | J15: =IF(L15>0,L15,0) -> 6.5 | K15: =I15+J15 -> 44.4 | L15: =IF(G15="",0,F15-(I15-AK15)) -> 6.5 | M15: 3.4 | N15: 0 | O15: =0*1.05 -> 0 | P15: 0 | Q15: =1033200/325851/1.9835*1.02 -> 1.6305469 | R15: 0 | S15: =IF(((2*1.04)-T15)>=4.2,4.2,(2*1.04)-T15) -> 1.4688294 | T15: =(0.5544*1.06)*1.04 -> 0.61117056 | U15: =M15-(Q15+R15+S15+T15) -> -0.31054694 | V15: 0 | W15: 0 | X15: =MAX(0,M15-N15-O15-P15-Q15-R15-S15-T15-U15+V15+W15) -> 0 | Y15: =X15-AP15 -> 0 | AH15: 41 | AI15: =AI13-AH15 -> 2713.1579 | AK15: =N15+O15+P15+Q15+R15+S15+T15+U15+X15+AE15+AH15 -> 44.4 | AL15: =IF(L15<0,L15*-1,0) -> 0 | AM15: =AK15+AL15 -> 44.4 | AO15: =IF(G15="","",IF(I15>=795,795-X15,I15-Q15-R15-X15-AF15)-AJ15) -> 36.269453 | AW15: 0 | AX15: 52 | AY15: 21 | BA15: =SUM(N15,P15:U15) -> 3.4 | BB15: 1.72 | BC15: 16029 | BE15: 1 | BF15: 6901.29 | BG15: =B15-BF15 -> -0.01 | BH15: 27.528125 | BI15: =AH15-BH15 -> 13.471875
A16: =A15+1 -> 2 | B16: 6901.26 | C16: =IF(B16="",C15,VLOOKUP(TRUNC(B16,1),VLOOKUP!$A$3:$K$2834,RIGHT(TEXT(B16,"0000.00"),1)+2,FALSE)) -> 288252 | D16: =C16-C15 -> -75 | E16: =C16-152000 -> 136252 | F16: =D16/$D$2 -> -37.811949 | G16: 45.4 | H16: 0 | I16: =G16+H16 -> 45.4 | J16: =IF(L16>0,L16,0) -> 0 | K16: =I16+J16 -> 45.4 | L16: =IF(G16="",0,F16-(I16-AK16)) -> -38.811949 | M16: 3.4 | N16: 0 | O16: =0*1.05 -> 0 | P16: 0 | Q16: =1246300/325851/1.9835*1.02 -> 1.9668512 | R16: 0 | S16: =IF(((1.9*1.04)-T16)>=4.2,4.2,(1.9*1.04)-T16) -> 1.3648294 | T16: =(0.5544*1.06)*1.04 -> 0.61117056 | U16: =M16-(Q16+R16+S16+T16) -> -0.54285119 | V16: 0 | W16: 0 | X16: =MAX(0,M16-N16-O16-P16-Q16-R16-S16-T16-U16+V16+W16) -> 2.220446e-16 | Y16: =X16-AP16 -> 2.220446e-16 | AH16: 41 | AI16: =AI15-AH16 -> 2672.1579 | AK16: =N16+O16+P16+Q16+R16+S16+T16+U16+X16+AE16+AH16 -> 44.4 | AL16: =IF(L16<0,L16*-1,0) -> 38.811949 | AM16: =AK16+AL16 -> 83.211949 | AO16: =IF(G16="","",IF(I16>=795,795-X16,I16-Q16-R16-X16-AF16)-AJ16) -> 43.433149 | AW16: 0 | AX16: 58 | AY16: 21 | BA16: =SUM(N16,P16:U16) -> 3.4 | BB16: 1.95 | BC16: 16029 | BE16: =BE15+1 -> 2 | BF16: 6901.27 | BG16: =B16-BF16 -> -0.01 | BH16: 27.509375 | BI16: =AH16-BH16 -> 13.490625
A17: =A16+1 -> 3 | B17: 6901.27 | C17: =IF(B17="",C16,VLOOKUP(TRUNC(B17,1),VLOOKUP!$A$3:$K$2834,RIGHT(TEXT(B17,"0000.00"),1)+2,FALSE)) -> 288290 | D17: =C17-C16 -> 38 | E17: =C17-152000 -> 136290 | F17: =D17/$D$2 -> 19.158054 | G17: 45.1 | H17: 0 | I17: =G17+H17 -> 45.1 | J17: =IF(L17>0,L17,0) -> 17.458054 | K17: =I17+J17 -> 62.558054 | L17: =IF(G17="",0,F17-(I17-AK17)) -> 17.458054 | M17: 3.4 | N17: 0 | O17: =0*1.05 -> 0 | P17: 0 | Q17: =1140500/325851/1.9835*1.02 -> 1.7998827 | R17: 0 | S17: =IF(((1.9*1.04)-T17)>=4.2,4.2,(1.9*1.04)-T17) -> 1.3648294 | T17: =(0.5544*1.06)*1.04 -> 0.61117056 | U17: =M17-(Q17+R17+S17+T17) -> -0.37588268 | V17: 0 | W17: 0 | X17: =MAX(0,M17-N17-O17-P17-Q17-R17-S17-T17-U17+V17+W17) -> 2.220446e-16 | Y17: =X17-AP17 -> 2.220446e-16 | AH17: 40 | AI17: =AI16-AH17 -> 2632.1579 | AK17: =N17+O17+P17+Q17+R17+S17+T17+U17+X17+AE17+AH17 -> 43.4 | AL17: =IF(L17<0,L17*-1,0) -> 0 | AM17: =AK17+AL17 -> 43.4 | AO17: =IF(G17="","",IF(I17>=795,795-X17,I17-Q17-R17-X17-AF17)-AJ17) -> 43.300117 | AW17: 0 | AX17: 45 | AY17: 11 | BA17: =SUM(N17,P17:U17) -> 3.4 | BB17: 1.95 | BC17: 16030 | BE17: =BE16+1 -> 3 | BF17: 6801.28 | BG17: =B17-BF17 -> 99.99 | BH17: 17.305155 | BI17: =AH17-BH17 -> 22.694845
A18: =A17+1 -> 4 | B18: 6901.26 | C18: =IF(B18="",C17,VLOOKUP(TRUNC(B18,1),VLOOKUP!$A$3:$K$2834,RIGHT(TEXT(B18,"0000.00"),1)+2,FALSE)) -> 288252 | D18: =C18-C17 -> -38 | E18: =C18-152000 -> 136252 | F18: =D18/$D$2 -> -19.158054 | G18: 38.8 | H18: 0 | I18: =G18+H18 -> 38.8 | J18: =IF(L18>0,L18,0) -> 0 | K18: =I18+J18 -> 38.8 | L18: =IF(G18="",0,F18-(I18-AK18)) -> -14.558054 | M18: 3.4 | N18: 0 | O18: =0*1.05 -> 0 | P18: 0 | Q18: =1107000/325851/1.9835*1.02 -> 1.7470146 | R18: 0 | S18: =IF(((1.9*1.04)-T18)>=4.2,4.2,(1.9*1.04)-T18) -> 1.3648294 | T18: =(0.5544*1.06)*1.04 -> 0.61117056 | U18: =M18-(Q18+R18+S18+T18) -> -0.32301458 | V18: 0 | W18: 0 | X18: =MAX(0,M18-N18-O18-P18-Q18-R18-S18-T18-U18+V18+W18) -> 0 | Y18: =X18-AP18 -> 0 | AH18: 40 | AI18: =AI17-AH18 -> 2592.1579 | AK18: =N18+O18+P18+Q18+R18+S18+T18+U18+X18+AE18+AH18 -> 43.4 | AL18: =IF(L18<0,L18*-1,0) -> 14.558054 | AM18: =AK18+AL18 -> 57.958054 | AO18: =IF(G18="","",IF(I18>=795,795-X18,I18-Q18-R18-X18-AF18)-AJ18) -> 37.052985 | AW18: 0 | AX18: 28 | AY18: 5 | BA18: =SUM(N18,P18:U18) -> 3.4 | BB18: 1.95 | BC18: 16038 | BE18: =BE17+1 -> 4 | BF18: 6901.26 | BG18: =B18-BF18 -> 0 | BH18: 36.513542 | BI18: =AH18-BH18 -> 3.4864583
A19: =A18+1 -> 5 | B19: 6901.24 | C19: =IF(B19="",C18,VLOOKUP(TRUNC(B19,1),VLOOKUP!$A$3:$K$2834,RIGHT(TEXT(B19,"0000.00"),1)+2,FALSE)) -> 288178 | D19: =C19-C18 -> -74 | E19: =C19-152000 -> 136178 | F19: =D19/$D$2 -> -37.307789 | G19: 31.7 | H19: 0 | I19: =G19+H19 -> 31.7 | J19: =IF(L19>0,L19,0) -> 0 | K19: =I19+J19 -> 31.7 | L19: =IF(G19="",0,F19-(I19-AK19)) -> -26.607789 | M19: 3.4 | N19: 0 | O19: =0*1.05 -> 0 | P19: 0 | Q19: =1095400/325851/1.9835*1.02 -> 1.728708 | R19: 0 | S19: =IF(((1.9*1.04)-T19)>=4.2,4.2,(1.9*1.04)-T19) -> 1.3648294 | T19: =(0.5544*1.06)*1.04 -> 0.61117056 | U19: =M19-(Q19+R19+S19+T19) -> -0.30470801 | V19: 0 | W19: 0 | X19: =MAX(0,M19-N19-O19-P19-Q19-R19-S19-T19-U19+V19+W19) -> 0 | Y19: =X19-AP19 -> 0 | AH19: 39 | AI19: =AI18-AH19 -> 2553.1579 | AK19: =N19+O19+P19+Q19+R19+S19+T19+U19+X19+AE19+AH19 -> 42.4 | AL19: =IF(L19<0,L19*-1,0) -> 26.607789 | AM19: =AK19+AL19 -> 69.007789 | AO19: =IF(G19="","",IF(I19>=795,795-X19,I19-Q19-R19-X19-AF19)-AJ19) -> 29.971292 | AW19: 0 | AX19: 28 | AY19: 2 | BA19: =SUM(N19,P19:U19) -> 3.4 | BB19: 1.95 | BC19: 16038 | BE19: =BE18+1 -> 5 | BF19: 6901.25 | BG19: =B19-BF19 -> -0.01 | BH19: 6.4479167 | BI19: =AH19-BH19 -> 32.552083
A20: =A19+1 -> 6 | B20: 6901.24 | C20: =IF(B20="",C19,VLOOKUP(TRUNC(B20,1),VLOOKUP!$A$3:$K$2834,RIGHT(TEXT(B20,"0000.00"),1)+2,FALSE)) -> 288178 | D20: =C20-C19 -> 0 | E20: =C20-152000 -> 136178 | F20: =D20/$D$2 -> 0 | G20: 27.5 | H20: 0 | I20: =G20+H20 -> 27.5 | J20: =IF(L20>0,L20,0) -> 14.5 | K20: =I20+J20 -> 42 | L20: =IF(G20="",0,F20-(I20-AK20)) -> 14.5 | M20: 3 | N20: 0 | O20: =0*1.05 -> 0 | P20: 0 | Q20: =1152900/325851/1.9835*1.02 -> 1.8194518 | R20: 0 | S20: =IF(((2.1*1.04)-T20)>=4.2,4.2,(2.1*1.04)-T20) -> 1.5728294 | T20: =(0.5544*1.06)*1.04 -> 0.61117056 | U20: =M20-(Q20+R20+S20+T20) -> -1.0034518 | V20: 0 | W20: 0 | X20: =MAX(0,M20-N20-O20-P20-Q20-R20-S20-T20-U20+V20+W20) -> 0 | Y20: =X20-AP20 -> 0 | AH20: 39 | AI20: =AI19-AH20 -> 2514.1579 | AK20: =N20+O20+P20+Q20+R20+S20+T20+U20+X20+AE20+AH20 -> 42 | AL20: =IF(L20<0,L20*-1,0) -> 0 | AM20: =AK20+AL20 -> 42 | AO20: =IF(G20="","",IF(I20>=795,795-X20,I20-Q20-R20-X20-AF20)-AJ20) -> 25.680548 | AW20: 0 | AX20: 41 | AY20: 11 | BA20: =SUM(N20,P20:U20) -> 3 | BE20: =BE19+1 -> 6 | BF20: 6901.25 | BG20: =B20-BF20 -> -0.01 | BH20: -19.791667 | BI20: =AH20-BH20 -> 58.791667
A21: =A20+1 -> 7 | B21: 6901.23 | C21: =IF(B21="",C20,VLOOKUP(TRUNC(B21,1),VLOOKUP!$A$3:$K$2834,RIGHT(TEXT(B21,"0000.00"),1)+2,FALSE)) -> 288140 | D21: =C21-C20 -> -38 | E21: =C21-152000 -> 136140 | F21: =D21/$D$2 -> -19.158054 | G21: 28.6 | H21: 0 | I21: =G21+H21 -> 28.6 | J21: =IF(L21>0,L21,0) -> 0 | K21: =I21+J21 -> 28.6 | L21: =IF(G21="",0,F21-(I21-AK21)) -> -5.2580539 | M21: 3.5 | N21: 0 | O21: =0*1.05 -> 0 | P21: 0 | Q21: =1007800/325851/1.9835*1.02 -> 1.5904619 | R21: 0 | S21: =IF(((2.1*1.04)-T21)>=4.2,4.2,(2.1*1.04)-T21) -> 1.6341229 | T21: =(0.4988*1.06)*1.04 -> 0.54987712 | U21: =M21-(Q21+R21+S21+T21) -> -0.27446187 | V21: 0 | W21: 0 | X21: =MAX(0,M21-N21-O21-P21-Q21-R21-S21-T21-U21+V21+W21) -> 0 | Y21: =X21-AP21 -> 0 | AH21: 39 | AI21: =AI20-AH21 -> 2475.1579 | AK21: =N21+O21+P21+Q21+R21+S21+T21+U21+X21+AE21+AH21 -> 42.5 | AL21: =IF(L21<0,L21*-1,0) -> 5.2580539 | AM21: =AK21+AL21 -> 47.758054 | AO21: =IF(G21="","",IF(I21>=795,795-X21,I21-Q21-R21-X21-AF21)-AJ21) -> 27.009538 | AW21: 0 | AX21: 51 | AY21: 21 | BA21: =SUM(N21,P21:U21) -> 3.5 | BE21: =BE20+1 -> 7 | BF21: 6901.24 | BG21: =B21-BF21 -> -0.01 | BH21: -20 | BI21: =AH21-BH21 -> 59
A22: =A21+1 -> 8 | B22: 6901.23 | C22: =IF(B22="",C21,VLOOKUP(TRUNC(B22,1),VLOOKUP!$A$3:$K$2834,RIGHT(TEXT(B22,"0000.00"),1)+2,FALSE)) -> 288140 | D22: =C22-C21 -> 0 | E22: =C22-152000 -> 136140 | F22: =D22/$D$2 -> 0 | G22: 38.2 | H22: 0 | I22: =G22+H22 -> 38.2 | J22: =IF(L22>0,L22,0) -> 4.6 | K22: =I22+J22 -> 42.8 | L22: =IF(G22="",0,F22-(I22-AK22)) -> 4.6 | M22: 3.8 | N22: 0 | O22: =0*1.05 -> 0 | P22: 0 | Q22: =1078800/325851/1.9835*1.02 -> 1.7025107 | R22: 0 | S22: =IF(((2.1*1.04)-T22)>=4.2,4.2,(2.1*1.04)-T22) -> 1.6341229 | T22: =(0.4988*1.06)*1.04 -> 0.54987712 | U22: =M22-(Q22+R22+S22+T22) -> -0.086510686 | V22: 0 | W22: 0 | X22: =MAX(0,M22-N22-O22-P22-Q22-R22-S22-T22-U22+V22+W22) -> 0 | Y22: =X22-AP22 -> 0 | AH22: 39 | AI22: =AI21-AH22 -> 2436.1579 | AK22: =N22+O22+P22+Q22+R22+S22+T22+U22+X22+AE22+AH22 -> 42.8 | AL22: =IF(L22<0,L22*-1,0) -> 0 | AM22: =AK22+AL22 -> 42.8 | AO22: =IF(G22="","",IF(I22>=795,795-X22,I22-Q22-R22-X22-AF22)-AJ22) -> 36.497489 | AW22: 0 | AX22: 56 | AY22: 24 | BA22: =SUM(N22,P22:U22) -> 3.8 | BE22: =BE21+1 -> 8 | BF22: 6901.23 | BG22: =B22-BF22 -> 0 | BH22: -20 | BI22: =AH22-BH22 -> 59
A23: =A22+1 -> 9 | B23: 6901.23 | C23: =IF(B23="",C22,VLOOKUP(TRUNC(B23,1),VLOOKUP!$A$3:$K$2834,RIGHT(TEXT(B23,"0000.00"),1)+2,FALSE)) -> 288140 | D23: =C23-C22 -> 0 | E23: =C23-152000 -> 136140 | F23: =D23/$D$2 -> 0 | G23: 45.6 | H23: 0 | I23: =G23+H23 -> 45.6 | J23: =IF(L23>0,L23,0) -> 0 | K23: =I23+J23 -> 45.6 | L23: =IF(G23="",0,F23-(I23-AK23)) -> -3.5 | M23: 3.1 | N23: 0 | O23: =0*1.05 -> 0 | P23: 0 | Q23: =1161100/325851/1.9835*1.02 -> 1.8323926 | R23: 0 | S23: =IF(((2.1*1.04)-T23)>=4.2,4.2,(2.1*1.04)-T23) -> 1.6341229 | T23: =(0.4988*1.06)*1.04 -> 0.54987712 | U23: =M23-(Q23+R23+S23+T23) -> -0.91639262 | V23: 0 | W23: 0 | X23: =MAX(0,M23-N23-O23-P23-Q23-R23-S23-T23-U23+V23+W23) -> 0 | Y23: =X23-AP23 -> 0 | AH23: 39 | AI23: =AI22-AH23 -> 2397.1579 | AK23: =N23+O23+P23+Q23+R23+S23+T23+U23+X23+AE23+AH23 -> 42.1 | AL23: =IF(L23<0,L23*-1,0) -> 3.5 | AM23: =AK23+AL23 -> 45.6 | AO23: =IF(G23="","",IF(I23>=795,795-X23,I23-Q23-R23-X23-AF23)-AJ23) -> 43.767607 | AW23: 0 | AX23: 52 | AY23: 23 | BA23: =SUM(N23,P23:U23) -> 3.1 | BE23: =BE22+1 -> 9 | BF23: 6901.24 | BG23: =B23-BF23 -> -0.01 | BH23: -20 | BI23: =AH23-BH23 -> 59
A24: =A23+1 -> 10 | B24: 6901.23 | C24: =IF(B24="",C23,VLOOKUP(TRUNC(B24,1),VLOOKUP!$A$3:$K$2834,RIGHT(TEXT(B24,"0000.00"),1)+2,FALSE)) -> 288140 | D24: =C24-C23 -> 0 | E24: =C24-152000 -> 136140 | F24: =D24/$D$2 -> 0 | G24: 43.9 | H24: 0 | I24: =G24+H24 -> 43.9 | J24: =IF(L24>0,L24,0) -> 15.6 | K24: =I24+J24 -> 59.5 | L24: =IF(G24="",0,F24-(I24-AK24)) -> 15.6 | M24: 3.5 | N24: 0 | O24: =0*1.05 -> 0 | P24: 0 | Q24: =1021000/325851/1.9835*1.02 -> 1.6112935 | R24: 0 | S24: =IF(((2.1*1.04)-T24)>=4.2,4.2,(2.1*1.04)-T24) -> 1.6341229 | T24: =(0.4988*1.06)*1.04 -> 0.54987712 | U24: =M24-(Q24+R24+S24+T24) -> -0.29529348 | V24: 18 | W24: 0 | X24: =MAX(0,M24-N24-O24-P24-Q24-R24-S24-T24-U24+V24+W24) -> 18 | Y24: =X24-AP24 -> 18 | AH24: 38 | AI24: =AI23-AH24 -> 2359.1579 | AK24: =N24+O24+P24+Q24+R24+S24+T24+U24+X24+AE24+AH24 -> 59.5 | AL24: =IF(L24<0,L24*-1,0) -> 0 | AM24: =AK24+AL24 -> 59.5 | AN24: =V24 -> 18 | AO24: =IF(G24="","",IF(I24>=795,795-X24,I24-Q24-R24-X24-AF24)-AJ24) -> 24.288707 | AW24: 0 | AX24: 48 | AY24: 28 | BA24: =SUM(N24,P24:U24) -> 3.5 | BE24: =BE23+1 -> 10 | BF24: 6901.23 | BG24: =B24-BF24 -> 0 | BH24: 0.40625 | BI24: =AH24-BH24 -> 37.59375
A25: =A24+1 -> 11 | B25: 6901.18 | C25: =IF(B25="",C24,VLOOKUP(TRUNC(B25,1),VLOOKUP!$A$3:$K$2834,RIGHT(TEXT(B25,"0000.00"),1)+2,FALSE)) -> 287954 | D25: =C25-C24 -> -186 | E25: =C25-152000 -> 135954 | F25: =D25/$D$2 -> -93.773632 | G25: 40.5 | H25: 0 | I25: =G25+H25 -> 40.5 | J25: =IF(L25>0,L25,0) -> 0 | K25: =I25+J25 -> 40.5 | L25: =IF(G25="",0,F25-(I25-AK25)) -> -39.373632 | M25: 3.9 | N25: 0 | O25: =0*1.05 -> 0 | P25: 0 | Q25: =1037200/325851/1.9835*1.02 -> 1.6368596 | R25: 0 | S25: =IF(((2.1*1.04)-T25)>=4.2,4.2,(2.1*1.04)-T25) -> 1.6341229 | T25: =(0.4988*1.06)*1.04 -> 0.54987712 | U25: =M25-(Q25+R25+S25+T25) -> 0.079140449 | V25: 51 | W25: 0 | X25: =MAX(0,M25-N25-O25-P25-Q25-R25-S25-T25-U25+V25+W25) -> 51 | Y25: =X25-AP25 -> 51 | AH25: 40 | AI25: =AI24-AH25 -> 2319.1579 | AK25: =N25+O25+P25+Q25+R25+S25+T25+U25+X25+AE25+AH25 -> 94.9 | AL25: =IF(L25<0,L25*-1,0) -> 39.373632 | AM25: =AK25+AL25 -> 134.27363 | AN25: =V25 -> 51 | AO25: =IF(G25="","",IF(I25>=795,795-X25,I25-Q25-R25-X25-AF25)-AJ25) -> -12.13686 | AW25: 0 | AX25: 39 | AY25: 21 | BA25: =SUM(N25,P25:U25) -> 3.9 | BB25: 2.21 | BC25: 16040 | BE25: =BE24+1 -> 11 | BF25: 6901.19 | BG25: =B25-BF25 -> -0.01 | BH25: 27.827083 | BI25: =AH25-BH25 -> 12.172917
A26: =A25+1 -> 12 | B26: 6901.13 | C26: =IF(B26="",C25,VLOOKUP(TRUNC(B26,1),VLOOKUP!$A$3:$K$2834,RIGHT(TEXT(B26,"0000.00"),1)+2,FALSE)) -> 287767 | D26: =C26-C25 -> -187 | E26: =C26-152000 -> 135767 | F26: =D26/$D$2 -> -94.277792 | G26: 33.1 | H26: 0 | I26: =G26+H26 -> 33.1 | J26: =IF(L26>0,L26,0) -> 0 | K26: =I26+J26 -> 33.1 | L26: =IF(G26="",0,F26-(I26-AK26)) -> -34.977792 | M26: 3.4 | N26: 0 | O26: =0*1.05 -> 0 | P26: 0 | Q26: =1001700/325851/1.9835*1.02 -> 1.5808351 | R26: 0 | S26: =IF(((2.1*1.04)-T26)>=4.2,4.2,(2.1*1.04)-T26) -> 1.6341229 | T26: =(0.4988*1.06)*1.04 -> 0.54987712 | U26: =M26-(Q26+R26+S26+T26) -> -0.36483515 | V26: 50 | W26: 0 | X26: =MAX(0,M26-N26-O26-P26-Q26-R26-S26-T26-U26+V26+W26) -> 50 | Y26: =X26-AP26 -> 50 | AH26: 39 | AI26: =AI25-AH26 -> 2280.1579 | AK26: =N26+O26+P26+Q26+R26+S26+T26+U26+X26+AE26+AH26 -> 92.4 | AL26: =IF(L26<0,L26*-1,0) -> 34.977792 | AM26: =AK26+AL26 -> 127.37779 | AN26: =V26 -> 50 | AO26: =IF(G26="","",IF(I26>=795,795-X26,I26-Q26-R26-X26-AF26)-AJ26) -> -18.480835 | AW26: 0 | AX26: 41 | AY26: 15 | BA26: =SUM(N26,P26:U26) -> 3.4 | BB26: 2.21 | BC26: 16040 | BE26: =BE25+1 -> 12 | BF26: 6901.13 | BG26: =B26-BF26 -> 0 | BH26: 27.406122 | BI26: =AH26-BH26 -> 11.593878
A27: =A26+1 -> 13 | B27: 6901.09 | C27: =IF(B27="",C26,VLOOKUP(TRUNC(B27,1),VLOOKUP!$A$3:$K$2834,RIGHT(TEXT(B27,"0000.00"),1)+2,FALSE)) -> 287618 | D27: =C27-C26 -> -149 | E27: =C27-152000 -> 135618 | F27: =D27/$D$2 -> -75.119738 | G27: 30.2 | H27: 0 | I27: =G27+H27 -> 30.2 | J27: =IF(L27>0,L27,0) -> 0 | K27: =I27+J27 -> 30.2 | L27: =IF(G27="",0,F27-(I27-AK27)) -> -8.4197378 | M27: 2.9 | N27: 0 | O27: =0*1.05 -> 0 | P27: 0 | Q27: =1028200/325851/1.9835*1.02 -> 1.6226562 | R27: 0 | S27: =IF(((2.1*1.04)-T27)>=4.2,4.2,(2.1*1.04)-T27) -> 1.6341229 | T27: =(0.4988*1.06)*1.04 -> 0.54987712 | U27: =M27-(Q27+R27+S27+T27) -> -0.90665618 | V27: 55 | W27: 0 | X27: =MAX(0,M27-N27-O27-P27-Q27-R27-S27-T27-U27+V27+W27) -> 55 | Y27: =X27-AP27 -> 55 | AH27: 39 | AI27: =AI26-AH27 -> 2241.1579 | AK27: =N27+O27+P27+Q27+R27+S27+T27+U27+X27+AE27+AH27 -> 96.9 | AL27: =IF(L27<0,L27*-1,0) -> 8.4197378 | AM27: =AK27+AL27 -> 105.31974 | AN27: =V27 -> 55 | AO27: =IF(G27="","",IF(I27>=795,795-X27,I27-Q27-R27-X27-AF27)-AJ27) -> -26.422656 | AW27: 0 | AX27: 44 | AY27: 17 | BA27: =SUM(N27,P27:U27) -> 2.9 | BB27: 2.21 | BC27: 16039 | BE27: =BE26+1 -> 13 | BF27: 6901.09 | BG27: =B27-BF27 -> 0 | BH27: 27.9 | BI27: =AH27-BH27 -> 11.1
A28: =A27+1 -> 14 | B28: 6901.08 | C28: =IF(B28="",C27,VLOOKUP(TRUNC(B28,1),VLOOKUP!$A$3:$K$2834,RIGHT(TEXT(B28,"0000.00"),1)+2,FALSE)) -> 287581 | D28: =C28-C27 -> -37 | E28: =C28-152000 -> 135581 | F28: =D28/$D$2 -> -18.653895 | G28: 35.9 | H28: 0 | I28: =G28+H28 -> 35.9 | J28: =IF(L28>0,L28,0) -> 0 | K28: =I28+J28 -> 35.9 | L28: =IF(G28="",0,F28-(I28-AK28)) -> -11.853895 | M28: 3.7 | N28: 0 | O28: =0*1.05 -> 0 | P28: 0 | Q28: =967900/325851/1.9835*1.02 -> 1.5274936 | R28: 0 | S28: =IF(((2.2*1.04)-T28)>=4.2,4.2,(2.2*1.04)-T28) -> 1.6684512 | T28: =(0.562*1.06)*1.04 -> 0.6195488 | U28: =M28-(Q28+R28+S28+T28) -> -0.1154936 | V28: 0 | W28: 0 | X28: =MAX(0,M28-N28-O28-P28-Q28-R28-S28-T28-U28+V28+W28) -> 0 | Y28: =X28-AP28 -> 0 | AH28: 39 | AI28: =AI27-AH28 -> 2202.1579 | AK28: =N28+O28+P28+Q28+R28+S28+T28+U28+X28+AE28+AH28 -> 42.7 | AL28: =IF(L28<0,L28*-1,0) -> 11.853895 | AM28: =AK28+AL28 -> 54.553895 | AO28: =IF(G28="","",IF(I28>=795,795-X28,I28-Q28-R28-X28-AF28)-AJ28) -> 34.372506 | AW28: 0 | AX28: 54 | AY28: 21 | BA28: =SUM(N28,P28:U28) -> 3.7 | BB28: 2.21 | BC28: 16040 | BE28: =BE27+1 -> 14 | BF28: 6901.09 | BG28: =B28-BF28 -> -0.01 | BH28: 27.66875 | BI28: =AH28-BH28 -> 11.33125
A29: =A28+1 -> 15 | B29: 6901.08 | C29: =IF(B29="",C28,VLOOKUP(TRUNC(B29,1),VLOOKUP!$A$3:$K$2834,RIGHT(TEXT(B29,"0000.00"),1)+2,FALSE)) -> 287581 | D29: =C29-C28 -> 0 | E29: =C29-152000 -> 135581 | F29: =D29/$D$2 -> 0 | G29: 40.4 | H29: 0 | I29: =G29+H29 -> 40.4 | J29: =IF(L29>0,L29,0) -> 2.3 | K29: =I29+J29 -> 42.7 | L29: =IF(G29="",0,F29-(I29-AK29)) -> 2.3 | M29: 3.7 | N29: 0 | O29: =0*1.05 -> 0 | P29: 0 | Q29: =1124000/325851/1.9835*1.02 -> 1.7738432 | R29: 0 | S29: =IF(((2.2*1.04)-T29)>=4.2,4.2,(2.2*1.04)-T29) -> 1.6684512 | T29: =(0.562*1.06)*1.04 -> 0.6195488 | U29: =M29-(Q29+R29+S29+T29) -> -0.36184317 | V29: 0 | W29: 0 | X29: =MAX(0,M29-N29-O29-P29-Q29-R29-S29-T29-U29+V29+W29) -> 5.5511151e-16 | Y29: =X29-AP29 -> 5.5511151e-16 | AH29: 39 | AI29: =AI28-AH29 -> 2163.1579 | AK29: =N29+O29+P29+Q29+R29+S29+T29+U29+X29+AE29+AH29 -> 42.7 | AL29: =IF(L29<0,L29*-1,0) -> 0 | AM29: =AK29+AL29 -> 42.7 | AO29: =IF(G29="","",IF(I29>=795,795-X29,I29-Q29-R29-X29-AF29)-AJ29) -> 38.626157 | AW29: 0 | AX29: 52 | AY29: 22 | BA29: =SUM(N29,P29:U29) -> 3.7 | BB29: 2.21 | BC29: 16039 | BE29: =BE28+1 -> 15 | BF29: 6901.09 | BG29: =B29-BF29 -> -0.01 | BH29: 27.7375 | BI29: =AH29-BH29 -> 11.2625
A30: =A29+1 -> 16 | B30: 6901.06 | C30: =IF(B30="",C29,VLOOKUP(TRUNC(B30,1),VLOOKUP!$A$3:$K$2834,RIGHT(TEXT(B30,"0000.00"),1)+2,FALSE)) -> 287506 | D30: =C30-C29 -> -75 | E30: =C30-152000 -> 135506 | F30: =D30/$D$2 -> -37.811949 | G30: 39.7 | H30: 0 | I30: =G30+H30 -> 39.7 | J30: =IF(L30>0,L30,0) -> 0 | K30: =I30+J30 -> 39.7 | L30: =IF(G30="",0,F30-(I30-AK30)) -> -35.211949 | M30: 3.3 | N30: 0 | O30: =0*1.05 -> 0 | P30: 0 | Q30: =1046300/325851/1.9835*1.02 -> 1.6512207 | R30: 0 | S30: =IF(((2.1*1.04)-T30)>=4.2,4.2,(2.1*1.04)-T30) -> 1.5644512 | T30: =(0.562*1.06)*1.04 -> 0.6195488 | U30: =M30-(Q30+R30+S30+T30) -> -0.53522074 | V30: 0 | W30: 0 | X30: =MAX(0,M30-N30-O30-P30-Q30-R30-S30-T30-U30+V30+W30) -> 1.110223e-16 | Y30: =X30-AP30 -> 1.110223e-16 | AH30: 39 | AI30: =AI29-AH30 -> 2124.1579 | AK30: =N30+O30+P30+Q30+R30+S30+T30+U30+X30+AE30+AH30 -> 42.3 | AL30: =IF(L30<0,L30*-1,0) -> 35.211949 | AM30: =AK30+AL30 -> 77.511949 | AO30: =IF(G30="","",IF(I30>=795,795-X30,I30-Q30-R30-X30-AF30)-AJ30) -> 38.048779 | AW30: 0 | AX30: 53 | AY30: 27 | BA30: =SUM(N30,P30:U30) -> 3.3 | BB30: 2.36 | BC30: 16038 | BE30: =BE29+1 -> 16 | BF30: 6901.09 | BG30: =B30-BF30 -> -0.03 | BH30: 27.722917 | BI30: =AH30-BH30 -> 11.277083
A31: =A30+1 -> 17 | B31: 6901.07 | C31: =IF(B31="",C30,VLOOKUP(TRUNC(B31,1),VLOOKUP!$A$3:$K$2834,RIGHT(TEXT(B31,"0000.00"),1)+2,FALSE)) -> 287543 | D31: =C31-C30 -> 37 | E31: =C31-152000 -> 135543 | F31: =D31/$D$2 -> 18.653895 | G31: 38.5 | H31: 0 | I31: =G31+H31 -> 38.5 | J31: =IF(L31>0,L31,0) -> 22.553895 | K31: =I31+J31 -> 61.053895 | L31: =IF(G31="",0,F31-(I31-AK31)) -> 22.553895 | M31: 3.4 | N31: 0 | O31: =0*1.05 -> 0 | P31: 0 | Q31: =1072200/325851/1.9835*1.02 -> 1.6920949 | R31: 0 | S31: =IF(((1.9*1.04)-T31)>=4.2,4.2,(1.9*1.04)-T31) -> 1.3564512 | T31: =(0.562*1.06)*1.04 -> 0.6195488 | U31: =M31-(Q31+R31+S31+T31) -> -0.26809488 | V31: 0 | W31: 0 | X31: =MAX(0,M31-N31-O31-P31-Q31-R31-S31-T31-U31+V31+W31) -> 0 | Y31: =X31-AP31 -> 0 | AH31: 39 | AI31: =AI30-AH31 -> 2085.1579 | AK31: =N31+O31+P31+Q31+R31+S31+T31+U31+X31+AE31+AH31 -> 42.4 | AL31: =IF(L31<0,L31*-1,0) -> 0 | AM31: =AK31+AL31 -> 42.4 | AO31: =IF(G31="","",IF(I31>=795,795-X31,I31-Q31-R31-X31-AF31)-AJ31) -> 36.807905 | AW31: 0 | AX31: 50 | AY31: 26 | BA31: =SUM(N31,P31:U31) -> 3.4 | BB31: 2.77 | BC31: 16037 | BE31: =BE30+1 -> 17 | BF31: 6901.08 | BG31: =B31-BF31 -> -0.01 | BH31: 26.567 | BI31: =AH31-BH31 -> 12.433
A32: =A31+1 -> 18 | B32: 6901.08 | C32: =IF(B32="",C31,VLOOKUP(TRUNC(B32,1),VLOOKUP!$A$3:$K$2834,RIGHT(TEXT(B32,"0000.00"),1)+2,FALSE)) -> 287581 | D32: =C32-C31 -> 38 | E32: =C32-152000 -> 135581 | F32: =D32/$D$2 -> 19.158054 | G32: 38.9 | H32: 0 | I32: =G32+H32 -> 38.9 | J32: =IF(L32>0,L32,0) -> 22.658054 | K32: =I32+J32 -> 61.558054 | L32: =IF(G32="",0,F32-(I32-AK32)) -> 22.658054 | M32: 3.4 | N32: 0 | O32: =0*1.05 -> 0 | P32: 0 | Q32: =967800/325851/1.9835*1.02 -> 1.5273358 | R32: 0 | S32: =IF(((1.9*1.04)-T32)>=4.2,4.2,(1.9*1.04)-T32) -> 1.3564512 | T32: =(0.562*1.06)*1.04 -> 0.6195488 | U32: =M32-(Q32+R32+S32+T32) -> -0.10333578 | V32: 0 | W32: 0 | X32: =MAX(0,M32-N32-O32-P32-Q32-R32-S32-T32-U32+V32+W32) -> 0 | Y32: =X32-AP32 -> 0 | AH32: 39 | AI32: =AI31-AH32 -> 2046.1579 | AK32: =N32+O32+P32+Q32+R32+S32+T32+U32+X32+AE32+AH32 -> 42.4 | AL32: =IF(L32<0,L32*-1,0) -> 0 | AM32: =AK32+AL32 -> 42.4 | AO32: =IF(G32="","",IF(I32>=795,795-X32,I32-Q32-R32-X32-AF32)-AJ32) -> 37.372664 | AW32: 0 | AX32: 47 | AY32: 25 | BA32: =SUM(N32,P32:U32) -> 3.4 | BB32: 2.77 | BC32: 16039 | BE32: =BE31+1 -> 18 | BF32: 6901.08 | BG32: =B32-BF32 -> 0 | BH32: 27.702083 | BI32: =AH32-BH32 -> 11.297917
A33: =A32+1 -> 19 | B33: 6901.07 | C33: =IF(B33="",C32,VLOOKUP(TRUNC(B33,1),VLOOKUP!$A$3:$K$2834,RIGHT(TEXT(B33,"0000.00"),1)+2,FALSE)) -> 287543 | D33: =C33-C32 -> -38 | E33: =C33-152000 -> 135543 | F33: =D33/$D$2 -> -19.158054 | G33: 39.8 | H33: 0 | I33: =G33+H33 -> 39.8 | J33: =IF(L33>0,L33,0) -> 0 | K33: =I33+J33 -> 39.8 | L33: =IF(G33="",0,F33-(I33-AK33)) -> -16.558054 | M33: 3.4 | N33: 0 | O33: =0*1.05 -> 0 | P33: 0 | Q33: =885500/325851/1.9835*1.02 -> 1.3974538 | R33: 0 | S33: =IF(((1.9*1.04)-T33)>=4.2,4.2,(1.9*1.04)-T33) -> 1.3564512 | T33: =(0.562*1.06)*1.04 -> 0.6195488 | U33: =M33-(Q33+R33+S33+T33) -> 0.026546151 | V33: 0 | W33: 0 | X33: =MAX(0,M33-N33-O33-P33-Q33-R33-S33-T33-U33+V33+W33) -> 0 | Y33: =X33-AP33 -> 0 | AH33: 39 | AI33: =AI32-AH33 -> 2007.1579 | AK33: =N33+O33+P33+Q33+R33+S33+T33+U33+X33+AE33+AH33 -> 42.4 | AL33: =IF(L33<0,L33*-1,0) -> 16.558054 | AM33: =AK33+AL33 -> 58.958054 | AO33: =IF(G33="","",IF(I33>=795,795-X33,I33-Q33-R33-X33-AF33)-AJ33) -> 38.402546 | AW33: 0 | AX33: 51 | AY33: 28 | BA33: =SUM(N33,P33:U33) -> 3.4 | BB33: 2.82 | BC33: 16038 | BE33: =BE32+1 -> 19 | BF33: 6901.08 | BG33: =B33-BF33 -> -0.01 | BH33: 27.7125 | BI33: =AH33-BH33 -> 11.2875
A34: =A33+1 -> 20 | B34: 6901.06 | C34: =IF(B34="",C33,VLOOKUP(TRUNC(B34,1),VLOOKUP!$A$3:$K$2834,RIGHT(TEXT(B34,"0000.00"),1)+2,FALSE)) -> 287506 | D34: =C34-C33 -> -37 | E34: =C34-152000 -> 135506 | F34: =D34/$D$2 -> -18.653895 | G34: 39.4 | H34: 0 | I34: =G34+H34 -> 39.4 | J34: =IF(L34>0,L34,0) -> 0 | K34: =I34+J34 -> 39.4 | L34: =IF(G34="",0,F34-(I34-AK34)) -> -15.653895 | M34: 3.4 | N34: 0 | O34: =0*1.05 -> 0 | P34: 0 | Q34: =1022000/325851/1.9835*1.02 -> 1.6128716 | R34: 0 | S34: =IF(((1.7*1.04)-T34)>=4.2,4.2,(1.7*1.04)-T34) -> 1.1484512 | T34: =(0.562*1.06)*1.04 -> 0.6195488 | U34: =M34-(Q34+R34+S34+T34) -> 0.019128363 | V34: 0 | W34: 0 | X34: =MAX(0,M34-N34-O34-P34-Q34-R34-S34-T34-U34+V34+W34) -> 0 | Y34: =X34-AP34 -> 0 | AH34: 39 | AI34: =AI33-AH34 -> 1968.1579 | AK34: =N34+O34+P34+Q34+R34+S34+T34+U34+X34+AE34+AH34 -> 42.4 | AL34: =IF(L34<0,L34*-1,0) -> 15.653895 | AM34: =AK34+AL34 -> 58.053895 | AO34: =IF(G34="","",IF(I34>=795,795-X34,I34-Q34-R34-X34-AF34)-AJ34) -> 37.787128 | AW34: 0 | AX34: 52 | AY34: 17 | BA34: =SUM(N34,P34:U34) -> 3.4 | BB34: 2.83 | BC34: 16039 | BE34: =BE33+1 -> 20 | BF34: 6901.06 | BG34: =B34-BF34 -> 0 | BH34: 27.7125 | BI34: =AH34-BH34 -> 11.2875
A35: =A34+1 -> 21 | B35: 6901.06 | C35: =IF(B35="",C34,VLOOKUP(TRUNC(B35,1),VLOOKUP!$A$3:$K$2834,RIGHT(TEXT(B35,"0000.00"),1)+2,FALSE)) -> 287506 | D35: =C35-C34 -> 0 | E35: =C35-152000 -> 135506 | F35: =D35/$D$2 -> 0 | G35: 39.7 | H35: 0 | I35: =G35+H35 -> 39.7 | J35: =IF(L35>0,L35,0) -> 2.7 | K35: =I35+J35 -> 42.4 | L35: =IF(G35="",0,F35-(I35-AK35)) -> 2.7 | M35: 3.4 | N35: 0 | O35: =0*1.05 -> 0 | P35: 0 | Q35: =1005200/325851/1.9835*1.02 -> 1.5863587 | R35: 0 | S35: =IF(((2*1.04)-T35)>=4.2,4.2,(2*1.04)-T35) -> 1.5163429 | T35: =(0.5113*1.06)*1.04 -> 0.56365712 | U35: =M35-(Q35+R35+S35+T35) -> -0.26635868 | V35: 0 | W35: 0 | X35: =MAX(0,M35-N35-O35-P35-Q35-R35-S35-T35-U35+V35+W35) -> 0 | Y35: =X35-AP35 -> 0 | AH35: 39 | AI35: =AI34-AH35 -> 1929.1579 | AK35: =N35+O35+P35+Q35+R35+S35+T35+U35+X35+AE35+AH35 -> 42.4 | AL35: =IF(L35<0,L35*-1,0) -> 0 | AM35: =AK35+AL35 -> 42.4 | AO35: =IF(G35="","",IF(I35>=795,795-X35,I35-Q35-R35-X35-AF35)-AJ35) -> 38.113641 | AW35: 0 | AX35: 58 | AY35: 25 | BA35: =SUM(N35,P35:U35) -> 3.4 | BB35: 3.07 | BC35: 16039 | BE35: =BE34+1 -> 21 | BF35: 6901.07 | BG35: =B35-BF35 -> -0.01 | BH35: 27.845833 | BI35: =AH35-BH35 -> 11.154167
A36: =A35+1 -> 22 | B36: 6901.07 | C36: =IF(B36="",C35,VLOOKUP(TRUNC(B36,1),VLOOKUP!$A$3:$K$2834,RIGHT(TEXT(B36,"0000.00"),1)+2,FALSE)) -> 287543 | D36: =C36-C35 -> 37 | E36: =C36-152000 -> 135543 | F36: =D36/$D$2 -> 18.653895 | G36: 45.5 | H36: 0 | I36: =G36+H36 -> 45.5 | J36: =IF(L36>0,L36,0) -> 15.553895 | K36: =I36+J36 -> 61.053895 | L36: =IF(G36="",0,F36-(I36-AK36)) -> 15.553895 | M36: 3.4 | N36: 0 | O36: =0*1.05 -> 0 | P36: 0 | Q36: =896400/325851/1.9835*1.02 -> 1.4146557 | R36: 0 | S36: =IF(((2*1.04)-T36)>=4.2,4.2,(2*1.04)-T36) -> 1.5163429 | T36: =(0.5113*1.06)*1.04 -> 0.56365712 | U36: =M36-(Q36+R36+S36+T36) -> -0.094655709 | V36: 0 | W36: 0 | X36: =MAX(0,M36-N36-O36-P36-Q36-R36-S36-T36-U36+V36+W36) -> 0 | Y36: =X36-AP36 -> 0 | AH36: 39 | AI36: =AI35-AH36 -> 1890.1579 | AK36: =N36+O36+P36+Q36+R36+S36+T36+U36+X36+AE36+AH36 -> 42.4 | AL36: =IF(L36<0,L36*-1,0) -> 0 | AM36: =AK36+AL36 -> 42.4 | AO36: =IF(G36="","",IF(I36>=795,795-X36,I36-Q36-R36-X36-AF36)-AJ36) -> 44.085344 | AW36: 0.16 | AX36: 56 | AY36: 33 | BA36: =SUM(N36,P36:U36) -> 3.4 | BB36: 3.2 | BC36: 16039 | BE36: =BE35+1 -> 22 | BF36: 6901.07 | BG36: =B36-BF36 -> 0 | BH36: 27.759375 | BI36: =AH36-BH36 -> 11.240625
A37: =A36+1 -> 23 | B37: 6901.1 | C37: =IF(B37="",C36,VLOOKUP(TRUNC(B37,1),VLOOKUP!$A$3:$K$2834,RIGHT(TEXT(B37,"0000.00"),1)+2,FALSE)) -> 287655 | D37: =C37-C36 -> 112 | E37: =C37-152000 -> 135655 | F37: =D37/$D$2 -> 56.465843 | G37: 50.5 | H37: 0 | I37: =G37+H37 -> 50.5 | J37: =IF(L37>0,L37,0) -> 48.365843 | K37: =I37+J37 -> 98.865843 | L37: =IF(G37="",0,F37-(I37-AK37)) -> 48.365843 | M37: 3.4 | N37: 0 | O37: =0*1.05 -> 0 | P37: 0 | Q37: =1093100/325851/1.9835*1.02 -> 1.7250783 | R37: 0 | S37: =IF(((1.9*1.04)-T37)>=4.2,4.2,(1.9*1.04)-T37) -> 1.4123429 | T37: =(0.5113*1.06)*1.04 -> 0.56365712 | U37: =M37-(Q37+R37+S37+T37) -> -0.30107826 | V37: 0 | W37: 0 | X37: =MAX(0,M37-N37-O37-P37-Q37-R37-S37-T37-U37+V37+W37) -> 0 | Y37: =X37-AP37 -> 0 | AH37: 39 | AI37: =AI36-AH37 -> 1851.1579 | AK37: =N37+O37+P37+Q37+R37+S37+T37+U37+X37+AE37+AH37 -> 42.4 | AL37: =IF(L37<0,L37*-1,0) -> 0 | AM37: =AK37+AL37 -> 42.4 | AO37: =IF(G37="","",IF(I37>=795,795-X37,I37-Q37-R37-X37-AF37)-AJ37) -> 48.774922 | AW37: 0.26 | AX37: 45 | AY37: 28 | BA37: =SUM(N37,P37:U37) -> 3.4 | BB37: 3.35 | BC37: 16048 | BE37: =BE36+1 -> 23 | BF37: 6901.12 | BG37: =B37-BF37 -> -0.02 | BH37: 27.639583 | BI37: =AH37-BH37 -> 11.360417
A38: =A37+1 -> 24 | B38: 6901.08 | C38: =IF(B38="",C37,VLOOKUP(TRUNC(B38,1),VLOOKUP!$A$3:$K$2834,RIGHT(TEXT(B38,"0000.00"),1)+2,FALSE)) -> 287581 | D38: =C38-C37 -> -74 | E38: =C38-152000 -> 135581 | F38: =D38/$D$2 -> -37.307789 | G38: 46.1 | H38: 0 | I38: =G38+H38 -> 46.1 | J38: =IF(L38>0,L38,0) -> 0 | K38: =I38+J38 -> 46.1 | L38: =IF(G38="",0,F38-(I38-AK38)) -> -41.007789 | M38: 3.4 | N38: 0 | O38: =0*1.05 -> 0 | P38: 0 | Q38: =1145300/325851/1.9835*1.02 -> 1.8074578 | R38: 0 | S38: =IF(((1.9*1.04)-T38)>=4.2,4.2,(1.9*1.04)-T38) -> 1.4123429 | T38: =(0.5113*1.06)*1.04 -> 0.56365712 | U38: =M38-(Q38+R38+S38+T38) -> -0.38345781 | V38: 0 | W38: 0 | X38: =MAX(0,M38-N38-O38-P38-Q38-R38-S38-T38-U38+V38+W38) -> 0 | Y38: =X38-AP38 -> 0 | AH38: 39 | AI38: =AI37-AH38 -> 1812.1579 | AK38: =N38+O38+P38+Q38+R38+S38+T38+U38+X38+AE38+AH38 -> 42.4 | AL38: =IF(L38<0,L38*-1,0) -> 41.007789 | AM38: =AK38+AL38 -> 83.407789 | AO38: =IF(G38="","",IF(I38>=795,795-X38,I38-Q38-R38-X38-AF38)-AJ38) -> 44.292542 | AW38: 0 | AX38: 43 | AY38: 23 | BA38: =SUM(N38,P38:U38) -> 3.4 | BB38: 3.13 | BC38: 16051 | BE38: =BE37+1 -> 24 | BF38: 6901.11 | BG38: =B38-BF38 -> -0.03 | BH38: 27.873958 | BI38: =AH38-BH38 -> 11.126042
A39: =A38+1 -> 25 | B39: 6901.06 | C39: =IF(B39="",C38,VLOOKUP(TRUNC(B39,1),VLOOKUP!$A$3:$K$2834,RIGHT(TEXT(B39,"0000.00"),1)+2,FALSE)) -> 287506 | D39: =C39-C38 -> -75 | E39: =C39-152000 -> 135506 | F39: =D39/$D$2 -> -37.811949 | G39: 40.2 | H39: 0 | I39: =G39+H39 -> 40.2 | J39: =IF(L39>0,L39,0) -> 0 | K39: =I39+J39 -> 40.2 | L39: =IF(G39="",0,F39-(I39-AK39)) -> -5.6119486 | M39: 3.4 | N39: 0 | O39: =0*1.05 -> 0 | P39: 0 | Q39: =834200/325851/1.9835*1.02 -> 1.3164946 | R39: 0 | S39: =IF(((1.9*1.04)-T39)>=4.2,4.2,(1.9*1.04)-T39) -> 1.4123429 | T39: =(0.5113*1.06)*1.04 -> 0.56365712 | U39: =M39-(Q39+R39+S39+T39) -> 0.10750536 | V39: 30 | W39: 0 | X39: =MAX(0,M39-N39-O39-P39-Q39-R39-S39-T39-U39+V39+W39) -> 30 | Y39: =X39-AP39 -> 30 | AH39: 39 | AI39: =AI38-AH39 -> 1773.1579 | AK39: =N39+O39+P39+Q39+R39+S39+T39+U39+X39+AE39+AH39 -> 72.4 | AL39: =IF(L39<0,L39*-1,0) -> 5.6119486 | AM39: =AK39+AL39 -> 78.011949 | AN39: =V39 -> 30 | AO39: =IF(G39="","",IF(I39>=795,795-X39,I39-Q39-R39-X39-AF39)-AJ39) -> 8.8835054 | AW39: 0 | AX39: 35 | AY39: 17 | BA39: =SUM(N39,P39:U39) -> 3.4 | BB39: 3.07 | BC39: 16052 | BE39: =BE38+1 -> 25 | BF39: 6901.08 | BG39: =B39-BF39 -> -0.02 | BH39: 27.95 | BI39: =AH39-BH39 -> 11.05
A40: =A39+1 -> 26 | B40: 6901 | C40: =IF(B40="",C39,VLOOKUP(TRUNC(B40,1),VLOOKUP!$A$3:$K$2834,RIGHT(TEXT(B40,"0000.00"),1)+2,FALSE)) -> 287282 | D40: =C40-C39 -> -224 | E40: =C40-152000 -> 135282 | F40: =D40/$D$2 -> -112.93169 | G40: 41.2 | H40: 0 | I40: =G40+H40 -> 41.2 | J40: =IF(L40>0,L40,0) -> 0 | K40: =I40+J40 -> 41.2 | L40: =IF(G40="",0,F40-(I40-AK40)) -> -31.731686 | M40: 3.4 | N40: 0 | O40: =0*1.05 -> 0 | P40: 0 | Q40: =989700/325851/1.9835*1.02 -> 1.5618973 | R40: 0 | S40: =IF(((1.9*1.04)-T40)>=4.2,4.2,(1.9*1.04)-T40) -> 1.4123429 | T40: =(0.5113*1.06)*1.04 -> 0.56365712 | U40: =M40-(Q40+R40+S40+T40) -> -0.13789732 | V40: 80 | W40: 0 | X40: =MAX(0,M40-N40-O40-P40-Q40-R40-S40-T40-U40+V40+W40) -> 80 | Y40: =X40-AP40 -> 80 | AH40: 39 | AI40: =AI39-AH40 -> 1734.1579 | AK40: =N40+O40+P40+Q40+R40+S40+T40+U40+X40+AE40+AH40 -> 122.4 | AL40: =IF(L40<0,L40*-1,0) -> 31.731686 | AM40: =AK40+AL40 -> 154.13169 | AN40: =V40 -> 80 | AO40: =IF(G40="","",IF(I40>=795,795-X40,I40-Q40-R40-X40-AF40)-AJ40) -> -40.361897 | AW40: 0 | AX40: 48 | AY40: 11 | BA40: =SUM(N40,P40:U40) -> 3.4 | BB40: 3.07 | BC40: 16051 | BE40: =BE39+1 -> 26 | BF40: 6901.01 | BG40: =B40-BF40 -> -0.01 | BH40: 27.838542 | BI40: =AH40-BH40 -> 11.161458
A41: =A40+1 -> 27 | B41: 6900.86 | C41: =IF(B41="",C40,VLOOKUP(TRUNC(B41,1),VLOOKUP!$A$3:$K$2834,RIGHT(TEXT(B41,"0000.00"),1)+2,FALSE)) -> 286764 | D41: =C41-C40 -> -518 | E41: =C41-152000 -> 134764 | F41: =D41/$D$2 -> -261.15452 | G41: 48.1 | H41: 0 | I41: =G41+H41 -> 48.1 | J41: =IF(L41>0,L41,0) -> 0 | K41: =I41+J41 -> 48.1 | L41: =IF(G41="",0,F41-(I41-AK41)) -> -165.85452 | M41: 3.4 | N41: 0 | O41: =0*1.05 -> 0 | P41: 0 | Q41: =1148500/325851/1.9835*1.02 -> 1.8125079 | R41: 0 | S41: =IF(((1.9*1.04)-T41)>=4.2,4.2,(1.9*1.04)-T41) -> 1.4123429 | T41: =(0.5113*1.06)*1.04 -> 0.56365712 | U41: =M41-(Q41+R41+S41+T41) -> -0.3885079 | V41: 101 | W41: 0 | X41: =MAX(0,M41-N41-O41-P41-Q41-R41-S41-T41-U41+V41+W41) -> 101 | Y41: =X41-AP41 -> 101 | AH41: 39 | AI41: =AI40-AH41 -> 1695.1579 | AK41: =N41+O41+P41+Q41+R41+S41+T41+U41+X41+AE41+AH41 -> 143.4 | AL41: =IF(L41<0,L41*-1,0) -> 165.85452 | AM41: =AK41+AL41 -> 309.25452 | AN41: =V41 -> 101 | AO41: =IF(G41="","",IF(I41>=795,795-X41,I41-Q41-R41-X41-AF41)-AJ41) -> -54.712508 | AW41: 0 | AX41: 53 | AY41: 21 | BA41: =SUM(N41,P41:U41) -> 3.4 | BB41: 3.07 | BC41: 16052 | BE41: =BE40+1 -> 27 | BF41: 6900.96 | BG41: =B41-BF41 -> -0.1 | BH41: 27.827083 | BI41: =AH41-BH41 -> 11.172917
A42: 28 | B42: 6900.81 | C42: =IF(B42="",C40,VLOOKUP(TRUNC(B42,1),VLOOKUP!$A$3:$K$2834,RIGHT(TEXT(B42,"0000.00"),1)+2,FALSE)) -> 286579 | D42: =C42-C40 -> -703 | E42: =C42-152000 -> 134579 | F42: =D42/$D$2 -> -354.424 | G42: 58.1 | H42: 0 | I42: =G42+H42 -> 58.1 | J42: =IF(L42>0,L42,0) -> 0 | K42: =I42+J42 -> 58.1 | L42: =IF(G42="",0,F42-(I42-AK42)) -> -269.124 | M42: 3.4 | N42: 0 | O42: =0*1.05 -> 0 | P42: 0 | Q42: =885200/325851/1.9835*1.02 -> 1.3969804 | R42: 0 | S42: =IF(((1.9*1.04)-T42)>=4.2,4.2,(1.9*1.04)-T42) -> 1.403193 | T42: =(0.5196*1.06)*1.04 -> 0.57280704 | U42: =M42-(Q42+R42+S42+T42) -> 0.027019596 | V42: 101 | W42: 0 | X42: =MAX(0,M42-N42-O42-P42-Q42-R42-S42-T42-U42+V42+W42) -> 101 | Y42: =X42-AP42 -> 101 | AH42: 39 | AI42: =AI41-AH42 -> 1656.1579 | AK42: =N42+O42+P42+Q42+R42+S42+T42+U42+X42+AE42+AH42 -> 143.4 | AL42: =IF(L42<0,L42*-1,0) -> 269.124 | AM42: =AK42+AL42 -> 412.524 | AN42: =V42 -> 101 | AO42: =IF(G42="","",IF(I42>=795,795-X42,I42-Q42-R42-X42-AF42)-AJ42) -> -44.29698 | AW42: 0 | AX42: 57 | AY42: 25 | BA42: =SUM(N42,P42:U42) -> 3.4 | BB42: 3.07 | BC42: 16051 | BE42: =BE40+1 -> 27 | BF42: 6900.9 | BG42: =B42-BF42 -> -0.09 | BH42: 27.867708 | BI42: =AH42-BH42 -> 11.132292
A43: 29 | B43: 6900.76 | C43: =IF(B43="",C41,VLOOKUP(TRUNC(B43,1),VLOOKUP!$A$3:$K$2834,RIGHT(TEXT(B43,"0000.00"),1)+2,FALSE)) -> 286393 | D43: =C43-C41 -> -371 | E43: =C43-152000 -> 134393 | F43: =D43/$D$2 -> -187.04311 | G43: 59.3 | H43: 0 | I43: =G43+H43 -> 59.3 | J43: =IF(L43>0,L43,0) -> 0 | K43: =I43+J43 -> 59.3 | L43: =IF(G43="",0,F43-(I43-AK43)) -> -102.94311 | M43: 3.4 | N43: 0 | O43: =0*1.05 -> 0 | P43: 0 | Q43: =1010300/325851/1.9835*1.02 -> 1.5944073 | R43: 0 | S43: =IF(((2*1.04)-T43)>=4.2,4.2,(2*1.04)-T43) -> 1.507193 | T43: =(0.5196*1.06)*1.04 -> 0.57280704 | U43: =M43-(Q43+R43+S43+T43) -> -0.27440725 | V43: 101 | W43: 0 | X43: =MAX(0,M43-N43-O43-P43-Q43-R43-S43-T43-U43+V43+W43) -> 101 | Y43: =X43-AP43 -> 101 | AH43: 39 | AI43: =AI42-AH43 -> 1617.1579 | AK43: =N43+O43+P43+Q43+R43+S43+T43+U43+X43+AE43+AH43 -> 143.4 | AL43: =IF(L43<0,L43*-1,0) -> 102.94311 | AM43: =AK43+AL43 -> 246.34311 | AN43: =V43 -> 101 | AO43: =IF(G43="","",IF(I43>=795,795-X43,I43-Q43-R43-X43-AF43)-AJ43) -> -43.294407 | AW43: 0 | AX43: 57 | AY43: 26 | BA43: =SUM(N43,P43:U43) -> 3.4 | BB43: 3.07 | BC43: 16050 | BE43: =BE41+1 -> 28 | BF43: 6900.84 | BG43: =B43-BF43 -> -0.08 | BH43: 27.816667 | BI43: =AH43-BH43 -> 11.183333
V44: 100 | W44: 0
A45: MONTH / CFS | F45: =SUM(F15:F43) -> -1329.4681 | G45: =SUM(G15:G43) -> 1187.8 | H45: =SUM(H15:H43) -> 0 | I45: =SUM(I15:I43) -> 1187.8 | J45: =SUM(J15:J43) -> 172.78974 | K45: =SUM(K15:K43) -> 1360.5897 | L45: =SUM(L15:L43) -> -694.26811 | M45: =SUM(M15:M43) -> 99 | ... Y45: =SUM(Y15:Y43) -> 587 | AC45: =SUM(AC15:AC43) -> 0 | AE45: 0 | AH45: =SUM(AH15:AH43) -> 1137 | AJ45: =SUM(AJ15:AJ43) -> 0 | AK45: =SUM(AK15:AK43) -> 1823 | AL45: =SUM(AL15:AL43) -> 867.05785 | AM45: =SUM(AM15:AM43) -> 2690.0579 | AN45: =SUM(AN15:AN43) -> 587 | AO45: =SUM(AO15:AO43) -> 553.13238 | AP45: =SUM(AP15:AP43) -> 0 | AW45: =SUM(AW15:AW43) -> 0.42 | AX45: =AVERAGE(AX15:AX43) -> 48.068966 | AY45: =AVERAGE(AY15:AY43) -> 20.517241 | AZ45: AVE | BA45: =SUM(BA15:BA43) -> 99 | BB45: =SUM(BB15:BB43) -> 62.22 | BH45: =SUM(BH15:BH43) -> 562.2939 | BI45: =SUM(BI15:BI43) -> 574.7061
A46: MONTH / AF | D46: =SUM(D15:D43) -> -2637 | F46: =F45*$D$2 -> -2637 | G46: =G45*$D$2 -> 2356.0013 | H46: =H45*$D$2 -> 0 | I46: =I45*$D$2 -> 2356.0013 | J46: =J45*$D$2 -> 342.72845 | K46: =K45*$D$2 -> 2698.7297 | L46: =L45*$D$2 -> -1377.0808 | M46: =M45*$D$2 -> 196.3665 | ... O46: =O45*$D$2 -> 0 | Q46: =Q45*$D$2 -> 94.548717 | R46: =R45*$D$2 -> 0 | S46: =S45*$D$2 -> 85.41701 | T46: =T45*$D$2 -> 33.608858 | U46: =U45*$D$2 -> -17.208085 | V46: =V45*$D$2 -> 1164.3145 | W46: =W45*$D$2 -> 0 | X46: =X45*$D$2 -> 1164.3145 | Y46: =Y45*$D$2 -> 1164.3145 | AC46: =AC45*$D$2 -> 0 | AH46: =AH45*$D$2 -> 2255.2395 | AJ46: =AJ45*$D$2 -> 0 | AK46: =AK45*$D$2 -> 3615.9205 | AL46: =AL45*$D$2 -> 1719.8093 | AM46: =AM45*$D$2 -> 5335.7298 | AN46: =AN45*$D$2 -> 1164.3145 | AO46: =AO45*$D$2 -> 1097.1381 | AP46: =AP45*$D$2 -> 0 | AX46: =MAX(AX15:AX43) -> 58 | AY46: =MAX(AY15:AY43) -> 33 | AZ46: HI | BA46: =BA45*$D$2 -> 196.3665 | BB46: =BB45*D2 -> 123.41337 | BH46: =BH45*$D$2 -> 1115.31 | BI46: =BI45*$D$2 -> 1139.9295
A48: SEASON / CFS | AX48: =MIN(AX15:AX43) -> 28 | AY48: =MIN(AY15:AY43) -> 2 | AZ48: LO
A49: SEASON / AF
A51: YTD / CFS | F51: =F13+F45 -> -3025.9642 | G51: =G13+G45 -> 4480.1 | H51: =H13+H45 -> 0 | I51: =I13+I45 -> 4480.1 | J51: =J13+J45 -> 1257.9299 | K51: =K13+K45 -> 5738.0299 | L51: =L13+L45 -> -424.6242 | M51: =M13+M45 -> 413.44 | ... Y51: =Y13+Y45 -> 1829 | AC51: =AC13+AC45 -> 0 | AH51: =AH13+AH45 -> 4839 | AI51: =AI43 -> 1617.1579 | AJ51: =AJ13+AJ45 -> 0 | AK51: =AK13+AK45 -> 7081.44 | AL51: =AL13+AL45 -> 1682.5541 | AM51: =AM13+AM45 -> 8763.9941 | AN51: =AN13+AN45 -> 1829 | AO51: =AO13+AO45 -> 2448.6751 | AP51: =AP13+AP45 -> 0 | AW51: =AW13+AW45 -> 4.235 | BA51: =BA13+BA45 -> 413.44 | BB51: =BB45+BB13 -> 177.789 | BH51: =BH13+BH45 -> 562.2939 | BI51: =BI13+BI45 -> 574.7061
A52: YTD / AF | D52: =D13+D46 -> -6002 | E52: =E43 -> 134393 | F52: =F51*$D$2 -> -6002 | G52: =G51*$D$2 -> 8886.2784 | H52: =H51*$D$2 -> 0 | I52: =I51*$D$2 -> 8886.2784 | J52: =J51*$D$2 -> 2495.1039 | K52: =K51*$D$2 -> 11381.382 | L52: =L51*$D$2 -> -842.24211 | M52: =M51*$D$2 -> 820.05824 | ... Y52: =Y51*$D$2 -> 3627.8215 | AC52: =AC51*$D$2 -> 0 | AH52: =AH51*$D$2 -> 9598.1565 | AI52: =AI51*$D$2 -> 3207.6327 | AJ52: =AJ51*$D$2 -> 0 | AK52: =AK51*$D$2 -> 14046.036 | AL52: =AL51*$D$2 -> 3337.346 | AM52: =AM51*$D$2 -> 17383.382 | AN52: =AN51*$D$2 -> 3627.8215 | AO52: =AO51*$D$2 -> 4856.9471 | AP52: =AP51*$D$2 -> 0 | BA52: =BA51*$D$2 -> 820.05824 | BB52: =BB51*D2 -> 352.64448 | BH52: =BH51*$D$2 -> 1115.31 | BI52: =BI51*$D$2 -> 1139.9295

Sheet MAR
K1: MCPHEE RESERVOIR INFLOW/OUTFLOW TABULATION
A2: AF/cfs CONVERT FACTOR | D2: 1.9835 | K2: MARCH "2020"
D4: RESERVOIR | I4: INFLOW | X4: OUTFLOW | AQ4: ADJUSTMENTS | AX4: WEATHER
A5: DATE | B5: RESERV | C5: RESERV | D5: AC FT | E5: ACTIVE | F5: CONV TO | G5: DOLORES | H5: LOST | I5: RECORD | J5: CALC | K5: TOTAL | L5: CALC | M5: DOLORES TUNNEL | V5: LONE | W5: U | X5: TOTAL | Y5: TOTAL | Z5: MVI | AA5: MVI | AB5: MVI | AC5: TO EX & | AD5: MVI | AE5: DV CR | AF5: D/S SENIOR | AH5: BELOW | AI5: FISH | AJ5: SPILL | AK5: RECORD | AL5: CALC | AM5: TOTAL | AN5: NAR | AO5: NARR | AP5: MVI | AQ5: MVI | AR5: MVI | AS5: DIST. | AT5: U/S | AU5: TOTTEN | AV5: UF&R | AW5: RAIN | AX5: MAX | AY5: MIN | BA5: TOTAL | BB5: GRNDHOG | BC5: GRNDHOG | BF5: RESERV | BH5: BELOW | BI5: BELOW
A6: MAR | B6: ELEV | D6: CHANGE | E6: CAP | F6: CFS | G6: RIVER | H6: CAN | I6: INFLOW | J6: INFLOW | K6: INFLOW | L6: INF/OTF | M6: TOT DIV | N6: WET | O6: UTE | P6: QUEST | Q6: MWC | R6: CORTEZ | T6: UTE | U6: F-BAY | V6: PINE | W6: LAT | X6: MVI | Y6: MVI | Z6: CALL | AA6: CALL | AB6: APR- | AC6: U/S EX | AD6: PROJ | AE6: CANAL | AF6: MVIC | AG6: PROJ | AH6: MCP | AI6: LEFT | AK6: OTF | AL6: OTF | AM6: OTF | AN6: FILL | AO6: FILL | AP6: STOCK | AQ6: STORED | AR6: STORED | AS6: CLASS | AT6: USERS | AU6: (FRESH | AV6: LEASE | AX6: TMP | AY6: TMP | BA6: TUNNEL | BB6: DISCHARGE | BC6: CAPACITY | BF6: ELEV | BH6: MCP | BI6: MCP
N7: LAND | O7: F&R | Q7: NON - | R7: NON - | S7: PROJ | T7: PROJ | U7: BAL | X7: WATER | Y7: IRRIG. | Z7: STOR | AA7: SPILLED | AB7: JUNE | AF7: 1.7 | AG7: 1.3 | AO7: IN | AQ7: Apr - Jun | AR7: EVAP | AS7: "B" | AT7: EXCH | AU7: WATER) | AV7: WATER | BA7: Misc. | BF7: DTGH | BH7: MPP | BI7: OVER
Q8: PROJ | R8: PROJ | X8: USED | Y8: WATER | AA8: OR | AB8: (DIV+ | AO8: MCPHEE | BH8: from | BI8: MPP
R9: 4.2 | Y9: USED | AA9: USED | AB9: CALL) | BC9: FP = 3960 | BH9: ctrl room
C10: AC. Ft. | E10: AC FT | G10: CFS | H10: CFS | I10: CFS | J10: CFS | K10: CFS | L10: CFS | M10: CFS | N10: CFS | O10: CFS | P10: CFS | Q10: CFS | R10: CFS | S10: CFS | T10: CFS | U10: CFS | V10: CFS | W10: CFS | X10: 153400 | Y10: 150400 | AB10: 72000 | AC10: CFS | AD10: CFS | AE10: CFS | AF10: CFS | AG10: CFS | AH10: CFS | AI10: CFS | AJ10: CFS | AK10: CFS | AL10: CFS | AM10: CFS | AN10: CFS | AO10: CFS | AP10: CFS | AQ10: CFS | AR10: AC.FT. | AS10: CFS | AT10: CFS | AU10: CFS | AV10: CFS | BA10: Outflow | BB10: CFS | BC10: AC FT | BH10: CFS | BI10: CFS
N11: 1.03 | O11: 1.05 | P11: 1.02 | Q11: 1.02 | R11: 1.04 | T11: 1.04 | X11: CFS | Y11: CFS | Z11: CFS | AA11: CFS | AB11: Ac. Ft. | BA11: CFS
A12: SEASON BAL | AI12: =AI13*D2 -> 3207.6327
A13: YTD | B13: =FEB!B43 -> 6900.76 | C13: =FEB!C43 -> 286393 | D13: =FEB!D52 -> -6002 | E13: =FEB!E52 -> 134393 | F13: =FEB!F51 -> -3025.9642 | G13: =FEB!G51 -> 4480.1 | H13: =FEB!H51 -> 0 | I13: =FEB!I51 -> 4480.1 | J13: =FEB!J51 -> 1257.9299 | K13: =FEB!K51 -> 5738.0299 | L13: =FEB!L51 -> -424.6242 | M13: =FEB!M51 -> 413.44 | ... Y13: =FEB!Y51 -> 1829 | AC13: =FEB!AC51 -> 0 | AH13: =FEB!AH51 -> 4839 | AI13: =FEB!AI51 -> 1617.1579 | AJ13: =FEB!AJ51 -> 0 | AK13: =FEB!AK51 -> 7081.44 | AL13: =FEB!AL51 -> 1682.5541 | AM13: =FEB!AM51 -> 8763.9941 | AN13: =FEB!AN51 -> 1829 | AO13: =FEB!AO51 -> 2448.6751 | AP13: =FEB!AP51 -> 0 | AW13: =FEB!AW51 -> 4.235 | BA13: =FEB!BA51 -> 413.44 | BB13: =FEB!BB51 -> 177.789 | BH13: =NOV!BJ46 -> 0 | BI13: =NOV!BK46 -> 0
BE14: c | BF14: c
A15: 1 | B15: 6900.7 | C15: =IF(B15="",C13,VLOOKUP(TRUNC(B15,1),VLOOKUP!$A$3:$K$2834,RIGHT(TEXT(B15,"0000.00"),1)+2,FALSE)) -> 286171 | D15: =C15-C13 -> -222 | E15: =C15-152000 -> 134171 | F15: =D15/$D$2 -> -111.92337 | G15: 57.5 | H15: 0 | I15: =G15+H15 -> 57.5 | J15: =IF(L15>0,L15,0) -> 0 | K15: =I15+J15 -> 57.5 | L15: =IF(G15="",0,F15-(I15-AK15)) -> -27.023368 | M15: 3.4 | N15: 0 | O15: =0*1.05 -> 0 | P15: 0 | Q15: =1153500/325851/1.9835*1.02 -> 1.8203987 | R15: 0 | S15: =IF(((1.9*1.04)-T15)>=4.2,4.2,(1.9*1.04)-T15) -> 1.416532 | T15: =(0.5075*1.06)*1.04 -> 0.559468 | U15: =M15-(Q15+R15+S15+T15) -> -0.39639866 | V15: 100 | W15: 0 | X15: =IF(B15="",0,M15-N15-O15-P15-Q15-R15-S15-T15-U15+V15+W15-AU15+AS15) -> 100 | Y15: =IF(B15="",0,X15-AP15) -> 100 | AH15: 39 | AI15: =AI13-AH15 -> 1578.1579 | AK15: =N15+O15+P15+Q15+R15+S15+T15+U15+X15+AE15+AH15 -> 142.4 | AL15: =IF(L15<0,L15*-1,0) -> 27.023368 | AM15: =AK15+AL15 -> 169.42337 | AN15: =V15 -> 100 | AO15: =IF(G15="","",IF(I15>=795,795-X15,I15-Q15-R15-X15-AF15)-AJ15) -> -44.320399 | AW15: 0 | AX15: 56 | AY15: 28 | BA15: =SUM(N15,P15:U15) -> 3.4 | BB15: 3.31 | BC15: 16051 | BE15: 1 | BF15: 6900.79 | BG15: =B15-BF15 -> -0.09 | BH15: 27.704167 | BI15: =AH15-BH15 -> 11.295833
A16: =A15+1 -> 2 | B16: 6900.65 | C16: =IF(B16="",C15,VLOOKUP(TRUNC(B16,1),VLOOKUP!$A$3:$K$2834,RIGHT(TEXT(B16,"0000.00"),1)+2,FALSE)) -> 285986 | D16: =C16-C15 -> -185 | E16: =C16-152000 -> 133986 | F16: =D16/$D$2 -> -93.269473 | G16: 56 | H16: 0 | I16: =G16+H16 -> 56 | J16: =IF(L16>0,L16,0) -> 2.1305268 | K16: =I16+J16 -> 58.130527 | L16: =IF(G16="",0,F16-(I16-AK16)) -> 2.1305268 | M16: 3.4 | N16: 0 | O16: =0*1.05 -> 0 | P16: 0 | Q16: =1075800/325851/1.9835*1.02 -> 1.6977762 | R16: 0 | S16: =IF(((1.9*1.04)-T16)>=4.2,4.2,(1.9*1.04)-T16) -> 1.416532 | T16: =(0.5075*1.06)*1.04 -> 0.559468 | U16: =M16-(Q16+R16+S16+T16) -> -0.27377623 | V16: 101 | W16: 0 | X16: =IF(B16="",0,M16-N16-O16-P16-Q16-R16-S16-T16-U16+V16+W16-AU16+AS16) -> 101 | Y16: =IF(B16="",0,X16-AP16) -> 101 | AH16: 47 | AI16: =AI15-AH16 -> 1531.1579 | AK16: =N16+O16+P16+Q16+R16+S16+T16+U16+X16+AE16+AH16 -> 151.4 | AL16: =IF(L16<0,L16*-1,0) -> 0 | AM16: =AK16+AL16 -> 151.4 | AN16: =V16 -> 101 | AO16: =IF(G16="","",IF(I16>=795,795-X16,I16-Q16-R16-X16-AF16)-AJ16) -> -46.697776 | AW16: 0 | AX16: 52 | AY16: 26 | BA16: =SUM(N16,P16:U16) -> 3.4 | BB16: 3.72 | BC16: 16066 | BE16: =BE15+1 -> 2 | BF16: 6900.73 | BG16: =B16-BF16 -> -0.08 | BH16: 40.757292 | BI16: =AH16-BH16 -> 6.2427083
A17: =A16+1 -> 3 | B17: 6900.55 | C17: =IF(B17="",C16,VLOOKUP(TRUNC(B17,1),VLOOKUP!$A$3:$K$2834,RIGHT(TEXT(B17,"0000.00"),1)+2,FALSE)) -> 285616 | D17: =C17-C16 -> -370 | E17: =C17-152000 -> 133616 | F17: =D17/$D$2 -> -186.53895 | G17: 54.5 | H17: 0 | I17: =G17+H17 -> 54.5 | J17: =IF(L17>0,L17,0) -> 0 | K17: =I17+J17 -> 54.5 | L17: =IF(G17="",0,F17-(I17-AK17)) -> -90.038946 | M17: 2 | N17: 0 | O17: =0*1.05 -> 0 | P17: 0 | Q17: =1014100/325851/1.9835*1.02 -> 1.6004042 | R17: 0 | S17: =IF(((2*1.04)-T17)>=4.2,4.2,(2*1.04)-T17) -> 1.520532 | T17: =(0.5075*1.06)*1.04 -> 0.559468 | U17: =M17-(Q17+R17+S17+T17) -> -1.6804042 | V17: 100 | W17: 0 | X17: =IF(B17="",0,M17-N17-O17-P17-Q17-R17-S17-T17-U17+V17+W17-AU17+AS17) -> 100 | Y17: =IF(B17="",0,X17-AP17) -> 100 | AH17: 49 | AI17: =AI16-AH17 -> 1482.1579 | AK17: =N17+O17+P17+Q17+R17+S17+T17+U17+X17+AE17+AH17 -> 151 | AL17: =IF(L17<0,L17*-1,0) -> 90.038946 | AM17: =AK17+AL17 -> 241.03895 | AN17: =V17 -> 100 | AO17: =IF(G17="","",IF(I17>=795,795-X17,I17-Q17-R17-X17-AF17)-AJ17) -> -47.100404 | AW17: 0 | AX17: 58 | AY17: 26 | BA17: =SUM(N17,P17:U17) -> 2 | BB17: 3.79 | BC17: 16068 | BE17: =BE16+1 -> 3 | BF17: 6900.57 | BG17: =B17-BF17 -> -0.02 | BH17: 49.859375 | BI17: =AH17-BH17 -> -0.859375
A18: =A17+1 -> 4 | B18: 6900.52 | C18: =IF(B18="",C17,VLOOKUP(TRUNC(B18,1),VLOOKUP!$A$3:$K$2834,RIGHT(TEXT(B18,"0000.00"),1)+2,FALSE)) -> 285505 | D18: =C18-C17 -> -111 | E18: =C18-152000 -> 133505 | F18: =D18/$D$2 -> -55.961684 | G18: 53.3 | H18: 0 | I18: =G18+H18 -> 53.3 | J18: =IF(L18>0,L18,0) -> 44.638316 | K18: =I18+J18 -> 97.938316 | L18: =IF(G18="",0,F18-(I18-AK18)) -> 44.638316 | M18: 3.9 | N18: 0 | O18: =0*1.05 -> 0 | P18: 0 | Q18: =1078500/325851/1.9835*1.02 -> 1.7020372 | R18: 0 | S18: =IF(((1.9*1.04)-T18)>=4.2,4.2,(1.9*1.04)-T18) -> 1.416532 | T18: =(0.5075*1.06)*1.04 -> 0.559468 | U18: =M18-(Q18+R18+S18+T18) -> 0.22196276 | V18: 101 | W18: 0 | X18: =IF(B18="",0,M18-N18-O18-P18-Q18-R18-S18-T18-U18+V18+W18-AU18+AS18) -> 101 | Y18: =IF(B18="",0,X18-AP18) -> 101 | AH18: 49 | AI18: =AI17-AH18 -> 1433.1579 | AK18: =N18+O18+P18+Q18+R18+S18+T18+U18+X18+AE18+AH18 -> 153.9 | AL18: =IF(L18<0,L18*-1,0) -> 0 | AM18: =AK18+AL18 -> 153.9 | AN18: =V18 -> 101 | AO18: =IF(G18="","",IF(I18>=795,795-X18,I18-Q18-R18-X18-AF18)-AJ18) -> -49.402037 | AW18: 0 | AX18: 61 | AY18: 29 | BA18: =SUM(N18,P18:U18) -> 3.9 | BB18: 3.8 | BC18: 16066 | BE18: =BE17+1 -> 4 | BF18: 6900.51 | BG18: =B18-BF18 -> 0.01 | BH18: 49.825 | BI18: =AH18-BH18 -> -0.825
A19: =A18+1 -> 5 | B19: 6900.46 | C19: =IF(B19="",C18,VLOOKUP(TRUNC(B19,1),VLOOKUP!$A$3:$K$2834,RIGHT(TEXT(B19,"0000.00"),1)+2,FALSE)) -> 285283 | D19: =C19-C18 -> -222 | E19: =C19-152000 -> 133283 | F19: =D19/$D$2 -> -111.92337 | G19: 53 | H19: 0 | I19: =G19+H19 -> 53 | J19: =IF(L19>0,L19,0) -> 0 | K19: =I19+J19 -> 53 | L19: =IF(G19="",0,F19-(I19-AK19)) -> -11.523368 | M19: 3.4 | N19: 0 | O19: =0*1.05 -> 0 | P19: 0 | Q19: =1046200/325851/1.9835*1.02 -> 1.6510629 | R19: 0 | S19: =IF(((2*1.04)-T19)>=4.2,4.2,(2*1.04)-T19) -> 1.520532 | T19: =(0.5075*1.06)*1.04 -> 0.559468 | U19: =M19-(Q19+R19+S19+T19) -> -0.33106292 | V19: 101 | W19: 0 | X19: =IF(B19="",0,M19-N19-O19-P19-Q19-R19-S19-T19-U19+V19+W19-AU19+AS19) -> 101 | Y19: =IF(B19="",0,X19-AP19) -> 101 | AH19: 49 | AI19: =AI18-AH19 -> 1384.1579 | AK19: =N19+O19+P19+Q19+R19+S19+T19+U19+X19+AE19+AH19 -> 153.4 | AL19: =IF(L19<0,L19*-1,0) -> 11.523368 | AM19: =AK19+AL19 -> 164.92337 | AN19: =V19 -> 101 | AO19: =IF(G19="","",IF(I19>=795,795-X19,I19-Q19-R19-X19-AF19)-AJ19) -> -49.651063 | AW19: 0 | AX19: 64 | AY19: 28 | BA19: =SUM(N19,P19:U19) -> 3.4 | BB19: 4.03 | BC19: 16066 | BE19: =BE18+1 -> 5 | BF19: 6900.45 | BG19: =B19-BF19 -> 0.01 | BH19: 49.797917 | BI19: =AH19-BH19 -> -0.79791667
A20: =A19+1 -> 6 | B20: 6900.38 | C20: =IF(B20="",C19,VLOOKUP(TRUNC(B20,1),VLOOKUP!$A$3:$K$2834,RIGHT(TEXT(B20,"0000.00"),1)+2,FALSE)) -> 284987 | D20: =C20-C19 -> -296 | E20: =C20-152000 -> 132987 | F20: =D20/$D$2 -> -149.23116 | G20: 55.4 | H20: 0 | I20: =G20+H20 -> 55.4 | J20: =IF(L20>0,L20,0) -> 0 | K20: =I20+J20 -> 55.4 | L20: =IF(G20="",0,F20-(I20-AK20)) -> -52.831157 | M20: 2.8 | N20: 0 | O20: =0*1.05 -> 0 | P20: 0 | Q20: =992600/325851/1.9835*1.02 -> 1.566474 | R20: 0 | S20: =IF(((2*1.04)-T20)>=4.2,4.2,(2*1.04)-T20) -> 1.5064213 | T20: =(0.5203*1.06)*1.04 -> 0.57357872 | U20: =M20-(Q20+R20+S20+T20) -> -0.84647396 | V20: 100 | W20: 0 | X20: =IF(B20="",0,M20-N20-O20-P20-Q20-R20-S20-T20-U20+V20+W20-AU20+AS20) -> 100 | Y20: =IF(B20="",0,X20-AP20) -> 100 | AH20: 49 | AI20: =AI19-AH20 -> 1335.1579 | AK20: =N20+O20+P20+Q20+R20+S20+T20+U20+X20+AE20+AH20 -> 151.8 | AL20: =IF(L20<0,L20*-1,0) -> 52.831157 | AM20: =AK20+AL20 -> 204.63116 | AN20: =V20 -> 100 | AO20: =IF(G20="","",IF(I20>=795,795-X20,I20-Q20-R20-X20-AF20)-AJ20) -> -46.166474 | AW20: 0 | AX20: 62 | AY20: 32 | BA20: =SUM(N20,P20:U20) -> 2.8 | BB20: 4.03 | BC20: 16066 | BE20: =BE19+1 -> 6 | BF20: 6900.38 | BG20: =B20-BF20 -> 0 | BH20: 49.76875 | BI20: =AH20-BH20 -> -0.76875
A21: =A20+1 -> 7 | B21: 6900.34 | C21: =IF(B21="",C20,VLOOKUP(TRUNC(B21,1),VLOOKUP!$A$3:$K$2834,RIGHT(TEXT(B21,"0000.00"),1)+2,FALSE)) -> 284839 | D21: =C21-C20 -> -148 | E21: =C21-152000 -> 132839 | F21: =D21/$D$2 -> -74.615579 | G21: 61.6 | H21: 0 | I21: =G21+H21 -> 61.6 | J21: =IF(L21>0,L21,0) -> 16.684421 | K21: =I21+J21 -> 78.284421 | L21: =IF(G21="",0,F21-(I21-AK21)) -> 16.684421 | M21: 3.9 | N21: 0 | O21: =0*1.05 -> 0 | P21: 0 | Q21: =1162800/325851/1.9835*1.02 -> 1.8350755 | R21: 0 | S21: =IF(((1.9*1.04)-T21)>=4.2,4.2,(1.9*1.04)-T21) -> 1.4024213 | T21: =(0.5203*1.06)*1.04 -> 0.57357872 | U21: =M21-(Q21+R21+S21+T21) -> 0.088924522 | V21: 100 | W21: 0 | X21: =IF(B21="",0,M21-N21-O21-P21-Q21-R21-S21-T21-U21+V21+W21-AU21+AS21) -> 100 | Y21: =IF(B21="",0,X21-AP21) -> 100 | AH21: 49 | AI21: =AI20-AH21 -> 1286.1579 | AK21: =N21+O21+P21+Q21+R21+S21+T21+U21+X21+AE21+AH21 -> 152.9 | AL21: =IF(L21<0,L21*-1,0) -> 0 | AM21: =AK21+AL21 -> 152.9 | AN21: =V21 -> 100 | AO21: =IF(G21="","",IF(I21>=795,795-X21,I21-Q21-R21-X21-AF21)-AJ21) -> -40.235075 | AW21: 0 | AX21: 65 | AY21: 33 | BA21: =SUM(N21,P21:U21) -> 3.9 | BB21: 4.03 | BC21: 16067 | BE21: =BE20+1 -> 7 | BF21: 6900.34 | BG21: =B21-BF21 -> 0 | BH21: 49.789583 | BI21: =AH21-BH21 -> -0.78958333
A22: =A21+1 -> 8 | B22: 6900.3 | C22: =IF(B22="",C21,VLOOKUP(TRUNC(B22,1),VLOOKUP!$A$3:$K$2834,RIGHT(TEXT(B22,"0000.00"),1)+2,FALSE)) -> 284690 | D22: =C22-C21 -> -149 | E22: =C22-152000 -> 132690 | F22: =D22/$D$2 -> -75.119738 | G22: 72.4 | H22: 0 | I22: =G22+H22 -> 72.4 | J22: =IF(L22>0,L22,0) -> 5.1802622 | K22: =I22+J22 -> 77.580262 | L22: =IF(G22="",0,F22-(I22-AK22)) -> 5.1802622 | M22: 3.7 | N22: 0 | O22: =0*1.05 -> 0 | P22: 0 | Q22: =1043600/325851/1.9835*1.02 -> 1.6469597 | R22: 0 | S22: =IF(((1.9*1.04)-T22)>=4.2,4.2,(1.9*1.04)-T22) -> 1.4024213 | T22: =(0.5203*1.06)*1.04 -> 0.57357872 | U22: =M22-(Q22+R22+S22+T22) -> 0.077040274 | V22: 100 | W22: 0 | X22: =IF(B22="",0,M22-N22-O22-P22-Q22-R22-S22-T22-U22+V22+W22-AU22+AS22) -> 100 | Y22: =IF(B22="",0,X22-AP22) -> 100 | AH22: 49 | AI22: =AI21-AH22 -> 1237.1579 | AK22: =N22+O22+P22+Q22+R22+S22+T22+U22+X22+AE22+AH22 -> 152.7 | AL22: =IF(L22<0,L22*-1,0) -> 0 | AM22: =AK22+AL22 -> 152.7 | AN22: =V22 -> 100 | AO22: =IF(G22="","",IF(I22>=795,795-X22,I22-Q22-R22-X22-AF22)-AJ22) -> -29.24696 | AW22: 0 | AX22: 58 | AY22: 36 | BA22: =SUM(N22,P22:U22) -> 3.7 | BB22: 3.51 | BC22: 16069 | BE22: =BE21+1 -> 8 | BF22: 6900.3 | BG22: =B22-BF22 -> 0 | BH22: 49.851087 | BI22: =AH22-BH22 -> -0.85108696
A23: =A22+1 -> 9 | B23: 6900.25 | C23: =IF(B23="",C22,VLOOKUP(TRUNC(B23,1),VLOOKUP!$A$3:$K$2834,RIGHT(TEXT(B23,"0000.00"),1)+2,FALSE)) -> 284505 | D23: =C23-C22 -> -185 | E23: =C23-152000 -> 132505 | F23: =D23/$D$2 -> -93.269473 | G23: 72.5 | H23: 2.86 | I23: =G23+H23 -> 75.36 | J23: =IF(L23>0,L23,0) -> 0 | K23: =I23+J23 -> 75.36 | L23: =IF(G23="",0,F23-(I23-AK23)) -> -16.229473 | M23: 3.4 | N23: 0 | O23: =0*1.05 -> 0 | P23: 0 | Q23: =1121700/325851/1.9835*1.02 -> 1.7702134 | R23: 0 | S23: =IF(((2*1.04)-T23)>=4.2,4.2,(2*1.04)-T23) -> 1.5064213 | T23: =(0.5203*1.06)*1.04 -> 0.57357872 | U23: =M23-(Q23+R23+S23+T23) -> -0.45021342 | V23: 100 | W23: 0 | X23: =IF(B23="",0,M23-N23-O23-P23-Q23-R23-S23-T23-U23+V23+W23-AU23+AS23) -> 100 | Y23: =IF(B23="",0,X23-AP23) -> 100 | AH23: 49 | AI23: =AI22-AH23 -> 1188.1579 | AK23: =N23+O23+P23+Q23+R23+S23+T23+U23+X23+AE23+AH23 -> 152.4 | AL23: =IF(L23<0,L23*-1,0) -> 16.229473 | AM23: =AK23+AL23 -> 168.62947 | AN23: =V23 -> 100 | AO23: =IF(G23="","",IF(I23>=795,795-X23,I23-Q23-R23-X23-AF23)-AJ23) -> -26.410213 | AW23: 0.16 | AX23: 56 | AY23: 30 | BA23: =SUM(N23,P23:U23) -> 3.4 | BB23: 2.77 | BC23: 16070 | BE23: =BE22+1 -> 9 | BF23: 6900.26 | BG23: =B23-BF23 -> -0.01 | BH23: 49.765625 | BI23: =MAX(0,AH23-BH23) -> 0
A24: =A23+1 -> 10 | B24: 6900.22 | C24: =IF(B24="",C23,VLOOKUP(TRUNC(B24,1),VLOOKUP!$A$3:$K$2834,RIGHT(TEXT(B24,"0000.00"),1)+2,FALSE)) -> 284394 | D24: =C24-C23 -> -111 | E24: =C24-152000 -> 132394 | F24: =D24/$D$2 -> -55.961684 | G24: 68.6 | H24: 2.72 | I24: =G24+H24 -> 71.32 | J24: =IF(L24>0,L24,0) -> 24.518316 | K24: =I24+J24 -> 95.838316 | L24: =IF(G24="",0,F24-(I24-AK24)) -> 24.518316 | M24: 2.8 | N24: 0 | O24: =0*1.05 -> 0 | P24: 0 | Q24: =767300/325851/1.9835*1.02 -> 1.2109162 | R24: 0 | S24: =IF(((2*1.04)-T24)>=4.2,4.2,(2*1.04)-T24) -> 1.5064213 | T24: =(0.5203*1.06)*1.04 -> 0.57357872 | U24: =M24-(Q24+R24+S24+T24) -> -0.49091625 | V24: 100 | W24: 0 | X24: =IF(B24="",0,M24-N24-O24-P24-Q24-R24-S24-T24-U24+V24+W24-AU24+AS24) -> 100 | Y24: =IF(B24="",0,X24-AP24) -> 100 | AH24: 49 | AI24: =AI23-AH24 -> 1139.1579 | AK24: =N24+O24+P24+Q24+R24+S24+T24+U24+X24+AE24+AH24 -> 151.8 | AL24: =IF(L24<0,L24*-1,0) -> 0 | AM24: =AK24+AL24 -> 151.8 | AN24: =V24 -> 100 | AO24: =IF(G24="","",IF(I24>=795,795-X24,I24-Q24-R24-X24-AF24)-AJ24) -> -29.890916 | AW24: 0.03 | AX24: 50 | AY24: 32 | BA24: =SUM(N24,P24:U24) -> 2.8 | BB24: 2.66 | BC24: 16072 | BE24: =BE23+1 -> 10 | BF24: 6900.21 | BG24: =B24-BF24 -> 0.01 | BH24: 49.788542 | BI24: =MAX(0,AH24-BH24) -> 0
A25: =A24+1 -> 11 | B25: 6900.19 | C25: =IF(B25="",C24,VLOOKUP(TRUNC(B25,1),VLOOKUP!$A$3:$K$2834,RIGHT(TEXT(B25,"0000.00"),1)+2,FALSE)) -> 284283 | D25: =C25-C24 -> -111 | E25: =C25-152000 -> 132283 | F25: =D25/$D$2 -> -55.961684 | G25: 69.4 | H25: 2.3 | I25: =G25+H25 -> 71.7 | J25: =IF(L25>0,L25,0) -> 25.538316 | K25: =I25+J25 -> 97.238316 | L25: =IF(G25="",0,F25-(I25-AK25)) -> 25.538316 | M25: 4.2 | N25: 0 | O25: =0*1.05 -> 0 | P25: 0 | Q25: =1105600/325851/1.9835*1.02 -> 1.7448052 | R25: 0 | S25: =IF(((1.9*1.04)-T25)>=4.2,4.2,(1.9*1.04)-T25) -> 1.4024213 | T25: =(0.5203*1.06)*1.04 -> 0.57357872 | U25: =M25-(Q25+R25+S25+T25) -> 0.47919483 | V25: 100 | W25: 0 | X25: =IF(B25="",0,M25-N25-O25-P25-Q25-R25-S25-T25-U25+V25+W25-AU25+AS25) -> 100 | Y25: =IF(B25="",0,X25-AP25) -> 100 | AH25: 49 | AI25: =AI24-AH25 -> 1090.1579 | AK25: =N25+O25+P25+Q25+R25+S25+T25+U25+X25+AE25+AH25 -> 153.2 | AL25: =IF(L25<0,L25*-1,0) -> 0 | AM25: =AK25+AL25 -> 153.2 | AN25: =V25 -> 100 | AO25: =IF(G25="","",IF(I25>=795,795-X25,I25-Q25-R25-X25-AF25)-AJ25) -> -30.044805 | AW25: 0.06 | AX25: 54 | AY25: 36 | BA25: =SUM(N25,P25:U25) -> 4.2 | BB25: 2.49 | BC25: 16080 | BE25: =BE24+1 -> 11 | BF25: 6900.18 | BG25: =B25-BF25 -> 0.01 | BH25: 49.828125 | BI25: =MAX(0,AH25-BH25) -> 0
A26: =A25+1 -> 12 | B26: 6900.15 | C26: =IF(B26="",C25,VLOOKUP(TRUNC(B26,1),VLOOKUP!$A$3:$K$2834,RIGHT(TEXT(B26,"0000.00"),1)+2,FALSE)) -> 284135 | D26: =C26-C25 -> -148 | E26: =C26-152000 -> 132135 | F26: =D26/$D$2 -> -74.615579 | G26: 73.7 | H26: 2.74 | I26: =G26+H26 -> 76.44 | J26: =IF(L26>0,L26,0) -> 1.6444215 | K26: =I26+J26 -> 78.084421 | L26: =IF(G26="",0,F26-(I26-AK26)) -> 1.6444215 | M26: 3.7 | N26: 0 | O26: =0*1.05 -> 0 | P26: 0 | Q26: =961000/325851/1.9835*1.02 -> 1.5166043 | R26: 0 | S26: =IF(((2*1.04)-T26)>=4.2,4.2,(2*1.04)-T26) -> 1.5064213 | T26: =(0.5203*1.06)*1.04 -> 0.57357872 | U26: =M26-(Q26+R26+S26+T26) -> 0.10339565 | V26: 100 | W26: 0 | X26: =IF(B26="",0,M26-N26-O26-P26-Q26-R26-S26-T26-U26+V26+W26-AU26+AS26) -> 100 | Y26: =IF(B26="",0,X26-AP26) -> 100 | AH26: 49 | AI26: =AI25-AH26 -> 1041.1579 | AK26: =N26+O26+P26+Q26+R26+S26+T26+U26+X26+AE26+AH26 -> 152.7 | AL26: =IF(L26<0,L26*-1,0) -> 0 | AM26: =AK26+AL26 -> 152.7 | AN26: =V26 -> 100 | AO26: =IF(G26="","",IF(I26>=795,795-X26,I26-Q26-R26-X26-AF26)-AJ26) -> -25.076604 | AW26: 0.31 | AX26: 59 | AY26: 34 | BA26: =SUM(N26,P26:U26) -> 3.7 | BB26: 2.47 | BC26: 16091 | BE26: =BE25+1 -> 12 | BF26: 6900.13 | BG26: =B26-BF26 -> 0.02 | BH26: 49.689583 | BI26: =MAX(0,AH26-BH26) -> 0
A27: =A26+1 -> 13 | B27: 6900.19 | C27: =IF(B27="",C26,VLOOKUP(TRUNC(B27,1),VLOOKUP!$A$3:$K$2834,RIGHT(TEXT(B27,"0000.00"),1)+2,FALSE)) -> 284283 | D27: =C27-C26 -> 148 | E27: =C27-152000 -> 132283 | F27: =D27/$D$2 -> 74.615579 | G27: 88.5 | H27: 3.36 | I27: =G27+H27 -> 91.86 | J27: =IF(L27>0,L27,0) -> 135.15558 | K27: =I27+J27 -> 227.01558 | L27: =IF(G27="",0,F27-(I27-AK27)) -> 135.15558 | M27: 3.4 | N27: 0 | O27: =0*1.05 -> 0 | P27: 0 | Q27: =961100/325851/1.9835*1.02 -> 1.5167622 | R27: 0 | S27: =IF(((1.9*1.04)-T27)>=4.2,4.2,(1.9*1.04)-T27) -> 1.3597584 | T27: =(0.559*1.06)*1.04 -> 0.6162416 | U27: =M27-(Q27+R27+S27+T27) -> -0.092762162 | V27: 100 | W27: 0 | X27: =IF(B27="",0,M27-N27-O27-P27-Q27-R27-S27-T27-U27+V27+W27-AU27+AS27) -> 100 | Y27: =IF(B27="",0,X27-AP27) -> 100 | AH27: 49 | AI27: =AI26-AH27 -> 992.15788 | AK27: =N27+O27+P27+Q27+R27+S27+T27+U27+X27+AE27+AH27 -> 152.4 | AL27: =IF(L27<0,L27*-1,0) -> 0 | AM27: =AK27+AL27 -> 152.4 | AN27: =V27 -> 100 | AO27: =IF(G27="","",IF(I27>=795,795-X27,I27-Q27-R27-X27-AF27)-AJ27) -> -9.6567622 | AW27: 0.46 | AX27: 51 | AY27: 34 | BA27: =SUM(N27,P27:U27) -> 3.4 | BB27: 2.22 | BC27: 16113 | BE27: =BE26+1 -> 13 | BF27: 6900.17 | BG27: =B27-BF27 -> 0.02 | BH27: 49.775 | BI27: =AH27-BH27 -> -0.775
A28: =A27+1 -> 14 | B28: 6900.16 | C28: =IF(B28="",C27,VLOOKUP(TRUNC(B28,1),VLOOKUP!$A$3:$K$2834,RIGHT(TEXT(B28,"0000.00"),1)+2,FALSE)) -> 284172 | D28: =C28-C27 -> -111 | E28: =C28-152000 -> 132172 | F28: =D28/$D$2 -> -55.961684 | G28: 86.3 | H28: 3.17 | I28: =G28+H28 -> 89.47 | J28: =IF(L28>0,L28,0) -> 6.2683161 | K28: =I28+J28 -> 95.738316 | L28: =IF(G28="",0,F28-(I28-AK28)) -> 6.2683161 | M28: 2.7 | N28: 0 | O28: =0*1.05 -> 0 | P28: 0 | Q28: =974000/325851/1.9835*1.02 -> 1.5371203 | R28: 0 | S28: =IF(((1.9*1.04)-T28)>=4.2,4.2,(1.9*1.04)-T28) -> 1.3597584 | T28: =(0.559*1.06)*1.04 -> 0.6162416 | U28: =M28-(Q28+R28+S28+T28) -> -0.81312033 | V28: 100 | W28: 0 | X28: =IF(B28="",0,M28-N28-O28-P28-Q28-R28-S28-T28-U28+V28+W28-AU28+AS28) -> 100 | Y28: =IF(B28="",0,X28-AP28) -> 100 | AH28: 49 | AI28: =AI27-AH28 -> 943.15788 | AK28: =N28+O28+P28+Q28+R28+S28+T28+U28+X28+AE28+AH28 -> 151.7 | AL28: =IF(L28<0,L28*-1,0) -> 0 | AM28: =AK28+AL28 -> 151.7 | AN28: =V28 -> 100 | AO28: =IF(G28="","",IF(I28>=795,795-X28,I28-Q28-R28-X28-AF28)-AJ28) -> -12.06712 | AW28: 0 | AX28: 52 | AY28: 33 | BA28: =SUM(N28,P28:U28) -> 2.7 | BB28: 1.98 | BC28: 16136 | BE28: =BE27+1 -> 14 | BF28: 6900.14 | BG28: =B28-BF28 -> 0.02 | BH28: 49.865625 | BI28: =AH28-BH28 -> -0.865625
A29: =A28+1 -> 15 | B29: 6900.11 | C29: =IF(B29="",C28,VLOOKUP(TRUNC(B29,1),VLOOKUP!$A$3:$K$2834,RIGHT(TEXT(B29,"0000.00"),1)+2,FALSE)) -> 283987 | D29: =C29-C28 -> -185 | E29: =C29-152000 -> 131987 | F29: =D29/$D$2 -> -93.269473 | G29: 70.9 | H29: 2.59 | I29: =G29+H29 -> 73.49 | J29: =IF(L29>0,L29,0) -> 0 | K29: =I29+J29 -> 73.49 | L29: =IF(G29="",0,F29-(I29-AK29)) -> -14.259473 | M29: 3.5 | N29: 0 | O29: =0*1.05 -> 0 | P29: 0 | Q29: =1034300/325851/1.9835*1.02 -> 1.6322829 | R29: 0 | S29: =IF(((1.9*1.04)-T29)>=4.2,4.2,(1.9*1.04)-T29) -> 1.3597584 | T29: =(0.559*1.06)*1.04 -> 0.6162416 | U29: =M29-(Q29+R29+S29+T29) -> -0.10828291 | V29: 100 | W29: 0 | X29: =IF(B29="",0,M29-N29-O29-P29-Q29-R29-S29-T29-U29+V29+W29-AU29+AS29) -> 100 | Y29: =IF(B29="",0,X29-AP29) -> 100 | AH29: 49 | AI29: =AI28-AH29 -> 894.15788 | AK29: =N29+O29+P29+Q29+R29+S29+T29+U29+X29+AE29+AH29 -> 152.5 | AL29: =IF(L29<0,L29*-1,0) -> 14.259473 | AM29: =AK29+AL29 -> 166.75947 | AN29: =V29 -> 100 | AO29: =IF(G29="","",IF(I29>=795,795-X29,I29-Q29-R29-X29-AF29)-AJ29) -> -28.142283 | AW29: 0 | AX29: 60 | AY29: 32 | BA29: =SUM(N29,P29:U29) -> 3.5 | BB29: 1.73 | BC29: 16141 | BE29: =BE28+1 -> 15 | BF29: 6900.09 | BG29: =B29-BF29 -> 0.02 | BH29: 49.772632 | BI29: =AH29-BH29 -> -0.77263158
A30: =A29+1 -> 16 | B30: 6900.04 | C30: =IF(B30="",C29,VLOOKUP(TRUNC(B30,1),VLOOKUP!$A$3:$K$2834,RIGHT(TEXT(B30,"0000.00"),1)+2,FALSE)) -> 283728 | D30: =C30-C29 -> -259 | E30: =C30-152000 -> 131728 | F30: =D30/$D$2 -> -130.57726 | G30: 66.4 | H30: 2.34 | I30: =G30+H30 -> 68.74 | J30: =IF(L30>0,L30,0) -> 0 | K30: =I30+J30 -> 68.74 | L30: =IF(G30="",0,F30-(I30-AK30)) -> -14.617262 | M30: 3.7 | N30: 0 | O30: =0*1.05 -> 0 | P30: 0 | Q30: =1190500/325851/1.9835*1.02 -> 1.8787903 | R30: 0 | S30: =IF(((1.9*1.04)-T30)>=4.2,4.2,(1.9*1.04)-T30) -> 1.3597584 | T30: =(0.559*1.06)*1.04 -> 0.6162416 | U30: =M30-(Q30+R30+S30+T30) -> -0.1547903 | V30: 131 | W30: 0 | X30: =IF(B30="",0,M30-N30-O30-P30-Q30-R30-S30-T30-U30+V30+W30-AU30+AS30) -> 131 | Y30: =IF(B30="",0,X30-AP30) -> 131 | AH30: 50 | AI30: =AI29-AH30 -> 844.15788 | AK30: =N30+O30+P30+Q30+R30+S30+T30+U30+X30+AE30+AH30 -> 184.7 | AL30: =IF(L30<0,L30*-1,0) -> 14.617262 | AM30: =AK30+AL30 -> 199.31726 | AN30: =V30 -> 131 | AO30: =IF(G30="","",IF(I30>=795,795-X30,I30-Q30-R30-X30-AF30)-AJ30) -> -64.13879 | AW30: 0 | AX30: 62 | AY30: 31 | BA30: =SUM(N30,P30:U30) -> 3.7 | BB30: 1.05 | BC30: 16143 | BE30: =BE29+1 -> 16 | BF30: 6900.03 | BG30: =B30-BF30 -> 0.01 | BH30: 49.808333 | BI30: =AH30-BH30 -> 0.19166667
A31: 17 | B31: 6899.97 | C31: =IF(B31="",C30,VLOOKUP(TRUNC(B31,1),VLOOKUP!$A$3:$K$2834,RIGHT(TEXT(B31,"0000.00"),1)+2,FALSE)) -> 283470 | D31: =C31-C30 -> -258 | E31: =C31-152000 -> 131470 | F31: =D31/$D$2 -> -130.0731 | G31: 69.8 | H31: 2.12 | I31: =G31+H31 -> 71.92 | J31: =IF(L31>0,L31,0) -> 1.7068969 | K31: =I31+J31 -> 73.626897 | L31: =IF(G31="",0,F31-(I31-AK31)) -> 1.7068969 | M31: 3.7 | N31: 0 | O31: =0*1.05 -> 0 | P31: 0 | Q31: =1111100/325851/1.9835*1.02 -> 1.753485 | R31: 0 | S31: =IF(((1.9*1.04)-T31)>=4.2,4.2,(1.9*1.04)-T31) -> 1.3597584 | T31: =(0.559*1.06)*1.04 -> 0.6162416 | U31: =M31-(Q31+R31+S31+T31) -> -0.029485005 | V31: 150 | W31: 0 | X31: =IF(B31="",0,M31-N31-O31-P31-Q31-R31-S31-T31-U31+V31+W31-AU31+AS31) -> 150 | Y31: =IF(B31="",0,X31-AP31) -> 150 | AH31: 50 | AI31: =AI30-AH31 -> 794.15788 | AK31: =N31+O31+P31+Q31+R31+S31+T31+U31+X31+AE31+AH31 -> 203.7 | AL31: =IF(L31<0,L31*-1,0) -> 0 | AM31: =AK31+AL31 -> 203.7 | AN31: =V31 -> 150 | AO31: =IF(G31="","",IF(I31>=795,795-X31,I31-Q31-R31-X31-AF31)-AJ31) -> -79.833485 | AW31: 0 | AX31: 61 | AY31: 36 | BA31: =SUM(N31,P31:U31) -> 3.7 | BB31: 0.994 | BC31: 16148 | BE31: =BE30+1 -> 17 | BF31: 6899.94 | BG31: =B31-BF31 -> 0.03 | BH31: 49.8625 | BI31: =AH31-BH31 -> 0.1375
