Workbook

Sheet NOV
K1: MC PHEE RESERVOIR IN/OUT FLOW TABULATION
A2: AF/cfs CONVERT FACTOR | D2: 1.9835 | L2: NOVEMBER "92"
A4: DATE | B4: RESERV | C4: RESERV | D4: AC FT | E4: ACTIVE | F4: CONV TO | G4: DOLORES | H4: LOST | I4: RECORDED | J4: CALC | K4: TOTAL | L4: CALC | M4: DOLORES | N4: MVI | O4: U | P4: TOTAL | Q4: MVI | R4: DV CR | S4: UTE | T4: BELOW | U4: REMAIN | V4: RECORDED | W4: CALC | X4: TOTAL | Y4: RAIN | Z4: MAX | AA4: MIN | AB4: DATE
A5: "NOV" | B5: ELEV | C5: AC FT | D5: CHANGE | E5: CAP | F5: CFS | G5: RIVER | H5: CANYON | I5: INFLOW | J5: INFLOW | K5: INFLOW | L5: INF/OTF | M5: TUNNEL | N5: DIVER | O5: LATERAL | P5: MVI | Q5: CALL | R5: CANAL | S5: F & R | T5: MC PHEE | U5: RELEASE | V5: OUTFLOW | W5: OUTFLOW | X5: OUTFLOW | Z5: TMP | AA5: TMP | AB5: "NOV"
A7: SEASON BAL
A8: YTD | B8: 6905.41 | C8: 303977 | U8: 15297
A10: 1 | B10: 6905.51 | C10: 304361 | D10: =C10-C8 -> 384 | E10: =C10-152000 -> 152361 | F10: =D10/$D$2 -> 193.59718 | G10: 116.1 | H10: 0 | I10: =G10+H10 -> 116.1 | J10: =IF(L10>0,L10,0) -> 153.39718 | K10: =I10+J10 -> 269.49718 | L10: =F10-(I10-V10) -> 153.39718 | M10: 26.2 | N10: 0 | O10: 10.8 | P10: =SUM(M10:O10) -> 37 | Q10: 0 | R10: 0 | S10: 0 | T10: 38.9 | U10: =U8-T10 -> 15258.1 | V10: =P10+R10+S10+T10 -> 75.9 | W10: =IF(L10<0,L10*-1,0) -> 0 | X10: =V10+W10 -> 75.9 | Y10: 0 | Z10: 58 | AA10: 27 | AB10: 1
A11: =A10+1 -> 2 | B11: 6905.52 | C11: 304401 | D11: =C11-C10 -> 40 | E11: =C11-152000 -> 152401 | F11: =D11/$D$2 -> 20.166373 | G11: 96.1 | H11: 0 | I11: =G11+H11 -> 96.1 | J11: =IF(L11>0,L11,0) -> 0 | K11: =I11+J11 -> 96.1 | L11: =F11-(I11-V11) -> -3.1336274 | M11: 23.4 | N11: 0 | O11: 10.6 | P11: =SUM(M11:O11) -> 34 | Q11: 0 | R11: 0 | S11: 0 | T11: 38.8 | U11: =U10-T11 -> 15219.3 | V11: =P11+R11+S11+T11 -> 72.8 | W11: =IF(L11<0,L11*-1,0) -> 3.1336274 | X11: =V11+W11 -> 75.933627 | Y11: 0 | Z11: 30 | AA11: 26 | AB11: =AB10+1 -> 2
A12: =A11+1 -> 3 | B12: 6905.51 | C12: 304361 | D12: =C12-C11 -> -40 | E12: =C12-152000 -> 152361 | F12: =D12/$D$2 -> -20.166373 | G12: 84.7 | H12: 0 | I12: =G12+H12 -> 84.7 | J12: =IF(L12>0,L12,0) -> 0 | K12: =I12+J12 -> 84.7 | L12: =F12-(I12-V12) -> -35.066373 | M12: 21.3 | N12: 0 | O12: 9.7 | P12: =SUM(M12:O12) -> 31 | Q12: 0 | R12: 0 | S12: 0 | T12: 38.8 | U12: =U11-T12 -> 15180.5 | V12: =P12+R12+S12+T12 -> 69.8 | W12: =IF(L12<0,L12*-1,0) -> 35.066373 | X12: =V12+W12 -> 104.86637 | Y12: 0 | Z12: 46 | AA12: 24 | AB12: =AB11+1 -> 3
A13: =A12+1 -> 4 | B13: 6905.49 | C13: 304286 | D13: =C13-C12 -> -75 | E13: =C13-152000 -> 152286 | F13: =D13/$D$2 -> -37.811949 | G13: 66.6 | H13: 0 | I13: =G13+H13 -> 66.6 | J13: =IF(L13>0,L13,0) -> 0 | K13: =I13+J13 -> 66.6 | L13: =F13-(I13-V13) -> -34.611949 | M13: 20.9 | N13: 0 | O13: 10.1 | P13: =SUM(M13:O13) -> 31 | Q13: 0 | R13: 0 | S13: 0 | T13: 38.8 | U13: =U12-T13 -> 15141.7 | V13: =P13+R13+S13+T13 -> 69.8 | W13: =IF(L13<0,L13*-1,0) -> 34.611949 | X13: =V13+W13 -> 104.41195 | Y13: 0 | Z13: 42 | AA13: 18 | AB13: =AB12+1 -> 4
A14: =A13+1 -> 5 | B14: 6905.46 | C14: 304169 | D14: =C14-C13 -> -117 | E14: =C14-152000 -> 152169 | F14: =D14/$D$2 -> -58.98664 | G14: 69.4 | H14: 0 | I14: =G14+H14 -> 69.4 | J14: =IF(L14>0,L14,0) -> 0 | K14: =I14+J14 -> 69.4 | L14: =F14-(I14-V14) -> -59.58664 | M14: 20.7 | N14: 0 | O14: 9.3 | P14: =SUM(M14:O14) -> 30 | Q14: 0 | R14: 0 | S14: 0 | T14: 38.8 | U14: =U13-T14 -> 15102.9 | V14: =P14+R14+S14+T14 -> 68.8 | W14: =IF(L14<0,L14*-1,0) -> 59.58664 | X14: =V14+W14 -> 128.38664 | Y14: 0 | Z14: 44 | AA14: 19 | AB14: =AB13+1 -> 5
A15: =A14+1 -> 6 | B15: 6905.46 | C15: 304169 | D15: =C15-C14 -> 0 | E15: =C15-152000 -> 152169 | F15: =D15/$D$2 -> 0 | G15: 73.3 | H15: 0 | I15: =G15+H15 -> 73.3 | J15: =IF(L15>0,L15,0) -> 0 | K15: =I15+J15 -> 73.3 | L15: =F15-(I15-V15) -> -4.7 | M15: 20.5 | N15: 0 | O15: 9.5 | P15: =SUM(M15:O15) -> 30 | Q15: 0 | R15: 0 | S15: 0 | T15: 38.6 | U15: =U14-T15 -> 15064.3 | V15: =P15+R15+S15+T15 -> 68.6 | W15: =IF(L15<0,L15*-1,0) -> 4.7 | X15: =V15+W15 -> 73.3 | Y15: 0 | Z15: 47 | AA15: 21 | AB15: =AB14+1 -> 6
A16: =A15+1 -> 7 | B16: 6905.46 | C16: 304169 | D16: =C16-C15 -> 0 | E16: =C16-152000 -> 152169 | F16: =D16/$D$2 -> 0 | G16: 75.9 | H16: 0 | I16: =G16+H16 -> 75.9 | J16: =IF(L16>0,L16,0) -> 0 | K16: =I16+J16 -> 75.9 | L16: =F16-(I16-V16) -> -7.3 | M16: 20.5 | N16: 0 | O16: 9.5 | P16: =SUM(M16:O16) -> 30 | Q16: 0 | R16: 0 | S16: 0 | T16: 38.6 | U16: =U15-T16 -> 15025.7 | V16: =P16+R16+S16+T16 -> 68.6 | W16: =IF(L16<0,L16*-1,0) -> 7.3 | X16: =V16+W16 -> 75.9 | Y16: 0 | Z16: 53 | AA16: 24 | AB16: =AB15+1 -> 7
A17: =A16+1 -> 8 | B17: 6905.44 | C17: 304092 | D17: =C17-C16 -> -77 | E17: =C17-152000 -> 152092 | F17: =D17/$D$2 -> -38.820267 | G17: 79.4 | H17: 0 | I17: =G17+H17 -> 79.4 | J17: =IF(L17>0,L17,0) -> 0 | K17: =I17+J17 -> 79.4 | L17: =F17-(I17-V17) -> -49.720267 | M17: 20.7 | N17: 0 | O17: 9.3 | P17: =SUM(M17:O17) -> 30 | Q17: 0 | R17: 0 | S17: 0 | T17: 38.5 | U17: =U16-T17 -> 14987.2 | V17: =P17+R17+S17+T17 -> 68.5 | W17: =IF(L17<0,L17*-1,0) -> 49.720267 | X17: =V17+W17 -> 118.22027 | Y17: 0 | Z17: 56 | AA17: 33 | AB17: =AB16+1 -> 8
A18: =A17+1 -> 9 | B18: 6905.42 | C18: 304015 | D18: =C18-C17 -> -77 | E18: =C18-152000 -> 152015 | F18: =D18/$D$2 -> -38.820267 | G18: 90 | H18: 0 | I18: =G18+H18 -> 90 | J18: =IF(L18>0,L18,0) -> 0 | K18: =I18+J18 -> 90 | L18: =F18-(I18-V18) -> -56.920267 | M18: 20.7 | N18: 0 | O18: 9.3 | P18: =SUM(M18:O18) -> 30 | Q18: 0 | R18: 0 | S18: 0 | T18: 41.9 | U18: =U17-T18 -> 14945.3 | V18: =P18+R18+S18+T18 -> 71.9 | W18: =IF(L18<0,L18*-1,0) -> 56.920267 | X18: =V18+W18 -> 128.82027 | Y18: 0 | Z18: 50 | AA18: 30 | AB18: =AB17+1 -> 9
A19: =A18+1 -> 10 | B19: 6905.46 | C19: 304169 | D19: =C19-C18 -> 154 | E19: =C19-152000 -> 152169 | F19: =D19/$D$2 -> 77.640534 | G19: 80.4 | H19: 0 | I19: =G19+H19 -> 80.4 | J19: =IF(L19>0,L19,0) -> 66.140534 | K19: =I19+J19 -> 146.54053 | L19: =F19-(I19-V19) -> 66.140534 | M19: 20.9 | N19: 0 | O19: 9.1 | P19: =SUM(M19:O19) -> 30 | Q19: 0 | R19: 0 | S19: 0 | T19: 38.9 | U19: =U18-T19 -> 14906.4 | V19: =P19+R19+S19+T19 -> 68.9 | W19: =IF(L19<0,L19*-1,0) -> 0 | X19: =V19+W19 -> 68.9 | Y19: 0.32 | Z19: 45 | AA19: 20 | AB19: =AB18+1 -> 10
A20: =A19+1 -> 11 | B20: 6905.45 | C20: 304132 | D20: =C20-C19 -> -37 | E20: =C20-152000 -> 152132 | F20: =D20/$D$2 -> -18.653895 | G20: 79.5 | H20: 0 | I20: =G20+H20 -> 79.5 | J20: =IF(L20>0,L20,0) -> 0 | K20: =I20+J20 -> 79.5 | L20: =F20-(I20-V20) -> -29.153895 | M20: 20.7 | N20: 0 | O20: 9.3 | P20: =SUM(M20:O20) -> 30 | Q20: 0 | R20: 0 | S20: 0 | T20: 39 | U20: =U19-T20 -> 14867.4 | V20: =P20+R20+S20+T20 -> 69 | W20: =IF(L20<0,L20*-1,0) -> 29.153895 | X20: =V20+W20 -> 98.153895 | Y20: 0 | Z20: 37 | AA20: 20 | AB20: =AB19+1 -> 11
A21: =A20+1 -> 12 | B21: 6905.44 | C21: 304092 | D21: =C21-C20 -> -40 | E21: =C21-152000 -> 152092 | F21: =D21/$D$2 -> -20.166373 | G21: 66.6 | H21: 0 | I21: =G21+H21 -> 66.6 | J21: =IF(L21>0,L21,0) -> 0 | K21: =I21+J21 -> 66.6 | L21: =F21-(I21-V21) -> -17.766373 | M21: 20.1 | N21: 0 | O21: 9.9 | P21: =SUM(M21:O21) -> 30 | Q21: 0 | R21: 0 | S21: 0 | T21: 39 | U21: =U20-T21 -> 14828.4 | V21: =P21+R21+S21+T21 -> 69 | W21: =IF(L21<0,L21*-1,0) -> 17.766373 | X21: =V21+W21 -> 86.766373 | Y21: 0 | Z21: 44 | AA21: 16 | AB21: =AB20+1 -> 12
A22: =A21+1 -> 13 | B22: 6905.44 | C22: 304092 | D22: =C22-C21 -> 0 | E22: =C22-152000 -> 152092 | F22: =D22/$D$2 -> 0 | G22: 70.4 | H22: 0 | I22: =G22+H22 -> 70.4 | J22: =IF(L22>0,L22,0) -> 2.9 | K22: =I22+J22 -> 73.3 | L22: =F22-(I22-V22) -> 2.9 | M22: 25 | N22: 0 | O22: 9 | P22: =SUM(M22:O22) -> 34 | Q22: 0 | R22: 0 | S22: 0 | T22: 39.3 | U22: =U21-T22 -> 14789.1 | V22: =P22+R22+S22+T22 -> 73.3 | W22: =IF(L22<0,L22*-1,0) -> 0 | X22: =V22+W22 -> 73.3 | Y22: 0 | Z22: 49 | AA22: 16 | AB22: =AB21+1 -> 13
... A38: =A37+1 -> 29 | B38: 6905.36 | C38: 303783 | D38: =C38-C37 -> 0 | E38: =C38-152000 -> 151783 | F38: =D38/$D$2 -> 0 | G38: 99 | H38: 0 | I38: =G38+H38 -> 99 | J38: =IF(L38>0,L38,0) -> 0 | K38: =I38+J38 -> 99 | L38: =F38-(I38-V38) -> -60.3 | M38: 5.7 | N38: 0 | O38: 0 | P38: =SUM(M38:O38) -> 5.7 | Q38: 0 | R38: 0 | S38: 0 | T38: 33 | U38: =U37-T38 -> 14191.7 | V38: =P38+R38+S38+T38 -> 38.7 | W38: =IF(L38<0,L38*-1,0) -> 60.3 | X38: =V38+W38 -> 99 | Y38: 0 | Z38: 34 | AA38: 4 | AB38: =AB37+1 -> 29
A39: 30 | B39: 6905.35 | C39: 303746 | D39: =C39-C38 -> -37 | E39: =C39-152000 -> 151746 | F39: =D39/$D$2 -> -18.653895 | G39: 103.7 | H39: 0 | I39: =G39+H39 -> 103.7 | J39: =IF(L39>0,L39,0) -> 0 | K39: =I39+J39 -> 103.7 | L39: =F39-(I39-V39) -> -85.153895 | M39: 3.8 | N39: 0 | O39: 0 | P39: =SUM(M39:O39) -> 3.8 | Q39: 0 | R39: 0 | S39: 0 | T39: 33.4 | U39: =U38-T39 -> 14158.3 | V39: =P39+R39+S39+T39 -> 37.2 | W39: =IF(L39<0,L39*-1,0) -> 85.153895 | X39: =V39+W39 -> 122.35389 | Y39: 0 | Z39: 36 | AA39: 2 | AB39: 30
Z40: 73
A41: MONTH / CFS | F41: =SUM(F10:F39) -> -116.4608 | G41: =SUM(G10:G39) -> 2415.2 | H41: =SUM(H10:H39) -> 0 | I41: =SUM(I10:I39) -> 2415.2 | J41: =SUM(J10:J39) -> 225.83771 | K41: =SUM(K10:K39) -> 2641.0377 | L41: =SUM(L10:L39) -> -673.9608 | M41: =SUM(M10:M39) -> 540.3 | ... P41: =SUM(P10:P39) -> 719 | R41: =SUM(R10:R39) -> 0 | S41: =SUM(S10:S39) -> 0 | T41: =SUM(T10:T39) -> 1138.7 | V41: =SUM(V10:V39) -> 1857.7 | W41: =SUM(W10:W39) -> 899.79851 | X41: =SUM(X10:X39) -> 2757.4985 | Y41: =SUM(Y10:Y39) -> 0.47 | Z41: =AVERAGE(Z10:Z39) -> 43.066667 | AA41: =AVERAGE(AA10:AA39) -> 17.766667
A42: MONTH / AF | D42: =SUM(D10:D39) -> -231 | F42: =F41*$D$2 -> -231 | G42: =G41*$D$2 -> 4790.5492 | H42: =H41*$D$2 -> 0 | I42: =I41*$D$2 -> 4790.5492 | J42: =J41*$D$2 -> 447.9491 | K42: =K41*$D$2 -> 5238.4983 | L42: =L41*$D$2 -> -1336.8012 | M42: =M41*$D$2 -> 1071.6851 | ... P42: =P41*$D$2 -> 1426.1365 | R42: =R41*$D$2 -> 0 | S42: =S41*$D$2 -> 0 | T42: =T41*$D$2 -> 2258.6114 | V42: =V41*$D$2 -> 3684.7479 | W42: =W41*$D$2 -> 1784.7504 | X42: =X41*$D$2 -> 5469.4983 | Z42: 82 | AA42: 54 | AB42: HI
A44: SEASON / CFS | Z44: 59 | AA44: 32 | AB44: LO
A45: SEASON / AF
A47: YTD / CFS | F47: =F8+F41 -> -116.4608 | G47: =G8+G41 -> 2415.2 | H47: =H8+H41 -> 0 | I47: =I8+I41 -> 2415.2 | J47: =J8+J41 -> 225.83771 | K47: =K8+K41 -> 2641.0377 | L47: =L8+L41 -> -673.9608 | M47: =M8+M41 -> 540.3 | ... P47: =P8+P41 -> 719 | R47: =R8+R41 -> 0 | S47: =S8+S41 -> 0 | T47: =T8+T41 -> 1138.7 | U47: =U39 -> 14158.3 | V47: =V8+V41 -> 1857.7 | W47: =W8+W41 -> 899.79851 | X47: =X8+X41 -> 2757.4985 | Y47: =Y8+Y41 -> 0.47
A48: YTD / AF | D48: =D8+D42 -> -231 | E48: =E39 -> 151746 | F48: =F47*$D$2 -> -231 | G48: =G47*$D$2 -> 4790.5492 | H48: =H47*$D$2 -> 0 | I48: =I47*$D$2 -> 4790.5492 | J48: =J47*$D$2 -> 447.9491 | K48: =K47*$D$2 -> 5238.4983 | L48: =L47*$D$2 -> -1336.8012 | M48: =M47*$D$2 -> 1071.6851 | ... X48: =X47*$D$2 -> 5469.4983

Sheet DEC
K1: MC PHEE RESERVOIR IN/OUT FLOW TABULATION
A2: AF/cfs CONVERT FACTOR | D2: 1.9835 | L2: DECEMBER "92"
A4: DATE | B4: RESERV | C4: RESERV | D4: AC FT | E4: ACTIVE | F4: CONV TO | G4: DOLORES | H4: LOST | I4: RECORDED | J4: CALC | K4: TOTAL | L4: CALC | M4: DOLORES | N4: MVI | O4: U | P4: TOTAL | Q4: MVI | R4: DV CR | S4: UTE | T4: BELOW | U4: REMAIN | V4: RECORDED | W4: CALC | X4: TOTAL | Y4: RAIN | Z4: MAX | AA4: MIN | AB4: DATE
A5: 'DEC'' | B5: ELEV | C5: AC FT | D5: CHANGE | E5: CAP | F5: CFS | G5: RIVER | H5: CANYON | I5: INFLOW | J5: INFLOW | K5: INFLOW | L5: INF/OTF | M5: TUNNEL | N5: DIVER | O5: LATERAL | P5: MVI | Q5: CALL | R5: CANAL | S5: F & R | T5: MC PHEE | U5: RELEASE | V5: OUTFLOW | W5: OUTFLOW | X5: OUTFLOW | Z5: TMP | AA5: TMP | AB5: 'DEC''
A7: SEASON BAL
A8: YTD | B8: =[1]NOV!B39 -> 6905.35 | C8: =[1]NOV!C39 -> 303746 | D8: =[1]NOV!$D$48 -> -231 | E8: =[1]NOV!$E$39 -> 151746 | F8: {=[1]NOV!$F$47:$Y$47} -> -116.4608 | G8: 2415.2 | H8: 0 | I8: 2415.2 | J8: 225.83771 | K8: 2641.0377 | L8: -673.9608 | M8: 540.3 | N8: 0 | O8: 178.7 | P8: 719 | Q8: 0 | R8: 0 | S8: 0 | T8: 1138.7 | U8: 14158.3 | V8: 1857.7 | W8: 899.79851 | X8: 2757.4985 | Y8: 0.47
M9: 4
A10: 1 | B10: 6905.35 | C10: 303746 | D10: =C10-C8 -> 0 | E10: =C10-152000 -> 151746 | F10: =D10/$D$2 -> 0 | G10: 37.9 | H10: 0 | I10: =G10+H10 -> 37.9 | J10: =IF(L10>0,L10,0) -> 0 | K10: =I10+J10 -> 37.9 | L10: =F10-(I10-V10) -> 0 | M10: 3.7 | N10: 0 | O10: 0 | P10: =SUM(M10:O10) -> 3.7 | Q10: 0 | R10: 0 | S10: 0 | T10: 34.2 | U10: =U8-T10 -> 14124.1 | V10: =P10+R10+S10+T10 -> 37.9 | W10: =IF(L10<0,L10*-1,0) -> 0 | X10: =V10+W10 -> 37.9 | Y10: 0 | Z10: 48 | AA10: 7 | AB10: 1
A11: =A10+1 -> 2 | B11: 6905.36 | C11: 303783 | D11: =C11-C10 -> 37 | E11: =C11-152000 -> 151783 | F11: =D11/$D$2 -> 18.653895 | G11: 56.5 | H11: 0 | I11: =G11+H11 -> 56.5 | J11: =IF(L11>0,L11,0) -> 0.053894631 | K11: =I11+J11 -> 56.553895 | L11: =F11-(I11-V11) -> 0.053894631 | M11: 3.7 | N11: 0 | O11: 0 | P11: =SUM(M11:O11) -> 3.7 | Q11: 0 | R11: 0 | S11: 0 | T11: 34.2 | U11: =U10-T11 -> 14089.9 | V11: =P11+R11+S11+T11 -> 37.9 | W11: =IF(L11<0,L11*-1,0) -> 0 | X11: =V11+W11 -> 37.9 | Y11: 0 | Z11: 46 | AA11: 8 | AB11: =AB10+1 -> 2
A12: =A11+1 -> 3 | B12: 6905.36 | C12: 303783 | D12: =C12-C11 -> 0 | E12: =C12-152000 -> 151783 | F12: =D12/$D$2 -> 0 | G12: 38.1 | H12: 0 | I12: =G12+H12 -> 38.1 | J12: =IF(L12>0,L12,0) -> 0 | K12: =I12+J12 -> 38.1 | L12: =F12-(I12-V12) -> 0 | M12: 3.9 | N12: 0 | O12: 0 | P12: =SUM(M12:O12) -> 3.9 | Q12: 0 | R12: 0 | S12: 0 | T12: 34.2 | U12: =U11-T12 -> 14055.7 | V12: =P12+R12+S12+T12 -> 38.1 | W12: =IF(L12<0,L12*-1,0) -> 0 | X12: =V12+W12 -> 38.1 | Y12: 0 | Z12: 43 | AA12: 26 | AB12: =AB11+1 -> 3
A13: =A12+1 -> 4 | B13: 6905.37 | C13: 303823 | D13: =C13-C12 -> 40 | E13: =C13-152000 -> 151823 | F13: =D13/$D$2 -> 20.166373 | G13: 58.4 | H13: 0 | I13: =G13+H13 -> 58.4 | J13: =IF(L13>0,L13,0) -> 0.066372574 | K13: =I13+J13 -> 58.466373 | L13: =F13-(I13-V13) -> 0.066372574 | M13: 4.1 | N13: 0 | O13: 0 | P13: =SUM(M13:O13) -> 4.1 | Q13: 0 | R13: 0 | S13: 0 | T13: 34.2 | U13: =U12-T13 -> 14021.5 | V13: =P13+R13+S13+T13 -> 38.3 | W13: =IF(L13<0,L13*-1,0) -> 0 | X13: =V13+W13 -> 38.3 | Y13: 0.14 | Z13: 39 | AA13: 24 | AB13: =AB12+1 -> 4
A14: =A13+1 -> 5 | B14: 6905.37 | C14: 303823 | D14: =C14-C13 -> 0 | E14: =C14-152000 -> 151823 | F14: =D14/$D$2 -> 0 | G14: 38.2 | H14: 0 | I14: =G14+H14 -> 38.2 | J14: =IF(L14>0,L14,0) -> 0.1 | K14: =I14+J14 -> 38.3 | L14: =F14-(I14-V14) -> 0.1 | M14: 4.1 | N14: 0 | O14: 0 | P14: =SUM(M14:O14) -> 4.1 | Q14: 0 | R14: 0 | S14: 0 | T14: 34.2 | U14: =U13-T14 -> 13987.3 | V14: =P14+R14+S14+T14 -> 38.3 | W14: =IF(L14<0,L14*-1,0) -> 0 | X14: =V14+W14 -> 38.3 | Y14: 0.3 | Z14: 32 | AA14: 19 | AB14: =AB13+1 -> 5
A15: =A14+1 -> 6 | B15: 6905.38 | C15: 303860 | D15: =C15-C14 -> 37 | E15: =C15-152000 -> 151860 | F15: =D15/$D$2 -> 18.653895 | G15: 56.9 | H15: 0 | I15: =G15+H15 -> 56.9 | J15: =IF(L15>0,L15,0) -> 0.053894631 | K15: =I15+J15 -> 56.953895 | L15: =F15-(I15-V15) -> 0.053894631 | M15: 4.1 | N15: 0 | O15: 0 | P15: =SUM(M15:O15) -> 4.1 | Q15: 0 | R15: 0 | S15: 0 | T15: 34.2 | U15: =U14-T15 -> 13953.1 | V15: =P15+R15+S15+T15 -> 38.3 | W15: =IF(L15<0,L15*-1,0) -> 0 | X15: =V15+W15 -> 38.3 | Y15: 0 | Z15: 34 | AA15: 10 | AB15: =AB14+1 -> 6
A16: =A15+1 -> 7 | B16: 6905.38 | C16: 303860 | D16: =C16-C15 -> 0 | E16: =C16-152000 -> 151860 | F16: =D16/$D$2 -> 0 | G16: 38.1 | H16: 0 | I16: =G16+H16 -> 38.1 | J16: =IF(L16>0,L16,0) -> 0.1 | K16: =I16+J16 -> 38.2 | L16: =F16-(I16-V16) -> 0.1 | M16: 4.1 | N16: 0 | O16: 0 | P16: =SUM(M16:O16) -> 4.1 | Q16: 0 | R16: 0 | S16: 0 | T16: 34.1 | U16: =U15-T16 -> 13919 | V16: =P16+R16+S16+T16 -> 38.2 | W16: =IF(L16<0,L16*-1,0) -> 0 | X16: =V16+W16 -> 38.2 | Y16: 0 | Z16: 35 | AA16: 6 | AB16: =AB15+1 -> 7
A17: =A16+1 -> 8 | B17: 6905.39 | C17: 303900 | D17: =C17-C16 -> 40 | E17: =C17-152000 -> 151900 | F17: =D17/$D$2 -> 20.166373 | G17: 58 | H17: 0 | I17: =G17+H17 -> 58 | J17: =IF(L17>0,L17,0) -> 0 | K17: =I17+J17 -> 58 | L17: =F17-(I17-V17) -> -0.033627426 | M17: 4.1 | N17: 0 | O17: 0 | P17: =SUM(M17:O17) -> 4.1 | Q17: 0 | R17: 0 | S17: 0 | T17: 33.7 | U17: =U16-T17 -> 13885.3 | V17: =P17+R17+S17+T17 -> 37.8 | W17: =IF(L17<0,L17*-1,0) -> 0.033627426 | X17: =V17+W17 -> 37.833627 | Y17: 0.03 | Z17: 36 | AA17: 14 | AB17: =AB16+1 -> 8
A18: =A17+1 -> 9 | B18: 6905.39 | C18: 303900 | D18: =C18-C17 -> 0 | E18: =C18-152000 -> 151900 | F18: =D18/$D$2 -> 0 | G18: 43.3 | H18: 0 | I18: =G18+H18 -> 43.3 | J18: =IF(L18>0,L18,0) -> 0.1 | K18: =I18+J18 -> 43.4 | L18: =F18-(I18-V18) -> 0.1 | M18: 4.1 | N18: 0 | O18: 0 | P18: =SUM(M18:O18) -> 4.1 | Q18: 0 | R18: 0 | S18: 0 | T18: 39.3 | U18: =U17-T18 -> 13846 | V18: =P18+R18+S18+T18 -> 43.4 | W18: =IF(L18<0,L18*-1,0) -> 0 | X18: =V18+W18 -> 43.4 | Y18: 0 | Z18: 36 | AA18: 12 | AB18: =AB17+1 -> 9
A19: =A18+1 -> 10 | B19: 6905.4 | C19: 303938 | D19: =C19-C18 -> 38 | E19: =C19-152000 -> 151938 | F19: =D19/$D$2 -> 19.158054 | G19: 56.6 | H19: 0 | I19: =G19+H19 -> 56.6 | J19: =IF(L19>0,L19,0) -> 0.058053945 | K19: =I19+J19 -> 56.658054 | L19: =F19-(I19-V19) -> 0.058053945 | M19: 4.1 | N19: 0 | O19: 0 | P19: =SUM(M19:O19) -> 4.1 | Q19: 0 | R19: 0 | S19: 0 | T19: 33.4 | U19: =U18-T19 -> 13812.6 | V19: =P19+R19+S19+T19 -> 37.5 | W19: =IF(L19<0,L19*-1,0) -> 0 | X19: =V19+W19 -> 37.5 | Y19: 0 | Z19: 37 | AA19: 17 | AB19: =AB18+1 -> 10
A20: =A19+1 -> 11 | B20: 6905.4 | C20: 303938 | D20: =C20-C19 -> 0 | E20: =C20-152000 -> 151938 | F20: =D20/$D$2 -> 0 | G20: 37.5 | H20: 0 | I20: =G20+H20 -> 37.5 | J20: =IF(L20>0,L20,0) -> 0 | K20: =I20+J20 -> 37.5 | L20: =F20-(I20-V20) -> 0 | M20: 4.1 | N20: 0 | O20: 0 | P20: =SUM(M20:O20) -> 4.1 | Q20: 0 | R20: 0 | S20: 0 | T20: 33.4 | U20: =U19-T20 -> 13779.2 | V20: =P20+R20+S20+T20 -> 37.5 | W20: =IF(L20<0,L20*-1,0) -> 0 | X20: =V20+W20 -> 37.5 | Y20: 0 | Z20: 39 | AA20: 14 | AB20: =AB19+1 -> 11
A21: =A20+1 -> 12 | B21: 6905.41 | C21: 303977 | D21: =C21-C20 -> 39 | E21: =C21-152000 -> 151977 | F21: =D21/$D$2 -> 19.662213 | G21: 57.2 | H21: 0 | I21: =G21+H21 -> 57.2 | J21: =IF(L21>0,L21,0) -> 0 | K21: =I21+J21 -> 57.2 | L21: =F21-(I21-V21) -> -0.037786741 | M21: 4.1 | N21: 0 | O21: 0 | P21: =SUM(M21:O21) -> 4.1 | Q21: 0 | R21: 0 | S21: 0 | T21: 33.4 | U21: =U20-T21 -> 13745.8 | V21: =P21+R21+S21+T21 -> 37.5 | W21: =IF(L21<0,L21*-1,0) -> 0.037786741 | X21: =V21+W21 -> 37.537787 | Y21: 0.25 | Z21: 33 | AA21: 12 | AB21: =AB20+1 -> 12
A22: =A21+1 -> 13 | B22: 6905.41 | C22: 303977 | D22: =C22-C21 -> 0 | E22: =C22-152000 -> 151977 | F22: =D22/$D$2 -> 0 | G22: 37.5 | H22: 0 | I22: =G22+H22 -> 37.5 | J22: =IF(L22>0,L22,0) -> 0 | K22: =I22+J22 -> 37.5 | L22: =F22-(I22-V22) -> 0 | M22: 4.1 | N22: 0 | O22: 0 | P22: =SUM(M22:O22) -> 4.1 | Q22: 0 | R22: 0 | S22: 0 | T22: 33.4 | U22: =U21-T22 -> 13712.4 | V22: =P22+R22+S22+T22 -> 37.5 | W22: =IF(L22<0,L22*-1,0) -> 0 | X22: =V22+W22 -> 37.5 | Y22: 0.09 | Z22: 28 | AA22: 7 | AB22: =AB21+1 -> 13
... A38: =A37+1 -> 29 | B38: 6905.54 | C38: 304478 | D38: =C38-C37 -> 77 | E38: =C38-152000 -> 152478 | F38: =D38/$D$2 -> 38.820267 | G38: 75.5 | H38: 0 | I38: =G38+H38 -> 75.5 | J38: =IF(L38>0,L38,0) -> 0 | K38: =I38+J38 -> 75.5 | L38: =F38-(I38-V38) -> -0.079732796 | M38: 4.4 | N38: 0 | O38: 0 | P38: =SUM(M38:O38) -> 4.4 | Q38: 0 | R38: 0 | S38: 0 | T38: 32.2 | U38: =U37-T38 -> 13190.9 | V38: =P38+R38+S38+T38 -> 36.6 | W38: =IF(L38<0,L38*-1,0) -> 0.079732796 | X38: =V38+W38 -> 36.679733 | Y38: 0 | Z38: 40 | AA38: 30 | AB38: =AB37+1 -> 29
A39: 30 | B39: 6905.56 | C39: 304555 | D39: =C39-C38 -> 77 | E39: =C39-152000 -> 152555 | F39: =D39/$D$2 -> 38.820267 | G39: 75.4 | H39: 0 | I39: =G39+H39 -> 75.4 | J39: =IF(L39>0,L39,0) -> 0.020267204 | K39: =I39+J39 -> 75.420267 | L39: =F39-(I39-V39) -> 0.020267204 | M39: 4.4 | N39: 0 | O39: 0 | P39: =SUM(M39:O39) -> 4.4 | Q39: 0 | R39: 0 | S39: 0 | T39: 32.2 | U39: =U38-T39 -> 13158.7 | V39: =P39+R39+S39+T39 -> 36.6 | W39: =IF(L39<0,L39*-1,0) -> 0 | X39: =V39+W39 -> 36.6 | Y39: 0 | Z39: 42 | AA39: 32 | AB39: 30
A40: 31 | B40: 6905.58 | C40: 304632 | D40: =C40-C39 -> 77 | E40: =C40-152000 -> 152632 | F40: =D40/$D$2 -> 38.820267 | G40: 76 | H40: 0 | I40: =G40+H40 -> 76 | J40: =IF(L40>0,L40,0) -> 0.020267204 | K40: =I40+J40 -> 76.020267 | L40: =F40-(I40-V40) -> 0.020267204 | M40: 4.4 | N40: 0 | O40: 0 | P40: =SUM(M40:O40) -> 4.4 | Q40: 0 | R40: 0 | S40: 0 | T40: 32.8 | U40: =U39-T40 -> 13125.9 | V40: =P40+R40+S40+T40 -> 37.2 | W40: =IF(L40<0,L40*-1,0) -> 0 | X40: =V40+W40 -> 37.2 | Y40: 0 | Z40: 47 | AA40: 20 | AB40: 31
Z41: 73
A42: MONTH / CFS | F42: =SUM(F10:F40) -> 446.68515 | G42: =SUM(G10:G40) -> 1610.2 | H42: =SUM(H10:H40) -> 0 | I42: =SUM(I10:I40) -> 1610.2 | J42: =SUM(J10:J40) -> 0.70496597 | K42: =SUM(K10:K40) -> 1610.905 | L42: =SUM(L10:L40) -> 0.28515251 | M42: =SUM(M10:M40) -> 131.4 | ... P42: =SUM(P10:P40) -> 131.4 | R42: =SUM(R10:R40) -> 0 | S42: =SUM(S10:S40) -> 0 | T42: =SUM(T10:T40) -> 1032.4 | U42: =U40 -> 13125.9 | V42: =SUM(V10:V40) -> 1163.8 | W42: =SUM(W10:W40) -> 0.41981346 | X42: =SUM(X10:X40) -> 1164.2198 | Y42: =SUM(Y10:Y40) -> 2.08 | Z42: =AVERAGE(Z10:Z40) -> 34.870968 | AA42: =AVERAGE(AA10:AA40) -> 10.451613
A43: MONTH / AF | D43: =SUM(D10:D40) -> 886 | F43: =F42*$D$2 -> 886 | G43: =G42*$D$2 -> 3193.8317 | H43: =H42*$D$2 -> 0 | I43: =I42*$D$2 -> 3193.8317 | J43: =J42*$D$2 -> 1.3983 | K43: =K42*$D$2 -> 3195.23 | L43: =L42*$D$2 -> 0.5656 | M43: =M42*$D$2 -> 260.6319 | ... P43: =P42*$D$2 -> 260.6319 | R43: =R42*$D$2 -> 0 | S43: =S42*$D$2 -> 0 | T43: =T42*$D$2 -> 2047.7654 | U43: =U42*$D$2 -> 26035.223 | V43: =V42*$D$2 -> 2308.3973 | W43: =W42*$D$2 -> 0.8327 | X43: =X42*$D$2 -> 2309.23 | Z43: =MAX(Z10:Z40) -> 48 | AA43: =MAX(AA10:AA40) -> 32 | AB43: HI
A45: SEASON / CFS | Z45: =MIN(Z10:Z40) -> 20 | AA45: =MIN(AA10:AA40) -> -10 | AB45: LO
A46: SEASON / AF
A48: YTD / CFS | F48: =F8+F42 -> 330.22435 | G48: =G8+G42 -> 4025.4 | H48: =H8+H42 -> 0 | I48: =I8+I42 -> 4025.4 | J48: =J8+J42 -> 226.54268 | K48: =K8+K42 -> 4251.9427 | L48: =L8+L42 -> -673.67565 | M48: =M8+M42 -> 671.7 | ... P48: =P8+P42 -> 850.4 | R48: =R8+R42 -> 0 | S48: =S8+S42 -> 0 | T48: =T8+T42 -> 2171.1 | U48: =U40 -> 13125.9 | V48: =V8+V42 -> 3021.5 | W48: =W8+W42 -> 900.21833 | X48: =X8+X42 -> 3921.7183 | Y48: =Y8+Y42 -> 2.55
A49: YTD / AF | D49: =D8+D43 -> 655 | E49: =E40 -> 152632 | F49: =F48*$D$2 -> 655 | G49: =G48*$D$2 -> 7984.3809 | H49: =H48*$D$2 -> 0 | I49: =I48*$D$2 -> 7984.3809 | J49: =J48*$D$2 -> 449.3474 | K49: =K48*$D$2 -> 8433.7283 | L49: =L48*$D$2 -> -1336.2357 | M49: =M48*$D$2 -> 1332.3169 | ... T49: =T48*$D$2 -> 4306.3768 | U49: =U40*$D$2 -> 26035.223 | V49: =V48*$D$2 -> 5993.1452 | W49: =W48*$D$2 -> 1785.583 | X49: =X48*$D$2 -> 7778.7283

Sheet JAN
K1: MC PHEE RESERVOIR IN/OUT FLOW TABULATION
A2: AF/cfs CONVERT FACTOR | D2: 1.9835 | K2: JANUARY "1993"
A4: DATE | B4: RESERV | C4: RESERV | D4: AC FT | E4: ACTIVE | F4: CONV TO | G4: DOLORES | H4: LOST | I4: RECORDED | J4: CALC | K4: TOTAL | L4: CALC | M4: DOLORES TUNNEL | Q4: LONE | R4: U | S4: TOTAL | T4: MVI | U4: DV CR | V4: BELOW | W4: REMAIN | X4: RECORDED | Y4: CALC | Z4: TOTAL | AA4: RAIN | AB4: MAX | AC4: MIN | AD4: DATE
A5: "JAN" | B5: ELEV | C5: AC FT | D5: CHANGE | E5: CAP | F5: CFS | G5: RIVER | H5: CANYON | I5: INFLOW | J5: INFLOW | K5: INFLOW | L5: INF/OTF | M5: TOT DIV | N5: WETLAND | O5: UTE F&R | P5: MVI,CTZ | Q5: PINE | R5: LAT | S5: MVI | T5: CALL | U5: CANAL | V5: MC PHEE | W5: RELEASE | X5: OUTFLOW | Y5: OUTFLOW | Z5: OUTFLOW | AB5: TMP | AC5: TMP | AD5: "JAN"
A7: SEASON BAL
A8: YTD | B8: =DEC!B40 -> 6905.58 | C8: =DEC!C40 -> 304632 | D8: =DEC!$D$49 -> 655 | E8: =DEC!$E$40 -> 152632 | F8: =DEC!F48 -> 330.22435 | G8: =DEC!G48 -> 4025.4 | H8: =DEC!H48 -> 0 | I8: =DEC!I48 -> 4025.4 | J8: =DEC!J48 -> 226.54268 | K8: =DEC!K48 -> 4251.9427 | L8: =DEC!L48 -> -673.67565 | M8: =DEC!M48 -> 671.7 | N8: =DEC!N48 -> 0 | O8: 0 | P8: 0 | Q8: =DEC!N48 -> 0 | R8: =DEC!O48 -> 178.7 | S8: =DEC!P48 -> 850.4 | T8: 0 | U8: 0 | V8: =DEC!T48 -> 2171.1 | W8: =DEC!U48 -> 13125.9 | X8: =DEC!V48 -> 3021.5 | Y8: =DEC!W48 -> 900.21833 | Z8: =DEC!X48 -> 3921.7183 | AA8: =DEC!Y48 -> 2.55
G9: 54.6
A10: 1 | B10: 6925.59 | C10: 304670 | D10: =C10-C8 -> 38 | E10: =C10-152000 -> 152670 | F10: =D10/$D$2 -> 19.158054 | G10: 54.1 | H10: 0 | I10: =G10+H10 -> 54.1 | J10: =IF(L10>0,L10,0) -> 0 | K10: =I10+J10 -> 54.1 | L10: =F10-(I10-X10) -> -0.041946055 | M10: 4.4 | N10: 0 | O10: 0 | P10: =M10-(N10+O10) -> 4.4 | Q10: 0 | R10: 0 | S10: =SUM(P10:R10) -> 4.4 | U10: 0 | V10: 30.5 | W10: =W8-V10 -> 13095.4 | X10: =N10+O10+S10+U10+V10 -> 34.9 | Y10: =IF(L10<0,L10*-1,0) -> 0.041946055 | Z10: =X10+Y10 -> 34.941946 | AA10: 0 | AB10: 43 | AC10: 20 | AD10: 1
A11: =A10+1 -> 2 | B11: 6905.6 | C11: 304709 | D11: =C11-C10 -> 39 | E11: =C11-152000 -> 152709 | F11: =D11/$D$2 -> 19.662213 | G11: 54.6 | H11: 0 | I11: =G11+H11 -> 54.6 | J11: =IF(L11>0,L11,0) -> 0.062213259 | K11: =I11+J11 -> 54.662213 | L11: =F11-(I11-X11) -> 0.062213259 | M11: 4.5 | N11: 0 | O11: 0 | P11: =M11-(N11+O11) -> 4.5 | Q11: 0 | R11: 0 | S11: =SUM(P11:R11) -> 4.5 | U11: 0 | V11: 30.5 | W11: =W10-V11 -> 13064.9 | X11: =N11+O11+S11+U11+V11 -> 35 | Y11: =IF(L11<0,L11*-1,0) -> 0 | Z11: =X11+Y11 -> 35 | AA11: 0 | AB11: 42 | AC11: 22 | AD11: =AD10+1 -> 2
A12: =A11+1 -> 3 | B12: 6905.61 | C12: 304747 | D12: =C12-C11 -> 38 | E12: =C12-152000 -> 152747 | F12: =D12/$D$2 -> 19.158054 | G12: 54.1 | H12: 0 | I12: =G12+H12 -> 54.1 | J12: =IF(L12>0,L12,0) -> 0 | K12: =I12+J12 -> 54.1 | L12: =F12-(I12-X12) -> -0.041946055 | M12: 4.4 | N12: 0 | O12: 0 | P12: =M12-(N12+O12) -> 4.4 | Q12: 0 | R12: 0 | S12: =SUM(P12:R12) -> 4.4 | U12: 0 | V12: 30.5 | W12: =W11-V12 -> 13034.4 | X12: =N12+O12+S12+U12+V12 -> 34.9 | Y12: =IF(L12<0,L12*-1,0) -> 0.041946055 | Z12: =X12+Y12 -> 34.941946 | AA12: 0 | AB12: 34 | AC12: 32 | AD12: =AD11+1 -> 3
A13: =A12+1 -> 4 | B13: 6905.62 | C13: 304787 | D13: =C13-C12 -> 40 | E13: =C13-152000 -> 152787 | F13: =D13/$D$2 -> 20.166373 | G13: 56 | H13: 0 | I13: =G13+H13 -> 56 | J13: =IF(L13>0,L13,0) -> 0 | K13: =I13+J13 -> 56 | L13: =F13-(I13-X13) -> -0.033627426 | M13: 4.4 | N13: 0 | O13: 0 | P13: =M13-(N13+O13) -> 4.4 | Q13: 0 | R13: 0 | S13: =SUM(P13:R13) -> 4.4 | U13: 0 | V13: 31.4 | W13: =W12-V13 -> 13003 | X13: =N13+O13+S13+U13+V13 -> 35.8 | Y13: =IF(L13<0,L13*-1,0) -> 0.033627426 | Z13: =X13+Y13 -> 35.833627 | AA13: 0 | AB13: 33 | AC13: 15 | AD13: =AD12+1 -> 4
A14: =A13+1 -> 5 | B14: 6905.64 | C14: 304864 | D14: =C14-C13 -> 77 | E14: =C14-152000 -> 152864 | F14: =D14/$D$2 -> 38.820267 | G14: 73.9 | H14: 0 | I14: =G14+H14 -> 73.9 | J14: =IF(L14>0,L14,0) -> 0.020267204 | K14: =I14+J14 -> 73.920267 | L14: =F14-(I14-X14) -> 0.020267204 | M14: 4.4 | N14: 0 | O14: 0 | P14: =M14-(N14+O14) -> 4.4 | Q14: 0 | R14: 0 | S14: =SUM(P14:R14) -> 4.4 | U14: 0 | V14: 30.7 | W14: =W13-V14 -> 12972.3 | X14: =N14+O14+S14+U14+V14 -> 35.1 | Y14: =IF(L14<0,L14*-1,0) -> 0 | Z14: =X14+Y14 -> 35.1 | AA14: 0.07 | AB14: 31 | AC14: 5 | AD14: =AD13+1 -> 5
A15: =A14+1 -> 6 | B15: 6905.66 | C15: 304941 | D15: =C15-C14 -> 77 | E15: =C15-152000 -> 152941 | F15: =D15/$D$2 -> 38.820267 | G15: 73.8 | H15: 0 | I15: =G15+H15 -> 73.8 | J15: =IF(L15>0,L15,0) -> 0.020267204 | K15: =I15+J15 -> 73.820267 | L15: =F15-(I15-X15) -> 0.020267204 | M15: 4.4 | N15: 0 | O15: 0 | P15: =M15-(N15+O15) -> 4.4 | Q15: 0 | R15: 0 | S15: =SUM(P15:R15) -> 4.4 | U15: 0 | V15: 30.6 | W15: =W14-V15 -> 12941.7 | X15: =N15+O15+S15+U15+V15 -> 35 | Y15: =IF(L15<0,L15*-1,0) -> 0 | Z15: =X15+Y15 -> 35 | AA15: 0.35 | AB15: 34 | AC15: 16 | AD15: =AD14+1 -> 6
A16: =A15+1 -> 7 | B16: 6905.72 | C16: 305172 | D16: =C16-C15 -> 231 | E16: =C16-152000 -> 153172 | F16: =D16/$D$2 -> 116.4608 | G16: 151.6 | H16: 0 | I16: =G16+H16 -> 151.6 | J16: =IF(L16>0,L16,0) -> 0 | K16: =I16+J16 -> 151.6 | L16: =F16-(I16-X16) -> -0.039198387 | M16: 4.4 | N16: 0 | O16: 0 | P16: =M16-(N16+O16) -> 4.4 | Q16: 0 | R16: 0 | S16: =SUM(P16:R16) -> 4.4 | U16: 0 | V16: 30.7 | W16: =W15-V16 -> 12911 | X16: =N16+O16+S16+U16+V16 -> 35.1 | Y16: =IF(L16<0,L16*-1,0) -> 0.039198387 | Z16: =X16+Y16 -> 35.139198 | AA16: 0.4 | AB16: 35 | AC16: 25 | AD16: =AD15+1 -> 7
A17: =A16+1 -> 8 | B17: 6905.78 | C17: 305402 | D17: =C17-C16 -> 230 | E17: =C17-152000 -> 153402 | F17: =D17/$D$2 -> 115.95664 | G17: 151.2 | H17: 0 | I17: =G17+H17 -> 151.2 | J17: =IF(L17>0,L17,0) -> 0 | K17: =I17+J17 -> 151.2 | L17: =F17-(I17-X17) -> -0.043357701 | M17: 4.4 | N17: 0 | O17: 0 | P17: =M17-(N17+O17) -> 4.4 | Q17: 0 | R17: 0 | S17: =SUM(P17:R17) -> 4.4 | U17: 0 | V17: 30.8 | W17: =W16-V17 -> 12880.2 | X17: =N17+O17+S17+U17+V17 -> 35.2 | Y17: =IF(L17<0,L17*-1,0) -> 0.043357701 | Z17: =X17+Y17 -> 35.243358 | AA17: 0.45 | AB17: 36 | AC17: 28 | AD17: =AD16+1 -> 8
A18: =A17+1 -> 9 | B18: 6905.84 | C18: 305634 | D18: =C18-C17 -> 232 | E18: =C18-152000 -> 153634 | F18: =D18/$D$2 -> 116.96496 | G18: 151.9 | H18: 0 | I18: =G18+H18 -> 151.9 | J18: =IF(L18>0,L18,0) -> 0 | K18: =I18+J18 -> 151.9 | L18: =F18-(I18-X18) -> -0.035039072 | M18: 4.4 | N18: 0 | O18: 0 | P18: =M18-(N18+O18) -> 4.4 | Q18: 0 | R18: 0 | S18: =SUM(P18:R18) -> 4.4 | U18: 0 | V18: 30.5 | W18: =W17-V18 -> 12849.7 | X18: =N18+O18+S18+U18+V18 -> 34.9 | Y18: =IF(L18<0,L18*-1,0) -> 0.035039072 | Z18: =X18+Y18 -> 34.935039 | AA18: 0.45 | AB18: 38 | AC18: 30 | AD18: =AD17+1 -> 9
A19: =A18+1 -> 10 | B19: 6905.86 | C19: 305711 | D19: =C19-C18 -> 77 | E19: =C19-152000 -> 153711 | F19: =D19/$D$2 -> 38.820267 | G19: 73.8 | H19: 0 | I19: =G19+H19 -> 73.8 | J19: =IF(L19>0,L19,0) -> 0.020267204 | K19: =I19+J19 -> 73.820267 | L19: =F19-(I19-X19) -> 0.020267204 | M19: 4.5 | N19: 0 | O19: 0 | P19: =M19-(N19+O19) -> 4.5 | Q19: 0 | R19: 0 | S19: =SUM(P19:R19) -> 4.5 | U19: 0 | V19: 30.5 | W19: =W18-V19 -> 12819.2 | X19: =N19+O19+S19+U19+V19 -> 35 | Y19: =IF(L19<0,L19*-1,0) -> 0 | Z19: =X19+Y19 -> 35 | AA19: 0.25 | AB19: 40 | AC19: 33 | AD19: =AD18+1 -> 10
A20: =A19+1 -> 11 | B20: 6905.87 | C20: 305750 | D20: =C20-C19 -> 39 | E20: =C20-152000 -> 153750 | F20: =D20/$D$2 -> 19.662213 | G20: 54.7 | H20: 0 | I20: =G20+H20 -> 54.7 | J20: =IF(L20>0,L20,0) -> 0.062213259 | K20: =I20+J20 -> 54.762213 | L20: =F20-(I20-X20) -> 0.062213259 | M20: 4.4 | N20: 0 | O20: 0 | P20: =M20-(N20+O20) -> 4.4 | Q20: 0 | R20: 0 | S20: =SUM(P20:R20) -> 4.4 | U20: 0 | V20: 30.7 | W20: =W19-V20 -> 12788.5 | X20: =N20+O20+S20+U20+V20 -> 35.1 | Y20: =IF(L20<0,L20*-1,0) -> 0 | Z20: =X20+Y20 -> 35.1 | AA20: 0 | AB20: 31 | AC20: 25 | AD20: =AD19+1 -> 11
A21: =A20+1 -> 12 | B21: 6905.89 | C21: 305828 | D21: =C21-C20 -> 78 | E21: =C21-152000 -> 153828 | F21: =D21/$D$2 -> 39.324427 | G21: 73.8 | H21: 0 | I21: =G21+H21 -> 73.8 | J21: =IF(L21>0,L21,0) -> 0.024426519 | K21: =I21+J21 -> 73.824427 | L21: =F21-(I21-X21) -> 0.024426519 | M21: 3.9 | N21: 0 | O21: 0 | P21: =M21-(N21+O21) -> 3.9 | Q21: 0 | R21: 0 | S21: =SUM(P21:R21) -> 3.9 | U21: 0 | V21: 30.6 | W21: =W20-V21 -> 12757.9 | X21: =N21+O21+S21+U21+V21 -> 34.5 | Y21: =IF(L21<0,L21*-1,0) -> 0 | Z21: =X21+Y21 -> 34.5 | AA21: 0.04 | AB21: 33 | AC21: -1 | AD21: =AD20+1 -> 12
A22: 13 | B22: 6905.9 | C22: 305865 | D22: =C22-C21 -> 37 | E22: =C22-152000 -> 153865 | F22: =D22/$D$2 -> 18.653895 | G22: 52.8 | H22: 0 | I22: =G22+H22 -> 52.8 | J22: =IF(L22>0,L22,0) -> 0 | K22: =I22+J22 -> 52.8 | L22: =F22-(I22-X22) -> -0.046105369 | M22: 3.7 | N22: 0 | O22: 0 | P22: =M22-(N22+O22) -> 3.7 | Q22: 0 | R22: 0 | S22: =SUM(P22:R22) -> 3.7 | U22: 0 | V22: 30.4 | W22: =W21-V22 -> 12727.5 | X22: =N22+O22+S22+U22+V22 -> 34.1 | Y22: =IF(L22<0,L22*-1,0) -> 0.046105369 | Z22: =X22+Y22 -> 34.146105 | AA22: 0.09 | AB22: 34 | AC22: 0 | AD22: =AD21+1 -> 13
A23: =A22+1 -> 14 | B23: 6905.91 | C23: 305905 | D23: =C23-C22 -> 40 | E23: =C23-152000 -> 153905 | F23: =D23/$D$2 -> 20.166373 | G23: 54.4 | H23: 0 | I23: =G23+H23 -> 54.4 | J23: =IF(L23>0,L23,0) -> 0 | K23: =I23+J23 -> 54.4 | L23: =F23-(I23-X23) -> -0.033627426 | M23: 3.7 | N23: 0 | O23: 0 | P23: =M23-(N23+O23) -> 3.7 | Q23: 0 | R23: 0 | S23: =SUM(P23:R23) -> 3.7 | U23: 0 | V23: 30.5 | W23: =W22-V23 -> 12697 | X23: =N23+O23+S23+U23+V23 -> 34.2 | Y23: =IF(L23<0,L23*-1,0) -> 0.033627426 | Z23: =X23+Y23 -> 34.233627 | AA23: 0.15 | AB23: 35 | AC23: 28 | AD23: =AD22+1 -> 14
A24: =A23+1 -> 15 | B24: 6905.96 | C24: 306097 | D24: =C24-C23 -> 192 | E24: =C24-152000 -> 154097 | F24: =D24/$D$2 -> 96.798588 | G24: 131.1 | H24: 0 | I24: =G24+H24 -> 131.1 | J24: =IF(L24>0,L24,0) -> 0 | K24: =I24+J24 -> 131.1 | L24: =F24-(I24-X24) -> -0.0014116461 | M24: 3.7 | N24: 0 | O24: 0 | P24: =M24-(N24+O24) -> 3.7 | Q24: 0 | R24: 0 | S24: =SUM(P24:R24) -> 3.7 | U24: 0 | V24: 30.6 | W24: =W23-V24 -> 12666.4 | X24: =N24+O24+S24+U24+V24 -> 34.3 | Y24: =IF(L24<0,L24*-1,0) -> 0.0014116461 | Z24: =X24+Y24 -> 34.301412 | AA24: 0.2 | AB24: 37 | AC24: 30 | AD24: =AD23+1 -> 15
A25: =A24+1 -> 16 | B25: 6906.01 | C25: 306289 | D25: =C25-C24 -> 192 | E25: =C25-152000 -> 154289 | F25: =D25/$D$2 -> 96.798588 | G25: 131 | H25: 0 | I25: =G25+H25 -> 131 | J25: =IF(L25>0,L25,0) -> 0 | K25: =I25+J25 -> 131 | L25: =F25-(I25-X25) -> -0.0014116461 | M25: 3.7 | N25: 0 | O25: 0 | P25: =M25-(N25+O25) -> 3.7 | Q25: 0 | R25: 0 | S25: =SUM(P25:R25) -> 3.7 | U25: 0 | V25: 30.5 | W25: =W24-V25 -> 12635.9 | X25: =N25+O25+S25+U25+V25 -> 34.2 | Y25: =IF(L25<0,L25*-1,0) -> 0.0014116461 | Z25: =X25+Y25 -> 34.201412 | AA25: 0.3 | AB25: 37 | AC25: 33 | AD25: =AD24+1 -> 16
A26: =A25+1 -> 17 | B26: 6906.06 | C26: 306484 | D26: =C26-C25 -> 195 | E26: =C26-152000 -> 154484 | F26: =D26/$D$2 -> 98.311066 | G26: 132.6 | H26: 0 | I26: =G26+H26 -> 132.6 | J26: =IF(L26>0,L26,0) -> 0 | K26: =I26+J26 -> 132.6 | L26: =F26-(I26-X26) -> -0.088933703 | M26: 3.7 | N26: 0 | O26: 0 | P26: =M26-(N26+O26) -> 3.7 | Q26: 0 | R26: 0 | S26: =SUM(P26:R26) -> 3.7 | U26: 0 | V26: 30.5 | W26: =W25-V26 -> 12605.4 | X26: =N26+O26+S26+U26+V26 -> 34.2 | Y26: =IF(L26<0,L26*-1,0) -> 0.088933703 | Z26: =X26+Y26 -> 34.288934 | AA26: 0.1 | AB26: 32 | AC26: 32 | AD26: =AD25+1 -> 17
A27: =A26+1 -> 18 | B27: 6906.09 | C27: 306600 | D27: =C27-C26 -> 116 | E27: =C27-152000 -> 154600 | F27: =D27/$D$2 -> 58.48248 | G27: 110.4 | H27: 0 | I27: =G27+H27 -> 110.4 | J27: =IF(L27>0,L27,0) -> 0 | K27: =I27+J27 -> 110.4 | L27: =F27-(I27-X27) -> -0.017519536 | M27: 21.2 | N27: 0 | O27: 0 | P27: =M27-(N27+O27) -> 21.2 | Q27: 0 | R27: 0 | S27: =SUM(P27:R27) -> 21.2 | U27: 0 | V27: 30.7 | W27: =W26-V27 -> 12574.7 | X27: =N27+O27+S27+U27+V27 -> 51.9 | Y27: =IF(L27<0,L27*-1,0) -> 0.017519536 | Z27: =X27+Y27 -> 51.91752 | AA27: 0.42 | AB27: 40 | AC27: 22 | AD27: =AD26+1 -> 18
A28: =A27+1 -> 19 | B28: 6906.12 | C28: 306718 | D28: =C28-C27 -> 118 | E28: =C28-152000 -> 154718 | F28: =D28/$D$2 -> 59.490799 | G28: 94.6 | H28: 0 | I28: =G28+H28 -> 94.6 | J28: =IF(L28>0,L28,0) -> 0 | K28: =I28+J28 -> 94.6 | L28: =F28-(I28-X28) -> -0.0092009075 | M28: 3.7 | N28: 0 | O28: 0 | P28: =M28-(N28+O28) -> 3.7 | Q28: 0 | R28: 0 | S28: =SUM(P28:R28) -> 3.7 | U28: 0 | V28: 31.4 | W28: =W27-V28 -> 12543.3 | X28: =N28+O28+S28+U28+V28 -> 35.1 | Y28: =IF(L28<0,L28*-1,0) -> 0.0092009075 | Z28: =X28+Y28 -> 35.109201 | AA28: 0.11 | AB28: 36 | AC28: 30 | AD28: =AD27+1 -> 19
A29: =A28+1 -> 20 | B29: 6906.12 | C29: 306718 | D29: =C29-C28 -> 0 | E29: =C29-152000 -> 154718 | F29: =D29/$D$2 -> 0 | G29: 35 | H29: 0 | I29: =G29+H29 -> 35 | J29: =IF(L29>0,L29,0) -> 0 | K29: =I29+J29 -> 35 | L29: =F29-(I29-X29) -> 0 | M29: 3.7 | N29: 0 | O29: 0 | P29: =M29-(N29+O29) -> 3.7 | Q29: 0 | R29: 0 | S29: =SUM(P29:R29) -> 3.7 | U29: 0 | V29: 31.3 | W29: =W28-V29 -> 12512 | X29: =N29+O29+S29+U29+V29 -> 35 | Y29: =IF(L29<0,L29*-1,0) -> 0 | Z29: =X29+Y29 -> 35 | AA29: 0 | AB29: 43 | AC29: 18 | AD29: =AD28+1 -> 20
A30: =A29+1 -> 21 | B30: 6906.14 | C30: 306796 | D30: =C30-C29 -> 78 | E30: =C30-152000 -> 154796 | F30: =D30/$D$2 -> 39.324427 | G30: 74.3 | H30: 0 | I30: =G30+H30 -> 74.3 | J30: =IF(L30>0,L30,0) -> 0 | K30: =I30+J30 -> 74.3 | L30: =F30-(I30-X30) -> -0.075573481 | M30: 3.7 | N30: 0 | O30: 0 | P30: =M30-(N30+O30) -> 3.7 | Q30: 0 | R30: 0 | S30: =SUM(P30:R30) -> 3.7 | U30: 0 | V30: 31.2 | W30: =W29-V30 -> 12480.8 | X30: =N30+O30+S30+U30+V30 -> 34.9 | Y30: =IF(L30<0,L30*-1,0) -> 0.075573481 | Z30: =X30+Y30 -> 34.975573 | AA30: 0 | AB30: 45 | AC30: 15 | AD30: =AD29+1 -> 21
A31: =A30+1 -> 22 | B31: 6906.15 | C31: 306834 | D31: =C31-C30 -> 38 | E31: =C31-152000 -> 154834 | F31: =D31/$D$2 -> 19.158054 | G31: 54 | H31: 0 | I31: =G31+H31 -> 54 | J31: =IF(L31>0,L31,0) -> 0 | K31: =I31+J31 -> 54 | L31: =F31-(I31-X31) -> -0.041946055 | M31: 3.7 | N31: 0 | O31: 0 | P31: =M31-(N31+O31) -> 3.7 | Q31: 0 | R31: 0 | S31: =SUM(P31:R31) -> 3.7 | U31: 0 | V31: 31.1 | W31: =W30-V31 -> 12449.7 | X31: =N31+O31+S31+U31+V31 -> 34.8 | Y31: =IF(L31<0,L31*-1,0) -> 0.041946055 | Z31: =X31+Y31 -> 34.841946 | AA31: 0 | AB31: 47 | AC31: 13 | AD31: =AD30+1 -> 22
A32: =A31+1 -> 23 | B32: 6906.15 | C32: 306834 | D32: =C32-C31 -> 0 | E32: =C32-152000 -> 154834 | F32: =D32/$D$2 -> 0 | G32: 34.7 | H32: 0 | I32: =G32+H32 -> 34.7 | J32: =IF(L32>0,L32,0) -> 0 | K32: =I32+J32 -> 34.7 | L32: =F32-(I32-X32) -> 0 | M32: 3.7 | N32: 0 | O32: 0 | P32: =M32-(N32+O32) -> 3.7 | Q32: 0 | R32: 0 | S32: =SUM(P32:R32) -> 3.7 | U32: 0 | V32: 31 | W32: =W31-V32 -> 12418.7 | X32: =N32+O32+S32+U32+V32 -> 34.7 | Y32: =IF(L32<0,L32*-1,0) -> 0 | Z32: =X32+Y32 -> 34.7 | AA32: 0 | AB32: 34 | AC32: 10 | AD32: =AD31+1 -> 23
A33: =A32+1 -> 24 | B33: 6906.16 | C33: 306874 | D33: =C33-C32 -> 40 | E33: =C33-152000 -> 154874 | F33: =D33/$D$2 -> 20.166373 | G33: 54.6 | H33: 0 | I33: =G33+H33 -> 54.6 | J33: =IF(L33>0,L33,0) -> 0 | K33: =I33+J33 -> 54.6 | L33: =F33-(I33-X33) -> -0.033627426 | M33: 3.7 | N33: 0 | O33: 0 | P33: =M33-(N33+O33) -> 3.7 | Q33: 0 | R33: 0 | S33: =SUM(P33:R33) -> 3.7 | U33: 0 | V33: 30.7 | W33: =W32-V33 -> 12388 | X33: =N33+O33+S33+U33+V33 -> 34.4 | Y33: =IF(L33<0,L33*-1,0) -> 0.033627426 | Z33: =X33+Y33 -> 34.433627 | AA33: 0 | AB33: 37 | AC33: 14 | AD33: =AD32+1 -> 24
A34: =A33+1 -> 25 | B34: 6906.16 | C34: 306874 | D34: =C34-C33 -> 0 | E34: =C34-152000 -> 154874 | F34: =D34/$D$2 -> 0 | G34: 34.4 | H34: 0 | I34: =G34+H34 -> 34.4 | J34: =IF(L34>0,L34,0) -> 0 | K34: =I34+J34 -> 34.4 | L34: =F34-(I34-X34) -> 0 | M34: 3.7 | N34: 0 | O34: 0 | P34: =M34-(N34+O34) -> 3.7 | Q34: 0 | R34: 0 | S34: =SUM(P34:R34) -> 3.7 | U34: 0 | V34: 30.7 | W34: =W33-V34 -> 12357.3 | X34: =N34+O34+S34+U34+V34 -> 34.4 | Y34: =IF(L34<0,L34*-1,0) -> 0 | Z34: =X34+Y34 -> 34.4 | AA34: 0 | AB34: 44 | AC34: 10 | AD34: =AD33+1 -> 25
... A38: =A37+1 -> 29 | B38: 6906.25 | C38: 307223 | D38: =C38-C37 -> 116 | E38: =C38-152000 -> 155223 | F38: =D38/$D$2 -> 58.48248 | G38: 79.1 | H38: 0 | I38: =G38+H38 -> 79.1 | J38: =IF(L38>0,L38,0) -> 14.98248 | K38: =I38+J38 -> 94.08248 | L38: =F38-(I38-X38) -> 14.98248 | M38: 3.7 | N38: 0 | O38: 0 | P38: =M38-(N38+O38) -> 3.7 | Q38: 0 | R38: 0 | S38: =SUM(P38:R38) -> 3.7 | U38: 0 | V38: 31.9 | W38: =W37-V38 -> 12230.1 | X38: =N38+O38+S38+U38+V38 -> 35.6 | Y38: =IF(L38<0,L38*-1,0) -> 0 | Z38: =X38+Y38 -> 35.6 | AA38: 0 | AB38: 43 | AC38: 23 | AD38: =AD37+1 -> 29
A39: 30 | B39: 6906.28 | C39: 307339 | D39: =C39-C38 -> 116 | E39: =C39-152000 -> 155339 | F39: =D39/$D$2 -> 58.48248 | G39: 93.9 | H39: 0 | I39: =G39+H39 -> 93.9 | J39: =IF(L39>0,L39,0) -> 0 | K39: =I39+J39 -> 93.9 | L39: =F39-(I39-X39) -> -0.017519536 | M39: 3.7 | N39: 0 | O39: 0 | P39: =M39-(N39+O39) -> 3.7 | Q39: 0 | R39: 0 | S39: =SUM(P39:R39) -> 3.7 | U39: 0 | V39: 31.7 | W39: =W38-V39 -> 12198.4 | X39: =N39+O39+S39+U39+V39 -> 35.4 | Y39: =IF(L39<0,L39*-1,0) -> 0.017519536 | Z39: =X39+Y39 -> 35.41752 | AA39: 0 | AB39: 44 | AC39: 24 | AD39: 30
A40: 31 | B40: 6906.31 | C40: 307456 | D40: =C40-C39 -> 117 | E40: =C40-152000 -> 155456 | F40: =D40/$D$2 -> 58.98664 | G40: 94.7 | H40: 0 | I40: =G40+H40 -> 94.7 | J40: =IF(L40>0,L40,0) -> 0 | K40: =I40+J40 -> 94.7 | L40: =F40-(I40-X40) -> -0.11336022 | M40: 3.7 | N40: 0 | O40: 0 | P40: =M40-(N40+O40) -> 3.7 | Q40: 0 | R40: 0 | S40: =SUM(P40:R40) -> 3.7 | U40: 0 | V40: 31.9 | W40: =W39-V40 -> 12166.5 | X40: =N40+O40+S40+U40+V40 -> 35.6 | Y40: =IF(L40<0,L40*-1,0) -> 0.11336022 | Z40: =X40+Y40 -> 35.71336 | AA40: 0.5 | AB40: 38 | AC40: 17 | AD40: 31
AB41: 39
A42: MONTH / CFS | F42: =SUM(F10:F40) -> 1423.7459 | G42: =SUM(G10:G40) -> 2509.1 | H42: =SUM(H10:H40) -> 0 | I42: =SUM(I10:I40) -> 2509.1 | J42: =SUM(J10:J40) -> 15.192135 | K42: =SUM(K10:K40) -> 2524.2921 | L42: =SUM(L10:L40) -> 14.345904 | M42: =SUM(M10:M40) -> 140.3 | ... S42: =SUM(S10:S40) -> 140.3 | U42: =SUM(U10:U40) -> 0 | V42: =SUM(V10:V40) -> 959.4 | X42: =SUM(X10:X40) -> 1099.7 | Y42: =SUM(Y10:Y40) -> 0.84623141 | Z42: =SUM(Z10:Z40) -> 1100.5462 | AA42: =SUM(AA10:AA40) -> 3.88 | AB42: =AVERAGE(AB10:AB40) -> 38.451613 | AC42: =AVERAGE(AC10:AC40) -> 20.032258 | AD42: AVE
A43: MONTH / AF | D43: =SUM(D10:D40) -> 2824 | F43: =F42*$D$2 -> 2824 | G43: =G42*$D$2 -> 4976.7999 | H43: =H42*$D$2 -> 0 | I43: =I42*$D$2 -> 4976.7999 | J43: =J42*$D$2 -> 30.1336 | K43: =K42*$D$2 -> 5006.9335 | L43: =L42*$D$2 -> 28.4551 | M43: =M42*$D$2 -> 278.28505 | ... S43: =S42*$D$2 -> 278.28505 | U43: =U42*$D$2 -> 0 | V43: =V42*$D$2 -> 1902.9699 | X43: =X42*$D$2 -> 2181.255 | Y43: =Y42*$D$2 -> 1.6785 | Z43: =Z42*$D$2 -> 2182.9334 | AB43: =MAX(AB10:AB40) -> 47 | AC43: =MAX(AC10:AC40) -> 33 | AD43: HI
A45: SEASON / CFS | AB45: =MIN(AB10:AB40) -> 31 | AC45: =MIN(AC10:AC40) -> -1 | AD45: LO
A46: SEASON / AF
A48: YTD / CFS | F48: =F8+F42 -> 1753.9703 | G48: =G8+G42 -> 6534.5 | H48: =H8+H42 -> 0 | I48: =I8+I42 -> 6534.5 | J48: =J8+J42 -> 241.73481 | K48: =K8+K42 -> 6776.2348 | L48: =L8+L42 -> -659.32975 | M48: =M8+M42 -> 812 | ... S48: =S8+S42 -> 990.7 | U48: =U8+U42 -> 0 | V48: =V8+V42 -> 3130.5 | W48: =W40 -> 12166.5 | X48: =X8+X42 -> 4121.2 | Y48: =Y8+Y42 -> 901.06456 | Z48: =Z8+Z42 -> 5022.2646 | AA48: =AA8+AA42 -> 6.43
A49: YTD / AF | D49: =D8+D43 -> 3479 | E49: =E40 -> 155456 | F49: =F48*$D$2 -> 3479 | G49: =G48*$D$2 -> 12961.181 | H49: =H48*$D$2 -> 0 | I49: =I48*$D$2 -> 12961.181 | J49: =J48*$D$2 -> 479.481 | K49: =K48*$D$2 -> 13440.662 | L49: =L48*$D$2 -> -1307.7805 | M49: =M48*$D$2 -> 1610.602 | ... Z49: =Z48*$D$2 -> 9961.6617

Sheet FEB
K1: MC PHEE RESERVOIR IN/OUT FLOW TABULATION
A2: AF/cfs CONVERT FACTOR | D2: 1.9835 | K2: FEBRUARY "1993"
A4: DATE | B4: RESERV | C4: RESERV | D4: AC FT | E4: ACTIVE | F4: CONV TO | G4: DOLORES | H4: LOST | I4: RECORDED | J4: CALC | K4: TOTAL | L4: CALC | M4: DOLORES TUNNEL | Q4: LONE | R4: U | S4: TOTAL | T4: MVI | U4: DV CR | V4: BELOW | W4: REMAIN | X4: RECORDED | Y4: CALC | Z4: TOTAL | AA4: RAIN | AB4: MAX | AC4: MIN | AD4: DATE
A5: FEB | B5: ELEV | C5: AC FT | D5: CHANGE | E5: CAP | F5: CFS | G5: RIVER | H5: CANYON | I5: INFLOW | J5: INFLOW | K5: INFLOW | L5: INF/OTF | M5: TOT DIV | N5: WETLAND | O5: UTE F&R | P5: MVI,CTZ | Q5: PINE | R5: LAT | S5: MVI | T5: CALL | U5: CANAL | V5: MC PHEE | W5: RELEASE | X5: OUTFLOW | Y5: OUTFLOW | Z5: OUTFLOW | AB5: TMP | AC5: TMP | AD5: FEB
A7: SEASON BAL
A8: YTD | B8: =JAN!B40 -> 6906.31 | C8: =JAN!C40 -> 307456 | D8: =JAN!$D$49 -> 3479 | E8: =JAN!$E$40 -> 155456 | F8: =JAN!F48 -> 1753.9703 | G8: =JAN!G48 -> 6534.5 | H8: =JAN!H48 -> 0 | I8: =JAN!I48 -> 6534.5 | J8: =JAN!J48 -> 241.73481 | K8: =JAN!K48 -> 6776.2348 | L8: =JAN!L48 -> -659.32975 | M8: =JAN!M48 -> 812 | ... AA8: =JAN!AA48 -> 6.43
A10: 1 | B10: 6906.31 | C10: 307456 | D10: =C10-C8 -> 0 | E10: =C10-152000 -> 155456 | F10: =D10/$D$2 -> 0 | G10: 39 | H10: 6.2 | I10: =G10+H10 -> 45.2 | J10: =IF(L10>0,L10,0) -> 0 | K10: =I10+J10 -> 45.2 | L10: =F10-(I10-X10) -> 0 | M10: 3.7 | N10: 0 | O10: 0 | P10: =M10-(N10+O10) -> 3.7 | Q10: 0 | R10: 0 | S10: =SUM(P10:R10) -> 3.7 | U10: 0 | V10: 41.5 | W10: =W8-30 -> 12136.5 | X10: =N10+O10+S10+U10+V10 -> 45.2 | Y10: =IF(L10<0,L10*-1,0) -> 0 | Z10: =X10+Y10 -> 45.2 | AA10: 0.2 | AB10: 34 | AC10: 14 | AD10: 1
A11: =A10+1 -> 2 | B11: 6906.31 | C11: 307456 | D11: =C11-C10 -> 0 | E11: =C11-152000 -> 155456 | F11: =D11/$D$2 -> 0 | G11: 47.1 | H11: 6 | I11: =G11+H11 -> 53.1 | J11: =IF(L11>0,L11,0) -> 0 | K11: =I11+J11 -> 53.1 | L11: =F11-(I11-X11) -> 0 | M11: 3.7 | N11: 0 | O11: 0 | P11: =M11-(N11+O11) -> 3.7 | Q11: 0 | R11: 0 | S11: =SUM(P11:R11) -> 3.7 | U11: 0 | V11: 49.4 | W11: =W10-30 -> 12106.5 | X11: =N11+O11+S11+U11+V11 -> 53.1 | Y11: =IF(L11<0,L11*-1,0) -> 0 | Z11: =X11+Y11 -> 53.1 | AA11: 0 | AB11: 40 | AC11: 18 | AD11: =AD10+1 -> 2
A12: =A11+1 -> 3 | B12: 6906.32 | C12: 307494 | D12: =C12-C11 -> 38 | E12: =C12-152000 -> 155494 | F12: =D12/$D$2 -> 19.158054 | G12: 68.6 | H12: 5.8 | I12: =G12+H12 -> 74.4 | J12: =IF(L12>0,L12,0) -> 0.058053945 | K12: =I12+J12 -> 74.458054 | L12: =F12-(I12-X12) -> 0.058053945 | M12: 3.7 | N12: 0 | O12: 0 | P12: =M12-(N12+O12) -> 3.7 | Q12: 0 | R12: 0 | S12: =SUM(P12:R12) -> 3.7 | U12: 0 | V12: 51.6 | W12: =W11-30 -> 12076.5 | X12: =N12+O12+S12+U12+V12 -> 55.3 | Y12: =IF(L12<0,L12*-1,0) -> 0 | Z12: =X12+Y12 -> 55.3 | AA12: 0 | AB12: 44 | AC12: 9 | AD12: =AD11+1 -> 3
A13: =A12+1 -> 4 | B13: 6906.33 | C13: 307534 | D13: =C13-C12 -> 40 | E13: =C13-152000 -> 155534 | F13: =D13/$D$2 -> 20.166373 | G13: 68.7 | H13: 5.5 | I13: =G13+H13 -> 74.2 | J13: =IF(L13>0,L13,0) -> 0 | K13: =I13+J13 -> 74.2 | L13: =F13-(I13-X13) -> -0.13362743 | M13: 3.7 | N13: 0 | O13: 0 | P13: =M13-(N13+O13) -> 3.7 | Q13: 0 | R13: 0 | S13: =SUM(P13:R13) -> 3.7 | U13: 0 | V13: 50.2 | W13: =W12-30 -> 12046.5 | X13: =N13+O13+S13+U13+V13 -> 53.9 | Y13: =IF(L13<0,L13*-1,0) -> 0.13362743 | Z13: =X13+Y13 -> 54.033627 | AA13: 0 | AB13: 43 | AC13: 8 | AD13: =AD12+1 -> 4
A14: =A13+1 -> 5 | B14: 6906.33 | C14: 307534 | D14: =C14-C13 -> 0 | E14: =C14-152000 -> 155534 | F14: =D14/$D$2 -> 0 | G14: 48.6 | H14: 5 | I14: =G14+H14 -> 53.6 | J14: =IF(L14>0,L14,0) -> 0 | K14: =I14+J14 -> 53.6 | L14: =F14-(I14-X14) -> 0 | M14: 3.7 | N14: 0 | O14: 0 | P14: =M14-(N14+O14) -> 3.7 | Q14: 0 | R14: 0 | S14: =SUM(P14:R14) -> 3.7 | U14: 0 | V14: 49.9 | W14: =W13-30 -> 12016.5 | X14: =N14+O14+S14+U14+V14 -> 53.6 | Y14: =IF(L14<0,L14*-1,0) -> 0 | Z14: =X14+Y14 -> 53.6 | AA14: 0 | AB14: 44 | AC14: 10 | AD14: =AD13+1 -> 5
A15: =A14+1 -> 6 | B15: 6906.34 | C15: 307572 | D15: =C15-C14 -> 38 | E15: =C15-152000 -> 155572 | F15: =D15/$D$2 -> 19.158054 | G15: 68.4 | H15: 4.8 | I15: =G15+H15 -> 73.2 | J15: =IF(L15>0,L15,0) -> 0 | K15: =I15+J15 -> 73.2 | L15: =F15-(I15-X15) -> -0.041946055 | M15: 3.7 | N15: 0 | O15: 0 | P15: =M15-(N15+O15) -> 3.7 | Q15: 0 | R15: 0 | S15: =SUM(P15:R15) -> 3.7 | U15: 0 | V15: 50.3 | W15: =W14-30 -> 11986.5 | X15: =N15+O15+S15+U15+V15 -> 54 | Y15: =IF(L15<0,L15*-1,0) -> 0.041946055 | Z15: =X15+Y15 -> 54.041946 | AA15: 0 | AB15: 45 | AC15: 18 | AD15: =AD14+1 -> 6
A16: =A15+1 -> 7 | B16: 3906.34 | C16: 307572 | D16: =C16-C15 -> 0 | E16: =C16-152000 -> 155572 | F16: =D16/$D$2 -> 0 | G16: 48.9 | H16: 4.8 | I16: =G16+H16 -> 53.7 | J16: =IF(L16>0,L16,0) -> 0.1 | K16: =I16+J16 -> 53.8 | L16: =F16-(I16-X16) -> 0.1 | M16: 3.7 | N16: 0 | O16: 0 | P16: =M16-(N16+O16) -> 3.7 | Q16: 0 | R16: 0 | S16: =SUM(P16:R16) -> 3.7 | U16: 0 | V16: 50.1 | W16: =W15-30 -> 11956.5 | X16: =N16+O16+S16+U16+V16 -> 53.8 | Y16: =IF(L16<0,L16*-1,0) -> 0 | Z16: =X16+Y16 -> 53.8 | AA16: 0 | AB16: 42 | AC16: 22 | AD16: =AD15+1 -> 7
A17: =A16+1 -> 8 | B17: 6906.42 | C17: 307883 | D17: =C17-C16 -> 311 | E17: =C17-152000 -> 155883 | F17: =D17/$D$2 -> 156.79355 | G17: 205.8 | H17: 5 | I17: =G17+H17 -> 210.8 | J17: =IF(L17>0,L17,0) -> 0 | K17: =I17+J17 -> 210.8 | L17: =F17-(I17-X17) -> -0.10645324 | M17: 3.7 | N17: 0 | O17: 0 | P17: =M17-(N17+O17) -> 3.7 | Q17: 0 | R17: 0 | S17: =SUM(P17:R17) -> 3.7 | U17: 0 | V17: 50.2 | W17: =W16-30 -> 11926.5 | X17: =N17+O17+S17+U17+V17 -> 53.9 | Y17: =IF(L17<0,L17*-1,0) -> 0.10645324 | Z17: =X17+Y17 -> 54.006453 | AA17: 0.97 | AB17: 42 | AC17: 26 | AD17: =AD16+1 -> 8
A18: =A17+1 -> 9 | B18: 6906.46 | C18: 308039 | D18: =C18-C17 -> 156 | E18: =C18-152000 -> 156039 | F18: =D18/$D$2 -> 78.648853 | G18: 125.3 | H18: 6.4 | I18: =G18+H18 -> 131.7 | J18: =IF(L18>0,L18,0) -> 0 | K18: =I18+J18 -> 131.7 | L18: =F18-(I18-X18) -> -0.051146962 | M18: 3.7 | N18: 0 | O18: 0 | P18: =M18-(N18+O18) -> 3.7 | Q18: 0 | R18: 0 | S18: =SUM(P18:R18) -> 3.7 | U18: 0 | V18: 49.3 | W18: =W17-30 -> 11896.5 | X18: =N18+O18+S18+U18+V18 -> 53 | Y18: =IF(L18<0,L18*-1,0) -> 0.051146962 | Z18: =X18+Y18 -> 53.051147 | AA18: 0.09 | AB18: 40 | AC18: 30 | AD18: =AD17+1 -> 9
A19: =A18+1 -> 10 | B19: 6906.47 | C19: 308079 | D19: =C19-C18 -> 40 | E19: =C19-152000 -> 156079 | F19: =D19/$D$2 -> 20.166373 | G19: 67.7 | H19: 5.9 | I19: =G19+H19 -> 73.6 | J19: =IF(L19>0,L19,0) -> 0 | K19: =I19+J19 -> 73.6 | L19: =F19-(I19-X19) -> -0.033627426 | M19: 3.7 | N19: 0 | O19: 0 | P19: =M19-(N19+O19) -> 3.7 | Q19: 0 | R19: 0 | S19: =SUM(P19:R19) -> 3.7 | U19: 0 | V19: 49.7 | W19: =W18-30 -> 11866.5 | X19: =N19+O19+S19+U19+V19 -> 53.4 | Y19: =IF(L19<0,L19*-1,0) -> 0.033627426 | Z19: =X19+Y19 -> 53.433627 | AA19: 0 | AB19: 45 | AC19: 22 | AD19: =AD18+1 -> 10
A20: =A19+1 -> 11 | B20: 6906.48 | C20: 308117 | D20: =C20-C19 -> 38 | E20: =C20-152000 -> 156117 | F20: =D20/$D$2 -> 19.158054 | G20: 66.6 | H20: 6 | I20: =G20+H20 -> 72.6 | J20: =IF(L20>0,L20,0) -> 0 | K20: =I20+J20 -> 72.6 | L20: =F20-(I20-X20) -> -0.041946055 | M20: 3.7 | N20: 0 | O20: 0 | P20: =M20-(N20+O20) -> 3.7 | Q20: 0 | R20: 0 | S20: =SUM(P20:R20) -> 3.7 | U20: 0 | V20: 49.7 | W20: =W19-30 -> 11836.5 | X20: =N20+O20+S20+U20+V20 -> 53.4 | Y20: =IF(L20<0,L20*-1,0) -> 0.041946055 | Z20: =X20+Y20 -> 53.441946 | AA20: 0 | AB20: 39 | AC20: 23 | AD20: =AD19+1 -> 11
A21: =A20+1 -> 12 | B21: 6906.49 | C21: 308157 | D21: =C21-C20 -> 40 | E21: =C21-152000 -> 156157 | F21: =D21/$D$2 -> 20.166373 | G21: 67.6 | H21: 6.8 | I21: =G21+H21 -> 74.4 | J21: =IF(L21>0,L21,0) -> 0 | K21: =I21+J21 -> 74.4 | L21: =F21-(I21-X21) -> -0.033627426 | M21: 3.7 | N21: 0 | O21: 0 | P21: =M21-(N21+O21) -> 3.7 | Q21: 0 | R21: 0 | S21: =SUM(P21:R21) -> 3.7 | U21: 0 | V21: 50.5 | W21: =W20-30 -> 11806.5 | X21: =N21+O21+S21+U21+V21 -> 54.2 | Y21: =IF(L21<0,L21*-1,0) -> 0.033627426 | Z21: =X21+Y21 -> 54.233627 | AA21: 0 | AB21: 37 | AC21: 24 | AD21: =AD20+1 -> 12
A22: =A21+1 -> 13 | B22: 6906.5 | C22: 308195 | D22: =C22-C21 -> 38 | E22: =C22-152000 -> 156195 | F22: =D22/$D$2 -> 19.158054 | G22: 66.9 | H22: 6.5 | I22: =G22+H22 -> 73.4 | J22: =IF(L22>0,L22,0) -> 0 | K22: =I22+J22 -> 73.4 | L22: =F22-(I22-X22) -> -0.041946055 | M22: 3.7 | N22: 0 | O22: 0 | P22: =M22-(N22+O22) -> 3.7 | Q22: 0 | R22: 0 | S22: =SUM(P22:R22) -> 3.7 | U22: 0 | V22: 50.5 | W22: =W21-30 -> 11776.5 | X22: =N22+O22+S22+U22+V22 -> 54.2 | Y22: =IF(L22<0,L22*-1,0) -> 0.041946055 | Z22: =X22+Y22 -> 54.241946 | AA22: 0 | AB22: 38 | AC22: 19 | AD22: =AD21+1 -> 13
... A36: =A35+1 -> 27 | B36: 6907.01 | C36: 310176 | D36: =C36-C35 -> 76 | E36: =C36-152000 -> 158176 | F36: =D36/$D$2 -> 38.316108 | G36: 83.8 | H36: 8.5 | I36: =G36+H36 -> 92.3 | J36: =IF(L36>0,L36,0) -> 0.01610789 | K36: =I36+J36 -> 92.316108 | L36: =F36-(I36-X36) -> 0.01610789 | M36: 4.1 | N36: 0 | O36: 0 | P36: =M36-(N36+O36) -> 4.1 | Q36: 0 | R36: 0 | S36: =SUM(P36:R36) -> 4.1 | U36: 0 | V36: 49.9 | W36: =W35-30 -> 11356.5 | X36: =N36+O36+S36+U36+V36 -> 54 | Y36: =IF(L36<0,L36*-1,0) -> 0 | Z36: =X36+Y36 -> 54 | AA36: 0 | AB36: 51 | AC36: 25 | AD36: =AD35+1 -> 27
A37: 28 | B37: 6907.04 | C37: 310295 | D37: =C37-C36 -> 119 | E37: =C37-152000 -> 158295 | F37: =D37/$D$2 -> 59.994958 | G37: 107.4 | H37: 6.6 | I37: =G37+H37 -> 114 | J37: =IF(L37>0,L37,0) -> 0 | K37: =I37+J37 -> 114 | L37: =F37-(I37-X37) -> -0.0050415931 | M37: 4.1 | N37: 0 | O37: 0 | P37: =M37-(N37+O37) -> 4.1 | Q37: 0 | R37: 0 | S37: =SUM(P37:R37) -> 4.1 | U37: 0 | V37: 49.9 | W37: =W36-30 -> 11326.5 | X37: =N37+O37+S37+U37+V37 -> 54 | Y37: =IF(L37<0,L37*-1,0) -> 0.0050415931 | Z37: =X37+Y37 -> 54.005042 | AA37: 0 | AB37: 45 | AC37: 29 | AD37: 28
A39: MONTH / CFS | F39: =SUM(F10:F37) -> 1431.3083 | G39: =SUM(G10:G37) -> 2716.8 | H39: =SUM(H10:H37) -> 215.7 | I39: =SUM(I10:I37) -> 2932.5 | J39: =SUM(J10:J37) -> 0.4303756 | K39: =SUM(K10:K37) -> 2932.9304 | L39: =SUM(L10:L37) -> -0.29170658 | M39: =SUM(M10:M37) -> 107.5 | ... S39: =SUM(S10:S37) -> 107.5 | U39: =SUM(U10:U37) -> 0 | V39: =SUM(V10:V37) -> 1393.4 | X39: =SUM(X10:X37) -> 1500.9 | Y39: =SUM(Y10:Y37) -> 0.72208218 | Z39: =SUM(Z10:Z37) -> 1501.6221 | AA39: =SUM(AA10:AA37) -> 4.45 | AB39: =AVERAGE(AB10:AB37) -> 40.071429 | AC39: =AVERAGE(AC10:AC37) -> 21.035714 | AD39: AVE
A40: MONTH / AF | D40: =SUM(D10:D37) -> 2839 | F40: =F39*$D$2 -> 2839 | G40: =G39*$D$2 -> 5388.7728 | H40: =H39*$D$2 -> 427.84095 | I40: =I39*$D$2 -> 5816.6138 | J40: =J39*$D$2 -> 0.85365 | K40: =K39*$D$2 -> 5817.4674 | L40: =L39*$D$2 -> -0.5786 | M40: =M39*$D$2 -> 213.22625 | ... S40: =S39*$D$2 -> 213.22625 | U40: =U39*$D$2 -> 0 | V40: =V39*$D$2 -> 2763.8089 | X40: =X39*$D$2 -> 2977.0352 | Y40: =Y39*$D$2 -> 1.43225 | Z40: =Z39*$D$2 -> 2978.4674 | AB40: =MAX(AB10:AB37) -> 51 | AC40: =MAX(AC10:AC37) -> 32 | AD40: HI
A42: SEASON / CFS | AB42: =MIN(AB10:AB37) -> 32 | AC42: =MIN(AC10:AC37) -> 8 | AD42: LO
A43: SEASON / AF
A45: YTD / CFS | F45: =F8+F39 -> 3185.2785 | G45: =G8+G39 -> 9251.3 | H45: =H8+H39 -> 215.7 | I45: =I8+I39 -> 9467 | J45: =J8+J39 -> 242.16519 | K45: =K8+K39 -> 9709.1652 | L45: =L8+L39 -> -659.62145 | M45: =M8+M39 -> 919.5 | ... S45: =S8+S39 -> 1098.2 | U45: =U8+U39 -> 0 | V45: =V8+V39 -> 4523.9 | W45: =W37 -> 11326.5 | X45: =X8+X39 -> 5622.1 | Y45: =Y8+Y39 -> 901.78664 | Z45: =Z8+Z39 -> 6523.8866 | AA45: =AA8+AA39 -> 10.88
A46: YTD / AF | D46: =D8+D40 -> 6318 | E46: =E37 -> 158295 | F46: =F45*$D$2 -> 6318 | G46: =G45*$D$2 -> 18349.954 | H46: =H45*$D$2 -> 427.84095 | I46: =I45*$D$2 -> 18777.794 | J46: =J45*$D$2 -> 480.33465 | K46: =K45*$D$2 -> 19258.129 | L46: =L45*$D$2 -> -1308.3591 | M46: =M45*$D$2 -> 1823.8283 | ... Z46: =Z45*$D$2 -> 12940.129

Sheet MAR
K1: MC PHEE RESERVOIR IN/OUT FLOW TABULATION
A2: AF/cfs CONVERT FACTOR | D2: 1.9835 | K2: MARCH "1993"
A4: DATE | B4: RESERV | C4: RESERV | D4: AC FT | E4: ACTIVE | F4: CONV TO | G4: DOLORES | H4: LOST | I4: RECORDED | J4: CALC | K4: TOTAL | L4: CALC | M4: DOLORES TUNNEL | Q4: LONE | R4: U | S4: TOTAL | T4: MVI | U4: DV CR | V4: BELOW | W4: REMAIN | X4: RECORDED | Y4: CALC | Z4: TOTAL | AA4: RAIN | AB4: MAX | AC4: MIN | AD4: DATE
A5: MAR | B5: ELEV | C5: AC FT | D5: CHANGE | E5: CAP | F5: CFS | G5: RIVER | H5: CANYON | I5: INFLOW | J5: INFLOW | K5: INFLOW | L5: INF/OTF | M5: TOT DIV | N5: WETLAND | O5: UTE F&R | P5: MVI,CTZ | Q5: PINE | R5: LAT | S5: MVI | T5: CALL | U5: CANAL | V5: MC PHEE | W5: RELEASE | X5: OUTFLOW | Y5: OUTFLOW | Z5: OUTFLOW | AB5: TMP | AC5: TMP | AD5: MAR
A7: SEASON BAL
A8: YTD | B8: =FEB!B37 -> 6907.04 | C8: =FEB!C37 -> 310295 | D8: =FEB!$D$46 -> 6318 | E8: =FEB!$E$37 -> 158295 | F8: =FEB!F45 -> 3185.2785 | G8: =FEB!G45 -> 9251.3 | H8: =FEB!H45 -> 215.7 | I8: =FEB!I45 -> 9467 | J8: =FEB!J45 -> 242.16519 | K8: =FEB!K45 -> 9709.1652 | L8: =FEB!L45 -> -659.62145 | M8: =FEB!M45 -> 919.5 | ... AA8: =FEB!AA45 -> 10.88
A10: 1 | B10: 6907.02 | C10: 310216 | D10: =C10-C8 -> -79 | E10: =C10-152000 -> 158216 | F10: =D10/$D$2 -> -39.828586 | G10: 46.8 | H10: 5.8 | I10: =G10+H10 -> 52.6 | J10: =IF(L10>0,L10,0) -> 0.071414167 | K10: =I10+J10 -> 52.671414 | L10: =F10-(I10-X10) -> 0.071414167 | M10: 4.1 | N10: 0 | O10: 0 | P10: =M10-(N10+O10) -> 4.1 | Q10: 0 | R10: 0 | S10: =SUM(P10:R10) -> 4.1 | U10: 0 | V10: 88.4 | W10: =W8-30 -> 11296.5 | X10: =N10+O10+S10+U10+V10 -> 92.5 | Y10: =IF(L10<0,L10*-1,0) -> 0 | Z10: =X10+Y10 -> 92.5 | AA10: 0 | AB10: 43 | AC10: 28 | AD10: 1
A11: =A10+1 -> 2 | B11: 6906.99 | C11: 310100 | D11: =C11-C10 -> -116 | E11: =C11-152000 -> 158100 | F11: =D11/$D$2 -> -58.48248 | G11: 73.2 | H11: 8.2 | I11: =G11+H11 -> 81.4 | J11: =IF(L11>0,L11,0) -> 0.017519536 | K11: =I11+J11 -> 81.41752 | L11: =F11-(I11-X11) -> 0.017519536 | M11: 4 | N11: 0 | O11: 0 | P11: =M11-(N11+O11) -> 4 | Q11: 0 | R11: 0 | S11: =SUM(P11:R11) -> 4 | U11: 0 | V11: 135.9 | W11: =W10-30 -> 11266.5 | X11: =N11+O11+S11+U11+V11 -> 139.9 | Y11: =IF(L11<0,L11*-1,0) -> 0 | Z11: =X11+Y11 -> 139.9 | AA11: 0 | AB11: 39 | AC11: 21 | AD11: =AD10+1 -> 2
A12: =A11+1 -> 3 | B12: 6906.99 | C12: 310100 | D12: =C12-C11 -> 0 | E12: =C12-152000 -> 158100 | F12: =D12/$D$2 -> 0 | G12: 120.9 | H12: 8.6 | I12: =G12+H12 -> 129.5 | J12: =IF(L12>0,L12,0) -> 0 | K12: =I12+J12 -> 129.5 | L12: =F12-(I12-X12) -> 0 | M12: 4.1 | N12: 0 | O12: 0 | P12: =M12-(N12+O12) -> 4.1 | Q12: 0 | R12: 0 | S12: =SUM(P12:R12) -> 4.1 | U12: 0 | V12: 125.4 | W12: =W11-30 -> 11236.5 | X12: =N12+O12+S12+U12+V12 -> 129.5 | Y12: =IF(L12<0,L12*-1,0) -> 0 | Z12: =X12+Y12 -> 129.5 | AA12: 0 | AB12: 40 | AC12: 14 | AD12: =AD11+1 -> 3
A13: =A12+1 -> 4 | B13: 6906.98 | C13: 310060 | D13: =C13-C12 -> -40 | E13: =C13-152000 -> 158060 | F13: =D13/$D$2 -> -20.166373 | G13: 69.7 | H13: 9.5 | I13: =G13+H13 -> 79.2 | J13: =IF(L13>0,L13,0) -> 0.13362743 | K13: =I13+J13 -> 79.333627 | L13: =F13-(I13-X13) -> 0.13362743 | M13: 4.1 | N13: 0 | O13: 0 | P13: =M13-(N13+O13) -> 4.1 | Q13: 0 | R13: 0 | S13: =SUM(P13:R13) -> 4.1 | U13: 0 | V13: 95.4 | W13: =W12-30 -> 11206.5 | X13: =N13+O13+S13+U13+V13 -> 99.5 | Y13: =IF(L13<0,L13*-1,0) -> 0 | Z13: =X13+Y13 -> 99.5 | AA13: 0 | AB13: 46 | AC13: 14 | AD13: =AD12+1 -> 4
A14: =A13+1 -> 5 | B14: 6906.98 | C14: 310060 | D14: =C14-C13 -> 0 | E14: =C14-152000 -> 158060 | F14: =D14/$D$2 -> 0 | G14: 70.7 | H14: 10.1 | I14: =G14+H14 -> 80.8 | J14: =IF(L14>0,L14,0) -> 0.1 | K14: =I14+J14 -> 80.9 | L14: =F14-(I14-X14) -> 0.1 | M14: 4.1 | N14: 0 | O14: 0 | P14: =M14-(N14+O14) -> 4.1 | Q14: 0 | R14: 0 | S14: =SUM(P14:R14) -> 4.1 | U14: 0 | V14: 76.8 | W14: =W13-30 -> 11176.5 | X14: =N14+O14+S14+U14+V14 -> 80.9 | Y14: =IF(L14<0,L14*-1,0) -> 0 | Z14: =X14+Y14 -> 80.9 | AA14: 0 | AB14: 49 | AC14: 15 | AD14: =AD13+1 -> 5
A15: =A14+1 -> 6 | B15: 6906.97 | C15: 310022 | D15: =C15-C14 -> -38 | E15: =C15-152000 -> 158022 | F15: =D15/$D$2 -> -19.158054 | G15: 50 | H15: 11.8 | I15: =G15+H15 -> 61.8 | J15: =IF(L15>0,L15,0) -> 0.041946055 | K15: =I15+J15 -> 61.841946 | L15: =F15-(I15-X15) -> 0.041946055 | M15: 4.1 | N15: 0 | O15: 0 | P15: =M15-(N15+O15) -> 4.1 | Q15: 0 | R15: 0 | S15: =SUM(P15:R15) -> 4.1 | U15: 0 | V15: 76.9 | W15: =W14-30 -> 11146.5 | X15: =N15+O15+S15+U15+V15 -> 81 | Y15: =IF(L15<0,L15*-1,0) -> 0 | Z15: =X15+Y15 -> 81 | AA15: 0 | AB15: 51 | AC15: 24 | AD15: =AD14+1 -> 6
A16: =A15+1 -> 7 | B16: 6906.97 | C16: 310022 | D16: =C16-C15 -> 0 | E16: =C16-152000 -> 158022 | F16: =D16/$D$2 -> 0 | G16: 67.6 | H16: 14.1 | I16: =G16+H16 -> 81.7 | J16: =IF(L16>0,L16,0) -> 0.1 | K16: =I16+J16 -> 81.8 | L16: =F16-(I16-X16) -> 0.1 | M16: 4.1 | N16: 0 | O16: 0 | P16: =M16-(N16+O16) -> 4.1 | Q16: 0 | R16: 0 | S16: =SUM(P16:R16) -> 4.1 | U16: 0 | V16: 77.7 | W16: =W15-30 -> 11116.5 | X16: =N16+O16+S16+U16+V16 -> 81.8 | Y16: =IF(L16<0,L16*-1,0) -> 0 | Z16: =X16+Y16 -> 81.8 | AA16: 0 | AB16: 52 | AC16: 26 | AD16: =AD15+1 -> 7
A17: =A16+1 -> 8 | B17: 6907 | C17: 310138 | D17: =C17-C16 -> 116 | E17: =C17-152000 -> 158138 | F17: =D17/$D$2 -> 58.48248 | G17: 120.4 | H17: 19 | I17: =G17+H17 -> 139.4 | J17: =IF(L17>0,L17,0) -> 0 | K17: =I17+J17 -> 139.4 | L17: =F17-(I17-X17) -> -0.017519536 | M17: 4.1 | N17: 0 | O17: 0 | P17: =M17-(N17+O17) -> 4.1 | Q17: 0 | R17: 0 | S17: =SUM(P17:R17) -> 4.1 | U17: 0 | V17: 76.8 | W17: =W16-30 -> 11086.5 | X17: =N17+O17+S17+U17+V17 -> 80.9 | Y17: =IF(L17<0,L17*-1,0) -> 0.017519536 | Z17: =X17+Y17 -> 80.91752 | AA17: 0 | AB17: 59 | AC17: 25 | AD17: =AD16+1 -> 8
A18: =A17+1 -> 9 | B18: 6907.06 | C18: 310373 | D18: =C18-C17 -> 235 | E18: =C18-152000 -> 158373 | F18: =D18/$D$2 -> 118.47744 | G18: 159.7 | H18: 21.9 | I18: =G18+H18 -> 181.6 | J18: =IF(L18>0,L18,0) -> 18.577439 | K18: =I18+J18 -> 200.17744 | L18: =F18-(I18-X18) -> 18.577439 | M18: 4.6 | N18: 0 | O18: 0 | P18: =M18-(N18+O18) -> 4.6 | Q18: 0 | R18: 0 | S18: =SUM(P18:R18) -> 4.6 | U18: 0 | V18: 77.1 | W18: =W17-30 -> 11056.5 | X18: =N18+O18+S18+U18+V18 -> 81.7 | Y18: =IF(L18<0,L18*-1,0) -> 0 | Z18: =X18+Y18 -> 81.7 | AA18: 0 | AB18: 54 | AC18: 24 | AD18: =AD17+1 -> 9
A19: =A18+1 -> 10 | B19: 6907.12 | C19: 310609 | D19: =C19-C18 -> 236 | E19: =C19-152000 -> 158609 | F19: =D19/$D$2 -> 118.9816 | G19: 164.3 | H19: 27.8 | I19: =G19+H19 -> 192.1 | J19: =IF(L19>0,L19,0) -> 9.0815982 | K19: =I19+J19 -> 201.1816 | L19: =F19-(I19-X19) -> 9.0815982 | M19: 4.8 | N19: 0 | O19: 0 | P19: =M19-(N19+O19) -> 4.8 | Q19: 0 | R19: 0 | S19: =SUM(P19:R19) -> 4.8 | U19: 0 | V19: 77.4 | W19: =W18-30 -> 11026.5 | X19: =N19+O19+S19+U19+V19 -> 82.2 | Y19: =IF(L19<0,L19*-1,0) -> 0 | Z19: =X19+Y19 -> 82.2 | AA19: 0.02 | AB19: 41 | AC19: 34 | AD19: =AD18+1 -> 10
A20: =A19+1 -> 11 | B20: 6907.18 | C20: 310844 | D20: =C20-C19 -> 235 | E20: =C20-152000 -> 158844 | F20: =D20/$D$2 -> 118.47744 | G20: 157.8 | H20: 34.5 | I20: =G20+H20 -> 192.3 | J20: =IF(L20>0,L20,0) -> 8.0774389 | K20: =I20+J20 -> 200.37744 | L20: =F20-(I20-X20) -> 8.0774389 | M20: 5.1 | N20: 0 | O20: 0 | P20: =M20-(N20+O20) -> 5.1 | Q20: 0 | R20: 0 | S20: =SUM(P20:R20) -> 5.1 | U20: 0 | V20: 76.8 | W20: =W19-30 -> 10996.5 | X20: =N20+O20+S20+U20+V20 -> 81.9 | Y20: =IF(L20<0,L20*-1,0) -> 0 | Z20: =X20+Y20 -> 81.9 | AA20: 0 | AB20: 36 | AC20: 17 | AD20: =AD19+1 -> 11
A21: =A20+1 -> 12 | B21: 6907.24 | C21: 311079 | D21: =C21-C20 -> 235 | E21: =C21-152000 -> 159079 | F21: =D21/$D$2 -> 118.47744 | G21: 182.2 | H21: 52.3 | I21: =G21+H21 -> 234.5 | J21: =IF(L21>0,L21,0) -> 0 | K21: =I21+J21 -> 234.5 | L21: =F21-(I21-X21) -> -34.122561 | M21: 5.5 | N21: 0 | O21: 0 | P21: =M21-(N21+O21) -> 5.5 | Q21: 0 | R21: 0 | S21: =SUM(P21:R21) -> 5.5 | U21: 0 | V21: 76.4 | W21: =W20-30 -> 10966.5 | X21: =N21+O21+S21+U21+V21 -> 81.9 | Y21: =IF(L21<0,L21*-1,0) -> 34.122561 | Z21: =X21+Y21 -> 116.02256 | AA21: 0 | AB21: 42 | AC21: 22 | AD21: =AD20+1 -> 12
A22: =A21+1 -> 13 | B22: 6907.3 | C22: 311313 | D22: =C22-C21 -> 234 | E22: =C22-152000 -> 159313 | F22: =D22/$D$2 -> 117.97328 | G22: 160.3 | H22: 47.3 | I22: =G22+H22 -> 207.6 | J22: =IF(L22>0,L22,0) -> 0 | K22: =I22+J22 -> 207.6 | L22: =F22-(I22-X22) -> -6.6267204 | M22: 5.5 | N22: 0 | O22: 0 | P22: =M22-(N22+O22) -> 5.5 | Q22: 0 | R22: 0 | S22: =SUM(P22:R22) -> 5.5 | U22: 0 | V22: 77.5 | W22: =W21-30 -> 10936.5 | X22: =N22+O22+S22+U22+V22 -> 83 | Y22: =IF(L22<0,L22*-1,0) -> 6.6267204 | Z22: =X22+Y22 -> 89.62672 | AA22: 0 | AB22: 46 | AC22: 28 | AD22: =AD21+1 -> 13
... A25: =A24+1 -> 16 | B25: 6907.57 | C25: 312371 | D25: =C25-C24 -> 509 | E25: =C25-152000 -> 160371 | F25: =D25/$D$2 -> 256.61709 | G25: 232.9 | H25: 38.8 | I25: =G25+H25 -> 271.7 | J25: =IF(L25>0,L25,0) -> 66.517091 | K25: =I25+J25 -> 338.21709 | L25: =F25-(I25-X25) -> 66.517091 | M25: 5 | N25: 0 | O25: 0 | P25: =M25-(N25+O25) -> 5 | Q25: 0 | R25: 0 | S25: =SUM(P25:R25) -> 5 | U25: 0 | V25: 76.6 | W25: =W24-30 -> 10846.5 | X25: =N25+O25+S25+U25+V25 -> 81.6 | Y25: =IF(L25<0,L25*-1,0) -> 0 | Z25: =X25+Y25 -> 81.6 | AA25: 0 | AB25: 52 | AC25: 30 | AD25: =AD24+1 -> 16
A26: =A25+1 -> 17 | B26: 6907.69 | C26: 312841 | D26: =C26-C25 -> 470 | E26: =C26-152000 -> 160841 | F26: =D26/$D$2 -> 236.95488 | G26: 234.2 | H26: 55.9 | I26: =G26+H26 -> 290.1 | J26: =IF(L26>0,L26,0) -> 138.55488 | K26: =I26+J26 -> 428.65488 | L26: =F26-(I26-X26) -> 138.55488 | M26: 3.6 | N26: 0 | O26: 0 | P26: =M26-(N26+O26) -> 3.6 | Q26: 0 | R26: 0 | S26: =SUM(P26:R26) -> 3.6 | U26: 0 | V26: 188.1 | W26: =W25 -> 10846.5 | X26: =N26+O26+S26+U26+V26 -> 191.7 | Y26: =IF(L26<0,L26*-1,0) -> 0 | Z26: =X26+Y26 -> 191.7 | AA26: 0.22 | AB26: 49 | AC26: 34 | AD26: =AD25+1 -> 17
A27: =A26+1 -> 18 | B27: 6907.8 | C27: 313272 | D27: =C27-C26 -> 431 | E27: =C27-152000 -> 161272 | F27: =D27/$D$2 -> 217.29266 | G27: 279 | H27: 104.5 | I27: =G27+H27 -> 383.5 | J27: =IF(L27>0,L27,0) -> 207.09266 | K27: =I27+J27 -> 590.59266 | L27: =F27-(I27-X27) -> 207.09266 | M27: 6 | N27: 0 | O27: 0 | P27: =M27-(N27+O27) -> 6 | Q27: 0 | R27: 0 | S27: =SUM(P27:R27) -> 6 | U27: 0 | V27: 367.3 | W27: =W26 -> 10846.5 | X27: =N27+O27+S27+U27+V27 -> 373.3 | Y27: =IF(L27<0,L27*-1,0) -> 0 | Z27: =X27+Y27 -> 373.3 | AA27: 0 | AB27: 47 | AC27: 29 | AD27: =AD26+1 -> 18
A28: =A27+1 -> 19 | B28: 6908.07 | C28: 314332 | D28: =C28-C27 -> 1060 | E28: =C28-152000 -> 162332 | F28: =D28/$D$2 -> 534.40887 | G28: 321.6 | H28: 139.2 | I28: =G28+H28 -> 460.8 | J28: =IF(L28>0,L28,0) -> 446.60887 | K28: =I28+J28 -> 907.40887 | L28: =F28-(I28-X28) -> 446.60887 | M28: 5.1 | N28: 0 | O28: 0 | P28: =M28-(N28+O28) -> 5.1 | Q28: 0 | R28: 0 | S28: =SUM(P28:R28) -> 5.1 | U28: 0 | V28: 367.9 | W28: =W27 -> 10846.5 | X28: =N28+O28+S28+U28+V28 -> 373 | Y28: =IF(L28<0,L28*-1,0) -> 0 | Z28: =X28+Y28 -> 373 | AA28: 0 | AB28: 51 | AC28: 26 | AD28: =AD27+1 -> 19
A29: =A28+1 -> 20 | B29: 6908.35 | C29: 315439 | D29: =C29-C28 -> 1107 | E29: =C29-152000 -> 163439 | F29: =D29/$D$2 -> 558.10436 | G29: 332.5 | H29: 140 | I29: =G29+H29 -> 472.5 | J29: =IF(L29>0,L29,0) -> 461.10436 | K29: =I29+J29 -> 933.60436 | L29: =F29-(I29-X29) -> 461.10436 | M29: 5.1 | N29: 0 | O29: 0 | P29: =M29-(N29+O29) -> 5.1 | Q29: 0 | R29: 0 | S29: =SUM(P29:R29) -> 5.1 | U29: 0 | V29: 370.4 | W29: =W28 -> 10846.5 | X29: =N29+O29+S29+U29+V29 -> 375.5 | Y29: =IF(L29<0,L29*-1,0) -> 0 | Z29: =X29+Y29 -> 375.5 | AA29: 0 | AB29: 52 | AC29: 28 | AD29: =AD28+1 -> 20
A30: =A29+1 -> 21 | B30: 6908.62 | C30: 316505 | D30: =C30-C29 -> 1066 | E30: =C30-152000 -> 164505 | F30: =D30/$D$2 -> 537.43383 | G30: 345.1 | H30: 164.6 | I30: =G30+H30 -> 509.7 | J30: =IF(L30>0,L30,0) -> 404.63383 | K30: =I30+J30 -> 914.33383 | L30: =F30-(I30-X30) -> 404.63383 | M30: 5.1 | N30: 0 | O30: 0 | P30: =M30-(N30+O30) -> 5.1 | Q30: 0 | R30: 0 | S30: =SUM(P30:R30) -> 5.1 | U30: 0 | V30: 371.8 | W30: =W29 -> 10846.5 | X30: =N30+O30+S30+U30+V30 -> 376.9 | Y30: =IF(L30<0,L30*-1,0) -> 0 | Z30: =X30+Y30 -> 376.9 | AA30: 0 | AB30: 50 | AC30: 25 | AD30: =AD29+1 -> 21
A31: =A30+1 -> 22 | B31: 6908.8 | C31: 317214 | D31: =C31-C30 -> 709 | E31: =C31-152000 -> 165214 | F31: =D31/$D$2 -> 357.44895 | G31: 400.6 | H31: 290.1 | I31: =G31+H31 -> 690.7 | J31: =IF(L31>0,L31,0) -> 48.648954 | K31: =I31+J31 -> 739.34895 | L31: =F31-(I31-X31) -> 48.648954 | M31: 5.1 | N31: 0 | O31: 0 | P31: =M31-(N31+O31) -> 5.1 | Q31: 0 | R31: 0 | S31: =SUM(P31:R31) -> 5.1 | U31: 0 | V31: 376.8 | W31: =W30 -> 10846.5 | X31: =N31+O31+S31+U31+V31 -> 381.9 | Y31: =IF(L31<0,L31*-1,0) -> 0 | Z31: =X31+Y31 -> 381.9 | AA31: 0 | AB31: 58 | AC31: 27 | AD31: =AD30+1 -> 22
A32: =A31+1 -> 23 | B32: 6909.12 | C32: 318483 | D32: =C32-C31 -> 1269 | E32: =C32-152000 -> 166483 | F32: =D32/$D$2 -> 639.77817 | G32: 448.2 | H32: 290.1 | I32: =G32+H32 -> 738.3 | J32: =IF(L32>0,L32,0) -> 427.57817 | K32: =I32+J32 -> 1165.8782 | L32: =F32-(I32-X32) -> 427.57817 | M32: 5.1 | N32: 0 | O32: 0 | P32: =M32-(N32+O32) -> 5.1 | Q32: 0 | R32: 0 | S32: =SUM(P32:R32) -> 5.1 | U32: 0 | V32: 521 | W32: =W31 -> 10846.5 | X32: =N32+O32+S32+U32+V32 -> 526.1 | Y32: =IF(L32<0,L32*-1,0) -> 0 | Z32: =X32+Y32 -> 526.1 | AA32: 0 | AB32: 61 | AC32: 26 | AD32: =AD31+1 -> 23
A33: =A32+1 -> 24 | B33: 6909.53 | C33: 320114 | D33: =C33-C32 -> 1631 | E33: =C33-152000 -> 168114 | F33: =D33/$D$2 -> 822.28384 | G33: 503.1 | H33: 290.1 | I33: =G33+H33 -> 793.2 | J33: =IF(L33>0,L33,0) -> 713.68384 | K33: =I33+J33 -> 1506.8838 | L33: =F33-(I33-X33) -> 713.68384 | M33: 4.6 | N33: 0 | O33: 0 | P33: =M33-(N33+O33) -> 4.6 | Q33: 0 | R33: 0 | S33: =SUM(P33:R33) -> 4.6 | U33: 0 | V33: 680 | W33: =W32 -> 10846.5 | X33: =N33+O33+S33+U33+V33 -> 684.6 | Y33: =IF(L33<0,L33*-1,0) -> 0 | Z33: =X33+Y33 -> 684.6 | AA33: 0 | AB33: 64 | AC33: 29 | AD33: =AD32+1 -> 24
A34: =A33+1 -> 25 | B34: 6910.07 | C34: 322266 | D34: =C34-C33 -> 2152 | E34: =C34-152000 -> 170266 | F34: =D34/$D$2 -> 1084.9508 | G34: 590.9 | H34: 290.1 | I34: =G34+H34 -> 881 | J34: =IF(L34>0,L34,0) -> 887.85084 | K34: =I34+J34 -> 1768.8508 | L34: =F34-(I34-X34) -> 887.85084 | M34: 3.9 | N34: 0 | O34: 0 | P34: =M34-(N34+O34) -> 3.9 | Q34: 0 | R34: 0 | S34: =SUM(P34:R34) -> 3.9 | U34: 0 | V34: 680 | W34: =W33 -> 10846.5 | X34: =N34+O34+S34+U34+V34 -> 683.9 | Y34: =IF(L34<0,L34*-1,0) -> 0 | Z34: =X34+Y34 -> 683.9 | AA34: 0 | AB34: 66 | AC34: 31 | AD34: =AD33+1 -> 25
A35: =A34+1 -> 26 | B35: 6910.45 | C35: 323793 | D35: =C35-C34 -> 1527 | E35: =C35-152000 -> 171793 | F35: =D35/$D$2 -> 769.85127 | G35: 643.9 | H35: 219.2 | I35: =G35+H35 -> 863.1 | J35: =IF(L35>0,L35,0) -> 590.85127 | K35: =I35+J35 -> 1453.9513 | L35: =F35-(I35-X35) -> 590.85127 | M35: 4.1 | N35: 0.08 | O35: 0 | P35: =M35-(N35+O35) -> 4.02 | Q35: 0 | R35: 0 | S35: =SUM(P35:R35) -> 4.02 | U35: 0 | V35: 680 | W35: =W34 -> 10846.5 | X35: =N35+O35+S35+U35+V35 -> 684.1 | Y35: =IF(L35<0,L35*-1,0) -> 0 | Z35: =X35+Y35 -> 684.1 | AA35: 0.12 | AB35: 61 | AC35: 33 | AD35: =AD34+1 -> 26
A36: =A35+1 -> 27 | B36: 6910.83 | C36: 325317 | D36: =C36-C35 -> 1524 | E36: =C36-152000 -> 173317 | F36: =D36/$D$2 -> 768.3388 | G36: 595 | H36: 205.8 | I36: =G36+H36 -> 800.8 | J36: =IF(L36>0,L36,0) -> 651.9388 | K36: =I36+J36 -> 1452.7388 | L36: =F36-(I36-X36) -> 651.9388 | M36: 4.4 | N36: 0 | O36: 0 | P36: =M36-(N36+O36) -> 4.4 | Q36: 0 | R36: 0 | S36: =SUM(P36:R36) -> 4.4 | U36: 0 | V36: 680 | W36: =W35 -> 10846.5 | X36: =N36+O36+S36+U36+V36 -> 684.4 | Y36: =IF(L36<0,L36*-1,0) -> 0 | Z36: =X36+Y36 -> 684.4 | AA36: 0.1 | AB36: 57 | AC36: 30 | AD36: =AD35+1 -> 27
A37: =A36+1 -> 28 | B37: 6911.2 | C37: 326809 | D37: =C37-C36 -> 1492 | E37: =C37-152000 -> 174809 | F37: =D37/$D$2 -> 752.2057 | G37: 460.9 | H37: 124.5 | I37: =G37+H37 -> 585.4 | J37: =IF(L37>0,L37,0) -> 851.0057 | K37: =I37+J37 -> 1436.4057 | L37: =F37-(I37-X37) -> 851.0057 | M37: 4.2 | N37: 0 | O37: 0 | P37: =M37-(N37+O37) -> 4.2 | Q37: 0 | R37: 0 | S37: =SUM(P37:R37) -> 4.2 | U37: 0 | V37: 680 | W37: =W36 -> 10846.5 | X37: =N37+O37+S37+U37+V37 -> 684.2 | Y37: =IF(L37<0,L37*-1,0) -> 0 | Z37: =X37+Y37 -> 684.2 | AA37: 0 | AB37: 54 | AC37: 26 | AD37: =AD36+1 -> 28
A38: =A37+1 -> 29 | B38: 6911.37 | C38: 327496 | D38: =C38-C37 -> 687 | E38: =C38-152000 -> 175496 | F38: =D38/$D$2 -> 346.35745 | G38: 402.9 | H38: 96.9 | I38: =G38+H38 -> 499.8 | J38: =IF(L38>0,L38,0) -> 530.95745 | K38: =I38+J38 -> 1030.7574 | L38: =F38-(I38-X38) -> 530.95745 | M38: 4.4 | N38: 0 | O38: 0 | P38: =M38-(N38+O38) -> 4.4 | Q38: 0 | R38: 0 | S38: =SUM(P38:R38) -> 4.4 | U38: 0 | V38: 680 | W38: =W37 -> 10846.5 | X38: =N38+O38+S38+U38+V38 -> 684.4 | Y38: =IF(L38<0,L38*-1,0) -> 0 | Z38: =X38+Y38 -> 684.4 | AA38: 0 | AB38: 46 | AC38: 20 | AD38: =AD37+1 -> 29
A39: 30 | B39: 6911.45 | C39: 327820 | D39: =C39-C38 -> 324 | E39: =C39-152000 -> 175820 | F39: =D39/$D$2 -> 163.34762 | G39: 392 | H39: 97.2 | I39: =G39+H39 -> 489.2 | J39: =IF(L39>0,L39,0) -> 349.54762 | K39: =I39+J39 -> 838.74762 | L39: =F39-(I39-X39) -> 349.54762 | M39: 4.4 | N39: 0 | O39: 0 | P39: =M39-(N39+O39) -> 4.4 | Q39: 0 | R39: 0 | S39: =SUM(P39:R39) -> 4.4 | U39: 0 | V39: 671 | W39: =W38 -> 10846.5 | X39: =N39+O39+S39+U39+V39 -> 675.4 | Y39: =IF(L39<0,L39*-1,0) -> 0 | Z39: =X39+Y39 -> 675.4 | AA39: 0 | AB39: 45 | AC39: 24 | AD39: 30
A40: 31 | B40: 6911.53 | C40: 328142 | D40: =C40-C39 -> 322 | E40: =C40-152000 -> 176142 | F40: =D40/$D$2 -> 162.3393 | G40: 366.2 | H40: 88.1 | I40: =G40+H40 -> 454.3 | J40: =IF(L40>0,L40,0) -> 402.5393 | K40: =I40+J40 -> 856.8393 | L40: =F40-(I40-X40) -> 402.5393 | M40: 29.5 | N40: 0 | O40: 0 | P40: =M40-(N40+O40) -> 29.5 | Q40: 0 | R40: 0 | S40: =SUM(P40:R40) -> 29.5 | U40: 0 | V40: 665 | W40: =W39 -> 10846.5 | X40: =N40+O40+S40+U40+V40 -> 694.5 | Y40: =IF(L40<0,L40*-1,0) -> 0 | Z40: =X40+Y40 -> 694.5 | AA40: 0 | AB40: 49 | AC40: 22 | AD40: 31
A42: MONTH / CFS | F42: =SUM(F10:F40) -> 8997.7313 | G42: =SUM(G10:G40) -> 8355.3 | H42: =SUM(H10:H40) -> 2963.9 | I42: =SUM(I10:I40) -> 11319.2 | J42: =SUM(J10:J40) -> 7298.6737 | K42: =SUM(K10:K40) -> 18617.874 | L42: =SUM(L10:L40) -> 7195.5313 | M42: =SUM(M10:M40) -> 168.8 | ... S42: =SUM(S10:S40) -> 168.72 | U42: =SUM(U10:U40) -> 0 | V42: =SUM(V10:V40) -> 9348.2 | X42: =SUM(X10:X40) -> 9517 | Y42: =SUM(Y10:Y40) -> 103.14237 | Z42: =SUM(Z10:Z40) -> 9620.1424 | AA42: =SUM(AA10:AA40) -> 0.46 | AB42: =AVERAGE(AB10:AB40) -> 50.16129 | AC42: =AVERAGE(AC10:AC40) -> 25.709677 | AD42: AVE
A43: MONTH / AF | D43: =SUM(D10:D40) -> 17847 | F43: =F42*$D$2 -> 17847 | G43: =G42*$D$2 -> 16572.738 | H43: =H42*$D$2 -> 5878.8957 | I43: =I42*$D$2 -> 22451.633 | J43: =J42*$D$2 -> 14476.919 | K43: =K42*$D$2 -> 36928.552 | L43: =L42*$D$2 -> 14272.336 | M43: =M42*$D$2 -> 334.8148 | ... S43: =S42*$D$2 -> 334.65612 | U43: =U42*$D$2 -> 0 | V43: =V42*$D$2 -> 18542.155 | X43: =X42*$D$2 -> 18876.969 | Y43: =Y42*$D$2 -> 204.5829 | Z43: =Z42*$D$2 -> 19081.552 | AB43: =MAX(AB10:AB40) -> 66 | AC43: =MAX(AC10:AC40) -> 35 | AD43: HI
A45: SEASON / CFS | AB45: =MIN(AB10:AB40) -> 36 | AC45: =MIN(AC10:AC40) -> 14 | AD45: LO
A46: SEASON / AF
A48: YTD / CFS | F48: =F8+F42 -> 12183.01 | G48: =G8+G42 -> 17606.6 | H48: =H8+H42 -> 3179.6 | I48: =I8+I42 -> 20786.2 | J48: =J8+J42 -> 7540.8388 | K48: =K8+K42 -> 28327.039 | L48: =L8+L42 -> 6535.9098 | M48: =M8+M42 -> 1088.3 | ... S48: =S8+S42 -> 1266.92 | U48: =U8+U42 -> 0 | V48: =V8+V42 -> 13872.1 | W48: =W40 -> 10846.5 | X48: =X8+X42 -> 15139.1 | Y48: =Y8+Y42 -> 1004.929 | Z48: =Z8+Z42 -> 16144.029 | AA48: =AA8+AA42 -> 11.34
A49: YTD / AF | D49: =D8+D43 -> 24165 | E49: =E40 -> 176142 | F49: =F48*$D$2 -> 24165 | G49: =G48*$D$2 -> 34922.691 | H49: =H48*$D$2 -> 6306.7366 | I49: =I48*$D$2 -> 41229.428 | J49: =J48*$D$2 -> 14957.254 | K49: =K48*$D$2 -> 56186.682 | L49: =L48*$D$2 -> 12963.977 | M49: =M48*$D$2 -> 2158.6431 | ... Z49: =Z48*$D$2 -> 32021.682

Sheet APR
K1: MC PHEE RESERVOIR IN/OUT FLOW TABULATION
A2: AF/cfs CONVERT FACTOR | D2: 1.9835 | K2: APRIL "1993"
Y3: 5
A4: DATE | B4: RESERV | C4: RESERV | D4: AC FT | E4: ACTIVE | F4: CONV TO | G4: DOLORES | H4: LOST | I4: RECORDED | J4: CALC | K4: TOTAL | L4: CALC | M4: DOLORES TUNNEL | Q4: LONE | R4: U | S4: TOTAL | T4: MVI | U4: DV CR | V4: BELOW | W4: REMAIN | X4: RECORDED | Y4: CALC | Z4: TOTAL | AA4: RAIN | AB4: MAX | AC4: MIN | AD4: DATE
A5: "APR" | B5: ELEV | C5: AC FT | D5: CHANGE | E5: CAP | F5: CFS | G5: RIVER | H5: CANYON | I5: INFLOW | J5: INFLOW | K5: INFLOW | L5: INF/OTF | M5: TOT DIV | N5: WETLAND | O5: UTE F&R | P5: MVI/CTZ/MWC | Q5: PINE | R5: LAT | S5: MVI | T5: CALL | U5: CANAL | V5: MC PHEE | W5: RELEASE | X5: OUTFLOW | Y5: OUTFLOW | Z5: OUTFLOW | AB5: TMP | AC5: TMP | AD5: "APR"
W6: 11968
A7: SEASON BAL
A8: YTD | B8: =MAR!B40 -> 6911.53 | C8: =MAR!C40 -> 328142 | D8: =MAR!D49 -> 24165 | E8: =MAR!E49 -> 176142 | F8: =MAR!F48 -> 12183.01 | G8: =MAR!G48 -> 17606.6 | H8: =MAR!H48 -> 3179.6 | I8: =MAR!I48 -> 20786.2 | J8: =MAR!J48 -> 7540.8388 | K8: =MAR!K48 -> 28327.039 | L8: =MAR!L48 -> 6535.9098 | M8: =MAR!M48 -> 1088.3 | ... V8: =MAR!V48 -> 13872.1 | W8: 10847 | X8: =MAR!X48 -> 15139.1 | Y8: =MAR!Y48 -> 1004.929 | Z8: =MAR!Z48 -> 16144.029 | AA8: =MAR!AA48 -> 11.34
A10: 1 | B10: 6911.7 | C10: 328831 | D10: =C10-C8 -> 689 | E10: =C10-152000 -> 176831 | F10: =D10/$D$2 -> 347.36577 | G10: 375.1 | H10: 93.9 | I10: =G10+H10 -> 469 | J10: =IF(L10>0,L10,0) -> 544.46577 | K10: =I10+J10 -> 1013.4658 | L10: =F10-(I10-X10) -> 544.46577 | M10: 42.1 | N10: 0 | O10: 0 | P10: =M10-(N10+O10) -> 42.1 | Q10: 0 | R10: 0 | S10: =SUM(P10:R10) -> 42.1 | T10: 0 | U10: 0 | V10: 624 | W10: =W8 -> 10847 | X10: =N10+O10+S10+U10+V10 -> 666.1 | Y10: =IF(L10<0,L10*-1,0) -> 0 | Z10: =X10+Y10 -> 666.1 | AA10: 0 | AB10: 58 | AC10: 29 | AD10: 1
A11: =A10+1 -> 2 | B11: 6911.91 | C11: 329801 | D11: =C11-C10 -> 970 | E11: =C11-152000 -> 177801 | F11: =D11/$D$2 -> 489.03453 | G11: 407.3 | H11: 102.6 | I11: =G11+H11 -> 509.9 | J11: =IF(L11>0,L11,0) -> 618.33453 | K11: =I11+J11 -> 1128.2345 | L11: =F11-(I11-X11) -> 618.33453 | M11: 17.2 | N11: 0 | O11: 0 | P11: =M11-(N11+O11) -> 17.2 | Q11: 0 | R11: 0 | S11: =SUM(P11:R11) -> 17.2 | T11: 0 | U11: 0 | V11: 622 | W11: =W10 -> 10847 | X11: =N11+O11+S11+U11+V11 -> 639.2 | Y11: =IF(L11<0,L11*-1,0) -> 0 | Z11: =X11+Y11 -> 639.2 | AA11: 0 | AB11: 59 | AC11: 33 | AD11: =AD10+1 -> 2
A12: =A11+1 -> 3 | B12: 6912.11 | C12: 330779 | D12: =C12-C11 -> 978 | E12: =C12-152000 -> 178779 | F12: =D12/$D$2 -> 493.06781 | G12: 397.5 | H12: 92.8 | I12: =G12+H12 -> 490.3 | J12: =IF(L12>0,L12,0) -> 632.46781 | K12: =I12+J12 -> 1122.7678 | L12: =F12-(I12-X12) -> 632.46781 | M12: 3.7 | N12: 0 | O12: 0 | P12: =M12-(N12+O12) -> 3.7 | Q12: 0 | R12: 0 | S12: =SUM(P12:R12) -> 3.7 | T12: 0 | U12: 0 | V12: 626 | W12: =W10 -> 10847 | X12: =N12+O12+S12+U12+V12 -> 629.7 | Y12: =IF(L12<0,L12*-1,0) -> 0 | Z12: =X12+Y12 -> 629.7 | AA12: 0 | AB12: 58 | AC12: 28 | AD12: =AD11+1 -> 3
A13: =A12+1 -> 4 | B13: 6912.43 | C13: 331798 | D13: =C13-C12 -> 1019 | E13: =C13-152000 -> 179798 | F13: =D13/$D$2 -> 513.73834 | G13: 445.7 | H13: 119.6 | I13: =G13+H13 -> 565.3 | J13: =IF(L13>0,L13,0) -> 579.23834 | K13: =I13+J13 -> 1144.5383 | L13: =F13-(I13-X13) -> 579.23834 | M13: 3.8 | N13: 0 | O13: 0 | P13: =M13-(N13+O13) -> 3.8 | Q13: 0 | R13: 0 | S13: =SUM(P13:R13) -> 3.8 | T13: 0 | U13: 0 | V13: 627 | W13: =W11 -> 10847 | X13: =N13+O13+S13+U13+V13 -> 630.8 | Y13: =IF(L13<0,L13*-1,0) -> 0 | Z13: =X13+Y13 -> 630.8 | AA13: 0 | AB13: 59 | AC13: 30 | AD13: =AD12+1 -> 4
A14: =A13+1 -> 5 | B14: 6912.86 | C14: 333550 | D14: =C14-C13 -> 1752 | E14: =C14-152000 -> 181550 | F14: =D14/$D$2 -> 883.28712 | G14: 524.7 | H14: 168 | I14: =G14+H14 -> 692.7 | J14: =IF(L14>0,L14,0) -> 828.08712 | K14: =I14+J14 -> 1520.7871 | L14: =F14-(I14-X14) -> 828.08712 | M14: 16.5 | N14: 0 | O14: 0 | P14: =M14-(N14+O14) -> 16.5 | Q14: 0 | R14: 0 | S14: =SUM(P14:R14) -> 16.5 | T14: 0 | U14: 0 | V14: 621 | W14: =W12 -> 10847 | X14: =N14+O14+S14+U14+V14 -> 637.5 | Y14: =IF(L14<0,L14*-1,0) -> 0 | Z14: =X14+Y14 -> 637.5 | AA14: 0.06 | AB14: 54 | AC14: 34 | AD14: =AD13+1 -> 5
A15: =A14+1 -> 6 | B15: 6913.2 | C15: 334944 | D15: =C15-C14 -> 1394 | E15: =C15-152000 -> 182944 | F15: =D15/$D$2 -> 702.79808 | G15: 542.7 | H15: 173.2 | I15: =G15+H15 -> 715.9 | J15: =IF(L15>0,L15,0) -> 604.29808 | K15: =I15+J15 -> 1320.1981 | L15: =F15-(I15-X15) -> 604.29808 | M15: 12.4 | N15: 0 | O15: 0 | P15: =M15-(N15+O15) -> 12.4 | Q15: 0 | R15: 0 | S15: =SUM(P15:R15) -> 12.4 | T15: 0 | U15: 0 | V15: 605 | W15: =W13 -> 10847 | X15: =N15+O15+S15+U15+V15 -> 617.4 | Y15: =IF(L15<0,L15*-1,0) -> 0 | Z15: =X15+Y15 -> 617.4 | AA15: 0.04 | AB15: 41 | AC15: 32 | AD15: =AD14+1 -> 6
A16: =A15+1 -> 7 | B16: 6913.45 | C16: 335971 | D16: =C16-C15 -> 1027 | E16: =C16-152000 -> 183971 | F16: =D16/$D$2 -> 517.77162 | G16: 452.8 | H16: 117.1 | I16: =G16+H16 -> 569.9 | J16: =IF(L16>0,L16,0) -> 556.97162 | K16: =I16+J16 -> 1126.8716 | L16: =F16-(I16-X16) -> 556.97162 | M16: 4.1 | N16: 0 | O16: 0 | P16: =M16-(N16+O16) -> 4.1 | Q16: 0 | R16: 0 | S16: =SUM(P16:R16) -> 4.1 | T16: 0 | U16: 0 | V16: 605 | W16: =W14 -> 10847 | X16: =N16+O16+S16+U16+V16 -> 609.1 | Y16: =IF(L16<0,L16*-1,0) -> 0 | Z16: =X16+Y16 -> 609.1 | AA16: 0 | AB16: 42 | AC16: 27 | AD16: =AD15+1 -> 7
A17: =A16+1 -> 8 | B17: 6913.61 | C17: 336628 | D17: =C17-C16 -> 657 | E17: =C17-152000 -> 184628 | F17: =D17/$D$2 -> 331.23267 | G17: 425 | H17: 101.6 | I17: =G17+H17 -> 526.6 | J17: =IF(L17>0,L17,0) -> 430.73267 | K17: =I17+J17 -> 957.33267 | L17: =F17-(I17-X17) -> 430.73267 | M17: 4.1 | N17: 0 | O17: 0 | P17: =M17-(N17+O17) -> 4.1 | Q17: 0 | R17: 0 | S17: =SUM(P17:R17) -> 4.1 | T17: 0 | U17: 0 | V17: 622 | W17: =W15 -> 10847 | X17: =N17+O17+S17+U17+V17 -> 626.1 | Y17: =IF(L17<0,L17*-1,0) -> 0 | Z17: =X17+Y17 -> 626.1 | AA17: 0 | AB17: 51 | AC17: 16 | AD17: =AD16+1 -> 8
A18: =A17+1 -> 9 | B18: 6913.68 | C18: 336917 | D18: =C18-C17 -> 289 | E18: =C18-152000 -> 184917 | F18: =D18/$D$2 -> 145.70204 | G18: 466.2 | H18: 123.2 | I18: =G18+H18 -> 589.4 | J18: =IF(L18>0,L18,0) -> 506.50204 | K18: =I18+J18 -> 1095.902 | L18: =F18-(I18-X18) -> 506.50204 | M18: 4.2 | N18: 0 | O18: 0 | P18: =M18-(N18+O18) -> 4.2 | Q18: 0 | R18: 0 | S18: =SUM(P18:R18) -> 4.2 | T18: 0 | U18: 0 | V18: 946 | W18: =W16 -> 10847 | X18: =N18+O18+S18+U18+V18 -> 950.2 | Y18: =IF(L18<0,L18*-1,0) -> 0 | Z18: =X18+Y18 -> 950.2 | AA18: 0 | AB18: 55 | AC18: 28 | AD18: =AD17+1 -> 9
A19: =A18+1 -> 10 | B19: 6913.93 | C19: 337944 | D19: =C19-C18 -> 1027 | E19: =C19-152000 -> 185944 | F19: =D19/$D$2 -> 517.77162 | G19: 590.1 | H19: 177.3 | I19: =G19+H19 -> 767.4 | J19: =IF(L19>0,L19,0) -> 954.57162 | K19: =I19+J19 -> 1721.9716 | L19: =F19-(I19-X19) -> 954.57162 | M19: 4.2 | N19: 0 | O19: 0 | P19: =M19-(N19+O19) -> 4.2 | Q19: 0 | R19: 0 | S19: =SUM(P19:R19) -> 4.2 | T19: 0 | U19: 0 | V19: 1200 | W19: =W17 -> 10847 | X19: =N19+O19+S19+U19+V19 -> 1204.2 | Y19: =IF(L19<0,L19*-1,0) -> 0 | Z19: =X19+Y19 -> 1204.2 | AA19: 0 | AB19: 58 | AC19: 29 | AD19: =AD18+1 -> 10
A20: =A19+1 -> 11 | B20: 6914.43 | C20: 340012 | D20: =C20-C19 -> 2068 | E20: =C20-152000 -> 188012 | F20: =D20/$D$2 -> 1042.6015 | G20: 690 | H20: 208.9 | I20: =G20+H20 -> 898.9 | J20: =IF(L20>0,L20,0) -> 1347.9015 | K20: =I20+J20 -> 2246.8015 | L20: =F20-(I20-X20) -> 1347.9015 | M20: 4.2 | N20: 0 | O20: 0 | P20: =M20-(N20+O20) -> 4.2 | Q20: 0 | R20: 0 | S20: =SUM(P20:R20) -> 4.2 | T20: 0 | U20: 0 | V20: 1200 | W20: =W18 -> 10847 | X20: =N20+O20+S20+U20+V20 -> 1204.2 | Y20: =IF(L20<0,L20*-1,0) -> 0 | Z20: =X20+Y20 -> 1204.2 | AA20: 0 | AB20: 64 | AC20: 33 | AD20: =AD19+1 -> 11
A21: =A20+1 -> 12 | B21: 6914.59 | C21: 340674 | D21: =C21-C20 -> 662 | E21: =C21-152000 -> 188674 | F21: =D21/$D$2 -> 333.75347 | G21: 767.2 | H21: 214.1 | I21: =G21+H21 -> 981.3 | J21: =IF(L21>0,L21,0) -> 803.05347 | K21: =I21+J21 -> 1784.3535 | L21: =F21-(I21-X21) -> 803.05347 | M21: 4.6 | N21: 0 | O21: 0 | P21: =M21-(N21+O21) -> 4.6 | Q21: 0 | R21: 0 | S21: =SUM(P21:R21) -> 4.6 | T21: 0 | U21: 0 | V21: 1446 | W21: =W19 -> 10847 | X21: =N21+O21+S21+U21+V21 -> 1450.6 | Y21: =IF(L21<0,L21*-1,0) -> 0 | Z21: =X21+Y21 -> 1450.6 | AA21: 0 | AB21: 44 | AC21: 34 | AD21: =AD20+1 -> 12
A22: =A21+1 -> 13 | B22: 6914.59 | C22: 340674 | D22: =C22-C21 -> 0 | E22: =C22-152000 -> 188674 | F22: =D22/$D$2 -> 0 | G22: 662.8 | H22: 148.9 | I22: =G22+H22 -> 811.7 | J22: =IF(L22>0,L22,0) -> 792.7 | K22: =I22+J22 -> 1604.4 | L22: =F22-(I22-X22) -> 792.7 | M22: 4.4 | N22: 0 | O22: 0 | P22: =M22-(N22+O22) -> 4.4 | Q22: 0 | R22: 0 | S22: =SUM(P22:R22) -> 4.4 | T22: 0 | U22: 0 | V22: 1600 | W22: =W20 -> 10847 | X22: =N22+O22+S22+U22+V22 -> 1604.4 | Y22: =IF(L22<0,L22*-1,0) -> 0 | Z22: =X22+Y22 -> 1604.4 | AA22: 0 | AB22: 48 | AC22: 20 | AD22: =AD21+1 -> 13
A23: =A22+1 -> 14 | B23: 6914.51 | C23: 340342 | D23: =C23-C22 -> -332 | E23: =C23-152000 -> 188342 | F23: =D23/$D$2 -> -167.38089 | G23: 647.8 | H23: 129.5 | I23: =G23+H23 -> 777.3 | J23: =IF(L23>0,L23,0) -> 660.81911 | K23: =I23+J23 -> 1438.1191 | L23: =F23-(I23-X23) -> 660.81911 | M23: 5.5 | N23: 0 | O23: 0 | P23: =M23-(N23+O23) -> 5.5 | Q23: 0 | R23: 0 | S23: =SUM(P23:R23) -> 5.5 | T23: 0 | U23: 0 | V23: 1600 | W23: =W21 -> 10847 | X23: =N23+O23+S23+U23+V23 -> 1605.5 | Y23: =IF(L23<0,L23*-1,0) -> 0 | Z23: =X23+Y23 -> 1605.5 | AA23: 0 | AB23: 50 | AC23: 20 | AD23: =AD22+1 -> 14
... A38: =A37+1 -> 29 | B38: 6915.53 | C38: 344585 | D38: =C38-C37 -> 0 | E38: =C38-152000 -> 192585 | F38: =D38/$D$2 -> 0 | G38: 2248 | H38: 394.7 | I38: =G38+H38 -> 2642.7 | J38: =IF(L38>0,L38,0) -> 888.9 | K38: =I38+J38 -> 3531.6 | L38: =F38-(I38-X38) -> 888.9 | M38: 75.2 | N38: 0 | O38: 0 | P38: =M38-(N38+O38) -> 75.2 | Q38: 0 | R38: 4.4 | S38: =SUM(P38:R38) -> 79.6 | T38: 0 | U38: 10 | V38: 3442 | W38: =W36 -> 10847 | X38: =N38+O38+S38+U38+V38 -> 3531.6 | Y38: =IF(L38<0,L38*-1,0) -> 0 | Z38: =X38+Y38 -> 3531.6 | AA38: 0 | AB38: 67 | AC38: 42 | AD38: =AD37+1 -> 29
A39: 30 | B39: 6915.36 | C39: 343875 | D39: =C39-C38 -> -710 | E39: =C39-152000 -> 191875 | F39: =D39/$D$2 -> -357.95311 | G39: 2307.7 | H39: 376.6 | I39: =G39+H39 -> 2684.3 | J39: =IF(L39>0,L39,0) -> 644.14689 | K39: =I39+J39 -> 3328.4469 | L39: =F39-(I39-X39) -> 644.14689 | M39: 91.6 | N39: 0 | O39: 0 | P39: =M39-(N39+O39) -> 91.6 | Q39: 0 | R39: 5.8 | S39: =SUM(P39:R39) -> 97.4 | T39: 0 | U39: 10 | V39: 3579 | W39: =W37 -> 10847 | X39: =N39+O39+S39+U39+V39 -> 3686.4 | Y39: =IF(L39<0,L39*-1,0) -> 0 | Z39: =X39+Y39 -> 3686.4 | AA39: 0 | AB39: 64 | AC39: 36 | AD39: 30
A41: MONTH / CFS | F41: =SUM(F10:F39) -> 7931.9385 | G41: =SUM(G10:G39) -> 28595.8 | H41: =SUM(H10:H39) -> 6124.3 | I41: =SUM(I10:I39) -> 34720.1 | J41: =SUM(J10:J39) -> 26727.238 | K41: =SUM(K10:K39) -> 61447.338 | L41: =SUM(L10:L39) -> 26727.238 | M41: =SUM(M10:M39) -> 774.2 | ... S41: =SUM(S10:S39) -> 789.4 | U41: =SUM(U10:U39) -> 30 | V41: =SUM(V10:V39) -> 52696 | X41: =SUM(X10:X39) -> 53515.4 | Y41: =SUM(Y10:Y39) -> 0 | Z41: =SUM(Z10:Z39) -> 53515.4 | AA41: =SUM(AA10:AA39) -> 0.33 | AB41: =AVERAGE(AB10:AB39) -> 57.733333 | AC41: =AVERAGE(AC10:AC39) -> 30.666667 | AD41: Avg
A42: MONTH / AF | D42: =SUM(D10:D39) -> 15733 | F42: =F41*$D$2 -> 15733 | G42: =G41*$D$2 -> 56719.769 | H42: =H41*$D$2 -> 12147.549 | I42: =I41*$D$2 -> 68867.318 | J42: =J41*$D$2 -> 53013.478 | K42: =K41*$D$2 -> 121880.8 | L42: =L41*$D$2 -> 53013.478 | M42: =M41*$D$2 -> 1535.6257 | ... S42: =S41*$D$2 -> 1565.7749 | U42: =U41*$D$2 -> 59.505 | V42: =V41*$D$2 -> 104522.52 | X42: =X41*$D$2 -> 106147.8 | Y42: =Y41*$D$2 -> 0 | Z42: =Z41*$D$2 -> 106147.8 | AB42: =MAX(AB10:AB39) -> 70 | AC42: =MAX(AC10:AC39) -> 42 | AD42: HI
A44: SEASON / CFS | F44: =F7+F41 -> 7931.9385 | G44: =G7+G41 -> 28595.8 | H44: =H7+H41 -> 6124.3 | I44: =I7+I41 -> 34720.1 | J44: =J7+J41 -> 26727.238 | K44: =K7+K41 -> 61447.338 | L44: =L7+L41 -> 26727.238 | M44: =M7+M41 -> 774.2 | ... S44: =S7+S41 -> 789.4 | T44: =T39 -> 0 | U44: =U7+U41 -> 30 | V44: =V7+V41 -> 52696 | X44: =X7+X41 -> 53515.4 | Y44: =Y7+Y41 -> 0 | Z44: =Z7+Z41 -> 53515.4 | AB44: =MIN(AB10:AB39) -> 41 | AC44: =MIN(AC10:AC39) -> 16 | AD44: LO
A45: SEASON / AF | F45: =F44*$D$2 -> 15733 | G45: =G44*$D$2 -> 56719.769 | H45: =H44*$D$2 -> 12147.549 | I45: =I44*$D$2 -> 68867.318 | J45: =J44*$D$2 -> 53013.478 | K45: =K44*$D$2 -> 121880.8 | L45: =L44*$D$2 -> 53013.478 | M45: =M44*$D$2 -> 1535.6257 | ... V45: =V44*$D$2 -> 104522.52 | X45: =X44*$D$2 -> 106147.8 | Y45: =Y44*$D$2 -> 0 | Z45: =Z44*$D$2 -> 106147.8
A47: YTD / CFS | F47: =F8+F41 -> 20114.948 | G47: =G8+G41 -> 46202.4 | H47: =H8+H41 -> 9303.9 | I47: =I8+I41 -> 55506.3 | J47: =J8+J41 -> 34268.077 | K47: =K8+K41 -> 89774.377 | L47: =L8+L41 -> 33263.148 | M47: =M8+M41 -> 1862.5 | ... S47: =S8+S41 -> 2056.32 | U47: =U8+U41 -> 30 | V47: =V8+V41 -> 66568.1 | W47: =W39 -> 10847 | X47: =X8+X41 -> 68654.5 | Y47: =Y8+Y41 -> 1004.929 | Z47: =Z8+Z41 -> 69659.429 | AA47: =AA8+AA41 -> 11.67
A48: YTD / AF | D48: =D8+D42 -> 39898 | E48: =E39 -> 191875 | F48: =F47*$D$2 -> 39898 | G48: =G47*$D$2 -> 91642.46 | H48: =H47*$D$2 -> 18454.286 | I48: =I47*$D$2 -> 110096.75 | J48: =J47*$D$2 -> 67970.731 | K48: =K47*$D$2 -> 178067.48 | L48: =L47*$D$2 -> 65977.455 | M48: =M47*$D$2 -> 3694.2688 | ... Z48: =Z47*$D$2 -> 138169.48

Sheet MAY
K1: MC PHEE RESERVOIR IN/OUT FLOW TABULATION
A2: AF/cfs CONVERT FACTOR | D2: 1.9835 | K2: MAY "1993"
A4: DATE | B4: RESERV | C4: RESERV | D4: AC FT | E4: ACTIVE | F4: CONV TO | G4: DOLORES | H4: LOST | I4: RECORDED | J4: CALC | K4: TOTAL | L4: CALC | M4: DOLORES TUNNEL | Q4: LONE | R4: U | S4: TOTAL | T4: MVI | U4: DV CR | V4: BELOW | W4: REMAIN | X4: RECORDED | Y4: CALC | Z4: TOTAL | AA4: RAIN | AB4: MAX | AC4: MIN | AD4: DATE
A5: "MAY" | B5: ELEV | C5: AC FT | D5: CHANGE | E5: CAP | F5: CFS | G5: RIVER | H5: CANYON | I5: INFLOW | J5: INFLOW | K5: INFLOW | L5: INF/OTF | M5: TOT DIV | N5: WETLAND | O5: UTE F&R | P5: MVI,CTZ | Q5: PINE | R5: LAT | S5: MVI | T5: CALL | U5: CANAL | V5: MC PHEE | W5: RELEASE | X5: OUTFLOW | Y5: OUTFLOW | Z5: OUTFLOW | AB5: TMP | AC5: TMP | AD5: "MAY"
A7: SEASON BAL | F7: =APR!F44 -> 7931.9385 | G7: =APR!G44 -> 28595.8 | H7: =APR!H44 -> 6124.3 | I7: =APR!I44 -> 34720.1 | J7: =APR!J44 -> 26727.238 | K7: =APR!K44 -> 61447.338 | L7: =APR!L44 -> 26727.238 | M7: =APR!M44 -> 774.2 | ... V7: =APR!V44 -> 52696 | X7: =APR!X44 -> 53515.4 | Y7: =APR!Y44 -> 0 | Z7: =APR!Z44 -> 53515.4
A8: YTD | B8: =APR!B39 -> 6915.36 | C8: =APR!C39 -> 343875 | D8: =APR!D48 -> 39898 | E8: =APR!E48 -> 191875 | F8: =APR!F47 -> 20114.948 | G8: =APR!G47 -> 46202.4 | H8: =APR!H47 -> 9303.9 | I8: =APR!I47 -> 55506.3 | J8: =APR!J47 -> 34268.077 | K8: =APR!K47 -> 89774.377 | L8: =APR!L47 -> 33263.148 | M8: =APR!M47 -> 1862.5 | ... AA8: =APR!AA47 -> 11.67
A10: 1 | B10: 6914.96 | C10: 342207 | D10: =C10-C8 -> -1668 | E10: =C10-152000 -> 190207 | F10: =D10/$D$2 -> -840.93774 | G10: 1915.6 | H10: 308.8 | I10: =G10+H10 -> 2224.4 | J10: =IF(L10>0,L10,0) -> 605.36226 | K10: =I10+J10 -> 2829.7623 | L10: =F10-(I10-X10) -> 605.36226 | M10: 110.9 | N10: 0 | O10: 0 | P10: =M10-(N10+O10) -> 110.9 | Q10: 0 | R10: 16.1 | S10: =SUM(P10:R10) -> 127 | U10: 17.1 | V10: 3526.6 | W10: =W8 -> 10847 | X10: =N10+O10+S10+U10+V10 -> 3670.7 | Y10: =IF(L10<0,L10*-1,0) -> 0 | Z10: =X10+Y10 -> 3670.7 | AA10: 0 | AB10: 58 | AC10: 33 | AD10: 1
A11: =A10+1 -> 2 | B11: 6914.66 | C11: 340964 | D11: =C11-C10 -> -1243 | E11: =C11-152000 -> 188964 | F11: =D11/$D$2 -> -626.67003 | G11: 1766.3 | H11: 289.9 | I11: =G11+H11 -> 2056.2 | J11: =IF(L11>0,L11,0) -> 678.42997 | K11: =I11+J11 -> 2734.63 | L11: =F11-(I11-X11) -> 678.42997 | M11: 113.5 | N11: 0 | O11: 0 | P11: =M11-(N11+O11) -> 113.5 | Q11: 0 | R11: 16.6 | S11: =SUM(P11:R11) -> 130.1 | U11: 0 | V11: 3231.2 | W11: =W10 -> 10847 | X11: =N11+O11+S11+U11+V11 -> 3361.3 | Y11: =IF(L11<0,L11*-1,0) -> 0 | Z11: =X11+Y11 -> 3361.3 | AA11: 0 | AB11: 64 | AC11: 30 | AD11: =AD10+1 -> 2
A12: =A11+1 -> 3 | B12: 6914.36 | C12: 339722 | D12: =C12-C11 -> -1242 | E12: =C12-152000 -> 187722 | F12: =D12/$D$2 -> -626.16587 | G12: 1913.5 | H12: 280 | I12: =G12+H12 -> 2193.5 | J12: =IF(L12>0,L12,0) -> 472.23413 | K12: =I12+J12 -> 2665.7341 | L12: =F12-(I12-X12) -> 472.23413 | M12: 117.9 | N12: 0 | O12: 0 | P12: =M12-(N12+O12) -> 117.9 | Q12: 0 | R12: 20.1 | S12: =SUM(P12:R12) -> 138 | U12: 43 | V12: 3110.9 | W12: =W11 -> 10847 | X12: =N12+O12+S12+U12+V12 -> 3291.9 | Y12: =IF(L12<0,L12*-1,0) -> 0 | Z12: =X12+Y12 -> 3291.9 | AA12: 0 | AB12: 68 | AC12: 31 | AD12: =AD11+1 -> 3
A13: =A12+1 -> 4 | B13: 6914.26 | C13: 339307 | D13: =C13-C12 -> -415 | E13: =C13-152000 -> 187307 | F13: =D13/$D$2 -> -209.22612 | G13: 2046.1 | H13: 287.4 | I13: =G13+H13 -> 2333.5 | J13: =IF(L13>0,L13,0) -> 616.37388 | K13: =I13+J13 -> 2949.8739 | L13: =F13-(I13-X13) -> 616.37388 | M13: 121.3 | N13: 0 | O13: 0 | P13: =M13-(N13+O13) -> 121.3 | Q13: 32.7 | R13: 29 | S13: =SUM(P13:R13) -> 183 | U13: 66 | V13: 2910.1 | W13: =W12 -> 10847 | X13: =N13+O13+S13+U13+V13 -> 3159.1 | Y13: =IF(L13<0,L13*-1,0) -> 0 | Z13: =X13+Y13 -> 3159.1 | AA13: 0.03 | AB13: 60 | AC13: 36 | AD13: =AD12+1 -> 4
A14: =A13+1 -> 5 | B14: 6914.11 | C14: 338686 | D14: =C14-C13 -> -621 | E14: =C14-152000 -> 186686 | F14: =D14/$D$2 -> -313.08293 | G14: 2063 | H14: 297 | I14: =G14+H14 -> 2360 | J14: =IF(L14>0,L14,0) -> 381.01707 | K14: =I14+J14 -> 2741.0171 | L14: =F14-(I14-X14) -> 381.01707 | M14: 133.9 | N14: 0 | O14: 0 | P14: =M14-(N14+O14) -> 133.9 | Q14: 50.1 | R14: 33 | S14: =SUM(P14:R14) -> 217 | U14: 27 | V14: 2810.1 | W14: =W13 -> 10847 | X14: =N14+O14+S14+U14+V14 -> 3054.1 | Y14: =IF(L14<0,L14*-1,0) -> 0 | Z14: =X14+Y14 -> 3054.1 | AA14: 0.3 | AB14: 46 | AC14: 28 | AD14: =AD13+1 -> 5
A15: =A14+1 -> 6 | B15: 6913.61 | C15: 336628 | D15: =C15-C14 -> -2058 | E15: =C15-152000 -> 184628 | F15: =D15/$D$2 -> -1037.5599 | G15: 1619.4 | H15: 220.7 | I15: =G15+H15 -> 1840.1 | J15: =IF(L15>0,L15,0) -> 149.14013 | K15: =I15+J15 -> 1989.2401 | L15: =F15-(I15-X15) -> 149.14013 | M15: 143.1 | N15: 0 | O15: 0 | P15: =M15-(N15+O15) -> 143.1 | Q15: 50.1 | R15: 38.9 | S15: =SUM(P15:R15) -> 232.1 | U15: 7.1 | V15: 2787.6 | W15: =W14 -> 10847 | X15: =N15+O15+S15+U15+V15 -> 3026.8 | Y15: =IF(L15<0,L15*-1,0) -> 0 | Z15: =X15+Y15 -> 3026.8 | AA15: 0.06 | AB15: 48 | AC15: 28 | AD15: =AD14+1 -> 6
A16: =A15+1 -> 7 | B16: 6913.53 | C16: 336298 | D16: =C16-C15 -> -330 | E16: =C16-152000 -> 184298 | F16: =D16/$D$2 -> -166.37257 | G16: 1526.5 | H16: 214.8 | I16: =G16+H16 -> 1741.3 | J16: =IF(L16>0,L16,0) -> 895.12743 | K16: =I16+J16 -> 2636.4274 | L16: =F16-(I16-X16) -> 895.12743 | M16: 143 | N16: 0 | O16: 0 | P16: =M16-(N16+O16) -> 143 | Q16: 75.2 | R16: 42.7 | S16: =SUM(P16:R16) -> 260.9 | U16: 5.5 | V16: 2536.4 | W16: =W15 -> 10847 | X16: =N16+O16+S16+U16+V16 -> 2802.8 | Y16: =IF(L16<0,L16*-1,0) -> 0 | Z16: =X16+Y16 -> 2802.8 | AA16: 0.46 | AB16: 56 | AC16: 32 | AD16: =AD15+1 -> 7
A17: =A16+1 -> 8 | B17: 6913.11 | C17: 334573 | D17: =C17-C16 -> -1725 | E17: =C17-152000 -> 182573 | F17: =D17/$D$2 -> -869.67482 | G17: 1380.9 | H17: 211.1 | I17: =G17+H17 -> 1592 | J17: =IF(L17>0,L17,0) -> 247.42518 | K17: =I17+J17 -> 1839.4252 | L17: =F17-(I17-X17) -> 247.42518 | M17: 142.6 | N17: 0 | O17: 0 | P17: =M17-(N17+O17) -> 142.6 | Q17: 99 | R17: 42.4 | S17: =SUM(P17:R17) -> 284 | U17: 0 | V17: 2425.1 | W17: =W16 -> 10847 | X17: =N17+O17+S17+U17+V17 -> 2709.1 | Y17: =IF(L17<0,L17*-1,0) -> 0 | Z17: =X17+Y17 -> 2709.1 | AA17: 0.18 | AB17: 40 | AC17: 32 | AD17: =AD16+1 -> 8
A18: =A17+1 -> 9 | B18: 6912.61 | C18: 332531 | D18: =C18-C17 -> -2042 | E18: =C18-152000 -> 180531 | F18: =D18/$D$2 -> -1029.4933 | G18: 1185 | H18: 159.7 | I18: =G18+H18 -> 1344.7 | J18: =IF(L18>0,L18,0) -> 309.10668 | K18: =I18+J18 -> 1653.8067 | L18: =F18-(I18-X18) -> 309.10668 | M18: 143.7 | N18: 0 | O18: 0 | P18: =M18-(N18+O18) -> 143.7 | Q18: 99.3 | R18: 42 | S18: =SUM(P18:R18) -> 285 | U18: 4 | V18: 2394.3 | W18: =W17 -> 10847 | X18: =N18+O18+S18+U18+V18 -> 2683.3 | Y18: =IF(L18<0,L18*-1,0) -> 0 | Z18: =X18+Y18 -> 2683.3 | AA18: 0 | AB18: 58 | AC18: 28 | AD18: =AD17+1 -> 9
A19: =A18+1 -> 10 | B19: 6912.16 | C19: 330697 | D19: =C19-C18 -> -1834 | E19: =C19-152000 -> 178697 | F19: =D19/$D$2 -> -924.62818 | G19: 1195.4 | H19: 155.2 | I19: =G19+H19 -> 1350.6 | J19: =IF(L19>0,L19,0) -> 371.27182 | K19: =I19+J19 -> 1721.8718 | L19: =F19-(I19-X19) -> 371.27182 | M19: 146.4 | N19: 0 | O19: 0 | P19: =M19-(N19+O19) -> 146.4 | Q19: 99.5 | R19: 46 | S19: =SUM(P19:R19) -> 291.9 | U19: 0 | V19: 2354.6 | W19: =W18 -> 10847 | X19: =N19+O19+S19+U19+V19 -> 2646.5 | Y19: =IF(L19<0,L19*-1,0) -> 0 | Z19: =X19+Y19 -> 2646.5 | AA19: 0 | AB19: 72 | AC19: 32 | AD19: =AD18+1 -> 10
A20: =A19+1 -> 11 | B20: 6912.18 | C20: 330778 | D20: =C20-C19 -> 81 | E20: =C20-152000 -> 178778 | F20: =D20/$D$2 -> 40.836904 | G20: 1518.8 | H20: 167.7 | I20: =G20+H20 -> 1686.5 | J20: =IF(L20>0,L20,0) -> 778.6369 | K20: =I20+J20 -> 2465.1369 | L20: =F20-(I20-X20) -> 778.6369 | M20: 160.1 | N20: 0 | O20: 0 | P20: =M20-(N20+O20) -> 160.1 | Q20: 115.9 | R20: 52 | S20: =SUM(P20:R20) -> 328 | U20: 1 | V20: 2095.3 | W20: =W19 -> 10847 | X20: =N20+O20+S20+U20+V20 -> 2424.3 | Y20: =IF(L20<0,L20*-1,0) -> 0 | Z20: =X20+Y20 -> 2424.3 | AA20: 0 | AB20: 74 | AC20: 34 | AD20: =AD19+1 -> 11
A21: =A20+1 -> 12 | B21: 6912.36 | C21: 331512 | D21: =C21-C20 -> 734 | E21: =C21-152000 -> 179512 | F21: =D21/$D$2 -> 370.05294 | G21: 2065 | H21: 354 | I21: =G21+H21 -> 2419 | J21: =IF(L21>0,L21,0) -> 522.95294 | K21: =I21+J21 -> 2941.9529 | L21: =F21-(I21-X21) -> 522.95294 | M21: 168.4 | N21: 0 | O21: 0 | P21: =M21-(N21+O21) -> 168.4 | Q21: 123.3 | R21: 57.3 | S21: =SUM(P21:R21) -> 349 | U21: 4.5 | V21: 2218.4 | W21: =W20 -> 10847 | X21: =N21+O21+S21+U21+V21 -> 2571.9 | Y21: =IF(L21<0,L21*-1,0) -> 0 | Z21: =X21+Y21 -> 2571.9 | AA21: 0 | AB21: 74 | AC21: 34 | AD21: =AD20+1 -> 12
A22: =A21+1 -> 13 | B22: 6912.61 | C22: 332531 | D22: =C22-C21 -> 1019 | E22: =C22-152000 -> 180531 | F22: =D22/$D$2 -> 513.73834 | G22: 2404.2 | H22: 403.9 | I22: =G22+H22 -> 2808.1 | J22: =IF(L22>0,L22,0) -> 605.23834 | K22: =I22+J22 -> 3413.3383 | L22: =F22-(I22-X22) -> 605.23834 | M22: 156.5 | N22: 0 | O22: 0 | P22: =M22-(N22+O22) -> 156.5 | Q22: 121.4 | R22: 60.1 | S22: =SUM(P22:R22) -> 338 | U22: 0 | V22: 2561.6 | W22: =W21 -> 10847 | X22: =N22+O22+S22+U22+V22 -> 2899.6 | Y22: =IF(L22<0,L22*-1,0) -> 0 | Z22: =X22+Y22 -> 2899.6 | AA22: 0.17 | AB22: 73 | AC22: 42 | AD22: =AD21+1 -> 13
... A36: =A35+1 -> 27 | B36: 6918.11 | C36: 355464 | D36: =C36-C35 -> 4878 | E36: =C36-152000 -> 203464 | F36: =D36/$D$2 -> 2459.2891 | G36: 5118.2 | H36: 325.7 | I36: =G36+H36 -> 5443.9 | J36: =IF(L36>0,L36,0) -> 0 | K36: =I36+J36 -> 5443.9 | L36: =F36-(I36-X36) -> -137.11086 | M36: 203.9 | N36: 0 | O36: 0 | P36: =M36-(N36+O36) -> 203.9 | Q36: 147.6 | R36: 86.5 | S36: =SUM(P36:R36) -> 438 | U36: 72.1 | V36: 2337.4 | W36: =W35 -> 10847 | X36: =N36+O36+S36+U36+V36 -> 2847.5 | Y36: =IF(L36<0,L36*-1,0) -> 137.11086 | Z36: =X36+Y36 -> 2984.6109 | AA36: 0.14 | AB36: 65 | AC36: 51 | AD36: =AD35+1 -> 27
A37: 28 | B37: 6918.69 | C37: 357942 | D37: =C37-C36 -> 2478 | E37: =C37-152000 -> 205942 | F37: =D37/$D$2 -> 1249.3068 | G37: 4633.5 | H37: 318.8 | I37: =G37+H37 -> 4952.3 | J37: =IF(L37>0,L37,0) -> 0 | K37: =I37+J37 -> 4952.3 | L37: =F37-(I37-X37) -> -374.69322 | M37: 219.3 | N37: 0 | O37: 0 | P37: =M37-(N37+O37) -> 219.3 | Q37: 163.4 | R37: 86.3 | S37: =SUM(P37:R37) -> 469 | U37: 69.6 | V37: 2789.7 | W37: =W36 -> 10847 | X37: =N37+O37+S37+U37+V37 -> 3328.3 | Y37: =IF(L37<0,L37*-1,0) -> 374.69322 | Z37: =X37+Y37 -> 3702.9932 | AA37: 0.01 | AB37: 73 | AC37: 45 | AD37: 28
A38: 29 | B38: 6919.1 | C38: 359698 | D38: =C38-C37 -> 1756 | E38: =C38-152000 -> 207698 | F38: =D38/$D$2 -> 885.30376 | G38: 3778.7 | H38: 253.1 | I38: =G38+H38 -> 4031.8 | J38: =IF(L38>0,L38,0) -> 404.20376 | K38: =I38+J38 -> 4436.0038 | L38: =F38-(I38-X38) -> 404.20376 | M38: 211.6 | N38: 0 | O38: 0 | P38: =M38-(N38+O38) -> 211.6 | Q38: 171.4 | R38: 87 | S38: =SUM(P38:R38) -> 470 | U38: 75.6 | V38: 3005.1 | W38: =W37 -> 10847 | X38: =N38+O38+S38+U38+V38 -> 3550.7 | Y38: =IF(L38<0,L38*-1,0) -> 0 | Z38: =X38+Y38 -> 3550.7 | AA38: 0 | AB38: 73 | AC38: 47 | AD38: 29
A39: 30 | B39: 6919.52 | C39: 361506 | D39: =C39-C38 -> 1808 | E39: =C39-152000 -> 209506 | F39: =D39/$D$2 -> 911.52004 | G39: 3810.1 | H39: 239 | I39: =G39+H39 -> 4049.1 | J39: =IF(L39>0,L39,0) -> 192.02004 | K39: =I39+J39 -> 4241.12 | L39: =F39-(I39-X39) -> 192.02004 | M39: 203.5 | N39: 0 | O39: 0 | P39: =M39-(N39+O39) -> 203.5 | Q39: 171.8 | R39: 85.6 | S39: =SUM(P39:R39) -> 460.9 | U39: 73.6 | V39: 2795.1 | W39: =W38 -> 10847 | X39: =N39+O39+S39+U39+V39 -> 3329.6 | Y39: =IF(L39<0,L39*-1,0) -> 0 | Z39: =X39+Y39 -> 3329.6 | AA39: 0 | AB39: 78 | AC39: 46 | AD39: 30
A40: 31 | B40: 6920.1 | C40: 364008 | D40: =C40-C39 -> 2502 | E40: =C40-152000 -> 212008 | F40: =D40/$D$2 -> 1261.4066 | G40: 4247.3 | H40: 231.2 | I40: =G40+H40 -> 4478.5 | J40: =IF(L40>0,L40,0) -> 0 | K40: =I40+J40 -> 4478.5 | L40: =F40-(I40-X40) -> -64.993396 | M40: 194.3 | N40: 0 | O40: 0 | P40: =M40-(N40+O40) -> 194.3 | Q40: 172.2 | R40: 91.5 | S40: =SUM(P40:R40) -> 458 | U40: 80 | V40: 2614.1 | W40: =W39 -> 10847 | X40: =N40+O40+S40+U40+V40 -> 3152.1 | Y40: =IF(L40<0,L40*-1,0) -> 64.993396 | Z40: =X40+Y40 -> 3217.0934 | AA40: 0 | AB40: 80 | AC40: 46 | AD40: 31
A42: MONTH / CFS | F42: =SUM(F10:F40) -> 10150.239 | G42: =SUM(G10:G40) -> 91402.8 | H42: =SUM(H10:H40) -> 9822.3 | I42: =SUM(I10:I40) -> 101225.1 | J42: =SUM(J10:J40) -> 14643.288 | K42: =SUM(K10:K40) -> 115868.39 | L42: =SUM(L10:L40) -> 13546.599 | M42: =SUM(M10:M40) -> 4913.76 | ... S42: =SUM(S10:S40) -> 10249.86 | U42: =SUM(U10:U40) -> 1150.1 | V42: =SUM(V10:V40) -> 93221.5 | X42: =SUM(X10:X40) -> 104621.46 | Y42: =SUM(Y10:Y40) -> 1096.689 | Z42: =SUM(Z10:Z40) -> 105718.15 | AA42: =SUM(AA10:AA40) -> 2 | AB42: =AVERAGE(AB10:AB40) -> 67.516129 | AC42: =AVERAGE(AC10:AC40) -> 39.096774 | AD42: AVG
A43: MONTH / AF | D43: =SUM(D10:D40) -> 20133 | F43: =F42*$D$2 -> 20133 | G43: =G42*$D$2 -> 181297.45 | H43: =H42*$D$2 -> 19482.532 | I43: =I42*$D$2 -> 200779.99 | J43: =J42*$D$2 -> 29044.963 | K43: =K42*$D$2 -> 229824.95 | L43: =L42*$D$2 -> 26869.68 | M43: =M42*$D$2 -> 9746.443 | ... S43: =S42*$D$2 -> 20330.597 | U43: =U42*$D$2 -> 2281.2234 | V43: =V42*$D$2 -> 184904.85 | X43: =X42*$D$2 -> 207516.67 | Y43: =Y42*$D$2 -> 2175.2825 | Z43: =Z42*$D$2 -> 209691.95 | AB43: =MAX(AB10:AB40) -> 80 | AC43: =MAX(AC10:AC40) -> 51 | AD43: HI
A45: SEASON / CFS | F45: =F7+F42 -> 18082.178 | G45: =G7+G42 -> 119998.6 | H45: =H7+H42 -> 15946.6 | I45: =I7+I42 -> 135945.2 | J45: =J7+J42 -> 41370.527 | K45: =K7+K42 -> 177315.73 | L45: =L7+L42 -> 40273.838 | M45: =M7+M42 -> 5687.96 | ... S45: =S7+S42 -> 11039.26 | T45: =T40+T42 -> 0 | U45: =U7+U42 -> 1180.1 | V45: =V7+V42 -> 145917.5 | W45: =W40 -> 10847 | X45: =X7+X42 -> 158136.86 | Y45: =Y7+Y42 -> 1096.689 | Z45: =Z7+Z42 -> 159233.55 | AB45: =MIN(AB10:AB40) -> 40 | AC45: =MIN(AC10:AC40) -> 28 | AD45: LO
A46: SEASON / AF | F46: =F45*$D$2 -> 35866 | G46: =G45*$D$2 -> 238017.22 | H46: =H45*$D$2 -> 31630.081 | I46: =I45*$D$2 -> 269647.3 | J46: =J45*$D$2 -> 82058.44 | K46: =K45*$D$2 -> 351705.74 | L46: =L45*$D$2 -> 79883.158 | M46: =M45*$D$2 -> 11282.069 | ... V46: =V45*$D$2 -> 289427.36 | W46: =W45*D2 -> 21515.024 | X46: =X45*$D$2 -> 313664.46 | Y46: =Y45*$D$2 -> 2175.2825 | Z46: =Z45*$D$2 -> 315839.74
A48: YTD / CFS | F48: =F8+F42 -> 30265.188 | G48: =G8+G42 -> 137605.2 | H48: =H8+H42 -> 19126.2 | I48: =I8+I42 -> 156731.4 | J48: =J8+J42 -> 48911.366 | K48: =K8+K42 -> 205642.77 | L48: =L8+L42 -> 46809.748 | M48: =M8+M42 -> 6776.26 | ... S48: =S8+S42 -> 12306.18 | U48: =U8+U42 -> 1180.1 | V48: =V8+V42 -> 159789.6 | W48: =W40 -> 10847 | X48: =X8+X42 -> 173275.96 | Y48: =Y8+Y42 -> 2101.618 | Z48: =Z8+Z42 -> 175377.58 | AA48: =AA8+AA42 -> 13.67
A49: YTD / AF | D49: =D8+D43 -> 60031 | E49: =E40 -> 212008 | F49: =F48*$D$2 -> 60031 | G49: =G48*$D$2 -> 272939.91 | H49: =H48*$D$2 -> 37936.818 | I49: =I48*$D$2 -> 310876.73 | J49: =J48*$D$2 -> 97015.694 | K49: =K48*$D$2 -> 407892.43 | L49: =L48*$D$2 -> 92847.135 | M49: =M48*$D$2 -> 13440.712 | ... Z49: =Z48*$D$2 -> 347861.43

Sheet JUN
K1: MC PHEE RESERVOIR IN/OUT FLOW TABULATION
A2: AF/cfs CONVERT FACTOR | D2: 1.9835 | K2: JUNE "1993"
A4: DATE | B4: RESERV | C4: RESERV | D4: AC FT | E4: ACTIVE | F4: CONV TO | G4: DOLORES | H4: LOST | I4: RECORDED | J4: CALC | K4: TOTAL | L4: CALC | M4: DOLORES TUNNEL | Q4: LONE | R4: U | S4: TOTAL | T4: MVI | U4: DV CR | V4: BELOW | W4: REMAIN | X4: RECORDED | Y4: CALC | Z4: TOTAL | AA4: RAIN | AB4: MAX | AC4: MIN | AD4: DATE
A5: "JUN" | B5: ELEV | C5: AC FT | D5: CHANGE | E5: CAP | F5: CFS | G5: RIVER | H5: CANYON | I5: INFLOW | J5: INFLOW | K5: INFLOW | L5: INF/OTF | M5: TOT DIV | N5: WETLAND | O5: UTE F&R | P5: MVI/CTZ/MWC | Q5: PINE | R5: LAT | S5: MVI | T5: CALL | U5: CANAL | V5: MC PHEE | W5: RELEASE | X5: OUTFLOW | Y5: OUTFLOW | Z5: OUTFLOW | AB5: TMP | AC5: TMP | AD5: "JUN"
A7: SEASON BAL | F7: =MAY!F45 -> 18082.178 | G7: =MAY!G45 -> 119998.6 | H7: =MAY!H45 -> 15946.6 | I7: =MAY!I45 -> 135945.2 | J7: =MAY!J45 -> 41370.527 | K7: =MAY!K45 -> 177315.73 | L7: =MAY!L45 -> 40273.838 | M7: =MAY!M45 -> 5687.96 | ... V7: =MAY!V45 -> 145917.5 | X7: =MAY!X45 -> 158136.86 | Y7: =MAY!Y45 -> 1096.689 | Z7: =MAY!Z45 -> 159233.55
A8: YTD | B8: =MAY!B40 -> 6920.1 | C8: =MAY!C40 -> 364008 | D8: =MAY!D49 -> 60031 | E8: =MAY!E49 -> 212008 | F8: =MAY!F48 -> 30265.188 | G8: =MAY!G48 -> 137605.2 | H8: =MAY!H48 -> 19126.2 | I8: =MAY!I48 -> 156731.4 | J8: =MAY!J48 -> 48911.366 | K8: =MAY!K48 -> 205642.77 | L8: =MAY!L48 -> 46809.748 | M8: =MAY!M48 -> 6776.26 | ... AA8: =MAY!AA48 -> 13.67
O9: 0 | R9: 0
A10: 1 | B10: 6920.77 | C10: 366916 | D10: =C10-C8 -> 2908 | E10: =C10-152000 -> 214916 | F10: =D10/$D$2 -> 1466.0953 | G10: 4387.9 | H10: 216.7 | I10: =G10+H10 -> 4604.6 | J10: =IF(L10>0,L10,0) -> 0 | K10: =I10+J10 -> 4604.6 | L10: =F10-(I10-X10) -> -152.90471 | M10: 200.4 | N10: 0 | O10: 0 | P10: =M10-(N10+O10) -> 200.4 | Q10: 173.7 | R10: 82 | S10: =SUM(P10:R10) -> 456.1 | T10: 0 | U10: 65.6 | V10: 2463.9 | W10: =W8 -> 10847 | X10: =N10+O10+S10+U10+V10 -> 2985.6 | Y10: =IF(L10<0,L10*-1,0) -> 152.90471 | Z10: =X10+Y10 -> 3138.5047 | AA10: 0 | AB10: 78 | AC10: 48 | AD10: 1
A11: =A10+1 -> 2 | B11: 6921.18 | C11: 368703 | D11: =C11-C10 -> 1787 | E11: =C11-152000 -> 216703 | F11: =D11/$D$2 -> 900.93269 | G11: 3689.1 | H11: 188.8 | I11: =G11+H11 -> 3877.9 | J11: =IF(L11>0,L11,0) -> 0 | K11: =I11+J11 -> 3877.9 | L11: =F11-(I11-X11) -> -28.067305 | M11: 210.9 | N11: 0 | O11: 0 | P11: =M11-(N11+O11) -> 210.9 | Q11: 173.6 | R11: 89.5 | S11: =SUM(P11:R11) -> 474 | T11: 0 | U11: 65.6 | V11: 2409.3 | W11: =W10 -> 10847 | X11: =N11+O11+S11+U11+V11 -> 2948.9 | Y11: =IF(L11<0,L11*-1,0) -> 28.067305 | Z11: =X11+Y11 -> 2976.9673 | AA11: 0 | AB11: 72 | AC11: 46 | AD11: =AD10+1 -> 2
A12: =A11+1 -> 3 | B12: 6921.48 | C12: 370017 | D12: =C12-C11 -> 1314 | E12: =C12-152000 -> 218017 | F12: =D12/$D$2 -> 662.46534 | G12: 3154.1 | H12: 158.9 | I12: =G12+H12 -> 3313 | J12: =IF(L12>0,L12,0) -> 112.96534 | K12: =I12+J12 -> 3425.9653 | L12: =F12-(I12-X12) -> 112.96534 | M12: 212.7 | N12: 0 | O12: 0 | P12: =M12-(N12+O12) -> 212.7 | Q12: 173.4 | R12: 89.9 | S12: =SUM(P12:R12) -> 476 | T12: 0 | U12: 57.5 | V12: 2230 | W12: =W11 -> 10847 | X12: =N12+O12+S12+U12+V12 -> 2763.5 | Y12: =IF(L12<0,L12*-1,0) -> 0 | Z12: =X12+Y12 -> 2763.5 | AA12: 0 | AB12: 73 | AC12: 38 | AD12: =AD11+1 -> 3
A13: =A12+1 -> 4 | B13: 6921.69 | C13: 370936 | D13: =C13-C12 -> 919 | E13: =C13-152000 -> 218936 | F13: =D13/$D$2 -> 463.32241 | G13: 2518.5 | H13: 121.1 | I13: =G13+H13 -> 2639.6 | J13: =IF(L13>0,L13,0) -> 149.22241 | K13: =I13+J13 -> 2788.8224 | L13: =F13-(I13-X13) -> 149.22241 | M13: 218.7 | N13: 0 | O13: 0 | P13: =M13-(N13+O13) -> 218.7 | Q13: 172.4 | R13: 90.9 | S13: =SUM(P13:R13) -> 482 | T13: 0 | U13: 53.5 | V13: 1790 | W13: =W12 -> 10847 | X13: =N13+O13+S13+U13+V13 -> 2325.5 | Y13: =IF(L13<0,L13*-1,0) -> 0 | Z13: =X13+Y13 -> 2325.5 | AA13: 0 | AB13: 69 | AC13: 42 | AD13: =AD12+1 -> 4
A14: =A13+1 -> 5 | B14: 6921.87 | C14: 371724 | D14: =C14-C13 -> 788 | E14: =C14-152000 -> 219724 | F14: =D14/$D$2 -> 397.27754 | G14: 2080.7 | H14: 100.7 | I14: =G14+H14 -> 2181.4 | J14: =IF(L14>0,L14,0) -> 152.27754 | K14: =I14+J14 -> 2333.6775 | L14: =F14-(I14-X14) -> 152.27754 | M14: 225.6 | N14: 0 | O14: 0 | P14: =M14-(N14+O14) -> 225.6 | Q14: 173.8 | R14: 91.6 | S14: =SUM(P14:R14) -> 491 | T14: 0 | U14: 49.9 | V14: 1395.5 | W14: =W13 -> 10847 | X14: =N14+O14+S14+U14+V14 -> 1936.4 | Y14: =IF(L14<0,L14*-1,0) -> 0 | Z14: =X14+Y14 -> 1936.4 | AA14: 0 | AB14: 72 | AC14: 51 | AD14: 5
A15: =A14+1 -> 6 | B15: 6922.03 | C15: 372382 | D15: =C15-C14 -> 658 | E15: =C15-152000 -> 220382 | F15: =D15/$D$2 -> 331.73683 | G15: 2088.9 | H15: 93.2 | I15: =G15+H15 -> 2182.1 | J15: =IF(L15>0,L15,0) -> 1.0368288 | K15: =I15+J15 -> 2183.1368 | L15: =F15-(I15-X15) -> 1.0368288 | M15: 233.9 | N15: 0 | O15: 0 | P15: =M15-(N15+O15) -> 233.9 | Q15: 172.4 | R15: 90.7 | S15: =SUM(P15:R15) -> 497 | T15: 0 | U15: 41.9 | V15: 1312.5 | W15: =W14 -> 10847 | X15: =N15+O15+S15+U15+V15 -> 1851.4 | Y15: =IF(L15<0,L15*-1,0) -> 0 | Z15: =X15+Y15 -> 1851.4 | AA15: 0.17 | AB15: 62 | AC15: 53 | AD15: =AD14+1 -> 6
A16: =A15+1 -> 7 | B16: 6922.12 | C16: 372823 | D16: =C16-C15 -> 441 | E16: =C16-152000 -> 220823 | F16: =D16/$D$2 -> 222.33426 | G16: 1875.3 | H16: 85.5 | I16: =G16+H16 -> 1960.8 | J16: =IF(L16>0,L16,0) -> 87.934258 | K16: =I16+J16 -> 2048.7343 | L16: =F16-(I16-X16) -> 87.934258 | M16: 212.7 | N16: 0 | O16: 0 | P16: =M16-(N16+O16) -> 212.7 | Q16: 171.9 | R16: 90.4 | S16: =SUM(P16:R16) -> 475 | T16: 0 | U16: 35.3 | V16: 1316.1 | W16: =W15 -> 10847 | X16: =N16+O16+S16+U16+V16 -> 1826.4 | Y16: =IF(L16<0,L16*-1,0) -> 0 | Z16: =X16+Y16 -> 1826.4 | AA16: 0 | AB16: 64 | AC16: 28 | AD16: =AD15+1 -> 7
A17: =A16+1 -> 8 | B17: 6922.2 | C17: 373177 | D17: =C17-C16 -> 354 | E17: =C17-152000 -> 221177 | F17: =D17/$D$2 -> 178.4724 | G17: 1648.6 | H17: 75.5 | I17: =G17+H17 -> 1724.1 | J17: =IF(L17>0,L17,0) -> 284.5724 | K17: =I17+J17 -> 2008.6724 | L17: =F17-(I17-X17) -> 284.5724 | M17: 200 | N17: 0 | O17: 0 | P17: =M17-(N17+O17) -> 200 | Q17: 172.9 | R17: 89.1 | S17: =SUM(P17:R17) -> 462 | T17: 0 | U17: 48.4 | V17: 1319.8 | W17: =W16 -> 10847 | X17: =N17+O17+S17+U17+V17 -> 1830.2 | Y17: =IF(L17<0,L17*-1,0) -> 0 | Z17: =X17+Y17 -> 1830.2 | AA17: 0 | AB17: 66 | AC17: 32 | AD17: =AD16+1 -> 8
A18: =A17+1 -> 9 | B18: 6922.2 | C18: 373177 | D18: =C18-C17 -> 0 | E18: =C18-152000 -> 221177 | F18: =D18/$D$2 -> 0 | G18: 1484.4 | H18: 67.8 | I18: =G18+H18 -> 1552.2 | J18: =IF(L18>0,L18,0) -> 0 | K18: =I18+J18 -> 1552.2 | L18: =F18-(I18-X18) -> -1.9 | M18: 206.1 | N18: 0 | O18: 0 | P18: =M18-(N18+O18) -> 206.1 | Q18: 172.5 | R18: 88.4 | S18: =SUM(P18:R18) -> 467 | T18: 0 | U18: 46.9 | V18: 1036.4 | W18: =W17 -> 10847 | X18: =N18+O18+S18+U18+V18 -> 1550.3 | Y18: =IF(L18<0,L18*-1,0) -> 1.9 | Z18: =X18+Y18 -> 1552.2 | AA18: 0.13 | AB18: 65 | AC18: 36 | AD18: =AD17+1 -> 9
A19: =A18+1 -> 10 | B19: 6922.07 | C19: 372603 | D19: =C19-C18 -> -574 | E19: =C19-152000 -> 220603 | F19: =D19/$D$2 -> -289.38745 | G19: 1345.4 | H19: 63.9 | I19: =G19+H19 -> 1409.3 | J19: =IF(L19>0,L19,0) -> 0 | K19: =I19+J19 -> 1409.3 | L19: =F19-(I19-X19) -> -102.78745 | M19: 253.7 | N19: 0 | O19: 0 | P19: =M19-(N19+O19) -> 253.7 | Q19: 361.8 | R19: 84.5 | S19: =SUM(P19:R19) -> 700 | T19: 0 | U19: 35.8 | V19: 860.1 | W19: =W18 -> 10847 | X19: =N19+O19+S19+U19+V19 -> 1595.9 | Y19: =IF(L19<0,L19*-1,0) -> 102.78745 | Z19: =X19+Y19 -> 1698.6874 | AA19: 0 | AB19: 73 | AC19: 36 | AD19: =AD18+1 -> 10
A20: =A19+1 -> 11 | B20: 6922.23 | C20: 373309 | D20: =C20-C19 -> 706 | E20: =C20-152000 -> 221309 | F20: =D20/$D$2 -> 355.93648 | G20: 1441.4 | H20: 55.5 | I20: =G20+H20 -> 1496.9 | J20: =IF(L20>0,L20,0) -> 272.23648 | K20: =I20+J20 -> 1769.1365 | L20: =F20-(I20-X20) -> 272.23648 | M20: 222.2 | N20: 0 | O20: 0 | P20: =M20-(N20+O20) -> 222.2 | Q20: 238.4 | R20: 83.4 | S20: =SUM(P20:R20) -> 544 | T20: 0 | U20: 37.3 | V20: 831.9 | W20: =W19 -> 10847 | X20: =N20+O20+S20+U20+V20 -> 1413.2 | Y20: =IF(L20<0,L20*-1,0) -> 0 | Z20: =X20+Y20 -> 1413.2 | AA20: 0 | AB20: 77 | AC20: 44 | AD20: =AD19+1 -> 11
A21: =A20+1 -> 12 | B21: 6922.57 | C21: 374810 | D21: =C21-C20 -> 1501 | E21: =C21-152000 -> 222810 | F21: =D21/$D$2 -> 756.74313 | G21: 1778.5 | H21: 49.2 | I21: =G21+H21 -> 1827.7 | J21: =IF(L21>0,L21,0) -> 267.84313 | K21: =I21+J21 -> 2095.5431 | L21: =F21-(I21-X21) -> 267.84313 | M21: 208 | N21: 0 | O21: 0 | P21: =M21-(N21+O21) -> 208 | Q21: 155.8 | R21: 85.2 | S21: =SUM(P21:R21) -> 449 | T21: 0 | U21: 52.4 | V21: 837.4 | W21: =W20 -> 10847 | X21: =N21+O21+S21+U21+V21 -> 1338.8 | Y21: =IF(L21<0,L21*-1,0) -> 0 | Z21: =X21+Y21 -> 1338.8 | AA21: 0 | AB21: 82 | AC21: 44 | AD21: =AD20+1 -> 12
A22: =A21+1 -> 13 | B22: 6923.15 | C22: 377376 | D22: =C22-C21 -> 2566 | E22: =C22-152000 -> 225376 | F22: =D22/$D$2 -> 1293.6728 | G22: 2327.3 | H22: 51.4 | I22: =G22+H22 -> 2378.7 | J22: =IF(L22>0,L22,0) -> 242.6728 | K22: =I22+J22 -> 2621.3728 | L22: =F22-(I22-X22) -> 242.6728 | M22: 201.6 | N22: 0 | O22: 0 | P22: =M22-(N22+O22) -> 201.6 | Q22: 155.4 | R22: 84 | S22: =SUM(P22:R22) -> 441 | T22: 0 | U22: 44.9 | V22: 841.8 | W22: =W21 -> 10847 | X22: =N22+O22+S22+U22+V22 -> 1327.7 | Y22: =IF(L22<0,L22*-1,0) -> 0 | Z22: =X22+Y22 -> 1327.7 | AA22: 0 | AB22: 84 | AC22: 46 | AD22: =AD21+1 -> 13
A23: =A22+1 -> 14 | B23: 6923.56 | C23: 379201 | D23: =C23-C22 -> 1825 | E23: =C23-152000 -> 227201 | F23: =D23/$D$2 -> 920.09075 | G23: 2768.7 | H23: 48.8 | I23: =G23+H23 -> 2817.5 | J23: =IF(L23>0,L23,0) -> 0 | K23: =I23+J23 -> 2817.5 | L23: =F23-(I23-X23) -> -119.40925 | M23: 201.4 | N23: 0 | O23: 0 | P23: =M23-(N23+O23) -> 201.4 | Q23: 155.9 | R23: 84.7 | S23: =SUM(P23:R23) -> 442 | T23: 0 | U23: 48.9 | V23: 1287.1 | W23: =W22 -> 10847 | X23: =N23+O23+S23+U23+V23 -> 1778 | Y23: =IF(L23<0,L23*-1,0) -> 119.40925 | Z23: =X23+Y23 -> 1897.4093 | AA23: 0 | AB23: 86 | AC23: 46 | AD23: =AD22+1 -> 14
A24: =A23+1 -> 15 | B24: 6923.65 | C24: 379602 | D24: =C24-C23 -> 401 | E24: =C24-152000 -> 227602 | F24: =D24/$D$2 -> 202.16789 | G24: 2944.5 | H24: 11.4 | I24: =G24+H24 -> 2955.9 | J24: =IF(L24>0,L24,0) -> 0 | K24: =I24+J24 -> 2955.9 | L24: =F24-(I24-X24) -> -59.732115 | M24: 220.1 | N24: 0 | O24: 0 | P24: =M24-(N24+O24) -> 220.1 | Q24: 156.6 | R24: 84.3 | S24: =SUM(P24:R24) -> 461 | T24: 0 | U24: 57 | V24: 2176 | W24: =W23 -> 10847 | X24: =N24+O24+S24+U24+V24 -> 2694 | Y24: =IF(L24<0,L24*-1,0) -> 59.732115 | Z24: =X24+Y24 -> 2753.7321 | AA24: 0 | AB24: 84 | AC24: 44 | AD24: =AD23+1 -> 15
A25: =A24+1 -> 16 | B25: 6923.73 | C25: 379958 | D25: =C25-C24 -> 356 | E25: =C25-152000 -> 227958 | F25: =D25/$D$2 -> 179.48072 | G25: 3058.6 | H25: 7.3 | I25: =G25+H25 -> 3065.9 | J25: =IF(L25>0,L25,0) -> 151.48072 | K25: =I25+J25 -> 3217.3807 | L25: =F25-(I25-X25) -> 151.48072 | M25: 204.5 | N25: 0 | O25: 0 | P25: =M25-(N25+O25) -> 204.5 | Q25: 156.7 | R25: 82.8 | S25: =SUM(P25:R25) -> 444 | T25: 0 | U25: 64 | V25: 2529.9 | W25: =W24 -> 10847 | X25: =N25+O25+S25+U25+V25 -> 3037.9 | Y25: =IF(L25<0,L25*-1,0) -> 0 | Z25: =X25+Y25 -> 3037.9 | AA25: 0.04 | AB25: 82 | AC25: 52 | AD25: =AD24+1 -> 16
A26: =A25+1 -> 17 | B26: 6923.65 | C26: 379602 | D26: =C26-C25 -> -356 | E26: =C26-152000 -> 227602 | F26: =D26/$D$2 -> -179.48072 | G26: 2843.8 | H26: 6.5 | I26: =G26+H26 -> 2850.3 | J26: =IF(L26>0,L26,0) -> 0 | K26: =I26+J26 -> 2850.3 | L26: =F26-(I26-X26) -> -18.780716 | M26: 207.8 | N26: 0 | O26: 0 | P26: =M26-(N26+O26) -> 207.8 | Q26: 156.7 | R26: 78.5 | S26: =SUM(P26:R26) -> 443 | T26: 0 | U26: 59 | V26: 2509 | W26: =W25 -> 10847 | X26: =N26+O26+S26+U26+V26 -> 3011 | Y26: =IF(L26<0,L26*-1,0) -> 18.780716 | Z26: =X26+Y26 -> 3029.7807 | AA26: 0 | AB26: 76 | AC26: 49 | AD26: =AD25+1 -> 17
... A38: =A37+1 -> 29 | B38: 6924.01 | C38: 381160 | D38: =C38-C37 -> 445 | E38: =C38-152000 -> 229160 | F38: =D38/$D$2 -> 224.35089 | G38: 1513.1 | H38: 1.9 | I38: =G38+H38 -> 1515 | J38: =IF(L38>0,L38,0) -> 0 | K38: =I38+J38 -> 1515 | L38: =F38-(I38-X38) -> -24.349105 | M38: 224.2 | N38: 0 | O38: 0 | P38: =M38-(N38+O38) -> 224.2 | Q38: 145.8 | R38: 77.1 | S38: =SUM(P38:R38) -> 447.1 | T38: 0 | U38: 177 | V38: 642.2 | W38: =W37 -> 10847 | X38: =N38+O38+S38+U38+V38 -> 1266.3 | Y38: =IF(L38<0,L38*-1,0) -> 24.349105 | Z38: =X38+Y38 -> 1290.6491 | AA38: 0 | AB38: 86 | AC38: 48 | AD38: =AD37+1 -> 29
A39: =A38+1 -> 30 | B39: 6924.06 | C39: 381429 | D39: =C39-C38 -> 269 | E39: =C39-152000 -> 229429 | F39: =D39/$D$2 -> 135.61886 | G39: 1514.5 | H39: 1.7 | I39: =G39+H39 -> 1516.2 | J39: =IF(L39>0,L39,0) -> 0 | K39: =I39+J39 -> 1516.2 | L39: =F39-(I39-X39) -> -100.88114 | M39: 237.3 | N39: 0 | O39: 0 | P39: =M39-(N39+O39) -> 237.3 | Q39: 145.1 | R39: 76.7 | S39: =SUM(P39:R39) -> 459.1 | T39: 0 | U39: 177.5 | V39: 643.1 | W39: =W38 -> 10847 | X39: =N39+O39+S39+U39+V39 -> 1279.7 | Y39: =IF(L39<0,L39*-1,0) -> 100.88114 | Z39: =X39+Y39 -> 1380.5811 | AA39: 0 | AB39: 86 | AC39: 44 | AD39: 30
H40: 0.29
A41: MONTH / CFS | F41: =SUM(F10:F39) -> 8782.9594 | G41: =SUM(G10:G39) -> 65550.5 | H41: =SUM(H10:H39) -> 1445.4 | I41: =SUM(I10:I39) -> 66995.9 | J41: =SUM(J10:J39) -> 2918.774 | K41: =SUM(K10:K39) -> 69914.674 | L41: =SUM(L10:L39) -> 2230.5494 | M41: =SUM(M10:M39) -> 6496.8 | ... S41: =SUM(S10:S39) -> 14036.49 | U41: =SUM(U10:U39) -> 2470.6 | V41: =SUM(V10:V39) -> 43936.4 | X41: =SUM(X10:X39) -> 60443.49 | Y41: =SUM(Y10:Y39) -> 688.22463 | Z41: =SUM(Z10:Z39) -> 61131.715 | AA41: =SUM(AA10:AA39) -> 0.34 | AB41: =AVERAGE(AB10:AB39) -> 77.5 | AC41: =AVERAGE(AC10:AC39) -> 43.8 | AD41: AVG
A42: MONTH / AF | D42: =SUM(D10:D39) -> 17421 | F42: =F41*$D$2 -> 17421 | G42: =G41*$D$2 -> 130019.42 | H42: =H41*$D$2 -> 2866.9509 | I42: =I41*$D$2 -> 132886.37 | J42: =J41*$D$2 -> 5789.3883 | K42: =K41*$D$2 -> 138675.76 | L42: =L41*$D$2 -> 4424.2948 | M42: =M41*$D$2 -> 12886.403 | ... S42: =S41*$D$2 -> 27841.378 | U42: =U41*$D$2 -> 4900.4351 | V42: =V41*$D$2 -> 87147.849 | X42: =X41*$D$2 -> 119889.66 | Y42: =Y41*$D$2 -> 1365.0936 | Z42: =Z41*$D$2 -> 121254.76 | AB42: =MAX(AB10:AB39) -> 86 | AC42: =MAX(AC10:AC39) -> 53 | AD42: HI
A44: SEASON / CFS | F44: =F7+F41 -> 26865.137 | G44: =G7+G41 -> 185549.1 | H44: =H7+H41 -> 17392 | I44: =I7+I41 -> 202941.1 | J44: =J7+J41 -> 44289.301 | K44: =K7+K41 -> 247230.4 | L44: =L7+L41 -> 42504.387 | M44: =M7+M41 -> 12184.76 | ... S44: =S7+S41 -> 25075.75 | T44: 0 | U44: =U7+U41 -> 3650.7 | V44: =V7+V41 -> 189853.9 | W44: =W39 -> 10847 | X44: =X7+X41 -> 218580.35 | Y44: =Y7+Y41 -> 1784.9136 | Z44: =Z7+Z41 -> 220365.26 | AB44: =MIN(AB10:AB39) -> 62 | AC44: =MIN(AC10:AC39) -> 28 | AD44: LO
A45: SEASON / AF | F45: =F44*$D$2 -> 53287 | G45: =G44*$D$2 -> 368036.64 | H45: =H44*$D$2 -> 34497.032 | I45: =I44*$D$2 -> 402533.67 | J45: =J44*$D$2 -> 87847.828 | K45: =K44*$D$2 -> 490381.5 | L45: =L44*$D$2 -> 84307.452 | M45: =M44*$D$2 -> 24168.471 | ... Z45: =Z44*$D$2 -> 437094.5
A47: YTD / CFS | F47: =F8+F41 -> 39048.147 | G47: =G8+G41 -> 203155.7 | H47: =H8+H41 -> 20571.6 | I47: =I8+I41 -> 223727.3 | J47: =J8+J41 -> 51830.14 | K47: =K8+K41 -> 275557.44 | L47: =L8+L41 -> 49040.297 | M47: =M8+M41 -> 13273.06 | ... S47: =S8+S41 -> 26342.67 | T47: 14460 | U47: =U8+U41 -> 3650.7 | V47: =V8+V41 -> 203726 | X47: =X8+X41 -> 233719.45 | Y47: =Y8+Y41 -> 2789.8426 | Z47: =Z8+Z41 -> 236509.29 | AA47: =AA8+AA41 -> 14.01
A48: YTD / AF | D48: =D8+D42 -> 77452 | E48: =E39 -> 229429 | F48: =F47*$D$2 -> 77452 | G48: =G47*$D$2 -> 402959.33 | H48: =H47*$D$2 -> 40803.769 | I48: =I47*$D$2 -> 443763.1 | J48: =J47*$D$2 -> 102805.08 | K48: =K47*$D$2 -> 546568.18 | L48: =L47*$D$2 -> 97271.43 | M48: =M47*$D$2 -> 26327.115 | ... V48: =V47*$D$2 -> 404090.52 | X48: =X47*$D$2 -> 463582.53 | Y48: =Y47*$D$2 -> 5533.6528 | Z48: =Z47*$D$2 -> 469116.18

Sheet JUL
K1: MC PHEE RESERVOIR IN/OUT FLOW TABULATION
A2: AF/cfs CONVERT FACTOR | D2: 1.9835 | K2: JULY "1993"
A4: DATE | B4: RESERV | C4: RESERV | D4: AC FT | E4: ACTIVE | F4: CONV TO | G4: DOLORES | H4: LOST | I4: RECORDED | J4: CALC | K4: TOTAL | L4: CALC | M4: DOLORES TUNNEL | Q4: LONE | R4: U | S4: TOTAL | T4: MVI | U4: DV CR | V4: BELOW | W4: REMAIN | X4: RECORDED | Y4: CALC | Z4: TOTAL | AA4: RAIN | AB4: MAX | AC4: MIN | AD4: DATE
A5: "JUL" | B5: ELEV | C5: AC FT | D5: CHANGE | E5: CAP | F5: CFS | G5: RIVER | H5: CANYON | I5: INFLOW | J5: INFLOW | K5: INFLOW | L5: INF/OTF | M5: TOT DIV | N5: WETLAND | O5: UTE F&R | P5: MVI,CTZ | Q5: PINE | R5: LAT | S5: MVI | T5: CALL | U5: CANAL | V5: MC PHEE | W5: RELEASE | X5: OUTFLOW | Y5: OUTFLOW | Z5: OUTFLOW | AB5: TMP | AC5: TMP | AD5: "JUL"
A7: SEASON BAL | F7: =JUN!F44 -> 26865.137 | G7: =JUN!G44 -> 185549.1 | H7: =JUN!H44 -> 17392 | I7: =JUN!I44 -> 202941.1 | J7: =JUN!J44 -> 44289.301 | K7: =JUN!K44 -> 247230.4 | L7: =JUN!L44 -> 42504.387 | M7: =JUN!M44 -> 12184.76 | ... V7: =JUN!V44 -> 189853.9 | X7: =JUN!X44 -> 218580.35 | Y7: =JUN!Y44 -> 1784.9136 | Z7: =JUN!Z44 -> 220365.26
A8: YTD | B8: =JUN!B39 -> 6924.06 | C8: =JUN!C39 -> 381429 | D8: =JUN!D48 -> 77452 | E8: =JUN!E48 -> 229429 | F8: =JUN!F47 -> 39048.147 | G8: =JUN!G47 -> 203155.7 | H8: =JUN!H47 -> 20571.6 | I8: =JUN!I47 -> 223727.3 | J8: =JUN!J47 -> 51830.14 | K8: =JUN!K47 -> 275557.44 | L8: =JUN!L47 -> 49040.297 | M8: =JUN!M47 -> 13273.06 | ... V8: =JUN!V47 -> 203726 | W8: =JUN!W44 -> 10847 | X8: =JUN!X47 -> 233719.45 | Y8: =JUN!Y47 -> 2789.8426 | Z8: =JUN!Z47 -> 236509.29 | AA8: =JUN!AA47 -> 14.01
A10: 1 | B10: 6924.03 | C10: 381294 | D10: =C10-C8 -> -135 | E10: =C10-152000 -> 229294 | F10: =D10/$D$2 -> -68.061507 | G10: 1317 | H10: 1.6 | I10: =G10+H10 -> 1318.6 | J10: =IF(L10>0,L10,0) -> 0 | K10: =I10+J10 -> 1318.6 | L10: =F10-(I10-X10) -> -101.56151 | M10: 241.7 | N10: 0 | O10: 0 | P10: =M10-(N10+O10) -> 241.7 | Q10: 146.1 | R10: 76.7 | S10: =SUM(P10:R10) -> 464.5 | T10: 0 | U10: 177.5 | V10: 643.1 | W10: =W8 -> 10847 | X10: =N10+O10+S10+U10+V10 -> 1285.1 | Y10: =IF(L10<0,L10*-1,0) -> 101.56151 | Z10: =X10+Y10 -> 1386.6615 | AA10: 0 | AB10: 85 | AC10: 46 | AD10: 1
A11: =A10+1 -> 2 | B11: 6924.11 | C11: 381653 | D11: =C11-C10 -> 359 | E11: =C11-152000 -> 229653 | F11: =D11/$D$2 -> 180.99319 | G11: 1217.7 | H11: 1.5 | I11: =G11+H11 -> 1219.2 | J11: =IF(L11>0,L11,0) -> 0.69319385 | K11: =I11+J11 -> 1219.8932 | L11: =F11-(I11-X11) -> 0.69319385 | M11: 235 | N11: 0 | O11: 0 | P11: =M11-(N11+O11) -> 235 | Q11: 146.8 | R11: 77.2 | S11: =SUM(P11:R11) -> 459 | T11: 0 | U11: 148.8 | V11: 431.1 | W11: =W10 -> 10847 | X11: =N11+O11+S11+U11+V11 -> 1038.9 | Y11: =IF(L11<0,L11*-1,0) -> 0 | Z11: =X11+Y11 -> 1038.9 | AA11: 0 | AB11: 86 | AC11: 49 | AD11: =AD10+1 -> 2
A12: =A11+1 -> 3 | B12: 6924.16 | C12: 381878 | D12: =C12-C11 -> 225 | E12: =C12-152000 -> 229878 | F12: =D12/$D$2 -> 113.43585 | G12: 1164.2 | H12: 1.4 | I12: =G12+H12 -> 1165.6 | J12: =IF(L12>0,L12,0) -> 0 | K12: =I12+J12 -> 1165.6 | L12: =F12-(I12-X12) -> -109.96415 | M12: 242.8 | N12: 0 | O12: 0 | P12: =M12-(N12+O12) -> 242.8 | Q12: 147.1 | R12: 77.7 | S12: =SUM(P12:R12) -> 467.6 | T12: 0 | U12: 193.1 | V12: 281.5 | W12: =W11 -> 10847 | X12: =N12+O12+S12+U12+V12 -> 942.2 | Y12: =IF(L12<0,L12*-1,0) -> 109.96415 | Z12: =X12+Y12 -> 1052.1642 | AA12: 0 | AB12: 78 | AC12: 58 | AD12: =AD11+1 -> 3
A13: =A12+1 -> 4 | B13: 6924.2 | C13: 382057 | D13: =C13-C12 -> 179 | E13: =C13-152000 -> 230057 | F13: =D13/$D$2 -> 90.244517 | G13: 1039.5 | H13: 1.3 | I13: =G13+H13 -> 1040.8 | J13: =IF(L13>0,L13,0) -> 0 | K13: =I13+J13 -> 1040.8 | L13: =F13-(I13-X13) -> -87.555483 | M13: 253.8 | N13: 0 | O13: 0 | P13: =M13-(N13+O13) -> 253.8 | Q13: 146.9 | R13: 75.7 | S13: =SUM(P13:R13) -> 476.4 | T13: 0 | U13: 159.4 | V13: 227.2 | W13: =W12 -> 10847 | X13: =N13+O13+S13+U13+V13 -> 863 | Y13: =IF(L13<0,L13*-1,0) -> 87.555483 | Z13: =X13+Y13 -> 950.55548 | AA13: 0 | AB13: 76 | AC13: 44 | AD13: =AD12+1 -> 4
A14: =A13+1 -> 5 | B14: 6924.15 | C14: 381833 | D14: =C14-C13 -> -224 | E14: =C14-152000 -> 229833 | F14: =D14/$D$2 -> -112.93169 | G14: 825.4 | H14: 1.2 | I14: =G14+H14 -> 826.6 | J14: =IF(L14>0,L14,0) -> 0 | K14: =I14+J14 -> 826.6 | L14: =F14-(I14-X14) -> -124.73169 | M14: 227.3 | N14: 0 | O14: 0 | P14: =M14-(N14+O14) -> 227.3 | Q14: 147.1 | R14: 77.2 | S14: =SUM(P14:R14) -> 451.6 | T14: 0 | U14: 178.5 | V14: 184.7 | W14: =W13 -> 10847 | X14: =N14+O14+S14+U14+V14 -> 814.8 | Y14: =IF(L14<0,L14*-1,0) -> 124.73169 | Z14: =X14+Y14 -> 939.53169 | AA14: 0 | AB14: 78 | AC14: 44 | AD14: =AD13+1 -> 5
A15: =A14+1 -> 6 | B15: 6923.96 | C15: 380982 | D15: =C15-C14 -> -851 | E15: =C15-152000 -> 228982 | F15: =D15/$D$2 -> -429.03958 | G15: 753.4 | H15: 1.2 | I15: =G15+H15 -> 754.6 | J15: =IF(L15>0,L15,0) -> 0 | K15: =I15+J15 -> 754.6 | L15: =F15-(I15-X15) -> -131.73958 | M15: 237.3 | N15: 0 | O15: 0 | P15: =M15-(N15+O15) -> 237.3 | Q15: 146.5 | R15: 77.2 | S15: =SUM(P15:R15) -> 461 | T15: 0 | U15: 188.1 | V15: 402.8 | W15: =W14-109 -> 10738 | X15: =N15+O15+S15+U15+V15 -> 1051.9 | Y15: =IF(L15<0,L15*-1,0) -> 131.73958 | Z15: =X15+Y15 -> 1183.6396 | AA15: 0 | AB15: 82 | AC15: 44 | AD15: =AD14+1 -> 6
A16: =A15+1 -> 7 | B16: 6923.71 | C16: 379869 | D16: =C16-C15 -> -1113 | E16: =C16-152000 -> 227869 | F16: =D16/$D$2 -> -561.12932 | G16: 729 | H16: 0 | I16: =G16+H16 -> 729 | J16: =IF(L16>0,L16,0) -> 0 | K16: =I16+J16 -> 729 | L16: =F16-(I16-X16) -> -129.02932 | M16: 252.7 | N16: 0 | O16: 0 | P16: =M16-(N16+O16) -> 252.7 | Q16: 146.2 | R16: 76.7 | S16: =SUM(P16:R16) -> 475.6 | T16: 0 | U16: 184.6 | V16: 500.9 | W16: =W15-V16 -> 10237.1 | X16: =N16+O16+S16+U16+V16 -> 1161.1 | Y16: =IF(L16<0,L16*-1,0) -> 129.02932 | Z16: =X16+Y16 -> 1290.1293 | AA16: 0 | AB16: 85 | AC16: 46 | AD16: =AD15+1 -> 7
A17: =A16+1 -> 8 | B17: 6923.55 | C17: 379157 | D17: =C17-C16 -> -712 | E17: =C17-152000 -> 227157 | F17: =D17/$D$2 -> -358.96143 | G17: 717.8 | H17: 0 | I17: =G17+H17 -> 717.8 | J17: =IF(L17>0,L17,0) -> 82.438568 | K17: =I17+J17 -> 800.23857 | L17: =F17-(I17-X17) -> 82.438568 | M17: 250.7 | N17: 0 | O17: 0 | P17: =M17-(N17+O17) -> 250.7 | Q17: 147.6 | R17: 79.2 | S17: =SUM(P17:R17) -> 477.5 | T17: 0 | U17: 182.6 | V17: 499.1 | W17: =W16-V17 -> 9738 | X17: =N17+O17+S17+U17+V17 -> 1159.2 | Y17: =IF(L17<0,L17*-1,0) -> 0 | Z17: =X17+Y17 -> 1159.2 | AA17: 0 | AB17: 84 | AC17: 50 | AD17: =AD16+1 -> 8
A18: =A17+1 -> 9 | B18: 6923.41 | C18: 378534 | D18: =C18-C17 -> -623 | E18: =C18-152000 -> 226534 | F18: =D18/$D$2 -> -314.09125 | G18: 668.2 | H18: 0 | I18: =G18+H18 -> 668.2 | J18: =IF(L18>0,L18,0) -> 0 | K18: =I18+J18 -> 668.2 | L18: =F18-(I18-X18) -> -119.69125 | M18: 256.5 | N18: 0 | O18: 0 | P18: =M18-(N18+O18) -> 256.5 | Q18: 147.5 | R18: 79.2 | S18: =SUM(P18:R18) -> 483.2 | T18: 0 | U18: 190.1 | V18: 189.3 | W18: =W17-V18 -> 9548.7 | X18: =N18+O18+S18+U18+V18 -> 862.6 | Y18: =IF(L18<0,L18*-1,0) -> 119.69125 | Z18: =X18+Y18 -> 982.29125 | AA18: 0 | AB18: 87 | AC18: 57 | AD18: =AD17+1 -> 9
A19: =A18+1 -> 10 | B19: 6923.26 | C19: 377866 | D19: =C19-C18 -> -668 | E19: =C19-152000 -> 225866 | F19: =D19/$D$2 -> -336.77842 | G19: 608.9 | H19: 0 | I19: =G19+H19 -> 608.9 | J19: =IF(L19>0,L19,0) -> 0 | K19: =I19+J19 -> 608.9 | L19: =F19-(I19-X19) -> -70.578422 | M19: 262.7 | N19: 0 | O19: 0 | P19: =M19-(N19+O19) -> 262.7 | Q19: 147 | R19: 78.7 | S19: =SUM(P19:R19) -> 488.4 | T19: 0 | U19: 188.1 | V19: 198.6 | W19: =W18-V19 -> 9350.1 | X19: =N19+O19+S19+U19+V19 -> 875.1 | Y19: =IF(L19<0,L19*-1,0) -> 70.578422 | Z19: =X19+Y19 -> 945.67842 | AA19: 0 | AB19: 84 | AC19: 54 | AD19: =AD18+1 -> 10
A20: =A19+1 -> 11 | B20: 6923.12 | C20: 377154 | D20: =C20-C19 -> -712 | E20: =C20-152000 -> 225154 | F20: =D20/$D$2 -> -358.96143 | G20: 577.1 | H20: 0 | I20: =G20+H20 -> 577.1 | J20: =IF(L20>0,L20,0) -> 0 | K20: =I20+J20 -> 577.1 | L20: =F20-(I20-X20) -> -64.361432 | M20: 252.6 | N20: 0 | O20: 0 | P20: =M20-(N20+O20) -> 252.6 | Q20: 146.5 | R20: 79.2 | S20: =SUM(P20:R20) -> 478.3 | T20: 0 | U20: 193.6 | V20: 199.8 | W20: =W19-V20 -> 9150.3 | X20: =N20+O20+S20+U20+V20 -> 871.7 | Y20: =IF(L20<0,L20*-1,0) -> 64.361432 | Z20: =X20+Y20 -> 936.06143 | AA20: 0 | AB20: 86 | AC20: 52 | AD20: =AD19+1 -> 11
A21: =A20+1 -> 12 | B21: 6922.93 | C21: 376400 | D21: =C21-C20 -> -754 | E21: =C21-152000 -> 224400 | F21: =D21/$D$2 -> -380.13612 | G21: 577.6 | H21: 0 | I21: =G21+H21 -> 577.6 | J21: =IF(L21>0,L21,0) -> 0 | K21: =I21+J21 -> 577.6 | L21: =F21-(I21-X21) -> -85.236123 | M21: 252.9 | N21: 0 | O21: 0 | P21: =M21-(N21+O21) -> 252.9 | Q21: 146.3 | R21: 79.2 | S21: =SUM(P21:R21) -> 478.4 | T21: 0 | U21: 198.7 | V21: 195.4 | W21: =W20-V21 -> 8954.9 | X21: =N21+O21+S21+U21+V21 -> 872.5 | Y21: =IF(L21<0,L21*-1,0) -> 85.236123 | Z21: =X21+Y21 -> 957.73612 | AA21: 0 | AB21: 82 | AC21: 54 | AD21: =AD20+1 -> 12
A22: =A21+1 -> 13 | B22: 6922.75 | C22: 375605 | D22: =C22-C21 -> -795 | E22: =C22-152000 -> 223605 | F22: =D22/$D$2 -> -400.80665 | G22: 537.3 | H22: 0 | I22: =G22+H22 -> 537.3 | J22: =IF(L22>0,L22,0) -> 0 | K22: =I22+J22 -> 537.3 | L22: =F22-(I22-X22) -> -89.906655 | M22: 246 | N22: 0 | O22: 0 | P22: =M22-(N22+O22) -> 246 | Q22: 147.1 | R22: 82.2 | S22: =SUM(P22:R22) -> 475.3 | T22: 0 | U22: 207.3 | V22: 165.6 | W22: =W21-V22 -> 8789.3 | X22: =N22+O22+S22+U22+V22 -> 848.2 | Y22: =IF(L22<0,L22*-1,0) -> 89.906655 | Z22: =X22+Y22 -> 938.10665 | AA22: 0 | AB22: 82 | AC22: 50 | AD22: =AD21+1 -> 13
A23: =A22+1 -> 14 | B23: 6922.55 | C23: 374722 | D23: =C23-C22 -> -883 | E23: =C23-152000 -> 222722 | F23: =D23/$D$2 -> -445.17267 | G23: 489.3 | H23: 0 | I23: =G23+H23 -> 489.3 | J23: =IF(L23>0,L23,0) -> 0 | K23: =I23+J23 -> 489.3 | L23: =F23-(I23-X23) -> -86.572675 | M23: 269.7 | N23: 0 | O23: 0 | P23: =M23-(N23+O23) -> 269.7 | Q23: 147.5 | R23: 81.7 | S23: =SUM(P23:R23) -> 498.9 | T23: =T8-(S23-I23) -> 14450.4 | U23: 193.6 | V23: 155.4 | W23: =W22-V23 -> 8633.9 | X23: =N23+O23+S23+U23+V23 -> 847.9 | Y23: =IF(L23<0,L23*-1,0) -> 86.572675 | Z23: =X23+Y23 -> 934.47267 | AA23: 0 | AB23: 83 | AC23: 52 | AD23: =AD22+1 -> 14
A24: =A23+1 -> 15 | B24: 6922.35 | C24: 373839 | D24: =C24-C23 -> -883 | E24: =C24-152000 -> 221839 | F24: =D24/$D$2 -> -445.17267 | G24: 461.3 | H24: 0 | I24: =G24+H24 -> 461.3 | J24: =IF(L24>0,L24,0) -> 0 | K24: =I24+J24 -> 461.3 | L24: =F24-(I24-X24) -> -68.172675 | M24: 261.7 | N24: 0 | O24: 0 | P24: =M24-(N24+O24) -> 261.7 | Q24: 147.3 | R24: 81.2 | S24: =SUM(P24:R24) -> 490.2 | T24: =T23-(S24-I24) -> 14421.5 | U24: 195.2 | V24: 152.9 | W24: =W23-V24 -> 8481 | X24: =N24+O24+S24+U24+V24 -> 838.3 | Y24: =IF(L24<0,L24*-1,0) -> 68.172675 | Z24: =X24+Y24 -> 906.47267 | AA24: 0 | AB24: 85 | AC24: 53 | AD24: =AD23+1 -> 15
A25: =A24+1 -> 16 | B25: 6922.12 | C25: 372823 | D25: =C25-C24 -> -1016 | E25: =C25-152000 -> 220823 | F25: =D25/$D$2 -> -512.22586 | G25: 432.8 | H25: 0 | I25: =G25+H25 -> 432.8 | J25: =IF(L25>0,L25,0) -> 0 | K25: =I25+J25 -> 432.8 | L25: =F25-(I25-X25) -> -152.12586 | M25: 252.2 | N25: 0 | O25: 0 | P25: =M25-(N25+O25) -> 252.2 | Q25: 147.1 | R25: 85.7 | S25: =SUM(P25:R25) -> 485 | T25: =T24-(S25-I25) -> 14369.3 | U25: 190.1 | V25: 117.8 | W25: =W24-V25 -> 8363.2 | X25: =N25+O25+S25+U25+V25 -> 792.9 | Y25: =IF(L25<0,L25*-1,0) -> 152.12586 | Z25: =X25+Y25 -> 945.02586 | AA25: 0 | AB25: 80 | AC25: 50 | AD25: =AD24+1 -> 16
A26: =A25+1 -> 17 | B26: 6921.95 | C26: 372075 | D26: =C26-C25 -> -748 | E26: =C26-152000 -> 220075 | F26: =D26/$D$2 -> -377.11117 | G26: 397.3 | H26: 0 | I26: =G26+H26 -> 397.3 | J26: =IF(L26>0,L26,0) -> 0 | K26: =I26+J26 -> 397.3 | L26: =F26-(I26-X26) -> -9.7111671 | M26: 244.2 | N26: 0 | O26: 0 | P26: =M26-(N26+O26) -> 244.2 | Q26: 146.9 | R26: 86.2 | S26: =SUM(P26:R26) -> 477.3 | T26: =T25-(S26-I26) -> 14289.3 | U26: 183.6 | V26: 103.8 | W26: =W25-V26 -> 8259.4 | X26: =N26+O26+S26+U26+V26 -> 764.7 | Y26: =IF(L26<0,L26*-1,0) -> 9.7111671 | Z26: =X26+Y26 -> 774.41117 | AA26: 0 | AB26: 78 | AC26: 48 | AD26: =AD25+1 -> 17
A27: =A26+1 -> 18 | B27: 6921.7 | C27: 370980 | D27: =C27-C26 -> -1095 | E27: =C27-152000 -> 218980 | F27: =D27/$D$2 -> -552.05445 | G27: 381.9 | H27: 0 | I27: =G27+H27 -> 381.9 | J27: =IF(L27>0,L27,0) -> 0 | K27: =I27+J27 -> 381.9 | L27: =F27-(I27-X27) -> -173.45445 | M27: 246.3 | N27: 0 | O27: 0 | P27: =M27-(N27+O27) -> 246.3 | Q27: 146.6 | R27: 87.2 | S27: =SUM(P27:R27) -> 480.1 | T27: =T26-(S27-I27) -> 14191.1 | U27: 175.5 | V27: 104.9 | W27: =W26-V27 -> 8154.5 | X27: =N27+O27+S27+U27+V27 -> 760.5 | Y27: =IF(L27<0,L27*-1,0) -> 173.45445 | Z27: =X27+Y27 -> 933.95445 | AA27: 0 | AB27: 82 | AC27: 46 | AD27: =AD26+1 -> 18
A28: =A27+1 -> 19 | B28: 6921.48 | C28: 370017 | D28: =C28-C27 -> -963 | E28: =C28-152000 -> 218017 | F28: =D28/$D$2 -> -485.50542 | G28: 357 | H28: 0 | I28: =G28+H28 -> 357 | J28: =IF(L28>0,L28,0) -> 0 | K28: =I28+J28 -> 357 | L28: =F28-(I28-X28) -> -65.70542 | M28: 259.2 | N28: 0 | O28: 0 | P28: =M28-(N28+O28) -> 259.2 | Q28: 148.4 | R28: 87.7 | S28: =SUM(P28:R28) -> 495.3 | T28: =T27-(S28-I28) -> 14052.8 | U28: 176.5 | V28: 105 | W28: =W27-V28 -> 8049.5 | X28: =N28+O28+S28+U28+V28 -> 776.8 | Y28: =IF(L28<0,L28*-1,0) -> 65.70542 | Z28: =X28+Y28 -> 842.50542 | AA28: 0 | AB28: 84 | AC28: 48 | AD28: =AD27+1 -> 19
A29: =A28+1 -> 20 | B29: 6921.22 | C29: 368878 | D29: =C29-C28 -> -1139 | E29: =C29-152000 -> 216878 | F29: =D29/$D$2 -> -574.23746 | G29: 330.3 | H29: 0 | I29: =G29+H29 -> 330.3 | J29: =IF(L29>0,L29,0) -> 0 | K29: =I29+J29 -> 330.3 | L29: =F29-(I29-X29) -> -133.23746 | M29: 256.3 | N29: 0 | O29: 0 | P29: =M29-(N29+O29) -> 256.3 | Q29: 148.3 | R29: 86.7 | S29: =SUM(P29:R29) -> 491.3 | T29: =T28-(S29-I29) -> 13891.8 | U29: 175 | V29: 105 | W29: =W28-V29 -> 7944.5 | X29: =N29+O29+S29+U29+V29 -> 771.3 | Y29: =IF(L29<0,L29*-1,0) -> 133.23746 | Z29: =X29+Y29 -> 904.53746 | AA29: 0 | AB29: 84 | AC29: 52 | AD29: =AD28+1 -> 20
A30: =A29+1 -> 21 | B30: 6920.94 | C30: 367654 | D30: =C30-C29 -> -1224 | E30: =C30-152000 -> 215654 | F30: =D30/$D$2 -> -617.091 | G30: 313.7 | H30: 0 | I30: =G30+H30 -> 313.7 | J30: =IF(L30>0,L30,0) -> 0 | K30: =I30+J30 -> 313.7 | L30: =F30-(I30-X30) -> -146.391 | M30: 261.8 | N30: 0 | O30: 11.6 | P30: =M30-(N30+O30) -> 250.2 | Q30: 147.3 | R30: 89.3 | S30: =SUM(P30:R30) -> 486.8 | T30: =T29-(S30-I30) -> 13718.7 | U30: 180 | V30: 106 | W30: =W29-V30 -> 7838.5 | X30: =N30+O30+S30+U30+V30 -> 784.4 | Y30: =IF(L30<0,L30*-1,0) -> 146.391 | Z30: =X30+Y30 -> 930.791 | AA30: 0 | AB30: 83 | AC30: 54 | AD30: =AD29+1 -> 21
A31: =A30+1 -> 22 | B31: 6920.74 | C31: 366786 | D31: =C31-C30 -> -868 | E31: =C31-152000 -> 214786 | F31: =D31/$D$2 -> -437.61028 | G31: 302.3 | H31: 0 | I31: =G31+H31 -> 302.3 | J31: =IF(L31>0,L31,0) -> 16.289715 | K31: =I31+J31 -> 318.58972 | L31: =F31-(I31-X31) -> 16.289715 | M31: 249.6 | N31: 0 | O31: 0 | P31: =M31-(N31+O31) -> 249.6 | Q31: 146.9 | R31: 86.2 | S31: =SUM(P31:R31) -> 482.7 | T31: =T30-(S31-I31) -> 13538.3 | U31: 167.9 | V31: 105.6 | W31: =W30-V31 -> 7732.9 | X31: =N31+O31+S31+U31+V31 -> 756.2 | Y31: =IF(L31<0,L31*-1,0) -> 0 | Z31: =X31+Y31 -> 756.2 | AA31: 0 | AB31: 79 | AC31: 48 | AD31: =AD30+1 -> 22
A32: =A31+1 -> 23 | B32: 6920.47 | C32: 365614 | D32: =C32-C31 -> -1172 | E32: =C32-152000 -> 213614 | F32: =D32/$D$2 -> -590.87472 | G32: 288.6 | H32: 0 | I32: =G32+H32 -> 288.6 | J32: =IF(L32>0,L32,0) -> 0 | K32: =I32+J32 -> 288.6 | L32: =F32-(I32-X32) -> -127.87472 | M32: 243.9 | N32: 0 | O32: 0 | P32: =M32-(N32+O32) -> 243.9 | Q32: 146.3 | R32: 86.2 | S32: =SUM(P32:R32) -> 476.4 | T32: =T31-(S32-I32) -> 13350.5 | U32: 173.5 | V32: 101.7 | W32: =W31-V32 -> 7631.2 | X32: =N32+O32+S32+U32+V32 -> 751.6 | Y32: =IF(L32<0,L32*-1,0) -> 127.87472 | Z32: =X32+Y32 -> 879.47472 | AA32: 0 | AB32: 80 | AC32: 47 | AD32: =AD31+1 -> 23
A33: =A32+1 -> 24 | B33: 6920.24 | C33: 364615 | D33: =C33-C32 -> -999 | E33: =C33-152000 -> 212615 | F33: =D33/$D$2 -> -503.65516 | G33: 316.7 | H33: 0 | I33: =G33+H33 -> 316.7 | J33: =IF(L33>0,L33,0) -> 0 | K33: =I33+J33 -> 316.7 | L33: =F33-(I33-X33) -> -86.155155 | M33: 243.2 | N33: 0 | O33: 0 | P33: =M33-(N33+O33) -> 243.2 | Q33: 146.6 | R33: 85.2 | S33: =SUM(P33:R33) -> 475 | T33: =T32-(S33-I33) -> 13192.2 | U33: 157.8 | V33: 101.4 | W33: =W32-V33 -> 7529.8 | X33: =N33+O33+S33+U33+V33 -> 734.2 | Y33: =IF(L33<0,L33*-1,0) -> 86.155155 | Z33: =X33+Y33 -> 820.35516 | AA33: 0 | AB33: 78 | AC33: 50 | AD33: =AD32+1 -> 24
A34: =A33+1 -> 25 | B34: 6920 | C34: 363573 | D34: =C34-C33 -> -1042 | E34: =C34-152000 -> 211573 | F34: =D34/$D$2 -> -525.33401 | G34: 311.3 | H34: 0 | I34: =G34+H34 -> 311.3 | J34: =IF(L34>0,L34,0) -> 0 | K34: =I34+J34 -> 311.3 | L34: =F34-(I34-X34) -> -94.534006 | M34: 242.1 | N34: 0 | O34: 0 | P34: =M34-(N34+O34) -> 242.1 | Q34: 149 | R34: 84.2 | S34: =SUM(P34:R34) -> 475.3 | T34: =T33-(S34-I34) -> 13028.2 | U34: 165.4 | V34: 101.4 | W34: =W33-V34 -> 7428.4 | X34: =N34+O34+S34+U34+V34 -> 742.1 | Y34: =IF(L34<0,L34*-1,0) -> 94.534006 | Z34: =X34+Y34 -> 836.63401 | AA34: 0 | AB34: 82 | AC34: 54 | AD34: =AD33+1 -> 25
A35: =A34+1 -> 26 | B35: 6919.75 | C35: 362497 | D35: =C35-C34 -> -1076 | E35: =C35-152000 -> 210497 | F35: =D35/$D$2 -> -542.47542 | G35: 303.3 | H35: 0 | I35: =G35+H35 -> 303.3 | J35: =IF(L35>0,L35,0) -> 0 | K35: =I35+J35 -> 303.3 | L35: =F35-(I35-X35) -> -99.775422 | M35: 244.7 | N35: 0 | O35: 0 | P35: =M35-(N35+O35) -> 244.7 | Q35: 149.7 | R35: 84.7 | S35: =SUM(P35:R35) -> 479.1 | T35: =T34-(S35-I35) -> 12852.4 | U35: 177 | V35: 89.9 | W35: =W34-V35 -> 7338.5 | X35: =N35+O35+S35+U35+V35 -> 746 | Y35: =IF(L35<0,L35*-1,0) -> 99.775422 | Z35: =X35+Y35 -> 845.77542 | AA35: 0 | AB35: 82 | AC35: 48 | AD35: =AD34+1 -> 26
... A38: =A37+1 -> 29 | B38: 6918.95 | C38: 359053 | D38: =C38-C37 -> -1012 | E38: =C38-152000 -> 207053 | F38: =D38/$D$2 -> -510.20923 | G38: 281.2 | H38: 0 | I38: =G38+H38 -> 281.2 | J38: =IF(L38>0,L38,0) -> 0 | K38: =I38+J38 -> 281.2 | L38: =F38-(I38-X38) -> -37.709226 | M38: 256.5 | N38: 0 | O38: 0 | P38: =M38-(N38+O38) -> 256.5 | Q38: 150.3 | R38: 82.2 | S38: =SUM(P38:R38) -> 489 | T38: =T37-(S38-I38) -> 12272 | U38: 167.9 | V38: 96.8 | W38: =W37-V38 -> 7048.2 | X38: =N38+O38+S38+U38+V38 -> 753.7 | Y38: =IF(L38<0,L38*-1,0) -> 37.709226 | Z38: =X38+Y38 -> 791.40923 | AA38: 0 | AB38: 87 | AC38: 54 | AD38: =AD37+1 -> 29
A39: 30 | B39: 6918.69 | C39: 357942 | D39: =C39-C38 -> -1111 | E39: =C39-152000 -> 205942 | F39: =D39/$D$2 -> -560.121 | G39: 288 | H39: 0 | I39: =G39+H39 -> 288 | J39: =IF(L39>0,L39,0) -> 0 | K39: =I39+J39 -> 288 | L39: =F39-(I39-X39) -> -101.221 | M39: 248.5 | N39: 0 | O39: 0 | P39: =M39-(N39+O39) -> 248.5 | Q39: 150 | R39: 82.7 | S39: =SUM(P39:R39) -> 481.2 | T39: =T38-(S39-I39) -> 12078.8 | U39: 166.4 | V39: 99.3 | W39: =W38-V39 -> 6948.9 | X39: =N39+O39+S39+U39+V39 -> 746.9 | Y39: =IF(L39<0,L39*-1,0) -> 101.221 | Z39: =X39+Y39 -> 848.121 | AA39: 0 | AB39: 86 | AC39: 57 | AD39: 30
A40: 31 | B40: 6918.41 | C40: 356746 | D40: =C40-C39 -> -1196 | E40: =C40-152000 -> 204746 | F40: =D40/$D$2 -> -602.97454 | G40: 278.7 | H40: 0 | I40: =G40+H40 -> 278.7 | J40: =IF(L40>0,L40,0) -> 0 | K40: =I40+J40 -> 278.7 | L40: =F40-(I40-X40) -> -141.67454 | M40: 243.7 | N40: 0 | O40: 0 | P40: =M40-(N40+O40) -> 243.7 | Q40: 150 | R40: 81.7 | S40: =SUM(P40:R40) -> 475.4 | T40: =T39-(S40-I40) -> 11882.1 | U40: 164.4 | V40: 100.2 | W40: =W39-V40 -> 6848.7 | X40: =N40+O40+S40+U40+V40 -> 740 | Y40: =IF(L40<0,L40*-1,0) -> 141.67454 | Z40: =X40+Y40 -> 881.67454 | AA40: 0 | AB40: 89 | AC40: 56 | AD40: 31
O41: 0 | AA41: 0
A42: MONTH / CFS | F42: =SUM(F10:F40) -> -12444.164 | G42: =SUM(G10:G40) -> 16866.9 | H42: =SUM(H10:H40) -> 8.2 | I42: =SUM(I10:I40) -> 16875.1 | J42: =SUM(J10:J40) -> 99.421477 | K42: =SUM(K10:K40) -> 16974.521 | L42: =SUM(L10:L40) -> -2831.6644 | M42: =SUM(M10:M40) -> 7742.1 | ... S42: =SUM(S10:S40) -> 14848.5 | U42: =SUM(U10:U40) -> 5567.8 | V42: =SUM(V10:V40) -> 6059.7 | W42: =W40 -> 6848.7 | X42: =SUM(X10:X40) -> 26487.6 | Y42: =SUM(Y10:Y40) -> 2931.0858 | Z42: =SUM(Z10:Z40) -> 29418.686 | AA42: =SUM(AA10:AA40) -> 0 | AB42: =AVERAGE(AB10:AB40) -> 82.967742 | AC42: =AVERAGE(AC10:AC40) -> 50.612903 | AD42: AVG
A43: MONTH / AF | D43: =SUM(D10:D40) -> -24683 | F43: =F42*$D$2 -> -24683 | G43: =G42*$D$2 -> 33455.496 | H43: =H42*$D$2 -> 16.2647 | I43: =I42*$D$2 -> 33471.761 | J43: =J42*$D$2 -> 197.2025 | K43: =K42*$D$2 -> 33668.963 | L43: =L42*$D$2 -> -5616.6062 | M43: =M42*$D$2 -> 15356.455 | ... S43: =S42*$D$2 -> 29452 | U43: =U42*$D$2 -> 11043.731 | V43: =V42*$D$2 -> 12019.415 | W43: =W42*$D$2 -> 13584.396 | X43: =X42*$D$2 -> 52538.155 | Y43: =Y42*$D$2 -> 5813.8088 | Z43: =Z42*$D$2 -> 58351.963 | AB43: =MAX(AB10:AB40) -> 91 | AC43: =MAX(AC10:AC40) -> 58 | AD43: HI
A45: SEASON / CFS | F45: =F7+F42 -> 14420.973 | G45: =G7+G42 -> 202416 | H45: =H7+H42 -> 17400.2 | I45: =I7+I42 -> 219816.2 | J45: =J7+J42 -> 44388.722 | K45: =K7+K42 -> 264204.92 | L45: =L7+L42 -> 39672.723 | M45: =M7+M42 -> 19926.86 | ... S45: =S7+S42 -> 39924.25 | T45: =T40 -> 11882.1 | U45: =U7+U42 -> 9218.5 | V45: =V7+V42 -> 195913.6 | X45: =X7+X42 -> 245067.95 | Y45: =Y7+Y42 -> 4715.9994 | Z45: =Z7+Z42 -> 249783.95 | AB45: =MIN(AB10:AB40) -> 76 | AC45: =MIN(AC10:AC40) -> 44 | AD45: LO
A46: SEASON / AF | F46: =F45*$D$2 -> 28604 | G46: =G45*$D$2 -> 401492.14 | H46: =H45*$D$2 -> 34513.297 | I46: =I45*$D$2 -> 436005.43 | J46: =J45*$D$2 -> 88045.031 | K46: =K45*$D$2 -> 524050.46 | L46: =L45*$D$2 -> 78690.846 | M46: =M45*$D$2 -> 39524.927 | ... V46: =V45*$D$2 -> 388594.63 | X46: =X45*$D$2 -> 486092.28 | Y46: =Y45*$D$2 -> 9354.1848 | Z46: =Z45*$D$2 -> 495446.46
A48: YTD / CFS | F48: =F8+F42 -> 26603.983 | G48: =G8+G42 -> 220022.6 | H48: =H8+H42 -> 20579.8 | I48: =I8+I42 -> 240602.4 | J48: =J8+J42 -> 51929.561 | K48: =K8+K42 -> 292531.96 | L48: =L8+L42 -> 46208.633 | M48: =M8+M42 -> 21015.16 | ... S48: =S8+S42 -> 41191.17 | T48: =T45 -> 11882.1 | U48: =U8+U42 -> 9218.5 | V48: =V8+V42 -> 209785.7 | W48: =W40 -> 6848.7 | X48: =X8+X42 -> 260207.05 | Y48: =Y8+Y42 -> 5720.9284 | Z48: =Z8+Z42 -> 265927.98 | AA48: =AA8+AA42 -> 14.01
A49: YTD / AF | D49: =D8+D43 -> 52769 | E49: =E40 -> 204746 | F49: =F48*$D$2 -> 52769 | G49: =G48*$D$2 -> 436414.83 | H49: =H48*$D$2 -> 40820.033 | I49: =I48*$D$2 -> 477234.86 | J49: =J48*$D$2 -> 103002.28 | K49: =K48*$D$2 -> 580237.15 | L49: =L48*$D$2 -> 91654.823 | M49: =M48*$D$2 -> 41683.57 | ... V49: =V48*$D$2 -> 416109.94 | W49: =W40*$D$2 -> 13584.396 | X49: =X48*$D$2 -> 516120.68 | Y49: =Y48*$D$2 -> 11347.462 | Z49: =Z48*$D$2 -> 527468.15

Sheet AUG
K1: MC PHEE RESERVOIR IN/OUT FLOW TABULATION
A2: AF/cfs CONVERT FACTOR | D2: 1.9835 | K2: AUGUST "1993"
A4: DATE | B4: RESERV | C4: RESERV | D4: AC FT | E4: ACTIVE | F4: CONV TO | G4: DOLORES | H4: LOST | I4: RECORDED | J4: CALC | K4: TOTAL | L4: CALC | M4: DOLORES TUNNEL | Q4: LONE | R4: U | S4: TOTAL | T4: MVI | U4: DV CR | V4: BELOW | W4: REMAIN | X4: RECORDED | Y4: CALC | Z4: TOTAL | AA4: RAIN | AB4: MAX | AC4: MIN | AD4: DATE
A5: "AUG" | B5: ELEV | C5: AC FT | D5: CHANGE | E5: CAP | F5: CFS | G5: RIVER | H5: CANYON | I5: INFLOW | J5: INFLOW | K5: INFLOW | L5: INF/OTF | M5: TOT DIV | N5: WETLAND | O5: UTE F&R | P5: MVI,CTZ | Q5: PINE | R5: LAT | S5: MVI | T5: CALL | U5: CANAL | V5: MC PHEE | W5: RELEASE | X5: OUTFLOW | Y5: OUTFLOW | Z5: OUTFLOW | AB5: TMP | AC5: TMP | AD5: "AUG"
A7: SEASON BAL | F7: =JUL!F45 -> 14420.973 | G7: =JUL!G45 -> 202416 | H7: =JUL!H45 -> 17400.2 | I7: =JUL!I45 -> 219816.2 | J7: =JUL!J45 -> 44388.722 | K7: =JUL!K45 -> 264204.92 | L7: =JUL!L45 -> 39672.723 | M7: =JUL!M45 -> 19926.86 | ... V7: =JUL!V45 -> 195913.6 | X7: =JUL!X45 -> 245067.95 | Y7: =JUL!Y45 -> 4715.9994 | Z7: =JUL!Z45 -> 249783.95
A8: YTD | B8: =JUL!B40 -> 6918.41 | C8: =JUL!C40 -> 356746 | D8: =JUL!D49 -> 52769 | E8: =JUL!E49 -> 204746 | F8: =JUL!F48 -> 26603.983 | G8: =JUL!G48 -> 220022.6 | H8: =JUL!H48 -> 20579.8 | I8: =JUL!I48 -> 240602.4 | J8: =JUL!J48 -> 51929.561 | K8: =JUL!K48 -> 292531.96 | L8: =JUL!L48 -> 46208.633 | M8: =JUL!M48 -> 21015.16 | ... AA8: =JUL!AA48 -> 14.01
A10: 1 | B10: 6918.14 | C10: 355592 | D10: =C10-C8 -> -1154 | E10: =C10-152000 -> 203592 | F10: =D10/$D$2 -> -581.79985 | G10: 265.2 | H10: 0 | I10: =G10+H10 -> 265.2 | J10: =IF(L10>0,L10,0) -> 0 | K10: =I10+J10 -> 265.2 | L10: =F10-(I10-X10) -> -95.899849 | M10: 243.7 | N10: 0 | O10: 0 | P10: =M10-(N10+O10) -> 243.7 | Q10: 150.2 | R10: 82.2 | S10: =SUM(P10:R10) -> 476.1 | T10: =(I10-S10)+T7 -> 11671.2 | U10: 174.5 | V10: 100.5 | W10: =W8-V10 -> 6748.2 | X10: =N10+O10+S10+U10+V10 -> 751.1 | Y10: =IF(L10<0,L10*-1,0) -> 95.899849 | Z10: =X10+Y10 -> 846.99985 | AA10: 0 | AB10: 86 | AC10: 56 | AD10: 1
A11: =A10+1 -> 2 | B11: 6917.84 | C11: 354315 | D11: =C11-C10 -> -1277 | E11: =C11-152000 -> 202315 | F11: =D11/$D$2 -> -643.81144 | G11: 256.2 | H11: 0 | I11: =G11+H11 -> 256.2 | J11: =IF(L11>0,L11,0) -> 0 | K11: =I11+J11 -> 256.2 | L11: =F11-(I11-X11) -> -157.01144 | M11: 237.5 | N11: 0 | O11: 0 | P11: =M11-(N11+O11) -> 237.5 | Q11: 149.5 | R11: 82.2 | S11: =SUM(P11:R11) -> 469.2 | T11: =(I11-S11)+T10 -> 11458.2 | U11: 175 | V11: 98.8 | W11: =W10-V11 -> 6649.4 | X11: =N11+O11+S11+U11+V11 -> 743 | Y11: =IF(L11<0,L11*-1,0) -> 157.01144 | Z11: =X11+Y11 -> 900.01144 | AA11: 0 | AB11: 86 | AC11: 55 | AD11: =AD10+1 -> 2
A12: =A11+1 -> 3 | B12: 6917.57 | C12: 353171 | D12: =C12-C11 -> -1144 | E12: =C12-152000 -> 201171 | F12: =D12/$D$2 -> -576.75826 | G12: 246.2 | H12: 0 | I12: =G12+H12 -> 246.2 | J12: =IF(L12>0,L12,0) -> 0 | K12: =I12+J12 -> 246.2 | L12: =F12-(I12-X12) -> -82.358256 | M12: 236.7 | N12: 0 | O12: 0 | P12: =M12-(N12+O12) -> 236.7 | Q12: 148.6 | R12: 83.7 | S12: =SUM(P12:R12) -> 469 | T12: =(I12-S12)+T11 -> 11235.4 | U12: 174.5 | V12: 97.1 | W12: =W11-V12 -> 6552.3 | X12: =N12+O12+S12+U12+V12 -> 740.6 | Y12: =IF(L12<0,L12*-1,0) -> 82.358256 | Z12: =X12+Y12 -> 822.95826 | AA12: 0 | AB12: 84 | AC12: 52 | AD12: =AD11+1 -> 3
A13: =A12+1 -> 4 | B13: 6917.313 | C13: 352068 | D13: =C13-C12 -> -1103 | E13: =C13-152000 -> 200068 | F13: =D13/$D$2 -> -556.08772 | G13: 224.3 | H13: 0 | I13: =G13+H13 -> 224.3 | J13: =IF(L13>0,L13,0) -> 0 | K13: =I13+J13 -> 224.3 | L13: =F13-(I13-X13) -> -37.287724 | M13: 240.2 | N13: 0 | O13: 0 | P13: =M13-(N13+O13) -> 240.2 | Q13: 148.3 | R13: 82.2 | S13: =SUM(P13:R13) -> 470.7 | T13: =(I13-S13)+T12 -> 10989 | U13: 174 | V13: 98.4 | W13: =W12-V13 -> 6453.9 | X13: =N13+O13+S13+U13+V13 -> 743.1 | Y13: =IF(L13<0,L13*-1,0) -> 37.287724 | Z13: =X13+Y13 -> 780.38772 | AA13: 0.06 | AB13: 82 | AC13: 52 | AD13: =AD12+1 -> 4
A14: =A13+1 -> 5 | B14: 6916.99 | C14: 350712 | D14: =C14-C13 -> -1356 | E14: =C14-152000 -> 198712 | F14: =D14/$D$2 -> -683.64003 | G14: 175.6 | H14: 0 | I14: =G14+H14 -> 175.6 | J14: =IF(L14>0,L14,0) -> 0 | K14: =I14+J14 -> 175.6 | L14: =F14-(I14-X14) -> -109.24003 | M14: 237.9 | N14: 0 | O14: 0 | P14: =M14-(N14+O14) -> 237.9 | Q14: 148.3 | R14: 81.2 | S14: =SUM(P14:R14) -> 467.4 | T14: =(I14-S14)+T13 -> 10697.2 | U14: 183.6 | V14: 99 | W14: =W13-V14 -> 6354.9 | X14: =N14+O14+S14+U14+V14 -> 750 | Y14: =IF(L14<0,L14*-1,0) -> 109.24003 | Z14: =X14+Y14 -> 859.24003 | AA14: 0 | AB14: 83 | AC14: 53 | AD14: =AD13+1 -> 5
A15: =A14+1 -> 6 | B15: 6916.72 | C15: 349576 | D15: =C15-C14 -> -1136 | E15: =C15-152000 -> 197576 | F15: =D15/$D$2 -> -572.72498 | G15: 182.3 | H15: 0 | I15: =G15+H15 -> 182.3 | J15: =IF(L15>0,L15,0) -> 0 | K15: =I15+J15 -> 182.3 | L15: =F15-(I15-X15) -> -15.324981 | M15: 231.9 | N15: 0 | O15: 0 | P15: =M15-(N15+O15) -> 231.9 | Q15: 148.6 | R15: 82.7 | S15: =SUM(P15:R15) -> 463.2 | T15: =(I15-S15)+T14 -> 10416.3 | U15: 177.5 | V15: 99 | W15: =W14-V15 -> 6255.9 | X15: =N15+O15+S15+U15+V15 -> 739.7 | Y15: =IF(L15<0,L15*-1,0) -> 15.324981 | Z15: =X15+Y15 -> 755.02498 | AA15: 0 | AB15: 82 | AC15: 53 | AD15: =AD14+1 -> 6
A16: =A15+1 -> 7 | B16: 6916.43 | C16: 348356 | D16: =C16-C15 -> -1220 | E16: =C16-152000 -> 196356 | F16: =D16/$D$2 -> -615.07436 | G16: 174.9 | H16: 0 | I16: =G16+H16 -> 174.9 | J16: =IF(L16>0,L16,0) -> 0 | K16: =I16+J16 -> 174.9 | L16: =F16-(I16-X16) -> -49.374363 | M16: 231.8 | N16: 0 | O16: 0 | P16: =M16-(N16+O16) -> 231.8 | Q16: 148.2 | R16: 83.2 | S16: =SUM(P16:R16) -> 463.2 | T16: =(I16-S16)+T15 -> 10128 | U16: 178.5 | V16: 98.9 | W16: =W15-V16 -> 6157 | X16: =N16+O16+S16+U16+V16 -> 740.6 | Y16: =IF(L16<0,L16*-1,0) -> 49.374363 | Z16: =X16+Y16 -> 789.97436 | AA16: 0 | AB16: 80 | AC16: 53 | AD16: =AD15+1 -> 7
A17: =A16+1 -> 8 | B17: 6916.17 | C17: 347262 | D17: =C17-C16 -> -1094 | E17: =C17-152000 -> 195262 | F17: =D17/$D$2 -> -551.55029 | G17: 172.7 | H17: 0 | I17: =G17+H17 -> 172.7 | J17: =IF(L17>0,L17,0) -> 4.6497101 | K17: =I17+J17 -> 177.34971 | L17: =F17-(I17-X17) -> 4.6497101 | M17: 221.9 | N17: 0 | O17: 0 | P17: =M17-(N17+O17) -> 221.9 | Q17: 148.4 | R17: 84.2 | S17: =SUM(P17:R17) -> 454.5 | T17: =(I17-S17)+T16 -> 9846.2 | U17: 175.5 | V17: 98.9 | W17: =W16-V17 -> 6058.1 | X17: =N17+O17+S17+U17+V17 -> 728.9 | Y17: =IF(L17<0,L17*-1,0) -> 0 | Z17: =X17+Y17 -> 728.9 | AA17: 0.06 | AB17: 80 | AC17: 48 | AD17: =AD16+1 -> 8
A18: =A17+1 -> 9 | B18: 6915.94 | C18: 346296 | D18: =C18-C17 -> -966 | E18: =C18-152000 -> 194296 | F18: =D18/$D$2 -> -487.0179 | G18: 185 | H18: 0 | I18: =G18+H18 -> 185 | J18: =IF(L18>0,L18,0) -> 30.282102 | K18: =I18+J18 -> 215.2821 | L18: =F18-(I18-X18) -> 30.282102 | M18: 210.5 | N18: 0 | O18: 0 | P18: =M18-(N18+O18) -> 210.5 | Q18: 148.5 | R18: 80.7 | S18: =SUM(P18:R18) -> 439.7 | T18: =(I18-S18)+T17 -> 9591.5 | U18: 166.9 | V18: 95.7 | W18: =W17-V18 -> 5962.4 | X18: =N18+O18+S18+U18+V18 -> 702.3 | Y18: =IF(L18<0,L18*-1,0) -> 0 | Z18: =X18+Y18 -> 702.3 | AA18: 0 | AB18: 82 | AC18: 50 | AD18: =AD17+1 -> 9
A19: =A18+1 -> 10 | B19: 6915.71 | C19: 345336 | D19: =C19-C18 -> -960 | E19: =C19-152000 -> 193336 | F19: =D19/$D$2 -> -483.99294 | G19: 196.8 | H19: 0 | I19: =G19+H19 -> 196.8 | J19: 0 | K19: =I19+J19 -> 196.8 | L19: =F19-(I19-X19) -> -6.7929418 | M19: 212.6 | N19: 0 | O19: 0 | P19: =M19-(N19+O19) -> 212.6 | Q19: 148.4 | R19: 82.7 | S19: =SUM(P19:R19) -> 443.7 | T19: =(I19-S19)+T18 -> 9344.6 | U19: 136.2 | V19: 94.1 | W19: =W18-V19 -> 5868.3 | X19: =N19+O19+S19+U19+V19 -> 674 | Y19: =IF(L19<0,L19*-1,0) -> 6.7929418 | Z19: =X19+Y19 -> 680.79294 | AA19: 0.24 | AB19: 81 | AC19: 52 | AD19: =AD18+1 -> 10
A20: 11 | B20: 6915.51 | C20: 344501 | D20: =C20-C19 -> -835 | E20: =C20-152000 -> 192501 | F20: =D20/$D$2 -> -420.97303 | G20: 232.3 | H20: 0 | I20: =G20+H20 -> 232.3 | J20: =IF(L20>0,L20,0) -> 27.126973 | K20: =I20+J20 -> 259.42697 | L20: =F20-(I20-X20) -> 27.126973 | M20: 217.5 | N20: 0 | O20: 4.6 | P20: =M20-(N20+O20) -> 212.9 | Q20: 148.9 | R20: 79.7 | S20: =SUM(P20:R20) -> 441.5 | T20: =(I20-S20)+T19 -> 9135.4 | U20: 136.7 | V20: 97.6 | W20: =W19-V20 -> 5770.7 | X20: =N20+O20+S20+U20+V20 -> 680.4 | Y20: =IF(L20<0,L20*-1,0) -> 0 | Z20: =X20+Y20 -> 680.4 | AA20: 0 | AB20: 81 | AC20: 48 | AD20: 11
A21: 12 | B21: 6915.21 | C21: 343249 | D21: =C21-C20 -> -1252 | E21: =C21-152000 -> 191249 | F21: =D21/$D$2 -> -631.20746 | G21: 208.3 | H21: 0 | I21: =G21+H21 -> 208.3 | J21: =IF(L21>0,L21,0) -> 0 | K21: =I21+J21 -> 208.3 | L21: =F21-(I21-X21) -> -133.10746 | M21: 213.9 | N21: 0 | O21: 10.4 | P21: =M21-(N21+O21) -> 203.5 | Q21: 148.9 | R21: 79.2 | S21: =SUM(P21:R21) -> 431.6 | T21: =(I21-S21)+T20 -> 8912.1 | U21: 163.9 | V21: 100.5 | W21: =W20-V21 -> 5670.2 | X21: =N21+O21+S21+U21+V21 -> 706.4 | Y21: =IF(L21<0,L21*-1,0) -> 133.10746 | Z21: =X21+Y21 -> 839.50746 | AA21: 0 | AB21: 85 | AC21: 47 | AD21: 12
A22: 13 | B22: 6915.01 | C22: 342414 | D22: =C22-C21 -> -835 | E22: =C22-152000 -> 190414 | F22: =D22/$D$2 -> -420.97303 | G22: 188.8 | H22: 0 | I22: =G22+H22 -> 188.8 | J22: =IF(L22>0,L22,0) -> 108.12697 | K22: =I22+J22 -> 296.92697 | L22: =F22-(I22-X22) -> 108.12697 | M22: 216.8 | N22: 0 | O22: 0 | P22: =M22-(N22+O22) -> 216.8 | Q22: 148.3 | R22: 79.7 | S22: =SUM(P22:R22) -> 444.8 | T22: =(I22-S22)+T21 -> 8656.1 | U22: 175 | V22: 98.1 | W22: =W21-V22 -> 5572.1 | X22: =N22+O22+S22+U22+V22 -> 717.9 | Y22: =IF(L22<0,L22*-1,0) -> 0 | Z22: =X22+Y22 -> 717.9 | AA22: 0.74 | AB22: 80 | AC22: 56 | AD22: 13
A23: 14 | B23: 6914.78 | C23: 341461 | D23: =C23-C22 -> -953 | E23: =C23-152000 -> 189461 | F23: =D23/$D$2 -> -480.46383 | G23: 194.7 | H23: 0 | I23: =G23+H23 -> 194.7 | J23: =IF(L23>0,L23,0) -> 71.736173 | K23: =I23+J23 -> 266.43617 | L23: =F23-(I23-X23) -> 71.736173 | M23: 220.9 | N23: 0 | O23: 0 | P23: =M23-(N23+O23) -> 220.9 | Q23: 180.9 | R23: 80.2 | S23: =SUM(P23:R23) -> 482 | T23: =(I23-S23)+T22 -> 8368.8 | U23: 163.4 | V23: 101.5 | W23: =W22-V23 -> 5470.6 | X23: =N23+O23+S23+U23+V23 -> 746.9 | Y23: =IF(L23<0,L23*-1,0) -> 0 | Z23: =X23+Y23 -> 746.9 | AA23: 0.26 | AB23: 72 | AC23: 56 | AD23: 14
A24: 15 | B24: 6914.49 | C24: 340260 | D24: =C24-C23 -> -1201 | E24: =C24-152000 -> 188260 | F24: =D24/$D$2 -> -605.49534 | G24: 203.7 | H24: 0 | I24: =G24+H24 -> 203.7 | J24: =IF(L24>0,L24,0) -> 0 | K24: =I24+J24 -> 203.7 | L24: =F24-(I24-X24) -> -53.195337 | M24: 222.7 | N24: 0 | O24: 0 | P24: =M24-(N24+O24) -> 222.7 | Q24: 191.8 | R24: 80.7 | S24: =SUM(P24:R24) -> 495.2 | T24: =(I24-S24)+T23 -> 8077.3 | U24: 159.4 | V24: 101.4 | W24: =W23-V24 -> 5369.2 | X24: =N24+O24+S24+U24+V24 -> 756 | Y24: =IF(L24<0,L24*-1,0) -> 53.195337 | Z24: =X24+Y24 -> 809.19534 | AA24: 0 | AB24: 78 | AC24: 46 | AD24: 15
A25: 16 | B25: 6914.21 | C25: 339100 | D25: =C25-C24 -> -1160 | E25: =C25-152000 -> 187100 | F25: =D25/$D$2 -> -584.8248 | G25: 180.7 | H25: 0 | I25: =G25+H25 -> 180.7 | J25: =IF(L25>0,L25,0) -> 0 | K25: =I25+J25 -> 180.7 | L25: =F25-(I25-X25) -> -48.524805 | M25: 226.9 | N25: 0 | O25: 10.4 | P25: =M25-(N25+O25) -> 216.5 | Q25: 147.1 | R25: 79.2 | S25: =SUM(P25:R25) -> 442.8 | T25: =(I25-S25)+T24 -> 7815.2 | U25: 163.9 | V25: 99.9 | W25: =W24-V25 -> 5269.3 | X25: =N25+O25+S25+U25+V25 -> 717 | Y25: =IF(L25<0,L25*-1,0) -> 48.524805 | Z25: =X25+Y25 -> 765.5248 | AA25: 0 | AB25: 82 | AC25: 49 | AD25: 16
A26: 17 | B26: 6913.92 | C26: 337902 | D26: =C26-C25 -> -1198 | E26: =C26-152000 -> 185902 | F26: =D26/$D$2 -> -603.98286 | G26: 163.3 | H26: 0 | I26: =G26+H26 -> 163.3 | J26: =IF(L26>0,L26,0) -> 0 | K26: =I26+J26 -> 163.3 | L26: =F26-(I26-X26) -> -56.382859 | M26: 221.5 | N26: 0 | O26: 10.4 | P26: =M26-(N26+O26) -> 211.1 | Q26: 147.3 | R26: 81.2 | S26: =SUM(P26:R26) -> 439.6 | T26: =(I26-S26)+T25 -> 7538.9 | U26: 161.9 | V26: 99 | W26: =W25-V26 -> 5170.3 | X26: =N26+O26+S26+U26+V26 -> 710.9 | Y26: =IF(L26<0,L26*-1,0) -> 56.382859 | Z26: =X26+Y26 -> 767.28286 | AA26: 0 | AB26: 76 | AC26: 48 | AD26: 17
A27: 18 | B27: 6913.64 | C27: 336751 | D27: =C27-C26 -> -1151 | E27: =C27-152000 -> 184751 | F27: =D27/$D$2 -> -580.28737 | G27: 160 | H27: 0 | I27: =G27+H27 -> 160 | J27: =IF(L27>0,L27,0) -> 0 | K27: =I27+J27 -> 160 | L27: =F27-(I27-X27) -> -49.187371 | M27: 215.6 | N27: 0 | O27: 0 | P27: =M27-(N27+O27) -> 215.6 | Q27: 126.9 | R27: 79.2 | S27: =SUM(P27:R27) -> 421.7 | T27: =(I27-S27)+T26 -> 7277.2 | U27: 170.4 | V27: 99 | W27: =W26-V27 -> 5071.3 | X27: =N27+O27+S27+U27+V27 -> 691.1 | Y27: =IF(L27<0,L27*-1,0) -> 49.187371 | Z27: =X27+Y27 -> 740.28737 | AA27: 0 | AB27: 85 | AC27: 50 | AD27: 18
A28: 19 | B28: 6913.4 | C28: 335765 | D28: =C28-C27 -> -986 | E28: =C28-152000 -> 183765 | F28: =D28/$D$2 -> -497.10108 | G28: 151.1 | H28: 0 | I28: =G28+H28 -> 151.1 | J28: =IF(L28>0,L28,0) -> 29.898916 | K28: =I28+J28 -> 180.99892 | L28: =F28-(I28-X28) -> 29.898916 | M28: 206.7 | N28: 0 | O28: 0 | P28: =M28-(N28+O28) -> 206.7 | Q28: 118.1 | R28: 77.7 | S28: =SUM(P28:R28) -> 402.5 | T28: =(I28-S28)+T27 -> 7025.8 | U28: 176.5 | V28: 99.1 | W28: =W27-V28 -> 4972.2 | X28: =N28+O28+S28+U28+V28 -> 678.1 | Y28: =IF(L28<0,L28*-1,0) -> 0 | Z28: =X28+Y28 -> 678.1 | AA28: 0.21 | AB28: 79 | AC28: 53 | AD28: 19
A29: 20 | B29: 6913.2 | C29: 334943 | D29: =C29-C28 -> -822 | E29: =C29-152000 -> 182943 | F29: =D29/$D$2 -> -414.41896 | G29: 178.3 | H29: 0 | I29: =G29+H29 -> 178.3 | J29: =IF(L29>0,L29,0) -> 50.081044 | K29: =I29+J29 -> 228.38104 | L29: =F29-(I29-X29) -> 50.081044 | M29: 199.6 | N29: 0 | O29: 0 | P29: =M29-(N29+O29) -> 199.6 | Q29: 108.2 | R29: 76.1 | S29: =SUM(P29:R29) -> 383.9 | T29: =(I29-S29)+T28 -> 6820.2 | U29: 159.9 | V29: 99 | W29: =W28-V29 -> 4873.2 | X29: =N29+O29+S29+U29+V29 -> 642.8 | Y29: =IF(L29<0,L29*-1,0) -> 0 | Z29: =X29+Y29 -> 642.8 | AA29: 0.06 | AB29: 69 | AC29: 52 | AD29: 20
A30: 21 | B30: 6912.96 | C30: 333978 | D30: =C30-C29 -> -965 | E30: =C30-152000 -> 181978 | F30: =D30/$D$2 -> -486.51374 | G30: 191.3 | H30: 0 | I30: =G30+H30 -> 191.3 | J30: =IF(L30>0,L30,0) -> 0 | K30: =I30+J30 -> 191.3 | L30: =F30-(I30-X30) -> -57.213738 | M30: 184.9 | N30: 0 | O30: 11.6 | P30: =M30-(N30+O30) -> 173.3 | Q30: 108.2 | R30: 74.6 | S30: =SUM(P30:R30) -> 356.1 | T30: =(I30-S30)+T29 -> 6655.4 | U30: 153.8 | V30: 99.1 | W30: =W29-V30 -> 4774.1 | X30: =N30+O30+S30+U30+V30 -> 620.6 | Y30: =IF(L30<0,L30*-1,0) -> 57.213738 | Z30: =X30+Y30 -> 677.81374 | AA30: 0.04 | AB30: 74 | AC30: 53 | AD30: 21
A31: 22 | B31: 6912.78 | C31: 333224 | D31: =C31-C30 -> -754 | E31: =C31-152000 -> 181224 | F31: =D31/$D$2 -> -380.13612 | G31: 203.2 | H31: 0 | I31: =G31+H31 -> 203.2 | J31: =IF(L31>0,L31,0) -> 6.663877 | K31: =I31+J31 -> 209.86388 | L31: =F31-(I31-X31) -> 6.663877 | M31: 167.5 | N31: 0 | O31: 0 | P31: =M31-(N31+O31) -> 167.5 | Q31: 107.8 | R31: 74.1 | S31: =SUM(P31:R31) -> 349.4 | T31: =(I31-S31)+T30 -> 6509.2 | U31: 142.2 | V31: 98.4 | W31: =W30-V31 -> 4675.7 | X31: =N31+O31+S31+U31+V31 -> 590 | Y31: =IF(L31<0,L31*-1,0) -> 0 | Z31: =X31+Y31 -> 590 | AA31: 0 | AB31: 76 | AC31: 48 | AD31: 22
... A40: 31 | B40: 6912.01 | C40: 330085 | D40: =C40-C39 -> -82 | E40: =C40-152000 -> 178085 | F40: =D40/$D$2 -> -41.341064 | G40: 341.1 | H40: 0 | I40: =G40+H40 -> 341.1 | J40: =IF(L40>0,L40,0) -> 0.85893622 | K40: =I40+J40 -> 341.95894 | L40: =F40-(I40-X40) -> 0.85893622 | M40: 102.8 | N40: 0 | O40: 0 | P40: =M40-(N40+O40) -> 102.8 | Q40: 90.5 | R40: 41.9 | S40: =SUM(P40:R40) -> 235.2 | T40: =(I40-S40)+T39 -> 6151 | U40: 54.5 | V40: 93.6 | W40: =W39-V40 -> 3780.2 | X40: =N40+O40+S40+U40+V40 -> 383.3 | Y40: =IF(L40<0,L40*-1,0) -> 0 | Z40: =X40+Y40 -> 383.3 | AA40: 0 | AB40: 74 | AC40: 52 | AD40: 31
A42: MONTH / CFS | F42: =SUM(F10:F40) -> -13441.391 | G42: =SUM(G10:G40) -> 6668.2 | H42: =SUM(H10:H40) -> 0 | I42: =SUM(I10:I40) -> 6668.2 | J42: =SUM(J10:J40) -> 826.50839 | K42: =SUM(K10:K40) -> 7494.7084 | L42: =SUM(L10:L40) -> -195.09148 | M42: =SUM(M10:M40) -> 6108.1 | ... S42: =SUM(S10:S40) -> 12399.3 | U42: =SUM(U10:U40) -> 4399.3 | V42: =SUM(V10:V40) -> 3068.5 | X42: =SUM(X10:X40) -> 19914.5 | Y42: =SUM(Y10:Y40) -> 1021.5999 | Z42: =SUM(Z10:Z40) -> 20936.1 | AA42: =SUM(AA10:AA40) -> 3.56 | AB42: =AVERAGE(AB10:AB40) -> 78.354839 | AC42: =AVERAGE(AC10:AC40) -> 51.225806 | AD42: AVG
A43: MONTH / AF | D43: =SUM(D10:D40) -> -26661 | F43: =F42*$D$2 -> -26661 | G43: =G42*$D$2 -> 13226.375 | H43: =H42*$D$2 -> 0 | I43: =I42*$D$2 -> 13226.375 | J43: =J42*$D$2 -> 1639.3794 | K43: =K42*$D$2 -> 14865.754 | L43: =L42*$D$2 -> -386.96395 | M43: =M42*$D$2 -> 12115.416 | ... S43: =S42*$D$2 -> 24594.012 | U43: =U42*$D$2 -> 8726.0115 | V43: =V42*$D$2 -> 6086.3697 | X43: =X42*$D$2 -> 39500.411 | Y43: =Y42*$D$2 -> 2026.3434 | Z43: =Z42*$D$2 -> 41526.754 | AB43: =MAX(AB10:AB40) -> 86 | AC43: =MAX(AC10:AC40) -> 58 | AD43: HI
A45: SEASON / CFS | F45: =F7+F42 -> 979.58155 | G45: =G7+G42 -> 209084.2 | H45: =H7+H42 -> 17400.2 | I45: =I7+I42 -> 226484.4 | J45: =J7+J42 -> 45215.231 | K45: =K7+K42 -> 271699.63 | L45: =L7+L42 -> 39477.632 | M45: =M7+M42 -> 26034.96 | ... S45: =S7+S42 -> 52323.55 | T45: =T40 -> 6151 | U45: =U7+U42 -> 13617.8 | V45: =V7+V42 -> 198982.1 | W45: =W40 -> 3780.2 | X45: =X7+X42 -> 264982.45 | Y45: =Y7+Y42 -> 5737.5993 | Z45: =Z7+Z42 -> 270720.05 | AB45: =MIN(AB10:AB40) -> 63 | AC45: =MIN(AC10:AC40) -> 46 | AD45: LO
A46: SEASON / AF | F46: =F45*$D$2 -> 1943 | G46: =G45*$D$2 -> 414718.51 | H46: =H45*$D$2 -> 34513.297 | I46: =I45*$D$2 -> 449231.81 | J46: =J45*$D$2 -> 89684.41 | K46: =K45*$D$2 -> 538916.22 | L46: =L45*$D$2 -> 78303.882 | M46: =M45*$D$2 -> 51640.343 | ... Z46: =Z45*$D$2 -> 536973.22
A48: YTD / CFS | F48: =F8+F42 -> 13162.591 | G48: =G8+G42 -> 226690.8 | H48: =H8+H42 -> 20579.8 | I48: =I8+I42 -> 247270.6 | J48: =J8+J42 -> 52756.07 | K48: =K8+K42 -> 300026.67 | L48: =L8+L42 -> 46013.541 | M48: =M8+M42 -> 27123.26 | ... S48: =S8+S42 -> 53590.47 | T48: =T45 -> 6151 | U48: =U8+U42 -> 13617.8 | V48: =V8+V42 -> 212854.2 | W48: =W40 -> 3780.2 | X48: =X8+X42 -> 280121.55 | Y48: =Y8+Y42 -> 6742.5283 | Z48: =Z8+Z42 -> 286864.08 | AA48: =AA8+AA42 -> 17.57
A49: YTD / AF | D49: =D8+D43 -> 26108 | E49: =E40 -> 178085 | F49: =F48*$D$2 -> 26108 | G49: =G48*$D$2 -> 449641.2 | H49: =H48*$D$2 -> 40820.033 | I49: =I48*$D$2 -> 490461.24 | J49: =J48*$D$2 -> 104641.66 | K49: =K48*$D$2 -> 595102.9 | L49: =L48*$D$2 -> 91267.859 | M49: =M48*$D$2 -> 53798.986 | ... Z49: =Z48*$D$2 -> 568994.9

Sheet SEP
K1: MC PHEE RESERVOIR IN/OUT FLOW TABULATION
A2: AF/cfs CONVERT FACTOR | D2: 1.9835 | K2: SEPTEMBER "1993"
A4: DATE | B4: RESERV | C4: RESERV | D4: AC FT | E4: ACTIVE | F4: CONV TO | G4: DOLORES | H4: LOST | I4: RECORDED | J4: CALC | K4: TOTAL | L4: CALC | M4: DOLORES TUNNEL | Q4: LONE | R4: U | S4: TOTAL | T4: MVI | U4: DV CR | V4: BELOW | W4: REMAIN | X4: RECORDED | Y4: CALC | Z4: TOTAL | AA4: RAIN | AB4: MAX | AC4: MIN | AD4: DATE
A5: "SEP" | B5: ELEV | C5: AC FT | D5: CHANGE | E5: CAP | F5: CFS | G5: RIVER | H5: CANYON | I5: INFLOW | J5: INFLOW | K5: INFLOW | L5: INF/OTF | M5: TOT DIV | N5: WETLAND | O5: UTE F&R | P5: MVI,CTZ | Q5: PINE | R5: LAT | S5: MVI | T5: CALL | U5: CANAL | V5: MC PHEE | W5: RELEASE | X5: OUTFLOW | Y5: OUTFLOW | Z5: OUTFLOW | AB5: TMP | AC5: TMP | AD5: "SEP"
A7: SEASON BAL | F7: =AUG!F45 -> 979.58155 | G7: =AUG!G45 -> 209084.2 | H7: =AUG!H45 -> 17400.2 | I7: =AUG!I45 -> 226484.4 | J7: =AUG!J45 -> 45215.231 | K7: =AUG!K45 -> 271699.63 | L7: =AUG!L45 -> 39477.632 | M7: =AUG!M45 -> 26034.96 | ... V7: =AUG!V45 -> 198982.1 | X7: =AUG!X45 -> 264982.45 | Y7: =AUG!Y45 -> 5737.5993 | Z7: =AUG!Z45 -> 270720.05
A8: YTD | B8: =AUG!B40 -> 6912.01 | C8: =AUG!C40 -> 330085 | D8: =AUG!D49 -> 26108 | E8: =AUG!E49 -> 178085 | F8: =AUG!F48 -> 13162.591 | G8: =AUG!G48 -> 226690.8 | H8: =AUG!H48 -> 20579.8 | I8: =AUG!I48 -> 247270.6 | J8: =AUG!J48 -> 52756.07 | K8: =AUG!K48 -> 300026.67 | L8: =AUG!L48 -> 46013.541 | M8: =AUG!M48 -> 27123.26 | ... AA8: =AUG!AA48 -> 17.57
AB9: 0
A10: 1 | B10: 6911.99 | C10: 330004 | D10: =C10-C8 -> -81 | E10: =C10-151978 -> 178026 | F10: =D10/$D$2 -> -40.836904 | G10: 307.6 | H10: 0 | I10: =G10+H10 -> 307.6 | J10: =IF(L10>0,L10,0) -> 22.463096 | K10: =I10+J10 -> 330.0631 | L10: =F10-(I10-X10) -> 22.463096 | M10: 117.6 | N10: 0 | O10: 0 | P10: =M10-(N10+O10) -> 117.6 | Q10: 90.3 | R10: 45.8 | S10: =SUM(P10:R10) -> 253.7 | T10: =(I10-S10)+T7 -> 6204.9 | U10: 47.4 | V10: 69.8 | W10: =W8-V10 -> 3710.4 | X10: =N10+O10+S10+U10+V10 -> 370.9 | Y10: =IF(L10<0,L10*-1,0) -> 0 | Z10: =X10+Y10 -> 370.9 | AA10: 0 | AB10: 76 | AC10: 46 | AD10: 1
A11: 2 | B11: 6911.93 | C11: 329761 | D11: =C11-C10 -> -243 | E11: =C11-151978 -> 177783 | F11: =D11/$D$2 -> -122.51071 | G11: 280.2 | H11: 0 | I11: =G11+H11 -> 280.2 | J11: =IF(L11>0,L11,0) -> 0 | K11: =I11+J11 -> 280.2 | L11: =F11-(I11-X11) -> -42.910713 | M11: 105.7 | N11: 0 | O11: 0 | P11: =M11-(N11+O11) -> 105.7 | Q11: 90.5 | R11: 48 | S11: =SUM(P11:R11) -> 244.2 | T11: =(I11-S11)+T10 -> 6240.9 | U11: 45.4 | V11: 70.2 | W11: =W10-V11 -> 3640.2 | X11: =N11+O11+S11+U11+V11 -> 359.8 | Y11: =IF(L11<0,L11*-1,0) -> 42.910713 | Z11: =X11+Y11 -> 402.71071 | AA11: 0 | AB11: 77 | AC11: 47 | AD11: 2
A12: 3 | B12: 6911.85 | C12: 329438 | D12: =C12-C11 -> -323 | E12: =C12-151978 -> 177460 | F12: =D12/$D$2 -> -162.84346 | G12: 239.2 | H12: 0 | I12: =G12+H12 -> 239.2 | J12: =IF(L12>0,L12,0) -> 0 | K12: =I12+J12 -> 239.2 | L12: =F12-(I12-X12) -> -23.443459 | M12: 105.5 | N12: 0 | O12: 0 | P12: =M12-(N12+O12) -> 105.5 | Q12: 90.2 | R12: 48.9 | S12: =SUM(P12:R12) -> 244.6 | T12: =(I12-S12)+T11 -> 6235.5 | U12: 62 | V12: 72 | W12: =W11-V12 -> 3568.2 | X12: =N12+O12+S12+U12+V12 -> 378.6 | Y12: =IF(L12<0,L12*-1,0) -> 23.443459 | Z12: =X12+Y12 -> 402.04346 | AA12: 0 | AB12: 80 | AC12: 48 | AD12: 3
A13: 4 | B13: 6911.7 | C13: 328831 | D13: =C13-C12 -> -607 | E13: =C13-151978 -> 176853 | F13: =D13/$D$2 -> -306.0247 | G13: 209.5 | H13: 0 | I13: =G13+H13 -> 209.5 | J13: =IF(L13>0,L13,0) -> 0 | K13: =I13+J13 -> 209.5 | L13: =F13-(I13-X13) -> -131.0247 | M13: 115.4 | N13: 0 | O13: 0 | P13: =M13-(N13+O13) -> 115.4 | Q13: 90 | R13: 52.4 | S13: =SUM(P13:R13) -> 257.8 | T13: =(I13-S13)+T12 -> 6187.2 | U13: 54 | V13: 72.7 | W13: =W12-V13 -> 3495.5 | X13: =N13+O13+S13+U13+V13 -> 384.5 | Y13: =IF(L13<0,L13*-1,0) -> 131.0247 | Z13: =X13+Y13 -> 515.5247 | AA13: 0 | AB13: 82 | AC13: 47 | AD13: 4
A14: 5 | B14: 6911.63 | C14: 328548 | D14: =C14-C13 -> -283 | E14: =C14-151978 -> 176570 | F14: =D14/$D$2 -> -142.67709 | G14: 195.5 | H14: 0 | I14: =G14+H14 -> 195.5 | J14: =IF(L14>0,L14,0) -> 34.322914 | K14: =I14+J14 -> 229.82291 | L14: =F14-(I14-X14) -> 34.322914 | M14: 99.6 | N14: 0 | O14: 0 | P14: =M14-(N14+O14) -> 99.6 | Q14: 90.1 | R14: 52.4 | S14: =SUM(P14:R14) -> 242.1 | T14: =(I14-S14)+T13 -> 6140.6 | U14: 58 | V14: 72.4 | W14: =W13-V14 -> 3423.1 | X14: =N14+O14+S14+U14+V14 -> 372.5 | Y14: =IF(L14<0,L14*-1,0) -> 0 | Z14: =X14+Y14 -> 372.5 | AA14: 0 | AB14: 78 | AC14: 54 | AD14: 5
A15: 6 | B15: 6911.5 | C15: 328022 | D15: =C15-C14 -> -526 | E15: =C15-151978 -> 176044 | F15: =D15/$D$2 -> -265.1878 | G15: 194 | H15: 0 | I15: =G15+H15 -> 194 | J15: =IF(L15>0,L15,0) -> 0 | K15: =I15+J15 -> 194 | L15: =F15-(I15-X15) -> -68.787799 | M15: 109.1 | N15: 0 | O15: 0 | P15: =M15-(N15+O15) -> 109.1 | Q15: 89.9 | R15: 51.4 | S15: =SUM(P15:R15) -> 250.4 | T15: =(I15-S15)+T14 -> 6084.2 | U15: 67.6 | V15: 72.4 | W15: =W14-V15 -> 3350.7 | X15: =N15+O15+S15+U15+V15 -> 390.4 | Y15: =IF(L15<0,L15*-1,0) -> 68.787799 | Z15: =X15+Y15 -> 459.1878 | AA15: 0 | AB15: 80 | AC15: 48 | AD15: 6
A16: 7 | C16: 327536 | D16: =C16-C15 -> -486 | E16: =C16-151978 -> 175558 | F16: =D16/$D$2 -> -245.02143 | G16: 186.1 | H16: 0 | I16: =G16+H16 -> 186.1 | J16: =IF(L16>0,L16,0) -> 10.778573 | K16: =I16+J16 -> 196.87857 | L16: =F16-(I16-X16) -> 10.778573 | M16: 141.9 | N16: 0 | O16: 0 | P16: =M16-(N16+O16) -> 141.9 | Q16: 89.3 | R16: 59.5 | S16: =SUM(P16:R16) -> 290.7 | T16: =(I16-S16)+T15 -> 5979.6 | U16: 78.7 | V16: 72.5 | W16: =W15-V16 -> 3278.2 | X16: =N16+O16+S16+U16+V16 -> 441.9 | Y16: =IF(L16<0,L16*-1,0) -> 0 | Z16: =X16+Y16 -> 441.9 | AA16: 0 | AB16: 77 | AC16: 48 | AD16: 7
A17: 8 | B17: 6911.22 | C17: 326889 | D17: =C17-C16 -> -647 | E17: =C17-151978 -> 174911 | F17: =D17/$D$2 -> -326.19108 | G17: 176.2 | H17: 0 | I17: =G17+H17 -> 176.2 | J17: =IF(L17>0,L17,0) -> 0 | K17: =I17+J17 -> 176.2 | L17: =F17-(I17-X17) -> -84.891076 | M17: 120 | N17: 0 | O17: 0 | P17: =M17-(N17+O17) -> 120 | Q17: 89.5 | R17: 60.5 | S17: =SUM(P17:R17) -> 270 | T17: =(I17-S17)+T16 -> 5885.8 | U17: 75.1 | V17: 72.4 | W17: =W16-V17 -> 3205.8 | X17: =N17+O17+S17+U17+V17 -> 417.5 | Y17: =IF(L17<0,L17*-1,0) -> 84.891076 | Z17: =X17+Y17 -> 502.39108 | AA17: 0 | AB17: 78 | AC17: 44 | AD17: 8
A18: 9 | B18: 6911.03 | C18: 326121 | D18: =C18-C17 -> -768 | E18: =C18-151978 -> 174143 | F18: =D18/$D$2 -> -387.19435 | G18: 165.4 | H18: 0 | I18: =G18+H18 -> 165.4 | J18: =IF(L18>0,L18,0) -> 0 | K18: =I18+J18 -> 165.4 | L18: =F18-(I18-X18) -> -91.194353 | M18: 165 | N18: 0 | O18: 0 | P18: =M18-(N18+O18) -> 165 | Q18: 89 | R18: 60 | S18: =SUM(P18:R18) -> 314 | T18: =(I18-S18)+T17 -> 5737.2 | U18: 74.1 | V18: 73.3 | W18: =W17-V18 -> 3132.5 | X18: =N18+O18+S18+U18+V18 -> 461.4 | Y18: =IF(L18<0,L18*-1,0) -> 91.194353 | Z18: =X18+Y18 -> 552.59435 | AA18: 0 | AB18: 81 | AC18: 43 | AD18: 9
A19: 10 | B19: 6910.87 | C19: 325478 | D19: =C19-C18 -> -643 | E19: =C19-151978 -> 173500 | F19: =D19/$D$2 -> -324.17444 | G19: 157.5 | H19: 0.01 | I19: =G19+H19 -> 157.51 | J19: =IF(L19>0,L19,0) -> 0 | K19: =I19+J19 -> 157.51 | L19: =F19-(I19-X19) -> -4.7844391 | M19: 171.2 | N19: 0 | O19: 0 | P19: =M19-(N19+O19) -> 171.2 | Q19: 88.8 | R19: 69.6 | S19: =SUM(P19:R19) -> 329.6 | T19: =(I19-S19)+T18 -> 5565.11 | U19: 75.1 | V19: 72.2 | W19: =W18-V19 -> 3060.3 | X19: =N19+O19+S19+U19+V19 -> 476.9 | Y19: =IF(L19<0,L19*-1,0) -> 4.7844391 | Z19: =X19+Y19 -> 481.68444 | AA19: 0 | AB19: 80 | AC19: 48 | AD19: 10
A20: 11 | B20: 6910.7 | C20: 324796 | D20: =C20-C19 -> -682 | E20: =C20-151978 -> 172818 | F20: =D20/$D$2 -> -343.83665 | G20: 152.2 | H20: 0 | I20: =G20+H20 -> 152.2 | J20: =IF(L20>0,L20,0) -> 0 | K20: =I20+J20 -> 152.2 | L20: =F20-(I20-X20) -> -57.836652 | M20: 145.5 | N20: 0 | O20: 0 | P20: =M20-(N20+O20) -> 145.5 | Q20: 88.8 | R20: 50.9 | S20: =SUM(P20:R20) -> 285.2 | T20: =(I20-S20)+T19 -> 5432.11 | U20: 79.7 | V20: 73.3 | W20: =W19-V20 -> 2987 | X20: =N20+O20+S20+U20+V20 -> 438.2 | Y20: =IF(L20<0,L20*-1,0) -> 57.836652 | Z20: =X20+Y20 -> 496.03665 | AA20: 0 | AB20: 82 | AC20: 46 | AD20: 11
A21: 12 | B21: 6910.57 | C21: 324274 | D21: =C21-C20 -> -522 | E21: =C21-151978 -> 172296 | F21: =D21/$D$2 -> -263.17116 | G21: 147.4 | H21: 0 | I21: =G21+H21 -> 147.4 | J21: =IF(L21>0,L21,0) -> 44.728838 | K21: =I21+J21 -> 192.12884 | L21: =F21-(I21-X21) -> 44.728838 | M21: 151.2 | N21: 0 | O21: 0 | P21: =M21-(N21+O21) -> 151.2 | Q21: 89.2 | R21: 79.2 | S21: =SUM(P21:R21) -> 319.6 | T21: =(I21-S21)+T20 -> 5259.91 | U21: 63 | V21: 72.7 | W21: =W20-V21 -> 2914.3 | X21: =N21+O21+S21+U21+V21 -> 455.3 | Y21: =IF(L21<0,L21*-1,0) -> 0 | Z21: =X21+Y21 -> 455.3 | AA21: 0.4 | AB21: 75 | AC21: 47 | AD21: 12
A22: 13 | B22: 6910.46 | C22: 323832 | D22: =C22-C21 -> -442 | E22: =C22-151978 -> 171854 | F22: =D22/$D$2 -> -222.83842 | G22: 167.3 | H22: 0.01 | I22: =G22+H22 -> 167.31 | J22: =IF(L22>0,L22,0) -> 28.951583 | K22: =I22+J22 -> 196.26158 | L22: =F22-(I22-X22) -> 28.951583 | M22: 162 | N22: 0 | O22: 0 | P22: =M22-(N22+O22) -> 162 | Q22: 89.1 | R22: 57.5 | S22: =SUM(P22:R22) -> 308.6 | T22: =(I22-S22)+T21 -> 5118.62 | U22: 37.8 | V22: 72.7 | W22: =W21-V22 -> 2841.6 | X22: =N22+O22+S22+U22+V22 -> 419.1 | Y22: =IF(L22<0,L22*-1,0) -> 0 | Z22: =X22+Y22 -> 419.1 | AA22: 0 | AB22: 59 | AC22: 44 | AD22: 13
A23: 14 | B23: 6910.37 | C23: 323471 | D23: =C23-C22 -> -361 | E23: =C23-151978 -> 171493 | F23: =D23/$D$2 -> -182.00151 | G23: 193.5 | H23: 0.01 | I23: =G23+H23 -> 193.51 | J23: =IF(L23>0,L23,0) -> 0 | K23: =I23+J23 -> 193.51 | L23: =F23-(I23-X23) -> -13.311512 | M23: 123.9 | N23: 0 | O23: 0 | P23: =M23-(N23+O23) -> 123.9 | Q23: 75.6 | R23: 54.5 | S23: =SUM(P23:R23) -> 254 | T23: =(I23-S23)+T22 -> 5058.13 | U23: 35.8 | V23: 72.4 | W23: =W22-V23 -> 2769.2 | X23: =N23+O23+S23+U23+V23 -> 362.2 | Y23: =IF(L23<0,L23*-1,0) -> 13.311512 | Z23: =X23+Y23 -> 375.51151 | AA23: 0 | AB23: 67 | AC23: 40 | AD23: 14
A24: 15 | B24: 6910.26 | C24: 323030 | D24: =C24-C23 -> -441 | E24: =C24-151978 -> 171052 | F24: =D24/$D$2 -> -222.33426 | G24: 151.7 | H24: 0 | I24: =G24+H24 -> 151.7 | J24: =IF(L24>0,L24,0) -> 0 | K24: =I24+J24 -> 151.7 | L24: =F24-(I24-X24) -> -22.434258 | M24: 112.8 | N24: 0 | O24: 0 | P24: =M24-(N24+O24) -> 112.8 | Q24: 68.5 | R24: 55 | S24: =SUM(P24:R24) -> 236.3 | T24: =(I24-S24)+T23 -> 4973.53 | U24: 42.9 | V24: 72.4 | W24: =W23-V24 -> 2696.8 | X24: =N24+O24+S24+U24+V24 -> 351.6 | Y24: =IF(L24<0,L24*-1,0) -> 22.434258 | Z24: =X24+Y24 -> 374.03426 | AA24: 0.04 | AB24: 68 | AC24: 32 | AD24: 15
A25: 16 | B25: 6910.12 | C25: 322468 | D25: =C25-C24 -> -562 | E25: =C25-151978 -> 170490 | F25: =D25/$D$2 -> -283.33753 | G25: 124.1 | H25: 0 | I25: =G25+H25 -> 124.1 | J25: =IF(L25>0,L25,0) -> 0 | K25: =I25+J25 -> 124.1 | L25: =F25-(I25-X25) -> -48.237535 | M25: 126.9 | N25: 0 | O25: 0 | P25: =M25-(N25+O25) -> 126.9 | Q25: 68.4 | R25: 49.9 | S25: =SUM(P25:R25) -> 245.2 | T25: =(I25-S25)+T24 -> 4852.43 | U25: 41.4 | V25: 72.6 | W25: =W24-V25 -> 2624.2 | X25: =N25+O25+S25+U25+V25 -> 359.2 | Y25: =IF(L25<0,L25*-1,0) -> 48.237535 | Z25: =X25+Y25 -> 407.43753 | AA25: 0 | AB25: 72 | AC25: 37 | AD25: 16
A26: 17 | B26: 6909.95 | C26: 321787 | D26: =C26-C25 -> -681 | E26: =C26-151978 -> 169809 | F26: =D26/$D$2 -> -343.33249 | G26: 113.3 | H26: 0 | I26: =G26+H26 -> 113.3 | J26: =IF(L26>0,L26,0) -> 0 | K26: =I26+J26 -> 113.3 | L26: =F26-(I26-X26) -> -90.432493 | M26: 123.8 | N26: 0 | O26: 0 | P26: =M26-(N26+O26) -> 123.8 | Q26: 68.1 | R26: 49.9 | S26: =SUM(P26:R26) -> 241.8 | T26: =(I26-S26)+T25 -> 4723.93 | U26: 51.9 | V26: 72.5 | W26: =W25-V26 -> 2551.7 | X26: =N26+O26+S26+U26+V26 -> 366.2 | Y26: =IF(L26<0,L26*-1,0) -> 90.432493 | Z26: =X26+Y26 -> 456.63249 | AA26: 0 | AB26: 69 | AC26: 43 | AD26: 17
A27: 18 | B27: 6909.82 | C27: 321270 | D27: =C27-C26 -> -517 | E27: =C27-151978 -> 169292 | F27: =D27/$D$2 -> -260.65037 | G27: 106.5 | H27: 0 | I27: =G27+H27 -> 106.5 | J27: =IF(L27>0,L27,0) -> 0 | K27: =I27+J27 -> 106.5 | L27: =F27-(I27-X27) -> -5.9503655 | M27: 120.5 | N27: 0 | O27: 0 | P27: =M27-(N27+O27) -> 120.5 | Q27: 67.8 | R27: 49.4 | S27: =SUM(P27:R27) -> 237.7 | T27: =(I27-S27)+T26 -> 4592.73 | U27: 50.9 | V27: 72.6 | W27: =W26-V27 -> 2479.1 | X27: =N27+O27+S27+U27+V27 -> 361.2 | Y27: =IF(L27<0,L27*-1,0) -> 5.9503655 | Z27: =X27+Y27 -> 367.15037 | AA27: 0 | AB27: 66 | AC27: 46 | AD27: 18
A28: 19 | B28: 6909.68 | C28: 320712 | D28: =C28-C27 -> -558 | E28: =C28-151978 -> 168734 | F28: =D28/$D$2 -> -281.3209 | G28: 102.6 | H28: 0 | I28: =G28+H28 -> 102.6 | J28: =IF(L28>0,L28,0) -> 0 | K28: =I28+J28 -> 102.6 | L28: =F28-(I28-X28) -> -32.220897 | M28: 119.8 | N28: 0 | O28: 0 | P28: =M28-(N28+O28) -> 119.8 | Q28: 68.9 | R28: 48.9 | S28: =SUM(P28:R28) -> 237.6 | T28: =(I28-S28)+T27 -> 4457.73 | U28: 41.4 | V28: 72.7 | W28: =W27-V28 -> 2406.4 | X28: =N28+O28+S28+U28+V28 -> 351.7 | Y28: =IF(L28<0,L28*-1,0) -> 32.220897 | Z28: =X28+Y28 -> 383.9209 | AA28: 0 | AB28: 67 | AC28: 36 | AD28: 19
... A39: 30 | B39: 6908.2 | C39: 314846 | D39: =C39-C38 -> -592 | E39: =C39-151978 -> 162868 | F39: =D39/$D$2 -> -298.46231 | G39: 65.1 | H39: 0 | I39: =G39+H39 -> 65.1 | J39: =IF(L39>0,L39,0) -> 0 | K39: =I39+J39 -> 65.1 | L39: =F39-(I39-X39) -> -67.662314 | M39: 145.9 | N39: 0 | O39: 13.7 | P39: =M39-(N39+O39) -> 132.2 | Q39: 0 | R39: 46.9 | S39: =SUM(P39:R39) -> 179.1 | T39: =(I39-S39)+T38 -> 3090.63 | U39: 32.8 | V39: 70.3 | W39: =W38-V39 -> 1711.3 | X39: =N39+O39+S39+U39+V39 -> 295.9 | Y39: =IF(L39<0,L39*-1,0) -> 67.662314 | Z39: =X39+Y39 -> 363.56231 | AA39: 0 | AB39: 73 | AC39: 40 | AD39: 30
A41: MONTH / CFS | F41: =SUM(F10:F39) -> -7682.8838 | G41: =SUM(G10:G39) -> 4223.7 | H41: =SUM(H10:H39) -> 0.03 | I41: =SUM(I10:I39) -> 4223.73 | J41: =SUM(J10:J39) -> 145.65171 | K41: =SUM(K10:K39) -> 4369.3817 | L41: =SUM(L10:L39) -> -1015.6138 | M41: =SUM(M10:M39) -> 3838.8 | ... S41: =SUM(S10:S39) -> 7284.1 | U41: =SUM(U10:U39) -> 1447.3 | V41: =SUM(V10:V40) -> 2068.9 | X41: =SUM(X10:X39) -> 10891 | Y41: =SUM(Y10:Y39) -> 1161.2655 | Z41: =SUM(Z10:Z39) -> 12052.266 | AA41: =SUM(AA10:AA39) -> 0.44 | AB41: =AVERAGE(AB10:AB39) -> 74.4 | AC41: =AVERAGE(AC10:AC39) -> 42.266667 | AD41: AVG
A42: MONTH / AF | D42: =SUM(D10:D40) -> -15239 | F42: =F41*$D$2 -> -15239 | G42: =G41*$D$2 -> 8377.709 | H42: =H41*$D$2 -> 0.059505 | I42: =I41*$D$2 -> 8377.7685 | J42: =J41*$D$2 -> 288.90017 | K42: =K41*$D$2 -> 8666.6686 | L42: =L41*$D$2 -> -2014.47 | M42: =M41*$D$2 -> 7614.2598 | ... S42: =S41*$D$2 -> 14448.012 | U42: =U41*$D$2 -> 2870.7195 | V42: =V41*$D$2 -> 4103.6632 | X42: =X41*$D$2 -> 21602.299 | Y42: =Y41*$D$2 -> 2303.3701 | Z42: =Z41*$D$2 -> 23905.669 | AB42: =MAX(AB10:AB39) -> 82 | AC42: =MAX(AC10:AC39) -> 54 | AD42: HI
A44: SEASON / CFS | F44: =F7+F41 -> -6703.3022 | G44: =G7+G41 -> 213307.9 | H44: =H7+H41 -> 17400.23 | I44: =I7+I41 -> 230708.13 | J44: =J7+J41 -> 45360.883 | K44: =K7+K41 -> 276069.01 | L44: =L7+L41 -> 38462.018 | M44: =M7+M41 -> 29873.76 | ... S44: =S7+S41 -> 59607.65 | T44: =T39 -> 3090.63 | U44: =U7+U41 -> 15065.1 | V44: =V7+V41 -> 201051 | W44: =W39 -> 1711.3 | X44: =X7+X41 -> 275873.45 | Y44: =Y7+Y41 -> 6898.8648 | Z44: =Z7+Z41 -> 282772.31 | AB44: =MIN(AB10:AB39) -> 59 | AC44: =MIN(AC10:AC39) -> 32 | AD44: LO
A45: SEASON / AF | F45: =F44*$D$2 -> -13296 | G45: =G44*$D$2 -> 423096.22 | H45: =H44*$D$2 -> 34513.356 | I45: =I44*$D$2 -> 457609.58 | J45: =J44*$D$2 -> 89973.311 | K45: =K44*$D$2 -> 547582.89 | L45: =L44*$D$2 -> 76289.412 | M45: =M44*$D$2 -> 59254.603 | ... Z45: =Z44*$D$2 -> 560878.89
A47: YTD / CFS | F47: =F8+F41 -> 5479.7076 | G47: =G8+G41 -> 230914.5 | H47: =H8+H41 -> 20579.83 | I47: =I8+I41 -> 251494.33 | J47: =J8+J41 -> 52901.721 | K47: =K8+K41 -> 304396.05 | L47: =L8+L41 -> 44997.928 | M47: =M8+M41 -> 30962.06 | ... S47: =S8+S41 -> 60874.57 | T47: =T44 -> 3090.63 | U47: =U8+U41 -> 15065.1 | V47: =V8+V41 -> 214923.1 | W47: =W39 -> 1711.3 | X47: =X8+X41 -> 291012.55 | Y47: =Y8+Y41 -> 7903.7938 | Z47: =Z8+Z41 -> 298916.34 | AA47: =AA8+AA41 -> 18.01
A48: YTD / AF | D48: =D8+D42 -> 10869 | E48: =E39 -> 162868 | F48: =F47*$D$2 -> 10869 | G48: =G47*$D$2 -> 458018.91 | H48: =H47*$D$2 -> 40820.093 | I48: =I47*$D$2 -> 498839 | J48: =J47*$D$2 -> 104930.56 | K48: =K47*$D$2 -> 603769.57 | L48: =L47*$D$2 -> 89253.389 | M48: =M47*$D$2 -> 61413.246 | ... Z48: =Z47*$D$2 -> 592900.57

Sheet OCT
K1: MC PHEE RESERVOIR IN/OUT FLOW TABULATION
A2: AF/cfs CONVERT FACTOR | D2: 1.9835 | K2: OCTOBER "1993"
A4: DATE | B4: RESERV | C4: RESERV | D4: AC FT | E4: ACTIVE | F4: CONV TO | G4: DOLORES | H4: LOST | I4: RECORDED | J4: CALC | K4: TOTAL | L4: CALC | M4: DOLORES TUNNEL | Q4: LONE | R4: U | S4: TOTAL | T4: MVI | U4: DV CR | V4: BELOW | W4: REMAIN | X4: RECORDED | Y4: CALC | Z4: TOTAL | AA4: RAIN | AB4: MAX | AC4: MIN | AD4: DATE
A5: "OCT" | B5: ELEV | C5: AC FT | D5: CHANGE | E5: CAP | F5: CFS | G5: RIVER | H5: CANYON | I5: INFLOW | J5: INFLOW | K5: INFLOW | L5: INF/OTF | M5: TOT DIV | N5: WETLAND | O5: UTE F&R | P5: MVI,CTZ | Q5: PINE | R5: LAT | S5: MVI | T5: CALL | U5: CANAL | V5: MC PHEE | W5: RELEASE | X5: OUTFLOW | Y5: OUTFLOW | Z5: OUTFLOW | AB5: TMP | AC5: TMP | AD5: "OCT"
A7: SEASON BAL | F7: =SEP!F44 -> -6703.3022 | G7: =SEP!G44 -> 213307.9 | H7: =SEP!H44 -> 17400.23 | I7: =SEP!I44 -> 230708.13 | J7: =SEP!J44 -> 45360.883 | K7: =SEP!K44 -> 276069.01 | L7: =SEP!L44 -> 38462.018 | M7: =SEP!M44 -> 29873.76 | ... V7: =SEP!V44 -> 201051 | X7: =SEP!X44 -> 275873.45 | Y7: =SEP!Y44 -> 6898.8648 | Z7: =SEP!Z44 -> 282772.31
A8: YTD | B8: =SEP!B39 -> 6908.2 | C8: =SEP!C39 -> 314846 | D8: =SEP!D48 -> 10869 | E8: =SEP!E48 -> 162868 | F8: =SEP!F47 -> 5479.7076 | G8: =SEP!G47 -> 230914.5 | H8: =SEP!H47 -> 20579.83 | I8: =SEP!I47 -> 251494.33 | J8: =SEP!J47 -> 52901.721 | K8: =SEP!K47 -> 304396.05 | L8: =SEP!L47 -> 44997.928 | M8: =SEP!M47 -> 30962.06 | ... AA8: =SEP!AA47 -> 18.01
A10: 1 | B10: 6908.07 | C10: 314332 | D10: =C10-C8 -> -514 | E10: =C10-152000 -> 162332 | F10: =D10/$D$2 -> -259.13789 | G10: 58.8 | H10: 0 | I10: =G10+H10 -> 58.8 | J10: =IF(L10>0,L10,0) -> 0 | K10: =I10+J10 -> 58.8 | L10: =F10-(I10-X10) -> -21.137888 | M10: 162 | N10: 0 | O10: 0 | P10: =M10-(N10+O10) -> 162 | Q10: 0 | R10: 45.9 | S10: =SUM(P10:R10) -> 207.9 | T10: =(I10-S10)+T7 -> 2941.53 | U10: 31.3 | V10: 57.6 | W10: =W8-V10 -> 1653.7 | X10: =N10+O10+S10+U10+V10 -> 296.8 | Y10: =IF(L10<0,L10*-1,0) -> 21.137888 | Z10: =X10+Y10 -> 317.93789 | AA10: 0 | AB10: 75 | AC10: 39 | AD10: 1
A11: =A10+1 -> 2 | B11: 6907.99 | C11: 314017 | D11: =C11-C10 -> -315 | E11: =C11-152000 -> 162017 | F11: =D11/$D$2 -> -158.81018 | G11: 62.1 | H11: 0 | I11: =G11+H11 -> 62.1 | J11: =IF(L11>0,L11,0) -> 48.389816 | K11: =I11+J11 -> 110.48982 | L11: =F11-(I11-X11) -> 48.389816 | M11: 148.1 | N11: 0 | O11: 0 | P11: =M11-(N11+O11) -> 148.1 | Q11: 0 | R11: 48.9 | S11: =SUM(P11:R11) -> 197 | T11: =(I11-S11)+T10 -> 2806.63 | U11: 21.7 | V11: 50.6 | W11: =W10-V11 -> 1603.1 | X11: =N11+O11+S11+U11+V11 -> 269.3 | Y11: =IF(L11<0,L11*-1,0) -> 0 | Z11: =X11+Y11 -> 269.3 | AA11: 0 | AB11: 76 | AC11: 40 | AD11: =AD10+1 -> 2
A12: =A11+1 -> 3 | B12: 6907.87 | C12: 313547 | D12: =C12-C11 -> -470 | E12: =C12-152000 -> 161547 | F12: =D12/$D$2 -> -236.95488 | G12: 61.9 | H12: 0 | I12: =G12+H12 -> 61.9 | J12: =IF(L12>0,L12,0) -> 0 | K12: =I12+J12 -> 61.9 | L12: =F12-(I12-X12) -> -40.954878 | M12: 132.2 | N12: 0 | O12: 5 | P12: =M12-(N12+O12) -> 127.2 | Q12: 0 | R12: 48.4 | S12: =SUM(P12:R12) -> 175.6 | T12: =(I12-S12)+T11 -> 2692.93 | U12: 26.7 | V12: 50.6 | W12: =W11-V12 -> 1552.5 | X12: =N12+O12+S12+U12+V12 -> 257.9 | Y12: =IF(L12<0,L12*-1,0) -> 40.954878 | Z12: =X12+Y12 -> 298.85488 | AA12: 0 | AB12: 76 | AC12: 40 | AD12: =AD11+1 -> 3
A13: =A12+1 -> 4 | B13: 6907.7 | C13: 312880 | D13: =C13-C12 -> -667 | E13: =C13-152000 -> 160880 | F13: =D13/$D$2 -> -336.27426 | G13: 59.8 | H13: 0 | I13: =G13+H13 -> 59.8 | J13: =IF(L13>0,L13,0) -> 0 | K13: =I13+J13 -> 59.8 | L13: =F13-(I13-X13) -> -59.174263 | M13: 119.2 | N13: 0 | O13: 15 | P13: =M13-(N13+O13) -> 104.2 | Q13: 0 | R13: 49.4 | S13: =SUM(P13:R13) -> 153.6 | T13: =(I13-S13)+T12 -> 2599.13 | U13: 18.7 | V13: 149.6 | W13: =W12-V13 -> 1402.9 | X13: =N13+O13+S13+U13+V13 -> 336.9 | Y13: =IF(L13<0,L13*-1,0) -> 59.174263 | Z13: =X13+Y13 -> 396.07426 | AA13: 0 | AB13: 78 | AC13: 42 | AD13: =AD12+1 -> 4
A14: =A13+1 -> 5 | B14: 6907.6 | C14: 312489 | D14: =C14-C13 -> -391 | E14: =C14-152000 -> 160489 | F14: =D14/$D$2 -> -197.12629 | G14: 56.6 | H14: 0 | I14: =G14+H14 -> 56.6 | J14: =IF(L14>0,L14,0) -> 0 | K14: =I14+J14 -> 56.6 | L14: =F14-(I14-X14) -> -11.126292 | M14: 126.4 | N14: 0 | O14: 15 | P14: =M14-(N14+O14) -> 111.4 | Q14: 0 | R14: 48.9 | S14: =SUM(P14:R14) -> 160.3 | T14: =(I14-S14)+T13 -> 2495.43 | U14: 17.7 | V14: 49.6 | W14: =W13-V14 -> 1353.3 | X14: =N14+O14+S14+U14+V14 -> 242.6 | Y14: =IF(L14<0,L14*-1,0) -> 11.126292 | Z14: =X14+Y14 -> 253.72629 | AA14: 0 | AB14: 78 | AC14: 44 | AD14: =AD13+1 -> 5
A15: =A14+1 -> 6 | B15: 6907.52 | C15: 312175 | D15: =C15-C14 -> -314 | E15: =C15-152000 -> 160175 | F15: =D15/$D$2 -> -158.30602 | G15: 53.4 | H15: 0 | I15: =G15+H15 -> 53.4 | J15: =IF(L15>0,L15,0) -> 13.093975 | K15: =I15+J15 -> 66.493975 | L15: =F15-(I15-X15) -> 13.093975 | M15: 118.2 | N15: 0 | O15: 14.8 | P15: =M15-(N15+O15) -> 103.4 | Q15: 0 | R15: 48.9 | S15: =SUM(P15:R15) -> 152.3 | T15: =(I15-S15)+T14 -> 2396.53 | U15: 8.1 | V15: 49.6 | W15: =W14-V15 -> 1303.7 | X15: =N15+O15+S15+U15+V15 -> 224.8 | Y15: =IF(L15<0,L15*-1,0) -> 0 | Z15: =X15+Y15 -> 224.8 | AA15: 0.51 | AB15: 70 | AC15: 46 | AD15: =AD14+1 -> 6
A16: =A15+1 -> 7 | B16: 6907.47 | C16: 311979 | D16: =C16-C15 -> -196 | E16: =C16-152000 -> 159979 | F16: =D16/$D$2 -> -98.815226 | G16: 75.4 | H16: 0 | I16: =G16+H16 -> 75.4 | J16: =IF(L16>0,L16,0) -> 46.684774 | K16: =I16+J16 -> 122.08477 | L16: =F16-(I16-X16) -> 46.684774 | M16: 127.1 | N16: 0 | O16: 11 | P16: =M16-(N16+O16) -> 116.1 | Q16: 0 | R16: 43.9 | S16: =SUM(P16:R16) -> 160 | T16: =(I16-S16)+T15 -> 2311.93 | U16: 0 | V16: 49.9 | W16: =W15-V16 -> 1253.8 | X16: =N16+O16+S16+U16+V16 -> 220.9 | Y16: =IF(L16<0,L16*-1,0) -> 0 | Z16: =X16+Y16 -> 220.9 | AA16: 0.33 | AB16: 63 | AC16: 42 | AD16: =AD15+1 -> 7
A17: =A16+1 -> 8 | B17: 6907.44 | C17: 311862 | D17: =C17-C16 -> -117 | E17: =C17-152000 -> 159862 | F17: =D17/$D$2 -> -58.98664 | G17: 103.9 | H17: 0 | I17: =G17+H17 -> 103.9 | J17: =IF(L17>0,L17,0) -> 52.31336 | K17: =I17+J17 -> 156.21336 | L17: =F17-(I17-X17) -> 52.31336 | M17: 116.3 | N17: 0 | O17: 7.9 | P17: =M17-(N17+O17) -> 108.4 | Q17: 0 | R17: 43.7 | S17: =SUM(P17:R17) -> 152.1 | T17: =(I17-S17)+T16 -> 2263.73 | U17: 5.5 | V17: 49.7 | W17: =W16-V17 -> 1204.1 | X17: =N17+O17+S17+U17+V17 -> 215.2 | Y17: =IF(L17<0,L17*-1,0) -> 0 | Z17: =X17+Y17 -> 215.2 | AA17: 0.18 | AB17: 60 | AC17: 38 | AD17: =AD16+1 -> 8
A18: =A17+1 -> 9 | B18: 6907.4 | C18: 311705 | D18: =C18-C17 -> -157 | E18: =C18-152000 -> 159705 | F18: =D18/$D$2 -> -79.153012 | G18: 104 | H18: 0 | I18: =G18+H18 -> 104 | J18: =IF(L18>0,L18,0) -> 0 | K18: =I18+J18 -> 104 | L18: =F18-(I18-X18) -> -8.4530124 | M18: 84.3 | N18: 0 | O18: 6.8 | P18: =M18-(N18+O18) -> 77.5 | Q18: 0 | R18: 35.7 | S18: =SUM(P18:R18) -> 113.2 | T18: =(I18-S18)+T17 -> 2254.53 | U18: 5 | V18: 49.7 | W18: =W17-V18 -> 1154.4 | X18: =N18+O18+S18+U18+V18 -> 174.7 | Y18: =IF(L18<0,L18*-1,0) -> 8.4530124 | Z18: =X18+Y18 -> 183.15301 | AA18: 0.22 | AB18: 58 | AC18: 38 | AD18: =AD17+1 -> 9
A19: =A18+1 -> 10 | B19: 6907.36 | C19: 311548 | D19: =C19-C18 -> -157 | E19: =C19-152000 -> 159548 | F19: =D19/$D$2 -> -79.153012 | G19: 107.3 | H19: 0 | I19: =G19+H19 -> 107.3 | J19: =IF(L19>0,L19,0) -> 0 | K19: =I19+J19 -> 107.3 | L19: =F19-(I19-X19) -> -7.1530124 | M19: 84.2 | N19: 0 | O19: 4.6 | P19: =M19-(N19+O19) -> 79.6 | Q19: 0 | R19: 40.3 | S19: =SUM(P19:R19) -> 119.9 | T19: =(I19-S19)+T18 -> 2241.93 | U19: 5 | V19: 49.8 | W19: =W18-V19 -> 1104.6 | X19: =N19+O19+S19+U19+V19 -> 179.3 | Y19: =IF(L19<0,L19*-1,0) -> 7.1530124 | Z19: =X19+Y19 -> 186.45301 | AA19: 0 | AB19: 62 | AC19: 36 | AD19: =AD18+1 -> 10
A20: =A19+1 -> 11 | B20: 6907.32 | C20: 311392 | D20: =C20-C19 -> -156 | E20: =C20-152000 -> 159392 | F20: =D20/$D$2 -> -78.648853 | G20: 100.9 | H20: 0 | I20: =G20+H20 -> 100.9 | J20: =IF(L20>0,L20,0) -> 0 | K20: =I20+J20 -> 100.9 | L20: =F20-(I20-X20) -> -13.848853 | M20: 86 | N20: 0 | O20: 0 | P20: =M20-(N20+O20) -> 86 | Q20: 0 | R20: 29.3 | S20: =SUM(P20:R20) -> 115.3 | T20: =(I20-S20)+T19 -> 2227.53 | U20: 0 | V20: 50.4 | W20: =W19-V20 -> 1054.2 | X20: =N20+O20+S20+U20+V20 -> 165.7 | Y20: =IF(L20<0,L20*-1,0) -> 13.848853 | Z20: =X20+Y20 -> 179.54885 | AA20: 0.12 | AB20: 64 | AC20: 36 | AD20: =AD19+1 -> 11
A21: =A20+1 -> 12 | B21: 6907.3 | C21: 311313 | D21: =C21-C20 -> -79 | E21: =C21-152000 -> 159313 | F21: =D21/$D$2 -> -39.828586 | G21: 101 | H21: 0 | I21: =G21+H21 -> 101 | J21: =IF(L21>0,L21,0) -> 0 | K21: =I21+J21 -> 101 | L21: =F21-(I21-X21) -> -7.2285858 | M21: 59.6 | N21: 0 | O21: 2.7 | P21: =M21-(N21+O21) -> 56.9 | Q21: 0 | R21: 24.4 | S21: =SUM(P21:R21) -> 81.3 | T21: =(I21-S21)+T20 -> 2247.23 | U21: 0 | V21: 49.6 | W21: =W20-V21 -> 1004.6 | X21: =N21+O21+S21+U21+V21 -> 133.6 | Y21: =IF(L21<0,L21*-1,0) -> 7.2285858 | Z21: =X21+Y21 -> 140.82859 | AA21: 0.28 | AB21: 66 | AC21: 38 | AD21: =AD20+1 -> 12
A22: =A21+1 -> 13 | B22: 6907.27 | C22: 311196 | D22: =C22-C21 -> -117 | E22: =C22-152000 -> 159196 | F22: =D22/$D$2 -> -58.98664 | G22: 105.2 | H22: 0 | I22: =G22+H22 -> 105.2 | J22: =IF(L22>0,L22,0) -> 0 | K22: =I22+J22 -> 105.2 | L22: =F22-(I22-X22) -> -27.38664 | M22: 58.2 | N22: 0 | O22: 6.7 | P22: =M22-(N22+O22) -> 51.5 | Q22: 0 | R22: 25.2 | S22: =SUM(P22:R22) -> 76.7 | T22: =(I22-S22)+T21 -> 2275.73 | U22: 0 | V22: 53.4 | W22: =W21-V22 -> 951.2 | X22: =N22+O22+S22+U22+V22 -> 136.8 | Y22: =IF(L22<0,L22*-1,0) -> 27.38664 | Z22: =X22+Y22 -> 164.18664 | AA22: 0 | AB22: 66 | AC22: 35 | AD22: =AD21+1 -> 13
... A33: =A32+1 -> 24 | B33: 6907.29 | C33: 311274 | D33: =C33-C32 -> -39 | E33: =C33-152000 -> 159274 | F33: =D33/$D$2 -> -19.662213 | G33: 79.3 | H33: 0 | I33: =G33+H33 -> 79.3 | J33: =IF(L33>0,L33,0) -> 0 | K33: =I33+J33 -> 79.3 | L33: =F33-(I33-X33) -> -20.762213 | M33: 11.3 | N33: 0 | O33: 9 | P33: =M33-(N33+O33) -> 2.3 | Q33: 0 | R33: 11.8 | S33: =SUM(P33:R33) -> 14.1 | T33: =(I33-S33)+T32 -> 3019.43 | U33: 0 | V33: 55.1 | W33: =W32-V33 -> 347 | X33: =N33+O33+S33+U33+V33 -> 78.2 | Y33: =IF(L33<0,L33*-1,0) -> 20.762213 | Z33: =X33+Y33 -> 98.962213 | AA33: 0 | AB33: 64 | AC33: 30 | AD33: =AD32+1 -> 24
A34: 25 | B34: 6907.27 | C34: 311196 | D34: =C34-C33 -> -78 | E34: =C34-152000 -> 159196 | F34: =D34/$D$2 -> -39.324427 | G34: 73.7 | H34: 0 | I34: =G34+H34 -> 73.7 | J34: =IF(L34>0,L34,0) -> 0 | K34: =I34+J34 -> 73.7 | L34: =F34-(I34-X34) -> -32.724427 | M34: 13.4 | N34: 0 | O34: 6.4 | P34: =M34-(N34+O34) -> 7 | Q34: 0 | R34: 11.8 | S34: =SUM(P34:R34) -> 18.8 | T34: =(I34-S34)+T33 -> 3074.33 | U34: 0 | V34: 55.1 | W34: =W33-V34 -> 291.9 | X34: =N34+O34+S34+U34+V34 -> 80.3 | Y34: =IF(L34<0,L34*-1,0) -> 32.724427 | Z34: =X34+Y34 -> 113.02443 | AA34: 0 | AB34: 65 | AC34: 34 | AD34: 25
A35: 26 | B35: 6907.25 | C35: 311117 | D35: =C35-C34 -> -79 | E35: =C35-152000 -> 159117 | F35: =D35/$D$2 -> -39.828586 | G35: 73.8 | H35: 0 | I35: =G35+H35 -> 73.8 | J35: =IF(L35>0,L35,0) -> 0 | K35: =I35+J35 -> 73.8 | L35: =F35-(I35-X35) -> -26.628586 | M35: 17.3 | N35: 0 | O35: 3.5 | P35: =M35-(N35+O35) -> 13.8 | Q35: 0 | R35: 14.6 | S35: =SUM(P35:R35) -> 28.4 | T35: =(I35-S35)+T34 -> 3119.73 | U35: 0 | V35: 55.1 | W35: =W34-V35 -> 236.8 | X35: =N35+O35+S35+U35+V35 -> 87 | Y35: =IF(L35<0,L35*-1,0) -> 26.628586 | Z35: =X35+Y35 -> 113.62859 | AA35: 0 | AB35: 52 | AC35: 32 | AD35: 26
A36: 27 | B36: 6907.24 | C36: 311078 | D36: =C36-C35 -> -39 | E36: =C36-152000 -> 159078 | F36: =D36/$D$2 -> -19.662213 | G36: 74.1 | H36: 0 | I36: =G36+H36 -> 74.1 | J36: =IF(L36>0,L36,0) -> 0 | K36: =I36+J36 -> 74.1 | L36: =F36-(I36-X36) -> -5.6622133 | M36: 21.4 | N36: 0 | O36: 0 | P36: =M36-(N36+O36) -> 21.4 | Q36: 0 | R36: 11.6 | S36: =SUM(P36:R36) -> 33 | T36: =(I36-S36)+T35 -> 3160.83 | U36: 0 | V36: 55.1 | W36: =W35-V36 -> 181.7 | X36: =N36+O36+S36+U36+V36 -> 88.1 | Y36: =IF(L36<0,L36*-1,0) -> 5.6622133 | Z36: =X36+Y36 -> 93.762213 | AA36: 0 | AB36: 53 | AC36: 22 | AD36: 27
A37: 28 | B37: 6907.22 | C37: 311000 | D37: =C37-C36 -> -78 | E37: =C37-152000 -> 159000 | F37: =D37/$D$2 -> -39.324427 | G37: 66.1 | H37: 0 | I37: =G37+H37 -> 66.1 | J37: =IF(L37>0,L37,0) -> 0 | K37: =I37+J37 -> 66.1 | L37: =F37-(I37-X37) -> -17.324427 | M37: 21.2 | N37: 0 | O37: 0 | P37: =M37-(N37+O37) -> 21.2 | Q37: 0 | R37: 11.8 | S37: =SUM(P37:R37) -> 33 | T37: =(I37-S37)+T36 -> 3193.93 | U37: 0 | V37: 55.1 | W37: =W36-V37 -> 126.6 | X37: =N37+O37+S37+U37+V37 -> 88.1 | Y37: =IF(L37<0,L37*-1,0) -> 17.324427 | Z37: =X37+Y37 -> 105.42443 | AA37: 0 | AB37: 47 | AC37: 21 | AD37: 28
A38: 29 | B38: 6907.19 | C38: 310882 | D38: =C38-C37 -> -118 | E38: =C38-152000 -> 158882 | F38: =D38/$D$2 -> -59.490799 | G38: 71.3 | H38: 0 | I38: =G38+H38 -> 71.3 | J38: =IF(L38>0,L38,0) -> 0 | K38: =I38+J38 -> 71.3 | L38: =F38-(I38-X38) -> -41.490799 | M38: 21.6 | N38: 0 | O38: 0 | P38: =M38-(N38+O38) -> 21.6 | Q38: 0 | R38: 12.6 | S38: =SUM(P38:R38) -> 34.2 | T38: =(I38-S38)+T37 -> 3231.03 | U38: 0 | V38: 55.1 | W38: =W37-V38 -> 71.5 | X38: =N38+O38+S38+U38+V38 -> 89.3 | Y38: =IF(L38<0,L38*-1,0) -> 41.490799 | Z38: =X38+Y38 -> 130.7908 | AA38: 0 | AB38: 46 | AC38: 22 | AD38: 29
A39: 30 | B39: 6907.15 | C39: 310725 | D39: =C39-C38 -> -157 | E39: =C39-152000 -> 158725 | F39: =D39/$D$2 -> -79.153012 | G39: 62.7 | H39: 0 | I39: =G39+H39 -> 62.7 | J39: =IF(L39>0,L39,0) -> 0 | K39: =I39+J39 -> 62.7 | L39: =F39-(I39-X39) -> -53.353012 | M39: 21.6 | N39: 0 | O39: 0 | P39: =M39-(N39+O39) -> 21.6 | Q39: 0 | R39: 11.8 | S39: =SUM(P39:R39) -> 33.4 | T39: =(I39-S39)+T38 -> 3260.33 | U39: 0 | V39: 55.1 | W39: =W38-V39 -> 16.4 | X39: =N39+O39+S39+U39+V39 -> 88.5 | Y39: =IF(L39<0,L39*-1,0) -> 53.353012 | Z39: =X39+Y39 -> 141.85301 | AA39: 0 | AB39: 39 | AC39: 13 | AD39: 30
A40: 31 | B40: 6907.14 | C40: 310687 | D40: =C40-C39 -> -38 | E40: =C40-152000 -> 158687 | F40: =D40/$D$2 -> -19.158054 | G40: 49.9 | H40: 0 | I40: =G40+H40 -> 49.9 | J40: =IF(L40>0,L40,0) -> 20.341946 | K40: =I40+J40 -> 70.241946 | L40: =F40-(I40-X40) -> 20.341946 | M40: 21.6 | N40: 0 | O40: 0 | P40: =M40-(N40+O40) -> 21.6 | Q40: 0 | R40: 12.6 | S40: =SUM(P40:R40) -> 34.2 | T40: =(I40-S40)+T39 -> 3276.03 | U40: 0 | V40: 55.2 | W40: =W39-V40 -> -38.8 | X40: =N40+O40+S40+U40+V40 -> 89.4 | Y40: =IF(L40<0,L40*-1,0) -> 0 | Z40: =X40+Y40 -> 89.4 | AA40: 0 | AB40: 43 | AC40: 15 | AD40: 31
H41: 0 | M41: 0 | R41: 0 | V41: 0
A42: MONTH / CFS | F42: =SUM(F10:F40) -> -2096.7986 | G42: =SUM(G10:G40) -> 2528.2 | H42: =SUM(H10:H40) -> 0 | I42: =SUM(I10:I40) -> 2528.2 | J42: =SUM(J10:J40) -> 353.846 | K42: =SUM(K10:K40) -> 2882.046 | L42: =SUM(L10:L40) -> -196.19859 | M42: =SUM(M10:M40) -> 1765.9 | ... S42: =SUM(S10:S40) -> 2342.8 | U42: =SUM(U10:U40) -> 139.7 | V42: =SUM(V10:V40) -> 1750.1 | X42: =SUM(X10:X40) -> 4428.8 | Y42: =SUM(Y10:Y40) -> 550.04459 | Z42: =SUM(Z10:Z40) -> 4978.8446 | AA42: =SUM(AA10:AA40) -> 2.46 | AB42: =AVERAGE(AB10:AB40) -> 60.419355 | AC42: =AVERAGE(AC10:AC40) -> 32.903226 | AD42: AVG
A43: MONTH / AF | D43: =SUM(D10:D40) -> -4159 | F43: =F42*$D$2 -> -4159 | G43: =G42*$D$2 -> 5014.6847 | H43: =H42*$D$2 -> 0 | I43: =I42*$D$2 -> 5014.6847 | J43: =J42*$D$2 -> 701.85355 | K43: =K42*$D$2 -> 5716.5382 | L43: =L42*$D$2 -> -389.1599 | M43: =M42*$D$2 -> 3502.6627 | ... S43: =S42*$D$2 -> 4646.9438 | U43: =U42*$D$2 -> 277.09495 | V43: =V42*$D$2 -> 3471.3234 | X43: =X42*$D$2 -> 8784.5248 | Y43: =Y42*$D$2 -> 1091.0134 | Z43: =Z42*$D$2 -> 9875.5382 | AB43: =MAX(AB10:AB40) -> 78 | AC43: =MAX(AC10:AC40) -> 46 | AD43: HI
A45: SEASON / CFS | F45: =F7+F42 -> -8800.1008 | G45: =G7+G42 -> 215836.1 | H45: =H7+H42 -> 17400.23 | I45: =I7+I42 -> 233236.33 | J45: =J7+J42 -> 45714.729 | K45: =K7+K42 -> 278951.06 | L45: =L7+L42 -> 38265.819 | M45: =M7+M42 -> 31639.66 | ... S45: =S7+S42 -> 61950.45 | T45: =T40 -> 3276.03 | U45: =U7+U42 -> 15204.8 | V45: =V7+V42 -> 202801.1 | W45: =W40 -> -38.8 | X45: =X7+X42 -> 280302.25 | Y45: =Y7+Y42 -> 7448.9094 | Z45: =Z7+Z42 -> 287751.16 | AB45: =MIN(AB10:AB40) -> 39 | AC45: =MIN(AC10:AC40) -> 13 | AD45: LO
A46: SEASON / AF | F46: =F45*$D$2 -> -17455 | G46: =G45*$D$2 -> 428110.9 | H46: =H45*$D$2 -> 34513.356 | I46: =I45*$D$2 -> 462624.26 | J46: =J45*$D$2 -> 90675.164 | K46: =K45*$D$2 -> 553299.42 | L46: =L45*$D$2 -> 75900.252 | M46: =M45*$D$2 -> 62757.266 | ... Z46: =Z45*$D$2 -> 570754.42
A48: YTD / CFS | F48: =F8+F42 -> 3382.909 | G48: =G8+G42 -> 233442.7 | H48: =H8+H42 -> 20579.83 | I48: =I8+I42 -> 254022.53 | J48: =J8+J42 -> 53255.567 | K48: =K8+K42 -> 307278.1 | L48: =L8+L42 -> 44801.729 | M48: =M8+M42 -> 32727.96 | ... S48: =S8+S42 -> 63217.37 | T48: =T45 -> 3276.03 | U48: =U8+U42 -> 15204.8 | V48: =V8+V42 -> 216673.2 | W48: =W40 -> -38.8 | X48: =X8+X42 -> 295441.35 | Y48: =Y8+Y42 -> 8453.8384 | Z48: =Z8+Z42 -> 303895.19 | AA48: =AA8+AA42 -> 20.47
A49: YTD / AF | D49: =D8+D43 -> 6710 | E49: =E40 -> 158687 | F49: =F48*$D$2 -> 6710 | G49: =G48*$D$2 -> 463033.6 | H49: =H48*$D$2 -> 40820.093 | I49: =I48*$D$2 -> 503853.69 | J49: =J48*$D$2 -> 105632.42 | K49: =K48*$D$2 -> 609486.11 | L49: =L48*$D$2 -> 88864.229 | M49: =M48*$D$2 -> 64915.909 | ... Z49: =Z48*$D$2 -> 602776.11
