Workbook

Sheet NOV
K1: MC PHEE RESERVOIR IN/OUT FLOW TABULATION
A2: AF/cfs CONVERT FACTOR | D2: 1.9835 | L2: NOVEMBER "1991"
A4: DATE | B4: RESERV | C4: RESERV | D4: AC FT | E4: ACTIVE | F4: CONV TO | G4: DOLORES | H4: LOST | I4: RECORDED | J4: CALC | K4: TOTAL | L4: CALC | M4: TUNNEL | Q4: LONE | R4: U | S4: TOTAL | T4: MVI | U4: DV CR | V4: BELOW | W4: REMAIN | X4: RECORDED | Y4: CALC | Z4: TOTAL | AA4: RAIN | AB4: MAX | AC4: MIN | AD4: DATE
A5: "NOV" | B5: ELEV | C5: AC FT | D5: CHANGE | E5: CAP | F5: CFS | G5: RIVER | H5: CANYON | I5: INFLOW | J5: INFLOW | K5: INFLOW | L5: INF/OTF | M5: TOT DIV | N5: WETLAND | O5: UTE F&R | P5: MVI,CTZ | Q5: PINE | R5: LAT | S5: MVI | T5: CALL | U5: CANAL | V5: MC PHEE | W5: RELEASE | X5: OUTFLOW | Y5: OUTFLOW | Z5: OUTFLOW | AB5: TMP | AC5: TMP | AD5: "NOV"
A7: SEASON BAL
A8: YTD | B8: 6903.02 | C8: 294853 | W8: 15240
A10: 1 | B10: 6903 | C10: 294777 | D10: =C10-C8 -> -76 | E10: =C10-152000 -> 142777 | F10: =D10/$D$2 -> -38.316108 | G10: 72 | H10: 0 | I10: =G10+H10 -> 72 | J10: =IF(L10>0,L10,0) -> 0 | K10: =I10+J10 -> 72 | L10: =F10-(I10-X10) -> -19.916108 | M10: 37.3 | N10: 0 | O10: 0 | P10: =M10-(N10+O10) -> 37.3 | Q10: 0 | R10: 18.2 | S10: =SUM(P10:R10) -> 55.5 | U10: 0 | V10: 34.9 | W10: =W8-V10 -> 15205.1 | X10: =N10+O10+S10+U10+V10 -> 90.4 | Y10: =IF(L10<0,L10*-1,0) -> 19.916108 | Z10: =X10+Y10 -> 110.31611 | AA10: 0 | AB10: 38 | AC10: 15 | AD10: 1
A11: =A10+1 -> 2 | B11: 6902.98 | C11: 294702 | D11: =C11-C10 -> -75 | E11: =C11-152000 -> 142702 | F11: =D11/$D$2 -> -37.811949 | G11: 59 | H11: 0 | I11: =G11+H11 -> 59 | J11: =IF(L11>0,L11,0) -> 0 | K11: =I11+J11 -> 59 | L11: =F11-(I11-X11) -> -5.7119486 | M11: 37.3 | N11: 0 | O11: 0 | P11: =M11-(N11+O11) -> 37.3 | Q11: 0 | R11: 18.2 | S11: =SUM(P11:R11) -> 55.5 | U11: 0 | V11: 35.6 | W11: =W10-V11 -> 15169.5 | X11: =N11+O11+S11+U11+V11 -> 91.1 | Y11: =IF(L11<0,L11*-1,0) -> 5.7119486 | Z11: =X11+Y11 -> 96.811949 | AA11: 0.27 | AB11: 37 | AC11: 10 | AD11: =AD10+1 -> 2
A12: =A11+1 -> 3 | B12: 6902.96 | C12: 294626 | D12: =C12-C11 -> -76 | E12: =C12-152000 -> 142626 | F12: =D12/$D$2 -> -38.316108 | G12: 59 | H12: 0 | I12: =G12+H12 -> 59 | J12: =IF(L12>0,L12,0) -> 0 | K12: =I12+J12 -> 59 | L12: =F12-(I12-X12) -> -6.4161079 | M12: 37.3 | N12: 0 | O12: 0 | P12: =M12-(N12+O12) -> 37.3 | Q12: 0 | R12: 17.9 | S12: =SUM(P12:R12) -> 55.2 | U12: 0 | V12: 35.7 | W12: =W11-V12 -> 15133.8 | X12: =N12+O12+S12+U12+V12 -> 90.9 | Y12: =IF(L12<0,L12*-1,0) -> 6.4161079 | Z12: =X12+Y12 -> 97.316108 | AA12: 0 | AB12: 38 | AC12: 11 | AD12: =AD11+1 -> 3
A13: =A12+1 -> 4 | B13: 6902.96 | C13: 294626 | D13: =C13-C12 -> 0 | E13: =C13-152000 -> 142626 | F13: =D13/$D$2 -> 0 | G13: 82.9 | H13: 0 | I13: =G13+H13 -> 82.9 | J13: =IF(L13>0,L13,0) -> 5.8 | K13: =I13+J13 -> 88.7 | L13: =F13-(I13-X13) -> 5.8 | M13: 37.3 | N13: 0 | O13: 0 | P13: =M13-(N13+O13) -> 37.3 | Q13: 0 | R13: 15.7 | S13: =SUM(P13:R13) -> 53 | U13: 0 | V13: 35.7 | W13: =W12-V13 -> 15098.1 | X13: =N13+O13+S13+U13+V13 -> 88.7 | Y13: =IF(L13<0,L13*-1,0) -> 0 | Z13: =X13+Y13 -> 88.7 | AA13: 0 | AB13: 44 | AC13: 6 | AD13: =AD12+1 -> 4
A14: =A13+1 -> 5 | B14: 6902.94 | C14: 294551 | D14: =C14-C13 -> -75 | E14: =C14-152000 -> 142551 | F14: =D14/$D$2 -> -37.811949 | G14: 93.7 | H14: 0 | I14: =G14+H14 -> 93.7 | J14: =IF(L14>0,L14,0) -> 0 | K14: =I14+J14 -> 93.7 | L14: =F14-(I14-X14) -> -49.411949 | M14: 32.2 | N14: 0 | O14: 0 | P14: =M14-(N14+O14) -> 32.2 | Q14: 0 | R14: 14.2 | S14: =SUM(P14:R14) -> 46.4 | U14: 0 | V14: 35.7 | W14: =W13-V14 -> 15062.4 | X14: =N14+O14+S14+U14+V14 -> 82.1 | Y14: =IF(L14<0,L14*-1,0) -> 49.411949 | Z14: =X14+Y14 -> 131.51195 | AA14: 0 | AB14: 52 | AC14: 17 | AD14: =AD13+1 -> 5
A15: =A14+1 -> 6 | B15: 6904.94 | C15: 294551 | D15: =C15-C14 -> 0 | E15: =C15-152000 -> 142551 | F15: =D15/$D$2 -> 0 | G15: 95.7 | H15: 0 | I15: =G15+H15 -> 95.7 | J15: =IF(L15>0,L15,0) -> 0 | K15: =I15+J15 -> 95.7 | L15: =F15-(I15-X15) -> -18.2 | M15: 27.6 | N15: 0 | O15: 0 | P15: =M15-(N15+O15) -> 27.6 | Q15: 0 | R15: 14.2 | S15: =SUM(P15:R15) -> 41.8 | U15: 0 | V15: 35.7 | W15: =W14-V15 -> 15026.7 | X15: =N15+O15+S15+U15+V15 -> 77.5 | Y15: =IF(L15<0,L15*-1,0) -> 18.2 | Z15: =X15+Y15 -> 95.7 | AA15: 0 | AB15: 59 | AC15: 20 | AD15: =AD14+1 -> 6
A16: =A15+1 -> 7 | B16: 6902.93 | C16: 294514 | D16: =C16-C15 -> -37 | E16: =C16-152000 -> 142514 | F16: =D16/$D$2 -> -18.653895 | G16: 91.7 | H16: 0 | I16: =G16+H16 -> 91.7 | J16: =IF(L16>0,L16,0) -> 0 | K16: =I16+J16 -> 91.7 | L16: =F16-(I16-X16) -> -32.853895 | M16: 27.6 | N16: 0 | O16: 0 | P16: =M16-(N16+O16) -> 27.6 | Q16: 0 | R16: 14.2 | S16: =SUM(P16:R16) -> 41.8 | U16: 0 | V16: 35.7 | W16: =W15-V16 -> 14991 | X16: =N16+O16+S16+U16+V16 -> 77.5 | Y16: =IF(L16<0,L16*-1,0) -> 32.853895 | Z16: =X16+Y16 -> 110.35389 | AA16: 0 | AB16: 58 | AC16: 32 | AD16: =AD15+1 -> 7
A17: =A16+1 -> 8 | B17: 6902.93 | C17: 294514 | D17: =C17-C16 -> 0 | E17: =C17-152000 -> 142514 | F17: =D17/$D$2 -> 0 | G17: 86.4 | H17: 0 | I17: =G17+H17 -> 86.4 | J17: =IF(L17>0,L17,0) -> 0 | K17: =I17+J17 -> 86.4 | L17: =F17-(I17-X17) -> -12.5 | M17: 25.9 | N17: 0 | O17: 0 | P17: =M17-(N17+O17) -> 25.9 | Q17: 0 | R17: 12.3 | S17: =SUM(P17:R17) -> 38.2 | U17: 0 | V17: 35.7 | W17: =W16-V17 -> 14955.3 | X17: =N17+O17+S17+U17+V17 -> 73.9 | Y17: =IF(L17<0,L17*-1,0) -> 12.5 | Z17: =X17+Y17 -> 86.4 | AA17: 0 | AB17: 57 | AC17: 30 | AD17: =AD16+1 -> 8
A18: =A17+1 -> 9 | B18: 6902.93 | C18: 294514 | D18: =C18-C17 -> 0 | E18: =C18-152000 -> 142514 | F18: =D18/$D$2 -> 0 | G18: 85.4 | H18: 0 | I18: =G18+H18 -> 85.4 | J18: =IF(L18>0,L18,0) -> 0 | K18: =I18+J18 -> 85.4 | L18: =F18-(I18-X18) -> -14 | M18: 24.8 | N18: 0 | O18: 0 | P18: =M18-(N18+O18) -> 24.8 | Q18: 0 | R18: 10.9 | S18: =SUM(P18:R18) -> 35.7 | U18: 0 | V18: 35.7 | W18: =W17-V18 -> 14919.6 | X18: =N18+O18+S18+U18+V18 -> 71.4 | Y18: =IF(L18<0,L18*-1,0) -> 14 | Z18: =X18+Y18 -> 85.4 | AA18: 0.07 | AB18: 57 | AC18: 31 | AD18: =AD17+1 -> 9
A19: =A18+1 -> 10 | B19: 6902.93 | C19: 294514 | D19: =C19-C18 -> 0 | E19: =C19-152000 -> 142514 | F19: =D19/$D$2 -> 0 | G19: 88.6 | H19: 0 | I19: =G19+H19 -> 88.6 | J19: =IF(L19>0,L19,0) -> 0 | K19: =I19+J19 -> 88.6 | L19: =F19-(I19-X19) -> -17.2 | M19: 24.8 | N19: 0 | O19: 0 | P19: =M19-(N19+O19) -> 24.8 | Q19: 0 | R19: 10.9 | S19: =SUM(P19:R19) -> 35.7 | U19: 0 | V19: 35.7 | W19: =W18-V19 -> 14883.9 | X19: =N19+O19+S19+U19+V19 -> 71.4 | Y19: =IF(L19<0,L19*-1,0) -> 17.2 | Z19: =X19+Y19 -> 88.6 | AA19: 0 | AB19: 58 | AC19: 31 | AD19: =AD18+1 -> 10
A20: =A19+1 -> 11 | B20: 6902.93 | C20: 294514 | D20: =C20-C19 -> 0 | E20: =C20-152000 -> 142514 | F20: =D20/$D$2 -> 0 | G20: 95.4 | H20: 0 | I20: =G20+H20 -> 95.4 | J20: =IF(L20>0,L20,0) -> 0 | K20: =I20+J20 -> 95.4 | L20: =F20-(I20-X20) -> -24.3 | M20: 24.8 | N20: 0 | O20: 0 | P20: =M20-(N20+O20) -> 24.8 | Q20: 0 | R20: 10.6 | S20: =SUM(P20:R20) -> 35.4 | U20: 0 | V20: 35.7 | W20: =W19-V20 -> 14848.2 | X20: =N20+O20+S20+U20+V20 -> 71.1 | Y20: =IF(L20<0,L20*-1,0) -> 24.3 | Z20: =X20+Y20 -> 95.4 | AA20: 0 | AB20: 53 | AC20: 32 | AD20: =AD19+1 -> 11
A21: =A20+1 -> 12 | B21: 6902.93 | C21: 294514 | D21: =C21-C20 -> 0 | E21: =C21-152000 -> 142514 | F21: =D21/$D$2 -> 0 | G21: 91.2 | H21: 0 | I21: =G21+H21 -> 91.2 | J21: =IF(L21>0,L21,0) -> 0 | K21: =I21+J21 -> 91.2 | L21: =F21-(I21-X21) -> -20.2 | M21: 24.8 | N21: 0 | O21: 0 | P21: =M21-(N21+O21) -> 24.8 | Q21: 0 | R21: 10.5 | S21: =SUM(P21:R21) -> 35.3 | U21: 0 | V21: 35.7 | W21: =W20-V21 -> 14812.5 | X21: =N21+O21+S21+U21+V21 -> 71 | Y21: =IF(L21<0,L21*-1,0) -> 20.2 | Z21: =X21+Y21 -> 91.2 | AA21: 0 | AB21: 55 | AC21: 26 | AD21: =AD20+1 -> 12
A22: =A21+1 -> 13 | B22: 6902.93 | C22: 294514 | D22: =C22-C21 -> 0 | E22: =C22-152000 -> 142514 | F22: =D22/$D$2 -> 0 | G22: 76.6 | H22: 0 | I22: =G22+H22 -> 76.6 | J22: =IF(L22>0,L22,0) -> 0 | K22: =I22+J22 -> 76.6 | L22: =F22-(I22-X22) -> -8.5 | M22: 23.2 | N22: 0 | O22: 0 | P22: =M22-(N22+O22) -> 23.2 | Q22: 0 | R22: 8.4 | S22: =SUM(P22:R22) -> 31.6 | U22: 0 | V22: 36.5 | W22: =W21-V22 -> 14776 | X22: =N22+O22+S22+U22+V22 -> 68.1 | Y22: =IF(L22<0,L22*-1,0) -> 8.5 | Z22: =X22+Y22 -> 76.6 | AA22: 0.99 | AB22: 54 | AC22: 24 | AD22: =AD21+1 -> 13
... A38: =A37+1 -> 29 | B38: 6903.39 | C38: 296257 | D38: =C38-C37 -> 39 | E38: =C38-152000 -> 144257 | F38: =D38/$D$2 -> 19.662213 | G38: 102.8 | H38: 1.7 | I38: =G38+H38 -> 104.5 | J38: =IF(L38>0,L38,0) -> 0 | K38: =I38+J38 -> 104.5 | L38: =F38-(I38-X38) -> -45.537787 | M38: 3.6 | N38: 0 | O38: 0 | P38: =M38-(N38+O38) -> 3.6 | Q38: 0 | R38: 0 | S38: =SUM(P38:R38) -> 3.6 | U38: 0 | V38: 35.7 | W38: =W37-V38 -> 14187.4 | X38: =N38+O38+S38+U38+V38 -> 39.3 | Y38: =IF(L38<0,L38*-1,0) -> 45.537787 | Z38: =X38+Y38 -> 84.837787 | AA38: 0.17 | AB38: 31 | AC38: 17 | AD38: =AD37+1 -> 29
A39: 30 | B39: 6903.41 | C39: 296333 | D39: =C39-C38 -> 76 | E39: =C39-152000 -> 144333 | F39: =D39/$D$2 -> 38.316108 | G39: 96.4 | H39: 1.7 | I39: =G39+H39 -> 98.1 | J39: =IF(L39>0,L39,0) -> 0 | K39: =I39+J39 -> 98.1 | L39: =F39-(I39-X39) -> -21.283892 | M39: 2.8 | N39: 0 | O39: 0 | P39: =M39-(N39+O39) -> 2.8 | Q39: 0 | R39: 0 | S39: =SUM(P39:R39) -> 2.8 | U39: 0 | V39: 35.7 | W39: =W38-V39 -> 14151.7 | X39: =N39+O39+S39+U39+V39 -> 38.5 | Y39: =IF(L39<0,L39*-1,0) -> 21.283892 | Z39: =X39+Y39 -> 59.783892 | AA39: 0 | AB39: 31 | AC39: 15 | AD39: 30
A41: MONTH / CFS | F41: =SUM(F10:F39) -> 746.15579 | G41: =SUM(G10:G40) -> 2980.9 | H41: =SUM(H10:H39) -> 25.7 | I41: =SUM(I10:I39) -> 3006.6 | J41: =SUM(J10:J39) -> 408.11109 | K41: =SUM(K10:K39) -> 3414.7111 | L41: =SUM(L10:L39) -> -352.24421 | M41: =SUM(M10:M39) -> 595.8 | N41: =SUM(N10:N39) -> 0 | O41: =SUM(O10:O39) -> 0 | ... S41: =SUM(S10:S39) -> 819.9 | U41: =SUM(U10:U39) -> 0 | V41: =SUM(V10:V39) -> 1088.3 | X41: =SUM(X10:X39) -> 1908.2 | Y41: =SUM(Y10:Y39) -> 760.35531 | Z41: =SUM(Z10:Z39) -> 2668.5553 | AA41: =SUM(AA10:AA39) -> 2.73 | AB41: =AVERAGE(AB10:AB39) -> 45.2 | AC41: =AVERAGE(AC10:AC39) -> 20.2 | AD41: AVE
A42: MONTH / AF | D42: =SUM(D10:D39) -> 1480 | F42: =F41*$D$2 -> 1480 | G42: =G41*$D$2 -> 5912.6151 | H42: =H41*$D$2 -> 50.97595 | I42: =I41*$D$2 -> 5963.5911 | J42: =J41*$D$2 -> 809.48835 | K42: =K41*$D$2 -> 6773.0795 | L42: =L41*$D$2 -> -698.6764 | M42: =M41*$D$2 -> 1181.7693 | ... S42: =S41*$D$2 -> 1626.2716 | U42: =U41*$D$2 -> 0 | V42: =V41*$D$2 -> 2158.6431 | X42: =X41*$D$2 -> 3784.9147 | Y42: =Y41*$D$2 -> 1508.1647 | Z42: =Z41*$D$2 -> 5293.0795 | AB42: =MAX(AB10:AB39) -> 59 | AC42: =MAX(AC10:AC39) -> 32 | AD42: HI
A44: SEASON / CFS | AB44: =MIN(AB10:AB39) -> 31 | AC44: =MIN(AC10:AC39) -> 2 | AD44: LO
A45: SEASON / AF
A47: YTD / CFS | F47: =F8+F41 -> 746.15579 | G47: =G8+G41 -> 2980.9 | H47: =H8+H41 -> 25.7 | I47: =I8+I41 -> 3006.6 | J47: =J8+J41 -> 408.11109 | K47: =K8+K41 -> 3414.7111 | L47: =L8+L41 -> -352.24421 | M47: =M8+M41 -> 595.8 | ... S47: =S8+S41 -> 819.9 | U47: =U8+U41 -> 0 | V47: =V8+V41 -> 1088.3 | W47: =W39 -> 14151.7 | X47: =X8+X41 -> 1908.2 | Y47: =Y8+Y41 -> 760.35531 | Z47: =Z8+Z41 -> 2668.5553 | AA47: =AA8+AA41 -> 2.73
A48: YTD / AF | D48: =D8+D42 -> 1480 | E48: =E39 -> 144333 | F48: =F47*$D$2 -> 1480 | G48: =G47*$D$2 -> 5912.6151 | H48: =H47*$D$2 -> 50.97595 | I48: =I47*$D$2 -> 5963.5911 | J48: =J47*$D$2 -> 809.48835 | K48: =K47*$D$2 -> 6773.0795 | L48: =L47*$D$2 -> -698.6764 | M48: =M47*$D$2 -> 1181.7693 | ... Z48: =Z47*$D$2 -> 5293.0795

Sheet DEC
K1: MC PHEE RESERVOIR IN/OUT FLOW TABULATION
A2: AF/cfs CONVERT FACTOR | D2: 1.9835 | K2: DECEMBER "1991"
A4: DATE | B4: RESERV | C4: RESERV | D4: AC FT | E4: ACTIVE | F4: CONV TO | G4: DOLORES | H4: LOST | I4: RECORDED | J4: CALC | K4: TOTAL | L4: CALC | M4: TUNNEL | Q4: LONE | R4: U | S4: TOTAL | T4: MVI | U4: DV CR | V4: BELOW | W4: REMAIN | X4: RECORDED | Y4: CALC | Z4: TOTAL | AA4: RAIN | AB4: MAX | AC4: MIN | AD4: DATE
A5: "DEC" | B5: ELEV | C5: AC FT | D5: CHANGE | E5: CAP | F5: CFS | G5: RIVER | H5: CANYON | I5: INFLOW | J5: INFLOW | K5: INFLOW | L5: INF/OTF | M5: TOT DIV | N5: WETLAND | O5: UTE F&R | P5: MVI,CTZ | Q5: PINE | R5: LAT | S5: MVI | T5: CALL | U5: CANAL | V5: MC PHEE | W5: RELEASE | X5: OUTFLOW | Y5: OUTFLOW | Z5: OUTFLOW | AB5: TMP | AC5: TMP | AD5: "DEC"
A7: SEASON BAL
A8: YTD | B8: =NOV!B39 -> 6903.41 | C8: =NOV!C39 -> 296333 | D8: =NOV!$D$48 -> 1480 | E8: =NOV!$E$39 -> 144333 | F8: =NOV!F47 -> 746.15579 | G8: =NOV!G47 -> 2980.9 | H8: =NOV!H47 -> 25.7 | I8: =NOV!I47 -> 3006.6 | J8: =NOV!J47 -> 408.11109 | K8: =NOV!K47 -> 3414.7111 | L8: =NOV!L47 -> -352.24421 | M8: =NOV!M47 -> 595.8 | ... AA8: =NOV!AA47 -> 2.73
A10: 1 | B10: 6903.43 | C10: 296409 | D10: =C10-C8 -> 76 | E10: =C10-152000 -> 144409 | F10: =D10/$D$2 -> 38.316108 | G10: 76.8 | H10: 0 | I10: =G10+H10 -> 76.8 | J10: =IF(L10>0,L10,0) -> 0.01610789 | K10: =I10+J10 -> 76.816108 | L10: =F10-(I10-X10) -> 0.01610789 | M10: 2.8 | N10: 0 | O10: 0 | P10: =M10-(N10+O10) -> 2.8 | Q10: 0 | R10: 0 | S10: =SUM(P10:R10) -> 2.8 | U10: 0 | V10: 35.7 | W10: =W8-V10 -> 14116 | X10: =N10+O10+S10+U10+V10 -> 38.5 | Y10: =IF(L10<0,L10*-1,0) -> 0 | Z10: =X10+Y10 -> 38.5 | AA10: 0.1 | AB10: 30 | AC10: 12 | AD10: 1
A11: =A10+1 -> 2 | B11: 6903.43 | C11: 296409 | D11: =C11-C10 -> 0 | E11: =C11-152000 -> 144409 | F11: =D11/$D$2 -> 0 | G11: 37.9 | H11: 0 | I11: =G11+H11 -> 37.9 | J11: =IF(L11>0,L11,0) -> 0 | K11: =I11+J11 -> 37.9 | L11: =F11-(I11-X11) -> 0 | M11: 2.8 | N11: 0 | O11: 0 | P11: =M11-(N11+O11) -> 2.8 | Q11: 0 | R11: 0 | S11: =SUM(P11:R11) -> 2.8 | U11: 0 | V11: 35.1 | W11: =W10-V11 -> 14080.9 | X11: =N11+O11+S11+U11+V11 -> 37.9 | Y11: =IF(L11<0,L11*-1,0) -> 0 | Z11: =X11+Y11 -> 37.9 | AA11: 0 | AB11: 25 | AC11: 11 | AD11: =AD10+1 -> 2
A12: =A11+1 -> 3 | B12: 6903.44 | C12: 296446 | D12: =C12-C11 -> 37 | E12: =C12-152000 -> 144446 | F12: =D12/$D$2 -> 18.653895 | G12: 56.7 | H12: 0 | I12: =G12+H12 -> 56.7 | J12: =IF(L12>0,L12,0) -> 0 | K12: =I12+J12 -> 56.7 | L12: =F12-(I12-X12) -> -0.046105369 | M12: 2.6 | N12: 0 | O12: 0 | P12: =M12-(N12+O12) -> 2.6 | Q12: 0 | R12: 0 | S12: =SUM(P12:R12) -> 2.6 | U12: 0 | V12: 35.4 | W12: =W11-V12 -> 14045.5 | X12: =N12+O12+S12+U12+V12 -> 38 | Y12: =IF(L12<0,L12*-1,0) -> 0.046105369 | Z12: =X12+Y12 -> 38.046105 | AA12: 0 | AB12: 34 | AC12: 7 | AD12: =AD11+1 -> 3
A13: =A12+1 -> 4 | B13: 6903.44 | C13: 296446 | D13: =C13-C12 -> 0 | E13: =C13-152000 -> 144446 | F13: =D13/$D$2 -> 0 | G13: 37.9 | H13: 0 | I13: =G13+H13 -> 37.9 | J13: =IF(L13>0,L13,0) -> 0 | K13: =I13+J13 -> 37.9 | L13: =F13-(I13-X13) -> 0 | M13: 2.2 | N13: 0 | O13: 0 | P13: =M13-(N13+O13) -> 2.2 | Q13: 0 | R13: 0 | S13: =SUM(P13:R13) -> 2.2 | U13: 0 | V13: 35.7 | W13: =W12-V13 -> 14009.8 | X13: =N13+O13+S13+U13+V13 -> 37.9 | Y13: =IF(L13<0,L13*-1,0) -> 0 | Z13: =X13+Y13 -> 37.9 | AA13: 0 | AB13: 36 | AC13: 6 | AD13: =AD12+1 -> 4
A14: =A13+1 -> 5 | B14: 6903.44 | C14: 296446 | D14: =C14-C13 -> 0 | E14: =C14-152000 -> 144446 | F14: =D14/$D$2 -> 0 | G14: 38.8 | H14: 0 | I14: =G14+H14 -> 38.8 | J14: =IF(L14>0,L14,0) -> 0 | K14: =I14+J14 -> 38.8 | L14: =F14-(I14-X14) -> 0 | M14: 2.7 | N14: 0 | O14: 0 | P14: =M14-(N14+O14) -> 2.7 | Q14: 0 | R14: 0 | S14: =SUM(P14:R14) -> 2.7 | U14: 0 | V14: 36.1 | W14: =W13-V14 -> 13973.7 | X14: =N14+O14+S14+U14+V14 -> 38.8 | Y14: =IF(L14<0,L14*-1,0) -> 0 | Z14: =X14+Y14 -> 38.8 | AA14: 0 | AB14: 40 | AC14: 12 | AD14: =AD13+1 -> 5
A15: =A14+1 -> 6 | B15: 6903.46 | C15: 296522 | D15: =C15-C14 -> 76 | E15: =C15-152000 -> 144522 | F15: =D15/$D$2 -> 38.316108 | G15: 77.7 | H15: 0 | I15: =G15+H15 -> 77.7 | J15: =IF(L15>0,L15,0) -> 0 | K15: =I15+J15 -> 77.7 | L15: =F15-(I15-X15) -> -0.08389211 | M15: 2.8 | N15: 0 | O15: 0 | P15: =M15-(N15+O15) -> 2.8 | Q15: 0 | R15: 0 | S15: =SUM(P15:R15) -> 2.8 | U15: 0 | V15: 36.5 | W15: =W14-V15 -> 13937.2 | X15: =N15+O15+S15+U15+V15 -> 39.3 | Y15: =IF(L15<0,L15*-1,0) -> 0.08389211 | Z15: =X15+Y15 -> 39.383892 | AA15: 0 | AB15: 43 | AC15: 16 | AD15: =AD14+1 -> 6
A16: =A15+1 -> 7 | B16: 6903.46 | C16: 296522 | D16: =C16-C15 -> 0 | E16: =C16-152000 -> 144522 | F16: =D16/$D$2 -> 0 | G16: 39 | H16: 0 | I16: =G16+H16 -> 39 | J16: =IF(L16>0,L16,0) -> 0 | K16: =I16+J16 -> 39 | L16: =F16-(I16-X16) -> 0 | M16: 2.5 | N16: 0 | O16: 0 | P16: =M16-(N16+O16) -> 2.5 | Q16: 0 | R16: 0 | S16: =SUM(P16:R16) -> 2.5 | U16: 0 | V16: 36.5 | W16: =W15-V16 -> 13900.7 | X16: =N16+O16+S16+U16+V16 -> 39 | Y16: =IF(L16<0,L16*-1,0) -> 0 | Z16: =X16+Y16 -> 39 | AA16: 0 | AB16: 47 | AC16: 17 | AD16: =AD15+1 -> 7
A17: =A16+1 -> 8 | B17: 6903.48 | C17: 296598 | D17: =C17-C16 -> 76 | E17: =C17-152000 -> 144598 | F17: =D17/$D$2 -> 38.316108 | G17: 77.3 | H17: 0 | I17: =G17+H17 -> 77.3 | J17: =IF(L17>0,L17,0) -> 0.01610789 | K17: =I17+J17 -> 77.316108 | L17: =F17-(I17-X17) -> 0.01610789 | M17: 2.5 | N17: 0 | O17: 0 | P17: =M17-(N17+O17) -> 2.5 | Q17: 0 | R17: 0 | S17: =SUM(P17:R17) -> 2.5 | U17: 0 | V17: 36.5 | W17: =W16-V17 -> 13864.2 | X17: =N17+O17+S17+U17+V17 -> 39 | Y17: =IF(L17<0,L17*-1,0) -> 0 | Z17: =X17+Y17 -> 39 | AA17: 0 | AB17: 49 | AC17: 20 | AD17: =AD16+1 -> 8
A18: =A17+1 -> 9 | B18: 6903.49 | C18: 296637 | D18: =C18-C17 -> 39 | E18: =C18-152000 -> 144637 | F18: =D18/$D$2 -> 19.662213 | G18: 59.4 | H18: 0 | I18: =G18+H18 -> 59.4 | J18: =IF(L18>0,L18,0) -> 0.26221326 | K18: =I18+J18 -> 59.662213 | L18: =F18-(I18-X18) -> 0.26221326 | M18: 3.5 | N18: 0 | O18: 0 | P18: =M18-(N18+O18) -> 3.5 | Q18: 0 | R18: 0 | S18: =SUM(P18:R18) -> 3.5 | U18: 0 | V18: 36.5 | W18: =W17-V18 -> 13827.7 | X18: =N18+O18+S18+U18+V18 -> 40 | Y18: =IF(L18<0,L18*-1,0) -> 0 | Z18: =X18+Y18 -> 40 | AA18: 0 | AB18: 45 | AC18: 22 | AD18: =AD17+1 -> 9
A19: =A18+1 -> 10 | B19: 6903.51 | C19: 296711 | D19: =C19-C18 -> 74 | E19: =C19-152000 -> 144711 | F19: =D19/$D$2 -> 37.307789 | G19: 74.2 | H19: 0 | I19: =G19+H19 -> 74.2 | J19: =IF(L19>0,L19,0) -> 0.0077892614 | K19: =I19+J19 -> 74.207789 | L19: =F19-(I19-X19) -> 0.0077892614 | M19: 3.7 | N19: 0 | O19: 0 | P19: =M19-(N19+O19) -> 3.7 | Q19: 0 | R19: 0 | S19: =SUM(P19:R19) -> 3.7 | U19: 0 | V19: 33.2 | W19: =W18-V19 -> 13794.5 | X19: =N19+O19+S19+U19+V19 -> 36.9 | Y19: =IF(L19<0,L19*-1,0) -> 0 | Z19: =X19+Y19 -> 36.9 | AA19: 0.2 | AB19: 48 | AC19: 20 | AD19: =AD18+1 -> 10
A20: =A19+1 -> 11 | B20: 6903.52 | C20: 296750 | D20: =C20-C19 -> 39 | E20: =C20-152000 -> 144750 | F20: =D20/$D$2 -> 19.662213 | G20: 53.8 | H20: 0 | I20: =G20+H20 -> 53.8 | J20: =IF(L20>0,L20,0) -> 0 | K20: =I20+J20 -> 53.8 | L20: =F20-(I20-X20) -> -0.037786741 | M20: 3.4 | N20: 0 | O20: 0 | P20: =M20-(N20+O20) -> 3.4 | Q20: 0 | R20: 0 | S20: =SUM(P20:R20) -> 3.4 | U20: 0 | V20: 30.7 | W20: =W19-V20 -> 13763.8 | X20: =N20+O20+S20+U20+V20 -> 34.1 | Y20: =IF(L20<0,L20*-1,0) -> 0.037786741 | Z20: =X20+Y20 -> 34.137787 | AA20: 0 | AB20: 38 | AC20: 18 | AD20: =AD19+1 -> 11
A21: =A20+1 -> 12 | B21: 6903.53 | C21: 296787 | D21: =C21-C20 -> 37 | E21: =C21-152000 -> 144787 | F21: =D21/$D$2 -> 18.653895 | G21: 52.5 | H21: 0 | I21: =G21+H21 -> 52.5 | J21: =IF(L21>0,L21,0) -> 0.053894631 | K21: =I21+J21 -> 52.553895 | L21: =F21-(I21-X21) -> 0.053894631 | M21: 3.4 | N21: 0 | O21: 0 | P21: =M21-(N21+O21) -> 3.4 | Q21: 0 | R21: 0 | S21: =SUM(P21:R21) -> 3.4 | U21: 0 | V21: 30.5 | W21: =W20-V21 -> 13733.3 | X21: =N21+O21+S21+U21+V21 -> 33.9 | Y21: =IF(L21<0,L21*-1,0) -> 0 | Z21: =X21+Y21 -> 33.9 | AA21: 0 | AB21: 34 | AC21: 20 | AD21: =AD20+1 -> 12
A22: =A21+1 -> 13 | B22: 6903.53 | C22: 296787 | D22: =C22-C21 -> 0 | E22: =C22-152000 -> 144787 | F22: =D22/$D$2 -> 0 | G22: 33.9 | H22: 0 | I22: =G22+H22 -> 33.9 | J22: =IF(L22>0,L22,0) -> 0 | K22: =I22+J22 -> 33.9 | L22: =F22-(I22-X22) -> 0 | M22: 3.4 | N22: 0 | O22: 0 | P22: =M22-(N22+O22) -> 3.4 | Q22: 0 | R22: 0 | S22: =SUM(P22:R22) -> 3.4 | U22: 0 | V22: 30.5 | W22: =W21-V22 -> 13702.8 | X22: =N22+O22+S22+U22+V22 -> 33.9 | Y22: =IF(L22<0,L22*-1,0) -> 0 | Z22: =X22+Y22 -> 33.9 | AA22: 0 | AB22: 39 | AC22: 16 | AD22: =AD21+1 -> 13
... A38: =A37+1 -> 29 | B38: 6903.69 | C38: 297395 | D38: =C38-C37 -> 37 | E38: =C38-152000 -> 145395 | F38: =D38/$D$2 -> 18.653895 | G38: 51.7 | H38: 0 | I38: =G38+H38 -> 51.7 | J38: =IF(L38>0,L38,0) -> 0 | K38: =I38+J38 -> 51.7 | L38: =F38-(I38-X38) -> -0.046105369 | M38: 3.4 | N38: 0 | O38: 0 | P38: =M38-(N38+O38) -> 3.4 | Q38: 0 | R38: 0 | S38: =SUM(P38:R38) -> 3.4 | U38: 0 | V38: 29.6 | W38: =W37-V38 -> 13220.7 | X38: =N38+O38+S38+U38+V38 -> 33 | Y38: =IF(L38<0,L38*-1,0) -> 0.046105369 | Z38: =X38+Y38 -> 33.046105 | AA38: 0 | AB38: 38 | AC38: 10 | AD38: =AD37+1 -> 29
A39: 30 | B39: 6903.7 | C39: 297434 | D39: =C39-C38 -> 39 | E39: =C39-152000 -> 145434 | F39: =D39/$D$2 -> 19.662213 | G39: 52.6 | H39: 0 | I39: =G39+H39 -> 52.6 | J39: =IF(L39>0,L39,0) -> 0.062213259 | K39: =I39+J39 -> 52.662213 | L39: =F39-(I39-X39) -> 0.062213259 | M39: 3.4 | N39: 0 | O39: 0 | P39: =M39-(N39+O39) -> 3.4 | Q39: 0 | R39: 0 | S39: =SUM(P39:R39) -> 3.4 | U39: 0 | V39: 29.6 | W39: =W38-V39 -> 13191.1 | X39: =N39+O39+S39+U39+V39 -> 33 | Y39: =IF(L39<0,L39*-1,0) -> 0 | Z39: =X39+Y39 -> 33 | AA39: 0.19 | AB39: 34 | AC39: 8 | AD39: 30
A40: 31 | B40: 6903.71 | C40: 297471 | D40: =C40-C39 -> 37 | E40: =C40-152000 -> 145471 | F40: =D40/$D$2 -> 18.653895 | G40: 51.7 | H40: 0 | I40: =G40+H40 -> 51.7 | J40: =IF(L40>0,L40,0) -> 0.053894631 | K40: =I40+J40 -> 51.753895 | L40: =F40-(I40-X40) -> 0.053894631 | M40: 3.4 | N40: 0 | O40: 0 | P40: =M40-(N40+O40) -> 3.4 | Q40: 0 | R40: 0 | S40: =SUM(P40:R40) -> 3.4 | U40: 0 | V40: 29.7 | W40: =W39-V40 -> 13161.4 | X40: =N40+O40+S40+U40+V40 -> 33.1 | Y40: =IF(L40<0,L40*-1,0) -> 0 | Z40: =X40+Y40 -> 33.1 | AA40: 0 | AB40: 31 | AC40: 14 | AD40: 31
A42: MONTH / CFS | F42: =SUM(F10:F40) -> 573.7333 | G42: =SUM(G10:G40) -> 1662.6 | H42: =SUM(H10:H40) -> 0 | I42: =SUM(I10:I40) -> 1662.6 | J42: =SUM(J10:J40) -> 0.74444164 | K42: =SUM(K10:K40) -> 1663.3444 | L42: =SUM(L10:L40) -> 0.43329972 | M42: =SUM(M10:M40) -> 99 | ... S42: =SUM(S10:S40) -> 99 | U42: =SUM(U10:U40) -> 0 | V42: =SUM(V10:V40) -> 990.3 | X42: =SUM(X10:X40) -> 1089.3 | Y42: =SUM(Y10:Y40) -> 0.31114192 | Z42: =SUM(Z10:Z40) -> 1089.6111 | AA42: =SUM(AA10:AA40) -> 1.11 | AB42: =AVERAGE(AB10:AB40) -> 38.806452 | AC42: =AVERAGE(AC10:AC40) -> 15.322581 | AD42: AVE
A43: MONTH / AF | D43: =SUM(D10:D40) -> 1138 | F43: =F42*$D$2 -> 1138 | G43: =G42*$D$2 -> 3297.7671 | H43: =H42*$D$2 -> 0 | I43: =I42*$D$2 -> 3297.7671 | J43: =J42*$D$2 -> 1.4766 | K43: =K42*$D$2 -> 3299.2437 | L43: =L42*$D$2 -> 0.85945 | M43: =M42*$D$2 -> 196.3665 | ... S43: =S42*$D$2 -> 196.3665 | U43: =U42*$D$2 -> 0 | V43: =V42*$D$2 -> 1964.2601 | X43: =X42*$D$2 -> 2160.6265 | Y43: =Y42*$D$2 -> 0.61715 | Z43: =Z42*$D$2 -> 2161.2437 | AB43: =MAX(AB10:AB40) -> 49 | AC43: =MAX(AC10:AC40) -> 30 | AD43: HI
A45: SEASON / CFS | AB45: =MIN(AB10:AB40) -> 25 | AC45: =MIN(AC10:AC40) -> 5 | AD45: LO
A46: SEASON / AF
A48: YTD / CFS | F48: =F8+F42 -> 1319.8891 | G48: =G8+G42 -> 4643.5 | H48: =H8+H42 -> 25.7 | I48: =I8+I42 -> 4669.2 | J48: =J8+J42 -> 408.85553 | K48: =K8+K42 -> 5078.0555 | L48: =L8+L42 -> -351.81092 | M48: =M8+M42 -> 694.8 | ... S48: =S8+S42 -> 918.9 | U48: =U8+U42 -> 0 | V48: =V8+V42 -> 2078.6 | W48: =W40 -> 13161.4 | X48: =X8+X42 -> 2997.5 | Y48: =Y8+Y42 -> 760.66645 | Z48: =Z8+Z42 -> 3758.1664 | AA48: =AA8+AA42 -> 3.84
A49: YTD / AF | D49: =D8+D43 -> 2618 | E49: =E40 -> 145471 | F49: =F48*$D$2 -> 2618 | G49: =G48*$D$2 -> 9210.3823 | H49: =H48*$D$2 -> 50.97595 | I49: =I48*$D$2 -> 9261.3582 | J49: =J48*$D$2 -> 810.96495 | K49: =K48*$D$2 -> 10072.323 | L49: =L48*$D$2 -> -697.81695 | M49: =M48*$D$2 -> 1378.1358 | ... V49: =V48*$D$2 -> 4122.9031 | W49: =W40*$D$2 -> 26105.637 | X49: =X48*$D$2 -> 5945.5413 | Y49: =Y48*$D$2 -> 1508.7819 | Z49: =Z48*$D$2 -> 7454.3232

Sheet JAN
K1: MC PHEE RESERVOIR IN/OUT FLOW TABULATION
A2: AF/cfs CONVERT FACTOR | D2: 1.9835 | K2: JANUARY "1992"
A4: DATE | B4: RESERV | C4: RESERV | D4: AC FT | E4: ACTIVE | F4: CONV TO | G4: DOLORES | H4: LOST | I4: RECORDED | J4: CALC | K4: TOTAL | L4: CALC | M4: TUNNEL | Q4: LONE | R4: U | S4: TOTAL | T4: MVI | U4: DV CR | V4: BELOW | W4: REMAIN | X4: RECORDED | Y4: CALC | Z4: TOTAL | AA4: RAIN | AB4: MAX | AC4: MIN | AD4: DATE
A5: "JAN" | B5: ELEV | C5: AC FT | D5: CHANGE | E5: CAP | F5: CFS | G5: RIVER | H5: CANYON | I5: INFLOW | J5: INFLOW | K5: INFLOW | L5: INF/OTF | M5: TOT DIV | N5: WETLAND | O5: UTE F&R | P5: MVI,CTZ | Q5: PINE | R5: LAT | S5: MVI | T5: CALL | U5: CANAL | V5: MC PHEE | W5: RELEASE | X5: OUTFLOW | Y5: OUTFLOW | Z5: OUTFLOW | AB5: TMP | AC5: TMP | AD5: "JAN"
A7: SEASON BAL
A8: YTD | B8: =DEC!B40 -> 6903.71 | C8: =DEC!C40 -> 297471 | D8: =DEC!$D$49 -> 2618 | E8: =DEC!$E$40 -> 145471 | F8: =DEC!F48 -> 1319.8891 | G8: =DEC!G48 -> 4643.5 | H8: =DEC!H48 -> 25.7 | I8: =DEC!I48 -> 4669.2 | J8: =DEC!J48 -> 408.85553 | K8: =DEC!K48 -> 5078.0555 | L8: =DEC!L48 -> -351.81092 | M8: =DEC!M48 -> 694.8 | ... AA8: =DEC!AA48 -> 3.84
A10: 1 | B10: 6903.71 | C10: 297471 | D10: =C10-C8 -> 0 | E10: =C10-152000 -> 145471 | F10: =D10/$D$2 -> 0 | G10: 32.9 | H10: 0 | I10: =G10+H10 -> 32.9 | J10: =IF(L10>0,L10,0) -> 0.1 | K10: =I10+J10 -> 33 | L10: =F10-(I10-X10) -> 0.1 | M10: 3.4 | N10: 0 | O10: 0 | P10: =M10-(N10+O10) -> 3.4 | Q10: 0 | R10: 0 | S10: =SUM(P10:R10) -> 3.4 | U10: 0 | V10: 29.6 | W10: =W8-V10 -> 13131.8 | X10: =N10+O10+S10+U10+V10 -> 33 | Y10: =IF(L10<0,L10*-1,0) -> 0 | Z10: =X10+Y10 -> 33 | AA10: 0 | AB10: 33 | AC10: 1 | AD10: 1
A11: =A10+1 -> 2 | B11: 6903.72 | C11: 297510 | D11: =C11-C10 -> 39 | E11: =C11-152000 -> 145510 | F11: =D11/$D$2 -> 19.662213 | G11: 52.5 | H11: 0 | I11: =G11+H11 -> 52.5 | J11: =IF(L11>0,L11,0) -> 0 | K11: =I11+J11 -> 52.5 | L11: =F11-(I11-X11) -> -0.037786741 | M11: 3.4 | N11: 0 | O11: 0 | P11: =M11-(N11+O11) -> 3.4 | Q11: 0 | R11: 0 | S11: =SUM(P11:R11) -> 3.4 | U11: 0 | V11: 29.4 | W11: =W10-V11 -> 13102.4 | X11: =N11+O11+S11+U11+V11 -> 32.8 | Y11: =IF(L11<0,L11*-1,0) -> 0.037786741 | Z11: =X11+Y11 -> 32.837787 | AA11: 0 | AB11: 27 | AC11: 4 | AD11: =AD10+1 -> 2
A12: =A11+1 -> 3 | B12: 6903.73 | C12: 297547 | D12: =C12-C11 -> 37 | E12: =C12-152000 -> 145547 | F12: =D12/$D$2 -> 18.653895 | G12: 51.2 | H12: 0 | I12: =G12+H12 -> 51.2 | J12: =IF(L12>0,L12,0) -> 0.053894631 | K12: =I12+J12 -> 51.253895 | L12: =F12-(I12-X12) -> 0.053894631 | M12: 3.4 | N12: 0 | O12: 0 | P12: =M12-(N12+O12) -> 3.4 | Q12: 0 | R12: 0 | S12: =SUM(P12:R12) -> 3.4 | U12: 0 | V12: 29.2 | W12: =W11-V12 -> 13073.2 | X12: =N12+O12+S12+U12+V12 -> 32.6 | Y12: =IF(L12<0,L12*-1,0) -> 0 | Z12: =X12+Y12 -> 32.6 | AA12: 0 | AB12: 29 | AC12: 0 | AD12: =AD11+1 -> 3
A13: =A12+1 -> 4 | B13: 6903.74 | C13: 297585 | D13: =C13-C12 -> 38 | E13: =C13-152000 -> 145585 | F13: =D13/$D$2 -> 19.158054 | G13: 52 | H13: 0 | I13: =G13+H13 -> 52 | J13: =IF(L13>0,L13,0) -> 0 | K13: =I13+J13 -> 52 | L13: =F13-(I13-X13) -> -0.041946055 | M13: 3.4 | N13: 0 | O13: 0 | P13: =M13-(N13+O13) -> 3.4 | Q13: 0 | R13: 0 | S13: =SUM(P13:R13) -> 3.4 | U13: 0 | V13: 29.4 | W13: =W12-V13 -> 13043.8 | X13: =N13+O13+S13+U13+V13 -> 32.8 | Y13: =IF(L13<0,L13*-1,0) -> 0.041946055 | Z13: =X13+Y13 -> 32.841946 | AA13: 0.25 | AB13: 31 | AC13: 6 | AD13: =AD12+1 -> 4
A14: =A13+1 -> 5 | B14: 6903.76 | C14: 297660 | D14: =C14-C13 -> 75 | E14: =C14-152000 -> 145660 | F14: =D14/$D$2 -> 37.811949 | G14: 70.5 | H14: 0 | I14: =G14+H14 -> 70.5 | J14: =IF(L14>0,L14,0) -> 0.011948576 | K14: =I14+J14 -> 70.511949 | L14: =F14-(I14-X14) -> 0.011948576 | M14: 3.4 | N14: 0 | O14: 0 | P14: =M14-(N14+O14) -> 3.4 | Q14: 0 | R14: 0 | S14: =SUM(P14:R14) -> 3.4 | U14: 0 | V14: 29.3 | W14: =W13-V14 -> 13014.5 | X14: =N14+O14+S14+U14+V14 -> 32.7 | Y14: =IF(L14<0,L14*-1,0) -> 0 | Z14: =X14+Y14 -> 32.7 | AA14: 0 | AB14: 36 | AC14: 12 | AD14: =AD13+1 -> 5
A15: =A14+1 -> 6 | B15: 6903.8 | C15: 297812 | D15: =C15-C14 -> 152 | E15: =C15-152000 -> 145812 | F15: =D15/$D$2 -> 76.632216 | G15: 109.3 | H15: 0 | I15: =G15+H15 -> 109.3 | J15: =IF(L15>0,L15,0) -> 0 | K15: =I15+J15 -> 109.3 | L15: =F15-(I15-X15) -> -0.06778422 | M15: 3.4 | N15: 0 | O15: 0 | P15: =M15-(N15+O15) -> 3.4 | Q15: 0 | R15: 0 | S15: =SUM(P15:R15) -> 3.4 | U15: 0 | V15: 29.2 | W15: =W14-V15 -> 12985.3 | X15: =N15+O15+S15+U15+V15 -> 32.6 | Y15: =IF(L15<0,L15*-1,0) -> 0.06778422 | Z15: =X15+Y15 -> 32.667784 | AA15: 0.34 | AB15: 36 | AC15: 22 | AD15: =AD14+1 -> 6
A16: =A15+1 -> 7 | B16: 6903.83 | C16: 297926 | D16: =C16-C15 -> 114 | E16: =C16-152000 -> 145926 | F16: =D16/$D$2 -> 57.474162 | G16: 91.4 | H16: 0 | I16: =G16+H16 -> 91.4 | J16: =IF(L16>0,L16,0) -> 0 | K16: =I16+J16 -> 91.4 | L16: =F16-(I16-X16) -> -0.025838165 | M16: 4.3 | N16: 0 | O16: 0 | P16: =M16-(N16+O16) -> 4.3 | Q16: 0 | R16: 0 | S16: =SUM(P16:R16) -> 4.3 | U16: 0 | V16: 29.6 | W16: =W15-V16 -> 12955.7 | X16: =N16+O16+S16+U16+V16 -> 33.9 | Y16: =IF(L16<0,L16*-1,0) -> 0.025838165 | Z16: =X16+Y16 -> 33.925838 | AA16: 0.5 | AB16: 26 | AC16: 20 | AD16: =AD15+1 -> 7
A17: =A16+1 -> 8 | B17: 6903.85 | C17: 298002 | D17: =C17-C16 -> 76 | E17: =C17-152000 -> 146002 | F17: =D17/$D$2 -> 38.316108 | G17: 72.7 | H17: 0 | I17: =G17+H17 -> 72.7 | J17: =IF(L17>0,L17,0) -> 0.01610789 | K17: =I17+J17 -> 72.716108 | L17: =F17-(I17-X17) -> 0.01610789 | M17: 5.2 | N17: 0 | O17: 0 | P17: =M17-(N17+O17) -> 5.2 | Q17: 0 | R17: 0 | S17: =SUM(P17:R17) -> 5.2 | U17: 0 | V17: 29.2 | W17: =W16-V17 -> 12926.5 | X17: =N17+O17+S17+U17+V17 -> 34.4 | Y17: =IF(L17<0,L17*-1,0) -> 0 | Z17: =X17+Y17 -> 34.4 | AA17: 0 | AB17: 34 | AC17: 10 | AD17: =AD16+1 -> 8
A18: =A17+1 -> 9 | B18: 6903.86 | C18: 298039 | D18: =C18-C17 -> 37 | E18: =C18-152000 -> 146039 | F18: =D18/$D$2 -> 18.653895 | G18: 53.1 | H18: 0 | I18: =G18+H18 -> 53.1 | J18: =IF(L18>0,L18,0) -> 0.053894631 | K18: =I18+J18 -> 53.153895 | L18: =F18-(I18-X18) -> 0.053894631 | M18: 5.1 | N18: 0 | O18: 0 | P18: =M18-(N18+O18) -> 5.1 | Q18: 0 | R18: 0 | S18: =SUM(P18:R18) -> 5.1 | U18: 0 | V18: 29.4 | W18: =W17-V18 -> 12897.1 | X18: =N18+O18+S18+U18+V18 -> 34.5 | Y18: =IF(L18<0,L18*-1,0) -> 0 | Z18: =X18+Y18 -> 34.5 | AA18: 0 | AB18: 34 | AC18: 0 | AD18: =AD17+1 -> 9
A19: =A18+1 -> 10 | B19: 6903.85 | C19: 298002 | D19: =C19-C18 -> -37 | E19: =C19-152000 -> 146002 | F19: =D19/$D$2 -> -18.653895 | G19: 53.8 | H19: 0 | I19: =G19+H19 -> 53.8 | J19: =IF(L19>0,L19,0) -> 0 | K19: =I19+J19 -> 53.8 | L19: =F19-(I19-X19) -> -37.353895 | M19: 5.4 | N19: 0 | O19: 0 | P19: =M19-(N19+O19) -> 5.4 | Q19: 0 | R19: 0 | S19: =SUM(P19:R19) -> 5.4 | U19: 0 | V19: 29.7 | W19: =W18-V19 -> 12867.4 | X19: =N19+O19+S19+U19+V19 -> 35.1 | Y19: =IF(L19<0,L19*-1,0) -> 37.353895 | Z19: =X19+Y19 -> 72.453895 | AA19: 0 | AB19: 36 | AC19: 1 | AD19: =AD18+1 -> 10
A20: =A19+1 -> 11 | B20: 6903.84 | C20: 297936 | D20: =C20-C19 -> -66 | E20: =C20-152000 -> 145936 | F20: =D20/$D$2 -> -33.274515 | G20: 55.4 | H20: 0 | I20: =G20+H20 -> 55.4 | J20: =IF(L20>0,L20,0) -> 0 | K20: =I20+J20 -> 55.4 | L20: =F20-(I20-X20) -> -53.474515 | M20: 5.5 | N20: 0 | O20: 0 | P20: =M20-(N20+O20) -> 5.5 | Q20: 0 | R20: 0 | S20: =SUM(P20:R20) -> 5.5 | U20: 0 | V20: 29.7 | W20: =W19-V20 -> 12837.7 | X20: =N20+O20+S20+U20+V20 -> 35.2 | Y20: =IF(L20<0,L20*-1,0) -> 53.474515 | Z20: =X20+Y20 -> 88.674515 | AA20: 0 | AB20: 34 | AC20: 6 | AD20: =AD19+1 -> 11
A21: =A20+1 -> 12 | B21: 6903.85 | C21: 298002 | D21: =C21-C20 -> 66 | E21: =C21-152000 -> 146002 | F21: =D21/$D$2 -> 33.274515 | G21: 68.5 | H21: 0 | I21: =G21+H21 -> 68.5 | J21: =IF(L21>0,L21,0) -> 0 | K21: =I21+J21 -> 68.5 | L21: =F21-(I21-X21) -> -0.025485253 | M21: 5.5 | N21: 0 | O21: 0 | P21: =M21-(N21+O21) -> 5.5 | Q21: 0 | R21: 0 | S21: =SUM(P21:R21) -> 5.5 | U21: 0 | V21: 29.7 | W21: =W20-V21 -> 12808 | X21: =N21+O21+S21+U21+V21 -> 35.2 | Y21: =IF(L21<0,L21*-1,0) -> 0.025485253 | Z21: =X21+Y21 -> 35.225485 | AA21: 0 | AB21: 36 | AC21: 4 | AD21: =AD20+1 -> 12
A22: 13 | B22: 6903.86 | C22: 298039 | D22: =C22-C21 -> 37 | E22: =C22-152000 -> 146039 | F22: =D22/$D$2 -> 18.653895 | G22: 53.5 | H22: 0 | I22: =G22+H22 -> 53.5 | J22: =IF(L22>0,L22,0) -> 0.053894631 | K22: =I22+J22 -> 53.553895 | L22: =F22-(I22-X22) -> 0.053894631 | M22: 5.2 | N22: 0 | O22: 0 | P22: =M22-(N22+O22) -> 5.2 | Q22: 0 | R22: 0 | S22: =SUM(P22:R22) -> 5.2 | U22: 0 | V22: 29.7 | W22: =W21-V22 -> 12778.3 | X22: =N22+O22+S22+U22+V22 -> 34.9 | Y22: =IF(L22<0,L22*-1,0) -> 0 | Z22: =X22+Y22 -> 34.9 | AA22: 0 | AB22: 32 | AC22: 2 | AD22: =AD21+1 -> 13
A23: =A22+1 -> 14 | B23: 6903.88 | C23: 298115 | D23: =C23-C22 -> 76 | E23: =C23-152000 -> 146115 | F23: =D23/$D$2 -> 38.316108 | G23: 72.9 | H23: 0 | I23: =G23+H23 -> 72.9 | J23: =IF(L23>0,L23,0) -> 0.01610789 | K23: =I23+J23 -> 72.916108 | L23: =F23-(I23-X23) -> 0.01610789 | M23: 4.9 | N23: 0 | O23: 0 | P23: =M23-(N23+O23) -> 4.9 | Q23: 0 | R23: 0 | S23: =SUM(P23:R23) -> 4.9 | U23: 0 | V23: 29.7 | W23: =W22-V23 -> 12748.6 | X23: =N23+O23+S23+U23+V23 -> 34.6 | Y23: =IF(L23<0,L23*-1,0) -> 0 | Z23: =X23+Y23 -> 34.6 | AA23: 0 | AB23: 34 | AC23: 4 | AD23: =AD22+1 -> 14
A24: =A23+1 -> 15 | B24: 6903.89 | C24: 298154 | D24: =C24-C23 -> 39 | E24: =C24-152000 -> 146154 | F24: =D24/$D$2 -> 19.662213 | G24: 53.7 | H24: 0 | I24: =G24+H24 -> 53.7 | J24: =IF(L24>0,L24,0) -> 0 | K24: =I24+J24 -> 53.7 | L24: =F24-(I24-X24) -> -0.037786741 | M24: 4.3 | N24: 0 | O24: 0 | P24: =M24-(N24+O24) -> 4.3 | Q24: 0 | R24: 0 | S24: =SUM(P24:R24) -> 4.3 | U24: 0 | V24: 29.7 | W24: =W23-V24 -> 12718.9 | X24: =N24+O24+S24+U24+V24 -> 34 | Y24: =IF(L24<0,L24*-1,0) -> 0.037786741 | Z24: =X24+Y24 -> 34.037787 | AA24: 0 | AB24: 32 | AC24: 8 | AD24: =AD23+1 -> 15
A25: =A24+1 -> 16 | B25: 6903.89 | C25: 298154 | D25: =C25-C24 -> 0 | E25: =C25-152000 -> 146154 | F25: =D25/$D$2 -> 0 | G25: 33.3 | H25: 0 | I25: =G25+H25 -> 33.3 | J25: =IF(L25>0,L25,0) -> 0 | K25: =I25+J25 -> 33.3 | L25: =F25-(I25-X25) -> 0 | M25: 3.6 | N25: 0 | O25: 0 | P25: =M25-(N25+O25) -> 3.6 | Q25: 0 | R25: 0 | S25: =SUM(P25:R25) -> 3.6 | U25: 0 | V25: 29.7 | W25: =W24-V25 -> 12689.2 | X25: =N25+O25+S25+U25+V25 -> 33.3 | Y25: =IF(L25<0,L25*-1,0) -> 0 | Z25: =X25+Y25 -> 33.3 | AA25: 0 | AB25: 34 | AC25: 4 | AD25: =AD24+1 -> 16
A26: =A25+1 -> 17 | B26: 6903.89 | C26: 298154 | D26: =C26-C25 -> 0 | E26: =C26-152000 -> 146154 | F26: =D26/$D$2 -> 0 | G26: 33.4 | H26: 0 | I26: =G26+H26 -> 33.4 | J26: =IF(L26>0,L26,0) -> 0 | K26: =I26+J26 -> 33.4 | L26: =F26-(I26-X26) -> 0 | M26: 3.7 | N26: 0 | O26: 0 | P26: =M26-(N26+O26) -> 3.7 | Q26: 0 | R26: 0 | S26: =SUM(P26:R26) -> 3.7 | U26: 0 | V26: 29.7 | W26: =W25-V26 -> 12659.5 | X26: =N26+O26+S26+U26+V26 -> 33.4 | Y26: =IF(L26<0,L26*-1,0) -> 0 | Z26: =X26+Y26 -> 33.4 | AA26: 0 | AB26: 36 | AC26: 5 | AD26: =AD25+1 -> 17
A27: =A26+1 -> 18 | B27: 6903.89 | C27: 298154 | D27: =C27-C26 -> 0 | E27: =C27-152000 -> 146154 | F27: =D27/$D$2 -> 0 | G27: 33.4 | H27: 0 | I27: =G27+H27 -> 33.4 | J27: =IF(L27>0,L27,0) -> 0 | K27: =I27+J27 -> 33.4 | L27: =F27-(I27-X27) -> 0 | M27: 3.7 | N27: 0 | O27: 0 | P27: =M27-(N27+O27) -> 3.7 | Q27: 0 | R27: 0 | S27: =SUM(P27:R27) -> 3.7 | U27: 0 | V27: 29.7 | W27: =W26-V27 -> 12629.8 | X27: =N27+O27+S27+U27+V27 -> 33.4 | Y27: =IF(L27<0,L27*-1,0) -> 0 | Z27: =X27+Y27 -> 33.4 | AA27: 0 | AB27: 38 | AC27: 6 | AD27: =AD26+1 -> 18
A28: =A27+1 -> 19 | B28: 6903.89 | C28: 298154 | D28: =C28-C27 -> 0 | E28: =C28-152000 -> 146154 | F28: =D28/$D$2 -> 0 | G28: 33.4 | H28: 0 | I28: =G28+H28 -> 33.4 | J28: =IF(L28>0,L28,0) -> 0 | K28: =I28+J28 -> 33.4 | L28: =F28-(I28-X28) -> 0 | M28: 3.7 | N28: 0 | O28: 0 | P28: =M28-(N28+O28) -> 3.7 | Q28: 0 | R28: 0 | S28: =SUM(P28:R28) -> 3.7 | U28: 0 | V28: 29.7 | W28: =W27-V28 -> 12600.1 | X28: =N28+O28+S28+U28+V28 -> 33.4 | Y28: =IF(L28<0,L28*-1,0) -> 0 | Z28: =X28+Y28 -> 33.4 | AA28: 0 | AB28: 40 | AC28: 7 | AD28: =AD27+1 -> 19
A29: =A28+1 -> 20 | B29: 6903.89 | C29: 298154 | D29: =C29-C28 -> 0 | E29: =C29-152000 -> 146154 | F29: =D29/$D$2 -> 0 | G29: 33.2 | H29: 0 | I29: =G29+H29 -> 33.2 | J29: =IF(L29>0,L29,0) -> 0 | K29: =I29+J29 -> 33.2 | L29: =F29-(I29-X29) -> 0 | M29: 3.5 | N29: 0 | O29: 0 | P29: =M29-(N29+O29) -> 3.5 | Q29: 0 | R29: 0 | S29: =SUM(P29:R29) -> 3.5 | U29: 0 | V29: 29.7 | W29: =W28-V29 -> 12570.4 | X29: =N29+O29+S29+U29+V29 -> 33.2 | Y29: =IF(L29<0,L29*-1,0) -> 0 | Z29: =X29+Y29 -> 33.2 | AA29: 0 | AB29: 38 | AC29: 9 | AD29: =AD28+1 -> 20
A30: =A29+1 -> 21 | B30: 6903.89 | C30: 298154 | D30: =C30-C29 -> 0 | E30: =C30-152000 -> 146154 | F30: =D30/$D$2 -> 0 | G30: 33.2 | H30: 0 | I30: =G30+H30 -> 33.2 | J30: =IF(L30>0,L30,0) -> 0 | K30: =I30+J30 -> 33.2 | L30: =F30-(I30-X30) -> 0 | M30: 3.5 | N30: 0 | O30: 0 | P30: =M30-(N30+O30) -> 3.5 | Q30: 0 | R30: 0 | S30: =SUM(P30:R30) -> 3.5 | U30: 0 | V30: 29.7 | W30: =W29-V30 -> 12540.7 | X30: =N30+O30+S30+U30+V30 -> 33.2 | Y30: =IF(L30<0,L30*-1,0) -> 0 | Z30: =X30+Y30 -> 33.2 | AA30: 0 | AB30: 38 | AC30: 6 | AD30: =AD29+1 -> 21
A31: =A30+1 -> 22 | B31: 6903.89 | C31: 298154 | D31: =C31-C30 -> 0 | E31: =C31-152000 -> 146154 | F31: =D31/$D$2 -> 0 | G31: 33.2 | H31: 0 | I31: =G31+H31 -> 33.2 | J31: =IF(L31>0,L31,0) -> 0 | K31: =I31+J31 -> 33.2 | L31: =F31-(I31-X31) -> 0 | M31: 3.5 | N31: 0 | O31: 0 | P31: =M31-(N31+O31) -> 3.5 | Q31: 0 | R31: 0 | S31: =SUM(P31:R31) -> 3.5 | U31: 0 | V31: 29.7 | W31: =W30-V31 -> 12511 | X31: =N31+O31+S31+U31+V31 -> 33.2 | Y31: =IF(L31<0,L31*-1,0) -> 0 | Z31: =X31+Y31 -> 33.2 | AA31: 0 | AB31: 36 | AC31: 9 | AD31: =AD30+1 -> 22
A32: =A31+1 -> 23 | B32: 6903.89 | C32: 298154 | D32: =C32-C31 -> 0 | E32: =C32-152000 -> 146154 | F32: =D32/$D$2 -> 0 | G32: 33.2 | H32: 0 | I32: =G32+H32 -> 33.2 | J32: =IF(L32>0,L32,0) -> 0 | K32: =I32+J32 -> 33.2 | L32: =F32-(I32-X32) -> 0 | M32: 3.5 | N32: 0 | O32: 0 | P32: =M32-(N32+O32) -> 3.5 | Q32: 0 | R32: 0 | S32: =SUM(P32:R32) -> 3.5 | U32: 0 | V32: 29.7 | W32: =W31-V32 -> 12481.3 | X32: =N32+O32+S32+U32+V32 -> 33.2 | Y32: =IF(L32<0,L32*-1,0) -> 0 | Z32: =X32+Y32 -> 33.2 | AA32: 0 | AB32: 36 | AC32: 12 | AD32: =AD31+1 -> 23
A33: =A32+1 -> 24 | B33: 6903.89 | C33: 298154 | D33: =C33-C32 -> 0 | E33: =C33-152000 -> 146154 | F33: =D33/$D$2 -> 0 | G33: 33.2 | H33: 0 | I33: =G33+H33 -> 33.2 | J33: =IF(L33>0,L33,0) -> 0 | K33: =I33+J33 -> 33.2 | L33: =F33-(I33-X33) -> 0 | M33: 3.5 | N33: 0 | O33: 0 | P33: =M33-(N33+O33) -> 3.5 | Q33: 0 | R33: 0 | S33: =SUM(P33:R33) -> 3.5 | U33: 0 | V33: 29.7 | W33: =W32-V33 -> 12451.6 | X33: =N33+O33+S33+U33+V33 -> 33.2 | Y33: =IF(L33<0,L33*-1,0) -> 0 | Z33: =X33+Y33 -> 33.2 | AA33: 0 | AB33: 44 | AC33: 12 | AD33: =AD32+1 -> 24
A34: =A33+1 -> 25 | B34: 6903.9 | C34: 298191 | D34: =C34-C33 -> 37 | E34: =C34-152000 -> 146191 | F34: =D34/$D$2 -> 18.653895 | G34: 51.9 | H34: 0 | I34: =G34+H34 -> 51.9 | J34: =IF(L34>0,L34,0) -> 0 | K34: =I34+J34 -> 51.9 | L34: =F34-(I34-X34) -> -0.046105369 | M34: 3.5 | N34: 0 | O34: 0 | P34: =M34-(N34+O34) -> 3.5 | Q34: 0 | R34: 0 | S34: =SUM(P34:R34) -> 3.5 | U34: 0 | V34: 29.7 | W34: =W33-V34 -> 12421.9 | X34: =N34+O34+S34+U34+V34 -> 33.2 | Y34: =IF(L34<0,L34*-1,0) -> 0.046105369 | Z34: =X34+Y34 -> 33.246105 | AA34: 0 | AB34: 48 | AC34: 12 | AD34: =AD33+1 -> 25
... A38: =A37+1 -> 29 | B38: 6903.94 | C38: 298343 | D38: =C38-C37 -> 37 | E38: =C38-152000 -> 146343 | F38: =D38/$D$2 -> 18.653895 | G38: 52.1 | H38: 0 | I38: =G38+H38 -> 52.1 | J38: =IF(L38>0,L38,0) -> 0 | K38: =I38+J38 -> 52.1 | L38: =F38-(I38-X38) -> -0.046105369 | M38: 3.7 | N38: 0 | O38: 0 | P38: =M38-(N38+O38) -> 3.7 | Q38: 0 | R38: 0 | S38: =SUM(P38:R38) -> 3.7 | U38: 0 | V38: 29.7 | W38: =W37-V38 -> 12303.1 | X38: =N38+O38+S38+U38+V38 -> 33.4 | Y38: =IF(L38<0,L38*-1,0) -> 0.046105369 | Z38: =X38+Y38 -> 33.446105 | AA38: 0 | AB38: 44 | AC38: 14 | AD38: =AD37+1 -> 29
A39: 30 | B39: 6903.95 | C39: 298382 | D39: =C39-C38 -> 39 | E39: =C39-152000 -> 146382 | F39: =D39/$D$2 -> 19.662213 | G39: 53.3 | H39: 0 | I39: =G39+H39 -> 53.3 | J39: =IF(L39>0,L39,0) -> 0 | K39: =I39+J39 -> 53.3 | L39: =F39-(I39-X39) -> -0.037786741 | M39: 3.9 | N39: 0 | O39: 0 | P39: =M39-(N39+O39) -> 3.9 | Q39: 0 | R39: 0 | S39: =SUM(P39:R39) -> 3.9 | U39: 0 | V39: 29.7 | W39: =W38-V39 -> 12273.4 | X39: =N39+O39+S39+U39+V39 -> 33.6 | Y39: =IF(L39<0,L39*-1,0) -> 0.037786741 | Z39: =X39+Y39 -> 33.637787 | AA39: 0 | AB39: 49 | AC39: 17 | AD39: 30
A40: 31 | B40: 6903.96 | C40: 298419 | D40: =C40-C39 -> 37 | E40: =C40-152000 -> 146419 | F40: =D40/$D$2 -> 18.653895 | G40: 52.5 | H40: 0 | I40: =G40+H40 -> 52.5 | J40: =IF(L40>0,L40,0) -> 0 | K40: =I40+J40 -> 52.5 | L40: =F40-(I40-X40) -> -0.046105369 | M40: 4.1 | N40: 0 | O40: 0 | P40: =M40-(N40+O40) -> 4.1 | Q40: 0 | R40: 0 | S40: =SUM(P40:R40) -> 4.1 | U40: 0 | V40: 29.7 | W40: =W39-V40 -> 12243.7 | X40: =N40+O40+S40+U40+V40 -> 33.8 | Y40: =IF(L40<0,L40*-1,0) -> 0.046105369 | Z40: =X40+Y40 -> 33.846105 | AA40: 0 | AB40: 52 | AC40: 19 | AD40: 31
AB41: 39
A42: MONTH / CFS | F42: =SUM(F10:F40) -> 477.94303 | G42: =SUM(G10:G40) -> 1610.9 | H42: =SUM(H10:H40) -> 0 | I42: =SUM(I10:I40) -> 1610.9 | J42: =SUM(J10:J40) -> 0.42195614 | K42: =SUM(K10:K40) -> 1611.322 | L42: =SUM(L10:L40) -> -90.85697 | M42: =SUM(M10:M40) -> 124.4 | ... S42: =SUM(S10:S40) -> 124.4 | U42: =SUM(U10:U40) -> 0 | V42: =SUM(V10:V40) -> 917.7 | X42: =SUM(X10:X40) -> 1042.1 | Y42: =SUM(Y10:Y40) -> 91.278926 | Z42: =SUM(Z10:Z40) -> 1133.3789 | AA42: =SUM(AA10:AA40) -> 1.09 | AB42: =AVERAGE(AB10:AB40) -> 37.548387 | AC42: =AVERAGE(AC10:AC40) -> 8.9677419 | AD42: AVE
A43: MONTH / AF | D43: =SUM(D10:D40) -> 948 | F43: =F42*$D$2 -> 948 | G43: =G42*$D$2 -> 3195.2202 | H43: =H42*$D$2 -> 0 | I43: =I42*$D$2 -> 3195.2202 | J43: =J42*$D$2 -> 0.83695 | K43: =K42*$D$2 -> 3196.0571 | L43: =L42*$D$2 -> -180.2148 | M43: =M42*$D$2 -> 246.7474 | ... S43: =S42*$D$2 -> 246.7474 | U43: =U42*$D$2 -> 0 | V43: =V42*$D$2 -> 1820.2579 | X43: =X42*$D$2 -> 2067.0053 | Y43: =Y42*$D$2 -> 181.05175 | Z43: =Z42*$D$2 -> 2248.0571 | AB43: =MAX(AB10:AB40) -> 52 | AC43: =MAX(AC10:AC40) -> 22 | AD43: HI
A45: SEASON / CFS | AB45: =MIN(AB10:AB40) -> 26 | AC45: =MIN(AC10:AC40) -> 0 | AD45: LO
A46: SEASON / AF
A48: YTD / CFS | F48: =F8+F42 -> 1797.8321 | G48: =G8+G42 -> 6254.4 | H48: =H8+H42 -> 25.7 | I48: =I8+I42 -> 6280.1 | J48: =J8+J42 -> 409.27749 | K48: =K8+K42 -> 6689.3775 | L48: =L8+L42 -> -442.66789 | M48: =M8+M42 -> 819.2 | ... S48: =S8+S42 -> 1043.3 | U48: =U8+U42 -> 0 | V48: =V8+V42 -> 2996.3 | W48: =W40 -> 12243.7 | X48: =X8+X42 -> 4039.6 | Y48: =Y8+Y42 -> 851.94537 | Z48: =Z8+Z42 -> 4891.5454 | AA48: =AA8+AA42 -> 4.93
A49: YTD / AF | D49: =D8+D43 -> 3566 | E49: =E40 -> 146419 | F49: =F48*$D$2 -> 3566 | G49: =G48*$D$2 -> 12405.602 | H49: =H48*$D$2 -> 50.97595 | I49: =I48*$D$2 -> 12456.578 | J49: =J48*$D$2 -> 811.8019 | K49: =K48*$D$2 -> 13268.38 | L49: =L48*$D$2 -> -878.03175 | M49: =M48*$D$2 -> 1624.8832 | ... V49: =V48*$D$2 -> 5943.161 | W49: =W40*$D$2 -> 24285.379 | X49: =X48*$D$2 -> 8012.5466 | Y49: =Y48*$D$2 -> 1689.8337 | Z49: =Z48*$D$2 -> 9702.3803
W51: 2615
W52: =W49-W51 -> 21670.379

Sheet FEB
K1: MC PHEE RESERVOIR IN/OUT FLOW TABULATION
A2: AF/cfs CONVERT FACTOR | D2: 1.9835 | K2: FEBRUARY "1992"
A4: DATE | B4: RESERV | C4: RESERV | D4: AC FT | E4: ACTIVE | F4: CONV TO | G4: DOLORES | H4: LOST | I4: RECORDED | J4: CALC | K4: TOTAL | L4: CALC | M4: TUNNEL | Q4: LONE | R4: U | S4: TOTAL | T4: MVI | U4: DV CR | V4: BELOW | W4: REMAIN | X4: RECORDED | Y4: CALC | Z4: TOTAL | AA4: RAIN | AB4: MAX | AC4: MIN | AD4: DATE
A5: FEB | B5: ELEV | C5: AC FT | D5: CHANGE | E5: CAP | F5: CFS | G5: RIVER | H5: CANYON | I5: INFLOW | J5: INFLOW | K5: INFLOW | L5: INF/OTF | M5: TOT DIV | N5: WETLAND | O5: UTE F&R | P5: MVI,CTZ | Q5: PINE | R5: LAT | S5: MVI | T5: CALL | U5: CANAL | V5: MC PHEE | W5: RELEASE | X5: OUTFLOW | Y5: OUTFLOW | Z5: OUTFLOW | AB5: TMP | AC5: TMP | AD5: FEB
A7: SEASON BAL
A8: YTD | B8: =JAN!B40 -> 6903.96 | C8: =JAN!C40 -> 298419 | D8: =JAN!$D$49 -> 3566 | E8: =JAN!$E$40 -> 146419 | F8: =JAN!F48 -> 1797.8321 | G8: =JAN!G48 -> 6254.4 | H8: =JAN!H48 -> 25.7 | I8: =JAN!I48 -> 6280.1 | J8: =JAN!J48 -> 409.27749 | K8: =JAN!K48 -> 6689.3775 | L8: =JAN!L48 -> -442.66789 | M8: =JAN!M48 -> 819.2 | ... AA8: =JAN!AA48 -> 4.93
A10: 1 | B10: 6903.97 | C10: 298454 | D10: =C10-C8 -> 35 | E10: =C10-152000 -> 146454 | F10: =D10/$D$2 -> 17.645576 | G10: 51.7 | H10: 0 | I10: =G10+H10 -> 51.7 | J10: =IF(L10>0,L10,0) -> 0.045576002 | K10: =I10+J10 -> 51.745576 | L10: =F10-(I10-X10) -> 0.045576002 | M10: 4.4 | N10: 0 | O10: 0 | P10: =M10-(N10+O10) -> 4.4 | Q10: 0 | R10: 0 | S10: =SUM(P10:R10) -> 4.4 | U10: 0 | V10: 29.7 | W10: =W8-V10 -> 12214 | X10: =N10+O10+S10+U10+V10 -> 34.1 | Y10: =IF(L10<0,L10*-1,0) -> 0 | Z10: =X10+Y10 -> 34.1 | AA10: 0 | AB10: 53 | AC10: 12 | AD10: 1
A11: =A10+1 -> 2 | B11: 6903.98 | C11: 298495 | D11: =C11-C10 -> 41 | E11: =C11-152000 -> 146495 | F11: =D11/$D$2 -> 20.670532 | G11: 54.8 | H11: 0 | I11: =G11+H11 -> 54.8 | J11: =IF(L11>0,L11,0) -> 0.00053188808 | K11: =I11+J11 -> 54.800532 | L11: =F11-(I11-X11) -> 0.00053188808 | M11: 4.4 | N11: 0 | O11: 0 | P11: =M11-(N11+O11) -> 4.4 | Q11: 0 | R11: 0 | S11: =SUM(P11:R11) -> 4.4 | U11: 0 | V11: 29.73 | W11: =W10-V11 -> 12184.27 | X11: =N11+O11+S11+U11+V11 -> 34.13 | Y11: =IF(L11<0,L11*-1,0) -> 0 | Z11: =X11+Y11 -> 34.13 | AA11: 0 | AB11: 52 | AC11: 18 | AD11: =AD10+1 -> 2
A12: =A11+1 -> 3 | B12: 6903.98 | C12: 298495 | D12: =C12-C11 -> 0 | E12: =C12-152000 -> 146495 | F12: =D12/$D$2 -> 0 | G12: 33.5 | H12: 0 | I12: =G12+H12 -> 33.5 | J12: =IF(L12>0,L12,0) -> 0 | K12: =I12+J12 -> 33.5 | L12: =F12-(I12-X12) -> 0 | M12: 3.8 | N12: 0 | O12: 0 | P12: =M12-(N12+O12) -> 3.8 | Q12: 0 | R12: 0 | S12: =SUM(P12:R12) -> 3.8 | U12: 0 | V12: 29.7 | W12: =W11-V12 -> 12154.57 | X12: =N12+O12+S12+U12+V12 -> 33.5 | Y12: =IF(L12<0,L12*-1,0) -> 0 | Z12: =X12+Y12 -> 33.5 | AA12: 0 | AB12: 44 | AC12: 25 | AD12: =AD11+1 -> 3
A13: =A12+1 -> 4 | B13: 6903.99 | C13: 298534 | D13: =C13-C12 -> 39 | E13: =C13-152000 -> 146534 | F13: =D13/$D$2 -> 19.662213 | G13: 52.9 | H13: 0 | I13: =G13+H13 -> 52.9 | J13: =IF(L13>0,L13,0) -> 0.062213259 | K13: =I13+J13 -> 52.962213 | L13: =F13-(I13-X13) -> 0.062213259 | M13: 3.6 | N13: 0 | O13: 0 | P13: =M13-(N13+O13) -> 3.6 | Q13: 0 | R13: 0 | S13: =SUM(P13:R13) -> 3.6 | U13: 0 | V13: 29.7 | W13: =W12-V13 -> 12124.87 | X13: =N13+O13+S13+U13+V13 -> 33.3 | Y13: =IF(L13<0,L13*-1,0) -> 0 | Z13: =X13+Y13 -> 33.3 | AA13: 0 | AB13: 40 | AC13: 28 | AD13: =AD12+1 -> 4
A14: =A13+1 -> 5 | B14: 6904 | C14: 298571 | D14: =C14-C13 -> 37 | E14: =C14-152000 -> 146571 | F14: =D14/$D$2 -> 18.653895 | G14: 52.4 | H14: 0 | I14: =G14+H14 -> 52.4 | J14: =IF(L14>0,L14,0) -> 0 | K14: =I14+J14 -> 52.4 | L14: =F14-(I14-X14) -> -0.046105369 | M14: 4 | N14: 0 | O14: 0 | P14: =M14-(N14+O14) -> 4 | Q14: 0 | R14: 0 | S14: =SUM(P14:R14) -> 4 | U14: 0 | V14: 29.7 | W14: =W13-V14 -> 12095.17 | X14: =N14+O14+S14+U14+V14 -> 33.7 | Y14: =IF(L14<0,L14*-1,0) -> 0.046105369 | Z14: =X14+Y14 -> 33.746105 | AA14: 0 | AB14: 40 | AC14: 14 | AD14: =AD13+1 -> 5
A15: =A14+1 -> 6 | B15: 6904.01 | C15: 298608 | D15: =C15-C14 -> 37 | E15: =C15-152000 -> 146608 | F15: =D15/$D$2 -> 18.653895 | G15: 51.8 | H15: 0 | I15: =G15+H15 -> 51.8 | J15: =IF(L15>0,L15,0) -> 0.053894631 | K15: =I15+J15 -> 51.853895 | L15: =F15-(I15-X15) -> 0.053894631 | M15: 3.5 | N15: 0 | O15: 0 | P15: =M15-(N15+O15) -> 3.5 | Q15: 0 | R15: 0 | S15: =SUM(P15:R15) -> 3.5 | U15: 0 | V15: 29.7 | W15: =W14-V15 -> 12065.47 | X15: =N15+O15+S15+U15+V15 -> 33.2 | Y15: =IF(L15<0,L15*-1,0) -> 0 | Z15: =X15+Y15 -> 33.2 | AA15: 0 | AB15: 48 | AC15: 14 | AD15: =AD14+1 -> 6
A16: =A15+1 -> 7 | B16: 6904.02 | C16: 298648 | D16: =C16-C15 -> 40 | E16: =C16-152000 -> 146648 | F16: =D16/$D$2 -> 20.166373 | G16: 53.8 | H16: 0 | I16: =G16+H16 -> 53.8 | J16: =IF(L16>0,L16,0) -> 0 | K16: =I16+J16 -> 53.8 | L16: =F16-(I16-X16) -> -0.033627426 | M16: 3.7 | N16: 0 | O16: 0 | P16: =M16-(N16+O16) -> 3.7 | Q16: 0 | R16: 0 | S16: =SUM(P16:R16) -> 3.7 | U16: 0 | V16: 29.9 | W16: =W15-V16 -> 12035.57 | X16: =N16+O16+S16+U16+V16 -> 33.6 | Y16: =IF(L16<0,L16*-1,0) -> 0.033627426 | Z16: =X16+Y16 -> 33.633627 | AA16: 0 | AB16: 42 | AC16: 19 | AD16: =AD15+1 -> 7
A17: =A16+1 -> 8 | B17: 6904.03 | C17: 298685 | D17: =C17-C16 -> 37 | E17: =C17-152000 -> 146685 | F17: =D17/$D$2 -> 18.653895 | G17: 52.3 | H17: 0 | I17: =G17+H17 -> 52.3 | J17: =IF(L17>0,L17,0) -> 0 | K17: =I17+J17 -> 52.3 | L17: =F17-(I17-X17) -> -0.046105369 | M17: 3.7 | N17: 0 | O17: 0 | P17: =M17-(N17+O17) -> 3.7 | Q17: 0 | R17: 0 | S17: =SUM(P17:R17) -> 3.7 | U17: 0 | V17: 29.9 | W17: =W16-V17 -> 12005.67 | X17: =N17+O17+S17+U17+V17 -> 33.6 | Y17: =IF(L17<0,L17*-1,0) -> 0.046105369 | Z17: =X17+Y17 -> 33.646105 | AA17: 0 | AB17: 43 | AC17: 29 | AD17: =AD16+1 -> 8
A18: =A17+1 -> 9 | B18: 6904.04 | C18: 298724 | D18: =C18-C17 -> 39 | E18: =C18-152000 -> 146724 | F18: =D18/$D$2 -> 19.662213 | G18: 53.6 | H18: 0 | I18: =G18+H18 -> 53.6 | J18: =IF(L18>0,L18,0) -> 0.062213259 | K18: =I18+J18 -> 53.662213 | L18: =F18-(I18-X18) -> 0.062213259 | M18: 3.7 | N18: 0 | O18: 0 | P18: =M18-(N18+O18) -> 3.7 | Q18: 0 | R18: 0 | S18: =SUM(P18:R18) -> 3.7 | U18: 0 | V18: 30.3 | W18: =W17-V18 -> 11975.37 | X18: =N18+O18+S18+U18+V18 -> 34 | Y18: =IF(L18<0,L18*-1,0) -> 0 | Z18: =X18+Y18 -> 34 | AA18: 0 | AB18: 41 | AC18: 25 | AD18: =AD17+1 -> 9
A19: =A18+1 -> 10 | B19: 6904.06 | C19: 298801 | D19: =C19-C18 -> 77 | E19: =C19-152000 -> 146801 | F19: =D19/$D$2 -> 38.820267 | G19: 72.8 | H19: 0 | I19: =G19+H19 -> 72.8 | J19: =IF(L19>0,L19,0) -> 0.020267204 | K19: =I19+J19 -> 72.820267 | L19: =F19-(I19-X19) -> 0.020267204 | M19: 3.7 | N19: 0 | O19: 0 | P19: =M19-(N19+O19) -> 3.7 | Q19: 0 | R19: 0 | S19: =SUM(P19:R19) -> 3.7 | U19: 0 | V19: 30.3 | W19: =W18-V19 -> 11945.07 | X19: =N19+O19+S19+U19+V19 -> 34 | Y19: =IF(L19<0,L19*-1,0) -> 0 | Z19: =X19+Y19 -> 34 | AA19: 0.3 | AB19: 40 | AC19: 23 | AD19: =AD18+1 -> 10
A20: =A19+1 -> 11 | B20: 6904.11 | C20: 298991 | D20: =C20-C19 -> 190 | E20: =C20-152000 -> 146991 | F20: =D20/$D$2 -> 95.79027 | G20: 130 | H20: 0 | I20: =G20+H20 -> 130 | J20: =IF(L20>0,L20,0) -> 0 | K20: =I20+J20 -> 130 | L20: =F20-(I20-X20) -> -0.0097302748 | M20: 3.7 | N20: 0 | O20: 0 | P20: =M20-(N20+O20) -> 3.7 | Q20: 0 | R20: 0 | S20: =SUM(P20:R20) -> 3.7 | U20: 0 | V20: 30.5 | W20: =W19-V20 -> 11914.57 | X20: =N20+O20+S20+U20+V20 -> 34.2 | Y20: =IF(L20<0,L20*-1,0) -> 0.0097302748 | Z20: =X20+Y20 -> 34.20973 | AA20: 0.23 | AB20: 42 | AC20: 20 | AD20: =AD19+1 -> 11
A21: =A20+1 -> 12 | B21: 6904.13 | C21: 299068 | D21: =C21-C20 -> 77 | E21: =C21-152000 -> 147068 | F21: =D21/$D$2 -> 38.820267 | G21: 73.5 | H21: 0 | I21: =G21+H21 -> 73.5 | J21: =IF(L21>0,L21,0) -> 0 | K21: =I21+J21 -> 73.5 | L21: =F21-(I21-X21) -> -0.039732796 | M21: 4.14 | N21: 0 | O21: 0 | P21: =M21-(N21+O21) -> 4.14 | Q21: 0 | R21: 0 | S21: =SUM(P21:R21) -> 4.14 | U21: 0 | V21: 30.5 | W21: =W20-V21 -> 11884.07 | X21: =N21+O21+S21+U21+V21 -> 34.64 | Y21: =IF(L21<0,L21*-1,0) -> 0.039732796 | Z21: =X21+Y21 -> 34.679733 | AA21: 0.01 | AB21: 42 | AC21: 29 | AD21: =AD20+1 -> 12
A22: =A21+1 -> 13 | B22: 6904.16 | C22: 299184 | D22: =C22-C21 -> 116 | E22: =C22-152000 -> 147184 | F22: =D22/$D$2 -> 58.48248 | G22: 93.7 | H22: 0 | I22: =G22+H22 -> 93.7 | J22: =IF(L22>0,L22,0) -> 0 | K22: =I22+J22 -> 93.7 | L22: =F22-(I22-X22) -> -0.017519536 | M22: 4.7 | N22: 0 | O22: 0 | P22: =M22-(N22+O22) -> 4.7 | Q22: 0 | R22: 0 | S22: =SUM(P22:R22) -> 4.7 | U22: 0 | V22: 30.5 | W22: =W21-V22 -> 11853.57 | X22: =N22+O22+S22+U22+V22 -> 35.2 | Y22: =IF(L22<0,L22*-1,0) -> 0.017519536 | Z22: =X22+Y22 -> 35.21752 | AA22: 0 | AB22: 40 | AC22: 30 | AD22: =AD21+1 -> 13
... A36: =A35+1 -> 27 | B36: 6904.44 | C36: 300254 | D36: =C36-C35 -> 191 | E36: =C36-152000 -> 148254 | F36: =D36/$D$2 -> 96.294429 | G36: 130.2 | H36: 0 | I36: =G36+H36 -> 130.2 | J36: =IF(L36>0,L36,0) -> 0 | K36: =I36+J36 -> 130.2 | L36: =F36-(I36-X36) -> -0.0055709604 | M36: 3.4 | N36: 0 | O36: 0 | P36: =M36-(N36+O36) -> 3.4 | Q36: 0 | R36: 0 | S36: =SUM(P36:R36) -> 3.4 | U36: 0 | V36: 30.5 | W36: =W35-V36 -> 11426.47 | X36: =N36+O36+S36+U36+V36 -> 33.9 | Y36: =IF(L36<0,L36*-1,0) -> 0.0055709604 | Z36: =X36+Y36 -> 33.905571 | AA36: 0 | AB36: 53 | AC36: 18 | AD36: =AD35+1 -> 27
A37: 28 | B37: 6904.45 | C37: 300293 | D37: =C37-C36 -> 39 | E37: =C37-152000 -> 148293 | F37: =D37/$D$2 -> 19.662213 | G37: 53.7 | H37: 0 | I37: =G37+H37 -> 53.7 | J37: =IF(L37>0,L37,0) -> 0.062213259 | K37: =I37-J37 -> 53.637787 | L37: =F37-(I37-X37) -> 0.062213259 | M37: 3.6 | N37: 0 | O37: 0 | P37: =M37-(N37+O37) -> 3.6 | Q37: 0 | R37: 0 | S37: =SUM(P37:R37) -> 3.6 | U37: 0 | V37: 30.5 | W37: =W36-V37 -> 11395.97 | X37: =N37+O37+S37+U37+V37 -> 34.1 | Y37: =IF(L37<0,L37*-1,0) -> 0 | Z37: =X37+Y37 -> 34.1 | AA37: 0 | AB37: 57 | AC37: 19 | AD37: 28
A38: 29 | B38: 6904.48 | C38: 300407 | D38: =C38-C37 -> 114 | E38: =C38-152000 -> 148407 | F38: =D38/$D$2 -> 57.474162 | G38: 91.7 | H38: 0 | I38: =G38+H38 -> 91.7 | J38: =IF(L38>0,L38,0) -> 0 | K38: =I38+J38 -> 91.7 | L38: =F38-(I38-X38) -> -0.025838165 | M38: 3.7 | N38: 0 | O38: 0 | P38: =M38-(N38+O38) -> 3.7 | Q38: 0 | R38: 0 | S38: =SUM(P38:R38) -> 3.7 | U38: 0 | V38: 30.5 | W38: =W37-V38 -> 11365.47 | X38: =N38+O38+S38+U38+V38 -> 34.2 | Y38: =IF(L38<0,L38*-1,0) -> 0.025838165 | Z38: =X38+Y38 -> 34.225838 | AA38: 0 | AB38: 55 | AC38: 18 | AD38: 29
A40: MONTH / CFS | F40: =SUM(F10:F38) -> 1002.2687 | G40: =SUM(G10:G38) -> 2004.9 | H40: =SUM(H10:H38) -> 0 | I40: =SUM(I10:I38) -> 2004.9 | J40: =SUM(J10:J38) -> 0.6565692 | K40: =SUM(K10:K38) -> 2005.4321 | L40: =SUM(L10:L38) -> 0.33871691 | M40: =SUM(M10:M38) -> 124.74 | ... S40: =SUM(S10:S38) -> 124.74 | U40: =SUM(U10:U38) -> 0 | V40: =SUM(V10:V38) -> 878.23 | X40: =SUM(X10:X38) -> 1002.97 | Y40: =SUM(Y10:Y38) -> 0.31785228 | Z40: =SUM(Z10:Z38) -> 1003.2879 | AA40: =SUM(AA10:AA38) -> 1.64 | AB40: =AVERAGE(AB10:AB38) -> 42.931034 | AC40: =AVERAGE(AC10:AC38) -> 19.172414 | AD40: AVE
A41: MONTH / AF | D41: =SUM(D10:D38) -> 1988 | F41: =F40*$D$2 -> 1988 | G41: =G40*$D$2 -> 3976.7191 | H41: =H40*$D$2 -> 0 | I41: =I40*$D$2 -> 3976.7191 | J41: =J40*$D$2 -> 1.302305 | K41: =K40*$D$2 -> 3977.7747 | L41: =L40*$D$2 -> 0.671845 | M41: =M40*$D$2 -> 247.42179 | ... S41: =S40*$D$2 -> 247.42179 | U41: =U40*$D$2 -> 0 | V41: =V40*$D$2 -> 1741.9692 | X41: =X40*$D$2 -> 1989.391 | Y41: =Y40*$D$2 -> 0.63046 | Z41: =Z40*$D$2 -> 1990.0215 | AB41: =MAX(AB10:AB38) -> 57 | AC41: =MAX(AC10:AC38) -> 30 | AD41: HI
A43: SEASON / CFS | AB43: =MIN(AB10:AB38) -> 31 | AC43: =MIN(AC10:AC38) -> 4 | AD43: LO
A44: SEASON / AF
A46: YTD / CFS | F46: =F8+F40 -> 2800.1008 | G46: =G8+G40 -> 8259.3 | H46: =H8+H40 -> 25.7 | I46: =I8+I40 -> 8285 | J46: =J8+J40 -> 409.93406 | K46: =K8+K40 -> 8694.8096 | L46: =L8+L40 -> -442.32917 | M46: =M8+M40 -> 943.94 | ... S46: =S8+S40 -> 1168.04 | U46: =U8+U40 -> 0 | V46: =V8+V40 -> 3874.53 | W46: =W38 -> 11365.47 | X46: =X8+X40 -> 5042.57 | Y46: =Y8+Y40 -> 852.26323 | Z46: =Z8+Z40 -> 5894.8332 | AA46: =AA8+AA40 -> 6.57
A47: YTD / AF | D47: =D8+D41 -> 5554 | E47: =E38 -> 148407 | F47: =F46*$D$2 -> 5554 | G47: =G46*$D$2 -> 16382.322 | H47: =H46*$D$2 -> 50.97595 | I47: =I46*$D$2 -> 16433.298 | J47: =J46*$D$2 -> 813.1042 | K47: =K46*$D$2 -> 17246.155 | L47: =L46*$D$2 -> -877.35991 | M47: =M46*$D$2 -> 1872.305 | ... Z47: =Z46*$D$2 -> 11692.402

Sheet MAR
K1: MC PHEE RESERVOIR IN/OUT FLOW TABULATION
A2: AF/cfs CONVERT FACTOR | D2: 1.9835 | K2: MARCH "1992"
A4: DATE | B4: RESERV | C4: RESERV | D4: AC FT | E4: ACTIVE | F4: CONV TO | G4: DOLORES | H4: LOST | I4: RECORDED | J4: CALC | K4: TOTAL | L4: CALC | M4: TUNNEL | Q4: LONE | R4: U | S4: TOTAL | T4: MVI | U4: DV CR | V4: BELOW | W4: REMAIN | X4: RECORDED | Y4: CALC | Z4: TOTAL | AA4: RAIN | AB4: MAX | AC4: MIN | AD4: DATE
A5: MAR | B5: ELEV | C5: AC FT | D5: CHANGE | E5: CAP | F5: CFS | G5: RIVER | H5: CANYON | I5: INFLOW | J5: INFLOW | K5: INFLOW | L5: INF/OTF | M5: TOT DIV | N5: WETLAND | O5: UTE F&R | P5: MVI,CTZ | Q5: PINE | R5: LAT | S5: MVI | T5: CALL | U5: CANAL | V5: MC PHEE | W5: RELEASE | X5: OUTFLOW | Y5: OUTFLOW | Z5: OUTFLOW | AB5: TMP | AC5: TMP | AD5: MAR
A7: SEASON BAL
A8: YTD | B8: =FEB!B38 -> 6904.48 | C8: =FEB!C38 -> 300407 | D8: =FEB!$D$47 -> 5554 | E8: =FEB!$E$47 -> 148407 | F8: =FEB!F46 -> 2800.1008 | G8: =FEB!G46 -> 8259.3 | H8: =FEB!H46 -> 25.7 | I8: =FEB!I46 -> 8285 | J8: =FEB!J46 -> 409.93406 | K8: =FEB!K46 -> 8694.8096 | L8: =FEB!L46 -> -442.32917 | M8: =FEB!M46 -> 943.94 | ... AA8: =FEB!AA46 -> 6.57
A10: 1 | B10: 6904.48 | C10: 300407 | D10: =C10-C8 -> 0 | E10: =C10-152000 -> 148407 | F10: =D10/$D$2 -> 0 | G10: 34.2 | H10: 7.7 | I10: =G10+H10 -> 41.9 | J10: =IF(L10>0,L10,0) -> 0 | K10: =I10+J10 -> 41.9 | L10: =F10-(I10-X10) -> -7.7 | M10: 3.7 | N10: 0 | O10: 0 | P10: =M10-(N10+O10) -> 3.7 | Q10: 0 | R10: 0 | S10: =SUM(P10:R10) -> 3.7 | U10: 0 | V10: 30.5 | W10: =W8-V10 -> 11334.97 | X10: =N10+O10+S10+U10+V10 -> 34.2 | Y10: =IF(L10<0,L10*-1,0) -> 7.7 | Z10: =X10+Y10 -> 41.9 | AA10: 0 | AB10: 52 | AC10: 21 | AD10: 1
A11: =A10+1 -> 2 | B11: 6904.51 | C11: 300521 | D11: =C11-C10 -> 114 | E11: =C11-152000 -> 148521 | F11: =D11/$D$2 -> 57.474162 | G11: 92.1 | H11: 4.3 | I11: =G11+H11 -> 96.4 | J11: =IF(L11>0,L11,0) -> 0 | K11: =I11+J11 -> 96.4 | L11: =F11-(I11-X11) -> -4.3258382 | M11: 4.1 | N11: 0 | O11: 0 | P11: =M11-(N11+O11) -> 4.1 | Q11: 0 | R11: 0 | S11: =SUM(P11:R11) -> 4.1 | U11: 0 | V11: 30.5 | W11: =W10-V11 -> 11304.47 | X11: =N11+O11+S11+U11+V11 -> 34.6 | Y11: =IF(L11<0,L11*-1,0) -> 4.3258382 | Z11: =X11+Y11 -> 38.925838 | AA11: 0.24 | AB11: 54 | AC11: 27 | AD11: =AD10+1 -> 2
A12: =A11+1 -> 3 | B12: 6904.56 | C12: 300713 | D12: =C12-C11 -> 192 | E12: =C12-152000 -> 148713 | F12: =D12/$D$2 -> 96.798588 | G12: 131.4 | H12: 4.8 | I12: =G12+H12 -> 136.2 | J12: =IF(L12>0,L12,0) -> 0 | K12: =I12+J12 -> 136.2 | L12: =F12-(I12-X12) -> -4.8014116 | M12: 4.1 | N12: 0 | O12: 0 | P12: =M12-(N12+O12) -> 4.1 | Q12: 0 | R12: 0 | S12: =SUM(P12:R12) -> 4.1 | U12: 0 | V12: 30.5 | W12: =W11-V12 -> 11273.97 | X12: =N12+O12+S12+U12+V12 -> 34.6 | Y12: =IF(L12<0,L12*-1,0) -> 4.8014116 | Z12: =X12+Y12 -> 39.401412 | AA12: 0.16 | AB12: 46 | AC12: 31 | AD12: =AD11+1 -> 3
A13: =A12+1 -> 4 | B13: 6904.61 | C13: 300904 | D13: =C13-C12 -> 191 | E13: =C13-152000 -> 148904 | F13: =D13/$D$2 -> 96.294429 | G13: 131.2 | H13: 5.2 | I13: =G13+H13 -> 136.4 | J13: =IF(L13>0,L13,0) -> 0 | K13: =I13+J13 -> 136.4 | L13: =F13-(I13-X13) -> -5.205571 | M13: 4.4 | N13: 0 | O13: 0 | P13: =M13-(N13+O13) -> 4.4 | Q13: 0 | R13: 0 | S13: =SUM(P13:R13) -> 4.4 | U13: 0 | V13: 30.5 | W13: =W12-V13 -> 11243.47 | X13: =N13+O13+S13+U13+V13 -> 34.9 | Y13: =IF(L13<0,L13*-1,0) -> 5.205571 | Z13: =X13+Y13 -> 40.105571 | AA13: 0.2 | AB13: 41 | AC13: 30 | AD13: =AD12+1 -> 4
A14: =A13+1 -> 5 | B14: 6904.64 | C14: 301020 | D14: =C14-C13 -> 116 | E14: =C14-152000 -> 149020 | F14: =D14/$D$2 -> 58.48248 | G14: 92.7 | H14: 5.5 | I14: =G14+H14 -> 98.2 | J14: =IF(L14>0,L14,0) -> 0 | K14: =I14+J14 -> 98.2 | L14: =F14-(I14-X14) -> -5.5175195 | M14: 3.7 | N14: 0 | O14: 0 | P14: =M14-(N14+O14) -> 3.7 | Q14: 0 | R14: 0 | S14: =SUM(P14:R14) -> 3.7 | U14: 0 | V14: 30.5 | W14: =W13-V14 -> 11212.97 | X14: =N14+O14+S14+U14+V14 -> 34.2 | Y14: =IF(L14<0,L14*-1,0) -> 5.5175195 | Z14: =X14+Y14 -> 39.71752 | AA14: 0 | AB14: 52 | AC14: 30 | AD14: =AD13+1 -> 5
A15: =A14+1 -> 6 | B15: 6904.69 | C15: 301210 | D15: =C15-C14 -> 190 | E15: =C15-152000 -> 149210 | F15: =D15/$D$2 -> 95.79027 | G15: 130 | H15: 10.1 | I15: =G15+H15 -> 140.1 | J15: =IF(L15>0,L15,0) -> 0 | K15: =I15+J15 -> 140.1 | L15: =F15-(I15-X15) -> -10.10973 | M15: 3.7 | N15: 0 | O15: 0 | P15: =M15-(N15+O15) -> 3.7 | Q15: 0 | R15: 0 | S15: =SUM(P15:R15) -> 3.7 | U15: 0 | V15: 30.5 | W15: =W14-V15 -> 11182.47 | X15: =N15+O15+S15+U15+V15 -> 34.2 | Y15: =IF(L15<0,L15*-1,0) -> 10.10973 | Z15: =X15+Y15 -> 44.30973 | AA15: 0 | AB15: 54 | AC15: 24 | AD15: =AD14+1 -> 6
A16: =A15+1 -> 7 | B16: 6904.76 | C16: 301447 | D16: =C16-C15 -> 237 | E16: =C16-152000 -> 149447 | F16: =D16/$D$2 -> 119.48576 | G16: 168.9 | H16: 13 | I16: =G16+H16 -> 181.9 | J16: =IF(L16>0,L16,0) -> 0 | K16: =I16+J16 -> 181.9 | L16: =F16-(I16-X16) -> -28.214243 | M16: 3.7 | N16: 0 | O16: 0 | P16: =M16-(N16+O16) -> 3.7 | Q16: 0 | R16: 0 | S16: =SUM(P16:R16) -> 3.7 | U16: 0 | V16: 30.5 | W16: =W15-V16 -> 11151.97 | X16: =N16+O16+S16+U16+V16 -> 34.2 | Y16: =IF(L16<0,L16*-1,0) -> 28.214243 | Z16: =X16+Y16 -> 62.414243 | AA16: 0 | AB16: 38 | AC16: 29 | AD16: =AD15+1 -> 7
A17: =A16+1 -> 8 | B17: 6904.82 | C17: 301707 | D17: =C17-C16 -> 260 | E17: =C17-152000 -> 149707 | F17: =D17/$D$2 -> 131.08142 | G17: 150.3 | H17: 10.1 | I17: =G17+H17 -> 160.4 | J17: =IF(L17>0,L17,0) -> 4.8814217 | K17: =I17+J17 -> 165.28142 | L17: =F17-(I17-X17) -> 4.8814217 | M17: 3.7 | N17: 0 | O17: 0 | P17: =M17-(N17+O17) -> 3.7 | Q17: 0 | R17: 0 | S17: =SUM(P17:R17) -> 3.7 | U17: 0 | V17: 30.5 | W17: =W16-V17 -> 11121.47 | X17: =N17+O17+S17+U17+V17 -> 34.2 | Y17: =IF(L17<0,L17*-1,0) -> 0 | Z17: =X17+Y17 -> 34.2 | AA17: 0.49 | AB17: 39 | AC17: 33 | AD17: =AD16+1 -> 8
A18: =A17+1 -> 9 | B18: 6904.86 | C18: 301860 | D18: =C18-C17 -> 153 | E18: =C18-152000 -> 149860 | F18: =D18/$D$2 -> 77.136375 | G18: 111.4 | H18: 9.3 | I18: =G18+H18 -> 120.7 | J18: =IF(L18>0,L18,0) -> 0 | K18: =I18+J18 -> 120.7 | L18: =F18-(I18-X18) -> -9.3636249 | M18: 3.7 | N18: 0 | O18: 0 | P18: =M18-(N18+O18) -> 3.7 | Q18: 0 | R18: 0 | S18: =SUM(P18:R18) -> 3.7 | U18: 0 | V18: 30.5 | W18: =W17-V18 -> 11090.97 | X18: =N18+O18+S18+U18+V18 -> 34.2 | Y18: =IF(L18<0,L18*-1,0) -> 9.3636249 | Z18: =X18+Y18 -> 43.563625 | AA18: 0 | AB18: 36 | AC18: 27 | AD18: =AD17+1 -> 9
A19: =A18+1 -> 10 | B19: 6904.89 | C19: 301976 | D19: =C19-C18 -> 116 | E19: =C19-152000 -> 149976 | F19: =D19/$D$2 -> 58.48248 | G19: 80.6 | H19: 9.9 | I19: =G19+H19 -> 90.5 | J19: =IF(L19>0,L19,0) -> 2.1824805 | K19: =I19+J19 -> 92.68248 | L19: =F19-(I19-X19) -> 2.1824805 | M19: 3.7 | N19: 0 | O19: 0 | P19: =M19-(N19+O19) -> 3.7 | Q19: 0 | R19: 0 | S19: =SUM(P19:R19) -> 3.7 | U19: 0 | V19: 30.5 | W19: =W18-V19 -> 11060.47 | X19: =N19+O19+S19+U19+V19 -> 34.2 | Y19: =IF(L19<0,L19*-1,0) -> 0 | Z19: =X19+Y19 -> 34.2 | AA19: 0 | AB19: 43 | AC19: 19 | AD19: =AD18+1 -> 10
A20: =A19+1 -> 11 | B20: 6904.92 | C20: 302090 | D20: =C20-C19 -> 114 | E20: =C20-152000 -> 150090 | F20: =D20/$D$2 -> 57.474162 | G20: 94 | H20: 9.6 | I20: =G20+H20 -> 103.6 | J20: =IF(L20>0,L20,0) -> 0 | K20: =I20+J20 -> 103.6 | L20: =F20-(I20-X20) -> -11.925838 | M20: 3.7 | N20: 0 | O20: 0 | P20: =M20-(N20+O20) -> 3.7 | Q20: 0 | R20: 0 | S20: =SUM(P20:R20) -> 3.7 | U20: 0 | V20: 30.5 | W20: =W19-V20 -> 11029.97 | X20: =N20+O20+S20+U20+V20 -> 34.2 | Y20: =IF(L20<0,L20*-1,0) -> 11.925838 | Z20: =X20+Y20 -> 46.125838 | AA20: 0 | AB20: 50 | AC20: 24 | AD20: =AD19+1 -> 11
A21: =A20+1 -> 12 | B21: 6904.94 | C21: 302166 | D21: =C21-C20 -> 76 | E21: =C21-152000 -> 150166 | F21: =D21/$D$2 -> 38.316108 | G21: 108.9 | H21: 9.5 | I21: =G21+H21 -> 118.4 | J21: =IF(L21>0,L21,0) -> 0 | K21: =I21+J21 -> 118.4 | L21: =F21-(I21-X21) -> -45.883892 | M21: 3.7 | N21: 0 | O21: 0 | P21: =M21-(N21+O21) -> 3.7 | Q21: 0 | R21: 0 | S21: =SUM(P21:R21) -> 3.7 | U21: 0 | V21: 30.5 | W21: =W20-V21 -> 10999.47 | X21: =N21+O21+S21+U21+V21 -> 34.2 | Y21: =IF(L21<0,L21*-1,0) -> 45.883892 | Z21: =X21+Y21 -> 80.083892 | AA21: 0 | AB21: 53 | AC21: 26 | AD21: =AD20+1 -> 12
A22: =A21+1 -> 13 | B22: 6905.02 | C22: 302473 | D22: =C22-C21 -> 307 | E22: =C22-152000 -> 150473 | F22: =D22/$D$2 -> 154.77691 | G22: 121.1 | H22: 11.8 | I22: =G22+H22 -> 132.9 | J22: =IF(L22>0,L22,0) -> 56.07691 | K22: =I22+J22 -> 188.97691 | L22: =F22-(I22-X22) -> 56.07691 | M22: 3.7 | N22: 0 | O22: 0 | P22: =M22-(N22+O22) -> 3.7 | Q22: 0 | R22: 0 | S22: =SUM(P22:R22) -> 3.7 | U22: 0 | V22: 30.5 | W22: =W21-V22 -> 10968.97 | X22: =N22+O22+S22+U22+V22 -> 34.2 | Y22: =IF(L22<0,L22*-1,0) -> 0 | Z22: =X22+Y22 -> 34.2 | AA22: 0 | AB22: 56 | AC22: 28 | AD22: =AD21+1 -> 13
... A38: =A37+1 -> 29 | B38: 6906.26 | C38: 307261 | D38: =C38-C37 -> 583 | E38: =C38-152000 -> 155261 | F38: =D38/$D$2 -> 293.92488 | G38: 229.3 | H38: 59.4 | I38: =G38+H38 -> 288.7 | J38: =IF(L38>0,L38,0) -> 187.80488 | K38: =I38+J38 -> 476.50488 | L38: =F38-(I38-X38) -> 187.80488 | M38: 3.78 | N38: 0 | O38: 0 | P38: =M38-(N38+O38) -> 3.78 | Q38: 148.3 | R38: 0 | S38: =SUM(P38:R38) -> 152.08 | U38: 0 | V38: 30.5 | W38: =W37-V38 -> 10481.37 | X38: =N38+O38+S38+U38+V38 -> 182.58 | Y38: =IF(L38<0,L38*-1,0) -> 0 | Z38: =X38+Y38 -> 182.58 | AA38: 0 | AB38: 55 | AC38: 39 | AD38: =AD37+1 -> 29
A39: 30 | B39: 6906.42 | C39: 307883 | D39: =C39-C38 -> 622 | E39: =C39-152000 -> 155883 | F39: =D39/$D$2 -> 313.58709 | G39: 251.5 | H39: 66.2 | I39: =G39+H39 -> 317.7 | J39: =IF(L39>0,L39,0) -> 205.08709 | K39: =I39+J39 -> 522.78709 | L39: =F39-(I39-X39) -> 205.08709 | M39: 3.9 | N39: 0 | O39: 0 | P39: =M39-(N39+O39) -> 3.9 | Q39: 174.7 | R39: 0 | S39: =SUM(P39:R39) -> 178.6 | U39: 0 | V39: 30.6 | W39: =W38-V39 -> 10450.77 | X39: =N39+O39+S39+U39+V39 -> 209.2 | Y39: =IF(L39<0,L39*-1,0) -> 0 | Z39: =X39+Y39 -> 209.2 | AA39: 0 | AB39: 52 | AC39: 34 | AD39: 30
A40: 31 | B40: 6906.59 | C40: 308544 | D40: =C40-C39 -> 661 | E40: =C40-152000 -> 156544 | F40: =D40/$D$2 -> 333.24931 | G40: 280.2 | H40: 77.6 | I40: =G40+H40 -> 357.8 | J40: =IF(L40>0,L40,0) -> 185.64931 | K40: =I40+J40 -> 543.44931 | L40: =F40-(I40-X40) -> 185.64931 | M40: 3.4 | N40: 0 | O40: 0 | P40: =M40-(N40+O40) -> 3.4 | Q40: 176.1 | R40: 0 | S40: =SUM(P40:R40) -> 179.5 | U40: 0 | V40: 30.7 | W40: =W39-V40 -> 10420.07 | X40: =N40+O40+S40+U40+V40 -> 210.2 | Y40: =IF(L40<0,L40*-1,0) -> 0 | Z40: =X40+Y40 -> 210.2 | AA40: 0 | AB40: 56 | AC40: 32 | AD40: 31
A42: MONTH / CFS | F42: =SUM(F10:F40) -> 4102.3443 | G42: =SUM(G10:G40) -> 4427.8 | H42: =SUM(H10:H40) -> 616 | I42: =SUM(I10:I40) -> 5043.8 | J42: =SUM(J10:J40) -> 1896.3329 | K42: =SUM(K10:K40) -> 6940.1329 | L42: =SUM(L10:L40) -> 1487.3243 | M42: =SUM(M10:M40) -> 120.58 | ... S42: =SUM(S10:S40) -> 1483.38 | U42: =SUM(U10:U40) -> 0 | V42: =SUM(V10:V40) -> 945.4 | X42: =SUM(X10:X40) -> 2428.78 | Y42: =SUM(Y10:Y40) -> 409.00855 | Z42: =SUM(Z10:Z40) -> 2837.7885 | AA42: =SUM(AA10:AA40) -> 2.15 | AB42: =AVERAGE(AB10:AB40) -> 50.064516 | AC42: =AVERAGE(AC10:AC40) -> 28.290323 | AD42: AVE
A43: MONTH / AF | D43: =SUM(D10:D40) -> 8137 | F43: =F42*$D$2 -> 8137 | G43: =G42*$D$2 -> 8782.5413 | H43: =H42*$D$2 -> 1221.836 | I43: =I42*$D$2 -> 10004.377 | J43: =J42*$D$2 -> 3761.3763 | K43: =K42*$D$2 -> 13765.754 | L43: =L42*$D$2 -> 2950.1078 | M43: =M42*$D$2 -> 239.17043 | ... S43: =S42*$D$2 -> 2942.2842 | U43: =U42*$D$2 -> 0 | V43: =V42*$D$2 -> 1875.2009 | X43: =X42*$D$2 -> 4817.4851 | Y43: =Y42*$D$2 -> 811.26845 | Z43: =Z42*$D$2 -> 5628.7536 | AB43: =MAX(AB10:AB40) -> 59 | AC43: =MAX(AC10:AC40) -> 39 | AD43: HI
A45: SEASON / CFS | AB45: =MIN(AB10:AB40) -> 36 | AC45: =MIN(AC10:AC40) -> 19 | AD45: LO
A46: SEASON / AF
A48: YTD / CFS | F48: =F8+F42 -> 6902.4452 | G48: =G8+G42 -> 12687.1 | H48: =H8+H42 -> 641.7 | I48: =I8+I42 -> 13328.8 | J48: =J8+J42 -> 2306.2669 | K48: =K8+K42 -> 15634.943 | L48: =L8+L42 -> 1044.9952 | M48: =M8+M42 -> 1064.52 | ... S48: =S8+S42 -> 2651.42 | U48: =U8+U42 -> 0 | V48: =V8+V42 -> 4819.93 | W48: =W40 -> 10420.07 | X48: =X8+X42 -> 7471.35 | Y48: =Y8+Y42 -> 1261.2718 | Z48: =Z8+Z42 -> 8732.6218 | AA48: =AA8+AA42 -> 8.72
A49: YTD / AF | D49: =D8+D43 -> 13691 | E49: =E40 -> 156544 | F49: =F48*$D$2 -> 13691 | G49: =G48*$D$2 -> 25164.863 | H49: =H48*$D$2 -> 1272.812 | I49: =I48*$D$2 -> 26437.675 | J49: =J48*$D$2 -> 4574.4805 | K49: =K48*$D$2 -> 31011.908 | L49: =L48*$D$2 -> 2072.7479 | M49: =M48*$D$2 -> 2111.4754 | ... Z49: =Z48*$D$2 -> 17321.155

Sheet APR
K1: MC PHEE RESERVOIR IN/OUT FLOW TABULATION
A2: AF/cfs CONVERT FACTOR | D2: 1.9835 | K2: APRIL "1992"
Y3: 5
A4: DATE | B4: RESERV | C4: RESERV | D4: AC FT | E4: ACTIVE | F4: CONV TO | G4: DOLORES | H4: LOST | I4: RECORDED | J4: CALC | K4: TOTAL | L4: CALC | M4: TUNNEL | Q4: LONE | R4: U | S4: TOTAL | T4: MVI | U4: DV CR | V4: BELOW | W4: REMAIN | X4: RECORDED | Y4: CALC | Z4: TOTAL | AA4: RAIN | AB4: MAX | AC4: MIN | AD4: DATE
A5: "APR" | B5: ELEV | C5: AC FT | D5: CHANGE | E5: CAP | F5: CFS | G5: RIVER | H5: CANYON | I5: INFLOW | J5: INFLOW | K5: INFLOW | L5: INF/OTF | M5: TOT DIV | N5: WETLAND | O5: UTE F&R | P5: MVI/CTZ/MWC | Q5: PINE | R5: LAT | S5: MVI | T5: CALL | U5: CANAL | V5: MC PHEE | W5: RELEASE | X5: OUTFLOW | Y5: OUTFLOW | Z5: OUTFLOW | AB5: TMP | AC5: TMP | AD5: "APR"
A7: SEASON BAL
A8: YTD | B8: =MAR!B40 -> 6906.59 | C8: =MAR!C40 -> 308544 | D8: =MAR!D49 -> 13691 | E8: =MAR!E49 -> 156544 | F8: =MAR!F48 -> 6902.4452 | G8: =MAR!G48 -> 12687.1 | H8: =MAR!H48 -> 641.7 | I8: =MAR!I48 -> 13328.8 | J8: =MAR!J48 -> 2306.2669 | K8: =MAR!K48 -> 15634.943 | L8: =MAR!L48 -> 1044.9952 | M8: =MAR!M48 -> 1064.52 | ... AA8: =MAR!AA48 -> 8.72
A10: 1 | B10: 6906.79 | C10: 309322 | D10: =C10-C8 -> 778 | E10: =C10-152000 -> 157322 | F10: =D10/$D$2 -> 392.23595 | G10: 206.6 | H10: 74.7 | I10: =G10+H10 -> 281.3 | J10: =IF(L10>0,L10,0) -> 298.23595 | K10: =I10+J10 -> 579.53595 | L10: =F10-(I10-X10) -> 298.23595 | M10: 6.4 | N10: 0 | O10: 0 | P10: =M10-(N10+O10) -> 6.4 | Q10: 145.7 | R10: 0 | S10: =SUM(P10:R10) -> 152.1 | U10: 0 | V10: 35.2 | W10: =W8-V10 -> 10384.87 | X10: =N10+O10+S10+U10+V10 -> 187.3 | Y10: =IF(L10<0,L10*-1,0) -> 0 | Z10: =X10+Y10 -> 187.3 | AA10: 0 | AB10: 50 | AC10: 32 | AD10: 1
A11: =A10+1 -> 2 | B11: 6907.1 | C11: 310530 | D11: =C11-C10 -> 1208 | E11: =C11-152000 -> 158530 | F11: =D11/$D$2 -> 609.02445 | G11: 203.2 | H11: 62.1 | I11: =G11+H11 -> 265.3 | J11: =IF(L11>0,L11,0) -> 391.92445 | K11: =I11+J11 -> 657.22445 | L11: =F11-(I11-X11) -> 391.92445 | M11: 5.7 | N11: 0 | O11: 0 | P11: =M11-(N11+O11) -> 5.7 | Q11: 4.5 | R11: 0 | S11: =SUM(P11:R11) -> 10.2 | U11: 0 | V11: 38 | W11: =W10-V11 -> 10346.87 | X11: =N11+O11+S11+U11+V11 -> 48.2 | Y11: =IF(L11<0,L11*-1,0) -> 0 | Z11: =X11+Y11 -> 48.2 | AA11: 0 | AB11: 54 | AC11: 28 | AD11: =AD10+1 -> 2
A12: =A11+1 -> 3 | B12: 6907.5 | C12: 312097 | D12: =C12-C11 -> 1567 | E12: =C12-152000 -> 160097 | F12: =D12/$D$2 -> 790.01765 | G12: 229.8 | H12: 64.7 | I12: =G12+H12 -> 294.5 | J12: =IF(L12>0,L12,0) -> 539.41765 | K12: =I12+J12 -> 833.91765 | L12: =F12-(I12-X12) -> 539.41765 | M12: 6 | N12: 0 | O12: 0 | P12: =M12-(N12+O12) -> 6 | Q12: 0 | R12: 0 | S12: =SUM(P12:R12) -> 6 | U12: 0 | V12: 37.9 | W12: =W11-V12 -> 10308.97 | X12: =N12+O12+S12+U12+V12 -> 43.9 | Y12: =IF(L12<0,L12*-1,0) -> 0 | Z12: =X12+Y12 -> 43.9 | AA12: 0 | AB12: 56 | AC12: 29 | AD12: =AD11+1 -> 3
A13: =A12+1 -> 4 | B13: 6908.02 | C13: 314135 | D13: =C13-C12 -> 2038 | E13: =C13-152000 -> 162135 | F13: =D13/$D$2 -> 1027.4767 | G13: 293.1 | H13: 80.4 | I13: =G13+H13 -> 373.5 | J13: =IF(L13>0,L13,0) -> 697.87668 | K13: =I13+J13 -> 1071.3767 | L13: =F13-(I13-X13) -> 697.87668 | M13: 6.2 | N13: 0 | O13: 0 | P13: =M13-(N13+O13) -> 6.2 | Q13: 0 | R13: 0 | S13: =SUM(P13:R13) -> 6.2 | U13: 0 | V13: 37.7 | W13: =W12-V13 -> 10271.27 | X13: =N13+O13+S13+U13+V13 -> 43.9 | Y13: =IF(L13<0,L13*-1,0) -> 0 | Z13: =X13+Y13 -> 43.9 | AA13: 0 | AB13: 64 | AC13: 29 | AD13: =AD12+1 -> 4
A14: =A13+1 -> 5 | B14: 6908.59 | C14: 316385 | D14: =C14-C13 -> 2250 | E14: =C14-152000 -> 164385 | F14: =D14/$D$2 -> 1134.3585 | G14: 353.5 | H14: 93.5 | I14: =G14+H14 -> 447 | J14: =IF(L14>0,L14,0) -> 731.15846 | K14: =I14+J14 -> 1178.1585 | L14: =F14-(I14-X14) -> 731.15846 | M14: 6.3 | N14: 0 | O14: 0 | P14: =M14-(N14+O14) -> 6.3 | Q14: 0 | R14: 0 | S14: =SUM(P14:R14) -> 6.3 | U14: 0 | V14: 37.5 | W14: =W13-V14 -> 10233.77 | X14: =N14+O14+S14+U14+V14 -> 43.8 | Y14: =IF(L14<0,L14*-1,0) -> 0 | Z14: =X14+Y14 -> 43.8 | AA14: 0 | AB14: 61 | AC14: 30 | AD14: =AD13+1 -> 5
A15: =A14+1 -> 6 | B15: 6909.27 | C15: 319080 | D15: =C15-C14 -> 2695 | E15: =C15-152000 -> 167080 | F15: =D15/$D$2 -> 1358.7094 | G15: 401.6 | H15: 93.5 | I15: =G15+H15 -> 495.1 | J15: =IF(L15>0,L15,0) -> 910.30935 | K15: =I15+J15 -> 1405.4094 | L15: =F15-(I15-X15) -> 910.30935 | M15: 9.2 | N15: 0 | O15: 0 | P15: =M15-(N15+O15) -> 9.2 | Q15: 0 | R15: 0 | S15: =SUM(P15:R15) -> 9.2 | U15: 0 | V15: 37.5 | W15: =W14-V15 -> 10196.27 | X15: =N15+O15+S15+U15+V15 -> 46.7 | Y15: =IF(L15<0,L15*-1,0) -> 0 | Z15: =X15+Y15 -> 46.7 | AA15: 0 | AB15: 64 | AC15: 30 | AD15: =AD14+1 -> 6
A16: =A15+1 -> 7 | B16: 6909.93 | C16: 321708 | D16: =C16-C15 -> 2628 | E16: =C16-152000 -> 169708 | F16: =D16/$D$2 -> 1324.9307 | G16: 459.5 | H16: 96.3 | I16: =G16+H16 -> 555.8 | J16: =IF(L16>0,L16,0) -> 820.53068 | K16: =I16+J16 -> 1376.3307 | L16: =F16-(I16-X16) -> 820.53068 | M16: 14.1 | N16: 0 | O16: 0 | P16: =M16-(N16+O16) -> 14.1 | Q16: 0 | R16: 0 | S16: =SUM(P16:R16) -> 14.1 | U16: 0 | V16: 37.3 | W16: =W15-V16 -> 10158.97 | X16: =N16+O16+S16+U16+V16 -> 51.4 | Y16: =IF(L16<0,L16*-1,0) -> 0 | Z16: =X16+Y16 -> 51.4 | AA16: 0 | AB16: 65 | AC16: 28 | AD16: =AD15+1 -> 7
A17: =A16+1 -> 8 | B17: 6910.62 | C17: 324475 | D17: =C17-C16 -> 2767 | E17: =C17-152000 -> 172475 | F17: =D17/$D$2 -> 1395.0088 | G17: 532.9 | H17: 126.9 | I17: =G17+H17 -> 659.8 | J17: =IF(L17>0,L17,0) -> 785.60882 | K17: =I17+J17 -> 1445.4088 | L17: =F17-(I17-X17) -> 785.60882 | M17: 13.1 | N17: 0 | O17: 0 | P17: =M17-(N17+O17) -> 13.1 | Q17: 0 | R17: 0 | S17: =SUM(P17:R17) -> 13.1 | U17: 0 | V17: 37.3 | W17: =W16-V17 -> 10121.67 | X17: =N17+O17+S17+U17+V17 -> 50.4 | Y17: =IF(L17<0,L17*-1,0) -> 0 | Z17: =X17+Y17 -> 50.4 | AA17: 0 | AB17: 65 | AC17: 33 | AD17: =AD16+1 -> 8
A18: =A17+1 -> 9 | B18: 6911.42 | C18: 327698 | D18: =C18-C17 -> 3223 | E18: =C18-152000 -> 175698 | F18: =D18/$D$2 -> 1624.9055 | G18: 634 | H18: 167.2 | I18: =G18+H18 -> 801.2 | J18: =IF(L18>0,L18,0) -> 869.30547 | K18: =I18+J18 -> 1670.5055 | L18: =F18-(I18-X18) -> 869.30547 | M18: 8.3 | N18: 0 | O18: 0 | P18: =M18-(N18+O18) -> 8.3 | Q18: 0 | R18: 0 | S18: =SUM(P18:R18) -> 8.3 | U18: 0 | V18: 37.3 | W18: =W17-V18 -> 10084.37 | X18: =N18+O18+S18+U18+V18 -> 45.6 | Y18: =IF(L18<0,L18*-1,0) -> 0 | Z18: =X18+Y18 -> 45.6 | AA18: 0 | AB18: 66 | AC18: 35 | AD18: =AD17+1 -> 9
A19: =A18+1 -> 10 | B19: 6912.2 | C19: 330860 | D19: =C19-C18 -> 3162 | E19: =C19-152000 -> 178860 | F19: =D19/$D$2 -> 1594.1518 | G19: 726.5 | H19: 199 | I19: =G19+H19 -> 925.5 | J19: =IF(L19>0,L19,0) -> 721.95175 | K19: =I19+J19 -> 1647.4518 | L19: =F19-(I19-X19) -> 721.95175 | M19: 8.2 | N19: 0 | O19: 0 | P19: =M19-(N19+O19) -> 8.2 | Q19: 0 | R19: 0 | S19: =SUM(P19:R19) -> 8.2 | U19: 0 | V19: 45.1 | W19: =W18-V19 -> 10039.27 | X19: =N19+O19+S19+U19+V19 -> 53.3 | Y19: =IF(L19<0,L19*-1,0) -> 0 | Z19: =X19+Y19 -> 53.3 | AA19: 0 | AB19: 69 | AC19: 36 | AD19: =AD18+1 -> 10
A20: =A19+1 -> 11 | B20: 6913.01 | C20: 334161 | D20: =C20-C19 -> 3301 | E20: =C20-152000 -> 182161 | F20: =D20/$D$2 -> 1664.2299 | G20: 828.5 | H20: 210.4 | I20: =G20+H20 -> 1038.9 | J20: =IF(L20>0,L20,0) -> 683.6299 | K20: =I20+J20 -> 1722.5299 | L20: =F20-(I20-X20) -> 683.6299 | M20: 8 | N20: 0 | O20: 0 | P20: =M20-(N20+O20) -> 8 | Q20: 0 | R20: 0 | S20: =SUM(P20:R20) -> 8 | U20: 0 | V20: 50.3 | W20: =W19-V20 -> 9988.97 | X20: =N20+O20+S20+U20+V20 -> 58.3 | Y20: =IF(L20<0,L20*-1,0) -> 0 | Z20: =X20+Y20 -> 58.3 | AA20: 0 | AB20: 72 | AC20: 36 | AD20: =AD19+1 -> 11
A21: =A20+1 -> 12 | B21: 6913.84 | C21: 337573 | D21: =C21-C20 -> 3412 | E21: =C21-152000 -> 185573 | F21: =D21/$D$2 -> 1720.1916 | G21: 967.9 | H21: 247 | I21: =G21+H21 -> 1214.9 | J21: =IF(L21>0,L21,0) -> 563.59158 | K21: =I21+J21 -> 1778.4916 | L21: =F21-(I21-X21) -> 563.59158 | M21: 8 | N21: 0 | O21: 0 | P21: =M21-(N21+O21) -> 8 | Q21: 0 | R21: 0 | S21: =SUM(P21:R21) -> 8 | U21: 0 | V21: 50.3 | W21: =W20-V21 -> 9938.67 | X21: =N21+O21+S21+U21+V21 -> 58.3 | Y21: =IF(L21<0,L21*-1,0) -> 0 | Z21: =X21+Y21 -> 58.3 | AA21: 0 | AB21: 70 | AC21: 35 | AD21: =AD20+1 -> 12
A22: =A21+1 -> 13 | B22: 6914.86 | C22: 341792 | D22: =C22-C21 -> 4219 | E22: =C22-152000 -> 189792 | F22: =D22/$D$2 -> 2127.0481 | G22: 1114.1 | H22: 272.4 | I22: =G22+H22 -> 1386.5 | J22: =IF(L22>0,L22,0) -> 798.74815 | K22: =I22+J22 -> 2185.2481 | L22: =F22-(I22-X22) -> 798.74815 | M22: 8 | N22: 0 | O22: 0 | P22: =M22-(N22+O22) -> 8 | Q22: 0 | R22: 0 | S22: =SUM(P22:R22) -> 8 | U22: 0 | V22: 50.2 | W22: =W21-V22 -> 9888.47 | X22: =N22+O22+S22+U22+V22 -> 58.2 | Y22: =IF(L22<0,L22*-1,0) -> 0 | Z22: =X22+Y22 -> 58.2 | AA22: 0 | AB22: 72 | AC22: 36 | AD22: =AD21+1 -> 13
A23: =A22+1 -> 14 | B23: 6915.96 | C23: 346380 | D23: =C23-C22 -> 4588 | E23: =C23-152000 -> 194380 | F23: =D23/$D$2 -> 2313.0829 | G23: 1451.5 | H23: 378.9 | I23: =G23+H23 -> 1830.4 | J23: =IF(L23>0,L23,0) -> 547.88293 | K23: =I23+J23 -> 2378.2829 | L23: =F23-(I23-X23) -> 547.88293 | M23: 10 | N23: 0 | O23: 0 | P23: =M23-(N23+O23) -> 10 | Q23: 4.8 | R23: 0 | S23: =SUM(P23:R23) -> 14.8 | U23: 0 | V23: 50.4 | W23: =W22-V23 -> 9838.07 | X23: =N23+O23+S23+U23+V23 -> 65.2 | Y23: =IF(L23<0,L23*-1,0) -> 0 | Z23: =X23+Y23 -> 65.2 | AA23: 0 | AB23: 65 | AC23: 40 | AD23: =AD22+1 -> 14
A24: =A23+1 -> 15 | B24: 6916.72 | C24: 349577 | D24: =C24-C23 -> 3197 | E24: =C24-152000 -> 197577 | F24: =D24/$D$2 -> 1611.7973 | G24: 1329.1 | H24: 264.3 | I24: =G24+H24 -> 1593.4 | J24: =IF(L24>0,L24,0) -> 236.69733 | K24: =I24+J24 -> 1830.0973 | L24: =F24-(I24-X24) -> 236.69733 | M24: 13.1 | N24: 0 | O24: 0 | P24: =M24-(N24+O24) -> 13.1 | Q24: 7.2 | R24: 0 | S24: =SUM(P24:R24) -> 20.3 | U24: 0 | V24: 198 | W24: =W23 -> 9838.07 | X24: =N24+O24+S24+U24+V24 -> 218.3 | Y24: =IF(L24<0,L24*-1,0) -> 0 | Z24: =X24+Y24 -> 218.3 | AA24: 0.03 | AB24: 60 | AC24: 41 | AD24: =AD23+1 -> 15
A25: =A24+1 -> 16 | B25: 6917.12 | C25: 351263 | D25: =C25-C24 -> 1686 | E25: =C25-152000 -> 199263 | F25: =D25/$D$2 -> 850.0126 | G25: 1137.3 | H25: 180 | I25: =G25+H25 -> 1317.3 | J25: =IF(L25>0,L25,0) -> 112.0126 | K25: =I25+J25 -> 1429.3126 | L25: =F25-(I25-X25) -> 112.0126 | M25: 14.7 | N25: 0 | O25: 0 | P25: =M25-(N25+O25) -> 14.7 | Q25: 0 | R25: 8.6 | S25: =SUM(P25:R25) -> 23.3 | U25: 0 | V25: 556 | W25: =W24 -> 9838.07 | X25: =N25+O25+S25+U25+V25 -> 579.3 | Y25: =IF(L25<0,L25*-1,0) -> 0 | Z25: =X25+Y25 -> 579.3 | AA25: 0.01 | AB25: 61 | AC25: 36 | AD25: =AD24+1 -> 16
A26: =A25+1 -> 17 | B26: 6917.42 | C26: 352535 | D26: =C26-C25 -> 1272 | E26: =C26-152000 -> 200535 | F26: =D26/$D$2 -> 641.29065 | G26: 1022.1 | H26: 148.8 | I26: =G26+H26 -> 1170.9 | J26: =IF(L26>0,L26,0) -> 301.99065 | K26: =I26+J26 -> 1472.8906 | L26: =F26-(I26-X26) -> 301.99065 | M26: 15 | N26: 0 | O26: 0 | P26: =M26-(N26+O26) -> 15 | Q26: 0 | R26: 16.6 | S26: =SUM(P26:R26) -> 31.6 | U26: 0 | V26: 800 | W26: =W25 -> 9838.07 | X26: =N26+O26+S26+U26+V26 -> 831.6 | Y26: =IF(L26<0,L26*-1,0) -> 0 | Z26: =X26+Y26 -> 831.6 | AA26: 0 | AB26: 63 | AC26: 34 | AD26: =AD25+1 -> 17
A27: =A26+1 -> 18 | B27: 6917.79 | C27: 354104 | D27: =C27-C26 -> 1569 | E27: =C27-152000 -> 202104 | F27: =D27/$D$2 -> 791.02596 | G27: 1121.8 | H27: 213.9 | I27: =G27+H27 -> 1335.7 | J27: =IF(L27>0,L27,0) -> 284.82596 | K27: =I27+J27 -> 1620.526 | L27: =F27-(I27-X27) -> 284.82596 | M27: 15.1 | N27: 0 | O27: 0 | P27: =M27-(N27+O27) -> 15.1 | Q27: 0 | R27: 14.4 | S27: =SUM(P27:R27) -> 29.5 | U27: 0 | V27: 800 | W27: =W26 -> 9838.07 | X27: =N27+O27+S27+U27+V27 -> 829.5 | Y27: =IF(L27<0,L27*-1,0) -> 0 | Z27: =X27+Y27 -> 829.5 | AA27: 0 | AB27: 49 | AC27: 37 | AD27: =AD26+1 -> 18
A28: =A27+1 -> 19 | B28: 6917.92 | C28: 354655 | D28: =C28-C27 -> 551 | E28: =C28-152000 -> 202655 | F28: =D28/$D$2 -> 277.79178 | G28: 901.7 | H28: 140.6 | I28: =G28+H28 -> 1042.3 | J28: =IF(L28>0,L28,0) -> 65.091782 | K28: =I28+J28 -> 1107.3918 | L28: =F28-(I28-X28) -> 65.091782 | M28: 15.1 | N28: 0 | O28: 0 | P28: =M28-(N28+O28) -> 15.1 | Q28: 0 | R28: 14.5 | S28: =SUM(P28:R28) -> 29.6 | U28: 0 | V28: 800 | W28: =W27 -> 9838.07 | X28: =N28+O28+S28+U28+V28 -> 829.6 | Y28: =IF(L28<0,L28*-1,0) -> 0 | Z28: =X28+Y28 -> 829.6 | AA28: 0 | AB28: 51 | AC28: 30 | AD28: =AD27+1 -> 19
A29: =A28+1 -> 20 | B29: 6917.95 | C29: 354824 | D29: =C29-C28 -> 169 | E29: =C29-152000 -> 202824 | F29: =D29/$D$2 -> 85.202924 | G29: 760.9 | H29: 98.6 | I29: =G29+H29 -> 859.5 | J29: =IF(L29>0,L29,0) -> 53.102924 | K29: =I29+J29 -> 912.60292 | L29: =F29-(I29-X29) -> 53.102924 | M29: 18.2 | N29: 0 | O29: 0 | P29: =M29-(N29+O29) -> 18.2 | Q29: 0 | R29: 9.2 | S29: =SUM(P29:R29) -> 27.4 | U29: 0 | V29: 800 | W29: =W28 -> 9838.07 | X29: =N29+O29+S29+U29+V29 -> 827.4 | Y29: =IF(L29<0,L29*-1,0) -> 0 | Z29: =X29+Y29 -> 827.4 | AA29: 0 | AB29: 55 | AC29: 30 | AD29: =AD28+1 -> 20
A30: =A29+1 -> 21 | B30: 6918.04 | C30: 355165 | D30: =C30-C29 -> 341 | E30: =C30-152000 -> 203165 | F30: =D30/$D$2 -> 171.91833 | G30: 736.5 | H30: 97.8 | I30: =G30+H30 -> 834.3 | J30: =IF(L30>0,L30,0) -> 217.51833 | K30: =I30+J30 -> 1051.8183 | L30: =F30-(I30-X30) -> 217.51833 | M30: 22.1 | N30: 0 | O30: 0 | P30: =M30-(N30+O30) -> 22.1 | Q30: 45.9 | R30: 11.9 | S30: =SUM(P30:R30) -> 79.9 | U30: 0 | V30: 800 | W30: =W29 -> 9838.07 | X30: =N30+O30+S30+U30+V30 -> 879.9 | Y30: =IF(L30<0,L30*-1,0) -> 0 | Z30: =X30+Y30 -> 879.9 | AA30: 0 | AB30: 61 | AC30: 29 | AD30: =AD29+1 -> 21
A31: =A30+1 -> 22 | B31: 6918.12 | C31: 355507 | D31: =C31-C30 -> 342 | E31: =C31-152000 -> 203507 | F31: =D31/$D$2 -> 172.42249 | G31: 824.1 | H31: 123.3 | I31: =G31+H31 -> 947.4 | J31: =IF(L31>0,L31,0) -> 106.02249 | K31: =I31+J31 -> 1053.4225 | L31: =F31-(I31-X31) -> 106.02249 | M31: 21.5 | N31: 0 | O31: 0 | P31: =M31-(N31+O31) -> 21.5 | Q31: 42.7 | R31: 16.8 | S31: =SUM(P31:R31) -> 81 | U31: 0 | V31: 800 | W31: =W30 -> 9838.07 | X31: =N31+O31+S31+U31+V31 -> 881 | Y31: =IF(L31<0,L31*-1,0) -> 0 | Z31: =X31+Y31 -> 881 | AA31: 0 | AB31: 61 | AC31: 31 | AD31: =AD30+1 -> 22
A32: =A31+1 -> 23 | B32: 6918.17 | C32: 355720 | D32: =C32-C31 -> 213 | E32: =C32-152000 -> 203720 | F32: =D32/$D$2 -> 107.38593 | G32: 741.5 | H32: 104.2 | I32: =G32+H32 -> 845.7 | J32: =IF(L32>0,L32,0) -> 152.58593 | K32: =I32+J32 -> 998.28593 | L32: =F32-(I32-X32) -> 152.58593 | M32: 26.2 | N32: 0 | O32: 0 | P32: =M32-(N32+O32) -> 26.2 | Q32: 48.3 | R32: 16.4 | S32: =SUM(P32:R32) -> 90.9 | U32: 0 | V32: 800 | W32: =W31 -> 9838.07 | X32: =N32+O32+S32+U32+V32 -> 890.9 | Y32: =IF(L32<0,L32*-1,0) -> 0 | Z32: =X32+Y32 -> 890.9 | AA32: 0 | AB32: 64 | AC32: 33 | AD32: =AD31+1 -> 23
A33: =A32+1 -> 24 | B33: 6918.29 | C33: 356233 | D33: =C33-C32 -> 513 | E33: =C33-152000 -> 204233 | F33: =D33/$D$2 -> 258.63373 | G33: 808.3 | H33: 133.1 | I33: =G33+H33 -> 941.4 | J33: =IF(L33>0,L33,0) -> 221.13373 | K33: =I33+J33 -> 1162.5337 | L33: =F33-(I33-X33) -> 221.13373 | M33: 32.5 | N33: 0 | O33: 0 | P33: =M33-(N33+O33) -> 32.5 | Q33: 53.5 | R33: 17.9 | S33: =SUM(P33:R33) -> 103.9 | U33: 0 | V33: 800 | W33: =W32 -> 9838.07 | X33: =N33+O33+S33+U33+V33 -> 903.9 | Y33: =IF(L33<0,L33*-1,0) -> 0 | Z33: =X33+Y33 -> 903.9 | AA33: 0 | AB33: 68 | AC33: 34 | AD33: =AD32+1 -> 24
A34: =A33+1 -> 25 | B34: 6918.44 | C34: 356874 | D34: =C34-C33 -> 641 | E34: =C34-152000 -> 204874 | F34: =D34/$D$2 -> 323.16612 | G34: 1007.7 | H34: 178.5 | I34: =G34+H34 -> 1186.2 | J34: =IF(L34>0,L34,0) -> 63.26612 | K34: =I34+J34 -> 1249.4661 | L34: =F34-(I34-X34) -> 63.26612 | M34: 37.6 | N34: 0 | O34: 0 | P34: =M34-(N34+O34) -> 37.6 | Q34: 66.5 | R34: 22.2 | S34: =SUM(P34:R34) -> 126.3 | U34: 0 | V34: 800 | W34: =W33 -> 9838.07 | X34: =N34+O34+S34+U34+V34 -> 926.3 | Y34: =IF(L34<0,L34*-1,0) -> 0 | Z34: =X34+Y34 -> 926.3 | AA34: 0 | AB34: 68 | AC34: 39 | AD34: =AD33+1 -> 25
A35: =A34+1 -> 26 | B35: 6918.57 | C35: 357857 | D35: =C35-C34 -> 983 | E35: =C35-152000 -> 205857 | F35: =D35/$D$2 -> 495.58861 | G35: 1113.1 | H35: 164.9 | I35: =G35+H35 -> 1278 | J35: =IF(L35>0,L35,0) -> 154.48861 | K35: =I35+J35 -> 1432.4886 | L35: =F35-(I35-X35) -> 154.48861 | M35: 38 | N35: 0 | O35: 0 | P35: =M35-(N35+O35) -> 38 | Q35: 75.2 | R35: 23.7 | S35: =SUM(P35:R35) -> 136.9 | U35: 0 | V35: 800 | W35: =W34 -> 9838.07 | X35: =N35+O35+S35+U35+V35 -> 936.9 | Y35: =IF(L35<0,L35*-1,0) -> 0 | Z35: =X35+Y35 -> 936.9 | AA35: 0 | AB35: 73 | AC35: 39 | AD35: =AD34+1 -> 26
... A38: =A37+1 -> 29 | B38: 6920.15 | C38: 364224 | D38: =C38-C37 -> 2589 | E38: =C38-152000 -> 212224 | F38: =D38/$D$2 -> 1305.2685 | G38: 1890 | H38: 229.3 | I38: =G38+H38 -> 2119.3 | J38: =IF(L38>0,L38,0) -> 662.06846 | K38: =I38+J38 -> 2781.3685 | L38: =F38-(I38-X38) -> 662.06846 | M38: 71.6 | N38: 0 | O38: 0 | P38: =M38-(N38+O38) -> 71.6 | Q38: 125.2 | R38: 31.3 | S38: =SUM(P38:R38) -> 228.1 | U38: 48 | V38: 1200 | W38: =W37 -> 9838.07 | X38: =N38+O38+S38+U38+V38 -> 1476.1 | Y38: =IF(L38<0,L38*-1,0) -> 0 | Z38: =X38+Y38 -> 1476.1 | AA38: 0 | AB38: 78 | AC38: 40 | AD38: =AD37+1 -> 29
A39: 30 | B39: 6920.52 | C39: 365831 | D39: =C39-C38 -> 1607 | E39: =C39-152000 -> 213831 | F39: =D39/$D$2 -> 810.18402 | G39: 1992.6 | H39: 213.9 | I39: =G39+H39 -> 2206.5 | J39: =IF(L39>0,L39,0) -> 148.08402 | K39: =I39+J39 -> 2354.584 | L39: =F39-(I39-X39) -> 148.08402 | M39: 116.7 | N39: 0 | O39: 0 | P39: =M39-(N39+O39) -> 116.7 | Q39: 134.5 | R39: 36.2 | S39: =SUM(P39:R39) -> 287.4 | U39: 57 | V39: 1200 | W39: =W38 -> 9838.07 | X39: =N39+O39+S39+U39+V39 -> 1544.4 | Y39: =IF(L39<0,L39*-1,0) -> 0 | Z39: =X39+Y39 -> 1544.4 | AA39: 0 | AB39: 77 | AC39: 43 | AD39: 30
A41: MONTH / CFS | F41: =SUM(F10:F39) -> 28881.775 | G41: =SUM(G10:G39) -> 26727 | H41: =SUM(H10:H39) -> 4885.6 | I41: =SUM(I10:I39) -> 31612.6 | J41: =SUM(J10:J39) -> 13325.575 | K41: =SUM(K10:K39) -> 44938.175 | L41: =SUM(L10:L39) -> 13325.575 | M41: =SUM(M10:M39) -> 679.5 | ... S41: =SUM(S10:S39) -> 1899.4 | U41: =SUM(U10:U39) -> 179 | V41: =SUM(V10:V39) -> 13978 | X41: =SUM(X10:X39) -> 16056.4 | Y41: =SUM(Y10:Y39) -> 0 | Z41: =SUM(Z10:Z39) -> 16056.4 | AA41: =SUM(AA10:AA39) -> 0.04 | AB41: =AVERAGE(AB10:AB39) -> 64.433333 | AC41: =AVERAGE(AC10:AC39) -> 34.566667 | AD41: Avg
A42: MONTH / AF | D42: =SUM(D10:D39) -> 57287 | F42: =F41*$D$2 -> 57287 | G42: =G41*$D$2 -> 53013.005 | H42: =H41*$D$2 -> 9690.5876 | I42: =I41*$D$2 -> 62703.592 | J42: =J41*$D$2 -> 26431.277 | K42: =K41*$D$2 -> 89134.869 | L42: =L41*$D$2 -> 26431.277 | M42: =M41*$D$2 -> 1347.7883 | ... S42: =S41*$D$2 -> 3767.4599 | U42: =U41*$D$2 -> 355.0465 | V42: =V41*$D$2 -> 27725.363 | X42: =X41*$D$2 -> 31847.869 | Y42: =Y41*$D$2 -> 0 | Z42: =Z41*$D$2 -> 31847.869 | AB42: =MAX(AB10:AB39) -> 78 | AC42: =MAX(AC10:AC39) -> 43 | AD42: HI
A44: SEASON / CFS | F44: =F7+F41 -> 28881.775 | G44: =G7+G41 -> 26727 | H44: =H7+H41 -> 4885.6 | I44: =I7+I41 -> 31612.6 | J44: =J7+J41 -> 13325.575 | K44: =K7+K41 -> 44938.175 | L44: =L7+L41 -> 13325.575 | M44: =M7+M41 -> 679.5 | ... S44: =S7+S41 -> 1899.4 | T44: =T39 -> 0 | U44: =U7+U41 -> 179 | V44: =V7+V41 -> 13978 | X44: =X7+X41 -> 16056.4 | Y44: =Y7+Y41 -> 0 | Z44: =Z7+Z41 -> 16056.4 | AB44: =MIN(AB10:AB39) -> 49 | AC44: =MIN(AC10:AC39) -> 28 | AD44: LO
A45: SEASON / AF | F45: =F44*$D$2 -> 57287 | G45: =G44*$D$2 -> 53013.005 | H45: =H44*$D$2 -> 9690.5876 | I45: =I44*$D$2 -> 62703.592 | J45: =J44*$D$2 -> 26431.277 | K45: =K44*$D$2 -> 89134.869 | L45: =L44*$D$2 -> 26431.277 | M45: =M44*$D$2 -> 1347.7883 | ... V45: =V44*$D$2 -> 27725.363 | X45: =X44*$D$2 -> 31847.869 | Y45: =Y44*$D$2 -> 0 | Z45: =Z44*$D$2 -> 31847.869
A47: YTD / CFS | F47: =F8+F41 -> 35784.22 | G47: =G8+G41 -> 39414.1 | H47: =H8+H41 -> 5527.3 | I47: =I8+I41 -> 44941.4 | J47: =J8+J41 -> 15631.842 | K47: =K8+K41 -> 60573.117 | L47: =L8+L41 -> 14370.57 | M47: =M8+M41 -> 1744.02 | ... S47: =S8+S41 -> 4550.82 | U47: =U8+U41 -> 179 | V47: =V8+V41 -> 18797.93 | W47: =W39 -> 9838.07 | X47: =X8+X41 -> 23527.75 | Y47: =Y8+Y41 -> 1261.2718 | Z47: =Z8+Z41 -> 24789.022 | AA47: =AA8+AA41 -> 8.76
A48: YTD / AF | D48: =D8+D42 -> 70978 | E48: =E39 -> 213831 | F48: =F47*$D$2 -> 70978 | G48: =G47*$D$2 -> 78177.867 | H48: =H47*$D$2 -> 10963.4 | I48: =I47*$D$2 -> 89141.267 | J48: =J47*$D$2 -> 31005.758 | K48: =K47*$D$2 -> 120146.78 | L48: =L47*$D$2 -> 28504.025 | M48: =M47*$D$2 -> 3459.2637 | ... Z48: =Z47*$D$2 -> 49169.025

Sheet MAY
K1: MC PHEE RESERVOIR IN/OUT FLOW TABULATION
A2: AF/cfs CONVERT FACTOR | D2: 1.9835 | K2: MAY "1992"
A4: DATE | B4: RESERV | C4: RESERV | D4: AC FT | E4: ACTIVE | F4: CONV TO | G4: DOLORES | H4: LOST | I4: RECORDED | J4: CALC | K4: TOTAL | L4: CALC | M4: TUNNEL | Q4: LONE | R4: U | S4: TOTAL | T4: MVI | U4: DV CR | V4: BELOW | W4: REMAIN | X4: RECORDED | Y4: CALC | Z4: TOTAL | AA4: RAIN | AB4: MAX | AC4: MIN | AD4: DATE
A5: "MAY" | B5: ELEV | C5: AC FT | D5: CHANGE | E5: CAP | F5: CFS | G5: RIVER | H5: CANYON | I5: INFLOW | J5: INFLOW | K5: INFLOW | L5: INF/OTF | M5: TOT DIV | N5: WETLAND | O5: UTE F&R | P5: MVI,CTZ | Q5: PINE | R5: LAT | S5: MVI | T5: CALL | U5: CANAL | V5: MC PHEE | W5: RELEASE | X5: OUTFLOW | Y5: OUTFLOW | Z5: OUTFLOW | AB5: TMP | AC5: TMP | AD5: "MAY"
A7: SEASON BAL | F7: =APR!F44 -> 28881.775 | G7: =APR!G44 -> 26727 | H7: =APR!H44 -> 4885.6 | I7: =APR!I44 -> 31612.6 | J7: =APR!J44 -> 13325.575 | K7: =APR!K44 -> 44938.175 | L7: =APR!L44 -> 13325.575 | M7: =APR!M44 -> 679.5 | ... V7: =APR!V44 -> 13978 | X7: =APR!X44 -> 16056.4 | Y7: =APR!Y44 -> 0 | Z7: =APR!Z44 -> 16056.4
A8: YTD | B8: =APR!B39 -> 6920.52 | C8: =APR!C39 -> 365831 | D8: =APR!D48 -> 70978 | E8: =APR!E48 -> 213831 | F8: =APR!F47 -> 35784.22 | G8: =APR!G47 -> 39414.1 | H8: =APR!H47 -> 5527.3 | I8: =APR!I47 -> 44941.4 | J8: =APR!J47 -> 15631.842 | K8: =APR!K47 -> 60573.117 | L8: =APR!L47 -> 14370.57 | M8: =APR!M47 -> 1744.02 | ... AA8: =APR!AA47 -> 8.76
A10: 1 | B10: 6920.9 | C10: 367480 | D10: =C10-C8 -> 1649 | E10: =C10-152000 -> 215480 | F10: =D10/$D$2 -> 831.35871 | G10: 2036.6 | H10: 189.7 | I10: =G10+H10 -> 2226.3 | J10: =IF(L10>0,L10) -> 212.05871 | K10: =I10+J10 -> 2438.3587 | L10: =F10-(I10-X10) -> 212.05871 | M10: 183.9 | N10: 0 | O10: 0 | P10: =M10-(N10+O10) -> 183.9 | Q10: 133.8 | R10: 57.3 | S10: =SUM(P10:R10) -> 375 | U10: 32 | V10: 1200 | W10: =W8 -> 9838.07 | X10: =N10+O10+S10+U10+V10 -> 1607 | Y10: =IF(L10<0,L10*-1,0) -> 0 | Z10: =X10+Y10 -> 1607 | AA10: 0 | AB10: 75 | AC10: 40 | AD10: 1
A11: =A10+1 -> 2 | B11: 6921.18 | C11: 368704 | D11: =C11-C10 -> 1224 | E11: =C11-152000 -> 216704 | F11: =D11/$D$2 -> 617.091 | G11: 2012.7 | H11: 157.9 | I11: =G11+H11 -> 2170.6 | J11: =IF(L11>0,L11,0) -> 64.491001 | K11: =I11+J11 -> 2235.091 | L11: =F11-(I11-X11) -> 64.491001 | M11: 202.7 | N11: 0 | O11: 0 | P11: =M11-(N11+O11) -> 202.7 | Q11: 133.7 | R11: 61.6 | S11: =SUM(P11:R11) -> 398 | U11: 20 | V11: 1200 | W11: =W10 -> 9838.07 | X11: =N11+O11+S11+U11+V11 -> 1618 | Y11: =IF(L11<0,L11*-1,0) -> 0 | Z11: =X11+Y11 -> 1618 | AA11: 0 | AB11: 71 | AC11: 39 | AD11: =AD10+1 -> 2
A12: =A11+1 -> 3 | B12: 6921.38 | C12: 369579 | D12: =C12-C11 -> 875 | E12: =C12-152000 -> 217579 | F12: =D12/$D$2 -> 441.1394 | G12: 1881 | H12: 123.6 | I12: =G12+H12 -> 2004.6 | J12: =IF(L12>0,L12,0) -> 44.6394 | K12: =I12+J12 -> 2049.2394 | L12: =F12-(I12-X12) -> 44.6394 | M12: 203.9 | N12: 0 | O12: 0 | P12: =M12-(N12+O12) -> 203.9 | Q12: 134 | R12: 61.1 | S12: =SUM(P12:R12) -> 399 | U12: 9.1 | V12: 1200 | W12: =W10 -> 9838.07 | X12: =N12+O12+S12+U12+V12 -> 1608.1 | Y12: =IF(L12<0,L12*-1,0) -> 0 | Z12: =X12+Y12 -> 1608.1 | AA12: 0 | AB12: 73 | AC12: 43 | AD12: =AD11+1 -> 3
A13: =A12+1 -> 4 | B13: 3921.45 | C13: 369886 | D13: =C13-C12 -> 307 | E13: =C13-152000 -> 217886 | F13: =D13/$D$2 -> 154.77691 | G13: 1552.8 | H13: 130.4 | I13: =G13+H13 -> 1683.2 | J13: =IF(L13>0,L13,0) -> 87.17691 | K13: =I13+J13 -> 1770.3769 | L13: =F13-(I13-X13) -> 87.17691 | M13: 207.1 | N13: 0 | O13: 0 | P13: =M13-(N13+O13) -> 207.1 | Q13: 134.4 | R13: 65.5 | S13: =SUM(P13:R13) -> 407 | U13: 8.6 | V13: 1200 | W13: =W11 -> 9838.07 | X13: =N13+O13+S13+U13+V13 -> 1615.6 | Y13: =IF(L13<0,L13*-1,0) -> 0 | Z13: =X13+Y13 -> 1615.6 | AA13: 0 | AB13: 72 | AC13: 43 | AD13: =AD12+1 -> 4
A14: =A13+1 -> 5 | B14: 6921.6 | C14: 370543 | D14: =C14-C13 -> 657 | E14: =C14-152000 -> 218543 | F14: =D14/$D$2 -> 331.23267 | G14: 1562 | H14: 104.6 | I14: =G14+H14 -> 1666.6 | J14: =IF(L14>0,L14,0) -> 189.63267 | K14: =I14+J14 -> 1856.2327 | L14: =F14-(I14-X14) -> 189.63267 | M14: 211.5 | N14: 0 | O14: 0 | P14: =M14-(N14+O14) -> 211.5 | Q14: 135.1 | R14: 73.4 | S14: =SUM(P14:R14) -> 420 | U14: 30 | V14: 1075 | W14: =W12 -> 9838.07 | X14: =N14+O14+S14+U14+V14 -> 1525 | Y14: =IF(L14<0,L14*-1,0) -> 0 | Z14: =X14+Y14 -> 1525 | AA14: 0.01 | AB14: 71 | AC14: 39 | AD14: =AD13+1 -> 5
A15: =A14+1 -> 6 | B15: 6921.8 | C15: 371417 | D15: =C15-C14 -> 874 | E15: =C15-152000 -> 219417 | F15: =D15/$D$2 -> 440.63524 | G15: 1628.7 | H15: 111.7 | I15: =G15+H15 -> 1740.4 | J15: =IF(L15>0,L15,0) -> 164.23524 | K15: =I15+J15 -> 1904.6352 | L15: =F15-(I15-X15) -> 164.23524 | M15: 210.2 | N15: 0 | O15: 0 | P15: =M15-(N15+O15) -> 210.2 | Q15: 134.3 | R15: 71.5 | S15: =SUM(P15:R15) -> 416 | U15: 48 | V15: 1000 | W15: =W13 -> 9838.07 | X15: =N15+O15+S15+U15+V15 -> 1464 | Y15: =IF(L15<0,L15*-1,0) -> 0 | Z15: =X15+Y15 -> 1464 | AA15: 0.27 | AB15: 68 | AC15: 40 | AD15: =AD14+1 -> 6
A16: =A15+1 -> 7 | B16: 6922.02 | C16: 372382 | D16: =C16-C15 -> 965 | E16: =C16-152000 -> 220382 | F16: =D16/$D$2 -> 486.51374 | G16: 1679.5 | H16: 124.8 | I16: =G16+H16 -> 1804.3 | J16: =IF(L16>0,L16,0) -> 174.11374 | K16: =I16+J16 -> 1978.4137 | L16: =F16-(I16-X16) -> 174.11374 | M16: 218.4 | N16: 0 | O16: 0 | P16: =M16-(N16+O16) -> 218.4 | Q16: 129 | R16: 72.5 | S16: =SUM(P16:R16) -> 419.9 | U16: 72 | V16: 1000 | W16: =W14 -> 9838.07 | X16: =N16+O16+S16+U16+V16 -> 1491.9 | Y16: =IF(L16<0,L16*-1,0) -> 0 | Z16: =X16+Y16 -> 1491.9 | AA16: 0.12 | AB16: 65 | AC16: 41 | AD16: =AD15+1 -> 7
A17: =A16+1 -> 8 | B17: 6922.3 | C17: 373618 | D17: =C17-C16 -> 1236 | E17: =C17-152000 -> 221618 | F17: =D17/$D$2 -> 623.14091 | G17: 1757.4 | H17: 125.7 | I17: =G17+H17 -> 1883.1 | J17: =IF(L17>0,L17,0) -> 265.14091 | K17: =I17+J17 -> 2148.2409 | L17: =F17-(I17-X17) -> 265.14091 | M17: 219.5 | N17: 0 | O17: 0 | P17: =M17-(N17+O17) -> 219.5 | Q17: 128.8 | R17: 68.8 | S17: =SUM(P17:R17) -> 417.1 | U17: 89 | V17: 1019 | W17: =W15 -> 9838.07 | X17: =N17+O17+S17+U17+V17 -> 1525.1 | Y17: =IF(L17<0,L17*-1,0) -> 0 | Z17: =X17+Y17 -> 1525.1 | AA17: 0 | AB17: 67 | AC17: 40 | AD17: =AD16+1 -> 8
A18: =A17+1 -> 9 | B18: 6922.78 | C18: 375737 | D18: =C18-C17 -> 2119 | E18: =C18-152000 -> 223737 | F18: =D18/$D$2 -> 1068.3136 | G18: 1885.6 | H18: 259.1 | I18: =G18+H18 -> 2144.7 | J18: =IF(L18>0,L18,0) -> 446.51359 | K18: =I18+J18 -> 2591.2136 | L18: =F18-(I18-X18) -> 446.51359 | M18: 220 | N18: 0 | O18: 0 | P18: =M18-(N18+O18) -> 220 | Q18: 129 | R18: 75.9 | S18: =SUM(P18:R18) -> 424.9 | U18: 75 | V18: 1023 | W18: =W16 -> 9838.07 | X18: =N18+O18+S18+U18+V18 -> 1522.9 | Y18: =IF(L18<0,L18*-1,0) -> 0 | Z18: =X18+Y18 -> 1522.9 | AA18: 0 | AB18: 52 | AC18: 46 | AD18: =AD17+1 -> 9
A19: =A18+1 -> 10 | B19: 6922.97 | C19: 376578 | D19: =C19-C18 -> 841 | E19: =C19-152000 -> 224578 | F19: =D19/$D$2 -> 423.99798 | G19: 1905.2 | H19: 261.2 | I19: =G19+H19 -> 2166.4 | J19: =IF(L19>0,L19,0) -> 0 | K19: =I19+J19 -> 2166.4 | L19: =F19-(I19-X19) -> -66.402017 | M19: 220.7 | N19: 0 | O19: 0 | P19: =M19-(N19+O19) -> 220.7 | Q19: 130 | R19: 74.3 | S19: =SUM(P19:R19) -> 425 | U19: 74 | V19: 1177 | W19: =W17 -> 9838.07 | X19: =N19+O19+S19+U19+V19 -> 1676 | Y19: =IF(L19<0,L19*-1,0) -> 66.402017 | Z19: =X19+Y19 -> 1742.402 | AA19: 0.44 | AB19: 57 | AC19: 30 | AD19: =AD18+1 -> 10
A20: =A19+1 -> 11 | B20: 6923.05 | C20: 376931 | D20: =C20-C19 -> 353 | E20: =C20-152000 -> 224931 | F20: =D20/$D$2 -> 177.96824 | G20: 1545.8 | H20: 133.8 | I20: =G20+H20 -> 1679.6 | J20: =IF(L20>0,L20,0) -> 221.46824 | K20: =I20+J20 -> 1901.0682 | L20: =F20-(I20-X20) -> 221.46824 | M20: 209.7 | N20: 0 | O20: 0 | P20: =M20-(N20+O20) -> 209.7 | Q20: 130 | R20: 77.4 | S20: =SUM(P20:R20) -> 417.1 | U20: 109 | V20: 1197 | W20: =W18 -> 9838.07 | X20: =N20+O20+S20+U20+V20 -> 1723.1 | Y20: =IF(L20<0,L20*-1,0) -> 0 | Z20: =X20+Y20 -> 1723.1 | AA20: 0 | AB20: 76 | AC20: 33 | AD20: =AD19+1 -> 11
A21: =A20+1 -> 12 | B21: 6923.17 | C21: 377465 | D21: =C21-C20 -> 534 | E21: =C21-152000 -> 225465 | F21: =D21/$D$2 -> 269.22107 | G21: 1490.3 | H21: 98 | I21: =G21+H21 -> 1588.3 | J21: =IF(L21>0,L21,0) -> 227.92107 | K21: =I21+J21 -> 1816.2211 | L21: =F21-(I21-X21) -> 227.92107 | M21: 201.3 | N21: 0 | O21: 0 | P21: =M21-(N21+O21) -> 201.3 | Q21: 129.9 | R21: 70.8 | S21: =SUM(P21:R21) -> 402 | U21: 108 | V21: 1037 | W21: =W19 -> 9838.07 | X21: =N21+O21+S21+U21+V21 -> 1547 | Y21: =IF(L21<0,L21*-1,0) -> 0 | Z21: =X21+Y21 -> 1547 | AA21: 0 | AB21: 71 | AC21: 37 | AD21: =AD20+1 -> 12
A22: =A21+1 -> 13 | B22: 6923.28 | C22: 377954 | D22: =C22-C21 -> 489 | E22: =C22-152000 -> 225954 | F22: =D22/$D$2 -> 246.5339 | G22: 1586 | H22: 87.7 | I22: =G22+H22 -> 1673.7 | J22: =IF(L22>0,L22,0) -> 128.8339 | K22: =I22+J22 -> 1802.5339 | L22: =F22-(I22-X22) -> 128.8339 | M22: 197.6 | N22: 0 | O22: 0 | P22: =M22-(N22+O22) -> 197.6 | Q22: 129.7 | R22: 75.7 | S22: =SUM(P22:R22) -> 403 | U22: 113 | V22: 1040 | W22: =W20 -> 9838.07 | X22: =N22+O22+S22+U22+V22 -> 1556 | Y22: =IF(L22<0,L22*-1,0) -> 0 | Z22: =X22+Y22 -> 1556 | AA22: 0 | AB22: 72 | AC22: 43 | AD22: =AD21+1 -> 13
A23: =A22+1 -> 14 | B23: 6923.41 | C23: 378535 | D23: =C23-C22 -> 581 | E23: =C23-152000 -> 226535 | F23: =D23/$D$2 -> 292.91656 | G23: 1714 | H23: 78.1 | I23: =G23+H23 -> 1792.1 | J23: =IF(L23>0,L23,0) -> 81.916562 | K23: =I23+J23 -> 1874.0166 | L23: =F23-(I23-X23) -> 81.916562 | M23: 197.4 | N23: 0 | O23: 0 | P23: =M23-(N23+O23) -> 197.4 | Q23: 130.5 | R23: 74.2 | S23: =SUM(P23:R23) -> 402.1 | U23: 134 | V23: 1045 | W23: =W21 -> 9838.07 | X23: =N23+O23+S23+U23+V23 -> 1581.1 | Y23: =IF(L23<0,L23*-1,0) -> 0 | Z23: =X23+Y23 -> 1581.1 | AA23: 0 | AB23: 73 | AC23: 40 | AD23: =AD22+1 -> 14
... A36: =A35+1 -> 27 | B36: 6824.31 | C36: 382551 | D36: =C36-C35 -> -180 | E36: =C36-152000 -> 230551 | F36: =D36/$D$2 -> -90.748677 | G36: 2130.8 | H36: 264.1 | I36: =G36+H36 -> 2394.9 | J36: =IF(L36>0,L36,0) -> 677.85132 | K36: =I36+J36 -> 3072.7513 | L36: =F36-(I36-X36) -> 677.85132 | M36: 113.2 | N36: 0 | O36: 0 | P36: =M36-(N36+O36) -> 113.2 | Q36: 148.4 | R36: 54.4 | S36: =SUM(P36:R36) -> 316 | U36: 3.5 | V36: 2844 | W36: =W34 -> 9838.07 | X36: =N36+O36+S36+U36+V36 -> 3163.5 | Y36: =IF(L36<0,L36*-1,0) -> 0 | Z36: =X36+Y36 -> 3163.5 | AA36: 0.12 | AB36: 61 | AC36: 45 | AD36: =AD35+1 -> 27
A37: 28 | B37: 3924.02 | C37: 381250 | D37: =C37-C36 -> -1301 | E37: =C37-152000 -> 229250 | F37: =D37/$D$2 -> -655.91127 | G37: 2141.5 | H37: 171.7 | I37: =G37+H37 -> 2313.2 | J37: =IF(L37>0,L37,0) -> 283.78873 | K37: =I37+J37 -> 2596.9887 | L37: =F37-(I37-X37) -> 283.78873 | M37: 103.1 | N37: 0 | O37: 0 | P37: =M37-(N37+O37) -> 103.1 | Q37: 78.2 | R37: 51.6 | S37: =SUM(P37:R37) -> 232.9 | U37: 11 | V37: 3009 | W37: =W35 -> 9838.07 | X37: =N37+O37+S37+U37+V37 -> 3252.9 | Y37: =IF(L37<0,L37*-1,0) -> 0 | Z37: =X37+Y37 -> 3252.9 | AA37: 0 | AB37: 65 | AC37: 38 | AD37: 28
A38: 29 | B38: 6924.01 | C38: 381204 | D38: =C38-C37 -> -46 | E38: =C38-152000 -> 229204 | F38: =D38/$D$2 -> -23.191328 | G38: 1904.5 | H38: 69 | I38: =G38+H38 -> 1973.5 | J38: =IF(L38>0,L38,0) -> 541.80867 | K38: =I38+J38 -> 2515.3087 | L38: =F38-(I38-X38) -> 541.80867 | M38: 105 | N38: 0 | O38: 0 | P38: =M38-(N38+O38) -> 105 | Q38: 78.1 | R38: 49.9 | S38: =SUM(P38:R38) -> 233 | U38: 2.5 | V38: 2303 | W38: =W36 -> 9838.07 | X38: =N38+O38+S38+U38+V38 -> 2538.5 | Y38: =IF(L38<0,L38*-1,0) -> 0 | Z38: =X38+Y38 -> 2538.5 | AA38: 0.08 | AB38: 62 | AC38: 41 | AD38: 29
A39: 30 | B39: 6923.98 | C39: 381071 | D39: =C39-C38 -> -133 | E39: =C39-152000 -> 229071 | F39: =D39/$D$2 -> -67.053189 | G39: 1737.5 | H39: 83.1 | I39: =G39+H39 -> 1820.6 | J39: =IF(L39>0,L39,0) -> 259.44681 | K39: =I39+J39 -> 2080.0468 | L39: =F39-(I39-X39) -> 259.44681 | M39: 105 | N39: 0 | O39: 0 | P39: =M39-(N39+O39) -> 105 | Q39: 78.3 | R39: 50.8 | S39: =SUM(P39:R39) -> 234.1 | U39: 4 | V39: 1909 | W39: =W37 -> 9838.07 | X39: =N39+O39+S39+U39+V39 -> 2147.1 | Y39: =IF(L39<0,L39*-1,0) -> 0 | Z39: =X39+Y39 -> 2147.1 | AA39: 0.03 | AB39: 66 | AC39: 38 | AD39: 30
A40: 31 | B40: 6923.86 | C40: 380537 | D40: =C40-C39 -> -534 | E40: =C40-152000 -> 228537 | F40: =D40/$D$2 -> -269.22107 | G40: 1515.8 | H40: 55.8 | I40: =G40+H40 -> 1571.6 | J40: =IF(L40>0,L40,0) -> 79.678926 | K40: =I40+J40 -> 1651.2789 | L40: =F40-(I40-X40) -> 79.678926 | M40: 104.6 | N40: 0 | O40: 0 | P40: =M40-(N40+O40) -> 104.6 | Q40: 78.2 | R40: 50.2 | S40: =SUM(P40:R40) -> 233 | U40: 4.5 | V40: 1683 | W40: =W38 -> 9838.07 | X40: =N40+O40+S40+U40+V40 -> 1920.5 | Y40: =IF(L40<0,L40*-1,0) -> 0 | Z40: =X40+Y40 -> 1920.5 | AA40: 0 | AB40: 68 | AC40: 41 | AD40: 31
A42: MONTH / CFS | F42: =SUM(F10:F40) -> 7414.1669 | G42: =SUM(G10:G40) -> 55135.6 | H42: =SUM(H10:H40) -> 3655.4 | I42: =SUM(I10:I40) -> 58791 | J42: =SUM(J10:J40) -> 6876.7881 | K42: =SUM(K10:K40) -> 65667.788 | L42: =SUM(L10:L40) -> 6795.1669 | M42: =SUM(M10:M40) -> 5768 | ... S42: =SUM(S10:S40) -> 12570.6 | U42: =SUM(U10:U40) -> 1642.4 | V42: =SUM(V10:V40) -> 43959 | X42: =SUM(X10:X40) -> 58172 | Y42: =SUM(Y10:Y40) -> 81.621225 | Z42: =SUM(Z10:Z40) -> 58253.621 | AA42: =SUM(AA10:AA40) -> 3.42 | AB42: =AVERAGE(AB10:AB40) -> 68.258065 | AC42: =AVERAGE(AC10:AC40) -> 41.225806 | AD42: AVG
A43: MONTH / AF | D43: =SUM(D10:D40) -> 14706 | F43: =F42*$D$2 -> 14706 | G43: =G42*$D$2 -> 109361.46 | H43: =H42*$D$2 -> 7250.4859 | I43: =I42*$D$2 -> 116611.95 | J43: =J42*$D$2 -> 13640.109 | K43: =K42*$D$2 -> 130252.06 | L43: =L42*$D$2 -> 13478.213 | M43: =M42*$D$2 -> 11440.828 | ... S43: =S42*$D$2 -> 24933.785 | U43: =U42*$D$2 -> 3257.7004 | V43: =V42*$D$2 -> 87192.677 | X43: =X42*$D$2 -> 115384.16 | Y43: =Y42*$D$2 -> 161.8957 | Z43: =Z42*$D$2 -> 115546.06 | AB43: =MAX(AB10:AB40) -> 78 | AC43: =MAX(AC10:AC40) -> 48 | AD43: HI
A45: SEASON / CFS | F45: =F7+F42 -> 36295.942 | G45: =G7+G42 -> 81862.6 | H45: =H7+H42 -> 8541 | I45: =I7+I42 -> 90403.6 | J45: =J7+J42 -> 20202.363 | K45: =K7+K42 -> 110605.96 | L45: =L7+L42 -> 20120.742 | M45: =M7+M42 -> 6447.5 | ... V45: =V7+V42 -> 57937 | X45: =X7+X42 -> 74228.4 | Y45: =Y7+Y42 -> 81.621225 | Z45: =Z7+Z42 -> 74310.021 | AB45: =MIN(AB10:AB40) -> 52 | AC45: =MIN(AC10:AC40) -> 30 | AD45: LO
A46: SEASON / AF | F46: =F45*$D$2 -> 71993 | G46: =G45*$D$2 -> 162374.47 | H46: =H45*$D$2 -> 16941.073 | I46: =I45*$D$2 -> 179315.54 | J46: =J45*$D$2 -> 40071.387 | K46: =K45*$D$2 -> 219386.93 | L46: =L45*$D$2 -> 39909.491 | M46: =M45*$D$2 -> 12788.616 | ... V46: =V45*$D$2 -> 114918.04 | X46: =X45*$D$2 -> 147232.03 | Y46: =Y45*$D$2 -> 161.8957 | Z46: =Z45*$D$2 -> 147393.93
A48: YTD / CFS | F48: =F8+F42 -> 43198.387 | G48: =G8+G42 -> 94549.7 | H48: =H8+H42 -> 9182.7 | I48: =I8+I42 -> 103732.4 | J48: =J8+J42 -> 22508.63 | K48: =K8+K42 -> 126240.91 | L48: =L8+L42 -> 21165.737 | M48: =M8+M42 -> 7512.02 | ... S48: =S8+S42 -> 17121.42 | U48: =U8+U42 -> 1821.4 | V48: =V8+V42 -> 62756.93 | W48: =W40 -> 9838.07 | X48: =X8+X42 -> 81699.75 | Y48: =Y8+Y42 -> 1342.893 | Z48: =Z8+Z42 -> 83042.643 | AA48: =AA8+AA42 -> 12.18
A49: YTD / AF | D49: =D8+D43 -> 85684 | E49: =E40 -> 228537 | F49: =F48*$D$2 -> 85684 | G49: =G48*$D$2 -> 187539.33 | H49: =H48*$D$2 -> 18213.885 | I49: =I48*$D$2 -> 205753.22 | J49: =J48*$D$2 -> 44645.867 | K49: =K48*$D$2 -> 250398.84 | L49: =L48*$D$2 -> 41982.239 | M49: =M48*$D$2 -> 14900.092 | ... Z49: =Z48*$D$2 -> 164715.08

Sheet JUN
K1: MC PHEE RESERVOIR IN/OUT FLOW TABULATION
A2: AF/cfs CONVERT FACTOR | D2: 1.9835 | K2: JUNE "1992"
A4: DATE | B4: RESERV | C4: RESERV | D4: AC FT | E4: ACTIVE | F4: CONV TO | G4: DOLORES | H4: LOST | I4: RECORDED | J4: CALC | K4: TOTAL | L4: CALC | M4: TUNNEL | Q4: LONE | R4: U | S4: TOTAL | T4: MVI | U4: DV CR | V4: BELOW | W4: REMAIN | X4: RECORDED | Y4: CALC | Z4: TOTAL | AA4: RAIN | AB4: MAX | AC4: MIN | AD4: DATE
A5: "JUN" | B5: ELEV | C5: AC FT | D5: CHANGE | E5: CAP | F5: CFS | G5: RIVER | H5: CANYON | I5: INFLOW | J5: INFLOW | K5: INFLOW | L5: INF/OTF | M5: TOT DIV | N5: WETLAND | O5: UTE F&R | P5: MVI/CTZ/MWC | Q5: PINE | R5: LAT | S5: MVI | T5: CALL | U5: CANAL | V5: MC PHEE | W5: RELEASE | X5: OUTFLOW | Y5: OUTFLOW | Z5: OUTFLOW | AB5: TMP | AC5: TMP | AD5: "JUN"
A7: SEASON BAL | F7: =MAY!F45 -> 36295.942 | G7: =MAY!G45 -> 81862.6 | H7: =MAY!H45 -> 8541 | I7: =MAY!I45 -> 90403.6 | J7: =MAY!J45 -> 20202.363 | K7: =MAY!K45 -> 110605.96 | L7: =MAY!L45 -> 20120.742 | M7: =MAY!M45 -> 6447.5 | ... S7: =MAY!S45 -> 14470 | U7: =MAY!U45 -> 1821.4 | V7: =MAY!V45 -> 57937 | X7: =MAY!X45 -> 74228.4 | Y7: =MAY!Y45 -> 81.621225 | Z7: =MAY!Z45 -> 74310.021
A8: YTD | B8: =MAY!B40 -> 6923.86 | C8: =MAY!C40 -> 380537 | D8: =MAY!D49 -> 85684 | E8: =MAY!E49 -> 228537 | F8: =MAY!F48 -> 43198.387 | G8: =MAY!G48 -> 94549.7 | H8: =MAY!H48 -> 9182.7 | I8: =MAY!I48 -> 103732.4 | J8: =MAY!J48 -> 22508.63 | K8: =MAY!K48 -> 126240.91 | L8: =MAY!L48 -> 21165.737 | M8: =MAY!M48 -> 7512.02 | ... S8: =MAY!S48 -> 17121.42 | U8: =MAY!U48 -> 1821.4 | V8: =MAY!V48 -> 62756.93 | W8: =MAY!W48 -> 9838.07 | X8: =MAY!X48 -> 81699.75 | Y8: =MAY!Y48 -> 1342.893 | Z8: =MAY!Z48 -> 83042.643 | AA8: =MAY!AA48 -> 12.18
O9: 0 | R9: 0
A10: 1 | B10: 6923.88 | C10: 380625 | D10: =C10-C8 -> 88 | E10: =C10-152000 -> 228625 | F10: =D10/$D$2 -> 44.36602 | G10: 1416.2 | H10: 47.4 | I10: =G10+H10 -> 1463.6 | J10: =IF(L10>0,L10,0) -> 163.76602 | K10: =I10+J10 -> 1627.366 | L10: =F10-(I10-X10) -> 163.76602 | M10: 104 | N10: 0 | O10: 0 | P10: =M10-(N10+O10) -> 104 | Q10: 78.5 | R10: 50.5 | S10: =SUM(P10:R10) -> 233 | U10: 5 | V10: 1345 | W10: =W8 -> 9838.07 | X10: =N10+O10+S10+U10+V10 -> 1583 | Y10: =IF(L10<0,L10*-1,0) -> 0 | Z10: =X10+Y10 -> 1583 | AA10: 0 | AB10: 66 | AC10: 41 | AD10: 1
A11: =A10+1 -> 2 | B11: 6923.95 | C11: 380938 | D11: =C11-C10 -> 313 | E11: =C11-152000 -> 228938 | F11: =D11/$D$2 -> 157.80187 | G11: 1339.1 | H11: 40.6 | I11: =G11+H11 -> 1379.7 | J11: =IF(L11>0,L11,0) -> 110.20187 | K11: =I11+J11 -> 1489.9019 | L11: =F11-(I11-X11) -> 110.20187 | M11: 121.4 | N11: 0 | O11: 0 | P11: =M11-(N11+O11) -> 121.4 | Q11: 78.7 | R11: 51 | S11: =SUM(P11:R11) -> 251.1 | U11: 0 | V11: 1081 | W11: =W10 -> 9838.07 | X11: =N11+O11+S11+U11+V11 -> 1332.1 | Y11: =IF(L11<0,L11*-1,0) -> 0 | Z11: =X11+Y11 -> 1332.1 | AA11: 0 | AB11: 73 | AC11: 38 | AD11: =AD10+1 -> 2
A12: =A11+1 -> 3 | B12: 6923.98 | C12: 381071 | D12: =C12-C11 -> 133 | E12: =C12-152000 -> 229071 | F12: =D12/$D$2 -> 67.053189 | G12: 1302.2 | H12: 35.6 | I12: =G12+H12 -> 1337.8 | J12: =IF(L12>0,L12,0) -> 2.3531888 | K12: =I12+J12 -> 1340.1532 | L12: =F12-(I12-X12) -> 2.3531888 | M12: 130.1 | N12: 0 | O12: 0 | P12: =M12-(N12+O12) -> 130.1 | Q12: 78.2 | R12: 54.8 | S12: =SUM(P12:R12) -> 263.1 | U12: 10 | V12: 1000 | W12: =W11 -> 9838.07 | X12: =N12+O12+S12+U12+V12 -> 1273.1 | Y12: =IF(L12<0,L12*-1,0) -> 0 | Z12: =X12+Y12 -> 1273.1 | AA12: 0 | AB12: 72 | AC12: 44 | AD12: =AD11+1 -> 3
A13: =A12+1 -> 4 | B13: 6924.03 | C13: 381294 | D13: =C13-C12 -> 223 | E13: =C13-152000 -> 229294 | F13: =D13/$D$2 -> 112.42753 | G13: 1266.3 | H13: 31.9 | I13: =G13+H13 -> 1298.2 | J13: =IF(L13>0,L13,0) -> 75.227527 | K13: =I13+J13 -> 1373.4275 | L13: =F13-(I13-X13) -> 75.227527 | M13: 122.6 | N13: 0 | O13: 0 | P13: =M13-(N13+O13) -> 122.6 | Q13: 78.5 | R13: 55.9 | S13: =SUM(P13:R13) -> 257 | U13: 4 | V13: 1000 | W13: =W12 -> 9838.07 | X13: =N13+O13+S13+U13+V13 -> 1261 | Y13: =IF(L13<0,L13*-1,0) -> 0 | Z13: =X13+Y13 -> 1261 | AA13: 0.1 | AB13: 78 | AC13: 47 | AD13: =AD12+1 -> 4
A14: =A13+1 -> 5 | B14: 6924.05 | C14: 381383 | D14: =C14-C13 -> 89 | E14: =C14-152000 -> 229383 | F14: =D14/$D$2 -> 44.870179 | G14: 1518.4 | H14: 29.4 | I14: =G14+H14 -> 1547.8 | J14: =IF(L14>0,L14,0) -> 0 | K14: =I14+J14 -> 1547.8 | L14: =F14-(I14-X14) -> -126.82982 | M14: 139.9 | N14: 0 | O14: 0 | P14: =M14-(N14+O14) -> 139.9 | Q14: 78.4 | R14: 56.7 | S14: =SUM(P14:R14) -> 275 | U14: 9.1 | V14: 1092 | W14: =W13 -> 9838.07 | X14: =N14+O14+S14+U14+V14 -> 1376.1 | Y14: =IF(L14<0,L14*-1,0) -> 126.82982 | Z14: =X14+Y14 -> 1502.9298 | AA14: 0.02 | AB14: 77 | AC14: 49 | AD14: 5
A15: =A14+1 -> 6 | B15: 6924.18 | C15: 381968 | D15: =C15-C14 -> 585 | E15: =C15-152000 -> 229968 | F15: =D15/$D$2 -> 294.9332 | G15: 1571.8 | H15: 26.9 | I15: =G15+H15 -> 1598.7 | J15: =IF(L15>0,L15,0) -> 306.2332 | K15: =I15+J15 -> 1904.9332 | L15: =F15-(I15-X15) -> 306.2332 | M15: 153.4 | N15: 0 | O15: 0 | P15: =M15-(N15+O15) -> 153.4 | Q15: 78.8 | R15: 56.8 | S15: =SUM(P15:R15) -> 289 | U15: 11 | V15: 1310 | W15: =W14 -> 9838.07 | X15: =N15+O15+S15+U15+V15 -> 1610 | Y15: =IF(L15<0,L15*-1,0) -> 0 | Z15: =X15+Y15 -> 1610 | AA15: 0 | AB15: 76 | AC15: 46 | AD15: =AD14+1 -> 6
A16: =A15+1 -> 7 | B16: 6924.1 | C16: 381609 | D16: =C16-C15 -> -359 | E16: =C16-152000 -> 229609 | F16: =D16/$D$2 -> -180.99319 | G16: 1449.1 | H16: 9.8 | I16: =G16+H16 -> 1458.9 | J16: =IF(L16>0,L16,0) -> 69.106806 | K16: =I16+J16 -> 1528.0068 | L16: =F16-(I16-X16) -> 69.106806 | M16: 156.2 | N16: 0 | O16: 0 | P16: =M16-(N16+O16) -> 156.2 | Q16: 78.6 | R16: 55.2 | S16: =SUM(P16:R16) -> 290 | U16: 19 | V16: 1400 | W16: =W15 -> 9838.07 | X16: =N16+O16+S16+U16+V16 -> 1709 | Y16: =IF(L16<0,L16*-1,0) -> 0 | Z16: =X16+Y16 -> 1709 | AA16: 0 | AB16: 76 | AC16: 44 | AD16: =AD15+1 -> 7
A17: =A16+1 -> 8 | B17: 6923.95 | C17: 380938 | D17: =C17-C16 -> -671 | E17: =C17-152000 -> 228938 | F17: =D17/$D$2 -> -338.2909 | G17: 1289.2 | H17: 4.5 | I17: =G17+H17 -> 1293.7 | J17: =IF(L17>0,L17,0) -> 0 | K17: =I17+J17 -> 1293.7 | L17: =F17-(I17-X17) -> -81.9909 | M17: 156.7 | N17: 0 | O17: 0 | P17: =M17-(N17+O17) -> 156.7 | Q17: 155 | R17: 61.3 | S17: =SUM(P17:R17) -> 373 | U17: 10 | V17: 1167 | W17: =W16 -> 9838.07 | X17: =N17+O17+S17+U17+V17 -> 1550 | Y17: =IF(L17<0,L17*-1,0) -> 81.9909 | Z17: =X17+Y17 -> 1631.9909 | AA17: 0.06 | AB17: 61 | AC17: 45 | AD17: =AD16+1 -> 8
A18: =A17+1 -> 9 | B18: 6923.88 | C18: 380625 | D18: =C18-C17 -> -313 | E18: =C18-152000 -> 228625 | F18: =D18/$D$2 -> -157.80187 | G18: 1177.8 | H18: 4.3 | I18: =G18+H18 -> 1182.1 | J18: =IF(L18>0,L18,0) -> 0 | K18: =I18+J18 -> 1182.1 | L18: =F18-(I18-X18) -> -48.801865 | M18: 157.8 | N18: 0 | O18: 0 | P18: =M18-(N18+O18) -> 157.8 | Q18: 176.5 | R18: 65.8 | S18: =SUM(P18:R18) -> 400.1 | U18: 12 | V18: 879 | W18: =W17 -> 9838.07 | X18: =N18+O18+S18+U18+V18 -> 1291.1 | Y18: =IF(L18<0,L18*-1,0) -> 48.801865 | Z18: =X18+Y18 -> 1339.9019 | AA18: 0 | AB18: 69 | AC18: 41 | AD18: =AD17+1 -> 9
A19: =A18+1 -> 10 | B19: 6923.83 | C19: 380404 | D19: =C19-C18 -> -221 | E19: =C19-152000 -> 228404 | F19: =D19/$D$2 -> -111.41921 | G19: 1091.8 | H19: 3.5 | I19: =G19+H19 -> 1095.3 | J19: =IF(L19>0,L19,0) -> 0 | K19: =I19+J19 -> 1095.3 | L19: =F19-(I19-X19) -> -114.61921 | M19: 157.8 | N19: 0 | O19: 0 | P19: =M19-(N19+O19) -> 157.8 | Q19: 177.7 | R19: 65.5 | S19: =SUM(P19:R19) -> 401 | U19: 8.1 | V19: 683 | W19: =W18 -> 9838.07 | X19: =N19+O19+S19+U19+V19 -> 1092.1 | Y19: =IF(L19<0,L19*-1,0) -> 114.61921 | Z19: =X19+Y19 -> 1206.7192 | AA19: 0.32 | AB19: 78 | AC19: 44 | AD19: =AD18+1 -> 10
A20: =A19+1 -> 11 | B20: 6923.88 | C20: 380625 | D20: =C20-C19 -> 221 | E20: =C20-152000 -> 228625 | F20: =D20/$D$2 -> 111.41921 | G20: 1147.9 | H20: 2.5 | I20: =G20+H20 -> 1150.4 | J20: =IF(L20>0,L20,0) -> 0.01920847 | K20: =I20+J20 -> 1150.4192 | L20: =F20-(I20-X20) -> 0.01920847 | M20: 157.8 | N20: 0 | O20: 0 | P20: =M20-(N20+O20) -> 157.8 | Q20: 178.5 | R20: 69.7 | S20: =SUM(P20:R20) -> 406 | U20: 33 | V20: 600 | W20: =W19 -> 9838.07 | X20: =N20+O20+S20+U20+V20 -> 1039 | Y20: =IF(L20<0,L20*-1,0) -> 0 | Z20: =X20+Y20 -> 1039 | AA20: 0.08 | AB20: 79 | AC20: 48 | AD20: =AD19+1 -> 11
A21: =A20+1 -> 12 | B21: 6923.91 | C21: 380760 | D21: =C21-C20 -> 135 | E21: =C21-152000 -> 228760 | F21: =D21/$D$2 -> 68.061507 | G21: 1166.8 | H21: 1.8 | I21: =G21+H21 -> 1168.6 | J21: =IF(L21>0,L21,0) -> 0 | K21: =I21+J21 -> 1168.6 | L21: =F21-(I21-X21) -> -73.438493 | M21: 159.5 | N21: 0 | O21: 0 | P21: =M21-(N21+O21) -> 159.5 | Q21: 159.1 | R21: 72.5 | S21: =SUM(P21:R21) -> 391.1 | U21: 36 | V21: 600 | W21: =W20 -> 9838.07 | X21: =N21+O21+S21+U21+V21 -> 1027.1 | Y21: =IF(L21<0,L21*-1,0) -> 73.438493 | Z21: =X21+Y21 -> 1100.5385 | AA21: 0 | AB21: 80 | AC21: 45 | AD21: =AD20+1 -> 12
A22: =A21+1 -> 13 | B22: 6923.93 | C22: 380849 | D22: =C22-C21 -> 89 | E22: =C22-152000 -> 228849 | F22: =D22/$D$2 -> 44.870179 | G22: 1265.2 | H22: 1.4 | I22: =G22+H22 -> 1266.6 | J22: =IF(L22>0,L22,0) -> 0 | K22: =I22+J22 -> 1266.6 | L22: =F22-(I22-X22) -> -102.62982 | M22: 161.7 | N22: 0 | O22: 0 | P22: =M22-(N22+O22) -> 161.7 | Q22: 146.2 | R22: 70.2 | S22: =SUM(P22:R22) -> 378.1 | U22: 25 | V22: 716 | W22: =W21 -> 9838.07 | X22: =N22+O22+S22+U22+V22 -> 1119.1 | Y22: =IF(L22<0,L22*-1,0) -> 102.62982 | Z22: =X22+Y22 -> 1221.7298 | AA22: 0 | AB22: 77 | AC22: 45 | AD22: =AD21+1 -> 13
A23: =A22+1 -> 14 | B23: 6923.83 | C23: 380404 | D23: =C23-C22 -> -445 | E23: =C23-152000 -> 228404 | F23: =D23/$D$2 -> -224.35089 | G23: 1177.3 | H23: 1.4 | I23: =G23+H23 -> 1178.7 | J23: =IF(L23>0,L23,0) -> 0 | K23: =I23+J23 -> 1178.7 | L23: =F23-(I23-X23) -> -196.05089 | M23: 160.4 | N23: 0 | O23: 0 | P23: =M23-(N23+O23) -> 160.4 | Q23: 147.6 | R23: 71 | S23: =SUM(P23:R23) -> 379 | U23: 28 | V23: 800 | W23: =W22 -> 9838.07 | X23: =N23+O23+S23+U23+V23 -> 1207 | Y23: =IF(L23<0,L23*-1,0) -> 196.05089 | Z23: =X23+Y23 -> 1403.0509 | AA23: 0 | AB23: 75 | AC23: 45 | AD23: =AD22+1 -> 14
A24: =A23+1 -> 15 | B24: 6923.91 | C24: 380760 | D24: =C24-C23 -> 356 | E24: =C24-152000 -> 228760 | F24: =D24/$D$2 -> 179.48072 | G24: 1057.2 | H24: 1.3 | I24: =G24+H24 -> 1058.5 | J24: =IF(L24>0,L24,0) -> 5.9807159 | K24: =I24+J24 -> 1064.4807 | L24: =F24-(I24-X24) -> 5.9807159 | M24: 167.9 | N24: 0 | O24: 0 | P24: =M24-(N24+O24) -> 167.9 | Q24: 149.4 | R24: 75.7 | S24: =SUM(P24:R24) -> 393 | U24: 46 | V24: 446 | W24: =W23 -> 9838.07 | X24: =N24+O24+S24+U24+V24 -> 885 | Y24: =IF(L24<0,L24*-1,0) -> 0 | Z24: =X24+Y24 -> 885 | AA24: 0 | AB24: 69 | AC24: 37 | AD24: =AD23+1 -> 15
A25: =A24+1 -> 16 | B25: 6923.95 | C25: 380938 | D25: =C25-C24 -> 178 | E25: =C25-152000 -> 228938 | F25: =D25/$D$2 -> 89.740358 | G25: 930.7 | H25: 1.7 | I25: =G25+H25 -> 932.4 | J25: =IF(L25>0,L25,0) -> 0 | K25: =I25+J25 -> 932.4 | L25: =F25-(I25-X25) -> -84.659642 | M25: 174.8 | N25: 0 | O25: 0 | P25: =M25-(N25+O25) -> 174.8 | Q25: 148.1 | R25: 76.1 | S25: =SUM(P25:R25) -> 399 | U25: 58 | V25: 301 | W25: =W24 -> 9838.07 | X25: =N25+O25+S25+U25+V25 -> 758 | Y25: =IF(L25<0,L25*-1,0) -> 84.659642 | Z25: =X25+Y25 -> 842.65964 | AA25: 0 | AB25: 67 | AC25: 41 | AD25: =AD24+1 -> 16
A26: =A25+1 -> 17 | B26: 6923.98 | C26: 381071 | D26: =C26-C25 -> 133 | E26: =C26-152000 -> 229071 | F26: =D26/$D$2 -> 67.053189 | G26: 806.6 | H26: 1.4 | I26: =G26+H26 -> 808 | J26: =IF(L26>0,L26,0) -> 0 | K26: =I26+J26 -> 808 | L26: =F26-(I26-X26) -> -20.946811 | M26: 175 | N26: 0 | O26: 0 | P26: =M26-(N26+O26) -> 175 | Q26: 148.8 | R26: 76.2 | S26: =SUM(P26:R26) -> 400 | U26: 58 | V26: 262 | W26: =W25 -> 9838.07 | X26: =N26+O26+S26+U26+V26 -> 720 | Y26: =IF(L26<0,L26*-1,0) -> 20.946811 | Z26: =X26+Y26 -> 740.94681 | AA26: 0 | AB26: 74 | AC26: 40 | AD26: =AD25+1 -> 17
... A28: =A27+1 -> 19 | B28: 6924.09 | C28: 381563 | D28: =C28-C27 -> 359 | E28: =C28-152000 -> 229563 | F28: =D28/$D$2 -> 180.99319 | G28: 801 | H28: 1.2 | I28: =G28+H28 -> 802.2 | J28: =IF(L28>0,L28,0) -> 51.793194 | K28: =I28+J28 -> 853.99319 | L28: =F28-(I28-X28) -> 51.793194 | M28: 218.1 | N28: 0 | O28: 0 | P28: =M28-(N28+O28) -> 218.1 | Q28: 148.8 | R28: 76.1 | S28: =SUM(P28:R28) -> 443 | U28: 79 | V28: 151 | W28: =W27 -> 9838.07 | X28: =N28+O28+S28+U28+V28 -> 673 | Y28: =IF(L28<0,L28*-1,0) -> 0 | Z28: =X28+Y28 -> 673 | AA28: 0 | AB28: 84 | AC28: 46 | AD28: =AD27+1 -> 19
A29: =A28+1 -> 20 | B29: 6924.16 | C29: 381879 | D29: =C29-C28 -> 316 | E29: =C29-152000 -> 229879 | F29: =D29/$D$2 -> 159.31434 | G29: 766.2 | H29: 0.8 | I29: =G29+H29 -> 767 | J29: =IF(L29>0,L29,0) -> 24.314343 | K29: =I29+J29 -> 791.31434 | L29: =F29-(I29-X29) -> 24.314343 | M29: 218.3 | N29: 0 | O29: 0 | P29: =M29-(N29+O29) -> 218.3 | Q29: 148.6 | R29: 78.1 | S29: =SUM(P29:R29) -> 445 | U29: 90 | V29: 97 | W29: =W28-V29 -> 9741.07 | X29: =N29+O29+S29+U29+V29 -> 632 | Y29: =IF(L29<0,L29*-1,0) -> 0 | Z29: =X29+Y29 -> 632 | AA29: 0 | AB29: 84 | AC29: 49 | AD29: =AD28+1 -> 20
A30: =A29+1 -> 21 | B30: 6924.23 | C30: 382192 | D30: =C30-C29 -> 313 | E30: =C30-152000 -> 230192 | F30: =D30/$D$2 -> 157.80187 | G30: 753.2 | H30: 0.9 | I30: =G30+H30 -> 754.1 | J30: =IF(L30>0,L30,0) -> 25.701865 | K30: =I30+J30 -> 779.80187 | L30: =F30-(I30-X30) -> 25.701865 | M30: 218.4 | N30: 0 | O30: 0 | P30: =M30-(N30+O30) -> 218.4 | Q30: 149.3 | R30: 72.3 | S30: =SUM(P30:R30) -> 440 | U30: 85 | V30: 97 | W30: =W29-V30 -> 9644.07 | X30: =N30+O30+S30+U30+V30 -> 622 | Y30: =IF(L30<0,L30*-1,0) -> 0 | Z30: =X30+Y30 -> 622 | AA30: 0 | AB30: 84 | AC30: 49 | AD30: =AD29+1 -> 21
A31: =A30+1 -> 22 | B31: 6924.23 | C31: 382192 | D31: =C31-C30 -> 0 | E31: =C31-152000 -> 230192 | F31: =D31/$D$2 -> 0 | G31: 716.8 | H31: 0.9 | I31: =G31+H31 -> 717.7 | J31: =IF(L31>0,L31,0) -> 0 | K31: =I31+J31 -> 717.7 | L31: =F31-(I31-X31) -> -64.5 | M31: 218.4 | N31: 0 | O31: 0 | P31: =M31-(N31+O31) -> 218.4 | Q31: 149.8 | R31: 76.8 | S31: =SUM(P31:R31) -> 445 | U31: 111 | V31: 97.2 | W31: =W30-V31 -> 9546.87 | X31: =N31+O31+S31+U31+V31 -> 653.2 | Y31: =IF(L31<0,L31*-1,0) -> 64.5 | Z31: =X31+Y31 -> 717.7 | AA31: 0 | AB31: 86 | AC31: 50 | AD31: =AD30+1 -> 22
A32: =A31+1 -> 23 | B32: 6924.18 | C32: 381968 | D32: =C32-C31 -> -224 | E32: =C32-152000 -> 229968 | F32: =D32/$D$2 -> -112.93169 | G32: 656.3 | H32: 0.6 | I32: =G32+H32 -> 656.9 | J32: =IF(L32>0,L32,0) -> 0 | K32: =I32+J32 -> 656.9 | L32: =F32-(I32-X32) -> -103.93169 | M32: 219.5 | N32: 0 | O32: 0 | P32: =M32-(N32+O32) -> 219.5 | Q32: 149.8 | R32: 75.7 | S32: =SUM(P32:R32) -> 445 | U32: 123 | V32: 97.9 | W32: =W31-V32 -> 9448.97 | X32: =N32+O32+S32+U32+V32 -> 665.9 | Y32: =IF(L32<0,L32*-1,0) -> 103.93169 | Z32: =X32+Y32 -> 769.83169 | AA32: 0 | AB32: 83 | AC32: 49 | AD32: =AD31+1 -> 23
A33: =A32+1 -> 24 | B33: 6824.2 | C33: 382058 | D33: =C33-C32 -> 90 | E33: =C33-152000 -> 230058 | F33: =D33/$D$2 -> 45.374338 | G33: 594.3 | H33: 1.1 | I33: =G33+H33 -> 595.4 | J33: =IF(L33>0,L33,0) -> 126.87434 | K33: =I33+J33 -> 722.27434 | L33: =F33-(I33-X33) -> 126.87434 | M33: 218.3 | N33: 0 | O33: 0 | P33: =M33-(N33+O33) -> 218.3 | Q33: 149.4 | R33: 76.3 | S33: =SUM(P33:R33) -> 444 | U33: 135 | V33: 97.9 | W33: =W32-V33 -> 9351.07 | X33: =N33+O33+S33+U33+V33 -> 676.9 | Y33: =IF(L33<0,L33*-1,0) -> 0 | Z33: =X33+Y33 -> 676.9 | AA33: 0 | AB33: 81 | AC33: 51 | AD33: =AD32+1 -> 24
A34: =A33+1 -> 25 | B34: 6824.15 | C34: 381833 | D34: =C34-C33 -> -225 | E34: =C34-152000 -> 229833 | F34: =D34/$D$2 -> -113.43585 | G34: 605.1 | H34: 1.2 | I34: =G34+H34 -> 606.3 | J34: =IF(L34>0,L34,0) -> 0 | K34: =I34+J34 -> 606.3 | L34: =F34-(I34-X34) -> -60.635846 | M34: 219.9 | N34: 0 | O34: 0 | P34: =M34-(N34+O34) -> 219.9 | Q34: 149.1 | R34: 76 | S34: =SUM(P34:R34) -> 445 | U34: 116 | V34: 98.1 | W34: =W33-V34 -> 9252.97 | X34: =N34+O34+S34+U34+V34 -> 659.1 | Y34: =IF(L34<0,L34*-1,0) -> 60.635846 | Z34: =X34+Y34 -> 719.73585 | AA34: 0.05 | AB34: 79 | AC34: 51 | AD34: =AD33+1 -> 25
A35: =A34+1 -> 26 | B35: 6824.01 | C35: 381204 | D35: =C35-C34 -> -629 | E35: =C35-152000 -> 229204 | F35: =D35/$D$2 -> -317.11621 | G35: 564.3 | H35: 1.5 | I35: =G35+H35 -> 565.8 | J35: =IF(L35>0,L35,0) -> 0 | K35: =I35+J35 -> 565.8 | L35: =F35-(I35-X35) -> -194.21621 | M35: 228.6 | N35: 0 | O35: 0 | P35: =M35-(N35+O35) -> 228.6 | Q35: 149.8 | R35: 75.6 | S35: =SUM(P35:R35) -> 454 | U35: 136 | V35: 98.7 | W35: =W34-V35 -> 9154.27 | X35: =N35+O35+S35+U35+V35 -> 688.7 | Y35: =IF(L35<0,L35*-1,0) -> 194.21621 | Z35: =X35+Y35 -> 882.91621 | AA35: 0 | AB35: 80 | AC35: 48 | AD35: =AD34+1 -> 26
A36: =A35+1 -> 27 | B36: 6923.96 | C36: 380982 | D36: =C36-C35 -> -222 | E36: =C36-152000 -> 228982 | F36: =D36/$D$2 -> -111.92337 | G36: 508.7 | H36: 1.3 | I36: =G36+H36 -> 510 | J36: =IF(L36>0,L36,0) -> 89.076632 | K36: =I36+J36 -> 599.07663 | L36: =F36-(I36-X36) -> 89.076632 | M36: 233.1 | N36: 0 | O36: 0 | P36: =M36-(N36+O36) -> 233.1 | Q36: 149.5 | R36: 76.4 | S36: =SUM(P36:R36) -> 459 | U36: 153 | V36: 99 | W36: =W35-V36 -> 9055.27 | X36: =N36+O36+S36+U36+V36 -> 711 | Y36: =IF(L36<0,L36*-1,0) -> 0 | Z36: =X36+Y36 -> 711 | AA36: 0 | AB36: 77 | AC36: 50 | AD36: =AD35+1 -> 27
A37: =A36+1 -> 28 | B37: 6923.85 | C37: 380493 | D37: =C37-C36 -> -489 | E37: =C37-152000 -> 228493 | F37: =D37/$D$2 -> -246.5339 | G37: 470.1 | H37: 1 | I37: =G37+H37 -> 471.1 | J37: =IF(L37>0,L37,0) -> 0 | K37: =I37+J37 -> 471.1 | L37: =F37-(I37-X37) -> -24.633905 | M37: 231.8 | N37: 0 | O37: 0 | P37: =M37-(N37+O37) -> 231.8 | Q37: 149.4 | R37: 75.8 | S37: =SUM(P37:R37) -> 457 | U37: 137 | V37: 99 | W37: =W36-V37 -> 8956.27 | X37: =N37+O37+S37+U37+V37 -> 693 | Y37: =IF(L37<0,L37*-1,0) -> 24.633905 | Z37: =X37+Y37 -> 717.6339 | AA37: 0 | AB37: 83 | AC37: 46 | AD37: =AD36+1 -> 28
A38: =A37+1 -> 29 | B38: 6923.73 | C38: 379958 | D38: =C38-C37 -> -535 | E38: =C38-152000 -> 227958 | F38: =D38/$D$2 -> -269.72523 | G38: 484.9 | H38: 1.5 | I38: =G38+H38 -> 486.4 | J38: =IF(L38>0,L38,0) -> 0 | K38: =I38+J38 -> 486.4 | L38: =F38-(I38-X38) -> -32.125233 | M38: 230.4 | N38: 0 | O38: 0 | P38: =M38-(N38+O38) -> 230.4 | Q38: 160.8 | R38: 73.8 | S38: =SUM(P38:R38) -> 465 | U38: 160 | V38: 99 | W38: =W37-V38 -> 8857.27 | X38: =N38+O38+S38+U38+V38 -> 724 | Y38: =IF(L38<0,L38*-1,0) -> 32.125233 | Z38: =X38+Y38 -> 756.12523 | AA38: 0 | AB38: 82 | AC38: 50 | AD38: =AD37+1 -> 29
A39: 30 | B39: 6923.6 | C39: 379380 | D39: =C39-C38 -> -578 | E39: =C39-152000 -> 227380 | F39: =D39/$D$2 -> -291.40408 | G39: 454.4 | H39: 1.6 | I39: =G39+H39 -> 456 | J39: =IF(L39>0,L39,0) -> 1.0959163 | K39: =I39+J39 -> 457.09592 | L39: =F39-(I39-X39) -> 1.0959163 | M39: 241 | N39: 0 | O39: 0 | P39: =M39-(N39+O39) -> 241 | Q39: 168.3 | R39: 77.8 | S39: =SUM(P39:R39) -> 487.1 | U39: 162 | V39: 99.4 | W39: =W38-V39 -> 8757.87 | X39: =N39+O39+S39+U39+V39 -> 748.5 | Y39: =IF(L39<0,L39*-1,0) -> 0 | Z39: =X39+Y39 -> 748.5 | AA39: 0 | AB39: 80 | AC39: 53 | AD39: 30
A41: MONTH / CFS | F41: =SUM(F10:F39) -> -583.31233 | G41: =SUM(G10:G39) -> 29135.2 | H41: =SUM(H10:H39) -> 260.4 | I41: =SUM(I10:I39) -> 29395.6 | J41: =SUM(J10:J39) -> 1051.7448 | K41: =SUM(K10:K39) -> 30447.345 | L41: =SUM(L10:L39) -> -293.91233 | M41: =SUM(M10:M39) -> 5451 | ... S41: =SUM(S10:S39) -> 11630.6 | U41: =SUM(U10:U39) -> 1941.2 | V41: =SUM(V10:V39) -> 16113.2 | X41: =SUM(X10:X39) -> 29685 | Y41: =SUM(Y10:Y39) -> 1345.6571 | Z41: =SUM(Z10:Z39) -> 31030.657 | AA41: =SUM(AA10:AA39) -> 0.63 | AB41: =AVERAGE(AB10:AB39) -> 77.066667 | AC41: =AVERAGE(AC10:AC39) -> 45.9 | AD41: AVG
A42: MONTH / AF | D42: =SUM(D10:D39) -> -1157 | F42: =F41*$D$2 -> -1157 | G42: =G41*$D$2 -> 57789.669 | H42: =H41*$D$2 -> 516.5034 | I42: =I41*$D$2 -> 58306.173 | J42: =J41*$D$2 -> 2086.1359 | K42: =K41*$D$2 -> 60392.308 | L42: =L41*$D$2 -> -582.9751 | M42: =M41*$D$2 -> 10812.058 | ... S42: =S41*$D$2 -> 23069.295 | U42: =U41*$D$2 -> 3850.3702 | V42: =V41*$D$2 -> 31960.532 | X42: =X41*$D$2 -> 58880.198 | Y42: =Y41*$D$2 -> 2669.1109 | Z42: =Z41*$D$2 -> 61549.308 | AB42: =MAX(AB10:AB39) -> 86 | AC42: =MAX(AC10:AC39) -> 53 | AD42: HI
A44: SEASON / CFS | F44: =F7+F41 -> 35712.629 | G44: =G7+G41 -> 110997.8 | H44: =H7+H41 -> 8801.4 | I44: =I7+I41 -> 119799.2 | J44: =J7+J41 -> 21254.108 | K44: =K7+K41 -> 141053.31 | L44: =L7+L41 -> 19826.829 | M44: =M7+M41 -> 11898.5 | ... S44: =S7+S41 -> 26100.6 | T44: =T39 -> 0 | U44: =U7+U41 -> 3762.6 | V44: =V7+V41 -> 74050.2 | X44: =X7+X41 -> 103913.4 | Y44: =Y7+Y41 -> 1427.2784 | Z44: =Z7+Z41 -> 105340.68 | AB44: =MIN(AB10:AB39) -> 61 | AC44: =MIN(AC10:AC39) -> 37 | AD44: LO
A45: SEASON / AF | F45: =F44*$D$2 -> 70836 | G45: =G44*$D$2 -> 220164.14 | H45: =H44*$D$2 -> 17457.577 | I45: =I44*$D$2 -> 237621.71 | J45: =J44*$D$2 -> 42157.522 | K45: =K44*$D$2 -> 279779.24 | L45: =L44*$D$2 -> 39326.516 | M45: =M44*$D$2 -> 23600.675 | ... V45: =V44*$D$2 -> 146878.57 | X45: =X44*$D$2 -> 206112.23 | Y45: =Y44*$D$2 -> 2831.0066 | Z45: =Z44*$D$2 -> 208943.24
A47: YTD / CFS | F47: =F8+F41 -> 42615.074 | G47: =G8+G41 -> 123684.9 | H47: =H8+H41 -> 9443.1 | I47: =I8+I41 -> 133128 | J47: =J8+J41 -> 23560.375 | K47: =K8+K41 -> 156688.25 | L47: =L8+L41 -> 20871.824 | M47: =M8+M41 -> 12963.02 | ... S47: =S8+S41 -> 28752.02 | T47: =T39 -> 0 | U47: =U8+U41 -> 3762.6 | V47: =V8+V41 -> 78870.13 | W47: =W39 -> 8757.87 | X47: =X8+X41 -> 111384.75 | Y47: =Y8+Y41 -> 2688.5501 | Z47: =Z8+Z41 -> 114073.3 | AA47: =AA8+AA41 -> 12.81
A48: YTD / AF | D48: =D8+D42 -> 84527 | E48: =E39 -> 227380 | F48: =F47*$D$2 -> 84527 | G48: =G47*$D$2 -> 245329 | H48: =H47*$D$2 -> 18730.389 | I48: =I47*$D$2 -> 264059.39 | J48: =J47*$D$2 -> 46732.003 | K48: =K47*$D$2 -> 310791.14 | L48: =L47*$D$2 -> 41399.264 | M48: =M47*$D$2 -> 25712.15 | ... Z48: =Z47*$D$2 -> 226264.39

Sheet JUL
K1: MC PHEE RESERVOIR IN/OUT FLOW TABULATION
A2: AF/cfs CONVERT FACTOR | D2: 1.9835 | K2: JULY "1992"
A4: DATE | B4: RESERV | C4: RESERV | D4: AC FT | E4: ACTIVE | F4: CONV TO | G4: DOLORES | H4: LOST | I4: RECORDED | J4: CALC | K4: TOTAL | L4: CALC | M4: TUNNEL | Q4: LONE | R4: U | S4: TOTAL | T4: MVI | U4: DV CR | V4: BELOW | W4: REMAIN | X4: RECORDED | Y4: CALC | Z4: TOTAL | AA4: RAIN | AB4: MAX | AC4: MIN | AD4: DATE
A5: "JUL" | B5: ELEV | C5: AC FT | D5: CHANGE | E5: CAP | F5: CFS | G5: RIVER | H5: CANYON | I5: INFLOW | J5: INFLOW | K5: INFLOW | L5: INF/OTF | M5: TOT DIV | N5: WETLAND | O5: UTE F&R | P5: MVI,CTZ | Q5: PINE | R5: LAT | S5: MVI | T5: CALL | U5: CANAL | V5: MC PHEE | W5: RELEASE | X5: OUTFLOW | Y5: OUTFLOW | Z5: OUTFLOW | AB5: TMP | AC5: TMP | AD5: "JUL"
A7: SEASON BAL | F7: =JUN!F44 -> 35712.629 | G7: =JUN!G44 -> 110997.8 | H7: =JUN!H44 -> 8801.4 | I7: =JUN!I44 -> 119799.2 | J7: =JUN!J44 -> 21254.108 | K7: =JUN!K44 -> 141053.31 | L7: =JUN!L44 -> 19826.829 | M7: =JUN!M44 -> 11898.5 | ... S7: =JUN!S44 -> 26100.6 | T7: 10548 | U7: =JUN!U44 -> 3762.6 | V7: =JUN!V44 -> 74050.2 | X7: =JUN!X44 -> 103913.4 | Y7: =JUN!Y44 -> 1427.2784 | Z7: =JUN!Z44 -> 105340.68
A8: YTD | B8: =JUN!B39 -> 6923.6 | C8: =JUN!C39 -> 379380 | D8: =JUN!D48 -> 84527 | E8: =JUN!E48 -> 227380 | F8: =JUN!F47 -> 42615.074 | G8: =JUN!G47 -> 123684.9 | H8: =JUN!H47 -> 9443.1 | I8: =JUN!I47 -> 133128 | J8: =JUN!J47 -> 23560.375 | K8: =JUN!K47 -> 156688.25 | L8: =JUN!L47 -> 20871.824 | M8: =JUN!M47 -> 12963.02 | ... AA8: =JUN!AA47 -> 12.81
A10: 1 | B10: 6923.41 | C10: 378535 | D10: =C10-C8 -> -845 | E10: =C10-152000 -> 226535 | F10: =D10/$D$2 -> -426.01462 | G10: 429.1 | H10: 1.6 | I10: =G10+H10 -> 430.7 | J10: =IF(L10>0,L10,0) -> 0 | K10: =I10+J10 -> 430.7 | L10: =F10-(I10-X10) -> -100.01462 | M10: 242.4 | N10: 0 | O10: 0 | P10: =M10-(N10+O10) -> 242.4 | Q10: 168.1 | R10: 77.2 | S10: =SUM(P10:R10) -> 487.7 | T10: =(I10-S10)+T7 -> 10491 | U10: 168.4 | V10: 100.6 | W10: =W8-V10 -> 8657.27 | X10: =N10+O10+S10+U10+V10 -> 756.7 | Y10: =IF(L10<0,L10*-1,0) -> 100.01462 | Z10: =X10+Y10 -> 856.71462 | AA10: 0 | AB10: 71 | AC10: 53 | AD10: 1
A11: =A10+1 -> 2 | B11: 6923.26 | C11: 377865 | D11: =C11-C10 -> -670 | E11: =C11-152000 -> 225865 | F11: =D11/$D$2 -> -337.78674 | G11: 374.6 | H11: 1.1 | I11: =G11+H11 -> 375.7 | J11: =IF(L11>0,L11,0) -> 0 | K11: =I11+J11 -> 375.7 | L11: =F11-(I11-X11) -> -26.786741 | M11: 251.4 | N11: 0 | O11: 0 | P11: =M11-(N11+O11) -> 251.4 | Q11: 78.1 | R11: 79.7 | S11: =SUM(P11:R11) -> 409.2 | T11: =(I11-S11)+T10 -> 10457.5 | U11: 178 | V11: 99.5 | W11: =W10-V11 -> 8557.77 | X11: =N11+O11+S11+U11+V11 -> 686.7 | Y11: =IF(L11<0,L11*-1,0) -> 26.786741 | Z11: =X11+Y11 -> 713.48674 | AA11: 0 | AB11: 71 | AC11: 42 | AD11: =AD10+1 -> 2
A12: =A11+1 -> 3 | B12: 6923.01 | C12: 376753 | D12: =C12-C11 -> -1112 | E12: =C12-152000 -> 224753 | F12: =D12/$D$2 -> -560.62516 | G12: 339.2 | H12: 1.1 | I12: =G12+H12 -> 340.3 | J12: =IF(L12>0,L12,0) -> 0 | K12: =I12+J12 -> 340.3 | L12: =F12-(I12-X12) -> -275.12516 | M12: 253.9 | N12: 0 | O12: 0 | P12: =M12-(N12+O12) -> 253.9 | Q12: 38.7 | R12: 79.2 | S12: =SUM(P12:R12) -> 371.8 | T12: =(I12-S12)+T11 -> 10426 | U12: 153.8 | V12: 100.2 | W12: =W11-V12 -> 8457.57 | X12: =N12+O12+S12+U12+V12 -> 625.8 | Y12: =IF(L12<0,L12*-1,0) -> 275.12516 | Z12: =X12+Y12 -> 900.92516 | AA12: 0 | AB12: 82 | AC12: 44 | AD12: =AD11+1 -> 3
A13: =A12+1 -> 4 | B13: 6922.95 | C13: 376489 | D13: =C13-C12 -> -264 | E13: =C13-152000 -> 224489 | F13: =D13/$D$2 -> -133.09806 | G13: 326.7 | H13: 0.7 | I13: =G13+H13 -> 327.4 | J13: =IF(L13>0,L13,0) -> 175.30194 | K13: =I13+J13 -> 502.70194 | L13: =F13-(I13-X13) -> 175.30194 | M13: 255.3 | N13: 0 | O13: 0 | P13: =M13-(N13+O13) -> 255.3 | Q13: 38.7 | R13: 80.2 | S13: =SUM(P13:R13) -> 374.2 | T13: =(I13-S13)+T12 -> 10379.2 | U13: 161.4 | V13: 100.2 | W13: =W12-V13 -> 8357.37 | X13: =N13+O13+S13+U13+V13 -> 635.8 | Y13: =IF(L13<0,L13*-1,0) -> 0 | Z13: =X13+Y13 -> 635.8 | AA13: 0 | AB13: 85 | AC13: 49 | AD13: =AD12+1 -> 4
A14: =A13+1 -> 5 | B14: 6922.78 | C14: 375737 | D14: =C14-C13 -> -752 | E14: =C14-152000 -> 223737 | F14: =D14/$D$2 -> -379.1278 | G14: 325.9 | H14: 0.5 | I14: =G14+H14 -> 326.4 | J14: =IF(L14>0,L14,0) -> 0 | K14: =I14+J14 -> 326.4 | L14: =F14-(I14-X14) -> -75.627804 | M14: 255 | N14: 0 | O14: 0 | P14: =M14-(N14+O14) -> 255 | Q14: 38.4 | R14: 78.2 | S14: =SUM(P14:R14) -> 371.6 | T14: =(I14-S14)+T13 -> 10334 | U14: 157.3 | V14: 101 | W14: =W13-V14 -> 8256.37 | X14: =N14+O14+S14+U14+V14 -> 629.9 | Y14: =IF(L14<0,L14*-1,0) -> 75.627804 | Z14: =X14+Y14 -> 705.5278 | AA14: 0 | AB14: 88 | AC14: 51 | AD14: =AD13+1 -> 5
A15: =A14+1 -> 6 | B15: 6922.63 | C15: 375075 | D15: =C15-C14 -> -662 | E15: =C15-152000 -> 223075 | F15: =D15/$D$2 -> -333.75347 | G15: 329.5 | H15: 0.5 | I15: =G15+H15 -> 330 | J15: =IF(L15>0,L15,0) -> 11.946534 | K15: =I15+J15 -> 341.94653 | L15: =F15-(I15-X15) -> 11.946534 | M15: 255.1 | N15: 0 | O15: 0 | P15: =M15-(N15+O15) -> 255.1 | Q15: 38.3 | R15: 79.7 | S15: =SUM(P15:R15) -> 373.1 | T15: =(I15-S15)+T14 -> 10290.9 | U15: 201.2 | V15: 101.4 | W15: =W14-V15 -> 8154.97 | X15: =N15+O15+S15+U15+V15 -> 675.7 | Y15: =IF(L15<0,L15*-1,0) -> 0 | Z15: =X15+Y15 -> 675.7 | AA15: 0 | AB15: 87 | AC15: 53 | AD15: =AD14+1 -> 6
A16: =A15+1 -> 7 | B16: 6922.48 | C16: 374413 | D16: =C16-C15 -> -662 | E16: =C16-152000 -> 222413 | F16: =D16/$D$2 -> -333.75347 | G16: 301.6 | H16: 0.7 | I16: =G16+H16 -> 302.3 | J16: =IF(L16>0,L16,0) -> 10.246534 | K16: =I16+J16 -> 312.54653 | L16: =F16-(I16-X16) -> 10.246534 | M16: 254.8 | N16: 0 | O16: 0 | P16: =M16-(N16+O16) -> 254.8 | Q16: 38.2 | R16: 79.7 | S16: =SUM(P16:R16) -> 372.7 | T16: =(I16-S16)+T15 -> 10220.5 | U16: 172 | V16: 101.6 | W16: =W15-V16 -> 8053.37 | X16: =N16+O16+S16+U16+V16 -> 646.3 | Y16: =IF(L16<0,L16*-1,0) -> 0 | Z16: =X16+Y16 -> 646.3 | AA16: 0.06 | AB16: 77 | AC16: 54 | AD16: =AD15+1 -> 7
A17: =A16+1 -> 8 | B17: 6922.29 | C17: 373575 | D17: =C17-C16 -> -838 | E17: =C17-152000 -> 221575 | F17: =D17/$D$2 -> -422.48551 | G17: 309.5 | H17: 0.8 | I17: =G17+H17 -> 310.3 | J17: =IF(L17>0,L17,0) -> 0 | K17: =I17+J17 -> 310.3 | L17: =F17-(I17-X17) -> -34.985505 | M17: 266.6 | N17: 0 | O17: 0 | P17: =M17-(N17+O17) -> 266.6 | Q17: 75.6 | R17: 79.7 | S17: =SUM(P17:R17) -> 421.9 | T17: =(I17-S17)+T16 -> 10108.9 | U17: 173.5 | V17: 102.4 | W17: =W16-V17 -> 7950.97 | X17: =N17+O17+S17+U17+V17 -> 697.8 | Y17: =IF(L17<0,L17*-1,0) -> 34.985505 | Z17: =X17+Y17 -> 732.78551 | AA17: 0.01 | AB17: 77 | AC17: 54 | AD17: =AD16+1 -> 8
A18: =A17+1 -> 9 | B18: 6922.03 | C18: 372426 | D18: =C18-C17 -> -1149 | E18: =C18-152000 -> 220426 | F18: =D18/$D$2 -> -579.27905 | G18: 307.7 | H18: 1 | I18: =G18+H18 -> 308.7 | J18: =IF(L18>0,L18,0) -> 0 | K18: =I18+J18 -> 308.7 | L18: =F18-(I18-X18) -> -106.07905 | M18: 266 | N18: 0 | O18: 0 | P18: =M18-(N18+O18) -> 266 | Q18: 182.2 | R18: 79.7 | S18: =SUM(P18:R18) -> 527.9 | T18: =(I18-S18)+T17 -> 9889.7 | U18: 152.8 | V18: 101.2 | W18: =W17-V18 -> 7849.77 | X18: =N18+O18+S18+U18+V18 -> 781.9 | Y18: =IF(L18<0,L18*-1,0) -> 106.07905 | Z18: =X18+Y18 -> 887.97905 | AA18: 0 | AB18: 80 | AC18: 52 | AD18: =AD17+1 -> 9
A19: =A18+1 -> 10 | B19: 6921.78 | C19: 371330 | D19: =C19-C18 -> -1096 | E19: =C19-152000 -> 219330 | F19: =D19/$D$2 -> -552.55861 | G19: 288.3 | H19: 1.4 | I19: =G19+H19 -> 289.7 | J19: =IF(L19>0,L19,0) -> 0 | K19: =I19+J19 -> 289.7 | L19: =F19-(I19-X19) -> -15.658609 | M19: 267.6 | N19: 0 | O19: 0 | P19: =M19-(N19+O19) -> 267.6 | Q19: 226.1 | R19: 80.2 | S19: =SUM(P19:R19) -> 573.9 | T19: =(I19-S19)+T18 -> 9605.5 | U19: 153.3 | V19: 99.4 | W19: =W18-V19 -> 7750.37 | X19: =N19+O19+S19+U19+V19 -> 826.6 | Y19: =IF(L19<0,L19*-1,0) -> 15.658609 | Z19: =X19+Y19 -> 842.25861 | AA19: 0.15 | AB19: 83 | AC19: 53 | AD19: =AD18+1 -> 10
A20: =A19+1 -> 11 | B20: 6921.58 | C20: 370455 | D20: =C20-C19 -> -875 | E20: =C20-152000 -> 218455 | F20: =D20/$D$2 -> -441.1394 | G20: 272.4 | H20: 2.5 | I20: =G20+H20 -> 274.9 | J20: =IF(L20>0,L20,0) -> 82.7606 | K20: =I20+J20 -> 357.6606 | L20: =F20-(I20-X20) -> 82.7606 | M20: 268.6 | N20: 0 | O20: 0 | P20: =M20-(N20+O20) -> 268.6 | Q20: 223.7 | R20: 81.7 | S20: =SUM(P20:R20) -> 574 | T20: =(I20-S20)+T19 -> 9306.4 | U20: 124.6 | V20: 100.2 | W20: =W19-V20 -> 7650.17 | X20: =N20+O20+S20+U20+V20 -> 798.8 | Y20: =IF(L20<0,L20*-1,0) -> 0 | Z20: =X20+Y20 -> 798.8 | AA20: 0.29 | AB20: 75 | AC20: 53 | AD20: =AD19+1 -> 11
A21: =A20+1 -> 12 | B21: 6921.47 | C21: 369974 | D21: =C21-C20 -> -481 | E21: =C21-152000 -> 217974 | F21: =D21/$D$2 -> -242.50063 | G21: 341.4 | H21: 3.8 | I21: =G21+H21 -> 345.2 | J21: =IF(L21>0,L21,0) -> 130.49937 | K21: =I21+J21 -> 475.69937 | L21: =F21-(I21-X21) -> 130.49937 | M21: 235.7 | N21: 0 | O21: 0 | P21: =M21-(N21+O21) -> 235.7 | Q21: 221.8 | R21: 80.2 | S21: =SUM(P21:R21) -> 537.7 | T21: =(I21-S21)+T20 -> 9113.9 | U21: 80.2 | V21: 100.3 | W21: =W20-V21 -> 7549.87 | X21: =N21+O21+S21+U21+V21 -> 718.2 | Y21: =IF(L21<0,L21*-1,0) -> 0 | Z21: =X21+Y21 -> 718.2 | AA21: 0.42 | AB21: 66 | AC21: 53 | AD21: =AD20+1 -> 12
A22: =A21+1 -> 13 | B22: 6921.3 | C22: 369228 | D22: =C22-C21 -> -746 | E22: =C22-152000 -> 217228 | F22: =D22/$D$2 -> -376.10285 | G22: 360.2 | H22: 3 | I22: =G22+H22 -> 363.2 | J22: =IF(L22>0,L22,0) -> 0 | K22: =I22+J22 -> 363.2 | L22: =F22-(I22-X22) -> -36.902849 | M22: 201.6 | N22: 0 | O22: 0 | P22: =M22-(N22+O22) -> 201.6 | Q22: 225.6 | R22: 81.2 | S22: =SUM(P22:R22) -> 508.4 | T22: =(I22-S22)+T21 -> 8968.7 | U22: 93.8 | V22: 100.2 | W22: =W21-V22 -> 7449.67 | X22: =N22+O22+S22+U22+V22 -> 702.4 | Y22: =IF(L22<0,L22*-1,0) -> 36.902849 | Z22: =X22+Y22 -> 739.30285 | AA22: 0.02 | AB22: 70 | AC22: 49 | AD22: =AD21+1 -> 13
... A38: =A37+1 -> 29 | B38: 6918.49 | C38: 357089 | D38: =C38-C37 -> -768 | E38: =C38-152000 -> 205089 | F38: =D38/$D$2 -> -387.19435 | G38: 255.4 | H38: 0.7 | I38: =G38+H38 -> 256.1 | J38: =IF(L38>0,L38,0) -> 0 | K38: =I38+J38 -> 256.1 | L38: =F38-(I38-X38) -> -82.294353 | M38: 192.7 | N38: 0 | O38: 0 | P38: =M38-(N38+O38) -> 192.7 | Q38: 117.1 | R38: 72.1 | S38: =SUM(P38:R38) -> 381.9 | T38: =(I38-S38)+T37 -> 5814.9 | U38: 98.8 | V38: 80.3 | W38: =W37-V38 -> 6144.07 | X38: =N38+O38+S38+U38+V38 -> 561 | Y38: =IF(L38<0,L38*-1,0) -> 82.294353 | Z38: =X38+Y38 -> 643.29435 | AA38: 0 | AB38: 86 | AC38: 54 | AD38: =AD37+1 -> 29
A39: 30 | B39: 6918.43 | C39: 356831 | D39: =C39-C38 -> -258 | E39: =C39-152000 -> 204831 | F39: =D39/$D$2 -> -130.0731 | G39: 241.2 | H39: 0.5 | I39: =G39+H39 -> 241.7 | J39: =IF(L39>0,L39,0) -> 194.0269 | K39: =I39+J39 -> 435.7269 | L39: =F39-(I39-X39) -> 194.0269 | M39: 192.2 | N39: 0 | O39: 0 | P39: =M39-(N39+O39) -> 192.2 | Q39: 117.2 | R39: 72.1 | S39: =SUM(P39:R39) -> 381.5 | T39: =(I39-S39)+T38 -> 5675.1 | U39: 104.4 | V39: 79.9 | W39: =W38-V39 -> 6064.17 | X39: =N39+O39+S39+U39+V39 -> 565.8 | Y39: =IF(L39<0,L39*-1,0) -> 0 | Z39: =X39+Y39 -> 565.8 | AA39: 0 | AB39: 85 | AC39: 52 | AD39: 30
A40: 31 | B40: 6918.17 | C40: 355720 | D40: =C40-C39 -> -1111 | E40: =C40-152000 -> 203720 | F40: =D40/$D$2 -> -560.121 | G40: 223.7 | H40: 0.5 | I40: =G40+H40 -> 224.2 | J40: =IF(L40>0,L40,0) -> 0 | K40: =I40+J40 -> 224.2 | L40: =F40-(I40-X40) -> -207.321 | M40: 203.9 | N40: 0 | O40: 0 | P40: =M40-(N40+O40) -> 203.9 | Q40: 116.8 | R40: 72.1 | S40: =SUM(P40:R40) -> 392.8 | T40: =(I40-S40)+T39 -> 5506.5 | U40: 104.4 | V40: 79.8 | W40: =W39-V40 -> 5984.37 | X40: =N40+O40+S40+U40+V40 -> 577 | Y40: =IF(L40<0,L40*-1,0) -> 207.321 | Z40: =X40+Y40 -> 784.321 | AA40: 0 | AB40: 85 | AC40: 53 | AD40: 31
O41: 0 | AA41: 0
A42: MONTH / CFS | F42: =SUM(F10:F40) -> -11928.409 | G42: =SUM(G10:G40) -> 9247.2 | H42: =SUM(H10:H40) -> 41.9 | I42: =SUM(I10:I40) -> 9289.1 | J42: =SUM(J10:J40) -> 982.18515 | K42: =SUM(K10:K40) -> 10271.285 | L42: =SUM(L10:L40) -> -445.20938 | M42: =SUM(M10:M40) -> 7211.2 | ... S42: =SUM(S10:S40) -> 14330.6 | U42: =SUM(U10:U40) -> 3668.2 | V42: =SUM(V10:V40) -> 2773.5 | X42: =SUM(X10:X40) -> 20772.3 | Y42: =SUM(Y10:Y40) -> 1427.3945 | Z42: =SUM(Z10:Z40) -> 22199.695 | AA42: =SUM(AA10:AA40) -> 3.27 | AB42: =AVERAGE(AB10:AB40) -> 79.483871 | AC42: =AVERAGE(AC10:AC40) -> 51.419355 | AD42: AVG
A43: MONTH / AF | D43: =SUM(D10:D40) -> -23660 | F43: =F42*$D$2 -> -23660 | G43: =G42*$D$2 -> 18341.821 | H43: =H42*$D$2 -> 83.10865 | I43: =I42*$D$2 -> 18424.93 | J43: =J42*$D$2 -> 1948.1643 | K43: =K42*$D$2 -> 20373.094 | L43: =L42*$D$2 -> -883.0728 | M43: =M42*$D$2 -> 14303.415 | ... S43: =S42*$D$2 -> 28424.745 | U43: =U42*$D$2 -> 7275.8747 | V43: =V42*$D$2 -> 5501.2373 | X43: =X42*$D$2 -> 41201.857 | Y43: =Y42*$D$2 -> 2831.2371 | Z43: =Z42*$D$2 -> 44033.094 | AB43: =MAX(AB10:AB40) -> 88 | AC43: =MAX(AC10:AC40) -> 57 | AD43: HI
A45: SEASON / CFS | F45: =F7+F42 -> 23784.22 | G45: =G7+G42 -> 120245 | H45: =H7+H42 -> 8843.3 | I45: =I7+I42 -> 129088.3 | J45: =J7+J42 -> 22236.293 | K45: =K7+K42 -> 151324.59 | L45: =L7+L42 -> 19381.62 | M45: =M7+M42 -> 19109.7 | ... S45: =S7+S42 -> 40431.2 | T45: =T40 -> 5506.5 | U45: =U7+U42 -> 7430.8 | V45: =V7+V42 -> 76823.7 | X45: =X7+X42 -> 124685.7 | Y45: =Y7+Y42 -> 2854.6729 | Z45: =Z7+Z42 -> 127540.37 | AB45: =MIN(AB10:AB40) -> 65 | AC45: =MIN(AC10:AC40) -> 42 | AD45: LO
A46: SEASON / AF | F46: =F45*$D$2 -> 47176 | G46: =G45*$D$2 -> 238505.96 | H46: =H45*$D$2 -> 17540.686 | I46: =I45*$D$2 -> 256046.64 | J46: =J45*$D$2 -> 44105.687 | K46: =K45*$D$2 -> 300152.33 | L46: =L45*$D$2 -> 38443.443 | M46: =M45*$D$2 -> 37904.09 | ... V46: =V45*$D$2 -> 152379.81 | X46: =X45*$D$2 -> 247314.09 | Y46: =Y45*$D$2 -> 5662.2437 | Z46: =Z45*$D$2 -> 252976.33
A48: YTD / CFS | F48: =F8+F42 -> 30686.665 | G48: =G8+G42 -> 132932.1 | H48: =H8+H42 -> 9485 | I48: =I8+I42 -> 142417.1 | J48: =J8+J42 -> 24542.56 | K48: =K8+K42 -> 166959.54 | L48: =L8+L42 -> 20426.615 | M48: =M8+M42 -> 20174.22 | ... S48: =S8+S42 -> 43082.62 | T48: =T45 -> 5506.5 | U48: =U8+U42 -> 7430.8 | V48: =V8+V42 -> 81643.63 | W48: =W40 -> 5984.37 | X48: =X8+X42 -> 132157.05 | Y48: =Y8+Y42 -> 4115.9447 | Z48: =Z8+Z42 -> 136272.99 | AA48: =AA8+AA42 -> 16.08
A49: YTD / AF | D49: =D8+D43 -> 60867 | E49: =E40 -> 203720 | F49: =F48*$D$2 -> 60867 | G49: =G48*$D$2 -> 263670.82 | H49: =H48*$D$2 -> 18813.498 | I49: =I48*$D$2 -> 282484.32 | J49: =J48*$D$2 -> 48680.167 | K49: =K48*$D$2 -> 331164.24 | L49: =L48*$D$2 -> 40516.191 | M49: =M48*$D$2 -> 40015.565 | ... V49: =V48*$D$2 -> 161940.14 | W49: =W40*$D$2 -> 11869.998 | X49: =X48*$D$2 -> 262133.51 | Y49: =Y48*$D$2 -> 8163.9763 | Z49: =Z48*$D$2 -> 270297.48

Sheet AUG
K1: MC PHEE RESERVOIR IN/OUT FLOW TABULATION
A2: AF/cfs CONVERT FACTOR | D2: 1.9835 | K2: AUGUST "1992"
A4: DATE | B4: RESERV | C4: RESERV | D4: AC FT | E4: ACTIVE | F4: CONV TO | G4: DOLORES | H4: LOST | I4: RECORDED | J4: CALC | K4: TOTAL | L4: CALC | M4: TUNNEL | Q4: LONE | R4: U | S4: TOTAL | T4: MVI | U4: DV CR | V4: BELOW | W4: REMAIN | X4: RECORDED | Y4: CALC | Z4: TOTAL | AA4: RAIN | AB4: MAX | AC4: MIN | AD4: DATE
A5: "AUG" | B5: ELEV | C5: AC FT | D5: CHANGE | E5: CAP | F5: CFS | G5: RIVER | H5: CANYON | I5: INFLOW | J5: INFLOW | K5: INFLOW | L5: INF/OTF | M5: TOT DIV | N5: WETLAND | O5: UTE F&R | P5: MVI,CTZ | Q5: PINE | R5: LAT | S5: MVI | T5: CALL | U5: CANAL | V5: MC PHEE | W5: RELEASE | X5: OUTFLOW | Y5: OUTFLOW | Z5: OUTFLOW | AB5: TMP | AC5: TMP | AD5: "AUG"
A7: SEASON BAL | F7: =JUL!F45 -> 23784.22 | G7: =JUL!G45 -> 120245 | H7: =JUL!H45 -> 8843.3 | I7: =JUL!I45 -> 129088.3 | J7: =JUL!J45 -> 22236.293 | K7: =JUL!K45 -> 151324.59 | L7: =JUL!L45 -> 19381.62 | M7: =JUL!M45 -> 19109.7 | ... V7: =JUL!V45 -> 76823.7 | X7: =JUL!X45 -> 124685.7 | Y7: =JUL!Y45 -> 2854.6729 | Z7: =JUL!Z45 -> 127540.37
A8: YTD | B8: =JUL!B40 -> 6918.17 | C8: =JUL!C40 -> 355720 | D8: =JUL!D49 -> 60867 | E8: =JUL!E49 -> 203720 | F8: =JUL!F48 -> 30686.665 | G8: =JUL!G48 -> 132932.1 | H8: =JUL!H48 -> 9485 | I8: =JUL!I48 -> 142417.1 | J8: =JUL!J48 -> 24542.56 | K8: =JUL!K48 -> 166959.54 | L8: =JUL!L48 -> 20426.615 | M8: =JUL!M48 -> 20174.22 | ... AA8: =JUL!AA48 -> 16.08
A10: 1 | B10: 6917.96 | C10: 354824 | D10: =C10-C8 -> -896 | E10: =C10-152000 -> 202824 | F10: =D10/$D$2 -> -451.72675 | G10: 211.1 | H10: 0.5 | I10: =G10+H10 -> 211.6 | J10: =IF(L10>0,L10,0) -> 0 | K10: =I10+J10 -> 211.6 | L10: =F10-(I10-X10) -> -92.126746 | M10: 207.2 | N10: 0 | O10: 0 | P10: =M10-(N10+O10) -> 207.2 | Q10: 116.8 | R10: 77.7 | S10: =SUM(P10:R10) -> 401.7 | T10: =(I10-S10)+T7 -> 5316.4 | U10: 89.8 | V10: 79.7 | W10: =W8-V10 -> 5904.67 | X10: =N10+O10+S10+U10+V10 -> 571.2 | Y10: =IF(L10<0,L10*-1,0) -> 92.126746 | Z10: =X10+Y10 -> 663.32675 | AA10: 0 | AB10: 85 | AC10: 53 | AD10: 1
A11: =A10+1 -> 2 | B11: 6917.79 | C11: 354104 | D11: =C11-C10 -> -720 | E11: =C11-152000 -> 202104 | F11: =D11/$D$2 -> -362.99471 | G11: 196.8 | H11: 0.6 | I11: =G11+H11 -> 197.4 | J11: =IF(L11>0,L11,0) -> 18.905294 | K11: =I11+J11 -> 216.30529 | L11: =F11-(I11-X11) -> 18.905294 | M11: 208.8 | N11: 0 | O11: 0 | P11: =M11-(N11+O11) -> 208.8 | Q11: 116.9 | R11: 74.1 | S11: =SUM(P11:R11) -> 399.8 | T11: =(I11-S11)+T10 -> 5114 | U11: 99.8 | V11: 79.7 | W11: =W10-V11 -> 5824.97 | X11: =N11+O11+S11+U11+V11 -> 579.3 | Y11: =IF(L11<0,L11*-1,0) -> 0 | Z11: =X11+Y11 -> 579.3 | AA11: 0 | AB11: 84 | AC11: 54 | AD11: =AD10+1 -> 2
A12: =A11+1 -> 3 | B12: 6917.61 | C12: 353340 | D12: =C12-C11 -> -764 | E12: =C12-152000 -> 201340 | F12: =D12/$D$2 -> -385.17772 | G12: 188.4 | H12: 0.6 | I12: =G12+H12 -> 189 | J12: =IF(L12>0,L12,0) -> 13.422284 | K12: =I12+J12 -> 202.42228 | L12: =F12-(I12-X12) -> 13.422284 | M12: 209.4 | N12: 0 | O12: 0 | P12: =M12-(N12+O12) -> 209.4 | Q12: 117.1 | R12: 72.6 | S12: =SUM(P12:R12) -> 399.1 | T12: =(I12-S12)+T11 -> 4903.9 | U12: 108.9 | V12: 79.6 | W12: =W11-V12 -> 5745.37 | X12: =N12+O12+S12+U12+V12 -> 587.6 | Y12: =IF(L12<0,L12*-1,0) -> 0 | Z12: =X12+Y12 -> 587.6 | AA12: 0 | AB12: 88 | AC12: 53 | AD12: =AD11+1 -> 3
A13: =A12+1 -> 4 | B13: 6917.37 | C13: 352323 | D13: =C13-C12 -> -1017 | E13: =C13-152000 -> 200323 | F13: =D13/$D$2 -> -512.73002 | G13: 184.5 | H13: 0.3 | I13: =G13+H13 -> 184.8 | J13: =IF(L13>0,L13,0) -> 0 | K13: =I13+J13 -> 184.8 | L13: =F13-(I13-X13) -> -102.03002 | M13: 213.9 | N13: 0 | O13: 0 | P13: =M13-(N13+O13) -> 213.9 | Q13: 117.1 | R13: 76.1 | S13: =SUM(P13:R13) -> 407.1 | T13: =(I13-S13)+T12 -> 4681.6 | U13: 108.9 | V13: 79.5 | W13: =W12-V13 -> 5665.87 | X13: =N13+O13+S13+U13+V13 -> 595.5 | Y13: =IF(L13<0,L13*-1,0) -> 102.03002 | Z13: =X13+Y13 -> 697.53002 | AA13: 0.51 | AB13: 87 | AC13: 55 | AD13: =AD12+1 -> 4
A14: =A13+1 -> 5 | B14: 6917.21 | C14: 351644 | D14: =C14-C13 -> -679 | E14: =C14-152000 -> 199644 | F14: =D14/$D$2 -> -342.32417 | G14: 188.5 | H14: 0.3 | I14: =G14+H14 -> 188.8 | J14: =IF(L14>0,L14,0) -> 81.055826 | K14: =I14+J14 -> 269.85583 | L14: =F14-(I14-X14) -> 81.055826 | M14: 218.78 | N14: 0 | O14: 0 | P14: =M14-(N14+O14) -> 218.78 | Q14: 116.2 | R14: 77.7 | S14: =SUM(P14:R14) -> 412.68 | T14: =(I14-S14)+T13 -> 4457.72 | U14: 120 | V14: 79.5 | W14: =W13-V14 -> 5586.37 | X14: =N14+O14+S14+U14+V14 -> 612.18 | Y14: =IF(L14<0,L14*-1,0) -> 0 | Z14: =X14+Y14 -> 612.18 | AA14: 0.03 | AB14: 81 | AC14: 66 | AD14: =AD13+1 -> 5
A15: =A14+1 -> 6 | B15: 6917.01 | C15: 350795 | D15: =C15-C14 -> -849 | E15: =C15-152000 -> 198795 | F15: =D15/$D$2 -> -428.03126 | G15: 186.8 | H15: 0.5 | I15: =G15+H15 -> 187.3 | J15: =IF(L15>0,L15,0) -> 0 | K15: =I15+J15 -> 187.3 | L15: =F15-(I15-X15) -> -11.431258 | M15: 220.5 | N15: 0 | O15: 0 | P15: =M15-(N15+O15) -> 220.5 | Q15: 115.8 | R15: 73.1 | S15: =SUM(P15:R15) -> 409.4 | T15: =(I15-S15)+T14 -> 4235.62 | U15: 115 | V15: 79.5 | W15: =W14-V15 -> 5506.87 | X15: =N15+O15+S15+U15+V15 -> 603.9 | Y15: =IF(L15<0,L15*-1,0) -> 11.431258 | Z15: =X15+Y15 -> 615.33126 | AA15: 0.1 | AB15: 73 | AC15: 56 | AD15: =AD14+1 -> 6
A16: =A15+1 -> 7 | B16: 6916.82 | C16: 349996 | D16: =C16-C15 -> -799 | E16: =C16-152000 -> 197996 | F16: =D16/$D$2 -> -402.82329 | G16: 226.4 | H16: 0.5 | I16: =G16+H16 -> 226.9 | J16: =IF(L16>0,L16,0) -> 0 | K16: =I16+J16 -> 226.9 | L16: =F16-(I16-X16) -> -22.823292 | M16: 215.7 | N16: 0 | O16: 0 | P16: =M16-(N16+O16) -> 215.7 | Q16: 114.9 | R16: 69.1 | S16: =SUM(P16:R16) -> 399.7 | T16: =(I16-S16)+T15 -> 4062.82 | U16: 127.6 | V16: 79.6 | W16: =W15-V16 -> 5427.27 | X16: =N16+O16+S16+U16+V16 -> 606.9 | Y16: =IF(L16<0,L16*-1,0) -> 22.823292 | Z16: =X16+Y16 -> 629.72329 | AA16: 0 | AB16: 80 | AC16: 52 | AD16: =AD15+1 -> 7
A17: =A16+1 -> 8 | B17: 6916.62 | C17: 349156 | D17: =C17-C16 -> -840 | E17: =C17-152000 -> 197156 | F17: =D17/$D$2 -> -423.49382 | G17: 249.3 | H17: 0.4 | I17: =G17+H17 -> 249.7 | J17: =IF(L17>0,L17,0) -> 0 | K17: =I17+J17 -> 249.7 | L17: =F17-(I17-X17) -> -77.593824 | M17: 214.1 | N17: 0 | O17: 0 | P17: =M17-(N17+O17) -> 214.1 | Q17: 114.9 | R17: 69.1 | S17: =SUM(P17:R17) -> 398.1 | T17: =(I17-S17)+T16 -> 3914.42 | U17: 118 | V17: 79.5 | W17: =W16-V17 -> 5347.77 | X17: =N17+O17+S17+U17+V17 -> 595.6 | Y17: =IF(L17<0,L17*-1,0) -> 77.593824 | Z17: =X17+Y17 -> 673.19382 | AA17: 0 | AB17: 80 | AC17: 54 | AD17: =AD16+1 -> 8
A18: =A17+1 -> 9 | B18: 6916.47 | C18: 348525 | D18: =C18-C17 -> -631 | E18: =C18-152000 -> 196525 | F18: =D18/$D$2 -> -318.12453 | G18: 211.7 | H18: 0.4 | I18: =G18+H18 -> 212.1 | J18: =IF(L18>0,L18,0) -> 58.675473 | K18: =I18+J18 -> 270.77547 | L18: =F18-(I18-X18) -> 58.675473 | M18: 196.3 | N18: 0 | O18: 0 | P18: =M18-(N18+O18) -> 196.3 | Q18: 114.9 | R18: 73.1 | S18: =SUM(P18:R18) -> 384.3 | T18: =(I18-S18)+T17 -> 3742.22 | U18: 125.1 | V18: 79.5 | W18: =W17-V18 -> 5268.27 | X18: =N18+O18+S18+U18+V18 -> 588.9 | Y18: =IF(L18<0,L18*-1,0) -> 0 | Z18: =X18+Y18 -> 588.9 | AA18: 0 | AB18: 86 | AC18: 56 | AD18: =AD17+1 -> 9
A19: =A18+1 -> 10 | B19: 6916.27 | C19: 347683 | D19: =C19-C18 -> -842 | E19: =C19-152000 -> 195683 | F19: =D19/$D$2 -> -424.50214 | G19: 197.5 | H19: 0.3 | I19: =G19+H19 -> 197.8 | J19: =IF(L19>0,L19,0) -> 0 | K19: =I19+J19 -> 197.8 | L19: =F19-(I19-X19) -> -38.702143 | M19: 191.2 | N19: 0 | O19: 0 | P19: =M19-(N19+O19) -> 191.2 | Q19: 117.2 | R19: 69.6 | S19: =SUM(P19:R19) -> 378 | T19: =(I19-S19)+T18 -> 3562.02 | U19: 126.1 | V19: 79.5 | W19: =W18-V19 -> 5188.77 | X19: =N19+O19+S19+U19+V19 -> 583.6 | Y19: =IF(L19<0,L19*-1,0) -> 38.702143 | Z19: =X19+Y19 -> 622.30214 | AA19: 0 | AB19: 87 | AC19: 60 | AD19: =AD18+1 -> 10
A20: 11 | B20: 6916.08 | C20: 346884 | D20: =C20-C19 -> -799 | E20: =C20-152000 -> 194884 | F20: =D20/$D$2 -> -402.82329 | G20: 194.6 | H20: 0.3 | I20: =G20+H20 -> 194.9 | J20: =IF(L20>0,L20,0) -> 0 | K20: =I20+J20 -> 194.9 | L20: =F20-(I20-X20) -> -21.923292 | M20: 191.5 | N20: 0 | O20: 0 | P20: =M20-(N20+O20) -> 191.5 | Q20: 116.3 | R20: 71.6 | S20: =SUM(P20:R20) -> 379.4 | T20: =(I20-S20)+T19 -> 3377.52 | U20: 117 | V20: 79.4 | W20: =W19-V20 -> 5109.37 | X20: =N20+O20+S20+U20+V20 -> 575.8 | Y20: =IF(L20<0,L20*-1,0) -> 21.923292 | Z20: =X20+Y20 -> 597.72329 | AA20: 0.05 | AB20: 80 | AC20: 61 | AD20: 11
A21: 12 | B21: 6915.89 | C21: 346088 | D21: =C21-C20 -> -796 | E21: =C21-152000 -> 194088 | F21: =D21/$D$2 -> -401.31081 | G21: 213.4 | H21: 0.3 | I21: =G21+H21 -> 213.7 | J21: =IF(L21>0,L21,0) -> 0 | K21: =I21+J21 -> 213.7 | L21: =F21-(I21-X21) -> -39.910814 | M21: 202.9 | N21: 0 | O21: 0 | P21: =M21-(N21+O21) -> 202.9 | Q21: 116.1 | R21: 71.1 | S21: =SUM(P21:R21) -> 390.1 | T21: =(I21-S21)+T20 -> 3201.12 | U21: 105.9 | V21: 79.1 | W21: =W20-V21 -> 5030.27 | X21: =N21+O21+S21+U21+V21 -> 575.1 | Y21: =IF(L21<0,L21*-1,0) -> 39.910814 | Z21: =X21+Y21 -> 615.01081 | AA21: 0.45 | AB21: 81 | AC21: 52 | AD21: 12
A22: 13 | B22: 6915.69 | C22: 345253 | D22: =C22-C21 -> -835 | E22: =C22-152000 -> 193253 | F22: =D22/$D$2 -> -420.97303 | G22: 211.3 | H22: 0.4 | I22: =G22+H22 -> 211.7 | J22: =IF(L22>0,L22,0) -> 0 | K22: =I22+J22 -> 211.7 | L22: =F22-(I22-X22) -> -52.273027 | M22: 208.2 | N22: 0 | O22: 0 | P22: =M22-(N22+O22) -> 208.2 | Q22: 115.7 | R22: 70.6 | S22: =SUM(P22:R22) -> 394.5 | T22: =(I22-S22)+T21 -> 3018.32 | U22: 111.4 | V22: 74.5 | W22: =W21-V22 -> 4955.77 | X22: =N22+O22+S22+U22+V22 -> 580.4 | Y22: =IF(L22<0,L22*-1,0) -> 52.273027 | Z22: =X22+Y22 -> 632.67303 | AA22: 0.04 | AB22: 82 | AC22: 54 | AD22: 13
A23: 14 | B23: 6915.53 | C23: 344584 | D23: =C23-C22 -> -669 | E23: =C23-152000 -> 192584 | F23: =D23/$D$2 -> -337.28258 | G23: 205.1 | H23: 0.3 | I23: =G23+H23 -> 205.4 | J23: =IF(L23>0,L23,0) -> 36.817419 | K23: =I23+J23 -> 242.21742 | L23: =F23-(I23-X23) -> 36.817419 | M23: 209.7 | N23: 0 | O23: 0 | P23: =M23-(N23+O23) -> 209.7 | Q23: 115.7 | R23: 67.6 | S23: =SUM(P23:R23) -> 393 | T23: =(I23-S23)+T22 -> 2830.72 | U23: 117 | V23: 69.5 | W23: =W22-V23 -> 4886.27 | X23: =N23+O23+S23+U23+V23 -> 579.5 | Y23: =IF(L23<0,L23*-1,0) -> 0 | Z23: =X23+Y23 -> 579.5 | AA23: 0.06 | AB23: 85 | AC23: 54 | AD23: 14
A24: 15 | B24: 6915.29 | C24: 343583 | D24: =C24-C23 -> -1001 | E24: =C24-152000 -> 191583 | F24: =D24/$D$2 -> -504.66347 | G24: 198.1 | H24: 0.3 | I24: =G24+H24 -> 198.4 | J24: =IF(L24>0,L24,0) -> 0 | K24: =I24+J24 -> 198.4 | L24: =F24-(I24-X24) -> -114.96347 | M24: 210 | N24: 0 | O24: 0 | P24: =M24-(N24+O24) -> 210 | Q24: 114.9 | R24: 67.1 | S24: =SUM(P24:R24) -> 392 | T24: =(I24-S24)+T23 -> 2637.12 | U24: 126.6 | V24: 69.5 | W24: =W23-V24 -> 4816.77 | X24: =N24+O24+S24+U24+V24 -> 588.1 | Y24: =IF(L24<0,L24*-1,0) -> 114.96347 | Z24: =X24+Y24 -> 703.06347 | AA24: 0.01 | AB24: 86 | AC24: 54 | AD24: 15
A25: 16 | B25: 6915.13 | C25: 342914 | D25: =C25-C24 -> -669 | E25: =C25-152000 -> 190914 | F25: =D25/$D$2 -> -337.28258 | G25: 183.8 | H25: 0.3 | I25: =G25+H25 -> 184.1 | J25: =IF(L25>0,L25,0) -> 67.617419 | K25: =I25+J25 -> 251.71742 | L25: =F25-(I25-X25) -> 67.617419 | M25: 209.9 | N25: 0 | O25: 0 | P25: =M25-(N25+O25) -> 209.9 | Q25: 114 | R25: 65.6 | S25: =SUM(P25:R25) -> 389.5 | T25: =(I25-S25)+T24 -> 2431.72 | U25: 130.1 | V25: 69.4 | W25: =W24-V25 -> 4747.37 | X25: =N25+O25+S25+U25+V25 -> 589 | Y25: =IF(L25<0,L25*-1,0) -> 0 | Z25: =X25+Y25 -> 589 | AA25: 0.01 | AB25: 82 | AC25: 56 | AD25: 16
A26: 17 | B26: 6914.89 | C26: 341917 | D26: =C26-C25 -> -997 | E26: =C26-152000 -> 189917 | F26: =D26/$D$2 -> -502.64684 | G26: 178.2 | H26: 0.1 | I26: =G26+H26 -> 178.3 | J26: =IF(L26>0,L26,0) -> 0 | K26: =I26+J26 -> 178.3 | L26: =F26-(I26-X26) -> -89.246836 | M26: 209.5 | N26: 0 | O26: 0 | P26: =M26-(N26+O26) -> 209.5 | Q26: 115.7 | R26: 66.6 | S26: =SUM(P26:R26) -> 391.8 | T26: =(I26-S26)+T25 -> 2218.22 | U26: 130.6 | V26: 69.3 | W26: =W25-V26 -> 4678.07 | X26: =N26+O26+S26+U26+V26 -> 591.7 | Y26: =IF(L26<0,L26*-1,0) -> 89.246836 | Z26: =X26+Y26 -> 680.94684 | AA26: 0.05 | AB26: 84 | AC26: 59 | AD26: 17
A27: 18 | B27: 6914.69 | C27: 341088 | D27: =C27-C26 -> -829 | E27: =C27-152000 -> 189088 | F27: =D27/$D$2 -> -417.94807 | G27: 170.5 | H27: 0.1 | I27: =G27+H27 -> 170.6 | J27: =IF(L27>0,L27,0) -> 13.551928 | K27: =I27+J27 -> 184.15193 | L27: =F27-(I27-X27) -> 13.551928 | M27: 211.6 | N27: 0 | O27: 0 | P27: =M27-(N27+O27) -> 211.6 | Q27: 115.1 | R27: 72.1 | S27: =SUM(P27:R27) -> 398.8 | T27: =(I27-S27)+T26 -> 1990.02 | U27: 134.1 | V27: 69.2 | W27: =W26-V27 -> 4608.87 | X27: =N27+O27+S27+U27+V27 -> 602.1 | Y27: =IF(L27<0,L27*-1,0) -> 0 | Z27: =X27+Y27 -> 602.1 | AA27: 0 | AB27: 84 | AC27: 52 | AD27: 18
A28: 19 | B28: 6914.44 | C28: 340053 | D28: =C28-C27 -> -1035 | E28: =C28-152000 -> 188053 | F28: =D28/$D$2 -> -521.80489 | G28: 162.2 | H28: 0.1 | I28: =G28+H28 -> 162.3 | J28: =IF(L28>0,L28,0) -> 0 | K28: =I28+J28 -> 162.3 | L28: =F28-(I28-X28) -> -62.70489 | M28: 216.7 | N28: 0 | O28: 0 | P28: =M28-(N28+O28) -> 216.7 | Q28: 114.1 | R28: 72.1 | S28: =SUM(P28:R28) -> 402.9 | T28: =(I28-S28)+T27 -> 1749.42 | U28: 149.3 | V28: 69.2 | W28: =W27-V28 -> 4539.67 | X28: =N28+O28+S28+U28+V28 -> 621.4 | Y28: =IF(L28<0,L28*-1,0) -> 62.70489 | Z28: =X28+Y28 -> 684.10489 | AA28: 0 | AB28: 86 | AC28: 54 | AD28: 19
A29: 20 | B29: 6914.19 | C29: 339018 | D29: =C29-C28 -> -1035 | E29: =C29-152000 -> 187018 | F29: =D29/$D$2 -> -521.80489 | G29: 153.4 | H29: 0 | I29: =G29+H29 -> 153.4 | J29: =IF(L29>0,L29,0) -> 0 | K29: =I29+J29 -> 153.4 | L29: =F29-(I29-X29) -> -52.10489 | M29: 216.1 | N29: 0 | O29: 0 | P29: =M29-(N29+O29) -> 216.1 | Q29: 114.3 | R29: 72.1 | S29: =SUM(P29:R29) -> 402.5 | T29: =(I29-S29)+T28 -> 1500.32 | U29: 151.8 | V29: 68.8 | W29: =W28-V29 -> 4470.87 | X29: =N29+O29+S29+U29+V29 -> 623.1 | Y29: =IF(L29<0,L29*-1,0) -> 52.10489 | Z29: =X29+Y29 -> 675.20489 | AA29: 0 | AB29: 84 | AC29: 54 | AD29: 20
A30: 21 | B30: 6913.96 | C30: 338066 | D30: =C30-C29 -> -952 | E30: =C30-152000 -> 186066 | F30: =D30/$D$2 -> -479.95967 | G30: 150.2 | H30: 0 | I30: =G30+H30 -> 150.2 | J30: =IF(L30>0,L30,0) -> 0 | K30: =I30+J30 -> 150.2 | L30: =F30-(I30-X30) -> -11.759667 | M30: 208.7 | N30: 0 | O30: 0 | P30: =M30-(N30+O30) -> 208.7 | Q30: 115.4 | R30: 71.1 | S30: =SUM(P30:R30) -> 395.2 | T30: =(I30-S30)+T29 -> 1255.32 | U30: 154.8 | V30: 68.4 | W30: =W29-V30 -> 4402.47 | X30: =N30+O30+S30+U30+V30 -> 618.4 | Y30: =IF(L30<0,L30*-1,0) -> 11.759667 | Z30: =X30+Y30 -> 630.15967 | AA30: 0.1 | AB30: 82 | AC30: 56 | AD30: 21
A31: 22 | B31: 6913.8 | C31: 337408 | D31: =C31-C30 -> -658 | E31: =C31-152000 -> 185408 | F31: =D31/$D$2 -> -331.73683 | G31: 156.9 | H31: 0 | I31: =G31+H31 -> 156.9 | J31: =IF(L31>0,L31,0) -> 96.763171 | K31: =I31+J31 -> 253.66317 | L31: =F31-(I31-X31) -> 96.763171 | M31: 204.3 | N31: 0 | O31: 0 | P31: =M31-(N31+O31) -> 204.3 | Q31: 115.4 | R31: 69.6 | S31: =SUM(P31:R31) -> 389.3 | T31: =(I31-S31)+T30 -> 1022.92 | U31: 127.6 | V31: 68.5 | W31: =W30-V31 -> 4333.97 | X31: =N31+O31+S31+U31+V31 -> 585.4 | Y31: =IF(L31<0,L31*-1,0) -> 0 | Z31: =X31+Y31 -> 585.4 | AA31: 0.54 | AB31: 66 | AC31: 58 | AD31: 22
... A40: 31 | B40: 6912.5 | C40: 332083 | D40: =C40-C39 -> -816 | E40: =C40-152000 -> 180083 | F40: =D40/$D$2 -> -411.394 | G40: 169.6 | H40: 0 | I40: =G40+H40 -> 169.6 | J40: =IF(L40>0,L40,0) -> 0 | K40: =I40+J40 -> 169.6 | L40: =F40-(I40-X40) -> -65.894001 | M40: 175 | N40: 0 | O40: 0 | P40: =M40-(N40+O40) -> 175 | Q40: 116.4 | R40: 55.5 | S40: =SUM(P40:R40) -> 346.9 | T40: =(I40-S40)+T39 -> -79.18 | U40: 100.9 | V40: 67.3 | W40: =W39-V40 -> 3729.57 | X40: =N40+O40+S40+U40+V40 -> 515.1 | Y40: =IF(L40<0,L40*-1,0) -> 65.894001 | Z40: =X40+Y40 -> 580.994 | AA40: 0.02 | AB40: 71 | AC40: 49 | AD40: 31
A42: MONTH / CFS | F42: =SUM(F10:F40) -> -11916.814 | G42: =SUM(G10:G40) -> 6318.8 | H42: =SUM(H10:H40) -> 6.6 | I42: =SUM(I10:I40) -> 6325.4 | J42: =SUM(J10:J40) -> 554.30957 | K42: =SUM(K10:K40) -> 6879.7096 | L42: =SUM(L10:L40) -> -471.03371 | M42: =SUM(M10:M40) -> 6213.58 | ... S42: =SUM(S10:S40) -> 11911.08 | U42: =SUM(U10:U40) -> 3605.3 | V42: =SUM(V10:V40) -> 2254.8 | X42: =SUM(X10:X40) -> 17771.18 | Y42: =SUM(Y10:Y40) -> 1025.3433 | Z42: =SUM(Z10:Z40) -> 18796.523 | AA42: =SUM(AA10:AA40) -> 2.69 | AB42: =AVERAGE(AB10:AB40) -> 78.612903 | AC42: =AVERAGE(AC10:AC40) -> 52.322581 | AD42: AVG
A43: MONTH / AF | D43: =SUM(D10:D40) -> -23637 | F43: =F42*$D$2 -> -23637 | G43: =G42*$D$2 -> 12533.34 | H43: =H42*$D$2 -> 13.0911 | I43: =I42*$D$2 -> 12546.431 | J43: =J42*$D$2 -> 1099.473 | K43: =K42*$D$2 -> 13645.904 | L43: =L42*$D$2 -> -934.29537 | M43: =M42*$D$2 -> 12324.636 | ... S43: =S42*$D$2 -> 23625.627 | U43: =U42*$D$2 -> 7151.1125 | V43: =V42*$D$2 -> 4472.3958 | X43: =X42*$D$2 -> 35249.136 | Y43: =Y42*$D$2 -> 2033.7684 | Z43: =Z42*$D$2 -> 37282.904 | AB43: =MAX(AB10:AB40) -> 88 | AC43: =MAX(AC10:AC40) -> 66 | AD43: HI
A45: SEASON / CFS | F45: =F7+F42 -> 11867.406 | G45: =G7+G42 -> 126563.8 | H45: =H7+H42 -> 8849.9 | I45: =I7+I42 -> 135413.7 | J45: =J7+J42 -> 22790.602 | K45: =K7+K42 -> 158204.3 | L45: =L7+L42 -> 18910.586 | M45: =M7+M42 -> 25323.28 | ... S45: =S7+S42 -> 52342.28 | T45: =T40 -> -79.18 | U45: =U7+U42 -> 11036.1 | V45: =V7+V42 -> 79078.5 | X45: =X7+X42 -> 142456.88 | Y45: =Y7+Y42 -> 3880.0162 | Z45: =Z7+Z42 -> 146336.9 | AB45: =MIN(AB10:AB40) -> 54 | AC45: =MIN(AC10:AC40) -> 37 | AD45: LO
A46: SEASON / AF | F46: =F45*$D$2 -> 23539 | G46: =G45*$D$2 -> 251039.3 | H46: =H45*$D$2 -> 17553.777 | I46: =I45*$D$2 -> 268593.07 | J46: =J45*$D$2 -> 45205.16 | K46: =K45*$D$2 -> 313798.23 | L46: =L45*$D$2 -> 37509.148 | M46: =M45*$D$2 -> 50228.726 | ... V46: =V45*$D$2 -> 156852.2 | X46: =X45*$D$2 -> 282563.22 | Y46: =Y45*$D$2 -> 7696.0121 | Z46: =Z45*$D$2 -> 290259.23
A48: YTD / CFS | F48: =F8+F42 -> 18769.851 | G48: =G8+G42 -> 139250.9 | H48: =H8+H42 -> 9491.6 | I48: =I8+I42 -> 148742.5 | J48: =J8+J42 -> 25096.869 | K48: =K8+K42 -> 173839.24 | L48: =L8+L42 -> 19955.581 | M48: =M8+M42 -> 26387.8 | ... S48: =S8+S42 -> 54993.7 | T48: =T45 -> -79.18 | U48: =U8+U42 -> 11036.1 | V48: =V8+V42 -> 83898.43 | W48: =W40 -> 3729.57 | X48: =X8+X42 -> 149928.23 | Y48: =Y8+Y42 -> 5141.288 | Z48: =Z8+Z42 -> 155069.52 | AA48: =AA8+AA42 -> 18.77
A49: YTD / AF | D49: =D8+D43 -> 37230 | E49: =E40 -> 180083 | F49: =F48*$D$2 -> 37230 | G49: =G48*$D$2 -> 276204.16 | H49: =H48*$D$2 -> 18826.589 | I49: =I48*$D$2 -> 295030.75 | J49: =J48*$D$2 -> 49779.64 | K49: =K48*$D$2 -> 344810.14 | L49: =L48*$D$2 -> 39581.895 | M49: =M48*$D$2 -> 52340.201 | ... Z49: =Z48*$D$2 -> 307580.39

Sheet SEP
K1: MC PHEE RESERVOIR IN/OUT FLOW TABULATION
A2: AF/cfs CONVERT FACTOR | D2: 1.9835 | K2: SEPTEMBER "1992"
A4: DATE | B4: RESERV | C4: RESERV | D4: AC FT | E4: ACTIVE | F4: CONV TO | G4: DOLORES | H4: LOST | I4: RECORDED | J4: CALC | K4: TOTAL | L4: CALC | M4: TUNNEL | Q4: LONE | R4: U | S4: TOTAL | T4: MVI | U4: DV CR | V4: BELOW | W4: REMAIN | X4: RECORDED | Y4: CALC | Z4: TOTAL | AA4: RAIN | AB4: MAX | AC4: MIN | AD4: DATE
A5: "SEP" | B5: ELEV | C5: AC FT | D5: CHANGE | E5: CAP | F5: CFS | G5: RIVER | H5: CANYON | I5: INFLOW | J5: INFLOW | K5: INFLOW | L5: INF/OTF | M5: TOT DIV | N5: WETLAND | O5: UTE F&R | P5: MVI,CTZ | Q5: PINE | R5: LAT | S5: MVI | T5: CALL | U5: CANAL | V5: MC PHEE | W5: RELEASE | X5: OUTFLOW | Y5: OUTFLOW | Z5: OUTFLOW | AB5: TMP | AC5: TMP | AD5: "SEP"
A7: SEASON BAL | F7: =AUG!F45 -> 11867.406 | G7: =AUG!G45 -> 126563.8 | H7: =AUG!H45 -> 8849.9 | I7: =AUG!I45 -> 135413.7 | J7: =AUG!J45 -> 22790.602 | K7: =AUG!K45 -> 158204.3 | L7: =AUG!L45 -> 18910.586 | M7: =AUG!M45 -> 25323.28 | ... V7: =AUG!V45 -> 79078.5 | X7: =AUG!X45 -> 142456.88 | Y7: =AUG!Y45 -> 3880.0162 | Z7: =AUG!Z45 -> 146336.9
A8: YTD | B8: =AUG!B40 -> 6912.5 | C8: =AUG!C40 -> 332083 | D8: =AUG!D49 -> 37230 | E8: =AUG!E49 -> 180083 | F8: =AUG!F48 -> 18769.851 | G8: =AUG!G48 -> 139250.9 | H8: =AUG!H48 -> 9491.6 | I8: =AUG!I48 -> 148742.5 | J8: =AUG!J48 -> 25096.869 | K8: =AUG!K48 -> 173839.24 | L8: =AUG!L48 -> 19955.581 | M8: =AUG!M48 -> 26387.8 | ... AA8: =AUG!AA48 -> 18.77
AB9: 0
A10: 1 | B10: 6912.35 | C10: 331471 | D10: =C10-C8 -> -612 | E10: =C10-151978 -> 179493 | F10: =D10/$D$2 -> -308.5455 | G10: 173 | H10: 0 | I10: =G10+H10 -> 173 | J10: =IF(L10>0,L10,0) -> 22.5545 | K10: =I10+J10 -> 195.5545 | L10: =F10-(I10-X10) -> 22.5545 | M10: 166.1 | N10: 0 | O10: 0 | P10: =M10-(N10+O10) -> 166.1 | Q10: 115.9 | R10: 55.5 | S10: =SUM(P10:R10) -> 337.5 | T10: =(I10-S10)+T7 -> -243.68 | U10: 99.3 | V10: 67.3 | W10: =W8-V10 -> 3662.27 | X10: =N10+O10+S10+U10+V10 -> 504.1 | Y10: =IF(L10<0,L10*-1,0) -> 0 | Z10: =X10+Y10 -> 504.1 | AA10: 0 | AB10: 69 | AC10: 41 | AD10: 1
A11: 2 | B11: 6912.15 | C11: 330655 | D11: =C11-C10 -> -816 | E11: =C11-151978 -> 178677 | F11: =D11/$D$2 -> -411.394 | G11: 168.7 | H11: 0 | I11: =G11+H11 -> 168.7 | J11: =IF(L11>0,L11,0) -> 0 | K11: =I11+J11 -> 168.7 | L11: =F11-(I11-X11) -> -74.594001 | M11: 163.4 | N11: 0 | O11: 0 | P11: =M11-(N11+O11) -> 163.4 | Q11: 116.4 | R11: 55.5 | S11: =SUM(P11:R11) -> 335.3 | T11: =(I11-S11)+T10 -> -410.28 | U11: 102.9 | V11: 67.3 | W11: =W10-V11 -> 3594.97 | X11: =N11+O11+S11+U11+V11 -> 505.5 | Y11: =IF(L11<0,L11*-1,0) -> 74.594001 | Z11: =X11+Y11 -> 580.094 | AA11: 0 | AB11: 74 | AC11: 42 | AD11: 2
A12: 3 | B12: 6911.96 | C12: 329882 | D12: =C12-C11 -> -773 | E12: =C12-151978 -> 177904 | F12: =D12/$D$2 -> -389.71515 | G12: 155.6 | H12: 0 | I12: =G12+H12 -> 155.6 | J12: =IF(L12>0,L12,0) -> 0 | K12: =I12+J12 -> 155.6 | L12: =F12-(I12-X12) -> -45.21515 | M12: 161.4 | N12: 0 | O12: 0 | P12: =M12-(N12+O12) -> 161.4 | Q12: 116.1 | R12: 61 | S12: =SUM(P12:R12) -> 338.5 | T12: =(I12-S12)+T11 -> -593.18 | U12: 94.3 | V12: 67.3 | W12: =W11-V12 -> 3527.67 | X12: =N12+O12+S12+U12+V12 -> 500.1 | Y12: =IF(L12<0,L12*-1,0) -> 45.21515 | Z12: =X12+Y12 -> 545.31515 | AA12: 0 | AB12: 76 | AC12: 44 | AD12: 3
A13: 4 | B13: 6911.8 | C13: 329234 | D13: =C13-C12 -> -648 | E13: =C13-151978 -> 177256 | F13: =D13/$D$2 -> -326.69524 | G13: 146.3 | H13: 0 | I13: =G13+H13 -> 146.3 | J13: =IF(L13>0,L13,0) -> 18.004764 | K13: =I13+J13 -> 164.30476 | L13: =F13-(I13-X13) -> 18.004764 | M13: 154.3 | N13: 0 | O13: 0 | P13: =M13-(N13+O13) -> 154.3 | Q13: 116.3 | R13: 61 | S13: =SUM(P13:R13) -> 331.6 | T13: =(I13-S13)+T12 -> -778.48 | U13: 92.3 | V13: 67.1 | W13: =W12-V13 -> 3460.57 | X13: =N13+O13+S13+U13+V13 -> 491 | Y13: =IF(L13<0,L13*-1,0) -> 0 | Z13: =X13+Y13 -> 491 | AA13: 0 | AB13: 68 | AC13: 50 | AD13: 4
A14: 5 | B14: 6911.6 | C14: 328426 | D14: =C14-C13 -> -808 | E14: =C14-151978 -> 176448 | F14: =D14/$D$2 -> -407.36073 | G14: 139.5 | H14: 0 | I14: =G14+H14 -> 139.5 | J14: =IF(L14>0,L14,0) -> 0 | K14: =I14+J14 -> 139.5 | L14: =F14-(I14-X14) -> -62.160726 | M14: 148.5 | N14: 0 | O14: 0 | P14: =M14-(N14+O14) -> 148.5 | Q14: 116.6 | R14: 61 | S14: =SUM(P14:R14) -> 326.1 | T14: =(I14-S14)+T13 -> -965.08 | U14: 91.3 | V14: 67.3 | W14: =W13-V14 -> 3393.27 | X14: =N14+O14+S14+U14+V14 -> 484.7 | Y14: =IF(L14<0,L14*-1,0) -> 62.160726 | Z14: =X14+Y14 -> 546.86073 | AA14: 0 | AB14: 71 | AC14: 40 | AD14: 5
A15: 6 | B15: 6911.42 | C15: 327698 | D15: =C15-C14 -> -728 | E15: =C15-151978 -> 175720 | F15: =D15/$D$2 -> -367.02798 | G15: 135.1 | H15: 0 | I15: =G15+H15 -> 135.1 | J15: =IF(L15>0,L15,0) -> 0 | K15: =I15+J15 -> 135.1 | L15: =F15-(I15-X15) -> -18.927981 | M15: 148.6 | N15: 0 | O15: 0 | P15: =M15-(N15+O15) -> 148.6 | Q15: 116.5 | R15: 61.5 | S15: =SUM(P15:R15) -> 326.6 | T15: =(I15-S15)+T14 -> -1156.58 | U15: 89.3 | V15: 67.3 | W15: =W14-V15 -> 3325.97 | X15: =N15+O15+S15+U15+V15 -> 483.2 | Y15: =IF(L15<0,L15*-1,0) -> 18.927981 | Z15: =X15+Y15 -> 502.12798 | AA15: 0 | AB15: 76 | AC15: 45 | AD15: 6
A16: 7 | B16: 6911.22 | C16: 326890 | D16: =C16-C15 -> -808 | E16: =C16-151978 -> 174912 | F16: =D16/$D$2 -> -407.36073 | G16: 128.7 | H16: 0 | I16: =G16+H16 -> 128.7 | J16: =IF(L16>0,L16,0) -> 0 | K16: =I16+J16 -> 128.7 | L16: =F16-(I16-X16) -> -52.360726 | M16: 149.6 | N16: 0 | O16: 0 | P16: =M16-(N16+O16) -> 149.6 | Q16: 116 | R16: 57 | S16: =SUM(P16:R16) -> 322.6 | T16: =(I16-S16)+T15 -> -1350.48 | U16: 93.8 | V16: 67.3 | W16: =W15-V16 -> 3258.67 | X16: =N16+O16+S16+U16+V16 -> 483.7 | Y16: =IF(L16<0,L16*-1,0) -> 52.360726 | Z16: =X16+Y16 -> 536.06073 | AA16: 0 | AB16: 74 | AC16: 44 | AD16: 7
A17: 8 | B17: 6911.02 | C17: 326080 | D17: =C17-C16 -> -810 | E17: =C17-151978 -> 174102 | F17: =D17/$D$2 -> -408.36904 | G17: 121.8 | H17: 0 | I17: =G17+H17 -> 121.8 | J17: =IF(L17>0,L17,0) -> 0 | K17: =I17+J17 -> 121.8 | L17: =F17-(I17-X17) -> -24.269045 | M17: 159.2 | N17: 0 | O17: 0 | P17: =M17-(N17+O17) -> 159.2 | Q17: 115.6 | R17: 64.5 | S17: =SUM(P17:R17) -> 339.3 | T17: =(I17-S17)+T16 -> -1567.98 | U17: 99.3 | V17: 67.3 | W17: =W16-V17 -> 3191.37 | X17: =N17+O17+S17+U17+V17 -> 505.9 | Y17: =IF(L17<0,L17*-1,0) -> 24.269045 | Z17: =X17+Y17 -> 530.16904 | AA17: 0 | AB17: 78 | AC17: 46 | AD17: 8
A18: 9 | B18: 6910.82 | C18: 325276 | D18: =C18-C17 -> -804 | E18: =C18-151978 -> 173298 | F18: =D18/$D$2 -> -405.34409 | G18: 116.5 | H18: 0 | I18: =G18+H18 -> 116.5 | J18: =IF(L18>0,L18,0) -> 0 | K18: =I18+J18 -> 116.5 | L18: =F18-(I18-X18) -> -17.444089 | M18: 166.5 | N18: 0 | O18: 0 | P18: =M18-(N18+O18) -> 166.5 | Q18: 115.8 | R18: 63.5 | S18: =SUM(P18:R18) -> 345.8 | T18: =(I18-S18)+T17 -> -1797.28 | U18: 91.3 | V18: 67.3 | W18: =W17-V18 -> 3124.07 | X18: =N18+O18+S18+U18+V18 -> 504.4 | Y18: =IF(L18<0,L18*-1,0) -> 17.444089 | Z18: =X18+Y18 -> 521.84409 | AA18: 0 | AB18: 79 | AC18: 43 | AD18: 9
A19: 10 | B19: 6910.58 | C19: 324314 | D19: =C19-C18 -> -962 | E19: =C19-151978 -> 172336 | F19: =D19/$D$2 -> -485.00126 | G19: 114.4 | H19: 0 | I19: =G19+H19 -> 114.4 | J19: =IF(L19>0,L19,0) -> 0 | K19: =I19+J19 -> 114.4 | L19: =F19-(I19-X19) -> -77.50126 | M19: 166.3 | N19: 0 | O19: 0 | P19: =M19-(N19+O19) -> 166.3 | Q19: 115.2 | R19: 67.1 | S19: =SUM(P19:R19) -> 348.6 | T19: =(I19-S19)+T18 -> -2031.48 | U19: 106.9 | V19: 66.4 | W19: =W18-V19 -> 3057.67 | X19: =N19+O19+S19+U19+V19 -> 521.9 | Y19: =IF(L19<0,L19*-1,0) -> 77.50126 | Z19: =X19+Y19 -> 599.40126 | AA19: 0 | AB19: 80 | AC19: 44 | AD19: 10
A20: 11 | B20: 6910.33 | C20: 323310 | D20: =C20-C19 -> -1004 | E20: =C20-151978 -> 171332 | F20: =D20/$D$2 -> -506.17595 | G20: 112.5 | H20: 0 | I20: =G20+H20 -> 112.5 | J20: =IF(L20>0,L20,0) -> 0 | K20: =I20+J20 -> 112.5 | L20: =F20-(I20-X20) -> -101.17595 | M20: 175.7 | N20: 0 | O20: 0 | P20: =M20-(N20+O20) -> 175.7 | Q20: 115 | R20: 66.1 | S20: =SUM(P20:R20) -> 356.8 | T20: =(I20-S20)+T19 -> -2275.78 | U20: 95.3 | V20: 65.4 | W20: =W19-V20 -> 2992.27 | X20: =N20+O20+S20+U20+V20 -> 517.5 | Y20: =IF(L20<0,L20*-1,0) -> 101.17595 | Z20: =X20+Y20 -> 618.67595 | AA20: 0 | AB20: 80 | AC20: 50 | AD20: 11
A21: 12 | B21: 6910.18 | C21: 322709 | D21: =C21-C20 -> -601 | E21: =C21-151978 -> 170731 | F21: =D21/$D$2 -> -302.99975 | G21: 109 | H21: 0 | I21: =G21+H21 -> 109 | J21: =IF(L21>0,L21,0) -> 117.30025 | K21: =I21+J21 -> 226.30025 | L21: =F21-(I21-X21) -> 117.30025 | M21: 187.7 | N21: 0 | O21: 0 | P21: =M21-(N21+O21) -> 187.7 | Q21: 115.2 | R21: 66.1 | S21: =SUM(P21:R21) -> 369 | T21: =(I21-S21)+T20 -> -2535.78 | U21: 94.8 | V21: 65.5 | W21: =W20-V21 -> 2926.77 | X21: =N21+O21+S21+U21+V21 -> 529.3 | Y21: =IF(L21<0,L21*-1,0) -> 0 | Z21: =X21+Y21 -> 529.3 | AA21: 0 | AB21: 77 | AC21: 50 | AD21: 12
A22: 13 | B22: 6909.95 | C22: 321788 | D22: =C22-C21 -> -921 | E22: =C22-151978 -> 169810 | F22: =D22/$D$2 -> -464.33073 | G22: 108.7 | H22: 0 | I22: =G22+H22 -> 108.7 | J22: =IF(L22>0,L22,0) -> 0 | K22: =I22+J22 -> 108.7 | L22: =F22-(I22-X22) -> -48.530729 | M22: 191 | N22: 0 | O22: 0 | P22: =M22-(N22+O22) -> 191 | Q22: 114.9 | R22: 67.1 | S22: =SUM(P22:R22) -> 373 | T22: =(I22-S22)+T21 -> -2800.08 | U22: 85.2 | V22: 66.3 | W22: =W21-V22 -> 2860.47 | X22: =N22+O22+S22+U22+V22 -> 524.5 | Y22: =IF(L22<0,L22*-1,0) -> 48.530729 | Z22: =X22+Y22 -> 573.03073 | AA22: 0 | AB22: 76 | AC22: 50 | AD22: 13
... A39: 30 | B39: 6907.6 | C39: 312489 | D39: =C39-C38 -> -549 | E39: =C39-151978 -> 160511 | F39: =D39/$D$2 -> -276.78346 | G39: 82.5 | H39: 0 | I39: =G39+H39 -> 82.5 | J39: =IF(L39>0,L39,0) -> 0 | K39: =I39+J39 -> 82.5 | L39: =F39-(I39-X39) -> -58.283464 | M39: 141 | N39: 0 | O39: 0 | P39: =M39-(N39+O39) -> 141 | Q39: 47 | R39: 38 | S39: =SUM(P39:R39) -> 226 | T39: =(I39-S39)+T38 -> -5761.08 | U39: 20 | V39: 55 | W39: =W38-V39 -> 1754.77 | X39: =N39+O39+S39+U39+V39 -> 301 | Y39: =IF(L39<0,L39*-1,0) -> 58.283464 | Z39: =X39+Y39 -> 359.28346 | AA39: 0 | AB39: 76 | AC39: 42 | AD39: 30
A41: MONTH / CFS | F41: =SUM(F10:F39) -> -9878.4976 | G41: =SUM(G10:G39) -> 3681.9 | H41: =SUM(H10:H39) -> 0 | I41: =SUM(I10:I39) -> 3681.9 | J41: =SUM(J10:J39) -> 609.07671 | K41: =SUM(K10:K39) -> 4290.9767 | L41: =SUM(L10:L39) -> -446.56761 | M41: =SUM(M10:M39) -> 4749 | ... S41: =SUM(S10:S39) -> 9363.8 | U41: =SUM(U10:U39) -> 1775.23 | V41: =SUM(V10:V40) -> 1974.8 | X41: =SUM(X10:X39) -> 13113.83 | Y41: =SUM(Y10:Y39) -> 1055.6443 | Z41: =SUM(Z10:Z39) -> 14169.474 | AA41: =SUM(AA10:AA39) -> 1.43 | AB41: =AVERAGE(AB10:AB39) -> 73.666667 | AC41: =AVERAGE(AC10:AC39) -> 44.033333 | AD41: AVG
A42: MONTH / AF | D42: =SUM(D10:D40) -> -19594 | F42: =F41*$D$2 -> -19594 | G42: =G41*$D$2 -> 7303.0486 | H42: =H41*$D$2 -> 0 | I42: =I41*$D$2 -> 7303.0486 | J42: =J41*$D$2 -> 1208.1037 | K42: =K41*$D$2 -> 8511.1523 | L42: =L41*$D$2 -> -885.76684 | M42: =M41*$D$2 -> 9419.6415 | ... S42: =S41*$D$2 -> 18573.097 | U42: =U41*$D$2 -> 3521.1687 | V42: =V41*$D$2 -> 3917.0158 | X42: =X41*$D$2 -> 26011.282 | Y42: =Y41*$D$2 -> 2093.8705 | Z42: =Z41*$D$2 -> 28105.152 | AB42: =MAX(AB10:AB39) -> 80 | AC42: =MAX(AC10:AC39) -> 50 | AD42: HI
A44: SEASON / CFS | F44: =F7+F41 -> 1988.9085 | G44: =G7+G41 -> 130245.7 | H44: =H7+H41 -> 8849.9 | I44: =I7+I41 -> 139095.6 | J44: =J7+J41 -> 23399.679 | K44: =K7+K41 -> 162495.28 | L44: =L7+L41 -> 18464.018 | M44: =M7+M41 -> 30072.28 | ... S44: =S7+S41 -> 61706.08 | T44: =T39 -> -5761.08 | U44: =U7+U41 -> 12811.33 | V44: =V7+V41 -> 81053.3 | X44: =X7+X41 -> 155570.71 | Y44: =Y7+Y41 -> 4935.6605 | Z44: =Z7+Z41 -> 160506.37 | AB44: =MIN(AB10:AB39) -> 60 | AC44: =MIN(AC10:AC39) -> 33 | AD44: LO
A45: SEASON / AF | F45: =F44*$D$2 -> 3945 | G45: =G44*$D$2 -> 258342.35 | H45: =H44*$D$2 -> 17553.777 | I45: =I44*$D$2 -> 275896.12 | J45: =J44*$D$2 -> 46413.263 | K45: =K44*$D$2 -> 322309.39 | L45: =L44*$D$2 -> 36623.381 | M45: =M44*$D$2 -> 59648.367 | ... V45: =V44*$D$2 -> 160769.22 | X45: =X44*$D$2 -> 308574.5 | Y45: =Y44*$D$2 -> 9789.8826 | Z45: =Z44*$D$2 -> 318364.39
A47: YTD / CFS | F47: =F8+F41 -> 8891.3537 | G47: =G8+G41 -> 142932.8 | H47: =H8+H41 -> 9491.6 | I47: =I8+I41 -> 152424.4 | J47: =J8+J41 -> 25705.946 | K47: =K8+K41 -> 178130.22 | L47: =L8+L41 -> 19509.014 | M47: =M8+M41 -> 31136.8 | ... S47: =S8+S41 -> 64357.5 | T47: =T44 -> -5761.08 | U47: =U8+U41 -> 12811.33 | V47: =V8+V41 -> 85873.23 | W47: =W39 -> 1754.77 | X47: =X8+X41 -> 163042.06 | Y47: =Y8+Y41 -> 6196.9323 | Z47: =Z8+Z41 -> 169238.99 | AA47: =AA8+AA41 -> 20.2
A48: YTD / AF | D48: =D8+D42 -> 17636 | E48: =E39 -> 160511 | F48: =F47*$D$2 -> 17636 | G48: =G47*$D$2 -> 283507.21 | H48: =H47*$D$2 -> 18826.589 | I48: =I47*$D$2 -> 302333.8 | J48: =J47*$D$2 -> 50987.744 | K48: =K47*$D$2 -> 353321.29 | L48: =L47*$D$2 -> 38696.129 | M48: =M47*$D$2 -> 61759.843 | ... Z48: =Z47*$D$2 -> 335685.54

Sheet OCT
K1: MC PHEE RESERVOIR IN/OUT FLOW TABULATION
A2: AF/cfs CONVERT FACTOR | D2: 1.9835 | K2: OCTOBER "1992"
A4: DATE | B4: RESERV | C4: RESERV | D4: AC FT | E4: ACTIVE | F4: CONV TO | G4: DOLORES | H4: LOST | I4: RECORDED | J4: CALC | K4: TOTAL | L4: CALC | M4: TUNNEL | Q4: LONE | R4: U | S4: TOTAL | T4: MVI | U4: DV CR | V4: BELOW | W4: REMAIN | X4: RECORDED | Y4: CALC | Z4: TOTAL | AA4: RAIN | AB4: MAX | AC4: MIN | AD4: DATE
A5: "OCT" | B5: ELEV | C5: AC FT | D5: CHANGE | E5: CAP | F5: CFS | G5: RIVER | H5: CANYON | I5: INFLOW | J5: INFLOW | K5: INFLOW | L5: INF/OTF | M5: TOT DIV | N5: WETLAND | O5: UTE F&R | P5: MVI,CTZ | Q5: PINE | R5: LAT | S5: MVI | T5: CALL | U5: CANAL | V5: MC PHEE | W5: RELEASE | X5: OUTFLOW | Y5: OUTFLOW | Z5: OUTFLOW | AB5: TMP | AC5: TMP | AD5: "OCT"
A7: SEASON BAL | F7: =SEP!F44 -> 1988.9085 | G7: =SEP!G44 -> 130245.7 | H7: =SEP!H44 -> 8849.9 | I7: =SEP!I44 -> 139095.6 | J7: =SEP!J44 -> 23399.679 | K7: =SEP!K44 -> 162495.28 | L7: =SEP!L44 -> 18464.018 | M7: =SEP!M44 -> 30072.28 | ... V7: =SEP!V44 -> 81053.3 | X7: =SEP!X44 -> 155570.71 | Y7: =SEP!Y44 -> 4935.6605 | Z7: =SEP!Z44 -> 160506.37
A8: YTD | B8: =SEP!B39 -> 6907.6 | C8: =SEP!C39 -> 312489 | D8: =SEP!D48 -> 17636 | E8: =SEP!E48 -> 160511 | F8: =SEP!F47 -> 8891.3537 | G8: =SEP!G47 -> 142932.8 | H8: =SEP!H47 -> 9491.6 | I8: =SEP!I47 -> 152424.4 | J8: =SEP!J47 -> 25705.946 | K8: =SEP!K47 -> 178130.22 | L8: =SEP!L47 -> 19509.014 | M8: =SEP!M47 -> 31136.8 | ... AA8: =SEP!AA47 -> 20.2
A10: 1 | B10: 6907.49 | C10: 312058 | D10: =C10-C8 -> -431 | E10: =C10-152000 -> 160058 | F10: =D10/$D$2 -> -217.29266 | G10: 81.5 | H10: 0 | I10: =G10+H10 -> 81.5 | J10: =IF(L10>0,L10,0) -> 0 | K10: =I10+J10 -> 81.5 | L10: =F10-(I10-X10) -> -16.992664 | M10: 134.2 | N10: 0 | O10: 0 | P10: =M10-(N10+O10) -> 134.2 | Q10: 46.6 | R10: 46.2 | S10: =SUM(P10:R10) -> 227 | T10: =(I10-S10)+T7 -> -5906.58 | U10: 16 | V10: 38.8 | W10: =W8-V10 -> 1715.97 | X10: =N10+O10+S10+U10+V10 -> 281.8 | Y10: =IF(L10<0,L10*-1,0) -> 16.992664 | Z10: =X10+Y10 -> 298.79266 | AA10: 0 | AB10: 74 | AC10: 44 | AD10: 1
A11: =A10+1 -> 2 | B11: 6907.39 | C11: 311666 | D11: =C11-C10 -> -392 | E11: =C11-152000 -> 159666 | F11: =D11/$D$2 -> -197.63045 | G11: 79.4 | H11: 0 | I11: =G11+H11 -> 79.4 | J11: =IF(L11>0,L11,0) -> 19.769549 | K11: =I11+J11 -> 99.169549 | L11: =F11-(I11-X11) -> 19.769549 | M11: 139.9 | N11: 0 | O11: 0 | P11: =M11-(N11+O11) -> 139.9 | Q11: 46.6 | R11: 48.5 | S11: =SUM(P11:R11) -> 235 | T11: =(I11-S11)+T10 -> -6062.18 | U11: 13 | V11: 48.8 | W11: =W10-V11 -> 1667.17 | X11: =N11+O11+S11+U11+V11 -> 296.8 | Y11: =IF(L11<0,L11*-1,0) -> 0 | Z11: =X11+Y11 -> 296.8 | AA11: 0 | AB11: 76 | AC11: 44 | AD11: =AD10+1 -> 2
A12: =A11+1 -> 3 | B12: 6907.24 | C12: 311279 | D12: =C12-C11 -> -387 | E12: =C12-152000 -> 159279 | F12: =D12/$D$2 -> -195.10965 | G12: 74.5 | H12: 0 | I12: =G12+H12 -> 74.5 | J12: =IF(L12>0,L12,0) -> 44.490345 | K12: =I12+J12 -> 118.99035 | L12: =F12-(I12-X12) -> 44.490345 | M12: 143 | N12: 0 | O12: 0 | P12: =M12-(N12+O12) -> 143 | Q12: 46.4 | R12: 47.6 | S12: =SUM(P12:R12) -> 237 | T12: =(I12-S12)+T11 -> -6224.68 | U12: 18 | V12: 59.1 | W12: =W11-V12 -> 1608.07 | X12: =N12+O12+S12+U12+V12 -> 314.1 | Y12: =IF(L12<0,L12*-1,0) -> 0 | Z12: =X12+Y12 -> 314.1 | AA12: 0 | AB12: 72 | AC12: 43 | AD12: =AD11+1 -> 3
A13: =A12+1 -> 4 | B13: 6907.1 | C13: 310530 | D13: =C13-C12 -> -749 | E13: =C13-152000 -> 158530 | F13: =D13/$D$2 -> -377.61533 | G13: 72.1 | H13: 0 | I13: =G13+H13 -> 72.1 | J13: =IF(L13>0,L13,0) -> 0 | K13: =I13+J13 -> 72.1 | L13: =F13-(I13-X13) -> -135.61533 | M13: 144.2 | N13: 0 | O13: 0 | P13: =M13-(N13+O13) -> 144.2 | Q13: 46.5 | R13: 47.4 | S13: =SUM(P13:R13) -> 238.1 | T13: =(I13-S13)+T12 -> -6390.68 | U13: 17 | V13: 59 | W13: =W12-V13 -> 1549.07 | X13: =N13+O13+S13+U13+V13 -> 314.1 | Y13: =IF(L13<0,L13*-1,0) -> 135.61533 | Z13: =X13+Y13 -> 449.71533 | AA13: 0 | AB13: 70 | AC13: 40 | AD13: =AD12+1 -> 4
A14: =A13+1 -> 5 | B14: 6906.95 | C14: 309994 | D14: =C14-C13 -> -536 | E14: =C14-152000 -> 157994 | F14: =D14/$D$2 -> -270.22939 | G14: 69.6 | H14: 0 | I14: =G14+H14 -> 69.6 | J14: =IF(L14>0,L14,0) -> 0 | K14: =I14+J14 -> 69.6 | L14: =F14-(I14-X14) -> -19.029392 | M14: 152.4 | N14: 0 | O14: 0 | P14: =M14-(N14+O14) -> 152.4 | Q14: 46.4 | R14: 47.2 | S14: =SUM(P14:R14) -> 246 | T14: =(I14-S14)+T13 -> -6567.08 | U14: 16 | V14: 58.8 | W14: =W13-V14 -> 1490.27 | X14: =N14+O14+S14+U14+V14 -> 320.8 | Y14: =IF(L14<0,L14*-1,0) -> 19.029392 | Z14: =X14+Y14 -> 339.82939 | AA14: 0 | AB14: 72 | AC14: 42 | AD14: =AD13+1 -> 5
A15: =A14+1 -> 6 | B15: 6906.81 | C15: 309400 | D15: =C15-C14 -> -594 | E15: =C15-152000 -> 157400 | F15: =D15/$D$2 -> -299.47063 | G15: 67.6 | H15: 0 | I15: =G15+H15 -> 67.6 | J15: =IF(L15>0,L15,0) -> 0 | K15: =I15+J15 -> 67.6 | L15: =F15-(I15-X15) -> -38.270633 | M15: 155.4 | N15: 0 | O15: 0 | P15: =M15-(N15+O15) -> 155.4 | Q15: 46.4 | R15: 47.2 | S15: =SUM(P15:R15) -> 249 | T15: =(I15-S15)+T14 -> -6748.48 | U15: 21 | V15: 58.8 | W15: =W14-V15 -> 1431.47 | X15: =N15+O15+S15+U15+V15 -> 328.8 | Y15: =IF(L15<0,L15*-1,0) -> 38.270633 | Z15: =X15+Y15 -> 367.07063 | AA15: 0 | AB15: 66 | AC15: 36 | AD15: =AD14+1 -> 6
A16: =A15+1 -> 7 | B16: 6906.64 | C16: 308739 | D16: =C16-C15 -> -661 | E16: =C16-152000 -> 156739 | F16: =D16/$D$2 -> -333.24931 | G16: 66.2 | H16: 0 | I16: =G16+H16 -> 66.2 | J16: =IF(L16>0,L16,0) -> 0 | K16: =I16+J16 -> 66.2 | L16: =F16-(I16-X16) -> -86.149307 | M16: 148.4 | N16: 0 | O16: 0 | P16: =M16-(N16+O16) -> 148.4 | Q16: 46.2 | R16: 46.4 | S16: =SUM(P16:R16) -> 241 | T16: =(I16-S16)+T15 -> -6923.28 | U16: 16 | V16: 56.3 | W16: =W15-V16 -> 1375.17 | X16: =N16+O16+S16+U16+V16 -> 313.3 | Y16: =IF(L16<0,L16*-1,0) -> 86.149307 | Z16: =X16+Y16 -> 399.44931 | AA16: 0 | AB16: 54 | AC16: 32 | AD16: =AD15+1 -> 7
A17: =A16+1 -> 8 | B17: 6906.51 | C17: 308233 | D17: =C17-C16 -> -506 | E17: =C17-152000 -> 156233 | F17: =D17/$D$2 -> -255.10461 | G17: 68.4 | H17: 0 | I17: =G17+H17 -> 68.4 | J17: =IF(L17>0,L17,0) -> 0 | K17: =I17+J17 -> 68.4 | L17: =F17-(I17-X17) -> -18.704613 | M17: 143.7 | N17: 0 | O17: 0 | P17: =M17-(N17+O17) -> 143.7 | Q17: 46 | R17: 45.3 | S17: =SUM(P17:R17) -> 235 | T17: =(I17-S17)+T16 -> -7089.88 | U17: 11 | V17: 58.8 | W17: =W16-V17 -> 1316.37 | X17: =N17+O17+S17+U17+V17 -> 304.8 | Y17: =IF(L17<0,L17*-1,0) -> 18.704613 | Z17: =X17+Y17 -> 323.50461 | AA17: 0 | AB17: 60 | AC17: 22 | AD17: =AD16+1 -> 8
A18: =A17+1 -> 9 | B18: 6906.39 | C18: 307768 | D18: =C18-C17 -> -465 | E18: =C18-152000 -> 155768 | F18: =D18/$D$2 -> -234.43408 | G18: 67.8 | H18: 0 | I18: =G18+H18 -> 67.8 | J18: =IF(L18>0,L18,0) -> 0 | K18: =I18+J18 -> 67.8 | L18: =F18-(I18-X18) -> -18.634081 | M18: 109.9 | N18: 0 | O18: 0 | P18: =M18-(N18+O18) -> 109.9 | Q18: 46.2 | R18: 46.8 | S18: =SUM(P18:R18) -> 202.9 | T18: =(I18-S18)+T17 -> -7224.98 | U18: 22 | V18: 58.7 | W18: =W17-V18 -> 1257.67 | X18: =N18+O18+S18+U18+V18 -> 283.6 | Y18: =IF(L18<0,L18*-1,0) -> 18.634081 | Z18: =X18+Y18 -> 302.23408 | AA18: 0 | AB18: 66 | AC18: 20 | AD18: =AD17+1 -> 9
A19: =A18+1 -> 10 | B19: 6906.27 | C19: 307301 | D19: =C19-C18 -> -467 | E19: =C19-152000 -> 155301 | F19: =D19/$D$2 -> -235.4424 | G19: 70.1 | H19: 0 | I19: =G19+H19 -> 70.1 | J19: =IF(L19>0,L19,0) -> 0 | K19: =I19+J19 -> 70.1 | L19: =F19-(I19-X19) -> -48.8424 | M19: 90.7 | N19: 0 | O19: 0 | P19: =M19-(N19+O19) -> 90.7 | Q19: 46 | R19: 39.3 | S19: =SUM(P19:R19) -> 176 | T19: =(I19-S19)+T18 -> -7330.88 | U19: 22 | V19: 58.7 | W19: =W18-V19 -> 1198.97 | X19: =N19+O19+S19+U19+V19 -> 256.7 | Y19: =IF(L19<0,L19*-1,0) -> 48.8424 | Z19: =X19+Y19 -> 305.5424 | AA19: 0 | AB19: 69 | AC19: 32 | AD19: =AD18+1 -> 10
A20: =A19+1 -> 11 | B20: 6906.16 | C20: 306874 | D20: =C20-C19 -> -427 | E20: =C20-152000 -> 154874 | F20: =D20/$D$2 -> -215.27603 | G20: 71.1 | H20: 0 | I20: =G20+H20 -> 71.1 | J20: =IF(L20>0,L20,0) -> 0 | K20: =I20+J20 -> 71.1 | L20: =F20-(I20-X20) -> -27.976027 | M20: 91.5 | N20: 0 | O20: 0 | P20: =M20-(N20+O20) -> 91.5 | Q20: 47.3 | R20: 39.1 | S20: =SUM(P20:R20) -> 177.9 | T20: =(I20-S20)+T19 -> -7437.68 | U20: 22 | V20: 58.5 | W20: =W19-V20 -> 1140.47 | X20: =N20+O20+S20+U20+V20 -> 258.4 | Y20: =IF(L20<0,L20*-1,0) -> 27.976027 | Z20: =X20+Y20 -> 286.37603 | AA20: 0 | AB20: 74 | AC20: 35 | AD20: =AD19+1 -> 11
A21: =A20+1 -> 12 | B21: 6906.09 | C21: 306600 | D21: =C21-C20 -> -274 | E21: =C21-152000 -> 154600 | F21: =D21/$D$2 -> -138.13965 | G21: 69.6 | H21: 0 | I21: =G21+H21 -> 69.6 | J21: =IF(L21>0,L21,0) -> 22.660348 | K21: =I21+J21 -> 92.260348 | L21: =F21-(I21-X21) -> 22.660348 | M21: 90.9 | N21: 0 | O21: 0 | P21: =M21-(N21+O21) -> 90.9 | Q21: 15 | R21: 38.1 | S21: =SUM(P21:R21) -> 144 | T21: =(I21-S21)+T20 -> -7512.08 | U21: 28 | V21: 58.4 | W21: =W20-V21 -> 1082.07 | X21: =N21+O21+S21+U21+V21 -> 230.4 | Y21: =IF(L21<0,L21*-1,0) -> 0 | Z21: =X21+Y21 -> 230.4 | AA21: 0 | AB21: 71 | AC21: 38 | AD21: =AD20+1 -> 12
A22: =A21+1 -> 13 | B22: 6906.01 | C22: 306289 | D22: =C22-C21 -> -311 | E22: =C22-152000 -> 154289 | F22: =D22/$D$2 -> -156.79355 | G22: 66.9 | H22: 0 | I22: =G22+H22 -> 66.9 | J22: =IF(L22>0,L22,0) -> 0 | K22: =I22+J22 -> 66.9 | L22: =F22-(I22-X22) -> -22.293547 | M22: 91.5 | N22: 0 | O22: 0 | P22: =M22-(N22+O22) -> 91.5 | Q22: 0 | R22: 31.5 | S22: =SUM(P22:R22) -> 123 | T22: =(I22-S22)+T21 -> -7568.18 | U22: 20 | V22: 58.4 | W22: =W21-V22 -> 1023.67 | X22: =N22+O22+S22+U22+V22 -> 201.4 | Y22: =IF(L22<0,L22*-1,0) -> 22.293547 | Z22: =X22+Y22 -> 223.69355 | AA22: 0 | AB22: 68 | AC22: 40 | AD22: =AD21+1 -> 13
... A33: =A32+1 -> 24 | B33: 6905.42 | C33: 304015 | D33: =C33-C32 -> 77 | E33: =C33-152000 -> 152015 | F33: =D33/$D$2 -> 38.820267 | G33: 61.7 | H33: 0 | I33: =G33+H33 -> 61.7 | J33: =IF(L33>0,L33,0) -> 100.92027 | K33: =I33+J33 -> 162.62027 | L33: =F33-(I33-X33) -> 100.92027 | M33: 25.2 | N33: 0 | O33: 0 | P33: =M33-(N33+O33) -> 25.2 | Q33: 0 | R33: 14.8 | S33: =SUM(P33:R33) -> 40 | T33: =(I33-S33)+T32 -> -7602.96 | U33: 26 | V33: 57.8 | W33: =W32-V33 -> 389.67 | X33: =N33+O33+S33+U33+V33 -> 123.8 | Y33: =IF(L33<0,L33*-1,0) -> 0 | Z33: =X33+Y33 -> 123.8 | AA33: 0.1 | AB33: 71 | AC33: 33 | AD33: =AD32+1 -> 24
A34: 25 | B34: 6905.41 | C34: 303977 | D34: =C34-C33 -> -38 | E34: =C34-152000 -> 151977 | F34: =D34/$D$2 -> -19.158054 | G34: 73.2 | H34: 0 | I34: =G34+H34 -> 73.2 | J34: =IF(L34>0,L34,0) -> 31.541946 | K34: =I34+J34 -> 104.74195 | L34: =F34-(I34-X34) -> 31.541946 | M34: 25.9 | N34: 0 | O34: 0 | P34: =M34-(N34+O34) -> 25.9 | Q34: 0 | R34: 14.1 | S34: =SUM(P34:R34) -> 40 | T34: =(I34-S34)+T33 -> -7569.76 | U34: 26 | V34: 57.9 | W34: =W33-V34 -> 331.77 | X34: =N34+O34+S34+U34+V34 -> 123.9 | Y34: =IF(L34<0,L34*-1,0) -> 0 | Z34: =X34+Y34 -> 123.9 | AA34: 0.7 | AB34: 67 | AC34: 28 | AD34: 25
A35: 26 | B35: 6905.37 | C35: 303823 | D35: =C35-C34 -> -154 | E35: =C35-152000 -> 151823 | F35: =D35/$D$2 -> -77.640534 | G35: 79.6 | H35: 0 | I35: =G35+H35 -> 79.6 | J35: =IF(L35>0,L35,0) -> 0 | K35: =I35+J35 -> 79.6 | L35: =F35-(I35-X35) -> -58.440534 | M35: 26.4 | N35: 0 | O35: 0 | P35: =M35-(N35+O35) -> 26.4 | Q35: 0 | R35: 14.6 | S35: =SUM(P35:R35) -> 41 | T35: =(I35-S35)+T34 -> -7531.16 | U35: 0 | V35: 57.8 | W35: =W34-V35 -> 273.97 | X35: =N35+O35+S35+U35+V35 -> 98.8 | Y35: =IF(L35<0,L35*-1,0) -> 58.440534 | Z35: =X35+Y35 -> 157.24053 | AA35: 0.01 | AB35: 57 | AC35: 24 | AD35: 26
A36: 27 | B36: 6905.36 | C36: 303783 | D36: =C36-C35 -> -40 | E36: =C36-152000 -> 151783 | F36: =D36/$D$2 -> -20.166373 | G36: 76.2 | H36: 0 | I36: =G36+H36 -> 76.2 | J36: =IF(L36>0,L36,0) -> 0 | K36: =I36+J36 -> 76.2 | L36: =F36-(I36-X36) -> -1.5663726 | M36: 26.1 | N36: 0 | O36: 0 | P36: =M36-(N36+O36) -> 26.1 | Q36: 0 | R36: 10.9 | S36: =SUM(P36:R36) -> 37 | T36: =(I36-S36)+T35 -> -7491.96 | U36: 0 | V36: 57.8 | W36: =W35-V36 -> 216.17 | X36: =N36+O36+S36+U36+V36 -> 94.8 | Y36: =IF(L36<0,L36*-1,0) -> 1.5663726 | Z36: =X36+Y36 -> 96.366373 | AA36: 0 | AB36: 56 | AC36: 35 | AD36: 27
A37: 28 | B37: 6905.36 | C37: 303783 | D37: =C37-C36 -> 0 | E37: =C37-152000 -> 151783 | F37: =D37/$D$2 -> 0 | G37: 72.5 | H37: 0 | I37: =G37+H37 -> 72.5 | J37: =IF(L37>0,L37,0) -> 18.5 | K37: =I37+J37 -> 91 | L37: =F37-(I37-X37) -> 18.5 | M37: 26.2 | N37: 0 | O37: 0 | P37: =M37-(N37+O37) -> 26.2 | Q37: 0 | R37: 10.8 | S37: =SUM(P37:R37) -> 37 | T37: =(I37-S37)+T36 -> -7456.46 | U37: 0 | V37: 54 | W37: =W36-V37 -> 162.17 | X37: =N37+O37+S37+U37+V37 -> 91 | Y37: =IF(L37<0,L37*-1,0) -> 0 | Z37: =X37+Y37 -> 91 | AA37: 0.22 | AB37: 51 | AC37: 44 | AD37: 28
A38: 29 | B38: 6905.39 | C38: 303900 | D38: =C38-C37 -> 117 | E38: =C38-152000 -> 151900 | F38: =D38/$D$2 -> 58.98664 | G38: 86.3 | H38: 0 | I38: =G38+H38 -> 86.3 | J38: =IF(L38>0,L38,0) -> 62.08664 | K38: =I38+J38 -> 148.38664 | L38: =F38-(I38-X38) -> 62.08664 | M38: 26.2 | N38: 0 | O38: 0 | P38: =M38-(N38+O38) -> 26.2 | Q38: 0 | R38: 10.8 | S38: =SUM(P38:R38) -> 37 | T38: =(I38-S38)+T37 -> -7407.16 | U38: 0 | V38: 52.4 | W38: =W37-V38 -> 109.77 | X38: =N38+O38+S38+U38+V38 -> 89.4 | Y38: =IF(L38<0,L38*-1,0) -> 0 | Z38: =X38+Y38 -> 89.4 | AA38: 0.27 | AB38: 53 | AC38: 36 | AD38: 29
A39: 30 | B39: 6905.4 | C39: 303938 | D39: =C39-C38 -> 38 | E39: =C39-152000 -> 151938 | F39: =D39/$D$2 -> 19.158054 | G39: 97.2 | H39: 0 | I39: =G39+H39 -> 97.2 | J39: =IF(L39>0,L39,0) -> 5.7580539 | K39: =I39+J39 -> 102.95805 | L39: =F39-(I39-X39) -> 5.7580539 | M39: 26.2 | N39: 0 | O39: 0 | P39: =M39-(N39+O39) -> 26.2 | Q39: 0 | R39: 10.8 | S39: =SUM(P39:R39) -> 37 | T39: =(I39-S39)+T38 -> -7346.96 | U39: 0 | V39: 46.8 | W39: =W38-V39 -> 62.97 | X39: =N39+O39+S39+U39+V39 -> 83.8 | Y39: =IF(L39<0,L39*-1,0) -> 0 | Z39: =X39+Y39 -> 83.8 | AA39: 0.93 | AB39: 52 | AC39: 38 | AD39: 30
A40: 31 | B40: 6905.41 | C40: 303977 | D40: =C40-C39 -> 39 | E40: =C40-152000 -> 151977 | F40: =D40/$D$2 -> 19.662213 | G40: 138.7 | H40: 0 | I40: =G40+H40 -> 138.7 | J40: =IF(L40>0,L40,0) -> 0 | K40: =I40+J40 -> 138.7 | L40: =F40-(I40-X40) -> -45.337787 | M40: 26.2 | N40: 0 | O40: 0 | P40: =M40-(N40+O40) -> 26.2 | Q40: 0 | R40: 10.8 | S40: =SUM(P40:R40) -> 37 | T40: =(I40-S40)+T39 -> -7245.26 | U40: 0 | V40: 36.7 | W40: =W39-V40 -> 26.27 | X40: =N40+O40+S40+U40+V40 -> 73.7 | Y40: =IF(L40<0,L40*-1,0) -> 45.337787 | Z40: =X40+Y40 -> 119.03779 | AA40: 0.22 | AB40: 49 | AC40: 30 | AD40: 31
H41: 0 | M41: 0 | R41: 0 | V41: 0
A42: MONTH / CFS | F42: =SUM(F10:F40) -> -4291.4041 | G42: =SUM(G10:G40) -> 2238.7 | H42: =SUM(H10:H40) -> 0.02 | I42: =SUM(I10:I40) -> 2238.72 | J42: =SUM(J10:J40) -> 324.40688 | K42: =SUM(K10:K40) -> 2563.1269 | L42: =SUM(L10:L40) -> -568.72408 | M42: =SUM(M10:M40) -> 2331.4 | ... S42: =SUM(S10:S40) -> 3722.9 | U42: =SUM(U10:U40) -> 510 | V42: =SUM(V10:V40) -> 1728.5 | X42: =SUM(X10:X40) -> 5961.4 | Y42: =SUM(Y10:Y40) -> 893.13097 | Z42: =SUM(Z10:Z40) -> 6854.531 | AA42: =SUM(AA10:AA40) -> 2.45 | AB42: =AVERAGE(AB10:AB40) -> 65.129032 | AC42: =AVERAGE(AC10:AC40) -> 35.741935 | AD42: AVG
A43: MONTH / AF | D43: =SUM(D10:D40) -> -8512 | F43: =F42*$D$2 -> -8512 | G43: =G42*$D$2 -> 4440.4614 | H43: =H42*$D$2 -> 0.03967 | I43: =I42*$D$2 -> 4440.5011 | J43: =J42*$D$2 -> 643.46105 | K43: =K42*$D$2 -> 5083.9622 | L43: =L42*$D$2 -> -1128.0642 | M43: =M42*$D$2 -> 4624.3319 | ... S43: =S42*$D$2 -> 7384.3722 | U43: =U42*$D$2 -> 1011.585 | V43: =V42*$D$2 -> 3428.4797 | X43: =X42*$D$2 -> 11824.437 | Y43: =Y42*$D$2 -> 1771.5253 | Z43: =Z42*$D$2 -> 13595.962 | AB43: =MAX(AB10:AB40) -> 76 | AC43: =MAX(AC10:AC40) -> 44 | AD43: HI
A45: SEASON / CFS | F45: =F7+F42 -> -2302.4956 | G45: =G7+G42 -> 132484.4 | H45: =H7+H42 -> 8849.92 | I45: =I7+I42 -> 141334.32 | J45: =J7+J42 -> 23724.086 | K45: =K7+K42 -> 165058.41 | L45: =L7+L42 -> 17895.294 | M45: =M7+M42 -> 32403.68 | ... S45: =S7+S42 -> 65428.98 | T45: =T40 -> -7245.26 | U45: =U7+U42 -> 13321.33 | V45: =V7+V42 -> 82781.8 | X45: =X7+X42 -> 161532.11 | Y45: =Y7+Y42 -> 5828.7915 | Z45: =Z7+Z42 -> 167360.9 | AB45: =MIN(AB10:AB40) -> 49 | AC45: =MIN(AC10:AC40) -> 20 | AD45: LO
A46: SEASON / AF | F46: =F45*$D$2 -> -4567 | G46: =G45*$D$2 -> 262782.81 | H46: =H45*$D$2 -> 17553.816 | I46: =I45*$D$2 -> 280336.62 | J46: =J45*$D$2 -> 47056.724 | K46: =K45*$D$2 -> 327393.35 | L46: =L45*$D$2 -> 35495.316 | M46: =M45*$D$2 -> 64272.699 | ... V46: =V45*$D$2 -> 164197.7 | X46: =X45*$D$2 -> 320398.94 | Y46: =Y45*$D$2 -> 11561.408 | Z46: =Z45*$D$2 -> 331960.35
A48: YTD / CFS | F48: =F8+F42 -> 4599.9496 | G48: =G8+G42 -> 145171.5 | H48: =H8+H42 -> 9491.62 | I48: =I8+I42 -> 154663.12 | J48: =J8+J42 -> 26030.353 | K48: =K8+K42 -> 180693.35 | L48: =L8+L42 -> 18940.29 | M48: =M8+M42 -> 33468.2 | ... S48: =S8+S42 -> 68080.4 | T48: =T45 -> -7245.26 | U48: =U8+U42 -> 13321.33 | V48: =V8+V42 -> 87601.73 | W48: =W40 -> 26.27 | X48: =X8+X42 -> 169003.46 | Y48: =Y8+Y42 -> 7090.0632 | Z48: =Z8+Z42 -> 176093.52 | AA48: =AA8+AA42 -> 22.65
A49: YTD / AF | D49: =D8+D43 -> 9124 | E49: =E40 -> 151977 | F49: =F48*$D$2 -> 9124 | G49: =G48*$D$2 -> 287947.67 | H49: =H48*$D$2 -> 18826.628 | I49: =I48*$D$2 -> 306774.3 | J49: =J48*$D$2 -> 51631.205 | K49: =K48*$D$2 -> 358405.26 | L49: =L48*$D$2 -> 37568.064 | M49: =M48*$D$2 -> 66384.175 | ... Z49: =Z48*$D$2 -> 349281.5
