Workbook

Sheet NOV
K1: MC PHEE RESERVOIR IN/OUT FLOW TABULATION
A2: AF/cfs CONVERT FACTOR | D2: 1.9835 | L2: NOVEMBER "1990"
A4: DATE | B4: RESERV | C4: RESERV | D4: AC FT | E4: ACTIVE | F4: CONV TO | G4: DOLORES | H4: LOST | I4: RECORDED | J4: CALC | K4: TOTAL | L4: CALC | M4: TUNNEL | Q4: LONE | R4: U | S4: TOTAL | T4: MVI | U4: DV CR | V4: BELOW | W4: REMAIN | X4: RECORDED | Y4: CALC | Z4: TOTAL | AA4: RAIN | AB4: MAX | AC4: MIN | AD4: DATE
A5: "NOV" | B5: ELEV | C5: AC FT | D5: CHANGE | E5: CAP | F5: CFS | G5: RIVER | H5: CANYON | I5: INFLOW | J5: INFLOW | K5: INFLOW | L5: INF/OTF | M5: TOT DIV | N5: WETLAND | O5: UTE F&R | P5: MVI,CTZ | Q5: PINE | R5: LAT | S5: MVI | T5: CALL | U5: CANAL | V5: MC PHEE | W5: RELEASE | X5: OUTFLOW | Y5: OUTFLOW | Z5: OUTFLOW | AB5: TMP | AC5: TMP | AD5: "NOV"
A7: SEASON BAL
A8: YTD | B8: 6887.21 | C8: 238865 | W8: 15179
A10: 1 | B10: 6887.25 | C10: 238997 | D10: =C10-C8 -> 132 | E10: =C10-152000 -> 86997 | F10: =D10/$D$2 -> 66.549029 | G10: 124 | H10: 0 | I10: =G10+H10 -> 124 | J10: =IF(L10>0,L10,0) -> 44.749029 | K10: =I10+J10 -> 168.74903 | L10: =F10-(I10-X10) -> 44.749029 | M10: 48.8 | N10: 0 | O10: 0 | P10: =M10-(N10+O10) -> 48.8 | Q10: 0 | R10: 19.2 | S10: =SUM(P10:R10) -> 68 | U10: 0 | V10: 34.2 | W10: =W8-V10 -> 15144.8 | X10: =N10+O10+S10+U10+V10 -> 102.2 | Y10: =IF(L10<0,L10*-1,0) -> 0 | Z10: =X10+Y10 -> 102.2 | AA10: 0 | AB10: 61 | AC10: 33 | AD10: 1
A11: =A10+1 -> 2 | B11: 6887.27 | C11: 239063 | D11: =C11-C10 -> 66 | E11: =C11-152000 -> 87063 | F11: =D11/$D$2 -> 33.274515 | G11: 129.8 | H11: 0 | I11: =G11+H11 -> 129.8 | J11: =IF(L11>0,L11,0) -> 5.6745147 | K11: =I11+J11 -> 135.47451 | L11: =F11-(I11-X11) -> 5.6745147 | M11: 48.8 | N11: 0 | O11: 0 | P11: =M11-(N11+O11) -> 48.8 | Q11: 0 | R11: 19.2 | S11: =SUM(P11:R11) -> 68 | U11: 0 | V11: 34.2 | W11: =W10-V11 -> 15110.6 | X11: =N11+O11+S11+U11+V11 -> 102.2 | Y11: =IF(L11<0,L11*-1,0) -> 0 | Z11: =X11+Y11 -> 102.2 | AA11: 0.22 | AB11: 45 | AC11: 37 | AD11: =AD10+1 -> 2
A12: =A11+1 -> 3 | B12: 6887.28 | C12: 239096 | D12: =C12-C11 -> 33 | E12: =C12-152000 -> 87096 | F12: =D12/$D$2 -> 16.637257 | G12: 127.5 | H12: 0 | I12: =G12+H12 -> 127.5 | J12: =IF(L12>0,L12,0) -> 0 | K12: =I12+J12 -> 127.5 | L12: =F12-(I12-X12) -> -8.7627426 | M12: 48.8 | N12: 0 | O12: 0 | P12: =M12-(N12+O12) -> 48.8 | Q12: 0 | R12: 19.2 | S12: =SUM(P12:R12) -> 68 | U12: 0 | V12: 34.1 | W12: =W11-V12 -> 15076.5 | X12: =N12+O12+S12+U12+V12 -> 102.1 | Y12: =IF(L12<0,L12*-1,0) -> 8.7627426 | Z12: =X12+Y12 -> 110.86274 | AA12: 0 | AB12: 47 | AC12: 36 | AD12: =AD11+1 -> 3
A13: =A12+1 -> 4 | B13: 6887.29 | C13: 239129 | D13: =C13-C12 -> 33 | E13: =C13-152000 -> 87129 | F13: =D13/$D$2 -> 16.637257 | G13: 108.5 | H13: 0 | I13: =G13+H13 -> 108.5 | J13: =IF(L13>0,L13,0) -> 10.137257 | K13: =I13+J13 -> 118.63726 | L13: =F13-(I13-X13) -> 10.137257 | M13: 48.8 | N13: 0 | O13: 0 | P13: =M13-(N13+O13) -> 48.8 | Q13: 0 | R13: 19.2 | S13: =SUM(P13:R13) -> 68 | U13: 0 | V13: 34 | W13: =W12-V13 -> 15042.5 | X13: =N13+O13+S13+U13+V13 -> 102 | Y13: =IF(L13<0,L13*-1,0) -> 0 | Z13: =X13+Y13 -> 102 | AA13: 0 | AB13: 49 | AC13: 31 | AD13: =AD12+1 -> 4
A14: =A13+1 -> 5 | B14: 6887.31 | C14: 239195 | D14: =C14-C13 -> 66 | E14: =C14-152000 -> 87195 | F14: =D14/$D$2 -> 33.274515 | G14: 103 | H14: 0 | I14: =G14+H14 -> 103 | J14: =IF(L14>0,L14,0) -> 18.074515 | K14: =I14+J14 -> 121.07451 | L14: =F14-(I14-X14) -> 18.074515 | M14: 36 | N14: 0 | O14: 0 | P14: =M14-(N14+O14) -> 36 | Q14: 0 | R14: 19 | S14: =SUM(P14:R14) -> 55 | U14: 0 | V14: 32.8 | W14: =W13-V14 -> 15009.7 | X14: =N14+O14+S14+U14+V14 -> 87.8 | Y14: =IF(L14<0,L14*-1,0) -> 0 | Z14: =X14+Y14 -> 87.8 | AA14: 0 | AB14: 49 | AC14: 29 | AD14: =AD13+1 -> 5
A15: =A14+1 -> 6 | B15: 6887.33 | C15: 239260 | D15: =C15-C14 -> 65 | E15: =C15-152000 -> 87260 | F15: =D15/$D$2 -> 32.770355 | G15: 110.1 | H15: 0 | I15: =G15+H15 -> 110.1 | J15: =IF(L15>0,L15,0) -> 0 | K15: =I15+J15 -> 110.1 | L15: =F15-(I15-X15) -> -0.52964457 | M15: 26.2 | N15: 0 | O15: 0 | P15: =M15-(N15+O15) -> 26.2 | Q15: 0 | R15: 18.8 | S15: =SUM(P15:R15) -> 45 | U15: 0 | V15: 31.8 | W15: =W14-V15 -> 14977.9 | X15: =N15+O15+S15+U15+V15 -> 76.8 | Y15: =IF(L15<0,L15*-1,0) -> 0.52964457 | Z15: =X15+Y15 -> 77.329645 | AA15: 0.13 | AB15: 39 | AC15: 21 | AD15: =AD14+1 -> 6
A16: =A15+1 -> 7 | B16: 6887.35 | C16: 239326 | D16: =C16-C15 -> 66 | E16: =C16-152000 -> 87326 | F16: =D16/$D$2 -> 33.274515 | G16: 106.5 | H16: 0 | I16: =G16+H16 -> 106.5 | J16: =IF(L16>0,L16,0) -> 0 | K16: =I16+J16 -> 106.5 | L16: =F16-(I16-X16) -> -0.42548525 | M16: 23.3 | N16: 0 | O16: 0 | P16: =M16-(N16+O16) -> 23.3 | Q16: 0 | R16: 18.7 | S16: =SUM(P16:R16) -> 42 | U16: 0 | V16: 30.8 | W16: =W15-V16 -> 14947.1 | X16: =N16+O16+S16+U16+V16 -> 72.8 | Y16: =IF(L16<0,L16*-1,0) -> 0.42548525 | Z16: =X16+Y16 -> 73.225485 | AA16: 0.49 | AB16: 41 | AC16: 24 | AD16: =AD15+1 -> 7
A17: =A16+1 -> 8 | B17: 6887.35 | C17: 239326 | D17: =C17-C16 -> 0 | E17: =C17-152000 -> 87326 | F17: =D17/$D$2 -> 0 | G17: 95.8 | H17: 0 | I17: =G17+H17 -> 95.8 | J17: =IF(L17>0,L17,0) -> 0 | K17: =I17+J17 -> 95.8 | L17: =F17-(I17-X17) -> -26.2 | M17: 20.9 | N17: 0 | O17: 0 | P17: =M17-(N17+O17) -> 20.9 | Q17: 0 | R17: 19.1 | S17: =SUM(P17:R17) -> 40 | U17: 0 | V17: 29.6 | W17: =W16-V17 -> 14917.5 | X17: =N17+O17+S17+U17+V17 -> 69.6 | Y17: =IF(L17<0,L17*-1,0) -> 26.2 | Z17: =X17+Y17 -> 95.8 | AA17: 0 | AB17: 39 | AC17: 22 | AD17: =AD16+1 -> 8
A18: =A17+1 -> 9 | B18: 6887.37 | C18: 239392 | D18: =C18-C17 -> 66 | E18: =C18-152000 -> 87392 | F18: =D18/$D$2 -> 33.274515 | G18: 92.4 | H18: 0 | I18: =G18+H18 -> 92.4 | J18: =IF(L18>0,L18,0) -> 10.574515 | K18: =I18+J18 -> 102.97451 | L18: =F18-(I18-X18) -> 10.574515 | M18: 20.9 | N18: 0 | O18: 0 | P18: =M18-(N18+O18) -> 20.9 | Q18: 0 | R18: 19.1 | S18: =SUM(P18:R18) -> 40 | U18: 0 | V18: 29.7 | W18: =W17-V18 -> 14887.8 | X18: =N18+O18+S18+U18+V18 -> 69.7 | Y18: =IF(L18<0,L18*-1,0) -> 0 | Z18: =X18+Y18 -> 69.7 | AA18: 0 | AB18: 42 | AC18: 20 | AD18: =AD17+1 -> 9
A19: =A18+1 -> 10 | B19: 6887.39 | C19: 239458 | D19: =C19-C18 -> 66 | E19: =C19-152000 -> 87458 | F19: =D19/$D$2 -> 33.274515 | G19: 94.1 | H19: 0 | I19: =G19+H19 -> 94.1 | J19: =IF(L19>0,L19,0) -> 8.8745147 | K19: =I19+J19 -> 102.97451 | L19: =F19-(I19-X19) -> 8.8745147 | M19: 20.9 | N19: 0 | O19: 0 | P19: =M19-(N19+O19) -> 20.9 | Q19: 0 | R19: 19.1 | S19: =SUM(P19:R19) -> 40 | U19: 0 | V19: 29.7 | W19: =W18-V19 -> 14858.1 | X19: =N19+O19+S19+U19+V19 -> 69.7 | Y19: =IF(L19<0,L19*-1,0) -> 0 | Z19: =X19+Y19 -> 69.7 | AA19: 0 | AB19: 53 | AC19: 24 | AD19: =AD18+1 -> 10
A20: =A19+1 -> 11 | B20: 6887.41 | C20: 239524 | D20: =C20-C19 -> 66 | E20: =C20-152000 -> 87524 | F20: =D20/$D$2 -> 33.274515 | G20: 95.7 | H20: 0 | I20: =G20+H20 -> 95.7 | J20: =IF(L20>0,L20,0) -> 7.2745147 | K20: =I20+J20 -> 102.97451 | L20: =F20-(I20-X20) -> 7.2745147 | M20: 20.9 | N20: 0 | O20: 0 | P20: =M20-(N20+O20) -> 20.9 | Q20: 0 | R20: 19.1 | S20: =SUM(P20:R20) -> 40 | U20: 0 | V20: 29.7 | W20: =W19-V20 -> 14828.4 | X20: =N20+O20+S20+U20+V20 -> 69.7 | Y20: =IF(L20<0,L20*-1,0) -> 0 | Z20: =X20+Y20 -> 69.7 | AA20: 0 | AB20: 55 | AC20: 23 | AD20: =AD19+1 -> 11
A21: =A20+1 -> 12 | B21: 6887.4 | C21: 239491 | D21: =C21-C20 -> -33 | E21: =C21-152000 -> 87491 | F21: =D21/$D$2 -> -16.637257 | G21: 95.3 | H21: 0 | I21: =G21+H21 -> 95.3 | J21: =IF(L21>0,L21,0) -> 0 | K21: =I21+J21 -> 95.3 | L21: =F21-(I21-X21) -> -36.237257 | M21: 27.5 | N21: 0 | O21: 0 | P21: =M21-(N21+O21) -> 27.5 | Q21: 0 | R21: 18.5 | S21: =SUM(P21:R21) -> 46 | U21: 0 | V21: 29.7 | W21: =W20-V21 -> 14798.7 | X21: =N21+O21+S21+U21+V21 -> 75.7 | Y21: =IF(L21<0,L21*-1,0) -> 36.237257 | Z21: =X21+Y21 -> 111.93726 | AA21: 0 | AB21: 62 | AC21: 23 | AD21: =AD20+1 -> 12
A22: =A21+1 -> 13 | B22: 6887.41 | C22: 239524 | D22: =C22-C21 -> 33 | E22: =C22-152000 -> 87524 | F22: =D22/$D$2 -> 16.637257 | G22: 97.2 | H22: 0 | I22: =G22+H22 -> 97.2 | J22: =IF(L22>0,L22,0) -> 0 | K22: =I22+J22 -> 97.2 | L22: =F22-(I22-X22) -> -2.0627426 | M22: 31.2 | N22: 0 | O22: 0 | P22: =M22-(N22+O22) -> 31.2 | Q22: 0 | R22: 17.8 | S22: =SUM(P22:R22) -> 49 | U22: 0 | V22: 29.5 | W22: =W21-V22 -> 14769.2 | X22: =N22+O22+S22+U22+V22 -> 78.5 | Y22: =IF(L22<0,L22*-1,0) -> 2.0627426 | Z22: =X22+Y22 -> 80.562743 | AA22: 0 | AB22: 61 | AC22: 22 | AD22: =AD21+1 -> 13
... A38: =A37+1 -> 29 | B38: 6887.62 | C38: 240216 | D38: =C38-C37 -> -66 | E38: =C38-152000 -> 88216 | F38: =D38/$D$2 -> -33.274515 | G38: 52.5 | H38: 0 | I38: =G38+H38 -> 52.5 | J38: =IF(L38>0,L38,0) -> 0 | K38: =I38+J38 -> 52.5 | L38: =F38-(I38-X38) -> -50.074515 | M38: 6.7 | N38: 0 | O38: 0 | P38: =M38-(N38+O38) -> 6.7 | Q38: 0 | R38: 0 | S38: =SUM(P38:R38) -> 6.7 | U38: 0 | V38: 29 | W38: =W37-V38 -> 14294.1 | X38: =N38+O38+S38+U38+V38 -> 35.7 | Y38: =IF(L38<0,L38*-1,0) -> 50.074515 | Z38: =X38+Y38 -> 85.774515 | AA38: 0 | AB38: 43 | AC38: 7 | AD38: =AD37+1 -> 29
A39: 30 | B39: 6887.63 | C39: 240249 | D39: =C39-C38 -> 33 | E39: =C39-152000 -> 88249 | F39: =D39/$D$2 -> 16.637257 | G39: 52.7 | H39: 0 | I39: =G39+H39 -> 52.7 | J39: =IF(L39>0,L39,0) -> 0 | K39: =I39+J39 -> 52.7 | L39: =F39-(I39-X39) -> -0.062742627 | M39: 6.7 | N39: 0 | O39: 0 | P39: =M39-(N39+O39) -> 6.7 | Q39: 0 | R39: 0 | S39: =SUM(P39:R39) -> 6.7 | U39: 0 | V39: 29.3 | W39: =W38-V39 -> 14264.8 | X39: =N39+O39+S39+U39+V39 -> 36 | Y39: =IF(L39<0,L39*-1,0) -> 0.062742627 | Z39: =X39+Y39 -> 36.062743 | AA39: 0 | AB39: 38 | AC39: 12 | AD39: 30
A41: MONTH / CFS | F41: =SUM(F10:F39) -> 697.75649 | G41: =SUM(G10:G39) -> 2871.7 | H41: =SUM(H10:H39) -> 0 | I41: =SUM(I10:I39) -> 2871.7 | J41: =SUM(J10:J39) -> 184.0763 | K41: =SUM(K10:K39) -> 3055.7763 | L41: =SUM(L10:L39) -> -170.44351 | M41: =SUM(M10:M40) -> 716.9 | N41: =SUM(N10:N39) -> 0 | O41: =SUM(O10:O39) -> 0 | P41: =SUM(P10:P39) -> 716.9 | Q41: =SUM(Q10:Q39) -> 0 | R41: =SUM(R10:R39) -> 372.4 | S41: =SUM(S10:S39) -> 1089.3 | U41: =SUM(U10:U39) -> 0 | V41: =SUM(V10:V39) -> 914.2 | X41: =SUM(X10:X39) -> 2003.5 | Y41: =SUM(Y10:Y39) -> 354.51981 | Z41: =SUM(Z10:Z39) -> 2358.0198 | AA41: =SUM(AA10:AA39) -> 1.48 | AB41: =AVERAGE(AB10:AB39) -> 50.6 | AC41: =AVERAGE(AC10:AC39) -> 23.133333 | AD41: Avg
A42: MONTH / AF | D42: =SUM(D10:D39) -> 1384 | F42: =F41*$D$2 -> 1384 | G42: =G41*$D$2 -> 5696.017 | H42: =H41*$D$2 -> 0 | I42: =I41*$D$2 -> 5696.017 | J42: =J41*$D$2 -> 365.11535 | K42: =K41*$D$2 -> 6061.1323 | L42: =L41*$D$2 -> -338.0747 | M42: =M41*$D$2 -> 1421.9712 | ... S42: =S41*$D$2 -> 2160.6265 | U42: =U41*$D$2 -> 0 | V42: =V41*$D$2 -> 1813.3157 | X42: =X41*$D$2 -> 3973.9423 | Y42: =Y41*$D$2 -> 703.19005 | Z42: =Z41*$D$2 -> 4677.1323 | AB42: =MAX(AB10:AB39) -> 62 | AC42: =MAX(AC10:AC39) -> 43 | AD42: HI
A44: SEASON / CFS | AB44: =MIN(AB10:AB39) -> 30 | AC44: =MIN(AC10:AC39) -> 5 | AD44: LO
A45: SEASON / AF
A47: YTD / CFS | F47: =F8+F41 -> 697.75649 | G47: =G8+G41 -> 2871.7 | H47: =H8+H41 -> 0 | I47: =I8+I41 -> 2871.7 | J47: =J8+J41 -> 184.0763 | K47: =K8+K41 -> 3055.7763 | L47: =L8+L41 -> -170.44351 | M47: =M8+M41 -> 716.9 | ... S47: =S8+S41 -> 1089.3 | U47: =U8+U41 -> 0 | V47: =V8+V41 -> 914.2 | W47: =W39 -> 14264.8 | X47: =X8+X41 -> 2003.5 | Y47: =Y8+Y41 -> 354.51981 | Z47: =Z8+Z41 -> 2358.0198 | AA47: =AA8+AA41 -> 1.48
A48: YTD / AF | D48: =D8+D42 -> 1384 | E48: =E39 -> 88249 | F48: =F47*$D$2 -> 1384 | G48: =G47*$D$2 -> 5696.017 | H48: =H47*$D$2 -> 0 | I48: =I47*$D$2 -> 5696.017 | J48: =J47*$D$2 -> 365.11535 | K48: =K47*$D$2 -> 6061.1323 | L48: =L47*$D$2 -> -338.0747 | M48: =M47*$D$2 -> 1421.9712 | ... Z48: =Z47*$D$2 -> 4677.1323

Sheet DEC
K1: MC PHEE RESERVOIR IN/OUT FLOW TABULATION
A2: AF/cfs CONVERT FACTOR | D2: 1.9835 | K2: DECEMBER "1990"
A4: DATE | B4: RESERV | C4: RESERV | D4: AC FT | E4: ACTIVE | F4: CONV TO | G4: DOLORES | H4: LOST | I4: RECORDED | J4: CALC | K4: TOTAL | L4: CALC | M4: TUNNEL | Q4: LONE | R4: U | S4: TOTAL | T4: MVI | U4: DV CR | V4: BELOW | W4: REMAIN | X4: RECORDED | Y4: CALC | Z4: TOTAL | AA4: RAIN | AB4: MAX | AC4: MIN | AD4: DATE
A5: "DEC" | B5: ELEV | C5: AC FT | D5: CHANGE | E5: CAP | F5: CFS | G5: RIVER | H5: CANYON | I5: INFLOW | J5: INFLOW | K5: INFLOW | L5: INF/OTF | M5: TOT DIV | N5: WETLAND | O5: UTE F&R | P5: MVI,CTZ | Q5: PINE | R5: LAT | S5: MVI | T5: CALL | U5: CANAL | V5: MC PHEE | W5: RELEASE | X5: OUTFLOW | Y5: OUTFLOW | Z5: OUTFLOW | AB5: TMP | AC5: TMP | AD5: "DEC"
A7: SEASON BAL
A8: YTD | B8: =NOV!B39 -> 6887.63 | C8: =NOV!C39 -> 240249 | D8: =NOV!$D$48 -> 1384 | E8: =NOV!$E$39 -> 88249 | F8: =NOV!F47 -> 697.75649 | G8: =NOV!G47 -> 2871.7 | H8: =NOV!H47 -> 0 | I8: =NOV!I47 -> 2871.7 | J8: =NOV!J47 -> 184.0763 | K8: =NOV!K47 -> 3055.7763 | L8: =NOV!L47 -> -170.44351 | M8: =NOV!M47 -> 716.9 | ... AA8: =NOV!AA47 -> 1.48
A10: 1 | B10: 6887.64 | C10: 240282 | D10: =C10-C8 -> 33 | E10: =C10-152000 -> 88282 | F10: =D10/$D$2 -> 16.637257 | G10: 52.8 | H10: 0 | I10: =G10+H10 -> 52.8 | J10: =IF(L10>0,L10,0) -> 0 | K10: =I10+J10 -> 52.8 | L10: =F10-(I10-X10) -> -0.062742627 | M10: 6.7 | N10: 0 | O10: 0 | P10: =M10-(N10+O10) -> 6.7 | Q10: 0 | R10: 0 | S10: =SUM(P10:R10) -> 6.7 | U10: 0 | V10: 29.4 | W10: =W8-V10 -> 14235.4 | X10: =N10+O10+S10+U10+V10 -> 36.1 | Y10: =IF(L10<0,L10*-1,0) -> 0.062742627 | Z10: =X10+Y10 -> 36.162743 | AA10: 0 | AB10: 35 | AC10: 11 | AD10: 1
A11: =A10+1 -> 2 | B11: 6887.64 | C11: 240282 | D11: =C11-C10 -> 0 | E11: =C11-152000 -> 88282 | F11: =D11/$D$2 -> 0 | G11: 33.4 | H11: 0 | I11: =G11+H11 -> 33.4 | J11: =IF(L11>0,L11,0) -> 0 | K11: =I11+J11 -> 33.4 | L11: =F11-(I11-X11) -> 0 | M11: 4.4 | N11: 0 | O11: 0 | P11: =M11-(N11+O11) -> 4.4 | Q11: 0 | R11: 0 | S11: =SUM(P11:R11) -> 4.4 | U11: 0 | V11: 29 | W11: =W10-V11 -> 14206.4 | X11: =N11+O11+S11+U11+V11 -> 33.4 | Y11: =IF(L11<0,L11*-1,0) -> 0 | Z11: =X11+Y11 -> 33.4 | AA11: 0 | AB11: 26 | AC11: 7 | AD11: =AD10+1 -> 2
A12: =A11+1 -> 3 | B12: 6887.65 | C12: 240315 | D12: =C12-C11 -> 33 | E12: =C12-152000 -> 88315 | F12: =D12/$D$2 -> 16.637257 | G12: 50 | H12: 0 | I12: =G12+H12 -> 50 | J12: =IF(L12>0,L12,0) -> 0.037257373 | K12: =I12+J12 -> 50.037257 | L12: =F12-(I12-X12) -> 0.037257373 | M12: 4.4 | N12: 0 | O12: 0 | P12: =M12-(N12+O12) -> 4.4 | Q12: 0 | R12: 0 | S12: =SUM(P12:R12) -> 4.4 | U12: 0 | V12: 29 | W12: =W11-V12 -> 14177.4 | X12: =N12+O12+S12+U12+V12 -> 33.4 | Y12: =IF(L12<0,L12*-1,0) -> 0 | Z12: =X12+Y12 -> 33.4 | AA12: 0 | AB12: 34 | AC12: 0 | AD12: =AD11+1 -> 3
A13: =A12+1 -> 4 | B13: 6887.66 | C13: 240348 | D13: =C13-C12 -> 33 | E13: =C13-152000 -> 88348 | F13: =D13/$D$2 -> 16.637257 | G13: 50.5 | H13: 0 | I13: =G13+H13 -> 50.5 | J13: =IF(L13>0,L13,0) -> 0.037257373 | K13: =I13+J13 -> 50.537257 | L13: =F13-(I13-X13) -> 0.037257373 | M13: 4.2 | N13: 0 | O13: 0 | P13: =M13-(N13+O13) -> 4.2 | Q13: 0 | R13: 0 | S13: =SUM(P13:R13) -> 4.2 | U13: 0 | V13: 29.7 | W13: =W12-V13 -> 14147.7 | X13: =N13+O13+S13+U13+V13 -> 33.9 | Y13: =IF(L13<0,L13*-1,0) -> 0 | Z13: =X13+Y13 -> 33.9 | AA13: 0 | AB13: 36 | AC13: 9 | AD13: =AD12+1 -> 4
A14: =A13+1 -> 5 | B14: 6887.673 | C14: 240381 | D14: =C14-C13 -> 33 | E14: =C14-152000 -> 88381 | F14: =D14/$D$2 -> 16.637257 | G14: 51.2 | H14: 0 | I14: =G14+H14 -> 51.2 | J14: =IF(L14>0,L14,0) -> 0.037257373 | K14: =I14+J14 -> 51.237257 | L14: =F14-(I14-X14) -> 0.037257373 | M14: 4.1 | N14: 0 | O14: 0 | P14: =M14-(N14+O14) -> 4.1 | Q14: 0 | R14: 0 | S14: =SUM(P14:R14) -> 4.1 | U14: 0 | V14: 30.5 | W14: =W13-V14 -> 14117.2 | X14: =N14+O14+S14+U14+V14 -> 34.6 | Y14: =IF(L14<0,L14*-1,0) -> 0 | Z14: =X14+Y14 -> 34.6 | AA14: 0 | AB14: 39 | AC14: 12 | AD14: =AD13+1 -> 5
A15: =A14+1 -> 6 | B15: 6887.68 | C15: 240414 | D15: =C15-C14 -> 33 | E15: =C15-152000 -> 88414 | F15: =D15/$D$2 -> 16.637257 | G15: 51.2 | H15: 0 | I15: =G15+H15 -> 51.2 | J15: =IF(L15>0,L15,0) -> 0 | K15: =I15+J15 -> 51.2 | L15: =F15-(I15-X15) -> -0.062742627 | M15: 4 | N15: 0 | O15: 0 | P15: =M15-(N15+O15) -> 4 | Q15: 0 | R15: 0 | S15: =SUM(P15:R15) -> 4 | U15: 0 | V15: 30.5 | W15: =W14-V15 -> 14086.7 | X15: =N15+O15+S15+U15+V15 -> 34.5 | Y15: =IF(L15<0,L15*-1,0) -> 0.062742627 | Z15: =X15+Y15 -> 34.562743 | AA15: 0 | AB15: 31 | AC15: 9 | AD15: =AD14+1 -> 6
A16: =A15+1 -> 7 | B16: 6887.69 | C16: 240447 | D16: =C16-C15 -> 33 | E16: =C16-152000 -> 88447 | F16: =D16/$D$2 -> 16.637257 | G16: 51.2 | H16: 0 | I16: =G16+H16 -> 51.2 | J16: =IF(L16>0,L16,0) -> 0.037257373 | K16: =I16+J16 -> 51.237257 | L16: =F16-(I16-X16) -> 0.037257373 | M16: 4.1 | N16: 0 | O16: 0 | P16: =M16-(N16+O16) -> 4.1 | Q16: 0 | R16: 0 | S16: =SUM(P16:R16) -> 4.1 | U16: 0 | V16: 30.5 | W16: =W15-V16 -> 14056.2 | X16: =N16+O16+S16+U16+V16 -> 34.6 | Y16: =IF(L16<0,L16*-1,0) -> 0 | Z16: =X16+Y16 -> 34.6 | AA16: 0 | AB16: 12 | AC16: 7 | AD16: =AD15+1 -> 7
A17: =A16+1 -> 8 | B17: 6887.7 | C17: 240480 | D17: =C17-C16 -> 33 | E17: =C17-152000 -> 88480 | F17: =D17/$D$2 -> 16.637257 | G17: 51 | H17: 0 | I17: =G17+H17 -> 51 | J17: =IF(L17>0,L17,0) -> 0.037257373 | K17: =I17+J17 -> 51.037257 | L17: =F17-(I17-X17) -> 0.037257373 | M17: 4.1 | N17: 0 | O17: 0 | P17: =M17-(N17+O17) -> 4.1 | Q17: 0 | R17: 0 | S17: =SUM(P17:R17) -> 4.1 | U17: 0 | V17: 30.3 | W17: =W16-V17 -> 14025.9 | X17: =N17+O17+S17+U17+V17 -> 34.4 | Y17: =IF(L17<0,L17*-1,0) -> 0 | Z17: =X17+Y17 -> 34.4 | AA17: 0 | AB17: 37 | AC17: 10 | AD17: =AD16+1 -> 8
A18: =A17+1 -> 9 | B18: 6887.71 | C18: 240513 | D18: =C18-C17 -> 33 | E18: =C18-152000 -> 88513 | F18: =D18/$D$2 -> 16.637257 | G18: 50.4 | H18: 0 | I18: =G18+H18 -> 50.4 | J18: =IF(L18>0,L18,0) -> 0.037257373 | K18: =I18+J18 -> 50.437257 | L18: =F18-(I18-X18) -> 0.037257373 | M18: 4.1 | N18: 0 | O18: 0 | P18: =M18-(N18+O18) -> 4.1 | Q18: 0 | R18: 0 | S18: =SUM(P18:R18) -> 4.1 | U18: 0 | V18: 29.7 | W18: =W17-V18 -> 13996.2 | X18: =N18+O18+S18+U18+V18 -> 33.8 | Y18: =IF(L18<0,L18*-1,0) -> 0 | Z18: =X18+Y18 -> 33.8 | AA18: 0 | AB18: 42 | AC18: 11 | AD18: =AD17+1 -> 9
A19: =A18+1 -> 10 | B19: 6887.73 | C19: 240579 | D19: =C19-C18 -> 66 | E19: =C19-152000 -> 88579 | F19: =D19/$D$2 -> 33.274515 | G19: 67.9 | H19: 0 | I19: =G19+H19 -> 67.9 | J19: =IF(L19>0,L19,0) -> 0.074514747 | K19: =I19+J19 -> 67.974515 | L19: =F19-(I19-X19) -> 0.074514747 | M19: 4.1 | N19: 0 | O19: 0 | P19: =M19-(N19+O19) -> 4.1 | Q19: 0 | R19: 0 | S19: =SUM(P19:R19) -> 4.1 | U19: 0 | V19: 30.6 | W19: =W18-V19 -> 13965.6 | X19: =N19+O19+S19+U19+V19 -> 34.7 | Y19: =IF(L19<0,L19*-1,0) -> 0 | Z19: =X19+Y19 -> 34.7 | AA19: 0 | AB19: 41 | AC19: 12 | AD19: =AD18+1 -> 10
A20: =A19+1 -> 11 | B20: 6887.76 | C20: 240678 | D20: =C20-C19 -> 99 | E20: =C20-152000 -> 88678 | F20: =D20/$D$2 -> 49.911772 | G20: 85.2 | H20: 0 | I20: =G20+H20 -> 85.2 | J20: =IF(L20>0,L20,0) -> 0.01177212 | K20: =I20+J20 -> 85.211772 | L20: =F20-(I20-X20) -> 0.01177212 | M20: 4.1 | N20: 0 | O20: 0 | P20: =M20-(N20+O20) -> 4.1 | Q20: 0 | R20: 0 | S20: =SUM(P20:R20) -> 4.1 | U20: 0 | V20: 31.2 | W20: =W19-V20 -> 13934.4 | X20: =N20+O20+S20+U20+V20 -> 35.3 | Y20: =IF(L20<0,L20*-1,0) -> 0 | Z20: =X20+Y20 -> 35.3 | AA20: 0 | AB20: 54 | AC20: 11 | AD20: =AD19+1 -> 11
A21: =A20+1 -> 12 | B21: 6887.78 | C21: 240744 | D21: =C21-C20 -> 66 | E21: =C21-152000 -> 88744 | F21: =D21/$D$2 -> 33.274515 | G21: 71 | H21: 0 | I21: =G21+H21 -> 71 | J21: =IF(L21>0,L21,0) -> 0.074514747 | K21: =I21+J21 -> 71.074515 | L21: =F21-(I21-X21) -> 0.074514747 | M21: 4.1 | N21: 0 | O21: 0 | P21: =M21-(N21+O21) -> 4.1 | Q21: 0 | R21: 0 | S21: =SUM(P21:R21) -> 4.1 | U21: 0 | V21: 33.7 | W21: =W20-V21 -> 13900.7 | X21: =N21+O21+S21+U21+V21 -> 37.8 | Y21: =IF(L21<0,L21*-1,0) -> 0 | Z21: =X21+Y21 -> 37.8 | AA21: 0.16 | AB21: 39 | AC21: 30 | AD21: =AD20+1 -> 12
A22: =A21+1 -> 13 | B22: 6887.81 | C22: 240843 | D22: =C22-C21 -> 99 | E22: =C22-152000 -> 88843 | F22: =D22/$D$2 -> 49.911772 | G22: 89.4 | H22: 0 | I22: =G22+H22 -> 89.4 | J22: =IF(L22>0,L22,0) -> 0.11177212 | K22: =I22+J22 -> 89.511772 | L22: =F22-(I22-X22) -> 0.11177212 | M22: 4.1 | N22: 0 | O22: 0 | P22: =M22-(N22+O22) -> 4.1 | Q22: 0 | R22: 0 | S22: =SUM(P22:R22) -> 4.1 | U22: 0 | V22: 35.5 | W22: =W21-V22 -> 13865.2 | X22: =N22+O22+S22+U22+V22 -> 39.6 | Y22: =IF(L22<0,L22*-1,0) -> 0 | Z22: =X22+Y22 -> 39.6 | AA22: 0.12 | AB22: 36 | AC22: 32 | AD22: =AD21+1 -> 13
... A38: =A37+1 -> 29 | B38: 6887.97 | C38: 241370 | D38: =C38-C37 -> 66 | E38: =C38-152000 -> 89370 | F38: =D38/$D$2 -> 33.274515 | G38: 69.2 | H38: 0 | I38: =G38+H38 -> 69.2 | J38: =IF(L38>0,L38,0) -> 0.074514747 | K38: =I38+J38 -> 69.274515 | L38: =F38-(I38-X38) -> 0.074514747 | M38: 4.1 | N38: 0 | O38: 0 | P38: =M38-(N38+O38) -> 4.1 | Q38: 0 | R38: 0 | S38: =SUM(P38:R38) -> 4.1 | U38: 0 | V38: 31.9 | W38: =W37-V38 -> 13328.7 | X38: =N38+O38+S38+U38+V38 -> 36 | Y38: =IF(L38<0,L38*-1,0) -> 0 | Z38: =X38+Y38 -> 36 | AA38: 0.19 | AB38: 37 | AC38: 8 | AD38: =AD37+1 -> 29
A39: 30 | B39: 6888 | C39: 241469 | D39: =C39-C38 -> 99 | E39: =C39-152000 -> 89469 | F39: =D39/$D$2 -> 49.911772 | G39: 85.9 | H39: 0 | I39: =G39+H39 -> 85.9 | J39: =IF(L39>0,L39,0) -> 0.01177212 | K39: =I39+J39 -> 85.911772 | L39: =F39-(I39-X39) -> 0.01177212 | M39: 4.1 | N39: 0 | O39: 0 | P39: =M39-(N39+O39) -> 4.1 | Q39: 0 | R39: 0 | S39: =SUM(P39:R39) -> 4.1 | U39: 0 | V39: 31.9 | W39: =W38-V39 -> 13296.8 | X39: =N39+O39+S39+U39+V39 -> 36 | Y39: =IF(L39<0,L39*-1,0) -> 0 | Z39: =X39+Y39 -> 36 | AA39: 0 | AB39: 33 | AC39: 10 | AD39: 30
A40: 31 | B40: 6888.02 | C40: 241536 | D40: =C40-C39 -> 67 | E40: =C40-152000 -> 89536 | F40: =D40/$D$2 -> 33.778674 | G40: 69.8 | H40: 0 | I40: =G40+H40 -> 69.8 | J40: =IF(L40>0,L40,0) -> 0 | K40: =I40+J40 -> 69.8 | L40: =F40-(I40-X40) -> -0.021325939 | M40: 4.1 | N40: 0 | O40: 0 | P40: =M40-(N40+O40) -> 4.1 | Q40: 0 | R40: 0 | S40: =SUM(P40:R40) -> 4.1 | U40: 0 | V40: 31.9 | W40: =W39-V40 -> 13264.9 | X40: =N40+O40+S40+U40+V40 -> 36 | Y40: =IF(L40<0,L40*-1,0) -> 0.021325939 | Z40: =X40+Y40 -> 36.021326 | AA40: 0 | AB40: 32 | AC40: -11 | AD40: 31
A42: MONTH / CFS | F42: =SUM(F10:F40) -> 648.85304 | G42: =SUM(G10:G40) -> 1778.2 | H42: =SUM(H10:H40) -> 0 | I42: =SUM(I10:I40) -> 1778.2 | J42: =SUM(J10:J40) -> 1.0041845 | K42: =SUM(K10:K40) -> 1779.2042 | L42: =SUM(L10:L40) -> 0.85303756 | M42: =SUM(M10:M40) -> 130.3 | ... S42: =SUM(S10:S40) -> 130.3 | U42: =SUM(U10:U40) -> 0 | V42: =SUM(V10:V40) -> 999.9 | X42: =SUM(X10:X40) -> 1130.2 | Y42: =SUM(Y10:Y40) -> 0.15114696 | Z42: =SUM(Z10:Z40) -> 1130.3511 | AA42: =SUM(AA10:AA40) -> 0.85 | AB42: =AVERAGE(AB10:AB40) -> 30 | AC42: =AVERAGE(AC10:AC40) -> 8.2580645 | AD42: Avg
A43: MONTH / AF | D43: =SUM(D10:D40) -> 1287 | F43: =F42*$D$2 -> 1287 | G43: =G42*$D$2 -> 3527.0597 | H43: =H42*$D$2 -> 0 | I43: =I42*$D$2 -> 3527.0597 | J43: =J42*$D$2 -> 1.9918 | K43: =K42*$D$2 -> 3529.0515 | L43: =L42*$D$2 -> 1.692 | M43: =M42*$D$2 -> 258.45005 | ... S43: =S42*$D$2 -> 258.45005 | U43: =U42*$D$2 -> 0 | V43: =V42*$D$2 -> 1983.3017 | X43: =X42*$D$2 -> 2241.7517 | Y43: =Y42*$D$2 -> 0.2998 | Z43: =Z42*$D$2 -> 2242.0515 | AB43: =MAX(AB10:AB40) -> 54 | AC43: =MAX(AC10:AC40) -> 32 | AD43: HI
A45: SEASON / CFS | AB45: =MIN(AB10:AB40) -> 8 | AC45: =MIN(AC10:AC40) -> -13 | AD45: LO
A46: SEASON / AF
A48: YTD / CFS | F48: =F8+F42 -> 1346.6095 | G48: =G8+G42 -> 4649.9 | H48: =H8+H42 -> 0 | I48: =I8+I42 -> 4649.9 | J48: =J8+J42 -> 185.08049 | K48: =K8+K42 -> 4834.9805 | L48: =L8+L42 -> -169.59047 | M48: =M8+M42 -> 847.2 | ... S48: =S8+S42 -> 1219.6 | U48: =U8+U42 -> 0 | V48: =V8+V42 -> 1914.1 | W48: =W40 -> 13264.9 | X48: =X8+X42 -> 3133.7 | Y48: =Y8+Y42 -> 354.67096 | Z48: =Z8+Z42 -> 3488.371 | AA48: =AA8+AA42 -> 2.33
A49: YTD / AF | D49: =D8+D43 -> 2671 | E49: =E40 -> 89536 | F49: =F48*$D$2 -> 2671 | G49: =G48*$D$2 -> 9223.0767 | H49: =H48*$D$2 -> 0 | I49: =I48*$D$2 -> 9223.0767 | J49: =J48*$D$2 -> 367.10715 | K49: =K48*$D$2 -> 9590.1838 | L49: =L48*$D$2 -> -336.3827 | M49: =M48*$D$2 -> 1680.4212 | ... Z49: =Z48*$D$2 -> 6919.1838

Sheet JAN
K1: MC PHEE RESERVOIR IN/OUT FLOW TABULATION
A2: AF/cfs CONVERT FACTOR | D2: 1.9835 | K2: JANUARY "1991"
A4: DATE | B4: RESERV | C4: RESERV | D4: AC FT | E4: ACTIVE | F4: CONV TO | G4: DOLORES | H4: LOST | I4: RECORDED | J4: CALC | K4: TOTAL | L4: CALC | M4: TUNNEL | Q4: LONE | R4: U | S4: TOTAL | T4: MVI | U4: DV CR | V4: BELOW | W4: REMAIN | X4: RECORDED | Y4: CALC | Z4: TOTAL | AA4: RAIN | AB4: MAX | AC4: MIN | AD4: DATE
A5: "JAN" | B5: ELEV | C5: AC FT | D5: CHANGE | E5: CAP | F5: CFS | G5: RIVER | H5: CANYON | I5: INFLOW | J5: INFLOW | K5: INFLOW | L5: INF/OTF | M5: TOT DIV | N5: WETLAND | O5: UTE F&R | P5: MVI,CTZ | Q5: PINE | R5: LAT | S5: MVI | T5: CALL | U5: CANAL | V5: MC PHEE | W5: RELEASE | X5: OUTFLOW | Y5: OUTFLOW | Z5: OUTFLOW | AB5: TMP | AC5: TMP | AD5: "JAN"
A7: SEASON BAL
A8: YTD | B8: =DEC!B40 -> 6888.02 | C8: =DEC!C40 -> 241536 | D8: =DEC!$D$49 -> 2671 | E8: =DEC!$E$40 -> 89536 | F8: =DEC!F48 -> 1346.6095 | G8: =DEC!G48 -> 4649.9 | H8: =DEC!H48 -> 0 | I8: =DEC!I48 -> 4649.9 | J8: =DEC!J48 -> 185.08049 | K8: =DEC!K48 -> 4834.9805 | L8: =DEC!L48 -> -169.59047 | M8: =DEC!M48 -> 847.2 | ... AA8: =DEC!AA48 -> 2.33
A10: 1 | B10: 6888.03 | C10: 241569 | D10: =C10-C8 -> 33 | E10: =C10-152000 -> 89569 | F10: =D10/$D$2 -> 16.637257 | G10: 52.6 | H10: 0 | I10: =G10+H10 -> 52.6 | J10: =IF(L10>0,L10,0) -> 0.037257373 | K10: =I10+J10 -> 52.637257 | L10: =F10-(I10-X10) -> 0.037257373 | M10: 4.1 | N10: 0 | O10: 0 | P10: =M10-(N10+O10) -> 4.1 | Q10: 0 | R10: 0 | S10: =SUM(P10:R10) -> 4.1 | U10: 0 | V10: 31.9 | W10: =W8-V10 -> 13233 | X10: =N10+O10+S10+U10+V10 -> 36 | Y10: =IF(L10<0,L10*-1,0) -> 0 | Z10: =X10+Y10 -> 36 | AA10: 0 | AB10: 32 | AC10: -2 | AD10: 1
A11: =A10+1 -> 2 | B11: 6888.05 | C11: 241636 | D11: =C11-C10 -> 67 | E11: =C11-152000 -> 89636 | F11: =D11/$D$2 -> 33.778674 | G11: 69.5 | H11: 0 | I11: =G11+H11 -> 69.5 | J11: =IF(L11>0,L11,0) -> 0 | K11: =I11+J11 -> 69.5 | L11: =F11-(I11-X11) -> -0.021325939 | M11: 4.1 | N11: 0 | O11: 0 | P11: =M11-(N11+O11) -> 4.1 | Q11: 0 | R11: 0 | S11: =SUM(P11:R11) -> 4.1 | U11: 0 | V11: 31.6 | W11: =W10-V11 -> 13201.4 | X11: =N11+O11+S11+U11+V11 -> 35.7 | Y11: =IF(L11<0,L11*-1,0) -> 0.021325939 | Z11: =X11+Y11 -> 35.721326 | AA11: 0 | AB11: 39 | AC11: 3 | AD11: =AD10+1 -> 2
A12: =A11+1 -> 3 | B12: 6888.08 | C12: 241736 | D12: =C12-C11 -> 100 | E12: =C12-152000 -> 89736 | F12: =D12/$D$2 -> 50.415931 | G12: 85.7 | H12: 0 | I12: =G12+H12 -> 85.7 | J12: =IF(L12>0,L12,0) -> 0.015931434 | K12: =I12+J12 -> 85.715931 | L12: =F12-(I12-X12) -> 0.015931434 | M12: 4.1 | N12: 0 | O12: 0 | P12: =M12-(N12+O12) -> 4.1 | Q12: 0 | R12: 0 | S12: =SUM(P12:R12) -> 4.1 | U12: 0 | V12: 31.2 | W12: =W11-V12 -> 13170.2 | X12: =N12+O12+S12+U12+V12 -> 35.3 | Y12: =IF(L12<0,L12*-1,0) -> 0 | Z12: =X12+Y12 -> 35.3 | AA12: 0.47 | AB12: 39 | AC12: 5 | AD12: =AD11+1 -> 3
A13: =A12+1 -> 4 | B13: 3888.12 | C13: 241869 | D13: =C13-C12 -> 133 | E13: =C13-152000 -> 89869 | F13: =D13/$D$2 -> 67.053189 | G13: 95.9 | H13: 0 | I13: =G13+H13 -> 95.9 | J13: =IF(L13>0,L13,0) -> 0.053188808 | K13: =I13+J13 -> 95.953189 | L13: =F13-(I13-X13) -> 0.053188808 | M13: 4.1 | N13: 0 | O13: 0 | P13: =M13-(N13+O13) -> 4.1 | Q13: 0 | R13: 0 | S13: =SUM(P13:R13) -> 4.1 | U13: 0 | V13: 24.8 | W13: =W12-V13 -> 13145.4 | X13: =N13+O13+S13+U13+V13 -> 28.9 | Y13: =IF(L13<0,L13*-1,0) -> 0 | Z13: =X13+Y13 -> 28.9 | AA13: 0 | AB13: 36 | AC13: 7 | AD13: =AD12+1 -> 4
A14: =A13+1 -> 5 | B14: 6888.16 | C14: 242002 | D14: =C14-C13 -> 133 | E14: =C14-152000 -> 90002 | F14: =D14/$D$2 -> 67.053189 | G14: 98.7 | H14: 0 | I14: =G14+H14 -> 98.7 | J14: =IF(L14>0,L14,0) -> 0.053188808 | K14: =I14+J14 -> 98.753189 | L14: =F14-(I14-X14) -> 0.053188808 | M14: 4.1 | N14: 0 | O14: 0 | P14: =M14-(N14+O14) -> 4.1 | Q14: 0 | R14: 0 | S14: =SUM(P14:R14) -> 4.1 | U14: 0 | V14: 27.6 | W14: =W13-V14 -> 13117.8 | X14: =N14+O14+S14+U14+V14 -> 31.7 | Y14: =IF(L14<0,L14*-1,0) -> 0 | Z14: =X14+Y14 -> 31.7 | AA14: 0 | AB14: 42 | AC14: 8 | AD14: =AD13+1 -> 5
A15: =A14+1 -> 6 | B15: 6888.21 | C15: 242169 | D15: =C15-C14 -> 167 | E15: =C15-152000 -> 90169 | F15: =D15/$D$2 -> 84.194605 | G15: 115.8 | H15: 0 | I15: =G15+H15 -> 115.8 | J15: =IF(L15>0,L15,0) -> 0 | K15: =I15+J15 -> 115.8 | L15: =F15-(I15-X15) -> -0.0053945047 | M15: 4.1 | N15: 0 | O15: 0 | P15: =M15-(N15+O15) -> 4.1 | Q15: 0 | R15: 0 | S15: =SUM(P15:R15) -> 4.1 | U15: 0 | V15: 27.5 | W15: =W14-V15 -> 13090.3 | X15: =N15+O15+S15+U15+V15 -> 31.6 | Y15: =IF(L15<0,L15*-1,0) -> 0.0053945047 | Z15: =X15+Y15 -> 31.605395 | AA15: 0.35 | AB15: 38 | AC15: 11 | AD15: =AD14+1 -> 6
A16: =A15+1 -> 7 | B16: 6888.24 | C16: 242269 | D16: =C16-C15 -> 100 | E16: =C16-152000 -> 90269 | F16: =D16/$D$2 -> 50.415931 | G16: 83.8 | H16: 0 | I16: =G16+H16 -> 83.8 | J16: =IF(L16>0,L16,0) -> 0.015931434 | K16: =I16+J16 -> 83.815931 | L16: =F16-(I16-X16) -> 0.015931434 | M16: 4.1 | N16: 0 | O16: 0 | P16: =M16-(N16+O16) -> 4.1 | Q16: 0 | R16: 0 | S16: =SUM(P16:R16) -> 4.1 | U16: 0 | V16: 29.3 | W16: =W15-V16 -> 13061 | X16: =N16+O16+S16+U16+V16 -> 33.4 | Y16: =IF(L16<0,L16*-1,0) -> 0 | Z16: =X16+Y16 -> 33.4 | AA16: 0 | AB16: 43 | AC16: 13 | AD16: =AD15+1 -> 7
A17: =A16+1 -> 8 | B17: 6888.25 | C17: 242302 | D17: =C17-C16 -> 33 | E17: =C17-152000 -> 90302 | F17: =D17/$D$2 -> 16.637257 | G17: 52.5 | H17: 0 | I17: 36 | J17: =IF(L17>0,L17,0) -> 16.537257 | K17: =I17+J17 -> 52.537257 | L17: =F17-(I17-X17) -> 16.537257 | M17: 4.1 | N17: 0 | O17: 0 | P17: =M17-(N17+O17) -> 4.1 | Q17: 0 | R17: 0 | S17: =SUM(P17:R17) -> 4.1 | U17: 0 | V17: 31.8 | W17: =W16-V17 -> 13029.2 | X17: =N17+O17+S17+U17+V17 -> 35.9 | Y17: =IF(L17<0,L17*-1,0) -> 0 | Z17: =X17+Y17 -> 35.9 | AA17: 0 | AB17: 35 | AC17: 19 | AD17: =AD16+1 -> 8
A18: =A17+1 -> 9 | B18: 6888.25 | C18: 242302 | D18: =C18-C17 -> 0 | E18: =C18-152000 -> 90302 | F18: =D18/$D$2 -> 0 | G18: 36 | H18: 0 | I18: 36 | J18: =IF(L18>0,L18,0) -> 0 | K18: =I18+J18 -> 36 | L18: =F18-(I18-X18) -> 0 | M18: 4.1 | N18: 0 | O18: 0 | P18: =M18-(N18+O18) -> 4.1 | Q18: 0 | R18: 0 | S18: =SUM(P18:R18) -> 4.1 | U18: 0 | V18: 31.9 | W18: =W17-V18 -> 12997.3 | X18: =N18+O18+S18+U18+V18 -> 36 | Y18: =IF(L18<0,L18*-1,0) -> 0 | Z18: =X18+Y18 -> 36 | AA18: 0 | AB18: 40 | AC18: 17 | AD18: =AD17+1 -> 9
A19: =A18+1 -> 10 | B19: 6888.26 | C19: 242335 | D19: =C19-C18 -> 33 | E19: =C19-152000 -> 90335 | F19: =D19/$D$2 -> 16.637257 | G19: 53.7 | H19: 0 | I19: 49.6 | J19: =IF(L19>0,L19,0) -> 4.1372574 | K19: =I19+J19 -> 53.737257 | L19: =F19-(I19-X19) -> 4.1372574 | M19: 5.8 | N19: 0 | O19: 0 | P19: =M19-(N19+O19) -> 5.8 | Q19: 0 | R19: 0 | S19: =SUM(P19:R19) -> 5.8 | U19: 0 | V19: 31.3 | W19: =W18-V19 -> 12966 | X19: =N19+O19+S19+U19+V19 -> 37.1 | Y19: =IF(L19<0,L19*-1,0) -> 0 | Z19: =X19+Y19 -> 37.1 | AA19: 0 | AB19: 30 | AC19: 14 | AD19: =AD18+1 -> 10
A20: =A19+1 -> 11 | B20: 6888.27 | C20: 242369 | D20: =C20-C19 -> 34 | E20: =C20-152000 -> 90369 | F20: =D20/$D$2 -> 17.141417 | G20: 54.6 | H20: 0 | I20: 31.1 | J20: =IF(L20>0,L20,0) -> 23.541417 | K20: =I20+J20 -> 54.641417 | L20: =F20-(I20-X20) -> 23.541417 | M20: 5.4 | N20: 0 | O20: 0 | P20: =M20-(N20+O20) -> 5.4 | Q20: 0 | R20: 0 | S20: =SUM(P20:R20) -> 5.4 | U20: 0 | V20: 32.1 | W20: =W19-V20 -> 12933.9 | X20: =N20+O20+S20+U20+V20 -> 37.5 | Y20: =IF(L20<0,L20*-1,0) -> 0 | Z20: =X20+Y20 -> 37.5 | AA20: 0 | AB20: 33 | AC20: 10 | AD20: =AD19+1 -> 11
A21: =A20+1 -> 12 | B21: 6888.28 | C21: 242402 | D21: =C21-C20 -> 33 | E21: =C21-152000 -> 90402 | F21: =D21/$D$2 -> 16.637257 | G21: 55.2 | H21: 0 | I21: 34.1 | J21: =IF(L21>0,L21,0) -> 21.137257 | K21: =I21+J21 -> 55.237257 | L21: =F21-(I21-X21) -> 21.137257 | M21: 5.3 | N21: 0 | O21: 0 | P21: =M21-(N21+O21) -> 5.3 | Q21: 0 | R21: 0 | S21: =SUM(P21:R21) -> 5.3 | U21: 0 | V21: 33.3 | W21: =W20-V21 -> 12900.6 | X21: =N21+O21+S21+U21+V21 -> 38.6 | Y21: =IF(L21<0,L21*-1,0) -> 0 | Z21: =X21+Y21 -> 38.6 | AA21: 0 | AB21: 34 | AC21: 7 | AD21: =AD20+1 -> 12
A22: 13 | B22: 6888.3 | C22: 242469 | D22: =C22-C21 -> 67 | E22: =C22-152000 -> 90469 | F22: =D22/$D$2 -> 33.778674 | G22: 72.1 | H22: 0 | I22: 34.1 | J22: =IF(L22>0,L22,0) -> 37.978674 | K22: =I22+J22 -> 72.078674 | L22: =F22-(I22-X22) -> 37.978674 | M22: 5.1 | N22: 0 | O22: 0 | P22: =M22-(N22+O22) -> 5.1 | Q22: 0 | R22: 0 | S22: =SUM(P22:R22) -> 5.1 | U22: 0 | V22: 33.2 | W22: =W21-V22 -> 12867.4 | X22: =N22+O22+S22+U22+V22 -> 38.3 | Y22: =IF(L22<0,L22*-1,0) -> 0 | Z22: =X22+Y22 -> 38.3 | AA22: 0.06 | AB22: 33 | AC22: 5 | AD22: =AD21+1 -> 13
A23: =A22+1 -> 14 | B23: 6888.32 | C23: 242535 | D23: =C23-C22 -> 66 | E23: =C23-152000 -> 90535 | F23: =D23/$D$2 -> 33.274515 | G23: 70.7 | H23: 0 | I23: =G23+H23 -> 70.7 | J23: =IF(L23>0,L23,0) -> 1.0745147 | K23: =I23+J23 -> 71.774515 | L23: =F23-(I23-X23) -> 1.0745147 | M23: 5.4 | N23: 0 | O23: 0 | P23: =M23-(N23+O23) -> 5.4 | Q23: 0 | R23: 0 | S23: =SUM(P23:R23) -> 5.4 | U23: 0 | V23: 33.1 | W23: =W22-V23 -> 12834.3 | X23: =N23+O23+S23+U23+V23 -> 38.5 | Y23: =IF(L23<0,L23*-1,0) -> 0 | Z23: =X23+Y23 -> 38.5 | AA23: 0 | AB23: 33 | AC23: 9 | AD23: =AD22+1 -> 14
A24: =A23+1 -> 15 | B24: 6888.33 | C24: 242569 | D24: =C24-C23 -> 34 | E24: =C24-152000 -> 90569 | F24: =D24/$D$2 -> 17.141417 | G24: 53.8 | H24: 0 | I24: =G24+H24 -> 53.8 | J24: =IF(L24>0,L24,0) -> 0 | K24: =I24+J24 -> 53.8 | L24: =F24-(I24-X24) -> -0.058583312 | M24: 5.1 | N24: 0 | O24: 0 | P24: =M24-(N24+O24) -> 5.1 | Q24: 0 | R24: 0 | S24: =SUM(P24:R24) -> 5.1 | U24: 0 | V24: 31.5 | W24: =W23-V24 -> 12802.8 | X24: =N24+O24+S24+U24+V24 -> 36.6 | Y24: =IF(L24<0,L24*-1,0) -> 0.058583312 | Z24: =X24+Y24 -> 36.658583 | AA24: 0.02 | AB24: 32 | AC24: 5 | AD24: =AD23+1 -> 15
A25: =A24+1 -> 16 | B25: 6888.34 | C25: 242602 | D25: =C25-C24 -> 33 | E25: =C25-152000 -> 90602 | F25: =D25/$D$2 -> 16.637257 | G25: 53 | H25: 0 | I25: =G25+H25 -> 53 | J25: =IF(L25>0,L25,0) -> 0.037257373 | K25: =I25+J25 -> 53.037257 | L25: =F25-(I25-X25) -> 0.037257373 | M25: 5.1 | N25: 0 | O25: 0 | P25: =M25-(N25+O25) -> 5.1 | Q25: 0 | R25: 0 | S25: =SUM(P25:R25) -> 5.1 | U25: 0 | V25: 31.3 | W25: =W24-V25 -> 12771.5 | X25: =N25+O25+S25+U25+V25 -> 36.4 | Y25: =IF(L25<0,L25*-1,0) -> 0 | Z25: =X25+Y25 -> 36.4 | AA25: 0 | AB25: 35 | AC25: 16 | AD25: =AD24+1 -> 16
A26: =A25+1 -> 17 | B26: 6888.35 | C26: 242635 | D26: =C26-C25 -> 33 | E26: =C26-152000 -> 90635 | F26: =D26/$D$2 -> 16.637257 | G26: 53 | H26: 0 | I26: =G26+H26 -> 53 | J26: =IF(L26>0,L26,0) -> 0 | K26: =I26+J26 -> 53 | L26: =F26-(I26-X26) -> -0.062742627 | M26: 5.1 | N26: 0 | O26: 0 | P26: =M26-(N26+O26) -> 5.1 | Q26: 0 | R26: 0 | S26: =SUM(P26:R26) -> 5.1 | U26: 0 | V26: 31.2 | W26: =W25-V26 -> 12740.3 | X26: =N26+O26+S26+U26+V26 -> 36.3 | Y26: =IF(L26<0,L26*-1,0) -> 0.062742627 | Z26: =X26+Y26 -> 36.362743 | AA26: 0 | AB26: 36 | AC26: 4 | AD26: =AD25+1 -> 17
A27: =A26+1 -> 18 | B27: 6888.37 | C27: 242702 | D27: =C27-C26 -> 67 | E27: =C27-152000 -> 90702 | F27: =D27/$D$2 -> 33.778674 | G27: 70.1 | H27: 0 | I27: =G27+H27 -> 70.1 | J27: =IF(L27>0,L27,0) -> 0 | K27: =I27+J27 -> 70.1 | L27: =F27-(I27-X27) -> -0.021325939 | M27: 5.1 | N27: 0 | O27: 0 | P27: =M27-(N27+O27) -> 5.1 | Q27: 0 | R27: 0 | S27: =SUM(P27:R27) -> 5.1 | U27: 0 | V27: 31.2 | W27: =W26-V27 -> 12709.1 | X27: =N27+O27+S27+U27+V27 -> 36.3 | Y27: =IF(L27<0,L27*-1,0) -> 0.021325939 | Z27: =X27+Y27 -> 36.321326 | AA27: 0 | AB27: 36 | AC27: 7 | AD27: =AD26+1 -> 18
A28: =A27+1 -> 19 | B28: 6888.39 | C28: 242769 | D28: =C28-C27 -> 67 | E28: =C28-152000 -> 90769 | F28: =D28/$D$2 -> 33.778674 | G28: 70.2 | H28: 0 | I28: =G28+H28 -> 70.2 | J28: =IF(L28>0,L28,0) -> 0 | K28: =I28+J28 -> 70.2 | L28: =F28-(I28-X28) -> -0.021325939 | M28: 5.1 | N28: 0 | O28: 0 | P28: =M28-(N28+O28) -> 5.1 | Q28: 0 | R28: 0 | S28: =SUM(P28:R28) -> 5.1 | U28: 0 | V28: 31.3 | W28: =W27-V28 -> 12677.8 | X28: =N28+O28+S28+U28+V28 -> 36.4 | Y28: =IF(L28<0,L28*-1,0) -> 0.021325939 | Z28: =X28+Y28 -> 36.421326 | AA28: 0 | AB28: 33 | AC28: 9 | AD28: =AD27+1 -> 19
A29: =A28+1 -> 20 | B29: 6888.41 | C29: 242835 | D29: =C29-C28 -> 66 | E29: =C29-152000 -> 90835 | F29: =D29/$D$2 -> 33.274515 | G29: 69.7 | H29: 0 | I29: =G29+H29 -> 69.7 | J29: =IF(L29>0,L29,0) -> 0.074514747 | K29: =I29+J29 -> 69.774515 | L29: =F29-(I29-X29) -> 0.074514747 | M29: 5.1 | N29: 0 | O29: 0 | P29: =M29-(N29+O29) -> 5.1 | Q29: 0 | R29: 0 | S29: =SUM(P29:R29) -> 5.1 | U29: 0 | V29: 31.4 | W29: =W28-V29 -> 12646.4 | X29: =N29+O29+S29+U29+V29 -> 36.5 | Y29: =IF(L29<0,L29*-1,0) -> 0 | Z29: =X29+Y29 -> 36.5 | AA29: 0.02 | AB29: 31 | AC29: 8 | AD29: =AD28+1 -> 20
A30: =A29+1 -> 21 | B30: 6888.41 | C30: 242835 | D30: =C30-C29 -> 0 | E30: =C30-152000 -> 90835 | F30: =D30/$D$2 -> 0 | G30: 36.4 | H30: 0 | I30: =G30+H30 -> 36.4 | J30: =IF(L30>0,L30,0) -> 0 | K30: =I30+J30 -> 36.4 | L30: =F30-(I30-X30) -> -0.1 | M30: 5.1 | N30: 0 | O30: 0 | P30: =M30-(N30+O30) -> 5.1 | Q30: 0 | R30: 0 | S30: =SUM(P30:R30) -> 5.1 | U30: 0 | V30: 31.2 | W30: =W29-V30 -> 12615.2 | X30: =N30+O30+S30+U30+V30 -> 36.3 | Y30: =IF(L30<0,L30*-1,0) -> 0.1 | Z30: =X30+Y30 -> 36.4 | AA30: 0 | AB30: 26 | AC30: 11 | AD30: =AD29+1 -> 21
A31: =A30+1 -> 22 | B31: 6888.41 | C31: 242835 | D31: =C31-C30 -> 0 | E31: =C31-152000 -> 90835 | F31: =D31/$D$2 -> 0 | G31: 36.3 | H31: 0 | I31: =G31+H31 -> 36.3 | J31: =IF(L31>0,L31,0) -> 0 | K31: =I31+J31 -> 36.3 | L31: =F31-(I31-X31) -> 0 | M31: 5.1 | N31: 0 | O31: 0 | P31: =M31-(N31+O31) -> 5.1 | Q31: 0 | R31: 0 | S31: =SUM(P31:R31) -> 5.1 | U31: 0 | V31: 31.2 | W31: =W30-V31 -> 12584 | X31: =N31+O31+S31+U31+V31 -> 36.3 | Y31: =IF(L31<0,L31*-1,0) -> 0 | Z31: =X31+Y31 -> 36.3 | AA31: 0 | AB31: 28 | AC31: -7 | AD31: =AD30+1 -> 22
A32: =A31+1 -> 23 | B32: 6888.42 | C32: 242869 | D32: =C32-C31 -> 34 | E32: =C32-152000 -> 90869 | F32: =D32/$D$2 -> 17.141417 | G32: 53.5 | H32: 0 | I32: =G32+H32 -> 53.5 | J32: =IF(L32>0,L32,0) -> 0 | K32: =I32+J32 -> 53.5 | L32: =F32-(I32-X32) -> -0.058583312 | M32: 5.1 | N32: 0 | O32: 0 | P32: =M32-(N32+O32) -> 5.1 | Q32: 0 | R32: 0 | S32: =SUM(P32:R32) -> 5.1 | U32: 0 | V32: 31.2 | W32: =W31-V32 -> 12552.8 | X32: =N32+O32+S32+U32+V32 -> 36.3 | Y32: =IF(L32<0,L32*-1,0) -> 0.058583312 | Z32: =X32+Y32 -> 36.358583 | AA32: 0 | AB32: 25 | AC32: -5 | AD32: =AD31+1 -> 23
A33: =A32+1 -> 24 | B33: 6888.43 | C33: 242902 | D33: =C33-C32 -> 33 | E33: =C33-152000 -> 90902 | F33: =D33/$D$2 -> 16.637257 | G33: 53 | H33: 0 | I33: =G33+H33 -> 53 | J33: =IF(L33>0,L33,0) -> 0 | K33: =I33+J33 -> 53 | L33: =F33-(I33-X33) -> -0.062742627 | M33: 5.1 | N33: 0 | O33: 0 | P33: =M33-(N33+O33) -> 5.1 | Q33: 0 | R33: 0 | S33: =SUM(P33:R33) -> 5.1 | U33: 0 | V33: 31.2 | W33: =W32-V33 -> 12521.6 | X33: =N33+O33+S33+U33+V33 -> 36.3 | Y33: =IF(L33<0,L33*-1,0) -> 0.062742627 | Z33: =X33+Y33 -> 36.362743 | AA33: 0 | AB33: 35 | AC33: -6 | AD33: =AD32+1 -> 24
A34: =A33+1 -> 25 | B34: 6888.44 | C34: 242935 | D34: =C34-C33 -> 33 | E34: =C34-152000 -> 90935 | F34: =D34/$D$2 -> 16.637257 | G34: 52.5 | H34: 0 | I34: =G34+H34 -> 52.5 | J34: =IF(L34>0,L34,0) -> 0 | K34: =I34+J34 -> 52.5 | L34: =F34-(I34-X34) -> -0.16274263 | M34: 4.5 | N34: 0 | O34: 0 | P34: =M34-(N34+O34) -> 4.5 | Q34: 0 | R34: 0 | S34: =SUM(P34:R34) -> 4.5 | U34: 0 | V34: 31.2 | W34: =W33-V34 -> 12490.4 | X34: =N34+O34+S34+U34+V34 -> 35.7 | Y34: =IF(L34<0,L34*-1,0) -> 0.16274263 | Z34: =X34+Y34 -> 35.862743 | AA34: 0 | AB34: 36 | AC34: 1 | AD34: =AD33+1 -> 25
... A38: =A37+1 -> 29 | B38: 6888.47 | C38: 243035 | D38: =C38-C37 -> 0 | E38: =C38-152000 -> 91035 | F38: =D38/$D$2 -> 0 | G38: 43 | H38: 0 | I38: =G38+H38 -> 43 | J38: =IF(L38>0,L38,0) -> 0 | K38: =I38+J38 -> 43 | L38: =F38-(I38-X38) -> 0 | M38: 4.2 | N38: 0 | O38: 0 | P38: =M38-(N38+O38) -> 4.2 | Q38: 0 | R38: 0 | S38: =SUM(P38:R38) -> 4.2 | U38: 0 | V38: 38.8 | W38: =W37-V38 -> 12354.4 | X38: =N38+O38+S38+U38+V38 -> 43 | Y38: =IF(L38<0,L38*-1,0) -> 0 | Z38: =X38+Y38 -> 43 | AA38: 0 | AB38: 26 | AC38: 11 | AD38: =AD37+1 -> 29
A39: 30 | B39: 6888.48 | C39: 243069 | D39: =C39-C38 -> 34 | E39: =C39-152000 -> 91069 | F39: =D39/$D$2 -> 17.141417 | G39: 60 | H39: 0 | I39: =G39+H39 -> 60 | J39: =IF(L39>0,L39,0) -> 0.041416688 | K39: =I39+J39 -> 60.041417 | L39: =F39-(I39-X39) -> 0.041416688 | M39: 4.1 | N39: 0 | O39: 0 | P39: =M39-(N39+O39) -> 4.1 | Q39: 0 | R39: 0 | S39: =SUM(P39:R39) -> 4.1 | U39: 0 | V39: 38.8 | W39: =W38-V39 -> 12315.6 | X39: =N39+O39+S39+U39+V39 -> 42.9 | Y39: =IF(L39<0,L39*-1,0) -> 0 | Z39: =X39+Y39 -> 42.9 | AA39: 0 | AB39: 29 | AC39: -3 | AD39: 30
A40: 31 | B40: 6888.48 | C40: 243069 | D40: =C40-C39 -> 0 | E40: =C40-152000 -> 91069 | F40: =D40/$D$2 -> 0 | G40: 42.9 | H40: 0 | I40: =G40+H40 -> 42.9 | J40: =IF(L40>0,L40,0) -> 0 | K40: =I40+J40 -> 42.9 | L40: =F40-(I40-X40) -> 0 | M40: 4.1 | N40: 0 | O40: 0 | P40: =M40-(N40+O40) -> 4.1 | Q40: 0 | R40: 0 | S40: =SUM(P40:R40) -> 4.1 | U40: 0 | V40: 38.8 | W40: =W39-V40 -> 12276.8 | X40: =N40+O40+S40+U40+V40 -> 42.9 | Y40: =IF(L40<0,L40*-1,0) -> 0 | Z40: =X40+Y40 -> 42.9 | AA40: 0 | AB40: 37 | AC40: -2 | AD40: 31
AB41: 39
A42: MONTH / CFS | F42: =SUM(F10:F40) -> 772.87623 | G42: =SUM(G10:G40) -> 1904.7 | H42: =SUM(H10:H40) -> 0 | I42: =SUM(I10:I40) -> 1801.5 | J42: =SUM(J10:J40) -> 104.81374 | K42: =SUM(K10:K40) -> 1906.3137 | L42: =SUM(L10:L40) -> 104.17623 | M42: =SUM(M10:M40) -> 144.7 | ... S42: =SUM(S10:S40) -> 144.7 | U42: =SUM(U10:U40) -> 0 | V42: =SUM(V10:V40) -> 988.1 | X42: =SUM(X10:X40) -> 1132.8 | Y42: =SUM(Y10:Y40) -> 0.63750945 | Z42: =SUM(Z10:Z40) -> 1133.4375 | AA42: =SUM(AA10:AA40) -> 0.92 | AB42: =AVERAGE(AB10:AB40) -> 34.354839 | AC42: =AVERAGE(AC10:AC40) -> 5.9677419 | AD42: AVE
A43: MONTH / AF | D43: =SUM(D10:D40) -> 1533 | F43: =F42*$D$2 -> 1533 | G43: =G42*$D$2 -> 3777.9725 | H43: =H42*$D$2 -> 0 | I43: =I42*$D$2 -> 3573.2753 | J43: =J42*$D$2 -> 207.89805 | K43: =K42*$D$2 -> 3781.1733 | L43: =L42*$D$2 -> 206.63355 | M43: =M42*$D$2 -> 287.01245 | ... S43: =S42*$D$2 -> 287.01245 | U43: =U42*$D$2 -> 0 | V43: =V42*$D$2 -> 1959.8963 | X43: =X42*$D$2 -> 2246.9088 | Y43: =Y42*$D$2 -> 1.2645 | Z43: =Z42*$D$2 -> 2248.1733 | AB43: =MAX(AB10:AB40) -> 43 | AC43: =MAX(AC10:AC40) -> 19 | AD43: HI
A45: SEASON / CFS | AB45: =MIN(AB10:AB40) -> 25 | AC45: =MIN(AC10:AC40) -> -7 | AD45: LO
A46: SEASON / AF
A48: YTD / CFS | F48: =F8+F42 -> 2119.4858 | G48: =G8+G42 -> 6554.6 | H48: =H8+H42 -> 0 | I48: =I8+I42 -> 6451.4 | J48: =J8+J42 -> 289.89423 | K48: =K8+K42 -> 6741.2942 | L48: =L8+L42 -> -65.414243 | M48: =M8+M42 -> 991.9 | ... S48: =S8+S42 -> 1364.3 | U48: =U8+U42 -> 0 | V48: =V8+V42 -> 2902.2 | W48: =W40 -> 12276.8 | X48: =X8+X42 -> 4266.5 | Y48: =Y8+Y42 -> 355.30847 | Z48: =Z8+Z42 -> 4621.8085 | AA48: =AA8+AA42 -> 3.25
A49: YTD / AF | D49: =D8+D43 -> 4204 | E49: =E40 -> 91069 | F49: =F48*$D$2 -> 4204 | G49: =G48*$D$2 -> 13001.049 | H49: =H48*$D$2 -> 0 | I49: =I48*$D$2 -> 12796.352 | J49: =J48*$D$2 -> 575.0052 | K49: =K48*$D$2 -> 13371.357 | L49: =L48*$D$2 -> -129.74915 | M49: =M48*$D$2 -> 1967.4336 | ... Z49: =Z48*$D$2 -> 9167.3571

Sheet FEB
K1: MC PHEE RESERVOIR IN/OUT FLOW TABULATION
A2: AF/cfs CONVERT FACTOR | D2: 1.9835 | K2: FEBRUARY "1991"
A4: DATE | B4: RESERV | C4: RESERV | D4: AC FT | E4: ACTIVE | F4: CONV TO | G4: DOLORES | H4: LOST | I4: RECORDED | J4: CALC | K4: TOTAL | L4: CALC | M4: TUNNEL | Q4: LONE | R4: U | S4: TOTAL | T4: MVI | U4: DV CR | V4: BELOW | W4: REMAIN | X4: RECORDED | Y4: CALC | Z4: TOTAL | AA4: RAIN | AB4: MAX | AC4: MIN | AD4: DATE
A5: FEB | B5: ELEV | C5: AC FT | D5: CHANGE | E5: CAP | F5: CFS | G5: RIVER | H5: CANYON | I5: INFLOW | J5: INFLOW | K5: INFLOW | L5: INF/OTF | M5: TOT DIV | N5: WETLAND | O5: UTE F&R | P5: MVI,CTZ | Q5: PINE | R5: LAT | S5: MVI | T5: CALL | U5: CANAL | V5: MC PHEE | W5: RELEASE | X5: OUTFLOW | Y5: OUTFLOW | Z5: OUTFLOW | AB5: TMP | AC5: TMP | AD5: FEB
A7: SEASON BAL
A8: YTD | B8: =JAN!B40 -> 6888.48 | C8: =JAN!C40 -> 243069 | D8: =JAN!$D$49 -> 4204 | E8: =JAN!$E$40 -> 91069 | F8: =JAN!F48 -> 2119.4858 | G8: =JAN!G48 -> 6554.6 | H8: =JAN!H48 -> 0 | I8: =JAN!I48 -> 6451.4 | J8: =JAN!J48 -> 289.89423 | K8: =JAN!K48 -> 6741.2942 | L8: =JAN!L48 -> -65.414243 | M8: =JAN!M48 -> 991.9 | ... AA8: =JAN!AA48 -> 3.25
A10: 1 | B10: 6888.48 | C10: 243069 | D10: =C10-C8 -> 0 | E10: =C10-152000 -> 91069 | F10: =D10/$D$2 -> 0 | G10: 42 | H10: 0 | I10: =G10+H10 -> 42 | J10: =IF(L10>0,L10,0) -> 0.02 | K10: =I10+J10 -> 42.02 | L10: =F10-(I10-X10) -> 0.02 | M10: 3.6 | N10: 0 | O10: 0 | P10: =M10-(N10+O10) -> 3.6 | Q10: 0 | R10: 0 | S10: =SUM(P10:R10) -> 3.6 | U10: 0 | V10: 38.42 | W10: =W8-V10 -> 12238.38 | X10: =N10+O10+S10+U10+V10 -> 42.02 | Y10: =IF(L10<0,L10*-1,0) -> 0 | Z10: =X10+Y10 -> 42.02 | AA10: 0 | AB10: 45 | AC10: 3 | AD10: 1
A11: =A10+1 -> 2 | B11: 6888.49 | C11: 243102 | D11: =C11-C10 -> 33 | E11: =C11-152000 -> 91102 | F11: =D11/$D$2 -> 16.637257 | G11: 57.8 | H11: 0 | I11: =G11+H11 -> 57.8 | J11: =IF(L11>0,L11,0) -> 0 | K11: =I11+J11 -> 57.8 | L11: =F11-(I11-X11) -> -0.012742627 | M11: 3.08 | N11: 0 | O11: 0 | P11: =M11-(N11+O11) -> 3.08 | Q11: 0 | R11: 0 | S11: =SUM(P11:R11) -> 3.08 | U11: 0 | V11: 38.07 | W11: =W10-V11 -> 12200.31 | X11: =N11+O11+S11+U11+V11 -> 41.15 | Y11: =IF(L11<0,L11*-1,0) -> 0.012742627 | Z11: =X11+Y11 -> 41.162743 | AA11: 0 | AB11: 46 | AC11: 5 | AD11: =AD10+1 -> 2
A12: =A11+1 -> 3 | B12: 6888.49 | C12: 243102 | D12: =C12-C11 -> 0 | E12: =C12-152000 -> 91102 | F12: =D12/$D$2 -> 0 | G12: 42.4 | H12: 0 | I12: =G12+H12 -> 42.4 | J12: =IF(L12>0,L12,0) -> 0 | K12: =I12+J12 -> 42.4 | L12: =F12-(I12-X12) -> -0.16 | M12: 3.08 | N12: 0 | O12: 0 | P12: =M12-(N12+O12) -> 3.08 | Q12: 0 | R12: 0 | S12: =SUM(P12:R12) -> 3.08 | U12: 0 | V12: 39.16 | W12: =W11-V12 -> 12161.15 | X12: =N12+O12+S12+U12+V12 -> 42.24 | Y12: =IF(L12<0,L12*-1,0) -> 0.16 | Z12: =X12+Y12 -> 42.4 | AA12: 0 | AB12: 48 | AC12: 7 | AD12: =AD11+1 -> 3
A13: =A12+1 -> 4 | B13: 6888.5 | C13: 243135 | D13: =C13-C12 -> 33 | E13: =C13-152000 -> 91135 | F13: =D13/$D$2 -> 16.637257 | G13: 60.5 | H13: 0 | I13: =G13+H13 -> 60.5 | J13: =IF(L13>0,L13,0) -> 0 | K13: =I13+J13 -> 60.5 | L13: =F13-(I13-X13) -> -0.022742627 | M13: 4.68 | N13: 0 | O13: 0 | P13: =M13-(N13+O13) -> 4.68 | Q13: 0 | R13: 0 | S13: =SUM(P13:R13) -> 4.68 | U13: 0 | V13: 39.16 | W13: =W12-V13 -> 12121.99 | X13: =N13+O13+S13+U13+V13 -> 43.84 | Y13: =IF(L13<0,L13*-1,0) -> 0.022742627 | Z13: =X13+Y13 -> 43.862743 | AA13: 0 | AB13: 46 | AC13: 10 | AD13: =AD12+1 -> 4
A14: =A13+1 -> 5 | B14: 6888.5 | C14: 243135 | D14: =C14-C13 -> 0 | E14: =C14-152000 -> 91135 | F14: =D14/$D$2 -> 0 | G14: 42.6 | H14: 0 | I14: =G14+H14 -> 42.6 | J14: =IF(L14>0,L14,0) -> 0 | K14: =I14+J14 -> 42.6 | L14: =F14-(I14-X14) -> -0.05 | M14: 3.39 | N14: 0 | O14: 0 | P14: =M14-(N14+O14) -> 3.39 | Q14: 0 | R14: 0 | S14: =SUM(P14:R14) -> 3.39 | U14: 0 | V14: 39.16 | W14: =W13-V14 -> 12082.83 | X14: =N14+O14+S14+U14+V14 -> 42.55 | Y14: =IF(L14<0,L14*-1,0) -> 0.05 | Z14: =X14+Y14 -> 42.6 | AA14: 0 | AB14: 45 | AC14: 10 | AD14: =AD13+1 -> 5
A15: =A14+1 -> 6 | B15: 6888.5 | C15: 243135 | D15: =C15-C14 -> 0 | E15: =C15-152000 -> 91135 | F15: =D15/$D$2 -> 0 | G15: 42.6 | H15: 0 | I15: =G15+H15 -> 42.6 | J15: =IF(L15>0,L15,0) -> 0 | K15: =I15+J15 -> 42.6 | L15: =F15-(I15-X15) -> -0.05 | M15: 3.39 | N15: 0 | O15: 0 | P15: =M15-(N15+O15) -> 3.39 | Q15: 0 | R15: 0 | S15: =SUM(P15:R15) -> 3.39 | U15: 0 | V15: 39.16 | W15: =W14-V15 -> 12043.67 | X15: =N15+O15+S15+U15+V15 -> 42.55 | Y15: =IF(L15<0,L15*-1,0) -> 0.05 | Z15: =X15+Y15 -> 42.6 | AA15: 0 | AB15: 50 | AC15: 9 | AD15: =AD14+1 -> 6
A16: =A15+1 -> 7 | B16: 6888.51 | C16: 243168 | D16: =C16-C15 -> 33 | E16: =C16-152000 -> 91168 | F16: =D16/$D$2 -> 16.637257 | G16: 59.2 | H16: 0 | I16: =G16+H16 -> 59.2 | J16: =IF(L16>0,L16,0) -> 0 | K16: =I16+J16 -> 59.2 | L16: =F16-(I16-X16) -> -0.012742627 | M16: 3.39 | N16: 0 | O16: 0 | P16: =M16-(N16+O16) -> 3.39 | Q16: 0 | R16: 0 | S16: =SUM(P16:R16) -> 3.39 | U16: 0 | V16: 39.16 | W16: =W15-V16 -> 12004.51 | X16: =N16+O16+S16+U16+V16 -> 42.55 | Y16: =IF(L16<0,L16*-1,0) -> 0.012742627 | Z16: =X16+Y16 -> 42.562743 | AA16: 0 | AB16: 53 | AC16: 20 | AD16: =AD15+1 -> 7
A17: =A16+1 -> 8 | B17: 6888.52 | C17: 243202 | D17: =C17-C16 -> 34 | E17: =C17-152000 -> 91202 | F17: =D17/$D$2 -> 17.141417 | G17: 55.5 | H17: 0 | I17: =G17+H17 -> 55.5 | J17: =IF(L17>0,L17,0) -> 0.031416688 | K17: =I17+J17 -> 55.531417 | L17: =F17-(I17-X17) -> 0.031416688 | M17: 3.39 | N17: 0 | O17: 0 | P17: =M17-(N17+O17) -> 3.39 | Q17: 0 | R17: 0 | S17: =SUM(P17:R17) -> 3.39 | U17: 0 | V17: 35 | W17: =W16-V17 -> 11969.51 | X17: =N17+O17+S17+U17+V17 -> 38.39 | Y17: =IF(L17<0,L17*-1,0) -> 0 | Z17: =X17+Y17 -> 38.39 | AA17: 0 | AB17: 51 | AC17: 20 | AD17: =AD16+1 -> 8
A18: =A17+1 -> 9 | B18: 6888.53 | C18: 243235 | D18: =C18-C17 -> 33 | E18: =C18-152000 -> 91235 | F18: =D18/$D$2 -> 16.637257 | G18: 49.7 | H18: 0 | I18: =G18+H18 -> 49.7 | J18: =IF(L18>0,L18,0) -> 0.027257373 | K18: =I18+J18 -> 49.727257 | L18: =F18-(I18-X18) -> 0.027257373 | M18: 3.39 | N18: 0 | O18: 0 | P18: =M18-(N18+O18) -> 3.39 | Q18: 0 | R18: 0 | S18: =SUM(P18:R18) -> 3.39 | U18: 0 | V18: 29.7 | W18: =W17-V18 -> 11939.81 | X18: =N18+O18+S18+U18+V18 -> 33.09 | Y18: =IF(L18<0,L18*-1,0) -> 0 | Z18: =X18+Y18 -> 33.09 | AA18: 0 | AB18: 49 | AC18: 16 | AD18: =AD17+1 -> 9
A19: =A18+1 -> 10 | B19: 6888.54 | C19: 243268 | D19: =C19-C18 -> 33 | E19: =C19-152000 -> 91268 | F19: =D19/$D$2 -> 16.637257 | G19: 49.7 | H19: 0 | I19: =G19+H19 -> 49.7 | J19: =IF(L19>0,L19,0) -> 0.027257373 | K19: =I19+J19 -> 49.727257 | L19: =F19-(I19-X19) -> 0.027257373 | M19: 3.39 | N19: 0 | O19: 0 | P19: =M19-(N19+O19) -> 3.39 | Q19: 0 | R19: 0 | S19: =SUM(P19:R19) -> 3.39 | U19: 0 | V19: 29.7 | W19: =W18-V19 -> 11910.11 | X19: =N19+O19+S19+U19+V19 -> 33.09 | Y19: =IF(L19<0,L19*-1,0) -> 0 | Z19: =X19+Y19 -> 33.09 | AA19: 0 | AB19: 48 | AC19: 14 | AD19: =AD18+1 -> 10
A20: =A19+1 -> 11 | B20: 6888.57 | C20: 243368 | D20: =C20-C19 -> 100 | E20: =C20-152000 -> 91368 | F20: =D20/$D$2 -> 50.415931 | G20: 82.7 | H20: 0 | I20: =G20+H20 -> 82.7 | J20: =IF(L20>0,L20,0) -> 0.015931434 | K20: =I20+J20 -> 82.715931 | L20: =F20-(I20-X20) -> 0.015931434 | M20: 3.39 | N20: 0 | O20: 0 | P20: =M20-(N20+O20) -> 3.39 | Q20: 0 | R20: 0 | S20: =SUM(P20:R20) -> 3.39 | U20: 0 | V20: 28.91 | W20: =W19-V20 -> 11881.2 | X20: =N20+O20+S20+U20+V20 -> 32.3 | Y20: =IF(L20<0,L20*-1,0) -> 0 | Z20: =X20+Y20 -> 32.3 | AA20: 0 | AB20: 51 | AC20: 12 | AD20: =AD19+1 -> 11
A21: =A20+1 -> 12 | B21: 6888.58 | C21: 243402 | D21: =C21-C20 -> 34 | E21: =C21-152000 -> 91402 | F21: =D21/$D$2 -> 17.141417 | G21: 50.6 | H21: 0 | I21: =G21+H21 -> 50.6 | J21: =IF(L21>0,L21,0) -> 0.011416688 | K21: =I21+J21 -> 50.611417 | L21: =F21-(I21-X21) -> 0.011416688 | M21: 3.39 | N21: 0 | O21: 0 | P21: =M21-(N21+O21) -> 3.39 | Q21: 0 | R21: 0 | S21: =SUM(P21:R21) -> 3.39 | U21: 0 | V21: 30.08 | W21: =W20-V21 -> 11851.12 | X21: =N21+O21+S21+U21+V21 -> 33.47 | Y21: =IF(L21<0,L21*-1,0) -> 0 | Z21: =X21+Y21 -> 33.47 | AA21: 0 | AB21: 48 | AC21: 17 | AD21: =AD20+1 -> 12
A22: =A21+1 -> 13 | B22: 6888.59 | C22: 243435 | D22: =C22-C21 -> 33 | E22: =C22-152000 -> 91435 | F22: =D22/$D$2 -> 16.637257 | G22: 50.6 | H22: 0 | I22: =G22+H22 -> 50.6 | J22: =IF(L22>0,L22,0) -> 0 | K22: =I22+J22 -> 50.6 | L22: =F22-(I22-X22) -> -0.042742627 | M22: 3.39 | N22: 0 | O22: 0 | P22: =M22-(N22+O22) -> 3.39 | Q22: 0 | R22: 0 | S22: =SUM(P22:R22) -> 3.39 | U22: 0 | V22: 30.53 | W22: =W21-V22 -> 11820.59 | X22: =N22+O22+S22+U22+V22 -> 33.92 | Y22: =IF(L22<0,L22*-1,0) -> 0.042742627 | Z22: =X22+Y22 -> 33.962743 | AA22: 0 | AB22: 48 | AC22: 20 | AD22: =AD21+1 -> 13
... A36: =A35+1 -> 27 | B36: 6888.89 | C36: 244435 | D36: =C36-C35 -> 134 | E36: =C36-152000 -> 92435 | F36: =D36/$D$2 -> 67.557348 | G36: 103.2 | H36: 0 | I36: =G36+H36 -> 103.2 | J36: =IF(L36>0,L36,0) -> 0 | K36: =I36+J36 -> 103.2 | L36: =F36-(I36-X36) -> -0.042651878 | M36: 4.4 | N36: 0 | O36: 0 | P36: =M36-(N36+O36) -> 4.4 | Q36: 0 | R36: 0 | S36: =SUM(P36:R36) -> 4.4 | U36: 0 | V36: 31.2 | W36: =W35-V36 -> 11379.98 | X36: =N36+O36+S36+U36+V36 -> 35.6 | Y36: =IF(L36<0,L36*-1,0) -> 0.042651878 | Z36: =X36+Y36 -> 35.642652 | AA36: 0.17 | AB36: 36 | AC36: 16 | AD36: =AD35+1 -> 27
A37: 28 | B37: 6888.94 | C37: 244601 | D37: =C37-C36 -> 166 | E37: =C37-152000 -> 92601 | F37: =D37/$D$2 -> 83.690446 | G37: 122 | H37: 0 | I37: =G37+H37 -> 122 | J37: =IF(L37>0,L37,0) -> 0 | K37: =I37+J37 -> 122 | L37: =F37-(I37-X37) -> -0.009553819 | M37: 6.64 | N37: 0 | O37: 0 | P37: =M37-(N37+O37) -> 6.64 | Q37: 0 | R37: 0 | S37: =SUM(P37:R37) -> 6.64 | U37: 0 | V37: 31.66 | W37: =W36-V37 -> 11348.32 | X37: =N37+O37+S37+U37+V37 -> 38.3 | Y37: =IF(L37<0,L37*-1,0) -> 0.009553819 | Z37: =X37+Y37 -> 38.309554 | AA37: 0.5 | AB37: 48 | AC37: 18 | AD37: 28
H38: 0
A39: MONTH / CFS | F39: =SUM(F10:F37) -> 772.37207 | G39: =SUM(G10:G37) -> 1920.72 | H39: =SUM(H10:H38) -> 0 | I39: =SUM(I10:I37) -> 1920.72 | J39: =SUM(J10:J37) -> 5.1038165 | K39: =SUM(K10:K37) -> 1925.8238 | L39: =SUM(L10:L37) -> -106.33793 | M39: =SUM(M10:M38) -> 113.53 | N39: =SUM(N10:N37) -> 0 | O39: =SUM(O10:O37) -> 0 | P39: =SUM(P10:P37) -> 113.53 | Q39: =SUM(Q10:Q37) -> 0 | R39: =SUM(R10:R37) -> 0 | S39: =SUM(S10:S37) -> 113.53 | U39: =SUM(U10:U37) -> 0 | V39: =SUM(V10:V37) -> 928.48 | X39: =SUM(X10:X37) -> 1042.01 | Y39: =SUM(Y10:Y37) -> 111.44175 | Z39: =SUM(Z10:Z37) -> 1153.4517 | AA39: =SUM(AA10:AA37) -> 0.77 | AB39: =AVERAGE(AB10:AB37) -> 45.464286 | AC39: =AVERAGE(AC10:AC37) -> 13.928571 | AD39: AVE
A40: MONTH / AF | D40: =SUM(D10:D37) -> 1532 | F40: =F39*$D$2 -> 1532 | G40: =G39*$D$2 -> 3809.7481 | H40: =H39*$D$2 -> 0 | I40: =I39*$D$2 -> 3809.7481 | J40: =J39*$D$2 -> 10.12342 | K40: =K39*$D$2 -> 3819.8715 | L40: =L39*$D$2 -> -210.92129 | M40: =M39*$D$2 -> 225.18676 | ... S40: =S39*$D$2 -> 225.18676 | U40: =U39*$D$2 -> 0 | V40: =V39*$D$2 -> 1841.6401 | X40: =X39*$D$2 -> 2066.8268 | Y40: =Y39*$D$2 -> 221.0447 | Z40: =Z39*$D$2 -> 2287.8715 | AB40: =MAX(AB10:AB37) -> 53 | AC40: =MAX(AC10:AC37) -> 20 | AD40: HI
A42: SEASON / CFS | AB42: =MIN(AB10:AB37) -> 31 | AC42: =MIN(AC10:AC37) -> 3 | AD42: LO
A43: SEASON / AF
A45: YTD / CFS | F45: =F8+F39 -> 2891.8578 | G45: =G8+G39 -> 8475.32 | H45: =H8+H39 -> 0 | I45: =I8+I39 -> 8372.12 | J45: =J8+J39 -> 294.99804 | K45: =K8+K39 -> 8667.118 | L45: =L8+L39 -> -171.75217 | M45: =M8+M39 -> 1105.43 | ... S45: =S8+S39 -> 1477.83 | U45: =U8+U39 -> 0 | V45: =V8+V39 -> 3830.68 | W45: =W37 -> 11348.32 | X45: =X8+X39 -> 5308.51 | Y45: =Y8+Y39 -> 466.75022 | Z45: =Z8+Z39 -> 5775.2602 | AA45: =AA8+AA39 -> 4.02
A46: YTD / AF | D46: =D8+D40 -> 5736 | E46: =E37 -> 92601 | F46: =F45*$D$2 -> 5736 | G46: =G45*$D$2 -> 16810.797 | H46: =H45*$D$2 -> 0 | I46: =I45*$D$2 -> 16606.1 | J46: =J45*$D$2 -> 585.12862 | K46: =K45*$D$2 -> 17191.229 | L46: =L45*$D$2 -> -340.67043 | M46: =M45*$D$2 -> 2192.6204 | ... Z46: =Z45*$D$2 -> 11455.229

Sheet MAR
K1: MC PHEE RESERVOIR IN/OUT FLOW TABULATION
A2: AF/cfs CONVERT FACTOR | D2: 1.9835 | K2: MARCH "1991"
A4: DATE | B4: RESERV | C4: RESERV | D4: AC FT | E4: ACTIVE | F4: CONV TO | G4: DOLORES | H4: LOST | I4: RECORDED | J4: CALC | K4: TOTAL | L4: CALC | M4: TUNNEL | Q4: LONE | R4: U | S4: TOTAL | T4: MVI | U4: DV CR | V4: BELOW | W4: REMAIN | X4: RECORDED | Y4: CALC | Z4: TOTAL | AA4: RAIN | AB4: MAX | AC4: MIN | AD4: DATE
A5: MAR | B5: ELEV | C5: AC FT | D5: CHANGE | E5: CAP | F5: CFS | G5: RIVER | H5: CANYON | I5: INFLOW | J5: INFLOW | K5: INFLOW | L5: INF/OTF | M5: TOT DIV | N5: WETLAND | O5: UTE F&R | P5: MVI,CTZ | Q5: PINE | R5: LAT | S5: MVI | T5: CALL | U5: CANAL | V5: MC PHEE | W5: RELEASE | X5: OUTFLOW | Y5: OUTFLOW | Z5: OUTFLOW | AB5: TMP | AC5: TMP | AD5: MAR
A7: SEASON BAL
A8: YTD | B8: =FEB!B37 -> 6888.94 | C8: =FEB!C37 -> 244601 | D8: =FEB!$D$46 -> 5736 | E8: =FEB!$E$37 -> 92601 | F8: =FEB!F45 -> 2891.8578 | G8: =FEB!G45 -> 8475.32 | H8: =FEB!H45 -> 0 | I8: =FEB!I45 -> 8372.12 | J8: =FEB!J45 -> 294.99804 | K8: =FEB!K45 -> 8667.118 | L8: =FEB!L45 -> -171.75217 | M8: =FEB!M45 -> 1105.43 | ... AA8: =FEB!AA45 -> 4.02
A10: 1 | B10: 6889 | C10: 244801 | D10: =C10-C8 -> 200 | E10: =C10-152000 -> 92801 | F10: =D10/$D$2 -> 100.83186 | G10: 136.75 | H10: 0 | I10: =G10+H10 -> 136.75 | J10: =IF(L10>0,L10,0) -> 0 | K10: =I10+J10 -> 136.75 | L10: =F10-(I10-X10) -> -0.048137131 | M10: 4.4 | N10: 0 | O10: 0 | P10: =M10-(N10+O10) -> 4.4 | Q10: 0 | R10: 0 | S10: =SUM(P10:R10) -> 4.4 | U10: 0 | V10: 31.47 | W10: =W8-V10 -> 11316.85 | X10: =N10+O10+S10+U10+V10 -> 35.87 | Y10: =IF(L10<0,L10*-1,0) -> 0.048137131 | Z10: =X10+Y10 -> 35.918137 | AA10: 0.21 | AB10: 34 | AC10: 28 | AD10: 1
A11: =A10+1 -> 2 | B11: 6889.06 | C11: 245003 | D11: =C11-C10 -> 202 | E11: =C11-152000 -> 93003 | F11: =D11/$D$2 -> 101.84018 | G11: 137.29 | H11: 0 | I11: =G11+H11 -> 137.29 | J11: =IF(L11>0,L11,0) -> 0 | K11: =I11+J11 -> 137.29 | L11: =F11-(I11-X11) -> -0.029818503 | M11: 4.4 | N11: 0 | O11: 0 | P11: =M11-(N11+O11) -> 4.4 | Q11: 0 | R11: 0 | S11: =SUM(P11:R11) -> 4.4 | U11: 0 | V11: 31.02 | W11: =W10-V11 -> 11285.83 | X11: =N11+O11+S11+U11+V11 -> 35.42 | Y11: =IF(L11<0,L11*-1,0) -> 0.029818503 | Z11: =X11+Y11 -> 35.449819 | AA11: 0.18 | AB11: 39 | AC11: 18 | AD11: =AD10+1 -> 2
A12: =A11+1 -> 3 | B12: 6889.12 | C12: 245205 | D12: =C12-C11 -> 202 | E12: =C12-152000 -> 93205 | F12: =D12/$D$2 -> 101.84018 | G12: 137.41 | H12: 0 | I12: =G12+H12 -> 137.41 | J12: =IF(L12>0,L12,0) -> 0 | K12: =I12+J12 -> 137.41 | L12: =F12-(I12-X12) -> -0.029818503 | M12: 4.4 | N12: 0 | O12: 0 | P12: =M12-(N12+O12) -> 4.4 | Q12: 0 | R12: 0 | S12: =SUM(P12:R12) -> 4.4 | U12: 0 | V12: 31.14 | W12: =W11-V12 -> 11254.69 | X12: =N12+O12+S12+U12+V12 -> 35.54 | Y12: =IF(L12<0,L12*-1,0) -> 0.029818503 | Z12: =X12+Y12 -> 35.569819 | AA12: 0 | AB12: 48 | AC12: 21 | AD12: =AD11+1 -> 3
A13: =A12+1 -> 4 | B13: 6889.17 | C13: 245374 | D13: =C13-C12 -> 169 | E13: =C13-152000 -> 93374 | F13: =D13/$D$2 -> 85.202924 | G13: 120.48 | H13: 0 | I13: =G13+H13 -> 120.48 | J13: =IF(L13>0,L13,0) -> 0 | K13: =I13+J13 -> 120.48 | L13: =F13-(I13-X13) -> -0.017075876 | M13: 4.42 | N13: 0 | O13: 0 | P13: =M13-(N13+O13) -> 4.42 | Q13: 0 | R13: 0 | S13: =SUM(P13:R13) -> 4.42 | U13: 0 | V13: 30.84 | W13: =W12-V13 -> 11223.85 | X13: =N13+O13+S13+U13+V13 -> 35.26 | Y13: =IF(L13<0,L13*-1,0) -> 0.017075876 | Z13: =X13+Y13 -> 35.277076 | AA13: 0.03 | AB13: 52 | AC13: 25 | AD13: =AD12+1 -> 4
A14: =A13+1 -> 5 | B14: 6889.51 | C14: 245508 | D14: =C14-C13 -> 134 | E14: =C14-152000 -> 93508 | F14: =D14/$D$2 -> 67.557348 | G14: 102.54 | H14: 0 | I14: =G14+H14 -> 102.54 | J14: =IF(L14>0,L14,0) -> 0.22734812 | K14: =I14+J14 -> 102.76735 | L14: =F14-(I14-X14) -> 0.22734812 | M14: 4.71 | N14: 0 | O14: 0 | P14: =M14-(N14+O14) -> 4.71 | Q14: 0 | R14: 0 | S14: =SUM(P14:R14) -> 4.71 | U14: 0 | V14: 30.5 | W14: =W13-V14 -> 11193.35 | X14: =N14+O14+S14+U14+V14 -> 35.21 | Y14: =IF(L14<0,L14*-1,0) -> 0 | Z14: =X14+Y14 -> 35.21 | AA14: 0.05 | AB14: 48 | AC14: 36 | AD14: =AD13+1 -> 5
A15: =A14+1 -> 6 | B15: 6889.25 | C15: 245643 | D15: =C15-C14 -> 135 | E15: =C15-152000 -> 93643 | F15: =D15/$D$2 -> 68.061507 | G15: 103.15 | H15: 0 | I15: =G15+H15 -> 103.15 | J15: =IF(L15>0,L15,0) -> 0 | K15: =I15+J15 -> 103.15 | L15: =F15-(I15-X15) -> -0.018492564 | M15: 4.57 | N15: 0 | O15: 0 | P15: =M15-(N15+O15) -> 4.57 | Q15: 0 | R15: 0 | S15: =SUM(P15:R15) -> 4.57 | U15: 0 | V15: 30.5 | W15: =W14-V15 -> 11162.85 | X15: =N15+O15+S15+U15+V15 -> 35.07 | Y15: =IF(L15<0,L15*-1,0) -> 0.018492564 | Z15: =X15+Y15 -> 35.088493 | AA15: 0 | AB15: 36 | AC15: 22 | AD15: =AD14+1 -> 6
A16: =A15+1 -> 7 | B16: 6889.27 | C16: 245710 | D16: =C16-C15 -> 67 | E16: =C16-152000 -> 93710 | F16: =D16/$D$2 -> 33.778674 | G16: 68.66 | H16: 0 | I16: =G16+H16 -> 68.66 | J16: =IF(L16>0,L16,0) -> 0 | K16: =I16+J16 -> 68.66 | L16: =F16-(I16-X16) -> -0.011325939 | M16: 4.4 | N16: 0 | O16: 0 | P16: =M16-(N16+O16) -> 4.4 | Q16: 0 | R16: 0 | S16: =SUM(P16:R16) -> 4.4 | U16: 0 | V16: 30.47 | W16: =W15-V16 -> 11132.38 | X16: =N16+O16+S16+U16+V16 -> 34.87 | Y16: =IF(L16<0,L16*-1,0) -> 0.011325939 | Z16: =X16+Y16 -> 34.881326 | AA16: 0 | AB16: 38 | AC16: 17 | AD16: =AD15+1 -> 7
A17: =A16+1 -> 8 | B17: 6889.28 | C17: 245744 | D17: =C17-C16 -> 34 | E17: =C17-152000 -> 93744 | F17: =D17/$D$2 -> 17.141417 | G17: 52.05 | H17: 0 | I17: =G17+H17 -> 52.05 | J17: =IF(L17>0,L17,0) -> 0 | K17: =I17+J17 -> 52.05 | L17: =F17-(I17-X17) -> -0.0085833123 | M17: 4.4 | N17: 0 | O17: 0 | P17: =M17-(N17+O17) -> 4.4 | Q17: 0 | R17: 0 | S17: =SUM(P17:R17) -> 4.4 | U17: 0 | V17: 30.5 | W17: =W16-V17 -> 11101.88 | X17: =N17+O17+S17+U17+V17 -> 34.9 | Y17: =IF(L17<0,L17*-1,0) -> 0.0085833123 | Z17: =X17+Y17 -> 34.908583 | AA17: 0 | AB17: 44 | AC17: 11 | AD17: =AD16+1 -> 8
A18: =A17+1 -> 9 | B18: 6889.29 | C18: 245778 | D18: =C18-C17 -> 34 | E18: =C18-152000 -> 93778 | F18: =D18/$D$2 -> 17.141417 | G18: 52.14 | H18: 0 | I18: =G18+H18 -> 52.14 | J18: =IF(L18>0,L18,0) -> 0 | K18: =I18+J18 -> 52.14 | L18: =F18-(I18-X18) -> -0.0085833123 | M18: 4.49 | N18: 0 | O18: 0 | P18: =M18-(N18+O18) -> 4.49 | Q18: 0 | R18: 0 | S18: =SUM(P18:R18) -> 4.49 | U18: 0 | V18: 30.5 | W18: =W17-V18 -> 11071.38 | X18: =N18+O18+S18+U18+V18 -> 34.99 | Y18: =IF(L18<0,L18*-1,0) -> 0.0085833123 | Z18: =X18+Y18 -> 34.998583 | AA18: 0 | AB18: 43 | AC18: 20 | AD18: =AD17+1 -> 9
A19: =A18+1 -> 10 | B19: 6889.3 | C19: 245811 | D19: =C19-C18 -> 33 | E19: =C19-152000 -> 93811 | F19: =D19/$D$2 -> 16.637257 | G19: 51.57 | H19: 0 | I19: =G19+H19 -> 51.57 | J19: =IF(L19>0,L19,0) -> 0 | K19: =I19+J19 -> 51.57 | L19: =F19-(I19-X19) -> -0.0027426267 | M19: 4.43 | N19: 0 | O19: 0 | P19: =M19-(N19+O19) -> 4.43 | Q19: 0 | R19: 0 | S19: =SUM(P19:R19) -> 4.43 | U19: 0 | V19: 30.5 | W19: =W18-V19 -> 11040.88 | X19: =N19+O19+S19+U19+V19 -> 34.93 | Y19: =IF(L19<0,L19*-1,0) -> 0.0027426267 | Z19: =X19+Y19 -> 34.932743 | AA19: 0.17 | AB19: 47 | AC19: 22 | AD19: =AD18+1 -> 10
A20: =A19+1 -> 11 | B20: 6889.38 | C20: 246081 | D20: =C20-C19 -> 270 | E20: =C20-152000 -> 94081 | F20: =D20/$D$2 -> 136.12301 | G20: 194.16 | H20: 0 | I20: =G20+H20 -> 194.16 | J20: =IF(L20>0,L20,0) -> 0 | K20: =I20+J20 -> 194.16 | L20: =F20-(I20-X20) -> -0.036985127 | M20: 28 | N20: 0 | O20: 0 | P20: =M20-(N20+O20) -> 28 | Q20: 0 | R20: 0 | S20: =SUM(P20:R20) -> 28 | U20: 0 | V20: 30 | W20: =W19-V20 -> 11010.88 | X20: =N20+O20+S20+U20+V20 -> 58 | Y20: =IF(L20<0,L20*-1,0) -> 0.036985127 | Z20: =X20+Y20 -> 58.036985 | AA20: 0 | AB20: 43 | AC20: 26 | AD20: =AD19+1 -> 11
A21: =A20+1 -> 12 | B21: 6889.39 | C21: 246114 | D21: =C21-C20 -> 33 | E21: =C21-152000 -> 94114 | F21: =D21/$D$2 -> 16.637257 | G21: 84.64 | H21: 0 | I21: =G21+H21 -> 84.64 | J21: =IF(L21>0,L21,0) -> 0 | K21: =I21+J21 -> 84.64 | L21: =F21-(I21-X21) -> -0.0027426267 | M21: 38 | N21: 0 | O21: 0 | P21: =M21-(N21+O21) -> 38 | Q21: 0 | R21: 0 | S21: =SUM(P21:R21) -> 38 | U21: 0 | V21: 30 | W21: =W20-V21 -> 10980.88 | X21: =N21+O21+S21+U21+V21 -> 68 | Y21: =IF(L21<0,L21*-1,0) -> 0.0027426267 | Z21: =X21+Y21 -> 68.002743 | AA21: 0 | AB21: 43 | AC21: 19 | AD21: =AD20+1 -> 12
A22: =A21+1 -> 13 | B22: 6889.4 | C22: 246148 | D22: =C22-C21 -> 34 | E22: =C22-152000 -> 94148 | F22: =D22/$D$2 -> 17.141417 | G22: 85.15 | H22: 0 | I22: =G22+H22 -> 85.15 | J22: =IF(L22>0,L22,0) -> 0 | K22: =I22+J22 -> 85.15 | L22: =F22-(I22-X22) -> -0.0085833123 | M22: 38 | N22: 0 | O22: 0 | P22: =M22-(N22+O22) -> 38 | Q22: 0 | R22: 0 | S22: =SUM(P22:R22) -> 38 | U22: 0 | V22: 30 | W22: =W21-V22 -> 10950.88 | X22: =N22+O22+S22+U22+V22 -> 68 | Y22: =IF(L22<0,L22*-1,0) -> 0.0085833123 | Z22: =X22+Y22 -> 68.008583 | AA22: 0 | AB22: 46 | AC22: 17 | AD22: =AD21+1 -> 13
... A38: =A37+1 -> 29 | B38: 6889.13 | C38: 245239 | D38: =C38-C37 -> -34 | E38: =C38-152000 -> 93239 | F38: =D38/$D$2 -> -17.141417 | G38: 89.03 | H38: 5.5 | I38: =G38+H38 -> 94.53 | J38: =IF(L38>0,L38,0) -> 106.12858 | K38: =I38+J38 -> 200.65858 | L38: =F38-(I38-X38) -> 106.12858 | M38: 6.9 | N38: 0 | O38: 0 | P38: =M38-(N38+O38) -> 6.9 | Q38: 180.4 | R38: 0 | S38: =SUM(P38:R38) -> 187.3 | U38: 0 | V38: 30.5 | W38: =W37-V38 -> 10463.93 | X38: =N38+O38+S38+U38+V38 -> 217.8 | Y38: =IF(L38<0,L38*-1,0) -> 0 | Z38: =X38+Y38 -> 217.8 | AA38: 0.17 | AB38: 44 | AC38: 20 | AD38: =AD37+1 -> 29
A39: 30 | B39: 6889.17 | C39: 245374 | D39: =C39-C38 -> 135 | E39: =C39-152000 -> 93374 | F39: =D39/$D$2 -> 68.061507 | G39: 90.32 | H39: 6.36 | I39: =G39+H39 -> 96.68 | J39: =IF(L39>0,L39,0) -> 7.1615074 | K39: =I39+J39 -> 103.84151 | L39: =F39-(I39-X39) -> 7.1615074 | M39: 5.25 | N39: 0 | O39: 0 | P39: =M39-(N39+O39) -> 5.25 | Q39: 0 | R39: 0 | S39: =SUM(P39:R39) -> 5.25 | U39: 0 | V39: 30.53 | W39: =W38-V39 -> 10433.4 | X39: =N39+O39+S39+U39+V39 -> 35.78 | Y39: =IF(L39<0,L39*-1,0) -> 0 | Z39: =X39+Y39 -> 35.78 | AA39: 0 | AB39: 45 | AC39: 24 | AD39: 30
A40: 31 | B40: 6889.21 | C40: 245508 | D40: =C40-C39 -> 134 | E40: =C40-152000 -> 93508 | F40: =D40/$D$2 -> 67.557348 | G40: 101.07 | H40: 6.15 | I40: =G40+H40 -> 107.22 | J40: =IF(L40>0,L40,0) -> 0 | K40: =I40+J40 -> 107.22 | L40: =F40-(I40-X40) -> -4.0326519 | M40: 5.13 | N40: 0 | O40: 0 | P40: =M40-(N40+O40) -> 5.13 | Q40: 0 | R40: 0 | S40: =SUM(P40:R40) -> 5.13 | U40: 0 | V40: 30.5 | W40: =W39-V40 -> 10402.9 | X40: =N40+O40+S40+U40+V40 -> 35.63 | Y40: =IF(L40<0,L40*-1,0) -> 4.0326519 | Z40: =X40+Y40 -> 39.662652 | AA40: 0 | AB40: 49 | AC40: 26 | AD40: 31
A42: MONTH / CFS | F42: =SUM(F10:F40) -> 457.2725 | G42: =SUM(G10:G40) -> 2989.45 | H42: =SUM(H10:H40) -> 74.65 | I42: =SUM(I10:I40) -> 3064.1 | J42: =SUM(J10:J40) -> 346.11087 | K42: =SUM(K10:K40) -> 3410.2109 | L42: =SUM(L10:L40) -> 274.6725 | M42: =SUM(M10:M40) -> 330.89 | ... S42: =SUM(S10:S40) -> 1936 | U42: =SUM(U10:U40) -> 0 | V42: =SUM(V10:V40) -> 945.42 | X42: =SUM(X10:X40) -> 2881.5 | Y42: =SUM(Y10:Y40) -> 71.438374 | Z42: =SUM(Z10:Z40) -> 2952.9384 | AA42: =SUM(AA10:AA40) -> 1.92 | AB42: =AVERAGE(AB10:AB40) -> 44.16129 | AC42: =AVERAGE(AC10:AC40) -> 23.225806 | AD42: AVE
A43: MONTH / AF | D43: =SUM(D10:D40) -> 907 | F43: =F42*$D$2 -> 907 | G43: =G42*$D$2 -> 5929.5741 | H43: =H42*$D$2 -> 148.06827 | I43: =I42*$D$2 -> 6077.6424 | J43: =J42*$D$2 -> 686.51091 | K43: =K42*$D$2 -> 6764.1533 | L43: =L42*$D$2 -> 544.8129 | M43: =M42*$D$2 -> 656.32032 | ... S43: =S42*$D$2 -> 3840.056 | U43: =U42*$D$2 -> 0 | V43: =V42*$D$2 -> 1875.2406 | X43: =X42*$D$2 -> 5715.4552 | Y43: =Y42*$D$2 -> 141.69801 | Z43: =Z42*$D$2 -> 5857.1533 | AB43: =MAX(AB10:AB40) -> 54 | AC43: =MAX(AC10:AC40) -> 36 | AD43: HI
A45: SEASON / CFS | AB45: =MIN(AB10:AB40) -> 34 | AC45: =MIN(AC10:AC40) -> 11 | AD45: LO
A46: SEASON / AF
A48: YTD / CFS | F48: =F8+F42 -> 3349.1303 | G48: =G8+G42 -> 11464.77 | H48: =H8+H42 -> 74.65 | I48: =I8+I42 -> 11436.22 | J48: =J8+J42 -> 641.10892 | K48: =K8+K42 -> 12077.329 | L48: =L8+L42 -> 102.92033 | M48: =M8+M42 -> 1436.32 | ... S48: =S8+S42 -> 3413.83 | U48: =U8+U42 -> 0 | V48: =V8+V42 -> 4776.1 | W48: =W40 -> 10402.9 | X48: =X8+X42 -> 8190.01 | Y48: =Y8+Y42 -> 538.18859 | Z48: =Z8+Z42 -> 8728.1986 | AA48: =AA8+AA42 -> 5.94
A49: YTD / AF | D49: =D8+D43 -> 6643 | E49: =E40 -> 93508 | F49: =F48*$D$2 -> 6643 | G49: =G48*$D$2 -> 22740.371 | H49: =H48*$D$2 -> 148.06827 | I49: =I48*$D$2 -> 22683.742 | J49: =J48*$D$2 -> 1271.6395 | K49: =K48*$D$2 -> 23955.382 | L49: =L48*$D$2 -> 204.14246 | M49: =M48*$D$2 -> 2848.9407 | ... Z49: =Z48*$D$2 -> 17312.382

Sheet APR
K1: MC PHEE RESERVOIR IN/OUT FLOW TABULATION
A2: AF/cfs CONVERT FACTOR | D2: 1.9835 | K2: APRIL "1991"
Y3: 5
A4: DATE | B4: RESERV | C4: RESERV | D4: AC FT | E4: ACTIVE | F4: CONV TO | G4: DOLORES | H4: LOST | I4: RECORDED | J4: CALC | K4: TOTAL | L4: CALC | M4: TUNNEL | Q4: LONE | R4: U | S4: TOTAL | T4: MVI | U4: DV CR | V4: BELOW | W4: REMAIN | X4: RECORDED | Y4: CALC | Z4: TOTAL | AA4: RAIN | AB4: MAX | AC4: MIN | AD4: DATE
A5: "APR" | B5: ELEV | C5: AC FT | D5: CHANGE | E5: CAP | F5: CFS | G5: RIVER | H5: CANYON | I5: INFLOW | J5: INFLOW | K5: INFLOW | L5: INF/OTF | M5: TOT DIV | N5: WETLAND | O5: UTE F&R | P5: MVI/CTZ/MWC | Q5: PINE | R5: LAT | S5: MVI | T5: CALL | U5: CANAL | V5: MC PHEE | W5: RELEASE | X5: OUTFLOW | Y5: OUTFLOW | Z5: OUTFLOW | AB5: TMP | AC5: TMP | AD5: "APR"
A7: SEASON BAL
A8: YTD | B8: =MAR!B40 -> 6889.21 | C8: =MAR!C40 -> 245508 | D8: =MAR!D49 -> 6643 | E8: =MAR!E49 -> 93508 | F8: =MAR!F48 -> 3349.1303 | G8: =MAR!G48 -> 11464.77 | H8: =MAR!H48 -> 74.65 | I8: =MAR!I48 -> 11436.22 | J8: =MAR!J48 -> 641.10892 | K8: =MAR!K48 -> 12077.329 | L8: =MAR!L48 -> 102.92033 | M8: =MAR!M48 -> 1436.32 | ... AA8: =MAR!AA48 -> 5.94
A10: 1 | B10: 6889.29 | C10: 245683 | D10: =C10-C8 -> 175 | E10: =C10-152000 -> 93683 | F10: =D10/$D$2 -> 88.22788 | G10: 117.3 | H10: 8 | I10: =G10+H10 -> 125.3 | J10: =IF(L10>0,L10,0) -> 0 | K10: =I10+J10 -> 125.3 | L10: =F10-(I10-X10) -> -2.53212 | M10: 4.04 | N10: 0 | O10: 0 | P10: =M10-(N10+O10) -> 4.04 | Q10: 0 | R10: 0 | S10: =SUM(P10:R10) -> 4.04 | U10: 0 | V10: 30.5 | W10: =W8-V10 -> 10372.4 | X10: =N10+O10+S10+U10+V10 -> 34.54 | Y10: =IF(L10<0,L10*-1,0) -> 2.53212 | Z10: =X10+Y10 -> 37.07212 | AA10: 0 | AB10: 64 | AC10: 28 | AD10: 1
A11: =A10+1 -> 2 | B11: 6889.4 | C11: 246053 | D11: =C11-C10 -> 370 | E11: =C11-152000 -> 94053 | F11: =D11/$D$2 -> 186.53895 | G11: 153.5 | H11: 12 | I11: =G11+H11 -> 165.5 | J11: =IF(L11>0,L11,0) -> 57.538946 | K11: =I11+J11 -> 223.03895 | L11: =F11-(I11-X11) -> 57.538946 | M11: 6 | N11: 0 | O11: 0 | P11: =M11-(N11+O11) -> 6 | Q11: 0 | R11: 0 | S11: =SUM(P11:R11) -> 6 | U11: 0 | V11: 30.5 | W11: =W10-V11 -> 10341.9 | X11: =N11+O11+S11+U11+V11 -> 36.5 | Y11: =IF(L11<0,L11*-1,0) -> 0 | Z11: =X11+Y11 -> 36.5 | AA11: 0.14 | AB11: 62 | AC11: 29 | AD11: =AD10+1 -> 2
A12: =A11+1 -> 3 | B12: 6889.52 | C12: 246457 | D12: =C12-C11 -> 404 | E12: =C12-152000 -> 94457 | F12: =D12/$D$2 -> 203.68036 | G12: 185.6 | H12: 18 | I12: =G12+H12 -> 203.6 | J12: =IF(L12>0,L12,0) -> 36.070363 | K12: =I12+J12 -> 239.67036 | L12: =F12-(I12-X12) -> 36.070363 | M12: 6.29 | N12: 0 | O12: 0 | P12: =M12-(N12+O12) -> 6.29 | Q12: 0 | R12: 0 | S12: =SUM(P12:R12) -> 6.29 | U12: 0 | V12: 29.7 | W12: =W11-V12 -> 10312.2 | X12: =N12+O12+S12+U12+V12 -> 35.99 | Y12: =IF(L12<0,L12*-1,0) -> 0 | Z12: =X12+Y12 -> 35.99 | AA12: 0 | AB12: 59 | AC12: 30 | AD12: =AD11+1 -> 3
A13: =A12+1 -> 4 | B13: 6889.81 | C13: 247434 | D13: =C13-C12 -> 977 | E13: =C13-152000 -> 95434 | F13: =D13/$D$2 -> 492.56365 | G13: 232.5 | H13: 30 | I13: =G13+H13 -> 262.5 | J13: =IF(L13>0,L13,0) -> 269.64365 | K13: =I13+J13 -> 532.14365 | L13: =F13-(I13-X13) -> 269.64365 | M13: 9.88 | N13: 0 | O13: 0 | P13: =M13-(N13+O13) -> 9.88 | Q13: 0 | R13: 0 | S13: =SUM(P13:R13) -> 9.88 | U13: 0 | V13: 29.7 | W13: =W12-V13 -> 10282.5 | X13: =N13+O13+S13+U13+V13 -> 39.58 | Y13: =IF(L13<0,L13*-1,0) -> 0 | Z13: =X13+Y13 -> 39.58 | AA13: 0 | AB13: 65 | AC13: 29 | AD13: =AD12+1 -> 4
A14: =A13+1 -> 5 | B14: 6890.45 | C14: 249604 | D14: =C14-C13 -> 2170 | E14: =C14-152000 -> 97604 | F14: =D14/$D$2 -> 1094.0257 | G14: 361 | H14: 82 | I14: =G14+H14 -> 443 | J14: =IF(L14>0,L14,0) -> 692.52571 | K14: =I14+J14 -> 1135.5257 | L14: =F14-(I14-X14) -> 692.52571 | M14: 11.8 | N14: 0 | O14: 0 | P14: =M14-(N14+O14) -> 11.8 | Q14: 0 | R14: 0 | S14: =SUM(P14:R14) -> 11.8 | U14: 0 | V14: 29.7 | W14: =W13-V14 -> 10252.8 | X14: =N14+O14+S14+U14+V14 -> 41.5 | Y14: =IF(L14<0,L14*-1,0) -> 0 | Z14: =X14+Y14 -> 41.5 | AA14: 0 | AB14: 66 | AC14: 29 | AD14: =AD13+1 -> 5
A15: =A14+1 -> 6 | B15: 6891.21 | C15: 252470 | D15: =C15-C14 -> 2866 | E15: =C15-152000 -> 100470 | F15: =D15/$D$2 -> 1444.9206 | G15: 589 | H15: 163 | I15: =G15+H15 -> 752 | J15: =IF(L15>0,L15,0) -> 734.62059 | K15: =I15+J15 -> 1486.6206 | L15: =F15-(I15-X15) -> 734.62059 | M15: 12.06 | N15: 0 | O15: 0 | P15: =M15-(N15+O15) -> 12.06 | Q15: 0 | R15: 0 | S15: =SUM(P15:R15) -> 12.06 | U15: 0 | V15: 29.64 | W15: =W14-V15 -> 10223.16 | X15: =N15+O15+S15+U15+V15 -> 41.7 | Y15: =IF(L15<0,L15*-1,0) -> 0 | Z15: =X15+Y15 -> 41.7 | AA15: 0 | AB15: 68 | AC15: 30 | AD15: =AD14+1 -> 6
A16: =A15+1 -> 7 | B16: 6992.33 | C16: 256052 | D16: =C16-C15 -> 3582 | E16: =C16-152000 -> 104052 | F16: =D16/$D$2 -> 1805.8987 | G16: 873.5 | H16: 253 | I16: =G16+H16 -> 1126.5 | J16: =IF(L16>0,L16,0) -> 721.33866 | K16: =I16+J16 -> 1847.8387 | L16: =F16-(I16-X16) -> 721.33866 | M16: 12.3 | N16: 0 | O16: 0 | P16: =M16-(N16+O16) -> 12.3 | Q16: 0 | R16: 0 | S16: =SUM(P16:R16) -> 12.3 | U16: 0 | V16: 29.64 | W16: =W15-V16 -> 10193.52 | X16: =N16+O16+S16+U16+V16 -> 41.94 | Y16: =IF(L16<0,L16*-1,0) -> 0 | Z16: =X16+Y16 -> 41.94 | AA16: 0 | AB16: 67 | AC16: 30 | AD16: =AD15+1 -> 7
A17: =A16+1 -> 8 | B17: 6893.25 | C17: 259249 | D17: =C17-C16 -> 3197 | E17: =C17-152000 -> 107249 | F17: =D17/$D$2 -> 1611.7973 | G17: 936.3 | H17: 285 | I17: =G17+H17 -> 1221.3 | J17: =IF(L17>0,L17,0) -> 571.19733 | K17: =I17+J17 -> 1792.4973 | L17: =F17-(I17-X17) -> 571.19733 | M17: 12.3 | N17: 0 | O17: 0 | P17: =M17-(N17+O17) -> 12.3 | Q17: 128.79 | R17: 9.91 | S17: =SUM(P17:R17) -> 151 | U17: 0 | V17: 29.7 | W17: =W16-V17 -> 10163.82 | X17: =N17+O17+S17+U17+V17 -> 180.7 | Y17: =IF(L17<0,L17*-1,0) -> 0 | Z17: =X17+Y17 -> 180.7 | AA17: 0 | AB17: 46 | AC17: 29 | AD17: =AD16+1 -> 8
A18: =A17+1 -> 9 | B18: 6894.13 | C18: 262330 | D18: =C18-C17 -> 3081 | E18: =C18-152000 -> 110330 | F18: =D18/$D$2 -> 1553.3148 | G18: 764.7 | H18: 220 | I18: =G18+H18 -> 984.7 | J18: =IF(L18>0,L18,0) -> 723.24485 | K18: =I18+J18 -> 1707.9448 | L18: =F18-(I18-X18) -> 723.24485 | M18: 11.3 | N18: 0 | O18: 0 | P18: =M18-(N18+O18) -> 11.3 | Q18: 98.63 | R18: 15 | S18: =SUM(P18:R18) -> 124.93 | U18: 0 | V18: 29.7 | W18: =W17-V18 -> 10134.12 | X18: =N18+O18+S18+U18+V18 -> 154.63 | Y18: =IF(L18<0,L18*-1,0) -> 0 | Z18: =X18+Y18 -> 154.63 | AA18: 0 | AB18: 54 | AC18: 22 | AD18: =AD17+1 -> 9
A19: =A18+1 -> 10 | B19: 6895 | C19: 265401 | D19: =C19-C18 -> 3071 | E19: =C19-152000 -> 113401 | F19: =D19/$D$2 -> 1548.2733 | G19: 864.4 | H19: 196 | I19: =G19+H19 -> 1060.4 | J19: =IF(L19>0,L19,0) -> 547.99325 | K19: =I19+J19 -> 1608.3933 | L19: =F19-(I19-X19) -> 547.99325 | M19: 10.32 | N19: 0 | O19: 0 | P19: =M19-(N19+O19) -> 10.32 | Q19: 0 | R19: 12.68 | S19: =SUM(P19:R19) -> 23 | U19: 0 | V19: 37.12 | W19: =W18-V19 -> 10097 | X19: =N19+O19+S19+U19+V19 -> 60.12 | Y19: =IF(L19<0,L19*-1,0) -> 0 | Z19: =X19+Y19 -> 60.12 | AA19: 0.02 | AB19: 51 | AC19: 29 | AD19: =AD18+1 -> 10
A20: =A19+1 -> 11 | B20: 6895.5 | C20: 267181 | D20: =C20-C19 -> 1780 | E20: =C20-152000 -> 115181 | F20: =D20/$D$2 -> 897.40358 | G20: 744.7 | H20: 181 | I20: =G20+H20 -> 925.7 | J20: =IF(L20>0,L20,0) -> 32.48358 | K20: =I20+J20 -> 958.18358 | L20: =F20-(I20-X20) -> 32.48358 | M20: 10.3 | N20: 0 | O20: 0 | P20: =M20-(N20+O20) -> 10.3 | Q20: 0 | R20: 9.7 | S20: =SUM(P20:R20) -> 20 | U20: 0 | V20: 40.78 | W20: =W19-V20 -> 10056.22 | X20: =N20+O20+S20+U20+V20 -> 60.78 | Y20: =IF(L20<0,L20*-1,0) -> 0 | Z20: =X20+Y20 -> 60.78 | AA20: 0 | AB20: 40 | AC20: 26 | AD20: =AD19+1 -> 11
A21: =A20+1 -> 12 | B21: 6895.98 | C21: 268889 | D21: =C21-C20 -> 1708 | E21: =C21-152000 -> 116889 | F21: =D21/$D$2 -> 861.10411 | G21: 544.1 | H21: 79 | I21: =G21+H21 -> 623.1 | J21: =IF(L21>0,L21,0) -> 295.50411 | K21: =I21+J21 -> 918.60411 | L21: =F21-(I21-X21) -> 295.50411 | M21: 10.54 | N21: 0 | O21: 0 | P21: =M21-(N21+O21) -> 10.54 | Q21: 0 | R21: 6.46 | S21: =SUM(P21:R21) -> 17 | U21: 0 | V21: 40.5 | W21: =W20-V21 -> 10015.72 | X21: =N21+O21+S21+U21+V21 -> 57.5 | Y21: =IF(L21<0,L21*-1,0) -> 0 | Z21: =X21+Y21 -> 57.5 | AA21: 0 | AB21: 50 | AC21: 22 | AD21: =AD20+1 -> 12
A22: =A21+1 -> 13 | B22: 6896.27 | C22: 269929 | D22: =C22-C21 -> 1040 | E22: =C22-152000 -> 117929 | F22: =D22/$D$2 -> 524.32569 | G22: 420.5 | H22: 53 | I22: =G22+H22 -> 473.5 | J22: =IF(L22>0,L22,0) -> 102.10569 | K22: =I22+J22 -> 575.60569 | L22: =F22-(I22-X22) -> 102.10569 | M22: 10.78 | N22: 0 | O22: 0 | P22: =M22-(N22+O22) -> 10.78 | Q22: 0 | R22: 0 | S22: =SUM(P22:R22) -> 10.78 | U22: 0 | V22: 40.5 | W22: =W21-V22 -> 9975.22 | X22: =N22+O22+S22+U22+V22 -> 51.28 | Y22: =IF(L22<0,L22*-1,0) -> 0 | Z22: =X22+Y22 -> 51.28 | AA22: 0 | AB22: 60 | AC22: 16 | AD22: =AD21+1 -> 13
... A38: =A37+1 -> 29 | B38: 6905.43 | C38: 303959 | D38: =C38-C37 -> 809 | E38: =C38-152000 -> 151959 | F38: =D38/$D$2 -> 407.86489 | G38: 499.1 | H38: 6 | I38: =G38+H38 -> 505.1 | J38: =IF(L38>0,L38,0) -> 185.78489 | K38: =I38+J38 -> 690.88489 | L38: =F38-(I38-X38) -> 185.78489 | M38: 128.63 | N38: 0 | O38: 0 | P38: =M38-(N38+O38) -> 128.63 | Q38: 82.89 | R38: 11 | S38: =SUM(P38:R38) -> 222.52 | U38: 20 | V38: 40.5 | W38: =W37-V38 -> 9339.01 | X38: =N38+O38+S38+U38+V38 -> 283.02 | Y38: =IF(L38<0,L38*-1,0) -> 0 | Z38: =X38+Y38 -> 283.02 | AA38: 0.01 | AB38: 50 | AC38: 18 | AD38: =AD37+1 -> 29
A39: 30 | B39: 6905.57 | C39: 304498 | D39: =C39-C38 -> 539 | E39: =C39-152000 -> 152498 | F39: =D39/$D$2 -> 271.74187 | G39: 457 | H39: 6 | I39: =G39+H39 -> 463 | J39: =IF(L39>0,L39,0) -> 82.27187 | K39: =I39+J39 -> 545.27187 | L39: =F39-(I39-X39) -> 82.27187 | M39: 132.65 | N39: 0 | O39: 0 | P39: =M39-(N39+O39) -> 132.65 | Q39: 83.41 | R39: 6.94 | S39: =SUM(P39:R39) -> 223 | U39: 10 | V39: 40.53 | W39: =W38-V39 -> 9298.48 | X39: =N39+O39+S39+U39+V39 -> 273.53 | Y39: =IF(L39<0,L39*-1,0) -> 0 | Z39: =X39+Y39 -> 273.53 | AA39: 0 | AB39: 52 | AC39: 24 | AD39: 30
A41: MONTH / CFS | F41: =SUM(F10:F39) -> 29740.358 | G41: =SUM(G10:G39) -> 20090.3 | H41: =SUM(H10:H39) -> 3560 | I41: =SUM(I10:I39) -> 23650.3 | J41: =SUM(J10:J39) -> 9142.7401 | K41: =SUM(K10:K39) -> 32793.04 | L41: =SUM(L10:L39) -> 9140.208 | M41: =SUM(M10:M39) -> 1288.1 | ... S41: =SUM(S10:S39) -> 1784.73 | U41: =SUM(U10:U39) -> 161 | V41: =SUM(V10:V39) -> 1104.42 | X41: =SUM(X10:X39) -> 3050.15 | Y41: =SUM(Y10:Y39) -> 2.53212 | Z41: =SUM(Z10:Z39) -> 3052.6821 | AA41: =SUM(AA10:AA39) -> 0.17 | AB41: =AVERAGE(AB10:AB39) -> 56.6 | AC41: =AVERAGE(AC10:AC39) -> 26.2 | AD41: Avg
A42: MONTH / AF | D42: =SUM(D10:D39) -> 58990 | F42: =F41*$D$2 -> 58990 | G42: =G41*$D$2 -> 39849.11 | H42: =H41*$D$2 -> 7061.26 | I42: =I41*$D$2 -> 46910.37 | J42: =J41*$D$2 -> 18134.625 | K42: =K41*$D$2 -> 65044.995 | L42: =L41*$D$2 -> 18129.602 | M42: =M41*$D$2 -> 2554.9464 | ... S42: =S41*$D$2 -> 3540.012 | U42: =U41*$D$2 -> 319.3435 | V42: =V41*$D$2 -> 2190.6171 | X42: =X41*$D$2 -> 6049.9725 | Y42: =Y41*$D$2 -> 5.02246 | Z42: =Z41*$D$2 -> 6054.995 | AB42: =MAX(AB10:AB39) -> 68 | AC42: =MAX(AC10:AC39) -> 30 | AD42: HI
A44: SEASON / CFS | F44: =F7+F41 -> 29740.358 | G44: =G7+G41 -> 20090.3 | H44: =H7+H41 -> 3560 | I44: =I7+I41 -> 23650.3 | J44: =J7+J41 -> 9142.7401 | K44: =K7+K41 -> 32793.04 | L44: =L7+L41 -> 9140.208 | M44: =M7+M41 -> 1288.1 | ... S44: =S7+S41 -> 1784.73 | T44: =T39 -> 0 | U44: =U7+U41 -> 161 | V44: =V7+V41 -> 1104.42 | X44: =X7+X41 -> 3050.15 | Y44: =Y7+Y41 -> 2.53212 | Z44: =Z7+Z41 -> 3052.6821 | AB44: =MIN(AB10:AB39) -> 40 | AC44: =MIN(AC10:AC39) -> 16 | AD44: LO
A45: SEASON / AF | F45: =F44*$D$2 -> 58990 | G45: =G44*$D$2 -> 39849.11 | H45: =H44*$D$2 -> 7061.26 | I45: =I44*$D$2 -> 46910.37 | J45: =J44*$D$2 -> 18134.625 | K45: =K44*$D$2 -> 65044.995 | L45: =L44*$D$2 -> 18129.602 | M45: =M44*$D$2 -> 2554.9464 | ... V45: =V44*$D$2 -> 2190.6171 | X45: =X44*$D$2 -> 6049.9725 | Y45: =Y44*$D$2 -> 5.02246 | Z45: =Z44*$D$2 -> 6054.995
A47: YTD / CFS | F47: =F8+F41 -> 33089.488 | G47: =G8+G41 -> 31555.07 | H47: =H8+H41 -> 3634.65 | I47: =I8+I41 -> 35086.52 | J47: =J8+J41 -> 9783.849 | K47: =K8+K41 -> 44870.369 | L47: =L8+L41 -> 9243.1283 | M47: =M8+M41 -> 2724.42 | ... S47: =S8+S41 -> 5198.56 | U47: =U8+U41 -> 161 | V47: =V8+V41 -> 5880.52 | W47: =W39 -> 9298.48 | X47: =X8+X41 -> 11240.16 | Y47: =Y8+Y41 -> 540.72071 | Z47: =Z8+Z41 -> 11780.881 | AA47: =AA8+AA41 -> 6.11
A48: YTD / AF | D48: =D8+D42 -> 65633 | E48: =E39 -> 152498 | F48: =F47*$D$2 -> 65633 | G48: =G47*$D$2 -> 62589.481 | H48: =H47*$D$2 -> 7209.3283 | I48: =I47*$D$2 -> 69594.112 | J48: =J47*$D$2 -> 19406.264 | K48: =K47*$D$2 -> 89000.377 | L48: =L47*$D$2 -> 18333.745 | M48: =M47*$D$2 -> 5403.8871 | ... Z48: =Z47*$D$2 -> 23367.377

Sheet MAY
K1: MC PHEE RESERVOIR IN/OUT FLOW TABULATION
A2: AF/cfs CONVERT FACTOR | D2: 1.9835 | K2: MAY "1991"
A4: DATE | B4: RESERV | C4: RESERV | D4: AC FT | E4: ACTIVE | F4: CONV TO | G4: DOLORES | H4: LOST | I4: RECORDED | J4: CALC | K4: TOTAL | L4: CALC | M4: TUNNEL | Q4: LONE | R4: U | S4: TOTAL | T4: MVI | U4: DV CR | V4: BELOW | W4: REMAIN | X4: RECORDED | Y4: CALC | Z4: TOTAL | AA4: RAIN | AB4: MAX | AC4: MIN | AD4: DATE
A5: "MAY" | B5: ELEV | C5: AC FT | D5: CHANGE | E5: CAP | F5: CFS | G5: RIVER | H5: CANYON | I5: INFLOW | J5: INFLOW | K5: INFLOW | L5: INF/OTF | M5: TOT DIV | N5: WETLAND | O5: UTE F&R | P5: MVI,CTZ | Q5: PINE | R5: LAT | S5: MVI | T5: CALL | U5: CANAL | V5: MC PHEE | W5: RELEASE | X5: OUTFLOW | Y5: OUTFLOW | Z5: OUTFLOW | AB5: TMP | AC5: TMP | AD5: "MAY"
A7: SEASON BAL | F7: =APR!F44 -> 29740.358 | G7: =APR!G44 -> 20090.3 | H7: =APR!H44 -> 3560 | I7: =APR!I44 -> 23650.3 | J7: =APR!J44 -> 9142.7401 | K7: =APR!K44 -> 32793.04 | L7: =APR!L44 -> 9140.208 | M7: =APR!M44 -> 1288.1 | ... V7: =APR!V44 -> 1104.42 | X7: =APR!X44 -> 3050.15 | Y7: =APR!Y44 -> 2.53212 | Z7: =APR!Z44 -> 3052.6821
A8: YTD | B8: =APR!B39 -> 6905.57 | C8: =APR!C39 -> 304498 | D8: =APR!D48 -> 65633 | E8: =APR!E48 -> 152498 | F8: =APR!F47 -> 33089.488 | G8: =APR!G47 -> 31555.07 | H8: =APR!H47 -> 3634.65 | I8: =APR!I47 -> 35086.52 | J8: =APR!J47 -> 9783.849 | K8: =APR!K47 -> 44870.369 | L8: =APR!L47 -> 9243.1283 | M8: =APR!M47 -> 2724.42 | ... AA8: =APR!AA47 -> 6.11
A10: 1 | B10: 6905.69 | C10: 305056 | D10: =C10-C8 -> 558 | E10: =C10-152000 -> 153056 | F10: =D10/$D$2 -> 281.3209 | G10: 463.9 | H10: 29.9 | I10: =G10+H10 -> 493.8 | J10: =IF(L10>0,L10,0) -> 100.9209 | K10: =I10+J10 -> 594.7209 | L10: =F10-(I10-X10) -> 100.9209 | M10: 144.5 | N10: 0 | O10: 0 | P10: =M10-(N10+O10) -> 144.5 | Q10: 98.1 | R10: 23.2 | S10: =SUM(P10:R10) -> 265.8 | U10: 7.1 | V10: 40.5 | W10: =W8-V10 -> 9257.98 | X10: =N10+O10+S10+U10+V10 -> 313.4 | Y10: =IF(L10<0,L10*-1,0) -> 0 | Z10: =X10+Y10 -> 313.4 | AA10: 0 | AB10: 66 | AC10: 26 | AD10: 1
A11: =A10+1 -> 2 | B11: 6905.89 | C11: 305827 | D11: =C11-C10 -> 771 | E11: =C11-152000 -> 153827 | F11: =D11/$D$2 -> 388.70683 | G11: 612.7 | H11: 56.6 | I11: =G11+H11 -> 669.3 | J11: =IF(L11>0,L11,0) -> 54.406831 | K11: =I11+J11 -> 723.70683 | L11: =F11-(I11-X11) -> 54.406831 | M11: 157.6 | N11: 0 | O11: 0 | P11: =M11-(N11+O11) -> 157.6 | Q11: 107.4 | R11: 25 | S11: =SUM(P11:R11) -> 290 | U11: 4.5 | V11: 40.5 | W11: =W10-V11 -> 9217.48 | X11: =N11+O11+S11+U11+V11 -> 335 | Y11: =IF(L11<0,L11*-1,0) -> 0 | Z11: =X11+Y11 -> 335 | AA11: 0 | AB11: 50 | AC11: 35 | AD11: =AD10+1 -> 2
A12: =A11+1 -> 3 | B12: 6906.2 | C12: 307028 | D12: =C12-C11 -> 1201 | E12: =C12-152000 -> 155028 | F12: =D12/$D$2 -> 605.49534 | G12: 601.6 | H12: 46.6 | I12: =G12+H12 -> 648.2 | J12: =IF(L12>0,L12,0) -> 295.79534 | K12: =I12+J12 -> 943.99534 | L12: =F12-(I12-X12) -> 295.79534 | M12: 159.7 | N12: 0 | O12: 0 | P12: =M12-(N12+O12) -> 159.7 | Q12: 107.4 | R12: 27.4 | S12: =SUM(P12:R12) -> 294.5 | U12: 3.5 | V12: 40.5 | W12: =W11-V12 -> 9176.98 | X12: =N12+O12+S12+U12+V12 -> 338.5 | Y12: =IF(L12<0,L12*-1,0) -> 0 | Z12: =X12+Y12 -> 338.5 | AA12: 0 | AB12: 53 | AC12: 24 | AD12: =AD11+1 -> 3
A13: =A12+1 -> 4 | B13: 6906.42 | C13: 307884 | D13: =C13-C12 -> 856 | E13: =C13-152000 -> 155884 | F13: =D13/$D$2 -> 431.56037 | G13: 679.6 | H13: 29.4 | I13: =G13+H13 -> 709 | J13: =IF(L13>0,L13,0) -> 77.760373 | K13: =I13+J13 -> 786.76037 | L13: =F13-(I13-X13) -> 77.760373 | M13: 161.8 | N13: 0 | O13: 0 | P13: =M13-(N13+O13) -> 161.8 | Q13: 107.6 | R13: 34.7 | S13: =SUM(P13:R13) -> 304.1 | U13: 10.6 | V13: 40.5 | W13: =W12-V13 -> 9136.48 | X13: =N13+O13+S13+U13+V13 -> 355.2 | Y13: =IF(L13<0,L13*-1,0) -> 0 | Z13: =X13+Y13 -> 355.2 | AA13: 0 | AB13: 57 | AC13: 22 | AD13: =AD12+1 -> 4
A14: =A13+1 -> 5 | B14: 6906.69 | C14: 308933 | D14: =C14-C13 -> 1049 | E14: =C14-152000 -> 156933 | F14: =D14/$D$2 -> 528.86312 | G14: 659.5 | H14: 24.8 | I14: =G14+H14 -> 684.3 | J14: =IF(L14>0,L14,0) -> 214.86312 | K14: =I14+J14 -> 899.16312 | L14: =F14-(I14-X14) -> 214.86312 | M14: 163.1 | N14: 0 | O14: 0 | P14: =M14-(N14+O14) -> 163.1 | Q14: 107.9 | R14: 40.1 | S14: =SUM(P14:R14) -> 311.1 | U14: 18.7 | V14: 40.5 | W14: =W13-V14 -> 9095.98 | X14: =N14+O14+S14+U14+V14 -> 370.3 | Y14: =IF(L14<0,L14*-1,0) -> 0 | Z14: =X14+Y14 -> 370.3 | AA14: 0 | AB14: 60 | AC14: 20 | AD14: =AD13+1 -> 5
A15: =A14+1 -> 6 | B15: 6907.04 | C15: 310295 | D15: =C15-C14 -> 1362 | E15: =C15-152000 -> 158295 | F15: =D15/$D$2 -> 686.66499 | G15: 924.9 | H15: 35.4 | I15: =G15+H15 -> 960.3 | J15: =IF(L15>0,L15,0) -> 106.26499 | K15: =I15+J15 -> 1066.565 | L15: =F15-(I15-X15) -> 106.26499 | M15: 163.7 | N15: 0 | O15: 0 | P15: =M15-(N15+O15) -> 163.7 | Q15: 107.8 | R15: 43.2 | S15: =SUM(P15:R15) -> 314.7 | U15: 24.7 | V15: 40.5 | W15: =W14-V15 -> 9055.48 | X15: =N15+O15+S15+U15+V15 -> 379.9 | Y15: =IF(L15<0,L15*-1,0) -> 0 | Z15: =X15+Y15 -> 379.9 | AA15: 0 | AB15: 62 | AC15: 22 | AD15: =AD14+1 -> 6
A16: =A15+1 -> 7 | B16: 6907.4 | C16: 311705 | D16: =C16-C15 -> 1410 | E16: =C16-152000 -> 159705 | F16: =D16/$D$2 -> 710.86463 | G16: 1024.3 | H16: 33.5 | I16: =G16+H16 -> 1057.8 | J16: =IF(L16>0,L16,0) -> 66.664633 | K16: =I16+J16 -> 1124.4646 | L16: =F16-(I16-X16) -> 66.664633 | M16: 167.3 | N16: 0 | O16: 0 | P16: =M16-(N16+O16) -> 167.3 | Q16: 108.1 | R16: 57.9 | S16: =SUM(P16:R16) -> 333.3 | U16: 39.8 | V16: 40.5 | W16: =W15-V16 -> 9014.98 | X16: =N16+O16+S16+U16+V16 -> 413.6 | Y16: =IF(L16<0,L16*-1,0) -> 0 | Z16: =X16+Y16 -> 413.6 | AA16: 0 | AB16: 66 | AC16: 36 | AD16: =AD15+1 -> 7
A17: =A16+1 -> 8 | B17: 6908.19 | C17: 314806 | D17: =C17-C16 -> 3101 | E17: =C17-152000 -> 162806 | F17: =D17/$D$2 -> 1563.398 | G17: 1380.5 | H17: 63.3 | I17: =G17+H17 -> 1443.8 | J17: =IF(L17>0,L17,0) -> 555.59803 | K17: =I17+J17 -> 1999.398 | L17: =F17-(I17-X17) -> 555.59803 | M17: 169.9 | N17: 0 | O17: 0 | P17: =M17-(N17+O17) -> 169.9 | Q17: 108.3 | R17: 61.8 | S17: =SUM(P17:R17) -> 340 | U17: 55.5 | V17: 40.5 | W17: =W16-V17 -> 8974.48 | X17: =N17+O17+S17+U17+V17 -> 436 | Y17: =IF(L17<0,L17*-1,0) -> 0 | Z17: =X17+Y17 -> 436 | AA17: 0 | AB17: 65 | AC17: 28 | AD17: =AD16+1 -> 8
A18: =A17+1 -> 9 | B18: 6909.06 | C18: 318244 | D18: =C18-C17 -> 3438 | E18: =C18-152000 -> 166244 | F18: =D18/$D$2 -> 1733.2997 | G18: 1834.5 | H18: 101.6 | I18: =G18+H18 -> 1936.1 | J18: =IF(L18>0,L18,0) -> 229.49972 | K18: =I18+J18 -> 2165.5997 | L18: =F18-(I18-X18) -> 229.49972 | M18: 184.9 | N18: 0 | O18: 0 | P18: =M18-(N18+O18) -> 184.9 | Q18: 108.5 | R18: 59.1 | S18: =SUM(P18:R18) -> 352.5 | U18: 39.3 | V18: 40.5 | W18: =W17-V18 -> 8933.98 | X18: =N18+O18+S18+U18+V18 -> 432.3 | Y18: =IF(L18<0,L18*-1,0) -> 0 | Z18: =X18+Y18 -> 432.3 | AA18: 0 | AB18: 63 | AC18: 34 | AD18: =AD17+1 -> 9
A19: =A18+1 -> 10 | B19: 6909.87 | C19: 321469 | D19: =C19-C18 -> 3225 | E19: =C19-152000 -> 169469 | F19: =D19/$D$2 -> 1625.9138 | G19: 1646.2 | H19: 54.4 | I19: =G19+H19 -> 1700.6 | J19: =IF(L19>0,L19,0) -> 378.31379 | K19: =I19+J19 -> 2078.9138 | L19: =F19-(I19-X19) -> 378.31379 | M19: 202.4 | N19: 0 | O19: 0 | P19: =M19-(N19+O19) -> 202.4 | Q19: 109.4 | R19: 61.4 | S19: =SUM(P19:R19) -> 373.2 | U19: 39.3 | V19: 40.5 | W19: =W18-V19 -> 8893.48 | X19: =N19+O19+S19+U19+V19 -> 453 | Y19: =IF(L19<0,L19*-1,0) -> 0 | Z19: =X19+Y19 -> 453 | AA19: 0 | AB19: 66 | AC19: 332 | AD19: =AD18+1 -> 10
A20: =A19+1 -> 11 | B20: 6910.71 | C20: 324836 | D20: =C20-C19 -> 3367 | E20: =C20-152000 -> 172836 | F20: =D20/$D$2 -> 1697.5044 | G20: 1903.9 | H20: 78.7 | I20: =G20+H20 -> 1982.6 | J20: =IF(L20>0,L20,0) -> 193.60441 | K20: =I20+J20 -> 2176.2044 | L20: =F20-(I20-X20) -> 193.60441 | M20: 208.6 | N20: 0 | O20: 0 | P20: =M20-(N20+O20) -> 208.6 | Q20: 110 | R20: 67.2 | S20: =SUM(P20:R20) -> 385.8 | U20: 52.4 | V20: 40.5 | W20: =W19-V20 -> 8852.98 | X20: =N20+O20+S20+U20+V20 -> 478.7 | Y20: =IF(L20<0,L20*-1,0) -> 0 | Z20: =X20+Y20 -> 478.7 | AA20: 0 | AB20: 63 | AC20: 30 | AD20: =AD19+1 -> 11
A21: =A20+1 -> 12 | B21: 6911.45 | C21: 327820 | D21: =C21-C20 -> 2984 | E21: =C21-152000 -> 175820 | F21: =D21/$D$2 -> 1504.4114 | G21: 1774.9 | H21: 95 | I21: =G21+H21 -> 1869.9 | J21: =IF(L21>0,L21,0) -> 156.21139 | K21: =I21+J21 -> 2026.1114 | L21: =F21-(I21-X21) -> 156.21139 | M21: 219.2 | N21: 0 | O21: 0 | P21: =M21-(N21+O21) -> 219.2 | Q21: 111.1 | R21: 72.1 | S21: =SUM(P21:R21) -> 402.4 | U21: 78.7 | V21: 40.6 | W21: =W20-V21 -> 8812.38 | X21: =N21+O21+S21+U21+V21 -> 521.7 | Y21: =IF(L21<0,L21*-1,0) -> 0 | Z21: =X21+Y21 -> 521.7 | AA21: 0 | AB21: 64 | AC21: 28 | AD21: =AD20+1 -> 12
A22: =A21+1 -> 13 | B22: 6912.1 | C22: 330452 | D22: =C22-C21 -> 2632 | E22: =C22-152000 -> 178452 | F22: =D22/$D$2 -> 1326.9473 | G22: 1782.8 | H22: 70.3 | I22: =G22+H22 -> 1853.1 | J22: =IF(L22>0,L22,0) -> 120.14732 | K22: =I22+J22 -> 1973.2473 | L22: =F22-(I22-X22) -> 120.14732 | M22: 222.2 | N22: 0 | O22: 0 | P22: =M22-(N22+O22) -> 222.2 | Q22: 140.1 | R22: 75 | S22: =SUM(P22:R22) -> 437.3 | U22: 81.7 | V22: 127.3 | W22: =W21 -> 8812.38 | X22: =N22+O22+S22+U22+V22 -> 646.3 | Y22: =IF(L22<0,L22*-1,0) -> 0 | Z22: =X22+Y22 -> 646.3 | AA22: 0 | AB22: 62 | AC22: 26 | AD22: =AD21+1 -> 13
A23: =A22+1 -> 14 | B23: 6912.7 | C23: 332898 | D23: =C23-C22 -> 2446 | E23: =C23-152000 -> 180898 | F23: =D23/$D$2 -> 1233.1737 | G23: 1897.6 | H23: 64.6 | I23: =G23+H23 -> 1962.2 | J23: =IF(L23>0,L23,0) -> 38.773683 | K23: =I23+J23 -> 2000.9737 | L23: =F23-(I23-X23) -> 38.773683 | M23: 223.3 | N23: 0 | O23: 0 | P23: =M23-(N23+O23) -> 223.3 | Q23: 159.2 | R23: 80.5 | S23: =SUM(P23:R23) -> 463 | U23: 96.8 | V23: 208 | W23: =W22 -> 8812.38 | X23: =N23+O23+S23+U23+V23 -> 767.8 | Y23: =IF(L23<0,L23*-1,0) -> 0 | Z23: =X23+Y23 -> 767.8 | AA23: 0 | AB23: 64 | AC23: 35 | AD23: =AD22+1 -> 14
A24: =A23+1 -> 15 | B24: 6913.22 | C24: 334984 | D24: =C24-C23 -> 2086 | E24: =C24-152000 -> 182984 | F24: =D24/$D$2 -> 1051.6763 | G24: 1723 | H24: 55.6 | I24: =G24+H24 -> 1778.6 | J24: =IF(L24>0,L24,0) -> 140.67633 | K24: =I24+J24 -> 1919.2763 | L24: =F24-(I24-X24) -> 140.67633 | M24: 223.8 | N24: 0 | O24: 0 | P24: =M24-(N24+O24) -> 223.8 | Q24: 160.1 | R24: 83.1 | S24: =SUM(P24:R24) -> 467 | U24: 89.3 | V24: 311.3 | W24: =W23 -> 8812.38 | X24: =N24+O24+S24+U24+V24 -> 867.6 | Y24: =IF(L24<0,L24*-1,0) -> 0 | Z24: =X24+Y24 -> 867.6 | AA24: 0.11 | AB24: 52 | AC24: 28 | AD24: =AD23+1 -> 15
A25: =A24+1 -> 16 | B25: 6913.56 | C25: 336422 | D25: =C25-C24 -> 1438 | E25: =C25-152000 -> 184422 | F25: =D25/$D$2 -> 724.98109 | G25: 1361.3 | H25: 36.2 | I25: =G25+H25 -> 1397.5 | J25: =IF(L25>0,L25,0) -> 107.28109 | K25: =I25+J25 -> 1504.7811 | L25: =F25-(I25-X25) -> 107.28109 | M25: 224.4 | N25: 0 | O25: 0 | P25: =M25-(N25+O25) -> 224.4 | Q25: 160.6 | R25: 83 | S25: =SUM(P25:R25) -> 468 | U25: 101.9 | V25: 209.9 | W25: =W24 -> 8812.38 | X25: =N25+O25+S25+U25+V25 -> 779.8 | Y25: =IF(L25<0,L25*-1,0) -> 0 | Z25: =X25+Y25 -> 779.8 | AA25: 0 | AB25: 65 | AC25: 30 | AD25: =AD24+1 -> 16
A26: =A25+1 -> 17 | B26: 6913.59 | C26: 336546 | D26: =C26-C25 -> 124 | E26: =C26-152000 -> 184546 | F26: =D26/$D$2 -> 62.515755 | G26: 1307.5 | H26: 36.3 | I26: =G26+H26 -> 1343.8 | J26: =IF(L26>0,L26,0) -> 0 | K26: =I26+J26 -> 1343.8 | L26: =F26-(I26-X26) -> -104.58425 | M26: 223.6 | N26: 0 | O26: 0 | P26: =M26-(N26+O26) -> 223.6 | Q26: 192.4 | R26: 83.2 | S26: =SUM(P26:R26) -> 499.2 | U26: 82.2 | V26: 595.3 | W26: =W25 -> 8812.38 | X26: =N26+O26+S26+U26+V26 -> 1176.7 | Y26: =IF(L26<0,L26*-1,0) -> 104.58425 | Z26: =X26+Y26 -> 1281.2842 | AA26: 0 | AB26: 75 | AC26: 36 | AD26: =AD25+1 -> 17
A27: =A26+1 -> 18 | B27: 6913.89 | C27: 337779 | D27: =C27-C26 -> 1233 | E27: =C27-152000 -> 185779 | F27: =D27/$D$2 -> 621.62843 | G27: 1597 | H27: 48.9 | I27: =G27+H27 -> 1645.9 | J27: =IF(L27>0,L27,0) -> 424.42843 | K27: =I27+J27 -> 2070.3284 | L27: =F27-(I27-X27) -> 424.42843 | M27: 221.6 | N27: 0 | O27: 0 | P27: =M27-(N27+O27) -> 221.6 | Q27: 210.9 | R27: 82.9 | S27: =SUM(P27:R27) -> 515.4 | U27: 91.3 | V27: 842 | W27: =W26 -> 8812.38 | X27: =N27+O27+S27+U27+V27 -> 1448.7 | Y27: =IF(L27<0,L27*-1,0) -> 0 | Z27: =X27+Y27 -> 1448.7 | AA27: 0 | AB27: 78 | AC27: 40 | AD27: =AD26+1 -> 18
A28: =A27+1 -> 19 | B28: 6914.15 | C28: 338852 | D28: =C28-C27 -> 1073 | E28: =C28-152000 -> 186852 | F28: =D28/$D$2 -> 540.96294 | G28: 1876.5 | H28: 56.9 | I28: =G28+H28 -> 1933.4 | J28: =IF(L28>0,L28,0) -> 86.462944 | K28: =I28+J28 -> 2019.8629 | L28: =F28-(I28-X28) -> 86.462944 | M28: 222.2 | N28: 0 | O28: 0 | P28: =M28-(N28+O28) -> 222.2 | Q28: 210.8 | R28: 82.9 | S28: =SUM(P28:R28) -> 515.9 | U28: 121 | V28: 842 | W28: =W27 -> 8812.38 | X28: =N28+O28+S28+U28+V28 -> 1478.9 | Y28: =IF(L28<0,L28*-1,0) -> 0 | Z28: =X28+Y28 -> 1478.9 | AA28: 0 | AB28: 77 | AC28: 42 | AD28: =AD27+1 -> 19
A29: =A28+1 -> 20 | B29: 6914.5 | C29: 340301 | D29: =C29-C28 -> 1449 | E29: =C29-152000 -> 188301 | F29: =D29/$D$2 -> 730.52685 | G29: 1856.1 | H29: 51 | I29: =G29+H29 -> 1907.1 | J29: =IF(L29>0,L29,0) -> 301.82685 | K29: =I29+J29 -> 2208.9268 | L29: =F29-(I29-X29) -> 301.82685 | M29: 222.2 | N29: 0 | O29: 0 | P29: =M29-(N29+O29) -> 222.2 | Q29: 211.2 | R29: 83 | S29: =SUM(P29:R29) -> 516.4 | U29: 120 | V29: 842 | W29: =W28 -> 8812.38 | X29: =N29+O29+S29+U29+V29 -> 1478.4 | Y29: =IF(L29<0,L29*-1,0) -> 0 | Z29: =X29+Y29 -> 1478.4 | AA29: 0 | AB29: 80 | AC29: 50 | AD29: =AD28+1 -> 20
A30: =A29+1 -> 21 | B30: 6914.9 | C30: 341958 | D30: =C30-C29 -> 1657 | E30: =C30-152000 -> 189958 | F30: =D30/$D$2 -> 835.39198 | G30: 1799.4 | H30: 63.8 | I30: =G30+H30 -> 1863.2 | J30: =IF(L30>0,L30,0) -> 425.29198 | K30: =I30+J30 -> 2288.492 | L30: =F30-(I30-X30) -> 425.29198 | M30: 231.9 | N30: 0 | O30: 0 | P30: =M30-(N30+O30) -> 231.9 | Q30: 211 | R30: 83 | S30: =SUM(P30:R30) -> 525.9 | U30: 85.2 | V30: 842 | W30: =W29 -> 8812.38 | X30: =N30+O30+S30+U30+V30 -> 1453.1 | Y30: =IF(L30<0,L30*-1,0) -> 0 | Z30: =X30+Y30 -> 1453.1 | AA30: 0 | AB30: 71 | AC30: 36 | AD30: =AD29+1 -> 21
A31: =A30+1 -> 22 | B31: 6915.1 | C31: 342790 | D31: =C31-C30 -> 832 | E31: =C31-152000 -> 190790 | F31: =D31/$D$2 -> 419.46055 | G31: 1786.6 | H31: 52 | I31: =G31+H31 -> 1838.6 | J31: =IF(L31>0,L31,0) -> 40.06055 | K31: =I31+J31 -> 1878.6605 | L31: =F31-(I31-X31) -> 40.06055 | M31: 238.7 | N31: 0 | O31: 0 | P31: =M31-(N31+O31) -> 238.7 | Q31: 211.9 | R31: 82.9 | S31: =SUM(P31:R31) -> 533.5 | U31: 83.7 | V31: 842 | W31: =W30 -> 8812.38 | X31: =N31+O31+S31+U31+V31 -> 1459.2 | Y31: =IF(L31<0,L31*-1,0) -> 0 | Z31: =X31+Y31 -> 1459.2 | AA31: 0.03 | AB31: 74 | AC31: 34 | AD31: =AD30+1 -> 22
A32: =A31+1 -> 23 | B32: 6915.16 | C32: 343040 | D32: =C32-C31 -> 250 | E32: =C32-152000 -> 191040 | F32: =D32/$D$2 -> 126.03983 | G32: 1629.3 | H32: 41 | I32: =G32+H32 -> 1670.3 | J32: =IF(L32>0,L32,0) -> 0 | K32: =I32+J32 -> 1670.3 | L32: =F32-(I32-X32) -> -32.560171 | M32: 236.2 | N32: 0 | O32: 0 | P32: =M32-(N32+O32) -> 236.2 | Q32: 212.3 | R32: 83 | S32: =SUM(P32:R32) -> 531.5 | U32: 138.2 | V32: 842 | W32: =W31 -> 8812.38 | X32: =N32+O32+S32+U32+V32 -> 1511.7 | Y32: =IF(L32<0,L32*-1,0) -> 32.560171 | Z32: =X32+Y32 -> 1544.2602 | AA32: 0 | AB32: 62 | AC32: 34 | AD32: =AD31+1 -> 23
A33: =A32+1 -> 24 | B33: 6915.2 | C33: 343207 | D33: =C33-C32 -> 167 | E33: =C33-152000 -> 191207 | F33: =D33/$D$2 -> 84.194605 | G33: 1453 | H33: 30.3 | I33: =G33+H33 -> 1483.3 | J33: =IF(L33>0,L33,0) -> 106.99461 | K33: =I33+J33 -> 1590.2946 | L33: =F33-(I33-X33) -> 106.99461 | M33: 233.8 | N33: 0 | O33: 0 | P33: =M33-(N33+O33) -> 233.8 | Q33: 212.1 | R33: 83.6 | S33: =SUM(P33:R33) -> 529.5 | U33: 134.6 | V33: 842 | W33: =W32 -> 8812.38 | X33: =N33+O33+S33+U33+V33 -> 1506.1 | Y33: =IF(L33<0,L33*-1,0) -> 0 | Z33: =X33+Y33 -> 1506.1 | AA33: 0 | AB33: 71 | AC33: 38 | AD33: =AD32+1 -> 24
... A36: =A35+1 -> 27 | B36: 6915.4 | C36: 344042 | D36: =C36-C35 -> 584 | E36: =C36-152000 -> 192042 | F36: =D36/$D$2 -> 294.42904 | G36: 1627.8 | H36: 19.1 | I36: =G36+H36 -> 1646.9 | J36: =IF(L36>0,L36,0) -> 149.12904 | K36: =I36+J36 -> 1796.029 | L36: =F36-(I36-X36) -> 149.12904 | M36: 229.6 | N36: 0 | O36: 0 | P36: =M36-(N36+O36) -> 229.6 | Q36: 212.3 | R36: 83.6 | S36: =SUM(P36:R36) -> 525.5 | U36: 134.1 | V36: 842 | W36: =W35 -> 8812.38 | X36: =N36+O36+S36+U36+V36 -> 1501.6 | Y36: =IF(L36<0,L36*-1,0) -> 0 | Z36: =X36+Y36 -> 1501.6 | AA36: 0 | AB36: 74 | AC36: 34 | AD36: =AD35+1 -> 27
A37: 28 | B37: 6915.67 | C37: 345169 | D37: =C37-C36 -> 1127 | E37: =C37-152000 -> 193169 | F37: =D37/$D$2 -> 568.18755 | G37: 1684 | H37: 9.4 | I37: =G37+H37 -> 1693.4 | J37: =IF(L37>0,L37,0) -> 181.38755 | K37: =I37+J37 -> 1874.7875 | L37: =F37-(I37-X37) -> 181.38755 | M37: 230.2 | N37: 0 | O37: 0 | P37: =M37-(N37+O37) -> 230.2 | Q37: 213.1 | R37: 83.2 | S37: =SUM(P37:R37) -> 526.5 | U37: 136.2 | V37: 643.9 | W37: =W36 -> 8812.38 | X37: =N37+O37+S37+U37+V37 -> 1306.6 | Y37: =IF(L37<0,L37*-1,0) -> 0 | Z37: =X37+Y37 -> 1306.6 | AA37: 0 | AB37: 71 | AC37: 40 | AD37: 28
A38: 29 | B38: 6916 | C38: 346547 | D38: =C38-C37 -> 1378 | E38: =C38-152000 -> 194547 | F38: =D38/$D$2 -> 694.73154 | G38: 1506.1 | H38: 7 | I38: =G38+H38 -> 1513.1 | J38: =IF(L38>0,L38,0) -> 116.43154 | K38: =I38+J38 -> 1629.5315 | L38: =F38-(I38-X38) -> 116.43154 | M38: 230.2 | N38: 0 | O38: 0 | P38: =M38-(N38+O38) -> 230.2 | Q38: 213 | R38: 83.3 | S38: =SUM(P38:R38) -> 526.5 | U38: 143.7 | V38: 264.6 | W38: =W37 -> 8812.38 | X38: =N38+O38+S38+U38+V38 -> 934.8 | Y38: =IF(L38<0,L38*-1,0) -> 0 | Z38: =X38+Y38 -> 934.8 | AA38: 0 | AB38: 72 | AC38: 36 | AD38: 29
A39: 30 | B39: 6916.38 | C39: 348145 | D39: =C39-C38 -> 1598 | E39: =C39-152000 -> 196145 | F39: =D39/$D$2 -> 805.64658 | G39: 1515.3 | H39: 6.2 | I39: =G39+H39 -> 1521.5 | J39: =IF(L39>0,L39,0) -> 43.246584 | K39: =I39+J39 -> 1564.7466 | L39: =F39-(I39-X39) -> 43.246584 | M39: 230.3 | N39: 0 | O39: 0 | P39: =M39-(N39+O39) -> 230.3 | Q39: 213.7 | R39: 83 | S39: =SUM(P39:R39) -> 527 | U39: 101.9 | V39: 130.2 | W39: =W38 -> 8812.38 | X39: =N39+O39+S39+U39+V39 -> 759.1 | Y39: =IF(L39<0,L39*-1,0) -> 0 | Z39: =X39+Y39 -> 759.1 | AA39: 0 | AB39: 72 | AC39: 42 | AD39: 30
A40: 31 | B40: 6916.7 | C40: 349492 | D40: =C40-C39 -> 1347 | E40: =C40-152000 -> 197492 | F40: =D40/$D$2 -> 679.1026 | G40: 1351.7 | H40: 5.1 | I40: =G40+H40 -> 1356.8 | J40: =IF(L40>0,L40,0) -> 35.902596 | K40: =I40+J40 -> 1392.7026 | L40: =F40-(I40-X40) -> 35.902596 | M40: 230.2 | N40: 0 | O40: 0 | P40: =M40-(N40+O40) -> 230.2 | Q40: 214.9 | R40: 84.9 | S40: =SUM(P40:R40) -> 530 | U40: 112.5 | V40: 71.1 | W40: =W39-V40 -> 8741.28 | X40: =N40+O40+S40+U40+V40 -> 713.6 | Y40: =IF(L40<0,L40*-1,0) -> 0 | Z40: =X40+Y40 -> 713.6 | AA40: 0 | AB40: 59 | AC40: 32 | AD40: 31
A42: MONTH / CFS | F42: =SUM(F10:F40) -> 22684.144 | G42: =SUM(G10:G40) -> 44090.7 | H42: =SUM(H10:H40) -> 1347.3 | I42: =SUM(I10:I40) -> 45438 | J42: =SUM(J10:J40) -> 4984.4886 | K42: =SUM(K10:K40) -> 50422.489 | L42: =SUM(L10:L40) -> 4847.3442 | M42: =SUM(M10:M40) -> 6435.4 | ... S42: =SUM(S10:S40) -> 13654.9 | U42: =SUM(U10:U40) -> 2478.6 | V42: =SUM(V10:V40) -> 11467.7 | X42: =SUM(X10:X40) -> 27601.2 | Y42: =SUM(Y10:Y40) -> 137.14442 | Z42: =SUM(Z10:Z40) -> 27738.344 | AA42: =SUM(AA10:AA40) -> 0.14 | AB42: =AVERAGE(AB10:AB40) -> 66.580645 | AC42: =AVERAGE(AC10:AC40) -> 42.709677 | AD42: AVG
A43: MONTH / AF | D43: =SUM(D10:D40) -> 44994 | F43: =F42*$D$2 -> 44994 | G43: =G42*$D$2 -> 87453.903 | H43: =H42*$D$2 -> 2672.3695 | I43: =I42*$D$2 -> 90126.273 | J43: =J42*$D$2 -> 9886.7332 | K43: =K42*$D$2 -> 100013.01 | L43: =L42*$D$2 -> 9614.7072 | M43: =M42*$D$2 -> 12764.616 | ... S43: =S42*$D$2 -> 27084.494 | U43: =U42*$D$2 -> 4916.3031 | V43: =V42*$D$2 -> 22746.183 | X43: =X42*$D$2 -> 54746.98 | Y43: =Y42*$D$2 -> 272.02595 | Z43: =Z42*$D$2 -> 55019.006 | AB43: =MAX(AB10:AB40) -> 80 | AC43: =MAX(AC10:AC40) -> 332 | AD43: HI
A45: SEASON / CFS | F45: =F7+F42 -> 52424.502 | G45: =G7+G42 -> 64181 | H45: =H7+H42 -> 4907.3 | I45: =I7+I42 -> 69088.3 | J45: =J7+J42 -> 14127.229 | K45: =K7+K42 -> 83215.529 | L45: =L7+L42 -> 13987.552 | M45: =M7+M42 -> 7723.5 | ... S45: =S7+S42 -> 15439.63 | T45: =T40+T42 -> 0 | U45: =U7+U42 -> 2639.6 | V45: =V7+V42 -> 12572.12 | W45: =W40 -> 8741.28 | X45: =X7+X42 -> 30651.35 | Y45: =Y7+Y42 -> 139.67654 | Z45: =Z7+Z42 -> 30791.027 | AB45: =MIN(AB10:AB40) -> 50 | AC45: =MIN(AC10:AC40) -> 20 | AD45: LO
A46: SEASON / AF | F46: =F45*$D$2 -> 103984 | G46: =G45*$D$2 -> 127303.01 | H46: =H45*$D$2 -> 9733.6295 | I46: =I45*$D$2 -> 137036.64 | J46: =J45*$D$2 -> 28021.358 | K46: =K45*$D$2 -> 165058 | L46: =L45*$D$2 -> 27744.31 | M46: =M45*$D$2 -> 15319.562 | ... V46: =V45*$D$2 -> 24936.8 | W46: =W45*D2 -> 17338.329 | X46: =X45*$D$2 -> 60796.953 | Y46: =Y45*$D$2 -> 277.04841 | Z46: =Z45*$D$2 -> 61074.001
A48: YTD / CFS | F48: =F8+F42 -> 55773.632 | G48: =G8+G42 -> 75645.77 | H48: =H8+H42 -> 4981.95 | I48: =I8+I42 -> 80524.52 | J48: =J8+J42 -> 14768.338 | K48: =K8+K42 -> 95292.858 | L48: =L8+L42 -> 14090.472 | M48: =M8+M42 -> 9159.82 | ... S48: =S8+S42 -> 18853.46 | U48: =U8+U42 -> 2639.6 | V48: =V8+V42 -> 17348.22 | W48: =W40 -> 8741.28 | X48: =X8+X42 -> 38841.36 | Y48: =Y8+Y42 -> 677.86513 | Z48: =Z8+Z42 -> 39519.225 | AA48: =AA8+AA42 -> 6.25
A49: YTD / AF | D49: =D8+D43 -> 110627 | E49: =E40 -> 197492 | F49: =F48*$D$2 -> 110627 | G49: =G48*$D$2 -> 150043.38 | H49: =H48*$D$2 -> 9881.6978 | I49: =I48*$D$2 -> 159720.39 | J49: =J48*$D$2 -> 29292.998 | K49: =K48*$D$2 -> 189013.38 | L49: =L48*$D$2 -> 27948.452 | M49: =M48*$D$2 -> 18168.503 | ... Z49: =Z48*$D$2 -> 78386.383
D51: Diff | E51: =#REF!-#REF! -> #REF! | F51: Daily M&I & Evap

Sheet JUN
K1: MC PHEE RESERVOIR IN/OUT FLOW TABULATION
A2: AF/cfs CONVERT FACTOR | D2: 1.9835 | K2: JUNE "1991"
A4: DATE | B4: RESERV | C4: RESERV | D4: AC FT | E4: ACTIVE | F4: CONV TO | G4: DOLORES | H4: LOST | I4: RECORDED | J4: CALC | K4: TOTAL | L4: CALC | M4: TUNNEL | Q4: LONE | R4: U | S4: TOTAL | T4: MVI | U4: DV CR | V4: BELOW | W4: REMAIN | X4: RECORDED | Y4: CALC | Z4: TOTAL | AA4: RAIN | AB4: MAX | AC4: MIN | AD4: DATE
A5: "JUN" | B5: ELEV | C5: AC FT | D5: CHANGE | E5: CAP | F5: CFS | G5: RIVER | H5: CANYON | I5: INFLOW | J5: INFLOW | K5: INFLOW | L5: INF/OTF | M5: TOT DIV | N5: WETLAND | O5: UTE F&R | P5: MVI/CTZ/MWC | Q5: PINE | R5: LAT | S5: MVI | T5: CALL | U5: CANAL | V5: MC PHEE | W5: RELEASE | X5: OUTFLOW | Y5: OUTFLOW | Z5: OUTFLOW | AB5: TMP | AC5: TMP | AD5: "JUN"
A7: SEASON BAL | F7: =MAY!F45 -> 52424.502 | G7: =MAY!G45 -> 64181 | H7: =MAY!H45 -> 4907.3 | I7: =MAY!I45 -> 69088.3 | J7: =MAY!J45 -> 14127.229 | K7: =MAY!K45 -> 83215.529 | L7: =MAY!L45 -> 13987.552 | M7: =MAY!M45 -> 7723.5 | ... V7: =MAY!V45 -> 12572.12 | X7: =MAY!X45 -> 30651.35 | Y7: =MAY!Y45 -> 139.67654 | Z7: =MAY!Z45 -> 30791.027
A8: YTD | B8: =MAY!B40 -> 6916.7 | C8: =MAY!C40 -> 349492 | D8: =MAY!D49 -> 110627 | E8: =MAY!E49 -> 197492 | F8: =MAY!F48 -> 55773.632 | G8: =MAY!G48 -> 75645.77 | H8: =MAY!H48 -> 4981.95 | I8: =MAY!I48 -> 80524.52 | J8: =MAY!J48 -> 14768.338 | K8: =MAY!K48 -> 95292.858 | L8: =MAY!L48 -> 14090.472 | M8: =MAY!M48 -> 9159.82 | ... AA8: =MAY!AA48 -> 6.25
O9: 0 | R9: 0
A10: 1 | B10: 6916.94 | C10: 350501 | D10: =C10-C8 -> 1009 | E10: =C10-152000 -> 198501 | F10: =D10/$D$2 -> 508.69675 | G10: 1201.2 | H10: 4.9 | I10: =G10+H10 -> 1206.1 | J10: =IF(L10>0,L10,0) -> 5.6967482 | K10: =I10+J10 -> 1211.7967 | L10: =F10-(I10-X10) -> 5.6967482 | M10: 230.2 | N10: 0 | O10: 0 | P10: =M10-(N10+O10) -> 230.2 | Q10: 215.3 | R10: 84 | S10: =SUM(P10:R10) -> 529.5 | U10: 101.4 | V10: 72.2 | W10: =W8-V10 -> 8669.08 | X10: =N10+O10+S10+U10+V10 -> 703.1 | Y10: =IF(L10<0,L10*-1,0) -> 0 | Z10: =X10+Y10 -> 703.1 | AA10: 0.29 | AB10: 59 | AC10: 36 | AD10: 1
A11: =A10+1 -> 2 | B11: 6917.08 | C11: 351094 | D11: =C11-C10 -> 593 | E11: =C11-152000 -> 199094 | F11: =D11/$D$2 -> 298.96647 | G11: 1032.1 | H11: 3.4 | I11: =G11+H11 -> 1035.5 | J11: =IF(L11>0,L11,0) -> 0 | K11: =I11+J11 -> 1035.5 | L11: =F11-(I11-X11) -> -14.633527 | M11: 230.4 | N11: 0 | O11: 0 | P11: =M11-(N11+O11) -> 230.4 | Q11: 215.3 | R11: 86.8 | S11: =SUM(P11:R11) -> 532.5 | U11: 117 | V11: 72.4 | W11: =W10-V11 -> 8596.68 | X11: =N11+O11+S11+U11+V11 -> 721.9 | Y11: =IF(L11<0,L11*-1,0) -> 14.633527 | Z11: =X11+Y11 -> 736.53353 | AA11: 0.01 | AB11: 60 | AC11: 35 | AD11: =AD10+1 -> 2
A12: =A11+1 -> 3 | B12: 6917.16 | C12: 351433 | D12: =C12-C11 -> 339 | E12: =C12-152000 -> 199433 | F12: =D12/$D$2 -> 170.91001 | G12: 876.1 | H12: 2.9 | I12: =G12+H12 -> 879 | J12: =IF(L12>0,L12,0) -> 7.2100076 | K12: =I12+J12 -> 886.21001 | L12: =F12-(I12-X12) -> 7.2100076 | M12: 230.6 | N12: 0 | O12: 0 | P12: =M12-(N12+O12) -> 230.6 | Q12: 216.6 | R12: 81.8 | S12: =SUM(P12:R12) -> 529 | U12: 113.5 | V12: 72.8 | W12: =W11-V12 -> 8523.88 | X12: =N12+O12+S12+U12+V12 -> 715.3 | Y12: =IF(L12<0,L12*-1,0) -> 0 | Z12: =X12+Y12 -> 715.3 | AA12: 0.02 | AB12: 64 | AC12: 36 | AD12: =AD11+1 -> 3
A13: =A12+1 -> 4 | B13: 6917.22 | C13: 351688 | D13: =C13-C12 -> 255 | E13: =C13-152000 -> 199688 | F13: =D13/$D$2 -> 128.56063 | G13: 771.6 | H13: 2.4 | I13: =G13+H13 -> 774 | J13: =IF(L13>0,L13,0) -> 60.860625 | K13: =I13+J13 -> 834.86063 | L13: =F13-(I13-X13) -> 60.860625 | M13: 227.3 | N13: 0 | O13: 0 | P13: =M13-(N13+O13) -> 227.3 | Q13: 215.8 | R13: 83.9 | S13: =SUM(P13:R13) -> 527 | U13: 105.9 | V13: 73.4 | W13: =W12-V13 -> 8450.48 | X13: =N13+O13+S13+U13+V13 -> 706.3 | Y13: =IF(L13<0,L13*-1,0) -> 0 | Z13: =X13+Y13 -> 706.3 | AA13: 0 | AB13: 76 | AC13: 36 | AD13: =AD12+1 -> 4
A14: =A13+1 -> 5 | B14: 6917.3 | C14: 352025 | D14: =C14-C13 -> 337 | E14: =C14-152000 -> 200025 | F14: =D14/$D$2 -> 169.90169 | G14: 840.8 | H14: 1.6 | I14: =G14+H14 -> 842.4 | J14: =IF(L14>0,L14,0) -> 37.501689 | K14: =I14+J14 -> 879.90169 | L14: =F14-(I14-X14) -> 37.501689 | M14: 218.7 | N14: 0 | O14: 0 | P14: =M14-(N14+O14) -> 218.7 | Q14: 216.1 | R14: 83.1 | S14: =SUM(P14:R14) -> 517.9 | U14: 118.5 | V14: 73.6 | W14: =W13-V14 -> 8376.88 | X14: =N14+O14+S14+U14+V14 -> 710 | Y14: =IF(L14<0,L14*-1,0) -> 0 | Z14: =X14+Y14 -> 710 | AA14: 0.07 | AB14: 72 | AC14: 41 | AD14: 5
A15: =A14+1 -> 6 | B15: 6917.49 | C15: 352833 | D15: =C15-C14 -> 808 | E15: =C15-152000 -> 200833 | F15: =D15/$D$2 -> 407.36073 | G15: 976.6 | H15: 1.2 | I15: =G15+H15 -> 977.8 | J15: =IF(L15>0,L15,0) -> 125.16073 | K15: =I15+J15 -> 1102.9607 | L15: =F15-(I15-X15) -> 125.16073 | M15: 210.1 | N15: 0 | O15: 0 | P15: =M15-(N15+O15) -> 210.1 | Q15: 209.8 | R15: 83.3 | S15: =SUM(P15:R15) -> 503.2 | U15: 117.5 | V15: 74.9 | W15: =W14-V15 -> 8301.98 | X15: =N15+O15+S15+U15+V15 -> 695.6 | Y15: =IF(L15<0,L15*-1,0) -> 0 | Z15: =X15+Y15 -> 695.6 | AA15: 0.01 | AB15: 70 | AC15: 44 | AD15: =AD14+1 -> 6
A16: =A15+1 -> 7 | B16: 6917.66 | C16: 353553 | D16: =C16-C15 -> 720 | E16: =C16-152000 -> 201553 | F16: =D16/$D$2 -> 362.99471 | G16: 1104.3 | H16: 1 | I16: =G16+H16 -> 1105.3 | J16: =IF(L16>0,L16,0) -> 0 | K16: =I16+J16 -> 1105.3 | L16: =F16-(I16-X16) -> -61.005294 | M16: 194.9 | N16: 0 | O16: 0 | P16: =M16-(N16+O16) -> 194.9 | Q16: 206.8 | R16: 85.4 | S16: =SUM(P16:R16) -> 487.1 | U16: 120.5 | V16: 73.7 | W16: =W15-V16 -> 8228.28 | X16: =N16+O16+S16+U16+V16 -> 681.3 | Y16: =IF(L16<0,L16*-1,0) -> 61.005294 | Z16: =X16+Y16 -> 742.30529 | AA16: 0 | AB16: 78 | AC16: 44 | AD16: =AD15+1 -> 7
A17: =A16+1 -> 8 | B17: 6917.99 | C17: 354868 | D17: =C17-C16 -> 1315 | E17: =C17-152000 -> 202868 | F17: =D17/$D$2 -> 662.9695 | G17: 1189.8 | H17: 0.8 | I17: =G17+H17 -> 1190.6 | J17: =IF(L17>0,L17,0) -> 121.6695 | K17: =I17+J17 -> 1312.2695 | L17: =F17-(I17-X17) -> 121.6695 | M17: 175.9 | N17: 0 | O17: 0 | P17: =M17-(N17+O17) -> 175.9 | Q17: 207.8 | R17: 86.3 | S17: =SUM(P17:R17) -> 470 | U17: 106.4 | V17: 72.9 | W17: =W16-V17 -> 8155.38 | X17: =N17+O17+S17+U17+V17 -> 649.3 | Y17: =IF(L17<0,L17*-1,0) -> 0 | Z17: =X17+Y17 -> 649.3 | AA17: 0 | AB17: 80 | AC17: 45 | AD17: =AD16+1 -> 8
A18: =A17+1 -> 9 | B18: 6918.25 | C18: 356062 | D18: =C18-C17 -> 1194 | E18: =C18-152000 -> 204062 | F18: =D18/$D$2 -> 601.96622 | G18: 1284.3 | H18: 0.6 | I18: =G18+H18 -> 1284.9 | J18: =IF(L18>0,L18,0) -> 0 | K18: =I18+J18 -> 1284.9 | L18: =F18-(I18-X18) -> -63.233779 | M18: 166.1 | N18: 0 | O18: 0 | P18: =M18-(N18+O18) -> 166.1 | Q18: 208.3 | R18: 83.6 | S18: =SUM(P18:R18) -> 458 | U18: 88.3 | V18: 73.4 | W18: =W17-V18 -> 8081.98 | X18: =N18+O18+S18+U18+V18 -> 619.7 | Y18: =IF(L18<0,L18*-1,0) -> 63.233779 | Z18: =X18+Y18 -> 682.93378 | AA18: 0 | AB18: 82 | AC18: 46 | AD18: =AD17+1 -> 9
A19: =A18+1 -> 10 | B19: 6918.5 | C19: 357131 | D19: =C19-C18 -> 1069 | E19: =C19-152000 -> 205131 | F19: =D19/$D$2 -> 538.94631 | G19: 1111.4 | H19: 0 | I19: =G19+H19 -> 1111.4 | J19: =IF(L19>0,L19,0) -> 53.446307 | K19: =I19+J19 -> 1164.8463 | L19: =F19-(I19-X19) -> 53.446307 | M19: 164 | N19: 0 | O19: 0 | P19: =M19-(N19+O19) -> 164 | Q19: 203 | R19: 81.8 | S19: =SUM(P19:R19) -> 448.8 | U19: 103.4 | V19: 73.7 | W19: =W18-V19 -> 8008.28 | X19: =N19+O19+S19+U19+V19 -> 625.9 | Y19: =IF(L19<0,L19*-1,0) -> 0 | Z19: =X19+Y19 -> 625.9 | AA19: 0 | AB19: 81 | AC19: 45 | AD19: =AD18+1 -> 10
A20: =A19+1 -> 11 | B20: 6918.73 | C20: 358113 | D20: =C20-C19 -> 982 | E20: =C20-152000 -> 206113 | F20: =D20/$D$2 -> 495.08445 | G20: 1069.5 | H20: 0 | I20: =G20+H20 -> 1069.5 | J20: =IF(L20>0,L20,0) -> 53.384447 | K20: =I20+J20 -> 1122.8844 | L20: =F20-(I20-X20) -> 53.384447 | M20: 171.5 | N20: 0 | O20: 0 | P20: =M20-(N20+O20) -> 171.5 | Q20: 199.6 | R20: 84.8 | S20: =SUM(P20:R20) -> 455.9 | U20: 98.8 | V20: 73.1 | W20: =W19-V20 -> 7935.18 | X20: =N20+O20+S20+U20+V20 -> 627.8 | Y20: =IF(L20<0,L20*-1,0) -> 0 | Z20: =X20+Y20 -> 627.8 | AA20: 0.07 | AB20: 83 | AC20: 45 | AD20: =AD19+1 -> 11
A21: =A20+1 -> 12 | B21: 6919.03 | C21: 359395 | D21: =C21-C20 -> 1282 | E21: =C21-152000 -> 207395 | F21: =D21/$D$2 -> 646.33224 | G21: 1097.4 | H21: 0 | I21: =G21+H21 -> 1097.4 | J21: =IF(L21>0,L21,0) -> 165.93224 | K21: =I21+J21 -> 1263.3322 | L21: =F21-(I21-X21) -> 165.93224 | M21: 174.2 | N21: 0 | O21: 0 | P21: =M21-(N21+O21) -> 174.2 | Q21: 201 | R21: 85.3 | S21: =SUM(P21:R21) -> 460.5 | U21: 83.7 | V21: 72.8 | W21: =W20-V21 -> 7862.38 | X21: =N21+O21+S21+U21+V21 -> 617 | Y21: =IF(L21<0,L21*-1,0) -> 0 | Z21: =X21+Y21 -> 617 | AA21: 0.01 | AB21: 71 | AC21: 46 | AD21: =AD20+1 -> 12
A22: =A21+1 -> 13 | B22: 6919.43 | C22: 361119 | D22: =C22-C21 -> 1724 | E22: =C22-152000 -> 209119 | F22: =D22/$D$2 -> 869.17066 | G22: 1370.6 | H22: 0 | I22: =G22+H22 -> 1370.6 | J22: =IF(L22>0,L22,0) -> 95.170658 | K22: =I22+J22 -> 1465.7707 | L22: =F22-(I22-X22) -> 95.170658 | M22: 168.6 | N22: 0 | O22: 0 | P22: =M22-(N22+O22) -> 168.6 | Q22: 200.7 | R22: 85.5 | S22: =SUM(P22:R22) -> 454.8 | U22: 68.6 | V22: 73.2 | W22: =W21-V22 -> 7789.18 | X22: =N22+O22+S22+U22+V22 -> 596.6 | Y22: =IF(L22<0,L22*-1,0) -> 0 | Z22: =X22+Y22 -> 596.6 | AA22: 0.06 | AB22: 72 | AC22: 46 | AD22: =AD21+1 -> 13
A23: =A22+1 -> 14 | B23: 6919.95 | C23: 363359 | D23: =C23-C22 -> 2240 | E23: =C23-152000 -> 211359 | F23: =D23/$D$2 -> 1129.3169 | G23: 1501.5 | H23: 0 | I23: =G23+H23 -> 1501.5 | J23: =IF(L23>0,L23,0) -> 233.41686 | K23: =I23+J23 -> 1734.9169 | L23: =F23-(I23-X23) -> 233.41686 | M23: 172.8 | N23: 0 | O23: 0 | P23: =M23-(N23+O23) -> 172.8 | Q23: 201.4 | R23: 85.7 | S23: =SUM(P23:R23) -> 459.9 | U23: 73.1 | V23: 72.6 | W23: =W22-V23 -> 7716.58 | X23: =N23+O23+S23+U23+V23 -> 605.6 | Y23: =IF(L23<0,L23*-1,0) -> 0 | Z23: =X23+Y23 -> 605.6 | AA23: 0.03 | AB23: 73 | AC23: 51 | AD23: =AD22+1 -> 14
A24: =A23+1 -> 15 | B24: 6920.17 | C24: 364311 | D24: =C24-C23 -> 952 | E24: =C24-152000 -> 212311 | F24: =D24/$D$2 -> 479.95967 | G24: 1359.7 | H24: 0 | I24: =G24+H24 -> 1359.7 | J24: =IF(L24>0,L24,0) -> 0 | K24: =I24+J24 -> 1359.7 | L24: =F24-(I24-X24) -> -283.94033 | M24: 173.1 | N24: 0 | O24: 0 | P24: =M24-(N24+O24) -> 173.1 | Q24: 202.5 | R24: 83.3 | S24: =SUM(P24:R24) -> 458.9 | U24: 65.6 | V24: 71.3 | W24: =W23-V24 -> 7645.28 | X24: =N24+O24+S24+U24+V24 -> 595.8 | Y24: =IF(L24<0,L24*-1,0) -> 283.94033 | Z24: =X24+Y24 -> 879.74033 | AA24: 0 | AB24: 78 | AC24: 47 | AD24: =AD23+1 -> 15
A25: =A24+1 -> 16 | B25: 6920.4 | C25: 365309 | D25: =C25-C24 -> 998 | E25: =C25-152000 -> 213309 | F25: =D25/$D$2 -> 503.151 | G25: 1180.4 | H25: 0 | I25: =G25+H25 -> 1180.4 | J25: =IF(L25>0,L25,0) -> 0 | K25: =I25+J25 -> 1180.4 | L25: =F25-(I25-X25) -> -96.449004 | M25: 172.1 | N25: 0 | O25: 0 | P25: =M25-(N25+O25) -> 172.1 | Q25: 203.5 | R25: 83.3 | S25: =SUM(P25:R25) -> 458.9 | U25: 50.9 | V25: 71 | W25: =W24-V25 -> 7574.28 | X25: =N25+O25+S25+U25+V25 -> 580.8 | Y25: =IF(L25<0,L25*-1,0) -> 96.449004 | Z25: =X25+Y25 -> 677.249 | AA25: 0 | AB25: 80 | AC25: 49 | AD25: =AD24+1 -> 16
A26: =A25+1 -> 17 | B26: 6920.62 | C26: 366266 | D26: =C26-C25 -> 957 | E26: =C26-152000 -> 214266 | F26: =D26/$D$2 -> 482.48046 | G26: 1120.5 | H26: 0 | I26: =G26+H26 -> 1120.5 | J26: =IF(L26>0,L26,0) -> 0 | K26: =I26+J26 -> 1120.5 | L26: =F26-(I26-X26) -> -33.219536 | M26: 184.8 | N26: 0 | O26: 0 | P26: =M26-(N26+O26) -> 184.8 | Q26: 196.6 | R26: 86.1 | S26: =SUM(P26:R26) -> 467.5 | U26: 66.1 | V26: 71.2 | W26: =W25-V26 -> 7503.08 | X26: =N26+O26+S26+U26+V26 -> 604.8 | Y26: =IF(L26<0,L26*-1,0) -> 33.219536 | Z26: =X26+Y26 -> 638.01954 | AA26: 0 | AB26: 82 | AC26: 44 | AD26: =AD25+1 -> 17
... A38: =A37+1 -> 29 | B38: 6920.53 | C38: 365873 | D38: =C38-C37 -> -653 | E38: =C38-152000 -> 213873 | F38: =D38/$D$2 -> -329.21603 | G38: 396.7 | H38: 0 | I38: =G38+H38 -> 396.7 | J38: =IF(L38>0,L38,0) -> 0 | K38: =I38+J38 -> 396.7 | L38: =F38-(I38-X38) -> -101.91603 | M38: 202.6 | N38: 0 | O38: 0 | P38: =M38-(N38+O38) -> 202.6 | Q38: 182 | R38: 83.4 | S38: =SUM(P38:R38) -> 468 | U38: 85.7 | V38: 70.3 | W38: =W37-V38 -> 6656.58 | X38: =N38+O38+S38+U38+V38 -> 624 | Y38: =IF(L38<0,L38*-1,0) -> 101.91603 | Z38: =X38+Y38 -> 725.91603 | AA38: 0.09 | AB38: 78 | AC38: 54 | AD38: =AD37+1 -> 29
A39: 30 | B39: 6920.35 | C39: 365093 | D39: =C39-C38 -> -780 | E39: =C39-152000 -> 213093 | F39: =D39/$D$2 -> -393.24427 | G39: 398.1 | H39: 0 | I39: =G39+H39 -> 398.1 | J39: =IF(L39>0,L39,0) -> 0 | K39: =I39+J39 -> 398.1 | L39: =F39-(I39-X39) -> -150.94427 | M39: 202.5 | N39: 0 | O39: 0 | P39: =M39-(N39+O39) -> 202.5 | Q39: 181.1 | R39: 83.4 | S39: =SUM(P39:R39) -> 467 | U39: 102.9 | V39: 70.5 | W39: =W38-V39 -> 6586.08 | X39: =N39+O39+S39+U39+V39 -> 640.4 | Y39: =IF(L39<0,L39*-1,0) -> 150.94427 | Z39: =X39+Y39 -> 791.34427 | AA39: 0 | AB39: 79 | AC39: 48 | AD39: 30
H40: 0.29
A41: MONTH / CFS | F41: =SUM(F10:F39) -> 7865.3895 | G41: =SUM(G10:G39) -> 27233.7 | H41: =SUM(H10:H39) -> 18.8 | I41: =SUM(I10:I39) -> 27252.5 | J41: =SUM(J10:J39) -> 1154.1206 | K41: =SUM(K10:K39) -> 28406.621 | L41: =SUM(L10:L39) -> -368.01054 | M41: =SUM(M10:M39) -> 5888.4 | ... S41: =SUM(S10:S39) -> 14331.1 | U41: =SUM(U10:U39) -> 2532.8 | V41: =SUM(V10:V39) -> 2155.2 | X41: =SUM(X10:X39) -> 19019.1 | Y41: =SUM(Y10:Y39) -> 1522.1312 | Z41: =SUM(Z10:Z39) -> 20541.231 | AA41: =SUM(AA10:AA39) -> 0.66 | AB41: =AVERAGE(AB10:AB39) -> 76.9 | AC41: =AVERAGE(AC10:AC39) -> 45.466667 | AD41: AVG
A42: MONTH / AF | D42: =SUM(D10:D39) -> 15601 | F42: =F41*$D$2 -> 15601 | G42: =G41*$D$2 -> 54018.044 | H42: =H41*$D$2 -> 37.2898 | I42: =I41*$D$2 -> 54055.334 | J42: =J41*$D$2 -> 2289.1983 | K42: =K41*$D$2 -> 56344.532 | L42: =L41*$D$2 -> -729.9489 | M42: =M41*$D$2 -> 11679.641 | ... S42: =S41*$D$2 -> 28425.737 | U42: =U41*$D$2 -> 5023.8088 | V42: =V41*$D$2 -> 4274.8392 | X42: =X41*$D$2 -> 37724.385 | Y42: =Y41*$D$2 -> 3019.1472 | Z42: =Z41*$D$2 -> 40743.532 | AB42: =MAX(AB10:AB39) -> 86 | AC42: =MAX(AC10:AC39) -> 54 | AD42: HI
A44: SEASON / CFS | F44: =F7+F41 -> 60289.892 | G44: =G7+G41 -> 91414.7 | H44: =H7+H41 -> 4926.1 | I44: =I7+I41 -> 96340.8 | J44: =J7+J41 -> 15281.349 | K44: =K7+K41 -> 111622.15 | L44: =L7+L41 -> 13619.542 | M44: =M7+M41 -> 13611.9 | ... S44: =S7+S41 -> 29770.73 | T44: =T39 -> 0 | U44: =U7+U41 -> 5172.4 | V44: =V7+V41 -> 14727.32 | W44: =W39 -> 6586.08 | X44: =X7+X41 -> 49670.45 | Y44: =Y7+Y41 -> 1661.8077 | Z44: =Z7+Z41 -> 51332.258 | AB44: =MIN(AB10:AB39) -> 59 | AC44: =MIN(AC10:AC39) -> 35 | AD44: LO
A45: SEASON / AF | F45: =F44*$D$2 -> 119585 | G45: =G44*$D$2 -> 181321.06 | H45: =H44*$D$2 -> 9770.9194 | I45: =I44*$D$2 -> 191091.98 | J45: =J44*$D$2 -> 30310.556 | K45: =K44*$D$2 -> 221402.53 | L45: =L44*$D$2 -> 27014.361 | M45: =M44*$D$2 -> 26999.204 | ... Z45: =Z44*$D$2 -> 101817.53
A47: YTD / CFS | F47: =F8+F41 -> 63639.022 | G47: =G8+G41 -> 102879.47 | H47: =H8+H41 -> 5000.75 | I47: =I8+I41 -> 107777.02 | J47: =J8+J41 -> 15922.458 | K47: =K8+K41 -> 123699.48 | L47: =L8+L41 -> 13722.462 | M47: =M8+M41 -> 15048.22 | ... S47: =S8+S41 -> 33184.56 | T47: =T39 -> 0 | U47: =U8+U41 -> 5172.4 | V47: =V8+V41 -> 19503.42 | X47: =X8+X41 -> 57860.46 | Y47: =Y8+Y41 -> 2199.9963 | Z47: =Z8+Z41 -> 60060.456 | AA47: =AA8+AA41 -> 6.91
A48: YTD / AF | D48: =D8+D42 -> 126228 | E48: =E39 -> 213093 | F48: =F47*$D$2 -> 126228 | G48: =G47*$D$2 -> 204061.43 | H48: =H47*$D$2 -> 9918.9876 | I48: =I47*$D$2 -> 213775.72 | J48: =J47*$D$2 -> 31582.196 | K48: =K47*$D$2 -> 245357.92 | L48: =L47*$D$2 -> 27218.503 | M48: =M47*$D$2 -> 29848.144 | ... V48: =V47*$D$2 -> 38685.034 | X48: =X47*$D$2 -> 114766.22 | Y48: =Y47*$D$2 -> 4363.6927 | Z48: =Z47*$D$2 -> 119129.92

Sheet JUL
K1: MC PHEE RESERVOIR IN/OUT FLOW TABULATION
A2: AF/cfs CONVERT FACTOR | D2: 1.9835 | K2: JULY "1991"
A4: DATE | B4: RESERV | C4: RESERV | D4: AC FT | E4: ACTIVE | F4: CONV TO | G4: DOLORES | H4: LOST | I4: RECORDED | J4: CALC | K4: TOTAL | L4: CALC | M4: TUNNEL | Q4: LONE | R4: U | S4: TOTAL | T4: MVI | U4: DV CR | V4: BELOW | W4: REMAIN | X4: RECORDED | Y4: CALC | Z4: TOTAL | AA4: RAIN | AB4: MAX | AC4: MIN | AD4: DATE
A5: "JUL" | B5: ELEV | C5: AC FT | D5: CHANGE | E5: CAP | F5: CFS | G5: RIVER | H5: CANYON | I5: INFLOW | J5: INFLOW | K5: INFLOW | L5: INF/OTF | M5: TOT DIV | N5: WETLAND | O5: UTE F&R | P5: MVI,CTZ | Q5: PINE | R5: LAT | S5: MVI | T5: CALL | U5: CANAL | V5: MC PHEE | W5: RELEASE | X5: OUTFLOW | Y5: OUTFLOW | Z5: OUTFLOW | AB5: TMP | AC5: TMP | AD5: "JUL"
A7: SEASON BAL | F7: =JUN!F44 -> 60289.892 | G7: =JUN!G44 -> 91414.7 | H7: =JUN!H44 -> 4926.1 | I7: =JUN!I44 -> 96340.8 | J7: =JUN!J44 -> 15281.349 | K7: =JUN!K44 -> 111622.15 | L7: =JUN!L44 -> 13619.542 | M7: =JUN!M44 -> 13611.9 | ... V7: =JUN!V44 -> 14727.32 | X7: =JUN!X44 -> 49670.45 | Y7: =JUN!Y44 -> 1661.8077 | Z7: =JUN!Z44 -> 51332.258
A8: YTD | B8: =JUN!B39 -> 6920.35 | C8: =JUN!C39 -> 365093 | D8: =JUN!D48 -> 126228 | E8: =JUN!E48 -> 213093 | F8: =JUN!F47 -> 63639.022 | G8: =JUN!G47 -> 102879.47 | H8: =JUN!H47 -> 5000.75 | I8: =JUN!I47 -> 107777.02 | J8: =JUN!J47 -> 15922.458 | K8: =JUN!K47 -> 123699.48 | L8: =JUN!L47 -> 13722.462 | M8: =JUN!M47 -> 15048.22 | ... S8: =JUN!S47 -> 33184.56 | T8: 7242 | U8: =JUN!U47 -> 5172.4 | V8: =JUN!V47 -> 19503.42 | W8: =JUN!W44 -> 6586.08 | X8: =JUN!X47 -> 57860.46 | Y8: =JUN!Y47 -> 2199.9963 | Z8: =JUN!Z47 -> 60060.456 | AA8: =JUN!AA47 -> 6.91
A10: 1 | B10: 6920.23 | C10: 364572 | D10: =C10-C8 -> -521 | E10: =C10-152000 -> 212572 | F10: =D10/$D$2 -> -262.667 | G10: 378.2 | H10: 0 | I10: =G10+H10 -> 378.2 | J10: =IF(L10>0,L10,0) -> 0 | K10: =I10+J10 -> 378.2 | L10: =F10-(I10-X10) -> -12.367003 | M10: 197 | N10: 0 | O10: 0 | P10: =M10-(N10+O10) -> 197 | Q10: 181.9 | R10: 82.1 | S10: =SUM(P10:R10) -> 461 | T10: =(I10-S10)+T8 -> 7159.2 | U10: 97 | V10: 70.5 | W10: =W8-V10 -> 6515.58 | X10: =N10+O10+S10+U10+V10 -> 628.5 | Y10: =IF(L10<0,L10*-1,0) -> 12.367003 | Z10: =X10+Y10 -> 640.867 | AA10: 0 | AB10: 85 | AC10: 49 | AD10: 1
A11: =A10+1 -> 2 | B11: 6920.15 | C11: 364224 | D11: =C11-C10 -> -348 | E11: =C11-152000 -> 212224 | F11: =D11/$D$2 -> -175.44744 | G11: 344.7 | H11: 0 | I11: =G11+H11 -> 344.7 | J11: =IF(L11>0,L11,0) -> 148.85256 | K11: =I11+J11 -> 493.55256 | L11: =F11-(I11-X11) -> 148.85256 | M11: 209.4 | N11: 0 | O11: 0 | P11: =M11-(N11+O11) -> 209.4 | Q11: 180.7 | R11: 83.9 | S11: =SUM(P11:R11) -> 474 | T11: =(I11-S11)+T10 -> 7029.9 | U11: 124 | V11: 71 | W11: =W10-V11 -> 6444.58 | X11: =N11+O11+S11+U11+V11 -> 669 | Y11: =IF(L11<0,L11*-1,0) -> 0 | Z11: =X11+Y11 -> 669 | AA11: 0 | AB11: 87 | AC11: 52 | AD11: =AD10+1 -> 2
A12: =A11+1 -> 3 | B12: 6919.85 | C12: 362928 | D12: =C12-C11 -> -1296 | E12: =C12-152000 -> 210928 | F12: =D12/$D$2 -> -653.39047 | G12: 322 | H12: 0 | I12: =G12+H12 -> 322 | J12: =IF(L12>0,L12,0) -> 0 | K12: =I12+J12 -> 322 | L12: =F12-(I12-X12) -> -281.39047 | M12: 216 | N12: 0 | O12: 0 | P12: =M12-(N12+O12) -> 216 | Q12: 180 | R12: 98 | S12: =SUM(P12:R12) -> 494 | T12: =(I12-S12)+T11 -> 6857.9 | U12: 129 | V12: 71 | W12: =W11-V12 -> 6373.58 | X12: =N12+O12+S12+U12+V12 -> 694 | Y12: =IF(L12<0,L12*-1,0) -> 281.39047 | Z12: =X12+Y12 -> 975.39047 | AA12: 0 | AB12: 87 | AC12: 55 | AD12: =AD11+1 -> 3
A13: =A12+1 -> 4 | B13: 6919.63 | C13: 361979 | D13: =C13-C12 -> -949 | E13: =C13-152000 -> 209979 | F13: =D13/$D$2 -> -478.44719 | G13: 300 | H13: 2.4 | I13: =G13+H13 -> 302.4 | J13: =IF(L13>0,L13,0) -> 0 | K13: =I13+J13 -> 302.4 | L13: =F13-(I13-X13) -> -80.847189 | M13: 223 | N13: 0 | O13: 0 | P13: =M13-(N13+O13) -> 223 | Q13: 180 | R13: 92 | S13: =SUM(P13:R13) -> 495 | T13: =(I13-S13)+T12 -> 6665.3 | U13: 134 | V13: 71 | W13: =W12-V13 -> 6302.58 | X13: =N13+O13+S13+U13+V13 -> 700 | Y13: =IF(L13<0,L13*-1,0) -> 80.847189 | Z13: =X13+Y13 -> 780.84719 | AA13: 0 | AB13: 89 | AC13: 56 | AD13: =AD12+1 -> 4
A14: =A13+1 -> 5 | B14: 6919.41 | C14: 361033 | D14: =C14-C13 -> -946 | E14: =C14-152000 -> 209033 | F14: =D14/$D$2 -> -476.93471 | G14: 275.1 | H14: 1.6 | I14: =G14+H14 -> 276.7 | J14: =IF(L14>0,L14,0) -> 0 | K14: =I14+J14 -> 276.7 | L14: =F14-(I14-X14) -> -53.234711 | M14: 231.5 | N14: 0 | O14: 0 | P14: =M14-(N14+O14) -> 231.5 | Q14: 179.9 | R14: 83.7 | S14: =SUM(P14:R14) -> 495.1 | T14: =(I14-S14)+T13 -> 6446.9 | U14: 134 | V14: 71.3 | W14: =W13-V14 -> 6231.28 | X14: =N14+O14+S14+U14+V14 -> 700.4 | Y14: =IF(L14<0,L14*-1,0) -> 53.234711 | Z14: =X14+Y14 -> 753.63471 | AA14: 0 | AB14: 88 | AC14: 55 | AD14: =AD13+1 -> 5
A15: =A14+1 -> 6 | B15: 6919.18 | C15: 360043 | D15: =C15-C14 -> -990 | E15: =C15-152000 -> 208043 | F15: =D15/$D$2 -> -499.11772 | G15: 253.1 | H15: 1.2 | I15: =G15+H15 -> 254.3 | J15: =IF(L15>0,L15,0) -> 0 | K15: =I15+J15 -> 254.3 | L15: =F15-(I15-X15) -> -49.017721 | M15: 213.4 | N15: 0 | O15: 0 | P15: =M15-(N15+O15) -> 213.4 | Q15: 180.4 | R15: 82.3 | S15: =SUM(P15:R15) -> 476.1 | T15: =(I15-S15)+T14 -> 6225.1 | U15: 157 | V15: 71.3 | W15: =W14-V15 -> 6159.98 | X15: =N15+O15+S15+U15+V15 -> 704.4 | Y15: =IF(L15<0,L15*-1,0) -> 49.017721 | Z15: =X15+Y15 -> 753.41772 | AA15: 0 | AB15: 89 | AC15: 58 | AD15: =AD14+1 -> 6
A16: =A15+1 -> 7 | B16: 6918.94 | C16: 359010 | D16: =C16-C15 -> -1033 | E16: =C16-152000 -> 207010 | F16: =D16/$D$2 -> -520.79657 | G16: 238.9 | H16: 1 | I16: =G16+H16 -> 239.9 | J16: =IF(L16>0,L16,0) -> 0 | K16: =I16+J16 -> 239.9 | L16: =F16-(I16-X16) -> -95.396572 | M16: 198 | N16: 0 | O16: 0 | P16: =M16-(N16+O16) -> 198 | Q16: 179.4 | R16: 81.6 | S16: =SUM(P16:R16) -> 459 | T16: =(I16-S16)+T15 -> 6006 | U16: 135 | V16: 71.3 | W16: =W15-V16 -> 6088.68 | X16: =N16+O16+S16+U16+V16 -> 665.3 | Y16: =IF(L16<0,L16*-1,0) -> 95.396572 | Z16: =X16+Y16 -> 760.69657 | AA16: 0.03 | AB16: 92 | AC16: 57 | AD16: =AD15+1 -> 7
A17: =A16+1 -> 8 | B17: 6918.79 | C17: 358370 | D17: =C17-C16 -> -640 | E17: =C17-152000 -> 206370 | F17: =D17/$D$2 -> -322.66196 | G17: 240 | H17: 0.8 | I17: =G17+H17 -> 240.8 | J17: =IF(L17>0,L17,0) -> 105.93804 | K17: =I17+J17 -> 346.73804 | L17: =F17-(I17-X17) -> 105.93804 | M17: 186.9 | N17: 0 | O17: 0 | P17: =M17-(N17+O17) -> 186.9 | Q17: 181.1 | R17: 84.1 | S17: =SUM(P17:R17) -> 452.1 | T17: =(I17-S17)+T16 -> 5794.7 | U17: 146 | V17: 71.3 | W17: =W16-V17 -> 6017.38 | X17: =N17+O17+S17+U17+V17 -> 669.4 | Y17: =IF(L17<0,L17*-1,0) -> 0 | Z17: =X17+Y17 -> 669.4 | AA17: 0.45 | AB17: 82 | AC17: 58 | AD17: =AD16+1 -> 8
A18: =A17+1 -> 9 | B18: 6918.58 | C18: 357473 | D18: =C18-C17 -> -897 | E18: =C18-152000 -> 205473 | F18: =D18/$D$2 -> -452.2309 | G18: 319.1 | H18: 0.6 | I18: =G18+H18 -> 319.7 | J18: =IF(L18>0,L18,0) -> 0 | K18: =I18+J18 -> 319.7 | L18: =F18-(I18-X18) -> -84.530905 | M18: 182.4 | N18: 0 | O18: 0 | P18: =M18-(N18+O18) -> 182.4 | Q18: 182 | R18: 85.6 | S18: =SUM(P18:R18) -> 450 | T18: =(I18-S18)+T17 -> 5664.4 | U18: 166 | V18: 71.4 | W18: =W17-V18 -> 5945.98 | X18: =N18+O18+S18+U18+V18 -> 687.4 | Y18: =IF(L18<0,L18*-1,0) -> 84.530905 | Z18: =X18+Y18 -> 771.9309 | AA18: 0.07 | AB18: 78 | AC18: 51 | AD18: =AD17+1 -> 9
A19: =A18+1 -> 10 | B19: 6918.37 | C19: 356576 | D19: =C19-C18 -> -897 | E19: =C19-152000 -> 204576 | F19: =D19/$D$2 -> -452.2309 | G19: 297.3 | H19: 0 | I19: =G19+H19 -> 297.3 | J19: =IF(L19>0,L19,0) -> 0 | K19: =I19+J19 -> 297.3 | L19: =F19-(I19-X19) -> -70.130905 | M19: 194.7 | N19: 0 | O19: 0 | P19: =M19-(N19+O19) -> 194.7 | Q19: 184 | R19: 77.4 | S19: =SUM(P19:R19) -> 456.1 | T19: =(I19-S19)+T18 -> 5505.6 | U19: 152 | V19: 71.3 | W19: =W18-V19 -> 5874.68 | X19: =N19+O19+S19+U19+V19 -> 679.4 | Y19: =IF(L19<0,L19*-1,0) -> 70.130905 | Z19: =X19+Y19 -> 749.5309 | AA19: 0 | AB19: 78 | AC19: 50 | AD19: =AD18+1 -> 10
A20: =A19+1 -> 11 | B20: 6918.1 | C20: 355422 | D20: =C20-C19 -> -1154 | E20: =C20-152000 -> 203422 | F20: =D20/$D$2 -> -581.79985 | G20: 245.2 | H20: 0 | I20: =G20+H20 -> 245.2 | J20: =IF(L20>0,L20,0) -> 0 | K20: =I20+J20 -> 245.2 | L20: =F20-(I20-X20) -> -119.69985 | M20: 210.9 | N20: 0 | O20: 0 | P20: =M20-(N20+O20) -> 210.9 | Q20: 184.2 | R20: 80.9 | S20: =SUM(P20:R20) -> 476 | T20: =(I20-S20)+T19 -> 5274.8 | U20: 160 | V20: 71.3 | W20: =W19-V20 -> 5803.38 | X20: =N20+O20+S20+U20+V20 -> 707.3 | Y20: =IF(L20<0,L20*-1,0) -> 119.69985 | Z20: =X20+Y20 -> 826.99985 | AA20: 0 | AB20: 82 | AC20: 50 | AD20: =AD19+1 -> 11
A21: =A20+1 -> 12 | B21: 6917.87 | C21: 354443 | D21: =C21-C20 -> -979 | E21: =C21-152000 -> 202443 | F21: =D21/$D$2 -> -493.57197 | G21: 238.2 | H21: 0 | I21: =G21+H21 -> 238.2 | J21: =IF(L21>0,L21,0) -> 0 | K21: =I21+J21 -> 238.2 | L21: =F21-(I21-X21) -> -17.771969 | M21: 221.7 | N21: 0 | O21: 0 | P21: =M21-(N21+O21) -> 221.7 | Q21: 183.2 | R21: 82.1 | S21: =SUM(P21:R21) -> 487 | T21: =(I21-S21)+T20 -> 5026 | U21: 156 | V21: 71 | W21: =W20-V21 -> 5732.38 | X21: =N21+O21+S21+U21+V21 -> 714 | Y21: =IF(L21<0,L21*-1,0) -> 17.771969 | Z21: =X21+Y21 -> 731.77197 | AA21: 0.01 | AB21: 80 | AC21: 53 | AD21: =AD20+1 -> 12
A22: =A21+1 -> 13 | B22: 6917.64 | C22: 353468 | D22: =C22-C21 -> -975 | E22: =C22-152000 -> 201468 | F22: =D22/$D$2 -> -491.55533 | G22: 233.8 | H22: 0 | I22: =G22+H22 -> 233.8 | J22: =IF(L22>0,L22,0) -> 0 | K22: =I22+J22 -> 233.8 | L22: =F22-(I22-X22) -> -14.055331 | M22: 223.8 | N22: 0 | O22: 0 | P22: =M22-(N22+O22) -> 223.8 | Q22: 183.4 | R22: 81.8 | S22: =SUM(P22:R22) -> 489 | T22: =(I22-S22)+T21 -> 4770.8 | U22: 152 | V22: 70.3 | W22: =W21-V22 -> 5662.08 | X22: =N22+O22+S22+U22+V22 -> 711.3 | Y22: =IF(L22<0,L22*-1,0) -> 14.055331 | Z22: =X22+Y22 -> 725.35533 | AA22: 0.02 | AB22: 84 | AC22: 50 | AD22: =AD21+1 -> 13
... A38: =A37+1 -> 29 | B38: 6913.91 | C38: 337861 | D38: =C38-C37 -> -950 | E38: =C38-152000 -> 185861 | F38: =D38/$D$2 -> -478.95135 | G38: 220.4 | H38: 0 | I38: =G38+H38 -> 220.4 | J38: =IF(L38>0,L38,0) -> 0 | K38: =I38+J38 -> 220.4 | L38: =F38-(I38-X38) -> -19.551349 | M38: 180.6 | N38: 0 | O38: 0 | P38: =M38-(N38+O38) -> 180.6 | Q38: 182.7 | R38: 83.7 | S38: =SUM(P38:R38) -> 447 | T38: =(I38-S38)+T37 -> 904.9 | U38: 162 | V38: 70.8 | W38: =W37-V38 -> 4535.78 | X38: =N38+O38+S38+U38+V38 -> 679.8 | Y38: =IF(L38<0,L38*-1,0) -> 19.551349 | Z38: =X38+Y38 -> 699.35135 | AA38: 0 | AB38: 83 | AC38: 50 | AD38: =AD37+1 -> 29
A39: 30 | B39: 6913.69 | C39: 336957 | D39: =C39-C38 -> -904 | E39: =C39-152000 -> 184957 | F39: =D39/$D$2 -> -455.76002 | G39: 219.4 | H39: 0 | I39: =G39+H39 -> 219.4 | J39: =IF(L39>0,L39,0) -> 0 | K39: =I39+J39 -> 219.4 | L39: =F39-(I39-X39) -> -43.86002 | M39: 178.7 | N39: 0 | O39: 0 | P39: =M39-(N39+O39) -> 178.7 | Q39: 183.4 | R39: 79.8 | S39: =SUM(P39:R39) -> 441.9 | T39: =(I39-S39)+T38 -> 682.4 | U39: 118 | V39: 71.4 | W39: =W38-V39 -> 4464.38 | X39: =N39+O39+S39+U39+V39 -> 631.3 | Y39: =IF(L39<0,L39*-1,0) -> 43.86002 | Z39: =X39+Y39 -> 675.16002 | AA39: 0 | AB39: 84 | AC39: 53 | AD39: 30
A40: 31 | B40: 6913.49 | C40: 336135 | D40: =C40-C39 -> -822 | E40: =C40-152000 -> 184135 | F40: =D40/$D$2 -> -414.41896 | G40: 216 | H40: 0 | I40: =G40+H40 -> 216 | J40: =IF(L40>0,L40,0) -> 0 | K40: =I40+J40 -> 216 | L40: =F40-(I40-X40) -> -0.31895639 | M40: 178.4 | N40: 0 | O40: 0 | P40: =M40-(N40+O40) -> 178.4 | Q40: 183.3 | R40: 81.3 | S40: =SUM(P40:R40) -> 443 | T40: =(I40-S40)+T39 -> 455.4 | U40: 116 | V40: 71.1 | W40: =W39-V40 -> 4393.28 | X40: =N40+O40+S40+U40+V40 -> 630.1 | Y40: =IF(L40<0,L40*-1,0) -> 0.31895639 | Z40: =X40+Y40 -> 630.41896 | AA40: 0.02 | AB40: 86 | AC40: 56 | AD40: 31
O41: 0 | AA41: 0
A42: MONTH / CFS | F42: =SUM(F10:F40) -> -14599.445 | G42: =SUM(G10:G40) -> 7979 | H42: =SUM(H10:H40) -> 7.6 | I42: =SUM(I10:I40) -> 7986.6 | J42: =SUM(J10:J40) -> 458.11823 | K42: =SUM(K10:K40) -> 8444.7182 | L42: =SUM(L10:L40) -> -1129.0454 | M42: =SUM(M10:M40) -> 6469.8 | ... S42: =SUM(S10:S40) -> 14773.2 | U42: =SUM(U10:U40) -> 4491 | V42: =SUM(V10:V40) -> 2192.8 | X42: =SUM(X10:X40) -> 21457 | Y42: =SUM(Y10:Y40) -> 1587.1637 | Z42: =SUM(Z10:Z40) -> 23044.164 | AA42: =SUM(AA10:AA40) -> 1.47 | AB42: =AVERAGE(AB10:AB40) -> 83.129032 | AC42: =AVERAGE(AC10:AC40) -> 52.935484 | AD42: AVG
A43: MONTH / AF | D43: =SUM(D10:D40) -> -28958 | F43: =F42*$D$2 -> -28958 | G43: =G42*$D$2 -> 15826.346 | H43: =H42*$D$2 -> 15.0746 | I43: =I42*$D$2 -> 15841.421 | J43: =J42*$D$2 -> 908.6775 | K43: =K42*$D$2 -> 16750.099 | L43: =L42*$D$2 -> -2239.4616 | M43: =M42*$D$2 -> 12832.848 | ... S43: =S42*$D$2 -> 29302.642 | U43: =U42*$D$2 -> 8907.8985 | V43: =V42*$D$2 -> 4349.4188 | X43: =X42*$D$2 -> 42559.959 | Y43: =Y42*$D$2 -> 3148.1391 | Z43: =Z42*$D$2 -> 45708.099 | AB43: =MAX(AB10:AB40) -> 92 | AC43: =MAX(AC10:AC40) -> 58 | AD43: HI
A45: SEASON / CFS | F45: =F7+F42 -> 45690.446 | G45: =G7+G42 -> 99393.7 | H45: =H7+H42 -> 4933.7 | I45: =I7+I42 -> 104327.4 | J45: =J7+J42 -> 15739.468 | K45: =K7+K42 -> 120066.87 | L45: =L7+L42 -> 12490.496 | M45: =M7+M42 -> 20081.7 | ... S45: =S7+S42 -> 44543.93 | T45: =T40 -> 455.4 | U45: =U7+U42 -> 9663.4 | V45: =V7+V42 -> 16920.12 | W45: =W40 -> 4393.28 | X45: =X7+X42 -> 71127.45 | Y45: =Y7+Y42 -> 3248.9714 | Z45: =Z7+Z42 -> 74376.421 | AB45: =MIN(AB10:AB40) -> 77 | AC45: =MIN(AC10:AC40) -> 47 | AD45: LO
A46: SEASON / AF | F46: =F45*$D$2 -> 90627 | G46: =G45*$D$2 -> 197147.4 | H46: =H45*$D$2 -> 9785.994 | I46: =I45*$D$2 -> 206933.4 | J46: =J45*$D$2 -> 31219.234 | K46: =K45*$D$2 -> 238152.63 | L46: =L45*$D$2 -> 24774.899 | M46: =M45*$D$2 -> 39832.052 | ... Z46: =Z45*$D$2 -> 147525.63
A48: YTD / CFS | F48: =F8+F42 -> 49039.577 | G48: =G8+G42 -> 110858.47 | H48: =H8+H42 -> 5008.35 | I48: =I8+I42 -> 115763.62 | J48: =J8+J42 -> 16380.576 | K48: =K8+K42 -> 132144.2 | L48: =L8+L42 -> 12593.417 | M48: =M8+M42 -> 21518.02 | ... S48: =S8+S42 -> 47957.76 | T48: =T45 -> 455.4 | U48: =U8+U42 -> 9663.4 | V48: =V8+V42 -> 21696.22 | W48: =W40 -> 4393.28 | X48: =X8+X42 -> 79317.46 | Y48: =Y8+Y42 -> 3787.16 | Z48: =Z8+Z42 -> 83104.62 | AA48: =AA8+AA42 -> 8.38
A49: YTD / AF | D49: =D8+D43 -> 97270 | E49: =E40 -> 184135 | F49: =F48*$D$2 -> 97270 | G49: =G48*$D$2 -> 219887.78 | H49: =H48*$D$2 -> 9934.0622 | I49: =I48*$D$2 -> 229617.14 | J49: =J48*$D$2 -> 32490.873 | K49: =K48*$D$2 -> 262108.01 | L49: =L48*$D$2 -> 24979.042 | M49: =M48*$D$2 -> 42680.993 | ... V49: =V48*$D$2 -> 43034.452 | W49: =W40*$D$2 -> 8714.0709 | X49: =X48*$D$2 -> 157326.18 | Y49: =Y48*$D$2 -> 7511.8318 | Z49: =Z48*$D$2 -> 164838.01

Sheet AUG
K1: MC PHEE RESERVOIR IN/OUT FLOW TABULATION
A2: AF/cfs CONVERT FACTOR | D2: 1.9835 | K2: AUGUST "1991"
A4: DATE | B4: RESERV | C4: RESERV | D4: AC FT | E4: ACTIVE | F4: CONV TO | G4: DOLORES | H4: LOST | I4: RECORDED | J4: CALC | K4: TOTAL | L4: CALC | M4: DOLORES TUNNEL | Q4: LONE | R4: U | S4: TOTAL | T4: MVI | U4: DV CR | V4: BELOW | W4: REMAIN | X4: RECORDED | Y4: CALC | Z4: TOTAL | AA4: RAIN | AB4: MAX | AC4: MIN | AD4: DATE
A5: "AUG" | B5: ELEV | C5: AC FT | D5: CHANGE | E5: CAP | F5: CFS | G5: RIVER | H5: CANYON | I5: INFLOW | J5: INFLOW | K5: INFLOW | L5: INF/OTF | M5: TOT DIV | N5: WETLAND | O5: UTE F&R | P5: MVI,CTZ | Q5: PINE | R5: LAT | S5: MVI | T5: CALL | U5: CANAL | V5: MC PHEE | W5: RELEASE | X5: OUTFLOW | Y5: OUTFLOW | Z5: OUTFLOW | AB5: TMP | AC5: TMP | AD5: "AUG"
A7: SEASON BAL | F7: =JUL!F45 -> 45690.446 | G7: =JUL!G45 -> 99393.7 | H7: =JUL!H45 -> 4933.7 | I7: =JUL!I45 -> 104327.4 | J7: =JUL!J45 -> 15739.468 | K7: =JUL!K45 -> 120066.87 | L7: =JUL!L45 -> 12490.496 | M7: =JUL!M45 -> 20081.7 | ... V7: =JUL!V45 -> 16920.12 | X7: =JUL!X45 -> 71127.45 | Y7: =JUL!Y45 -> 3248.9714 | Z7: =JUL!Z45 -> 74376.421
A8: YTD | B8: =JUL!B40 -> 6913.49 | C8: =JUL!C40 -> 336135 | D8: =JUL!D49 -> 97270 | E8: =JUL!E49 -> 184135 | F8: =JUL!F48 -> 49039.577 | G8: =JUL!G48 -> 110858.47 | H8: =JUL!H48 -> 5008.35 | I8: =JUL!I48 -> 115763.62 | J8: =JUL!J48 -> 16380.576 | K8: =JUL!K48 -> 132144.2 | L8: =JUL!L48 -> 12593.417 | M8: =JUL!M48 -> 21518.02 | ... AA8: =JUL!AA48 -> 8.38
A10: 1 | B10: 6913.27 | C10: 335231 | D10: =C10-C8 -> -904 | E10: =C10-152000 -> 183231 | F10: =D10/$D$2 -> -455.76002 | G10: 226.1 | H10: 0 | I10: =G10+H10 -> 226.1 | J10: =IF(L10>0,L10,0) -> 0 | K10: =I10+J10 -> 226.1 | L10: =F10-(I10-X10) -> -99.36002 | M10: 157.4 | N10: 0 | O10: 0 | P10: =M10-(N10+O10) -> 157.4 | Q10: 178.3 | R10: 77.3 | S10: =SUM(P10:R10) -> 413 | T10: =(I10-S10)+T7 -> 268.5 | U10: 103.4 | V10: 66.1 | W10: =W8-V10 -> 4327.18 | X10: =N10+O10+S10+U10+V10 -> 582.5 | Y10: =IF(L10<0,L10*-1,0) -> 99.36002 | Z10: =X10+Y10 -> 681.86002 | AA10: 0.22 | AB10: 82 | AC10: 56 | AD10: 1
A11: =A10+1 -> 2 | B11: 6913.12 | C11: 334614 | D11: =C11-C10 -> -617 | E11: =C11-152000 -> 182614 | F11: =D11/$D$2 -> -311.0663 | G11: 268.1 | H11: 0 | I11: =G11+H11 -> 268.1 | J11: =IF(L11>0,L11,0) -> 21.533703 | K11: =I11+J11 -> 289.6337 | L11: =F11-(I11-X11) -> 21.533703 | M11: 149.7 | N11: 0 | O11: 0 | P11: =M11-(N11+O11) -> 149.7 | Q11: 178.4 | R11: 76.9 | S11: =SUM(P11:R11) -> 405 | T11: =(I11-S11)+T10 -> 131.6 | U11: 128.1 | V11: 67.6 | W11: =W10-V11 -> 4259.58 | X11: =N11+O11+S11+U11+V11 -> 600.7 | Y11: =IF(L11<0,L11*-1,0) -> 0 | Z11: =X11+Y11 -> 600.7 | AA11: 0.01 | AB11: 81 | AC11: 55 | AD11: =AD10+1 -> 2
A12: =A11+1 -> 3 | B12: 6912.97 | C12: 333999 | D12: =C12-C11 -> -615 | E12: =C12-152000 -> 181999 | F12: =D12/$D$2 -> -310.05798 | G12: 286.5 | H12: 0 | I12: =G12+H12 -> 286.5 | J12: =IF(L12>0,L12,0) -> 0 | K12: =I12+J12 -> 286.5 | L12: =F12-(I12-X12) -> -35.257978 | M12: 143 | N12: 0 | O12: 0 | P12: =M12-(N12+O12) -> 143 | Q12: 179.5 | R12: 72.4 | S12: =SUM(P12:R12) -> 394.9 | T12: =(I12-S12)+T11 -> 23.2 | U12: 98.8 | V12: 67.6 | W12: =W11-V12 -> 4191.98 | X12: =N12+O12+S12+U12+V12 -> 561.3 | Y12: =IF(L12<0,L12*-1,0) -> 35.257978 | Z12: =X12+Y12 -> 596.55798 | AA12: 0.03 | AB12: 78 | AC12: 53 | AD12: =AD11+1 -> 3
A13: =A12+1 -> 4 | B13: 6912.84 | C13: 333469 | D13: =C13-C12 -> -530 | E13: =C13-152000 -> 181469 | F13: =D13/$D$2 -> -267.20444 | G13: 317.1 | H13: 0 | I13: =G13+H13 -> 317.1 | J13: =IF(L13>0,L13,0) -> 0 | K13: =I13+J13 -> 317.1 | L13: =F13-(I13-X13) -> -33.004437 | M13: 140.7 | N13: 0 | O13: 0 | P13: =M13-(N13+O13) -> 140.7 | Q13: 179.8 | R13: 72.4 | S13: =SUM(P13:R13) -> 392.9 | T13: =(I13-S13)+T12 -> -52.6 | U13: 90.8 | V13: 67.6 | W13: =W12-V13 -> 4124.38 | X13: =N13+O13+S13+U13+V13 -> 551.3 | Y13: =IF(L13<0,L13*-1,0) -> 33.004437 | Z13: =X13+Y13 -> 584.30444 | AA13: 0.02 | AB13: 80 | AC13: 52 | AD13: =AD12+1 -> 4
A14: =A13+1 -> 5 | B14: 6912.71 | C14: 332939 | D14: =C14-C13 -> -530 | E14: =C14-152000 -> 180939 | F14: =D14/$D$2 -> -267.20444 | G14: 285.4 | H14: 0 | I14: =G14+H14 -> 285.4 | J14: =IF(L14>0,L14,0) -> 0 | K14: =I14+J14 -> 285.4 | L14: =F14-(I14-X14) -> -1.9044366 | M14: 140.3 | N14: 0 | O14: 0 | P14: =M14-(N14+O14) -> 140.3 | Q14: 179.7 | R14: 72.3 | S14: =SUM(P14:R14) -> 392.3 | T14: =(I14-S14)+T13 -> -159.5 | U14: 90.8 | V14: 67.6 | W14: =W13-V14 -> 4056.78 | X14: =N14+O14+S14+U14+V14 -> 550.7 | Y14: =IF(L14<0,L14*-1,0) -> 1.9044366 | Z14: =X14+Y14 -> 552.60444 | AA14: 0.05 | AB14: 78 | AC14: 55 | AD14: =AD13+1 -> 5
A15: =A14+1 -> 6 | B15: 6912.58 | C15: 332409 | D15: =C15-C14 -> -530 | E15: =C15-152000 -> 180409 | F15: =D15/$D$2 -> -267.20444 | G15: 250.5 | H15: 0 | I15: =G15+H15 -> 250.5 | J15: =IF(L15>0,L15,0) -> 10.795563 | K15: =I15+J15 -> 261.29556 | L15: =F15-(I15-X15) -> 10.795563 | M15: 140.2 | N15: 0 | O15: 0 | P15: =M15-(N15+O15) -> 140.2 | Q15: 179.7 | R15: 74.4 | S15: =SUM(P15:R15) -> 394.3 | T15: =(I15-S15)+T14 -> -303.3 | U15: 66.1 | V15: 68.1 | W15: =W14-V15 -> 3988.68 | X15: =N15+O15+S15+U15+V15 -> 528.5 | Y15: =IF(L15<0,L15*-1,0) -> 0 | Z15: =X15+Y15 -> 528.5 | AA15: 0.46 | AB15: 70 | AC15: 56 | AD15: =AD14+1 -> 6
A16: =A15+1 -> 7 | B16: 6912.46 | C16: 331920 | D16: =C16-C15 -> -489 | E16: =C16-152000 -> 179920 | F16: =D16/$D$2 -> -246.5339 | G16: 334.5 | H16: 0 | I16: =G16+H16 -> 334.5 | J16: =IF(L16>0,L16,0) -> 0 | K16: =I16+J16 -> 334.5 | L16: =F16-(I16-X16) -> -83.233905 | M16: 137.4 | N16: 0 | O16: 0 | P16: =M16-(N16+O16) -> 137.4 | Q16: 179.9 | R16: 74.6 | S16: =SUM(P16:R16) -> 391.9 | T16: =(I16-S16)+T15 -> -360.7 | U16: 36.8 | V16: 69.1 | W16: =W15-V16 -> 3919.58 | X16: =N16+O16+S16+U16+V16 -> 497.8 | Y16: =IF(L16<0,L16*-1,0) -> 83.233905 | Z16: =X16+Y16 -> 581.0339 | AA16: 0 | AB16: 79 | AC16: 50 | AD16: =AD15+1 -> 7
A17: =A16+1 -> 8 | B17: 6912.31 | C17: 331303 | D17: =C17-C16 -> -617 | E17: =C17-152000 -> 179303 | F17: =D17/$D$2 -> -311.0663 | G17: 255.8 | H17: 0 | I17: =G17+H17 -> 255.8 | J17: =IF(L17>0,L17,0) -> 0 | K17: =I17+J17 -> 255.8 | L17: =F17-(I17-X17) -> -45.466297 | M17: 139.3 | N17: 0 | O17: 0 | P17: =M17-(N17+O17) -> 139.3 | Q17: 179.5 | R17: 77 | S17: =SUM(P17:R17) -> 395.8 | T17: =(I17-S17)+T16 -> -500.7 | U17: 56.5 | V17: 69.1 | W17: =W16-V17 -> 3850.48 | X17: =N17+O17+S17+U17+V17 -> 521.4 | Y17: =IF(L17<0,L17*-1,0) -> 45.466297 | Z17: =X17+Y17 -> 566.8663 | AA17: 0 | AB17: 81 | AC17: 51 | AD17: =AD16+1 -> 8
A18: =A17+1 -> 9 | B18: 6912.16 | C18: 330697 | D18: =C18-C17 -> -606 | E18: =C18-152000 -> 178697 | F18: =D18/$D$2 -> -305.52054 | G18: 224.5 | H18: 0 | I18: =G18+H18 -> 224.5 | J18: =IF(L18>0,L18,0) -> 103.87946 | K18: =I18+J18 -> 328.37946 | L18: =F18-(I18-X18) -> 103.87946 | M18: 146.7 | N18: 0 | O18: 0 | P18: =M18-(N18+O18) -> 146.7 | Q18: 179.5 | R18: 77.2 | S18: =SUM(P18:R18) -> 403.4 | T18: =(I18-S18)+T17 -> -679.6 | U18: 161.4 | V18: 69.1 | W18: =W17-V18 -> 3781.38 | X18: =N18+O18+S18+U18+V18 -> 633.9 | Y18: =IF(L18<0,L18*-1,0) -> 0 | Z18: =X18+Y18 -> 633.9 | AA18: 0 | AB18: 83 | AC18: 51 | AD18: =AD17+1 -> 9
A19: =A18+1 -> 10 | B19: 6911.94 | C19: 329802 | D19: =C19-C18 -> -895 | E19: =C19-152000 -> 177802 | F19: =D19/$D$2 -> -451.22259 | G19: 217.9 | H19: 0 | I19: =G19+H19 -> 217.9 | J19: 0 | K19: =I19+J19 -> 217.9 | L19: =F19-(I19-X19) -> -142.12259 | M19: 146.8 | N19: 0 | O19: 0 | P19: =M19-(N19+O19) -> 146.8 | Q19: 179.1 | R19: 74 | S19: =SUM(P19:R19) -> 399.9 | T19: =(I19-S19)+T18 -> -861.6 | U19: 58 | V19: 69.1 | W19: =W18-V19 -> 3712.28 | X19: =N19+O19+S19+U19+V19 -> 527 | Y19: =IF(L19<0,L19*-1,0) -> 142.12259 | Z19: =X19+Y19 -> 669.12259 | AA19: 0 | AB19: 81 | AC19: 53 | AD19: =AD18+1 -> 10
A20: 11 | B20: 6911.81 | C20: 329276 | D20: =C20-C19 -> -526 | E20: =C20-152000 -> 177276 | F20: =D20/$D$2 -> -265.1878 | G20: 220.2 | H20: 0 | I20: =G20+H20 -> 220.2 | J20: =IF(L20>0,L20,0) -> 44.612201 | K20: =I20+J20 -> 264.8122 | L20: =F20-(I20-X20) -> 44.612201 | M20: 146.7 | N20: 0 | O20: 0 | P20: =M20-(N20+O20) -> 146.7 | Q20: 178.5 | R20: 74.2 | S20: =SUM(P20:R20) -> 399.4 | T20: =(I20-S20)+T19 -> -1040.8 | U20: 61.5 | V20: 69.1 | W20: =W19-V20 -> 3643.18 | X20: =N20+O20+S20+U20+V20 -> 530 | Y20: =IF(L20<0,L20*-1,0) -> 0 | Z20: =X20+Y20 -> 530 | AA20: 0.02 | AB20: 78 | AC20: 53 | AD20: 11
A21: 12 | B21: 6911.66 | C21: 328669 | D21: =C21-C20 -> -607 | E21: =C21-152000 -> 176669 | F21: =D21/$D$2 -> -306.0247 | G21: 236.8 | H21: 0 | I21: =G21+H21 -> 236.8 | J21: =IF(L21>0,L21,0) -> 0 | K21: =I21+J21 -> 236.8 | L21: =F21-(I21-X21) -> -45.524704 | M21: 140.9 | N21: 0 | O21: 0 | P21: =M21-(N21+O21) -> 140.9 | Q21: 178.8 | R21: 74.2 | S21: =SUM(P21:R21) -> 393.9 | T21: =(I21-S21)+T20 -> -1197.9 | U21: 34.3 | V21: 69.1 | W21: =W20-V21 -> 3574.08 | X21: =N21+O21+S21+U21+V21 -> 497.3 | Y21: =IF(L21<0,L21*-1,0) -> 45.524704 | Z21: =X21+Y21 -> 542.8247 | AA21: 0 | AB21: 76 | AC21: 56 | AD21: 12
A22: 13 | B22: 6911.53 | C22: 328143 | D22: =C22-C21 -> -526 | E22: =C22-152000 -> 176143 | F22: =D22/$D$2 -> -265.1878 | G22: 246.4 | H22: 0 | I22: =G22+H22 -> 246.4 | J22: =IF(L22>0,L22,0) -> 0 | K22: =I22+J22 -> 246.4 | L22: =F22-(I22-X22) -> -4.7877993 | M22: 138.9 | N22: 0 | O22: 0 | P22: =M22-(N22+O22) -> 138.9 | Q22: 178.7 | R22: 74.7 | S22: =SUM(P22:R22) -> 392.3 | T22: =(I22-S22)+T21 -> -1343.8 | U22: 45.4 | V22: 69.1 | W22: =W21-V22 -> 3504.98 | X22: =N22+O22+S22+U22+V22 -> 506.8 | Y22: =IF(L22<0,L22*-1,0) -> 4.7877993 | Z22: =X22+Y22 -> 511.5878 | AA22: 0 | AB22: 83 | AC22: 52 | AD22: 13
A23: 14 | B23: 6911.36 | C23: 327456 | D23: =C23-C22 -> -687 | E23: =C23-152000 -> 175456 | F23: =D23/$D$2 -> -346.35745 | G23: 223 | H23: 0 | I23: =G23+H23 -> 223 | J23: =IF(L23>0,L23,0) -> 0 | K23: =I23+J23 -> 223 | L23: =F23-(I23-X23) -> -25.257449 | M23: 152.9 | N23: 0 | O23: 0 | P23: =M23-(N23+O23) -> 152.9 | Q23: 179.3 | R23: 74.2 | S23: =SUM(P23:R23) -> 406.4 | T23: =(I23-S23)+T22 -> -1527.2 | U23: 68.6 | V23: 69.1 | W23: =W22-V23 -> 3435.88 | X23: =N23+O23+S23+U23+V23 -> 544.1 | Y23: =IF(L23<0,L23*-1,0) -> 25.257449 | Z23: =X23+Y23 -> 569.35745 | AA23: 0 | AB23: 81 | AC23: 53 | AD23: 14
A24: 15 | B24: 6911.13 | C24: 326525 | D24: =C24-C23 -> -931 | E24: =C24-152000 -> 174525 | F24: =D24/$D$2 -> -469.37232 | G24: 208.5 | H24: 0 | I24: =G24+H24 -> 208.5 | J24: =IF(L24>0,L24,0) -> 0 | K24: =I24+J24 -> 208.5 | L24: =F24-(I24-X24) -> -138.37232 | M24: 157.4 | N24: 0 | O24: 0 | P24: =M24-(N24+O24) -> 157.4 | Q24: 180.6 | R24: 73.5 | S24: =SUM(P24:R24) -> 411.5 | T24: =(I24-S24)+T23 -> -1730.2 | U24: 64 | V24: 64 | W24: =W23-V24 -> 3371.88 | X24: =N24+O24+S24+U24+V24 -> 539.5 | Y24: =IF(L24<0,L24*-1,0) -> 138.37232 | Z24: =X24+Y24 -> 677.87232 | AA24: 0 | AB24: 82 | AC24: 53 | AD24: 15
A25: 16 | B25: 6910.94 | C25: 325759 | D25: =C25-C24 -> -766 | E25: =C25-152000 -> 173759 | F25: =D25/$D$2 -> -386.18603 | G25: 203.2 | H25: 0 | I25: =G25+H25 -> 203.2 | J25: =IF(L25>0,L25,0) -> 0 | K25: =I25+J25 -> 203.2 | L25: =F25-(I25-X25) -> -36.186035 | M25: 157.1 | N25: 0 | O25: 0 | P25: =M25-(N25+O25) -> 157.1 | Q25: 180.1 | R25: 73.8 | S25: =SUM(P25:R25) -> 411 | T25: =(I25-S25)+T24 -> -1938 | U25: 83.2 | V25: 59 | W25: =W24-V25 -> 3312.88 | X25: =N25+O25+S25+U25+V25 -> 553.2 | Y25: =IF(L25<0,L25*-1,0) -> 36.186035 | Z25: =X25+Y25 -> 589.38603 | AA25: 0 | AB25: 84 | AC25: 55 | AD25: 16
A26: 17 | B26: 6910.73 | C26: 324916 | D26: =C26-C25 -> -843 | E26: =C26-152000 -> 172916 | F26: =D26/$D$2 -> -425.0063 | G26: 187.9 | H26: 0 | I26: =G26+H26 -> 187.9 | J26: =IF(L26>0,L26,0) -> 0 | K26: =I26+J26 -> 187.9 | L26: =F26-(I26-X26) -> -71.206302 | M26: 157.2 | N26: 0 | O26: 0 | P26: =M26-(N26+O26) -> 157.2 | Q26: 179.8 | R26: 74.1 | S26: =SUM(P26:R26) -> 411.1 | T26: =(I26-S26)+T25 -> -2161.2 | U26: 71.6 | V26: 59 | W26: =W25-V26 -> 3253.88 | X26: =N26+O26+S26+U26+V26 -> 541.7 | Y26: =IF(L26<0,L26*-1,0) -> 71.206302 | Z26: =X26+Y26 -> 612.9063 | AA26: 0 | AB26: 87 | AC26: 56 | AD26: 17
A27: 18 | B27: 6910.59 | C27: 324354 | D27: =C27-C26 -> -562 | E27: =C27-152000 -> 172354 | F27: =D27/$D$2 -> -283.33753 | G27: 184.5 | H27: 0 | I27: =G27+H27 -> 184.5 | J27: =IF(L27>0,L27,0) -> 66.662465 | K27: =I27+J27 -> 251.16247 | L27: =F27-(I27-X27) -> 66.662465 | M27: 157 | N27: 0 | O27: 0 | P27: =M27-(N27+O27) -> 157 | Q27: 179.8 | R27: 74.2 | S27: =SUM(P27:R27) -> 411 | T27: =(I27-S27)+T26 -> -2387.7 | U27: 64.5 | V27: 59 | W27: =W26-V27 -> 3194.88 | X27: =N27+O27+S27+U27+V27 -> 534.5 | Y27: =IF(L27<0,L27*-1,0) -> 0 | Z27: =X27+Y27 -> 534.5 | AA27: 0.1 | AB27: 85 | AC27: 54 | AD27: 18
A28: 19 | B28: 6910.38 | C28: 323511 | D28: =C28-C27 -> -843 | E28: =C28-152000 -> 171511 | F28: =D28/$D$2 -> -425.0063 | G28: 231 | H28: 0 | I28: =G28+H28 -> 231 | J28: =IF(L28>0,L28,0) -> 0 | K28: =I28+J28 -> 231 | L28: =F28-(I28-X28) -> -121.4063 | M28: 156.7 | N28: 0 | O28: 0 | P28: =M28-(N28+O28) -> 156.7 | Q28: 179.8 | R28: 74.6 | S28: =SUM(P28:R28) -> 411.1 | T28: =(I28-S28)+T27 -> -2567.8 | U28: 64.5 | V28: 59 | W28: =W27-V28 -> 3135.88 | X28: =N28+O28+S28+U28+V28 -> 534.6 | Y28: =IF(L28<0,L28*-1,0) -> 121.4063 | Z28: =X28+Y28 -> 656.0063 | AA28: 0 | AB28: 78 | AC28: 50 | AD28: 19
A29: 20 | B29: 6910.21 | C29: 322829 | D29: =C29-C28 -> -682 | E29: =C29-152000 -> 170829 | F29: =D29/$D$2 -> -343.83665 | G29: 218.1 | H29: 0 | I29: =G29+H29 -> 218.1 | J29: =IF(L29>0,L29,0) -> 0 | K29: =I29+J29 -> 218.1 | L29: =F29-(I29-X29) -> -2.6366524 | M29: 156.3 | N29: 0 | O29: 0 | P29: =M29-(N29+O29) -> 156.3 | Q29: 178.8 | R29: 76.4 | S29: =SUM(P29:R29) -> 411.5 | T29: =(I29-S29)+T28 -> -2761.2 | U29: 88.8 | V29: 59 | W29: =W28-V29 -> 3076.88 | X29: =N29+O29+S29+U29+V29 -> 559.3 | Y29: =IF(L29<0,L29*-1,0) -> 2.6366524 | Z29: =X29+Y29 -> 561.93665 | AA29: 0 | AB29: 85 | AC29: 52 | AD29: 20
A30: 21 | B30: 6909.96 | C30: 321827 | D30: =C30-C29 -> -1002 | E30: =C30-152000 -> 169827 | F30: =D30/$D$2 -> -505.16763 | G30: 195.2 | H30: 0 | I30: =G30+H30 -> 195.2 | J30: =IF(L30>0,L30,0) -> 0 | K30: =I30+J30 -> 195.2 | L30: =F30-(I30-X30) -> -145.16763 | M30: 156.8 | N30: 0 | O30: 0 | P30: =M30-(N30+O30) -> 156.8 | Q30: 178.8 | R30: 76.4 | S30: =SUM(P30:R30) -> 412 | T30: =(I30-S30)+T29 -> -2978 | U30: 84.2 | V30: 59 | W30: =W29-V30 -> 3017.88 | X30: =N30+O30+S30+U30+V30 -> 555.2 | Y30: =IF(L30<0,L30*-1,0) -> 145.16763 | Z30: =X30+Y30 -> 700.36763 | AA30: 0 | AB30: 88 | AC30: 52 | AD30: 21
A31: 22 | B31: 6909.76 | C31: 321031 | D31: =C31-C30 -> -796 | E31: =C31-152000 -> 169031 | F31: =D31/$D$2 -> -401.31081 | G31: 179.4 | H31: 0 | I31: =G31+H31 -> 179.4 | J31: =IF(L31>0,L31,0) -> 0 | K31: =I31+J31 -> 179.4 | L31: =F31-(I31-X31) -> -25.610814 | M31: 157.3 | N31: 0 | O31: 0 | P31: =M31-(N31+O31) -> 157.3 | Q31: 180.4 | R31: 74.3 | S31: =SUM(P31:R31) -> 412 | T31: =(I31-S31)+T30 -> -3210.6 | U31: 88.8 | V31: 54.3 | W31: =W30-V31 -> 2963.58 | X31: =N31+O31+S31+U31+V31 -> 555.1 | Y31: =IF(L31<0,L31*-1,0) -> 25.610814 | Z31: =X31+Y31 -> 580.71081 | AA31: 0 | AB31: 89 | AC31: 55 | AD31: 22
... A40: 31 | B40: 6907.8 | C40: 313272 | D40: =C40-C39 -> -863 | E40: =C40-152000 -> 161272 | F40: =D40/$D$2 -> -435.08949 | G40: 155.9 | H40: 0 | I40: =G40+H40 -> 155.9 | J40: =IF(L40>0,L40,0) -> 0 | K40: =I40+J40 -> 155.9 | L40: =F40-(I40-X40) -> -45.389488 | M40: 158.7 | N40: 0 | O40: 0 | P40: =M40-(N40+O40) -> 158.7 | Q40: 108.4 | R40: 77.6 | S40: =SUM(P40:R40) -> 344.7 | T40: =(I40-S40)+T39 -> -5014.8 | U40: 140.2 | V40: 60.7 | W40: =W39-V40 -> 2444.78 | X40: =N40+O40+S40+U40+V40 -> 545.6 | Y40: =IF(L40<0,L40*-1,0) -> 45.389488 | Z40: =X40+Y40 -> 590.98949 | AA40: 0 | AB40: 82 | AC40: 58 | AD40: 31
M41: \
A42: MONTH / CFS | F42: =SUM(F10:F40) -> -11526.594 | G42: =SUM(G10:G40) -> 6704.3 | H42: =SUM(H10:H40) -> 0 | I42: =SUM(I10:I40) -> 6704.3 | J42: =SUM(J10:J40) -> 361.60028 | K42: =SUM(K10:K40) -> 7065.9003 | L42: =SUM(L10:L40) -> -1246.8944 | M42: =SUM(M10:M40) -> 4689.3 | ... S42: =SUM(S10:S40) -> 12174.5 | U42: =SUM(U10:U40) -> 2861 | V42: =SUM(V10:V40) -> 1948.5 | X42: =SUM(X10:X40) -> 16984 | Y42: =SUM(Y10:Y40) -> 1608.4947 | Z42: =SUM(Z10:Z40) -> 18592.495 | AA42: =SUM(AA10:AA40) -> 0.96 | AB42: =AVERAGE(AB10:AB40) -> 81.967742 | AC42: =AVERAGE(AC10:AC40) -> 53.709677 | AD42: AVG
A43: MONTH / AF | D43: =SUM(D10:D40) -> -22863 | F43: =F42*$D$2 -> -22863 | G43: =G42*$D$2 -> 13297.979 | H43: =H42*$D$2 -> 0 | I43: =I42*$D$2 -> 13297.979 | J43: =J42*$D$2 -> 717.23415 | K43: =K42*$D$2 -> 14015.213 | L43: =L42*$D$2 -> -2473.215 | M43: =M42*$D$2 -> 9301.2265 | ... S43: =S42*$D$2 -> 24148.121 | U43: =U42*$D$2 -> 5674.7935 | V43: =V42*$D$2 -> 3864.8497 | X43: =X42*$D$2 -> 33687.764 | Y43: =Y42*$D$2 -> 3190.4492 | Z43: =Z42*$D$2 -> 36878.213 | AB43: =MAX(AB10:AB40) -> 89 | AC43: =MAX(AC10:AC40) -> 58 | AD43: HI
A45: SEASON / CFS | F45: =F7+F42 -> 34163.852 | G45: =G7+G42 -> 106098 | H45: =H7+H42 -> 4933.7 | I45: =I7+I42 -> 111031.7 | J45: =J7+J42 -> 16101.068 | K45: =K7+K42 -> 127132.77 | L45: =L7+L42 -> 11243.602 | M45: =M7+M42 -> 24771 | ... S45: =S7+S42 -> 56718.43 | T45: =T40 -> -5014.8 | U45: =U7+U42 -> 12524.4 | V45: =V7+V42 -> 18868.62 | W45: =W40 -> 2444.78 | X45: =X7+X42 -> 88111.45 | Y45: =Y7+Y42 -> 4857.466 | Z45: =Z7+Z42 -> 92968.916 | AB45: =MIN(AB10:AB40) -> 70 | AC45: =MIN(AC10:AC40) -> 50 | AD45: LO
A46: SEASON / AF | F46: =F45*$D$2 -> 67764 | G46: =G45*$D$2 -> 210445.38 | H46: =H45*$D$2 -> 9785.994 | I46: =I45*$D$2 -> 220231.38 | J46: =J45*$D$2 -> 31936.468 | K46: =K45*$D$2 -> 252167.84 | L46: =L45*$D$2 -> 22301.684 | M46: =M45*$D$2 -> 49133.279 | ... Z46: =Z45*$D$2 -> 184403.84
A48: YTD / CFS | F48: =F8+F42 -> 37512.982 | G48: =G8+G42 -> 117562.77 | H48: =H8+H42 -> 5008.35 | I48: =I8+I42 -> 122467.92 | J48: =J8+J42 -> 16742.177 | K48: =K8+K42 -> 139210.1 | L48: =L8+L42 -> 11346.522 | M48: =M8+M42 -> 26207.32 | ... S48: =S8+S42 -> 60132.26 | T48: =T45 -> -5014.8 | U48: =U8+U42 -> 12524.4 | V48: =V8+V42 -> 23644.72 | W48: =W40 -> 2444.78 | X48: =X8+X42 -> 96301.46 | Y48: =Y8+Y42 -> 5395.6546 | Z48: =Z8+Z42 -> 101697.11 | AA48: =AA8+AA42 -> 9.34
A49: YTD / AF | D49: =D8+D43 -> 74407 | E49: =E40 -> 161272 | F49: =F48*$D$2 -> 74407 | G49: =G48*$D$2 -> 233185.75 | H49: =H48*$D$2 -> 9934.0622 | I49: =I48*$D$2 -> 242915.12 | J49: =J48*$D$2 -> 33208.108 | K49: =K48*$D$2 -> 276123.23 | L49: =L48*$D$2 -> 22505.827 | M49: =M48*$D$2 -> 51982.219 | ... Z49: =Z48*$D$2 -> 201716.23

Sheet SEP
K1: MC PHEE RESERVOIR IN/OUT FLOW TABULATION
A2: AF/cfs CONVERT FACTOR | D2: 1.9835 | K2: SEPTEMBER "1991"
A4: DATE | B4: RESERV | C4: RESERV | D4: AC FT | E4: ACTIVE | F4: CONV TO | G4: DOLORES | H4: LOST | I4: RECORDED | J4: CALC | K4: TOTAL | L4: CALC | M4: TUNNEL | Q4: LONE | R4: U | S4: TOTAL | T4: MVI | U4: DV CR | V4: BELOW | W4: REMAIN | X4: RECORDED | Y4: CALC | Z4: TOTAL | AA4: RAIN | AB4: MAX | AC4: MIN | AD4: DATE
A5: "SEP" | B5: ELEV | C5: AC FT | D5: CHANGE | E5: CAP | F5: CFS | G5: RIVER | H5: CANYON | I5: INFLOW | J5: INFLOW | K5: INFLOW | L5: INF/OTF | M5: TOT DIV | N5: WETLAND | O5: UTE F&R | P5: MVI,CTZ | Q5: PINE | R5: LAT | S5: MVI | T5: CALL | U5: CANAL | V5: MC PHEE | W5: RELEASE | X5: OUTFLOW | Y5: OUTFLOW | Z5: OUTFLOW | AB5: TMP | AC5: TMP | AD5: "SEP"
A7: SEASON BAL | F7: =AUG!F45 -> 34163.852 | G7: =AUG!G45 -> 106098 | H7: =AUG!H45 -> 4933.7 | I7: =AUG!I45 -> 111031.7 | J7: =AUG!J45 -> 16101.068 | K7: =AUG!K45 -> 127132.77 | L7: =AUG!L45 -> 11243.602 | M7: =AUG!M45 -> 24771 | ... V7: =AUG!V45 -> 18868.62 | X7: =AUG!X45 -> 88111.45 | Y7: =AUG!Y45 -> 4857.466 | Z7: =AUG!Z45 -> 92968.916
A8: YTD | B8: =AUG!B40 -> 6907.8 | C8: =AUG!C40 -> 313272 | D8: =AUG!D49 -> 74407 | E8: =AUG!E49 -> 161272 | F8: =AUG!F48 -> 37512.982 | G8: =AUG!G48 -> 117562.77 | H8: =AUG!H48 -> 5008.35 | I8: =AUG!I48 -> 122467.92 | J8: =AUG!J48 -> 16742.177 | K8: =AUG!K48 -> 139210.1 | L8: =AUG!L48 -> 11346.522 | M8: =AUG!M48 -> 26207.32 | ... AA8: =AUG!AA48 -> 9.34
AB9: 0
A10: 1 | B10: 6907.62 | C10: 312567 | D10: =C10-C8 -> -705 | E10: =C10-151978 -> 160589 | F10: =D10/$D$2 -> -355.43232 | G10: 159.8 | H10: 0 | I10: =G10+H10 -> 159.8 | J10: =IF(L10>0,L10,0) -> 24.867683 | K10: =I10+J10 -> 184.66768 | L10: =F10-(I10-X10) -> 24.867683 | M10: 158.5 | N10: 0 | O10: 0 | P10: =M10-(N10+O10) -> 158.5 | Q10: 108.3 | R10: 77.7 | S10: =SUM(P10:R10) -> 344.5 | T10: =(I10-S10)+T7 -> -5199.5 | U10: 135 | V10: 60.6 | W10: =W8-V10 -> 2384.18 | X10: =N10+O10+S10+U10+V10 -> 540.1 | Y10: =IF(L10<0,L10*-1,0) -> 0 | Z10: =X10+Y10 -> 540.1 | AA10: 0.1 | AB10: 83 | AC10: 48 | AD10: 1
A11: 2 | B11: 6907.35 | C11: 311509 | D11: =C11-C10 -> -1058 | E11: =C11-151978 -> 159531 | F11: =D11/$D$2 -> -533.40055 | G11: 162.4 | H11: 0 | I11: =G11+H11 -> 162.4 | J11: =IF(L11>0,L11,0) -> 0 | K11: =I11+J11 -> 162.4 | L11: =F11-(I11-X11) -> -139.70055 | M11: 158.4 | N11: 0 | O11: 0 | P11: =M11-(N11+O11) -> 158.4 | Q11: 110.9 | R11: 77.1 | S11: =SUM(P11:R11) -> 346.4 | T11: =(I11-S11)+T10 -> -5383.5 | U11: 149 | V11: 60.7 | W11: =W10-V11 -> 2323.48 | X11: =N11+O11+S11+U11+V11 -> 556.1 | Y11: =IF(L11<0,L11*-1,0) -> 139.70055 | Z11: =X11+Y11 -> 695.80055 | AA11: 0 | AB11: 82 | AC11: 51 | AD11: 2
A12: 3 | B12: 6907.12 | C12: 310608 | D12: =C12-C11 -> -901 | E12: =C12-151978 -> 158630 | F12: =D12/$D$2 -> -454.24754 | G12: 152.3 | H12: 0 | I12: =G12+H12 -> 152.3 | J12: =IF(L12>0,L12,0) -> 0 | K12: =I12+J12 -> 152.3 | L12: =F12-(I12-X12) -> -53.147542 | M12: 158.4 | N12: 0 | O12: 0 | P12: =M12-(N12+O12) -> 158.4 | Q12: 112 | R12: 75.3 | S12: =SUM(P12:R12) -> 345.7 | T12: =(I12-S12)+T11 -> -5576.9 | U12: 147 | V12: 60.7 | W12: =W11-V12 -> 2262.78 | X12: =N12+O12+S12+U12+V12 -> 553.4 | Y12: =IF(L12<0,L12*-1,0) -> 53.147542 | Z12: =X12+Y12 -> 606.54754 | AA12: 0 | AB12: 85 | AC12: 50 | AD12: 3
A13: 4 | B13: 6906.97 | C13: 310021 | D13: =C13-C12 -> -587 | E13: =C13-151978 -> 158043 | F13: =D13/$D$2 -> -295.94152 | G13: 148.1 | H13: 0 | I13: =G13+H13 -> 148.1 | J13: =IF(L13>0,L13,0) -> 45.458482 | K13: =I13+J13 -> 193.55848 | L13: =F13-(I13-X13) -> 45.458482 | M13: 157 | N13: 0 | O13: 0 | P13: =M13-(N13+O13) -> 157 | Q13: 112.4 | R13: 75.9 | S13: =SUM(P13:R13) -> 345.3 | T13: =(I13-S13)+T12 -> -5774.1 | U13: 83 | V13: 61.2 | W13: =W12-V13 -> 2201.58 | X13: =N13+O13+S13+U13+V13 -> 489.5 | Y13: =IF(L13<0,L13*-1,0) -> 0 | Z13: =X13+Y13 -> 489.5 | AA13: 0.38 | AB13: 80 | AC13: 57 | AD13: 4
A14: 5 | B14: 6906.83 | C14: 309477 | D14: =C14-C13 -> -544 | E14: =C14-151978 -> 157499 | F14: =D14/$D$2 -> -274.26267 | G14: 198.6 | H14: 0 | I14: =G14+H14 -> 198.6 | J14: =IF(L14>0,L14,0) -> 0 | K14: =I14+J14 -> 198.6 | L14: =F14-(I14-X14) -> -6.462667 | M14: 139.6 | N14: 0 | O14: 0 | P14: =M14-(N14+O14) -> 139.6 | Q14: 108.7 | R14: 73.5 | S14: =SUM(P14:R14) -> 321.8 | T14: =(I14-S14)+T13 -> -5897.3 | U14: 83 | V14: 61.6 | W14: =W13-V14 -> 2139.98 | X14: =N14+O14+S14+U14+V14 -> 466.4 | Y14: =IF(L14<0,L14*-1,0) -> 6.462667 | Z14: =X14+Y14 -> 472.86267 | AA14: 0.6 | AB14: 78 | AC14: 51 | AD14: 5
A15: 6 | B15: 6906.8 | C15: 309361 | D15: =C15-C14 -> -116 | E15: =C15-151978 -> 157383 | F15: =D15/$D$2 -> -58.48248 | G15: 274.1 | H15: 0 | I15: =G15+H15 -> 274.1 | J15: =IF(L15>0,L15,0) -> 98.71752 | K15: =I15+J15 -> 372.81752 | L15: =F15-(I15-X15) -> 98.71752 | M15: 124.5 | N15: 0 | O15: 0 | P15: =M15-(N15+O15) -> 124.5 | Q15: 108.6 | R15: 69.2 | S15: =SUM(P15:R15) -> 302.3 | T15: =(I15-S15)+T14 -> -5925.5 | U15: 72 | V15: 57 | W15: =W14-V15 -> 2082.98 | X15: =N15+O15+S15+U15+V15 -> 431.3 | Y15: =IF(L15<0,L15*-1,0) -> 0 | Z15: =X15+Y15 -> 431.3 | AA15: 0.26 | AB15: 72 | AC15: 51 | AD15: 6
A16: 7 | B16: 6906.95 | C16: 309994 | D16: =C16-C15 -> 633 | E16: =C16-151978 -> 158016 | F16: =D16/$D$2 -> 319.13285 | G16: 565.5 | H16: 0 | I16: =G16+H16 -> 565.5 | J16: =IF(L16>0,L16,0) -> 139.73285 | K16: =I16+J16 -> 705.23285 | L16: =F16-(I16-X16) -> 139.73285 | M16: 102.3 | N16: 0 | O16: 0 | P16: =M16-(N16+O16) -> 102.3 | Q16: 108.6 | R16: 64.8 | S16: =SUM(P16:R16) -> 275.7 | T16: =(I16-S16)+T15 -> -5635.7 | U16: 59 | V16: 51.4 | W16: =W15-V16 -> 2031.58 | X16: =N16+O16+S16+U16+V16 -> 386.1 | Y16: =IF(L16<0,L16*-1,0) -> 0 | Z16: =X16+Y16 -> 386.1 | AA16: 0.16 | AB16: 69 | AC16: 50 | AD16: 7
A17: 8 | B17: 6907.15 | C17: 310726 | D17: =C17-C16 -> 732 | E17: =C17-151978 -> 158748 | F17: =D17/$D$2 -> 369.04462 | G17: 778.2 | H17: 0 | I17: =G17+H17 -> 778.2 | J17: =IF(L17>0,L17,0) -> 0 | K17: =I17+J17 -> 778.2 | L17: =F17-(I17-X17) -> -35.055382 | M17: 93.5 | N17: 0 | O17: 0 | P17: =M17-(N17+O17) -> 93.5 | Q17: 108.6 | R17: 63.5 | S17: =SUM(P17:R17) -> 265.6 | T17: =(I17-S17)+T16 -> -5123.1 | U17: 57 | V17: 51.5 | W17: =W16-V17 -> 1980.08 | X17: =N17+O17+S17+U17+V17 -> 374.1 | Y17: =IF(L17<0,L17*-1,0) -> 35.055382 | Z17: =X17+Y17 -> 409.15538 | AA17: 0 | AB17: 71 | AC17: 50 | AD17: 8
A18: 9 | B18: 6907.17 | C18: 310804 | D18: =C18-C17 -> 78 | E18: =C18-151978 -> 158826 | F18: =D18/$D$2 -> 39.324427 | G18: 450.5 | H18: 0 | I18: =G18+H18 -> 450.5 | J18: =IF(L18>0,L18,0) -> 0 | K18: =I18+J18 -> 450.5 | L18: =F18-(I18-X18) -> -57.175573 | M18: 98.1 | N18: 0 | O18: 0 | P18: =M18-(N18+O18) -> 98.1 | Q18: 68.6 | R18: 60.8 | S18: =SUM(P18:R18) -> 227.5 | T18: =(I18-S18)+T17 -> -4900.1 | U18: 75 | V18: 51.5 | W18: =W17-V18 -> 1928.58 | X18: =N18+O18+S18+U18+V18 -> 354 | Y18: =IF(L18<0,L18*-1,0) -> 57.175573 | Z18: =X18+Y18 -> 411.17557 | AA18: 0.08 | AB18: 76 | AC18: 47 | AD18: 9
A19: 10 | B19: 6907.22 | C19: 311000 | D19: =C19-C18 -> 196 | E19: =C19-151978 -> 159022 | F19: =D19/$D$2 -> 98.815226 | G19: 377.4 | H19: 0.01 | I19: =G19+H19 -> 377.41 | J19: =IF(L19>0,L19,0) -> 30.205226 | K19: =I19+J19 -> 407.61523 | L19: =F19-(I19-X19) -> 30.205226 | M19: 85.2 | N19: 0 | O19: 0 | P19: =M19-(N19+O19) -> 85.2 | Q19: 40.6 | R19: 58.8 | S19: =SUM(P19:R19) -> 184.6 | T19: =(I19-S19)+T18 -> -4707.29 | U19: 73 | V19: 51.2 | W19: =W18-V19 -> 1877.38 | X19: =N19+O19+S19+U19+V19 -> 308.8 | Y19: =IF(L19<0,L19*-1,0) -> 0 | Z19: =X19+Y19 -> 308.8 | AA19: 0.1 | AB19: 70 | AC19: 51 | AD19: 10
A20: 11 | B20: 6907.27 | C20: 311196 | D20: =C20-C19 -> 196 | E20: =C20-151978 -> 159218 | F20: =D20/$D$2 -> 98.815226 | G20: 374.3 | H20: 0 | I20: =G20+H20 -> 374.3 | J20: =IF(L20>0,L20,0) -> 2.9152256 | K20: =I20+J20 -> 377.21523 | L20: =F20-(I20-X20) -> 2.9152256 | M20: 72.1 | N20: 0 | O20: 0 | P20: =M20-(N20+O20) -> 72.1 | Q20: 40.6 | R20: 59.2 | S20: =SUM(P20:R20) -> 171.9 | T20: =(I20-S20)+T19 -> -4504.89 | U20: 54 | V20: 52.5 | W20: =W19-V20 -> 1824.88 | X20: =N20+O20+S20+U20+V20 -> 278.4 | Y20: =IF(L20<0,L20*-1,0) -> 0 | Z20: =X20+Y20 -> 278.4 | AA20: 0.46 | AB20: 69 | AC20: 50 | AD20: 11
A21: 12 | B21: 6907.34 | C21: 311470 | D21: =C21-C20 -> 274 | E21: =C21-151978 -> 159492 | F21: =D21/$D$2 -> 138.13965 | G21: 410.9 | H21: 0 | I21: =G21+H21 -> 410.9 | J21: =IF(L21>0,L21,0) -> 28.239652 | K21: =I21+J21 -> 439.13965 | L21: =F21-(I21-X21) -> 28.239652 | M21: 73.8 | N21: 0 | O21: 0 | P21: =M21-(N21+O21) -> 73.8 | Q21: 40.7 | R21: 54.1 | S21: =SUM(P21:R21) -> 168.6 | T21: =(I21-S21)+T20 -> -4262.59 | U21: 80 | V21: 52.4 | W21: =W20-V21 -> 1772.48 | X21: =N21+O21+S21+U21+V21 -> 301 | Y21: =IF(L21<0,L21*-1,0) -> 0 | Z21: =X21+Y21 -> 301 | AA21: 0 | AB21: 69 | AC21: 49 | AD21: 12
A22: 13 | B22: 6907.35 | C22: 311509 | D22: =C22-C21 -> 39 | E22: =C22-151978 -> 159531 | F22: =D22/$D$2 -> 19.662213 | G22: 358 | H22: 0.01 | I22: =G22+H22 -> 358.01 | J22: =IF(L22>0,L22,0) -> 0 | K22: =I22+J22 -> 358.01 | L22: =F22-(I22-X22) -> -55.247787 | M22: 74.2 | N22: 0 | O22: 0 | P22: =M22-(N22+O22) -> 74.2 | Q22: 40.7 | R22: 50.8 | S22: =SUM(P22:R22) -> 165.7 | T22: =(I22-S22)+T21 -> -4070.28 | U22: 65 | V22: 52.4 | W22: =W21-V22 -> 1720.08 | X22: =N22+O22+S22+U22+V22 -> 283.1 | Y22: =IF(L22<0,L22*-1,0) -> 55.247787 | Z22: =X22+Y22 -> 338.34779 | AA22: 0 | AB22: 66 | AC22: 42 | AD22: 13
... A39: 30 | B39: 6906.04 | C39: 306407 | D39: =C39-C38 -> -466 | E39: =C39-151978 -> 154429 | F39: =D39/$D$2 -> -234.93824 | G39: 159.6 | H39: 0 | I39: =G39+H39 -> 159.6 | J39: =IF(L39>0,L39,0) -> 0 | K39: =I39+J39 -> 159.6 | L39: =F39-(I39-X39) -> -88.53824 | M39: 91 | N39: 0 | O39: 0 | P39: =M39-(N39+O39) -> 91 | Q39: 97 | R39: 40 | S39: =SUM(P39:R39) -> 228 | T39: =(I39-S39)+T38 -> -4174.37 | U39: 45 | V39: 33 | W39: =W38-V39 -> 1043.08 | X39: =N39+O39+S39+U39+V39 -> 306 | Y39: =IF(L39<0,L39*-1,0) -> 88.53824 | Z39: =X39+Y39 -> 394.53824 | AA39: 0 | AB39: 72 | AC39: 44 | AD39: 30
A41: MONTH / CFS | F41: =SUM(F10:F39) -> -3461.0537 | G41: =SUM(G10:G39) -> 7439.5 | H41: =SUM(H10:H39) -> 0.03 | I41: =SUM(I10:I39) -> 7439.53 | J41: =SUM(J10:J39) -> 400.0592 | K41: =SUM(K10:K39) -> 7839.5892 | L41: =SUM(L10:L39) -> -812.78369 | M41: =SUM(M10:M39) -> 2799.2 | ... S41: =SUM(S10:S39) -> 6599.1 | U41: =SUM(U10:U39) -> 2087 | V41: =SUM(V10:V40) -> 1401.7 | X41: =SUM(X10:X39) -> 10087.8 | Y41: =SUM(Y10:Y39) -> 1212.8429 | Z41: =SUM(Z10:Z39) -> 11300.643 | AA41: =SUM(AA10:AA39) -> 2.14 | AB41: =AVERAGE(AB10:AB39) -> 74.533333 | AC41: =AVERAGE(AC10:AC39) -> 45.3 | AD41: AVG
A42: MONTH / AF | D42: =SUM(D10:D40) -> -6865 | F42: =F41*$D$2 -> -6865 | G42: =G41*$D$2 -> 14756.248 | H42: =H41*$D$2 -> 0.059505 | I42: =I41*$D$2 -> 14756.308 | J42: =J41*$D$2 -> 793.51742 | K42: =K41*$D$2 -> 15549.825 | L42: =L41*$D$2 -> -1612.1565 | M42: =M41*$D$2 -> 5552.2132 | ... S42: =S41*$D$2 -> 13089.315 | U42: =U41*$D$2 -> 4139.5645 | V42: =V41*$D$2 -> 2780.2719 | X42: =X41*$D$2 -> 20009.151 | Y42: =Y41*$D$2 -> 2405.6739 | Z42: =Z41*$D$2 -> 22414.825 | AB42: =MAX(AB10:AB39) -> 85 | AC42: =MAX(AC10:AC39) -> 57 | AD42: HI
A44: SEASON / CFS | F44: =F7+F41 -> 30702.798 | G44: =G7+G41 -> 113537.5 | H44: =H7+H41 -> 4933.73 | I44: =I7+I41 -> 118471.23 | J44: =J7+J41 -> 16501.127 | K44: =K7+K41 -> 134972.36 | L44: =L7+L41 -> 10430.818 | M44: =M7+M41 -> 27570.2 | ... S44: =S7+S41 -> 63317.53 | T44: =T39 -> -4174.37 | U44: =U7+U41 -> 14611.4 | V44: =V7+V41 -> 20270.32 | W44: =W39 -> 1043.08 | X44: =X7+X41 -> 98199.25 | Y44: =Y7+Y41 -> 6070.3089 | Z44: =Z7+Z41 -> 104269.56 | AB44: =MIN(AB10:AB39) -> 66 | AC44: =MIN(AC10:AC39) -> 36 | AD44: LO
A45: SEASON / AF | F45: =F44*$D$2 -> 60899 | G45: =G44*$D$2 -> 225201.63 | H45: =H44*$D$2 -> 9786.0535 | I45: =I44*$D$2 -> 234987.68 | J45: =J44*$D$2 -> 32729.985 | K45: =K44*$D$2 -> 267717.67 | L45: =L44*$D$2 -> 20689.528 | M45: =M44*$D$2 -> 54685.492 | ... Z45: =Z44*$D$2 -> 206818.67
A47: YTD / CFS | F47: =F8+F41 -> 34051.928 | G47: =G8+G41 -> 125002.27 | H47: =H8+H41 -> 5008.38 | I47: =I8+I41 -> 129907.45 | J47: =J8+J41 -> 17142.236 | K47: =K8+K41 -> 147049.69 | L47: =L8+L41 -> 10533.738 | M47: =M8+M41 -> 29006.52 | ... S47: =S8+S41 -> 66731.36 | T47: =T44 -> -4174.37 | U47: =U8+U41 -> 14611.4 | V47: =V8+V41 -> 25046.42 | W47: =W39 -> 1043.08 | X47: =X8+X41 -> 106389.26 | Y47: =Y8+Y41 -> 6608.4975 | Z47: =Z8+Z41 -> 112997.76 | AA47: =AA8+AA41 -> 11.48
A48: YTD / AF | D48: =D8+D42 -> 67542 | E48: =E39 -> 154429 | F48: =F47*$D$2 -> 67542 | G48: =G47*$D$2 -> 247942 | H48: =H47*$D$2 -> 9934.1217 | I48: =I47*$D$2 -> 257671.43 | J48: =J47*$D$2 -> 34001.625 | K48: =K47*$D$2 -> 291673.05 | L48: =L47*$D$2 -> 20893.67 | M48: =M47*$D$2 -> 57534.432 | ... Z48: =Z47*$D$2 -> 224131.05

Sheet OCT
K1: MC PHEE RESERVOIR IN/OUT FLOW TABULATION
A2: AF/cfs CONVERT FACTOR | D2: 1.9835 | K2: OCTOBER "1991"
A4: DATE | B4: RESERV | C4: RESERV | D4: AC FT | E4: ACTIVE | F4: CONV TO | G4: DOLORES | H4: LOST | I4: RECORDED | J4: CALC | K4: TOTAL | L4: CALC | M4: TUNNEL | Q4: LONE | R4: U | S4: TOTAL | T4: MVI | U4: DV CR | V4: BELOW | W4: REMAIN | X4: RECORDED | Y4: CALC | Z4: TOTAL | AA4: RAIN | AB4: MAX | AC4: MIN | AD4: DATE
A5: "OCT" | B5: ELEV | C5: AC FT | D5: CHANGE | E5: CAP | F5: CFS | G5: RIVER | H5: CANYON | I5: INFLOW | J5: INFLOW | K5: INFLOW | L5: INF/OTF | M5: TOT DIV | N5: WETLAND | O5: UTE F&R | P5: MVI,CTZ | Q5: PINE | R5: LAT | S5: MVI | T5: CALL | U5: CANAL | V5: MC PHEE | W5: RELEASE | X5: OUTFLOW | Y5: OUTFLOW | Z5: OUTFLOW | AB5: TMP | AC5: TMP | AD5: "OCT"
A7: SEASON BAL | F7: =SEP!F44 -> 30702.798 | G7: =SEP!G44 -> 113537.5 | H7: =SEP!H44 -> 4933.73 | I7: =SEP!I44 -> 118471.23 | J7: =SEP!J44 -> 16501.127 | K7: =SEP!K44 -> 134972.36 | L7: =SEP!L44 -> 10430.818 | M7: =SEP!M44 -> 27570.2 | ... V7: =SEP!V44 -> 20270.32 | X7: =SEP!X44 -> 98199.25 | Y7: =SEP!Y44 -> 6070.3089 | Z7: =SEP!Z44 -> 104269.56
A8: YTD | B8: =SEP!B39 -> 6906.04 | C8: =SEP!C39 -> 306407 | D8: =SEP!D48 -> 67542 | E8: =SEP!E48 -> 154429 | F8: =SEP!F47 -> 34051.928 | G8: =SEP!G47 -> 125002.27 | H8: =SEP!H47 -> 5008.38 | I8: =SEP!I47 -> 129907.45 | J8: =SEP!J47 -> 17142.236 | K8: =SEP!K47 -> 147049.69 | L8: =SEP!L47 -> 10533.738 | M8: =SEP!M47 -> 29006.52 | ... AA8: =SEP!AA47 -> 11.48
A10: 1 | B10: 6905.89 | C10: 305828 | D10: =C10-C8 -> -579 | E10: =C10-152000 -> 153828 | F10: =D10/$D$2 -> -291.90824 | G10: 123.5 | H10: 0 | I10: =G10+H10 -> 123.5 | J10: =IF(L10>0,L10,0) -> 0 | K10: =I10+J10 -> 123.5 | L10: =F10-(I10-X10) -> -119.70824 | M10: 96.5 | N10: 0 | O10: 0 | P10: =M10-(N10+O10) -> 96.5 | Q10: 93.9 | R10: 31.9 | S10: =SUM(P10:R10) -> 222.3 | T10: =(I10-S10)+T7 -> -4273.17 | U10: 40 | V10: 33.4 | W10: =W8-V10 -> 1009.68 | X10: =N10+O10+S10+U10+V10 -> 295.7 | Y10: =IF(L10<0,L10*-1,0) -> 119.70824 | Z10: =X10+Y10 -> 415.40824 | AA10: 0 | AB10: 74 | AC10: 43 | AD10: 1
A11: =A10+1 -> 2 | B11: 6905.76 | C11: 305325 | D11: =C11-C10 -> -503 | E11: =C11-152000 -> 153325 | F11: =D11/$D$2 -> -253.59214 | G11: 115.4 | H11: 0 | I11: =G11+H11 -> 115.4 | J11: =IF(L11>0,L11,0) -> 0 | K11: =I11+J11 -> 115.4 | L11: =F11-(I11-X11) -> -62.992135 | M11: 84.3 | N11: 0 | O11: 0 | P11: =M11-(N11+O11) -> 84.3 | Q11: 113.6 | R11: 31.6 | S11: =SUM(P11:R11) -> 229.5 | T11: =(I11-S11)+T10 -> -4387.27 | U11: 42 | V11: 34.5 | W11: =W10-V11 -> 975.18 | X11: =N11+O11+S11+U11+V11 -> 306 | Y11: =IF(L11<0,L11*-1,0) -> 62.992135 | Z11: =X11+Y11 -> 368.99214 | AA11: 0 | AB11: 73 | AC11: 43 | AD11: =AD10+1 -> 2
A12: =A11+1 -> 3 | B12: 6905.64 | C12: 304864 | D12: =C12-C11 -> -461 | E12: =C12-152000 -> 152864 | F12: =D12/$D$2 -> -232.41744 | G12: 109.1 | H12: 0 | I12: =G12+H12 -> 109.1 | J12: =IF(L12>0,L12,0) -> 0 | K12: =I12+J12 -> 109.1 | L12: =F12-(I12-X12) -> -37.317444 | M12: 71.8 | N12: 0 | O12: 0 | P12: =M12-(N12+O12) -> 71.8 | Q12: 122.5 | R12: 31.2 | S12: =SUM(P12:R12) -> 225.5 | T12: =(I12-S12)+T11 -> -4503.67 | U12: 43 | V12: 35.7 | W12: =W11-V12 -> 939.48 | X12: =N12+O12+S12+U12+V12 -> 304.2 | Y12: =IF(L12<0,L12*-1,0) -> 37.317444 | Z12: =X12+Y12 -> 341.51744 | AA12: 0 | AB12: 73 | AC12: 36 | AD12: =AD11+1 -> 3
A13: =A12+1 -> 4 | B13: 6905.47 | C13: 304209 | D13: =C13-C12 -> -655 | E13: =C13-152000 -> 152209 | F13: =D13/$D$2 -> -330.22435 | G13: 103.3 | H13: 0 | I13: =G13+H13 -> 103.3 | J13: =IF(L13>0,L13,0) -> 0 | K13: =I13+J13 -> 103.3 | L13: =F13-(I13-X13) -> -120.32435 | M13: 70.4 | N13: 0 | O13: 0 | P13: =M13-(N13+O13) -> 70.4 | Q13: 128.7 | R13: 32.4 | S13: =SUM(P13:R13) -> 231.5 | T13: =(I13-S13)+T12 -> -4631.87 | U13: 46 | V13: 35.7 | W13: =W12-V13 -> 903.78 | X13: =N13+O13+S13+U13+V13 -> 313.2 | Y13: =IF(L13<0,L13*-1,0) -> 120.32435 | Z13: =X13+Y13 -> 433.52435 | AA13: 0 | AB13: 68 | AC13: 29 | AD13: =AD12+1 -> 4
A14: =A13+1 -> 5 | B14: 6905.34 | C14: 303706 | D14: =C14-C13 -> -503 | E14: =C14-152000 -> 151706 | F14: =D14/$D$2 -> -253.59214 | G14: 101.9 | H14: 0 | I14: =G14+H14 -> 101.9 | J14: =IF(L14>0,L14,0) -> 0 | K14: =I14+J14 -> 101.9 | L14: =F14-(I14-X14) -> -46.292135 | M14: 68.8 | N14: 0 | O14: 0 | P14: =M14-(N14+O14) -> 68.8 | Q14: 133.6 | R14: 33 | S14: =SUM(P14:R14) -> 235.4 | T14: =(I14-S14)+T13 -> -4765.37 | U14: 38 | V14: 35.8 | W14: =W13-V14 -> 867.98 | X14: =N14+O14+S14+U14+V14 -> 309.2 | Y14: =IF(L14<0,L14*-1,0) -> 46.292135 | Z14: =X14+Y14 -> 355.49214 | AA14: 0 | AB14: 69 | AC14: 27 | AD14: =AD13+1 -> 5
A15: =A14+1 -> 6 | B15: 6905.19 | C15: 303128 | D15: =C15-C14 -> -578 | E15: =C15-152000 -> 151128 | F15: =D15/$D$2 -> -291.40408 | G15: 98 | H15: 0 | I15: =G15+H15 -> 98 | J15: =IF(L15>0,L15,0) -> 0 | K15: =I15+J15 -> 98 | L15: =F15-(I15-X15) -> -75.704084 | M15: 68.8 | N15: 0 | O15: 0 | P15: =M15-(N15+O15) -> 68.8 | Q15: 140 | R15: 34.2 | S15: =SUM(P15:R15) -> 243 | T15: =(I15-S15)+T14 -> -4910.37 | U15: 35 | V15: 35.7 | W15: =W14-V15 -> 832.28 | X15: =N15+O15+S15+U15+V15 -> 313.7 | Y15: =IF(L15<0,L15*-1,0) -> 75.704084 | Z15: =X15+Y15 -> 389.40408 | AA15: 0 | AB15: 71 | AC15: 29 | AD15: =AD14+1 -> 6
A16: =A15+1 -> 7 | B16: 6905.04 | C16: 302550 | D16: =C16-C15 -> -578 | E16: =C16-152000 -> 150550 | F16: =D16/$D$2 -> -291.40408 | G16: 95 | H16: 0 | I16: =G16+H16 -> 95 | J16: =IF(L16>0,L16,0) -> 0 | K16: =I16+J16 -> 95 | L16: =F16-(I16-X16) -> -70.304084 | M16: 69.6 | N16: 0 | O16: 0 | P16: =M16-(N16+O16) -> 69.6 | Q16: 145 | R16: 34.8 | S16: =SUM(P16:R16) -> 249.4 | T16: =(I16-S16)+T15 -> -5064.77 | U16: 31 | V16: 35.7 | W16: =W15-V16 -> 796.58 | X16: =N16+O16+S16+U16+V16 -> 316.1 | Y16: =IF(L16<0,L16*-1,0) -> 70.304084 | Z16: =X16+Y16 -> 386.40408 | AA16: 0 | AB16: 74 | AC16: 37 | AD16: =AD15+1 -> 7
A17: =A16+1 -> 8 | B17: 6904.89 | C17: 301976 | D17: =C17-C16 -> -574 | E17: =C17-152000 -> 149976 | F17: =D17/$D$2 -> -289.38745 | G17: 91.7 | H17: 0 | I17: =G17+H17 -> 91.7 | J17: =IF(L17>0,L17,0) -> 0 | K17: =I17+J17 -> 91.7 | L17: =F17-(I17-X17) -> -49.087446 | M17: 69.6 | N17: 0 | O17: 0 | P17: =M17-(N17+O17) -> 69.6 | Q17: 150.5 | R17: 34.2 | S17: =SUM(P17:R17) -> 254.3 | T17: =(I17-S17)+T16 -> -5227.37 | U17: 42 | V17: 35.7 | W17: =W16-V17 -> 760.88 | X17: =N17+O17+S17+U17+V17 -> 332 | Y17: =IF(L17<0,L17*-1,0) -> 49.087446 | Z17: =X17+Y17 -> 381.08745 | AA17: 0 | AB17: 73 | AC17: 37 | AD17: =AD16+1 -> 8
A18: =A17+1 -> 9 | B18: 6904.74 | C18: 301402 | D18: =C18-C17 -> -574 | E18: =C18-152000 -> 149402 | F18: =D18/$D$2 -> -289.38745 | G18: 89.1 | H18: 0 | I18: =G18+H18 -> 89.1 | J18: =IF(L18>0,L18,0) -> 0 | K18: =I18+J18 -> 89.1 | L18: =F18-(I18-X18) -> -54.887446 | M18: 70.9 | N18: 0 | O18: 0 | P18: =M18-(N18+O18) -> 70.9 | Q18: 150.2 | R18: 34.8 | S18: =SUM(P18:R18) -> 255.9 | T18: =(I18-S18)+T17 -> -5394.17 | U18: 32 | V18: 35.7 | W18: =W17-V18 -> 725.18 | X18: =N18+O18+S18+U18+V18 -> 323.6 | Y18: =IF(L18<0,L18*-1,0) -> 54.887446 | Z18: =X18+Y18 -> 378.48745 | AA18: 0 | AB18: 77 | AC18: 41 | AD18: =AD17+1 -> 9
A19: =A18+1 -> 10 | B19: 6904.59 | C19: 300827 | D19: =C19-C18 -> -575 | E19: =C19-152000 -> 148827 | F19: =D19/$D$2 -> -289.89161 | G19: 88.6 | H19: 0 | I19: =G19+H19 -> 88.6 | J19: =IF(L19>0,L19,0) -> 0 | K19: =I19+J19 -> 88.6 | L19: =F19-(I19-X19) -> -43.891606 | M19: 74.8 | N19: 0 | O19: 0 | P19: =M19-(N19+O19) -> 74.8 | Q19: 150.4 | R19: 34.7 | S19: =SUM(P19:R19) -> 259.9 | T19: =(I19-S19)+T18 -> -5565.47 | U19: 39 | V19: 35.7 | W19: =W18-V19 -> 689.48 | X19: =N19+O19+S19+U19+V19 -> 334.6 | Y19: =IF(L19<0,L19*-1,0) -> 43.891606 | Z19: =X19+Y19 -> 378.49161 | AA19: 0 | AB19: 77 | AC19: 38 | AD19: =AD18+1 -> 10
A20: =A19+1 -> 11 | B20: 6904.44 | C20: 300254 | D20: =C20-C19 -> -573 | E20: =C20-152000 -> 148254 | F20: =D20/$D$2 -> -288.88329 | G20: 83.6 | H20: 0 | I20: =G20+H20 -> 83.6 | J20: =IF(L20>0,L20,0) -> 0 | K20: =I20+J20 -> 83.6 | L20: =F20-(I20-X20) -> -40.483287 | M20: 75.8 | N20: 0 | O20: 0 | P20: =M20-(N20+O20) -> 75.8 | Q20: 149.8 | R20: 34.7 | S20: =SUM(P20:R20) -> 260.3 | T20: =(I20-S20)+T19 -> -5742.17 | U20: 36 | V20: 35.7 | W20: =W19-V20 -> 653.78 | X20: =N20+O20+S20+U20+V20 -> 332 | Y20: =IF(L20<0,L20*-1,0) -> 40.483287 | Z20: =X20+Y20 -> 372.48329 | AA20: 0 | AB20: 76 | AC20: 43 | AD20: =AD19+1 -> 11
A21: =A20+1 -> 12 | B21: 6904.29 | C21: 299680 | D21: =C21-C20 -> -574 | E21: =C21-152000 -> 147680 | F21: =D21/$D$2 -> -289.38745 | G21: 83.9 | H21: 0 | I21: =G21+H21 -> 83.9 | J21: =IF(L21>0,L21,0) -> 0 | K21: =I21+J21 -> 83.9 | L21: =F21-(I21-X21) -> -46.687446 | M21: 74.4 | N21: 0 | O21: 0 | P21: =M21-(N21+O21) -> 74.4 | Q21: 149.9 | R21: 34.6 | S21: =SUM(P21:R21) -> 258.9 | T21: =(I21-S21)+T20 -> -5917.17 | U21: 32 | V21: 35.7 | W21: =W20-V21 -> 618.08 | X21: =N21+O21+S21+U21+V21 -> 326.6 | Y21: =IF(L21<0,L21*-1,0) -> 46.687446 | Z21: =X21+Y21 -> 373.28745 | AA21: 0 | AB21: 74 | AC21: 43 | AD21: =AD20+1 -> 12
A22: =A21+1 -> 13 | B22: 6904.13 | C22: 299068 | D22: =C22-C21 -> -612 | E22: =C22-152000 -> 147068 | F22: =D22/$D$2 -> -308.5455 | G22: 81.3 | H22: 0 | I22: =G22+H22 -> 81.3 | J22: =IF(L22>0,L22,0) -> 0 | K22: =I22+J22 -> 81.3 | L22: =F22-(I22-X22) -> -68.7455 | M22: 74.4 | N22: 0 | O22: 0 | P22: =M22-(N22+O22) -> 74.4 | Q22: 149.7 | R22: 34.3 | S22: =SUM(P22:R22) -> 258.4 | T22: =(I22-S22)+T21 -> -6094.27 | U22: 27 | V22: 35.7 | W22: =W21-V22 -> 582.38 | X22: =N22+O22+S22+U22+V22 -> 321.1 | Y22: =IF(L22<0,L22*-1,0) -> 68.7455 | Z22: =X22+Y22 -> 389.8455 | AA22: 0 | AB22: 71 | AC22: 40 | AD22: =AD21+1 -> 13
... A33: =A32+1 -> 24 | B33: 6903.08 | C33: 295081 | D33: =C33-C32 -> -37 | E33: =C33-152000 -> 143081 | F33: =D33/$D$2 -> -18.653895 | G33: 82.1 | H33: 0 | I33: =G33+H33 -> 82.1 | J33: =IF(L33>0,L33,0) -> 2.9461054 | K33: =I33+J33 -> 85.046105 | L33: =F33-(I33-X33) -> 2.9461054 | M33: 45.3 | N33: 0 | O33: 0 | P33: =M33-(N33+O33) -> 45.3 | Q33: 0 | R33: 18.2 | S33: =SUM(P33:R33) -> 63.5 | T33: =(I33-S33)+T32 -> -7151.17 | U33: 8.1 | V33: 32.1 | W33: =W32-V33 -> 195.28 | X33: =N33+O33+S33+U33+V33 -> 103.7 | Y33: =IF(L33<0,L33*-1,0) -> 0 | Z33: =X33+Y33 -> 103.7 | AA33: 0 | AB33: 52 | AC33: 38 | AD33: =AD32+1 -> 24
A34: 25 | B34: 6903.06 | C34: 295005 | D34: =C34-C33 -> -76 | E34: =C34-152000 -> 143005 | F34: =D34/$D$2 -> -38.316108 | G34: 90.2 | H34: 0 | I34: =G34+H34 -> 90.2 | J34: =IF(L34>0,L34,0) -> 0 | K34: =I34+J34 -> 90.2 | L34: =F34-(I34-X34) -> -33.816108 | M34: 44.7 | N34: 0 | O34: 0 | P34: =M34-(N34+O34) -> 44.7 | Q34: 0 | R34: 19.5 | S34: =SUM(P34:R34) -> 64.2 | T34: =(I34-S34)+T33 -> -7125.17 | U34: 0 | V34: 30.5 | W34: =W33-V34 -> 164.78 | X34: =N34+O34+S34+U34+V34 -> 94.7 | Y34: =IF(L34<0,L34*-1,0) -> 33.816108 | Z34: =X34+Y34 -> 128.51611 | AA34: 0 | AB34: 62 | AC34: 36 | AD34: 25
A35: 26 | B35: 6903.06 | C35: 295005 | D35: =C35-C34 -> 0 | E35: =C35-152000 -> 143005 | F35: =D35/$D$2 -> 0 | G35: 86.4 | H35: 0 | I35: =G35+H35 -> 86.4 | J35: =IF(L35>0,L35,0) -> 7.9 | K35: =I35+J35 -> 94.3 | L35: =F35-(I35-X35) -> 7.9 | M35: 44.6 | N35: 0 | O35: 0 | P35: =M35-(N35+O35) -> 44.6 | Q35: 0 | R35: 19.2 | S35: =SUM(P35:R35) -> 63.8 | T35: =(I35-S35)+T34 -> -7102.57 | U35: 0 | V35: 30.5 | W35: =W34-V35 -> 134.28 | X35: =N35+O35+S35+U35+V35 -> 94.3 | Y35: =IF(L35<0,L35*-1,0) -> 0 | Z35: =X35+Y35 -> 94.3 | AA35: 0 | AB35: 51 | AC35: 36 | AD35: 26
A36: 27 | B36: 6903.06 | C36: 295005 | D36: =C36-C35 -> 0 | E36: =C36-152000 -> 143005 | F36: =D36/$D$2 -> 0 | G36: 82.9 | H36: 0 | I36: =G36+H36 -> 82.9 | J36: =IF(L36>0,L36,0) -> 10.9 | K36: =I36+J36 -> 93.8 | L36: =F36-(I36-X36) -> 10.9 | M36: 44.6 | N36: 0 | O36: 0 | P36: =M36-(N36+O36) -> 44.6 | Q36: 0 | R36: 18.6 | S36: =SUM(P36:R36) -> 63.2 | T36: =(I36-S36)+T35 -> -7082.87 | U36: 0 | V36: 30.6 | W36: =W35-V36 -> 103.68 | X36: =N36+O36+S36+U36+V36 -> 93.8 | Y36: =IF(L36<0,L36*-1,0) -> 0 | Z36: =X36+Y36 -> 93.8 | AA36: 0.77 | AB36: 43 | AC36: 35 | AD36: 27
A37: 28 | B37: 6903.04 | C37: 294929 | D37: =C37-C36 -> -76 | E37: =C37-152000 -> 142929 | F37: =D37/$D$2 -> -38.316108 | G37: 99.9 | H37: 0 | I37: =G37+H37 -> 99.9 | J37: =IF(L37>0,L37,0) -> 0 | K37: =I37+J37 -> 99.9 | L37: =F37-(I37-X37) -> -45.916108 | M37: 43.3 | N37: 0 | O37: 0 | P37: =M37-(N37+O37) -> 43.3 | Q37: 0 | R37: 18.5 | S37: =SUM(P37:R37) -> 61.8 | T37: =(I37-S37)+T36 -> -7044.77 | U37: 0 | V37: 30.5 | W37: =W36-V37 -> 73.18 | X37: =N37+O37+S37+U37+V37 -> 92.3 | Y37: =IF(L37<0,L37*-1,0) -> 45.916108 | Z37: =X37+Y37 -> 138.21611 | AA37: 0 | AB37: 29 | AC37: 28 | AD37: 28
A38: 29 | B38: 6903.04 | C38: 294929 | D38: =C38-C37 -> 0 | E38: =C38-152000 -> 142929 | F38: =D38/$D$2 -> 0 | G38: 80.3 | H38: 0 | I38: =G38+H38 -> 80.3 | J38: =IF(L38>0,L38,0) -> 6.6 | K38: =I38+J38 -> 86.9 | L38: =F38-(I38-X38) -> 6.6 | M38: 38.1 | N38: 0 | O38: 0 | P38: =M38-(N38+O38) -> 38.1 | Q38: 0 | R38: 18.3 | S38: =SUM(P38:R38) -> 56.4 | T38: =(I38-S38)+T37 -> -7020.87 | U38: 0 | V38: 30.5 | W38: =W37-V38 -> 42.68 | X38: =N38+O38+S38+U38+V38 -> 86.9 | Y38: =IF(L38<0,L38*-1,0) -> 0 | Z38: =X38+Y38 -> 86.9 | AA38: 0.39 | AB38: 30 | AC38: 14 | AD38: 29
A39: 30 | B39: 6903.03 | C39: 294890 | D39: =C39-C38 -> -39 | E39: =C39-152000 -> 142890 | F39: =D39/$D$2 -> -19.662213 | G39: 72 | H39: 0 | I39: =G39+H39 -> 72 | J39: =IF(L39>0,L39,0) -> 0 | K39: =I39+J39 -> 72 | L39: =F39-(I39-X39) -> -5.7622133 | M39: 37.3 | N39: 0 | O39: 0 | P39: =M39-(N39+O39) -> 37.3 | Q39: 0 | R39: 18.1 | S39: =SUM(P39:R39) -> 55.4 | T39: =(I39-S39)+T38 -> -7004.27 | U39: 0 | V39: 30.5 | W39: =W38-V39 -> 12.18 | X39: =N39+O39+S39+U39+V39 -> 85.9 | Y39: =IF(L39<0,L39*-1,0) -> 5.7622133 | Z39: =X39+Y39 -> 91.662213 | AA39: 0 | AB39: 34 | AC39: 21 | AD39: 30
A40: 31 | B40: 6903.02 | C40: 294853 | D40: =C40-C39 -> -37 | E40: =C40-152000 -> 142853 | F40: =D40/$D$2 -> -18.653895 | G40: 74.3 | H40: 0 | I40: =G40+H40 -> 74.3 | J40: =IF(L40>0,L40,0) -> 0 | K40: =I40+J40 -> 74.3 | L40: =F40-(I40-X40) -> -5.1538946 | M40: 37.3 | N40: 0 | O40: 0 | P40: =M40-(N40+O40) -> 37.3 | Q40: 0 | R40: 17.8 | S40: =SUM(P40:R40) -> 55.1 | T40: =(I40-S40)+T39 -> -6985.07 | U40: 0 | V40: 32.7 | W40: =W39-V40 -> -20.52 | X40: =N40+O40+S40+U40+V40 -> 87.8 | Y40: =IF(L40<0,L40*-1,0) -> 5.1538946 | Z40: =X40+Y40 -> 92.953895 | AA40: 0 | AB40: 32 | AC40: 15 | AD40: 31
H41: 0 | M41: 0 | R41: 0 | V41: 0
A42: MONTH / CFS | F42: =SUM(F10:F40) -> -5825.0567 | G42: =SUM(G10:G40) -> 2668.3 | H42: =SUM(H10:H40) -> 0 | I42: =SUM(I10:I40) -> 2668.3 | J42: =SUM(J10:J40) -> 51.151676 | K42: =SUM(K10:K40) -> 2719.4517 | L42: =SUM(L10:L40) -> -1196.6567 | M42: =SUM(M10:M40) -> 1924.7 | ... S42: =SUM(S10:S40) -> 5479 | U42: =SUM(U10:U40) -> 754.1 | V42: =SUM(V10:V40) -> 1063.6 | X42: =SUM(X10:X40) -> 7296.7 | Y42: =SUM(Y10:Y40) -> 1247.8084 | Z42: =SUM(Z10:Z40) -> 8544.5084 | AA42: =SUM(AA10:AA40) -> 1.22 | AB42: =AVERAGE(AB10:AB40) -> 63.741935 | AC42: =AVERAGE(AC10:AC41) -> 35.16129 | AD42: AVG
A43: MONTH / AF | D43: =SUM(D10:D40) -> -11554 | F43: =F42*$D$2 -> -11554 | G43: =G42*$D$2 -> 5292.573 | H43: =H42*$D$2 -> 0 | I43: =I42*$D$2 -> 5292.573 | J43: =J42*$D$2 -> 101.45935 | K43: =K42*$D$2 -> 5394.0324 | L43: =L42*$D$2 -> -2373.5686 | M43: =M42*$D$2 -> 3817.6424 | ... S43: =S42*$D$2 -> 10867.596 | U43: =U42*$D$2 -> 1495.7574 | V43: =V42*$D$2 -> 2109.6506 | X43: =X42*$D$2 -> 14473.004 | Y43: =Y42*$D$2 -> 2475.028 | Z43: =Z42*$D$2 -> 16948.032 | AB43: =MAX(AB10:AB40) -> 80 | AC43: =MAX(AC10:AC41) -> 43 | AD43: HI
A45: SEASON / CFS | F45: =F7+F42 -> 24877.741 | G45: =G7+G42 -> 116205.8 | H45: =H7+H42 -> 4933.73 | I45: =I7+I42 -> 121139.53 | J45: =J7+J42 -> 16552.279 | K45: =K7+K42 -> 137691.81 | L45: =L7+L42 -> 9234.1614 | M45: =M7+M42 -> 29494.9 | ... S45: =S7+S42 -> 68796.53 | T45: =T40 -> -6985.07 | U45: =U7+U42 -> 15365.5 | V45: =V7+V42 -> 21333.92 | W45: =W40 -> -20.52 | X45: =X7+X42 -> 105495.95 | Y45: =Y7+Y42 -> 7318.1173 | Z45: =Z7+Z42 -> 112814.07 | AB45: =MIN(AB10:AB40) -> 29 | AC45: =MIN(AC10:AC41) -> 14 | AD45: LO
A46: SEASON / AF | F46: =F45*$D$2 -> 49345 | G46: =G45*$D$2 -> 230494.2 | H46: =H45*$D$2 -> 9786.0535 | I46: =I45*$D$2 -> 240280.26 | J46: =J45*$D$2 -> 32831.445 | K46: =K45*$D$2 -> 273111.7 | L46: =L45*$D$2 -> 18315.959 | M46: =M45*$D$2 -> 58503.134 | ... Z46: =Z45*$D$2 -> 223766.7
A48: YTD / CFS | F48: =F8+F42 -> 28226.872 | G48: =G8+G42 -> 127670.57 | H48: =H8+H42 -> 5008.38 | I48: =I8+I42 -> 132575.75 | J48: =J8+J42 -> 17193.388 | K48: =K8+K42 -> 149769.14 | L48: =L8+L42 -> 9337.0817 | M48: =M8+M42 -> 30931.22 | ... S48: =S8+S42 -> 72210.36 | T48: =T45 -> -6985.07 | U48: =U8+U42 -> 15365.5 | V48: =V8+V42 -> 26110.02 | W48: =W40 -> -20.52 | X48: =X8+X42 -> 113685.96 | Y48: =Y8+Y42 -> 7856.3059 | Z48: =Z8+Z42 -> 121542.27 | AA48: =AA8+AA42 -> 12.7
A49: YTD / AF | D49: =D8+D43 -> 55988 | E49: =E40 -> 142853 | F49: =F48*$D$2 -> 55988 | G49: =G48*$D$2 -> 253234.58 | H49: =H48*$D$2 -> 9934.1217 | I49: =I48*$D$2 -> 262964 | J49: =J48*$D$2 -> 34103.084 | K49: =K48*$D$2 -> 297067.08 | L49: =L48*$D$2 -> 18520.102 | M49: =M48*$D$2 -> 61352.075 | ... Z49: =Z48*$D$2 -> 241079.08
