Workbook

Sheet NOV
K1: MCPHEE RESERVOIR INFLOW/OUTFLOW TABULATION
A2: AF/cfs CONVERT FACTOR | D2: 1.9835 | L2: NOVEMBER "2009"
D4: RESERVOIR | W4: INFLOW/OUTFLOW (CFS) | AO4: ADJUSTMENTS | AV4: WEATHER
A5: DATE | B5: RESERV | C5: RESERV | D5: AC FT | E5: ACTIVE | F5: CONV TO | G5: DOLORES | H5: LOST | I5: RECORD | J5: CALC | K5: TOTAL | L5: CALC | M5: DOLORES TUNNEL | U5: LONE | V5: U | W5: TOTAL | X5: TOTAL | Y5: MVI | Z5: MVI | AA5: MVI | AB5: TO EX & | AC5: MVI | AD5: DV CR | AE5: D/S SENIOR | AG5: BELOW | AH5: FISH | AI5: SPILL | AJ5: RECORD | AK5: CALC | AL5: TOTAL | AM5: NAR | AN5: MVI | AO5: MVI | AP5: MVI | AQ5: DIST. | AR5: U/S | AS5: TOTTEN | AT5: UTES | AU5: RAIN | AV5: MAX | AW5: MIN | AY5: TOTAL
A6: NOV | B6: ELEV | D6: CHANGE | E6: CAP | F6: CFS | G6: RIVER | H6: CAN | I6: INFLOW | J6: INFLOW | K6: INFLOW | L6: INF/OTF | M6: TOT DIV | N6: WET | O6: UTE | P6: QUEST | Q6: MWC | R6: CTZ | S6: CTZ & | T6: F-BAY | U6: PINE | V6: LAT | W6: MVI | X6: MVI | Y6: CALL | Z6: CALL | AA6: APR- | AB6: U/S EX | AC6: PROJ | AD6: CANAL | AE6: MVIC | AF6: PROJ | AG6: MCP | AH6: LEFT | AJ6: OTF | AK6: OTF | AL6: OTF | AM6: FILL | AN6: STOCK | AO6: STORED | AP6: STORED | AQ6: CLASS | AR6: USERS | AS6: (FRESH | AT6: FROM | AV6: TMP | AW6: TMP | AY6: TUNNEL
N7: LAND | O7: F&R | S7: UTE | T7: SPILL | W7: WATER | X7: IRRIG. | Y7: STOR | Z7: SPILLED | AA7: JUNE | AE7: 1.7 | AF7: 1.3 | AH7: 31798 | AO7: Apr - Jun | AP7: EVAP | AQ7: "B" | AR7: EXCH | AS7: WATER) | AT7: DWCD | AY7: Misc.
W8: USED | X8: WATER | Z8: OR | AA8: (DIV+
X9: USED | Z9: USED | AA9: CALL)
C10: AC. Ft. | E10: AC FT | G10: CFS | H10: CFS | I10: CFS | J10: CFS | K10: CFS | L10: CFS | M10: CFS | N10: CFS | O10: CFS | P10: CFS | Q10: CFS | R10: CFS | S10: PROJ | T10: CFS | U10: CFS | V10: CFS | W10: 153400 | X10: 150400 | AA10: 72000 | AB10: CFS | AC10: CFS | AD10: CFS | AE10: CFS | AF10: CFS | AG10: CFS | AH10: CFS | AI10: CFS | AJ10: CFS | AK10: CFS | AL10: CFS | AM10: AC FT | AN10: CFS | AO10: CFS | AP10: AC.FT. | AQ10: CFS | AR10: CFS | AS10: CFS | AT10: CFS | AY10: Outflow
N11: 1.03 | O11: 1.05 | P11: 1.02 | Q11: 1.02 | R11: 1.04 | S11: CFS | W11: CFS | X11: CFS | Y11: CFS | Z11: CFS | AA11: Ac. Ft. | AY11: CFS
A12: SEASON BAL
A13: YTD | B13: 6893.25 | C13: 259343 | AH13: 4595 | AN13: 0
A15: 1 | B15: 6893.22 | C15: 259239 | D15: =C15-C13 -> -104 | E15: =C15-152000 -> 107239 | F15: =D15/$D$2 -> -52.432569 | G15: 55 | H15: 0 | I15: =G15+H15 -> 55 | J15: =IF(L15>0,L15,0) -> 0 | K15: =I15+J15 -> 55 | L15: =F15-(I15-AJ15) -> -17.232569 | M15: 5.2 | N15: 0 | O15: 0 | P15: 0 | Q15: =1.842*1.02 -> 1.87884 | R15: 2.55 | T15: =M15-(Q15+R15+S15) -> 0.77116 | U15: 46 | V15: 11 | W15: =M15-N15-P15-O15-Q15-R15-S15-T15+U15+V15 -> 57 | X15: =W15-AN15 -> 46 | AD15: 0 | AG15: 28 | AH15: =AH13-AG15 -> 4567 | AJ15: =N15+O15+P15+Q15+R15+S15+T15+W15+AD15+AG15 -> 90.2 | AK15: =IF(L15<0,L15*-1,0) -> 17.232569 | AL15: =AJ15+AK15 -> 107.43257 | AM15: =U15*1.9835 -> 91.241 | AN15: =V15 -> 11 | AT15: 0 | AU15: 0 | AV15: 61 | AW15: 28 | AY15: =SUM(N15,P15:T15) -> 5.2
A16: =A15+1 -> 2 | B16: 6893.19 | C16: 259134 | D16: =C16-C15 -> -105 | E16: =C16-152000 -> 107134 | F16: =D16/$D$2 -> -52.936728 | G16: 57 | H16: 0 | I16: =G16+H16 -> 57 | J16: =IF(L16>0,L16,0) -> 0 | K16: =I16+J16 -> 57 | L16: =F16-(I16-AJ16) -> -27.236728 | M16: 4.7 | N16: 0 | O16: 0 | P16: 0 | Q16: =1.842*1.02 -> 1.87884 | R16: 2.06 | T16: =M16-(Q16+R16+S16) -> 0.76116 | U16: 38 | V16: 12 | W16: =M16-N16-P16-O16-Q16-R16-S16-T16+U16+V16 -> 50 | X16: =W16-AN16 -> 38 | AD16: 0 | AG16: 28 | AH16: =AH15-AG16 -> 4539 | AJ16: =N16+O16+P16+Q16+R16+S16+T16+W16+AD16+AG16 -> 82.7 | AK16: =IF(L16<0,L16*-1,0) -> 27.236728 | AL16: =AJ16+AK16 -> 109.93673 | AM16: =AM15+(U16*1.9835) -> 166.614 | AN16: =V16 -> 12 | AT16: 0 | AU16: 0 | AV16: 64 | AW16: 34 | AY16: =SUM(N16,P16:T16) -> 4.7
A17: =A16+1 -> 3 | B17: 6893.15 | C17: 258994 | D17: =C17-C16 -> -140 | E17: =C17-152000 -> 106994 | F17: =D17/$D$2 -> -70.582304 | G17: 52 | H17: 0 | I17: =G17+H17 -> 52 | J17: =IF(L17>0,L17,0) -> 0 | K17: =I17+J17 -> 52 | L17: =F17-(I17-AJ17) -> -43.382304 | M17: 4.2 | N17: 0 | O17: 0 | P17: 0 | Q17: =1.842*1.02 -> 1.87884 | R17: 2.2 | T17: =M17-(Q17+R17+S17) -> 0.12116 | U17: 36 | V17: 12 | W17: =M17-N17-P17-O17-Q17-R17-S17-T17+U17+V17 -> 48 | X17: =W17-AN17 -> 36 | AD17: 0 | AG17: 27 | AH17: =AH16-AG17 -> 4512 | AJ17: =N17+O17+P17+Q17+R17+S17+T17+W17+AD17+AG17 -> 79.2 | AK17: =IF(L17<0,L17*-1,0) -> 43.382304 | AL17: =AJ17+AK17 -> 122.5823 | AM17: =AM16+(U17*1.9835) -> 238.02 | AN17: =V17 -> 12 | AT17: 0 | AU17: 0 | AV17: 64 | AW17: 32 | AY17: =SUM(N17,P17:T17) -> 4.2
A18: =A17+1 -> 4 | B18: 6893.11 | C18: 258854 | D18: =C18-C17 -> -140 | E18: =C18-152000 -> 106854 | F18: =D18/$D$2 -> -70.582304 | G18: 50 | H18: 0 | I18: =G18+H18 -> 50 | J18: =IF(L18>0,L18,0) -> 0 | K18: =I18+J18 -> 50 | L18: =F18-(I18-AJ18) -> -43.782304 | M18: 3.3 | N18: 0 | O18: 0 | P18: 0 | Q18: =1.842*1.02 -> 1.87884 | R18: 3.09 | T18: =M18-(Q18+R18+S18) -> -1.66884 | U18: 40 | V18: 5.5 | W18: =M18-N18-P18-O18-Q18-R18-S18-T18+U18+V18 -> 45.5 | X18: =W18-AN18 -> 40 | AD18: 0 | AG18: 28 | AH18: =AH17-AG18 -> 4484 | AJ18: =N18+O18+P18+Q18+R18+S18+T18+W18+AD18+AG18 -> 76.8 | AK18: =IF(L18<0,L18*-1,0) -> 43.782304 | AL18: =AJ18+AK18 -> 120.5823 | AM18: =AM17+(U18*1.9835) -> 317.36 | AN18: =V18 -> 5.5 | AT18: =6.16*1.05 -> 6.468 | AU18: 0 | AV18: 69 | AW18: 34 | AY18: =SUM(N18,P18:T18) -> 3.3
A19: =A18+1 -> 5 | B19: 6893.07 | C19: 258714 | D19: =C19-C18 -> -140 | E19: =C19-152000 -> 106714 | F19: =D19/$D$2 -> -70.582304 | G19: 50 | H19: 0 | I19: =G19+H19 -> 50 | J19: =IF(L19>0,L19,0) -> 0 | K19: =I19+J19 -> 50 | L19: =F19-(I19-AJ19) -> -48.782304 | M19: 2.8 | N19: 0 | O19: 0 | P19: 0 | Q19: =1.842*1.02 -> 1.87884 | R19: 3.52 | T19: =M19-(Q19+R19+S19) -> -2.59884 | U19: 41 | V19: 0 | W19: =M19-N19-P19-O19-Q19-R19-S19-T19+U19+V19 -> 41 | X19: =W19-AN19 -> 41 | AD19: 0 | AG19: 28 | AH19: =AH18-AG19 -> 4456 | AJ19: =N19+O19+P19+Q19+R19+S19+T19+W19+AD19+AG19 -> 71.8 | AK19: =IF(L19<0,L19*-1,0) -> 48.782304 | AL19: =AJ19+AK19 -> 120.5823 | AM19: =AM18+(U19*1.9835) -> 398.6835 | AN19: =V19 -> 0 | AT19: =4.87*1.05 -> 5.1135 | AU19: 0 | AV19: 67 | AW19: 37 | AY19: =SUM(N19,P19:T19) -> 2.8
A20: =A19+1 -> 6 | B20: 6893.04 | C20: 258609 | D20: =C20-C19 -> -105 | E20: =C20-152000 -> 106609 | F20: =D20/$D$2 -> -52.936728 | G20: 49 | H20: 0 | I20: =G20+H20 -> 49 | J20: =IF(L20>0,L20,0) -> 0 | K20: =I20+J20 -> 49 | L20: =F20-(I20-AJ20) -> -29.936728 | M20: 3 | N20: 0 | O20: 0 | P20: 0 | Q20: =1.842*1.02 -> 1.87884 | R20: 3.37 | T20: =M20-(Q20+R20+S20) -> -2.24884 | U20: 40 | V20: 0 | W20: =M20-N20-P20-O20-Q20-R20-S20-T20+U20+V20 -> 40 | X20: =W20-AN20 -> 40 | AD20: 0 | AG20: 29 | AH20: =AH19-AG20 -> 4427 | AJ20: =N20+O20+P20+Q20+R20+S20+T20+W20+AD20+AG20 -> 72 | AK20: =IF(L20<0,L20*-1,0) -> 29.936728 | AL20: =AJ20+AK20 -> 101.93673 | AM20: =AM19+(U20*1.9835) -> 478.0235 | AT20: =2.44*1.05 -> 2.562 | AU20: 0 | AV20: 65 | AW20: 38 | AY20: =SUM(N20,P20:T20) -> 3
A21: =A20+1 -> 7 | B21: 6893 | C21: 258469 | D21: =C21-C20 -> -140 | E21: =C21-152000 -> 106469 | F21: =D21/$D$2 -> -70.582304 | G21: 50 | H21: 0 | I21: =G21+H21 -> 50 | J21: =IF(L21>0,L21,0) -> 0 | K21: =I21+J21 -> 50 | L21: =F21-(I21-AJ21) -> -48.682304 | M21: 2.9 | N21: 0 | O21: 0 | P21: 0 | Q21: =1.842*1.02 -> 1.87884 | R21: 2.17 | T21: =M21-(Q21+R21+S21) -> -1.14884 | U21: 40 | V21: 0 | W21: =M21-N21-P21-O21-Q21-R21-S21-T21+U21+V21 -> 40 | X21: =W21-AN21 -> 40 | AD21: 0 | AG21: 29 | AH21: =AH20-AG21 -> 4398 | AJ21: =N21+O21+P21+Q21+R21+S21+T21+W21+AD21+AG21 -> 71.9 | AK21: =IF(L21<0,L21*-1,0) -> 48.682304 | AL21: =AJ21+AK21 -> 120.5823 | AM21: =AM20+(U21*1.9835) -> 557.3635 | AT21: =0.34*1.05 -> 0.357 | AU21: 0 | AV21: 66 | AW21: 38 | AY21: =SUM(N21,P21:T21) -> 2.9
A22: =A21+1 -> 8 | B22: 6892.96 | C22: 258330 | D22: =C22-C21 -> -139 | E22: =C22-152000 -> 106330 | F22: =D22/$D$2 -> -70.078145 | G22: 50 | H22: 0 | I22: =G22+H22 -> 50 | J22: =IF(L22>0,L22,0) -> 0 | K22: =I22+J22 -> 50 | L22: =F22-(I22-AJ22) -> -48.078145 | M22: 3 | N22: 0 | O22: 0 | P22: 0 | Q22: =1.842*1.02 -> 1.87884 | R22: 2.17 | T22: =M22-(Q22+R22+S22) -> -1.04884 | U22: 40 | V22: 0 | W22: =M22-N22-P22-O22-Q22-R22-S22-T22+U22+V22 -> 40 | X22: =W22-AN22 -> 40 | AD22: 0 | AG22: 29 | AH22: =AH21-AG22 -> 4369 | AJ22: =N22+O22+P22+Q22+R22+S22+T22+W22+AD22+AG22 -> 72 | AK22: =IF(L22<0,L22*-1,0) -> 48.078145 | AL22: =AJ22+AK22 -> 120.07814 | AM22: =AM21+(U22*1.9835) -> 636.7035 | AT22: 0 | AU22: 0 | AV22: 59 | AW22: 33 | AY22: =SUM(N22,P22:T22) -> 3
A23: =A22+1 -> 9 | B23: 6892.93 | C23: 258226 | D23: =C23-C22 -> -104 | E23: =C23-152000 -> 106226 | F23: =D23/$D$2 -> -52.432569 | G23: 48 | H23: 0 | I23: =G23+H23 -> 48 | J23: =IF(L23>0,L23,0) -> 0 | K23: =I23+J23 -> 48 | L23: =F23-(I23-AJ23) -> -24.432569 | M23: 4 | N23: 0 | O23: 0 | P23: 0 | Q23: =1.842*1.02 -> 1.87884 | R23: 1.73 | T23: 0 | U23: 44 | V23: 0 | W23: =M23-N23-P23-O23-Q23-R23-S23-T23+U23+V23 -> 44.39116 | X23: =W23-AN23 -> 44.39116 | AD23: 0 | AG23: 28 | AH23: =AH22-AG23 -> 4341 | AJ23: =N23+O23+P23+Q23+R23+S23+T23+W23+AD23+AG23 -> 76 | AK23: =IF(L23<0,L23*-1,0) -> 24.432569 | AL23: =AJ23+AK23 -> 100.43257 | AM23: =AM22+(U23*1.9835) -> 723.9775 | AT23: =6.45*1.05 -> 6.7725 | AU23: 0 | AV23: 61 | AW23: 33 | AY23: =SUM(N23,P23:T23) -> 3.60884
A24: =A23+1 -> 10 | B24: 6892.9 | C24: 258122 | D24: =C24-C23 -> -104 | E24: =C24-152000 -> 106122 | F24: =D24/$D$2 -> -52.432569 | G24: 47 | H24: 0 | I24: =G24+H24 -> 47 | J24: =IF(L24>0,L24,0) -> 0 | K24: =I24+J24 -> 47 | L24: =F24-(I24-AJ24) -> -21.932569 | M24: 3.5 | N24: 0 | O24: 0 | P24: 0 | Q24: =1.842*1.02 -> 1.87884 | R24: 2.43 | T24: 0 | U24: 46 | V24: 0 | W24: =M24-N24-P24-O24-Q24-R24-S24-T24+U24+V24 -> 45.19116 | X24: =W24-AN24 -> 45.19116 | AD24: 0 | AG24: 28 | AH24: =AH23-AG24 -> 4313 | AJ24: =N24+O24+P24+Q24+R24+S24+T24+W24+AD24+AG24 -> 77.5 | AK24: =IF(L24<0,L24*-1,0) -> 21.932569 | AL24: =AJ24+AK24 -> 99.432569 | AM24: =AM23+(U24*1.9835) -> 815.2185 | AT24: =11.4*1.05 -> 11.97 | AU24: 0 | AV24: 63 | AW24: 34 | AY24: =SUM(N24,P24:T24) -> 4.30884
A25: =A24+1 -> 11 | B25: 6892.87 | C25: 258018 | D25: =C25-C24 -> -104 | E25: =C25-152000 -> 106018 | F25: =D25/$D$2 -> -52.432569 | G25: 46 | H25: 0 | I25: =G25+H25 -> 46 | J25: =IF(L25>0,L25,0) -> 0 | K25: =I25+J25 -> 46 | L25: =F25-(I25-AJ25) -> -21.932569 | M25: 3.5 | N25: 0 | O25: 0 | P25: 0 | Q25: =1.842*1.02 -> 1.87884 | R25: 2.4 | T25: =M25-(Q25+R25+S25) -> -0.77884 | U25: 45 | V25: 0 | W25: =M25-N25-P25-O25-Q25-R25-S25-T25+U25+V25 -> 45 | X25: =W25-AN25 -> 45 | AD25: 0 | AG25: 28 | AH25: =AH24-AG25 -> 4285 | AJ25: =N25+O25+P25+Q25+R25+S25+T25+W25+AD25+AG25 -> 76.5 | AK25: =IF(L25<0,L25*-1,0) -> 21.932569 | AL25: =AJ25+AK25 -> 98.432569 | AM25: =AM24+(U25*1.9835) -> 904.476 | AT25: =16.8*1.05 -> 17.64 | AU25: 0 | AV25: 61 | AW25: 39 | AY25: =SUM(N25,P25:T25) -> 3.5
A26: =A25+1 -> 12 | B26: 6892.84 | C26: 257914 | D26: =C26-C25 -> -104 | E26: =C26-152000 -> 105914 | F26: =D26/$D$2 -> -52.432569 | G26: 47 | H26: 0 | I26: =G26+H26 -> 47 | J26: =IF(L26>0,L26,0) -> 0 | K26: =I26+J26 -> 47 | L26: =F26-(I26-AJ26) -> -22.732569 | M26: 3.7 | N26: 0 | O26: 0 | P26: 0 | Q26: =1.842*1.02 -> 1.87884 | R26: 2.13 | T26: =M26-(Q26+R26+S26) -> -0.30884 | U26: 45 | V26: 0 | W26: =M26-N26-P26-O26-Q26-R26-S26-T26+U26+V26 -> 45 | X26: =W26-AN26 -> 45 | AD26: 0 | AG26: 28 | AH26: =AH25-AG26 -> 4257 | AJ26: =N26+O26+P26+Q26+R26+S26+T26+W26+AD26+AG26 -> 76.7 | AK26: =IF(L26<0,L26*-1,0) -> 22.732569 | AL26: =AJ26+AK26 -> 99.432569 | AM26: =AM25+(U26*1.9835) -> 993.7335 | AT26: =7.18*1.05 -> 7.539 | AU26: 0 | AV26: 56 | AW26: 47 | AY26: =SUM(N26,P26:T26) -> 3.7
A27: =A26+1 -> 13 | B27: 6892.83 | C27: 257880 | D27: =C27-C26 -> -34 | E27: =C27-152000 -> 105880 | F27: =D27/$D$2 -> -17.141417 | G27: 56 | H27: 0 | I27: =G27+H27 -> 56 | J27: =IF(L27>0,L27,0) -> 2.9585833 | K27: =I27+J27 -> 58.958583 | L27: =F27-(I27-AJ27) -> 2.9585833 | M27: 3.1 | N27: 0 | O27: 0 | P27: 0 | Q27: =1.842*1.02 -> 1.87884 | R27: 2.06 | T27: =M27-(Q27+R27+S27) -> -0.83884 | U27: 45 | V27: 0 | W27: =M27-N27-P27-O27-Q27-R27-S27-T27+U27+V27 -> 45 | X27: =W27-AN27 -> 45 | AD27: 0 | AG27: 28 | AH27: =AH26-AG27 -> 4229 | AJ27: =N27+O27+P27+Q27+R27+S27+T27+W27+AD27+AG27 -> 76.1 | AK27: =IF(L27<0,L27*-1,0) -> 0 | AL27: =AJ27+AK27 -> 76.1 | AM27: =AM26+(U27*1.9835) -> 1082.991 | AT27: 0 | AU27: 0.21 | AV27: 49 | AW27: 35 | AY27: =SUM(N27,P27:T27) -> 3.1
A28: =A27+1 -> 14 | B28: 6892.82 | C28: 257845 | D28: =C28-C27 -> -35 | E28: =C28-152000 -> 105845 | F28: =D28/$D$2 -> -17.645576 | G28: 67 | H28: 0 | I28: =G28+H28 -> 67 | J28: =IF(L28>0,L28,0) -> 0 | K28: =I28+J28 -> 67 | L28: =F28-(I28-AJ28) -> -7.945576 | M28: 2.7 | N28: 0 | O28: 0 | P28: 0 | Q28: =1.842*1.02 -> 1.87884 | R28: 2.23 | T28: =M28-(Q28+R28+S28) -> -1.40884 | U28: 45 | V28: 0 | W28: =M28-N28-P28-O28-Q28-R28-S28-T28+U28+V28 -> 45 | X28: =W28-AN28 -> 45 | AD28: 0 | AG28: 29 | AH28: =AH27-AG28 -> 4200 | AJ28: =N28+O28+P28+Q28+R28+S28+T28+W28+AD28+AG28 -> 76.7 | AK28: =IF(L28<0,L28*-1,0) -> 7.945576 | AL28: =AJ28+AK28 -> 84.645576 | AM28: =AM27+(U28*1.9835) -> 1172.2485 | AT28: 0 | AU28: 0.05 | AV28: 38 | AW28: 25 | AY28: =SUM(N28,P28:T28) -> 2.7
A29: =A28+1 -> 15 | B29: 6892.81 | C29: 257810 | D29: =C29-C28 -> -35 | E29: =C29-152000 -> 105810 | F29: =D29/$D$2 -> -17.645576 | G29: 57 | H29: 0 | I29: =G29+H29 -> 57 | J29: =IF(L29>0,L29,0) -> 2.954424 | K29: =I29+J29 -> 59.954424 | L29: =F29-(I29-AJ29) -> 2.954424 | M29: 3.6 | N29: 0 | O29: 0 | P29: 0 | Q29: =1.842*1.02 -> 1.87884 | R29: 2.13 | T29: =M29-(Q29+R29+S29) -> -0.40884 | U29: 45 | V29: 0 | W29: =M29-N29-P29-O29-Q29-R29-S29-T29+U29+V29 -> 45 | X29: =W29-AN29 -> 45 | AD29: 0 | AG29: 29 | AH29: =AH28-AG29 -> 4171 | AJ29: =N29+O29+P29+Q29+R29+S29+T29+W29+AD29+AG29 -> 77.6 | AK29: =IF(L29<0,L29*-1,0) -> 0 | AL29: =AJ29+AK29 -> 77.6 | AM29: =AM28+(U29*1.9835) -> 1261.506 | AT29: 0 | AU29: 0.03 | AV29: 33 | AW29: 14 | AY29: =SUM(N29,P29:T29) -> 3.6
A30: =A29+1 -> 16 | B30: 6892.79 | C30: 257741 | D30: =C30-C29 -> -69 | E30: =C30-152000 -> 105741 | F30: =D30/$D$2 -> -34.786993 | G30: 51 | H30: 0 | I30: =G30+H30 -> 51 | J30: =IF(L30>0,L30,0) -> 0 | K30: =I30+J30 -> 51 | L30: =F30-(I30-AJ30) -> -9.1869927 | M30: 3.6 | N30: 0 | O30: 0 | P30: 0 | Q30: =1.842*1.02 -> 1.87884 | R30: 2.3 | T30: =M30-(Q30+R30+S30) -> -0.57884 | U30: 45 | V30: 0 | W30: =M30-N30-P30-O30-Q30-R30-S30-T30+U30+V30 -> 45 | X30: =W30-AN30 -> 45 | AD30: 0 | AG30: 28 | AH30: =AH29-AG30 -> 4143 | AJ30: =N30+O30+P30+Q30+R30+S30+T30+W30+AD30+AG30 -> 76.6 | AK30: =IF(L30<0,L30*-1,0) -> 9.1869927 | AL30: =AJ30+AK30 -> 85.786993 | AM30: =AM29+(U30*1.9835) -> 1350.7635 | AU30: 0.05 | AV30: 39 | AW30: 13 | AY30: =SUM(N30,P30:T30) -> 3.6
A31: =A30+1 -> 17 | B31: 6892.78 | C31: 257706 | D31: =C31-C30 -> -35 | E31: =C31-152000 -> 105706 | F31: =D31/$D$2 -> -17.645576 | G31: 46 | H31: 0 | I31: =G31+H31 -> 46 | J31: =IF(L31>0,L31,0) -> 12.354424 | K31: =I31+J31 -> 58.354424 | L31: =F31-(I31-AJ31) -> 12.354424 | M31: 3 | N31: 0 | O31: 0 | P31: 0 | Q31: =1.842*1.02 -> 1.87884 | R31: 2.2 | T31: =M31-(Q31+R31+S31) -> -1.07884 | U31: 45 | V31: 0 | W31: =M31-N31-P31-O31-Q31-R31-S31-T31+U31+V31 -> 45 | X31: =W31-AN31 -> 45 | AD31: 0 | AG31: 28 | AH31: =AH30-AG31 -> 4115 | AJ31: =N31+O31+P31+Q31+R31+S31+T31+W31+AD31+AG31 -> 76 | AK31: =IF(L31<0,L31*-1,0) -> 0 | AL31: =AJ31+AK31 -> 76 | AM31: =AM30+(U31*1.9835) -> 1440.021 | AU31: 0 | AV31: 46 | AW31: 20 | AY31: =SUM(N31,P31:T31) -> 3
A32: =A31+1 -> 18 | B32: 6892.76 | C32: 257637 | D32: =C32-C31 -> -69 | E32: =C32-152000 -> 105637 | F32: =D32/$D$2 -> -34.786993 | G32: 42 | H32: 0 | I32: =G32+H32 -> 42 | J32: =IF(L32>0,L32,0) -> 3.8130073 | K32: =I32+J32 -> 45.813007 | L32: =F32-(I32-AJ32) -> 3.8130073 | M32: 2.6 | N32: 0 | O32: 0 | P32: 0 | Q32: =1.842*1.02 -> 1.87884 | R32: 2.03 | T32: =M32-(Q32+R32+S32) -> -1.30884 | U32: 45 | V32: 0 | W32: =M32-N32-P32-O32-Q32-R32-S32-T32+U32+V32 -> 45 | X32: =W32-AN32 -> 45 | AD32: 0 | AG32: 33 | AH32: =AH31-AG32 -> 4082 | AJ32: =N32+O32+P32+Q32+R32+S32+T32+W32+AD32+AG32 -> 80.6 | AK32: =IF(L32<0,L32*-1,0) -> 0 | AL32: =AJ32+AK32 -> 80.6 | AM32: =AM31+(U32*1.9835) -> 1529.2785 | AU32: 0 | AV32: 50 | AW32: 25 | AY32: =SUM(N32,P32:T32) -> 2.6
A33: =A32+1 -> 19 | B33: 6892.74 | C33: 257568 | D33: =C33-C32 -> -69 | E33: =C33-152000 -> 105568 | F33: =D33/$D$2 -> -34.786993 | G33: 38 | H33: 0 | I33: =G33+H33 -> 38 | J33: =IF(L33>0,L33,0) -> 4.1130073 | K33: =I33+J33 -> 42.113007 | L33: =F33-(I33-AJ33) -> 4.1130073 | M33: 3.9 | N33: 0 | O33: 0 | P33: 0 | Q33: =1.842*1.02 -> 1.87884 | R33: 1.88 | T33: =M33-(Q33+R33+S33) -> 0.14116 | U33: 45 | V33: 0 | W33: =M33-N33-P33-O33-Q33-R33-S33-T33+U33+V33 -> 45 | X33: =W33-AN33 -> 45 | AD33: 0 | AG33: 28 | AH33: =AH32-AG33 -> 4054 | AJ33: =N33+O33+P33+Q33+R33+S33+T33+W33+AD33+AG33 -> 76.9 | AK33: =IF(L33<0,L33*-1,0) -> 0 | AL33: =AJ33+AK33 -> 76.9 | AM33: =AM32+(U33*1.9835) -> 1618.536 | AU33: 0 | AV33: 52 | AW33: 25 | AY33: =SUM(N33,P33:T33) -> 3.9
A34: =A33+1 -> 20 | B34: 6892.72 | C34: 257498 | D34: =C34-C33 -> -70 | E34: =C34-152000 -> 105498 | F34: =D34/$D$2 -> -35.291152 | G34: 34 | H34: 0 | I34: =G34+H34 -> 34 | J34: =IF(L34>0,L34,0) -> 8.908848 | K34: =I34+J34 -> 42.908848 | L34: =F34-(I34-AJ34) -> 8.908848 | M34: 5.2 | N34: 0 | O34: 0 | P34: 0 | Q34: =1.842*1.02 -> 1.87884 | R34: 2.24 | T34: =M34-(Q34+R34+S34) -> 1.08116 | U34: 45 | V34: 0 | W34: =M34-N34-P34-O34-Q34-R34-S34-T34+U34+V34 -> 45 | X34: =W34-AN34 -> 45 | AD34: 0 | AG34: 28 | AH34: =AH33-AG34 -> 4026 | AJ34: =N34+O34+P34+Q34+R34+S34+T34+W34+AD34+AG34 -> 78.2 | AK34: =IF(L34<0,L34*-1,0) -> 0 | AL34: =AJ34+AK34 -> 78.2 | AM34: =AM33+(U34*1.9835) -> 1707.7935 | AU34: 0 | AV34: 52 | AW34: 25 | AY34: =SUM(N34,P34:T34) -> 5.2
A35: =A34+1 -> 21 | B35: 6892.7 | C35: 257429 | D35: =C35-C34 -> -69 | E35: =C35-152000 -> 105429 | F35: =D35/$D$2 -> -34.786993 | G35: 32 | H35: 0 | I35: =G35+H35 -> 32 | J35: =IF(L35>0,L35,0) -> 10.513007 | K35: =I35+J35 -> 42.513007 | L35: =F35-(I35-AJ35) -> 10.513007 | M35: 4.3 | N35: 0 | O35: 0 | P35: 0 | Q35: =1.842*1.02 -> 1.87884 | R35: 2.2 | T35: =M35-(Q35+R35+S35) -> 0.22116 | U35: 45 | V35: 0 | W35: =M35-N35-P35-O35-Q35-R35-S35-T35+U35+V35 -> 45 | X35: =W35-AN35 -> 45 | AD35: 0 | AG35: 28 | AH35: =AH34-AG35 -> 3998 | AJ35: =N35+O35+P35+Q35+R35+S35+T35+W35+AD35+AG35 -> 77.3 | AK35: =IF(L35<0,L35*-1,0) -> 0 | AL35: =AJ35+AK35 -> 77.3 | AM35: =AM34+(U35*1.9835) -> 1797.051 | AU35: 0 | AV35: 52 | AW35: 28 | AY35: =SUM(N35,P35:T35) -> 4.3
A36: =A35+1 -> 22 | B36: 6892.68 | C36: 257360 | D36: =C36-C35 -> -69 | E36: =C36-152000 -> 105360 | F36: =D36/$D$2 -> -34.786993 | G36: 29 | H36: 0 | I36: =G36+H36 -> 29 | J36: =IF(L36>0,L36,0) -> 12.713007 | K36: =I36+J36 -> 41.713007 | L36: =F36-(I36-AJ36) -> 12.713007 | M36: 3.5 | N36: 0 | O36: 0 | P36: 0 | Q36: =1.842*1.02 -> 1.87884 | R36: 2.21 | T36: =M36-(Q36+R36+S36) -> -0.58884 | U36: 45 | V36: 0 | W36: =M36-N36-P36-O36-Q36-R36-S36-T36+U36+V36 -> 45 | X36: =W36-AN36 -> 45 | AD36: 0 | AG36: 28 | AH36: =AH35-AG36 -> 3970 | AJ36: =N36+O36+P36+Q36+R36+S36+T36+W36+AD36+AG36 -> 76.5 | AK36: =IF(L36<0,L36*-1,0) -> 0 | AL36: =AJ36+AK36 -> 76.5 | AM36: =AM35+(U36*1.9835) -> 1886.3085 | AU36: 0 | AV36: 48 | AW36: 24 | AY36: =SUM(N36,P36:T36) -> 3.5
A37: =A36+1 -> 23 | B37: 6892.64 | C37: 257221 | D37: =C37-C36 -> -139 | E37: =C37-152000 -> 105221 | F37: =D37/$D$2 -> -70.078145 | G37: 28 | H37: 0 | I37: =G37+H37 -> 28 | J37: =IF(L37>0,L37,0) -> 0 | K37: =I37+J37 -> 28 | L37: =F37-(I37-AJ37) -> -11.778145 | M37: 3.3 | N37: 0 | O37: 0 | P37: 0 | Q37: =1.842*1.02 -> 1.87884 | R37: 2.27 | T37: =M37-(Q37+R37+S37) -> -0.84884 | U37: 55 | V37: 0 | W37: =M37-N37-P37-O37-Q37-R37-S37-T37+U37+V37 -> 55 | X37: =W37-AN37 -> 55 | AD37: 0 | AG37: 28 | AH37: =AH36-AG37 -> 3942 | AJ37: =N37+O37+P37+Q37+R37+S37+T37+W37+AD37+AG37 -> 86.3 | AK37: =IF(L37<0,L37*-1,0) -> 11.778145 | AL37: =AJ37+AK37 -> 98.078145 | AM37: =AM36+(U37*1.9835) -> 1995.401 | AU37: 0 | AV37: 38 | AW37: 22 | AY37: =SUM(N37,P37:T37) -> 3.3
A38: =A37+1 -> 24 | B38: 6892.6 | C38: 257083 | D38: =C38-C37 -> -138 | E38: =C38-152000 -> 105083 | F38: =D38/$D$2 -> -69.573985 | G38: 27 | H38: 0 | I38: =G38+H38 -> 27 | J38: =IF(L38>0,L38,0) -> 0 | K38: =I38+J38 -> 27 | L38: =F38-(I38-AJ38) -> -4.1739854 | M38: 3.4 | N38: 0 | O38: 0 | P38: 0 | Q38: =1.842*1.02 -> 1.87884 | R38: 2.17 | T38: =M38-(Q38+R38+S38) -> -0.64884 | U38: 61 | V38: 0 | W38: =M38-N38-P38-O38-Q38-R38-S38-T38+U38+V38 -> 61 | X38: =W38-AN38 -> 61 | AD38: 0 | AG38: 28 | AH38: =AH37-AG38 -> 3914 | AJ38: =N38+O38+P38+Q38+R38+S38+T38+W38+AD38+AG38 -> 92.4 | AK38: =IF(L38<0,L38*-1,0) -> 4.1739854 | AL38: =AJ38+AK38 -> 96.573985 | AM38: =AM37+(U38*1.9835) -> 2116.3945 | AU38: 0 | AV38: 44 | AW38: 18 | AY38: =SUM(N38,P38:T38) -> 3.4
A39: =A38+1 -> 25 | B39: 6892.56 | C39: 256944 | D39: =C39-C38 -> -139 | E39: =C39-152000 -> 104944 | F39: =D39/$D$2 -> -70.078145 | G39: 24 | H39: 0 | I39: =G39+H39 -> 24 | J39: =IF(L39>0,L39,0) -> 0 | K39: =I39+J39 -> 24 | L39: =F39-(I39-AJ39) -> -1.5781447 | M39: 3.5 | N39: 0 | O39: 0 | P39: 0 | Q39: =1.842*1.02 -> 1.87884 | R39: 2.21 | T39: =M39-(Q39+R39+S39) -> -0.58884 | U39: 61 | V39: 0 | W39: =M39-N39-P39-O39-Q39-R39-S39-T39+U39+V39 -> 61 | X39: =W39-AN39 -> 61 | AD39: 0 | AG39: 28 | AH39: =AH38-AG39 -> 3886 | AJ39: =N39+O39+P39+Q39+R39+S39+T39+W39+AD39+AG39 -> 92.5 | AK39: =IF(L39<0,L39*-1,0) -> 1.5781447 | AL39: =AJ39+AK39 -> 94.078145 | AM39: =AM38+(U39*1.9835) -> 2237.388 | AU39: 0 | AV39: 49 | AW39: 19 | AY39: =SUM(N39,P39:T39) -> 3.5
A40: =A39+1 -> 26 | B40: 6892.52 | C40: 256805 | D40: =C40-C39 -> -139 | E40: =C40-152000 -> 104805 | F40: =D40/$D$2 -> -70.078145 | G40: 23 | H40: 0 | I40: =G40+H40 -> 23 | J40: =IF(L40>0,L40,0) -> 0 | K40: =I40+J40 -> 23 | L40: =F40-(I40-AJ40) -> -0.87814469 | M40: 4.2 | N40: 0 | O40: 0 | P40: 0 | Q40: =1.842*1.02 -> 1.87884 | R40: 2.05 | T40: =M40-(Q40+R40+S40) -> 0.27116 | U40: 60 | V40: 0 | W40: =M40-N40-P40-O40-Q40-R40-S40-T40+U40+V40 -> 60 | X40: =W40-AN40 -> 60 | AD40: 0 | AG40: 28 | AH40: =AH39-AG40 -> 3858 | AJ40: =N40+O40+P40+Q40+R40+S40+T40+W40+AD40+AG40 -> 92.2 | AK40: =IF(L40<0,L40*-1,0) -> 0.87814469 | AL40: =AJ40+AK40 -> 93.078145 | AM40: =AM39+(U40*1.9835) -> 2356.398 | AU40: 0 | AV40: 55 | AW40: 25 | AY40: =SUM(N40,P40:T40) -> 4.2
A41: =A40+1 -> 27 | B41: 6892.48 | C41: 256667 | D41: =C41-C40 -> -138 | E41: =C41-152000 -> 104667 | F41: =D41/$D$2 -> -69.573985 | G41: 23 | H41: 0 | I41: =G41+H41 -> 23 | J41: =IF(L41>0,L41,0) -> 0 | K41: =I41+J41 -> 23 | L41: =F41-(I41-AJ41) -> -0.97398538 | M41: 3.6 | N41: 0 | O41: 0 | P41: 0 | Q41: =1.842*1.02 -> 1.87884 | R41: 1.88 | T41: =M41-(Q41+R41+S41) -> -0.15884 | U41: 60 | V41: 0 | W41: =M41-N41-P41-O41-Q41-R41-S41-T41+U41+V41 -> 60 | X41: =W41-AN41 -> 60 | AD41: 0 | AG41: 28 | AH41: =AH40-AG41 -> 3830 | AJ41: =N41+O41+P41+Q41+R41+S41+T41+W41+AD41+AG41 -> 91.6 | AK41: =IF(L41<0,L41*-1,0) -> 0.97398538 | AL41: =AJ41+AK41 -> 92.573985 | AM41: =AM40+(U41*1.9835) -> 2475.408 | AU41: 0 | AV41: 54 | AW41: 26 | AY41: =SUM(N41,P41:T41) -> 3.6
... A43: =A42+1 -> 29 | B43: 6892.4 | C43: 256389 | D43: =C43-C42 -> -139 | E43: =C43-152000 -> 104389 | F43: =D43/$D$2 -> -70.078145 | G43: 24 | H43: 0 | I43: =G43+H43 -> 24 | J43: =IF(L43>0,L43,0) -> 0 | K43: =I43+J43 -> 24 | L43: =F43-(I43-AJ43) -> -3.6781447 | M43: 2.4 | N43: 0 | O43: 0 | P43: 0 | Q43: =1.842*1.02 -> 1.87884 | R43: 2.24 | T43: =M43-(Q43+R43+S43) -> -1.71884 | U43: 60 | V43: 0 | W43: =M43-N43-P43-O43-Q43-R43-S43-T43+U43+V43 -> 60 | X43: =W43-AN43 -> 60 | AD43: 0 | AG43: 28 | AH43: =AH42-AG43 -> 3774 | AJ43: =N43+O43+P43+Q43+R43+S43+T43+W43+AD43+AG43 -> 90.4 | AK43: =IF(L43<0,L43*-1,0) -> 3.6781447 | AL43: =AJ43+AK43 -> 94.078145 | AM43: =AM42+(U43*1.9835) -> 2713.428 | AU43: 0.1 | AV43: 45 | AW43: 24 | AY43: =SUM(N43,P43:T43) -> 2.4
A44: 30 | B44: 6892.38 | C44: 256320 | D44: =C44-C43 -> -69 | E44: =C44-152000 -> 104320 | F44: =D44/$D$2 -> -34.786993 | G44: 24 | H44: 0 | I44: =G44+H44 -> 24 | J44: =IF(L44>0,L44,0) -> 5.6130073 | K44: =I44+J44 -> 29.613007 | L44: =F44-(I44-AJ44) -> 5.6130073 | M44: 3.4 | N44: 0 | O44: 0 | P44: 0 | Q44: =1.842*1.02 -> 1.87884 | R44: 1.93 | T44: =M44-(Q44+R44+S44) -> -0.40884 | U44: 33 | V44: 0 | W44: =M44-N44-P44-O44-Q44-R44-S44-T44+U44+V44 -> 33 | X44: =W44-AN44 -> 33 | AD44: 0 | AG44: 28 | AH44: =AH43-AG44 -> 3746 | AJ44: =N44+O44+P44+Q44+R44+S44+T44+W44+AD44+AG44 -> 64.4 | AK44: =IF(L44<0,L44*-1,0) -> 0 | AL44: =AJ44+AK44 -> 64.4 | AM44: =AM43+(U44*1.9835) -> 2778.8835 | AU44: 0.01 | AV44: 51 | AW44: 24 | AY44: =SUM(N44,P44:T44) -> 3.4
V45: 0
A46: MONTH / CFS | F46: =SUM(F15:F44) -> -1524.0736 | G46: =SUM(G15:G44) -> 1249 | H46: =SUM(H15:H44) -> 0 | I46: =SUM(I15:I44) -> 1249 | J46: =SUM(J15:J44) -> 63.941316 | K46: =SUM(K15:K44) -> 1312.9413 | L46: =SUM(L15:L44) -> -376.67361 | M46: =SUM(M15:M44) -> 105.9 | ... O46: =SUM(O15:O44) -> 0 | Q46: =SUM(Q15:Q44) -> 56.3652 | R46: =SUM(R15:R44) -> 67.99 | S46: =SUM(S16:S44) -> 0 | T46: =SUM(T16:T44) -> -18.80868 | U46: =SUM(U15:U44) -> 1401 | V46: =SUM(V15:V44) -> 40.5 | W46: =SUM(W15:W44) -> 1441.0823 | X46: =SUM(X15:X44) -> 1400.5823 | AG46: =SUM(AG15:AG44) -> 849 | AI46: =SUM(AI15:AI44) -> 0 | AJ46: =SUM(AJ15:AJ44) -> 2396.4 | AK46: =SUM(AK15:AK44) -> 440.61492 | AL46: =SUM(AL15:AL44) -> 2837.0149 | AN46: =SUM(AN15:AN44) -> 40.5 | AT46: =SUM(AT15:AT44) -> 58.422 | AU46: =SUM(AU15:AU44) -> 0.46 | AV46: =AVERAGE(AV15:AV44) -> 53.366667 | AW46: =AVERAGE(AW15:AW45) -> 28.3 | AX46: Avg | AY46: =SUM(AY15:AY44) -> 106.31768
A47: MONTH / AF | D47: =SUM(D15:D44) -> -3023 | F47: =F46*$D$2 -> -3023 | G47: =G46*$D$2 -> 2477.3915 | H47: =H46*$D$2 -> 0 | I47: =I46*$D$2 -> 2477.3915 | J47: =J46*$D$2 -> 126.8276 | K47: =K46*$D$2 -> 2604.2191 | L47: =L46*$D$2 -> -747.1321 | M47: =M46*$D$2 -> 210.05265 | ... O47: =O46*$D$2 -> 0 | Q47: =Q46*$D$2 -> 111.80037 | R47: =R46*$D$2 -> 134.85817 | S47: =S46*$D$2 -> 0 | T47: =T46*$D$2 -> -37.307017 | U47: =U46*$D$2 -> 2778.8835 | V47: =V46*$D$2 -> 80.33175 | W47: =W46*$D$2 -> 2858.3868 | X47: =X46*$D$2 -> 2778.055 | AG47: =AG46*$D$2 -> 1683.9915 | AI47: =AI46*$D$2 -> 0 | AJ47: =AJ46*$D$2 -> 4753.2594 | AK47: =AK46*$D$2 -> 873.9597 | AL47: =AL46*$D$2 -> 5627.2191 | AN47: =AN46*$D$2 -> 80.33175 | AT47: =AT46*$D$2 -> 115.88004 | AV47: =MAX(AV15:AV44) -> 69 | AW47: =MAX(AW15:AW45) -> 47 | AX47: HI | AY47: =AY46*$D$2 -> 210.88112
V48: 0
A49: SEASON / CFS | V49: 0 | AV49: =MIN(AV15:AV44) -> 33 | AW49: =MIN(AW15:AW45) -> 13 | AX49: LO
A50: SEASON / AF | V50: 0
V51: 0
A52: YTD / CFS | F52: =F13+F46 -> -1524.0736 | G52: =G13+G46 -> 1249 | H52: =H13+H46 -> 0 | I52: =I13+I46 -> 1249 | J52: =J13+J46 -> 63.941316 | K52: =K13+K46 -> 1312.9413 | L52: =L13+L46 -> -376.67361 | M52: =M13+M46 -> 105.9 | N52: =N13+N46 -> 0 | O52: 0 | Q52: =Q13+Q46 -> 56.3652 | R52: =R13+R46 -> 67.99 | S52: =S13+S46 -> 0 | T52: =T13+T46 -> -18.80868 | U52: =U13+U46 -> 1401 | V52: =V13+V46 -> 40.5 | W52: =W13+W46 -> 1441.0823 | X52: =X13+X46 -> 1400.5823 | AG52: =AG13+AG46 -> 849 | AH52: =AH44 -> 3746 | AI52: =AI13+AI46 -> 0 | AJ52: =AJ13+AJ46 -> 2396.4 | AK52: =AK13+AK46 -> 440.61492 | AL52: =AL13+AL46 -> 2837.0149 | AN52: =AN13+AN46 -> 40.5 | AU52: =AU13+AU46 -> 0.46 | AY52: =AY13+AY46 -> 106.31768
A53: YTD / AF | D53: =D13+D47 -> -3023 | E53: =E44 -> 104320 | F53: =F52*$D$2 -> -3023 | G53: =G52*$D$2 -> 2477.3915 | H53: =H52*$D$2 -> 0 | I53: =I52*$D$2 -> 2477.3915 | J53: =J52*$D$2 -> 126.8276 | K53: =K52*$D$2 -> 2604.2191 | L53: =L52*$D$2 -> -747.1321 | M53: =M52*$D$2 -> 210.05265 | ... O53: =O52*$D$2 -> 0 | Q53: =Q52*$D$2 -> 111.80037 | R53: =R52*$D$2 -> 134.85817 | S53: =S52*$D$2 -> 0 | T53: =T52*$D$2 -> -37.307017 | U53: =U52*$D$2 -> 2778.8835 | V53: =V14+V47 -> 80.33175 | W53: =W52*$D$2 -> 2858.3868 | X53: =X52*$D$2 -> 2778.055 | AG53: =AG52*$D$2 -> 1683.9915 | AH53: =AH52*$D$2 -> 7430.191 | AI53: =AI52*$D$2 -> 0 | AJ53: =AJ52*$D$2 -> 4753.2594 | AK53: =AK52*$D$2 -> 873.9597 | AL53: =AL52*$D$2 -> 5627.2191 | AM53: =AM44 -> 2778.8835 | AN53: =AN52*$D$2 -> 80.33175 | AY53: =AY52*$D$2 -> 210.88112

Sheet DEC
K1: MCPHEE RESERVOIR INFLOW/OUTFLOW TABULATION
A2: AF/cfs CONVERT FACTOR | D2: 1.9835 | K2: DECEMBER "2009"
D4: RESERVOIR | W4: INFLOW/OUTFLOW (CFS) | AO4: ADJUSTMENTS | AV4: WEATHER
A5: DATE | B5: RESERV | C5: RESERV | D5: AC FT | E5: ACTIVE | F5: CONV TO | G5: DOLORES | H5: LOST | I5: RECORD | J5: CALC | K5: TOTAL | L5: CALC | M5: DOLORES TUNNEL | U5: LONE | V5: U | W5: TOTAL | X5: TOTAL | Y5: MVI | Z5: MVI | AA5: MVI | AB5: TO EX & | AC5: MVI | AD5: DV CR | AE5: D/S SENIOR | AG5: BELOW | AH5: FISH | AI5: SPILL | AJ5: RECORD | AK5: CALC | AL5: TOTAL | AM5: NAR | AN5: MVI | AO5: MVI | AP5: MVI | AQ5: DIST. | AR5: U/S | AS5: TOTTEN | AT5: UTES | AU5: RAIN | AV5: MAX | AW5: MIN | AY5: TOTAL
A6: DEC | B6: ELEV | D6: CHANGE | E6: CAP | F6: CFS | G6: RIVER | H6: CAN | I6: INFLOW | J6: INFLOW | K6: INFLOW | L6: INF/OTF | M6: TOT DIV | N6: WET | O6: UTE | P6: QUEST | Q6: MWC | R6: CTZ | S6: CTZ & | T6: F-BAY | U6: PINE | V6: LAT | W6: MVI | X6: MVI | Y6: CALL | Z6: CALL | AA6: APR- | AB6: U/S EX | AC6: PROJ | AD6: CANAL | AE6: MVIC | AF6: PROJ | AG6: MCP | AH6: LEFT | AJ6: OTF | AK6: OTF | AL6: OTF | AM6: FILLL | AN6: STOCK | AO6: STORED | AP6: STORED | AQ6: CLASS | AR6: USERS | AS6: (FRESH | AT6: FROM | AV6: TMP | AW6: TMP | AY6: TUNNEL
N7: LAND | O7: F&R | S7: UTE | T7: SPILL | W7: WATER | X7: IRRIG. | Y7: STOR | Z7: SPILLED | AA7: JUNE | AE7: 1.7 | AF7: 1.3 | AO7: Apr - Jun | AP7: EVAP | AQ7: "B" | AR7: EXCH | AS7: WATER) | AT7: DWCD | AY7: Misc.
W8: USED | X8: WATER | Z8: OR | AA8: (DIV+
X9: USED | Z9: USED | AA9: CALL)
C10: AC. Ft. | E10: AC FT | G10: CFS | H10: CFS | I10: CFS | J10: CFS | K10: CFS | L10: CFS | M10: CFS | N10: CFS | O10: CFS | P10: CFS | Q10: CFS | R10: CFS | S10: PROJ | T10: CFS | U10: CFS | V10: CFS | W10: 153400 | X10: 150400 | AA10: 72000 | AB10: CFS | AC10: CFS | AD10: CFS | AE10: CFS | AF10: CFS | AG10: CFS | AH10: CFS | AI10: CFS | AJ10: CFS | AK10: CFS | AL10: CFS | AM10: AC FT | AN10: CFS | AO10: CFS | AP10: AC.FT. | AQ10: CFS | AR10: CFS | AS10: CFS | AT10: CFS | AY10: Outflow
N11: 1.03 | O11: 1.05 | P11: 1.02 | Q11: 1.02 | R11: 1.04 | S11: CFS | W11: CFS | X11: CFS | Y11: CFS | Z11: CFS | AA11: Ac. Ft. | AY11: CFS
A12: SEASON BAL
A13: YTD | B13: =NOV!B44 -> 6892.38 | C13: =NOV!C44 -> 256320 | D13: =NOV!D53 -> -3023 | E13: =NOV!E53 -> 104320 | F13: =NOV!F52 -> -1524.0736 | G13: =NOV!G52 -> 1249 | H13: =NOV!H52 -> 0 | I13: =NOV!I52 -> 1249 | J13: =NOV!J52 -> 63.941316 | K13: =NOV!K52 -> 1312.9413 | L13: =NOV!L52 -> -376.67361 | M13: =NOV!M52 -> 105.9 | ... O13: =NOV!O52 -> 0 | Q13: =NOV!Q52 -> 56.3652 | R13: =NOV!R52 -> 67.99 | S13: =NOV!S52 -> 0 | T13: =NOV!T52 -> -18.80868 | U13: =NOV!U52 -> 1401 | V13: =NOV!V52 -> 40.5 | W13: =NOV!W52 -> 1441.0823 | X13: =NOV!X52 -> 1400.5823 | AG13: =NOV!AG52 -> 849 | AH13: =NOV!AH52 -> 3746 | AJ13: =NOV!AJ52 -> 2396.4 | AK13: =NOV!AK52 -> 440.61492 | AL13: =NOV!AL52 -> 2837.0149 | AM13: =NOV!AM53 -> 2778.8835 | AN13: =NOV!AN52 -> 40.5 | AU13: =NOV!AU52 -> 0.46 | AY13: =NOV!AY52 -> 106.31768
A15: 1 | B15: 6892.36 | C15: 256251 | D15: =C15-C13 -> -69 | E15: =C15-152000 -> 104251 | F15: =D15/$D$2 -> -34.786993 | G15: 24 | H15: 0 | I15: =G15+H15 -> 24 | J15: =IF(L15>0,L15,0) -> 0 | K15: =I15+J15 -> 24 | L15: =F15-(I15-AJ15) -> -8.3869927 | M15: 4.4 | N15: 0 | O15: 0 | P15: 0 | Q15: =1.6*1.02 -> 1.632 | R15: 2.25 | S15: 0 | T15: =M15-(Q15+R15+S15) -> 0.518 | U15: 18 | V15: 0 | W15: =M15-N15-O15-P15-Q15-R15-S15-T15+U15+V15 -> 18 | X15: =W15-AN15 -> 18 | AD15: 0 | AG15: 28 | AH15: =AH13-AG15 -> 3718 | AJ15: =N15+O15+P15+Q15+R15+S15+T15+W15+AD15+AG15 -> 50.4 | AK15: =IF(L15<0,L15*-1,0) -> 8.3869927 | AL15: =AJ15+AK15 -> 58.786993 | AM15: =AM13+(W15*1.9835) -> 2814.5865 | AN15: 0 | AU15: 0 | AV15: 47 | AW15: 23 | AY15: =SUM(N15,P15:T15) -> 4.4
A16: =A15+1 -> 2 | B16: 6892.34 | C16: 256181 | D16: =C16-C15 -> -70 | E16: =C16-152000 -> 104181 | F16: =D16/$D$2 -> -35.291152 | G16: 24 | H16: 0 | I16: =G16+H16 -> 24 | J16: =IF(L16>0,L16,0) -> 0 | K16: =I16+J16 -> 24 | L16: =F16-(I16-AJ16) -> -8.791152 | M16: 3.5 | N16: 0 | O16: 0 | P16: 0 | Q16: =1.6*1.02 -> 1.632 | R16: 2.15 | S16: 0 | T16: =M16-(Q16+R16+S16) -> -0.282 | U16: 19 | V16: 0 | W16: =M16-N16-O16-P16-Q16-R16-S16-T16+U16+V16 -> 19 | X16: =W16-AN16 -> 19 | AD16: 0 | AG16: 28 | AH16: =AH15-AG16 -> 3690 | AJ16: =N16+O16+P16+Q16+R16+S16+T16+W16+AD16+AG16 -> 50.5 | AK16: =IF(L16<0,L16*-1,0) -> 8.791152 | AL16: =AJ16+AK16 -> 59.291152 | AM16: =AM15+(W16*1.9835) -> 2852.273 | AN16: 0 | AU16: 0 | AV16: 41 | AW16: 21 | AY16: =SUM(N16,P16:T16) -> 3.5
A17: =A16+1 -> 3 | B17: 6892.32 | C17: 256112 | D17: =C17-C16 -> -69 | E17: =C17-152000 -> 104112 | F17: =D17/$D$2 -> -34.786993 | G17: 24 | H17: 0 | I17: =G17+H17 -> 24 | J17: =IF(L17>0,L17,0) -> 0 | K17: =I17+J17 -> 24 | L17: =F17-(I17-AJ17) -> -8.2869927 | M17: 3.5 | N17: 0 | O17: 0 | P17: 0 | Q17: =1.6*1.02 -> 1.632 | R17: 2.11 | S17: 0 | T17: =M17-(Q17+R17+S17) -> -0.242 | U17: 19 | V17: 0 | W17: =M17-N17-O17-P17-Q17-R17-S17-T17+U17+V17 -> 19 | X17: =W17-AN17 -> 19 | AD17: 0 | AG17: 28 | AH17: =AH16-AG17 -> 3662 | AJ17: =N17+O17+P17+Q17+R17+S17+T17+W17+AD17+AG17 -> 50.5 | AK17: =IF(L17<0,L17*-1,0) -> 8.2869927 | AL17: =AJ17+AK17 -> 58.786993 | AM17: =AM16+(W17*1.9835) -> 2889.9595 | AN17: 0 | AU17: 0 | AV17: 27 | AW17: 8 | AY17: =SUM(N17,P17:T17) -> 3.5
A18: =A17+1 -> 4 | B18: 6892.3 | C18: 256043 | D18: =C18-C17 -> -69 | E18: =C18-152000 -> 104043 | F18: =D18/$D$2 -> -34.786993 | G18: 24 | H18: 0 | I18: =G18+H18 -> 24 | J18: =IF(L18>0,L18,0) -> 0 | K18: =I18+J18 -> 24 | L18: =F18-(I18-AJ18) -> -8.1869927 | M18: 3.6 | N18: 0 | O18: 0 | P18: 0 | Q18: =1.6*1.02 -> 1.632 | R18: 2.38 | S18: 0 | T18: =M18-(Q18+R18+S18) -> -0.412 | U18: 19 | V18: 0 | W18: =M18-N18-O18-P18-Q18-R18-S18-T18+U18+V18 -> 19 | X18: =W18-AN18 -> 19 | AD18: 0 | AG18: 28 | AH18: =AH17-AG18 -> 3634 | AJ18: =N18+O18+P18+Q18+R18+S18+T18+W18+AD18+AG18 -> 50.6 | AK18: =IF(L18<0,L18*-1,0) -> 8.1869927 | AL18: =AJ18+AK18 -> 58.786993 | AM18: =AM17+(W18*1.9835) -> 2927.646 | AN18: 0 | AU18: 0 | AV18: 33 | AW18: 6 | AY18: =SUM(N18,P18:T18) -> 3.6
A19: =A18+1 -> 5 | B19: 6892.28 | C19: 255973 | D19: =C19-C18 -> -70 | E19: =C19-152000 -> 103973 | F19: =D19/$D$2 -> -35.291152 | G19: 24 | H19: 0 | I19: =G19+H19 -> 24 | J19: =IF(L19>0,L19,0) -> 0 | K19: =I19+J19 -> 24 | L19: =F19-(I19-AJ19) -> -8.691152 | M19: 3.6 | N19: 0 | O19: 0 | P19: 0 | Q19: =1.6*1.02 -> 1.632 | R19: 2.04 | S19: 0 | T19: =M19-(Q19+R19+S19) -> -0.072 | U19: 19 | V19: 0 | W19: =M19-N19-O19-P19-Q19-R19-S19-T19+U19+V19 -> 19 | X19: =W19-AN19 -> 19 | AD19: 0 | AG19: 28 | AH19: =AH18-AG19 -> 3606 | AJ19: =N19+O19+P19+Q19+R19+S19+T19+W19+AD19+AG19 -> 50.6 | AK19: =IF(L19<0,L19*-1,0) -> 8.691152 | AL19: =AJ19+AK19 -> 59.291152 | AM19: =AM18+(W19*1.9835) -> 2965.3325 | AN19: 0 | AU19: 0 | AV19: 35 | AW19: 14 | AY19: =SUM(N19,P19:T19) -> 3.6
A20: =A19+1 -> 6 | B20: 6892.26 | C20: 255904 | D20: =C20-C19 -> -69 | E20: =C20-152000 -> 103904 | F20: =D20/$D$2 -> -34.786993 | G20: 24 | H20: 0 | I20: =G20+H20 -> 24 | J20: =IF(L20>0,L20,0) -> 0 | K20: =I20+J20 -> 24 | L20: =F20-(I20-AJ20) -> -8.3869927 | M20: 3.4 | N20: 0 | O20: 0 | P20: 0 | Q20: =1.6*1.02 -> 1.632 | R20: 2.07 | S20: 0 | T20: =M20-(Q20+R20+S20) -> -0.302 | U20: 19 | V20: 0 | W20: =M20-N20-O20-P20-Q20-R20-S20-T20+U20+V20 -> 19 | X20: =W20-AN20 -> 19 | AD20: 0 | AG20: 28 | AH20: =AH19-AG20 -> 3578 | AJ20: =N20+O20+P20+Q20+R20+S20+T20+W20+AD20+AG20 -> 50.4 | AK20: =IF(L20<0,L20*-1,0) -> 8.3869927 | AL20: =AJ20+AK20 -> 58.786993 | AM20: =AM19+(W20*1.9835) -> 3003.019 | AN20: 0 | AU20: 0 | AV20: 33 | AW20: 22 | AY20: =SUM(N20,P20:T20) -> 3.4
A21: =A20+1 -> 7 | B21: 6892.21 | C21: 255731 | D21: =C21-C20 -> -173 | E21: =C21-152000 -> 103731 | F21: =D21/$D$2 -> -87.219561 | G21: 24 | H21: 0 | I21: =G21+H21 -> 24 | J21: =IF(L21>0,L21,0) -> 0.48043862 | K21: =I21+J21 -> 24.480439 | L21: =F21-(I21-AJ21) -> 0.48043862 | M21: 3.7 | N21: 0 | O21: 0 | P21: 0 | Q21: =1.6*1.02 -> 1.632 | R21: 2.15 | S21: 0 | T21: =M21-(Q21+R21+S21) -> -0.082 | U21: 79 | V21: 0 | W21: =M21-N21-O21-P21-Q21-R21-S21-T21+U21+V21 -> 79 | X21: =W21-AN21 -> 79 | AD21: 0 | AG21: 29 | AH21: =AH20-AG21 -> 3549 | AJ21: =N21+O21+P21+Q21+R21+S21+T21+W21+AD21+AG21 -> 111.7 | AK21: =IF(L21<0,L21*-1,0) -> 0 | AL21: =AJ21+AK21 -> 111.7 | AM21: =AM20+(W21*1.9835) -> 3159.7155 | AN21: 0 | AU21: 0.52 | AV21: 32 | AW21: 26 | AY21: =SUM(N21,P21:T21) -> 3.7
A22: =A21+1 -> 8 | B22: 6892.16 | C22: 255557 | D22: =C22-C21 -> -174 | E22: =C22-152000 -> 103557 | F22: =D22/$D$2 -> -87.723721 | G22: 24 | H22: 0 | I22: =G22+H22 -> 24 | J22: =IF(L22>0,L22,0) -> 66.476279 | K22: =I22+J22 -> 90.476279 | L22: =F22-(I22-AJ22) -> 66.476279 | M22: 3.2 | N22: 0 | O22: 0 | P22: 0 | Q22: =1.6*1.02 -> 1.632 | R22: 2.33 | S22: 0 | T22: =M22-(Q22+R22+S22) -> -0.762 | U22: 145 | V22: 0 | W22: =M22-N22-O22-P22-Q22-R22-S22-T22+U22+V22 -> 145 | X22: =W22-AN22 -> 145 | AD22: 0 | AG22: 30 | AH22: =AH21-AG22 -> 3519 | AJ22: =N22+O22+P22+Q22+R22+S22+T22+W22+AD22+AG22 -> 178.2 | AK22: =IF(L22<0,L22*-1,0) -> 0 | AL22: =AJ22+AK22 -> 178.2 | AM22: =AM21+(W22*1.9835) -> 3447.323 | AN22: 0 | AU22: 0.32 | AV22: 33 | AW22: 4 | AY22: =SUM(N22,P22:T22) -> 3.2
A23: =A22+1 -> 9 | B23: 6892.08 | C23: 255280 | D23: =C23-C22 -> -277 | E23: =C23-152000 -> 103280 | F23: =D23/$D$2 -> -139.65213 | G23: 24 | H23: 0 | I23: =G23+H23 -> 24 | J23: =IF(L23>0,L23,0) -> 14.74787 | K23: =I23+J23 -> 38.74787 | L23: =F23-(I23-AJ23) -> 14.74787 | M23: 3.4 | N23: 0 | O23: 0 | P23: 0 | Q23: =1.6*1.02 -> 1.632 | R23: 2.27 | S23: 0 | T23: =M23-(Q23+R23+S23) -> -0.502 | U23: 145 | V23: 0 | W23: =M23-N23-O23-P23-Q23-R23-S23-T23+U23+V23 -> 145 | X23: =W23-AN23 -> 145 | AD23: 0 | AG23: 30 | AH23: =AH22-AG23 -> 3489 | AJ23: =N23+O23+P23+Q23+R23+S23+T23+W23+AD23+AG23 -> 178.4 | AK23: =IF(L23<0,L23*-1,0) -> 0 | AL23: =AJ23+AK23 -> 178.4 | AM23: =AM22+(W23*1.9835) -> 3734.9305 | AN23: 0 | AU23: 0 | AV23: 25 | AW23: -6 | AY23: =SUM(N23,P23:T23) -> 3.4
A24: =A23+1 -> 10 | B24: 6892 | C24: 255003 | D24: =C24-C23 -> -277 | E24: =C24-152000 -> 103003 | F24: =D24/$D$2 -> -139.65213 | G24: 24 | H24: 0 | I24: =G24+H24 -> 24 | J24: =IF(L24>0,L24,0) -> 14.84787 | K24: =I24+J24 -> 38.84787 | L24: =F24-(I24-AJ24) -> 14.84787 | M24: 3.5 | N24: 0 | O24: 0 | P24: 0 | Q24: =1.6*1.02 -> 1.632 | R24: 2.43 | S24: 0 | T24: =M24-(Q24+R24+S24) -> -0.562 | U24: 145 | V24: 0 | W24: =M24-N24-O24-P24-Q24-R24-S24-T24+U24+V24 -> 145 | X24: =W24-AN24 -> 145 | AD24: 0 | AG24: 30 | AH24: =AH23-AG24 -> 3459 | AJ24: =N24+O24+P24+Q24+R24+S24+T24+W24+AD24+AG24 -> 178.5 | AK24: =IF(L24<0,L24*-1,0) -> 0 | AL24: =AJ24+AK24 -> 178.5 | AM24: =AM23+(W24*1.9835) -> 4022.538 | AN24: 0 | AU24: 0 | AV24: 23 | AW24: -11 | AY24: =SUM(N24,P24:T24) -> 3.5
A25: =A24+1 -> 11 | B25: 6891.92 | C25: 254728 | D25: =C25-C24 -> -275 | E25: =C25-152000 -> 102728 | F25: =D25/$D$2 -> -138.64381 | G25: 24 | H25: 0 | I25: =G25+H25 -> 24 | J25: =IF(L25>0,L25,0) -> 15.856189 | K25: =I25+J25 -> 39.856189 | L25: =F25-(I25-AJ25) -> 15.856189 | M25: 3.5 | N25: 0 | O25: 0 | P25: 0 | Q25: =1.6*1.02 -> 1.632 | R25: 2.27 | S25: 0 | T25: =M25-(Q25+R25+S25) -> -0.402 | U25: 145 | V25: 0 | W25: =M25-N25-O25-P25-Q25-R25-S25-T25+U25+V25 -> 145 | X25: =W25-AN25 -> 145 | AD25: 0 | AG25: 30 | AH25: =AH24-AG25 -> 3429 | AJ25: =N25+O25+P25+Q25+R25+S25+T25+W25+AD25+AG25 -> 178.5 | AK25: =IF(L25<0,L25*-1,0) -> 0 | AL25: =AJ25+AK25 -> 178.5 | AM25: =AM24+(W25*1.9835) -> 4310.1455 | AN25: 0 | AU25: 0 | AV25: 30 | AW25: -10 | AY25: =SUM(N25,P25:T25) -> 3.5
A26: =A25+1 -> 12 | B26: 6891.84 | C26: 254453 | D26: =C26-C25 -> -275 | E26: =C26-152000 -> 102453 | F26: =D26/$D$2 -> -138.64381 | G26: 24 | H26: 0 | I26: =G26+H26 -> 24 | J26: =IF(L26>0,L26,0) -> 14.856189 | K26: =I26+J26 -> 38.856189 | L26: =F26-(I26-AJ26) -> 14.856189 | M26: 3.5 | N26: 0 | O26: 0 | P26: 0 | Q26: =1.6*1.02 -> 1.632 | R26: 2.19 | S26: 0 | T26: =M26-(Q26+R26+S26) -> -0.322 | U26: 144 | V26: 0 | W26: =M26-N26-O26-P26-Q26-R26-S26-T26+U26+V26 -> 144 | X26: =W26-AN26 -> 144 | AD26: 0 | AG26: 30 | AH26: =AH25-AG26 -> 3399 | AJ26: =N26+O26+P26+Q26+R26+S26+T26+W26+AD26+AG26 -> 177.5 | AK26: =IF(L26<0,L26*-1,0) -> 0 | AL26: =AJ26+AK26 -> 177.5 | AM26: =AM25+(W26*1.9835) -> 4595.7695 | AN26: 0 | AU26: 0.01 | AV26: 33 | AW26: 22 | AY26: =SUM(N26,P26:T26) -> 3.5
A27: =A26+1 -> 13 | B27: 6891.76 | C27: 254179 | D27: =C27-C26 -> -274 | E27: =C27-152000 -> 102179 | F27: =D27/$D$2 -> -138.13965 | G27: 24 | H27: 0 | I27: =G27+H27 -> 24 | J27: =IF(L27>0,L27,0) -> 15.360348 | K27: =I27+J27 -> 39.360348 | L27: =F27-(I27-AJ27) -> 15.360348 | M27: 3.5 | N27: 0 | O27: 0 | P27: 0 | Q27: =1.6*1.02 -> 1.632 | R27: 2.45 | S27: 0 | T27: =M27-(Q27+R27+S27) -> -0.582 | U27: 144 | V27: 0 | W27: =M27-N27-O27-P27-Q27-R27-S27-T27+U27+V27 -> 144 | X27: =W27-AN27 -> 144 | AD27: 0 | AG27: 30 | AH27: =AH26-AG27 -> 3369 | AJ27: =N27+O27+P27+Q27+R27+S27+T27+W27+AD27+AG27 -> 177.5 | AK27: =IF(L27<0,L27*-1,0) -> 0 | AL27: =AJ27+AK27 -> 177.5 | AM27: =AM26+(W27*1.9835) -> 4881.3935 | AN27: 0 | AU27: 0.03 | AV27: 36 | AW27: 21 | AY27: =SUM(N27,P27:T27) -> 3.5
... A43: =A42+1 -> 29 | B43: 6891.48 | C43: 253217 | D43: =C43-C42 -> 34 | E43: =C43-152000 -> 101217 | F43: =D43/$D$2 -> 17.141417 | G43: 30 | H43: 0 | I43: =G43+H43 -> 30 | J43: =IF(L43>0,L43,0) -> 22.341417 | K43: =I43+J43 -> 52.341417 | L43: =F43-(I43-AJ43) -> 22.341417 | M43: 5.2 | N43: 0 | O43: 0 | P43: 0 | Q43: =1.6*1.02 -> 1.632 | R43: 2.18 | S43: 0 | T43: =M43-(Q43+R43+S43) -> 1.388 | U43: 0 | V43: 0 | W43: =M43-N43-O43-P43-Q43-R43-S43-T43+U43+V43 -> 0 | X43: =W43-AN43 -> 0 | AD43: 0 | AG43: 30 | AH43: =AH42-AG43 -> 2889 | AJ43: =N43+O43+P43+Q43+R43+S43+T43+W43+AD43+AG43 -> 35.2 | AK43: =IF(L43<0,L43*-1,0) -> 0 | AL43: =AJ43+AK43 -> 35.2 | AM43: =AM42+(W43*1.9835) -> 5922.731 | AN43: 0 | AU43: 0 | AV43: 32 | AW43: 16 | AY43: =SUM(N43,P43:T43) -> 5.2
A44: 30 | B44: 6891.5 | C44: 253286 | D44: =C44-C43 -> 69 | E44: =C44-152000 -> 101286 | F44: =D44/$D$2 -> 34.786993 | G44: 30 | H44: 0 | I44: =G44+H44 -> 30 | J44: =IF(L44>0,L44,0) -> 40.686993 | K44: =I44+J44 -> 70.686993 | L44: =F44-(I44-AJ44) -> 40.686993 | M44: 5.9 | N44: 0 | O44: 0 | P44: 0 | Q44: =1.6*1.02 -> 1.632 | R44: 2.21 | S44: 0 | T44: =M44-(Q44+R44+S44) -> 2.058 | U44: 0 | V44: 0 | W44: =M44-N44-O44-P44-Q44-R44-S44-T44+U44+V44 -> 0 | X44: =W44-AN44 -> 0 | AD44: 0 | AG44: 30 | AH44: =AH43-AG44 -> 2859 | AJ44: =N44+O44+P44+Q44+R44+S44+T44+W44+AD44+AG44 -> 35.9 | AK44: =IF(L44<0,L44*-1,0) -> 0 | AL44: =AJ44+AK44 -> 35.9 | AM44: =AM43+(W44*1.9835) -> 5922.731 | AN44: 0 | AU44: 0.25 | AV44: 27 | AW44: 21 | AY44: =SUM(N44,P44:T44) -> 5.9
A45: 31 | B45: 6891.52 | C45: 253355 | D45: =C45-C44 -> 69 | E45: =C45-152000 -> 101355 | F45: =D45/$D$2 -> 34.786993 | G45: 30 | H45: 0 | I45: =G45+H45 -> 30 | J45: =IF(L45>0,L45,0) -> 39.786993 | K45: =I45+J45 -> 69.786993 | L45: =F45-(I45-AJ45) -> 39.786993 | M45: 5 | N45: 0 | O45: 0 | P45: 0 | Q45: =1.6*1.02 -> 1.632 | R45: 2.46 | S45: 0 | T45: =M45-(Q45+R45+S45) -> 0.908 | U45: 0 | V45: 0 | W45: =M45-N45-O45-P45-Q45-R45-S45-T45+U45+V45 -> 0 | X45: =W45-AN45 -> 0 | AD45: 0 | AG45: 30 | AH45: =AH44-AG45 -> 2829 | AJ45: =N45+O45+P45+Q45+R45+S45+T45+W45+AD45+AG45 -> 35 | AK45: =IF(L45<0,L45*-1,0) -> 0 | AL45: =AJ45+AK45 -> 35 | AM45: =AM44+(W45*1.9835) -> 5922.731 | AN45: 0 | AU45: 0 | AV45: 31 | AW45: 3 | AY45: =SUM(N45,P45:T45) -> 5
W46: =M46-N46-O46-Q46-R46-S46+U46+V46 -> 0 | X46: =N46-O46-P46-R46-S46-T46+V46+W46 -> 0 | AJ46: =N46+O46+Q46+R46+S46+W46+AD46+AG46 -> 0
A47: MONTH / CFS | F47: =SUM(F15:F45) -> -1494.8324 | G47: =SUM(G15:G45) -> 792 | H47: =SUM(H15:H45) -> 0 | I47: =SUM(I15:I45) -> 792 | J47: =SUM(J15:J45) -> 395.93932 | K47: =SUM(K15:K45) -> 1187.9393 | L47: =SUM(L15:L45) -> 334.56763 | M47: =SUM(M15:M46) -> 119.4 | N47: =SUM(N15:N45) -> 0 | O47: =SUM(O15:O45) -> 0 | Q47: =SUM(Q15:Q45) -> 50.592 | R47: =SUM(R15:R45) -> 69.92 | S47: =SUM(S15:S45) -> 0 | T47: =SUM(T15:T45) -> -1.112 | U47: =SUM(U15:U45) -> 1585 | V47: =SUM(V15:V45) -> 0 | W47: =SUM(W15:W45) -> 1585 | X47: =SUM(X15:X45) -> 1585 | AG47: =SUM(AG15:AG46) -> 917 | AI47: =SUM(AI16:AI45) -> 0 | AJ47: =SUM(AJ15:AJ46) -> 2621.4 | AK47: =SUM(AK15:AK45) -> 61.371691 | AL47: =SUM(AL15:AL45) -> 2682.7717 | AN47: =SUM(AN15:AN45) -> 0 | AU47: =SUM(AU15:AU45) -> 1.24 | AV47: =AVERAGE(AV15:AV45) -> 33.612903 | AW47: =AVERAGE(AW15:AW45) -> 8.5483871 | AX47: Avg | AY47: =SUM(AY15:AY45) -> 119.4
A48: MONTH / AF | D48: =SUM(D15:D45) -> -2965 | F48: =F47*$D$2 -> -2965 | G48: =G47*$D$2 -> 1570.932 | H48: =H47*$D$2 -> 0 | I48: =I47*$D$2 -> 1570.932 | J48: =J47*$D$2 -> 785.34565 | K48: =K47*$D$2 -> 2356.2776 | L48: =L47*$D$2 -> 663.6149 | M48: =M47*$D$2 -> 236.8299 | ... O48: =O47*$D$2 -> 0 | Q48: =Q47*$D$2 -> 100.34923 | R48: =R47*$D$2 -> 138.68632 | S48: =S47*$D$2 -> 0 | T48: =T47*$D$2 -> -2.205652 | U48: =U47*$D$2 -> 3143.8475 | V48: =V47*$D$2 -> 0 | W48: =W47*$D$2 -> 3143.8475 | X48: =X47*$D$2 -> 3143.8475 | AG48: =AG47*$D$2 -> 1818.8695 | AI48: =AI47*$D$2 -> 0 | AJ48: =AJ47*$D$2 -> 5199.5469 | AK48: =AK47*$D$2 -> 121.73075 | AL48: =AL47*$D$2 -> 5321.2776 | AN48: =AN47*$D$2 -> 0 | AV48: =MAX(AV15:AV45) -> 47 | AW48: =MAX(AW15:AW45) -> 26 | AX48: HI | AY48: =AY47*$D$2 -> 236.8299
A50: SEASON / CFS | AV50: =MIN(AV15:AV45) -> 23 | AW50: =MIN(AW15:AW45) -> -11 | AX50: LO
A51: SEASON / AF
A53: YTD / CFS | F53: =F13+F47 -> -3018.906 | G53: =G13+G47 -> 2041 | H53: =H13+H47 -> 0 | I53: =I13+I47 -> 2041 | J53: =J13+J47 -> 459.88064 | K53: =K13+K47 -> 2500.8806 | L53: =L13+L47 -> -42.105974 | M53: =M13+M47 -> 225.3 | N53: =N13+N47 -> 0 | O53: 0 | Q53: =Q13+Q47 -> 106.9572 | R53: =R13+R47 -> 137.91 | S53: =S13+S47 -> 0 | T53: =T13+T47 -> -19.92068 | U53: =U13+U47 -> 2986 | V53: =V13+V47 -> 40.5 | W53: =W13+W47 -> 3026.0823 | X53: =X13+X47 -> 2985.5823 | AG53: =AG13+AG47 -> 1766 | AH53: =AH45 -> 2829 | AI53: =AI14+AI47 -> 0 | AJ53: =AJ13+AJ47 -> 5017.8 | AK53: =AK13+AK47 -> 501.98661 | AL53: =AL13+AL47 -> 5519.7866 | AN53: =AN13+AN47 -> 40.5 | AU53: =AU13+AU47 -> 1.7 | AY53: =AY13+AY47 -> 225.71768
A54: YTD / AF | D54: =D13+D48 -> -5988 | E54: =E45 -> 101355 | F54: =F53*$D$2 -> -5988 | G54: =G53*$D$2 -> 4048.3235 | H54: =H53*$D$2 -> 0 | I54: =I53*$D$2 -> 4048.3235 | J54: =J53*$D$2 -> 912.17325 | K54: =K53*$D$2 -> 4960.4968 | L54: =L53*$D$2 -> -83.5172 | M54: =M53*$D$2 -> 446.88255 | ... O54: =O53*$D$2 -> 0 | Q54: =Q53*$D$2 -> 212.14961 | R54: =R53*$D$2 -> 273.54449 | S54: =S53*$D$2 -> 0 | T54: =T53*$D$2 -> -39.512669 | U54: =U53*$D$2 -> 5922.731 | V54: =V53*$D$2 -> 80.33175 | W54: =W53*$D$2 -> 6002.2343 | X54: =X53*$D$2 -> 5921.9025 | AG54: =AG53*$D$2 -> 3502.861 | AH54: =AH53*$D$2 -> 5611.3215 | AI54: =AI53*$D$2 -> 0 | AJ54: =AJ53*$D$2 -> 9952.8063 | AK54: =AK53*$D$2 -> 995.69045 | AL54: =AL53*$D$2 -> 10948.497 | AM54: =AM45 -> 5922.731 | AN54: =AN53*$D$2 -> 80.33175 | AY54: =AY53*$D$2 -> 447.71102

Sheet JAN
K1: MCPHEE RESERVOIR INFLOW/OUTFLOW TABULATION
A2: AF/cfs CONVERT FACTOR | D2: 1.9835 | K2: JANUARY "2010"
D4: RESERVOIR | W4: INFLOW/OUTFLOW (CFS) | AO4: ADJUSTMENTS | AV4: WEATHER
A5: DATE | B5: RESERV | C5: RESERV | D5: AC FT | E5: ACTIVE | F5: CONV TO | G5: DOLORES | H5: LOST | I5: RECORD | J5: CALC | K5: TOTAL | L5: CALC | M5: DOLORES TUNNEL | U5: LONE | V5: U | W5: TOTAL | X5: TOTAL | Y5: MVI | Z5: MVI | AA5: MVI | AB5: TO EX & | AC5: MVI | AD5: DV CR | AE5: D/S SENIOR | AG5: BELOW | AH5: FISH | AI5: SPILL | AJ5: RECORD | AK5: CALC | AL5: TOTAL | AM5: NAR | AN5: MVI | AO5: MVI | AP5: MVI | AQ5: DIST. | AR5: U/S | AS5: TOTTEN | AT5: UTES | AU5: RAIN | AV5: MAX | AW5: MIN | AY5: TOTAL
A6: DEC | B6: ELEV | D6: CHANGE | E6: CAP | F6: CFS | G6: RIVER | H6: CAN | I6: INFLOW | J6: INFLOW | K6: INFLOW | L6: INF/OTF | M6: TOT DIV | N6: WET | O6: UTE | P6: QUEST | Q6: MWC | R6: CTZ | S6: CTZ & | T6: F-BAY | U6: PINE | V6: LAT | W6: MVI | X6: MVI | Y6: CALL | Z6: CALL | AA6: APR- | AB6: U/S EX | AC6: PROJ | AD6: CANAL | AE6: MVIC | AF6: PROJ | AG6: MCP | AH6: LEFT | AJ6: OTF | AK6: OTF | AL6: OTF | AM6: FILL | AN6: STOCK | AO6: STORED | AP6: STORED | AQ6: CLASS | AR6: USERS | AS6: (FRESH | AT6: FROM | AV6: TMP | AW6: TMP | AY6: TUNNEL
N7: LAND | O7: F&R | S7: UTE | T7: SPILL | W7: WATER | X7: IRRIG. | Y7: STOR | Z7: SPILLED | AA7: JUNE | AE7: 1.7 | AF7: 1.3 | AO7: Apr - Jun | AP7: EVAP | AQ7: "B" | AR7: EXCH | AS7: WATER) | AT7: DWCD | AY7: Misc.
W8: USED | X8: WATER | Z8: OR | AA8: (DIV+
X9: USED | Z9: USED | AA9: CALL)
C10: AC. Ft. | E10: AC FT | G10: CFS | H10: CFS | I10: CFS | J10: CFS | K10: CFS | L10: CFS | M10: CFS | N10: CFS | O10: CFS | P10: CFS | Q10: CFS | R10: CFS | S10: PROJ | T10: CFS | U10: CFS | V10: CFS | W10: 153400 | X10: 150400 | AA10: 72000 | AB10: CFS | AC10: CFS | AD10: CFS | AE10: CFS | AF10: CFS | AG10: CFS | AH10: CFS | AI10: CFS | AJ10: CFS | AK10: CFS | AL10: CFS | AM10: AC FT | AN10: CFS | AO10: CFS | AP10: AC.FT. | AQ10: CFS | AR10: CFS | AS10: CFS | AT10: CFS | AY10: Outflow
N11: 1.03 | O11: 1.05 | P11: 1.02 | Q11: 1.02 | R11: 1.04 | S11: CFS | W11: CFS | X11: CFS | Y11: CFS | Z11: CFS | AA11: Ac. Ft. | AY11: CFS
A12: SEASON BAL
A13: YTD | B13: =DEC!B45 -> 6891.52 | C13: =DEC!C45 -> 253355 | D13: =DEC!D54 -> -5988 | E13: =DEC!E54 -> 101355 | F13: =DEC!F53 -> -3018.906 | G13: =DEC!G53 -> 2041 | H13: =DEC!H53 -> 0 | I13: =DEC!I53 -> 2041 | J13: =DEC!J53 -> 459.88064 | K13: =DEC!K53 -> 2500.8806 | L13: =DEC!L53 -> -42.105974 | M13: =DEC!M53 -> 225.3 | ... X13: =DEC!X53 -> 2985.5823 | AG13: =DEC!AG53 -> 1766 | AH13: =DEC!AH53 -> 2829 | AJ13: =DEC!AJ53 -> 5017.8 | AK13: =DEC!AK53 -> 501.98661 | AL13: =DEC!AL53 -> 5519.7866 | AM13: =DEC!AM54 -> 5922.731 | AN13: =DEC!AN53 -> 40.5 | AU13: =DEC!AU53 -> 1.7 | AY13: =DEC!AY53 -> 225.71768
A15: 1 | B15: 6891.52 | C15: 253355 | D15: =C15-C13 -> 0 | E15: =C15-152000 -> 101355 | F15: =D15/$D$2 -> 0 | G15: 30 | H15: 0 | I15: =G15+H15 -> 30 | J15: =IF(L15>0,L15,0) -> 2.3 | K15: =I15+J15 -> 32.3 | L15: =F15-(I15-AJ15) -> 2.3 | M15: 2.3 | N15: 0 | O15: 0 | P15: 0 | Q15: =1.477*1.02 -> 1.50654 | R15: 2.47 | S15: 0 | T15: =M15-(Q15+R15+S15) -> -1.67654 | U15: 0 | V15: 0 | W15: =M15-N15-O15-P15-Q15-R15-S15-T15+U15+V15 -> 0 | X15: =W15-AN15 -> 0 | AD15: 0 | AG15: 30 | AH15: =AH13-AG15 -> 2799 | AJ15: =N15+O15+P15+Q15+R15+S15+T15+W15+AD15+AG15 -> 32.3 | AK15: =IF(L15<0,L15*-1,0) -> 0 | AL15: =AJ15+AK15 -> 32.3 | AM15: =AM13+(W15*1.9835) -> 5922.731 | AN15: 0 | AU15: 0 | AV15: 26 | AW15: -5 | AY15: =SUM(N15,P15:T15) -> 2.3
A16: =A15+1 -> 2 | B16: 6891.53 | C16: 253389 | D16: =C16-C15 -> 34 | E16: =C16-152000 -> 101389 | F16: =D16/$D$2 -> 17.141417 | G16: 30 | H16: 0 | I16: =G16+H16 -> 30 | J16: =IF(L16>0,L16,0) -> 19.741417 | K16: =I16+J16 -> 49.741417 | L16: =F16-(I16-AJ16) -> 19.741417 | M16: 2.6 | N16: 0 | O16: 0 | P16: 0 | Q16: =1.477*1.02 -> 1.50654 | R16: 2.33 | S16: 0 | T16: =M16-(Q16+R16+S16) -> -1.23654 | U16: 0 | V16: 0 | W16: =M16-N16-O16-P16-Q16-R16-S16-T16+U16+V16 -> 0 | X16: =W16-AN16 -> 0 | AD16: 0 | AG16: 30 | AH16: =AH15-AG16 -> 2769 | AJ16: =N16+O16+P16+Q16+R16+S16+T16+W16+AD16+AG16 -> 32.6 | AK16: =IF(L16<0,L16*-1,0) -> 0 | AL16: =AJ16+AK16 -> 32.6 | AM16: =AM15+(W16*1.9835) -> 5922.731 | AN16: 0 | AU16: 0 | AV16: 33 | AW16: -3 | AY16: =SUM(N16,P16:T16) -> 2.6
A17: =A16+1 -> 3 | B17: 6891.53 | C17: 253389 | D17: =C17-C16 -> 0 | E17: =C17-152000 -> 101389 | F17: =D17/$D$2 -> 0 | G17: 30 | H17: 0.25 | I17: =G17+H17 -> 30.25 | J17: =IF(L17>0,L17,0) -> 2.35 | K17: =I17+J17 -> 32.6 | L17: =F17-(I17-AJ17) -> 2.35 | M17: 2.6 | N17: 0 | O17: 0 | P17: 0 | Q17: =1.477*1.02 -> 1.50654 | R17: 2.52 | S17: 0 | T17: =M17-(Q17+R17+S17) -> -1.42654 | U17: 0 | V17: 0 | W17: =M17-N17-O17-P17-Q17-R17-S17-T17+U17+V17 -> 0 | X17: =W17-AN17 -> 0 | AD17: 0 | AG17: 30 | AH17: =AH16-AG17 -> 2739 | AJ17: =N17+O17+P17+Q17+R17+S17+T17+W17+AD17+AG17 -> 32.6 | AK17: =IF(L17<0,L17*-1,0) -> 0 | AL17: =AJ17+AK17 -> 32.6 | AM17: =AM16+(W17*1.9835) -> 5922.731 | AN17: 0 | AU17: 0 | AV17: 30 | AW17: -4 | AY17: =SUM(N17,P17:T17) -> 2.6
A18: =A17+1 -> 4 | B18: 6891.53 | C18: 253389 | D18: =C18-C17 -> 0 | E18: =C18-152000 -> 101389 | F18: =D18/$D$2 -> 0 | G18: 30 | H18: 0.5 | I18: =G18+H18 -> 30.5 | J18: =IF(L18>0,L18,0) -> 2 | K18: =I18+J18 -> 32.5 | L18: =F18-(I18-AJ18) -> 2 | M18: 2.5 | N18: 0 | O18: 0 | P18: 0 | Q18: =1.477*1.02 -> 1.50654 | R18: 2.52 | S18: 0 | T18: =M18-(Q18+R18+S18) -> -1.52654 | U18: 0 | V18: 0 | W18: =M18-N18-O18-P18-Q18-R18-S18-T18+U18+V18 -> 0 | X18: =W18-AN18 -> 0 | AD18: 0 | AG18: 30 | AH18: =AH17-AG18 -> 2709 | AJ18: =N18+O18+P18+Q18+R18+S18+T18+W18+AD18+AG18 -> 32.5 | AK18: =IF(L18<0,L18*-1,0) -> 0 | AL18: =AJ18+AK18 -> 32.5 | AM18: =AM17+(W18*1.9835) -> 5922.731 | AN18: 0 | AU18: 0 | AV18: 34 | AW18: 6 | AY18: =SUM(N18,P18:T18) -> 2.5
A19: =A18+1 -> 5 | B19: 6891.54 | C19: 253423 | D19: =C19-C18 -> 34 | E19: =C19-152000 -> 101423 | F19: =D19/$D$2 -> 17.141417 | G19: 31 | H19: 0.5 | I19: =G19+H19 -> 31.5 | J19: =IF(L19>0,L19,0) -> 17.941417 | K19: =I19+J19 -> 49.441417 | L19: =F19-(I19-AJ19) -> 17.941417 | M19: 2.3 | N19: 0 | O19: 0 | P19: 0 | Q19: =1.477*1.02 -> 1.50654 | R19: 2.47 | S19: 0 | T19: =M19-(Q19+R19+S19) -> -1.67654 | U19: 0 | V19: 0 | W19: =M19-N19-O19-P19-Q19-R19-S19-T19+U19+V19 -> 0 | X19: =W19-AN19 -> 0 | AD19: 0 | AG19: 30 | AH19: =AH18-AG19 -> 2679 | AJ19: =N19+O19+P19+Q19+R19+S19+T19+W19+AD19+AG19 -> 32.3 | AK19: =IF(L19<0,L19*-1,0) -> 0 | AL19: =AJ19+AK19 -> 32.3 | AM19: =AM18+(W19*1.9835) -> 5922.731 | AN19: 0 | AU19: 0 | AV19: 38 | AW19: 9 | AY19: =SUM(N19,P19:T19) -> 2.3
A20: =A19+1 -> 6 | B20: 6891.54 | C20: 253423 | D20: =C20-C19 -> 0 | E20: =C20-152000 -> 101423 | F20: =D20/$D$2 -> 0 | G20: 31 | H20: 0.5 | I20: =G20+H20 -> 31.5 | J20: =IF(L20>0,L20,0) -> 0.8 | K20: =I20+J20 -> 32.3 | L20: =F20-(I20-AJ20) -> 0.8 | M20: 2.3 | N20: 0 | O20: 0 | P20: 0 | Q20: =1.477*1.02 -> 1.50654 | R20: 3.52 | S20: 0 | T20: =M20-(Q20+R20+S20) -> -2.72654 | U20: 0 | V20: 0 | W20: =M20-N20-O20-P20-Q20-R20-S20-T20+U20+V20 -> 0 | X20: =W20-AN20 -> 0 | AD20: 0 | AG20: 30 | AH20: =AH19-AG20 -> 2649 | AJ20: =N20+O20+P20+Q20+R20+S20+T20+W20+AD20+AG20 -> 32.3 | AK20: =IF(L20<0,L20*-1,0) -> 0 | AL20: =AJ20+AK20 -> 32.3 | AM20: =AM19+(W20*1.9835) -> 5922.731 | AN20: 0 | AU20: 0 | AV20: 36 | AW20: 10 | AY20: =SUM(N20,P20:T20) -> 2.3
A21: =A20+1 -> 7 | B21: 6891.54 | C21: 253423 | D21: =C21-C20 -> 0 | E21: =C21-152000 -> 101423 | F21: =D21/$D$2 -> 0 | G21: 31 | H21: 0.5 | I21: =G21+H21 -> 31.5 | J21: =IF(L21>0,L21,0) -> 1.3 | K21: =I21+J21 -> 32.8 | L21: =F21-(I21-AJ21) -> 1.3 | M21: 2.8 | N21: 0 | O21: 0 | P21: 0 | Q21: =1.477*1.02 -> 1.50654 | R21: 2.52 | S21: 0 | T21: =M21-(Q21+R21+S21) -> -1.22654 | U21: 0 | V21: 0 | W21: =M21-N21-O21-P21-Q21-R21-S21-T21+U21+V21 -> 0 | X21: =W21-AN21 -> 0 | AD21: 0 | AG21: 30 | AH21: =AH20-AG21 -> 2619 | AJ21: =N21+O21+P21+Q21+R21+S21+T21+W21+AD21+AG21 -> 32.8 | AK21: =IF(L21<0,L21*-1,0) -> 0 | AL21: =AJ21+AK21 -> 32.8 | AM21: =AM20+(W21*1.9835) -> 5922.731 | AN21: 0 | AU21: 0 | AV21: 36 | AW21: 9 | AY21: =SUM(N21,P21:T21) -> 2.8
A22: =A21+1 -> 8 | B22: 6891.55 | C22: 253458 | D22: =C22-C21 -> 35 | E22: =C22-152000 -> 101458 | F22: =D22/$D$2 -> 17.645576 | G22: 31 | H22: 0.5 | I22: =G22+H22 -> 31.5 | J22: =IF(L22>0,L22,0) -> 19.045576 | K22: =I22+J22 -> 50.545576 | L22: =F22-(I22-AJ22) -> 19.045576 | M22: 2.9 | N22: 0 | O22: 0 | P22: 0 | Q22: =1.477*1.02 -> 1.50654 | R22: 2.5 | S22: 0 | T22: =M22-(Q22+R22+S22) -> -1.10654 | U22: 0 | V22: 0 | W22: =M22-N22-O22-P22-Q22-R22-S22-T22+U22+V22 -> 0 | X22: =W22-AN22 -> 0 | AD22: 0 | AG22: 30 | AH22: =AH21-AG22 -> 2589 | AJ22: =N22+O22+P22+Q22+R22+S22+T22+W22+AD22+AG22 -> 32.9 | AK22: =IF(L22<0,L22*-1,0) -> 0 | AL22: =AJ22+AK22 -> 32.9 | AM22: =AM21+(W22*1.9835) -> 5922.731 | AN22: 0 | AU22: 0 | AV22: 30 | AW22: 4 | AY22: =SUM(N22,P22:T22) -> 2.9
A23: =A22+1 -> 9 | B23: 6891.55 | C23: 253458 | D23: =C23-C22 -> 0 | E23: =C23-152000 -> 101458 | F23: =D23/$D$2 -> 0 | G23: 31 | H23: 0.52 | I23: =G23+H23 -> 31.52 | J23: =IF(L23>0,L23,0) -> 1.08 | K23: =I23+J23 -> 32.6 | L23: =F23-(I23-AJ23) -> 1.08 | M23: 2.6 | N23: 0 | O23: 0 | P23: 0 | Q23: =1.477*1.02 -> 1.50654 | R23: 2.56 | S23: 0 | T23: =M23-(Q23+R23+S23) -> -1.46654 | U23: 0 | V23: 0 | W23: =M23-N23-O23-P23-Q23-R23-S23-T23+U23+V23 -> 0 | X23: =W23-AN23 -> 0 | AD23: 0 | AG23: 30 | AH23: =AH22-AG23 -> 2559 | AJ23: =N23+O23+P23+Q23+R23+S23+T23+W23+AD23+AG23 -> 32.6 | AK23: =IF(L23<0,L23*-1,0) -> 0 | AL23: =AJ23+AK23 -> 32.6 | AM23: =AM22+(W23*1.9835) -> 5922.731 | AN23: 0 | AU23: 0 | AV23: 32 | AW23: 4 | AY23: =SUM(N23,P23:T23) -> 2.6
A24: =A23+1 -> 10 | B24: 6891.55 | C24: 253458 | D24: =C24-C23 -> 0 | E24: =C24-152000 -> 101458 | F24: =D24/$D$2 -> 0 | G24: 31 | H24: 0.58 | I24: =G24+H24 -> 31.58 | J24: =IF(L24>0,L24,0) -> 1.02 | K24: =I24+J24 -> 32.6 | L24: =F24-(I24-AJ24) -> 1.02 | M24: 2.6 | N24: 0 | O24: 0 | P24: 0 | Q24: =1.477*1.02 -> 1.50654 | R24: 2.51 | S24: 0 | T24: =M24-(Q24+R24+S24) -> -1.41654 | U24: 0 | V24: 0 | W24: =M24-N24-O24-P24-Q24-R24-S24-T24+U24+V24 -> 0 | X24: =W24-AN24 -> 0 | AD24: 0 | AG24: 30 | AH24: =AH23-AG24 -> 2529 | AJ24: =N24+O24+P24+Q24+R24+S24+T24+W24+AD24+AG24 -> 32.6 | AK24: =IF(L24<0,L24*-1,0) -> 0 | AL24: =AJ24+AK24 -> 32.6 | AM24: =AM23+(W24*1.9835) -> 5922.731 | AN24: 0 | AU24: 0 | AV24: 38 | AW24: 7 | AY24: =SUM(N24,P24:T24) -> 2.6
A25: =A24+1 -> 11 | B25: 6891.55 | C25: 253458 | D25: =C25-C24 -> 0 | E25: =C25-152000 -> 101458 | F25: =D25/$D$2 -> 0 | G25: 31 | H25: 0.59 | I25: =G25+H25 -> 31.59 | J25: =IF(L25>0,L25,0) -> 1.31 | K25: =I25+J25 -> 32.9 | L25: =F25-(I25-AJ25) -> 1.31 | M25: 2.9 | N25: 0 | O25: 0 | P25: 0 | Q25: =1.477*1.02 -> 1.50654 | R25: 2.27 | S25: 0 | T25: =M25-(Q25+R25+S25) -> -0.87654 | U25: 0 | V25: 0 | W25: =M25-N25-O25-P25-Q25-R25-S25-T25+U25+V25 -> 0 | X25: =W25-AN25 -> 0 | AD25: 0 | AG25: 30 | AH25: =AH24-AG25 -> 2499 | AJ25: =N25+O25+P25+Q25+R25+S25+T25+W25+AD25+AG25 -> 32.9 | AK25: =IF(L25<0,L25*-1,0) -> 0 | AL25: =AJ25+AK25 -> 32.9 | AM25: =AM24+(W25*1.9835) -> 5922.731 | AN25: 0 | AU25: 0 | AV25: 45 | AW25: 15 | AY25: =SUM(N25,P25:T25) -> 2.9
A26: =A25+1 -> 12 | B26: 6891.55 | C26: 253458 | D26: =C26-C25 -> 0 | E26: =C26-152000 -> 101458 | F26: =D26/$D$2 -> 0 | G26: 31 | H26: 0.61 | I26: =G26+H26 -> 31.61 | J26: =IF(L26>0,L26,0) -> 1.29 | K26: =I26+J26 -> 32.9 | L26: =F26-(I26-AJ26) -> 1.29 | M26: 2.9 | N26: 0 | O26: 0 | P26: 0 | Q26: =1.477*1.02 -> 1.50654 | R26: 2.49 | S26: 0 | T26: =M26-(Q26+R26+S26) -> -1.09654 | U26: 0 | V26: 0 | W26: =M26-N26-O26-P26-Q26-R26-S26-T26+U26+V26 -> 0 | X26: =W26-AN26 -> 0 | AD26: 0 | AG26: 30 | AH26: =AH25-AG26 -> 2469 | AJ26: =N26+O26+P26+Q26+R26+S26+T26+W26+AD26+AG26 -> 32.9 | AK26: =IF(L26<0,L26*-1,0) -> 0 | AL26: =AJ26+AK26 -> 32.9 | AM26: =AM25+(W26*1.9835) -> 5922.731 | AN26: 0 | AU26: 0 | AV26: 50 | AW26: 17 | AY26: =SUM(N26,P26:T26) -> 2.9
A27: =A26+1 -> 13 | B27: 6891.55 | C27: 253458 | D27: =C27-C26 -> 0 | E27: =C27-152000 -> 101458 | F27: =D27/$D$2 -> 0 | G27: 31 | H27: 0.66 | I27: =G27+H27 -> 31.66 | J27: =IF(L27>0,L27,0) -> 4.74 | K27: =I27+J27 -> 36.4 | L27: =F27-(I27-AJ27) -> 4.74 | M27: 6.4 | N27: 0 | O27: 0 | P27: 0 | Q27: =1.477*1.02 -> 1.50654 | R27: 2.48 | S27: 0 | T27: =M27-(Q27+R27+S27) -> 2.41346 | U27: 0 | V27: 0 | W27: =M27-N27-O27-P27-Q27-R27-S27-T27+U27+V27 -> 0 | X27: =W27-AN27 -> 0 | AD27: 0 | AG27: 30 | AH27: =AH26-AG27 -> 2439 | AJ27: =N27+O27+P27+Q27+R27+S27+T27+W27+AD27+AG27 -> 36.4 | AK27: =IF(L27<0,L27*-1,0) -> 0 | AL27: =AJ27+AK27 -> 36.4 | AM27: =AM26+(W27*1.9835) -> 5922.731 | AN27: 0 | AU27: 0 | AV27: 49 | AW27: 19 | AY27: =SUM(N27,P27:T27) -> 6.4
... A43: =A42+1 -> 29 | B43: 6891.74 | C43: 254110 | D43: =C43-C42 -> -103 | E43: =C43-152000 -> 102110 | F43: =D43/$D$2 -> -51.928409 | G43: 31 | H43: 0.81 | I43: =G43+H43 -> 31.81 | J43: =IF(L43>0,L43,0) -> 0 | K43: =I43+J43 -> 31.81 | L43: =F43-(I43-AJ43) -> -14.138409 | M43: 4.6 | N43: 0 | O43: 0 | P43: 0 | Q43: =1.477*1.02 -> 1.50654 | R43: 2.28 | S43: 0 | T43: =M43-(Q43+R43+S43) -> 0.81346 | U43: 35 | V43: 0 | W43: =M43-N43-O43-P43-Q43-R43-S43-T43+U43+V43 -> 35 | X43: =W43-AN43 -> 35 | AD43: 0 | AG43: 30 | AH43: =AH42-AG43 -> 1959 | AJ43: =N43+O43+P43+Q43+R43+S43+T43+W43+AD43+AG43 -> 69.6 | AK43: =IF(L43<0,L43*-1,0) -> 14.138409 | AL43: =AJ43+AK43 -> 83.738409 | AM43: =AM42+(W43*1.9835) -> 6187.7266 | AN43: 0 | AU43: 0 | AV43: 32 | AW43: 24 | AY43: =SUM(N43,P43:T43) -> 4.6
A44: 30 | B44: 6891.71 | C44: 254007 | D44: =C44-C43 -> -103 | E44: =C44-152000 -> 102007 | F44: =D44/$D$2 -> -51.928409 | G44: 31 | H44: 0.95 | I44: =G44+H44 -> 31.95 | J44: =IF(L44>0,L44,0) -> 0 | K44: =I44+J44 -> 31.95 | L44: =F44-(I44-AJ44) -> -14.278409 | M44: 4.6 | N44: 0 | O44: 0 | P44: 0 | Q44: =1.477*1.02 -> 1.50654 | R44: 2.29 | S44: 0 | T44: =M44-(Q44+R44+S44) -> 0.80346 | U44: 35 | V44: 0 | W44: =M44-N44-O44-P44-Q44-R44-S44-T44+U44+V44 -> 35 | X44: =W44-AN44 -> 35 | AD44: 0 | AG44: 30 | AH44: =AH43-AG44 -> 1929 | AJ44: =N44+O44+P44+Q44+R44+S44+T44+W44+AD44+AG44 -> 69.6 | AK44: =IF(L44<0,L44*-1,0) -> 14.278409 | AL44: =AJ44+AK44 -> 83.878409 | AM44: =AM43+(W44*1.9835) -> 6257.1491 | AN44: 0 | AU44: 0 | AV44: 36 | AW44: 12 | AY44: =SUM(N44,P44:T44) -> 4.6
A45: 31 | B45: 6891.68 | C45: 253904 | D45: =C45-C44 -> -103 | E45: =C45-152000 -> 101904 | F45: =D45/$D$2 -> -51.928409 | G45: 31 | H45: 1 | I45: =G45+H45 -> 32 | J45: =IF(L45>0,L45,0) -> 0 | K45: =I45+J45 -> 32 | L45: =F45-(I45-AJ45) -> -14.328409 | M45: 4.6 | N45: 0 | O45: 0 | P45: 0 | Q45: =1.477*1.02 -> 1.50654 | R45: 2.18 | S45: 0 | T45: =M45-(Q45+R45+S45) -> 0.91346 | U45: 35 | V45: 0 | W45: =M45-N45-O45-P45-Q45-R45-S45-T45+U45+V45 -> 35 | X45: =W45-AN45 -> 35 | AD45: 0 | AG45: 30 | AH45: =AH44-AG45 -> 1899 | AJ45: =N45+O45+P45+Q45+R45+S45+T45+W45+AD45+AG45 -> 69.6 | AK45: =IF(L45<0,L45*-1,0) -> 14.328409 | AL45: =AJ45+AK45 -> 83.928409 | AM45: =AM44+(W45*1.9835) -> 6326.5716 | AN45: 0 | AU45: 0 | AV45: 39 | AW45: 16 | AY45: =SUM(N45,P45:T45) -> 4.6
W46: =M46-N46-O46-Q46-R46-S46+U46+V46 -> 0 | X46: =N46-O46-P46-R46-S46-T46+V46+W46 -> 0 | AJ46: =N46+O46+Q46+R46+S46+W46+AD46+AG46 -> 0
A47: MONTH / CFS | F47: =SUM(F15:F45) -> 276.78346 | G47: =SUM(G15:G45) -> 957 | H47: =SUM(H15:H45) -> 21.79 | I47: =SUM(I15:I45) -> 978.79 | J47: =SUM(J15:J45) -> 615.6625 | K47: =SUM(K15:K45) -> 1594.4525 | L47: =SUM(L15:L45) -> 543.19346 | M47: =SUM(M15:M46) -> 111.6 | N47: =SUM(N15:N45) -> 0 | O47: =SUM(O15:O45) -> 0 | Q47: =SUM(Q15:Q45) -> 46.70274 | R47: =SUM(R15:R45) -> 76.7 | S47: =SUM(S15:S45) -> 0.43 | T47: =SUM(T15:T45) -> -12.23274 | U47: =SUM(U15:U45) -> 203.6 | V47: =SUM(V15:V45) -> 0 | W47: =SUM(W15:W45) -> 203.6 | X47: =SUM(X15:X45) -> 203.6 | AG47: =SUM(AG15:AG46) -> 930 | AI47: =SUM(AI16:AI45) -> 0 | AJ47: =SUM(AJ15:AJ46) -> 1245.2 | AK47: =SUM(AK15:AK45) -> 72.46904 | AL47: =SUM(AL15:AL45) -> 1317.669 | AN47: =SUM(AN15:AN45) -> 0 | AU47: =SUM(AU15:AU45) -> 2.55 | AV47: =AVERAGE(AV15:AV45) -> 36.193548 | AW47: =AVERAGE(AW15:AW45) -> 10.483871 | AX47: Avg | AY47: =SUM(AY15:AY45) -> 111.6
A48: MONTH / AF | D48: =SUM(D15:D45) -> 549 | F48: =F47*$D$2 -> 549 | G48: =G47*$D$2 -> 1898.2095 | H48: =H47*$D$2 -> 43.220465 | I48: =I47*$D$2 -> 1941.43 | J48: =J47*$D$2 -> 1221.1666 | K48: =K47*$D$2 -> 3162.5965 | L48: =L47*$D$2 -> 1077.4242 | M48: =M47*$D$2 -> 221.3586 | ... O48: =O47*$D$2 -> 0 | Q48: =Q47*$D$2 -> 92.634885 | R48: =R47*$D$2 -> 152.13445 | S48: =S47*$D$2 -> 0.852905 | T48: =T47*$D$2 -> -24.26364 | U48: =U47*$D$2 -> 403.8406 | V48: =V47*$D$2 -> 0 | W48: =W47*$D$2 -> 403.8406 | X48: =X47*$D$2 -> 403.8406 | AG48: =AG47*$D$2 -> 1844.655 | AI48: =AI47*$D$2 -> 0 | AJ48: =AJ47*$D$2 -> 2469.8542 | AK48: =AK47*$D$2 -> 143.74234 | AL48: =AL47*$D$2 -> 2613.5965 | AN48: =AN47*$D$2 -> 0 | AV48: =MAX(AV15:AV45) -> 50 | AW48: =MAX(AW15:AW45) -> 29 | AX48: HI | AY48: =AY47*$D$2 -> 221.3586
A50: SEASON / CFS | AV50: =MIN(AV15:AV45) -> 26 | AW50: =MIN(AW15:AW45) -> -8 | AX50: LO
A51: SEASON / AF
A53: YTD / CFS | F53: =F13+F47 -> -2742.1225 | G53: =G13+G47 -> 2998 | H53: =H13+H47 -> 21.79 | I53: =I13+I47 -> 3019.79 | J53: =J13+J47 -> 1075.5431 | K53: =K13+K47 -> 4095.3331 | L53: =L13+L47 -> 501.08749 | M53: =M13+M47 -> 336.9 | N53: =N13+N47 -> 0 | O53: 0 | Q53: =Q13+Q47 -> 153.65994 | R53: =R13+R47 -> 214.61 | S53: =S13+S47 -> 0.43 | T53: =T13+T47 -> -32.15342 | U53: =U13+U47 -> 3189.6 | V53: =V13+V47 -> 40.5 | W53: =W13+W47 -> 3229.6823 | X53: =X13+X47 -> 3189.1823 | AG53: =AG13+AG47 -> 2696 | AH53: =AH45 -> 1899 | AI53: =AI14+AI47 -> 0 | AJ53: =AJ13+AJ47 -> 6263 | AK53: =AK13+AK47 -> 574.45565 | AL53: =AL13+AL47 -> 6837.4557 | AN53: =AN13+AN47 -> 40.5 | AU53: =AU13+AU47 -> 4.25 | AY53: =AY13+AY47 -> 337.31768
A54: YTD / AF | D54: =D13+D48 -> -5439 | E54: =E45 -> 101904 | F54: =F53*$D$2 -> -5439 | G54: =G53*$D$2 -> 5946.533 | H54: =H53*$D$2 -> 43.220465 | I54: =I53*$D$2 -> 5989.7535 | J54: =J53*$D$2 -> 2133.3398 | K54: =K53*$D$2 -> 8123.0933 | L54: =L53*$D$2 -> 993.90703 | M54: =M53*$D$2 -> 668.24115 | ... O54: =O53*$D$2 -> 0 | Q54: =Q53*$D$2 -> 304.78449 | R54: =R53*$D$2 -> 425.67894 | S54: =S53*$D$2 -> 0.852905 | T54: =T53*$D$2 -> -63.776309 | U54: =U53*$D$2 -> 6326.5716 | V54: =V53*$D$2 -> 80.33175 | W54: =W53*$D$2 -> 6406.0749 | X54: =X53*$D$2 -> 6325.7431 | AG54: =AG53*$D$2 -> 5347.516 | AH54: =AH53*$D$2 -> 3766.6665 | AI54: =AI53*$D$2 -> 0 | AJ54: =AJ53*$D$2 -> 12422.66 | AK54: =AK53*$D$2 -> 1139.4328 | AL54: =AL53*$D$2 -> 13562.093 | AM54: =AM45 -> 6326.5716 | AN54: =AN53*$D$2 -> 80.33175 | AY54: =AY53*$D$2 -> 669.06962

Sheet FEB
K1: MCPHEE RESERVOIR INFLOW/OUTFLOW TABULATION
A2: AF/cfs CONVERT FACTOR | D2: 1.9835 | K2: FEBRUARY "2010"
D4: RESERVOIR | W4: INFLOW/OUTFLOW (CFS) | AO4: ADJUSTMENTS | AV4: WEATHER
A5: DATE | B5: RESERV | C5: RESERV | D5: AC FT | E5: ACTIVE | F5: CONV TO | G5: DOLORES | H5: LOST | I5: RECORD | J5: CALC | K5: TOTAL | L5: CALC | M5: DOLORES TUNNEL | U5: LONE | V5: U | W5: TOTAL | X5: TOTAL | Y5: MVI | Z5: MVI | AA5: MVI | AB5: TO EX & | AC5: MVI | AD5: DV CR | AE5: D/S SENIOR | AG5: BELOW | AH5: FISH | AI5: SPILL | AJ5: RECORD | AK5: CALC | AL5: TOTAL | AM5: NAR | AN5: MVI | AO5: MVI | AP5: MVI | AQ5: DIST. | AR5: U/S | AS5: TOTTEN | AT5: UTES | AU5: RAIN | AV5: MAX | AW5: MIN | AY5: TOTAL
A6: FEB | B6: ELEV | D6: CHANGE | E6: CAP | F6: CFS | G6: RIVER | H6: CAN | I6: INFLOW | J6: INFLOW | K6: INFLOW | L6: INF/OTF | M6: TOT DIV | N6: WET | O6: UTE | P6: QUEST | Q6: MWC | R6: CTZ | S6: CTZ & | T6: F-BAY | U6: PINE | V6: LAT | W6: MVI | X6: MVI | Y6: CALL | Z6: CALL | AA6: APR- | AB6: U/S EX | AC6: PROJ | AD6: CANAL | AE6: MVIC | AF6: PROJ | AG6: MCP | AH6: LEFT | AJ6: OTF | AK6: OTF | AL6: OTF | AM6: FILL | AN6: STOCK | AO6: STORED | AP6: STORED | AQ6: CLASS | AR6: USERS | AS6: (FRESH | AT6: FROM | AV6: TMP | AW6: TMP | AY6: TUNNEL
N7: LAND | O7: F&R | S7: UTE | T7: SPILL | W7: WATER | X7: IRRIG. | Y7: STOR | Z7: SPILLED | AA7: JUNE | AE7: 1.7 | AF7: 1.3 | AH7: 31798 | AO7: Apr - Jun | AP7: EVAP | AQ7: "B" | AR7: EXCH | AS7: WATER) | AT7: DWCD | AY7: Misc.
W8: USED | X8: WATER | Z8: OR | AA8: (DIV+
X9: USED | Z9: USED | AA9: CALL)
C10: AC. Ft. | E10: AC FT | G10: CFS | H10: CFS | I10: CFS | J10: CFS | K10: CFS | L10: CFS | M10: CFS | N10: CFS | O10: CFS | P10: CFS | Q10: CFS | R10: CFS | S10: PROJ | T10: CFS | U10: CFS | V10: CFS | W10: 153400 | X10: 150400 | AA10: 72000 | AB10: CFS | AC10: CFS | AD10: CFS | AE10: CFS | AF10: CFS | AG10: CFS | AH10: CFS | AI10: CFS | AJ10: CFS | AK10: CFS | AL10: CFS | AM10: AC FT | AN10: CFS | AO10: CFS | AP10: AC.FT. | AQ10: CFS | AR10: CFS | AS10: CFS | AT10: CFS | AY10: Outflow
N11: 1.03 | O11: 1.05 | P11: 1.02 | Q11: 1.02 | R11: 1.04 | S11: CFS | W11: CFS | X11: CFS | Y11: CFS | Z11: CFS | AA11: Ac. Ft. | AY11: CFS
A12: SEASON BAL
A13: YTD | B13: =JAN!B45 -> 6891.68 | C13: =JAN!C45 -> 253904 | D13: =JAN!D54 -> -5439 | E13: =JAN!E54 -> 101904 | F13: =JAN!F53 -> -2742.1225 | G13: =JAN!G53 -> 2998 | H13: =JAN!H53 -> 21.79 | I13: =JAN!I53 -> 3019.79 | J13: =JAN!J53 -> 1075.5431 | K13: =JAN!K53 -> 4095.3331 | L13: =JAN!L53 -> 501.08749 | M13: =JAN!M53 -> 336.9 | ... O13: =JAN!O53 -> 0 | Q13: =JAN!Q53 -> 153.65994 | R13: =JAN!R53 -> 214.61 | S13: =JAN!S53 -> 0.43 | T13: =JAN!T53 -> -32.15342 | U13: =JAN!U53 -> 3189.6 | V13: =JAN!V53 -> 40.5 | W13: =JAN!W53 -> 3229.6823 | X13: =JAN!X53 -> 3189.1823 | AG13: =JAN!AG53 -> 2696 | AH13: =JAN!AH53 -> 1899 | AI13: =JAN!AI53 -> 0 | AJ13: =JAN!AJ53 -> 6263 | AK13: =JAN!AK53 -> 574.45565 | AL13: =JAN!AL53 -> 6837.4557 | AM13: =JAN!AM54 -> 6326.5716 | AN13: =JAN!AN53 -> 40.5 | AU13: =JAN!AU53 -> 4.25 | AY13: =JAN!AY53 -> 337.31768
A15: 1 | B15: 6891.67 | C15: 253870 | D15: =C15-C13 -> -34 | E15: =C15-152000 -> 101870 | F15: =D15/$D$2 -> -17.141417 | G15: 32 | H15: 1.1 | I15: =G15+H15 -> 33.1 | J15: =IF(L15>0,L15,0) -> 17.458583 | K15: =I15+J15 -> 50.558583 | L15: =F15-(I15-AJ15) -> 17.458583 | M15: 4.7 | N15: 0 | O15: 0 | P15: 0 | Q15: =1.45*1.02 -> 1.479 | R15: 2.33 | S15: 0 | T15: =M15-(Q15+R15+S15) -> 0.891 | U15: 33 | V15: 0 | W15: =M15-N15-O15-P15-Q15-R15-S15-T15+U15+V15 -> 33 | X15: =W15-AN15 -> 33 | AD15: 0 | AG15: 30 | AH15: =AH13-AG15 -> 1869 | AJ15: =N15+O15+P15+Q15+R15+S15+T15+W15+AD15+AG15 -> 67.7 | AK15: =IF(L15<0,L15*-1,0) -> 0 | AL15: =AJ15+AK15 -> 67.7 | AM15: =AM13+(W15*1.9835) -> 6392.0271 | AN15: 0 | AU15: 0 | AV15: 35 | AW15: 3 | AY15: =SUM(N15,P15:T15) -> 4.7
A16: =A15+1 -> 2 | B16: 6891.65 | C16: 253801 | D16: =C16-C15 -> -69 | E16: =C16-152000 -> 101801 | F16: =D16/$D$2 -> -34.786993 | G16: 32 | H16: 1.1 | I16: =G16+H16 -> 33.1 | J16: =IF(L16>0,L16,0) -> 0 | K16: =I16+J16 -> 33.1 | L16: =F16-(I16-AJ16) -> -4.0869927 | M16: 3.8 | N16: 0 | O16: 0 | P16: 0 | Q16: =1.45*1.02 -> 1.479 | R16: 2.2 | S16: 0 | T16: =M16-(Q16+R16+S16) -> 0.121 | U16: 30 | V16: 0 | W16: =M16-N16-O16-P16-Q16-R16-S16-T16+U16+V16 -> 30 | X16: =W16-AN16 -> 30 | AD16: 0 | AG16: 30 | AH16: =AH15-AG16 -> 1839 | AJ16: =N16+O16+P16+Q16+R16+S16+T16+W16+AD16+AG16 -> 63.8 | AK16: =IF(L16<0,L16*-1,0) -> 4.0869927 | AL16: =AJ16+AK16 -> 67.886993 | AM16: =AM15+(W16*1.9835) -> 6451.5321 | AN16: 0 | AU16: 0 | AV16: 40 | AW16: 4 | AY16: =SUM(N16,P16:T16) -> 3.8
A17: =A16+1 -> 3 | B17: 6891.63 | C17: 253732 | D17: =C17-C16 -> -69 | E17: =C17-152000 -> 101732 | F17: =D17/$D$2 -> -34.786993 | G17: 32 | H17: 1.1 | I17: =G17+H17 -> 33.1 | J17: =IF(L17>0,L17,0) -> 0 | K17: =I17+J17 -> 33.1 | L17: =F17-(I17-AJ17) -> -4.8869927 | M17: 3 | N17: 0 | O17: 0 | P17: 0 | Q17: =1.45*1.02 -> 1.479 | R17: 2.47 | S17: 0 | T17: =M17-(Q17+R17+S17) -> -0.949 | U17: 30 | V17: 0 | W17: =M17-N17-O17-P17-Q17-R17-S17-T17+U17+V17 -> 30 | X17: =W17-AN17 -> 30 | AD17: 0 | AG17: 30 | AH17: =AH16-AG17 -> 1809 | AJ17: =N17+O17+P17+Q17+R17+S17+T17+W17+AD17+AG17 -> 63 | AK17: =IF(L17<0,L17*-1,0) -> 4.8869927 | AL17: =AJ17+AK17 -> 67.886993 | AM17: =AM16+(W17*1.9835) -> 6511.0371 | AN17: 0 | AU17: 0.02 | AV17: 42 | AW17: 7 | AY17: =SUM(N17,P17:T17) -> 3
A18: =A17+1 -> 4 | B18: 6891.62 | C18: 253698 | D18: =C18-C17 -> -34 | E18: =C18-152000 -> 101698 | F18: =D18/$D$2 -> -17.141417 | G18: 32 | H18: 1.2 | I18: =G18+H18 -> 33.2 | J18: =IF(L18>0,L18,0) -> 12.558583 | K18: =I18+J18 -> 45.758583 | L18: =F18-(I18-AJ18) -> 12.558583 | M18: 2.9 | N18: 0 | O18: 0 | P18: 0 | Q18: =1.45*1.02 -> 1.479 | R18: 2.35 | S18: 0 | T18: =M18-(Q18+R18+S18) -> -0.929 | U18: 30 | V18: 0 | W18: =M18-N18-O18-P18-Q18-R18-S18-T18+U18+V18 -> 30 | X18: =W18-AN18 -> 30 | AD18: 0 | AG18: 30 | AH18: =AH17-AG18 -> 1779 | AJ18: =N18+O18+P18+Q18+R18+S18+T18+W18+AD18+AG18 -> 62.9 | AK18: =IF(L18<0,L18*-1,0) -> 0 | AL18: =AJ18+AK18 -> 62.9 | AM18: =AM17+(W18*1.9835) -> 6570.5421 | AN18: 0 | AU18: 0.01 | AV18: 37 | AW18: 15 | AY18: =SUM(N18,P18:T18) -> 2.9
A19: =A18+1 -> 5 | B19: 6891.6 | C19: 253629 | D19: =C19-C18 -> -69 | E19: =C19-152000 -> 101629 | F19: =D19/$D$2 -> -34.786993 | G19: 32 | H19: 1.2 | I19: =G19+H19 -> 33.2 | J19: =IF(L19>0,L19,0) -> 0 | K19: =I19+J19 -> 33.2 | L19: =F19-(I19-AJ19) -> -5.0869927 | M19: 2.9 | N19: 0 | O19: 0 | P19: 0 | Q19: =1.45*1.02 -> 1.479 | R19: 2.43 | S19: 0 | T19: =M19-(Q19+R19+S19) -> -1.009 | U19: 30 | V19: 0 | W19: =M19-N19-O19-P19-Q19-R19-S19-T19+U19+V19 -> 30 | X19: =W19-AN19 -> 30 | AD19: 0 | AG19: 30 | AH19: =AH18-AG19 -> 1749 | AJ19: =N19+O19+P19+Q19+R19+S19+T19+W19+AD19+AG19 -> 62.9 | AK19: =IF(L19<0,L19*-1,0) -> 5.0869927 | AL19: =AJ19+AK19 -> 67.986993 | AM19: =AM18+(W19*1.9835) -> 6630.0471 | AN19: 0 | AU19: 0 | AV19: 34 | AW19: 15 | AY19: =SUM(N19,P19:T19) -> 2.9
A20: =A19+1 -> 6 | B20: 6891.58 | C20: 253561 | D20: =C20-C19 -> -68 | E20: =C20-152000 -> 101561 | F20: =D20/$D$2 -> -34.282833 | G20: 32 | H20: 1.2 | I20: =G20+H20 -> 33.2 | J20: =IF(L20>0,L20,0) -> 0 | K20: =I20+J20 -> 33.2 | L20: =F20-(I20-AJ20) -> -1.5828334 | M20: 4.9 | N20: 0 | O20: 0 | P20: 0 | Q20: =1.45*1.02 -> 1.479 | R20: 2.51 | S20: 0 | T20: =M20-(Q20+R20+S20) -> 0.911 | U20: 31 | V20: 0 | W20: =M20-N20-O20-P20-Q20-R20-S20-T20+U20+V20 -> 31 | X20: =W20-AN20 -> 31 | AD20: 0 | AG20: 30 | AH20: =AH19-AG20 -> 1719 | AJ20: =N20+O20+P20+Q20+R20+S20+T20+W20+AD20+AG20 -> 65.9 | AK20: =IF(L20<0,L20*-1,0) -> 1.5828334 | AL20: =AJ20+AK20 -> 67.482833 | AM20: =AM19+(W20*1.9835) -> 6691.5356 | AN20: 0 | AU20: 0.13 | AV20: 38 | AW20: 27 | AY20: =SUM(N20,P20:T20) -> 4.9
A21: =A20+1 -> 7 | B21: 6891.63 | C21: 253732 | D21: =C21-C20 -> 171 | E21: =C21-152000 -> 101732 | F21: =D21/$D$2 -> 86.211243 | G21: 32 | H21: 1.2 | I21: =G21+H21 -> 33.2 | J21: =IF(L21>0,L21,0) -> 119.21124 | K21: =I21+J21 -> 152.41124 | L21: =F21-(I21-AJ21) -> 119.21124 | M21: 5.2 | N21: 0 | O21: 0 | P21: 0 | Q21: =1.45*1.02 -> 1.479 | R21: 2.47 | S21: 0 | T21: =M21-(Q21+R21+S21) -> 1.251 | U21: 31 | V21: 0 | W21: =M21-N21-O21-P21-Q21-R21-S21-T21+U21+V21 -> 31 | X21: =W21-AN21 -> 31 | AD21: 0 | AG21: 30 | AH21: =AH20-AG21 -> 1689 | AJ21: =N21+O21+P21+Q21+R21+S21+T21+W21+AD21+AG21 -> 66.2 | AK21: =IF(L21<0,L21*-1,0) -> 0 | AL21: =AJ21+AK21 -> 66.2 | AM21: =AM20+(W21*1.9835) -> 6753.0241 | AN21: 0 | AU21: 0.31 | AV21: 41 | AW21: 28 | AY21: =SUM(N21,P21:T21) -> 5.2
A22: =A21+1 -> 8 | B22: 6891.62 | C22: 253698 | D22: =C22-C21 -> -34 | E22: =C22-152000 -> 101698 | F22: =D22/$D$2 -> -17.141417 | G22: 32 | H22: 1.2 | I22: =G22+H22 -> 33.2 | J22: =IF(L22>0,L22,0) -> 15.058583 | K22: =I22+J22 -> 48.258583 | L22: =F22-(I22-AJ22) -> 15.058583 | M22: 4.4 | N22: 0 | O22: 0 | P22: 0 | Q22: =1.45*1.02 -> 1.479 | R22: 2.04 | S22: 0 | T22: =M22-(Q22+R22+S22) -> 0.881 | U22: 31 | V22: 0 | W22: =M22-N22-O22-P22-Q22-R22-S22-T22+U22+V22 -> 31 | X22: =W22-AN22 -> 31 | AD22: 0 | AG22: 30 | AH22: =AH21-AG22 -> 1659 | AJ22: =N22+O22+P22+Q22+R22+S22+T22+W22+AD22+AG22 -> 65.4 | AK22: =IF(L22<0,L22*-1,0) -> 0 | AL22: =AJ22+AK22 -> 65.4 | AM22: =AM21+(W22*1.9835) -> 6814.5126 | AN22: 0 | AU22: 0.08 | AV22: 36 | AW22: 25 | AY22: =SUM(N22,P22:T22) -> 4.4
A23: =A22+1 -> 9 | B23: 6891.61 | C23: 253664 | D23: =C23-C22 -> -34 | E23: =C23-152000 -> 101664 | F23: =D23/$D$2 -> -17.141417 | G23: 32 | H23: 1.2 | I23: =G23+H23 -> 33.2 | J23: =IF(L23>0,L23,0) -> 14.858583 | K23: =I23+J23 -> 48.058583 | L23: =F23-(I23-AJ23) -> 14.858583 | M23: 4.2 | N23: 0 | O23: 0 | P23: 0 | Q23: =1.45*1.02 -> 1.479 | R23: 2.27 | S23: 0 | T23: =M23-(Q23+R23+S23) -> 0.451 | U23: 31 | V23: 0 | W23: =M23-N23-O23-P23-Q23-R23-S23-T23+U23+V23 -> 31 | X23: =W23-AN23 -> 31 | AD23: 0 | AG23: 30 | AH23: =AH22-AG23 -> 1629 | AJ23: =N23+O23+P23+Q23+R23+S23+T23+W23+AD23+AG23 -> 65.2 | AK23: =IF(L23<0,L23*-1,0) -> 0 | AL23: =AJ23+AK23 -> 65.2 | AM23: =AM22+(W23*1.9835) -> 6876.0011 | AN23: 0 | AU23: 0 | AV23: 38 | AW23: 21 | AY23: =SUM(N23,P23:T23) -> 4.2
A24: =A23+1 -> 10 | B24: 6891.59 | C24: 253595 | D24: =C24-C23 -> -69 | E24: =C24-152000 -> 101595 | F24: =D24/$D$2 -> -34.786993 | G24: 32 | H24: 1.2 | I24: =G24+H24 -> 33.2 | J24: =IF(L24>0,L24,0) -> 0 | K24: =I24+J24 -> 33.2 | L24: =F24-(I24-AJ24) -> -2.7869927 | M24: 4.2 | N24: 0 | O24: 0 | P24: 0 | Q24: =1.45*1.02 -> 1.479 | R24: 2.11 | S24: 0 | T24: =M24-(Q24+R24+S24) -> 0.611 | U24: 31 | V24: 0 | W24: =M24-N24-O24-P24-Q24-R24-S24-T24+U24+V24 -> 31 | X24: =W24-AN24 -> 31 | AD24: 0 | AG24: 30 | AH24: =AH23-AG24 -> 1599 | AJ24: =N24+O24+P24+Q24+R24+S24+T24+W24+AD24+AG24 -> 65.2 | AK24: =IF(L24<0,L24*-1,0) -> 2.7869927 | AL24: =AJ24+AK24 -> 67.986993 | AM24: =AM23+(W24*1.9835) -> 6937.4896 | AN24: 0 | AU24: 0 | AV24: 39 | AW24: 11 | AY24: =SUM(N24,P24:T24) -> 4.2
A25: =A24+1 -> 11 | B25: 6891.57 | C25: 253526 | D25: =C25-C24 -> -69 | E25: =C25-152000 -> 101526 | F25: =D25/$D$2 -> -34.786993 | G25: 32 | H25: 1.2 | I25: =G25+H25 -> 33.2 | J25: =IF(L25>0,L25,0) -> 0 | K25: =I25+J25 -> 33.2 | L25: =F25-(I25-AJ25) -> -2.7869927 | M25: 4.2 | N25: 0 | O25: 0 | P25: 0 | Q25: =1.45*1.02 -> 1.479 | R25: 2.25 | S25: 0 | T25: =M25-(Q25+R25+S25) -> 0.471 | U25: 31 | V25: 0 | W25: =M25-N25-O25-P25-Q25-R25-S25-T25+U25+V25 -> 31 | X25: =W25-AN25 -> 31 | AD25: 0 | AG25: 30 | AH25: =AH24-AG25 -> 1569 | AJ25: =N25+O25+P25+Q25+R25+S25+T25+W25+AD25+AG25 -> 65.2 | AK25: =IF(L25<0,L25*-1,0) -> 2.7869927 | AL25: =AJ25+AK25 -> 67.986993 | AM25: =AM24+(W25*1.9835) -> 6998.9781 | AN25: 0 | AU25: 0 | AV25: 31 | AW25: 3 | AY25: =SUM(N25,P25:T25) -> 4.2
A26: =A25+1 -> 12 | B26: 6891.56 | C26: 253492 | D26: =C26-C25 -> -34 | E26: =C26-152000 -> 101492 | F26: =D26/$D$2 -> -17.141417 | G26: 32 | H26: 1.2 | I26: =G26+H26 -> 33.2 | J26: =IF(L26>0,L26,0) -> 14.858583 | K26: =I26+J26 -> 48.058583 | L26: =F26-(I26-AJ26) -> 14.858583 | M26: 4.2 | N26: 0 | O26: 0 | P26: 0 | Q26: =1.45*1.02 -> 1.479 | R26: 2.3 | S26: 0 | T26: =M26-(Q26+R26+S26) -> 0.421 | U26: 31 | V26: 0 | W26: =M26-N26-O26-P26-Q26-R26-S26-T26+U26+V26 -> 31 | X26: =W26-AN26 -> 31 | AD26: 0 | AG26: 30 | AH26: =AH25-AG26 -> 1539 | AJ26: =N26+O26+P26+Q26+R26+S26+T26+W26+AD26+AG26 -> 65.2 | AK26: =IF(L26<0,L26*-1,0) -> 0 | AL26: =AJ26+AK26 -> 65.2 | AM26: =AM25+(W26*1.9835) -> 7060.4666 | AN26: 0 | AU26: 0 | AV26: 36 | AW26: 2 | AY26: =SUM(N26,P26:T26) -> 4.2
A27: =A26+1 -> 13 | B27: 6891.54 | C27: 253423 | D27: =C27-C26 -> -69 | E27: =C27-152000 -> 101423 | F27: =D27/$D$2 -> -34.786993 | G27: 32 | H27: 1.2 | I27: =G27+H27 -> 33.2 | J27: =IF(L27>0,L27,0) -> 0 | K27: =I27+J27 -> 33.2 | L27: =F27-(I27-AJ27) -> -3.3869927 | M27: 3.6 | N27: 0 | O27: 0 | P27: 0 | Q27: =1.45*1.02 -> 1.479 | R27: 2.22 | S27: 0 | T27: =M27-(Q27+R27+S27) -> -0.099 | U27: 31 | V27: 0 | W27: =M27-N27-O27-P27-Q27-R27-S27-T27+U27+V27 -> 31 | X27: =W27-AN27 -> 31 | AD27: 0 | AG27: 30 | AH27: =AH26-AG27 -> 1509 | AJ27: =N27+O27+P27+Q27+R27+S27+T27+W27+AD27+AG27 -> 64.6 | AK27: =IF(L27<0,L27*-1,0) -> 3.3869927 | AL27: =AJ27+AK27 -> 67.986993 | AM27: =AM26+(W27*1.9835) -> 7121.9551 | AN27: 0 | AU27: 0 | AV27: 41 | AW27: 5 | AY27: =SUM(N27,P27:T27) -> 3.6
... A41: =A40+1 -> 27 | B41: 6891.32 | C41: 252668 | D41: =C41-C40 -> -103 | E41: =C41-152000 -> 100668 | F41: =D41/$D$2 -> -51.928409 | G41: 33 | H41: 1.2 | I41: =G41+H41 -> 34.2 | J41: =IF(L41>0,L41,0) -> 0 | K41: =I41+J41 -> 34.2 | L41: =F41-(I41-AJ41) -> -0.52840938 | M41: 2.6 | N41: 0 | O41: 0 | P41: 0 | Q41: =1.45*1.02 -> 1.479 | R41: 2.36 | S41: 0 | T41: =M41-(Q41+R41+S41) -> -1.239 | U41: 53 | V41: 0 | W41: =M41-N41-O41-P41-Q41-R41-S41-T41+U41+V41 -> 53 | X41: =W41-AN41 -> 53 | AD41: 0 | AG41: 30 | AH41: =AH40-AG41 -> 1087 | AJ41: =N41+O41+P41+Q41+R41+S41+T41+W41+AD41+AG41 -> 85.6 | AK41: =IF(L41<0,L41*-1,0) -> 0.52840938 | AL41: =AJ41+AK41 -> 86.128409 | AM41: =AM40+(W41*1.9835) -> 8302.1376 | AN41: 0 | AU41: 0 | AV41: 45 | AW41: 14 | AY41: =SUM(N41,P41:T41) -> 2.6
A42: 28 | B42: 6891.3 | C42: 252599 | D42: =C42-C41 -> -69 | E42: =C42-152000 -> 100599 | F42: =D42/$D$2 -> -34.786993 | G42: 34 | H42: 1.2 | I42: =G42+H42 -> 35.2 | J42: =IF(L42>0,L42,0) -> 15.613007 | K42: =I42+J42 -> 50.813007 | L42: =F42-(I42-AJ42) -> 15.613007 | M42: 2.6 | N42: 0 | O42: 0 | P42: 0 | Q42: =1.45*1.02 -> 1.479 | R42: 2.38 | S42: 0 | T42: =M42-(Q42+R42+S42) -> -1.259 | U42: 53 | V42: 0 | W42: =M42-N42-O42-P42-Q42-R42-S42-T42+U42+V42 -> 53 | X42: =W42-AN42 -> 53 | AD42: 0 | AG42: 30 | AH42: =AH41-AG42 -> 1057 | AJ42: =N42+O42+P42+Q42+R42+S42+T42+W42+AD42+AG42 -> 85.6 | AK42: =IF(L42<0,L42*-1,0) -> 0 | AL42: =AJ42+AK42 -> 85.6 | AM42: =AM41+(W42*1.9835) -> 8407.2631 | AN42: 0 | AU42: 0 | AV42: 43 | AW42: 25 | AY42: =SUM(N42,P42:T42) -> 2.6
A44: MONTH / CFS | F44: =SUM(F15:F42) -> -657.92791 | G44: =SUM(G15:G42) -> 908 | H44: =SUM(H15:H42) -> 33.2 | I44: =SUM(I15:I42) -> 941.2 | J44: =SUM(J15:J42) -> 439.90353 | K44: =SUM(K15:K42) -> 1381.1035 | L44: =SUM(L15:L42) -> 398.57209 | M44: =SUM(M15:M42) -> 106.7 | ... X44: =SUM(X15:X42) -> 1049 | AG44: =SUM(AG15:AG42) -> 842 | AI44: =SUM(AI15:AI42) -> 0 | AJ44: =SUM(AJ15:AJ42) -> 1997.7 | AK44: =SUM(AK15:AK42) -> 41.331434 | AL44: =SUM(AL15:AL42) -> 2039.0314 | AN44: =SUM(AN15:AN42) -> 0 | AU44: =SUM(AU15:AU42) -> 1.06 | AV44: =AVERAGE(AV15:AV42) -> 38 | AW44: =AVERAGE(AW15:AW42) -> 11.821429 | AX44: AVE | AY44: =SUM(AY15:AY42) -> 106.7
A45: MONTH / AF | D45: =SUM(D15:D42) -> -1305 | F45: =F44*$D$2 -> -1305 | G45: =G44*$D$2 -> 1801.018 | H45: =H44*$D$2 -> 65.8522 | I45: =I44*$D$2 -> 1866.8702 | J45: =J44*$D$2 -> 872.54865 | K45: =K44*$D$2 -> 2739.4189 | L45: =L44*$D$2 -> 790.56775 | M45: =M44*$D$2 -> 211.63945 | ... O45: =O44*$D$2 -> 0 | Q45: =Q44*$D$2 -> 82.140702 | R45: =R44*$D$2 -> 134.04493 | S45: =S44*$D$2 -> 0 | T45: =T44*$D$2 -> -4.546182 | U45: =U44*$D$2 -> 2080.6915 | V45: =V44*$D$2 -> 0 | W45: =W44*$D$2 -> 2080.6915 | X45: =X44*$D$2 -> 2080.6915 | AG45: =AG44*$D$2 -> 1670.107 | AI45: =AI44*$D$2 -> 0 | AJ45: =AJ44*$D$2 -> 3962.438 | AK45: =AK44*$D$2 -> 81.9809 | AL45: =AL44*$D$2 -> 4044.4189 | AN45: =AN44*$D$2 -> 0 | AV45: =MAX(AV15:AV42) -> 45 | AW45: =MAX(AW15:AW42) -> 28 | AX45: HI | AY45: =AY44*$D$2 -> 211.63945
A47: SEASON / CFS | AV47: =MIN(AV15:AV42) -> 31 | AW47: =MIN(AW15:AW42) -> -6 | AX47: LO
A48: SEASON / AF
A50: YTD / CFS | F50: =F13+F44 -> -3400.0504 | G50: =G13+G44 -> 3906 | H50: =H13+H44 -> 54.99 | I50: =I13+I44 -> 3960.99 | J50: =J13+J44 -> 1515.4467 | K50: =K13+K44 -> 5476.4367 | L50: =L13+L44 -> 899.65958 | M50: =M13+M44 -> 443.6 | ... O50: =O13+O44 -> 0 | Q50: =Q13+Q44 -> 195.07194 | R50: =R13+R44 -> 282.19 | S50: =S13+S44 -> 0.43 | T50: =T13+T44 -> -34.44542 | U50: =U13+U44 -> 4238.6 | V50: =V13+V44 -> 40.5 | W50: =W13+W44 -> 4278.6823 | X50: =X13+X44 -> 4238.1823 | AG50: =AG13+AG44 -> 3538 | AH50: =AH42 -> 1057 | AI50: =AI13+AI44 -> 0 | AJ50: =AJ13+AJ44 -> 8260.7 | AK50: =AK13+AK44 -> 615.78709 | AL50: =AL13+AL44 -> 8876.4871 | AN50: =AN13+AN44 -> 40.5 | AU50: =AU13+AU44 -> 5.31 | AY50: =AY13+AY44 -> 444.01768
A51: YTD / AF | D51: =D13+D45 -> -6744 | E51: =E42 -> 100599 | F51: =F50*$D$2 -> -6744 | G51: =G50*$D$2 -> 7747.551 | H51: =H50*$D$2 -> 109.07267 | I51: =I50*$D$2 -> 7856.6237 | J51: =J50*$D$2 -> 3005.8885 | K51: =K50*$D$2 -> 10862.512 | L51: =L50*$D$2 -> 1784.4748 | M51: =M50*$D$2 -> 879.8806 | ... O51: =O50*$D$2 -> 0 | Q51: =Q50*$D$2 -> 386.92519 | R51: =R50*$D$2 -> 559.72387 | S51: =S50*$D$2 -> 0.852905 | T51: =T50*$D$2 -> -68.322491 | U51: =U50*$D$2 -> 8407.2631 | V51: =V50*$D$2 -> 80.33175 | W51: =W50*$D$2 -> 8486.7664 | X51: =X50*$D$2 -> 8406.4346 | AG51: =AG50*$D$2 -> 7017.623 | AH51: =AH50*$D$2 -> 2096.5595 | AI51: =AI50*$D$2 -> 0 | AJ51: =AJ50*$D$2 -> 16385.098 | AK51: =AK50*$D$2 -> 1221.4137 | AL51: =AL50*$D$2 -> 17606.512 | AM51: =AM42 -> 8407.2631 | AN51: =AN50*$D$2 -> 80.33175 | AY51: =AY50*$D$2 -> 880.70907

Sheet MAR
K1: MCPHEE RESERVOIR INFLOW/OUTFLOW TABULATION
A2: AF/cfs CONVERT FACTOR | D2: 1.9835 | K2: MARCH "2010"
D4: RESERVOIR | W4: INFLOW/OUTFLOW (CFS) | AO4: ADJUSTMENTS | AV4: WEATHER
A5: DATE | B5: RESERV | C5: RESERV | D5: AC FT | E5: ACTIVE | F5: CONV TO | G5: DOLORES | H5: LOST | I5: RECORD | J5: CALC | K5: TOTAL | L5: CALC | M5: DOLORES TUNNEL | U5: LONE | V5: U | W5: TOTAL | X5: TOTAL | Y5: MVI | Z5: MVI | AA5: MVI | AB5: TO EX & | AC5: MVI | AD5: DV CR | AE5: D/S SENIOR | AG5: BELOW | AH5: FISH | AI5: SPILL | AJ5: RECORD | AK5: CALC | AL5: TOTAL | AM5: NAR | AN5: MVI | AO5: MVI | AP5: MVI | AQ5: DIST. | AR5: U/S | AS5: TOTTEN | AT5: UTES | AU5: RAIN | AV5: MAX | AW5: MIN | AY5: TOTAL
A6: MAR | B6: ELEV | D6: CHANGE | E6: CAP | F6: CFS | G6: RIVER | H6: CAN | I6: INFLOW | J6: INFLOW | K6: INFLOW | L6: INF/OTF | M6: TOT DIV | N6: WET | O6: UTE | P6: QUEST | Q6: MWC | R6: CTZ | S6: CTZ & | T6: F-BAY | U6: PINE | V6: LAT | W6: MVI | X6: MVI | Y6: CALL | Z6: CALL | AA6: APR- | AB6: U/S EX | AC6: PROJ | AD6: CANAL | AE6: MVIC | AF6: PROJ | AG6: MCP | AH6: LEFT | AJ6: OTF | AK6: OTF | AL6: OTF | AM6: FILL | AN6: STOCK | AO6: STORED | AP6: STORED | AQ6: CLASS | AR6: USERS | AS6: (FRESH | AT6: FROM | AV6: TMP | AW6: TMP | AY6: TUNNEL
N7: LAND | O7: F&R | S7: UTE | T7: SPILL | W7: WATER | X7: IRRIG. | Y7: STOR | Z7: SPILLED | AA7: JUNE | AE7: 1.7 | AF7: 1.3 | AH7: 31798 | AO7: Apr - Jun | AP7: EVAP | AQ7: "B" | AR7: EXCH | AS7: WATER) | AT7: DWCD | AY7: Misc.
W8: USED | X8: WATER | Z8: OR | AA8: (DIV+
X9: USED | Z9: USED | AA9: CALL)
C10: AC. Ft. | E10: AC FT | G10: CFS | H10: CFS | I10: CFS | J10: CFS | K10: CFS | L10: CFS | M10: CFS | N10: CFS | O10: CFS | P10: CFS | Q10: CFS | R10: CFS | S10: PROJ | T10: CFS | U10: CFS | V10: CFS | W10: 153400 | X10: 150400 | AA10: 72000 | AB10: CFS | AC10: CFS | AD10: CFS | AE10: CFS | AF10: CFS | AG10: CFS | AH10: CFS | AI10: CFS | AJ10: CFS | AK10: CFS | AL10: CFS | AM10: AC FT | AN10: CFS | AO10: CFS | AP10: AC.FT. | AQ10: CFS | AR10: CFS | AS10: CFS | AT10: CFS | AY10: Outflow
N11: 1.03 | O11: 1.05 | P11: 1.02 | Q11: 1.02 | R11: 1.04 | S11: CFS | W11: CFS | X11: CFS | Y11: CFS | Z11: CFS | AA11: Ac. Ft. | AY11: CFS
A12: SEASON BAL
A13: YTD | B13: =FEB!B42 -> 6891.3 | C13: =FEB!C42 -> 252599 | D13: =FEB!D51 -> -6744 | E13: =FEB!E51 -> 100599 | F13: =FEB!F50 -> -3400.0504 | G13: =FEB!G50 -> 3906 | H13: =FEB!H50 -> 54.99 | I13: =FEB!I50 -> 3960.99 | J13: =FEB!J50 -> 1515.4467 | K13: =FEB!K50 -> 5476.4367 | L13: =FEB!L50 -> 899.65958 | M13: =FEB!M50 -> 443.6 | ... O13: =FEB!O50 -> 0 | Q13: =FEB!Q50 -> 195.07194 | R13: =FEB!R50 -> 282.19 | S13: =FEB!S50 -> 0.43 | T13: =FEB!T50 -> -34.44542 | U13: =FEB!U50 -> 4238.6 | V13: =FEB!V50 -> 40.5 | W13: =FEB!W50 -> 4278.6823 | X13: =FEB!X50 -> 4238.1823 | AG13: =FEB!AG50 -> 3538 | AH13: =FEB!AH42 -> 1057 | AI13: =FEB!AI50 -> 0 | AJ13: =FEB!AJ50 -> 8260.7 | AK13: =FEB!AK50 -> 615.78709 | AL13: =FEB!AL50 -> 8876.4871 | AM13: =FEB!AM51 -> 8407.2631 | AN13: =FEB!AN50 -> 40.5 | AU13: =FEB!AU50 -> 5.31 | AY13: =FEB!AY50 -> 444.01768
A15: 1 | B15: 6891.28 | C15: 252530 | D15: =C15-C13 -> -69 | E15: =C15-152000 -> 100530 | F15: =D15/$D$2 -> -34.786993 | G15: 34 | H15: 1.1 | I15: =G15+H15 -> 35.1 | J15: =IF(L15>0,L15,0) -> 18.813007 | K15: =I15+J15 -> 53.913007 | L15: =F15-(I15-AJ15) -> 18.813007 | M15: 3.7 | N15: 0 | O15: 0 | P15: 0 | Q15: =1.619*1.02 -> 1.65138 | R15: 2.41 | S15: 0 | T15: =M15-(Q15+R15+S15) -> -0.36138 | U15: 53 | V15: 0 | W15: =M15-N15-O15-P15-Q15-R15-S15-T15+U15+V15 -> 53 | X15: =W15-AN15 -> 53 | AD15: 0 | AG15: 32 | AH15: =AH13-AG15 -> 1025 | AJ15: =N15+O15+P15+Q15+R15+S15+T15+W15+AD15+AG15 -> 88.7 | AK15: =IF(L15<0,L15*-1,0) -> 0 | AL15: =AJ15+AK15 -> 88.7 | AM15: =AM13+(W15*1.9835) -> 8512.3886 | AU15: 0 | AV15: 45 | AW15: 22 | AY15: =SUM(N15,P15:T15) -> 3.7
A16: =A15+1 -> 2 | B16: 6891.26 | C16: 252462 | D16: =C16-C15 -> -68 | E16: =C16-152000 -> 100462 | F16: =D16/$D$2 -> -34.282833 | G16: 38 | H16: 1.1 | I16: =G16+H16 -> 39.1 | J16: =IF(L16>0,L16,0) -> 16.817167 | K16: =I16+J16 -> 55.917167 | L16: =F16-(I16-AJ16) -> 16.817167 | M16: 4.2 | N16: 0 | O16: 0 | P16: 0 | Q16: =1.619*1.02 -> 1.65138 | R16: 2.53 | S16: 0 | T16: =M16-(Q16+R16+S16) -> 0.01862 | U16: 53 | V16: 0 | W16: =M16-N16-O16-P16-Q16-R16-S16-T16+U16+V16 -> 53 | X16: =W16-AN16 -> 53 | AD16: 0 | AG16: 33 | AH16: =AH15-AG16 -> 992 | AJ16: =N16+O16+P16+Q16+R16+S16+T16+W16+AD16+AG16 -> 90.2 | AK16: =IF(L16<0,L16*-1,0) -> 0 | AL16: =AJ16+AK16 -> 90.2 | AM16: =AM15+(W16*1.9835) -> 8617.5141 | AU16: 0 | AV16: 45 | AW16: 15 | AY16: =SUM(N16,P16:T16) -> 4.2
A17: =A16+1 -> 3 | B17: 2891.24 | C17: 252393 | D17: =C17-C16 -> -69 | E17: =C17-152000 -> 100393 | F17: =D17/$D$2 -> -34.786993 | G17: 42 | H17: 1.1 | I17: =G17+H17 -> 43.1 | J17: =IF(L17>0,L17,0) -> 12.513007 | K17: =I17+J17 -> 55.613007 | L17: =F17-(I17-AJ17) -> 12.513007 | M17: 3.4 | N17: 0 | O17: 0 | P17: 0 | Q17: =1.619*1.02 -> 1.65138 | R17: 2.48 | S17: 0 | T17: =M17-(Q17+R17+S17) -> -0.73138 | U17: 53 | V17: 0 | W17: =M17-N17-O17-P17-Q17-R17-S17-T17+U17+V17 -> 53 | X17: =W17-AN17 -> 53 | AD17: 0 | AG17: 34 | AH17: =AH16-AG17 -> 958 | AJ17: =N17+O17+P17+Q17+R17+S17+T17+W17+AD17+AG17 -> 90.4 | AK17: =IF(L17<0,L17*-1,0) -> 0 | AL17: =AJ17+AK17 -> 90.4 | AM17: =AM16+(W17*1.9835) -> 8722.6396 | AU17: 0 | AV17: 48 | AW17: 20 | AY17: =SUM(N17,P17:T17) -> 3.4
A18: =A17+1 -> 4 | B18: 6891.22 | C18: 252324 | D18: =C18-C17 -> -69 | E18: =C18-152000 -> 100324 | F18: =D18/$D$2 -> -34.786993 | G18: 49 | H18: 1.1 | I18: =G18+H18 -> 50.1 | J18: =IF(L18>0,L18,0) -> 11.113007 | K18: =I18+J18 -> 61.213007 | L18: =F18-(I18-AJ18) -> 11.113007 | M18: 10 | N18: 0 | O18: 0 | P18: 0 | Q18: =1.619*1.02 -> 1.65138 | R18: 2.64 | S18: 0 | T18: =M18-(Q18+R18+S18) -> 5.70862 | U18: 52 | V18: 0 | W18: =M18-N18-O18-P18-Q18-R18-S18-T18+U18+V18 -> 52 | X18: =W18-AN18 -> 52 | AD18: 0 | AG18: 34 | AH18: =AH17-AG18 -> 924 | AJ18: =N18+O18+P18+Q18+R18+S18+T18+W18+AD18+AG18 -> 96 | AK18: =IF(L18<0,L18*-1,0) -> 0 | AL18: =AJ18+AK18 -> 96 | AM18: =AM17+(W18*1.9835) -> 8825.7816 | AU18: 0 | AV18: 46 | AW18: 17 | AY18: =SUM(N18,P18:T18) -> 10
A19: =A18+1 -> 5 | B19: 6891.2 | C19: 252256 | D19: =C19-C18 -> -68 | E19: =C19-152000 -> 100256 | F19: =D19/$D$2 -> -34.282833 | G19: 57 | H19: 1.1 | I19: =G19+H19 -> 58.1 | J19: =IF(L19>0,L19,0) -> 0.91716662 | K19: =I19+J19 -> 59.017167 | L19: =F19-(I19-AJ19) -> 0.91716662 | M19: 6.3 | N19: 0 | O19: 0 | P19: 0 | Q19: =1.619*1.02 -> 1.65138 | R19: 2.72 | S19: 0 | T19: =M19-(Q19+R19+S19) -> 1.92862 | U19: 53 | V19: 0 | W19: =M19-N19-O19-P19-Q19-R19-S19-T19+U19+V19 -> 53 | X19: =W19-AN19 -> 53 | AD19: 0 | AG19: 34 | AH19: =AH18-AG19 -> 890 | AJ19: =N19+O19+P19+Q19+R19+S19+T19+W19+AD19+AG19 -> 93.3 | AK19: =IF(L19<0,L19*-1,0) -> 0 | AL19: =AJ19+AK19 -> 93.3 | AM19: =AM18+(W19*1.9835) -> 8930.9071 | AU19: 0 | AV19: 41 | AW19: 16 | AY19: =SUM(N19,P19:T19) -> 6.3
A20: =A19+1 -> 6 | B20: 6891.18 | C20: 252187 | D20: =C20-C19 -> -69 | E20: =C20-152000 -> 100187 | F20: =D20/$D$2 -> -34.786993 | G20: 60 | H20: 1.1 | I20: =G20+H20 -> 61.1 | J20: =IF(L20>0,L20,0) -> 0 | K20: =I20+J20 -> 61.1 | L20: =F20-(I20-AJ20) -> -1.9869927 | M20: 6.9 | N20: 0 | O20: 0 | P20: 0 | Q20: =1.619*1.02 -> 1.65138 | R20: 2.78 | S20: 0 | T20: =M20-(Q20+R20+S20) -> 2.46862 | U20: 53 | V20: 0 | W20: =M20-N20-O20-P20-Q20-R20-S20-T20+U20+V20 -> 53 | X20: =W20-AN20 -> 53 | AD20: 0 | AG20: 34 | AH20: =AH19-AG20 -> 856 | AJ20: =N20+O20+P20+Q20+R20+S20+T20+W20+AD20+AG20 -> 93.9 | AK20: =IF(L20<0,L20*-1,0) -> 1.9869927 | AL20: =AJ20+AK20 -> 95.886993 | AM20: =AM19+(W20*1.9835) -> 9036.0326 | AU20: 0 | AV20: 41 | AW20: 15 | AY20: =SUM(N20,P20:T20) -> 6.9
A21: =A20+1 -> 7 | B21: 6891.16 | C21: 252118 | D21: =C21-C20 -> -69 | E21: =C21-152000 -> 100118 | F21: =D21/$D$2 -> -34.786993 | G21: 57 | H21: 1.1 | I21: =G21+H21 -> 58.1 | J21: =IF(L21>0,L21,0) -> 0 | K21: =I21+J21 -> 58.1 | L21: =F21-(I21-AJ21) -> -1.2869927 | M21: 5.6 | N21: 0 | O21: 0 | P21: 0 | Q21: =1.619*1.02 -> 1.65138 | R21: 2.73 | S21: 0 | T21: =M21-(Q21+R21+S21) -> 1.21862 | U21: 52 | V21: 0 | W21: =M21-N21-O21-P21-Q21-R21-S21-T21+U21+V21 -> 52 | X21: =W21-AN21 -> 52 | AD21: 0 | AG21: 34 | AH21: =AH20-AG21 -> 822 | AJ21: =N21+O21+P21+Q21+R21+S21+T21+W21+AD21+AG21 -> 91.6 | AK21: =IF(L21<0,L21*-1,0) -> 1.2869927 | AL21: =AJ21+AK21 -> 92.886993 | AM21: =AM20+(W21*1.9835) -> 9139.1746 | AU21: 0.29 | AV21: 43 | AW21: 31 | AY21: =SUM(N21,P21:T21) -> 5.6
A22: =A21+1 -> 8 | B22: 6891.17 | C22: 252153 | D22: =C22-C21 -> 35 | E22: =C22-152000 -> 100153 | F22: =D22/$D$2 -> 17.645576 | G22: 62 | H22: 1.1 | I22: =G22+H22 -> 63.1 | J22: =IF(L22>0,L22,0) -> 48.045576 | K22: =I22+J22 -> 111.14558 | L22: =F22-(I22-AJ22) -> 48.045576 | M22: 5.5 | N22: 0 | O22: 0 | P22: 0 | Q22: =1.619*1.02 -> 1.65138 | R22: 2.54 | S22: 0 | T22: =M22-(Q22+R22+S22) -> 1.30862 | U22: 54 | V22: 0 | W22: =M22-N22-O22-P22-Q22-R22-S22-T22+U22+V22 -> 54 | X22: =W22-AN22 -> 54 | AD22: 0 | AG22: 34 | AH22: =AH21-AG22 -> 788 | AJ22: =N22+O22+P22+Q22+R22+S22+T22+W22+AD22+AG22 -> 93.5 | AK22: =IF(L22<0,L22*-1,0) -> 0 | AL22: =AJ22+AK22 -> 93.5 | AM22: =AM21+(W22*1.9835) -> 9246.2836 | AU22: 0 | AV22: 36 | AW22: 25 | AY22: =SUM(N22,P22:T22) -> 5.5
A23: =A22+1 -> 9 | B23: 6891.15 | C23: 252084 | D23: =C23-C22 -> -69 | E23: =C23-152000 -> 100084 | F23: =D23/$D$2 -> -34.786993 | G23: 65 | H23: 1.1 | I23: =G23+H23 -> 66.1 | J23: =IF(L23>0,L23,0) -> 0 | K23: =I23+J23 -> 66.1 | L23: =F23-(I23-AJ23) -> -4.3869927 | M23: 6.5 | N23: 0 | O23: 0 | P23: 0 | Q23: =1.619*1.02 -> 1.65138 | R23: 2.23 | S23: 0 | T23: =M23-(Q23+R23+S23) -> 2.61862 | U23: 57 | V23: 0 | W23: =M23-N23-O23-P23-Q23-R23-S23-T23+U23+V23 -> 57 | X23: =W23-AN23 -> 57 | AD23: 0 | AG23: 33 | AH23: =AH22-AG23 -> 755 | AJ23: =N23+O23+P23+Q23+R23+S23+T23+W23+AD23+AG23 -> 96.5 | AK23: =IF(L23<0,L23*-1,0) -> 4.3869927 | AL23: =AJ23+AK23 -> 100.88699 | AM23: =AM22+(W23*1.9835) -> 9359.3431 | AU23: 0.07 | AV23: 40 | AW23: 18 | AY23: =SUM(N23,P23:T23) -> 6.5
A24: =A23+1 -> 10 | B24: 6891.13 | C24: 252015 | D24: =C24-C23 -> -69 | E24: =C24-152000 -> 100015 | F24: =D24/$D$2 -> -34.786993 | G24: 69 | H24: 1.2 | I24: =G24+H24 -> 70.2 | J24: =IF(L24>0,L24,0) -> 0 | K24: =I24+J24 -> 70.2 | L24: =F24-(I24-AJ24) -> -8.2869927 | M24: 5.7 | N24: 0 | O24: 0 | P24: 0 | Q24: =1.619*1.02 -> 1.65138 | R24: 2.19 | S24: 0 | T24: =M24-(Q24+R24+S24) -> 1.85862 | U24: 57 | V24: 0 | W24: =M24-N24-O24-P24-Q24-R24-S24-T24+U24+V24 -> 57 | X24: =W24-AN24 -> 57 | AD24: 0 | AG24: 34 | AH24: =AH23-AG24 -> 721 | AJ24: =N24+O24+P24+Q24+R24+S24+T24+W24+AD24+AG24 -> 96.7 | AK24: =IF(L24<0,L24*-1,0) -> 8.2869927 | AL24: =AJ24+AK24 -> 104.98699 | AM24: =AM23+(W24*1.9835) -> 9472.4026 | AU24: 0 | AV24: 36 | AW24: 23 | AY24: =SUM(N24,P24:T24) -> 5.7
A25: =A24+1 -> 11 | B25: 6891.11 | C25: 251947 | D25: =C25-C24 -> -68 | E25: =C25-152000 -> 99947 | F25: =D25/$D$2 -> -34.282833 | G25: 67 | H25: 1.3 | I25: =G25+H25 -> 68.3 | J25: =IF(L25>0,L25,0) -> 0 | K25: =I25+J25 -> 68.3 | L25: =F25-(I25-AJ25) -> -8.4828334 | M25: 3.1 | N25: 0 | O25: 0 | P25: 0 | Q25: =1.619*1.02 -> 1.65138 | R25: 2.17 | S25: 0 | T25: =M25-(Q25+R25+S25) -> -0.72138 | U25: 57 | V25: 0 | W25: =M25-N25-O25-P25-Q25-R25-S25-T25+U25+V25 -> 57 | X25: =W25-AN25 -> 57 | AD25: 0 | AG25: 34 | AH25: =AH24-AG25 -> 687 | AJ25: =N25+O25+P25+Q25+R25+S25+T25+W25+AD25+AG25 -> 94.1 | AK25: =IF(L25<0,L25*-1,0) -> 8.4828334 | AL25: =AJ25+AK25 -> 102.58283 | AM25: =AM24+(W25*1.9835) -> 9585.4621 | AU25: 0 | AV25: 43 | AW25: 19 | AY25: =SUM(N25,P25:T25) -> 3.1
A26: =A25+1 -> 12 | B26: 6891.09 | C26: 251878 | D26: =C26-C25 -> -69 | E26: =C26-152000 -> 99878 | F26: =D26/$D$2 -> -34.786993 | G26: 73 | H26: 1.3 | I26: =G26+H26 -> 74.3 | J26: =IF(L26>0,L26,0) -> 0 | K26: =I26+J26 -> 74.3 | L26: =F26-(I26-AJ26) -> -15.286993 | M26: 2.8 | N26: 0 | O26: 0 | P26: 0 | Q26: =1.619*1.02 -> 1.65138 | R26: 1.98 | S26: 0 | T26: =M26-(Q26+R26+S26) -> -0.83138 | U26: 57 | V26: 0 | W26: =M26-N26-O26-P26-Q26-R26-S26-T26+U26+V26 -> 57 | X26: =W26-AN26 -> 57 | AD26: 0 | AG26: 34 | AH26: =AH25-AG26 -> 653 | AJ26: =N26+O26+P26+Q26+R26+S26+T26+W26+AD26+AG26 -> 93.8 | AK26: =IF(L26<0,L26*-1,0) -> 15.286993 | AL26: =AJ26+AK26 -> 109.08699 | AM26: =AM25+(W26*1.9835) -> 9698.5216 | AU26: 0 | AV26: 44 | AW26: 16 | AY26: =SUM(N26,P26:T26) -> 2.8
A27: =A26+1 -> 13 | B27: 6891.07 | C27: 251809 | D27: =C27-C26 -> -69 | E27: =C27-152000 -> 99809 | F27: =D27/$D$2 -> -34.786993 | G27: 79 | H27: 1.6 | I27: =G27+H27 -> 80.6 | J27: =IF(L27>0,L27,0) -> 0 | K27: =I27+J27 -> 80.6 | L27: =F27-(I27-AJ27) -> -21.686993 | M27: 2.7 | N27: 0 | O27: 0 | P27: 0 | Q27: =1.619*1.02 -> 1.65138 | R27: 2.04 | S27: 0 | T27: =M27-(Q27+R27+S27) -> -0.99138 | U27: 57 | V27: 0 | W27: =M27-N27-O27-P27-Q27-R27-S27-T27+U27+V27 -> 57 | X27: =W27-AN27 -> 57 | AD27: 0 | AG27: 34 | AH27: =AH26-AG27 -> 619 | AJ27: =N27+O27+P27+Q27+R27+S27+T27+W27+AD27+AG27 -> 93.7 | AK27: =IF(L27<0,L27*-1,0) -> 21.686993 | AL27: =AJ27+AK27 -> 115.38699 | AM27: =AM26+(W27*1.9835) -> 9811.5811 | AU27: 0.01 | AV27: 48 | AW27: 20 | AY27: =SUM(N27,P27:T27) -> 2.7
A28: =A27+1 -> 14 | B28: 6891.08 | C28: 251844 | D28: =C28-C27 -> 35 | E28: =C28-152000 -> 99844 | F28: =D28/$D$2 -> 17.645576 | G28: 85 | H28: 1.7 | I28: =G28+H28 -> 86.7 | J28: =IF(L28>0,L28,0) -> 24.845576 | K28: =I28+J28 -> 111.54558 | L28: =F28-(I28-AJ28) -> 24.845576 | M28: 2.9 | N28: 0 | O28: 0 | P28: 0 | Q28: =1.619*1.02 -> 1.65138 | R28: 2.23 | S28: 0 | T28: =M28-(Q28+R28+S28) -> -0.98138 | U28: 57 | V28: 0 | W28: =M28-N28-O28-P28-Q28-R28-S28-T28+U28+V28 -> 57 | X28: =W28-AN28 -> 57 | AD28: 0 | AG28: 34 | AH28: =AH27-AG28 -> 585 | AJ28: =N28+O28+P28+Q28+R28+S28+T28+W28+AD28+AG28 -> 93.9 | AK28: =IF(L28<0,L28*-1,0) -> 0 | AL28: =AJ28+AK28 -> 93.9 | AM28: =AM27+(W28*1.9835) -> 9924.6406 | AU28: 0.17 | AV28: 39 | AW28: 27 | AY28: =SUM(N28,P28:T28) -> 2.9
A29: =A28+1 -> 15 | B29: 6891.06 | C29: 251775 | D29: =C29-C28 -> -69 | E29: =C29-152000 -> 99775 | F29: =D29/$D$2 -> -34.786993 | G29: 89 | H29: 1.7 | I29: =G29+H29 -> 90.7 | J29: =IF(L29>0,L29,0) -> 0 | K29: =I29+J29 -> 90.7 | L29: =F29-(I29-AJ29) -> -30.386993 | M29: 4.1 | N29: 0 | O29: 0 | P29: 0 | Q29: =1.619*1.02 -> 1.65138 | R29: 2.02 | S29: 0 | T29: =M29-(Q29+R29+S29) -> 0.42862 | U29: 57 | V29: 0 | W29: =M29-N29-O29-P29-Q29-R29-S29-T29+U29+V29 -> 57 | X29: =W29-AN29 -> 57 | AD29: 0 | AG29: 34 | AH29: =AH28-AG29 -> 551 | AJ29: =N29+O29+P29+Q29+R29+S29+T29+W29+AD29+AG29 -> 95.1 | AK29: =IF(L29<0,L29*-1,0) -> 30.386993 | AL29: =AJ29+AK29 -> 125.48699 | AM29: =AM28+(U29*1.9835) -> 10037.7 | AU29: 0.07 | AV29: 46 | AW29: 12 | AY29: =SUM(N29,P29:T29) -> 4.1
A30: =A29+1 -> 16 | B30: 6891.04 | C30: 251706 | D30: =C30-C29 -> -69 | E30: =C30-152000 -> 99706 | F30: =D30/$D$2 -> -34.786993 | G30: 102 | H30: 1.8 | I30: =G30+H30 -> 103.8 | J30: =IF(L30>0,L30,0) -> 0 | K30: =I30+J30 -> 103.8 | L30: =F30-(I30-AJ30) -> -43.086993 | M30: 4.5 | N30: 0 | O30: 0 | P30: 0 | Q30: =1.619*1.02 -> 1.65138 | R30: 2.98 | S30: 0 | T30: =M30-(Q30+R30+S30) -> -0.13138 | U30: 57 | V30: 0 | W30: =M30-N30-O30-P30-Q30-R30-S30-T30+U30+V30 -> 57 | X30: =W30-AN30 -> 57 | AD30: 0 | AG30: 34 | AH30: =AH29-AG30 -> 517 | AJ30: =N30+O30+P30+Q30+R30+S30+T30+W30+AD30+AG30 -> 95.5 | AK30: =IF(L30<0,L30*-1,0) -> 43.086993 | AL30: =AJ30+AK30 -> 138.58699 | AM30: =AM29+(U30*1.9835) -> 10150.76 | AU30: 0 | AV30: 49 | AW30: 24 | AY30: =SUM(N30,P30:T30) -> 4.5
A31: 17 | B31: 6891.02 | C31: 251638 | D31: =C31-C30 -> -68 | E31: =C31-152000 -> 99638 | F31: =D31/$D$2 -> -34.282833 | G31: 108 | H31: 2.3 | I31: =G31+H31 -> 110.3 | J31: =IF(L31>0,L31,0) -> 0 | K31: =I31+J31 -> 110.3 | L31: =F31-(I31-AJ31) -> -49.982833 | M31: 3.6 | N31: 0 | O31: 0 | P31: 0 | Q31: =1.619*1.02 -> 1.65138 | R31: 4.2 | S31: 0.2 | T31: =M31-(Q31+R31+S31) -> -2.45138 | U31: 57 | V31: 0 | W31: =M31-N31-O31-P31-Q31-R31-S31-T31+U31+V31 -> 57 | X31: =W31-AN31 -> 57 | AD31: 0 | AG31: 34 | AH31: =AH30-AG31 -> 483 | AJ31: =N31+O31+P31+Q31+R31+S31+T31+W31+AD31+AG31 -> 94.6 | AK31: =IF(L31<0,L31*-1,0) -> 49.982833 | AL31: =AJ31+AK31 -> 144.58283 | AM31: =AM30+(U31*1.9835) -> 10263.819 | AU31: 0 | AV31: 55 | AW31: 20 | AY31: =SUM(N31,P31:T31) -> 3.6
A32: =A31+1 -> 18 | B32: 6891.02 | C32: 251638 | D32: =C32-C31 -> 0 | E32: =C32-152000 -> 99638 | F32: =D32/$D$2 -> 0 | G32: 121 | H32: 3.1 | I32: =G32+H32 -> 124.1 | J32: =IF(L32>0,L32,0) -> 0 | K32: =I32+J32 -> 124.1 | L32: =F32-(I32-AJ32) -> -31.4 | M32: 2.7 | N32: 0 | O32: 0 | P32: 0 | Q32: =1.619*1.02 -> 1.65138 | R32: 2.34 | S32: 0 | T32: =M32-(Q32+R32+S32) -> -1.29138 | U32: 57 | V32: 0 | W32: =M32-N32-O32-P32-Q32-R32-S32-T32+U32+V32 -> 57 | X32: =W32-AN32 -> 57 | AD32: 0 | AG32: 33 | AH32: =AH31-AG32 -> 450 | AJ32: =N32+O32+P32+Q32+R32+S32+T32+W32+AD32+AG32 -> 92.7 | AK32: =IF(L32<0,L32*-1,0) -> 31.4 | AL32: =AJ32+AK32 -> 124.1 | AM32: =AM31+(U32*1.9835) -> 10376.879 | AU32: 0 | AV32: 59 | AW32: 25 | AY32: =SUM(N32,P32:T32) -> 2.7
A33: =A32+1 -> 19 | B33: 6891.04 | C33: 251706 | D33: =C33-C32 -> 68 | E33: =C33-152000 -> 99706 | F33: =D33/$D$2 -> 34.282833 | G33: 136 | H33: 3.6 | I33: =G33+H33 -> 139.6 | J33: =IF(L33>0,L33,0) -> 0 | K33: =I33+J33 -> 139.6 | L33: =F33-(I33-AJ33) -> -12.017167 | M33: 3.3 | N33: 0 | O33: 0 | P33: 0 | Q33: =1.619*1.02 -> 1.65138 | R33: 2.18 | S33: 0 | T33: =M33-(Q33+R33+S33) -> -0.53138 | U33: 57 | V33: 0 | W33: =M33-N33-O33-P33-Q33-R33-S33-T33+U33+V33 -> 57 | X33: =W33-AN33 -> 57 | AD33: 0 | AG33: 33 | AH33: =AH32-AG33 -> 417 | AJ33: =N33+O33+P33+Q33+R33+S33+T33+W33+AD33+AG33 -> 93.3 | AK33: =IF(L33<0,L33*-1,0) -> 12.017167 | AL33: =AJ33+AK33 -> 105.31717 | AM33: =AM32+(U33*1.9835) -> 10489.938 | AU33: 0.02 | AV33: 40 | AW33: 24 | AY33: =SUM(N33,P33:T33) -> 3.3
A34: =A33+1 -> 20 | B34: 6891.05 | C34: 251741 | D34: =C34-C33 -> 35 | E34: =C34-152000 -> 99741 | F34: =D34/$D$2 -> 17.645576 | G34: 131 | H34: 4.5 | I34: =G34+H34 -> 135.5 | J34: =IF(L34>0,L34,0) -> 0 | K34: =I34+J34 -> 135.5 | L34: =F34-(I34-AJ34) -> -22.954424 | M34: 4.9 | N34: 0 | O34: 0 | P34: 0 | Q34: =1.619*1.02 -> 1.65138 | R34: 2.19 | S34: 0 | T34: =M34-(Q34+R34+S34) -> 1.05862 | U34: 57 | V34: 0 | W34: =M34-N34-O34-P34-Q34-R34-S34-T34+U34+V34 -> 57 | X34: =W34-AN34 -> 57 | AD34: 0 | AG34: 33 | AH34: =AH33-AG34 -> 384 | AJ34: =N34+O34+P34+Q34+R34+S34+T34+W34+AD34+AG34 -> 94.9 | AK34: =IF(L34<0,L34*-1,0) -> 22.954424 | AL34: =AJ34+AK34 -> 117.85442 | AM34: =AM33+(U34*1.9835) -> 10602.998 | AU34: 0 | AV34: 38 | AW34: 20 | AY34: =SUM(N34,P34:T34) -> 4.9
A35: =A34+1 -> 21 | B35: 6891.06 | C35: 251775 | D35: =C35-C34 -> 34 | E35: =C35-152000 -> 99775 | F35: =D35/$D$2 -> 17.141417 | G35: 110 | H35: 6.1 | I35: =G35+H35 -> 116.1 | J35: =IF(L35>0,L35,0) -> 0 | K35: =I35+J35 -> 116.1 | L35: =F35-(I35-AJ35) -> -4.9585833 | M35: 4 | N35: 0 | O35: 0 | P35: 0 | Q35: =1.619*1.02 -> 1.65138 | R35: 2.31 | S35: 0 | T35: =M35-(Q35+R35+S35) -> 0.03862 | U35: 57 | V35: 0 | W35: =M35-N35-O35-P35-Q35-R35-S35-T35+U35+V35 -> 57 | X35: =W35-AN35 -> 57 | AD35: 0 | AG35: 33 | AH35: =AH34-AG35 -> 351 | AJ35: =N35+O35+P35+Q35+R35+S35+T35+W35+AD35+AG35 -> 94 | AK35: =IF(L35<0,L35*-1,0) -> 4.9585833 | AL35: =AJ35+AK35 -> 98.958583 | AM35: =AM34+(U35*1.9835) -> 10716.057 | AU35: 0 | AV35: 47 | AW35: 15 | AY35: =SUM(N35,P35:T35) -> 4
A36: =A35+1 -> 22 | B36: 6891.06 | C36: 251775 | D36: =C36-C35 -> 0 | E36: =C36-152000 -> 99775 | F36: =D36/$D$2 -> 0 | G36: 114 | H36: 7.5 | I36: =G36+H36 -> 121.5 | J36: =IF(L36>0,L36,0) -> 0 | K36: =I36+J36 -> 121.5 | L36: =F36-(I36-AJ36) -> -5.9 | M36: 3.6 | N36: 0 | O36: 0 | P36: 0 | Q36: =1.619*1.02 -> 1.65138 | R36: 2.26 | S36: 0 | T36: =M36-(Q36+R36+S36) -> -0.31138 | U36: 79 | V36: 0 | W36: =M36-N36-O36-P36-Q36-R36-S36-T36+U36+V36 -> 79 | X36: =W36-AN36 -> 79 | AD36: 0 | AG36: 33 | AH36: =AH35-AG36 -> 318 | AJ36: =N36+O36+P36+Q36+R36+S36+T36+W36+AD36+AG36 -> 115.6 | AK36: =IF(L36<0,L36*-1,0) -> 5.9 | AL36: =AJ36+AK36 -> 121.5 | AM36: =AM35+(U36*1.9835) -> 10872.754 | AU36: 0 | AV36: 55 | AW36: 25 | AY36: =SUM(N36,P36:T36) -> 3.6
A37: =A36+1 -> 23 | B37: 6891.05 | C37: 251741 | D37: =C37-C36 -> -34 | E37: =C37-152000 -> 99741 | F37: =D37/$D$2 -> -17.141417 | G37: 117 | H37: 9.8 | I37: =G37+H37 -> 126.8 | J37: =IF(L37>0,L37,0) -> 0 | K37: =I37+J37 -> 126.8 | L37: =F37-(I37-AJ37) -> -8.4414167 | M37: 6.5 | N37: 0 | O37: 0 | P37: 0 | Q37: =1.619*1.02 -> 1.65138 | R37: 2.3 | S37: 0 | T37: =M37-(Q37+R37+S37) -> 2.54862 | U37: 96 | V37: 0 | W37: =M37-N37-O37-P37-Q37-R37-S37-T37+U37+V37 -> 96 | X37: =W37-AN37 -> 96 | AD37: 0 | AG37: 33 | AH37: =AH36-AG37 -> 285 | AJ37: =N37+O37+P37+Q37+R37+S37+T37+W37+AD37+AG37 -> 135.5 | AK37: =IF(L37<0,L37*-1,0) -> 8.4414167 | AL37: =AJ37+AK37 -> 143.94142 | AM37: =AM36+(U37*1.9835) -> 11063.17 | AU37: 0 | AV37: 43 | AW37: 23 | AY37: =SUM(N37,P37:T37) -> 6.5
A38: =A37+1 -> 24 | B38: 6891.04 | C38: 251706 | D38: =C38-C37 -> -35 | E38: =C38-152000 -> 99706 | F38: =D38/$D$2 -> -17.645576 | G38: 124 | H38: 11 | I38: =G38+H38 -> 135 | J38: =IF(L38>0,L38,0) -> 0.354424 | K38: =I38+J38 -> 135.35442 | L38: =F38-(I38-AJ38) -> 0.354424 | M38: 25 | N38: 0 | O38: 0 | P38: 0 | Q38: =1.619*1.02 -> 1.65138 | R38: 2.45 | S38: 0 | T38: 0 | U38: 95 | V38: 0 | W38: =M38-N38-O38-P38-Q38-R38-S38-T38+U38+V38 -> 115.89862 | X38: =W38-AN38 -> 115.89862 | AD38: 0 | AG38: 33 | AH38: =AH37-AG38 -> 252 | AJ38: =N38+O38+P38+Q38+R38+S38+T38+W38+AD38+AG38 -> 153 | AK38: =IF(L38<0,L38*-1,0) -> 0 | AL38: =AJ38+AK38 -> 153 | AM38: =AM37+(U38*1.9835) -> 11251.602 | AU38: 0 | AV38: 45 | AW38: 25 | AY38: =SUM(N38,P38:T38) -> 4.10138
A39: =A38+1 -> 25 | B39: 6891.03 | C39: 251672 | D39: =C39-C38 -> -34 | E39: =C39-152000 -> 99672 | F39: =D39/$D$2 -> -17.141417 | G39: 114 | H39: 13 | I39: =G39+H39 -> 127 | J39: =IF(L39>0,L39,0) -> 10.858583 | K39: =I39+J39 -> 137.85858 | L39: =F39-(I39-AJ39) -> 10.858583 | M39: 24 | N39: 0 | O39: =(9.9+4.3)*1.05 -> 14.91 | P39: 0 | Q39: =1.619*1.02 -> 1.65138 | R39: 2.25 | S39: 0 | T39: 0 | U39: 98 | V39: 0 | W39: =M39-N39-O39-P39-Q39-R39-S39-T39+U39+V39 -> 103.18862 | X39: =W39-AN39 -> 103.18862 | AD39: 0 | AG39: 33 | AH39: =AH38-AG39 -> 219 | AJ39: =N39+O39+P39+Q39+R39+S39+T39+W39+AD39+AG39 -> 155 | AK39: =IF(L39<0,L39*-1,0) -> 0 | AL39: =AJ39+AK39 -> 155 | AM39: =AM38+(U39*1.9835) -> 11445.985 | AU39: 0 | AV39: 49 | AW39: 20 | AY39: =SUM(N39,P39:T39) -> 3.90138
A40: =A39+1 -> 26 | B40: 6891.02 | C40: 251638 | D40: =C40-C39 -> -34 | E40: =C40-152000 -> 99638 | F40: =D40/$D$2 -> -17.141417 | G40: 118 | H40: 11 | I40: =G40+H40 -> 129 | J40: =IF(L40>0,L40,0) -> 0 | K40: =I40+J40 -> 129 | L40: =F40-(I40-AJ40) -> -8.7414167 | M40: 6.4 | N40: 0 | O40: =0.03*1.05 -> 0.0315 | P40: 0 | Q40: =1.619*1.02 -> 1.65138 | R40: 2.13 | S40: 0 | T40: 0 | U40: 98 | V40: 0 | W40: =M40-N40-O40-P40-Q40-R40-S40-T40+U40+V40 -> 100.58712 | X40: =W40-AN40 -> 100.58712 | AD40: 0 | AG40: 33 | AH40: =AH39-AG40 -> 186 | AJ40: =N40+O40+P40+Q40+R40+S40+T40+W40+AD40+AG40 -> 137.4 | AK40: =IF(L40<0,L40*-1,0) -> 8.7414167 | AL40: =AJ40+AK40 -> 146.14142 | AM40: =AM39+(U40*1.9835) -> 11640.368 | AU40: 0.08 | AV40: 43 | AW40: 29 | AY40: =SUM(N40,P40:T40) -> 3.78138
A41: =A40+1 -> 27 | B41: 6891 | C41: 251569 | D41: =C41-C40 -> -69 | E41: =C41-152000 -> 99569 | F41: =D41/$D$2 -> -34.786993 | G41: 104 | H41: 9.3 | I41: =G41+H41 -> 113.3 | J41: =IF(L41>0,L41,0) -> 0 | K41: =I41+J41 -> 113.3 | L41: =F41-(I41-AJ41) -> -11.086993 | M41: 6 | N41: 0 | O41: 0 | P41: 0 | Q41: =1.619*1.02 -> 1.65138 | R41: 2.17 | S41: 0 | T41: 0 | U41: 98 | V41: 0 | W41: =M41-N41-O41-P41-Q41-R41-S41-T41+U41+V41 -> 100.17862 | X41: =W41-AN41 -> 100.17862 | AD41: 0 | AG41: 33 | AH41: =AH40-AG41 -> 153 | AJ41: =N41+O41+P41+Q41+R41+S41+T41+W41+AD41+AG41 -> 137 | AK41: =IF(L41<0,L41*-1,0) -> 11.086993 | AL41: =AJ41+AK41 -> 148.08699 | AM41: =AM40+(U41*1.9835) -> 11834.751 | AU41: 0 | AV41: 42 | AW41: 24 | AY41: =SUM(N41,P41:T41) -> 3.82138
A42: =A41+1 -> 28 | B42: 9890.98 | C42: 251501 | D42: =C42-C41 -> -68 | E42: =C42-152000 -> 99501 | F42: =D42/$D$2 -> -34.282833 | G42: 97 | H42: 8.4 | I42: =G42+H42 -> 105.4 | J42: =IF(L42>0,L42,0) -> 0 | K42: =I42+J42 -> 105.4 | L42: =F42-(I42-AJ42) -> -2.7828334 | M42: 5.9 | N42: 0 | O42: 0 | P42: 0 | Q42: =1.619*1.02 -> 1.65138 | R42: 2.36 | S42: 0 | T42: 0 | U42: 98 | V42: 0 | W42: =M42-N42-O42-P42-Q42-R42-S42-T42+U42+V42 -> 99.88862 | X42: =W42-AN42 -> 99.88862 | AD42: 0 | AG42: 33 | AH42: =AH41-AG42 -> 120 | AJ42: =N42+O42+P42+Q42+R42+S42+T42+W42+AD42+AG42 -> 136.9 | AK42: =IF(L42<0,L42*-1,0) -> 2.7828334 | AL42: =AJ42+AK42 -> 139.68283 | AM42: =AM41+(U42*1.9835) -> 12029.134 | AU42: 0 | AV42: 50 | AW42: 22 | AY42: =SUM(N42,P42:T42) -> 4.01138
A43: =A42+1 -> 29 | B43: 6890.96 | C43: 251433 | D43: =C43-C42 -> -68 | E43: =C43-152000 -> 99433 | F43: =D43/$D$2 -> -34.282833 | G43: 101 | H43: 9.5 | I43: =G43+H43 -> 110.5 | J43: =IF(L43>0,L43,0) -> 24.217167 | K43: =I43+J43 -> 134.71717 | L43: =F43-(I43-AJ43) -> 24.217167 | M43: 17 | N43: 0 | O43: 0 | P43: 0 | Q43: =1.619*1.02 -> 1.65138 | R43: 2.16 | S43: 0 | T43: 0 | U43: 119 | V43: 0 | W43: =M43-N43-O43-P43-Q43-R43-S43-T43+U43+V43 -> 132.18862 | X43: =W43-AN43 -> 132.18862 | AD43: 0 | AG43: 33 | AH43: =AH42-AG43 -> 87 | AJ43: =N43+O43+P43+Q43+R43+S43+T43+W43+AD43+AG43 -> 169 | AK43: =IF(L43<0,L43*-1,0) -> 0 | AL43: =AJ43+AK43 -> 169 | AM43: =AM42+(U43*1.9835) -> 12265.171 | AU43: 0 | AV43: 59 | AW43: 24 | AY43: =SUM(N43,P43:T43) -> 3.81138
A44: 30 | B44: 6890.93 | C44: 251331 | D44: =C44-C43 -> -102 | E44: =C44-152000 -> 99331 | F44: =D44/$D$2 -> -51.42425 | G44: 121 | H44: 23 | I44: =G44+H44 -> 144 | J44: =IF(L44>0,L44,0) -> 6.5757499 | K44: =I44+J44 -> 150.57575 | L44: =F44-(I44-AJ44) -> 6.5757499 | M44: 32 | N44: 0 | O44: =9.5*1.05 -> 9.975 | P44: 0 | Q44: =1.619*1.02 -> 1.65138 | R44: 2.26 | S44: 0 | T44: 0 | U44: 137 | V44: 0 | W44: =M44-N44-O44-P44-Q44-R44-S44-T44+U44+V44 -> 155.11362 | X44: =W44-AN44 -> 155.11362 | AD44: 0 | AG44: 33 | AH44: =AH43-AG44 -> 54 | AJ44: =N44+O44+P44+Q44+R44+S44+T44+W44+AD44+AG44 -> 202 | AK44: =IF(L44<0,L44*-1,0) -> 0 | AL44: =AJ44+AK44 -> 202 | AM44: =AM43+(U44*1.9835) -> 12536.91 | AU44: 0 | AV44: 65 | AW44: 32 | AY44: =SUM(N44,P44:T44) -> 3.91138
A45: 31 | B45: 6890.99 | C45: 251535 | D45: =C45-C44 -> 204 | E45: =C45-152000 -> 99535 | F45: =D45/$D$2 -> 102.8485 | G45: 153 | H45: 31 | I45: =G45+H45 -> 184 | J45: =IF(L45>0,L45,0) -> 51.8485 | K45: =I45+J45 -> 235.8485 | L45: =F45-(I45-AJ45) -> 51.8485 | M45: 29 | N45: 0 | O45: 0 | P45: 0 | Q45: =1.619*1.02 -> 1.65138 | R45: 2.24 | S45: 0 | T45: 0 | U45: 71 | V45: 0 | W45: =M45-N45-O45-P45-Q45-R45-S45-T45+U45+V45 -> 96.10862 | X45: =W45-AN45 -> 96.10862 | AD45: 0 | AG45: 33 | AH45: =AH44-AG45 -> 21 | AJ45: =N45+O45+P45+Q45+R45+S45+T45+W45+AD45+AG45 -> 133 | AK45: =IF(L45<0,L45*-1,0) -> 0 | AL45: =AJ45+AK45 -> 133 | AM45: =AM44+(U45*1.9835) -> 12677.739 | AU45: 0 | AV45: 56 | AW45: 39 | AY45: =SUM(N45,P45:T45) -> 3.89138
A47: MONTH / CFS | F47: =SUM(F15:F45) -> -536.42551 | G47: =SUM(G15:G45) -> 2797 | H47: =SUM(H15:H45) -> 173.6 | I47: =SUM(I15:I45) -> 2970.6 | J47: =SUM(J15:J45) -> 226.91893 | K47: =SUM(K15:K45) -> 3197.5189 | L47: =SUM(L15:L45) -> -66.22551 | M47: =SUM(M15:M45) -> 251.8 | ... O47: =SUM(O15:O45) -> 24.9165 | Q47: =SUM(Q15:Q45) -> 51.19278 | R47: =SUM(R15:R45) -> 74.47 | S47: =SUM(S15:S45) -> 0.2 | T47: =SUM(T15:T45) -> 11.86826 | U47: =SUM(U15:U45) -> 2153 | V47: =SUM(V15:V45) -> 0 | W47: =SUM(W15:W45) -> 2242.1525 | X47: =SUM(X15:X45) -> 2242.1525 | AG47: =SUM(AG15:AG45) -> 1036 | AI47: =SUM(AI15:AI45) -> 0 | AJ47: =SUM(AJ15:AJ45) -> 3440.8 | AK47: =SUM(AK15:AK45) -> 293.14444 | AL47: =SUM(AL15:AL45) -> 3733.9444 | AN47: =SUM(AN15:AN45) -> 0 | AU47: =SUM(AU15:AU45) -> 0.71 | AV47: =AVERAGE(AV15:AV45) -> 46.322581 | AW47: =AVERAGE(AW15:AW45) -> 22.16129 | AX47: AVE | AY47: =SUM(AY15:AY45) -> 137.73104
A48: MONTH / AF | D48: =SUM(D15:D45) -> -1064 | F48: =F47*$D$2 -> -1064 | G48: =G47*$D$2 -> 5547.8495 | H48: =H47*$D$2 -> 344.3356 | I48: =I47*$D$2 -> 5892.1851 | J48: =J47*$D$2 -> 450.0937 | K48: =K47*$D$2 -> 6342.2788 | L48: =L47*$D$2 -> -131.3583 | M48: =M47*$D$2 -> 499.4453 | ... O48: =O47*$D$2 -> 49.421878 | Q48: =Q47*$D$2 -> 101.54088 | R48: =R47*$D$2 -> 147.71124 | S48: =S47*$D$2 -> 0.3967 | T48: =T47*$D$2 -> 23.540694 | U48: =U47*$D$2 -> 4270.4755 | V48: =V47*$D$2 -> 0 | W48: =W47*$D$2 -> 4447.3094 | X48: =X47*$D$2 -> 4447.3094 | AG48: =AG47*$D$2 -> 2054.906 | AI48: =AI47*$D$2 -> 0 | AJ48: =AJ47*$D$2 -> 6824.8268 | AK48: =AK47*$D$2 -> 581.452 | AL48: =AL47*$D$2 -> 7406.2788 | AN48: =AN47*$D$2 -> 0 | AV48: =MAX(AV15:AV45) -> 65 | AW48: =MAX(AW15:AW45) -> 39 | AX48: HI | AY48: =AY47*$D$2 -> 273.18952
A50: SEASON / CFS | O50: =O47 -> 24.9165 | AV50: =MIN(AV15:AV45) -> 36 | AW50: =MIN(AW15:AW45) -> 12 | AX50: LO
A51: SEASON / AF | O51: =O50*D2 -> 49.421878
A53: YTD / CFS | F53: =F13+F47 -> -3936.4759 | G53: =G13+G47 -> 6703 | H53: =H13+H47 -> 228.59 | I53: =I13+I47 -> 6931.59 | J53: =J13+J47 -> 1742.3656 | K53: =K13+K47 -> 8673.9556 | L53: =L13+L47 -> 833.43407 | M53: =M13+M47 -> 695.4 | ... O53: =O13+O47 -> 24.9165 | Q53: =Q13+Q47 -> 246.26472 | R53: =R13+R47 -> 356.66 | S53: =S13+S47 -> 0.63 | T53: =T13+T47 -> -22.57716 | U53: =U13+U47 -> 6391.6 | V53: =V13+V47 -> 40.5 | W53: =W13+W47 -> 6520.8348 | X53: =X13+X47 -> 6480.3348 | AG53: =AG13+AG47 -> 4574 | AH53: =AH45 -> 21 | AI53: =AI13+AI47 -> 0 | AJ53: =AJ13+AJ47 -> 11701.5 | AK53: =AK13+AK47 -> 908.93153 | AL53: =AL13+AL47 -> 12610.432 | AN53: =AN13+AN47 -> 40.5 | AU53: =AU13+AU47 -> 6.02 | AY53: =AY13+AY47 -> 581.74872
A54: YTD / AF | D54: =D13+D48 -> -7808 | E54: =E45 -> 99535 | F54: =F53*$D$2 -> -7808 | G54: =G53*$D$2 -> 13295.4 | H54: =H53*$D$2 -> 453.40826 | I54: =I53*$D$2 -> 13748.809 | J54: =J53*$D$2 -> 3455.9822 | K54: =K53*$D$2 -> 17204.791 | L54: =L53*$D$2 -> 1653.1165 | M54: =M53*$D$2 -> 1379.3259 | ... O54: =O53*$D$2 -> 49.421878 | Q54: =Q53*$D$2 -> 488.46607 | R54: =R53*$D$2 -> 707.43511 | S54: =S53*$D$2 -> 1.249605 | T54: =T53*$D$2 -> -44.781797 | U54: =U53*$D$2 -> 12677.739 | V54: =V53*$D$2 -> 80.33175 | W54: =W53*$D$2 -> 12934.076 | X54: =X53*$D$2 -> 12853.744 | AG54: =AG53*$D$2 -> 9072.529 | AH54: =AH53*$D$2 -> 41.6535 | AI54: =AI53*$D$2 -> 0 | AJ54: =AJ53*$D$2 -> 23209.925 | AK54: =AK53*$D$2 -> 1802.8657 | AL54: =AL53*$D$2 -> 25012.791 | AM54: =AM45 -> 12677.739 | AN54: =AN53*$D$2 -> 80.33175 | AY54: =AY53*$D$2 -> 1153.8986

Sheet APR
K1: MCPHEE RESERVOIR INFLOW/OUTFLOW TABULATION
A2: AF/cfs CONVERT FACTOR | D2: 1.9835 | K2: Apr "2010"
D4: RESERVOIR | W4: INFLOW/OUTFLOW (CFS) | AO4: ADJUSTMENTS | AV4: WEATHER
A5: DATE | B5: RESERV | C5: RESERV | D5: AC FT | E5: ACTIVE | F5: CONV TO | G5: DOLORES | H5: LOST | I5: RECORD | J5: CALC | K5: TOTAL | L5: CALC | M5: DOLORES TUNNEL | U5: LONE | V5: U | W5: TOTAL | X5: TOTAL | Y5: MVI | Z5: MVI | AA5: MVI | AB5: TO EX & | AC5: MVI | AD5: DV CR | AE5: D/S SENIOR | AG5: BELOW | AH5: FISH | AI5: SPILL | AJ5: RECORD | AK5: CALC | AL5: TOTAL | AM5: NAR | AN5: MVI | AO5: MVI | AP5: MVI | AQ5: DIST. | AR5: U/S | AS5: TOTTEN | AT5: UTES | AU5: RAIN | AV5: MAX | AW5: MIN | AY5: TOTAL
A6: APR | B6: ELEV | D6: CHANGE | E6: CAP | F6: CFS | G6: RIVER | H6: CAN | I6: INFLOW | J6: INFLOW | K6: INFLOW | L6: INF/OTF | M6: TOT DIV | N6: WET | O6: UTE | P6: QUEST | Q6: MWC | R6: CTZ | S6: CTZ & | T6: F-BAY | U6: PINE | V6: LAT | W6: MVI | X6: MVI | Y6: CALL | Z6: CALL | AA6: APR- | AB6: U/S EX | AC6: PROJ | AD6: CANAL | AE6: MVIC | AF6: PROJ | AG6: MCP | AH6: LEFT | AJ6: OTF | AK6: OTF | AL6: OTF | AM6: FILL | AN6: STOCK | AO6: STORED | AP6: STORED | AQ6: CLASS | AR6: USERS | AS6: (FRESH | AT6: FROM | AV6: TMP | AW6: TMP | AY6: TUNNEL
N7: LAND | O7: F&R | S7: UTE | T7: SPILL | W7: WATER | X7: IRRIG. | Y7: STOR | Z7: SPILLED | AA7: JUNE | AE7: 1.7 | AF7: 1.3 | AH7: 31798 | AO7: Apr - Jun | AP7: EVAP | AQ7: "B" | AR7: EXCH | AS7: WATER) | AT7: DWCD | AY7: Misc.
W8: USED | X8: WATER | Z8: OR | AA8: (DIV+
X9: USED | Z9: USED | AA9: CALL)
C10: AC. Ft. | E10: AC FT | G10: CFS | H10: CFS | I10: CFS | J10: CFS | K10: CFS | L10: CFS | M10: CFS | N10: CFS | O10: CFS | P10: CFS | Q10: CFS | R10: CFS | S10: PROJ | T10: CFS | U10: CFS | V10: CFS | W10: 153400 | X10: 150400 | Y10: CFS | AA10: 72000 | AB10: CFS | AC10: CFS | AD10: CFS | AE10: CFS | AF10: CFS | AG10: CFS | AH10: CFS | AI10: CFS | AJ10: CFS | AK10: CFS | AL10: CFS | AM10: AC FT | AN10: CFS | AO10: CFS | AP10: AC.FT. | AQ10: CFS | AR10: CFS | AS10: CFS | AT10: CFS | AY10: Outflow
N11: 1.03 | O11: 1.05 | P11: 1.02 | Q11: 1.02 | R11: 1.04 | S11: CFS | W11: CFS | X11: CFS | Y11: CFS | Z11: CFS | AA11: Ac. Ft. | AY11: CFS
A12: SEASON BAL | O12: =MAR!O50 -> 24.9165
A13: YTD | B13: =MAR!B45 -> 6890.99 | C13: =MAR!C45 -> 251535 | D13: =MAR!D54 -> -7808 | E13: =MAR!E54 -> 99535 | F13: =MAR!F53 -> -3936.4759 | G13: =MAR!G53 -> 6703 | H13: =MAR!H53 -> 228.59 | I13: =MAR!I53 -> 6931.59 | J13: =MAR!J53 -> 1742.3656 | K13: =MAR!K53 -> 8673.9556 | L13: =MAR!L53 -> 833.43407 | M13: =MAR!M53 -> 695.4 | ... O13: =MAR!O53 -> 24.9165 | Q13: =MAR!Q53 -> 246.26472 | R13: =MAR!R53 -> 356.66 | S13: =MAR!S53 -> 0.63 | T13: =MAR!T53 -> -22.57716 | U13: =MAR!U53 -> 6391.6 | V13: =MAR!V53 -> 40.5 | W13: =MAR!W53 -> 6520.8348 | X13: =MAR!X53 -> 6480.3348 | Y13: 0 | AD13: =MAR!AD53 -> 0 | AE13: =MAR!AE53 -> 0 | AF13: =MAR!AF53 -> 0 | AG13: =MAR!AG53 -> 4574 | AH13: =AH7/D2 -> 16031.258 | AI13: =MAR!AI53 -> 0 | AJ13: =MAR!AJ53 -> 11701.5 | AK13: =MAR!AK53 -> 908.93153 | AL13: =MAR!AL53 -> 12610.432 | AM13: =MAR!AM54 -> 12677.739 | AN13: =MAR!AN53 -> 40.5 | AU13: =MAR!AU53 -> 6.02 | AY13: =MAR!AY53 -> 581.74872
A15: 1 | B15: 6891.08 | C15: 251844 | D15: =C15-C13 -> 309 | E15: =C15-152000 -> 99844 | F15: =D15/$D$2 -> 155.78523 | G15: 149 | H15: 28 | I15: =G15+H15 -> 177 | J15: =IF(L15>0,L15,0) -> 31.785228 | K15: =I15+J15 -> 208.78523 | L15: =F15-(I15-AJ15) -> 31.785228 | M15: 21 | N15: =1.8299*1.03 -> 1.884797 | O15: 0 | P15: 0 | Q15: =1.602*1.02 -> 1.63404 | R15: 2.2 | S15: 0 | T15: 0 | U15: 0 | V15: 0 | W15: =M15-N15-O15-P15-Q15-R15-S15-T15+U15+V15 -> 15.281163 | X15: =W15-AN15 -> 15.281163 | Y15: =Y13 -> 0 | AA15: =(X15)*1.9835-U15 -> 30.310187 | AB15: =AO15 -> 156.1848 | AD15: 0 | AE15: 1.7 | AF15: 1.3 | AG15: 32 | AH15: =AH13-AG15 -> 15999.258 | AJ15: =N15+O15+P15+Q15+R15+S15+T15+W15+AD15+AG15 -> 53 | AK15: =IF(L15<0,L15*-1,0) -> 0 | AL15: =AJ15+AK15 -> 53 | AM15: =AM13+(U15*1.9835) -> 12677.739 | AO15: =I15-Q15-R15-W15-AE15 -> 156.1848 | AP15: =29.8*(Y15*1.9835+AB15*1.9835)/E15 -> 0.09246242 | AU15: 0.03 | AV15: 51 | AW15: 28 | AY15: =SUM(N15,P15:T15) -> 5.718837
A16: =A15+1 -> 2 | B16: 6891.14 | C16: 252050 | D16: =C16-C15 -> 206 | E16: =C16-152000 -> 100050 | F16: =D16/$D$2 -> 103.85682 | G16: 121 | H16: 28 | I16: =G16+H16 -> 149 | J16: =IF(L16>0,L16,0) -> 0 | K16: =I16+J16 -> 149 | L16: =F16-(I16-AJ16) -> -9.4431812 | M16: 4.7 | N16: =1.8299*1.03 -> 1.884797 | O16: 0 | P16: 0 | Q16: =1.602*1.02 -> 1.63404 | R16: 2.43 | S16: 0 | T16: 0 | U16: 0 | V16: 0 | W16: =M16-N16-O16-P16-Q16-R16-S16-T16+U16+V16 -> -1.248837 | X16: =W16-AN16 -> -1.248837 | Y16: =Y15 -> 0 | AA16: =AA15+(X16)*1.9835-U16 -> 27.833119 | AB16: =AB15+AO16-(AP15/1.9835) -> 300.62298 | AD16: 0 | AE16: 1.7 | AF16: 1.3 | AG16: 31 | AH16: =AH15-AG16 -> 15968.258 | AJ16: =N16+O16+P16+Q16+R16+S16+T16+W16+AD16+AG16 -> 35.7 | AK16: =IF(L16<0,L16*-1,0) -> 9.4431812 | AL16: =AJ16+AK16 -> 45.143181 | AM16: =AM15+(U16*1.9835) -> 12677.739 | AO16: =I16-Q16-R16-W16-AE16 -> 144.4848 | AP16: =29.8*(Y16*1.9835+AB16*1.9835)/E16 -> 0.17760433 | AU16: 0 | AV16: 40 | AW16: 20 | AY16: =SUM(N16,P16:T16) -> 5.948837
A17: =A16+1 -> 3 | B17: 6891.21 | C17: 252290 | D17: =C17-C16 -> 240 | E17: =C17-152000 -> 100290 | F17: =D17/$D$2 -> 120.99824 | G17: 125 | H17: 16 | I17: =G17+H17 -> 141 | J17: =IF(L17>0,L17,0) -> 15.598235 | K17: =I17+J17 -> 156.59824 | L17: =F17-(I17-AJ17) -> 15.598235 | M17: 4.6 | N17: =1.8299*1.03 -> 1.884797 | O17: 0 | P17: 0 | Q17: =1.602*1.02 -> 1.63404 | R17: 2.44 | S17: 0 | T17: 0 | U17: 0 | V17: 0 | W17: =M17-N17-O17-P17-Q17-R17-S17-T17+U17+V17 -> -1.358837 | X17: =W17-AN17 -> -1.358837 | Y17: =Y16 -> 0 | AA17: =AA16+(X17)*1.9835-U17 -> 25.137865 | AB17: =AB16+AO17-(AP16/1.9835) -> 437.11823 | AD17: 0 | AE17: 1.7 | AF17: 1.3 | AG17: 31 | AH17: =AH16-AG17 -> 15937.258 | AJ17: =N17+O17+P17+Q17+R17+S17+T17+W17+AD17+AG17 -> 35.6 | AK17: =IF(L17<0,L17*-1,0) -> 0 | AL17: =AJ17+AK17 -> 35.6 | AM17: =AM16+(U17*1.9835) -> 12677.739 | AO17: =I17-Q17-R17-W17-AE17 -> 136.5848 | AP17: =29.8*(Y17*1.9835+AB17*1.9835)/E17 -> 0.25762604 | AU17: 0 | AV17: 49 | AW17: 27 | AY17: =SUM(N17,P17:T17) -> 5.958837
A18: =A17+1 -> 4 | B18: 6891.28 | C18: 252530 | D18: =C18-C17 -> 240 | E18: =C18-152000 -> 100530 | F18: =D18/$D$2 -> 120.99824 | G18: 116 | H18: 15 | I18: =G18+H18 -> 131 | J18: =IF(L18>0,L18,0) -> 26.998235 | K18: =I18+J18 -> 157.99824 | L18: =F18-(I18-AJ18) -> 26.998235 | M18: 6 | N18: =1.8299*1.03 -> 1.884797 | O18: 0 | P18: 0 | Q18: =1.602*1.02 -> 1.63404 | R18: 2.39 | S18: 0 | T18: 0 | U18: 0 | V18: 0 | W18: =M18-N18-O18-P18-Q18-R18-S18-T18+U18+V18 -> 0.091163 | X18: =W18-AN18 -> 0.091163 | Y18: =Y17 -> 0 | AA18: =AA17+(X18)*1.9835-U18 -> 25.318687 | AB18: =AB17+AO18-(AP17/1.9835) -> 562.17315 | AD18: 0 | AE18: 1.7 | AF18: 1.3 | AG18: 31 | AH18: =AH17-AG18 -> 15906.258 | AJ18: =N18+O18+P18+Q18+R18+S18+T18+W18+AD18+AG18 -> 37 | AK18: =IF(L18<0,L18*-1,0) -> 0 | AL18: =AJ18+AK18 -> 37 | AM18: =AM17+(U18*1.9835) -> 12677.739 | AO18: =I18-Q18-R18-W18-AE18 -> 125.1848 | AP18: =29.8*(Y18*1.9835+AB18*1.9835)/E18 -> 0.33053913 | AU18: 0 | AV18: 59 | AW18: 32 | AY18: =SUM(N18,P18:T18) -> 5.908837
A19: =A18+1 -> 5 | B19: 6891.37 | C19: 252839 | D19: =C19-C18 -> 309 | E19: =C19-152000 -> 100839 | F19: =D19/$D$2 -> 155.78523 | G19: 138 | H19: 31 | I19: =G19+H19 -> 169 | J19: =IF(L19>0,L19,0) -> 21.985228 | K19: =I19+J19 -> 190.98523 | L19: =F19-(I19-AJ19) -> 21.985228 | M19: 5.2 | N19: =1.8299*1.03 -> 1.884797 | O19: 0 | P19: 0 | Q19: =1.602*1.02 -> 1.63404 | R19: 1.74 | S19: 0 | T19: 0 | U19: 0 | V19: 0 | W19: =M19-N19-O19-P19-Q19-R19-S19-T19+U19+V19 -> -0.058837 | X19: =W19-AN19 -> -0.058837 | Y19: =Y18 -> 0 | AA19: =AA18+(X19)*1.9835 -> 25.201984 | AB19: =AB18+AO19-(AP18/1.9835) -> 725.9913 | AD19: 0 | AE19: 1.7 | AF19: 1.3 | AG19: 30 | AH19: =AH18-AG19 -> 15876.258 | AJ19: =N19+O19+P19+Q19+R19+S19+T19+W19+AD19+AG19 -> 35.2 | AK19: =IF(L19<0,L19*-1,0) -> 0 | AL19: =AJ19+AK19 -> 35.2 | AM19: =AM18 -> 12677.739 | AO19: =I19-Q19-R19-W19-AE19 -> 163.9848 | AP19: =29.8*(Y19*1.9835+AB19*1.9835)/E19 -> 0.42555074 | AU19: 0 | AV19: 63 | AW19: 34 | AY19: =SUM(N19,P19:T19) -> 5.258837
A20: =A19+1 -> 6 | B20: 6891.53 | C20: 253389 | D20: =C20-C19 -> 550 | E20: =C20-152000 -> 101389 | F20: =D20/$D$2 -> 277.28762 | G20: 170 | H20: 54 | I20: =G20+H20 -> 224 | J20: =IF(L20>0,L20,0) -> 89.287623 | K20: =I20+J20 -> 313.28762 | L20: =F20-(I20-AJ20) -> 89.287623 | M20: 6 | N20: =1.8299*1.03 -> 1.884797 | O20: 0 | P20: 0 | Q20: =1.602*1.02 -> 1.63404 | R20: 2.22 | S20: 0 | T20: 0 | U20: 0 | V20: 0 | W20: =M20-N20-O20-P20-Q20-R20-S20-T20+U20+V20 -> 0.261163 | X20: =W20-AN20 -> 0.261163 | Y20: =Y19 -> 0 | AA20: =AA19+(X20)*1.9835 -> 25.720001 | AB20: =AB19+AO20-(AP19/1.9835) -> 943.96155 | AD20: 0 | AE20: 1.7 | AF20: 1.3 | AG20: 30 | AH20: =AH19-AG20 -> 15846.258 | AJ20: =N20+O20+P20+Q20+R20+S20+T20+W20+AD20+AG20 -> 36 | AK20: =IF(L20<0,L20*-1,0) -> 0 | AL20: =AJ20+AK20 -> 36 | AM20: =AM19 -> 12677.739 | AO20: =I20-Q20-R20-W20-AE20 -> 218.1848 | AP20: =29.8*(Y20*1.9835+AB20*1.9835)/E20 -> 0.55031574 | AU20: 0.01 | AV20: 46 | AW20: 29 | AY20: =SUM(N20,P20:T20) -> 5.738837
A21: =A20+1 -> 7 | B21: 6891.68 | C21: 253904 | D21: =C21-C20 -> 515 | E21: =C21-152000 -> 101904 | F21: =D21/$D$2 -> 259.64205 | G21: 149 | H21: 41 | I21: =G21+H21 -> 190 | J21: =IF(L21>0,L21,0) -> 105.74205 | K21: =I21+J21 -> 295.74205 | L21: =F21-(I21-AJ21) -> 105.74205 | M21: 6.1 | N21: =1.8299*1.03 -> 1.884797 | O21: 0 | P21: 0 | Q21: =1.602*1.02 -> 1.63404 | R21: 2.59 | S21: 0 | T21: 0 | U21: 0 | V21: 0 | W21: =M21-N21-O21-P21-Q21-R21-S21-T21+U21+V21 -> -0.008837 | X21: =W21-AN21 -> -0.008837 | Y21: =Y20 -> 0 | AA21: =AA20+(X21)*1.9835 -> 25.702473 | AB21: =AB20+AO21-(AP20/1.9835) -> 1127.7689 | AD21: 0 | AE21: 1.7 | AF21: 1.3 | AG21: 30 | AH21: =AH20-AG21 -> 15816.258 | AJ21: =N21+O21+P21+Q21+R21+S21+T21+W21+AD21+AG21 -> 36.1 | AK21: =IF(L21<0,L21*-1,0) -> 0 | AL21: =AJ21+AK21 -> 36.1 | AM21: =AM20+(U21*1.9835) -> 12677.739 | AO21: =I21-Q21-R21-W21-AE21 -> 184.0848 | AP21: =29.8*(Y21*1.9835+AB21*1.9835)/E21 -> 0.65415001 | AU21: 0 | AV21: 51 | AW21: 23 | AY21: =SUM(N21,P21:T21) -> 6.108837
A22: =A21+1 -> 8 | B22: 6891.88 | C22: 254591 | D22: =C22-C21 -> 687 | E22: =C22-152000 -> 102591 | F22: =D22/$D$2 -> 346.35745 | G22: 173 | H22: 62 | I22: =G22+H22 -> 235 | J22: =IF(L22>0,L22,0) -> 147.45745 | K22: =I22+J22 -> 382.45745 | L22: =F22-(I22-AJ22) -> 147.45745 | M22: 6.1 | N22: =1.8299*1.03 -> 1.884797 | O22: 0 | P22: 0 | Q22: =1.602*1.02 -> 1.63404 | R22: 3.25 | S22: 0 | T22: 0 | U22: 0 | V22: 0 | W22: =M22-N22-O22-P22-Q22-R22-S22-T22+U22+V22 -> -0.668837 | X22: =W22-AN22 -> -0.668837 | Y22: =Y21 -> 0 | AA22: =AA21+(X22)*1.9835 -> 24.375834 | AB22: =AB21+AO22-(AP21/1.9835) -> 1356.5239 | AD22: 0 | AE22: 1.7 | AF22: 1.3 | AG22: 30 | AH22: =AH21-AG22 -> 15786.258 | AJ22: =N22+O22+P22+Q22+R22+S22+T22+W22+AD22+AG22 -> 36.1 | AK22: =IF(L22<0,L22*-1,0) -> 0 | AL22: =AJ22+AK22 -> 36.1 | AM22: =AM21+(U22*1.9835) -> 12677.739 | AO22: =I22-Q22-R22-W22-AE22 -> 229.0848 | AP22: =29.8*(Y22*1.9835+AB22*1.9835)/E22 -> 0.7815678 | AU22: 0 | AV22: 57 | AW22: 25 | AY22: =SUM(N22,P22:T22) -> 6.768837
A23: =A22+1 -> 9 | B23: 6892.23 | C23: 255800 | D23: =C23-C22 -> 1209 | E23: =C23-152000 -> 103800 | F23: =D23/$D$2 -> 609.52861 | G23: 252 | H23: 87 | I23: =G23+H23 -> 339 | J23: =IF(L23>0,L23,0) -> 306.82861 | K23: =I23+J23 -> 645.82861 | L23: =F23-(I23-AJ23) -> 306.82861 | M23: 6.3 | N23: =1.8299*1.03 -> 1.884797 | O23: 0 | P23: 0 | Q23: =1.602*1.02 -> 1.63404 | R23: 2.28 | S23: 0 | T23: 0 | U23: 0 | V23: 0 | W23: =M23-N23-O23-P23-Q23-R23-S23-T23+U23+V23 -> 0.501163 | X23: =W23-AN23 -> 0.501163 | Y23: =Y22 -> 0 | AA23: =AA22+(X23)*1.9835 -> 25.369891 | AB23: =AB22+AO23-(AP22/1.9835) -> 1689.0147 | AD23: 0 | AE23: 1.7 | AF23: 1.3 | AG23: 30 | AH23: =AH22-AG23 -> 15756.258 | AJ23: =N23+O23+P23+Q23+R23+S23+T23+W23+AD23+AG23 -> 36.3 | AK23: =IF(L23<0,L23*-1,0) -> 0 | AL23: =AJ23+AK23 -> 36.3 | AM23: =AM22 -> 12677.739 | AO23: =I23-Q23-R23-W23-AE23 -> 332.8848 | AP23: =29.8*(Y23*1.9835+AB23*1.9835)/E23 -> 0.96179948 | AU23: 0 | AV23: 65 | AW23: 30 | AY23: =SUM(N23,P23:T23) -> 5.798837
A24: =A23+1 -> 10 | B24: 6892.78 | C24: 257706 | D24: =C24-C23 -> 1906 | E24: =C24-152000 -> 105706 | F24: =D24/$D$2 -> 960.92765 | G24: 384 | H24: 101 | I24: =G24+H24 -> 485 | J24: =IF(L24>0,L24,0) -> 512.82765 | K24: =I24+J24 -> 997.82765 | L24: =F24-(I24-AJ24) -> 512.82765 | M24: 6.9 | N24: =1.8299*1.03 -> 1.884797 | O24: 0 | P24: 0 | Q24: =1.602*1.02 -> 1.63404 | R24: 2.23 | S24: 0 | T24: 0 | U24: 0 | V24: 0 | W24: =M24-N24-O24-P24-Q24-R24-S24-T24+U24+V24 -> 1.151163 | X24: =W24-AN24 -> 1.151163 | Y24: =Y23+452.67 -> 452.67 | AA24: =AA23+(X24+452.67)*1.9835 -> 925.52417 | AB24: =AB23+25.61-(AP23/1.9835) -> 1714.1398 | AD24: 0 | AE24: 1.7 | AF24: 1.3 | AG24: 30 | AH24: =AH23-AG24 -> 15726.258 | AJ24: =N24+O24+P24+Q24+R24+S24+T24+W24+AD24+AG24 -> 36.9 | AK24: =IF(L24<0,L24*-1,0) -> 0 | AL24: =AJ24+AK24 -> 36.9 | AM24: =AM23 -> 12677.739 | AO24: =I24-Q24-R24-W24-AE24 -> 478.2848 | AP24: =29.8*(Y24*1.9835+AB24*1.9835)/E24 -> 1.2116289 | AU24: 0 | AV24: 66 | AW24: 32 | AY24: =SUM(N24,P24:T24) -> 5.748837
A25: =A24+1 -> 11 | B25: 6893.57 | C25: 260463 | D25: =C25-C24 -> 2757 | E25: =C25-152000 -> 108463 | F25: =D25/$D$2 -> 1389.9672 | G25: 504 | H25: 127 | I25: =G25+H25 -> 631 | J25: =IF(L25>0,L25,0) -> 800.96723 | K25: =I25+J25 -> 1431.9672 | L25: =F25-(I25-AJ25) -> 800.96723 | M25: 11 | N25: =1.8299*1.03 -> 1.884797 | O25: 0 | P25: 0 | Q25: =1.602*1.02 -> 1.63404 | R25: 2.97 | S25: 0 | T25: 0 | U25: 0 | V25: 0 | W25: =M25-N25-O25-P25-Q25-R25-S25-T25+U25+V25 -> 4.511163 | X25: =W25-AN25 -> 4.511163 | Y25: =Y24+AO25 -> 1072.8548 | AA25: =AA24+(X25+AO25)*1.9835 -> 2164.6086 | AB25: =AB24-(AP24/1.9835) -> 1713.5289 | AD25: 0 | AE25: 1.7 | AF25: 1.3 | AG25: 31 | AH25: =AH24-AG25 -> 15695.258 | AJ25: =N25+O25+P25+Q25+R25+S25+T25+W25+AD25+AG25 -> 42 | AK25: =IF(L25<0,L25*-1,0) -> 0 | AL25: =AJ25+AK25 -> 42 | AM25: =AM24 -> 12677.739 | AO25: =I25-Q25-R25-W25-AE25 -> 620.1848 | AP25: =29.8*(Y25*1.9835+AB25*1.9835)/E25 -> 1.5184755 | AU25: 0 | AV25: 69 | AW25: 33 | AY25: =SUM(N25,P25:T25) -> 6.488837
A26: =A25+1 -> 12 | B26: 6894.65 | C26: 264261 | D26: =C26-C25 -> 3798 | E26: =C26-152000 -> 112261 | F26: =D26/$D$2 -> 1914.7971 | G26: 768 | H26: 164 | I26: =G26+H26 -> 932 | J26: =IF(L26>0,L26,0) -> 1058.7971 | K26: =I26+J26 -> 1990.7971 | L26: =F26-(I26-AJ26) -> 1058.7971 | M26: 46 | N26: =1.8299*1.03 -> 1.884797 | O26: =(6.2+5.4)*1.05 -> 12.18 | P26: 0 | Q26: =1.602*1.02 -> 1.63404 | R26: 4.2 | S26: 0.25 | T26: 0 | U26: 0 | V26: 0 | W26: =M26-N26-O26-P26-Q26-R26-S26-T26+U26+V26 -> 25.851163 | X26: =W26-AN26 -> 25.851163 | Y26: =Y25+AO26 -> 1842.0036 | AA26: =AA25+(X26+AO26)*1.9835 -> 3741.4911 | AB26: =AB25-(AP25/1.9835) -> 1712.7634 | AD26: 0 | AE26: 1.7 | AF26: 1.3 | AG26: 30 | AH26: =AH25-AG26 -> 15665.258 | AJ26: =N26+O26+P26+Q26+R26+S26+T26+W26+AD26+AG26 -> 76 | AK26: =IF(L26<0,L26*-1,0) -> 0 | AL26: =AJ26+AK26 -> 76 | AM26: =AM25 -> 12677.739 | AO26: =795-W26 -> 769.14884 | AP26: =29.8*(Y26*1.9835+AB26*1.9835)/E26 -> 1.8716761 | AU26: 0 | AV26: 70 | AW26: 39 | AY26: =SUM(N26,P26:T26) -> 7.968837
A27: =A26+1 -> 13 | B27: 6895.58 | C27: 267560 | D27: =C27-C26 -> 3299 | E27: =C27-152000 -> 115560 | F27: =D27/$D$2 -> 1663.2216 | G27: 865 | H27: 180 | I27: =G27+H27 -> 1045 | J27: =IF(L27>0,L27,0) -> 720.22158 | K27: =I27+J27 -> 1765.2216 | L27: =F27-(I27-AJ27) -> 720.22158 | M27: 72 | N27: =1.8299*1.03 -> 1.884797 | O27: =(21+21)*1.05 -> 44.1 | P27: 0 | Q27: =1.602*1.02 -> 1.63404 | R27: 4.2 | S27: 0.2 | T27: 0 | U27: 0 | V27: 0 | W27: =M27-N27-O27-P27-Q27-R27-S27-T27+U27+V27 -> 19.981163 | X27: =W27-AN27 -> 19.981163 | Y27: =Y26+AO27 -> 2617.0225 | AA27: =AA26+(X27+AO27)*1.9835 -> 5318.3736 | AB27: =AB26-(AP26/1.9835) -> 1711.8197 | AD27: 0 | AE27: 1.7 | AF27: 1.3 | AG27: 30 | AH27: =AH26-AG27 -> 15635.258 | AJ27: =N27+O27+P27+Q27+R27+S27+T27+W27+AD27+AG27 -> 102 | AK27: =IF(L27<0,L27*-1,0) -> 0 | AL27: =AJ27+AK27 -> 102 | AM27: =AM26 -> 12677.739 | AO27: =795-W27 -> 775.01884 | AP27: =29.8*(Y27*1.9835+AB27*1.9835)/E27 -> 2.2141788 | AU27: 0.05 | AV27: 49 | AW27: 29 | AY27: =SUM(N27,P27:T27) -> 7.918837
A28: =A27+1 -> 14 | B28: 6896.36 | C28: 270347 | D28: =C28-C27 -> 2787 | E28: =C28-152000 -> 118347 | F28: =D28/$D$2 -> 1405.092 | G28: 658 | H28: 126 | I28: =G28+H28 -> 784 | J28: =IF(L28>0,L28,0) -> 738.09201 | K28: =I28+J28 -> 1522.092 | L28: =F28-(I28-AJ28) -> 738.09201 | M28: 87 | N28: =1.8299*1.03 -> 1.884797 | O28: =(24+24)*1.05 -> 50.4 | P28: 0 | Q28: =1.602*1.02 -> 1.63404 | R28: 3.33 | S28: 0 | T28: 0 | U28: 0 | V28: 0 | W28: =M28-N28-O28-P28-Q28-R28-S28-T28+U28+V28 -> 29.751163 | X28: =W28-AN28 -> 29.751163 | Y28: =Y27+AO28 -> 3364.6073 | AA28: =AA27+(X28+AO28)*1.9835 -> 6860.2195 | AB28: =AB27-(AP27/1.9835) -> 1710.7034 | AD28: 0 | AE28: 1.7 | AF28: 1.3 | AG28: 30 | AH28: =AH27-AG28 -> 15605.258 | AJ28: =N28+O28+P28+Q28+R28+S28+T28+W28+AD28+AG28 -> 117 | AK28: =IF(L28<0,L28*-1,0) -> 0 | AL28: =AJ28+AK28 -> 117 | AM28: =AM27 -> 12677.739 | AO28: =I28-Q28-R28-W28-AE28 -> 747.5848 | AP28: =29.8*(Y28*1.9835+AB28*1.9835)/E28 -> 2.5348592 | AU28: 0 | AV28: 63 | AW28: 29 | AY28: =SUM(N28,P28:T28) -> 6.848837
A29: =A28+1 -> 15 | B29: 6897.35 | C29: 273909 | D29: =C29-C28 -> 3562 | E29: =C29-152000 -> 121909 | F29: =D29/$D$2 -> 1795.8155 | G29: 890 | H29: 143 | I29: =G29+H29 -> 1033 | J29: =IF(L29>0,L29,0) -> 897.81548 | K29: =I29+J29 -> 1930.8155 | L29: =F29-(I29-AJ29) -> 897.81548 | M29: 105 | N29: =1.8299*1.03 -> 1.884797 | O29: =(38+36)*1.05 -> 77.7 | P29: 0 | Q29: =1.602*1.02 -> 1.63404 | R29: 2.97 | S29: 0 | T29: 0 | U29: 0 | V29: 0 | W29: =M29-N29-O29-P29-Q29-R29-S29-T29+U29+V29 -> 20.811163 | X29: =W29-AN29 -> 20.811163 | Y29: =Y28+AO29 -> 4138.7961 | AA29: =AA28+(X29+AO29)*1.9835 -> 8437.102 | AB29: =AB28-(AP28/1.9835) -> 1709.4255 | AD29: 0 | AE29: 1.7 | AF29: 1.3 | AG29: 30 | AH29: =AH28-AG29 -> 15575.258 | AJ29: =N29+O29+P29+Q29+R29+S29+T29+W29+AD29+AG29 -> 135 | AK29: =IF(L29<0,L29*-1,0) -> 0 | AL29: =AJ29+AK29 -> 135 | AM29: =AM28 -> 12677.739 | AO29: =795-W29 -> 774.18884 | AP29: =29.8*(Y29*1.9835+AB29*1.9835)/E29 -> 2.8355448 | AU29: 0 | AV29: 69 | AW29: 34 | AY29: =SUM(N29,P29:T29) -> 6.488837
A30: =A29+1 -> 16 | B30: 6898.55 | C30: 278266 | D30: =C30-C29 -> 4357 | E30: =C30-152000 -> 126266 | F30: =D30/$D$2 -> 2196.6221 | G30: 1200 | H30: 198 | I30: =G30+H30 -> 1398 | J30: =IF(L30>0,L30,0) -> 949.62213 | K30: =I30+J30 -> 2347.6221 | L30: =F30-(I30-AJ30) -> 949.62213 | M30: 121 | N30: =1.8299*1.03 -> 1.884797 | O30: =(44+42)*1.05 -> 90.3 | P30: 0 | Q30: =1.602*1.02 -> 1.63404 | R30: 3.34 | S30: 0 | T30: 0 | U30: 0 | V30: 0 | W30: =M30-N30-O30-P30-Q30-R30-S30-T30+U30+V30 -> 23.841163 | X30: =W30-AN30 -> 23.841163 | Y30: =Y29+AO30 -> 4909.9549 | AA30: =AA29+(X30+AO30)*1.9835 -> 10013.984 | AB30: =AB29-(AP29/1.9835) -> 1707.9959 | AD30: 0 | AE30: 1.7 | AF30: 1.3 | AG30: 30 | AH30: =AH29-AG30 -> 15545.258 | AJ30: =N30+O30+P30+Q30+R30+S30+T30+W30+AD30+AG30 -> 151 | AK30: =IF(L30<0,L30*-1,0) -> 0 | AL30: =AJ30+AK30 -> 151 | AM30: =AM29 -> 12677.739 | AO30: =795-W30 -> 771.15884 | AP30: =29.8*(Y30*1.9835+AB30*1.9835)/E30 -> 3.0980297 | AU30: 0.01 | AV30: 72 | AW30: 39 | AY30: =SUM(N30,P30:T30) -> 6.858837
A31: =A30+1 -> 17 | B31: 6899.92 | C31: 283286 | D31: =C31-C30 -> 5020 | E31: =C31-152000 -> 131286 | F31: =D31/$D$2 -> 2530.8798 | G31: 1510 | H31: 308 | I31: =G31+H31 -> 1818 | J31: =IF(L31>0,L31,0) -> 867.87976 | K31: =I31+J31 -> 2685.8798 | L31: =F31-(I31-AJ31) -> 867.87976 | M31: 125 | N31: =1.8299*1.03 -> 1.884797 | O31: =(45+44)*1.05 -> 93.45 | P31: 0 | Q31: =1.602*1.02 -> 1.63404 | R31: 3.87 | S31: 0 | T31: 0 | U31: 0 | V31: 0 | W31: =M31-N31-O31-P31-Q31-R31-S31-T31+U31+V31 -> 24.161163 | X31: =W31-AN31 -> 24.161163 | Y31: =Y30+AO31 -> 5680.7938 | AA31: =AA30+(X31+AO31)*1.9835 -> 11590.867 | AB31: =AB30-(AP30/1.9835) -> 1706.434 | AD31: 0 | AE31: 1.7 | AF31: 1.3 | AG31: 30 | AH31: =AH30-AG31 -> 15515.258 | AJ31: =N31+O31+P31+Q31+R31+S31+T31+W31+AD31+AG31 -> 155 | AK31: =IF(L31<0,L31*-1,0) -> 0 | AL31: =AJ31+AK31 -> 155 | AM31: =AM30 -> 12677.739 | AO31: =795-W31 -> 770.83884 | AP31: =29.8*(Y31*1.9835+AB31*1.9835)/E31 -> 3.325918 | AU31: 0 | AV31: 66 | AW31: 40 | AY31: =SUM(N31,P31:T31) -> 7.388837
A32: =A31+1 -> 18 | B32: 6901.22 | C32: 288103 | D32: =C32-C31 -> 4817 | E32: =C32-152000 -> 136103 | F32: =D32/$D$2 -> 2428.5354 | G32: 1610 | H32: 330 | I32: =G32+H32 -> 1940 | J32: =IF(L32>0,L32,0) -> 646.53542 | K32: =I32+J32 -> 2586.5354 | L32: =F32-(I32-AJ32) -> 646.53542 | M32: 128 | N32: =1.8299*1.03 -> 1.884797 | O32: =(45+48)*1.05 -> 97.65 | P32: 0 | Q32: =1.602*1.02 -> 1.63404 | R32: 4.07 | S32: 0 | T32: 0 | U32: 0 | V32: 0 | W32: =M32-N32-O32-P32-Q32-R32-S32-T32+U32+V32 -> 22.761163 | X32: =W32-AN32 -> 22.761163 | Y32: =Y31+AO32 -> 6453.0326 | AA32: =AA31+(X32+AO32)*1.9835 -> 13167.749 | AB32: =AB31-(AP31/1.9835) -> 1704.7572 | AD32: 0 | AE32: 1.7 | AF32: 1.3 | AG32: 30 | AH32: =AH31-AG32 -> 15485.258 | AJ32: =N32+O32+P32+Q32+R32+S32+T32+W32+AD32+AG32 -> 158 | AK32: =IF(L32<0,L32*-1,0) -> 0 | AL32: =AJ32+AK32 -> 158 | AM32: =AM31 -> 12677.739 | AO32: =795-W32 -> 772.23884 | AP32: =29.8*(Y32*1.9835+AB32*1.9835)/E32 -> 3.5428542 | AU32: 0 | AV32: 69 | AW32: 39 | AY32: =SUM(N32,P32:T32) -> 7.588837
A33: =A32+1 -> 19 | B33: 6902.35 | C33: 292331 | D33: =C33-C32 -> 4228 | E33: =C33-152000 -> 140331 | F33: =D33/$D$2 -> 2131.5856 | G33: 1730 | H33: 250 | I33: =G33+H33 -> 1980 | J33: =IF(L33>0,L33,0) -> 355.58558 | K33: =I33+J33 -> 2335.5856 | L33: =F33-(I33-AJ33) -> 355.58558 | M33: 126 | N33: =1.8299*1.03 -> 1.884797 | O33: =(46+47)*1.05 -> 97.65 | P33: 0 | Q33: =1.602*1.02 -> 1.63404 | R33: 3.96 | S33: 0 | T33: 0 | U33: 48 | V33: 0 | W33: =M33-N33-O33-P33-Q33-R33-S33-T33+U33+V33 -> 68.871163 | X33: =W33-AN33 -> 68.871163 | Y33: =Y32+AO33 -> 7179.1615 | AA33: =AA32+(X33-U33+AO33)*1.9835 -> 14649.424 | AB33: =AB32-(AP32/1.9835) -> 1702.971 | AD33: 0 | AE33: 1.7 | AF33: 1.3 | AG33: 30 | AH33: =AH32-AG33 -> 15455.258 | AJ33: =N33+O33+P33+Q33+R33+S33+T33+W33+AD33+AG33 -> 204 | AK33: =IF(L33<0,L33*-1,0) -> 0 | AL33: =AJ33+AK33 -> 204 | AM33: =AM32+(U33*1.9835) -> 12772.947 | AO33: =795-W33 -> 726.12884 | AP33: =29.8*(Y33*1.9835+AB33*1.9835)/E33 -> 3.7412101 | AU33: 0 | AV33: 68 | AW33: 41 | AY33: =SUM(N33,P33:T33) -> 7.478837
A34: =A33+1 -> 20 | B34: 6903.27 | C34: 295802 | D34: =C34-C33 -> 3471 | E34: =C34-152000 -> 143802 | F34: =D34/$D$2 -> 1749.937 | G34: 1540 | H34: 209 | I34: =G34+H34 -> 1749 | J34: =IF(L34>0,L34,0) -> 246.93698 | K34: =I34+J34 -> 1995.937 | L34: =F34-(I34-AJ34) -> 246.93698 | M34: 134 | N34: =1.8299*1.03 -> 1.884797 | O34: =(48+48)*1.05 -> 100.8 | P34: 0 | Q34: =1.602*1.02 -> 1.63404 | R34: 3.89 | S34: 0 | T34: 0 | U34: 82 | V34: 0 | W34: =M34-N34-O34-P34-Q34-R34-S34-T34+U34+V34 -> 107.79116 | X34: =W34-AN34 -> 107.79116 | Y34: =Y33+AO34 -> 7866.3703 | AA34: =AA33+(X34-U34+AO34)*1.9835 -> 16063.659 | AB34: =AB33-(AP33/1.9835) -> 1701.0849 | AD34: 0 | AE34: 1.7 | AF34: 1.3 | AG34: 30 | AH34: =AH33-AG34 -> 15425.258 | AJ34: =N34+O34+P34+Q34+R34+S34+T34+W34+AD34+AG34 -> 246 | AK34: =IF(L34<0,L34*-1,0) -> 0 | AL34: =AJ34+AK34 -> 246 | AM34: =AM33+(U34*1.9835) -> 12935.594 | AO34: =795-W34 -> 687.20884 | AP34: =29.8*(Y34*1.9835+AB34*1.9835)/E34 -> 3.9326018 | AU34: 0 | AV34: 69 | AW34: 42 | AY34: =SUM(N34,P34:T34) -> 7.408837
A35: =A34+1 -> 21 | B35: 6904.26 | C35: 299565 | D35: =C35-C34 -> 3763 | E35: =C35-152000 -> 147565 | F35: =D35/$D$2 -> 1897.1515 | G35: 1770 | H35: 231 | I35: =G35+H35 -> 2001 | J35: =IF(L35>0,L35,0) -> 155.1515 | K35: =I35+J35 -> 2156.1515 | L35: =F35-(I35-AJ35) -> 155.1515 | M35: 144 | N35: =1.8299*1.03 -> 1.884797 | O35: =(53+52)*1.05 -> 110.25 | P35: 0 | Q35: =1.602*1.02 -> 1.63404 | R35: 3.85 | S35: 0 | T35: 0 | U35: 82 | V35: 0 | W35: =M35-N35-O35-P35-Q35-R35-S35-T35+U35+V35 -> 108.38116 | X35: =W35-AN35 -> 108.38116 | Y35: =Y34+AO35 -> 8552.9891 | AA35: =AA34+(X35-U35+AO35)*1.9835 -> 17477.895 | AB35: =AB34-(AP34/1.9835) -> 1699.1022 | AD35: 3 | AE35: 1.7 | AF35: 1.3 | AG35: 30 | AH35: =AH34-AG35 -> 15395.258 | AJ35: =N35+O35+P35+Q35+R35+S35+T35+W35+AD35+AG35 -> 259 | AK35: =IF(L35<0,L35*-1,0) -> 0 | AL35: =AJ35+AK35 -> 259 | AM35: =AM34+(U35*1.9835) -> 13098.241 | AO35: =795-W35 -> 686.61884 | AP35: =29.8*(Y35*1.9835+AB35*1.9835)/E35 -> 4.1065543 | AU35: 0.01 | AV35: 68 | AW35: 32 | AY35: =SUM(N35,P35:T35) -> 7.368837
A36: =A35+1 -> 22 | B36: 6905.58 | C36: 304632 | D36: =C36-C35 -> 5067 | E36: =C36-152000 -> 152632 | F36: =D36/$D$2 -> 2554.5752 | G36: 1740 | H36: 254 | I36: =G36+H36 -> 1994 | J36: =IF(L36>0,L36,0) -> 791.57525 | K36: =I36+J36 -> 2785.5752 | L36: =F36-(I36-AJ36) -> 791.57525 | M36: 113 | N36: =1.8299*1.03 -> 1.884797 | O36: =(46+44)*1.05 -> 94.5 | P36: 0 | Q36: =1.602*1.02 -> 1.63404 | R36: 3.23 | S36: 0 | T36: 0 | U36: 69 | V36: 0 | W36: =M36-N36-O36-P36-Q36-R36-S36-T36+U36+V36 -> 80.751163 | X36: =W36-AN36 -> 80.751163 | Y36: =Y35+AO36 -> 9267.238 | AA36: =AA35+(X36-U36+AO36)*1.9835 -> 18917.916 | AB36: =AB35-(AP35/1.9835) -> 1697.0319 | AD36: 18 | AE36: 1.7 | AF36: 1.3 | AG36: 31 | AH36: =AH35-AG36 -> 15364.258 | AJ36: =N36+O36+P36+Q36+R36+S36+T36+W36+AD36+AG36 -> 231 | AK36: =IF(L36<0,L36*-1,0) -> 0 | AL36: =AJ36+AK36 -> 231 | AM36: =AM35+(U36*1.9835) -> 13235.102 | AO36: =795-W36 -> 714.24884 | AP36: =29.8*(Y36*1.9835+AB36*1.9835)/E36 -> 4.2460254 | AU36: 0.23 | AV36: 44 | AW36: 24 | AY36: =SUM(N36,P36:T36) -> 6.748837
A37: =A36+1 -> 23 | B37: 6906.31 | C37: 307456 | D37: =C37-C36 -> 2824 | E37: =C37-152000 -> 155456 | F37: =D37/$D$2 -> 1423.7459 | G37: 1180 | H37: 117 | I37: =G37+H37 -> 1297 | J37: =IF(L37>0,L37,0) -> 357.7459 | K37: =I37+J37 -> 1654.7459 | L37: =F37-(I37-AJ37) -> 357.7459 | M37: 131 | N37: =1.8299*1.03 -> 1.884797 | O37: =(48+48)*1.05 -> 100.8 | P37: 0 | Q37: =1.602*1.02 -> 1.63404 | R37: 2.25 | S37: 0 | T37: 0 | U37: 42 | V37: 0 | W37: =M37-N37-O37-P37-Q37-R37-S37-T37+U37+V37 -> 66.431163 | X37: =W37-AN37 -> 66.431163 | Y37: =Y36+AO37 -> 9995.8068 | AA37: =AA36+(X37-U37+AO37)*1.9835 -> 20411.491 | AB37: =AB36-(AP36/1.9835) -> 1694.8912 | AD37: 27 | AE37: 1.7 | AF37: 1.3 | AG37: 31 | AH37: =AH36-AG37 -> 15333.258 | AJ37: =N37+O37+P37+Q37+R37+S37+T37+W37+AD37+AG37 -> 231 | AK37: =IF(L37<0,L37*-1,0) -> 0 | AL37: =AJ37+AK37 -> 231 | AM37: =AM36+(U37*1.9835) -> 13318.409 | AO37: =795-W37 -> 728.56884 | AP37: =29.8*(Y37*1.9835+AB37*1.9835)/E37 -> 4.4450988 | AU37: 0 | AV37: 47 | AW37: 30 | AY37: =SUM(N37,P37:T37) -> 5.768837
A38: =A37+1 -> 24 | B38: 6906.84 | C38: 309516 | D38: =C38-C37 -> 2060 | E38: =C38-152000 -> 157516 | F38: =D38/$D$2 -> 1038.5682 | G38: 913 | H38: 79 | I38: =G38+H38 -> 992 | J38: =IF(L38>0,L38,0) -> 244.56819 | K38: =I38+J38 -> 1236.5682 | L38: =F38-(I38-AJ38) -> 244.56819 | M38: 128 | N38: =1.8299*1.03 -> 1.884797 | O38: =(49+47)*1.05 -> 100.8 | P38: 0 | Q38: =1.602*1.02 -> 1.63404 | R38: 2.21 | S38: 0 | T38: 0 | U38: 0 | V38: 0 | W38: =M38-N38-O38-P38-Q38-R38-S38-T38+U38+V38 -> 21.471163 | X38: =W38-AN38 -> 21.471163 | Y38: =Y37+AO38 -> 10769.336 | AA38: =AA37+(X38+AO38)*1.9835 -> 21988.374 | AB38: =AB37-(AP37/1.9835) -> 1692.6501 | AD38: 39 | AE38: 1.7 | AF38: 1.3 | AG38: 31 | AH38: =AH37-AG38 -> 15302.258 | AJ38: =N38+O38+P38+Q38+R38+S38+T38+W38+AD38+AG38 -> 198 | AK38: =IF(L38<0,L38*-1,0) -> 0 | AL38: =AJ38+AK38 -> 198 | AM38: =AM37 -> 13318.409 | AO38: =795-W38 -> 773.52884 | AP38: =29.8*(Y38*1.9835+AB38*1.9835)/E38 -> 4.6763935 | AU38: 0 | AV38: 58 | AW38: 37 | AY38: =SUM(N38,P38:T38) -> 5.728837
A39: =A38+1 -> 25 | B39: 6907.31 | C39: 311352 | D39: =C39-C38 -> 1836 | E39: =C39-152000 -> 159352 | F39: =D39/$D$2 -> 925.6365 | G39: 843 | H39: 73 | I39: =G39+H39 -> 916 | J39: =IF(L39>0,L39,0) -> 209.6365 | K39: =I39+J39 -> 1125.6365 | L39: =F39-(I39-AJ39) -> 209.6365 | M39: 138 | N39: =1.8299*1.03 -> 1.884797 | O39: =(52+47)*1.05 -> 103.95 | P39: 0 | Q39: =1.602*1.02 -> 1.63404 | R39: 2.41 | S39: 0 | T39: 0 | U39: 0 | V39: 0 | W39: =M39-N39-O39-P39-Q39-R39-S39-T39+U39+V39 -> 28.121163 | X39: =W39-AN39 -> 28.121163 | Y39: =Y38+AO39 -> 11536.214 | AA39: =AA38+(X39+AO39)*1.9835 -> 23565.256 | AB39: =AB38-(AP38/1.9835) -> 1690.2925 | AD39: 31 | AE39: 1.7 | AF39: 1.3 | AG39: 31 | AH39: =AH38-AG39 -> 15271.258 | AJ39: =N39+O39+P39+Q39+R39+S39+T39+W39+AD39+AG39 -> 200 | AK39: =IF(L39<0,L39*-1,0) -> 0 | AL39: =AJ39+AK39 -> 200 | AM39: =AM38 -> 13318.409 | AO39: =795-W39 -> 766.87884 | AP39: =29.8*(Y39*1.9835+AB39*1.9835)/E39 -> 4.9060968 | AU39: 0 | AV39: 63 | AW39: 32 | AY39: =SUM(N39,P39:T39) -> 5.928837
A40: =A39+1 -> 26 | B40: 6907.81 | C40: 313311 | D40: =C40-C39 -> 1959 | E40: =C40-152000 -> 161311 | F40: =D40/$D$2 -> 987.6481 | G40: 878 | H40: 79 | I40: =G40+H40 -> 957 | J40: =IF(L40>0,L40,0) -> 225.6481 | K40: =I40+J40 -> 1182.6481 | L40: =F40-(I40-AJ40) -> 225.6481 | M40: 143 | N40: =1.8299*1.03 -> 1.884797 | O40: =(51+49)*1.05 -> 105 | P40: 0 | Q40: =1.602*1.02 -> 1.63404 | R40: 3.1 | S40: 0 | T40: 0 | U40: 0 | V40: 0 | W40: =M40-N40-O40-P40-Q40-R40-S40-T40+U40+V40 -> 31.381163 | X40: =W40-AN40 -> 31.381163 | Y40: =Y39+AO40 -> 12299.833 | AA40: =AA39+(X40+AO40)*1.9835 -> 25142.139 | AB40: =AB39-(AP39/1.9835) -> 1687.819 | AD40: 21 | AE40: 1.7 | AF40: 1.3 | AG40: 31 | AH40: =AH39-AG40 -> 15240.258 | AJ40: =N40+O40+P40+Q40+R40+S40+T40+W40+AD40+AG40 -> 195 | AK40: =IF(L40<0,L40*-1,0) -> 0 | AL40: =AJ40+AK40 -> 195 | AM40: =AM39 -> 13318.409 | AO40: =795-W40 -> 763.61884 | AP40: =29.8*(Y40*1.9835+AB40*1.9835)/E40 -> 5.1254183 | AU40: 0 | AV40: 62 | AW40: 34 | AY40: =SUM(N40,P40:T40) -> 6.618837
A41: =A40+1 -> 27 | B41: 6908.44 | C41: 315794 | D41: =C41-C40 -> 2483 | E41: =C41-152000 -> 163794 | F41: =D41/$D$2 -> 1251.8276 | G41: 1090 | H41: 112 | I41: =G41+H41 -> 1202 | J41: =IF(L41>0,L41,0) -> 249.52758 | K41: =I41+J41 -> 1451.5276 | L41: =F41-(I41-AJ41) -> 249.52758 | M41: 153 | N41: =1.8299*1.03 -> 1.884797 | O41: =(53+53)*1.05 -> 111.3 | P41: 0 | Q41: =1.602*1.02 -> 1.63404 | R41: 4.2 | S41: 0.06 | T41: 0 | U41: 8 | V41: 0 | W41: =M41-N41-O41-P41-Q41-R41-S41-T41+U41+V41 -> 41.921163 | X41: =W41-AN41 -> 41.921163 | Y41: =Y40+AO41 -> 13052.912 | AA41: =AA40+(X41+AO41)*1.9835 -> 26719.021 | AB41: =AB40-(AP40/1.9835) -> 1685.235 | AD41: 7.7 | AE41: 1.7 | AF41: 1.3 | AG41: 31 | AH41: =AH40-AG41 -> 15209.258 | AJ41: =N41+O41+P41+Q41+R41+S41+T41+W41+AD41+AG41 -> 199.7 | AK41: =IF(L41<0,L41*-1,0) -> 0 | AL41: =AJ41+AK41 -> 199.7 | AM41: =AM40 -> 13318.409 | AO41: =795-W41 -> 753.07884 | AP41: =29.8*(Y41*1.9835+AB41*1.9835)/E41 -> 5.3185515 | AU41: 0 | AV41: 71 | AW41: 40 | AY41: =SUM(N41,P41:T41) -> 7.778837
A42: =A41+1 -> 28 | B42: 6909.28 | C42: 319120 | D42: =C42-C41 -> 3326 | E42: =C42-152000 -> 167120 | F42: =D42/$D$2 -> 1676.8339 | G42: 1430 | H42: 164 | I42: =G42+H42 -> 1594 | J42: =IF(L42>0,L42,0) -> 279.83388 | K42: =I42+J42 -> 1873.8339 | L42: =F42-(I42-AJ42) -> 279.83388 | M42: 131 | N42: =1.8299*1.03 -> 1.884797 | O42: =(40+40)*1.05 -> 84 | P42: 0 | Q42: =1.602*1.02 -> 1.63404 | R42: 3.66 | S42: 0 | T42: 0 | U42: 22 | V42: 0 | W42: =M42-N42-O42-P42-Q42-R42-S42-T42+U42+V42 -> 61.821163 | X42: =W42-AN42 -> 61.821163 | Y42: =Y41+AO42 -> 13786.091 | AA42: =AA41+(X42+AO42)*1.9835 -> 28295.904 | AB42: =AB41-(AP41/1.9835) -> 1682.5536 | AD42: 13 | AE42: 1.7 | AF42: 1.3 | AG42: 31 | AH42: =AH41-AG42 -> 15178.258 | AJ42: =N42+O42+P42+Q42+R42+S42+T42+W42+AD42+AG42 -> 197 | AK42: =IF(L42<0,L42*-1,0) -> 0 | AL42: =AJ42+AK42 -> 197 | AM42: =AM41 -> 13318.409 | AO42: =795-W42 -> 733.17884 | AP42: =29.8*(Y42*1.9835+AB42*1.9835)/E42 -> 5.4710704 | AU42: 0 | AV42: 70 | AW42: 44 | AY42: =SUM(N42,P42:T42) -> 7.178837
A43: =A42+1 -> 29 | B43: 6910.21 | C43: 322829 | D43: =C43-C42 -> 3709 | E43: =C43-152000 -> 170829 | F43: =D43/$D$2 -> 1869.9269 | G43: 1580 | H43: 182 | I43: =G43+H43 -> 1762 | J43: =IF(L43>0,L43,0) -> 259.3269 | K43: =I43+J43 -> 2021.3269 | L43: =F43-(I43-AJ43) -> 259.3269 | M43: 74 | N43: =1.8299*1.03 -> 1.884797 | O43: =(22+19)*1.05 -> 43.05 | P43: 0 | Q43: =1.602*1.02 -> 1.63404 | R43: 3.37 | S43: 0 | T43: 0 | U43: 22 | V43: 4.4 | W43: =M43-N43-O43-P43-Q43-R43-S43-T43+U43+V43 -> 50.461163 | X43: =W43-AN43 -> 50.461163 | Y43: =Y42+AO43 -> 14530.63 | AA43: =AA42+(X43+AO43)*1.9835 -> 29872.786 | AB43: =AB42-(AP42/1.9835) -> 1679.7953 | AD43: 20 | AE43: 1.7 | AF43: 1.3 | AG43: 31 | AH43: =AH42-AG43 -> 15147.258 | AJ43: =N43+O43+P43+Q43+R43+S43+T43+W43+AD43+AG43 -> 151.4 | AK43: =IF(L43<0,L43*-1,0) -> 0 | AL43: =AJ43+AK43 -> 151.4 | AM43: =AM42 -> 13318.409 | AO43: =795-W43 -> 744.53884 | AP43: =29.8*(Y43*1.9835+AB43*1.9835)/E43 -> 5.6089462 | AU43: 0.01 | AV43: 52 | AW43: 26 | AY43: =SUM(N43,P43:T43) -> 6.888837
A44: 30 | B44: 6910.81 | C44: 325237 | D44: =C44-C43 -> 2408 | E44: =C44-152000 -> 173237 | F44: =D44/$D$2 -> 1214.0156 | G44: 1100 | H44: 83 | I44: =G44+H44 -> 1183 | J44: =IF(L44>0,L44,0) -> 190.81563 | K44: =I44+J44 -> 1373.8156 | L44: =F44-(I44-AJ44) -> 190.81563 | M44: 85 | N44: =1.8299*1.03 -> 1.884797 | O44: =(7.2+7.1)*1.05 -> 15.015 | P44: 0 | Q44: =1.602*1.02 -> 1.63404 | R44: 2.67 | S44: 0 | T44: 0 | U44: 22 | V44: 7.8 | W44: =M44-N44-O44-P44-Q44-R44-S44-T44+U44+V44-AS44 -> 93.596163 | X44: =W44-AN44 -> 93.596163 | Y44: =Y43+AO44 -> 15232.034 | AA44: =AA43+(X44+AO44)*1.9835 -> 31449.669 | AB44: =AB43-(AP43/1.9835) -> 1676.9675 | AD44: 0 | AE44: 1.7 | AF44: 1.3 | AG44: 45 | AH44: =AH43-AG44 -> 15102.258 | AJ44: =N44+O44+P44+Q44+R44+S44+T44+W44+AD44+AG44+AS44 -> 159.8 | AK44: =IF(L44<0,L44*-1,0) -> 0 | AL44: =AJ44+AK44 -> 159.8 | AM44: =AM43 -> 13318.409 | AO44: =795-W44 -> 701.40384 | AP44: =29.8*(Y44*1.9835+AB44*1.9835)/E44 -> 5.7693352 | AU44: 0.01 | AV44: 46 | AW44: 21 | AY44: =SUM(N44,P44:T44) -> 6.188837
A46: MONTH / CFS | F46: =SUM(F15:F44) -> 37157.55 | G46: =SUM(G15:G44) -> 25576 | H46: =SUM(H15:H44) -> 3872 | I46: =SUM(I15:I44) -> 29448 | J46: =SUM(J15:J44) -> 11504.793 | K46: =SUM(K15:K44) -> 40952.793 | L46: =SUM(L15:L44) -> 11495.35 | M46: =SUM(M15:M44) -> 2267.9 | ... X46: =SUM(X15:X44) -> 946.60989 | AD46: =SUM(AD15:AD44) -> 179.7 | AE46: =SUM(AE15:AE44) -> 51 | AF46: =SUM(AF15:AF44) -> 39 | AG46: =SUM(AG15:AG44) -> 929 | AI46: =SUM(AI15:AI44) -> 0 | AJ46: =SUM(AJ15:AJ44) -> 3785.8 | AK46: =SUM(AK15:AK44) -> 9.4431812 | AL46: =SUM(AL15:AL44) -> 3795.2432 | AN46: =SUM(AN15:AN44) -> 0 | AU46: =SUM(AU15:AU44) -> 0.36 | AV46: =AVERAGE(AV15:AV44) -> 59.733333 | AW46: =AVERAGE(AW15:AW44) -> 32.166667 | AX46: AVG | AY46: =SUM(AY15:AY44) -> 197.59511
A47: MONTH / AF | D47: =SUM(D15:D44) -> 73702 | F47: =F46*$D$2 -> 73702 | G47: =G46*$D$2 -> 50729.996 | H47: =H46*$D$2 -> 7680.112 | I47: =I46*$D$2 -> 58410.108 | J47: =J46*$D$2 -> 22819.757 | K47: =K46*$D$2 -> 81229.865 | L47: =L46*$D$2 -> 22801.026 | M47: =M46*$D$2 -> 4498.3796 | ... X47: =X46*$D$2 -> 1877.6007 | AD47: =AD46*$D$2 -> 356.43495 | AE47: =AE46*$D$2 -> 101.1585 | AF47: =AF46*$D$2 -> 77.3565 | AG47: =AG46*$D$2 -> 1842.6715 | AI47: =AI46*$D$2 -> 0 | AJ47: =AJ46*$D$2 -> 7509.1343 | AK47: =AK46*$D$2 -> 18.73055 | AL47: =AL46*$D$2 -> 7527.8648 | AN47: =AN46*$D$2 -> 0 | AP47: =SUM(AP15:AP44) -> 83.732083 | AV47: =MAX(AV15:AV44) -> 72 | AW47: =MAX(AW15:AW44) -> 44 | AX47: HI | AY47: =AY46*$D$2 -> 391.9299
A49: SEASON / CFS | F49: =F46 -> 37157.55 | G49: =G46 -> 25576 | H49: =H46 -> 3872 | I49: =I46 -> 29448 | J49: =J46 -> 11504.793 | K49: =K46 -> 40952.793 | L49: =L46 -> 11495.35 | M49: =M46 -> 2267.9 | N49: =N46 -> 56.54391 | O49: =O12+O46 -> 1557.8115 | P49: =P12+P46 -> 0 | U49: =U46 -> 397 | V49: =V46 -> 12.2 | W49: =W12+W46 -> 946.60989 | X49: =X12+X46 -> 946.60989 | Y49: =Y12+Y44 -> 15232.034 | AD49: =AD46 -> 179.7 | AE49: =AE46 -> 51 | AF49: =AF46 -> 39 | AI49: =AI46 -> 0 | AJ49: =AJ46 -> 3785.8 | AK49: =AK46 -> 9.4431812 | AL49: =AL46 -> 3795.2432 | AV49: =MIN(AV15:AV44) -> 40 | AW49: =MIN(AW15:AW44) -> 20 | AX49: LO | AY49: =AY46 -> 197.59511
A50: SEASON / AF | F50: =F49*$D$2 -> 73702 | G50: =G49*$D$2 -> 50729.996 | H50: =H49*$D$2 -> 7680.112 | I50: =I49*$D$2 -> 58410.108 | J50: =J49*$D$2 -> 22819.757 | K50: =K49*$D$2 -> 81229.865 | L50: =L49*$D$2 -> 22801.026 | M50: =M49*$D$2 -> 4498.3796 | ... P50: =P49*$D$2 -> 0 | U50: =U49*$D$2 -> 787.4495 | V50: =V49*$D$2 -> 24.1987 | W50: =W49*$D$2 -> 1877.6007 | X50: =X49*$D$2 -> 1877.6007 | Y50: =Y49*$D$2 -> 30212.739 | AD50: =AD49*$D$2 -> 356.43495 | AE50: =AE49*$D$2 -> 101.1585 | AF50: =AF49*$D$2 -> 77.3565 | AI50: =AI49*$D$2 -> 0 | AJ50: =AJ49*$D$2 -> 7509.1343 | AK50: =AK49*$D$2 -> 18.73055 | AL50: =AL49*$D$2 -> 7527.8648 | AP50: =AP47 -> 83.732083 | AY50: =AY49*$D$2 -> 391.9299
A52: YTD / CFS | F52: =F13+F46 -> 33221.074 | G52: =G13+G46 -> 32279 | H52: =H13+H46 -> 4100.59 | I52: =I13+I46 -> 36379.59 | J52: =J13+J46 -> 13247.159 | K52: =K13+K46 -> 49626.749 | L52: =L13+L46 -> 12328.784 | M52: =M13+M46 -> 2963.3 | ... O52: =O13+O46 -> 1557.8115 | Q52: =Q13+Q46 -> 295.28592 | R52: =R13+R46 -> 448.18 | S52: =S13+S46 -> 1.14 | T52: =T13+T46 -> -22.57716 | U52: =U13+U46 -> 6788.6 | V52: =V13+V46 -> 52.7 | W52: =W13+W46 -> 7467.4447 | X52: =X13+X46 -> 7426.9447 | AG52: =AG13+AG46 -> 5503 | AH52: =AH44 -> 15102.258 | AI52: =AI13+AI46 -> 0 | AJ52: =AJ13+AJ46 -> 15487.3 | AK52: =AK13+AK46 -> 918.37471 | AL52: =AL13+AL46 -> 16405.675 | AN52: =AN13+AN46 -> 40.5 | AU52: =AU13+AU46 -> 6.38 | AY52: =AY13+AY46 -> 779.34383
A53: YTD / AF | D53: =D13+D47 -> 65894 | E53: =E44 -> 173237 | F53: =F52*$D$2 -> 65894 | G53: =G52*$D$2 -> 64025.397 | H53: =H52*$D$2 -> 8133.5203 | I53: =I52*$D$2 -> 72158.917 | J53: =J52*$D$2 -> 26275.739 | K53: =K52*$D$2 -> 98434.656 | L53: =L52*$D$2 -> 24454.143 | M53: =M52*$D$2 -> 5877.7055 | ... O53: =O52*$D$2 -> 3089.9191 | Q53: =Q52*$D$2 -> 585.69962 | R53: =R52*$D$2 -> 888.96503 | S53: =S52*$D$2 -> 2.26119 | T53: =T52*$D$2 -> -44.781797 | U53: =U52*$D$2 -> 13465.188 | V53: =V52*$D$2 -> 104.53045 | W53: =W52*$D$2 -> 14811.677 | X53: =X52*$D$2 -> 14731.345 | AG53: =AG52*$D$2 -> 10915.201 | AH53: =AH52*$D$2 -> 29955.328 | AI53: =AI52*$D$2 -> 0 | AJ53: =AJ52*$D$2 -> 30719.06 | AK53: =AK52*$D$2 -> 1821.5962 | AL53: =AL52*$D$2 -> 32540.656 | AM53: =AM44 -> 13318.409 | AN53: =AN52*$D$2 -> 80.33175 | AP53: =AP47 -> 83.732083 | AY53: =AY52*$D$2 -> 1545.8285

Sheet MAY
K1: MCPHEE RESERVOIR INFLOW/OUTFLOW TABULATION
A2: AF/cfs CONVERT FACTOR | D2: 1.9835 | K2: MAY "2010"
D4: RESERVOIR | U4: INFLOW/OUTFLOW (CFS) | AO4: ADJUSTMENTS | AV4: WEATHER
A5: DATE | B5: RESERV | C5: RESERV | D5: AC FT | E5: ACTIVE | F5: CONV TO | G5: DOLORES | H5: LOST | I5: RECORD | J5: CALC | K5: TOTAL | L5: CALC | M5: DOLORES TUNNEL | U5: LONE | V5: U | W5: TOTAL | X5: TOTAL | Y5: MVI | Z5: MVI | AA5: MVI | AB5: TO EX & | AC5: MVI | AD5: DV CR | AE5: D/S SENIOR | AG5: BELOW | AH5: FISH | AI5: SPILL | AJ5: RECORD | AK5: CALC | AL5: TOTAL | AM5: NAR | AN5: MVI | AO5: MVI | AP5: MVI | AQ5: DIST. | AR5: U/S | AS5: TOTTEN | AT5: UTES | AU5: RAIN | AV5: MAX | AW5: MIN | AY5: TOTAL
A6: MAY | B6: ELEV | D6: CHANGE | E6: CAP | F6: CFS | G6: RIVER | H6: CAN | I6: INFLOW | J6: INFLOW | K6: INFLOW | L6: INF/OTF | M6: TOT DIV | N6: WET | O6: UTE | P6: QUEST | Q6: MWC | R6: CTZ | S6: CTZ & | T6: F-BAY | U6: PINE | V6: LAT | W6: MVI | X6: MVI | Y6: CALL | Z6: CALL | AA6: APR- | AB6: U/S EX | AC6: PROJ | AD6: CANAL | AG6: MCP | AH6: LEFT | AJ6: OTF | AK6: OTF | AL6: OTF | AM6: FILL | AN6: STOCK | AO6: STORED | AP6: STORED | AQ6: CLASS | AR6: USERS | AS6: (FRESH | AT6: FROM | AV6: TMP | AW6: TMP | AY6: TUNNEL
N7: LAND | O7: F&R | S7: UTE | T7: SPILL | W7: WATER | X7: IRRIG. | Y7: STOR | Z7: SPILLED | AA7: JUNE | AN7: CFS | AO7: Apr - Jun | AP7: EVAP | AQ7: "B" | AR7: EXCH | AS7: WATER) | AT7: DWCD | AY7: Misc.
W8: USED | X8: WATER | Z8: OR | AA8: (DIV+
X9: USED | Z9: USED | AA9: CALL)
C10: AC FT | E10: AC FT | G10: CFS | H10: CFS | I10: CFS | J10: CFS | K10: CFS | L10: CFS | M10: CFS | N10: CFS | O10: CFS | P10: CFS | Q10: CFS | R10: CFS | S10: PROJ | T10: CFS | U10: CFS | V10: CFS | W10: 153400 | X10: 150400 | Y10: CFS | AA10: 72000 | AB10: CFS | AC10: CFS | AD10: CFS | AE10: CFS | AF10: CFS | AG10: CFS | AH10: CFS | AI10: CFS | AJ10: CFS | AK10: CFS | AL10: CFS | AM10: AC FT | AN10: CFS | AO10: CFS | AP10: AC.FT. | AQ10: CFS | AR10: CFS | AS10: CFS | AT10: CFS | AY10: Outflow
N11: 1.03 | O11: 1.05 | P11: 1.02 | Q11: 1.02 | R11: 1.04 | S11: CFS | W11: CFS | X11: CFS | Y11: CFS | Z11: CFS | AA11: Ac. Ft. | AY11: CFS
A12: SEASON BAL | F12: =APR!F49 -> 37157.55 | G12: =APR!G49 -> 25576 | H12: =APR!H49 -> 3872 | I12: =APR!I49 -> 29448 | J12: =APR!J49 -> 11504.793 | K12: =APR!K49 -> 40952.793 | L12: =APR!L49 -> 11495.35 | M12: =APR!M49 -> 2267.9 | ... P12: =APR!P49 -> 0 | U12: =APR!U49 -> 397 | V12: =APR!V49 -> 12.2 | W12: =APR!W49 -> 946.60989 | X12: =APR!X49 -> 946.60989 | Y12: =APR!Y44 -> 15232.034 | AA12: =APR!AA44 -> 31449.669 | AB12: =APR!AB44 -> 1676.9675 | AD12: =APR!AD49 -> 179.7 | AE12: =APR!AE49 -> 51 | AF12: =APR!AF49 -> 39 | AI12: =APR!AI49 -> 0 | AJ12: =APR!AJ49 -> 3785.8 | AK12: =APR!AK49 -> 9.4431812 | AL12: =APR!AL49 -> 3795.2432 | AP12: =APR!AP50 -> 83.732083 | AR12: =APR!AR49 -> 0
A13: YTD | B13: =APR!B44 -> 6910.81 | C13: =APR!C44 -> 325237 | D13: =APR!D53 -> 65894 | E13: =APR!E53 -> 173237 | F13: =APR!F52 -> 33221.074 | G13: =APR!G52 -> 32279 | H13: =APR!H52 -> 4100.59 | I13: =APR!I52 -> 36379.59 | J13: =APR!J52 -> 13247.159 | K13: =APR!K52 -> 49626.749 | L13: =APR!L52 -> 12328.784 | M13: =APR!M52 -> 2963.3 | ... O13: =APR!O52 -> 1557.8115 | Q13: =APR!Q52 -> 295.28592 | R13: =APR!R52 -> 448.18 | S13: =APR!S52 -> 1.14 | T13: =APR!T52 -> -22.57716 | U13: =APR!U52 -> 6788.6 | V13: =APR!V52 -> 52.7 | W13: =APR!W52 -> 7467.4447 | X13: =APR!X52 -> 7426.9447 | AG13: =APR!AG52 -> 5503 | AH13: =APR!AH52 -> 15102.258 | AI13: =APR!AI52 -> 0 | AJ13: =APR!AJ52 -> 15487.3 | AK13: =APR!AK52 -> 918.37471 | AL13: =APR!AL52 -> 16405.675 | AM13: =APR!AM53 -> 13318.409 | AN13: =APR!AN52 -> 40.5 | AP13: =APR!AP53 -> 83.732083 | AR13: =APR!AR52 -> 0 | AU13: =APR!AU52 -> 6.38 | AY13: =APR!AY52 -> 779.34383
A15: 1 | B15: 6911.28 | C15: 327132 | D15: =C15-C13 -> 1895 | E15: =C15-152000 -> 175132 | F15: =D15/$D$2 -> 955.3819 | G15: 876 | H15: 45 | I15: =G15+H15 -> 921 | J15: =IF(L15>0,L15,0) -> 176.2819 | K15: =I15+J15 -> 1097.2819 | L15: =F15-(I15-AJ15) -> 176.2819 | M15: 56 | N15: =1.8299*1.03 -> 1.884797 | O15: =(5.1+4.2)*1.05 -> 9.765 | P15: 0 | Q15: =2.217*1.02 -> 2.26134 | R15: 2.48 | S15: 0 | T15: 0 | U15: 22 | V15: 7.9 | W15: =M15-N15-O15-P15-Q15-R15-S15-T15+U15+V15-AS15+AQ15 -> 69.508863 | X15: =W15-AN15 -> 69.508863 | Y15: =Y12+AO15 -> 15957.525 | AA15: =AA12+(X15+AO15)*1.9835 -> 33026.551 | AB15: =AB12-(APR!AP44/1.9835) -> 1674.0589 | AD15: 0 | AE15: 1.7 | AF15: 1.3 | AG15: 56 | AH15: =AH13-AG15 -> 15046.258 | AJ15: =N15+O15+P15+Q15+R15+S15+T15+W15+AD15+AG15+AS15-AQ15 -> 141.9 | AK15: =IF(L15<0,L15*-1,0) -> 0 | AL15: =AJ15+AK15 -> 141.9 | AM15: =AM13 -> 13318.409 | AO15: =795-W15 -> 725.49114 | AP15: =47.3*(Y15*1.9835+AB15*1.9835)/E15 -> 9.445374 | AU15: 0 | AV15: 51 | AW15: 25 | AY15: =SUM(N15,P15:T15) -> 6.626137
A16: =A15+1 -> 2 | B16: 6911.64 | C16: 328588 | D16: =C16-C15 -> 1456 | E16: =C16-152000 -> 176588 | F16: =D16/$D$2 -> 734.05596 | G16: 776 | H16: 31 | I16: =G16+H16 -> 807 | J16: =IF(L16>0,L16,0) -> 75.955962 | K16: =I16+J16 -> 882.95596 | L16: =F16-(I16-AJ16) -> 75.955962 | M16: 56 | N16: =1.8299*1.03 -> 1.884797 | O16: =(3.5+3.6)*1.05 -> 7.455 | P16: 0 | Q16: =2.217*1.02 -> 2.26134 | R16: 2.61 | S16: 0 | T16: 0 | U16: 22 | V16: 7.9 | W16: =M16-N16-O16-P16-Q16-R16-S16-T16+U16+V16-AS16+AQ16 -> 71.688863 | X16: =W16-AN16 -> 71.688863 | Y16: =Y15+AO16 -> 16680.836 | AA16: =AA15+(X16+AO16)*1.9835 -> 34603.434 | AB16: =AB15-(AP15/1.9835) -> 1669.2969 | AD16: 0 | AE16: 1.7 | AF16: 1.3 | AG16: 63 | AH16: =AH15-AG16 -> 14983.258 | AJ16: =N16+O16+P16+Q16+R16+S16+T16+W16+AD16+AG16+AS16-AQ16 -> 148.9 | AK16: =IF(L16<0,L16*-1,0) -> 0 | AL16: =AJ16+AK16 -> 148.9 | AM16: =AM15 -> 13318.409 | AO16: =795-W16 -> 723.31114 | AP16: =47.3*(Y16*1.9835+AB16*1.9835)/E16 -> 9.7492537 | AU16: 0.03 | AV16: 45 | AW16: 28 | AY16: =SUM(N16,P16:T16) -> 6.756137
A17: =A16+1 -> 3 | B17: 6911.92 | C17: 329721 | D17: =C17-C16 -> 1133 | E17: =C17-152000 -> 177721 | F17: =D17/$D$2 -> 571.2125 | G17: 646 | H17: 15 | I17: =G17+H17 -> 661 | J17: =IF(L17>0,L17,0) -> 104.3125 | K17: =I17+J17 -> 765.3125 | L17: =F17-(I17-AJ17) -> 104.3125 | M17: 71 | N17: =1.8299*1.03 -> 1.884797 | O17: =(3.1+2)*1.05 -> 5.355 | P17: 0 | Q17: =2.217*1.02 -> 2.26134 | R17: 3.09 | S17: 0 | T17: 0 | U17: 22 | V17: 9.1 | W17: =M17-N17-O17-P17-Q17-R17-S17-T17+U17+V17-AS17+AQ17 -> 89.508863 | X17: =W17-AN17 -> 89.508863 | Y17: =Y16+AO17 -> 17245.276 | AA17: =AA16+(X17+AO17)*1.9835 -> 35900.541 | AB17: =AB16-(AP16/1.9835) -> 1664.3817 | AD17: 25 | AE17: 1.7 | AF17: 1.3 | AG17: 67 | AH17: =AH16-AG17 -> 14916.258 | AJ17: =N17+O17+P17+Q17+R17+S17+T17+W17+AD17+AG17+AS17-AQ17 -> 194.1 | AK17: =IF(L17<0,L17*-1,0) -> 0 | AL17: =AJ17+AK17 -> 194.1 | AM17: =AM16 -> 13318.409 | AO17: =I17-Q17-R17-W17-AE17 -> 564.4398 | AP17: =47.3*(Y17*1.9835+AB17*1.9835)/E17 -> 9.9824756 | AU17: 0 | AV17: 57 | AW17: 27 | AY17: =SUM(N17,P17:T17) -> 7.236137
A18: =A17+1 -> 4 | B18: 6912.19 | C18: 330819 | D18: =C18-C17 -> 1098 | E18: =C18-152000 -> 178819 | F18: =D18/$D$2 -> 553.56693 | G18: 684 | H18: 20 | I18: =G18+H18 -> 704 | J18: =IF(L18>0,L18,0) -> 86.566927 | K18: =I18+J18 -> 790.56693 | L18: =F18-(I18-AJ18) -> 86.566927 | M18: 137 | N18: =1.8299*1.03 -> 1.884797 | O18: =(15+15)*1.05 -> 31.5 | P18: 0 | Q18: =2.217*1.02 -> 2.26134 | R18: 4.06 | S18: 0 | T18: 0 | U18: 23 | V18: 10 | W18: =M18-N18-O18-P18-Q18-R18-S18-T18+U18+V18-AS18+AQ18 -> 132.29386 | X18: =W18-AN18 -> 132.29386 | Y18: =Y17+AO18 -> 17808.961 | AA18: =AA17+(X18+AO18)*1.9835 -> 37281.015 | AB18: =AB17-(AP17/1.9835) -> 1659.349 | AD18: 0 | AE18: 1.7 | AF18: 1.3 | AG18: 67 | AH18: =AH17-AG18 -> 14849.258 | AJ18: =N18+O18+P18+Q18+R18+S18+T18+W18+AD18+AG18+AS18-AQ18 -> 237 | AK18: =IF(L18<0,L18*-1,0) -> 0 | AL18: =AJ18+AK18 -> 237 | AM18: =AM17 -> 13318.409 | AO18: =I18-Q18-R18-W18-AE18 -> 563.6848 | AP18: =47.3*(Y18*1.9835+AB18*1.9835)/E18 -> 10.214284 | AQ18: 2 | AU18: 0 | AV18: 68 | AW18: 34 | AY18: =SUM(N18,P18:T18) -> 8.206137
A19: =A18+1 -> 5 | B19: 6912.65 | C19: 332694 | D19: =C19-C18 -> 1875 | E19: =C19-152000 -> 180694 | F19: =D19/$D$2 -> 945.29871 | G19: 1020 | H19: 79 | I19: =G19+H19 -> 1099 | J19: =IF(L19>0,L19,0) -> 157.49871 | K19: =I19+J19 -> 1256.4987 | L19: =F19-(I19-AJ19) -> 157.49871 | M19: 201 | N19: =1.8299*1.03 -> 1.884797 | O19: =(44+44)*1.05 -> 92.4 | P19: 0 | Q19: =2.217*1.02 -> 2.26134 | R19: 4.2 | S19: 0.76 | T19: 0 | U19: 23 | V19: 15 | W19: =M19-N19-O19-P19-Q19-R19-S19-T19+U19+V19-AS19+AQ19 -> 140.49386 | X19: =W19-AN19 -> 140.49386 | Y19: =Y18+AO19 -> 18463.467 | AA19: =AA18+(X19+AO19)*1.9835 -> 38857.897 | AB19: =AB18-(AP18/1.9835) -> 1654.1993 | AD19: 5.2 | AE19: 1.7 | AF19: 1.3 | AG19: 67 | AH19: =AH18-AG19 -> 14782.258 | AJ19: =N19+O19+P19+Q19+R19+S19+T19+W19+AD19+AG19+AS19-AQ19 -> 311.2 | AK19: =IF(L19<0,L19*-1,0) -> 0 | AL19: =AJ19+AK19 -> 311.2 | AM19: =AM18 -> 13318.409 | AO19: =795-W19 -> 654.50614 | AP19: =47.3*(Y19*1.9835+AB19*1.9835)/E19 -> 10.445451 | AQ19: 3 | AU19: 0 | AV19: 70 | AW19: 37 | AY19: =SUM(N19,P19:T19) -> 9.106137
A20: =A19+1 -> 6 | B20: 6913.28 | C20: 335272 | D20: =C20-C19 -> 2578 | E20: =C20-152000 -> 183272 | F20: =D20/$D$2 -> 1299.7227 | G20: 1440 | H20: 131 | I20: =G20+H20 -> 1571 | J20: =IF(L20>0,L20,0) -> 91.722712 | K20: =I20+J20 -> 1662.7227 | L20: =F20-(I20-AJ20) -> 91.722712 | M20: 235 | N20: =1.8299*1.03 -> 1.884797 | O20: =(55+54)*1.05 -> 114.45 | P20: 0 | Q20: =2.217*1.02 -> 2.26134 | R20: 4.2 | S20: 0.71 | T20: 0 | U20: 23 | V20: 19 | W20: =M20-N20-O20-P20-Q20-R20-S20-T20+U20+V20-AS20+AQ20 -> 157.49386 | X20: =W20-AN20 -> 157.49386 | Y20: =Y19+AO20 -> 19100.973 | AA20: =AA19+(X20+AO20)*1.9835 -> 40434.78 | AB20: =AB19-(AP19/1.9835) -> 1648.9332 | AD20: 19 | AE20: 1.7 | AF20: 1.3 | AG20: 67 | AH20: =AH19-AG20 -> 14715.258 | AJ20: =N20+O20+P20+Q20+R20+S20+T20+W20+AD20+AG20+AS20-AQ20 -> 363 | AK20: =IF(L20<0,L20*-1,0) -> 0 | AL20: =AJ20+AK20 -> 363 | AM20: =AM19 -> 13318.409 | AO20: =795-W20 -> 637.50614 | AP20: =47.3*(Y20*1.9835+AB20*1.9835)/E20 -> 10.622173 | AQ20: 4 | AU20: 0 | AV20: 69 | AW20: 40 | AY20: =SUM(N20,P20:T20) -> 9.056137
A21: =A20+1 -> 7 | B21: 6913.87 | C21: 337696 | D21: =C21-C20 -> 2424 | E21: =C21-152000 -> 185696 | F21: =D21/$D$2 -> 1222.0822 | G21: 1370 | H21: 119 | I21: =G21+H21 -> 1489 | J21: =IF(L21>0,L21,0) -> 104.08218 | K21: =I21+J21 -> 1593.0822 | L21: =F21-(I21-AJ21) -> 104.08218 | M21: 230 | N21: =1.8299*1.03 -> 1.884797 | O21: =(52+51)*1.05 -> 108.15 | P21: 0 | Q21: =2.217*1.02 -> 2.26134 | R21: 4.2 | S21: 0.39 | T21: 0 | U21: 23 | V21: 34 | W21: =M21-N21-O21-P21-Q21-R21-S21-T21+U21+V21-AS21+AQ21 -> 176.11386 | X21: =W21-AN21 -> 176.11386 | Y21: =Y20+AO21 -> 19719.859 | AA21: =AA20+(X21+AO21)*1.9835 -> 42011.662 | AB21: =AB20-(AP20/1.9835) -> 1643.5779 | AD21: 17 | AE21: 1.7 | AF21: 1.3 | AG21: 67 | AH21: =AH20-AG21 -> 14648.258 | AJ21: =N21+O21+P21+Q21+R21+S21+T21+W21+AD21+AG21+AS21-AQ21 -> 371 | AK21: =IF(L21<0,L21*-1,0) -> 0 | AL21: =AJ21+AK21 -> 371 | AM21: =AM20 -> 13318.409 | AO21: =795-W21 -> 618.88614 | AP21: =47.3*(Y21*1.9835+AB21*1.9835)/E21 -> 10.793491 | AQ21: 6 | AU21: 0 | AV21: 60 | AW21: 28 | AY21: =SUM(N21,P21:T21) -> 8.736137
A22: =A21+1 -> 8 | B22: 6914.52 | C22: 340384 | D22: =C22-C21 -> 2688 | E22: =C22-152000 -> 188384 | F22: =D22/$D$2 -> 1355.1802 | G22: 1630 | H22: 113 | I22: =G22+H22 -> 1743 | J22: =IF(L22>0,L22,0) -> 0.28023695 | K22: =I22+J22 -> 1743.2802 | L22: =F22-(I22-AJ22) -> 0.28023695 | M22: 244 | N22: =1.8299*1.03 -> 1.884797 | O22: =(51+50)*1.05 -> 106.05 | P22: 0 | Q22: =2.217*1.02 -> 2.26134 | R22: 4.2 | S22: 0.43 | T22: 0 | U22: 23 | V22: 45 | W22: =M22-N22-O22-P22-Q22-R22-S22-T22+U22+V22-AS22+AQ22 -> 205.17386 | X22: =W22-AN22 -> 205.17386 | Y22: =Y21+AO22 -> 20309.685 | AA22: =AA21+(X22+AO22)*1.9835 -> 43588.545 | AB22: =AB21-(AP21/1.9835) -> 1638.1363 | AD22: 9.1 | AE22: 1.7 | AF22: 1.3 | AG22: 67 | AH22: =AH21-AG22 -> 14581.258 | AJ22: =N22+O22+P22+Q22+R22+S22+T22+W22+AD22+AG22+AS22-AQ22 -> 388.1 | AK22: =IF(L22<0,L22*-1,0) -> 0 | AL22: =AJ22+AK22 -> 388.1 | AM22: =AM21 -> 13318.409 | AO22: =795-W22 -> 589.82614 | AP22: =47.3*(Y22*1.9835+AB22*1.9835)/E22 -> 10.930518 | AQ22: 8 | AU22: 0 | AV22: 72 | AW22: 38 | AY22: =SUM(N22,P22:T22) -> 8.776137
A23: =A22+1 -> 9 | B23: 6915.2 | C23: 343207 | D23: =C23-C22 -> 2823 | E23: =C23-152000 -> 191207 | F23: =D23/$D$2 -> 1423.2417 | G23: 1750 | H23: 110 | I23: =G23+H23 -> 1860 | J23: =IF(L23>0,L23,0) -> 8.2417444 | K23: =I23+J23 -> 1868.2417 | L23: =F23-(I23-AJ23) -> 8.2417444 | M23: 275 | N23: =1.8299*1.03 -> 1.884797 | O23: =(54+55)*1.05 -> 114.45 | P23: 0 | Q23: =2.217*1.02 -> 2.26134 | R23: 4.2 | S23: 0.94 | T23: 0 | U23: 23 | V23: 48 | W23: =M23-N23-O23-P23-Q23-R23-S23-T23+U23+V23-AS23+AQ23 -> 232.26386 | X23: =W23-AN23 -> 232.26386 | Y23: =Y22+AO23 -> 20872.421 | AA23: =AA22+(X23+AO23)*1.9835 -> 45165.427 | AB23: =AB22-(AP22/1.9835) -> 1632.6255 | AD23: 32 | AE23: 1.7 | AF23: 1.3 | AG23: 67 | AH23: =AH22-AG23 -> 14514.258 | AJ23: =N23+O23+P23+Q23+R23+S23+T23+W23+AD23+AG23+AS23-AQ23 -> 445 | AK23: =IF(L23<0,L23*-1,0) -> 0 | AL23: =AJ23+AK23 -> 445 | AM23: =AM22 -> 13318.409 | AO23: =795-W23 -> 562.73614 | AP23: =47.3*(Y23*1.9835+AB23*1.9835)/E23 -> 11.042553 | AQ23: 10 | AU23: 0 | AV23: 75 | AW23: 38 | AY23: =SUM(N23,P23:T23) -> 9.286137
A24: =A23+1 -> 10 | B24: 6916.05 | C24: 346757 | D24: =C24-C23 -> 3550 | E24: =C24-152000 -> 194757 | F24: =D24/$D$2 -> 1789.7656 | G24: 1990 | H24: 135 | I24: =G24+H24 -> 2125 | J24: =IF(L24>0,L24,0) -> 108.76557 | K24: =I24+J24 -> 2233.7656 | L24: =F24-(I24-AJ24) -> 108.76557 | M24: 281 | N24: =1.8299*1.03 -> 1.884797 | O24: =(52+52)*1.05 -> 109.2 | P24: 0 | Q24: =2.217*1.02 -> 2.26134 | R24: 4.2 | S24: 0.76 | T24: 0 | U24: 23 | V24: 48 | W24: =M24-N24-O24-P24-Q24-R24-S24-T24+U24+V24-AS24+AQ24 -> 245.69386 | X24: =W24-AN24 -> 245.69386 | Y24: =Y23+AO24 -> 21421.727 | AA24: =AA23+(X24+AO24)*1.9835 -> 46742.31 | AB24: =AB23-(AP23/1.9835) -> 1627.0583 | AD24: 30 | AE24: 1.7 | AF24: 1.3 | AG24: 62 | AH24: =AH23-AG24 -> 14452.258 | AJ24: =N24+O24+P24+Q24+R24+S24+T24+W24+AD24+AG24+AS24-AQ24 -> 444 | AK24: =IF(L24<0,L24*-1,0) -> 0 | AL24: =AJ24+AK24 -> 444 | AM24: =AM23 -> 13318.409 | AO24: =795-W24 -> 549.30614 | AP24: =47.3*(Y24*1.9835+AB24*1.9835)/E24 -> 11.103204 | AQ24: 12 | AU24: 0 | AV24: 60 | AW24: 37 | AY24: =SUM(N24,P24:T24) -> 9.106137
A25: =A24+1 -> 11 | B25: 6916.71 | C25: 349534 | D25: =C25-C24 -> 2777 | E25: =C25-152000 -> 197534 | F25: =D25/$D$2 -> 1400.0504 | G25: 1690 | H25: 81 | I25: =G25+H25 -> 1771 | J25: =IF(L25>0,L25,0) -> 60.050416 | K25: =I25+J25 -> 1831.0504 | L25: =F25-(I25-AJ25) -> 60.050416 | M25: 278 | N25: =1.8299*1.03 -> 1.884797 | O25: =(54+52)*1.05 -> 111.3 | P25: 0 | Q25: =2.217*1.02 -> 2.26134 | R25: 4.2 | S25: 0.85 | T25: 0 | U25: 23 | V25: 49 | W25: =M25-N25-O25-P25-Q25-R25-S25-T25+U25+V25-AS25+AQ25 -> 243.50386 | X25: =W25-AN25 -> 243.50386 | Y25: =Y24+AO25 -> 21973.223 | AA25: =AA24+(X25+AO25)*1.9835 -> 48319.192 | AB25: =AB24-(AP24/1.9835) -> 1621.4605 | AD25: 21 | AE25: 1.7 | AF25: 1.3 | AG25: 60 | AH25: =AH24-AG25 -> 14392.258 | AJ25: =N25+O25+P25+Q25+R25+S25+T25+W25+AD25+AG25+AS25-AQ25 -> 431 | AK25: =IF(L25<0,L25*-1,0) -> 0 | AL25: =AJ25+AK25 -> 431 | AM25: =AM24 -> 13318.409 | AO25: =795-W25 -> 551.49614 | AP25: =47.3*(Y25*1.9835+AB25*1.9835)/E25 -> 11.206388 | AQ25: 14 | AU25: 0 | AV25: 58 | AW25: 30 | AY25: =SUM(N25,P25:T25) -> 9.196137
A26: =A25+1 -> 12 | B26: 6917.24 | C26: 351771 | D26: =C26-C25 -> 2237 | E26: =C26-152000 -> 199771 | F26: =D26/$D$2 -> 1127.8044 | G26: 1360 | H26: 44 | I26: =G26+H26 -> 1404 | J26: =IF(L26>0,L26,0) -> 138.70439 | K26: =I26+J26 -> 1542.7044 | L26: =F26-(I26-AJ26) -> 138.70439 | M26: 278 | N26: =1.8299*1.03 -> 1.884797 | O26: =(52+51)*1.05 -> 108.15 | P26: 0 | Q26: =2.217*1.02 -> 2.26134 | R26: 4.2 | S26: 0.06 | T26: 0 | U26: 23 | V26: 49 | W26: =M26-N26-O26-P26-Q26-R26-S26-T26+U26+V26-AS26+AQ26 -> 248.44386 | X26: =W26-AN26 -> 248.44386 | Y26: =Y25+AO26 -> 22519.78 | AA26: =AA25+(X26+AO26)*1.9835 -> 49896.075 | AB26: =AB25-(AP25/1.9835) -> 1615.8107 | AD26: 4.9 | AE26: 1.7 | AF26: 1.3 | AG26: 60 | AH26: =AH25-AG26 -> 14332.258 | AJ26: =N26+O26+P26+Q26+R26+S26+T26+W26+AD26+AG26+AS26-AQ26 -> 414.9 | AK26: =IF(L26<0,L26*-1,0) -> 0 | AL26: =AJ26+AK26 -> 414.9 | AM26: =AM25 -> 13318.409 | AO26: =795-W26 -> 546.55614 | AP26: =47.3*(Y26*1.9835+AB26*1.9835)/E26 -> 11.33493 | AQ26: 15 | AU26: 0 | AV26: 55 | AW26: 27 | AY26: =SUM(N26,P26:T26) -> 8.406137
A27: =A26+1 -> 13 | B27: 6917.66 | C27: 353552 | D27: =C27-C26 -> 1781 | E27: =C27-152000 -> 201552 | F27: =D27/$D$2 -> 897.90774 | G27: 1190 | H27: 28 | I27: =G27+H27 -> 1218 | J27: =IF(L27>0,L27,0) -> 117.90774 | K27: =I27+J27 -> 1335.9077 | L27: =F27-(I27-AJ27) -> 117.90774 | M27: 274 | N27: =1.8299*1.03 -> 1.884797 | O27: =(47+46)*1.05 -> 97.65 | P27: 0 | Q27: =2.217*1.02 -> 2.26134 | R27: 4.2 | S27: 0.86 | T27: 0 | U27: 23 | V27: 51 | W27: =M27-N27-O27-P27-Q27-R27-S27-T27+U27+V27-AS27+AQ27 -> 257.14386 | X27: =W27-AN27 -> 257.14386 | Y27: =Y26+AO27 -> 23057.636 | AA27: =AA26+(X27+AO27)*1.9835 -> 51472.957 | AB27: =AB26-(AP26/1.9835) -> 1610.0961 | AD27: 30 | AE27: 1.7 | AF27: 1.3 | AG27: 60 | AH27: =AH26-AG27 -> 14272.258 | AJ27: =N27+O27+P27+Q27+R27+S27+T27+W27+AD27+AG27+AS27-AQ27 -> 438 | AK27: =IF(L27<0,L27*-1,0) -> 0 | AL27: =AJ27+AK27 -> 438 | AM27: =AM26 -> 13318.409 | AO27: =795-W27 -> 537.85614 | AP27: =47.3*(Y27*1.9835+AB27*1.9835)/E27 -> 11.482474 | AQ27: 16 | AU27: 0 | AV27: 53 | AW27: 36 | AY27: =SUM(N27,P27:T27) -> 9.206137
A28: =A27+1 -> 14 | B28: 6917.98 | C28: 354909 | D28: =C28-C27 -> 1357 | E28: =C28-152000 -> 202909 | F28: =D28/$D$2 -> 684.14419 | G28: 997 | H28: 12 | I28: =G28+H28 -> 1009 | J28: =IF(L28>0,L28,0) -> 123.14419 | K28: =I28+J28 -> 1132.1442 | L28: =F28-(I28-AJ28) -> 123.14419 | M28: 260 | N28: =1.8299*1.03 -> 1.884797 | O28: =(33+32)*1.05 -> 68.25 | P28: 0 | Q28: =2.217*1.02 -> 2.26134 | R28: 4.2 | S28: 0.98 | T28: 0 | U28: 23 | V28: 52 | W28: =M28-N28-O28-P28-Q28-R28-S28-T28+U28+V28-AS28+AQ28 -> 275.42386 | X28: =W28-AN28 -> 275.42386 | Y28: =Y27+AO28 -> 23577.212 | AA28: =AA27+(X28+AO28)*1.9835 -> 53049.84 | AB28: =AB27-(AP27/1.9835) -> 1604.3071 | AD28: 53 | AE28: 1.7 | AF28: 1.3 | AG28: 60 | AH28: =AH27-AG28 -> 14212.258 | AJ28: =N28+O28+P28+Q28+R28+S28+T28+W28+AD28+AG28+AS28-AQ28 -> 448 | AK28: =IF(L28<0,L28*-1,0) -> 0 | AL28: =AJ28+AK28 -> 448 | AM28: =AM27 -> 13318.409 | AO28: =795-W28 -> 519.57614 | AP28: =47.3*(Y28*1.9835+AB28*1.9835)/E28 -> 11.643243 | AQ28: 18 | AU28: 0 | AV28: 63 | AW28: 38 | AY28: =SUM(N28,P28:T28) -> 9.326137
A29: =A28+1 -> 15 | B29: 6918.25 | C29: 356062 | D29: =C29-C28 -> 1153 | E29: =C29-152000 -> 204062 | F29: =D29/$D$2 -> 581.29569 | G29: 918 | H29: 9.3 | I29: =G29+H29 -> 927.3 | J29: =IF(L29>0,L29,0) -> 107.99569 | K29: =I29+J29 -> 1035.2957 | L29: =F29-(I29-AJ29) -> 107.99569 | M29: 253 | N29: =1.8299*1.03 -> 1.884797 | O29: =(27+26)*1.05 -> 55.65 | P29: 0 | Q29: =2.217*1.02 -> 2.26134 | R29: 4.2 | S29: 1.24 | T29: 0 | U29: 24 | V29: 54 | W29: =M29-N29-O29-P29-Q29-R29-S29-T29+U29+V29-AS29+AQ29 -> 284.76386 | X29: =W29-AN29 -> 284.76386 | Y29: =Y28+AO29 -> 24087.448 | AA29: =AA28+(X29+AO29)*1.9835 -> 54626.722 | AB29: =AB28-(AP28/1.9835) -> 1598.4371 | AD29: 63 | AE29: 1.7 | AF29: 1.3 | AG29: 60 | AH29: =AH28-AG29 -> 14152.258 | AJ29: =N29+O29+P29+Q29+R29+S29+T29+W29+AD29+AG29+AS29-AQ29 -> 454 | AK29: =IF(L29<0,L29*-1,0) -> 0 | AL29: =AJ29+AK29 -> 454 | AM29: =AM28 -> 13318.409 | AO29: =795-W29 -> 510.23614 | AP29: =47.3*(Y29*1.9835+AB29*1.9835)/E29 -> 11.809343 | AQ29: 19 | AU29: 0 | AV29: 63 | AW29: 33 | AY29: =SUM(N29,P29:T29) -> 9.586137
A30: =A29+1 -> 16 | B30: 6918.52 | C30: 357216 | D30: =C30-C29 -> 1154 | E30: =C30-152000 -> 205216 | F30: =D30/$D$2 -> 581.79985 | G30: 939 | H30: 8.5 | I30: =G30+H30 -> 947.5 | J30: =IF(L30>0,L30,0) -> 136.29985 | K30: =I30+J30 -> 1083.7998 | L30: =F30-(I30-AJ30) -> 136.29985 | M30: 283 | N30: =1.8299*1.03 -> 1.884797 | O30: =(34+33)*1.05 -> 70.35 | P30: 0 | Q30: =2.217*1.02 -> 2.26134 | R30: 4.2 | S30: 1.13 | T30: 0 | U30: 30 | V30: 66 | W30: =M30-N30-O30-P30-Q30-R30-S30-T30+U30+V30-AS30+AQ30 -> 319.17386 | X30: =W30-AN30 -> 319.17386 | Y30: =Y29+AO30 -> 24563.274 | AA30: =AA29+(X30+AO30)*1.9835 -> 56203.605 | AB30: =AB29-(AP29/1.9835) -> 1592.4833 | AD30: 63 | AE30: 1.7 | AF30: 1.3 | AG30: 60 | AH30: =AH29-AG30 -> 14092.258 | AJ30: =N30+O30+P30+Q30+R30+S30+T30+W30+AD30+AG30+AS30-AQ30 -> 502 | AK30: =IF(L30<0,L30*-1,0) -> 0 | AL30: =AJ30+AK30 -> 502 | AM30: =AM29 -> 13318.409 | AO30: =795-W30 -> 475.82614 | AP30: =47.3*(Y30*1.9835+AB30*1.9835)/E30 -> 11.957749 | AQ30: 20 | AU30: 0 | AV30: 69 | AW30: 36 | AY30: =SUM(N30,P30:T30) -> 9.476137
A31: =A30+1 -> 17 | B31: 6918.95 | C31: 359053 | D31: =C31-C30 -> 1837 | E31: =C31-152000 -> 207053 | F31: =D31/$D$2 -> 926.14066 | G31: 1370 | H31: 21 | I31: =G31+H31 -> 1391 | J31: =IF(L31>0,L31,0) -> 145.14066 | K31: =I31+J31 -> 1536.1407 | L31: =F31-(I31-AJ31) -> 145.14066 | M31: 313 | N31: =1.8299*1.03 -> 1.884797 | O31: =(46+45)*1.05 -> 95.55 | P31: 0 | Q31: =2.217*1.02 -> 2.26134 | R31: 4.2 | S31: 1.82 | T31: 0 | U31: 87 | V31: 66 | W31: =M31-N31-O31-P31-Q31-R31-S31-T31+U31+V31-AS31+AQ31 -> 380.28386 | X31: =W31-AN31 -> 380.28386 | Y31: =Y30+AO31 -> 24977.99 | AA31: =AA30+(X31+AO31)*1.9835 -> 57780.487 | AB31: =AB30-(AP30/1.9835) -> 1586.4547 | AD31: 84 | AE31: 1.7 | AF31: 1.3 | AG31: 60 | AH31: =AH30-AG31 -> 14032.258 | AJ31: =N31+O31+P31+Q31+R31+S31+T31+W31+AD31+AG31+AS31-AQ31 -> 610 | AK31: =IF(L31<0,L31*-1,0) -> 0 | AL31: =AJ31+AK31 -> 610 | AM31: =AM30 -> 13318.409 | AO31: =795-W31 -> 414.71614 | AP31: =47.3*(Y31*1.9835+AB31*1.9835)/E31 -> 12.036842 | AQ31: 20 | AU31: 0 | AV31: 76 | AW31: 45 | AY31: =SUM(N31,P31:T31) -> 10.166137
A32: =A31+1 -> 18 | B32: 6919.48 | C32: 361334 | D32: =C32-C31 -> 2281 | E32: =C32-152000 -> 209334 | F32: =D32/$D$2 -> 1149.9874 | G32: 1710 | H32: 43 | I32: =G32+H32 -> 1753 | J32: =IF(L32>0,L32,0) -> 88.987396 | K32: =I32+J32 -> 1841.9874 | L32: =F32-(I32-AJ32) -> 88.987396 | M32: 325 | N32: =1.8299*1.03 -> 1.884797 | O32: =(53+52)*1.05 -> 110.25 | P32: 0 | Q32: =2.217*1.02 -> 2.26134 | R32: 4.2 | S32: 2.21 | T32: 0 | U32: 136 | V32: 70 | W32: =M32-N32-O32-P32-Q32-R32-S32-T32+U32+V32-AS32+AQ32 -> 430.19386 | X32: =W32-AN32 -> 430.19386 | Y32: =Y31+AO32 -> 25342.796 | AA32: =AA31+(X32+AO32)*1.9835-(AI32*1.9835) -> 59357.37 | AB32: =AB31-(AP31/1.9835) -> 1580.3862 | AD32: 101 | AE32: 1.7 | AF32: 1.3 | AG32: 60 | AH32: =AH31-AG32 -> 13972.258 | AJ32: =N32+O32+P32+Q32+R32+S32+T32+W32+AD32+AG32+AS32-AQ32 -> 692 | AK32: =IF(L32<0,L32*-1,0) -> 0 | AL32: =AJ32+AK32 -> 692 | AM32: =AM31 -> 13318.409 | AO32: =795-W32 -> 364.80614 | AP32: =47.3*(Y32*1.9835+AB32*1.9835)/E32 -> 12.066463 | AQ32: 20 | AU32: 0.01 | AV32: 63 | AW32: 41 | AY32: =SUM(N32,P32:T32) -> 10.556137
A33: =A32+1 -> 19 | B33: 6919.83 | C33: 362841 | D33: =C33-C32 -> 1507 | E33: =C33-152000 -> 210841 | F33: =D33/$D$2 -> 759.76809 | G33: 1460 | H33: 24 | I33: =G33+H33 -> 1484 | J33: =IF(L33>0,L33,0) -> 0 | K33: =I33+J33 -> 1484 | L33: =F33-(I33-AJ33) -> -27.231913 | M33: 307 | N33: =1.8299*1.03 -> 1.884797 | O33: =(49+47)*1.05 -> 100.8 | P33: 0 | Q33: =2.217*1.02 -> 2.26134 | R33: 4.2 | S33: 1.81 | T33: 0 | U33: 133 | V33: 79 | W33: =M33-N33-O33-P33-Q33-R33-S33-T33+U33+V33-AS33+AQ33 -> 430.59386 | X33: =W33-AN33 -> 430.59386 | Y33: =Y32+AO33 -> 25707.203 | AA33: =AA32+(X33+AO33)*1.9835-(AI33*1.9835) -> 60934.252 | AB33: =AB32-(AP32/1.9835) -> 1574.3028 | AD33: 118 | AE33: 1.7 | AF33: 1.3 | AG33: 60 | AH33: =AH32-AG33 -> 13912.258 | AJ33: =N33+O33+P33+Q33+R33+S33+T33+W33+AD33+AG33+AS33-AQ33 -> 697 | AK33: =IF(L33<0,L33*-1,0) -> 27.231913 | AL33: =AJ33+AK33 -> 724.23191 | AM33: =AM32 -> 13318.409 | AO33: =795-W33 -> 364.40614 | AP33: =47.3*(Y33*1.9835+AB33*1.9835)/E33 -> 12.139662 | AQ33: 22.55 | AU33: 0 | AV33: 66 | AW33: 37 | AY33: =SUM(N33,P33:T33) -> 10.156137
A34: =A33+1 -> 20 | B34: 6920.16 | C34: 364268 | D34: =C34-C33 -> 1427 | E34: =C34-152000 -> 212268 | F34: =D34/$D$2 -> 719.43534 | G34: 1480 | H34: 22 | I34: =G34+H34 -> 1502 | J34: =IF(L34>0,L34,0) -> 0 | K34: =I34+J34 -> 1502 | L34: =F34-(I34-AJ34) -> -48.564658 | M34: 318 | N34: =1.8299*1.03 -> 1.884797 | O34: =(50+47)*1.05 -> 101.85 | P34: 0 | Q34: =2.217*1.02 -> 2.26134 | R34: 4.2 | S34: 2.14 | T34: 0 | U34: 132 | V34: 80 | W34: =M34-N34-O34-P34-Q34-R34-S34-T34+U34+V34-AS34+AQ34 -> 440.21386 | X34: =W34-AN34 -> 440.21386 | Y34: =Y33+AO34 -> 26061.989 | AA34: =AA33+(X34+AO34)*1.9835-(AI34*1.9835) -> 62511.135 | AB34: =AB33-(AP33/1.9835) -> 1568.1824 | AD34: 144 | AE34: 1.7 | AF34: 1.3 | AG34: 60 | AH34: =AH33-AG34 -> 13852.258 | AJ34: =N34+O34+P34+Q34+R34+S34+T34+W34+AD34+AG34+AS34-AQ34 -> 734 | AK34: =IF(L34<0,L34*-1,0) -> 48.564658 | AL34: =AJ34+AK34 -> 782.56466 | AM34: =AM33 -> 13318.409 | AO34: =795-W34 -> 354.78614 | AP34: =47.3*(Y34*1.9835+AB34*1.9835)/E34 -> 12.212157 | AQ34: 22.55 | AU34: 0 | AV34: 70 | AW34: 40 | AY34: =SUM(N34,P34:T34) -> 10.486137
A35: =A34+1 -> 21 | B35: 6920.71 | C35: 366656 | D35: =C35-C34 -> 2388 | E35: =C35-152000 -> 214656 | F35: =D35/$D$2 -> 1203.9324 | G35: 2060 | H35: 96 | I35: =G35+H35 -> 2156 | J35: =IF(L35>0,L35,0) -> 0 | K35: =I35+J35 -> 2156 | L35: =F35-(I35-AJ35) -> -174.06756 | M35: 343 | N35: =1.8299*1.03 -> 1.884797 | O35: =(51+49)*1.05 -> 105 | P35: 0 | Q35: =2.217*1.02 -> 2.26134 | R35: 4.2 | S35: 1.79 | T35: 0 | U35: 133 | V35: 78 | W35: =M35-N35-O35-P35-Q35-R35-S35-T35+U35+V35-AS35+AQ35 -> 461.41386 | X35: =W35-AN35 -> 461.41386 | Y35: =Y34+AO35 -> 26395.575 | AA35: =AA34+(X35+AO35)*1.9835-(AI35*1.9835) -> 64088.017 | AB35: =AB34-(AP34/1.9835) -> 1562.0256 | AD35: 170 | AE35: 1.7 | AF35: 1.3 | AG35: 54 | AH35: =AH34-AG35 -> 13798.258 | AJ35: =N35+O35+P35+Q35+R35+S35+T35+W35+AD35+AG35+AS35-AQ35 -> 778 | AK35: =IF(L35<0,L35*-1,0) -> 174.06756 | AL35: =AJ35+AK35 -> 952.06756 | AM35: =AM34 -> 13318.409 | AO35: =795-W35 -> 333.58614 | AP35: =47.3*(Y35*1.9835+AB35*1.9835)/E35 -> 12.219409 | AQ35: 22.55 | AU35: 0 | AV35: 78 | AW35: 45 | AY35: =SUM(N35,P35:T35) -> 10.136137
A36: =A35+1 -> 22 | B36: 6921.5 | C36: 370104 | D36: =C36-C35 -> 3448 | E36: =C36-152000 -> 218104 | F36: =D36/$D$2 -> 1738.3413 | G36: 2550 | H36: 110 | I36: =G36+H36 -> 2660 | J36: =IF(L36>0,L36,0) -> 0 | K36: =I36+J36 -> 2660 | L36: =F36-(I36-AJ36) -> -179.65868 | M36: 300 | N36: =1.8299*1.03 -> 1.884797 | O36: =(35+33)*1.05 -> 71.4 | P36: 0 | Q36: =2.217*1.02 -> 2.26134 | R36: 4.2 | S36: 1.3 | T36: 0 | U36: 133 | V36: 79 | W36: =M36-N36-O36-P36-Q36-R36-S36-T36+U36+V36-AS36+AQ36 -> 453.50386 | X36: =W36-AN36 -> 453.50386 | Y36: =Y35+AO36 -> 26737.071 | AA36: =AA35+(X36+AO36)*1.9835-(AI36*1.9835) -> 65664.9 | AB36: =AB35-(AP35/1.9835) -> 1555.865 | AD36: 176 | AE36: 1.7 | AF36: 1.3 | AG36: 54 | AH36: =AH35-AG36 -> 13744.258 | AJ36: =N36+O36+P36+Q36+R36+S36+T36+W36+AD36+AG36+AS36-AQ36 -> 742 | AK36: =IF(L36<0,L36*-1,0) -> 179.65868 | AL36: =AJ36+AK36 -> 921.65868 | AM36: =AM35 -> 13318.409 | AO36: =795-W36 -> 341.49614 | AP36: =47.3*(Y36*1.9835+AB36*1.9835)/E36 -> 12.170481 | AQ36: 22.55 | AU36: 0 | AV36: 72 | AW36: 49 | AY36: =SUM(N36,P36:T36) -> 9.646137
A37: =A36+1 -> 23 | B37: 6922.19 | C37: 373132 | D37: =C37-C36 -> 3028 | E37: =C37-152000 -> 221132 | F37: =D37/$D$2 -> 1526.5944 | G37: 2220 | H37: 64 | I37: =G37+H37 -> 2284 | J37: =IF(L37>0,L37,0) -> 0 | K37: =I37+J37 -> 2284 | L37: =F37-(I37-AJ37) -> -37.405596 | M37: 278 | N37: =1.8299*1.03 -> 1.884797 | O37: =(24+25)*1.05 -> 51.45 | P37: 0 | Q37: =2.217*1.02 -> 2.26134 | R37: 4.2 | S37: 0.78 | T37: 0 | U37: 134 | V37: 79 | W37: =M37-N37-O37-P37-Q37-R37-S37-T37+U37+V37-AS37+AQ37 -> 452.97386 | X37: =W37-AN37 -> 452.97386 | Y37: =Y36+AO37 -> 27079.097 | AA37: =AA36+(X37+AO37)*1.9835-(AI37*1.9835) -> 67241.782 | AB37: =AB36-(AP36/1.9835) -> 1549.7292 | AD37: 175 | AE37: 1.7 | AF37: 1.3 | AG37: 54 | AH37: =AH36-AG37 -> 13690.258 | AJ37: =N37+O37+P37+Q37+R37+S37+T37+W37+AD37+AG37+AS37-AQ37 -> 720 | AK37: =IF(L37<0,L37*-1,0) -> 37.405596 | AL37: =AJ37+AK37 -> 757.4056 | AM37: =AM36 -> 13318.409 | AO37: =795-W37 -> 342.02614 | AP37: =47.3*(Y37*1.9835+AB37*1.9835)/E37 -> 12.146336 | AQ37: 22.55 | AU37: 0 | AV37: 75 | AW37: 47 | AY37: =SUM(N37,P37:T37) -> 9.126137
A38: =A37+1 -> 24 | B38: 6922.78 | C38: 375737 | D38: =C38-C37 -> 2605 | E38: =C38-152000 -> 223737 | F38: =D38/$D$2 -> 1313.335 | G38: 2130 | H38: 15 | I38: =G38+H38 -> 2145 | J38: =IF(L38>0,L38,0) -> 0 | K38: =I38+J38 -> 2145 | L38: =F38-(I38-AJ38) -> -28.664986 | M38: 283 | N38: =1.8299*1.03 -> 1.884797 | O38: =(32+32)*1.05 -> 67.2 | P38: 0 | Q38: =2.217*1.02 -> 2.26134 | R38: 4.2 | S38: 1.87 | T38: 0 | U38: 135 | V38: 80 | W38: =M38-N38-O38-P38-Q38-R38-S38-T38+U38+V38-AS38+AQ38 -> 443.13386 | X38: =W38-AN38 -> 443.13386 | Y38: =Y37+AO38-AI38 -> 27271.963 | Z38: =AI38 -> 159 | AA38: =AA37+(X38+AO38-Z38)*1.9835 -> 68503.288 | AB38: =AB37-(AP37/1.9835) -> 1543.6055 | AD38: 146 | AE38: 1.7 | AF38: 1.3 | AG38: 159 | AH38: =AH37 -> 13690.258 | AI38: =AG38 -> 159 | AJ38: =N38+O38+P38+Q38+R38+S38+T38+W38+AD38+AG38+AS38-AQ38 -> 803 | AK38: =IF(L38<0,L38*-1,0) -> 28.664986 | AL38: =AJ38+AK38 -> 831.66499 | AM38: =AM37 -> 13318.409 | AO38: =795-W38 -> 351.86614 | AP38: =47.3*(Y38*1.9835+AB38*1.9835)/E38 -> 12.083221 | AQ38: 22.55 | AU38: 0 | AV38: 54 | AW38: 35 | AY38: =SUM(N38,P38:T38) -> 10.216137
A39: =A38+1 -> 25 | B39: 6922.98 | C39: 376620 | D39: =C39-C38 -> 883 | E39: =C39-152000 -> 224620 | F39: =D39/$D$2 -> 445.17267 | G39: 1600 | H39: 5.9 | I39: =G39+H39 -> 1605.9 | J39: =IF(L39>0,L39,0) -> 48.272675 | K39: =I39+J39 -> 1654.1727 | L39: =F39-(I39-AJ39) -> 48.272675 | M39: 288 | N39: =1.8299*1.03 -> 1.884797 | O39: =(33+32)*1.05 -> 68.25 | P39: 0 | Q39: =2.217*1.02 -> 2.26134 | R39: 4.2 | S39: 2.24 | T39: 0 | U39: 138 | V39: 79 | W39: =M39-N39-O39-P39-Q39-R39-S39-T39+U39+V39-AS39+AQ39 -> 448.71386 | X39: =W39-AN39 -> 448.71386 | Y39: =Y38+AO39-AI39 -> 27111.249 | Z39: =AI39 -> 507 | AA39: =AA38+(X39+AO39-Z39)*1.9835 -> 69074.536 | AB39: =AB38-(AP38/1.9835) -> 1537.5136 | AD39: 197 | AE39: 1.7 | AF39: 1.3 | AG39: 507 | AH39: =AH38 -> 13690.258 | AI39: =AG39 -> 507 | AJ39: =N39+O39+P39+Q39+R39+S39+T39+W39+AD39+AG39+AS39-AQ39 -> 1209 | AK39: =IF(L39<0,L39*-1,0) -> 0 | AL39: =AJ39+AK39 -> 1209 | AM39: =AM38 -> 13318.409 | AO39: =795-W39 -> 346.28614 | AP39: =47.3*(Y39*1.9835+AB39*1.9835)/E39 -> 11.96605 | AQ39: 22.55 | AU39: 0 | AV39: 68 | AW39: 38 | AY39: =SUM(N39,P39:T39) -> 10.586137
A40: =A39+1 -> 26 | B40: 6923.03 | C40: 376842 | D40: =C40-C39 -> 222 | E40: =C40-152000 -> 224842 | F40: =D40/$D$2 -> 111.92337 | G40: 1640 | H40: 3.4 | I40: =G40+H40 -> 1643.4 | J40: =IF(L40>0,L40,0) -> 93.523368 | K40: =I40+J40 -> 1736.9234 | L40: =F40-(I40-AJ40) -> 93.523368 | M40: 303 | N40: =1.8299*1.03 -> 1.884797 | O40: =(26+26)*1.05 -> 54.6 | P40: 0 | Q40: =2.217*1.02 -> 2.26134 | R40: 4.2 | S40: 2.38 | T40: 0 | U40: 261 | V40: 73 | W40: =M40-N40-O40-P40-Q40-R40-S40-T40+U40+V40-AS40+AQ40 -> 594.22386 | X40: =W40-AN40 -> 594.22386 | Y40: =Y39+AO40-AI40 -> 26563.026 | Z40: =AI40 -> 749 | AA40: =AA39+(X40-109+AO40-Z40)*1.9835 -> 68949.576 | AB40: =AB39-(AP39/1.9835) -> 1531.4808 | AD40: 239 | AE40: 1.7 | AF40: 1.3 | AG40: 749 | AH40: =AH39 -> 13690.258 | AI40: =AG40 -> 749 | AJ40: =N40+O40+P40+Q40+R40+S40+T40+W40+AD40+AG40+AS40-AQ40 -> 1625 | AK40: =IF(L40<0,L40*-1,0) -> 0 | AL40: =AJ40+AK40 -> 1625 | AM40: =AM39+(133*1.9835) -> 13582.215 | AO40: =795-W40 -> 200.77614 | AP40: =47.3*(Y40*1.9835+AB40*1.9835)/E40 -> 11.722961 | AQ40: 22.55 | AU40: 0 | AV40: 77 | AW40: 42 | AY40: =SUM(N40,P40:T40) -> 10.726137
A41: =A40+1 -> 27 | B41: 6923.1 | C41: 377154 | D41: =C41-C40 -> 312 | E41: =C41-152000 -> 225154 | F41: =D41/$D$2 -> 157.29771 | G41: 1940 | H41: 2.9 | I41: =G41+H41 -> 1942.9 | J41: =IF(L41>0,L41,0) -> 22.397706 | K41: =I41+J41 -> 1965.2977 | L41: =F41-(I41-AJ41) -> 22.397706 | M41: 335 | N41: =1.8299*1.03 -> 1.884797 | O41: =(39+37)*1.05 -> 79.8 | P41: 0.69 | Q41: =2.217*1.02 -> 2.26134 | R41: 4.2 | S41: 3.98 | T41: 0 | U41: 368 | V41: 71 | W41: =M41-N41-O41-P41-Q41-R41-S41-T41+U41+V41-AS41+AQ41 -> 703.73386 | X41: =W41-AN41 -> 703.73386 | Y41: =Y40+AO41-AI41 -> 25861.292 | Z41: =AI41 -> 793 | AA41: =AA40+(X41-206+AO41-Z41)*1.9835 -> 68544.942 | AB41: =AB40-(AP40/1.9835) -> 1525.5706 | AD41: 241 | AE41: 1.7 | AF41: 1.3 | AG41: 793 | AH41: =AH40 -> 13690.258 | AI41: =AG41 -> 793 | AJ41: =N41+O41+P41+Q41+R41+S41+T41+W41+AD41+AG41+AS41-AQ41 -> 1808 | AK41: =IF(L41<0,L41*-1,0) -> 0 | AL41: =AJ41+AK41 -> 1808 | AM41: =AM40+(206*1.9835) -> 13990.816 | AO41: =795-W41 -> 91.266137 | AP41: =47.3*(Y41*1.9835+AB41*1.9835)/E41 -> 11.411847 | AQ41: 22.55 | AU41: 0 | AV41: 81 | AW41: 45 | AY41: =SUM(N41,P41:T41) -> 13.016137
A42: 28 | B42: 6923.36 | C42: 378311 | D42: =C42-C41 -> 1157 | E42: =C42-152000 -> 226311 | F42: =D42/$D$2 -> 583.31233 | G42: 2410 | H42: 2.8 | I42: =G42+H42 -> 2412.8 | J42: =IF(L42>0,L42,0) -> 0 | K42: =I42+J42 -> 2412.8 | L42: =F42-(I42-AJ42) -> -41.487673 | M42: 322 | N42: =1.8299*1.03 -> 1.884797 | O42: =(38+35)*1.05 -> 76.65 | P42: 1.5 | Q42: =2.217*1.02 -> 2.26134 | R42: 4.2 | S42: 2.82 | T42: 0 | U42: 349 | V42: 75 | W42: =M42-N42-O42-P42-Q42-R42-S42-T42+U42+V42-AS42+AQ42 -> 679.23386 | X42: =W42-AN42 -> 679.23386 | Y42: =Y41+AO42-AI42 -> 25184.058 | Z42: =AI42 -> 793 | AA42: =AA41+(X42-214+AO42-Z42)*1.9835 -> 68124.44 | AB42: =AB41-(AP41/1.9835) -> 1519.8172 | AD42: 249 | AE42: 1.7 | AF42: 1.3 | AG42: 793 | AH42: =AH41 -> 13690.258 | AI42: =AG42 -> 793 | AJ42: =N42+O42+P42+Q42+R42+S42+T42+W42+AD42+AG42+AS42-AQ42 -> 1788 | AK42: =IF(L42<0,L42*-1,0) -> 41.487673 | AL42: =AJ42+AK42 -> 1829.4877 | AM42: =AM41+(214*1.9835) -> 14415.285 | AO42: =795-W42 -> 115.76614 | AP42: =47.3*(Y42*1.9835+AB42*1.9835)/E42 -> 11.070366 | AQ42: 22.55 | AU42: 0 | AV42: 83 | AW42: 52 | AY42: =SUM(N42,P42:T42) -> 12.666137
A43: 29 | B43: 6923.78 | C43: 380181 | D43: =C43-C42 -> 1870 | E43: =C43-152000 -> 228181 | F43: =D43/$D$2 -> 942.77792 | G43: 2690 | H43: 3.9 | I43: =G43+H43 -> 2693.9 | J43: =IF(L43>0,L43,0) -> 34.877918 | K43: =I43+J43 -> 2728.7779 | L43: =F43-(I43-AJ43) -> 34.877918 | M43: 314 | N43: =1.8299*1.03 -> 1.884797 | O43: =(24+26)*1.05 -> 52.5 | P43: 1.5 | Q43: =2.217*1.02 -> 2.26134 | R43: 4.2 | S43: 2.26 | T43: 0 | U43: 351 | V43: 76 | W43: =M43-N43-O43-P43-Q43-R43-S43-T43+U43+V43-AS43+AQ43 -> 698.94386 | X43: =W43-AN43 -> 698.94386 | Y43: =Y42+AO43-AI43 -> 24487.114 | Z43: =AI43 -> 793 | AA43: =AA42+(X43-216+AO43-Z43)*1.9835 -> 67699.971 | AB43: =AB42-(AP42/1.9835) -> 1514.236 | AD43: 252 | AE43: 1.7 | AF43: 1.3 | AG43: 793 | AH43: =AH42 -> 13690.258 | AI43: =AG43 -> 793 | AJ43: =N43+O43+P43+Q43+R43+S43+T43+W43+AD43+AG43+AS43-AQ43 -> 1786 | AK43: =IF(L43<0,L43*-1,0) -> 0 | AL43: =AJ43+AK43 -> 1786 | AM43: =AM42+(216*1.9835) -> 14843.721 | AO43: =795-W43 -> 96.056137 | AP43: =47.3*(Y43*1.9835+AB43*1.9835)/E43 -> 10.690789 | AQ43: 22.55 | AU43: 0 | AV43: 68 | AW43: 43 | AY43: =SUM(N43,P43:T43) -> 12.106137
A44: 30 | B44: 6924.01 | C44: 381205 | D44: =C44-C43 -> 1024 | E44: =C44-152000 -> 229205 | F44: =D44/$D$2 -> 516.25914 | G44: 2260 | H44: 3.3 | I44: =G44+H44 -> 2263.3 | J44: =IF(L44>0,L44,0) -> 0 | K44: =I44+J44 -> 2263.3 | L44: =F44-(I44-AJ44) -> -14.040862 | M44: 310 | N44: =1.8299*1.03 -> 1.884797 | O44: =(21+21)*1.05 -> 44.1 | P44: 1.5 | Q44: =2.217*1.02 -> 2.26134 | R44: 4.2 | S44: 2.6 | T44: 0 | U44: 224 | V44: 75 | W44: =M44-N44-O44-P44-Q44-R44-S44-T44+U44+V44-AS44+AQ44 -> 575.00386 | X44: =W44-AN44 -> 575.00386 | Y44: =Y43+AO44-AI44 -> 23575.114 | Z44: =AI44 -> 912 | AA44: =AA43+(X44-88+AO44-Z44)*1.9835 -> 66856.991 | AB44: =AB43-(AP43/1.9835) -> 1508.8461 | AD44: 212 | AE44: 1.7 | AF44: 1.3 | AG44: 912 | AH44: =AH43 -> 13690.258 | AI44: =AG44 -> 912 | AJ44: =N44+O44+P44+Q44+R44+S44+T44+W44+AD44+AG44+AS44-AQ44 -> 1733 | AK44: =IF(L44<0,L44*-1,0) -> 14.040862 | AL44: =AJ44+AK44 -> 1747.0409 | AM44: =AM43+(64.3*1.9835) -> 14971.26 | AO44: 0 | AP44: =47.3*(Y44*1.9835+AB44*1.9835)/E44 -> 10.267515 | AQ44: 22.55 | AU44: 0 | AV44: 70 | AW44: 38 | AY44: =SUM(N44,P44:T44) -> 12.446137
A45: 31 | B45: 6924.06 | C45: 381429 | D45: =C45-C44 -> 224 | E45: =C45-152000 -> 229429 | F45: =D45/$D$2 -> 112.93169 | G45: 1900 | H45: 2.9 | I45: =G45+H45 -> 1902.9 | J45: =IF(L45>0,L45,0) -> 20.031686 | K45: =I45+J45 -> 1922.9317 | L45: =F45-(I45-AJ45) -> 20.031686 | M45: 319 | N45: =1.8299*1.03 -> 1.884797 | O45: =(29+29)*1.05 -> 60.9 | P45: 1.5 | Q45: =2.217*1.02 -> 2.26134 | R45: 4.2 | S45: 2.39 | T45: 0 | U45: 136 | V45: 75 | W45: =M45-N45-O45-P45-Q45-R45-S45-T45+U45+V45-AS45+AQ45 -> 479.41586 | X45: =W45-AN45 -> 479.41586 | Y45: =Y44+AO45-AI45 -> 22535.114 | Z45: =AI45 -> 1040 | AA45: =AA44+(X45+AO45-Z45)*1.9835 -> 65745.072 | AB45: =AB44-(AP44/1.9835) -> 1503.6697 | AD45: 240 | AE45: 1.7 | AF45: 1.3 | AG45: 1040 | AH45: =AH44 -> 13690.258 | AI45: =AG45 -> 1040 | AJ45: =N45+O45+P45+Q45+R45+S45+T45+W45+AD45+AG45+AS45-AQ45 -> 1810 | AK45: =IF(L45<0,L45*-1,0) -> 0 | AL45: =AJ45+AK45 -> 1810 | AM45: =AM44 -> 14971.26 | AO45: 0 | AP45: =47.3*(Y45*1.9835+AB45*1.9835)/E45 -> 9.8300906 | AQ45: 22.552 | AU45: 0 | AV45: 77 | AW45: 43 | AY45: =SUM(N45,P45:T45) -> 12.236137
A47: MONTH / CFS | F47: =SUM(F15:F45) -> 28329.72 | G47: =SUM(G15:G45) -> 48696 | H47: =SUM(H15:H45) -> 1400.9 | I47: =SUM(I15:I45) -> 50096.9 | J47: =SUM(J15:J45) -> 2051.0421 | K47: =SUM(K15:K45) -> 52147.942 | L47: =SUM(L15:L45) -> 1499.9202 | M47: =SUM(M15:M45) -> 8070 | ... X47: =SUM(X15:X45) -> 10820.267 | Z47: =SUM(Z15:Z45) -> 5746 | AD47: =SUM(AD15:AD45) -> 3116.2 | AE47: =SUM(AE15:AE45) -> 52.7 | AF47: =SUM(AF15:AF45) -> 40.3 | AG47: =SUM(AG15:AG45) -> 7158 | AI47: =SUM(AI15:AI45) -> 5746 | AJ47: =SUM(AJ15:AJ45) -> 23267.1 | AK47: =SUM(AK15:AK45) -> 551.12193 | AL47: =SUM(AL15:AL45) -> 23818.222 | AN47: =SUM(AN15:AN45) -> 0 | AQ47: =SUM(AQ15:AQ45) -> 480.152 | AR47: =SUM(AR15:AR45) -> 0 | AS47: =SUM(AS15:AS45) -> 0 | AU47: =SUM(AU15:AU45) -> 0.04 | AV47: =AVERAGE(AV15:AV45) -> 66.645161 | AW47: =AVERAGE(AW15:AW45) -> 37.806452 | AX47: AVG | AY47: =SUM(AY15:AY45) -> 302.36025
A48: MONTH / AF | D48: =SUM(D15:D45) -> 56192 | F48: =F47*$D$2 -> 56192 | G48: =G47*$D$2 -> 96588.516 | H48: =H47*$D$2 -> 2778.6851 | I48: =I47*$D$2 -> 99367.201 | J48: =J47*$D$2 -> 4068.242 | K48: =K47*$D$2 -> 103435.44 | L48: =L47*$D$2 -> 2975.0917 | M48: =M47*$D$2 -> 16006.845 | ... X48: =X47*$D$2 -> 21461.999 | Z48: =Z47*$D$2 -> 11397.191 | AD48: =AD47*$D$2 -> 6180.9827 | AE48: =AE47*$D$2 -> 104.53045 | AF48: =AF47*$D$2 -> 79.93505 | AG48: =AG47*$D$2 -> 14197.893 | AI48: =AI47*$D$2 -> 11397.191 | AJ48: =AJ47*$D$2 -> 46150.293 | AK48: =AK47*$D$2 -> 1093.1503 | AL48: =AL47*$D$2 -> 47243.443 | AN48: =AN47*$D$2 -> 0 | AP48: =SUM(AP15:AP45) -> 347.79709 | AQ48: =AQ47*$D$2 -> 952.38149 | AR48: =AR47*$D$2 -> 0 | AS48: =AS47*$D$2 -> 0 | AV48: =MAX(AV15:AV45) -> 83 | AW48: =MAX(AW15:AW45) -> 52 | AX48: HI | AY48: =AY47*$D$2 -> 599.73155
A50: SEASON / CFS | F50: =F12+F47 -> 65487.27 | G50: =G12+G47 -> 74272 | H50: =H12+H47 -> 5272.9 | I50: =I12+I47 -> 79544.9 | J50: =J12+J47 -> 13555.835 | K50: =K12+K47 -> 93100.735 | L50: =L12+L47 -> 12995.27 | M50: =M12+M47 -> 10337.9 | ... P50: =P12+P47 -> 6.69 | U50: =U12+U47 -> 3620 | V50: =V12+V47 -> 1712.1 | W50: =W12+W47 -> 11766.877 | X50: =X12+X47 -> 11766.877 | Y50: =Y45 -> 22535.114 | Z50: =Z12+Z47 -> 5746 | AD50: =AD12+AD47 -> 3295.9 | AE50: =AE12+AE47 -> 103.7 | AF50: =AF12+AF47 -> 79.3 | AI50: =AI12+AI47 -> 5746 | AJ50: =AJ12+AJ47 -> 27052.9 | AK50: =AK12+AK47 -> 560.56511 | AL50: =AL12+AL47 -> 27613.465 | AQ50: =AQ12+AQ47 -> 480.152 | AR50: =AR12+AR47 -> 0 | AS50: =AS12+AS47 -> 0 | AV50: =MIN(AV15:AV45) -> 45 | AW50: =MIN(AW15:AW45) -> 25 | AX50: LO | AY50: =AY12+AY47 -> 302.36025
A51: SEASON / AF | F51: =F50*$D$2 -> 129894 | G51: =G50*$D$2 -> 147318.51 | H51: =H50*$D$2 -> 10458.797 | I51: =I50*$D$2 -> 157777.31 | J51: =J50*$D$2 -> 26887.999 | K51: =K50*$D$2 -> 184665.31 | L51: =L50*$D$2 -> 25776.118 | M51: =M50*$D$2 -> 20505.225 | ... P51: =P50*$D$2 -> 13.269615 | U51: =U50*$D$2 -> 7180.27 | V51: =V50*$D$2 -> 3395.9504 | W51: =W50*$D$2 -> 23339.6 | X51: =X50*$D$2 -> 23339.6 | Y51: =Y50*$D$2 -> 44698.399 | Z51: =Z50*$D$2 -> 11397.191 | AD51: =AD50*$D$2 -> 6537.4177 | AE51: =AE50*$D$2 -> 205.68895 | AF51: =AF50*$D$2 -> 157.29155 | AI51: =AI50*$D$2 -> 11397.191 | AJ51: =AJ50*$D$2 -> 53659.427 | AK51: =AK50*$D$2 -> 1111.8809 | AL51: =AL50*$D$2 -> 54771.308 | AP51: =AP12+AP48 -> 431.52918 | AQ51: =AQ50*$D$2 -> 952.38149 | AR51: =AR50*$D$2 -> 0 | AS51: =AS50*$D$2 -> 0 | AY51: =AY50*$D$2 -> 599.73155
A53: YTD / CFS | F53: =F13+F47 -> 61550.794 | G53: =G13+G47 -> 80975 | H53: =H13+H47 -> 5501.49 | I53: =I13+I47 -> 86476.49 | J53: =J13+J47 -> 15298.201 | K53: =K13+K47 -> 101774.69 | L53: =L13+L47 -> 13828.704 | M53: =M13+M47 -> 11033.3 | ... X53: =X13+X47 -> 18247.211 | AG53: =AG13+AG47 -> 12661 | AH53: =AH45 -> 13690.258 | AI53: =AI13+AI47 -> 5746 | AJ53: =AJ13+AJ47 -> 38754.4 | AK53: =AK13+AK47 -> 1469.4966 | AL53: =AL13+AL47 -> 40223.897 | AN53: =AN13+AN47 -> 40.5 | AQ53: =AQ13+AQ47 -> 480.152 | AR53: =AR13+AR47 -> 0 | AU53: =AU13+AU47 -> 6.42 | AY53: =AY13+AY47 -> 1081.7041
A54: YTD / AF | D54: =D13+D48 -> 122086 | E54: =E45 -> 229429 | F54: =F53*$D$2 -> 122086 | G54: =G53*$D$2 -> 160613.91 | H54: =H53*$D$2 -> 10912.205 | I54: =I53*$D$2 -> 171526.12 | J54: =J53*$D$2 -> 30343.981 | K54: =K53*$D$2 -> 201870.1 | L54: =L53*$D$2 -> 27429.234 | M54: =M53*$D$2 -> 21884.551 | ... X54: =X53*$D$2 -> 36193.344 | AG54: =AG53*$D$2 -> 25113.093 | AH54: =AH53*$D$2 -> 27154.626 | AI54: =AI53*$D$2 -> 11397.191 | AJ54: =AJ53*$D$2 -> 76869.352 | AK54: =AK53*$D$2 -> 2914.7466 | AL54: =AL53*$D$2 -> 79784.099 | AM54: =AM45 -> 14971.26 | AN54: =AN53*$D$2 -> 80.33175 | AP54: =AP13+AP48 -> 431.52918 | AQ54: =AQ53*$D$2 -> 952.38149 | AR54: =AR53*$D$2 -> 0 | AY54: =AY53*$D$2 -> 2145.56

Sheet JUN
K1: MCPHEE RESERVOIR INFLOW/OUTFLOW TABULATION
A2: AF/cfs CONVERT FACTOR | D2: 1.9835 | K2: JUNE "2010"
D4: RESERVOIR | U4: INFLOW/OUTFLOW (CFS) | AO4: ADJUSTMENTS | AV4: WEATHER
A5: DATE | B5: RESERV | C5: RESERV | D5: AC FT | E5: ACTIVE | F5: CONV TO | G5: DOLORES | H5: LOST | I5: RECORD | J5: CALC | K5: TOTAL | L5: CALC | M5: DOLORES TUNNEL | U5: LONE | V5: U | W5: TOTAL | X5: TOTAL | Y5: MVI | Z5: MVI | AA5: MVI | AB5: TO EX & | AC5: MVI | AD5: DV CR | AE5: D/S SENIOR | AG5: BELOW | AH5: FISH | AI5: SPILL | AJ5: RECORD | AK5: CALC | AL5: TOTAL | AM5: NAR | AN5: MVI | AO5: MVI | AP5: MVI | AQ5: DIST. | AR5: U/S | AS5: TOTTEN | AT5: UTES | AU5: RAIN | AV5: MAX | AW5: MIN | AY5: TOTAL
A6: JUN | B6: ELEV | D6: CHANGE | E6: CAP | F6: CFS | G6: RIVER | H6: CAN | I6: INFLOW | J6: INFLOW | K6: INFLOW | L6: INF/OTF | M6: TOT DIV | N6: WET | O6: UTE | P6: QUEST | Q6: MWC | R6: CTZ | S6: CTZ & | T6: F-BAY | U6: PINE | V6: LAT | W6: MVI | X6: MVI | Y6: CALL | Z6: CALL | AA6: APR- | AB6: U/S EX | AC6: PROJ | AD6: CANAL | AG6: MCP | AH6: LEFT | AJ6: OTF | AK6: OTF | AL6: OTF | AM6: FILL | AN6: STOCK | AO6: STORED | AP6: STORED | AQ6: CLASS | AR6: USERS | AS6: (FRESH | AT6: FROM | AV6: TMP | AW6: TMP | AY6: TUNNEL
N7: LAND | O7: F&R | S7: UTE | T7: SPILL | W7: WATER | X7: IRRIG. | Y7: STOR | Z7: SPILLED | AA7: JUNE | AN7: CFS | AO7: Apr - Jun | AP7: EVAP | AQ7: "B" | AR7: EXCH | AS7: WATER) | AT7: DWCD | AY7: Misc.
W8: USED | X8: WATER | Z8: OR | AA8: (DIV+
X9: USED | Z9: USED | AA9: CALL) | AR9: 1475
C10: AC FT | E10: AC FT | G10: CFS | H10: CFS | I10: CFS | J10: CFS | K10: CFS | L10: CFS | M10: CFS | N10: CFS | O10: CFS | P10: CFS | Q10: CFS | R10: CFS | S10: PROJ | T10: CFS | U10: CFS | V10: CFS | W10: 153400 | X10: 150400 | Y10: CFS | AA10: 72000 | AB10: CFS | AC10: CFS | AD10: CFS | AE10: CFS | AF10: CFS | AG10: CFS | AH10: CFS | AI10: CFS | AJ10: CFS | AK10: CFS | AL10: CFS | AM10: AC FT | AN10: CFS | AO10: CFS | AP10: AC.FT. | AQ10: CFS | AR10: CFS | AS10: CFS | AT10: CFS | AY10: Outflow
N11: 1.03 | O11: 1.05 | P11: 1.02 | Q11: 1.02 | R11: 1.04 | S11: CFS | W11: CFS | X11: CFS | Y11: CFS | Z11: CFS | AA11: Ac. Ft. | AY11: CFS
A12: SEASON BAL | F12: =MAY!F50 -> 65487.27 | G12: =MAY!G50 -> 74272 | H12: =MAY!H50 -> 5272.9 | I12: =MAY!I50 -> 79544.9 | J12: =MAY!J50 -> 13555.835 | K12: =MAY!K50 -> 93100.735 | L12: =MAY!L50 -> 12995.27 | M12: =MAY!M50 -> 10337.9 | ... P12: =MAY!P50 -> 6.69 | U12: =MAY!U50 -> 3620 | V12: =MAY!V50 -> 1712.1 | W12: =MAY!W50 -> 11766.877 | X12: =MAY!X50 -> 11766.877 | Y12: =MAY!Y45 -> 22535.114 | Z12: =MAY!Z50 -> 5746 | AA12: =MAY!AA45 -> 65745.072 | AB12: =MAY!AB45 -> 1503.6697 | AD12: =MAY!AD50 -> 3295.9 | AE12: =MAY!AE50 -> 103.7 | AF12: =MAY!AF50 -> 79.3 | AI12: =MAY!AI50 -> 5746 | AJ12: =MAY!AJ50 -> 27052.9 | AK12: =MAY!AK50 -> 560.56511 | AL12: =MAY!AL50 -> 27613.465 | AP12: =MAY!AP51 -> 431.52918 | AQ12: =MAY!AQ50 -> 480.152 | AR12: =MAY!AR50 -> 0 | AS12: =MAY!AS50 -> 0
A13: YTD | B13: =MAY!B45 -> 6924.06 | C13: =MAY!C45 -> 381429 | D13: =MAY!D54 -> 122086 | E13: =MAY!E54 -> 229429 | F13: =MAY!F53 -> 61550.794 | G13: =MAY!G53 -> 80975 | H13: =MAY!H53 -> 5501.49 | I13: =MAY!I53 -> 86476.49 | J13: =MAY!J53 -> 15298.201 | K13: =MAY!K53 -> 101774.69 | L13: =MAY!L53 -> 13828.704 | M13: =MAY!M53 -> 11033.3 | ... O13: =MAY!O53 -> 3908.2365 | Q13: =MAY!Q53 -> 365.38746 | R13: =MAY!R53 -> 573.82 | S13: =MAY!S53 -> 42.64 | T13: =MAY!T53 -> -22.57716 | U13: =MAY!U53 -> 10011.6 | V13: =MAY!V53 -> 1752.6 | W13: =MAY!W53 -> 18287.711 | X13: =MAY!X53 -> 18247.211 | AG13: =MAY!AG53 -> 12661 | AH13: =MAY!AH53 -> 13690.258 | AI13: =MAY!AI53 -> 5746 | AJ13: =MAY!AJ53 -> 38754.4 | AK13: =MAY!AK53 -> 1469.4966 | AL13: =MAY!AL53 -> 40223.897 | AM13: =MAY!AM54 -> 14971.26 | AN13: =MAY!AN53 -> 40.5 | AP13: =MAY!AP54 -> 431.52918 | AQ13: =MAY!AQ53 -> 480.152 | AR13: =MAY!AR53 -> 0 | AS13: =MAY!AS53 -> 0 | AU13: =MAY!AU53 -> 6.42 | AY13: =MAY!AY53 -> 1081.7041
O14: 0 | V14: 0
A15: 1 | B15: 6924.08 | C15: 381519 | D15: =C15-C13 -> 90 | E15: =C15-152000 -> 229519 | F15: =D15/$D$2 -> 45.374338 | G15: 1810 | H15: 2.6 | I15: =G15+H15 -> 1812.6 | J15: =IF(L15>0,L15,0) -> 14.774338 | K15: =I15+J15 -> 1827.3743 | L15: =F15-(I15-AJ15) -> 14.774338 | M15: 344 | N15: =1.8299*1.03 -> 1.884797 | O15: =(36+35)*1.05 -> 74.55 | P15: 0.62 | Q15: =2.988*1.02 -> 3.04776 | R15: 4.2 | S15: 3.6 | T15: 0 | U15: 136 | V15: 76 | W15: =M15-N16-O15-P15-Q15-R15-S15-T15+U15+V15-AS15+AQ15 -> 494.39744 | X15: =W15-AN15 -> 494.39744 | Y15: =Y12+AO15-AI15 -> 21572.114 | Z15: =AI15 -> 963 | AA15: =AA12+(X15+AO15-Z15)*1.9835 -> 64815.599 | AB15: =AB12-(MAY!AP45/1.9835) -> 1498.7137 | AD15: 263 | AE15: 1.7 | AF15: 1.3 | AG15: 963 | AH15: =AH13 -> 13690.258 | AI15: =AG15 -> 963 | AJ15: =N16+O15+P15+Q15+R15+S15+T15+W15+AD15+AG15-AQ15 -> 1782 | AK15: =IF(L15<0,L15*-1,0) -> 0 | AL15: =AJ15+AK15 -> 1782 | AM15: =AM13 -> 14971.26 | AO15: 0 | AP15: =64*(Y15*1.9835+AB15*1.9835)/E15 -> 12.760177 | AQ15: 26.3 | AU15: 0 | AV15: 73 | AW15: 44 | AY15: =SUM(N16,P15:T15) -> 13.352557
A16: =A15+1 -> 2 | B16: 6924.08 | C16: 381519 | D16: =C16-C15 -> 0 | E16: =C16-152000 -> 229519 | F16: =D16/$D$2 -> 0 | G16: 1650 | H16: 1.8 | I16: =G16+H16 -> 1651.8 | J16: =IF(L16>0,L16,0) -> 0 | K16: =I16+J16 -> 1651.8 | L16: =F16-(I16-AJ16) -> -15.8 | M16: 344 | N16: =1.8299*1.03 -> 1.884797 | O16: =(40+39)*1.05 -> 82.95 | P16: 0 | Q16: =2.988*1.02 -> 3.04776 | R16: 4.2 | S16: 3.11 | T16: 0 | U16: 136 | V16: 77 | W16: =M16-N17-O16-P16-Q16-R16-S16-T16+U16+V16-AS16+AQ16 -> 488.10744 | X16: =W16-AN16 -> 488.10744 | Y16: =Y15+AO16-AI16 -> 20750.114 | Z16: =AI16 -> 822 | AA16: =AA15+(X16+AO16-Z16)*1.9835 -> 64153.323 | AB16: =AB15-(AP15/1.9835) -> 1492.2806 | AD16: 257 | AE16: 1.7 | AF16: 1.3 | AG16: 822 | AH16: =AH15 -> 13690.258 | AI16: =AG16 -> 822 | AJ16: =N17+O16+P16+Q16+R16+S16+T16+W16+AD16+AG16-AQ16 -> 1636 | AK16: =IF(L16<0,L16*-1,0) -> 15.8 | AL16: =AJ16+AK16 -> 1651.8 | AM16: =AM15 -> 14971.26 | AO16: 0 | AP16: =64*(Y16*1.9835+AB16*1.9835)/E16 -> 12.301982 | AQ16: 26.3 | AU16: 0 | AV16: 76 | AW16: 48 | AY16: =SUM(N17,P16:T16) -> 12.242557
