Workbook

Sheet NOV
K1: MCPHEE RESERVOIR INFLOW/OUTFLOW TABULATION
A2: AF/cfs CONVERT FACTOR | D2: 1.9835 | L2: NOVEMBER "2012"
D4: RESERVOIR | I4: INFLOW | X4: OUTFLOW | AP4: ADJUSTMENTS | AW4: WEATHER
A5: DATE | B5: RESERV | C5: RESERV | D5: AC FT | E5: ACTIVE | F5: CONV TO | G5: DOLORES | H5: LOST | I5: RECORD | J5: CALC | K5: TOTAL | L5: CALC | M5: DOLORES TUNNEL | V5: LONE | W5: U | X5: TOTAL | Y5: TOTAL | Z5: MVI | AA5: MVI | AB5: MVI | AC5: TO EX & | AD5: MVI | AE5: DV CR | AF5: D/S SENIOR | AH5: BELOW | AI5: FISH | AJ5: SPILL | AK5: RECORD | AL5: CALC | AM5: TOTAL | AN5: NAR | AO5: MVI | AP5: MVI | AQ5: MVI | AR5: DIST. | AS5: U/S | AT5: TOTTEN | AU5: UTES | AV5: RAIN | AW5: MAX | AX5: MIN | AZ5: TOTAL
A6: NOV | B6: ELEV | D6: CHANGE | E6: CAP | F6: CFS | G6: RIVER | H6: CAN | I6: INFLOW | J6: INFLOW | K6: INFLOW | L6: INF/OTF | M6: TOT DIV | N6: WET | O6: UTE | P6: QUEST | Q6: MWC | R6: CORTEZ | T6: UTE | U6: F-BAY | V6: PINE | W6: LAT | X6: MVI | Y6: MVI | Z6: CALL | AA6: CALL | AB6: APR- | AC6: U/S EX | AD6: PROJ | AE6: CANAL | AF6: MVIC | AG6: PROJ | AH6: MCP | AI6: LEFT | AK6: OTF | AL6: OTF | AM6: OTF | AN6: FILL | AO6: STOCK | AP6: STORED | AQ6: STORED | AR6: CLASS | AS6: USERS | AT6: (FRESH | AU6: FROM | AW6: TMP | AX6: TMP | AZ6: TUNNEL
N7: LAND | O7: F&R | Q7: NON - | R7: NON - | S7: PROJ | T7: PROJ | U7: BAL | X7: WATER | Y7: IRRIG. | Z7: STOR | AA7: SPILLED | AB7: JUNE | AF7: 1.7 | AG7: 1.3 | AI7: 31798 | AP7: Apr - Jun | AQ7: EVAP | AR7: "B" | AS7: EXCH | AT7: WATER) | AU7: DWCD | AZ7: Misc.
Q8: PROJ | R8: PROJ | X8: USED | Y8: WATER | AA8: OR | AB8: (DIV+
R9: 4.2 | Y9: USED | AA9: USED | AB9: CALL)
C10: AC. Ft. | E10: AC FT | G10: CFS | H10: CFS | I10: CFS | J10: CFS | K10: CFS | L10: CFS | M10: CFS | N10: CFS | O10: CFS | P10: CFS | Q10: CFS | R10: CFS | S10: CFS | T10: CFS | U10: CFS | V10: CFS | W10: CFS | X10: 153400 | Y10: 150400 | AB10: 72000 | AC10: CFS | AD10: CFS | AE10: CFS | AF10: CFS | AG10: CFS | AH10: CFS | AI10: CFS | AJ10: CFS | AK10: CFS | AL10: CFS | AM10: CFS | AN10: CFS | AO10: CFS | AP10: CFS | AQ10: AC.FT. | AR10: CFS | AS10: CFS | AT10: CFS | AU10: CFS | AZ10: Outflow
N11: 1.03 | O11: 1.05 | P11: 1.02 | Q11: 1.02 | R11: 1.04 | T11: 1.04 | X11: CFS | Y11: CFS | Z11: CFS | AA11: CFS | AB11: Ac. Ft. | AZ11: CFS
A12: SEASON BAL
A13: YTD | B13: 6872.71 | C13: 195155 | AI13: 4247
A15: 1 | B15: 6872.7 | C15: 195127 | D15: =C15-C13 -> -28 | E15: =C15-152000 -> 43127 | F15: =D15/$D$2 -> -14.116461 | G15: 29 | H15: 0 | I15: =G15+H15 -> 29 | J15: =IF(L15>0,L15,0) -> 0 | K15: =I15+J15 -> 29 | L15: =F15-(I15-AK15) -> -9.8164608 | M15: 4.27 | N15: 0 | O15: =4.6*1.05 -> 4.83 | P15: 0 | Q15: =924900/325851/1.9835*1.02 -> 1.459633 | R15: =((2.3)*1.04)-T15 -> 1.9792614 | S15: 0 | T15: =(0.3744*1.06)*1.04 -> 0.41273856 | U15: =M15-(Q15+R15+S15+T15) -> 0.41836695 | V15: 0 | W15: 0 | X15: =M15-N15-P15-Q15-R15-S15-T15-U15+V15+W15 -> 0 | Y15: =X15-AO15 -> 0 | AE15: 0 | AH15: 24.2 | AI15: =AI13-AH15 -> 4222.8 | AK15: =N15+O15+P15+Q15+R15+S15+T15+U15+X15+AE15+AH15 -> 33.3 | AL15: =IF(L15<0,L15*-1,0) -> 9.8164608 | AM15: =AK15+AL15 -> 43.116461 | AV15: 0 | AW15: 71 | AX15: 34 | AZ15: =SUM(N15,P15:U15) -> 4.27
A16: =A15+1 -> 2 | B16: 6872.69 | C16: 195100 | D16: =C16-C15 -> -27 | E16: =C16-152000 -> 43100 | F16: =D16/$D$2 -> -13.612301 | G16: 29 | H16: 0 | I16: =G16+H16 -> 29 | J16: =IF(L16>0,L16,0) -> 0 | K16: =I16+J16 -> 29 | L16: =F16-(I16-AK16) -> -14.832301 | M16: 3.58 | N16: 0 | O16: 0 | P16: 0 | Q16: =982700/325851/1.9835*1.02 -> 1.5508503 | R16: =((2.3)*1.04)-T16 -> 1.8559029 | S16: 0 | T16: =(0.4863*1.06)*1.04 -> 0.53609712 | U16: =M16-(Q16+R16+S16+T16) -> -0.36285025 | V16: 0 | W16: 0 | X16: =M16-N16-P16-O16-Q16-R16-S16-T16-U16+V16+W16 -> 0 | Y16: =X16-AO16 -> 0 | AE16: 0 | AH16: 24.2 | AI16: =AI15-AH16 -> 4198.6 | AK16: =N16+O16+P16+Q16+R16+S16+T16+U16+X16+AE16+AH16 -> 27.78 | AL16: =IF(L16<0,L16*-1,0) -> 14.832301 | AM16: =AK16+AL16 -> 42.612301 | AV16: 0 | AW16: 65 | AX16: 35 | AZ16: =SUM(N16,P16:U16) -> 3.58
A17: =A16+1 -> 3 | B17: 6872.69 | C17: 195100 | D17: =C17-C16 -> 0 | E17: =C17-152000 -> 43100 | F17: =D17/$D$2 -> 0 | G17: 28 | H17: 0 | I17: =G17+H17 -> 28 | J17: =IF(L17>0,L17,0) -> 0.8 | K17: =I17+J17 -> 28.8 | L17: =F17-(I17-AK17) -> 0.8 | M17: 4.4 | N17: 0 | O17: 0 | P17: 0 | Q17: =1131900/325851/1.9835*1.02 -> 1.7863106 | R17: =((2.3)*1.04)-T17 -> 1.8559029 | S17: 0 | T17: =(0.4863*1.06)*1.04 -> 0.53609712 | U17: =M17-(Q17+R17+S17+T17) -> 0.22168943 | V17: 0 | W17: 0 | X17: =M17-N17-P17-O17-Q17-R17-S17-T17-U17+V17+W17 -> 0 | Y17: =X17-AO17 -> 0 | AE17: 0 | AH17: 24.4 | AI17: =AI16-AH17 -> 4174.2 | AK17: =N17+O17+P17+Q17+R17+S17+T17+U17+X17+AE17+AH17 -> 28.8 | AL17: =IF(L17<0,L17*-1,0) -> 0 | AM17: =AK17+AL17 -> 28.8 | AV17: 0 | AW17: 66 | AX17: 31 | AZ17: =SUM(N17,P17:U17) -> 4.4
A18: =A17+1 -> 4 | B18: 6872.69 | C18: 195100 | D18: =C18-C17 -> 0 | E18: =C18-152000 -> 43100 | F18: =D18/$D$2 -> 0 | G18: 27 | H18: 0 | I18: =G18+H18 -> 27 | J18: =IF(L18>0,L18,0) -> 1.79 | K18: =I18+J18 -> 28.79 | L18: =F18-(I18-AK18) -> 1.79 | M18: 4.19 | N18: 0 | O18: 0 | P18: 0 | Q18: =1211700/325851/1.9835*1.02 -> 1.9122471 | R18: =((2.3)*1.04)-T18 -> 1.8559029 | S18: 0 | T18: =(0.4863*1.06)*1.04 -> 0.53609712 | U18: =M18-(Q18+R18+S18+T18) -> -0.11424713 | V18: 0 | W18: 0 | X18: =M18-N18-P18-O18-Q18-R18-S18-T18-U18+V18+W18 -> -4.4408921e-16 | Y18: =X18-AO18 -> -4.4408921e-16 | AE18: 0 | AH18: 24.6 | AI18: =AI17-AH18 -> 4149.6 | AK18: =N18+O18+P18+Q18+R18+S18+T18+U18+X18+AE18+AH18 -> 28.79 | AL18: =IF(L18<0,L18*-1,0) -> 0 | AM18: =AK18+AL18 -> 28.79 | AV18: 0 | AW18: 67 | AX18: 30 | AZ18: =SUM(N18,P18:U18) -> 4.19
A19: =A18+1 -> 5 | B19: 6872.64 | C19: 194962 | D19: =C19-C18 -> -138 | E19: =C19-152000 -> 42962 | F19: =D19/$D$2 -> -69.573985 | G19: 29 | H19: 0 | I19: =G19+H19 -> 29 | J19: =IF(L19>0,L19,0) -> 0 | K19: =I19+J19 -> 29 | L19: =F19-(I19-AK19) -> -5.0684854 | M19: 31 | N19: 0 | O19: =3.91*1.05 -> 4.1055 | P19: 0 | Q19: =1029600/325851/1.9835*1.02 -> 1.6248656 | R19: =((2.3)*1.04)-T19 -> 1.8559029 | S19: 0 | T19: =(0.4863*1.06)*1.04 -> 0.53609712 | U19: 0 | V19: 20.1 | W19: 13.6 | X19: =M19-N19-P19-Q19-R19-S19-T19-U19+V19+W19 -> 60.683134 | Y19: =X19-AO19 -> 0 | AE19: 0 | AH19: 24.7 | AI19: =AI18-AH19 -> 4124.9 | AK19: =N19+O19+P19+Q19+R19+S19+T19+U19+X19+AE19+AH19 -> 93.5055 | AL19: =IF(L19<0,L19*-1,0) -> 5.0684854 | AM19: =AK19+AL19 -> 98.573985 | AO19: =X19-AN19 -> 60.683134 | AV19: 0 | AW19: 71 | AX19: 38 | AZ19: =SUM(N19,P19:U19) -> 4.0168656
A20: =A19+1 -> 6 | B20: 6872.56 | C20: 194742 | D20: =C20-C19 -> -220 | E20: =C20-152000 -> 42742 | F20: =D20/$D$2 -> -110.91505 | G20: 29 | H20: 0 | I20: =G20+H20 -> 29 | J20: =IF(L20>0,L20,0) -> 0 | K20: =I20+J20 -> 29 | L20: =F20-(I20-AK20) -> -20.715049 | M20: 46.2 | N20: 0 | O20: 0 | P20: 0 | Q20: =1071200/325851/1.9835*1.02 -> 1.6905167 | R20: =((2.4)*1.04)-T20 -> 1.9599029 | S20: 0 | T20: =(0.4863*1.06)*1.04 -> 0.53609712 | U20: 0 | V20: 29 | W20: 19.2 | X20: =M20-N20-P20-O20-Q20-R20-S20-T20-U20+V20+W20 -> 90.213483 | Y20: =X20-AO20 -> 0 | AE20: 0 | AH20: 24.8 | AI20: =AI19-AH20 -> 4100.1 | AK20: =N20+O20+P20+Q20+R20+S20+T20+U20+X20+AE20+AH20 -> 119.2 | AL20: =IF(L20<0,L20*-1,0) -> 20.715049 | AM20: =AK20+AL20 -> 139.91505 | AO20: =X20-AN20 -> 90.213483 | AV20: 0 | AW20: 71 | AX20: 38 | AZ20: =SUM(N20,P20:U20) -> 4.1865167
A21: =A20+1 -> 7 | B21: 6872.49 | C21: 194549 | D21: =C21-C20 -> -193 | E21: =C21-152000 -> 42549 | F21: =D21/$D$2 -> -97.302748 | G21: 29 | H21: 0 | I21: =G21+H21 -> 29 | J21: =IF(L21>0,L21,0) -> 0 | K21: =I21+J21 -> 29 | L21: =F21-(I21-AK21) -> -8.1027477 | M21: 45.3 | N21: 0 | O21: 0 | P21: 0 | Q21: =1066900/325851/1.9835*1.02 -> 1.6837307 | R21: =((2.3)*1.04)-T21 -> 1.8559029 | S21: 0 | T21: =(0.4863*1.06)*1.04 -> 0.53609712 | U21: 0 | V21: 28.8 | W21: 19.3 | X21: =M21-N21-P21-O21-Q21-R21-S21-T21-U21+V21+W21 -> 89.324269 | Y21: =X21-AO21 -> 18 | AE21: 0 | AH21: 24.8 | AI21: =AI20-AH21 -> 4075.3 | AK21: =N21+O21+P21+Q21+R21+S21+T21+U21+X21+AE21+AH21 -> 118.2 | AL21: =IF(L21<0,L21*-1,0) -> 8.1027477 | AM21: =AK21+AL21 -> 126.30275 | AN21: 18 | AO21: =X21-AN21 -> 71.324269 | AV21: 0 | AW21: 69 | AX21: 33 | AZ21: =SUM(N21,P21:U21) -> 4.0757307
A22: =A21+1 -> 8 | B22: 6872.43 | C22: 194384 | D22: =C22-C21 -> -165 | E22: =C22-152000 -> 42384 | F22: =D22/$D$2 -> -83.186287 | G22: 28 | H22: 0 | I22: =G22+H22 -> 28 | J22: =IF(L22>0,L22,0) -> 12.413713 | K22: =I22+J22 -> 40.413713 | L22: =F22-(I22-AK22) -> 12.413713 | M22: 45 | N22: 0 | O22: 0 | P22: 0 | Q22: =1015700/325851/1.9835*1.02 -> 1.6029293 | R22: =((2.3)*1.04)-T22 -> 1.8559029 | S22: 0 | T22: =(0.4863*1.06)*1.04 -> 0.53609712 | U22: 0 | V22: 34.5 | W22: 19.4 | X22: =M22-N22-P22-O22-Q22-R22-S22-T22-U22+V22+W22 -> 94.905071 | Y22: =X22-AO22 -> 34.5 | AE22: 0 | AH22: 24.7 | AI22: =AI21-AH22 -> 4050.6 | AK22: =N22+O22+P22+Q22+R22+S22+T22+U22+X22+AE22+AH22 -> 123.6 | AL22: =IF(L22<0,L22*-1,0) -> 0 | AM22: =AK22+AL22 -> 123.6 | AN22: =V22 -> 34.5 | AO22: =X22-AN22 -> 60.405071 | AV22: 0 | AW22: 67 | AX22: 37 | AZ22: =SUM(N22,P22:U22) -> 3.9949293
A23: =A22+1 -> 9 | B23: 6872.42 | C23: 194357 | D23: =C23-C22 -> -27 | E23: =C23-152000 -> 42357 | F23: =D23/$D$2 -> -13.612301 | G23: 35 | H23: 0 | I23: =G23+H23 -> 35 | J23: =IF(L23>0,L23,0) -> 51.787699 | K23: =I23+J23 -> 86.787699 | L23: =F23-(I23-AK23) -> 51.787699 | M23: 32.1 | N23: 0 | O23: 0 | P23: 0 | Q23: =805700/325851/1.9835*1.02 -> 1.2715173 | R23: =((2.3)*1.04)-T23 -> 1.829335 | S23: 0 | T23: =(0.5104*1.06)*1.04 -> 0.56266496 | U23: 0 | V23: 30.5 | W23: 12.9 | X23: =M23-N23-P23-O23-Q23-R23-S23-T23-U23+V23+W23 -> 71.836483 | Y23: =X23-AO23 -> 30.5 | AE23: 0 | AH23: 24.9 | AI23: =AI22-AH23 -> 4025.7 | AK23: =N23+O23+P23+Q23+R23+S23+T23+U23+X23+AE23+AH23 -> 100.4 | AL23: =IF(L23<0,L23*-1,0) -> 0 | AM23: =AK23+AL23 -> 100.4 | AN23: =V23 -> 30.5 | AO23: =X23-AN23 -> 41.336483 | AV23: 0.23 | AW23: 62 | AX23: 42 | AZ23: =SUM(N23,P23:U23) -> 3.6635173
A24: =A23+1 -> 10 | B24: 6872.46 | C24: 194467 | D24: =C24-C23 -> 110 | E24: =C24-152000 -> 42467 | F24: =D24/$D$2 -> 55.457525 | G24: 53 | H24: 0 | I24: =G24+H24 -> 53 | J24: =IF(L24>0,L24,0) -> 52.027525 | K24: =I24+J24 -> 105.02752 | L24: =F24-(I24-AK24) -> 52.027525 | M24: 4.27 | N24: 0 | O24: 0 | P24: 0 | Q24: =1065500/325851/1.9835*1.02 -> 1.6815213 | R24: =((2.3)*1.04)-T24 -> 1.829335 | S24: 0 | T24: =(0.5104*1.06)*1.04 -> 0.56266496 | U24: =M24-(Q24+R24+S24+T24) -> 0.19647874 | V24: 20.3 | W24: 0 | X24: =M24-N24-P24-O24-Q24-R24-S24-T24-U24+V24+W24 -> 20.3 | Y24: =X24-AO24 -> 20.3 | AE24: 0 | AH24: 25 | AI24: =AI23-AH24 -> 4000.7 | AK24: =N24+O24+P24+Q24+R24+S24+T24+U24+X24+AE24+AH24 -> 49.57 | AL24: =IF(L24<0,L24*-1,0) -> 0 | AM24: =AK24+AL24 -> 49.57 | AN24: =V24 -> 20.3 | AO24: =X24-AN24 -> 0 | AV24: 0.12 | AW24: 50 | AX24: 16 | AZ24: =SUM(N24,P24:U24) -> 4.27
A25: =A24+1 -> 11 | B25: 6872.42 | C25: 194357 | D25: =C25-C24 -> -110 | E25: =C25-152000 -> 42357 | F25: =D25/$D$2 -> -55.457525 | G25: 38 | H25: 0 | I25: =G25+H25 -> 38 | J25: =IF(L25>0,L25,0) -> 0 | K25: =I25+J25 -> 38 | L25: =F25-(I25-AK25) -> -41.917525 | M25: 3.94 | N25: 0 | O25: 0 | P25: 0 | Q25: =1072500/325851/1.9835*1.02 -> 1.6925683 | R25: =((2.3)*1.04)-T25 -> 1.829335 | S25: 0 | T25: =(0.5104*1.06)*1.04 -> 0.56266496 | U25: =M25-(Q25+R25+S25+T25) -> -0.14456833 | V25: 22.7 | W25: 0 | X25: =M25-N25-P25-O25-Q25-R25-S25-T25-U25+V25+W25 -> 22.7 | Y25: =X25-AO25 -> 22.7 | AE25: 0 | AH25: 24.9 | AI25: =AI24-AH25 -> 3975.8 | AK25: =N25+O25+P25+Q25+R25+S25+T25+U25+X25+AE25+AH25 -> 51.54 | AL25: =IF(L25<0,L25*-1,0) -> 41.917525 | AM25: =AK25+AL25 -> 93.457525 | AN25: =V25 -> 22.7 | AO25: =X25-AN25 -> 0 | AV25: 0 | AW25: 33 | AX25: 12 | AZ25: =SUM(N25,P25:U25) -> 3.94
A26: =A25+1 -> 12 | B26: 6872.41 | C26: 194329 | D26: =C26-C25 -> -28 | E26: =C26-152000 -> 42329 | F26: =D26/$D$2 -> -14.116461 | G26: 27 | H26: 0 | I26: =G26+H26 -> 27 | J26: =IF(L26>0,L26,0) -> 0 | K26: =I26+J26 -> 27 | L26: =F26-(I26-AK26) -> -1.8064608 | M26: 3.91 | N26: 0 | O26: 0 | P26: 0 | Q26: =1116500/325851/1.9835*1.02 -> 1.762007 | R26: =((2.3)*1.04)-T26 -> 1.829335 | S26: 0 | T26: =(0.5104*1.06)*1.04 -> 0.56266496 | U26: =M26-(Q26+R26+S26+T26) -> -0.24400703 | V26: 10.5 | W26: 0 | X26: =M26-N26-P26-O26-Q26-R26-S26-T26-U26+V26+W26 -> 10.5 | Y26: =X26-AO26 -> 10.5 | AE26: 0 | AH26: 24.9 | AI26: =AI25-AH26 -> 3950.9 | AK26: =N26+O26+P26+Q26+R26+S26+T26+U26+X26+AE26+AH26 -> 39.31 | AL26: =IF(L26<0,L26*-1,0) -> 1.8064608 | AM26: =AK26+AL26 -> 41.116461 | AN26: =V26 -> 10.5 | AO26: =X26-AN26 -> 0 | AV26: 0.03 | AW26: 45 | AX26: 12 | AZ26: =SUM(N26,P26:U26) -> 3.91
A27: =A26+1 -> 13 | B27: 6872.4 | C27: 194302 | D27: =C27-C26 -> -27 | E27: =C27-152000 -> 42302 | F27: =D27/$D$2 -> -13.612301 | G27: 35 | H27: 0 | I27: =G27+H27 -> 35 | J27: =IF(L27>0,L27,0) -> 0 | K27: =I27+J27 -> 35 | L27: =F27-(I27-AK27) -> -18.802301 | M27: 3.44 | N27: 0 | O27: 0 | P27: 0 | Q27: =841800/325851/1.9835*1.02 -> 1.3284886 | R27: =((0)*1.04)-T27 -> -0.56266496 | S27: 0 | T27: =(0.5104*1.06)*1.04 -> 0.56266496 | U27: =M27-(Q27+R27+S27+T27) -> 2.1115114 | V27: 2.07 | W27: 0 | X27: =M27-N27-P27-O27-Q27-R27-S27-T27-U27+V27+W27 -> 2.07 | Y27: =X27-AO27 -> 2.07 | AE27: 0 | AH27: 24.3 | AI27: =AI26-AH27 -> 3926.6 | AK27: =N27+O27+P27+Q27+R27+S27+T27+U27+X27+AE27+AH27 -> 29.81 | AL27: =IF(L27<0,L27*-1,0) -> 18.802301 | AM27: =AK27+AL27 -> 48.612301 | AN27: =V27 -> 2.07 | AO27: =X27-AN27 -> 0 | AV27: 0.01 | AW27: 54 | AX27: 22 | AZ27: =SUM(N27,P27:U27) -> 3.44
A28: =A27+1 -> 14 | B28: 6872.39 | C28: 194279 | D28: =C28-C27 -> -23 | E28: =C28-152000 -> 42279 | F28: =D28/$D$2 -> -11.595664 | G28: 40 | H28: 0 | I28: =G28+H28 -> 40 | J28: =IF(L28>0,L28,0) -> 0 | K28: =I28+J28 -> 40 | L28: =F28-(I28-AK28) -> -24.135664 | M28: 4.36 | N28: 0 | O28: 0 | P28: 0 | Q28: =943200/325851/1.9835*1.02 -> 1.4885132 | R28: =((2.3)*1.04)-T28 -> 1.829335 | S28: 0 | T28: =(0.5104*1.06)*1.04 -> 0.56266496 | U28: =M28-(Q28+R28+S28+T28) -> 0.47948676 | V28: 0 | W28: 0 | X28: =M28-N28-P28-O28-Q28-R28-S28-T28-U28+V28+W28 -> 0 | Y28: =X28-AO28 -> 0 | AE28: 0 | AH28: 23.1 | AI28: =AI27-AH28 -> 3903.5 | AK28: =N28+O28+P28+Q28+R28+S28+T28+U28+X28+AE28+AH28 -> 27.46 | AL28: =IF(L28<0,L28*-1,0) -> 24.135664 | AM28: =AK28+AL28 -> 51.595664 | AN28: =V28 -> 0 | AO28: =X28-AN28 -> 0 | AV28: 0 | AW28: 57 | AX28: 24 | AZ28: =SUM(N28,P28:U28) -> 4.36
A29: =A28+1 -> 15 | B29: 6872.38 | C29: 194246 | D29: =C29-C28 -> -33 | E29: =C29-152000 -> 42246 | F29: =D29/$D$2 -> -16.637257 | G29: 40 | H29: 0 | I29: =G29+H29 -> 40 | J29: =IF(L29>0,L29,0) -> 0 | K29: =I29+J29 -> 40 | L29: =F29-(I29-AK29) -> -22.137257 | M29: 4.61 | N29: 0 | O29: 0 | P29: 0 | Q29: =886700/325851/1.9835*1.02 -> 1.3993476 | R29: =((2.3)*1.04)-T29 -> 1.829335 | S29: 0 | T29: =(0.5104*1.06)*1.04 -> 0.56266496 | U29: =M29-(Q29+R29+S29+T29) -> 0.81865237 | V29: 6.99 | W29: 0 | X29: =M29-N29-P29-O29-Q29-R29-S29-T29-U29+V29+W29 -> 6.99 | Y29: =X29-AO29 -> 6.99 | AE29: 0 | AH29: 22.9 | AI29: =AI28-AH29 -> 3880.6 | AK29: =N29+O29+P29+Q29+R29+S29+T29+U29+X29+AE29+AH29 -> 34.5 | AL29: =IF(L29<0,L29*-1,0) -> 22.137257 | AM29: =AK29+AL29 -> 56.637257 | AN29: =V29 -> 6.99 | AO29: =X29-AN29 -> 0 | AV29: 0 | AW29: 60 | AX29: 26 | AZ29: =SUM(N29,P29:U29) -> 4.61
A30: =A29+1 -> 16 | B30: 6872.36 | C30: 194191 | D30: =C30-C29 -> -55 | E30: =C30-152000 -> 42191 | F30: =D30/$D$2 -> -27.728762 | G30: 44 | H30: 0 | I30: =G30+H30 -> 44 | J30: =IF(L30>0,L30,0) -> 0 | K30: =I30+J30 -> 44 | L30: =F30-(I30-AK30) -> -20.598762 | M30: 4.63 | N30: 0 | O30: 0 | P30: 0 | Q30: =888000/325851/1.9835*1.02 -> 1.4013992 | R30: =((2.3)*1.04)-T30 -> 1.8902978 | S30: 0 | T30: =(0.4551*1.06)*1.04 -> 0.50170224 | U30: =M30-(Q30+R30+S30+T30) -> 0.83660077 | V30: 23.6 | W30: 0 | X30: =M30-N30-P30-O30-Q30-R30-S30-T30-U30+V30+W30 -> 23.6 | Y30: =X30-AO30 -> 23.6 | AE30: 0 | AH30: 22.9 | AI30: =AI29-AH30 -> 3857.7 | AK30: =N30+O30+P30+Q30+R30+S30+T30+U30+X30+AE30+AH30 -> 51.13 | AL30: =IF(L30<0,L30*-1,0) -> 20.598762 | AM30: =AK30+AL30 -> 71.728762 | AN30: =V30 -> 23.6 | AO30: =X30-AN30 -> 0 | AV30: 0 | AW30: 61 | AX30: 34 | AZ30: =SUM(N30,P30:U30) -> 4.63
A31: =A30+1 -> 17 | B31: 6872.35 | C31: 194164 | D31: =C31-C30 -> -27 | E31: =C31-152000 -> 42164 | F31: =D31/$D$2 -> -13.612301 | G31: 46 | H31: 0 | I31: =G31+H31 -> 46 | J31: =IF(L31>0,L31,0) -> 0 | K31: =I31+J31 -> 46 | L31: =F31-(I31-AK31) -> -5.3523015 | M31: 3.96 | N31: 0 | O31: 0 | P31: 0 | Q31: =994300/325851/1.9835*1.02 -> 1.5691568 | R31: =((2.5)*1.04)-T31 -> 2.0982978 | S31: 0 | T31: =(0.4551*1.06)*1.04 -> 0.50170224 | U31: =M31-(Q31+R31+S31+T31) -> -0.20915682 | V31: 27.4 | W31: 0 | X31: =M31-N31-P31-O31-Q31-R31-S31-T31-U31+V31+W31 -> 27.4 | Y31: =X31-AO31 -> 27.4 | AE31: 0 | AH31: 22.9 | AI31: =AI30-AH31 -> 3834.8 | AK31: =N31+O31+P31+Q31+R31+S31+T31+U31+X31+AE31+AH31 -> 54.26 | AL31: =IF(L31<0,L31*-1,0) -> 5.3523015 | AM31: =AK31+AL31 -> 59.612301 | AN31: =V31 -> 27.4 | AO31: =X31-AN31 -> 0 | AV31: 0 | AW31: 61 | AX31: 36 | AZ31: =SUM(N31,P31:U31) -> 3.96
A32: =A31+1 -> 18 | B32: 6872.34 | C32: 194136 | D32: =C32-C31 -> -28 | E32: =C32-152000 -> 42136 | F32: =D32/$D$2 -> -14.116461 | G32: 43 | H32: 0 | I32: =G32+H32 -> 43 | J32: =IF(L32>0,L32,0) -> 0 | K32: =I32+J32 -> 43 | L32: =F32-(I32-AK32) -> -6.2664608 | M32: 3.85 | N32: 0 | O32: 0 | P32: 0 | Q32: =1146000/325851/1.9835*1.02 -> 1.8085625 | R32: =((2.5)*1.04)-T32 -> 2.0982978 | S32: 0 | T32: =(0.4551*1.06)*1.04 -> 0.50170224 | U32: =M32-(Q32+R32+S32+T32) -> -0.55856252 | V32: 24.1 | W32: 0 | X32: =M32-N32-P32-O32-Q32-R32-S32-T32-U32+V32+W32 -> 24.1 | Y32: =X32-AO32 -> 24.1 | AE32: 0 | AH32: 22.9 | AI32: =AI31-AH32 -> 3811.9 | AK32: =N32+O32+P32+Q32+R32+S32+T32+U32+X32+AE32+AH32 -> 50.85 | AL32: =IF(L32<0,L32*-1,0) -> 6.2664608 | AM32: =AK32+AL32 -> 57.116461 | AN32: =V32 -> 24.1 | AO32: =X32-AN32 -> 0 | AV32: 0.02 | AW32: 57 | AX32: 33 | AZ32: =SUM(N32,P32:U32) -> 3.85
A33: =A32+1 -> 19 | B33: 6872.33 | C33: 194109 | D33: =C33-C32 -> -27 | E33: =C33-152000 -> 42109 | F33: =D33/$D$2 -> -13.612301 | G33: 37 | H33: 0 | I33: =G33+H33 -> 37 | J33: =IF(L33>0,L33,0) -> 0.60769851 | K33: =I33+J33 -> 37.607699 | L33: =F33-(I33-AK33) -> 0.60769851 | M33: 4.62 | N33: 0 | O33: 0 | P33: 0 | Q33: =956900/325851/1.9835*1.02 -> 1.5101339 | R33: =((2.4)*1.04)-T33 -> 1.9942978 | S33: 0 | T33: =(0.4551*1.06)*1.04 -> 0.50170224 | U33: =M33-(Q33+R33+S33+T33) -> 0.61386608 | V33: 23 | W33: 0 | X33: =M33-N33-P33-O33-Q33-R33-S33-T33-U33+V33+W33 -> 23 | Y33: =X33-AO33 -> 23 | AE33: 0 | AH33: 23.6 | AI33: =AI32-AH33 -> 3788.3 | AK33: =N33+O33+P33+Q33+R33+S33+T33+U33+X33+AE33+AH33 -> 51.22 | AL33: =IF(L33<0,L33*-1,0) -> 0 | AM33: =AK33+AL33 -> 51.22 | AN33: =V33 -> 23 | AO33: =X33-AN33 -> 0 | AV33: 0 | AW33: 58 | AX33: 31 | AZ33: =SUM(N33,P33:U33) -> 4.62
A34: =A33+1 -> 20 | B34: 6872.31 | C34: 194054 | D34: =C34-C33 -> -55 | E34: =C34-152000 -> 42054 | F34: =D34/$D$2 -> -27.728762 | G34: 30 | H34: 0 | I34: =G34+H34 -> 30 | J34: =IF(L34>0,L34,0) -> 0 | K34: =I34+J34 -> 30 | L34: =F34-(I34-AK34) -> -6.9387623 | M34: 4.39 | N34: 0 | O34: 0 | P34: 0 | Q34: =944100/325851/1.9835*1.02 -> 1.4899336 | R34: =((2.4)*1.04)-T34 -> 1.9942978 | S34: 0 | T34: =(0.4551*1.06)*1.04 -> 0.50170224 | U34: =M34-(Q34+R34+S34+T34) -> 0.40406643 | V34: 22.2 | W34: 0 | X34: =M34-N34-P34-O34-Q34-R34-S34-T34-U34+V34+W34 -> 22.2 | Y34: =X34-AO34 -> 22.2 | AE34: 0 | AH34: 24.2 | AI34: =AI33-AH34 -> 3764.1 | AK34: =N34+O34+P34+Q34+R34+S34+T34+U34+X34+AE34+AH34 -> 50.79 | AL34: =IF(L34<0,L34*-1,0) -> 6.9387623 | AM34: =AK34+AL34 -> 57.728762 | AN34: =V34 -> 22.2 | AO34: =X34-AN34 -> 0 | AV34: 0 | AW34: 61 | AX34: 29 | AZ34: =SUM(N34,P34:U34) -> 4.39
A35: =A34+1 -> 21 | B35: 6872.29 | C35: 193999 | D35: =C35-C34 -> -55 | E35: =C35-152000 -> 41999 | F35: =D35/$D$2 -> -27.728762 | G35: 28 | H35: 0 | I35: =G35+H35 -> 28 | J35: =IF(L35>0,L35,0) -> 0 | K35: =I35+J35 -> 28 | L35: =F35-(I35-AK35) -> -5.2687623 | M35: 4.06 | N35: 0 | O35: 0 | P35: 0 | Q35: =902300/325851/1.9835*1.02 -> 1.4239668 | R35: =((2.4)*1.04)-T35 -> 1.9942978 | S35: 0 | T35: =(0.4551*1.06)*1.04 -> 0.50170224 | U35: =M35-(Q35+R35+S35+T35) -> 0.14003319 | V35: 22.2 | W35: 0 | X35: =M35-N35-P35-O35-Q35-R35-S35-T35-U35+V35+W35 -> 22.2 | Y35: =X35-AO35 -> 22.2 | AE35: 0 | AH35: 24.2 | AI35: =AI34-AH35 -> 3739.9 | AK35: =N35+O35+P35+Q35+R35+S35+T35+U35+X35+AE35+AH35 -> 50.46 | AL35: =IF(L35<0,L35*-1,0) -> 5.2687623 | AM35: =AK35+AL35 -> 55.728762 | AN35: =V35 -> 22.2 | AO35: =X35-AN35 -> 0 | AV35: 0 | AW35: 61 | AX35: 30 | AZ35: =SUM(N35,P35:U35) -> 4.06
A36: =A35+1 -> 22 | B36: 6872.28 | C36: 193971 | D36: =C36-C35 -> -28 | E36: =C36-152000 -> 41971 | F36: =D36/$D$2 -> -14.116461 | G36: 28 | H36: 0 | I36: =G36+H36 -> 28 | J36: =IF(L36>0,L36,0) -> 8.2735392 | K36: =I36+J36 -> 36.273539 | L36: =F36-(I36-AK36) -> 8.2735392 | M36: 3.99 | N36: 0 | O36: 0 | P36: 0 | Q36: =973500/325851/1.9835*1.02 -> 1.5363313 | R36: =((2.4)*1.04)-T36 -> 1.9942978 | S36: 0 | T36: =(0.4551*1.06)*1.04 -> 0.50170224 | U36: =M36-(Q36+R36+S36+T36) -> -0.042331251 | V36: 22.2 | W36: 0 | X36: =M36-N36-P36-O36-Q36-R36-S36-T36-U36+V36+W36 -> 22.2 | Y36: =X36-AO36 -> 22.2 | AE36: 0 | AH36: 24.2 | AI36: =AI35-AH36 -> 3715.7 | AK36: =N36+O36+P36+Q36+R36+S36+T36+U36+X36+AE36+AH36 -> 50.39 | AL36: =IF(L36<0,L36*-1,0) -> 0 | AM36: =AK36+AL36 -> 50.39 | AN36: =V36 -> 22.2 | AO36: =X36-AN36 -> 0 | AV36: 0 | AW36: 63 | AX36: 30 | AZ36: =SUM(N36,P36:U36) -> 3.99
A37: =A36+1 -> 23 | B37: 6872.26 | C37: 193916 | D37: =C37-C36 -> -55 | E37: =C37-152000 -> 41916 | F37: =D37/$D$2 -> -27.728762 | G37: 28 | H37: 0 | I37: =G37+H37 -> 28 | J37: =IF(L37>0,L37,0) -> 0 | K37: =I37+J37 -> 28 | L37: =F37-(I37-AK37) -> -5.3287623 | M37: 4 | N37: 0 | O37: 0 | P37: 0 | Q37: =911400/325851/1.9835*1.02 -> 1.438328 | R37: =((2.4)*1.04)-T37 -> 1.8853806 | S37: 0 | T37: =(0.5539*1.06)*1.04 -> 0.61061936 | U37: =M37-(Q37+R37+S37+T37) -> 0.065672006 | V37: 22.2 | W37: 0 | X37: =M37-N37-P37-O37-Q37-R37-S37-T37-U37+V37+W37 -> 22.2 | Y37: =X37-AO37 -> 22.2 | AE37: 0 | AH37: 24.2 | AI37: =AI36-AH37 -> 3691.5 | AK37: =N37+O37+P37+Q37+R37+S37+T37+U37+X37+AE37+AH37 -> 50.4 | AL37: =IF(L37<0,L37*-1,0) -> 5.3287623 | AM37: =AK37+AL37 -> 55.728762 | AN37: =V37 -> 22.2 | AO37: =X37-AN37 -> 0 | AV37: 0 | AW37: 62 | AX37: 29 | AZ37: =SUM(N37,P37:U37) -> 4
A38: =A37+1 -> 24 | B38: 6872.24 | C38: 193861 | D38: =C38-C37 -> -55 | E38: =C38-152000 -> 41861 | F38: =D38/$D$2 -> -27.728762 | G38: 28 | H38: 0 | I38: =G38+H38 -> 28 | J38: =IF(L38>0,L38,0) -> 0 | K38: =I38+J38 -> 28 | L38: =F38-(I38-AK38) -> -5.4287623 | M38: 3.9 | N38: 0 | O38: 0 | P38: 0 | Q38: =949000/325851/1.9835*1.02 -> 1.4976665 | R38: =((2.2)*1.04)-T38 -> 1.6773806 | S38: 0 | T38: =(0.5539*1.06)*1.04 -> 0.61061936 | U38: =M38-(Q38+R38+S38+T38) -> 0.11433348 | V38: 22.2 | W38: 0 | X38: =M38-N38-P38-O38-Q38-R38-S38-T38-U38+V38+W38 -> 22.2 | Y38: =X38-AO38 -> 22.2 | AE38: 0 | AH38: 24.2 | AI38: =AI37-AH38 -> 3667.3 | AK38: =N38+O38+P38+Q38+R38+S38+T38+U38+X38+AE38+AH38 -> 50.3 | AL38: =IF(L38<0,L38*-1,0) -> 5.4287623 | AM38: =AK38+AL38 -> 55.728762 | AN38: =V38 -> 22.2 | AO38: =X38-AN38 -> 0 | AV38: 0 | AW38: 60 | AX38: 27 | AZ38: =SUM(N38,P38:U38) -> 3.9
A39: =A38+1 -> 25 | B39: 6872.21 | C39: 193779 | D39: =C39-C38 -> -82 | E39: =C39-152000 -> 41779 | F39: =D39/$D$2 -> -41.341064 | G39: 27 | H39: 0 | I39: =G39+H39 -> 27 | J39: =IF(L39>0,L39,0) -> 0 | K39: =I39+J39 -> 27 | L39: =F39-(I39-AK39) -> -18.041064 | M39: 3.9 | N39: 0 | O39: 0 | P39: 0 | Q39: =1096300/325851/1.9835*1.02 -> 1.7301284 | R39: =((2.2)*1.04)-T39 -> 1.6773806 | S39: 0 | T39: =(0.5539*1.06)*1.04 -> 0.61061936 | U39: =M39-(Q39+R39+S39+T39) -> -0.11812835 | V39: 22.2 | W39: 0 | X39: =M39-N39-P39-O39-Q39-R39-S39-T39-U39+V39+W39 -> 22.2 | Y39: =X39-AO39 -> 22.2 | AE39: 0 | AH39: 24.2 | AI39: =AI38-AH39 -> 3643.1 | AK39: =N39+O39+P39+Q39+R39+S39+T39+U39+X39+AE39+AH39 -> 50.3 | AL39: =IF(L39<0,L39*-1,0) -> 18.041064 | AM39: =AK39+AL39 -> 68.341064 | AN39: =V39 -> 22.2 | AO39: =X39-AN39 -> 0 | AV39: 0 | AW39: 61 | AX39: 27 | AZ39: =SUM(N39,P39:U39) -> 3.9
A40: =A39+1 -> 26 | B40: 6872.19 | C40: 193724 | D40: =C40-C39 -> -55 | E40: =C40-152000 -> 41724 | F40: =D40/$D$2 -> -27.728762 | G40: 27 | H40: 0 | I40: =G40+H40 -> 27 | J40: =IF(L40>0,L40,0) -> 0 | K40: =I40+J40 -> 27 | L40: =F40-(I40-AK40) -> -4.7187623 | M40: 3.61 | N40: 0 | O40: 0 | P40: 0 | Q40: =1104000/325851/1.9835*1.04 -> 1.7764425 | R40: =((2.2)*1.04)-T40 -> 1.6773806 | S40: 0 | T40: =(0.5539*1.06)*1.04 -> 0.61061936 | U40: =M40-(Q40+R40+S40+T40) -> -0.45444248 | V40: 22.2 | W40: 0 | X40: =M40-N40-P40-O40-Q40-R40-S40-T40-U40+V40+W40 -> 22.2 | Y40: =X40-AO40 -> 22.2 | AE40: 0 | AH40: 24.2 | AI40: =AI39-AH40 -> 3618.9 | AK40: =N40+O40+P40+Q40+R40+S40+T40+U40+X40+AE40+AH40 -> 50.01 | AL40: =IF(L40<0,L40*-1,0) -> 4.7187623 | AM40: =AK40+AL40 -> 54.728762 | AN40: =V40 -> 22.2 | AO40: =X40-AN40 -> 0 | AV40: 0 | AW40: 56 | AX40: 26 | AZ40: =SUM(N40,P40:U40) -> 3.61
A41: =A40+1 -> 27 | B41: 6872.17 | C41: 193669 | D41: =C41-C40 -> -55 | E41: =C41-152000 -> 41669 | F41: =D41/$D$2 -> -27.728762 | G41: 26 | H41: 0 | I41: =G41+H41 -> 26 | J41: =IF(L41>0,L41,0) -> 0 | K41: =I41+J41 -> 26 | L41: =F41-(I41-AK41) -> -2.4887623 | M41: 4.14 | N41: 0 | O41: 0 | P41: 0 | Q41: =865600/325851/1.9835*1.02 -> 1.3660486 | R41: =((2.2)*1.04)-T41 -> 1.6773806 | S41: 0 | T41: =(0.5539*1.06)*1.04 -> 0.61061936 | U41: =M41-(Q41+R41+S41+T41) -> 0.48595138 | V41: 22.2 | W41: 0 | X41: =M41-N41-P41-O41-Q41-R41-S41-T41-U41+V41+W41 -> 22.2 | Y41: =X41-AO41 -> 22.2 | AE41: 0 | AH41: 24.9 | AI41: =AI40-AH41 -> 3594 | AK41: =N41+O41+P41+Q41+R41+S41+T41+U41+X41+AE41+AH41 -> 51.24 | AL41: =IF(L41<0,L41*-1,0) -> 2.4887623 | AM41: =AK41+AL41 -> 53.728762 | AN41: =V41 -> 22.2 | AO41: =X41-AN41 -> 0 | AV41: 0 | AW41: 54 | AX41: 23 | AZ41: =SUM(N41,P41:U41) -> 4.14
A42: =A41+1 -> 28 | B42: 6872.15 | C42: 193614 | D42: =C42-C41 -> -55 | E42: =C42-152000 -> 41614 | F42: =D42/$D$2 -> -27.728762 | G42: 26 | H42: 0 | I42: =G42+H42 -> 26 | J42: =IF(L42>0,L42,0) -> 0 | K42: =I42+J42 -> 26 | L42: =F42-(I42-AK42) -> -2.6687623 | M42: 4.06 | N42: 0 | O42: 0 | P42: 0 | Q42: =934300/325851/1.9835*1.02 -> 1.4744677 | R42: =((2.2)*1.04)-T42 -> 1.6773806 | S42: 0 | T42: =(0.5539*1.06)*1.04 -> 0.61061936 | U42: =M42-(Q42+R42+S42+T42) -> 0.29753232 | V42: 22.2 | W42: 0 | X42: =M42-N42-P42-O42-Q42-R42-S42-T42-U42+V42+W42 -> 22.2 | Y42: =X42-AO42 -> 22.2 | AE42: 0 | AH42: 24.8 | AI42: =AI41-AH42 -> 3569.2 | AK42: =N42+O42+P42+Q42+R42+S42+T42+U42+X42+AE42+AH42 -> 51.06 | AL42: =IF(L42<0,L42*-1,0) -> 2.6687623 | AM42: =AK42+AL42 -> 53.728762 | AN42: =V42 -> 22.2 | AO42: =X42-AN42 -> 0 | AV42: 0 | AW42: 57 | AX42: 28 | AZ42: =SUM(N42,P42:U42) -> 4.06
A43: =A42+1 -> 29 | B43: 6872.13 | C43: 193559 | D43: =C43-C42 -> -55 | E43: =C43-152000 -> 41559 | F43: =D43/$D$2 -> -27.728762 | G43: 30 | H43: 0 | I43: =G43+H43 -> 30 | J43: =IF(L43>0,L43,0) -> 0 | K43: =I43+J43 -> 30 | L43: =F43-(I43-AK43) -> -7.5287623 | M43: 3.9 | N43: 0 | O43: 0 | P43: 0 | Q43: =1044000/325851/1.9835*1.02 -> 1.647591 | R43: =((2.2)*1.04)-T43 -> 1.6773806 | S43: 0 | T43: =(0.5539*1.06)*1.04 -> 0.61061936 | U43: =M43-(Q43+R43+S43+T43) -> -0.035590987 | V43: 22.2 | W43: 0 | X43: =M43-N43-P43-O43-Q43-R43-S43-T43-U43+V43+W43 -> 22.2 | Y43: =X43-AO43 -> 22.2 | AE43: 0 | AH43: 24.1 | AI43: =AI42-AH43 -> 3545.1 | AK43: =N43+O43+P43+Q43+R43+S43+T43+U43+X43+AE43+AH43 -> 50.2 | AL43: =IF(L43<0,L43*-1,0) -> 7.5287623 | AM43: =AK43+AL43 -> 57.728762 | AN43: =V43 -> 22.2 | AO43: =X43-AN43 -> 0 | AV43: 0 | AW43: 52 | AX43: 29 | AZ43: =SUM(N43,P43:U43) -> 3.9
A44: 30 | B44: 6872.11 | C44: 193503 | D44: =C44-C43 -> -56 | E44: =C44-152000 -> 41503 | F44: =D44/$D$2 -> -28.232922 | G44: 36 | H44: 0 | I44: =G44+H44 -> 36 | J44: =IF(L44>0,L44,0) -> 0 | K44: =I44+J44 -> 36 | L44: =F44-(I44-AK44) -> -14.692922 | M44: 3.74 | N44: 0 | O44: 0 | P44: 0 | Q44: =800100/325851/1.9835*1.02 -> 1.2626796 | R44: =((2.2)*1.04)-T44 -> 1.6892866 | S44: 0 | T44: =(0.5431*1.06)*1.04 -> 0.59871344 | U44: =M44-(Q44+R44+S44+T44) -> 0.18932036 | V44: 22.2 | W44: 0 | X44: =M44-N44-P44-O44-Q44-R44-S44-T44-U44+V44+W44 -> 22.2 | Y44: =X44-AO44 -> 22.2 | AE44: 0 | AH44: 23.6 | AI44: =AI43-AH44 -> 3521.5 | AK44: =N44+O44+P44+Q44+R44+S44+T44+U44+X44+AE44+AH44 -> 49.54 | AL44: =IF(L44<0,L44*-1,0) -> 14.692922 | AM44: =AK44+AL44 -> 64.232922 | AN44: =V44 -> 22.2 | AO44: =X44-AN44 -> 0 | AV44: 0 | AW44: 54 | AX44: 30 | AZ44: =SUM(N44,P44:U44) -> 3.74
H45: 0.62 | AW45: 4
A46: MONTH / CFS | F46: =SUM(F15:F44) -> -832.87119 | G46: =SUM(G15:G44) -> 980 | H46: =SUM(H15:H45) -> 0.62 | I46: =SUM(I15:I44) -> 980 | J46: =SUM(J15:J44) -> 127.70017 | K46: =SUM(K15:K44) -> 1107.7002 | L46: =SUM(L15:L44) -> -144.95569 | M46: =SUM(M15:M44) -> 301.32 | N46: =SUM(N15:N44) -> 0 | O46: =SUM(O15:O44)-O15-O19 -> 0 | Q46: =SUM(Q15:Q44) -> 46.867883 | R46: =SUM(R15:R44) -> 53.190962 | S46: =SUM(S15:S44) -> 0 | T46: =SUM(T15:T44) -> 16.489038 | U46: =SUM(U15:U44) -> 5.1096765 | V46: =SUM(V15:V44) -> 547.76 | W46: =SUM(W15:W44) -> 84.4 | X46: =SUM(X15:X44) -> 811.82244 | Y46: =SUM(Y15:Y44) -> 487.86 | AC46: =SUM(AC15:AC44) -> 0 | AH46: =SUM(AH15:AH44) -> 725.5 | AJ46: =SUM(AJ15:AJ44) -> 0 | AK46: =SUM(AK15:AK44) -> 1667.9155 | AL46: =SUM(AL15:AL44) -> 272.65586 | AM46: =SUM(AM15:AM44) -> 1940.5714 | AN46: =SUM(AN15:AN44) -> 487.86 | AO46: =SUM(AO15:AO44) -> 323.96244 | AU46: =SUM(AU15:AU44) -> 0 | AV46: =SUM(AV15:AV44) -> 0.41 | AW46: =AVERAGE(AW15:AW45) -> 57.741935 | AX46: =AVERAGE(AX15:AX45) -> 29.066667 | AY46: Avg | AZ46: =SUM(AZ15:AZ44) -> 121.65756
A47: MONTH / AF | D47: =SUM(D15:D44) -> -1652 | F47: =F46*$D$2 -> -1652 | G47: =G46*$D$2 -> 1943.83 | H47: =H46*$D$2 -> 1.22977 | I47: =I46*$D$2 -> 1943.83 | J47: =J46*$D$2 -> 253.2933 | K47: =K46*$D$2 -> 2197.1233 | L47: =L46*$D$2 -> -287.51961 | M47: =M46*$D$2 -> 597.66822 | ... O47: =O46*$D$2 -> 0 | Q47: =Q46*$D$2 -> 92.962446 | R47: =R46*$D$2 -> 105.50427 | S47: =S46*$D$2 -> 0 | T47: =T46*$D$2 -> 32.706006 | U47: =U46*$D$2 -> 10.135043 | V47: =V46*$D$2 -> 1086.482 | W47: =W46*$D$2 -> 167.4074 | X47: =X46*$D$2 -> 1610.2498 | Y47: =Y46*$D$2 -> 967.67031 | AC47: =AC46*$D$2 -> 0 | AH47: =AH46*$D$2 -> 1439.0293 | AJ47: =AJ46*$D$2 -> 0 | AK47: =AK46*$D$2 -> 3308.3104 | AL47: =AL46*$D$2 -> 540.8129 | AM47: =AM46*$D$2 -> 3849.1233 | AN47: =AN46*$D$2 -> 967.67031 | AO47: =AO46*$D$2 -> 642.5795 | AU47: =AU46*$D$2 -> 0 | AW47: =MAX(AW15:AW45) -> 71 | AX47: =MAX(AX15:AX45) -> 42 | AY47: HI | AZ47: =AZ46*$D$2 -> 241.30777
A49: SEASON / CFS | AW49: =MIN(AW15:AW45) -> 4 | AX49: =MIN(AX15:AX45) -> 12 | AY49: LO
A50: SEASON / AF
A52: YTD / CFS | F52: =F13+F46 -> -832.87119 | G52: =G13+G46 -> 980 | H52: =H13+H46 -> 0.62 | I52: =I13+I46 -> 980 | J52: =J13+J46 -> 127.70017 | K52: =K13+K46 -> 1107.7002 | L52: =L13+L46 -> -144.95569 | M52: =M13+M46 -> 301.32 | N52: =N13+N46 -> 0 | O52: 0 | Q52: =Q13+Q46 -> 46.867883 | R52: =R13+R46 -> 53.190962 | S52: =S13+S46 -> 0 | T52: =T13+T46 -> 16.489038 | U52: =U13+U46 -> 5.1096765 | V52: =V13+V46 -> 547.76 | W52: =W13+W46 -> 84.4 | X52: =X13+X46 -> 811.82244 | Y52: =Y13+Y46 -> 487.86 | AC52: =AC13+AC46 -> 0 | AH52: =AH13+AH46 -> 725.5 | AI52: =AI44 -> 3521.5 | AJ52: =AJ13+AJ46 -> 0 | AK52: =AK13+AK46 -> 1667.9155 | AL52: =AL13+AL46 -> 272.65586 | AM52: =AM13+AM46 -> 1940.5714 | AN52: =AN13+AN46 -> 487.86 | AO52: =AO13+AO46 -> 323.96244 | AV52: =AV13+AV46 -> 0.41 | AZ52: =AZ13+AZ46 -> 121.65756
A53: YTD / AF | D53: =D13+D47 -> -1652 | E53: =E44 -> 41503 | F53: =F52*$D$2 -> -1652 | G53: =G52*$D$2 -> 1943.83 | H53: =H52*$D$2 -> 1.22977 | I53: =I52*$D$2 -> 1943.83 | J53: =J52*$D$2 -> 253.2933 | K53: =K52*$D$2 -> 2197.1233 | L53: =L52*$D$2 -> -287.51961 | M53: =M52*$D$2 -> 597.66822 | ... O53: =O52*$D$2 -> 0 | Q53: =Q52*$D$2 -> 92.962446 | R53: =R52*$D$2 -> 105.50427 | S53: =S52*$D$2 -> 0 | T53: =T52*$D$2 -> 32.706006 | U53: =U52*$D$2 -> 10.135043 | V53: =V52*$D$2 -> 1086.482 | W53: =W52*$D$2 -> 167.4074 | X53: =X52*$D$2 -> 1610.2498 | Y53: =Y52*$D$2 -> 967.67031 | AC53: =AC52*$D$2 -> 0 | AH53: =AH52*$D$2 -> 1439.0293 | AI53: =AI52*$D$2 -> 6984.8952 | AJ53: =AJ52*$D$2 -> 0 | AK53: =AK52*$D$2 -> 3308.3104 | AL53: =AL52*$D$2 -> 540.8129 | AM53: =AM52*$D$2 -> 3849.1233 | AN53: =AN52*$D$2 -> 967.67031 | AO53: =AO52*$D$2 -> 642.5795 | AZ53: =AZ52*$D$2 -> 241.30777

Sheet DEC
K1: MCPHEE RESERVOIR INFLOW/OUTFLOW TABULATION
A2: AF/cfs CONVERT FACTOR | D2: 1.9835 | K2: DECEMBER "2012"
D4: RESERVOIR | I4: INFLOW | X4: OUTFLOW | AP4: ADJUSTMENTS | AW4: WEATHER
A5: DATE | B5: RESERV | C5: RESERV | D5: AC FT | E5: ACTIVE | F5: CONV TO | G5: DOLORES | H5: LOST | I5: RECORD | J5: CALC | K5: TOTAL | L5: CALC | M5: DOLORES TUNNEL | V5: LONE | W5: U | X5: TOTAL | Y5: TOTAL | Z5: MVI | AA5: MVI | AB5: MVI | AC5: TO EX & | AD5: MVI | AE5: DV CR | AF5: D/S SENIOR | AH5: BELOW | AI5: FISH | AJ5: SPILL | AK5: RECORD | AL5: CALC | AM5: TOTAL | AN5: NAR | AO5: MVI | AP5: MVI | AQ5: MVI | AR5: DIST. | AS5: U/S | AT5: TOTTEN | AU5: UTES | AV5: RAIN | AW5: MAX | AX5: MIN | AZ5: TOTAL
A6: DEC | B6: ELEV | D6: CHANGE | E6: CAP | F6: CFS | G6: RIVER | H6: CAN | I6: INFLOW | J6: INFLOW | K6: INFLOW | L6: INF/OTF | M6: TOT DIV | N6: WET | O6: UTE | P6: QUEST | Q6: MWC | R6: CORTEZ | T6: UTE | U6: F-BAY | V6: PINE | W6: LAT | X6: MVI | Y6: MVI | Z6: CALL | AA6: CALL | AB6: APR- | AC6: U/S EX | AD6: PROJ | AE6: CANAL | AF6: MVIC | AG6: PROJ | AH6: MCP | AI6: LEFT | AK6: OTF | AL6: OTF | AM6: OTF | AN6: FILLL | AO6: STOCK | AP6: STORED | AQ6: STORED | AR6: CLASS | AS6: USERS | AT6: (FRESH | AU6: FROM | AW6: TMP | AX6: TMP | AZ6: TUNNEL
N7: LAND | O7: F&R | Q7: NON - | R7: NON - | S7: PROJ | T7: PROJ | U7: BAL | X7: WATER | Y7: IRRIG. | Z7: STOR | AA7: SPILLED | AB7: JUNE | AF7: 1.7 | AG7: 1.3 | AP7: Apr - Jun | AQ7: EVAP | AR7: "B" | AS7: EXCH | AT7: WATER) | AU7: DWCD | AZ7: Misc.
Q8: PROJ | R8: PROJ | X8: USED | Y8: WATER | AA8: OR | AB8: (DIV+
R9: 4.2 | Y9: USED | AA9: USED | AB9: CALL)
C10: AC. Ft. | E10: AC FT | G10: CFS | H10: CFS | I10: CFS | J10: CFS | K10: CFS | L10: CFS | M10: CFS | N10: CFS | O10: CFS | P10: CFS | Q10: CFS | R10: CFS | S10: CFS | T10: CFS | U10: CFS | V10: CFS | W10: CFS | X10: 153400 | Y10: 150400 | AB10: 72000 | AC10: CFS | AD10: CFS | AE10: CFS | AF10: CFS | AG10: CFS | AH10: CFS | AI10: CFS | AJ10: CFS | AK10: CFS | AL10: CFS | AM10: CFS | AN10: CFS | AO10: CFS | AP10: CFS | AQ10: AC.FT. | AR10: CFS | AS10: CFS | AT10: CFS | AU10: CFS | AZ10: Outflow
N11: 1.03 | O11: 1.05 | P11: 1.02 | Q11: 1.02 | R11: 1.04 | T11: 1.04 | X11: CFS | Y11: CFS | Z11: CFS | AA11: CFS | AB11: Ac. Ft. | AZ11: CFS
A12: SEASON BAL
A13: YTD | B13: =NOV!B44 -> 6872.11 | C13: =NOV!C44 -> 193503 | D13: =NOV!D53 -> -1652 | E13: =NOV!E53 -> 41503 | F13: =NOV!F52 -> -832.87119 | G13: =NOV!G52 -> 980 | H13: =NOV!H52 -> 0.62 | I13: =NOV!I52 -> 980 | J13: =NOV!J52 -> 127.70017 | K13: =NOV!K52 -> 1107.7002 | L13: =NOV!L52 -> -144.95569 | M13: =NOV!M52 -> 301.32 | ... Y13: =NOV!Y52 -> 487.86 | AC13: =NOV!AC52 -> 0 | AH13: =NOV!AH52 -> 725.5 | AI13: =NOV!AI52 -> 3521.5 | AK13: =NOV!AK52 -> 1667.9155 | AL13: =NOV!AL52 -> 272.65586 | AM13: =NOV!AM52 -> 1940.5714 | AN13: =NOV!AN52 -> 487.86 | AO13: =NOV!AO52 -> 323.96244 | AV13: =NOV!AV52 -> 0.41 | AZ13: =NOV!AZ52 -> 121.65756
A15: 1 | B15: 6872.09 | C15: 193448 | D15: =C15-C13 -> -55 | E15: =C15-152000 -> 41448 | F15: =D15/$D$2 -> -27.728762 | G15: 37 | H15: 0 | I15: =G15+H15 -> 37 | J15: =IF(L15>0,L15,0) -> 0 | K15: =I15+J15 -> 37 | L15: =F15-(I15-AK15) -> -15.348762 | M15: 3.58 | N15: 0 | O15: 0 | P15: 0 | Q15: =1006700/325851/1.9835*1.02 -> 1.5887259 | R15: =((2.2)*1.04)-T15 -> 1.766675 | S15: 0 | T15: =(0.4729*1.06)*1.04 -> 0.52132496 | U15: =M15-(Q15+R15+S15+T15) -> -0.29672591 | V15: 22.2 | W15: 0 | X15: =M15-N15-P15-O15-Q15-R15-S15-T15-U15+V15+W15 -> 22.2 | Y15: =X15-AO15 -> 22.2 | AC15: 0 | AE15: 0 | AH15: 23.6 | AI15: =AI13-AH15 -> 3497.9 | AK15: =N15+O15+P15+Q15+R15+S15+T15+U15+X15+AE15+AH15 -> 49.38 | AL15: =IF(L15<0,L15*-1,0) -> 15.348762 | AM15: =AK15+AL15 -> 64.728762 | AN15: =V15 -> 22.2 | AO15: 0 | AV15: 0 | AW15: 54 | AX15: 29 | AZ15: =SUM(N15,P15:U15) -> 3.58
A16: =A15+1 -> 2 | B16: 6872.07 | C16: 193393 | D16: =C16-C15 -> -55 | E16: =C16-152000 -> 41393 | F16: =D16/$D$2 -> -27.728762 | G16: 32 | H16: 0 | I16: =G16+H16 -> 32 | J16: =IF(L16>0,L16,0) -> 0 | K16: =I16+J16 -> 32 | L16: =F16-(I16-AK16) -> -9.6587623 | M16: 4.27 | N16: 0 | O16: 0 | P16: 0 | Q16: =1104600/325851/1.9835*1.02 -> 1.743227 | R16: =((2.2)*1.04)-T16 -> 1.766675 | S16: 0 | T16: =(0.4729*1.06)*1.04 -> 0.52132496 | U16: =M16-(Q16+R16+S16+T16) -> 0.23877298 | V16: 22.2 | W16: 0 | X16: =M16-N16-P16-O16-Q16-R16-S16-T16-U16+V16+W16 -> 22.2 | Y16: =X16-AO16 -> 22.2 | AC16: 0 | AE16: 0 | AH16: 23.6 | AI16: =AI15-AH16 -> 3474.3 | AK16: =N16+O16+P16+Q16+R16+S16+T16+U16+X16+AE16+AH16 -> 50.07 | AL16: =IF(L16<0,L16*-1,0) -> 9.6587623 | AM16: =AK16+AL16 -> 59.728762 | AN16: =V16 -> 22.2 | AO16: 0 | AV16: 0 | AW16: 56 | AX16: 31 | AZ16: =SUM(N16,P16:U16) -> 4.27
A17: =A16+1 -> 3 | B17: 6872.05 | C17: 193338 | D17: =C17-C16 -> -55 | E17: =C17-152000 -> 41338 | F17: =D17/$D$2 -> -27.728762 | G17: 37 | H17: 0 | I17: =G17+H17 -> 37 | J17: =IF(L17>0,L17,0) -> 0 | K17: =I17+J17 -> 37 | L17: =F17-(I17-AK17) -> -16.078762 | M17: 4.25 | N17: 0 | O17: 0 | P17: 0 | Q17: =916900/325851/1.9835*1.02 -> 1.4470078 | R17: =((2)*1.04)-T17 -> 1.558675 | S17: 0 | T17: =(0.4729*1.06)*1.04 -> 0.52132496 | U17: =M17-(Q17+R17+S17+T17) -> 0.72299217 | V17: 20.8 | W17: 0 | X17: =M17-N17-P17-O17-Q17-R17-S17-T17-U17+V17+W17 -> 20.8 | Y17: =X17-AO17 -> 20.8 | AC17: 0 | AE17: 0 | AH17: 23.6 | AI17: =AI16-AH17 -> 3450.7 | AK17: =N17+O17+P17+Q17+R17+S17+T17+U17+X17+AE17+AH17 -> 48.65 | AL17: =IF(L17<0,L17*-1,0) -> 16.078762 | AM17: =AK17+AL17 -> 64.728762 | AN17: =V17 -> 20.8 | AO17: 0 | AV17: 0 | AW17: 51 | AX17: 28 | AZ17: =SUM(N17,P17:U17) -> 4.25
A18: =A17+1 -> 4 | B18: 6872.03 | C18: 193283 | D18: =C18-C17 -> -55 | E18: =C18-152000 -> 41283 | F18: =D18/$D$2 -> -27.728762 | G18: 30 | H18: 0 | I18: =G18+H18 -> 30 | J18: =IF(L18>0,L18,0) -> 0 | K18: =I18+J18 -> 30 | L18: =F18-(I18-AK18) -> -12.948762 | M18: 3.28 | N18: 0 | O18: 0 | P18: 0 | Q18: =875300/325851/1.9835*1.02 -> 1.3813567 | R18: =((2)*1.04)-T18 -> 1.558675 | S18: 0 | T18: =(0.4729*1.06)*1.04 -> 0.52132496 | U18: =M18-(Q18+R18+S18+T18) -> -0.1813567 | V18: 17.9 | W18: 0 | X18: =M18-N18-P18-O18-Q18-R18-S18-T18-U18+V18+W18 -> 17.9 | Y18: =X18-AO18 -> 17.9 | AC18: 0 | AE18: 0 | AH18: 23.6 | AI18: =AI17-AH18 -> 3427.1 | AK18: =N18+O18+P18+Q18+R18+S18+T18+U18+X18+AE18+AH18 -> 44.78 | AL18: =IF(L18<0,L18*-1,0) -> 12.948762 | AM18: =AK18+AL18 -> 57.728762 | AN18: =V18 -> 17.9 | AO18: 0 | AV18: 0 | AW18: 50 | AX18: 24 | AZ18: =SUM(N18,P18:U18) -> 3.28
A19: =A18+1 -> 5 | B19: 6872.01 | C19: 193228 | D19: =C19-C18 -> -55 | E19: =C19-152000 -> 41228 | F19: =D19/$D$2 -> -27.728762 | G19: 28 | H19: 0 | I19: =G19+H19 -> 28 | J19: =IF(L19>0,L19,0) -> 0 | K19: =I19+J19 -> 28 | L19: =F19-(I19-AK19) -> -6.1887623 | M19: 7.94 | N19: 0 | O19: 0 | P19: 0 | Q19: =981400/325851/1.9835*1.02 -> 1.5487987 | R19: =((2)*1.04)-T19 -> 1.558675 | S19: 0 | T19: =(0.4729*1.06)*1.04 -> 0.52132496 | U19: =M19-(Q19+R19+S19+T19) -> 4.3112013 | V19: 18 | W19: 0 | X19: =M19-N19-P19-O19-Q19-R19-S19-T19-U19+V19+W19 -> 18 | Y19: =X19-AO19 -> 18 | AC19: 0 | AE19: 0 | AH19: 23.6 | AI19: =AI18-AH19 -> 3403.5 | AK19: =N19+O19+P19+Q19+R19+S19+T19+U19+X19+AE19+AH19 -> 49.54 | AL19: =IF(L19<0,L19*-1,0) -> 6.1887623 | AM19: =AK19+AL19 -> 55.728762 | AN19: =V19 -> 18 | AO19: 0 | AV19: 0 | AW19: 57 | AX19: 28 | AZ19: =SUM(N19,P19:U19) -> 7.94
A20: =A19+1 -> 6 | B20: 6871.99 | C20: 193174 | D20: =C20-C19 -> -54 | E20: =C20-152000 -> 41174 | F20: =D20/$D$2 -> -27.224603 | G20: 32 | H20: 0 | I20: =G20+H20 -> 32 | J20: =IF(L20>0,L20,0) -> 0 | K20: =I20+J20 -> 32 | L20: =F20-(I20-AK20) -> -12.994603 | M20: 4.33 | N20: 0 | O20: 0 | P20: 0 | Q20: =859600/325851/1.9835*1.02 -> 1.3565797 | R20: =((2)*1.04)-T20 -> 1.558675 | S20: 0 | T20: =(0.4729*1.06)*1.04 -> 0.52132496 | U20: =M20-(Q20+R20+S20+T20) -> 0.89342029 | V20: 18.3 | W20: 0 | X20: =M20-N20-P20-O20-Q20-R20-S20-T20-U20+V20+W20 -> 18.3 | Y20: =X20-AO20 -> 18.3 | AC20: 0 | AE20: 0 | AH20: 23.6 | AI20: =AI19-AH20 -> 3379.9 | AK20: =N20+O20+P20+Q20+R20+S20+T20+U20+X20+AE20+AH20 -> 46.23 | AL20: =IF(L20<0,L20*-1,0) -> 12.994603 | AM20: =AK20+AL20 -> 59.224603 | AN20: =V20 -> 18.3 | AO20: 0 | AV20: 0 | AW20: 50 | AX20: 30 | AZ20: =SUM(N20,P20:U20) -> 4.33
A21: =A20+1 -> 7 | B21: 6871.97 | C21: 193119 | D21: =C21-C20 -> -55 | E21: =C21-152000 -> 41119 | F21: =D21/$D$2 -> -27.728762 | G21: 31 | H21: 0 | I21: =G21+H21 -> 31 | J21: =IF(L21>0,L21,0) -> 0 | K21: =I21+J21 -> 31 | L21: =F21-(I21-AK21) -> -13.238762 | M21: 3.59 | N21: 0 | O21: 0 | P21: 0 | Q21: =886700/325851/1.9835*1.02 -> 1.3993476 | R21: =((2)*1.04)-T21 -> 1.5827074 | S21: 0 | T21: =(0.4511*1.06)*1.04 -> 0.49729264 | U21: =M21-(Q21+R21+S21+T21) -> 0.11065237 | V21: 18.3 | W21: 0 | X21: =M21-N21-P21-O21-Q21-R21-S21-T21-U21+V21+W21 -> 18.3 | Y21: =X21-AO21 -> 18.3 | AC21: 0 | AE21: 0 | AH21: 23.6 | AI21: =AI20-AH21 -> 3356.3 | AK21: =N21+O21+P21+Q21+R21+S21+T21+U21+X21+AE21+AH21 -> 45.49 | AL21: =IF(L21<0,L21*-1,0) -> 13.238762 | AM21: =AK21+AL21 -> 58.728762 | AN21: =V21 -> 18.3 | AO21: 0 | AV21: 0 | AW21: 49 | AX21: 27 | AZ21: =SUM(N21,P21:U21) -> 3.59
A22: =A21+1 -> 8 | B22: 6871.95 | C22: 193065 | D22: =C22-C21 -> -54 | E22: =C22-152000 -> 41065 | F22: =D22/$D$2 -> -27.224603 | G22: 26 | H22: 0 | I22: =G22+H22 -> 26 | J22: =IF(L22>0,L22,0) -> 0 | K22: =I22+J22 -> 26 | L22: =F22-(I22-AK22) -> -7.974603 | M22: 3.35 | N22: 0 | O22: 0 | P22: 0 | Q22: =908300/325851/1.9835*1.02 -> 1.4334357 | R22: =((2)*1.04)-T22 -> 1.5827074 | S22: 0 | T22: =(0.4511*1.06)*1.04 -> 0.49729264 | U22: =M22-(Q22+R22+S22+T22) -> -0.16343572 | V22: 18.3 | W22: 0 | X22: =M22-N22-P22-O22-Q22-R22-S22-T22-U22+V22+W22 -> 18.3 | Y22: =X22-AO22 -> 18.3 | AC22: 0 | AE22: 0 | AH22: 23.6 | AI22: =AI21-AH22 -> 3332.7 | AK22: =N22+O22+P22+Q22+R22+S22+T22+U22+X22+AE22+AH22 -> 45.25 | AL22: =IF(L22<0,L22*-1,0) -> 7.974603 | AM22: =AK22+AL22 -> 53.224603 | AN22: =V22 -> 18.3 | AO22: 0 | AV22: 0 | AW22: 46 | AX22: 23 | AZ22: =SUM(N22,P22:U22) -> 3.35
A23: =A22+1 -> 9 | B23: 6871.93 | C23: 193011 | D23: =C23-C22 -> -54 | E23: =C23-152000 -> 41011 | F23: =D23/$D$2 -> -27.224603 | G23: 23 | H23: 0 | I23: =G23+H23 -> 23 | J23: =IF(L23>0,L23,0) -> 0 | K23: =I23+J23 -> 23 | L23: =F23-(I23-AK23) -> -4.774603 | M23: 3.55 | N23: 0 | O23: 0 | P23: 0 | Q23: =875300/325851/1.9835*1.02 -> 1.3813567 | R23: =((2)*1.04)-T23 -> 1.5827074 | S23: 0 | T23: =(0.4511*1.06)*1.04 -> 0.49729264 | U23: =M23-(Q23+R23+S23+T23) -> 0.088643304 | V23: 18.3 | W23: 0 | X23: =M23-N23-P23-O23-Q23-R23-S23-T23-U23+V23+W23 -> 18.3 | Y23: =X23-AO23 -> 18.3 | AC23: 0 | AE23: 0 | AH23: 23.6 | AI23: =AI22-AH23 -> 3309.1 | AK23: =N23+O23+P23+Q23+R23+S23+T23+U23+X23+AE23+AH23 -> 45.45 | AL23: =IF(L23<0,L23*-1,0) -> 4.774603 | AM23: =AK23+AL23 -> 50.224603 | AN23: =V23 -> 18.3 | AO23: 0 | AV23: 0 | AW23: 31 | AX23: 12 | AZ23: =SUM(N23,P23:U23) -> 3.55
A24: =A23+1 -> 10 | B24: 6871.92 | C24: 192983 | D24: =C24-C23 -> -28 | E24: =C24-152000 -> 40983 | F24: =D24/$D$2 -> -14.116461 | G24: 19 | H24: 0 | I24: =G24+H24 -> 19 | J24: =IF(L24>0,L24,0) -> 1.9935392 | K24: =I24+J24 -> 20.993539 | L24: =F24-(I24-AK24) -> 1.9935392 | M24: 3.35 | N24: 0 | O24: 0 | P24: 0 | Q24: =1027100/325851/1.9835*1.02 -> 1.6209202 | R24: =((2)*1.04)-T24 -> 1.5827074 | S24: 0 | T24: =(0.4511*1.06)*1.04 -> 0.49729264 | U24: =M24-(Q24+R24+S24+T24) -> -0.35092021 | V24: 8.16 | W24: 0 | X24: =M24-N24-P24-O24-Q24-R24-S24-T24-U24+V24+W24 -> 8.16 | Y24: =X24-AO24 -> 8.16 | AC24: 0 | AE24: 0 | AH24: 23.6 | AI24: =AI23-AH24 -> 3285.5 | AK24: =N24+O24+P24+Q24+R24+S24+T24+U24+X24+AE24+AH24 -> 35.11 | AL24: =IF(L24<0,L24*-1,0) -> 0 | AM24: =AK24+AL24 -> 35.11 | AN24: =V24 -> 8.16 | AO24: 0 | AV24: 0 | AW24: 33 | AX24: 10 | AZ24: =SUM(N24,P24:U24) -> 3.35
A25: =A24+1 -> 11 | B25: 6871.91 | C25: 192956 | D25: =C25-C24 -> -27 | E25: =C25-152000 -> 40956 | F25: =D25/$D$2 -> -13.612301 | G25: 19 | H25: 0 | I25: =G25+H25 -> 19 | J25: =IF(L25>0,L25,0) -> 0 | K25: =I25+J25 -> 19 | L25: =F25-(I25-AK25) -> -4.1223015 | M25: 3.69 | N25: 0 | O25: 0 | P25: 0 | Q25: =828500/325851/1.9835*1.02 -> 1.3074992 | R25: =((2)*1.04)-T25 -> 1.5827074 | S25: 0 | T25: =(0.4511*1.06)*1.04 -> 0.49729264 | U25: =M25-(Q25+R25+S25+T25) -> 0.30250083 | V25: 0 | W25: 0 | X25: =M25-N25-P25-O25-Q25-R25-S25-T25-U25+V25+W25 -> 0 | Y25: =X25-AO25 -> 0 | AC25: 0 | AE25: 0 | AH25: 24.8 | AI25: =AI24-AH25 -> 3260.7 | AK25: =N25+O25+P25+Q25+R25+S25+T25+U25+X25+AE25+AH25 -> 28.49 | AL25: =IF(L25<0,L25*-1,0) -> 4.1223015 | AM25: =AK25+AL25 -> 32.612301 | AN25: =V25 -> 0 | AO25: 0 | AV25: 0 | AW25: 37 | AX25: 3 | AZ25: =SUM(N25,P25:U25) -> 3.69
A26: =A25+1 -> 12 | B26: 6871.9 | C26: 192929 | D26: =C26-C25 -> -27 | E26: =C26-152000 -> 40929 | F26: =D26/$D$2 -> -13.612301 | G26: 22 | H26: 0 | I26: =G26+H26 -> 22 | J26: =IF(L26>0,L26,0) -> 0 | K26: =I26+J26 -> 22 | L26: =F26-(I26-AK26) -> -5.2623015 | M26: 3.55 | N26: 0 | O26: 0 | P26: 0 | Q26: =838700/325851/1.9835*1.02 -> 1.3235963 | R26: =((2)*1.04)-T26 -> 1.5827074 | S26: 0 | T26: =(0.4511*1.06)*1.04 -> 0.49729264 | U26: =M26-(Q26+R26+S26+T26) -> 0.14640368 | V26: 0 | W26: 0 | X26: =M26-N26-P26-O26-Q26-R26-S26-T26-U26+V26+W26 -> 0 | Y26: =X26-AO26 -> 0 | AC26: 0 | AE26: 0 | AH26: 26.8 | AI26: =AI25-AH26 -> 3233.9 | AK26: =N26+O26+P26+Q26+R26+S26+T26+U26+X26+AE26+AH26 -> 30.35 | AL26: =IF(L26<0,L26*-1,0) -> 5.2623015 | AM26: =AK26+AL26 -> 35.612301 | AN26: =V26 -> 0 | AO26: 0 | AV26: 0 | AW26: 40 | AX26: 7 | AZ26: =SUM(N26,P26:U26) -> 3.55
A27: =A26+1 -> 13 | B27: 6871.89 | C27: 192902 | D27: =C27-C26 -> -27 | E27: =C27-152000 -> 40902 | F27: =D27/$D$2 -> -13.612301 | G27: 24 | H27: 0 | I27: =G27+H27 -> 24 | J27: =IF(L27>0,L27,0) -> 0 | K27: =I27+J27 -> 24 | L27: =F27-(I27-AK27) -> -7.0623015 | M27: 3.75 | N27: 0 | O27: 0 | P27: 0 | Q27: =967800/325851/1.9835*1.02 -> 1.5273358 | R27: =((2)*1.04)-T27 -> 1.5827074 | S27: 0 | T27: =(0.4511*1.06)*1.04 -> 0.49729264 | U27: =M27-(Q27+R27+S27+T27) -> 0.14266422 | V27: 0 | W27: 0 | X27: =M27-N27-P27-O27-Q27-R27-S27-T27-U27+V27+W27 -> 0 | Y27: =X27-AO27 -> 0 | AC27: 0 | AE27: 0 | AH27: 26.8 | AI27: =AI26-AH27 -> 3207.1 | AK27: =N27+O27+P27+Q27+R27+S27+T27+U27+X27+AE27+AH27 -> 30.55 | AL27: =IF(L27<0,L27*-1,0) -> 7.0623015 | AM27: =AK27+AL27 -> 37.612301 | AN27: =V27 -> 0 | AO27: 0 | AV27: 0 | AW27: 50 | AX27: 28 | AZ27: =SUM(N27,P27:U27) -> 3.75
A28: =A27+1 -> 14 | B28: 6871.9 | C28: 192929 | D28: =C28-C27 -> 27 | E28: =C28-152000 -> 40929 | F28: =D28/$D$2 -> 13.612301 | G28: 24 | H28: 0 | I28: =G28+H28 -> 24 | J28: =IF(L28>0,L28,0) -> 19.962301 | K28: =I28+J28 -> 43.962301 | L28: =F28-(I28-AK28) -> 19.962301 | M28: 3.55 | N28: 0 | O28: 0 | P28: 0 | Q28: =811900/325851/1.9835*1.02 -> 1.2813018 | R28: =((2)*1.04)-T28 -> 1.4810661 | S28: 0 | T28: =(0.5433*1.06)*1.04 -> 0.59893392 | U28: =M28-(Q28+R28+S28+T28) -> 0.18869816 | V28: 0 | W28: 0 | X28: =M28-N28-P28-O28-Q28-R28-S28-T28-U28+V28+W28 -> 0 | Y28: =X28-AO28 -> 0 | AC28: 0 | AE28: 0 | AH28: 26.8 | AI28: =AI27-AH28 -> 3180.3 | AK28: =N28+O28+P28+Q28+R28+S28+T28+U28+X28+AE28+AH28 -> 30.35 | AL28: =IF(L28<0,L28*-1,0) -> 0 | AM28: =AK28+AL28 -> 30.35 | AN28: =V28 -> 0 | AO28: 0 | AV28: 0.67 | AW28: 42 | AX28: 27 | AZ28: =SUM(N28,P28:U28) -> 3.55
A29: =A28+1 -> 15 | B29: 6871.94 | C29: 193038 | D29: =C29-C28 -> 109 | E29: =C29-152000 -> 41038 | F29: =D29/$D$2 -> 54.953365 | G29: 25 | H29: 0 | I29: =G29+H29 -> 25 | J29: =IF(L29>0,L29,0) -> 70.603365 | K29: =I29+J29 -> 95.603365 | L29: =F29-(I29-AK29) -> 70.603365 | M29: 3.55 | N29: 0 | O29: 0 | P29: 0 | Q29: =857600/325851/1.9835*1.02 -> 1.3534234 | R29: =((2)*1.04)-T29 -> 1.4810661 | S29: 0 | T29: =(0.5433*1.06)*1.04 -> 0.59893392 | U29: =M29-(Q29+R29+S29+T29) -> 0.1165766 | V29: 10.3 | W29: 0 | X29: =M29-N29-P29-O29-Q29-R29-S29-T29-U29+V29+W29 -> 10.3 | Y29: =X29-AO29 -> 10.3 | AC29: 27.7 | AE29: 0 | AH29: 26.8 | AI29: =AI28-AH29 -> 3153.5 | AK29: =N29+O29+P29+Q29+R29+S29+T29+U29+X29+AE29+AH29 -> 40.65 | AL29: =IF(L29<0,L29*-1,0) -> 0 | AM29: =AK29+AL29 -> 40.65 | AN29: =V29 -> 10.3 | AO29: 0 | AV29: 0.343 | AW29: 34 | AX29: 25 | AZ29: =SUM(N29,P29:U29) -> 3.55
A30: =A29+1 -> 16 | B30: 6871.92 | C30: 192983 | D30: =C30-C29 -> -55 | E30: =C30-152000 -> 40983 | F30: =D30/$D$2 -> -27.728762 | G30: 26 | H30: 0 | I30: =G30+H30 -> 26 | J30: =IF(L30>0,L30,0) -> 0 | K30: =I30+J30 -> 26 | L30: =F30-(I30-AK30) -> -5.2087623 | M30: 3.42 | N30: 0 | O30: 0 | P30: 0 | Q30: =830600/325851/1.9835*1.02 -> 1.3108133 | R30: =((2)*1.04)-T30 -> 1.4810661 | S30: 0 | T30: =(0.5433*1.06)*1.04 -> 0.59893392 | U30: =M30-(Q30+R30+S30+T30) -> 0.029186711 | V30: 18.3 | W30: 0 | X30: =M30-N30-P30-O30-Q30-R30-S30-T30-U30+V30+W30 -> 18.3 | Y30: =X30-AO30 -> 18.3 | AC30: 0 | AE30: 0 | AH30: 26.8 | AI30: =AI29-AH30 -> 3126.7 | AK30: =N30+O30+P30+Q30+R30+S30+T30+U30+X30+AE30+AH30 -> 48.52 | AL30: =IF(L30<0,L30*-1,0) -> 5.2087623 | AM30: =AK30+AL30 -> 53.728762 | AN30: =V30 -> 18.3 | AO30: 0 | AV30: 0 | AW30: 31 | AX30: 19 | AZ30: =SUM(N30,P30:U30) -> 3.42
A31: =A30+1 -> 17 | B31: 6871.89 | C31: 192902 | D31: =C31-C30 -> -81 | E31: =C31-152000 -> 40902 | F31: =D31/$D$2 -> -40.836904 | G31: 27 | H31: 0 | I31: =G31+H31 -> 27 | J31: =IF(L31>0,L31,0) -> 0 | K31: =I31+J31 -> 27 | L31: =F31-(I31-AK31) -> -19.646904 | M31: 3.09 | N31: 0 | O31: 0 | P31: 0 | Q31: =850500/325851/1.9835*1.02 -> 1.3422185 | R31: =((2)*1.04)-T31 -> 1.4810661 | S31: 0 | T31: =(0.5433*1.06)*1.04 -> 0.59893392 | U31: =M31-(Q31+R31+S31+T31) -> -0.33221852 | V31: 18.3 | W31: 0 | X31: =M31-N31-P31-O31-Q31-R31-S31-T31-U31+V31+W31 -> 18.3 | Y31: =X31-AO31 -> 18.3 | AC31: 0 | AE31: 0 | AH31: 26.8 | AI31: =AI30-AH31 -> 3099.9 | AK31: =N31+O31+P31+Q31+R31+S31+T31+U31+X31+AE31+AH31 -> 48.19 | AL31: =IF(L31<0,L31*-1,0) -> 19.646904 | AM31: =AK31+AL31 -> 67.836904 | AN31: =V31 -> 18.3 | AO31: 0 | AV31: 0 | AW31: 36 | AX31: 22 | AZ31: =SUM(N31,P31:U31) -> 3.09
A32: =A31+1 -> 18 | B32: 6871.86 | C32: 192820 | D32: =C32-C31 -> -82 | E32: =C32-152000 -> 40820 | F32: =D32/$D$2 -> -41.341064 | G32: 26 | H32: 0 | I32: =G32+H32 -> 26 | J32: =IF(L32>0,L32,0) -> 0 | K32: =I32+J32 -> 26 | L32: =F32-(I32-AK32) -> -18.901064 | M32: 3.34 | N32: 0 | O32: 0 | P32: 0 | Q32: =903600/325851/1.9835*1.02 -> 1.4260184 | R32: =((2)*1.04)-T32 -> 1.4810661 | S32: 0 | T32: =(0.5433*1.06)*1.04 -> 0.59893392 | U32: =M32-(Q32+R32+S32+T32) -> -0.16601841 | V32: 18.3 | W32: 0 | X32: =M32-N32-P32-O32-Q32-R32-S32-T32-U32+V32+W32 -> 18.3 | Y32: =X32-AO32 -> 18.3 | AC32: 0 | AE32: 0 | AH32: 26.8 | AI32: =AI31-AH32 -> 3073.1 | AK32: =N32+O32+P32+Q32+R32+S32+T32+U32+X32+AE32+AH32 -> 48.44 | AL32: =IF(L32<0,L32*-1,0) -> 18.901064 | AM32: =AK32+AL32 -> 67.341064 | AN32: =V32 -> 18.3 | AO32: 0 | AV32: 0.01 | AW32: 35 | AX32: 25 | AZ32: =SUM(N32,P32:U32) -> 3.34
A33: =A32+1 -> 19 | B33: 6871.87 | C33: 192848 | D33: =C33-C32 -> 28 | E33: =C33-152000 -> 40848 | F33: =D33/$D$2 -> 14.116461 | G33: 25 | H33: 0 | I33: =G33+H33 -> 25 | J33: =IF(L33>0,L33,0) -> 37.566461 | K33: =I33+J33 -> 62.566461 | L33: =F33-(I33-AK33) -> 37.566461 | M33: 3.35 | N33: 0 | O33: 0 | P33: 0 | Q33: =926300/325851/1.9835*1.02 -> 1.4618425 | R33: =((2)*1.04)-T33 -> 1.4810661 | S33: 0 | T33: =(0.5433*1.06)*1.04 -> 0.59893392 | U33: =M33-(Q33+R33+S33+T33) -> -0.19184246 | V33: 18.3 | W33: 0 | X33: =M33-N33-P33-O33-Q33-R33-S33-T33-U33+V33+W33 -> 18.3 | Y33: =X33-AO33 -> 18.3 | AC33: 0 | AE33: 0 | AH33: 26.8 | AI33: =AI32-AH33 -> 3046.3 | AK33: =N33+O33+P33+Q33+R33+S33+T33+U33+X33+AE33+AH33 -> 48.45 | AL33: =IF(L33<0,L33*-1,0) -> 0 | AM33: =AK33+AL33 -> 48.45 | AN33: =V33 -> 18.3 | AO33: 0 | AV33: 0.01 | AW33: 38 | AX33: 3 | AZ33: =SUM(N33,P33:U33) -> 3.35
A34: =A33+1 -> 20 | B34: 6871.85 | C34: 192793 | D34: =C34-C33 -> -55 | E34: =C34-152000 -> 40793 | F34: =D34/$D$2 -> -27.728762 | G34: 22 | H34: 0 | I34: =G34+H34 -> 22 | J34: =IF(L34>0,L34,0) -> 0 | K34: =I34+J34 -> 22 | L34: =F34-(I34-AK34) -> -0.18876229 | M34: 4.44 | N34: 0 | O34: 0 | P34: 0 | Q34: =1005400/325851/1.9835*1.02 -> 1.5866743 | R34: =((2)*1.04)-T34 -> 1.4810661 | S34: 0 | T34: =(0.5433*1.06)*1.04 -> 0.59893392 | U34: =M34-(Q34+R34+S34+T34) -> 0.77332569 | V34: 18.3 | W34: 0 | X34: =M34-N34-P34-O34-Q34-R34-S34-T34-U34+V34+W34 -> 18.3 | Y34: =X34-AO34 -> 18.3 | AC34: 0 | AE34: 0 | AH34: 26.8 | AI34: =AI33-AH34 -> 3019.5 | AK34: =N34+O34+P34+Q34+R34+S34+T34+U34+X34+AE34+AH34 -> 49.54 | AL34: =IF(L34<0,L34*-1,0) -> 0.18876229 | AM34: =AK34+AL34 -> 49.728762 | AN34: =V34 -> 18.3 | AO34: 0 | AV34: 0.01 | AW34: 34 | AX34: -4 | AZ34: =SUM(N34,P34:U34) -> 4.44
A35: =A34+1 -> 21 | B35: 6871.83 | C35: 192739 | D35: =C35-C34 -> -54 | E35: =C35-152000 -> 40739 | F35: =D35/$D$2 -> -27.224603 | G35: 23 | H35: 0 | I35: =G35+H35 -> 23 | J35: =IF(L35>0,L35,0) -> 0 | K35: =I35+J35 -> 23 | L35: =F35-(I35-AK35) -> -0.85460297 | M35: 4.27 | N35: 0 | O35: 0 | P35: 0 | Q35: =1036700/325851/1.9835*1.02 -> 1.6360705 | R35: =((2)*1.04)-T35 -> 1.2605861 | S35: 0 | T35: =(0.7433*1.06)*1.04 -> 0.81941392 | U35: =M35-(Q35+R35+S35+T35) -> 0.55392952 | V35: 18.3 | W35: 0 | X35: =M35-N35-P35-O35-Q35-R35-S35-T35-U35+V35+W35 -> 18.3 | Y35: =X35-AO35 -> 18.3 | AC35: 0 | AE35: 0 | AH35: 26.8 | AI35: =AI34-AH35 -> 2992.7 | AK35: =N35+O35+P35+Q35+R35+S35+T35+U35+X35+AE35+AH35 -> 49.37 | AL35: =IF(L35<0,L35*-1,0) -> 0.85460297 | AM35: =AK35+AL35 -> 50.224603 | AN35: =V35 -> 18.3 | AO35: 0 | AV35: 0.01 | AW35: 50 | AX35: 10 | AZ35: =SUM(N35,P35:U35) -> 4.27
A36: =A35+1 -> 22 | B36: 6871.8 | C36: 192657 | D36: =C36-C35 -> -82 | E36: =C36-152000 -> 40657 | F36: =D36/$D$2 -> -41.341064 | G36: 24 | H36: 0 | I36: =G36+H36 -> 24 | J36: =IF(L36>0,L36,0) -> 0 | K36: =I36+J36 -> 24 | L36: =F36-(I36-AK36) -> -15.991064 | M36: 4.25 | N36: 0 | O36: 0 | P36: 0 | Q36: =909100/325851/1.9835*1.02 -> 1.4346982 | R36: =((2.1)*1.04)-T36 -> 1.3645861 | S36: 0 | T36: =(0.7433*1.06)*1.04 -> 0.81941392 | U36: =M36-(Q36+R36+S36+T36) -> 0.63130176 | V36: 18.3 | W36: 0 | X36: =M36-N36-P36-O36-Q36-R36-S36-T36-U36+V36+W36 -> 18.3 | Y36: =X36-AO36 -> 18.3 | AC36: 0 | AE36: 0 | AH36: 26.8 | AI36: =AI35-AH36 -> 2965.9 | AK36: =N36+O36+P36+Q36+R36+S36+T36+U36+X36+AE36+AH36 -> 49.35 | AL36: =IF(L36<0,L36*-1,0) -> 15.991064 | AM36: =AK36+AL36 -> 65.341064 | AN36: =V36 -> 18.3 | AO36: 0 | AV36: 0.05 | AW36: 46 | AX36: 14 | AZ36: =SUM(N36,P36:U36) -> 4.25
A37: =A36+1 -> 23 | B37: 6871.79 | C37: 192630 | D37: =C37-C36 -> -27 | E37: =C37-152000 -> 40630 | F37: =D37/$D$2 -> -13.612301 | G37: 25 | H37: 0 | I37: =G37+H37 -> 25 | J37: =IF(L37>0,L37,0) -> 10.397699 | K37: =I37+J37 -> 35.397699 | L37: =F37-(I37-AK37) -> 10.397699 | M37: 3.91 | N37: 0 | O37: 0 | P37: 0 | Q37: =1070900/325851/1.9835*1.02 -> 1.6900433 | R37: =((2.1)*1.04)-T37 -> 1.3645861 | S37: 0 | T37: =(0.7433*1.06)*1.04 -> 0.81941392 | U37: =M37-(Q37+R37+S37+T37) -> 0.035956717 | V37: 18.3 | W37: 0 | X37: =M37-N37-P37-O37-Q37-R37-S37-T37-U37+V37+W37 -> 18.3 | Y37: =X37-AO37 -> 18.3 | AC37: 0 | AE37: 0 | AH37: 26.8 | AI37: =AI36-AH37 -> 2939.1 | AK37: =N37+O37+P37+Q37+R37+S37+T37+U37+X37+AE37+AH37 -> 49.01 | AL37: =IF(L37<0,L37*-1,0) -> 0 | AM37: =AK37+AL37 -> 49.01 | AN37: =V37 -> 18.3 | AO37: 0 | AV37: 0.05 | AW37: 48 | AX37: 23 | AZ37: =SUM(N37,P37:U37) -> 3.91
A38: =A37+1 -> 24 | B38: 6871.81 | C38: 192685 | D38: =C38-C37 -> 55 | E38: =C38-152000 -> 40685 | F38: =D38/$D$2 -> 27.728762 | G38: 25 | H38: 0 | I38: =G38+H38 -> 25 | J38: =IF(L38>0,L38,0) -> 51.728762 | K38: =I38+J38 -> 76.728762 | L38: =F38-(I38-AK38) -> 51.728762 | M38: 3.9 | N38: 0 | O38: 0 | P38: 0 | Q38: =1004000/325851/1.9835*1.02 -> 1.5844649 | R38: =((2.1)*1.04)-T38 -> 1.3645861 | S38: 0 | T38: =(0.7433*1.06)*1.04 -> 0.81941392 | U38: =M38-(Q38+R38+S38+T38) -> 0.1315351 | V38: 18.3 | W38: 0 | X38: =M38-N38-P38-O38-Q38-R38-S38-T38-U38+V38+W38 -> 18.3 | Y38: =X38-AO38 -> 18.3 | AC38: 0 | AE38: 0 | AH38: 26.8 | AI38: =AI37-AH38 -> 2912.3 | AK38: =N38+O38+P38+Q38+R38+S38+T38+U38+X38+AE38+AH38 -> 49 | AL38: =IF(L38<0,L38*-1,0) -> 0 | AM38: =AK38+AL38 -> 49 | AN38: =V38 -> 18.3 | AO38: 0 | AV38: 0.07 | AW38: 38 | AX38: 20 | AZ38: =SUM(N38,P38:U38) -> 3.9
A39: =A38+1 -> 25 | B39: 6871.8 | C39: 192657 | D39: =C39-C38 -> -28 | E39: =C39-152000 -> 40657 | F39: =D39/$D$2 -> -14.116461 | G39: 25 | H39: 0 | I39: =G39+H39 -> 25 | J39: =IF(L39>0,L39,0) -> 9.8835392 | K39: =I39+J39 -> 34.883539 | L39: =F39-(I39-AK39) -> 9.8835392 | M39: 3.9 | N39: 0 | O39: 0 | P39: 0 | Q39: =866700/325851/1.9835*1.02 -> 1.3677846 | R39: =((2.2)*1.04)-T39 -> 1.4685861 | S39: 0 | T39: =(0.7433*1.06)*1.04 -> 0.81941392 | U39: =M39-(Q39+R39+S39+T39) -> 0.24421541 | V39: 18.3 | W39: 0 | X39: =M39-N39-P39-O39-Q39-R39-S39-T39-U39+V39+W39 -> 18.3 | Y39: =X39-AO39 -> 18.3 | AC39: 0 | AE39: 0 | AH39: 26.8 | AI39: =AI38-AH39 -> 2885.5 | AK39: =N39+O39+P39+Q39+R39+S39+T39+U39+X39+AE39+AH39 -> 49 | AL39: =IF(L39<0,L39*-1,0) -> 0 | AM39: =AK39+AL39 -> 49 | AN39: =V39 -> 18.3 | AO39: 0 | AV39: 0.01 | AW39: 35 | AX39: 11 | AZ39: =SUM(N39,P39:U39) -> 3.9
A40: =A39+1 -> 26 | B40: 6871.78 | C40: 192603 | D40: =C40-C39 -> -54 | E40: =C40-152000 -> 40603 | F40: =D40/$D$2 -> -27.224603 | G40: 24 | H40: 0 | I40: =G40+H40 -> 24 | J40: =IF(L40>0,L40,0) -> 0 | K40: =I40+J40 -> 24 | L40: =F40-(I40-AK40) -> -2.224603 | M40: 3.9 | N40: 0 | O40: 0 | P40: 0 | Q40: =1010300/325851/1.9835*1.02 -> 1.5944073 | R40: =((2.2)*1.04)-T40 -> 1.4685861 | S40: 0 | T40: =(0.7433*1.06)*1.04 -> 0.81941392 | U40: =M40-(Q40+R40+S40+T40) -> 0.017592745 | V40: 18.3 | W40: 0 | X40: =M40-N40-P40-O40-Q40-R40-S40-T40-U40+V40+W40 -> 18.3 | Y40: =X40-AO40 -> 18.3 | AC40: 0 | AE40: 0 | AH40: 26.8 | AI40: =AI39-AH40 -> 2858.7 | AK40: =N40+O40+P40+Q40+R40+S40+T40+U40+X40+AE40+AH40 -> 49 | AL40: =IF(L40<0,L40*-1,0) -> 2.224603 | AM40: =AK40+AL40 -> 51.224603 | AN40: =V40 -> 18.3 | AO40: 0 | AV40: 0.01 | AW40: 38 | AX40: 15 | AZ40: =SUM(N40,P40:U40) -> 3.9
A41: =A40+1 -> 27 | B41: 6871.77 | C41: 192576 | D41: =C41-C40 -> -27 | E41: =C41-152000 -> 40576 | F41: =D41/$D$2 -> -13.612301 | G41: 24 | H41: 0 | I41: =G41+H41 -> 24 | J41: =IF(L41>0,L41,0) -> 11.297699 | K41: =I41+J41 -> 35.297699 | L41: =F41-(I41-AK41) -> 11.297699 | M41: 3.81 | N41: 0 | O41: 0 | P41: 0 | Q41: =943900/325851/1.9835*1.02 -> 1.4896179 | R41: =((2.2)*1.04)-T41 -> 1.4685861 | S41: 0 | T41: =(0.7433*1.06)*1.04 -> 0.81941392 | U41: =M41-(Q41+R41+S41+T41) -> 0.032382057 | V41: 18.3 | W41: 0 | X41: =M41-N41-P41-O41-Q41-R41-S41-T41-U41+V41+W41 -> 18.3 | Y41: =X41-AO41 -> 18.3 | AC41: 0 | AE41: 0 | AH41: 26.8 | AI41: =AI40-AH41 -> 2831.9 | AK41: =N41+O41+P41+Q41+R41+S41+T41+U41+X41+AE41+AH41 -> 48.91 | AL41: =IF(L41<0,L41*-1,0) -> 0 | AM41: =AK41+AL41 -> 48.91 | AN41: =V41 -> 18.3 | AO41: 0 | AV41: 0 | AW41: 32 | AX41: 8 | AZ41: =SUM(N41,P41:U41) -> 3.81
A42: =A41+1 -> 28 | B42: 6871.73 | C42: 192467 | D42: =C42-C41 -> -109 | E42: =C42-152000 -> 40467 | F42: =D42/$D$2 -> -54.953365 | G42: 23 | H42: 0 | I42: =G42+H42 -> 23 | J42: =IF(L42>0,L42,0) -> 0 | K42: =I42+J42 -> 23 | L42: =F42-(I42-AK42) -> -29.143365 | M42: 3.71 | N42: 0 | O42: 0 | P42: 0 | Q42: =924300/325851/1.9835*1.02 -> 1.4586862 | R42: =((2.2)*1.04)-T42 -> 1.7190514 | S42: 0 | T42: =(0.5161*1.06)*1.04 -> 0.56894864 | U42: =M42-(Q42+R42+S42+T42) -> -0.036686158 | V42: 18.3 | W42: 0 | X42: =M42-N42-P42-O42-Q42-R42-S42-T42-U42+V42+W42 -> 18.3 | Y42: =X42-AO42 -> 18.3 | AC42: 0 | AE42: 0 | AH42: 26.8 | AI42: =AI41-AH42 -> 2805.1 | AK42: =N42+O42+P42+Q42+R42+S42+T42+U42+X42+AE42+AH42 -> 48.81 | AL42: =IF(L42<0,L42*-1,0) -> 29.143365 | AM42: =AK42+AL42 -> 77.953365 | AN42: =V42 -> 18.3 | AO42: 0 | AV42: 0 | AW42: 30 | AX42: 2 | AZ42: =SUM(N42,P42:U42) -> 3.71
A43: =A42+1 -> 29 | B43: 6871.72 | C43: 192440 | D43: =C43-C42 -> -27 | E43: =C43-152000 -> 40440 | F43: =D43/$D$2 -> -13.612301 | G43: 22 | H43: 0 | I43: =G43+H43 -> 22 | J43: =IF(L43>0,L43,0) -> 13.427699 | K43: =I43+J43 -> 35.427699 | L43: =F43-(I43-AK43) -> 13.427699 | M43: 3.94 | N43: 0 | O43: 0 | P43: 0 | Q43: =1008000/325851/1.9835*1.02 -> 1.5907775 | R43: =((2.2)*1.04)-T43 -> 1.7190514 | S43: 0 | T43: =(0.5161*1.06)*1.04 -> 0.56894864 | U43: =M43-(Q43+R43+S43+T43) -> 0.061222495 | V43: 18.3 | W43: 0 | X43: =M43-N43-P43-O43-Q43-R43-S43-T43-U43+V43+W43 -> 18.3 | Y43: =X43-AO43 -> 18.3 | AC43: 0 | AE43: 0 | AH43: 26.8 | AI43: =AI42-AH43 -> 2778.3 | AK43: =N43+O43+P43+Q43+R43+S43+T43+U43+X43+AE43+AH43 -> 49.04 | AL43: =IF(L43<0,L43*-1,0) -> 0 | AM43: =AK43+AL43 -> 49.04 | AN43: =V43 -> 18.3 | AO43: 0 | AV43: 0.01 | AW43: 33 | AX43: 0 | AZ43: =SUM(N43,P43:U43) -> 3.94
A44: 30 | B44: 6871.71 | C44: 192413 | D44: =C44-C43 -> -27 | E44: =C44-152000 -> 40413 | F44: =D44/$D$2 -> -13.612301 | G44: 23 | H44: 0 | I44: =G44+H44 -> 23 | J44: =IF(L44>0,L44,0) -> 12.937699 | K44: =I44+J44 -> 35.937699 | L44: =F44-(I44-AK44) -> 12.937699 | M44: 4.45 | N44: 0 | O44: 0 | P44: 0 | Q44: =1034700/325851/1.9835*1.02 -> 1.6329142 | R44: =((2.2)*1.04)-T44 -> 1.7190514 | S44: 0 | T44: =(0.5161*1.06)*1.04 -> 0.56894864 | U44: =M44-(Q44+R44+S44+T44) -> 0.52908583 | V44: 18.3 | W44: 0 | X44: =M44-N44-P44-O44-Q44-R44-S44-T44-U44+V44+W44 -> 18.3 | Y44: =X44-AO44 -> 18.3 | AC44: 0 | AE44: 0 | AH44: 26.8 | AI44: =AI43-AH44 -> 2751.5 | AK44: =N44+O44+P44+Q44+R44+S44+T44+U44+X44+AE44+AH44 -> 49.55 | AL44: =IF(L44<0,L44*-1,0) -> 0 | AM44: =AK44+AL44 -> 49.55 | AN44: =V44 -> 18.3 | AO44: 0 | AV44: 0.01 | AW44: 41 | AX44: 10 | AZ44: =SUM(N44,P44:U44) -> 4.45
A45: 31 | B45: 6871.7 | C45: 192386 | D45: =C45-C44 -> -27 | E45: =C45-152000 -> 40386 | F45: =D45/$D$2 -> -13.612301 | G45: 24 | H45: 0 | I45: =G45+H45 -> 24 | J45: =IF(L45>0,L45,0) -> 11.547699 | K45: =I45+J45 -> 35.547699 | L45: =F45-(I45-AK45) -> 11.547699 | M45: 4.06 | N45: 0 | O45: 0 | P45: 0 | Q45: =902800/325851/1.9835*1.02 -> 1.4247559 | R45: =((2.2)*1.04)-T45 -> 1.7190514 | S45: 0 | T45: =(0.5161*1.06)*1.04 -> 0.56894864 | U45: =M45-(Q45+R45+S45+T45) -> 0.34724412 | V45: 18.3 | W45: 0 | X45: =M45-N45-P45-O45-Q45-R45-S45-T45-U45+V45+W45 -> 18.3 | Y45: =X45-AO45 -> 18.3 | AC45: 0 | AE45: 0 | AH45: 26.8 | AI45: =AI44-AH45 -> 2724.7 | AK45: =N45+O45+P45+Q45+R45+S45+T45+U45+X45+AE45+AH45 -> 49.16 | AL45: =IF(L45<0,L45*-1,0) -> 0 | AM45: =AK45+AL45 -> 49.16 | AN45: =V45 -> 18.3 | AO45: 0 | AV45: 0 | AW45: 31 | AX45: 1 | AZ45: =SUM(N45,P45:U45) -> 4.06
X46: =M46-N46-O46-Q46-R46-S46+V46+W46 -> 0 | Y46: =N46-O46-P46-R46-S46-U46+W46+X46 -> 0 | AK46: =N46+O46+Q46+R46+S46+X46+AE46+AH46 -> 0
A47: MONTH / CFS | F47: =SUM(F15:F45) -> -563.14595 | G47: =SUM(G15:G45) -> 797 | H47: =SUM(H15:H45) -> 0 | I47: =SUM(I15:I45) -> 797 | J47: =SUM(J15:J45) -> 251.34646 | K47: =SUM(K15:K45) -> 1048.3465 | L47: =SUM(L15:L45) -> 43.534046 | M47: =SUM(M15:M45) -> 121.32 | ... O47: =SUM(O15:O45) -> 0 | Q47: =SUM(Q15:Q45) -> 45.7257 | R47: =SUM(R15:R45) -> 47.850772 | S47: =SUM(S15:S45) -> 0 | T47: =SUM(T15:T45) -> 18.813228 | U47: =SUM(U15:U45) -> 8.9303 | V47: =SUM(V15:V45) -> 485.56 | W47: =SUM(W15:W45) -> 0 | X47: =SUM(X15:X45) -> 485.56 | Y47: =SUM(Y15:Y45) -> 485.56 | AC47: =SUM(AC15:AC45) -> 27.7 | AH47: =SUM(AH15:AH45) -> 796.8 | AJ47: =SUM(AJ15:AJ45) -> 0 | AK47: =SUM(AK15:AK45) -> 1403.68 | AL47: =SUM(AL15:AL45) -> 207.81241 | AM47: =SUM(AM15:AM45) -> 1611.4924 | AN47: =SUM(AN15:AN45) -> 485.56 | AO47: =SUM(AO15:AO45) -> 0 | AV47: =SUM(AV15:AV45) -> 1.263 | AW47: =AVERAGE(AW15:AW45) -> 41.16129 | AX47: =AVERAGE(AX15:AX45) -> 16.483871 | AY47: Avg | AZ47: =SUM(AZ15:AZ45) -> 121.32
A48: MONTH / AF | D48: =SUM(D15:D45) -> -1117 | F48: =F47*$D$2 -> -1117 | G48: =G47*$D$2 -> 1580.8495 | H48: =H47*$D$2 -> 0 | I48: =I47*$D$2 -> 1580.8495 | J48: =J47*$D$2 -> 498.5457 | K48: =K47*$D$2 -> 2079.3952 | L48: =L47*$D$2 -> 86.34978 | M48: =M47*$D$2 -> 240.63822 | ... O48: =O47*$D$2 -> 0 | Q48: =Q47*$D$2 -> 90.696926 | R48: =R47*$D$2 -> 94.912007 | S48: =S47*$D$2 -> 0 | T48: =T47*$D$2 -> 37.316037 | U48: =U47*$D$2 -> 17.71325 | V48: =V47*$D$2 -> 963.10826 | W48: =W47*$D$2 -> 0 | X48: =X47*$D$2 -> 963.10826 | Y48: =Y47*$D$2 -> 963.10826 | AC48: =AC47*$D$2 -> 54.94295 | AH48: =AH47*$D$2 -> 1580.4528 | AJ48: =AJ47*$D$2 -> 0 | AK48: =AK47*$D$2 -> 2784.1993 | AL48: =AL47*$D$2 -> 412.19592 | AM48: =AM47*$D$2 -> 3196.3952 | AN48: =AN47*$D$2 -> 963.10826 | AO48: =AO47*$D$2 -> 0 | AW48: =MAX(AW15:AW45) -> 57 | AX48: =MAX(AX15:AX45) -> 31 | AY48: HI | AZ48: =AZ47*$D$2 -> 240.63822
A50: SEASON / CFS | AW50: =MIN(AW15:AW45) -> 30 | AX50: =MIN(AX15:AX45) -> -4 | AY50: LO
A51: SEASON / AF
A53: YTD / CFS | F53: =F13+F47 -> -1396.0171 | G53: =G13+G47 -> 1777 | H53: =H13+H47 -> 0.62 | I53: =I13+I47 -> 1777 | J53: =J13+J47 -> 379.04663 | K53: =K13+K47 -> 2156.0466 | L53: =L13+L47 -> -101.42164 | M53: =M13+M47 -> 422.64 | N53: =N13+N47 -> 0 | O53: 0 | Q53: =Q13+Q47 -> 92.593583 | R53: =R13+R47 -> 101.04173 | S53: =S13+S47 -> 0 | T53: =T13+T47 -> 35.302265 | U53: =U13+U47 -> 14.039977 | V53: =V13+V47 -> 1033.32 | W53: =W13+W47 -> 84.4 | X53: =X13+X47 -> 1297.3824 | Y53: =Y13+Y47 -> 973.42 | AC53: =AC13+AC47 -> 27.7 | AH53: =AH13+AH47 -> 1522.3 | AI53: =AI45 -> 2724.7 | AJ53: =AJ14+AJ47 -> 0 | AK53: =AK13+AK47 -> 3071.5955 | AL53: =AL13+AL47 -> 480.46828 | AM53: =AM13+AM47 -> 3552.0638 | AN53: =AN13+AN47 -> 973.42 | AO53: =AO13+AO47 -> 323.96244 | AV53: =AV13+AV47 -> 1.673 | AZ53: =AZ13+AZ47 -> 242.97756
A54: YTD / AF | D54: =D13+D48 -> -2769 | E54: =E45 -> 40386 | F54: =F53*$D$2 -> -2769 | G54: =G53*$D$2 -> 3524.6795 | H54: =H53*$D$2 -> 1.22977 | I54: =I53*$D$2 -> 3524.6795 | J54: =J53*$D$2 -> 751.839 | K54: =K53*$D$2 -> 4276.5185 | L54: =L53*$D$2 -> -201.16983 | M54: =M53*$D$2 -> 838.30644 | ... O54: =O53*$D$2 -> 0 | Q54: =Q53*$D$2 -> 183.65937 | R54: =R53*$D$2 -> 200.41628 | S54: =S53*$D$2 -> 0 | T54: =T53*$D$2 -> 70.022044 | U54: =U53*$D$2 -> 27.848293 | V54: =V53*$D$2 -> 2049.5902 | W54: =W53*$D$2 -> 167.4074 | X54: =X53*$D$2 -> 2573.3581 | Y54: =Y53*$D$2 -> 1930.7786 | AC54: =AC53*$D$2 -> 54.94295 | AH54: =AH53*$D$2 -> 3019.4821 | AI54: =AI53*$D$2 -> 5404.4424 | AJ54: =AJ53*$D$2 -> 0 | AK54: =AK53*$D$2 -> 6092.5097 | AL54: =AL53*$D$2 -> 953.00883 | AM54: =AM53*$D$2 -> 7045.5185 | AN54: =AN53*$D$2 -> 1930.7786 | AO54: =AO53*$D$2 -> 642.5795 | AZ54: =AZ53*$D$2 -> 481.94599

Sheet JAN
K1: MCPHEE RESERVOIR INFLOW/OUTFLOW TABULATION
A2: AF/cfs CONVERT FACTOR | D2: 1.9835 | K2: JANUARY "2013"
D4: RESERVOIR | I4: INFLOW | X4: OUTFLOW | AP4: ADJUSTMENTS | AW4: WEATHER
A5: DATE | B5: RESERV | C5: RESERV | D5: AC FT | E5: ACTIVE | F5: CONV TO | G5: DOLORES | H5: LOST | I5: RECORD | J5: CALC | K5: TOTAL | L5: CALC | M5: DOLORES TUNNEL | V5: LONE | W5: U | X5: TOTAL | Y5: TOTAL | Z5: MVI | AA5: MVI | AB5: MVI | AC5: TO EX & | AD5: MVI | AE5: DV CR | AF5: D/S SENIOR | AH5: BELOW | AI5: FISH | AJ5: SPILL | AK5: RECORD | AL5: CALC | AM5: TOTAL | AN5: NAR | AO5: MVI | AP5: MVI | AQ5: MVI | AR5: DIST. | AS5: U/S | AT5: TOTTEN | AU5: UTES | AV5: RAIN | AW5: MAX | AX5: MIN | AZ5: TOTAL
A6: DEC | B6: ELEV | D6: CHANGE | E6: CAP | F6: CFS | G6: RIVER | H6: CAN | I6: INFLOW | J6: INFLOW | K6: INFLOW | L6: INF/OTF | M6: TOT DIV | N6: WET | O6: UTE | P6: QUEST | Q6: MWC | R6: CORTEZ | T6: UTE | U6: F-BAY | V6: PINE | W6: LAT | X6: MVI | Y6: MVI | Z6: CALL | AA6: CALL | AB6: APR- | AC6: U/S EX | AD6: PROJ | AE6: CANAL | AF6: MVIC | AG6: PROJ | AH6: MCP | AI6: LEFT | AK6: OTF | AL6: OTF | AM6: OTF | AN6: FILL | AO6: STOCK | AP6: STORED | AQ6: STORED | AR6: CLASS | AS6: USERS | AT6: (FRESH | AU6: FROM | AW6: TMP | AX6: TMP | AZ6: TUNNEL
N7: LAND | O7: F&R | Q7: NON - | R7: NON - | S7: PROJ | T7: PROJ | U7: BAL | X7: WATER | Y7: IRRIG. | Z7: STOR | AA7: SPILLED | AB7: JUNE | AF7: 1.7 | AG7: 1.3 | AP7: Apr - Jun | AQ7: EVAP | AR7: "B" | AS7: EXCH | AT7: WATER) | AU7: DWCD | AZ7: Misc.
Q8: PROJ | R8: PROJ | X8: USED | Y8: WATER | AA8: OR | AB8: (DIV+
R9: 4.2 | Y9: USED | AA9: USED | AB9: CALL)
C10: AC. Ft. | E10: AC FT | G10: CFS | H10: CFS | I10: CFS | J10: CFS | K10: CFS | L10: CFS | M10: CFS | N10: CFS | O10: CFS | P10: CFS | Q10: CFS | R10: CFS | S10: CFS | T10: CFS | U10: CFS | V10: CFS | W10: CFS | X10: 153400 | Y10: 150400 | AB10: 72000 | AC10: CFS | AD10: CFS | AE10: CFS | AF10: CFS | AG10: CFS | AH10: CFS | AI10: CFS | AJ10: CFS | AK10: CFS | AL10: CFS | AM10: CFS | AN10: CFS | AO10: CFS | AP10: CFS | AQ10: AC.FT. | AR10: CFS | AS10: CFS | AT10: CFS | AU10: CFS | AZ10: Outflow
N11: 1.03 | O11: 1.05 | P11: 1.02 | Q11: 1.02 | R11: 1.04 | T11: 1.04 | X11: CFS | Y11: CFS | Z11: CFS | AA11: CFS | AB11: Ac. Ft. | AZ11: CFS
A12: SEASON BAL
A13: YTD | B13: =DEC!B45 -> 6871.7 | C13: =DEC!C45 -> 192386 | D13: =DEC!D54 -> -2769 | E13: =DEC!E54 -> 40386 | F13: =DEC!F53 -> -1396.0171 | G13: =DEC!G53 -> 1777 | H13: =DEC!H53 -> 0.62 | I13: =DEC!I53 -> 1777 | J13: =DEC!J53 -> 379.04663 | K13: =DEC!K53 -> 2156.0466 | L13: =DEC!L53 -> -101.42164 | M13: =DEC!M53 -> 422.64 | ... Y13: =DEC!Y53 -> 973.42 | AC13: =DEC!AC53 -> 27.7 | AH13: =DEC!AH53 -> 1522.3 | AI13: =DEC!AI53 -> 2724.7 | AK13: =DEC!AK53 -> 3071.5955 | AL13: =DEC!AL53 -> 480.46828 | AM13: =DEC!AM53 -> 3552.0638 | AN13: =DEC!AN53 -> 973.42 | AO13: =DEC!AO53 -> 323.96244 | AV13: =DEC!AV53 -> 1.673 | AZ13: =DEC!AZ53 -> 242.97756
A15: 1 | B15: 6871.67 | C15: 192304 | D15: =C15-C13 -> -82 | E15: =C15-152000 -> 40304 | F15: =D15/$D$2 -> -41.341064 | G15: 23 | H15: 0 | I15: =G15+H15 -> 23 | J15: =IF(L15>0,L15,0) -> 0 | K15: =I15+J15 -> 23 | L15: =F15-(I15-AK15) -> -15.471064 | M15: 3.77 | N15: 0 | O15: 0 | P15: 0 | Q15: =989600/325851/1.9835*1.02 -> 1.5617395 | R15: =((2.2)*1.04)-T15 -> 1.7126574 | S15: 0 | T15: =(0.5219*1.06)*1.04 -> 0.57534256 | U15: =M15-(Q15+R15+S15+T15) -> -0.079739502 | V15: 18.3 | W15: 0 | X15: =M15-N15-P15-O15-Q15-R15-S15-T15-U15+V15+W15 -> 18.3 | Y15: =X15-AO15 -> 18.3 | AC15: 0 | AE15: 0 | AH15: 26.8 | AI15: =AI13-AH15 -> 2697.9 | AK15: =N15+O15+P15+Q15+R15+S15+T15+U15+X15+AE15+AH15 -> 48.87 | AL15: =IF(L15<0,L15*-1,0) -> 15.471064 | AM15: =AK15+AL15 -> 64.341064 | AN15: =X15 -> 18.3 | AO15: 0 | AV15: 0 | AW15: 31 | AX15: -3 | AZ15: =SUM(N15,P15:U15) -> 3.77
A16: =A15+1 -> 2 | B16: 6871.64 | C16: 192223 | D16: =C16-C15 -> -81 | E16: =C16-152000 -> 40223 | F16: =D16/$D$2 -> -40.836904 | G16: 20 | H16: 0 | I16: =G16+H16 -> 20 | J16: =IF(L16>0,L16,0) -> 0 | K16: =I16+J16 -> 20 | L16: =F16-(I16-AK16) -> -11.836904 | M16: 3.9 | N16: 0 | O16: 0 | P16: 0 | Q16: =983400/325851/1.9835*1.02 -> 1.551955 | R16: =((2.2)*1.04)-T16 -> 1.7126574 | S16: 0 | T16: =(0.5219*1.06)*1.04 -> 0.57534256 | U16: =M16-(Q16+R16+S16+T16) -> 0.060045042 | V16: 18.3 | W16: 0 | X16: =M16-N16-P16-O16-Q16-R16-S16-T16-U16+V16+W16 -> 18.3 | Y16: =X16-AO16 -> 18.3 | AC16: 0 | AE16: 0 | AH16: 26.8 | AI16: =AI15-AH16 -> 2671.1 | AK16: =N16+O16+P16+Q16+R16+S16+T16+U16+X16+AE16+AH16 -> 49 | AL16: =IF(L16<0,L16*-1,0) -> 11.836904 | AM16: =AK16+AL16 -> 60.836904 | AN16: =X16 -> 18.3 | AO16: 0 | AV16: 0 | AW16: 32 | AX16: -4 | AZ16: =SUM(N16,P16:U16) -> 3.9
A17: =A16+1 -> 3 | B17: 6871.62 | C17: 192168 | D17: =C17-C16 -> -55 | E17: =C17-152000 -> 40168 | F17: =D17/$D$2 -> -27.728762 | G17: 19 | H17: 0 | I17: =G17+H17 -> 19 | J17: =IF(L17>0,L17,0) -> 2.1612377 | K17: =I17+J17 -> 21.161238 | L17: =F17-(I17-AK17) -> 2.1612377 | M17: 3.79 | N17: 0 | O17: 0 | P17: 0 | Q17: =989400/325851/1.9835*1.02 -> 1.5614239 | R17: =((2.2)*1.04)-T17 -> 1.7126574 | S17: 0 | T17: =(0.5219*1.06)*1.04 -> 0.57534256 | U17: =M17-(Q17+R17+S17+T17) -> -0.059423872 | V17: 18.3 | W17: 0 | X17: =M17-N17-P17-O17-Q17-R17-S17-T17-U17+V17+W17 -> 18.3 | Y17: =X17-AO17 -> 18.3 | AC17: 0 | AE17: 0 | AH17: 26.8 | AI17: =AI16-AH17 -> 2644.3 | AK17: =N17+O17+P17+Q17+R17+S17+T17+U17+X17+AE17+AH17 -> 48.89 | AL17: =IF(L17<0,L17*-1,0) -> 0 | AM17: =AK17+AL17 -> 48.89 | AN17: =X17 -> 18.3 | AO17: 0 | AV17: 0 | AW17: 30 | AX17: 0 | AZ17: =SUM(N17,P17:U17) -> 3.79
A18: =A17+1 -> 4 | B18: 6871.6 | C18: 192114 | D18: =C18-C17 -> -54 | E18: =C18-152000 -> 40114 | F18: =D18/$D$2 -> -27.224603 | G18: 19 | H18: 0 | I18: =G18+H18 -> 19 | J18: =IF(L18>0,L18,0) -> 3.115397 | K18: =I18+J18 -> 22.115397 | L18: =F18-(I18-AK18) -> 3.115397 | M18: 4.24 | N18: 0 | O18: 0 | P18: 0 | Q18: =939200/325851/1.9835*1.02 -> 1.4822006 | R18: =((2.2)*1.04)-T18 -> 1.6910504 | S18: 0 | T18: =(0.5415*1.06)*1.04 -> 0.5969496 | U18: =M18-(Q18+R18+S18+T18) -> 0.46979937 | V18: 18.3 | W18: 0 | X18: =M18-N18-P18-O18-Q18-R18-S18-T18-U18+V18+W18 -> 18.3 | Y18: =X18-AO18 -> 18.3 | AC18: 0 | AE18: 0 | AH18: 26.8 | AI18: =AI17-AH18 -> 2617.5 | AK18: =N18+O18+P18+Q18+R18+S18+T18+U18+X18+AE18+AH18 -> 49.34 | AL18: =IF(L18<0,L18*-1,0) -> 0 | AM18: =AK18+AL18 -> 49.34 | AN18: =X18 -> 18.3 | AO18: 0 | AV18: 0 | AW18: 30 | AX18: 0 | AZ18: =SUM(N18,P18:U18) -> 4.24
A19: =A18+1 -> 5 | B19: 6871.58 | C19: 192060 | D19: =C19-C18 -> -54 | E19: =C19-152000 -> 40060 | F19: =D19/$D$2 -> -27.224603 | G19: 21 | H19: 0 | I19: =G19+H19 -> 21 | J19: =IF(L19>0,L19,0) -> 0.94539703 | K19: =I19+J19 -> 21.945397 | L19: =F19-(I19-AK19) -> 0.94539703 | M19: 4.07 | N19: 0 | O19: 0 | P19: 0 | Q19: =977600/325851/1.9835*1.02 -> 1.5428017 | R19: =((2.2)*1.04)-T19 -> 1.6910504 | S19: 0 | T19: =(0.5415*1.06)*1.04 -> 0.5969496 | U19: =M19-(Q19+R19+S19+T19) -> 0.23919832 | V19: 18.3 | W19: 0 | X19: =M19-N19-P19-O19-Q19-R19-S19-T19-U19+V19+W19 -> 18.3 | Y19: =X19-AO19 -> 18.3 | AC19: 0 | AE19: 0 | AH19: 26.8 | AI19: =AI18-AH19 -> 2590.7 | AK19: =N19+O19+P19+Q19+R19+S19+T19+U19+X19+AE19+AH19 -> 49.17 | AL19: =IF(L19<0,L19*-1,0) -> 0 | AM19: =AK19+AL19 -> 49.17 | AN19: =X19 -> 18.3 | AO19: 0 | AV19: 0 | AW19: 30 | AX19: -1 | AZ19: =SUM(N19,P19:U19) -> 4.07
A20: =A19+1 -> 6 | B20: 6871.56 | C20: 192005 | D20: =C20-C19 -> -55 | E20: =C20-152000 -> 40005 | F20: =D20/$D$2 -> -27.728762 | G20: 22 | H20: 0 | I20: =G20+H20 -> 22 | J20: =IF(L20>0,L20,0) -> 0 | K20: =I20+J20 -> 22 | L20: =F20-(I20-AK20) -> -0.72876229 | M20: 3.9 | N20: 0 | O20: 0 | P20: 0 | Q20: =1157400/325851/1.9835*1.02 -> 1.8265535 | R20: =((2.2)*1.04)-T20 -> 1.6910504 | S20: 0 | T20: =(0.5415*1.06)*1.04 -> 0.5969496 | U20: =M20-(Q20+R20+S20+T20) -> -0.21455346 | V20: 18.3 | W20: 0 | X20: =M20-N20-P20-O20-Q20-R20-S20-T20-U20+V20+W20 -> 18.3 | Y20: =X20-AO20 -> 18.3 | AC20: 0 | AE20: 0 | AH20: 26.8 | AI20: =AI19-AH20 -> 2563.9 | AK20: =N20+O20+P20+Q20+R20+S20+T20+U20+X20+AE20+AH20 -> 49 | AL20: =IF(L20<0,L20*-1,0) -> 0.72876229 | AM20: =AK20+AL20 -> 49.728762 | AN20: =X20 -> 18.3 | AO20: 0 | AV20: 0 | AW20: 45 | AX20: 5 | AZ20: =SUM(N20,P20:U20) -> 3.9
A21: =A20+1 -> 7 | B21: 6871.54 | C21: 191951 | D21: =C21-C20 -> -54 | E21: =C21-152000 -> 39951 | F21: =D21/$D$2 -> -27.224603 | G21: 22 | H21: 0 | I21: =G21+H21 -> 22 | J21: =IF(L21>0,L21,0) -> 0 | K21: =I21+J21 -> 22 | L21: =F21-(I21-AK21) -> -0.24460297 | M21: 3.38 | N21: 0 | O21: 0 | P21: 0 | Q21: =939800/325851/1.9835*1.02 -> 1.4831475 | R21: =((2.2)*1.04)-T21 -> 1.6910504 | S21: 0 | T21: =(0.5415*1.06)*1.04 -> 0.5969496 | U21: =M21-(Q21+R21+S21+T21) -> -0.39114752 | V21: 18.3 | W21: 0 | X21: =M21-N21-P21-O21-Q21-R21-S21-T21-U21+V21+W21 -> 18.3 | Y21: =X21-AO21 -> 18.3 | AC21: 0 | AE21: 0 | AH21: 27.3 | AI21: =AI20-AH21 -> 2536.6 | AK21: =N21+O21+P21+Q21+R21+S21+T21+U21+X21+AE21+AH21 -> 48.98 | AL21: =IF(L21<0,L21*-1,0) -> 0.24460297 | AM21: =AK21+AL21 -> 49.224603 | AN21: =X21 -> 18.3 | AO21: 0 | AV21: 0 | AW21: 48 | AX21: 10 | AZ21: =SUM(N21,P21:U21) -> 3.38
A22: =A21+1 -> 8 | B22: 6871.53 | C22: 191924 | D22: =C22-C21 -> -27 | E22: =C22-152000 -> 39924 | F22: =D22/$D$2 -> -13.612301 | G22: 21 | H22: 0 | I22: =G22+H22 -> 21 | J22: =IF(L22>0,L22,0) -> 15.577699 | K22: =I22+J22 -> 36.577699 | L22: =F22-(I22-AK22) -> 15.577699 | M22: 4.39 | N22: 0 | O22: 0 | P22: 0 | Q22: =849800/325851/1.9835*1.02 -> 1.3411138 | R22: =((2.2)*1.04)-T22 -> 1.6910504 | S22: 0 | T22: =(0.5415*1.06)*1.04 -> 0.5969496 | U22: =M22-(Q22+R22+S22+T22) -> 0.76088619 | V22: 18.3 | W22: 0 | X22: =M22-N22-P22-O22-Q22-R22-S22-T22-U22+V22+W22 -> 18.3 | Y22: =X22-AO22 -> 18.3 | AC22: 0 | AE22: 0 | AH22: 27.5 | AI22: =AI21-AH22 -> 2509.1 | AK22: =N22+O22+P22+Q22+R22+S22+T22+U22+X22+AE22+AH22 -> 50.19 | AL22: =IF(L22<0,L22*-1,0) -> 0 | AM22: =AK22+AL22 -> 50.19 | AN22: =X22 -> 18.3 | AO22: 0 | AV22: 0 | AW22: 46 | AX22: 8 | AZ22: =SUM(N22,P22:U22) -> 4.39
A23: =A22+1 -> 9 | B23: 6871.51 | C23: 191870 | D23: =C23-C22 -> -54 | E23: =C23-152000 -> 39870 | F23: =D23/$D$2 -> -27.224603 | G23: 21 | H23: 0 | I23: =G23+H23 -> 21 | J23: =IF(L23>0,L23,0) -> 1.065397 | K23: =I23+J23 -> 22.065397 | L23: =F23-(I23-AK23) -> 1.065397 | M23: 3.49 | N23: 0 | O23: 0 | P23: 0 | Q23: =913500/325851/1.9835*1.02 -> 1.4416421 | R23: =((2.5)*1.04)-T23 -> 2.0030504 | S23: 0 | T23: =(0.5415*1.06)*1.04 -> 0.5969496 | U23: =M23-(Q23+R23+S23+T23) -> -0.55164211 | V23: 18.3 | W23: 0 | X23: =M23-N23-P23-O23-Q23-R23-S23-T23-U23+V23+W23 -> 18.3 | Y23: =X23-AO23 -> 18.3 | AC23: 0 | AE23: 0 | AH23: 27.5 | AI23: =AI22-AH23 -> 2481.6 | AK23: =N23+O23+P23+Q23+R23+S23+T23+U23+X23+AE23+AH23 -> 49.29 | AL23: =IF(L23<0,L23*-1,0) -> 0 | AM23: =AK23+AL23 -> 49.29 | AN23: =X23 -> 18.3 | AO23: 0 | AV23: 0 | AW23: 44 | AX23: 9 | AZ23: =SUM(N23,P23:U23) -> 3.49
A24: =A23+1 -> 10 | B24: 6871.48 | C24: 191788 | D24: =C24-C23 -> -82 | E24: =C24-152000 -> 39788 | F24: =D24/$D$2 -> -41.341064 | G24: 21 | H24: 0 | I24: =G24+H24 -> 21 | J24: =IF(L24>0,L24,0) -> 0 | K24: =I24+J24 -> 21 | L24: =F24-(I24-AK24) -> -13.031064 | M24: 3.61 | N24: 0 | O24: 0 | P24: 0 | Q24: =988700/325851/1.9835*1.02 -> 1.5603192 | R24: =((2.5)*1.04)-T24 -> 2.0030504 | S24: 0 | T24: =(0.5415*1.06)*1.04 -> 0.5969496 | U24: =M24-(Q24+R24+S24+T24) -> -0.55031917 | V24: 18.3 | W24: 0 | X24: =M24-N24-P24-O24-Q24-R24-S24-T24-U24+V24+W24 -> 18.3 | Y24: =X24-AO24 -> 18.3 | AC24: 0 | AE24: 0 | AH24: 27.4 | AI24: =AI23-AH24 -> 2454.2 | AK24: =N24+O24+P24+Q24+R24+S24+T24+U24+X24+AE24+AH24 -> 49.31 | AL24: =IF(L24<0,L24*-1,0) -> 13.031064 | AM24: =AK24+AL24 -> 62.341064 | AN24: =X24 -> 18.3 | AO24: 0 | AV24: 0 | AW24: 44 | AX24: 17 | AZ24: =SUM(N24,P24:U24) -> 3.61
A25: =A24+1 -> 11 | B25: 6871.46 | C25: 191734 | D25: =C25-C24 -> -54 | E25: =C25-152000 -> 39734 | F25: =D25/$D$2 -> -27.224603 | G25: 22 | H25: 0 | I25: =G25+H25 -> 22 | J25: =IF(L25>0,L25,0) -> 0.36539703 | K25: =I25+J25 -> 22.365397 | L25: =F25-(I25-AK25) -> 0.36539703 | M25: 3.79 | N25: 0 | O25: 0 | P25: 0 | Q25: =851800/325851/1.9835*1.02 -> 1.3442701 | R25: =((2.5)*1.04)-T25 -> 1.988168 | S25: 0 | T25: =(0.555*1.06)*1.04 -> 0.611832 | U25: =M25-(Q25+R25+S25+T25) -> -0.15427012 | V25: 18.3 | W25: 0 | X25: =M25-N25-P25-O25-Q25-R25-S25-T25-U25+V25+W25 -> 18.3 | Y25: =X25-AO25 -> 18.3 | AC25: 0 | AE25: 0 | AH25: 27.5 | AI25: =AI24-AH25 -> 2426.7 | AK25: =N25+O25+P25+Q25+R25+S25+T25+U25+X25+AE25+AH25 -> 49.59 | AL25: =IF(L25<0,L25*-1,0) -> 0 | AM25: =AK25+AL25 -> 49.59 | AN25: =X25 -> 18.3 | AO25: 0 | AV25: 0 | AW25: 38 | AX25: -4 | AZ25: =SUM(N25,P25:U25) -> 3.79
A26: =A25+1 -> 12 | B26: 6871.45 | C26: 191707 | D26: =C26-C25 -> -27 | E26: =C26-152000 -> 39707 | F26: =D26/$D$2 -> -13.612301 | G26: 21 | H26: 0 | I26: =G26+H26 -> 21 | J26: =IF(L26>0,L26,0) -> 15.927699 | K26: =I26+J26 -> 36.927699 | L26: =F26-(I26-AK26) -> 15.927699 | M26: 4.74 | N26: 0 | O26: 0 | P26: 0 | Q26: =969600/325851/1.9835*1.02 -> 1.5301765 | R26: =((2.5)*1.04)-T26 -> 1.988168 | S26: 0 | T26: =(0.555*1.06)*1.04 -> 0.611832 | U26: =M26-(Q26+R26+S26+T26) -> 0.60982354 | V26: 18.3 | W26: 0 | X26: =M26-N26-P26-O26-Q26-R26-S26-T26-U26+V26+W26 -> 18.3 | Y26: =X26-AO26 -> 18.3 | AC26: 0 | AE26: 0 | AH26: 27.5 | AI26: =AI25-AH26 -> 2399.2 | AK26: =N26+O26+P26+Q26+R26+S26+T26+U26+X26+AE26+AH26 -> 50.54 | AL26: =IF(L26<0,L26*-1,0) -> 0 | AM26: =AK26+AL26 -> 50.54 | AN26: =X26 -> 18.3 | AO26: 0 | AV26: 0 | AW26: 23 | AX26: -6 | AZ26: =SUM(N26,P26:U26) -> 4.74
A27: =A26+1 -> 13 | B27: 6871.44 | C27: 191679 | D27: =C27-C26 -> -28 | E27: =C27-152000 -> 39679 | F27: =D27/$D$2 -> -14.116461 | G27: 21 | H27: 0 | I27: =G27+H27 -> 21 | J27: =IF(L27>0,L27,0) -> 14.873539 | K27: =I27+J27 -> 35.873539 | L27: =F27-(I27-AK27) -> 14.873539 | M27: 4.19 | N27: 0 | O27: 0 | P27: 0 | Q27: =1205400/325851/1.9835*1.02 -> 1.9023048 | R27: =((2.5)*1.04)-T27 -> 1.988168 | S27: 0 | T27: =(0.555*1.06)*1.04 -> 0.611832 | U27: =M27-(Q27+R27+S27+T27) -> -0.31230477 | V27: 18.3 | W27: 0 | X27: =M27-N27-P27-O27-Q27-R27-S27-T27-U27+V27+W27 -> 18.3 | Y27: =X27-AO27 -> 18.3 | AC27: 0 | AE27: 0 | AH27: 27.5 | AI27: =AI26-AH27 -> 2371.7 | AK27: =N27+O27+P27+Q27+R27+S27+T27+U27+X27+AE27+AH27 -> 49.99 | AL27: =IF(L27<0,L27*-1,0) -> 0 | AM27: =AK27+AL27 -> 49.99 | AN27: =X27 -> 18.3 | AO27: 0 | AV27: 0.06 | AW27: 21 | AX27: -2 | AZ27: =SUM(N27,P27:U27) -> 4.19
A28: =A27+1 -> 14 | B28: 6871.41 | C28: 191598 | D28: =C28-C27 -> -81 | E28: =C28-152000 -> 39598 | F28: =D28/$D$2 -> -40.836904 | G28: 21 | H28: 0 | I28: =G28+H28 -> 21 | J28: =IF(L28>0,L28,0) -> 0 | K28: =I28+J28 -> 21 | L28: =F28-(I28-AK28) -> -11.166904 | M28: 4.07 | N28: 0 | O28: 0 | P28: 0 | Q28: =905700/325851/1.9835*1.02 -> 1.4293325 | R28: =((2.7)*1.04)-T28 -> 2.196168 | S28: 0 | T28: =(0.555*1.06)*1.04 -> 0.611832 | U28: =M28-(Q28+R28+S28+T28) -> -0.16733253 | V28: 18.4 | W28: 0 | X28: =M28-N28-P28-O28-Q28-R28-S28-T28-U28+V28+W28 -> 18.4 | Y28: =X28-AO28 -> 18.4 | AC28: 0 | AE28: 0 | AH28: 28.2 | AI28: =AI27-AH28 -> 2343.5 | AK28: =N28+O28+P28+Q28+R28+S28+T28+U28+X28+AE28+AH28 -> 50.67 | AL28: =IF(L28<0,L28*-1,0) -> 11.166904 | AM28: =AK28+AL28 -> 61.836904 | AN28: =X28 -> 18.4 | AO28: 0 | AV28: 0.16 | AW28: 23 | AX28: -5 | AZ28: =SUM(N28,P28:U28) -> 4.07
A29: =A28+1 -> 15 | B29: 6871.39 | C29: 191544 | D29: =C29-C28 -> -54 | E29: =C29-152000 -> 39544 | F29: =D29/$D$2 -> -27.224603 | G29: 21 | H29: 0 | I29: =G29+H29 -> 21 | J29: =IF(L29>0,L29,0) -> 2.875397 | K29: =I29+J29 -> 23.875397 | L29: =F29-(I29-AK29) -> 2.875397 | M29: 3.9 | N29: 0 | O29: 0 | P29: 0 | Q29: =1000500/325851/1.9835*1.02 -> 1.5789414 | R29: =((2.7)*1.04)-T29 -> 2.196168 | S29: 0 | T29: =(0.555*1.06)*1.04 -> 0.611832 | U29: =M29-(Q29+R29+S29+T29) -> -0.48694136 | V29: 18.8 | W29: 0 | X29: =M29-N29-P29-O29-Q29-R29-S29-T29-U29+V29+W29 -> 18.8 | Y29: =X29-AO29 -> 18.8 | AC29: 0 | AE29: 0 | AH29: 28.4 | AI29: =AI28-AH29 -> 2315.1 | AK29: =N29+O29+P29+Q29+R29+S29+T29+U29+X29+AE29+AH29 -> 51.1 | AL29: =IF(L29<0,L29*-1,0) -> 0 | AM29: =AK29+AL29 -> 51.1 | AN29: =X29 -> 18.8 | AO29: 0 | AV29: 0 | AW29: 25 | AX29: -11 | AZ29: =SUM(N29,P29:U29) -> 3.9
A30: =A29+1 -> 16 | B30: 6871.37 | C30: 191489 | D30: =C30-C29 -> -55 | E30: =C30-152000 -> 39489 | F30: =D30/$D$2 -> -27.728762 | G30: 20 | H30: 0 | I30: =G30+H30 -> 20 | J30: =IF(L30>0,L30,0) -> 4.7512377 | K30: =I30+J30 -> 24.751238 | L30: =F30-(I30-AK30) -> 4.7512377 | M30: 4.58 | N30: 0 | O30: 0 | P30: 0 | Q30: =1068600/325851/1.9835*1.02 -> 1.6864135 | R30: =((2.7)*1.04)-T30 -> 2.196168 | S30: 0 | T30: =(0.555*1.06)*1.04 -> 0.611832 | U30: =M30-(Q30+R30+S30+T30) -> 0.085586467 | V30: 19.4 | W30: 0 | X30: =M30-N30-P30-O30-Q30-R30-S30-T30-U30+V30+W30 -> 19.4 | Y30: =X30-AO30 -> 19.4 | AC30: 0 | AE30: 0 | AH30: 28.5 | AI30: =AI29-AH30 -> 2286.6 | AK30: =N30+O30+P30+Q30+R30+S30+T30+U30+X30+AE30+AH30 -> 52.48 | AL30: =IF(L30<0,L30*-1,0) -> 0 | AM30: =AK30+AL30 -> 52.48 | AN30: =X30 -> 19.4 | AO30: 0 | AV30: 0 | AW30: 31 | AX30: -1 | AZ30: =SUM(N30,P30:U30) -> 4.58
A31: =A30+1 -> 17 | B31: 6871.34 | C31: 191408 | D31: =C31-C30 -> -81 | E31: =C31-152000 -> 39408 | F31: =D31/$D$2 -> -40.836904 | G31: 20 | H31: 0 | I31: =G31+H31 -> 20 | J31: =IF(L31>0,L31,0) -> 0 | K31: =I31+J31 -> 20 | L31: =F31-(I31-AK31) -> -9.2669045 | M31: 3.97 | N31: 0 | O31: 0 | P31: 0 | Q31: =1041900/325851/1.9835*1.02 -> 1.6442769 | R31: =((2.7)*1.04)-T31 -> 2.196168 | S31: 0 | T31: =(0.555*1.06)*1.04 -> 0.611832 | U31: =M31-(Q31+R31+S31+T31) -> -0.48227687 | V31: 19.5 | W31: 0 | X31: =M31-N31-P31-O31-Q31-R31-S31-T31-U31+V31+W31 -> 19.5 | Y31: =X31-AO31 -> 19.5 | AC31: 0 | AE31: 0 | AH31: 28.1 | AI31: =AI30-AH31 -> 2258.5 | AK31: =N31+O31+P31+Q31+R31+S31+T31+U31+X31+AE31+AH31 -> 51.57 | AL31: =IF(L31<0,L31*-1,0) -> 9.2669045 | AM31: =AK31+AL31 -> 60.836904 | AN31: =X31 -> 19.5 | AO31: 0 | AV31: 0 | AW31: 47 | AX31: 4 | AZ31: =SUM(N31,P31:U31) -> 3.97
A32: =A31+1 -> 18 | B32: 6871.32 | C32: 191353 | D32: =C32-C31 -> -55 | E32: =C32-152000 -> 39353 | F32: =D32/$D$2 -> -27.728762 | G32: 21 | H32: 0 | I32: =G32+H32 -> 21 | J32: =IF(L32>0,L32,0) -> 5.4012377 | K32: =I32+J32 -> 26.401238 | L32: =F32-(I32-AK32) -> 5.4012377 | M32: 3.83 | N32: 0 | O32: 0 | P32: 0 | Q32: =986900/325851/1.9835*1.02 -> 1.5574785 | R32: =((2.7)*1.04)-T32 -> 2.2386104 | S32: 0 | T32: =(0.5165*1.06)*1.04 -> 0.5693896 | U32: =M32-(Q32+R32+S32+T32) -> -0.53547849 | V32: 22.2 | W32: 0 | X32: =M32-N32-P32-O32-Q32-R32-S32-T32-U32+V32+W32 -> 22.2 | Y32: =X32-AO32 -> 22.2 | AC32: 0 | AE32: 0 | AH32: 28.1 | AI32: =AI31-AH32 -> 2230.4 | AK32: =N32+O32+P32+Q32+R32+S32+T32+U32+X32+AE32+AH32 -> 54.13 | AL32: =IF(L32<0,L32*-1,0) -> 0 | AM32: =AK32+AL32 -> 54.13 | AN32: =X32 -> 22.2 | AO32: 0 | AV32: 0 | AW32: 44 | AX32: 11 | AZ32: =SUM(N32,P32:U32) -> 3.83
A33: =A32+1 -> 19 | B33: 6871.3 | C33: 191299 | D33: =C33-C32 -> -54 | E33: =C33-152000 -> 39299 | F33: =D33/$D$2 -> -27.224603 | G33: 21 | H33: 0.2 | I33: =G33+H33 -> 21.2 | J33: =IF(L33>0,L33,0) -> 6.105397 | K33: =I33+J33 -> 27.305397 | L33: =F33-(I33-AK33) -> 6.105397 | M33: 4.43 | N33: 0 | O33: 0 | P33: 0 | Q33: =981200/325851/1.9835*1.02 -> 1.548483 | R33: =((2.7)*1.04)-T33 -> 2.2386104 | S33: 0 | T33: =(0.5165*1.06)*1.04 -> 0.5693896 | U33: =M33-(Q33+R33+S33+T33) -> 0.073516977 | V33: 22 | W33: 0 | X33: =M33-N33-P33-O33-Q33-R33-S33-T33-U33+V33+W33 -> 22 | Y33: =X33-AO33 -> 22 | AC33: 0 | AE33: 0 | AH33: 28.1 | AI33: =AI32-AH33 -> 2202.3 | AK33: =N33+O33+P33+Q33+R33+S33+T33+U33+X33+AE33+AH33 -> 54.53 | AL33: =IF(L33<0,L33*-1,0) -> 0 | AM33: =AK33+AL33 -> 54.53 | AN33: =X33 -> 22 | AO33: 0 | AV33: 0 | AW33: 43 | AX33: 5 | AZ33: =SUM(N33,P33:U33) -> 4.43
A34: =A33+1 -> 20 | B34: 6871.27 | C34: 191218 | D34: =C34-C33 -> -81 | E34: =C34-152000 -> 39218 | F34: =D34/$D$2 -> -40.836904 | G34: 22 | H34: 0 | I34: =G34+H34 -> 22 | J34: =IF(L34>0,L34,0) -> 0 | K34: =I34+J34 -> 22 | L34: =F34-(I34-AK34) -> -8.6569045 | M34: 4.08 | N34: 0 | O34: 0 | P34: 0 | Q34: =1118700/325851/1.9835*1.02 -> 1.765479 | R34: =((2.7)*1.04)-T34 -> 2.2386104 | S34: 0 | T34: =(0.5165*1.06)*1.04 -> 0.5693896 | U34: =M34-(Q34+R34+S34+T34) -> -0.49347896 | V34: 22 | W34: 0 | X34: =M34-N34-P34-O34-Q34-R34-S34-T34-U34+V34+W34 -> 22 | Y34: =X34-AO34 -> 22 | AC34: 0 | AE34: 0 | AH34: 28.1 | AI34: =AI33-AH34 -> 2174.2 | AK34: =N34+O34+P34+Q34+R34+S34+T34+U34+X34+AE34+AH34 -> 54.18 | AL34: =IF(L34<0,L34*-1,0) -> 8.6569045 | AM34: =AK34+AL34 -> 62.836904 | AN34: =X34 -> 22 | AO34: 0 | AV34: 0 | AW34: 46 | AX34: 8 | AZ34: =SUM(N34,P34:U34) -> 4.08
A35: =A34+1 -> 21 | B35: 6871.3 | C35: 191299 | D35: =C35-C34 -> 81 | E35: =C35-152000 -> 39299 | F35: =D35/$D$2 -> 40.836904 | G35: 22 | H35: 0 | I35: =G35+H35 -> 22 | J35: =IF(L35>0,L35,0) -> 76.246904 | K35: =I35+J35 -> 98.246904 | L35: =F35-(I35-AK35) -> 76.246904 | M35: 4.21 | N35: 0 | O35: 0 | P35: 0 | Q35: =1038700/325851/1.9835*1.02 -> 1.6392268 | R35: =((2.9)*1.04)-T35 -> 2.4466104 | S35: 0 | T35: =(0.5165*1.06)*1.04 -> 0.5693896 | U35: =M35-(Q35+R35+S35+T35) -> -0.44522678 | V35: 25.1 | W35: 0 | X35: =M35-N35-P35-O35-Q35-R35-S35-T35-U35+V35+W35 -> 25.1 | Y35: =X35-AO35 -> 25.1 | AC35: 0 | AE35: 0 | AH35: 28.1 | AI35: =AI34-AH35 -> 2146.1 | AK35: =N35+O35+P35+Q35+R35+S35+T35+U35+X35+AE35+AH35 -> 57.41 | AL35: =IF(L35<0,L35*-1,0) -> 0 | AM35: =AK35+AL35 -> 57.41 | AN35: =X35 -> 25.1 | AO35: 0 | AV35: 0 | AW35: 45 | AX35: 9 | AZ35: =SUM(N35,P35:U35) -> 4.21
A36: =A35+1 -> 22 | B36: 6871.28 | C36: 191245 | D36: =C36-C35 -> -54 | E36: =C36-152000 -> 39245 | F36: =D36/$D$2 -> -27.224603 | G36: 22 | H36: 0 | I36: =G36+H36 -> 22 | J36: =IF(L36>0,L36,0) -> 8.335397 | K36: =I36+J36 -> 30.335397 | L36: =F36-(I36-AK36) -> 8.335397 | M36: 4.36 | N36: 0 | O36: 0 | P36: 0 | Q36: =867400/325851/1.9835*1.02 -> 1.3688893 | R36: =((3)*1.04)-T36 -> 2.5506104 | S36: 0 | T36: =(0.5165*1.06)*1.04 -> 0.5693896 | U36: =M36-(Q36+R36+S36+T36) -> -0.12888929 | V36: 25.1 | W36: 0 | X36: =M36-N36-P36-O36-Q36-R36-S36-T36-U36+V36+W36 -> 25.1 | Y36: =X36-AO36 -> 25.1 | AC36: 0 | AE36: 0 | AH36: 28.1 | AI36: =AI35-AH36 -> 2118 | AK36: =N36+O36+P36+Q36+R36+S36+T36+U36+X36+AE36+AH36 -> 57.56 | AL36: =IF(L36<0,L36*-1,0) -> 0 | AM36: =AK36+AL36 -> 57.56 | AN36: =X36 -> 25.1 | AO36: 0 | AV36: 0 | AW36: 49 | AX36: 10 | AZ36: =SUM(N36,P36:U36) -> 4.36
A37: =A36+1 -> 23 | B37: 6871.27 | C37: 191218 | D37: =C37-C36 -> -27 | E37: =C37-152000 -> 39218 | F37: =D37/$D$2 -> -13.612301 | G37: 23 | H37: 0 | I37: =G37+H37 -> 23 | J37: =IF(L37>0,L37,0) -> 20.857699 | K37: =I37+J37 -> 43.857699 | L37: =F37-(I37-AK37) -> 20.857699 | M37: 4.27 | N37: 0 | O37: 0 | P37: 0 | Q37: =937300/325851/1.9835*1.02 -> 1.4792021 | R37: =((3)*1.04)-T37 -> 2.5506104 | S37: 0 | T37: =(0.5165*1.06)*1.04 -> 0.5693896 | U37: =M37-(Q37+R37+S37+T37) -> -0.32920214 | V37: 25.1 | W37: 0 | X37: =M37-N37-P37-O37-Q37-R37-S37-T37-U37+V37+W37 -> 25.1 | Y37: =X37-AO37 -> 25.1 | AC37: 0 | AE37: 0 | AH37: 28.1 | AI37: =AI36-AH37 -> 2089.9 | AK37: =N37+O37+P37+Q37+R37+S37+T37+U37+X37+AE37+AH37 -> 57.47 | AL37: =IF(L37<0,L37*-1,0) -> 0 | AM37: =AK37+AL37 -> 57.47 | AN37: =X37 -> 25.1 | AO37: 0 | AV37: 0 | AW37: 58 | AX37: 14 | AZ37: =SUM(N37,P37:U37) -> 4.27
A38: =A37+1 -> 24 | B38: 6871.25 | C38: 191163 | D38: =C38-C37 -> -55 | E38: =C38-152000 -> 39163 | F38: =D38/$D$2 -> -27.728762 | G38: 23 | H38: 0 | I38: =G38+H38 -> 23 | J38: =IF(L38>0,L38,0) -> 6.7612377 | K38: =I38+J38 -> 29.761238 | L38: =F38-(I38-AK38) -> 6.7612377 | M38: 4.29 | N38: 0 | O38: 0 | P38: 0 | Q38: =1039900/325851/1.9835*1.02 -> 1.6411206 | R38: =((3)*1.04)-T38 -> 2.5506104 | S38: 0 | T38: =(0.5165*1.06)*1.04 -> 0.5693896 | U38: =M38-(Q38+R38+S38+T38) -> -0.47112056 | V38: 25.1 | W38: 0 | X38: =M38-N38-P38-O38-Q38-R38-S38-T38-U38+V38+W38 -> 25.1 | Y38: =X38-AO38 -> 25.1 | AC38: 0 | AE38: 0 | AH38: 28.1 | AI38: =AI37-AH38 -> 2061.8 | AK38: =N38+O38+P38+Q38+R38+S38+T38+U38+X38+AE38+AH38 -> 57.49 | AL38: =IF(L38<0,L38*-1,0) -> 0 | AM38: =AK38+AL38 -> 57.49 | AN38: =X38 -> 25.1 | AO38: 0 | AV38: 0 | AW38: 54 | AX38: 26 | AZ38: =SUM(N38,P38:U38) -> 4.29
A39: =A38+1 -> 25 | B39: 6871.24 | C39: 191136 | D39: =C39-C38 -> -27 | E39: =C39-152000 -> 39136 | F39: =D39/$D$2 -> -13.612301 | G39: 24 | H39: 0 | I39: =G39+H39 -> 24 | J39: =IF(L39>0,L39,0) -> 17.987699 | K39: =I39+J39 -> 41.987699 | L39: =F39-(I39-AK39) -> 17.987699 | M39: 3.9 | N39: 0 | O39: 0 | P39: 0 | Q39: =866100/325851/1.9835*1.02 -> 1.3668377 | R39: =((2.5)*1.04)-T39 -> 1.9477099 | S39: 0 | T39: =(0.5917*1.06)*1.04 -> 0.65229008 | U39: =M39-(Q39+R39+S39+T39) -> -0.066837695 | V39: 25.1 | W39: 0 | X39: =M39-N39-P39-O39-Q39-R39-S39-T39-U39+V39+W39 -> 25.1 | Y39: =X39-AO39 -> 25.1 | AC39: 0 | AE39: 0 | AH39: 26.6 | AI39: =AI38-AH39 -> 2035.2 | AK39: =N39+O39+P39+Q39+R39+S39+T39+U39+X39+AE39+AH39 -> 55.6 | AL39: =IF(L39<0,L39*-1,0) -> 0 | AM39: =AK39+AL39 -> 55.6 | AN39: =X39 -> 25.1 | AO39: 0 | AV39: 0 | AW39: 46 | AX39: 33 | AZ39: =SUM(N39,P39:U39) -> 3.9
A40: =A39+1 -> 26 | B40: 6871.35 | C40: 191435 | D40: =C40-C39 -> 299 | E40: =C40-152000 -> 39435 | F40: =D40/$D$2 -> 150.74363 | G40: 28 | H40: 0 | I40: =G40+H40 -> 28 | J40: =IF(L40>0,L40,0) -> 177.67363 | K40: =I40+J40 -> 205.67363 | L40: =F40-(I40-AK40) -> 177.67363 | M40: 3.83 | N40: 0 | O40: 0 | P40: 0 | Q40: =1097900/325851/1.9835*1.02 -> 1.7326534 | R40: =((2.5)*1.04)-T40 -> 1.9477099 | S40: 0 | T40: =(0.5917*1.06)*1.04 -> 0.65229008 | U40: =M40-(Q40+R40+S40+T40) -> -0.5026534 | V40: 25.3 | W40: 0 | X40: =M40-N40-P40-O40-Q40-R40-S40-T40-U40+V40+W40 -> 25.3 | Y40: =X40-AO40 -> 25.3 | AC40: 0 | AE40: 0 | AH40: 25.8 | AI40: =AI39-AH40 -> 2009.4 | AK40: =N40+O40+P40+Q40+R40+S40+T40+U40+X40+AE40+AH40 -> 54.93 | AL40: =IF(L40<0,L40*-1,0) -> 0 | AM40: =AK40+AL40 -> 54.93 | AN40: =X40 -> 25.3 | AO40: 0 | AV40: 0 | AW40: 37 | AX40: 33 | AZ40: =SUM(N40,P40:U40) -> 3.83
A41: =A40+1 -> 27 | B41: 6871.42 | C41: 191625 | D41: =C41-C40 -> 190 | E41: =C41-152000 -> 39625 | F41: =D41/$D$2 -> 95.79027 | G41: 33 | H41: 0 | I41: =G41+H41 -> 33 | J41: =IF(L41>0,L41,0) -> 118.00027 | K41: =I41+J41 -> 151.00027 | L41: =F41-(I41-AK41) -> 118.00027 | M41: 3.71 | N41: 0 | O41: 0 | P41: 0 | Q41: =1225900/325851/1.9835*1.02 -> 1.9346569 | R41: =((2.6)*1.04)-T41 -> 2.0517099 | S41: 0 | T41: =(0.5917*1.06)*1.04 -> 0.65229008 | U41: =M41-(Q41+R41+S41+T41) -> -0.92865689 | V41: 25.4 | W41: 0 | X41: =M41-N41-P41-O41-Q41-R41-S41-T41-U41+V41+W41 -> 25.4 | Y41: =X41-AO41 -> 25.4 | AC41: 0 | AE41: 0 | AH41: 26.1 | AI41: =AI40-AH41 -> 1983.3 | AK41: =N41+O41+P41+Q41+R41+S41+T41+U41+X41+AE41+AH41 -> 55.21 | AL41: =IF(L41<0,L41*-1,0) -> 0 | AM41: =AK41+AL41 -> 55.21 | AN41: =X41 -> 25.4 | AO41: 0 | AV41: 1.68 | AW41: 43 | AX41: 33 | AZ41: =SUM(N41,P41:U41) -> 3.71
A42: =A41+1 -> 28 | B42: 6871.41 | C42: 191598 | D42: =C42-C41 -> -27 | E42: =C42-152000 -> 39598 | F42: =D42/$D$2 -> -13.612301 | G42: 37 | H42: 0 | I42: =G42+H42 -> 37 | J42: =IF(L42>0,L42,0) -> 42.807699 | K42: =I42+J42 -> 79.807699 | L42: =F42-(I42-AK42) -> 42.807699 | M42: 4.52 | N42: 0 | O42: 0 | P42: 0 | Q42: =1096700/325851/1.9835*1.02 -> 1.7307596 | R42: =((2.3)*1.04)-T42 -> 1.7397099 | S42: 0 | T42: =(0.5917*1.06)*1.04 -> 0.65229008 | U42: =M42-(Q42+R42+S42+T42) -> 0.39724039 | V42: 63.2 | W42: 0 | X42: =M42-N42-P42-O42-Q42-R42-S42-T42-U42+V42+W42 -> 63.2 | Y42: =X42-AO42 -> 63.2 | AC42: 0 | AE42: 0 | AH42: 25.7 | AI42: =AI41-AH42 -> 1957.6 | AK42: =N42+O42+P42+Q42+R42+S42+T42+U42+X42+AE42+AH42 -> 93.42 | AL42: =IF(L42<0,L42*-1,0) -> 0 | AM42: =AK42+AL42 -> 93.42 | AN42: =X42 -> 63.2 | AO42: 0 | AV42: 0.22 | AW42: 41 | AX42: 19 | AZ42: =SUM(N42,P42:U42) -> 4.52
A43: =A42+1 -> 29 | B43: 6871.31 | C43: 191326 | D43: =C43-C42 -> -272 | E43: =C43-152000 -> 39326 | F43: =D43/$D$2 -> -137.13133 | G43: 30 | H43: 0 | I43: =G43+H43 -> 30 | J43: =IF(L43>0,L43,0) -> 8.7886665 | K43: =I43+J43 -> 38.788666 | L43: =F43-(I43-AK43) -> 8.7886665 | M43: 4.42 | N43: 0 | O43: 0 | P43: 0 | Q43: =966500/325851/1.9835*1.02 -> 1.5252842 | R43: =((2.7)*1.04)-T43 -> 2.1557099 | S43: 0 | T43: =(0.5917*1.06)*1.04 -> 0.65229008 | U43: =M43-(Q43+R43+S43+T43) -> 0.086715815 | V43: 146 | W43: 0 | X43: =M43-N43-P43-O43-Q43-R43-S43-T43-U43+V43+W43 -> 146 | Y43: =X43-AO43 -> 146 | AC43: 0 | AE43: 0 | AH43: 25.5 | AI43: =AI42-AH43 -> 1932.1 | AK43: =N43+O43+P43+Q43+R43+S43+T43+U43+X43+AE43+AH43 -> 175.92 | AL43: =IF(L43<0,L43*-1,0) -> 0 | AM43: =AK43+AL43 -> 175.92 | AN43: =X43 -> 146 | AO43: 0 | AV43: 0 | AW43: 40 | AX43: 17 | AZ43: =SUM(N43,P43:U43) -> 4.42
A44: 30 | B44: 6871.22 | C44: 191082 | D44: =C44-C43 -> -244 | E44: =C44-152000 -> 39082 | F44: =D44/$D$2 -> -123.01487 | G44: 25 | H44: 0 | I44: =G44+H44 -> 25 | J44: =IF(L44>0,L44,0) -> 25.235127 | K44: =I44+J44 -> 50.235127 | L44: =F44-(I44-AK44) -> 25.235127 | M44: 3.75 | N44: 0 | O44: 0 | P44: 0 | Q44: =1004000/325851/1.9835*1.02 -> 1.5844649 | R44: =((2.7)*1.04)-T44 -> 2.1557099 | S44: 0 | T44: =(0.5917*1.06)*1.04 -> 0.65229008 | U44: =M44-(Q44+R44+S44+T44) -> -0.6424649 | V44: 144 | W44: 0 | X44: =M44-N44-P44-O44-Q44-R44-S44-T44-U44+V44+W44 -> 144 | Y44: =X44-AO44 -> 144 | AC44: 0 | AE44: 0 | AH44: 25.5 | AI44: =AI43-AH44 -> 1906.6 | AK44: =N44+O44+P44+Q44+R44+S44+T44+U44+X44+AE44+AH44 -> 173.25 | AL44: =IF(L44<0,L44*-1,0) -> 0 | AM44: =AK44+AL44 -> 173.25 | AN44: =X44 -> 144 | AO44: 0 | AV44: 0 | AW44: 41 | AX44: 18 | AZ44: =SUM(N44,P44:U44) -> 3.75
A45: 31 | B45: 6871.13 | C45: 190837 | D45: =C45-C44 -> -245 | E45: =C45-152000 -> 38837 | F45: =D45/$D$2 -> -123.51903 | G45: 27 | H45: 0 | I45: =G45+H45 -> 27 | J45: =IF(L45>0,L45,0) -> 21.310968 | K45: =I45+J45 -> 48.310968 | L45: =F45-(I45-AK45) -> 21.310968 | M45: 3.33 | N45: 0 | O45: 0 | P45: 0 | Q45: =901500/325851/1.9835*1.02 -> 1.4227043 | R45: =((2)*1.04)-T45 -> 1.4277099 | S45: 0 | T45: =(0.5917*1.06)*1.04 -> 0.65229008 | U45: =M45-(Q45+R45+S45+T45) -> -0.17270429 | V45: 143 | W45: 0 | X45: =M45-N45-P45-O45-Q45-R45-S45-T45-U45+V45+W45 -> 143 | Y45: =X45-AO45 -> 143 | AC45: 0 | AE45: 0 | AH45: 25.5 | AI45: =AI44-AH45 -> 1881.1 | AK45: =N45+O45+P45+Q45+R45+S45+T45+U45+X45+AE45+AH45 -> 171.83 | AL45: =IF(L45<0,L45*-1,0) -> 0 | AM45: =AK45+AL45 -> 171.83 | AN45: =X45 -> 143 | AO45: 0 | AV45: 0 | AW45: 40 | AX45: 18 | AZ45: =SUM(N45,P45:U45) -> 3.33
X46: =M46-N46-O46-Q46-R46-S46+V46+W46 -> 0 | Y46: =N46-O46-P46-R46-S46-U46+W46+X46 -> 0 | AK46: =N46+O46+Q46+R46+S46+X46+AE46+AH46 -> 0
A47: MONTH / CFS | F47: =SUM(F15:F45) -> -780.94278 | G47: =SUM(G15:G45) -> 713 | H47: =SUM(H15:H45) -> 0.2 | I47: =SUM(I15:I45) -> 713.2 | J47: =SUM(J15:J45) -> 597.17033 | K47: =SUM(K15:K45) -> 1310.3703 | L47: =SUM(L15:L45) -> 526.76722 | M47: =SUM(M15:M45) -> 124.71 | ... O47: =SUM(O15:O45) -> 0 | Q47: =SUM(Q15:Q45) -> 48.765853 | R47: =SUM(R15:R45) -> 62.588743 | S47: =SUM(S15:S45) -> 0 | T47: =SUM(T15:T45) -> 18.739257 | U47: =SUM(U15:U45) -> -5.3838525 | V47: =SUM(V15:V45) -> 1052.6 | W47: =SUM(W15:W45) -> 0 | X47: =SUM(X15:X45) -> 1052.6 | Y47: =SUM(Y15:Y45) -> 1052.6 | AC47: =SUM(AC15:AC45) -> 0 | AH47: =SUM(AH15:AH45) -> 843.6 | AJ47: =SUM(AJ15:AJ45) -> 0 | AK47: =SUM(AK15:AK45) -> 2020.91 | AL47: =SUM(AL15:AL45) -> 70.403111 | AM47: =SUM(AM15:AM45) -> 2091.3131 | AN47: =SUM(AN15:AN45) -> 1052.6 | AO47: =SUM(AO15:AO45) -> 0 | AV47: =SUM(AV15:AV45) -> 2.12 | AW47: =AVERAGE(AW15:AW45) -> 39.193548 | AX47: =AVERAGE(AX15:AX45) -> 8.7096774 | AY47: Avg | AZ47: =SUM(AZ15:AZ45) -> 124.71
A48: MONTH / AF | D48: =SUM(D15:D45) -> -1549 | F48: =F47*$D$2 -> -1549 | G48: =G47*$D$2 -> 1414.2355 | H48: =H47*$D$2 -> 0.3967 | I48: =I47*$D$2 -> 1414.6322 | J48: =J47*$D$2 -> 1184.4874 | K48: =K47*$D$2 -> 2599.1196 | L48: =L47*$D$2 -> 1044.8428 | M48: =M47*$D$2 -> 247.36229 | ... O48: =O47*$D$2 -> 0 | Q48: =Q47*$D$2 -> 96.727069 | R48: =R47*$D$2 -> 124.14477 | S48: =S47*$D$2 -> 0 | T48: =T47*$D$2 -> 37.169316 | U48: =U47*$D$2 -> -10.678872 | V48: =V47*$D$2 -> 2087.8321 | W48: =W47*$D$2 -> 0 | X48: =X47*$D$2 -> 2087.8321 | Y48: =Y47*$D$2 -> 2087.8321 | AC48: =AC47*$D$2 -> 0 | AH48: =AH47*$D$2 -> 1673.2806 | AJ48: =AJ47*$D$2 -> 0 | AK48: =AK47*$D$2 -> 4008.475 | AL48: =AL47*$D$2 -> 139.64457 | AM48: =AM47*$D$2 -> 4148.1196 | AN48: =AN47*$D$2 -> 2087.8321 | AO48: =AO47*$D$2 -> 0 | AW48: =MAX(AW15:AW45) -> 58 | AX48: =MAX(AX15:AX45) -> 33 | AY48: HI | AZ48: =AZ47*$D$2 -> 247.36229
A50: SEASON / CFS | AW50: =MIN(AW15:AW45) -> 21 | AX50: =MIN(AX15:AX45) -> -11 | AY50: LO
A51: SEASON / AF
A53: YTD / CFS | F53: =F13+F47 -> -2176.9599 | G53: =G13+G47 -> 2490 | H53: =H13+H47 -> 0.82 | I53: =I13+I47 -> 2490.2 | J53: =J13+J47 -> 976.21697 | K53: =K13+K47 -> 3466.417 | L53: =L13+L47 -> 425.34558 | M53: =M13+M47 -> 547.35 | N53: =N13+N47 -> 0 | O53: 0 | Q53: =Q13+Q47 -> 141.35944 | R53: =R13+R47 -> 163.63048 | S53: =S13+S47 -> 0 | T53: =T13+T47 -> 54.041522 | U53: =U13+U47 -> 8.656124 | V53: =V13+V47 -> 2085.92 | W53: =W13+W47 -> 84.4 | X53: =X13+X47 -> 2349.9824 | Y53: =Y13+Y47 -> 2026.02 | AC53: =AC13+AC47 -> 27.7 | AH53: =AH13+AH47 -> 2365.9 | AI53: =AI45 -> 1881.1 | AJ53: =AJ14+AJ47 -> 0 | AK53: =AK13+AK47 -> 5092.5055 | AL53: =AL13+AL47 -> 550.87139 | AM53: =AM13+AM47 -> 5643.3769 | AN53: =AN13+AN47 -> 2026.02 | AO53: =AO13+AO47 -> 323.96244 | AV53: =AV13+AV47 -> 3.793 | AZ53: =AZ13+AZ47 -> 367.68756
A54: YTD / AF | D54: =D13+D48 -> -4318 | E54: =E45 -> 38837 | F54: =F53*$D$2 -> -4318 | G54: =G53*$D$2 -> 4938.915 | H54: =H53*$D$2 -> 1.62647 | I54: =I53*$D$2 -> 4939.3117 | J54: =J53*$D$2 -> 1936.3264 | K54: =K53*$D$2 -> 6875.6381 | L54: =L53*$D$2 -> 843.67296 | M54: =M53*$D$2 -> 1085.6687 | ... O54: =O53*$D$2 -> 0 | Q54: =Q53*$D$2 -> 280.38644 | R54: =R53*$D$2 -> 324.56105 | S54: =S53*$D$2 -> 0 | T54: =T53*$D$2 -> 107.19136 | U54: =U53*$D$2 -> 17.169422 | V54: =V53*$D$2 -> 4137.4223 | W54: =W53*$D$2 -> 167.4074 | X54: =X53*$D$2 -> 4661.1902 | Y54: =Y53*$D$2 -> 4018.6107 | AC54: =AC53*$D$2 -> 54.94295 | AH54: =AH53*$D$2 -> 4692.7626 | AI54: =AI53*$D$2 -> 3731.1618 | AJ54: =AJ53*$D$2 -> 0 | AK54: =AK53*$D$2 -> 10100.985 | AL54: =AL53*$D$2 -> 1092.6534 | AM54: =AM53*$D$2 -> 11193.638 | AN54: =AN53*$D$2 -> 4018.6107 | AO54: =AO53*$D$2 -> 642.5795 | AZ54: =AZ53*$D$2 -> 729.30827

Sheet FEB
K1: MCPHEE RESERVOIR INFLOW/OUTFLOW TABULATION
A2: AF/cfs CONVERT FACTOR | D2: 1.9835 | K2: FEBRUARY "2013"
D4: RESERVOIR | I4: INFLOW | X4: OUTFLOW | AP4: ADJUSTMENTS | AW4: WEATHER
A5: DATE | B5: RESERV | C5: RESERV | D5: AC FT | E5: ACTIVE | F5: CONV TO | G5: DOLORES | H5: LOST | I5: RECORD | J5: CALC | K5: TOTAL | L5: CALC | M5: DOLORES TUNNEL | V5: LONE | W5: U | X5: TOTAL | Y5: TOTAL | Z5: MVI | AA5: MVI | AB5: MVI | AC5: TO EX & | AD5: MVI | AE5: DV CR | AF5: D/S SENIOR | AH5: BELOW | AI5: FISH | AJ5: SPILL | AK5: RECORD | AL5: CALC | AM5: TOTAL | AN5: NAR | AO5: MVI | AP5: MVI | AQ5: MVI | AR5: DIST. | AS5: U/S | AT5: TOTTEN | AU5: UTES | AV5: RAIN | AW5: MAX | AX5: MIN | AZ5: TOTAL
A6: FEB | B6: ELEV | D6: CHANGE | E6: CAP | F6: CFS | G6: RIVER | H6: CAN | I6: INFLOW | J6: INFLOW | K6: INFLOW | L6: INF/OTF | M6: TOT DIV | N6: WET | O6: UTE | P6: QUEST | Q6: MWC | R6: CORTEZ | T6: UTE | U6: F-BAY | V6: PINE | W6: LAT | X6: MVI | Y6: MVI | Z6: CALL | AA6: CALL | AB6: APR- | AC6: U/S EX | AD6: PROJ | AE6: CANAL | AF6: MVIC | AG6: PROJ | AH6: MCP | AI6: LEFT | AK6: OTF | AL6: OTF | AM6: OTF | AN6: FILL | AO6: STOCK | AP6: STORED | AQ6: STORED | AR6: CLASS | AS6: USERS | AT6: (FRESH | AU6: FROM | AW6: TMP | AX6: TMP | AZ6: TUNNEL
N7: LAND | O7: F&R | Q7: NON - | R7: NON - | S7: PROJ | T7: PROJ | U7: BAL | X7: WATER | Y7: IRRIG. | Z7: STOR | AA7: SPILLED | AB7: JUNE | AF7: 1.7 | AG7: 1.3 | AI7: 31798 | AP7: Apr - Jun | AQ7: EVAP | AR7: "B" | AS7: EXCH | AT7: WATER) | AU7: DWCD | AZ7: Misc.
Q8: PROJ | R8: PROJ | X8: USED | Y8: WATER | AA8: OR | AB8: (DIV+
R9: 4.2 | Y9: USED | AA9: USED | AB9: CALL)
C10: AC. Ft. | E10: AC FT | G10: CFS | H10: CFS | I10: CFS | J10: CFS | K10: CFS | L10: CFS | M10: CFS | N10: CFS | O10: CFS | P10: CFS | Q10: CFS | R10: CFS | S10: CFS | T10: CFS | U10: CFS | V10: CFS | W10: CFS | X10: 153400 | Y10: 150400 | AB10: 72000 | AC10: CFS | AD10: CFS | AE10: CFS | AF10: CFS | AG10: CFS | AH10: CFS | AI10: CFS | AJ10: CFS | AK10: CFS | AL10: CFS | AM10: CFS | AN10: CFS | AO10: CFS | AP10: CFS | AQ10: AC.FT. | AR10: CFS | AS10: CFS | AT10: CFS | AU10: CFS | AZ10: Outflow
N11: 1.03 | O11: 1.05 | P11: 1.02 | Q11: 1.02 | R11: 1.04 | T11: 1.04 | X11: CFS | Y11: CFS | Z11: CFS | AA11: CFS | AB11: Ac. Ft. | AZ11: CFS
A12: SEASON BAL
A13: YTD | B13: =JAN!B45 -> 6871.13 | C13: =JAN!C45 -> 190837 | D13: =JAN!D54 -> -4318 | E13: =JAN!E54 -> 38837 | F13: =JAN!F53 -> -2176.9599 | G13: =JAN!G53 -> 2490 | H13: =JAN!H53 -> 0.82 | I13: =JAN!I53 -> 2490.2 | J13: =JAN!J53 -> 976.21697 | K13: =JAN!K53 -> 3466.417 | L13: =JAN!L53 -> 425.34558 | M13: =JAN!M53 -> 547.35 | ... Y13: =JAN!Y53 -> 2026.02 | AC13: =JAN!AC53 -> 27.7 | AH13: =JAN!AH53 -> 2365.9 | AI13: =JAN!AI53 -> 1881.1 | AJ13: =JAN!AJ53 -> 0 | AK13: =JAN!AK53 -> 5092.5055 | AL13: =JAN!AL53 -> 550.87139 | AM13: =JAN!AM53 -> 5643.3769 | AN13: =JAN!AN53 -> 2026.02 | AO13: =JAN!AO53 -> 323.96244 | AV13: =JAN!AV53 -> 3.793 | AZ13: =JAN!AZ53 -> 367.68756
A15: 1 | B15: 6871.02 | C15: 190538 | D15: =C15-C13 -> -299 | E15: =C15-152000 -> 38538 | F15: =D15/$D$2 -> -150.74363 | G15: 33 | H15: 0 | I15: =G15+H15 -> 33 | J15: =IF(L15>0,L15,0) -> 0 | K15: =I15+J15 -> 33 | L15: =F15-(I15-AK15) -> -10.893635 | M15: 3.35 | N15: 0 | O15: 0 | P15: 0 | Q15: =890600/325851/1.9835*1.02 -> 1.4055024 | R15: =((2)*1.04)-T15 -> 1.4277099 | S15: 0 | T15: =(0.5917*1.06)*1.04 -> 0.65229008 | U15: =M15-(Q15+R15+S15+T15) -> -0.13550243 | V15: 144 | W15: 0 | X15: =M15-N15-O15-P15-Q15-R15-S15-T15-U15+V15+W15 -> 144 | Y15: =X15-AO15 -> 144 | AC15: 0 | AE15: 0 | AH15: 25.5 | AI15: =AI13-AH15 -> 1855.6 | AK15: =N15+O15+P15+Q15+R15+S15+T15+U15+X15+AE15+AH15 -> 172.85 | AL15: =IF(L15<0,L15*-1,0) -> 10.893635 | AM15: =AK15+AL15 -> 183.74363 | AN15: =V15 -> 144 | AO15: 0 | AV15: 0 | AW15: 46 | AX15: 12 | AZ15: =SUM(N15,P15:U15) -> 3.35
A16: =A15+1 -> 2 | B16: 6870.93 | C16: 190296 | D16: =C16-C15 -> -242 | E16: =C16-152000 -> 38296 | F16: =D16/$D$2 -> -122.00655 | G16: 32 | H16: 0 | I16: =G16+H16 -> 32 | J16: =IF(L16>0,L16,0) -> 17.713446 | K16: =I16+J16 -> 49.713446 | L16: =F16-(I16-AK16) -> 17.713446 | M16: 3.22 | N16: 0 | O16: 0 | P16: 0 | Q16: =970800/325851/1.9835*1.02 -> 1.5320702 | R16: =((1.8)*1.04)-T16 -> 1.1961186 | S16: 0 | T16: =(0.6131*1.06)*1.04 -> 0.67588144 | U16: =M16-(Q16+R16+S16+T16) -> -0.18407024 | V16: 143 | W16: 0 | X16: =M16-N16-O16-P16-Q16-R16-S16-T16-U16+V16+W16 -> 143 | Y16: =X16-AO16 -> 143 | AC16: 0 | AE16: 0 | AH16: 25.5 | AI16: =AI15-AH16 -> 1830.1 | AK16: =N16+O16+P16+Q16+R16+S16+T16+U16+X16+AE16+AH16 -> 171.72 | AL16: =IF(L16<0,L16*-1,0) -> 0 | AM16: =AK16+AL16 -> 171.72 | AN16: =V16 -> 143 | AO16: 0 | AV16: 0 | AW16: 48 | AX16: 12 | AZ16: =SUM(N16,P16:U16) -> 3.22
A17: =A16+1 -> 3 | B17: 6870.82 | C17: 190001 | D17: =C17-C16 -> -295 | E17: =C17-152000 -> 38001 | F17: =D17/$D$2 -> -148.727 | G17: 32 | H17: 0 | I17: =G17+H17 -> 32 | J17: =IF(L17>0,L17,0) -> 0 | K17: =I17+J17 -> 32 | L17: =F17-(I17-AK17) -> -8.9669977 | M17: 3.26 | N17: 0 | O17: 0 | P17: 0 | Q17: =1016100/325851/1.9835*1.02 -> 1.6035605 | R17: =((1.8)*1.04)-T17 -> 1.1961186 | S17: 0 | T17: =(0.6131*1.06)*1.04 -> 0.67588144 | U17: =M17-(Q17+R17+S17+T17) -> -0.21556054 | V17: 143 | W17: 0 | X17: =M17-N17-O17-P17-Q17-R17-S17-T17-U17+V17+W17 -> 143 | Y17: =X17-AO17 -> 143 | AC17: 0 | AE17: 0 | AH17: 25.5 | AI17: =AI16-AH17 -> 1804.6 | AK17: =N17+O17+P17+Q17+R17+S17+T17+U17+X17+AE17+AH17 -> 171.76 | AL17: =IF(L17<0,L17*-1,0) -> 8.9669977 | AM17: =AK17+AL17 -> 180.727 | AN17: =V17 -> 143 | AO17: 0 | AV17: 0 | AW17: 46 | AX17: 19 | AZ17: =SUM(N17,P17:U17) -> 3.26
A18: =A17+1 -> 4 | B18: 6870.8 | C18: 189948 | D18: =C18-C17 -> -53 | E18: =C18-152000 -> 37948 | F18: =D18/$D$2 -> -26.720444 | G18: 31 | H18: 0 | I18: =G18+H18 -> 31 | J18: =IF(L18>0,L18,0) -> 44.199556 | K18: =I18+J18 -> 75.199556 | L18: =F18-(I18-AK18) -> 44.199556 | M18: 3.22 | N18: 0 | O18: 0 | P18: 0 | Q18: =1039900/325851/1.9835*1.02 -> 1.6411206 | R18: =((2)*1.04)-T18 -> 1.4041186 | S18: 0 | T18: =(0.6131*1.06)*1.04 -> 0.67588144 | U18: =M18-(Q18+R18+S18+T18) -> -0.50112056 | V18: 73.2 | W18: 0 | X18: =M18-N18-O18-P18-Q18-R18-S18-T18-U18+V18+W18 -> 73.2 | Y18: =X18-AO18 -> 73.2 | AC18: 0 | AE18: 0 | AH18: 25.5 | AI18: =AI17-AH18 -> 1779.1 | AK18: =N18+O18+P18+Q18+R18+S18+T18+U18+X18+AE18+AH18 -> 101.92 | AL18: =IF(L18<0,L18*-1,0) -> 0 | AM18: =AK18+AL18 -> 101.92 | AN18: =V18 -> 73.2 | AO18: 0 | AV18: 0 | AW18: 48 | AX18: 15 | AZ18: =SUM(N18,P18:U18) -> 3.22
A19: =A18+1 -> 5 | B19: 6870.78 | C19: 189894 | D19: =C19-C18 -> -54 | E19: =C19-152000 -> 37894 | F19: =D19/$D$2 -> -27.224603 | G19: 30 | H19: 0 | I19: =G19+H19 -> 30 | J19: =IF(L19>0,L19,0) -> 0 | K19: =I19+J19 -> 30 | L19: =F19-(I19-AK19) -> -6.734603 | M19: 3.99 | N19: 0 | O19: 0 | P19: 0 | Q19: =858000/325851/1.9835*1.02 -> 1.3540547 | R19: =((2)*1.04)-T19 -> 1.4041186 | S19: 0 | T19: =(0.6131*1.06)*1.04 -> 0.67588144 | U19: =M19-(Q19+R19+S19+T19) -> 0.55594534 | V19: 21 | W19: 0 | X19: =M19-N19-O19-P19-Q19-R19-S19-T19-U19+V19+W19 -> 21 | Y19: =X19-AO19 -> 21 | AC19: 0 | AE19: 0 | AH19: 25.5 | AI19: =AI18-AH19 -> 1753.6 | AK19: =N19+O19+P19+Q19+R19+S19+T19+U19+X19+AE19+AH19 -> 50.49 | AL19: =IF(L19<0,L19*-1,0) -> 6.734603 | AM19: =AK19+AL19 -> 57.224603 | AN19: =V19 -> 21 | AO19: 0 | AV19: 0 | AW19: 51 | AX19: 15 | AZ19: =SUM(N19,P19:U19) -> 3.99
A20: =A19+1 -> 6 | B20: 6870.75 | C20: 189814 | D20: =C20-C19 -> -80 | E20: =C20-152000 -> 37814 | F20: =D20/$D$2 -> -40.332745 | G20: 31 | H20: 0 | I20: =G20+H20 -> 31 | J20: =IF(L20>0,L20,0) -> 0 | K20: =I20+J20 -> 31 | L20: =F20-(I20-AK20) -> -19.812745 | M20: 3.52 | N20: 0 | O20: 0 | P20: 0 | Q20: =923000/325851/1.9835*1.02 -> 1.4566346 | R20: =((2.2)*1.04)-T20 -> 1.6121186 | S20: 0 | T20: =(0.6131*1.06)*1.04 -> 0.67588144 | U20: =M20-(Q20+R20+S20+T20) -> -0.22463456 | V20: 21.3 | W20: 0 | X20: =M20-N20-O20-P20-Q20-R20-S20-T20-U20+V20+W20 -> 21.3 | Y20: =X20-AO20 -> 21.3 | AC20: 0 | AE20: 0 | AH20: 26.7 | AI20: =AI19-AH20 -> 1726.9 | AK20: =N20+O20+P20+Q20+R20+S20+T20+U20+X20+AE20+AH20 -> 51.52 | AL20: =IF(L20<0,L20*-1,0) -> 19.812745 | AM20: =AK20+AL20 -> 71.332745 | AN20: =V20 -> 21.3 | AO20: 0 | AV20: 0 | AW20: 50 | AX20: 17 | AZ20: =SUM(N20,P20:U20) -> 3.52
A21: =A20+1 -> 7 | B21: 6870.73 | C21: 189760 | D21: =C21-C20 -> -54 | E21: =C21-152000 -> 37760 | F21: =D21/$D$2 -> -27.224603 | G21: 32 | H21: 0 | I21: =G21+H21 -> 32 | J21: =IF(L21>0,L21,0) -> 0 | K21: =I21+J21 -> 32 | L21: =F21-(I21-AK21) -> -7.104603 | M21: 3.22 | N21: 0 | O21: 0 | P21: 0 | Q21: =896200/325851/1.9835*1.02 -> 1.4143401 | R21: =((2.2)*1.04)-T21 -> 1.6121186 | S21: 0 | T21: =(0.6131*1.06)*1.04 -> 0.67588144 | U21: =M21-(Q21+R21+S21+T21) -> -0.48234008 | V21: 21.7 | W21: 0 | X21: =M21-N21-O21-P21-Q21-R21-S21-T21-U21+V21+W21 -> 21.7 | Y21: =X21-AO21 -> 21.7 | AC21: 0 | AE21: 0 | AH21: 27.2 | AI21: =AI20-AH21 -> 1699.7 | AK21: =N21+O21+P21+Q21+R21+S21+T21+U21+X21+AE21+AH21 -> 52.12 | AL21: =IF(L21<0,L21*-1,0) -> 7.104603 | AM21: =AK21+AL21 -> 59.224603 | AN21: =V21 -> 21.7 | AO21: 0 | AV21: 0 | AW21: 47 | AX21: 16 | AZ21: =SUM(N21,P21:U21) -> 3.22
A22: =A21+1 -> 8 | B22: 6870.75 | C22: 189814 | D22: =C22-C21 -> 54 | E22: =C22-152000 -> 37814 | F22: =D22/$D$2 -> 27.224603 | G22: 31 | H22: 0 | I22: =G22+H22 -> 31 | J22: =IF(L22>0,L22,0) -> 48.504603 | K22: =I22+J22 -> 79.504603 | L22: =F22-(I22-AK22) -> 48.504603 | M22: 3.78 | N22: 0 | O22: 0 | P22: 0 | Q22: =861700/325851/1.9835*1.02 -> 1.3598938 | R22: =((2.2)*1.04)-T22 -> 1.6121186 | S22: 0 | T22: =(0.6131*1.06)*1.04 -> 0.67588144 | U22: =M22-(Q22+R22+S22+T22) -> 0.13210617 | V22: 21.6 | W22: 0 | X22: =M22-N22-O22-P22-Q22-R22-S22-T22-U22+V22+W22 -> 21.6 | Y22: =X22-AO22 -> 21.6 | AC22: 0 | AE22: 0 | AH22: 26.9 | AI22: =AI21-AH22 -> 1672.8 | AK22: =N22+O22+P22+Q22+R22+S22+T22+U22+X22+AE22+AH22 -> 52.28 | AL22: =IF(L22<0,L22*-1,0) -> 0 | AM22: =AK22+AL22 -> 52.28 | AN22: =V22 -> 21.6 | AO22: 0 | AV22: 0 | AW22: 44 | AX22: 18 | AZ22: =SUM(N22,P22:U22) -> 3.78
A23: =A22+1 -> 9 | B23: 6870.76 | C23: 189841 | D23: =C23-C22 -> 27 | E23: =C23-152000 -> 37841 | F23: =D23/$D$2 -> 13.612301 | G23: 31 | H23: 0 | I23: =G23+H23 -> 31 | J23: =IF(L23>0,L23,0) -> 34.542301 | K23: =I23+J23 -> 65.542301 | L23: =F23-(I23-AK23) -> 34.542301 | M23: 3.33 | N23: 0 | O23: 0 | P23: 0 | Q23: =927200/325851/1.9835*1.02 -> 1.4632628 | R23: =((2.2)*1.04)-T23 -> 1.5831254 | S23: 0 | T23: =(0.6394*1.06)*1.04 -> 0.70487456 | U23: =M23-(Q23+R23+S23+T23) -> -0.4212628 | V23: 21.6 | W23: 0 | X23: =M23-N23-O23-P23-Q23-R23-S23-T23-U23+V23+W23 -> 21.6 | Y23: =X23-AO23 -> 21.6 | AC23: 0 | AE23: 0 | AH23: 27 | AI23: =AI22-AH23 -> 1645.8 | AK23: =N23+O23+P23+Q23+R23+S23+T23+U23+X23+AE23+AH23 -> 51.93 | AL23: =IF(L23<0,L23*-1,0) -> 0 | AM23: =AK23+AL23 -> 51.93 | AN23: =V23 -> 21.6 | AO23: 0 | AV23: 0.25 | AW23: 36 | AX23: 19 | AZ23: =SUM(N23,P23:U23) -> 3.33
A24: =A23+1 -> 10 | B24: 6870.78 | C24: 189894 | D24: =C24-C23 -> 53 | E24: =C24-152000 -> 37894 | F24: =D24/$D$2 -> 26.720444 | G24: 30 | H24: 0 | I24: =G24+H24 -> 30 | J24: =IF(L24>0,L24,0) -> 49.040444 | K24: =I24+J24 -> 79.040444 | L24: =F24-(I24-AK24) -> 49.040444 | M24: 3.52 | N24: 0 | O24: 0 | P24: 0 | Q24: =1112800/325851/1.9835*1.02 -> 1.7561679 | R24: =((2)*1.04)-T24 -> 1.3751254 | S24: 0 | T24: =(0.6394*1.06)*1.04 -> 0.70487456 | U24: =M24-(Q24+R24+S24+T24) -> -0.31616786 | V24: 21.7 | W24: 0 | X24: =M24-N24-O24-P24-Q24-R24-S24-T24-U24+V24+W24 -> 21.7 | Y24: =X24-AO24 -> 21.7 | AC24: 0 | AE24: 0 | AH24: 27.1 | AI24: =AI23-AH24 -> 1618.7 | AK24: =N24+O24+P24+Q24+R24+S24+T24+U24+X24+AE24+AH24 -> 52.32 | AL24: =IF(L24<0,L24*-1,0) -> 0 | AM24: =AK24+AL24 -> 52.32 | AN24: =V24 -> 21.7 | AO24: 0 | AV24: 0.25 | AW24: 35 | AX24: 2 | AZ24: =SUM(N24,P24:U24) -> 3.52
A25: =A24+1 -> 11 | B25: 6870.77 | C25: 189867 | D25: =C25-C24 -> -27 | E25: =C25-152000 -> 37867 | F25: =D25/$D$2 -> -13.612301 | G25: 30 | H25: 0 | I25: =G25+H25 -> 30 | J25: =IF(L25>0,L25,0) -> 8.7176985 | K25: =I25+J25 -> 38.717699 | L25: =F25-(I25-AK25) -> 8.7176985 | M25: 3.43 | N25: 0 | O25: 0 | P25: 0 | Q25: =986900/325851/1.9835*1.02 -> 1.5574785 | R25: =((2)*1.04)-T25 -> 1.3751254 | S25: 0 | T25: =(0.6394*1.06)*1.04 -> 0.70487456 | U25: =M25-(Q25+R25+S25+T25) -> -0.20747849 | V25: 21.8 | W25: 0 | X25: =M25-N25-O25-P25-Q25-R25-S25-T25-U25+V25+W25 -> 21.8 | Y25: =X25-AO25 -> 21.8 | AC25: 0 | AE25: 0 | AH25: 27.1 | AI25: =AI24-AH25 -> 1591.6 | AK25: =N25+O25+P25+Q25+R25+S25+T25+U25+X25+AE25+AH25 -> 52.33 | AL25: =IF(L25<0,L25*-1,0) -> 0 | AM25: =AK25+AL25 -> 52.33 | AN25: =V25 -> 21.8 | AO25: 0 | AV25: 0 | AW25: 35 | AX25: -5 | AZ25: =SUM(N25,P25:U25) -> 3.43
A26: =A25+1 -> 12 | B26: 6870.75 | C26: 189814 | D26: =C26-C25 -> -53 | E26: =C26-152000 -> 37814 | F26: =D26/$D$2 -> -26.720444 | G26: 29 | H26: 0 | I26: =G26+H26 -> 29 | J26: =IF(L26>0,L26,0) -> 0 | K26: =I26+J26 -> 29 | L26: =F26-(I26-AK26) -> -3.5804437 | M26: 3.24 | N26: 0 | O26: 0 | P26: 0 | Q26: =1092100/325851/1.9835*1.02 -> 1.7235001 | R26: =((2)*1.04)-T26 -> 1.3751254 | S26: 0 | T26: =(0.6394*1.06)*1.04 -> 0.70487456 | U26: =M26-(Q26+R26+S26+T26) -> -0.56350011 | V26: 21.7 | W26: 0 | X26: =M26-N26-O26-P26-Q26-R26-S26-T26-U26+V26+W26 -> 21.7 | Y26: =X26-AO26 -> 21.7 | AC26: 0 | AE26: 0 | AH26: 27.2 | AI26: =AI25-AH26 -> 1564.4 | AK26: =N26+O26+P26+Q26+R26+S26+T26+U26+X26+AE26+AH26 -> 52.14 | AL26: =IF(L26<0,L26*-1,0) -> 3.5804437 | AM26: =AK26+AL26 -> 55.720444 | AN26: =V26 -> 21.7 | AO26: 0 | AV26: 0 | AW26: 42 | AX26: -2 | AZ26: =SUM(N26,P26:U26) -> 3.24
A27: =A26+1 -> 13 | B27: 6870.73 | C27: 189760 | D27: =C27-C26 -> -54 | E27: =C27-152000 -> 37760 | F27: =D27/$D$2 -> -27.224603 | G27: 29 | H27: 0 | I27: =G27+H27 -> 29 | J27: =IF(L27>0,L27,0) -> 0 | K27: =I27+J27 -> 29 | L27: =F27-(I27-AK27) -> -4.074603 | M27: 3.25 | N27: 0 | O27: 0 | P27: 0 | Q27: =639300/325851/1.9835*1.02 -> 1.0089128 | R27: =((2)*1.04)-T27 -> 1.3751254 | S27: 0 | T27: =(0.6394*1.06)*1.04 -> 0.70487456 | U27: =M27-(Q27+R27+S27+T27) -> 0.16108724 | V27: 21.6 | W27: 0 | X27: =M27-N27-O27-P27-Q27-R27-S27-T27-U27+V27+W27 -> 21.6 | Y27: =X27-AO27 -> 21.6 | AC27: 0 | AE27: 0 | AH27: 27.3 | AI27: =AI26-AH27 -> 1537.1 | AK27: =N27+O27+P27+Q27+R27+S27+T27+U27+X27+AE27+AH27 -> 52.15 | AL27: =IF(L27<0,L27*-1,0) -> 4.074603 | AM27: =AK27+AL27 -> 56.224603 | AN27: =V27 -> 21.6 | AO27: 0 | AV27: 0 | AW27: 41 | AX27: 6 | AZ27: =SUM(N27,P27:U27) -> 3.25
A28: =A27+1 -> 14 | B28: 6870.72 | C28: 189733 | D28: =C28-C27 -> -27 | E28: =C28-152000 -> 37733 | F28: =D28/$D$2 -> -13.612301 | G28: 30 | H28: 0 | I28: =G28+H28 -> 30 | J28: =IF(L28>0,L28,0) -> 9.5276985 | K28: =I28+J28 -> 39.527699 | L28: =F28-(I28-AK28) -> 9.5276985 | M28: 4.14 | N28: 0 | O28: 0 | P28: 0 | Q28: =1048700/325851/1.9835*1.02 -> 1.6550083 | R28: =((2)*1.04)-T28 -> 1.3751254 | S28: 0 | T28: =(0.6394*1.06)*1.04 -> 0.70487456 | U28: =M28-(Q28+R28+S28+T28) -> 0.4049917 | V28: 21.6 | W28: 0 | X28: =M28-N28-O28-P28-Q28-R28-S28-T28-U28+V28+W28 -> 21.6 | Y28: =X28-AO28 -> 21.6 | AC28: 0 | AE28: 0 | AH28: 27.4 | AI28: =AI27-AH28 -> 1509.7 | AK28: =N28+O28+P28+Q28+R28+S28+T28+U28+X28+AE28+AH28 -> 53.14 | AL28: =IF(L28<0,L28*-1,0) -> 0 | AM28: =AK28+AL28 -> 53.14 | AN28: =V28 -> 21.6 | AO28: 0 | AV28: 0 | AW28: 47 | AX28: 5 | AZ28: =SUM(N28,P28:U28) -> 4.14
A29: =A28+1 -> 15 | B29: 6870.71 | C29: 189707 | D29: =C29-C28 -> -26 | E29: =C29-152000 -> 37707 | F29: =D29/$D$2 -> -13.108142 | G29: 30 | H29: 0 | I29: =G29+H29 -> 30 | J29: =IF(L29>0,L29,0) -> 9.6618578 | K29: =I29+J29 -> 39.661858 | L29: =F29-(I29-AK29) -> 9.6618578 | M29: 3.67 | N29: 0 | O29: 0 | P29: 0 | Q29: =872900/325851/1.9835*1.02 -> 1.3775691 | R29: =((2.2)*1.04)-T29 -> 1.5831254 | S29: 0 | T29: =(0.6394*1.06)*1.04 -> 0.70487456 | U29: =M29-(Q29+R29+S29+T29) -> 0.0044308693 | V29: 21.6 | W29: 0 | X29: =M29-N29-O29-P29-Q29-R29-S29-T29-U29+V29+W29 -> 21.6 | Y29: =X29-AO29 -> 21.6 | AC29: 0 | AE29: 0 | AH29: 27.5 | AI29: =AI28-AH29 -> 1482.2 | AK29: =N29+O29+P29+Q29+R29+S29+T29+U29+X29+AE29+AH29 -> 52.77 | AL29: =IF(L29<0,L29*-1,0) -> 0 | AM29: =AK29+AL29 -> 52.77 | AN29: =V29 -> 21.6 | AO29: 0 | AV29: 0 | AW29: 48 | AX29: 7 | AZ29: =SUM(N29,P29:U29) -> 3.67
A30: =A29+1 -> 16 | B30: 6870.69 | C30: 189653 | D30: =C30-C29 -> -54 | E30: =C30-152000 -> 37653 | F30: =D30/$D$2 -> -27.224603 | G30: 30 | H30: 4.55 | I30: =G30+H30 -> 34.55 | J30: =IF(L30>0,L30,0) -> 0 | K30: =I30+J30 -> 34.55 | L30: =F30-(I30-AK30) -> -9.594603 | M30: 3.08 | N30: 0 | O30: 0 | P30: 0 | Q30: =837800/325851/1.9835*1.02 -> 1.322176 | R30: =((2.2)*1.04)-T30 -> 1.7570842 | S30: 0 | T30: =(0.4816*1.06)*1.04 -> 0.53091584 | U30: =M30-(Q30+R30+S30+T30) -> -0.53017599 | V30: 21.6 | W30: 0 | X30: =M30-N30-O30-P30-Q30-R30-S30-T30-U30+V30+W30 -> 21.6 | Y30: =X30-AO30 -> 21.6 | AC30: 0 | AE30: 0 | AH30: 27.5 | AI30: =AI29-AH30 -> 1454.7 | AK30: =N30+O30+P30+Q30+R30+S30+T30+U30+X30+AE30+AH30 -> 52.18 | AL30: =IF(L30<0,L30*-1,0) -> 9.594603 | AM30: =AK30+AL30 -> 61.774603 | AN30: =V30 -> 21.6 | AO30: 0 | AV30: 0 | AW30: 52 | AX30: 12 | AZ30: =SUM(N30,P30:U30) -> 3.08
A31: =A30+1 -> 17 | B31: 6870.67 | C31: 189599 | D31: =C31-C30 -> -54 | E31: =C31-152000 -> 37599 | F31: =D31/$D$2 -> -27.224603 | G31: 30 | H31: 6.34 | I31: =G31+H31 -> 36.34 | J31: =IF(L31>0,L31,0) -> 0 | K31: =I31+J31 -> 36.34 | L31: =F31-(I31-AK31) -> -10.534603 | M31: 3.93 | N31: 0 | O31: 0 | P31: 0 | Q31: =1061300/325851/1.9835*1.02 -> 1.674893 | R31: =((2.2)*1.04)-T31 -> 1.7570842 | S31: 0 | T31: =(0.4816*1.06)*1.04 -> 0.53091584 | U31: =M31-(Q31+R31+S31+T31) -> -0.032893021 | V31: 21.6 | W31: 0 | X31: =M31-N31-O31-P31-Q31-R31-S31-T31-U31+V31+W31 -> 21.6 | Y31: =X31-AO31 -> 21.6 | AC31: 0 | AE31: 0 | AH31: 27.5 | AI31: =AI30-AH31 -> 1427.2 | AK31: =N31+O31+P31+Q31+R31+S31+T31+U31+X31+AE31+AH31 -> 53.03 | AL31: =IF(L31<0,L31*-1,0) -> 10.534603 | AM31: =AK31+AL31 -> 63.564603 | AN31: =V31 -> 21.6 | AO31: 0 | AV31: 0 | AW31: 52 | AX31: 15 | AZ31: =SUM(N31,P31:U31) -> 3.93
A32: =A31+1 -> 18 | B32: 6870.66 | C32: 189573 | D32: =C32-C31 -> -26 | E32: =C32-152000 -> 37573 | F32: =D32/$D$2 -> -13.108142 | G32: 31 | H32: 1.46 | I32: =G32+H32 -> 32.46 | J32: =IF(L32>0,L32,0) -> 7.3418578 | K32: =I32+J32 -> 39.801858 | L32: =F32-(I32-AK32) -> 7.3418578 | M32: 3.81 | N32: 0 | O32: 0 | P32: 0 | Q32: =989900/325851/1.9835*1.02 -> 1.5622129 | R32: =((2.2)*1.04)-T32 -> 1.7570842 | S32: 0 | T32: =(0.4816*1.06)*1.04 -> 0.53091584 | U32: =M32-(Q32+R32+S32+T32) -> -0.040212948 | V32: 21.6 | W32: 0 | X32: =M32-N32-O32-P32-Q32-R32-S32-T32-U32+V32+W32 -> 21.6 | Y32: =X32-AO32 -> 21.6 | AC32: 0 | AE32: 0 | AH32: 27.5 | AI32: =AI31-AH32 -> 1399.7 | AK32: =N32+O32+P32+Q32+R32+S32+T32+U32+X32+AE32+AH32 -> 52.91 | AL32: =IF(L32<0,L32*-1,0) -> 0 | AM32: =AK32+AL32 -> 52.91 | AN32: =V32 -> 21.6 | AO32: 0 | AV32: 0 | AW32: 39 | AX32: 10 | AZ32: =SUM(N32,P32:U32) -> 3.81
A33: =A32+1 -> 19 | B33: 6870.65 | C33: 189546 | D33: =C33-C32 -> -27 | E33: =C33-152000 -> 37546 | F33: =D33/$D$2 -> -13.612301 | G33: 30 | H33: 1.04 | I33: =G33+H33 -> 31.04 | J33: =IF(L33>0,L33,0) -> 7.8276985 | K33: =I33+J33 -> 38.867699 | L33: =F33-(I33-AK33) -> 7.8276985 | M33: 3.38 | N33: 0 | O33: 0 | P33: 0 | Q33: =1015200/325851/1.9835*1.02 -> 1.6021402 | R33: =((2.2)*1.04)-T33 -> 1.7570842 | S33: 0 | T33: =(0.4816*1.06)*1.04 -> 0.53091584 | U33: =M33-(Q33+R33+S33+T33) -> -0.5101402 | V33: 21.6 | W33: 0 | X33: =M33-N33-O33-P33-Q33-R33-S33-T33-U33+V33+W33 -> 21.6 | Y33: =X33-AO33 -> 21.6 | AC33: 0 | AE33: 0 | AH33: 27.5 | AI33: =AI32-AH33 -> 1372.2 | AK33: =N33+O33+P33+Q33+R33+S33+T33+U33+X33+AE33+AH33 -> 52.48 | AL33: =IF(L33<0,L33*-1,0) -> 0 | AM33: =AK33+AL33 -> 52.48 | AN33: =V33 -> 21.6 | AO33: 0 | AV33: 0 | AW33: 49 | AX33: 9 | AZ33: =SUM(N33,P33:U33) -> 3.38
A34: =A33+1 -> 20 | B34: 6870.64 | C34: 189519 | D34: =C34-C33 -> -27 | E34: =C34-152000 -> 37519 | F34: =D34/$D$2 -> -13.612301 | G34: 31 | H34: 0 | I34: =G34+H34 -> 31 | J34: =IF(L34>0,L34,0) -> 7.9176985 | K34: =I34+J34 -> 38.917699 | L34: =F34-(I34-AK34) -> 7.9176985 | M34: 3.43 | N34: 0 | O34: 0 | P34: 0 | Q34: =944200/325851/1.9835*1.02 -> 1.4900914 | R34: =((2.2)*1.04)-T34 -> 1.7570842 | S34: 0 | T34: =(0.4816*1.06)*1.04 -> 0.53091584 | U34: =M34-(Q34+R34+S34+T34) -> -0.34809139 | V34: 21.6 | W34: 0 | X34: =M34-N34-O34-P34-Q34-R34-S34-T34-U34+V34+W34 -> 21.6 | Y34: =X34-AO34 -> 21.6 | AC34: 0 | AE34: 0 | AH34: 27.5 | AI34: =AI33-AH34 -> 1344.7 | AK34: =N34+O34+P34+Q34+R34+S34+T34+U34+X34+AE34+AH34 -> 52.53 | AL34: =IF(L34<0,L34*-1,0) -> 0 | AM34: =AK34+AL34 -> 52.53 | AN34: =V34 -> 21.6 | AO34: 0 | AV34: 0 | AW34: 41 | AX34: 11 | AZ34: =SUM(N34,P34:U34) -> 3.43
A35: =A34+1 -> 21 | B35: 6870.63 | C35: 189492 | D35: =C35-C34 -> -27 | E35: =C35-152000 -> 37492 | F35: =D35/$D$2 -> -13.612301 | G35: 31 | H35: 0 | I35: =G35+H35 -> 31 | J35: =IF(L35>0,L35,0) -> 8.1476985 | K35: =I35+J35 -> 39.147699 | L35: =F35-(I35-AK35) -> 8.1476985 | M35: 3.66 | N35: 0 | O35: 0 | P35: 0 | Q35: =854100/325851/1.9835*1.02 -> 1.3478999 | R35: =((2.2)*1.04)-T35 -> 1.7570842 | S35: 0 | T35: =(0.4816*1.06)*1.04 -> 0.53091584 | U35: =M35-(Q35+R35+S35+T35) -> 0.024100132 | V35: 21.6 | W35: 0 | X35: =M35-N35-O35-P35-Q35-R35-S35-T35-U35+V35+W35 -> 21.6 | Y35: =X35-AO35 -> 21.6 | AC35: 0 | AE35: 0 | AH35: 27.5 | AI35: =AI34-AH35 -> 1317.2 | AK35: =N35+O35+P35+Q35+R35+S35+T35+U35+X35+AE35+AH35 -> 52.76 | AL35: =IF(L35<0,L35*-1,0) -> 0 | AM35: =AK35+AL35 -> 52.76 | AN35: =V35 -> 21.6 | AO35: 0 | AV35: 0 | AW35: 40 | AX35: 12 | AZ35: =SUM(N35,P35:U35) -> 3.66
A36: =A35+1 -> 22 | B36: 6870.61 | C36: 189438 | D36: =C36-C35 -> -54 | E36: =C36-152000 -> 37438 | F36: =D36/$D$2 -> -27.224603 | G36: 30 | H36: 0 | I36: =G36+H36 -> 30 | J36: =IF(L36>0,L36,0) -> 0 | K36: =I36+J36 -> 30 | L36: =F36-(I36-AK36) -> -4.654603 | M36: 3.47 | N36: 0 | O36: 0 | P36: 0 | Q36: =878900/325851/1.9835*1.02 -> 1.387038 | R36: =((2.2)*1.04)-T36 -> 1.7570842 | S36: 0 | T36: =(0.4816*1.06)*1.04 -> 0.53091584 | U36: =M36-(Q36+R36+S36+T36) -> -0.20503804 | V36: 21.6 | W36: 0 | X36: =M36-N36-O36-P36-Q36-R36-S36-T36-U36+V36+W36 -> 21.6 | Y36: =X36-AO36 -> 21.6 | AC36: 0 | AE36: 0 | AH36: 27.5 | AI36: =AI35-AH36 -> 1289.7 | AK36: =N36+O36+P36+Q36+R36+S36+T36+U36+X36+AE36+AH36 -> 52.57 | AL36: =IF(L36<0,L36*-1,0) -> 4.654603 | AM36: =AK36+AL36 -> 57.224603 | AN36: =V36 -> 21.6 | AO36: 0 | AV36: 0 | AW36: 35 | AX36: 6 | AZ36: =SUM(N36,P36:U36) -> 3.47
A37: =A36+1 -> 23 | B37: 6870.59 | C37: 189385 | D37: =C37-C36 -> -53 | E37: =C37-152000 -> 37385 | F37: =D37/$D$2 -> -26.720444 | G37: 28 | H37: 0 | I37: =G37+H37 -> 28 | J37: =IF(L37>0,L37,0) -> 0 | K37: =I37+J37 -> 28 | L37: =F37-(I37-AK37) -> -1.9304437 | M37: 3.69 | N37: 0 | O37: 0 | P37: 0 | Q37: =945700/325851/1.9835*1.02 -> 1.4924586 | R37: =((2.2)*1.04)-T37 -> 1.4794998 | S37: 0 | T37: =(0.7334*1.06)*1.04 -> 0.80850016 | U37: =M37-(Q37+R37+S37+T37) -> -0.090458617 | V37: 21.6 | W37: 0 | X37: =M37-N37-O37-P37-Q37-R37-S37-T37-U37+V37+W37 -> 21.6 | Y37: =X37-AO37 -> 21.6 | AC37: 0 | AE37: 0 | AH37: 27.5 | AI37: =AI36-AH37 -> 1262.2 | AK37: =N37+O37+P37+Q37+R37+S37+T37+U37+X37+AE37+AH37 -> 52.79 | AL37: =IF(L37<0,L37*-1,0) -> 1.9304437 | AM37: =AK37+AL37 -> 54.720444 | AN37: =V37 -> 21.6 | AO37: 0 | AV37: 0 | AW37: 38 | AX37: 4 | AZ37: =SUM(N37,P37:U37) -> 3.69
A38: =A37+1 -> 24 | B38: 6870.57 | C38: 189331 | D38: =C38-C37 -> -54 | E38: =C38-152000 -> 37331 | F38: =D38/$D$2 -> -27.224603 | G38: 30 | H38: 0 | I38: =G38+H38 -> 30 | J38: =IF(L38>0,L38,0) -> 0 | K38: =I38+J38 -> 30 | L38: =F38-(I38-AK38) -> -4.284603 | M38: 3.74 | N38: 0 | O38: 0 | P38: 0 | Q38: =1097400/325851/1.9835*1.02 -> 1.7318643 | R38: =((2.2)*1.04)-T38 -> 1.4794998 | S38: 0 | T38: =(0.7334*1.06)*1.04 -> 0.80850016 | U38: =M38-(Q38+R38+S38+T38) -> -0.27986432 | V38: 21.6 | W38: 0 | X38: =M38-N38-O38-P38-Q38-R38-S38-T38-U38+V38+W38 -> 21.6 | Y38: =X38-AO38 -> 21.6 | AC38: 0 | AE38: 0 | AH38: 27.6 | AI38: =AI37-AH38 -> 1234.6 | AK38: =N38+O38+P38+Q38+R38+S38+T38+U38+X38+AE38+AH38 -> 52.94 | AL38: =IF(L38<0,L38*-1,0) -> 4.284603 | AM38: =AK38+AL38 -> 57.224603 | AN38: =V38 -> 21.6 | AO38: 0 | AV38: 0 | AW38: 31 | AX38: -4 | AZ38: =SUM(N38,P38:U38) -> 3.74
A39: =A38+1 -> 25 | B39: 6870.55 | C39: 189278 | D39: =C39-C38 -> -53 | E39: =C39-152000 -> 37278 | F39: =D39/$D$2 -> -26.720444 | G39: 29 | H39: 0 | I39: =G39+H39 -> 29 | J39: =IF(L39>0,L39,0) -> 0 | K39: =I39+J39 -> 29 | L39: =F39-(I39-AK39) -> -2.6204437 | M39: 3.9 | N39: 0 | O39: 0 | P39: 0 | Q39: =1059000/325851/1.9835*1.02 -> 1.6712633 | R39: =((2.2)*1.04)-T39 -> 1.4794998 | S39: 0 | T39: =(0.7334*1.06)*1.04 -> 0.80850016 | U39: =M39-(Q39+R39+S39+T39) -> -0.059263271 | V39: 21.6 | W39: 0 | X39: =M39-N39-O39-P39-Q39-R39-S39-T39-U39+V39+W39 -> 21.6 | Y39: =X39-AO39 -> 21.6 | AC39: 0 | AE39: 0 | AH39: 27.6 | AI39: =AI38-AH39 -> 1207 | AK39: =N39+O39+P39+Q39+R39+S39+T39+U39+X39+AE39+AH39 -> 53.1 | AL39: =IF(L39<0,L39*-1,0) -> 2.6204437 | AM39: =AK39+AL39 -> 55.720444 | AN39: =V39 -> 21.6 | AO39: 0 | AV39: 0 | AW39: 41 | AX39: 15 | AZ39: =SUM(N39,P39:U39) -> 3.9
A40: =A39+1 -> 26 | B40: 6870.54 | C40: 189254 | D40: =C40-C39 -> -24 | E40: =C40-152000 -> 37254 | F40: =D40/$D$2 -> -12.099824 | G40: 30 | H40: 0 | I40: =G40+H40 -> 30 | J40: =IF(L40>0,L40,0) -> 10.000176 | K40: =I40+J40 -> 40.000176 | L40: =F40-(I40-AK40) -> 10.000176 | M40: 3.9 | N40: 0 | O40: 0 | P40: 0 | Q40: =874800/325851/1.9835*1.02 -> 1.3805676 | R40: =((2.5)*1.04)-T40 -> 1.7914998 | S40: 0 | T40: =(0.7334*1.06)*1.04 -> 0.80850016 | U40: =M40-(Q40+R40+S40+T40) -> -0.08056762 | V40: 21.6 | W40: 0 | X40: =M40-N40-O40-P40-Q40-R40-S40-T40-U40+V40+W40 -> 21.6 | Y40: =X40-AO40 -> 21.6 | AC40: 0 | AE40: 0 | AH40: 26.6 | AI40: =AI39-AH40 -> 1180.4 | AK40: =N40+O40+P40+Q40+R40+S40+T40+U40+X40+AE40+AH40 -> 52.1 | AL40: =IF(L40<0,L40*-1,0) -> 0 | AM40: =AK40+AL40 -> 52.1 | AN40: =V40 -> 21.6 | AO40: 0 | AV40: 0 | AW40: 34 | AX40: 7 | AZ40: =SUM(N40,P40:U40) -> 3.9
A41: =A40+1 -> 27 | B41: 6870.53 | C41: 189224 | D41: =C41-C40 -> -30 | E41: =C41-152000 -> 37224 | F41: =D41/$D$2 -> -15.124779 | G41: 28 | H41: 0.22 | I41: =G41+H41 -> 28.22 | J41: =IF(L41>0,L41,0) -> 7.6552206 | K41: =I41+J41 -> 35.875221 | L41: =F41-(I41-AK41) -> 7.6552206 | M41: 3.9 | N41: 0 | O41: 0 | P41: 0 | Q41: =938500/325851/1.9835*1.02 -> 1.4810959 | R41: =((2.5)*1.04)-T41 -> 1.7914998 | S41: 0 | T41: =(0.7334*1.06)*1.04 -> 0.80850016 | U41: =M41-(Q41+R41+S41+T41) -> -0.18109592 | V41: 21.6 | W41: 0 | X41: =M41-N41-O41-P41-Q41-R41-S41-T41-U41+V41+W41 -> 21.6 | Y41: =X41-AO41 -> 21.6 | AC41: 0 | AE41: 0 | AH41: 25.5 | AI41: =AI40-AH41 -> 1154.9 | AK41: =N41+O41+P41+Q41+R41+S41+T41+U41+X41+AE41+AH41 -> 51 | AL41: =IF(L41<0,L41*-1,0) -> 0 | AM41: =AK41+AL41 -> 51 | AN41: =V41 -> 21.6 | AO41: 0 | AV41: 0 | AW41: 40 | AX41: 7 | AZ41: =SUM(N41,P41:U41) -> 3.9
A42: 28 | B42: 6870.52 | C42: 189197 | D42: =C42-C41 -> -27 | E42: =C42-152000 -> 37197 | F42: =D42/$D$2 -> -13.612301 | G42: 28 | H42: 0.22 | I42: =G42+H42 -> 28.22 | J42: =IF(L42>0,L42,0) -> 13.987699 | K42: =I42+J42 -> 42.207699 | L42: =F42-(I42-AK42) -> 13.987699 | M42: 4.82 | N42: 0 | O42: 0 | P42: 0 | Q42: =929100/325851/1.9835*1.02 -> 1.4662613 | R42: =((3)*1.04)-T42 -> 2.3114998 | S42: 0 | T42: =(0.7334*1.06)*1.04 -> 0.80850016 | U42: =M42-(Q42+R42+S42+T42) -> 0.23373871 | V42: 21.3 | W42: 0 | X42: =M42-N42-O42-P42-Q42-R42-S42-T42-U42+V42+W42 -> 21.3 | Y42: =X42-AO42 -> 21.3 | AC42: 0 | AE42: 0 | AH42: 29.7 | AI42: =AI41-AH42 -> 1125.2 | AK42: =N42+O42+P42+Q42+R42+S42+T42+U42+X42+AE42+AH42 -> 55.82 | AL42: =IF(L42<0,L42*-1,0) -> 0 | AM42: =AK42+AL42 -> 55.82 | AN42: =V42 -> 21.3 | AO42: 0 | AV42: 0 | AW42: 44 | AX42: 8 | AZ42: =SUM(N42,P42:U42) -> 4.82
A44: MONTH / CFS | F44: =SUM(F15:F42) -> -826.82128 | G44: =SUM(G15:G42) -> 847 | H44: =SUM(H15:H42) -> 13.83 | I44: =SUM(I15:I42) -> 860.83 | J44: =SUM(J15:J42) -> 284.78565 | K44: =SUM(K15:K42) -> 1145.6157 | L44: =SUM(L15:L42) -> 189.99872 | M44: =SUM(M15:M42) -> 100.85 | ... Y44: =SUM(Y15:Y42) -> 1020.9 | AC44: =SUM(AC15:AC42) -> 0 | AH44: =SUM(AH15:AH42) -> 755.9 | AJ44: =SUM(AJ15:AJ42) -> 0 | AK44: =SUM(AK15:AK42) -> 1877.65 | AL44: =SUM(AL15:AL42) -> 94.78693 | AM44: =SUM(AM15:AM42) -> 1972.4369 | AN44: =SUM(AN15:AN42) -> 1020.9 | AO44: =SUM(AO15:AO42) -> 0 | AV44: =SUM(AV15:AV42) -> 0.5 | AW44: =AVERAGE(AW15:AW42) -> 42.857143 | AX44: =AVERAGE(AX15:AX42) -> 9.5714286 | AY44: AVE | AZ44: =SUM(AZ15:AZ42) -> 100.85
A45: MONTH / AF | D45: =SUM(D15:D42) -> -1640 | F45: =F44*$D$2 -> -1640 | G45: =G44*$D$2 -> 1680.0245 | H45: =H44*$D$2 -> 27.431805 | I45: =I44*$D$2 -> 1707.4563 | J45: =J44*$D$2 -> 564.87234 | K45: =K44*$D$2 -> 2272.3286 | L45: =L44*$D$2 -> 376.86247 | M45: =M44*$D$2 -> 200.03598 | ... O45: =O44*$D$2 -> 0 | Q45: =Q44*$D$2 -> 83.146414 | R45: =R44*$D$2 -> 87.549719 | S45: =S44*$D$2 -> 0 | T45: =T44*$D$2 -> 37.458385 | U45: =U44*$D$2 -> -8.1185425 | V45: =V44*$D$2 -> 2024.9552 | W45: =W44*$D$2 -> 0 | X45: =X44*$D$2 -> 2024.9552 | Y45: =Y44*$D$2 -> 2024.9552 | AC45: =AC44*$D$2 -> 0 | AH45: =AH44*$D$2 -> 1499.3276 | AJ45: =AJ44*$D$2 -> 0 | AK45: =AK44*$D$2 -> 3724.3188 | AL45: =AL44*$D$2 -> 188.00987 | AM45: =AM44*$D$2 -> 3912.3286 | AN45: =AN44*$D$2 -> 2024.9552 | AO45: =AO44*$D$2 -> 0 | AW45: =MAX(AW15:AW42) -> 52 | AX45: =MAX(AX15:AX42) -> 19 | AY45: HI | AZ45: =AZ44*$D$2 -> 200.03598
A47: SEASON / CFS | AW47: =MIN(AW15:AW42) -> 31 | AX47: =MIN(AX15:AX42) -> -5 | AY47: LO
A48: SEASON / AF
A50: YTD / CFS | F50: =F13+F44 -> -3003.7812 | G50: =G13+G44 -> 3337 | H50: =H13+H44 -> 14.65 | I50: =I13+I44 -> 3351.03 | J50: =J13+J44 -> 1261.0026 | K50: =K13+K44 -> 4612.0326 | L50: =L13+L44 -> 615.34431 | M50: =M13+M44 -> 648.2 | ... Y50: =Y13+Y44 -> 3046.92 | AC50: =AC13+AC44 -> 27.7 | AH50: =AH13+AH44 -> 3121.8 | AI50: =AI42 -> 1125.2 | AJ50: =AJ13+AJ44 -> 0 | AK50: =AK13+AK44 -> 6970.1555 | AL50: =AL13+AL44 -> 645.65832 | AM50: =AM13+AM44 -> 7615.8138 | AN50: =AN13+AN44 -> 3046.92 | AO50: =AO13+AO44 -> 323.96244 | AV50: =AV13+AV44 -> 4.293 | AZ50: =AZ13+AZ44 -> 468.53756
A51: YTD / AF | D51: =D13+D45 -> -5958 | E51: =E42 -> 37197 | F51: =F50*$D$2 -> -5958 | G51: =G50*$D$2 -> 6618.9395 | H51: =H50*$D$2 -> 29.058275 | I51: =I50*$D$2 -> 6646.768 | J51: =J50*$D$2 -> 2501.1987 | K51: =K50*$D$2 -> 9147.9667 | L51: =L50*$D$2 -> 1220.5354 | M51: =M50*$D$2 -> 1285.7047 | ... Y51: =Y50*$D$2 -> 6043.5658 | AC51: =AC50*$D$2 -> 54.94295 | AH51: =AH50*$D$2 -> 6192.0903 | AI51: =AI50*$D$2 -> 2231.8342 | AJ51: =AJ50*$D$2 -> 0 | AK51: =AK50*$D$2 -> 13825.303 | AL51: =AL50*$D$2 -> 1280.6633 | AM51: =AM50*$D$2 -> 15105.967 | AN51: =AN50*$D$2 -> 6043.5658 | AO51: =AO50*$D$2 -> 642.5795 | AZ51: =AZ50*$D$2 -> 929.34425

Sheet MAR
K1: MCPHEE RESERVOIR INFLOW/OUTFLOW TABULATION
A2: AF/cfs CONVERT FACTOR | D2: 1.9835 | K2: MARCH "2013"
D4: RESERVOIR | I4: INFLOW | X4: OUTFLOW | AP4: ADJUSTMENTS | AW4: WEATHER
A5: DATE | B5: RESERV | C5: RESERV | D5: AC FT | E5: ACTIVE | F5: CONV TO | G5: DOLORES | H5: LOST | I5: RECORD | J5: CALC | K5: TOTAL | L5: CALC | M5: DOLORES TUNNEL | V5: LONE | W5: U | X5: TOTAL | Y5: TOTAL | Z5: MVI | AA5: MVI | AB5: MVI | AC5: TO EX & | AD5: MVI | AE5: DV CR | AF5: D/S SENIOR | AH5: BELOW | AI5: FISH | AJ5: SPILL | AK5: RECORD | AL5: CALC | AM5: TOTAL | AN5: NAR | AO5: MVI | AP5: MVI | AQ5: MVI | AR5: DIST. | AS5: U/S | AT5: TOTTEN | AU5: UTES | AV5: RAIN | AW5: MAX | AX5: MIN | AZ5: TOTAL
A6: MAR | B6: ELEV | D6: CHANGE | E6: CAP | F6: CFS | G6: RIVER | H6: CAN | I6: INFLOW | J6: INFLOW | K6: INFLOW | L6: INF/OTF | M6: TOT DIV | N6: WET | O6: UTE | P6: QUEST | Q6: MWC | R6: CORTEZ | T6: UTE | U6: F-BAY | V6: PINE | W6: LAT | X6: MVI | Y6: MVI | Z6: CALL | AA6: CALL | AB6: APR- | AC6: U/S EX | AD6: PROJ | AE6: CANAL | AF6: MVIC | AG6: PROJ | AH6: MCP | AI6: LEFT | AK6: OTF | AL6: OTF | AM6: OTF | AN6: FILL | AO6: STOCK | AP6: STORED | AQ6: STORED | AR6: CLASS | AS6: USERS | AT6: (FRESH | AU6: FROM | AW6: TMP | AX6: TMP | AZ6: TUNNEL
N7: LAND | O7: F&R | Q7: NON - | R7: NON - | S7: PROJ | T7: PROJ | U7: BAL | X7: WATER | Y7: IRRIG. | Z7: STOR | AA7: SPILLED | AB7: JUNE | AF7: 1.7 | AG7: 1.3 | AI7: 31798 | AP7: Apr - Jun | AQ7: EVAP | AR7: "B" | AS7: EXCH | AT7: WATER) | AU7: DWCD | AZ7: Misc.
Q8: PROJ | R8: PROJ | X8: USED | Y8: WATER | AA8: OR | AB8: (DIV+
R9: 4.2 | Y9: USED | AA9: USED | AB9: CALL)
C10: AC. Ft. | E10: AC FT | G10: CFS | H10: CFS | I10: CFS | J10: CFS | K10: CFS | L10: CFS | M10: CFS | N10: CFS | O10: CFS | P10: CFS | Q10: CFS | R10: CFS | S10: CFS | T10: CFS | U10: CFS | V10: CFS | W10: CFS | X10: 153400 | Y10: 150400 | AB10: 72000 | AC10: CFS | AD10: CFS | AE10: CFS | AF10: CFS | AG10: CFS | AH10: CFS | AI10: CFS | AJ10: CFS | AK10: CFS | AL10: CFS | AM10: CFS | AN10: CFS | AO10: CFS | AP10: CFS | AQ10: AC.FT. | AR10: CFS | AS10: CFS | AT10: CFS | AU10: CFS | AZ10: Outflow
N11: 1.03 | O11: 1.05 | P11: 1.02 | Q11: 1.02 | R11: 1.04 | T11: 1.04 | X11: CFS | Y11: CFS | Z11: CFS | AA11: CFS | AB11: Ac. Ft. | AZ11: CFS
A12: SEASON BAL
A13: YTD | B13: =FEB!B42 -> 6870.52 | C13: =FEB!C42 -> 189197 | D13: =FEB!D51 -> -5958 | E13: =FEB!E51 -> 37197 | F13: =FEB!F50 -> -3003.7812 | G13: =FEB!G50 -> 3337 | H13: =FEB!H50 -> 14.65 | I13: =FEB!I50 -> 3351.03 | J13: =FEB!J50 -> 1261.0026 | K13: =FEB!K50 -> 4612.0326 | L13: =FEB!L50 -> 615.34431 | M13: =FEB!M50 -> 648.2 | ... Y13: =FEB!Y50 -> 3046.92 | AC13: =FEB!AC50 -> 27.7 | AH13: =FEB!AH50 -> 3121.8 | AI13: =FEB!AI50 -> 1125.2 | AJ13: =FEB!AJ50 -> 0 | AK13: =FEB!AK50 -> 6970.1555 | AL13: =FEB!AL50 -> 645.65832 | AM13: =FEB!AM50 -> 7615.8138 | AN13: =FEB!AN50 -> 3046.92 | AO13: =FEB!AO50 -> 323.96244 | AV13: =FEB!AV50 -> 4.293 | AZ13: =FEB!AZ50 -> 468.53756
A15: 1 | B15: 6870.49 | C15: 189117 | D15: =C15-C13 -> -80 | E15: =C15-152000 -> 37117 | F15: =D15/$D$2 -> -40.332745 | G15: 29 | H15: 0.25 | I15: =G15+H15 -> 29.25 | J15: =IF(L15>0,L15,0) -> 0 | K15: =I15+J15 -> 29.25 | L15: =F15-(I15-AK15) -> -9.0327451 | M15: 4.35 | N15: 0 | O15: 0 | P15: 0 | Q15: =866000/325851/1.9835*1.02 -> 1.3666799 | R15: =((4.5)*1.04)-T15 -> 4.009851 | S15: 0 | T15: =(0.6079*1.06)*1.04 -> 0.67014896 | U15: =M15-(Q15+R15+S15+T15) -> -1.6966799 | V15: 20.8 | W15: 0 | X15: =M15-N15-O15-P15-Q15-R15-S15-T15-U15+V15+W15 -> 20.8 | Y15: =X15-AO15 -> 20.8 | AC15: 0 | AE15: 0 | AH15: 35.4 | AI15: =AI13-AH15 -> 1089.8 | AK15: =N15+O15+P15+Q15+R15+S15+T15+U15+X15+AE15+AH15 -> 60.55 | AL15: =IF(L15<0,L15*-1,0) -> 9.0327451 | AM15: =AK15+AL15 -> 69.582745 | AN15: =V15 -> 20.8 | AV15: 0 | AW15: 49 | AX15: 17 | AZ15: =SUM(N15,P15:U15) -> 4.35
A16: =A15+1 -> 2 | B16: 6870.47 | C16: 189063 | D16: =C16-C15 -> -54 | E16: =C16-152000 -> 37063 | F16: =D16/$D$2 -> -27.224603 | G16: 30 | H16: 0.38 | I16: =G16+H16 -> 30.38 | J16: =IF(L16>0,L16,0) -> 2.635397 | K16: =I16+J16 -> 33.015397 | L16: =F16-(I16-AK16) -> 2.635397 | M16: 4.14 | N16: 0 | O16: 0 | P16: 0 | Q16: =991800/325851/1.9835*1.02 -> 1.5652114 | R16: =((2.2)*1.04)-T16 -> 1.617851 | S16: 0 | T16: =(0.6079*1.06)*1.04 -> 0.67014896 | U16: =M16-(Q16+R16+S16+T16) -> 0.28678856 | V16: 20.7 | W16: 0 | X16: =M16-N16-O16-P16-Q16-R16-S16-T16-U16+V16+W16 -> 20.7 | Y16: =X16-AO16 -> 20.7 | AC16: 0 | AE16: 0 | AH16: 35.4 | AI16: =AI15-AH16 -> 1054.4 | AK16: =N16+O16+P16+Q16+R16+S16+T16+U16+X16+AE16+AH16 -> 60.24 | AL16: =IF(L16<0,L16*-1,0) -> 0 | AM16: =AK16+AL16 -> 60.24 | AN16: =V16 -> 20.7 | AV16: 0 | AW16: 58 | AX16: 17 | AZ16: =SUM(N16,P16:U16) -> 4.14
A17: =A16+1 -> 3 | B17: 6870.46 | C17: 189036 | D17: =C17-C16 -> -27 | E17: =C17-152000 -> 37036 | F17: =D17/$D$2 -> -13.612301 | G17: 35 | H17: 0.54 | I17: =G17+H17 -> 35.54 | J17: =IF(L17>0,L17,0) -> 10.237699 | K17: =I17+J17 -> 45.777699 | L17: =F17-(I17-AK17) -> 10.237699 | M17: 3.29 | N17: 0 | O17: 0 | P17: 0 | Q17: =1029000/325851/1.9835*1.02 -> 1.6239187 | R17: =((2.2)*1.04)-T17 -> 1.617851 | S17: 0 | T17: =(0.6079*1.06)*1.04 -> 0.67014896 | U17: =M17-(Q17+R17+S17+T17) -> -0.6219187 | V17: 20.6 | W17: 0 | X17: =M17-N17-O17-P17-Q17-R17-S17-T17-U17+V17+W17 -> 20.6 | Y17: =X17-AO17 -> 20.6 | AC17: 0 | AE17: 0 | AH17: 35.5 | AI17: =AI16-AH17 -> 1018.9 | AK17: =N17+O17+P17+Q17+R17+S17+T17+U17+X17+AE17+AH17 -> 59.39 | AL17: =IF(L17<0,L17*-1,0) -> 0 | AM17: =AK17+AL17 -> 59.39 | AN17: =V17 -> 20.6 | AV17: 0 | AW17: 56 | AX17: 28 | AZ17: =SUM(N17,P17:U17) -> 3.29
A18: =A17+1 -> 4 | B18: 6870.43 | C18: 188956 | D18: =C18-C17 -> -80 | E18: =C18-152000 -> 36956 | F18: =D18/$D$2 -> -40.332745 | G18: 38 | H18: 0.61 | I18: =G18+H18 -> 38.61 | J18: =IF(L18>0,L18,0) -> 0 | K18: =I18+J18 -> 38.61 | L18: =F18-(I18-AK18) -> -11.562745 | M18: 3.88 | N18: 0 | O18: 0 | P18: 0 | Q18: =995100/325851/1.9835*1.02 -> 1.5704193 | R18: =((2.2)*1.04)-T18 -> 1.617851 | S18: 0 | T18: =(0.6079*1.06)*1.04 -> 0.67014896 | U18: =M18-(Q18+R18+S18+T18) -> 0.02158066 | V18: 28 | W18: 0 | X18: =M18-N18-O18-P18-Q18-R18-S18-T18-U18+V18+W18 -> 28 | Y18: =X18-AO18 -> 28 | AC18: 0 | AE18: 0 | AH18: 35.5 | AI18: =AI17-AH18 -> 983.4 | AK18: =N18+O18+P18+Q18+R18+S18+T18+U18+X18+AE18+AH18 -> 67.38 | AL18: =IF(L18<0,L18*-1,0) -> 11.562745 | AM18: =AK18+AL18 -> 78.942745 | AN18: =V18 -> 28 | AV18: 0 | AW18: 52 | AX18: 26 | AZ18: =SUM(N18,P18:U18) -> 3.88
A19: =A18+1 -> 5 | B19: 6870.41 | C19: 188902 | D19: =C19-C18 -> -54 | E19: =C19-152000 -> 36902 | F19: =D19/$D$2 -> -27.224603 | G19: 36 | H19: 0.61 | I19: =G19+H19 -> 36.61 | J19: =IF(L19>0,L19,0) -> 8.935397 | K19: =I19+J19 -> 45.545397 | L19: =F19-(I19-AK19) -> 8.935397 | M19: 3.47 | N19: 0 | O19: 0 | P19: 0 | Q19: =966400/325851/1.9835*1.02 -> 1.5251264 | R19: =((2.2)*1.04)-T19 -> 1.617851 | S19: 0 | T19: =(0.6079*1.06)*1.04 -> 0.67014896 | U19: =M19-(Q19+R19+S19+T19) -> -0.34312637 | V19: 33.4 | W19: 0 | X19: =M19-N19-O19-P19-Q19-R19-S19-T19-U19+V19+W19 -> 33.4 | Y19: =X19-AO19 -> 33.4 | AC19: 0 | AE19: 0 | AH19: 35.9 | AI19: =AI18-AH19 -> 947.5 | AK19: =N19+O19+P19+Q19+R19+S19+T19+U19+X19+AE19+AH19 -> 72.77 | AL19: =IF(L19<0,L19*-1,0) -> 0 | AM19: =AK19+AL19 -> 72.77 | AN19: =V19 -> 33.4 | AV19: 0 | AW19: 55 | AX19: 16 | AZ19: =SUM(N19,P19:U19) -> 3.47
A20: =A19+1 -> 6 | B20: 6870.41 | C20: 188902 | D20: =C20-C19 -> 0 | E20: =C20-152000 -> 36902 | F20: =D20/$D$2 -> 0 | G20: 37 | H20: 0.8 | I20: =G20+H20 -> 37.8 | J20: =IF(L20>0,L20,0) -> 34.84 | K20: =I20+J20 -> 72.64 | L20: =F20-(I20-AK20) -> 34.84 | M20: 3.64 | N20: 0 | O20: 0 | P20: 0 | Q20: =771400/325851/1.9835*1.02 -> 1.2173867 | R20: =((2.2)*1.04)-T20 -> 1.617851 | S20: 0 | T20: =(0.6079*1.06)*1.04 -> 0.67014896 | U20: =M20-(Q20+R20+S20+T20) -> 0.13461333 | V20: 33.4 | W20: 0 | X20: =M20-N20-O20-P20-Q20-R20-S20-T20-U20+V20+W20 -> 33.4 | Y20: =X20-AO20 -> 33.4 | AC20: 0 | AE20: 0 | AH20: 35.6 | AI20: =AI19-AH20 -> 911.9 | AK20: =N20+O20+P20+Q20+R20+S20+T20+U20+X20+AE20+AH20 -> 72.64 | AL20: =IF(L20<0,L20*-1,0) -> 0 | AM20: =AK20+AL20 -> 72.64 | AN20: =V20 -> 33.4 | AV20: 0 | AW20: 60 | AX20: 29 | AZ20: =SUM(N20,P20:U20) -> 3.64
A21: =A20+1 -> 7 | B21: 6870.42 | C21: 188929 | D21: =C21-C20 -> 27 | E21: =C21-152000 -> 36929 | F21: =D21/$D$2 -> 13.612301 | G21: 41 | H21: 0.97 | I21: =G21+H21 -> 41.97 | J21: =IF(L21>0,L21,0) -> 43.982301 | K21: =I21+J21 -> 85.952301 | L21: =F21-(I21-AK21) -> 43.982301 | M21: 3.54 | N21: 0 | O21: 0 | P21: 0 | Q21: =1008100/325851/1.9835*1.02 -> 1.5909353 | R21: =((2.2)*1.04)-T21 -> 1.617851 | S21: 0 | T21: =(0.6079*1.06)*1.04 -> 0.67014896 | U21: =M21-(Q21+R21+S21+T21) -> -0.33893532 | V21: 33.4 | W21: 0 | X21: =M21-N21-O21-P21-Q21-R21-S21-T21-U21+V21+W21 -> 33.4 | Y21: =X21-AO21 -> 33.4 | AC21: 0 | AE21: 0 | AH21: 35.4 | AI21: =AI20-AH21 -> 876.5 | AK21: =N21+O21+P21+Q21+R21+S21+T21+U21+X21+AE21+AH21 -> 72.34 | AL21: =IF(L21<0,L21*-1,0) -> 0 | AM21: =AK21+AL21 -> 72.34 | AN21: =V21 -> 33.4 | AV21: 0 | AW21: 52 | AX21: 29 | AZ21: =SUM(N21,P21:U21) -> 3.54
A22: =A21+1 -> 8 | B22: 6870.43 | C22: 188956 | D22: =C22-C21 -> 27 | E22: =C22-152000 -> 36956 | F22: =D22/$D$2 -> 13.612301 | G22: 45 | H22: 1.1 | I22: =G22+H22 -> 46.1 | J22: =IF(L22>0,L22,0) -> 40.162301 | K22: =I22+J22 -> 86.262301 | L22: =F22-(I22-AK22) -> 40.162301 | M22: 3.75 | N22: 0 | O22: 0 | P22: 0 | Q22: =791500/325851/1.9835*1.02 -> 1.2491075 | R22: =((2.2)*1.04)-T22 -> 1.7634781 | S22: 0 | T22: =(0.4758*1.06)*1.04 -> 0.52452192 | U22: =M22-(Q22+R22+S22+T22) -> 0.21289247 | V22: 33.4 | W22: 0 | X22: =M22-N22-O22-P22-Q22-R22-S22-T22-U22+V22+W22 -> 33.4 | Y22: =X22-AO22 -> 33.4 | AC22: 0 | AE22: 0 | AH22: 35.5 | AI22: =AI21-AH22 -> 841 | AK22: =N22+O22+P22+Q22+R22+S22+T22+U22+X22+AE22+AH22 -> 72.65 | AL22: =IF(L22<0,L22*-1,0) -> 0 | AM22: =AK22+AL22 -> 72.65 | AN22: =V22 -> 33.4 | AV22: 0.21 | AW22: 45 | AX22: 30 | AZ22: =SUM(N22,P22:U22) -> 3.75
A23: =A22+1 -> 9 | B23: 6870.41 | C23: 188902 | D23: =C23-C22 -> -54 | E23: =C23-152000 -> 36902 | F23: =D23/$D$2 -> -27.224603 | G23: 44 | H23: 1 | I23: =G23+H23 -> 45 | J23: =IF(L23>0,L23,0) -> 0 | K23: =I23+J23 -> 45 | L23: =F23-(I23-AK23) -> -0.19460297 | M23: 3.23 | N23: 0 | O23: 0 | P23: 0 | Q23: =831200/325851/1.9835*1.02 -> 1.3117602 | R23: =((2.2)*1.04)-T23 -> 1.7634781 | S23: 0 | T23: =(0.4758*1.06)*1.04 -> 0.52452192 | U23: =M23-(Q23+R23+S23+T23) -> -0.36976018 | V23: 33.4 | W23: 0 | X23: =M23-N23-O23-P23-Q23-R23-S23-T23-U23+V23+W23 -> 33.4 | Y23: =X23-AO23 -> 33.4 | AC23: 0 | AE23: 0 | AH23: 35.4 | AI23: =AI22-AH23 -> 805.6 | AK23: =N23+O23+P23+Q23+R23+S23+T23+U23+X23+AE23+AH23 -> 72.03 | AL23: =IF(L23<0,L23*-1,0) -> 0.19460297 | AM23: =AK23+AL23 -> 72.224603 | AN23: =V23 -> 33.4 | AV23: 0.21 | AW23: 38 | AX23: 22 | AZ23: =SUM(N23,P23:U23) -> 3.23
A24: =A23+1 -> 10 | B24: 6870.39 | C24: 188849 | D24: =C24-C23 -> -53 | E24: =C24-152000 -> 36849 | F24: =D24/$D$2 -> -26.720444 | G24: 41 | H24: 0.76 | I24: =G24+H24 -> 41.76 | J24: =IF(L24>0,L24,0) -> 3.4195563 | K24: =I24+J24 -> 45.179556 | L24: =F24-(I24-AK24) -> 3.4195563 | M24: 3.2 | N24: 0 | O24: 0 | P24: 0 | Q24: =1047200/325851/1.9835*1.02 -> 1.6526411 | R24: =((2)*1.04)-T24 -> 1.5554781 | S24: 0 | T24: =(0.4758*1.06)*1.04 -> 0.52452192 | U24: =M24-(Q24+R24+S24+T24) -> -0.53264107 | V24: 33.3 | W24: 0 | X24: =M24-N24-O24-P24-Q24-R24-S24-T24-U24+V24+W24 -> 33.3 | Y24: =X24-AO24 -> 33.3 | AC24: 0 | AE24: 0 | AH24: 35.4 | AI24: =AI23-AH24 -> 770.2 | AK24: =N24+O24+P24+Q24+R24+S24+T24+U24+X24+AE24+AH24 -> 71.9 | AL24: =IF(L24<0,L24*-1,0) -> 0 | AM24: =AK24+AL24 -> 71.9 | AN24: =V24 -> 33.3 | AV24: 0 | AW24: 44 | AX24: 20 | AZ24: =SUM(N24,P24:U24) -> 3.2
A25: =A24+1 -> 11 | B25: 6870.38 | C25: 188822 | D25: =C25-C24 -> -27 | E25: =C25-152000 -> 36822 | F25: =D25/$D$2 -> -13.612301 | G25: 42 | H25: 0.8 | I25: =G25+H25 -> 42.8 | J25: =IF(L25>0,L25,0) -> 15.657699 | K25: =I25+J25 -> 58.457699 | L25: =F25-(I25-AK25) -> 15.657699 | M25: 3.57 | N25: 0 | O25: 0 | P25: 0 | Q25: =925700/325851/1.9835*1.02 -> 1.4608956 | R25: =((2)*1.04)-T25 -> 1.5554781 | S25: 0 | T25: =(0.4758*1.06)*1.04 -> 0.52452192 | U25: =M25-(Q25+R25+S25+T25) -> 0.029104429 | V25: 33.2 | W25: 0 | X25: =M25-N25-O25-P25-Q25-R25-S25-T25-U25+V25+W25 -> 33.2 | Y25: =X25-AO25 -> 33.2 | AC25: 0 | AE25: 0 | AH25: 35.3 | AI25: =AI24-AH25 -> 734.9 | AK25: =N25+O25+P25+Q25+R25+S25+T25+U25+X25+AE25+AH25 -> 72.07 | AL25: =IF(L25<0,L25*-1,0) -> 0 | AM25: =AK25+AL25 -> 72.07 | AN25: =V25 -> 33.2 | AV25: 0 | AW25: 52 | AX25: 18 | AZ25: =SUM(N25,P25:U25) -> 3.57
A26: =A25+1 -> 12 | B26: 6870.37 | C26: 188795 | D26: =C26-C25 -> -27 | E26: =C26-152000 -> 36795 | F26: =D26/$D$2 -> -13.612301 | G26: 47 | H26: 1.1 | I26: =G26+H26 -> 48.1 | J26: =IF(L26>0,L26,0) -> 9.3876985 | K26: =I26+J26 -> 57.487699 | L26: =F26-(I26-AK26) -> 9.3876985 | M26: 3.2 | N26: 0 | O26: 0 | P26: 0 | Q26: =818700/325851/1.9835*1.02 -> 1.2920333 | R26: =((2)*1.04)-T26 -> 1.5554781 | S26: 0 | T26: =(0.4758*1.06)*1.04 -> 0.52452192 | U26: =M26-(Q26+R26+S26+T26) -> -0.17203328 | V26: 33.1 | W26: 0 | X26: =M26-N26-O26-P26-Q26-R26-S26-T26-U26+V26+W26 -> 33.1 | Y26: =X26-AO26 -> 33.1 | AC26: 0 | AE26: 0 | AH26: 34.8 | AI26: =AI25-AH26 -> 700.1 | AK26: =N26+O26+P26+Q26+R26+S26+T26+U26+X26+AE26+AH26 -> 71.1 | AL26: =IF(L26<0,L26*-1,0) -> 0 | AM26: =AK26+AL26 -> 71.1 | AN26: =V26 -> 33.1 | AV26: 0 | AW26: 58 | AX26: 24 | AZ26: =SUM(N26,P26:U26) -> 3.2
A27: =A26+1 -> 13 | B27: 6870.37 | C27: 188795 | D27: =C27-C26 -> 0 | E27: =C27-152000 -> 36795 | F27: =D27/$D$2 -> 0 | G27: 58 | H27: 1.5 | I27: =G27+H27 -> 59.5 | J27: =IF(L27>0,L27,0) -> 14.66 | K27: =I27+J27 -> 74.16 | L27: =F27-(I27-AK27) -> 14.66 | M27: 3.56 | N27: 0 | O27: 0 | P27: 0 | Q27: =930800/325851/1.9835*1.02 -> 1.4689441 | R27: =((2)*1.04)-T27 -> 1.5554781 | S27: 0 | T27: =(0.4758*1.06)*1.04 -> 0.52452192 | U27: =M27-(Q27+R27+S27+T27) -> 0.011055852 | V27: 35.5 | W27: 0 | X27: =M27-N27-O27-P27-Q27-R27-S27-T27-U27+V27+W27 -> 35.5 | Y27: =X27-AO27 -> 35.5 | AC27: 0 | AE27: 0 | AH27: 35.1 | AI27: =AI26-AH27 -> 665 | AK27: =N27+O27+P27+Q27+R27+S27+T27+U27+X27+AE27+AH27 -> 74.16 | AL27: =IF(L27<0,L27*-1,0) -> 0 | AM27: =AK27+AL27 -> 74.16 | AN27: =V27 -> 35.5 | AV27: 0 | AW27: 63 | AX27: 28 | AZ27: =SUM(N27,P27:U27) -> 3.56
A28: =A27+1 -> 14 | B28: 6870.39 | C28: 188849 | D28: =C28-C27 -> 54 | E28: =C28-152000 -> 36849 | F28: =D28/$D$2 -> 27.224603 | G28: 72 | H28: 2 | I28: =G28+H28 -> 74 | J28: =IF(L28>0,L28,0) -> 34.114603 | K28: =I28+J28 -> 108.1146 | L28: =F28-(I28-AK28) -> 34.114603 | M28: 3.49 | N28: 0 | O28: 0 | P28: 0 | Q28: =923500/325851/1.9835*1.02 -> 1.4574236 | R28: =((2)*1.04)-T28 -> 1.5554781 | S28: 0 | T28: =(0.4758*1.06)*1.04 -> 0.52452192 | U28: =M28-(Q28+R28+S28+T28) -> -0.047423636 | V28: 42.1 | W28: 0 | X28: =M28-N28-O28-P28-Q28-R28-S28-T28-U28+V28+W28 -> 42.1 | Y28: =X28-AO28 -> 42.1 | AC28: 0 | AE28: 0 | AH28: 35.3 | AI28: =AI27-AH28 -> 629.7 | AK28: =N28+O28+P28+Q28+R28+S28+T28+U28+X28+AE28+AH28 -> 80.89 | AL28: =IF(L28<0,L28*-1,0) -> 0 | AM28: =AK28+AL28 -> 80.89 | AN28: =V28 -> 42.1 | AV28: 0 | AW28: 69 | AX28: 32 | AZ28: =SUM(N28,P28:U28) -> 3.49
A29: =A28+1 -> 15 | B29: 6870.41 | C29: 188902 | D29: =C29-C28 -> 53 | E29: =C29-152000 -> 36902 | F29: =D29/$D$2 -> 26.720444 | G29: 79 | H29: 2.4 | I29: =G29+H29 -> 81.4 | J29: =IF(L29>0,L29,0) -> 26.760444 | K29: =I29+J29 -> 108.16044 | L29: =F29-(I29-AK29) -> 26.760444 | M29: 3.54 | N29: 0 | O29: 0 | P29: 0 | Q29: =901700/325851/1.9835*1.02 -> 1.4230199 | R29: =((2)*1.04)-T29 -> 1.4331117 | S29: 0 | T29: =(0.5868*1.06)*1.04 -> 0.64688832 | U29: =M29-(Q29+R29+S29+T29) -> 0.036980083 | V29: 42.6 | W29: 0 | X29: =M29-N29-O29-P29-Q29-R29-S29-T29-U29+V29+W29 -> 42.6 | Y29: =X29-AO29 -> 42.6 | AC29: 0 | AE29: 0 | AH29: 35.3 | AI29: =AI28-AH29 -> 594.4 | AK29: =N29+O29+P29+Q29+R29+S29+T29+U29+X29+AE29+AH29 -> 81.44 | AL29: =IF(L29<0,L29*-1,0) -> 0 | AM29: =AK29+AL29 -> 81.44 | AN29: =V29 -> 42.6 | AV29: 0 | AW29: 71 | AX29: 34 | AZ29: =SUM(N29,P29:U29) -> 3.54
A30: =A29+1 -> 16 | B30: 6870.42 | C30: 188929 | D30: =C30-C29 -> 27 | E30: =C30-152000 -> 36929 | F30: =D30/$D$2 -> 13.612301 | G30: 92 | H30: 2.9 | I30: =G30+H30 -> 94.9 | J30: =IF(L30>0,L30,0) -> 0 | K30: =I30+J30 -> 94.9 | L30: =F30-(I30-AK30) -> -0.14769851 | M30: 3.14 | N30: 0 | O30: 0 | P30: 0 | Q30: =952200/325851/1.9835*1.02 -> 1.5027166 | R30: =((2)*1.04)-T30 -> 1.4331117 | S30: 0 | T30: =(0.5868*1.06)*1.04 -> 0.64688832 | U30: =M30-(Q30+R30+S30+T30) -> -0.44271661 | V30: 42.6 | W30: 0 | X30: =M30-N30-O30-P30-Q30-R30-S30-T30-U30+V30+W30 -> 42.6 | Y30: =X30-AO30 -> 42.6 | AC30: 0 | AE30: 0 | AH30: 35.4 | AI30: =AI29-AH30 -> 559 | AK30: =N30+O30+P30+Q30+R30+S30+T30+U30+X30+AE30+AH30 -> 81.14 | AL30: =IF(L30<0,L30*-1,0) -> 0.14769851 | AM30: =AK30+AL30 -> 81.287699 | AN30: =V30 -> 42.6 | AV30: 0 | AW30: 60 | AX30: 32 | AZ30: =SUM(N30,P30:U30) -> 3.14
A31: 17 | B31: 6870.43 | C31: 188956 | D31: =C31-C30 -> 27 | E31: =C31-152000 -> 36956 | F31: =D31/$D$2 -> 13.612301 | G31: 89 | H31: 3.1 | I31: =G31+H31 -> 92.1 | J31: =IF(L31>0,L31,0) -> 3.1923015 | K31: =I31+J31 -> 95.292301 | L31: =F31-(I31-AK31) -> 3.1923015 | M31: 3.68 | N31: 0 | O31: 0 | P31: 0 | Q31: =1055600/325851/1.9835*1.02 -> 1.6658976 | R31: =((2)*1.04)-T31 -> 1.4331117 | S31: 0 | T31: =(0.5868*1.06)*1.04 -> 0.64688832 | U31: =M31-(Q31+R31+S31+T31) -> -0.065897553 | V31: 42.6 | W31: 0 | X31: =M31-N31-O31-P31-Q31-R31-S31-T31-U31+V31+W31 -> 42.6 | Y31: =X31-AO31 -> 42.6 | AC31: 0 | AE31: 0 | AH31: 35.4 | AI31: =AI30-AH31 -> 523.6 | AK31: =N31+O31+P31+Q31+R31+S31+T31+U31+X31+AE31+AH31 -> 81.68 | AL31: =IF(L31<0,L31*-1,0) -> 0 | AM31: =AK31+AL31 -> 81.68 | AN31: =V31 -> 42.6 | AV31: 0 | AW31: 60 | AX31: 30 | AZ31: =SUM(N31,P31:U31) -> 3.68
A32: =A31+1 -> 18 | B32: 6870.41 | C32: 188902 | D32: =C32-C31 -> -54 | E32: =C32-152000 -> 36902 | F32: =D32/$D$2 -> -27.224603 | G32: 77 | H32: 2.7 | I32: =G32+H32 -> 79.7 | J32: =IF(L32>0,L32,0) -> 4.655397 | K32: =I32+J32 -> 84.355397 | L32: =F32-(I32-AK32) -> 4.655397 | M32: 3.38 | N32: 0 | O32: 0 | P32: 0 | Q32: =875200/325851/1.9835*1.02 -> 1.3811989 | R32: =((2)*1.04)-T32 -> 1.4331117 | S32: 0 | T32: =(0.5868*1.06)*1.04 -> 0.64688832 | U32: =M32-(Q32+R32+S32+T32) -> -0.081198881 | V32: 72.8 | W32: 0 | X32: =M32-N32-O32-P32-Q32-R32-S32-T32-U32+V32+W32 -> 72.8 | Y32: =X32-AO32 -> 72.8 | AC32: 0 | AE32: 0 | AH32: 35.4 | AI32: =AI31-AH32 -> 488.2 | AK32: =N32+O32+P32+Q32+R32+S32+T32+U32+X32+AE32+AH32 -> 111.58 | AL32: =IF(L32<0,L32*-1,0) -> 0 | AM32: =AK32+AL32 -> 111.58 | AN32: =V32 -> 72.8 | AV32: 0 | AW32: 56 | AX32: 24 | AZ32: =SUM(N32,P32:U32) -> 3.38
A33: =A32+1 -> 19 | B33: 6870.39 | C33: 188849 | D33: =C33-C32 -> -53 | E33: =C33-152000 -> 36849 | F33: =D33/$D$2 -> -26.720444 | G33: 74 | H33: 2.4 | I33: =G33+H33 -> 76.4 | J33: =IF(L33>0,L33,0) -> 26.569556 | K33: =I33+J33 -> 102.96956 | L33: =F33-(I33-AK33) -> 26.569556 | M33: 4.39 | N33: 0 | O33: 0 | P33: 0 | Q33: =888800/325851/1.9835*1.02 -> 1.4026618 | R33: =((2)*1.04)-T33 -> 1.4331117 | S33: 0 | T33: =(0.5868*1.06)*1.04 -> 0.64688832 | U33: =M33-(Q33+R33+S33+T33) -> 0.90733825 | V33: 90.5 | W33: 0 | X33: =M33-N33-O33-P33-Q33-R33-S33-T33-U33+V33+W33 -> 90.5 | Y33: =X33-AO33 -> 90.5 | AC33: 0 | AE33: 0 | AH33: 34.8 | AI33: =AI32-AH33 -> 453.4 | AK33: =N33+O33+P33+Q33+R33+S33+T33+U33+X33+AE33+AH33 -> 129.69 | AL33: =IF(L33<0,L33*-1,0) -> 0 | AM33: =AK33+AL33 -> 129.69 | AN33: =V33 -> 90.5 | AV33: 0 | AW33: 55 | AX33: 29 | AZ33: =SUM(N33,P33:U33) -> 4.39
A34: =A33+1 -> 20 | B34: 6870.35 | C34: 188741 | D34: =C34-C33 -> -108 | E34: =C34-152000 -> 36741 | F34: =D34/$D$2 -> -54.449206 | G34: 67 | H34: 2.1 | I34: =G34+H34 -> 69.1 | J34: =IF(L34>0,L34,0) -> 6.8307941 | K34: =I34+J34 -> 75.930794 | L34: =F34-(I34-AK34) -> 6.8307941 | M34: 5.98 | N34: 0 | O34: 0 | P34: 0 | Q34: =900400/325851/1.9835*1.02 -> 1.4209683 | R34: =((2)*1.04)-T34 -> 1.4331117 | S34: 0 | T34: =(0.5868*1.06)*1.04 -> 0.64688832 | U34: =M34-(Q34+R34+S34+T34) -> 2.4790317 | V34: 89.6 | W34: 0 | X34: =M34-N34-O34-P34-Q34-R34-S34-T34-U34+V34+W34 -> 89.6 | Y34: =X34-AO34 -> 89.6 | AC34: 0 | AE34: 0 | AH34: 34.8 | AI34: =AI33-AH34 -> 418.6 | AK34: =N34+O34+P34+Q34+R34+S34+T34+U34+X34+AE34+AH34 -> 130.38 | AL34: =IF(L34<0,L34*-1,0) -> 0 | AM34: =AK34+AL34 -> 130.38 | AN34: =V34 -> 89.6 | AV34: 0 | AW34: 56 | AX34: 26 | AZ34: =SUM(N34,P34:U34) -> 5.98
A35: =A34+1 -> 21 | B35: 6870.29 | C35: 188581 | D35: =C35-C34 -> -160 | E35: =C35-152000 -> 36581 | F35: =D35/$D$2 -> -80.66549 | G35: 71 | H35: 2.3 | I35: =G35+H35 -> 73.3 | J35: =IF(L35>0,L35,0) -> 0 | K35: =I35+J35 -> 73.3 | L35: =F35-(I35-AK35) -> -57.49549 | M35: 6.07 | N35: 0 | O35: 0 | P35: 0 | Q35: =861500/325851/1.9835*1.02 -> 1.3595782 | R35: =((2)*1.04)-T35 -> 1.4331117 | S35: 0 | T35: =(0.5868*1.06)*1.04 -> 0.64688832 | U35: =M35-(Q35+R35+S35+T35) -> 2.6304218 | V35: 55.6 | W35: 0 | X35: =M35-N35-O35-P35-Q35-R35-S35-T35-U35+V35+W35 -> 55.6 | Y35: =X35-AO35 -> 55.6 | AC35: 0 | AE35: 0 | AH35: 34.8 | AI35: =AI34-AH35 -> 383.8 | AK35: =N35+O35+P35+Q35+R35+S35+T35+U35+X35+AE35+AH35 -> 96.47 | AL35: =IF(L35<0,L35*-1,0) -> 57.49549 | AM35: =AK35+AL35 -> 153.96549 | AN35: =V35 -> 55.6 | AV35: 0 | AW35: 58 | AX35: 31 | AZ35: =SUM(N35,P35:U35) -> 6.07
A36: =A35+1 -> 22 | B36: 6870.27 | C36: 188527 | D36: =C36-C35 -> -54 | E36: =C36-152000 -> 36527 | F36: =D36/$D$2 -> -27.224603 | G36: 68 | H36: 1.7 | I36: =G36+H36 -> 69.7 | J36: =IF(L36>0,L36,0) -> 0 | K36: =I36+J36 -> 69.7 | L36: =F36-(I36-AK36) -> -18.144603 | M36: 5.78 | N36: 0 | O36: 0 | P36: 0 | Q36: =932500/325851/1.9835*1.02 -> 1.471627 | R36: =((2.1)*1.04)-T36 -> 1.6951958 | S36: 0 | T36: =(0.4434*1.06)*1.04 -> 0.48880416 | U36: =M36-(Q36+R36+S36+T36) -> 2.124373 | V36: 38.2 | W36: 0 | X36: =M36-N36-O36-P36-Q36-R36-S36-T36-U36+V36+W36 -> 38.2 | Y36: =X36-AO36 -> 38.2 | AC36: 0 | AE36: 0 | AH36: 34.8 | AI36: =AI35-AH36 -> 349 | AK36: =N36+O36+P36+Q36+R36+S36+T36+U36+X36+AE36+AH36 -> 78.78 | AL36: =IF(L36<0,L36*-1,0) -> 18.144603 | AM36: =AK36+AL36 -> 96.924603 | AN36: =V36 -> 38.2 | AV36: 0 | AW36: 57 | AX36: 25 | AZ36: =SUM(N36,P36:U36) -> 5.78
A37: =A36+1 -> 23 | B37: 6870.25 | C37: 188473 | D37: =C37-C36 -> -54 | E37: =C37-152000 -> 36473 | F37: =D37/$D$2 -> -27.224603 | G37: 63 | H37: 1.1 | I37: =G37+H37 -> 64.1 | J37: =IF(L37>0,L37,0) -> 0 | K37: =I37+J37 -> 64.1 | L37: =F37-(I37-AK37) -> -12.924603 | M37: 5.4 | N37: 0 | O37: 0 | P37: 0 | Q37: =896900/325851/1.9835*1.02 -> 1.4154448 | R37: =((2.1)*1.04)-T37 -> 1.6951958 | S37: 0 | T37: =(0.4434*1.06)*1.04 -> 0.48880416 | U37: =M37-(Q37+R37+S37+T37) -> 1.8005552 | V37: 38.2 | W37: 0 | X37: =M37-N37-O37-P37-Q37-R37-S37-T37-U37+V37+W37 -> 38.2 | Y37: =X37-AO37 -> 38.2 | AC37: 0 | AE37: 0 | AH37: 34.8 | AI37: =AI36-AH37 -> 314.2 | AK37: =N37+O37+P37+Q37+R37+S37+T37+U37+X37+AE37+AH37 -> 78.4 | AL37: =IF(L37<0,L37*-1,0) -> 12.924603 | AM37: =AK37+AL37 -> 91.324603 | AN37: =V37 -> 38.2 | AV37: 0 | AW37: 36 | AX37: 17 | AZ37: =SUM(N37,P37:U37) -> 5.4
A38: =A37+1 -> 24 | B38: 6870.23 | C38: 188420 | D38: =C38-C37 -> -53 | E38: =C38-152000 -> 36420 | F38: =D38/$D$2 -> -26.720444 | G38: 46 | H38: 0.74 | I38: =G38+H38 -> 46.74 | J38: =IF(L38>0,L38,0) -> 5.5795563 | K38: =I38+J38 -> 52.319556 | L38: =F38-(I38-AK38) -> 5.5795563 | M38: 6.04 | N38: 0 | O38: 0 | P38: 0 | Q38: =1028300/325851/1.9835*1.02 -> 1.622814 | R38: =((2.1)*1.04)-T38 -> 1.6951958 | S38: 0 | T38: =(0.4434*1.06)*1.04 -> 0.48880416 | U38: =M38-(Q38+R38+S38+T38) -> 2.233186 | V38: 38.2 | W38: 0 | X38: =M38-N38-O38-P38-Q38-R38-S38-T38-U38+V38+W38 -> 38.2 | Y38: =X38-AO38 -> 38.2 | AC38: 0 | AE38: 0 | AH38: 34.8 | AI38: =AI37-AH38 -> 279.4 | AK38: =N38+O38+P38+Q38+R38+S38+T38+U38+X38+AE38+AH38 -> 79.04 | AL38: =IF(L38<0,L38*-1,0) -> 0 | AM38: =AK38+AL38 -> 79.04 | AN38: =V38 -> 38.2 | AV38: 0 | AW38: 43 | AX38: 12 | AZ38: =SUM(N38,P38:U38) -> 6.04
A39: =A38+1 -> 25 | B39: 6870.2 | C39: 188339 | D39: =C39-C38 -> -81 | E39: =C39-152000 -> 36339 | F39: =D39/$D$2 -> -40.836904 | G39: 51 | H39: 0.7 | I39: =G39+H39 -> 51.7 | J39: =IF(L39>0,L39,0) -> 18.663096 | K39: =I39+J39 -> 70.363096 | L39: =F39-(I39-AK39) -> 18.663096 | M39: 38.2 | N39: 0 | O39: 0 | P39: 0 | Q39: =886300/325851/1.9835*1.02 -> 1.3987164 | R39: =((2.1)*1.04)-T39 -> 1.6951958 | S39: 0 | T39: =(0.4434*1.06)*1.04 -> 0.48880416 | U39: =M39-(Q39+R39+S39+T39) -> 34.617284 | V39: 38.2 | W39: 0 | X39: =M39-N39-O39-P39-Q39-R39-S39-T39-U39+V39+W39 -> 38.2 | Y39: =X39-AO39 -> 38.2 | AC39: 0 | AE39: 0 | AH39: 34.8 | AI39: =AI38-AH39 -> 244.6 | AK39: =N39+O39+P39+Q39+R39+S39+T39+U39+X39+AE39+AH39 -> 111.2 | AL39: =IF(L39<0,L39*-1,0) -> 0 | AM39: =AK39+AL39 -> 111.2 | AN39: =V39 -> 38.2 | AV39: 0 | AW39: 49 | AX39: 14 | AZ39: =SUM(N39,P39:U39) -> 38.2
A40: =A39+1 -> 26 | B40: 6870.18 | C40: 188296 | D40: =C40-C39 -> -43 | E40: =C40-152000 -> 36296 | F40: =D40/$D$2 -> -21.678851 | G40: 61 | H40: 0.74 | I40: =G40+H40 -> 61.74 | J40: =IF(L40>0,L40,0) -> 34.981149 | K40: =I40+J40 -> 96.721149 | L40: =F40-(I40-AK40) -> 34.981149 | M40: 43.1 | N40: 0 | O40: =(2.3*1.05) -> 2.415 | P40: 0 | Q40: =954300/325851/1.9835*1.02 -> 1.5060307 | R40: =((2.2)*1.04)-T40 -> 1.7991958 | S40: 0 | T40: =(0.4434*1.06)*1.04 -> 0.48880416 | U40: 0 | V40: 38.7 | W40: 0 | X40: =M40-N40-O40-P40-Q40-R40-S40-T40-U40+V40+W40 -> 75.590969 | Y40: =X40-AO40 -> 75.590969 | AC40: 0 | AE40: 0 | AH40: 36.6 | AI40: =AI39-AH40 -> 208 | AK40: =N40+O40+P40+Q40+R40+S40+T40+U40+X40+AE40+AH40 -> 118.4 | AL40: =IF(L40<0,L40*-1,0) -> 0 | AM40: =AK40+AL40 -> 118.4 | AN40: =V40 -> 38.7 | AV40: 0 | AW40: 59 | AX40: 27 | AZ40: =SUM(N40,P40:U40) -> 3.7940307
A41: =A40+1 -> 27 | B41: 6870.15 | C41: 188205 | D41: =C41-C40 -> -91 | E41: =C41-152000 -> 36205 | F41: =D41/$D$2 -> -45.878498 | G41: 63 | H41: 0.74 | I41: =G41+H41 -> 63.74 | J41: =IF(L41>0,L41,0) -> 0 | K41: =I41+J41 -> 63.74 | L41: =F41-(I41-AK41) -> -17.518498 | M41: 15.7 | N41: 0 | O41: =9.9*1.05 -> 10.395 | P41: 0 | Q41: =969300/325851/1.9835*1.02 -> 1.529703 | R41: =((2.2)*1.04)-T41 -> 1.7991958 | S41: 0 | T41: =(0.4434*1.06)*1.04 -> 0.48880416 | U41: 0 | V41: 38.3 | W41: 0 | X41: =M41-N41-O41-P41-Q41-R41-S41-T41-U41+V41+W41 -> 39.787297 | Y41: =X41-AO41 -> 39.787297 | AC41: 0 | AE41: 0 | AH41: 38.1 | AI41: =AI40-AH41 -> 169.9 | AK41: =N41+O41+P41+Q41+R41+S41+T41+U41+X41+AE41+AH41 -> 92.1 | AL41: =IF(L41<0,L41*-1,0) -> 17.518498 | AM41: =AK41+AL41 -> 109.6185 | AN41: =V41 -> 38.3 | AV41: 0 | AW41: 64 | AX41: 31 | AZ41: =SUM(N41,P41:U41) -> 3.817703
A42: =A41+1 -> 28 | B42: 6870.16 | C42: 188232 | D42: =C42-C41 -> 27 | E42: =C42-152000 -> 36232 | F42: =D42/$D$2 -> 13.612301 | G42: 64 | H42: 0.87 | I42: =G42+H42 -> 64.87 | J42: =IF(L42>0,L42,0) -> 41.042301 | K42: =I42+J42 -> 105.9123 | L42: =F42-(I42-AK42) -> 41.042301 | M42: 16.7 | N42: 0 | O42: =15*1.05 -> 15.75 | P42: 0 | Q42: =956400/325851/1.9835*1.02 -> 1.5093448 | R42: =((2.2)*1.04)-T42 -> 1.7991958 | S42: 0 | T42: =(0.4434*1.06)*1.04 -> 0.48880416 | U42: 0 | V42: 37.5 | W42: 0 | X42: =M42-N42-O42-P42-Q42-R42-S42-T42-U42+V42+W42 -> 34.652655 | Y42: =X42-AO42 -> 34.652655 | AC42: 0 | AE42: 0 | AH42: 38.1 | AI42: =AI41-AH42 -> 131.8 | AK42: =N42+O42+P42+Q42+R42+S42+T42+U42+X42+AE42+AH42 -> 92.3 | AL42: =IF(L42<0,L42*-1,0) -> 0 | AM42: =AK42+AL42 -> 92.3 | AN42: =V42 -> 37.5 | AV42: 0 | AW42: 67 | AX42: 32 | AZ42: =SUM(N42,P42:U42) -> 3.7973448
A43: =A42+1 -> 29 | B43: 6870.19 | C43: 188312 | D43: =C43-C42 -> 80 | E43: =C43-152000 -> 36312 | F43: =D43/$D$2 -> 40.332745 | G43: 78 | H43: 0.97 | I43: =G43+H43 -> 78.97 | J43: =IF(L43>0,L43,0) -> 40.652745 | K43: =I43+J43 -> 119.62275 | L43: =F43-(I43-AK43) -> 40.652745 | M43: 3.69 | N43: 0 | O43: =16*1.05 -> 16.8 | P43: 0 | Q43: =1094200/325851/1.9835*1.02 -> 1.7268142 | R43: =((2.2)*1.04)-T43 -> 1.7819984 | S43: 0 | T43: =(0.459*1.06)*1.04 -> 0.5060016 | U43: 0 | V43: 37.5 | W43: 0 | X43: =M43-N43-O43-P43-Q43-R43-S43-T43-U43+V43+W43 -> 20.375186 | Y43: =X43-AO43 -> 20.375186 | AC43: 0 | AE43: 0 | AH43: 38.1 | AI43: =AI42-AH43 -> 93.7 | AK43: =N43+O43+P43+Q43+R43+S43+T43+U43+X43+AE43+AH43 -> 79.29 | AL43: =IF(L43<0,L43*-1,0) -> 0 | AM43: =AK43+AL43 -> 79.29 | AN43: =V43 -> 37.5 | AV43: 0 | AW43: 69 | AX43: 34 | AZ43: =SUM(N43,P43:U43) -> 4.0148142
A44: 30 | B44: 6870.21 | C44: 188366 | D44: =C44-C43 -> 54 | E44: =C44-152000 -> 36366 | F44: =D44/$D$2 -> 27.224603 | G44: 86 | H44: 1 | I44: =G44+H44 -> 87 | J44: =IF(L44>0,L44,0) -> 19.834603 | K44: =I44+J44 -> 106.8346 | L44: =F44-(I44-AK44) -> 19.834603 | M44: 4.01 | N44: 0 | O44: =0.04*1.05 -> 0.042 | P44: 0 | Q44: =1018700/325851/1.9835*1.02 -> 1.6076637 | R44: =((2.2)*1.04)-T44 -> 1.7819984 | S44: 0 | T44: =(0.459*1.06)*1.04 -> 0.5060016 | U44: =M44-(Q44+R44+S44+T44) -> 0.11433627 | V44: 37.5 | W44: 0 | X44: =M44-N44-O44-P44-Q44-R44-S44-T44-U44+V44+W44 -> 37.458 | Y44: =X44-AO44 -> 37.458 | AC44: 0 | AE44: 0 | AH44: 38.1 | AI44: =AI43-AH44 -> 55.6 | AK44: =N44+O44+P44+Q44+R44+S44+T44+U44+X44+AE44+AH44 -> 79.61 | AL44: =IF(L44<0,L44*-1,0) -> 0 | AM44: =AK44+AL44 -> 79.61 | AN44: =V44 -> 37.5 | AV44: 0 | AW44: 67 | AX44: 33 | AZ44: =SUM(N44,P44:U44) -> 4.01
A45: 31 | B45: 6870.21 | C45: 188366 | D45: =C45-C44 -> 0 | E45: =C45-152000 -> 36366 | F45: =D45/$D$2 -> 0 | G45: 92 | H45: 0.96 | I45: =G45+H45 -> 92.96 | J45: =IF(L45>0,L45,0) -> 17.24 | K45: =I45+J45 -> 110.2 | L45: =F45-(I45-AK45) -> 17.24 | M45: 34.6 | N45: 0 | O45: 0 | P45: 0 | Q45: =1228800/325851/1.9835*1.02 -> 1.9392335 | R45: =((2.2)*1.04)-T45 -> 1.7819984 | S45: 0 | T45: =(0.459*1.06)*1.04 -> 0.5060016 | U45: =M45-(Q45+R45+S45+T45) -> 30.372766 | V45: 37.5 | W45: 0 | X45: =M45-N45-O45-P45-Q45-R45-S45-T45-U45+V45+W45 -> 37.5 | Y45: =X45-AO45 -> 37.5 | AC45: 0 | AE45: 0 | AH45: 38.1 | AI45: =AI44-AH45 -> 17.5 | AK45: =N45+O45+P45+Q45+R45+S45+T45+U45+X45+AE45+AH45 -> 110.2 | AL45: =IF(L45<0,L45*-1,0) -> 0 | AM45: =AK45+AL45 -> 110.2 | AN45: =V45 -> 37.5 | AV45: 0 | AW45: 69 | AX45: 33 | AZ45: =SUM(N45,P45:U45) -> 34.6
A47: MONTH / CFS | F47: =SUM(F15:F45) -> -418.95639 | G47: =SUM(G15:G45) -> 1816 | H47: =SUM(H15:H45) -> 39.84 | I47: =SUM(I15:I45) -> 1855.84 | J47: =SUM(J15:J45) -> 464.0346 | K47: =SUM(K15:K45) -> 2319.8746 | L47: =SUM(L15:L45) -> 337.01361 | M47: =SUM(M15:M45) -> 253.71 | ... O47: =SUM(O15:O45) -> 45.402 | Q47: =SUM(Q15:Q45) -> 46.235917 | R47: =SUM(R15:R45) -> 52.577452 | S47: =SUM(S15:S45) -> 0 | T47: =SUM(T15:T45) -> 17.830548 | U47: =SUM(U15:U45) -> 73.299976 | V47: =SUM(V15:V45) -> 1250.4 | W47: =SUM(W15:W45) -> 0 | X47: =SUM(X15:X45) -> 1268.7641 | Y47: =SUM(Y15:Y45) -> 1268.7641 | AC47: =SUM(AC15:AC45) -> 0 | AH47: =SUM(AH15:AH45) -> 1107.7 | AJ47: =SUM(AJ15:AJ45) -> 0 | AK47: =SUM(AK15:AK45) -> 2611.81 | AL47: =SUM(AL15:AL45) -> 127.02099 | AM47: =SUM(AM15:AM45) -> 2738.831 | AN47: =SUM(AN15:AN45) -> 1250.4 | AO47: =SUM(AO15:AO45) -> 0 | AV47: =SUM(AV15:AV45) -> 0.42 | AW47: =AVERAGE(AW15:AW45) -> 56.354839 | AX47: =AVERAGE(AX15:AX45) -> 25.806452 | AY47: AVE | AZ47: =SUM(AZ15:AZ45) -> 189.94389
A48: MONTH / AF | D48: =SUM(D15:D45) -> -831 | F48: =F47*$D$2 -> -831 | G48: =G47*$D$2 -> 3602.036 | H48: =H47*$D$2 -> 79.02264 | I48: =I47*$D$2 -> 3681.0586 | J48: =J47*$D$2 -> 920.41262 | K48: =K47*$D$2 -> 4601.4713 | L48: =L47*$D$2 -> 668.4665 | M48: =M47*$D$2 -> 503.23379 | ... O48: =O47*$D$2 -> 90.054867 | Q48: =Q47*$D$2 -> 91.708941 | R48: =R47*$D$2 -> 104.28738 | S48: =S47*$D$2 -> 0 | T48: =T47*$D$2 -> 35.366893 | U48: =U47*$D$2 -> 145.3905 | V48: =V47*$D$2 -> 2480.1684 | W48: =W47*$D$2 -> 0 | X48: =X47*$D$2 -> 2516.5936 | Y48: =Y47*$D$2 -> 2516.5936 | AC48: =AC47*$D$2 -> 0 | AH48: =AH47*$D$2 -> 2197.1229 | AJ48: =AJ47*$D$2 -> 0 | AK48: =AK47*$D$2 -> 5180.5251 | AL48: =AL47*$D$2 -> 251.94612 | AM48: =AM47*$D$2 -> 5432.4713 | AN48: =AN47*$D$2 -> 2480.1684 | AO48: =AO47*$D$2 -> 0 | AW48: =MAX(AW15:AW45) -> 71 | AX48: =MAX(AX15:AX45) -> 34 | AY48: HI | AZ48: =AZ47*$D$2 -> 376.75371
A50: SEASON / CFS | O50: =O47 -> 45.402 | AW50: =MIN(AW15:AW45) -> 36 | AX50: =MIN(AX15:AX45) -> 12 | AY50: LO
A51: SEASON / AF | O51: =O50*D2 -> 90.054867
A53: YTD / CFS | F53: =F13+F47 -> -3422.7376 | G53: =G13+G47 -> 5153 | H53: =H13+H47 -> 54.49 | I53: =I13+I47 -> 5206.87 | J53: =J13+J47 -> 1725.0372 | K53: =K13+K47 -> 6931.9072 | L53: =L13+L47 -> 952.35791 | M53: =M13+M47 -> 901.91 | ... O53: =O13+O47 -> 45.402 | Q53: =Q13+Q47 -> 229.51439 | R53: =R13+R47 -> 260.34694 | S53: =S13+S47 -> 0 | T53: =T13+T47 -> 90.757064 | U53: =U13+U47 -> 77.863061 | V53: =V13+V47 -> 4357.22 | W53: =W13+W47 -> 84.4 | X53: =X13+X47 -> 4639.6465 | Y53: =Y13+Y47 -> 4315.6841 | AC53: =AC13+AC47 -> 27.7 | AH53: =AH13+AH47 -> 4229.5 | AI53: =AI45 -> 17.5 | AJ53: =AJ13+AJ47 -> 0 | AK53: =AK13+AK47 -> 9581.9655 | AL53: =AL13+AL47 -> 772.6793 | AM53: =AM13+AM47 -> 10354.645 | AN53: =AN13+AN47 -> 4297.32 | AO53: =AO13+AO47 -> 323.96244 | AV53: =AV13+AV47 -> 4.713 | AZ53: =AZ13+AZ47 -> 658.48145
A54: YTD / AF | D54: =D13+D48 -> -6789 | E54: =E45 -> 36366 | F54: =F53*$D$2 -> -6789 | G54: =G53*$D$2 -> 10220.976 | H54: =H53*$D$2 -> 108.08092 | I54: =I53*$D$2 -> 10327.827 | J54: =J53*$D$2 -> 3421.6113 | K54: =K53*$D$2 -> 13749.438 | L54: =L53*$D$2 -> 1889.0019 | M54: =M53*$D$2 -> 1788.9385 | ... O54: =O53*$D$2 -> 90.054867 | Q54: =Q53*$D$2 -> 455.24179 | R54: =R53*$D$2 -> 516.39815 | S54: =S53*$D$2 -> 0 | T54: =T53*$D$2 -> 180.01664 | U54: =U53*$D$2 -> 154.44138 | V54: =V53*$D$2 -> 8642.5459 | W54: =W53*$D$2 -> 167.4074 | X54: =X53*$D$2 -> 9202.7389 | Y54: =Y53*$D$2 -> 8560.1594 | AC54: =AC53*$D$2 -> 54.94295 | AH54: =AH53*$D$2 -> 8389.2133 | AI54: =AI53*$D$2 -> 34.71125 | AJ54: =AJ53*$D$2 -> 0 | AK54: =AK53*$D$2 -> 19005.829 | AL54: =AL53*$D$2 -> 1532.6094 | AM54: =AM53*$D$2 -> 20538.438 | AN54: =AN53*$D$2 -> 8523.7342 | AO54: =AO53*$D$2 -> 642.5795 | AZ54: =AZ53*$D$2 -> 1306.098

Sheet APR
K1: MCPHEE RESERVOIR INFLOW/OUTFLOW TABULATION
A2: AF/cfs CONVERT FACTOR | D2: 1.9835 | K2: Apr "2013"
D4: RESERVOIR | I4: INFLOW | X4: OUTFLOW | AP4: ADJUSTMENTS | AW4: WEATHER
A5: DATE | B5: RESERV | C5: RESERV | D5: AC FT | E5: ACTIVE | F5: CONV TO | G5: DOLORES | H5: LOST | I5: RECORD | J5: CALC | K5: TOTAL | L5: CALC | M5: DOLORES TUNNEL | V5: LONE | W5: U | X5: TOTAL | Y5: TOTAL | Z5: MVI | AA5: MVI | AB5: MVI | AC5: TO EX & | AD5: MVI | AE5: DV CR | AF5: D/S SENIOR | AH5: BELOW | AI5: FISH | AJ5: SPILL | AK5: RECORD | AL5: CALC | AM5: TOTAL | AN5: NAR | AO5: MVI | AP5: MVI | AQ5: MVI | AR5: DIST. | AS5: U/S | AT5: TOTTEN | AU5: UTES | AV5: RAIN | AW5: MAX | AX5: MIN | AZ5: TOTAL
A6: APR | B6: ELEV | D6: CHANGE | E6: CAP | F6: CFS | G6: RIVER | H6: CAN | I6: INFLOW | J6: INFLOW | K6: INFLOW | L6: INF/OTF | M6: TOT DIV | N6: WET | O6: UTE | P6: QUEST | Q6: MWC | R6: CORTEZ | T6: UTE | U6: F-BAY | V6: PINE | W6: LAT | X6: MVI | Y6: MVI | Z6: CALL | AA6: CALL | AB6: APR- | AC6: U/S EX | AD6: PROJ | AE6: CANAL | AF6: MVIC | AG6: PROJ | AH6: MCP | AI6: LEFT | AK6: OTF | AL6: OTF | AM6: OTF | AN6: FILL | AO6: STOCK | AP6: STORED | AQ6: STORED | AR6: CLASS | AS6: USERS | AT6: (FRESH | AU6: FROM | AW6: TMP | AX6: TMP | AZ6: TUNNEL
N7: LAND | O7: F&R | Q7: NON - | R7: NON - | S7: PROJ | T7: PROJ | U7: BAL | X7: WATER | Y7: IRRIG. | Z7: STOR | AA7: SPILLED | AB7: JUNE | AF7: 1.7 | AG7: 1.3 | AI7: 12682.175 | AP7: Apr - Jun | AQ7: EVAP | AR7: "B" | AS7: EXCH | AT7: WATER) | AU7: DWCD | AZ7: Misc.
Q8: PROJ | R8: PROJ | X8: USED | Y8: WATER | AA8: OR | AB8: (DIV+ | AI8: 8217 | AJ8: 41456
R9: 4.2 | Y9: USED | AA9: USED | AB9: CALL) | AI9: 8730 | AJ9: 41487
C10: AC. Ft. | E10: AC FT | G10: CFS | H10: CFS | I10: CFS | J10: CFS | K10: CFS | L10: CFS | M10: CFS | N10: CFS | O10: CFS | P10: CFS | Q10: CFS | R10: CFS | S10: CFS | T10: CFS | U10: CFS | V10: CFS | W10: CFS | X10: 153400 | Y10: 150400 | Z10: CFS | AB10: 72000 | AC10: CFS | AD10: CFS | AE10: CFS | AF10: CFS | AG10: CFS | AH10: CFS | AI10: CFS | AJ10: CFS | AK10: CFS | AL10: CFS | AM10: CFS | AN10: CFS | AO10: CFS | AP10: CFS | AQ10: AC.FT. | AR10: CFS | AS10: CFS | AT10: CFS | AU10: CFS | AZ10: Outflow
N11: 1.03 | O11: 1.05 | P11: 1.02 | Q11: 1.02 | R11: 1.04 | T11: 1.04 | X11: CFS | Y11: CFS | Z11: CFS | AA11: CFS | AB11: Ac. Ft. | AZ11: CFS
A12: SEASON BAL | O12: =MAR!O50 -> 45.402
A13: YTD | B13: =MAR!B45 -> 6870.21 | C13: =MAR!C45 -> 188366 | D13: =MAR!D54 -> -6789 | E13: =MAR!E54 -> 36366 | F13: =MAR!F53 -> -3422.7376 | G13: =MAR!G53 -> 5153 | H13: =MAR!H53 -> 54.49 | I13: =MAR!I53 -> 5206.87 | J13: =MAR!J53 -> 1725.0372 | K13: =MAR!K53 -> 6931.9072 | L13: =MAR!L53 -> 952.35791 | M13: =MAR!M53 -> 901.91 | ... O13: =MAR!O53 -> 45.402 | Q13: =MAR!Q53 -> 229.51439 | R13: =MAR!R53 -> 260.34694 | S13: =MAR!S53 -> 0 | T13: =MAR!T53 -> 90.757064 | U13: =MAR!U53 -> 77.863061 | V13: =MAR!V53 -> 4357.22 | W13: =MAR!W53 -> 84.4 | X13: =MAR!X53 -> 4639.6465 | Y13: =MAR!Y53 -> 4315.6841 | Z13: 0 | AB13: 0 | AC13: =MAR!AC53-190.7 -> -163 | AE13: =MAR!AE53 -> 0 | AF13: =MAR!AF53 -> 0 | AG13: =MAR!AG53 -> 0 | AH13: =MAR!AH53 -> 4229.5 | AI13: =AI7/D2 -> 6393.8368 | AJ13: =MAR!AJ53 -> 0 | AK13: =MAR!AK53 -> 9581.9655 | AL13: =MAR!AL53 -> 772.6793 | AM13: =MAR!AM53 -> 10354.645 | AN13: =MAR!AN53 -> 4297.32 | AO13: =MAR!AO53 -> 323.96244 | AV13: =MAR!AV53 -> 4.713 | AZ13: =MAR!AZ53 -> 658.48145
A15: 1 | B15: 6870.26 | C15: 188500 | D15: =C15-C13 -> 134 | E15: =C15-152000 -> 36500 | F15: =D15/$D$2 -> 67.557348 | G15: 107 | H15: 0.85 | I15: =G15+H15 -> 107.85 | J15: =IF(L15>0,L15,0) -> 75.207348 | K15: =I15+J15 -> 183.05735 | L15: =F15-(I15-AK15) -> 75.207348 | M15: 48 | N15: 0 | O15: =12.8*1.05 -> 13.44 | P15: 0 | Q15: =969000/325851/1.9835*1.02 -> 1.5292296 | R15: =(2.2*1.04)-T15 -> 1.7940146 | S15: 0 | T15: =(0.4481*1.06)*1.04 -> 0.49398544 | U15: 0 | V15: 37.5 | W15: 0 | X15: =M15-N15-O15-P15-Q15-R15-S15-T15-U15+V15+W15-AT15+AR15 -> 68.24277 | Y15: =X15-AO15 -> 68.24277 | Z15: =Z13 -> 0 | AB15: =IF(I15<800,((I15-AN15-AP15)-(Q15+R15+AF15))*1.9835+AB13,((795-AN15-AP15)*1.9835+AB13)) -> 60.978285 | AC15: =AC13+AP15-(AQ14/1.9835) -> -128.41601 | AE15: 0 | AF15: 1.7 | AG15: 1.3 | AH15: 30 | AI15: =AI13-AH15 -> 6363.8368 | AK15: =N15+O15+P15+Q15+R15+S15+T15+U15+X15+AE15+AH15 -> 115.5 | AL15: =IF(L15<0,L15*-1,0) -> 0 | AM15: =AK15+AL15 -> 115.5 | AN15: =V15 -> 37.5 | AP15: =I15-Q15-R15-X15-AF15 -> 34.583985 | AQ15: =34.18*(Z15*1.9835+AC15*1.9835)/E15 -> -0.23852318 | AT15: 0 | AV15: 0 | AW15: 68 | AX15: 35 | AZ15: =SUM(N15,P15:U15) -> 3.8172296
A16: =A15+1 -> 2 | B16: 6870.29 | C16: 188581 | D16: =C16-C15 -> 81 | E16: =C16-152000 -> 36581 | F16: =D16/$D$2 -> 40.836904 | G16: 115 | H16: 0.77 | I16: =G16+H16 -> 115.77 | J16: =IF(L16>0,L16,0) -> 39.666904 | K16: =I16+J16 -> 155.4369 | L16: =F16-(I16-AK16) -> 39.666904 | M16: 47 | N16: 0 | O16: =14.6*1.05 -> 15.33 | P16: 0 | Q16: =949700/325851/1.9835*1.02 -> 1.4987712 | R16: =(2.2*1.04)-T16 -> 1.7940146 | S16: 0 | T16: =(0.4481*1.06)*1.04 -> 0.49398544 | U16: 0 | V16: 37.5 | W16: 0 | X16: =M16-N16-O16-P16-Q16-R16-S16-T16-U16+V16+W16-AT16 -> 65.383229 | Y16: =X16-AO16 -> 65.383229 | Z16: =Z15 -> 0 | AB16: =IF(I16<800,((I16-AN16-AP16)-(Q16+R16+AF16))*1.9835+AB15,((795-AN16-AP16)*1.9835+AB15)) -> 116.28467 | AC16: =AC15+AP16-(AQ15/1.9835) -> -82.901775 | AE16: 0 | AF16: 1.7 | AG16: 1.3 | AH16: 30.1 | AI16: =AI15-AH16 -> 6333.7368 | AK16: =N16+O16+P16+Q16+R16+S16+T16+U16+X16+AE16+AH16 -> 114.6 | AL16: =IF(L16<0,L16*-1,0) -> 0 | AM16: =AK16+AL16 -> 114.6 | AN16: =V16 -> 37.5 | AP16: =I16-Q16-R16-X16-AF16 -> 45.393985 | AQ16: =32.466*(Z16*1.9835+AC16*1.9835)/E16 -> -0.14593829 | AT16: 0 | AV16: 0 | AW16: 58 | AX16: 27 | AZ16: =SUM(N16,P16:U16) -> 3.7867712
A17: =A16+1 -> 3 | B17: 6870.3 | C17: 188607 | D17: =C17-C16 -> 26 | E17: =C17-152000 -> 36607 | F17: =D17/$D$2 -> 13.108142 | G17: 106 | H17: 0.63 | I17: =G17+H17 -> 106.63 | J17: =IF(L17>0,L17,0) -> 5.9781422 | K17: =I17+J17 -> 112.60814 | L17: =F17-(I17-AK17) -> 5.9781422 | M17: 31.9 | N17: 0 | O17: =21.7*1.05 -> 22.785 | P17: 0 | Q17: =941000/325851/1.9835*1.02 -> 1.4850413 | R17: =(2.2*1.04)-T17 -> 1.7940146 | S17: 0 | T17: =(0.4481*1.06)*1.04 -> 0.49398544 | U17: 0 | V17: 37.5 | W17: 0 | X17: =M17-N17-O17-P17-Q17-R17-S17-T17-U17+V17+W17-AT17 -> 42.841959 | Y17: =X17-AO17 -> 42.841959 | Z17: =Z16 -> 0 | AB17: =IF(I17<800,((I17-AN17-AP17)-(Q17+R17+AF17))*1.9835+AB16,((795-AN17-AP17)*1.9835+AB16)) -> 126.88044 | AC17: =AC16+AP17-(AQ16/1.9835) -> -24.019214 | AE17: 0 | AF17: 1.7 | AG17: 1.3 | AH17: 30.1 | AI17: =AI16-AH17 -> 6303.6368 | AK17: =N17+O17+P17+Q17+R17+S17+T17+U17+X17+AE17+AH17 -> 99.5 | AL17: =IF(L17<0,L17*-1,0) -> 0 | AM17: =AK17+AL17 -> 99.5 | AN17: =V17 -> 37.5 | AP17: =I17-Q17-R17-X17-AF17 -> 58.808985 | AQ17: =35.263*(Z17*1.9835+AC17*1.9835)/E17 -> -0.045892964 | AT17: 0 | AV17: 0 | AW17: 63 | AX17: 29 | AZ17: =SUM(N17,P17:U17) -> 3.7730413
A18: =A17+1 -> 4 | B18: 6870.32 | C18: 188661 | D18: =C18-C17 -> 54 | E18: =C18-152000 -> 36661 | F18: =D18/$D$2 -> 27.224603 | G18: 109 | H18: 0.53 | I18: =G18+H18 -> 109.53 | J18: =IF(L18>0,L18,0) -> 17.494603 | K18: =I18+J18 -> 127.0246 | L18: =F18-(I18-AK18) -> 17.494603 | M18: 32.2 | N18: 0 | O18: =27.9*1.05 -> 29.295 | P18: 0 | Q18: =994200/325851/1.9835*1.02 -> 1.568999 | R18: =(2.2*1.04)-T18 -> 1.7940146 | S18: 0 | T18: =(0.4481*1.06)*1.04 -> 0.49398544 | U18: 0 | V18: 37.5 | W18: 0 | X18: =M18-N18-O18-P18-Q18-R18-S18-T18-U18+V18+W18-AT18 -> 36.548001 | Y18: =X18-AO18 -> 36.548001 | Z18: =Z17 -> 0 | AB18: =IF(I18<800,((I18-AN18-AP18)-(Q18+R18+AF18))*1.9835+AB17,((795-AN18-AP18)*1.9835+AB17)) -> 124.99215 | AC18: =AC17+AP18-(AQ17/1.9835) -> 43.922909 | AE18: 0 | AF18: 1.7 | AG18: 1.3 | AH18: 30.1 | AI18: =AI17-AH18 -> 6273.5368 | AK18: =N18+O18+P18+Q18+R18+S18+T18+U18+X18+AE18+AH18 -> 99.8 | AL18: =IF(L18<0,L18*-1,0) -> 0 | AM18: =AK18+AL18 -> 99.8 | AN18: =V18 -> 37.5 | AP18: =I18-Q18-R18-X18-AF18 -> 67.918985 | AQ18: =26.408*(Z18*1.9835+AC18*1.9835)/E18 -> 0.062755892 | AT18: 0 | AV18: 0 | AW18: 67 | AX18: 32 | AZ18: =SUM(N18,P18:U18) -> 3.856999
A19: =A18+1 -> 5 | B19: 6870.32 | C19: 188661 | D19: =C19-C18 -> 0 | E19: =C19-152000 -> 36661 | F19: =D19/$D$2 -> 0 | G19: 127 | H19: 0.52 | I19: =G19+H19 -> 127.52 | J19: =IF(L19>0,L19,0) -> 0 | K19: =I19+J19 -> 127.52 | L19: =F19-(I19-AK19) -> -11.72 | M19: 48.2 | N19: 0 | O19: =37.2*1.05 -> 39.06 | P19: 0 | Q19: =1017800/325851/1.9835*1.02 -> 1.6062434 | R19: =(2.2*1.04)-T19 -> 1.7735099 | S19: 0 | T19: =(0.4667*1.06)*1.04 -> 0.51449008 | U19: 0 | V19: 37.5 | W19: 0 | X19: =M19-N19-O19-P19-Q19-R19-S19-T19-U19+V19+W19-AT19 -> 42.745757 | Y19: =X19-AO19 -> 42.745757 | Z19: =Z18 -> 0 | AB19: =IF(I19<800,((I19-AN19-AP19)-(Q19+R19+AF19))*1.9835+AB18,((795-AN19-AP19)*1.9835+AB18)) -> 135.39711 | AC19: =AC18+AP19-(AQ18/1.9835) -> 123.58576 | AE19: 0 | AF19: 1.7 | AG19: 1.3 | AH19: 30.1 | AI19: =AI18-AH19 -> 6243.4368 | AK19: =N19+O19+P19+Q19+R19+S19+T19+U19+X19+AE19+AH19 -> 115.8 | AL19: =IF(L19<0,L19*-1,0) -> 11.72 | AM19: =AK19+AL19 -> 127.52 | AN19: =V19 -> 37.5 | AP19: =I19-Q19-R19-X19-AF19 -> 79.69449 | AQ19: =41.166*(Z19*1.9835+AC19*1.9835)/E19 -> 0.27525486 | AT19: 0 | AV19: 0 | AW19: 68 | AX19: 41 | AZ19: =SUM(N19,P19:U19) -> 3.8942434
A20: =A19+1 -> 6 | B20: 6870.34 | C20: 188715 | D20: =C20-C19 -> 54 | E20: =C20-152000 -> 36715 | F20: =D20/$D$2 -> 27.224603 | G20: 132 | H20: 0.52 | I20: =G20+H20 -> 132.52 | J20: =IF(L20>0,L20,0) -> 18.104603 | K20: =I20+J20 -> 150.6246 | L20: =F20-(I20-AK20) -> 18.104603 | M20: 55.8 | N20: 0 | O20: =45.5*1.05 -> 47.775 | P20: 0 | Q20: =1152900/325851/1.9835*1.02 -> 1.8194518 | R20: =(2.3*1.04)-T20 -> 1.8775099 | S20: 0 | T20: =(0.4667*1.06)*1.04 -> 0.51449008 | U20: 0 | V20: 37.5 | W20: 0 | X20: =M20-N20-O20-P20-Q20-R20-S20-T20-U20+V20+W20-AT20 -> 41.313548 | Y20: =X20-AO20 -> 41.313548 | Z20: =Z19 -> 0 | AB20: =IF(I20<800,((I20-AN20-AP20)-(Q20+R20+AF20))*1.9835+AB19,((795-AN20-AP20)*1.9835+AB19)) -> 142.96129 | AC20: =AC19+AP20-(AQ19/1.9835) -> 209.25648 | AE20: 0 | AF20: 1.7 | AG20: 1.3 | AH20: 30.1 | AI20: =AI19-AH20 -> 6213.3368 | AK20: =N20+O20+P20+Q20+R20+S20+T20+U20+X20+AE20+AH20 -> 123.4 | AL20: =IF(L20<0,L20*-1,0) -> 0 | AM20: =AK20+AL20 -> 123.4 | AN20: =V20 -> 37.5 | AP20: =I20-Q20-R20-X20-AF20 -> 85.80949 | AQ20: =30.292*(Z20*1.9835+AC20*1.9835)/E20 -> 0.34244871 | AT20: 0 | AV20: 0 | AW20: 68 | AX20: 34 | AZ20: =SUM(N20,P20:U20) -> 4.2114518
A21: =A20+1 -> 7 | B21: 6870.38 | C21: 188822 | D21: =C21-C20 -> 107 | E21: =C21-152000 -> 36822 | F21: =D21/$D$2 -> 53.945047 | G21: 138 | H21: 0.63 | I21: =G21+H21 -> 138.63 | J21: =IF(L21>0,L21,0) -> 19.515047 | K21: =I21+J21 -> 158.14505 | L21: =F21-(I21-AK21) -> 19.515047 | M21: 36.6 | N21: 0 | O21: =34.6791666666667*1.05 -> 36.413125 | P21: 0 | Q21: =1260700/325851/1.9835*1.02 -> 1.9895766 | R21: =(2.3*1.04)-T21 -> 1.8775099 | S21: 0 | T21: =(0.4667*1.06)*1.04 -> 0.51449008 | U21: 0 | V21: 37.5 | W21: 0 | X21: =M21-N21-O21-P21-Q21-R21-S21-T21-U21+V21+W21-AT21 -> 33.305298 | Y21: =X21-AO21 -> 33.305298 | Z21: =Z20 -> 0 | AB21: =IF(I21<800,((I21-AN21-AP21)-(Q21+R21+AF21))*1.9835+AB20,((795-AN21-AP21)*1.9835+AB20)) -> 134.6411 | AC21: =AC20+AP21-(AQ20/1.9835) -> 308.84144 | AE21: 0 | AF21: 1.7 | AG21: 1.3 | AH21: 30.1 | AI21: =AI20-AH21 -> 6183.2368 | AK21: =N21+O21+P21+Q21+R21+S21+T21+U21+X21+AE21+AH21 -> 104.2 | AL21: =IF(L21<0,L21*-1,0) -> 0 | AM21: =AK21+AL21 -> 104.2 | AN21: =V21 -> 37.5 | AP21: =I21-Q21-R21-X21-AF21 -> 99.757615 | AQ21: =27.495*(Z21*1.9835+AC21*1.9835)/E21 -> 0.45741893 | AT21: 0 | AV21: 0 | AW21: 66 | AX21: 34 | AZ21: =SUM(N21,P21:U21) -> 4.3815766
A22: =A21+1 -> 8 | B22: 6870.4 | C22: 188875 | D22: =C22-C21 -> 53 | E22: =C22-152000 -> 36875 | F22: =D22/$D$2 -> 26.720444 | G22: 145 | H22: 0.98 | I22: =G22+H22 -> 145.98 | J22: =IF(L22>0,L22,0) -> 0 | K22: =I22+J22 -> 145.98 | L22: =F22-(I22-AK22) -> -11.659556 | M22: 40 | N22: 0 | O22: =32.4770833333333*1.05 -> 34.100938 | P22: 0 | Q22: =949800/325851/1.9835*1.02 -> 1.498929 | R22: =(2.3*1.04)-T22 -> 1.8775099 | S22: 0 | T22: =(0.4667*1.06)*1.04 -> 0.51449008 | U22: 0 | V22: 37.5 | W22: 0 | X22: =M22-N22-O22-P22-Q22-R22-S22-T22-U22+V22+W22-AT22 -> 39.508133 | Y22: =X22-AO22 -> 39.508133 | Z22: =Z21 -> 0 | AB22: =IF(I22<800,((I22-AN22-AP22)-(Q22+R22+AF22))*1.9835+AB21,((795-AN22-AP22)*1.9835+AB21)) -> 138.62423 | AC22: =AC21+AP22-(AQ21/1.9835) -> 410.00626 | AE22: 0 | AF22: 1.7 | AG22: 1.3 | AH22: 30.1 | AI22: =AI21-AH22 -> 6153.1368 | AK22: =N22+O22+P22+Q22+R22+S22+T22+U22+X22+AE22+AH22 -> 107.6 | AL22: =IF(L22<0,L22*-1,0) -> 11.659556 | AM22: =AK22+AL22 -> 119.25956 | AN22: =V22 -> 37.5 | AP22: =I22-Q22-R22-X22-AF22 -> 101.39543 | AQ22: =11.029*(Z22*1.9835+AC22*1.9835)/E22 -> 0.24323541 | AT22: 0 | AV22: 0 | AW22: 65 | AX22: 31 | AZ22: =SUM(N22,P22:U22) -> 3.890929
A23: =A22+1 -> 9 | B23: 6870.48 | C23: 189090 | D23: =C23-C22 -> 215 | E23: =C23-152000 -> 37090 | F23: =D23/$D$2 -> 108.39425 | G23: 142 | H23: 1.4 | I23: =G23+H23 -> 143.4 | J23: =IF(L23>0,L23,0) -> 75.794253 | K23: =I23+J23 -> 219.19425 | L23: =F23-(I23-AK23) -> 75.794253 | M23: 43.2 | N23: 0 | O23: =34.0052083333334*1.05 -> 35.705469 | P23: 0 | Q23: =856800/325851/1.9835*1.02 -> 1.3521609 | R23: =(2.4*1.04)-T23 -> 1.9815099 | S23: 0 | T23: =(0.4667*1.06)*1.04 -> 0.51449008 | U23: 0 | V23: 37.5 | W23: 0 | X23: =M23-N23-O23-P23-Q23-R23-S23-T23-U23+V23+W23-AT23 -> 41.14637 | Y23: =X23-AO23 -> 41.14637 | Z23: =Z22 -> 0 | AB23: =IF(I23<800,((I23-AN23-AP23)-(Q23+R23+AF23))*1.9835+AB22,((795-AN23-AP23)*1.9835+AB22)) -> 145.8568 | AC23: =AC22+AP23-(AQ22/1.9835) -> 507.10359 | AE23: 0 | AF23: 1.7 | AG23: 1.3 | AH23: 30.1 | AI23: =AI22-AH23 -> 6123.0368 | AK23: =N23+O23+P23+Q23+R23+S23+T23+U23+X23+AE23+AH23 -> 110.8 | AL23: =IF(L23<0,L23*-1,0) -> 0 | AM23: =AK23+AL23 -> 110.8 | AN23: =V23 -> 37.5 | AP23: =I23-Q23-R23-X23-AF23 -> 97.219959 | AQ23: =34.18*(Z23*1.9835+AC23*1.9835)/E23 -> 0.92692397 | AT23: 0 | AV23: 0 | AW23: 43 | AX23: 24 | AZ23: =SUM(N23,P23:U23) -> 3.8481609
A24: =A23+1 -> 10 | B24: 6870.47 | C24: 189063 | D24: =C24-C23 -> -27 | E24: =C24-152000 -> 37063 | F24: =D24/$D$2 -> -13.612301 | G24: 111 | H24: 1.3 | I24: =G24+H24 -> 112.3 | J24: =IF(L24>0,L24,0) -> 0 | K24: =I24+J24 -> 112.3 | L24: =F24-(I24-AK24) -> -16.512301 | M24: 41.8 | N24: 0 | O24: =31.6710416666666*1.05 -> 33.254594 | P24: 0 | Q24: =823800/325851/1.9835*1.02 -> 1.3000819 | R24: =(2.4*1.04)-T24 -> 1.9815099 | S24: 0 | T24: =(0.4667*1.06)*1.04 -> 0.51449008 | U24: 0 | V24: 37.5 | W24: 0 | X24: =M24-N24-O24-P24-Q24-R24-S24-T24-U24+V24+W24-AT24 -> 42.249324 | Y24: =X24-AO24 -> 42.249324 | Z24: =Z23 -> 0 | AB24: =IF(I24<800,((I24-AN24-AP24)-(Q24+R24+AF24))*1.9835+AB23,((795-AN24-AP24)*1.9835+AB23)) -> 155.27709 | AC24: =AC23+AP24-(AQ23/1.9835) -> 571.70536 | AE24: 0 | AF24: 1.7 | AG24: 1.3 | AH24: 30.1 | AI24: =AI23-AH24 -> 6092.9368 | AK24: =N24+O24+P24+Q24+R24+S24+T24+U24+X24+AE24+AH24 -> 109.4 | AL24: =IF(L24<0,L24*-1,0) -> 16.512301 | AM24: =AK24+AL24 -> 125.9123 | AN24: =V24 -> 37.5 | AP24: =I24-Q24-R24-X24-AF24 -> 65.069084 | AQ24: =17.709*(Z24*1.9835+AC24*1.9835)/E24 -> 0.54182362 | AT24: 0 | AV24: 0 | AW24: 45 | AX24: 20 | AZ24: =SUM(N24,P24:U24) -> 3.7960819
A25: =A24+1 -> 11 | B25: 6870.48 | C25: 189090 | D25: =C25-C24 -> 27 | E25: =C25-152000 -> 37090 | F25: =D25/$D$2 -> 13.612301 | G25: 103 | H25: 1.1 | I25: =G25+H25 -> 104.1 | J25: =IF(L25>0,L25,0) -> 22.512301 | K25: =I25+J25 -> 126.6123 | L25: =F25-(I25-AK25) -> 22.512301 | M25: 45.4 | N25: 0 | O25: =27.253125*1.05 -> 28.615781 | P25: 0 | Q25: =933100/325851/1.9835*1.02 -> 1.4725739 | R25: =(2.4*1.04)-T25 -> 1.9815099 | S25: 0 | T25: =(0.4667*1.06)*1.04 -> 0.51449008 | U25: 0 | V25: 37.5 | W25: 0 | X25: =M25-N25-O25-P25-Q25-R25-S25-T25-U25+V25+W25-AT25 -> 50.315645 | Y25: =X25-AO25 -> 50.315645 | Z25: =Z24 -> 0 | AB25: =IF(I25<800,((I25-AN25-AP25)-(Q25+R25+AF25))*1.9835+AB24,((795-AN25-AP25)*1.9835+AB24)) -> 180.69692 | AC25: =AC24+AP25-(AQ24/1.9835) -> 620.06246 | AE25: 0 | AF25: 1.7 | AG25: 1.3 | AH25: 30.1 | AI25: =AI24-AH25 -> 6062.8368 | AK25: =N25+O25+P25+Q25+R25+S25+T25+U25+X25+AE25+AH25 -> 113 | AL25: =IF(L25<0,L25*-1,0) -> 0 | AM25: =AK25+AL25 -> 113 | AN25: =V25 -> 37.5 | AP25: =I25-Q25-R25-X25-AF25 -> 48.630271 | AQ25: =8.233*(Z25*1.9835+AC25*1.9835)/E25 -> 0.27300395 | AT25: 0 | AV25: 0 | AW25: 56 | AX25: 24 | AZ25: =SUM(N25,P25:U25) -> 3.9685739
A26: =A25+1 -> 12 | B26: 6870.45 | C26: 189010 | D26: =C26-C25 -> -80 | E26: =C26-152000 -> 37010 | F26: =D26/$D$2 -> -40.332745 | G26: 94 | H26: 1.1 | I26: =G26+H26 -> 95.1 | J26: =IF(L26>0,L26,0) -> 0 | K26: =I26+J26 -> 95.1 | L26: =F26-(I26-AK26) -> -1.5327451 | M26: 66.3 | N26: 0 | O26: =44.3416666666667*1.05 -> 46.55875 | P26: 0 | Q26: =1032000/325851/1.9835*1.02 -> 1.6286532 | R26: =(2.6*1.04)-T26 -> 2.103633 | S26: 0 | T26: =(0.5446*1.06)*1.04 -> 0.60036704 | U26: 0 | V26: 37.5 | W26: 0 | X26: =M26-N26-O26-P26-Q26-R26-S26-T26-U26+V26+W26-AT26 -> 52.908597 | Y26: =X26-AO26 -> 52.908597 | Z26: =Z25 -> 0 | AB26: =IF(I26<800,((I26-AN26-AP26)-(Q26+R26+AF26))*1.9835+AB25,((795-AN26-AP26)*1.9835+AB25)) -> 211.25987 | AC26: =AC25+AP26-(AQ25/1.9835) -> 656.68394 | AE26: 0 | AF26: 1.7 | AG26: 1.3 | AH26: 30.1 | AI26: =AI25-AH26 -> 6032.7368 | AK26: =N26+O26+P26+Q26+R26+S26+T26+U26+X26+AE26+AH26 -> 133.9 | AL26: =IF(L26<0,L26*-1,0) -> 1.5327451 | AM26: =AK26+AL26 -> 135.43275 | AN26: =V26 -> 37.5 | AP26: =I26-Q26-R26-X26-AF26 -> 36.759117 | AQ26: =23.146*(Z26*1.9835+AC26*1.9835)/E26 -> 0.81460199 | AT26: 0 | AV26: 0 | AW26: 64 | AX26: 28 | AZ26: =SUM(N26,P26:U26) -> 4.3326532
A27: =A26+1 -> 13 | B27: 6870.47 | C27: 189063 | D27: =C27-C26 -> 53 | E27: =C27-152000 -> 37063 | F27: =D27/$D$2 -> 26.720444 | G27: 103 | H27: 1.1 | I27: =G27+H27 -> 104.1 | J27: =IF(L27>0,L27,0) -> 48.720444 | K27: =I27+J27 -> 152.82044 | L27: =F27-(I27-AK27) -> 48.720444 | M27: 58.5 | N27: 0 | O27: =43.375*1.05 -> 45.54375 | P27: 0 | Q27: =1095000/325851/1.9835*1.02 -> 1.7280768 | R27: =(2.6*1.04)-T27 -> 2.103633 | S27: 0 | T27: =(0.5446*1.06)*1.04 -> 0.60036704 | U27: 0 | V27: 37.5 | W27: 0 | X27: =M27-N27-O27-P27-Q27-R27-S27-T27-U27+V27+W27-AT27 -> 46.024173 | Y27: =X27-AO27 -> 46.024173 | Z27: =Z26 -> 0 | AB27: =IF(I27<800,((I27-AN27-AP27)-(Q27+R27+AF27))*1.9835+AB26,((795-AN27-AP27)*1.9835+AB26)) -> 228.16757 | AC27: =AC26+AP27-(AQ26/1.9835) -> 708.81737 | AE27: 0 | AF27: 1.7 | AG27: 1.3 | AH27: 30.1 | AI27: =AI26-AH27 -> 6002.6368 | AK27: =N27+O27+P27+Q27+R27+S27+T27+U27+X27+AE27+AH27 -> 126.1 | AL27: =IF(L27<0,L27*-1,0) -> 0 | AM27: =AK27+AL27 -> 126.1 | AN27: =V27 -> 37.5 | AP27: =I27-Q27-R27-X27-AF27 -> 52.544117 | AQ27: =29.36*(Z27*1.9835+AC27*1.9835)/E27 -> 1.1137354 | AT27: 0 | AV27: 0 | AW27: 66 | AX27: 30 | AZ27: =SUM(N27,P27:U27) -> 4.4320768
A28: =A27+1 -> 14 | B28: 6870.51 | C28: 189170 | D28: =C28-C27 -> 107 | E28: =C28-152000 -> 37170 | F28: =D28/$D$2 -> 53.945047 | G28: 139 | H28: 1.1 | I28: =G28+H28 -> 140.1 | J28: =IF(L28>0,L28,0) -> 32.245047 | K28: =I28+J28 -> 172.34505 | L28: =F28-(I28-AK28) -> 32.245047 | M28: 50.8 | N28: 0 | O28: =40.8333333333333*1.05 -> 42.875 | P28: 0 | Q28: =1047900/325851/1.9835*1.02 -> 1.6537458 | R28: =(2.6*1.04)-T28 -> 2.103633 | S28: 0 | T28: =(0.5446*1.06)*1.04 -> 0.60036704 | U28: 0 | V28: 37.5 | W28: 0 | X28: =M28-N28-O28-P28-Q28-R28-S28-T28-U28+V28+W28-AT28 -> 41.067254 | Y28: =X28-AO28 -> 41.067254 | Z28: =Z27 -> 0 | AB28: =IF(I28<800,((I28-AN28-AP28)-(Q28+R28+AF28))*1.9835+AB27,((795-AN28-AP28)*1.9835+AB27)) -> 235.24322 | AC28: =AC27+AP28-(AQ27/1.9835) -> 801.83124 | AE28: 0 | AF28: 1.7 | AG28: 1.3 | AH28: 30.1 | AI28: =AI27-AH28 -> 5972.5368 | AK28: =N28+O28+P28+Q28+R28+S28+T28+U28+X28+AE28+AH28 -> 118.4 | AL28: =IF(L28<0,L28*-1,0) -> 0 | AM28: =AK28+AL28 -> 118.4 | AN28: =V28 -> 37.5 | AP28: =I28-Q28-R28-X28-AF28 -> 93.575367 | AQ28: =30.229*(Z28*1.9835+AC28*1.9835)/E28 -> 1.2934403 | AT28: 0 | AV28: 0 | AW28: 62 | AX28: 39 | AZ28: =SUM(N28,P28:U28) -> 4.3577458
A29: =A28+1 -> 15 | B29: 6870.57 | C29: 189331 | D29: =C29-C28 -> 161 | E29: =C29-152000 -> 37331 | F29: =D29/$D$2 -> 81.16965 | G29: 163 | H29: 1.1 | I29: =G29+H29 -> 164.1 | J29: =IF(L29>0,L29,0) -> 30.46965 | K29: =I29+J29 -> 194.56965 | L29: =F29-(I29-AK29) -> 30.46965 | M29: 50.8 | N29: 0 | O29: =38.8729166666666*1.05 -> 40.816562 | P29: 0 | Q29: =1005600/325851/1.9835*1.02 -> 1.5869899 | R29: =(2.6*1.04)-T29 -> 2.103633 | S29: 0 | T29: =(0.5446*1.06)*1.04 -> 0.60036704 | U29: 0 | V29: 37.6 | W29: 0 | X29: =M29-N29-O29-P29-Q29-R29-S29-T29-U29+V29+W29-AT29 -> 43.292448 | Y29: =X29-AO29 -> 43.292448 | Z29: =Z28 -> 0 | AB29: =IF(I29<800,((I29-AN29-AP29)-(Q29+R29+AF29))*1.9835+AB28,((795-AN29-AP29)*1.9835+AB28)) -> 246.53419 | AC29: =AC28+AP29-(AQ28/1.9835) -> 916.59607 | AE29: 0 | AF29: 1.7 | AG29: 1.3 | AH29: 25 | AI29: =AI28-AH29 -> 5947.5368 | AK29: =N29+O29+P29+Q29+R29+S29+T29+U29+X29+AE29+AH29 -> 113.4 | AL29: =IF(L29<0,L29*-1,0) -> 0 | AM29: =AK29+AL29 -> 113.4 | AN29: =V29 -> 37.6 | AP29: =I29-Q29-R29-X29-AF29 -> 115.41693 | AQ29: =40.62*(Z29*1.9835+AC29*1.9835)/E29 -> 1.9782469 | AT29: 0 | AV29: 0 | AW29: 68 | AX29: 45 | AZ29: =SUM(N29,P29:U29) -> 4.2909899
A30: =A29+1 -> 16 | B30: 6870.63 | C30: 189492 | D30: =C30-C29 -> 161 | E30: =C30-152000 -> 37492 | F30: =D30/$D$2 -> 81.16965 | G30: 176 | H30: 1.1 | I30: =G30+H30 -> 177.1 | J30: =IF(L30>0,L30,0) -> 1.2696496 | K30: =I30+J30 -> 178.36965 | L30: =F30-(I30-AK30) -> 1.2696496 | M30: 42.6 | N30: 0 | O30: =20.4*1.05 -> 21.42 | P30: 0 | Q30: =819700/325851/1.9835*1.02 -> 1.2936114 | R30: =(2.6*1.04)-T30 -> 2.103633 | S30: 0 | T30: =(0.5446*1.06)*1.04 -> 0.60036704 | U30: 0 | V30: 37.9 | W30: 0 | X30: =M30-N30-O30-P30-Q30-R30-S30-T30-U30+V30+W30-AT30 -> 55.082389 | Y30: =X30-AO30 -> 55.082389 | Z30: =Z29 -> 0 | AB30: =IF(I30<800,((I30-AN30-AP30)-(Q30+R30+AF30))*1.9835+AB29,((795-AN30-AP30)*1.9835+AB29)) -> 280.61546 | AC30: =AC29+AP30-(AQ29/1.9835) -> 1032.5191 | AE30: 0 | AF30: 1.7 | AG30: 1.3 | AH30: 16.7 | AI30: =AI29-AH30 -> 5930.8368 | AK30: =N30+O30+P30+Q30+R30+S30+T30+U30+X30+AE30+AH30 -> 97.2 | AL30: =IF(L30<0,L30*-1,0) -> 0 | AM30: =AK30+AL30 -> 97.2 | AN30: =V30 -> 37.9 | AP30: =I30-Q30-R30-X30-AF30 -> 116.92037 | AQ30: =38.258*(Z30*1.9835+AC30*1.9835)/E30 -> 2.0898444 | AT30: 0 | AV30: 0 | AW30: 66 | AX30: 32 | AZ30: =SUM(N30,P30:U30) -> 3.9976114
A31: =A30+1 -> 17 | B31: 6870.78 | C31: 189894 | D31: =C31-C30 -> 402 | E31: =C31-152000 -> 37894 | F31: =D31/$D$2 -> 202.67204 | G31: 241 | H31: 1 | I31: =G31+H31 -> 242 | J31: =IF(L31>0,L31,0) -> 62.772044 | K31: =I31+J31 -> 304.77204 | L31: =F31-(I31-AK31) -> 62.772044 | M31: 47.5 | N31: 0 | O31: =28.3*1.05 -> 29.715 | P31: 0 | Q31: =908900/325851/1.9835*1.02 -> 1.4343826 | R31: =(2.6*1.04)-T31 -> 2.103633 | S31: 0 | T31: =(0.5446*1.06)*1.04 -> 0.60036704 | U31: 0 | V31: 38.1 | W31: 0 | X31: =M31-N31-O31-P31-Q31-R31-S31-T31-U31+V31+W31-AT31 -> 51.746617 | Y31: =X31-AO31 -> 51.746617 | Z31: =Z30 -> 0 | AB31: =IF(I31<800,((I31-AN31-AP31)-(Q31+R31+AF31))*1.9835+AB30,((795-AN31-AP31)*1.9835+AB30)) -> 307.68352 | AC31: =AC30+AP31-(AQ30/1.9835) -> 1216.4808 | AE31: 0 | AF31: 1.7 | AG31: 1.3 | AH31: 16.5 | AI31: =AI30-AH31 -> 5914.3368 | AK31: =N31+O31+P31+Q31+R31+S31+T31+U31+X31+AE31+AH31 -> 102.1 | AL31: =IF(L31<0,L31*-1,0) -> 0 | AM31: =AK31+AL31 -> 102.1 | AN31: =V31 -> 38.1 | AP31: =I31-Q31-R31-X31-AF31 -> 185.01537 | AQ31: =9.289*(Z31*1.9835+AC31*1.9835)/E31 -> 0.59147445 | AT31: 0 | AV31: 0.06 | AW31: 41 | AX31: 22 | AZ31: =SUM(N31,P31:U31) -> 4.1383826
A32: =A31+1 -> 18 | B32: 6870.82 | C32: 190001 | D32: =C32-C31 -> 107 | E32: =C32-152000 -> 38001 | F32: =D32/$D$2 -> 53.945047 | G32: 176 | H32: 1.1 | I32: =G32+H32 -> 177.1 | J32: =IF(L32>0,L32,0) -> 0 | K32: =I32+J32 -> 177.1 | L32: =F32-(I32-AK32) -> -29.654953 | M32: 39.1 | N32: 0 | O32: =27.6*1.05 -> 28.98 | P32: 0 | Q32: =949900/325851/1.9835*1.02 -> 1.4990869 | R32: =(2.8*1.04)-T32 -> 2.311633 | S32: 0 | T32: =(0.5446*1.06)*1.04 -> 0.60036704 | U32: 0 | V32: 38.2 | W32: 0 | X32: =M32-N32-O32-P32-Q32-R32-S32-T32-U32+V32+W32-AT32 -> 43.908913 | Y32: =X32-AO32 -> 43.908913 | Z32: =Z31 -> 0 | AB32: =IF(I32<800,((I32-AN32-AP32)-(Q32+R32+AF32))*1.9835+AB31,((795-AN32-AP32)*1.9835+AB31)) -> 319.00715 | AC32: =AC31+AP32-(AQ31/1.9835) -> 1343.863 | AE32: 0 | AF32: 1.7 | AG32: 1.3 | AH32: 16.2 | AI32: =AI31-AH32 -> 5898.1368 | AK32: =N32+O32+P32+Q32+R32+S32+T32+U32+X32+AE32+AH32 -> 93.5 | AL32: =IF(L32<0,L32*-1,0) -> 29.654953 | AM32: =AK32+AL32 -> 123.15495 | AN32: =V32 -> 38.2 | AP32: =I32-Q32-R32-X32-AF32 -> 127.68037 | AQ32: =36.526*(Z32*1.9835+AC32*1.9835)/E32 -> 2.5620895 | AT32: 0 | AV32: 0 | AW32: 48 | AX32: 27 | AZ32: =SUM(N32,P32:U32) -> 4.4110869
A33: =A32+1 -> 19 | B33: 6870.85 | C33: 190082 | D33: =C33-C32 -> 81 | E33: =C33-152000 -> 38082 | F33: =D33/$D$2 -> 40.836904 | G33: 144 | H33: 0.88 | I33: =G33+H33 -> 144.88 | J33: =IF(L33>0,L33,0) -> 0 | K33: =I33+J33 -> 144.88 | L33: =F33-(I33-AK33) -> -44.783096 | M33: 4.96 | N33: 0 | O33: =0*1.05 -> 0 | P33: 0 | Q33: =993600/325851/1.9835*1.02 -> 1.5680521 | R33: =(2.8*1.04)-T33 -> 2.2572846 | S33: 0 | T33: =(0.5939*1.06)*1.04 -> 0.65471536 | U33: 0 | V33: 38.2 | W33: 0 | X33: =M33-N33-O33-P33-Q33-R33-S33-T33-U33+V33+W33-AT33 -> 38.679948 | Y33: =X33-AO33 -> 38.679948 | Z33: =Z32 -> 0 | AB33: =IF(I33<800,((I33-AN33-AP33)-(Q33+R33+AF33))*1.9835+AB32,((795-AN33-AP33)*1.9835+AB32)) -> 319.95913 | AC33: =AC32+AP33-(AQ32/1.9835) -> 1443.246 | AE33: 0 | AF33: 1.7 | AG33: 1.3 | AH33: 16.1 | AI33: =AI32-AH33 -> 5882.0368 | AK33: =N33+O33+P33+Q33+R33+S33+T33+U33+X33+AE33+AH33 -> 59.26 | AL33: =IF(L33<0,L33*-1,0) -> 44.783096 | AM33: =AK33+AL33 -> 104.0431 | AN33: =V33 -> 38.2 | AP33: =I33-Q33-R33-X33-AF33 -> 100.67472 | AQ33: =31.331*(Z33*1.9835+AC33*1.9835)/E33 -> 2.3551961 | AT33: 0 | AV33: 0 | AW33: 43 | AX33: 24 | AZ33: =SUM(N33,P33:U33) -> 4.4800521
A34: =A33+1 -> 20 | B34: 6870.89 | C34: 190189 | D34: =C34-C33 -> 107 | E34: =C34-152000 -> 38189 | F34: =D34/$D$2 -> 53.945047 | G34: 157 | H34: 0.84 | I34: =G34+H34 -> 157.84 | J34: =IF(L34>0,L34,0) -> 0 | K34: =I34+J34 -> 157.84 | L34: =F34-(I34-AK34) -> -43.134953 | M34: 6.46 | N34: 0 | O34: =0.027*1.05 -> 0.02835 | P34: 0 | Q34: =1001100/325851/1.9835*1.02 -> 1.5798883 | R34: =(2.8*1.04)-T34 -> 2.2572846 | S34: 0 | T34: =(0.5939*1.06)*1.04 -> 0.65471536 | U34: 0 | V34: 38.2 | W34: 0 | X34: =M34-N34-O34-P34-Q34-R34-S34-T34-U34+V34+W34-AT34 -> 40.139762 | Y34: =X34-AO34 -> 40.139762 | Z34: =Z33 -> 0 | AB34: =IF(I34<800,((I34-AN34-AP34)-(Q34+R34+AF34))*1.9835+AB33,((795-AN34-AP34)*1.9835+AB33)) -> 323.80664 | AC34: =AC33+AP34-(AQ33/1.9835) -> 1554.2217 | AE34: 0 | AF34: 1.7 | AG34: 1.3 | AH34: 16.1 | AI34: =AI33-AH34 -> 5865.9368 | AK34: =N34+O34+P34+Q34+R34+S34+T34+U34+X34+AE34+AH34 -> 60.76 | AL34: =IF(L34<0,L34*-1,0) -> 43.134953 | AM34: =AK34+AL34 -> 103.89495 | AN34: =V34 -> 38.2 | AP34: =I34-Q34-R34-X34-AF34 -> 112.16307 | AQ34: =28.025*(Z34*1.9835+AC34*1.9835)/E34 -> 2.262312 | AT34: 0 | AV34: 0 | AW34: 56 | AX34: 12 | AZ34: =SUM(N34,P34:U34) -> 4.4918883
A35: =A34+1 -> 21 | B35: 6871.07 | C35: 190674 | D35: =C35-C34 -> 485 | E35: =C35-152000 -> 38674 | F35: =D35/$D$2 -> 244.51727 | G35: 129 | H35: 0.7 | I35: =G35+H35 -> 129.7 | J35: =IF(L35>0,L35,0) -> 186.31727 | K35: =I35+J35 -> 316.01727 | L35: =F35-(I35-AK35) -> 186.31727 | M35: 17.2 | N35: 0 | O35: =0.012*1.05 -> 0.0126 | P35: 0 | Q35: =1353300/325851/1.9835*1.02 -> 2.1357135 | R35: =(2.8*1.04)-T35 -> 2.2572846 | S35: 0 | T35: =(0.5939*1.06)*1.04 -> 0.65471536 | U35: 0 | V35: 38.2 | W35: 0 | X35: =M35-N35-O35-P35-Q35-R35-S35-T35-U35+V35+W35-AT35 -> 50.339687 | Y35: =X35-AO35 -> 50.339687 | Z35: =Z34 -> 0 | AB35: =IF(I35<800,((I35-AN35-AP35)-(Q35+R35+AF35))*1.9835+AB34,((795-AN35-AP35)*1.9835+AB34)) -> 347.88571 | AC35: =AC34+AP35-(AQ34/1.9835) -> 1626.3484 | AE35: 0 | AF35: 1.7 | AG35: 1.3 | AH35: 16.1 | AI35: =AI34-AH35 -> 5849.8368 | AK35: =N35+O35+P35+Q35+R35+S35+T35+U35+X35+AE35+AH35 -> 71.5 | AL35: =IF(L35<0,L35*-1,0) -> 0 | AM35: =AK35+AL35 -> 71.5 | AN35: =V35 -> 38.2 | AP35: =I35-Q35-R35-X35-AF35 -> 73.267315 | AQ35: =33.063*(Z35*1.9835+AC35*1.9835)/E35 -> 2.7578394 | AT35: 0 | AV35: 0 | AW35: 64 | AX35: 23 | AZ35: =SUM(N35,P35:U35) -> 5.0477135
A36: =A35+1 -> 22 | B36: 6871.12 | C36: 190810 | D36: =C36-C35 -> 136 | E36: =C36-152000 -> 38810 | F36: =D36/$D$2 -> 68.565667 | G36: 168 | H36: 0.59 | I36: =G36+H36 -> 168.59 | J36: =IF(L36>0,L36,0) -> 1.4756668 | K36: =I36+J36 -> 170.06567 | L36: =F36-(I36-AK36) -> 1.4756668 | M36: 46.1 | N36: 0 | O36: =26.7*1.05 -> 28.035 | P36: 0 | Q36: =1170200/325851/1.9835*1.02 -> 1.8467538 | R36: =(2.8*1.04)-T36 -> 2.2572846 | S36: 0 | T36: =(0.5939*1.06)*1.04 -> 0.65471536 | U36: 0 | V36: 38.2 | W36: 0 | X36: =M36-N36-O36-P36-Q36-R36-S36-T36-U36+V36+W36-AT36 -> 51.506246 | Y36: =X36-AO36 -> 51.506246 | Z36: =Z35 -> 0 | AB36: =AB35+(Y36-V36)*1.9835 -> 374.27865 | AC36: =AC35+AP36-(AQ35/1.9835) -> 1736.2378 | AE36: 0 | AF36: 1.7 | AG36: 1.3 | AH36: 17.2 | AI36: =AI35-AH36 -> 5832.6368 | AK36: =N36+O36+P36+Q36+R36+S36+T36+U36+X36+AE36+AH36 -> 101.5 | AL36: =IF(L36<0,L36*-1,0) -> 0 | AM36: =AK36+AL36 -> 101.5 | AN36: =V36+25 -> 63.2 | AP36: =I36-Q36-R36-X36-AF36 -> 111.27972 | AQ36: =6.298*(Z36*1.9835+AC36*1.9835)/E36 -> 0.55885664 | AT36: 0 | AV36: 0 | AW36: 72 | AX36: 36 | AZ36: =SUM(N36,P36:U36) -> 4.7587538
A37: =A36+1 -> 23 | B37: 6871.26 | C37: 191190 | D37: =C37-C36 -> 380 | E37: =C37-152000 -> 39190 | F37: =D37/$D$2 -> 191.58054 | G37: 308 | H37: 0.82 | I37: =G37+H37 -> 308.82 | J37: =IF(L37>0,L37,0) -> 10.360539 | K37: =I37+J37 -> 319.18054 | L37: =F37-(I37-AK37) -> 10.360539 | M37: 72 | N37: 0 | O37: =49.2*1.05 -> 51.66 | P37: 0 | Q37: =993500/325851/1.9835*1.02 -> 1.5678943 | R37: =(2.8*1.04)-T37 -> 2.2572846 | S37: 0 | T37: =(0.5939*1.06)*1.04 -> 0.65471536 | U37: 0 | V37: 38.2 | W37: 0 | X37: =M37-N37-O37-P37-Q37-R37-S37-T37-U37+V37+W37-AT37 -> 54.060106 | Y37: =X37-AO37 -> 54.060106 | Z37: =Z36 -> 0 | AB37: =AB36+(Y37-V37)*1.9835 -> 405.73717 | AC37: =AC36+AP37-(AQ36/1.9835) -> 1985.1907 | AE37: 0 | AF37: 1.7 | AG37: 1.3 | AH37: 17.4 | AI37: =AI36-AH37 -> 5815.2368 | AK37: =N37+O37+P37+Q37+R37+S37+T37+U37+X37+AE37+AH37 -> 127.6 | AL37: =IF(L37<0,L37*-1,0) -> 0 | AM37: =AK37+AL37 -> 127.6 | AN37: =V37+AP37 -> 287.43472 | AP37: =I37-Q37-R37-X37-AF37 -> 249.23472 | AQ37: =20.782*(Z37*1.9835+AC37*1.9835)/E37 -> 2.088077 | AT37: 0 | AV37: 0 | AW37: 54 | AX37: 27 | AZ37: =SUM(N37,P37:U37) -> 4.4798943
A38: =A37+1 -> 24 | B38: 6871.4 | C38: 191571 | D38: =C38-C37 -> 381 | E38: =C38-152000 -> 39571 | F38: =D38/$D$2 -> 192.0847 | G38: 365 | H38: 2.4 | I38: =G38+H38 -> 367.4 | J38: =IF(L38>0,L38,0) -> 0 | K38: =I38+J38 -> 367.4 | L38: =F38-(I38-AK38) -> -12.815301 | M38: 81.4 | N38: 0 | O38: =44.3*1.05 -> 46.515 | P38: 0 | Q38: =1119400/325851/1.9835*1.02 -> 1.7665837 | R38: =(3*1.04)-T38 -> 2.4652846 | S38: 0 | T38: =(0.5939*1.06)*1.04 -> 0.65471536 | U38: 0 | V38: 38.2 | W38: 0 | X38: =M38-N38-O38-P38-Q38-R38-S38-T38-U38+V38+W38-AT38 -> 68.198416 | Y38: =X38-AO38 -> 68.198416 | Z38: =Z37 -> 0 | AB38: =AB37+(Y38-V38)*1.9835 -> 465.23903 | AC38: =AC37+AP38-(AQ37/1.9835) -> 2277.4077 | AE38: 25.6 | AF38: 1.7 | AG38: 1.3 | AH38: 17.3 | AI38: =AI37-AH38 -> 5797.9368 | AK38: =N38+O38+P38+Q38+R38+S38+T38+U38+X38+AE38+AH38 -> 162.5 | AL38: =IF(L38<0,L38*-1,0) -> 12.815301 | AM38: =AK38+AL38 -> 175.3153 | AN38: =V38+AP38 -> 331.46972 | AP38: =I38-Q38-R38-X38-AF38 -> 293.26972 | AQ38: =28.812*(Z38*1.9835+AC38*1.9835)/E38 -> 3.2890417 | AT38: 0 | AV38: 0 | AW38: 64 | AX38: 25 | AZ38: =SUM(N38,P38:U38) -> 4.8865837
A39: =A38+1 -> 25 | B39: 6871.58 | C39: 192060 | D39: =C39-C38 -> 489 | E39: =C39-152000 -> 40060 | F39: =D39/$D$2 -> 246.5339 | G39: 460 | H39: 2.4 | I39: =G39+H39 -> 462.4 | J39: =IF(L39>0,L39,0) -> 0 | K39: =I39+J39 -> 462.4 | L39: =F39-(I39-AK39) -> -65.866095 | M39: 77.2 | N39: 0 | O39: =50.5*1.05 -> 53.025 | P39: 0 | Q39: =1164200/325851/1.9835*1.02 -> 1.8372849 | R39: =(3*1.04)-T39 -> 2.4652846 | S39: 0 | T39: =(0.5939*1.06)*1.04 -> 0.65471536 | U39: 0 | V39: 18.7 | W39: 0 | X39: =M39-N39-O39-P39-Q39-R39-S39-T39-U39+V39+W39-AT39 -> 37.917715 | Y39: =X39-AO39 -> 37.917715 | Z39: =Z38 -> 0 | AB39: =AB38+(Y39-V39)*1.9835 -> 503.35737 | AC39: =AC38+AP39-(AQ38/1.9835) -> 2694.2292 | AE39: 36.9 | AF39: 1.7 | AG39: 1.3 | AH39: 17.2 | AI39: =AI38-AH39 -> 5780.7368 | AK39: =N39+O39+P39+Q39+R39+S39+T39+U39+X39+AE39+AH39 -> 150 | AL39: =IF(L39<0,L39*-1,0) -> 65.866095 | AM39: =AK39+AL39 -> 215.8661 | AN39: =V39+AP39 -> 437.17972 | AP39: =I39-Q39-R39-X39-AF39 -> 418.47972 | AQ39: =32.216*(Z39*1.9835+AC39*1.9835)/E39 -> 4.2976141 | AT39: 0 | AV39: 0 | AW39: 69 | AX39: 34 | AZ39: =SUM(N39,P39:U39) -> 4.9572849
A40: =A39+1 -> 26 | B40: 6871.83 | C40: 192739 | D40: =C40-C39 -> 679 | E40: =C40-152000 -> 40739 | F40: =D40/$D$2 -> 342.32417 | G40: 507 | H40: 2 | I40: =G40+H40 -> 509 | J40: =IF(L40>0,L40,0) -> 0 | K40: =I40+J40 -> 509 | L40: =F40-(I40-AK40) -> -22.675826 | M40: 90.6 | N40: 0 | O40: =53.8*1.05 -> 56.49 | P40: 0 | Q40: =1182000/325851/1.9835*1.02 -> 1.865376 | R40: =(3*1.04)-T40 -> 2.246348 | S40: 0 | T40: =(0.7925*1.06)*1.04 -> 0.873652 | U40: 0 | V40: 0 | W40: 0 | X40: =M40-N40-O40-P40-Q40-R40-S40-T40-U40+V40+W40-AT40 -> 29.124624 | Y40: =X40-AO40 -> 29.124624 | Z40: =Z39 -> 0 | AB40: =AB39+(Y40+Z40)*1.9835 -> 561.12606 | AC40: =AC39+AP40-(AQ39/1.9835) -> 3166.1262 | AE40: 36.7 | AF40: 1.7 | AG40: 1.3 | AH40: 16.7 | AI40: =AI39-AH40 -> 5764.0368 | AK40: =N40+O40+P40+Q40+R40+S40+T40+U40+X40+AE40+AH40 -> 144 | AL40: =IF(L40<0,L40*-1,0) -> 22.675826 | AM40: =AK40+AL40 -> 166.67583 | AN40: =V40+AP40 -> 474.06365 | AP40: =I40-Q40-R40-X40-AF40 -> 474.06365 | AQ40: =39.233*(Z40*1.9835+AC40*1.9835)/E40 -> 6.0478579 | AT40: 0 | AV40: 0 | AW40: 69 | AX40: 33 | AZ40: =SUM(N40,P40:U40) -> 4.985376
A41: =A40+1 -> 27 | B41: 6872.14 | C41: 193586 | D41: =C41-C40 -> 847 | E41: =C41-152000 -> 41586 | F41: =D41/$D$2 -> 427.02294 | G41: 580 | H41: 1.7 | I41: =G41+H41 -> 581.7 | J41: =IF(L41>0,L41,0) -> 2.7229392 | K41: =I41+J41 -> 584.42294 | L41: =F41-(I41-AK41) -> 2.7229392 | M41: 104 | N41: 0 | O41: =48.4*1.05 -> 50.82 | P41: 0 | Q41: =1484100/325851/1.9835*1.02 -> 2.3421358 | R41: =(3*1.04)-T41 -> 2.246348 | S41: 0 | T41: =(0.7925*1.06)*1.04 -> 0.873652 | U41: 0 | V41: 0 | W41: 0 | X41: =M41-N41-O41-P41-Q41-R41-S41-T41-U41+V41+W41-AT41 -> 47.717864 | Y41: =X41-AO41 -> 47.717864 | Z41: =Z40 -> 0 | AB41: =AB40+(Y41+Z41)*1.9835 -> 655.77444 | AC41: =AC40+AP41-(AQ40/1.9835) -> 3690.7708 | AE41: 36.6 | AF41: 1.7 | AG41: 1.3 | AH41: 16.8 | AI41: =AI40-AH41 -> 5747.2368 | AK41: =N41+O41+P41+Q41+R41+S41+T41+U41+X41+AE41+AH41 -> 157.4 | AL41: =IF(L41<0,L41*-1,0) -> 0 | AM41: =AK41+AL41 -> 157.4 | AN41: =V41+AP41 -> 527.69365 | AP41: =I41-Q41-R41-X41-AF41 -> 527.69365 | AQ41: =45.134*(Z41*1.9835+AC41*1.9835)/E41 -> 7.9452205 | AT41: 0 | AV41: 0 | AW41: 72 | AX41: 37 | AZ41: =SUM(N41,P41:U41) -> 5.4621358
