Workbook

Sheet NOV
K1: MCPHEE RESERVOIR INFLOW/OUTFLOW TABULATION
A2: AF/cfs CONVERT FACTOR | D2: 1.9835 | L2: NOVEMBER "2013"
D4: RESERVOIR | I4: INFLOW | X4: OUTFLOW | AP4: ADJUSTMENTS | AW4: WEATHER
A5: DATE | B5: RESERV | C5: RESERV | D5: AC FT | E5: ACTIVE | F5: CONV TO | G5: DOLORES | H5: LOST | I5: RECORD | J5: CALC | K5: TOTAL | L5: CALC | M5: DOLORES TUNNEL | V5: LONE | W5: U | X5: TOTAL | Y5: TOTAL | Z5: MVI | AA5: MVI | AB5: MVI | AC5: TO EX & | AD5: MVI | AE5: DV CR | AF5: D/S SENIOR | AH5: BELOW | AI5: FISH | AJ5: SPILL | AK5: RECORD | AL5: CALC | AM5: TOTAL | AN5: NAR | AO5: MVI | AP5: MVI | AQ5: MVI | AR5: DIST. | AS5: U/S | AT5: TOTTEN | AU5: UTES | AV5: RAIN | AW5: MAX | AX5: MIN | AZ5: TOTAL | BA5: GRNDHOG | BB5: GRNDHOG
A6: NOV | B6: ELEV | D6: CHANGE | E6: CAP | F6: CFS | G6: RIVER | H6: CAN | I6: INFLOW | J6: INFLOW | K6: INFLOW | L6: INF/OTF | M6: TOT DIV | N6: WET | O6: UTE | P6: QUEST | Q6: MWC | R6: CORTEZ | T6: UTE | U6: F-BAY | V6: PINE | W6: LAT | X6: MVI | Y6: MVI | Z6: CALL | AA6: CALL | AB6: APR- | AC6: U/S EX | AD6: PROJ | AE6: CANAL | AF6: MVIC | AG6: PROJ | AH6: MCP | AI6: LEFT | AK6: OTF | AL6: OTF | AM6: OTF | AN6: FILL | AO6: STOCK | AP6: STORED | AQ6: STORED | AR6: CLASS | AS6: USERS | AT6: (FRESH | AU6: FROM | AW6: TMP | AX6: TMP | AZ6: TUNNEL | BA6: DISCHARGE | BB6: CAPACITY
N7: LAND | O7: F&R | Q7: NON - | R7: NON - | S7: PROJ | T7: PROJ | U7: BAL | X7: WATER | Y7: IRRIG. | Z7: STOR | AA7: SPILLED | AB7: JUNE | AF7: 1.7 | AG7: 1.3 | AI7: 12682.175 | AP7: Apr - Jun | AQ7: EVAP | AR7: "B" | AS7: EXCH | AT7: WATER) | AU7: DWCD | AZ7: Misc.
Q8: PROJ | R8: PROJ | X8: USED | Y8: WATER | AA8: OR | AB8: (DIV+
R9: 4.2 | Y9: USED | AA9: USED | AB9: CALL) | BB9: FP = 5394
C10: AC. Ft. | E10: AC FT | G10: CFS | H10: CFS | I10: CFS | J10: CFS | K10: CFS | L10: CFS | M10: CFS | N10: CFS | O10: CFS | P10: CFS | Q10: CFS | R10: CFS | S10: CFS | T10: CFS | U10: CFS | V10: CFS | W10: CFS | X10: 153400 | Y10: 150400 | AB10: 72000 | AC10: CFS | AD10: CFS | AE10: CFS | AF10: CFS | AG10: CFS | AH10: CFS | AI10: CFS | AJ10: CFS | AK10: CFS | AL10: CFS | AM10: CFS | AN10: CFS | AO10: CFS | AP10: CFS | AQ10: AC.FT. | AR10: CFS | AS10: CFS | AT10: CFS | AU10: CFS | AZ10: Outflow | BA10: CFS | BB10: AC FT
N11: 1.03 | O11: 1.05 | P11: 1.02 | Q11: 1.02 | R11: 1.04 | T11: 1.04 | X11: CFS | Y11: CFS | Z11: CFS | AA11: CFS | AB11: Ac. Ft. | AZ11: CFS
A12: SEASON BAL
A13: YTD | B13: 6864.5 | C13: 173722 | AI13: 2999.8368
A15: 1 | B15: 6864.59 | C15: 173943 | D15: =C15-C13 -> 221 | E15: =C15-152000 -> 21943 | F15: =D15/$D$2 -> 111.41921 | G15: 141 | H15: 0.43 | I15: =G15+H15 -> 141.43 | J15: =IF(L15>0,L15,0) -> 0 | K15: =I15+J15 -> 141.43 | L15: =F15-(I15-AK15) -> -11.010792 | M15: 1.7 | N15: 0 | O15: =8.38*1.05 -> 8.799 | P15: 0 | Q15: =949500/325851/1.9835*1.02 -> 1.4984556 | R15: =((1208448/646272)*1.04)-T15 -> 1.4749376 | S15: 0 | T15: =(0.4261*1.06)*1.04 -> 0.46973264 | U15: =M15-(Q15+R15+S15+T15) -> -1.7431258 | V15: 0 | W15: 0 | X15: =M15-N15-O15-P15-Q15-R15-S15-T15-U15+V15+W15-AU15+AR15 -> -8.799 | Y15: =X15-AO15 -> -8.799 | AC15: 100 | AE15: 0 | AH15: 17.3 | AI15: =AI13-AH15 -> 2982.5368 | AK15: =N15+O15+P15+Q15+R15+S15+T15+U15+X15+AE15+AH15 -> 19 | AL15: =IF(L15<0,L15*-1,0) -> 11.010792 | AM15: =AK15+AL15 -> 30.010792 | AN15: =V15 -> 0 | AV15: 0 | AW15: 53 | AX15: 28 | AZ15: =SUM(N15,P15:U15) -> 1.7 | BA15: 0 | BB15: 6444
A16: =A15+1 -> 2 | B16: 6864.69 | C16: 174188 | D16: =C16-C15 -> 245 | E16: =C16-152000 -> 22188 | F16: =D16/$D$2 -> 123.51903 | G16: 138 | H16: 0.256 | I16: =G16+H16 -> 138.256 | J16: =IF(L16>0,L16,0) -> 4.533032 | K16: =I16+J16 -> 142.78903 | L16: =F16-(I16-AK16) -> 4.533032 | M16: 1.37 | N16: 0 | O16: =1.42*1.05 -> 1.491 | P16: 0 | Q16: =1060700/325851/1.9835*1.02 -> 1.6739461 | R16: =((1140614/646272)*1.04)-T16 -> 1.3657771 | S16: 0 | T16: =(0.4261*1.06)*1.04 -> 0.46973264 | U16: =M16-(Q16+R16+S16+T16) -> -2.1394559 | V16: 0 | W16: 0 | X16: =M16-N16-O16-P16-Q16-R16-S16-T16-U16+V16+W16-AU16+AR16 -> -1.491 | Y16: =X16-AO16 -> -1.491 | AC16: 100 | AE16: 0 | AH16: 17.9 | AI16: =AI15-AH16 -> 2964.6368 | AK16: =N16+O16+P16+Q16+R16+S16+T16+U16+X16+AE16+AH16 -> 19.27 | AL16: =IF(L16<0,L16*-1,0) -> 0 | AM16: =AK16+AL16 -> 19.27 | AV16: 0 | AW16: 62 | AX16: 28 | AZ16: =SUM(N16,P16:U16) -> 1.37 | BA16: 0 | BB16: 6450
A17: =A16+1 -> 3 | B17: 6864.78 | C17: 174410 | D17: =C17-C16 -> 222 | E17: =C17-152000 -> 22410 | F17: =D17/$D$2 -> 111.92337 | G17: 142 | H17: 0.219 | I17: =G17+H17 -> 142.219 | J17: =IF(L17>0,L17,0) -> 0 | K17: =I17+J17 -> 142.219 | L17: =F17-(I17-AK17) -> -10.135632 | M17: 1.66 | N17: 0 | O17: =0*1.05 -> 0 | P17: 0 | Q17: =1149000/325851/1.9835*1.02 -> 1.813297 | R17: =((1204506/646272)*1.04)-T17 -> 1.468594 | S17: 0 | T17: =(0.4261*1.06)*1.04 -> 0.46973264 | U17: =M17-(Q17+R17+S17+T17) -> -2.0916236 | V17: 0 | W17: 0 | X17: =M17-N17-O17-P17-Q17-R17-S17-T17-U17+V17+W17-AU17+AR17 -> 0 | Y17: =X17-AO17 -> 0 | AC17: 100 | AE17: 0 | AH17: 18.5 | AI17: =AI16-AH17 -> 2946.1368 | AK17: =N17+O17+P17+Q17+R17+S17+T17+U17+X17+AE17+AH17 -> 20.16 | AL17: =IF(L17<0,L17*-1,0) -> 10.135632 | AM17: =AK17+AL17 -> 30.295632 | AV17: 0 | AW17: 61 | AX17: 34 | AZ17: =SUM(N17,P17:U17) -> 1.66 | BA17: 0 | BB17: 6463
A18: =A17+1 -> 4 | B18: 6864.87 | C18: 174631 | D18: =C18-C17 -> 221 | E18: =C18-152000 -> 22631 | F18: =D18/$D$2 -> 111.41921 | G18: 135 | H18: 0.187 | I18: =G18+H18 -> 135.187 | J18: =IF(L18>0,L18,0) -> 0 | K18: =I18+J18 -> 135.187 | L18: =F18-(I18-AK18) -> -3.5777915 | M18: 1.69 | N18: 0 | O18: =0*1.05 -> 0 | P18: 0 | Q18: =957900/325851/1.9835*1.02 -> 1.5117121 | R18: =((1047304/646272)*1.04)-T18 -> 1.2156199 | S18: 0 | T18: =(0.4261*1.06)*1.04 -> 0.46973264 | U18: =M18-(Q18+R18+S18+T18) -> -1.5070646 | V18: 0 | W18: 0 | X18: =M18-N18-O18-P18-Q18-R18-S18-T18-U18+V18+W18-AU18+AR18 -> 0 | Y18: =X18-AO18 -> 0 | AC18: 100 | AE18: 0 | AH18: 18.5 | AI18: =AI17-AH18 -> 2927.6368 | AK18: =N18+O18+P18+Q18+R18+S18+T18+U18+X18+AE18+AH18 -> 20.19 | AL18: =IF(L18<0,L18*-1,0) -> 3.5777915 | AM18: =AK18+AL18 -> 23.767792 | AV18: 0 | AW18: 53 | AX18: 28 | AZ18: =SUM(N18,P18:U18) -> 1.69 | BA18: 0 | BB18: 6474
A19: =A18+1 -> 5 | B19: 6864.97 | C19: 174876 | D19: =C19-C18 -> 245 | E19: =C19-152000 -> 22876 | F19: =D19/$D$2 -> 123.51903 | G19: 137 | H19: 0.149 | I19: =G19+H19 -> 137.149 | J19: =IF(L19>0,L19,0) -> 6.350032 | K19: =I19+J19 -> 143.49903 | L19: =F19-(I19-AK19) -> 6.350032 | M19: 1.88 | N19: 0 | O19: =0*1.05 -> 0 | P19: 0 | Q19: =932600/325851/1.9835*1.02 -> 1.4717848 | R19: =((1130240/646272)*1.04)-T19 -> 1.349083 | S19: 0 | T19: =(0.4261*1.06)*1.04 -> 0.46973264 | U19: =M19-(Q19+R19+S19+T19) -> -1.4106004 | V19: 0 | W19: 0 | X19: =M19-N19-O19-P19-Q19-R19-S19-T19-U19+V19+W19-AU19+AR19 -> 0 | Y19: =X19-AO19 -> 0 | AC19: 100 | AE19: 0 | AH19: 18.1 | AI19: =AI18-AH19 -> 2909.5368 | AK19: =N19+O19+P19+Q19+R19+S19+T19+U19+X19+AE19+AH19 -> 19.98 | AL19: =IF(L19<0,L19*-1,0) -> 0 | AM19: =AK19+AL19 -> 19.98 | AV19: 0 | AW19: 42 | AX19: 19 | AZ19: =SUM(N19,P19:U19) -> 1.88 | BA19: 0 | BB19: 6490
A20: =A19+1 -> 6 | B20: 6865 | C20: 174950 | D20: =C20-C19 -> 74 | E20: =C20-152000 -> 22950 | F20: =D20/$D$2 -> 37.307789 | G20: 104 | H20: 0.105 | I20: =G20+H20 -> 104.105 | J20: =IF(L20>0,L20,0) -> 0 | K20: =I20+J20 -> 104.105 | L20: =F20-(I20-AK20) -> -46.697211 | M20: 2.2 | N20: 0 | O20: =0*1.05 -> 0 | P20: 0 | Q20: =1249900/325851/1.9835*1.02 -> 1.9725325 | R20: =((1243288/646272)*1.04)-T20 -> 1.5310031 | S20: 0 | T20: =(0.4261*1.06)*1.04 -> 0.46973264 | U20: =M20-(Q20+R20+S20+T20) -> -1.7732683 | V20: 0 | W20: 0 | X20: =M20-N20-O20-P20-Q20-R20-S20-T20-U20+V20+W20-AU20+AR20 -> 0 | Y20: =X20-AO20 -> 0 | AC20: 100 | AE20: 0 | AH20: 17.9 | AI20: =AI19-AH20 -> 2891.6368 | AK20: =N20+O20+P20+Q20+R20+S20+T20+U20+X20+AE20+AH20 -> 20.1 | AL20: =IF(L20<0,L20*-1,0) -> 46.697211 | AM20: =AK20+AL20 -> 66.797211 | AV20: 0 | AW20: 52 | AX20: 17 | AZ20: =SUM(N20,P20:U20) -> 2.2 | BA20: 0 | BB20: 6493
A21: =A20+1 -> 7 | B21: 6865.08 | C21: 175150 | D21: =C21-C20 -> 200 | E21: =C21-152000 -> 23150 | F21: =D21/$D$2 -> 100.83186 | G21: 110 | H21: 0.09 | I21: =G21+H21 -> 110.09 | J21: =IF(L21>0,L21,0) -> 11.861863 | K21: =I21+J21 -> 121.95186 | L21: =F21-(I21-AK21) -> 11.861863 | M21: 3.22 | N21: 0 | O21: =0.214*1.05 -> 0.2247 | P21: 0 | Q21: =968200/325851/1.9835*1.02 -> 1.527967 | R21: =((1139168/646272)*1.04)-T21 -> 1.3634502 | S21: 0 | T21: =(0.4261*1.06)*1.04 -> 0.46973264 | U21: =M21-(Q21+R21+S21+T21) -> -0.14114985 | V21: 0 | W21: 0 | X21: =M21-N21-O21-P21-Q21-R21-S21-T21-U21+V21+W21-AU21+AR21 -> -0.2247 | Y21: =X21-AO21 -> -0.2247 | AC21: 100 | AE21: 0 | AH21: 17.9 | AI21: =AI20-AH21 -> 2873.7368 | AK21: =N21+O21+P21+Q21+R21+S21+T21+U21+X21+AE21+AH21 -> 21.12 | AL21: =IF(L21<0,L21*-1,0) -> 0 | AM21: =AK21+AL21 -> 21.12 | AV21: 0 | AW21: 59 | AX21: 25 | AZ21: =SUM(N21,P21:U21) -> 3.22 | BA21: 0 | BB21: 6484
A22: =A21+1 -> 8 | B22: 6865.15 | C22: 175324 | D22: =C22-C21 -> 174 | E22: =C22-152000 -> 23324 | F22: =D22/$D$2 -> 87.723721 | G22: 125 | H22: 0.09 | I22: =G22+H22 -> 125.09 | J22: =IF(L22>0,L22,0) -> 0 | K22: =I22+J22 -> 125.09 | L22: =F22-(I22-AK22) -> -16.246279 | M22: 3.22 | N22: 0 | O22: =0*1.05 -> 0 | P22: 0 | Q22: =951200/325851/1.9835*1.02 -> 1.5011385 | R22: =((1028896/646272)*1.04)-T22 -> 1.2186282 | S22: 0 | T22: =(0.3965*1.06)*1.04 -> 0.4371016 | U22: =M22-(Q22+R22+S22+T22) -> 0.063131698 | V22: 0 | W22: 0 | X22: =M22-N22-O22-P22-Q22-R22-S22-T22-U22+V22+W22-AU22+AR22 -> 0 | Y22: =X22-AO22 -> 0 | AC22: 100 | AE22: 0 | AH22: 17.9 | AI22: =AI21-AH22 -> 2855.8368 | AK22: =N22+O22+P22+Q22+R22+S22+T22+U22+X22+AE22+AH22 -> 21.12 | AL22: =IF(L22<0,L22*-1,0) -> 16.246279 | AM22: =AK22+AL22 -> 37.366279 | AV22: 0 | AW22: 61 | AX22: 27 | AZ22: =SUM(N22,P22:U22) -> 3.22 | BA22: 0 | BB22: 6473
A23: =A22+1 -> 9 | B23: 6865.22 | C23: 175499 | D23: =C23-C22 -> 175 | E23: =C23-152000 -> 23499 | F23: =D23/$D$2 -> 88.22788 | G23: 116 | H23: 0.09 | I23: =G23+H23 -> 116.09 | J23: =IF(L23>0,L23,0) -> 0 | K23: =I23+J23 -> 116.09 | L23: =F23-(I23-AK23) -> -6.74212 | M23: 3.22 | N23: 0 | O23: =0*1.05 -> 0 | P23: 0 | Q23: =1023300/325851/1.9835*1.02 -> 1.6149232 | R23: =((1131480/646272)*1.04)-T23 -> 1.3837095 | S23: 0 | T23: =(0.3965*1.06)*1.04 -> 0.4371016 | U23: =M23-(Q23+R23+S23+T23) -> -0.21573429 | V23: 0 | W23: 0 | X23: =M23-N23-O23-P23-Q23-R23-S23-T23-U23+V23+W23-AU23+AR23 -> 0 | Y23: =X23-AO23 -> 0 | AC23: 100 | AE23: 0 | AH23: 17.9 | AI23: =AI22-AH23 -> 2837.9368 | AK23: =N23+O23+P23+Q23+R23+S23+T23+U23+X23+AE23+AH23 -> 21.12 | AL23: =IF(L23<0,L23*-1,0) -> 6.74212 | AM23: =AK23+AL23 -> 27.86212 | AV23: 0 | AW23: 64 | AX23: 30 | AZ23: =SUM(N23,P23:U23) -> 3.22 | BA23: 0 | BB23: 6482
A24: =A23+1 -> 10 | B24: 6865.3 | C24: 175699 | D24: =C24-C23 -> 200 | E24: =C24-152000 -> 23699 | F24: =D24/$D$2 -> 100.83186 | G24: 112 | H24: 0.082 | I24: =G24+H24 -> 112.082 | J24: =IF(L24>0,L24,0) -> 9.8698629 | K24: =I24+J24 -> 121.95186 | L24: =F24-(I24-AK24) -> 9.8698629 | M24: 3.22 | N24: 0 | O24: =0*1.05 -> 0 | P24: 0 | Q24: =1280500/325851/1.9835*1.02 -> 2.020824 | R24: =((1133064/646272)*1.04)-T24 -> 1.3862585 | S24: 0 | T24: =(0.3965*1.06)*1.04 -> 0.4371016 | U24: =M24-(Q24+R24+S24+T24) -> -0.62418407 | V24: 0 | W24: 0 | X24: =M24-N24-O24-P24-Q24-R24-S24-T24-U24+V24+W24-AU24+AR24 -> 0 | Y24: =X24-AO24 -> 0 | AC24: 100 | AE24: 0 | AH24: 17.9 | AI24: =AI23-AH24 -> 2820.0368 | AK24: =N24+O24+P24+Q24+R24+S24+T24+U24+X24+AE24+AH24 -> 21.12 | AL24: =IF(L24<0,L24*-1,0) -> 0 | AM24: =AK24+AL24 -> 21.12 | AV24: 0 | AW24: 65 | AX24: 31 | AZ24: =SUM(N24,P24:U24) -> 3.22 | BA24: 0 | BB24: 6517
A25: =A24+1 -> 11 | B25: 6865.35 | C25: 175823 | D25: =C25-C24 -> 124 | E25: =C25-152000 -> 23823 | F25: =D25/$D$2 -> 62.515755 | G25: 109 | H25: 0.08 | I25: =G25+H25 -> 109.08 | J25: =IF(L25>0,L25,0) -> 0 | K25: =I25+J25 -> 109.08 | L25: =F25-(I25-AK25) -> -25.444245 | M25: 3.22 | N25: 0 | O25: =3.19*1.05 -> 3.3495 | P25: 0 | Q25: =1005500/325851/1.9835*1.02 -> 1.5868321 | R25: =((1144736/646272)*1.04)-T25 -> 1.4050414 | S25: 0 | T25: =(0.3965*1.06)*1.04 -> 0.4371016 | U25: =M25-(Q25+R25+S25+T25) -> -0.20897512 | V25: 0 | W25: 0 | X25: =M25-N25-O25-P25-Q25-R25-S25-T25-U25+V25+W25-AU25+AR25 -> -3.3495 | Y25: =X25-AO25 -> -3.3495 | AC25: 100 | AE25: 0 | AH25: 17.9 | AI25: =AI24-AH25 -> 2802.1368 | AK25: =N25+O25+P25+Q25+R25+S25+T25+U25+X25+AE25+AH25 -> 21.12 | AL25: =IF(L25<0,L25*-1,0) -> 25.444245 | AM25: =AK25+AL25 -> 46.564245 | AV25: 0 | AW25: 66 | AX25: 30 | AZ25: =SUM(N25,P25:U25) -> 3.22 | BA25: 0 | BB25: 6524
A26: =A25+1 -> 12 | B26: 6865.43 | C26: 176023 | D26: =C26-C25 -> 200 | E26: =C26-152000 -> 24023 | F26: =D26/$D$2 -> 100.83186 | G26: 107 | H26: 0.071 | I26: =G26+H26 -> 107.071 | J26: =IF(L26>0,L26,0) -> 14.260863 | K26: =I26+J26 -> 121.33186 | L26: =F26-(I26-AK26) -> 14.260863 | M26: 2.6 | N26: 0 | O26: =1.12*1.05 -> 1.176 | P26: 0 | Q26: =1077600/325851/1.9835*1.02 -> 1.7006169 | R26: =((1123496/646272)*1.04)-T26 -> 1.3708614 | S26: 0 | T26: =(0.3965*1.06)*1.04 -> 0.4371016 | U26: =M26-(Q26+R26+S26+T26) -> -0.90857987 | V26: 0 | W26: 0 | X26: =M26-N26-O26-P26-Q26-R26-S26-T26-U26+V26+W26-AU26+AR26 -> -1.176 | Y26: =X26-AO26 -> -1.176 | AC26: 100 | AE26: 0 | AH26: 17.9 | AI26: =AI25-AH26 -> 2784.2368 | AK26: =N26+O26+P26+Q26+R26+S26+T26+U26+X26+AE26+AH26 -> 20.5 | AL26: =IF(L26<0,L26*-1,0) -> 0 | AM26: =AK26+AL26 -> 20.5 | AV26: 0 | AW26: 67 | AX26: 32 | AZ26: =SUM(N26,P26:U26) -> 2.6 | BA26: 0 | BB26: 6534
A27: =A26+1 -> 13 | B27: 6865.48 | C27: 176148 | D27: =C27-C26 -> 125 | E27: =C27-152000 -> 24148 | F27: =D27/$D$2 -> 63.019914 | G27: 105 | H27: 0.07 | I27: =G27+H27 -> 105.07 | J27: =IF(L27>0,L27,0) -> 0 | K27: =I27+J27 -> 105.07 | L27: =F27-(I27-AK27) -> -20.680086 | M27: 3.47 | N27: 0 | O27: =0*1.05 -> 0 | P27: 0 | Q27: =1039000/325851/1.9835*1.02 -> 1.6397002 | R27: =((1128440/646272)*1.04)-T27 -> 1.3788174 | S27: 0 | T27: =(0.3965*1.06)*1.04 -> 0.4371016 | U27: =M27-(Q27+R27+S27+T27) -> 0.014380781 | V27: 0 | W27: 0 | X27: =M27-N27-O27-P27-Q27-R27-S27-T27-U27+V27+W27-AU27+AR27 -> 0 | Y27: =X27-AO27 -> 0 | AC27: 100 | AE27: 0 | AH27: 17.9 | AI27: =AI26-AH27 -> 2766.3368 | AK27: =N27+O27+P27+Q27+R27+S27+T27+U27+X27+AE27+AH27 -> 21.37 | AL27: =IF(L27<0,L27*-1,0) -> 20.680086 | AM27: =AK27+AL27 -> 42.050086 | AV27: 0 | AW27: 60 | AX27: 29 | AZ27: =SUM(N27,P27:U27) -> 3.47 | BA27: 0 | BB27: 6535
A28: =A27+1 -> 14 | B28: 6865.55 | C28: 176322 | D28: =C28-C27 -> 174 | E28: =C28-152000 -> 24322 | F28: =D28/$D$2 -> 87.723721 | G28: 106 | H28: 0.077 | I28: =G28+H28 -> 106.077 | J28: =IF(L28>0,L28,0) -> 2.8467207 | K28: =I28+J28 -> 108.92372 | L28: =F28-(I28-AK28) -> 2.8467207 | M28: 3.3 | N28: 0 | O28: =0*1.05 -> 0 | P28: 0 | Q28: =988500/325851/1.9835*1.02 -> 1.5600035 | R28: =((1132088/646272)*1.04)-T28 -> 1.3846879 | S28: 0 | T28: =(0.3965*1.06)*1.04 -> 0.4371016 | U28: =M28-(Q28+R28+S28+T28) -> -0.081792998 | V28: 0 | W28: 0 | X28: =M28-N28-O28-P28-Q28-R28-S28-T28-U28+V28+W28-AU28+AR28 -> 0 | Y28: =X28-AO28 -> 0 | AC28: 100 | AE28: 0 | AH28: 17.9 | AI28: =AI27-AH28 -> 2748.4368 | AK28: =N28+O28+P28+Q28+R28+S28+T28+U28+X28+AE28+AH28 -> 21.2 | AL28: =IF(L28<0,L28*-1,0) -> 0 | AM28: =AK28+AL28 -> 21.2 | AV28: 0 | AW28: 59 | AX28: 30 | AZ28: =SUM(N28,P28:U28) -> 3.3 | BA28: 0 | BB28: 6521
A29: =A28+1 -> 15 | B29: 6865.65 | C29: 176572 | D29: =C29-C28 -> 250 | E29: =C29-152000 -> 24572 | F29: =D29/$D$2 -> 126.03983 | G29: 101 | H29: 0.094 | I29: =G29+H29 -> 101.094 | J29: =IF(L29>0,L29,0) -> 45.545829 | K29: =I29+J29 -> 146.63983 | L29: =F29-(I29-AK29) -> 45.545829 | M29: 2.6 | N29: 0 | O29: =0*1.05 -> 0 | P29: 0 | Q29: =874300/325851/1.9835*1.02 -> 1.3797785 | R29: =((1172248/646272)*1.04)-T29 -> 1.3800838 | S29: 0 | T29: =(0.4593*1.06)*1.04 -> 0.50633232 | U29: =M29-(Q29+R29+S29+T29) -> -0.66619467 | V29: 0 | W29: 0 | X29: =M29-N29-O29-P29-Q29-R29-S29-T29-U29+V29+W29-AU29+AR29 -> 0 | Y29: =X29-AO29 -> 0 | AC29: 100 | AE29: 0 | AH29: 18 | AI29: =AI28-AH29 -> 2730.4368 | AK29: =N29+O29+P29+Q29+R29+S29+T29+U29+X29+AE29+AH29 -> 20.6 | AL29: =IF(L29<0,L29*-1,0) -> 0 | AM29: =AK29+AL29 -> 20.6 | AV29: 0.28 | AW29: 56 | AX29: 30 | AZ29: =SUM(N29,P29:U29) -> 2.6 | BA29: 0 | BB29: 6532
A30: =A29+1 -> 16 | B30: 6865.74 | C30: 176797 | D30: =C30-C29 -> 225 | E30: =C30-152000 -> 24797 | F30: =D30/$D$2 -> 113.43585 | G30: 116 | H30: 0.15 | I30: =G30+H30 -> 116.15 | J30: =IF(L30>0,L30,0) -> 18.625846 | K30: =I30+J30 -> 134.77585 | L30: =F30-(I30-AK30) -> 18.625846 | M30: 3.44 | N30: 0 | O30: =0*1.05 -> 0 | P30: 0 | Q30: =986000/325851/1.9835*1.02 -> 1.5560582 | R30: =((1139148/646272)*1.04)-T30 -> 1.3268183 | S30: 0 | T30: =(0.4593*1.06)*1.04 -> 0.50633232 | U30: =M30-(Q30+R30+S30+T30) -> 0.050791222 | V30: 0 | W30: 0 | X30: =M30-N30-O30-P30-Q30-R30-S30-T30-U30+V30+W30-AU30+AR30 -> 2.220446e-16 | Y30: =X30-AO30 -> 2.220446e-16 | AC30: 100 | AE30: 0 | AH30: 17.9 | AI30: =AI29-AH30 -> 2712.5368 | AK30: =N30+O30+P30+Q30+R30+S30+T30+U30+X30+AE30+AH30 -> 21.34 | AL30: =IF(L30<0,L30*-1,0) -> 0 | AM30: =AK30+AL30 -> 21.34 | AV30: 0.02 | AW30: 47 | AX30: 32 | AZ30: =SUM(N30,P30:U30) -> 3.44 | BA30: 0 | BB30: 6550
A31: =A30+1 -> 17 | B31: 6865.79 | C31: 176921 | D31: =C31-C30 -> 124 | E31: =C31-152000 -> 24921 | F31: =D31/$D$2 -> 62.515755 | G31: 113 | H31: 0.183 | I31: =G31+H31 -> 113.183 | J31: =IF(L31>0,L31,0) -> 0 | K31: =I31+J31 -> 113.183 | L31: =F31-(I31-AK31) -> -29.777245 | M31: 2.99 | N31: 0 | O31: =0*1.05 -> 0 | P31: 0 | Q31: =1182500/325851/1.9835*1.02 -> 1.8661651 | R31: =((1137364/646272)*1.04)-T31 -> 1.3239474 | S31: 0 | T31: =(0.4593*1.06)*1.04 -> 0.50633232 | U31: =M31-(Q31+R31+S31+T31) -> -0.70644484 | V31: 0 | W31: 0 | X31: =M31-N31-O31-P31-Q31-R31-S31-T31-U31+V31+W31-AU31+AR31 -> 0 | Y31: =X31-AO31 -> 0 | AC31: 100 | AE31: 0 | AH31: 17.9 | AI31: =AI30-AH31 -> 2694.6368 | AK31: =N31+O31+P31+Q31+R31+S31+T31+U31+X31+AE31+AH31 -> 20.89 | AL31: =IF(L31<0,L31*-1,0) -> 29.777245 | AM31: =AK31+AL31 -> 50.667245 | AV31: 0 | AW31: 52 | AX31: 29 | AZ31: =SUM(N31,P31:U31) -> 2.99 | BA31: 0 | BB31: 6558
A32: =A31+1 -> 18 | B32: 6865.84 | C32: 177046 | D32: =C32-C31 -> 125 | E32: =C32-152000 -> 25046 | F32: =D32/$D$2 -> 63.019914 | G32: 95 | H32: 0.165 | I32: =G32+H32 -> 95.165 | J32: =IF(L32>0,L32,0) -> 0 | K32: =I32+J32 -> 95.165 | L32: =F32-(I32-AK32) -> -11.125086 | M32: 3.12 | N32: 0 | O32: =0*1.05 -> 0 | P32: 0 | Q32: =915900/325851/1.9835*1.02 -> 1.4454297 | R32: =((1107952/646272)*1.04)-T32 -> 1.2766168 | S32: 0 | T32: =(0.4593*1.06)*1.04 -> 0.50633232 | U32: =M32-(Q32+R32+S32+T32) -> -0.10837878 | V32: 0 | W32: 0 | X32: =M32-N32-O32-P32-Q32-R32-S32-T32-U32+V32+W32-AU32+AR32 -> 4.4408921e-16 | Y32: =X32-AO32 -> 4.4408921e-16 | AC32: 14.14 | AE32: 0 | AH32: 17.9 | AI32: =AI31-AH32 -> 2676.7368 | AK32: =N32+O32+P32+Q32+R32+S32+T32+U32+X32+AE32+AH32 -> 21.02 | AL32: =IF(L32<0,L32*-1,0) -> 11.125086 | AM32: =AK32+AL32 -> 32.145086 | AV32: 0 | AW32: 57 | AX32: 27 | AZ32: =SUM(N32,P32:U32) -> 3.12 | BA32: 0 | BB32: 6556
A33: =A32+1 -> 19 | B33: 6865.91 | C33: 177221 | D33: =C33-C32 -> 175 | E33: =C33-152000 -> 25221 | F33: =D33/$D$2 -> 88.22788 | G33: 94 | H33: 0.14 | I33: =G33+H33 -> 94.14 | J33: =IF(L33>0,L33,0) -> 15.53788 | K33: =I33+J33 -> 109.67788 | L33: =F33-(I33-AK33) -> 15.53788 | M33: 3.55 | N33: 0 | O33: =0*1.05 -> 0 | P33: 0 | Q33: =984800/325851/1.9835*1.02 -> 1.5541644 | R33: =((1404584/646272)*1.04)-T33 -> 1.7539658 | S33: 0 | T33: =(0.4593*1.06)*1.04 -> 0.50633232 | U33: =M33-(Q33+R33+S33+T33) -> -0.26446245 | V33: 0 | W33: 0 | X33: =M33-N33-O33-P33-Q33-R33-S33-T33-U33+V33+W33-AU33+AR33 -> 0 | Y33: =X33-AO33 -> 0 | AE33: 0 | AH33: 17.9 | AI33: =AI32-AH33 -> 2658.8368 | AK33: =N33+O33+P33+Q33+R33+S33+T33+U33+X33+AE33+AH33 -> 21.45 | AL33: =IF(L33<0,L33*-1,0) -> 0 | AM33: =AK33+AL33 -> 21.45 | AV33: 0 | AW33: 56 | AX33: 31 | AZ33: =SUM(N33,P33:U33) -> 3.55 | BA33: 0 | BB33: 6559
A34: =A33+1 -> 20 | B34: 6865.99 | C34: 177420 | D34: =C34-C33 -> 199 | E34: =C34-152000 -> 25420 | F34: =D34/$D$2 -> 100.3277 | G34: 118 | H34: 0.139 | I34: =G34+H34 -> 118.139 | J34: =IF(L34>0,L34,0) -> 3.7387036 | K34: =I34+J34 -> 121.8777 | L34: =F34-(I34-AK34) -> 3.7387036 | M34: 3.55 | N34: 0 | O34: =0*1.05 -> 0 | P34: 0 | Q34: =953300/325851/1.9835*1.02 -> 1.5044526 | R34: =((1454640/646272)*1.04)-T34 -> 1.8345174 | S34: 0 | T34: =(0.4593*1.06)*1.04 -> 0.50633232 | U34: =M34-(Q34+R34+S34+T34) -> -0.29530225 | V34: 0 | W34: 0 | X34: =M34-N34-O34-P34-Q34-R34-S34-T34-U34+V34+W34-AU34+AR34 -> 0 | Y34: =X34-AO34 -> 0 | AE34: 0 | AH34: 18 | AI34: =AI33-AH34 -> 2640.8368 | AK34: =N34+O34+P34+Q34+R34+S34+T34+U34+X34+AE34+AH34 -> 21.55 | AL34: =IF(L34<0,L34*-1,0) -> 0 | AM34: =AK34+AL34 -> 21.55 | AV34: 0.14 | AW34: 56 | AX34: 29 | AZ34: =SUM(N34,P34:U34) -> 3.55 | BA34: 0 | BB34: 6571
A35: =A34+1 -> 21 | B35: 6866.12 | C35: 177749 | D35: =C35-C34 -> 329 | E35: =C35-152000 -> 25749 | F35: =D35/$D$2 -> 165.86841 | G35: 112 | H35: 0.194 | I35: =G35+H35 -> 112.194 | J35: =IF(L35>0,L35,0) -> 74.914414 | K35: =I35+J35 -> 187.10841 | L35: =F35-(I35-AK35) -> 74.914414 | M35: 3.04 | N35: 0 | O35: =0*1.05 -> 0 | P35: 0 | Q35: =839300/325851/1.9835*1.02 -> 1.3245432 | R35: =((1442328/646272)*1.04)-T35 -> 1.8147045 | S35: 0 | T35: =(0.4593*1.06)*1.04 -> 0.50633232 | U35: =M35-(Q35+R35+S35+T35) -> -0.60558005 | V35: 0 | W35: 0 | X35: =M35-N35-O35-P35-Q35-R35-S35-T35-U35+V35+W35-AU35+AR35 -> 0 | Y35: =X35-AO35 -> 0 | AE35: 0 | AH35: 18.2 | AI35: =AI34-AH35 -> 2622.6368 | AK35: =N35+O35+P35+Q35+R35+S35+T35+U35+X35+AE35+AH35 -> 21.24 | AL35: =IF(L35<0,L35*-1,0) -> 0 | AM35: =AK35+AL35 -> 21.24 | AV35: 0.38 | AW35: 51 | AX35: 32 | AZ35: =SUM(N35,P35:U35) -> 3.04 | BA35: 0 | BB35: 6585
A36: =A35+1 -> 22 | B36: 6866.26 | C36: 178104 | D36: =C36-C35 -> 355 | E36: =C36-152000 -> 26104 | F36: =D36/$D$2 -> 178.97656 | G36: 116 | H36: 0.48 | I36: =G36+H36 -> 116.48 | J36: =IF(L36>0,L36,0) -> 84.106557 | K36: =I36+J36 -> 200.58656 | L36: =F36-(I36-AK36) -> 84.106557 | M36: 3.11 | N36: 0 | O36: =0*1.05 -> 0 | P36: 0 | Q36: =829900/325851/1.9835*1.02 -> 1.3097086 | R36: =((1448008/646272)*1.04)-T36 -> 1.8701457 | S36: 0 | T36: =(0.4173*1.06)*1.04 -> 0.46003152 | U36: =M36-(Q36+R36+S36+T36) -> -0.52988585 | V36: 0 | W36: 0 | X36: =M36-N36-O36-P36-Q36-R36-S36-T36-U36+V36+W36-AU36+AR36 -> 0 | Y36: =X36-AO36 -> 0 | AE36: 0 | AH36: 18.5 | AI36: =AI35-AH36 -> 2604.1368 | AK36: =N36+O36+P36+Q36+R36+S36+T36+U36+X36+AE36+AH36 -> 21.61 | AL36: =IF(L36<0,L36*-1,0) -> 0 | AM36: =AK36+AL36 -> 21.61 | AV36: 0.53 | AW36: 45 | AX36: 33 | AZ36: =SUM(N36,P36:U36) -> 3.11 | BA36: 0 | BB36: 6607
A37: =A36+1 -> 23 | B37: 6866.37 | C37: 178383 | D37: =C37-C36 -> 279 | E37: =C37-152000 -> 26383 | F37: =D37/$D$2 -> 140.66045 | G37: 120 | H37: 0.912 | I37: =G37+H37 -> 120.912 | J37: =IF(L37>0,L37,0) -> 41.788449 | K37: =I37+J37 -> 162.70045 | L37: =F37-(I37-AK37) -> 41.788449 | M37: 3.54 | N37: 0 | O37: =0*1.05 -> 0 | P37: 0 | Q37: =936200/325851/1.9835*1.02 -> 1.4774662 | R37: =((1430416/646272)*1.04)-T37 -> 1.8418362 | S37: 0 | T37: =(0.4173*1.06)*1.04 -> 0.46003152 | U37: =M37-(Q37+R37+S37+T37) -> -0.23933387 | V37: 0 | W37: 0 | X37: =M37-N37-O37-P37-Q37-R37-S37-T37-U37+V37+W37-AU37+AR37 -> 0 | Y37: =X37-AO37 -> 0 | AE37: 0 | AH37: 18.5 | AI37: =AI36-AH37 -> 2585.6368 | AK37: =N37+O37+P37+Q37+R37+S37+T37+U37+X37+AE37+AH37 -> 22.04 | AL37: =IF(L37<0,L37*-1,0) -> 0 | AM37: =AK37+AL37 -> 22.04 | AV37: 0.21 | AW37: 46 | AX37: 30 | AZ37: =SUM(N37,P37:U37) -> 3.54 | BA37: 0 | BB37: 6618
A38: =A37+1 -> 24 | B38: 6866.46 | C38: 178611 | D38: =C38-C37 -> 228 | E38: =C38-152000 -> 26611 | F38: =D38/$D$2 -> 114.94832 | G38: 117 | H38: 0.899 | I38: =G38+H38 -> 117.899 | J38: =IF(L38>0,L38,0) -> 18.449324 | K38: =I38+J38 -> 136.34832 | L38: =F38-(I38-AK38) -> 18.449324 | M38: 2.9 | N38: 0 | O38: =0*1.05 -> 0 | P38: 0 | Q38: =972000/325851/1.9835*1.02 -> 1.533964 | R38: =((1411800/646272)*1.04)-T38 -> 1.8118788 | S38: 0 | T38: =(0.4173*1.06)*1.04 -> 0.46003152 | U38: =M38-(Q38+R38+S38+T38) -> -0.9058743 | V38: 0 | W38: 0 | X38: =M38-N38-O38-P38-Q38-R38-S38-T38-U38+V38+W38-AU38+AR38 -> 0 | Y38: =X38-AO38 -> 0 | AE38: 0 | AH38: 18.5 | AI38: =AI37-AH38 -> 2567.1368 | AK38: =N38+O38+P38+Q38+R38+S38+T38+U38+X38+AE38+AH38 -> 21.4 | AL38: =IF(L38<0,L38*-1,0) -> 0 | AM38: =AK38+AL38 -> 21.4 | AV38: 0.02 | AW38: 36 | AX38: 26 | AZ38: =SUM(N38,P38:U38) -> 2.9 | BA38: 0 | BB38: 6632
A39: =A38+1 -> 25 | B39: 6866.5 | C39: 178712 | D39: =C39-C38 -> 101 | E39: =C39-152000 -> 26712 | F39: =D39/$D$2 -> 50.920091 | G39: 107 | H39: 0.681 | I39: =G39+H39 -> 107.681 | J39: =IF(L39>0,L39,0) -> 0 | K39: =I39+J39 -> 107.681 | L39: =F39-(I39-AK39) -> -34.780909 | M39: 3.68 | N39: 0 | O39: =0*1.05 -> 0 | P39: 0 | Q39: =1084800/325851/1.9835*1.02 -> 1.7119796 | R39: =((1459016/646272)*1.04)-T39 -> 1.8878601 | S39: 0 | T39: =(0.4173*1.06)*1.04 -> 0.46003152 | U39: =M39-(Q39+R39+S39+T39) -> -0.37987126 | V39: 0 | W39: 0 | X39: =M39-N39-O39-P39-Q39-R39-S39-T39-U39+V39+W39-AU39+AR39 -> 0 | Y39: =X39-AO39 -> 0 | AE39: 0 | AH39: 18.3 | AI39: =AI38-AH39 -> 2548.8368 | AK39: =N39+O39+P39+Q39+R39+S39+T39+U39+X39+AE39+AH39 -> 21.98 | AL39: =IF(L39<0,L39*-1,0) -> 34.780909 | AM39: =AK39+AL39 -> 56.760909 | AV39: 0.07 | AW39: 48 | AX39: 22 | AZ39: =SUM(N39,P39:U39) -> 3.68 | BA39: 0 | BB39: 6651
A40: =A39+1 -> 26 | B40: 6866.54 | C40: 178813 | D40: =C40-C39 -> 101 | E40: =C40-152000 -> 26813 | F40: =D40/$D$2 -> 50.920091 | G40: 92 | H40: 0.448 | I40: =G40+H40 -> 92.448 | J40: =IF(L40>0,L40,0) -> 0 | K40: =I40+J40 -> 92.448 | L40: =F40-(I40-AK40) -> -19.757909 | M40: 3.67 | N40: 0 | O40: =0*1.05 -> 0 | P40: 0 | Q40: =936200/325851/1.9835*1.04 -> 1.5064361 | R40: =((1415072/646272)*1.04)-T40 -> 1.8171442 | S40: 0 | T40: =(0.4173*1.06)*1.04 -> 0.46003152 | U40: =M40-(Q40+R40+S40+T40) -> -0.11361177 | V40: 0 | W40: 0 | X40: =M40-N40-O40-P40-Q40-R40-S40-T40-U40+V40+W40-AU40+AR40 -> 4.4408921e-16 | Y40: =X40-AO40 -> 4.4408921e-16 | AE40: 0 | AH40: 18.1 | AI40: =AI39-AH40 -> 2530.7368 | AK40: =N40+O40+P40+Q40+R40+S40+T40+U40+X40+AE40+AH40 -> 21.77 | AL40: =IF(L40<0,L40*-1,0) -> 19.757909 | AM40: =AK40+AL40 -> 41.527909 | AV40: 0.01 | AW40: 45 | AX40: 22 | AZ40: =SUM(N40,P40:U40) -> 3.67 | BA40: 0 | BB40: 6659
A41: =A40+1 -> 27 | B41: 6866.62 | C41: 179016 | D41: =C41-C40 -> 203 | E41: =C41-152000 -> 27016 | F41: =D41/$D$2 -> 102.34434 | G41: 85 | H41: 0.359 | I41: =G41+H41 -> 85.359 | J41: =IF(L41>0,L41,0) -> 38.105341 | K41: =I41+J41 -> 123.46434 | L41: =F41-(I41-AK41) -> 38.105341 | M41: 3.12 | N41: 0 | O41: =0*1.05 -> 0 | P41: 0 | Q41: =923700/325851/1.9835*1.02 -> 1.4577393 | R41: =((1434584/646272)*1.04)-T41 -> 1.8485434 | S41: 0 | T41: =(0.4173*1.06)*1.04 -> 0.46003152 | U41: =M41-(Q41+R41+S41+T41) -> -0.64631423 | V41: 0 | W41: 0 | X41: =M41-N41-O41-P41-Q41-R41-S41-T41-U41+V41+W41-AU41+AR41 -> 0 | Y41: =X41-AO41 -> 0 | AE41: 0 | AH41: 18 | AI41: =AI40-AH41 -> 2512.7368 | AK41: =N41+O41+P41+Q41+R41+S41+T41+U41+X41+AE41+AH41 -> 21.12 | AL41: =IF(L41<0,L41*-1,0) -> 0 | AM41: =AK41+AL41 -> 21.12 | AV41: 0 | AW41: 48 | AX41: 24 | AZ41: =SUM(N41,P41:U41) -> 3.12 | BA41: 0 | BB41: 6671
A42: =A41+1 -> 28 | B42: 6866.64 | C42: 179067 | D42: =C42-C41 -> 51 | E42: =C42-152000 -> 27067 | F42: =D42/$D$2 -> 25.712125 | G42: 92 | H42: 0.268 | I42: =G42+H42 -> 92.268 | J42: =IF(L42>0,L42,0) -> 0 | K42: =I42+J42 -> 92.268 | L42: =F42-(I42-AK42) -> -44.955875 | M42: 3.6 | N42: 0 | O42: =0*1.05 -> 0 | P42: 0 | Q42: =946000/325851/1.9835*1.02 -> 1.4929321 | R42: =((1436776/646272)*1.04)-T42 -> 1.8520709 | S42: 0 | T42: =(0.4173*1.06)*1.04 -> 0.46003152 | U42: =M42-(Q42+R42+S42+T42) -> -0.20503446 | V42: 0 | W42: 0 | X42: =M42-N42-O42-P42-Q42-R42-S42-T42-U42+V42+W42-AU42+AR42 -> 0 | Y42: =X42-AO42 -> 0 | AE42: 0 | AH42: 18 | AI42: =AI41-AH42 -> 2494.7368 | AK42: =N42+O42+P42+Q42+R42+S42+T42+U42+X42+AE42+AH42 -> 21.6 | AL42: =IF(L42<0,L42*-1,0) -> 44.955875 | AM42: =AK42+AL42 -> 66.555875 | AV42: 0 | AW42: 51 | AX42: 24 | AZ42: =SUM(N42,P42:U42) -> 3.6 | BA42: 0 | BB42: 6680
A43: =A42+1 -> 29 | B43: 6866.7 | C43: 179219 | D43: =C43-C42 -> 152 | E43: =C43-152000 -> 27219 | F43: =D43/$D$2 -> 76.632216 | G43: 95 | H43: 0.212 | I43: =G43+H43 -> 95.212 | J43: =IF(L43>0,L43,0) -> 2.4602158 | K43: =I43+J43 -> 97.672216 | L43: =F43-(I43-AK43) -> 2.4602158 | M43: 3.04 | N43: 0 | O43: =0*1.05 -> 0 | P43: 0 | Q43: =953600/325851/1.9835*1.02 -> 1.504926 | R43: =((1441880/646272)*1.04)-T43 -> 1.9135303 | S43: 0 | T43: =(0.369*1.06)*1.04 -> 0.4067856 | U43: =M43-(Q43+R43+S43+T43) -> -0.78524192 | V43: 0 | W43: 0 | X43: =M43-N43-O43-P43-Q43-R43-S43-T43-U43+V43+W43-AU43+AR43 -> 0 | Y43: =X43-AO43 -> 0 | AE43: 0 | AH43: 18 | AI43: =AI42-AH43 -> 2476.7368 | AK43: =N43+O43+P43+Q43+R43+S43+T43+U43+X43+AE43+AH43 -> 21.04 | AL43: =IF(L43<0,L43*-1,0) -> 0 | AM43: =AK43+AL43 -> 21.04 | AV43: 0 | AW43: 52 | AX43: 25 | AZ43: =SUM(N43,P43:U43) -> 3.04 | BA43: 0 | BB43: 6682
A44: 30 | B44: 6866.78 | C44: 179421 | D44: =C44-C43 -> 202 | E44: =C44-152000 -> 27421 | F44: =D44/$D$2 -> 101.84018 | G44: 97 | H44: 0.169 | I44: =G44+H44 -> 97.169 | J44: =IF(L44>0,L44,0) -> 26.381181 | K44: =I44+J44 -> 123.55018 | L44: =F44-(I44-AK44) -> 26.381181 | M44: 3.71 | N44: 0 | O44: =0*1.05 -> 0 | P44: 0 | Q44: =994200/325851/1.9835*1.02 -> 1.568999 | R44: =((1419752/646272)*1.04)-T44 -> 1.8779213 | S44: 0 | T44: =(0.369*1.06)*1.04 -> 0.4067856 | U44: =M44-(Q44+R44+S44+T44) -> -0.14370588 | V44: 0 | W44: 0 | X44: =M44-N44-O44-P44-Q44-R44-S44-T44-U44+V44+W44-AU44+AR44 -> 0 | Y44: =X44-AO44 -> 0 | AE44: 0 | AH44: 18 | AI44: =AI43-AH44 -> 2458.7368 | AK44: =N44+O44+P44+Q44+R44+S44+T44+U44+X44+AE44+AH44 -> 21.71 | AL44: =IF(L44<0,L44*-1,0) -> 0 | AM44: =AK44+AL44 -> 21.71 | AV44: 0 | AW44: 45 | AX44: 24 | AZ44: =SUM(N44,P44:U44) -> 3.71 | BA44: 0 | BB44: 6678
H45: 0.62 | AW45: 4
A46: MONTH / CFS | F46: =SUM(F15:F44) -> 2873.2039 | G46: =SUM(G15:G44) -> 3357 | H46: =SUM(H15:H45) -> 8.109 | I46: =SUM(I15:I44) -> 3364.489 | J46: =SUM(J15:J44) -> 419.37611 | K46: =SUM(K15:K44) -> 3783.8651 | L46: =SUM(L15:L44) -> 138.44493 | M46: =SUM(M15:M44) -> 88.63 | N46: =SUM(N15:N44) -> 0 | O46: =SUM(O15:O44)-15 -> 0.0402 | P46: =SUM(P15:P44) -> 0 | Q46: =SUM(Q15:Q44) -> 47.288476 | R46: =SUM(R15:R44) -> 46.728054 | S46: =SUM(S15:S44) -> 0 | T46: =SUM(T15:T44) -> 13.925958 | U46: =SUM(U15:U44) -> -19.312488 | V46: =SUM(V15:V44) -> 0 | W46: =SUM(W15:W44) -> 0 | ... Y46: =SUM(Y15:Y44) -> -15.0402 | AC46: =SUM(AC15:AC44) -> 1714.14 | AE46: =SUM(AE15:AE44) -> 0 | AF46: =SUM(AF15:AF44) -> 0 | AG46: =SUM(AG15:AG44) -> 0 | AH46: =SUM(AH15:AH44) -> 541.1 | AJ46: =SUM(AJ15:AJ44) -> 0 | AK46: =SUM(AK15:AK44) -> 629.73 | AL46: =SUM(AL15:AL44) -> 280.93118 | AM46: =SUM(AM15:AM44) -> 910.66118 | AN46: =SUM(AN15:AN44) -> 0 | AO46: =SUM(AO15:AO44) -> 0 | AU46: =SUM(AU15:AU44) -> 0 | AV46: =SUM(AV15:AV44) -> 1.66 | AW46: =AVERAGE(AW15:AW44) -> 53.833333 | AX46: =AVERAGE(AX15:AX44) -> 27.6 | AY46: Avg | AZ46: =SUM(AZ15:AZ44) -> 88.63 | BA46: =SUM(BA14:BA44) -> 0
A47: MONTH / AF | D47: =SUM(D15:D44) -> 5699 | F47: =F46*$D$2 -> 5699 | G47: =G46*$D$2 -> 6658.6095 | H47: =H46*$D$2 -> 16.084201 | I47: =I46*$D$2 -> 6673.4639 | J47: =J46*$D$2 -> 831.83252 | K47: =K46*$D$2 -> 7505.2965 | L47: =L46*$D$2 -> 274.60552 | M47: =M46*$D$2 -> 175.79761 | ... Y47: =Y46*$D$2 -> -29.832237 | AC47: =AC46*$D$2 -> 3399.9967 | AE47: =AE46*$D$2 -> 0 | AF47: =AF46*$D$2 -> 0 | AG47: =AG46*$D$2 -> 0 | AH47: =AH46*$D$2 -> 1073.2719 | AJ47: =AJ46*$D$2 -> 0 | AK47: =AK46*$D$2 -> 1249.0695 | AL47: =AL46*$D$2 -> 557.227 | AM47: =AM46*$D$2 -> 1806.2965 | AN47: =AN46*$D$2 -> 0 | AO47: =AO46*$D$2 -> 0 | AU47: =AU46*$D$2 -> 0 | AW47: =MAX(AW15:AW44) -> 67 | AX47: =MAX(AX15:AX44) -> 34 | AY47: HI | AZ47: =AZ46*$D$2 -> 175.79761 | BA47: =BA46*$D$2 -> 0
A49: SEASON / CFS | AW49: =MIN(AW15:AW44) -> 36 | AX49: =MIN(AX15:AX44) -> 17 | AY49: LO
A50: SEASON / AF
A52: YTD / CFS | F52: =F13+F46 -> 2873.2039 | G52: =G13+G46 -> 3357 | H52: =H13+H46 -> 8.109 | I52: =I13+I46 -> 3364.489 | J52: =J13+J46 -> 419.37611 | K52: =K13+K46 -> 3783.8651 | L52: =L13+L46 -> 138.44493 | M52: =M13+M46 -> 88.63 | N52: =N13+N46 -> 0 | O52: 0 | P52: =P13+P46 -> 0 | Q52: =Q13+Q46 -> 47.288476 | R52: =R13+R46 -> 46.728054 | S52: =S13+S46 -> 0 | T52: =T13+T46 -> 13.925958 | U52: =U13+U46 -> -19.312488 | V52: =V13+V46 -> 0 | W52: =W13+W46 -> 0 | ... Y52: =Y13+Y46 -> -15.0402 | AC52: =AC13+AC46 -> 1714.14 | AE52: =AE13+AE46 -> 0 | AF52: =AF13+AF46 -> 0 | AG52: =AG13+AG46 -> 0 | AH52: =AH13+AH46 -> 541.1 | AI52: =AI44 -> 2458.7368 | AJ52: =AJ13+AJ46 -> 0 | AK52: =AK13+AK46 -> 629.73 | AL52: =AL13+AL46 -> 280.93118 | AM52: =AM13+AM46 -> 910.66118 | AN52: =AN13+AN46 -> 0 | AO52: =AO13+AO46 -> 0 | AV52: =AV13+AV46 -> 1.66 | AZ52: =AZ13+AZ46 -> 88.63 | BA52: =BA13+BA46 -> 0
A53: YTD / AF | D53: =D13+D47 -> 5699 | E53: =E44 -> 27421 | F53: =F52*$D$2 -> 5699 | G53: =G52*$D$2 -> 6658.6095 | H53: =H52*$D$2 -> 16.084201 | I53: =I52*$D$2 -> 6673.4639 | J53: =J52*$D$2 -> 831.83252 | K53: =K52*$D$2 -> 7505.2965 | L53: =L52*$D$2 -> 274.60552 | M53: =M52*$D$2 -> 175.79761 | ... Y53: =Y52*$D$2 -> -29.832237 | AC53: =AC52*$D$2 -> 3399.9967 | AE53: =AE52*$D$2 -> 0 | AF53: =AF52*$D$2 -> 0 | AG53: =AG52*$D$2 -> 0 | AH53: =AH52*$D$2 -> 1073.2719 | AI53: =AI52*$D$2 -> 4876.9045 | AJ53: =AJ52*$D$2 -> 0 | AK53: =AK52*$D$2 -> 1249.0695 | AL53: =AL52*$D$2 -> 557.227 | ... AO53: =AO52*$D$2 -> 0 | AZ53: =AZ52*$D$2 -> 175.79761 | BA53: =BA52*$D$2 -> 0

Sheet DEC
K1: MCPHEE RESERVOIR INFLOW/OUTFLOW TABULATION
A2: AF/cfs CONVERT FACTOR | D2: 1.9835 | K2: DECEMBER "2013"
D4: RESERVOIR | I4: INFLOW | X4: OUTFLOW | AP4: ADJUSTMENTS | AW4: WEATHER
A5: DATE | B5: RESERV | C5: RESERV | D5: AC FT | E5: ACTIVE | F5: CONV TO | G5: DOLORES | H5: LOST | I5: RECORD | J5: CALC | K5: TOTAL | L5: CALC | M5: DOLORES TUNNEL | V5: LONE | W5: U | X5: TOTAL | Y5: TOTAL | Z5: MVI | AA5: MVI | AB5: MVI | AC5: TO EX & | AD5: MVI | AE5: DV CR | AF5: D/S SENIOR | AH5: BELOW | AI5: FISH | AJ5: SPILL | AK5: RECORD | AL5: CALC | AM5: TOTAL | AN5: NAR | AO5: MVI | AP5: MVI | AQ5: MVI | AR5: DIST. | AS5: U/S | AT5: TOTTEN | AU5: UTES | AV5: RAIN | AW5: MAX | AX5: MIN | AZ5: TOTAL | BA5: GRNDHOG | BB5: GRNDHOG
A6: DEC | B6: ELEV | D6: CHANGE | E6: CAP | F6: CFS | G6: RIVER | H6: CAN | I6: INFLOW | J6: INFLOW | K6: INFLOW | L6: INF/OTF | M6: TOT DIV | N6: WET | O6: UTE | P6: QUEST | Q6: MWC | R6: CORTEZ | T6: UTE | U6: F-BAY | V6: PINE | W6: LAT | X6: MVI | Y6: MVI | Z6: CALL | AA6: CALL | AB6: APR- | AC6: U/S EX | AD6: PROJ | AE6: CANAL | AF6: MVIC | AG6: PROJ | AH6: MCP | AI6: LEFT | AK6: OTF | AL6: OTF | AM6: OTF | AN6: FILLL | AO6: STOCK | AP6: STORED | AQ6: STORED | AR6: CLASS | AS6: USERS | AT6: (FRESH | AU6: FROM | AW6: TMP | AX6: TMP | AZ6: TUNNEL | BA6: DISCHARGE | BB6: CAPACITY
N7: LAND | O7: F&R | Q7: NON - | R7: NON - | S7: PROJ | T7: PROJ | U7: BAL | X7: WATER | Y7: IRRIG. | Z7: STOR | AA7: SPILLED | AB7: JUNE | AF7: 1.7 | AG7: 1.3 | AI7: 12682.175 | AP7: Apr - Jun | AQ7: EVAP | AR7: "B" | AS7: EXCH | AT7: WATER) | AU7: DWCD | AZ7: Misc.
Q8: PROJ | R8: PROJ | X8: USED | Y8: WATER | AA8: OR | AB8: (DIV+
R9: 4.2 | Y9: USED | AA9: USED | AB9: CALL) | BB9: FP = 5394
C10: AC. Ft. | E10: AC FT | G10: CFS | H10: CFS | I10: CFS | J10: CFS | K10: CFS | L10: CFS | M10: CFS | N10: CFS | O10: CFS | P10: CFS | Q10: CFS | R10: CFS | S10: CFS | T10: CFS | U10: CFS | V10: CFS | W10: CFS | X10: 153400 | Y10: 150400 | AB10: 72000 | AC10: CFS | AD10: CFS | AE10: CFS | AF10: CFS | AG10: CFS | AH10: CFS | AI10: CFS | AJ10: CFS | AK10: CFS | AL10: CFS | AM10: CFS | AN10: CFS | AO10: CFS | AP10: CFS | AQ10: AC.FT. | AR10: CFS | AS10: CFS | AT10: CFS | AU10: CFS | AZ10: Outflow | BA10: CFS | BB10: AC FT
N11: 1.03 | O11: 1.05 | P11: 1.02 | Q11: 1.02 | R11: 1.04 | T11: 1.04 | X11: CFS | Y11: CFS | Z11: CFS | AA11: CFS | AB11: Ac. Ft. | AZ11: CFS
A12: SEASON BAL
A13: YTD | B13: =NOV!B44 -> 6866.78 | C13: =NOV!C44 -> 179421 | D13: =NOV!D53 -> 5699 | E13: =NOV!E53 -> 27421 | F13: =NOV!F52 -> 2873.2039 | G13: =NOV!G52 -> 3357 | H13: =NOV!H52 -> 8.109 | I13: =NOV!I52 -> 3364.489 | J13: =NOV!J52 -> 419.37611 | K13: =NOV!K52 -> 3783.8651 | L13: =NOV!L52 -> 138.44493 | M13: =NOV!M52 -> 88.63 | ... Y13: =NOV!Y52 -> -15.0402 | AC13: =NOV!AC52 -> 1714.14 | AH13: =NOV!AH52 -> 541.1 | AI13: =NOV!AI52 -> 2458.7368 | AK13: =NOV!AK52 -> 629.73 | AL13: =NOV!AL52 -> 280.93118 | AM13: =NOV!AM52 -> 910.66118 | AN13: =NOV!AN52 -> 0 | AO13: =NOV!AO52 -> 0 | AV13: =NOV!AV52 -> 1.66 | AZ13: =NOV!AZ52 -> 88.63 | BA13: =NOV!BA52 -> 0
A15: 1 | B15: 6866.82 | C15: 179523 | D15: =C15-C13 -> 102 | E15: =C15-152000 -> 27523 | F15: =D15/$D$2 -> 51.42425 | G15: 90 | H15: 0.147 | I15: =G15+H15 -> 90.147 | J15: =IF(L15>0,L15,0) -> 0 | K15: =I15+J15 -> 90.147 | L15: =F15-(I15-AK15) -> -17.22275 | M15: 3.5 | N15: 0 | O15: =0*1.05 -> 0 | P15: 0 | Q15: =1072500/325851/1.9835*1.02 -> 1.6925683 | R15: =((1417512/646272)*1.04)-T15 -> 1.7003579 | S15: 0 | T15: =(0.5268*1.06)*1.04 -> 0.58074432 | U15: =M15-(Q15+R15+S15+T15) -> -0.47367053 | V15: 0 | W15: 0 | X15: =M15-N15-P15-O15-Q15-R15-S15-T15-U15+V15+W15 -> 0 | Y15: =X15-AO15 -> 0 | AE15: 0 | AH15: 18 | AI15: =AI13-AH15 -> 2440.7368 | AK15: =N15+O15+P15+Q15+R15+S15+T15+U15+X15+AE15+AH15 -> 21.5 | AL15: =IF(L15<0,L15*-1,0) -> 17.22275 | AM15: =AK15+AL15 -> 38.72275 | AV15: 0.01 | AW15: 35 | AX15: 18 | AZ15: =SUM(N15,P15:U15) -> 3.5 | BA15: 0 | BB15: 6689
A16: =A15+1 -> 2 | B16: 6866.84 | C16: 179573 | D16: =C16-C15 -> 50 | E16: =C16-152000 -> 27573 | F16: =D16/$D$2 -> 25.207966 | G16: 88 | H16: 0.148 | I16: =G16+H16 -> 88.148 | J16: =IF(L16>0,L16,0) -> 0 | K16: =I16+J16 -> 88.148 | L16: =F16-(I16-AK16) -> -41.580034 | M16: 3.46 | N16: 0 | O16: =0*1.05 -> 0 | P16: 0 | Q16: =1081700/325851/1.9835*1.02 -> 1.7070873 | R16: =((1419464/646272)*1.04)-T16 -> 1.7034991 | S16: 0 | T16: =(0.5268*1.06)*1.04 -> 0.58074432 | U16: =M16-(Q16+R16+S16+T16) -> -0.53133074 | V16: 0 | W16: 0 | X16: =M16-N16-P16-O16-Q16-R16-S16-T16-U16+V16+W16 -> 0 | Y16: =X16-AO16 -> 0 | AE16: 0 | AH16: 17.9 | AI16: =AI15-AH16 -> 2422.8368 | AK16: =N16+O16+P16+Q16+R16+S16+T16+U16+X16+AE16+AH16 -> 21.36 | AL16: =IF(L16<0,L16*-1,0) -> 41.580034 | AM16: =AK16+AL16 -> 62.940034 | AV16: 0 | AW16: 38 | AX16: 22 | AZ16: =SUM(N16,P16:U16) -> 3.46 | BA16: 0 | BB16: 6693
A17: =A16+1 -> 3 | B17: 6866.94 | C17: 179827 | D17: =C17-C16 -> 254 | E17: =C17-152000 -> 27827 | F17: =D17/$D$2 -> 128.05647 | G17: 85 | H17: 0.18 | I17: =G17+H17 -> 85.18 | J17: =IF(L17>0,L17,0) -> 64.186466 | K17: =I17+J17 -> 149.36647 | L17: =F17-(I17-AK17) -> 64.186466 | M17: 3.41 | N17: 0 | O17: =0*1.05 -> 0 | P17: 0 | Q17: =794100/325851/1.9835*1.02 -> 1.2532107 | R17: =((1408368/646272)*1.04)-T17 -> 1.6856431 | S17: 0 | T17: =(0.5268*1.06)*1.04 -> 0.58074432 | U17: =M17-(Q17+R17+S17+T17) -> -0.10959813 | V17: 0 | W17: 0 | X17: =M17-N17-P17-O17-Q17-R17-S17-T17-U17+V17+W17 -> 0 | Y17: =X17-AO17 -> 0 | AE17: 0 | AH17: 17.9 | AI17: =AI16-AH17 -> 2404.9368 | AK17: =N17+O17+P17+Q17+R17+S17+T17+U17+X17+AE17+AH17 -> 21.31 | AL17: =IF(L17<0,L17*-1,0) -> 0 | AM17: =AK17+AL17 -> 21.31 | AV17: 0.1 | AW17: 52 | AX17: 27 | AZ17: =SUM(N17,P17:U17) -> 3.41 | BA17: 0 | BB17: 6696
A18: =A17+1 -> 4 | B18: 6867.01 | C18: 180004 | D18: =C18-C17 -> 177 | E18: =C18-152000 -> 28004 | F18: =D18/$D$2 -> 89.236199 | G18: 75 | H18: 0.196 | I18: =G18+H18 -> 75.196 | J18: =IF(L18>0,L18,0) -> 35.350199 | K18: =I18+J18 -> 110.5462 | L18: =F18-(I18-AK18) -> 35.350199 | M18: 3.41 | N18: 0 | O18: =0*1.05 -> 0 | P18: 0 | Q18: =1062700/325851/1.9835*1.02 -> 1.6771024 | R18: =((1481824/646272)*1.04)-T18 -> 1.8038506 | S18: 0 | T18: =(0.5268*1.06)*1.04 -> 0.58074432 | U18: =M18-(Q18+R18+S18+T18) -> -0.6516974 | V18: 0 | W18: 0 | X18: =M18-N18-P18-O18-Q18-R18-S18-T18-U18+V18+W18 -> 0 | Y18: =X18-AO18 -> 0 | AE18: 0 | AH18: 17.9 | AI18: =AI17-AH18 -> 2387.0368 | AK18: =N18+O18+P18+Q18+R18+S18+T18+U18+X18+AE18+AH18 -> 21.31 | AL18: =IF(L18<0,L18*-1,0) -> 0 | AM18: =AK18+AL18 -> 21.31 | AV18: 0.1 | AW18: 46 | AX18: 3 | AZ18: =SUM(N18,P18:U18) -> 3.41 | BA18: 0 | BB18: 6719
A19: =A18+1 -> 5 | B19: 6867.02 | C19: 180030 | D19: =C19-C18 -> 26 | E19: =C19-152000 -> 28030 | F19: =D19/$D$2 -> 13.108142 | G19: 67 | H19: 0.414 | I19: =G19+H19 -> 67.414 | J19: =IF(L19>0,L19,0) -> 0 | K19: =I19+J19 -> 67.414 | L19: =F19-(I19-AK19) -> -32.985858 | M19: 3.42 | N19: 0 | O19: =0*1.05 -> 0 | P19: 0 | Q19: =1133900/325851/1.9835*1.02 -> 1.7894669 | R19: =((1430536/646272)*1.04)-T19 -> 1.8965981 | S19: 0 | T19: =(0.3678*1.06)*1.04 -> 0.40546272 | U19: =M19-(Q19+R19+S19+T19) -> -0.67152768 | V19: 0 | W19: 0 | X19: =M19-N19-P19-O19-Q19-R19-S19-T19-U19+V19+W19 -> 0 | Y19: =X19-AO19 -> 0 | AE19: 0 | AH19: 17.9 | AI19: =AI18-AH19 -> 2369.1368 | AK19: =N19+O19+P19+Q19+R19+S19+T19+U19+X19+AE19+AH19 -> 21.32 | AL19: =IF(L19<0,L19*-1,0) -> 32.985858 | AM19: =AK19+AL19 -> 54.305858 | AV19: 0 | AW19: 30 | AX19: 0 | AZ19: =SUM(N19,P19:U19) -> 3.42 | BA19: 0 | BB19: 6731
A20: =A19+1 -> 6 | B20: 6867.03 | C20: 180056 | D20: =C20-C19 -> 26 | E20: =C20-152000 -> 28056 | F20: =D20/$D$2 -> 13.108142 | G20: 64 | H20: 0 | I20: =G20+H20 -> 64 | J20: =IF(L20>0,L20,0) -> 0 | K20: =I20+J20 -> 64 | L20: =F20-(I20-AK20) -> -29.421858 | M20: 3.57 | N20: 0 | O20: =0*1.05 -> 0 | P20: 0 | Q20: =1022600/325851/1.9835*1.02 -> 1.6138185 | R20: =((1423752/646272)*1.04)-T20 -> 1.8856811 | S20: 0 | T20: =(0.3678*1.06)*1.04 -> 0.40546272 | U20: =M20-(Q20+R20+S20+T20) -> -0.33496232 | V20: 0 | W20: 0 | X20: =M20-N20-P20-O20-Q20-R20-S20-T20-U20+V20+W20 -> 0 | Y20: =X20-AO20 -> 0 | AE20: 0 | AH20: 17.9 | AI20: =AI19-AH20 -> 2351.2368 | AK20: =N20+O20+P20+Q20+R20+S20+T20+U20+X20+AE20+AH20 -> 21.47 | AL20: =IF(L20<0,L20*-1,0) -> 29.421858 | AM20: =AK20+AL20 -> 50.891858 | AV20: 0 | AW20: 30 | AX20: 1 | AZ20: =SUM(N20,P20:U20) -> 3.57 | BA20: 0 | BB20: 6740
A21: =A20+1 -> 7 | B21: 6867.08 | C21: 180184 | D21: =C21-C20 -> 128 | E21: =C21-152000 -> 28184 | F21: =D21/$D$2 -> 64.532392 | G21: 61 | H21: 0 | I21: =G21+H21 -> 61 | J21: =IF(L21>0,L21,0) -> 24.592392 | K21: =I21+J21 -> 85.592392 | L21: =F21-(I21-AK21) -> 24.592392 | M21: 3.16 | N21: 0 | O21: =0*1.05 -> 0 | P21: 0 | Q21: =983100/325851/1.9835*1.02 -> 1.5514815 | R21: =((1456511/646272)*1.04)-T21 -> 1.9383978 | S21: 0 | T21: =(0.3678*1.06)*1.04 -> 0.40546272 | U21: =M21-(Q21+R21+S21+T21) -> -0.73534205 | V21: 0 | W21: 0 | X21: =M21-N21-P21-O21-Q21-R21-S21-T21-U21+V21+W21 -> 0 | Y21: =X21-AO21 -> 0 | AE21: 0 | AH21: 17.9 | AI21: =AI20-AH21 -> 2333.3368 | AK21: =N21+O21+P21+Q21+R21+S21+T21+U21+X21+AE21+AH21 -> 21.06 | AL21: =IF(L21<0,L21*-1,0) -> 0 | AM21: =AK21+AL21 -> 21.06 | AV21: 0.07 | AW21: 31 | AX21: 1 | AZ21: =SUM(N21,P21:U21) -> 3.16 | BA21: 0 | BB21: 6750
A22: =A21+1 -> 8 | B22: 6867.12 | C22: 180287 | D22: =C22-C21 -> 103 | E22: =C22-152000 -> 28287 | F22: =D22/$D$2 -> 51.928409 | G22: 60 | H22: 0 | I22: =G22+H22 -> 60 | J22: =IF(L22>0,L22,0) -> 12.688409 | K22: =I22+J22 -> 72.688409 | L22: =F22-(I22-AK22) -> 12.688409 | M22: 2.86 | N22: 0 | O22: =0*1.05 -> 0 | P22: 0 | Q22: =1177900/325851/1.9835*1.02 -> 1.8589056 | R22: =((1412545/646272)*1.04)-T22 -> 1.8676464 | S22: 0 | T22: =(0.3678*1.06)*1.04 -> 0.40546272 | U22: =M22-(Q22+R22+S22+T22) -> -1.2720147 | V22: 0 | W22: 0 | X22: =M22-N22-P22-O22-Q22-R22-S22-T22-U22+V22+W22 -> 0 | Y22: =X22-AO22 -> 0 | AE22: 0 | AH22: 17.9 | AI22: =AI21-AH22 -> 2315.4368 | AK22: =N22+O22+P22+Q22+R22+S22+T22+U22+X22+AE22+AH22 -> 20.76 | AL22: =IF(L22<0,L22*-1,0) -> 0 | AM22: =AK22+AL22 -> 20.76 | AV22: 0.07 | AW22: 29 | AX22: -2 | AZ22: =SUM(N22,P22:U22) -> 2.86 | BA22: 0 | BB22: 6762
A23: =A22+1 -> 9 | B23: 6867.14 | C23: 180339 | D23: =C23-C22 -> 52 | E23: =C23-152000 -> 28339 | F23: =D23/$D$2 -> 26.216284 | G23: 62 | H23: 0 | I23: =G23+H23 -> 62 | J23: =IF(L23>0,L23,0) -> 0 | K23: =I23+J23 -> 62 | L23: =F23-(I23-AK23) -> -14.613716 | M23: 3.27 | N23: 0 | O23: =0*1.05 -> 0 | P23: 0 | Q23: =856700/325851/1.9835*1.02 -> 1.3520031 | R23: =((1385640/646272)*1.04)-T23 -> 1.8243501 | S23: 0 | T23: =(0.3678*1.06)*1.04 -> 0.40546272 | U23: =M23-(Q23+R23+S23+T23) -> -0.3118159 | V23: 0 | W23: 0 | X23: =M23-N23-P23-O23-Q23-R23-S23-T23-U23+V23+W23 -> 0 | Y23: =X23-AO23 -> 0 | AE23: 0 | AH23: 17.9 | AI23: =AI22-AH23 -> 2297.5368 | AK23: =N23+O23+P23+Q23+R23+S23+T23+U23+X23+AE23+AH23 -> 21.17 | AL23: =IF(L23<0,L23*-1,0) -> 14.613716 | AM23: =AK23+AL23 -> 35.783716 | AV23: 0 | AW23: 21 | AX23: -5 | AZ23: =SUM(N23,P23:U23) -> 3.27 | BA23: 0 | BB23: 6767
A24: =A23+1 -> 10 | B24: 6867.16 | C24: 180390 | D24: =C24-C23 -> 51 | E24: =C24-152000 -> 28390 | F24: =D24/$D$2 -> 25.712125 | G24: 60 | H24: 0 | I24: =G24+H24 -> 60 | J24: =IF(L24>0,L24,0) -> 0 | K24: =I24+J24 -> 60 | L24: =F24-(I24-AK24) -> -12.627875 | M24: 3.76 | N24: 0 | O24: =0*1.05 -> 0 | P24: 0 | Q24: =1217400/325851/1.9835*1.02 -> 1.9212426 | R24: =((1464000/646272)*1.04)-T24 -> 1.9504493 | S24: 0 | T24: =(0.3678*1.06)*1.04 -> 0.40546272 | U24: =M24-(Q24+R24+S24+T24) -> -0.51715466 | V24: 0 | W24: 0 | X24: =M24-N24-P24-O24-Q24-R24-S24-T24-U24+V24+W24 -> 0 | Y24: =X24-AO24 -> 0 | AE24: 0 | AH24: 17.9 | AI24: =AI23-AH24 -> 2279.6368 | AK24: =N24+O24+P24+Q24+R24+S24+T24+U24+X24+AE24+AH24 -> 21.66 | AL24: =IF(L24<0,L24*-1,0) -> 12.627875 | AM24: =AK24+AL24 -> 34.287875 | AV24: 0 | AW24: 32 | AX24: -2 | AZ24: =SUM(N24,P24:U24) -> 3.76 | BA24: 0 | BB24: 6775
A25: =A24+1 -> 11 | B25: 6867.16 | C25: 180390 | D25: =C25-C24 -> 0 | E25: =C25-152000 -> 28390 | F25: =D25/$D$2 -> 0 | G25: 61 | H25: 0 | I25: =G25+H25 -> 61 | J25: =IF(L25>0,L25,0) -> 0 | K25: =I25+J25 -> 61 | L25: =F25-(I25-AK25) -> -39.5 | M25: 3.6 | N25: 0 | O25: =0*1.05 -> 0 | P25: 0 | Q25: =1199900/325851/1.9835*1.02 -> 1.8936249 | R25: =((1432726/646272)*1.04)-T25 -> 1.9001223 | S25: 0 | T25: =(0.3678*1.06)*1.04 -> 0.40546272 | U25: =M25-(Q25+R25+S25+T25) -> -0.59920995 | V25: 0 | W25: 0 | X25: =M25-N25-P25-O25-Q25-R25-S25-T25-U25+V25+W25 -> 0 | Y25: =X25-AO25 -> 0 | AE25: 0 | AH25: 17.9 | AI25: =AI24-AH25 -> 2261.7368 | AK25: =N25+O25+P25+Q25+R25+S25+T25+U25+X25+AE25+AH25 -> 21.5 | AL25: =IF(L25<0,L25*-1,0) -> 39.5 | AM25: =AK25+AL25 -> 61 | AV25: 0 | AW25: 41 | AX25: 5 | AZ25: =SUM(N25,P25:U25) -> 3.6 | BA25: 0 | BB25: 6783
A26: =A25+1 -> 12 | B26: 6867.19 | C26: 180467 | D26: =C26-C25 -> 77 | E26: =C26-152000 -> 28467 | F26: =D26/$D$2 -> 38.820267 | G26: 56 | H26: 0 | I26: =G26+H26 -> 56 | J26: =IF(L26>0,L26,0) -> 4.4202672 | K26: =I26+J26 -> 60.420267 | L26: =F26-(I26-AK26) -> 4.4202672 | M26: 3.7 | N26: 0 | O26: =0*1.05 -> 0 | P26: 0 | Q26: =1169400/325851/1.9835*1.02 -> 1.8454913 | R26: =((1405746/646272)*1.04)-T26 -> 1.8567053 | S26: 0 | T26: =(0.3678*1.06)*1.04 -> 0.40546272 | U26: =M26-(Q26+R26+S26+T26) -> -0.40765929 | V26: 0 | W26: 0 | X26: =M26-N26-P26-O26-Q26-R26-S26-T26-U26+V26+W26 -> 0 | Y26: =X26-AO26 -> 0 | AE26: 0 | AH26: 17.9 | AI26: =AI25-AH26 -> 2243.8368 | AK26: =N26+O26+P26+Q26+R26+S26+T26+U26+X26+AE26+AH26 -> 21.6 | AL26: =IF(L26<0,L26*-1,0) -> 0 | AM26: =AK26+AL26 -> 21.6 | AV26: 0 | AW26: 47 | AX26: 13 | AZ26: =SUM(N26,P26:U26) -> 3.7 | BA26: 0 | BB26: 6794
A27: =A26+1 -> 13 | B27: 6867.23 | C27: 180570 | D27: =C27-C26 -> 103 | E27: =C27-152000 -> 28570 | F27: =D27/$D$2 -> 51.928409 | G27: 57 | H27: 0 | I27: =G27+H27 -> 57 | J27: =IF(L27>0,L27,0) -> 15.918409 | K27: =I27+J27 -> 72.918409 | L27: =F27-(I27-AK27) -> 15.918409 | M27: 3.09 | N27: 0 | O27: =0*1.05 -> 0 | P27: 0 | Q27: =998300/325851/1.9835*1.02 -> 1.5754694 | R27: =((1478096/646272)*1.04)-T27 -> 1.912501 | S27: 0 | T27: =(0.4228*1.06)*1.04 -> 0.46609472 | U27: =M27-(Q27+R27+S27+T27) -> -0.86406519 | V27: 0 | W27: 0 | X27: =M27-N27-P27-O27-Q27-R27-S27-T27-U27+V27+W27 -> 0 | Y27: =X27-AO27 -> 0 | AE27: 0 | AH27: 17.9 | AI27: =AI26-AH27 -> 2225.9368 | AK27: =N27+O27+P27+Q27+R27+S27+T27+U27+X27+AE27+AH27 -> 20.99 | AL27: =IF(L27<0,L27*-1,0) -> 0 | AM27: =AK27+AL27 -> 20.99 | AV27: 0 | AW27: 41 | AX27: 16 | AZ27: =SUM(N27,P27:U27) -> 3.09 | BA27: 0 | BB27: 6823
A28: =A27+1 -> 14 | B28: 6867.28 | C28: 180699 | D28: =C28-C27 -> 129 | E28: =C28-152000 -> 28699 | F28: =D28/$D$2 -> 65.036552 | G28: 56 | H28: 0 | I28: =G28+H28 -> 56 | J28: =IF(L28>0,L28,0) -> 30.156552 | K28: =I28+J28 -> 86.156552 | L28: =F28-(I28-AK28) -> 30.156552 | M28: 3.22 | N28: 0 | O28: =0*1.05 -> 0 | P28: 0 | Q28: =1078400/325851/1.9835*1.02 -> 1.7018794 | R28: =((1431480/646272)*1.04)-T28 -> 1.8374852 | S28: 0 | T28: =(0.4228*1.06)*1.04 -> 0.46609472 | U28: =M28-(Q28+R28+S28+T28) -> -0.78545934 | V28: 0 | W28: 0 | X28: =M28-N28-P28-O28-Q28-R28-S28-T28-U28+V28+W28 -> 0 | Y28: =X28-AO28 -> 0 | AE28: 0 | AH28: 17.9 | AI28: =AI27-AH28 -> 2208.0368 | AK28: =N28+O28+P28+Q28+R28+S28+T28+U28+X28+AE28+AH28 -> 21.12 | AL28: =IF(L28<0,L28*-1,0) -> 0 | AM28: =AK28+AL28 -> 21.12 | AV28: 0 | AW28: 47 | AX28: 16 | AZ28: =SUM(N28,P28:U28) -> 3.22 | BA28: 0 | BB28: 6829
A29: =A28+1 -> 15 | B29: 6867.35 | C29: 180879 | D29: =C29-C28 -> 180 | E29: =C29-152000 -> 28879 | F29: =D29/$D$2 -> 90.748677 | G29: 55 | H29: 0 | I29: =G29+H29 -> 55 | J29: =IF(L29>0,L29,0) -> 56.868677 | K29: =I29+J29 -> 111.86868 | L29: =F29-(I29-AK29) -> 56.868677 | M29: 3.22 | N29: 0 | O29: =0*1.05 -> 0 | P29: 0 | Q29: =1143600/325851/1.9835*1.02 -> 1.804775 | R29: =((1414768/646272)*1.04)-T29 -> 1.8105918 | S29: 0 | T29: =(0.4228*1.06)*1.04 -> 0.46609472 | U29: =M29-(Q29+R29+S29+T29) -> -0.86146143 | V29: 0 | W29: 0 | X29: =M29-N29-P29-O29-Q29-R29-S29-T29-U29+V29+W29 -> 0 | Y29: =X29-AO29 -> 0 | AE29: 0 | AH29: 17.9 | AI29: =AI28-AH29 -> 2190.1368 | AK29: =N29+O29+P29+Q29+R29+S29+T29+U29+X29+AE29+AH29 -> 21.12 | AL29: =IF(L29<0,L29*-1,0) -> 0 | AM29: =AK29+AL29 -> 21.12 | AV29: 0 | AW29: 52 | AX29: 14 | AZ29: =SUM(N29,P29:U29) -> 3.22 | BA29: 0 | BB29: 6837
A30: =A29+1 -> 16 | B30: 6867.37 | C30: 180930 | D30: =C30-C29 -> 51 | E30: =C30-152000 -> 28930 | F30: =D30/$D$2 -> 25.712125 | G30: 56 | H30: 0 | I30: =G30+H30 -> 56 | J30: =IF(L30>0,L30,0) -> 0 | K30: =I30+J30 -> 56 | L30: =F30-(I30-AK30) -> -8.667875 | M30: 3.72 | N30: 0 | O30: =0*1.05 -> 0 | P30: 0 | Q30: =1105800/325851/1.9835*1.02 -> 1.7451208 | R30: =((1396752/646272)*1.04)-T30 -> 1.7815999 | S30: 0 | T30: =(0.4228*1.06)*1.04 -> 0.46609472 | U30: =M30-(Q30+R30+S30+T30) -> -0.27281539 | V30: 0 | W30: 0 | X30: =M30-N30-P30-O30-Q30-R30-S30-T30-U30+V30+W30 -> 0 | Y30: =X30-AO30 -> 0 | AE30: 0 | AH30: 17.9 | AI30: =AI29-AH30 -> 2172.2368 | AK30: =N30+O30+P30+Q30+R30+S30+T30+U30+X30+AE30+AH30 -> 21.62 | AL30: =IF(L30<0,L30*-1,0) -> 8.667875 | AM30: =AK30+AL30 -> 30.287875 | AV30: 0 | AW30: 55 | AX30: 18 | AZ30: =SUM(N30,P30:U30) -> 3.72 | BA30: 0 | BB30: 6842
A31: =A30+1 -> 17 | B31: 6867.42 | C31: 181059 | D31: =C31-C30 -> 129 | E31: =C31-152000 -> 29059 | F31: =D31/$D$2 -> 65.036552 | G31: 56 | H31: 0 | I31: =G31+H31 -> 56 | J31: =IF(L31>0,L31,0) -> 30.046552 | K31: =I31+J31 -> 86.046552 | L31: =F31-(I31-AK31) -> 30.046552 | M31: 3.11 | N31: 0 | O31: =0*1.05 -> 0 | P31: 0 | Q31: =1169700/325851/1.9835*1.02 -> 1.8459647 | R31: =((1410728/646272)*1.04)-T31 -> 1.8040905 | S31: 0 | T31: =(0.4228*1.06)*1.04 -> 0.46609472 | U31: =M31-(Q31+R31+S31+T31) -> -1.0061499 | V31: 0 | W31: 0 | X31: =M31-N31-P31-O31-Q31-R31-S31-T31-U31+V31+W31 -> 0 | Y31: =X31-AO31 -> 0 | AE31: 0 | AH31: 17.9 | AI31: =AI30-AH31 -> 2154.3368 | AK31: =N31+O31+P31+Q31+R31+S31+T31+U31+X31+AE31+AH31 -> 21.01 | AL31: =IF(L31<0,L31*-1,0) -> 0 | AM31: =AK31+AL31 -> 21.01 | AV31: 0 | AW31: 51 | AX31: 20 | AZ31: =SUM(N31,P31:U31) -> 3.11 | BA31: 0 | BB31: 6851
A32: =A31+1 -> 18 | B32: 6867.47 | C32: 181187 | D32: =C32-C31 -> 128 | E32: =C32-152000 -> 29187 | F32: =D32/$D$2 -> 64.532392 | G32: 57 | H32: 0 | I32: =G32+H32 -> 57 | J32: =IF(L32>0,L32,0) -> 28.892392 | K32: =I32+J32 -> 85.892392 | L32: =F32-(I32-AK32) -> 28.892392 | M32: 3.46 | N32: 0 | O32: =0*1.05 -> 0 | P32: 0 | Q32: =848600/325851/1.9835*1.02 -> 1.33922 | R32: =((1463800/646272)*1.04)-T32 -> 1.8894955 | S32: 0 | T32: =(0.4228*1.06)*1.04 -> 0.46609472 | U32: =M32-(Q32+R32+S32+T32) -> -0.23481025 | V32: 0 | W32: 0 | X32: =M32-N32-P32-O32-Q32-R32-S32-T32-U32+V32+W32 -> 0 | Y32: =X32-AO32 -> 0 | AE32: 0 | AH32: 17.9 | AI32: =AI31-AH32 -> 2136.4368 | AK32: =N32+O32+P32+Q32+R32+S32+T32+U32+X32+AE32+AH32 -> 21.36 | AL32: =IF(L32<0,L32*-1,0) -> 0 | AM32: =AK32+AL32 -> 21.36 | AV32: 0 | AW32: 53 | AX32: 24 | AZ32: =SUM(N32,P32:U32) -> 3.46 | BA32: 0 | BB32: 6859
A33: =A32+1 -> 19 | B33: 6867.54 | C33: 181367 | D33: =C33-C32 -> 180 | E33: =C33-152000 -> 29367 | F33: =D33/$D$2 -> 90.748677 | G33: 57 | H33: 0 | I33: =G33+H33 -> 57 | J33: =IF(L33>0,L33,0) -> 54.538677 | K33: =I33+J33 -> 111.53868 | L33: =F33-(I33-AK33) -> 54.538677 | M33: 2.99 | N33: 0 | O33: =0*1.05 -> 0 | P33: 0 | Q33: =981700/325851/1.9835*1.02 -> 1.5492721 | R33: =((1430688/646272)*1.04)-T33 -> 1.8362107 | S33: 0 | T33: =(0.4228*1.06)*1.04 -> 0.46609472 | U33: =M33-(Q33+R33+S33+T33) -> -0.86157751 | V33: 0 | W33: 0 | X33: =M33-N33-P33-O33-Q33-R33-S33-T33-U33+V33+W33 -> 0 | Y33: =X33-AO33 -> 0 | AE33: 0 | AH33: 17.8 | AI33: =AI32-AH33 -> 2118.6368 | AK33: =N33+O33+P33+Q33+R33+S33+T33+U33+X33+AE33+AH33 -> 20.79 | AL33: =IF(L33<0,L33*-1,0) -> 0 | AM33: =AK33+AL33 -> 20.79 | AV33: 0 | AW33: 51 | AX33: 28 | AZ33: =SUM(N33,P33:U33) -> 2.99 | BA33: 0 | BB33: 6854
A34: =A33+1 -> 20 | B34: 6867.62 | C34: 181573 | D34: =C34-C33 -> 206 | E34: =C34-152000 -> 29573 | F34: =D34/$D$2 -> 103.85682 | G34: 57 | H34: 0 | I34: =G34+H34 -> 57 | J34: =IF(L34>0,L34,0) -> 68.256819 | K34: =I34+J34 -> 125.25682 | L34: =F34-(I34-AK34) -> 68.256819 | M34: 3.5 | N34: 0 | O34: =0*1.05 -> 0 | P34: 0 | Q34: =907800/325851/1.9835*1.02 -> 1.4326466 | R34: =((1452048/646272)*1.04)-T34 -> 1.8930728 | S34: 0 | T34: =(0.4024*1.06)*1.04 -> 0.44360576 | U34: =M34-(Q34+R34+S34+T34) -> -0.2693252 | V34: 0 | W34: 0 | X34: =M34-N34-P34-O34-Q34-R34-S34-T34-U34+V34+W34 -> 0 | Y34: =X34-AO34 -> 0 | AE34: 0 | AH34: 17.9 | AI34: =AI33-AH34 -> 2100.7368 | AK34: =N34+O34+P34+Q34+R34+S34+T34+U34+X34+AE34+AH34 -> 21.4 | AL34: =IF(L34<0,L34*-1,0) -> 0 | AM34: =AK34+AL34 -> 21.4 | AV34: 0.03 | AW34: 40 | AX34: 21 | AZ34: =SUM(N34,P34:U34) -> 3.5 | BA34: 0 | BB34: 6872
A35: =A34+1 -> 21 | B35: 6867.64 | C35: 181624 | D35: =C35-C34 -> 51 | E35: =C35-152000 -> 29624 | F35: =D35/$D$2 -> 25.712125 | G35: 57 | H35: 0 | I35: =G35+H35 -> 57 | J35: =IF(L35>0,L35,0) -> 0 | K35: =I35+J35 -> 57 | L35: =F35-(I35-AK35) -> -10.437875 | M35: 2.95 | N35: 0 | O35: =0*1.05 -> 0 | P35: 0 | Q35: =1157400/325851/1.9835*1.02 -> 1.8265535 | R35: =((1406128/646272)*1.04)-T35 -> 1.819177 | S35: 0 | T35: =(0.4024*1.06)*1.04 -> 0.44360576 | U35: =M35-(Q35+R35+S35+T35) -> -1.1393362 | V35: 0 | W35: 0 | X35: =M35-N35-P35-O35-Q35-R35-S35-T35-U35+V35+W35 -> 0 | Y35: =X35-AO35 -> 0 | AE35: 0 | AH35: 17.9 | AI35: =AI34-AH35 -> 2082.8368 | AK35: =N35+O35+P35+Q35+R35+S35+T35+U35+X35+AE35+AH35 -> 20.85 | AL35: =IF(L35<0,L35*-1,0) -> 10.437875 | AM35: =AK35+AL35 -> 31.287875 | AV35: 0.03 | AW35: 33 | AX35: 13 | AZ35: =SUM(N35,P35:U35) -> 2.95 | BA35: 0 | BB35: 6863
A36: =A35+1 -> 22 | B36: 6867.69 | C36: 181753 | D36: =C36-C35 -> 129 | E36: =C36-152000 -> 29753 | F36: =D36/$D$2 -> 65.036552 | G36: 56 | H36: 0 | I36: =G36+H36 -> 56 | J36: =IF(L36>0,L36,0) -> 30.396552 | K36: =I36+J36 -> 86.396552 | L36: =F36-(I36-AK36) -> 30.396552 | M36: 3.46 | N36: 0 | O36: =0*1.05 -> 0 | P36: 0 | Q36: =1065800/325851/1.9835*1.02 -> 1.6819947 | R36: =((1434720/646272)*1.04)-T36 -> 1.8651881 | S36: 0 | T36: =(0.4024*1.06)*1.04 -> 0.44360576 | U36: =M36-(Q36+R36+S36+T36) -> -0.53078853 | V36: 0 | W36: 0 | X36: =M36-N36-P36-O36-Q36-R36-S36-T36-U36+V36+W36 -> 0 | Y36: =X36-AO36 -> 0 | AE36: 0 | AH36: 17.9 | AI36: =AI35-AH36 -> 2064.9368 | AK36: =N36+O36+P36+Q36+R36+S36+T36+U36+X36+AE36+AH36 -> 21.36 | AL36: =IF(L36<0,L36*-1,0) -> 0 | AM36: =AK36+AL36 -> 21.36 | AV36: 0 | AW36: 34 | AX36: 8 | AZ36: =SUM(N36,P36:U36) -> 3.46 | BA36: 0 | BB36: 6851
A37: =A36+1 -> 23 | B37: 6867.73 | C37: 181856 | D37: =C37-C36 -> 103 | E37: =C37-152000 -> 29856 | F37: =D37/$D$2 -> 51.928409 | G37: 56 | H37: 0 | I37: =G37+H37 -> 56 | J37: =IF(L37>0,L37,0) -> 17.078409 | K37: =I37+J37 -> 73.078409 | L37: =F37-(I37-AK37) -> 17.078409 | M37: 3.25 | N37: 0 | O37: =0*1.05 -> 0 | P37: 0 | Q37: =1053300/325851/1.9835*1.02 -> 1.6622678 | R37: =((1426656/646272)*1.04)-T37 -> 1.8522112 | S37: 0 | T37: =(0.4024*1.06)*1.04 -> 0.44360576 | U37: =M37-(Q37+R37+S37+T37) -> -0.7080848 | V37: 0 | W37: 0 | X37: =M37-N37-P37-O37-Q37-R37-S37-T37-U37+V37+W37 -> 0 | Y37: =X37-AO37 -> 0 | AE37: 0 | AH37: 17.9 | AI37: =AI36-AH37 -> 2047.0368 | AK37: =N37+O37+P37+Q37+R37+S37+T37+U37+X37+AE37+AH37 -> 21.15 | AL37: =IF(L37<0,L37*-1,0) -> 0 | AM37: =AK37+AL37 -> 21.15 | AV37: 0 | AW37: 41 | AX37: 17 | AZ37: =SUM(N37,P37:U37) -> 3.25 | BA37: 0 | BB37: 6862
A38: =A37+1 -> 24 | B38: 6867.77 | C38: 181959 | D38: =C38-C37 -> 103 | E38: =C38-152000 -> 29959 | F38: =D38/$D$2 -> 51.928409 | G38: 56 | H38: 0 | I38: =G38+H38 -> 56 | J38: =IF(L38>0,L38,0) -> 17.048409 | K38: =I38+J38 -> 73.048409 | L38: =F38-(I38-AK38) -> 17.048409 | M38: 3.22 | N38: 0 | O38: =0*1.05 -> 0 | P38: 0 | Q38: =910100/325851/1.9835*1.02 -> 1.4362764 | R38: =((1535616/646272)*1.04)-T38 -> 2.0275529 | S38: 0 | T38: =(0.4024*1.06)*1.04 -> 0.44360576 | U38: =M38-(Q38+R38+S38+T38) -> -0.68743504 | V38: 0 | W38: 0 | X38: =M38-N38-P38-O38-Q38-R38-S38-T38-U38+V38+W38 -> 0 | Y38: =X38-AO38 -> 0 | AE38: 0 | AH38: 17.9 | AI38: =AI37-AH38 -> 2029.1368 | AK38: =N38+O38+P38+Q38+R38+S38+T38+U38+X38+AE38+AH38 -> 21.12 | AL38: =IF(L38<0,L38*-1,0) -> 0 | AM38: =AK38+AL38 -> 21.12 | AV38: 0 | AW38: 46 | AX38: 18 | AZ38: =SUM(N38,P38:U38) -> 3.22 | BA38: 0 | BB38: 6857
A39: =A38+1 -> 25 | B39: 6867.81 | C39: 182061 | D39: =C39-C38 -> 102 | E39: =C39-152000 -> 30061 | F39: =D39/$D$2 -> 51.42425 | G39: 56 | H39: 0 | I39: =G39+H39 -> 56 | J39: =IF(L39>0,L39,0) -> 16.69425 | K39: =I39+J39 -> 72.69425 | L39: =F39-(I39-AK39) -> 16.69425 | M39: 3.37 | N39: 0 | O39: =0*1.05 -> 0 | P39: 0 | Q39: =996600/325851/1.9835*1.02 -> 1.5727866 | R39: =((1381264/646272)*1.04)-T39 -> 1.7791651 | S39: 0 | T39: =(0.4024*1.06)*1.04 -> 0.44360576 | U39: =M39-(Q39+R39+S39+T39) -> -0.42555741 | V39: 0 | W39: 0 | X39: =M39-N39-P39-O39-Q39-R39-S39-T39-U39+V39+W39 -> 0 | Y39: =X39-AO39 -> 0 | AE39: 0 | AH39: 17.9 | AI39: =AI38-AH39 -> 2011.2368 | AK39: =N39+O39+P39+Q39+R39+S39+T39+U39+X39+AE39+AH39 -> 21.27 | AL39: =IF(L39<0,L39*-1,0) -> 0 | AM39: =AK39+AL39 -> 21.27 | AV39: 0 | AW39: 48 | AX39: 17 | AZ39: =SUM(N39,P39:U39) -> 3.37 | BA39: 0 | BB39: 6848
A40: =A39+1 -> 26 | B40: 6867.84 | C40: 182139 | D40: =C40-C39 -> 78 | E40: =C40-152000 -> 30139 | F40: =D40/$D$2 -> 39.324427 | G40: 55 | H40: 0 | I40: =G40+H40 -> 55 | J40: =IF(L40>0,L40,0) -> 5.0644265 | K40: =I40+J40 -> 60.064427 | L40: =F40-(I40-AK40) -> 5.0644265 | M40: 2.84 | N40: 0 | O40: =0*1.05 -> 0 | P40: 0 | Q40: =929500/325851/1.9835*1.02 -> 1.4668926 | R40: =((1503696/646272)*1.04)-T40 -> 1.9761863 | S40: 0 | T40: =(0.4024*1.06)*1.04 -> 0.44360576 | U40: =M40-(Q40+R40+S40+T40) -> -1.0466846 | V40: 0 | W40: 0 | X40: =M40-N40-P40-O40-Q40-R40-S40-T40-U40+V40+W40 -> 0 | Y40: =X40-AO40 -> 0 | AE40: 0 | AH40: 17.9 | AI40: =AI39-AH40 -> 1993.3368 | AK40: =N40+O40+P40+Q40+R40+S40+T40+U40+X40+AE40+AH40 -> 20.74 | AL40: =IF(L40<0,L40*-1,0) -> 0 | AM40: =AK40+AL40 -> 20.74 | AV40: 0 | AW40: 50 | AX40: 16 | AZ40: =SUM(N40,P40:U40) -> 2.84 | BA40: 0 | BB40: 6843
A41: =A40+1 -> 27 | B41: 6867.88 | C41: 182241 | D41: =C41-C40 -> 102 | E41: =C41-152000 -> 30241 | F41: =D41/$D$2 -> 51.42425 | G41: 56 | H41: 0 | I41: =G41+H41 -> 56 | J41: =IF(L41>0,L41,0) -> 16.22425 | K41: =I41+J41 -> 72.22425 | L41: =F41-(I41-AK41) -> 16.22425 | M41: 2.9 | N41: 0 | O41: =0*1.05 -> 0 | P41: 0 | Q41: =935400/325851/1.9835*1.02 -> 1.4762036 | R41: =((1193232/646272)*1.04)-T41 -> 1.467208 | S41: 0 | T41: =(0.4109*1.06)*1.04 -> 0.45297616 | U41: =M41-(Q41+R41+S41+T41) -> -0.49638784 | V41: 0 | W41: 0 | X41: =M41-N41-P41-O41-Q41-R41-S41-T41-U41+V41+W41 -> 0 | Y41: =X41-AO41 -> 0 | AE41: 0 | AH41: 17.9 | AI41: =AI40-AH41 -> 1975.4368 | AK41: =N41+O41+P41+Q41+R41+S41+T41+U41+X41+AE41+AH41 -> 20.8 | AL41: =IF(L41<0,L41*-1,0) -> 0 | AM41: =AK41+AL41 -> 20.8 | AV41: 0 | AW41: 48 | AX41: 18 | AZ41: =SUM(N41,P41:U41) -> 2.9 | BA41: 0 | BB41: 6843
A42: =A41+1 -> 28 | B42: 6867.9 | C42: 182293 | D42: =C42-C41 -> 52 | E42: =C42-152000 -> 30293 | F42: =D42/$D$2 -> 26.216284 | G42: 57 | H42: 0 | I42: =G42+H42 -> 57 | J42: =IF(L42>0,L42,0) -> 0 | K42: =I42+J42 -> 57 | L42: =F42-(I42-AK42) -> -9.9837157 | M42: 2.9 | N42: 0 | O42: =0*1.05 -> 0 | P42: 0 | Q42: =1033600/325851/1.9835*1.02 -> 1.6311782 | R42: =((1323168/646272)*1.04)-T42 -> 1.6763049 | S42: 0 | T42: =(0.4109*1.06)*1.04 -> 0.45297616 | U42: =M42-(Q42+R42+S42+T42) -> -0.86045925 | V42: 0 | W42: 0 | X42: =M42-N42-P42-O42-Q42-R42-S42-T42-U42+V42+W42 -> 0 | Y42: =X42-AO42 -> 0 | AE42: 0 | AH42: 17.9 | AI42: =AI41-AH42 -> 1957.5368 | AK42: =N42+O42+P42+Q42+R42+S42+T42+U42+X42+AE42+AH42 -> 20.8 | AL42: =IF(L42<0,L42*-1,0) -> 9.9837157 | AM42: =AK42+AL42 -> 30.783716 | AV42: 0 | AW42: 46 | AX42: 22 | AZ42: =SUM(N42,P42:U42) -> 2.9 | BA42: 0 | BB42: 6843
A43: =A42+1 -> 29 | B43: 6867.95 | C43: 182421 | D43: =C43-C42 -> 128 | E43: =C43-152000 -> 30421 | F43: =D43/$D$2 -> 64.532392 | G43: 57 | H43: 0 | I43: =G43+H43 -> 57 | J43: =IF(L43>0,L43,0) -> 28.332392 | K43: =I43+J43 -> 85.332392 | L43: =F43-(I43-AK43) -> 28.332392 | M43: 2.9 | N43: 0 | O43: =0*1.05 -> 0 | P43: 0 | Q43: =982800/325851/1.9835*1.02 -> 1.5510081 | R43: =((1283408/646272)*1.04)-T43 -> 1.6123219 | S43: 0 | T43: =(0.4109*1.06)*1.04 -> 0.45297616 | U43: =M43-(Q43+R43+S43+T43) -> -0.71630615 | V43: 0 | W43: 0 | X43: =M43-N43-P43-O43-Q43-R43-S43-T43-U43+V43+W43 -> 0 | Y43: =X43-AO43 -> 0 | AE43: 0 | AH43: 17.9 | AI43: =AI42-AH43 -> 1939.6368 | AK43: =N43+O43+P43+Q43+R43+S43+T43+U43+X43+AE43+AH43 -> 20.8 | AL43: =IF(L43<0,L43*-1,0) -> 0 | AM43: =AK43+AL43 -> 20.8 | AV43: 0 | AW43: 43 | AX43: 18 | AZ43: =SUM(N43,P43:U43) -> 2.9 | BA43: 0 | BB43: 6828
A44: 30 | B44: 6867.98 | C44: 182499 | D44: =C44-C43 -> 78 | E44: =C44-152000 -> 30499 | F44: =D44/$D$2 -> 39.324427 | G44: 56 | H44: 0 | I44: =G44+H44 -> 56 | J44: =IF(L44>0,L44,0) -> 4.1244265 | K44: =I44+J44 -> 60.124427 | L44: =F44-(I44-AK44) -> 4.1244265 | M44: 2.9 | N44: 0 | O44: =0*1.05 -> 0 | P44: 0 | Q44: =1011400/325851/1.9835*1.02 -> 1.5961432 | R44: =((1307312/646272)*1.04)-T44 -> 1.6507889 | S44: 0 | T44: =(0.4109*1.06)*1.04 -> 0.45297616 | U44: =M44-(Q44+R44+S44+T44) -> -0.79990832 | V44: 0 | W44: 0 | X44: =M44-N44-P44-O44-Q44-R44-S44-T44-U44+V44+W44 -> 0 | Y44: =X44-AO44 -> 0 | AE44: 0 | AH44: 17.9 | AI44: =AI43-AH44 -> 1921.7368 | AK44: =N44+O44+P44+Q44+R44+S44+T44+U44+X44+AE44+AH44 -> 20.8 | AL44: =IF(L44<0,L44*-1,0) -> 0 | AM44: =AK44+AL44 -> 20.8 | AV44: 0 | AW44: 45 | AX44: 16 | AZ44: =SUM(N44,P44:U44) -> 2.9 | BA44: 0 | BB44: 6847
A45: 31 | B45: 6868 | C45: 182550 | D45: =C45-C44 -> 51 | E45: =C45-152000 -> 30550 | F45: =D45/$D$2 -> 25.712125 | G45: 55 | H45: 0 | I45: =G45+H45 -> 55 | J45: =IF(L45>0,L45,0) -> 0 | K45: =I45+J45 -> 55 | L45: =F45-(I45-AK45) -> -8.487875 | M45: 2.9 | N45: 0 | O45: =0*1.05 -> 0 | P45: 0 | Q45: =953600/325851/1.9835*1.02 -> 1.504926 | R45: =((1359120/646272)*1.04)-T45 -> 1.7341599 | S45: 0 | T45: =(0.4109*1.06)*1.04 -> 0.45297616 | U45: =M45-(Q45+R45+S45+T45) -> -0.79206209 | V45: 0 | W45: 0 | X45: =M45-N45-P45-O45-Q45-R45-S45-T45-U45+V45+W45 -> 0 | Y45: =X45-AO45 -> 0 | AE45: 0 | AH45: 17.9 | AI45: =AI44-AH45 -> 1903.8368 | AK45: =N45+O45+P45+Q45+R45+S45+T45+U45+X45+AE45+AH45 -> 20.8 | AL45: =IF(L45<0,L45*-1,0) -> 8.487875 | AM45: =AK45+AL45 -> 29.287875 | AV45: 0 | AW45: 49 | AX45: 20 | AZ45: =SUM(N45,P45:U45) -> 2.9 | BA45: 0 | BB45: 6827
X46: =M46-N46-O46-Q46-R46-S46+V46+W46 -> 0 | Y46: =N46-O46-P46-R46-S46-U46+W46+X46 -> 0 | AK46: =N46+O46+Q46+R46+S46+X46+AE46+AH46 -> 0
A47: MONTH / CFS | F47: =SUM(F15:F45) -> 1577.5145 | G47: =SUM(G15:G45) -> 1897 | H47: =SUM(H15:H45) -> 1.085 | I47: =SUM(I15:I45) -> 1898.085 | J47: =SUM(J15:J45) -> 560.87893 | K47: =SUM(K15:K45) -> 2458.9639 | L47: =SUM(L15:L45) -> 335.34949 | M47: =SUM(M15:M45) -> 101.02 | ... O47: =SUM(O15:O45) -> 0 | Q47: =SUM(Q15:Q45) -> 50.556582 | R47: =SUM(R15:R45) -> 56.238613 | S47: =SUM(S15:S45) -> 0 | T47: =SUM(T15:T45) -> 14.199463 | U47: =SUM(U15:U45) -> -19.974658 | V47: =SUM(V15:V45) -> 0 | W47: =SUM(W15:W45) -> 0 | X47: =SUM(X15:X45) -> 0 | Y47: =SUM(Y15:Y45) -> 0 | AC47: =SUM(AC15:AC45) -> 0 | AH47: =SUM(AH15:AH45) -> 554.9 | AJ47: =SUM(AJ15:AJ45) -> 0 | AK47: =SUM(AK15:AK45) -> 655.92 | AL47: =SUM(AL15:AL45) -> 225.52943 | AM47: =SUM(AM15:AM45) -> 881.44943 | AN47: =SUM(AN15:AN45) -> 0 | AO47: =SUM(AO15:AO45) -> 0 | AV47: =SUM(AV15:AV45) -> 0.41 | AW47: =AVERAGE(AW15:AW45) -> 42.096774 | AX47: =AVERAGE(AX15:AX45) -> 13.580645 | AY47: Avg | AZ47: =SUM(AZ15:AZ45) -> 101.02 | BA47: =SUM(BA15:BA45) -> 0
A48: MONTH / AF | D48: =SUM(D15:D45) -> 3129 | F48: =F47*$D$2 -> 3129 | G48: =G47*$D$2 -> 3762.6995 | H48: =H47*$D$2 -> 2.1520975 | I48: =I47*$D$2 -> 3764.8516 | J48: =J47*$D$2 -> 1112.5033 | K48: =K47*$D$2 -> 4877.3549 | L48: =L47*$D$2 -> 665.16572 | M48: =M47*$D$2 -> 200.37317 | ... O48: =O47*$D$2 -> 0 | Q48: =Q47*$D$2 -> 100.27898 | R48: =R47*$D$2 -> 111.54929 | S48: =S47*$D$2 -> 0 | T48: =T47*$D$2 -> 28.164635 | U48: =U47*$D$2 -> -39.619734 | V48: =V47*$D$2 -> 0 | W48: =W47*$D$2 -> 0 | X48: =X47*$D$2 -> 0 | Y48: =Y47*$D$2 -> 0 | AC48: =AC47*$D$2 -> 0 | AH48: =AH47*$D$2 -> 1100.6442 | AJ48: =AJ47*$D$2 -> 0 | AK48: =AK47*$D$2 -> 1301.0173 | AL48: =AL47*$D$2 -> 447.33763 | AM48: =AM47*$D$2 -> 1748.3549 | AN48: =AN47*$D$2 -> 0 | AO48: =AO47*$D$2 -> 0 | AW48: =MAX(AW15:AW45) -> 55 | AX48: =MAX(AX15:AX45) -> 28 | AY48: HI | AZ48: =AZ47*$D$2 -> 200.37317 | BA48: =BA47*D2 -> 0
A50: SEASON / CFS | AW50: =MIN(AW15:AW45) -> 21 | AX50: =MIN(AX15:AX45) -> -5 | AY50: LO
A51: SEASON / AF
A53: YTD / CFS | F53: =F13+F47 -> 4450.7184 | G53: =G13+G47 -> 5254 | H53: =H13+H47 -> 9.194 | I53: =I13+I47 -> 5262.574 | J53: =J13+J47 -> 980.25504 | K53: =K13+K47 -> 6242.829 | L53: =L13+L47 -> 473.79443 | M53: =M13+M47 -> 189.65 | N53: =N13+N47 -> 0 | O53: 0 | Q53: =Q13+Q47 -> 97.845058 | R53: =R13+R47 -> 102.96667 | S53: =S13+S47 -> 0 | T53: =T13+T47 -> 28.125421 | U53: =U13+U47 -> -39.287146 | V53: =V13+V47 -> 0 | W53: =W13+W47 -> 0 | X53: =X13+X47 -> -15.0402 | Y53: =Y13+Y47 -> -15.0402 | AC53: =AC13+AC47 -> 1714.14 | AH53: =AH13+AH47 -> 1096 | AI53: =AI45 -> 1903.8368 | AJ53: =AJ14+AJ47 -> 0 | AK53: =AK13+AK47 -> 1285.65 | AL53: =AL13+AL47 -> 506.46061 | AM53: =AM13+AM47 -> 1792.1106 | AN53: =AN13+AN47 -> 0 | AO53: =AO13+AO47 -> 0 | AV53: =AV13+AV47 -> 2.07 | AZ53: =AZ13+AZ47 -> 189.65 | BA53: =BA47+BA13 -> 0
A54: YTD / AF | D54: =D13+D48 -> 8828 | E54: =E45 -> 30550 | F54: =F53*$D$2 -> 8828 | G54: =G53*$D$2 -> 10421.309 | H54: =H53*$D$2 -> 18.236299 | I54: =I53*$D$2 -> 10438.316 | J54: =J53*$D$2 -> 1944.3359 | K54: =K53*$D$2 -> 12382.651 | L54: =L53*$D$2 -> 939.77125 | M54: =M53*$D$2 -> 376.17077 | ... O54: =O53*$D$2 -> 0 | Q54: =Q53*$D$2 -> 194.07567 | R54: =R53*$D$2 -> 204.23438 | S54: =S53*$D$2 -> 0 | T54: =T53*$D$2 -> 55.786772 | U54: =U53*$D$2 -> -77.926053 | V54: =V53*$D$2 -> 0 | W54: =W53*$D$2 -> 0 | X54: =X53*$D$2 -> -29.832237 | Y54: =Y53*$D$2 -> -29.832237 | AC54: =AC53*$D$2 -> 3399.9967 | AH54: =AH53*$D$2 -> 2173.916 | AI54: =AI53*$D$2 -> 3776.2604 | AJ54: =AJ53*$D$2 -> 0 | AK54: =AK53*$D$2 -> 2550.0868 | AL54: =AL53*$D$2 -> 1004.5646 | AM54: =AM53*$D$2 -> 3554.6514 | AN54: =AN53*$D$2 -> 0 | AO54: =AO53*$D$2 -> 0 | AZ54: =AZ53*$D$2 -> 376.17077 | BA54: =BA53*D2 -> 0

Sheet JAN
K1: MCPHEE RESERVOIR INFLOW/OUTFLOW TABULATION
A2: AF/cfs CONVERT FACTOR | D2: 1.9835 | K2: JANUARY "2014"
D4: RESERVOIR | I4: INFLOW | X4: OUTFLOW | AP4: ADJUSTMENTS | AW4: WEATHER
A5: DATE | B5: RESERV | C5: RESERV | D5: AC FT | E5: ACTIVE | F5: CONV TO | G5: DOLORES | H5: LOST | I5: RECORD | J5: CALC | K5: TOTAL | L5: CALC | M5: DOLORES TUNNEL | V5: LONE | W5: U | X5: TOTAL | Y5: TOTAL | Z5: MVI | AA5: MVI | AB5: MVI | AC5: TO EX & | AD5: MVI | AE5: DV CR | AF5: D/S SENIOR | AH5: BELOW | AI5: FISH | AJ5: SPILL | AK5: RECORD | AL5: CALC | AM5: TOTAL | AN5: NAR | AO5: MVI | AP5: MVI | AQ5: MVI | AR5: DIST. | AS5: U/S | AT5: TOTTEN | AU5: UTES | AV5: RAIN | AW5: MAX | AX5: MIN | AZ5: TOTAL | BA5: GRNDHOG | BB5: GRNDHOG
A6: DEC | B6: ELEV | D6: CHANGE | E6: CAP | F6: CFS | G6: RIVER | H6: CAN | I6: INFLOW | J6: INFLOW | K6: INFLOW | L6: INF/OTF | M6: TOT DIV | N6: WET | O6: UTE | P6: QUEST | Q6: MWC | R6: CORTEZ | T6: UTE | U6: F-BAY | V6: PINE | W6: LAT | X6: MVI | Y6: MVI | Z6: CALL | AA6: CALL | AB6: APR- | AC6: U/S EX | AD6: PROJ | AE6: CANAL | AF6: MVIC | AG6: PROJ | AH6: MCP | AI6: LEFT | AK6: OTF | AL6: OTF | AM6: OTF | AN6: FILL | AO6: STOCK | AP6: STORED | AQ6: STORED | AR6: CLASS | AS6: USERS | AT6: (FRESH | AU6: FROM | AW6: TMP | AX6: TMP | AZ6: TUNNEL | BA6: DISCHARGE | BB6: CAPACITY
N7: LAND | O7: F&R | Q7: NON - | R7: NON - | S7: PROJ | T7: PROJ | U7: BAL | X7: WATER | Y7: IRRIG. | Z7: STOR | AA7: SPILLED | AB7: JUNE | AF7: 1.7 | AG7: 1.3 | AI7: 12682.175 | AP7: Apr - Jun | AQ7: EVAP | AR7: "B" | AS7: EXCH | AT7: WATER) | AU7: DWCD | AZ7: Misc.
Q8: PROJ | R8: PROJ | X8: USED | Y8: WATER | AA8: OR | AB8: (DIV+
R9: 4.2 | Y9: USED | AA9: USED | AB9: CALL) | BB9: FP = 5394
C10: AC. Ft. | E10: AC FT | G10: CFS | H10: CFS | I10: CFS | J10: CFS | K10: CFS | L10: CFS | M10: CFS | N10: CFS | O10: CFS | P10: CFS | Q10: CFS | R10: CFS | S10: CFS | T10: CFS | U10: CFS | V10: CFS | W10: CFS | X10: 153400 | Y10: 150400 | AB10: 72000 | AC10: CFS | AD10: CFS | AE10: CFS | AF10: CFS | AG10: CFS | AH10: CFS | AI10: CFS | AJ10: CFS | AK10: CFS | AL10: CFS | AM10: CFS | AN10: CFS | AO10: CFS | AP10: CFS | AQ10: AC.FT. | AR10: CFS | AS10: CFS | AT10: CFS | AU10: CFS | AZ10: Outflow | BA10: CFS | BB10: AC FT
N11: 1.03 | O11: 1.05 | P11: 1.02 | Q11: 1.02 | R11: 1.04 | T11: 1.04 | X11: CFS | Y11: CFS | Z11: CFS | AA11: CFS | AB11: Ac. Ft. | AZ11: CFS
A12: SEASON BAL
A13: YTD | B13: =DEC!B45 -> 6868 | C13: =DEC!C45 -> 182550 | D13: =DEC!D54 -> 8828 | E13: =DEC!E54 -> 30550 | F13: =DEC!F53 -> 4450.7184 | G13: =DEC!G53 -> 5254 | H13: =DEC!H53 -> 9.194 | I13: =DEC!I53 -> 5262.574 | J13: =DEC!J53 -> 980.25504 | K13: =DEC!K53 -> 6242.829 | L13: =DEC!L53 -> 473.79443 | M13: =DEC!M53 -> 189.65 | ... Y13: =DEC!Y53 -> -15.0402 | AC13: =DEC!AC53 -> 1714.14 | AH13: =DEC!AH53 -> 1096 | AI13: =DEC!AI53 -> 1903.8368 | AK13: =DEC!AK53 -> 1285.65 | AL13: =DEC!AL53 -> 506.46061 | AM13: =DEC!AM53 -> 1792.1106 | AN13: =DEC!AN53 -> 0 | AO13: =DEC!AO53 -> 0 | AV13: =DEC!AV53 -> 2.07 | AZ13: =DEC!AZ53 -> 189.65 | BA13: =DEC!BA53 -> 0
A15: 1 | B15: 6868.05 | C15: 182680 | D15: =C15-C13 -> 130 | E15: =C15-152000 -> 30680 | F15: =D15/$D$2 -> 65.540711 | G15: 56 | H15: 0 | I15: =G15+H15 -> 56 | J15: =IF(L15>0,L15,0) -> 30.460711 | K15: =I15+J15 -> 86.460711 | L15: =F15-(I15-AK15) -> 30.460711 | M15: 3.02 | N15: 0 | O15: 0 | P15: 0 | Q15: =990100/325851/1.9835*1.02 -> 1.5625286 | R15: =((1260864/646272)*1.04)-T15 -> 1.5787994 | S15: 0 | T15: =(0.4084*1.06)*1.04 -> 0.45022016 | U15: =M15-(Q15+R15+S15+T15) -> -0.57154819 | V15: 0 | W15: 0 | X15: =M15-N15-P15-O15-Q15-R15-S15-T15-U15+V15+W15 -> 0 | Y15: =X15-AO15 -> 0 | AE15: 0 | AH15: 17.9 | AI15: =AI13-AH15 -> 1885.9368 | AK15: =N15+O15+P15+Q15+R15+S15+T15+U15+X15+AE15+AH15 -> 20.92 | AL15: =IF(L15<0,L15*-1,0) -> 0 | AM15: =AK15+AL15 -> 20.92 | AV15: 0 | AW15: 50 | AX15: 23 | AZ15: =SUM(N15,P15:U15) -> 3.02 | BA15: 0 | BB15: 6846
A16: =A15+1 -> 2 | B16: 6868.09 | C16: 182785 | D16: =C16-C15 -> 105 | E16: =C16-152000 -> 30785 | F16: =D16/$D$2 -> 52.936728 | G16: 55 | H16: 0 | I16: =G16+H16 -> 55 | J16: =IF(L16>0,L16,0) -> 19.056728 | K16: =I16+J16 -> 74.056728 | L16: =F16-(I16-AK16) -> 19.056728 | M16: 3.22 | N16: 0 | O16: 0 | P16: 0 | Q16: =936100/325851/1.9835*1.02 -> 1.4773084 | R16: =((1172032/646272)*1.04)-T16 -> 1.4358484 | S16: 0 | T16: =(0.4084*1.06)*1.04 -> 0.45022016 | U16: =M16-(Q16+R16+S16+T16) -> -0.14337688 | V16: 0 | W16: 0 | X16: =M16-N16-P16-O16-Q16-R16-S16-T16-U16+V16+W16 -> 0 | Y16: =X16-AO16 -> 0 | AE16: 0 | AH16: 17.9 | AI16: =AI15-AH16 -> 1868.0368 | AK16: =N16+O16+P16+Q16+R16+S16+T16+U16+X16+AE16+AH16 -> 21.12 | AL16: =IF(L16<0,L16*-1,0) -> 0 | AM16: =AK16+AL16 -> 21.12 | AV16: 0 | AW16: 52 | AX16: 19 | AZ16: =SUM(N16,P16:U16) -> 3.22 | BA16: 0 | BB16: 6848
A17: =A16+1 -> 3 | B17: 6868.09 | C17: 182785 | D17: =C17-C16 -> 0 | E17: =C17-152000 -> 30785 | F17: =D17/$D$2 -> 0 | G17: 54 | H17: 0 | I17: =G17+H17 -> 54 | J17: =IF(L17>0,L17,0) -> 0 | K17: =I17+J17 -> 54 | L17: =F17-(I17-AK17) -> -33.49 | M17: 2.61 | N17: 0 | O17: 0 | P17: 0 | Q17: =933200/325851/1.9835*1.02 -> 1.4727317 | R17: =((1180560/646272)*1.04)-T17 -> 1.4113186 | S17: 0 | T17: =(0.4431*1.06)*1.04 -> 0.48847344 | U17: =M17-(Q17+R17+S17+T17) -> -0.76252375 | V17: 0 | W17: 0 | X17: =M17-N17-P17-O17-Q17-R17-S17-T17-U17+V17+W17 -> 0 | Y17: =X17-AO17 -> 0 | AE17: 0 | AH17: 17.9 | AI17: =AI16-AH17 -> 1850.1368 | AK17: =N17+O17+P17+Q17+R17+S17+T17+U17+X17+AE17+AH17 -> 20.51 | AL17: =IF(L17<0,L17*-1,0) -> 33.49 | AM17: =AK17+AL17 -> 54 | AV17: 0 | AW17: 52 | AX17: 22 | AZ17: =SUM(N17,P17:U17) -> 2.61 | BA17: 0 | BB17: 6850
A18: =A17+1 -> 4 | B18: 6868.14 | C18: 182915 | D18: =C18-C17 -> 130 | E18: =C18-152000 -> 30915 | F18: =D18/$D$2 -> 65.540711 | G18: 55 | H18: 0 | I18: =G18+H18 -> 55 | J18: =IF(L18>0,L18,0) -> 31.040711 | K18: =I18+J18 -> 86.040711 | L18: =F18-(I18-AK18) -> 31.040711 | M18: 2.6 | N18: 0 | O18: 0 | P18: 0 | Q18: =1061000/325851/1.9835*1.02 -> 1.6744196 | R18: =((1145418/646272)*1.04)-T18 -> 1.3547671 | S18: 0 | T18: =(0.4431*1.06)*1.04 -> 0.48847344 | U18: =M18-(Q18+R18+S18+T18) -> -0.91766007 | V18: 0 | W18: 0 | X18: =M18-N18-P18-O18-Q18-R18-S18-T18-U18+V18+W18 -> 0 | Y18: =X18-AO18 -> 0 | AE18: 0 | AH18: 17.9 | AI18: =AI17-AH18 -> 1832.2368 | AK18: =N18+O18+P18+Q18+R18+S18+T18+U18+X18+AE18+AH18 -> 20.5 | AL18: =IF(L18<0,L18*-1,0) -> 0 | AM18: =AK18+AL18 -> 20.5 | AV18: 0 | AW18: 50 | AX18: 18 | AZ18: =SUM(N18,P18:U18) -> 2.6 | BA18: 0 | BB18: 6851
A19: =A18+1 -> 5 | B19: 6868.14 | C19: 182915 | D19: =C19-C18 -> 0 | E19: =C19-152000 -> 30915 | F19: =D19/$D$2 -> 0 | G19: 56 | H19: 0 | I19: =G19+H19 -> 56 | J19: =IF(L19>0,L19,0) -> 0 | K19: =I19+J19 -> 56 | L19: =F19-(I19-AK19) -> -35.5 | M19: 2.6 | N19: 0 | O19: 0 | P19: 0 | Q19: =927500/325851/1.9835*1.02 -> 1.4637362 | R19: =((1145286/646272)*1.04)-T19 -> 1.3545546 | S19: 0 | T19: =(0.4431*1.06)*1.04 -> 0.48847344 | U19: =M19-(Q19+R19+S19+T19) -> -0.70676432 | V19: 0 | W19: 0 | X19: =M19-N19-P19-O19-Q19-R19-S19-T19-U19+V19+W19 -> 0 | Y19: =X19-AO19 -> 0 | AE19: 0 | AH19: 17.9 | AI19: =AI18-AH19 -> 1814.3368 | AK19: =N19+O19+P19+Q19+R19+S19+T19+U19+X19+AE19+AH19 -> 20.5 | AL19: =IF(L19<0,L19*-1,0) -> 35.5 | AM19: =AK19+AL19 -> 56 | AV19: 0 | AW19: 41 | AX19: 5 | AZ19: =SUM(N19,P19:U19) -> 2.6 | BA19: 0 | BB19: 6852
A20: =A19+1 -> 6 | B20: 6868.17 | C20: 182993 | D20: =C20-C19 -> 78 | E20: =C20-152000 -> 30993 | F20: =D20/$D$2 -> 39.324427 | G20: 57 | H20: 0 | I20: =G20+H20 -> 57 | J20: =IF(L20>0,L20,0) -> 3.2844265 | K20: =I20+J20 -> 60.284427 | L20: =F20-(I20-AK20) -> 3.2844265 | M20: 3.06 | N20: 0 | O20: 0 | P20: 0 | Q20: =1039700/325851/1.9835*1.02 -> 1.6408049 | R20: =((1169744/646272)*1.04)-T20 -> 1.3939132 | S20: 0 | T20: =(0.4431*1.06)*1.04 -> 0.48847344 | U20: =M20-(Q20+R20+S20+T20) -> -0.46319154 | V20: 0 | W20: 0 | X20: =M20-N20-P20-O20-Q20-R20-S20-T20-U20+V20+W20 -> 0 | Y20: =X20-AO20 -> 0 | AE20: 0 | AH20: 17.9 | AI20: =AI19-AH20 -> 1796.4368 | AK20: =N20+O20+P20+Q20+R20+S20+T20+U20+X20+AE20+AH20 -> 20.96 | AL20: =IF(L20<0,L20*-1,0) -> 0 | AM20: =AK20+AL20 -> 20.96 | AV20: 0 | AW20: 43 | AX20: 11 | AZ20: =SUM(N20,P20:U20) -> 3.06 | BA20: 0 | BB20: 6857
A21: =A20+1 -> 7 | B21: 6868.18 | C21: 183019 | D21: =C21-C20 -> 26 | E21: =C21-152000 -> 31019 | F21: =D21/$D$2 -> 13.108142 | G21: 55 | H21: 0 | I21: =G21+H21 -> 55 | J21: =IF(L21>0,L21,0) -> 0 | K21: =I21+J21 -> 55 | L21: =F21-(I21-AK21) -> -20.581858 | M21: 3.41 | N21: 0 | O21: 0 | P21: 0 | Q21: =1366600/325851/1.9835*1.02 -> 2.1567029 | R21: =((1155536/646272)*1.04)-T21 -> 1.3710492 | S21: 0 | T21: =(0.4431*1.06)*1.04 -> 0.48847344 | U21: =M21-(Q21+R21+S21+T21) -> -0.60622559 | V21: 0 | W21: 0 | X21: =M21-N21-P21-O21-Q21-R21-S21-T21-U21+V21+W21 -> 0 | Y21: =X21-AO21 -> 0 | AE21: 0 | AH21: 17.9 | AI21: =AI20-AH21 -> 1778.5368 | AK21: =N21+O21+P21+Q21+R21+S21+T21+U21+X21+AE21+AH21 -> 21.31 | AL21: =IF(L21<0,L21*-1,0) -> 20.581858 | AM21: =AK21+AL21 -> 41.891858 | AV21: 0 | AW21: 40 | AX21: 16 | AZ21: =SUM(N21,P21:U21) -> 3.41 | BA21: 0 | BB21: 6862
A22: =A21+1 -> 8 | B22: 6868.19 | C22: 183046 | D22: =C22-C21 -> 27 | E22: =C22-152000 -> 31046 | F22: =D22/$D$2 -> 13.612301 | G22: 54 | H22: 0 | I22: =G22+H22 -> 54 | J22: =IF(L22>0,L22,0) -> 0 | K22: =I22+J22 -> 54 | L22: =F22-(I22-AK22) -> -19.017699 | M22: 3.47 | N22: 0 | O22: 0 | P22: 0 | Q22: =1083500/325851/1.9835*1.02 -> 1.709928 | R22: =((1132576/646272)*1.04)-T22 -> 1.3341013 | S22: 0 | T22: =(0.4431*1.06)*1.04 -> 0.48847344 | U22: =M22-(Q22+R22+S22+T22) -> -0.062502769 | V22: 0 | W22: 0 | X22: =M22-N22-P22-O22-Q22-R22-S22-T22-U22+V22+W22 -> 0 | Y22: =X22-AO22 -> 0 | AE22: 0 | AH22: 17.9 | AI22: =AI21-AH22 -> 1760.6368 | AK22: =N22+O22+P22+Q22+R22+S22+T22+U22+X22+AE22+AH22 -> 21.37 | AL22: =IF(L22<0,L22*-1,0) -> 19.017699 | AM22: =AK22+AL22 -> 40.387699 | AV22: 0 | AW22: 47 | AX22: 17 | AZ22: =SUM(N22,P22:U22) -> 3.47 | BA22: 0 | BB22: 6867
A23: =A22+1 -> 9 | B23: 6868.21 | C23: 183098 | D23: =C23-C22 -> 52 | E23: =C23-152000 -> 31098 | F23: =D23/$D$2 -> 26.216284 | G23: 53 | H23: 0 | I23: =G23+H23 -> 53 | J23: =IF(L23>0,L23,0) -> 0 | K23: =I23+J23 -> 53 | L23: =F23-(I23-AK23) -> -6.3537157 | M23: 2.53 | N23: 0 | O23: 0 | P23: 0 | Q23: =994300/325851/1.9835*1.02 -> 1.5691568 | R23: =((1153082/646272)*1.04)-T23 -> 1.3671002 | S23: 0 | T23: =(0.4431*1.06)*1.04 -> 0.48847344 | U23: =M23-(Q23+R23+S23+T23) -> -0.89473045 | V23: 0 | W23: 0 | X23: =M23-N23-P23-O23-Q23-R23-S23-T23-U23+V23+W23 -> 0 | Y23: =X23-AO23 -> 0 | AE23: 0 | AH23: 17.9 | AI23: =AI22-AH23 -> 1742.7368 | AK23: =N23+O23+P23+Q23+R23+S23+T23+U23+X23+AE23+AH23 -> 20.43 | AL23: =IF(L23<0,L23*-1,0) -> 6.3537157 | AM23: =AK23+AL23 -> 26.783716 | AV23: 0 | AW23: 43 | AX23: 19 | AZ23: =SUM(N23,P23:U23) -> 2.53 | BA23: 0 | BB23: 6869
A24: =A23+1 -> 10 | B24: 6868.27 | C24: 183254 | D24: =C24-C23 -> 156 | E24: =C24-152000 -> 31254 | F24: =D24/$D$2 -> 78.648853 | G24: 54 | H24: 0 | I24: =G24+H24 -> 54 | J24: =IF(L24>0,L24,0) -> 45.858853 | K24: =I24+J24 -> 99.858853 | L24: =F24-(I24-AK24) -> 45.858853 | M24: 3.31 | N24: 0 | O24: 0 | P24: 0 | Q24: =1038100/325851/1.9835*1.02 -> 1.6382799 | R24: =((1190502/646272)*1.04)-T24 -> 1.458295 | S24: 0 | T24: =(0.415*1.06)*1.04 -> 0.457496 | U24: =M24-(Q24+R24+S24+T24) -> -0.24407089 | V24: 0 | W24: 0 | X24: =M24-N24-P24-O24-Q24-R24-S24-T24-U24+V24+W24 -> 0 | Y24: =X24-AO24 -> 0 | AE24: 0 | AH24: 17.9 | AI24: =AI23-AH24 -> 1724.8368 | AK24: =N24+O24+P24+Q24+R24+S24+T24+U24+X24+AE24+AH24 -> 21.21 | AL24: =IF(L24<0,L24*-1,0) -> 0 | AM24: =AK24+AL24 -> 21.21 | AV24: 0 | AW24: 46 | AX24: 20 | AZ24: =SUM(N24,P24:U24) -> 3.31 | BA24: 0 | BB24: 6883
A25: =A24+1 -> 11 | B25: 6868.3 | C25: 183332 | D25: =C25-C24 -> 78 | E25: =C25-152000 -> 31332 | F25: =D25/$D$2 -> 39.324427 | G25: 54 | H25: 0 | I25: =G25+H25 -> 54 | J25: =IF(L25>0,L25,0) -> 5.9644265 | K25: =I25+J25 -> 59.964427 | L25: =F25-(I25-AK25) -> 5.9644265 | M25: 2.74 | N25: 0 | O25: 0 | P25: 0 | Q25: =1092100/325851/1.9835*1.02 -> 1.7235001 | R25: =((1155824/646272)*1.04)-T25 -> 1.4024901 | S25: 0 | T25: =(0.415*1.06)*1.04 -> 0.457496 | U25: =M25-(Q25+R25+S25+T25) -> -0.84348625 | V25: 0 | W25: 0 | X25: =M25-N25-P25-O25-Q25-R25-S25-T25-U25+V25+W25 -> 0 | Y25: =X25-AO25 -> 0 | AE25: 0 | AH25: 17.9 | AI25: =AI24-AH25 -> 1706.9368 | AK25: =N25+O25+P25+Q25+R25+S25+T25+U25+X25+AE25+AH25 -> 20.64 | AL25: =IF(L25<0,L25*-1,0) -> 0 | AM25: =AK25+AL25 -> 20.64 | AV25: 0 | AW25: 52 | AX25: 22 | AZ25: =SUM(N25,P25:U25) -> 2.74 | BA25: 0 | BB25: 6897
A26: =A25+1 -> 12 | B26: 6868.3 | C26: 183332 | D26: =C26-C25 -> 0 | E26: =C26-152000 -> 31332 | F26: =D26/$D$2 -> 0 | G26: 54 | H26: 0 | I26: =G26+H26 -> 54 | J26: =IF(L26>0,L26,0) -> 0 | K26: =I26+J26 -> 54 | L26: =F26-(I26-AK26) -> -32.85 | M26: 3.25 | N26: 0 | O26: 0 | P26: 0 | Q26: =1144400/325851/1.9835*1.02 -> 1.8060375 | R26: =((1137104/646272)*1.04)-T26 -> 1.3723654 | S26: 0 | T26: =(0.415*1.06)*1.04 -> 0.457496 | U26: =M26-(Q26+R26+S26+T26) -> -0.38589884 | V26: 0 | W26: 0 | X26: =M26-N26-P26-O26-Q26-R26-S26-T26-U26+V26+W26 -> 0 | Y26: =X26-AO26 -> 0 | AE26: 0 | AH26: 17.9 | AI26: =AI25-AH26 -> 1689.0368 | AK26: =N26+O26+P26+Q26+R26+S26+T26+U26+X26+AE26+AH26 -> 21.15 | AL26: =IF(L26<0,L26*-1,0) -> 32.85 | AM26: =AK26+AL26 -> 54 | AV26: 0 | AW26: 41 | AX26: 21 | AZ26: =SUM(N26,P26:U26) -> 3.25 | BA26: 0 | BB26: 6902
A27: =A26+1 -> 13 | B27: 6868.36 | C27: 183489 | D27: =C27-C26 -> 157 | E27: =C27-152000 -> 31489 | F27: =D27/$D$2 -> 79.153012 | G27: 52 | H27: 0 | I27: =G27+H27 -> 52 | J27: =IF(L27>0,L27,0) -> 48.413012 | K27: =I27+J27 -> 100.41301 | L27: =F27-(I27-AK27) -> 48.413012 | M27: 3.36 | N27: 0 | O27: 0 | P27: 0 | Q27: =1292700/325851/1.9835*1.02 -> 2.0400775 | R27: =((1153454/646272)*1.04)-T27 -> 1.3986763 | S27: 0 | T27: =(0.415*1.06)*1.04 -> 0.457496 | U27: =M27-(Q27+R27+S27+T27) -> -0.53624972 | V27: 0 | W27: 0 | X27: =M27-N27-P27-O27-Q27-R27-S27-T27-U27+V27+W27 -> 0 | Y27: =X27-AO27 -> 0 | AE27: 0 | AH27: 17.9 | AI27: =AI26-AH27 -> 1671.1368 | AK27: =N27+O27+P27+Q27+R27+S27+T27+U27+X27+AE27+AH27 -> 21.26 | AL27: =IF(L27<0,L27*-1,0) -> 0 | AM27: =AK27+AL27 -> 21.26 | AV27: 0 | AW27: 44 | AX27: 13 | AZ27: =SUM(N27,P27:U27) -> 3.36 | BA27: 0 | BB27: 6887
A28: =A27+1 -> 14 | B28: 6868.37 | C28: 183515 | D28: =C28-C27 -> 26 | E28: =C28-152000 -> 31515 | F28: =D28/$D$2 -> 13.108142 | G28: 52 | H28: 0 | I28: =G28+H28 -> 52 | J28: =IF(L28>0,L28,0) -> 0 | K28: =I28+J28 -> 52 | L28: =F28-(I28-AK28) -> -17.531858 | M28: 3.36 | N28: 0 | O28: 0 | P28: 0 | Q28: =1029900/325851/1.9835*1.02 -> 1.625339 | R28: =((1123090/646272)*1.04)-T28 -> 1.3498136 | S28: 0 | T28: =(0.415*1.06)*1.04 -> 0.457496 | U28: =M28-(Q28+R28+S28+T28) -> -0.072648655 | V28: 0 | W28: 0 | X28: =M28-N28-P28-O28-Q28-R28-S28-T28-U28+V28+W28 -> 0 | Y28: =X28-AO28 -> 0 | AE28: 0 | AH28: 18 | AI28: =AI27-AH28 -> 1653.1368 | AK28: =N28+O28+P28+Q28+R28+S28+T28+U28+X28+AE28+AH28 -> 21.36 | AL28: =IF(L28<0,L28*-1,0) -> 17.531858 | AM28: =AK28+AL28 -> 38.891858 | AV28: 0 | AW28: 48 | AX28: 18 | AZ28: =SUM(N28,P28:U28) -> 3.36 | BA28: 0 | BB28: 6905
A29: =A28+1 -> 15 | B29: 6868.4 | C29: 183593 | D29: =C29-C28 -> 78 | E29: =C29-152000 -> 31593 | F29: =D29/$D$2 -> 39.324427 | G29: 52 | H29: 0 | I29: =G29+H29 -> 52 | J29: =IF(L29>0,L29,0) -> 7.7644265 | K29: =I29+J29 -> 59.764427 | L29: =F29-(I29-AK29) -> 7.7644265 | M29: 2.54 | N29: 0 | O29: 0 | P29: 0 | Q29: =1123500/325851/1.9835*1.02 -> 1.7730541 | R29: =((1236478/646272)*1.04)-T29 -> 1.5322809 | S29: 0 | T29: =(0.415*1.06)*1.04 -> 0.457496 | U29: =M29-(Q29+R29+S29+T29) -> -1.222831 | V29: 0 | W29: 0 | X29: =M29-N29-P29-O29-Q29-R29-S29-T29-U29+V29+W29 -> 0 | Y29: =X29-AO29 -> 0 | AE29: 0 | AH29: 17.9 | AI29: =AI28-AH29 -> 1635.2368 | AK29: =N29+O29+P29+Q29+R29+S29+T29+U29+X29+AE29+AH29 -> 20.44 | AL29: =IF(L29<0,L29*-1,0) -> 0 | AM29: =AK29+AL29 -> 20.44 | AV29: 0 | AW29: 54 | AX29: 22 | AZ29: =SUM(N29,P29:U29) -> 2.54 | BA29: 0 | BB29: 6909
A30: =A29+1 -> 16 | B30: 6868.41 | C30: 183619 | D30: =C30-C29 -> 26 | E30: =C30-152000 -> 31619 | F30: =D30/$D$2 -> 13.108142 | G30: 52 | H30: 0 | I30: =G30+H30 -> 52 | J30: =IF(L30>0,L30,0) -> 0 | K30: =I30+J30 -> 52 | L30: =F30-(I30-AK30) -> -16.991858 | M30: 3.7 | N30: 0 | O30: 0 | P30: 0 | Q30: =1056800/325851/1.9835*1.02 -> 1.6677913 | R30: =((2239426/646272)*1.04)-T30 -> 3.1462545 | S30: 0 | T30: =(0.415*1.06)*1.04 -> 0.457496 | U30: =M30-(Q30+R30+S30+T30) -> -1.5715418 | V30: 0 | W30: 0 | X30: =M30-N30-P30-O30-Q30-R30-S30-T30-U30+V30+W30 -> 0 | Y30: =X30-AO30 -> 0 | AE30: 0 | AH30: 18.2 | AI30: =AI29-AH30 -> 1617.0368 | AK30: =N30+O30+P30+Q30+R30+S30+T30+U30+X30+AE30+AH30 -> 21.9 | AL30: =IF(L30<0,L30*-1,0) -> 16.991858 | AM30: =AK30+AL30 -> 38.891858 | AV30: 0 | AW30: 52 | AX30: 19 | AZ30: =SUM(N30,P30:U30) -> 3.7 | BA30: 0 | BB30: 6921
A31: =A30+1 -> 17 | B31: 6868.45 | C31: 183724 | D31: =C31-C30 -> 105 | E31: =C31-152000 -> 31724 | F31: =D31/$D$2 -> 52.936728 | G31: 52 | H31: 0 | I31: =G31+H31 -> 52 | J31: =IF(L31>0,L31,0) -> 23.206728 | K31: =I31+J31 -> 75.206728 | L31: =F31-(I31-AK31) -> 23.206728 | M31: 3.87 | N31: 0 | O31: 0 | P31: 0 | Q31: =926100/325851/1.9835*1.02 -> 1.4615268 | R31: =((1078992/646272)*1.04)-T31 -> 1.3142369 | S31: 0 | T31: =(0.3829*1.06)*1.04 -> 0.42210896 | U31: =M31-(Q31+R31+S31+T31) -> 0.67212736 | V31: 0 | W31: 0 | X31: =M31-N31-P31-O31-Q31-R31-S31-T31-U31+V31+W31 -> 0 | Y31: =X31-AO31 -> 0 | AE31: 0 | AH31: 18.4 | AI31: =AI30-AH31 -> 1598.6368 | AK31: =N31+O31+P31+Q31+R31+S31+T31+U31+X31+AE31+AH31 -> 22.27 | AL31: =IF(L31<0,L31*-1,0) -> 0 | AM31: =AK31+AL31 -> 22.27 | AV31: 0 | AW31: 54 | AX31: 20 | AZ31: =SUM(N31,P31:U31) -> 3.87 | BA31: 0 | BB31: 6917
A32: =A31+1 -> 18 | B32: 6868.46 | C32: 183750 | D32: =C32-C31 -> 26 | E32: =C32-152000 -> 31750 | F32: =D32/$D$2 -> 13.108142 | G32: 52 | H32: 0 | I32: =G32+H32 -> 52 | J32: =IF(L32>0,L32,0) -> 0 | K32: =I32+J32 -> 52 | L32: =F32-(I32-AK32) -> -17.381858 | M32: 3.11 | N32: 0 | O32: 0 | P32: 0 | Q32: =902200/325851/1.9835*1.02 -> 1.423809 | R32: =((1145984/646272)*1.04)-T32 -> 1.4220424 | S32: 0 | T32: =(0.3829*1.06)*1.04 -> 0.42210896 | U32: =M32-(Q32+R32+S32+T32) -> -0.15796031 | V32: 0 | W32: 0 | X32: =M32-N32-P32-O32-Q32-R32-S32-T32-U32+V32+W32 -> 0 | Y32: =X32-AO32 -> 0 | AE32: 0 | AH32: 18.4 | AI32: =AI31-AH32 -> 1580.2368 | AK32: =N32+O32+P32+Q32+R32+S32+T32+U32+X32+AE32+AH32 -> 21.51 | AL32: =IF(L32<0,L32*-1,0) -> 17.381858 | AM32: =AK32+AL32 -> 38.891858 | AV32: 0 | AW32: 56 | AX32: 23 | AZ32: =SUM(N32,P32:U32) -> 3.11 | BA32: 0 | BB32: 6931
A33: =A32+1 -> 19 | B33: 6868.49 | C33: 183828 | D33: =C33-C32 -> 78 | E33: =C33-152000 -> 31828 | F33: =D33/$D$2 -> 39.324427 | G33: 52 | H33: 0 | I33: =G33+H33 -> 52 | J33: =IF(L33>0,L33,0) -> 9.1744265 | K33: =I33+J33 -> 61.174427 | L33: =F33-(I33-AK33) -> 9.1744265 | M33: 3.35 | N33: 0 | O33: 0 | P33: 0 | Q33: =1140500/325851/1.9835*1.02 -> 1.7998827 | R33: =((1171808/646272)*1.04)-T33 -> 1.4635991 | S33: 0 | T33: =(0.3829*1.06)*1.04 -> 0.42210896 | U33: =M33-(Q33+R33+S33+T33) -> -0.33559074 | V33: 0 | W33: 0 | X33: =M33-N33-P33-O33-Q33-R33-S33-T33-U33+V33+W33 -> 0 | Y33: =X33-AO33 -> 0 | AE33: 0 | AH33: 18.5 | AI33: =AI32-AH33 -> 1561.7368 | AK33: =N33+O33+P33+Q33+R33+S33+T33+U33+X33+AE33+AH33 -> 21.85 | AL33: =IF(L33<0,L33*-1,0) -> 0 | AM33: =AK33+AL33 -> 21.85 | AV33: 0 | AW33: 54 | AX33: 22 | AZ33: =SUM(N33,P33:U33) -> 3.35 | BA33: 0 | BB33: 6943
A34: =A33+1 -> 20 | B34: 6868.51 | C34: 183880 | D34: =C34-C33 -> 52 | E34: =C34-152000 -> 31880 | F34: =D34/$D$2 -> 26.216284 | G34: 51 | H34: 0 | I34: =G34+H34 -> 51 | J34: =IF(L34>0,L34,0) -> 0 | K34: =I34+J34 -> 51 | L34: =F34-(I34-AK34) -> -3.3537157 | M34: 2.93 | N34: 0 | O34: 0 | P34: 0 | Q34: =1388000/325851/1.9835*1.02 -> 2.1904754 | R34: =((1105072/646272)*1.04)-T34 -> 1.3562056 | S34: 0 | T34: =(0.3829*1.06)*1.04 -> 0.42210896 | U34: =M34-(Q34+R34+S34+T34) -> -1.0387899 | V34: 0 | W34: 0 | X34: =M34-N34-P34-O34-Q34-R34-S34-T34-U34+V34+W34 -> 0 | Y34: =X34-AO34 -> 0 | AE34: 0 | AH34: 18.5 | AI34: =AI33-AH34 -> 1543.2368 | AK34: =N34+O34+P34+Q34+R34+S34+T34+U34+X34+AE34+AH34 -> 21.43 | AL34: =IF(L34<0,L34*-1,0) -> 3.3537157 | AM34: =AK34+AL34 -> 24.783716 | AV34: 0 | AW34: 56 | AX34: 22 | AZ34: =SUM(N34,P34:U34) -> 2.93 | BA34: 0 | BB34: 6956
A35: =A34+1 -> 21 | B35: 6868.53 | C35: 183932 | D35: =C35-C34 -> 52 | E35: =C35-152000 -> 31932 | F35: =D35/$D$2 -> 26.216284 | G35: 51 | H35: 0 | I35: =G35+H35 -> 51 | J35: =IF(L35>0,L35,0) -> 0 | K35: =I35+J35 -> 51 | L35: =F35-(I35-AK35) -> -3.0237157 | M35: 3.26 | N35: 0 | O35: 0 | P35: 0 | Q35: =913900/325851/1.9835*1.02 -> 1.4422734 | R35: =((1196464/646272)*1.04)-T35 -> 1.5032763 | S35: 0 | T35: =(0.3829*1.06)*1.04 -> 0.42210896 | U35: =M35-(Q35+R35+S35+T35) -> -0.1076586 | V35: 0 | W35: 0 | X35: =M35-N35-P35-O35-Q35-R35-S35-T35-U35+V35+W35 -> 0 | Y35: =X35-AO35 -> 0 | AE35: 0 | AH35: 18.5 | AI35: =AI34-AH35 -> 1524.7368 | AK35: =N35+O35+P35+Q35+R35+S35+T35+U35+X35+AE35+AH35 -> 21.76 | AL35: =IF(L35<0,L35*-1,0) -> 3.0237157 | AM35: =AK35+AL35 -> 24.783716 | AV35: 0 | AW35: 54 | AX35: 21 | AZ35: =SUM(N35,P35:U35) -> 3.26 | BA35: 0 | BB35: 6960
A36: =A35+1 -> 22 | B36: 6868.55 | C36: 183984 | D36: =C36-C35 -> 52 | E36: =C36-152000 -> 31984 | F36: =D36/$D$2 -> 26.216284 | G36: 51 | H36: 0 | I36: =G36+H36 -> 51 | J36: =IF(L36>0,L36,0) -> 0 | K36: =I36+J36 -> 51 | L36: =F36-(I36-AK36) -> -3.0837157 | M36: 3.2 | N36: 0 | O36: 0 | P36: 0 | Q36: =1057100/325851/1.9835*1.02 -> 1.6682648 | R36: =((1105904/646272)*1.04)-T36 -> 1.3575444 | S36: 0 | T36: =(0.3829*1.06)*1.04 -> 0.42210896 | U36: =M36-(Q36+R36+S36+T36) -> -0.24791818 | V36: 0 | W36: 0 | X36: =M36-N36-P36-O36-Q36-R36-S36-T36-U36+V36+W36 -> 0 | Y36: =X36-AO36 -> 0 | AE36: 0 | AH36: 18.5 | AI36: =AI35-AH36 -> 1506.2368 | AK36: =N36+O36+P36+Q36+R36+S36+T36+U36+X36+AE36+AH36 -> 21.7 | AL36: =IF(L36<0,L36*-1,0) -> 3.0837157 | AM36: =AK36+AL36 -> 24.783716 | AV36: 0 | AW36: 52 | AX36: 20 | AZ36: =SUM(N36,P36:U36) -> 3.2 | BA36: 0 | BB36: 6976
A37: =A36+1 -> 23 | B37: 6868.58 | C37: 184063 | D37: =C37-C36 -> 79 | E37: =C37-152000 -> 32063 | F37: =D37/$D$2 -> 39.828586 | G37: 51 | H37: 0 | I37: =G37+H37 -> 51 | J37: =IF(L37>0,L37,0) -> 10.228586 | K37: =I37+J37 -> 61.228586 | L37: =F37-(I37-AK37) -> 10.228586 | M37: 2.9 | N37: 0 | O37: 0 | P37: 0 | Q37: =1025400/325851/1.9835*1.02 -> 1.6182374 | R37: =((1160656/646272)*1.04)-T37 -> 1.445653 | S37: 0 | T37: =(0.3829*1.06)*1.04 -> 0.42210896 | U37: =M37-(Q37+R37+S37+T37) -> -0.58599929 | V37: 0 | W37: 0 | X37: =M37-N37-P37-O37-Q37-R37-S37-T37-U37+V37+W37 -> 0 | Y37: =X37-AO37 -> 0 | AE37: 0 | AH37: 18.5 | AI37: =AI36-AH37 -> 1487.7368 | AK37: =N37+O37+P37+Q37+R37+S37+T37+U37+X37+AE37+AH37 -> 21.4 | AL37: =IF(L37<0,L37*-1,0) -> 0 | AM37: =AK37+AL37 -> 21.4 | AV37: 0 | AW37: 49 | AX37: 19 | AZ37: =SUM(N37,P37:U37) -> 2.9 | BA37: 0 | BB37: 6991
A38: =A37+1 -> 24 | B38: 6868.61 | C38: 184141 | D38: =C38-C37 -> 78 | E38: =C38-152000 -> 32141 | F38: =D38/$D$2 -> 39.324427 | G38: 51 | H38: 0 | I38: =G38+H38 -> 51 | J38: =IF(L38>0,L38,0) -> 9.2744265 | K38: =I38+J38 -> 60.274427 | L38: =F38-(I38-AK38) -> 9.2744265 | M38: 3.05 | N38: 0 | O38: 0 | P38: 0 | Q38: =932100/325851/1.9835*1.02 -> 1.4709957 | R38: =((1209152/646272)*1.04)-T38 -> 1.4379274 | S38: 0 | T38: =(0.4607*1.06)*1.04 -> 0.50787568 | U38: =M38-(Q38+R38+S38+T38) -> -0.36679888 | V38: 0 | W38: 0 | X38: =M38-N38-P38-O38-Q38-R38-S38-T38-U38+V38+W38 -> 0 | Y38: =X38-AO38 -> 0 | AE38: 0 | AH38: 17.9 | AI38: =AI37-AH38 -> 1469.8368 | AK38: =N38+O38+P38+Q38+R38+S38+T38+U38+X38+AE38+AH38 -> 20.95 | AL38: =IF(L38<0,L38*-1,0) -> 0 | AM38: =AK38+AL38 -> 20.95 | AV38: 0 | AW38: 54 | AX38: 14 | AZ38: =SUM(N38,P38:U38) -> 3.05 | BA38: 0 | BB38: 6996
A39: =A38+1 -> 25 | B39: 6868.63 | C39: 184193 | D39: =C39-C38 -> 52 | E39: =C39-152000 -> 32193 | F39: =D39/$D$2 -> 26.216284 | G39: 52 | H39: 0 | I39: =G39+H39 -> 52 | J39: =IF(L39>0,L39,0) -> 0 | K39: =I39+J39 -> 52 | L39: =F39-(I39-AK39) -> -5.4037157 | M39: 3.08 | N39: 0 | O39: 0 | P39: 0 | Q39: =950400/325851/1.9835*1.02 -> 1.4998759 | R39: =((1132272/646272)*1.04)-T39 -> 1.3142099 | S39: 0 | T39: =(0.4607*1.06)*1.04 -> 0.50787568 | U39: =M39-(Q39+R39+S39+T39) -> -0.24196149 | V39: 0 | W39: 0 | X39: =M39-N39-P39-O39-Q39-R39-S39-T39-U39+V39+W39 -> 0 | Y39: =X39-AO39 -> 0 | AE39: 0 | AH39: 17.3 | AI39: =AI38-AH39 -> 1452.5368 | AK39: =N39+O39+P39+Q39+R39+S39+T39+U39+X39+AE39+AH39 -> 20.38 | AL39: =IF(L39<0,L39*-1,0) -> 5.4037157 | AM39: =AK39+AL39 -> 25.783716 | AV39: 0 | AW39: 50 | AX39: 17 | AZ39: =SUM(N39,P39:U39) -> 3.08 | BA39: 0 | BB39: 7012
A40: =A39+1 -> 26 | B40: 6868.64 | C40: 184219 | D40: =C40-C39 -> 26 | E40: =C40-152000 -> 32219 | F40: =D40/$D$2 -> 13.108142 | G40: 52 | H40: 0 | I40: =G40+H40 -> 52 | J40: =IF(L40>0,L40,0) -> 0 | K40: =I40+J40 -> 52 | L40: =F40-(I40-AK40) -> -18.661858 | M40: 2.93 | N40: 0 | O40: 0 | P40: 0 | Q40: =1045500/325851/1.9835*1.02 -> 1.6499582 | R40: =((1148912/646272)*1.04)-T40 -> 1.3409875 | S40: 0 | T40: =(0.4607*1.06)*1.04 -> 0.50787568 | U40: =M40-(Q40+R40+S40+T40) -> -0.56882136 | V40: 0 | W40: 0 | X40: =M40-N40-P40-O40-Q40-R40-S40-T40-U40+V40+W40 -> 0 | Y40: =X40-AO40 -> 0 | AE40: 0 | AH40: 17.3 | AI40: =AI39-AH40 -> 1435.2368 | AK40: =N40+O40+P40+Q40+R40+S40+T40+U40+X40+AE40+AH40 -> 20.23 | AL40: =IF(L40<0,L40*-1,0) -> 18.661858 | AM40: =AK40+AL40 -> 38.891858 | AV40: 0 | AW40: 54 | AX40: 18 | AZ40: =SUM(N40,P40:U40) -> 2.93 | BA40: 0 | BB40: 7024
A41: =A40+1 -> 27 | B41: 6868.63 | C41: 184193 | D41: =C41-C40 -> -26 | E41: =C41-152000 -> 32193 | F41: =D41/$D$2 -> -13.108142 | G41: 52 | H41: 0 | I41: =G41+H41 -> 52 | J41: =IF(L41>0,L41,0) -> 0 | K41: =I41+J41 -> 52 | L41: =F41-(I41-AK41) -> -44.608142 | M41: 3.2 | N41: 0 | O41: 0 | P41: 0 | Q41: =983900/325851/1.9835*1.02 -> 1.552744 | R41: =((1104144/646272)*1.04)-T41 -> 1.2689455 | S41: 0 | T41: =(0.4607*1.06)*1.04 -> 0.50787568 | U41: =M41-(Q41+R41+S41+T41) -> -0.12956519 | V41: 0 | W41: 0 | X41: =M41-N41-P41-O41-Q41-R41-S41-T41-U41+V41+W41 -> 0 | Y41: =X41-AO41 -> 0 | AE41: 0 | AH41: 17.3 | AI41: =AI40-AH41 -> 1417.9368 | AK41: =N41+O41+P41+Q41+R41+S41+T41+U41+X41+AE41+AH41 -> 20.5 | AL41: =IF(L41<0,L41*-1,0) -> 44.608142 | AM41: =AK41+AL41 -> 65.108142 | AV41: 0 | AW41: 54 | AX41: 21 | AZ41: =SUM(N41,P41:U41) -> 3.2 | BA41: 0 | BB41: 7029
A42: =A41+1 -> 28 | B42: 6868.65 | C42: 184245 | D42: =C42-C41 -> 52 | E42: =C42-152000 -> 32245 | F42: =D42/$D$2 -> 26.216284 | G42: 51 | H42: 0 | I42: =G42+H42 -> 51 | J42: =IF(L42>0,L42,0) -> 0 | K42: =I42+J42 -> 51 | L42: =F42-(I42-AK42) -> -4.6837157 | M42: 2.8 | N42: 0 | O42: 0 | P42: 0 | Q42: =1003300/325851/1.9835*1.02 -> 1.5833602 | R42: =((1093792/646272)*1.04)-T42 -> 1.2522867 | S42: 0 | T42: =(0.4607*1.06)*1.04 -> 0.50787568 | U42: =M42-(Q42+R42+S42+T42) -> -0.5435226 | V42: 0 | W42: 0 | X42: =M42-N42-P42-O42-Q42-R42-S42-T42-U42+V42+W42 -> 0 | Y42: =X42-AO42 -> 0 | AE42: 0 | AH42: 17.3 | AI42: =AI41-AH42 -> 1400.6368 | AK42: =N42+O42+P42+Q42+R42+S42+T42+U42+X42+AE42+AH42 -> 20.1 | AL42: =IF(L42<0,L42*-1,0) -> 4.6837157 | AM42: =AK42+AL42 -> 24.783716 | AV42: 0 | AW42: 54 | AX42: 20 | AZ42: =SUM(N42,P42:U42) -> 2.8 | BA42: 0 | BB42: 7039
A43: =A42+1 -> 29 | B43: 6868.67 | C43: 184297 | D43: =C43-C42 -> 52 | E43: =C43-152000 -> 32297 | F43: =D43/$D$2 -> 26.216284 | G43: 51 | H43: 0 | I43: =G43+H43 -> 51 | J43: =IF(L43>0,L43,0) -> 0 | K43: =I43+J43 -> 51 | L43: =F43-(I43-AK43) -> -4.2437157 | M43: 3.24 | N43: 0 | O43: 0 | P43: 0 | Q43: =964600/325851/1.9835*1.02 -> 1.5222857 | R43: =((1206896/646272)*1.04)-T43 -> 1.434297 | S43: 0 | T43: =(0.4607*1.06)*1.04 -> 0.50787568 | U43: =M43-(Q43+R43+S43+T43) -> -0.2244584 | V43: 0 | W43: 0 | X43: =M43-N43-P43-O43-Q43-R43-S43-T43-U43+V43+W43 -> 0 | Y43: =X43-AO43 -> 0 | AE43: 0 | AH43: 17.3 | AI43: =AI42-AH43 -> 1383.3368 | AK43: =N43+O43+P43+Q43+R43+S43+T43+U43+X43+AE43+AH43 -> 20.54 | AL43: =IF(L43<0,L43*-1,0) -> 4.2437157 | AM43: =AK43+AL43 -> 24.783716 | AV43: 0 | AW43: 53 | AX43: 20 | AZ43: =SUM(N43,P43:U43) -> 3.24 | BA43: 0 | BB43: 7051
A44: 30 | B44: 6868.71 | C44: 184402 | D44: =C44-C43 -> 105 | E44: =C44-152000 -> 32402 | F44: =D44/$D$2 -> 52.936728 | G44: 52 | H44: 0 | I44: =G44+H44 -> 52 | J44: =IF(L44>0,L44,0) -> 21.266728 | K44: =I44+J44 -> 73.266728 | L44: =F44-(I44-AK44) -> 21.266728 | M44: 3.03 | N44: 0 | O44: 0 | P44: 0 | Q44: =896100/325851/1.9835*1.02 -> 1.4141823 | R44: =((1182480/646272)*1.04)-T44 -> 1.3950061 | S44: 0 | T44: =(0.4607*1.06)*1.04 -> 0.50787568 | U44: =M44-(Q44+R44+S44+T44) -> -0.28706402 | V44: 0 | W44: 0 | X44: =M44-N44-P44-O44-Q44-R44-S44-T44-U44+V44+W44 -> 0 | Y44: =X44-AO44 -> 0 | AE44: 0 | AH44: 17.3 | AI44: =AI43-AH44 -> 1366.0368 | AK44: =N44+O44+P44+Q44+R44+S44+T44+U44+X44+AE44+AH44 -> 20.33 | AL44: =IF(L44<0,L44*-1,0) -> 0 | AM44: =AK44+AL44 -> 20.33 | AV44: 0.02 | AW44: 53 | AX44: 32 | AZ44: =SUM(N44,P44:U44) -> 3.03 | BA44: 0 | BB44: 7099
A45: 31 | B45: 6868.74 | C45: 184480 | D45: =C45-C44 -> 78 | E45: =C45-152000 -> 32480 | F45: =D45/$D$2 -> 39.324427 | G45: 51 | H45: 0 | I45: =G45+H45 -> 51 | J45: =IF(L45>0,L45,0) -> 8.2044265 | K45: =I45+J45 -> 59.204427 | L45: =F45-(I45-AK45) -> 8.2044265 | M45: 2.58 | N45: 0 | O45: 0 | P45: 0 | Q45: =764900/325851/1.9835*1.02 -> 1.2071287 | R45: =((1164208/646272)*1.04)-T45 -> 1.3267978 | S45: 0 | T45: =(0.4959*1.06)*1.04 -> 0.54668016 | U45: =M45-(Q45+R45+S45+T45) -> -0.5006066 | V45: 0 | W45: 0 | X45: =M45-N45-P45-O45-Q45-R45-S45-T45-U45+V45+W45 -> 0 | Y45: =X45-AO45 -> 0 | AE45: 0 | AH45: 17.3 | AI45: =AI44-AH45 -> 1348.7368 | AK45: =N45+O45+P45+Q45+R45+S45+T45+U45+X45+AE45+AH45 -> 19.88 | AL45: =IF(L45<0,L45*-1,0) -> 0 | AM45: =AK45+AL45 -> 19.88 | AV45: 0.18 | AW45: 46 | AX45: 25 | AZ45: =SUM(N45,P45:U45) -> 2.58 | BA45: 0 | BB45: 7131
X46: =M46-N46-O46-Q46-R46-S46+V46+W46 -> 0 | Y46: =N46-O46-P46-R46-S46-U46+W46+X46 -> 0 | AK46: =N46+O46+Q46+R46+S46+X46+AE46+AH46 -> 0
A47: MONTH / CFS | F47: =SUM(F15:F45) -> 973.02748 | G47: =SUM(G15:G45) -> 1637 | H47: =SUM(H15:H45) -> 0 | I47: =SUM(I15:I45) -> 1637 | J47: =SUM(J15:J45) -> 273.19862 | K47: =SUM(K15:K45) -> 1910.1986 | L47: =SUM(L15:L45) -> -13.562523 | M47: =SUM(M15:M45) -> 95.31 | ... O47: =SUM(O15:O45) -> 0 | Q47: =SUM(Q15:Q45) -> 50.506397 | R47: =SUM(R15:R45) -> 44.894643 | S47: =SUM(S15:S45) -> 0 | T47: =SUM(T15:T45) -> 14.578799 | U47: =SUM(U15:U45) -> -14.669839 | V47: =SUM(V15:V45) -> 0 | W47: =SUM(W15:W45) -> 0 | X47: =SUM(X15:X45) -> 0 | Y47: =SUM(Y15:Y45) -> 0 | AC47: =SUM(AC15:AC45) -> 0 | AH47: =SUM(AH15:AH45) -> 555.1 | AJ47: =SUM(AJ15:AJ45) -> 0 | AK47: =SUM(AK15:AK45) -> 650.41 | AL47: =SUM(AL15:AL45) -> 286.76114 | AM47: =SUM(AM15:AM45) -> 937.17114 | AN47: =SUM(AN15:AN45) -> 0 | AO47: =SUM(AO15:AO45) -> 0 | AV47: =SUM(AV15:AV45) -> 0.2 | AW47: =AVERAGE(AW15:AW45) -> 49.935484 | AX47: =AVERAGE(AX15:AX45) -> 19.322581 | AY47: Avg | AZ47: =SUM(AZ15:AZ45) -> 95.31 | BA47: =SUM(BA15:BA45) -> 0
A48: MONTH / AF | D48: =SUM(D15:D45) -> 1930 | F48: =F47*$D$2 -> 1930 | G48: =G47*$D$2 -> 3246.9895 | H48: =H47*$D$2 -> 0 | I48: =I47*$D$2 -> 3246.9895 | J48: =J47*$D$2 -> 541.88945 | K48: =K47*$D$2 -> 3788.879 | L48: =L47*$D$2 -> -26.901265 | M48: =M47*$D$2 -> 189.04738 | ... O48: =O47*$D$2 -> 0 | Q48: =Q47*$D$2 -> 100.17944 | R48: =R47*$D$2 -> 89.048525 | S48: =S47*$D$2 -> 0 | T48: =T47*$D$2 -> 28.917048 | U48: =U47*$D$2 -> -29.097626 | V48: =V47*$D$2 -> 0 | W48: =W47*$D$2 -> 0 | X48: =X47*$D$2 -> 0 | Y48: =Y47*$D$2 -> 0 | AC48: =AC47*$D$2 -> 0 | AH48: =AH47*$D$2 -> 1101.0409 | AJ48: =AJ47*$D$2 -> 0 | AK48: =AK47*$D$2 -> 1290.0882 | AL48: =AL47*$D$2 -> 568.79072 | AM48: =AM47*$D$2 -> 1858.879 | AN48: =AN47*$D$2 -> 0 | AO48: =AO47*$D$2 -> 0 | AW48: =MAX(AW15:AW45) -> 56 | AX48: =MAX(AX15:AX45) -> 32 | AY48: HI | AZ48: =AZ47*$D$2 -> 189.04738 | BA48: =BA47*D2 -> 0
A50: SEASON / CFS | AW50: =MIN(AW15:AW45) -> 40 | AX50: =MIN(AX15:AX45) -> 5 | AY50: LO
A51: SEASON / AF
A53: YTD / CFS | F53: =F13+F47 -> 5423.7459 | G53: =G13+G47 -> 6891 | H53: =H13+H47 -> 9.194 | I53: =I13+I47 -> 6899.574 | J53: =J13+J47 -> 1253.4537 | K53: =K13+K47 -> 8153.0277 | L53: =L13+L47 -> 460.2319 | M53: =M13+M47 -> 284.96 | N53: =N13+N47 -> 0 | O53: 0 | Q53: =Q13+Q47 -> 148.35145 | R53: =R13+R47 -> 147.86131 | S53: =S13+S47 -> 0 | T53: =T13+T47 -> 42.70422 | U53: =U13+U47 -> -53.956985 | V53: =V13+V47 -> 0 | W53: =W13+W47 -> 0 | X53: =X13+X47 -> -15.0402 | Y53: =Y13+Y47 -> -15.0402 | AC53: =AC13+AC47 -> 1714.14 | AH53: =AH13+AH47 -> 1651.1 | AI53: =AI45 -> 1348.7368 | AJ53: =AJ14+AJ47 -> 0 | AK53: =AK13+AK47 -> 1936.06 | AL53: =AL13+AL47 -> 793.22175 | AM53: =AM13+AM47 -> 2729.2818 | AN53: =AN13+AN47 -> 0 | AO53: =AO13+AO47 -> 0 | AV53: =AV13+AV47 -> 2.27 | AZ53: =AZ13+AZ47 -> 284.96 | BA53: =BA47+BA13 -> 0
A54: YTD / AF | D54: =D13+D48 -> 10758 | E54: =E45 -> 32480 | F54: =F53*$D$2 -> 10758 | G54: =G53*$D$2 -> 13668.299 | H54: =H53*$D$2 -> 18.236299 | I54: =I53*$D$2 -> 13685.305 | J54: =J53*$D$2 -> 2486.2253 | K54: =K53*$D$2 -> 16171.53 | L54: =L53*$D$2 -> 912.86998 | M54: =M53*$D$2 -> 565.21816 | ... O54: =O53*$D$2 -> 0 | Q54: =Q53*$D$2 -> 294.25511 | R54: =R53*$D$2 -> 293.28291 | S54: =S53*$D$2 -> 0 | T54: =T53*$D$2 -> 84.70382 | U54: =U53*$D$2 -> -107.02368 | V54: =V53*$D$2 -> 0 | W54: =W53*$D$2 -> 0 | X54: =X53*$D$2 -> -29.832237 | Y54: =Y53*$D$2 -> -29.832237 | AC54: =AC53*$D$2 -> 3399.9967 | AH54: =AH53*$D$2 -> 3274.9569 | AI54: =AI53*$D$2 -> 2675.2195 | AJ54: =AJ53*$D$2 -> 0 | AK54: =AK53*$D$2 -> 3840.175 | AL54: =AL53*$D$2 -> 1573.3553 | AM54: =AM53*$D$2 -> 5413.5304 | AN54: =AN53*$D$2 -> 0 | AO54: =AO53*$D$2 -> 0 | AZ54: =AZ53*$D$2 -> 565.21816 | BA54: =BA53*D2 -> 0

Sheet FEB
K1: MCPHEE RESERVOIR INFLOW/OUTFLOW TABULATION
A2: AF/cfs CONVERT FACTOR | D2: 1.9835 | K2: FEBRUARY "2014"
D4: RESERVOIR | I4: INFLOW | X4: OUTFLOW | AP4: ADJUSTMENTS | AW4: WEATHER
A5: DATE | B5: RESERV | C5: RESERV | D5: AC FT | E5: ACTIVE | F5: CONV TO | G5: DOLORES | H5: LOST | I5: RECORD | J5: CALC | K5: TOTAL | L5: CALC | M5: DOLORES TUNNEL | V5: LONE | W5: U | X5: TOTAL | Y5: TOTAL | Z5: MVI | AA5: MVI | AB5: MVI | AC5: TO EX & | AD5: MVI | AE5: DV CR | AF5: D/S SENIOR | AH5: BELOW | AI5: FISH | AJ5: SPILL | AK5: RECORD | AL5: CALC | AM5: TOTAL | AN5: NAR | AO5: MVI | AP5: MVI | AQ5: MVI | AR5: DIST. | AS5: U/S | AT5: TOTTEN | AU5: UTES | AV5: RAIN | AW5: MAX | AX5: MIN | AZ5: TOTAL | BA5: GRNDHOG | BB5: GRNDHOG
A6: FEB | B6: ELEV | D6: CHANGE | E6: CAP | F6: CFS | G6: RIVER | H6: CAN | I6: INFLOW | J6: INFLOW | K6: INFLOW | L6: INF/OTF | M6: TOT DIV | N6: WET | O6: UTE | P6: QUEST | Q6: MWC | R6: CORTEZ | T6: UTE | U6: F-BAY | V6: PINE | W6: LAT | X6: MVI | Y6: MVI | Z6: CALL | AA6: CALL | AB6: APR- | AC6: U/S EX | AD6: PROJ | AE6: CANAL | AF6: MVIC | AG6: PROJ | AH6: MCP | AI6: LEFT | AK6: OTF | AL6: OTF | AM6: OTF | AN6: FILL | AO6: STOCK | AP6: STORED | AQ6: STORED | AR6: CLASS | AS6: USERS | AT6: (FRESH | AU6: FROM | AW6: TMP | AX6: TMP | AZ6: TUNNEL | BA6: DISCHARGE | BB6: CAPACITY
N7: LAND | O7: F&R | Q7: NON - | R7: NON - | S7: PROJ | T7: PROJ | U7: BAL | X7: WATER | Y7: IRRIG. | Z7: STOR | AA7: SPILLED | AB7: JUNE | AF7: 1.7 | AG7: 1.3 | AI7: 12682.175 | AP7: Apr - Jun | AQ7: EVAP | AR7: "B" | AS7: EXCH | AT7: WATER) | AU7: DWCD | AZ7: Misc.
Q8: PROJ | R8: PROJ | X8: USED | Y8: WATER | AA8: OR | AB8: (DIV+
R9: 4.2 | Y9: USED | AA9: USED | AB9: CALL) | BB9: FP = 5394
C10: AC. Ft. | E10: AC FT | G10: CFS | H10: CFS | I10: CFS | J10: CFS | K10: CFS | L10: CFS | M10: CFS | N10: CFS | O10: CFS | P10: CFS | Q10: CFS | R10: CFS | S10: CFS | T10: CFS | U10: CFS | V10: CFS | W10: CFS | X10: 153400 | Y10: 150400 | AB10: 72000 | AC10: CFS | AD10: CFS | AE10: CFS | AF10: CFS | AG10: CFS | AH10: CFS | AI10: CFS | AJ10: CFS | AK10: CFS | AL10: CFS | AM10: CFS | AN10: CFS | AO10: CFS | AP10: CFS | AQ10: AC.FT. | AR10: CFS | AS10: CFS | AT10: CFS | AU10: CFS | AZ10: Outflow | BA10: CFS | BB10: AC FT
N11: 1.03 | O11: 1.05 | P11: 1.02 | Q11: 1.02 | R11: 1.04 | T11: 1.04 | X11: CFS | Y11: CFS | Z11: CFS | AA11: CFS | AB11: Ac. Ft. | AZ11: CFS
A12: SEASON BAL
A13: YTD | B13: =JAN!B45 -> 6868.74 | C13: =JAN!C45 -> 184480 | D13: =JAN!D54 -> 10758 | E13: =JAN!E54 -> 32480 | F13: =JAN!F53 -> 5423.7459 | G13: =JAN!G53 -> 6891 | H13: =JAN!H53 -> 9.194 | I13: =JAN!I53 -> 6899.574 | J13: =JAN!J53 -> 1253.4537 | K13: =JAN!K53 -> 8153.0277 | L13: =JAN!L53 -> 460.2319 | M13: =JAN!M53 -> 284.96 | ... Y13: =JAN!Y53 -> -15.0402 | AC13: =JAN!AC53 -> 1714.14 | AH13: =JAN!AH53 -> 1651.1 | AI13: =JAN!AI53 -> 1348.7368 | AJ13: =JAN!AJ53 -> 0 | AK13: =JAN!AK53 -> 1936.06 | AL13: =JAN!AL53 -> 793.22175 | AM13: =JAN!AM53 -> 2729.2818 | AN13: =JAN!AN53 -> 0 | AO13: =JAN!AO53 -> 0 | AV13: =JAN!AV53 -> 2.27 | AZ13: =JAN!AZ53 -> 284.96 | BA13: =JAN!BA53 -> 0
A15: 1 | B15: 6868.78 | C15: 184584 | D15: =C15-C13 -> 104 | E15: =C15-152000 -> 32584 | F15: =D15/$D$2 -> 52.432569 | G15: 51 | H15: 0 | I15: =G15+H15 -> 51 | J15: =IF(L15>0,L15,0) -> 21.872569 | K15: =I15+J15 -> 72.872569 | L15: =F15-(I15-AK15) -> 21.872569 | M15: 3.14 | N15: 0 | O15: 0 | P15: 0 | Q15: =921100/325851/1.9835*1.02 -> 1.4536361 | R15: =((1160032/646272)*1.04)-T15 -> 1.4050727 | S15: 0 | T15: =(0.4188*1.06)*1.04 -> 0.46168512 | U15: =M15-(Q15+R15+S15+T15) -> -0.18039384 | V15: 0 | W15: 0 | X15: =M15-N15-O15-P15-Q15-R15-S15-T15-U15+V15+W15 -> 0 | Y15: =X15-AO15 -> 0 | AE15: 0 | AH15: 17.3 | AI15: =AI13-AH15 -> 1331.4368 | AK15: =N15+O15+P15+Q15+R15+S15+T15+U15+X15+AE15+AH15 -> 20.44 | AL15: =IF(L15<0,L15*-1,0) -> 0 | AM15: =AK15+AL15 -> 20.44 | AV15: 0.07 | AW15: 39 | AX15: 14 | AZ15: =SUM(N15,P15:U15) -> 3.14 | BA15: 0 | BB15: 7162
A16: =A15+1 -> 2 | B16: 6868.81 | C16: 184663 | D16: =C16-C15 -> 79 | E16: =C16-152000 -> 32663 | F16: =D16/$D$2 -> 39.828586 | G16: 51 | H16: 0 | I16: =G16+H16 -> 51 | J16: =IF(L16>0,L16,0) -> 8.7085858 | K16: =I16+J16 -> 59.708586 | L16: =F16-(I16-AK16) -> 8.7085858 | M16: 2.58 | N16: 0 | O16: 0 | P16: 0 | Q16: =909300/325851/1.9835*1.02 -> 1.4350139 | R16: =((1169296/646272)*1.04)-T16 -> 1.4199806 | S16: 0 | T16: =(0.4188*1.06)*1.04 -> 0.46168512 | U16: =M16-(Q16+R16+S16+T16) -> -0.73667955 | V16: 0 | W16: 0 | X16: =M16-N16-O16-P16-Q16-R16-S16-T16-U16+V16+W16 -> 0 | Y16: =X16-AO16 -> 0 | AE16: 0 | AH16: 17.3 | AI16: =AI15-AH16 -> 1314.1368 | AK16: =N16+O16+P16+Q16+R16+S16+T16+U16+X16+AE16+AH16 -> 19.88 | AL16: =IF(L16<0,L16*-1,0) -> 0 | AM16: =AK16+AL16 -> 19.88 | AV16: 0.03 | AW16: 37 | AX16: 8 | AZ16: =SUM(N16,P16:U16) -> 2.58 | BA16: 0 | BB16: 7177
A17: =A16+1 -> 3 | B17: 6868.87 | C17: 184819 | D17: =C17-C16 -> 156 | E17: =C17-152000 -> 32819 | F17: =D17/$D$2 -> 78.648853 | G17: 50 | H17: 0 | I17: =G17+H17 -> 50 | J17: =IF(L17>0,L17,0) -> 49.168853 | K17: =I17+J17 -> 99.168853 | L17: =F17-(I17-AK17) -> 49.168853 | M17: 3.12 | N17: 0 | O17: 0 | P17: 0 | Q17: =1039500/325851/1.9835*1.02 -> 1.6404893 | R17: =((1183968/646272)*1.04)-T17 -> 1.4435912 | S17: 0 | T17: =(0.4188*1.06)*1.04 -> 0.46168512 | U17: =M17-(Q17+R17+S17+T17) -> -0.42576559 | V17: 0 | W17: 0 | X17: =M17-N17-O17-P17-Q17-R17-S17-T17-U17+V17+W17 -> 0 | Y17: =X17-AO17 -> 0 | AE17: 0 | AH17: 17.4 | AI17: =AI16-AH17 -> 1296.7368 | AK17: =N17+O17+P17+Q17+R17+S17+T17+U17+X17+AE17+AH17 -> 20.52 | AL17: =IF(L17<0,L17*-1,0) -> 0 | AM17: =AK17+AL17 -> 20.52 | AV17: 0.14 | AW17: 35 | AX17: 10 | AZ17: =SUM(N17,P17:U17) -> 3.12 | BA17: 0 | BB17: 7194
A18: =A17+1 -> 4 | B18: 6868.9 | C18: 184897 | D18: =C18-C17 -> 78 | E18: =C18-152000 -> 32897 | F18: =D18/$D$2 -> 39.324427 | G18: 51 | H18: 0 | I18: =G18+H18 -> 51 | J18: =IF(L18>0,L18,0) -> 8.7844265 | K18: =I18+J18 -> 59.784427 | L18: =F18-(I18-AK18) -> 8.7844265 | M18: 2.56 | N18: 0 | O18: 0 | P18: 0 | Q18: =762100/325851/1.9835*1.02 -> 1.2027099 | R18: =((1168704/646272)*1.04)-T18 -> 1.4190279 | S18: 0 | T18: =(0.4188*1.06)*1.04 -> 0.46168512 | U18: =M18-(Q18+R18+S18+T18) -> -0.52342287 | V18: 0 | W18: 0 | X18: =M18-N18-O18-P18-Q18-R18-S18-T18-U18+V18+W18 -> 0 | Y18: =X18-AO18 -> 0 | AE18: 0 | AH18: 17.9 | AI18: =AI17-AH18 -> 1278.8368 | AK18: =N18+O18+P18+Q18+R18+S18+T18+U18+X18+AE18+AH18 -> 20.46 | AL18: =IF(L18<0,L18*-1,0) -> 0 | AM18: =AK18+AL18 -> 20.46 | AV18: 0.03 | AW18: 32 | AX18: 13 | AZ18: =SUM(N18,P18:U18) -> 2.56 | BA18: 0 | BB18: 7220
A19: =A18+1 -> 5 | B19: 6868.92 | C19: 184950 | D19: =C19-C18 -> 53 | E19: =C19-152000 -> 32950 | F19: =D19/$D$2 -> 26.720444 | G19: 50 | H19: 0 | I19: =G19+H19 -> 50 | J19: =IF(L19>0,L19,0) -> 0 | K19: =I19+J19 -> 50 | L19: =F19-(I19-AK19) -> -2.3495563 | M19: 3.03 | N19: 0 | O19: 0 | P19: 0 | Q19: =847200/325851/1.9835*1.02 -> 1.3370106 | R19: =((1157328/646272)*1.04)-T19 -> 1.4007213 | S19: 0 | T19: =(0.4188*1.06)*1.04 -> 0.46168512 | U19: =M19-(Q19+R19+S19+T19) -> -0.16941703 | V19: 0 | W19: 0 | X19: =M19-N19-O19-P19-Q19-R19-S19-T19-U19+V19+W19 -> 0 | Y19: =X19-AO19 -> 0 | AE19: 0 | AH19: 17.9 | AI19: =AI18-AH19 -> 1260.9368 | AK19: =N19+O19+P19+Q19+R19+S19+T19+U19+X19+AE19+AH19 -> 20.93 | AL19: =IF(L19<0,L19*-1,0) -> 2.3495563 | AM19: =AK19+AL19 -> 23.279556 | AV19: 0 | AW19: 36 | AX19: 6 | AZ19: =SUM(N19,P19:U19) -> 3.03 | BA19: 0 | BB19: 7233
A20: =A19+1 -> 6 | B20: 6868.96 | C20: 185054 | D20: =C20-C19 -> 104 | E20: =C20-152000 -> 33054 | F20: =D20/$D$2 -> 52.432569 | G20: 50 | H20: 0 | I20: =G20+H20 -> 50 | J20: =IF(L20>0,L20,0) -> 23.082569 | K20: =I20+J20 -> 73.082569 | L20: =F20-(I20-AK20) -> 23.082569 | M20: 2.75 | N20: 0 | O20: 0 | P20: 0 | Q20: =885100/325851/1.9835*1.02 -> 1.3968226 | R20: =((1171520/646272)*1.04)-T20 -> 1.4235595 | S20: 0 | T20: =(0.4188*1.06)*1.04 -> 0.46168512 | U20: =M20-(Q20+R20+S20+T20) -> -0.53206719 | V20: 0 | W20: 0 | X20: =M20-N20-O20-P20-Q20-R20-S20-T20-U20+V20+W20 -> 0 | Y20: =X20-AO20 -> 0 | AE20: 0 | AH20: 17.9 | AI20: =AI19-AH20 -> 1243.0368 | AK20: =N20+O20+P20+Q20+R20+S20+T20+U20+X20+AE20+AH20 -> 20.65 | AL20: =IF(L20<0,L20*-1,0) -> 0 | AM20: =AK20+AL20 -> 20.65 | AV20: 0 | AW20: 42 | AX20: 10 | AZ20: =SUM(N20,P20:U20) -> 2.75 | BA20: 0 | BB20: 7265
A21: =A20+1 -> 7 | B21: 6869.01 | C21: 185185 | D21: =C21-C20 -> 131 | E21: =C21-152000 -> 33185 | F21: =D21/$D$2 -> 66.04487 | G21: 51 | H21: 0 | I21: =G21+H21 -> 51 | J21: =IF(L21>0,L21,0) -> 35.62487 | K21: =I21+J21 -> 86.62487 | L21: =F21-(I21-AK21) -> 35.62487 | M21: 2.68 | N21: 0 | O21: 0 | P21: 0 | Q21: =725300/325851/1.9835*1.02 -> 1.1446339 | R21: =((1180784/646272)*1.04)-T21 -> 1.4615075 | S21: 0 | T21: =(0.3979*1.06)*1.04 -> 0.43864496 | U21: =M21-(Q21+R21+S21+T21) -> -0.36478636 | V21: 0 | W21: 0 | X21: =M21-N21-O21-P21-Q21-R21-S21-T21-U21+V21+W21 -> 0 | Y21: =X21-AO21 -> 0 | AE21: 0 | AH21: 17.9 | AI21: =AI20-AH21 -> 1225.1368 | AK21: =N21+O21+P21+Q21+R21+S21+T21+U21+X21+AE21+AH21 -> 20.58 | AL21: =IF(L21<0,L21*-1,0) -> 0 | AM21: =AK21+AL21 -> 20.58 | AV21: 0.1 | AW21: 40 | AX21: 21 | AZ21: =SUM(N21,P21:U21) -> 2.68 | BA21: 0 | BB21: 7296
A22: =A21+1 -> 8 | B22: 6869.02 | C22: 185211 | D22: =C22-C21 -> 26 | E22: =C22-152000 -> 33211 | F22: =D22/$D$2 -> 13.108142 | G22: 51 | H22: 0 | I22: =G22+H22 -> 51 | J22: =IF(L22>0,L22,0) -> 0 | K22: =I22+J22 -> 51 | L22: =F22-(I22-AK22) -> -17.161858 | M22: 2.83 | N22: 0 | O22: 0 | P22: 0 | Q22: =863000/325851/1.9835*1.02 -> 1.3619454 | R22: =((160090/646272)*1.04)-T22 -> -0.1810234 | S22: 0 | T22: =(0.3979*1.06)*1.04 -> 0.43864496 | U22: =M22-(Q22+R22+S22+T22) -> 1.210433 | V22: 0 | W22: 0 | X22: =M22-N22-O22-P22-Q22-R22-S22-T22-U22+V22+W22 -> 0 | Y22: =X22-AO22 -> 0 | AE22: 0 | AH22: 17.9 | AI22: =AI21-AH22 -> 1207.2368 | AK22: =N22+O22+P22+Q22+R22+S22+T22+U22+X22+AE22+AH22 -> 20.73 | AL22: =IF(L22<0,L22*-1,0) -> 17.161858 | AM22: =AK22+AL22 -> 37.891858 | AV22: 0.09 | AW22: 47 | AX22: 22 | AZ22: =SUM(N22,P22:U22) -> 2.83 | BA22: 0 | BB22: 7317
A23: =A22+1 -> 9 | B23: 6869.05 | C23: 185290 | D23: =C23-C22 -> 79 | E23: =C23-152000 -> 33290 | F23: =D23/$D$2 -> 39.828586 | G23: 50 | H23: 0 | I23: =G23+H23 -> 50 | J23: =IF(L23>0,L23,0) -> 10.728586 | K23: =I23+J23 -> 60.728586 | L23: =F23-(I23-AK23) -> 10.728586 | M23: 3 | N23: 0 | O23: 0 | P23: 0 | Q23: =902700/325851/1.9835*1.02 -> 1.4245981 | R23: =((1067046/646272)*1.04)-T23 -> 1.278477 | S23: 0 | T23: =(0.3979*1.06)*1.04 -> 0.43864496 | U23: =M23-(Q23+R23+S23+T23) -> -0.14172002 | V23: 0 | W23: 0 | X23: =M23-N23-O23-P23-Q23-R23-S23-T23-U23+V23+W23 -> 0 | Y23: =X23-AO23 -> 0 | AE23: 0 | AH23: 17.9 | AI23: =AI22-AH23 -> 1189.3368 | AK23: =N23+O23+P23+Q23+R23+S23+T23+U23+X23+AE23+AH23 -> 20.9 | AL23: =IF(L23<0,L23*-1,0) -> 0 | AM23: =AK23+AL23 -> 20.9 | AV23: 0.02 | AW23: 49 | AX23: 26 | AZ23: =SUM(N23,P23:U23) -> 3 | BA23: 0 | BB23: 7291
A24: =A23+1 -> 10 | B24: 6869.1 | C24: 185423 | D24: =C24-C23 -> 133 | E24: =C24-152000 -> 33423 | F24: =D24/$D$2 -> 67.053189 | G24: 50 | H24: 0 | I24: =G24+H24 -> 50 | J24: =IF(L24>0,L24,0) -> 37.343189 | K24: =I24+J24 -> 87.343189 | L24: =F24-(I24-AK24) -> 37.343189 | M24: 2.39 | N24: 0 | O24: 0 | P24: 0 | Q24: =929400/325851/1.9835*1.02 -> 1.4667347 | R24: =((1145264/646272)*1.04)-T24 -> 1.4043477 | S24: 0 | T24: =(0.3979*1.06)*1.04 -> 0.43864496 | U24: =M24-(Q24+R24+S24+T24) -> -0.91972741 | V24: 0 | W24: 0 | X24: =M24-N24-O24-P24-Q24-R24-S24-T24-U24+V24+W24 -> 0 | Y24: =X24-AO24 -> 0 | AE24: 0 | AH24: 17.9 | AI24: =AI23-AH24 -> 1171.4368 | AK24: =N24+O24+P24+Q24+R24+S24+T24+U24+X24+AE24+AH24 -> 20.29 | AL24: =IF(L24<0,L24*-1,0) -> 0 | AM24: =AK24+AL24 -> 20.29 | AV24: 0 | AW24: 50 | AX24: 29 | AZ24: =SUM(N24,P24:U24) -> 2.39 | BA24: 0 | BB24: 7267
A25: =A24+1 -> 11 | B25: 6869.12 | C25: 185476 | D25: =C25-C24 -> 53 | E25: =C25-152000 -> 33476 | F25: =D25/$D$2 -> 26.720444 | G25: 49 | H25: 0 | I25: =G25+H25 -> 49 | J25: =IF(L25>0,L25,0) -> 0 | K25: =I25+J25 -> 49 | L25: =F25-(I25-AK25) -> -1.7795563 | M25: 2.6 | N25: 0 | O25: 0 | P25: 0 | Q25: =815500/325851/1.9835*1.02 -> 1.2869832 | R25: =((1074608/646272)*1.04)-T25 -> 1.290646 | S25: 0 | T25: =(0.3979*1.06)*1.04 -> 0.43864496 | U25: =M25-(Q25+R25+S25+T25) -> -0.41627414 | V25: 0 | W25: 0 | X25: =M25-N25-O25-P25-Q25-R25-S25-T25-U25+V25+W25 -> 0 | Y25: =X25-AO25 -> 0 | AE25: 0 | AH25: 17.9 | AI25: =AI24-AH25 -> 1153.5368 | AK25: =N25+O25+P25+Q25+R25+S25+T25+U25+X25+AE25+AH25 -> 20.5 | AL25: =IF(L25<0,L25*-1,0) -> 1.7795563 | AM25: =AK25+AL25 -> 22.279556 | AV25: 0 | AW25: 48 | AX25: 23 | AZ25: =SUM(N25,P25:U25) -> 2.6 | BA25: 0 | BB25: 7427
A26: =A25+1 -> 12 | B26: 6869.15 | C26: 185555 | D26: =C26-C25 -> 79 | E26: =C26-152000 -> 33555 | F26: =D26/$D$2 -> 39.828586 | G26: 49 | H26: 0 | I26: =G26+H26 -> 49 | J26: =IF(L26>0,L26,0) -> 11.868586 | K26: =I26+J26 -> 60.868586 | L26: =F26-(I26-AK26) -> 11.868586 | M26: 3.14 | N26: 0 | O26: 0 | P26: 0 | Q26: =874100/325851/1.9835*1.02 -> 1.3794629 | R26: =((1264880/646272)*1.04)-T26 -> 1.5968373 | S26: 0 | T26: =(0.3979*1.06)*1.04 -> 0.43864496 | U26: =M26-(Q26+R26+S26+T26) -> -0.27494519 | V26: 0 | W26: 0 | X26: =M26-N26-O26-P26-Q26-R26-S26-T26-U26+V26+W26 -> 0 | Y26: =X26-AO26 -> 0 | AE26: 0 | AH26: 17.9 | AI26: =AI25-AH26 -> 1135.6368 | AK26: =N26+O26+P26+Q26+R26+S26+T26+U26+X26+AE26+AH26 -> 21.04 | AL26: =IF(L26<0,L26*-1,0) -> 0 | AM26: =AK26+AL26 -> 21.04 | AV26: 0 | AW26: 50 | AX26: 24 | AZ26: =SUM(N26,P26:U26) -> 3.14 | BA26: 0 | BB26: 7436
A27: =A26+1 -> 13 | B27: 6869.18 | C27: 185634 | D27: =C27-C26 -> 79 | E27: =C27-152000 -> 33634 | F27: =D27/$D$2 -> 39.828586 | G27: 60.9 | H27: 0 | I27: =G27+H27 -> 60.9 | J27: =IF(L27>0,L27,0) -> 0 | K27: =I27+J27 -> 60.9 | L27: =F27-(I27-AK27) -> -0.31141417 | M27: 2.86 | N27: 0 | O27: 0 | P27: 0 | Q27: =711100/325851/1.9835*1.02 -> 1.1222241 | R27: =((1217232/646272)*1.04)-T27 -> 1.5201607 | S27: 0 | T27: =(0.3979*1.06)*1.04 -> 0.43864496 | U27: =M27-(Q27+R27+S27+T27) -> -0.22102979 | V27: 0 | W27: 0 | X27: =M27-N27-O27-P27-Q27-R27-S27-T27-U27+V27+W27 -> 0 | Y27: =X27-AO27 -> 0 | AE27: 0 | AH27: 17.9 | AI27: =AI26-AH27 -> 1117.7368 | AK27: =N27+O27+P27+Q27+R27+S27+T27+U27+X27+AE27+AH27 -> 20.76 | AL27: =IF(L27<0,L27*-1,0) -> 0.31141417 | AM27: =AK27+AL27 -> 21.071414 | AV27: 0 | AW27: 58 | AX27: 26 | AZ27: =SUM(N27,P27:U27) -> 2.86 | BA27: 0 | BB27: 7472
A28: =A27+1 -> 14 | B28: 6869.23 | C28: 185767 | D28: =C28-C27 -> 133 | E28: =C28-152000 -> 33767 | F28: =D28/$D$2 -> 67.053189 | G28: 88 | H28: 0 | I28: =G28+H28 -> 88 | J28: =IF(L28>0,L28,0) -> 0 | K28: =I28+J28 -> 88 | L28: =F28-(I28-AK28) -> -0.026811192 | M28: 3.02 | N28: 0 | O28: 0 | P28: 0 | Q28: =861100/325851/1.9835*1.02 -> 1.3589469 | R28: =((1039936/646272)*1.04)-T28 -> 1.2559066 | S28: 0 | T28: =(0.3788*1.06)*1.04 -> 0.41758912 | U28: =M28-(Q28+R28+S28+T28) -> -0.012442675 | V28: 0 | W28: 0 | X28: =M28-N28-O28-P28-Q28-R28-S28-T28-U28+V28+W28 -> -1.6653345e-16 | Y28: =X28-AO28 -> -1.6653345e-16 | AE28: 0 | AH28: 17.9 | AI28: =AI27-AH28 -> 1099.8368 | AK28: =N28+O28+P28+Q28+R28+S28+T28+U28+X28+AE28+AH28 -> 20.92 | AL28: =IF(L28<0,L28*-1,0) -> 0.026811192 | AM28: =AK28+AL28 -> 20.946811 | AV28: 0 | AW28: 58 | AX28: 34 | AZ28: =SUM(N28,P28:U28) -> 3.02 | BA28: 0 | BB28: 7534
A29: =A28+1 -> 15 | B29: 6869.29 | C29: 185925 | D29: =C29-C28 -> 158 | E29: =C29-152000 -> 33925 | F29: =D29/$D$2 -> 79.657172 | G29: 100.4 | H29: 0 | I29: =G29+H29 -> 100.4 | J29: =IF(L29>0,L29,0) -> 0.0071716662 | K29: =I29+J29 -> 100.40717 | L29: =F29-(I29-AK29) -> 0.0071716662 | M29: 2.85 | N29: 0 | O29: 0 | P29: 0 | Q29: =805100/325851/1.9835*1.02 -> 1.2705704 | R29: =((1439888/646272)*1.04)-T29 -> 1.8995212 | S29: 0 | T29: =(0.3788*1.06)*1.04 -> 0.41758912 | U29: =M29-(Q29+R29+S29+T29) -> -0.73768072 | V29: 0 | W29: 0 | X29: =M29-N29-O29-P29-Q29-R29-S29-T29-U29+V29+W29 -> 0 | Y29: =X29-AO29 -> 0 | AE29: 0 | AH29: 17.9 | AI29: =AI28-AH29 -> 1081.9368 | AK29: =N29+O29+P29+Q29+R29+S29+T29+U29+X29+AE29+AH29 -> 20.75 | AL29: =IF(L29<0,L29*-1,0) -> 0 | AM29: =AK29+AL29 -> 20.75 | AV29: 0 | AW29: 64 | AX29: 32 | AZ29: =SUM(N29,P29:U29) -> 2.85 | BA29: 0 | BB29: 7631
A30: =A29+1 -> 16 | B30: 6869.36 | C30: 186110 | D30: =C30-C29 -> 185 | E30: =C30-152000 -> 34110 | F30: =D30/$D$2 -> 93.269473 | G30: 114.6 | H30: 0 | I30: =G30+H30 -> 114.6 | J30: =IF(L30>0,L30,0) -> 0.029473154 | K30: =I30+J30 -> 114.62947 | L30: =F30-(I30-AK30) -> 0.029473154 | M30: 3.46 | N30: 0 | O30: 0 | P30: 0 | Q30: =859500/325851/1.9835*1.02 -> 1.3564219 | R30: =((1475339/646272)*1.04)-T30 -> 1.95657 | S30: 0 | T30: =(0.3788*1.06)*1.04 -> 0.41758912 | U30: =M30-(Q30+R30+S30+T30) -> -0.27058101 | V30: 0 | W30: 0 | X30: =M30-N30-O30-P30-Q30-R30-S30-T30-U30+V30+W30 -> 0 | Y30: =X30-AO30 -> 0 | AE30: 0 | AH30: 17.9 | AI30: =AI29-AH30 -> 1064.0368 | AK30: =N30+O30+P30+Q30+R30+S30+T30+U30+X30+AE30+AH30 -> 21.36 | AL30: =IF(L30<0,L30*-1,0) -> 0 | AM30: =AK30+AL30 -> 21.36 | AV30: 0 | AW30: 64 | AX30: 32 | AZ30: =SUM(N30,P30:U30) -> 3.46 | BA30: 0 | BB30: 7680
A31: =A30+1 -> 17 | B31: 6869.41 | C31: 186243 | D31: =C31-C30 -> 133 | E31: =C31-152000 -> 34243 | F31: =D31/$D$2 -> 67.053189 | G31: 88.1 | H31: 0 | I31: =G31+H31 -> 88.1 | J31: =IF(L31>0,L31,0) -> 0.023188808 | K31: =I31+J31 -> 88.123189 | L31: =F31-(I31-AK31) -> 0.023188808 | M31: 3.17 | N31: 0 | O31: 0 | P31: 0 | Q31: =1305400/325851/1.9835*1.02 -> 2.06012 | R31: =((1426325/646272)*1.04)-T31 -> 1.8776952 | S31: 0 | T31: =(0.3788*1.06)*1.04 -> 0.41758912 | U31: =M31-(Q31+R31+S31+T31) -> -1.1854043 | V31: 0 | W31: 0 | X31: =M31-N31-O31-P31-Q31-R31-S31-T31-U31+V31+W31 -> 0 | Y31: =X31-AO31 -> 0 | AE31: 0 | AH31: 17.9 | AI31: =AI30-AH31 -> 1046.1368 | AK31: =N31+O31+P31+Q31+R31+S31+T31+U31+X31+AE31+AH31 -> 21.07 | AL31: =IF(L31<0,L31*-1,0) -> 0 | AM31: =AK31+AL31 -> 21.07 | AV31: 0 | AW31: 64 | AX31: 25 | AZ31: =SUM(N31,P31:U31) -> 3.17 | BA31: 0 | BB31: 7674
A32: =A31+1 -> 18 | B32: 6869.47 | C32: 186401 | D32: =C32-C31 -> 158 | E32: =C32-152000 -> 34401 | F32: =D32/$D$2 -> 79.657172 | G32: 100.8 | H32: 0 | I32: =G32+H32 -> 100.8 | J32: =IF(L32>0,L32,0) -> 0 | K32: =I32+J32 -> 100.8 | L32: =F32-(I32-AK32) -> -0.022828334 | M32: 3.22 | N32: 0 | O32: 0 | P32: 0 | Q32: =958400/325851/1.9835*1.02 -> 1.5125012 | R32: =((1505488/646272)*1.04)-T32 -> 2.0050867 | S32: 0 | T32: =(0.3788*1.06)*1.04 -> 0.41758912 | U32: =M32-(Q32+R32+S32+T32) -> -0.71517693 | V32: 0 | W32: 0 | X32: =M32-N32-O32-P32-Q32-R32-S32-T32-U32+V32+W32 -> 0 | Y32: =X32-AO32 -> 0 | AE32: 0 | AH32: 17.9 | AI32: =AI31-AH32 -> 1028.2368 | AK32: =N32+O32+P32+Q32+R32+S32+T32+U32+X32+AE32+AH32 -> 21.12 | AL32: =IF(L32<0,L32*-1,0) -> 0.022828334 | AM32: =AK32+AL32 -> 21.142828 | AV32: 0 | AW32: 60 | AX32: 27 | AZ32: =SUM(N32,P32:U32) -> 3.22 | BA32: 0 | BB32: 7617
A33: =A32+1 -> 19 | B33: 6869.55 | C33: 186613 | D33: =C33-C32 -> 212 | E33: =C33-152000 -> 34613 | F33: =D33/$D$2 -> 106.88177 | G33: 128 | H33: 0 | I33: =G33+H33 -> 128 | J33: =IF(L33>0,L33,0) -> 0.0017746408 | K33: =I33+J33 -> 128.00177 | L33: =F33-(I33-AK33) -> 0.0017746408 | M33: 3.22 | N33: 0 | O33: 0 | P33: 0 | Q33: =811600/325851/1.9835*1.02 -> 1.2808284 | R33: =((1480368/646272)*1.04)-T33 -> 1.9646628 | S33: 0 | T33: =(0.3788*1.06)*1.04 -> 0.41758912 | U33: =M33-(Q33+R33+S33+T33) -> -0.44308033 | V33: 0 | W33: 0 | X33: =M33-N33-O33-P33-Q33-R33-S33-T33-U33+V33+W33 -> 0 | Y33: =X33-AO33 -> 0 | AE33: 0 | AH33: 17.9 | AI33: =AI32-AH33 -> 1010.3368 | AK33: =N33+O33+P33+Q33+R33+S33+T33+U33+X33+AE33+AH33 -> 21.12 | AL33: =IF(L33<0,L33*-1,0) -> 0 | AM33: =AK33+AL33 -> 21.12 | AV33: 0 | AW33: 56 | AX33: 26 | AZ33: =SUM(N33,P33:U33) -> 3.22 | BA33: 0 | BB33: 7669
A34: =A33+1 -> 20 | B34: 6869.56 | C34: 186639 | D34: =C34-C33 -> 26 | E34: =C34-152000 -> 34639 | F34: =D34/$D$2 -> 13.108142 | G34: 34.2 | H34: 0 | I34: =G34+H34 -> 34.2 | J34: =IF(L34>0,L34,0) -> 0.028142173 | K34: =I34+J34 -> 34.228142 | L34: =F34-(I34-AK34) -> 0.028142173 | M34: 3.22 | N34: 0 | O34: 0 | P34: 0 | Q34: =952200/325851/1.9835*1.02 -> 1.5027166 | R34: =((1452684/646272)*1.04)-T34 -> 1.9201129 | S34: 0 | T34: =(0.3788*1.06)*1.04 -> 0.41758912 | U34: =M34-(Q34+R34+S34+T34) -> -0.62041863 | V34: 0 | W34: 0 | X34: =M34-N34-O34-P34-Q34-R34-S34-T34-U34+V34+W34 -> 0 | Y34: =X34-AO34 -> 0 | AE34: 0 | AH34: 17.9 | AI34: =AI33-AH34 -> 992.43685 | AK34: =N34+O34+P34+Q34+R34+S34+T34+U34+X34+AE34+AH34 -> 21.12 | AL34: =IF(L34<0,L34*-1,0) -> 0 | AM34: =AK34+AL34 -> 21.12 | AV34: 0 | AW34: 56 | AX34: 19 | AZ34: =SUM(N34,P34:U34) -> 3.22 | BA34: 0 | BB34: 7696
A35: =A34+1 -> 21 | B35: 6869.59 | C35: 186719 | D35: =C35-C34 -> 80 | E35: =C35-152000 -> 34719 | F35: =D35/$D$2 -> 40.332745 | G35: 61.5 | H35: 0 | I35: =G35+H35 -> 61.5 | J35: =IF(L35>0,L35,0) -> 0 | K35: =I35+J35 -> 61.5 | L35: =F35-(I35-AK35) -> -0.047254853 | M35: 3.22 | N35: 0 | O35: 0 | P35: 0 | Q35: =883800/325851/1.9835*1.02 -> 1.394771 | R35: =((1467780/646272)*1.04)-T35 -> 1.9043887 | S35: 0 | T35: =(0.4151*1.06)*1.04 -> 0.45760624 | U35: =M35-(Q35+R35+S35+T35) -> -0.53676594 | V35: 0 | W35: 0 | X35: =M35-N35-O35-P35-Q35-R35-S35-T35-U35+V35+W35 -> 0 | Y35: =X35-AO35 -> 0 | AE35: 0 | AH35: 17.9 | AI35: =AI34-AH35 -> 974.53685 | AK35: =N35+O35+P35+Q35+R35+S35+T35+U35+X35+AE35+AH35 -> 21.12 | AL35: =IF(L35<0,L35*-1,0) -> 0.047254853 | AM35: =AK35+AL35 -> 21.167255 | AV35: 0 | AW35: 49 | AX35: 21 | AZ35: =SUM(N35,P35:U35) -> 3.22 | BA35: 0 | BB35: 7706
A36: =A35+1 -> 22 | B36: 6869.61 | C36: 186772 | D36: =C36-C35 -> 53 | E36: =C36-152000 -> 34772 | F36: =D36/$D$2 -> 26.720444 | G36: 47.8 | H36: 0 | I36: =G36+H36 -> 47.8 | J36: =IF(L36>0,L36,0) -> 0.04044366 | K36: =I36+J36 -> 47.840444 | L36: =F36-(I36-AK36) -> 0.04044366 | M36: 3.22 | N36: 0 | O36: 0 | P36: 0 | Q36: =942300/325851/1.9835*1.02 -> 1.4870929 | R36: =((1444960/646272)*1.04)-T36 -> 1.8676661 | S36: 0 | T36: =(0.4151*1.06)*1.04 -> 0.45760624 | U36: =M36-(Q36+R36+S36+T36) -> -0.59236523 | V36: 0 | W36: 0 | X36: =M36-N36-O36-P36-Q36-R36-S36-T36-U36+V36+W36 -> 0 | Y36: =X36-AO36 -> 0 | AE36: 0 | AH36: 17.9 | AI36: =AI35-AH36 -> 956.63685 | AK36: =N36+O36+P36+Q36+R36+S36+T36+U36+X36+AE36+AH36 -> 21.12 | AL36: =IF(L36<0,L36*-1,0) -> 0 | AM36: =AK36+AL36 -> 21.12 | AV36: 0 | AW36: 54 | AX36: 26 | AZ36: =SUM(N36,P36:U36) -> 3.22 | BA36: 0 | BB36: 7674
A37: =A36+1 -> 23 | B37: 6869.64 | C37: 186851 | D37: =C37-C36 -> 79 | E37: =C37-152000 -> 34851 | F37: =D37/$D$2 -> 39.828586 | G37: 61.1 | H37: 0 | I37: =G37+H37 -> 61.1 | J37: =IF(L37>0,L37,0) -> 0 | K37: =I37+J37 -> 61.1 | L37: =F37-(I37-AK37) -> -0.031414167 | M37: 3.34 | N37: 0 | O37: 0 | P37: 0 | Q37: =1036300/325851/1.9835*1.02 -> 1.6354392 | R37: =((1261184/646272)*1.04)-T37 -> 1.5719283 | S37: 0 | T37: =(0.4151*1.06)*1.04 -> 0.45760624 | U37: =M37-(Q37+R37+S37+T37) -> -0.32497378 | V37: 0 | W37: 0 | X37: =M37-N37-O37-P37-Q37-R37-S37-T37-U37+V37+W37 -> 0 | Y37: =X37-AO37 -> 0 | AE37: 0 | AH37: 17.9 | AI37: =AI36-AH37 -> 938.73685 | AK37: =N37+O37+P37+Q37+R37+S37+T37+U37+X37+AE37+AH37 -> 21.24 | AL37: =IF(L37<0,L37*-1,0) -> 0.031414167 | AM37: =AK37+AL37 -> 21.271414 | AV37: 0 | AW37: 57 | AX37: 25 | AZ37: =SUM(N37,P37:U37) -> 3.34 | BA37: 0 | BB37: 7654
A38: =A37+1 -> 24 | B38: 6869.7 | C38: 187010 | D38: =C38-C37 -> 159 | E38: =C38-152000 -> 35010 | F38: =D38/$D$2 -> 80.161331 | G38: 101 | H38: 0 | I38: =G38+H38 -> 101 | J38: =IF(L38>0,L38,0) -> 0 | K38: =I38+J38 -> 101 | L38: =F38-(I38-AK38) -> -0.038669019 | M38: 2.9 | N38: 0 | O38: 0 | P38: 0 | Q38: =928400/325851/1.9835*1.02 -> 1.4651566 | R38: =((1182222/646272)*1.04)-T38 -> 1.4448603 | S38: 0 | T38: =(0.4151*1.06)*1.04 -> 0.45760624 | U38: =M38-(Q38+R38+S38+T38) -> -0.46762316 | V38: 0 | W38: 0 | X38: =M38-N38-O38-P38-Q38-R38-S38-T38-U38+V38+W38 -> 0 | Y38: =X38-AO38 -> 0 | AE38: 0 | AH38: 17.9 | AI38: =AI37-AH38 -> 920.83685 | AK38: =N38+O38+P38+Q38+R38+S38+T38+U38+X38+AE38+AH38 -> 20.8 | AL38: =IF(L38<0,L38*-1,0) -> 0.038669019 | AM38: =AK38+AL38 -> 20.838669 | AV38: 0 | AW38: 61 | AX38: 32 | AZ38: =SUM(N38,P38:U38) -> 2.9 | BA38: 0 | BB38: 7703
A39: =A38+1 -> 25 | B39: 6869.75 | C39: 187142 | D39: =C39-C38 -> 132 | E39: =C39-152000 -> 35142 | F39: =D39/$D$2 -> 66.549029 | G39: 87.2 | H39: 0 | I39: =G39+H39 -> 87.2 | J39: =IF(L39>0,L39,0) -> 0.0090294933 | K39: =I39+J39 -> 87.209029 | L39: =F39-(I39-AK39) -> 0.0090294933 | M39: 2.76 | N39: 0 | O39: 0 | P39: 0 | Q39: =910800/325851/1.9835*1.02 -> 1.4373811 | R39: =((1178594/646272)*1.04)-T39 -> 1.4390221 | S39: 0 | T39: =(0.4151*1.06)*1.04 -> 0.45760624 | U39: =M39-(Q39+R39+S39+T39) -> -0.5740094 | V39: 0 | W39: 0 | X39: =M39-N39-O39-P39-Q39-R39-S39-T39-U39+V39+W39 -> 0 | Y39: =X39-AO39 -> 0 | AE39: 0 | AH39: 17.9 | AI39: =AI38-AH39 -> 902.93685 | AK39: =N39+O39+P39+Q39+R39+S39+T39+U39+X39+AE39+AH39 -> 20.66 | AL39: =IF(L39<0,L39*-1,0) -> 0 | AM39: =AK39+AL39 -> 20.66 | AV39: 0 | AW39: 61 | AX39: 31 | AZ39: =SUM(N39,P39:U39) -> 2.76 | BA39: 0 | BB39: 7704
A40: =A39+1 -> 26 | B40: 6869.81 | C40: 187301 | D40: =C40-C39 -> 159 | E40: =C40-152000 -> 35301 | F40: =D40/$D$2 -> 80.161331 | G40: 101.2 | H40: 0 | I40: =G40+H40 -> 101.2 | J40: =IF(L40>0,L40,0) -> 0.031330981 | K40: =I40+J40 -> 101.23133 | L40: =F40-(I40-AK40) -> 0.031330981 | M40: 3.17 | N40: 0 | O40: 0 | P40: 0 | Q40: =924400/325851/1.9835*1.02 -> 1.458844 | R40: =((1194464/646272)*1.04)-T40 -> 1.4645605 | S40: 0 | T40: =(0.4151*1.06)*1.04 -> 0.45760624 | U40: =M40-(Q40+R40+S40+T40) -> -0.21101074 | V40: 0 | W40: 0 | X40: =M40-N40-O40-P40-Q40-R40-S40-T40-U40+V40+W40 -> 0 | Y40: =X40-AO40 -> 0 | AE40: 0 | AH40: 17.9 | AI40: =AI39-AH40 -> 885.03685 | AK40: =N40+O40+P40+Q40+R40+S40+T40+U40+X40+AE40+AH40 -> 21.07 | AL40: =IF(L40<0,L40*-1,0) -> 0 | AM40: =AK40+AL40 -> 21.07 | AV40: 0 | AW40: 62 | AX40: 26 | AZ40: =SUM(N40,P40:U40) -> 3.17 | BA40: 0 | BB40: 7749
A41: =A40+1 -> 27 | B41: 6869.92 | C41: 187591 | D41: =C41-C40 -> 290 | E41: =C41-152000 -> 35591 | F41: =D41/$D$2 -> 146.2062 | G41: 167.2 | H41: 0 | I41: =G41+H41 -> 167.2 | J41: =IF(L41>0,L41,0) -> 0.02620116 | K41: =I41+J41 -> 167.2262 | L41: =F41-(I41-AK41) -> 0.02620116 | M41: 2.92 | N41: 0 | O41: 0 | P41: 0 | Q41: =954100/325851/1.9835*1.02 -> 1.5057151 | R41: =((1205792/646272)*1.04)-T41 -> 1.4827899 | S41: 0 | T41: =(0.4151*1.06)*1.04 -> 0.45760624 | U41: =M41-(Q41+R41+S41+T41) -> -0.52611121 | V41: 0 | W41: 0 | X41: =M41-N41-O41-P41-Q41-R41-S41-T41-U41+V41+W41 -> 0 | Y41: =X41-AO41 -> 0 | AE41: 0 | AH41: 18.1 | AI41: =AI40-AH41 -> 866.93685 | AK41: =N41+O41+P41+Q41+R41+S41+T41+U41+X41+AE41+AH41 -> 21.02 | AL41: =IF(L41<0,L41*-1,0) -> 0 | AM41: =AK41+AL41 -> 21.02 | AV41: 0.1 | AW41: 51 | AX41: 27 | AZ41: =SUM(N41,P41:U41) -> 2.92 | BA41: 0 | BB41: 7340
A42: 28 | B42: 6870.03 | C42: 187883 | D42: =C42-C41 -> 292 | E42: =C42-152000 -> 35883 | F42: =D42/$D$2 -> 147.21452 | G42: 168.5 | H42: 0 | I42: =G42+H42 -> 168.5 | J42: =IF(L42>0,L42,0) -> 0 | K42: =I42+J42 -> 168.5 | L42: =F42-(I42-AK42) -> -0.045480212 | M42: 3.34 | N42: 0 | O42: 0 | P42: 0 | Q42: =759200/325851/1.9835*1.02 -> 1.1981332 | R42: =((1219552/646272)*1.04)-T42 -> 1.4653567 | S42: 0 | T42: =(0.451*1.06)*1.04 -> 0.4971824 | U42: =M42-(Q42+R42+S42+T42) -> 0.17932767 | V42: 0 | W42: 0 | X42: =M42-N42-O42-P42-Q42-R42-S42-T42-U42+V42+W42 -> 0 | Y42: =X42-AO42 -> 0 | AE42: 0 | AH42: 17.9 | AI42: =AI41-AH42 -> 849.03685 | AK42: =N42+O42+P42+Q42+R42+S42+T42+U42+X42+AE42+AH42 -> 21.24 | AL42: =IF(L42<0,L42*-1,0) -> 0.045480212 | AM42: =AK42+AL42 -> 21.28548 | AV42: 0.34 | AW42: 51 | AX42: 20 | AZ42: =SUM(N42,P42:U42) -> 3.34 | BA42: 0 | BB42: 7072
A44: MONTH / CFS | F44: =SUM(F15:F42) -> 1715.6541 | G44: =SUM(G15:G42) -> 2113.5 | H44: =SUM(H15:H42) -> 0 | I44: =SUM(I15:I42) -> 2113.5 | J44: =SUM(J15:J42) -> 207.37899 | K44: =SUM(K15:K42) -> 2320.879 | L44: =SUM(L15:L42) -> 185.56415 | M44: =SUM(M15:M42) -> 83.71 | ... Y44: =SUM(Y15:Y42) -> -1.6653345e-16 | AC44: =SUM(AC15:AC42) -> 0 | AH44: =SUM(AH15:AH42) -> 499.7 | AJ44: =SUM(AJ15:AJ42) -> 0 | AK44: =SUM(AK15:AK42) -> 583.41 | AL44: =SUM(AL15:AL42) -> 21.814842 | AM44: =SUM(AM15:AM42) -> 605.22484 | AN44: =SUM(AN15:AN42) -> 0 | AO44: =SUM(AO15:AO42) -> 0 | AV44: =SUM(AV15:AV42) -> 0.92 | AW44: =AVERAGE(AW15:AW42) -> 51.107143 | AX44: =AVERAGE(AX15:AX42) -> 22.678571 | AY44: AVE | AZ44: =SUM(AZ15:AZ42) -> 83.71 | BA44: =SUM(BA15:BA42) -> 0
A45: MONTH / AF | D45: =SUM(D15:D42) -> 3403 | F45: =F44*$D$2 -> 3403 | G45: =G44*$D$2 -> 4192.1272 | H45: =H44*$D$2 -> 0 | I45: =I44*$D$2 -> 4192.1272 | J45: =J44*$D$2 -> 411.33623 | K45: =K44*$D$2 -> 4603.4635 | L45: =L44*$D$2 -> 368.06649 | M45: =M44*$D$2 -> 166.03878 | ... O45: =O44*$D$2 -> 0 | Q45: =Q44*$D$2 -> 78.500787 | R45: =R44*$D$2 -> 84.106418 | S45: =S44*$D$2 -> 0 | T45: =T44*$D$2 -> 24.722692 | U45: =U44*$D$2 -> -21.291112 | V45: =V44*$D$2 -> 0 | W45: =W44*$D$2 -> 0 | X45: =X44*$D$2 -> -3.3031911e-16 | Y45: =Y44*$D$2 -> -3.3031911e-16 | AC45: =AC44*$D$2 -> 0 | AH45: =AH44*$D$2 -> 991.15495 | AJ45: =AJ44*$D$2 -> 0 | AK45: =AK44*$D$2 -> 1157.1937 | AL45: =AL44*$D$2 -> 43.26974 | AM45: =AM44*$D$2 -> 1200.4635 | AN45: =AN44*$D$2 -> 0 | AO45: =AO44*$D$2 -> 0 | AW45: =MAX(AW15:AW42) -> 64 | AX45: =MAX(AX15:AX42) -> 34 | AY45: HI | AZ45: =AZ44*$D$2 -> 166.03878 | BA45: =BA44*D2 -> 0
A47: SEASON / CFS | AW47: =MIN(AW15:AW42) -> 32 | AX47: =MIN(AX15:AX42) -> 6 | AY47: LO
A48: SEASON / AF
A50: YTD / CFS | F50: =F13+F44 -> 7139.4001 | G50: =G13+G44 -> 9004.5 | H50: =H13+H44 -> 9.194 | I50: =I13+I44 -> 9013.074 | J50: =J13+J44 -> 1460.8326 | K50: =K13+K44 -> 10473.907 | L50: =L13+L44 -> 645.79605 | M50: =M13+M44 -> 368.67 | ... Y50: =Y13+Y44 -> -15.0402 | AC50: =AC13+AC44 -> 1714.14 | AH50: =AH13+AH44 -> 2150.8 | AI50: =AI42 -> 849.03685 | AJ50: =AJ13+AJ44 -> 0 | AK50: =AK13+AK44 -> 2519.47 | AL50: =AL13+AL44 -> 815.03659 | AM50: =AM13+AM44 -> 3334.5066 | AN50: =AN13+AN44 -> 0 | AO50: =AO13+AO44 -> 0 | AV50: =AV13+AV44 -> 3.19 | AZ50: =AZ13+AZ44 -> 368.67 | BA50: =BA44+BA13 -> 0
A51: YTD / AF | D51: =D13+D45 -> 14161 | E51: =E42 -> 35883 | F51: =F50*$D$2 -> 14161 | G51: =G50*$D$2 -> 17860.426 | H51: =H50*$D$2 -> 18.236299 | I51: =I50*$D$2 -> 17877.432 | J51: =J50*$D$2 -> 2897.5615 | K51: =K50*$D$2 -> 20774.994 | L51: =L50*$D$2 -> 1280.9365 | M51: =M50*$D$2 -> 731.25694 | ... Y51: =Y50*$D$2 -> -29.832237 | AC51: =AC50*$D$2 -> 3399.9967 | AH51: =AH50*$D$2 -> 4266.1118 | AI51: =AI50*$D$2 -> 1684.0646 | AJ51: =AJ50*$D$2 -> 0 | AK51: =AK50*$D$2 -> 4997.3687 | AL51: =AL50*$D$2 -> 1616.6251 | AM51: =AM50*$D$2 -> 6613.9938 | AN51: =AN50*$D$2 -> 0 | AO51: =AO50*$D$2 -> 0 | AZ51: =AZ50*$D$2 -> 731.25694 | BA51: =BA50*D2 -> 0

Sheet MAR
K1: MCPHEE RESERVOIR INFLOW/OUTFLOW TABULATION
A2: AF/cfs CONVERT FACTOR | D2: 1.9835 | K2: MARCH "2014"
D4: RESERVOIR | I4: INFLOW | X4: OUTFLOW | AP4: ADJUSTMENTS | AW4: WEATHER
A5: DATE | B5: RESERV | C5: RESERV | D5: AC FT | E5: ACTIVE | F5: CONV TO | G5: DOLORES | H5: LOST | I5: RECORD | J5: CALC | K5: TOTAL | L5: CALC | M5: DOLORES TUNNEL | V5: LONE | W5: U | X5: TOTAL | Y5: TOTAL | Z5: MVI | AA5: MVI | AB5: MVI | AC5: TO EX & | AD5: MVI | AE5: DV CR | AF5: D/S SENIOR | AH5: BELOW | AI5: FISH | AJ5: SPILL | AK5: RECORD | AL5: CALC | AM5: TOTAL | AN5: NAR | AO5: MVI | AP5: MVI | AQ5: MVI | AR5: DIST. | AS5: U/S | AT5: TOTTEN | AU5: UTES | AV5: RAIN | AW5: MAX | AX5: MIN | AZ5: TOTAL | BA5: GRNDHOG | BB5: GRNDHOG
A6: MAR | B6: ELEV | D6: CHANGE | E6: CAP | F6: CFS | G6: RIVER | H6: CAN | I6: INFLOW | J6: INFLOW | K6: INFLOW | L6: INF/OTF | M6: TOT DIV | N6: WET | O6: UTE | P6: QUEST | Q6: MWC | R6: CORTEZ | T6: UTE | U6: F-BAY | V6: PINE | W6: LAT | X6: MVI | Y6: MVI | Z6: CALL | AA6: CALL | AB6: APR- | AC6: U/S EX | AD6: PROJ | AE6: CANAL | AF6: MVIC | AG6: PROJ | AH6: MCP | AI6: LEFT | AK6: OTF | AL6: OTF | AM6: OTF | AN6: FILL | AO6: STOCK | AP6: STORED | AQ6: STORED | AR6: CLASS | AS6: USERS | AT6: (FRESH | AU6: FROM | AW6: TMP | AX6: TMP | AZ6: TUNNEL | BA6: DISCHARGE | BB6: CAPACITY
N7: LAND | O7: F&R | Q7: NON - | R7: NON - | S7: PROJ | T7: PROJ | U7: BAL | X7: WATER | Y7: IRRIG. | Z7: STOR | AA7: SPILLED | AB7: JUNE | AF7: 1.7 | AG7: 1.3 | AI7: 12682.175 | AP7: Apr - Jun | AQ7: EVAP | AR7: "B" | AS7: EXCH | AT7: WATER) | AU7: DWCD | AZ7: Misc.
Q8: PROJ | R8: PROJ | X8: USED | Y8: WATER | AA8: OR | AB8: (DIV+
R9: 4.2 | Y9: USED | AA9: USED | AB9: CALL) | BB9: FP = 5394
C10: AC. Ft. | E10: AC FT | G10: CFS | H10: CFS | I10: CFS | J10: CFS | K10: CFS | L10: CFS | M10: CFS | N10: CFS | O10: CFS | P10: CFS | Q10: CFS | R10: CFS | S10: CFS | T10: CFS | U10: CFS | V10: CFS | W10: CFS | X10: 153400 | Y10: 150400 | AB10: 72000 | AC10: CFS | AD10: CFS | AE10: CFS | AF10: CFS | AG10: CFS | AH10: CFS | AI10: CFS | AJ10: CFS | AK10: CFS | AL10: CFS | AM10: CFS | AN10: CFS | AO10: CFS | AP10: CFS | AQ10: AC.FT. | AR10: CFS | AS10: CFS | AT10: CFS | AU10: CFS | AZ10: Outflow | BA10: CFS | BB10: AC FT
N11: 1.03 | O11: 1.05 | P11: 1.02 | Q11: 1.02 | R11: 1.04 | T11: 1.04 | X11: CFS | Y11: CFS | Z11: CFS | AA11: CFS | AB11: Ac. Ft. | AZ11: CFS
A12: SEASON BAL
A13: YTD | B13: =FEB!B42 -> 6870.03 | C13: =FEB!C42 -> 187883 | D13: =FEB!D51 -> 14161 | E13: =FEB!E51 -> 35883 | F13: =FEB!F50 -> 7139.4001 | G13: =FEB!G50 -> 9004.5 | H13: =FEB!H50 -> 9.194 | I13: =FEB!I50 -> 9013.074 | J13: =FEB!J50 -> 1460.8326 | K13: =FEB!K50 -> 10473.907 | L13: =FEB!L50 -> 645.79605 | M13: =FEB!M50 -> 368.67 | ... Y13: =FEB!Y50 -> -15.0402 | AC13: =FEB!AC50 -> 1714.14 | AH13: =FEB!AH50 -> 2150.8 | AI13: =FEB!AI50 -> 849.03685 | AJ13: =FEB!AJ50 -> 0 | AK13: =FEB!AK50 -> 2519.47 | AL13: =FEB!AL50 -> 815.03659 | AM13: =FEB!AM50 -> 3334.5066 | AN13: =FEB!AN50 -> 0 | AO13: =FEB!AO50 -> 0 | AV13: =FEB!AV50 -> 3.19 | AZ13: =FEB!AZ50 -> 368.67 | BA13: =FEB!BA50 -> 0
A15: 1 | B15: 6870.14 | C15: 188178 | D15: =C15-C13 -> 295 | E15: =C15-152000 -> 36178 | F15: =D15/$D$2 -> 148.727 | G15: 169.5 | H15: 0 | I15: =G15+H15 -> 169.5 | J15: =IF(L15>0,L15,0) -> 0 | K15: =I15+J15 -> 169.5 | L15: =F15-(I15-AK15) -> -0.033002269 | M15: 2.64 | N15: 0 | O15: 0 | P15: 0 | Q15: =847900/325851/1.9835*1.02 -> 1.3381153 | R15: =((1292432/646272)*1.04)-T15 -> 1.6820738 | S15: 0 | T15: =(0.3608*1.06)*1.04 -> 0.39774592 | U15: =M15-(Q15+R15+S15+T15) -> -0.77793509 | V15: 0 | W15: 0 | X15: =M15-N15-O15-P15-Q15-R15-S15-T15-U15+V15+W15 -> 0 | Y15: =X15-AO15 -> 0 | AE15: 0 | AH15: 18.1 | AI15: =AI13-AH15 -> 830.93685 | AK15: =N15+O15+P15+Q15+R15+S15+T15+U15+X15+AE15+AH15 -> 20.74 | AL15: =IF(L15<0,L15*-1,0) -> 0.033002269 | AM15: =AK15+AL15 -> 20.773002 | AV15: 0.16 | AW15: 49 | AX15: 34 | AZ15: =SUM(N15,P15:U15) -> 2.64 | BA15: 0 | BB15: 7067
A16: =A15+1 -> 2 | B16: 6870.25 | C16: 188473 | D16: =C16-C15 -> 295 | E16: =C16-152000 -> 36473 | F16: =D16/$D$2 -> 148.727 | G16: 169.7 | H16: 0 | I16: =G16+H16 -> 169.7 | J16: =IF(L16>0,L16,0) -> 0 | K16: =I16+J16 -> 169.7 | L16: =F16-(I16-AK16) -> -0.0030022687 | M16: 3.07 | N16: 0 | O16: 0 | P16: 0 | Q16: =911500/325851/1.9835*1.02 -> 1.4384858 | R16: =((1216000/646272)*1.04)-T16 -> 1.5590772 | S16: 0 | T16: =(0.3608*1.06)*1.04 -> 0.39774592 | U16: =M16-(Q16+R16+S16+T16) -> -0.32530894 | V16: 0 | W16: 0 | X16: =M16-N16-O16-P16-Q16-R16-S16-T16-U16+V16+W16 -> 0 | Y16: =X16-AO16 -> 0 | AE16: 0 | AH16: 17.9 | AI16: =AI15-AH16 -> 813.03685 | AK16: =N16+O16+P16+Q16+R16+S16+T16+U16+X16+AE16+AH16 -> 20.97 | AL16: =IF(L16<0,L16*-1,0) -> 0.0030022687 | AM16: =AK16+AL16 -> 20.973002 | AV16: 0.05 | AW16: 53 | AX16: 30 | AZ16: =SUM(N16,P16:U16) -> 3.07 | BA16: 0 | BB16: 7055
A17: =A16+1 -> 3 | B17: 6870.36 | C17: 188768 | D17: =C17-C16 -> 295 | E17: =C17-152000 -> 36768 | F17: =D17/$D$2 -> 148.727 | G17: 173.3 | H17: 0 | I17: =G17+H17 -> 173.3 | J17: =IF(L17>0,L17,0) -> 0.046997731 | K17: =I17+J17 -> 173.347 | L17: =F17-(I17-AK17) -> 0.046997731 | M17: 3.52 | N17: 0 | O17: 0 | P17: 0 | Q17: =1054400/325851/1.9835*1.02 -> 1.6640038 | R17: =((1246656/646272)*1.04)-T17 -> 1.6084098 | S17: 0 | T17: =(0.3608*1.06)*1.04 -> 0.39774592 | U17: =M17-(Q17+R17+S17+T17) -> -0.15015945 | V17: 0 | W17: 0 | X17: =M17-N17-O17-P17-Q17-R17-S17-T17-U17+V17+W17 -> 0 | Y17: =X17-AO17 -> 0 | AE17: 0 | AH17: 21.1 | AI17: =AI16-AH17 -> 791.93685 | AK17: =N17+O17+P17+Q17+R17+S17+T17+U17+X17+AE17+AH17 -> 24.62 | AL17: =IF(L17<0,L17*-1,0) -> 0 | AM17: =AK17+AL17 -> 24.62 | AV17: 0 | AW17: 52 | AX17: 30 | AZ17: =SUM(N17,P17:U17) -> 3.52 | BA17: 0 | BB17: 7072
A18: =A17+1 -> 4 | B18: 6870.43 | C18: 188956 | D18: =C18-C17 -> 188 | E18: =C18-152000 -> 36956 | F18: =D18/$D$2 -> 94.781951 | G18: 69 | H18: 0 | I18: =G18+H18 -> 69 | J18: =IF(L18>0,L18,0) -> 55.481951 | K18: =I18+J18 -> 124.48195 | L18: =F18-(I18-AK18) -> 55.481951 | M18: 3.8 | N18: 0 | O18: 0 | P18: 0 | Q18: =721400/325851/1.9835*1.02 -> 1.1384791 | R18: =((1251344/646272)*1.04)-T18 -> 1.6159538 | S18: 0 | T18: =(0.3608*1.06)*1.04 -> 0.39774592 | U18: =M18-(Q18+R18+S18+T18) -> 0.6478212 | V18: 0 | W18: 0 | X18: =M18-N18-O18-P18-Q18-R18-S18-T18-U18+V18+W18 -> 0 | Y18: =X18-AO18 -> 0 | AE18: 0 | AH18: 25.9 | AI18: =AI17-AH18 -> 766.03685 | AK18: =N18+O18+P18+Q18+R18+S18+T18+U18+X18+AE18+AH18 -> 29.7 | AL18: =IF(L18<0,L18*-1,0) -> 0 | AM18: =AK18+AL18 -> 29.7 | AV18: 0.01 | AW18: 54 | AX18: 29 | AZ18: =SUM(N18,P18:U18) -> 3.8 | BA18: 0 | BB18: 7089
A19: =A18+1 -> 5 | B19: 6870.49 | C19: 189117 | D19: =C19-C18 -> 161 | E19: =C19-152000 -> 37117 | F19: =D19/$D$2 -> 81.16965 | G19: 69 | H19: 0 | I19: =G19+H19 -> 69 | J19: =IF(L19>0,L19,0) -> 43.30965 | K19: =I19+J19 -> 112.30965 | L19: =F19-(I19-AK19) -> 43.30965 | M19: 3.44 | N19: 0 | O19: 0 | P19: 0 | Q19: =841500/325851/1.9835*1.02 -> 1.3280151 | R19: =((1205264/646272)*1.04)-T19 -> 1.5418005 | S19: 0 | T19: =(0.3608*1.06)*1.04 -> 0.39774592 | U19: =M19-(Q19+R19+S19+T19) -> 0.17243841 | V19: 0 | W19: 0 | X19: =M19-N19-O19-P19-Q19-R19-S19-T19-U19+V19+W19 -> 0 | Y19: =X19-AO19 -> 0 | AE19: 0 | AH19: 27.7 | AI19: =AI18-AH19 -> 738.33685 | AK19: =N19+O19+P19+Q19+R19+S19+T19+U19+X19+AE19+AH19 -> 31.14 | AL19: =IF(L19<0,L19*-1,0) -> 0 | AM19: =AK19+AL19 -> 31.14 | AV19: 0 | AW19: 58 | AX19: 26 | AZ19: =SUM(N19,P19:U19) -> 3.44 | BA19: 0 | BB19: 7084
A20: =A19+1 -> 6 | B20: 6870.54 | C20: 189251 | D20: =C20-C19 -> 134 | E20: =C20-152000 -> 37251 | F20: =D20/$D$2 -> 67.557348 | G20: 70 | H20: 0 | I20: =G20+H20 -> 70 | J20: =IF(L20>0,L20,0) -> 28.837348 | K20: =I20+J20 -> 98.837348 | L20: =F20-(I20-AK20) -> 28.837348 | M20: 3.18 | N20: 0 | O20: 0 | P20: 0 | Q20: =1251700/325851/1.9835*1.02 -> 1.9753732 | R20: =((1236208/646272)*1.04)-T20 -> 1.5915965 | S20: 0 | T20: =(0.3608*1.06)*1.04 -> 0.39774592 | U20: =M20-(Q20+R20+S20+T20) -> -0.78471566 | V20: 0 | W20: 0 | X20: =M20-N20-O20-P20-Q20-R20-S20-T20-U20+V20+W20 -> 0 | Y20: =X20-AO20 -> 0 | AE20: 0 | AH20: 28.1 | AI20: =AI19-AH20 -> 710.23685 | AK20: =N20+O20+P20+Q20+R20+S20+T20+U20+X20+AE20+AH20 -> 31.28 | AL20: =IF(L20<0,L20*-1,0) -> 0 | AM20: =AK20+AL20 -> 31.28 | AV20: 0 | AW20: 60 | AX20: 29 | AZ20: =SUM(N20,P20:U20) -> 3.18 | BA20: 0 | BB20: 7095
A21: =A20+1 -> 7 | B21: 6870.62 | C21: 189465 | D21: =C21-C20 -> 214 | E21: =C21-152000 -> 37465 | F21: =D21/$D$2 -> 107.89009 | G21: 71 | H21: 0 | I21: =G21+H21 -> 71 | J21: =IF(L21>0,L21,0) -> 68.410093 | K21: =I21+J21 -> 139.41009 | L21: =F21-(I21-AK21) -> 68.410093 | M21: 3.22 | N21: 0 | O21: 0 | P21: 0 | Q21: =804400/325851/1.9835*1.02 -> 1.2694657 | R21: =((1231088/646272)*1.04)-T21 -> 1.5464269 | S21: 0 | T21: =(0.3943*1.06)*1.04 -> 0.43467632 | U21: =M21-(Q21+R21+S21+T21) -> -0.030568888 | V21: 0 | W21: 0 | X21: =M21-N21-O21-P21-Q21-R21-S21-T21-U21+V21+W21 -> -1.110223e-16 | Y21: =X21-AO21 -> -1.110223e-16 | AE21: 0 | AH21: 28.3 | AI21: =AI20-AH21 -> 681.93685 | AK21: =N21+O21+P21+Q21+R21+S21+T21+U21+X21+AE21+AH21 -> 31.52 | AL21: =IF(L21<0,L21*-1,0) -> 0 | AM21: =AK21+AL21 -> 31.52 | AV21: 0 | AW21: 60 | AX21: 29 | AZ21: =SUM(N21,P21:U21) -> 3.22 | BA21: 0 | BB21: 7089
A22: =A21+1 -> 8 | B22: 6870.66 | C22: 189573 | D22: =C22-C21 -> 108 | E22: =C22-152000 -> 37573 | F22: =D22/$D$2 -> 54.449206 | G22: 73 | H22: 1.01 | I22: =G22+H22 -> 74.01 | J22: =IF(L22>0,L22,0) -> 12.219206 | K22: =I22+J22 -> 86.229206 | L22: =F22-(I22-AK22) -> 12.219206 | M22: 3.08 | N22: 0 | O22: 0 | P22: 0 | Q22: =897500/325851/1.9835*1.02 -> 1.4163917 | R22: =((1126528/646272)*1.04)-T22 -> 1.3781658 | S22: 0 | T22: =(0.3943*1.06)*1.04 -> 0.43467632 | U22: =M22-(Q22+R22+S22+T22) -> -0.14923382 | V22: 0 | W22: 0 | X22: =M22-N22-O22-P22-Q22-R22-S22-T22-U22+V22+W22 -> 0 | Y22: =X22-AO22 -> 0 | AE22: 0 | AH22: 28.7 | AI22: =AI21-AH22 -> 653.23685 | AK22: =N22+O22+P22+Q22+R22+S22+T22+U22+X22+AE22+AH22 -> 31.78 | AL22: =IF(L22<0,L22*-1,0) -> 0 | AM22: =AK22+AL22 -> 31.78 | AV22: 0 | AW22: 54 | AX22: 31 | AZ22: =SUM(N22,P22:U22) -> 3.08 | BA22: 0 | BB22: 7104
A23: =A22+1 -> 9 | B23: 6870.69 | C23: 189653 | D23: =C23-C22 -> 80 | E23: =C23-152000 -> 37653 | F23: =D23/$D$2 -> 40.332745 | G23: 82 | H23: 0.879 | I23: =G23+H23 -> 82.879 | J23: =IF(L23>0,L23,0) -> 0 | K23: =I23+J23 -> 82.879 | L23: =F23-(I23-AK23) -> -10.966255 | M23: 2.88 | N23: 0 | O23: 0 | P23: 0 | Q23: =1025500/325851/1.9835*1.02 -> 1.6183952 | R23: =((1306944/646272)*1.04)-T23 -> 1.6684966 | S23: 0 | T23: =(0.3943*1.06)*1.04 -> 0.43467632 | U23: =M23-(Q23+R23+S23+T23) -> -0.84156808 | V23: 0 | W23: 0 | X23: =M23-N23-O23-P23-Q23-R23-S23-T23-U23+V23+W23 -> 0 | Y23: =X23-AO23 -> 0 | AE23: 0 | AH23: 28.7 | AI23: =AI22-AH23 -> 624.53685 | AK23: =N23+O23+P23+Q23+R23+S23+T23+U23+X23+AE23+AH23 -> 31.58 | AL23: =IF(L23<0,L23*-1,0) -> 10.966255 | AM23: =AK23+AL23 -> 42.546255 | AV23: 0 | AW23: 54 | AX23: 31 | AZ23: =SUM(N23,P23:U23) -> 2.88 | BA23: 0 | BB23: 7110
A24: =A23+1 -> 10 | B24: 6870.75 | C24: 189814 | D24: =C24-C23 -> 161 | E24: =C24-152000 -> 37814 | F24: =D24/$D$2 -> 81.16965 | G24: 97 | H24: 1 | I24: =G24+H24 -> 98 | J24: =IF(L24>0,L24,0) -> 14.77965 | K24: =I24+J24 -> 112.77965 | L24: =F24-(I24-AK24) -> 14.77965 | M24: 3.51 | N24: 0 | O24: 0 | P24: 0 | Q24: =996100/325851/1.9835*1.02 -> 1.5719975 | R24: =((1245680/646272)*1.04)-T24 -> 1.5699087 | S24: 0 | T24: =(0.3943*1.06)*1.04 -> 0.43467632 | U24: =M24-(Q24+R24+S24+T24) -> -0.066582559 | V24: 0 | W24: 0 | X24: =M24-N24-O24-P24-Q24-R24-S24-T24-U24+V24+W24 -> 0 | Y24: =X24-AO24 -> 0 | AE24: 0 | AH24: 28.1 | AI24: =AI23-AH24 -> 596.43685 | AK24: =N24+O24+P24+Q24+R24+S24+T24+U24+X24+AE24+AH24 -> 31.61 | AL24: =IF(L24<0,L24*-1,0) -> 0 | AM24: =AK24+AL24 -> 31.61 | AV24: 0 | AW24: 63 | AX24: 28 | AZ24: =SUM(N24,P24:U24) -> 3.51 | BA24: 0 | BB24: 7102
A25: =A24+1 -> 11 | B25: 6870.83 | C25: 190028 | D25: =C25-C24 -> 214 | E25: =C25-152000 -> 38028 | F25: =D25/$D$2 -> 107.89009 | G25: 112 | H25: 0.982 | I25: =G25+H25 -> 112.982 | J25: =IF(L25>0,L25,0) -> 25.838093 | K25: =I25+J25 -> 138.82009 | L25: =F25-(I25-AK25) -> 25.838093 | M25: 2.73 | N25: 0 | O25: 0 | P25: 0 | Q25: =897100/325851/1.9835*1.02 -> 1.4157604 | R25: =((1192272/646272)*1.04)-T25 -> 1.483963 | S25: 0 | T25: =(0.3943*1.06)*1.04 -> 0.43467632 | U25: =M25-(Q25+R25+S25+T25) -> -0.60439975 | V25: 0 | W25: 0 | X25: =M25-N25-O25-P25-Q25-R25-S25-T25-U25+V25+W25 -> 0 | Y25: =X25-AO25 -> 0 | AE25: 0 | AH25: 28.2 | AI25: =AI24-AH25 -> 568.23685 | AK25: =N25+O25+P25+Q25+R25+S25+T25+U25+X25+AE25+AH25 -> 30.93 | AL25: =IF(L25<0,L25*-1,0) -> 0 | AM25: =AK25+AL25 -> 30.93 | AV25: 0 | AW25: 49 | AX25: 30 | AZ25: =SUM(N25,P25:U25) -> 2.73 | BA25: 0 | BB25: 7106
A26: =A25+1 -> 12 | B26: 6870.88 | C26: 190162 | D26: =C26-C25 -> 134 | E26: =C26-152000 -> 38162 | F26: =D26/$D$2 -> 67.557348 | G26: 103 | H26: 0.781 | I26: =G26+H26 -> 103.781 | J26: =IF(L26>0,L26,0) -> 0 | K26: =I26+J26 -> 103.781 | L26: =F26-(I26-AK26) -> -4.2936519 | M26: 3.43 | N26: 0 | O26: 0 | P26: 0 | Q26: =948400/325851/1.9835*1.02 -> 1.4967196 | R26: =((1267360/646272)*1.04)-T26 -> 1.6047968 | S26: 0 | T26: =(0.3943*1.06)*1.04 -> 0.43467632 | U26: =M26-(Q26+R26+S26+T26) -> -0.10619279 | V26: 0 | W26: 0 | X26: =M26-N26-O26-P26-Q26-R26-S26-T26-U26+V26+W26 -> 0 | Y26: =X26-AO26 -> 0 | AE26: 0 | AH26: 28.5 | AI26: =AI25-AH26 -> 539.73685 | AK26: =N26+O26+P26+Q26+R26+S26+T26+U26+X26+AE26+AH26 -> 31.93 | AL26: =IF(L26<0,L26*-1,0) -> 4.2936519 | AM26: =AK26+AL26 -> 36.223652 | AV26: 0 | AW26: 55 | AX26: 23 | AZ26: =SUM(N26,P26:U26) -> 3.43 | BA26: 0 | BB26: 7119
A27: =A26+1 -> 13 | B27: 6870.93 | C27: 190296 | D27: =C27-C26 -> 134 | E27: =C27-152000 -> 38296 | F27: =D27/$D$2 -> 67.557348 | G27: 97 | H27: 0.776 | I27: =G27+H27 -> 97.776 | J27: =IF(L27>0,L27,0) -> 1.9213481 | K27: =I27+J27 -> 99.697348 | L27: =F27-(I27-AK27) -> 1.9213481 | M27: 3.54 | N27: 0 | O27: 0 | P27: 0 | Q27: =868700/325851/1.9835*1.02 -> 1.3709409 | R27: =((1274464/646272)*1.04)-T27 -> 1.6162288 | S27: 0 | T27: =(0.3943*1.06)*1.04 -> 0.43467632 | U27: =M27-(Q27+R27+S27+T27) -> 0.11815398 | V27: 0 | W27: 0 | X27: =M27-N27-O27-P27-Q27-R27-S27-T27-U27+V27+W27 -> 0 | Y27: =X27-AO27 -> 0 | AE27: 0 | AH27: 28.6 | AI27: =AI26-AH27 -> 511.13685 | AK27: =N27+O27+P27+Q27+R27+S27+T27+U27+X27+AE27+AH27 -> 32.14 | AL27: =IF(L27<0,L27*-1,0) -> 0 | AM27: =AK27+AL27 -> 32.14 | AV27: 0 | AW27: 59 | AX27: 26 | AZ27: =SUM(N27,P27:U27) -> 3.54 | BA27: 0 | BB27: 7115
A28: =A27+1 -> 14 | B28: 6871 | C28: 190484 | D28: =C28-C27 -> 188 | E28: =C28-152000 -> 38484 | F28: =D28/$D$2 -> 94.781951 | G28: 94 | H28: 0.82 | I28: =G28+H28 -> 94.82 | J28: =IF(L28>0,L28,0) -> 31.681951 | K28: =I28+J28 -> 126.50195 | L28: =F28-(I28-AK28) -> 31.681951 | M28: 3.02 | N28: 0 | O28: 0 | P28: 0 | Q28: =897500/325851/1.9835*1.02 -> 1.4163917 | R28: =((1145200/646272)*1.04)-T28 -> 1.4004966 | S28: 0 | T28: =(0.4013*1.06)*1.04 -> 0.44239312 | U28: =M28-(Q28+R28+S28+T28) -> -0.23928136 | V28: 0 | W28: 0 | X28: =M28-N28-O28-P28-Q28-R28-S28-T28-U28+V28+W28 -> 0 | Y28: =X28-AO28 -> 0 | AE28: 0 | AH28: 28.7 | AI28: =AI27-AH28 -> 482.43685 | AK28: =N28+O28+P28+Q28+R28+S28+T28+U28+X28+AE28+AH28 -> 31.72 | AL28: =IF(L28<0,L28*-1,0) -> 0 | AM28: =AK28+AL28 -> 31.72 | AV28: 0 | AW28: 60 | AX28: 25 | AZ28: =SUM(N28,P28:U28) -> 3.02 | BA28: 0 | BB28: 7119
A29: =A28+1 -> 15 | B29: 6871.05 | C29: 190620 | D29: =C29-C28 -> 136 | E29: =C29-152000 -> 38620 | F29: =D29/$D$2 -> 68.565667 | G29: 93 | H29: 0.786 | I29: =G29+H29 -> 93.786 | J29: =IF(L29>0,L29,0) -> 7.1396668 | K29: =I29+J29 -> 100.92567 | L29: =F29-(I29-AK29) -> 7.1396668 | M29: 3.76 | N29: 0 | O29: 0 | P29: 0 | Q29: =861800/325851/1.9835*1.02 -> 1.3600516 | R29: =((1225824/646272)*1.04)-T29 -> 1.5302391 | S29: 0 | T29: =(0.4013*1.06)*1.04 -> 0.44239312 | U29: =M29-(Q29+R29+S29+T29) -> 0.42731616 | V29: 0 | W29: 0 | X29: =M29-N29-O29-P29-Q29-R29-S29-T29-U29+V29+W29 -> 0 | Y29: =X29-AO29 -> 0 | AE29: 0 | AH29: 28.6 | AI29: =AI28-AH29 -> 453.83685 | AK29: =N29+O29+P29+Q29+R29+S29+T29+U29+X29+AE29+AH29 -> 32.36 | AL29: =IF(L29<0,L29*-1,0) -> 0 | AM29: =AK29+AL29 -> 32.36 | AV29: 0 | AW29: 59 | AX29: 24 | AZ29: =SUM(N29,P29:U29) -> 3.76 | BA29: 0 | BB29: 7123
A30: =A29+1 -> 16 | B30: 6871.09 | C30: 190729 | D30: =C30-C29 -> 109 | E30: =C30-152000 -> 38729 | F30: =D30/$D$2 -> 54.953365 | G30: 90 | H30: 0.615 | I30: =G30+H30 -> 90.615 | J30: =IF(L30>0,L30,0) -> 0 | K30: =I30+J30 -> 90.615 | L30: =F30-(I30-AK30) -> -3.8816347 | M30: 3.18 | N30: 0 | O30: 0 | P30: 0 | Q30: =1107800/325851/1.9835*1.02 -> 1.7482771 | R30: =((1308928/646272)*1.04)-T30 -> 1.6639725 | S30: 0 | T30: =(0.4013*1.06)*1.04 -> 0.44239312 | U30: =M30-(Q30+R30+S30+T30) -> -0.67464272 | V30: 0 | W30: 0 | X30: =M30-N30-O30-P30-Q30-R30-S30-T30-U30+V30+W30 -> 0 | Y30: =X30-AO30 -> 0 | AE30: 0 | AH30: 28.6 | AI30: =AI29-AH30 -> 425.23685 | AK30: =N30+O30+P30+Q30+R30+S30+T30+U30+X30+AE30+AH30 -> 31.78 | AL30: =IF(L30<0,L30*-1,0) -> 3.8816347 | AM30: =AK30+AL30 -> 35.661635 | AV30: 0 | AW30: 49 | AX30: 30 | AZ30: =SUM(N30,P30:U30) -> 3.18 | BA30: 0 | BB30: 7146
A31: 17 | B31: 6871.14 | C31: 190864 | D31: =C31-C30 -> 135 | E31: =C31-152000 -> 38864 | F31: =D31/$D$2 -> 68.061507 | G31: 109 | H31: 0.748 | I31: =G31+H31 -> 109.748 | J31: =IF(L31>0,L31,0) -> 0 | K31: =I31+J31 -> 109.748 | L31: =F31-(I31-AK31) -> -9.3164926 | M31: 3.67 | N31: 0 | O31: 0 | P31: 0 | Q31: =908900/325851/1.9835*1.02 -> 1.4343826 | R31: =((1113136/646272)*1.04)-T31 -> 1.3488982 | S31: 0 | T31: =(0.4013*1.06)*1.04 -> 0.44239312 | U31: =M31-(Q31+R31+S31+T31) -> 0.44432604 | V31: 0 | W31: 0 | X31: =M31-N31-O31-P31-Q31-R31-S31-T31-U31+V31+W31 -> 0 | Y31: =X31-AO31 -> 0 | AE31: 0 | AH31: 28.7 | AI31: =AI30-AH31 -> 396.53685 | AK31: =N31+O31+P31+Q31+R31+S31+T31+U31+X31+AE31+AH31 -> 32.37 | AL31: =IF(L31<0,L31*-1,0) -> 9.3164926 | AM31: =AK31+AL31 -> 41.686493 | AV31: 0 | AW31: 64 | AX31: 28 | AZ31: =SUM(N31,P31:U31) -> 3.67 | BA31: 0 | BB31: 7132
A32: =A31+1 -> 18 | B32: 6871.22 | C32: 191082 | D32: =C32-C31 -> 218 | E32: =C32-152000 -> 39082 | F32: =D32/$D$2 -> 109.90673 | G32: 106 | H32: 0.759 | I32: =G32+H32 -> 106.759 | J32: =IF(L32>0,L32,0) -> 34.987731 | K32: =I32+J32 -> 141.74673 | L32: =F32-(I32-AK32) -> 34.987731 | M32: 3.14 | N32: 0 | O32: 0 | P32: 0 | Q32: =876100/325851/1.9835*1.02 -> 1.3826192 | R32: =((1247260/646272)*1.04)-T32 -> 1.5647345 | S32: 0 | T32: =(0.4013*1.06)*1.04 -> 0.44239312 | U32: =M32-(Q32+R32+S32+T32) -> -0.24974687 | V32: 0 | W32: 0 | X32: =M32-N32-O32-P32-Q32-R32-S32-T32-U32+V32+W32 -> 0 | Y32: =X32-AO32 -> 0 | AE32: 0 | AH32: 28.7 | AI32: =AI31-AH32 -> 367.83685 | AK32: =N32+O32+P32+Q32+R32+S32+T32+U32+X32+AE32+AH32 -> 31.84 | AL32: =IF(L32<0,L32*-1,0) -> 0 | AM32: =AK32+AL32 -> 31.84 | AV32: 0 | AW32: 47 | AX32: 21 | AZ32: =SUM(N32,P32:U32) -> 3.14 | BA32: 0 | BB32: 7128
A33: =A32+1 -> 19 | B33: 6871.27 | C33: 191218 | D33: =C33-C32 -> 136 | E33: =C33-152000 -> 39218 | F33: =D33/$D$2 -> 68.565667 | G33: 98 | H33: 0.577 | I33: =G33+H33 -> 98.577 | J33: =IF(L33>0,L33,0) -> 2.3686668 | K33: =I33+J33 -> 100.94567 | L33: =F33-(I33-AK33) -> 2.3686668 | M33: 3.68 | N33: 0 | O33: 0 | P33: 0 | Q33: =878400/325851/1.9835*1.02 -> 1.386249 | R33: =((1206420/646272)*1.04)-T33 -> 1.4990136 | S33: 0 | T33: =(0.4013*1.06)*1.04 -> 0.44239312 | U33: =M33-(Q33+R33+S33+T33) -> 0.35234432 | V33: 0 | W33: 0 | X33: =M33-N33-O33-P33-Q33-R33-S33-T33-U33+V33+W33 -> 0 | Y33: =X33-AO33 -> 0 | AE33: 0 | AH33: 28.7 | AI33: =AI32-AH33 -> 339.13685 | AK33: =N33+O33+P33+Q33+R33+S33+T33+U33+X33+AE33+AH33 -> 32.38 | AL33: =IF(L33<0,L33*-1,0) -> 0 | AM33: =AK33+AL33 -> 32.38 | AV33: 0 | AW33: 53 | AX33: 19 | AZ33: =SUM(N33,P33:U33) -> 3.68 | BA33: 0 | BB33: 7132
A34: =A33+1 -> 20 | B34: 6871.32 | C34: 191353 | D34: =C34-C33 -> 135 | E34: =C34-152000 -> 39353 | F34: =D34/$D$2 -> 68.061507 | G34: 102 | H34: 0.496 | I34: =G34+H34 -> 102.496 | J34: =IF(L34>0,L34,0) -> 0 | K34: =I34+J34 -> 102.496 | L34: =F34-(I34-AK34) -> -1.7644926 | M34: 3.97 | N34: 0 | O34: 0 | P34: 0 | Q34: =943200/325851/1.9835*1.02 -> 1.4885132 | R34: =((1214240/646272)*1.04)-T34 -> 1.5115978 | S34: 0 | T34: =(0.4013*1.06)*1.04 -> 0.44239312 | U34: =M34-(Q34+R34+S34+T34) -> 0.52749587 | V34: 0 | W34: 0 | X34: =M34-N34-O34-P34-Q34-R34-S34-T34-U34+V34+W34 -> 0 | Y34: =X34-AO34 -> 0 | AE34: 0 | AH34: 28.7 | AI34: =AI33-AH34 -> 310.43685 | AK34: =N34+O34+P34+Q34+R34+S34+T34+U34+X34+AE34+AH34 -> 32.67 | AL34: =IF(L34<0,L34*-1,0) -> 1.7644926 | AM34: =AK34+AL34 -> 34.434493 | AV34: 0 | AW34: 59 | AX34: 21 | AZ34: =SUM(N34,P34:U34) -> 3.97 | BA34: 0 | BB34: 7146
A35: =A34+1 -> 21 | B35: 6871.37 | C35: 191489 | D35: =C35-C34 -> 136 | E35: =C35-152000 -> 39489 | F35: =D35/$D$2 -> 68.565667 | G35: 116 | H35: 0.552 | I35: =G35+H35 -> 116.552 | J35: =IF(L35>0,L35,0) -> 0 | K35: =I35+J35 -> 116.552 | L35: =F35-(I35-AK35) -> -13.856333 | M35: 5.33 | N35: 0 | O35: 0 | P35: 0 | Q35: =859500/325851/1.9835*1.02 -> 1.3564219 | R35: =((2004272/646272)*1.04)-T35 -> 2.7490969 | S35: 0 | T35: =(0.432*1.06)*1.04 -> 0.4762368 | U35: =M35-(Q35+R35+S35+T35) -> 0.74824438 | V35: 0 | W35: 0 | X35: =M35-N35-O35-P35-Q35-R35-S35-T35-U35+V35+W35 -> 0 | Y35: =X35-AO35 -> 0 | AE35: 0 | AH35: 28.8 | AI35: =AI34-AH35 -> 281.63685 | AK35: =N35+O35+P35+Q35+R35+S35+T35+U35+X35+AE35+AH35 -> 34.13 | AL35: =IF(L35<0,L35*-1,0) -> 13.856333 | AM35: =AK35+AL35 -> 47.986333 | AV35: 0 | AW35: 57 | AX35: 23 | AZ35: =SUM(N35,P35:U35) -> 5.33 | BA35: 0 | BB35: 7147
A36: =A35+1 -> 22 | B36: 6871.43 | C36: 191652 | D36: =C36-C35 -> 163 | E36: =C36-152000 -> 39652 | F36: =D36/$D$2 -> 82.177968 | G36: 114 | H36: 0.608 | I36: =G36+H36 -> 114.608 | J36: =IF(L36>0,L36,0) -> 1.5599682 | K36: =I36+J36 -> 116.16797 | L36: =F36-(I36-AK36) -> 1.5599682 | M36: 5.19 | N36: 0 | O36: 0 | P36: 0 | Q36: =998700/325851/1.9835*1.02 -> 1.5761007 | R36: =((2097600/646272)*1.04)-T36 -> 2.8992831 | S36: 0 | T36: =(0.432*1.06)*1.04 -> 0.4762368 | U36: =M36-(Q36+R36+S36+T36) -> 0.23837941 | V36: 0 | W36: 0 | X36: =M36-N36-O36-P36-Q36-R36-S36-T36-U36+V36+W36 -> 0 | Y36: =X36-AO36 -> 0 | AE36: 0 | AH36: 28.8 | AI36: =AI35-AH36 -> 252.83685 | AK36: =N36+O36+P36+Q36+R36+S36+T36+U36+X36+AE36+AH36 -> 33.99 | AL36: =IF(L36<0,L36*-1,0) -> 0 | AM36: =AK36+AL36 -> 33.99 | AV36: 0 | AW36: 59 | AX36: 21 | AZ36: =SUM(N36,P36:U36) -> 5.19 | BA36: 0 | BB36: 7168
A37: =A36+1 -> 23 | B37: 6871.5 | C37: 191842 | D37: =C37-C36 -> 190 | E37: =C37-152000 -> 39842 | F37: =D37/$D$2 -> 95.79027 | G37: 104 | H37: 0.567 | I37: =G37+H37 -> 104.567 | J37: =IF(L37>0,L37,0) -> 24.49327 | K37: =I37+J37 -> 129.06027 | L37: =F37-(I37-AK37) -> 24.49327 | M37: 4.57 | N37: 0 | O37: 0 | P37: 0 | Q37: =1076600/325851/1.9835*1.02 -> 1.6990388 | R37: =((1174466/646272)*1.04)-T37 -> 1.4137486 | S37: 0 | T37: =(0.432*1.06)*1.04 -> 0.4762368 | U37: =M37-(Q37+R37+S37+T37) -> 0.98097586 | V37: 0 | W37: 0 | X37: =M37-N37-O37-P37-Q37-R37-S37-T37-U37+V37+W37 -> 0 | Y37: =X37-AO37 -> 0 | AE37: 0 | AH37: 28.7 | AI37: =AI36-AH37 -> 224.13685 | AK37: =N37+O37+P37+Q37+R37+S37+T37+U37+X37+AE37+AH37 -> 33.27 | AL37: =IF(L37<0,L37*-1,0) -> 0 | AM37: =AK37+AL37 -> 33.27 | AV37: 0 | AW37: 59 | AX37: 25 | AZ37: =SUM(N37,P37:U37) -> 4.57 | BA37: 0 | BB37: 7160
A38: =A37+1 -> 24 | B38: 6871.54 | C38: 191951 | D38: =C38-C37 -> 109 | E38: =C38-152000 -> 39951 | F38: =D38/$D$2 -> 54.953365 | G38: 109 | H38: 0.725 | I38: =G38+H38 -> 109.725 | J38: =IF(L38>0,L38,0) -> 0 | K38: =I38+J38 -> 109.725 | L38: =F38-(I38-AK38) -> -0.17163474 | M38: 26 | N38: 0 | O38: 0 | P38: 0 | Q38: =990000/325851/1.9835*1.02 -> 1.5623708 | R38: =((1219006/646272)*1.04)-T38 -> 1.4854237 | S38: 0 | T38: =(0.432*1.06)*1.04 -> 0.4762368 | U38: 0 | V38: 0 | W38: 0 | X38: =M38-N38-O38-P38-Q38-R38-S38-T38-U38+V38+W38 -> 22.475969 | Y38: =X38-AO38 -> 22.475969 | AE38: 0 | AH38: 28.6 | AI38: =AI37-AH38 -> 195.53685 | AK38: =N38+O38+P38+Q38+R38+S38+T38+U38+X38+AE38+AH38 -> 54.6 | AL38: =IF(L38<0,L38*-1,0) -> 0.17163474 | AM38: =AK38+AL38 -> 54.771635 | AV38: 0 | AW38: 63 | AX38: 26 | AZ38: =SUM(N38,P38:U38) -> 3.5240312 | BA38: 0 | BB38: 7168
A39: =A38+1 -> 25 | B39: 6871.58 | C39: 192060 | D39: =C39-C38 -> 109 | E39: =C39-152000 -> 40060 | F39: =D39/$D$2 -> 54.953365 | G39: 117 | H39: 0.79 | I39: =G39+H39 -> 117.79 | J39: =IF(L39>0,L39,0) -> 0 | K39: =I39+J39 -> 117.79 | L39: =F39-(I39-AK39) -> -9.9366347 | M39: 24.8 | N39: 0 | O39: 0 | P39: 0 | Q39: =828200/325851/1.9835*1.02 -> 1.3070257 | R39: =((1237080/646272)*1.04)-T39 -> 1.5145089 | S39: 0 | T39: =(0.432*1.06)*1.04 -> 0.4762368 | U39: 0 | V39: 0 | W39: 0 | X39: =M39-N39-O39-P39-Q39-R39-S39-T39-U39+V39+W39 -> 21.502229 | Y39: =X39-AO39 -> 21.502229 | AE39: 0 | AH39: 28.1 | AI39: =AI38-AH39 -> 167.43685 | AK39: =N39+O39+P39+Q39+R39+S39+T39+U39+X39+AE39+AH39 -> 52.9 | AL39: =IF(L39<0,L39*-1,0) -> 9.9366347 | AM39: =AK39+AL39 -> 62.836635 | AV39: 0 | AW39: 67 | AX39: 29 | AZ39: =SUM(N39,P39:U39) -> 3.2977714 | BA39: 0 | BB39: 7171
A40: =A39+1 -> 26 | B40: 6871.68 | C40: 192331 | D40: =C40-C39 -> 271 | E40: =C40-152000 -> 40331 | F40: =D40/$D$2 -> 136.62717 | G40: 150 | H40: 1.03 | I40: =G40+H40 -> 151.03 | J40: =IF(L40>0,L40,0) -> 49.497174 | K40: =I40+J40 -> 200.52717 | L40: =F40-(I40-AK40) -> 49.497174 | M40: 35.6 | N40: 0 | O40: 0 | P40: 0 | Q40: =829400/325851/1.9835*1.02 -> 1.3089195 | R40: =((1172952/646272)*1.04)-T40 -> 1.4113122 | S40: 0 | T40: =(0.432*1.06)*1.04 -> 0.4762368 | U40: 0 | V40: 0 | W40: 0 | X40: =M40-N40-O40-P40-Q40-R40-S40-T40-U40+V40+W40 -> 32.403531 | Y40: =X40-AO40 -> 32.403531 | AE40: 0 | AH40: 28.3 | AI40: =AI39-AH40 -> 139.13685 | AK40: =N40+O40+P40+Q40+R40+S40+T40+U40+X40+AE40+AH40 -> 63.9 | AL40: =IF(L40<0,L40*-1,0) -> 0 | AM40: =AK40+AL40 -> 63.9 | AV40: 0.03 | AW40: 59 | AX40: 33 | AZ40: =SUM(N40,P40:U40) -> 3.1964685 | BA40: 0 | BB40: 7196
A41: =A40+1 -> 27 | B41: 6871.77 | C41: 192576 | D41: =C41-C40 -> 245 | E41: =C41-152000 -> 40576 | F41: =D41/$D$2 -> 123.51903 | G41: 160 | H41: 1.34 | I41: =G41+H41 -> 161.34 | J41: =IF(L41>0,L41,0) -> 7.479032 | K41: =I41+J41 -> 168.81903 | L41: =F41-(I41-AK41) -> 7.479032 | M41: 16.8 | N41: 0 | O41: =5.65*1.05 -> 5.9325 | P41: 0 | Q41: =912400/325851/1.9835*1.02 -> 1.4399061 | R41: =((1255488/646272)*1.04)-T41 -> 1.5441316 | S41: 0 | T41: =(0.432*1.06)*1.04 -> 0.4762368 | U41: 0 | V41: 0 | W41: 0 | X41: =M41-N41-O41-P41-Q41-R41-S41-T41-U41+V41+W41 -> 7.4072255 | Y41: =X41-AO41 -> 7.4072255 | AE41: 0 | AH41: 28.5 | AI41: =AI40-AH41 -> 110.63685 | AK41: =N41+O41+P41+Q41+R41+S41+T41+U41+X41+AE41+AH41 -> 45.3 | AL41: =IF(L41<0,L41*-1,0) -> 0 | AM41: =AK41+AL41 -> 45.3 | AV41: 0 | AW41: 58 | AX41: 30 | AZ41: =SUM(N41,P41:U41) -> 3.4602745 | BA41: 0 | BB41: 7210
A42: =A41+1 -> 28 | B42: 6871.86 | C42: 192820 | D42: =C42-C41 -> 244 | E42: =C42-152000 -> 40820 | F42: =D42/$D$2 -> 123.01487 | G42: 140 | H42: 1.29 | I42: =G42+H42 -> 141.29 | J42: =IF(L42>0,L42,0) -> 15.624873 | K42: =I42+J42 -> 156.91487 | L42: =F42-(I42-AK42) -> 15.624873 | M42: 5.3 | N42: 0 | O42: 0 | P42: 0 | Q42: =902100/325851/1.9835*1.02 -> 1.4236512 | R42: =((1241632/646272)*1.04)-T42 -> 1.5049674 | S42: 0 | T42: =(0.4473*1.06)*1.04 -> 0.49310352 | U42: 0 | V42: 0 | W42: 0 | X42: =M42-N42-O42-P42-Q42-R42-S42-T42-U42+V42+W42 -> 1.8782779 | Y42: =X42-AO42 -> 1.8782779 | AE42: 0 | AH42: 28.6 | AI42: =AI41-AH42 -> 82.036848 | AK42: =N42+O42+P42+Q42+R42+S42+T42+U42+X42+AE42+AH42 -> 33.9 | AL42: =IF(L42<0,L42*-1,0) -> 0 | AM42: =AK42+AL42 -> 33.9 | AV42: 0 | AW42: 56 | AX42: 26 | AZ42: =SUM(N42,P42:U42) -> 3.4217221 | BA42: 0 | BB42: 7225
A43: =A42+1 -> 29 | B43: 6871.93 | C43: 193011 | D43: =C43-C42 -> 191 | E43: =C43-152000 -> 41011 | F43: =D43/$D$2 -> 96.294429 | G43: 136 | H43: 1.17 | I43: =G43+H43 -> 137.17 | J43: =IF(L43>0,L43,0) -> 0 | K43: =I43+J43 -> 137.17 | L43: =F43-(I43-AK43) -> -7.155571 | M43: 5.12 | N43: 0 | O43: 0 | P43: 0 | Q43: =995300/325851/1.9835*1.02 -> 1.570735 | R43: =((1211632/646272)*1.04)-T43 -> 1.4566905 | S43: 0 | T43: =(0.4473*1.06)*1.04 -> 0.49310352 | U43: 0 | V43: 0 | W43: 0 | X43: =M43-N43-O43-P43-Q43-R43-S43-T43-U43+V43+W43 -> 1.599471 | Y43: =X43-AO43 -> 1.599471 | AE43: 0 | AH43: 28.6 | AI43: =AI42-AH43 -> 53.436848 | AK43: =N43+O43+P43+Q43+R43+S43+T43+U43+X43+AE43+AH43 -> 33.72 | AL43: =IF(L43<0,L43*-1,0) -> 7.155571 | AM43: =AK43+AL43 -> 40.875571 | AV43: 0 | AW43: 63 | AX43: 27 | AZ43: =SUM(N43,P43:U43) -> 3.520529 | BA43: 0 | BB43: 7240
A44: 30 | B44: 6872.02 | C44: 193256 | D44: =C44-C43 -> 245 | E44: =C44-152000 -> 41256 | F44: =D44/$D$2 -> 123.51903 | G44: 164 | H44: 1.34 | I44: =G44+H44 -> 165.34 | J44: =IF(L44>0,L44,0) -> 15.579032 | K44: =I44+J44 -> 180.91903 | L44: =F44-(I44-AK44) -> 15.579032 | M44: 28.8 | N44: 0 | O44: =10.4*1.05 -> 10.92 | P44: 0 | Q44: =1030900/325851/1.9835*1.02 -> 1.6269172 | R44: =((1226512/646272)*1.04)-T44 -> 1.4806358 | S44: 0 | T44: =(0.4473*1.06)*1.04 -> 0.49310352 | U44: 0 | V44: 0 | W44: 0 | X44: =M44-N44-O44-P44-Q44-R44-S44-T44-U44+V44+W44 -> 14.279343 | Y44: =X44-AO44 -> 14.279343 | AE44: 0 | AH44: 28.6 | AI44: =AI43-AH44 -> 24.836848 | AK44: =N44+O44+P44+Q44+R44+S44+T44+U44+X44+AE44+AH44 -> 57.4 | AL44: =IF(L44<0,L44*-1,0) -> 0 | AM44: =AK44+AL44 -> 57.4 | AV44: 0 | AW44: 64 | AX44: 27 | AZ44: =SUM(N44,P44:U44) -> 3.6006565 | BA44: 0 | BB44: 7256
A45: 31 | B45: 6872.09 | C45: 193448 | D45: =C45-C44 -> 192 | E45: =C45-152000 -> 41448 | F45: =D45/$D$2 -> 96.798588 | G45: 155 | H45: 1.27 | I45: =G45+H45 -> 156.27 | J45: =IF(L45>0,L45,0) -> 13.628588 | K45: =I45+J45 -> 169.89859 | L45: =F45-(I45-AK45) -> 13.628588 | M45: 44.4 | N45: 0 | O45: =18.9*1.05 -> 19.845 | P45: 0 | Q45: =1003600/325851/1.9835*1.02 -> 1.5838336 | R45: =((1229520/646272)*1.04)-T45 -> 1.4854764 | S45: 0 | T45: =(0.4473*1.06)*1.04 -> 0.49310352 | U45: 0 | V45: 0 | W45: 0 | X45: =M45-N45-O45-P45-Q45-R45-S45-T45-U45+V45+W45 -> 20.992586 | Y45: =X45-AO45 -> 20.992586 | AE45: 0 | AH45: 28.7 | AI45: =AI44-AH45 -> -3.8631524 | AK45: =N45+O45+P45+Q45+R45+S45+T45+U45+X45+AE45+AH45 -> 73.1 | AL45: =IF(L45<0,L45*-1,0) -> 0 | AM45: =AK45+AL45 -> 73.1 | AV45: 0 | AW45: 54 | AX45: 20 | AZ45: =SUM(N45,P45:U45) -> 3.5624136 | BA45: 0 | BB45: 7275
A47: MONTH / CFS | F47: =SUM(F15:F45) -> 2805.6466 | G47: =SUM(G15:G45) -> 3512.5 | H47: =SUM(H15:H45) -> 20.911 | I47: =SUM(I15:I45) -> 3533.411 | J47: =SUM(J15:J45) -> 454.88429 | K47: =SUM(K15:K45) -> 3988.2953 | L47: =SUM(L15:L45) -> 393.50558 | M47: =SUM(M15:M45) -> 268.37 | ... O47: =SUM(O15:O45) -> 36.6975 | Q47: =SUM(Q15:Q45) -> 45.713548 | R47: =SUM(R15:R45) -> 49.931126 | S47: =SUM(S15:S45) -> 0 | T47: =SUM(T15:T45) -> 13.832033 | U47: =SUM(U15:U45) -> -0.34284035 | V47: =SUM(V15:V45) -> 0 | W47: =SUM(W15:W45) -> 0 | X47: =SUM(X15:X45) -> 122.53863 | Y47: =SUM(Y15:Y45) -> 122.53863 | AC47: =SUM(AC15:AC45) -> 0 | AH47: =SUM(AH15:AH45) -> 852.9 | AJ47: =SUM(AJ15:AJ45) -> 0 | AK47: =SUM(AK15:AK45) -> 1121.27 | AL47: =SUM(AL15:AL45) -> 61.378705 | AM47: =SUM(AM15:AM45) -> 1182.6487 | AN47: =SUM(AN15:AN45) -> 0 | AO47: =SUM(AO15:AO45) -> 0 | AV47: =SUM(AV15:AV45) -> 0.25 | AW47: =AVERAGE(AW15:AW45) -> 57.096774 | AX47: =AVERAGE(AX15:AX45) -> 26.806452 | AY47: AVE | AZ47: =SUM(AZ15:AZ45) -> 109.13387 | BA47: =SUM(BA15:BA45) -> 0
A48: MONTH / AF | D48: =SUM(D15:D45) -> 5565 | F48: =F47*$D$2 -> 5565 | G48: =G47*$D$2 -> 6967.0437 | H48: =H47*$D$2 -> 41.476968 | I48: =I47*$D$2 -> 7008.5207 | J48: =J47*$D$2 -> 902.26299 | K48: =K47*$D$2 -> 7910.7837 | L48: =L47*$D$2 -> 780.51833 | M48: =M47*$D$2 -> 532.3119 | ... O48: =O47*$D$2 -> 72.789491 | Q48: =Q47*$D$2 -> 90.672823 | R48: =R47*$D$2 -> 99.038388 | S48: =S47*$D$2 -> 0 | T48: =T47*$D$2 -> 27.435838 | U48: =U47*$D$2 -> -0.68002384 | V48: =V47*$D$2 -> 0 | W48: =W47*$D$2 -> 0 | X48: =X47*$D$2 -> 243.05538 | Y48: =Y47*$D$2 -> 243.05538 | AC48: =AC47*$D$2 -> 0 | AH48: =AH47*$D$2 -> 1691.7271 | AJ48: =AJ47*$D$2 -> 0 | AK48: =AK47*$D$2 -> 2224.039 | AL48: =AL47*$D$2 -> 121.74466 | AM48: =AM47*$D$2 -> 2345.7837 | AN48: =AN47*$D$2 -> 0 | AO48: =AO47*$D$2 -> 0 | AW48: =MAX(AW15:AW45) -> 67 | AX48: =MAX(AX15:AX45) -> 34 | AY48: HI | AZ48: =AZ47*$D$2 -> 216.46702 | BA48: =BA47*D2 -> 0
A50: SEASON / CFS | O50: =O47 -> 36.6975 | AW50: =MIN(AW15:AW45) -> 47 | AX50: =MIN(AX15:AX45) -> 19 | AY50: LO
A51: SEASON / AF | O51: =O50*D2 -> 72.789491
A53: YTD / CFS | F53: =F13+F47 -> 9945.0466 | G53: =G13+G47 -> 12517 | H53: =H13+H47 -> 30.105 | I53: =I13+I47 -> 12546.485 | J53: =J13+J47 -> 1915.7169 | K53: =K13+K47 -> 14462.202 | L53: =L13+L47 -> 1039.3016 | M53: =M13+M47 -> 637.04 | ... O53: =O13+O47 -> 36.6975 | Q53: =Q13+Q47 -> 233.64191 | R53: =R13+R47 -> 240.19547 | S53: =S13+S47 -> 0 | T53: =T13+T47 -> 69.000429 | U53: =U13+U47 -> -65.033937 | V53: =V13+V47 -> 0 | W53: =W13+W47 -> 0 | X53: =X13+X47 -> 107.49843 | Y53: =Y13+Y47 -> 107.49843 | AC53: =AC13+AC47 -> 1714.14 | AH53: =AH13+AH47 -> 3003.7 | AI53: =AI45 -> -3.8631524 | AJ53: =AJ13+AJ47 -> 0 | AK53: =AK13+AK47 -> 3640.74 | AL53: =AL13+AL47 -> 876.4153 | AM53: =AM13+AM47 -> 4517.1553 | AN53: =AN13+AN47 -> 0 | AO53: =AO13+AO47 -> 0 | AV53: =AV13+AV47 -> 3.44 | AZ53: =AZ13+AZ47 -> 477.80387 | BA53: =BA47+BA13 -> 0
A54: YTD / AF | D54: =D13+D48 -> 19726 | E54: =E45 -> 41448 | F54: =F53*$D$2 -> 19726 | G54: =G53*$D$2 -> 24827.469 | H54: =H53*$D$2 -> 59.713268 | I54: =I53*$D$2 -> 24885.953 | J54: =J53*$D$2 -> 3799.8245 | K54: =K53*$D$2 -> 28685.778 | L54: =L53*$D$2 -> 2061.4548 | M54: =M53*$D$2 -> 1263.5688 | ... O54: =O53*$D$2 -> 72.789491 | Q54: =Q53*$D$2 -> 463.42872 | R54: =R53*$D$2 -> 476.42771 | S54: =S53*$D$2 -> 0 | T54: =T53*$D$2 -> 136.86235 | U54: =U53*$D$2 -> -128.99481 | V54: =V53*$D$2 -> 0 | W54: =W53*$D$2 -> 0 | X54: =X53*$D$2 -> 213.22314 | Y54: =Y53*$D$2 -> 213.22314 | AC54: =AC53*$D$2 -> 3399.9967 | AH54: =AH53*$D$2 -> 5957.839 | AI54: =AI53*$D$2 -> -7.6625627 | AJ54: =AJ53*$D$2 -> 0 | AK54: =AK53*$D$2 -> 7221.4078 | AL54: =AL53*$D$2 -> 1738.3697 | AM54: =AM53*$D$2 -> 8959.7775 | AN54: =AN53*$D$2 -> 0 | AO54: =AO53*$D$2 -> 0 | AZ54: =AZ53*$D$2 -> 947.72397 | BA54: =BA53*D2 -> 0

Sheet APR
K1: MCPHEE RESERVOIR INFLOW/OUTFLOW TABULATION
A2: AF/cfs CONVERT FACTOR | D2: 1.9835 | K2: APR "2014"
D4: RESERVOIR | I4: INFLOW | X4: OUTFLOW | AP4: ADJUSTMENTS | AW4: WEATHER
A5: DATE | B5: RESERV | C5: RESERV | D5: AC FT | E5: ACTIVE | F5: CONV TO | G5: DOLORES | H5: LOST | I5: RECORD | J5: CALC | K5: TOTAL | L5: CALC | M5: DOLORES TUNNEL | V5: LONE | W5: U | X5: TOTAL | Y5: TOTAL | Z5: MVI | AA5: MVI | AB5: MVI | AC5: TO EX & | AD5: MVI | AE5: DV CR | AF5: D/S SENIOR | AH5: BELOW | AI5: FISH | AJ5: SPILL | AK5: RECORD | AL5: CALC | AM5: TOTAL | AN5: NAR | AO5: MVI | AP5: MVI | AQ5: MVI | AR5: DIST. | AS5: U/S | AT5: TOTTEN | AU5: UTES | AV5: RAIN | AW5: MAX | AX5: MIN | AZ5: TOTAL | BA5: GRNDHOG | BB5: GRNDHOG
A6: APR | B6: ELEV | D6: CHANGE | E6: CAP | F6: CFS | G6: RIVER | H6: CAN | I6: INFLOW | J6: INFLOW | K6: INFLOW | L6: INF/OTF | M6: TOT DIV | N6: WET | O6: UTE | P6: QUEST | Q6: MWC | R6: CORTEZ | T6: UTE | U6: F-BAY | V6: PINE | W6: LAT | X6: MVI | Y6: MVI | Z6: CALL | AA6: CALL | AB6: APR- | AC6: U/S EX | AD6: PROJ | AE6: CANAL | AF6: MVIC | AG6: PROJ | AH6: MCP | AI6: LEFT | AK6: OTF | AL6: OTF | AM6: OTF | AN6: FILL | AO6: STOCK | AP6: STORED | AQ6: STORED | AR6: CLASS | AS6: USERS | AT6: (FRESH | AU6: FROM | AW6: TMP | AX6: TMP | AZ6: TUNNEL | BA6: DISCHARGE | BB6: CAPACITY
N7: LAND | O7: F&R | Q7: NON - | R7: NON - | S7: PROJ | T7: PROJ | U7: BAL | X7: WATER | Y7: IRRIG. | Z7: STOR | AA7: SPILLED | AB7: JUNE | AF7: 1.7 | AG7: 1.3 | AI7: 29007 | AP7: Apr - Jun | AQ7: EVAP | AR7: "B" | AS7: EXCH | AT7: WATER) | AU7: DWCD | AZ7: Misc.
Q8: PROJ | R8: PROJ | X8: USED | Y8: WATER | AA8: OR | AB8: (DIV+
R9: 4.2 | Y9: USED | AA9: USED | AB9: CALL) | BB9: FP = 5394
C10: AC. Ft. | E10: AC FT | G10: CFS | H10: CFS | I10: CFS | J10: CFS | K10: CFS | L10: CFS | M10: CFS | N10: CFS | O10: CFS | P10: CFS | Q10: CFS | R10: CFS | S10: CFS | T10: CFS | U10: CFS | V10: CFS | W10: CFS | X10: 153400 | Y10: 150400 | Z10: CFS | AB10: 72000 | AC10: CFS | AD10: CFS | AE10: CFS | AF10: CFS | AG10: CFS | AH10: CFS | AI10: CFS | AJ10: CFS | AK10: CFS | AL10: CFS | AM10: CFS | AN10: CFS | AO10: CFS | AP10: CFS | AQ10: AC.FT. | AR10: CFS | AS10: CFS | AT10: CFS | AU10: CFS | AZ10: Outflow | BA10: CFS | BB10: AC FT
N11: 1.03 | O11: 1.05 | P11: 1.02 | Q11: 1.02 | R11: 1.04 | T11: 1.04 | X11: CFS | Y11: CFS | Z11: CFS | AA11: CFS | AB11: Ac. Ft. | AZ11: CFS
A12: SEASON BAL | O12: =MAR!O50 -> 36.6975
A13: YTD | B13: =MAR!B45 -> 6872.09 | C13: =MAR!C45 -> 193448 | D13: =MAR!D54 -> 19726 | E13: =MAR!E54 -> 41448 | F13: =MAR!F53 -> 9945.0466 | G13: =MAR!G53 -> 12517 | H13: =MAR!H53 -> 30.105 | I13: =MAR!I53 -> 12546.485 | J13: =MAR!J53 -> 1915.7169 | K13: =MAR!K53 -> 14462.202 | L13: =MAR!L53 -> 1039.3016 | M13: =MAR!M53 -> 637.04 | ... O13: =MAR!O53 -> 36.6975 | Q13: =MAR!Q53 -> 233.64191 | R13: =MAR!R53 -> 240.19547 | S13: =MAR!S53 -> 0 | T13: =MAR!T53 -> 69.000429 | U13: =MAR!U53 -> -65.033937 | V13: =MAR!V53 -> 0 | W13: =MAR!W53 -> 0 | X13: =MAR!X53 -> 107.49843 | Y13: =MAR!Y53 -> 107.49843 | Z13: 0 | AB13: 0 | AC13: =MAR!AC53 -> 1714.14 | AE13: =MAR!AE53 -> 0 | AF13: =MAR!AF53 -> 0 | AG13: =MAR!AG53 -> 0 | AH13: =MAR!AH53 -> 3003.7 | AI13: =AI7/D2 -> 14624.149 | AJ13: =MAR!AJ53 -> 0 | AK13: =MAR!AK53 -> 3640.74 | AL13: =MAR!AL53 -> 876.4153 | AM13: =MAR!AM53 -> 4517.1553 | AN13: =MAR!AN53 -> 0 | AO13: =MAR!AO53 -> 0 | AV13: =MAR!AV53 -> 3.44 | AZ13: =MAR!AZ53 -> 477.80387 | BA13: =MAR!BA53 -> 0
A15: 1 | B15: 6872.17 | C15: 193669 | D15: =C15-C13 -> 221 | E15: =C15-152000 -> 41669 | F15: =D15/$D$2 -> 111.41921 | G15: 185 | H15: 1.28 | I15: =G15+H15 -> 186.28 | J15: =IF(L15>0,L15,0) -> 0.63920847 | K15: =I15+J15 -> 186.91921 | L15: =F15-(I15-AK15) -> 0.63920847 | M15: 46.8 | N15: 0 | O15: =22.3*1.05 -> 23.415 | P15: 0 | Q15: =859600/325851/1.9835*1.02 -> 1.3565797 | R15: =((1468512/646272)*1.04)-T15 -> 1.8741483 | S15: 0 | T15: =(0.4436*1.06)*1.04 -> 0.48902464 | U15: 0 | V15: 0 | W15: 0 | X15: =M15-N15-O15-P15-Q15-R15-S15-T15-U15+V15+W15-AT15 -> 19.665247 | Y15: =X15-AO15 -> 19.665247 | Z15: =AP15 -> 161.68402 | AB15: =AB13+(Y15+AP15)*1.9835 -> 359.70628 | AC15: =AC13 -> 1714.14 | AE15: 0 | AF15: 1.7 | AG15: 1.3 | AH15: 28.7 | AI15: =AI13-AH15 -> 14595.449 | AK15: =N15+O15+P15+Q15+R15+S15+T15+U15+X15+AE15+AH15 -> 75.5 | AL15: =IF(L15<0,L15*-1,0) -> 0 | AM15: =AK15+AL15 -> 75.5 | AN15: =V15 -> 0 | AP15: =I15-Q15-R15-X15-AF15 -> 161.68402 | AQ15: =47.367*(Z15*1.9835+AC15*1.9835)/E15 -> 4.2294812 | AT15: 0 | AV15: 0 | AW15: 63 | AX15: 41 | AZ15: =SUM(N15,P15:U15) -> 3.7197526 | BA15: 0 | BB15: 7317
A16: =A15+1 -> 2 | B16: 6872.35 | C16: 194164 | D16: =C16-C15 -> 495 | E16: =C16-152000 -> 42164 | F16: =D16/$D$2 -> 249.55886 | G16: 218 | H16: 1.4 | I16: =G16+H16 -> 219.4 | J16: =IF(L16>0,L16,0) -> 84.458861 | K16: =I16+J16 -> 303.85886 | L16: =F16-(I16-AK16) -> 84.458861 | M16: 25.5 | N16: 0 | O16: =19.2*1.05 -> 20.16 | P16: 0 | Q16: =904900/325851/1.9835*1.02 -> 1.42807 | R16: =((1729920/646272)*1.04)-T16 -> 2.2948137 | S16: 0 | T16: =(0.4436*1.06)*1.04 -> 0.48902464 | U16: 0 | V16: 0 | W16: 0 | X16: =M16-N16-O16-P16-Q16-R16-S16-T16-U16+V16+W16-AT16 -> 1.1280916 | Y16: =X16-AO16 -> 1.1280916 | Z16: =Z15+AP16 -> 374.53305 | AB16: =AB15+(Y16+AP16)*1.9835 -> 784.12989 | AC16: =AC15-(AQ15/1.9835) -> 1712.0077 | AE16: 0 | AF16: 1.7 | AG16: 1.3 | AH16: 28.8 | AI16: =AI15-AH16 -> 14566.649 | AK16: =N16+O16+P16+Q16+R16+S16+T16+U16+X16+AE16+AH16 -> 54.3 | AL16: =IF(L16<0,L16*-1,0) -> 0 | AM16: =AK16+AL16 -> 54.3 | AN16: =V16 -> 0 | AP16: =I16-Q16-R16-X16-AF16 -> 212.84902 | AQ16: =0*(Z16*1.9835+AC16*1.9835)/E16 -> 0 | AT16: 0 | AV16: 0.4 | AW16: 46 | AX16: 29 | AZ16: =SUM(N16,P16:U16) -> 4.2119084 | BA16: 0 | BB16: 7366
A17: =A16+1 -> 3 | B17: 6872.5 | C17: 194577 | D17: =C17-C16 -> 413 | E17: =C17-152000 -> 42577 | F17: =D17/$D$2 -> 208.2178 | G17: 207 | H17: 2.02 | I17: =G17+H17 -> 209.02 | J17: =IF(L17>0,L17,0) -> 76.697797 | K17: =I17+J17 -> 285.7178 | L17: =F17-(I17-AK17) -> 76.697797 | M17: 23.3 | N17: 0 | O17: =22.5*1.05 -> 23.625 | P17: 0 | Q17: =767400/325851/1.9835*1.02 -> 1.2110741 | R17: =((1269408/646272)*1.04)-T17 -> 1.5537442 | S17: 0 | T17: =(0.4436*1.06)*1.04 -> 0.48902464 | U17: 0 | V17: 25.4 | W17: 0 | X17: =M17-N17-O17-P17-Q17-R17-S17-T17-U17+V17+W17-AT17 -> 21.821157 | Y17: =X17-AO17 -> 21.821157 | Z17: =Z16+AP17 -> 557.26707 | AB17: =AB16+(Y17+AP17-V17)*1.9835 -> 1139.4842 | AC17: =AC16-(AQ16/1.9835) -> 1712.0077 | AE17: 0 | AF17: 1.7 | AG17: 1.3 | AH17: 28.8 | AI17: =AI16-AH17 -> 14537.849 | AK17: =N17+O17+P17+Q17+R17+S17+T17+U17+X17+AE17+AH17 -> 77.5 | AL17: =IF(L17<0,L17*-1,0) -> 0 | AM17: =AK17+AL17 -> 77.5 | AN17: =V17 -> 25.4 | AP17: =I17-Q17-R17-X17-AF17 -> 182.73402 | AQ17: =0*(Z17*1.9835+AC17*1.9835)/E17 -> 0 | AT17: 0 | AV17: 0 | AW17: 50 | AX17: 26 | AZ17: =SUM(N17,P17:U17) -> 3.2538429 | BA17: 0 | BB17: 7423
A18: =A17+1 -> 4 | B18: 6872.51 | C18: 194604 | D18: =C18-C17 -> 27 | E18: =C18-152000 -> 42604 | F18: =D18/$D$2 -> 13.612301 | G18: 174 | H18: 2.24 | I18: =G18+H18 -> 176.24 | J18: =IF(L18>0,L18,0) -> 3.6723015 | K18: =I18+J18 -> 179.9123 | L18: =F18-(I18-AK18) -> 3.6723015 | M18: 39.2 | N18: 0 | O18: =33.2*1.05 -> 34.86 | P18: 0 | Q18: =871600/325851/1.9835*1.02 -> 1.3755175 | R18: =((1336480/646272)*1.04)-T18 -> 1.6600249 | S18: 0 | T18: =(0.4451*1.06)*1.04 -> 0.49067824 | U18: 0 | V18: 98.3 | W18: 0 | X18: =M18-N18-O18-P18-Q18-R18-S18-T18-U18+V18+W18-AT18 -> 99.113779 | Y18: =X18-AO18 -> 99.113779 | Z18: =Z17+AP18 -> 629.65775 | AB18: =AB17+(Y18+AP18-V18)*1.9835 -> 1284.6852 | AC18: =AC17-(AQ17/1.9835) -> 1712.0077 | AE18: 0 | AF18: 1.7 | AG18: 1.3 | AH18: 28.8 | AI18: =AI17-AH18 -> 14509.049 | AK18: =N18+O18+P18+Q18+R18+S18+T18+U18+X18+AE18+AH18 -> 166.3 | AL18: =IF(L18<0,L18*-1,0) -> 0 | AM18: =AK18+AL18 -> 166.3 | AN18: =V18 -> 98.3 | AP18: =I18-Q18-R18-X18-AF18 -> 72.390678 | AQ18: =14.376*(Z18*1.9835+AC18*1.9835)/E18 -> 1.5672733 | AT18: 0 | AV18: 0 | AW18: 55 | AX18: 26 | AZ18: =SUM(N18,P18:U18) -> 3.5262206 | BA18: 0 | BB18: 7468
A19: =A18+1 -> 5 | B19: 6872.53 | C19: 194659 | D19: =C19-C18 -> 55 | E19: =C19-152000 -> 42659 | F19: =D19/$D$2 -> 27.728762 | G19: 182 | H19: 2.13 | I19: =G19+H19 -> 184.13 | J19: =IF(L19>0,L19,0) -> 17.198762 | K19: =I19+J19 -> 201.32876 | L19: =F19-(I19-AK19) -> 17.198762 | M19: 36.8 | N19: 0 | O19: =32*1.05 -> 33.6 | P19: 0 | Q19: =826000/325851/1.9835*1.02 -> 1.3035538 | R19: =((1445344/646272)*1.04)-T19 -> 1.835212 | S19: 0 | T19: =(0.4451*1.06)*1.04 -> 0.49067824 | U19: 0 | V19: 108 | W19: 0 | X19: =M19-N19-O19-P19-Q19-R19-S19-T19-U19+V19+W19-AT19 -> 107.57056 | Y19: =X19-AO19 -> 107.57056 | Z19: =Z18+AP19 -> 701.37843 | AB19: =AB18+(Y19+AP19-V19)*1.9835 -> 1426.0914 | AC19: =AC18-(AQ18/1.9835) -> 1711.2175 | AE19: 0 | AF19: 1.7 | AG19: 1.3 | AH19: 28.8 | AI19: =AI18-AH19 -> 14480.249 | AK19: =N19+O19+P19+Q19+R19+S19+T19+U19+X19+AE19+AH19 -> 173.6 | AL19: =IF(L19<0,L19*-1,0) -> 0 | AM19: =AK19+AL19 -> 173.6 | AN19: =V19 -> 108 | AP19: =I19-Q19-R19-X19-AF19 -> 71.720678 | AQ19: =21.806*(Z19*1.9835+AC19*1.9835)/E19 -> 2.4461447 | AT19: 0 | AV19: 0 | AW19: 56 | AX19: 30 | AZ19: =SUM(N19,P19:U19) -> 3.6294441 | BA19: 0 | BB19: 7507
A20: =A19+1 -> 6 | B20: 6872.53 | C20: 194659 | D20: =C20-C19 -> 0 | E20: =C20-152000 -> 42659 | F20: =D20/$D$2 -> 0 | G20: 162 | H20: 1.98 | I20: =G20+H20 -> 163.98 | J20: =IF(L20>0,L20,0) -> 20.42 | K20: =I20+J20 -> 184.4 | L20: =F20-(I20-AK20) -> 20.42 | M20: 36.6 | N20: 0 | O20: =38.7*1.05 -> 40.635 | P20: 0 | Q20: =1020500/325851/1.9835*1.02 -> 1.6105044 | R20: =((1422496/646272)*1.04)-T20 -> 1.7984444 | S20: 0 | T20: =(0.4451*1.06)*1.04 -> 0.49067824 | U20: 0 | V20: 119 | W20: 0 | X20: =M20-N20-O20-P20-Q20-R20-S20-T20-U20+V20+W20-AT20 -> 111.06537 | Y20: =X20-AO20 -> 111.06537 | Z20: =Z19+AP20 -> 749.18411 | AB20: =AB19+(Y20+AP20-V20)*1.9835 -> 1505.1756 | AC20: =AC19-(AQ19/1.9835) -> 1709.9843 | AE20: 0 | AF20: 1.7 | AG20: 1.3 | AH20: 28.8 | AI20: =AI19-AH20 -> 14451.449 | AK20: =N20+O20+P20+Q20+R20+S20+T20+U20+X20+AE20+AH20 -> 184.4 | AL20: =IF(L20<0,L20*-1,0) -> 0 | AM20: =AK20+AL20 -> 184.4 | AN20: =V20 -> 119 | AP20: =I20-Q20-R20-X20-AF20 -> 47.805678 | AQ20: =26.006*(Z20*1.9835+AC20*1.9835)/E20 -> 2.9736055 | AT20: 0 | AV20: 0 | AW20: 55 | AX20: 29 | AZ20: =SUM(N20,P20:U20) -> 3.899627 | BA20: 0 | BB20: 7520
A21: =A20+1 -> 7 | B21: 6872.5 | C21: 194577 | D21: =C21-C20 -> -82 | E21: =C21-152000 -> 42577 | F21: =D21/$D$2 -> -41.341064 | G21: 164 | H21: 1.71 | I21: =G21+H21 -> 165.71 | J21: =IF(L21>0,L21,0) -> 1.7489362 | K21: =I21+J21 -> 167.45894 | L21: =F21-(I21-AK21) -> 1.7489362 | M21: 52.1 | N21: 0 | O21: =43*1.05 -> 45.15 | P21: 0 | Q21: =993400/325851/1.9835*1.02 -> 1.5677365 | R21: =((1431744/646272)*1.04)-T21 -> 1.8133265 | S21: 0 | T21: =(0.4451*1.06)*1.04 -> 0.49067824 | U21: 0 | V21: 128 | W21: 0 | X21: =M21-N21-O21-P21-Q21-R21-S21-T21-U21+V21+W21-AT21 -> 131.07826 | Y21: =X21-AO21 -> 131.07826 | Z21: =Z20+AP21 -> 778.73479 | AB21: =AB20+(Y21+AP21-V21)*1.9835 -> 1569.8951 | AC21: =AC20-(AQ20/1.9835) -> 1708.4851 | AE21: 0 | AF21: 1.7 | AG21: 1.3 | AH21: 28.7 | AI21: =AI20-AH21 -> 14422.749 | AK21: =N21+O21+P21+Q21+R21+S21+T21+U21+X21+AE21+AH21 -> 208.8 | AL21: =IF(L21<0,L21*-1,0) -> 0 | AM21: =AK21+AL21 -> 208.8 | AN21: =V21 -> 128 | AP21: =I21-Q21-R21-X21-AF21 -> 29.550678 | AQ21: =32.305*(Z21*1.9835+AC21*1.9835)/E21 -> 3.7431831 | AT21: 0 | AV21: 0 | AW21: 60 | AX21: 29 | AZ21: =SUM(N21,P21:U21) -> 3.8717412 | BA21: 0 | BB21: 7501
A22: =A21+1 -> 8 | B22: 6872.49 | C22: 194549 | D22: =C22-C21 -> -28 | E22: =C22-152000 -> 42549 | F22: =D22/$D$2 -> -14.116461 | G22: 170 | H22: 1.62 | I22: =G22+H22 -> 171.62 | J22: =IF(L22>0,L22,0) -> 0.7635392 | K22: =I22+J22 -> 172.38354 | L22: =F22-(I22-AK22) -> 0.7635392 | M22: 57.7 | N22: 0 | O22: =50.9*1.05 -> 53.445 | P22: 0 | Q22: =1154000/325851/1.9835*1.02 -> 1.8211877 | R22: =((1487392/646272)*1.04)-T22 -> 1.9028769 | S22: 0 | T22: =(0.4451*1.06)*1.04 -> 0.49067824 | U22: 0 | V22: 100 | W22: 0 | X22: =M22-N22-O22-P22-Q22-R22-S22-T22-U22+V22+W22-AT22 -> 100.04026 | Y22: =X22-AO22 -> 100.04026 | Z22: =Z21+AP22 -> 844.89047 | AB22: =AB21+(Y22+AP22-V22)*1.9835 -> 1701.1948 | AC22: =AC21-(AQ21/1.9835) -> 1706.5979 | AE22: 0 | AF22: 1.7 | AG22: 1.3 | AH22: 28.8 | AI22: =AI21-AH22 -> 14393.949 | AK22: =N22+O22+P22+Q22+R22+S22+T22+U22+X22+AE22+AH22 -> 186.5 | AL22: =IF(L22<0,L22*-1,0) -> 0 | AM22: =AK22+AL22 -> 186.5 | AN22: =V22 -> 100 | AP22: =I22-Q22-R22-X22-AF22 -> 66.155678 | AQ22: =28.866*(Z22*1.9835+AC22*1.9835)/E22 -> 3.4333893 | AT22: 0 | AV22: 0 | AW22: 70 | AX22: 30 | AZ22: =SUM(N22,P22:U22) -> 4.2147429 | BA22: 0 | BB22: 7524
A23: =A22+1 -> 9 | B23: 6872.53 | C23: 194659 | D23: =C23-C22 -> 110 | E23: =C23-152000 -> 42659 | F23: =D23/$D$2 -> 55.457525 | G23: 246 | H23: 1.85 | I23: =G23+H23 -> 247.85 | J23: =IF(L23>0,L23,0) -> 1.4075246 | K23: =I23+J23 -> 249.25752 | L23: =F23-(I23-AK23) -> 1.4075246 | M23: 65.3 | N23: 0 | O23: =54.1*1.05 -> 56.805 | P23: 0 | Q23: =1012300/325851/1.9835*1.02 -> 1.5975636 | R23: =((1400864/646272)*1.04)-T23 -> 1.7636335 | S23: 0 | T23: =(0.4451*1.06)*1.04 -> 0.49067824 | U23: 0 | V23: 99.7 | W23: 0 | X23: =M23-N23-O23-P23-Q23-R23-S23-T23-U23+V23+W23-AT23 -> 104.34312 | Y23: =X23-AO23 -> 104.34312 | Z23: =Z22+AP23 -> 983.33614 | AB23: =AB22+(Y23+AP23-V23)*1.9835 -> 1985.0114 | AC23: =AC22-(AQ22/1.9835) -> 1704.867 | AE23: 0 | AF23: 1.7 | AG23: 1.3 | AH23: 28.8 | AI23: =AI22-AH23 -> 14365.149 | AK23: =N23+O23+P23+Q23+R23+S23+T23+U23+X23+AE23+AH23 -> 193.8 | AL23: =IF(L23<0,L23*-1,0) -> 0 | AM23: =AK23+AL23 -> 193.8 | AN23: =V23 -> 99.7 | AP23: =I23-Q23-R23-X23-AF23 -> 138.44568 | AQ23: =29.398*(Z23*1.9835+AC23*1.9835)/E23 -> 3.6745266 | AT23: 0 | AV23: 0 | AW23: 73 | AX23: 34 | AZ23: =SUM(N23,P23:U23) -> 3.8518753 | BA23: 0 | BB23: 7637
A24: =A23+1 -> 10 | B24: 6872.73 | C24: 195210 | D24: =C24-C23 -> 551 | E24: =C24-152000 -> 43210 | F24: =D24/$D$2 -> 277.79178 | G24: 407 | H24: 4.34 | I24: =G24+H24 -> 411.34 | J24: =IF(L24>0,L24,0) -> 95.551782 | K24: =I24+J24 -> 506.89178 | L24: =F24-(I24-AK24) -> 95.551782 | M24: 79.1 | N24: 0 | O24: =66.9*1.05 -> 70.245 | P24: 0 | Q24: =1158100/325851/1.9835*1.02 -> 1.8276582 | R24: =((1740480/646272)*1.04)-T24 -> 2.3101536 | S24: 0 | T24: =(0.4451*1.06)*1.04 -> 0.49067824 | U24: 0 | V24: 99.7 | W24: 0 | X24: =M24-N24-O24-P24-Q24-R24-S24-T24-U24+V24+W24-AT24 -> 103.92651 | Y24: =X24-AO24 -> 103.92651 | Z24: =Z23+AP24 -> 1284.9118 | AB24: =AB23+(Y24+AP24-V24)*1.9835 -> 2591.57 | AC24: =AC23-(AQ23/1.9835) -> 1703.0144 | AE24: 21.5 | AF24: 1.7 | AG24: 1.3 | AH24: 28.8 | AI24: =AI23-AH24 -> 14336.349 | AK24: =N24+O24+P24+Q24+R24+S24+T24+U24+X24+AE24+AH24 -> 229.1 | AL24: =IF(L24<0,L24*-1,0) -> 0 | AM24: =AK24+AL24 -> 229.1 | AN24: =V24 -> 99.7 | AP24: =I24-Q24-R24-X24-AF24 -> 301.57568 | AQ24: =32.951*(Z24*1.9835+AC24*1.9835)/E24 -> 4.5194586 | AT24: 0 | AV24: 0 | AW24: 74 | AX24: 35 | AZ24: =SUM(N24,P24:U24) -> 4.62849 | BA24: 0 | BB24: 7769
A25: =A24+1 -> 11 | B25: 6873.01 | C25: 195981 | D25: =C25-C24 -> 771 | E25: =C25-152000 -> 43981 | F25: =D25/$D$2 -> 388.70683 | G25: 611 | H25: 20.6 | I25: =G25+H25 -> 631.6 | J25: =IF(L25>0,L25,0) -> 0 | K25: =I25+J25 -> 631.6 | L25: =F25-(I25-AK25) -> -0.89316864 | M25: 76.7 | N25: 0 | O25: =66.7*1.05 -> 70.035 | P25: 0 | Q25: =1091500/325851/1.9835*1.02 -> 1.7225532 | R25: =((1798592/646272)*1.04)-T25 -> 2.3616677 | S25: 0 | T25: =(0.4832*1.06)*1.04 -> 0.53267968 | U25: 0 | V25: 100 | W25: 0 | X25: =M25-N25-O25-P25-Q25-R25-S25-T25-U25+V25+W25-AT25 -> 102.0481 | Y25: =X25-AO25 -> 102.0481 | Z25: =Z24+AP25 -> 1808.6795 | AB25: =AB24+(Y25+AP25-V25)*1.9835 -> 3634.5256 | AC25: =AC24-(AQ24/1.9835) -> 1700.7359 | AE25: 36.5 | AF25: 1.7 | AG25: 1.3 | AH25: 28.8 | AI25: =AI24-AH25 -> 14307.549 | AK25: =N25+O25+P25+Q25+R25+S25+T25+U25+X25+AE25+AH25 -> 242 | AL25: =IF(L25<0,L25*-1,0) -> 0.89316864 | AM25: =AK25+AL25 -> 242.89317 | AN25: =V25 -> 100 | AP25: =I25-Q25-R25-X25-AF25 -> 523.76768 | AQ25: =29.075*(Z25*1.9835+AC25*1.9835)/E25 -> 4.601735 | AT25: 0 | AV25: 0 | AW25: 74 | AX25: 36 | AZ25: =SUM(N25,P25:U25) -> 4.6169006 | BA25: 0 | BB25: 7950
A26: =A25+1 -> 12 | B26: 6873.43 | C26: 197151 | D26: =C26-C25 -> 1170 | E26: =C26-152000 -> 45151 | F26: =D26/$D$2 -> 589.8664 | G26: 834 | H26: 54.5 | I26: =G26+H26 -> 888.5 | J26: =IF(L26>0,L26,0) -> 0 | K26: =I26+J26 -> 888.5 | L26: =F26-(I26-AK26) -> -53.733602 | M26: 78.4 | N26: 0 | O26: =65.1*1.05 -> 68.355 | P26: 0 | Q26: =1036300/325851/1.9835*1.02 -> 1.6354392 | R26: =((1783736/646272)*1.04)-T26 -> 2.337761 | S26: 0 | T26: =(0.4832*1.06)*1.04 -> 0.53267968 | U26: 0 | V26: 101 | W26: 0 | X26: =M26-N26-O26-P26-Q26-R26-S26-T26-U26+V26+W26-AT26 -> 106.53912 | Y26: =X26-AO26 -> 106.53912 | Z26: =Z25+AP26 -> 2584.9672 | AB26: =AB25+(Y26+AP26-V26)*1.9835 -> 5185.2791 | AC26: =AC25-(AQ25/1.9835) -> 1698.4159 | AE26: 36.7 | AF26: 1.7 | AG26: 1.3 | AH26: 28.8 | AI26: =AI25-AH26 -> 14278.749 | AK26: =N26+O26+P26+Q26+R26+S26+T26+U26+X26+AE26+AH26 -> 244.9 | AL26: =IF(L26<0,L26*-1,0) -> 53.733602 | AM26: =AK26+AL26 -> 298.6336 | AN26: =V26 -> 101 | AP26: =I26-Q26-R26-X26-AF26 -> 776.28768 | AQ26: =0*(Z26*1.9835+AC26*1.9835)/E26 -> 0 | AT26: 0 | AV26: 0.09 | AW26: 67 | AX26: 38 | AZ26: =SUM(N26,P26:U26) -> 4.5058799 | BA26: 0 | BB26: 8237
A27: =A26+1 -> 13 | B27: 6874 | C27: 198739 | D27: =C27-C26 -> 1588 | E27: =C27-152000 -> 46739 | F27: =D27/$D$2 -> 800.60499 | G27: 736 | H27: 37.4 | I27: =G27+H27 -> 773.4 | J27: =IF(L27>0,L27,0) -> 271.88499 | K27: =I27+J27 -> 1045.285 | L27: =F27-(I27-AK27) -> 271.88499 | M27: 75.2 | N27: 0 | O27: =67.2*1.05 -> 70.56 | P27: 0 | Q27: =1024200/325851/1.9835*1.02 -> 1.6163436 | R27: =((1760776/646272)*1.04)-T27 -> 2.3008131 | S27: 0 | T27: =(0.4832*1.06)*1.04 -> 0.53267968 | U27: 0 | V27: 102 | W27: 2.38 | X27: =M27-N27-O27-P27-Q27-R27-S27-T27-U27+V27+W27-AT27 -> 104.57016 | Y27: =X27-AO27+20 -> 102 | Z27: =Z26+AP27 -> 3248.1799 | AB27: =AB26+(Y27+AP27-V27+20)*1.9835 -> 6540.4314 | AC27: =AC26-(AQ26/1.9835) -> 1698.4159 | AE27: 36.3 | AF27: 1.7 | AG27: 1.3 | AH27: 28.8 | AI27: =AI26-AH27 -> 14249.949 | AK27: =N27+O27+P27+Q27+R27+S27+T27+U27+X27+AE27+AH27 -> 244.68 | AL27: =IF(L27<0,L27*-1,0) -> 0 | AM27: =AK27+AL27 -> 244.68 | AN27: =V27-20 -> 82 | AO27: =X27-AN27 -> 22.570164 | AP27: =I27-Q27-R27-X27-AF27 -> 663.21268 | AQ27: =6.543*(Z27*1.9835+AC27*1.9835)/E27 -> 1.3735236 | AT27: 0 | AV27: 0.05 | AW27: 54 | AX27: 30 | AZ27: =SUM(N27,P27:U27) -> 4.4498363 | BA27: 0 | BB27: 8424
A28: =A27+1 -> 14 | B28: 6874.17 | C28: 199219 | D28: =C28-C27 -> 480 | E28: =C28-152000 -> 47219 | F28: =D28/$D$2 -> 241.99647 | G28: 553 | H28: 10.7 | I28: =G28+H28 -> 563.7 | J28: =IF(L28>0,L28,0) -> 0 | K28: =I28+J28 -> 563.7 | L28: =F28-(I28-AK28) -> -110.71353 | M28: 106 | N28: 0 | O28: =67.2*1.05 -> 70.56 | P28: 0 | Q28: =1076440/325851/1.9835*1.02 -> 1.6987862 | R28: =((1820512/646272)*1.04)-T28 -> 2.396942 | S28: 0 | T28: =(0.4832*1.06)*1.04 -> 0.53267968 | U28: 0 | V28: 57.2 | W28: 14.4 | X28: =M28-N28-O28-P28-Q28-R28-S28-T28-U28+V28+W28-AT28 -> 102.41159 | Y28: =X28-AO28+20 -> 57.2 | Z28: =Z27+AP28 -> 3703.6725 | AB28: =AB27+(Y28+AP28-V28+20)*1.9835 -> 7483.5712 | AC28: =AC27-(AQ27/1.9835) -> 1697.7234 | AE28: 4.59 | AF28: 1.7 | AG28: 1.3 | AH28: 28.8 | AI28: =AI27-AH28 -> 14221.149 | AK28: =N28+O28+P28+Q28+R28+S28+T28+U28+X28+AE28+AH28 -> 210.99 | AL28: =IF(L28<0,L28*-1,0) -> 110.71353 | AM28: =AK28+AL28 -> 321.70353 | AN28: =V28-20 -> 37.2 | AO28: =X28-AN28 -> 65.211592 | AP28: =I28-Q28-R28-X28-AF28 -> 455.49268 | AQ28: =15.539*(Z28*1.9835+AC28*1.9835)/E28 -> 3.5256931 | AT28: 0 | AV28: 0 | AW28: 52 | AX28: 23 | AZ28: =SUM(N28,P28:U28) -> 4.628408 | BA28: 0 | BB28: 8561
A29: =A28+1 -> 15 | B29: 6874.3 | C29: 199586 | D29: =C29-C28 -> 367 | E29: =C29-152000 -> 47586 | F29: =D29/$D$2 -> 185.02647 | G29: 471 | H29: 5.34 | I29: =G29+H29 -> 476.34 | J29: =IF(L29>0,L29,0) -> 0 | K29: =I29+J29 -> 476.34 | L29: =F29-(I29-AK29) -> -56.313532 | M29: 92.5 | N29: 0 | O29: =54.9*1.05 -> 57.645 | P29: 0 | Q29: =1071460/325851/1.9835*1.02 -> 1.690927 | R29: =((1756032/646272)*1.04)-T29 -> 2.2931789 | S29: 0 | T29: =(0.4832*1.06)*1.04 -> 0.53267968 | U29: 0 | V29: 99.9 | W29: 13.8 | X29: =M29-N29-O29-P29-Q29-R29-S29-T29-U29+V29+W29-AT29 -> 144.03821 | Y29: =X29-AO29+20 -> 99.9 | Z29: =Z28+AP29 -> 4030.2902 | AB29: =AB28+(Y29+AP29-V29+20)*1.9835 -> 8171.0873 | AC29: =AC28-(AQ28/1.9835) -> 1695.9459 | AE29: 0 | AF29: 1.7 | AG29: 1.3 | AH29: 28.8 | AI29: =AI28-AH29 -> 14192.349 | AK29: =N29+O29+P29+Q29+R29+S29+T29+U29+X29+AE29+AH29 -> 235 | AL29: =IF(L29<0,L29*-1,0) -> 56.313532 | AM29: =AK29+AL29 -> 291.31353 | AN29: =V29-20 -> 79.9 | AO29: =X29-AN29 -> 64.138214 | AP29: =I29-Q29-R29-X29-AF29 -> 326.61768 | AQ29: =22.409*(Z29*1.9835+AC29*1.9835)/E29 -> 5.3486568 | AT29: 0 | AV29: 0 | AW29: 61 | AX29: 24 | AZ29: =SUM(N29,P29:U29) -> 4.5167856 | BA29: 0 | BB29: 8665
A30: =A29+1 -> 16 | B30: 6874.49 | C30: 200122 | D30: =C30-C29 -> 536 | E30: =C30-152000 -> 48122 | F30: =D30/$D$2 -> 270.22939 | G30: 469 | H30: 3.39 | I30: =G30+H30 -> 472.39 | J30: =IF(L30>0,L30,0) -> 69.539392 | K30: =I30+J30 -> 541.92939 | L30: =F30-(I30-AK30) -> 69.539392 | M30: 102 | N30: 0 | O30: =70.7*1.05 -> 74.235 | P30: 0 | Q30: =1039300/325851/1.9835*1.02 -> 1.6401737 | R30: =((1743872/646272)*1.04)-T30 -> 2.2736107 | S30: 0 | T30: =(0.4832*1.06)*1.04 -> 0.53267968 | U30: 0 | V30: 122 | W30: 18.9 | X30: =M30-N30-O30-P30-Q30-R30-S30-T30-U30+V30+W30-AT30 -> 164.21854 | Y30: =X30-AO30+20 -> 122 | Z30: =Z29+AP30 -> 4332.8479 | AB30: =AB29+(Y30+AP30-V30+20)*1.9835 -> 8810.8805 | AC30: =AC29-(AQ29/1.9835) -> 1693.2493 | AE30: 0 | AF30: 1.7 | AG30: 1.3 | AH30: 28.8 | AI30: =AI29-AH30 -> 14163.549 | AK30: =N30+O30+P30+Q30+R30+S30+T30+U30+X30+AE30+AH30 -> 271.7 | AL30: =IF(L30<0,L30*-1,0) -> 0 | AM30: =AK30+AL30 -> 271.7 | AN30: =V30-20 -> 102 | AO30: =X30-AN30 -> 62.218536 | AP30: =I30-Q30-R30-X30-AF30 -> 302.55768 | AQ30: =27.806*(Z30*1.9835+AC30*1.9835)/E30 -> 6.9065822 | AT30: 0 | AV30: 0 | AW30: 63 | AX30: 30 | AZ30: =SUM(N30,P30:U30) -> 4.446464 | BA30: 0 | BB30: 8771
A31: =A30+1 -> 17 | B31: 6874.58 | C31: 200376 | D31: =C31-C30 -> 254 | E31: =C31-152000 -> 48376 | F31: =D31/$D$2 -> 128.05647 | G31: 442 | H31: 2.56 | I31: =G31+H31 -> 444.56 | J31: =IF(L31>0,L31,0) -> 2.7964658 | K31: =I31+J31 -> 447.35647 | L31: =F31-(I31-AK31) -> 2.7964658 | M31: 92 | N31: 0 | O31: =74.9*1.05 -> 78.645 | P31: 0 | Q31: =1200600/325851/1.9835*1.02 -> 1.8947296 | R31: =((1840832/646272)*1.04)-T31 -> 2.4296416 | S31: 0 | T31: =(0.4832*1.06)*1.04 -> 0.53267968 | U31: 0 | V31: 166 | W31: 13.2 | X31: =M31-N31-O31-P31-Q31-R31-S31-T31-U31+V31+W31-AT31 -> 187.69795 | Y31: =X31-AO31 -> 166 | Z31: =Z30+AP31 -> 4583.6856 | AB31: =AB30+(Y31+AP31-V31)*1.9835 -> 9308.417 | AC31: =AC30-(AQ30/1.9835) -> 1689.7673 | AE31: 19.3 | AF31: 1.7 | AG31: 1.3 | AH31: 28.8 | AI31: =AI30-AH31 -> 14134.749 | AK31: =N31+O31+P31+Q31+R31+S31+T31+U31+X31+AE31+AH31 -> 319.3 | AL31: =IF(L31<0,L31*-1,0) -> 0 | AM31: =AK31+AL31 -> 319.3 | AN31: =V31 -> 166 | AO31: =X31-AN31 -> 21.697949 | AP31: =I31-Q31-R31-X31-AF31 -> 250.83768 | AQ31: =33.11*(Z31*1.9835+AC31*1.9835)/E31 -> 8.5166357 | AT31: 0 | AV31: 0 | AW31: 66 | AX31: 29 | AZ31: =SUM(N31,P31:U31) -> 4.8570509 | BA31: 0 | BB31: 8889
A32: =A31+1 -> 18 | B32: 6874.74 | C32: 200827 | D32: =C32-C31 -> 451 | E32: =C32-152000 -> 48827 | F32: =D32/$D$2 -> 227.37585 | G32: 675 | H32: 3.57 | I32: =G32+H32 -> 678.57 | J32: =IF(L32>0,L32,0) -> 6.8058508 | K32: =I32+J32 -> 685.37585 | L32: =F32-(I32-AK32) -> 6.8058508 | M32: 91.6 | N32: 0 | O32: =74.5*1.05 -> 78.225 | P32: 0 | Q32: =1088700/325851/1.9835*1.02 -> 1.7181344 | R32: =((1794976/646272)*1.04)-T32 -> 2.2095603 | S32: 0 | T32: =(0.6159*1.06)*1.04 -> 0.67896816 | U32: 0 | V32: 317 | W32: 0 | X32: =M32-N32-O32-P32-Q32-R32-S32-T32-U32+V32+W32-AT32 -> 325.76834 | Y32: =X32-AO32 -> 325.76834 | Z32: =Z31+AP32 -> 4930.8595 | AB32: =AB31+(Y32+AP32-V32)*1.9835 -> 10014.429 | AC32: =AC31-(AQ31/1.9835) -> 1685.4736 | AE32: 20.6 | AF32: 1.7 | AG32: 1.3 | AH32: 28.8 | AI32: =AI31-AH32 -> 14105.949 | AK32: =N32+O32+P32+Q32+R32+S32+T32+U32+X32+AE32+AH32 -> 458 | AL32: =IF(L32<0,L32*-1,0) -> 0 | AM32: =AK32+AL32 -> 458 | AN32: =V32 -> 317 | AP32: =I32-Q32-R32-X32-AF32 -> 347.17397 | AQ32: =47.016*(Z32*1.9835+AC32*1.9835)/E32 -> 12.636744 | AT32: 0 | AV32: 0 | AW32: 74 | AX32: 37 | AZ32: =SUM(N32,P32:U32) -> 4.6066628 | BA32: 0 | BB32: 9083
A33: =A32+1 -> 19 | B33: 6875.11 | C33: 201874 | D33: =C33-C32 -> 1047 | E33: =C33-152000 -> 49874 | F33: =D33/$D$2 -> 527.8548 | G33: 957 | H33: 29 | I33: =G33+H33 -> 986 | J33: =IF(L33>0,L33,0) -> 0 | K33: =I33+J33 -> 986 | L33: =F33-(I33-AK33) -> -25.445198 | M33: 75.9 | N33: 0 | O33: =77*1.05 -> 80.85 | P33: 0 | Q33: =930100/325851/1.9835*1.02 -> 1.4678394 | R33: =((1709632/646272)*1.04)-T33 -> 2.0722222 | S33: 0 | T33: =(0.6159*1.06)*1.04 -> 0.67896816 | U33: 0 | V33: 311 | W33: 0 | X33: =M33-N33-O33-P33-Q33-R33-S33-T33-U33+V33+W33-AT33 -> 301.83097 | Y33: =X33-AO33 -> 301.83097 | Z33: =Z32+AP33 -> 5424.0286 | AB33: =AB32+(Y33+AP33-V33)*1.9835 -> 10974.443 | AC33: =AC32-(AQ32/1.9835) -> 1679.1026 | AE33: 17 | AF33: 1.7 | AG33: 1.3 | AH33: 28.8 | AI33: =AI32-AH33 -> 14077.149 | AK33: =N33+O33+P33+Q33+R33+S33+T33+U33+X33+AE33+AH33 -> 432.7 | AL33: =IF(L33<0,L33*-1,0) -> 25.445198 | AM33: =AK33+AL33 -> 458.1452 | AN33: =V33 -> 311 | AP33: =795-X33 -> 493.16903 | AQ33: =0*(Z33*1.9835+AC33*1.9835)/E33 -> 0 | AT33: 0 | AV33: 0.16 | AW33: 66 | AX33: 42 | AZ33: =SUM(N33,P33:U33) -> 4.2190298 | BA33: 0 | BB33: 9267
A34: =A33+1 -> 20 | B34: 6875.57 | C34: 203188 | D34: =C34-C33 -> 1314 | E34: =C34-152000 -> 51188 | F34: =D34/$D$2 -> 662.46534 | G34: 1070 | H34: 90.6 | I34: =G34+H34 -> 1160.6 | J34: =IF(L34>0,L34,0) -> 0 | K34: =I34+J34 -> 1160.6 | L34: =F34-(I34-AK34) -> -68.534661 | M34: 77 | N34: 0 | O34: =61.5*1.05 -> 64.575 | P34: 0 | Q34: =1358700/325851/1.9835*1.02 -> 2.1442355 | R34: =((1014048/646272)*1.04)-T34 -> 0.95286785 | S34: 0 | T34: =(0.6159*1.06)*1.04 -> 0.67896816 | U34: 0 | V34: 307 | W34: 0 | X34: =M34-N34-O34-P34-Q34-R34-S34-T34-U34+V34+W34-AT34 -> 315.64893 | Y34: =X34-AO34 -> 315.64893 | Z34: =Z33+AP34 -> 5903.3796 | AB34: =AB33+(Y34+AP34-V34)*1.9835 -> 11942.391 | AC34: =AC33-(AQ33/1.9835) -> 1679.1026 | AE34: 16.8 | AF34: 1.7 | AG34: 1.3 | AH34: 28.8 | AI34: =AI33-AH34 -> 14048.349 | AK34: =N34+O34+P34+Q34+R34+S34+T34+U34+X34+AE34+AH34 -> 429.6 | AL34: =IF(L34<0,L34*-1,0) -> 68.534661 | AM34: =AK34+AL34 -> 498.13466 | AN34: =V34 -> 307 | AP34: =795-X34 -> 479.35107 | AQ34: =34.679*(Z34*1.9835+AC34*1.9835)/E34 -> 10.189245 | AT34: 0 | AV34: 0 | AW34: 71 | AX34: 37 | AZ34: =SUM(N34,P34:U34) -> 3.7760715 | BA34: 0 | BB34: 9493
A35: =A34+1 -> 21 | B35: 6876.24 | C35: 205108 | D35: =C35-C34 -> 1920 | E35: =C35-152000 -> 53108 | F35: =D35/$D$2 -> 967.98588 | G35: 1330 | H35: 103 | I35: =G35+H35 -> 1433 | J35: =IF(L35>0,L35,0) -> 0 | K35: =I35+J35 -> 1433 | L35: =F35-(I35-AK35) -> -115.61412 | M35: 77.6 | N35: 0 | O35: =68.3*1.05 -> 71.715 | P35: 0 | Q35: =942200/325851/1.9835*1.02 -> 1.4869351 | R35: =((2310400/646272)*1.04)-T35 -> 3.0389958 | S35: 0 | T35: =(0.6159*1.06)*1.04 -> 0.67896816 | U35: 0 | V35: 243 | W35: 0 | X35: =M35-N35-O35-P35-Q35-R35-S35-T35-U35+V35+W35-AT35 -> 243.6801 | Y35: =X35-AO35 -> 243.6801 | Z35: =Z34+AP35 -> 6454.6995 | AB35: =AB34+(Y35+AP35-V35)*1.9835 -> 13037.283 | AC35: =AC34-(AQ34/1.9835) -> 1673.9656 | AE35: 0 | AF35: 1.7 | AG35: 1.3 | AH35: 28.8 | AI35: =AI34-AH35 -> 14019.549 | AK35: =N35+O35+P35+Q35+R35+S35+T35+U35+X35+AE35+AH35 -> 349.4 | AL35: =IF(L35<0,L35*-1,0) -> 115.61412 | AM35: =AK35+AL35 -> 465.01412 | AN35: =V35 -> 243 | AP35: =795-X35 -> 551.3199 | AQ35: =78.908*(Z35*1.9835+AC35*1.9835)/E35 -> 23.955902 | AT35: 0 | AV35: 0 | AW35: 73 | AX35: 40 | AZ35: =SUM(N35,P35:U35) -> 5.204899 | BA35: 0 | BB35: 9727
A36: =A35+1 -> 22 | B36: 6877.18 | C36: 207829 | D36: =C36-C35 -> 2721 | E36: =C36-152000 -> 55829 | F36: =D36/$D$2 -> 1371.8175 | G36: 1580 | H36: 87 | I36: =G36+H36 -> 1667 | J36: =IF(L36>0,L36,0) -> 0 | K36: =I36+J36 -> 1667 | L36: =F36-(I36-AK36) -> -59.182506 | M36: 76.4 | N36: 0 | O36: =55.4*1.05 -> 58.17 | P36: 0 | Q36: =1026100/325851/1.9835*1.02 -> 1.6193421 | R36: =((2271968/646272)*1.04)-T36 -> 2.9771499 | S36: 0 | T36: =(0.6159*1.06)*1.04 -> 0.67896816 | U36: 0 | V36: 119 | W36: 0 | X36: =M36-N36-O36-P36-Q36-R36-S36-T36-U36+V36+W36-AT36 -> 131.95454 | Y36: =X36-AO36 -> 131.95454 | Z36: =Z35+AP36 -> 7117.745 | AB36: =AB35+(Y36+AP36-V36)*1.9835 -> 14378.129 | AC36: =AC35-(AQ35/1.9835) -> 1661.888 | AE36: 11.8 | AF36: 1.7 | AG36: 1.3 | AH36: 28.8 | AI36: =AI35-AH36 -> 13990.749 | AK36: =N36+O36+P36+Q36+R36+S36+T36+U36+X36+AE36+AH36 -> 236 | AL36: =IF(L36<0,L36*-1,0) -> 59.182506 | AM36: =AK36+AL36 -> 295.18251 | AN36: =V36 -> 119 | AP36: =795-X36 -> 663.04546 | AQ36: =45.245*(Z36*1.9835+AC36*1.9835)/E36 -> 14.112999 | AT36: 0 | AV36: 0 | AW36: 73 | AX36: 43 | AZ36: =SUM(N36,P36:U36) -> 5.2754601 | BA36: 0 | BB36: 10011
A37: =A36+1 -> 23 | B37: 6878.13 | C37: 210609 | D37: =C37-C36 -> 2780 | E37: =C37-152000 -> 58609 | F37: =D37/$D$2 -> 1401.5629 | G37: 1540 | H37: 47.7 | I37: =G37+H37 -> 1587.7 | J37: =IF(L37>0,L37,0) -> 0 | K37: =I37+J37 -> 1587.7 | L37: =F37-(I37-AK37) -> -32.237106 | M37: 73.9 | N37: 0 | O37: =50.6*1.05 -> 53.13 | P37: 0 | Q37: =1090000/325851/1.9835*1.02 -> 1.720186 | R37: =((2377152/646272)*1.04)-T37 -> 3.1464151 | S37: 0 | T37: =(0.6159*1.06)*1.04 -> 0.67896816 | U37: 0 | V37: 25.9 | W37: 0 | X37: =M37-N37-O37-P37-Q37-R37-S37-T37-U37+V37+W37-AT37 -> 41.124431 | Y37: =X37-AO37 -> 41.124431 | Z37: =Z36+AP37 -> 7871.6206 | AB37: =AB36+(Y37+AP37-V37)*1.9835 -> 15903.638 | AC37: =AC36-(AQ36/1.9835) -> 1654.7728 | AE37: 25.2 | AF37: 1.7 | AG37: 1.3 | AH37: 28.9 | AI37: =AI36-AH37 -> 13961.849 | AK37: =N37+O37+P37+Q37+R37+S37+T37+U37+X37+AE37+AH37 -> 153.9 | AL37: =IF(L37<0,L37*-1,0) -> 32.237106 | AM37: =AK37+AL37 -> 186.13711 | AN37: =V37 -> 25.9 | AP37: =795-X37 -> 753.87557 | AQ37: =33.763*(Z37*1.9835+AC37*1.9835)/E37 -> 10.885226 | AT37: 0 | AV37: 0 | AW37: 63 | AX37: 32 | AZ37: =SUM(N37,P37:U37) -> 5.5455692 | BA37: 0 | BB37: 10240
A38: =A37+1 -> 24 | B38: 6878.85 | C38: 212736 | D38: =C38-C37 -> 2127 | E38: =C38-152000 -> 60736 | F38: =D38/$D$2 -> 1072.3469 | G38: 1210 | H38: 19.3 | I38: =G38+H38 -> 1229.3 | J38: =IF(L38>0,L38,0) -> 0 | K38: =I38+J38 -> 1229.3 | L38: =F38-(I38-AK38) -> -7.9531384 | M38: 81.3 | N38: 0 | O38: =56.2*1.05 -> 59.01 | P38: 0 | Q38: =1165900/325851/1.9835*1.02 -> 1.8399678 | R38: =((2417344/646272)*1.04)-T38 -> 3.2110932 | S38: 0 | T38: =(0.6159*1.06)*1.04 -> 0.67896816 | U38: 0 | V38: 24.6 | W38: 0 | X38: =M38-N38-O38-P38-Q38-R38-S38-T38-U38+V38+W38-AT38 -> 41.159971 | Y38: =X38-AO38 -> 41.159971 | Z38: =Z37+AP38 -> 8625.4606 | AB38: =AB37+(Y38+AP38-V38)*1.9835 -> 17431.727 | AC38: =AC37-(AQ37/1.9835) -> 1649.2849 | AE38: 13.8 | AF38: 1.7 | AG38: 1.3 | AH38: 29.3 | AI38: =AI37-AH38 -> 13932.549 | AK38: =N38+O38+P38+Q38+R38+S38+T38+U38+X38+AE38+AH38 -> 149 | AL38: =IF(L38<0,L38*-1,0) -> 7.9531384 | AM38: =AK38+AL38 -> 156.95314 | AN38: =V38 -> 24.6 | AP38: =795-X38 -> 753.84003 | AQ38: =24.775*(Z38*1.9835+AC38*1.9835)/E38 -> 8.3132484 | AT38: 0 | AV38: 0 | AW38: 65 | AX38: 27 | AZ38: =SUM(N38,P38:U38) -> 5.7300291 | BA38: 0 | BB38: 10443
A39: =A38+1 -> 25 | B39: 6879.53 | C39: 214761 | D39: =C39-C38 -> 2025 | E39: =C39-152000 -> 62761 | F39: =D39/$D$2 -> 1020.9226 | G39: 1220 | H39: 7.17 | I39: =G39+H39 -> 1227.17 | J39: =IF(L39>0,L39,0) -> 0 | K39: =I39+J39 -> 1227.17 | L39: =F39-(I39-AK39) -> -38.747388 | M39: 87.5 | N39: 0 | O39: =54.6*1.05 -> 57.33 | P39: 0 | Q39: =1059200/325851/1.9835*1.02 -> 1.6715789 | R39: =((2363328/646272)*1.04)-T39 -> 3.0946248 | S39: 0 | T39: =(0.6427*1.06)*1.04 -> 0.70851248 | U39: 0 | V39: 25.1 | W39: 0 | X39: =M39-N39-O39-P39-Q39-R39-S39-T39-U39+V39+W39-AT39 -> 49.795284 | Y39: =X39-AO39 -> 49.795284 | Z39: =Z38+AP39 -> 9370.6653 | AB39: =AB38+(Y39+AP39-V39)*1.9835 -> 18958.824 | AC39: =AC38-(AQ38/1.9835) -> 1645.0937 | AE39: 25.6 | AF39: 1.7 | AG39: 1.3 | AH39: 29.3 | AI39: =AI38-AH39 -> 13903.249 | AK39: =N39+O39+P39+Q39+R39+S39+T39+U39+X39+AE39+AH39 -> 167.5 | AL39: =IF(L39<0,L39*-1,0) -> 38.747388 | AM39: =AK39+AL39 -> 206.24739 | AN39: =V39 -> 25.1 | AP39: =795-X39 -> 745.20472 | AQ39: =41.853*(Z39*1.9835+AC39*1.9835)/E39 -> 14.570799 | AT39: 0 | AV39: 0 | AW39: 72 | AX39: 35 | AZ39: =SUM(N39,P39:U39) -> 5.4747162 | BA39: 0 | BB39: 10580
A40: =A39+1 -> 26 | B40: 6880.48 | C40: 217616 | D40: =C40-C39 -> 2855 | E40: =C40-152000 -> 65616 | F40: =D40/$D$2 -> 1439.3748 | G40: 1480 | H40: 10.9 | I40: =G40+H40 -> 1490.9 | J40: =IF(L40>0,L40,0) -> 72.014842 | K40: =I40+J40 -> 1562.9148 | L40: =F40-(I40-AK40) -> 72.014842 | M40: 67.1 | N40: 0 | O40: =40.5*1.05 -> 42.525 | P40: 0 | Q40: =1010000/325851/1.9835*1.02 -> 1.5939338 | R40: =((2304448/646272)*1.04)-T40 -> 2.9998733 | S40: 0 | T40: =(0.6427*1.06)*1.04 -> 0.70851248 | U40: 0 | V40: 17.7 | W40: 0 | X40: =M40-N40-O40-P40-Q40-R40-S40-T40-U40+V40+W40-AT40 -> 36.97268 | Y40: =X40-AO40 -> 36.97268 | Z40: =Z39+AP40 -> 10128.693 | AB40: =AB39+(Y40+AP40-V40)*1.9835 -> 20500.598 | AC40: =AC39-(AQ39/1.9835) -> 1637.7477 | AE40: 9.24 | AF40: 1.7 | AG40: 1.3 | AH40: 29.5 | AI40: =AI39-AH40 -> 13873.749 | AK40: =N40+O40+P40+Q40+R40+S40+T40+U40+X40+AE40+AH40 -> 123.54 | AL40: =IF(L40<0,L40*-1,0) -> 0 | AM40: =AK40+AL40 -> 123.54 | AN40: =V40 -> 17.7 | AP40: =795-X40 -> 758.02732 | AQ40: =0*(Z40*1.9835+AC40*1.9835)/E40 -> 0 | AT40: 0 | AV40: 0.13 | AW40: 60 | AX40: 30 | AZ40: =SUM(N40,P40:U40) -> 5.3023196 | BA40: 0 | BB40: 10781
