Workbook

Sheet NOV
K1: MC PHEE RESERVOIR IN/OUT FLOW TABULATION
A2: AF/cfs CONVERT FACTOR | D2: 1.9835 | L2: NOVEMBER "2001"
A4: DATE | B4: RESERV | C4: RESERV | D4: AC FT | E4: ACTIVE | F4: CONV TO | G4: DOLORES | H4: LOST | I4: RECORDED | J4: CALC | K4: TOTAL | L4: CALC | M4: DOLORES TUNNEL | Q4: LONE | R4: U | S4: TOTAL | T4: MVI | U4: DV CR | V4: BELOW | W4: REMAIN | X4: RECORDED | Y4: CALC | Z4: TOTAL | AA4: RAIN | AB4: MAX | AC4: MIN | AD4: DATE
A5: "NOV" | B5: ELEV | C5: AC FT | D5: CHANGE | E5: CAP | F5: CFS | G5: RIVER | H5: CANYON | I5: INFLOW | J5: INFLOW | K5: INFLOW | L5: INF/OTF | M5: TOT DIV | N5: WETLAND | O5: UTE F&R | P5: MVI,CTZ | Q5: PINE | R5: LAT | S5: MVI | T5: CALL | U5: CANAL | V5: MC PHEE | W5: RELEASE | X5: OUTFLOW | Y5: OUTFLOW | Z5: OUTFLOW | AB5: TMP | AC5: TMP | AD5: "NOV"
A7: SEASON BAL
A8: YTD | B8: 6876.53 | C8: 205946 | O8: 402.2 | W8: 4802
A10: 1 | B10: 6876.52 | C10: 205917 | D10: =C10-C8 -> -29 | E10: =C10-152000 -> 53917 | F10: =D10/$D$2 -> -14.62062 | G10: 54 | H10: 0 | I10: =G10+H10 -> 54 | J10: =IF(L10>0,L10,0) -> 17.37938 | K10: =I10+J10 -> 71.37938 | L10: =F10-(I10-X10) -> 17.37938 | M10: 35 | N10: 5 | O10: =13.06*1.05 -> 13.713 | P10: =M10-(N10+O10) -> 16.287 | Q10: 0 | R10: 14 | S10: =SUM(P10:R10) -> 30.287 | U10: 0 | V10: 37 | W10: =W8-V10 -> 4765 | X10: =N10+O10+S10+U10+V10 -> 86 | Y10: =IF(L10<0,L10*-1,0) -> 0 | Z10: =X10+Y10 -> 86 | AA10: 0 | AB10: 59 | AC10: 33 | AD10: 1
A11: =A10+1 -> 2 | B11: 6876.48 | C11: 205802 | D11: =C11-C10 -> -115 | E11: =C11-152000 -> 53802 | F11: =D11/$D$2 -> -57.978321 | G11: 49 | H11: 0 | I11: =G11+H11 -> 49 | J11: =IF(L11>0,L11,0) -> 0 | K11: =I11+J11 -> 49 | L11: =F11-(I11-X11) -> -31.978321 | M11: 26 | N11: 0 | O11: =8.43*1.05 -> 8.8515 | P11: =M11-(N11+O11) -> 17.1485 | Q11: 0 | R11: 14 | S11: =SUM(P11:R11) -> 31.1485 | U11: 0 | V11: 35 | W11: =W10-V11 -> 4730 | X11: =N11+O11+S11+U11+V11 -> 75 | Y11: =IF(L11<0,L11*-1,0) -> 31.978321 | Z11: =X11+Y11 -> 106.97832 | AA11: 0 | AB11: 64 | AC11: 33 | AD11: =AD10+1 -> 2
A12: =A11+1 -> 3 | B12: 6876.47 | C12: 205773 | D12: =C12-C11 -> -29 | E12: =C12-152000 -> 53773 | F12: =D12/$D$2 -> -14.62062 | G12: 45 | H12: 0 | I12: =G12+H12 -> 45 | J12: =IF(L12>0,L12,0) -> 12.37938 | K12: =I12+J12 -> 57.37938 | L12: =F12-(I12-X12) -> 12.37938 | M12: 25 | N12: 0 | O12: 0 | P12: =M12-(N12+O12) -> 25 | Q12: 0 | R12: 14 | S12: =SUM(P12:R12) -> 39 | U12: 0 | V12: 33 | W12: =W11-V12 -> 4697 | X12: =N12+O12+S12+U12+V12 -> 72 | Y12: =IF(L12<0,L12*-1,0) -> 0 | Z12: =X12+Y12 -> 72 | AA12: 0 | AB12: 67 | AC12: 35 | AD12: =AD11+1 -> 3
A13: =A12+1 -> 4 | B13: 6876.46 | C13: 205744 | D13: =C13-C12 -> -29 | E13: =C13-152000 -> 53744 | F13: =D13/$D$2 -> -14.62062 | G13: 43 | H13: 0 | I13: =G13+H13 -> 43 | J13: =IF(L13>0,L13,0) -> 14.37938 | K13: =I13+J13 -> 57.37938 | L13: =F13-(I13-X13) -> 14.37938 | M13: 25 | N13: 0 | O13: 0 | P13: =M13-(N13+O13) -> 25 | Q13: 0 | R13: 14 | S13: =SUM(P13:R13) -> 39 | U13: 0 | V13: 33 | W13: =W12-V13 -> 4664 | X13: =N13+O13+S13+U13+V13 -> 72 | Y13: =IF(L13<0,L13*-1,0) -> 0 | Z13: =X13+Y13 -> 72 | AA13: 0 | AB13: 67 | AC13: 39 | AD13: =AD12+1 -> 4
A14: =A13+1 -> 5 | B14: 6876.45 | C14: 205715 | D14: =C14-C13 -> -29 | E14: =C14-152000 -> 53715 | F14: =D14/$D$2 -> -14.62062 | G14: 42 | H14: 0 | I14: =G14+H14 -> 42 | J14: =IF(L14>0,L14,0) -> 15.37938 | K14: =I14+J14 -> 57.37938 | L14: =F14-(I14-X14) -> 15.37938 | M14: 28 | N14: 0 | O14: =7.03*1.05 -> 7.3815 | P14: =M14-(N14+O14) -> 20.6185 | Q14: 0 | R14: 11 | S14: =SUM(P14:R14) -> 31.6185 | U14: 0 | V14: 33 | W14: =W13-V14 -> 4631 | X14: =N14+O14+S14+U14+V14 -> 72 | Y14: =IF(L14<0,L14*-1,0) -> 0 | Z14: =X14+Y14 -> 72 | AA14: 0.02 | AB14: 64 | AC14: 39 | AD14: =AD13+1 -> 5
A15: =A14+1 -> 6 | B15: 6876.44 | C15: 205686 | D15: =C15-C14 -> -29 | E15: =C15-152000 -> 53686 | F15: =D15/$D$2 -> -14.62062 | G15: 43 | H15: 0 | I15: =G15+H15 -> 43 | J15: =IF(L15>0,L15,0) -> 1.0793799 | K15: =I15+J15 -> 44.07938 | L15: =F15-(I15-X15) -> 1.0793799 | M15: 17 | N15: 0 | O15: =3.42*1.05 -> 3.591 | P15: =M15-(N15+O15) -> 13.409 | Q15: 0 | R15: 8.7 | S15: =SUM(P15:R15) -> 22.109 | U15: 0 | V15: 33 | W15: =W14-V15 -> 4598 | X15: =N15+O15+S15+U15+V15 -> 58.7 | Y15: =IF(L15<0,L15*-1,0) -> 0 | Z15: =X15+Y15 -> 58.7 | AA15: 0.01 | AB15: 64 | AC15: 38 | AD15: =AD14+1 -> 6
A16: =A15+1 -> 7 | B16: 6876.43 | C16: 205657 | D16: =C16-C15 -> -29 | E16: =C16-152000 -> 53657 | F16: =D16/$D$2 -> -14.62062 | G16: 45 | H16: 0 | I16: =G16+H16 -> 45 | J16: =IF(L16>0,L16,0) -> 0 | K16: =I16+J16 -> 45 | L16: =F16-(I16-X16) -> -2.3206201 | M16: 17 | N16: 0 | O16: =3.81*1.05 -> 4.0005 | P16: =M16-(N16+O16) -> 12.9995 | Q16: 0 | R16: 7.3 | S16: =SUM(P16:R16) -> 20.2995 | U16: 0 | V16: 33 | W16: =W15-V16 -> 4565 | X16: =N16+O16+S16+U16+V16 -> 57.3 | Y16: =IF(L16<0,L16*-1,0) -> 2.3206201 | Z16: =X16+Y16 -> 59.62062 | AA16: 0 | AB16: 61 | AC16: 37 | AD16: =AD15+1 -> 7
A17: =A16+1 -> 8 | B17: 6876.42 | C17: 205628 | D17: =C17-C16 -> -29 | E17: =C17-152000 -> 53628 | F17: =D17/$D$2 -> -14.62062 | G17: 44 | H17: 0 | I17: =G17+H17 -> 44 | J17: =IF(L17>0,L17,0) -> 0 | K17: =I17+J17 -> 44 | L17: =F17-(I17-X17) -> -1.8206201 | M17: 17 | N17: 0 | O17: =5.97*1.05 -> 6.2685 | P17: =M17-(N17+O17) -> 10.7315 | Q17: 0 | R17: 6.8 | S17: =SUM(P17:R17) -> 17.5315 | U17: 0 | V17: 33 | W17: =W16-V17 -> 4532 | X17: =N17+O17+S17+U17+V17 -> 56.8 | Y17: =IF(L17<0,L17*-1,0) -> 1.8206201 | Z17: =X17+Y17 -> 58.62062 | AA17: 0.03 | AB17: 60 | AC17: 34 | AD17: =AD16+1 -> 8
A18: =A17+1 -> 9 | B18: 6876.41 | C18: 205599 | D18: =C18-C17 -> -29 | E18: =C18-152000 -> 53599 | F18: =D18/$D$2 -> -14.62062 | G18: 47 | H18: 0 | I18: =G18+H18 -> 47 | J18: =IF(L18>0,L18,0) -> 0 | K18: =I18+J18 -> 47 | L18: =F18-(I18-X18) -> -4.8206201 | M18: 16 | N18: 0 | O18: =8.09*1.05 -> 8.4945 | P18: =M18-(N18+O18) -> 7.5055 | Q18: 0 | R18: 6.8 | S18: =SUM(P18:R18) -> 14.3055 | U18: 0 | V18: 34 | W18: =W17-V18 -> 4498 | X18: =N18+O18+S18+U18+V18 -> 56.8 | Y18: =IF(L18<0,L18*-1,0) -> 4.8206201 | Z18: =X18+Y18 -> 61.62062 | AA18: 0 | AB18: 58 | AC18: 31 | AD18: =AD17+1 -> 9
A19: =A18+1 -> 10 | B19: 6876.4 | C19: 205571 | D19: =C19-C18 -> -28 | E19: =C19-152000 -> 53571 | F19: =D19/$D$2 -> -14.116461 | G19: 42 | H19: 0 | I19: =G19+H19 -> 42 | J19: =IF(L19>0,L19,0) -> 0.6835392 | K19: =I19+J19 -> 42.683539 | L19: =F19-(I19-X19) -> 0.6835392 | M19: 16 | N19: 0 | O19: =3.11*1.05 -> 3.2655 | P19: =M19-(N19+O19) -> 12.7345 | Q19: 0 | R19: 6.8 | S19: =SUM(P19:R19) -> 19.5345 | U19: 0 | V19: 34 | W19: =W18-V19 -> 4464 | X19: =N19+O19+S19+U19+V19 -> 56.8 | Y19: =IF(L19<0,L19*-1,0) -> 0 | Z19: =X19+Y19 -> 56.8 | AA19: 0 | AB19: 60 | AC19: 33 | AD19: =AD18+1 -> 10
A20: =A19+1 -> 11 | B20: 6876.38 | C20: 205513 | D20: =C20-C19 -> -58 | E20: =C20-152000 -> 53513 | F20: =D20/$D$2 -> -29.24124 | G20: 40 | H20: 0 | I20: =G20+H20 -> 40 | J20: =IF(L20>0,L20,0) -> 0 | K20: =I20+J20 -> 40 | L20: =F20-(I20-X20) -> -13.44124 | M20: 16 | N20: 0 | O20: 0 | P20: =M20-(N20+O20) -> 16 | Q20: 0 | R20: 6.8 | S20: =SUM(P20:R20) -> 22.8 | U20: 0 | V20: 33 | W20: =W19-V20 -> 4431 | X20: =N20+O20+S20+U20+V20 -> 55.8 | Y20: =IF(L20<0,L20*-1,0) -> 13.44124 | Z20: =X20+Y20 -> 69.24124 | AA20: 0 | AB20: 63 | AC20: 37 | AD20: =AD19+1 -> 11
A21: =A20+1 -> 12 | B21: 6876.36 | C21: 205455 | D21: =C21-C20 -> -58 | E21: =C21-152000 -> 53455 | F21: =D21/$D$2 -> -29.24124 | G21: 41 | H21: 0 | I21: =G21+H21 -> 41 | J21: =IF(L21>0,L21,0) -> 0 | K21: =I21+J21 -> 41 | L21: =F21-(I21-X21) -> -15.54124 | M21: 15 | N21: 0 | O21: 0 | P21: =M21-(N21+O21) -> 15 | Q21: 0 | R21: 5.7 | S21: =SUM(P21:R21) -> 20.7 | U21: 0 | V21: 34 | W21: =W20-V21 -> 4397 | X21: =N21+O21+S21+U21+V21 -> 54.7 | Y21: =IF(L21<0,L21*-1,0) -> 15.54124 | Z21: =X21+Y21 -> 70.24124 | AA21: 0 | AB21: 62 | AC21: 32 | AD21: =AD20+1 -> 12
A22: =A21+1 -> 13 | B22: 6876.34 | C22: 205397 | D22: =C22-C21 -> -58 | E22: =C22-152000 -> 53397 | F22: =D22/$D$2 -> -29.24124 | G22: 40 | H22: 0 | I22: =G22+H22 -> 40 | J22: =IF(L22>0,L22,0) -> 0 | K22: =I22+J22 -> 40 | L22: =F22-(I22-X22) -> -15.34124 | M22: 15 | N22: 0 | O22: 0 | P22: =M22-(N22+O22) -> 15 | Q22: 0 | R22: 4.9 | S22: =SUM(P22:R22) -> 19.9 | U22: 0 | V22: 34 | W22: =W21-V22 -> 4363 | X22: =N22+O22+S22+U22+V22 -> 53.9 | Y22: =IF(L22<0,L22*-1,0) -> 15.34124 | Z22: =X22+Y22 -> 69.24124 | AA22: 0 | AB22: 56 | AC22: 36 | AD22: =AD21+1 -> 13
A23: =A22+1 -> 14 | B23: 6876.33 | C23: 205368 | D23: =C23-C22 -> -29 | E23: =C23-152000 -> 53368 | F23: =D23/$D$2 -> -14.62062 | G23: 40 | H23: 0 | I23: =G23+H23 -> 40 | J23: =IF(L23>0,L23,0) -> 0 | K23: =I23+J23 -> 40 | L23: =F23-(I23-X23) -> -1.7206201 | M23: 14 | N23: 0 | O23: 0 | P23: =M23-(N23+O23) -> 14 | Q23: 0 | R23: 4.9 | S23: =SUM(P23:R23) -> 18.9 | U23: 0 | V23: 34 | W23: =W22-V23 -> 4329 | X23: =N23+O23+S23+U23+V23 -> 52.9 | Y23: =IF(L23<0,L23*-1,0) -> 1.7206201 | Z23: =X23+Y23 -> 54.62062 | AA23: 0 | AB23: 61 | AC23: 32 | AD23: =AD22+1 -> 14
A24: =A23+1 -> 15 | B24: 6876.34 | C24: 205397 | D24: =C24-C23 -> 29 | E24: =C24-152000 -> 53397 | F24: =D24/$D$2 -> 14.62062 | G24: 38 | H24: 0 | I24: =G24+H24 -> 38 | J24: =IF(L24>0,L24,0) -> 19.55062 | K24: =I24+J24 -> 57.55062 | L24: =F24-(I24-X24) -> 19.55062 | M24: 8.13 | N24: 0 | O24: 0 | P24: =M24-(N24+O24) -> 8.13 | Q24: 0 | R24: 1.8 | S24: =SUM(P24:R24) -> 9.93 | U24: 0 | V24: 33 | W24: =W23-V24 -> 4296 | X24: =N24+O24+S24+U24+V24 -> 42.93 | Y24: =IF(L24<0,L24*-1,0) -> 0 | Z24: =X24+Y24 -> 42.93 | AA24: 0 | AB24: 59 | AC24: 32 | AD24: =AD23+1 -> 15
A25: =A24+1 -> 16 | B25: 6876.35 | C25: 205426 | D25: =C25-C24 -> 29 | E25: =C25-152000 -> 53426 | F25: =D25/$D$2 -> 14.62062 | G25: 37 | H25: 0 | I25: =G25+H25 -> 37 | J25: =IF(L25>0,L25,0) -> 13.75062 | K25: =I25+J25 -> 50.75062 | L25: =F25-(I25-X25) -> 13.75062 | M25: 5.13 | N25: 0 | O25: 0 | P25: =M25-(N25+O25) -> 5.13 | Q25: 0 | R25: 0 | S25: =SUM(P25:R25) -> 5.13 | U25: 0 | V25: 31 | W25: =W24-V25 -> 4265 | X25: =N25+O25+S25+U25+V25 -> 36.13 | Y25: =IF(L25<0,L25*-1,0) -> 0 | Z25: =X25+Y25 -> 36.13 | AA25: 0 | AB25: 60 | AC25: 32 | AD25: =AD24+1 -> 16
A26: =A25+1 -> 17 | B26: 6876.37 | C26: 205484 | D26: =C26-C25 -> 58 | E26: =C26-152000 -> 53484 | F26: =D26/$D$2 -> 29.24124 | G26: 39 | H26: 0 | I26: =G26+H26 -> 39 | J26: =IF(L26>0,L26,0) -> 26.37124 | K26: =I26+J26 -> 65.37124 | L26: =F26-(I26-X26) -> 26.37124 | M26: 5.13 | N26: 0 | O26: 0 | P26: =M26-(N26+O26) -> 5.13 | Q26: 0 | R26: 0 | S26: =SUM(P26:R26) -> 5.13 | U26: 0 | V26: 31 | W26: =W25-V26 -> 4234 | X26: =N26+O26+S26+U26+V26 -> 36.13 | Y26: =IF(L26<0,L26*-1,0) -> 0 | Z26: =X26+Y26 -> 36.13 | AA26: 0 | AB26: 59 | AC26: 31 | AD26: =AD25+1 -> 17
A27: =A26+1 -> 18 | B27: 6876.39 | C27: 205542 | D27: =C27-C26 -> 58 | E27: =C27-152000 -> 53542 | F27: =D27/$D$2 -> 29.24124 | G27: 41 | H27: 0 | I27: =G27+H27 -> 41 | J27: =IF(L27>0,L27,0) -> 24.56124 | K27: =I27+J27 -> 65.56124 | L27: =F27-(I27-X27) -> 24.56124 | M27: 5.32 | N27: 0 | O27: 0 | P27: =M27-(N27+O27) -> 5.32 | Q27: 0 | R27: 0 | S27: =SUM(P27:R27) -> 5.32 | U27: 0 | V27: 31 | W27: =W26-V27 -> 4203 | X27: =N27+O27+S27+U27+V27 -> 36.32 | Y27: =IF(L27<0,L27*-1,0) -> 0 | Z27: =X27+Y27 -> 36.32 | AA27: 0 | AB27: 55 | AC27: 29 | AD27: =AD26+1 -> 18
A28: =A27+1 -> 19 | B28: 6876.38 | C28: 205513 | D28: =C28-C27 -> -29 | E28: =C28-152000 -> 53513 | F28: =D28/$D$2 -> -14.62062 | G28: 37 | H28: 0 | I28: =G28+H28 -> 37 | J28: =IF(L28>0,L28,0) -> 0 | K28: =I28+J28 -> 37 | L28: =F28-(I28-X28) -> -15.37062 | M28: 5.25 | N28: 0 | O28: 0 | P28: =M28-(N28+O28) -> 5.25 | Q28: 0 | R28: 0 | S28: =SUM(P28:R28) -> 5.25 | U28: 0 | V28: 31 | W28: =W27-V28 -> 4172 | X28: =N28+O28+S28+U28+V28 -> 36.25 | Y28: =IF(L28<0,L28*-1,0) -> 15.37062 | Z28: =X28+Y28 -> 51.62062 | AA28: 0 | AB28: 56 | AC28: 27 | AD28: =AD27+1 -> 19
A29: =A28+1 -> 20 | B29: 6876.34 | C29: 205397 | D29: =C29-C28 -> -116 | E29: =C29-152000 -> 53397 | F29: =D29/$D$2 -> -58.48248 | G29: 29 | H29: 0 | I29: =G29+H29 -> 29 | J29: =IF(L29>0,L29,0) -> 0 | K29: =I29+J29 -> 29 | L29: =F29-(I29-X29) -> -51.35248 | M29: 5.13 | N29: 0 | O29: 0 | P29: =M29-(N29+O29) -> 5.13 | Q29: 0 | R29: 0 | S29: =SUM(P29:R29) -> 5.13 | U29: 0 | V29: 31 | W29: =W28-V29 -> 4141 | X29: =N29+O29+S29+U29+V29 -> 36.13 | Y29: =IF(L29<0,L29*-1,0) -> 51.35248 | Z29: =X29+Y29 -> 87.48248 | AA29: 0 | AB29: 52 | AC29: 24 | AD29: =AD28+1 -> 20
A30: =A29+1 -> 21 | B30: 6876.33 | C30: 205368 | D30: =C30-C29 -> -29 | E30: =C30-152000 -> 53368 | F30: =D30/$D$2 -> -14.62062 | G30: 26 | H30: 0 | I30: =G30+H30 -> 26 | J30: =IF(L30>0,L30,0) -> 0 | K30: =I30+J30 -> 26 | L30: =F30-(I30-X30) -> -4.4906201 | M30: 5.13 | N30: 0 | O30: 0 | P30: =M30-(N30+O30) -> 5.13 | Q30: 0 | R30: 0 | S30: =SUM(P30:R30) -> 5.13 | U30: 0 | V30: 31 | W30: =W29-V30 -> 4110 | X30: =N30+O30+S30+U30+V30 -> 36.13 | Y30: =IF(L30<0,L30*-1,0) -> 4.4906201 | Z30: =X30+Y30 -> 40.62062 | AA30: 0 | AB30: 54 | AC30: 23 | AD30: =AD29+1 -> 21
A31: =A30+1 -> 22 | B31: 6876.35 | C31: 205426 | D31: =C31-C30 -> 58 | E31: =C31-152000 -> 53426 | F31: =D31/$D$2 -> 29.24124 | G31: 33 | H31: 0 | I31: =G31+H31 -> 33 | J31: =IF(L31>0,L31,0) -> 31.37124 | K31: =I31+J31 -> 64.37124 | L31: =F31-(I31-X31) -> 31.37124 | M31: 5.13 | N31: 0 | O31: 0 | P31: =M31-(N31+O31) -> 5.13 | Q31: 0 | R31: 0 | S31: =SUM(P31:R31) -> 5.13 | U31: 0 | V31: 30 | W31: =W30-V31 -> 4080 | X31: =N31+O31+S31+U31+V31 -> 35.13 | Y31: =IF(L31<0,L31*-1,0) -> 0 | Z31: =X31+Y31 -> 35.13 | AA31: 0.38 | AB31: 45 | AC31: 31 | AD31: =AD30+1 -> 22
... A38: =A37+1 -> 29 | B38: 6876.39 | C38: 205542 | D38: =C38-C37 -> -57 | E38: =C38-152000 -> 53542 | F38: =D38/$D$2 -> -28.737081 | G38: 32 | H38: 0 | I38: =G38+H38 -> 32 | J38: =IF(L38>0,L38,0) -> 0 | K38: =I38+J38 -> 32 | L38: =F38-(I38-X38) -> -24.217081 | M38: 4.52 | N38: 0 | O38: 0 | P38: =M38-(N38+O38) -> 4.52 | Q38: 0 | R38: 0 | S38: =SUM(P38:R38) -> 4.52 | U38: 0 | V38: 32 | W38: =W37-V38 -> 3866 | X38: =N38+O38+S38+U38+V38 -> 36.52 | Y38: =IF(L38<0,L38*-1,0) -> 24.217081 | Z38: =X38+Y38 -> 60.737081 | AA38: 0.04 | AB38: 27 | AC38: 17 | AD38: =AD37+1 -> 29
A39: 30 | B39: 6876.46 | C39: 205744 | D39: =C39-C38 -> 202 | E39: =C39-152000 -> 53744 | F39: =D39/$D$2 -> 101.84018 | G39: 44 | H39: 0 | I39: =G39+H39 -> 44 | J39: =IF(L39>0,L39,0) -> 93.240181 | K39: =I39+J39 -> 137.24018 | L39: =F39-(I39-X39) -> 93.240181 | M39: 4.4 | N39: 0 | O39: 0 | P39: =M39-(N39+O39) -> 4.4 | Q39: 0 | R39: 0 | S39: =SUM(P39:R39) -> 4.4 | U39: 0 | V39: 31 | W39: =W38-V39 -> 3835 | X39: =N39+O39+S39+U39+V39 -> 35.4 | Y39: =IF(L39<0,L39*-1,0) -> 0 | Z39: =X39+Y39 -> 35.4 | AA39: 0.12 | AB39: 31 | AC39: 22 | AD39: 30
A41: MONTH / CFS | F41: =SUM(F10:F39) -> -101.84018 | G41: =SUM(G10:G39) -> 1172 | H41: =SUM(H10:H39) -> 0 | I41: =SUM(I10:I39) -> 1172 | J41: =SUM(J10:J39) -> 465.34532 | K41: =SUM(K10:K39) -> 1637.3453 | L41: =SUM(L10:L39) -> 185.73982 | M41: =SUM(M10:M39) -> 365.08 | ... S41: =SUM(S10:S39) -> 432.014 | U41: =SUM(U10:U39) -> 0 | V41: =SUM(V10:V39) -> 967 | X41: =SUM(X10:X39) -> 1459.58 | Y41: =SUM(Y10:Y39) -> 279.60551 | Z41: =SUM(Z10:Z39) -> 1739.1855 | AA41: =SUM(AA10:AA39) -> 1.92 | AB41: =AVERAGE(AB10:AB39) -> 52.333333 | AC41: =AVERAGE(AC10:AC39) -> 27.933333 | AD41: Avg
A42: MONTH / AF | D42: =SUM(D10:D39) -> -202 | F42: =F41*$D$2 -> -202 | G42: =G41*$D$2 -> 2324.662 | H42: =H41*$D$2 -> 0 | I42: =I41*$D$2 -> 2324.662 | J42: =J41*$D$2 -> 923.01245 | K42: =K41*$D$2 -> 3247.6744 | L42: =L41*$D$2 -> 368.41493 | M42: =M41*$D$2 -> 724.13618 | ... S42: =S41*$D$2 -> 856.89977 | U42: =U41*$D$2 -> 0 | V42: =V41*$D$2 -> 1918.0445 | X42: =X41*$D$2 -> 2895.0769 | Y42: =Y41*$D$2 -> 554.59752 | Z42: =Z41*$D$2 -> 3449.6744 | AB42: =MAX(AB10:AB39) -> 67 | AC42: =MAX(AC10:AC39) -> 39 | AD42: HI
A44: SEASON / CFS | AB44: =MIN(AB10:AB39) -> 27 | AC44: =MIN(AC10:AC39) -> 6 | AD44: LO
A45: SEASON / AF
A47: YTD / CFS | F47: =F8+F41 -> -101.84018 | G47: =G8+G41 -> 1172 | H47: =H8+H41 -> 0 | I47: =I8+I41 -> 1172 | J47: =J8+J41 -> 465.34532 | K47: =K8+K41 -> 1637.3453 | L47: =L8+L41 -> 185.73982 | M47: =M8+M41 -> 365.08 | ... S47: =S8+S41 -> 432.014 | U47: =U8+U41 -> 0 | V47: =V8+V41 -> 967 | W47: =W39 -> 3835 | X47: =X8+X41 -> 1459.58 | Y47: =Y8+Y41 -> 279.60551 | Z47: =Z8+Z41 -> 1739.1855 | AA47: =AA8+AA41 -> 1.92
A48: YTD / AF | D48: =D8+D42 -> -202 | E48: =E39 -> 53744 | F48: =F47*$D$2 -> -202 | G48: =G47*$D$2 -> 2324.662 | H48: =H47*$D$2 -> 0 | I48: =I47*$D$2 -> 2324.662 | J48: =J47*$D$2 -> 923.01245 | K48: =K47*$D$2 -> 3247.6744 | L48: =L47*$D$2 -> 368.41493 | M48: =M47*$D$2 -> 724.13618 | ... Z48: =Z47*$D$2 -> 3449.6744

Sheet DEC
K1: MC PHEE RESERVOIR IN/OUT FLOW TABULATION
A2: AF/cfs CONVERT FACTOR | D2: 1.9835 | K2: DECEMBER "2001"
A4: DATE | B4: RESERV | C4: RESERV | D4: AC FT | E4: ACTIVE | F4: CONV TO | G4: DOLORES | H4: LOST | I4: RECORDED | J4: CALC | K4: TOTAL | L4: CALC | M4: DOLORES TUNNEL | Q4: LONE | R4: U | S4: TOTAL | T4: MVI | U4: DV CR | V4: BELOW | W4: REMAIN | X4: RECORDED | Y4: CALC | Z4: TOTAL | AA4: RAIN | AB4: MAX | AC4: MIN | AD4: DATE
A5: "DEC" | B5: ELEV | C5: AC FT | D5: CHANGE | E5: CAP | F5: CFS | G5: RIVER | H5: CANYON | I5: INFLOW | J5: INFLOW | K5: INFLOW | L5: INF/OTF | M5: TOT DIV | N5: WETLAND | O5: UTE F&R | P5: MVI,CTZ | Q5: PINE | R5: LAT | S5: MVI | T5: CALL | U5: CANAL | V5: MC PHEE | W5: RELEASE | X5: OUTFLOW | Y5: OUTFLOW | Z5: OUTFLOW | AB5: TMP | AC5: TMP | AD5: "DEC"
A7: SEASON BAL
A8: YTD | B8: =NOV!B39 -> 6876.46 | C8: =NOV!C39 -> 205744 | D8: =NOV!$D$48 -> -202 | E8: =NOV!$E$39 -> 53744 | F8: =NOV!F47 -> -101.84018 | G8: =NOV!G47 -> 1172 | H8: =NOV!H47 -> 0 | I8: =NOV!I47 -> 1172 | J8: =NOV!J47 -> 465.34532 | K8: =NOV!K47 -> 1637.3453 | L8: =NOV!L47 -> 185.73982 | M8: =NOV!M47 -> 365.08 | ... AA8: =NOV!AA47 -> 1.92
A10: 1 | B10: 6876.47 | C10: 205773 | D10: =C10-C8 -> 29 | E10: =C10-152000 -> 53773 | F10: =D10/$D$2 -> 14.62062 | G10: 48 | H10: 0 | I10: =G10+H10 -> 48 | J10: =IF(L10>0,L10,0) -> 2.0206201 | K10: =I10+J10 -> 50.02062 | L10: =F10-(I10-X10) -> 2.0206201 | M10: 4.4 | N10: 0 | O10: 0 | P10: =M10-(N10+O10) -> 4.4 | Q10: 0 | R10: 0 | S10: =SUM(P10:R10) -> 4.4 | U10: 0 | V10: 31 | W10: =W8-V10 -> 3804 | X10: =N10+O10+S10+U10+V10 -> 35.4 | Y10: =IF(L10<0,L10*-1,0) -> 0 | Z10: =X10+Y10 -> 35.4 | AA10: 0 | AB10: 38 | AC10: 17 | AD10: 1
A11: =A10+1 -> 2 | B11: 6876.49 | C11: 205830 | D11: =C11-C10 -> 57 | E11: =C11-152000 -> 53830 | F11: =D11/$D$2 -> 28.737081 | G11: 44 | H11: 0 | I11: =G11+H11 -> 44 | J11: =IF(L11>0,L11,0) -> 19.037081 | K11: =I11+J11 -> 63.037081 | L11: =F11-(I11-X11) -> 19.037081 | M11: 4.3 | N11: 0 | O11: 0 | P11: =M11-(N11+O11) -> 4.3 | Q11: 0 | R11: 0 | S11: =SUM(P11:R11) -> 4.3 | U11: 0 | V11: 30 | W11: =W10-V11 -> 3774 | X11: =N11+O11+S11+U11+V11 -> 34.3 | Y11: =IF(L11<0,L11*-1,0) -> 0 | Z11: =X11+Y11 -> 34.3 | AA11: 0 | AB11: 45 | AC11: 33 | AD11: =AD10+1 -> 2
A12: =A11+1 -> 3 | B12: 6876.51 | C12: 205888 | D12: =C12-C11 -> 58 | E12: =C12-152000 -> 53888 | F12: =D12/$D$2 -> 29.24124 | G12: 58 | H12: 0 | I12: =G12+H12 -> 58 | J12: =IF(L12>0,L12,0) -> 5.9912402 | K12: =I12+J12 -> 63.99124 | L12: =F12-(I12-X12) -> 5.9912402 | M12: 3.75 | N12: 0 | O12: 0 | P12: =M12-(N12+O12) -> 3.75 | Q12: 0 | R12: 0 | S12: =SUM(P12:R12) -> 3.75 | U12: 0 | V12: 31 | W12: =W11-V12 -> 3743 | X12: =N12+O12+S12+U12+V12 -> 34.75 | Y12: =IF(L12<0,L12*-1,0) -> 0 | Z12: =X12+Y12 -> 34.75 | AA12: 0 | AB12: 46 | AC12: 33 | AD12: =AD11+1 -> 3
A13: =A12+1 -> 4 | B13: 6876.54 | C13: 205975 | D13: =C13-C12 -> 87 | E13: =C13-152000 -> 53975 | F13: =D13/$D$2 -> 43.86186 | G13: 62 | H13: 0 | I13: =G13+H13 -> 62 | J13: =IF(L13>0,L13,0) -> 15.04186 | K13: =I13+J13 -> 77.04186 | L13: =F13-(I13-X13) -> 15.04186 | M13: 3.18 | N13: 0 | O13: 0 | P13: =M13-(N13+O13) -> 3.18 | Q13: 0 | R13: 0 | S13: =SUM(P13:R13) -> 3.18 | U13: 0 | V13: 30 | W13: =W12-V13 -> 3713 | X13: =N13+O13+S13+U13+V13 -> 33.18 | Y13: =IF(L13<0,L13*-1,0) -> 0 | Z13: =X13+Y13 -> 33.18 | AA13: 0.16 | AB13: 42 | AC13: 25 | AD13: =AD12+1 -> 4
A14: =A13+1 -> 5 | B14: 6876.56 | C14: 206033 | D14: =C14-C13 -> 58 | E14: =C14-152000 -> 54033 | F14: =D14/$D$2 -> 29.24124 | G14: 62 | H14: 0 | I14: =G14+H14 -> 62 | J14: =IF(L14>0,L14,0) -> 0.32124023 | K14: =I14+J14 -> 62.32124 | L14: =F14-(I14-X14) -> 0.32124023 | M14: 3.08 | N14: 0 | O14: 0 | P14: =M14-(N14+O14) -> 3.08 | Q14: 0 | R14: 0 | S14: =SUM(P14:R14) -> 3.08 | U14: 0 | V14: 30 | W14: =W13-V14 -> 3683 | X14: =N14+O14+S14+U14+V14 -> 33.08 | Y14: =IF(L14<0,L14*-1,0) -> 0 | Z14: =X14+Y14 -> 33.08 | AA14: 0 | AB14: 34 | AC14: 13 | AD14: =AD13+1 -> 5
A15: =A14+1 -> 6 | B15: 6876.55 | C15: 206004 | D15: =C15-C14 -> -29 | E15: =C15-152000 -> 54004 | F15: =D15/$D$2 -> -14.62062 | G15: 42 | H15: 0 | I15: =G15+H15 -> 42 | J15: =IF(L15>0,L15,0) -> 0 | K15: =I15+J15 -> 42 | L15: =F15-(I15-X15) -> -22.47062 | M15: 3.15 | N15: 0 | O15: 0 | P15: =M15-(N15+O15) -> 3.15 | Q15: 0 | R15: 0 | S15: =SUM(P15:R15) -> 3.15 | U15: 0 | V15: 31 | W15: =W14-V15 -> 3652 | X15: =N15+O15+S15+U15+V15 -> 34.15 | Y15: =IF(L15<0,L15*-1,0) -> 22.47062 | Z15: =X15+Y15 -> 56.62062 | AA15: 0 | AB15: 41 | AC15: 15 | AD15: =AD14+1 -> 6
A16: =A15+1 -> 7 | B16: 6876.55 | C16: 206004 | D16: =C16-C15 -> 0 | E16: =C16-152000 -> 54004 | F16: =D16/$D$2 -> 0 | G16: 47 | H16: 0 | I16: =G16+H16 -> 47 | J16: =IF(L16>0,L16,0) -> 0 | K16: =I16+J16 -> 47 | L16: =F16-(I16-X16) -> -12.61 | M16: 3.39 | N16: 0 | O16: 0 | P16: =M16-(N16+O16) -> 3.39 | Q16: 0 | R16: 0 | S16: =SUM(P16:R16) -> 3.39 | U16: 0 | V16: 31 | W16: =W15-V16 -> 3621 | X16: =N16+O16+S16+U16+V16 -> 34.39 | Y16: =IF(L16<0,L16*-1,0) -> 12.61 | Z16: =X16+Y16 -> 47 | AA16: 0 | AB16: 37 | AC16: 18 | AD16: =AD15+1 -> 7
A17: =A16+1 -> 8 | B17: 6876.54 | C17: 205975 | D17: =C17-C16 -> -29 | E17: =C17-152000 -> 53975 | F17: =D17/$D$2 -> -14.62062 | G17: 43 | H17: 0 | I17: =G17+H17 -> 43 | J17: =IF(L17>0,L17,0) -> 0 | K17: =I17+J17 -> 43 | L17: =F17-(I17-X17) -> -23.23062 | M17: 3.39 | N17: 0 | O17: 0 | P17: =M17-(N17+O17) -> 3.39 | Q17: 0 | R17: 0 | S17: =SUM(P17:R17) -> 3.39 | U17: 0 | V17: 31 | W17: =W16-V17 -> 3590 | X17: =N17+O17+S17+U17+V17 -> 34.39 | Y17: =IF(L17<0,L17*-1,0) -> 23.23062 | Z17: =X17+Y17 -> 57.62062 | AA17: 0 | AB17: 40 | AC17: 11 | AD17: =AD16+1 -> 8
A18: =A17+1 -> 9 | B18: 6876.53 | C18: 205946 | D18: =C18-C17 -> -29 | E18: =C18-152000 -> 53946 | F18: =D18/$D$2 -> -14.62062 | G18: 42 | H18: 0 | I18: =G18+H18 -> 42 | J18: =IF(L18>0,L18,0) -> 0 | K18: =I18+J18 -> 42 | L18: =F18-(I18-X18) -> -22.23062 | M18: 3.39 | N18: 0 | O18: 0 | P18: =M18-(N18+O18) -> 3.39 | Q18: 0 | R18: 0 | S18: =SUM(P18:R18) -> 3.39 | U18: 0 | V18: 31 | W18: =W17-V18 -> 3559 | X18: =N18+O18+S18+U18+V18 -> 34.39 | Y18: =IF(L18<0,L18*-1,0) -> 22.23062 | Z18: =X18+Y18 -> 56.62062 | AA18: 0 | AB18: 46 | AC18: 14 | AD18: =AD17+1 -> 9
A19: =A18+1 -> 10 | B19: 6876.52 | C19: 205917 | D19: =C19-C18 -> -29 | E19: =C19-152000 -> 53917 | F19: =D19/$D$2 -> -14.62062 | G19: 49 | H19: 0 | I19: =G19+H19 -> 49 | J19: =IF(L19>0,L19,0) -> 0 | K19: =I19+J19 -> 49 | L19: =F19-(I19-X19) -> -28.92062 | M19: 3.7 | N19: 0 | O19: 0 | P19: =M19-(N19+O19) -> 3.7 | Q19: 0 | R19: 0 | S19: =SUM(P19:R19) -> 3.7 | U19: 0 | V19: 31 | W19: =W18-V19 -> 3528 | X19: =N19+O19+S19+U19+V19 -> 34.7 | Y19: =IF(L19<0,L19*-1,0) -> 28.92062 | Z19: =X19+Y19 -> 63.62062 | AA19: 0.16 | AB19: 40 | AC19: 22 | AD19: =AD18+1 -> 10
A20: =A19+1 -> 11 | B20: 6876.54 | C20: 205975 | D20: =C20-C19 -> 58 | E20: =C20-152000 -> 53975 | F20: =D20/$D$2 -> 29.24124 | G20: 54 | H20: 0 | I20: =G20+H20 -> 54 | J20: =IF(L20>0,L20,0) -> 10.20124 | K20: =I20+J20 -> 64.20124 | L20: =F20-(I20-X20) -> 10.20124 | M20: 3.96 | N20: 0 | O20: 0 | P20: =M20-(N20+O20) -> 3.96 | Q20: 0 | R20: 0 | S20: =SUM(P20:R20) -> 3.96 | U20: 0 | V20: 31 | W20: =W19-V20 -> 3497 | X20: =N20+O20+S20+U20+V20 -> 34.96 | Y20: =IF(L20<0,L20*-1,0) -> 0 | Z20: =X20+Y20 -> 34.96 | AA20: 0 | AB20: 35 | AC20: 14 | AD20: =AD19+1 -> 11
A21: =A20+1 -> 12 | B21: 6876.57 | C21: 206062 | D21: =C21-C20 -> 87 | E21: =C21-152000 -> 54062 | F21: =D21/$D$2 -> 43.86186 | G21: 54 | H21: 0 | I21: =G21+H21 -> 54 | J21: =IF(L21>0,L21,0) -> 24.71186 | K21: =I21+J21 -> 78.71186 | L21: =F21-(I21-X21) -> 24.71186 | M21: 3.85 | N21: 0 | O21: 0 | P21: =M21-(N21+O21) -> 3.85 | Q21: 0 | R21: 0 | S21: =SUM(P21:R21) -> 3.85 | U21: 0 | V21: 31 | W21: =W20-V21 -> 3466 | X21: =N21+O21+S21+U21+V21 -> 34.85 | Y21: =IF(L21<0,L21*-1,0) -> 0 | Z21: =X21+Y21 -> 34.85 | AA21: 0 | AB21: 29 | AC21: 9 | AD21: =AD20+1 -> 12
A22: =A21+1 -> 13 | B22: 6876.57 | C22: 206062 | D22: =C22-C21 -> 0 | E22: =C22-152000 -> 54062 | F22: =D22/$D$2 -> 0 | G22: 49 | H22: 0 | I22: =G22+H22 -> 49 | J22: =IF(L22>0,L22,0) -> 0 | K22: =I22+J22 -> 49 | L22: =F22-(I22-X22) -> -13.94 | M22: 4.06 | N22: 0 | O22: 0 | P22: =M22-(N22+O22) -> 4.06 | Q22: 0 | R22: 0 | S22: =SUM(P22:R22) -> 4.06 | U22: 0 | V22: 31 | W22: =W21-V22 -> 3435 | X22: =N22+O22+S22+U22+V22 -> 35.06 | Y22: =IF(L22<0,L22*-1,0) -> 13.94 | Z22: =X22+Y22 -> 49 | AA22: 0 | AB22: 30 | AC22: 6 | AD22: =AD21+1 -> 13
... A38: =A37+1 -> 29 | B38: 6876.61 | C38: 206177 | D38: =C38-C37 -> 58 | E38: =C38-152000 -> 54177 | F38: =D38/$D$2 -> 29.24124 | G38: 48 | H38: 0 | I38: =G38+H38 -> 48 | J38: =IF(L38>0,L38,0) -> 17.37124 | K38: =I38+J38 -> 65.37124 | L38: =F38-(I38-X38) -> 17.37124 | M38: 5.13 | N38: 0 | O38: 0 | P38: =M38-(N38+O38) -> 5.13 | Q38: 0 | R38: 0 | S38: =SUM(P38:R38) -> 5.13 | U38: 0 | V38: 31 | W38: =W37-V38 -> 2939 | X38: =N38+O38+S38+U38+V38 -> 36.13 | Y38: =IF(L38<0,L38*-1,0) -> 0 | Z38: =X38+Y38 -> 36.13 | AA38: 0.34 | AB38: 34 | AC38: 20 | AD38: =AD37+1 -> 29
A39: 30 | B39: 6876.68 | C39: 206379 | D39: =C39-C38 -> 202 | E39: =C39-152000 -> 54379 | F39: =D39/$D$2 -> 101.84018 | G39: 50 | H39: 0 | I39: =G39+H39 -> 50 | J39: =IF(L39>0,L39,0) -> 87.970181 | K39: =I39+J39 -> 137.97018 | L39: =F39-(I39-X39) -> 87.970181 | M39: 5.13 | N39: 0 | O39: 0 | P39: =M39-(N39+O39) -> 5.13 | Q39: 0 | R39: 0 | S39: =SUM(P39:R39) -> 5.13 | U39: 0 | V39: 31 | W39: =W38-V39 -> 2908 | X39: =N39+O39+S39+U39+V39 -> 36.13 | Y39: =IF(L39<0,L39*-1,0) -> 0 | Z39: =X39+Y39 -> 36.13 | AA39: 0.1 | AB39: 34 | AC39: 15 | AD39: 30
A40: 31 | B40: 6876.68 | C40: 206379 | D40: =C40-C39 -> 0 | E40: =C40-152000 -> 54379 | F40: =D40/$D$2 -> 0 | G40: 50 | H40: 0 | I40: =G40+H40 -> 50 | J40: =IF(L40>0,L40,0) -> 0 | K40: =I40+J40 -> 50 | L40: =F40-(I40-X40) -> -13.87 | M40: 5.13 | N40: 0 | O40: 0 | P40: =M40-(N40+O40) -> 5.13 | Q40: 0 | R40: 0 | S40: =SUM(P40:R40) -> 5.13 | U40: 0 | V40: 31 | W40: =W39-V40 -> 2877 | X40: =N40+O40+S40+U40+V40 -> 36.13 | Y40: =IF(L40<0,L40*-1,0) -> 13.87 | Z40: =X40+Y40 -> 50 | AA40: 0 | AB40: 35 | AC40: 15 | AD40: 31
A42: MONTH / CFS | F42: =SUM(F10:F40) -> 320.14116 | G42: =SUM(G10:G40) -> 1521 | H42: =SUM(H10:H40) -> 0 | I42: =SUM(I10:I40) -> 1521 | J42: =SUM(J10:J40) -> 187.02718 | K42: =SUM(K10:K40) -> 1708.0272 | L42: =SUM(L10:L40) -> -106.51884 | M42: =SUM(M10:M40) -> 136.34 | ... S42: =SUM(S10:S40) -> 136.34 | U42: =SUM(U10:U40) -> 0 | V42: =SUM(V10:V40) -> 958 | X42: =SUM(X10:X40) -> 1094.34 | Y42: =SUM(Y10:Y40) -> 293.54602 | Z42: =SUM(Z10:Z40) -> 1387.886 | AA42: =SUM(AA10:AA40) -> 0.85 | AB42: =AVERAGE(AB10:AB40) -> 38.16129 | AC42: =AVERAGE(AC10:AC40) -> 14.709677 | AD42: Avg
A43: MONTH / AF | D43: =SUM(D10:D40) -> 635 | F43: =F42*$D$2 -> 635 | G43: =G42*$D$2 -> 3016.9035 | H43: =H42*$D$2 -> 0 | I43: =I42*$D$2 -> 3016.9035 | J43: =J42*$D$2 -> 370.96842 | K43: =K42*$D$2 -> 3387.8719 | L43: =L42*$D$2 -> -211.28011 | M43: =M42*$D$2 -> 270.43039 | ... S43: =S42*$D$2 -> 270.43039 | U43: =U42*$D$2 -> 0 | V43: =V42*$D$2 -> 1900.193 | X43: =X42*$D$2 -> 2170.6234 | Y43: =Y42*$D$2 -> 582.24853 | Z43: =Z42*$D$2 -> 2752.8719 | AB43: =MAX(AB10:AB40) -> 49 | AC43: =MAX(AC10:AC40) -> 33 | AD43: HI
A45: SEASON / CFS | AB45: =MIN(AB10:AB40) -> 28 | AC45: =MIN(AC10:AC40) -> 2 | AD45: LO
A46: SEASON / AF
A48: YTD / CFS | F48: =F8+F42 -> 218.30098 | G48: =G8+G42 -> 2693 | H48: =H8+H42 -> 0 | I48: =I8+I42 -> 2693 | J48: =J8+J42 -> 652.37251 | K48: =K8+K42 -> 3345.3725 | L48: =L8+L42 -> 79.220983 | M48: =M8+M42 -> 501.42 | ... S48: =S8+S42 -> 568.354 | U48: =U8+U42 -> 0 | V48: =V8+V42 -> 1925 | W48: =W40 -> 2877 | X48: =X8+X42 -> 2553.92 | Y48: =Y8+Y42 -> 573.15153 | Z48: =Z8+Z42 -> 3127.0715 | AA48: =AA8+AA42 -> 2.77
A49: YTD / AF | D49: =D8+D43 -> 433 | E49: =E40 -> 54379 | F49: =F48*$D$2 -> 433 | G49: =G48*$D$2 -> 5341.5655 | H49: =H48*$D$2 -> 0 | I49: =I48*$D$2 -> 5341.5655 | J49: =J48*$D$2 -> 1293.9809 | K49: =K48*$D$2 -> 6635.5464 | L49: =L48*$D$2 -> 157.13482 | M49: =M48*$D$2 -> 994.56657 | ... Z49: =Z48*$D$2 -> 6202.5464

Sheet JAN
K1: MC PHEE RESERVOIR IN/OUT FLOW TABULATION
A2: AF/cfs CONVERT FACTOR | D2: 1.9835 | K2: JANUARY "2002"
A4: DATE | B4: RESERV | C4: RESERV | D4: AC FT | E4: ACTIVE | F4: CONV TO | G4: DOLORES | H4: LOST | I4: RECORDED | J4: CALC | K4: TOTAL | L4: CALC | M4: DOLORES TUNNEL | Q4: LONE | R4: U | S4: TOTAL | T4: MVI | U4: DV CR | V4: BELOW | W4: REMAIN | X4: RECORDED | Y4: CALC | Z4: TOTAL | AA4: RAIN | AB4: MAX | AC4: MIN | AD4: DATE
A5: "JAN" | B5: ELEV | C5: AC FT | D5: CHANGE | E5: CAP | F5: CFS | G5: RIVER | H5: CANYON | I5: INFLOW | J5: INFLOW | K5: INFLOW | L5: INF/OTF | M5: TOT DIV | N5: WETLAND | O5: UTE F&R | P5: MVI,CTZ | Q5: PINE | R5: LAT | S5: MVI | T5: CALL | U5: CANAL | V5: MC PHEE | W5: RELEASE | X5: OUTFLOW | Y5: OUTFLOW | Z5: OUTFLOW | AB5: TMP | AC5: TMP | AD5: "JAN"
A7: SEASON BAL
A8: YTD | B8: =DEC!B40 -> 6876.68 | C8: =DEC!C40 -> 206379 | D8: =DEC!$D$49 -> 433 | E8: =DEC!$E$40 -> 54379 | F8: =DEC!F48 -> 218.30098 | G8: =DEC!G48 -> 2693 | H8: =DEC!H48 -> 0 | I8: =DEC!I48 -> 2693 | J8: =DEC!J48 -> 652.37251 | K8: =DEC!K48 -> 3345.3725 | L8: =DEC!L48 -> 79.220983 | M8: =DEC!M48 -> 501.42 | ... AA8: =DEC!AA48 -> 2.77
A10: 1 | B10: 6876.68 | C10: 206379 | D10: =C10-C8 -> 0 | E10: =C10-152000 -> 54379 | F10: =D10/$D$2 -> 0 | G10: 46 | H10: 0 | I10: =G10+H10 -> 46 | J10: =IF(L10>0,L10,0) -> 0 | K10: =I10+J10 -> 46 | L10: =F10-(I10-X10) -> -9.9 | M10: 5.1 | N10: 0 | O10: 0 | P10: =M10-(N10+O10) -> 5.1 | Q10: 0 | R10: 0 | S10: =SUM(P10:R10) -> 5.1 | U10: 0 | V10: 31 | W10: =W8-V10 -> 2846 | X10: =N10+O10+S10+U10+V10 -> 36.1 | Y10: =IF(L10<0,L10*-1,0) -> 9.9 | Z10: =X10+Y10 -> 46 | AA10: 0 | AB10: 37 | AC10: 8 | AD10: 1
A11: =A10+1 -> 2 | B11: 6876.68 | C11: 206379 | D11: =C11-C10 -> 0 | E11: =C11-152000 -> 54379 | F11: =D11/$D$2 -> 0 | G11: 43 | H11: 0 | I11: =G11+H11 -> 43 | J11: =IF(L11>0,L11,0) -> 0 | K11: =I11+J11 -> 43 | L11: =F11-(I11-X11) -> -6.9 | M11: 5.1 | N11: 0 | O11: 0 | P11: =M11-(N11+O11) -> 5.1 | Q11: 0 | R11: 0 | S11: =SUM(P11:R11) -> 5.1 | U11: 0 | V11: 31 | W11: =W10-V11 -> 2815 | X11: =N11+O11+S11+U11+V11 -> 36.1 | Y11: =IF(L11<0,L11*-1,0) -> 6.9 | Z11: =X11+Y11 -> 43 | AA11: 0 | AB11: 32 | AC11: 4 | AD11: =AD10+1 -> 2
A12: =A11+1 -> 3 | B12: 6876.68 | C12: 206379 | D12: =C12-C11 -> 0 | E12: =C12-152000 -> 54379 | F12: =D12/$D$2 -> 0 | G12: 42 | H12: 0 | I12: =G12+H12 -> 42 | J12: =IF(L12>0,L12,0) -> 0 | K12: =I12+J12 -> 42 | L12: =F12-(I12-X12) -> -5.9 | M12: 5.1 | N12: 0 | O12: 0 | P12: =M12-(N12+O12) -> 5.1 | Q12: 0 | R12: 0 | S12: =SUM(P12:R12) -> 5.1 | U12: 0 | V12: 31 | W12: =W11-V12 -> 2784 | X12: =N12+O12+S12+U12+V12 -> 36.1 | Y12: =IF(L12<0,L12*-1,0) -> 5.9 | Z12: =X12+Y12 -> 42 | AA12: 0 | AB12: 35 | AC12: 8 | AD12: =AD11+1 -> 3
A13: =A12+1 -> 4 | B13: 6876.68 | C13: 206379 | D13: =C13-C12 -> 0 | E13: =C13-152000 -> 54379 | F13: =D13/$D$2 -> 0 | G13: 45 | H13: 0 | I13: =G13+H13 -> 45 | J13: =IF(L13>0,L13,0) -> 0 | K13: =I13+J13 -> 45 | L13: =F13-(I13-X13) -> -8.9 | M13: 5.1 | N13: 0 | O13: 0 | P13: =M13-(N13+O13) -> 5.1 | Q13: 0 | R13: 0 | S13: =SUM(P13:R13) -> 5.1 | U13: 0 | V13: 31 | W13: =W12-V13 -> 2753 | X13: =N13+O13+S13+U13+V13 -> 36.1 | Y13: =IF(L13<0,L13*-1,0) -> 8.9 | Z13: =X13+Y13 -> 45 | AA13: 0 | AB13: 32 | AC13: 21 | AD13: =AD12+1 -> 4
A14: =A13+1 -> 5 | B14: 6876.68 | C14: 206379 | D14: =C14-C13 -> 0 | E14: =C14-152000 -> 54379 | F14: =D14/$D$2 -> 0 | G14: 45 | H14: 0.08 | I14: =G14+H14 -> 45.08 | J14: =IF(L14>0,L14,0) -> 0 | K14: =I14+J14 -> 45.08 | L14: =F14-(I14-X14) -> -8.98 | M14: 5.1 | N14: 0 | O14: 0 | P14: =M14-(N14+O14) -> 5.1 | Q14: 0 | R14: 0 | S14: =SUM(P14:R14) -> 5.1 | U14: 0 | V14: 31 | W14: =W13-V14 -> 2722 | X14: =N14+O14+S14+U14+V14 -> 36.1 | Y14: =IF(L14<0,L14*-1,0) -> 8.98 | Z14: =X14+Y14 -> 45.08 | AA14: 0 | AB14: 36 | AC14: 9 | AD14: =AD13+1 -> 5
A15: =A14+1 -> 6 | B15: 6876.68 | C15: 206379 | D15: =C15-C14 -> 0 | E15: =C15-152000 -> 54379 | F15: =D15/$D$2 -> 0 | G15: 43 | H15: 0.09 | I15: =G15+H15 -> 43.09 | J15: =IF(L15>0,L15,0) -> 0 | K15: =I15+J15 -> 43.09 | L15: =F15-(I15-X15) -> -6.99 | M15: 5.1 | N15: 0 | O15: 0 | P15: =M15-(N15+O15) -> 5.1 | Q15: 0 | R15: 0 | S15: =SUM(P15:R15) -> 5.1 | U15: 0 | V15: 31 | W15: =W14-V15 -> 2691 | X15: =N15+O15+S15+U15+V15 -> 36.1 | Y15: =IF(L15<0,L15*-1,0) -> 6.99 | Z15: =X15+Y15 -> 43.09 | AA15: 0 | AB15: 44 | AC15: 19 | AD15: =AD14+1 -> 6
A16: =A15+1 -> 7 | B16: 6876.68 | C16: 206379 | D16: =C16-C15 -> 0 | E16: =C16-152000 -> 54379 | F16: =D16/$D$2 -> 0 | G16: 43 | H16: 0.22 | I16: =G16+H16 -> 43.22 | J16: =IF(L16>0,L16,0) -> 0 | K16: =I16+J16 -> 43.22 | L16: =F16-(I16-X16) -> -7.32 | M16: 4.9 | N16: 0 | O16: 0 | P16: =M16-(N16+O16) -> 4.9 | Q16: 0 | R16: 0 | S16: =SUM(P16:R16) -> 4.9 | U16: 0 | V16: 31 | W16: =W15-V16 -> 2660 | X16: =N16+O16+S16+U16+V16 -> 35.9 | Y16: =IF(L16<0,L16*-1,0) -> 7.32 | Z16: =X16+Y16 -> 43.22 | AA16: 0 | AB16: 47 | AC16: 22 | AD16: =AD15+1 -> 7
A17: =A16+1 -> 8 | B17: 6876.68 | C17: 206379 | D17: =C17-C16 -> 0 | E17: =C17-152000 -> 54379 | F17: =D17/$D$2 -> 0 | G17: 44 | H17: 0.16 | I17: 36 | J17: =IF(L17>0,L17,0) -> 0 | K17: =I17+J17 -> 36 | L17: =F17-(I17-X17) -> -0.24 | M17: 4.76 | N17: 0 | O17: 0 | P17: =M17-(N17+O17) -> 4.76 | Q17: 0 | R17: 0 | S17: =SUM(P17:R17) -> 4.76 | U17: 0 | V17: 31 | W17: =W16-V17 -> 2629 | X17: =N17+O17+S17+U17+V17 -> 35.76 | Y17: =IF(L17<0,L17*-1,0) -> 0.24 | Z17: =X17+Y17 -> 36 | AA17: 0 | AB17: 52 | AC17: 25 | AD17: =AD16+1 -> 8
A18: =A17+1 -> 9 | B18: 6876.68 | C18: 206379 | D18: =C18-C17 -> 0 | E18: =C18-152000 -> 54379 | F18: =D18/$D$2 -> 0 | G18: 46 | H18: 0.21 | I18: 36 | J18: =IF(L18>0,L18,0) -> 0 | K18: =I18+J18 -> 36 | L18: =F18-(I18-X18) -> -0.24 | M18: 4.76 | N18: 0 | O18: 0 | P18: =M18-(N18+O18) -> 4.76 | Q18: 0 | R18: 0 | S18: =SUM(P18:R18) -> 4.76 | U18: 0 | V18: 31 | W18: =W17-V18 -> 2598 | X18: =N18+O18+S18+U18+V18 -> 35.76 | Y18: =IF(L18<0,L18*-1,0) -> 0.24 | Z18: =X18+Y18 -> 36 | AA18: 0 | AB18: 50 | AC18: 29 | AD18: =AD17+1 -> 9
A19: =A18+1 -> 10 | B19: 6876.69 | C19: 206408 | D19: =C19-C18 -> 29 | E19: =C19-152000 -> 54408 | F19: =D19/$D$2 -> 14.62062 | G19: 48 | H19: 0.23 | I19: 49.6 | J19: =IF(L19>0,L19,0) -> 0 | K19: =I19+J19 -> 49.6 | L19: =F19-(I19-X19) -> -0.33937988 | M19: 4.64 | N19: 0 | O19: 0 | P19: =M19-(N19+O19) -> 4.64 | Q19: 0 | R19: 0 | S19: =SUM(P19:R19) -> 4.64 | U19: 0 | V19: 30 | W19: =W18-V19 -> 2568 | X19: =N19+O19+S19+U19+V19 -> 34.64 | Y19: =IF(L19<0,L19*-1,0) -> 0.33937988 | Z19: =X19+Y19 -> 34.97938 | AA19: 0 | AB19: 43 | AC19: 24 | AD19: =AD18+1 -> 10
A20: =A19+1 -> 11 | B20: 6876.69 | C20: 206408 | D20: =C20-C19 -> 0 | E20: =C20-152000 -> 54408 | F20: =D20/$D$2 -> 0 | G20: 43 | H20: 0.24 | I20: 31.1 | J20: =IF(L20>0,L20,0) -> 3.3 | K20: =I20+J20 -> 34.4 | L20: =F20-(I20-X20) -> 3.3 | M20: 4.4 | N20: 0 | O20: 0 | P20: =M20-(N20+O20) -> 4.4 | Q20: 0 | R20: 0 | S20: =SUM(P20:R20) -> 4.4 | U20: 0 | V20: 30 | W20: =W19-V20 -> 2538 | X20: =N20+O20+S20+U20+V20 -> 34.4 | Y20: =IF(L20<0,L20*-1,0) -> 0 | Z20: =X20+Y20 -> 34.4 | AA20: 0 | AB20: 50 | AC20: 17 | AD20: =AD19+1 -> 11
A21: =A20+1 -> 12 | B21: 6876.69 | C21: 206408 | D21: =C21-C20 -> 0 | E21: =C21-152000 -> 54408 | F21: =D21/$D$2 -> 0 | G21: 43 | H21: 0.27 | I21: 34.1 | J21: =IF(L21>0,L21,0) -> 0.3 | K21: =I21+J21 -> 34.4 | L21: =F21-(I21-X21) -> 0.3 | M21: 4.4 | N21: 0 | O21: 0 | P21: =M21-(N21+O21) -> 4.4 | Q21: 0 | R21: 0 | S21: =SUM(P21:R21) -> 4.4 | U21: 0 | V21: 30 | W21: =W20-V21 -> 2508 | X21: =N21+O21+S21+U21+V21 -> 34.4 | Y21: =IF(L21<0,L21*-1,0) -> 0 | Z21: =X21+Y21 -> 34.4 | AA21: 0 | AB21: 48 | AC21: 23 | AD21: =AD20+1 -> 12
A22: 13 | B22: 6876.69 | C22: 206408 | D22: =C22-C21 -> 0 | E22: =C22-152000 -> 54408 | F22: =D22/$D$2 -> 0 | G22: 43 | H22: 0.32 | I22: 34.1 | J22: =IF(L22>0,L22,0) -> 0.3 | K22: =I22+J22 -> 34.4 | L22: =F22-(I22-X22) -> 0.3 | M22: 4.4 | N22: 0 | O22: 0 | P22: =M22-(N22+O22) -> 4.4 | Q22: 0 | R22: 0 | S22: =SUM(P22:R22) -> 4.4 | U22: 0 | V22: 30 | W22: =W21-V22 -> 2478 | X22: =N22+O22+S22+U22+V22 -> 34.4 | Y22: =IF(L22<0,L22*-1,0) -> 0 | Z22: =X22+Y22 -> 34.4 | AA22: 0 | AB22: 38 | AC22: 18 | AD22: =AD21+1 -> 13
A23: =A22+1 -> 14 | B23: 6876.69 | C23: 206408 | D23: =C23-C22 -> 0 | E23: =C23-152000 -> 54408 | F23: =D23/$D$2 -> 0 | G23: 41 | H23: 0.24 | I23: =G23+H23 -> 41.24 | J23: =IF(L23>0,L23,0) -> 0 | K23: =I23+J23 -> 41.24 | L23: =F23-(I23-X23) -> -6.84 | M23: 4.4 | N23: 0 | O23: 0 | P23: =M23-(N23+O23) -> 4.4 | Q23: 0 | R23: 0 | S23: =SUM(P23:R23) -> 4.4 | U23: 0 | V23: 30 | W23: =W22-V23 -> 2448 | X23: =N23+O23+S23+U23+V23 -> 34.4 | Y23: =IF(L23<0,L23*-1,0) -> 6.84 | Z23: =X23+Y23 -> 41.24 | AA23: 0 | AB23: 41 | AC23: 12 | AD23: =AD22+1 -> 14
A24: =A23+1 -> 15 | B24: 6876.69 | C24: 206408 | D24: =C24-C23 -> 0 | E24: =C24-152000 -> 54408 | F24: =D24/$D$2 -> 0 | G24: 42 | H24: 0.17 | I24: =G24+H24 -> 42.17 | J24: =IF(L24>0,L24,0) -> 0 | K24: =I24+J24 -> 42.17 | L24: =F24-(I24-X24) -> -7.97 | M24: 4.2 | N24: 0 | O24: 0 | P24: =M24-(N24+O24) -> 4.2 | Q24: 0 | R24: 0 | S24: =SUM(P24:R24) -> 4.2 | U24: 0 | V24: 30 | W24: =W23-V24 -> 2418 | X24: =N24+O24+S24+U24+V24 -> 34.2 | Y24: =IF(L24<0,L24*-1,0) -> 7.97 | Z24: =X24+Y24 -> 42.17 | AA24: 0 | AB24: 44 | AC24: 27 | AD24: =AD23+1 -> 15
A25: =A24+1 -> 16 | B25: 6876.7 | C25: 206437 | D25: =C25-C24 -> 29 | E25: =C25-152000 -> 54437 | F25: =D25/$D$2 -> 14.62062 | G25: 46 | H25: 0.21 | I25: =G25+H25 -> 46.21 | J25: =IF(L25>0,L25,0) -> 2.5106201 | K25: =I25+J25 -> 48.72062 | L25: =F25-(I25-X25) -> 2.5106201 | M25: 4.1 | N25: 0 | O25: 0 | P25: =M25-(N25+O25) -> 4.1 | Q25: 0 | R25: 0 | S25: =SUM(P25:R25) -> 4.1 | U25: 0 | V25: 30 | W25: =W24-V25 -> 2388 | X25: =N25+O25+S25+U25+V25 -> 34.1 | Y25: =IF(L25<0,L25*-1,0) -> 0 | Z25: =X25+Y25 -> 34.1 | AA25: 0 | AB25: 39 | AC25: 21 | AD25: =AD24+1 -> 16
A26: =A25+1 -> 17 | B26: 6876.7 | C26: 206437 | D26: =C26-C25 -> 0 | E26: =C26-152000 -> 54437 | F26: =D26/$D$2 -> 0 | G26: 46 | H26: 0.29 | I26: =G26+H26 -> 46.29 | J26: =IF(L26>0,L26,0) -> 0 | K26: =I26+J26 -> 46.29 | L26: =F26-(I26-X26) -> -12.19 | M26: 4.1 | N26: 0 | O26: 0 | P26: =M26-(N26+O26) -> 4.1 | Q26: 0 | R26: 0 | S26: =SUM(P26:R26) -> 4.1 | U26: 0 | V26: 30 | W26: =W25-V26 -> 2358 | X26: =N26+O26+S26+U26+V26 -> 34.1 | Y26: =IF(L26<0,L26*-1,0) -> 12.19 | Z26: =X26+Y26 -> 46.29 | AA26: 0 | AB26: 38 | AC26: 10 | AD26: =AD25+1 -> 17
A27: =A26+1 -> 18 | B27: 6876.71 | C27: 206466 | D27: =C27-C26 -> 29 | E27: =C27-152000 -> 54466 | F27: =D27/$D$2 -> 14.62062 | G27: 42 | H27: 0.38 | I27: =G27+H27 -> 42.38 | J27: =IF(L27>0,L27,0) -> 6.3406201 | K27: =I27+J27 -> 48.72062 | L27: =F27-(I27-X27) -> 6.3406201 | M27: 4.1 | N27: 0 | O27: 0 | P27: =M27-(N27+O27) -> 4.1 | Q27: 0 | R27: 0 | S27: =SUM(P27:R27) -> 4.1 | U27: 0 | V27: 30 | W27: =W26-V27 -> 2328 | X27: =N27+O27+S27+U27+V27 -> 34.1 | Y27: =IF(L27<0,L27*-1,0) -> 0 | Z27: =X27+Y27 -> 34.1 | AA27: 0 | AB27: 30 | AC27: 8 | AD27: =AD26+1 -> 18
A28: =A27+1 -> 19 | B28: 6876.71 | C28: 206466 | D28: =C28-C27 -> 0 | E28: =C28-152000 -> 54466 | F28: =D28/$D$2 -> 0 | G28: 37 | H28: 0.33 | I28: =G28+H28 -> 37.33 | J28: =IF(L28>0,L28,0) -> 0 | K28: =I28+J28 -> 37.33 | L28: =F28-(I28-X28) -> -3.23 | M28: 4.1 | N28: 0 | O28: 0 | P28: =M28-(N28+O28) -> 4.1 | Q28: 0 | R28: 0 | S28: =SUM(P28:R28) -> 4.1 | U28: 0 | V28: 30 | W28: =W27-V28 -> 2298 | X28: =N28+O28+S28+U28+V28 -> 34.1 | Y28: =IF(L28<0,L28*-1,0) -> 3.23 | Z28: =X28+Y28 -> 37.33 | AA28: 0 | AB28: 32 | AC28: 0 | AD28: =AD27+1 -> 19
A29: =A28+1 -> 20 | B29: 6876.71 | C29: 206466 | D29: =C29-C28 -> 0 | E29: =C29-152000 -> 54466 | F29: =D29/$D$2 -> 0 | G29: 40 | H29: 0.3 | I29: =G29+H29 -> 40.3 | J29: =IF(L29>0,L29,0) -> 0 | K29: =I29+J29 -> 40.3 | L29: =F29-(I29-X29) -> -6.2 | M29: 4.1 | N29: 0 | O29: 0 | P29: =M29-(N29+O29) -> 4.1 | Q29: 0 | R29: 0 | S29: =SUM(P29:R29) -> 4.1 | U29: 0 | V29: 30 | W29: =W28-V29 -> 2268 | X29: =N29+O29+S29+U29+V29 -> 34.1 | Y29: =IF(L29<0,L29*-1,0) -> 6.2 | Z29: =X29+Y29 -> 40.3 | AA29: 0 | AB29: 29 | AC29: 12 | AD29: =AD28+1 -> 20
A30: =A29+1 -> 21 | B30: 6876.72 | C30: 206495 | D30: =C30-C29 -> 29 | E30: =C30-152000 -> 54495 | F30: =D30/$D$2 -> 14.62062 | G30: 40 | H30: 0.18 | I30: =G30+H30 -> 40.18 | J30: =IF(L30>0,L30,0) -> 8.5406201 | K30: =I30+J30 -> 48.72062 | L30: =F30-(I30-X30) -> 8.5406201 | M30: 4.1 | N30: 0 | O30: 0 | P30: =M30-(N30+O30) -> 4.1 | Q30: 0 | R30: 0 | S30: =SUM(P30:R30) -> 4.1 | U30: 0 | V30: 30 | W30: =W29-V30 -> 2238 | X30: =N30+O30+S30+U30+V30 -> 34.1 | Y30: =IF(L30<0,L30*-1,0) -> 0 | Z30: =X30+Y30 -> 34.1 | AA30: 0 | AB30: 43 | AC30: 11 | AD30: =AD29+1 -> 21
A31: =A30+1 -> 22 | B31: 6876.72 | C31: 206495 | D31: =C31-C30 -> 0 | E31: =C31-152000 -> 54495 | F31: =D31/$D$2 -> 0 | G31: 41 | H31: 0.06 | I31: =G31+H31 -> 41.06 | J31: =IF(L31>0,L31,0) -> 0 | K31: =I31+J31 -> 41.06 | L31: =F31-(I31-X31) -> -6.76 | M31: 4.3 | N31: 0 | O31: 0 | P31: =M31-(N31+O31) -> 4.3 | Q31: 0 | R31: 0 | S31: =SUM(P31:R31) -> 4.3 | U31: 0 | V31: 30 | W31: =W30-V31 -> 2208 | X31: =N31+O31+S31+U31+V31 -> 34.3 | Y31: =IF(L31<0,L31*-1,0) -> 6.76 | Z31: =X31+Y31 -> 41.06 | AA31: 0 | AB31: 44 | AC31: 21 | AD31: =AD30+1 -> 22
A32: =A31+1 -> 23 | B32: 6876.71 | C32: 206466 | D32: =C32-C31 -> -29 | E32: =C32-152000 -> 54466 | F32: =D32/$D$2 -> -14.62062 | G32: 44 | H32: 0.05 | I32: =G32+H32 -> 44.05 | J32: =IF(L32>0,L32,0) -> 0 | K32: =I32+J32 -> 44.05 | L32: =F32-(I32-X32) -> -24.47062 | M32: 4.2 | N32: 0 | O32: 0 | P32: =M32-(N32+O32) -> 4.2 | Q32: 0 | R32: 0 | S32: =SUM(P32:R32) -> 4.2 | U32: 0 | V32: 30 | W32: =W31-V32 -> 2178 | X32: =N32+O32+S32+U32+V32 -> 34.2 | Y32: =IF(L32<0,L32*-1,0) -> 24.47062 | Z32: =X32+Y32 -> 58.67062 | AA32: 0 | AB32: 29 | AC32: 10 | AD32: =AD31+1 -> 23
A33: =A32+1 -> 24 | B33: 6876.7 | C33: 206437 | D33: =C33-C32 -> -29 | E33: =C33-152000 -> 54437 | F33: =D33/$D$2 -> -14.62062 | G33: 41 | H33: 0.07 | I33: =G33+H33 -> 41.07 | J33: =IF(L33>0,L33,0) -> 0 | K33: =I33+J33 -> 41.07 | L33: =F33-(I33-X33) -> -21.79062 | M33: 3.9 | N33: 0 | O33: 0 | P33: =M33-(N33+O33) -> 3.9 | Q33: 0 | R33: 0 | S33: =SUM(P33:R33) -> 3.9 | U33: 0 | V33: 30 | W33: =W32-V33 -> 2148 | X33: =N33+O33+S33+U33+V33 -> 33.9 | Y33: =IF(L33<0,L33*-1,0) -> 21.79062 | Z33: =X33+Y33 -> 55.69062 | AA33: 0 | AB33: 41 | AC33: 7 | AD33: =AD32+1 -> 24
A34: =A33+1 -> 25 | B34: 6876.69 | C34: 206408 | D34: =C34-C33 -> -29 | E34: =C34-152000 -> 54408 | F34: =D34/$D$2 -> -14.62062 | G34: 40 | H34: 0.07 | I34: =G34+H34 -> 40.07 | J34: =IF(L34>0,L34,0) -> 0 | K34: =I34+J34 -> 40.07 | L34: =F34-(I34-X34) -> -20.59062 | M34: 4.1 | N34: 0 | O34: 0 | P34: =M34-(N34+O34) -> 4.1 | Q34: 0 | R34: 0 | S34: =SUM(P34:R34) -> 4.1 | U34: 0 | V34: 30 | W34: =W33-V34 -> 2118 | X34: =N34+O34+S34+U34+V34 -> 34.1 | Y34: =IF(L34<0,L34*-1,0) -> 20.59062 | Z34: =X34+Y34 -> 54.69062 | AA34: 0 | AB34: 42 | AC34: 12 | AD34: =AD33+1 -> 25
... A38: =A37+1 -> 29 | B38: 6876.68 | C38: 206379 | D38: =C38-C37 -> 58 | E38: =C38-152000 -> 54379 | F38: =D38/$D$2 -> 29.24124 | G38: 44 | H38: 0.22 | I38: =G38+H38 -> 44.22 | J38: =IF(L38>0,L38,0) -> 19.12124 | K38: =I38+J38 -> 63.34124 | L38: =F38-(I38-X38) -> 19.12124 | M38: 4.1 | N38: 0 | O38: 0 | P38: =M38-(N38+O38) -> 4.1 | Q38: 0 | R38: 0 | S38: =SUM(P38:R38) -> 4.1 | U38: 0 | V38: 30 | W38: =W37-V38 -> 1998 | X38: =N38+O38+S38+U38+V38 -> 34.1 | Y38: =IF(L38<0,L38*-1,0) -> 0 | Z38: =X38+Y38 -> 34.1 | AA38: 0 | AB38: 33 | AC38: 25 | AD38: =AD37+1 -> 29
A39: 30 | B39: 6876.69 | C39: 206408 | D39: =C39-C38 -> 29 | E39: =C39-152000 -> 54408 | F39: =D39/$D$2 -> 14.62062 | G39: 43 | H39: 0.22 | I39: =G39+H39 -> 43.22 | J39: =IF(L39>0,L39,0) -> 5.8006201 | K39: =I39+J39 -> 49.02062 | L39: =F39-(I39-X39) -> 5.8006201 | M39: 4.4 | N39: 0 | O39: 0 | P39: =M39-(N39+O39) -> 4.4 | Q39: 0 | R39: 0 | S39: =SUM(P39:R39) -> 4.4 | U39: 0 | V39: 30 | W39: =W38-V39 -> 1968 | X39: =N39+O39+S39+U39+V39 -> 34.4 | Y39: =IF(L39<0,L39*-1,0) -> 0 | Z39: =X39+Y39 -> 34.4 | AA39: 0 | AB39: 27 | AC39: 18 | AD39: 30
A40: 31 | B40: 6876.69 | C40: 206408 | D40: =C40-C39 -> 0 | E40: =C40-152000 -> 54408 | F40: =D40/$D$2 -> 0 | G40: 41 | H40: 0.22 | I40: =G40+H40 -> 41.22 | J40: =IF(L40>0,L40,0) -> 0 | K40: =I40+J40 -> 41.22 | L40: =F40-(I40-X40) -> -8.02 | M40: 4.2 | N40: 0 | O40: 0 | P40: =M40-(N40+O40) -> 4.2 | Q40: 0 | R40: 0 | S40: =SUM(P40:R40) -> 4.2 | U40: 0 | V40: 29 | W40: =W39-V40 -> 1939 | X40: =N40+O40+S40+U40+V40 -> 33.2 | Y40: =IF(L40<0,L40*-1,0) -> 8.02 | Z40: =X40+Y40 -> 41.22 | AA40: 0 | AB40: 27 | AC40: 7 | AD40: 31
AB41: 39
A42: MONTH / CFS | F42: =SUM(F10:F40) -> 14.62062 | G42: =SUM(G10:G40) -> 1331 | H42: =SUM(H10:H40) -> 5.1 | I42: =SUM(I10:I40) -> 1288.57 | J42: =SUM(J10:J40) -> 46.213721 | K42: =SUM(K10:K40) -> 1334.7837 | L42: =SUM(L10:L40) -> -198.68938 | M42: =SUM(M10:M40) -> 137.26 | ... S42: =SUM(S10:S40) -> 137.26 | U42: =SUM(U10:U40) -> 0 | V42: =SUM(V10:V40) -> 938 | X42: =SUM(X10:X40) -> 1075.26 | Y42: =SUM(Y10:Y40) -> 244.9031 | Z42: =SUM(Z10:Z40) -> 1320.1631 | AA42: =SUM(AA10:AA40) -> 0 | AB42: =AVERAGE(AB10:AB40) -> 39.483871 | AC42: =AVERAGE(AC10:AC40) -> 16.16129 | AD42: AVE
A43: MONTH / AF | D43: =SUM(D10:D40) -> 29 | F43: =F42*$D$2 -> 29 | G43: =G42*$D$2 -> 2640.0385 | H43: =H42*$D$2 -> 10.11585 | I43: =I42*$D$2 -> 2555.8786 | J43: =J42*$D$2 -> 91.664915 | K43: =K42*$D$2 -> 2647.5435 | L43: =L42*$D$2 -> -394.10039 | M43: =M42*$D$2 -> 272.25521 | ... S43: =S42*$D$2 -> 272.25521 | U43: =U42*$D$2 -> 0 | V43: =V42*$D$2 -> 1860.523 | X43: =X42*$D$2 -> 2132.7782 | Y43: =Y42*$D$2 -> 485.7653 | Z43: =Z42*$D$2 -> 2618.5435 | AB43: =MAX(AB10:AB40) -> 52 | AC43: =MAX(AC10:AC40) -> 29 | AD43: HI
A45: SEASON / CFS | AB45: =MIN(AB10:AB40) -> 27 | AC45: =MIN(AC10:AC40) -> 0 | AD45: LO
A46: SEASON / AF
A48: YTD / CFS | F48: =F8+F42 -> 232.9216 | G48: =G8+G42 -> 4024 | H48: =H8+H42 -> 5.1 | I48: =I8+I42 -> 3981.57 | J48: =J8+J42 -> 698.58623 | K48: =K8+K42 -> 4680.1562 | L48: =L8+L42 -> -119.4684 | M48: =M8+M42 -> 638.68 | ... S48: =S8+S42 -> 705.614 | U48: =U8+U42 -> 0 | V48: =V8+V42 -> 2863 | W48: =W40 -> 1939 | X48: =X8+X42 -> 3629.18 | Y48: =Y8+Y42 -> 818.05463 | Z48: =Z8+Z42 -> 4447.2346 | AA48: =AA8+AA42 -> 2.77
A49: YTD / AF | D49: =D8+D43 -> 462 | E49: =E40 -> 54408 | F49: =F48*$D$2 -> 462 | G49: =G48*$D$2 -> 7981.604 | H49: =H48*$D$2 -> 10.11585 | I49: =I48*$D$2 -> 7897.4441 | J49: =J48*$D$2 -> 1385.6458 | K49: =K48*$D$2 -> 9283.0899 | L49: =L48*$D$2 -> -236.96556 | M49: =M48*$D$2 -> 1266.8218 | ... Z49: =Z48*$D$2 -> 8821.0899

Sheet FEB
K1: MC PHEE RESERVOIR IN/OUT FLOW TABULATION
A2: AF/cfs CONVERT FACTOR | D2: 1.9835 | K2: FEBRUARY "2002"
A4: DATE | B4: RESERV | C4: RESERV | D4: AC FT | E4: ACTIVE | F4: CONV TO | G4: DOLORES | H4: LOST | I4: RECORDED | J4: CALC | K4: TOTAL | L4: CALC | M4: DOLORES TUNNEL | Q4: LONE | R4: U | S4: TOTAL | T4: MVI | U4: DV CR | V4: BELOW | W4: REMAIN | X4: RECORDED | Y4: CALC | Z4: TOTAL | AA4: RAIN | AB4: MAX | AC4: MIN | AD4: DATE
A5: FEB | B5: ELEV | C5: AC FT | D5: CHANGE | E5: CAP | F5: CFS | G5: RIVER | H5: CANYON | I5: INFLOW | J5: INFLOW | K5: INFLOW | L5: INF/OTF | M5: TOT DIV | N5: WETLAND | O5: UTE F&R | P5: MVI,CTZ | Q5: PINE | R5: LAT | S5: MVI | T5: CALL | U5: CANAL | V5: MC PHEE | W5: RELEASE | X5: OUTFLOW | Y5: OUTFLOW | Z5: OUTFLOW | AB5: TMP | AC5: TMP | AD5: FEB
A7: SEASON BAL
A8: YTD | B8: =JAN!B40 -> 6876.69 | C8: =JAN!C40 -> 206408 | D8: =JAN!$D$49 -> 462 | E8: =JAN!$E$40 -> 54408 | F8: =JAN!F48 -> 232.9216 | G8: =JAN!G48 -> 4024 | H8: =JAN!H48 -> 5.1 | I8: =JAN!I48 -> 3981.57 | J8: =JAN!J48 -> 698.58623 | K8: =JAN!K48 -> 4680.1562 | L8: =JAN!L48 -> -119.4684 | M8: =JAN!M48 -> 638.68 | ... AA8: =JAN!AA48 -> 2.77
A10: 1 | B10: 6876.69 | C10: 206408 | D10: =C10-C8 -> 0 | E10: =C10-152000 -> 54408 | F10: =D10/$D$2 -> 0 | G10: 39 | H10: 0.22 | I10: =G10+H10 -> 39.22 | J10: =IF(L10>0,L10,0) -> 0 | K10: =I10+J10 -> 39.22 | L10: =F10-(I10-X10) -> -6.12 | M10: 4.1 | N10: 0 | O10: 0 | P10: =M10-(N10+O10) -> 4.1 | Q10: 0 | R10: 0 | S10: =SUM(P10:R10) -> 4.1 | U10: 0 | V10: 29 | W10: =W8-V10 -> 1910 | X10: =N10+O10+S10+U10+V10 -> 33.1 | Y10: =IF(L10<0,L10*-1,0) -> 6.12 | Z10: =X10+Y10 -> 39.22 | AA10: 0 | AB10: 42 | AC10: 16 | AD10: 1
A11: =A10+1 -> 2 | B11: 6876.68 | C11: 206379 | D11: =C11-C10 -> -29 | E11: =C11-152000 -> 54379 | F11: =D11/$D$2 -> -14.62062 | G11: 42 | H11: 0.2 | I11: =G11+H11 -> 42.2 | J11: =IF(L11>0,L11,0) -> 0 | K11: =I11+J11 -> 42.2 | L11: =F11-(I11-X11) -> -23.72062 | M11: 4.1 | N11: 0 | O11: 0 | P11: =M11-(N11+O11) -> 4.1 | Q11: 0 | R11: 0 | S11: =SUM(P11:R11) -> 4.1 | U11: 0 | V11: 29 | W11: =W10-V11 -> 1881 | X11: =N11+O11+S11+U11+V11 -> 33.1 | Y11: =IF(L11<0,L11*-1,0) -> 23.72062 | Z11: =X11+Y11 -> 56.82062 | AA11: 0 | AB11: 38 | AC11: 6 | AD11: =AD10+1 -> 2
A12: =A11+1 -> 3 | B12: 6876.68 | C12: 206379 | D12: =C12-C11 -> 0 | E12: =C12-152000 -> 54379 | F12: =D12/$D$2 -> 0 | G12: 40 | H12: 0.17 | I12: =G12+H12 -> 40.17 | J12: =IF(L12>0,L12,0) -> 0 | K12: =I12+J12 -> 40.17 | L12: =F12-(I12-X12) -> -7.07 | M12: 4.1 | N12: 0 | O12: 0 | P12: =M12-(N12+O12) -> 4.1 | Q12: 0 | R12: 0 | S12: =SUM(P12:R12) -> 4.1 | U12: 0 | V12: 29 | W12: =W11-V12 -> 1852 | X12: =N12+O12+S12+U12+V12 -> 33.1 | Y12: =IF(L12<0,L12*-1,0) -> 7.07 | Z12: =X12+Y12 -> 40.17 | AA12: 0 | AB12: 40 | AC12: 12 | AD12: =AD11+1 -> 3
A13: =A12+1 -> 4 | B13: 6876.68 | C13: 206379 | D13: =C13-C12 -> 0 | E13: =C13-152000 -> 54379 | F13: =D13/$D$2 -> 0 | G13: 40 | H13: 0.18 | I13: =G13+H13 -> 40.18 | J13: =IF(L13>0,L13,0) -> 0 | K13: =I13+J13 -> 40.18 | L13: =F13-(I13-X13) -> -4.78 | M13: 6.4 | N13: 0 | O13: 0 | P13: =M13-(N13+O13) -> 6.4 | Q13: 0 | R13: 0 | S13: =SUM(P13:R13) -> 6.4 | U13: 0 | V13: 29 | W13: =W12-V13 -> 1823 | X13: =N13+O13+S13+U13+V13 -> 35.4 | Y13: =IF(L13<0,L13*-1,0) -> 4.78 | Z13: =X13+Y13 -> 40.18 | AA13: 0 | AB13: 42 | AC13: 15 | AD13: =AD12+1 -> 4
A14: =A13+1 -> 5 | B14: 6876.68 | C14: 206379 | D14: =C14-C13 -> 0 | E14: =C14-152000 -> 54379 | F14: =D14/$D$2 -> 0 | G14: 41 | H14: 0.22 | I14: =G14+H14 -> 41.22 | J14: =IF(L14>0,L14,0) -> 0 | K14: =I14+J14 -> 41.22 | L14: =F14-(I14-X14) -> -5.22 | M14: 6 | N14: 0 | O14: 0 | P14: =M14-(N14+O14) -> 6 | Q14: 0 | R14: 0 | S14: =SUM(P14:R14) -> 6 | U14: 0 | V14: 30 | W14: =W13-V14 -> 1793 | X14: =N14+O14+S14+U14+V14 -> 36 | Y14: =IF(L14<0,L14*-1,0) -> 5.22 | Z14: =X14+Y14 -> 41.22 | AA14: 0 | AB14: 35 | AC14: 9 | AD14: =AD13+1 -> 5
A15: =A14+1 -> 6 | B15: 6876.67 | C15: 206350 | D15: =C15-C14 -> -29 | E15: =C15-152000 -> 54350 | F15: =D15/$D$2 -> -14.62062 | G15: 38 | H15: 0.22 | I15: =G15+H15 -> 38.22 | J15: =IF(L15>0,L15,0) -> 0 | K15: =I15+J15 -> 38.22 | L15: =F15-(I15-X15) -> -16.54062 | M15: 6.3 | N15: 0 | O15: 0 | P15: =M15-(N15+O15) -> 6.3 | Q15: 0 | R15: 0 | S15: =SUM(P15:R15) -> 6.3 | U15: 0 | V15: 30 | W15: =W14-V15 -> 1763 | X15: =N15+O15+S15+U15+V15 -> 36.3 | Y15: =IF(L15<0,L15*-1,0) -> 16.54062 | Z15: =X15+Y15 -> 52.84062 | AA15: 0 | AB15: 46 | AC15: 9 | AD15: =AD14+1 -> 6
A16: =A15+1 -> 7 | B16: 6876.67 | C16: 206350 | D16: =C16-C15 -> 0 | E16: =C16-152000 -> 54350 | F16: =D16/$D$2 -> 0 | G16: 39 | H16: 0.23 | I16: =G16+H16 -> 39.23 | J16: =IF(L16>0,L16,0) -> 0 | K16: =I16+J16 -> 39.23 | L16: =F16-(I16-X16) -> -4.73 | M16: 5.5 | N16: 0 | O16: 0 | P16: =M16-(N16+O16) -> 5.5 | Q16: 0 | R16: 0 | S16: =SUM(P16:R16) -> 5.5 | U16: 0 | V16: 29 | W16: =W15-V16 -> 1734 | X16: =N16+O16+S16+U16+V16 -> 34.5 | Y16: =IF(L16<0,L16*-1,0) -> 4.73 | Z16: =X16+Y16 -> 39.23 | AA16: 0 | AB16: 46 | AC16: 13 | AD16: =AD15+1 -> 7
A17: =A16+1 -> 8 | B17: 6876.66 | C17: 206321 | D17: =C17-C16 -> -29 | E17: =C17-152000 -> 54321 | F17: =D17/$D$2 -> -14.62062 | G17: 40 | H17: 0.22 | I17: =G17+H17 -> 40.22 | J17: =IF(L17>0,L17,0) -> 0 | K17: =I17+J17 -> 40.22 | L17: =F17-(I17-X17) -> -20.34062 | M17: 5.5 | N17: 0 | O17: 0 | P17: =M17-(N17+O17) -> 5.5 | Q17: 0 | R17: 0 | S17: =SUM(P17:R17) -> 5.5 | U17: 0 | V17: 29 | W17: =W16-V17 -> 1705 | X17: =N17+O17+S17+U17+V17 -> 34.5 | Y17: =IF(L17<0,L17*-1,0) -> 20.34062 | Z17: =X17+Y17 -> 54.84062 | AA17: 0 | AB17: 45 | AC17: 17 | AD17: =AD16+1 -> 8
A18: =A17+1 -> 9 | B18: 6876.66 | C18: 206321 | D18: =C18-C17 -> 0 | E18: =C18-152000 -> 54321 | F18: =D18/$D$2 -> 0 | G18: 40 | H18: 0.12 | I18: =G18+H18 -> 40.12 | J18: =IF(L18>0,L18,0) -> 0 | K18: =I18+J18 -> 40.12 | L18: =F18-(I18-X18) -> -4.62 | M18: 5.5 | N18: 0 | O18: 0 | P18: =M18-(N18+O18) -> 5.5 | Q18: 0 | R18: 0 | S18: =SUM(P18:R18) -> 5.5 | U18: 0 | V18: 30 | W18: =W17-V18 -> 1675 | X18: =N18+O18+S18+U18+V18 -> 35.5 | Y18: =IF(L18<0,L18*-1,0) -> 4.62 | Z18: =X18+Y18 -> 40.12 | AA18: 0 | AB18: 33 | AC18: 10 | AD18: =AD17+1 -> 9
A19: =A18+1 -> 10 | B19: 6876.65 | C19: 206293 | D19: =C19-C18 -> -28 | E19: =C19-152000 -> 54293 | F19: =D19/$D$2 -> -14.116461 | G19: 39 | H19: 0.16 | I19: =G19+H19 -> 39.16 | J19: =IF(L19>0,L19,0) -> 0 | K19: =I19+J19 -> 39.16 | L19: =F19-(I19-X19) -> -17.776461 | M19: 5.5 | N19: 0 | O19: 0 | P19: =M19-(N19+O19) -> 5.5 | Q19: 0 | R19: 0 | S19: =SUM(P19:R19) -> 5.5 | U19: 0 | V19: 30 | W19: =W18-V19 -> 1645 | X19: =N19+O19+S19+U19+V19 -> 35.5 | Y19: =IF(L19<0,L19*-1,0) -> 17.776461 | Z19: =X19+Y19 -> 53.276461 | AA19: 0 | AB19: 42 | AC19: 14 | AD19: =AD18+1 -> 10
A20: =A19+1 -> 11 | B20: 6876.65 | C20: 206293 | D20: =C20-C19 -> 0 | E20: =C20-152000 -> 54293 | F20: =D20/$D$2 -> 0 | G20: 38 | H20: 0.16 | I20: =G20+H20 -> 38.16 | J20: =IF(L20>0,L20,0) -> 0 | K20: =I20+J20 -> 38.16 | L20: =F20-(I20-X20) -> -2.76 | M20: 5.4 | N20: 0 | O20: 0 | P20: =M20-(N20+O20) -> 5.4 | Q20: 0 | R20: 0 | S20: =SUM(P20:R20) -> 5.4 | U20: 0 | V20: 30 | W20: =W19-V20 -> 1615 | X20: =N20+O20+S20+U20+V20 -> 35.4 | Y20: =IF(L20<0,L20*-1,0) -> 2.76 | Z20: =X20+Y20 -> 38.16 | AA20: 0 | AB20: 47 | AC20: 14 | AD20: =AD19+1 -> 11
A21: =A20+1 -> 12 | B21: 6876.64 | C21: 206264 | D21: =C21-C20 -> -29 | E21: =C21-152000 -> 54264 | F21: =D21/$D$2 -> -14.62062 | G21: 39 | H21: 0.11 | I21: =G21+H21 -> 39.11 | J21: =IF(L21>0,L21,0) -> 0 | K21: =I21+J21 -> 39.11 | L21: =F21-(I21-X21) -> -18.23062 | M21: 5.5 | N21: 0 | O21: 0 | P21: =M21-(N21+O21) -> 5.5 | Q21: 0 | R21: 0 | S21: =SUM(P21:R21) -> 5.5 | U21: 0 | V21: 30 | W21: =W20-V21 -> 1585 | X21: =N21+O21+S21+U21+V21 -> 35.5 | Y21: =IF(L21<0,L21*-1,0) -> 18.23062 | Z21: =X21+Y21 -> 53.73062 | AA21: 0 | AB21: 45 | AC21: 20 | AD21: =AD20+1 -> 12
A22: =A21+1 -> 13 | B22: 6876.64 | C22: 206264 | D22: =C22-C21 -> 0 | E22: =C22-152000 -> 54264 | F22: =D22/$D$2 -> 0 | G22: 40 | H22: 0.2 | I22: =G22+H22 -> 40.2 | J22: =IF(L22>0,L22,0) -> 0 | K22: =I22+J22 -> 40.2 | L22: =F22-(I22-X22) -> -4.9 | M22: 5.3 | N22: 0 | O22: 0 | P22: =M22-(N22+O22) -> 5.3 | Q22: 0 | R22: 0 | S22: =SUM(P22:R22) -> 5.3 | U22: 0 | V22: 30 | W22: =W21-V22 -> 1555 | X22: =N22+O22+S22+U22+V22 -> 35.3 | Y22: =IF(L22<0,L22*-1,0) -> 4.9 | Z22: =X22+Y22 -> 40.2 | AA22: 0 | AB22: 46 | AC22: 15 | AD22: =AD21+1 -> 13
... A36: =A35+1 -> 27 | B36: 6876.64 | C36: 206264 | D36: =C36-C35 -> 0 | E36: =C36-152000 -> 54264 | F36: =D36/$D$2 -> 0 | G36: 33 | H36: 0.62 | I36: =G36+H36 -> 33.62 | J36: =IF(L36>0,L36,0) -> 0.28 | K36: =I36+J36 -> 33.9 | L36: =F36-(I36-X36) -> 0.28 | M36: 3.9 | N36: 0 | O36: 0 | P36: =M36-(N36+O36) -> 3.9 | Q36: 0 | R36: 0 | S36: =SUM(P36:R36) -> 3.9 | U36: 0 | V36: 30 | W36: =W35-V36 -> 1135 | X36: =N36+O36+S36+U36+V36 -> 33.9 | Y36: =IF(L36<0,L36*-1,0) -> 0 | Z36: =X36+Y36 -> 33.9 | AA36: 0 | AB36: 43 | AC36: 12 | AD36: =AD35+1 -> 27
A37: 28 | B37: 6876.64 | C37: 206264 | D37: =C37-C36 -> 0 | E37: =C37-152000 -> 54264 | F37: =D37/$D$2 -> 0 | G37: 35 | H37: 0.64 | I37: =G37+H37 -> 35.64 | J37: =IF(L37>0,L37,0) -> 0 | K37: =I37+J37 -> 35.64 | L37: =F37-(I37-X37) -> -1.94 | M37: 3.7 | N37: 0 | O37: 0 | P37: =M37-(N37+O37) -> 3.7 | Q37: 0 | R37: 0 | S37: =SUM(P37:R37) -> 3.7 | U37: 0 | V37: 30 | W37: =W36-V37 -> 1105 | X37: =N37+O37+S37+U37+V37 -> 33.7 | Y37: =IF(L37<0,L37*-1,0) -> 1.94 | Z37: =X37+Y37 -> 35.64 | AA37: 0 | AB37: 19 | AC37: 17 | AD37: 28
A39: MONTH / CFS | F39: =SUM(F10:F37) -> -72.598941 | G39: =SUM(G10:G37) -> 1097 | H39: =SUM(H10:H37) -> 8.88 | I39: =SUM(I10:I37) -> 1105.88 | J39: =SUM(J10:J37) -> 25.657701 | K39: =SUM(K10:K37) -> 1131.5377 | L39: =SUM(L10:L37) -> -202.17894 | M39: =SUM(M10:M37) -> 142.3 | ... S39: =SUM(S10:S37) -> 142.3 | U39: =SUM(U10:U37) -> 0 | V39: =SUM(V10:V37) -> 834 | X39: =SUM(X10:X37) -> 976.3 | Y39: =SUM(Y10:Y37) -> 227.83664 | Z39: =SUM(Z10:Z37) -> 1204.1366 | AA39: =SUM(AA10:AA37) -> 0.12 | AB39: =AVERAGE(AB10:AB37) -> 42.5 | AC39: =AVERAGE(AC10:AC37) -> 16.392857 | AD39: AVE
A40: MONTH / AF | D40: =SUM(D10:D37) -> -144 | F40: =F39*$D$2 -> -144 | G40: =G39*$D$2 -> 2175.8995 | H40: =H39*$D$2 -> 17.61348 | I40: =I39*$D$2 -> 2193.513 | J40: =J39*$D$2 -> 50.89205 | K40: =K39*$D$2 -> 2244.405 | L40: =L39*$D$2 -> -401.02193 | M40: =M39*$D$2 -> 282.25205 | ... S40: =S39*$D$2 -> 282.25205 | U40: =U39*$D$2 -> 0 | V40: =V39*$D$2 -> 1654.239 | X40: =X39*$D$2 -> 1936.4911 | Y40: =Y39*$D$2 -> 451.91398 | Z40: =Z39*$D$2 -> 2388.405 | AB40: =MAX(AB10:AB37) -> 55 | AC40: =MAX(AC10:AC37) -> 28 | AD40: HI
A42: SEASON / CFS | AB42: =MIN(AB10:AB37) -> 19 | AC42: =MIN(AC10:AC37) -> 6 | AD42: LO
A43: SEASON / AF
A45: YTD / CFS | F45: =F8+F39 -> 160.32266 | G45: =G8+G39 -> 5121 | H45: =H8+H39 -> 13.98 | I45: =I8+I39 -> 5087.45 | J45: =J8+J39 -> 724.24393 | K45: =K8+K39 -> 5811.6939 | L45: =L8+L39 -> -321.64734 | M45: =M8+M39 -> 780.98 | ... S45: =S8+S39 -> 847.914 | U45: =U8+U39 -> 0 | V45: =V8+V39 -> 3697 | W45: =W37 -> 1105 | X45: =X8+X39 -> 4605.48 | Y45: =Y8+Y39 -> 1045.8913 | Z45: =Z8+Z39 -> 5651.3713 | AA45: =AA8+AA39 -> 2.89
A46: YTD / AF | D46: =D8+D40 -> 318 | E46: =E37 -> 54264 | F46: =F45*$D$2 -> 318 | G46: =G45*$D$2 -> 10157.504 | H46: =H45*$D$2 -> 27.72933 | I46: =I45*$D$2 -> 10090.957 | J46: =J45*$D$2 -> 1436.5378 | K46: =K45*$D$2 -> 11527.495 | L46: =L45*$D$2 -> -637.98749 | M46: =M45*$D$2 -> 1549.0738 | ... Z46: =Z45*$D$2 -> 11209.495

Sheet MAR
K1: MC PHEE RESERVOIR IN/OUT FLOW TABULATION
A2: AF/cfs CONVERT FACTOR | D2: 1.9835 | K2: MARCH "2002"
A4: DATE | B4: RESERV | C4: RESERV | D4: AC FT | E4: ACTIVE | F4: CONV TO | G4: DOLORES | H4: LOST | I4: RECORDED | J4: CALC | K4: TOTAL | L4: CALC | M4: DOLORES TUNNEL | Q4: LONE | R4: U | S4: TOTAL | T4: MVI | U4: DV CR | V4: BELOW | W4: REMAIN | X4: RECORDED | Y4: CALC | Z4: TOTAL | AA4: RAIN | AB4: MAX | AC4: MIN | AD4: DATE
A5: MAR | B5: ELEV | C5: AC FT | D5: CHANGE | E5: CAP | F5: CFS | G5: RIVER | H5: CANYON | I5: INFLOW | J5: INFLOW | K5: INFLOW | L5: INF/OTF | M5: TOT DIV | N5: WETLAND | O5: UTE F&R | P5: MVI,CTZ | Q5: PINE | R5: LAT | S5: MVI | T5: CALL | U5: CANAL | V5: MC PHEE | W5: RELEASE | X5: OUTFLOW | Y5: OUTFLOW | Z5: OUTFLOW | AB5: TMP | AC5: TMP | AD5: MAR
A7: SEASON BAL
A8: YTD | B8: =FEB!B37 -> 6876.64 | C8: =FEB!C37 -> 206264 | D8: =FEB!$D$46 -> 318 | E8: =FEB!$E$37 -> 54264 | F8: =FEB!F45 -> 160.32266 | G8: =FEB!G45 -> 5121 | H8: =FEB!H45 -> 13.98 | I8: =FEB!I45 -> 5087.45 | J8: =FEB!J45 -> 724.24393 | K8: =FEB!K45 -> 5811.6939 | L8: =FEB!L45 -> -321.64734 | M8: =FEB!M45 -> 780.98 | ... AA8: =FEB!AA45 -> 2.89
A10: 1 | B10: 6876.64 | C10: 206264 | D10: =C10-C8 -> 0 | E10: =C10-152000 -> 54264 | F10: =D10/$D$2 -> 0 | G10: 37 | H10: 0.66 | I10: =G10+H10 -> 37.66 | J10: =IF(L10>0,L10,0) -> 0 | K10: =I10+J10 -> 37.66 | L10: =F10-(I10-X10) -> -3.96 | M10: 3.7 | N10: 0 | O10: 0 | P10: =M10-(N10+O10) -> 3.7 | Q10: 0 | R10: 0 | S10: =SUM(P10:R10) -> 3.7 | U10: 0 | V10: 30 | W10: =W8-V10 -> 1075 | X10: =N10+O10+S10+U10+V10 -> 33.7 | Y10: =IF(L10<0,L10*-1,0) -> 3.96 | Z10: =X10+Y10 -> 37.66 | AA10: 0.01 | AB10: 34 | AC10: 11 | AD10: 1
A11: =A10+1 -> 2 | B11: 6876.63 | C11: 206235 | D11: =C11-C10 -> -29 | E11: =C11-152000 -> 54235 | F11: =D11/$D$2 -> -14.62062 | G11: 30 | H11: 0.49 | I11: =G11+H11 -> 30.49 | J11: =IF(L11>0,L11,0) -> 0 | K11: =I11+J11 -> 30.49 | L11: =F11-(I11-X11) -> -11.41062 | M11: 3.7 | N11: 0 | O11: 0 | P11: =M11-(N11+O11) -> 3.7 | Q11: 0 | R11: 0 | S11: =SUM(P11:R11) -> 3.7 | U11: 0 | V11: 30 | W11: =W10-V11 -> 1045 | X11: =N11+O11+S11+U11+V11 -> 33.7 | Y11: =IF(L11<0,L11*-1,0) -> 11.41062 | Z11: =X11+Y11 -> 45.11062 | AA11: 0 | AB11: 23 | AC11: 3 | AD11: =AD10+1 -> 2
A12: =A11+1 -> 3 | B12: 6876.63 | C12: 206235 | D12: =C12-C11 -> 0 | E12: =C12-152000 -> 54235 | F12: =D12/$D$2 -> 0 | G12: 29 | H12: 0.43 | I12: =G12+H12 -> 29.43 | J12: =IF(L12>0,L12,0) -> 4.27 | K12: =I12+J12 -> 33.7 | L12: =F12-(I12-X12) -> 4.27 | M12: 3.7 | N12: 0 | O12: 0 | P12: =M12-(N12+O12) -> 3.7 | Q12: 0 | R12: 0 | S12: =SUM(P12:R12) -> 3.7 | U12: 0 | V12: 30 | W12: =W11-V12 -> 1015 | X12: =N12+O12+S12+U12+V12 -> 33.7 | Y12: =IF(L12<0,L12*-1,0) -> 0 | Z12: =X12+Y12 -> 33.7 | AA12: 0 | AB12: 30 | AC12: 2 | AD12: =AD11+1 -> 3
A13: =A12+1 -> 4 | B13: 6876.62 | C13: 206206 | D13: =C13-C12 -> -29 | E13: =C13-152000 -> 54206 | F13: =D13/$D$2 -> -14.62062 | G13: 30 | H13: 0.3 | I13: =G13+H13 -> 30.3 | J13: =IF(L13>0,L13,0) -> 0 | K13: =I13+J13 -> 30.3 | L13: =F13-(I13-X13) -> -11.22062 | M13: 3.7 | N13: 0 | O13: 0 | P13: =M13-(N13+O13) -> 3.7 | Q13: 0 | R13: 0 | S13: =SUM(P13:R13) -> 3.7 | U13: 0 | V13: 30 | W13: =W12-V13 -> 985 | X13: =N13+O13+S13+U13+V13 -> 33.7 | Y13: =IF(L13<0,L13*-1,0) -> 11.22062 | Z13: =X13+Y13 -> 44.92062 | AA13: 0 | AB13: 44 | AC13: 0 | AD13: =AD12+1 -> 4
A14: =A13+1 -> 5 | B14: 6876.62 | C14: 206206 | D14: =C14-C13 -> 0 | E14: =C14-152000 -> 54206 | F14: =D14/$D$2 -> 0 | G14: 31 | H14: 0.22 | I14: =G14+H14 -> 31.22 | J14: =IF(L14>0,L14,0) -> 6.48 | K14: =I14+J14 -> 37.7 | L14: =F14-(I14-X14) -> 6.48 | M14: 7.7 | N14: 0 | O14: 0 | P14: =M14-(N14+O14) -> 7.7 | Q14: 0 | R14: 0 | S14: =SUM(P14:R14) -> 7.7 | U14: 0 | V14: 30 | W14: =W13-V14 -> 955 | X14: =N14+O14+S14+U14+V14 -> 37.7 | Y14: =IF(L14<0,L14*-1,0) -> 0 | Z14: =X14+Y14 -> 37.7 | AA14: 0 | AB14: 50 | AC14: 17 | AD14: =AD13+1 -> 5
A15: =A14+1 -> 6 | B15: 6876.61 | C15: 206177 | D15: =C15-C14 -> -29 | E15: =C15-152000 -> 54177 | F15: =D15/$D$2 -> -14.62062 | G15: 34 | H15: 0.29 | I15: =G15+H15 -> 34.29 | J15: =IF(L15>0,L15,0) -> 0 | K15: =I15+J15 -> 34.29 | L15: =F15-(I15-X15) -> -11.71062 | M15: 7.2 | N15: 0 | O15: 0 | P15: =M15-(N15+O15) -> 7.2 | Q15: 0 | R15: 0 | S15: =SUM(P15:R15) -> 7.2 | U15: 0 | V15: 30 | W15: =W14-V15 -> 925 | X15: =N15+O15+S15+U15+V15 -> 37.2 | Y15: =IF(L15<0,L15*-1,0) -> 11.71062 | Z15: =X15+Y15 -> 48.91062 | AA15: 0 | AB15: 55 | AC15: 21 | AD15: =AD14+1 -> 6
A16: =A15+1 -> 7 | B16: 6876.61 | C16: 206177 | D16: =C16-C15 -> 0 | E16: =C16-152000 -> 54177 | F16: =D16/$D$2 -> 0 | G16: 38 | H16: 0.45 | I16: =G16+H16 -> 38.45 | J16: =IF(L16>0,L16,0) -> 0 | K16: =I16+J16 -> 38.45 | L16: =F16-(I16-X16) -> -4.05 | M16: 4.4 | N16: 0 | O16: 0 | P16: =M16-(N16+O16) -> 4.4 | Q16: 0 | R16: 0 | S16: =SUM(P16:R16) -> 4.4 | U16: 0 | V16: 30 | W16: =W15-V16 -> 895 | X16: =N16+O16+S16+U16+V16 -> 34.4 | Y16: =IF(L16<0,L16*-1,0) -> 4.05 | Z16: =X16+Y16 -> 38.45 | AA16: 0 | AB16: 53 | AC16: 38 | AD16: =AD15+1 -> 7
A17: =A16+1 -> 8 | B17: 6876.62 | C17: 206206 | D17: =C17-C16 -> 29 | E17: =C17-152000 -> 54206 | F17: =D17/$D$2 -> 14.62062 | G17: 33 | H17: 0.57 | I17: =G17+H17 -> 33.57 | J17: =IF(L17>0,L17,0) -> 15.45062 | K17: =I17+J17 -> 49.02062 | L17: =F17-(I17-X17) -> 15.45062 | M17: 4.4 | N17: 0 | O17: 0 | P17: =M17-(N17+O17) -> 4.4 | Q17: 0 | R17: 0 | S17: =SUM(P17:R17) -> 4.4 | U17: 0 | V17: 30 | W17: =W16-V17 -> 865 | X17: =N17+O17+S17+U17+V17 -> 34.4 | Y17: =IF(L17<0,L17*-1,0) -> 0 | Z17: =X17+Y17 -> 34.4 | AA17: 0.07 | AB17: 42 | AC17: 11 | AD17: =AD16+1 -> 8
A18: =A17+1 -> 9 | B18: 6876.62 | C18: 206206 | D18: =C18-C17 -> 0 | E18: =C18-152000 -> 54206 | F18: =D18/$D$2 -> 0 | G18: 28 | H18: 0.62 | I18: =G18+H18 -> 28.62 | J18: =IF(L18>0,L18,0) -> 5.78 | K18: =I18+J18 -> 34.4 | L18: =F18-(I18-X18) -> 5.78 | M18: 4.4 | N18: 0 | O18: 0 | P18: =M18-(N18+O18) -> 4.4 | Q18: 0 | R18: 0 | S18: =SUM(P18:R18) -> 4.4 | U18: 0 | V18: 30 | W18: =W17-V18 -> 835 | X18: =N18+O18+S18+U18+V18 -> 34.4 | Y18: =IF(L18<0,L18*-1,0) -> 0 | Z18: =X18+Y18 -> 34.4 | AA18: 0 | AB18: 46 | AC18: 10 | AD18: =AD17+1 -> 9
A19: =A18+1 -> 10 | B19: 6876.63 | C19: 206235 | D19: =C19-C18 -> 29 | E19: =C19-152000 -> 54235 | F19: =D19/$D$2 -> 14.62062 | G19: 34 | H19: 0.68 | I19: =G19+H19 -> 34.68 | J19: =IF(L19>0,L19,0) -> 14.34062 | K19: =I19+J19 -> 49.02062 | L19: =F19-(I19-X19) -> 14.34062 | M19: 4.4 | N19: 0 | O19: 0 | P19: =M19-(N19+O19) -> 4.4 | Q19: 0 | R19: 0 | S19: =SUM(P19:R19) -> 4.4 | U19: 0 | V19: 30 | W19: =W18-V19 -> 805 | X19: =N19+O19+S19+U19+V19 -> 34.4 | Y19: =IF(L19<0,L19*-1,0) -> 0 | Z19: =X19+Y19 -> 34.4 | AA19: 0 | AB19: 55 | AC19: 25 | AD19: =AD18+1 -> 10
A20: =A19+1 -> 11 | B20: 6876.64 | C20: 206264 | D20: =C20-C19 -> 29 | E20: =C20-152000 -> 54264 | F20: =D20/$D$2 -> 14.62062 | G20: 37 | H20: 0.72 | I20: =G20+H20 -> 37.72 | J20: =IF(L20>0,L20,0) -> 11.30062 | K20: =I20+J20 -> 49.02062 | L20: =F20-(I20-X20) -> 11.30062 | M20: 4.4 | N20: 0 | O20: 0 | P20: =M20-(N20+O20) -> 4.4 | Q20: 0 | R20: 0 | S20: =SUM(P20:R20) -> 4.4 | U20: 0 | V20: 30 | W20: =W19-V20 -> 775 | X20: =N20+O20+S20+U20+V20 -> 34.4 | Y20: =IF(L20<0,L20*-1,0) -> 0 | Z20: =X20+Y20 -> 34.4 | AA20: 0 | AB20: 51 | AC20: 28 | AD20: =AD19+1 -> 11
A21: =A20+1 -> 12 | B21: 6876.66 | C21: 206321 | D21: =C21-C20 -> 57 | E21: =C21-152000 -> 54321 | F21: =D21/$D$2 -> 28.737081 | G21: 43 | H21: 0.72 | I21: =G21+H21 -> 43.72 | J21: =IF(L21>0,L21,0) -> 19.417081 | K21: =I21+J21 -> 63.137081 | L21: =F21-(I21-X21) -> 19.417081 | M21: 4.4 | N21: 0 | O21: 0 | P21: =M21-(N21+O21) -> 4.4 | Q21: 0 | R21: 0 | S21: =SUM(P21:R21) -> 4.4 | U21: 0 | V21: 30 | W21: =W20-V21 -> 745 | X21: =N21+O21+S21+U21+V21 -> 34.4 | Y21: =IF(L21<0,L21*-1,0) -> 0 | Z21: =X21+Y21 -> 34.4 | AA21: 0 | AB21: 56 | AC21: 25 | AD21: =AD20+1 -> 12
A22: =A21+1 -> 13 | B22: 6876.68 | C22: 206379 | D22: =C22-C21 -> 58 | E22: =C22-152000 -> 54379 | F22: =D22/$D$2 -> 29.24124 | G22: 50 | H22: 0.77 | I22: =G22+H22 -> 50.77 | J22: =IF(L22>0,L22,0) -> 13.87124 | K22: =I22+J22 -> 64.64124 | L22: =F22-(I22-X22) -> 13.87124 | M22: 4.4 | N22: 0 | O22: 0 | P22: =M22-(N22+O22) -> 4.4 | Q22: 0 | R22: 0 | S22: =SUM(P22:R22) -> 4.4 | U22: 0 | V22: 31 | W22: =W21-V22 -> 714 | X22: =N22+O22+S22+U22+V22 -> 35.4 | Y22: =IF(L22<0,L22*-1,0) -> 0 | Z22: =X22+Y22 -> 35.4 | AA22: 0 | AB22: 64 | AC22: 28 | AD22: =AD21+1 -> 13
... A36: =A35+1 -> 27 | B36: 6876.94 | C36: 207130 | D36: =C36-C35 -> 86 | E36: =C36-152000 -> 55130 | F36: =D36/$D$2 -> 43.357701 | G36: 48 | H36: 0.83 | I36: =G36+H36 -> 48.83 | J36: =IF(L36>0,L36,0) -> 52.527701 | K36: =I36+J36 -> 101.3577 | L36: =F36-(I36-X36) -> 52.527701 | M36: 25 | N36: 0 | O36: 7.5 | P36: =M36-(N36+O36) -> 17.5 | Q36: 0 | R36: 0 | S36: =SUM(P36:R36) -> 17.5 | U36: 0 | V36: 33 | W36: =W35-V36 -> 266 | X36: =N36+O36+S36+U36+V36 -> 58 | Y36: =IF(L36<0,L36*-1,0) -> 0 | Z36: =X36+Y36 -> 58 | AA36: 0 | AB36: 60 | AC36: 29 | AD36: =AD35+1 -> 27
A37: =A36+1 -> 28 | B37: 6876.91 | C37: 207044 | D37: =C37-C36 -> -86 | E37: =C37-152000 -> 55044 | F37: =D37/$D$2 -> -43.357701 | G37: 58 | H37: 0.6 | I37: =G37+H37 -> 58.6 | J37: =IF(L37>0,L37,0) -> 0 | K37: =I37+J37 -> 58.6 | L37: =F37-(I37-X37) -> -7.957701 | M37: 62 | N37: 0 | O37: =29.17*1.05 -> 30.6285 | P37: =M37-(N37+O37) -> 31.3715 | Q37: 0 | R37: 0 | S37: =SUM(P37:R37) -> 31.3715 | U37: 0 | V37: 32 | W37: =W36-V37 -> 234 | X37: =N37+O37+S37+U37+V37 -> 94 | Y37: =IF(L37<0,L37*-1,0) -> 7.957701 | Z37: =X37+Y37 -> 101.9577 | AA37: 0 | AB37: 63 | AC37: 28 | AD37: =AD36+1 -> 28
A38: =A37+1 -> 29 | B38: 6876.98 | C38: 207246 | D38: =C38-C37 -> 202 | E38: =C38-152000 -> 55246 | F38: =D38/$D$2 -> 101.84018 | G38: 75 | H38: 0.52 | I38: =G38+H38 -> 75.52 | J38: =IF(L38>0,L38,0) -> 91.320181 | K38: =I38+J38 -> 166.84018 | L38: =F38-(I38-X38) -> 91.320181 | M38: 34 | N38: 0 | O38: =2.61*1.05 -> 2.7405 | P38: =M38-(N38+O38) -> 31.2595 | Q38: 0 | R38: 0 | S38: =SUM(P38:R38) -> 31.2595 | U38: 0 | V38: 31 | W38: =W37-V38 -> 203 | X38: =N38+O38+S38+U38+V38 -> 65 | Y38: =IF(L38<0,L38*-1,0) -> 0 | Z38: =X38+Y38 -> 65 | AA38: 0 | AB38: 65 | AC38: 30 | AD38: =AD37+1 -> 29
A39: 30 | B39: 6877.04 | C39: 207420 | D39: =C39-C38 -> 174 | E39: =C39-152000 -> 55420 | F39: =D39/$D$2 -> 87.723721 | G39: 92 | H39: 0.48 | I39: =G39+H39 -> 92.48 | J39: =IF(L39>0,L39,0) -> 61.243721 | K39: =I39+J39 -> 153.72372 | L39: =F39-(I39-X39) -> 61.243721 | M39: 35 | N39: 0 | O39: =12*1.05 -> 12.6 | P39: =M39-(N39+O39) -> 22.4 | Q39: 0 | R39: 0 | S39: =SUM(P39:R39) -> 22.4 | U39: 0 | V39: 31 | W39: =W38-V39 -> 172 | X39: =N39+O39+S39+U39+V39 -> 66 | Y39: =IF(L39<0,L39*-1,0) -> 0 | Z39: =X39+Y39 -> 66 | AA39: 0 | AB39: 63 | AC39: 32 | AD39: 30
A40: 31 | B40: 6877.09 | C40: 207566 | D40: =C40-C39 -> 146 | E40: =C40-152000 -> 55566 | F40: =D40/$D$2 -> 73.60726 | G40: 120 | H40: 0.42 | I40: =G40+H40 -> 120.42 | J40: =IF(L40>0,L40,0) -> 0 | K40: =I40+J40 -> 120.42 | L40: =F40-(I40-X40) -> -3.8127401 | M40: 12 | N40: 0 | O40: 0 | P40: =M40-(N40+O40) -> 12 | Q40: 0 | R40: 0 | S40: =SUM(P40:R40) -> 12 | U40: 0 | V40: 31 | W40: =W39-V40 -> 141 | X40: =N40+O40+S40+U40+V40 -> 43 | Y40: =IF(L40<0,L40*-1,0) -> 3.8127401 | Z40: =X40+Y40 -> 46.81274 | AA40: 0 | AB40: 68 | AC40: 32 | AD40: 31
A42: MONTH / CFS | F42: =SUM(F10:F40) -> 656.41543 | G42: =SUM(G10:G40) -> 1421 | H42: =SUM(H10:H40) -> 21.55 | I42: =SUM(I10:I40) -> 1442.55 | J42: =SUM(J10:J40) -> 682.30667 | K42: =SUM(K10:K40) -> 2124.8567 | L42: =SUM(L10:L40) -> 592.46543 | M42: =SUM(M10:M40) -> 414.6 | ... S42: =SUM(S10:S40) -> 360.951 | U42: =SUM(U10:U40) -> 0 | V42: =SUM(V10:V40) -> 964 | X42: =SUM(X10:X40) -> 1378.6 | Y42: =SUM(Y10:Y40) -> 89.841243 | Z42: =SUM(Z10:Z40) -> 1468.4412 | AA42: =SUM(AA10:AA40) -> 0.43 | AB42: =AVERAGE(AB10:AB40) -> 49.903226 | AC42: =AVERAGE(AC10:AC40) -> 21.967742 | AD42: AVE
A43: MONTH / AF | D43: =SUM(D10:D40) -> 1302 | F43: =F42*$D$2 -> 1302 | G43: =G42*$D$2 -> 2818.5535 | H43: =H42*$D$2 -> 42.744425 | I43: =I42*$D$2 -> 2861.2979 | J43: =J42*$D$2 -> 1353.3553 | K43: =K42*$D$2 -> 4214.6532 | L43: =L42*$D$2 -> 1175.1552 | M43: =M42*$D$2 -> 822.3591 | ... S43: =S42*$D$2 -> 715.94631 | U43: =U42*$D$2 -> 0 | V43: =V42*$D$2 -> 1912.094 | X43: =X42*$D$2 -> 2734.4531 | Y43: =Y42*$D$2 -> 178.20011 | Z43: =Z42*$D$2 -> 2912.6532 | AB43: =MAX(AB10:AB40) -> 68 | AC43: =MAX(AC10:AC40) -> 38 | AD43: HI
A45: SEASON / CFS | AB45: =MIN(AB10:AB40) -> 23 | AC45: =MIN(AC10:AC40) -> 0 | AD45: LO
A46: SEASON / AF
A48: YTD / CFS | F48: =F8+F42 -> 816.73809 | G48: =G8+G42 -> 6542 | H48: =H8+H42 -> 35.53 | I48: =I8+I42 -> 6530 | J48: =J8+J42 -> 1406.5506 | K48: =K8+K42 -> 7936.5506 | L48: =L8+L42 -> 270.81809 | M48: =M8+M42 -> 1195.58 | ... S48: =S8+S42 -> 1208.865 | U48: =U8+U42 -> 0 | V48: =V8+V42 -> 4661 | W48: =W40 -> 141 | X48: =X8+X42 -> 5984.08 | Y48: =Y8+Y42 -> 1135.7325 | Z48: =Z8+Z42 -> 7119.8125 | AA48: =AA8+AA42 -> 3.32
A49: YTD / AF | D49: =D8+D43 -> 1620 | E49: =E40 -> 55566 | F49: =F48*$D$2 -> 1620 | G49: =G48*$D$2 -> 12976.057 | H49: =H48*$D$2 -> 70.473755 | I49: =I48*$D$2 -> 12952.255 | J49: =J48*$D$2 -> 2789.8931 | K49: =K48*$D$2 -> 15742.148 | L49: =L48*$D$2 -> 537.16768 | M49: =M48*$D$2 -> 2371.4329 | ... Z49: =Z48*$D$2 -> 14122.148

Sheet APR
K1: MC PHEE RESERVOIR IN/OUT FLOW TABULATION
A2: AF/cfs CONVERT FACTOR | D2: 1.9835 | K2: APRIL "2002"
Y3: 5
A4: DATE | B4: RESERV | C4: RESERV | D4: AC FT | E4: ACTIVE | F4: CONV TO | G4: DOLORES | H4: LOST | I4: RECORDED | J4: CALC | K4: TOTAL | L4: CALC | M4: DOLORES TUNNEL | Q4: LONE | R4: U | S4: TOTAL | T4: MVI | U4: DV CR | V4: BELOW | W4: REMAIN | X4: RECORDED | Y4: CALC | Z4: TOTAL | AA4: RAIN | AB4: MAX | AC4: MIN | AD4: DATE | AE4: MVI CALL
A5: "APR" | B5: ELEV | C5: AC FT | D5: CHANGE | E5: CAP | F5: CFS | G5: RIVER | H5: CANYON | I5: INFLOW | J5: INFLOW | K5: INFLOW | L5: INF/OTF | M5: TOT DIV | N5: WETLAND | O5: UTE F&R | P5: MVI/CTZ/MWC | Q5: PINE | R5: LAT | S5: MVI | T5: CALL | U5: CANAL | V5: MC PHEE | W5: RELEASE | X5: OUTFLOW | Y5: OUTFLOW | Z5: OUTFLOW | AB5: TMP | AC5: TMP | AD5: "APR" | AE5: Apr - Jun
W6: 11968
A7: SEASON BAL
A8: YTD | B8: =MAR!B40 -> 6877.09 | C8: =MAR!C40 -> 207566 | D8: =MAR!D49 -> 1620 | E8: =MAR!E49 -> 55566 | F8: =MAR!F48 -> 816.73809 | G8: =MAR!G48 -> 6542 | H8: =MAR!H48 -> 35.53 | I8: =MAR!I48 -> 6530 | J8: =MAR!J48 -> 1406.5506 | K8: =MAR!K48 -> 7936.5506 | L8: =MAR!L48 -> 270.81809 | M8: =MAR!M48 -> 1195.58 | ... V8: =MAR!V48 -> 4661 | W8: =W6/D2 -> 6033.7787 | X8: =MAR!X48 -> 5984.08 | Y8: =MAR!Y48 -> 1135.7325 | Z8: =MAR!Z48 -> 7119.8125 | AA8: =MAR!AA48 -> 3.32
A10: 1 | B10: 6877.17 | C10: 207800 | D10: =C10-C8 -> 234 | E10: =C10-152000 -> 55800 | F10: =D10/$D$2 -> 117.97328 | G10: 157 | H10: 0.36 | I10: =G10+H10 -> 157.36 | J10: =IF(L10>0,L10,0) -> 6.6132796 | K10: =I10+J10 -> 163.97328 | L10: =F10-(I10-X10) -> 6.6132796 | M10: 12 | N10: 0 | O10: =1.68*1.05 -> 1.764 | P10: =M10-(N10+O10) -> 10.236 | Q10: 0 | R10: 0 | S10: =SUM(P10:R10) -> 10.236 | T10: =T8+AE10 -> 147.124 | U10: 0 | V10: 34 | W10: =W8-V10 -> 5999.7787 | X10: =N10+O10+S10+U10+V10 -> 46 | Y10: =IF(L10<0,L10*-1,0) -> 0 | Z10: =X10+Y10 -> 46 | AA10: 0 | AB10: 70 | AC10: 33 | AD10: 1 | AE10: =IF(I10>S10,I10-S10,I10-S10) -> 147.124
A11: =A10+1 -> 2 | B11: 6877.27 | C11: 208092 | D11: =C11-C10 -> 292 | E11: =C11-152000 -> 56092 | F11: =D11/$D$2 -> 147.21452 | G11: 212 | H11: 0.32 | I11: =G11+H11 -> 212.32 | J11: =IF(L11>0,L11,0) -> 3.8945198 | K11: =I11+J11 -> 216.21452 | L11: =F11-(I11-X11) -> 3.8945198 | M11: 35 | N11: 0 | O11: =13.73*1.05 -> 14.4165 | P11: =M11-(N11+O11) -> 20.5835 | Q11: 0 | R11: 0 | S11: =SUM(P11:R11) -> 20.5835 | T11: =T10+AE11 -> 338.8605 | U11: 0 | V11: 34 | W11: =W10-V11 -> 5965.7787 | X11: =N11+O11+S11+U11+V11 -> 69 | Y11: =IF(L11<0,L11*-1,0) -> 0 | Z11: =X11+Y11 -> 69 | AA11: 0 | AB11: 70 | AC11: 32 | AD11: =AD10+1 -> 2 | AE11: =IF(I11>S11,I11-S11,I11-S11) -> 191.7365
A12: =A11+1 -> 3 | B12: 6877.39 | C12: 208443 | D12: =C12-C11 -> 351 | E12: =C12-152000 -> 56443 | F12: =D12/$D$2 -> 176.95992 | G12: 283 | H12: 0.29 | I12: =G12+H12 -> 283.29 | J12: =IF(L12>0,L12,0) -> 0 | K12: =I12+J12 -> 283.29 | L12: =F12-(I12-X12) -> -10.330081 | M12: 66 | N12: 0 | O12: =28.24*1.05 -> 29.652 | P12: =M12-(N12+O12) -> 36.348 | Q12: 0 | R12: 0 | S12: =SUM(P12:R12) -> 36.348 | T12: =T11+AE12 -> 585.8025 | U12: 0 | V12: 30 | W12: =W11-V12 -> 5935.7787 | X12: =N12+O12+S12+U12+V12 -> 96 | Y12: =IF(L12<0,L12*-1,0) -> 10.330081 | Z12: =X12+Y12 -> 106.33008 | AA12: 0 | AB12: 69 | AC12: 35 | AD12: =AD11+1 -> 3 | AE12: =IF(I12>S12,I12-S12,I12-S12) -> 246.942
A13: =A12+1 -> 4 | B13: 6877.53 | C13: 208852 | D13: =C13-C12 -> 409 | E13: =C13-152000 -> 56852 | F13: =D13/$D$2 -> 206.20116 | G13: 323 | H13: 0.26 | I13: =G13+H13 -> 323.26 | J13: =IF(L13>0,L13,0) -> 36.94116 | K13: =I13+J13 -> 360.20116 | L13: =F13-(I13-X13) -> 36.94116 | M13: 124 | N13: 0.5 | O13: =66.17*1.05 -> 69.4785 | P13: =M13-(N13+O13) -> 54.0215 | Q13: 0 | R13: 0 | S13: =SUM(P13:R13) -> 54.0215 | T13: =T12+AE13 -> 855.041 | U13: 0 | V13: 30 | W13: =W12-V13 -> 5905.7787 | X13: =N13+O13+S13+U13+V13 -> 154 | Y13: =IF(L13<0,L13*-1,0) -> 0 | Z13: =X13+Y13 -> 154 | AA13: 0 | AB13: 70 | AC13: 35 | AD13: =AD12+1 -> 4 | AE13: =IF(I13>S13,I13-S13,I13-S13) -> 269.2385
A14: =A13+1 -> 5 | B14: 6877.65 | C14: 209202 | D14: =C14-C13 -> 350 | E14: =C14-152000 -> 57202 | F14: =D14/$D$2 -> 176.45576 | G14: 345 | H14: 0.23 | I14: =G14+H14 -> 345.23 | J14: =IF(L14>0,L14,0) -> 0.22576002 | K14: =I14+J14 -> 345.45576 | L14: =F14-(I14-X14) -> 0.22576002 | M14: 139 | N14: 0 | O14: =80.42*1.05 -> 84.441 | P14: =M14-(N14+O14) -> 54.559 | Q14: 0 | R14: 0 | S14: =SUM(P14:R14) -> 54.559 | T14: =T13+AE14 -> 1145.712 | U14: 0 | V14: 30 | W14: =W13-V14 -> 5875.7787 | X14: =N14+O14+S14+U14+V14 -> 169 | Y14: =IF(L14<0,L14*-1,0) -> 0 | Z14: =X14+Y14 -> 169 | AA14: 0 | AB14: 69 | AC14: 37 | AD14: =AD13+1 -> 5 | AE14: =IF(I14>S14,I14-S14,I14-S14) -> 290.671
A15: =A14+1 -> 6 | B15: 6877.8 | C15: 209641 | D15: =C15-C14 -> 439 | E15: =C15-152000 -> 57641 | F15: =D15/$D$2 -> 221.32594 | G15: 365 | H15: 0.93 | I15: =G15+H15 -> 365.93 | J15: =IF(L15>0,L15,0) -> 29.395939 | K15: =I15+J15 -> 395.32594 | L15: =F15-(I15-X15) -> 29.395939 | M15: 144 | N15: 0 | O15: =79.89*1.05 -> 83.8845 | P15: =M15-(N15+O15) -> 60.1155 | Q15: 0 | R15: 0 | S15: =SUM(P15:R15) -> 60.1155 | T15: =T14+AE15 -> 1451.5265 | U15: 0 | V15: 30 | W15: =W14-V15 -> 5845.7787 | X15: =N15+O15+S15+U15+V15 -> 174 | Y15: =IF(L15<0,L15*-1,0) -> 0 | Z15: =X15+Y15 -> 174 | AA15: 0 | AB15: 64 | AC15: 36 | AD15: =AD14+1 -> 6 | AE15: =IF(I15>S15,I15-S15,I15-S15) -> 305.8145
A16: =A15+1 -> 7 | B16: 6877.93 | C16: 210020 | D16: =C16-C15 -> 379 | E16: =C16-152000 -> 58020 | F16: =D16/$D$2 -> 191.07638 | G16: 361 | H16: 1.1 | I16: =G16+H16 -> 362.1 | J16: =IF(L16>0,L16,0) -> 12.97638 | K16: =I16+J16 -> 375.07638 | L16: =F16-(I16-X16) -> 12.97638 | M16: 154 | N16: 0 | O16: =89.74*1.05 -> 94.227 | P16: =M16-(N16+O16) -> 59.773 | Q16: 0 | R16: 0 | S16: =SUM(P16:R16) -> 59.773 | T16: =T15+AE16 -> 1753.8535 | U16: 0 | V16: 30 | W16: =W15-V16 -> 5815.7787 | X16: =N16+O16+S16+U16+V16 -> 184 | Y16: =IF(L16<0,L16*-1,0) -> 0 | Z16: =X16+Y16 -> 184 | AA16: 0.02 | AB16: 63 | AC16: 38 | AD16: =AD15+1 -> 7 | AE16: =IF(I16>S16,I16-S16,I16-S16) -> 302.327
A17: =A16+1 -> 8 | B17: 6878.03 | C17: 210313 | D17: =C17-C16 -> 293 | E17: =C17-152000 -> 58313 | F17: =D17/$D$2 -> 147.71868 | G17: 360 | H17: 1.1 | I17: =G17+H17 -> 361.1 | J17: =IF(L17>0,L17,0) -> 0 | K17: =I17+J17 -> 361.1 | L17: =F17-(I17-X17) -> -34.381321 | M17: 149 | N17: 0 | O17: =94.12*1.05 -> 98.826 | P17: =M17-(N17+O17) -> 50.174 | Q17: 0 | R17: 0 | S17: =SUM(P17:R17) -> 50.174 | T17: =T16+AE17 -> 2064.7795 | U17: 0 | V17: 30 | W17: =W16-V17 -> 5785.7787 | X17: =N17+O17+S17+U17+V17 -> 179 | Y17: =IF(L17<0,L17*-1,0) -> 34.381321 | Z17: =X17+Y17 -> 213.38132 | AA17: 0 | AB17: 63 | AC17: 28 | AD17: =AD16+1 -> 8 | AE17: =IF(I17>S17,I17-S17,I17-S17) -> 310.926
A18: =A17+1 -> 9 | B18: 6878.13 | C18: 210609 | D18: =C18-C17 -> 296 | E18: =C18-152000 -> 58609 | F18: =D18/$D$2 -> 149.23116 | G18: 354 | H18: 1.1 | I18: =G18+H18 -> 355.1 | J18: =IF(L18>0,L18,0) -> 0 | K18: =I18+J18 -> 355.1 | L18: =F18-(I18-X18) -> -10.188843 | M18: 144 | N18: 0 | O18: =103.04*1.05 -> 108.192 | P18: =M18-(N18+O18) -> 35.808 | Q18: 0 | R18: 0 | S18: =SUM(P18:R18) -> 35.808 | T18: =T17+AE18 -> 2384.0715 | U18: 21.68 | V18: 30 | W18: =W17-V18 -> 5755.7787 | X18: =N18+O18+S18+U18+V18 -> 195.68 | Y18: =IF(L18<0,L18*-1,0) -> 10.188843 | Z18: =X18+Y18 -> 205.86884 | AA18: 0 | AB18: 67 | AC18: 35 | AD18: =AD17+1 -> 9 | AE18: =IF(I18>S18,I18-S18,I18-S18) -> 319.292
A19: =A18+1 -> 10 | B19: 6878.21 | C19: 210845 | D19: =C19-C18 -> 236 | E19: =C19-152000 -> 58845 | F19: =D19/$D$2 -> 118.9816 | G19: 338 | H19: 0.98 | I19: =G19+H19 -> 338.98 | J19: =IF(L19>0,L19,0) -> 0 | K19: =I19+J19 -> 338.98 | L19: =F19-(I19-X19) -> -11.938402 | M19: 140 | N19: 0 | O19: =101.34*1.05 -> 106.407 | P19: =M19-(N19+O19) -> 33.593 | Q19: 0 | R19: 0 | S19: =SUM(P19:R19) -> 33.593 | T19: =T18+AE19 -> 2689.4585 | U19: 38.06 | V19: 30 | W19: =W18-V19 -> 5725.7787 | X19: =N19+O19+S19+U19+V19 -> 208.06 | Y19: =IF(L19<0,L19*-1,0) -> 11.938402 | Z19: =X19+Y19 -> 219.9984 | AA19: 0 | AB19: 62 | AC19: 41 | AD19: =AD18+1 -> 10 | AE19: =IF(I19>S19,I19-S19,I19-S19) -> 305.387
A20: =A19+1 -> 11 | B20: 6878.27 | C20: 211022 | D20: =C20-C19 -> 177 | E20: =C20-152000 -> 59022 | F20: =D20/$D$2 -> 89.236199 | G20: 307 | H20: 1 | I20: =G20+H20 -> 308 | J20: =IF(L20>0,L20,0) -> 0 | K20: =I20+J20 -> 308 | L20: =F20-(I20-X20) -> -3.9038014 | M20: 147 | N20: 0 | O20: =103.53*1.05 -> 108.7065 | P20: =M20-(N20+O20) -> 38.2935 | Q20: 0 | R20: 0 | S20: =SUM(P20:R20) -> 38.2935 | T20: =T19+AE20 -> 2959.165 | U20: 37.86 | V20: 30 | W20: =W19-V20 -> 5695.7787 | X20: =N20+O20+S20+U20+V20 -> 214.86 | Y20: =IF(L20<0,L20*-1,0) -> 3.9038014 | Z20: =X20+Y20 -> 218.7638 | AA20: 0.01 | AB20: 65 | AC20: 34 | AD20: =AD19+1 -> 11 | AE20: =IF(I20>S20,I20-S20,I20-S20) -> 269.7065
A21: =A20+1 -> 12 | B21: 6878.33 | C21: 211200 | D21: =C21-C20 -> 178 | E21: =C21-152000 -> 59200 | F21: =D21/$D$2 -> 89.740358 | G21: 299 | H21: 1 | I21: =G21+H21 -> 300 | J21: =IF(L21>0,L21,0) -> 0 | K21: =I21+J21 -> 300 | L21: =F21-(I21-X21) -> -0.27964205 | M21: 142 | N21: 0 | O21: =105.91*1.05 -> 111.2055 | P21: =M21-(N21+O21) -> 30.7945 | Q21: 0 | R21: 0 | S21: =SUM(P21:R21) -> 30.7945 | T21: =T20+AE21 -> 3228.3705 | U21: 37.98 | V21: 30 | W21: =W20-V21 -> 5665.7787 | X21: =N21+O21+S21+U21+V21 -> 209.98 | Y21: =IF(L21<0,L21*-1,0) -> 0.27964205 | Z21: =X21+Y21 -> 210.25964 | AA21: 0 | AB21: 59 | AC21: 39 | AD21: =AD20+1 -> 12 | AE21: =IF(I21>S21,I21-S21,I21-S21) -> 269.2055
A22: =A21+1 -> 13 | B22: 6878.35 | C22: 211259 | D22: =C22-C21 -> 59 | E22: =C22-152000 -> 59259 | F22: =D22/$D$2 -> 29.7454 | G22: 274 | H22: 1 | I22: =G22+H22 -> 275 | J22: =IF(L22>0,L22,0) -> 0 | K22: =I22+J22 -> 275 | L22: =F22-(I22-X22) -> -31.5446 | M22: 146 | N22: 0 | O22: =108.93*1.05 -> 114.3765 | P22: =M22-(N22+O22) -> 31.6235 | Q22: 0 | R22: 0 | S22: =SUM(P22:R22) -> 31.6235 | T22: =T21+AE22 -> 3471.747 | U22: 37.71 | V22: 30 | W22: =W21-V22 -> 5635.7787 | X22: =N22+O22+S22+U22+V22 -> 213.71 | Y22: =IF(L22<0,L22*-1,0) -> 31.5446 | Z22: =X22+Y22 -> 245.2546 | AA22: 0 | AB22: 69 | AC22: 35 | AD22: =AD21+1 -> 13 | AE22: =IF(I22>S22,I22-S22,I22-S22) -> 243.3765
A23: =A22+1 -> 14 | B23: 6878.41 | C23: 211436 | D23: =C23-C22 -> 177 | E23: =C23-152000 -> 59436 | F23: =D23/$D$2 -> 89.236199 | G23: 324 | H23: 0.94 | I23: =G23+H23 -> 324.94 | J23: =IF(L23>0,L23,0) -> 0 | K23: =I23+J23 -> 324.94 | L23: =F23-(I23-X23) -> -50.703801 | M23: 155 | N23: 0 | O23: =108.16*1.05 -> 113.568 | P23: =M23-(N23+O23) -> 41.432 | Q23: 0 | R23: 0 | S23: =SUM(P23:R23) -> 41.432 | T23: =T22+AE23 -> 3755.255 | U23: 0 | V23: 30 | W23: =W22-V23 -> 5605.7787 | X23: =N23+O23+S23+U23+V23 -> 185 | Y23: =IF(L23<0,L23*-1,0) -> 50.703801 | Z23: =X23+Y23 -> 235.7038 | AA23: 0 | AB23: 72 | AC23: 37 | AD23: =AD22+1 -> 14 | AE23: =IF(I23>S23,I23-S23,I23-S23) -> 283.508
A24: =A23+1 -> 15 | B24: 6878.53 | C24: 211790 | D24: =C24-C23 -> 354 | E24: =C24-152000 -> 59790 | F24: =D24/$D$2 -> 178.4724 | G24: 444 | H24: 0.94 | I24: =G24+H24 -> 444.94 | J24: =IF(L24>0,L24,0) -> 0 | K24: =I24+J24 -> 444.94 | L24: =F24-(I24-X24) -> -56.047603 | M24: 164 | N24: 0 | O24: =108.46*1.05 -> 113.883 | P24: =M24-(N24+O24) -> 50.117 | Q24: 0 | R24: 0 | S24: =SUM(P24:R24) -> 50.117 | T24: =T23+AE24 -> 4150.078 | U24: 17.42 | V24: 29 | W24: =W23-V24 -> 5576.7787 | X24: =N24+O24+S24+U24+V24 -> 210.42 | Y24: =IF(L24<0,L24*-1,0) -> 56.047603 | Z24: =X24+Y24 -> 266.4676 | AA24: 0 | AB24: 68 | AC24: 46 | AD24: =AD23+1 -> 15 | AE24: =IF(I24>S24,I24-S24,I24-S24) -> 394.823
A25: =A24+1 -> 16 | B25: 6878.66 | C25: 212174 | D25: =C25-C24 -> 384 | E25: =C25-152000 -> 60174 | F25: =D25/$D$2 -> 193.59718 | G25: 415 | H25: 1 | I25: =G25+H25 -> 416 | J25: =IF(L25>0,L25,0) -> 0 | K25: =I25+J25 -> 416 | L25: =F25-(I25-X25) -> -18.192823 | M25: 163 | N25: 0 | O25: =111.13*1.05 -> 116.6865 | P25: =M25-(N25+O25) -> 46.3135 | Q25: 0 | R25: 0 | S25: =SUM(P25:R25) -> 46.3135 | T25: =T24+AE25 -> 4519.7645 | U25: 11.21 | V25: 30 | W25: =W24-V25 -> 5546.7787 | X25: =N25+O25+S25+U25+V25 -> 204.21 | Y25: =IF(L25<0,L25*-1,0) -> 18.192823 | Z25: =X25+Y25 -> 222.40282 | AA25: 0.14 | AB25: 56 | AC25: 31 | AD25: =AD24+1 -> 16 | AE25: =IF(I25>S25,I25-S25,I25-S25) -> 369.6865
A26: =A25+1 -> 17 | B26: 6878.76 | C26: 212470 | D26: =C26-C25 -> 296 | E26: =C26-152000 -> 60470 | F26: =D26/$D$2 -> 149.23116 | G26: 344 | H26: 1.3 | I26: =G26+H26 -> 345.3 | J26: =IF(L26>0,L26,0) -> 5.641157 | K26: =I26+J26 -> 350.94116 | L26: =F26-(I26-X26) -> 5.641157 | M26: 156 | N26: 0 | O26: =106.57*1.05 -> 111.8985 | P26: =M26-(N26+O26) -> 44.1015 | Q26: 0 | R26: 0 | S26: =SUM(P26:R26) -> 44.1015 | T26: =T25+AE26 -> 4820.963 | U26: 15.71 | V26: 30 | W26: =W25-V26 -> 5516.7787 | X26: =N26+O26+S26+U26+V26 -> 201.71 | Y26: =IF(L26<0,L26*-1,0) -> 0 | Z26: =X26+Y26 -> 201.71 | AA26: 0 | AB26: 50 | AC26: 46 | AD26: =AD25+1 -> 17 | AE26: =IF(I26>S26,I26-S26,I26-S26) -> 301.1985
A27: =A26+1 -> 18 | B27: 6878.83 | C27: 212677 | D27: =C27-C26 -> 207 | E27: =C27-152000 -> 60677 | F27: =D27/$D$2 -> 104.36098 | G27: 308 | H27: 1.2 | I27: =G27+H27 -> 309.2 | J27: =IF(L27>0,L27,0) -> 0 | K27: =I27+J27 -> 309.2 | L27: =F27-(I27-X27) -> -12.099022 | M27: 156 | N27: 0 | O27: =106.92*1.05 -> 112.266 | P27: =M27-(N27+O27) -> 43.734 | Q27: 0 | R27: 0 | S27: =SUM(P27:R27) -> 43.734 | T27: =T26+AE27 -> 5086.429 | U27: 6.74 | V27: 30 | W27: =W26-V27 -> 5486.7787 | X27: =N27+O27+S27+U27+V27 -> 192.74 | Y27: =IF(L27<0,L27*-1,0) -> 12.099022 | Z27: =X27+Y27 -> 204.83902 | AA27: 0 | AB27: 64 | AC27: 39 | AD27: =AD26+1 -> 18 | AE27: =IF(I27>S27,I27-S27,I27-S27) -> 265.466
A28: =A27+1 -> 19 | B28: 6878.95 | C28: 213031 | D28: =C28-C27 -> 354 | E28: =C28-152000 -> 61031 | F28: =D28/$D$2 -> 178.4724 | G28: 329 | H28: 1 | I28: =G28+H28 -> 330 | J28: =IF(L28>0,L28,0) -> 0 | K28: =I28+J28 -> 330 | L28: =F28-(I28-X28) -> -18.527603 | M28: 103 | N28: 0 | O28: 59.75 | P28: =M28-(N28+O28) -> 43.25 | Q28: 0 | R28: 0 | S28: =SUM(P28:R28) -> 43.25 | T28: =T27+AE28 -> 5373.179 | U28: 0 | V28: 30 | W28: =W27-V28 -> 5456.7787 | X28: =N28+O28+S28+U28+V28 -> 133 | Y28: =IF(L28<0,L28*-1,0) -> 18.527603 | Z28: =X28+Y28 -> 151.5276 | AA28: 0 | AB28: 61 | AC28: 33 | AD28: =AD27+1 -> 19 | AE28: =IF(I28>S28,I28-S28,I28-S28) -> 286.75
A29: =A28+1 -> 20 | B29: 6879.09 | C29: 213447 | D29: =C29-C28 -> 416 | E29: =C29-152000 -> 61447 | F29: =D29/$D$2 -> 209.73027 | G29: 360 | H29: 0.96 | I29: =G29+H29 -> 360.96 | J29: =IF(L29>0,L29,0) -> 0 | K29: =I29+J29 -> 360.96 | L29: =F29-(I29-X29) -> -32.229725 | M29: 89 | N29: 0 | O29: 28.91 | P29: =M29-(N29+O29) -> 60.09 | Q29: 0 | R29: 0 | S29: =SUM(P29:R29) -> 60.09 | T29: =T28+AE29 -> 5674.049 | U29: 0 | V29: 30 | W29: =W28-V29 -> 5426.7787 | X29: =N29+O29+S29+U29+V29 -> 119 | Y29: =IF(L29<0,L29*-1,0) -> 32.229725 | Z29: =X29+Y29 -> 151.22973 | AA29: 0 | AB29: 55 | AC29: 26 | AD29: =AD28+1 -> 20 | AE29: =IF(I29>S29,I29-S29,I29-S29) -> 300.87
A30: =A29+1 -> 21 | B30: 6879.2 | C30: 213776 | D30: =C30-C29 -> 329 | E30: =C30-152000 -> 61776 | F30: =D30/$D$2 -> 165.86841 | G30: 267 | H30: 0.83 | I30: =G30+H30 -> 267.83 | J30: =IF(L30>0,L30,0) -> 3.0384144 | K30: =I30+J30 -> 270.86841 | L30: =F30-(I30-X30) -> 3.0384144 | M30: 75 | N30: 0 | O30: 25.8 | P30: =M30-(N30+O30) -> 49.2 | Q30: 0 | R30: 0 | S30: =SUM(P30:R30) -> 49.2 | T30: =T29+AE30 -> 5892.679 | U30: 0 | V30: 30 | W30: =W29-V30 -> 5396.7787 | X30: =N30+O30+S30+U30+V30 -> 105 | Y30: =IF(L30<0,L30*-1,0) -> 0 | Z30: =X30+Y30 -> 105 | AA30: 0 | AB30: 51 | AC30: 16 | AD30: =AD29+1 -> 21 | AE30: =IF(I30>S30,I30-S30,I30-S30) -> 218.63
A31: =A30+1 -> 22 | B31: 6879.25 | C31: 213925 | D31: =C31-C30 -> 149 | E31: =C31-152000 -> 61925 | F31: =D31/$D$2 -> 75.119738 | G31: 271 | H31: 0.77 | I31: =G31+H31 -> 271.77 | J31: =IF(L31>0,L31,0) -> 0 | K31: =I31+J31 -> 271.77 | L31: =F31-(I31-X31) -> -22.650262 | M31: 79 | N31: 0 | O31: =21.53*1.05 -> 22.6065 | P31: =M31-(N31+O31) -> 56.3935 | Q31: 39 | R31: 0 | S31: =SUM(P31:R31) -> 95.3935 | T31: =T30+AE31 -> 6069.0555 | U31: 26 | V31: 30 | W31: =W30-V31 -> 5366.7787 | X31: =N31+O31+S31+U31+V31 -> 174 | Y31: =IF(L31<0,L31*-1,0) -> 22.650262 | Z31: =X31+Y31 -> 196.65026 | AA31: 0 | AB31: 64 | AC31: 30 | AD31: =AD30+1 -> 22 | AE31: =IF(I31>S31,I31-S31,I31-S31) -> 176.3765
A32: =A31+1 -> 23 | B32: 6879.26 | C32: 213955 | D32: =C32-C31 -> 30 | E32: =C32-152000 -> 61955 | F32: =D32/$D$2 -> 15.124779 | G32: 308 | H32: 0.65 | I32: =G32+H32 -> 308.65 | J32: =IF(L32>0,L32,0) -> 0 | K32: =I32+J32 -> 308.65 | L32: =F32-(I32-X32) -> -55.855221 | M32: 126 | N32: 0 | O32: =39.61*1.05 -> 41.5905 | P32: =M32-(N32+O32) -> 84.4095 | Q32: 60 | R32: 0 | S32: =SUM(P32:R32) -> 144.4095 | T32: =T31+AE32 -> 6233.296 | U32: 21.67 | V32: 30 | W32: =W31-V32 -> 5336.7787 | X32: =N32+O32+S32+U32+V32 -> 237.67 | Y32: =IF(L32<0,L32*-1,0) -> 55.855221 | Z32: =X32+Y32 -> 293.52522 | AA32: 0 | AB32: 69 | AC32: 34 | AD32: =AD31+1 -> 23 | AE32: =IF(I32>S32,I32-S32,I32-S32) -> 164.2405
A33: =A32+1 -> 24 | B33: 6879.28 | C33: 214015 | D33: =C33-C32 -> 60 | E33: =C33-152000 -> 62015 | F33: =D33/$D$2 -> 30.249559 | G33: 335 | H33: 0.67 | I33: =G33+H33 -> 335.67 | J33: =IF(L33>0,L33,0) -> 0 | K33: =I33+J33 -> 335.67 | L33: =F33-(I33-X33) -> -44.210441 | M33: 155 | N33: 0 | O33: =63.99*1.05 -> 67.1895 | P33: =M33-(N33+O33) -> 87.8105 | Q33: 60 | R33: 0 | S33: =SUM(P33:R33) -> 147.8105 | T33: =T32+AE33 -> 6421.1555 | U33: 16.21 | V33: 30 | W33: =W32-V33 -> 5306.7787 | X33: =N33+O33+S33+U33+V33 -> 261.21 | Y33: =IF(L33<0,L33*-1,0) -> 44.210441 | Z33: =X33+Y33 -> 305.42044 | AA33: 0 | AB33: 72 | AC33: 34 | AD33: =AD32+1 -> 24 | AE33: =IF(I33>S33,I33-S33,I33-S33) -> 187.8595
A34: =A33+1 -> 25 | B34: 6879.35 | C34: 214224 | D34: =C34-C33 -> 209 | E34: =C34-152000 -> 62224 | F34: =D34/$D$2 -> 105.3693 | G34: 391 | H34: 0.66 | I34: =G34+H34 -> 391.66 | J34: =IF(L34>0,L34,0) -> 0 | K34: =I34+J34 -> 391.66 | L34: =F34-(I34-X34) -> -21.680703 | M34: 148 | N34: 0 | O34: =55.95*1.05 -> 58.7475 | P34: =M34-(N34+O34) -> 89.2525 | Q34: 60 | R34: 0 | S34: =SUM(P34:R34) -> 149.2525 | T34: =T33+AE34 -> 6663.563 | U34: 26.61 | V34: 30 | W34: =W33-V34 -> 5276.7787 | X34: =N34+O34+S34+U34+V34 -> 264.61 | Y34: =IF(L34<0,L34*-1,0) -> 21.680703 | Z34: =X34+Y34 -> 286.2907 | AA34: 0 | AB34: 67 | AC34: 44 | AD34: =AD33+1 -> 25 | AE34: =IF(I34>S34,I34-S34,I34-S34) -> 242.4075
A35: =A34+1 -> 26 | B35: 6879.39 | C35: 214343 | D35: =C35-C34 -> 119 | E35: =C35-152000 -> 62343 | F35: =D35/$D$2 -> 59.994958 | G35: 364 | H35: 0.68 | I35: =G35+H35 -> 364.68 | J35: =IF(L35>0,L35,0) -> 0 | K35: =I35+J35 -> 364.68 | L35: =F35-(I35-X35) -> -45.435042 | M35: 144 | N35: 0 | O35: =48.12*1.05 -> 50.526 | P35: =M35-(N35+O35) -> 93.474 | Q35: 60 | R35: 0 | S35: =SUM(P35:R35) -> 153.474 | T35: =T34+AE35 -> 6874.769 | U35: 31.25 | V35: 24 | W35: =W34-V35 -> 5252.7787 | X35: =N35+O35+S35+U35+V35 -> 259.25 | Y35: =IF(L35<0,L35*-1,0) -> 45.435042 | Z35: =X35+Y35 -> 304.68504 | AA35: 0.05 | AB35: 69 | AC35: 41 | AD35: =AD34+1 -> 26 | AE35: =IF(I35>S35,I35-S35,I35-S35) -> 211.206
A36: =A35+1 -> 27 | B36: 6879.49 | C36: 214642 | D36: =C36-C35 -> 299 | E36: =C36-152000 -> 62642 | F36: =D36/$D$2 -> 150.74363 | G36: 367 | H36: 0.67 | I36: =G36+H36 -> 367.67 | J36: =IF(L36>0,L36,0) -> 8.723635 | K36: =I36+J36 -> 376.39363 | L36: =F36-(I36-X36) -> 8.723635 | M36: 141 | N36: 0 | O36: =60.89*1.05 -> 63.9345 | P36: =M36-(N36+O36) -> 77.0655 | Q36: 60 | R36: 0 | S36: =SUM(P36:R36) -> 137.0655 | T36: =T35+AE36 -> 7105.3735 | U36: 6.65 | V36: 18 | W36: =W35-V36 -> 5234.7787 | X36: =N36+O36+S36+U36+V36 -> 225.65 | Y36: =IF(L36<0,L36*-1,0) -> 0 | Z36: =X36+Y36 -> 225.65 | AA36: 0 | AB36: 56 | AC36: 36 | AD36: =AD35+1 -> 27 | AE36: =IF(I36>S36,I36-S36,I36-S36) -> 230.6045
A37: =A36+1 -> 28 | B37: 6879.53 | C37: 214761 | D37: =C37-C36 -> 119 | E37: =C37-152000 -> 62761 | F37: =D37/$D$2 -> 59.994958 | G37: 299 | H37: 0.66 | I37: =G37+H37 -> 299.66 | J37: =IF(L37>0,L37,0) -> 7.4449584 | K37: =I37+J37 -> 307.10496 | L37: =F37-(I37-X37) -> 7.4449584 | M37: 146 | N37: 0 | O37: =64.28*1.05 -> 67.494 | P37: =M37-(N37+O37) -> 78.506 | Q37: 60 | R37: 0 | S37: =SUM(P37:R37) -> 138.506 | T37: =T36+AE37 -> 7266.5275 | U37: 23.11 | V37: 18 | W37: =W36-V37 -> 5216.7787 | X37: =N37+O37+S37+U37+V37 -> 247.11 | Y37: =IF(L37<0,L37*-1,0) -> 0 | Z37: =X37+Y37 -> 247.11 | AA37: 0 | AB37: 65 | AC37: 29 | AD37: =AD36+1 -> 28 | AE37: =IF(I37>S37,I37-S37,I37-S37) -> 161.154
A38: =A37+1 -> 29 | B38: 6879.48 | C38: 214612 | D38: =C38-C37 -> -149 | E38: =C38-152000 -> 62612 | F38: =D38/$D$2 -> -75.119738 | G38: 308 | H38: 0.59 | I38: =G38+H38 -> 308.59 | J38: =IF(L38>0,L38,0) -> 0 | K38: =I38+J38 -> 308.59 | L38: =F38-(I38-X38) -> -57.699738 | M38: 180 | N38: 0 | O38: =58.36*1.05 -> 61.278 | P38: =M38-(N38+O38) -> 118.722 | Q38: 60 | R38: 15 | S38: =SUM(P38:R38) -> 193.722 | T38: =T37+AE38 -> 7381.3955 | U38: 53.01 | V38: 18 | W38: =W37-V38 -> 5198.7787 | X38: =N38+O38+S38+U38+V38 -> 326.01 | Y38: =IF(L38<0,L38*-1,0) -> 57.699738 | Z38: =X38+Y38 -> 383.70974 | AA38: 0 | AB38: 71 | AC38: 39 | AD38: =AD37+1 -> 29 | AE38: =IF(I38>S38,I38-S38,I38-S38) -> 114.868
A39: 30 | B39: 6879.4 | C39: 214373 | D39: =C39-C38 -> -239 | E39: =C39-152000 -> 62373 | F39: =D39/$D$2 -> -120.49408 | G39: 294 | H39: 0.57 | I39: =G39+H39 -> 294.57 | J39: =IF(L39>0,L39,0) -> 0 | K39: =I39+J39 -> 294.57 | L39: =F39-(I39-X39) -> -66.374076 | M39: 205 | N39: 0 | O39: =59.97*1.05 -> 62.9685 | P39: =M39-(N39+O39) -> 142.0315 | Q39: 60 | R39: 15 | S39: =SUM(P39:R39) -> 217.0315 | T39: =T38+AE39 -> 7458.934 | U39: 50.69 | V39: 18 | W39: =W38-V39 -> 5180.7787 | X39: =N39+O39+S39+U39+V39 -> 348.69 | Y39: =IF(L39<0,L39*-1,0) -> 66.374076 | Z39: =X39+Y39 -> 415.06408 | AA39: 0 | AB39: 73 | AC39: 38 | AD39: 30 | AE39: =IF(I39>S39,I39-S39,I39-S39) -> 77.5385
A41: MONTH / CFS | F41: =SUM(F10:F39) -> 3431.8125 | G41: =SUM(G10:G39) -> 9706 | H41: =SUM(H10:H39) -> 23.76 | I41: =SUM(I10:I39) -> 9729.76 | J41: =SUM(J10:J39) -> 114.8952 | K41: =SUM(K10:K39) -> 9844.6552 | L41: =SUM(L10:L39) -> -489.37755 | M41: =SUM(M10:M39) -> 3927 | ... S41: =SUM(S10:S39) -> 2270.826 | U41: =SUM(U10:U39) -> 479.57 | V41: =SUM(V10:V39) -> 853 | X41: =SUM(X10:X39) -> 5808.57 | Y41: =SUM(Y10:Y39) -> 604.27275 | Z41: =SUM(Z10:Z39) -> 6412.8428 | AA41: =SUM(AA10:AA39) -> 0.22 | AB41: =AVERAGE(AB10:AB39) -> 64.766667 | AC41: =AVERAGE(AC10:AC39) -> 35.233333 | AD41: Avg | AE41: =SUM(AE10:AE39) -> 7458.934
A42: MONTH / AF | D42: =SUM(D10:D39) -> 6807 | F42: =F41*$D$2 -> 6807 | G42: =G41*$D$2 -> 19251.851 | H42: =H41*$D$2 -> 47.12796 | I42: =I41*$D$2 -> 19298.979 | J42: =J41*$D$2 -> 227.89463 | K42: =K41*$D$2 -> 19526.874 | L42: =L41*$D$2 -> -970.68037 | M42: =M41*$D$2 -> 7789.2045 | ... S42: =S41*$D$2 -> 4504.1834 | U42: =U41*$D$2 -> 951.22709 | V42: =V41*$D$2 -> 1691.9255 | X42: =X41*$D$2 -> 11521.299 | Y42: =Y41*$D$2 -> 1198.575 | Z42: =Z41*$D$2 -> 12719.874 | AB42: =MAX(AB10:AB39) -> 73 | AC42: =MAX(AC10:AC39) -> 46 | AD42: HI
A44: SEASON / CFS | F44: =F7+F41 -> 3431.8125 | G44: =G7+G41 -> 9706 | H44: =H7+H41 -> 23.76 | I44: =I7+I41 -> 9729.76 | J44: =J7+J41 -> 114.8952 | K44: =K7+K41 -> 9844.6552 | L44: =L7+L41 -> -489.37755 | M44: =M7+M41 -> 3927 | ... S44: =S7+S41 -> 2270.826 | T44: =T39 -> 7458.934 | U44: =U7+U41 -> 479.57 | V44: =V7+V41 -> 853 | X44: =X7+X41 -> 5808.57 | Y44: =Y7+Y41 -> 604.27275 | Z44: =Z7+Z41 -> 6412.8428 | AB44: =MIN(AB10:AB39) -> 50 | AC44: =MIN(AC10:AC39) -> 16 | AD44: LO
A45: SEASON / AF | F45: =F44*$D$2 -> 6807 | G45: =G44*$D$2 -> 19251.851 | H45: =H44*$D$2 -> 47.12796 | I45: =I44*$D$2 -> 19298.979 | J45: =J44*$D$2 -> 227.89463 | K45: =K44*$D$2 -> 19526.874 | L45: =L44*$D$2 -> -970.68037 | M45: =M44*$D$2 -> 7789.2045 | ... V45: =V44*$D$2 -> 1691.9255 | X45: =X44*$D$2 -> 11521.299 | Y45: =Y44*$D$2 -> 1198.575 | Z45: =Z44*$D$2 -> 12719.874
A47: YTD / CFS | F47: =F8+F41 -> 4248.5505 | G47: =G8+G41 -> 16248 | H47: =H8+H41 -> 59.29 | I47: =I8+I41 -> 16259.76 | J47: =J8+J41 -> 1521.4458 | K47: =K8+K41 -> 17781.206 | L47: =L8+L41 -> -218.55946 | M47: =M8+M41 -> 5122.58 | ... S47: =S8+S41 -> 3479.691 | U47: =U8+U41 -> 479.57 | V47: =V8+V41 -> 5514 | W47: =W39 -> 5180.7787 | X47: =X8+X41 -> 11792.65 | Y47: =Y8+Y41 -> 1740.0053 | Z47: =Z8+Z41 -> 13532.655 | AA47: =AA8+AA41 -> 3.54
A48: YTD / AF | D48: =D8+D42 -> 8427 | E48: =E39 -> 62373 | F48: =F47*$D$2 -> 8427 | G48: =G47*$D$2 -> 32227.908 | H48: =H47*$D$2 -> 117.60171 | I48: =I47*$D$2 -> 32251.234 | J48: =J47*$D$2 -> 3017.7877 | K48: =K47*$D$2 -> 35269.022 | L48: =L47*$D$2 -> -433.51268 | M48: =M47*$D$2 -> 10160.637 | ... Z48: =Z47*$D$2 -> 26842.022
AA50: 34790 | AB50: 56 | AC50: 32 | AD50: Avg
AB51: 67 | AC51: 40 | AD51: hi
AB52: 36 | AC52: 22 | AD52: lo
AA53: 35156 | AB53: 60 | AC53: 32 | AD53: Avg
AA54: 76 | AB54: 42 | AC54: hi
AA55: 41 | AB55: 21 | AC55: lo

Sheet MAY
K1: MC PHEE RESERVOIR IN/OUT FLOW TABULATION
A2: AF/cfs CONVERT FACTOR | D2: 1.9835 | K2: MAY "2002"
A4: DATE | B4: RESERV | C4: RESERV | D4: AC FT | E4: ACTIVE | F4: CONV TO | G4: DOLORES | H4: LOST | I4: RECORDED | J4: CALC | K4: TOTAL | L4: CALC | M4: DOLORES TUNNEL | Q4: LONE | R4: U | S4: TOTAL | T4: MVI | U4: DV CR | V4: BELOW | W4: REMAIN | X4: RECORDED | Y4: CALC | Z4: TOTAL | AA4: RAIN | AB4: MAX | AC4: MIN | AD4: DATE
A5: "MAY" | B5: ELEV | C5: AC FT | D5: CHANGE | E5: CAP | F5: CFS | G5: RIVER | H5: CANYON | I5: INFLOW | J5: INFLOW | K5: INFLOW | L5: INF/OTF | M5: TOT DIV | N5: WETLAND | O5: UTE F&R | P5: MVI,CTZ | Q5: PINE | R5: LAT | S5: MVI | T5: CALL | U5: CANAL | V5: MC PHEE | W5: RELEASE | X5: OUTFLOW | Y5: OUTFLOW | Z5: OUTFLOW | AB5: TMP | AC5: TMP | AD5: "MAY"
A7: SEASON BAL | F7: =APR!F44 -> 3431.8125 | G7: =APR!G44 -> 9706 | H7: =APR!H44 -> 23.76 | I7: =APR!I44 -> 9729.76 | J7: =APR!J44 -> 114.8952 | K7: =APR!K44 -> 9844.6552 | L7: =APR!L44 -> -489.37755 | M7: =APR!M44 -> 3927 | ... V7: =APR!V44 -> 853 | X7: =APR!X44 -> 5808.57 | Y7: =APR!Y44 -> 604.27275 | Z7: =APR!Z44 -> 6412.8428
A8: YTD | B8: =APR!B39 -> 6879.4 | C8: =APR!C39 -> 214373 | D8: =APR!D48 -> 8427 | E8: =APR!E48 -> 62373 | F8: =APR!F47 -> 4248.5505 | G8: =APR!G47 -> 16248 | H8: =APR!H47 -> 59.29 | I8: =APR!I47 -> 16259.76 | J8: =APR!J47 -> 1521.4458 | K8: =APR!K47 -> 17781.206 | L8: =APR!L47 -> -218.55946 | M8: =APR!M47 -> 5122.58 | ... AA8: =APR!AA47 -> 3.54
A10: 1 | B10: 6879.39 | C10: 214343 | D10: =C10-C8 -> -30 | E10: =C10-152000 -> 62343 | F10: =D10/$D$2 -> -15.124779 | G10: 337 | H10: 0.54 | I10: =G10+H10 -> 337.54 | J10: =IF(L10>0,L10,0) -> 2.4352206 | K10: =I10+J10 -> 339.97522 | L10: =F10-(I10-X10) -> 2.4352206 | M10: 202 | N10: 0 | O10: =54.49*1.05 -> 57.2145 | P10: =M10-(N10+O10) -> 144.7855 | Q10: 59 | R10: 27 | S10: =SUM(P10:R10) -> 230.7855 | T10: =T7+AE10 -> 7565.6885 | U10: 48.1 | V10: 19 | W10: =W8-V10 -> 5161.7787 | X10: =N10+O10+S10+U10+V10 -> 355.1 | Y10: =IF(L10<0,L10*-1,0) -> 0 | Z10: =X10+Y10 -> 355.1 | AA10: 0 | AB10: 60 | AC10: 37 | AD10: 1 | AE10: =IF(I10>S10,I10-S10,I10-S10) -> 106.7545
A11: =A10+1 -> 2 | B11: 6879.39 | C11: 214343 | D11: =C11-C10 -> 0 | E11: =C11-152000 -> 62343 | F11: =D11/$D$2 -> 0 | G11: 321 | H11: 0.48 | I11: =G11+H11 -> 321.48 | J11: =IF(L11>0,L11,0) -> 5.76 | K11: =I11+J11 -> 327.24 | L11: =F11-(I11-X11) -> 5.76 | M11: 152 | N11: 0 | O11: 0 | P11: =M11-(N11+O11) -> 152 | Q11: 59 | R11: 38 | S11: =SUM(P11:R11) -> 249 | T11: =T10+AE11 -> 7638.1685 | U11: 59.24 | V11: 19 | W11: =W10-V11 -> 5142.7787 | X11: =N11+O11+S11+U11+V11 -> 327.24 | Y11: =IF(L11<0,L11*-1,0) -> 0 | Z11: =X11+Y11 -> 327.24 | AA11: 0 | AB11: 60 | AC11: 28 | AD11: =AD10+1 -> 2 | AE11: =IF(I11>S11,I11-S11,I11-S11) -> 72.48
A12: =A11+1 -> 3 | B12: 6879.36 | C12: 214254 | D12: =C12-C11 -> -89 | E12: =C12-152000 -> 62254 | F12: =D12/$D$2 -> -44.870179 | G12: 267 | H12: 0.45 | I12: =G12+H12 -> 267.45 | J12: =IF(L12>0,L12,0) -> 49.119821 | K12: =I12+J12 -> 316.56982 | L12: =F12-(I12-X12) -> 49.119821 | M12: 162 | N12: 0 | O12: 0 | P12: =M12-(N12+O12) -> 162 | Q12: 65 | R12: 46 | S12: =SUM(P12:R12) -> 273 | T12: =T11+AE12 -> 7632.6185 | U12: 70.44 | V12: 18 | W12: =W11-V12 -> 5124.7787 | X12: =N12+O12+S12+U12+V12 -> 361.44 | Y12: =IF(L12<0,L12*-1,0) -> 0 | Z12: =X12+Y12 -> 361.44 | AA12: 0 | AB12: 64 | AC12: 30 | AD12: =AD11+1 -> 3 | AE12: =IF(I12>S12,I12-S12,I12-S12) -> -5.55
A13: =A12+1 -> 4 | B13: 6879.2 | C13: 213776 | D13: =C13-C12 -> -478 | E13: =C13-152000 -> 61776 | F13: =D13/$D$2 -> -240.98815 | G13: 265 | H13: 0.37 | I13: =G13+H13 -> 265.37 | J13: =IF(L13>0,L13,0) -> 0 | K13: =I13+J13 -> 265.37 | L13: =F13-(I13-X13) -> -73.268152 | M13: 191 | N13: 0 | O13: =0.92*1.05 -> 0.966 | P13: =M13-(N13+O13) -> 190.034 | Q13: 80 | R13: 54 | S13: =SUM(P13:R13) -> 324.034 | T13: =T12+AE13 -> 7573.9545 | U13: 90.09 | V13: 18 | W13: =W12-V13 -> 5106.7787 | X13: =N13+O13+S13+U13+V13 -> 433.09 | Y13: =IF(L13<0,L13*-1,0) -> 73.268152 | Z13: =X13+Y13 -> 506.35815 | AA13: 0 | AB13: 68 | AC13: 36 | AD13: =AD12+1 -> 4 | AE13: =IF(I13>S13,I13-S13,I13-S13) -> -58.664
A14: =A13+1 -> 5 | B14: 6879.08 | C14: 213418 | D14: =C14-C13 -> -358 | E14: =C14-152000 -> 61418 | F14: =D14/$D$2 -> -180.48903 | G14: 273 | H14: 0.27 | I14: =G14+H14 -> 273.27 | J14: =IF(L14>0,L14,0) -> 23.200965 | K14: =I14+J14 -> 296.47097 | L14: =F14-(I14-X14) -> 23.200965 | M14: 205 | N14: 0 | O14: 0 | P14: =M14-(N14+O14) -> 205 | Q14: 79 | R14: 59 | S14: =SUM(P14:R14) -> 343 | T14: =T13+AE14 -> 7504.2245 | U14: 115.96 | V14: 18 | W14: =W13-V14 -> 5088.7787 | X14: =N14+O14+S14+U14+V14 -> 476.96 | Y14: =IF(L14<0,L14*-1,0) -> 0 | Z14: =X14+Y14 -> 476.96 | AA14: 0 | AB14: 70 | AC14: 36 | AD14: =AD13+1 -> 5 | AE14: =IF(I14>S14,I14-S14,I14-S14) -> -69.73
A15: =A14+1 -> 6 | B15: 6878.91 | C15: 212913 | D15: =C15-C14 -> -505 | E15: =C15-152000 -> 60913 | F15: =D15/$D$2 -> -254.60045 | G15: 318 | H15: 0.25 | I15: =G15+H15 -> 318.25 | J15: =IF(L15>0,L15,0) -> 0 | K15: =I15+J15 -> 318.25 | L15: =F15-(I15-X15) -> -65.420454 | M15: 205 | N15: 0 | O15: 0 | P15: =M15-(N15+O15) -> 205 | Q15: 79 | R15: 58 | S15: =SUM(P15:R15) -> 342 | T15: =T14+AE15 -> 7480.4745 | U15: 147.43 | V15: 18 | W15: =W14-V15 -> 5070.7787 | X15: =N15+O15+S15+U15+V15 -> 507.43 | Y15: =IF(L15<0,L15*-1,0) -> 65.420454 | Z15: =X15+Y15 -> 572.85045 | AA15: 0 | AB15: 72 | AC15: 37 | AD15: =AD14+1 -> 6 | AE15: =IF(I15>S15,I15-S15,I15-S15) -> -23.75
A16: =A15+1 -> 7 | B16: 6878.75 | C16: 212440 | D16: =C16-C15 -> -473 | E16: =C16-152000 -> 60440 | F16: =D16/$D$2 -> -238.46736 | G16: 352 | H16: 0.25 | I16: =G16+H16 -> 352.25 | J16: =IF(L16>0,L16,0) -> 0 | K16: =I16+J16 -> 352.25 | L16: =F16-(I16-X16) -> -53.147356 | M16: 212 | N16: 0 | O16: 0 | P16: =M16-(N16+O16) -> 212 | Q16: 78 | R16: 58 | S16: =SUM(P16:R16) -> 348 | T16: =T15+AE16 -> 7484.7245 | U16: 171.57 | V16: 18 | W16: =W15-V16 -> 5052.7787 | X16: =N16+O16+S16+U16+V16 -> 537.57 | Y16: =IF(L16<0,L16*-1,0) -> 53.147356 | Z16: =X16+Y16 -> 590.71736 | AA16: 0 | AB16: 72 | AC16: 37 | AD16: =AD15+1 -> 7 | AE16: =IF(I16>S16,I16-S16,I16-S16) -> 4.25
A17: =A16+1 -> 8 | B17: 6878.66 | C17: 212174 | D17: =C17-C16 -> -266 | E17: =C17-152000 -> 60174 | F17: =D17/$D$2 -> -134.10638 | G17: 365 | H17: 0.22 | I17: =G17+H17 -> 365.22 | J17: =IF(L17>0,L17,0) -> 27.883622 | K17: =I17+J17 -> 393.10362 | L17: =F17-(I17-X17) -> 27.883622 | M17: 221 | N17: 0 | O17: 0 | P17: =M17-(N17+O17) -> 221 | Q17: 78 | R17: 68 | S17: =SUM(P17:R17) -> 367 | T17: =T16+AE17 -> 7482.9445 | U17: 142.21 | V17: 18 | W17: =W16-V17 -> 5034.7787 | X17: =N17+O17+S17+U17+V17 -> 527.21 | Y17: =IF(L17<0,L17*-1,0) -> 0 | Z17: =X17+Y17 -> 527.21 | AA17: 0 | AB17: 62 | AC17: 37 | AD17: =AD16+1 -> 8 | AE17: =IF(I17>S17,I17-S17,I17-S17) -> -1.78
A18: =A17+1 -> 9 | B18: 6878.46 | C18: 211584 | D18: =C18-C17 -> -590 | E18: =C18-152000 -> 59584 | F18: =D18/$D$2 -> -297.454 | G18: 304 | H18: 0.18 | I18: =G18+H18 -> 304.18 | J18: =IF(L18>0,L18,0) -> 0 | K18: =I18+J18 -> 304.18 | L18: =F18-(I18-X18) -> -48.903995 | M18: 231 | N18: 0 | O18: =20.19*1.05 -> 21.1995 | P18: =M18-(N18+O18) -> 209.8005 | Q18: 78 | R18: 78 | S18: =SUM(P18:R18) -> 365.8005 | T18: =T17+AE18 -> 7421.324 | U18: 147.73 | V18: 18 | W18: =W17-V18 -> 5016.7787 | X18: =N18+O18+S18+U18+V18 -> 552.73 | Y18: =IF(L18<0,L18*-1,0) -> 48.903995 | Z18: =X18+Y18 -> 601.634 | AA18: 0 | AB18: 67 | AC18: 31 | AD18: =AD17+1 -> 9 | AE18: =IF(I18>S18,I18-S18,I18-S18) -> -61.6205
A19: =A18+1 -> 10 | B19: 6878.23 | C19: 210904 | D19: =C19-C18 -> -680 | E19: =C19-152000 -> 58904 | F19: =D19/$D$2 -> -342.82833 | G19: 300 | H19: 0.19 | I19: =G19+H19 -> 300.19 | J19: =IF(L19>0,L19,0) -> 0 | K19: =I19+J19 -> 300.19 | L19: =F19-(I19-X19) -> -86.178334 | M19: 248 | N19: 0 | O19: =35.28*1.05 -> 37.044 | P19: =M19-(N19+O19) -> 210.956 | Q19: 78 | R19: 79 | S19: =SUM(P19:R19) -> 367.956 | T19: =T18+AE19 -> 7353.558 | U19: 133.84 | V19: 18 | W19: =W18-V19 -> 4998.7787 | X19: =N19+O19+S19+U19+V19 -> 556.84 | Y19: =IF(L19<0,L19*-1,0) -> 86.178334 | Z19: =X19+Y19 -> 643.01833 | AA19: 0 | AB19: 69 | AC19: 41 | AD19: =AD18+1 -> 10 | AE19: =IF(I19>S19,I19-S19,I19-S19) -> -67.766
A20: =A19+1 -> 11 | B20: 6878.03 | C20: 210313 | D20: =C20-C19 -> -591 | E20: =C20-152000 -> 58313 | F20: =D20/$D$2 -> -297.95815 | G20: 268 | H20: 0.17 | I20: =G20+H20 -> 268.17 | J20: =IF(L20>0,L20,0) -> 4.8118452 | K20: =I20+J20 -> 272.98185 | L20: =F20-(I20-X20) -> 4.8118452 | M20: 232 | N20: 0 | O20: =12.32*1.05 -> 12.936 | P20: =M20-(N20+O20) -> 219.064 | Q20: 77 | R20: 78 | S20: =SUM(P20:R20) -> 374.064 | T20: =T19+AE20 -> 7247.664 | U20: 165.94 | V20: 18 | W20: =W19-V20 -> 4980.7787 | X20: =N20+O20+S20+U20+V20 -> 570.94 | Y20: =IF(L20<0,L20*-1,0) -> 0 | Z20: =X20+Y20 -> 570.94 | AA20: 0 | AB20: 71 | AC20: 37 | AD20: =AD19+1 -> 11 | AE20: =IF(I20>S20,I20-S20,I20-S20) -> -105.894
A21: =A20+1 -> 12 | B21: 6877.91 | C21: 209962 | D21: =C21-C20 -> -351 | E21: =C21-152000 -> 57962 | F21: =D21/$D$2 -> -176.95992 | G21: 286 | H21: 0.18 | I21: =G21+H21 -> 286.18 | J21: =IF(L21>0,L21,0) -> 81.550081 | K21: =I21+J21 -> 367.73008 | L21: =F21-(I21-X21) -> 81.550081 | M21: 226 | N21: 0 | O21: =9.07*1.05 -> 9.5235 | P21: =M21-(N21+O21) -> 216.4765 | Q21: 77 | R21: 78 | S21: =SUM(P21:R21) -> 371.4765 | T21: =T20+AE21 -> 7162.3675 | U21: 145.69 | V21: 18 | W21: =W20-V21 -> 4962.7787 | X21: =N21+O21+S21+U21+V21 -> 544.69 | Y21: =IF(L21<0,L21*-1,0) -> 0 | Z21: =X21+Y21 -> 544.69 | AA21: 0.06 | AB21: 60 | AC21: 36 | AD21: =AD20+1 -> 12 | AE21: =IF(I21>S21,I21-S21,I21-S21) -> -85.2965
A22: =A21+1 -> 13 | B22: 6877.63 | C22: 209144 | D22: =C22-C21 -> -818 | E22: =C22-152000 -> 57144 | F22: =D22/$D$2 -> -412.40232 | G22: 287 | H22: 0.16 | I22: =G22+H22 -> 287.16 | J22: =IF(L22>0,L22,0) -> 0 | K22: =I22+J22 -> 287.16 | L22: =F22-(I22-X22) -> -101.51232 | M22: 226 | N22: 0 | O22: =3.87*1.05 -> 4.0635 | P22: =M22-(N22+O22) -> 221.9365 | Q22: 75 | R22: 76 | S22: =SUM(P22:R22) -> 372.9365 | T22: =T21+AE22 -> 7076.591 | U22: 202.05 | V22: 19 | W22: =W21-V22 -> 4943.7787 | X22: =N22+O22+S22+U22+V22 -> 598.05 | Y22: =IF(L22<0,L22*-1,0) -> 101.51232 | Z22: =X22+Y22 -> 699.56232 | AA22: 0 | AB22: 72 | AC22: 37 | AD22: =AD21+1 -> 13 | AE22: =IF(I22>S22,I22-S22,I22-S22) -> -85.7765
A23: =A22+1 -> 14 | B23: 6877.42 | C23: 208530 | D23: =C23-C22 -> -614 | E23: =C23-152000 -> 56530 | F23: =D23/$D$2 -> -309.55382 | G23: 286 | H23: 0.15 | I23: =G23+H23 -> 286.15 | J23: =IF(L23>0,L23,0) -> 2.076181 | K23: =I23+J23 -> 288.22618 | L23: =F23-(I23-X23) -> 2.076181 | M23: 236 | N23: 0 | O23: =6.36*1.05 -> 6.678 | P23: =M23-(N23+O23) -> 229.322 | Q23: 57 | R23: 75 | S23: =SUM(P23:R23) -> 361.322 | T23: =T22+AE23 -> 7001.419 | U23: 210.78 | V23: 19 | W23: =W22-V23 -> 4924.7787 | X23: =N23+O23+S23+U23+V23 -> 597.78 | Y23: =IF(L23<0,L23*-1,0) -> 0 | Z23: =X23+Y23 -> 597.78 | AA23: 0 | AB23: 76 | AC23: 40 | AD23: =AD22+1 -> 14 | AE23: =IF(I23>S23,I23-S23,I23-S23) -> -75.172
A24: =A23+1 -> 15 | B24: 6877.22 | C24: 207946 | D24: =C24-C23 -> -584 | E24: =C24-152000 -> 55946 | F24: =D24/$D$2 -> -294.42904 | G24: 297 | H24: 0.11 | I24: =G24+H24 -> 297.11 | J24: =IF(L24>0,L24,0) -> 0 | K24: =I24+J24 -> 297.11 | L24: =F24-(I24-X24) -> -15.47904 | M24: 202 | N24: 0 | O24: =10.46*1.05 -> 10.983 | P24: =M24-(N24+O24) -> 191.017 | Q24: 39 | R24: 74 | S24: =SUM(P24:R24) -> 304.017 | T24: =T23+AE24 -> 6994.512 | U24: 242.06 | V24: 19 | W24: =W23-V24 -> 4905.7787 | X24: =N24+O24+S24+U24+V24 -> 576.06 | Y24: =IF(L24<0,L24*-1,0) -> 15.47904 | Z24: =X24+Y24 -> 591.53904 | AA24: 0 | AB24: 76 | AC24: 42 | AD24: =AD23+1 -> 15 | AE24: =IF(I24>S24,I24-S24,I24-S24) -> -6.907
A25: =A24+1 -> 16 | B25: 6877 | C25: 207304 | D25: =C25-C24 -> -642 | E25: =C25-152000 -> 55304 | F25: =D25/$D$2 -> -323.67028 | G25: 315 | H25: 0.07 | I25: =G25+H25 -> 315.07 | J25: =IF(L25>0,L25,0) -> 0 | K25: =I25+J25 -> 315.07 | L25: =F25-(I25-X25) -> -59.27028 | M25: 196 | N25: 0 | O25: =13.79*1.05 -> 14.4795 | P25: =M25-(N25+O25) -> 181.5205 | Q25: 39 | R25: 74 | S25: =SUM(P25:R25) -> 294.5205 | T25: =T24+AE25 -> 7015.0615 | U25: 251.47 | V25: 19 | W25: =W24-V25 -> 4886.7787 | X25: =N25+O25+S25+U25+V25 -> 579.47 | Y25: =IF(L25<0,L25*-1,0) -> 59.27028 | Z25: =X25+Y25 -> 638.74028 | AA25: 0 | AB25: 76 | AC25: 42 | AD25: =AD24+1 -> 16 | AE25: =IF(I25>S25,I25-S25,I25-S25) -> 20.5495
A26: =A25+1 -> 17 | B26: 6876.78 | C26: 206668 | D26: =C26-C25 -> -636 | E26: =C26-152000 -> 54668 | F26: =D26/$D$2 -> -320.64532 | G26: 301 | H26: 0.02 | I26: =G26+H26 -> 301.02 | J26: =IF(L26>0,L26,0) -> 0 | K26: =I26+J26 -> 301.02 | L26: =F26-(I26-X26) -> -26.175324 | M26: 203 | N26: 0 | O26: =23.56*1.05 -> 24.738 | P26: =M26-(N26+O26) -> 178.262 | Q26: 46 | R26: 73 | S26: =SUM(P26:R26) -> 297.262 | T26: =T25+AE26 -> 7018.8195 | U26: 254.49 | V26: 19 | W26: =W25-V26 -> 4867.7787 | X26: =N26+O26+S26+U26+V26 -> 595.49 | Y26: =IF(L26<0,L26*-1,0) -> 26.175324 | Z26: =X26+Y26 -> 621.66532 | AA26: 0 | AB26: 79 | AC26: 45 | AD26: =AD25+1 -> 17 | AE26: =IF(I26>S26,I26-S26,I26-S26) -> 3.758
A27: =A26+1 -> 18 | B27: 6876.58 | C27: 206090 | D27: =C27-C26 -> -578 | E27: =C27-152000 -> 54090 | F27: =D27/$D$2 -> -291.40408 | G27: 317 | H27: 0 | I27: =G27+H27 -> 317 | J27: =IF(L27>0,L27,0) -> 0 | K27: =I27+J27 -> 317 | L27: =F27-(I27-X27) -> -11.374084 | M27: 206 | N27: 0 | O27: =19.38*1.05 -> 20.349 | P27: =M27-(N27+O27) -> 185.651 | Q27: 57 | R27: 73 | S27: =SUM(P27:R27) -> 315.651 | T27: =T26+AE27 -> 7020.1685 | U27: 242.03 | V27: 19 | W27: =W26-V27 -> 4848.7787 | X27: =N27+O27+S27+U27+V27 -> 597.03 | Y27: =IF(L27<0,L27*-1,0) -> 11.374084 | Z27: =X27+Y27 -> 608.40408 | AA27: 0 | AB27: 80 | AC27: 47 | AD27: =AD26+1 -> 18 | AE27: =IF(I27>S27,I27-S27,I27-S27) -> 1.349
A28: =A27+1 -> 19 | B28: 6876.38 | C28: 205513 | D28: =C28-C27 -> -577 | E28: =C28-152000 -> 53513 | F28: =D28/$D$2 -> -290.89992 | G28: 326 | H28: 0 | I28: =G28+H28 -> 326 | J28: =IF(L28>0,L28,0) -> 0 | K28: =I28+J28 -> 326 | L28: =F28-(I28-X28) -> -65.009924 | M28: 199 | N28: 0 | O28: =10.03*1.05 -> 10.5315 | P28: =M28-(N28+O28) -> 188.4685 | Q28: 61 | R28: 74 | S28: =SUM(P28:R28) -> 323.4685 | T28: =T27+AE28 -> 7022.7 | U28: 198.89 | V28: 19 | W28: =W27-V28 -> 4829.7787 | X28: =N28+O28+S28+U28+V28 -> 551.89 | Y28: =IF(L28<0,L28*-1,0) -> 65.009924 | Z28: =X28+Y28 -> 616.89992 | AA28: 0 | AB28: 81 | AC28: 49 | AD28: =AD27+1 -> 19 | AE28: =IF(I28>S28,I28-S28,I28-S28) -> 2.5315
A29: =A28+1 -> 20 | B29: 6876.23 | C29: 205080 | D29: =C29-C28 -> -433 | E29: =C29-152000 -> 53080 | F29: =D29/$D$2 -> -218.30098 | G29: 304 | H29: 0 | I29: =G29+H29 -> 304 | J29: =IF(L29>0,L29,0) -> 4.8390169 | K29: =I29+J29 -> 308.83902 | L29: =F29-(I29-X29) -> 4.8390169 | M29: 189 | N29: 4.2 | O29: 0 | P29: =M29-(N29+O29) -> 184.8 | Q29: 76 | R29: 73 | S29: =SUM(P29:R29) -> 333.8 | T29: =T28+AE29 -> 6992.9 | U29: 170.14 | V29: 19 | W29: =W28-V29 -> 4810.7787 | X29: =N29+O29+S29+U29+V29 -> 527.14 | Y29: =IF(L29<0,L29*-1,0) -> 0 | Z29: =X29+Y29 -> 527.14 | AA29: 0 | AB29: 78 | AC29: 53 | AD29: =AD28+1 -> 20 | AE29: =IF(I29>S29,I29-S29,I29-S29) -> -29.8
A30: =A29+1 -> 21 | B30: 6876.1 | C30: 204704 | D30: =C30-C29 -> -376 | E30: =C30-152000 -> 52704 | F30: =D30/$D$2 -> -189.5639 | G30: 296 | H30: 0 | I30: =G30+H30 -> 296 | J30: =IF(L30>0,L30,0) -> 2.1560978 | K30: =I30+J30 -> 298.1561 | L30: =F30-(I30-X30) -> 2.1560978 | M30: 188 | N30: 4.2 | O30: =0.29*1.05 -> 0.3045 | P30: =M30-(N30+O30) -> 183.4955 | Q30: 81 | R30: 74 | S30: =SUM(P30:R30) -> 338.4955 | T30: =T29+AE30 -> 6950.4045 | U30: 125.72 | V30: 19 | W30: =W29-V30 -> 4791.7787 | X30: =N30+O30+S30+U30+V30 -> 487.72 | Y30: =IF(L30<0,L30*-1,0) -> 0 | Z30: =X30+Y30 -> 487.72 | AA30: 0 | AB30: 62 | AC30: 36 | AD30: =AD29+1 -> 21 | AE30: =IF(I30>S30,I30-S30,I30-S30) -> -42.4955
A31: =A30+1 -> 22 | B31: 6875.93 | C31: 204215 | D31: =C31-C30 -> -489 | E31: =C31-152000 -> 52215 | F31: =D31/$D$2 -> -246.5339 | G31: 271 | H31: 0 | I31: =G31+H31 -> 271 | J31: =IF(L31>0,L31,0) -> 0 | K31: =I31+J31 -> 271 | L31: =F31-(I31-X31) -> -27.323905 | M31: 171 | N31: 4.2 | O31: 0 | P31: =M31-(N31+O31) -> 166.8 | Q31: 80 | R31: 73 | S31: =SUM(P31:R31) -> 319.8 | T31: =T30+AE31 -> 6901.6045 | U31: 147.21 | V31: 19 | W31: =W30-V31 -> 4772.7787 | X31: =N31+O31+S31+U31+V31 -> 490.21 | Y31: =IF(L31<0,L31*-1,0) -> 27.323905 | Z31: =X31+Y31 -> 517.5339 | AA31: 0 | AB31: 59 | AC31: 27 | AD31: =AD30+1 -> 22 | AE31: =IF(I31>S31,I31-S31,I31-S31) -> -48.8
A32: =A31+1 -> 23 | B32: 6875.73 | C32: 203644 | D32: =C32-C31 -> -571 | E32: =C32-152000 -> 51644 | F32: =D32/$D$2 -> -287.87497 | G32: 222 | H32: 0 | I32: =G32+H32 -> 222 | J32: =IF(L32>0,L32,0) -> 0 | K32: =I32+J32 -> 222 | L32: =F32-(I32-X32) -> -1.1549685 | M32: 181 | N32: 0 | O32: =6.79*1.05 -> 7.1295 | P32: =M32-(N32+O32) -> 173.8705 | Q32: 79 | R32: 73 | S32: =SUM(P32:R32) -> 325.8705 | T32: =T31+AE32 -> 6797.734 | U32: 156.72 | V32: 19 | W32: =W31-V32 -> 4753.7787 | X32: =N32+O32+S32+U32+V32 -> 508.72 | Y32: =IF(L32<0,L32*-1,0) -> 1.1549685 | Z32: =X32+Y32 -> 509.87497 | AA32: 0 | AB32: 64 | AC32: 32 | AD32: =AD31+1 -> 23 | AE32: =IF(I32>S32,I32-S32,I32-S32) -> -103.8705
A33: =A32+1 -> 24 | B33: 6875.47 | C33: 202902 | D33: =C33-C32 -> -742 | E33: =C33-152000 -> 50902 | F33: =D33/$D$2 -> -374.08621 | G33: 195 | H33: 0 | I33: =G33+H33 -> 195 | J33: =IF(L33>0,L33,0) -> 2.6937888 | K33: =I33+J33 -> 197.69379 | L33: =F33-(I33-X33) -> 2.6937888 | M33: 206 | N33: 0 | O33: =10.01*1.05 -> 10.5105 | P33: =M33-(N33+O33) -> 195.4895 | Q33: 91 | R33: 71 | S33: =SUM(P33:R33) -> 357.4895 | T33: =T32+AE33 -> 6635.2445 | U33: 184.78 | V33: 19 | W33: =W32-V33 -> 4734.7787 | X33: =N33+O33+S33+U33+V33 -> 571.78 | Y33: =IF(L33<0,L33*-1,0) -> 0 | Z33: =X33+Y33 -> 571.78 | AA33: 0 | AB33: 64 | AC33: 40 | AD33: =AD32+1 -> 24 | AE33: =IF(I33>S33,I33-S33,I33-S33) -> -162.4895
A34: =A33+1 -> 25 | B34: 6875.14 | C34: 201960 | D34: =C34-C33 -> -942 | E34: =C34-152000 -> 49960 | F34: =D34/$D$2 -> -474.91807 | G34: 176 | H34: 0 | I34: =G34+H34 -> 176 | J34: =IF(L34>0,L34,0) -> 0 | K34: =I34+J34 -> 176 | L34: =F34-(I34-X34) -> -30.368074 | M34: 212 | N34: 0 | O34: =12.59*1.05 -> 13.2195 | P34: =M34-(N34+O34) -> 198.7805 | Q34: 101 | R34: 82 | S34: =SUM(P34:R34) -> 381.7805 | T34: =T33+AE34 -> 6429.464 | U34: 206.55 | V34: 19 | W34: =W33-V34 -> 4715.7787 | X34: =N34+O34+S34+U34+V34 -> 620.55 | Y34: =IF(L34<0,L34*-1,0) -> 30.368074 | Z34: =X34+Y34 -> 650.91807 | AA34: 0 | AB34: 72 | AC34: 38 | AD34: =AD33+1 -> 25 | AE34: =IF(I34>S34,I34-S34,I34-S34) -> -205.7805
A35: =A34+1 -> 26 | B35: 6874.82 | C35: 201053 | D35: =C35-C34 -> -907 | E35: =C35-152000 -> 49053 | F35: =D35/$D$2 -> -457.2725 | G35: 167 | H35: 0 | I35: =G35+H35 -> 167 | J35: =IF(L35>0,L35,0) -> 0 | K35: =I35+J35 -> 167 | L35: =F35-(I35-X35) -> -45.242498 | M35: 216 | N35: 0 | O35: =10.47*1.05 -> 10.9935 | P35: =M35-(N35+O35) -> 205.0065 | Q35: 102 | R35: 71 | S35: =SUM(P35:R35) -> 378.0065 | T35: =T34+AE35 -> 6218.4575 | U35: 171.03 | V35: 19 | W35: =W34-V35 -> 4696.7787 | X35: =N35+O35+S35+U35+V35 -> 579.03 | Y35: =IF(L35<0,L35*-1,0) -> 45.242498 | Z35: =X35+Y35 -> 624.2725 | AA35: 0 | AB35: 76 | AC35: 41 | AD35: =AD34+1 -> 26 | AE35: =IF(I35>S35,I35-S35,I35-S35) -> -211.0065
A36: =A35+1 -> 27 | B36: 6874.5 | C36: 200150 | D36: =C36-C35 -> -903 | E36: =C36-152000 -> 48150 | F36: =D36/$D$2 -> -455.25586 | G36: 158 | H36: 0 | I36: =G36+H36 -> 158 | J36: =IF(L36>0,L36,0) -> 0 | K36: =I36+J36 -> 158 | L36: =F36-(I36-X36) -> -32.935861 | M36: 201 | N36: 0 | O36: 0 | P36: =M36-(N36+O36) -> 201 | Q36: 101 | R36: 70 | S36: =SUM(P36:R36) -> 372 | T36: =T35+AE36 -> 6004.4575 | U36: 189.32 | V36: 19 | W36: =W35-V36 -> 4677.7787 | X36: =N36+O36+S36+U36+V36 -> 580.32 | Y36: =IF(L36<0,L36*-1,0) -> 32.935861 | Z36: =X36+Y36 -> 613.25586 | AA36: 0 | AB36: 79 | AC36: 44 | AD36: =AD35+1 -> 27 | AE36: =IF(I36>S36,I36-S36,I36-S36) -> -214
A37: 28 | B37: 6874.15 | C37: 199163 | D37: =C37-C36 -> -987 | E37: =C37-152000 -> 47163 | F37: =D37/$D$2 -> -497.60524 | G37: 148 | H37: 0 | I37: =G37+H37 -> 148 | J37: =IF(L37>0,L37,0) -> 0 | K37: =I37+J37 -> 148 | L37: =F37-(I37-X37) -> -38.445243 | M37: 208 | N37: 0 | O37: =0.2*1.05 -> 0.21 | P37: =M37-(N37+O37) -> 207.79 | Q37: 100 | R37: 70 | S37: =SUM(P37:R37) -> 377.79 | T37: =T36+AE37 -> 5774.6675 | U37: 210.16 | V37: 19 | W37: =W36-V37 -> 4658.7787 | X37: =N37+O37+S37+U37+V37 -> 607.16 | Y37: =IF(L37<0,L37*-1,0) -> 38.445243 | Z37: =X37+Y37 -> 645.60524 | AA37: 0 | AB37: 81 | AC37: 45 | AD37: 28 | AE37: =IF(I37>S37,I37-S37,I37-S37) -> -229.79
A38: 29 | B38: 6873.82 | C38: 198238 | D38: =C38-C37 -> -925 | E38: =C38-152000 -> 46238 | F38: =D38/$D$2 -> -466.34737 | G38: 146 | H38: 0 | I38: =G38+H38 -> 146 | J38: =IF(L38>0,L38,0) -> 3.3626342 | K38: =I38+J38 -> 149.36263 | L38: =F38-(I38-X38) -> 3.3626342 | M38: 231 | N38: 0 | O38: =2.96*1.05 -> 3.108 | P38: =M38-(N38+O38) -> 227.892 | Q38: 99 | R38: 70 | S38: =SUM(P38:R38) -> 396.892 | T38: =T37+AE38 -> 5523.7755 | U38: 199.71 | V38: 16 | W38: =W37-V38 -> 4642.7787 | X38: =N38+O38+S38+U38+V38 -> 615.71 | Y38: =IF(L38<0,L38*-1,0) -> 0 | Z38: =X38+Y38 -> 615.71 | AA38: 0 | AB38: 86 | AC38: 47 | AD38: 29 | AE38: =IF(I38>S38,I38-S38,I38-S38) -> -250.892
A39: 30 | B39: 6873.47 | C39: 197262 | D39: =C39-C38 -> -976 | E39: =C39-152000 -> 45262 | F39: =D39/$D$2 -> -492.05949 | G39: 147 | H39: 0 | I39: =G39+H39 -> 147 | J39: =IF(L39>0,L39,0) -> 0 | K39: =I39+J39 -> 147 | L39: =F39-(I39-X39) -> -35.759491 | M39: 215 | N39: 0 | O39: =1.98*1.05 -> 2.079 | P39: =M39-(N39+O39) -> 212.921 | Q39: 98 | R39: 75 | S39: =SUM(P39:R39) -> 385.921 | T39: =T38+AE39 -> 5284.8545 | U39: 200.3 | V39: 15 | W39: =W38-V39 -> 4627.7787 | X39: =N39+O39+S39+U39+V39 -> 603.3 | Y39: =IF(L39<0,L39*-1,0) -> 35.759491 | Z39: =X39+Y39 -> 639.05949 | AA39: 0 | AB39: 88 | AC39: 51 | AD39: 30 | AE39: =IF(I39>S39,I39-S39,I39-S39) -> -238.921
A40: 31 | B40: 6873.12 | C40: 196287 | D40: =C40-C39 -> -975 | E40: =C40-152000 -> 44287 | F40: =D40/$D$2 -> -491.55533 | G40: 161 | H40: 0 | I40: =G40+H40 -> 161 | J40: =IF(L40>0,L40,0) -> 0 | K40: =I40+J40 -> 161 | L40: =F40-(I40-X40) -> -32.915331 | M40: 235 | N40: 0 | O40: =2.01*1.05 -> 2.1105 | P40: =M40-(N40+O40) -> 232.8895 | Q40: 98 | R40: 81 | S40: =SUM(P40:R40) -> 411.8895 | T40: =T39+AE40 -> 5033.965 | U40: 190.64 | V40: 15 | W40: =W39-V40 -> 4612.7787 | X40: =N40+O40+S40+U40+V40 -> 619.64 | Y40: =IF(L40<0,L40*-1,0) -> 32.915331 | Z40: =X40+Y40 -> 652.55533 | AA40: 0 | AB40: 91 | AC40: 53 | AD40: 31 | AE40: =IF(I40>S40,I40-S40,I40-S40) -> -250.8895
A42: MONTH / CFS | F42: =SUM(F10:F40) -> -9118.2254 | G42: =SUM(G10:G40) -> 8176 | H42: =SUM(H10:H40) -> 4.06 | I42: =SUM(I10:I40) -> 8180.06 | J42: =SUM(J10:J40) -> 209.88927 | K42: =SUM(K10:K40) -> 8389.9493 | L42: =SUM(L10:L40) -> -639.99536 | M42: =SUM(M10:M40) -> 6408 | ... S42: =SUM(S10:S40) -> 10605.029 | U42: =SUM(U10:U40) -> 5192.29 | V42: =SUM(V10:V40) -> 568 | X42: =SUM(X10:X40) -> 16658.29 | Y42: =SUM(Y10:Y40) -> 849.88463 | Z42: =SUM(Z10:Z40) -> 17508.175 | AA42: =SUM(AA10:AA40) -> 0.06 | AB42: =AVERAGE(AB10:AB40) -> 72.096774 | AC42: =AVERAGE(AC10:AC40) -> 39.741935 | AD42: AVG
A43: MONTH / AF | D43: =SUM(D10:D40) -> -18086 | F43: =F42*$D$2 -> -18086 | G43: =G42*$D$2 -> 16217.096 | H43: =H42*$D$2 -> 8.05301 | I43: =I42*$D$2 -> 16225.149 | J43: =J42*$D$2 -> 416.31538 | K43: =K42*$D$2 -> 16641.464 | L43: =L42*$D$2 -> -1269.4308 | M43: =M42*$D$2 -> 12710.268 | ... S43: =S42*$D$2 -> 21035.075 | U43: =U42*$D$2 -> 10298.907 | V43: =V42*$D$2 -> 1126.628 | X43: =X42*$D$2 -> 33041.718 | Y43: =Y42*$D$2 -> 1685.7462 | Z43: =Z42*$D$2 -> 34727.464 | AB43: =MAX(AB10:AB40) -> 91 | AC43: =MAX(AC10:AC40) -> 53 | AD43: HI
A45: SEASON / CFS | F45: =F7+F42 -> -5686.4129 | G45: =G7+G42 -> 17882 | H45: =H7+H42 -> 27.82 | I45: =I7+I42 -> 17909.82 | J45: =J7+J42 -> 324.78448 | K45: =K7+K42 -> 18234.604 | L45: =L7+L42 -> -1129.3729 | M45: =M7+M42 -> 10335 | ... S45: =S7+S42 -> 12875.855 | T45: =T40+T42 -> 5033.965 | U45: =U7+U42 -> 5671.86 | V45: =V7+V42 -> 1421 | W45: =W40 -> 4612.7787 | X45: =X7+X42 -> 22466.86 | Y45: =Y7+Y42 -> 1454.1574 | Z45: =Z7+Z42 -> 23921.017 | AB45: =MIN(AB10:AB40) -> 59 | AC45: =MIN(AC10:AC40) -> 27 | AD45: LO
A46: SEASON / AF | F46: =F45*$D$2 -> -11279 | G46: =G45*$D$2 -> 35468.947 | H46: =H45*$D$2 -> 55.18097 | I46: =I45*$D$2 -> 35524.128 | J46: =J45*$D$2 -> 644.21001 | K46: =K45*$D$2 -> 36168.338 | L46: =L45*$D$2 -> -2240.1112 | M46: =M45*$D$2 -> 20499.472 | ... V46: =V45*$D$2 -> 2818.5535 | W46: =W45*D2 -> 9149.4465 | X46: =X45*$D$2 -> 44563.017 | Y46: =Y45*$D$2 -> 2884.3212 | Z46: =Z45*$D$2 -> 47447.338
A48: YTD / CFS | F48: =F8+F42 -> -4869.6748 | G48: =G8+G42 -> 24424 | H48: =H8+H42 -> 63.35 | I48: =I8+I42 -> 24439.82 | J48: =J8+J42 -> 1731.3351 | K48: =K8+K42 -> 26171.155 | L48: =L8+L42 -> -858.55482 | M48: =M8+M42 -> 11530.58 | ... S48: =S8+S42 -> 14084.72 | U48: =U8+U42 -> 5671.86 | V48: =V8+V42 -> 6082 | W48: =W40 -> 4612.7787 | X48: =X8+X42 -> 28450.94 | Y48: =Y8+Y42 -> 2589.8899 | Z48: =Z8+Z42 -> 31040.83 | AA48: =AA8+AA42 -> 3.6
A49: YTD / AF | D49: =D8+D43 -> -9659 | E49: =E40 -> 44287 | F49: =F48*$D$2 -> -9659 | G49: =G48*$D$2 -> 48445.004 | H49: =H48*$D$2 -> 125.65472 | I49: =I48*$D$2 -> 48476.383 | J49: =J48*$D$2 -> 3434.1031 | K49: =K48*$D$2 -> 51910.486 | L49: =L48*$D$2 -> -1702.9435 | M49: =M48*$D$2 -> 22870.905 | ... Z49: =Z48*$D$2 -> 61569.486
G51: =7308+2932 -> 10240 | T51: -15086
B52: Slack (to cover evap & M&I) | E52: =E40-((O53+U53+W53+(T53*-1))) -> 6989.8903 | F52: =2932/210 -> 13.961905 | G52: =7308/210 -> 34.8 | O52: 6289 | T52: =F52*F53 -> 823.75238 | U52: 14805
B53: Should be | E53: =G51-G53 -> 7363.0476 | F53: 59 | G53: =(F52*F53)+(G52*F53) -> 2876.9524 | I53: Remaining / based on 44,000 runoff | O53: =O52-O49 -> 345.68027 | T53: =T51+T52-T46 -> -24247.117 | U53: =U52-U49 -> 3554.8657 | W53: =W46 -> 9149.4465
D54: Diff | E54: =E52-E53 -> -373.15728 | F54: Daily M&I & Evap

Sheet JUN
K1: MC PHEE RESERVOIR IN/OUT FLOW TABULATION
A2: AF/cfs CONVERT FACTOR | D2: 1.9835 | K2: JUNE "2002"
A4: DATE | B4: RESERV | C4: RESERV | D4: AC FT | E4: ACTIVE | F4: CONV TO | G4: DOLORES | H4: LOST | I4: RECORDED | J4: CALC | K4: TOTAL | L4: CALC | M4: DOLORES TUNNEL | Q4: LONE | R4: U | S4: TOTAL | T4: MVI | U4: DV CR | V4: BELOW | W4: REMAIN | X4: RECORDED | Y4: CALC | Z4: TOTAL | AA4: RAIN | AB4: MAX | AC4: MIN | AD4: DATE | AE4: MVIC
A5: "JUN" | B5: ELEV | C5: AC FT | D5: CHANGE | E5: CAP | F5: CFS | G5: RIVER | H5: CANYON | I5: INFLOW | J5: INFLOW | K5: INFLOW | L5: INF/OTF | M5: TOT DIV | N5: WETLAND | O5: UTE F&R | P5: MVI/CTZ/MWC | Q5: PINE | R5: LAT | S5: MVI | T5: CALL | U5: CANAL | V5: MC PHEE | W5: RELEASE | X5: OUTFLOW | Y5: OUTFLOW | Z5: OUTFLOW | AB5: TMP | AC5: TMP | AD5: "JUN" | AE5: Daily Call
A7: SEASON BAL | F7: =MAY!F45 -> -5686.4129 | G7: =MAY!G45 -> 17882 | H7: =MAY!H45 -> 27.82 | I7: =MAY!I45 -> 17909.82 | J7: =MAY!J45 -> 324.78448 | K7: =MAY!K45 -> 18234.604 | L7: =MAY!L45 -> -1129.3729 | M7: =MAY!M45 -> 10335 | ... V7: =MAY!V45 -> 1421 | X7: =MAY!X45 -> 22466.86 | Y7: =MAY!Y45 -> 1454.1574 | Z7: =MAY!Z45 -> 23921.017
A8: YTD | B8: =MAY!B40 -> 6873.12 | C8: =MAY!C40 -> 196287 | D8: =MAY!D49 -> -9659 | E8: =MAY!E49 -> 44287 | F8: =MAY!F48 -> -4869.6748 | G8: =MAY!G48 -> 24424 | H8: =MAY!H48 -> 63.35 | I8: =MAY!I48 -> 24439.82 | J8: =MAY!J48 -> 1731.3351 | K8: =MAY!K48 -> 26171.155 | L8: =MAY!L48 -> -858.55482 | M8: =MAY!M48 -> 11530.58 | ... AA8: =MAY!AA48 -> 3.6
O9: 0 | R9: 0
A10: 1 | B10: 6872.82 | C10: 195457 | D10: =C10-C8 -> -830 | E10: =C10-152000 -> 43457 | F10: =D10/$D$2 -> -418.45223 | G10: 169 | H10: 0 | I10: =G10+H10 -> 169 | J10: =IF(L10>0,L10,0) -> 13.877769 | K10: =I10+J10 -> 182.87777 | L10: =F10-(I10-X10) -> 13.877769 | M10: 235 | N10: 0 | O10: =1.97*1.05 -> 2.0685 | P10: =M10-(N10+O10) -> 232.9315 | Q10: 117 | R10: 80 | S10: =SUM(P10:R10) -> 429.9315 | T10: =T7+AE10 -> 4773.0335 | U10: 154.33 | V10: 15 | W10: =W8-V10 -> 4597.7787 | X10: =N10+O10+S10+U10+V10 -> 601.33 | Y10: =IF(L10<0,L10*-1,0) -> 0 | Z10: =X10+Y10 -> 601.33 | AA10: 0 | AB10: 93 | AC10: 52 | AD10: 1 | AE10: =IF(I10>S10,I10-S10,I10-S10) -> -260.9315
A11: =A10+1 -> 2 | B11: 6872.54 | C11: 194687 | D11: =C11-C10 -> -770 | E11: =C11-152000 -> 42687 | F11: =D11/$D$2 -> -388.20267 | G11: 161 | H11: 0 | I11: =G11+H11 -> 161 | J11: =IF(L11>0,L11,0) -> 8.827328 | K11: =I11+J11 -> 169.82733 | L11: =F11-(I11-X11) -> 8.827328 | M11: 226 | N11: 0 | O11: =6.57*1.05 -> 6.8985 | P11: =M11-(N11+O11) -> 219.1015 | Q11: 129 | R11: 81 | S11: =SUM(P11:R11) -> 429.1015 | T11: =T10+AE11 -> 4504.932 | U11: 107.03 | V11: 15 | W11: =W10-V11 -> 4582.7787 | X11: =N11+O11+S11+U11+V11 -> 558.03 | Y11: =IF(L11<0,L11*-1,0) -> 0 | Z11: =X11+Y11 -> 558.03 | AA11: 0 | AB11: 92 | AC11: 54 | AD11: =AD10+1 -> 2 | AE11: =IF(I11>S11,I11-S11,I11-S11) -> -268.1015
A12: =A11+1 -> 3 | B12: 6872.19 | C12: 193724 | D12: =C12-C11 -> -963 | E12: =C12-152000 -> 41724 | F12: =D12/$D$2 -> -485.50542 | G12: 143 | H12: 0 | I12: =G12+H12 -> 143 | J12: =IF(L12>0,L12,0) -> 0 | K12: =I12+J12 -> 143 | L12: =F12-(I12-X12) -> -53.65542 | M12: 226 | N12: 2.5 | O12: =1.29*1.05 -> 1.3545 | P12: =M12-(N12+O12) -> 222.1455 | Q12: 128 | R12: 78 | S12: =SUM(P12:R12) -> 428.1455 | T12: =T11+AE12 -> 4219.7865 | U12: 127.85 | V12: 15 | W12: =W11-V12 -> 4567.7787 | X12: =N12+O12+S12+U12+V12 -> 574.85 | Y12: =IF(L12<0,L12*-1,0) -> 53.65542 | Z12: =X12+Y12 -> 628.50542 | AA12: 0 | AB12: 80 | AC12: 47 | AD12: =AD11+1 -> 3 | AE12: =IF(I12>S12,I12-S12,I12-S12) -> -285.1455
A13: =A12+1 -> 4 | B13: 6871.86 | C13: 192820 | D13: =C13-C12 -> -904 | E13: =C13-152000 -> 40820 | F13: =D13/$D$2 -> -455.76002 | G13: 132 | H13: 0 | I13: =G13+H13 -> 132 | J13: =IF(L13>0,L13,0) -> 0 | K13: =I13+J13 -> 132 | L13: =F13-(I13-X13) -> -40.41002 | M13: 217 | N13: 2.5 | O13: =1.38*1.05 -> 1.449 | P13: =M13-(N13+O13) -> 213.051 | Q13: 128 | R13: 77 | S13: =SUM(P13:R13) -> 418.051 | T13: =T12+AE13 -> 3933.7355 | U13: 111.35 | V13: 14 | W13: =W12-V13 -> 4553.7787 | X13: =N13+O13+S13+U13+V13 -> 547.35 | Y13: =IF(L13<0,L13*-1,0) -> 40.41002 | Z13: =X13+Y13 -> 587.76002 | AA13: 0 | AB13: 72 | AC13: 42 | AD13: =AD12+1 -> 4 | AE13: =IF(I13>S13,I13-S13,I13-S13) -> -286.051
A14: =A13+1 -> 5 | B14: 6871.52 | C14: 191897 | D14: =C14-C13 -> -923 | E14: =C14-152000 -> 39897 | F14: =D14/$D$2 -> -465.33905 | G14: 118 | H14: 0 | I14: =G14+H14 -> 118 | J14: =IF(L14>0,L14,0) -> 0 | K14: =I14+J14 -> 118 | L14: =F14-(I14-X14) -> -29.649047 | M14: 206 | N14: 0 | O14: 0 | P14: =M14-(N14+O14) -> 206 | Q14: 126 | R14: 77 | S14: =SUM(P14:R14) -> 409 | T14: =T13+AE14 -> 3642.7355 | U14: 130.69 | V14: 14 | W14: =W13-V14 -> 4539.7787 | X14: =N14+O14+S14+U14+V14 -> 553.69 | Y14: =IF(L14<0,L14*-1,0) -> 29.649047 | Z14: =X14+Y14 -> 583.33905 | AA14: 0 | AB14: 79 | AC14: 42 | AD14: 5 | AE14: =IF(I14>S14,I14-S14,I14-S14) -> -291
A15: =A14+1 -> 6 | B15: 6871.12 | C15: 190810 | D15: =C15-C14 -> -1087 | E15: =C15-152000 -> 38810 | F15: =D15/$D$2 -> -548.02117 | G15: 105 | H15: 0 | I15: =G15+H15 -> 105 | J15: =IF(L15>0,L15,0) -> 0 | K15: =I15+J15 -> 105 | L15: =F15-(I15-X15) -> -37.671175 | M15: 234 | N15: 0 | O15: 0 | P15: =M15-(N15+O15) -> 234 | Q15: 152 | R15: 84 | S15: =SUM(P15:R15) -> 470 | T15: =T14+AE15 -> 3277.7355 | U15: 130.35 | V15: 15 | W15: =W14-V15 -> 4524.7787 | X15: =N15+O15+S15+U15+V15 -> 615.35 | Y15: =IF(L15<0,L15*-1,0) -> 37.671175 | Z15: =X15+Y15 -> 653.02117 | AA15: 0 | AB15: 85 | AC15: 47 | AD15: =AD14+1 -> 6 | AE15: =IF(I15>S15,I15-S15,I15-S15) -> -365
A16: =A15+1 -> 7 | B16: 6870.74 | C16: 189787 | D16: =C16-C15 -> -1023 | E16: =C16-152000 -> 37787 | F16: =D16/$D$2 -> -515.75498 | G16: 97 | H16: 0 | I16: =G16+H16 -> 97 | J16: =IF(L16>0,L16,0) -> 0 | K16: =I16+J16 -> 97 | L16: =F16-(I16-X16) -> -29.034979 | M16: 207 | N16: 0 | O16: 0 | P16: =M16-(N16+O16) -> 207 | Q16: 168 | R16: 86 | S16: =SUM(P16:R16) -> 461 | T16: =T15+AE16 -> 2913.7355 | U16: 108.72 | V16: 14 | W16: =W15-V16 -> 4510.7787 | X16: =N16+O16+S16+U16+V16 -> 583.72 | Y16: =IF(L16<0,L16*-1,0) -> 29.034979 | Z16: =X16+Y16 -> 612.75498 | AA16: 0 | AB16: 87 | AC16: 51 | AD16: =AD15+1 -> 7 | AE16: =IF(I16>S16,I16-S16,I16-S16) -> -364
A17: =A16+1 -> 8 | B17: 6870.38 | C17: 188822 | D17: =C17-C16 -> -965 | E17: =C17-152000 -> 36822 | F17: =D17/$D$2 -> -486.51374 | G17: 91 | H17: 0 | I17: =G17+H17 -> 91 | J17: =IF(L17>0,L17,0) -> 0 | K17: =I17+J17 -> 91 | L17: =F17-(I17-X17) -> -16.573738 | M17: 216 | N17: 0 | O17: 0 | P17: =M17-(N17+O17) -> 216 | Q17: 168 | R17: 86 | S17: =SUM(P17:R17) -> 470 | T17: =T16+AE17 -> 2534.7355 | U17: 76.94 | V17: 14 | W17: =W16-V17 -> 4496.7787 | X17: =N17+O17+S17+U17+V17 -> 560.94 | Y17: =IF(L17<0,L17*-1,0) -> 16.573738 | Z17: =X17+Y17 -> 577.51374 | AA17: 0 | AB17: 87 | AC17: 50 | AD17: =AD16+1 -> 8 | AE17: =IF(I17>S17,I17-S17,I17-S17) -> -379
A18: =A17+1 -> 9 | B18: 6870.01 | C18: 187830 | D18: =C18-C17 -> -992 | E18: =C18-152000 -> 35830 | F18: =D18/$D$2 -> -500.12604 | G18: 88 | H18: 0 | I18: =G18+H18 -> 88 | J18: =IF(L18>0,L18,0) -> 0 | K18: =I18+J18 -> 88 | L18: =F18-(I18-X18) -> -80.22604 | M18: 205 | N18: 2.5 | O18: =1.34*1.05 -> 1.407 | P18: =M18-(N18+O18) -> 201.093 | Q18: 168 | R18: 86 | S18: =SUM(P18:R18) -> 455.093 | T18: =T17+AE18 -> 2167.6425 | U18: 34.9 | V18: 14 | W18: =W17-V18 -> 4482.7787 | X18: =N18+O18+S18+U18+V18 -> 507.9 | Y18: =IF(L18<0,L18*-1,0) -> 80.22604 | Z18: =X18+Y18 -> 588.12604 | AA18: 0 | AB18: 86 | AC18: 58 | AD18: =AD17+1 -> 9 | AE18: =IF(I18>S18,I18-S18,I18-S18) -> -367.093
A19: =A18+1 -> 10 | B19: 6869.68 | C19: 186957 | D19: =C19-C18 -> -873 | E19: =C19-152000 -> 34957 | F19: =D19/$D$2 -> -440.13108 | G19: 83 | H19: 0 | I19: =G19+H19 -> 83 | J19: =IF(L19>0,L19,0) -> 31.288919 | K19: =I19+J19 -> 114.28892 | L19: =F19-(I19-X19) -> 31.288919 | M19: 219 | N19: 2.5 | O19: 0.263 | P19: =M19-(N19+O19) -> 216.237 | Q19: 166 | R19: 85 | S19: =SUM(P19:R19) -> 467.237 | T19: =T18+AE19 -> 1783.4055 | U19: 70.42 | V19: 14 | W19: =W18-V19 -> 4468.7787 | X19: =N19+O19+S19+U19+V19 -> 554.42 | Y19: =IF(L19<0,L19*-1,0) -> 0 | Z19: =X19+Y19 -> 554.42 | AA19: 0 | AB19: 78 | AC19: 42 | AD19: =AD18+1 -> 10 | AE19: =IF(I19>S19,I19-S19,I19-S19) -> -384.237
A20: =A19+1 -> 11 | B20: 6869.31 | C20: 185978 | D20: =C20-C19 -> -979 | E20: =C20-152000 -> 33978 | F20: =D20/$D$2 -> -493.57197 | G20: 81 | H20: 0 | I20: =G20+H20 -> 81 | J20: =IF(L20>0,L20,0) -> 0 | K20: =I20+J20 -> 81 | L20: =F20-(I20-X20) -> -8.7219687 | M20: 222 | N20: 0 | O20: 0 | P20: =M20-(N20+O20) -> 222 | Q20: 164 | R20: 84 | S20: =SUM(P20:R20) -> 470 | T20: =T19+AE20 -> 1394.4055 | U20: 81.85 | V20: 14 | W20: =W19-V20 -> 4454.7787 | X20: =N20+O20+S20+U20+V20 -> 565.85 | Y20: =IF(L20<0,L20*-1,0) -> 8.7219687 | Z20: =X20+Y20 -> 574.57197 | AA20: 0 | AB20: 80 | AC20: 44 | AD20: =AD19+1 -> 11 | AE20: =IF(I20>S20,I20-S20,I20-S20) -> -389
A21: =A20+1 -> 12 | B21: 6869.04 | C21: 185264 | D21: =C21-C20 -> -714 | E21: =C21-152000 -> 33264 | F21: =D21/$D$2 -> -359.96975 | G21: 72 | H21: 0 | I21: =G21+H21 -> 72 | J21: =IF(L21>0,L21,0) -> 0 | K21: =I21+J21 -> 72 | L21: =F21-(I21-X21) -> -27.50975 | M21: 133 | N21: 2.5 | O21: 0 | P21: =M21-(N21+O21) -> 130.5 | Q21: 163 | R21: 20 | S21: =SUM(P21:R21) -> 313.5 | T21: =T20+AE21 -> 1152.9055 | U21: 74.46 | V21: 14 | W21: =W20-V21 -> 4440.7787 | X21: =N21+O21+S21+U21+V21 -> 404.46 | Y21: =IF(L21<0,L21*-1,0) -> 27.50975 | Z21: =X21+Y21 -> 431.96975 | AA21: 0 | AB21: 84 | AC21: 47 | AD21: =AD20+1 -> 12 | AE21: =IF(I21>S21,I21-S21,I21-S21) -> -241.5
A22: =A21+1 -> 13 | B22: 6868.79 | C22: 184610 | D22: =C22-C21 -> -654 | E22: =C22-152000 -> 32610 | F22: =D22/$D$2 -> -329.72019 | G22: 66 | H22: 0 | I22: =G22+H22 -> 66 | J22: =IF(L22>0,L22,0) -> 0 | K22: =I22+J22 -> 66 | L22: =F22-(I22-X22) -> -44.290192 | M22: 95 | N22: 0 | O22: 0 | P22: =M22-(N22+O22) -> 95 | Q22: 199 | R22: 0 | S22: =SUM(P22:R22) -> 294 | T22: =T21+AE22 -> 924.9055 | U22: 43.43 | V22: 14 | W22: =W21-V22 -> 4426.7787 | X22: =N22+O22+S22+U22+V22 -> 351.43 | Y22: =IF(L22<0,L22*-1,0) -> 44.290192 | Z22: =X22+Y22 -> 395.72019 | AA22: 0 | AB22: 86 | AC22: 50 | AD22: =AD21+1 -> 13 | AE22: =IF(I22>S22,I22-S22,I22-S22) -> -228
A23: =A22+1 -> 14 | B23: 6868.53 | C23: 183932 | D23: =C23-C22 -> -678 | E23: =C23-152000 -> 31932 | F23: =D23/$D$2 -> -341.82002 | G23: 59 | H23: 0 | I23: =G23+H23 -> 59 | J23: =IF(L23>0,L23,0) -> 0 | K23: =I23+J23 -> 59 | L23: =F23-(I23-X23) -> -22.540015 | M23: 113 | N23: 0 | O23: 0 | P23: =M23-(N23+O23) -> 113 | Q23: 198 | R23: 0 | S23: =SUM(P23:R23) -> 311 | T23: =T22+AE23 -> 672.9055 | U23: 53.28 | V23: 14 | W23: =W22-V23 -> 4412.7787 | X23: =N23+O23+S23+U23+V23 -> 378.28 | Y23: =IF(L23<0,L23*-1,0) -> 22.540015 | Z23: =X23+Y23 -> 400.82002 | AA23: 0 | AB23: 89 | AC23: 50 | AD23: =AD22+1 -> 14 | AE23: =IF(I23>S23,I23-S23,I23-S23) -> -252
A24: =A23+1 -> 15 | B24: 6868.36 | C24: 183489 | D24: =C24-C23 -> -443 | E24: =C24-152000 -> 31489 | F24: =D24/$D$2 -> -223.34258 | G24: 55 | H24: 0 | I24: =G24+H24 -> 55 | J24: =IF(L24>0,L24,0) -> 0 | K24: =I24+J24 -> 55 | L24: =F24-(I24-X24) -> -34.502576 | M24: 114 | N24: 0 | O24: 0 | P24: =M24-(N24+O24) -> 114 | Q24: 72 | R24: 0 | S24: =SUM(P24:R24) -> 186 | T24: =T23+AE24 -> 541.9055 | U24: 43.84 | V24: 14 | W24: =W23-V24 -> 4398.7787 | X24: =N24+O24+S24+U24+V24 -> 243.84 | Y24: =IF(L24<0,L24*-1,0) -> 34.502576 | Z24: =X24+Y24 -> 278.34258 | AA24: 0 | AB24: 87 | AC24: 47 | AD24: =AD23+1 -> 15 | AE24: =IF(I24>S24,I24-S24,I24-S24) -> -131
A25: =A24+1 -> 16 | B25: 6868.26 | C25: 183228 | D25: =C25-C24 -> -261 | E25: =C25-152000 -> 31228 | F25: =D25/$D$2 -> -131.58558 | G25: 53 | H25: 0 | I25: =G25+H25 -> 53 | J25: =IF(L25>0,L25,0) -> 0 | K25: =I25+J25 -> 53 | L25: =F25-(I25-X25) -> -23.915581 | M25: 111 | N25: 0 | O25: =0.03*1.05 -> 0.0315 | P25: =M25-(N25+O25) -> 110.9685 | Q25: 0 | R25: 0 | S25: =SUM(P25:R25) -> 110.9685 | T25: =T24+AE25 -> 483.937 | U25: 35.67 | V25: 14 | W25: =W24-V25 -> 4384.7787 | X25: =N25+O25+S25+U25+V25 -> 160.67 | Y25: =IF(L25<0,L25*-1,0) -> 23.915581 | Z25: =X25+Y25 -> 184.58558 | AA25: 0 | AB25: 88 | AC25: 52 | AD25: =AD24+1 -> 16 | AE25: =IF(I25>S25,I25-S25,I25-S25) -> -57.9685
A26: =A25+1 -> 17 | B26: 6868.18 | C26: 183019 | D26: =C26-C25 -> -209 | E26: =C26-152000 -> 31019 | F26: =D26/$D$2 -> -105.3693 | G26: 51 | H26: 0 | I26: =G26+H26 -> 51 | J26: =IF(L26>0,L26,0) -> 0 | K26: =I26+J26 -> 51 | L26: =F26-(I26-X26) -> -3.5092967 | M26: 104 | N26: 0 | O26: 0 | P26: =M26-(N26+O26) -> 104 | Q26: 0 | R26: 0 | S26: =SUM(P26:R26) -> 104 | T26: =T25+AE26 -> 430.937 | U26: 34.86 | V26: 14 | W26: =W25-V26 -> 4370.7787 | X26: =N26+O26+S26+U26+V26 -> 152.86 | Y26: =IF(L26<0,L26*-1,0) -> 3.5092967 | Z26: =X26+Y26 -> 156.3693 | AA26: 0 | AB26: 89 | AC26: 50 | AD26: =AD25+1 -> 17 | AE26: =IF(I26>S26,I26-S26,I26-S26) -> -53
A27: =A26+1 -> 18 | B27: 6868.08 | C27: 182759 | D27: =C27-C26 -> -260 | E27: =C27-152000 -> 30759 | F27: =D27/$D$2 -> -131.08142 | G27: 45 | H27: 0 | I27: =G27+H27 -> 45 | J27: =IF(L27>0,L27,0) -> 0 | K27: =I27+J27 -> 45 | L27: =F27-(I27-X27) -> -14.171422 | M27: 113 | N27: 0 | O27: 0 | P27: =M27-(N27+O27) -> 113 | Q27: 0 | R27: 0 | S27: =SUM(P27:R27) -> 113 | T27: =T26+AE27 -> 362.937 | U27: 34.91 | V27: 14 | W27: =W26-V27 -> 4356.7787 | X27: =N27+O27+S27+U27+V27 -> 161.91 | Y27: =IF(L27<0,L27*-1,0) -> 14.171422 | Z27: =X27+Y27 -> 176.08142 | AA27: 0 | AB27: 89 | AC27: 49 | AD27: =AD26+1 -> 18 | AE27: =IF(I27>S27,I27-S27,I27-S27) -> -68
A28: =A27+1 -> 19 | B28: 6868 | C28: 182550 | D28: =C28-C27 -> -209 | E28: =C28-152000 -> 30550 | F28: =D28/$D$2 -> -105.3693 | G28: 43 | H28: 0 | I28: =G28+H28 -> 43 | J28: =IF(L28>0,L28,0) -> 0 | K28: =I28+J28 -> 43 | L28: =F28-(I28-X28) -> -18.769297 | M28: 97 | N28: 0 | O28: 0 | P28: =M28-(N28+O28) -> 97 | Q28: 0 | R28: 0 | S28: =SUM(P28:R28) -> 97 | T28: =T27+AE28 -> 308.937 | U28: 18.6 | V28: 14 | W28: =W27-V28 -> 4342.7787 | X28: =N28+O28+S28+U28+V28 -> 129.6 | Y28: =IF(L28<0,L28*-1,0) -> 18.769297 | Z28: =X28+Y28 -> 148.3693 | AA28: 0 | AB28: 88 | AC28: 48 | AD28: =AD27+1 -> 19 | AE28: =IF(I28>S28,I28-S28,I28-S28) -> -54
A29: =A28+1 -> 20 | B29: 6867.91 | C29: 182319 | D29: =C29-C28 -> -231 | E29: =C29-152000 -> 30319 | F29: =D29/$D$2 -> -116.4608 | G29: 40 | H29: 0 | I29: =G29+H29 -> 40 | J29: =IF(L29>0,L29,0) -> 0 | K29: =I29+J29 -> 40 | L29: =F29-(I29-X29) -> -2.8808016 | M29: 105 | N29: 0 | O29: 0 | P29: =M29-(N29+O29) -> 105 | Q29: 0 | R29: 0 | S29: =SUM(P29:R29) -> 105 | T29: =T28+AE29 -> 243.937 | U29: 34.58 | V29: 14 | W29: =W28-V29 -> 4328.7787 | X29: =N29+O29+S29+U29+V29 -> 153.58 | Y29: =IF(L29<0,L29*-1,0) -> 2.8808016 | Z29: =X29+Y29 -> 156.4608 | AA29: 0 | AB29: 89 | AC29: 50 | AD29: =AD28+1 -> 20 | AE29: =IF(I29>S29,I29-S29,I29-S29) -> -65
A30: =A29+1 -> 21 | B30: 6867.8 | C30: 182036 | D30: =C30-C29 -> -283 | E30: =C30-152000 -> 30036 | F30: =D30/$D$2 -> -142.67709 | G30: 40 | H30: 0 | I30: =G30+H30 -> 40 | J30: =IF(L30>0,L30,0) -> 0 | K30: =I30+J30 -> 40 | L30: =F30-(I30-X30) -> -61.907086 | M30: 92 | N30: 0 | O30: =0.53*1.05 -> 0.5565 | P30: =M30-(N30+O30) -> 91.4435 | Q30: 0 | R30: 0 | S30: =SUM(P30:R30) -> 91.4435 | T30: =T29+AE30 -> 192.4935 | U30: 14.77 | V30: 14 | W30: =W29-V30 -> 4314.7787 | X30: =N30+O30+S30+U30+V30 -> 120.77 | Y30: =IF(L30<0,L30*-1,0) -> 61.907086 | Z30: =X30+Y30 -> 182.67709 | AA30: 0 | AB30: 87 | AC30: 63 | AD30: =AD29+1 -> 21 | AE30: =IF(I30>S30,I30-S30,I30-S30) -> -51.4435
A31: =A30+1 -> 22 | B31: 6867.75 | C31: 181907 | D31: =C31-C30 -> -129 | E31: =C31-152000 -> 29907 | F31: =D31/$D$2 -> -65.036552 | G31: 38 | H31: 0 | I31: =G31+H31 -> 38 | J31: =IF(L31>0,L31,0) -> 16.433448 | K31: =I31+J31 -> 54.433448 | L31: =F31-(I31-X31) -> 16.433448 | M31: 89 | N31: 0 | O31: 0 | P31: =M31-(N31+O31) -> 89 | Q31: 0 | R31: 0 | S31: =SUM(P31:R31) -> 89 | T31: =T30+AE31 -> 141.4935 | U31: 16.47 | V31: 14 | W31: =W30-V31 -> 4300.7787 | X31: =N31+O31+S31+U31+V31 -> 119.47 | Y31: =IF(L31<0,L31*-1,0) -> 0 | Z31: =X31+Y31 -> 119.47 | AA31: 0 | AB31: 86 | AC31: 54 | AD31: =AD30+1 -> 22 | AE31: =IF(I31>S31,I31-S31,I31-S31) -> -51
A32: =A31+1 -> 23 | B32: 6867.58 | C32: 181470 | D32: =C32-C31 -> -437 | E32: =C32-152000 -> 29470 | F32: =D32/$D$2 -> -220.31762 | G32: 36 | H32: 0 | I32: =G32+H32 -> 36 | J32: =IF(L32>0,L32,0) -> 0 | K32: =I32+J32 -> 36 | L32: =F32-(I32-X32) -> -39.21762 | M32: 118 | N32: 0 | O32: 0 | P32: =M32-(N32+O32) -> 118 | Q32: 44 | R32: 13 | S32: =SUM(P32:R32) -> 175 | T32: =T31+AE32 -> 2.4935 | U32: 28.1 | V32: 14 | W32: =W31-V32 -> 4286.7787 | X32: =N32+O32+S32+U32+V32 -> 217.1 | Y32: =IF(L32<0,L32*-1,0) -> 39.21762 | Z32: =X32+Y32 -> 256.31762 | AA32: 0 | AB32: 86 | AC32: 49 | AD32: =AD31+1 -> 23 | AE32: =IF(I32>S32,I32-S32,I32-S32) -> -139
A33: =A32+1 -> 24 | B33: 6867.18 | C33: 180442 | D33: =C33-C32 -> -1028 | E33: =C33-152000 -> 28442 | F33: =D33/$D$2 -> -518.27578 | G33: 35 | H33: 0 | I33: =G33+H33 -> 35 | J33: =IF(L33>0,L33,0) -> 0 | K33: =I33+J33 -> 35 | L33: =F33-(I33-X33) -> -49.045775 | M33: 232 | N33: 0 | O33: 0 | P33: =M33-(N33+O33) -> 232 | Q33: 169 | R33: 65 | S33: =SUM(P33:R33) -> 466 | T33: =T32+AE33 -> -428.5065 | U33: 24.23 | V33: 14 | W33: =W32-V33 -> 4272.7787 | X33: =N33+O33+S33+U33+V33 -> 504.23 | Y33: =IF(L33<0,L33*-1,0) -> 49.045775 | Z33: =X33+Y33 -> 553.27578 | AA33: 0 | AB33: 90 | AC33: 51 | AD33: =AD32+1 -> 24 | AE33: =IF(I33>S33,I33-S33,I33-S33) -> -431
A34: =A33+1 -> 25 | B34: 6866.78 | C34: 179421 | D34: =C34-C33 -> -1021 | E34: =C34-152000 -> 27421 | F34: =D34/$D$2 -> -514.74666 | G34: 32 | H34: 0 | I34: =G34+H34 -> 32 | J34: =IF(L34>0,L34,0) -> 0 | K34: =I34+J34 -> 32 | L34: =F34-(I34-X34) -> -46.00666 | M34: 223 | N34: 0 | O34: 0 | P34: =M34-(N34+O34) -> 223 | Q34: 167 | R34: 68 | S34: =SUM(P34:R34) -> 458 | T34: =T33+AE34 -> -854.5065 | U34: 28.74 | V34: 14 | W34: =W33-V34 -> 4258.7787 | X34: =N34+O34+S34+U34+V34 -> 500.74 | Y34: =IF(L34<0,L34*-1,0) -> 46.00666 | Z34: =X34+Y34 -> 546.74666 | AA34: 0 | AB34: 92 | AC34: 52 | AD34: =AD33+1 -> 25 | AE34: =IF(I34>S34,I34-S34,I34-S34) -> -426
A35: =A34+1 -> 26 | B35: 6866.38 | C35: 178408 | D35: =C35-C34 -> -1013 | E35: =C35-152000 -> 26408 | F35: =D35/$D$2 -> -510.71339 | G35: 30 | H35: 0 | I35: =G35+H35 -> 30 | J35: =IF(L35>0,L35,0) -> 0 | K35: =I35+J35 -> 30 | L35: =F35-(I35-X35) -> -25.193385 | M35: 224 | N35: 0 | O35: 0 | P35: =M35-(N35+O35) -> 224 | Q35: 169 | R35: 78 | S35: =SUM(P35:R35) -> 471 | T35: =T34+AE35 -> -1295.5065 | U35: 30.52 | V35: 14 | W35: =W34-V35 -> 4244.7787 | X35: =N35+O35+S35+U35+V35 -> 515.52 | Y35: =IF(L35<0,L35*-1,0) -> 25.193385 | Z35: =X35+Y35 -> 540.71339 | AA35: 0 | AB35: 91 | AC35: 53 | AD35: =AD34+1 -> 26 | AE35: =IF(I35>S35,I35-S35,I35-S35) -> -441
A36: =A35+1 -> 27 | B36: 6865.97 | C36: 177370 | D36: =C36-C35 -> -1038 | E36: =C36-152000 -> 25370 | F36: =D36/$D$2 -> -523.31737 | G36: 29 | H36: 0 | I36: =G36+H36 -> 29 | J36: =IF(L36>0,L36,0) -> 0 | K36: =I36+J36 -> 29 | L36: =F36-(I36-X36) -> -34.267368 | M36: 238 | N36: 0 | O36: 0 | P36: =M36-(N36+O36) -> 238 | Q36: 170 | R36: 80 | S36: =SUM(P36:R36) -> 488 | T36: =T35+AE36 -> -1754.5065 | U36: 16.05 | V36: 14 | W36: =W35-V36 -> 4230.7787 | X36: =N36+O36+S36+U36+V36 -> 518.05 | Y36: =IF(L36<0,L36*-1,0) -> 34.267368 | Z36: =X36+Y36 -> 552.31737 | AA36: 0 | AB36: 89 | AC36: 59 | AD36: =AD35+1 -> 27 | AE36: =IF(I36>S36,I36-S36,I36-S36) -> -459
A37: =A36+1 -> 28 | B37: 6865.57 | C37: 176372 | D37: =C37-C36 -> -998 | E37: =C37-152000 -> 24372 | F37: =D37/$D$2 -> -503.151 | G37: 28 | H37: 0 | I37: =G37+H37 -> 28 | J37: =IF(L37>0,L37,0) -> 0 | K37: =I37+J37 -> 28 | L37: =F37-(I37-X37) -> -6.9509957 | M37: 225 | N37: 0 | O37: 0 | P37: =M37-(N37+O37) -> 225 | Q37: 171 | R37: 80 | S37: =SUM(P37:R37) -> 476 | T37: =T36+AE37 -> -2202.5065 | U37: 34.2 | V37: 14 | W37: =W36-V37 -> 4216.7787 | X37: =N37+O37+S37+U37+V37 -> 524.2 | Y37: =IF(L37<0,L37*-1,0) -> 6.9509957 | Z37: =X37+Y37 -> 531.151 | AA37: 0 | AB37: 87 | AC37: 55 | AD37: =AD36+1 -> 28 | AE37: =IF(I37>S37,I37-S37,I37-S37) -> -448
A38: =A37+1 -> 29 | B38: 6865.15 | C38: 175324 | D38: =C38-C37 -> -1048 | E38: =C38-152000 -> 23324 | F38: =D38/$D$2 -> -528.35896 | G38: 23 | H38: 0 | I38: =G38+H38 -> 23 | J38: =IF(L38>0,L38,0) -> 0 | K38: =I38+J38 -> 23 | L38: =F38-(I38-X38) -> -27.518961 | M38: 236 | N38: 0 | O38: 0 | P38: =M38-(N38+O38) -> 236 | Q38: 171 | R38: 82 | S38: =SUM(P38:R38) -> 489 | T38: =T37+AE38 -> -2668.5065 | U38: 20.84 | V38: 14 | W38: =W37-V38 -> 4202.7787 | X38: =N38+O38+S38+U38+V38 -> 523.84 | Y38: =IF(L38<0,L38*-1,0) -> 27.518961 | Z38: =X38+Y38 -> 551.35896 | AA38: 0 | AB38: 90 | AC38: 53 | AD38: =AD37+1 -> 29 | AE38: =IF(I38>S38,I38-S38,I38-S38) -> -466
A39: 30 | B39: 6864.7 | C39: 174213 | D39: =C39-C38 -> -1111 | E39: =C39-152000 -> 22213 | F39: =D39/$D$2 -> -560.121 | G39: 21 | H39: 0 | I39: =G39+H39 -> 21 | J39: =IF(L39>0,L39,0) -> 0 | K39: =I39+J39 -> 21 | L39: =F39-(I39-X39) -> -57.780998 | M39: 236 | N39: 0 | O39: =0.43*1.05 -> 0.4515 | P39: =M39-(N39+O39) -> 235.5485 | Q39: 169 | R39: 80 | S39: =SUM(P39:R39) -> 484.5485 | T39: =T38+AE39 -> -3132.055 | U39: 24.34 | V39: 14 | W39: =W38-V39 -> 4188.7787 | X39: =N39+O39+S39+U39+V39 -> 523.34 | Y39: =IF(L39<0,L39*-1,0) -> 57.780998 | Z39: =X39+Y39 -> 581.121 | AA39: 0 | AB39: 93 | AC39: 54 | AD39: 30 | AE39: =IF(I39>S39,I39-S39,I39-S39) -> -463.5485
H40: 0.29
A41: MONTH / CFS | F41: =SUM(F10:F39) -> -11128.813 | G41: =SUM(G10:G39) -> 2064 | H41: =SUM(H10:H39) -> 0 | I41: =SUM(I10:I39) -> 2064 | J41: =SUM(J10:J39) -> 70.427464 | K41: =SUM(K10:K39) -> 2134.4275 | L41: =SUM(L10:L39) -> -765.4927 | M41: =SUM(M10:M39) -> 5311 | ... S41: =SUM(S10:S39) -> 10230.02 | U41: =SUM(U10:U39) -> 1746.32 | V41: =SUM(V10:V39) -> 424 | X41: =SUM(X10:X39) -> 12427.32 | Y41: =SUM(Y10:Y39) -> 835.92017 | Z41: =SUM(Z10:Z39) -> 13263.24 | AA41: =SUM(AA10:AA39) -> 0 | AB41: =AVERAGE(AB10:AB39) -> 86.633333 | AC41: =AVERAGE(AC10:AC39) -> 50.5 | AD41: AVG
A42: MONTH / AF | D42: =SUM(D10:D39) -> -22074 | F42: =F41*$D$2 -> -22074 | G42: =G41*$D$2 -> 4093.944 | H42: =H41*$D$2 -> 0 | I42: =I41*$D$2 -> 4093.944 | J42: =J41*$D$2 -> 139.69287 | K42: =K41*$D$2 -> 4233.6369 | L42: =L41*$D$2 -> -1518.3548 | M42: =M41*$D$2 -> 10534.369 | ... S42: =S41*$D$2 -> 20291.245 | U42: =U41*$D$2 -> 3463.8257 | V42: =V41*$D$2 -> 841.004 | X42: =X41*$D$2 -> 24649.589 | Y42: =Y41*$D$2 -> 1658.0477 | Z42: =Z41*$D$2 -> 26307.637 | AB42: =MAX(AB10:AB39) -> 93 | AC42: =MAX(AC10:AC39) -> 63 | AD42: HI
A44: SEASON / CFS | F44: =F7+F41 -> -16815.226 | G44: =G7+G41 -> 19946 | H44: =H7+H41 -> 27.82 | I44: =I7+I41 -> 19973.82 | J44: =J7+J41 -> 395.21194 | K44: =K7+K41 -> 20369.032 | L44: =L7+L41 -> -1894.8656 | M44: =M7+M41 -> 15646 | ... S44: =S7+S41 -> 23105.875 | T44: =T39 -> -3132.055 | U44: =U7+U41 -> 7418.18 | V44: =V7+V41 -> 1845 | W44: =W39 -> 4188.7787 | X44: =X7+X41 -> 34894.18 | Y44: =Y7+Y41 -> 2290.0776 | Z44: =Z7+Z41 -> 37184.258 | AB44: =MIN(AB10:AB39) -> 72 | AC44: =MIN(AC10:AC39) -> 42 | AD44: LO
A45: SEASON / AF | F45: =F44*$D$2 -> -33353 | G45: =G44*$D$2 -> 39562.891 | H45: =H44*$D$2 -> 55.18097 | I45: =I44*$D$2 -> 39618.072 | J45: =J44*$D$2 -> 783.90288 | K45: =K44*$D$2 -> 40401.975 | L45: =L44*$D$2 -> -3758.4659 | M45: =M44*$D$2 -> 31033.841 | ... Z45: =Z44*$D$2 -> 73754.975
A47: YTD / CFS | F47: =F8+F41 -> -15998.488 | G47: =G8+G41 -> 26488 | H47: =H8+H41 -> 63.35 | I47: =I8+I41 -> 26503.82 | J47: =J8+J41 -> 1801.7625 | K47: =K8+K41 -> 28305.583 | L47: =L8+L41 -> -1624.0475 | M47: =M8+M41 -> 16841.58 | ... S47: =S8+S41 -> 24314.74 | T47: =T39 -> -3132.055 | U47: =U8+U41 -> 7418.18 | V47: =V8+V41 -> 6506 | X47: =X8+X41 -> 40878.26 | Y47: =Y8+Y41 -> 3425.8101 | Z47: =Z8+Z41 -> 44304.07 | AA47: =AA8+AA41 -> 3.6
A48: YTD / AF | D48: =D8+D42 -> -31733 | E48: =E39 -> 22213 | F48: =F47*$D$2 -> -31733 | G48: =G47*$D$2 -> 52538.948 | H48: =H47*$D$2 -> 125.65472 | I48: =I47*$D$2 -> 52570.327 | J48: =J47*$D$2 -> 3573.796 | K48: =K47*$D$2 -> 56144.123 | L48: =L47*$D$2 -> -3221.2983 | M48: =M47*$D$2 -> 33405.274 | ... V48: =V47*$D$2 -> 12904.651 | X48: =X47*$D$2 -> 81082.029 | Y48: =Y47*$D$2 -> 6795.0943 | Z48: =Z47*$D$2 -> 87877.123
B50: Active Storage | E50: =E39 -> 22213 | H50: Apr 1 thru Oct 31 evap & M&I | L50: =3500+2932 -> 6432 | W50: 272
B51: Users Balance | E51: =L53+O53+T53+U53+W53 -> 19920.845 | H51: AF / day | L51: =L50/210 -> 30.628571 | P51: Days since 4/1 | S51: 91 | T51: 14832 | W51: =W45/W50 -> 30.545744
H52: Day left to Oct 31 | L52: =210-S51 -> 119 | O52: 6289 | P52: M&I thru MVIC sys / day | S52: =2932/210 -> 13.961905 | T52: =S51*S52 -> 1270.5333 | U52: =14562+1946+600+15+25 -> 17148
B53: Slack | E53: =E50-E51 -> 2292.155 | H53: Remaining / based on 44,000 runoff | L53: =L52*L51 -> 3644.8 | O53: =O52-O48 -> 316.95919 | T53: =(T51+T52)+T45 -> 9890.1022 | U53: =U52-U48 -> 2434.04 | W53: =L52*W51 -> 3634.9436

Sheet days
A1: Days remaining | D1: Days since
A3: 37460 | D3: 37347 | E3: 1
A4: 37461 | B4: 100 | D4: 37348 | E4: 2
A5: 37462 | B5: 99 | D5: 37349 | E5: 3
A6: 37463 | B6: 98 | D6: 37350 | E6: 4
A7: 37464 | B7: 97 | D7: 37351 | E7: 5
A8: 37465 | B8: 96 | D8: 37352 | E8: 6
A9: 37466 | B9: 95 | D9: 37353 | E9: 7
A10: 37467 | B10: 94 | D10: 37354 | E10: 8
A11: 37468 | B11: 93 | D11: 37355 | E11: 9
A12: 37469 | B12: 92 | D12: 37356 | E12: 10
A13: 37470 | B13: 91 | D13: 37357 | E13: 11
A14: 37471 | B14: 90 | D14: 37358 | E14: 12
A15: 37472 | B15: 89 | D15: 37359 | E15: 13
... A103: 37560 | B103: 1 | D103: 37447 | E103: 101
A104: 37561 | D104: 37448 | E104: 102
D105: 37449 | E105: 103
D106: 37450 | E106: 104
D107: 37451 | E107: 105
D108: 37452 | E108: 106
D109: 37453 | E109: 107
D110: 37454 | E110: 108
D111: 37455 | E111: 109
D112: 37456 | E112: 110
D113: 37457 | E113: 111
D114: 37458 | E114: 112
D115: 37459 | E115: 113
D116: 37460 | E116: 114
D117: 37461 | E117: 115 | F117: =$E$367-E117 -> 250
D118: 37462 | E118: 116 | F118: =$E$367-E118 -> 249
D119: 37463 | E119: 117 | F119: =$E$367-E119 -> 248
D120: 37464 | E120: 118 | F120: =$E$367-E120 -> 247
D121: 37465 | E121: 119 | F121: =$E$367-E121 -> 246
D122: 37466 | E122: 120 | F122: =$E$367-E122 -> 245
D123: 37467 | E123: 121 | F123: =$E$367-E123 -> 244
D124: 37468 | E124: 122 | F124: =$E$367-E124 -> 243
D125: 37469 | E125: 123 | F125: =$E$367-E125 -> 242
D126: 37470 | E126: 124 | F126: =$E$367-E126 -> 241
D127: 37471 | E127: 125 | F127: =$E$367-E127 -> 240
D128: 37472 | E128: 126 | F128: =$E$367-E128 -> 239
... D360: 37704 | E360: 358 | F360: =$E$367-E360 -> 7
D361: 37705 | E361: 359
D362: 37706 | E362: 360
D363: 37707 | E363: 361
D364: 37708 | E364: 362
D365: 37709 | E365: 363
D366: 37710 | E366: 364
D367: 37711 | E367: 365

Sheet JUL
K1: MC PHEE RESERVOIR IN/OUT FLOW TABULATION
A2: AF/cfs CONVERT FACTOR | D2: 1.9835 | K2: JULY "2002"
A4: DATE | B4: RESERV | C4: RESERV | D4: AC FT | E4: ACTIVE | F4: CONV TO | G4: DOLORES | H4: LOST | I4: RECORDED | J4: CALC | K4: TOTAL | L4: CALC | M4: DOLORES TUNNEL | Q4: LONE | R4: U | S4: TOTAL | T4: MVI | U4: DV CR | V4: BELOW | W4: REMAIN | X4: RECORDED | Y4: CALC | Z4: TOTAL | AA4: RAIN | AB4: MAX | AC4: MIN | AD4: DATE
A5: "JUL" | B5: ELEV | C5: AC FT | D5: CHANGE | E5: CAP | F5: CFS | G5: RIVER | H5: CANYON | I5: INFLOW | J5: INFLOW | K5: INFLOW | L5: INF/OTF | M5: TOT DIV | N5: WETLAND | O5: UTE F&R | P5: MVI,CTZ | Q5: PINE | R5: LAT | S5: MVI | T5: CALL | U5: CANAL | V5: MC PHEE | W5: RELEASE | X5: OUTFLOW | Y5: OUTFLOW | Z5: OUTFLOW | AB5: TMP | AC5: TMP | AD5: "JUL"
A7: SEASON BAL | F7: =JUN!F44 -> -16815.226 | G7: =JUN!G44 -> 19946 | H7: =JUN!H44 -> 27.82 | I7: =JUN!I44 -> 19973.82 | J7: =JUN!J44 -> 395.21194 | K7: =JUN!K44 -> 20369.032 | L7: =JUN!L44 -> -1894.8656 | M7: =JUN!M44 -> 15646 | ... V7: =JUN!V44 -> 1845 | X7: =JUN!X44 -> 34894.18 | Y7: =JUN!Y44 -> 2290.0776 | Z7: =JUN!Z44 -> 37184.258
A8: YTD | B8: =JUN!B39 -> 6864.7 | C8: =JUN!C39 -> 174213 | D8: =JUN!D48 -> -31733 | E8: =JUN!E48 -> 22213 | F8: =JUN!F47 -> -15998.488 | G8: =JUN!G47 -> 26488 | H8: =JUN!H47 -> 63.35 | I8: =JUN!I47 -> 26503.82 | J8: =JUN!J47 -> 1801.7625 | K8: =JUN!K47 -> 28305.583 | L8: =JUN!L47 -> -1624.0475 | M8: =JUN!M47 -> 16841.58 | ... V8: =JUN!V47 -> 6506 | W8: =JUN!W44 -> 4188.7787 | X8: =JUN!X47 -> 40878.26 | Y8: =JUN!Y47 -> 3425.8101 | Z8: =JUN!Z47 -> 44304.07 | AA8: =JUN!AA47 -> 3.6
A10: 1 | B10: 6864.3 | C10: 173230 | D10: =C10-C8 -> -983 | E10: =C10-152000 -> 21230 | F10: =D10/$D$2 -> -495.58861 | G10: 20 | H10: 0 | I10: =G10+H10 -> 20 | J10: =IF(L10>0,L10,0) -> 0 | K10: =I10+J10 -> 20 | L10: =F10-(I10-X10) -> -15.068606 | M10: 218 | N10: 0 | O10: 0 | P10: =M10-(N10+O10) -> 218 | Q10: 168 | R10: 81 | S10: =SUM(P10:R10) -> 467 | T10: =(I10-S10)+T7 -> -3579.055 | U10: 19.52 | V10: 14 | W10: =W8-V10 -> 4174.7787 | X10: =N10+O10+S10+U10+V10 -> 500.52 | Y10: =IF(L10<0,L10*-1,0) -> 15.068606 | Z10: =X10+Y10 -> 515.58861 | AA10: 0 | AB10: 95 | AC10: 54 | AD10: 1 | AE10: =IF(I10>S10,I10-S10,I10-S10) -> -447
A11: =A10+1 -> 2 | B11: 6863.9 | C11: 172252 | D11: =C11-C10 -> -978 | E11: =C11-152000 -> 20252 | F11: =D11/$D$2 -> -493.06781 | G11: 19 | H11: 0 | I11: =G11+H11 -> 19 | J11: =IF(L11>0,L11,0) -> 0 | K11: =I11+J11 -> 19 | L11: =F11-(I11-X11) -> -21.667809 | M11: 232 | N11: 0 | O11: 0 | P11: =M11-(N11+O11) -> 232 | Q11: 137 | R11: 81 | S11: =SUM(P11:R11) -> 450 | T11: =(I11-S11)+T10 -> -4010.055 | U11: 26.4 | V11: 14 | W11: =W10-V11 -> 4160.7787 | X11: =N11+O11+S11+U11+V11 -> 490.4 | Y11: =IF(L11<0,L11*-1,0) -> 21.667809 | Z11: =X11+Y11 -> 512.06781 | AA11: 0 | AB11: 96 | AC11: 57 | AD11: =AD10+1 -> 2 | AE11: =IF(I11>S11,I11-S11,I11-S11) -> -431
A12: =A11+1 -> 3 | B12: 6863.55 | C12: 171406 | D12: =C12-C11 -> -846 | E12: =C12-152000 -> 19406 | F12: =D12/$D$2 -> -426.51878 | G12: 22 | H12: 0 | I12: =G12+H12 -> 22 | J12: =IF(L12>0,L12,0) -> 0 | K12: =I12+J12 -> 22 | L12: =F12-(I12-X12) -> -2.3487799 | M12: 226 | N12: 0 | O12: 0 | P12: =M12-(N12+O12) -> 226 | Q12: 99 | R12: 80 | S12: =SUM(P12:R12) -> 405 | T12: =(I12-S12)+T11 -> -4393.055 | U12: 27.17 | V12: 14 | W12: =W11-V12 -> 4146.7787 | X12: =N12+O12+S12+U12+V12 -> 446.17 | Y12: =IF(L12<0,L12*-1,0) -> 2.3487799 | Z12: =X12+Y12 -> 448.51878 | AA12: 0 | AB12: 85 | AC12: 59 | AD12: =AD11+1 -> 3 | AE12: =IF(I12>S12,I12-S12,I12-S12) -> -383
A13: =A12+1 -> 4 | B13: 6863.25 | C13: 170681 | D13: =C13-C12 -> -725 | E13: =C13-152000 -> 18681 | F13: =D13/$D$2 -> -365.5155 | G13: 26 | H13: 0 | I13: =G13+H13 -> 26 | J13: =IF(L13>0,L13,0) -> 24.564497 | K13: =I13+J13 -> 50.564497 | L13: =F13-(I13-X13) -> 24.564497 | M13: 202 | N13: 0 | O13: 0 | P13: =M13-(N13+O13) -> 202 | Q13: 98 | R13: 80 | S13: =SUM(P13:R13) -> 380 | T13: =(I13-S13)+T12 -> -4747.055 | U13: 22.08 | V13: 14 | W13: =W12-V13 -> 4132.7787 | X13: =N13+O13+S13+U13+V13 -> 416.08 | Y13: =IF(L13<0,L13*-1,0) -> 0 | Z13: =X13+Y13 -> 416.08 | AA13: 0 | AB13: 81 | AC13: 55 | AD13: =AD12+1 -> 4 | AE13: =IF(I13>S13,I13-S13,I13-S13) -> -354
A14: =A13+1 -> 5 | B14: 6862.87 | C14: 169767 | D14: =C14-C13 -> -914 | E14: =C14-152000 -> 17767 | F14: =D14/$D$2 -> -460.80161 | G14: 28 | H14: 0 | I14: =G14+H14 -> 28 | J14: =IF(L14>0,L14,0) -> 0 | K14: =I14+J14 -> 28 | L14: =F14-(I14-X14) -> -60.131613 | M14: 200 | N14: 0 | O14: 0 | P14: =M14-(N14+O14) -> 200 | Q14: 98 | R14: 80 | S14: =SUM(P14:R14) -> 378 | T14: =(I14-S14)+T13 -> -5097.055 | U14: 36.67 | V14: 14 | W14: =W13-V14 -> 4118.7787 | X14: =N14+O14+S14+U14+V14 -> 428.67 | Y14: =IF(L14<0,L14*-1,0) -> 60.131613 | Z14: =X14+Y14 -> 488.80161 | AA14: 0 | AB14: 85 | AC14: 55 | AD14: =AD13+1 -> 5 | AE14: =IF(I14>S14,I14-S14,I14-S14) -> -350
A15: =A14+1 -> 6 | B15: 6862.55 | C15: 169006 | D15: =C15-C14 -> -761 | E15: =C15-152000 -> 17006 | F15: =D15/$D$2 -> -383.66524 | G15: 30 | H15: 0 | I15: =G15+H15 -> 30 | J15: =IF(L15>0,L15,0) -> 0 | K15: =I15+J15 -> 30 | L15: =F15-(I15-X15) -> -27.165238 | M15: 179 | N15: 0 | O15: 0 | P15: =M15-(N15+O15) -> 179 | Q15: 99 | R15: 80 | S15: =SUM(P15:R15) -> 358 | T15: =(I15-S15)+T14 -> -5425.055 | U15: 14.5 | V15: 14 | W15: =W14-V15 -> 4104.7787 | X15: =N15+O15+S15+U15+V15 -> 386.5 | Y15: =IF(L15<0,L15*-1,0) -> 27.165238 | Z15: =X15+Y15 -> 413.66524 | AA15: 0 | AB15: 92 | AC15: 55 | AD15: =AD14+1 -> 6 | AE15: =IF(I15>S15,I15-S15,I15-S15) -> -328
A16: =A15+1 -> 7 | B16: 6862.27 | C16: 168341 | D16: =C16-C15 -> -665 | E16: =C16-152000 -> 16341 | F16: =D16/$D$2 -> -335.26594 | G16: 30 | H16: 0 | I16: =G16+H16 -> 30 | J16: =IF(L16>0,L16,0) -> 0 | K16: =I16+J16 -> 30 | L16: =F16-(I16-X16) -> -4.245944 | M16: 145 | N16: 0 | O16: =1.04*1.05 -> 1.092 | P16: =M16-(N16+O16) -> 143.908 | Q16: 97 | R16: 79 | S16: =SUM(P16:R16) -> 319.908 | T16: =(I16-S16)+T15 -> -5714.963 | U16: 26.02 | V16: 14 | W16: =W15-V16 -> 4090.7787 | X16: =N16+O16+S16+U16+V16 -> 361.02 | Y16: =IF(L16<0,L16*-1,0) -> 4.245944 | Z16: =X16+Y16 -> 365.26594 | AA16: 0.02 | AB16: 94 | AC16: 56 | AD16: =AD15+1 -> 7 | AE16: =IF(I16>S16,I16-S16,I16-S16) -> -289.908
A17: =A16+1 -> 8 | B17: 6861.95 | C17: 167582 | D17: =C17-C16 -> -759 | E17: =C17-152000 -> 15582 | F17: =D17/$D$2 -> -382.65692 | G17: 29 | H17: 0 | I17: =G17+H17 -> 29 | J17: =IF(L17>0,L17,0) -> 0 | K17: =I17+J17 -> 29 | L17: =F17-(I17-X17) -> -51.75692 | M17: 143 | N17: 0 | O17: 0 | P17: =M17-(N17+O17) -> 143 | Q17: 95 | R17: 78 | S17: =SUM(P17:R17) -> 316 | T17: =(I17-S17)+T16 -> -6001.963 | U17: 29.9 | V17: 14 | W17: =W16-V17 -> 4076.7787 | X17: =N17+O17+S17+U17+V17 -> 359.9 | Y17: =IF(L17<0,L17*-1,0) -> 51.75692 | Z17: =X17+Y17 -> 411.65692 | AA17: 0.4 | AB17: 91 | AC17: 56 | AD17: =AD16+1 -> 8 | AE17: =IF(I17>S17,I17-S17,I17-S17) -> -287
A18: =A17+1 -> 9 | B18: 6861.8 | C18: 167232 | D18: =C18-C17 -> -350 | E18: =C18-152000 -> 15232 | F18: =D18/$D$2 -> -176.45576 | G18: 32 | H18: 0 | I18: =G18+H18 -> 32 | J18: =IF(L18>0,L18,0) -> 160.43424 | K18: =I18+J18 -> 192.43424 | L18: =F18-(I18-X18) -> 160.43424 | M18: 150 | N18: 0 | O18: 0 | P18: =M18-(N18+O18) -> 150 | Q18: 99 | R18: 77 | S18: =SUM(P18:R18) -> 326 | T18: =(I18-S18)+T17 -> -6295.963 | U18: 28.89 | V18: 14 | W18: =W17-V18 -> 4062.7787 | X18: =N18+O18+S18+U18+V18 -> 368.89 | Y18: =IF(L18<0,L18*-1,0) -> 0 | Z18: =X18+Y18 -> 368.89 | AA18: 0.04 | AB18: 89 | AC18: 56 | AD18: =AD17+1 -> 9 | AE18: =IF(I18>S18,I18-S18,I18-S18) -> -294
A19: =A18+1 -> 10 | B19: 6861.46 | C19: 166437 | D19: =C19-C18 -> -795 | E19: =C19-152000 -> 14437 | F19: =D19/$D$2 -> -400.80665 | G19: 34 | H19: 0 | I19: =G19+H19 -> 34 | J19: =IF(L19>0,L19,0) -> 0 | K19: =I19+J19 -> 34 | L19: =F19-(I19-X19) -> -68.486655 | M19: 148 | N19: 0 | O19: =0.54*1.05 -> 0.567 | P19: =M19-(N19+O19) -> 147.433 | Q19: 99 | R19: 78 | S19: =SUM(P19:R19) -> 324.433 | T19: =(I19-S19)+T18 -> -6586.396 | U19: 27.32 | V19: 14 | W19: =W18-V19 -> 4048.7787 | X19: =N19+O19+S19+U19+V19 -> 366.32 | Y19: =IF(L19<0,L19*-1,0) -> 68.486655 | Z19: =X19+Y19 -> 434.80665 | AA19: 0.04 | AB19: 90 | AC19: 55 | AD19: =AD18+1 -> 10 | AE19: =IF(I19>S19,I19-S19,I19-S19) -> -290.433
A20: =A19+1 -> 11 | B20: 6861.19 | C20: 165806 | D20: =C20-C19 -> -631 | E20: =C20-152000 -> 13806 | F20: =D20/$D$2 -> -318.12453 | G20: 36 | H20: 0 | I20: =G20+H20 -> 36 | J20: =IF(L20>0,L20,0) -> 14.065473 | K20: =I20+J20 -> 50.065473 | L20: =F20-(I20-X20) -> 14.065473 | M20: 140 | N20: 0 | O20: 0 | P20: =M20-(N20+O20) -> 140 | Q20: 112 | R20: 77 | S20: =SUM(P20:R20) -> 329 | T20: =(I20-S20)+T19 -> -6879.396 | U20: 25.19 | V20: 14 | W20: =W19-V20 -> 4034.7787 | X20: =N20+O20+S20+U20+V20 -> 368.19 | Y20: =IF(L20<0,L20*-1,0) -> 0 | Z20: =X20+Y20 -> 368.19 | AA20: 0 | AB20: 88 | AC20: 54 | AD20: =AD19+1 -> 11 | AE20: =IF(I20>S20,I20-S20,I20-S20) -> -293
A21: =A20+1 -> 12 | B21: 6860.88 | C21: 165087 | D21: =C21-C20 -> -719 | E21: =C21-152000 -> 13087 | F21: =D21/$D$2 -> -362.49055 | G21: 35 | H21: 0 | I21: =G21+H21 -> 35 | J21: =IF(L21>0,L21,0) -> 6.189453 | K21: =I21+J21 -> 41.189453 | L21: =F21-(I21-X21) -> 6.189453 | M21: 135 | N21: 0 | O21: 0 | P21: =M21-(N21+O21) -> 135 | Q21: 131 | R21: 75 | S21: =SUM(P21:R21) -> 341 | T21: =(I21-S21)+T20 -> -7185.396 | U21: 47.68 | V21: 15 | W21: =W20-V21 -> 4019.7787 | X21: =N21+O21+S21+U21+V21 -> 403.68 | Y21: =IF(L21<0,L21*-1,0) -> 0 | Z21: =X21+Y21 -> 403.68 | AA21: 0 | AB21: 94 | AC21: 53 | AD21: =AD20+1 -> 12 | AE21: =IF(I21>S21,I21-S21,I21-S21) -> -306
A22: =A21+1 -> 13 | B22: 6860.55 | C22: 164329 | D22: =C22-C21 -> -758 | E22: =C22-152000 -> 12329 | F22: =D22/$D$2 -> -382.15276 | G22: 30 | H22: 0 | I22: =G22+H22 -> 30 | J22: =IF(L22>0,L22,0) -> 0 | K22: =I22+J22 -> 30 | L22: =F22-(I22-X22) -> -34.49276 | M22: 140 | N22: 0 | O22: 0 | P22: =M22-(N22+O22) -> 140 | Q22: 130 | R22: 75 | S22: =SUM(P22:R22) -> 345 | T22: =(I22-S22)+T21 -> -7500.396 | U22: 17.66 | V22: 15 | W22: =W21-V22 -> 4004.7787 | X22: =N22+O22+S22+U22+V22 -> 377.66 | Y22: =IF(L22<0,L22*-1,0) -> 34.49276 | Z22: =X22+Y22 -> 412.15276 | AA22: 0 | AB22: 97 | AC22: 60 | AD22: =AD21+1 -> 13 | AE22: =IF(I22>S22,I22-S22,I22-S22) -> -315
A23: =A22+1 -> 14 | B23: 6860.24 | C23: 163617 | D23: =C23-C22 -> -712 | E23: =C23-152000 -> 11617 | F23: =D23/$D$2 -> -358.96143 | G23: 26 | H23: 0 | I23: =G23+H23 -> 26 | J23: =IF(L23>0,L23,0) -> 0 | K23: =I23+J23 -> 26 | L23: =F23-(I23-X23) -> -1.6114318 | M23: 133 | N23: 0 | O23: =0.36*1.05 -> 0.378 | P23: =M23-(N23+O23) -> 132.622 | Q23: 140 | R23: 72 | S23: =SUM(P23:R23) -> 344.622 | T23: =(I23-S23)+T22 -> -7819.018 | U23: 23.35 | V23: 15 | W23: =W22-V23 -> 3989.7787 | X23: =N23+O23+S23+U23+V23 -> 383.35 | Y23: =IF(L23<0,L23*-1,0) -> 1.6114318 | Z23: =X23+Y23 -> 384.96143 | AA23: 0.1 | AB23: 92 | AC23: 61 | AD23: =AD22+1 -> 14 | AE23: =IF(I23>S23,I23-S23,I23-S23) -> -318.622
A24: =A23+1 -> 15 | B24: 6859.93 | C24: 162908 | D24: =C24-C23 -> -709 | E24: =C24-152000 -> 10908 | F24: =D24/$D$2 -> -357.44895 | G24: 30 | H24: 0 | I24: =G24+H24 -> 30 | J24: =IF(L24>0,L24,0) -> 0 | K24: =I24+J24 -> 30 | L24: =F24-(I24-X24) -> -10.018954 | M24: 124 | N24: 0 | O24: 0 | P24: =M24-(N24+O24) -> 124 | Q24: 140 | R24: 78 | S24: =SUM(P24:R24) -> 342 | T24: =(I24-S24)+T23 -> -8131.018 | U24: 20.43 | V24: 15 | W24: =W23-V24 -> 3974.7787 | X24: =N24+O24+S24+U24+V24 -> 377.43 | Y24: =IF(L24<0,L24*-1,0) -> 10.018954 | Z24: =X24+Y24 -> 387.44895 | AA24: 0.05 | AB24: 90 | AC24: 58 | AD24: =AD23+1 -> 15 | AE24: =IF(I24>S24,I24-S24,I24-S24) -> -312
A25: =A24+1 -> 16 | B25: 6859.67 | C25: 162319 | D25: =C25-C24 -> -589 | E25: =C25-152000 -> 10319 | F25: =D25/$D$2 -> -296.94984 | G25: 83 | H25: 0 | I25: =G25+H25 -> 83 | J25: =IF(L25>0,L25,0) -> 8.5001639 | K25: =I25+J25 -> 91.500164 | L25: =F25-(I25-X25) -> 8.5001639 | M25: 134 | N25: 0 | O25: 0 | P25: =M25-(N25+O25) -> 134 | Q25: 139 | R25: 79 | S25: =SUM(P25:R25) -> 352 | T25: =(I25-S25)+T24 -> -8400.018 | U25: 21.45 | V25: 15 | W25: =W24-V25 -> 3959.7787 | X25: =N25+O25+S25+U25+V25 -> 388.45 | Y25: =IF(L25<0,L25*-1,0) -> 0 | Z25: =X25+Y25 -> 388.45 | AA25: 0 | AB25: 86 | AC25: 53 | AD25: =AD24+1 -> 16 | AE25: =IF(I25>S25,I25-S25,I25-S25) -> -269
A26: =A25+1 -> 17 | B26: 6859.44 | C26: 161799 | D26: =C26-C25 -> -520 | E26: =C26-152000 -> 9799 | F26: =D26/$D$2 -> -262.16284 | G26: 110 | H26: 0 | I26: =G26+H26 -> 110 | J26: =IF(L26>0,L26,0) -> 2.2871565 | K26: =I26+J26 -> 112.28716 | L26: =F26-(I26-X26) -> 2.2871565 | M26: 122 | N26: 0 | O26: 0 | P26: =M26-(N26+O26) -> 122 | Q26: 141 | R26: 80 | S26: =SUM(P26:R26) -> 343 | T26: =(I26-S26)+T25 -> -8633.018 | U26: 16.45 | V26: 15 | W26: =W25-V26 -> 3944.7787 | X26: =N26+O26+S26+U26+V26 -> 374.45 | Y26: =IF(L26<0,L26*-1,0) -> 0 | Z26: =X26+Y26 -> 374.45 | AA26: 0 | AB26: 87 | AC26: 54 | AD26: =AD25+1 -> 17 | AE26: =IF(I26>S26,I26-S26,I26-S26) -> -233
A27: =A26+1 -> 18 | B27: 6859.22 | C27: 161301 | D27: =C27-C26 -> -498 | E27: =C27-152000 -> 9301 | F27: =D27/$D$2 -> -251.07134 | G27: 116 | H27: 0 | I27: =G27+H27 -> 116 | J27: =IF(L27>0,L27,0) -> 11.368661 | K27: =I27+J27 -> 127.36866 | L27: =F27-(I27-X27) -> 11.368661 | M27: 111 | N27: 0 | O27: 0 | P27: =M27-(N27+O27) -> 111 | Q27: 142 | R27: 83 | S27: =SUM(P27:R27) -> 336 | T27: =(I27-S27)+T26 -> -8853.018 | U27: 27.44 | V27: 15 | W27: =W26-V27 -> 3929.7787 | X27: =N27+O27+S27+U27+V27 -> 378.44 | Y27: =IF(L27<0,L27*-1,0) -> 0 | Z27: =X27+Y27 -> 378.44 | AA27: 0 | AB27: 88 | AC27: 52 | AD27: =AD26+1 -> 18 | AE27: =IF(I27>S27,I27-S27,I27-S27) -> -220
A28: =A27+1 -> 19 | B28: 6859.01 | C28: 160826 | D28: =C28-C27 -> -475 | E28: =C28-152000 -> 8826 | F28: =D28/$D$2 -> -239.47567 | G28: 120 | H28: 0 | I28: =G28+H28 -> 120 | J28: =IF(L28>0,L28,0) -> 0 | K28: =I28+J28 -> 120 | L28: =F28-(I28-X28) -> -1.0556743 | M28: 111 | N28: 0 | O28: =0.5*1.05 -> 0.525 | P28: =M28-(N28+O28) -> 110.475 | Q28: 142 | R28: 82 | S28: =SUM(P28:R28) -> 334.475 | T28: =(I28-S28)+T27 -> -9067.493 | U28: 9.42 | V28: 14 | W28: =W27-V28 -> 3915.7787 | X28: =N28+O28+S28+U28+V28 -> 358.42 | Y28: =IF(L28<0,L28*-1,0) -> 1.0556743 | Z28: =X28+Y28 -> 359.47567 | AA28: 0 | AB28: 87 | AC28: 55 | AD28: =AD27+1 -> 19 | AE28: =IF(I28>S28,I28-S28,I28-S28) -> -214.475
A29: =A28+1 -> 20 | B29: 6858.87 | C29: 160512 | D29: =C29-C28 -> -314 | E29: =C29-152000 -> 8512 | F29: =D29/$D$2 -> -158.30602 | G29: 201 | H29: 0 | I29: =G29+H29 -> 201 | J29: =IF(L29>0,L29,0) -> 9.6639753 | K29: =I29+J29 -> 210.66398 | L29: =F29-(I29-X29) -> 9.6639753 | M29: 110 | N29: 0 | O29: 0 | P29: =M29-(N29+O29) -> 110 | Q29: 141 | R29: 82 | S29: =SUM(P29:R29) -> 333 | T29: =(I29-S29)+T28 -> -9199.493 | U29: 21.97 | V29: 14 | W29: =W28-V29 -> 3901.7787 | X29: =N29+O29+S29+U29+V29 -> 368.97 | Y29: =IF(L29<0,L29*-1,0) -> 0 | Z29: =X29+Y29 -> 368.97 | AA29: 0.02 | AB29: 80 | AC29: 58 | AD29: =AD28+1 -> 20 | AE29: =IF(I29>S29,I29-S29,I29-S29) -> -132
A30: =A29+1 -> 21 | B30: 6858.79 | C30: 160333 | D30: =C30-C29 -> -179 | E30: =C30-152000 -> 8333 | F30: =D30/$D$2 -> -90.244517 | G30: 274 | H30: 0 | I30: =G30+H30 -> 274 | J30: =IF(L30>0,L30,0) -> 1.5054827 | K30: =I30+J30 -> 275.50548 | L30: =F30-(I30-X30) -> 1.5054827 | M30: 107 | N30: 0 | O30: =0.3*1.05 -> 0.315 | P30: =M30-(N30+O30) -> 106.685 | Q30: 140 | R30: 82 | S30: =SUM(P30:R30) -> 328.685 | T30: =(I30-S30)+T29 -> -9254.178 | U30: 22.75 | V30: 14 | W30: =W29-V30 -> 3887.7787 | X30: =N30+O30+S30+U30+V30 -> 365.75 | Y30: =IF(L30<0,L30*-1,0) -> 0 | Z30: =X30+Y30 -> 365.75 | AA30: 0 | AB30: 88 | AC30: 52 | AD30: =AD29+1 -> 21 | AE30: =IF(I30>S30,I30-S30,I30-S30) -> -54.685
A31: =A30+1 -> 22 | B31: 6858.72 | C31: 160176 | D31: =C31-C30 -> -157 | E31: =C31-152000 -> 8176 | F31: =D31/$D$2 -> -79.153012 | G31: 272 | H31: 0 | I31: =G31+H31 -> 272 | J31: =IF(L31>0,L31,0) -> 9.6069876 | K31: =I31+J31 -> 281.60699 | L31: =F31-(I31-X31) -> 9.6069876 | M31: 107 | N31: 0 | O31: =0.8*1.05 -> 0.84 | P31: =M31-(N31+O31) -> 106.16 | Q31: 140 | R31: 81 | S31: =SUM(P31:R31) -> 327.16 | T31: =(I31-S31)+T30 -> -9309.338 | U31: 17.76 | V31: 15 | W31: =W30-V31 -> 3872.7787 | X31: =N31+O31+S31+U31+V31 -> 360.76 | Y31: =IF(L31<0,L31*-1,0) -> 0 | Z31: =X31+Y31 -> 360.76 | AA31: 0.01 | AB31: 86 | AC31: 55 | AD31: =AD30+1 -> 22 | AE31: =IF(I31>S31,I31-S31,I31-S31) -> -55.16
A32: =A31+1 -> 23 | B32: 6858.65 | C32: 160019 | D32: =C32-C31 -> -157 | E32: =C32-152000 -> 8019 | F32: =D32/$D$2 -> -79.153012 | G32: 280 | H32: 0 | I32: =G32+H32 -> 280 | J32: =IF(L32>0,L32,0) -> 0 | K32: =I32+J32 -> 280 | L32: =F32-(I32-X32) -> -5.7030124 | M32: 108 | N32: 0 | O32: =3.6*1.05 -> 3.78 | P32: =M32-(N32+O32) -> 104.22 | Q32: 140 | R32: 81 | S32: =SUM(P32:R32) -> 325.22 | T32: =(I32-S32)+T31 -> -9354.558 | U32: 10.45 | V32: 14 | W32: =W31-V32 -> 3858.7787 | X32: =N32+O32+S32+U32+V32 -> 353.45 | Y32: =IF(L32<0,L32*-1,0) -> 5.7030124 | Z32: =X32+Y32 -> 359.15301 | AA32: 0 | AB32: 86 | AC32: 51 | AD32: =AD31+1 -> 23 | AE32: =IF(I32>S32,I32-S32,I32-S32) -> -45.22
A33: =A32+1 -> 24 | B33: 6858.57 | C33: 159840 | D33: =C33-C32 -> -179 | E33: =C33-152000 -> 7840 | F33: =D33/$D$2 -> -90.244517 | G33: 281 | H33: 0 | I33: =G33+H33 -> 281 | J33: =IF(L33>0,L33,0) -> 14.745483 | K33: =I33+J33 -> 295.74548 | L33: =F33-(I33-X33) -> 14.745483 | M33: 135 | N33: 0 | O33: 0 | P33: =M33-(N33+O33) -> 135 | Q33: 141 | R33: 80 | S33: =SUM(P33:R33) -> 356 | T33: =(I33-S33)+T32 -> -9429.558 | U33: 14.99 | V33: 15 | W33: =W32-V33 -> 3843.7787 | X33: =N33+O33+S33+U33+V33 -> 385.99 | Y33: =IF(L33<0,L33*-1,0) -> 0 | Z33: =X33+Y33 -> 385.99 | AA33: 0.23 | AB33: 88 | AC33: 53 | AD33: =AD32+1 -> 24 | AE33: =IF(I33>S33,I33-S33,I33-S33) -> -75
A34: =A33+1 -> 25 | B34: 6858.49 | C34: 159660 | D34: =C34-C33 -> -180 | E34: =C34-152000 -> 7660 | F34: =D34/$D$2 -> -90.748677 | G34: 280 | H34: 0 | I34: =G34+H34 -> 280 | J34: =IF(L34>0,L34,0) -> 8.5713234 | K34: =I34+J34 -> 288.57132 | L34: =F34-(I34-X34) -> 8.5713234 | M34: 126 | N34: 0 | O34: 0 | P34: =M34-(N34+O34) -> 126 | Q34: 141 | R34: 80 | S34: =SUM(P34:R34) -> 347 | T34: =(I34-S34)+T33 -> -9496.558 | U34: 17.32 | V34: 15 | W34: =W33-V34 -> 3828.7787 | X34: =N34+O34+S34+U34+V34 -> 379.32 | Y34: =IF(L34<0,L34*-1,0) -> 0 | Z34: =X34+Y34 -> 379.32 | AA34: 0 | AB34: 84 | AC34: 59 | AD34: =AD33+1 -> 25 | AE34: =IF(I34>S34,I34-S34,I34-S34) -> -67
A35: =A34+1 -> 26 | B35: 6858.42 | C35: 159504 | D35: =C35-C34 -> -156 | E35: =C35-152000 -> 7504 | F35: =D35/$D$2 -> -78.648853 | G35: 268 | H35: 0 | I35: =G35+H35 -> 268 | J35: =IF(L35>0,L35,0) -> 11.821147 | K35: =I35+J35 -> 279.82115 | L35: =F35-(I35-X35) -> 11.821147 | M35: 106 | N35: 0 | O35: 0 | P35: =M35-(N35+O35) -> 106 | Q35: 143 | R35: 81 | S35: =SUM(P35:R35) -> 330 | T35: =(I35-S35)+T34 -> -9558.558 | U35: 13.47 | V35: 15 | W35: =W34-V35 -> 3813.7787 | X35: =N35+O35+S35+U35+V35 -> 358.47 | Y35: =IF(L35<0,L35*-1,0) -> 0 | Z35: =X35+Y35 -> 358.47 | AA35: 0 | AB35: 86 | AC35: 59 | AD35: =AD34+1 -> 26 | AE35: =IF(I35>S35,I35-S35,I35-S35) -> -62
A36: =A35+1 -> 27 | B36: 6858.33 | C36: 159302 | D36: =C36-C35 -> -202 | E36: =C36-152000 -> 7302 | F36: =D36/$D$2 -> -101.84018 | G36: 254 | H36: 0 | I36: =G36+H36 -> 254 | J36: =IF(L36>0,L36,0) -> 22.329819 | K36: =I36+J36 -> 276.32982 | L36: =F36-(I36-X36) -> 22.329819 | M36: 122 | N36: 0 | O36: 0 | P36: =M36-(N36+O36) -> 122 | Q36: 144 | R36: 81 | S36: =SUM(P36:R36) -> 347 | T36: =(I36-S36)+T35 -> -9651.558 | U36: 17.17 | V36: 14 | W36: =W35-V36 -> 3799.7787 | X36: =N36+O36+S36+U36+V36 -> 378.17 | Y36: =IF(L36<0,L36*-1,0) -> 0 | Z36: =X36+Y36 -> 378.17 | AA36: 0.01 | AB36: 83 | AC36: 53 | AD36: =AD35+1 -> 27 | AE36: =IF(I36>S36,I36-S36,I36-S36) -> -93
A37: =A36+1 -> 28 | B37: 6858.23 | C37: 159078 | D37: =C37-C36 -> -224 | E37: =C37-152000 -> 7078 | F37: =D37/$D$2 -> -112.93169 | G37: 242 | H37: 0 | I37: =G37+H37 -> 242 | J37: =IF(L37>0,L37,0) -> 14.428314 | K37: =I37+J37 -> 256.42831 | L37: =F37-(I37-X37) -> 14.428314 | M37: 124 | N37: 0 | O37: 0 | P37: =M37-(N37+O37) -> 124 | Q37: 143 | R37: 80 | S37: =SUM(P37:R37) -> 347 | T37: =(I37-S37)+T36 -> -9756.558 | U37: 8.36 | V37: 14 | W37: =W36-V37 -> 3785.7787 | X37: =N37+O37+S37+U37+V37 -> 369.36 | Y37: =IF(L37<0,L37*-1,0) -> 0 | Z37: =X37+Y37 -> 369.36 | AA37: 0 | AB37: 86 | AC37: 53 | AD37: =AD36+1 -> 28 | AE37: =IF(I37>S37,I37-S37,I37-S37) -> -105
A38: =A37+1 -> 29 | B38: 6858.1 | C38: 158787 | D38: =C38-C37 -> -291 | E38: =C38-152000 -> 6787 | F38: =D38/$D$2 -> -146.71036 | G38: 233 | H38: 0 | I38: =G38+H38 -> 233 | J38: =IF(L38>0,L38,0) -> 15.91964 | K38: =I38+J38 -> 248.91964 | L38: =F38-(I38-X38) -> 15.91964 | M38: 139 | N38: 0 | O38: 0 | P38: =M38-(N38+O38) -> 139 | Q38: 141 | R38: 79 | S38: =SUM(P38:R38) -> 359 | T38: =(I38-S38)+T37 -> -9882.558 | U38: 22.63 | V38: 14 | W38: =W37-V38 -> 3771.7787 | X38: =N38+O38+S38+U38+V38 -> 395.63 | Y38: =IF(L38<0,L38*-1,0) -> 0 | Z38: =X38+Y38 -> 395.63 | AA38: 0 | AB38: 91 | AC38: 54 | AD38: =AD37+1 -> 29 | AE38: =IF(I38>S38,I38-S38,I38-S38) -> -126
A39: 30 | B39: 6857.97 | C39: 158496 | D39: =C39-C38 -> -291 | E39: =C39-152000 -> 6496 | F39: =D39/$D$2 -> -146.71036 | G39: 224 | H39: 0 | I39: =G39+H39 -> 224 | J39: =IF(L39>0,L39,0) -> 23.79964 | K39: =I39+J39 -> 247.79964 | L39: =F39-(I39-X39) -> 23.79964 | M39: 138 | N39: 0 | O39: 0 | P39: =M39-(N39+O39) -> 138 | Q39: 139 | R39: 78 | S39: =SUM(P39:R39) -> 355 | T39: =(I39-S39)+T38 -> -10013.558 | U39: 25.51 | V39: 14 | W39: =W38-V39 -> 3757.7787 | X39: =N39+O39+S39+U39+V39 -> 394.51 | Y39: =IF(L39<0,L39*-1,0) -> 0 | Z39: =X39+Y39 -> 394.51 | AA39: 0 | AB39: 90 | AC39: 55 | AD39: 30 | AE39: =IF(I39>S39,I39-S39,I39-S39) -> -131
A40: 31 | B40: 6857.86 | C40: 158252 | D40: =C40-C39 -> -244 | E40: =C40-152000 -> 6252 | F40: =D40/$D$2 -> -123.01487 | G40: 221 | H40: 0 | I40: =G40+H40 -> 221 | J40: =IF(L40>0,L40,0) -> 18.975127 | K40: =I40+J40 -> 239.97513 | L40: =F40-(I40-X40) -> 18.975127 | M40: 119 | N40: 3.38 | O40: 0 | P40: =M40-(N40+O40) -> 115.62 | Q40: 138 | R40: 77 | S40: =SUM(P40:R40) -> 330.62 | T40: =(I40-S40)+T39 -> -10123.178 | U40: 14.99 | V40: 14 | W40: =W39-V40 -> 3743.7787 | X40: =N40+O40+S40+U40+V40 -> 362.99 | Y40: =IF(L40<0,L40*-1,0) -> 0 | Z40: =X40+Y40 -> 362.99 | AA40: 0 | AB40: 93 | AC40: 55 | AD40: 31 | AE40: =IF(I40>S40,I40-S40,I40-S40) -> -109.62
O41: 0 | AA41: 0
A42: MONTH / CFS | F42: =SUM(F10:F40) -> -8046.8868 | G42: =SUM(G10:G40) -> 3886 | H42: =SUM(H10:H40) -> 0 | I42: =SUM(I10:I40) -> 3886 | J42: =SUM(J10:J40) -> 378.77658 | K42: =SUM(K10:K40) -> 4264.7766 | L42: =SUM(L10:L40) -> 75.023184 | M42: =SUM(M10:M40) -> 4434 | ... S42: =SUM(S10:S40) -> 10877.123 | U42: =SUM(U10:U40) -> 674.91 | V42: =SUM(V10:V40) -> 445 | X42: =SUM(X10:X40) -> 12007.91 | Y42: =SUM(Y10:Y40) -> 303.7534 | Z42: =SUM(Z10:Z40) -> 12311.663 | AA42: =SUM(AA10:AA40) -> 0.92 | AB42: =AVERAGE(AB10:AB40) -> 88.645161 | AC42: =AVERAGE(AC10:AC40) -> 55.322581 | AD42: AVG
A43: MONTH / AF | D43: =SUM(D10:D40) -> -15961 | F43: =F42*$D$2 -> -15961 | G43: =G42*$D$2 -> 7707.881 | H43: =H42*$D$2 -> 0 | I43: =I42*$D$2 -> 7707.881 | J43: =J42*$D$2 -> 751.30335 | K43: =K42*$D$2 -> 8459.1843 | L43: =L42*$D$2 -> 148.80849 | M43: =M42*$D$2 -> 8794.839 | ... S43: =S42*$D$2 -> 21574.773 | U43: =U42*$D$2 -> 1338.684 | V43: =V42*$D$2 -> 882.6575 | X43: =X42*$D$2 -> 23817.689 | Y43: =Y42*$D$2 -> 602.49487 | Z43: =Z42*$D$2 -> 24420.184 | AB43: =MAX(AB10:AB40) -> 97 | AC43: =MAX(AC10:AC40) -> 61 | AD43: HI
A45: SEASON / CFS | F45: =F7+F42 -> -24862.112 | G45: =G7+G42 -> 23832 | H45: =H7+H42 -> 27.82 | I45: =I7+I42 -> 23859.82 | J45: =J7+J42 -> 773.98852 | K45: =K7+K42 -> 24633.809 | L45: =L7+L42 -> -1819.8424 | M45: =M7+M42 -> 20080 | ... S45: =S7+S42 -> 33982.998 | T45: =T40 -> -10123.178 | U45: =U7+U42 -> 8093.09 | V45: =V7+V42 -> 2290 | W45: =W40 -> 3743.7787 | X45: =X7+X42 -> 46902.09 | Y45: =Y7+Y42 -> 2593.831 | Z45: =Z7+Z42 -> 49495.921 | AB45: =MIN(AB10:AB40) -> 80 | AC45: =MIN(AC10:AC40) -> 51 | AD45: LO
A46: SEASON / AF | F46: =F45*$D$2 -> -49314 | G46: =G45*$D$2 -> 47270.772 | H46: =H45*$D$2 -> 55.18097 | I46: =I45*$D$2 -> 47325.953 | J46: =J45*$D$2 -> 1535.2062 | K46: =K45*$D$2 -> 48861.159 | L46: =L45*$D$2 -> -3609.6575 | M46: =M45*$D$2 -> 39828.68 | ... Z46: =Z45*$D$2 -> 98175.159
A48: YTD / CFS | F48: =F8+F42 -> -24045.374 | G48: =G8+G42 -> 30374 | H48: =H8+H42 -> 63.35 | I48: =I8+I42 -> 30389.82 | J48: =J8+J42 -> 2180.5391 | K48: =K8+K42 -> 32570.359 | L48: =L8+L42 -> -1549.0243 | M48: =M8+M42 -> 21275.58 | ... S48: =S8+S42 -> 35191.863 | T48: =T45 -> -10123.178 | U48: =U8+U42 -> 8093.09 | V48: =V8+V42 -> 6951 | W48: =W40 -> 3743.7787 | X48: =X8+X42 -> 52886.17 | Y48: =Y8+Y42 -> 3729.5635 | Z48: =Z8+Z42 -> 56615.733 | AA48: =AA8+AA42 -> 4.52
A49: YTD / AF | D49: =D8+D43 -> -47694 | E49: =E40 -> 6252 | F49: =F48*$D$2 -> -47694 | G49: =G48*$D$2 -> 60246.829 | H49: =H48*$D$2 -> 125.65472 | I49: =I48*$D$2 -> 60278.208 | J49: =J48*$D$2 -> 4325.0994 | K49: =K48*$D$2 -> 64603.307 | L49: =L48*$D$2 -> -3072.4898 | M49: =M48*$D$2 -> 42200.113 | ... V49: =V48*$D$2 -> 13787.308 | W49: =W40*$D$2 -> 7425.785 | X49: =X48*$D$2 -> 104899.72 | Y49: =Y48*$D$2 -> 7397.5891 | Z49: =Z48*$D$2 -> 112297.31
B51: Active Storage | E51: =E40 -> 6252 | H51: Apr 1 thru Oct 31 evap & M&I | L51: =3500+2932 -> 6432 | W51: 242 | X51: # days to Mar 31
B52: Users Balance | E52: =L54+O54+T54+U54+W54 -> 6302.328 | H52: AF / day | L52: =L51/210 -> 30.628571 | P52: Days since 4/1 | S52: 122 | T52: =16268+1368+4 -> 17640 | W52: =W46/W51 -> 30.685062
H53: Day left to Oct 31 | L53: =214-S52 -> 92 | O53: 6289 | P53: M&I thru MVIC sys / day | S53: =2932/210 -> 13.961905 | T53: =S52*S53 -> 1703.3524 | U53: =14562+1946+600+15+25 -> 17148
B54: Slack | E54: =E51-E52 -> -50.327967 | H54: Remaining / based on 44,000 runoff | L54: =L53*L52 -> 2817.8286 | O54: =O53-O49 -> 302.08889 | T54: =(T52+T53)+T46 -> -735.97118 | U54: =U53-U49 -> 1095.356 | W54: =L53*W52 -> 2823.0257 | Z54: =DAYS360(7/24/2002,3/31/2003,FALSE()) -> 0

Sheet AUG
K1: MC PHEE RESERVOIR IN/OUT FLOW TABULATION
A2: AF/cfs CONVERT FACTOR | D2: 1.9835 | K2: AUGUST "2002"
A4: DATE | B4: RESERV | C4: RESERV | D4: AC FT | E4: ACTIVE | F4: CONV TO | G4: DOLORES | H4: LOST | I4: RECORDED | J4: CALC | K4: TOTAL | L4: CALC | M4: DOLORES TUNNEL | Q4: LONE | R4: U | S4: TOTAL | T4: MVI | U4: DV CR | V4: BELOW | W4: REMAIN | X4: RECORDED | Y4: CALC | Z4: TOTAL | AA4: RAIN | AB4: MAX | AC4: MIN | AD4: DATE | AE4: MVIC
A5: "AUG" | B5: ELEV | C5: AC FT | D5: CHANGE | E5: CAP | F5: CFS | G5: RIVER | H5: CANYON | I5: INFLOW | J5: INFLOW | K5: INFLOW | L5: INF/OTF | M5: TOT DIV | N5: WETLAND | O5: UTE F&R | P5: MVI,CTZ | Q5: PINE | R5: LAT | S5: MVI | T5: CALL | U5: CANAL | V5: MC PHEE | W5: RELEASE | X5: OUTFLOW | Y5: OUTFLOW | Z5: OUTFLOW | AB5: TMP | AC5: TMP | AD5: "AUG" | AE5: DAILY
A7: SEASON BAL | F7: =JUL!F45 -> -24862.112 | G7: =JUL!G45 -> 23832 | H7: =JUL!H45 -> 27.82 | I7: =JUL!I45 -> 23859.82 | J7: =JUL!J45 -> 773.98852 | K7: =JUL!K45 -> 24633.809 | L7: =JUL!L45 -> -1819.8424 | M7: =JUL!M45 -> 20080 | ... V7: =JUL!V45 -> 2290 | X7: =JUL!X45 -> 46902.09 | Y7: =JUL!Y45 -> 2593.831 | Z7: =JUL!Z45 -> 49495.921
A8: YTD | B8: =JUL!B40 -> 6857.86 | C8: =JUL!C40 -> 158252 | D8: =JUL!D49 -> -47694 | E8: =JUL!E49 -> 6252 | F8: =JUL!F48 -> -24045.374 | G8: =JUL!G48 -> 30374 | H8: =JUL!H48 -> 63.35 | I8: =JUL!I48 -> 30389.82 | J8: =JUL!J48 -> 2180.5391 | K8: =JUL!K48 -> 32570.359 | L8: =JUL!L48 -> -1549.0243 | M8: =JUL!M48 -> 21275.58 | ... AA8: =JUL!AA48 -> 4.52
A10: 1 | B10: 6857.89 | C10: 158319 | D10: =C10-C8 -> 67 | E10: =C10-152000 -> 6319 | F10: =D10/$D$2 -> 33.778674 | G10: 218 | H10: 0 | I10: =G10+H10 -> 218 | J10: =IF(L10>0,L10,0) -> 0 | K10: =I10+J10 -> 218 | L10: =F10-(I10-X10) -> -3.6913259 | M10: 64 | N10: 1 | O10: 0 | P10: =M10-(N10+O10) -> 63 | Q10: 37 | R10: 40.44 | S10: =SUM(P10:R10) -> 140.44 | T10: =(I10-S10)+T7 -> -10045.618 | U10: 25.09 | V10: 14 | W10: =W8-V10 -> 3729.7787 | X10: =N10+O10+S10+U10+V10 -> 180.53 | Y10: =IF(L10<0,L10*-1,0) -> 3.6913259 | Z10: =X10+Y10 -> 184.22133 | AA10: 0 | AB10: 90 | AC10: 59 | AD10: 1 | AE10: =IF(I10>S10,I10-S10,I10-S10) -> 77.56
A11: =A10+1 -> 2 | B11: 6858.02 | C11: 158608 | D11: =C11-C10 -> 289 | E11: =C11-152000 -> 6608 | F11: =D11/$D$2 -> 145.70204 | G11: 215 | H11: 0 | I11: =G11+H11 -> 215 | J11: =IF(L11>0,L11,0) -> 0 | K11: =I11+J11 -> 215 | L11: =F11-(I11-X11) -> -27.647958 | M11: 13 | N11: 1 | O11: 0 | P11: =M11-(N11+O11) -> 12 | Q11: 0 | R11: 0 | S11: =SUM(P11:R11) -> 12 | T11: =(I11-S11)+T10 -> -9842.618 | U11: 14.65 | V11: 14 | W11: =W10-V11 -> 3715.7787 | X11: =N11+O11+S11+U11+V11 -> 41.65 | Y11: =IF(L11<0,L11*-1,0) -> 27.647958 | Z11: =X11+Y11 -> 69.297958 | AA11: 0 | AB11: 86 | AC11: 58 | AD11: =AD10+1 -> 2 | AE11: =IF(I11>S11,I11-S11,I11-S11) -> 203
A12: =A11+1 -> 3 | B12: 6858.13 | C12: 158854 | D12: =C12-C11 -> 246 | E12: =C12-152000 -> 6854 | F12: =D12/$D$2 -> 124.02319 | G12: 151 | H12: 0 | I12: =G12+H12 -> 151 | J12: =IF(L12>0,L12,0) -> 18.863191 | K12: =I12+J12 -> 169.86319 | L12: =F12-(I12-X12) -> 18.863191 | M12: 16 | N12: 1 | O12: 0 | P12: =M12-(N12+O12) -> 15 | Q12: 0 | R12: 0 | S12: =SUM(P12:R12) -> 15 | T12: =(I12-S12)+T11 -> -9706.618 | U12: 15.84 | V12: 14 | W12: =W11-V12 -> 3701.7787 | X12: =N12+O12+S12+U12+V12 -> 45.84 | Y12: =IF(L12<0,L12*-1,0) -> 0 | Z12: =X12+Y12 -> 45.84 | AA12: 0.14 | AB12: 77 | AC12: 56 | AD12: =AD11+1 -> 3 | AE12: =IF(I12>S12,I12-S12,I12-S12) -> 136
A13: =A12+1 -> 4 | B13: 6858.14 | C13: 158876 | D13: =C13-C12 -> 22 | E13: =C13-152000 -> 6876 | F13: =D13/$D$2 -> 11.091505 | G13: 61 | H13: 0 | I13: =G13+H13 -> 61 | J13: =IF(L13>0,L13,0) -> 0 | K13: =I13+J13 -> 61 | L13: =F13-(I13-X13) -> -4.0184951 | M13: 13 | N13: 1 | O13: 0 | P13: =M13-(N13+O13) -> 12 | Q13: 0 | R13: 0 | S13: =SUM(P13:R13) -> 12 | T13: =(I13-S13)+T12 -> -9657.618 | U13: 18.89 | V13: 14 | W13: =W12-V13 -> 3687.7787 | X13: =N13+O13+S13+U13+V13 -> 45.89 | Y13: =IF(L13<0,L13*-1,0) -> 4.0184951 | Z13: =X13+Y13 -> 49.908495 | AA13: 0 | AB13: 80 | AC13: 53 | AD13: =AD12+1 -> 4 | AE13: =IF(I13>S13,I13-S13,I13-S13) -> 49
A14: =A13+1 -> 5 | B14: 6858.14 | C14: 158876 | D14: =C14-C13 -> 0 | E14: =C14-152000 -> 6876 | F14: =D14/$D$2 -> 0 | G14: 47 | H14: 0 | I14: =G14+H14 -> 47 | J14: =IF(L14>0,L14,0) -> 0 | K14: =I14+J14 -> 47 | L14: =F14-(I14-X14) -> -1.14 | M14: 13 | N14: 0 | O14: 0 | P14: =M14-(N14+O14) -> 13 | Q14: 0 | R14: 0 | S14: =SUM(P14:R14) -> 13 | T14: =(I14-S14)+T13 -> -9623.618 | U14: 18.86 | V14: 14 | W14: =W13-V14 -> 3673.7787 | X14: =N14+O14+S14+U14+V14 -> 45.86 | Y14: =IF(L14<0,L14*-1,0) -> 1.14 | Z14: =X14+Y14 -> 47 | AA14: 0 | AB14: 83 | AC14: 55 | AD14: =AD13+1 -> 5 | AE14: =IF(I14>S14,I14-S14,I14-S14) -> 34
A15: =A14+1 -> 6 | B15: 6858.15 | C15: 158899 | D15: =C15-C14 -> 23 | E15: =C15-152000 -> 6899 | F15: =D15/$D$2 -> 11.595664 | G15: 41 | H15: 0 | I15: =G15+H15 -> 41 | J15: =IF(L15>0,L15,0) -> 0 | K15: =I15+J15 -> 41 | L15: =F15-(I15-X15) -> -1.4043358 | M15: 14 | N15: 0 | O15: 0 | P15: =M15-(N15+O15) -> 14 | Q15: 0 | R15: 0 | S15: =SUM(P15:R15) -> 14 | T15: =(I15-S15)+T14 -> -9596.618 | U15: 0 | V15: 14 | W15: =W14-V15 -> 3659.7787 | X15: =N15+O15+S15+U15+V15 -> 28 | Y15: =IF(L15<0,L15*-1,0) -> 1.4043358 | Z15: =X15+Y15 -> 29.404336 | AA15: 0.12 | AB15: 80 | AC15: 53 | AD15: =AD14+1 -> 6 | AE15: =IF(I15>S15,I15-S15,I15-S15) -> 27
A16: =A15+1 -> 7 | B16: 6858.16 | C16: 158921 | D16: =C16-C15 -> 22 | E16: =C16-152000 -> 6921 | F16: =D16/$D$2 -> 11.091505 | G16: 47 | H16: 0 | I16: =G16+H16 -> 47 | J16: =IF(L16>0,L16,0) -> 0 | K16: =I16+J16 -> 47 | L16: =F16-(I16-X16) -> -5.2584951 | M16: 13 | N16: 0 | O16: 0 | P16: =M16-(N16+O16) -> 13 | Q16: 0 | R16: 0 | S16: =SUM(P16:R16) -> 13 | T16: =(I16-S16)+T15 -> -9562.618 | U16: 3.65 | V16: 14 | W16: =W15-V16 -> 3645.7787 | X16: =N16+O16+S16+U16+V16 -> 30.65 | Y16: =IF(L16<0,L16*-1,0) -> 5.2584951 | Z16: =X16+Y16 -> 35.908495 | AA16: 0.01 | AB16: 80 | AC16: 56 | AD16: =AD15+1 -> 7 | AE16: =IF(I16>S16,I16-S16,I16-S16) -> 34
A17: =A16+1 -> 8 | B17: 6858.18 | C17: 158966 | D17: =C17-C16 -> 45 | E17: =C17-152000 -> 6966 | F17: =D17/$D$2 -> 22.687169 | G17: 56 | H17: 0 | I17: =G17+H17 -> 56 | J17: =IF(L17>0,L17,0) -> 2.2071691 | K17: =I17+J17 -> 58.207169 | L17: =F17-(I17-X17) -> 2.2071691 | M17: 13 | N17: 1.25 | O17: 0 | P17: =M17-(N17+O17) -> 11.75 | Q17: 0 | R17: 0 | S17: =SUM(P17:R17) -> 11.75 | T17: =(I17-S17)+T16 -> -9518.368 | U17: 7.52 | V17: 15 | W17: =W16-V17 -> 3630.7787 | X17: =N17+O17+S17+U17+V17 -> 35.52 | Y17: =IF(L17<0,L17*-1,0) -> 0 | Z17: =X17+Y17 -> 35.52 | AA17: 0 | AB17: 84 | AC17: 54 | AD17: =AD16+1 -> 8 | AE17: =IF(I17>S17,I17-S17,I17-S17) -> 44.25
A18: =A17+1 -> 9 | B18: 6858.18 | C18: 158966 | D18: =C18-C17 -> 0 | E18: =C18-152000 -> 6966 | F18: =D18/$D$2 -> 0 | G18: 48 | H18: 0 | I18: =G18+H18 -> 48 | J18: =IF(L18>0,L18,0) -> 0 | K18: =I18+J18 -> 48 | L18: =F18-(I18-X18) -> -9.98 | M18: 13 | N18: 1 | O18: 0 | P18: =M18-(N18+O18) -> 12 | Q18: 0 | R18: 0 | S18: =SUM(P18:R18) -> 12 | T18: =(I18-S18)+T17 -> -9482.368 | U18: 10.02 | V18: 15 | W18: =W17-V18 -> 3615.7787 | X18: =N18+O18+S18+U18+V18 -> 38.02 | Y18: =IF(L18<0,L18*-1,0) -> 9.98 | Z18: =X18+Y18 -> 48 | AA18: 0 | AB18: 88 | AC18: 51 | AD18: =AD17+1 -> 9 | AE18: =IF(I18>S18,I18-S18,I18-S18) -> 36
A19: =A18+1 -> 10 | B19: 6858.16 | C19: 158921 | D19: =C19-C18 -> -45 | E19: =C19-152000 -> 6921 | F19: =D19/$D$2 -> -22.687169 | G19: 44 | H19: 0 | I19: =G19+H19 -> 44 | J19: 0 | K19: =I19+J19 -> 44 | L19: =F19-(I19-X19) -> -2.1571691 | M19: 21 | N19: 1 | O19: 0 | P19: =M19-(N19+O19) -> 20 | Q19: 0 | R19: 0 | S19: =SUM(P19:R19) -> 20 | T19: =(I19-S19)+T18 -> -9458.368 | U19: 28.53 | V19: 15 | W19: =W18-V19 -> 3600.7787 | X19: =N19+O19+S19+U19+V19 -> 64.53 | Y19: =IF(L19<0,L19*-1,0) -> 2.1571691 | Z19: =X19+Y19 -> 66.687169 | AA19: 0 | AB19: 89 | AC19: 51 | AD19: =AD18+1 -> 10 | AE19: =IF(I19>S19,I19-S19,I19-S19) -> 24
A20: 11 | B20: 6858.14 | C20: 158876 | D20: =C20-C19 -> -45 | E20: =C20-152000 -> 6876 | F20: =D20/$D$2 -> -22.687169 | G20: 37 | H20: 0 | I20: =G20+H20 -> 37 | J20: =IF(L20>0,L20,0) -> 0 | K20: =I20+J20 -> 37 | L20: =F20-(I20-X20) -> -11.177169 | M20: 27 | N20: 1 | O20: 0 | P20: =M20-(N20+O20) -> 26 | Q20: 0 | R20: 0 | S20: =SUM(P20:R20) -> 26 | T20: =(I20-S20)+T19 -> -9447.368 | U20: 6.51 | V20: 15 | W20: =W19-V20 -> 3585.7787 | X20: =N20+O20+S20+U20+V20 -> 48.51 | Y20: =IF(L20<0,L20*-1,0) -> 11.177169 | Z20: =X20+Y20 -> 59.687169 | AA20: 0 | AB20: 90 | AC20: 52 | AD20: 11 | AE20: =IF(I20>S20,I20-S20,I20-S20) -> 11
A21: 12 | B21: 6858.11 | C21: 158809 | D21: =C21-C20 -> -67 | E21: =C21-152000 -> 6809 | F21: =D21/$D$2 -> -33.778674 | G21: 33 | H21: 0 | I21: =G21+H21 -> 33 | J21: =IF(L21>0,L21,0) -> 0 | K21: =I21+J21 -> 33 | L21: =F21-(I21-X21) -> -12.548674 | M21: 23 | N21: 0 | O21: 0 | P21: =M21-(N21+O21) -> 23 | Q21: 0 | R21: 0 | S21: =SUM(P21:R21) -> 23 | T21: =(I21-S21)+T20 -> -9437.368 | U21: 16.23 | V21: 15 | W21: =W20-V21 -> 3570.7787 | X21: =N21+O21+S21+U21+V21 -> 54.23 | Y21: =IF(L21<0,L21*-1,0) -> 12.548674 | Z21: =X21+Y21 -> 66.778674 | AA21: 0 | AB21: 92 | AC21: 53 | AD21: 12 | AE21: =IF(I21>S21,I21-S21,I21-S21) -> 10
A22: 13 | B22: 6858.07 | C22: 158720 | D22: =C22-C21 -> -89 | E22: =C22-152000 -> 6720 | F22: =D22/$D$2 -> -44.870179 | G22: 28 | H22: 0 | I22: =G22+H22 -> 28 | J22: =IF(L22>0,L22,0) -> 0 | K22: =I22+J22 -> 28 | L22: =F22-(I22-X22) -> -14.920179 | M22: 28 | N22: 0 | O22: 0 | P22: =M22-(N22+O22) -> 28 | Q22: 0 | R22: 0 | S22: =SUM(P22:R22) -> 28 | T22: =(I22-S22)+T21 -> -9437.368 | U22: 14.95 | V22: 15 | W22: =W21-V22 -> 3555.7787 | X22: =N22+O22+S22+U22+V22 -> 57.95 | Y22: =IF(L22<0,L22*-1,0) -> 14.920179 | Z22: =X22+Y22 -> 72.870179 | AA22: 0 | AB22: 85 | AC22: 54 | AD22: 13 | AE22: =IF(I22>S22,I22-S22,I22-S22) -> 0
A23: 14 | B23: 6858.04 | C23: 158652 | D23: =C23-C22 -> -68 | E23: =C23-152000 -> 6652 | F23: =D23/$D$2 -> -34.282833 | G23: 25 | H23: 0 | I23: =G23+H23 -> 25 | J23: =IF(L23>0,L23,0) -> 0 | K23: =I23+J23 -> 25 | L23: =F23-(I23-X23) -> -7.0128334 | M23: 17 | N23: 0 | O23: 0 | P23: =M23-(N23+O23) -> 17 | Q23: 0 | R23: 0 | S23: =SUM(P23:R23) -> 17 | T23: =(I23-S23)+T22 -> -9429.368 | U23: 21.27 | V23: 14 | W23: =W22-V23 -> 3541.7787 | X23: =N23+O23+S23+U23+V23 -> 52.27 | Y23: =IF(L23<0,L23*-1,0) -> 7.0128334 | Z23: =X23+Y23 -> 59.282833 | AA23: 0 | AB23: 88 | AC23: 50 | AD23: 14 | AE23: =IF(I23>S23,I23-S23,I23-S23) -> 8
A24: 15 | B24: 6858.02 | C24: 158608 | D24: =C24-C23 -> -44 | E24: =C24-152000 -> 6608 | F24: =D24/$D$2 -> -22.18301 | G24: 23 | H24: 0 | I24: =G24+H24 -> 23 | J24: =IF(L24>0,L24,0) -> 0 | K24: =I24+J24 -> 23 | L24: =F24-(I24-X24) -> -12.35301 | M24: 13 | N24: 1 | O24: 0 | P24: =M24-(N24+O24) -> 12 | Q24: 0 | R24: 0 | S24: =SUM(P24:R24) -> 12 | T24: =(I24-S24)+T23 -> -9418.368 | U24: 4.83 | V24: 15 | W24: =W23-V24 -> 3526.7787 | X24: =N24+O24+S24+U24+V24 -> 32.83 | Y24: =IF(L24<0,L24*-1,0) -> 12.35301 | Z24: =X24+Y24 -> 45.18301 | AA24: 0 | AB24: 90 | AC24: 52 | AD24: 15 | AE24: =IF(I24>S24,I24-S24,I24-S24) -> 11
A25: 16 | B25: 6858 | C25: 158563 | D25: =C25-C24 -> -45 | E25: =C25-152000 -> 6563 | F25: =D25/$D$2 -> -22.687169 | G25: 18 | H25: 0 | I25: =G25+H25 -> 18 | J25: =IF(L25>0,L25,0) -> 0.82283085 | K25: =I25+J25 -> 18.822831 | L25: =F25-(I25-X25) -> 0.82283085 | M25: 12 | N25: 1 | O25: 0 | P25: =M25-(N25+O25) -> 11 | Q25: 0 | R25: 0 | S25: =SUM(P25:R25) -> 11 | T25: =(I25-S25)+T24 -> -9411.368 | U25: 14.51 | V25: 15 | W25: =W24-V25 -> 3511.7787 | X25: =N25+O25+S25+U25+V25 -> 41.51 | Y25: =IF(L25<0,L25*-1,0) -> 0 | Z25: =X25+Y25 -> 41.51 | AA25: 0 | AB25: 92 | AC25: 51 | AD25: 16 | AE25: =IF(I25>S25,I25-S25,I25-S25) -> 7
A26: 17 | B26: 6857.96 | C26: 158474 | D26: =C26-C25 -> -89 | E26: =C26-152000 -> 6474 | F26: =D26/$D$2 -> -44.870179 | G26: 16 | H26: 0 | I26: =G26+H26 -> 16 | J26: =IF(L26>0,L26,0) -> 0 | K26: =I26+J26 -> 16 | L26: =F26-(I26-X26) -> -15.360179 | M26: 16 | N26: 1 | O26: 0 | P26: =M26-(N26+O26) -> 15 | Q26: 0 | R26: 0 | S26: =SUM(P26:R26) -> 15 | T26: =(I26-S26)+T25 -> -9410.368 | U26: 14.51 | V26: 15 | W26: =W25-V26 -> 3496.7787 | X26: =N26+O26+S26+U26+V26 -> 45.51 | Y26: =IF(L26<0,L26*-1,0) -> 15.360179 | Z26: =X26+Y26 -> 60.870179 | AA26: 0 | AB26: 92 | AC26: 54 | AD26: 17 | AE26: =IF(I26>S26,I26-S26,I26-S26) -> 1
A27: 18 | B27: 6857.93 | C27: 158408 | D27: =C27-C26 -> -66 | E27: =C27-152000 -> 6408 | F27: =D27/$D$2 -> -33.274515 | G27: 16 | H27: 0 | I27: =G27+H27 -> 16 | J27: =IF(L27>0,L27,0) -> 0 | K27: =I27+J27 -> 16 | L27: =F27-(I27-X27) -> -13.054515 | M27: 15 | N27: 1 | O27: 0 | P27: =M27-(N27+O27) -> 14 | Q27: 0 | R27: 0 | S27: =SUM(P27:R27) -> 14 | T27: =(I27-S27)+T26 -> -9408.368 | U27: 6.22 | V27: 15 | W27: =W26-V27 -> 3481.7787 | X27: =N27+O27+S27+U27+V27 -> 36.22 | Y27: =IF(L27<0,L27*-1,0) -> 13.054515 | Z27: =X27+Y27 -> 49.274515 | AA27: 0 | AB27: 91 | AC27: 56 | AD27: 18 | AE27: =IF(I27>S27,I27-S27,I27-S27) -> 2
A28: 19 | B28: 6857.88 | C28: 158297 | D28: =C28-C27 -> -111 | E28: =C28-152000 -> 6297 | F28: =D28/$D$2 -> -55.961684 | G28: 14 | H28: 0 | I28: =G28+H28 -> 14 | J28: =IF(L28>0,L28,0) -> 0 | K28: =I28+J28 -> 14 | L28: =F28-(I28-X28) -> -19.231684 | M28: 17 | N28: 0 | O28: 0 | P28: =M28-(N28+O28) -> 17 | Q28: 0 | R28: 0 | S28: =SUM(P28:R28) -> 17 | T28: =(I28-S28)+T27 -> -9411.368 | U28: 18.73 | V28: 15 | W28: =W27-V28 -> 3466.7787 | X28: =N28+O28+S28+U28+V28 -> 50.73 | Y28: =IF(L28<0,L28*-1,0) -> 19.231684 | Z28: =X28+Y28 -> 69.961684 | AA28: 0 | AB28: 91 | AC28: 56 | AD28: 19 | AE28: =IF(I28>S28,I28-S28,I28-S28) -> -3
A29: 20 | B29: 6857.83 | C29: 158186 | D29: =C29-C28 -> -111 | E29: =C29-152000 -> 6186 | F29: =D29/$D$2 -> -55.961684 | G29: 14 | H29: 0 | I29: =G29+H29 -> 14 | J29: =IF(L29>0,L29,0) -> 0 | K29: =I29+J29 -> 14 | L29: =F29-(I29-X29) -> -21.541684 | M29: 13 | N29: 0 | O29: =3.2*1.05 -> 3.36 | P29: =M29-(N29+O29) -> 9.64 | Q29: 0 | R29: 0 | S29: =SUM(P29:R29) -> 9.64 | T29: =(I29-S29)+T28 -> -9407.008 | U29: 21.42 | V29: 14 | W29: =W28-V29 -> 3452.7787 | X29: =N29+O29+S29+U29+V29 -> 48.42 | Y29: =IF(L29<0,L29*-1,0) -> 21.541684 | Z29: =X29+Y29 -> 69.961684 | AA29: 0.12 | AB29: 75 | AC29: 54 | AD29: 20 | AE29: =IF(I29>S29,I29-S29,I29-S29) -> 4.36
A30: 21 | B30: 6857.78 | C30: 158075 | D30: =C30-C29 -> -111 | E30: =C30-152000 -> 6075 | F30: =D30/$D$2 -> -55.961684 | G30: 18 | H30: 0 | I30: =G30+H30 -> 18 | J30: =IF(L30>0,L30,0) -> 0 | K30: =I30+J30 -> 18 | L30: =F30-(I30-X30) -> -34.801684 | M30: 12 | N30: 0 | O30: 0 | P30: =M30-(N30+O30) -> 12 | Q30: 0 | R30: 0 | S30: =SUM(P30:R30) -> 12 | T30: =(I30-S30)+T29 -> -9401.008 | U30: 13.16 | V30: 14 | W30: =W29-V30 -> 3438.7787 | X30: =N30+O30+S30+U30+V30 -> 39.16 | Y30: =IF(L30<0,L30*-1,0) -> 34.801684 | Z30: =X30+Y30 -> 73.961684 | AA30: 0.04 | AB30: 78 | AC30: 51 | AD30: 21 | AE30: =IF(I30>S30,I30-S30,I30-S30) -> 6
A31: 22 | B31: 6857.73 | C31: 157964 | D31: =C31-C30 -> -111 | E31: =C31-152000 -> 5964 | F31: =D31/$D$2 -> -55.961684 | G31: 22 | H31: 0 | I31: =G31+H31 -> 22 | J31: =IF(L31>0,L31,0) -> 0 | K31: =I31+J31 -> 22 | L31: =F31-(I31-X31) -> -47.781684 | M31: 11 | N31: 0 | O31: 0 | P31: =M31-(N31+O31) -> 11 | Q31: 0 | R31: 0 | S31: =SUM(P31:R31) -> 11 | T31: =(I31-S31)+T30 -> -9390.008 | U31: 5.18 | V31: 14 | W31: =W30-V31 -> 3424.7787 | X31: =N31+O31+S31+U31+V31 -> 30.18 | Y31: =IF(L31<0,L31*-1,0) -> 47.781684 | Z31: =X31+Y31 -> 77.961684 | AA31: 0 | AB31: 80 | AC31: 51 | AD31: 22 | AE31: =IF(I31>S31,I31-S31,I31-S31) -> 11
A32: 23 | B32: 6857.7 | C32: 157898 | D32: =C32-C31 -> -66 | E32: =C32-152000 -> 5898 | F32: =D32/$D$2 -> -33.274515 | G32: 20 | H32: 0 | I32: =G32+H32 -> 20 | J32: =IF(L32>0,L32,0) -> 0 | K32: =I32+J32 -> 20 | L32: =F32-(I32-X32) -> -26.744515 | M32: 8.4 | N32: 0 | O32: 0 | P32: =M32-(N32+O32) -> 8.4 | Q32: 0 | R32: 0 | S32: =SUM(P32:R32) -> 8.4 | T32: =(I32-S32)+T31 -> -9378.408 | U32: 4.13 | V32: 14 | W32: =W31-V32 -> 3410.7787 | X32: =N32+O32+S32+U32+V32 -> 26.53 | Y32: =IF(L32<0,L32*-1,0) -> 26.744515 | Z32: =X32+Y32 -> 53.274515 | AA32: 0 | AB32: 81 | AC32: 51 | AD32: 23 | AE32: =IF(I32>S32,I32-S32,I32-S32) -> 11.6
A33: 24 | B33: 6857.67 | C33: 157831 | D33: =C33-C32 -> -67 | E33: =C33-152000 -> 5831 | F33: =D33/$D$2 -> -33.778674 | G33: 18 | H33: 0 | I33: =G33+H33 -> 18 | J33: =IF(L33>0,L33,0) -> 0 | K33: =I33+J33 -> 18 | L33: =F33-(I33-X33) -> -29.178674 | M33: 8.6 | N33: 0.35 | O33: 0 | P33: =M33-(N33+O33) -> 8.25 | Q33: 0 | R33: 0 | S33: =SUM(P33:R33) -> 8.25 | T33: =(I33-S33)+T32 -> -9368.658 | U33: 0 | V33: 14 | W33: =W32-V33 -> 3396.7787 | X33: =N33+O33+S33+U33+V33 -> 22.6 | Y33: =IF(L33<0,L33*-1,0) -> 29.178674 | Z33: =X33+Y33 -> 51.778674 | AA33: 0 | AB33: 82 | AC33: 46 | AD33: 24 | AE33: =IF(I33>S33,I33-S33,I33-S33) -> 9.75
A34: 25 | B34: 6857.64 | C34: 157764 | D34: =C34-C33 -> -67 | E34: =C34-152000 -> 5764 | F34: =D34/$D$2 -> -33.778674 | G34: 15 | H34: 0 | I34: =G34+H34 -> 15 | J34: =IF(L34>0,L34,0) -> 0 | K34: =I34+J34 -> 15 | L34: =F34-(I34-X34) -> -19.158674 | M34: 8.9 | N34: 0.35 | O34: 0 | P34: =M34-(N34+O34) -> 8.55 | Q34: 0 | R34: 0 | S34: =SUM(P34:R34) -> 8.55 | T34: =(I34-S34)+T33 -> -9362.208 | U34: 5.72 | V34: 15 | W34: =W33-V34 -> 3381.7787 | X34: =N34+O34+S34+U34+V34 -> 29.62 | Y34: =IF(L34<0,L34*-1,0) -> 19.158674 | Z34: =X34+Y34 -> 48.778674 | AA34: 0 | AB34: 86 | AC34: 48 | AD34: 25 | AE34: =IF(I34>S34,I34-S34,I34-S34) -> 6.45
A35: 26 | B35: 6857.61 | C35: 157698 | D35: =C35-C34 -> -66 | E35: =C35-152000 -> 5698 | F35: =D35/$D$2 -> -33.274515 | G35: 14 | H35: 0 | I35: =G35+H35 -> 14 | J35: =IF(L35>0,L35,0) -> 0 | K35: =I35+J35 -> 14 | L35: =F35-(I35-X35) -> -2.1045147 | M35: 8.9 | N35: 0.41 | O35: 0 | P35: =M35-(N35+O35) -> 8.49 | Q35: 0 | R35: 0 | S35: =SUM(P35:R35) -> 8.49 | T35: =(I35-S35)+T34 -> -9356.698 | U35: 21.27 | V35: 15 | W35: =W34-V35 -> 3366.7787 | X35: =N35+O35+S35+U35+V35 -> 45.17 | Y35: =IF(L35<0,L35*-1,0) -> 2.1045147 | Z35: =X35+Y35 -> 47.274515 | AA35: 0 | AB35: 87 | AC35: 49 | AD35: 26 | AE35: =IF(I35>S35,I35-S35,I35-S35) -> 5.51
A36: 27 | B36: 6857.58 | C36: 157631 | D36: =C36-C35 -> -67 | E36: =C36-152000 -> 5631 | F36: =D36/$D$2 -> -33.778674 | G36: 13 | H36: 0 | I36: =G36+H36 -> 13 | J36: =IF(L36>0,L36,0) -> 7.9213259 | K36: =I36+J36 -> 20.921326 | L36: =F36-(I36-X36) -> 7.9213259 | M36: 8.5 | N36: 0 | O36: 0 | P36: =M36-(N36+O36) -> 8.5 | Q36: 0 | R36: 0 | S36: =SUM(P36:R36) -> 8.5 | T36: =(I36-S36)+T35 -> -9352.198 | U36: 31.2 | V36: 15 | W36: =W35-V36 -> 3351.7787 | X36: =N36+O36+S36+U36+V36 -> 54.7 | Y36: =IF(L36<0,L36*-1,0) -> 0 | Z36: =X36+Y36 -> 54.7 | AA36: 0 | AB36: 85 | AC36: 49 | AD36: 27 | AE36: =IF(I36>S36,I36-S36,I36-S36) -> 4.5
A37: 28 | B37: 6857.61 | C37: 157698 | D37: =C37-C36 -> 67 | E37: =C37-152000 -> 5698 | F37: =D37/$D$2 -> 33.778674 | G37: 12 | H37: 0 | I37: =G37+H37 -> 12 | J37: =IF(L37>0,L37,0) -> 69.618674 | K37: =I37+J37 -> 81.618674 | L37: =F37-(I37-X37) -> 69.618674 | M37: 8.4 | N37: 0 | O37: 0 | P37: =M37-(N37+O37) -> 8.4 | Q37: 0 | R37: 0 | S37: =SUM(P37:R37) -> 8.4 | T37: =(I37-S37)+T36 -> -9348.598 | U37: 24.44 | V37: 15 | W37: =W36-V37 -> 3336.7787 | X37: =N37+O37+S37+U37+V37 -> 47.84 | Y37: =IF(L37<0,L37*-1,0) -> 0 | Z37: =X37+Y37 -> 47.84 | AA37: 0.03 | AB37: 85 | AC37: 52 | AD37: 28 | AE37: =IF(I37>S37,I37-S37,I37-S37) -> 3.6
A38: 29 | B38: 6857.66 | C38: 157809 | D38: =C38-C37 -> 111 | E38: =C38-152000 -> 5809 | F38: =D38/$D$2 -> 55.961684 | G38: 17 | H38: 0 | I38: =G38+H38 -> 17 | J38: =IF(L38>0,L38,0) -> 66.581684 | K38: =I38+J38 -> 83.581684 | L38: =F38-(I38-X38) -> 66.581684 | M38: 8.4 | N38: 0 | O38: 0 | P38: =M38-(N38+O38) -> 8.4 | Q38: 0 | R38: 0 | S38: =SUM(P38:R38) -> 8.4 | T38: =(I38-S38)+T37 -> -9339.998 | U38: 4.22 | V38: 15 | W38: =W37-V38 -> 3321.7787 | X38: =N38+O38+S38+U38+V38 -> 27.62 | Y38: =IF(L38<0,L38*-1,0) -> 0 | Z38: =X38+Y38 -> 27.62 | AA38: 0.81 | AB38: 62 | AC38: 48 | AD38: 29 | AE38: =IF(I38>S38,I38-S38,I38-S38) -> 8.6
A39: 30 | B39: 6857.63 | C39: 157742 | D39: =C39-C38 -> -67 | E39: =C39-152000 -> 5742 | F39: =D39/$D$2 -> -33.778674 | G39: 28 | H39: 0 | I39: =G39+H39 -> 28 | J39: =IF(L39>0,L39,0) -> 0 | K39: =I39+J39 -> 28 | L39: =F39-(I39-X39) -> -37.678674 | M39: 9.1 | N39: 0 | O39: 0 | P39: =M39-(N39+O39) -> 9.1 | Q39: 0 | R39: 0 | S39: =SUM(P39:R39) -> 9.1 | T39: =(I39-S39)+T38 -> -9321.098 | U39: 0 | V39: 15 | W39: =W38-V39 -> 3306.7787 | X39: =N39+O39+S39+U39+V39 -> 24.1 | Y39: =IF(L39<0,L39*-1,0) -> 37.678674 | Z39: =X39+Y39 -> 61.778674 | AA39: 0 | AB39: 78 | AC39: 47 | AD39: 30 | AE39: =IF(I39>S39,I39-S39,I39-S39) -> 18.9
A40: 31 | B40: 6857.61 | C40: 157698 | D40: =C40-C39 -> -44 | E40: =C40-152000 -> 5698 | F40: =D40/$D$2 -> -22.18301 | G40: 32 | H40: 0 | I40: =G40+H40 -> 32 | J40: =IF(L40>0,L40,0) -> 0 | K40: =I40+J40 -> 32 | L40: =F40-(I40-X40) -> -28.18301 | M40: 11 | N40: 0 | O40: 0 | P40: =M40-(N40+O40) -> 11 | Q40: 0 | R40: 0 | S40: =SUM(P40:R40) -> 11 | T40: =(I40-S40)+T39 -> -9300.098 | U40: 0 | V40: 15 | W40: =W39-V40 -> 3291.7787 | X40: =N40+O40+S40+U40+V40 -> 26 | Y40: =IF(L40<0,L40*-1,0) -> 28.18301 | Z40: =X40+Y40 -> 54.18301 | AA40: 0 | AB40: 81 | AC40: 51 | AD40: 31 | AE40: =IF(I40>S40,I40-S40,I40-S40) -> 21
A42: MONTH / CFS | F42: =SUM(F10:F40) -> -279.30426 | G42: =SUM(G10:G40) -> 1361 | H42: =SUM(H10:H40) -> 0 | I42: =SUM(I10:I40) -> 1361 | J42: =SUM(J10:J40) -> 166.01488 | K42: =SUM(K10:K40) -> 1527.0149 | L42: =SUM(L10:L40) -> -242.11426 | M42: =SUM(M10:M40) -> 477.2 | ... S42: =SUM(S10:S40) -> 537.92 | U42: =SUM(U10:U40) -> 391.55 | V42: =SUM(V10:V40) -> 452 | X42: =SUM(X10:X40) -> 1398.19 | Y42: =SUM(Y10:Y40) -> 408.12914 | Z42: =SUM(Z10:Z40) -> 1806.3191 | AA42: =SUM(AA10:AA40) -> 1.27 | AB42: =AVERAGE(AB10:AB40) -> 84.129032 | AC42: =AVERAGE(AC10:AC40) -> 52.290323 | AD42: AVG
A43: MONTH / AF | D43: =SUM(D10:D40) -> -554 | F43: =F42*$D$2 -> -554 | G43: =G42*$D$2 -> 2699.5435 | H43: =H42*$D$2 -> 0 | I43: =I42*$D$2 -> 2699.5435 | J43: =J42*$D$2 -> 329.2905 | K43: =K42*$D$2 -> 3028.834 | L43: =L42*$D$2 -> -480.23363 | M43: =M42*$D$2 -> 946.5262 | ... S43: =S42*$D$2 -> 1066.9643 | U43: =U42*$D$2 -> 776.63942 | V43: =V42*$D$2 -> 896.542 | X43: =X42*$D$2 -> 2773.3099 | Y43: =Y42*$D$2 -> 809.52414 | Z43: =Z42*$D$2 -> 3582.834 | AB43: =MAX(AB10:AB40) -> 92 | AC43: =MAX(AC10:AC40) -> 59 | AD43: HI
A45: SEASON / CFS | F45: =F7+F42 -> -25141.417 | G45: =G7+G42 -> 25193 | H45: =H7+H42 -> 27.82 | I45: =I7+I42 -> 25220.82 | J45: =J7+J42 -> 940.0034 | K45: =K7+K42 -> 26160.823 | L45: =L7+L42 -> -2061.9567 | M45: =M7+M42 -> 20557.2 | ... S45: =S7+S42 -> 34520.918 | T45: =T40 -> -9300.098 | U45: =U7+U42 -> 8484.64 | V45: =V7+V42 -> 2742 | W45: =W40 -> 3291.7787 | X45: =X7+X42 -> 48300.28 | Y45: =Y7+Y42 -> 3001.9601 | Z45: =Z7+Z42 -> 51302.24 | AB45: =MIN(AB10:AB40) -> 62 | AC45: =MIN(AC10:AC40) -> 46 | AD45: LO
A46: SEASON / AF | F46: =F45*$D$2 -> -49868 | G46: =G45*$D$2 -> 49970.315 | H46: =H45*$D$2 -> 55.18097 | I46: =I45*$D$2 -> 50025.496 | J46: =J45*$D$2 -> 1864.4967 | K46: =K45*$D$2 -> 51889.993 | L46: =L45*$D$2 -> -4089.8911 | M46: =M45*$D$2 -> 40775.206 | ... Z46: =Z45*$D$2 -> 101757.99
A48: YTD / CFS | F48: =F8+F42 -> -24324.679 | G48: =G8+G42 -> 31735 | H48: =H8+H42 -> 63.35 | I48: =I8+I42 -> 31750.82 | J48: =J8+J42 -> 2346.554 | K48: =K8+K42 -> 34097.374 | L48: =L8+L42 -> -1791.1386 | M48: =M8+M42 -> 21752.78 | ... S48: =S8+S42 -> 35729.783 | T48: =T45 -> -9300.098 | U48: =U8+U42 -> 8484.64 | V48: =V8+V42 -> 7403 | W48: =W40 -> 3291.7787 | X48: =X8+X42 -> 54284.36 | Y48: =Y8+Y42 -> 4137.6926 | Z48: =Z8+Z42 -> 58422.053 | AA48: =AA8+AA42 -> 5.79
A49: YTD / AF | D49: =D8+D43 -> -48248 | E49: =E40 -> 5698 | F49: =F48*$D$2 -> -48248 | G49: =G48*$D$2 -> 62946.372 | H49: =H48*$D$2 -> 125.65472 | I49: =I48*$D$2 -> 62977.751 | J49: =J48*$D$2 -> 4654.3899 | K49: =K48*$D$2 -> 67632.141 | L49: =L48*$D$2 -> -3552.7234 | M49: =M48*$D$2 -> 43146.639 | ... Z49: =Z48*$D$2 -> 115880.14
B51: Active Storage | E51: 5698 | H51: Apr 1 thru Oct 31 evap & M&I | L51: =3500+2932 -> 6432 | W51: 217 | X51: # days to Mar 31
B52: Users Balance | E52: =L54+O54+T54+U54+W54 -> 5881.0968 | H52: AF / day | L52: =L51/210 -> 30.628571 | P52: Days since 4/1 | S52: 148 | T52: =16268+1368+4 -> 17640 | W52: =W46/W51 -> 30.088677
H53: Day left to Oct 31 | L53: =214-S52 -> 66 | O53: 6289 | P53: M&I thru MVIC sys / day | S53: =2932/210 -> 13.961905 | T53: =S52*S53 -> 2066.3619 | U53: =14562+1946+600+15+25 -> 17148
B54: Slack | E54: =E51-E52 -> -183.09684 | H54: Remaining / based on 44,000 runoff | L54: =L53*L52 -> 2021.4857 | O54: =O53-O49 -> 295.42433 | T54: =(T52+T53)+T46 -> 1259.6175 | U54: =U53-U49 -> 318.71656 | W54: =L53*W52 -> 1985.8527 | Z54: =DAYS360(7/24/2002,3/31/2003,FALSE()) -> 0

Sheet SEP
K1: MC PHEE RESERVOIR IN/OUT FLOW TABULATION
A2: AF/cfs CONVERT FACTOR | D2: 1.9835 | K2: SEPTEMBER "2002"
A4: DATE | B4: RESERV | C4: RESERV | D4: AC FT | E4: ACTIVE | F4: CONV TO | G4: DOLORES | H4: LOST | I4: RECORDED | J4: CALC | K4: TOTAL | L4: CALC | M4: DOLORES TUNNEL | Q4: LONE | R4: U | S4: TOTAL | T4: MVI | U4: DV CR | V4: BELOW | W4: REMAIN | X4: RECORDED | Y4: CALC | Z4: TOTAL | AA4: RAIN | AB4: MAX | AC4: MIN | AD4: DATE | AE4: MVI CALL
A5: "SEP" | B5: ELEV | C5: AC FT | D5: CHANGE | E5: CAP | F5: CFS | G5: RIVER | H5: CANYON | I5: INFLOW | J5: INFLOW | K5: INFLOW | L5: INF/OTF | M5: TOT DIV | N5: WETLAND | O5: UTE F&R | P5: MVI,CTZ | Q5: PINE | R5: LAT | S5: MVI | T5: CALL | U5: CANAL | V5: MC PHEE | W5: RELEASE | X5: OUTFLOW | Y5: OUTFLOW | Z5: OUTFLOW | AB5: TMP | AC5: TMP | AD5: "SEP" | AE5: APR/OCT
