Workbook

Sheet NOV
K1: MCPHEE RESERVOIR INFLOW/OUTFLOW TABULATION
A2: AF/cfs CONVERT FACTOR | D2: 1.9835 | L2: NOVEMBER "2006"
D4: RESERVOIR | U4: INFLOW/OUTFLOW (CFS) | AJ4: WEATHER | AN4: ADJUSTMENTS
A5: DATE | B5: RESERV | C5: RESERV | D5: AC FT | E5: ACTIVE | F5: CONV TO | G5: DOLORES | H5: LOST | I5: RECORD | J5: CALC | K5: TOTAL | L5: CALC | M5: DOLORES TUNNEL | U5: LONE | V5: U | W5: TOTAL | X5: MVI | Y5: TO EX & | Z5: MVI | AA5: DV CR | AB5: D/S SENIOR | AD5: BELOW | AE5: FISH | AF5: RECORD | AG5: CALC | AH5: TOTAL | AI5: RAIN | AJ5: MAX | AK5: MIN | AL5: NAR. | AM5: MVI | AN5: MVI | AO5: MVI | AP5: U/S | AQ5: TOTTEN
A6: NOV | B6: ELEV | C6: AC FT | D6: CHANGE | E6: CAP | F6: CFS | G6: RIVER | H6: CAN | I6: INFLOW | J6: INFLOW | K6: INFLOW | L6: INF/OTF | M6: TOT DIV | N6: WET | O6: UTE | P6: QUEST | Q6: MWC | R6: CTZ | S6: CTZ & | T6: F-BAY | U6: PINE | V6: LAT | W6: MVI | X6: CALL | Y6: U/S EX | Z6: PROJ | AA6: CANAL | AB6: MVIC | AC6: PROJ | AD6: MCP | AE6: LEFT | AF6: OTF | AG6: OTF | AH6: OTF | AJ6: TMP | AK6: TMP | AL6: CALL | AM6: STOCK | AN6: STORED | AO6: STORED | AP6: USERS | AQ6: (FRESH
E7: AC FT | N7: LAND | O7: F&R | S7: UTE | T7: SPILL | AL7: AC.FT. | AM7: CFS | AN7: Apr-Jun | AO7: EVAP | AP7: EXCH | AQ7: WATER)
N8: 1.03 | O8: 1.05 | P8: 1.02 | Q8: 1.02 | R8: 1.04 | S8: PROJ | AL8: TOTAL | AO8: AC.FT
A9: SEASON BAL
A10: YTD | B10: 6896.52 | C10: 270921 | AE10: 3819 | AM10: 321
A12: 1 | B12: 6896.54 | C12: 270992 | D12: =C12-C10 -> 71 | E12: =C12-152000 -> 118992 | F12: =D12/$D$2 -> 35.795311 | G12: 251 | H12: 5.2 | I12: =G12+H12 -> 256.2 | J12: =IF(L12>0,L12,0) -> 0 | K12: =I12+J12 -> 256.2 | L12: =F12-(I12-AF12) -> -7.1046887 | M12: 5.3 | N12: 0 | O12: 0 | P12: 0 | Q12: =1.57*1.02 -> 1.6014 | R12: 2.4 | S12: 0 | T12: =M12-(Q12+R12+S12) -> 1.2986 | U12: 175 | V12: 0 | W12: =M12-N12-P12-O12-Q12-R12-S12-T12+U12+V12 -> 175 | AA12: 0 | AD12: 33 | AE12: =AE10-AD12 -> 3786 | AF12: =N12+O12+P12+Q12+R12+S12+T12+W12+AA12+AD12 -> 213.3 | AG12: =IF(L12<0,L12*-1,0) -> 7.1046887 | AH12: =AF12+AG12 -> 220.40469 | AI12: 0 | AJ12: 54 | AK12: 30 | AL12: =(W12)*1.98353 -> 347.11775
A13: =A12+1 -> 2 | B13: 6896.5 | C13: 270849 | D13: =C13-C12 -> -143 | E13: =C13-152000 -> 118849 | F13: =D13/$D$2 -> -72.094782 | G13: 231 | H13: 4.6 | I13: =G13+H13 -> 235.6 | J13: =IF(L13>0,L13,0) -> 0 | K13: =I13+J13 -> 235.6 | L13: =F13-(I13-AF13) -> -21.494782 | M13: 5.2 | N13: 0 | O13: 0 | P13: 0 | Q13: =1.57*1.02 -> 1.6014 | R13: 4.3 | S13: 0 | T13: =M13-(Q13+R13+S13) -> -0.7014 | U13: 258 | V13: 0 | W13: =M13-N13-P13-O13-Q13-R13-S13-T13+U13+V13 -> 258 | AA13: 0 | AD13: 23 | AE13: =AE12-AD13 -> 3763 | AF13: =N13+O13+P13+Q13+R13+S13+T13+W13+AA13+AD13 -> 286.2 | AG13: =IF(L13<0,L13*-1,0) -> 21.494782 | AH13: =AF13+AG13 -> 307.69478 | AI13: 0 | AJ13: 58 | AK13: 30 | AL13: =(W13)*1.9835+AL12 -> 858.86075
A14: =A13+1 -> 3 | B14: 6896.46 | C14: 270705 | D14: =C14-C13 -> -144 | E14: =C14-152000 -> 118705 | F14: =D14/$D$2 -> -72.598941 | G14: 236 | H14: 5.4 | I14: =G14+H14 -> 241.4 | J14: =IF(L14>0,L14,0) -> 0 | K14: =I14+J14 -> 241.4 | L14: =F14-(I14-AF14) -> -27.798941 | M14: 5.2 | N14: 0 | O14: 0 | P14: 0 | Q14: =1.57*1.02 -> 1.6014 | R14: 2.95 | S14: 0 | T14: =M14-(Q14+R14+S14) -> 0.6486 | U14: 258 | V14: 0 | W14: =M14-N14-P14-O14-Q14-R14-S14-T14+U14+V14 -> 258 | AA14: 0 | AD14: 23 | AE14: =AE13-AD14 -> 3740 | AF14: =N14+O14+P14+Q14+R14+S14+T14+W14+AA14+AD14 -> 286.2 | AG14: =IF(L14<0,L14*-1,0) -> 27.798941 | AH14: =AF14+AG14 -> 313.99894 | AI14: 0 | AJ14: 57 | AK14: 33 | AL14: =(W14)*1.9835+AL13 -> 1370.6037
A15: =A14+1 -> 4 | B15: 6896.41 | C15: 270526 | D15: =C15-C14 -> -179 | E15: =C15-152000 -> 118526 | F15: =D15/$D$2 -> -90.244517 | G15: 223 | H15: 4.9 | I15: =G15+H15 -> 227.9 | J15: =IF(L15>0,L15,0) -> 0 | K15: =I15+J15 -> 227.9 | L15: =F15-(I15-AF15) -> -32.944517 | M15: 5.2 | N15: 0 | O15: 0 | P15: 0 | Q15: =1.57*1.02 -> 1.6014 | R15: 2.42 | S15: 0 | T15: =M15-(Q15+R15+S15) -> 1.1786 | U15: 257 | V15: 0 | W15: =M15-N15-P15-O15-Q15-R15-S15-T15+U15+V15 -> 257 | AA15: 0 | AD15: 23 | AE15: =AE14-AD15 -> 3717 | AF15: =N15+O15+P15+Q15+R15+S15+T15+W15+AA15+AD15 -> 285.2 | AG15: =IF(L15<0,L15*-1,0) -> 32.944517 | AH15: =AF15+AG15 -> 318.14452 | AI15: 0 | AJ15: 58 | AK15: 35 | AL15: =(W15)*1.9835+AL14 -> 1880.3633
A16: =A15+1 -> 5 | B16: 6896.36 | C16: 270347 | D16: =C16-C15 -> -179 | E16: =C16-152000 -> 118347 | F16: =D16/$D$2 -> -90.244517 | G16: 211 | H16: 4.3 | I16: =G16+H16 -> 215.3 | J16: =IF(L16>0,L16,0) -> 0 | K16: =I16+J16 -> 215.3 | L16: =F16-(I16-AF16) -> -20.344517 | M16: 5.2 | N16: 0 | O16: 0 | P16: 0 | Q16: =1.57*1.02 -> 1.6014 | R16: 2.19 | S16: 0 | T16: =M16-(Q16+R16+S16) -> 1.4086 | U16: 257 | V16: 0 | W16: =M16-N16-P16-O16-Q16-R16-S16-T16+U16+V16 -> 257 | AA16: 0 | AD16: 23 | AE16: =AE15-AD16 -> 3694 | AF16: =N16+O16+P16+Q16+R16+S16+T16+W16+AA16+AD16 -> 285.2 | AG16: =IF(L16<0,L16*-1,0) -> 20.344517 | AH16: =AF16+AG16 -> 305.54452 | AI16: 0 | AJ16: 56 | AK16: 32 | AL16: =(W16)*1.9835+AL15 -> 2390.1227
A17: =A16+1 -> 6 | B17: 6896.32 | C17: 270203 | D17: =C17-C16 -> -144 | E17: =C17-152000 -> 118203 | F17: =D17/$D$2 -> -72.598941 | G17: 203 | H17: 3.7 | I17: =G17+H17 -> 206.7 | J17: =IF(L17>0,L17,0) -> 0 | K17: =I17+J17 -> 206.7 | L17: =F17-(I17-AF17) -> -18.198941 | M17: 12 | N17: 0 | O17: 0 | P17: 0 | Q17: =1.57*1.02 -> 1.6014 | R17: 2.48 | S17: 0 | T17: 0 | U17: 220 | V17: 6.1 | W17: =M17-N17-P17-O17-Q17-R17-S17-T17+U17+V17 -> 234.0186 | AA17: 0 | AD17: 23 | AE17: =AE16-AD17 -> 3671 | AF17: =N17+O17+P17+Q17+R17+S17+T17+W17+AA17+AD17 -> 261.1 | AG17: =IF(L17<0,L17*-1,0) -> 18.198941 | AH17: =AF17+AG17 -> 279.29894 | AI17: 0 | AJ17: 61 | AK17: 30 | AL17: =(U17-9.92)*1.9835+AL16 -> 2806.8164 | AM17: =W17-(U17-9.92) -> 23.9386
A18: =A17+1 -> 7 | B18: 6896.28 | C18: 270059 | D18: =C18-C17 -> -144 | E18: =C18-152000 -> 118059 | F18: =D18/$D$2 -> -72.598941 | G18: 199 | H18: 3.4 | I18: =G18+H18 -> 202.4 | J18: =IF(L18>0,L18,0) -> 0 | K18: =I18+J18 -> 202.4 | L18: =F18-(I18-AF18) -> -28.998941 | M18: 27 | N18: 0 | O18: 0 | P18: 0 | Q18: =1.57*1.02 -> 1.6014 | R18: 2.36 | S18: 0 | T18: 0 | U18: 185 | V18: 11 | W18: =M18-N18-P18-O18-Q18-R18-S18-T18+U18+V18 -> 219.0386 | AA18: 0 | AD18: 23 | AE18: =AE17-AD18 -> 3648 | AF18: =N18+O18+P18+Q18+R18+S18+T18+W18+AA18+AD18 -> 246 | AG18: =IF(L18<0,L18*-1,0) -> 28.998941 | AH18: =AF18+AG18 -> 274.99894 | AI18: 0 | AJ18: 70 | AK18: 37 | AL18: =(U18-30.18)*1.9835+AL17 -> 3113.9019 | AM18: =W18-(U18-30.18) -> 64.2186
A19: =A18+1 -> 8 | B19: 6896.23 | C19: 269880 | D19: =C19-C18 -> -179 | E19: =C19-152000 -> 117880 | F19: =D19/$D$2 -> -90.244517 | G19: 195 | H19: 3 | I19: =G19+H19 -> 198 | J19: =IF(L19>0,L19,0) -> 0 | K19: =I19+J19 -> 198 | L19: =F19-(I19-AF19) -> -46.244517 | M19: 27 | N19: 0 | O19: 0 | P19: 0 | Q19: =1.57*1.02 -> 1.6014 | R19: 2.19 | S19: 0 | T19: 0 | U19: 181 | V19: 11 | W19: =M19-N19-P19-O19-Q19-R19-S19-T19+U19+V19 -> 215.2086 | AA19: 0 | AD19: 23 | AE19: =AE18-AD19 -> 3625 | AF19: =N19+O19+P19+Q19+R19+S19+T19+W19+AA19+AD19 -> 242 | AG19: =IF(L19<0,L19*-1,0) -> 46.244517 | AH19: =AF19+AG19 -> 288.24452 | AI19: 0 | AJ19: 67 | AK19: 36 | AL19: =(U19-30)*1.9835+AL18 -> 3413.4104 | AM19: =W19-(U19-30) -> 64.2086
A20: =A19+1 -> 9 | B20: 6896.2 | C20: 269772 | D20: =C20-C19 -> -108 | E20: =C20-152000 -> 117772 | F20: =D20/$D$2 -> -54.449206 | G20: 194 | H20: 3 | I20: =G20+H20 -> 197 | J20: =IF(L20>0,L20,0) -> 0 | K20: =I20+J20 -> 197 | L20: =F20-(I20-AF20) -> -11.449206 | M20: 26 | N20: 0 | O20: 0 | P20: 0 | Q20: =1.57*1.02 -> 1.6014 | R20: 2.29 | S20: 0 | T20: 0 | U20: 180 | V20: 11 | W20: =M20-N20-P20-O20-Q20-R20-S20-T20+U20+V20 -> 213.1086 | AA20: 0 | AD20: 23 | AE20: =AE19-AD20 -> 3602 | AF20: =N20+O20+P20+Q20+R20+S20+T20+W20+AA20+AD20 -> 240 | AG20: =IF(L20<0,L20*-1,0) -> 11.449206 | AH20: =AF20+AG20 -> 251.44921 | AI20: 0 | AJ20: 60 | AK20: 32 | AL20: =(U20-33.84)*1.9835+AL19 -> 3703.3188 | AM20: =W20-(U20-33.84) -> 66.9486
A21: =A20+1 -> 10 | B21: 6896.16 | C21: 269629 | D21: =C21-C20 -> -143 | E21: =C21-152000 -> 117629 | F21: =D21/$D$2 -> -72.094782 | G21: 182 | H21: 2.6 | I21: =G21+H21 -> 184.6 | J21: =IF(L21>0,L21,0) -> 0 | K21: =I21+J21 -> 184.6 | L21: =F21-(I21-AF21) -> -14.694782 | M21: 28 | N21: 0 | O21: 0 | P21: 0 | Q21: =1.57*1.02 -> 1.6014 | R21: 2.52 | S21: 0 | T21: 0 | U21: 180 | V21: 11 | W21: =M21-N21-P21-O21-Q21-R21-S21-T21+U21+V21 -> 214.8786 | AA21: 0 | AD21: 23 | AE21: =AE20-AD21 -> 3579 | AF21: =N21+O21+P21+Q21+R21+S21+T21+W21+AA21+AD21 -> 242 | AG21: =IF(L21<0,L21*-1,0) -> 14.694782 | AH21: =AF21+AG21 -> 256.69478 | AI21: 0 | AJ21: 48 | AK21: 25 | AL21: =(U21-41.5)*1.9835+AL20 -> 3978.0335 | AM21: =W21-(U21-41.5) -> 76.3786
A22: =A21+1 -> 11 | B22: 6896.11 | C22: 269449 | D22: =C22-C21 -> -180 | E22: =C22-152000 -> 117449 | F22: =D22/$D$2 -> -90.748677 | G22: 146 | H22: 1.5 | I22: =G22+H22 -> 147.5 | J22: =IF(L22>0,L22,0) -> 3.7513234 | K22: =I22+J22 -> 151.25132 | L22: =F22-(I22-AF22) -> 3.7513234 | M22: 28 | N22: 0 | O22: 0 | P22: 0 | Q22: =1.57*1.02 -> 1.6014 | R22: 2.19 | S22: 0 | T22: 0 | U22: 180 | V22: 11 | W22: =M22-N22-P22-O22-Q22-R22-S22-T22+U22+V22 -> 215.2086 | AA22: 0 | AD22: 23 | AE22: =AE21-AD22 -> 3556 | AF22: =N22+O22+P22+Q22+R22+S22+T22+W22+AA22+AD22 -> 242 | AG22: =IF(L22<0,L22*-1,0) -> 0 | AH22: =AF22+AG22 -> 242 | AI22: 0.06 | AJ22: 54 | AK22: 21 | AL22: =(U22-41.5)*1.9835+AL21 -> 4252.7483 | AM22: =W22-(U22-41.5) -> 76.7086
A23: =A22+1 -> 12 | B23: 6896.09 | C23: 269378 | D23: =C23-C22 -> -71 | E23: =C23-152000 -> 117378 | F23: =D23/$D$2 -> -35.795311 | G23: 173 | H23: 3.2 | I23: =G23+H23 -> 176.2 | J23: =IF(L23>0,L23,0) -> 30.004689 | K23: =I23+J23 -> 206.20469 | L23: =F23-(I23-AF23) -> 30.004689 | M23: 28 | N23: 0 | O23: 0 | P23: 0 | Q23: =1.57*1.02 -> 1.6014 | R23: 2.3 | S23: 0 | T23: 0 | U23: 180 | V23: 11 | W23: =M23-N23-P23-O23-Q23-R23-S23-T23+U23+V23 -> 215.0986 | AA23: 0 | AD23: 23 | AE23: =AE22-AD23 -> 3533 | AF23: =N23+O23+P23+Q23+R23+S23+T23+W23+AA23+AD23 -> 242 | AG23: =IF(L23<0,L23*-1,0) -> 0 | AH23: =AF23+AG23 -> 242 | AI23: 0.12 | AJ23: 41 | AK23: 23 | AL23: =(U23-44.5)*1.9835+AL22 -> 4521.5125 | AM23: =W23-(U23-44.5) -> 79.5986
A24: =A23+1 -> 13 | B24: 6896.06 | C24: 269270 | D24: =C24-C23 -> -108 | E24: =C24-152000 -> 117270 | F24: =D24/$D$2 -> -54.449206 | G24: 144 | H24: 2.4 | I24: =G24+H24 -> 146.4 | J24: =IF(L24>0,L24,0) -> 0 | K24: =I24+J24 -> 146.4 | L24: =F24-(I24-AF24) -> -4.7492059 | M24: 12 | N24: 0 | O24: 0 | P24: 0 | Q24: =1.57*1.02 -> 1.6014 | R24: 2.38 | S24: 0 | T24: 0 | U24: 158 | V24: 4.1 | W24: =M24-N24-P24-O24-Q24-R24-S24-T24+U24+V24 -> 170.1186 | AA24: 0 | AD24: 22 | AE24: =AE23-AD24 -> 3511 | AF24: =N24+O24+P24+Q24+R24+S24+T24+W24+AA24+AD24 -> 196.1 | AG24: =IF(L24<0,L24*-1,0) -> 4.7492059 | AH24: =AF24+AG24 -> 200.84921 | AI24: 0 | AJ24: 38 | AK24: 24 | AL24: =(U24-11.75)*1.9835+AL23 -> 4811.5994 | AM24: =W24-(U24-11.75) -> 23.8686
A25: =A24+1 -> 14 | B25: 6896.06 | C25: 269270 | D25: =C25-C24 -> 0 | E25: =C25-152000 -> 117270 | F25: =D25/$D$2 -> 0 | G25: 165 | H25: 2.3 | I25: =G25+H25 -> 167.3 | J25: =IF(L25>0,L25,0) -> 5.3 | K25: =I25+J25 -> 172.6 | L25: =F25-(I25-AF25) -> 5.3 | M25: 4.6 | N25: 0 | O25: 0 | P25: 0 | Q25: =1.57*1.02 -> 1.6014 | R25: 2.19 | S25: 0 | T25: =M25-(Q25+R25+S25) -> 0.8086 | U25: 146 | V25: 0 | W25: =M25-N25-P25-O25-Q25-R25-S25-T25+U25+V25 -> 146 | AA25: 0 | AD25: 22 | AE25: =AE24-AD25 -> 3489 | AF25: =N25+O25+P25+Q25+R25+S25+T25+W25+AA25+AD25 -> 172.6 | AG25: =IF(L25<0,L25*-1,0) -> 0 | AH25: =AF25+AG25 -> 172.6 | AI25: 0.04 | AJ25: 44 | AK25: 26 | AL25: =W25*1.9835+AL24 -> 5101.1904
A26: =A25+1 -> 15 | B26: 6896.04 | C26: 269198 | D26: =C26-C25 -> -72 | E26: =C26-152000 -> 117198 | F26: =D26/$D$2 -> -36.299471 | G26: 119 | H26: 2 | I26: =G26+H26 -> 121 | J26: =IF(L26>0,L26,0) -> 15.300529 | K26: =I26+J26 -> 136.30053 | L26: =F26-(I26-AF26) -> 15.300529 | M26: 4.6 | N26: 0 | O26: 0 | P26: 0 | Q26: =1.57*1.02 -> 1.6014 | R26: 2.32 | S26: 0 | T26: =M26-(Q26+R26+S26) -> 0.6786 | U26: 146 | V26: 0 | W26: =M26-N26-P26-O26-Q26-R26-S26-T26+U26+V26 -> 146 | AA26: 0 | AD26: 22 | AE26: =AE25-AD26 -> 3467 | AF26: =N26+O26+P26+Q26+R26+S26+T26+W26+AA26+AD26 -> 172.6 | AG26: =IF(L26<0,L26*-1,0) -> 0 | AH26: =AF26+AG26 -> 172.6 | AI26: 0 | AJ26: 48 | AK26: 22 | AL26: =W26*1.9835+AL25 -> 5390.7814
A27: =A26+1 -> 16 | B27: 6896.02 | C27: 269126 | D27: =C27-C26 -> -72 | E27: =C27-152000 -> 117126 | F27: =D27/$D$2 -> -36.299471 | G27: 129 | H27: 1.5 | I27: =G27+H27 -> 130.5 | J27: =IF(L27>0,L27,0) -> 6.8005294 | K27: =I27+J27 -> 137.30053 | L27: =F27-(I27-AF27) -> 6.8005294 | M27: 4.6 | N27: 0 | O27: 0 | P27: 0 | Q27: =1.57*1.02 -> 1.6014 | R27: 2.34 | S27: 0 | T27: =M27-(Q27+R27+S27) -> 0.6586 | U27: 146 | V27: 0 | W27: =M27-N27-P27-O27-Q27-R27-S27-T27+U27+V27 -> 146 | AA27: 0 | AD27: 23 | AE27: =AE26-AD27 -> 3444 | AF27: =N27+O27+P27+Q27+R27+S27+T27+W27+AA27+AD27 -> 173.6 | AG27: =IF(L27<0,L27*-1,0) -> 0 | AH27: =AF27+AG27 -> 173.6 | AI27: 0 | AJ27: 53 | AK27: 25 | AL27: =W27*1.9835+AL26 -> 5680.3724
A28: =A27+1 -> 17 | B28: 6896 | C28: 269055 | D28: =C28-C27 -> -71 | E28: =C28-152000 -> 117055 | F28: =D28/$D$2 -> -35.795311 | G28: 165 | H28: 2.4 | I28: =G28+H28 -> 167.4 | J28: =IF(L28>0,L28,0) -> 0 | K28: =I28+J28 -> 167.4 | L28: =F28-(I28-AF28) -> -29.595311 | M28: 4.6 | N28: 0 | O28: 0 | P28: 0 | Q28: =1.57*1.02 -> 1.6014 | R28: 2.23 | S28: 0 | T28: =M28-(Q28+R28+S28) -> 0.7686 | U28: 146 | V28: 0 | W28: =M28-N28-P28-O28-Q28-R28-S28-T28+U28+V28 -> 146 | AA28: 0 | AD28: 23 | AE28: =AE27-AD28 -> 3421 | AF28: =N28+O28+P28+Q28+R28+S28+T28+W28+AA28+AD28 -> 173.6 | AG28: =IF(L28<0,L28*-1,0) -> 29.595311 | AH28: =AF28+AG28 -> 203.19531 | AI28: 0 | AJ28: 58 | AK28: 27 | AL28: =W28*1.9835+AL27 -> 5969.9634
A29: =A28+1 -> 18 | B29: 6895.98 | C29: 268983 | D29: =C29-C28 -> -72 | E29: =C29-152000 -> 116983 | F29: =D29/$D$2 -> -36.299471 | G29: 152 | H29: 2.8 | I29: =G29+H29 -> 154.8 | J29: =IF(L29>0,L29,0) -> 0 | K29: =I29+J29 -> 154.8 | L29: =F29-(I29-AF29) -> -17.499471 | M29: 4.6 | N29: 0 | O29: 0 | P29: 0 | Q29: =1.57*1.02 -> 1.6014 | R29: 2.31 | S29: 0 | T29: =M29-(Q29+R29+S29) -> 0.6886 | U29: 146 | V29: 0 | W29: =M29-N29-P29-O29-Q29-R29-S29-T29+U29+V29 -> 146 | AA29: 0 | AD29: 23 | AE29: =AE28-AD29 -> 3398 | AF29: =N29+O29+P29+Q29+R29+S29+T29+W29+AA29+AD29 -> 173.6 | AG29: =IF(L29<0,L29*-1,0) -> 17.499471 | AH29: =AF29+AG29 -> 191.09947 | AI29: 0 | AJ29: 59 | AK29: 30 | AL29: =W29*1.9835+AL28 -> 6259.5544
A30: =A29+1 -> 19 | B30: 6895.95 | C30: 268877 | D30: =C30-C29 -> -106 | E30: =C30-152000 -> 116877 | F30: =D30/$D$2 -> -53.440887 | G30: 139 | H30: 2.1 | I30: =G30+H30 -> 141.1 | J30: =IF(L30>0,L30,0) -> 0 | K30: =I30+J30 -> 141.1 | L30: =F30-(I30-AF30) -> -20.940887 | M30: 4.6 | N30: 0 | O30: 0 | P30: 0 | Q30: =1.57*1.02 -> 1.6014 | R30: 2.3 | S30: 0 | T30: =M30-(Q30+R30+S30) -> 0.6986 | U30: 146 | V30: 0 | W30: =M30-N30-P30-O30-Q30-R30-S30-T30+U30+V30 -> 146 | AA30: 0 | AD30: 23 | AE30: =AE29-AD30 -> 3375 | AF30: =N30+O30+P30+Q30+R30+S30+T30+W30+AA30+AD30 -> 173.6 | AG30: =IF(L30<0,L30*-1,0) -> 20.940887 | AH30: =AF30+AG30 -> 194.54089 | AI30: 0 | AJ30: 58 | AK30: 31 | AL30: =W30*1.9835+AL29 -> 6549.1454
A31: =A30+1 -> 20 | B31: 6895.92 | C31: 268770 | D31: =C31-C30 -> -107 | E31: =C31-152000 -> 116770 | F31: =D31/$D$2 -> -53.945047 | G31: 138 | H31: 1.8 | I31: =G31+H31 -> 139.8 | J31: =IF(L31>0,L31,0) -> 0 | K31: =I31+J31 -> 139.8 | L31: =F31-(I31-AF31) -> -21.145047 | M31: 4.6 | N31: 0 | O31: 0 | P31: 0 | Q31: =1.57*1.02 -> 1.6014 | R31: 2.24 | S31: 0 | T31: =M31-(Q31+R31+S31) -> 0.7586 | U31: 145 | V31: 0 | W31: =M31-N31-P31-O31-Q31-R31-S31-T31+U31+V31 -> 145 | AA31: 0 | AD31: 23 | AE31: =AE30-AD31 -> 3352 | AF31: =N31+O31+P31+Q31+R31+S31+T31+W31+AA31+AD31 -> 172.6 | AG31: =IF(L31<0,L31*-1,0) -> 21.145047 | AH31: =AF31+AG31 -> 193.74505 | AI31: 0 | AJ31: 59 | AK31: 31 | AL31: =W31*1.9835+AL30 -> 6836.7529
A32: =A31+1 -> 21 | B32: 6895.89 | C32: 268663 | D32: =C32-C31 -> -107 | E32: =C32-152000 -> 116663 | F32: =D32/$D$2 -> -53.945047 | G32: 131 | H32: 1.7 | I32: =G32+H32 -> 132.7 | J32: =IF(L32>0,L32,0) -> 0 | K32: =I32+J32 -> 132.7 | L32: =F32-(I32-AF32) -> -16.045047 | M32: 4.6 | N32: 0 | O32: 0 | P32: 0 | Q32: =1.57*1.02 -> 1.6014 | R32: 2.31 | S32: 0 | T32: =M32-(Q32+R32+S32) -> 0.6886 | U32: 143 | V32: 0 | W32: =M32-N32-P32-O32-Q32-R32-S32-T32+U32+V32 -> 143 | AA32: 0 | AD32: 23 | AE32: =AE31-AD32 -> 3329 | AF32: =N32+O32+P32+Q32+R32+S32+T32+W32+AA32+AD32 -> 170.6 | AG32: =IF(L32<0,L32*-1,0) -> 16.045047 | AH32: =AF32+AG32 -> 186.64505 | AI32: 0 | AJ32: 60 | AK32: 32 | AL32: =W32*1.9835+AL31 -> 7120.3934
A33: =A32+1 -> 22 | B33: 6895.85 | C33: 268521 | D33: =C33-C32 -> -142 | E33: =C33-152000 -> 116521 | F33: =D33/$D$2 -> -71.590623 | G33: 132 | H33: 1.7 | I33: =G33+H33 -> 133.7 | J33: =IF(L33>0,L33,0) -> 0 | K33: =I33+J33 -> 133.7 | L33: =F33-(I33-AF33) -> -34.690623 | M33: 4.6 | N33: 0 | O33: 0 | P33: 0 | Q33: =1.57*1.02 -> 1.6014 | R33: 2.24 | S33: 0 | T33: =M33-(Q33+R33+S33) -> 0.7586 | U33: 143 | V33: 0 | W33: =M33-N33-P33-O33-Q33-R33-S33-T33+U33+V33 -> 143 | AA33: 0 | AD33: 23 | AE33: =AE32-AD33 -> 3306 | AF33: =N33+O33+P33+Q33+R33+S33+T33+W33+AA33+AD33 -> 170.6 | AG33: =IF(L33<0,L33*-1,0) -> 34.690623 | AH33: =AF33+AG33 -> 205.29062 | AI33: 0 | AJ33: 60 | AK33: 36 | AL33: =W33*1.9835+AL32 -> 7404.0339
A34: =A33+1 -> 23 | B34: 6895.82 | C34: 268414 | D34: =C34-C33 -> -107 | E34: =C34-152000 -> 116414 | F34: =D34/$D$2 -> -53.945047 | G34: 135 | H34: 1.9 | I34: =G34+H34 -> 136.9 | J34: =IF(L34>0,L34,0) -> 0 | K34: =I34+J34 -> 136.9 | L34: =F34-(I34-AF34) -> -20.245047 | M34: 4.6 | N34: 0 | O34: 0 | P34: 0 | Q34: =1.57*1.02 -> 1.6014 | R34: 2.22 | S34: 0 | T34: =M34-(Q34+R34+S34) -> 0.7786 | U34: 143 | V34: 0 | W34: =M34-N34-P34-O34-Q34-R34-S34-T34+U34+V34 -> 143 | AA34: 0 | AD34: 23 | AE34: =AE33-AD34 -> 3283 | AF34: =N34+O34+P34+Q34+R34+S34+T34+W34+AA34+AD34 -> 170.6 | AG34: =IF(L34<0,L34*-1,0) -> 20.245047 | AH34: =AF34+AG34 -> 190.84505 | AI34: 0 | AJ34: 56 | AK34: 32 | AL34: =W34*1.9835+AL33 -> 7687.6744
A35: =A34+1 -> 24 | B35: 6895.79 | C35: 268307 | D35: =C35-C34 -> -107 | E35: =C35-152000 -> 116307 | F35: =D35/$D$2 -> -53.945047 | G35: 130 | H35: 2 | I35: =G35+H35 -> 132 | J35: =IF(L35>0,L35,0) -> 0 | K35: =I35+J35 -> 132 | L35: =F35-(I35-AF35) -> -15.345047 | M35: 4.6 | N35: 0 | O35: 0 | P35: 0 | Q35: =1.57*1.02 -> 1.6014 | R35: 2.29 | S35: 0 | T35: =M35-(Q35+R35+S35) -> 0.7086 | U35: 143 | V35: 0 | W35: =M35-N35-P35-O35-Q35-R35-S35-T35+U35+V35 -> 143 | AA35: 0 | AD35: 23 | AE35: =AE34-AD35 -> 3260 | AF35: =N35+O35+P35+Q35+R35+S35+T35+W35+AA35+AD35 -> 170.6 | AG35: =IF(L35<0,L35*-1,0) -> 15.345047 | AH35: =AF35+AG35 -> 185.94505 | AI35: 0 | AJ35: 54 | AK35: 31 | AL35: =W35*1.9835+AL34 -> 7971.3149
A36: =A35+1 -> 25 | B36: 6895.77 | C36: 268236 | D36: =C36-C35 -> -71 | E36: =C36-152000 -> 116236 | F36: =D36/$D$2 -> -35.795311 | G36: 133 | H36: 2.6 | I36: =G36+H36 -> 135.6 | J36: =IF(L36>0,L36,0) -> 0 | K36: =I36+J36 -> 135.6 | L36: =F36-(I36-AF36) -> -0.79531132 | M36: 4.6 | N36: 0 | O36: 0 | P36: 0 | Q36: =1.57*1.02 -> 1.6014 | R36: 2.18 | S36: 0 | T36: =M36-(Q36+R36+S36) -> 0.8186 | U36: 143 | V36: 0 | W36: =M36-N36-P36-O36-Q36-R36-S36-T36+U36+V36 -> 143 | AA36: 0 | AD36: 23 | AE36: =AE35-AD36 -> 3237 | AF36: =N36+O36+P36+Q36+R36+S36+T36+W36+AA36+AD36 -> 170.6 | AG36: =IF(L36<0,L36*-1,0) -> 0.79531132 | AH36: =AF36+AG36 -> 171.39531 | AI36: 0.05 | AJ36: 52 | AK36: 30 | AL36: =W36*1.9835+AL35 -> 8254.9554
... A40: =A39+1 -> 29 | B40: 6895.82 | C40: 268414 | D40: =C40-C39 -> 178 | E40: =C40-152000 -> 116414 | F40: =D40/$D$2 -> 89.740358 | G40: 103 | H40: 1.2 | I40: =G40+H40 -> 104.2 | J40: =IF(L40>0,L40,0) -> 11.940358 | K40: =I40+J40 -> 116.14036 | L40: =F40-(I40-AF40) -> 11.940358 | M40: 3.4 | N40: 0 | O40: 0 | P40: 0 | Q40: =1.57*1.02 -> 1.6014 | R40: 0.05 | S40: 0 | T40: =M40-(Q40+R40+S40) -> 1.7486 | U40: 0 | V40: 0 | W40: =M40-N40-P40-O40-Q40-R40-S40-T40+U40+V40 -> 0 | AA40: 0 | AD40: 23 | AE40: =AE39-AD40 -> 3145 | AF40: =N40+O40+P40+Q40+R40+S40+T40+W40+AA40+AD40 -> 26.4 | AG40: =IF(L40<0,L40*-1,0) -> 0 | AH40: =AF40+AG40 -> 26.4 | AI40: 0 | AJ40: 23 | AK40: 7 | AL40: =W40*1.9835+AL39 -> 8822.2364
A41: 30 | B41: 6895.84 | C41: 268485 | D41: =C41-C40 -> 71 | E41: =C41-152000 -> 116485 | F41: =D41/$D$2 -> 35.795311 | G41: 97 | H41: 1.2 | I41: =G41+H41 -> 98.2 | J41: =IF(L41>0,L41,0) -> 0 | K41: =I41+J41 -> 98.2 | L41: =F41-(I41-AF41) -> -36.004689 | M41: 3.4 | N41: 0 | O41: 0 | P41: 0 | Q41: =1.57*1.02 -> 1.6014 | R41: 2.3 | S41: 0 | T41: =M41-(Q41+R41+S41) -> -0.5014 | U41: 0 | V41: 0 | W41: =M41-N41-P41-O41-Q41-R41-S41-T41+U41+V41 -> 0 | AA41: 0 | AD41: 23 | AE41: =AE40-AD41 -> 3122 | AF41: =N41+O41+P41+Q41+R41+S41+T41+W41+AA41+AD41 -> 26.4 | AG41: =IF(L41<0,L41*-1,0) -> 36.004689 | AH41: =AF41+AG41 -> 62.404689 | AI41: 0 | AJ41: 30 | AK41: 0 | AL41: =W41*1.9835+AL40 -> 8822.2364
A43: MONTH / CFS | F43: =SUM(F12:F41) -> -1228.1321 | G43: =SUM(G12:G41) -> 4795 | H43: =SUM(H12:H41) -> 78.1 | I43: =SUM(I12:I41) -> 4873.1 | J43: =SUM(J12:J41) -> 127.78336 | K43: =SUM(K12:K41) -> 5000.8834 | L43: =SUM(L12:L41) -> -349.03209 | M43: =SUM(M12:M41) -> 288 | ... O43: =SUM(O12:O41) -> 0 | Q43: =SUM(Q12:Q41) -> 48.042 | R43: =SUM(R12:R41) -> 72.48 | S43: =SUM(S13:S41) -> 0 | T43: =SUM(T13:T41) -> 9.7006 | U43: =SUM(U12:U41) -> 4691 | V43: =SUM(V12:V41) -> 76.2 | W43: =SUM(W12:W41)-AM43 -> 4447.81 | AD43: =SUM(AD12:AD41) -> 697 | AF43: =SUM(AF12:AF41) -> 5752.2 | AG43: =SUM(AG12:AG41) -> 476.81545 | AH43: =SUM(AH12:AH41) -> 6229.0155 | AI43: =SUM(AI12:AI41) -> 0.43 | AJ43: =AVERAGE(AJ12:AJ41) -> 52.133333 | AK43: =AVERAGE(AK12:AK42) -> 27.433333 | AL43: Avg | AM43: =SUM(AM12:AM41) -> 475.8688
A44: MONTH / AF | D44: =SUM(D12:D41) -> -2436 | F44: =F43*$D$2 -> -2436 | G44: =G43*$D$2 -> 9510.8825 | H44: =H43*$D$2 -> 154.91135 | I44: =I43*$D$2 -> 9665.7939 | J44: =J43*$D$2 -> 253.4583 | K44: =K43*$D$2 -> 9919.2522 | L44: =L43*$D$2 -> -692.30515 | M44: =M43*$D$2 -> 571.248 | ... O44: =O43*$D$2 -> 0 | Q44: =Q43*$D$2 -> 95.291307 | R44: =R43*$D$2 -> 143.76408 | S44: =S43*$D$2 -> 0 | T44: =T43*$D$2 -> 19.24114 | U44: =U43*$D$2 -> 9304.5985 | V44: =V43*$D$2 -> 151.1427 | W44: =W43*$D$2 -> 8822.2311 | AD44: =AD43*$D$2 -> 1382.4995 | AF44: =AF43*$D$2 -> 11409.489 | AG44: =AG43*$D$2 -> 945.76345 | AH44: =AH43*$D$2 -> 12355.252 | AJ44: =MAX(AJ12:AJ41) -> 70 | AK44: =MAX(AK12:AK42) -> 37 | AL44: HI | AM44: =AM43*$D$2 -> 943.88576
A46: SEASON / CFS | AJ46: =MIN(AJ12:AJ41) -> 23 | AK46: =MIN(AK12:AK42) -> 0 | AL46: LO
A47: SEASON / AF
A49: YTD / CFS | F49: =F10+F43 -> -1228.1321 | G49: =G10+G43 -> 4795 | H49: =H10+H43 -> 78.1 | I49: =I10+I43 -> 4873.1 | J49: =J10+J43 -> 127.78336 | K49: =K10+K43 -> 5000.8834 | L49: =L10+L43 -> -349.03209 | M49: =M10+M43 -> 288 | N49: =N10+N43 -> 0 | O49: 0 | Q49: =Q10+Q43 -> 48.042 | R49: =R10+R43 -> 72.48 | S49: =S10+S43 -> 0 | T49: =T10+T43 -> 9.7006 | U49: =U10+U43 -> 4691 | V49: =V10+V43 -> 76.2 | W49: =W10+W43 -> 4447.81 | AD49: =AD10+AD43 -> 697 | AE49: =AE41 -> 3122 | AF49: =AF10+AF43 -> 5752.2 | AG49: =AG10+AG43 -> 476.81545 | AH49: =AH10+AH43 -> 6229.0155 | AI49: =AI10+AI43 -> 0.43 | AM49: =AM10+AM43 -> 796.8688
A50: YTD / AF | D50: =D10+D44 -> -2436 | E50: =E41 -> 116485 | F50: =F49*$D$2 -> -2436 | G50: =G49*$D$2 -> 9510.8825 | H50: =H49*$D$2 -> 154.91135 | I50: =I49*$D$2 -> 9665.7939 | J50: =J49*$D$2 -> 253.4583 | K50: =K49*$D$2 -> 9919.2522 | L50: =L49*$D$2 -> -692.30515 | M50: =M49*$D$2 -> 571.248 | ... O50: =O49*$D$2 -> 0 | Q50: =Q49*$D$2 -> 95.291307 | R50: =R49*$D$2 -> 143.76408 | S50: =S49*$D$2 -> 0 | T50: =T49*$D$2 -> 19.24114 | U50: =U49*$D$2 -> 9304.5985 | V50: =V49*$D$2 -> 151.1427 | W50: =W49*$D$2 -> 8822.2311 | AD50: =AD49*$D$2 -> 1382.4995 | AE50: =AE49*$D$2 -> 6192.487 | AF50: =AF49*$D$2 -> 11409.489 | AG50: =AG49*$D$2 -> 945.76345 | AH50: =AH49*$D$2 -> 12355.252 | AL50: =AL41 -> 8822.2364 | AM50: =AM49*$D$2 -> 1580.5893

Sheet DEC
K1: MCPHEE RESERVOIR INFLOW/OUTFLOW TABULATION
A2: AF/cfs CONVERT FACTOR | D2: 1.9835 | K2: DECEMBER "2006"
D4: RESERVOIR | U4: INFLOW/OUTFLOW (CFS) | AJ4: WEATHER | AN4: ADJUSTMENTS
A5: DATE | B5: RESERV | C5: RESERV | D5: AC FT | E5: ACTIVE | F5: CONV TO | G5: DOLORES | H5: LOST | I5: RECORD | J5: CALC | K5: TOTAL | L5: CALC | M5: DOLORES TUNNEL | U5: LONE | V5: U | W5: TOTAL | X5: MVI | Y5: TO EX & | Z5: MVI | AA5: DV CR | AB5: D/S SENIOR | AD5: BELOW | AE5: FISH | AF5: RECORD | AG5: CALC | AH5: TOTAL | AI5: RAIN | AJ5: MAX | AK5: MIN | AL5: NAR | AM5: MVI | AN5: MVI | AO5: MVI | AP5: U/S | AQ5: TOTTEN
A6: DEC | B6: ELEV | C6: AC FT | D6: CHANGE | E6: CAP | F6: CFS | G6: RIVER | H6: CAN | I6: INFLOW | J6: INFLOW | K6: INFLOW | L6: INF/OTF | M6: TOT DIV | N6: WET | O6: UTE | P6: QUEST | Q6: MWC | R6: CTZ | S6: CTZ & | T6: F-BAY | U6: PINE | V6: LAT | W6: MVI | X6: CALL | Y6: U/S EX | Z6: PROJ | AA6: CANAL | AD6: MCP | AE6: LEFT | AF6: OTF | AG6: OTF | AH6: OTF | AJ6: TMP | AK6: TMP | AL6: CALL | AM6: STOCK | AN6: STORED | AO6: STORED | AP6: USERS | AQ6: (FRESH
E7: AC FT | N7: LAND | O7: F&R | S7: UTE | T7: SPILL | AL7: AC.FT. | AM7: CFS | AN7: Apr-Jun | AO7: EVAP | AP7: EXCH | AQ7: WATER)
N8: 1.03 | O8: 1.05 | P8: 1.02 | Q8: 1.02 | R8: 1.04 | S8: PROJ | AO8: AC.FT.
A9: SEASON BAL
A10: YTD | B10: =NOV!B41 -> 6895.84 | C10: =NOV!C41 -> 268485 | D10: =NOV!D50 -> -2436 | E10: =NOV!E50 -> 116485 | F10: =NOV!F49 -> -1228.1321 | G10: =NOV!G49 -> 4795 | H10: =NOV!H49 -> 78.1 | I10: =NOV!I49 -> 4873.1 | J10: =NOV!J49 -> 127.78336 | K10: =NOV!K49 -> 5000.8834 | L10: =NOV!L49 -> -349.03209 | M10: =NOV!M49 -> 288 | ... O10: =NOV!O49 -> 0 | Q10: =NOV!Q49 -> 48.042 | R10: =NOV!R49 -> 72.48 | S10: =NOV!S49 -> 0 | T10: =NOV!T49 -> 9.7006 | U10: =NOV!U49 -> 4691 | V10: =NOV!V49 -> 76.2 | W10: =NOV!W49 -> 4447.81 | AD10: =NOV!AD49 -> 697 | AE10: =NOV!AE49 -> 3122 | AF10: =NOV!AF49 -> 5752.2 | AG10: =NOV!AG49 -> 476.81545 | AH10: =NOV!AH49 -> 6229.0155 | AI10: =NOV!AI49 -> 0.43 | AL10: =NOV!AL50 -> 8822.2364 | AM10: =NOV!AM49 -> 796.8688
A12: 1 | B12: 6895.86 | C12: 268556 | D12: =C12-C10 -> 71 | E12: =C12-152000 -> 116556 | F12: =D12/$D$2 -> 35.795311 | G12: 90 | H12: 1.5 | I12: =G12+H12 -> 91.5 | J12: =IF(L12>0,L12,0) -> 0 | K12: =I12+J12 -> 91.5 | L12: =F12-(I12-AF12) -> -28.304689 | M12: 3.4 | N12: 0 | O12: 0 | P12: 0 | Q12: =1.6*1.02 -> 1.632 | R12: 2.15 | S12: 0 | T12: =M12-(Q12+R12+S12) -> -0.382 | U12: 0 | V12: 0 | W12: =M12-N12-O12-P12-Q12-R12-S12-T12+U12+V12 -> 0 | AA12: 0 | AD12: 24 | AE12: =AE10-AD12 -> 3098 | AF12: =N12+O12+P12+Q12+R12+S12+T12+W12+AA12+AD12 -> 27.4 | AG12: =IF(L12<0,L12*-1,0) -> 28.304689 | AH12: =AF12+AG12 -> 55.704689 | AI12: 0 | AJ12: 31 | AK12: 8 | AL12: =AL10+(W12*1.9835) -> 8822.2364 | AM12: 0
A13: =A12+1 -> 2 | B13: 6895.89 | C13: 268663 | D13: =C13-C12 -> 107 | E13: =C13-152000 -> 116663 | F13: =D13/$D$2 -> 53.945047 | G13: 95 | H13: 1.4 | I13: =G13+H13 -> 96.4 | J13: =IF(L13>0,L13,0) -> 0 | K13: =I13+J13 -> 96.4 | L13: =F13-(I13-AF13) -> -15.054953 | M13: 3.4 | N13: 0 | O13: 0 | P13: 0 | Q13: =1.6*1.02 -> 1.632 | R13: 2.35 | S13: 0 | T13: =M13-(Q13+R13+S13) -> -0.582 | U13: 0 | V13: 0 | W13: =M13-N13-O13-P13-Q13-R13-S13-T13+U13+V13 -> 0 | AA13: 0 | AD13: 24 | AE13: =AE12-AD13 -> 3074 | AF13: =N13+O13+P13+Q13+R13+S13+T13+W13+AA13+AD13 -> 27.4 | AG13: =IF(L13<0,L13*-1,0) -> 15.054953 | AH13: =AF13+AG13 -> 42.454953 | AI13: 0 | AJ13: 32 | AK13: 11 | AL13: =AL12 -> 8822.2364 | AM13: 0
A14: =A13+1 -> 3 | B14: 6895.92 | C14: 268770 | D14: =C14-C13 -> 107 | E14: =C14-152000 -> 116770 | F14: =D14/$D$2 -> 53.945047 | G14: 87 | H14: 1.1 | I14: =G14+H14 -> 88.1 | J14: =IF(L14>0,L14,0) -> 0 | K14: =I14+J14 -> 88.1 | L14: =F14-(I14-AF14) -> -6.7549534 | M14: 3.4 | N14: 0 | O14: 0 | P14: 0 | Q14: =1.6*1.02 -> 1.632 | R14: 2.35 | S14: 0 | T14: =M14-(Q14+R14+S14) -> -0.582 | U14: 0 | V14: 0 | W14: =M14-N14-O14-P14-Q14-R14-S14-T14+U14+V14 -> 0 | AA14: 0 | AD14: 24 | AE14: =AE13-AD14 -> 3050 | AF14: =N14+O14+P14+Q14+R14+S14+T14+W14+AA14+AD14 -> 27.4 | AG14: =IF(L14<0,L14*-1,0) -> 6.7549534 | AH14: =AF14+AG14 -> 34.154953 | AI14: 0 | AJ14: 34 | AK14: 7 | AL14: =AL13 -> 8822.2364 | AM14: 0
A15: =A14+1 -> 4 | B15: 6895.95 | C15: 268877 | D15: =C15-C14 -> 107 | E15: =C15-152000 -> 116877 | F15: =D15/$D$2 -> 53.945047 | G15: 83 | H15: 0.9 | I15: =G15+H15 -> 83.9 | J15: =IF(L15>0,L15,0) -> 0 | K15: =I15+J15 -> 83.9 | L15: =F15-(I15-AF15) -> -2.5549534 | M15: 3.4 | N15: 0 | O15: 0 | P15: 0 | Q15: =1.6*1.02 -> 1.632 | R15: 2.38 | S15: 0 | T15: =M15-(Q15+R15+S15) -> -0.612 | U15: 0 | V15: 0 | W15: =M15-N15-O15-P15-Q15-R15-S15-T15+U15+V15 -> 0 | AA15: 0 | AD15: 24 | AE15: =AE14-AD15 -> 3026 | AF15: =N15+O15+P15+Q15+R15+S15+T15+W15+AA15+AD15 -> 27.4 | AG15: =IF(L15<0,L15*-1,0) -> 2.5549534 | AH15: =AF15+AG15 -> 29.954953 | AI15: 0 | AJ15: 43 | AK15: 12 | AL15: =AL14 -> 8822.2364 | AM15: 0
A16: =A15+1 -> 5 | B16: 6895.98 | C16: 268983 | D16: =C16-C15 -> 106 | E16: =C16-152000 -> 116983 | F16: =D16/$D$2 -> 53.440887 | G16: 109 | H16: 0.69 | I16: =G16+H16 -> 109.69 | J16: =IF(L16>0,L16,0) -> 0 | K16: =I16+J16 -> 109.69 | L16: =F16-(I16-AF16) -> -28.849113 | M16: 3.4 | N16: 0 | O16: 0 | P16: 0 | Q16: =1.6*1.02 -> 1.632 | R16: 3.37 | S16: 0 | T16: =M16-(Q16+R16+S16) -> -1.602 | U16: 0 | V16: 0 | W16: =M16-N16-O16-P16-Q16-R16-S16-T16+U16+V16 -> 0 | AA16: 0 | AD16: 24 | AE16: =AE15-AD16 -> 3002 | AF16: =N16+O16+P16+Q16+R16+S16+T16+W16+AA16+AD16 -> 27.4 | AG16: =IF(L16<0,L16*-1,0) -> 28.849113 | AH16: =AF16+AG16 -> 56.249113 | AI16: 0 | AJ16: 46 | AK16: 19 | AL16: =AL15 -> 8822.2364 | AM16: 0
A17: =A16+1 -> 6 | B17: 6896.01 | C17: 269091 | D17: =C17-C16 -> 108 | E17: =C17-152000 -> 117091 | F17: =D17/$D$2 -> 54.449206 | G17: 113 | H17: 0.76 | I17: =G17+H17 -> 113.76 | J17: =IF(L17>0,L17,0) -> 0 | K17: =I17+J17 -> 113.76 | L17: =F17-(I17-AF17) -> -31.910794 | M17: 3.4 | N17: 0 | O17: 0 | P17: 0 | Q17: =1.6*1.02 -> 1.632 | R17: 2.6 | S17: 0 | T17: =M17-(Q17+R17+S17) -> -0.832 | U17: 0 | V17: 0 | W17: =M17-N17-O17-P17-Q17-R17-S17-T17+U17+V17 -> 0 | AA17: 0 | AD17: 24 | AE17: =AE16-AD17 -> 2978 | AF17: =N17+O17+P17+Q17+R17+S17+T17+W17+AA17+AD17 -> 27.4 | AG17: =IF(L17<0,L17*-1,0) -> 31.910794 | AH17: =AF17+AG17 -> 59.310794 | AI17: 0 | AJ17: 50 | AK17: 23 | AL17: =AL16 -> 8822.2364 | AM17: 0
A18: =A17+1 -> 7 | B18: 6896.05 | C18: 269234 | D18: =C18-C17 -> 143 | E18: =C18-152000 -> 117234 | F18: =D18/$D$2 -> 72.094782 | G18: 112 | H18: 0.86 | I18: =G18+H18 -> 112.86 | J18: =IF(L18>0,L18,0) -> 0 | K18: =I18+J18 -> 112.86 | L18: =F18-(I18-AF18) -> -14.365218 | M18: 3.4 | N18: 0 | O18: 0 | P18: 0 | Q18: =1.6*1.02 -> 1.632 | R18: 2.5 | S18: 0 | T18: =M18-(Q18+R18+S18) -> -0.732 | U18: 0 | V18: 0 | W18: =M18-N18-O18-P18-Q18-R18-S18-T18+U18+V18 -> 0 | AA18: 0 | AD18: 23 | AE18: =AE17-AD18 -> 2955 | AF18: =N18+O18+P18+Q18+R18+S18+T18+W18+AA18+AD18 -> 26.4 | AG18: =IF(L18<0,L18*-1,0) -> 14.365218 | AH18: =AF18+AG18 -> 40.765218 | AI18: 0 | AJ18: 51 | AK18: 24 | AL18: =AL17 -> 8822.2364 | AM18: 0
A19: =A18+1 -> 8 | B19: 6896.09 | C19: 269378 | D19: =C19-C18 -> 144 | E19: =C19-152000 -> 117378 | F19: =D19/$D$2 -> 72.598941 | G19: 128 | H19: 0.99 | I19: =G19+H19 -> 128.99 | J19: =IF(L19>0,L19,0) -> 0 | K19: =I19+J19 -> 128.99 | L19: =F19-(I19-AF19) -> -29.791059 | M19: 3.6 | N19: 0 | O19: 0 | P19: 0 | Q19: =1.6*1.02 -> 1.632 | R19: 2.54 | S19: 0 | T19: =M19-(Q19+R19+S19) -> -0.572 | U19: 0 | V19: 0 | W19: =M19-N19-O19-P19-Q19-R19-S19-T19+U19+V19 -> 0 | AA19: 0 | AD19: 23 | AE19: =AE18-AD19 -> 2932 | AF19: =N19+O19+P19+Q19+R19+S19+T19+W19+AA19+AD19 -> 26.6 | AG19: =IF(L19<0,L19*-1,0) -> 29.791059 | AH19: =AF19+AG19 -> 56.391059 | AI19: 0 | AJ19: 50 | AK19: 24 | AL19: =AL18 -> 8822.2364 | AM19: 0
A20: =A19+1 -> 9 | B20: 6896.13 | C20: 269521 | D20: =C20-C19 -> 143 | E20: =C20-152000 -> 117521 | F20: =D20/$D$2 -> 72.094782 | G20: 130 | H20: 1 | I20: =G20+H20 -> 131 | J20: =IF(L20>0,L20,0) -> 0 | K20: =I20+J20 -> 131 | L20: =F20-(I20-AF20) -> -32.205218 | M20: 3.7 | N20: 0 | O20: 0 | P20: 0 | Q20: =1.6*1.02 -> 1.632 | R20: 2.43 | S20: 0 | T20: =M20-(Q20+R20+S20) -> -0.362 | U20: 0 | V20: 0 | W20: =M20-N20-O20-P20-Q20-R20-S20-T20+U20+V20 -> 0 | AA20: 0 | AD20: 23 | AE20: =AE19-AD20 -> 2909 | AF20: =N20+O20+P20+Q20+R20+S20+T20+W20+AA20+AD20 -> 26.7 | AG20: =IF(L20<0,L20*-1,0) -> 32.205218 | AH20: =AF20+AG20 -> 58.905218 | AI20: 0 | AJ20: 47 | AK20: 24 | AL20: =AL19 -> 8822.2364 | AM20: 0
A21: =A20+1 -> 10 | B21: 6896.17 | C21: 269665 | D21: =C21-C20 -> 144 | E21: =C21-152000 -> 117665 | F21: =D21/$D$2 -> 72.598941 | G21: 126 | H21: 0.99 | I21: =G21+H21 -> 126.99 | J21: =IF(L21>0,L21,0) -> 0 | K21: =I21+J21 -> 126.99 | L21: =F21-(I21-AF21) -> -27.691059 | M21: 3.7 | N21: 0 | O21: 0 | P21: 0 | Q21: =1.6*1.02 -> 1.632 | R21: 2.39 | S21: 0 | T21: =M21-(Q21+R21+S21) -> -0.322 | U21: 0 | V21: 0 | W21: =M21-N21-O21-P21-Q21-R21-S21-T21+U21+V21 -> 0 | AA21: 0 | AD21: 23 | AE21: =AE20-AD21 -> 2886 | AF21: =N21+O21+P21+Q21+R21+S21+T21+W21+AA21+AD21 -> 26.7 | AG21: =IF(L21<0,L21*-1,0) -> 27.691059 | AH21: =AF21+AG21 -> 54.391059 | AI21: 0.36 | AJ21: 46 | AK21: 25 | AL21: =AL20 -> 8822.2364 | AM21: 0
A22: =A21+1 -> 11 | B22: 6896.2 | C22: 269772 | D22: =C22-C21 -> 107 | E22: =C22-152000 -> 117772 | F22: =D22/$D$2 -> 53.945047 | G22: 130 | H22: 0.99 | I22: =G22+H22 -> 130.99 | J22: =IF(L22>0,L22,0) -> 0 | K22: =I22+J22 -> 130.99 | L22: =F22-(I22-AF22) -> -50.344953 | M22: 3.7 | N22: 0 | O22: 0 | P22: 0 | Q22: =1.6*1.02 -> 1.632 | R22: 3.713 | S22: 0 | T22: =M22-(Q22+R22+S22) -> -1.645 | U22: 0 | V22: 0 | W22: =M22-N22-O22-P22-Q22-R22-S22-T22+U22+V22 -> 0 | AA22: 0 | AD22: 23 | AE22: =AE21-AD22 -> 2863 | AF22: =N22+O22+P22+Q22+R22+S22+T22+W22+AA22+AD22 -> 26.7 | AG22: =IF(L22<0,L22*-1,0) -> 50.344953 | AH22: =AF22+AG22 -> 77.044953 | AI22: 0 | AJ22: 34 | AK22: 17 | AL22: =AL21 -> 8822.2364 | AM22: 0
A23: =A22+1 -> 12 | B23: 6896.24 | C23: 269916 | D23: =C23-C22 -> 144 | E23: =C23-152000 -> 117916 | F23: =D23/$D$2 -> 72.598941 | G23: 125 | H23: 0.99 | I23: =G23+H23 -> 125.99 | J23: =IF(L23>0,L23,0) -> 0 | K23: =I23+J23 -> 125.99 | L23: =F23-(I23-AF23) -> -26.691059 | M23: 3.7 | N23: 0 | O23: 0 | P23: 0 | Q23: =1.6*1.02 -> 1.632 | R23: 1.55 | S23: 0 | T23: =M23-(Q23+R23+S23) -> 0.518 | U23: 0 | V23: 0 | W23: =M23-N23-O23-P23-Q23-R23-S23-T23+U23+V23 -> 0 | AA23: 0 | AD23: 23 | AE23: =AE22-AD23 -> 2840 | AF23: =N23+O23+P23+Q23+R23+S23+T23+W23+AA23+AD23 -> 26.7 | AG23: =IF(L23<0,L23*-1,0) -> 26.691059 | AH23: =AF23+AG23 -> 53.391059 | AI23: 0 | AJ23: 38 | AK23: 14 | AL23: =AL22 -> 8822.2364 | AM23: 0
A24: =A23+1 -> 13 | B24: 6896.28 | C24: 270059 | D24: =C24-C23 -> 143 | E24: =C24-152000 -> 118059 | F24: =D24/$D$2 -> 72.094782 | G24: 115 | H24: 0.98 | I24: =G24+H24 -> 115.98 | J24: =IF(L24>0,L24,0) -> 0 | K24: =I24+J24 -> 115.98 | L24: =F24-(I24-AF24) -> -17.185218 | M24: 3.7 | N24: 0 | O24: 0 | P24: 0 | Q24: =1.6*1.02 -> 1.632 | R24: 3.39 | S24: 0 | T24: =M24-(Q24+R24+S24) -> -1.322 | U24: 0 | V24: 0 | W24: =M24-N24-O24-P24-Q24-R24-S24-T24+U24+V24 -> 0 | AA24: 0 | AD24: 23 | AE24: =AE23-AD24 -> 2817 | AF24: =N24+O24+P24+Q24+R24+S24+T24+W24+AA24+AD24 -> 26.7 | AG24: =IF(L24<0,L24*-1,0) -> 17.185218 | AH24: =AF24+AG24 -> 43.885218 | AI24: 0 | AJ24: 43 | AK24: 19 | AL24: =AL23 -> 8822.2364 | AM24: 0
... A28: =A27+1 -> 17 | B28: 6896.44 | C28: 270634 | D28: =C28-C27 -> 144 | E28: =C28-152000 -> 118634 | F28: =D28/$D$2 -> 72.598941 | G28: 76 | H28: 0.72 | I28: =G28+H28 -> 76.72 | J28: =IF(L28>0,L28,0) -> 22.578941 | K28: =I28+J28 -> 99.298941 | L28: =F28-(I28-AF28) -> 22.578941 | M28: 3.7 | N28: 0 | O28: 0 | P28: 0 | Q28: =1.6*1.02 -> 1.632 | R28: 2.29 | S28: 0 | T28: =M28-(Q28+R28+S28) -> -0.222 | U28: 0 | V28: 0 | W28: =M28-N28-O28-P28-Q28-R28-S28-T28+U28+V28 -> 0 | AA28: 0 | AD28: 23 | AE28: =AE27-AD28 -> 2724 | AF28: =N28+O28+P28+Q28+R28+S28+T28+W28+AA28+AD28 -> 26.7 | AG28: =IF(L28<0,L28*-1,0) -> 0 | AH28: =AF28+AG28 -> 26.7 | AI28: 0.08 | AJ28: 42 | AK28: 30 | AL28: =AL27 -> 8822.2364 | AM28: 0
A29: =A28+1 -> 18 | B29: 6896.54 | C29: 270992 | D29: =C29-C28 -> 358 | E29: =C29-152000 -> 118992 | F29: =D29/$D$2 -> 180.48903 | G29: 72 | H29: 0.72 | I29: =G29+H29 -> 72.72 | J29: =IF(L29>0,L29,0) -> 134.46903 | K29: =I29+J29 -> 207.18903 | L29: =F29-(I29-AF29) -> 134.46903 | M29: 3.7 | N29: 0 | O29: 0 | P29: 0 | Q29: =1.6*1.02 -> 1.632 | R29: 2.38 | S29: 0 | T29: =M29-(Q29+R29+S29) -> -0.312 | U29: 0 | V29: 0 | W29: =M29-N29-O29-P29-Q29-R29-S29-T29+U29+V29 -> 0 | AA29: 0 | AD29: 23 | AE29: =AE28-AD29 -> 2701 | AF29: =N29+O29+P29+Q29+R29+S29+T29+W29+AA29+AD29 -> 26.7 | AG29: =IF(L29<0,L29*-1,0) -> 0 | AH29: =AF29+AG29 -> 26.7 | AI29: 0.31 | AJ29: 44 | AK29: 25 | AL29: =AL28+(W29*1.9835) -> 8822.2364 | AM29: 0
A30: =A29+1 -> 19 | B30: 6896.64 | C30: 271351 | D30: =C30-C29 -> 359 | E30: =C30-152000 -> 119351 | F30: =D30/$D$2 -> 180.99319 | G30: 84 | H30: 0.68 | I30: =G30+H30 -> 84.68 | J30: =IF(L30>0,L30,0) -> 123.01319 | K30: =I30+J30 -> 207.69319 | L30: =F30-(I30-AF30) -> 123.01319 | M30: 3.7 | N30: 0 | O30: 0 | P30: 0 | Q30: =1.6*1.02 -> 1.632 | R30: 2.54 | S30: 0 | T30: =M30-(Q30+R30+S30) -> -0.472 | U30: 0 | V30: 0 | W30: =M30-N30-O30-P30-Q30-R30-S30-T30+U30+V30 -> 0 | AA30: 0 | AD30: 23 | AE30: =AE29-AD30 -> 2678 | AF30: =N30+O30+P30+Q30+R30+S30+T30+W30+AA30+AD30 -> 26.7 | AG30: =IF(L30<0,L30*-1,0) -> 0 | AH30: =AF30+AG30 -> 26.7 | AI30: 0.21 | AJ30: 36 | AK30: 21 | AL30: =AL29+(W30*1.9835) -> 8822.2364 | AM30: 0
A31: =A30+1 -> 20 | B31: 6896.66 | C31: 271423 | D31: =C31-C30 -> 72 | E31: =C31-152000 -> 119423 | F31: =D31/$D$2 -> 36.299471 | G31: 69 | H31: 0.57 | I31: =G31+H31 -> 69.57 | J31: =IF(L31>0,L31,0) -> 0 | K31: =I31+J31 -> 69.57 | L31: =F31-(I31-AF31) -> -6.5705294 | M31: 3.7 | N31: 0 | O31: 0 | P31: 0 | Q31: =1.6*1.02 -> 1.632 | R31: 2.34 | S31: 0 | T31: =M31-(Q31+R31+S31) -> -0.272 | U31: 0 | V31: 0 | W31: =M31-N31-O31-P31-Q31-R31-S31-T31+U31+V31 -> 0 | AA31: 0 | AD31: 23 | AE31: =AE30-AD31 -> 2655 | AF31: =N31+O31+P31+Q31+R31+S31+T31+W31+AA31+AD31 -> 26.7 | AG31: =IF(L31<0,L31*-1,0) -> 6.5705294 | AH31: =AF31+AG31 -> 33.270529 | AI31: 0 | AJ31: 28 | AK31: 21 | AL31: =AL30+(W31*1.9835) -> 8822.2364 | AM31: 0
A32: =A31+1 -> 21 | B32: 6896.68 | C32: 271495 | D32: =C32-C31 -> 72 | E32: =C32-152000 -> 119495 | F32: =D32/$D$2 -> 36.299471 | G32: 80 | H32: 0.58 | I32: =G32+H32 -> 80.58 | J32: =IF(L32>0,L32,0) -> 0 | K32: =I32+J32 -> 80.58 | L32: =F32-(I32-AF32) -> -17.580529 | M32: 3.7 | N32: 0 | O32: 0 | P32: 0 | Q32: =1.6*1.02 -> 1.632 | R32: 2.34 | S32: 0 | T32: =M32-(Q32+R32+S32) -> -0.272 | U32: 0 | V32: 0 | W32: =M32-N32-O32-P32-Q32-R32-S32-T32+U32+V32 -> 0 | AA32: 0 | AD32: 23 | AE32: =AE31-AD32 -> 2632 | AF32: =N32+O32+P32+Q32+R32+S32+T32+W32+AA32+AD32 -> 26.7 | AG32: =IF(L32<0,L32*-1,0) -> 17.580529 | AH32: =AF32+AG32 -> 44.280529 | AI32: 0 | AJ32: 37 | AK32: 13 | AL32: =AL31+(W32*1.9835) -> 8822.2364 | AM32: 0
A33: =A32+1 -> 22 | B33: 6896.7 | C33: 271567 | D33: =C33-C32 -> 72 | E33: =C33-152000 -> 119567 | F33: =D33/$D$2 -> 36.299471 | G33: 74 | H33: 0.63 | I33: =G33+H33 -> 74.63 | J33: =IF(L33>0,L33,0) -> 0 | K33: =I33+J33 -> 74.63 | L33: =F33-(I33-AF33) -> -11.630529 | M33: 3.7 | N33: 0 | O33: 0 | P33: 0 | Q33: =1.6*1.02 -> 1.632 | R33: 2.54 | S33: 0 | T33: =M33-(Q33+R33+S33) -> -0.472 | U33: 0 | V33: 0 | W33: =M33-N33-O33-P33-Q33-R33-S33-T33+U33+V33 -> 0 | AA33: 0 | AD33: 23 | AE33: =AE32-AD33 -> 2609 | AF33: =N33+O33+P33+Q33+R33+S33+T33+W33+AA33+AD33 -> 26.7 | AG33: =IF(L33<0,L33*-1,0) -> 11.630529 | AH33: =AF33+AG33 -> 38.330529 | AI33: 0 | AJ33: 38 | AK33: 11 | AL33: =AL32+(W33*1.9835) -> 8822.2364 | AM33: 0
A34: =A33+1 -> 23 | B34: 6896.72 | C34: 271638 | D34: =C34-C33 -> 71 | E34: =C34-152000 -> 119638 | F34: =D34/$D$2 -> 35.795311 | G34: 73 | H34: 0.63 | I34: =G34+H34 -> 73.63 | J34: =IF(L34>0,L34,0) -> 0 | K34: =I34+J34 -> 73.63 | L34: =F34-(I34-AF34) -> -11.134689 | M34: 3.7 | N34: 0 | O34: 0 | P34: 0 | Q34: =1.6*1.02 -> 1.632 | R34: 3.01 | S34: 0 | T34: =M34-(Q34+R34+S34) -> -0.942 | U34: 0 | V34: 0 | W34: =M34-N34-O34-P34-Q34-R34-S34-T34+U34+V34 -> 0 | AA34: 0 | AD34: 23 | AE34: =AE33-AD34 -> 2586 | AF34: =N34+O34+P34+Q34+R34+S34+T34+W34+AA34+AD34 -> 26.7 | AG34: =IF(L34<0,L34*-1,0) -> 11.134689 | AH34: =AF34+AG34 -> 37.834689 | AI34: 0 | AJ34: 40 | AK34: 14 | AL34: =AL33+(W34*1.9835) -> 8822.2364 | AM34: 0
A35: =A34+1 -> 24 | B35: 6896.74 | C35: 271710 | D35: =C35-C34 -> 72 | E35: =C35-152000 -> 119710 | F35: =D35/$D$2 -> 36.299471 | G35: 67 | H35: 0.63 | I35: =G35+H35 -> 67.63 | J35: =IF(L35>0,L35,0) -> 0 | K35: =I35+J35 -> 67.63 | L35: =F35-(I35-AF35) -> -4.6305294 | M35: 3.7 | N35: 0 | O35: 0 | P35: 0 | Q35: =1.6*1.02 -> 1.632 | R35: 3.56 | S35: 0 | T35: =M35-(Q35+R35+S35) -> -1.492 | U35: 0 | V35: 0 | W35: =M35-N35-O35-P35-Q35-R35-S35-T35+U35+V35 -> 0 | AA35: 0 | AD35: 23 | AE35: =AE34-AD35 -> 2563 | AF35: =N35+O35+P35+Q35+R35+S35+T35+W35+AA35+AD35 -> 26.7 | AG35: =IF(L35<0,L35*-1,0) -> 4.6305294 | AH35: =AF35+AG35 -> 31.330529 | AI35: 0 | AJ35: 37 | AK35: 14 | AL35: =AL34+(W35*1.9835) -> 8822.2364 | AM35: 0
A36: =A35+1 -> 25 | B36: 6896.76 | C36: 271782 | D36: =C36-C35 -> 72 | E36: =C36-152000 -> 119782 | F36: =D36/$D$2 -> 36.299471 | G36: 67 | H36: 0.63 | I36: =G36+H36 -> 67.63 | J36: =IF(L36>0,L36,0) -> 0 | K36: =I36+J36 -> 67.63 | L36: =F36-(I36-AF36) -> -4.6305294 | M36: 3.7 | N36: 0 | O36: 0 | P36: 0 | Q36: =1.6*1.02 -> 1.632 | R36: 2.57 | S36: 0 | T36: =M36-(Q36+R36+S36) -> -0.502 | U36: 0 | V36: 0 | W36: =M36-N36-O36-P36-Q36-R36-S36-T36+U36+V36 -> 0 | AA36: 0 | AD36: 23 | AE36: =AE35-AD36 -> 2540 | AF36: =N36+O36+P36+Q36+R36+S36+T36+W36+AA36+AD36 -> 26.7 | AG36: =IF(L36<0,L36*-1,0) -> 4.6305294 | AH36: =AF36+AG36 -> 31.330529 | AI36: 0 | AJ36: 40 | AK36: 11 | AL36: =AL35+(W36*1.9835) -> 8822.2364 | AM36: 0
A37: =A36+1 -> 26 | B37: 6896.78 | C37: 271854 | D37: =C37-C36 -> 72 | E37: =C37-152000 -> 119854 | F37: =D37/$D$2 -> 36.299471 | G37: 65 | H37: 0.89 | I37: =G37+H37 -> 65.89 | J37: =IF(L37>0,L37,0) -> 0 | K37: =I37+J37 -> 65.89 | L37: =F37-(I37-AF37) -> -2.8905294 | M37: 3.7 | N37: 0 | O37: 0 | P37: 0 | Q37: =1.6*1.02 -> 1.632 | R37: 2.4 | S37: 0 | T37: =M37-(Q37+R37+S37) -> -0.332 | U37: 0 | V37: 0 | W37: =M37-N37-O37-P37-Q37-R37-S37-T37+U37+V37 -> 0 | AA37: 0 | AD37: 23 | AE37: =AE36-AD37 -> 2517 | AF37: =N37+O37+P37+Q37+R37+S37+T37+W37+AA37+AD37 -> 26.7 | AG37: =IF(L37<0,L37*-1,0) -> 2.8905294 | AH37: =AF37+AG37 -> 29.590529 | AI37: 0 | AJ37: 48 | AK37: 19 | AL37: =AL36+(W37*1.9835) -> 8822.2364 | AM37: 0
A38: =A37+1 -> 27 | B38: 6896.8 | C38: 271926 | D38: =C38-C37 -> 72 | E38: =C38-152000 -> 119926 | F38: =D38/$D$2 -> 36.299471 | G38: 122 | H38: 1.2 | I38: =G38+H38 -> 123.2 | J38: =IF(L38>0,L38,0) -> 0 | K38: =I38+J38 -> 123.2 | L38: =F38-(I38-AF38) -> -60.200529 | M38: 3.7 | N38: 0 | O38: 0 | P38: 0 | Q38: =1.6*1.02 -> 1.632 | R38: 2.04 | S38: 0 | T38: =M38-(Q38+R38+S38) -> 0.028 | U38: 0 | V38: 0 | W38: =M38-N38-O38-P38-Q38-R38-S38-T38+U38+V38 -> 0 | AA38: 0 | AD38: 23 | AE38: =AE37-AD38 -> 2494 | AF38: =N38+O38+P38+Q38+R38+S38+T38+W38+AA38+AD38 -> 26.7 | AG38: =IF(L38<0,L38*-1,0) -> 60.200529 | AH38: =AF38+AG38 -> 86.900529 | AI38: 0 | AJ38: 46 | AK38: 31 | AL38: =AL37+(W38*1.9835) -> 8822.2364 | AM38: 0
A39: =A38+1 -> 28 | B39: 6896.84 | C39: 272069 | D39: =C39-C38 -> 143 | E39: =C39-152000 -> 120069 | F39: =D39/$D$2 -> 72.094782 | G39: 124 | H39: 1.2 | I39: =G39+H39 -> 125.2 | J39: =IF(L39>0,L39,0) -> 0 | K39: =I39+J39 -> 125.2 | L39: =F39-(I39-AF39) -> -26.405218 | M39: 3.7 | N39: 0 | O39: 0 | P39: 0 | Q39: =1.6*1.02 -> 1.632 | R39: 2.8 | S39: 0 | T39: =M39-(Q39+R39+S39) -> -0.732 | U39: 0 | V39: 0 | W39: =M39-N39-O39-P39-Q39-R39-S39-T39+U39+V39 -> 0 | AA39: 0 | AD39: 23 | AE39: =AE38-AD39 -> 2471 | AF39: =N39+O39+P39+Q39+R39+S39+T39+W39+AA39+AD39 -> 26.7 | AG39: =IF(L39<0,L39*-1,0) -> 26.405218 | AH39: =AF39+AG39 -> 53.105218 | AI39: 0.07 | AJ39: 48 | AK39: 29 | AL39: =AL38+(W39*1.9835) -> 8822.2364 | AM39: 0
A40: =A39+1 -> 29 | B40: 6896.86 | C40: 272141 | D40: =C40-C39 -> 72 | E40: =C40-152000 -> 120141 | F40: =D40/$D$2 -> 36.299471 | G40: 113 | H40: 1.2 | I40: =G40+H40 -> 114.2 | J40: =IF(L40>0,L40,0) -> 0 | K40: =I40+J40 -> 114.2 | L40: =F40-(I40-AF40) -> -51.200529 | M40: 3.7 | N40: 0 | O40: 0 | P40: 0 | Q40: =1.6*1.02 -> 1.632 | R40: 2.87 | S40: 0 | T40: =M40-(Q40+R40+S40) -> -0.802 | U40: 0 | V40: 0 | W40: =M40-N40-O40-P40-Q40-R40-S40-T40+U40+V40 -> 0 | AA40: 0 | AD40: 23 | AE40: =AE39-AD40 -> 2448 | AF40: =N40+O40+P40+Q40+R40+S40+T40+W40+AA40+AD40 -> 26.7 | AG40: =IF(L40<0,L40*-1,0) -> 51.200529 | AH40: =AF40+AG40 -> 77.900529 | AI40: 0 | AJ40: 37 | AK40: 25 | AL40: =AL39+(W40*1.9835) -> 8822.2364 | AM40: 0
A41: 30 | B41: 6896.88 | C41: 272213 | D41: =C41-C40 -> 72 | E41: =C41-152000 -> 120213 | F41: =D41/$D$2 -> 36.299471 | G41: 99 | H41: 1.1 | I41: =G41+H41 -> 100.1 | J41: =IF(L41>0,L41,0) -> 0 | K41: =I41+J41 -> 100.1 | L41: =F41-(I41-AF41) -> -37.100529 | M41: 3.7 | N41: 0 | O41: 0 | P41: 0 | Q41: =1.6*1.02 -> 1.632 | R41: 2.5 | S41: 0 | T41: =M41-(Q41+R41+S41) -> -0.432 | U41: 0 | V41: 0 | W41: =M41-N41-O41-P41-Q41-R41-S41-T41+U41+V41 -> 0 | AA41: 0 | AD41: 23 | AE41: =AE40-AD41 -> 2425 | AF41: =N41+O41+P41+Q41+R41+S41+T41+W41+AA41+AD41 -> 26.7 | AG41: =IF(L41<0,L41*-1,0) -> 37.100529 | AH41: =AF41+AG41 -> 63.800529 | AI41: 0 | AJ41: 43 | AK41: 18 | AL41: =AL40+(W41*1.9835) -> 8822.2364 | AM41: 0
A42: 31 | B42: 6896.9 | C42: 272284 | D42: =C42-C41 -> 71 | E42: =C42-152000 -> 120284 | F42: =D42/$D$2 -> 35.795311 | G42: 89 | H42: 1.1 | I42: =G42+H42 -> 90.1 | J42: =IF(L42>0,L42,0) -> 0 | K42: =I42+J42 -> 90.1 | L42: =F42-(I42-AF42) -> -27.604689 | M42: 3.7 | N42: 0 | O42: 0 | P42: 0 | Q42: =1.6*1.02 -> 1.632 | R42: 2.9 | S42: 0 | T42: =M42-(Q42+R42+S42) -> -0.832 | U42: 0 | V42: 0 | W42: =M42-N42-O42-P42-Q42-R42-S42-T42+U42+V42 -> 0 | AA42: 0 | AD42: 23 | AE42: =AE41-AD42 -> 2402 | AF42: =N42+O42+P42+Q42+R42+S42+T42+W42+AA42+AD42 -> 26.7 | AG42: =IF(L42<0,L42*-1,0) -> 27.604689 | AH42: =AF42+AG42 -> 54.304689 | AI42: 0 | AJ42: 40 | AK42: 15 | AL42: =AL41+(W42*1.9835) -> 8822.2364 | AM42: 0
W43: =M43-N43-O43-Q43-R43-S43+U43+V43 -> 0 | AF43: =N43+O43+Q43+R43+S43+W43+AA43+AD43 -> 0
A44: MONTH / CFS | F44: =SUM(F12:F42) -> 1915.3012 | G44: =SUM(G12:G42) -> 3061 | H44: =SUM(H12:H42) -> 28.36 | I44: =SUM(I12:I42) -> 3089.36 | J44: =SUM(J12:J42) -> 289.08595 | K44: =SUM(K12:K42) -> 3378.446 | L44: =SUM(L12:L42) -> -341.55876 | M44: =SUM(M12:M43) -> 112.5 | N44: =SUM(N12:N42) -> 0 | O44: =SUM(O12:O42) -> 0 | Q44: =SUM(Q12:Q42) -> 50.592 | R44: =SUM(R12:R42) -> 81.003 | S44: =SUM(S12:S42) -> 0 | T44: =SUM(T12:T42) -> -19.095 | U44: =SUM(U12:U42) -> 0 | V44: =SUM(V12:V42) -> 0 | W44: =SUM(W12:W43) -> 0 | AD44: =SUM(AD12:AD43) -> 720 | AF44: =SUM(AF12:AF43) -> 832.5 | AG44: =SUM(AG12:AG42) -> 630.64472 | AH44: =SUM(AH12:AH42) -> 1463.1447 | AI44: =SUM(AI12:AI42) -> 1.03 | AJ44: =AVERAGE(AJ12:AJ42) -> 41.612903 | AK44: =AVERAGE(AK12:AK42) -> 19.516129 | AL44: Avg | AM44: =SUM(AM12:AM42) -> 0
A45: MONTH / AF | D45: =SUM(D12:D42) -> 3799 | F45: =F44*$D$2 -> 3799 | G45: =G44*$D$2 -> 6071.4935 | H45: =H44*$D$2 -> 56.25206 | I45: =I44*$D$2 -> 6127.7456 | J45: =J44*$D$2 -> 573.40198 | K45: =K44*$D$2 -> 6701.1475 | L45: =L44*$D$2 -> -677.48181 | M45: =M44*$D$2 -> 223.14375 | ... O45: =O44*$D$2 -> 0 | Q45: =Q44*$D$2 -> 100.34923 | R45: =R44*$D$2 -> 160.66945 | S45: =S44*$D$2 -> 0 | T45: =T44*$D$2 -> -37.874932 | U45: =U44*$D$2 -> 0 | V45: =V44*$D$2 -> 0 | W45: =W44*$D$2 -> 0 | AD45: =AD44*$D$2 -> 1428.12 | AF45: =AF44*$D$2 -> 1651.2638 | AG45: =AG44*$D$2 -> 1250.8838 | AH45: =AH44*$D$2 -> 2902.1475 | AJ45: =MAX(AJ12:AJ42) -> 51 | AK45: =MAX(AK12:AK42) -> 31 | AL45: HI | AM45: =AM44*$D$2 -> 0
A47: SEASON / CFS | AJ47: =MIN(AJ12:AJ42) -> 28 | AK47: =MIN(AK12:AK42) -> 7 | AL47: LO
A48: SEASON / AF
A50: YTD / CFS | F50: =F10+F44 -> 687.16915 | G50: =G10+G44 -> 7856 | H50: =H10+H44 -> 106.46 | I50: =I10+I44 -> 7962.46 | J50: =J10+J44 -> 416.86931 | K50: =K10+K44 -> 8379.3293 | L50: =L10+L44 -> -690.59085 | M50: =M10+M44 -> 400.5 | N50: =N10+N44 -> 0 | O50: 0 | Q50: =Q10+Q44 -> 98.634 | R50: =R10+R44 -> 153.483 | S50: =S10+S44 -> 0 | T50: =T10+T44 -> -9.3944 | U50: =U10+U44 -> 4691 | V50: =V10+V44 -> 76.2 | W50: =W10+W44 -> 4447.81 | AD50: =AD10+AD44 -> 1417 | AE50: =AE42 -> 2402 | AF50: =AF10+AF44 -> 6584.7 | AG50: =AG10+AG44 -> 1107.4602 | AH50: =AH10+AH44 -> 7692.1602 | AI50: =AI10+AI44 -> 1.46 | AM50: =AM10+AM44 -> 796.8688
A51: YTD / AF | D51: =D10+D45 -> 1363 | E51: =E42 -> 120284 | F51: =F50*$D$2 -> 1363 | G51: =G50*$D$2 -> 15582.376 | H51: =H50*$D$2 -> 211.16341 | I51: =I50*$D$2 -> 15793.539 | J51: =J50*$D$2 -> 826.86028 | K51: =K50*$D$2 -> 16620.4 | L51: =L50*$D$2 -> -1369.787 | M51: =M50*$D$2 -> 794.39175 | ... O51: =O50*$D$2 -> 0 | Q51: =Q50*$D$2 -> 195.64054 | R51: =R50*$D$2 -> 304.43353 | S51: =S50*$D$2 -> 0 | T51: =T50*$D$2 -> -18.633792 | U51: =U50*$D$2 -> 9304.5985 | V51: =V50*$D$2 -> 151.1427 | W51: =W50*$D$2 -> 8822.2311 | AD51: =AD50*$D$2 -> 2810.6195 | AE51: =AE50*$D$2 -> 4764.367 | AF51: =AF50*$D$2 -> 13060.752 | AG51: =AG50*$D$2 -> 2196.6472 | AH51: =AH50*$D$2 -> 15257.4 | AL51: =AL42 -> 8822.2364 | AM51: =AM50*$D$2 -> 1580.5893

Sheet JAN
K1: MCPHEE RESERVOIR INFLOW/OUTFLOW TABULATION
A2: AF/cfs CONVERT FACTOR | D2: 1.9835 | K2: JANUARY "2007"
D4: RESERVOIR | U4: INFLOW/OUTFLOW (CFS) | AJ4: WEATHER | AN4: ADJUSTMENTS
A5: DATE | B5: RESERV | C5: RESERV | D5: AC FT | E5: ACTIVE | F5: CONV TO | G5: DOLORES | H5: LOST | I5: RECORD | J5: CALC | K5: TOTAL | L5: CALC | M5: DOLORES TUNNEL | U5: LONE | V5: U | W5: TOTAL | X5: MVI | Y5: TO EX & | Z5: MVI | AA5: DV CR | AB5: D/S SENIOR | AD5: BELOW | AE5: FISH | AF5: RECORD | AG5: CALC | AH5: TOTAL | AI5: RAIN | AJ5: MAX | AK5: MIN | AL5: NAR | AM5: MVI | AN5: MVI | AO5: MVI | AP5: U/S | AQ5: TOTTEN
A6: JAN | B6: ELEV | C6: AC FT | D6: CHANGE | E6: CAP | F6: CFS | G6: RIVER | H6: CAN | I6: INFLOW | J6: INFLOW | K6: INFLOW | L6: INF/OTF | M6: TOT DIV | N6: WET | O6: UTE | P6: QUEST | Q6: MWC | R6: CTZ | S6: CTZ & | T6: F-BAY | U6: PINE | V6: LAT | W6: MVI | X6: CALL | Y6: U/S EX | Z6: PROJ | AA6: CANAL | AD6: MCP | AE6: LEFT | AF6: OTF | AG6: OTF | AH6: OTF | AJ6: TMP | AK6: TMP | AL6: CALL | AM6: STOCK | AN6: STORED | AO6: STORED | AP6: USERS | AQ6: (FRESH
E7: AC FT | N7: LAND | O7: F&R | S7: UTE | T7: SPILL | AL7: AC.FT. | AM7: CFS | AN7: Apr-Jun | AO7: EVAP | AP7: EXCH | AQ7: WATER)
N8: 1.03 | O8: 1.05 | P8: 1.02 | Q8: 1.02 | R8: 1.04 | S8: PROJ | AO8: AC.FT.
A9: SEASON BAL
A10: YTD | B10: =DEC!B42 -> 6896.9 | C10: =DEC!C42 -> 272284 | D10: =DEC!D51 -> 1363 | E10: =DEC!E51 -> 120284 | F10: =DEC!F50 -> 687.16915 | G10: =DEC!G50 -> 7856 | H10: =DEC!H50 -> 106.46 | I10: =DEC!I50 -> 7962.46 | J10: =DEC!J50 -> 416.86931 | K10: =DEC!K50 -> 8379.3293 | L10: =DEC!L50 -> -690.59085 | M10: =DEC!M50 -> 400.5 | ... O10: =DEC!O50 -> 0 | Q10: =DEC!Q50 -> 98.634 | R10: =DEC!R50 -> 153.483 | S10: =DEC!S50 -> 0 | T10: =DEC!T50 -> -9.3944 | U10: =DEC!U50 -> 4691 | V10: =DEC!V50 -> 76.2 | W10: =DEC!W50 -> 4447.81 | AD10: =DEC!AD50 -> 1417 | AE10: =DEC!AE50 -> 2402 | AF10: =DEC!AF50 -> 6584.7 | AG10: =DEC!AG50 -> 1107.4602 | AH10: =DEC!AH50 -> 7692.1602 | AI10: =DEC!AI50 -> 1.46 | AL10: =DEC!AL51 -> 8822.2364
A12: 1 | B12: 6896.92 | C12: 272356 | D12: =C12-C10 -> 72 | E12: =C12-152000 -> 120356 | F12: =D12/$D$2 -> 36.299471 | G12: 78 | H12: 1 | I12: =G12+H12 -> 79 | J12: =IF(L12>0,L12,0) -> 0 | K12: =I12+J12 -> 79 | L12: =F12-(I12-AF12) -> -16.000529 | M12: 3.7 | N12: 0 | O12: 0 | P12: 0 | Q12: =1.52*1.02 -> 1.5504 | R12: 2.39 | S12: 0 | T12: =M12-(Q12+R12+S12) -> -0.2404 | U12: 0 | V12: 0 | W12: =M12-N12-O12-P12-Q12-R12-S12-T12+U12+V12 -> 0 | AA12: 0 | AD12: 23 | AE12: =AE10-AD12 -> 2379 | AF12: =N12+O12+P12+Q12+R12+S12+T12+W12+AA12+AD12 -> 26.7 | AG12: =IF(L12<0,L12*-1,0) -> 16.000529 | AH12: =AF12+AG12 -> 42.700529 | AI12: 0 | AJ12: 46 | AK12: 23 | AL12: =AL10+(W12*1.9835) -> 8822.2364 | AM12: 0
A13: =A12+1 -> 2 | B13: 6896.94 | C13: 272428 | D13: =C13-C12 -> 72 | E13: =C13-152000 -> 120428 | F13: =D13/$D$2 -> 36.299471 | G13: 81 | H13: 0.99 | I13: =G13+H13 -> 81.99 | J13: =IF(L13>0,L13,0) -> 0 | K13: =I13+J13 -> 81.99 | L13: =F13-(I13-AF13) -> -18.990529 | M13: 3.7 | N13: 0 | O13: 0 | P13: 0 | Q13: =1.52*1.02 -> 1.5504 | R13: 2.8 | S13: 0 | T13: =M13-(Q13+R13+S13) -> -0.6504 | U13: 0 | V13: 0 | W13: =M13-N13-O13-P13-Q13-R13-S13-T13+U13+V13 -> 0 | AA13: 0 | AD13: 23 | AE13: =AE12-AD13 -> 2356 | AF13: =N13+O13+P13+Q13+R13+S13+T13+W13+AA13+AD13 -> 26.7 | AG13: =IF(L13<0,L13*-1,0) -> 18.990529 | AH13: =AF13+AG13 -> 45.690529 | AI13: 0 | AJ13: 44 | AK13: 20 | AL13: =AL12+(W13*1.9835) -> 8822.2364 | AM13: 0
A14: =A13+1 -> 3 | B14: 6896.96 | C14: 272500 | D14: =C14-C13 -> 72 | E14: =C14-152000 -> 120500 | F14: =D14/$D$2 -> 36.299471 | G14: 71 | H14: 0.99 | I14: =G14+H14 -> 71.99 | J14: =IF(L14>0,L14,0) -> 0 | K14: =I14+J14 -> 71.99 | L14: =F14-(I14-AF14) -> -8.9905294 | M14: 3.7 | N14: 0 | O14: 0 | P14: 0 | Q14: =1.52*1.02 -> 1.5504 | R14: 2.49 | S14: 0 | T14: =M14-(Q14+R14+S14) -> -0.3404 | U14: 0 | V14: 0 | W14: =M14-N14-O14-P14-Q14-R14-S14-T14+U14+V14 -> 0 | AA14: 0 | AD14: 23 | AE14: =AE13-AD14 -> 2333 | AF14: =N14+O14+P14+Q14+R14+S14+T14+W14+AA14+AD14 -> 26.7 | AG14: =IF(L14<0,L14*-1,0) -> 8.9905294 | AH14: =AF14+AG14 -> 35.690529 | AI14: 0 | AJ14: 44 | AK14: 19 | AL14: =AL13+(W14*1.9835) -> 8822.2364 | AM14: 0
A15: =A14+1 -> 4 | B15: 6896.98 | C15: 272571 | D15: =C15-C14 -> 71 | E15: =C15-152000 -> 120571 | F15: =D15/$D$2 -> 35.795311 | G15: 79 | H15: 1 | I15: =G15+H15 -> 80 | J15: =IF(L15>0,L15,0) -> 0 | K15: =I15+J15 -> 80 | L15: =F15-(I15-AF15) -> -17.504689 | M15: 3.7 | N15: 0 | O15: 0 | P15: 0 | Q15: =1.52*1.02 -> 1.5504 | R15: 2.5 | S15: 0 | T15: =M15-(Q15+R15+S15) -> -0.3504 | U15: 0 | V15: 0 | W15: =M15-N15-O15-P15-Q15-R15-S15-T15+U15+V15 -> 0 | AA15: 0 | AD15: 23 | AE15: =AE14-AD15 -> 2310 | AF15: =N15+O15+P15+Q15+R15+S15+T15+W15+AA15+AD15 -> 26.7 | AG15: =IF(L15<0,L15*-1,0) -> 17.504689 | AH15: =AF15+AG15 -> 44.204689 | AI15: 0 | AJ15: 48 | AK15: 23 | AL15: =AL14+(W15*1.9835) -> 8822.2364 | AM15: 0
A16: =A15+1 -> 5 | B16: 9897 | C16: 272643 | D16: =C16-C15 -> 72 | E16: =C16-152000 -> 120643 | F16: =D16/$D$2 -> 36.299471 | G16: 93 | H16: 1.1 | I16: =G16+H16 -> 94.1 | J16: =IF(L16>0,L16,0) -> 0 | K16: =I16+J16 -> 94.1 | L16: =F16-(I16-AF16) -> -32.100529 | M16: 3.7 | N16: 0 | O16: 0 | P16: 0 | Q16: =1.52*1.02 -> 1.5504 | R16: 2.36 | S16: 0 | T16: =M16-(Q16+R16+S16) -> -0.2104 | U16: 0 | V16: 0 | W16: =M16-N16-O16-P16-Q16-R16-S16-T16+U16+V16 -> 0 | AA16: 0 | AD16: 22 | AE16: =AE15-AD16 -> 2288 | AF16: =N16+O16+P16+Q16+R16+S16+T16+W16+AA16+AD16 -> 25.7 | AG16: =IF(L16<0,L16*-1,0) -> 32.100529 | AH16: =AF16+AG16 -> 57.800529 | AI16: 0.03 | AJ16: 39 | AK16: 22 | AL16: =AL15+(W16*1.9835) -> 8822.2364 | AM16: 0
A17: =A16+1 -> 6 | B17: 6897.02 | C17: 272716 | D17: =C17-C16 -> 73 | E17: =C17-152000 -> 120716 | F17: =D17/$D$2 -> 36.80363 | G17: 70 | H17: 0.95 | I17: =G17+H17 -> 70.95 | J17: =IF(L17>0,L17,0) -> 0 | K17: =I17+J17 -> 70.95 | L17: =F17-(I17-AF17) -> -8.4463701 | M17: 3.7 | N17: 0 | O17: 0 | P17: 0 | Q17: =1.52*1.02 -> 1.5504 | R17: 2.99 | S17: 0 | T17: =M17-(Q17+R17+S17) -> -0.8404 | U17: 0 | V17: 0 | W17: =M17-N17-O17-P17-Q17-R17-S17-T17+U17+V17 -> 0 | AA17: 0 | AD17: 22 | AE17: =AE16-AD17 -> 2266 | AF17: =N17+O17+P17+Q17+R17+S17+T17+W17+AA17+AD17 -> 25.7 | AG17: =IF(L17<0,L17*-1,0) -> 8.4463701 | AH17: =AF17+AG17 -> 34.14637 | AI17: 0 | AJ17: 32 | AK17: 12 | AL17: =AL16+(W17*1.9835) -> 8822.2364 | AM17: 0
A18: =A17+1 -> 7 | B18: 6897.04 | C18: 272788 | D18: =C18-C17 -> 72 | E18: =C18-152000 -> 120788 | F18: =D18/$D$2 -> 36.299471 | G18: 49 | H18: 0.8 | I18: =G18+H18 -> 49.8 | J18: =IF(L18>0,L18,0) -> 12.199471 | K18: =I18+J18 -> 61.999471 | L18: =F18-(I18-AF18) -> 12.199471 | M18: 3.7 | N18: 0 | O18: 0 | P18: 0 | Q18: =1.52*1.02 -> 1.5504 | R18: 2.49 | S18: 0 | T18: =M18-(Q18+R18+S18) -> -0.3404 | U18: 0 | V18: 0 | W18: =M18-N18-O18-P18-Q18-R18-S18-T18+U18+V18 -> 0 | AA18: 0 | AD18: 22 | AE18: =AE17-AD18 -> 2244 | AF18: =N18+O18+P18+Q18+R18+S18+T18+W18+AA18+AD18 -> 25.7 | AG18: =IF(L18<0,L18*-1,0) -> 0 | AH18: =AF18+AG18 -> 25.7 | AI18: 0 | AJ18: 34 | AK18: 14 | AL18: =AL17+(W18*1.9835) -> 8822.2364 | AM18: 0
A19: =A18+1 -> 8 | B19: 6897.07 | C19: 272896 | D19: =C19-C18 -> 108 | E19: =C19-152000 -> 120896 | F19: =D19/$D$2 -> 54.449206 | G19: 47 | H19: 0.8 | I19: =G19+H19 -> 47.8 | J19: =IF(L19>0,L19,0) -> 32.349206 | K19: =I19+J19 -> 80.149206 | L19: =F19-(I19-AF19) -> 32.349206 | M19: 3.7 | N19: 0 | O19: 0 | P19: 0 | Q19: =1.52*1.02 -> 1.5504 | R19: 3.06 | S19: 0 | T19: =M19-(Q19+R19+S19) -> -0.9104 | U19: 0 | V19: 0 | W19: =M19-N19-O19-P19-Q19-R19-S19-T19+U19+V19 -> 0 | AA19: 0 | AD19: 22 | AE19: =AE18-AD19 -> 2222 | AF19: =N19+O19+P19+Q19+R19+S19+T19+W19+AA19+AD19 -> 25.7 | AG19: =IF(L19<0,L19*-1,0) -> 0 | AH19: =AF19+AG19 -> 25.7 | AI19: 0 | AJ19: 43 | AK19: 15 | AL19: =AL18+(W19*1.9835) -> 8822.2364 | AM19: 0
A20: =A19+1 -> 9 | B20: 6897.1 | C20: 273005 | D20: =C20-C19 -> 109 | E20: =C20-152000 -> 121005 | F20: =D20/$D$2 -> 54.953365 | G20: 59 | H20: 0.8 | I20: =G20+H20 -> 59.8 | J20: =IF(L20>0,L20,0) -> 20.853365 | K20: =I20+J20 -> 80.653365 | L20: =F20-(I20-AF20) -> 20.853365 | M20: 3.7 | N20: 0 | O20: 0 | P20: 0 | Q20: =1.52*1.02 -> 1.5504 | R20: 2.45 | S20: 0 | T20: =M20-(Q20+R20+S20) -> -0.3004 | U20: 0 | V20: 0 | W20: =M20-N20-O20-P20-Q20-R20-S20-T20+U20+V20 -> 0 | AA20: 0 | AD20: 22 | AE20: =AE19-AD20 -> 2200 | AF20: =N20+O20+P20+Q20+R20+S20+T20+W20+AA20+AD20 -> 25.7 | AG20: =IF(L20<0,L20*-1,0) -> 0 | AH20: =AF20+AG20 -> 25.7 | AI20: 0 | AJ20: 43 | AK20: 18 | AL20: =AL19+(W20*1.9835) -> 8822.2364 | AM20: 0
A21: =A20+1 -> 10 | B21: 6897.13 | C21: 273113 | D21: =C21-C20 -> 108 | E21: =C21-152000 -> 121113 | F21: =D21/$D$2 -> 54.449206 | G21: 63 | H21: 0.8 | I21: =G21+H21 -> 63.8 | J21: =IF(L21>0,L21,0) -> 16.349206 | K21: =I21+J21 -> 80.149206 | L21: =F21-(I21-AF21) -> 16.349206 | M21: 3.7 | N21: 0 | O21: 0 | P21: 0 | Q21: =1.52*1.02 -> 1.5504 | R21: 2.64 | S21: 0 | T21: =M21-(Q21+R21+S21) -> -0.4904 | U21: 0 | V21: 0 | W21: =M21-N21-O21-P21-Q21-R21-S21-T21+U21+V21 -> 0 | AA21: 0 | AD21: 22 | AE21: =AE20-AD21 -> 2178 | AF21: =N21+O21+P21+Q21+R21+S21+T21+W21+AA21+AD21 -> 25.7 | AG21: =IF(L21<0,L21*-1,0) -> 0 | AH21: =AF21+AG21 -> 25.7 | AI21: 0 | AJ21: 43 | AK21: 22 | AL21: =AL20+(W21*1.9835) -> 8822.2364 | AM21: 0
A22: =A21+1 -> 11 | B22: 6897.16 | C22: 273222 | D22: =C22-C21 -> 109 | E22: =C22-152000 -> 121222 | F22: =D22/$D$2 -> 54.953365 | G22: 69 | H22: 0.86 | I22: =G22+H22 -> 69.86 | J22: =IF(L22>0,L22,0) -> 10.793365 | K22: =I22+J22 -> 80.653365 | L22: =F22-(I22-AF22) -> 10.793365 | M22: 3.7 | N22: 0 | O22: 0 | P22: 0 | Q22: =1.52*1.02 -> 1.5504 | R22: 2.59 | S22: 0 | T22: =M22-(Q22+R22+S22) -> -0.4404 | U22: 0 | V22: 0 | W22: =M22-N22-O22-P22-Q22-R22-S22-T22+U22+V22 -> 0 | AA22: 0 | AD22: 22 | AE22: =AE21-AD22 -> 2156 | AF22: =N22+O22+P22+Q22+R22+S22+T22+W22+AA22+AD22 -> 25.7 | AG22: =IF(L22<0,L22*-1,0) -> 0 | AH22: =AF22+AG22 -> 25.7 | AI22: 0 | AJ22: 45 | AK22: 15 | AL22: =AL21+(W22*1.9835) -> 8822.2364 | AM22: 0
A23: =A22+1 -> 12 | B23: 6897.19 | C23: 273331 | D23: =C23-C22 -> 109 | E23: =C23-152000 -> 121331 | F23: =D23/$D$2 -> 54.953365 | G23: 80 | H23: 1 | I23: =G23+H23 -> 81 | J23: =IF(L23>0,L23,0) -> 0 | K23: =I23+J23 -> 81 | L23: =F23-(I23-AF23) -> -0.34663474 | M23: 3.7 | N23: 0 | O23: 0 | P23: 0 | Q23: =1.52*1.02 -> 1.5504 | R23: 2.73 | S23: 0 | T23: =M23-(Q23+R23+S23) -> -0.5804 | U23: 0 | V23: 0 | W23: =M23-N23-O23-P23-Q23-R23-S23-T23+U23+V23 -> 0 | AA23: 0 | AD23: 22 | AE23: =AE22-AD23 -> 2134 | AF23: =N23+O23+P23+Q23+R23+S23+T23+W23+AA23+AD23 -> 25.7 | AG23: =IF(L23<0,L23*-1,0) -> 0.34663474 | AH23: =AF23+AG23 -> 26.046635 | AI23: 0.2 | AJ23: 42 | AK23: 32 | AL23: =AL22+(W23*1.9835) -> 8822.2364 | AM23: 0
A24: 13 | B24: 6897.22 | C24: 273439 | D24: =C24-C23 -> 108 | E24: =C24-152000 -> 121439 | F24: =D24/$D$2 -> 54.449206 | G24: 79 | H24: 1 | I24: =G24+H24 -> 80 | J24: =IF(L24>0,L24,0) -> 0.14920595 | K24: =I24+J24 -> 80.149206 | L24: =F24-(I24-AF24) -> 0.14920595 | M24: 3.7 | N24: 0 | O24: 0 | P24: 0 | Q24: =1.52*1.02 -> 1.5504 | R24: 2.54 | S24: 0 | T24: =M24-(Q24+R24+S24) -> -0.3904 | U24: 0 | V24: 0 | W24: =M24-N24-O24-P24-Q24-R24-S24-T24+U24+V24 -> 0 | AA24: 0 | AD24: 22 | AE24: =AE23-AD24 -> 2112 | AF24: =N24+O24+P24+Q24+R24+S24+T24+W24+AA24+AD24 -> 25.7 | AG24: =IF(L24<0,L24*-1,0) -> 0 | AH24: =AF24+AG24 -> 25.7 | AI24: 0.15 | AJ24: 34 | AK24: 24 | AL24: =AL23+(W24*1.9835) -> 8822.2364 | AM24: 0
A25: =A24+1 -> 14 | B25: 6897.24 | C25: 273511 | D25: =C25-C24 -> 72 | E25: =C25-152000 -> 121511 | F25: =D25/$D$2 -> 36.299471 | G25: 62 | H25: 0.88 | I25: =G25+H25 -> 62.88 | J25: =IF(L25>0,L25,0) -> 0 | K25: =I25+J25 -> 62.88 | L25: =F25-(I25-AF25) -> -0.88052937 | M25: 3.7 | N25: 0 | O25: 0 | P25: 0 | Q25: =1.52*1.02 -> 1.5504 | R25: 3.06 | S25: 0 | T25: =M25-(Q25+R25+S25) -> -0.9104 | U25: 0 | V25: 0 | W25: =M25-N25-O25-P25-Q25-R25-S25-T25+U25+V25 -> 0 | AA25: 0 | AD25: 22 | AE25: =AE24-AD25 -> 2090 | AF25: =N25+O25+P25+Q25+R25+S25+T25+W25+AA25+AD25 -> 25.7 | AG25: =IF(L25<0,L25*-1,0) -> 0.88052937 | AH25: =AF25+AG25 -> 26.580529 | AI25: 0.06 | AJ25: 25 | AK25: 10 | AL25: =AL24+(W25*1.9835) -> 8822.2364 | AM25: 0
A26: =A25+1 -> 15 | B26: 6897.26 | C26: 273584 | D26: =C26-C25 -> 73 | E26: =C26-152000 -> 121584 | F26: =D26/$D$2 -> 36.80363 | G26: 46 | H26: 0.68 | I26: =G26+H26 -> 46.68 | J26: =IF(L26>0,L26,0) -> 15.82363 | K26: =I26+J26 -> 62.50363 | L26: =F26-(I26-AF26) -> 15.82363 | M26: 3.7 | N26: 0 | O26: 0 | P26: 0 | Q26: =1.52*1.02 -> 1.5504 | R26: 2.56 | S26: 0 | T26: =M26-(Q26+R26+S26) -> -0.4104 | U26: 0 | V26: 0 | W26: =M26-N26-O26-P26-Q26-R26-S26-T26+U26+V26 -> 0 | AA26: 0 | AD26: 22 | AE26: =AE25-AD26 -> 2068 | AF26: =N26+O26+P26+Q26+R26+S26+T26+W26+AA26+AD26 -> 25.7 | AG26: =IF(L26<0,L26*-1,0) -> 0 | AH26: =AF26+AG26 -> 25.7 | AI26: 0 | AJ26: 25 | AK26: -3 | AL26: =AL25+(W26*1.9835) -> 8822.2364 | AM26: 0
A27: =A26+1 -> 16 | B27: 6897.28 | C27: 273656 | D27: =C27-C26 -> 72 | E27: =C27-152000 -> 121656 | F27: =D27/$D$2 -> 36.299471 | G27: 34 | H27: 0.58 | I27: =G27+H27 -> 34.58 | J27: =IF(L27>0,L27,0) -> 27.419471 | K27: =I27+J27 -> 61.999471 | L27: =F27-(I27-AF27) -> 27.419471 | M27: 3.7 | N27: 0 | O27: 0 | P27: 0 | Q27: =1.52*1.02 -> 1.5504 | R27: 3.01 | S27: 0 | T27: =M27-(Q27+R27+S27) -> -0.8604 | U27: 0 | V27: 0 | W27: =M27-N27-O27-P27-Q27-R27-S27-T27+U27+V27 -> 0 | AA27: 0 | AD27: 22 | AE27: =AE26-AD27 -> 2046 | AF27: =N27+O27+P27+Q27+R27+S27+T27+W27+AA27+AD27 -> 25.7 | AG27: =IF(L27<0,L27*-1,0) -> 0 | AH27: =AF27+AG27 -> 25.7 | AI27: 0 | AJ27: 32 | AK27: 0 | AL27: =AL26+(W27*1.9835) -> 8822.2364 | AM27: 0
A28: =A27+1 -> 17 | B28: 6897.3 | C28: 273728 | D28: =C28-C27 -> 72 | E28: =C28-152000 -> 121728 | F28: =D28/$D$2 -> 36.299471 | G28: 22 | H28: 0.57 | I28: =G28+H28 -> 22.57 | J28: =IF(L28>0,L28,0) -> 39.729471 | K28: =I28+J28 -> 62.299471 | L28: =F28-(I28-AF28) -> 39.729471 | M28: 4 | N28: 0 | O28: 0 | P28: 0 | Q28: =1.52*1.02 -> 1.5504 | R28: 3.16 | S28: 0 | T28: =M28-(Q28+R28+S28) -> -0.7104 | U28: 0 | V28: 0 | W28: =M28-N28-O28-P28-Q28-R28-S28-T28+U28+V28 -> 0 | AA28: 0 | AD28: 22 | AE28: =AE27-AD28 -> 2024 | AF28: =N28+O28+P28+Q28+R28+S28+T28+W28+AA28+AD28 -> 26 | AG28: =IF(L28<0,L28*-1,0) -> 0 | AH28: =AF28+AG28 -> 26 | AI28: 0 | AJ28: 32 | AK28: 4 | AL28: =AL27+(W28*1.9835) -> 8822.2364 | AM28: 0
A29: =A28+1 -> 18 | B29: 6897.32 | C29: 273801 | D29: =C29-C28 -> 73 | E29: =C29-152000 -> 121801 | F29: =D29/$D$2 -> 36.80363 | G29: 23 | H29: 0.7 | I29: =G29+H29 -> 23.7 | J29: =IF(L29>0,L29,0) -> 39.40363 | K29: =I29+J29 -> 63.10363 | L29: =F29-(I29-AF29) -> 39.40363 | M29: 4.3 | N29: 0 | O29: 0 | P29: 0 | Q29: =1.52*1.02 -> 1.5504 | R29: 3.5 | S29: 0 | T29: =M29-(Q29+R29+S29) -> -0.7504 | U29: 0 | V29: 0 | W29: =M29-N29-O29-P29-Q29-R29-S29-T29+U29+V29 -> 0 | AA29: 0 | AD29: 22 | AE29: =AE28-AD29 -> 2002 | AF29: =N29+O29+P29+Q29+R29+S29+T29+W29+AA29+AD29 -> 26.3 | AG29: =IF(L29<0,L29*-1,0) -> 0 | AH29: =AF29+AG29 -> 26.3 | AI29: 0 | AJ29: 36 | AK29: 4 | AL29: =AL28+(W29*1.9835) -> 8822.2364 | AM29: 0
A30: =A29+1 -> 19 | B30: 6897.34 | C30: 273873 | D30: =C30-C29 -> 72 | E30: =C30-152000 -> 121873 | F30: =D30/$D$2 -> 36.299471 | G30: 25 | H30: 0.99 | I30: =G30+H30 -> 25.99 | J30: =IF(L30>0,L30,0) -> 36.609471 | K30: =I30+J30 -> 62.599471 | L30: =F30-(I30-AF30) -> 36.609471 | M30: 4.3 | N30: 0 | O30: 0 | P30: 0 | Q30: =1.52*1.02 -> 1.5504 | R30: 4.2 | S30: 0.16 | T30: =M30-(Q30+R30+S30) -> -1.6104 | U30: 0 | V30: 0 | W30: =M30-N30-O30-P30-Q30-R30-S30-T30+U30+V30 -> 0 | AA30: 0 | AD30: 22 | AE30: =AE29-AD30 -> 1980 | AF30: =N30+O30+P30+Q30+R30+S30+T30+W30+AA30+AD30 -> 26.3 | AG30: =IF(L30<0,L30*-1,0) -> 0 | AH30: =AF30+AG30 -> 26.3 | AI30: 0 | AJ30: 44 | AK30: 10 | AL30: =AL29+(W30*1.9835) -> 8822.2364 | AM30: 0
A31: =A30+1 -> 20 | B31: 6897.37 | C31: 273982 | D31: =C31-C30 -> 109 | E31: =C31-152000 -> 121982 | F31: =D31/$D$2 -> 54.953365 | G31: 62 | H31: 1.4 | I31: =G31+H31 -> 63.4 | J31: =IF(L31>0,L31,0) -> 17.853365 | K31: =I31+J31 -> 81.253365 | L31: =F31-(I31-AF31) -> 17.853365 | M31: 4.3 | N31: 0 | O31: 0 | P31: 0 | Q31: =1.52*1.02 -> 1.5504 | R31: 3.22 | S31: 0 | T31: =M31-(Q31+R31+S31) -> -0.4704 | U31: 0 | V31: 0 | W31: =M31-N31-O31-P31-Q31-R31-S31-T31+U31+V31 -> 0 | AA31: 0 | AD31: 22 | AE31: =AE30-AD31 -> 1958 | AF31: =N31+O31+P31+Q31+R31+S31+T31+W31+AA31+AD31 -> 26.3 | AG31: =IF(L31<0,L31*-1,0) -> 0 | AH31: =AF31+AG31 -> 26.3 | AI31: 0.16 | AJ31: 34 | AK31: 22 | AL31: =AL30+(W31*1.9835) -> 8822.2364 | AM31: 0
A32: =A31+1 -> 21 | B32: 6897.4 | C32: 274090 | D32: =C32-C31 -> 108 | E32: =C32-152000 -> 122090 | F32: =D32/$D$2 -> 54.449206 | G32: 62 | H32: 1.4 | I32: =G32+H32 -> 63.4 | J32: =IF(L32>0,L32,0) -> 17.349206 | K32: =I32+J32 -> 80.749206 | L32: =F32-(I32-AF32) -> 17.349206 | M32: 4.3 | N32: 0 | O32: 0 | P32: 0 | Q32: =1.52*1.02 -> 1.5504 | R32: 3.61 | S32: 0 | T32: =M32-(Q32+R32+S32) -> -0.8604 | U32: 0 | V32: 0 | W32: =M32-N32-O32-P32-Q32-R32-S32-T32+U32+V32 -> 0 | AA32: 0 | AD32: 22 | AE32: =AE31-AD32 -> 1936 | AF32: =N32+O32+P32+Q32+R32+S32+T32+W32+AA32+AD32 -> 26.3 | AG32: =IF(L32<0,L32*-1,0) -> 0 | AH32: =AF32+AG32 -> 26.3 | AI32: 0.05 | AJ32: 33 | AK32: 11 | AL32: =AL31+(W32*1.9835) -> 8822.2364 | AM32: 0
A33: =A32+1 -> 22 | B33: 6897.42 | C33: 274163 | D33: =C33-C32 -> 73 | E33: =C33-152000 -> 122163 | F33: =D33/$D$2 -> 36.80363 | G33: 50 | H33: 1.4 | I33: =G33+H33 -> 51.4 | J33: =IF(L33>0,L33,0) -> 11.70363 | K33: =I33+J33 -> 63.10363 | L33: =F33-(I33-AF33) -> 11.70363 | M33: 4.3 | N33: 0 | O33: 0 | P33: 0 | Q33: =1.52*1.02 -> 1.5504 | R33: 3.66 | S33: 0 | T33: =M33-(Q33+R33+S33) -> -0.9104 | U33: 0 | V33: 0 | W33: =M33-N33-O33-P33-Q33-R33-S33-T33+U33+V33 -> 0 | AA33: 0 | AD33: 22 | AE33: =AE32-AD33 -> 1914 | AF33: =N33+O33+P33+Q33+R33+S33+T33+W33+AA33+AD33 -> 26.3 | AG33: =IF(L33<0,L33*-1,0) -> 0 | AH33: =AF33+AG33 -> 26.3 | AI33: 0 | AJ33: 38 | AK33: 9 | AL33: =AL32+(W33*1.9835) -> 8822.2364 | AM33: 0
A34: =A33+1 -> 23 | B34: 6897.44 | C34: 274235 | D34: =C34-C33 -> 72 | E34: =C34-152000 -> 122235 | F34: =D34/$D$2 -> 36.299471 | G34: 43 | H34: 1.5 | I34: =G34+H34 -> 44.5 | J34: =IF(L34>0,L34,0) -> 18.099471 | K34: =I34+J34 -> 62.599471 | L34: =F34-(I34-AF34) -> 18.099471 | M34: 4.3 | N34: 0 | O34: 0 | P34: 0 | Q34: =1.52*1.02 -> 1.5504 | R34: 3.12 | S34: 0 | T34: =M34-(Q34+R34+S34) -> -0.3704 | U34: 0 | V34: 0 | W34: =M34-N34-O34-P34-Q34-R34-S34-T34+U34+V34 -> 0 | AA34: 0 | AD34: 22 | AE34: =AE33-AD34 -> 1892 | AF34: =N34+O34+P34+Q34+R34+S34+T34+W34+AA34+AD34 -> 26.3 | AG34: =IF(L34<0,L34*-1,0) -> 0 | AH34: =AF34+AG34 -> 26.3 | AI34: 0 | AJ34: 40 | AK34: 7 | AL34: =AL33+(W34*1.9835) -> 8822.2364 | AM34: 0
A35: =A34+1 -> 24 | B35: 6897.46 | C35: 274307 | D35: =C35-C34 -> 72 | E35: =C35-152000 -> 122307 | F35: =D35/$D$2 -> 36.299471 | G35: 44 | H35: 2 | I35: =G35+H35 -> 46 | J35: =IF(L35>0,L35,0) -> 16.399471 | K35: =I35+J35 -> 62.399471 | L35: =F35-(I35-AF35) -> 16.399471 | M35: 4.1 | N35: 0 | O35: 0 | P35: 0 | Q35: =1.52*1.02 -> 1.5504 | R35: 2.83 | S35: 0 | T35: =M35-(Q35+R35+S35) -> -0.2804 | U35: 0 | V35: 0 | W35: =M35-N35-O35-P35-Q35-R35-S35-T35+U35+V35 -> 0 | AA35: 0 | AD35: 22 | AE35: =AE34-AD35 -> 1870 | AF35: =N35+O35+P35+Q35+R35+S35+T35+W35+AA35+AD35 -> 26.1 | AG35: =IF(L35<0,L35*-1,0) -> 0 | AH35: =AF35+AG35 -> 26.1 | AI35: 0 | AJ35: 41 | AK35: 8 | AL35: =AL34+(W35*1.9835) -> 8822.2364 | AM35: 0
A36: =A35+1 -> 25 | B36: 6897.48 | C36: 274380 | D36: =C36-C35 -> 73 | E36: =C36-152000 -> 122380 | F36: =D36/$D$2 -> 36.80363 | G36: 51 | H36: 2 | I36: =G36+H36 -> 53 | J36: =IF(L36>0,L36,0) -> 9.8036299 | K36: =I36+J36 -> 62.80363 | L36: =F36-(I36-AF36) -> 9.8036299 | M36: 4 | N36: 0 | O36: 0 | P36: 0 | Q36: =1.52*1.02 -> 1.5504 | R36: 3.28 | S36: 0 | T36: =M36-(Q36+R36+S36) -> -0.8304 | U36: 0 | V36: 0 | W36: =M36-N36-O36-P36-Q36-R36-S36-T36+U36+V36 -> 0 | AA36: 0 | AD36: 22 | AE36: =AE35-AD36 -> 1848 | AF36: =N36+O36+P36+Q36+R36+S36+T36+W36+AA36+AD36 -> 26 | AG36: =IF(L36<0,L36*-1,0) -> 0 | AH36: =AF36+AG36 -> 26 | AI36: 0 | AJ36: 42 | AK36: 17 | AL36: =AL35+(W36*1.9835) -> 8822.2364 | AM36: 0
... A40: =A39+1 -> 29 | B40: 6897.56 | C40: 274669 | D40: =C40-C39 -> 72 | E40: =C40-152000 -> 122669 | F40: =D40/$D$2 -> 36.299471 | G40: 57 | H40: 2.1 | I40: =G40+H40 -> 59.1 | J40: =IF(L40>0,L40,0) -> 3.1994706 | K40: =I40+J40 -> 62.299471 | L40: =F40-(I40-AF40) -> 3.1994706 | M40: 4 | N40: 0 | O40: 0 | P40: 0 | Q40: =1.52*1.02 -> 1.5504 | R40: 3.53 | S40: 0 | T40: =M40-(Q40+R40+S40) -> -1.0804 | U40: 0 | V40: 0 | W40: =M40-N40-O40-P40-Q40-R40-S40-T40+U40+V40 -> 0 | AA40: 0 | AD40: 22 | AE40: =AE39-AD40 -> 1760 | AF40: =N40+O40+P40+Q40+R40+S40+T40+W40+AA40+AD40 -> 26 | AG40: =IF(L40<0,L40*-1,0) -> 0 | AH40: =AF40+AG40 -> 26 | AI40: 0 | AJ40: 42 | AK40: 16 | AL40: =AL39+(W40*1.9835) -> 8822.2364 | AM40: 0
A41: 30 | B41: 6897.61 | C41: 274850 | D41: =C41-C40 -> 181 | E41: =C41-152000 -> 122850 | F41: =D41/$D$2 -> 91.252836 | G41: 52 | H41: 2.2 | I41: =G41+H41 -> 54.2 | J41: =IF(L41>0,L41,0) -> 63.052836 | K41: =I41+J41 -> 117.25284 | L41: =F41-(I41-AF41) -> 63.052836 | M41: 4 | N41: 0 | O41: 0 | P41: 0 | Q41: =1.52*1.02 -> 1.5504 | R41: 3.63 | S41: 0 | T41: =M41-(Q41+R41+S41) -> -1.1804 | U41: 0 | V41: 0 | W41: =M41-N41-O41-P41-Q41-R41-S41-T41+U41+V41 -> 0 | AA41: 0 | AD41: 22 | AE41: =AE40-AD41 -> 1738 | AF41: =N41+O41+P41+Q41+R41+S41+T41+W41+AA41+AD41 -> 26 | AG41: =IF(L41<0,L41*-1,0) -> 0 | AH41: =AF41+AG41 -> 26 | AI41: 0 | AJ41: 40 | AK41: 14 | AL41: =AL40+(W41*1.9835) -> 8822.2364 | AM41: 0
A42: 31 | B42: 6897.66 | C42: 275031 | D42: =C42-C41 -> 181 | E42: =C42-152000 -> 123031 | F42: =D42/$D$2 -> 91.252836 | G42: 45 | H42: 2.4 | I42: =G42+H42 -> 47.4 | J42: =IF(L42>0,L42,0) -> 69.852836 | K42: =I42+J42 -> 117.25284 | L42: =F42-(I42-AF42) -> 69.852836 | M42: 4 | N42: 0 | O42: 0 | P42: 0 | Q42: =1.52*1.02 -> 1.5504 | R42: 2.59 | S42: 0 | T42: =M42-(Q42+R42+S42) -> -0.1404 | U42: 0 | V42: 0 | W42: =M42-N42-O42-P42-Q42-R42-S42-T42+U42+V42 -> 0 | AA42: 0 | AD42: 22 | AE42: =AE41-AD42 -> 1716 | AF42: =N42+O42+P42+Q42+R42+S42+T42+W42+AA42+AD42 -> 26 | AG42: =IF(L42<0,L42*-1,0) -> 0 | AH42: =AF42+AG42 -> 26 | AI42: 0.31 | AJ42: 32 | AK42: 10 | AL42: =AL41+(W42*1.9835) -> 8822.2364 | AM42: 0
A44: MONTH / CFS | F44: =SUM(F12:F42) -> 1384.9256 | G44: =SUM(G12:G42) -> 1775 | H44: =SUM(H12:H42) -> 39.09 | I44: =SUM(I12:I42) -> 1814.09 | J44: =SUM(J12:J42) -> 483.09288 | K44: =SUM(K12:K42) -> 2297.1829 | L44: =SUM(L12:L42) -> 377.93564 | M44: =SUM(M12:M42) -> 121.1 | ... O44: =SUM(O12:O42) -> 0 | Q44: =SUM(Q12:Q42) -> 48.0624 | R44: =SUM(R12:R42) -> 93.77 | S44: =SUM(S12:S42) -> 0.16 | T44: =SUM(T12:T42) -> -20.8924 | U44: =SUM(U12:U42) -> 0 | V44: =SUM(V12:V42) -> 0 | W44: =SUM(W12:W42) -> 0 | AD44: =SUM(AD12:AD42) -> 686 | AF44: =SUM(AF12:AF42) -> 807.1 | AG44: =SUM(AG12:AG42) -> 105.15724 | AH44: =SUM(AH12:AH42) -> 912.25724 | AI44: =SUM(AI12:AI42) -> 0.96 | AJ44: =AVERAGE(AJ12:AJ42) -> 38.677419 | AK44: =AVERAGE(AK12:AK42) -> 14.258065 | AL44: AVE | AM44: =SUM(AM12:AM42) -> 0
A45: MONTH / AF | D45: =SUM(D12:D42) -> 2747 | F45: =F44*$D$2 -> 2747 | G45: =G44*$D$2 -> 3520.7125 | H45: =H44*$D$2 -> 77.535015 | I45: =I44*$D$2 -> 3598.2475 | J45: =J44*$D$2 -> 958.21472 | K45: =K44*$D$2 -> 4556.4622 | L45: =L44*$D$2 -> 749.63534 | M45: =M44*$D$2 -> 240.20185 | ... O45: =O44*$D$2 -> 0 | Q45: =Q44*$D$2 -> 95.33177 | R45: =R44*$D$2 -> 185.9928 | S45: =S44*$D$2 -> 0.31736 | T45: =T44*$D$2 -> -41.440075 | U45: =U44*$D$2 -> 0 | V45: =V44*$D$2 -> 0 | W45: =W44*$D$2 -> 0 | AD45: =AD44*$D$2 -> 1360.681 | AF45: =AF44*$D$2 -> 1600.8828 | AG45: =AG44*$D$2 -> 208.57939 | AH45: =AH44*$D$2 -> 1809.4622 | AJ45: =MAX(AJ12:AJ42) -> 48 | AK45: =MAX(AK12:AK42) -> 32 | AL45: HI | AM45: =AM44*$D$2 -> 0
A47: SEASON / CFS | AJ47: =MIN(AJ12:AJ42) -> 25 | AK47: =MIN(AK12:AK42) -> -3 | AL47: LO
A48: SEASON / AF
A50: YTD / CFS | F50: =F10+F44 -> 2072.0948 | G50: =G10+G44 -> 9631 | H50: =H10+H44 -> 145.55 | I50: =I10+I44 -> 9776.55 | J50: =J10+J44 -> 899.96219 | K50: =K10+K44 -> 10676.512 | L50: =L10+L44 -> -312.65522 | M50: =M10+M44 -> 521.6 | ... O50: =O10+O44 -> 0 | Q50: =Q10+Q44 -> 146.6964 | R50: =R10+R44 -> 247.253 | S50: =S10+S44 -> 0.16 | T50: =T10+T44 -> -30.2868 | U50: =U10+U44 -> 4691 | V50: =V10+V44 -> 76.2 | W50: =W10+W44 -> 4447.81 | AD50: =AD10+AD44 -> 2103 | AE50: =AE42 -> 1716 | AF50: =AF10+AF44 -> 7391.8 | AG50: =AG10+AG44 -> 1212.6174 | AH50: =AH10+AH44 -> 8604.4174 | AI50: =AI10+AI44 -> 2.42 | AM50: =AM10+AM44 -> 0
A51: YTD / AF | D51: =D10+D45 -> 4110 | E51: =E42 -> 123031 | F51: =F50*$D$2 -> 4110 | G51: =G50*$D$2 -> 19103.089 | H51: =H50*$D$2 -> 288.69842 | I51: =I50*$D$2 -> 19391.787 | J51: =J50*$D$2 -> 1785.075 | K51: =K50*$D$2 -> 21176.862 | L51: =L50*$D$2 -> -620.15162 | M51: =M50*$D$2 -> 1034.5936 | ... O51: =O50*$D$2 -> 0 | Q51: =Q50*$D$2 -> 290.97231 | R51: =R50*$D$2 -> 490.42633 | S51: =S50*$D$2 -> 0.31736 | T51: =T50*$D$2 -> -60.073868 | U51: =U50*$D$2 -> 9304.5985 | V51: =V50*$D$2 -> 151.1427 | W51: =W50*$D$2 -> 8822.2311 | AD51: =AD50*$D$2 -> 4171.3005 | AE51: =AE50*$D$2 -> 3403.686 | AF51: =AF50*$D$2 -> 14661.635 | AG51: =AG50*$D$2 -> 2405.2266 | AH51: =AH50*$D$2 -> 17066.862 | AL51: =AL42 -> 8822.2364 | AM51: =AM50*$D$2 -> 0

Sheet FEB
K1: MCPHEE RESERVOIR INFLOW/OUTFLOW TABULATION
A2: AF/cfs CONVERT FACTOR | D2: 1.9835 | K2: FEBRUARY "2007"
D4: RESERVOIR | U4: INFLOW/OUTFLOW (CFS) | AJ4: WEATHER | AN4: ADJUSTMENTS
A5: DATE | B5: RESERV | C5: RESERV | D5: AC FT | E5: ACTIVE | F5: CONV TO | G5: DOLORES | H5: LOST | I5: RECORD | J5: CALC | K5: TOTAL | L5: CALC | M5: DOLORES TUNNEL | U5: LONE | V5: U | W5: TOTAL | X5: MVI | Y5: TO EX & | Z5: MVI | AA5: DV CR | AB5: D/S SENIOR | AD5: BELOW | AE5: FISH | AF5: RECORD | AG5: CALC | AH5: TOTAL | AI5: RAIN | AJ5: MAX | AK5: MIN | AL5: NAR | AM5: MVI | AN5: MVI | AO5: MVI | AP5: U/S | AQ5: TOTTEN
A6: FEB | B6: ELEV | C6: AC FT | D6: CHANGE | E6: CAP | F6: CFS | G6: RIVER | H6: CAN | I6: INFLOW | J6: INFLOW | K6: INFLOW | L6: INF/OTF | M6: TOT DIV | N6: WET | O6: UTE | P6: QUEST | Q6: MWC | R6: CTZ | S6: CTZ & | T6: F-BAY | U6: PINE | V6: LAT | W6: MVI | X6: CALL | Y6: U/S EX | Z6: PROJ | AA6: CANAL | AD6: MCP | AE6: LEFT | AF6: OTF | AG6: OTF | AH6: OTF | AJ6: TMP | AK6: TMP | AL6: CALL | AM6: STOCK | AN6: STORED | AO6: STORED | AP6: USERS | AQ6: (FRESH
E7: AC FT | N7: LAND | O7: F&R | S7: UTE | T7: SPILL | AM7: CFS | AN7: Apr-Jun | AO7: EVAP | AP7: EXCH | AQ7: WATER)
N8: 1.03 | O8: 1.05 | P8: 1.02 | Q8: 1.02 | R8: 1.04 | S8: PROJ | AO8: AC.FT
A9: SEASON BAL
A10: YTD | B10: =JAN!B42 -> 6897.66 | C10: =JAN!C42 -> 275031 | D10: =JAN!D51 -> 4110 | E10: =JAN!E51 -> 123031 | F10: =JAN!F50 -> 2072.0948 | G10: =JAN!G50 -> 9631 | H10: =JAN!H50 -> 145.55 | I10: =JAN!I50 -> 9776.55 | J10: =JAN!J50 -> 899.96219 | K10: =JAN!K50 -> 10676.512 | L10: =JAN!L50 -> -312.65522 | M10: =JAN!M50 -> 521.6 | ... O10: =JAN!O50 -> 0 | Q10: =JAN!Q50 -> 146.6964 | R10: =JAN!R50 -> 247.253 | S10: =JAN!S50 -> 0.16 | T10: =JAN!T50 -> -30.2868 | U10: =JAN!U50 -> 4691 | V10: =JAN!V50 -> 76.2 | W10: =JAN!W50 -> 4447.81 | AD10: =JAN!AD50 -> 2103 | AE10: =JAN!AE50 -> 1716 | AF10: =JAN!AF50 -> 7391.8 | AG10: =JAN!AG50 -> 1212.6174 | AH10: =JAN!AH50 -> 8604.4174 | AI10: =JAN!AI50 -> 2.42 | AL10: =JAN!AL51 -> 8822.2364 | AM10: =JAN!AM51 -> 0
A12: 1 | B12: 6897.68 | C12: 275103 | D12: =C12-C10 -> 72 | E12: =C12-152000 -> 123103 | F12: =D12/$D$2 -> 36.299471 | G12: 47 | H12: 2 | I12: =G12+H12 -> 49 | J12: =IF(L12>0,L12,0) -> 13.299471 | K12: =I12+J12 -> 62.299471 | L12: =F12-(I12-AF12) -> 13.299471 | M12: 4 | N12: 0 | O12: 0 | P12: 0 | Q12: =1.43*1.02 -> 1.4586 | R12: 3.48 | S12: 0 | T12: =M12-(Q12+R12+S12) -> -0.9386 | U12: 0 | V12: 0 | W12: =M12-N12-O12-P12-Q12-R12-S12-T12+U12+V12 -> 0 | AA12: 0 | AD12: 22 | AE12: =AE10-AD12 -> 1694 | AF12: =N12+O12+P12+Q12+R12+S12+T12+W12+AA12+AD12 -> 26 | AG12: =IF(L12<0,L12*-1,0) -> 0 | AH12: =AF12+AG12 -> 26 | AI12: 0 | AJ12: 26 | AK12: 0 | AL12: =AL10+(W12*1.9835) -> 8822.2364 | AM12: 0
A13: =A12+1 -> 2 | B13: 6897.7 | C13: 275175 | D13: =C13-C12 -> 72 | E13: =C13-152000 -> 123175 | F13: =D13/$D$2 -> 36.299471 | G13: 53 | H13: 1.6 | I13: =G13+H13 -> 54.6 | J13: =IF(L13>0,L13,0) -> 7.6994706 | K13: =I13+J13 -> 62.299471 | L13: =F13-(I13-AF13) -> 7.6994706 | M13: 4 | N13: 0 | O13: 0 | P13: 0 | Q13: =1.43*1.02 -> 1.4586 | R13: 3.6 | S13: 0 | T13: =M13-(Q13+R13+S13) -> -1.0586 | U13: 0 | V13: 0 | W13: =M13-N13-O13-P13-Q13-R13-S13-T13+U13+V13 -> 0 | AA13: 0 | AD13: 22 | AE13: =AE12-AD13 -> 1672 | AF13: =N13+O13+P13+Q13+R13+S13+T13+W13+AA13+AD13 -> 26 | AG13: =IF(L13<0,L13*-1,0) -> 0 | AH13: =AF13+AG13 -> 26 | AI13: 0 | AJ13: 26 | AK13: -4 | AL13: =AL12+(W13*1.9835) -> 8822.2364 | AM13: 0
A14: =A13+1 -> 3 | B14: 6897.73 | C14: 275284 | D14: =C14-C13 -> 109 | E14: =C14-152000 -> 123284 | F14: =D14/$D$2 -> 54.953365 | G14: 48 | H14: 1.4 | I14: =G14+H14 -> 49.4 | J14: =IF(L14>0,L14,0) -> 31.953365 | K14: =I14+J14 -> 81.353365 | L14: =F14-(I14-AF14) -> 31.953365 | M14: 4.4 | N14: 0 | O14: 0 | P14: 0 | Q14: =1.43*1.02 -> 1.4586 | R14: 3.59 | S14: 0 | T14: =M14-(Q14+R14+S14) -> -0.6486 | U14: 0 | V14: 0 | W14: =M14-N14-O14-P14-Q14-R14-S14-T14+U14+V14 -> 0 | AA14: 0 | AD14: 22 | AE14: =AE13-AD14 -> 1650 | AF14: =N14+O14+P14+Q14+R14+S14+T14+W14+AA14+AD14 -> 26.4 | AG14: =IF(L14<0,L14*-1,0) -> 0 | AH14: =AF14+AG14 -> 26.4 | AI14: 0 | AJ14: 38 | AK14: 5 | AL14: =AL13+(W14*1.9835) -> 8822.2364 | AM14: 0
A15: =A14+1 -> 4 | B15: 6897.77 | C15: 275429 | D15: =C15-C14 -> 145 | E15: =C15-152000 -> 123429 | F15: =D15/$D$2 -> 73.103101 | G15: 46 | H15: 1.3 | I15: =G15+H15 -> 47.3 | J15: =IF(L15>0,L15,0) -> 52.703101 | K15: =I15+J15 -> 100.0031 | L15: =F15-(I15-AF15) -> 52.703101 | M15: 4.9 | N15: 0 | O15: 0 | P15: 0 | Q15: =1.43*1.02 -> 1.4586 | R15: 3.74 | S15: 0 | T15: =M15-(Q15+R15+S15) -> -0.2986 | U15: 0 | V15: 0 | W15: =M15-N15-O15-P15-Q15-R15-S15-T15+U15+V15 -> 0 | AA15: 0 | AD15: 22 | AE15: =AE14-AD15 -> 1628 | AF15: =N15+O15+P15+Q15+R15+S15+T15+W15+AA15+AD15 -> 26.9 | AG15: =IF(L15<0,L15*-1,0) -> 0 | AH15: =AF15+AG15 -> 26.9 | AI15: 0 | AJ15: 43 | AK15: 14 | AL15: =AL14+(W15*1.9835) -> 8822.2364 | AM15: 0
A16: =A15+1 -> 5 | B16: 6897.77 | C16: 275429 | D16: =C16-C15 -> 0 | E16: =C16-152000 -> 123429 | F16: =D16/$D$2 -> 0 | G16: 45 | H16: 1.3 | I16: =G16+H16 -> 46.3 | J16: =IF(L16>0,L16,0) -> 0 | K16: =I16+J16 -> 46.3 | L16: =F16-(I16-AF16) -> -19.4 | M16: 4.9 | N16: 0 | O16: 0 | P16: 0 | Q16: =1.43*1.02 -> 1.4586 | R16: 3.51 | S16: 0 | T16: =M16-(Q16+R16+S16) -> -0.0686 | U16: 0 | V16: 0 | W16: =M16-N16-O16-P16-Q16-R16-S16-T16+U16+V16 -> 0 | AA16: 0 | AD16: 22 | AE16: =AE15-AD16 -> 1606 | AF16: =N16+O16+P16+Q16+R16+S16+T16+W16+AA16+AD16 -> 26.9 | AG16: =IF(L16<0,L16*-1,0) -> 19.4 | AH16: =AF16+AG16 -> 46.3 | AI16: 0 | AJ16: 50 | AK16: 20 | AL16: =AL15+(W16*1.9835) -> 8822.2364 | AM16: 0
A17: =A16+1 -> 6 | B17: 6897.78 | C17: 275465 | D17: =C17-C16 -> 36 | E17: =C17-152000 -> 123465 | F17: =D17/$D$2 -> 18.149735 | G17: 46 | H17: 1.5 | I17: =G17+H17 -> 47.5 | J17: =IF(L17>0,L17,0) -> 0 | K17: =I17+J17 -> 47.5 | L17: =F17-(I17-AF17) -> -2.4502647 | M17: 4.9 | N17: 0 | O17: 0 | P17: 0 | Q17: =1.43*1.02 -> 1.4586 | R17: 3.44 | S17: 0 | T17: =M17-(Q17+R17+S17) -> 0.0014 | U17: 0 | V17: 0 | W17: =M17-N17-O17-P17-Q17-R17-S17-T17+U17+V17 -> 4.4408921e-16 | AA17: 0 | AD17: 22 | AE17: =AE16-AD17 -> 1584 | AF17: =N17+O17+P17+Q17+R17+S17+T17+W17+AA17+AD17 -> 26.9 | AG17: =IF(L17<0,L17*-1,0) -> 2.4502647 | AH17: =AF17+AG17 -> 29.350265 | AI17: 0 | AJ17: 54 | AK17: 24 | AL17: =AL16+(W17*1.9835) -> 8822.2364 | AM17: 0
A18: =A17+1 -> 7 | B18: 6897.79 | C18: 275501 | D18: =C18-C17 -> 36 | E18: =C18-152000 -> 123501 | F18: =D18/$D$2 -> 18.149735 | G18: 63 | H18: 1.9 | I18: =G18+H18 -> 64.9 | J18: =IF(L18>0,L18,0) -> 0 | K18: =I18+J18 -> 64.9 | L18: =F18-(I18-AF18) -> -20.050265 | M18: 4.7 | N18: 0 | O18: 0 | P18: 0 | Q18: =1.43*1.02 -> 1.4586 | R18: 3.49 | S18: 0 | T18: =M18-(Q18+R18+S18) -> -0.2486 | U18: 0 | V18: 0 | W18: =M18-N18-O18-P18-Q18-R18-S18-T18+U18+V18 -> 0 | AA18: 0 | AD18: 22 | AE18: =AE17-AD18 -> 1562 | AF18: =N18+O18+P18+Q18+R18+S18+T18+W18+AA18+AD18 -> 26.7 | AG18: =IF(L18<0,L18*-1,0) -> 20.050265 | AH18: =AF18+AG18 -> 46.750265 | AI18: 0 | AJ18: 52 | AK18: 27 | AL18: =AL17+(W18*1.9835) -> 8822.2364 | AM18: 0
A19: =A18+1 -> 8 | B19: 6897.82 | C19: 275610 | D19: =C19-C18 -> 109 | E19: =C19-152000 -> 123610 | F19: =D19/$D$2 -> 54.953365 | G19: 99 | H19: 2.2 | I19: =G19+H19 -> 101.2 | J19: =IF(L19>0,L19,0) -> 0 | K19: =I19+J19 -> 101.2 | L19: =F19-(I19-AF19) -> -19.646635 | M19: 4.6 | N19: 0 | O19: 0 | P19: 0 | Q19: =1.43*1.02 -> 1.4586 | R19: 3.52 | S19: 0 | T19: =M19-(Q19+R19+S19) -> -0.3786 | U19: 0 | V19: 0 | W19: =M19-N19-O19-P19-Q19-R19-S19-T19+U19+V19 -> 0 | AA19: 0 | AD19: 22 | AE19: =AE18-AD19 -> 1540 | AF19: =N19+O19+P19+Q19+R19+S19+T19+W19+AA19+AD19 -> 26.6 | AG19: =IF(L19<0,L19*-1,0) -> 19.646635 | AH19: =AF19+AG19 -> 46.246635 | AI19: 0 | AJ19: 51 | AK19: 29 | AL19: =AL18+(W19*1.9835) -> 8822.2364 | AM19: 0
A20: =A19+1 -> 9 | B20: 6897.85 | C20: 275718 | D20: =C20-C19 -> 108 | E20: =C20-152000 -> 123718 | F20: =D20/$D$2 -> 54.449206 | G20: 99 | H20: 2.2 | I20: =G20+H20 -> 101.2 | J20: =IF(L20>0,L20,0) -> 0 | K20: =I20+J20 -> 101.2 | L20: =F20-(I20-AF20) -> -20.150794 | M20: 4.6 | N20: 0 | O20: 0 | P20: 0 | Q20: =1.43*1.02 -> 1.4586 | R20: 3.51 | S20: 0 | T20: =M20-(Q20+R20+S20) -> -0.3686 | U20: 0 | V20: 0 | W20: =M20-N20-O20-P20-Q20-R20-S20-T20+U20+V20 -> 0 | AA20: 0 | AD20: 22 | AE20: =AE19-AD20 -> 1518 | AF20: =N20+O20+P20+Q20+R20+S20+T20+W20+AA20+AD20 -> 26.6 | AG20: =IF(L20<0,L20*-1,0) -> 20.150794 | AH20: =AF20+AG20 -> 46.750794 | AI20: 0 | AJ20: 49 | AK20: 30 | AL20: =AL19+(W20*1.9835) -> 8822.2364 | AM20: 0
A21: =A20+1 -> 10 | B21: 6897.9 | C21: 275899 | D21: =C21-C20 -> 181 | E21: =C21-152000 -> 123899 | F21: =D21/$D$2 -> 91.252836 | G21: 82 | H21: 2.33 | I21: =G21+H21 -> 84.33 | J21: =IF(L21>0,L21,0) -> 33.522836 | K21: =I21+J21 -> 117.85284 | L21: =F21-(I21-AF21) -> 33.522836 | M21: 4.6 | N21: 0 | O21: 0 | P21: 0 | Q21: =1.43*1.02 -> 1.4586 | R21: 3.39 | S21: 0 | T21: =M21-(Q21+R21+S21) -> -0.2486 | U21: 0 | V21: 0 | W21: =M21-N21-O21-P21-Q21-R21-S21-T21+U21+V21 -> 0 | AA21: 0 | AD21: 22 | AE21: =AE20-AD21 -> 1496 | AF21: =N21+O21+P21+Q21+R21+S21+T21+W21+AA21+AD21 -> 26.6 | AG21: =IF(L21<0,L21*-1,0) -> 0 | AH21: =AF21+AG21 -> 26.6 | AI21: 0.12 | AJ21: 47 | AK21: 32 | AL21: =AL20+(W21*1.9835) -> 8822.2364 | AM21: 0
A22: =A21+1 -> 11 | B22: 6898 | C22: 276261 | D22: =C22-C21 -> 362 | E22: =C22-152000 -> 124261 | F22: =D22/$D$2 -> 182.50567 | G22: 69 | H22: 3 | I22: =G22+H22 -> 72 | J22: =IF(L22>0,L22,0) -> 138.10567 | K22: =I22+J22 -> 210.10567 | L22: =F22-(I22-AF22) -> 138.10567 | M22: 4.6 | N22: 0 | O22: 0 | P22: 0 | Q22: =1.43*1.02 -> 1.4586 | R22: 3.27 | S22: 0 | T22: =M22-(Q22+R22+S22) -> -0.1286 | U22: 0 | V22: 0 | W22: =M22-N22-O22-P22-Q22-R22-S22-T22+U22+V22 -> 0 | AA22: 0 | AD22: 23 | AE22: =AE21-AD22 -> 1473 | AF22: =N22+O22+P22+Q22+R22+S22+T22+W22+AA22+AD22 -> 27.6 | AG22: =IF(L22<0,L22*-1,0) -> 0 | AH22: =AF22+AG22 -> 27.6 | AI22: 0.61 | AJ22: 45 | AK22: 32 | AL22: =AL21+(W22*1.9835) -> 8822.2364 | AM22: 0
A23: =A22+1 -> 12 | B23: 6898.04 | C23: 276407 | D23: =C23-C22 -> 146 | E23: =C23-152000 -> 124407 | F23: =D23/$D$2 -> 73.60726 | G23: 64 | H23: 3.7 | I23: =G23+H23 -> 67.7 | J23: =IF(L23>0,L23,0) -> 32.50726 | K23: =I23+J23 -> 100.20726 | L23: =F23-(I23-AF23) -> 32.50726 | M23: 4.6 | N23: 0 | O23: 0 | P23: 0 | Q23: =1.43*1.02 -> 1.4586 | R23: 3.63 | S23: 0 | T23: =M23-(Q23+R23+S23) -> -0.4886 | U23: 0 | V23: 0 | W23: =M23-N23-O23-P23-Q23-R23-S23-T23+U23+V23 -> 0 | AA23: 0 | AD23: 22 | AE23: =AE22-AD23 -> 1451 | AF23: =N23+O23+P23+Q23+R23+S23+T23+W23+AA23+AD23 -> 26.6 | AG23: =IF(L23<0,L23*-1,0) -> 0 | AH23: =AF23+AG23 -> 26.6 | AI23: 0 | AJ23: 46 | AK23: 28 | AL23: =AL22+(W23*1.9835) -> 8822.2364 | AM23: 0
A24: =A23+1 -> 13 | B24: 6898.09 | C24: 276589 | D24: =C24-C23 -> 182 | E24: =C24-152000 -> 124589 | F24: =D24/$D$2 -> 91.756995 | G24: 75 | H24: 3.4 | I24: =G24+H24 -> 78.4 | J24: =IF(L24>0,L24,0) -> 41.256995 | K24: =I24+J24 -> 119.657 | L24: =F24-(I24-AF24) -> 41.256995 | M24: 4.9 | N24: 0 | O24: 0 | P24: 0 | Q24: =1.43*1.02 -> 1.4586 | R24: 3.21 | S24: 0 | T24: =M24-(Q24+R24+S24) -> 0.2314 | U24: 0 | V24: 0 | W24: =M24-N24-O24-P24-Q24-R24-S24-T24+U24+V24 -> 0 | AA24: 0 | AD24: 23 | AE24: =AE23-AD24 -> 1428 | AF24: =N24+O24+P24+Q24+R24+S24+T24+W24+AA24+AD24 -> 27.9 | AG24: =IF(L24<0,L24*-1,0) -> 0 | AH24: =AF24+AG24 -> 27.9 | AI24: 0.42 | AJ24: 40 | AK24: 18 | AL24: =AL23+(W24*1.9835) -> 8822.2364 | AM24: 0
... A38: =A37+1 -> 27 | B38: 6898.48 | C38: 278011 | D38: =C38-C37 -> 110 | E38: =C38-152000 -> 126011 | F38: =D38/$D$2 -> 55.457525 | G38: 52 | H38: 2.6 | I38: =G38+H38 -> 54.6 | J38: =IF(L38>0,L38,0) -> 29.957525 | K38: =I38+J38 -> 84.557525 | L38: =F38-(I38-AF38) -> 29.957525 | M38: 3.1 | N38: 0 | O38: 0 | P38: 0 | Q38: =1.43*1.02 -> 1.4586 | R38: 2.41 | S38: 0 | T38: =M38-(Q38+R38+S38) -> -0.7686 | U38: 0 | V38: 0 | W38: =M38-N38-O38-P38-Q38-R38-S38-T38+U38+V38 -> 0 | AA38: 0 | AD38: 26 | AE38: =AE37-AD38 -> 1108 | AF38: =N38+O38+P38+Q38+R38+S38+T38+W38+AA38+AD38 -> 29.1 | AG38: =IF(L38<0,L38*-1,0) -> 0 | AH38: =AF38+AG38 -> 29.1 | AI38: 0 | AJ38: 48 | AK38: 29 | AL38: =AL37+(W38*1.9835) -> 8822.2364 | AM38: 0
A39: 28 | B39: 6898.5 | C39: 278084 | D39: =C39-C38 -> 73 | E39: =C39-152000 -> 126084 | F39: =D39/$D$2 -> 36.80363 | G39: 57 | H39: 2.3 | I39: =G39+H39 -> 59.3 | J39: =IF(L39>0,L39,0) -> 6.6036299 | K39: =I39+J39 -> 65.90363 | L39: =F39-(I39-AF39) -> 6.6036299 | M39: 3.1 | N39: 0 | O39: 0 | P39: 0 | Q39: =1.43*1.02 -> 1.4586 | R39: 3.31 | S39: 0 | T39: =M39-(Q39+R39+S39) -> -1.6686 | U39: 0 | V39: 0 | W39: =M39-N39-O39-P39-Q39-R39-S39-T39+U39+V39 -> 0 | AA39: 0 | AD39: 26 | AE39: =AE38-AD39 -> 1082 | AF39: =N39+O39+P39+Q39+R39+S39+T39+W39+AA39+AD39 -> 29.1 | AG39: =IF(L39<0,L39*-1,0) -> 0 | AH39: =AF39+AG39 -> 29.1 | AI39: 0.19 | AJ39: 34 | AK39: 13 | AL39: =AL38+(W39*1.9835) -> 8822.2364 | AM39: 0
A41: MONTH / CFS | F41: =SUM(F12:F39) -> 1539.1984 | G41: =SUM(G12:G39) -> 1730 | H41: =SUM(H12:H39) -> 65.13 | I41: =SUM(I12:I39) -> 1795.13 | J41: =SUM(J12:J39) -> 597.75493 | K41: =SUM(K12:K39) -> 2392.8849 | L41: =SUM(L12:L39) -> 491.66839 | M41: =SUM(M12:M39) -> 113.6 | ... O41: =SUM(O12:O39) -> 0 | Q41: =SUM(Q12:Q39) -> 40.8408 | R41: =SUM(R12:R39) -> 87.7 | S41: =SUM(S12:S39) -> 0 | T41: =SUM(T12:T39) -> -14.9408 | U41: =SUM(U12:U39) -> 0 | V41: =SUM(V12:V39) -> 0 | W41: =SUM(W12:W39) -> 4.4408921e-16 | AD41: =SUM(AD12:AD39) -> 634 | AF41: =SUM(AF12:AF39) -> 747.6 | AG41: =SUM(AG12:AG39) -> 106.08654 | AH41: =SUM(AH12:AH39) -> 853.68654 | AI41: =SUM(AI12:AI39) -> 1.41 | AJ41: =AVERAGE(AJ12:AJ39) -> 43.785714 | AK41: =AVERAGE(AK12:AK39) -> 20.214286 | AL41: AVE | AM41: =SUM(AM12:AM39) -> 0
A42: MONTH / AF | D42: =SUM(D12:D39) -> 3053 | F42: =F41*$D$2 -> 3053 | G42: =G41*$D$2 -> 3431.455 | H42: =H41*$D$2 -> 129.18535 | I42: =I41*$D$2 -> 3560.6404 | J42: =J41*$D$2 -> 1185.6469 | K42: =K41*$D$2 -> 4746.2873 | L42: =L41*$D$2 -> 975.22424 | M42: =M41*$D$2 -> 225.3256 | ... O42: =O41*$D$2 -> 0 | Q42: =Q41*$D$2 -> 81.007727 | R42: =R41*$D$2 -> 173.95295 | S42: =S41*$D$2 -> 0 | T42: =T41*$D$2 -> -29.635077 | U42: =U41*$D$2 -> 0 | V42: =V41*$D$2 -> 0 | W42: =W41*$D$2 -> 8.8085095e-16 | AD42: =AD41*$D$2 -> 1257.539 | AF42: =AF41*$D$2 -> 1482.8646 | AG42: =AG41*$D$2 -> 210.42265 | AH42: =AH41*$D$2 -> 1693.2873 | AJ42: =MAX(AJ12:AJ39) -> 57 | AK42: =MAX(AK12:AK39) -> 32 | AL42: HI | AM42: =AM41*$D$2 -> 0
A44: SEASON / CFS | AJ44: =MIN(AJ12:AJ39) -> 26 | AK44: =MIN(AK12:AK39) -> -4 | AL44: LO
A45: SEASON / AF
A47: YTD / CFS | F47: =F10+F41 -> 3611.2932 | G47: =G10+G41 -> 11361 | H47: =H10+H41 -> 210.68 | I47: =I10+I41 -> 11571.68 | J47: =J10+J41 -> 1497.7171 | K47: =K10+K41 -> 13069.397 | L47: =L10+L41 -> 179.01317 | M47: =M10+M41 -> 635.2 | ... O47: =O10+O41 -> 0 | Q47: =Q10+Q41 -> 187.5372 | R47: =R10+R41 -> 334.953 | S47: =S10+S41 -> 0.16 | T47: =T10+T41 -> -45.2276 | U47: =U10+U41 -> 4691 | V47: =V10+V41 -> 76.2 | W47: =W10+W41 -> 4447.81 | AD47: =AD10+AD41 -> 2737 | AE47: =AE39 -> 1082 | AF47: =AF10+AF41 -> 8139.4 | AG47: =AG10+AG41 -> 1318.7039 | AH47: =AH10+AH41 -> 9458.1039 | AI47: =AI10+AI41 -> 3.83 | AM47: =AM10+AM41 -> 0
A48: YTD / AF | D48: =D10+D42 -> 7163 | E48: =E39 -> 126084 | F48: =F47*$D$2 -> 7163 | G48: =G47*$D$2 -> 22534.543 | H48: =H47*$D$2 -> 417.88378 | I48: =I47*$D$2 -> 22952.427 | J48: =J47*$D$2 -> 2970.7219 | K48: =K47*$D$2 -> 25923.149 | L48: =L47*$D$2 -> 355.07262 | M48: =M47*$D$2 -> 1259.9192 | ... O48: =O47*$D$2 -> 0 | Q48: =Q47*$D$2 -> 371.98004 | R48: =R47*$D$2 -> 664.37928 | S48: =S47*$D$2 -> 0.31736 | T48: =T47*$D$2 -> -89.708945 | U48: =U47*$D$2 -> 9304.5985 | V48: =V47*$D$2 -> 151.1427 | W48: =W47*$D$2 -> 8822.2311 | AD48: =AD47*$D$2 -> 5428.8395 | AE48: =AE47*$D$2 -> 2146.147 | AF48: =AF47*$D$2 -> 16144.5 | AG48: =AG47*$D$2 -> 2615.6493 | AH48: =AH47*$D$2 -> 18760.149 | AL48: =AL39 -> 8822.2364 | AM48: =AM47*$D$2 -> 0

Sheet MAR
K1: MCPHEE RESERVOIR INFLOW/OUTFLOW TABULATION
A2: AF/cfs CONVERT FACTOR | D2: 1.9835 | K2: MARCH "2007"
D4: RESERVOIR | U4: INFLOW/OUTFLOW (CFS) | AJ4: WEATHER | AN4: ADJUSTMENTS
A5: DATE | B5: RESERV | C5: RESERV | D5: AC FT | E5: ACTIVE | F5: CONV TO | G5: DOLORES | H5: LOST | I5: RECORD | J5: CALC | K5: TOTAL | L5: CALC | M5: DOLORES TUNNEL | U5: LONE | V5: U | W5: TOTAL | X5: MVI | Y5: TO EX & | Z5: MVI | AA5: DV CR | AB5: D/S SENIOR | AD5: BELOW | AE5: FISH | AF5: RECORD | AG5: CALC | AH5: TOTAL | AI5: RAIN | AJ5: MAX | AK5: MIN | AL5: NAR | AM5: MVI | AN5: MVI | AO5: MVI | AP5: U/S | AQ5: TOTTEN
A6: MAR | B6: ELEV | C6: AC FT | D6: CHANGE | E6: CAP | F6: CFS | G6: RIVER | H6: CAN | I6: INFLOW | J6: INFLOW | K6: INFLOW | L6: INF/OTF | M6: TOT DIV | N6: WET | O6: UTE | P6: QUEST | Q6: MWC | R6: CTZ | S6: CTZ & | T6: F-BAY | U6: PINE | V6: LAT | W6: MVI | X6: CALL | Y6: U/S EX | Z6: PROJ | AA6: CANAL | AD6: MCP | AE6: LEFT | AF6: OTF | AG6: OTF | AH6: OTF | AJ6: TMP | AK6: TMP | AL6: CALL | AM6: STOCK | AN6: STORED | AO6: STORED | AP6: USERS | AQ6: (FRESH
E7: AC FT | N7: LAND | O7: F&R | S7: UTE | T7: SPILL | AL7: AC.FT. | AM7: CFS | AN7: Apr-Jun | AO7: EVAP | AP7: EXCH | AQ7: WATER)
N8: 1.03 | O8: 1.05 | P8: 1.02 | Q8: 1.02 | R8: 1.04 | S8: PROJ | AO8: AC.FT.
A9: SEASON BAL
A10: YTD | B10: =FEB!B39 -> 6898.5 | C10: =FEB!C39 -> 278084 | D10: =FEB!D48 -> 7163 | E10: =FEB!E48 -> 126084 | F10: =FEB!F47 -> 3611.2932 | G10: =FEB!G47 -> 11361 | H10: =FEB!H47 -> 210.68 | I10: =FEB!I47 -> 11571.68 | J10: =FEB!J47 -> 1497.7171 | K10: =FEB!K47 -> 13069.397 | L10: =FEB!L47 -> 179.01317 | M10: =FEB!M47 -> 635.2 | ... O10: =FEB!O47 -> 0 | Q10: =FEB!Q47 -> 187.5372 | R10: =FEB!R47 -> 334.953 | S10: =FEB!S47 -> 0.16 | T10: =FEB!T47 -> -45.2276 | U10: =FEB!U47 -> 4691 | V10: =FEB!V47 -> 76.2 | W10: =FEB!W47 -> 4447.81 | AD10: =FEB!AD47 -> 2737 | AE10: =FEB!AE47 -> 1082 | AF10: =FEB!AF47 -> 8139.4 | AG10: =FEB!AG47 -> 1318.7039 | AH10: =FEB!AH47 -> 9458.1039 | AI10: =FEB!AI47 -> 3.83 | AL10: =FEB!AL48 -> 8822.2364 | AM10: =FEB!AM48 -> 0
A12: 1 | B12: 6898.51 | C12: 278120 | D12: =C12-C10 -> 36 | E12: =C12-152000 -> 126120 | F12: =D12/$D$2 -> 18.149735 | G12: 47 | H12: 2.2 | I12: =G12+H12 -> 49.2 | J12: =IF(L12>0,L12,0) -> 0 | K12: =I12+J12 -> 49.2 | L12: =F12-(I12-AF12) -> -1.9502647 | M12: 3.1 | N12: 0 | O12: 0 | P12: 0 | Q12: =1.44*1.02 -> 1.4688 | R12: 2.68 | S12: 0 | T12: =M12-(Q12+R12+S12) -> -1.0488 | U12: 0 | V12: 0 | W12: =M12-N12-O12-P12-Q12-R12-S12-T12+U12+V12 -> 0 | AA12: 0 | AD12: 26 | AE12: =AE10-AD12 -> 1056 | AF12: =N12+O12+P12+Q12+R12+S12+T12+W12+AA12+AD12 -> 29.1 | AG12: =IF(L12<0,L12*-1,0) -> 1.9502647 | AH12: =AF12+AG12 -> 31.050265 | AI12: 0.01 | AJ12: 28 | AK12: 0 | AL12: =AL10+(W12*1.9835) -> 8822.2364
A13: =A12+1 -> 2 | B13: 6898.51 | C13: 278120 | D13: =C13-C12 -> 0 | E13: =C13-152000 -> 126120 | F13: =D13/$D$2 -> 0 | G13: 47 | H13: 2.3 | I13: =G13+H13 -> 49.3 | J13: =IF(L13>0,L13,0) -> 0 | K13: =I13+J13 -> 49.3 | L13: =F13-(I13-AF13) -> -20.2 | M13: 3.1 | N13: 0 | O13: 0 | P13: 0 | Q13: =1.44*1.02 -> 1.4688 | R13: 3.09 | S13: 0 | T13: =M13-(Q13+R13+S13) -> -1.4588 | U13: 0 | V13: 0 | W13: =M13-N13-O13-P13-Q13-R13-S13-T13+U13+V13 -> 0 | AA13: 0 | AD13: 26 | AE13: =AE12-AD13 -> 1030 | AF13: =N13+O13+P13+Q13+R13+S13+T13+W13+AA13+AD13 -> 29.1 | AG13: =IF(L13<0,L13*-1,0) -> 20.2 | AH13: =AF13+AG13 -> 49.3 | AI13: 0 | AJ13: 31 | AK13: 6 | AL13: =AL12+(W13*1.9835) -> 8822.2364
A14: =A13+1 -> 3 | B14: 6898.52 | C14: 278156 | D14: =C14-C13 -> 36 | E14: =C14-152000 -> 126156 | F14: =D14/$D$2 -> 18.149735 | G14: 41 | H14: 2.2 | I14: =G14+H14 -> 43.2 | J14: =IF(L14>0,L14,0) -> 4.0497353 | K14: =I14+J14 -> 47.249735 | L14: =F14-(I14-AF14) -> 4.0497353 | M14: 3.1 | N14: 0 | O14: 0 | P14: 0 | Q14: =1.44*1.02 -> 1.4688 | R14: 2.44 | S14: 0 | T14: =M14-(Q14+R14+S14) -> -0.8088 | U14: 0 | V14: 0 | W14: =M14-N14-O14-P14-Q14-R14-S14-T14+U14+V14 -> 0 | AA14: 0 | AD14: 26 | AE14: =AE13-AD14 -> 1004 | AF14: =N14+O14+P14+Q14+R14+S14+T14+W14+AA14+AD14 -> 29.1 | AG14: =IF(L14<0,L14*-1,0) -> 0 | AH14: =AF14+AG14 -> 29.1 | AI14: 0 | AJ14: 33 | AK14: 11 | AL14: =AL13+(W14*1.9835) -> 8822.2364
A15: =A14+1 -> 4 | B15: 6898.54 | C15: 278229 | D15: =C15-C14 -> 73 | E15: =C15-152000 -> 126229 | F15: =D15/$D$2 -> 36.80363 | G15: 34 | H15: 2.1 | I15: =G15+H15 -> 36.1 | J15: =IF(L15>0,L15,0) -> 29.80363 | K15: =I15+J15 -> 65.90363 | L15: =F15-(I15-AF15) -> 29.80363 | M15: 3.1 | N15: 0 | O15: 0 | P15: 0 | Q15: =1.44*1.02 -> 1.4688 | R15: 2.78 | S15: 0 | T15: =M15-(Q15+R15+S15) -> -1.1488 | U15: 0 | V15: 0 | W15: =M15-N15-O15-P15-Q15-R15-S15-T15+U15+V15 -> 0 | AA15: 0 | AD15: 26 | AE15: =AE14-AD15 -> 978 | AF15: =N15+O15+P15+Q15+R15+S15+T15+W15+AA15+AD15 -> 29.1 | AG15: =IF(L15<0,L15*-1,0) -> 0 | AH15: =AF15+AG15 -> 29.1 | AI15: 0 | AJ15: 47 | AK15: 15 | AL15: =AL14+(W15*1.9835) -> 8822.2364
A16: =A15+1 -> 5 | B16: 6898.56 | C16: 278302 | D16: =C16-C15 -> 73 | E16: =C16-152000 -> 126302 | F16: =D16/$D$2 -> 36.80363 | G16: 38 | H16: 2.2 | I16: =G16+H16 -> 40.2 | J16: =IF(L16>0,L16,0) -> 25.70363 | K16: =I16+J16 -> 65.90363 | L16: =F16-(I16-AF16) -> 25.70363 | M16: 3.1 | N16: 0 | O16: 0 | P16: 0 | Q16: =1.44*1.02 -> 1.4688 | R16: 3 | S16: 0 | T16: =M16-(Q16+R16+S16) -> -1.3688 | U16: 0 | V16: 0 | W16: =M16-N16-O16-P16-Q16-R16-S16-T16+U16+V16 -> 0 | AA16: 0 | AD16: 26 | AE16: =AE15-AD16 -> 952 | AF16: =N16+O16+P16+Q16+R16+S16+T16+W16+AA16+AD16 -> 29.1 | AG16: =IF(L16<0,L16*-1,0) -> 0 | AH16: =AF16+AG16 -> 29.1 | AI16: 0 | AJ16: 56 | AK16: 25 | AL16: =AL15+(W16*1.9835) -> 8822.2364
A17: =A16+1 -> 6 | B17: 6898.6 | C17: 278448 | D17: =C17-C16 -> 146 | E17: =C17-152000 -> 126448 | F17: =D17/$D$2 -> 73.60726 | G17: 59 | H17: 2.8 | I17: =G17+H17 -> 61.8 | J17: =IF(L17>0,L17,0) -> 40.90726 | K17: =I17+J17 -> 102.70726 | L17: =F17-(I17-AF17) -> 40.90726 | M17: 3.1 | N17: 0 | O17: 0 | P17: 0 | Q17: =1.44*1.02 -> 1.4688 | R17: 3.07 | S17: 0 | T17: =M17-(Q17+R17+S17) -> -1.4388 | U17: 0 | V17: 0 | W17: =M17-N17-O17-P17-Q17-R17-S17-T17+U17+V17 -> 0 | AA17: 0 | AD17: 26 | AE17: =AE16-AD17 -> 926 | AF17: =N17+O17+P17+Q17+R17+S17+T17+W17+AA17+AD17 -> 29.1 | AG17: =IF(L17<0,L17*-1,0) -> 0 | AH17: =AF17+AG17 -> 29.1 | AI17: 0 | AJ17: 55 | AK17: 26 | AL17: =AL16+(W17*1.9835) -> 8822.2364
A18: =A17+1 -> 7 | B18: 6898.65 | C18: 278630 | D18: =C18-C17 -> 182 | E18: =C18-152000 -> 126630 | F18: =D18/$D$2 -> 91.756995 | G18: 82 | H18: 3.7 | I18: =G18+H18 -> 85.7 | J18: =IF(L18>0,L18,0) -> 35.156995 | K18: =I18+J18 -> 120.857 | L18: =F18-(I18-AF18) -> 35.156995 | M18: 3.1 | N18: 0 | O18: 0 | P18: 0 | Q18: =1.44*1.02 -> 1.4688 | R18: 3.39 | S18: 0 | T18: =M18-(Q18+R18+S18) -> -1.7588 | U18: 0 | V18: 0 | W18: =M18-N18-O18-P18-Q18-R18-S18-T18+U18+V18 -> 0 | AA18: 0 | AD18: 26 | AE18: =AE17-AD18 -> 900 | AF18: =N18+O18+P18+Q18+R18+S18+T18+W18+AA18+AD18 -> 29.1 | AG18: =IF(L18<0,L18*-1,0) -> 0 | AH18: =AF18+AG18 -> 29.1 | AI18: 0 | AJ18: 57 | AK18: 27 | AL18: =AL17+(W18*1.9835) -> 8822.2364
A19: =A18+1 -> 8 | B19: 6898.73 | C19: 278922 | D19: =C19-C18 -> 292 | E19: =C19-152000 -> 126922 | F19: =D19/$D$2 -> 147.21452 | G19: 95 | H19: 5.3 | I19: =G19+H19 -> 100.3 | J19: =IF(L19>0,L19,0) -> 76.01452 | K19: =I19+J19 -> 176.31452 | L19: =F19-(I19-AF19) -> 76.01452 | M19: 3.1 | N19: 0 | O19: 0 | P19: 0 | Q19: =1.44*1.02 -> 1.4688 | R19: 3.8 | S19: 0 | T19: =M19-(Q19+R19+S19) -> -2.1688 | U19: 0 | V19: 0 | W19: =M19-N19-O19-P19-Q19-R19-S19-T19+U19+V19 -> 0 | AA19: 0 | AD19: 26 | AE19: =AE18-AD19 -> 874 | AF19: =N19+O19+P19+Q19+R19+S19+T19+W19+AA19+AD19 -> 29.1 | AG19: =IF(L19<0,L19*-1,0) -> 0 | AH19: =AF19+AG19 -> 29.1 | AI19: 0.29 | AJ19: 52 | AK19: 31 | AL19: =AL18+(W19*1.9835) -> 8822.2364
A20: =A19+1 -> 9 | B20: 6898.81 | C20: 279214 | D20: =C20-C19 -> 292 | E20: =C20-152000 -> 127214 | F20: =D20/$D$2 -> 147.21452 | G20: 133 | H20: 6.5 | I20: =G20+H20 -> 139.5 | J20: =IF(L20>0,L20,0) -> 36.91452 | K20: =I20+J20 -> 176.41452 | L20: =F20-(I20-AF20) -> 36.91452 | M20: 3.2 | N20: 0 | O20: 0 | P20: 0 | Q20: =1.44*1.02 -> 1.4688 | R20: 2.59 | S20: 0 | T20: =M20-(Q20+R20+S20) -> -0.8588 | U20: 0 | V20: 0 | W20: =M20-N20-O20-P20-Q20-R20-S20-T20+U20+V20 -> 0 | AA20: 0 | AD20: 26 | AE20: =AE19-AD20 -> 848 | AF20: =N20+O20+P20+Q20+R20+S20+T20+W20+AA20+AD20 -> 29.2 | AG20: =IF(L20<0,L20*-1,0) -> 0 | AH20: =AF20+AG20 -> 29.2 | AI20: 0 | AJ20: 56 | AK20: 30 | AL20: =AL19+(W20*1.9835) -> 8822.2364
A21: =A20+1 -> 10 | B21: 6898.9 | C21: 279542 | D21: =C21-C20 -> 328 | E21: =C21-152000 -> 127542 | F21: =D21/$D$2 -> 165.36426 | G21: 119 | H21: 6.6 | I21: =G21+H21 -> 125.6 | J21: =IF(L21>0,L21,0) -> 69.264255 | K21: =I21+J21 -> 194.86426 | L21: =F21-(I21-AF21) -> 69.264255 | M21: 3.5 | N21: 0 | O21: 0 | P21: 0 | Q21: =1.44*1.02 -> 1.4688 | R21: 2.52 | S21: 0 | T21: =M21-(Q21+R21+S21) -> -0.4888 | U21: 0 | V21: 0 | W21: =M21-N21-O21-P21-Q21-R21-S21-T21+U21+V21 -> 0 | AA21: 0 | AD21: 26 | AE21: =AE20-AD21 -> 822 | AF21: =N21+O21+P21+Q21+R21+S21+T21+W21+AA21+AD21 -> 29.5 | AG21: =IF(L21<0,L21*-1,0) -> 0 | AH21: =AF21+AG21 -> 29.5 | AI21: 0 | AJ21: 54 | AK21: 35 | AL21: =AL20+(W21*1.9835) -> 8822.2364
A22: =A21+1 -> 11 | B22: 6899.05 | C22: 280090 | D22: =C22-C21 -> 548 | E22: =C22-152000 -> 128090 | F22: =D22/$D$2 -> 276.2793 | G22: 111 | H22: 8 | I22: =G22+H22 -> 119 | J22: =IF(L22>0,L22,0) -> 186.9793 | K22: =I22+J22 -> 305.9793 | L22: =F22-(I22-AF22) -> 186.9793 | M22: 3.7 | N22: 0 | O22: 0 | P22: 0 | Q22: =1.44*1.02 -> 1.4688 | R22: 3.28 | S22: 0 | T22: =M22-(Q22+R22+S22) -> -1.0488 | U22: 0 | V22: 0 | W22: =M22-N22-O22-P22-Q22-R22-S22-T22+U22+V22 -> 0 | AA22: 0 | AD22: 26 | AE22: =AE21-AD22 -> 796 | AF22: =N22+O22+P22+Q22+R22+S22+T22+W22+AA22+AD22 -> 29.7 | AG22: =IF(L22<0,L22*-1,0) -> 0 | AH22: =AF22+AG22 -> 29.7 | AI22: 0 | AJ22: 59 | AK22: 35 | AL22: =AL21+(W22*1.9835) -> 8822.2364
A23: =A22+1 -> 12 | B23: 6899.26 | C23: 280861 | D23: =C23-C22 -> 771 | E23: =C23-152000 -> 128861 | F23: =D23/$D$2 -> 388.70683 | G23: 133 | H23: 10 | I23: =G23+H23 -> 143 | J23: =IF(L23>0,L23,0) -> 275.40683 | K23: =I23+J23 -> 418.40683 | L23: =F23-(I23-AF23) -> 275.40683 | M23: 3.7 | N23: 0 | O23: 0 | P23: 0 | Q23: =1.44*1.02 -> 1.4688 | R23: 3.05 | S23: 0 | T23: =M23-(Q23+R23+S23) -> -0.8188 | U23: 0 | V23: 0 | W23: =M23-N23-O23-P23-Q23-R23-S23-T23+U23+V23 -> 0 | AA23: 0 | AD23: 26 | AE23: =AE22-AD23 -> 770 | AF23: =N23+O23+P23+Q23+R23+S23+T23+W23+AA23+AD23 -> 29.7 | AG23: =IF(L23<0,L23*-1,0) -> 0 | AH23: =AF23+AG23 -> 29.7 | AI23: 0 | AJ23: 66 | AK23: 34 | AL23: =AL22+(W23*1.9835) -> 8822.2364
A24: =A23+1 -> 13 | B24: 6899.57 | C24: 282000 | D24: =C24-C23 -> 1139 | E24: =C24-152000 -> 130000 | F24: =D24/$D$2 -> 574.23746 | G24: 225 | H24: 13 | I24: =G24+H24 -> 238 | J24: =IF(L24>0,L24,0) -> 366.03746 | K24: =I24+J24 -> 604.03746 | L24: =F24-(I24-AF24) -> 366.03746 | M24: 3.8 | N24: 0 | O24: 0 | P24: 0 | Q24: =1.44*1.02 -> 1.4688 | R24: 2.51 | S24: 0 | T24: =M24-(Q24+R24+S24) -> -0.1788 | U24: 0 | V24: 0 | W24: =M24-N24-O24-P24-Q24-R24-S24-T24+U24+V24 -> 0 | AA24: 0 | AD24: 26 | AE24: =AE23-AD24 -> 744 | AF24: =N24+O24+P24+Q24+R24+S24+T24+W24+AA24+AD24 -> 29.8 | AG24: =IF(L24<0,L24*-1,0) -> 0 | AH24: =AF24+AG24 -> 29.8 | AI24: 0 | AJ24: 69 | AK24: 33 | AL24: =AL23+(W24*1.9835) -> 8822.2364
A25: =A24+1 -> 14 | B25: 6899.98 | C25: 283506 | D25: =C25-C24 -> 1506 | E25: =C25-152000 -> 131506 | F25: =D25/$D$2 -> 759.26393 | G25: 306 | H25: 17 | I25: =G25+H25 -> 323 | J25: =IF(L25>0,L25,0) -> 466.06393 | K25: =I25+J25 -> 789.06393 | L25: =F25-(I25-AF25) -> 466.06393 | M25: 3.8 | N25: 0 | O25: 0 | P25: 0 | Q25: =1.44*1.02 -> 1.4688 | R25: 3.2 | S25: 0 | T25: =M25-(Q25+R25+S25) -> -0.8688 | U25: 0 | V25: 0 | W25: =M25-N25-O25-P25-Q25-R25-S25-T25+U25+V25 -> 0 | AA25: 0 | AD25: 26 | AE25: =AE24-AD25 -> 718 | AF25: =N25+O25+P25+Q25+R25+S25+T25+W25+AA25+AD25 -> 29.8 | AG25: =IF(L25<0,L25*-1,0) -> 0 | AH25: =AF25+AG25 -> 29.8 | AI25: 0 | AJ25: 67 | AK25: 36 | AL25: =AL24+(W25*1.9835) -> 8822.2364
A26: =A25+1 -> 15 | B26: 6900.44 | C26: 285209 | D26: =C26-C25 -> 1703 | E26: =C26-152000 -> 133209 | F26: =D26/$D$2 -> 858.58331 | G26: 422 | H26: 63 | I26: =G26+H26 -> 485 | J26: =IF(L26>0,L26,0) -> 458.38331 | K26: =I26+J26 -> 943.38331 | L26: =F26-(I26-AF26) -> 458.38331 | M26: 3.8 | N26: 0 | O26: 0 | P26: 0 | Q26: =1.44*1.02 -> 1.4688 | R26: 3.21 | S26: 0 | T26: =M26-(Q26+R26+S26) -> -0.8788 | U26: 49 | V26: 0 | W26: =M26-N26-O26-P26-Q26-R26-S26-T26+U26+V26 -> 49 | AA26: 0 | AD26: 32 | AE26: =AE25-AD26 -> 686 | AF26: =N26+O26+P26+Q26+R26+S26+T26+W26+AA26+AD26 -> 84.8 | AG26: =IF(L26<0,L26*-1,0) -> 0 | AH26: =AF26+AG26 -> 84.8 | AI26: 0 | AJ26: 67 | AK26: 35 | AL26: =AL25+(U26*1.9835) -> 8919.4279
A27: =A26+1 -> 16 | B27: 6900.92 | C27: 286986 | D27: =C27-C26 -> 1777 | E27: =C27-152000 -> 134986 | F27: =D27/$D$2 -> 895.8911 | G27: 529 | H27: 107 | I27: =G27+H27 -> 636 | J27: =IF(L27>0,L27,0) -> 400.8911 | K27: =I27+J27 -> 1036.8911 | L27: =F27-(I27-AF27) -> 400.8911 | M27: 4 | N27: 0 | O27: 0 | P27: 0 | Q27: =1.44*1.02 -> 1.4688 | R27: 2.1 | S27: 0 | T27: =M27-(Q27+R27+S27) -> 0.4312 | U27: 96 | V27: 0 | W27: =M27-N27-O27-P27-Q27-R27-S27-T27+U27+V27 -> 96 | AA27: 0 | AD27: 41 | AE27: =AE26-AD27 -> 645 | AF27: =N27+O27+P27+Q27+R27+S27+T27+W27+AA27+AD27 -> 141 | AG27: =IF(L27<0,L27*-1,0) -> 0 | AH27: =AF27+AG27 -> 141 | AI27: 0 | AJ27: 66 | AK27: 30 | AL27: =AL26+(U27*1.9835) -> 9109.8439
A28: 17 | B28: 6901.4 | C28: 288775 | D28: =C28-C27 -> 1789 | E28: =C28-152000 -> 136775 | F28: =D28/$D$2 -> 901.94101 | G28: 624 | H28: 138 | I28: =G28+H28 -> 762 | J28: =IF(L28>0,L28,0) -> 280.84101 | K28: =I28+J28 -> 1042.841 | L28: =F28-(I28-AF28) -> 280.84101 | M28: 3.9 | N28: 0 | O28: 0 | P28: 0 | Q28: =1.44*1.02 -> 1.4688 | R28: 2.54 | S28: 0 | T28: =M28-(Q28+R28+S28) -> -0.1088 | U28: 96 | V28: 0 | W28: =M28-N28-O28-P28-Q28-R28-S28-T28+U28+V28 -> 96 | AA28: 0 | AD28: 41 | AE28: =AE27-AD28 -> 604 | AF28: =N28+O28+P28+Q28+R28+S28+T28+W28+AA28+AD28 -> 140.9 | AG28: =IF(L28<0,L28*-1,0) -> 0 | AH28: =AF28+AG28 -> 140.9 | AI28: 0 | AJ28: 70 | AK28: 34 | AL28: =AL27+(U28*1.9835) -> 9300.2599
A29: =A28+1 -> 18 | B29: 6902.01 | C29: 291052 | D29: =C29-C28 -> 2277 | E29: =C29-152000 -> 139052 | F29: =D29/$D$2 -> 1147.9708 | G29: 743 | H29: 164 | I29: =G29+H29 -> 907 | J29: =IF(L29>0,L29,0) -> 382.67076 | K29: =I29+J29 -> 1289.6708 | L29: =F29-(I29-AF29) -> 382.67076 | M29: 3.7 | N29: 0 | O29: 0 | P29: 0 | Q29: =1.44*1.02 -> 1.4688 | R29: 2.22 | S29: 0 | T29: =M29-(Q29+R29+S29) -> 0.0112 | U29: 97 | V29: 0 | W29: =M29-N29-O29-P29-Q29-R29-S29-T29+U29+V29 -> 97 | AA29: 0 | AD29: 41 | AE29: =AE28-AD29 -> 563 | AF29: =N29+O29+P29+Q29+R29+S29+T29+W29+AA29+AD29 -> 141.7 | AG29: =IF(L29<0,L29*-1,0) -> 0 | AH29: =AF29+AG29 -> 141.7 | AI29: 0 | AJ29: 69 | AK29: 36 | AL29: =AL28+(U29*1.9835) -> 9492.6594
A30: =A29+1 -> 19 | B30: 6902.54 | C30: 293046 | D30: =C30-C29 -> 1994 | E30: =C30-152000 -> 141046 | F30: =D30/$D$2 -> 1005.2937 | G30: 777 | H30: 167 | I30: =G30+H30 -> 944 | J30: =IF(L30>0,L30,0) -> 211.29367 | K30: =I30+J30 -> 1155.2937 | L30: =F30-(I30-AF30) -> 211.29367 | M30: 12 | N30: 0 | O30: 0 | P30: 0 | Q30: =1.44*1.02 -> 1.4688 | R30: 2.27 | S30: 0 | T30: 0 | U30: 97 | V30: 0 | W30: =M30-N30-O30-P30-Q30-R30-S30-T30+U30+V30 -> 105.2612 | AA30: 0 | AD30: 41 | AE30: =AE29-AD30 -> 522 | AF30: =N30+O30+P30+Q30+R30+S30+T30+W30+AA30+AD30 -> 150 | AG30: =IF(L30<0,L30*-1,0) -> 0 | AH30: =AF30+AG30 -> 150 | AI30: 0 | AJ30: 67 | AK30: 36 | AL30: =AL29+(U30*1.9835) -> 9685.0589
A31: =A30+1 -> 20 | B31: 6903 | C31: 294777 | D31: =C31-C30 -> 1731 | E31: =C31-152000 -> 142777 | F31: =D31/$D$2 -> 872.69977 | G31: 695 | H31: 93 | I31: =G31+H31 -> 788 | J31: =IF(L31>0,L31,0) -> 245.69977 | K31: =I31+J31 -> 1033.6998 | L31: =F31-(I31-AF31) -> 245.69977 | M31: 23 | N31: 0 | O31: 0 | P31: 0 | Q31: =1.44*1.02 -> 1.4688 | R31: 2.19 | S31: 0 | T31: 0 | U31: 97 | V31: 0 | W31: =M31-N31-O31-P31-Q31-R31-S31-T31+U31+V31 -> 116.3412 | AA31: 0 | AD31: 41 | AE31: =AE30-AD31 -> 481 | AF31: =N31+O31+P31+Q31+R31+S31+T31+W31+AA31+AD31 -> 161 | AG31: =IF(L31<0,L31*-1,0) -> 0 | AH31: =AF31+AG31 -> 161 | AI31: 0 | AJ31: 62 | AK31: 34 | AL31: =AL30+(U31*1.9835) -> 9877.4584
A32: =A31+1 -> 21 | B32: 6903.64 | C32: 297205 | D32: =C32-C31 -> 2428 | E32: =C32-152000 -> 145205 | F32: =D32/$D$2 -> 1224.0988 | G32: 716 | H32: 76 | I32: =G32+H32 -> 792 | J32: =IF(L32>0,L32,0) -> 594.09882 | K32: =I32+J32 -> 1386.0988 | L32: =F32-(I32-AF32) -> 594.09882 | M32: 22 | N32: 0 | O32: 0 | P32: 0 | Q32: =1.44*1.02 -> 1.4688 | R32: 2.33 | S32: 0 | T32: 0 | U32: 98 | V32: 0 | W32: =M32-N32-O32-P32-Q32-R32-S32-T32+U32+V32 -> 116.2012 | AA32: 0 | AD32: 42 | AE32: =AE31-AD32 -> 439 | AF32: =N32+O32+P32+Q32+R32+S32+T32+W32+AA32+AD32 -> 162 | AG32: =IF(L32<0,L32*-1,0) -> 0 | AH32: =AF32+AG32 -> 162 | AI32: 0.05 | AJ32: 58 | AK32: 40 | AL32: =AL31+(U32*1.9835) -> 10071.841
A33: =A32+1 -> 22 | B33: 6903.99 | C33: 298533 | D33: =C33-C32 -> 1328 | E33: =C33-152000 -> 146533 | F33: =D33/$D$2 -> 669.52357 | G33: 645 | H33: 59 | I33: =G33+H33 -> 704 | J33: =IF(L33>0,L33,0) -> 92.523569 | K33: =I33+J33 -> 796.52357 | L33: =F33-(I33-AF33) -> 92.523569 | M33: 34 | N33: 0 | O33: 0 | P33: 0 | Q33: =1.44*1.02 -> 1.4688 | R33: 2.48 | S33: 0 | T33: 0 | U33: 54 | V33: 0 | W33: =M33-N33-O33-P33-Q33-R33-S33-T33+U33+V33 -> 84.0512 | AA33: 0 | AD33: 39 | AE33: =AE32-AD33 -> 400 | AF33: =N33+O33+P33+Q33+R33+S33+T33+W33+AA33+AD33 -> 127 | AG33: =IF(L33<0,L33*-1,0) -> 0 | AH33: =AF33+AG33 -> 127 | AI33: 0 | AJ33: 54 | AK33: 37 | AL33: =AL32+(U33*1.9835) -> 10178.95
A34: =A33+1 -> 23 | B34: 6904.41 | C34: 300139 | D34: =C34-C33 -> 1606 | E34: =C34-152000 -> 148139 | F34: =D34/$D$2 -> 809.67986 | G34: 633 | H34: 64 | I34: =G34+H34 -> 697 | J34: =IF(L34>0,L34,0) -> 155.57986 | K34: =I34+J34 -> 852.57986 | L34: =F34-(I34-AF34) -> 155.57986 | M34: 5.9 | N34: 0 | O34: 0 | P34: 0 | Q34: =1.44*1.02 -> 1.4688 | R34: 2.71 | S34: 0 | T34: 0 | U34: 0 | V34: 0 | W34: =M34-N34-O34-P34-Q34-R34-S34-T34+U34+V34 -> 1.7212 | AA34: 0 | AD34: 37 | AE34: =AE33-AD34 -> 363 | AF34: =N34+O34+P34+Q34+R34+S34+T34+W34+AA34+AD34 -> 42.9 | AG34: =IF(L34<0,L34*-1,0) -> 0 | AH34: =AF34+AG34 -> 42.9 | AI34: 0.05 | AJ34: 58 | AK34: 37 | AL34: =AL33+(U34*1.9835) -> 10178.95
A35: =A34+1 -> 24 | B35: 6904.85 | C35: 301822 | D35: =C35-C34 -> 1683 | E35: =C35-152000 -> 149822 | F35: =D35/$D$2 -> 848.50013 | G35: 528 | H35: 51 | I35: =G35+H35 -> 579 | J35: =IF(L35>0,L35,0) -> 313.40013 | K35: =I35+J35 -> 892.40013 | L35: =F35-(I35-AF35) -> 313.40013 | M35: 5.9 | N35: 0 | O35: 0 | P35: 0 | Q35: =1.44*1.02 -> 1.4688 | R35: 2.57 | S35: 0 | T35: 0 | U35: 0 | V35: 0 | W35: =M35-N35-O35-P35-Q35-R35-S35-T35+U35+V35 -> 1.8612 | AA35: 0 | AD35: 38 | AE35: =AE34-AD35 -> 325 | AF35: =N35+O35+P35+Q35+R35+S35+T35+W35+AA35+AD35 -> 43.9 | AG35: =IF(L35<0,L35*-1,0) -> 0 | AH35: =AF35+AG35 -> 43.9 | AI35: 0.22 | AJ35: 47 | AK35: 34 | AL35: =AL34+(U35*1.9835)-(AM35*1.9835) -> 10160.901 | AM35: 9.1
A36: =A35+1 -> 25 | B36: 6905.17 | C36: 303051 | D36: =C36-C35 -> 1229 | E36: =C36-152000 -> 151051 | F36: =D36/$D$2 -> 619.6118 | G36: 489 | H36: 45 | I36: =G36+H36 -> 534 | J36: =IF(L36>0,L36,0) -> 129.5118 | K36: =I36+J36 -> 663.5118 | L36: =F36-(I36-AF36) -> 129.5118 | M36: 5.9 | N36: 0 | O36: 0 | P36: 0 | Q36: =1.44*1.02 -> 1.4688 | R36: 2.58 | S36: 0 | T36: 0 | U36: 0 | V36: 0 | W36: =M36-N36-O36-P36-Q36-R36-S36-T36+U36+V36 -> 1.8512 | AA36: 0 | AD36: 38 | AE36: =AE35-AD36 -> 287 | AF36: =N36+O36+P36+Q36+R36+S36+T36+W36+AA36+AD36 -> 43.9 | AG36: =IF(L36<0,L36*-1,0) -> 0 | AH36: =AF36+AG36 -> 43.9 | AI36: 0 | AJ36: 58 | AK36: 37 | AL36: =AL35+(U36*1.9835)-(AM36*1.9835) -> 10126.784 | AM36: 17.2
A37: =A36+1 -> 26 | B37: 6905.49 | C37: 304285 | D37: =C37-C36 -> 1234 | E37: =C37-152000 -> 152285 | F37: =D37/$D$2 -> 622.13259 | G37: 490 | H37: 41 | I37: =G37+H37 -> 531 | J37: =IF(L37>0,L37,0) -> 182.33259 | K37: =I37+J37 -> 713.33259 | L37: =F37-(I37-AF37) -> 182.33259 | M37: 47 | N37: 0 | O37: 2.7 | P37: 0 | Q37: =1.44*1.02 -> 1.4688 | R37: 2.53 | S37: 0 | T37: 0 | U37: 0 | V37: 6.2 | W37: =M37-N37-O37-P37-Q37-R37-S37-T37+U37+V37 -> 46.5012 | AA37: 0 | AD37: 38 | AE37: =AE36-AD37 -> 249 | AF37: =N37+O37+P37+Q37+R37+S37+T37+W37+AA37+AD37 -> 91.2 | AG37: =IF(L37<0,L37*-1,0) -> 0 | AH37: =AF37+AG37 -> 91.2 | AI37: 0 | AJ37: 62 | AK37: 34 | AL37: =AL36+(U37*1.9835)-(17.2*1.9835) -> 10092.668 | AM37: =17.2+W37 -> 63.7012
A38: =A37+1 -> 27 | B38: 6905.82 | C38: 305557 | D38: =C38-C37 -> 1272 | E38: =C38-152000 -> 153557 | F38: =D38/$D$2 -> 641.29065 | G38: 569 | H38: 26 | I38: =G38+H38 -> 595 | J38: =IF(L38>0,L38,0) -> 155.39065 | K38: =I38+J38 -> 750.39065 | L38: =F38-(I38-AF38) -> 155.39065 | M38: 63 | N38: 0 | O38: =(10+9.2)*1.05 -> 20.16 | P38: 0 | Q38: =1.44*1.02 -> 1.4688 | R38: 2.53 | S38: 0 | T38: 0 | U38: 0 | V38: 9.1 | W38: =M38-N38-O38-P38-Q38-R38-S38-T38+U38+V38 -> 47.9412 | AA38: 0 | AD38: 37 | AE38: =AE37-AD38 -> 212 | AF38: =N38+O38+P38+Q38+R38+S38+T38+W38+AA38+AD38 -> 109.1 | AG38: =IF(L38<0,L38*-1,0) -> 0 | AH38: =AF38+AG38 -> 109.1 | AI38: 0 | AJ38: 66 | AK38: 37 | AL38: =AL37+(U38*1.9835)-(17.2*1.9835) -> 10058.552 | AM38: =17.2+W38 -> 65.1412
A39: =A38+1 -> 28 | B39: 6906.22 | C39: 307106 | D39: =C39-C38 -> 1549 | E39: =C39-152000 -> 155106 | F39: =D39/$D$2 -> 780.94278 | G39: 623 | H39: 44 | I39: =G39+H39 -> 667 | J39: =IF(L39>0,L39,0) -> 213.64278 | K39: =I39+J39 -> 880.64278 | L39: =F39-(I39-AF39) -> 213.64278 | M39: 53 | N39: 0 | O39: =(12+12)*1.05 -> 25.2 | P39: 0 | Q39: =1.44*1.02 -> 1.4688 | R39: 2.39 | S39: 0 | T39: 0 | U39: 0 | V39: 8.7 | W39: =M39-N39-O39-P39-Q39-R39-S39-T39+U39+V39 -> 32.6412 | AA39: 0 | AD39: 38 | AE39: =AE38-AD39 -> 174 | AF39: =N39+O39+P39+Q39+R39+S39+T39+W39+AA39+AD39 -> 99.7 | AG39: =IF(L39<0,L39*-1,0) -> 0 | AH39: =AF39+AG39 -> 99.7 | AI39: 0.14 | AJ39: 38 | AK39: 24 | AL39: =AL38+(U39*1.9835)-(17.2*1.9835) -> 10024.436 | AM39: =17.2+W39 -> 49.8412
A40: =A39+1 -> 29 | B40: 6906.46 | C40: 308039 | D40: =C40-C39 -> 933 | E40: =C40-152000 -> 156039 | F40: =D40/$D$2 -> 470.38064 | G40: 478 | H40: 24 | I40: =G40+H40 -> 502 | J40: =IF(L40>0,L40,0) -> 31.08064 | K40: =I40+J40 -> 533.08064 | L40: =F40-(I40-AF40) -> 31.08064 | M40: 15 | N40: 0 | O40: =(2.2+1.1)*1.05 -> 3.465 | P40: 0 | Q40: =1.44*1.02 -> 1.4688 | R40: 2.41 | S40: 0 | T40: 0 | U40: 0 | V40: 8.7 | W40: =M40-N40-O40-P40-Q40-R40-S40-T40+U40+V40 -> 16.3562 | AA40: 0 | AD40: 39 | AE40: =AE39-AD40 -> 135 | AF40: =N40+O40+P40+Q40+R40+S40+T40+W40+AA40+AD40 -> 62.7 | AG40: =IF(L40<0,L40*-1,0) -> 0 | AH40: =AF40+AG40 -> 62.7 | AI40: 0 | AJ40: 40 | AK40: 20 | AL40: =AL39+(U40*1.9835)-(17.2*1.9835) -> 9990.3195 | AM40: =17.2+W40 -> 33.5562
A41: 30 | B41: 6906.69 | C41: 308933 | D41: =C41-C40 -> 894 | E41: =C41-152000 -> 156933 | F41: =D41/$D$2 -> 450.71843 | G41: 454 | H41: 18 | I41: =G41+H41 -> 472 | J41: =IF(L41>0,L41,0) -> 33.718427 | K41: =I41+J41 -> 505.71843 | L41: =F41-(I41-AF41) -> 33.718427 | M41: 6.3 | N41: 0 | O41: =1.3*1.05 -> 1.365 | P41: 0 | Q41: =1.44*1.02 -> 1.4688 | R41: 2.36 | S41: 0 | T41: 0 | U41: 0 | V41: 8.7 | W41: =M41-N41-O41-P41-Q41-R41-S41-T41+U41+V41 -> 9.8062 | AA41: 0 | AD41: 40 | AE41: =AE40-AD41 -> 95 | AF41: =N41+O41+P41+Q41+R41+S41+T41+W41+AA41+AD41 -> 55 | AG41: =IF(L41<0,L41*-1,0) -> 0 | AH41: =AF41+AG41 -> 55 | AI41: 0.1 | AJ41: 44 | AK41: 28 | AL41: =AL40+(U41*1.9835)-(7.89*1.9835) -> 9974.6697 | AM41: =7.89+W41 -> 17.6962
A42: 31 | B42: 6906.91 | C42: 309788 | D42: =C42-C41 -> 855 | E42: =C42-152000 -> 157788 | F42: =D42/$D$2 -> 431.05621 | G42: 375 | H42: 13 | I42: =G42+H42 -> 388 | J42: =IF(L42>0,L42,0) -> 97.856214 | K42: =I42+J42 -> 485.85621 | L42: =F42-(I42-AF42) -> 97.856214 | M42: 6.3 | N42: 0 | O42: =2.4*1.05 -> 2.52 | P42: 0 | Q42: =1.44*1.02 -> 1.4688 | R42: =2.3 -> 2.3 | S42: 0 | T42: 0 | U42: 0 | V42: 8.5 | W42: =M42-N42-O42-P42-Q42-R42-S42-T42+U42+V42 -> 8.5112 | AA42: 0 | AD42: 40 | AE42: =AE41-AD42 -> 55 | AF42: =N42+O42+P42+Q42+R42+S42+T42+W42+AA42+AD42 -> 54.8 | AG42: =IF(L42<0,L42*-1,0) -> 0 | AH42: =AF42+AG42 -> 54.8 | AI42: 0 | AJ42: 56 | AK42: 23 | AL42: =AL41 -> 9974.6697 | AM42: =W42 -> 8.5112
A44: MONTH / CFS | F44: =SUM(F12:F42) -> 15983.867 | G44: =SUM(G12:G42) -> 11260 | H44: =SUM(H12:H42) -> 1276.9 | I44: =SUM(I12:I42) -> 12536.9 | J44: =SUM(J12:J42) -> 5591.2172 | K44: =SUM(K12:K42) -> 18128.117 | L44: =SUM(L12:L42) -> 5569.0669 | M44: =SUM(M12:M42) -> 361.2 | ... O44: =SUM(O12:O42) -> 55.41 | Q44: =SUM(Q12:Q42) -> 45.5328 | R44: =SUM(R12:R42) -> 83.12 | S44: =SUM(S12:S42) -> 0 | T44: =SUM(T12:T42) -> -16.0084 | U44: =SUM(U12:U42) -> 684 | V44: =SUM(V12:V42) -> 49.9 | W44: =SUM(W12:W42) -> 927.0456 | AD44: =SUM(AD12:AD42) -> 1027 | AF44: =SUM(AF12:AF42) -> 2122.1 | AG44: =SUM(AG12:AG42) -> 22.150265 | AH44: =SUM(AH12:AH42) -> 2144.2503 | AI44: =SUM(AI12:AI42) -> 0.86 | AJ44: =AVERAGE(AJ12:AJ42) -> 55.225806 | AK44: =AVERAGE(AK12:AK42) -> 29.032258 | AL44: AVE | AM44: =SUM(AM12:AM42) -> 264.7472
A45: MONTH / AF | D45: =SUM(D12:D42) -> 31704 | F45: =F44*$D$2 -> 31704 | G45: =G44*$D$2 -> 22334.21 | H45: =H44*$D$2 -> 2532.7312 | I45: =I44*$D$2 -> 24866.941 | J45: =J44*$D$2 -> 11090.179 | K45: =K44*$D$2 -> 35957.12 | L45: =L44*$D$2 -> 11046.244 | M45: =M44*$D$2 -> 716.4402 | ... O45: =O44*$D$2 -> 109.90574 | Q45: =Q44*$D$2 -> 90.314309 | R45: =R44*$D$2 -> 164.86852 | S45: =S44*$D$2 -> 0 | T45: =T44*$D$2 -> -31.752661 | U45: =U44*$D$2 -> 1356.714 | V45: =V44*$D$2 -> 98.97665 | W45: =W44*$D$2 -> 1838.7949 | AD45: =AD44*$D$2 -> 2037.0545 | AF45: =AF44*$D$2 -> 4209.1853 | AG45: =AG44*$D$2 -> 43.93505 | AH45: =AH44*$D$2 -> 4253.1204 | AJ45: =MAX(AJ12:AJ42) -> 70 | AK45: =MAX(AK12:AK42) -> 40 | AL45: HI | AM45: =AM44*$D$2 -> 525.12607
A47: SEASON / CFS | O47: =O44 -> 55.41 | AJ47: =MIN(AJ12:AJ42) -> 28 | AK47: =MIN(AK12:AK42) -> 0 | AL47: LO
A48: SEASON / AF | O48: =O47*D2 -> 109.90574 | W48: =W47*D2 -> 0
A50: YTD / CFS | F50: =F10+F44 -> 19595.16 | G50: =G10+G44 -> 22621 | H50: =H10+H44 -> 1487.58 | I50: =I10+I44 -> 24108.58 | J50: =J10+J44 -> 7088.9343 | K50: =K10+K44 -> 31197.514 | L50: =L10+L44 -> 5748.0801 | M50: =M10+M44 -> 996.4 | ... O50: =O10+O44 -> 55.41 | Q50: =Q10+Q44 -> 233.07 | R50: =R10+R44 -> 418.073 | S50: =S10+S44 -> 0.16 | T50: =T10+T44 -> -61.236 | U50: =U10+U44 -> 5375 | V50: =V10+V44 -> 126.1 | W50: =W10+W44 -> 5374.8556 | AD50: =AD10+AD44 -> 3764 | AE50: =AE42 -> 55 | AF50: =AF10+AF44 -> 10261.5 | AG50: =AG10+AG44 -> 1340.8542 | AH50: =AH10+AH44 -> 11602.354 | AI50: =AI10+AI44 -> 4.69 | AM50: =AM10+AM44 -> 264.7472
A51: YTD / AF | D51: =D10+D45 -> 38867 | E51: =E42 -> 157788 | F51: =F50*$D$2 -> 38867 | G51: =G50*$D$2 -> 44868.753 | H51: =H50*$D$2 -> 2950.6149 | I51: =I50*$D$2 -> 47819.368 | J51: =J50*$D$2 -> 14060.901 | K51: =K50*$D$2 -> 61880.27 | L51: =L50*$D$2 -> 11401.317 | M51: =M50*$D$2 -> 1976.3594 | ... O51: =O50*$D$2 -> 109.90574 | Q51: =Q50*$D$2 -> 462.29435 | R51: =R50*$D$2 -> 829.2478 | S51: =S50*$D$2 -> 0.31736 | T51: =T50*$D$2 -> -121.46161 | U51: =U50*$D$2 -> 10661.312 | V51: =V50*$D$2 -> 250.11935 | W51: =W50*$D$2 -> 10661.026 | AD51: =AD50*$D$2 -> 7465.894 | AE51: =AE50*$D$2 -> 109.0925 | AF51: =AF50*$D$2 -> 20353.685 | AG51: =AG50*$D$2 -> 2659.5843 | AH51: =AH50*$D$2 -> 23013.27 | AL51: =AL42 -> 9974.6697 | AM51: =AM50*$D$2 -> 525.12607

Sheet APR
K1: MCPHEE RESERVOIR INFLOW/OUTFLOW TABULATION
A2: AF/cfs CONVERT FACTOR | D2: 1.9835 | K2: APRIL "2007"
D4: RESERVOIR | W4: INFLOW/OUTFLOW (CFS) | AJ4: WEATHER | AN4: ADJUSTMENTS
A5: DATE | B5: RESERV | C5: RESERV | D5: AC FT | E5: ACTIVE | F5: CONV TO | G5: DOLORES | H5: LOST | I5: RECORD | J5: CALC | K5: TOTAL | L5: CALC | M5: DOLORES TUNNEL | U5: LONE | V5: U | W5: TOTAL | X5: MVI | Y5: TO EX & | Z5: MVI | AA5: DV CR | AB5: D/S SENIOR | AD5: BELOW | AE5: FISH | AF5: RECORD | AG5: CALC | AH5: TOTAL | AI5: RAIN | AJ5: MAX | AK5: MIN | AL5: NAR | AM5: MVI | AN5: MVI | AO5: MVI | AP5: U/S | AQ5: TOTTEN
A6: APR | B6: ELEV | C6: AC FT | D6: CHANGE | E6: CAP | F6: CFS | G6: RIVER | H6: CAN | I6: INFLOW | J6: INFLOW | K6: INFLOW | L6: INF/OTF | M6: TOT DIV | N6: WET | O6: UTE | P6: QUEST | Q6: MWC | R6: CTZ | S6: CTZ & | T6: F-BAY | U6: PINE | V6: LAT | W6: MVI | X6: CALL | Y6: U/S EX | Z6: PROJ | AA6: CANAL | AB6: MVIC | AC6: PROJ | AD6: MCP | AE6: LEFT | AF6: OTF | AG6: OTF | AH6: OTF | AJ6: TMP | AK6: TMP | AL6: CALL | AM6: STOCK | AN6: STORED | AO6: STORED | AP6: USERS | AQ6: (FRESH
E7: AC FT | N7: LAND | O7: F&R | S7: UTE | T7: SPILL | AL7: AC FT | AM7: CFS | AN7: Apr - Jun | AO7: EVAP | AP7: EXCH | AQ7: WATER)
N8: 1.03 | O8: 1.05 | P8: 1.02 | Q8: 1.02 | R8: 1.04 | S8: PROJ | AB8: 1.7 | AC8: 1.3 | AE8: 30638 | AO8: AC.FT.
A9: SEASON BAL | O9: =MAR!O47 -> 55.41
A10: YTD | B10: =MAR!B42 -> 6906.91 | C10: =MAR!C42 -> 309788 | D10: =MAR!D51 -> 38867 | E10: =MAR!E51 -> 157788 | F10: =MAR!F50 -> 19595.16 | G10: =MAR!G50 -> 22621 | H10: =MAR!H50 -> 1487.58 | I10: =MAR!I50 -> 24108.58 | J10: =MAR!J50 -> 7088.9343 | K10: =MAR!K50 -> 31197.514 | L10: =MAR!L50 -> 5748.0801 | M10: =MAR!M50 -> 996.4 | ... O10: =MAR!O50 -> 55.41 | Q10: =MAR!Q50 -> 233.07 | R10: =MAR!R50 -> 418.073 | S10: =MAR!S50 -> 0.16 | T10: =MAR!T50 -> -61.236 | U10: =MAR!U50 -> 5375 | V10: =MAR!V50 -> 126.1 | W10: =MAR!W50 -> 5374.8556 | AA10: =MAR!AA50 -> 0 | AB10: =MAR!AB50 -> 0 | AC10: =MAR!AC50 -> 0 | AD10: =MAR!AD50 -> 3764 | AE10: =AE8/D2 -> 15446.433 | AF10: =MAR!AF50 -> 10261.5 | AG10: =MAR!AG50 -> 1340.8542 | AH10: =MAR!AH50 -> 11602.354 | AI10: =MAR!AI50 -> 4.69 | AL10: =MAR!AL51 -> 9974.6697 | AM10: =MAR!AM50 -> 264.7472
A12: 1 | B12: 6907.14 | C12: 310686 | D12: =C12-C10 -> 898 | E12: =C12-152000 -> 158686 | F12: =D12/$D$2 -> 452.73506 | G12: 401 | H12: 13 | I12: =G12+H12 -> 414 | J12: =IF(L12>0,L12,0) -> 87.035064 | K12: =I12+J12 -> 501.03506 | L12: =F12-(I12-AF12) -> 87.035064 | M12: 6.3 | N12: =1.8299*1.03 -> 1.884797 | O12: =1.9*1.05 -> 1.995 | P12: 0 | Q12: =1.62*1.02 -> 1.6524 | R12: 2.55 | S12: 0 | T12: 0 | U12: 0 | V12: 3.9 | W12: =M12-N12-O12-P12-Q12-R12-S12-T12+U12+V12 -> 2.117803 | X12: =X9+AN12-(AO12/1.9835) -> 405.58165 | Y12: 1714.14 | AA12: 0 | AB12: 1.7 | AC12: 1.3 | AD12: 38.1 | AE12: =AE10-AD12 -> 15408.333 | AF12: =N12+O12+P12+Q12+R12+S12+T12+W12+AA12+AD12 -> 48.3 | AG12: =IF(L12<0,L12*-1,0) -> 0 | AH12: =AF12+AG12 -> 48.3 | AI12: 0 | AJ12: 63 | AK12: 33 | AL12: =AL10 -> 9974.6697 | AN12: =I12-Q12-R12-W12-AB12 -> 405.9798 | AO12: =29.8*(AN12*1.9835+Y12*1.9835)/E12 -> 0.78971476
A13: =A12+1 -> 2 | B13: 6907.37 | C13: 311588 | D13: =C13-C12 -> 902 | E13: =C13-152000 -> 159588 | F13: =D13/$D$2 -> 454.7517 | G13: 403 | H13: 10 | I13: =G13+H13 -> 413 | J13: =IF(L13>0,L13,0) -> 117.8517 | K13: =I13+J13 -> 530.8517 | L13: =F13-(I13-AF13) -> 117.8517 | M13: 38 | N13: =1.8299*1.03 -> 1.884797 | O13: =(7.2+7.1)*1.05 -> 15.015 | P13: 0 | Q13: =1.62*1.02 -> 1.6524 | R13: 3.1 | S13: 0 | T13: 0 | U13: 0 | V13: 0 | W13: =M13-N13-O13-P13-Q13-R13-S13-T13+U13+V13 -> 16.347803 | X13: =X12+AN13-(AO13/1.9835) -> 795.31277 | Y13: 1714.14 | AA13: 0 | AB13: 1.7 | AC13: 1.3 | AD13: 38.1 | AE13: =AE12-AD13 -> 15370.233 | AF13: =N13+O13+P13+Q13+R13+S13+T13+W13+AA13+AD13 -> 76.1 | AG13: =IF(L13<0,L13*-1,0) -> 0 | AH13: =AF13+AG13 -> 76.1 | AI13: 0 | AJ13: 65 | AK13: 35 | AL13: =AL12 -> 9974.6697 | AN13: =I13-Q13-R13-W13-AB13 -> 390.1998 | AO13: =29.8*(X12*1.9835+AN13*1.9835+Y12*1.9835)/E13 -> 0.92962623
A14: =A13+1 -> 3 | B14: 6907.62 | C14: 312528 | D14: =C14-C13 -> 940 | E14: =C14-152000 -> 160528 | F14: =D14/$D$2 -> 473.90976 | G14: 419 | H14: 7.5 | I14: =G14+H14 -> 426.5 | J14: =IF(L14>0,L14,0) -> 165.51976 | K14: =I14+J14 -> 592.01976 | L14: =F14-(I14-AF14) -> 165.51976 | M14: 73 | N14: =1.8299*1.03 -> 1.884797 | O14: =(21+21)*1.05 -> 44.1 | P14: 0 | Q14: =1.62*1.02 -> 1.6524 | R14: 3.32 | S14: 0 | T14: 0 | U14: 0 | V14: 0 | W14: =M14-N14-O14-P14-Q14-R14-S14-T14+U14+V14 -> 22.042803 | X14: =X13+AN14-(AO14/1.9835) -> 1192.5579 | Y14: 1714.14 | AA14: 0 | AB14: 1.7 | AC14: 1.3 | AD14: 45.11 | AE14: =AE13-AD14 -> 15325.123 | AF14: =N14+O14+P14+Q14+R14+S14+T14+W14+AA14+AD14 -> 118.11 | AG14: =IF(L14<0,L14*-1,0) -> 0 | AH14: =AF14+AG14 -> 118.11 | AI14: 0 | AJ14: 68 | AK14: 36 | AL14: =AL13 -> 9974.6697 | AN14: =I14-Q14-R14-W14-AB14 -> 397.7848 | AO14: =29.8*(X13*1.9835+AN14*1.9835+Y13*1.9835)/E14 -> 1.0704791
A15: =A14+1 -> 4 | B15: 6907.85 | C15: 313468 | D15: =C15-C14 -> 940 | E15: =C15-152000 -> 161468 | F15: =D15/$D$2 -> 473.90976 | G15: 507 | H15: 13 | I15: =G15+H15 -> 520 | J15: =IF(L15>0,L15,0) -> 95.909755 | K15: =I15+J15 -> 615.90976 | L15: =F15-(I15-AF15) -> 95.909755 | M15: 92 | N15: =1.8299*1.03 -> 1.884797 | O15: =(37+36)*1.05 -> 76.65 | P15: 0 | Q15: =1.62*1.02 -> 1.6524 | R15: 3.73 | S15: 0 | T15: 0 | U15: 0 | V15: 0 | W15: =M15-N15-O15-P15-Q15-R15-S15-T15+U15+V15 -> 8.082803 | X15: =X14+AN15-(AO15/1.9835) -> 1696.7631 | Y15: 1714.14 | AA15: 0 | AB15: 1.7 | AC15: 1.3 | AD15: 50 | AE15: =AE14-AD15 -> 15275.123 | AF15: =N15+O15+P15+Q15+R15+S15+T15+W15+AA15+AD15 -> 142 | AG15: =IF(L15<0,L15*-1,0) -> 0 | AH15: =AF15+AG15 -> 142 | AI15: 0 | AJ15: 68 | AK15: 37 | AL15: =AL14 -> 9974.6697 | AN15: =I15-Q15-R15-W15-AB15 -> 504.8348 | AO15: =29.8*(X14*1.9835+AN15*1.9835+Y14*1.9835)/E15 -> 1.2488536
A16: =A15+1 -> 5 | B16: 6908.14 | C16: 314609 | D16: =C16-C15 -> 1141 | E16: =C16-152000 -> 162609 | F16: =D16/$D$2 -> 575.24578 | G16: 570 | H16: 27 | I16: =G16+H16 -> 597 | J16: =IF(L16>0,L16,0) -> 142.37578 | K16: =I16+J16 -> 739.37578 | L16: =F16-(I16-AF16) -> 142.37578 | M16: 114 | N16: =1.8299*1.03 -> 1.884797 | O16: =(54+55)*1.05 -> 114.45 | P16: 0 | Q16: =1.62*1.02 -> 1.6524 | R16: 4.2 | S16: 0.09 | T16: 0 | U16: 0 | V16: 0 | W16: =M16-N16-O16-P16-Q16-R16-S16-T16+U16+V16 -> -8.277197 | X16: =X15+AN16-(AO16/1.9835) -> 2293.7532 | Y16: 1714.14 | AA16: 0 | AB16: 1.7 | AC16: 1.3 | AD16: 50.13 | AE16: =AE15-AD16 -> 15224.993 | AF16: =N16+O16+P16+Q16+R16+S16+T16+W16+AA16+AD16 -> 164.13 | AG16: =IF(L16<0,L16*-1,0) -> 0 | AH16: =AF16+AG16 -> 164.13 | AI16: 0 | AJ16: 67 | AK16: 39 | AL16: =AL15 -> 9974.6697 | AN16: =I16-Q16-R16-W16-AB16 -> 597.7248 | AO16: =29.8*(X15*1.9835+AN16*1.9835+Y15*1.9835)/E16 -> 1.4571345
A17: =A16+1 -> 6 | B17: 6908.45 | C17: 315833 | D17: =C17-C16 -> 1224 | E17: =C17-152000 -> 163833 | F17: =D17/$D$2 -> 617.091 | G17: 700 | H17: 39 | I17: =G17+H17 -> 739 | J17: =IF(L17>0,L17,0) -> 53.261001 | K17: =I17+J17 -> 792.261 | L17: =F17-(I17-AF17) -> 53.261001 | M17: 125 | N17: =1.8299*1.03 -> 1.884797 | O17: =(51+53)*1.05 -> 109.2 | P17: 0 | Q17: =1.62*1.02 -> 1.6524 | R17: 4.2 | S17: 0 | T17: 0 | U17: 0 | V17: 0 | W17: =M17-N17-O17-P17-Q17-R17-S17-T17+U17+V17 -> 8.062803 | X17: =X16+AN17-(AO17/1.9835) -> 3016.2774 | Y17: 1714.14 | AA17: 0 | AB17: 1.7 | AC17: 1.3 | AD17: 50.17 | AE17: =AE16-AD17 -> 15174.823 | AF17: =N17+O17+P17+Q17+R17+S17+T17+W17+AA17+AD17 -> 175.17 | AG17: =IF(L17<0,L17*-1,0) -> 0 | AH17: =AF17+AG17 -> 175.17 | AI17: 0 | AJ17: 68 | AK17: 38 | AL17: =AL16 -> 9974.6697 | AN17: =I17-Q17-R17-W17-AB17 -> 723.3848 | AO17: =29.8*(X16*1.9835+AN17*1.9835+Y16*1.9835)/E17 -> 1.7069687
A18: =A17+1 -> 7 | B18: 6908.83 | C18: 317334 | D18: =C18-C17 -> 1501 | E18: =C18-152000 -> 165334 | F18: =D18/$D$2 -> 756.74313 | G18: 771 | H18: 39 | I18: =G18+H18 -> 810 | J18: =IF(L18>0,L18,0) -> 115.74313 | K18: =I18+J18 -> 925.74313 | L18: =F18-(I18-AF18) -> 115.74313 | M18: 129 | N18: =1.8299*1.03 -> 1.884797 | O18: =(52+52)*1.05 -> 109.2 | P18: 0 | Q18: =1.62*1.02 -> 1.6524 | R18: 3.33 | S18: 0 | T18: 0 | U18: 0 | V18: 0 | W18: =M18-N18-O18-P18-Q18-R18-S18-T18+U18+V18 -> 12.932803 | X18: =X17+AN18-(AO18/1.9835) -> 3797.3511 | Y18: 1714.14 | AA18: 0 | AB18: 1.7 | AC18: 1.3 | AD18: 40 | AE18: =AE17-AD18 -> 15134.823 | AF18: =N18+O18+P18+Q18+R18+S18+T18+W18+AA18+AD18 -> 169 | AG18: =IF(L18<0,L18*-1,0) -> 0 | AH18: =AF18+AG18 -> 169 | AI18: 0 | AJ18: 64 | AK18: 39 | AL18: =AL17 -> 9974.6697 | AN18: =795-W18 -> 782.0672 | AO18: =29.8*(X17*1.9835+AN18*1.9835+Y17*1.9835)/E18 -> 1.9707598
A19: =A18+1 -> 8 | B19: 6908.21 | C19: 318841 | D19: =C19-C18 -> 1507 | E19: =C19-152000 -> 166841 | F19: =D19/$D$2 -> 759.76809 | G19: 779 | H19: 29 | I19: =G19+H19 -> 808 | J19: =IF(L19>0,L19,0) -> 122.76809 | K19: =I19+J19 -> 930.76809 | L19: =F19-(I19-AF19) -> 122.76809 | M19: 131 | N19: =1.8299*1.03 -> 1.884797 | O19: =(56+58)*1.05 -> 119.7 | P19: 0 | Q19: =1.62*1.02 -> 1.6524 | R19: 4 | S19: 0 | T19: 0 | U19: 0 | V19: 0 | W19: =M19-N19-O19-P19-Q19-R19-S19-T19+U19+V19 -> 3.762803 | X19: =X18+AN19-(AO19/1.9835) -> 4587.4625 | Y19: 1714.14 | AA19: 0 | AB19: 1.7 | AC19: 1.3 | AD19: 40 | AE19: =AE18-AD19 -> 15094.823 | AF19: =N19+O19+P19+Q19+R19+S19+T19+W19+AA19+AD19 -> 171 | AG19: =IF(L19<0,L19*-1,0) -> 0 | AH19: =AF19+AG19 -> 171 | AI19: 0.1 | AJ19: 58 | AK19: 41 | AL19: =AL18 -> 9974.6697 | AN19: =795-W19 -> 791.2372 | AO19: =29.8*(X18*1.9835+AN19*1.9835+Y18*1.9835)/E19 -> 2.2329257
A20: =A19+1 -> 9 | B20: 6909.67 | C20: 320673 | D20: =C20-C19 -> 1832 | E20: =C20-152000 -> 168673 | F20: =D20/$D$2 -> 923.61986 | G20: 806 | H20: 41 | I20: =G20+H20 -> 847 | J20: =IF(L20>0,L20,0) -> 246.61986 | K20: =I20+J20 -> 1093.6199 | L20: =F20-(I20-AF20) -> 246.61986 | M20: 123 | N20: =1.8299*1.03 -> 1.884797 | O20: =(49+50)*1.05 -> 103.95 | P20: 0 | Q20: =1.62*1.02 -> 1.6524 | R20: 4.17 | S20: 0 | T20: 0 | U20: 0 | V20: 0 | W20: =M20-N20-O20-P20-Q20-R20-S20-T20+U20+V20 -> 11.342803 | X20: =X19+AN20-(AO20/1.9835) -> 5369.8679 | Y20: 1714.14 | AA20: 0 | AB20: 1.7 | AC20: 1.3 | AD20: 47 | AE20: =AE19-AD20 -> 15047.823 | AF20: =N20+O20+P20+Q20+R20+S20+T20+W20+AA20+AD20 -> 170 | AG20: =IF(L20<0,L20*-1,0) -> 0 | AH20: =AF20+AG20 -> 170 | AI20: 0.15 | AJ20: 56 | AK20: 34 | AL20: =AL19 -> 9974.6697 | AN20: =795-W20 -> 783.6572 | AO20: =29.8*(X19*1.9835+AN20*1.9835+Y19*1.9835)/E20 -> 2.4828968
A21: =A20+1 -> 10 | B21: 6910.14 | C21: 322548 | D21: =C21-C20 -> 1875 | E21: =C21-152000 -> 170548 | F21: =D21/$D$2 -> 945.29871 | G21: 792 | H21: 50 | I21: =G21+H21 -> 842 | J21: =IF(L21>0,L21,0) -> 287.49871 | K21: =I21+J21 -> 1129.4987 | L21: =F21-(I21-AF21) -> 287.49871 | M21: 129 | N21: =1.8299*1.03 -> 1.884797 | O21: =(50+53)*1.05 -> 108.15 | P21: 0 | Q21: =1.62*1.02 -> 1.6524 | R21: 2.75 | S21: 0 | T21: 0 | U21: 0 | V21: 3.2 | W21: =M21-N21-O21-P21-Q21-R21-S21-T21+U21+V21 -> 17.762803 | X21: =X20+AN21-(AO21/1.9835) -> 6145.7315 | Y21: 1714.14 | AA21: 0 | AB21: 1.7 | AC21: 1.3 | AD21: 52 | AE21: =AE20-AD21 -> 14995.823 | AF21: =N21+O21+P21+Q21+R21+S21+T21+W21+AA21+AD21 -> 184.2 | AG21: =IF(L21<0,L21*-1,0) -> 0 | AH21: =AF21+AG21 -> 184.2 | AI21: 0.01 | AJ21: 46 | AK21: 33 | AL21: =AL20 -> 9974.6697 | AN21: =795-W21 -> 777.2372 | AO21: =29.8*(X20*1.9835+AN21*1.9835+Y20*1.9835)/E21 -> 2.7245399
A22: =A21+1 -> 11 | B22: 6910.39 | C22: 323551 | D22: =C22-C21 -> 1003 | E22: =C22-152000 -> 171551 | F22: =D22/$D$2 -> 505.67179 | G22: 635 | H22: 23 | I22: =G22+H22 -> 658 | J22: =IF(L22>0,L22,0) -> 40.871792 | K22: =I22+J22 -> 698.87179 | L22: =F22-(I22-AF22) -> 40.871792 | M22: 134 | N22: =1.8299*1.03 -> 1.884797 | O22: =(53+53)*1.05 -> 111.3 | P22: 0 | Q22: =1.62*1.02 -> 1.6524 | R22: 2.3 | S22: 0 | T22: 0 | U22: 0 | V22: 6.2 | W22: =M22-N22-O22-P22-Q22-R22-S22-T22+U22+V22 -> 23.062803 | X22: =X21+AN22-(AO22/1.9835) -> 6773.5417 | Y22: 1714.14 | AA22: 0 | AB22: 1.7 | AC22: 1.3 | AD22: 53 | AE22: =AE21-AD22 -> 14942.823 | AF22: =N22+O22+P22+Q22+R22+S22+T22+W22+AA22+AD22 -> 193.2 | AG22: =IF(L22<0,L22*-1,0) -> 0 | AH22: =AF22+AG22 -> 193.2 | AI22: 0 | AJ22: 46 | AK22: 19 | AL22: =AL21 -> 9974.6697 | AN22: =I22-Q22-R22-W22-AB22 -> 629.2848 | AO22: =29.8*(X21*1.9835+AN22*1.9835+Y21*1.9835)/E22 -> 2.9249587
A23: =A22+1 -> 12 | B23: 6910.62 | C23: 324474 | D23: =C23-C22 -> 923 | E23: =C23-152000 -> 172474 | F23: =D23/$D$2 -> 465.33905 | G23: 597 | H23: 14 | I23: =G23+H23 -> 611 | J23: =IF(L23>0,L23,0) -> 45.539047 | K23: =I23+J23 -> 656.53905 | L23: =F23-(I23-AF23) -> 45.539047 | M23: 132 | N23: =1.8299*1.03 -> 1.884797 | O23: =(53+52)*1.05 -> 110.25 | P23: 0 | Q23: =1.62*1.02 -> 1.6524 | R23: 2.54 | S23: 0 | T23: 0 | U23: 0 | V23: 6.2 | W23: =M23-N23-O23-P23-Q23-R23-S23-T23+U23+V23 -> 21.872803 | X23: =X22+AN23-(AO23/1.9835) -> 7355.2092 | Y23: 1714.14 | AA23: 0 | AB23: 1.7 | AC23: 1.3 | AD23: 53 | AE23: =AE22-AD23 -> 14889.823 | AF23: =N23+O23+P23+Q23+R23+S23+T23+W23+AA23+AD23 -> 191.2 | AG23: =IF(L23<0,L23*-1,0) -> 0 | AH23: =AF23+AG23 -> 191.2 | AI23: 0.2 | AJ23: 46 | AK23: 19 | AL23: =AL22 -> 9974.6697 | AN23: =I23-Q23-R23-W23-AB23 -> 583.2348 | AO23: =29.8*(X22*1.9835+AN23*1.9835+Y22*1.9835)/E23 -> 3.1086799
A24: =A23+1 -> 13 | B24: 6910.94 | C24: 325759 | D24: =C24-C23 -> 1285 | E24: =C24-152000 -> 173759 | F24: =D24/$D$2 -> 647.84472 | G24: 543 | H24: 12 | I24: =G24+H24 -> 555 | J24: =IF(L24>0,L24,0) -> 222.94472 | K24: =I24+J24 -> 777.94472 | L24: =F24-(I24-AF24) -> 222.94472 | M24: 71 | N24: =1.8299*1.03 -> 1.884797 | O24: =(34+34)*1.05 -> 71.4 | P24: 0 | Q24: =1.62*1.02 -> 1.6524 | R24: 2.31 | S24: 0 | T24: 0 | U24: 0 | V24: 6.1 | W24: =M24-N24-O24-P24-Q24-R24-S24-T24+U24+V24 -> -0.147197 | X24: =X23+AN24-(AO24/1.9835) -> 7903.0443 | Y24: 1714.14 | AA24: 0 | AB24: 1.7 | AC24: 1.3 | AD24: 53 | AE24: =AE23-AD24 -> 14836.823 | AF24: =N24+O24+P24+Q24+R24+S24+T24+W24+AA24+AD24 -> 130.1 | AG24: =IF(L24<0,L24*-1,0) -> 0 | AH24: =AF24+AG24 -> 130.1 | AI24: 0 | AJ24: 54 | AK24: 31 | AL24: =AL23 -> 9974.6697 | AN24: =I24-Q24-R24-W24-AB24 -> 549.4848 | AO24: =29.8*(X23*1.9835+AN24*1.9835+Y23*1.9835)/E24 -> 3.2720776
A25: =A24+1 -> 14 | B25: 6911.17 | C25: 326687 | D25: =C25-C24 -> 928 | E25: =C25-152000 -> 174687 | F25: =D25/$D$2 -> 467.85984 | G25: 488 | H25: 11 | I25: =G25+H25 -> 499 | J25: =IF(L25>0,L25,0) -> 74.059844 | K25: =I25+J25 -> 573.05984 | L25: =F25-(I25-AF25) -> 74.059844 | M25: 46 | N25: =1.8299*1.03 -> 1.884797 | O25: =(10+10)*1.05 -> 21 | P25: 0 | Q25: =1.62*1.02 -> 1.6524 | R25: 2.56 | S25: 0 | T25: 0 | U25: 0 | V25: 6.2 | W25: =M25-N25-O25-P25-Q25-R25-S25-T25+U25+V25 -> 25.102803 | X25: =X24+AN25-(AO25/1.9835) -> 8369.3087 | Y25: 1714.14 | AA25: 0 | AB25: 1.7 | AC25: 1.3 | AD25: 53 | AE25: =AE24-AD25 -> 14783.823 | AF25: =N25+O25+P25+Q25+R25+S25+T25+W25+AA25+AD25 -> 105.2 | AG25: =IF(L25<0,L25*-1,0) -> 0 | AH25: =AF25+AG25 -> 105.2 | AI25: 0 | AJ25: 57 | AK25: 25 | AL25: =AL24 -> 9974.6697 | AN25: =I25-Q25-R25-W25-AB25 -> 467.9848 | AO25: =29.8*(X24*1.9835+AN25*1.9835+Y24*1.9835)/E25 -> 3.4124875
A26: =A25+1 -> 15 | B26: 6911.39 | C26: 327577 | D26: =C26-C25 -> 890 | E26: =C26-152000 -> 175577 | F26: =D26/$D$2 -> 448.70179 | G26: 493 | H26: 8.9 | I26: =G26+H26 -> 501.9 | J26: =IF(L26>0,L26,0) -> 35.80179 | K26: =I26+J26 -> 537.70179 | L26: =F26-(I26-AF26) -> 35.80179 | M26: 30 | N26: =1.8299*1.03 -> 1.884797 | O26: =(4.2+5.5)*1.05 -> 10.185 | P26: 0 | Q26: =1.62*1.02 -> 1.6524 | R26: 3.27 | S26: 0 | T26: 0 | U26: 0 | V26: 6 | W26: =M26-N26-O26-P26-Q26-R26-S26-T26+U26+V26 -> 19.007803 | X26: =X25+AN26-(AO26/1.9835) -> 8843.7862 | Y26: 1714.14 | AA26: 0 | AB26: 1.7 | AC26: 1.3 | AD26: 53 | AE26: =AE25-AD26 -> 14730.823 | AF26: =N26+O26+P26+Q26+R26+S26+T26+W26+AA26+AD26 -> 89 | AG26: =IF(L26<0,L26*-1,0) -> 0 | AH26: =AF26+AG26 -> 89 | AI26: 0 | AJ26: 63 | AK26: 35 | AL26: =AL25 -> 9974.6697 | AN26: =I26-Q26-R26-W26-AB26 -> 476.2698 | AO26: =29.8*(X25*1.9835+AN26*1.9835+Y25*1.9835)/E26 -> 3.5549475
A27: =A26+1 -> 16 | B27: 6911.66 | C27: 328669 | D27: =C27-C26 -> 1092 | E27: =C27-152000 -> 176669 | F27: =D27/$D$2 -> 550.54197 | G27: 507 | H27: 7.6 | I27: =G27+H27 -> 514.6 | J27: =IF(L27>0,L27,0) -> 116.24197 | K27: =I27+J27 -> 630.84197 | L27: =F27-(I27-AF27) -> 116.24197 | M27: 20 | N27: =1.8299*1.03 -> 1.884797 | O27: =(0.04+3.4)*1.05 -> 3.612 | P27: 0 | Q27: =1.62*1.02 -> 1.6524 | R27: 3.22 | S27: 0 | T27: 0 | U27: 0 | V27: 7.3 | W27: =M27-N27-O27-P27-Q27-R27-S27-T27+U27+V27 -> 16.930803 | X27: =X26+AN27-(AO27/1.9835) -> 9333.0193 | Y27: 1714.14 | AA27: 0 | AB27: 1.7 | AC27: 1.3 | AD27: 53 | AE27: =AE26-AD27 -> 14677.823 | AF27: =N27+O27+P27+Q27+R27+S27+T27+W27+AA27+AD27 -> 80.3 | AG27: =IF(L27<0,L27*-1,0) -> 0 | AH27: =AF27+AG27 -> 80.3 | AI27: 0.04 | AJ27: 62 | AK27: 34 | AL27: =AL26 -> 9974.6697 | AN27: =I27-Q27-R27-W27-AB27 -> 491.0968 | AO27: =29.8*(X26*1.9835+AN27*1.9835+Y26*1.9835)/E27 -> 3.6966812
A28: =A27+1 -> 17 | B28: 6911.95 | C28: 329842 | D28: =C28-C27 -> 1173 | E28: =C28-152000 -> 177842 | F28: =D28/$D$2 -> 591.37888 | G28: 520 | H28: 6 | I28: =G28+H28 -> 526 | J28: =IF(L28>0,L28,0) -> 147.07888 | K28: =I28+J28 -> 673.07888 | L28: =F28-(I28-AF28) -> 147.07888 | M28: 20 | N28: =1.8299*1.03 -> 1.884797 | O28: =(3.1+0.07)*1.05 -> 3.3285 | P28: 0 | Q28: =1.62*1.02 -> 1.6524 | R28: 3.25 | S28: 0 | T28: 0 | U28: 0 | V28: 8.7 | W28: =M28-N28-O28-P28-Q28-R28-S28-T28+U28+V28 -> 18.584303 | X28: =X27+AN28-(AO28/1.9835) -> 9831.8976 | Y28: 1714.14 | AA28: 0 | AB28: 1.7 | AC28: 1.3 | AD28: 53 | AE28: =AE27-AD28 -> 14624.823 | AF28: =N28+O28+P28+Q28+R28+S28+T28+W28+AA28+AD28 -> 81.7 | AG28: =IF(L28<0,L28*-1,0) -> 0 | AH28: =AF28+AG28 -> 81.7 | AI28: 0 | AJ28: 58 | AK28: 30 | AL28: =AL27 -> 9974.6697 | AN28: =I28-Q28-R28-W28-AB28 -> 500.8133 | AO28: =29.8*(X27*1.9835+AN28*1.9835+Y27*1.9835)/E28 -> 3.8381318
A29: =A28+1 -> 18 | B29: 6912.21 | C29: 330900 | D29: =C29-C28 -> 1058 | E29: =C29-152000 -> 178900 | F29: =D29/$D$2 -> 533.40055 | G29: 543 | H29: 55 | I29: =G29+H29 -> 598 | J29: =IF(L29>0,L29,0) -> 21.400555 | K29: =I29+J29 -> 619.40055 | L29: =F29-(I29-AF29) -> 21.400555 | M29: 21 | N29: =1.8299*1.03 -> 1.884797 | O29: =4.4*1.05 -> 4.62 | P29: 0 | Q29: =1.62*1.02 -> 1.6524 | R29: 3.36 | S29: 0 | T29: 0 | U29: 0 | V29: 12 | W29: =M29-N29-O29-P29-Q29-R29-S29-T29+U29+V29 -> 21.482803 | X29: =X28+AN29-(AO29/1.9835) -> 10399.684 | Y29: 1714 | AA29: 0 | AB29: 1.7 | AC29: 1.3 | AD29: 53 | AE29: =AE28-AD29 -> 14571.823 | AF29: =N29+O29+P29+Q29+R29+S29+T29+W29+AA29+AD29 -> 86 | AG29: =IF(L29<0,L29*-1,0) -> 0 | AH29: =AF29+AG29 -> 86 | AI29: 0 | AJ29: 62 | AK29: 34 | AL29: =AL28 -> 9974.6697 | AN29: =I29-Q29-R29-W29-AB29 -> 569.8048 | AO29: =29.8*(X28*1.9835+AN29*1.9835+Y28*1.9835)/E29 -> 4.0030567
A30: =A29+1 -> 19 | B30: 6912.48 | C30: 332001 | D30: =C30-C29 -> 1101 | E30: =C30-152000 -> 180001 | F30: =D30/$D$2 -> 555.07941 | G30: 539 | H30: 54 | I30: =G30+H30 -> 593 | J30: =IF(L30>0,L30,0) -> 112.07941 | K30: =I30+J30 -> 705.07941 | L30: =F30-(I30-AF30) -> 112.07941 | M30: 50 | N30: =1.8299*1.03 -> 1.884797 | O30: =(9.6+7.7)*1.05 -> 18.165 | P30: 0 | Q30: =1.62*1.02 -> 1.6524 | R30: 3.08 | S30: 0 | T30: 0 | U30: 32 | V30: 15 | W30: =M30-N30-O30-P30-Q30-R30-S30-T30+U30+V30 -> 72.217803 | X30: =X29+AN30-(AO30/1.9835) -> 10911.943 | Y30: 1714 | AA30: 0 | AB30: 1.7 | AC30: 1.3 | AD30: 53 | AE30: =AE29-AD30 -> 14518.823 | AF30: =N30+O30+P30+Q30+R30+S30+T30+W30+AA30+AD30 -> 150 | AG30: =IF(L30<0,L30*-1,0) -> 0 | AH30: =AF30+AG30 -> 150 | AI30: 0 | AJ30: 53 | AK30: 21 | AL30: =AL29+(U30*1.9835) -> 10038.142 | AN30: =I30-Q30-R30-W30-AB30 -> 514.3498 | AO30: =29.8*(X29*1.9835+AN30*1.9835+Y29*1.9835)/E30 -> 4.1467638
A31: =A30+1 -> 20 | B31: 6912.7 | C31: 332898 | D31: =C31-C30 -> 897 | E31: =C31-152000 -> 180898 | F31: =D31/$D$2 -> 452.2309 | G31: 615 | H31: 56 | I31: =G31+H31 -> 671 | J31: =IF(L31>0,L31,0) -> 37.230905 | K31: =I31+J31 -> 708.2309 | L31: =F31-(I31-AF31) -> 37.230905 | M31: 118 | N31: =1.8299*1.03 -> 1.884797 | O31: =(31+32)*1.05 -> 66.15 | P31: 0 | Q31: =1.62*1.02 -> 1.6524 | R31: 3.39 | S31: 0 | T31: 0 | U31: 65 | V31: 20 | W31: =M31-N31-O31-P31-Q31-R31-S31-T31+U31+V31 -> 129.9228 | X31: =X30+AN31-(AO31/1.9835) -> 11444.11 | Y31: 1714 | AA31: 0 | AB31: 1.7 | AC31: 1.3 | AD31: 53 | AE31: =AE30-AD31 -> 14465.823 | AF31: =N31+O31+P31+Q31+R31+S31+T31+W31+AA31+AD31 -> 256 | AG31: =IF(L31<0,L31*-1,0) -> 0 | AH31: =AF31+AG31 -> 256 | AI31: 0 | AJ31: 62 | AK31: 34 | AL31: =AL30+(U31*1.9835) -> 10167.069 | AN31: =I31-Q31-R31-W31-AB31 -> 534.3348 | AO31: =29.8*(X30*1.9835+AN31*1.9835+Y30*1.9835)/E31 -> 4.3001121
A32: =A31+1 -> 21 | B32: 6912.94 | C32: 333877 | D32: =C32-C31 -> 979 | E32: =C32-152000 -> 181877 | F32: =D32/$D$2 -> 493.57197 | G32: 648 | H32: 56 | I32: =G32+H32 -> 704 | J32: =IF(L32>0,L32,0) -> 66.571969 | K32: =I32+J32 -> 770.57197 | L32: =F32-(I32-AF32) -> 66.571969 | M32: 134 | N32: =1.8299*1.03 -> 1.884797 | O32: =(44+44)*1.05 -> 92.4 | P32: 0 | Q32: =1.62*1.02 -> 1.6524 | R32: 3.83 | S32: 0 | T32: 0 | U32: 66 | V32: 24 | W32: =M32-N32-O32-P32-Q32-R32-S32-T32+U32+V32 -> 124.2328 | X32: =X31+AN32-(AO32/1.9835) -> 12014.445 | Y32: 1714 | AA32: 0 | AB32: 1.7 | AC32: 1.3 | AD32: 53 | AE32: =AE31-AD32 -> 14412.823 | AF32: =N32+O32+P32+Q32+R32+S32+T32+W32+AA32+AD32 -> 277 | AG32: =IF(L32<0,L32*-1,0) -> 0 | AH32: =AF32+AG32 -> 277 | AI32: 0.01 | AJ32: 49 | AK32: 33 | AL32: =AL31+(U32*1.9835) -> 10297.98 | AN32: =I32-Q32-R32-W32-AB32 -> 572.5848 | AO32: =29.8*(X31*1.9835+AN32*1.9835+Y31*1.9835)/E32 -> 4.4623457
A33: =A32+1 -> 22 | B33: 6913.16 | C33: 334779 | D33: =C33-C32 -> 902 | E33: =C33-152000 -> 182779 | F33: =D33/$D$2 -> 454.7517 | G33: 594 | H33: 50 | I33: =G33+H33 -> 644 | J33: =IF(L33>0,L33,0) -> 63.751702 | K33: =I33+J33 -> 707.7517 | L33: =F33-(I33-AF33) -> 63.751702 | M33: 109 | N33: =1.8299*1.03 -> 1.884797 | O33: =(38+37)*1.05 -> 78.75 | P33: 0 | Q33: =1.62*1.02 -> 1.6524 | R33: 3.53 | S33: 0 | T33: 0 | U33: 66 | V33: 25 | W33: =M33-N33-O33-P33-Q33-R33-S33-T33+U33+V33 -> 114.1828 | X33: =X32+AN33-(AO33/1.9835) -> 12535.057 | Y33: 1714 | AA33: 0 | AB33: 1.7 | AC33: 1.3 | AD33: 53 | AE33: =AE32-AD33 -> 14359.823 | AF33: =N33+O33+P33+Q33+R33+S33+T33+W33+AA33+AD33 -> 253 | AG33: =IF(L33<0,L33*-1,0) -> 0 | AH33: =AF33+AG33 -> 253 | AI33: 0 | AJ33: 57 | AK33: 30 | AL33: =AL32+(U33*1.9835) -> 10428.891 | AN33: =I33-Q33-R33-W33-AB33 -> 522.9348 | AO33: =29.8*(X32*1.9835+AN33*1.9835+Y32*1.9835)/E33 -> 4.608707
A34: =A33+1 -> 23 | B34: 6913.39 | C34: 335724 | D34: =C34-C33 -> 945 | E34: =C34-152000 -> 183724 | F34: =D34/$D$2 -> 476.43055 | G34: 580 | H34: 48 | I34: =G34+H34 -> 628 | J34: =IF(L34>0,L34,0) -> 130.43055 | K34: =I34+J34 -> 758.43055 | L34: =F34-(I34-AF34) -> 130.43055 | M34: 125 | N34: =1.8299*1.03 -> 1.884797 | O34: =(42+40)*1.05 -> 86.1 | P34: 0 | Q34: =1.62*1.02 -> 1.6524 | R34: 3.78 | S34: 0 | T34: 0 | U34: 66 | V34: 27 | W34: =M34-N34-O34-P34-Q34-R34-S34-T34+U34+V34 -> 124.5828 | X34: =X33+AN34-(AO34/1.9835) -> 13028.95 | Y34: 1714 | AA34: 11 | AB34: 1.7 | AC34: 1.3 | AD34: 53 | AE34: =AE33-AD34 -> 14306.823 | AF34: =N34+O34+P34+Q34+R34+S34+T34+W34+AA34+AD34 -> 282 | AG34: =IF(L34<0,L34*-1,0) -> 0 | AH34: =AF34+AG34 -> 282 | AI34: 0.08 | AJ34: 47 | AK34: 30 | AL34: =AL33+53.03 -> 10481.921 | AN34: =I34-Q34-R34-W34-AB34 -> 496.2848 | AO34: =29.8*(X33*1.9835+AN34*1.9835+Y33*1.9835)/E34 -> 4.7439206
A35: =A34+1 -> 24 | B35: 6913.57 | C35: 336464 | D35: =C35-C34 -> 740 | E35: =C35-152000 -> 184464 | F35: =D35/$D$2 -> 373.07789 | G35: 556 | H35: 46 | I35: =G35+H35 -> 602 | J35: =IF(L35>0,L35,0) -> 67.077893 | K35: =I35+J35 -> 669.07789 | L35: =F35-(I35-AF35) -> 67.077893 | M35: 155 | N35: =1.8299*1.03 -> 1.884797 | O35: =(53+55)*1.05 -> 113.4 | P35: 0 | Q35: =1.62*1.02 -> 1.6524 | R35: 3.44 | S35: 0 | T35: 0 | U35: 29 | V35: 29 | W35: =M35-N35-O35-P35-Q35-R35-S35-T35+U35+V35 -> 92.622803 | X35: =X34+AN35-(AO35/1.9835) -> 13529.072 | Y35: 1714 | AA35: 30 | AB35: 1.7 | AC35: 1.3 | AD35: 53 | AE35: =AE34-AD35 -> 14253.823 | AF35: =N35+O35+P35+Q35+R35+S35+T35+W35+AA35+AD35 -> 296 | AG35: =IF(L35<0,L35*-1,0) -> 0 | AH35: =AF35+AG35 -> 296 | AI35: 0.01 | AJ35: 54 | AK35: 31 | AL35: =AL34 -> 10481.921 | AN35: =I35-Q35-R35-W35-AB35 -> 502.5848 | AO35: =29.8*(X34*1.9835+AN35*1.9835+Y34*1.9835)/E35 -> 4.885168
A36: =A35+1 -> 25 | B36: 6913.74 | C36: 337162 | D36: =C36-C35 -> 698 | E36: =C36-152000 -> 185162 | F36: =D36/$D$2 -> 351.9032 | G36: 529 | H36: 45 | I36: =G36+H36 -> 574 | J36: =IF(L36>0,L36,0) -> 85.903201 | K36: =I36+J36 -> 659.9032 | L36: =F36-(I36-AF36) -> 85.903201 | M36: 165 | N36: =1.8299*1.03 -> 1.884797 | O36: =(51+48)*1.05 -> 103.95 | P36: 0 | Q36: =1.62*1.02 -> 1.6524 | R36: 4.05 | S36: 0 | T36: 0 | U36: 16 | V36: 28 | W36: =M36-N36-O36-P36-Q36-R36-S36-T36+U36+V36 -> 97.462803 | X36: =X35+AN36-(AO36/1.9835) -> 13995.678 | Y36: 1714 | AA36: 47 | AB36: 1.7 | AC36: 1.3 | AD36: 52 | AE36: =AE35-AD36 -> 14201.823 | AF36: =N36+O36+P36+Q36+R36+S36+T36+W36+AA36+AD36 -> 308 | AG36: =IF(L36<0,L36*-1,0) -> 0 | AH36: =AF36+AG36 -> 308 | AI36: 0 | AJ36: 65 | AK36: 29 | AL36: =AL35 -> 10481.921 | AN36: =I36-Q36-R36-W36-AB36 -> 469.1348 | AO36: =29.8*(X35*1.9835+AN36*1.9835+Y35*1.9835)/E36 -> 5.0157257
A37: =A36+1 -> 26 | B37: 6913.98 | C37: 338148 | D37: =C37-C36 -> 986 | E37: =C37-152000 -> 186148 | F37: =D37/$D$2 -> 497.10108 | G37: 574 | H37: 45 | I37: =G37+H37 -> 619 | J37: =IF(L37>0,L37,0) -> 185.10108 | K37: =I37+J37 -> 804.10108 | L37: =F37-(I37-AF37) -> 185.10108 | M37: 174 | N37: =1.8299*1.03 -> 1.884797 | O37: =(54+46)*1.09835 -> 109.835 | P37: 0 | Q37: =1.62*1.02 -> 1.6524 | R37: 3.42 | S37: 0 | T37: 0 | U37: 26 | V37: 27 | W37: =M37-N37-O37-P37-Q37-R37-S37-T37+U37+V37 -> 110.2078 | X37: =X36+AN37-(AO37/1.9835) -> 14495.102 | Y37: 1714 | AA37: 30 | AB37: 1.7 | AC37: 1.3 | AD37: 50 | AE37: =AE36-AD37 -> 14151.823 | AF37: =N37+O37+P37+Q37+R37+S37+T37+W37+AA37+AD37 -> 307 | AG37: =IF(L37<0,L37*-1,0) -> 0 | AH37: =AF37+AG37 -> 307 | AI37: 0 | AJ37: 66 | AK37: 33 | AL37: =AL36 -> 10481.921 | AN37: =I37-Q37-R37-W37-AB37 -> 502.0198 | AO37: =29.8*(X36*1.9835+AN37*1.9835+Y36*1.9835)/E37 -> 5.1477635
A38: =A37+1 -> 27 | B38: 6914.2 | C38: 339059 | D38: =C38-C37 -> 911 | E38: =C38-152000 -> 187059 | F38: =D38/$D$2 -> 459.28914 | G38: 595 | H38: 24 | I38: =G38+H38 -> 619 | J38: =IF(L38>0,L38,0) -> 112.28914 | K38: =I38+J38 -> 731.28914 | L38: =F38-(I38-AF38) -> 112.28914 | M38: 157 | N38: =1.8299*1.03 -> 1.884797 | O38: =(33+31)*1.05 -> 67.2 | P38: 0 | Q38: =1.62*1.02 -> 1.6524 | R38: 4.2 | S38: 0.64 | T38: 0 | U38: 26 | V38: 28 | W38: =M38-N38-O38-P38-Q38-R38-S38-T38+U38+V38 -> 135.4228 | X38: =X37+AN38-(AO38/1.9835) -> 14968.469 | Y38: 1714 | AA38: 11 | AB38: 1.7 | AC38: 1.3 | AD38: 50 | AE38: =AE37-AD38 -> 14101.823 | AF38: =N38+O38+P38+Q38+R38+S38+T38+W38+AA38+AD38 -> 272 | AG38: =IF(L38<0,L38*-1,0) -> 0 | AH38: =AF38+AG38 -> 272 | AI38: 0 | AJ38: 72 | AK38: 39 | AL38: =AL37 -> 10481.921 | AN38: =I38-Q38-R38-W38-AB38 -> 476.0248 | AO38: =29.8*(X37*1.9835+AN38*1.9835+Y37*1.9835)/E38 -> 5.272291
A39: =A38+1 -> 28 | B39: 6914.48 | C39: 340219 | D39: =C39-C38 -> 1160 | E39: =C39-152000 -> 188219 | F39: =D39/$D$2 -> 584.8248 | G39: 762 | H39: 23 | I39: =G39+H39 -> 785 | J39: =IF(L39>0,L39,0) -> 81.924805 | K39: =I39+J39 -> 866.9248 | L39: =F39-(I39-AF39) -> 81.924805 | M39: 169 | N39: =1.8299*1.03 -> 1.884797 | O39: =(17+19)*1.05 -> 37.8 | P39: 0 | Q39: =1.62*1.02 -> 1.6524 | R39: 4.2 | S39: 0.96 | T39: 0 | U39: 26 | V39: 33 | W39: =M39-N39-O39-P39-Q39-R39-S39-T39+U39+V39 -> 181.5028 | X39: =X38+AN39-(AO39/1.9835) -> 15561.678 | Y39: 1714 | AA39: 4.1 | AB39: 1.7 | AC39: 1.3 | AD39: 50 | AE39: =AE38-AD39 -> 14051.823 | AF39: =N39+O39+P39+Q39+R39+S39+T39+W39+AA39+AD39 -> 282.1 | AG39: =IF(L39<0,L39*-1,0) -> 0 | AH39: =AF39+AG39 -> 282.1 | AI39: 0 | AJ39: 74 | AK39: 41 | AL39: =AL38 -> 10481.921 | AN39: =I39-Q39-R39-W39-AB39 -> 595.9448 | AO39: =29.8*(X38*1.9835+AN39*1.9835+Y38*1.9835)/E39 -> 5.4261135
A40: =A39+1 -> 29 | B40: 6914.87 | C40: 341834 | D40: =C40-C39 -> 1615 | E40: =C40-152000 -> 189834 | F40: =D40/$D$2 -> 814.21729 | G40: 988 | H40: 43 | I40: =G40+H40 -> 1031 | J40: =IF(L40>0,L40,0) -> 63.217293 | K40: =I40+J40 -> 1094.2173 | L40: =F40-(I40-AF40) -> 63.217293 | M40: 170 | N40: =1.8299*1.03 -> 1.884797 | O40: =(16+16)*1.05 -> 33.6 | P40: 0 | Q40: =1.62*1.02 -> 1.6524 | R40: 4.02 | S40: 0.82 | T40: 0 | U40: 26 | V40: 34 | W40: =M40-N40-O40-P40-Q40-R40-S40-T40+U40+V40 -> 188.0228 | X40: =X39+AN40-(AO40/1.9835) -> 16165.848 | Y40: 1714 | AA40: 0 | AB40: 1.7 | AC40: 1.3 | AD40: 50 | AE40: =AE39-AD40 -> 14001.823 | AF40: =N40+O40+P40+Q40+R40+S40+T40+W40+AA40+AD40 -> 280 | AG40: =IF(L40<0,L40*-1,0) -> 0 | AH40: =AF40+AG40 -> 280 | AI40: 0 | AJ40: 72 | AK40: 45 | AL40: =AL39 -> 10481.921 | AN40: =795-W40 -> 606.9772 | AO40: =29.8*(X39*1.9835+AN40*1.9835+Y39*1.9835)/E40 -> 5.5680929
A41: 30 | B41: 6915.35 | C41: 343833 | D41: =C41-C40 -> 1999 | E41: =C41-152000 -> 191833 | F41: =D41/$D$2 -> 1007.8145 | G41: 1190 | H41: 39 | I41: =G41+H41 -> 1229 | J41: =IF(L41>0,L41,0) -> 123.81447 | K41: =I41+J41 -> 1352.8145 | L41: =F41-(I41-AF41) -> 123.81447 | M41: 230 | N41: =1.8299*1.03 -> 1.884797 | O41: =(30+31)*1.05 -> 64.05 | P41: 0 | Q41: =1.62*1.02 -> 1.6524 | R41: 4.2 | S41: 4.85 | T41: 0 | U41: 26 | V41: 39 | W41: =M41-N41-O41-P41-Q41-R41-S41-T41+U41+V41 -> 218.3628 | X41: =X40+AN41-(AO41/1.9835) -> 16739.618 | Y41: 1714 | AA41: 0 | AB41: 1.7 | AC41: 1.3 | AD41: 50 | AE41: =AE40-AD41 -> 13951.823 | AF41: =N41+O41+P41+Q41+R41+S41+T41+W41+AA41+AD41 -> 345 | AG41: =IF(L41<0,L41*-1,0) -> 0 | AH41: =AF41+AG41 -> 345 | AI41: 0 | AJ41: 77 | AK41: 43 | AL41: =AL40 -> 10481.921 | AN41: =795-W41 -> 576.6372 | AO41: =29.8*(X40*1.9835+AN41*1.9835+Y40*1.9835)/E41 -> 5.6868811
A43: MONTH / CFS | F43: =SUM(F12:F41) -> 17164.104 | G43: =SUM(G12:G41) -> 18644 | H43: =SUM(H12:H41) -> 935 | I43: =SUM(I12:I41) -> 19579 | J43: =SUM(J12:J41) -> 3267.9139 | K43: =SUM(K12:K41) -> 22846.914 | L43: =SUM(L12:L41) -> 3267.9139 | M43: =SUM(M12:M41) -> 3190.3 | ... W43: =SUM(W12:W41) -> 1828.8186 | AA43: =SUM(AA12:AA41) -> 133.1 | AB43: =SUM(AB12:AB41) -> 51 | AC43: =SUM(AC12:AC41) -> 39 | AD43: =SUM(AD12:AD41) -> 1494.61 | AF43: =SUM(AF12:AF41) -> 5682.81 | AG43: =SUM(AG12:AG41) -> 0 | AH43: =SUM(AH12:AH41) -> 5682.81 | AI43: =SUM(AI12:AI41) -> 0.6 | AJ43: =AVERAGE(AJ12:AJ41) -> 60.633333 | AK43: =AVERAGE(AK12:AK41) -> 33.366667 | AL43: AVG | AM43: =SUM(AM12:AM41) -> 0
A44: MONTH / AF | D44: =SUM(D12:D41) -> 34045 | F44: =F43*$D$2 -> 34045 | G44: =G43*$D$2 -> 36980.374 | H44: =H43*$D$2 -> 1854.5725 | I44: =I43*$D$2 -> 38834.946 | J44: =J43*$D$2 -> 6481.9071 | K44: =K43*$D$2 -> 45316.854 | L44: =L43*$D$2 -> 6481.9071 | M44: =M43*$D$2 -> 6327.96 | ... W44: =W43*$D$2 -> 3627.4617 | AA44: =AA43*$D$2 -> 264.00385 | AB44: =AB43*$D$2 -> 101.1585 | AC44: =AC43*$D$2 -> 77.3565 | AD44: =AD43*$D$2 -> 2964.5589 | AF44: =AF43*$D$2 -> 11271.854 | AG44: =AG43*$D$2 -> 0 | AH44: =AH43*$D$2 -> 11271.854 | AJ44: =MAX(AJ12:AJ41) -> 77 | AK44: =MAX(AK12:AK41) -> 45 | AL44: HI | AM44: =AM43*$D$2 -> 0 | AO44: =SUM(AO12:AO41) -> 103.6888
A46: SEASON / CFS | F46: =F43 -> 17164.104 | G46: =G43 -> 18644 | H46: =H43 -> 935 | I46: =I43 -> 19579 | J46: =J43 -> 3267.9139 | K46: =K43 -> 22846.914 | L46: =L43 -> 3267.9139 | M46: =M43 -> 3190.3 | N46: =N43 -> 56.54391 | O46: =O9+O43 -> 2064.9155 | P46: =P9+P43 -> 0 | U46: =U43 -> 470 | V46: =V43 -> 394.8 | W46: =W9+W43-262.16 -> 1566.6586 | X46: =X41 -> 16739.618 | Y46: =Y41 -> 1714 | AA46: =AA43 -> 133.1 | AB46: =AB43 -> 51 | AC46: =AC43 -> 39 | AF46: =AF43 -> 5682.81 | AG46: =AG43 -> 0 | AH46: =AH43 -> 5682.81 | AJ46: =MIN(AJ12:AJ41) -> 46 | AK46: =MIN(AK12:AK41) -> 19 | AL46: LO
A47: SEASON / AF | F47: =F46*$D$2 -> 34045 | G47: =G46*$D$2 -> 36980.374 | H47: =H46*$D$2 -> 1854.5725 | I47: =I46*$D$2 -> 38834.946 | J47: =J46*$D$2 -> 6481.9071 | K47: =K46*$D$2 -> 45316.854 | L47: =L46*$D$2 -> 6481.9071 | M47: =M46*$D$2 -> 6327.96 | ... P47: =P46*$D$2 -> 0 | U47: =U46*$D$2 -> 932.245 | V47: =V46*$D$2 -> 783.0858 | W47: =W46*$D$2 -> 3107.4673 | X47: =X46*$D$2 -> 33203.033 | Y47: =Y46*$D$2 -> 3399.719 | AA47: =AA46*$D$2 -> 264.00385 | AB47: =AB46*$D$2 -> 101.1585 | AC47: =AC46*$D$2 -> 77.3565 | AF47: =AF46*$D$2 -> 11271.854 | AG47: =AG46*$D$2 -> 0 | AH47: =AH46*$D$2 -> 11271.854 | AO47: =AO44 -> 103.6888
A49: YTD / CFS | F49: =F10+F43 -> 36759.264 | G49: =G10+G43 -> 41265 | H49: =H10+H43 -> 2422.58 | I49: =I10+I43 -> 43687.58 | J49: =J10+J43 -> 10356.848 | K49: =K10+K43 -> 54044.428 | L49: =L10+L43 -> 9015.9939 | M49: =M10+M43 -> 4186.7 | ... O49: =O10+O43 -> 2064.9155 | Q49: =Q10+Q43 -> 282.642 | R49: =R10+R43 -> 521.373 | S49: =S10+S43 -> 7.52 | T49: =T10+T43 -> -61.236 | U49: =U10+U43 -> 5845 | V49: =V10+V43 -> 520.9 | W49: =W10+W43 -> 7203.6742 | AD49: =AD10+AD43 -> 5258.61 | AE49: =AE41 -> 13951.823 | AF49: =AF10+AF43 -> 15944.31 | AG49: =AG10+AG43 -> 1340.8542 | AH49: =AH10+AH43 -> 17285.164 | AI49: =AI10+AI43 -> 5.29 | AM49: =AM10+AM43 -> 264.7472
A50: YTD / AF | D50: =D10+D44 -> 72912 | E50: =E41 -> 191833 | F50: =F49*$D$2 -> 72912 | G50: =G49*$D$2 -> 81849.128 | H50: =H49*$D$2 -> 4805.1874 | I50: =I49*$D$2 -> 86654.315 | J50: =J49*$D$2 -> 20542.808 | K50: =K49*$D$2 -> 107197.12 | L50: =L49*$D$2 -> 17883.224 | M50: =M49*$D$2 -> 8304.3195 | ... O50: =O49*$D$2 -> 4095.7599 | Q50: =Q49*$D$2 -> 560.62041 | R50: =R49*$D$2 -> 1034.1433 | S50: =S49*$D$2 -> 14.91592 | T50: =T49*$D$2 -> -121.46161 | U50: =U49*$D$2 -> 11593.558 | V50: =V49*$D$2 -> 1033.2052 | W50: =W49*$D$2 -> 14288.488 | AD50: =AD49*$D$2 -> 10430.453 | AE50: =AE49*$D$2 -> 27673.441 | AF50: =AF49*$D$2 -> 31625.539 | AG50: =AG49*$D$2 -> 2659.5843 | AH50: =AH49*$D$2 -> 34285.123 | AL50: =AL41 -> 10481.921 | AM50: =AM49*$D$2 -> 525.12607 | AO50: =AO44 -> 103.6888

Sheet MAY
K1: MCPHEE RESERVOIR INFLOW/OUTFLOW TABULATION
A2: AF/cfs CONVERT FACTOR | D2: 1.9835 | K2: MAY "2007"
D4: RESERVOIR | U4: INFLOW/OUTFLOW (CFS) | AJ4: WEATHER | AN4: ADJUSTMENTS
A5: DATE | B5: RESERV | C5: RESERV | D5: AC FT | E5: ACTIVE | F5: CONV TO | G5: DOLORES | H5: LOST | I5: RECORD | J5: CALC | K5: TOTAL | L5: CALC | M5: DOLORES TUNNEL | U5: LONE | V5: U | W5: TOTAL | X5: MVI | Y5: TO EX & | Z5: MVI | AA5: DV CR | AB5: D/S SENIOR | AD5: BELOW | AE5: FISH | AF5: RECORD | AG5: CALC | AH5: TOTAL | AI5: RAIN | AJ5: MAX | AK5: MIN | AL5: NAR | AM5: MVI | AN5: MVI | AO5: MVI | AP5: U/S | AQ5: TOTTEN
A6: MAY | B6: ELEV | C6: AC FT | D6: CHANGE | E6: CAP | F6: CFS | G6: RIVER | H6: CAN | I6: INFLOW | J6: INFLOW | K6: INFLOW | L6: INF/OTF | M6: TOT DIV | N6: WET | O6: UTE | P6: QUEST | Q6: MWC | R6: CTZ | S6: CTZ & | T6: F-BAY | U6: PINE | V6: LAT | W6: MVI | X6: CALL | Y6: U/S EX | Z6: PROJ | AA6: CANAL | AD6: MCP | AE6: LEFT | AF6: OTF | AG6: OTF | AH6: OTF | AJ6: TMP | AK6: TMP | AL6: CALL | AM6: STOCK | AN6: STORED | AO6: STORED | AP6: USERS | AQ6: (FRESH
E7: AC FT | N7: LAND | O7: F&R | S7: UTE | T7: SPILL | AL7: AC FT | AM7: CFS | AN7: Apr - Jun | AO7: EVAP | AP7: EXCH | AQ7: WATER)
N8: 1.03 | O8: 1.05 | P8: 1.02 | Q8: 1.02 | R8: 1.04 | S8: PROJ | AO8: AC.FT.
A9: SEASON BAL | F9: =APR!F46 -> 17164.104 | G9: =APR!G46 -> 18644 | H9: =APR!H46 -> 935 | I9: =APR!I46 -> 19579 | J9: =APR!J46 -> 3267.9139 | K9: =APR!K46 -> 22846.914 | L9: =APR!L46 -> 3267.9139 | M9: =APR!M46 -> 3190.3 | ... P9: =APR!P46 -> 0 | U9: =APR!U46 -> 470 | V9: =APR!V46 -> 394.8 | W9: =APR!W46 -> 1566.6586 | X9: =APR!X46 -> 16739.618 | Y9: =APR!Y46 -> 1714 | AA9: =APR!AA46 -> 133.1 | AB9: =APR!AB46 -> 51 | AC9: =APR!AC46 -> 39 | AF9: =APR!AF46 -> 5682.81 | AG9: =APR!AG46 -> 0 | AH9: =APR!AH46 -> 5682.81 | AO9: =APR!AO47 -> 103.6888 | AP9: =APR!AP46 -> 0
A10: YTD | B10: =APR!B41 -> 6915.35 | C10: =APR!C41 -> 343833 | D10: =APR!D50 -> 72912 | E10: =APR!E50 -> 191833 | F10: =APR!F49 -> 36759.264 | G10: =APR!G49 -> 41265 | H10: =APR!H49 -> 2422.58 | I10: =APR!I49 -> 43687.58 | J10: =APR!J49 -> 10356.848 | K10: =APR!K49 -> 54044.428 | L10: =APR!L49 -> 9015.9939 | M10: =APR!M49 -> 4186.7 | ... O10: =APR!O49 -> 2064.9155 | Q10: =APR!Q49 -> 282.642 | R10: =APR!R49 -> 521.373 | S10: =APR!S49 -> 7.52 | T10: =APR!T49 -> -61.236 | U10: =APR!U49 -> 5845 | V10: =APR!V49 -> 520.9 | W10: =APR!W49 -> 7203.6742 | AD10: =APR!AD49 -> 5258.61 | AE10: =APR!AE49 -> 13951.823 | AF10: =APR!AF49 -> 15944.31 | AG10: =APR!AG49 -> 1340.8542 | AH10: =APR!AH49 -> 17285.164 | AI10: =APR!AI49 -> 5.29 | AL10: =APR!AL50 -> 10481.921 | AM10: =APR!AM49 -> 264.7472 | AO10: =APR!AO50 -> 103.6888 | AP10: =APR!AP49 -> 0
A12: 1 | B12: 6915.98 | C12: 346463 | D12: =C12-C10 -> 2630 | E12: =C12-152000 -> 194463 | F12: =D12/$D$2 -> 1325.939 | G12: 1530 | H12: 44 | I12: =G12+H12 -> 1574 | J12: =IF(L12>0,L12,0) -> 161.939 | K12: =I12+J12 -> 1735.939 | L12: =F12-(I12-AF12) -> 161.939 | M12: 270 | N12: =1.8299*1.03 -> 1.884797 | O12: =(40+40)*1.05 -> 84 | P12: 0 | Q12: =2.03*1.02 -> 2.0706 | R12: 4.2 | S12: 2.71 | T12: 0 | U12: 26 | V12: 52 | W12: =M12-N12-O12-P12-Q12-R12-S12-T12+U12+V12-AQ12 -> 253.1346 | X12: =X9+AN12-(AO12/1.9835) -> 17276.863 | Y12: 1714 | AA12: 13 | AB12: 1.7 | AC12: 1.3 | AD12: 49 | AE12: =AE10-AD12 -> 13902.823 | AF12: =N12+O12+P12+Q12+R12+S12+T12+W12+AA12+AD12 -> 410 | AG12: =IF(L12<0,L12*-1,0) -> 0 | AH12: =AF12+AG12 -> 410 | AI12: 0.3 | AJ12: 74 | AK12: 40 | AL12: =AL10 -> 10481.921 | AN12: =795-W12 -> 541.8654 | AO12: =47.3*(X9*1.9835+AN12*1.9835+Y12*1.9835)/E12 -> 9.1644566
A13: =A12+1 -> 2 | B13: 6916.86 | C13: 350165 | D13: =C13-C12 -> 3702 | E13: =C13-152000 -> 198165 | F13: =D13/$D$2 -> 1866.3978 | G13: 2120 | H13: 73 | I13: =G13+H13 -> 2193 | J13: =IF(L13>0,L13,0) -> 70.497782 | K13: =I13+J13 -> 2263.4978 | L13: =F13-(I13-AF13) -> 70.497782 | M13: 265 | N13: =1.8299*1.03 -> 1.884797 | O13: =(37+41)*1.05 -> 81.9 | P13: 0 | Q13: =2.03*1.02 -> 2.0706 | R13: 3.43 | S13: 0 | T13: 0 | U13: 26 | V13: 55 | W13: =M13-N13-O13-P13-Q13-R13-S13-T13+U13+V13-AQ13 -> 256.7146 | X13: =X12+AN13-(AO13/1.9835) -> 17810.487 | Y13: 1714 | AA13: 1.1 | AB13: 1.7 | AC13: 1.3 | AD13: 50 | AE13: =AE12-AD13 -> 13852.823 | AF13: =N13+O13+P13+Q13+R13+S13+T13+W13+AA13+AD13 -> 397.1 | AG13: =IF(L13<0,L13*-1,0) -> 0 | AH13: =AF13+AG13 -> 397.1 | AI13: 0.21 | AJ13: 58 | AK13: 42 | AL13: =AL12 -> 10481.921 | AN13: =795-W13 -> 538.2854 | AO13: =47.3*(X12*1.9835+AN13*1.9835+Y13*1.9835)/E13 -> 9.2459109
A14: =A13+1 -> 3 | B14: 6917.73 | C14: 353849 | D14: =C14-C13 -> 3684 | E14: =C14-152000 -> 201849 | F14: =D14/$D$2 -> 1857.3229 | G14: 2040 | H14: 61 | I14: =G14+H14 -> 2101 | J14: =IF(L14>0,L14,0) -> 59.322914 | K14: =I14+J14 -> 2160.3229 | L14: =F14-(I14-AF14) -> 59.322914 | M14: 172 | N14: =1.8299*1.03 -> 1.884797 | O14: =(6.4+6.5)*1.05 -> 13.545 | P14: 0 | Q14: =2.03*1.02 -> 2.0706 | R14: 4.06 | S14: 0 | T14: 0 | U14: 27 | V14: 54 | W14: =M14-N14-O14-P14-Q14-R14-S14-T14+U14+V14-AQ14 -> 231.4396 | X14: =X13+AN14-(AO14/1.9835) -> 18369.34 | Y14: 1714 | AA14: 0 | AB14: 1.7 | AC14: 1.3 | AD14: 50 | AE14: =AE13-AD14 -> 13802.823 | AF14: =N14+O14+P14+Q14+R14+S14+T14+W14+AA14+AD14 -> 303 | AG14: =IF(L14<0,L14*-1,0) -> 0 | AH14: =AF14+AG14 -> 303 | AI14: 0 | AJ14: 69 | AK14: 41 | AL14: =AL13 -> 10481.921 | AN14: =795-W14 -> 563.5604 | AO14: =47.3*(X13*1.9835+AN14*1.9835+Y14*1.9835)/E14 -> 9.3369379
A15: =A14+1 -> 4 | B15: 6918.46 | C15: 356959 | D15: =C15-C14 -> 3110 | E15: =C15-152000 -> 204959 | F15: =D15/$D$2 -> 1567.9355 | G15: 1940 | H15: 50 | I15: =G15+H15 -> 1990 | J15: =IF(L15>0,L15,0) -> 0 | K15: =I15+J15 -> 1990 | L15: =F15-(I15-AF15) -> -58.564532 | M15: 223 | N15: =1.8299*1.03 -> 1.884797 | O15: =(20+20)*1.05 -> 42 | P15: 0 | Q15: =2.03*1.02 -> 2.0706 | R15: 4.2 | S15: 0.29 | T15: 0 | U15: 27 | V15: 54 | W15: =M15-N15-O15-P15-Q15-R15-S15-T15+U15+V15-AQ15 -> 253.5546 | X15: =X14+AN15-(AO15/1.9835) -> 18906.026 | Y15: 1714 | AA15: 9.5 | AB15: 1.7 | AC15: 1.3 | AD15: 50 | AE15: =AE14-AD15 -> 13752.823 | AF15: =N15+O15+P15+Q15+R15+S15+T15+W15+AA15+AD15 -> 363.5 | AG15: =IF(L15<0,L15*-1,0) -> 58.564532 | AH15: =AF15+AG15 -> 422.06453 | AI15: 0 | AJ15: 62 | AK15: 39 | AL15: =AL14 -> 10481.921 | AN15: =795-W15 -> 541.4454 | AO15: =47.3*(X14*1.9835+AN15*1.9835+Y15*1.9835)/E15 -> 9.4409521
A16: =A15+1 -> 5 | B16: 6919.14 | C16: 359870 | D16: =C16-C15 -> 2911 | E16: =C16-152000 -> 207870 | F16: =D16/$D$2 -> 1467.6078 | G16: 1480 | H16: 68 | I16: =G16+H16 -> 1548 | J16: =IF(L16>0,L16,0) -> 288.60776 | K16: =I16+J16 -> 1836.6078 | L16: =F16-(I16-AF16) -> 288.60776 | M16: 225 | N16: =1.8299*1.03 -> 1.884797 | O16: =(40+39)*1.05 -> 82.95 | P16: 0 | Q16: =2.03*1.02 -> 2.0706 | R16: 3.48 | S16: 0 | T16: 0 | U16: 27 | V16: 54 | W16: =M16-N16-O16-P16-Q16-R16-S16-T16+U16+V16-AQ16 -> 215.6146 | X16: =X15+AN16-(AO16/1.9835) -> 19480.587 | Y16: 1714 | AA16: 13 | AB16: 1.7 | AC16: 1.3 | AD16: 50 | AE16: =AE15-AD16 -> 13702.823 | AF16: =N16+O16+P16+Q16+R16+S16+T16+W16+AA16+AD16 -> 369 | AG16: =IF(L16<0,L16*-1,0) -> 0 | AH16: =AF16+AG16 -> 369 | AI16: 0.35 | AJ16: 42 | AK16: 33 | AL16: =AL15 -> 10481.921 | AN16: =795-W16 -> 579.3854 | AO16: =47.3*(X15*1.9835+AN16*1.9835+Y16*1.9835)/E16 -> 9.5680917
A17: =A16+1 -> 6 | B17: 6919.64 | C17: 362023 | D17: =C17-C16 -> 2153 | E17: =C17-152000 -> 210023 | F17: =D17/$D$2 -> 1085.455 | G17: 1140 | H17: 62 | I17: =G17+H17 -> 1202 | J17: =IF(L17>0,L17,0) -> 143.655 | K17: =I17+J17 -> 1345.655 | L17: =F17-(I17-AF17) -> 143.655 | M17: 122 | N17: =1.8299*1.03 -> 1.884797 | O17: =(19+18)*1.05 -> 38.85 | P17: 0 | Q17: =2.03*1.02 -> 2.0706 | R17: 3.32 | S17: 0 | T17: 0 | U17: 27 | V17: 53 | W17: =M17-N17-O17-P17-Q17-R17-S17-T17+U17+V17-AQ17 -> 155.8746 | X17: =X16+AN17-(AO17/1.9835) -> 20114.796 | Y17: 1714 | AA17: 8.2 | AB17: 1.7 | AC17: 1.3 | AD17: 50 | AE17: =AE16-AD17 -> 13652.823 | AF17: =N17+O17+P17+Q17+R17+S17+T17+W17+AA17+AD17 -> 260.2 | AG17: =IF(L17<0,L17*-1,0) -> 0 | AH17: =AF17+AG17 -> 260.2 | AI17: 0.03 | AJ17: 49 | AK17: 31 | AL17: =AL16 -> 10481.921 | AN17: =795-W17 -> 639.1254 | AO17: =47.3*(X16*1.9835+AN17*1.9835+Y17*1.9835)/E17 -> 9.7533561
A18: =A17+1 -> 7 | B18: 6920.05 | C18: 363790 | D18: =C18-C17 -> 1767 | E18: =C18-152000 -> 211790 | F18: =D18/$D$2 -> 890.84951 | G18: 973 | H18: 53 | I18: =G18+H18 -> 1026 | J18: =IF(L18>0,L18,0) -> 122.84951 | K18: =I18+J18 -> 1148.8495 | L18: =F18-(I18-AF18) -> 122.84951 | M18: 121 | N18: =1.8299*1.03 -> 1.884797 | O18: =(0.48*1.05) -> 0.504 | P18: 2.11 | Q18: =2.03*1.02 -> 2.0706 | R18: 3.28 | S18: 0 | T18: 0 | U18: 27 | V18: 55 | W18: =M18-N18-O18-P18-Q18-R18-S18-T18+U18+V18-AQ18 -> 193.1506 | X18: =X17+AN18-(AO18/1.9835) -> 20711.635 | Y18: 1714 | AA18: 5 | AB18: 1.7 | AC18: 1.3 | AD18: 50 | AE18: =AE17-AD18 -> 13602.823 | AF18: =N18+O18+P18+Q18+R18+S18+T18+W18+AA18+AD18 -> 258 | AG18: =IF(L18<0,L18*-1,0) -> 0 | AH18: =AF18+AG18 -> 258 | AI18: 0 | AJ18: 58 | AK18: 31 | AL18: =AL17 -> 10481.921 | AN18: =795-W18 -> 601.8494 | AO18: =47.3*(X17*1.9835+AN18*1.9835+Y18*1.9835)/E18 -> 9.9364135
A19: =A18+1 -> 8 | B19: 6920.42 | C19: 365397 | D19: =C19-C18 -> 1607 | E19: =C19-152000 -> 213397 | F19: =D19/$D$2 -> 810.18402 | G19: 993 | H19: 65 | I19: =G19+H19 -> 1058 | J19: =IF(L19>0,L19,0) -> 47.184018 | K19: =I19+J19 -> 1105.184 | L19: =F19-(I19-AF19) -> 47.184018 | M19: 142 | N19: =1.8299*1.03 -> 1.884797 | O19: 0 | P19: 4.86 | Q19: =2.03*1.02 -> 2.0706 | R19: 1.84 | S19: 0 | T19: 0 | U19: 27 | V19: 57 | W19: =M19-N19-O19-P19-Q19-R19-S19-T19+U19+V19-AQ19 -> 215.3446 | X19: =X18+AN19-(AO19/1.9835) -> 21286.192 | Y19: 1714 | AA19: 19 | AB19: 1.7 | AC19: 1.3 | AD19: 50 | AE19: =AE18-AD19 -> 13552.823 | AF19: =N19+O19+P19+Q19+R19+S19+T19+W19+AA19+AD19 -> 295 | AG19: =IF(L19<0,L19*-1,0) -> 0 | AH19: =AF19+AG19 -> 295 | AI19: 0 | AJ19: 65 | AK19: 32 | AL19: =AL18 -> 10481.921 | AN19: =795-W19 -> 579.6554 | AO19: =47.3*(X18*1.9835+AN19*1.9835+Y19*1.9835)/E19 -> 10.114229
A20: =A19+1 -> 9 | B20: 6920.81 | C20: 367090 | D20: =C20-C19 -> 1693 | E20: =C20-152000 -> 215090 | F20: =D20/$D$2 -> 853.54172 | G20: 979 | H20: 70 | I20: =G20+H20 -> 1049 | J20: =IF(L20>0,L20,0) -> 131.54172 | K20: =I20+J20 -> 1180.5417 | L20: =F20-(I20-AF20) -> 131.54172 | M20: 180 | N20: =1.8299*1.03 -> 1.884797 | O20: =(4+5)*1.05 -> 9.45 | P20: 0.35 | Q20: =2.03*1.02 -> 2.0706 | R20: 2.38 | S20: 0 | T20: 0 | U20: 27 | V20: 58 | W20: =M20-N20-O20-P20-Q20-R20-S20-T20+U20+V20-AQ20 -> 248.8646 | X20: =X19+AN20-(AO20/1.9835) -> 21827.149 | Y20: 1714 | AA20: 12 | AB20: 1.7 | AC20: 1.3 | AD20: 50 | AE20: =AE19-AD20 -> 13502.823 | AF20: =N20+O20+P20+Q20+R20+S20+T20+W20+AA20+AD20 -> 327 | AG20: =IF(L20<0,L20*-1,0) -> 0 | AH20: =AF20+AG20 -> 327 | AI20: 0 | AJ20: 70 | AK20: 37 | AL20: =AL19 -> 10481.921 | AN20: =795-W20 -> 546.1354 | AO20: =47.3*(X19*1.9835+AN20*1.9835+Y20*1.9835)/E20 -> 10.270611
A21: =A20+1 -> 10 | B21: 6921.23 | C21: 368922 | D21: =C21-C20 -> 1832 | E21: =C21-152000 -> 216922 | F21: =D21/$D$2 -> 923.61986 | G21: 1070 | H21: 70 | I21: =G21+H21 -> 1140 | J21: =IF(L21>0,L21,0) -> 127.61986 | K21: =I21+J21 -> 1267.6199 | L21: =F21-(I21-AF21) -> 127.61986 | M21: 176 | N21: =1.8299*1.03 -> 1.884797 | O21: =(6.6+8)*1.05 -> 15.33 | P21: 0 | Q21: =2.03*1.02 -> 2.0706 | R21: 4.2 | S21: 0.82 | T21: 0 | U21: 28 | V21: 63 | W21: =M21-N21-O21-P21-Q21-R21-S21-T21+U21+V21-AQ21 -> 242.6946 | X21: =X20+AN21-(AO21/1.9835) -> 22374.201 | Y21: 1714 | AA21: 27 | AB21: 1.7 | AC21: 1.3 | AD21: 50 | AE21: =AE20-AD21 -> 13452.823 | AF21: =N21+O21+P21+Q21+R21+S21+T21+W21+AA21+AD21 -> 344 | AG21: =IF(L21<0,L21*-1,0) -> 0 | AH21: =AF21+AG21 -> 344 | AI21: 0 | AJ21: 78 | AK21: 38 | AL21: =AL20 -> 10481.921 | AN21: =795-W21 -> 552.3054 | AO21: =47.3*(X20*1.9835+AN21*1.9835+Y21*1.9835)/E21 -> 10.420506
A22: =A21+1 -> 11 | B22: 6921.69 | C22: 370936 | D22: =C22-C21 -> 2014 | E22: =C22-152000 -> 218936 | F22: =D22/$D$2 -> 1015.3769 | G22: 1430 | H22: 74 | I22: =G22+H22 -> 1504 | J22: =IF(L22>0,L22,0) -> 0 | K22: =I22+J22 -> 1504 | L22: =F22-(I22-AF22) -> -15.623141 | M22: 219 | N22: =1.8299*1.03 -> 1.884797 | O22: =(10+10)*1.05 -> 21 | P22: 0 | Q22: =2.03*1.02 -> 2.0706 | R22: 2.58 | S22: 0 | T22: 0 | U22: 83 | V22: 64 | W22: =M22-N22-O22-P22-Q22-R22-S22-T22+U22+V22-AQ22 -> 338.4646 | X22: =X21+AN22-(AO22/1.9835) -> 22825.434 | Y22: 1714 | AA22: 57 | AB22: 1.7 | AC22: 1.3 | AD22: 50 | AE22: =AE21-AD22 -> 13402.823 | AF22: =N22+O22+P22+Q22+R22+S22+T22+W22+AA22+AD22 -> 473 | AG22: =IF(L22<0,L22*-1,0) -> 15.623141 | AH22: =AF22+AG22 -> 488.62314 | AI22: 0 | AJ22: 78 | AK22: 39 | AL22: =AL21 -> 10481.921 | AN22: =795-W22 -> 456.5354 | AO22: =47.3*(X21*1.9835+AN22*1.9835+Y22*1.9835)/E22 -> 10.518033
A23: =A22+1 -> 12 | B23: 6921.89 | C23: 371812 | D23: =C23-C22 -> 876 | E23: =C23-152000 -> 219812 | F23: =D23/$D$2 -> 441.64356 | G23: 1680 | H23: 72 | I23: =G23+H23 -> 1752 | J23: =IF(L23>0,L23,0) -> 0 | K23: =I23+J23 -> 1752 | L23: =F23-(I23-AF23) -> -78.356441 | M23: 296 | N23: =1.8299*1.03 -> 1.884797 | O23: =(35+37)*1.05 -> 75.6 | P23: 0 | Q23: =2.03*1.02 -> 2.0706 | R23: 2.35 | S23: 0 | T23: 0 | U23: 117 | V23: 65 | W23: =M23-N23-O23-P23-Q23-R23-S23-T23+U23+V23-AQ23 -> 396.0946 | X23: =X22+AN23-AD23-(AO23/1.9835) -> 22537.973 | Y23: 1714 | AA23: 73 | AB23: 1.7 | AC23: 1.3 | AD23: 681 | AE23: =AE22 -> 13402.823 | AF23: =N23+O23+P23+Q23+R23+S23+T23+W23+AA23+AD23 -> 1232 | AG23: =IF(L23<0,L23*-1,0) -> 78.356441 | AH23: =AF23+AG23 -> 1310.3564 | AI23: 0 | AJ23: 80 | AK23: 42 | AL23: =AL22 -> 10481.921 | AN23: =795-W23 -> 398.9054 | AO23: =47.3*(X22*1.9835+AN23*1.9835+Y23*1.9835)/E23 -> 10.644113
A24: =A23+1 -> 13 | B24: 6922.24 | C24: 373353 | D24: =C24-C23 -> 1541 | E24: =C24-152000 -> 221353 | F24: =D24/$D$2 -> 776.9095 | G24: 1930 | H24: 72 | I24: =G24+H24 -> 2002 | J24: =IF(L24>0,L24,0) -> 18.909503 | K24: =I24+J24 -> 2020.9095 | L24: =F24-(I24-AF24) -> 18.909503 | M24: 284 | N24: =1.8299*1.03 -> 1.884797 | O24: =(42+46)*1.05 -> 92.4 | P24: 0 | Q24: =2.03*1.02 -> 2.0706 | R24: 4.2 | S24: 1.44 | T24: 0 | U24: 117 | V24: 67 | W24: =M24-N24-O24-P24-Q24-R24-S24-T24+U24+V24-AQ24 -> 366.0046 | X24: =X23+AN24-AD24-(AO24/1.9835) -> 22253.694 | Y24: 1714 | AA24: 68 | AB24: 1.7 | AC24: 1.3 | AD24: 708 | AE24: =AE23 -> 13402.823 | AF24: =N24+O24+P24+Q24+R24+S24+T24+W24+AA24+AD24 -> 1244 | AG24: =IF(L24<0,L24*-1,0) -> 0 | AH24: =AF24+AG24 -> 1244 | AI24: 0 | AJ24: 78 | AK24: 42 | AL24: =AL23 -> 10481.921 | AN24: =795-W24 -> 428.9954 | AO24: =47.3*(X23*1.9835+AN24*1.9835+Y24*1.9835)/E24 -> 10.460926
A25: =A24+1 -> 14 | B25: 6922.88 | C25: 376179 | D25: =C25-C24 -> 2826 | E25: =C25-152000 -> 224179 | F25: =D25/$D$2 -> 1424.7542 | G25: 2290 | H25: 74 | I25: =G25+H25 -> 2364 | J25: =IF(L25>0,L25,0) -> 0 | K25: =I25+J25 -> 2364 | L25: =F25-(I25-AF25) -> -88.245778 | M25: 227 | N25: =1.8299*1.03 -> 1.884797 | O25: =(18+17)*1.05 -> 36.75 | P25: 0 | Q25: =2.03*1.02 -> 2.0706 | R25: 4.2 | S25: 1.3 | T25: 0 | U25: 117 | V25: 69 | W25: =M25-N25-O25-P25-Q25-R25-S25-T25+U25+V25-AQ25 -> 355.7946 | X25: =X24+AN25-AD25-(AO25/1.9835) -> 22342.75 | Y25: 1714 | AA25: 104 | AB25: 1.7 | AC25: 1.3 | AD25: 345 | AE25: =AE24 -> 13402.823 | AF25: =N25+O25+P25+Q25+R25+S25+T25+W25+AA25+AD25 -> 851 | AG25: =IF(L25<0,L25*-1,0) -> 88.245778 | AH25: =AF25+AG25 -> 939.24578 | AI25: 0 | AJ25: 77 | AK25: 47 | AL25: =AL24 -> 10481.921 | AN25: =795-W25 -> 439.2054 | AO25: =47.3*(X24*1.9835+AN25*1.9835+Y25*1.9835)/E25 -> 10.214357 | AQ25: 11
A26: =A25+1 -> 15 | B26: 6922.86 | C26: 376091 | D26: =C26-C25 -> -88 | E26: =C26-152000 -> 224091 | F26: =D26/$D$2 -> -44.36602 | G26: 2420 | H26: 68 | I26: =G26+H26 -> 2488 | J26: =IF(L26>0,L26,0) -> 0 | K26: =I26+J26 -> 2488 | L26: =F26-(I26-AF26) -> -45.36602 | M26: 295 | N26: =1.8299*1.03 -> 1.884797 | O26: =(12+13)*1.05 -> 26.25 | P26: 0 | Q26: =2.03*1.02 -> 2.0706 | R26: 4.2 | S26: 1.5 | T26: 0 | U26: 127 | V26: 72 | W26: =M26-N26-O26-P26-Q26-R26-S26-T26+U26+V26-AQ26 -> 435.0946 | X26: =X25+AN26-AD26-(AO26/1.9835) -> 20827.501 | Y26: 1714 | AA26: 146 | AB26: 1.7 | AC26: 1.3 | AD26: 1870 | AE26: =AE25 -> 13402.823 | AF26: =N26+O26+P26+Q26+R26+S26+T26+W26+AA26+AD26 -> 2487 | AG26: =IF(L26<0,L26*-1,0) -> 45.36602 | AH26: =AF26+AG26 -> 2532.366 | AI26: 0 | AJ26: 77 | AK26: 45 | AL26: =AL25 -> 10481.921 | AN26: =795-W26 -> 359.9054 | AO26: =47.3*(X25*1.9835+AN26*1.9835+Y26*1.9835)/E26 -> 10.222452 | AQ26: 23
A27: =A26+1 -> 16 | B27: 6922.77 | C27: 375693 | D27: =C27-C26 -> -398 | E27: =C27-152000 -> 223693 | F27: =D27/$D$2 -> -200.65541 | G27: 2300 | H27: 46 | I27: =G27+H27 -> 2346 | J27: =IF(L27>0,L27,0) -> 0 | K27: =I27+J27 -> 2346 | L27: =F27-(I27-AF27) -> -52.655407 | M27: 296 | N27: =1.8299*1.03 -> 1.884797 | O27: =(32+30)*1.02 -> 63.24 | P27: 0 | Q27: =2.03*1.02 -> 2.0706 | R27: 4.2 | S27: 3.27 | T27: 0 | U27: 135 | V27: 72 | W27: =M27-N27-O27-P27-Q27-R27-S27-T27+U27+V27-AQ27 -> 405.3346 | X27: =X26+AN27-AD27-(AO27/1.9835) -> 19332.318 | Y27: 1714 | AA27: 134 | AB27: 1.7 | AC27: 1.3 | AD27: 1880 | AE27: =AE26 -> 13402.823 | AF27: =N27+O27+P27+Q27+R27+S27+T27+W27+AA27+AD27 -> 2494 | AG27: =IF(L27<0,L27*-1,0) -> 52.655407 | AH27: =AF27+AG27 -> 2546.6554 | AI27: 0.17 | AJ27: 65 | AK27: 43 | AL27: =AL26 -> 10481.921 | AN27: =795-W27 -> 389.6654 | AO27: =47.3*(X26*1.9835+AN27*1.9835+Y27*1.9835)/E27 -> 9.6176087 | AQ27: 23
A28: =A27+1 -> 17 | B28: 6922.78 | C28: 375737 | D28: =C28-C27 -> 44 | E28: =C28-152000 -> 223737 | F28: =D28/$D$2 -> 22.18301 | G28: 2020 | H28: 8.5 | I28: =G28+H28 -> 2028.5 | J28: =IF(L28>0,L28,0) -> 0 | K28: =I28+J28 -> 2028.5 | L28: =F28-(I28-AF28) -> -105.31699 | M28: 328 | N28: =1.8299*1.03 -> 1.884797 | O28: =(42+43)*1.05 -> 89.25 | P28: 0 | Q28: =2.03*1.02 -> 2.0706 | R28: 4.2 | S28: 1.22 | T28: 0 | U28: 357 | V28: 71 | W28: =M28-N28-O28-P28-Q28-R28-S28-T28+U28+V28-AQ28 -> 633.3746 | X28: =X27+AN28-AD28-(AO28/1.9835) -> 18512.46 | Y28: 1714 | AA28: 192 | AB28: 1.7 | AC28: 1.3 | AD28: 977 | AE28: =AE27 -> 13402.823 | AF28: =N28+O28+P28+Q28+R28+S28+T28+W28+AA28+AD28 -> 1901 | AG28: =IF(L28<0,L28*-1,0) -> 105.31699 | AH28: =AF28+AG28 -> 2006.317 | AI28: 0 | AJ28: 68 | AK28: 41 | AL28: =AL27 -> 10481.921 | AN28: =795-W28 -> 161.6254 | AO28: =47.3*(X27*1.9835+AN28*1.9835+Y28*1.9835)/E28 -> 8.8931187 | AQ28: 24
A29: =A28+1 -> 18 | B29: 6922.89 | C29: 376223 | D29: =C29-C28 -> 486 | E29: =C29-152000 -> 224223 | F29: =D29/$D$2 -> 245.02143 | G29: 1650 | H29: 4 | I29: =G29+H29 -> 1654 | J29: =IF(L29>0,L29,0) -> 111.52143 | K29: =I29+J29 -> 1765.5214 | L29: =F29-(I29-AF29) -> 111.52143 | M29: 323 | N29: =1.8299*1.03 -> 1.884797 | O29: =(36+38)*1.05 -> 77.7 | P29: 0 | Q29: =2.03*1.02 -> 2.0706 | R29: 4.2 | S29: 1.06 | T29: 0 | U29: 475 | V29: 72 | W29: =M29-N29-O29-P29-Q29-R29-S29-T29+U29+V29-AQ29+37.5 -> 794.9846 | X29: =X28+AN29-AD29-(AO29/1.9835) -> 17994.222 | Y29: =1714-65.4 -> 1648.6 | AA29: 190 | AB29: 1.7 | AC29: 1.3 | AD29: 514 | AE29: =AE28 -> 13402.823 | AF29: =N29+O29+P29+Q29+R29+S29+T29+W29+AA29+AD29-65.4 -> 1520.5 | AG29: =IF(L29<0,L29*-1,0) -> 0 | AH29: =AF29+AG29 -> 1520.5 | AI29: 0.03 | AJ29: 75 | AK29: 41 | AL29: =AL28 -> 10481.921 | AN29: =795-W29 -> 0.015397 | AO29: =47.3*(X28*1.9835+AN29*1.9835+Y29*1.9835)/E29 -> 8.4358117 | AQ29: 25.6
A30: =A29+1 -> 19 | B30: 6923.12 | C30: 377243 | D30: =C30-C29 -> 1020 | E30: =C30-152000 -> 225243 | F30: =D30/$D$2 -> 514.2425 | G30: 1800 | H30: 2.8 | I30: =G30+H30 -> 1802.8 | J30: =IF(L30>0,L30,0) -> 8.9425006 | K30: =I30+J30 -> 1811.7425 | L30: =F30-(I30-AF30) -> 8.9425006 | M30: 314 | N30: =1.8299*1.03 -> 1.884797 | O30: =(25+29)*1.05 -> 56.7 | P30: 0 | Q30: =2.03*1.02 -> 2.0706 | R30: 4.2 | S30: 1.94 | T30: 0 | U30: 364 | V30: 74 | W30: =M30-N30-O30-P30-Q30-R30-S30-T30+U30+V30-AQ30 -> 658.7046 | X30: =X29+AN30-AD30-(AO30/1.9835) -> 17773.364 | Y30: =Y29 -> 1648.6 | AA30: 219 | AB30: 1.7 | AC30: 1.3 | AD30: 353 | AE30: =AE29 -> 13402.823 | AF30: =N30+O30+P30+Q30+R30+S30+T30+W30+AA30+AD30 -> 1297.5 | AG30: =IF(L30<0,L30*-1,0) -> 0 | AH30: =AF30+AG30 -> 1297.5 | AI30: 0.01 | AJ30: 75 | AK30: 41 | AL30: =AL29 -> 10481.921 | AN30: =795-W30 -> 136.2954 | AO30: =47.3*(X29*1.9835+AN30*1.9835+Y30*1.9835)/E30 -> 8.2385154 | AQ30: 26.5
A31: =A30+1 -> 20 | B31: 6923.29 | C31: 378000 | D31: =C31-C30 -> 757 | E31: =C31-152000 -> 226000 | F31: =D31/$D$2 -> 381.6486 | G31: 1660 | H31: 2.2 | I31: =G31+H31 -> 1662.2 | J31: =IF(L31>0,L31,0) -> 0 | K31: =I31+J31 -> 1662.2 | L31: =F31-(I31-AF31) -> -85.351399 | M31: 299 | N31: =1.8299*1.03 -> 1.884797 | O31: =(25+29)*1.05 -> 56.7 | P31: 0 | Q31: =2.03*1.02 -> 2.0706 | R31: 4.2 | S31: 2.55 | T31: 0 | U31: 309 | V31: 75 | W31: =M31-N31-O31-P31-Q31-R31-S31-T31+U31+V31-AQ31 -> 588.7946 | X31: =X30+AN31-AD31-(AO31/1.9835) -> 17655.461 | Y31: =Y30 -> 1648.6 | AA31: 219 | AB31: 1.7 | AC31: 1.3 | AD31: 320 | AE31: =AE30 -> 13402.823 | AF31: =N31+O31+P31+Q31+R31+S31+T31+W31+AA31+AD31 -> 1195.2 | AG31: =IF(L31<0,L31*-1,0) -> 85.351399 | AH31: =AF31+AG31 -> 1280.5514 | AI31: 0.01 | AJ31: 71 | AK31: 43 | AL31: =AL30 -> 10481.921 | AN31: =795-W31 -> 206.2054 | AO31: =47.3*(X30*1.9835+AN31*1.9835+Y31*1.9835)/E31 -> 8.1482568 | AQ31: 26.8
A32: =A31+1 -> 21 | B32: 6923.52 | C32: 379023 | D32: =C32-C31 -> 1023 | E32: =C32-152000 -> 227023 | F32: =D32/$D$2 -> 515.75498 | G32: 1480 | H32: 20 | I32: =G32+H32 -> 1500 | J32: =IF(L32>0,L32,0) -> 41.054979 | K32: =I32+J32 -> 1541.055 | L32: =F32-(I32-AF32) -> 41.054979 | M32: 288 | N32: =1.8299*1.03 -> 1.884797 | O32: =(28+34)*1.05 -> 65.1 | P32: 0 | Q32: =2.03*1.02 -> 2.0706 | R32: 4.2 | S32: 3.24 | T32: 0 | U32: 238 | V32: 76 | W32: =M32-N32-O32-P32-Q32-R32-S32-T32+U32+V32-AQ32 -> 499.8046 | X32: =X31+AN32-AD32-(AO32/1.9835) -> 17712.573 | Y32: =Y31 -> 1648.6 | AA32: 215 | AB32: 1.7 | AC32: 1.3 | AD32: 234 | AE32: =AE31 -> 13402.823 | AF32: =N32+O32+P32+Q32+R32+S32+T32+W32+AA32+AD32 -> 1025.3 | AG32: =IF(L32<0,L32*-1,0) -> 0 | AH32: =AF32+AG32 -> 1025.3 | AI32: 0 | AJ32: 73 | AK32: 42 | AL32: =AL31 -> 10481.921 | AN32: =795-W32 -> 295.1954 | AO32: =47.3*(X31*1.9835+AN32*1.9835+Y32*1.9835)/E32 -> 8.0995911 | AQ32: 25.7
A33: =A32+1 -> 22 | B33: 6923.84 | C33: 380448 | D33: =C33-C32 -> 1425 | E33: =C33-152000 -> 228448 | F33: =D33/$D$2 -> 718.42702 | G33: 1650 | H33: 3.7 | I33: =G33+H33 -> 1653.7 | J33: =IF(L33>0,L33,0) -> 198.92702 | K33: =I33+J33 -> 1852.627 | L33: =F33-(I33-AF33) -> 198.92702 | M33: 340 | N33: =1.8299*1.03 -> 1.884797 | O33: =(37+38)*1.05 -> 78.75 | P33: 0 | Q33: =2.03*1.02 -> 2.0706 | R33: 4.2 | S33: 0.94 | T33: 0 | U33: 161 | V33: 74 | W33: =M33-N33-O33-P33-Q33-R33-S33-T33+U33+V33-AQ33 -> 462.3546 | X33: =X32+AN33-AD33-(AO33/1.9835) -> 17643.141 | Y33: =Y32 -> 1648.6 | AA33: 186 | AB33: 1.7 | AC33: 1.3 | AD33: 398 | AE33: =AE32 -> 13402.823 | AF33: =N33+O33+P33+Q33+R33+S33+T33+W33+AA33+AD33 -> 1134.2 | AG33: =IF(L33<0,L33*-1,0) -> 0 | AH33: =AF33+AG33 -> 1134.2 | AI33: 0.08 | AJ33: 61 | AK33: 37 | AL33: =AL32 -> 10481.921 | AN33: =795-W33 -> 332.6454 | AO33: =47.3*(X32*1.9835+AN33*1.9835+Y33*1.9835)/E33 -> 8.0879028 | AQ33: 24.8
A34: =A33+1 -> 23 | B34: 6923.97 | C34: 381026 | D34: =C34-C33 -> 578 | E34: =C34-152000 -> 229026 | F34: =D34/$D$2 -> 291.40408 | G34: 1290 | H34: 2.7 | I34: =G34+H34 -> 1292.7 | J34: =IF(L34>0,L34,0) -> 74.104084 | K34: =I34+J34 -> 1366.8041 | L34: =F34-(I34-AF34) -> 74.104084 | M34: 255 | N34: =1.8299*1.03 -> 1.884797 | O34: =(34+35)*1.05 -> 72.45 | P34: 0 | Q34: =2.03*1.02 -> 2.0706 | R34: 4.2 | S34: 0.36 | T34: 0 | U34: 281 | V34: 70 | W34: =M34-N34-O34-P34-Q34-R34-S34-T34+U34+V34-AQ34 -> 498.4346 | X34: =X33+AN34-AD34-(AO34/1.9835) -> 17586.661 | Y34: =Y33 -> 1648.6 | AA34: 147 | AB34: 1.7 | AC34: 1.3 | AD34: 349 | AE34: =AE33 -> 13402.823 | AF34: =N34+O34+P34+Q34+R34+S34+T34+W34+AA34+AD34 -> 1075.4 | AG34: =IF(L34<0,L34*-1,0) -> 0 | AH34: =AF34+AG34 -> 1075.4 | AI34: 0.31 | AJ34: 47 | AK34: 36 | AL34: =AL33 -> 10481.921 | AN34: =795-W34 -> 296.5654 | AO34: =47.3*(X33*1.9835+AN34*1.9835+Y34*1.9835)/E34 -> 8.0242685 | AQ34: 26.6
A35: =A34+1 -> 24 | B35: 6923.94 | C35: 380893 | D35: =C35-C34 -> -133 | E35: =C35-152000 -> 228893 | F35: =D35/$D$2 -> -67.053189 | G35: 1050 | H35: 2.7 | I35: =G35+H35 -> 1052.7 | J35: =IF(L35>0,L35,0) -> 0 | K35: =I35+J35 -> 1052.7 | L35: =F35-(I35-AF35) -> -33.453189 | M35: 175 | N35: =1.8299*1.03 -> 1.884797 | O35: =(8.7+9.9)*1.05 -> 19.53 | P35: 0 | Q35: =2.03*1.02 -> 2.0706 | R35: 3.7 | S35: 0 | T35: 0 | U35: 370 | V35: 67 | W35: =M35-N35-O35-P35-Q35-R35-S35-T35+U35+V35-AQ35 -> 569.1146 | X35: =X34+AN35-AD35-(AO35/1.9835) -> 17454.525 | Y35: =Y34 -> 1648.6 | AA35: 136 | AB35: 1.7 | AC35: 1.3 | AD35: 354 | AE35: =AE34 -> 13402.823 | AF35: =N35+O35+P35+Q35+R35+S35+T35+W35+AA35+AD35 -> 1086.3 | AG35: =IF(L35<0,L35*-1,0) -> 33.453189 | AH35: =AF35+AG35 -> 1119.7532 | AI35: 0 | AJ35: 62 | AK35: 31 | AL35: =AL34 -> 10481.921 | AN35: =795-W35 -> 225.8854 | AO35: =47.3*(X34*1.9835+AN35*1.9835+Y35*1.9835)/E35 -> 7.9768101 | AQ35: 15.7
A36: =A35+1 -> 25 | B36: 6924.02 | C36: 381250 | D36: =C36-C35 -> 357 | E36: =C36-152000 -> 229250 | F36: =D36/$D$2 -> 179.98488 | G36: 1030 | H36: 2.1 | I36: =G36+H36 -> 1032.1 | J36: =IF(L36>0,L36,0) -> 210.88488 | K36: =I36+J36 -> 1242.9849 | L36: =F36-(I36-AF36) -> 210.88488 | M36: 141 | N36: =1.8299*1.03 -> 1.884797 | O36: =(2.8+3.1)*1.05 -> 6.195 | P36: 0 | Q36: =2.03*1.02 -> 2.0706 | R36: 4.04 | S36: 0 | T36: 0 | U36: 368 | V36: 69 | W36: =M36-N36-O36-P36-Q36-R36-S36-T36+U36+V36-AQ36 -> 563.8096 | X36: =X35+AN36-AD36-(AO36/1.9835) -> 17384.726 | Y36: =Y35 -> 1648.6 | AA36: 188 | AB36: 1.7 | AC36: 1.3 | AD36: 297 | AE36: =AE35 -> 13402.823 | AF36: =N36+O36+P36+Q36+R36+S36+T36+W36+AA36+AD36 -> 1063 | AG36: =IF(L36<0,L36*-1,0) -> 0 | AH36: =AF36+AG36 -> 1063 | AI36: 0 | AJ36: 73 | AK36: 42 | AL36: =AL35 -> 10481.921 | AN36: =795-W36 -> 231.1904 | AO36: =47.3*(X35*1.9835+AN36*1.9835+Y36*1.9835)/E36 -> 7.9124831
A37: =A36+1 -> 26 | B37: 6924.03 | C37: 381294 | D37: =C37-C36 -> 44 | E37: =C37-152000 -> 229294 | F37: =D37/$D$2 -> 22.18301 | G37: 944 | H37: 2 | I37: =G37+H37 -> 946 | J37: =IF(L37>0,L37,0) -> 87.18301 | K37: =I37+J37 -> 1033.183 | L37: =F37-(I37-AF37) -> 87.18301 | M37: 176 | N37: =1.8299*1.03 -> 1.884797 | O37: =(2.2+2.3)*1.05 -> 4.725 | P37: 0 | Q37: =2.03*1.02 -> 2.0706 | R37: 4.2 | S37: 0.2 | T37: 0 | U37: 252 | V37: 71 | W37: =M37-N37-O37-P37-Q37-R37-S37-T37+U37+V37-AQ37 -> 485.9196 | X37: =X36+AN37-AD37-(AO37/1.9835) -> 17392.816 | Y37: =Y36 -> 1648.6 | AA37: 215 | AB37: 1.7 | AC37: 1.3 | AD37: 297 | AE37: =AE36 -> 13402.823 | AF37: =N37+O37+P37+Q37+R37+S37+T37+W37+AA37+AD37 -> 1011 | AG37: =IF(L37<0,L37*-1,0) -> 0 | AH37: =AF37+AG37 -> 1011 | AI37: 0 | AJ37: 74 | AK37: 40 | AL37: =AL36 -> 10481.921 | AN37: =795-W37 -> 309.0804 | AO37: =47.3*(X36*1.9835+AN37*1.9835+Y37*1.9835)/E37 -> 7.9142755
A38: =A37+1 -> 27 | B38: 6924.06 | C38: 381429 | D38: =C38-C37 -> 135 | E38: =C38-152000 -> 229429 | F38: =D38/$D$2 -> 68.061507 | G38: 950 | H38: 1.7 | I38: =G38+H38 -> 951.7 | J38: =IF(L38>0,L38,0) -> 82.361507 | K38: =I38+J38 -> 1034.0615 | L38: =F38-(I38-AF38) -> 82.361507 | M38: 235 | N38: =1.8299*1.03 -> 1.884797 | O38: =(17+19)*1.05 -> 37.8 | P38: 0 | Q38: =2.03*1.02 -> 2.0706 | R38: 4.2 | S38: 1.66 | T38: 0 | U38: 182 | V38: 72 | W38: =M38-N38-O38-P38-Q38-R38-S38-T38+U38+V38-AQ38 -> 441.3846 | X38: =X37+AN38-AD38-(AO38/1.9835) -> 17445.433 | Y38: =Y37 -> 1648.6 | AA38: 180 | AB38: 1.7 | AC38: 1.3 | AD38: 297 | AE38: =AE37 -> 13402.823 | AF38: =N38+O38+P38+Q38+R38+S38+T38+W38+AA38+AD38 -> 966 | AG38: =IF(L38<0,L38*-1,0) -> 0 | AH38: =AF38+AG38 -> 966 | AI38: 0 | AJ38: 75 | AK38: 42 | AL38: =AL37 -> 10481.921 | AN38: =795-W38 -> 353.6154 | AO38: =47.3*(X37*1.9835+AN38*1.9835+Y38*1.9835)/E38 -> 7.9311384
A39: 28 | B39: 6924.1 | C39: 381608 | D39: =C39-C38 -> 179 | E39: =C39-152000 -> 229608 | F39: =D39/$D$2 -> 90.244517 | G39: 1040 | H39: 1.4 | I39: =G39+H39 -> 1041.4 | J39: =IF(L39>0,L39,0) -> 91.844517 | K39: =I39+J39 -> 1133.2445 | L39: =F39-(I39-AF39) -> 91.844517 | M39: 269 | N39: =1.8299*1.03 -> 1.884797 | O39: =(32+30)*1.05 -> 65.1 | P39: 0 | Q39: =2.03*1.02 -> 2.0706 | R39: 4.2 | S39: 3.36 | T39: 0 | U39: 181 | V39: 72 | W39: =M39-N39-O39-P39-Q39-R39-S39-T39+U39+V39-AQ39 -> 445.3846 | X39: =X38+AN39-AD39-(AO39/1.9835) -> 17494.043 | Y39: =Y38 -> 1648.6 | AA39: 224 | AB39: 1.7 | AC39: 1.3 | AD39: 297 | AE39: =AE38 -> 13402.823 | AF39: =N39+O39+P39+Q39+R39+S39+T39+W39+AA39+AD39 -> 1043 | AG39: =IF(L39<0,L39*-1,0) -> 0 | AH39: =AF39+AG39 -> 1043 | AI39: 0 | AJ39: 78 | AK39: 41 | AL39: =AL38 -> 10481.921 | AN39: =795-W39 -> 349.6154 | AO39: =47.3*(X38*1.9835+AN39*1.9835+Y39*1.9835)/E39 -> 7.9448206
A40: 29 | B40: 6924.22 | C40: 382147 | D40: =C40-C39 -> 539 | E40: =C40-152000 -> 230147 | F40: =D40/$D$2 -> 271.74187 | G40: 1270 | H40: 1.2 | I40: =G40+H40 -> 1271.2 | J40: =IF(L40>0,L40,0) -> 59.54187 | K40: =I40+J40 -> 1330.7419 | L40: =F40-(I40-AF40) -> 59.54187 | M40: 282 | N40: =1.8299*1.03 -> 1.884797 | O40: =(34+38)*1.05 -> 75.6 | P40: 0 | Q40: =2.03*1.02 -> 2.0706 | R40: 4.2 | S40: 3.92 | T40: 0 | U40: 168 | V40: 72 | W40: =M40-N40-O40-P40-Q40-R40-S40-T40+U40+V40-AQ40 -> 434.3246 | X40: =X39+AN40-AD40-(AO40/1.9835) -> 17544.71 | Y40: =Y39 -> 1648.6 | AA40: 231 | AB40: 1.7 | AC40: 1.3 | AD40: 306 | AE40: =AE39 -> 13402.823 | AF40: =N40+O40+P40+Q40+R40+S40+T40+W40+AA40+AD40 -> 1059 | AG40: =IF(L40<0,L40*-1,0) -> 0 | AH40: =AF40+AG40 -> 1059 | AI40: 0 | AJ40: 77 | AK40: 37 | AL40: =AL39 -> 10481.921 | AN40: =795-W40 -> 360.6754 | AO40: =47.3*(X39*1.9835+AN40*1.9835+Y40*1.9835)/E40 -> 7.9505385
A41: 30 | B41: 6924.3 | C41: 382506 | D41: =C41-C40 -> 359 | E41: =C41-152000 -> 230506 | F41: =D41/$D$2 -> 180.99319 | G41: 1280 | H41: 0.94 | I41: =G41+H41 -> 1280.94 | J41: =IF(L41>0,L41,0) -> 188.05319 | K41: =I41+J41 -> 1468.9932 | L41: =F41-(I41-AF41) -> 188.05319 | M41: 256 | N41: =1.8299*1.03 -> 1.884797 | O41: =(28+32)*1.05 -> 63 | P41: 0 | Q41: =2.03*1.02 -> 2.0706 | R41: 4.2 | S41: 2.22 | T41: 0 | U41: 158 | V41: 72 | W41: =M41-N41-O41-P41-Q41-R41-S41-T41+U41+V41-AQ41 -> 412.6246 | X41: =X40+AN41-AD41-(AO41/1.9835) -> 17355.069 | Y41: =Y40 -> 1648.6 | AA41: 234 | AB41: 1.7 | AC41: 1.3 | AD41: 568 | AE41: =AE40 -> 13402.823 | AF41: =N41+O41+P41+Q41+R41+S41+T41+W41+AA41+AD41 -> 1288 | AG41: =IF(L41<0,L41*-1,0) -> 0 | AH41: =AF41+AG41 -> 1288 | AI41: 0 | AJ41: 73 | AK41: 39 | AL41: =AL40 -> 10481.921 | AN41: =795-W41 -> 382.3754 | AO41: =47.3*(X40*1.9835+AN41*1.9835+Y41*1.9835)/E41 -> 7.9676105
A42: 31 | B42: 6924.16 | C42: 381878 | D42: =C42-C41 -> -628 | E42: =C42-152000 -> 229878 | F42: =D42/$D$2 -> -316.61205 | G42: 1270 | H42: 0.81 | I42: =G42+H42 -> 1270.81 | J42: =IF(L42>0,L42,0) -> 0 | K42: =I42+J42 -> 1270.81 | L42: =F42-(I42-AF42) -> -134.42205 | M42: 274 | N42: =1.8299*1.03 -> 1.884797 | O42: =(34+35)*1.05 -> 72.45 | P42: 0 | Q42: =2.03*1.02 -> 2.0706 | R42: 4.2 | S42: 2.96 | T42: 0 | U42: 158 | V42: 72 | W42: =M42-N42-O42-P42-Q42-R42-S42-T42+U42+V42-AQ42 -> 420.4346 | X42: =X41+AN42-AD42-(AO42/1.9835) -> 16996.647 | Y42: =Y41 -> 1648.6 | AA42: 220 | AB42: 1.7 | AC42: 1.3 | AD42: 729 | AE42: =AE41 -> 13402.823 | AF42: =N42+O42+P42+Q42+R42+S42+T42+W42+AA42+AD42 -> 1453 | AG42: =IF(L42<0,L42*-1,0) -> 134.42205 | AH42: =AF42+AG42 -> 1587.422 | AI42: 0 | AJ42: 81 | AK42: 33 | AL42: =AL41 -> 10481.921 | AN42: =795-W42 -> 374.5654 | AO42: =47.3*(X41*1.9835+AN42*1.9835+Y42*1.9835)/E42 -> 7.9087917
A44: MONTH / CFS | F44: =SUM(F12:F42) -> 19180.741 | G44: =SUM(G12:G42) -> 46699 | H44: =SUM(H12:H42) -> 1078.75 | I44: =SUM(I12:I42) -> 47777.75 | J44: =SUM(J12:J42) -> 2326.5461 | K44: =SUM(K12:K42) -> 50104.296 | L44: =SUM(L12:L42) -> 1629.1911 | M44: =SUM(M12:M42) -> 7468 | ... W44: =SUM(W12:W42) -> 12472.624 | AA44: =SUM(AA12:AA42) -> 3685.8 | AB44: =SUM(AB12:AB42) -> 52.7 | AC44: =SUM(AC12:AC42) -> 40.3 | AD44: =SUM(AD12:AD42) -> 12323 | AF44: =SUM(AF12:AF42) -> 30226.2 | AG44: =SUM(AG12:AG42) -> 697.35495 | AH44: =SUM(AH12:AH42) -> 30923.555 | AI44: =SUM(AI12:AI42) -> 1.5 | AJ44: =AVERAGE(AJ12:AJ42) -> 69.129032 | AK44: =AVERAGE(AK12:AK42) -> 38.967742 | AL44: AVG | AM44: =SUM(AM12:AM42) -> 0 | AP44: =SUM(AP12:AP42) -> 0 | AQ44: =SUM(AQ12:AQ42) -> 252.7
A45: MONTH / AF | D45: =SUM(D12:D42) -> 38045 | F45: =F44*$D$2 -> 38045 | G45: =G44*$D$2 -> 92627.466 | H45: =H44*$D$2 -> 2139.7006 | I45: =I44*$D$2 -> 94767.167 | J45: =J44*$D$2 -> 4614.7041 | K45: =K44*$D$2 -> 99381.871 | L45: =L44*$D$2 -> 3231.5006 | M45: =M44*$D$2 -> 14812.778 | ... W45: =W44*$D$2 -> 24739.449 | AA45: =AA44*$D$2 -> 7310.7843 | AB45: =AB44*$D$2 -> 104.53045 | AC45: =AC44*$D$2 -> 79.93505 | AD45: =AD44*$D$2 -> 24442.671 | AF45: =AF44*$D$2 -> 59953.668 | AG45: =AG44*$D$2 -> 1383.2035 | AH45: =AH44*$D$2 -> 61336.871 | AJ45: =MAX(AJ12:AJ42) -> 81 | AK45: =MAX(AK12:AK42) -> 47 | AL45: HI | AM45: =AM44*$D$2 -> 0 | AO45: =SUM(AO12:AO42) -> 280.36289 | AP45: =AP44*$D$2 -> 0 | AQ45: =AQ44*$D$2 -> 501.23045
A47: SEASON / CFS | F47: =F9+F44 -> 36344.845 | G47: =G9+G44 -> 65343 | H47: =H9+H44 -> 2013.75 | I47: =I9+I44 -> 67356.75 | J47: =J9+J44 -> 5594.4599 | K47: =K9+K44 -> 72951.21 | L47: =L9+L44 -> 4897.105 | M47: =M9+M44 -> 10658.3 | ... P47: =P9+P44 -> 7.32 | U47: =U9+U44 -> 5457 | V47: =V9+V44 -> 2437.8 | W47: =W9+W44 -> 14039.282 | X47: =X42 -> 16996.647 | Y47: =Y42+Y44 -> 1648.6 | AA47: =AA9+AA44 -> 3818.9 | AB47: =AB9+AB44 -> 103.7 | AC47: =AC9+AC44 -> 79.3 | AF47: =AF9+AF44 -> 35909.01 | AG47: =AG9+AG44 -> 697.35495 | AH47: =AH9+AH44 -> 36606.365 | AJ47: =MIN(AJ12:AJ42) -> 42 | AK47: =MIN(AK12:AK42) -> 31 | AL47: LO | AP47: =AP9+AP44 -> 0 | AQ47: =AQ9+AQ44 -> 252.7
A48: SEASON / AF | F48: =F47*$D$2 -> 72090 | G48: =G47*$D$2 -> 129607.84 | H48: =H47*$D$2 -> 3994.2731 | I48: =I47*$D$2 -> 133602.11 | J48: =J47*$D$2 -> 11096.611 | K48: =K47*$D$2 -> 144698.72 | L48: =L47*$D$2 -> 9713.4077 | M48: =M47*$D$2 -> 21140.738 | ... P48: =P47*$D$2 -> 14.51922 | U48: =U47*$D$2 -> 10823.96 | V48: =V47*$D$2 -> 4835.3763 | W48: =W47*$D$2 -> 27846.916 | X48: =X47*$D$2 -> 33712.849 | Y48: =Y47*$D$2 -> 3269.9981 | AA48: =AA47*$D$2 -> 7574.7882 | AB48: =AB47*$D$2 -> 205.68895 | AC48: =AC47*$D$2 -> 157.29155 | AF48: =AF47*$D$2 -> 71225.521 | AG48: =AG47*$D$2 -> 1383.2035 | AH48: =AH47*$D$2 -> 72608.725 | AO48: =AO9+AO45 -> 384.05169 | AP48: =AP47*$D$2 -> 0 | AQ48: =AQ47*$D$2 -> 501.23045
A50: YTD / CFS | F50: =F10+F44 -> 55940.005 | G50: =G10+G44 -> 87964 | H50: =H10+H44 -> 3501.33 | I50: =I10+I44 -> 91465.33 | J50: =J10+J44 -> 12683.394 | K50: =K10+K44 -> 104148.72 | L50: =L10+L44 -> 10645.185 | M50: =M10+M44 -> 11654.7 | ... W50: =W10+W44 -> 19676.298 | AD50: =AD10+AD44 -> 17581.61 | AE50: =AE42 -> 13402.823 | AF50: =AF10+AF44 -> 46170.51 | AG50: =AG10+AG44 -> 2038.2092 | AH50: =AH10+AH44 -> 48208.719 | AI50: =AI10+AI44 -> 6.79 | AM50: =AM10+AM44 -> 264.7472 | AP50: =AP10+AP44 -> 0
A51: YTD / AF | D51: =D10+D45 -> 110957 | E51: =E42 -> 229878 | F51: =F50*$D$2 -> 110957 | G51: =G50*$D$2 -> 174476.59 | H51: =H50*$D$2 -> 6944.8881 | I51: =I50*$D$2 -> 181421.48 | J51: =J50*$D$2 -> 25157.512 | K51: =K50*$D$2 -> 206578.99 | L51: =L50*$D$2 -> 21114.725 | M51: =M50*$D$2 -> 23117.097 | ... W51: =W50*$D$2 -> 39027.937 | AD51: =AD50*$D$2 -> 34873.123 | AE51: =AE50*$D$2 -> 26584.5 | AF51: =AF50*$D$2 -> 91579.207 | AG51: =AG50*$D$2 -> 4042.7879 | AH51: =AH50*$D$2 -> 95621.994 | AL51: =AL42 -> 10481.921 | AM51: =AM50*$D$2 -> 525.12607 | AO51: =AO10+AO45 -> 384.05169 | AP51: =AP50*$D$2 -> 0

Sheet JUN
K1: MCPHEE RESERVOIR INFLOW/OUTFLOW TABULATION
A2: AF/cfs CONVERT FACTOR | D2: 1.9835 | K2: JUNE "2007"
D4: RESERVOIR | U4: INFLOW/OUTFLOW (CFS) | AJ4: WEATHER | AN4: ADJUSTMENTS
A5: DATE | B5: RESERV | C5: RESERV | D5: AC FT | E5: ACTIVE | F5: CONV TO | G5: DOLORES | H5: LOST | I5: RECORD | J5: CALC | K5: TOTAL | L5: CALC | M5: DOLORES TUNNEL | U5: LONE | V5: U | W5: TOTAL | X5: MVI | Y5: TO EX & | Z5: MVI | AA5: DV CR | AB5: D/S SENIOR | AD5: BELOW | AE5: FISH | AF5: RECORD | AG5: CALC | AH5: TOTAL | AI5: RAIN | AJ5: MAX | AK5: MIN | AL5: NAR | AM5: MVI | AN5: MVI | AO5: MVI | AP5: U/S | AQ5: TOTTEN
A6: JUN | B6: ELEV | C6: AC FT | D6: CHANGE | E6: CAP | F6: CFS | G6: RIVER | H6: CAN | I6: INFLOW | J6: INFLOW | K6: INFLOW | L6: INF/OTF | M6: TOT DIV | N6: WET | O6: UTE | P6: QUEST | Q6: MWC | R6: CTZ | S6: CTZ & | T6: F-BAY | U6: PINE | V6: LAT | W6: MVI | X6: CALL | Y6: U/S EX | Z6: PROJ | AA6: CANAL | AB6: MVIC | AC6: PROJ | AD6: MCP | AE6: LEFT | AF6: OTF | AG6: OTF | AH6: OTF | AJ6: TMP | AK6: TMP | AL6: CALL | AM6: STOCK | AN6: STORED | AO6: STORED | AP6: USERS | AQ6: (FRESH
E7: AC FT | N7: LAND | O7: F&R | S7: UTE | T7: SPILL | AL7: AC FT | AM7: CFS | AN7: Apr - Jun | AO7: EVAP | AP7: EXCH | AQ7: WATER)
N8: 1.03 | O8: 1.05 | P8: 1.02 | Q8: 1.02 | R8: 1.04 | S8: PROJ | AN8: July-Oct | AO8: AC.FT.
A9: SEASON BAL | F9: =MAY!F47 -> 36344.845 | G9: =MAY!G47 -> 65343 | H9: =MAY!H47 -> 2013.75 | I9: =MAY!I47 -> 67356.75 | J9: =MAY!J47 -> 5594.4599 | K9: =MAY!K47 -> 72951.21 | L9: =MAY!L47 -> 4897.105 | M9: =MAY!M47 -> 10658.3 | ... P9: =MAY!P47 -> 7.32 | U9: =MAY!U47 -> 5457 | V9: =MAY!V47 -> 2437.8 | W9: =MAY!W47 -> 14039.282 | X9: =MAY!X47 -> 16996.647 | Y9: =MAY!Y47 -> 1648.6 | AA9: =MAY!AA47 -> 3818.9 | AB9: =MAY!AB47 -> 103.7 | AC9: =MAY!AC47 -> 79.3 | AF9: =MAY!AF47 -> 35909.01 | AG9: =MAY!AG47 -> 697.35495 | AH9: =MAY!AH47 -> 36606.365 | AO9: =MAY!AO48 -> 384.05169 | AP9: =MAY!AP47 -> 0 | AQ9: =MAY!AQ47 -> 252.7
A10: YTD | B10: =MAY!B42 -> 6924.16 | C10: =MAY!C42 -> 381878 | D10: =MAY!D51 -> 110957 | E10: =MAY!E51 -> 229878 | F10: =MAY!F50 -> 55940.005 | G10: =MAY!G50 -> 87964 | H10: =MAY!H50 -> 3501.33 | I10: =MAY!I50 -> 91465.33 | J10: =MAY!J50 -> 12683.394 | K10: =MAY!K50 -> 104148.72 | L10: =MAY!L50 -> 10645.185 | M10: =MAY!M50 -> 11654.7 | ... O10: =MAY!O50 -> 3589.7345 | Q10: =MAY!Q50 -> 346.8306 | R10: =MAY!R50 -> 639.833 | S10: =MAY!S50 -> 44.48 | T10: =MAY!T50 -> -61.236 | U10: =MAY!U50 -> 10832 | V10: =MAY!V50 -> 2563.9 | W10: =MAY!W50 -> 19676.298 | AD10: =MAY!AD50 -> 17581.61 | AE10: =MAY!AE50 -> 13402.823 | AF10: =MAY!AF50 -> 46170.51 | AG10: =MAY!AG50 -> 2038.2092 | AH10: =MAY!AH50 -> 48208.719 | AI10: =MAY!AI50 -> 6.79 | AL10: =MAY!AL51 -> 10481.921 | AM10: =MAY!AM50 -> 264.7472 | AO10: =MAY!AO51 -> 384.05169 | AP10: =MAY!AP50 -> 0 | AQ10: =MAY!AQ50 -> 0
O11: 0 | V11: 0
A12: 1 | B12: 6924.16 | C12: 381878 | D12: =C12-C10 -> 0 | E12: =C12-152000 -> 229878 | F12: =D12/$D$2 -> 0 | G12: 1360 | H12: 0.75 | I12: =G12+H12 -> 1360.75 | J12: =IF(L12>0,L12,0) -> 35.25 | K12: =I12+J12 -> 1396 | L12: =F12-(I12-AF12) -> 35.25 | M12: 270 | N12: =1.8299*1.03 -> 1.884797 | O12: =(34+34)*1.05 -> 71.4 | P12: 0 | Q12: =2.93*1.02 -> 2.9886 | R12: 4.2 | S12: 2.9 | T12: 0 | U12: 158 | V12: 71 | W12: =M12-N12-O12-P12-Q12-R12-S12-T12+U12+V12-AQ12 -> 415.6266 | X12: =X9+AN12-AD12-(AO12/1.9835) -> 16696.724 | Y12: =Y9 -> 1648.6 | AA12: 223 | AB12: 1.7 | AC12: 1.3 | AD12: 674 | AE12: =AE10 -> 13402.823 | AF12: =N12+O12+P12+Q12+R12+S12+T12+W12+AA12+AD12 -> 1396 | AG12: =IF(L12<0,L12*-1,0) -> 0 | AH12: =AF12+AG12 -> 1396 | AI12: 0 | AJ12: 81 | AK12: 34 | AL12: =AL10 -> 10481.921 | AN12: =795-W12 -> 379.3734 | AO12: =64*(X9*1.9835+Y12*1.9835+AN12*1.9835)/E12 -> 10.50584
A13: =A12+1 -> 2 | B13: 6924.25 | C13: 382281 | D13: =C13-C12 -> 403 | E13: =C13-152000 -> 230281 | F13: =D13/$D$2 -> 203.1762 | G13: 1470 | H13: 0.67 | I13: =G13+H13 -> 1470.67 | J13: =IF(L13>0,L13,0) -> 61.506204 | K13: =I13+J13 -> 1532.1762 | L13: =F13-(I13-AF13) -> 61.506204 | M13: 266 | N13: =1.8299*1.03 -> 1.884797 | O13: =(32+33)*1.05 -> 68.25 | P13: 0 | Q13: =2.93*1.02 -> 2.9886 | R13: 4.2 | S13: 3.39 | T13: 0 | U13: 159 | V13: 69 | W13: =M13-N13-O13-P13-Q13-R13-S13-T13+U13+V13-AQ13 -> 413.2866 | X13: =X12+AN13-AD13-(AO13/1.9835) -> 16446.232 | Y13: =Y12 -> 1648.6 | AA13: 208 | AB13: 1.7 | AC13: 1.3 | AD13: 627 | AE13: =AE12 -> 13402.823 | AF13: =N13+O13+P13+Q13+R13+S13+T13+W13+AA13+AD13 -> 1329 | AG13: =IF(L13<0,L13*-1,0) -> 0 | AH13: =AF13+AG13 -> 1329 | AI13: 0 | AJ13: 81 | AK13: 42 | AL13: =AL12 -> 10481.921 | AN13: =795-W13 -> 381.7134 | AO13: =64*(X12*1.9835+Y13*1.9835+AN13*1.9835)/E13 -> 10.323409
A14: =A13+1 -> 3 | B14: 6924.3 | C14: 382506 | D14: =C14-C13 -> 225 | E14: =C14-152000 -> 230506 | F14: =D14/$D$2 -> 113.43585 | G14: 1440 | H14: 0.64 | I14: =G14+H14 -> 1440.64 | J14: =IF(L14>0,L14,0) -> 13.795846 | K14: =I14+J14 -> 1454.4358 | L14: =F14-(I14-AF14) -> 13.795846 | M14: 267 | N14: =1.8299*1.03 -> 1.884797 | O14: =(31+31)*1.05 -> 65.1 | P14: 0 | Q14: =2.93*1.02 -> 2.9886 | R14: 4.2 | S14: 3.81 | T14: 0 | U14: 159 | V14: 69 | W14: =M14-N14-O14-P14-Q14-R14-S14-T14+U14+V14-AQ14 -> 417.0166 | X14: =X13+AN14-AD14-(AO14/1.9835) -> 16165.087 | Y14: =Y13 -> 1648.6 | AA14: 192 | AB14: 1.7 | AC14: 1.3 | AD14: 654 | AE14: =AE13 -> 13402.823 | AF14: =N14+O14+P14+Q14+R14+S14+T14+W14+AA14+AD14 -> 1341 | AG14: =IF(L14<0,L14*-1,0) -> 0 | AH14: =AF14+AG14 -> 1341 | AI14: 0 | AJ14: 81 | AK14: 45 | AL14: =AL13 -> 10481.921 | AN14: =795-W14 -> 377.9834 | AO14: =64*(X13*1.9835+Y14*1.9835+AN14*1.9835)/E14 -> 10.173328
A15: =A14+1 -> 4 | B15: 6924.22 | C15: 382147 | D15: =C15-C14 -> -359 | E15: =C15-152000 -> 230147 | F15: =D15/$D$2 -> -180.99319 | G15: 1310 | H15: 0.4 | I15: =G15+H15 -> 1310.4 | J15: =IF(L15>0,L15,0) -> 37.606806 | K15: =I15+J15 -> 1348.0068 | L15: =F15-(I15-AF15) -> 37.606806 | M15: 300 | N15: =1.8299*1.03 -> 1.884797 | O15: =(36+36)*1.05 -> 75.6 | P15: 0 | Q15: =2.93*1.02 -> 2.9886 | R15: 4.2 | S15: 3.31 | T15: 0 | U15: 163 | V15: 69 | W15: =M15-N15-O15-P15-Q15-R15-S15-T15+U15+V15-AQ15 -> 444.0166 | X15: =X14+AN15-AD15-(AO15/1.9835) -> 15722.019 | Y15: =Y14 -> 1648.6 | AA15: 208 | AB15: 1.7 | AC15: 1.3 | AD15: 789 | AE15: =AE14 -> 13402.823 | AF15: =N15+O15+P15+Q15+R15+S15+T15+W15+AA15+AD15 -> 1529 | AG15: =IF(L15<0,L15*-1,0) -> 0 | AH15: =AF15+AG15 -> 1529 | AI15: 0 | AJ15: 76 | AK15: 45 | AL15: =AL14 -> 10481.921 | AN15: =795-W15 -> 350.9834 | AO15: =64*(X14*1.9835+Y15*1.9835+AN15*1.9835)/E15 -> 10.019231
A16: =A15+1 -> 5 | B16: 6924.23 | C16: 382192 | D16: =C16-C15 -> 45 | E16: =C16-152000 -> 230192 | F16: =D16/$D$2 -> 22.687169 | G16: 1230 | H16: 0.38 | I16: =G16+H16 -> 1230.38 | J16: =IF(L16>0,L16,0) -> 58.307169 | K16: =I16+J16 -> 1288.6872 | L16: =F16-(I16-AF16) -> 58.307169 | M16: 271 | N16: =1.8299*1.03 -> 1.884797 | O16: =(38+39)*1.05 -> 80.85 | P16: 0 | Q16: =2.93*1.02 -> 2.9886 | R16: 4.2 | S16: 2.69 | T16: 0 | U16: 166 | V16: 70 | W16: =M16-N16-O16-P16-Q16-R16-S16-T16+U16+V16-AQ16 -> 414.3866 | X16: =X15+AN16-AD16-(AO16/1.9835) -> 15530.697 | Y16: =Y15 -> 1648.6 | AA16: 192 | AB16: 1.7 | AC16: 1.3 | AD16: 567 | AE16: =AE15 -> 13402.823 | AF16: =N16+O16+P16+Q16+R16+S16+T16+W16+AA16+AD16 -> 1266 | AG16: =IF(L16<0,L16*-1,0) -> 0 | AH16: =AF16+AG16 -> 1266 | AI16: 0 | AJ16: 82 | AK16: 45 | AL16: =AL15 -> 10481.921 | AN16: =795-W16 -> 380.6134 | AO16: =64*(X15*1.9835+Y16*1.9835+AN16*1.9835)/E16 -> 9.7892735
A17: =A16+1 -> 6 | B17: 6924.32 | C17: 382595 | D17: =C17-C16 -> 403 | E17: =C17-152000 -> 230595 | F17: =D17/$D$2 -> 203.1762 | G17: 1280 | H17: 0.37 | I17: =G17+H17 -> 1280.37 | J17: =IF(L17>0,L17,0) -> 96.806204 | K17: =I17+J17 -> 1377.1762 | L17: =F17-(I17-AF17) -> 96.806204 | M17: 281 | N17: =1.8299*1.03 -> 1.884797 | O17: =(35+38)*1.05 -> 76.65 | P17: 0 | Q17: =2.93*1.02 -> 2.9886 | R17: 4.2 | S17: 3.58 | T17: 0 | U17: 166 | V17: 71 | W17: =M17-N17-O17-P17-Q17-R17-S17-T17+U17+V17-AQ17 -> 428.6966 | X17: =X16+AN17-AD17-(AO17/1.9835) -> 15398.131 | Y17: =Y16 -> 1648.6 | AA17: 162 | AB17: 1.7 | AC17: 1.3 | AD17: 494 | AE17: =AE16 -> 13402.823 | AF17: =N17+O17+P17+Q17+R17+S17+T17+W17+AA17+AD17 -> 1174 | AG17: =IF(L17<0,L17*-1,0) -> 0 | AH17: =AF17+AG17 -> 1174 | AI17: 0 | AJ17: 72 | AK17: 46 | AL17: =AL16 -> 10481.921 | AN17: =795-W17 -> 366.3034 | AO17: =64*(X16*1.9835+Y17*1.9835+AN17*1.9835)/E17 -> 9.6589635
A18: =A17+1 -> 7 | B18: 6924.3 | C18: 382506 | D18: =C18-C17 -> -89 | E18: =C18-152000 -> 230506 | F18: =D18/$D$2 -> -44.870179 | G18: 955 | H18: 0.3 | I18: =G18+H18 -> 955.3 | J18: =IF(L18>0,L18,0) -> 156.82982 | K18: =I18+J18 -> 1112.1298 | L18: =F18-(I18-AF18) -> 156.82982 | M18: 263 | N18: =1.8299*1.03 -> 1.884797 | O18: =(34+37)*1.05 -> 74.55 | P18: 0 | Q18: =2.93*1.02 -> 2.9886 | R18: 4.2 | S18: 2.49 | T18: 0 | U18: 170 | V18: 70 | W18: =M18-N18-O18-P18-Q18-R18-S18-T18+U18+V18-AQ18 -> 416.8866 | X18: =X17+AN18-AD18-(AO18/1.9835) -> 15220.406 | Y18: =Y17 -> 1648.6 | AA18: 103 | AB18: 1.7 | AC18: 1.3 | AD18: 551 | AE18: =AE17 -> 13402.823 | AF18: =N18+O18+P18+Q18+R18+S18+T18+W18+AA18+AD18 -> 1157 | AG18: =IF(L18<0,L18*-1,0) -> 0 | AH18: =AF18+AG18 -> 1157 | AI18: 0 | AJ18: 63 | AK18: 32 | AL18: =AL17 -> 10481.921 | AN18: =795-W18 -> 378.1134 | AO18: =64*(X17*1.9835+Y18*1.9835+AN18*1.9835)/E18 -> 9.5961902
A19: =A18+1 -> 8 | B19: 6924.17 | C19: 381923 | D19: =C19-C18 -> -583 | E19: =C19-152000 -> 229923 | F19: =D19/$D$2 -> -293.92488 | G19: 788 | H19: 0.23 | I19: =G19+H19 -> 788.23 | J19: =IF(L19>0,L19,0) -> 0 | K19: =I19+J19 -> 788.23 | L19: =F19-(I19-AF19) -> -14.15488 | M19: 284 | N19: =1.8299*1.03 -> 1.884797 | O19: =(41+44)*1.05 -> 89.25 | P19: 0 | Q19: =2.93*1.02 -> 2.9886 | R19: 4.2 | S19: 2.21 | T19: 0 | U19: 172 | V19: 70 | W19: =M19-N19-O19-P19-Q19-R19-S19-T19+U19+V19-AQ19 -> 425.4666 | X19: =X18+AN19-AD19-(AO19/1.9835) -> 15175.487 | Y19: =Y18 -> 1648.6 | AA19: 148 | AB19: 1.7 | AC19: 1.3 | AD19: 394 | AE19: =AE18 -> 13402.823 | AF19: =N19+O19+P19+Q19+R19+S19+T19+W19+AA19+AD19 -> 1068 | AG19: =IF(L19<0,L19*-1,0) -> 14.15488 | AH19: =AF19+AG19 -> 1082.1549 | AI19: 0 | AJ19: 76 | AK19: 30 | AL19: =AL18 -> 10481.921 | AN19: =I19-Q19-R19-W19-AB19 -> 353.8748 | AO19: =64*(X18*1.9835+Y19*1.9835+AN19*1.9835)/E19 -> 9.5090156
A20: =A19+1 -> 9 | B20: 6924.11 | C20: 381653 | D20: =C20-C19 -> -270 | E20: =C20-152000 -> 229653 | F20: =D20/$D$2 -> -136.12301 | G20: 782 | H20: 0.21 | I20: =G20+H20 -> 782.21 | J20: =IF(L20>0,L20,0) -> 11.666985 | K20: =I20+J20 -> 793.87699 | L20: =F20-(I20-AF20) -> 11.666985 | M20: 296 | N20: =1.8299*1.03 -> 1.884797 | O20: =(46+48)*1.05 -> 98.7 | P20: 0 | Q20: =2.93*1.02 -> 2.9886 | R20: 4.2 | S20: 3.12 | T20: 0 | U20: 172 | V20: 70 | W20: =M20-N20-O20-P20-Q20-R20-S20-T20+U20+V20-AQ20 -> 427.1066 | X20: =X19+AN20-AD20-(AO20/1.9835) -> 15288.917 | Y20: =Y19 -> 1648.6 | AA20: 164 | AB20: 1.7 | AC20: 1.3 | AD20: 228 | AE20: =AE19 -> 13402.823 | AF20: =N20+O20+P20+Q20+R20+S20+T20+W20+AA20+AD20 -> 930 | AG20: =IF(L20<0,L20*-1,0) -> 0 | AH20: =AF20+AG20 -> 930 | AI20: 0 | AJ20: 81 | AK20: 43 | AL20: =AL19 -> 10481.921 | AN20: =I20-Q20-R20-W20-AB20 -> 346.2148 | AO20: =64*(X19*1.9835+Y20*1.9835+AN20*1.9835)/E20 -> 9.4911313
A21: =A20+1 -> 10 | B21: 6924.1 | C21: 381608 | D21: =C21-C20 -> -45 | E21: =C21-152000 -> 229608 | F21: =D21/$D$2 -> -22.687169 | G21: 835 | H21: 0.28 | I21: =G21+H21 -> 835.28 | J21: =IF(L21>0,L21,0) -> 0 | K21: =I21+J21 -> 835.28 | L21: =F21-(I21-AF21) -> -34.967169 | M21: 268 | N21: =1.8299*1.03 -> 1.884797 | O21: =(36+36)*1.05 -> 75.6 | P21: 0 | Q21: =2.93*1.02 -> 2.9886 | R21: 4.2 | S21: 3.59 | T21: 0 | U21: 172 | V21: 70 | W21: =M21-N21-O21-P21-Q21-R21-S21-T21+U21+V21-AQ21 -> 421.7366 | X21: =X20+AN21-AD21-(AO21/1.9835) -> 15466.355 | Y21: =Y20 -> 1648.6 | AA21: 122 | AB21: 1.7 | AC21: 1.3 | AD21: 191 | AE21: =AE20 -> 13402.823 | AF21: =N21+O21+P21+Q21+R21+S21+T21+W21+AA21+AD21 -> 823 | AG21: =IF(L21<0,L21*-1,0) -> 34.967169 | AH21: =AF21+AG21 -> 857.96717 | AI21: 0 | AJ21: 82 | AK21: 43 | AL21: =AL20 -> 10481.921 | AN21: =795-W21 -> 373.2634 | AO21: =64*(X20*1.9835+Y21*1.9835+AN21*1.9835)/E21 -> 9.5706581
A22: =A21+1 -> 11 | B22: 6924.21 | C22: 382102 | D22: =C22-C21 -> 494 | E22: =C22-152000 -> 230102 | F22: =D22/$D$2 -> 249.0547 | G22: 906 | H22: 0.38 | I22: =G22+H22 -> 906.38 | J22: =IF(L22>0,L22,0) -> 75.674701 | K22: =I22+J22 -> 982.0547 | L22: =F22-(I22-AF22) -> 75.674701 | M22: 291 | N22: =1.8299*1.03 -> 1.884797 | O22: =(40+38)*1.05 -> 81.9 | P22: 0 | Q22: =2.93*1.02 -> 2.9886 | R22: 4.2 | S22: 4.92 | T22: 0 | U22: 173 | V22: 72 | W22: =M22-N22-O22-P22-Q22-R22-S22-T22+U22+V22-AQ22 -> 440.1066 | X22: =X21+AN22-AD22-(AO22/1.9835) -> 15725.389 | Y22: =Y21 -> 1648.6 | AA22: 106 | AB22: 1.7 | AC22: 1.3 | AD22: 91 | AE22: =AE21 -> 13402.823 | AF22: =N22+O22+P22+Q22+R22+S22+T22+W22+AA22+AD22 -> 733 | AG22: =IF(L22<0,L22*-1,0) -> 0 | AH22: =AF22+AG22 -> 733 | AI22: 0 | AJ22: 80 | AK22: 49 | AL22: =AL21 -> 10481.921 | AN22: =795-W22 -> 354.8934 | AO22: =64*(X21*1.9835+Y22*1.9835+AN22*1.9835)/E22 -> 9.6378668
