Workbook

Sheet NOV
K1: MCPHEE RESERVOIR INFLOW/OUTFLOW TABULATION
A2: AF/cfs CONVERT FACTOR | D2: 1.9835 | L2: NOVEMBER "2003"
D4: RESERVOIR | S4: INFLOW/OUTFLOW (CFS) | AE4: WEATHER | AI4: ADJUSTMENTS
A5: DATE | B5: RESERV | C5: RESERV | D5: AC FT | E5: ACTIVE | F5: CONV TO | G5: DOLORES | H5: LOST | I5: RECORD | J5: CALC | K5: TOTAL | L5: CALC | M5: DOLORES TUNNEL | S5: LONE | T5: U | U5: TOTAL | V5: MVI | W5: MVI | X5: DV CR | Y5: BELOW | Z5: FISH | AA5: RECORD | AB5: CALC | AC5: TOTAL | AD5: RAIN | AE5: MAX | AF5: MIN | AG5: NAR. | AH5: MVI | AI5: MVI | AJ5: MVI | AK5: U/S
A6: NOV | B6: ELEV | C6: AC FT | D6: CHANGE | E6: CAP | F6: CFS | G6: RIVER | H6: CAN | I6: INFLOW | J6: INFLOW | K6: INFLOW | L6: INF/OTF | M6: TOT DIV | N6: WET | O6: UTE | P6: MWC | Q6: CTZ | R6: CTZ & | S6: PINE | T6: LAT | U6: MVI | V6: CALL + | W6: PROJ | X6: CANAL | Y6: MCP | Z6: LEFT | AA6: OTF | AB6: OTF | AC6: OTF | AE6: TMP | AF6: TMP | AG6: CALL | AH6: STOCK | AI6: STORED | AJ6: STORED | AK6: USERS
E7: AC FT | N7: LAND | O7: F&R | R7: UTE | V7: TO EX | AG7: AC.FT. | AH7: CFS | AI7: Apr-Jun | AJ7: EVAP | AK7: EXCH
R8: PROJ | AJ8: AC.FT
A9: SEASON BAL
A10: YTD | B10: 6864.59 | C10: 173943 | Z10: 3219
A12: 1 | B12: 6864.59 | C12: 173943 | D12: =C12-C10 -> 0 | E12: =C12-152000 -> 21943 | F12: =D12/$D$2 -> 0 | G12: 56 | H12: 0 | I12: =G12+H12 -> 56 | J12: =IF(L12>0,L12,0) -> 0 | K12: =I12+J12 -> 56 | L12: =F12-(I12-AA12) -> -28.1 | M12: 5.9 | N12: 0 | O12: 0 | P12: 1.38 | Q12: 2.4 | R12: 0 | S12: 0 | T12: 0 | U12: =M12-N12-O12-P12-Q12-R12+S12+T12 -> 2.12 | X12: 0 | Y12: 22 | Z12: =Z10-Y12 -> 3197 | AA12: =N12+O12+P12+Q12+R12+U12+X12+Y12 -> 27.9 | AB12: =IF(L12<0,L12*-1,0) -> 28.1 | AC12: =AA12+AB12 -> 56 | AD12: 0 | AE12: 54 | AF12: 43 | AG12: 0 | AH12: =M12-P12-Q12+S12+T12 -> 2.12
A13: =A12+1 -> 2 | B13: 6864.62 | C13: 174017 | D13: =C13-C12 -> 74 | E13: =C13-152000 -> 22017 | F13: =D13/$D$2 -> 37.307789 | G13: 61 | H13: 0 | I13: =G13+H13 -> 61 | J13: =IF(L13>0,L13,0) -> 4.2077893 | K13: =I13+J13 -> 65.207789 | L13: =F13-(I13-AA13) -> 4.2077893 | M13: 5.9 | N13: 0 | O13: 0 | P13: 1.38 | Q13: 2.4 | R13: 0 | S13: 0 | T13: 0 | U13: =M13-N13-O13-P13-Q13-R13+S13+T13 -> 2.12 | X13: 0 | Y13: 22 | Z13: =Z12-Y13 -> 3175 | AA13: =N13+O13+P13+Q13+R13+U13+X13+Y13 -> 27.9 | AB13: =IF(L13<0,L13*-1,0) -> 0 | AC13: =AA13+AB13 -> 27.9 | AD13: 0.19 | AE13: 51 | AF13: 42 | AG13: 0 | AH13: =M13-P13-Q13+S13+T13 -> 2.12
A14: =A13+1 -> 3 | B14: 6864.66 | C14: 174115 | D14: =C14-C13 -> 98 | E14: =C14-152000 -> 22115 | F14: =D14/$D$2 -> 49.407613 | G14: 89 | H14: 0 | I14: =G14+H14 -> 89 | J14: =IF(L14>0,L14,0) -> 55.407613 | K14: =I14+J14 -> 144.40761 | L14: =F14-(I14-AA14) -> 55.407613 | M14: 31 | N14: 0 | O14: 0 | P14: 1.38 | Q14: 2.4 | R14: 0 | S14: 25 | T14: 17 | U14: =M14-N14-O14-P14-Q14-R14+S14+T14 -> 69.22 | X14: 0 | Y14: 22 | Z14: =Z13-Y14 -> 3153 | AA14: =N14+O14+P14+Q14+R14+U14+X14+Y14 -> 95 | AB14: =IF(L14<0,L14*-1,0) -> 0 | AC14: =AA14+AB14 -> 95 | AD14: 0.13 | AE14: 47 | AF14: 27 | AG14: 0 | AH14: =M14-P14-Q14+S14+T14 -> 69.22
A15: =A14+1 -> 4 | B15: 6864.63 | C15: 174041 | D15: =C15-C14 -> -74 | E15: =C15-152000 -> 22041 | F15: =D15/$D$2 -> -37.307789 | G15: 73 | H15: 0 | I15: =G15+H15 -> 73 | J15: =IF(L15>0,L15,0) -> 3.6922107 | K15: =I15+J15 -> 76.692211 | L15: =F15-(I15-AA15) -> 3.6922107 | M15: 31 | N15: 0 | O15: 0 | P15: 1.38 | Q15: 2.4 | R15: 0 | S15: 40 | T15: 21 | U15: =M15-N15-O15-P15-Q15-R15+S15+T15 -> 88.22 | X15: 0 | Y15: 22 | Z15: =Z14-Y15 -> 3131 | AA15: =N15+O15+P15+Q15+R15+U15+X15+Y15 -> 114 | AB15: =IF(L15<0,L15*-1,0) -> 0 | AC15: =AA15+AB15 -> 114 | AD15: 0 | AE15: 43 | AF15: 22 | AG15: 0 | AH15: =M15-P15-Q15+S15+T15 -> 88.22
A16: =A15+1 -> 5 | B16: 6864.6 | C16: 173967 | D16: =C16-C15 -> -74 | E16: =C16-152000 -> 21967 | F16: =D16/$D$2 -> -37.307789 | G16: 58 | H16: 0 | I16: =G16+H16 -> 58 | J16: =IF(L16>0,L16,0) -> 10.692211 | K16: =I16+J16 -> 68.692211 | L16: =F16-(I16-AA16) -> 10.692211 | M16: 31 | N16: 0 | O16: 0 | P16: 1.38 | Q16: 2.4 | R16: 0 | S16: 32 | T16: 21 | U16: =M16-N16-O16-P16-Q16-R16+S16+T16 -> 80.22 | X16: 0 | Y16: 22 | Z16: =Z15-Y16 -> 3109 | AA16: =N16+O16+P16+Q16+R16+U16+X16+Y16 -> 106 | AB16: =IF(L16<0,L16*-1,0) -> 0 | AC16: =AA16+AB16 -> 106 | AD16: 0 | AE16: 46 | AF16: 23 | AG16: 0 | AH16: =M16-P16-Q16+S16+T16 -> 80.22
A17: =A16+1 -> 6 | B17: 6864.57 | C17: 173894 | D17: =C17-C16 -> -73 | E17: =C17-152000 -> 21894 | F17: =D17/$D$2 -> -36.80363 | G17: 59 | H17: 0 | I17: =G17+H17 -> 59 | J17: =IF(L17>0,L17,0) -> 0 | K17: =I17+J17 -> 59 | L17: =F17-(I17-AA17) -> -1.8036299 | M17: 28 | N17: 0 | O17: =0.88*1.9835 -> 1.74548 | P17: 1.38 | Q17: 2.4 | R17: 0 | S17: 23 | T17: 21 | U17: =M17-N17-O17-P17-Q17-R17+S17+T17 -> 66.47452 | X17: 0 | Y17: 22 | Z17: =Z16-Y17 -> 3087 | AA17: =N17+O17+P17+Q17+R17+U17+X17+Y17 -> 94 | AB17: =IF(L17<0,L17*-1,0) -> 1.8036299 | AC17: =AA17+AB17 -> 95.80363 | AD17: 0 | AE17: 48 | AF17: 26 | AG17: 0 | AH17: =M17-O17-P17-Q17+S17+T17 -> 66.47452
A18: =A17+1 -> 7 | B18: 6864.55 | C18: 173845 | D18: =C18-C17 -> -49 | E18: =C18-152000 -> 21845 | F18: =D18/$D$2 -> -24.703806 | G18: 63 | H18: 0 | I18: =G18+H18 -> 63 | J18: =IF(L18>0,L18,0) -> 0.2961936 | K18: =I18+J18 -> 63.296194 | L18: =F18-(I18-AA18) -> 0.2961936 | M18: 19 | N18: 0 | O18: =0.37*1.9835 -> 0.733895 | P18: 1.38 | Q18: 2.4 | R18: 0 | S18: 32 | T18: 15 | U18: =M18-N18-O18-P18-Q18-R18+S18+T18 -> 61.486105 | X18: 0 | Y18: 22 | Z18: =Z17-Y18 -> 3065 | AA18: =N18+O18+P18+Q18+R18+U18+X18+Y18 -> 88 | AB18: =IF(L18<0,L18*-1,0) -> 0 | AC18: =AA18+AB18 -> 88 | AD18: 0 | AE18: 52 | AF18: 33 | AG18: 29.33 | AH18: =M18-O18-P18-Q18+S18+T18 -> 61.486105
A19: =A18+1 -> 8 | B19: 6864.55 | C19: 173845 | D19: =C19-C18 -> 0 | E19: =C19-152000 -> 21845 | F19: =D19/$D$2 -> 0 | G19: 61 | H19: 0 | I19: =G19+H19 -> 61 | J19: =IF(L19>0,L19,0) -> 11.8 | K19: =I19+J19 -> 72.8 | L19: =F19-(I19-AA19) -> 11.8 | M19: 4.8 | N19: 0 | O19: =0.82*1.9835 -> 1.62647 | P19: 1.38 | Q19: 2.4 | R19: 0 | S19: 46 | T19: 0 | U19: =M19-N19-O19-P19-Q19-R19+S19+T19 -> 45.39353 | X19: 0 | Y19: 22 | Z19: =Z18-Y19 -> 3043 | AA19: =N19+O19+P19+Q19+R19+U19+X19+Y19 -> 72.8 | AB19: =IF(L19<0,L19*-1,0) -> 0 | AC19: =AA19+AB19 -> 72.8 | AD19: 0 | AE19: 54 | AF19: 31 | AG19: =AG18+(U19*1.9835) -> 119.36807 | AH19: 0
A20: =A19+1 -> 9 | B20: 6864.55 | C20: 173845 | D20: =C20-C19 -> 0 | E20: =C20-152000 -> 21845 | F20: =D20/$D$2 -> 0 | G20: 59 | H20: 0 | I20: =G20+H20 -> 59 | J20: =IF(L20>0,L20,0) -> 13.4 | K20: =I20+J20 -> 72.4 | L20: =F20-(I20-AA20) -> 13.4 | M20: 3.4 | N20: 0 | O20: =0.99*1.9835 -> 1.963665 | P20: 1.38 | Q20: 2.4 | R20: 0 | S20: 47 | T20: 0 | U20: =M20-N20-O20-P20-Q20-R20+S20+T20 -> 44.656335 | X20: 0 | Y20: 22 | Z20: =Z19-Y20 -> 3021 | AA20: =N20+O20+P20+Q20+R20+U20+X20+Y20 -> 72.4 | AB20: =IF(L20<0,L20*-1,0) -> 0 | AC20: =AA20+AB20 -> 72.4 | AD20: 0 | AE20: 54 | AF20: 34 | AG20: =AG19+(U20*1.9835) -> 207.94391 | AH20: 0
A21: =A20+1 -> 10 | B21: 6864.51 | C21: 173746 | D21: =C21-C20 -> -99 | E21: =C21-152000 -> 21746 | F21: =D21/$D$2 -> -49.911772 | G21: 64 | H21: 0 | I21: =G21+H21 -> 64 | J21: =IF(L21>0,L21,0) -> 0 | K21: =I21+J21 -> 64 | L21: =F21-(I21-AA21) -> -6.5117721 | M21: 3.4 | N21: 0 | O21: 0 | P21: 1.38 | Q21: 2.4 | R21: 0 | S21: 83 | T21: 0 | U21: =M21-N21-O21-P21-Q21-R21+S21+T21 -> 82.62 | X21: 0 | Y21: 21 | Z21: =Z20-Y21 -> 3000 | AA21: =N21+O21+P21+Q21+R21+U21+X21+Y21 -> 107.4 | AB21: =IF(L21<0,L21*-1,0) -> 6.5117721 | AC21: =AA21+AB21 -> 113.91177 | AD21: 0.12 | AE21: 45 | AF21: 34 | AG21: =AG20+(U21*1.9835) -> 371.82068 | AH21: 0
A22: =A21+1 -> 11 | B22: 6864.47 | C22: 173648 | D22: =C22-C21 -> -98 | E22: =C22-152000 -> 21648 | F22: =D22/$D$2 -> -49.407613 | G22: 67 | H22: 0 | I22: =G22+H22 -> 67 | J22: =IF(L22>0,L22,0) -> 0 | K22: =I22+J22 -> 67 | L22: =F22-(I22-AA22) -> -3.0076128 | M22: 3.4 | N22: 0 | O22: 0 | P22: 1.38 | Q22: 2.4 | R22: 0 | S22: 88 | T22: 0 | U22: =M22-N22-O22-P22-Q22-R22+S22+T22 -> 87.62 | X22: 0 | Y22: 22 | Z22: =Z21-Y22 -> 2978 | AA22: =N22+O22+P22+Q22+R22+U22+X22+Y22 -> 113.4 | AB22: =IF(L22<0,L22*-1,0) -> 3.0076128 | AC22: =AA22+AB22 -> 116.40761 | AD22: 0 | AE22: 50 | AF22: 33 | AG22: =AG21+(U22*1.9835) -> 545.61495 | AH22: 0
A23: =A22+1 -> 12 | B23: 6864.48 | C23: 173673 | D23: =C23-C22 -> 25 | E23: =C23-152000 -> 21673 | F23: =D23/$D$2 -> 12.603983 | G23: 65 | H23: 0 | I23: =G23+H23 -> 65 | J23: =IF(L23>0,L23,0) -> 37.003983 | K23: =I23+J23 -> 102.00398 | L23: =F23-(I23-AA23) -> 37.003983 | M23: 3.4 | N23: 0 | O23: 0 | P23: 1.38 | Q23: 2.4 | R23: 0 | S23: 64 | T23: 0 | U23: =M23-N23-O23-P23-Q23-R23+S23+T23 -> 63.62 | X23: 0 | Y23: 22 | Z23: =Z22-Y23 -> 2956 | AA23: =N23+O23+P23+Q23+R23+U23+X23+Y23 -> 89.4 | AB23: =IF(L23<0,L23*-1,0) -> 0 | AC23: =AA23+AB23 -> 89.4 | AD23: 0.14 | AE23: 47 | AF23: 32 | AG23: =AG22+(U23*1.9835) -> 671.80522 | AH23: 0
A24: =A23+1 -> 13 | B24: 6864.46 | C24: 173623 | D24: =C24-C23 -> -50 | E24: =C24-152000 -> 21623 | F24: =D24/$D$2 -> -25.207966 | G24: 72 | H24: 0 | I24: =G24+H24 -> 72 | J24: =IF(L24>0,L24,0) -> 0 | K24: =I24+J24 -> 72 | L24: =F24-(I24-AA24) -> -1.8079657 | M24: 3.4 | N24: 0 | O24: 0 | P24: 1.38 | Q24: 2.4 | R24: 0 | S24: 73 | T24: 0 | U24: =M24-N24-O24-P24-Q24-R24+S24+T24 -> 72.62 | X24: 0 | Y24: 19 | Z24: =Z23-Y24 -> 2937 | AA24: =N24+O24+P24+Q24+R24+U24+X24+Y24 -> 95.4 | AB24: =IF(L24<0,L24*-1,0) -> 1.8079657 | AC24: =AA24+AB24 -> 97.207966 | AD24: 0.12 | AE24: 45 | AF24: 38 | AG24: =AG23+(U24*1.9835) -> 815.84699 | AH24: 0
A25: =A24+1 -> 14 | B25: 6864.44 | C25: 173574 | D25: =C25-C24 -> -49 | E25: =C25-152000 -> 21574 | F25: =D25/$D$2 -> -24.703806 | G25: 71 | H25: 0 | I25: =G25+H25 -> 71 | J25: =IF(L25>0,L25,0) -> 1.6961936 | K25: =I25+J25 -> 72.696194 | L25: =F25-(I25-AA25) -> 1.6961936 | M25: 3.4 | N25: 0 | O25: 0 | P25: 1.38 | Q25: 2.4 | R25: 0 | S25: 76 | T25: 0 | U25: =M25-N25-O25-P25-Q25-R25+S25+T25 -> 75.62 | X25: 0 | Y25: 18 | Z25: =Z24-Y25 -> 2919 | AA25: =N25+O25+P25+Q25+R25+U25+X25+Y25 -> 97.4 | AB25: =IF(L25<0,L25*-1,0) -> 0 | AC25: =AA25+AB25 -> 97.4 | AD25: 0 | AE25: 47 | AF25: 34 | AG25: =AG24+(U25*1.9835) -> 965.83926 | AH25: 0
A26: =A25+1 -> 15 | B26: 6864.42 | C26: 173525 | D26: =C26-C25 -> -49 | E26: =C26-152000 -> 21525 | F26: =D26/$D$2 -> -24.703806 | G26: 66 | H26: 0 | I26: =G26+H26 -> 66 | J26: =IF(L26>0,L26,0) -> 6.6961936 | K26: =I26+J26 -> 72.696194 | L26: =F26-(I26-AA26) -> 6.6961936 | M26: 3.4 | N26: 0 | O26: 0 | P26: 1.38 | Q26: 2.4 | R26: 0 | S26: 76 | T26: 0 | U26: =M26-N26-O26-P26-Q26-R26+S26+T26 -> 75.62 | X26: 0 | Y26: 18 | Z26: =Z25-Y26 -> 2901 | AA26: =N26+O26+P26+Q26+R26+U26+X26+Y26 -> 97.4 | AB26: =IF(L26<0,L26*-1,0) -> 0 | AC26: =AA26+AB26 -> 97.4 | AD26: 0 | AE26: 47 | AF26: 31 | AG26: =AG25+(U26*1.9835) -> 1115.8315 | AH26: 0
A27: =A26+1 -> 16 | B27: 6864.4 | C27: 173476 | D27: =C27-C26 -> -49 | E27: =C27-152000 -> 21476 | F27: =D27/$D$2 -> -24.703806 | G27: 61 | H27: 0 | I27: =G27+H27 -> 61 | J27: =IF(L27>0,L27,0) -> 11.696194 | K27: =I27+J27 -> 72.696194 | L27: =F27-(I27-AA27) -> 11.696194 | M27: 3.4 | N27: 0 | O27: 0 | P27: 1.38 | Q27: 2.4 | R27: 0 | S27: 76 | T27: 0 | U27: =M27-N27-O27-P27-Q27-R27+S27+T27 -> 75.62 | X27: 0 | Y27: 18 | Z27: =Z26-Y27 -> 2883 | AA27: =N27+O27+P27+Q27+R27+U27+X27+Y27 -> 97.4 | AB27: =IF(L27<0,L27*-1,0) -> 0 | AC27: =AA27+AB27 -> 97.4 | AD27: 0.13 | AE27: 43 | AF27: 30 | AG27: =AG26+(U27*1.9835) -> 1265.8238 | AH27: 0
A28: =A27+1 -> 17 | B28: 6864.41 | C28: 173501 | D28: =C28-C27 -> 25 | E28: =C28-152000 -> 21501 | F28: =D28/$D$2 -> 12.603983 | G28: 66 | H28: 0 | I28: =G28+H28 -> 66 | J28: =IF(L28>0,L28,0) -> 28.003983 | K28: =I28+J28 -> 94.003983 | L28: =F28-(I28-AA28) -> 28.003983 | M28: 3.4 | N28: 0 | O28: 0 | P28: 1.38 | Q28: 2.4 | R28: 0 | S28: 60 | T28: 0 | U28: =M28-N28-O28-P28-Q28-R28+S28+T28 -> 59.62 | X28: 0 | Y28: 18 | Z28: =Z27-Y28 -> 2865 | AA28: =N28+O28+P28+Q28+R28+U28+X28+Y28 -> 81.4 | AB28: =IF(L28<0,L28*-1,0) -> 0 | AC28: =AA28+AB28 -> 81.4 | AD28: 0.13 | AE28: 36 | AF28: 23 | AG28: =AG27+(U28*1.9835) -> 1384.0801 | AH28: 0
A29: =A28+1 -> 18 | B29: 6864.4 | C29: 173476 | D29: =C29-C28 -> -25 | E29: =C29-152000 -> 21476 | F29: =D29/$D$2 -> -12.603983 | G29: 59 | H29: 0 | I29: =G29+H29 -> 59 | J29: =IF(L29>0,L29,0) -> 0 | K29: =I29+J29 -> 59 | L29: =F29-(I29-AA29) -> -1.6039829 | M29: 3 | N29: 0 | O29: 0 | P29: 1.38 | Q29: 2.4 | R29: 0 | S29: 49 | T29: 0 | U29: =M29-N29-O29-P29-Q29-R29+S29+T29 -> 48.22 | X29: 0 | Y29: 18 | Z29: =Z28-Y29 -> 2847 | AA29: =N29+O29+P29+Q29+R29+U29+X29+Y29 -> 70 | AB29: =IF(L29<0,L29*-1,0) -> 1.6039829 | AC29: =AA29+AB29 -> 71.603983 | AD29: 0 | AE29: 44 | AF29: 21 | AG29: =AG28+(U29*1.9835) -> 1479.7244 | AH29: 0
A30: =A29+1 -> 19 | B30: 6864.38 | C30: 173427 | D30: =C30-C29 -> -49 | E30: =C30-152000 -> 21427 | F30: =D30/$D$2 -> -24.703806 | G30: 57 | H30: 0 | I30: =G30+H30 -> 57 | J30: =IF(L30>0,L30,0) -> 0 | K30: =I30+J30 -> 57 | L30: =F30-(I30-AA30) -> -10.603806 | M30: 3.1 | N30: 0 | O30: 0 | P30: 1.38 | Q30: 2.4 | R30: 0 | S30: 50 | T30: 0 | U30: =M30-N30-O30-P30-Q30-R30+S30+T30 -> 49.32 | X30: 0 | Y30: 18 | Z30: =Z29-Y30 -> 2829 | AA30: =N30+O30+P30+Q30+R30+U30+X30+Y30 -> 71.1 | AB30: =IF(L30<0,L30*-1,0) -> 10.603806 | AC30: =AA30+AB30 -> 81.703806 | AD30: 0 | AE30: 56 | AF30: 24 | AG30: =AG29+(U30*1.9835) -> 1577.5507 | AH30: 0
A31: =A30+1 -> 20 | B31: 6864.36 | C31: 173378 | D31: =C31-C30 -> -49 | E31: =C31-152000 -> 21378 | F31: =D31/$D$2 -> -24.703806 | G31: 62 | H31: 0 | I31: =G31+H31 -> 62 | J31: =IF(L31>0,L31,0) -> 0 | K31: =I31+J31 -> 62 | L31: =F31-(I31-AA31) -> -14.503806 | M31: 3.2 | N31: 0 | O31: 0 | P31: 1.38 | Q31: 2.4 | R31: 0 | S31: 51 | T31: 0 | U31: =M31-N31-O31-P31-Q31-R31+S31+T31 -> 50.42 | X31: 0 | Y31: 18 | Z31: =Z30-Y31 -> 2811 | AA31: =N31+O31+P31+Q31+R31+U31+X31+Y31 -> 72.2 | AB31: =IF(L31<0,L31*-1,0) -> 14.503806 | AC31: =AA31+AB31 -> 86.703806 | AD31: 0 | AE31: 56 | AF31: 28 | AG31: =AG30+(U31*1.9835) -> 1677.5587 | AH31: 0
A32: =A31+1 -> 21 | B32: 6864.34 | C32: 173329 | D32: =C32-C31 -> -49 | E32: =C32-152000 -> 21329 | F32: =D32/$D$2 -> -24.703806 | G32: 66 | H32: 0 | I32: =G32+H32 -> 66 | J32: =IF(L32>0,L32,0) -> 0 | K32: =I32+J32 -> 66 | L32: =F32-(I32-AA32) -> -18.103806 | M32: 3.6 | N32: 0 | O32: 0 | P32: 1.38 | Q32: 2.4 | R32: 0 | S32: 51 | T32: 0 | U32: =M32-N32-O32-P32-Q32-R32+S32+T32 -> 50.82 | X32: 0 | Y32: 18 | Z32: =Z31-Y32 -> 2793 | AA32: =N32+O32+P32+Q32+R32+U32+X32+Y32 -> 72.6 | AB32: =IF(L32<0,L32*-1,0) -> 18.103806 | AC32: =AA32+AB32 -> 90.703806 | AD32: 0 | AE32: 54 | AF32: 33 | AG32: =AG31+(U32*1.9835) -> 1778.3602 | AH32: 0
... A40: =A39+1 -> 29 | B40: 6864.16 | C40: 172887 | D40: =C40-C39 -> -49 | E40: =C40-152000 -> 20887 | F40: =D40/$D$2 -> -24.703806 | G40: 43 | H40: 0 | I40: =G40+H40 -> 43 | J40: =IF(L40>0,L40,0) -> 6.6961936 | K40: =I40+J40 -> 49.696194 | L40: =F40-(I40-AA40) -> 6.6961936 | M40: 4.4 | N40: 0 | O40: 0 | P40: 1.38 | Q40: 2.4 | R40: 0 | S40: 52 | T40: 0 | U40: =M40-N40-O40-P40-Q40-R40+S40+T40 -> 52.62 | X40: 0 | Y40: 18 | Z40: =Z39-Y40 -> 2649 | AA40: =N40+O40+P40+Q40+R40+U40+X40+Y40 -> 74.4 | AB40: =IF(L40<0,L40*-1,0) -> 0 | AC40: =AA40+AB40 -> 74.4 | AD40: 0 | AE40: 52 | AF40: 19 | AG40: =AG39+(U40*1.9835) -> 2617.8964 | AH40: 0
A41: 30 | B41: 6864.15 | C41: 172862 | D41: =C41-C40 -> -25 | E41: =C41-152000 -> 20862 | F41: =D41/$D$2 -> -12.603983 | G41: 45 | H41: 0 | I41: =G41+H41 -> 45 | J41: =IF(L41>0,L41,0) -> 16.796017 | K41: =I41+J41 -> 61.796017 | L41: =F41-(I41-AA41) -> 16.796017 | M41: 4.4 | N41: 0 | O41: 0 | P41: 1.38 | Q41: 2.4 | R41: 0 | S41: 52 | T41: 0 | U41: =M41-N41-O41-P41-Q41-R41+S41+T41 -> 52.62 | X41: 0 | Y41: 18 | Z41: =Z40-Y41 -> 2631 | AA41: =N41+O41+P41+Q41+R41+U41+X41+Y41 -> 74.4 | AB41: =IF(L41<0,L41*-1,0) -> 0 | AC41: =AA41+AB41 -> 74.4 | AD41: 0 | AE41: 55 | AF41: 26 | AG41: =AG40+(U41*1.9835) -> 2722.2682 | AH41: 0
A43: MONTH / CFS | F43: =SUM(F12:F41) -> -544.99622 | G43: =SUM(G12:G41) -> 1861 | H43: =SUM(H12:H41) -> 0 | I43: =SUM(I12:I41) -> 1861 | J43: =SUM(J12:J41) -> 210.97716 | K43: =SUM(K12:K41) -> 2071.9772 | L43: =SUM(L12:L41) -> 29.003781 | M43: =SUM(M12:M41) -> 238 | ... U43: =SUM(U12:U41) -> 1727.5305 | Y43: =SUM(Y12:Y41) -> 588 | AA43: =SUM(AA12:AA41) -> 2435 | AB43: =SUM(AB12:AB41) -> 181.97338 | AC43: =SUM(AC12:AC41) -> 2616.9734 | AD43: =SUM(AD12:AD41) -> 0.98 | AE43: =AVERAGE(AE12:AE41) -> 46.1 | AF43: =AVERAGE(AF12:AF42) -> 26 | AG43: Avg | AH43: =SUM(AH12:AH41) -> 369.86063
A44: MONTH / AF | D44: =SUM(D12:D41) -> -1081 | F44: =F43*$D$2 -> -1081 | G44: =G43*$D$2 -> 3691.2935 | H44: =H43*$D$2 -> 0 | I44: =I43*$D$2 -> 3691.2935 | J44: =J43*$D$2 -> 418.4732 | K44: =K43*$D$2 -> 4109.7667 | L44: =L43*$D$2 -> 57.529 | M44: =M43*$D$2 -> 472.073 | ... U44: =U43*$D$2 -> 3426.5567 | Y44: =Y43*$D$2 -> 1166.298 | AA44: =AA43*$D$2 -> 4829.8225 | AB44: =AB43*$D$2 -> 360.9442 | AC44: =AC43*$D$2 -> 5190.7667 | AE44: =MAX(AE12:AE41) -> 56 | AF44: =MAX(AF12:AF42) -> 43 | AG44: HI | AH44: =AH43*$D$2 -> 733.61855
A46: SEASON / CFS | AE46: =MIN(AE12:AE41) -> 27 | AF46: =MIN(AF12:AF42) -> 5 | AG46: LO
A47: SEASON / AF
A49: YTD / CFS | F49: =F10+F43 -> -544.99622 | G49: =G10+G43 -> 1861 | H49: =H10+H43 -> 0 | I49: =I10+I43 -> 1861 | J49: =J10+J43 -> 210.97716 | K49: =K10+K43 -> 2071.9772 | L49: =L10+L43 -> 29.003781 | M49: =M10+M43 -> 238 | N49: =N10+N43 -> 0 | O49: 0 | P49: =P10+P43 -> 41.4 | Q49: =Q10+Q43 -> 72 | R49: =R10+R43 -> 0 | S49: =S10+S43 -> 1514 | T49: =T10+T43 -> 95 | U49: =U10+U43 -> 1727.5305 | Y49: =Y10+Y43 -> 588 | Z49: =Z41 -> 2631 | AA49: =AA10+AA43 -> 2435 | AB49: =AB10+AB43 -> 181.97338 | AC49: =AC10+AC43 -> 2616.9734 | AD49: =AD10+AD43 -> 0.98 | AH49: =AH10+AH43 -> 369.86063
A50: YTD / AF | D50: =D10+D44 -> -1081 | E50: =E41 -> 20862 | F50: =F49*$D$2 -> -1081 | G50: =G49*$D$2 -> 3691.2935 | H50: =H49*$D$2 -> 0 | I50: =I49*$D$2 -> 3691.2935 | J50: =J49*$D$2 -> 418.4732 | K50: =K49*$D$2 -> 4109.7667 | L50: =L49*$D$2 -> 57.529 | M50: =M49*$D$2 -> 472.073 | ... U50: =U49*$D$2 -> 3426.5567 | Y50: =Y49*$D$2 -> 1166.298 | Z50: =Z49*$D$2 -> 5218.5885 | AA50: =AA49*$D$2 -> 4829.8225 | AB50: =AB49*$D$2 -> 360.9442 | AC50: =AC49*$D$2 -> 5190.7667 | AG50: =AG41 -> 2722.2682 | AH50: =AH49*$D$2 -> 733.61855

Sheet DEC
K1: MCPHEE RESERVOIR INFLOW/OUTFLOW TABULATION
A2: AF/cfs CONVERT FACTOR | D2: 1.9835 | K2: DECEMBER "2003"
D4: RESERVOIR | S4: INFLOW/OUTFLOW (CFS) | AE4: WEATHER | AI4: ADJUSTMENTS
A5: DATE | B5: RESERV | C5: RESERV | D5: AC FT | E5: ACTIVE | F5: CONV TO | G5: DOLORES | H5: LOST | I5: RECORD | J5: CALC | K5: TOTAL | L5: CALC | M5: DOLORES TUNNEL | S5: LONE | T5: U | U5: TOTAL | V5: MVI | W5: MVI | X5: DV CR | Y5: BELOW | Z5: FISH | AA5: RECORD | AB5: CALC | AC5: TOTAL | AD5: RAIN | AE5: MAX | AF5: MIN | AG5: NAR | AH5: MVI | AI5: MVI | AJ5: MVI | AK5: U/S
A6: DEC | B6: ELEV | C6: AC FT | D6: CHANGE | E6: CAP | F6: CFS | G6: RIVER | H6: CAN | I6: INFLOW | J6: INFLOW | K6: INFLOW | L6: INF/OTF | M6: TOT DIV | N6: WET | O6: UTE | P6: MWC | Q6: CTZ | R6: CTZ & | S6: PINE | T6: LAT | U6: MVI | V6: CALL + | W6: PROJ | X6: CANAL | Y6: MCP | Z6: LEFT | AA6: OTF | AB6: OTF | AC6: OTF | AE6: TMP | AF6: TMP | AG6: CALL | AH6: STOCK | AI6: STORED | AJ6: STORED | AK6: USERS
E7: AC FT | N7: LAND | O7: F&R | R7: UTE | V7: TO EX | AG7: AC.FT. | AH7: AC.FT. | AI7: Apr-Jun | AJ7: EVAP | AK7: EXCH
R8: PROJ | AJ8: AC.FT.
A9: SEASON BAL
A10: YTD | B10: =NOV!B41 -> 6864.15 | C10: =NOV!C41 -> 172862 | D10: =NOV!D50 -> -1081 | E10: =NOV!E50 -> 20862 | F10: =NOV!F49 -> -544.99622 | G10: =NOV!G49 -> 1861 | H10: =NOV!H49 -> 0 | I10: =NOV!I49 -> 1861 | J10: =NOV!J49 -> 210.97716 | K10: =NOV!K49 -> 2071.9772 | L10: =NOV!L49 -> 29.003781 | M10: =NOV!M49 -> 238 | ... U10: =NOV!U49 -> 1727.5305 | Y10: =NOV!Y49 -> 588 | Z10: =NOV!Z49 -> 2631 | AA10: =NOV!AA49 -> 2435 | AB10: =NOV!AB49 -> 181.97338 | AC10: =NOV!AC49 -> 2616.9734 | AD10: =NOV!AD49 -> 0.98 | AG10: =NOV!AG50 -> 2722.2682 | AH10: =NOV!AH49 -> 369.86063
A12: 1 | B12: 6864.14 | C12: 172837 | D12: =C12-C10 -> -25 | E12: =C12-152000 -> 20837 | F12: =D12/$D$2 -> -12.603983 | G12: 50 | H12: 0 | I12: =G12+H12 -> 50 | J12: =IF(L12>0,L12,0) -> 10.796017 | K12: =I12+J12 -> 60.796017 | L12: =F12-(I12-AA12) -> 10.796017 | M12: 4.4 | N12: 0 | O12: 0 | P12: 1.4 | Q12: 2.4 | R12: 0 | S12: 51 | T12: 0 | U12: =M12-N12-O12-P12-Q12-R12+S12+T12 -> 51.6 | X12: 0 | Y12: 18 | Z12: =Z10-Y12 -> 2613 | AA12: =N12+O12+P12+Q12+R12+U12+X12+Y12 -> 73.4 | AB12: =IF(L12<0,L12*-1,0) -> 0 | AC12: =AA12+AB12 -> 73.4 | AD12: 0 | AE12: 61 | AF12: 29 | AG12: =AG10+(U12*1.9835) -> 2824.6168 | AH12: 0
A13: =A12+1 -> 2 | B13: 6864.13 | C13: 172813 | D13: =C13-C12 -> -24 | E13: =C13-152000 -> 20813 | F13: =D13/$D$2 -> -12.099824 | G13: 53 | H13: 0 | I13: =G13+H13 -> 53 | J13: =IF(L13>0,L13,0) -> 7.3001765 | K13: =I13+J13 -> 60.300176 | L13: =F13-(I13-AA13) -> 7.3001765 | M13: 4.4 | N13: 0 | O13: 0 | P13: 1.4 | Q13: 2.4 | R13: 0 | S13: 50 | T13: 0 | U13: =M13-N13-O13-P13-Q13-R13+S13+T13 -> 50.6 | X13: 0 | Y13: 18 | Z13: =Z12-Y13 -> 2595 | AA13: =N13+O13+P13+Q13+R13+U13+X13+Y13 -> 72.4 | AB13: =IF(L13<0,L13*-1,0) -> 0 | AC13: =AA13+AB13 -> 72.4 | AD13: 0 | AE13: 53 | AF13: 27 | AG13: =AG12+(U13*1.9835) -> 2924.9819 | AH13: 0
A14: =A13+1 -> 3 | B14: 6864.12 | C14: 172788 | D14: =C14-C13 -> -25 | E14: =C14-152000 -> 20788 | F14: =D14/$D$2 -> -12.603983 | G14: 51 | H14: 0 | I14: =G14+H14 -> 51 | J14: =IF(L14>0,L14,0) -> 13.006017 | K14: =I14+J14 -> 64.006017 | L14: =F14-(I14-AA14) -> 13.006017 | M14: 4.2 | N14: 0 | O14: 4.41 | P14: 1.4 | Q14: 2.4 | R14: 0 | S14: 50 | T14: 0 | U14: =M14-N14-P14-Q14-R14+S14+T14 -> 50.4 | X14: 0 | Y14: 18 | Z14: =Z13-Y14 -> 2577 | AA14: =N14+O14+P14+Q14+R14+U14+X14+Y14 -> 76.61 | AB14: =IF(L14<0,L14*-1,0) -> 0 | AC14: =AA14+AB14 -> 76.61 | AD14: 0 | AE14: 52 | AF14: 24 | AG14: =AG13+(U14*1.9835) -> 3024.9503 | AH14: 0
A15: =A14+1 -> 4 | B15: 6864.11 | C15: 172764 | D15: =C15-C14 -> -24 | E15: =C15-152000 -> 20764 | F15: =D15/$D$2 -> -12.099824 | G15: 48 | H15: 0 | I15: =G15+H15 -> 48 | J15: =IF(L15>0,L15,0) -> 20.300176 | K15: =I15+J15 -> 68.300176 | L15: =F15-(I15-AA15) -> 20.300176 | M15: 4.1 | N15: 0 | O15: 8.3 | P15: 1.4 | Q15: 2.4 | R15: 0 | S15: 50 | T15: 0 | U15: =M15-N15-P15-Q15-R15+S15+T15 -> 50.3 | X15: 0 | Y15: 18 | Z15: =Z14-Y15 -> 2559 | AA15: =N15+O15+P15+Q15+R15+U15+X15+Y15 -> 80.4 | AB15: =IF(L15<0,L15*-1,0) -> 0 | AC15: =AA15+AB15 -> 80.4 | AD15: 0 | AE15: 52 | AF15: 23 | AG15: =AG14+(U15*1.9835) -> 3124.7203 | AH15: 0
A16: =A15+1 -> 5 | B16: 6864.1 | C16: 172739 | D16: =C16-C15 -> -25 | E16: =C16-152000 -> 20739 | F16: =D16/$D$2 -> -12.603983 | G16: 46 | H16: 0 | I16: =G16+H16 -> 46 | J16: =IF(L16>0,L16,0) -> 17.576017 | K16: =I16+J16 -> 63.576017 | L16: =F16-(I16-AA16) -> 17.576017 | M16: 4.1 | N16: 0 | O16: 4.08 | P16: 1.4 | Q16: 2.4 | R16: 0 | S16: 50 | T16: 0 | U16: =M16-N16-P16-Q16-R16+S16+T16 -> 50.3 | X16: 0 | Y16: 18 | Z16: =Z15-Y16 -> 2541 | AA16: =N16+O16+P16+Q16+R16+U16+X16+Y16 -> 76.18 | AB16: =IF(L16<0,L16*-1,0) -> 0 | AC16: =AA16+AB16 -> 76.18 | AD16: 0 | AE16: 48 | AF16: 25 | AG16: =AG15+(U16*1.9835) -> 3224.4904 | AH16: 0
A17: =A16+1 -> 6 | B17: 6864.09 | C17: 172715 | D17: =C17-C16 -> -24 | E17: =C17-152000 -> 20715 | F17: =D17/$D$2 -> -12.099824 | G17: 46 | H17: 0 | I17: =G17+H17 -> 46 | J17: =IF(L17>0,L17,0) -> 14.000176 | K17: =I17+J17 -> 60.000176 | L17: =F17-(I17-AA17) -> 14.000176 | M17: 4.1 | N17: 0 | O17: 0 | P17: 1.4 | Q17: 2.4 | R17: 0 | S17: 50 | T17: 0 | U17: =M17-N17-P17-Q17-R17+S17+T17 -> 50.3 | X17: 0 | Y17: 18 | Z17: =Z16-Y17 -> 2523 | AA17: =N17+O17+P17+Q17+R17+U17+X17+Y17 -> 72.1 | AB17: =IF(L17<0,L17*-1,0) -> 0 | AC17: =AA17+AB17 -> 72.1 | AD17: 0 | AE17: 55 | AF17: 32 | AG17: =AG16+(U17*1.9835) -> 3324.2604 | AH17: 0
A18: =A17+1 -> 7 | B18: 6864.08 | C18: 172690 | D18: =C18-C17 -> -25 | E18: =C18-152000 -> 20690 | F18: =D18/$D$2 -> -12.603983 | G18: 46 | H18: 0 | I18: =G18+H18 -> 46 | J18: =IF(L18>0,L18,0) -> 13.496017 | K18: =I18+J18 -> 59.496017 | L18: =F18-(I18-AA18) -> 13.496017 | M18: 4.1 | N18: 0 | O18: 0 | P18: 1.4 | Q18: 2.4 | R18: 0 | S18: 50 | T18: 0 | U18: =M18-N18-P18-Q18-R18+S18+T18 -> 50.3 | X18: 0 | Y18: 18 | Z18: =Z17-Y18 -> 2505 | AA18: =N18+O18+P18+Q18+R18+U18+X18+Y18 -> 72.1 | AB18: =IF(L18<0,L18*-1,0) -> 0 | AC18: =AA18+AB18 -> 72.1 | AD18: 0 | AE18: 48 | AF18: 33 | AG18: =AG17+(U18*1.9835) -> 3424.0305 | AH18: 0
A19: =A18+1 -> 8 | B19: 6864.06 | C19: 172641 | D19: =C19-C18 -> -49 | E19: =C19-152000 -> 20641 | F19: =D19/$D$2 -> -24.703806 | G19: 45 | H19: 0 | I19: =G19+H19 -> 45 | J19: =IF(L19>0,L19,0) -> 15.086194 | K19: =I19+J19 -> 60.086194 | L19: =F19-(I19-AA19) -> 15.086194 | M19: 4.1 | N19: 0 | O19: 6.69 | P19: 1.4 | Q19: 2.4 | R19: 0 | S19: 56 | T19: 0 | U19: =M19-N19-P19-Q19-R19+S19+T19 -> 56.3 | X19: 0 | Y19: 18 | Z19: =Z18-Y19 -> 2487 | AA19: =N19+O19+P19+Q19+R19+U19+X19+Y19 -> 84.79 | AB19: =IF(L19<0,L19*-1,0) -> 0 | AC19: =AA19+AB19 -> 84.79 | AD19: 0.14 | AE19: 42 | AF19: 24 | AG19: =AG18+(U19*1.9835) -> 3535.7015 | AH19: 0
A20: =A19+1 -> 9 | B20: 6864.03 | C20: 172567 | D20: =C20-C19 -> -74 | E20: =C20-152000 -> 20567 | F20: =D20/$D$2 -> -37.307789 | G20: 43 | H20: 0 | I20: =G20+H20 -> 43 | J20: =IF(L20>0,L20,0) -> 3.7922107 | K20: =I20+J20 -> 46.792211 | L20: =F20-(I20-AA20) -> 3.7922107 | M20: 4.1 | N20: 0 | O20: 0 | P20: 1.4 | Q20: 2.4 | R20: 0 | S20: 61 | T20: 0 | U20: =M20-N20-P20-Q20-R20+S20+T20 -> 61.3 | X20: 0 | Y20: 19 | Z20: =Z19-Y20 -> 2468 | AA20: =N20+O20+P20+Q20+R20+U20+X20+Y20 -> 84.1 | AB20: =IF(L20<0,L20*-1,0) -> 0 | AC20: =AA20+AB20 -> 84.1 | AD20: 0 | AE20: 39 | AF20: 16 | AG20: =AG19+(U20*1.9835) -> 3657.2901 | AH20: 0
A21: =A20+1 -> 10 | B21: 6864 | C21: 172493 | D21: =C21-C20 -> -74 | E21: =C21-152000 -> 20493 | F21: =D21/$D$2 -> -37.307789 | G21: 32 | H21: 0 | I21: =G21+H21 -> 32 | J21: =IF(L21>0,L21,0) -> 12.482211 | K21: =I21+J21 -> 44.482211 | L21: =F21-(I21-AA21) -> 12.482211 | M21: 4.1 | N21: 0 | O21: 1.69 | P21: 1.4 | Q21: 2.4 | R21: 0 | S21: 60 | T21: 0 | U21: =M21-N21-P21-Q21-R21+S21+T21 -> 60.3 | X21: 0 | Y21: 16 | Z21: =Z20-Y21 -> 2452 | AA21: =N21+O21+P21+Q21+R21+U21+X21+Y21 -> 81.79 | AB21: =IF(L21<0,L21*-1,0) -> 0 | AC21: =AA21+AB21 -> 81.79 | AD21: 0 | AE21: 39 | AF21: 14 | AG21: =AG20+(U21*1.9835) -> 3776.8951 | AH21: 0
A22: =A21+1 -> 11 | B22: 6863.97 | C22: 172421 | D22: =C22-C21 -> -72 | E22: =C22-152000 -> 20421 | F22: =D22/$D$2 -> -36.299471 | G22: 31 | H22: 0 | I22: =G22+H22 -> 31 | J22: =IF(L22>0,L22,0) -> 13.425529 | K22: =I22+J22 -> 44.425529 | L22: =F22-(I22-AA22) -> 13.425529 | M22: 4.1 | N22: 0 | O22: 1.625 | P22: 1.4 | Q22: 2.4 | R22: 0 | S22: 59 | T22: 0 | U22: =M22-N22-P22-Q22-R22+S22+T22 -> 59.3 | X22: 0 | Y22: 16 | Z22: =Z21-Y22 -> 2436 | AA22: =N22+O22+P22+Q22+R22+U22+X22+Y22 -> 80.725 | AB22: =IF(L22<0,L22*-1,0) -> 0 | AC22: =AA22+AB22 -> 80.725 | AD22: 0 | AE22: 40 | AF22: 20 | AG22: =AG21+(U22*1.9835) -> 3894.5167 | AH22: 0
A23: =A22+1 -> 12 | B23: 6863.94 | C23: 172348 | D23: =C23-C22 -> -73 | E23: =C23-152000 -> 20348 | F23: =D23/$D$2 -> -36.80363 | G23: 39 | H23: 0 | I23: =G23+H23 -> 39 | J23: =IF(L23>0,L23,0) -> 7.3163701 | K23: =I23+J23 -> 46.31637 | L23: =F23-(I23-AA23) -> 7.3163701 | M23: 4.1 | N23: 0 | O23: 1.02 | P23: 1.4 | Q23: 2.4 | R23: 0 | S23: 59 | T23: 0 | U23: =M23-N23-P23-Q23-R23+S23+T23 -> 59.3 | X23: 0 | Y23: 19 | Z23: =Z22-Y23 -> 2417 | AA23: =N23+O23+P23+Q23+R23+U23+X23+Y23 -> 83.12 | AB23: =IF(L23<0,L23*-1,0) -> 0 | AC23: =AA23+AB23 -> 83.12 | AD23: 0 | AE23: 37 | AF23: 18 | AG23: =AG22+(U23*1.9835) -> 4012.1382 | AH23: 0
A24: =A23+1 -> 13 | B24: 6863.91 | C24: 172276 | D24: =C24-C23 -> -72 | E24: =C24-152000 -> 20276 | F24: =D24/$D$2 -> -36.299471 | G24: 30 | H24: 0 | I24: =G24+H24 -> 30 | J24: =IF(L24>0,L24,0) -> 16.830529 | K24: =I24+J24 -> 46.830529 | L24: =F24-(I24-AA24) -> 16.830529 | M24: 4.1 | N24: 0 | O24: 1.03 | P24: 1.4 | Q24: 2.4 | R24: 0 | S24: 59 | T24: 0 | U24: =M24-N24-P24-Q24-R24+S24+T24 -> 59.3 | X24: 0 | Y24: 19 | Z24: =Z23-Y24 -> 2398 | AA24: =N24+O24+P24+Q24+R24+U24+X24+Y24 -> 83.13 | AB24: =IF(L24<0,L24*-1,0) -> 0 | AC24: =AA24+AB24 -> 83.13 | AD24: 0 | AE24: 41 | AF24: 17 | AG24: =AG23+(U24*1.9835) -> 4129.7598 | AH24: 0
A25: =A24+1 -> 14 | B25: 6863.89 | C25: 172228 | D25: =C25-C24 -> -48 | E25: =C25-152000 -> 20228 | F25: =D25/$D$2 -> -24.199647 | G25: 32 | H25: 0 | I25: =G25+H25 -> 32 | J25: =IF(L25>0,L25,0) -> 27.480353 | K25: =I25+J25 -> 59.480353 | L25: =F25-(I25-AA25) -> 27.480353 | M25: 4.1 | N25: 0 | O25: 1.58 | P25: 1.4 | Q25: 2.4 | R25: 0 | S25: 59 | T25: 0 | U25: =M25-N25-P25-Q25-R25+S25+T25 -> 59.3 | X25: 0 | Y25: 19 | Z25: =Z24-Y25 -> 2379 | AA25: =N25+O25+P25+Q25+R25+U25+X25+Y25 -> 83.68 | AB25: =IF(L25<0,L25*-1,0) -> 0 | AC25: =AA25+AB25 -> 83.68 | AD25: 0 | AE25: 46 | AF25: 23 | AG25: =AG24+(U25*1.9835) -> 4247.3813 | AH25: 0
... A32: =A31+1 -> 21 | B32: 6863.79 | C32: 171986 | D32: =C32-C31 -> -24 | E32: =C32-152000 -> 19986 | F32: =D32/$D$2 -> -12.099824 | G32: 39 | H32: 0 | I32: =G32+H32 -> 39 | J32: =IF(L32>0,L32,0) -> 13.000176 | K32: =I32+J32 -> 52.000176 | L32: =F32-(I32-AA32) -> 13.000176 | M32: 4.1 | N32: 0 | O32: 0 | P32: 1.4 | Q32: 2.4 | R32: 0 | S32: 42 | T32: 0 | U32: =M32-N32-P32-Q32-R32+S32+T32 -> 42.3 | X32: 0 | Y32: 18 | Z32: =Z31-Y32 -> 2253 | AA32: =N32+O32+P32+Q32+R32+U32+X32+Y32 -> 64.1 | AB32: =IF(L32<0,L32*-1,0) -> 0 | AC32: =AA32+AB32 -> 64.1 | AD32: 0.06 | AE32: 46 | AF32: 28 | AG32: =AG31+(U32*1.9835) -> 4850.5637 | AH32: 0
A33: =A32+1 -> 22 | B33: 6863.79 | C33: 171986 | D33: =C33-C32 -> 0 | E33: =C33-152000 -> 19986 | F33: =D33/$D$2 -> 0 | G33: 40 | H33: 0 | I33: =G33+H33 -> 40 | J33: =IF(L33>0,L33,0) -> 22.1 | K33: =I33+J33 -> 62.1 | L33: =F33-(I33-AA33) -> 22.1 | M33: 4.1 | N33: 0 | O33: 0 | P33: 1.4 | Q33: 2.4 | R33: 0 | S33: 40 | T33: 0 | U33: =M33-N33-O33-P33-Q33-R33+S33+T33 -> 40.3 | X33: 0 | Y33: 18 | Z33: =Z32-Y33 -> 2235 | AA33: =N33+O33+P33+Q33+R33+U33+X33+Y33 -> 62.1 | AB33: =IF(L33<0,L33*-1,0) -> 0 | AC33: =AA33+AB33 -> 62.1 | AD33: 0 | AE33: 41 | AF33: 25 | AG33: =AG32+(U33*1.9835) -> 4930.4987 | AH33: 0
A34: =A33+1 -> 23 | B34: 6863.78 | C34: 171962 | D34: =C34-C33 -> -24 | E34: =C34-152000 -> 19962 | F34: =D34/$D$2 -> -12.099824 | G34: 37 | H34: 0 | I34: =G34+H34 -> 37 | J34: =IF(L34>0,L34,0) -> 12.000176 | K34: =I34+J34 -> 49.000176 | L34: =F34-(I34-AA34) -> 12.000176 | M34: 4.1 | N34: 0 | O34: 0 | P34: 1.4 | Q34: 2.4 | R34: 0 | S34: 39 | T34: 0 | U34: =M34-N34-O34-P34-Q34-R34+S34+T34 -> 39.3 | X34: 0 | Y34: 18 | Z34: =Z33-Y34 -> 2217 | AA34: =N34+O34+P34+Q34+R34+U34+X34+Y34 -> 61.1 | AB34: =IF(L34<0,L34*-1,0) -> 0 | AC34: =AA34+AB34 -> 61.1 | AD34: 0 | AE34: 45 | AF34: 18 | AG34: =AG33+(U34*1.9835) -> 5008.4503 | AH34: 0
A35: =A34+1 -> 24 | B35: 6863.78 | C35: 171962 | D35: =C35-C34 -> 0 | E35: =C35-152000 -> 19962 | F35: =D35/$D$2 -> 0 | G35: 34 | H35: 0 | I35: =G35+H35 -> 34 | J35: =IF(L35>0,L35,0) -> 27.1 | K35: =I35+J35 -> 61.1 | L35: =F35-(I35-AA35) -> 27.1 | M35: 4.1 | N35: 0 | O35: 0 | P35: 1.4 | Q35: 2.4 | R35: 0 | S35: 39 | T35: 0 | U35: =M35-N35-O35-P35-Q35-R35+S35+T35 -> 39.3 | X35: 0 | Y35: 18 | Z35: =Z34-Y35 -> 2199 | AA35: =N35+O35+P35+Q35+R35+U35+X35+Y35 -> 61.1 | AB35: =IF(L35<0,L35*-1,0) -> 0 | AC35: =AA35+AB35 -> 61.1 | AD35: 0 | AE35: 44 | AF35: 21 | AG35: =AG34+(U35*1.9835) -> 5086.4018 | AH35: 0
A36: =A35+1 -> 25 | B36: 6863.77 | C36: 171938 | D36: =C36-C35 -> -24 | E36: =C36-152000 -> 19938 | F36: =D36/$D$2 -> -12.099824 | G36: 38 | H36: 0 | I36: =G36+H36 -> 38 | J36: =IF(L36>0,L36,0) -> 12.000176 | K36: =I36+J36 -> 50.000176 | L36: =F36-(I36-AA36) -> 12.000176 | M36: 4.1 | N36: 0 | O36: 0 | P36: 1.4 | Q36: 2.4 | R36: 0 | S36: 39 | T36: 0 | U36: =M36-N36-O36-P36-Q36-R36+S36+T36 -> 39.3 | X36: 0 | Y36: 19 | Z36: =Z35-Y36 -> 2180 | AA36: =N36+O36+P36+Q36+R36+U36+X36+Y36 -> 62.1 | AB36: =IF(L36<0,L36*-1,0) -> 0 | AC36: =AA36+AB36 -> 62.1 | AD36: 0.01 | AE36: 38 | AF36: 31 | AG36: =AG35+(U36*1.9835) -> 5164.3534 | AH36: 0
A37: =A36+1 -> 26 | B37: 6863.77 | C37: 171938 | D37: =C37-C36 -> 0 | E37: =C37-152000 -> 19938 | F37: =D37/$D$2 -> 0 | G37: 38 | H37: 0 | I37: =G37+H37 -> 38 | J37: =IF(L37>0,L37,0) -> 23.1 | K37: =I37+J37 -> 61.1 | L37: =F37-(I37-AA37) -> 23.1 | M37: 4.1 | N37: 0 | O37: 0 | P37: 1.4 | Q37: 2.4 | R37: 0 | S37: 39 | T37: 0 | U37: =M37-N37-O37-P37-Q37-R37+S37+T37 -> 39.3 | X37: 0 | Y37: 18 | Z37: =Z36-Y37 -> 2162 | AA37: =N37+O37+P37+Q37+R37+U37+X37+Y37 -> 61.1 | AB37: =IF(L37<0,L37*-1,0) -> 0 | AC37: =AA37+AB37 -> 61.1 | AD37: 0.27 | AE37: 40 | AF37: 22 | AG37: =AG36+(U37*1.9835) -> 5242.3049 | AH37: 0
A38: =A37+1 -> 27 | B38: 6863.76 | C38: 171913 | D38: =C38-C37 -> -25 | E38: =C38-152000 -> 19913 | F38: =D38/$D$2 -> -12.603983 | G38: 34 | H38: 0 | I38: =G38+H38 -> 34 | J38: =IF(L38>0,L38,0) -> 16.496017 | K38: =I38+J38 -> 50.496017 | L38: =F38-(I38-AA38) -> 16.496017 | M38: 4.1 | N38: 0 | O38: 0 | P38: 1.4 | Q38: 2.4 | R38: 0 | S38: 40 | T38: 0 | U38: =M38-N38-O38-P38-Q38-R38+S38+T38 -> 40.3 | X38: 0 | Y38: 19 | Z38: =Z37-Y38 -> 2143 | AA38: =N38+O38+P38+Q38+R38+U38+X38+Y38 -> 63.1 | AB38: =IF(L38<0,L38*-1,0) -> 0 | AC38: =AA38+AB38 -> 63.1 | AD38: 0.16 | AE38: 24 | AF38: -5 | AG38: =AG37+(U38*1.9835) -> 5322.24 | AH38: 0
A39: =A38+1 -> 28 | B39: 6863.76 | C39: 171913 | D39: =C39-C38 -> 0 | E39: =C39-152000 -> 19913 | F39: =D39/$D$2 -> 0 | G39: 29 | H39: 0 | I39: =G39+H39 -> 29 | J39: =IF(L39>0,L39,0) -> 34.1 | K39: =I39+J39 -> 63.1 | L39: =F39-(I39-AA39) -> 34.1 | M39: 4.1 | N39: 0 | O39: 0 | P39: 1.4 | Q39: 2.4 | R39: 0 | S39: 40 | T39: 0 | U39: =M39-N39-O39-P39-Q39-R39+S39+T39 -> 40.3 | X39: 0 | Y39: 19 | Z39: =Z38-Y39 -> 2124 | AA39: =N39+O39+P39+Q39+R39+U39+X39+Y39 -> 63.1 | AB39: =IF(L39<0,L39*-1,0) -> 0 | AC39: =AA39+AB39 -> 63.1 | AD39: 0 | AE39: 24 | AF39: 0 | AG39: =AG38+(U39*1.9835) -> 5402.175 | AH39: 0
A40: =A39+1 -> 29 | B40: 6863.74 | C40: 171865 | D40: =C40-C39 -> -48 | E40: =C40-152000 -> 19865 | F40: =D40/$D$2 -> -24.199647 | G40: 30 | H40: 0 | I40: =G40+H40 -> 30 | J40: =IF(L40>0,L40,0) -> 14.600353 | K40: =I40+J40 -> 44.600353 | L40: =F40-(I40-AA40) -> 14.600353 | M40: 3.8 | N40: 0 | O40: 0 | P40: 1.4 | Q40: 2.4 | R40: 0 | S40: 47 | T40: 0 | U40: =M40-N40-O40-P40-Q40-R40+S40+T40 -> 47 | X40: 0 | Y40: 18 | Z40: =Z39-Y40 -> 2106 | AA40: =N40+O40+P40+Q40+R40+U40+X40+Y40 -> 68.8 | AB40: =IF(L40<0,L40*-1,0) -> 0 | AC40: =AA40+AB40 -> 68.8 | AD40: 0 | AE40: 28 | AF40: 3 | AG40: =AG39+(U40*1.9835) -> 5495.3995 | AH40: 0
A41: 30 | B41: 6863.72 | C41: 171817 | D41: =C41-C40 -> -48 | E41: =C41-152000 -> 19817 | F41: =D41/$D$2 -> -24.199647 | G41: 34 | H41: 0 | I41: =G41+H41 -> 34 | J41: =IF(L41>0,L41,0) -> 16.600353 | K41: =I41+J41 -> 50.600353 | L41: =F41-(I41-AA41) -> 16.600353 | M41: 3.8 | N41: 0 | O41: 0 | P41: 1.4 | Q41: 2.4 | R41: 0 | S41: 53 | T41: 0 | U41: =M41-N41-O41-P41-Q41-R41+S41+T41 -> 53 | X41: 0 | Y41: 18 | Z41: =Z40-Y41 -> 2088 | AA41: =N41+O41+P41+Q41+R41+U41+X41+Y41 -> 74.8 | AB41: =IF(L41<0,L41*-1,0) -> 0 | AC41: =AA41+AB41 -> 74.8 | AD41: 0 | AE41: 37 | AF41: 23 | AG41: =AG40+(U41*1.9835) -> 5600.525 | AH41: 0
A42: 31 | B42: 6863.7 | C42: 171768 | D42: =C42-C41 -> -49 | E42: =C42-152000 -> 19768 | F42: =D42/$D$2 -> -24.703806 | G42: 37 | H42: 0 | I42: =G42+H42 -> 37 | J42: =IF(L42>0,L42,0) -> 13.996194 | K42: =I42+J42 -> 50.996194 | L42: =F42-(I42-AA42) -> 13.996194 | M42: 3.7 | N42: 0 | O42: 0 | P42: 1.4 | Q42: 2.4 | R42: 0 | S42: 54 | T42: 0 | U42: =M42-N42-O42-P42-Q42-R42+S42+T42 -> 53.9 | X42: 0 | Y42: 18 | Z42: =Z41-Y42 -> 2070 | AA42: =N42+O42+P42+Q42+R42+U42+X42+Y42 -> 75.7 | AB42: =IF(L42<0,L42*-1,0) -> 0 | AC42: =AA42+AB42 -> 75.7 | AD42: 0 | AE42: 43 | AF42: 20 | AG42: =AG41+(U42*1.9835) -> 5707.4357 | AH42: 0
A44: MONTH / CFS | F44: =SUM(F12:F42) -> -551.55029 | G44: =SUM(G12:G42) -> 1190 | H44: =SUM(H12:H42) -> 0 | I44: =SUM(I12:I42) -> 1190 | J44: =SUM(J12:J42) -> 474.10471 | K44: =SUM(K12:K42) -> 1664.1047 | L44: =SUM(L12:L42) -> 474.10471 | M44: =SUM(M12:M42) -> 126.8 | ... U44: =SUM(U12:U42) -> 1505 | Y44: =SUM(Y12:Y42) -> 561 | AA44: =SUM(AA12:AA42) -> 2215.655 | AB44: =SUM(AB12:AB42) -> 0 | AC44: =SUM(AC12:AC42) -> 2215.655 | AD44: =SUM(AD12:AD42) -> 0.65 | AE44: =AVERAGE(AE12:AE42) -> 42.774194 | AF44: =AVERAGE(AF12:AF42) -> 19.16129 | AG44: Avg | AH44: =SUM(AH12:AH42) -> 0
A45: MONTH / AF | D45: =SUM(D12:D42) -> -1094 | F45: =F44*$D$2 -> -1094 | G45: =G44*$D$2 -> 2360.365 | H45: =H44*$D$2 -> 0 | I45: =I44*$D$2 -> 2360.365 | J45: =J44*$D$2 -> 940.38669 | K45: =K44*$D$2 -> 3300.7517 | L45: =L44*$D$2 -> 940.38669 | M45: =M44*$D$2 -> 251.5078 | ... U45: =U44*$D$2 -> 2985.1675 | Y45: =Y44*$D$2 -> 1112.7435 | AA45: =AA44*$D$2 -> 4394.7517 | AB45: =AB44*$D$2 -> 0 | AC45: =AC44*$D$2 -> 4394.7517 | AE45: =MAX(AE12:AE42) -> 61 | AF45: =MAX(AF12:AF42) -> 33 | AG45: HI | AH45: =AH44*$D$2 -> 0
A47: SEASON / CFS | AE47: =MIN(AE12:AE42) -> 24 | AF47: =MIN(AF12:AF42) -> -5 | AG47: LO
A48: SEASON / AF
A50: YTD / CFS | F50: =F10+F44 -> -1096.5465 | G50: =G10+G44 -> 3051 | H50: =H10+H44 -> 0 | I50: =I10+I44 -> 3051 | J50: =J10+J44 -> 685.08187 | K50: =K10+K44 -> 3736.0819 | L50: =L10+L44 -> 503.10849 | M50: =M10+M44 -> 364.8 | N50: =N10+N44 -> 0 | O50: 0 | P50: =P10+P44 -> 84.8 | Q50: =Q10+Q44 -> 146.4 | R50: =R10+R44 -> 0 | S50: =S10+S44 -> 3010 | T50: =T10+T44 -> 95 | U50: =U10+U44 -> 3232.5305 | Y50: =Y10+Y44 -> 1149 | Z50: =Z42 -> 2070 | AA50: =AA10+AA44 -> 4650.655 | AB50: =AB10+AB44 -> 181.97338 | AC50: =AC10+AC44 -> 4832.6284 | AD50: =AD10+AD44 -> 1.63 | AH50: =AH10+AH44 -> 369.86063
A51: YTD / AF | D51: =D10+D45 -> -2175 | E51: =E42 -> 19768 | F51: =F50*$D$2 -> -2175 | G51: =G50*$D$2 -> 6051.6585 | H51: =H50*$D$2 -> 0 | I51: =I50*$D$2 -> 6051.6585 | J51: =J50*$D$2 -> 1358.8599 | K51: =K50*$D$2 -> 7410.5184 | L51: =L50*$D$2 -> 997.91569 | M51: =M50*$D$2 -> 723.5808 | ... U51: =U50*$D$2 -> 6411.7242 | Y51: =Y50*$D$2 -> 2279.0415 | Z51: =Z50*$D$2 -> 4105.845 | AA51: =AA50*$D$2 -> 9224.5742 | AB51: =AB50*$D$2 -> 360.9442 | AC51: =AC50*$D$2 -> 9585.5184 | AG51: =AG42 -> 5707.4357 | AH51: =AH50*$D$2 -> 733.61855

Sheet JAN
K1: MCPHEE RESERVOIR INFLOW/OUTFLOW TABULATION
A2: AF/cfs CONVERT FACTOR | D2: 1.9835 | K2: JANUARY "2004"
D4: RESERVOIR | S4: INFLOW/OUTFLOW (CFS) | AE4: WEATHER | AI4: ADJUSTMENTS
A5: DATE | B5: RESERV | C5: RESERV | D5: AC FT | E5: ACTIVE | F5: CONV TO | G5: DOLORES | H5: LOST | I5: RECORD | J5: CALC | K5: TOTAL | L5: CALC | M5: DOLORES TUNNEL | S5: LONE | T5: U | U5: TOTAL | V5: MVI | W5: MVI | X5: DV CR | Y5: BELOW | Z5: FISH | AA5: RECORD | AB5: CALC | AC5: TOTAL | AD5: RAIN | AE5: MAX | AF5: MIN | AG5: NAR | AH5: MVI | AI5: MVI | AJ5: MVI | AK5: U/S
A6: JAN | B6: ELEV | C6: AC FT | D6: CHANGE | E6: CAP | F6: CFS | G6: RIVER | H6: CAN | I6: INFLOW | J6: INFLOW | K6: INFLOW | L6: INF/OTF | M6: TOT DIV | N6: WET | O6: UTE | P6: MWC | Q6: CTZ | R6: CTZ & | S6: PINE | T6: LAT | U6: MVI | V6: CALL + | W6: PROJ | X6: CANAL | Y6: MCP | Z6: LEFT | AA6: OTF | AB6: OTF | AC6: OTF | AE6: TMP | AF6: TMP | AG6: CALL | AH6: STOCK | AI6: STORED | AJ6: STORED | AK6: USERS
E7: AC FT | N7: LAND | O7: F&R | R7: UTE | V7: TO EX | AG7: AC.FT. | AH7: AC.FT. | AI7: Apr-Jun | AJ7: EVAP | AK7: EXCH
R8: PROJ | AJ8: AC.FT.
A9: SEASON BAL
A10: YTD | B10: =DEC!B42 -> 6863.7 | C10: =DEC!C42 -> 171768 | D10: =DEC!D51 -> -2175 | E10: =DEC!E51 -> 19768 | F10: =DEC!F50 -> -1096.5465 | G10: =DEC!G50 -> 3051 | H10: =DEC!H50 -> 0 | I10: =DEC!I50 -> 3051 | J10: =DEC!J50 -> 685.08187 | K10: =DEC!K50 -> 3736.0819 | L10: =DEC!L50 -> 503.10849 | M10: =DEC!M50 -> 364.8 | ... U10: =DEC!U50 -> 3232.5305 | Y10: =DEC!Y50 -> 1149 | Z10: =DEC!Z50 -> 2070 | AA10: =DEC!AA50 -> 4650.655 | AB10: =DEC!AB50 -> 181.97338 | AC10: =DEC!AC50 -> 4832.6284 | AD10: =DEC!AD50 -> 1.63 | AG10: =DEC!AG51 -> 5707.4357
A12: 1 | B12: 6863.69 | C12: 171744 | D12: =C12-C10 -> -24 | E12: =C12-152000 -> 19744 | F12: =D12/$D$2 -> -12.099824 | G12: 37 | H12: 0 | I12: =G12+H12 -> 37 | J12: =IF(L12>0,L12,0) -> 26.700176 | K12: =I12+J12 -> 63.700176 | L12: =F12-(I12-AA12) -> 26.700176 | M12: 3.8 | N12: 0 | O12: 0 | P12: 1.38 | Q12: 2.4 | R12: 0 | S12: 54 | T12: 0 | U12: =M12-N12-O12-P12-Q12-R12+S12+T12 -> 54.02 | X12: 0 | Y12: 18 | Z12: =Z10-Y12 -> 2052 | AA12: =N12+O12+P12+Q12+R12+U12+X12+Y12 -> 75.8 | AB12: =IF(L12<0,L12*-1,0) -> 0 | AC12: =AA12+AB12 -> 75.8 | AD12: 0.11 | AE12: 41 | AF12: 18 | AG12: =AG10+(U12*1.9835) -> 5814.5843 | AH12: 0
A13: =A12+1 -> 2 | B13: 6863.74 | C13: 171865 | D13: =C13-C12 -> 121 | E13: =C13-152000 -> 19865 | F13: =D13/$D$2 -> 61.003277 | G13: 34 | H13: 0 | I13: =G13+H13 -> 34 | J13: =IF(L13>0,L13,0) -> 102.90328 | K13: =I13+J13 -> 136.90328 | L13: =F13-(I13-AA13) -> 102.90328 | M13: 3.9 | N13: 0 | O13: 0 | P13: 1.38 | Q13: 2.4 | R13: 0 | S13: 54 | T13: 0 | U13: =M13-N13-O13-P13-Q13-R13+S13+T13 -> 54.12 | X13: 0 | Y13: 18 | Z13: =Z12-Y13 -> 2034 | AA13: =N13+O13+P13+Q13+R13+U13+X13+Y13 -> 75.9 | AB13: =IF(L13<0,L13*-1,0) -> 0 | AC13: =AA13+AB13 -> 75.9 | AD13: 0.71 | AE13: 35 | AF13: 30 | AG13: =AG12+(U13*1.9835) -> 5921.9314 | AH13: 0
A14: =A13+1 -> 3 | B14: 6863.77 | C14: 171938 | D14: =C14-C13 -> 73 | E14: =C14-152000 -> 19938 | F14: =D14/$D$2 -> 36.80363 | G14: 30 | H14: 0 | I14: =G14+H14 -> 30 | J14: =IF(L14>0,L14,0) -> 82.50363 | K14: =I14+J14 -> 112.50363 | L14: =F14-(I14-AA14) -> 82.50363 | M14: 3.7 | N14: 0 | O14: 0 | P14: 1.38 | Q14: 2.4 | R14: 0 | S14: 54 | T14: 0 | U14: =M14-N14-O14-P14-Q14-R14+S14+T14 -> 53.92 | X14: 0 | Y14: 18 | Z14: =Z13-Y14 -> 2016 | AA14: =N14+O14+P14+Q14+R14+U14+X14+Y14 -> 75.7 | AB14: =IF(L14<0,L14*-1,0) -> 0 | AC14: =AA14+AB14 -> 75.7 | AD14: 0.48 | AE14: 37 | AF14: 18 | AG14: =AG13+(U14*1.9835) -> 6028.8817 | AH14: 0
A15: =A14+1 -> 4 | B15: 6863.77 | C15: 171938 | D15: =C15-C14 -> 0 | E15: =C15-152000 -> 19938 | F15: =D15/$D$2 -> 0 | G15: 28 | H15: 0 | I15: =G15+H15 -> 28 | J15: =IF(L15>0,L15,0) -> 47.7 | K15: =I15+J15 -> 75.7 | L15: =F15-(I15-AA15) -> 47.7 | M15: 3.7 | N15: 0 | O15: 0 | P15: 1.38 | Q15: 2.4 | R15: 0 | S15: 54 | T15: 0 | U15: =M15-N15-O15-P15-Q15-R15+S15+T15 -> 53.92 | X15: 0 | Y15: 18 | Z15: =Z14-Y15 -> 1998 | AA15: =N15+O15+P15+Q15+R15+U15+X15+Y15 -> 75.7 | AB15: =IF(L15<0,L15*-1,0) -> 0 | AC15: =AA15+AB15 -> 75.7 | AD15: 0 | AE15: 28 | AF15: -1 | AG15: =AG14+(U15*1.9835) -> 6135.832 | AH15: 0
A16: =A15+1 -> 5 | B16: 6863.73 | C16: 171841 | D16: =C16-C15 -> -97 | E16: =C16-152000 -> 19841 | F16: =D16/$D$2 -> -48.903453 | G16: 25 | H16: 0 | I16: =G16+H16 -> 25 | J16: =IF(L16>0,L16,0) -> 4.7965465 | K16: =I16+J16 -> 29.796547 | L16: =F16-(I16-AA16) -> 4.7965465 | M16: 3.7 | N16: 0 | O16: 0 | P16: 1.38 | Q16: 2.4 | R16: 0 | S16: 57 | T16: 0 | U16: =M16-N16-O16-P16-Q16-R16+S16+T16 -> 56.92 | X16: 0 | Y16: 18 | Z16: =Z15-Y16 -> 1980 | AA16: =N16+O16+P16+Q16+R16+U16+X16+Y16 -> 78.7 | AB16: =IF(L16<0,L16*-1,0) -> 0 | AC16: =AA16+AB16 -> 78.7 | AD16: 0 | AE16: 27 | AF16: -5 | AG16: =AG15+(U16*1.9835) -> 6248.7328 | AH16: 0
A17: =A16+1 -> 6 | B17: 6863.69 | C17: 171744 | D17: =C17-C16 -> -97 | E17: =C17-152000 -> 19744 | F17: =D17/$D$2 -> -48.903453 | G17: 25 | H17: 0 | I17: =G17+H17 -> 25 | J17: =IF(L17>0,L17,0) -> 7.8965465 | K17: =I17+J17 -> 32.896547 | L17: =F17-(I17-AA17) -> 7.8965465 | M17: 3.8 | N17: 0 | O17: 0 | P17: 1.38 | Q17: 2.4 | R17: 0 | S17: 60 | T17: 0 | U17: =M17-N17-O17-P17-Q17-R17+S17+T17 -> 60.02 | X17: 0 | Y17: 18 | Z17: =Z16-Y17 -> 1962 | AA17: =N17+O17+P17+Q17+R17+U17+X17+Y17 -> 81.8 | AB17: =IF(L17<0,L17*-1,0) -> 0 | AC17: =AA17+AB17 -> 81.8 | AD17: 0 | AE17: 38 | AF17: 1 | AG17: =AG16+(U17*1.9835) -> 6367.7825 | AH17: 0
A18: =A17+1 -> 7 | B18: 6863.67 | C18: 171696 | D18: =C18-C17 -> -48 | E18: =C18-152000 -> 19696 | F18: =D18/$D$2 -> -24.199647 | G18: 31 | H18: 0 | I18: =G18+H18 -> 31 | J18: =IF(L18>0,L18,0) -> 15.900353 | K18: =I18+J18 -> 46.900353 | L18: =F18-(I18-AA18) -> 15.900353 | M18: 4.1 | N18: 0 | O18: 0 | P18: 1.38 | Q18: 2.4 | R18: 0 | S18: 50 | T18: 0 | U18: =M18-N18-O18-P18-Q18-R18+S18+T18 -> 50.32 | X18: 0 | Y18: 17 | Z18: =Z17-Y18 -> 1945 | AA18: =N18+O18+P18+Q18+R18+U18+X18+Y18 -> 71.1 | AB18: =IF(L18<0,L18*-1,0) -> 0 | AC18: =AA18+AB18 -> 71.1 | AD18: 0 | AE18: 40 | AF18: 22 | AG18: =AG17+(U18*1.9835) -> 6467.5922 | AH18: 0
A19: =A18+1 -> 8 | B19: 6863.66 | C19: 171672 | D19: =C19-C18 -> -24 | E19: =C19-152000 -> 19672 | F19: =D19/$D$2 -> -12.099824 | G19: 34 | H19: 0 | I19: =G19+H19 -> 34 | J19: =IF(L19>0,L19,0) -> 17.000176 | K19: =I19+J19 -> 51.000176 | L19: =F19-(I19-AA19) -> 17.000176 | M19: 4.1 | N19: 0 | O19: 0 | P19: 1.38 | Q19: 2.4 | R19: 0 | S19: 42 | T19: 0 | U19: =M19-N19-O19-P19-Q19-R19+S19+T19 -> 42.32 | X19: 0 | Y19: 17 | Z19: =Z18-Y19 -> 1928 | AA19: =N19+O19+P19+Q19+R19+U19+X19+Y19 -> 63.1 | AB19: =IF(L19<0,L19*-1,0) -> 0 | AC19: =AA19+AB19 -> 63.1 | AD19: 0 | AE19: 42 | AF19: 13 | AG19: =AG18+(U19*1.9835) -> 6551.5339 | AH19: 0
A20: =A19+1 -> 9 | B20: 6863.66 | C20: 171672 | D20: =C20-C19 -> 0 | E20: =C20-152000 -> 19672 | F20: =D20/$D$2 -> 0 | G20: 35 | H20: 0 | I20: =G20+H20 -> 35 | J20: =IF(L20>0,L20,0) -> 31.9 | K20: =I20+J20 -> 66.9 | L20: =F20-(I20-AA20) -> 31.9 | M20: 3.9 | N20: 0 | O20: 0 | P20: 1.38 | Q20: 2.4 | R20: 0 | S20: 45 | T20: 0 | U20: =M20-N20-O20-P20-Q20-R20+S20+T20 -> 45.12 | X20: 0 | Y20: 18 | Z20: =Z19-Y20 -> 1910 | AA20: =N20+O20+P20+Q20+R20+U20+X20+Y20 -> 66.9 | AB20: =IF(L20<0,L20*-1,0) -> 0 | AC20: =AA20+AB20 -> 66.9 | AD20: 0 | AE20: 50 | AF20: 14 | AG20: =AG19+(U20*1.9835) -> 6641.0295 | AH20: 0
A21: =A20+1 -> 10 | B21: 6863.65 | C21: 171647 | D21: =C21-C20 -> -25 | E21: =C21-152000 -> 19647 | F21: =D21/$D$2 -> -12.603983 | G21: 36 | H21: 0 | I21: =G21+H21 -> 36 | J21: =IF(L21>0,L21,0) -> 17.096017 | K21: =I21+J21 -> 53.096017 | L21: =F21-(I21-AA21) -> 17.096017 | M21: 3.7 | N21: 0 | O21: 0 | P21: 1.38 | Q21: 2.4 | R21: 0 | S21: 45 | T21: 0 | U21: =M21-N21-O21-P21-Q21-R21+S21+T21 -> 44.92 | X21: 0 | Y21: 17 | Z21: =Z20-Y21 -> 1893 | AA21: =N21+O21+P21+Q21+R21+U21+X21+Y21 -> 65.7 | AB21: =IF(L21<0,L21*-1,0) -> 0 | AC21: =AA21+AB21 -> 65.7 | AD21: 0 | AE21: 54 | AF21: 18 | AG21: =AG20+(U21*1.9835) -> 6730.1283 | AH21: 0
A22: =A21+1 -> 11 | B22: 6863.65 | C22: 171647 | D22: =C22-C21 -> 0 | E22: =C22-152000 -> 19647 | F22: =D22/$D$2 -> 0 | G22: 37 | H22: 0 | I22: =G22+H22 -> 37 | J22: =IF(L22>0,L22,0) -> 27.9 | K22: =I22+J22 -> 64.9 | L22: =F22-(I22-AA22) -> 27.9 | M22: 3.9 | N22: 0 | O22: 0 | P22: 1.38 | Q22: 2.4 | R22: 0 | S22: 44 | T22: 0 | U22: =M22-N22-O22-P22-Q22-R22+S22+T22 -> 44.12 | X22: 0 | Y22: 17 | Z22: =Z21-Y22 -> 1876 | AA22: =N22+O22+P22+Q22+R22+U22+X22+Y22 -> 64.9 | AB22: =IF(L22<0,L22*-1,0) -> 0 | AC22: =AA22+AB22 -> 64.9 | AD22: 0 | AE22: 51 | AF22: 19 | AG22: =AG21+(U22*1.9835) -> 6817.6403 | AH22: 0
A23: =A22+1 -> 12 | B23: 6863.63 | C23: 171599 | D23: =C23-C22 -> -48 | E23: =C23-152000 -> 19599 | F23: =D23/$D$2 -> -24.199647 | G23: 37 | H23: 0 | I23: =G23+H23 -> 37 | J23: =IF(L23>0,L23,0) -> 12.700353 | K23: =I23+J23 -> 49.700353 | L23: =F23-(I23-AA23) -> 12.700353 | M23: 3.9 | N23: 0 | O23: 0 | P23: 1.38 | Q23: 2.4 | R23: 0 | S23: 53 | T23: 0 | U23: =M23-N23-O23-P23-Q23-R23+S23+T23 -> 53.12 | X23: 0 | Y23: 17 | Z23: =Z22-Y23 -> 1859 | AA23: =N23+O23+P23+Q23+R23+U23+X23+Y23 -> 73.9 | AB23: =IF(L23<0,L23*-1,0) -> 0 | AC23: =AA23+AB23 -> 73.9 | AD23: 0 | AE23: 46 | AF23: 18 | AG23: =AG22+(U23*1.9835) -> 6923.0038 | AH23: 0
A24: 13 | B24: 6863.61 | C24: 171551 | D24: =C24-C23 -> -48 | E24: =C24-152000 -> 19551 | F24: =D24/$D$2 -> -24.199647 | G24: 36 | H24: 0 | I24: =G24+H24 -> 36 | J24: =IF(L24>0,L24,0) -> 17.500353 | K24: =I24+J24 -> 53.500353 | L24: =F24-(I24-AA24) -> 17.500353 | M24: 3.7 | N24: 0 | O24: 0 | P24: 1.38 | Q24: 2.4 | R24: 0 | S24: 57 | T24: 0 | U24: =M24-N24-O24-P24-Q24-R24+S24+T24 -> 56.92 | X24: 0 | Y24: 17 | Z24: =Z23-Y24 -> 1842 | AA24: =N24+O24+P24+Q24+R24+U24+X24+Y24 -> 77.7 | AB24: =IF(L24<0,L24*-1,0) -> 0 | AC24: =AA24+AB24 -> 77.7 | AD24: 0 | AE24: 44 | AF24: 14 | AG24: =AG23+(U24*1.9835) -> 7035.9046 | AH24: 0
A25: =A24+1 -> 14 | B25: 6863.58 | C25: 171478 | D25: =C25-C24 -> -73 | E25: =C25-152000 -> 19478 | F25: =D25/$D$2 -> -36.80363 | G25: 35 | H25: 0 | I25: =G25+H25 -> 35 | J25: =IF(L25>0,L25,0) -> 2.7963701 | K25: =I25+J25 -> 37.79637 | L25: =F25-(I25-AA25) -> 2.7963701 | M25: 3.6 | N25: 0 | O25: 0 | P25: 1.38 | Q25: 2.4 | R25: 0 | S25: 54 | T25: 0 | U25: =M25-N25-O25-P25-Q25-R25+S25+T25 -> 53.82 | X25: 0 | Y25: 17 | Z25: =Z24-Y25 -> 1825 | AA25: =N25+O25+P25+Q25+R25+U25+X25+Y25 -> 74.6 | AB25: =IF(L25<0,L25*-1,0) -> 0 | AC25: =AA25+AB25 -> 74.6 | AD25: 0 | AE25: 50 | AF25: 15 | AG25: =AG24+(U25*1.9835) -> 7142.6566 | AH25: 0
A26: =A25+1 -> 15 | B26: 6863.56 | C26: 171430 | D26: =C26-C25 -> -48 | E26: =C26-152000 -> 19430 | F26: =D26/$D$2 -> -24.199647 | G26: 39 | H26: 0 | I26: =G26+H26 -> 39 | J26: =IF(L26>0,L26,0) -> 12.300353 | K26: =I26+J26 -> 51.300353 | L26: =F26-(I26-AA26) -> 12.300353 | M26: 3.5 | N26: 0 | O26: 0 | P26: 1.38 | Q26: 2.4 | R26: 0 | S26: 55 | T26: 0 | U26: =M26-N26-O26-P26-Q26-R26+S26+T26 -> 54.72 | X26: 0 | Y26: 17 | Z26: =Z25-Y26 -> 1808 | AA26: =N26+O26+P26+Q26+R26+U26+X26+Y26 -> 75.5 | AB26: =IF(L26<0,L26*-1,0) -> 0 | AC26: =AA26+AB26 -> 75.5 | AD26: 0.01 | AE26: 40 | AF26: 26 | AG26: =AG25+(U26*1.9835) -> 7251.1937 | AH26: 0
A27: =A26+1 -> 16 | B27: 6863.55 | C27: 171406 | D27: =C27-C26 -> -24 | E27: =C27-152000 -> 19406 | F27: =D27/$D$2 -> -12.099824 | G27: 39 | H27: 0 | I27: =G27+H27 -> 39 | J27: =IF(L27>0,L27,0) -> 23.600176 | K27: =I27+J27 -> 62.600176 | L27: =F27-(I27-AA27) -> 23.600176 | M27: 3.7 | N27: 0 | O27: 0 | P27: 1.38 | Q27: 2.4 | R27: 0 | S27: 54 | T27: 0 | U27: =M27-N27-O27-P27-Q27-R27+S27+T27 -> 53.92 | X27: 0 | Y27: 17 | Z27: =Z26-Y27 -> 1791 | AA27: =N27+O27+P27+Q27+R27+U27+X27+Y27 -> 74.7 | AB27: =IF(L27<0,L27*-1,0) -> 0 | AC27: =AA27+AB27 -> 74.7 | AD27: 0 | AE27: 38 | AF27: 23 | AG27: =AG26+(U27*1.9835) -> 7358.144 | AH27: 0
A28: =A27+1 -> 17 | B28: 6863.54 | C28: 171382 | D28: =C28-C27 -> -24 | E28: =C28-152000 -> 19382 | F28: =D28/$D$2 -> -12.099824 | G28: 39 | H28: 0 | I28: =G28+H28 -> 39 | J28: =IF(L28>0,L28,0) -> 23.600176 | K28: =I28+J28 -> 62.600176 | L28: =F28-(I28-AA28) -> 23.600176 | M28: 3.7 | N28: 0 | O28: 0 | P28: 1.38 | Q28: 2.4 | R28: 0 | S28: 54 | T28: 0 | U28: =M28-N28-O28-P28-Q28-R28+S28+T28 -> 53.92 | X28: 0 | Y28: 17 | Z28: =Z27-Y28 -> 1774 | AA28: =N28+O28+P28+Q28+R28+U28+X28+Y28 -> 74.7 | AB28: =IF(L28<0,L28*-1,0) -> 0 | AC28: =AA28+AB28 -> 74.7 | AD28: 1 | AE28: 43 | AF28: 19 | AG28: =AG27+(U28*1.9835) -> 7465.0944 | AH28: 0
A29: =A28+1 -> 18 | B29: 6863.52 | C29: 171333 | D29: =C29-C28 -> -49 | E29: =C29-152000 -> 19333 | F29: =D29/$D$2 -> -24.703806 | G29: 38 | H29: 0 | I29: =G29+H29 -> 38 | J29: =IF(L29>0,L29,0) -> 11.896194 | K29: =I29+J29 -> 49.896194 | L29: =F29-(I29-AA29) -> 11.896194 | M29: 3.6 | N29: 0 | O29: 0 | P29: 1.38 | Q29: 2.4 | R29: 0 | S29: 54 | T29: 0 | U29: =M29-N29-O29-P29-Q29-R29+S29+T29 -> 53.82 | X29: 0 | Y29: 17 | Z29: =Z28-Y29 -> 1757 | AA29: =N29+O29+P29+Q29+R29+U29+X29+Y29 -> 74.6 | AB29: =IF(L29<0,L29*-1,0) -> 0 | AC29: =AA29+AB29 -> 74.6 | AD29: 0 | AE29: 41 | AF29: 16 | AG29: =AG28+(U29*1.9835) -> 7571.8463 | AH29: 0
A30: =A29+1 -> 19 | B30: 6863.5 | C30: 171285 | D30: =C30-C29 -> -48 | E30: =C30-152000 -> 19285 | F30: =D30/$D$2 -> -24.199647 | G30: 37 | H30: 0 | I30: =G30+H30 -> 37 | J30: =IF(L30>0,L30,0) -> 13.500353 | K30: =I30+J30 -> 50.500353 | L30: =F30-(I30-AA30) -> 13.500353 | M30: 3.7 | N30: 0 | O30: 0 | P30: 1.38 | Q30: 2.4 | R30: 0 | S30: 54 | T30: 0 | U30: =M30-N30-O30-P30-Q30-R30+S30+T30 -> 53.92 | X30: 0 | Y30: 17 | Z30: =Z29-Y30 -> 1740 | AA30: =N30+O30+P30+Q30+R30+U30+X30+Y30 -> 74.7 | AB30: =IF(L30<0,L30*-1,0) -> 0 | AC30: =AA30+AB30 -> 74.7 | AD30: 0.01 | AE30: 39 | AF30: 15 | AG30: =AG29+(U30*1.9835) -> 7678.7967 | AH30: 0
A31: =A30+1 -> 20 | B31: 6863.48 | C31: 171237 | D31: =C31-C30 -> -48 | E31: =C31-152000 -> 19237 | F31: =D31/$D$2 -> -24.199647 | G31: 39 | H31: 0 | I31: =G31+H31 -> 39 | J31: =IF(L31>0,L31,0) -> 11.500353 | K31: =I31+J31 -> 50.500353 | L31: =F31-(I31-AA31) -> 11.500353 | M31: 3.7 | N31: 0 | O31: 0 | P31: 1.38 | Q31: 2.4 | R31: 0 | S31: 54 | T31: 0 | U31: =M31-N31-O31-P31-Q31-R31+S31+T31 -> 53.92 | X31: 0 | Y31: 17 | Z31: =Z30-Y31 -> 1723 | AA31: =N31+O31+P31+Q31+R31+U31+X31+Y31 -> 74.7 | AB31: =IF(L31<0,L31*-1,0) -> 0 | AC31: =AA31+AB31 -> 74.7 | AD31: 0.05 | AE31: 40 | AF31: 16 | AG31: =AG30+(U31*1.9835) -> 7785.747 | AH31: 0
A32: =A31+1 -> 21 | B32: 6863.47 | C32: 171212 | D32: =C32-C31 -> -25 | E32: =C32-152000 -> 19212 | F32: =D32/$D$2 -> -12.603983 | G32: 39 | H32: 0 | I32: =G32+H32 -> 39 | J32: =IF(L32>0,L32,0) -> 22.996017 | K32: =I32+J32 -> 61.996017 | L32: =F32-(I32-AA32) -> 22.996017 | M32: 3.6 | N32: 0 | O32: 0 | P32: 1.38 | Q32: 2.4 | R32: 0 | S32: 54 | T32: 0 | U32: =M32-N32-O32-P32-Q32-R32+S32+T32 -> 53.82 | X32: 0 | Y32: 17 | Z32: =Z31-Y32 -> 1706 | AA32: =N32+O32+P32+Q32+R32+U32+X32+Y32 -> 74.6 | AB32: =IF(L32<0,L32*-1,0) -> 0 | AC32: =AA32+AB32 -> 74.6 | AD32: 0 | AE32: 39 | AF32: 13 | AG32: =AG31+(U32*1.9835) -> 7892.4989 | AH32: 0
A33: =A32+1 -> 22 | B33: 6863.46 | C33: 171188 | D33: =C33-C32 -> -24 | E33: =C33-152000 -> 19188 | F33: =D33/$D$2 -> -12.099824 | G33: 37 | H33: 0 | I33: =G33+H33 -> 37 | J33: =IF(L33>0,L33,0) -> 25.400176 | K33: =I33+J33 -> 62.400176 | L33: =F33-(I33-AA33) -> 25.400176 | M33: 3.5 | N33: 0 | O33: 0 | P33: 1.38 | Q33: 2.4 | R33: 0 | S33: 54 | T33: 0 | U33: =M33-N33-O33-P33-Q33-R33+S33+T33 -> 53.72 | X33: 0 | Y33: 17 | Z33: =Z32-Y33 -> 1689 | AA33: =N33+O33+P33+Q33+R33+U33+X33+Y33 -> 74.5 | AB33: =IF(L33<0,L33*-1,0) -> 0 | AC33: =AA33+AB33 -> 74.5 | AD33: 0 | AE33: 40 | AF33: 8 | AG33: =AG32+(U33*1.9835) -> 7999.0526 | AH33: 0
A34: =A33+1 -> 23 | B34: 6863.45 | C34: 171164 | D34: =C34-C33 -> -24 | E34: =C34-152000 -> 19164 | F34: =D34/$D$2 -> -12.099824 | G34: 35 | H34: 0 | I34: =G34+H34 -> 35 | J34: =IF(L34>0,L34,0) -> 27.600176 | K34: =I34+J34 -> 62.600176 | L34: =F34-(I34-AA34) -> 27.600176 | M34: 3.7 | N34: 0 | O34: 0 | P34: 1.38 | Q34: 2.4 | R34: 0 | S34: 54 | T34: 0 | U34: =M34-N34-O34-P34-Q34-R34+S34+T34 -> 53.92 | X34: 0 | Y34: 17 | Z34: =Z33-Y34 -> 1672 | AA34: =N34+O34+P34+Q34+R34+U34+X34+Y34 -> 74.7 | AB34: =IF(L34<0,L34*-1,0) -> 0 | AC34: =AA34+AB34 -> 74.7 | AD34: 0 | AE34: 44 | AF34: 11 | AG34: =AG33+(U34*1.9835) -> 8106.0029 | AH34: 0
A35: =A34+1 -> 24 | B35: 6863.43 | C35: 171116 | D35: =C35-C34 -> -48 | E35: =C35-152000 -> 19116 | F35: =D35/$D$2 -> -24.199647 | G35: 36 | H35: 0 | I35: =G35+H35 -> 36 | J35: =IF(L35>0,L35,0) -> 14.500353 | K35: =I35+J35 -> 50.500353 | L35: =F35-(I35-AA35) -> 14.500353 | M35: 3.7 | N35: 0 | O35: 0 | P35: 1.38 | Q35: 2.4 | R35: 0 | S35: 54 | T35: 0 | U35: =M35-N35-O35-P35-Q35-R35+S35+T35 -> 53.92 | X35: 0 | Y35: 17 | Z35: =Z34-Y35 -> 1655 | AA35: =N35+O35+P35+Q35+R35+U35+X35+Y35 -> 74.7 | AB35: =IF(L35<0,L35*-1,0) -> 0 | AC35: =AA35+AB35 -> 74.7 | AD35: 0 | AE35: 42 | AF35: 12 | AG35: =AG34+(U35*1.9835) -> 8212.9532 | AH35: 0
A36: =A35+1 -> 25 | B36: 6863.41 | C36: 171067 | D36: =C36-C35 -> -49 | E36: =C36-152000 -> 19067 | F36: =D36/$D$2 -> -24.703806 | G36: 39 | H36: 0 | I36: =G36+H36 -> 39 | J36: =IF(L36>0,L36,0) -> 10.996194 | K36: =I36+J36 -> 49.996194 | L36: =F36-(I36-AA36) -> 10.996194 | M36: 3.7 | N36: 0 | O36: 0 | P36: 1.38 | Q36: 2.4 | R36: 0 | S36: 54 | T36: 0 | U36: =M36-N36-O36-P36-Q36-R36+S36+T36 -> 53.92 | X36: 0 | Y36: 17 | Z36: =Z35-Y36 -> 1638 | AA36: =N36+O36+P36+Q36+R36+U36+X36+Y36 -> 74.7 | AB36: =IF(L36<0,L36*-1,0) -> 0 | AC36: =AA36+AB36 -> 74.7 | AD36: 0.02 | AE36: 33 | AF36: 10 | AG36: =AG35+(U36*1.9835) -> 8319.9035 | AH36: 0
... A40: =A39+1 -> 29 | B40: 6863.32 | C40: 170850 | D40: =C40-C39 -> -48 | E40: =C40-152000 -> 18850 | F40: =D40/$D$2 -> -24.199647 | G40: 43 | H40: 0 | I40: =G40+H40 -> 43 | J40: =IF(L40>0,L40,0) -> 7.1003529 | K40: =I40+J40 -> 50.100353 | L40: =F40-(I40-AA40) -> 7.1003529 | M40: 4.3 | N40: 0 | O40: 0 | P40: 2.08 | Q40: 2.4 | R40: 0 | S40: 47 | T40: 0 | U40: =M40-N40-O40-P40-Q40-R40+S40+T40 -> 46.82 | X40: 0 | Y40: 23 | Z40: =Z39-Y40 -> 1561 | AA40: =N40+O40+P40+Q40+R40+U40+X40+Y40 -> 74.3 | AB40: =IF(L40<0,L40*-1,0) -> 0 | AC40: =AA40+AB40 -> 74.3 | AD40: 0 | AE40: 43 | AF40: 12 | AG40: =AG39+(U40*1.9835) -> 8726.8781 | AH40: 0
A41: 30 | B41: 6863.31 | C41: 170826 | D41: =C41-C40 -> -24 | E41: =C41-152000 -> 18826 | F41: =D41/$D$2 -> -12.099824 | G41: 43 | H41: 0 | I41: =G41+H41 -> 43 | J41: =IF(L41>0,L41,0) -> 20.000176 | K41: =I41+J41 -> 63.000176 | L41: =F41-(I41-AA41) -> 20.000176 | M41: 4.1 | N41: 0 | O41: 0 | P41: 1.78 | Q41: 2.4 | R41: 0 | S41: 48 | T41: 0 | U41: =M41-N41-O41-P41-Q41-R41+S41+T41 -> 47.92 | X41: 0 | Y41: 23 | Z41: =Z40-Y41 -> 1538 | AA41: =N41+O41+P41+Q41+R41+U41+X41+Y41 -> 75.1 | AB41: =IF(L41<0,L41*-1,0) -> 0 | AC41: =AA41+AB41 -> 75.1 | AD41: 0 | AE41: 45 | AF41: 13 | AG41: =AG40+(U41*1.9835) -> 8821.9274 | AH41: 0
A42: 31 | B42: 6863.3 | C42: 170801 | D42: =C42-C41 -> -25 | E42: =C42-152000 -> 18801 | F42: =D42/$D$2 -> -12.603983 | G42: 43 | H42: 0 | I42: =G42+H42 -> 43 | J42: =IF(L42>0,L42,0) -> 19.496017 | K42: =I42+J42 -> 62.496017 | L42: =F42-(I42-AA42) -> 19.496017 | M42: 4.1 | N42: 0 | O42: 0 | P42: 1.78 | Q42: 2.4 | R42: 0 | S42: 48 | T42: 0 | U42: =M42-N42-O42-P42-Q42-R42+S42+T42 -> 47.92 | X42: 0 | Y42: 23 | Z42: =Z41-Y42 -> 1515 | AA42: =N42+O42+P42+Q42+R42+U42+X42+Y42 -> 75.1 | AB42: =IF(L42<0,L42*-1,0) -> 0 | AC42: =AA42+AB42 -> 75.1 | AD42: 0.28 | AE42: 33 | AF42: 21 | AG42: =AG41+(U42*1.9835) -> 8916.9767 | AH42: 0
A44: MONTH / CFS | F44: =SUM(F12:F42) -> -487.52206 | G44: =SUM(G12:G42) -> 1128 | H44: =SUM(H12:H42) -> 0 | I44: =SUM(I12:I42) -> 1128 | J44: =SUM(J12:J42) -> 691.57724 | K44: =SUM(K12:K42) -> 1819.5772 | L44: =SUM(L12:L42) -> 677.87794 | M44: =SUM(M12:M42) -> 118.4 | ... U44: =SUM(U12:U42) -> 1618.12 | Y44: =SUM(Y12:Y42) -> 555 | AA44: =SUM(AA12:AA42) -> 2293.4 | AB44: =SUM(AB12:AB42) -> 13.699294 | AC44: =SUM(AC12:AC42) -> 2307.0993 | AD44: =SUM(AD12:AD42) -> 2.67 | AE44: =AVERAGE(AE12:AE42) -> 40.096774 | AF44: =AVERAGE(AF12:AF42) -> 13.419355 | AG44: AVE | AH44: =SUM(AH12:AH42) -> 0
A45: MONTH / AF | D45: =SUM(D12:D42) -> -967 | F45: =F44*$D$2 -> -967 | G45: =G44*$D$2 -> 2237.388 | H45: =H44*$D$2 -> 0 | I45: =I44*$D$2 -> 2237.388 | J45: =J44*$D$2 -> 1371.7434 | K45: =K44*$D$2 -> 3609.1314 | L45: =L44*$D$2 -> 1344.5709 | M45: =M44*$D$2 -> 234.8464 | ... U45: =U44*$D$2 -> 3209.541 | Y45: =Y44*$D$2 -> 1100.8425 | AA45: =AA44*$D$2 -> 4548.9589 | AB45: =AB44*$D$2 -> 27.17255 | AC45: =AC44*$D$2 -> 4576.1314 | AE45: =MAX(AE12:AE42) -> 54 | AF45: =MAX(AF12:AF42) -> 30 | AG45: HI | AH45: =AH44*$D$2 -> 0
A47: SEASON / CFS | AE47: =MIN(AE12:AE42) -> 25 | AF47: =MIN(AF12:AF42) -> -5 | AG47: LO
A48: SEASON / AF
A50: YTD / CFS | F50: =F10+F44 -> -1584.0686 | G50: =G10+G44 -> 4179 | H50: =H10+H44 -> 0 | I50: =I10+I44 -> 4179 | J50: =J10+J44 -> 1376.6591 | K50: =K10+K44 -> 5555.6591 | L50: =L10+L44 -> 1180.9864 | M50: =M10+M44 -> 483.2 | ... U50: =U10+U44 -> 4850.6505 | Y50: =Y10+Y44 -> 1704 | Z50: =Z42 -> 1515 | AA50: =AA10+AA44 -> 6944.055 | AB50: =AB10+AB44 -> 195.67267 | AC50: =AC10+AC44 -> 7139.7277 | AD50: =AD10+AD44 -> 4.3 | AH50: =AH10+AH44 -> 0
A51: YTD / AF | D51: =D10+D45 -> -3142 | E51: =E42 -> 18801 | F51: =F50*$D$2 -> -3142 | G51: =G50*$D$2 -> 8289.0465 | H51: =H50*$D$2 -> 0 | I51: =I50*$D$2 -> 8289.0465 | J51: =J50*$D$2 -> 2730.6033 | K51: =K50*$D$2 -> 11019.65 | L51: =L50*$D$2 -> 2342.4866 | M51: =M50*$D$2 -> 958.4272 | ... U51: =U50*$D$2 -> 9621.2652 | Y51: =Y50*$D$2 -> 3379.884 | Z51: =Z50*$D$2 -> 3005.0025 | AA51: =AA50*$D$2 -> 13773.533 | AB51: =AB50*$D$2 -> 388.11675 | AC51: =AC50*$D$2 -> 14161.65 | AG51: =AG42 -> 8916.9767 | AH51: =AH50*$D$2 -> 0

Sheet FEB
K1: MCPHEE RESERVOIR INFLOW/OUTFLOW TABULATION
A2: AF/cfs CONVERT FACTOR | D2: 1.9835 | K2: FEBRUARY "2004"
D4: RESERVOIR | S4: INFLOW/OUTFLOW (CFS) | AE4: WEATHER | AI4: ADJUSTMENTS
A5: DATE | B5: RESERV | C5: RESERV | D5: AC FT | E5: ACTIVE | F5: CONV TO | G5: DOLORES | H5: LOST | I5: RECORD | J5: CALC | K5: TOTAL | L5: CALC | M5: DOLORES TUNNEL | S5: LONE | T5: U | U5: TOTAL | V5: MVI | W5: MVI | X5: DV CR | Y5: BELOW | Z5: FISH | AA5: RECORD | AB5: CALC | AC5: TOTAL | AD5: RAIN | AE5: MAX | AF5: MIN | AG5: NAR | AH5: MVI | AI5: MVI | AJ5: MVI | AK5: U/S
A6: FEB | B6: ELEV | C6: AC FT | D6: CHANGE | E6: CAP | F6: CFS | G6: RIVER | H6: CAN | I6: INFLOW | J6: INFLOW | K6: INFLOW | L6: INF/OTF | M6: TOT DIV | N6: WET | O6: UTE | P6: MWC | Q6: CTZ | R6: CTZ & | S6: PINE | T6: LAT | U6: MVI | V6: CALL + | W6: PROJ | X6: CANAL | Y6: MCP | Z6: LEFT | AA6: OTF | AB6: OTF | AC6: OTF | AE6: TMP | AF6: TMP | AG6: CALL | AH6: STOCK | AI6: STORED | AJ6: STORED | AK6: USERS
E7: AC FT | N7: LAND | O7: F&R | R7: UTE | V7: TO EX | AI7: Apr-Jun | AJ7: EVAP | AK7: EXCH
R8: PROJ | AJ8: AC.FT
A9: SEASON BAL
A10: YTD | B10: =JAN!B42 -> 6863.3 | C10: =JAN!C42 -> 170801 | D10: =JAN!D51 -> -3142 | E10: =JAN!E51 -> 18801 | F10: =JAN!F50 -> -1584.0686 | G10: =JAN!G50 -> 4179 | H10: =JAN!H50 -> 0 | I10: =JAN!I50 -> 4179 | J10: =JAN!J50 -> 1376.6591 | K10: =JAN!K50 -> 5555.6591 | L10: =JAN!L50 -> 1180.9864 | M10: =JAN!M50 -> 483.2 | ... U10: =JAN!U50 -> 4850.6505 | Y10: =JAN!Y50 -> 1704 | Z10: =JAN!Z50 -> 1515 | AA10: =JAN!AA50 -> 6944.055 | AB10: =JAN!AB50 -> 195.67267 | AC10: =JAN!AC50 -> 7139.7277 | AD10: =JAN!AD50 -> 4.3 | AG10: =JAN!AG51 -> 8916.9767 | AH10: =JAN!AH51 -> 0
A12: 1 | B12: 6863.29 | C12: 170777 | D12: =C12-C10 -> -24 | E12: =C12-152000 -> 18777 | F12: =D12/$D$2 -> -12.099824 | G12: 44 | H12: 0 | I12: =G12+H12 -> 44 | J12: =IF(L12>0,L12,0) -> 19.000176 | K12: =I12+J12 -> 63.000176 | L12: =F12-(I12-AA12) -> 19.000176 | M12: 4.1 | N12: 0 | O12: 0 | P12: 1.4 | Q12: 2.4 | R12: 0 | S12: 48 | T12: 0 | U12: =M12-N12-O12-P12-Q12-R12+S12+T12 -> 48.3 | X12: 0 | Y12: 23 | Z12: =Z10-Y12 -> 1492 | AA12: =N12+O12+P12+Q12+R12+U12+X12+Y12 -> 75.1 | AB12: =IF(L12<0,L12*-1,0) -> 0 | AC12: =AA12+AB12 -> 75.1 | AD12: 0 | AE12: 32 | AF12: 2 | AG12: =AG10+(U12*1.9835) -> 9012.7797 | AH12: 0
A13: =A12+1 -> 2 | B13: 6863.27 | C13: 170729 | D13: =C13-C12 -> -48 | E13: =C13-152000 -> 18729 | F13: =D13/$D$2 -> -24.199647 | G13: 44 | H13: 0 | I13: =G13+H13 -> 44 | J13: =IF(L13>0,L13,0) -> 11.900353 | K13: =I13+J13 -> 55.900353 | L13: =F13-(I13-AA13) -> 11.900353 | M13: 4.1 | N13: 0 | O13: 0 | P13: 1.4 | Q13: 2.4 | R13: 0 | S13: 52 | T13: 0 | U13: =M13-N13-O13-P13-Q13-R13+S13+T13 -> 52.3 | X13: 0 | Y13: 24 | Z13: =Z12-Y13 -> 1468 | AA13: =N13+O13+P13+Q13+R13+U13+X13+Y13 -> 80.1 | AB13: =IF(L13<0,L13*-1,0) -> 0 | AC13: =AA13+AB13 -> 80.1 | AD13: 0 | AE13: 35 | AF13: 0 | AG13: =AG12+(U13*1.9835) -> 9116.5168 | AH13: 0
A14: =A13+1 -> 3 | B14: 6863.26 | C14: 170705 | D14: =C14-C13 -> -24 | E14: =C14-152000 -> 18705 | F14: =D14/$D$2 -> -12.099824 | G14: 45 | H14: 0 | I14: =G14+H14 -> 45 | J14: =IF(L14>0,L14,0) -> 28.800176 | K14: =I14+J14 -> 73.800176 | L14: =F14-(I14-AA14) -> 28.800176 | M14: 3.9 | N14: 0 | O14: 0 | P14: 1.4 | Q14: 2.4 | R14: 0 | S14: 56 | T14: 0 | U14: =M14-N14-O14-P14-Q14-R14+S14+T14 -> 56.1 | X14: 0 | Y14: 26 | Z14: =Z13-Y14 -> 1442 | AA14: =N14+O14+P14+Q14+R14+U14+X14+Y14 -> 85.9 | AB14: =IF(L14<0,L14*-1,0) -> 0 | AC14: =AA14+AB14 -> 85.9 | AD14: 0.43 | AE14: 34 | AF14: 25 | AG14: =AG13+(U14*1.9835) -> 9227.7911 | AH14: 0
A15: =A14+1 -> 4 | B15: 6863.25 | C15: 170681 | D15: =C15-C14 -> -24 | E15: =C15-152000 -> 18681 | F15: =D15/$D$2 -> -12.099824 | G15: 44 | H15: 0 | I15: =G15+H15 -> 44 | J15: =IF(L15>0,L15,0) -> 28.600176 | K15: =I15+J15 -> 72.600176 | L15: =F15-(I15-AA15) -> 28.600176 | M15: 3.7 | N15: 0 | O15: 0 | P15: 1.4 | Q15: 2.4 | R15: 0 | S15: 56 | T15: 0 | U15: =M15-N15-O15-P15-Q15-R15+S15+T15 -> 55.9 | X15: 0 | Y15: 25 | Z15: =Z14-Y15 -> 1417 | AA15: =N15+O15+P15+Q15+R15+U15+X15+Y15 -> 84.7 | AB15: =IF(L15<0,L15*-1,0) -> 0 | AC15: =AA15+AB15 -> 84.7 | AD15: 0.03 | AE15: 30 | AF15: 15 | AG15: =AG14+(U15*1.9835) -> 9338.6688 | AH15: 0
A16: =A15+1 -> 5 | B16: 6863.23 | C16: 170632 | D16: =C16-C15 -> -49 | E16: =C16-152000 -> 18632 | F16: =D16/$D$2 -> -24.703806 | G16: 41 | H16: 0 | I16: =G16+H16 -> 41 | J16: =IF(L16>0,L16,0) -> 17.996194 | K16: =I16+J16 -> 58.996194 | L16: =F16-(I16-AA16) -> 17.996194 | M16: 3.7 | N16: 0 | O16: 0 | P16: 1.4 | Q16: 2.4 | R16: 0 | S16: 56 | T16: 0 | U16: =M16-N16-O16-P16-Q16-R16+S16+T16 -> 55.9 | X16: 0 | Y16: 24 | Z16: =Z15-Y16 -> 1393 | AA16: =N16+O16+P16+Q16+R16+U16+X16+Y16 -> 83.7 | AB16: =IF(L16<0,L16*-1,0) -> 0 | AC16: =AA16+AB16 -> 83.7 | AD16: 0 | AE16: 32 | AF16: -1 | AG16: =AG15+(U16*1.9835) -> 9449.5464 | AH16: 0
A17: =A16+1 -> 6 | B17: 6863.21 | C17: 170584 | D17: =C17-C16 -> -48 | E17: =C17-152000 -> 18584 | F17: =D17/$D$2 -> -24.199647 | G17: 40 | H17: 0 | I17: =G17+H17 -> 40 | J17: =IF(L17>0,L17,0) -> 19.500353 | K17: =I17+J17 -> 59.500353 | L17: =F17-(I17-AA17) -> 19.500353 | M17: 3.7 | N17: 0 | O17: 0 | P17: 1.4 | Q17: 2.4 | R17: 0 | S17: 56 | T17: 0 | U17: =M17-N17-O17-P17-Q17-R17+S17+T17 -> 55.9 | X17: 0 | Y17: 24 | Z17: =Z16-Y17 -> 1369 | AA17: =N17+O17+P17+Q17+R17+U17+X17+Y17 -> 83.7 | AB17: =IF(L17<0,L17*-1,0) -> 0 | AC17: =AA17+AB17 -> 83.7 | AD17: 0 | AE17: 34 | AF17: 2 | AG17: =AG16+(U17*1.9835) -> 9560.4241 | AH17: 0
A18: =A17+1 -> 7 | B18: 6863.19 | C18: 170536 | D18: =C18-C17 -> -48 | E18: =C18-152000 -> 18536 | F18: =D18/$D$2 -> -24.199647 | G18: 41 | H18: 0 | I18: =G18+H18 -> 41 | J18: =IF(L18>0,L18,0) -> 18.500353 | K18: =I18+J18 -> 59.500353 | L18: =F18-(I18-AA18) -> 18.500353 | M18: 3.7 | N18: 0 | O18: 0 | P18: 1.4 | Q18: 2.32 | R18: 0 | S18: 56 | T18: 0 | U18: =M18-N18-O18-P18-Q18-R18+S18+T18 -> 55.98 | X18: 0 | Y18: 24 | Z18: =Z17-Y18 -> 1345 | AA18: =N18+O18+P18+Q18+R18+U18+X18+Y18 -> 83.7 | AB18: =IF(L18<0,L18*-1,0) -> 0 | AC18: =AA18+AB18 -> 83.7 | AD18: 0 | AE18: 38 | AF18: -1 | AG18: =AG17+(U18*1.9835) -> 9671.4604 | AH18: 0
A19: =A18+1 -> 8 | B19: 6863.16 | C19: 170463 | D19: =C19-C18 -> -73 | E19: =C19-152000 -> 18463 | F19: =D19/$D$2 -> -36.80363 | G19: 42 | H19: 0 | I19: =G19+H19 -> 42 | J19: =IF(L19>0,L19,0) -> 4.8963701 | K19: =I19+J19 -> 46.89637 | L19: =F19-(I19-AA19) -> 4.8963701 | M19: 3.7 | N19: 0 | O19: 0 | P19: 1.4 | Q19: 2.24 | R19: 0 | S19: 56 | T19: 0 | U19: =M19-N19-O19-P19-Q19-R19+S19+T19 -> 56.06 | X19: 0 | Y19: 24 | Z19: =Z18-Y19 -> 1321 | AA19: =N19+O19+P19+Q19+R19+U19+X19+Y19 -> 83.7 | AB19: =IF(L19<0,L19*-1,0) -> 0 | AC19: =AA19+AB19 -> 83.7 | AD19: 0 | AE19: 30 | AF19: 5 | AG19: =AG18+(U19*1.9835) -> 9782.6554 | AH19: 0
A20: =A19+1 -> 9 | B20: 6863.13 | C20: 170391 | D20: =C20-C19 -> -72 | E20: =C20-152000 -> 18391 | F20: =D20/$D$2 -> -36.299471 | G20: 42 | H20: 0 | I20: =G20+H20 -> 42 | J20: =IF(L20>0,L20,0) -> 7.4005294 | K20: =I20+J20 -> 49.400529 | L20: =F20-(I20-AA20) -> 7.4005294 | M20: 3.7 | N20: 0 | O20: 0 | P20: 1.4 | Q20: 2.09 | R20: 0 | S20: 58 | T20: 0 | U20: =M20-N20-O20-P20-Q20-R20+S20+T20 -> 58.21 | X20: 0 | Y20: 24 | Z20: =Z19-Y20 -> 1297 | AA20: =N20+O20+P20+Q20+R20+U20+X20+Y20 -> 85.7 | AB20: =IF(L20<0,L20*-1,0) -> 0 | AC20: =AA20+AB20 -> 85.7 | AD20: 0 | AE20: 33 | AF20: 1 | AG20: =AG19+(U20*1.9835) -> 9898.115 | AH20: 0
A21: =A20+1 -> 10 | B21: 6863.1 | C21: 170318 | D21: =C21-C20 -> -73 | E21: =C21-152000 -> 18318 | F21: =D21/$D$2 -> -36.80363 | G21: 41 | H21: 0 | I21: =G21+H21 -> 41 | J21: =IF(L21>0,L21,0) -> 9.6963701 | K21: =I21+J21 -> 50.69637 | L21: =F21-(I21-AA21) -> 9.6963701 | M21: 3.5 | N21: 0 | O21: 0 | P21: 1.38 | Q21: 2.24 | R21: 0 | S21: 60 | T21: 0 | U21: =M21-N21-O21-P21-Q21-R21+S21+T21 -> 59.88 | X21: 0 | Y21: 24 | Z21: =Z20-Y21 -> 1273 | AA21: =N21+O21+P21+Q21+R21+U21+X21+Y21 -> 87.5 | AB21: =IF(L21<0,L21*-1,0) -> 0 | AC21: =AA21+AB21 -> 87.5 | AD21: 0 | AE21: 38 | AF21: 4 | AG21: =AG20+(U21*1.9835) -> 10016.887 | AH21: 0
A22: =A21+1 -> 11 | B22: 6863.07 | C22: 170245 | D22: =C22-C21 -> -73 | E22: =C22-152000 -> 18245 | F22: =D22/$D$2 -> -36.80363 | G22: 41 | H22: 0 | I22: =G22+H22 -> 41 | J22: =IF(L22>0,L22,0) -> 10.59637 | K22: =I22+J22 -> 51.59637 | L22: =F22-(I22-AA22) -> 10.59637 | M22: 3.4 | N22: 0 | O22: 0 | P22: 1.38 | Q22: 2.24 | R22: 0 | S22: 61 | T22: 0 | U22: =M22-N22-O22-P22-Q22-R22+S22+T22 -> 60.78 | X22: 0 | Y22: 24 | Z22: =Z21-Y22 -> 1249 | AA22: =N22+O22+P22+Q22+R22+U22+X22+Y22 -> 88.4 | AB22: =IF(L22<0,L22*-1,0) -> 0 | AC22: =AA22+AB22 -> 88.4 | AD22: 0 | AE22: 31 | AF22: 6 | AG22: =AG21+(U22*1.9835) -> 10137.444 | AH22: 0
A23: =A22+1 -> 12 | B23: 6863.04 | C23: 170173 | D23: =C23-C22 -> -72 | E23: =C23-152000 -> 18173 | F23: =D23/$D$2 -> -36.299471 | G23: 40 | H23: 0 | I23: =G23+H23 -> 40 | J23: =IF(L23>0,L23,0) -> 12.100529 | K23: =I23+J23 -> 52.100529 | L23: =F23-(I23-AA23) -> 12.100529 | M23: 3.4 | N23: 0 | O23: 0 | P23: 1.35 | Q23: 2.04 | R23: 0 | S23: 61 | T23: 0 | U23: =M23-N23-O23-P23-Q23-R23+S23+T23 -> 61.01 | X23: 0 | Y23: 24 | Z23: =Z22-Y23 -> 1225 | AA23: =N23+O23+P23+Q23+R23+U23+X23+Y23 -> 88.4 | AB23: =IF(L23<0,L23*-1,0) -> 0 | AC23: =AA23+AB23 -> 88.4 | AD23: 0 | AE23: 29 | AF23: -1 | AG23: =AG22+(U23*1.9835) -> 10258.457 | AH23: 0
A24: =A23+1 -> 13 | B24: 6863 | C24: 170076 | D24: =C24-C23 -> -97 | E24: =C24-152000 -> 18076 | F24: =D24/$D$2 -> -48.903453 | G24: 38 | H24: 0 | I24: =G24+H24 -> 38 | J24: =IF(L24>0,L24,0) -> 0.49654651 | K24: =I24+J24 -> 38.496547 | L24: =F24-(I24-AA24) -> 0.49654651 | M24: 3.4 | N24: 0 | O24: 0 | P24: 1.35 | Q24: 2.04 | R24: 0 | S24: 60 | T24: 0 | U24: =M24-N24-O24-P24-Q24-R24+S24+T24 -> 60.01 | X24: 0 | Y24: 24 | Z24: =Z23-Y24 -> 1201 | AA24: =N24+O24+P24+Q24+R24+U24+X24+Y24 -> 87.4 | AB24: =IF(L24<0,L24*-1,0) -> 0 | AC24: =AA24+AB24 -> 87.4 | AD24: 0 | AE24: 37 | AF24: -2 | AG24: =AG23+(U24*1.9835) -> 10377.487 | AH24: 0
... A38: =A37+1 -> 27 | B38: 6862.83 | C38: 169672 | D38: =C38-C37 -> 47 | E38: =C38-152000 -> 17672 | F38: =D38/$D$2 -> 23.695488 | G38: 54 | H38: 0.8 | I38: =G38+H38 -> 54.8 | J38: =IF(L38>0,L38,0) -> 52.295488 | K38: =I38+J38 -> 107.09549 | L38: =F38-(I38-AA38) -> 52.295488 | M38: 3.4 | N38: 0 | O38: 0 | P38: 1.35 | Q38: 2.04 | R38: 0 | S38: 56 | T38: 0 | U38: =M38-N38-O38-P38-Q38-R38+S38+T38 -> 56.01 | X38: 0 | Y38: 24 | Z38: =Z37-Y38 -> 860 | AA38: =N38+O38+P38+Q38+R38+U38+X38+Y38 -> 83.4 | AB38: =IF(L38<0,L38*-1,0) -> 0 | AC38: =AA38+AB38 -> 83.4 | AD38: 0.65 | AE38: 43 | AF38: 31 | AG38: =AG37+(U38*1.9835) -> 11926.878 | AH38: 0
A39: 28 | B39: 6862.82 | C39: 169648 | D39: =C39-C38 -> -24 | E39: =C39-152000 -> 17648 | F39: =D39/$D$2 -> -12.099824 | G39: 52 | H39: 1 | I39: =G39+H39 -> 53 | J39: =IF(L39>0,L39,0) -> 18.300176 | K39: =I39+J39 -> 71.300176 | L39: =F39-(I39-AA39) -> 18.300176 | M39: 3.4 | N39: 0 | O39: 0 | P39: 1.35 | Q39: 2.04 | R39: 0 | S39: 56 | T39: 0 | U39: =M39-N39-O39-P39-Q39-R39+S39+T39 -> 56.01 | X39: 0 | Y39: 24 | Z39: =Z38-Y39 -> 836 | AA39: =N39+O39+P39+Q39+R39+U39+X39+Y39 -> 83.4 | AB39: =IF(L39<0,L39*-1,0) -> 0 | AC39: =AA39+AB39 -> 83.4 | AD39: 0.14 | AE39: 47 | AF39: 14 | AG39: =AG38+(U39*1.9835) -> 12037.974 | AH39: 0
A40: 29 | B40: 6862.8 | C40: 169601 | D40: =C40-C39 -> -47 | E40: =C40-152000 -> 17601 | F40: =D40/$D$2 -> -23.695488 | G40: 51 | H40: 0.7 | I40: =G40+H40 -> 51.7 | J40: =IF(L40>0,L40,0) -> 8.0045122 | K40: =I40+J40 -> 59.704512 | L40: =F40-(I40-AA40) -> 8.0045122 | M40: 3.4 | N40: 0 | O40: 0 | P40: 1.35 | Q40: 2.04 | R40: 0 | S40: 56 | T40: 0 | U40: =M40-N40-O40-P40-Q40-R40+S40+T40 -> 56.01 | X40: 0 | Y40: 24 | Z40: =Z39-Y40 -> 812 | AA40: =N40+O40+P40+Q40+R40+U40+X40+Y40 -> 83.4 | AB40: =IF(L40<0,L40*-1,0) -> 0 | AC40: =AA40+AB40 -> 83.4 | AD40: 0.02 | AE40: 34 | AF40: 18 | AG40: =AG39+(U40*1.9835) -> 12149.07 | AH40: 0
A42: MONTH / CFS | F42: =SUM(F12:F40) -> -604.99118 | G42: =SUM(G12:G40) -> 1327 | H42: =SUM(H12:H40) -> 29.9 | I42: =SUM(I12:I40) -> 1356.9 | J42: =SUM(J12:J40) -> 483.19927 | K42: =SUM(K12:K40) -> 1840.0993 | L42: =SUM(L12:L40) -> 472.50882 | M42: =SUM(M12:M40) -> 102.4 | ... U42: =SUM(U12:U40) -> 1629.49 | Y42: =SUM(Y12:Y40) -> 703 | AA42: =SUM(AA12:AA40) -> 2434.4 | AB42: =SUM(AB12:AB40) -> 10.690446 | AC42: =SUM(AC12:AC40) -> 2445.0904 | AD42: =SUM(AD12:AD40) -> 2.13 | AE42: =AVERAGE(AE12:AE40) -> 39.275862 | AF42: =AVERAGE(AF12:AF40) -> 13.344828 | AG42: AVE | AH42: =SUM(AH12:AH40) -> 0
A43: MONTH / AF | D43: =SUM(D12:D40) -> -1200 | F43: =F42*$D$2 -> -1200 | G43: =G42*$D$2 -> 2632.1045 | H43: =H42*$D$2 -> 59.30665 | I43: =I42*$D$2 -> 2691.4111 | J43: =J42*$D$2 -> 958.42575 | K43: =K42*$D$2 -> 3649.8369 | L43: =L42*$D$2 -> 937.22125 | M43: =M42*$D$2 -> 203.1104 | ... U43: =U42*$D$2 -> 3232.0934 | Y43: =Y42*$D$2 -> 1394.4005 | AA43: =AA42*$D$2 -> 4828.6324 | AB43: =AB42*$D$2 -> 21.2045 | AC43: =AC42*$D$2 -> 4849.8369 | AE43: =MAX(AE12:AE40) -> 55 | AF43: =MAX(AF12:AF40) -> 31 | AG43: HI | AH43: =AH42*$D$2 -> 0
A45: SEASON / CFS | AE45: =MIN(AE12:AE40) -> 29 | AF45: =MIN(AF12:AF40) -> -2 | AG45: LO
A46: SEASON / AF
A48: YTD / CFS | F48: =F10+F42 -> -2189.0597 | G48: =G10+G42 -> 5506 | H48: =H10+H42 -> 29.9 | I48: =I10+I42 -> 5535.9 | J48: =J10+J42 -> 1859.8584 | K48: =K10+K42 -> 7395.7584 | L48: =L10+L42 -> 1653.4953 | M48: =M10+M42 -> 585.6 | ... U48: =U10+U42 -> 6480.1405 | Y48: =Y10+Y42 -> 2407 | Z48: =Z40 -> 812 | AA48: =AA10+AA42 -> 9378.455 | AB48: =AB10+AB42 -> 206.36312 | AC48: =AC10+AC42 -> 9584.8181 | AD48: =AD10+AD42 -> 6.43 | AH48: =AH10+AH42 -> 0
A49: YTD / AF | D49: =D10+D43 -> -4342 | E49: =E40 -> 17601 | F49: =F48*$D$2 -> -4342 | G49: =G48*$D$2 -> 10921.151 | H49: =H48*$D$2 -> 59.30665 | I49: =I48*$D$2 -> 10980.458 | J49: =J48*$D$2 -> 3689.0291 | K49: =K48*$D$2 -> 14669.487 | L49: =L48*$D$2 -> 3279.7078 | M49: =M48*$D$2 -> 1161.5376 | ... U49: =U48*$D$2 -> 12853.359 | Y49: =Y48*$D$2 -> 4774.2845 | Z49: =Z48*$D$2 -> 1610.602 | AA49: =AA48*$D$2 -> 18602.165 | AB49: =AB48*$D$2 -> 409.32125 | AC49: =AC48*$D$2 -> 19011.487 | AG49: =AG40 -> 12149.07 | AH49: =AH48*$D$2 -> 0

Sheet MAR
K1: MCPHEE RESERVOIR INFLOW/OUTFLOW TABULATION
A2: AF/cfs CONVERT FACTOR | D2: 1.9835 | K2: MARCH "2004"
D4: RESERVOIR | S4: INFLOW/OUTFLOW (CFS) | AE4: WEATHER | AI4: ADJUSTMENTS
A5: DATE | B5: RESERV | C5: RESERV | D5: AC FT | E5: ACTIVE | F5: CONV TO | G5: DOLORES | H5: LOST | I5: RECORD | J5: CALC | K5: TOTAL | L5: CALC | M5: DOLORES TUNNEL | S5: LONE | T5: U | U5: TOTAL | V5: MVI | W5: MVI | X5: DV CR | Y5: BELOW | Z5: FISH | AA5: RECORD | AB5: CALC | AC5: TOTAL | AD5: RAIN | AE5: MAX | AF5: MIN | AG5: NAR | AH5: MVI | AI5: MVI | AJ5: MVI | AK5: U/S
A6: MAR | B6: ELEV | C6: AC FT | D6: CHANGE | E6: CAP | F6: CFS | G6: RIVER | H6: CAN | I6: INFLOW | J6: INFLOW | K6: INFLOW | L6: INF/OTF | M6: TOT DIV | N6: WET | O6: UTE | P6: MWC | Q6: CTZ | R6: CTX & | S6: PINE | T6: LAT | U6: MVI | V6: CALL + | W6: PROJ | X6: CANAL | Y6: MCP | Z6: LEFT | AA6: OTF | AB6: OTF | AC6: OTF | AE6: TMP | AF6: TMP | AG6: CALL | AH6: STOCK | AI6: STORED | AJ6: STORED | AK6: USERS
E7: AC FT | N7: LAND | O7: F&R | R7: UTE | V7: TO EX | AG7: AC.FT. | AH7: CFS | AI7: Apr-Jun | AJ7: EVAP | AK7: EXCH
R8: PROJ | AJ8: AC.FT.
A9: SEASON BAL
A10: YTD | B10: =FEB!B40 -> 6862.8 | C10: =FEB!C40 -> 169601 | D10: =FEB!D49 -> -4342 | E10: =FEB!E49 -> 17601 | F10: =FEB!F48 -> -2189.0597 | G10: =FEB!G48 -> 5506 | H10: =FEB!H48 -> 29.9 | I10: =FEB!I48 -> 5535.9 | J10: =FEB!J48 -> 1859.8584 | K10: =FEB!K48 -> 7395.7584 | L10: =FEB!L48 -> 1653.4953 | M10: =FEB!M48 -> 585.6 | ... U10: =FEB!U48 -> 6480.1405 | Y10: =FEB!Y48 -> 2407 | Z10: =FEB!Z48 -> 812 | AA10: =FEB!AA48 -> 9378.455 | AB10: =FEB!AB48 -> 206.36312 | AC10: =FEB!AC48 -> 9584.8181 | AD10: =FEB!AD48 -> 6.43 | AG10: =FEB!AG49 -> 12149.07 | AH10: =FEB!AH49 -> 0
A12: 1 | B12: 6862.78 | C12: 169553 | D12: =C12-C10 -> -48 | E12: =C12-152000 -> 17553 | F12: =D12/$D$2 -> -24.199647 | G12: 52 | H12: 0.8 | I12: =G12+H12 -> 52.8 | J12: =IF(L12>0,L12,0) -> 6.5003529 | K12: =I12+J12 -> 59.300353 | L12: =F12-(I12-AA12) -> 6.5003529 | M12: 3.5 | N12: 0 | O12: 0 | P12: 1.394 | Q12: 2.15 | R12: 0 | S12: 56 | T12: 0 | U12: =M12-N12-O12-P12-Q12-R12+S12+T12 -> 55.956 | X12: 0 | Y12: 24 | Z12: =Z10-Y12 -> 788 | AA12: =N12+O12+P12+Q12+R12+U12+X12+Y12 -> 83.5 | AB12: =IF(L12<0,L12*-1,0) -> 0 | AC12: =AA12+AB12 -> 83.5 | AD12: 0 | AE12: 41 | AF12: 10 | AG12: =AG10+(U12*1.9835) -> 12260.059 | AH12: 0
A13: =A12+1 -> 2 | B13: 6862.77 | C13: 169529 | D13: =C13-C12 -> -24 | E13: =C13-152000 -> 17529 | F13: =D13/$D$2 -> -12.099824 | G13: 54 | H13: 0.7 | I13: =G13+H13 -> 54.7 | J13: =IF(L13>0,L13,0) -> 17.800176 | K13: =I13+J13 -> 72.500176 | L13: =F13-(I13-AA13) -> 17.800176 | M13: 3.6 | N13: 0 | O13: 0 | P13: 1.394 | Q13: 2.21 | R13: 0 | S13: 56 | T13: 0 | U13: =M13-N13-O13-P13-Q13-R13+S13+T13 -> 55.996 | X13: 0 | Y13: 25 | Z13: =Z12-Y13 -> 763 | AA13: =N13+O13+P13+Q13+R13+U13+X13+Y13 -> 84.6 | AB13: =IF(L13<0,L13*-1,0) -> 0 | AC13: =AA13+AB13 -> 84.6 | AD13: 0.19 | AE13: 40 | AF13: 24 | AG13: =AG12+(U13*1.9835) -> 12371.127 | AH13: 0
A14: =A13+1 -> 3 | B14: 6862.75 | C14: 169482 | D14: =C14-C13 -> -47 | E14: =C14-152000 -> 17482 | F14: =D14/$D$2 -> -23.695488 | G14: 54 | H14: 0.8 | I14: =G14+H14 -> 54.8 | J14: =IF(L14>0,L14,0) -> 6.9045122 | K14: =I14+J14 -> 61.704512 | L14: =F14-(I14-AA14) -> 6.9045122 | M14: 3.4 | N14: 0 | O14: 0 | P14: 1.394 | Q14: 2.04 | R14: 0 | S14: 57 | T14: 0 | U14: =M14-N14-O14-P14-Q14-R14+S14+T14 -> 56.966 | X14: 0 | Y14: 25 | Z14: =Z13-Y14 -> 738 | AA14: =N14+O14+P14+Q14+R14+U14+X14+Y14 -> 85.4 | AB14: =IF(L14<0,L14*-1,0) -> 0 | AC14: =AA14+AB14 -> 85.4 | AD14: 0 | AE14: 42 | AF14: 26 | AG14: =AG13+(U14*1.9835) -> 12484.119 | AH14: 0
A15: =A14+1 -> 4 | B15: 6862.73 | C15: 169434 | D15: =C15-C14 -> -48 | E15: =C15-152000 -> 17434 | F15: =D15/$D$2 -> -24.199647 | G15: 60 | H15: 0.8 | I15: =G15+H15 -> 60.8 | J15: =IF(L15>0,L15,0) -> 0.40035291 | K15: =I15+J15 -> 61.200353 | L15: =F15-(I15-AA15) -> 0.40035291 | M15: 3.4 | N15: 0 | O15: 0 | P15: 1.394 | Q15: 2.02 | R15: 0 | S15: 57 | T15: 0 | U15: =M15-N15-O15-P15-Q15-R15+S15+T15 -> 56.986 | X15: 0 | Y15: 25 | Z15: =Z14-Y15 -> 713 | AA15: =N15+O15+P15+Q15+R15+U15+X15+Y15 -> 85.4 | AB15: =IF(L15<0,L15*-1,0) -> 0 | AC15: =AA15+AB15 -> 85.4 | AD15: 0 | AE15: 41 | AF15: 26 | AG15: =AG14+(U15*1.9835) -> 12597.151 | AH15: 0
A16: =A15+1 -> 5 | B16: 6862.7 | C16: 169363 | D16: =C16-C15 -> -71 | E16: =C16-152000 -> 17363 | F16: =D16/$D$2 -> -35.795311 | G16: 59 | H16: 0.8 | I16: =G16+H16 -> 59.8 | J16: =IF(L16>0,L16,0) -> 0 | K16: =I16+J16 -> 59.8 | L16: =F16-(I16-AA16) -> -11.195311 | M16: 3.4 | N16: 0 | O16: 0 | P16: 1.394 | Q16: 2.02 | R16: 0 | S16: 56 | T16: 0 | U16: =M16-N16-O16-P16-Q16-R16+S16+T16 -> 55.986 | X16: 0 | Y16: 25 | Z16: =Z15-Y16 -> 688 | AA16: =N16+O16+P16+Q16+R16+U16+X16+Y16 -> 84.4 | AB16: =IF(L16<0,L16*-1,0) -> 11.195311 | AC16: =AA16+AB16 -> 95.595311 | AD16: 0 | AE16: 38 | AF16: 19 | AG16: =AG15+(U16*1.9835) -> 12708.199 | AH16: 0
A17: =A16+1 -> 6 | B17: 6862.67 | C17: 169292 | D17: =C17-C16 -> -71 | E17: =C17-152000 -> 17292 | F17: =D17/$D$2 -> -35.795311 | G17: 52 | H17: 0.7 | I17: =G17+H17 -> 52.7 | J17: =IF(L17>0,L17,0) -> 0 | K17: =I17+J17 -> 52.7 | L17: =F17-(I17-AA17) -> -2.9953113 | M17: 3.5 | N17: 0 | O17: 0 | P17: 1.394 | Q17: 2.1 | R17: 0 | S17: 56 | T17: 0 | U17: =M17-N17-O17-P17-Q17-R17+S17+T17 -> 56.006 | X17: 0 | Y17: 26 | Z17: =Z16-Y17 -> 662 | AA17: =N17+O17+P17+Q17+R17+U17+X17+Y17 -> 85.5 | AB17: =IF(L17<0,L17*-1,0) -> 2.9953113 | AC17: =AA17+AB17 -> 88.495311 | AD17: 0 | AE17: 48 | AF17: 16 | AG17: =AG16+(U17*1.9835) -> 12819.287 | AH17: 0
A18: =A17+1 -> 7 | B18: 6862.66 | C18: 169268 | D18: =C18-C17 -> -24 | E18: =C18-152000 -> 17268 | F18: =D18/$D$2 -> -12.099824 | G18: 57 | H18: 0.9 | I18: =G18+H18 -> 57.9 | J18: =IF(L18>0,L18,0) -> 15.800176 | K18: =I18+J18 -> 73.700176 | L18: =F18-(I18-AA18) -> 15.800176 | M18: 3.8 | N18: 0 | O18: 0 | P18: 1.394 | Q18: 3.3 | R18: 0 | S18: 56 | T18: 0 | U18: =M18-N18-O18-P18-Q18-R18+S18+T18 -> 55.106 | X18: 0 | Y18: 26 | Z18: =Z17-Y18 -> 636 | AA18: =N18+O18+P18+Q18+R18+U18+X18+Y18 -> 85.8 | AB18: =IF(L18<0,L18*-1,0) -> 0 | AC18: =AA18+AB18 -> 85.8 | AD18: 0 | AE18: 57 | AF18: 22 | AG18: =AG17+(U18*1.9835) -> 12928.59 | AH18: 0
A19: =A18+1 -> 8 | B19: 6862.66 | C19: 169268 | D19: =C19-C18 -> 0 | E19: =C19-152000 -> 17268 | F19: =D19/$D$2 -> 0 | G19: 64 | H19: 1.1 | I19: =G19+H19 -> 65.1 | J19: =IF(L19>0,L19,0) -> 22 | K19: =I19+J19 -> 87.1 | L19: =F19-(I19-AA19) -> 22 | M19: 5.1 | N19: 0 | O19: 0 | P19: 1.394 | Q19: 3.76 | R19: 0 | S19: 56 | T19: 0 | U19: =M19-N19-O19-P19-Q19-R19+S19+T19 -> 55.946 | X19: 0 | Y19: 26 | Z19: =Z18-Y19 -> 610 | AA19: =N19+O19+P19+Q19+R19+U19+X19+Y19 -> 87.1 | AB19: =IF(L19<0,L19*-1,0) -> 0 | AC19: =AA19+AB19 -> 87.1 | AD19: 0 | AE19: 60 | AF19: 27 | AG19: =AG18+(U19*1.9835) -> 13039.558 | AH19: 0
A20: =A19+1 -> 9 | B20: 6862.69 | C20: 169339 | D20: =C20-C19 -> 71 | E20: =C20-152000 -> 17339 | F20: =D20/$D$2 -> 35.795311 | G20: 82 | H20: 1.3 | I20: =G20+H20 -> 83.3 | J20: =IF(L20>0,L20,0) -> 50.595311 | K20: =I20+J20 -> 133.89531 | L20: =F20-(I20-AA20) -> 50.595311 | M20: 5.1 | N20: 0 | O20: 0 | P20: 1.394 | Q20: 3.73 | R20: 0 | S20: 67 | T20: 0 | U20: =M20-N20-O20-P20-Q20-R20+S20+T20 -> 66.976 | X20: 0 | Y20: 26 | Z20: =Z19-Y20 -> 584 | AA20: =N20+O20+P20+Q20+R20+U20+X20+Y20 -> 98.1 | AB20: =IF(L20<0,L20*-1,0) -> 0 | AC20: =AA20+AB20 -> 98.1 | AD20: 0 | AE20: 62 | AF20: 29 | AG20: =AG19+(U20*1.9835) -> 13172.405 | AH20: 0
A21: =A20+1 -> 10 | B21: 6862.68 | C21: 169316 | D21: =C21-C20 -> -23 | E21: =C21-152000 -> 17316 | F21: =D21/$D$2 -> -11.595664 | G21: 113 | H21: 1.6 | I21: =G21+H21 -> 114.6 | J21: =IF(L21>0,L21,0) -> 0 | K21: =I21+J21 -> 114.6 | L21: =F21-(I21-AA21) -> -4.1956642 | M21: 5 | N21: 0 | O21: 0 | P21: 1.394 | Q21: 3.68 | R21: 0 | S21: 91 | T21: 0 | U21: =M21-N21-O21-P21-Q21-R21+S21+T21 -> 90.926 | X21: 0 | Y21: 26 | Z21: =Z20-Y21 -> 558 | AA21: =N21+O21+P21+Q21+R21+U21+X21+Y21 -> 122 | AB21: =IF(L21<0,L21*-1,0) -> 4.1956642 | AC21: =AA21+AB21 -> 126.19566 | AD21: 0 | AE21: 60 | AF21: 29 | AG21: =AG20+(U21*1.9835) -> 13352.757 | AH21: 0
A22: =A21+1 -> 11 | B22: 6862.73 | C22: 169434 | D22: =C22-C21 -> 118 | E22: =C22-152000 -> 17434 | F22: =D22/$D$2 -> 59.490799 | G22: 144 | H22: 1.8 | I22: =G22+H22 -> 145.8 | J22: =IF(L22>0,L22,0) -> 47.690799 | K22: =I22+J22 -> 193.4908 | L22: =F22-(I22-AA22) -> 47.690799 | M22: 5 | N22: 0 | O22: 0 | P22: 1.394 | Q22: 3.614 | R22: 0 | S22: 103 | T22: 0 | U22: =M22-N22-O22-P22-Q22-R22+S22+T22 -> 102.992 | X22: 0 | Y22: 26 | Z22: =Z21-Y22 -> 532 | AA22: =N22+O22+P22+Q22+R22+U22+X22+Y22 -> 134 | AB22: =IF(L22<0,L22*-1,0) -> 0 | AC22: =AA22+AB22 -> 134 | AD22: 0 | AE22: 61 | AF22: 31 | AG22: =AG21+(U22*1.9835) -> 13557.042 | AH22: 0
A23: =A22+1 -> 12 | B23: 6862.8 | C23: 169601 | D23: =C23-C22 -> 167 | E23: =C23-152000 -> 17601 | F23: =D23/$D$2 -> 84.194605 | G23: 168 | H23: 2 | I23: =G23+H23 -> 170 | J23: =IF(L23>0,L23,0) -> 48.294605 | K23: =I23+J23 -> 218.29461 | L23: =F23-(I23-AA23) -> 48.294605 | M23: 5.1 | N23: 0 | O23: 0 | P23: 1.394 | Q23: 3.76 | R23: 0 | S23: 103 | T23: 0 | U23: =M23-N23-O23-P23-Q23-R23+S23+T23 -> 102.946 | X23: 0 | Y23: 26 | Z23: =Z22-Y23 -> 506 | AA23: =N23+O23+P23+Q23+R23+U23+X23+Y23 -> 134.1 | AB23: =IF(L23<0,L23*-1,0) -> 0 | AC23: =AA23+AB23 -> 134.1 | AD23: 0 | AE23: 59 | AF23: 29 | AG23: =AG22+(U23*1.9835) -> 13761.235 | AH23: 0
A24: =A23+1 -> 13 | B24: 6862.88 | C24: 169791 | D24: =C24-C23 -> 190 | E24: =C24-152000 -> 17791 | F24: =D24/$D$2 -> 95.79027 | G24: 185 | H24: 2.4 | I24: =G24+H24 -> 187.4 | J24: =IF(L24>0,L24,0) -> 41.99027 | K24: =I24+J24 -> 229.39027 | L24: =F24-(I24-AA24) -> 41.99027 | M24: 4.6 | N24: 0 | O24: 0 | P24: 1.394 | Q24: 3.25 | R24: 0 | S24: 103 | T24: 0 | U24: =M24-N24-O24-P24-Q24-R24+S24+T24 -> 102.956 | X24: 0 | Y24: 26 | Z24: =Z23-Y24 -> 480 | AA24: =N24+O24+P24+Q24+R24+U24+X24+Y24 -> 133.6 | AB24: =IF(L24<0,L24*-1,0) -> 0 | AC24: =AA24+AB24 -> 133.6 | AD24: 0 | AE24: 59 | AF24: 30 | AG24: =AG23+(U24*1.9835) -> 13965.448 | AH24: 0
... A34: =A33+1 -> 23 | B34: 6865.88 | C34: 177146 | D34: =C34-C33 -> 1672 | E34: =C34-152000 -> 25146 | F34: =D34/$D$2 -> 842.95437 | G34: 506 | H34: 30 | I34: =G34+H34 -> 536 | J34: =IF(L34>0,L34,0) -> 394.15437 | K34: =I34+J34 -> 930.15437 | L34: =F34-(I34-AA34) -> 394.15437 | M34: 5.2 | N34: 0 | O34: 0 | P34: 1.394 | Q34: 4.01 | R34: 0 | S34: 56 | T34: 0 | U34: =M34-N34-O34-P34-Q34-R34+S34+T34 -> 55.796 | X34: 0 | Y34: 26 | Z34: =Z33-Y34 -> 220 | AA34: =N34+O34+P34+Q34+R34+U34+X34+Y34 -> 87.2 | AB34: =IF(L34<0,L34*-1,0) -> 0 | AC34: =AA34+AB34 -> 87.2 | AD34: 0.05 | AE34: 68 | AF34: 39 | AG34: =AG33+(U34*1.9835) -> 15069.147 | AH34: 0
A35: =A34+1 -> 24 | B35: 6866.63 | C35: 179041 | D35: =C35-C34 -> 1895 | E35: =C35-152000 -> 27041 | F35: =D35/$D$2 -> 955.3819 | G35: 593 | H35: 37 | I35: =G35+H35 -> 630 | J35: =IF(L35>0,L35,0) -> 516.3819 | K35: =I35+J35 -> 1146.3819 | L35: =F35-(I35-AA35) -> 516.3819 | M35: 15 | N35: 0 | O35: 0 | P35: 1.394 | Q35: 4.01 | R35: 0 | S35: 150 | T35: 0 | U35: =M35-N35-O35-P35-Q35-R35+S35+T35 -> 159.596 | X35: 0 | Y35: 26 | Z35: =Z34-Y35 -> 194 | AA35: =N35+O35+P35+Q35+R35+U35+X35+Y35 -> 191 | AB35: =IF(L35<0,L35*-1,0) -> 0 | AC35: =AA35+AB35 -> 191 | AD35: 0 | AE35: 65 | AF35: 40 | AG35: =AG34+(S35*1.9835) -> 15366.672 | AH35: 0
A36: =A35+1 -> 25 | B36: 6867.41 | C36: 181033 | D36: =C36-C35 -> 1992 | E36: =C36-152000 -> 29033 | F36: =D36/$D$2 -> 1004.2854 | G36: 691 | H36: 32 | I36: =G36+H36 -> 723 | J36: =IF(L36>0,L36,0) -> 439.28535 | K36: =I36+J36 -> 1162.2854 | L36: =F36-(I36-AA36) -> 439.28535 | M36: 24 | N36: 0 | O36: 0 | P36: 1.394 | Q36: 4.01 | R36: 0 | S36: 108 | T36: 0 | U36: =M36-N36-O36-P36-Q36-R36+S36+T36 -> 126.596 | X36: 0 | Y36: 26 | Z36: =Z35-Y36 -> 168 | AA36: =N36+O36+P36+Q36+R36+U36+X36+Y36 -> 158 | AB36: =IF(L36<0,L36*-1,0) -> 0 | AC36: =AA36+AB36 -> 158 | AD36: 0 | AE36: 66 | AF36: 37 | AG36: =AG35+(S36*1.9835) -> 15580.89 | AH36: 0
A37: =A36+1 -> 26 | B37: 6868.18 | C37: 183019 | D37: =C37-C36 -> 1986 | E37: =C37-152000 -> 31019 | F37: =D37/$D$2 -> 1001.2604 | G37: 739 | H37: 30 | I37: =G37+H37 -> 769 | J37: =IF(L37>0,L37,0) -> 265.2604 | K37: =I37+J37 -> 1034.2604 | L37: =F37-(I37-AA37) -> 265.2604 | M37: 7 | N37: 0 | O37: 0 | P37: 1.394 | Q37: 4.01 | R37: 0 | S37: 0 | T37: 0 | U37: =M37-N37-O37-P37-Q37-R37+S37+T37 -> 1.596 | X37: 0 | Y37: 26 | Z37: =Z36-Y37 -> 142 | AA37: =N37+O37+P37+Q37+R37+U37+X37+Y37 -> 33 | AB37: =IF(L37<0,L37*-1,0) -> 0 | AC37: =AA37+AB37 -> 33 | AD37: 0 | AE37: 63 | AF37: 33 | AG37: =AG36 -> 15580.89 | AH37: 0
A38: =A37+1 -> 27 | B38: 6868.92 | C38: 184950 | D38: =C38-C37 -> 1931 | E38: =C38-152000 -> 32950 | F38: =D38/$D$2 -> 973.53164 | G38: 687 | H38: 23 | I38: =G38+H38 -> 710 | J38: =IF(L38>0,L38,0) -> 296.03164 | K38: =I38+J38 -> 1006.0316 | L38: =F38-(I38-AA38) -> 296.03164 | M38: 6.5 | N38: 0 | O38: 0 | P38: 1.394 | Q38: 4.01 | R38: 0 | S38: 0 | T38: 0 | U38: =M38-N38-O38-P38-Q38-R38+S38+T38 -> 1.096 | X38: 0 | Y38: 26 | Z38: =Z37-Y38 -> 116 | AA38: =N38+O38+P38+Q38+R38+U38+X38+Y38 -> 32.5 | AB38: =IF(L38<0,L38*-1,0) -> 0 | AC38: =AA38+AB38 -> 32.5 | AD38: 0.09 | AE38: 49 | AF38: 29 | AG38: =AG37 -> 15580.89 | AH38: 0
A39: =A38+1 -> 28 | B39: 6869.44 | C39: 186322 | D39: =C39-C38 -> 1372 | E39: =C39-152000 -> 34322 | F39: =D39/$D$2 -> 691.70658 | G39: 536 | H39: 9.9 | I39: =G39+H39 -> 545.9 | J39: =IF(L39>0,L39,0) -> 177.90658 | K39: =I39+J39 -> 723.80658 | L39: =F39-(I39-AA39) -> 177.90658 | M39: 6.1 | N39: 0 | O39: 0 | P39: 1.394 | Q39: 4.01 | R39: 0 | S39: 0 | T39: 0 | U39: =M39-N39-O39-P39-Q39-R39+S39+T39 -> 0.696 | X39: 0 | Y39: 26 | Z39: =Z38-Y39 -> 90 | AA39: =N39+O39+P39+Q39+R39+U39+X39+Y39 -> 32.1 | AB39: =IF(L39<0,L39*-1,0) -> 0 | AC39: =AA39+AB39 -> 32.1 | AD39: 0 | AE39: 51 | AF39: 25 | AG39: =AG38 -> 15580.89 | AH39: 0
A40: =A39+1 -> 29 | B40: 6869.74 | C40: 187115 | D40: =C40-C39 -> 793 | E40: =C40-152000 -> 35115 | F40: =D40/$D$2 -> 399.79834 | G40: 444 | H40: 6.9 | I40: =G40+H40 -> 450.9 | J40: =IF(L40>0,L40,0) -> 64.898336 | K40: =I40+J40 -> 515.79834 | L40: =F40-(I40-AA40) -> 64.898336 | M40: 77 | N40: 0 | O40: 0 | P40: 1.394 | Q40: 4.01 | R40: 0 | S40: 0 | T40: 14 | U40: =M40-N40-O40-P40-Q40-R40+S40+T40 -> 85.596 | X40: 0 | Y40: 25 | Z40: =Z39-Y40 -> 65 | AA40: =N40+O40+P40+Q40+R40+U40+X40+Y40 -> 116 | AB40: =IF(L40<0,L40*-1,0) -> 0 | AC40: =AA40+AB40 -> 116 | AD40: 0 | AE40: 63 | AF40: 25 | AG40: =AG39 -> 15580.89 | AH40: =T40+12.5+14.38+17.54 -> 58.42
A41: 30 | B41: 6870.04 | C41: 187910 | D41: =C41-C40 -> 795 | E41: =C41-152000 -> 35910 | F41: =D41/$D$2 -> 400.80665 | G41: 452 | H41: 5.3 | I41: =G41+H41 -> 457.3 | J41: =IF(L41>0,L41,0) -> 42.506655 | K41: =I41+J41 -> 499.80665 | L41: =F41-(I41-AA41) -> 42.506655 | M41: 59 | N41: 0 | O41: 0 | P41: 1.394 | Q41: 4.01 | R41: 0 | S41: 0 | T41: 14 | U41: =M41-N41-O41-P41-Q41-R41+S41+T41 -> 67.596 | X41: 0 | Y41: 26 | Z41: =Z40-Y41 -> 39 | AA41: =N41+O41+P41+Q41+R41+U41+X41+Y41 -> 99 | AB41: =IF(L41<0,L41*-1,0) -> 0 | AC41: =AA41+AB41 -> 99 | AD41: 0 | AE41: 67 | AF41: 27 | AG41: =AG40 -> 15580.89 | AH41: =T41+13+15+17.54 -> 59.54
A42: 31 | B42: 6870.39 | C42: 188849 | D42: =C42-C41 -> 939 | E42: =C42-152000 -> 36849 | F42: =D42/$D$2 -> 473.4056 | G42: 501 | H42: 5 | I42: =G42+H42 -> 506 | J42: =IF(L42>0,L42,0) -> 84.405596 | K42: =I42+J42 -> 590.4056 | L42: =F42-(I42-AA42) -> 84.405596 | M42: 78 | N42: 0 | O42: =8.3*1.05 -> 8.715 | P42: 1.394 | Q42: 4.01 | R42: 0 | S42: 0 | T42: 13 | U42: =M42-N42-O42-P42-Q42-R42+S42+T42 -> 76.881 | X42: 0 | Y42: 26 | Z42: =Z41-Y42 -> 13 | AA42: =N42+O42+P42+Q42+R42+U42+X42+Y42 -> 117 | AB42: =IF(L42<0,L42*-1,0) -> 0 | AC42: =AA42+AB42 -> 117 | AD42: 0 | AE42: 69 | AF42: 33 | AG42: =AG41 -> 15580.89 | AH42: =T42+13+15+17.54 -> 58.54
A44: MONTH / CFS | F44: =SUM(F12:F42) -> 9704.0585 | G44: =SUM(G12:G42) -> 8622 | H44: =SUM(H12:H42) -> 273.7 | I44: =SUM(I12:I42) -> 8895.7 | J44: =SUM(J12:J42) -> 3777.7448 | K44: =SUM(K12:K42) -> 12673.445 | L44: =SUM(L12:L42) -> 3759.3585 | M44: =SUM(M12:M42) -> 389.8 | ... U44: =SUM(U12:U42) -> 1991.837 | Y44: =SUM(Y12:Y42) -> 799 | AA44: =SUM(AA12:AA42) -> 2951 | AB44: =SUM(AB12:AB42) -> 18.386287 | AC44: =SUM(AC12:AC42) -> 2969.3863 | AD44: =SUM(AD12:AD42) -> 0.33 | AE44: =AVERAGE(AE12:AE42) -> 58.483871 | AF44: =AVERAGE(AF12:AF42) -> 28.903226 | AG44: AVE | AH44: =SUM(AH12:AH42) -> 176.5
A45: MONTH / AF | D45: =SUM(D12:D42) -> 19248 | F45: =F44*$D$2 -> 19248 | G45: =G44*$D$2 -> 17101.737 | H45: =H44*$D$2 -> 542.88395 | I45: =I44*$D$2 -> 17644.621 | J45: =J44*$D$2 -> 7493.1568 | K45: =K44*$D$2 -> 25137.778 | L45: =L44*$D$2 -> 7456.6875 | M45: =M44*$D$2 -> 773.1683 | ... U45: =U44*$D$2 -> 3950.8087 | Y45: =Y44*$D$2 -> 1584.8165 | AA45: =AA44*$D$2 -> 5853.3085 | AB45: =AB44*$D$2 -> 36.4692 | AC45: =AC44*$D$2 -> 5889.7777 | AE45: =MAX(AE12:AE42) -> 75 | AF45: =MAX(AF12:AF42) -> 40 | AG45: HI | AH45: =AH44*$D$2 -> 350.08775
A47: SEASON / CFS | O47: =O44 -> 8.715 | U47: 31.9 | AE47: =MIN(AE12:AE42) -> 38 | AF47: =MIN(AF12:AF42) -> 10 | AG47: LO
A48: SEASON / AF | O48: =O47*D2 -> 17.286203 | U48: =U47*D2 -> 63.27365
A50: YTD / CFS | F50: =F10+F44 -> 7514.9987 | G50: =G10+G44 -> 14128 | H50: =H10+H44 -> 303.6 | I50: =I10+I44 -> 14431.6 | J50: =J10+J44 -> 5637.6031 | K50: =K10+K44 -> 20069.203 | L50: =L10+L44 -> 5412.8537 | M50: =M10+M44 -> 975.4 | ... U50: =U10+U44 -> 8471.9775 | Y50: =Y10+Y44 -> 3206 | Z50: =Z42 -> 13 | AA50: =AA10+AA44 -> 12329.455 | AB50: =AB10+AB44 -> 224.74941 | AC50: =AC10+AC44 -> 12554.204 | AD50: =AD10+AD44 -> 6.76 | AH50: =AH10+AH44 -> 176.5
A51: YTD / AF | D51: =D10+D45 -> 14906 | E51: =E42 -> 36849 | F51: =F50*$D$2 -> 14906 | G51: =G50*$D$2 -> 28022.888 | H51: =H50*$D$2 -> 602.1906 | I51: =I50*$D$2 -> 28625.079 | J51: =J50*$D$2 -> 11182.186 | K51: =K50*$D$2 -> 39807.264 | L51: =L50*$D$2 -> 10736.395 | M51: =M50*$D$2 -> 1934.7059 | ... U51: =U50*$D$2 -> 16804.167 | Y51: =Y50*$D$2 -> 6359.101 | Z51: =Z50*$D$2 -> 25.7855 | AA51: =AA50*$D$2 -> 24455.474 | AB51: =AB50*$D$2 -> 445.79045 | AC51: =AC50*$D$2 -> 24901.264 | AG51: =AG42 -> 15580.89 | AH51: =AH50*$D$2 -> 350.08775

Sheet APR
K1: MCPHEE RESERVOIR INFLOW/OUTFLOW TABULATION
A2: AF/cfs CONVERT FACTOR | D2: 1.9835 | K2: APRIL "2004"
D4: RESERVOIR | U4: INFLOW/OUTFLOW (CFS) | AE4: WEATHER | AI4: ADJUSTMENTS
A5: DATE | B5: RESERV | C5: RESERV | D5: AC FT | E5: ACTIVE | F5: CONV TO | G5: DOLORES | H5: LOST | I5: RECORD | J5: CALC | K5: TOTAL | L5: CALC | M5: DOLORES TUNNEL | S5: LONE | T5: U | U5: TOTAL | V5: MVI | W5: MVI | X5: DV CR | Y5: BELOW | Z5: FISH | AA5: RECORD | AB5: CALC | AC5: TOTAL | AD5: RAIN | AE5: MAX | AF5: MIN | AG5: NAR | AH5: MVI | AI5: MVI | AJ5: MVI | AK5: U/S
A6: APR | B6: ELEV | C6: AC FT | D6: CHANGE | E6: CAP | F6: CFS | G6: RIVER | H6: CAN | I6: INFLOW | J6: INFLOW | K6: INFLOW | L6: INF/OTF | M6: TOT DIV | N6: WET | O6: UTE | P6: MWC | Q6: CTZ | R6: CTZ & | S6: PINE | T6: LAT | U6: MVI | V6: CALL + | W6: PROJ | X6: CANAL | Y6: MCP | Z6: LEFT | AA6: OTF | AB6: OTF | AC6: OTF | AE6: TMP | AF6: TMP | AG6: CALL | AH6: STOCK | AI6: STORED | AJ6: STORED | AK6: USERS
E7: AC FT | N7: LAND | O7: F&R | R7: UTE | V7: TO EX | AG7: AC FT | AH7: CFS | AI7: Apr - Jun | AJ7: EVAP | AK7: EXCH
N8: 800 | O8: 24497 | R8: PROJ | W8: 12412 | X8: 56141 | Z8: 31131 | AJ8: AC.FT.
A9: SEASON BAL | O9: =MAR!O47 -> 8.715 | U9: =MAR!U47 -> 31.9
A10: YTD | B10: =MAR!B42 -> 6870.39 | C10: =MAR!C42 -> 188849 | D10: =MAR!D51 -> 14906 | E10: =MAR!E51 -> 36849 | F10: =MAR!F50 -> 7514.9987 | G10: =MAR!G50 -> 14128 | H10: =MAR!H50 -> 303.6 | I10: =MAR!I50 -> 14431.6 | J10: =MAR!J50 -> 5637.6031 | K10: =MAR!K50 -> 20069.203 | L10: =MAR!L50 -> 5412.8537 | M10: =MAR!M50 -> 975.4 | ... U10: =MAR!U50 -> 8471.9775 | X10: =MAR!X50 -> 0 | Y10: =MAR!Y50 -> 3206 | Z10: =Z8/D2 -> 15694.984 | AA10: =MAR!AA50 -> 12329.455 | AB10: =MAR!AB50 -> 224.74941 | AC10: =MAR!AC50 -> 12554.204 | AD10: =MAR!AD50 -> 6.76 | AG10: =MAR!AG51 -> 15580.89 | AH10: =MAR!AH50 -> 176.5
A12: 1 | B12: 6870.87 | C12: 190136 | D12: =C12-C10 -> 1287 | E12: =C12-152000 -> 38136 | F12: =D12/$D$2 -> 648.85304 | G12: 602 | H12: 5.5 | I12: =G12+H12 -> 607.5 | J12: =IF(L12>0,L12,0) -> 152.35304 | K12: =I12+J12 -> 759.85304 | L12: =F12-(I12-AA12) -> 152.35304 | M12: 37 | N12: 0 | O12: =10.72*1.05 -> 11.256 | P12: 1.43 | Q12: 3.74 | R12: 0 | S12: 42 | T12: 10 | U12: =M12-N12-O12-P12-Q12-R12+S12+T12 -> 72.574 | V12: =V9+AI12-(AJ12/1.9835) -> 2247.5402 | Y12: 22 | Z12: =Z10-Y12 -> 15672.984 | AA12: =N12+O12+P12+Q12+R12+U12+X12+Y12 -> 111 | AB12: =IF(L12<0,L12*-1,0) -> 0 | AC12: =AA12+AB12 -> 111 | AD12: 0 | AE12: 67 | AF12: 37 | AG12: =AG10 -> 15580.89 | AH12: =S12+T12+10+6.5 -> 68.5 | AI12: =IF(I12>U12,I12-U12,I12-U12)+1714 -> 2248.926 | AJ12: =23.5*(AI12*1.9835)/E12 -> 2.7487807
A13: =A12+1 -> 2 | B13: 6871.39 | C13: 191544 | D13: =C13-C12 -> 1408 | E13: =C13-152000 -> 39544 | F13: =D13/$D$2 -> 709.85631 | G13: 648 | H13: 6.5 | I13: =G13+H13 -> 654.5 | J13: =IF(L13>0,L13,0) -> 162.35631 | K13: =I13+J13 -> 816.85631 | L13: =F13-(I13-AA13) -> 162.35631 | M13: 6 | N13: 0 | O13: 0 | P13: 1.43 | Q13: 3.67 | R13: 0 | S13: 80 | T13: 0 | U13: =M13-N13-O13-P13-Q13-R13+S13+T13 -> 80.9 | V13: =V12+AI13-(AJ13/1.9835) -> 2819.4636 | Y13: 21 | Z13: =Z12-Y13 -> 15651.984 | AA13: =N13+O13+P13+Q13+R13+U13+X13+Y13 -> 107 | AB13: =IF(L13<0,L13*-1,0) -> 0 | AC13: =AA13+AB13 -> 107 | AD13: 0.61 | AE13: 66 | AF13: 34 | AG13: =AG12 -> 15580.89 | AH13: =S13 -> 80 | AI13: =IF(I13>U13,I13-U13,I13-U13) -> 573.6 | AJ13: =23.5*(V12*1.9835+AI13*1.9835)/E13 -> 3.3254019
A14: =A13+1 -> 3 | B14: 6872.1 | C14: 193476 | D14: =C14-C13 -> 1932 | E14: =C14-152000 -> 41476 | F14: =D14/$D$2 -> 974.0358 | G14: 740 | H14: 15 | I14: =G14+H14 -> 755 | J14: =IF(L14>0,L14,0) -> 327.0358 | K14: =I14+J14 -> 1082.0358 | L14: =F14-(I14-AA14) -> 327.0358 | M14: 6 | N14: 0 | O14: =1.13*1.05 -> 1.1865 | P14: 1.43 | Q14: 3.66 | R14: 0 | S14: 81 | T14: 0 | U14: =M14-N14-O14-P14-Q14-R14+S14+T14 -> 80.7235 | V14: =V13+AI14-(AJ14/1.9835) -> 3491.7606 | Y14: 21 | Z14: =Z13-Y14 -> 15630.984 | AA14: =N14+O14+P14+Q14+R14+U14+X14+Y14 -> 108 | AB14: =IF(L14<0,L14*-1,0) -> 0 | AC14: =AA14+AB14 -> 108 | AD14: 0.62 | AE14: 44 | AF14: 32 | AG14: =AG13+59.7*1.9835 -> 15699.305 | AH14: 21.51 | AI14: =IF(I14>U14,I14-U14,I14-U14) -> 674.2765 | AJ14: =23.5*(V13*1.9835+AI14*1.9835)/E14 -> 3.9263933
A15: =A14+1 -> 4 | B15: 6872.79 | C15: 195375 | D15: =C15-C14 -> 1899 | E15: =C15-152000 -> 43375 | F15: =D15/$D$2 -> 957.39854 | G15: 679 | H15: 41 | I15: =G15+H15 -> 720 | J15: =IF(L15>0,L15,0) -> 345.49854 | K15: =I15+J15 -> 1065.4985 | L15: =F15-(I15-AA15) -> 345.49854 | M15: 6.1 | N15: 0 | O15: =2.3*1.05 -> 2.415 | P15: 1.43 | Q15: 3.55 | R15: 0 | S15: 82 | T15: 0 | U15: =M15-N15-O15-P15-Q15-R15+S15+T15 -> 80.705 | V15: =V14+AI15-(AJ15/1.9835) -> 4128.8175 | Y15: 20 | Z15: =Z14-Y15 -> 15610.984 | AA15: =N15+O15+P15+Q15+R15+U15+X15+Y15 -> 108.1 | AB15: =IF(L15<0,L15*-1,0) -> 0 | AC15: =AA15+AB15 -> 108.1 | AD15: 0.61 | AE15: 50 | AF15: 34 | AG15: =AG14+S15*1.9835 -> 15861.952 | AI15: =IF(I15>U15,I15-U15,I15-U15) -> 639.295 | AJ15: =23.5*(V14*1.9835+AI15*1.9835)/E15 -> 4.4393728
A16: =A15+1 -> 5 | B16: 6873.68 | C16: 197848 | D16: =C16-C15 -> 2473 | E16: =C16-152000 -> 45848 | F16: =D16/$D$2 -> 1246.786 | G16: 723 | H16: 66 | I16: =G16+H16 -> 789 | J16: =IF(L16>0,L16,0) -> 569.08598 | K16: =I16+J16 -> 1358.086 | L16: =F16-(I16-AA16) -> 569.08598 | M16: 6.3 | N16: 0 | O16: =7.05*1.05 -> 7.4025 | P16: 1.43 | Q16: 2.95 | R16: 0 | S16: 84 | T16: 0 | U16: =M16-N16-O16-P16-Q16-R16+S16+T16 -> 78.5175 | V16: =V15+AI16-(AJ16/1.9835) -> 4836.8195 | Y16: 21 | Z16: =Z15-Y16 -> 15589.984 | AA16: =N16+O16+P16+Q16+R16+U16+X16+Y16 -> 111.3 | AB16: =IF(L16<0,L16*-1,0) -> 0 | AC16: =AA16+AB16 -> 111.3 | AD16: 0.2 | AE16: 51 | AF16: 33 | AG16: =AG15+S16*1.9835 -> 16028.566 | AI16: =IF(I16>U16,I16-U16,I16-U16) -> 710.4825 | AJ16: =23.5*(V15*1.9835+AI16*1.9835)/E16 -> 4.9199673
A17: =A16+1 -> 6 | B17: 6874.47 | C17: 200065 | D17: =C17-C16 -> 2217 | E17: =C17-152000 -> 48065 | F17: =D17/$D$2 -> 1117.7212 | G17: 735 | H17: 62 | I17: =G17+H17 -> 797 | J17: =IF(L17>0,L17,0) -> 404.1212 | K17: =I17+J17 -> 1201.1212 | L17: =F17-(I17-AA17) -> 404.1212 | M17: 5.4 | N17: 0 | O17: =1.39*1.05 -> 1.4595 | P17: 1.43 | Q17: 2.34 | R17: 0 | S17: 57 | T17: 0 | U17: =M17-N17-O17-P17-Q17-R17+S17+T17 -> 57.1705 | V17: =V16+AI17-(AJ17/1.9835) -> 5573.9225 | Y17: 21 | Z17: =Z16-Y17 -> 15568.984 | AA17: =N17+O17+P17+Q17+R17+U17+X17+Y17 -> 83.4 | AB17: =IF(L17<0,L17*-1,0) -> 0 | AC17: =AA17+AB17 -> 83.4 | AD17: 0 | AE17: 57 | AF17: 32 | AG17: =AG16+S17*1.9835 -> 16141.626 | AI17: =IF(I17>U17,I17-U17,I17-U17) -> 739.8295 | AJ17: =23.5*(V16*1.9835+AI17*1.9835)/E17 -> 5.4080965
A18: =A17+1 -> 7 | B18: 6875.4 | C18: 202702 | D18: =C18-C17 -> 2637 | E18: =C18-152000 -> 50702 | F18: =D18/$D$2 -> 1329.4681 | G18: 862 | H18: 69 | I18: =G18+H18 -> 931 | J18: =IF(L18>0,L18,0) -> 424.86811 | K18: =I18+J18 -> 1355.8681 | L18: =F18-(I18-AA18) -> 424.86811 | M18: 5.4 | N18: 0 | O18: =0.77*1.05 -> 0.8085 | P18: 1.43 | Q18: 2.57 | R18: 0 | S18: 0 | T18: 0 | U18: =M18-N18-O18-P18-Q18-R18+S18+T18 -> 0.5915 | V18: =V17+AI18-(AJ18/1.9835) -> 6365.3793 | Y18: 21 | Z18: =Z17-Y18 -> 15547.984 | AA18: =N18+O18+P18+Q18+R18+U18+X18+Y18 -> 26.4 | AB18: =IF(L18<0,L18*-1,0) -> 0 | AC18: =AA18+AB18 -> 26.4 | AD18: 0.03 | AE18: 57 | AF18: 38 | AG18: 0 | AI18: =795-U18 -> 794.4085 | AJ18: =23.5*(V17*1.9835+AI18*1.9835)/E18 -> 5.8546455
A19: =A18+1 -> 8 | B19: 6876.2 | C19: 204993 | D19: =C19-C18 -> 2291 | E19: =C19-152000 -> 52993 | F19: =D19/$D$2 -> 1155.029 | G19: 839 | H19: 70 | I19: =G19+H19 -> 909 | J19: =IF(L19>0,L19,0) -> 295.02899 | K19: =I19+J19 -> 1204.029 | L19: =F19-(I19-AA19) -> 295.02899 | M19: 28 | N19: 0 | O19: =25.29*1.05 -> 26.5545 | P19: 1.43 | Q19: 2.57 | R19: 0 | S19: 0 | T19: 0 | U19: =M19-N19-O19-P19-Q19-R19+S19+T19 -> -2.5545 | V19: =V18+AI19-(AJ19/1.9835) -> 7157.204 | Y19: 21 | Z19: =Z18-Y19 -> 15526.984 | AA19: =N19+O19+P19+Q19+R19+U19+X19+Y19 -> 49 | AB19: =IF(L19<0,L19*-1,0) -> 0 | AC19: =AA19+AB19 -> 49 | AD19: 0.01 | AE19: 51 | AF19: 36 | AG19: =AG18 -> 0 | AI19: 795 | AJ19: =23.5*(V18*1.9835+AI19*1.9835)/E19 -> 6.2982166
A20: =A19+1 -> 9 | B20: 6876.95 | C20: 207159 | D20: =C20-C19 -> 2166 | E20: =C20-152000 -> 55159 | F20: =D20/$D$2 -> 1092.0091 | G20: 809 | H20: 63 | I20: =G20+H20 -> 872 | J20: =IF(L20>0,L20,0) -> 314.00907 | K20: =I20+J20 -> 1186.0091 | L20: =F20-(I20-AA20) -> 314.00907 | M20: 73 | N20: 0 | O20: =61.16*1.05 -> 64.218 | P20: 1.43 | Q20: 2.34 | R20: 0 | S20: 0 | T20: 0 | U20: =M20-N20-O20-P20-Q20-R20+S20+T20 -> 5.012 | V20: =V19+AI20-(AJ20/1.9835) -> 7943.8062 | Y20: 21 | Z20: =Z19-Y20 -> 15505.984 | AA20: =N20+O20+P20+Q20+R20+U20+X20+Y20 -> 94 | AB20: =IF(L20<0,L20*-1,0) -> 0 | AC20: =AA20+AB20 -> 94 | AD20: 0 | AE20: 57 | AF20: 39 | AG20: =AG19 -> 0 | AI20: =795-U20 -> 789.988 | AJ20: =23.5*(V19*1.9835+AI20*1.9835)/E20 -> 6.7157943
A21: =A20+1 -> 10 | B21: 6877.66 | C21: 209232 | D21: =C21-C20 -> 2073 | E21: =C21-152000 -> 57232 | F21: =D21/$D$2 -> 1045.1223 | G21: 761 | H21: 67 | I21: =G21+H21 -> 828 | J21: =IF(L21>0,L21,0) -> 336.12226 | K21: =I21+J21 -> 1164.1223 | L21: =F21-(I21-AA21) -> 336.12226 | M21: 98 | N21: 0 | O21: =83.04*1.05 -> 87.192 | P21: 1.43 | Q21: 2.79 | R21: 0 | S21: 0 | T21: 0 | U21: =M21-N21-O21-P21-Q21-R21+S21+T21 -> 6.588 | V21: =V20+AI21-(AJ21/1.9835) -> 8728.6326 | Y21: 21 | Z21: =Z20-Y21 -> 15484.984 | AA21: =N21+O21+P21+Q21+R21+U21+X21+Y21 -> 119 | AB21: =IF(L21<0,L21*-1,0) -> 0 | AC21: =AA21+AB21 -> 119 | AD21: 0 | AE21: 49 | AF21: 28 | AG21: =AG20 -> 0 | AI21: =795-U21 -> 788.412 | AJ21: =23.5*(V20*1.9835+AI21*1.9835)/E21 -> 7.1119013
A22: =A21+1 -> 11 | B22: 6878.16 | C22: 210697 | D22: =C22-C21 -> 1465 | E22: =C22-152000 -> 58697 | F22: =D22/$D$2 -> 738.5934 | G22: 648 | H22: 61 | I22: =G22+H22 -> 709 | J22: =IF(L22>0,L22,0) -> 145.5934 | K22: =I22+J22 -> 854.5934 | L22: =F22-(I22-AA22) -> 145.5934 | M22: 95 | N22: 0 | O22: =77.61*1.05 -> 81.4905 | P22: 1.43 | Q22: 2.59 | R22: 0 | S22: 0 | T22: 0 | U22: =M22-N22-O22-P22-Q22-R22+S22+T22 -> 9.4895 | V22: =V21+AI22-(AJ22/1.9835) -> 9424.3685 | Y22: 21 | Z22: =Z21-Y22 -> 15463.984 | AA22: =N22+O22+P22+Q22+R22+U22+X22+Y22 -> 116 | AB22: =IF(L22<0,L22*-1,0) -> 0 | AC22: =AA22+AB22 -> 116 | AD22: 0.03 | AE22: 50 | AF22: 31 | AG22: =AG21 -> 0 | AI22: =IF(I22>U22,I22-U22,I22-U22) -> 699.5105 | AJ22: =23.5*(V21*1.9835+AI22*1.9835)/E22 -> 7.487043
A23: =A22+1 -> 12 | B23: 6878.59 | C23: 211968 | D23: =C23-C22 -> 1271 | E23: =C23-152000 -> 59968 | F23: =D23/$D$2 -> 640.78649 | G23: 561 | H23: 56 | I23: =G23+H23 -> 617 | J23: =IF(L23>0,L23,0) -> 139.78649 | K23: =I23+J23 -> 756.78649 | L23: =F23-(I23-AA23) -> 139.78649 | M23: 95 | N23: 0 | O23: =82.15*1.05 -> 86.2575 | P23: 1.43 | Q23: 2.81 | R23: 0 | S23: 0 | T23: 0 | U23: =M23-N23-O23-P23-Q23-R23+S23+T23 -> 4.5025 | V23: =V22+AI23-(AJ23/1.9835) -> 10032.933 | Y23: 21 | Z23: =Z22-Y23 -> 15442.984 | AA23: =N23+O23+P23+Q23+R23+U23+X23+Y23 -> 116 | AB23: =IF(L23<0,L23*-1,0) -> 0 | AC23: =AA23+AB23 -> 116 | AD23: 0 | AE23: 58 | AF23: 28 | AG23: =AG22 -> 0 | AI23: =IF(I23>U23,I23-U23,I23-U23) -> 612.4975 | AJ23: =23.5*(V22*1.9835+AI23*1.9835)/E23 -> 7.8015092
A24: =A23+1 -> 13 | B24: 6878.94 | C24: 213001 | D24: =C24-C23 -> 1033 | E24: =C24-152000 -> 61001 | F24: =D24/$D$2 -> 520.79657 | G24: 537 | H24: 56 | I24: =G24+H24 -> 593 | J24: =IF(L24>0,L24,0) -> 44.796572 | K24: =I24+J24 -> 637.79657 | L24: =F24-(I24-AA24) -> 44.796572 | M24: 96 | N24: 0 | O24: =82.75*1.05 -> 86.8875 | P24: 1.43 | Q24: 2.27 | R24: 0 | S24: 0 | T24: 0 | U24: =M24-N24-O24-P24-Q24-R24+S24+T24 -> 5.4125 | V24: =V23+AI24-(AJ24/1.9835) -> 10616.429 | Y24: 21 | Z24: =Z23-Y24 -> 15421.984 | AA24: =N24+O24+P24+Q24+R24+U24+X24+Y24 -> 117 | AB24: =IF(L24<0,L24*-1,0) -> 0 | AC24: =AA24+AB24 -> 117 | AD24: 0 | AE24: 63 | AF24: 34 | AG24: =AG23 -> 0 | AI24: =IF(I24>U24,I24-U24,I24-U24) -> 587.5875 | AJ24: =23.5*(V23*1.9835+AI24*1.9835)/E24 -> 8.1153808
A25: =A24+1 -> 14 | B25: 6879.39 | C25: 214343 | D25: =C25-C24 -> 1342 | E25: =C25-152000 -> 62343 | F25: =D25/$D$2 -> 676.5818 | G25: 606 | H25: 56 | I25: =G25+H25 -> 662 | J25: =IF(L25>0,L25,0) -> 145.5818 | K25: =I25+J25 -> 807.5818 | L25: =F25-(I25-AA25) -> 145.5818 | M25: 110 | N25: 0 | O25: =85.82*1.05 -> 90.111 | P25: 1.43 | Q25: 2.59 | R25: 0 | S25: 0 | T25: 0 | U25: =M25-N25-O25-P25-Q25-R25+S25+T25 -> 15.869 | V25: =V24+AI25-(AJ25/1.9835) -> 11258.314 | Y25: 21 | Z25: =Z24-Y25 -> 15400.984 | AA25: =N25+O25+P25+Q25+R25+U25+X25+Y25 -> 131 | AB25: =IF(L25<0,L25*-1,0) -> 0 | AC25: =AA25+AB25 -> 131 | AD25: 0 | AE25: 65 | AF25: 39 | AG25: =AG24 -> 0 | AI25: =IF(I25>U25,I25-U25,I25-U25) -> 646.131 | AJ25: =23.5*(V24*1.9835+AI25*1.9835)/E25 -> 8.4207249
A26: =A25+1 -> 15 | B26: 6879.79 | C26: 215538 | D26: =C26-C25 -> 1195 | E26: =C26-152000 -> 63538 | F26: =D26/$D$2 -> 602.47038 | G26: 624 | H26: 13 | I26: =G26+H26 -> 637 | J26: =IF(L26>0,L26,0) -> 102.47038 | K26: =I26+J26 -> 739.47038 | L26: =F26-(I26-AA26) -> 102.47038 | M26: 116 | N26: 0 | O26: =88.5*1.05 -> 92.925 | P26: 1.43 | Q26: 3.48 | R26: 0 | S26: 0 | T26: 0 | U26: =M26-N26-O26-P26-Q26-R26+S26+T26 -> 18.165 | V26: =V25+AI26-(AJ26/1.9835) -> 11872.757 | Y26: 21 | Z26: =Z25-Y26 -> 15379.984 | AA26: =N26+O26+P26+Q26+R26+U26+X26+Y26 -> 137 | AB26: =IF(L26<0,L26*-1,0) -> 0 | AC26: =AA26+AB26 -> 137 | AD26: 0 | AE26: 65 | AF26: 32 | AG26: =AG25 -> 0 | AI26: =IF(I26>U26,I26-U26,I26-U26) -> 618.835 | AJ26: =23.5*(V25*1.9835+AI26*1.9835)/E26 -> 8.7132214
A27: =A26+1 -> 16 | B27: 6880.26 | C27: 216951 | D27: =C27-C26 -> 1413 | E27: =C27-152000 -> 64951 | F27: =D27/$D$2 -> 712.37711 | G27: 702 | H27: 12 | I27: =G27+H27 -> 714 | J27: =IF(L27>0,L27,0) -> 129.37711 | K27: =I27+J27 -> 843.37711 | L27: =F27-(I27-AA27) -> 129.37711 | M27: 110 | N27: 0 | O27: =84.25*1.05 -> 88.4625 | P27: 1.43 | Q27: 3.78 | R27: 0 | S27: 0 | T27: 0 | U27: =M27-N27-O27-P27-Q27-R27+S27+T27 -> 16.3275 | V27: =V26+AI27-(AJ27/1.9835) -> 12565.881 | Y27: 21 | Z27: =Z26-Y27 -> 15358.984 | AA27: =N27+O27+P27+Q27+R27+U27+X27+Y27 -> 131 | AB27: =IF(L27<0,L27*-1,0) -> 0 | AC27: =AA27+AB27 -> 131 | AD27: 0 | AE27: 66 | AF27: 35 | AG27: =AG26 -> 0 | AI27: =IF(I27>U27,I27-U27,I27-U27) -> 697.6725 | AJ27: =23.5*(V26*1.9835+AI27*1.9835)/E27 -> 9.0212003
A28: =A27+1 -> 17 | B28: 6880.71 | C28: 218311 | D28: =C28-C27 -> 1360 | E28: =C28-152000 -> 66311 | F28: =D28/$D$2 -> 685.65667 | G28: 764 | H28: 13 | I28: =G28+H28 -> 777 | J28: =IF(L28>0,L28,0) -> 36.656668 | K28: =I28+J28 -> 813.65667 | L28: =F28-(I28-AA28) -> 36.656668 | M28: 107 | N28: 0 | O28: =84.04*1.05 -> 88.242 | P28: 1.43 | Q28: 3.54 | R28: 0 | S28: 0 | T28: 0 | U28: =M28-N28-O28-P28-Q28-R28+S28+T28 -> 13.788 | V28: =V27+AI28-(AJ28/1.9835) -> 13324.369 | Y28: 21 | Z28: =Z27-Y28 -> 15337.984 | AA28: =N28+O28+P28+Q28+R28+U28+X28+Y28 -> 128 | AB28: =IF(L28<0,L28*-1,0) -> 0 | AC28: =AA28+AB28 -> 128 | AD28: 0 | AE28: 67 | AF28: 38 | AG28: =AG27 -> 0 | AI28: =IF(I28>U28,I28-U28,I28-U28) -> 763.212 | AJ28: =23.5*(V27*1.9835+AI28*1.9835)/E28 -> 9.3694713
A29: =A28+1 -> 18 | B29: 6881.31 | C29: 220138 | D29: =C29-C28 -> 1827 | E29: =C29-152000 -> 68138 | F29: =D29/$D$2 -> 921.09907 | G29: 810 | H29: 15 | I29: =G29+H29 -> 825 | J29: =IF(L29>0,L29,0) -> 225.09907 | K29: =I29+J29 -> 1050.0991 | L29: =F29-(I29-AA29) -> 225.09907 | M29: 108 | N29: 0 | O29: =86.58*1.05 -> 90.909 | P29: 1.43 | Q29: 3.79 | R29: 0 | S29: 0 | T29: 0 | U29: =M29-N29-O29-P29-Q29-R29+S29+T29 -> 11.871 | V29: =V28+AI29-(AJ29/1.9835) -> 14102.633 | Y29: 21 | Z29: =Z28-Y29 -> 15316.984 | AA29: =N29+O29+P29+Q29+R29+U29+X29+Y29 -> 129 | AB29: =IF(L29<0,L29*-1,0) -> 0 | AC29: =AA29+AB29 -> 129 | AD29: 0.01 | AE29: 52 | AF29: 31 | AG29: =AG28 -> 0 | AI29: =795-U29 -> 783.129 | AJ29: =23.5*(V28*1.9835+AI29*1.9835)/E29 -> 9.6507417
A30: =A29+1 -> 19 | B30: 6881.74 | C30: 221456 | D30: =C30-C29 -> 1318 | E30: =C30-152000 -> 69456 | F30: =D30/$D$2 -> 664.48198 | G30: 737 | H30: 8.4 | I30: =G30+H30 -> 745.4 | J30: =IF(L30>0,L30,0) -> 39.081976 | K30: =I30+J30 -> 784.48198 | L30: =F30-(I30-AA30) -> 39.081976 | M30: 99 | N30: 0 | O30: =90.59*1.05 -> 95.1195 | P30: 1.43 | Q30: 3.54 | R30: 0 | S30: 0 | T30: 0 | U30: =M30-N30-O30-P30-Q30-R30+S30+T30 -> -1.0895 | V30: =V29+AI30-(AJ30/1.9835) -> 14810.29 | Y30: 21 | Z30: =Z29-Y30 -> 15295.984 | AA30: =N30+O30+P30+Q30+R30+U30+X30+Y30 -> 120 | AB30: =IF(L30<0,L30*-1,0) -> 0 | AC30: =AA30+AB30 -> 120 | AD30: 0 | AE30: 60 | AF30: 33 | AG30: =AG29 -> 0 | AI30: =716.8-4.13 -> 712.67 | AJ30: =23.5*(V29*1.9835+AI30*1.9835)/E30 -> 9.9426197
A31: =A30+1 -> 20 | B31: 6882.09 | C31: 222533 | D31: =C31-C30 -> 1077 | E31: =C31-152000 -> 70533 | F31: =D31/$D$2 -> 542.97958 | G31: 647 | H31: 6.9 | I31: =G31+H31 -> 653.9 | J31: =IF(L31>0,L31,0) -> 3.0795815 | K31: =I31+J31 -> 656.97958 | L31: =F31-(I31-AA31) -> 3.0795815 | M31: 93 | N31: 0 | O31: =88.09*1.05 -> 92.4945 | P31: 1.43 | Q31: 3.83 | R31: 0 | S31: 0 | T31: 0 | U31: =M31-N31-O31-P31-Q31-R31+S31+T31 -> -4.7545 | V31: =V30+AI31-(AJ31/1.9835) -> 15430.917 | Y31: 21 | Z31: =Z30-Y31 -> 15274.984 | AA31: =N31+O31+P31+Q31+R31+U31+X31+Y31 -> 114 | AB31: =IF(L31<0,L31*-1,0) -> 0 | AC31: =AA31+AB31 -> 114 | AD31: 0 | AE31: 60 | AF31: 29 | AG31: =AG30 -> 0 | AI31: =629.9-4.13 -> 625.77 | AJ31: =23.5*(V30*1.9835+AI31*1.9835)/E31 -> 10.201033
A32: =A31+1 -> 21 | B32: 6882.44 | C32: 223620 | D32: =C32-C31 -> 1087 | E32: =C32-152000 -> 71620 | F32: =D32/$D$2 -> 548.02117 | G32: 610 | H32: 5.4 | I32: =G32+H32 -> 615.4 | J32: =IF(L32>0,L32,0) -> 48.621175 | K32: =I32+J32 -> 664.02117 | L32: =F32-(I32-AA32) -> 48.621175 | M32: 95 | N32: 0 | O32: =84.59*1.05 -> 88.8195 | P32: 1.43 | Q32: 2.44 | R32: 0 | S32: 0 | T32: 0 | U32: =M32-N32-O32-P32-Q32-R32+S32+T32 -> 2.3105 | V32: =V31+AI32-(AJ32/1.9835) -> 16038.742 | Y32: 21 | Z32: =Z31-Y32 -> 15253.984 | AA32: =N32+O32+P32+Q32+R32+U32+X32+Y32 -> 116 | AB32: =IF(L32<0,L32*-1,0) -> 0 | AC32: =AA32+AB32 -> 116 | AD32: 0 | AE32: 55 | AF32: 30 | AG32: =AG31 -> 0 | AI32: =IF(I32>U32,I32-U32,I32-U32) -> 613.0895 | AJ32: =23.5*(V31*1.9835+AI32*1.9835)/E32 -> 10.441877
A33: =A32+1 -> 22 | B33: 6882.77 | C33: 224645 | D33: =C33-C32 -> 1025 | E33: =C33-152000 -> 72645 | F33: =D33/$D$2 -> 516.7633 | G33: 592 | H33: 4.7 | I33: =G33+H33 -> 596.7 | J33: =IF(L33>0,L33,0) -> 45.963297 | K33: =I33+J33 -> 642.6633 | L33: =F33-(I33-AA33) -> 45.963297 | M33: 97 | N33: 0 | O33: =83.01*1.05 -> 87.1605 | P33: 1.43 | Q33: 2.64 | R33: 0 | S33: 0 | T33: 0 | U33: =M33-N33-O33-P33-Q33-R33+S33+T33 -> 5.7695 | V33: =V32+AI33-(AJ33/1.9835) -> 16624.293 | X33: 7.9 | Y33: 21 | Z33: =Z32-Y33 -> 15232.984 | AA33: =N33+O33+P33+Q33+R33+U33+X33+Y33 -> 125.9 | AB33: =IF(L33<0,L33*-1,0) -> 0 | AC33: =AA33+AB33 -> 125.9 | AD33: 0.03 | AE33: 51 | AF33: 32 | AG33: =AG32 -> 0 | AI33: =IF(I33>U33,I33-U33,I33-U33) -> 590.9305 | AJ33: =23.5*(V32*1.9835+AI33*1.9835)/E33 -> 10.670335
A34: =A33+1 -> 23 | B34: 6883.17 | C34: 225894 | D34: =C34-C33 -> 1249 | E34: =C34-152000 -> 73894 | F34: =D34/$D$2 -> 629.69498 | G34: 548 | H34: 4.5 | I34: =G34+H34 -> 552.5 | J34: =IF(L34>0,L34,0) -> 145.19498 | K34: =I34+J34 -> 697.69498 | L34: =F34-(I34-AA34) -> 145.19498 | M34: 47 | N34: 0 | O34: =42.77*1.05 -> 44.9085 | P34: 1.43 | Q34: 2.43 | R34: 0 | S34: 0 | T34: 0 | U34: =M34-N34-O34-P34-Q34-R34+S34+T34 -> -1.7685 | V34: =V33+AI34-(AJ34/1.9835) -> 17173.099 | X34: 0 | Y34: 21 | Z34: =Z33-Y34 -> 15211.984 | AA34: =N34+O34+P34+Q34+R34+U34+X34+Y34 -> 68 | AB34: =IF(L34<0,L34*-1,0) -> 0 | AC34: =AA34+AB34 -> 68 | AD34: 0.01 | AE34: 49 | AF34: 32 | AG34: =AG33 -> 0 | AI34: =IF(I34>U34,I34-U34,I34-U34) -> 554.2685 | AJ34: =23.5*(V33*1.9835+AI34*1.9835)/E34 -> 10.836217
A35: =A34+1 -> 24 | B35: 6883.52 | C35: 226995 | D35: =C35-C34 -> 1101 | E35: =C35-152000 -> 74995 | F35: =D35/$D$2 -> 555.07941 | G35: 519 | H35: 4.1 | I35: =G35+H35 -> 523.1 | J35: =IF(L35>0,L35,0) -> 72.979405 | K35: =I35+J35 -> 596.07941 | L35: =F35-(I35-AA35) -> 72.979405 | M35: 20 | N35: 0 | O35: =11.67*1.05 -> 12.2535 | P35: 1.43 | Q35: 2.26 | R35: 0 | S35: 0 | T35: 0 | U35: =M35-N35-O35-P35-Q35-R35+S35+T35 -> 4.0565 | V35: =V34+AI35-(AJ35/1.9835) -> 17686.598 | X35: 0 | Y35: 21 | Z35: =Z34-Y35 -> 15190.984 | AA35: =N35+O35+P35+Q35+R35+U35+X35+Y35 -> 41 | AB35: =IF(L35<0,L35*-1,0) -> 0 | AC35: =AA35+AB35 -> 41 | AD35: 0 | AE35: 55 | AF35: 34 | AG35: =AG34 -> 0 | AI35: =IF(I35>U35,I35-U35,I35-U35) -> 519.0435 | AJ35: =23.5*(V34*1.9835+AI35*1.9835)/E35 -> 10.99634
A36: =A35+1 -> 25 | B36: 6883.84 | C36: 228001 | D36: =C36-C35 -> 1006 | E36: =C36-152000 -> 76001 | F36: =D36/$D$2 -> 507.18427 | G36: 500 | H36: 4 | I36: =G36+H36 -> 504 | J36: =IF(L36>0,L36,0) -> 52.88427 | K36: =I36+J36 -> 556.88427 | L36: =F36-(I36-AA36) -> 52.88427 | M36: 25 | N36: 0 | O36: =11.25*1.05 -> 11.8125 | P36: 1.43 | Q36: 2.74 | R36: 0 | S36: 0 | T36: 3.7 | U36: =M36-N36-O36-P36-Q36-R36+S36+T36 -> 12.7175 | V36: =V35+AI36-(AJ36/1.9835) -> 18172.26 | X36: 0 | Y36: 21 | Z36: =Z35-Y36 -> 15169.984 | AA36: =N36+O36+P36+Q36+R36+U36+X36+Y36 -> 49.7 | AB36: =IF(L36<0,L36*-1,0) -> 0 | AC36: =AA36+AB36 -> 49.7 | AD36: 0 | AE36: 61 | AF36: 32 | AG36: =AG35 -> 0 | AI36: =IF(I36>U36,I36-U36,I36-U36) -> 491.2825 | AJ36: =23.5*(V35*1.9835+AI36*1.9835)/E36 -> 11.148694
A37: =A36+1 -> 26 | B37: 6884.07 | C37: 228728 | D37: =C37-C36 -> 727 | E37: =C37-152000 -> 76728 | F37: =D37/$D$2 -> 366.52382 | G37: 519 | H37: 3.7 | I37: =G37+H37 -> 522.7 | J37: =IF(L37>0,L37,0) -> 7.8238215 | K37: =I37+J37 -> 530.52382 | L37: =F37-(I37-AA37) -> 7.8238215 | M37: 104 | N37: 0 | O37: =53.02*1.05 -> 55.671 | P37: 1.43 | Q37: 3.52 | R37: 0 | S37: 0 | T37: 10 | U37: =M37-N37-O37-P37-Q37-R37+S37+T37 -> 53.379 | V37: =V36+AI37-(AJ37/1.9835) -> 18635.871 | X37: 29 | Y37: 21 | Z37: =Z36-Y37 -> 15148.984 | AA37: =N37+O37+P37+Q37+R37+U37+X37+Y37 -> 164 | AB37: =IF(L37<0,L37*-1,0) -> 0 | AC37: =AA37+AB37 -> 164 | AD37: 0 | AE37: 69 | AF37: 32 | AG37: =AG36 -> 0 | AI37: =IF(I37>U37,I37-U37,I37-U37) -> 469.321 | AJ37: =23.5*(V36*1.9835+AI37*1.9835)/E37 -> 11.324758
A38: =A37+1 -> 27 | B38: 6884.3 | C38: 229460 | D38: =C38-C37 -> 732 | E38: =C38-152000 -> 77460 | F38: =D38/$D$2 -> 369.04462 | G38: 671 | H38: 4.1 | I38: =G38+H38 -> 675.1 | J38: =IF(L38>0,L38,0) -> 0 | K38: =I38+J38 -> 675.1 | L38: =F38-(I38-AA38) -> -80.055382 | M38: 142 | N38: 0 | O38: =93.64*1.05 -> 98.322 | P38: 1.43 | Q38: 4.2 | R38: 1.06 | S38: 0 | T38: 16 | U38: =M38-N38-O38-P38-Q38-R38+S38+T38 -> 52.988 | V38: =V37+AI38-(AJ38/1.9835) -> 19252.141 | X38: 47 | Y38: 21 | Z38: =Z37-Y38 -> 15127.984 | AA38: =N38+O38+P38+Q38+R38+U38+X38+Y38 -> 226 | AB38: =IF(L38<0,L38*-1,0) -> 80.055382 | AC38: =AA38+AB38 -> 306.05538 | AD38: 0 | AE38: 70 | AF38: 38 | AG38: =AG37 -> 0 | AI38: =IF(I38>U38,I38-U38,I38-U38) -> 622.112 | AJ38: =23.5*(V37*1.9835+AI38*1.9835)/E38 -> 11.588664
A39: =A38+1 -> 28 | B39: 6884.7 | C39: 230734 | D39: =C39-C38 -> 1274 | E39: =C39-152000 -> 78734 | F39: =D39/$D$2 -> 642.29897 | G39: 870 | H39: 8.2 | I39: =G39+H39 -> 878.2 | J39: =IF(L39>0,L39,0) -> 7.0989665 | K39: =I39+J39 -> 885.29897 | L39: =F39-(I39-AA39) -> 7.0989665 | M39: 169 | N39: 0 | O39: =85.97*1.05 -> 90.2685 | P39: 1.43 | Q39: 4.2 | R39: 1.31 | S39: 0 | T39: 23 | U39: =M39-N39-O39-P39-Q39-R39+S39+T39 -> 94.7915 | V39: =V38+AI39-(AJ39/1.9835) -> 19946.394 | X39: 30 | Y39: 21 | Z39: =Z38-Y39 -> 15106.984 | AA39: =N39+O39+P39+Q39+R39+U39+X39+Y39 -> 243 | AB39: =IF(L39<0,L39*-1,0) -> 0 | AC39: =AA39+AB39 -> 243 | AD39: 0 | AE39: 71 | AF39: 39 | AG39: =AG38 -> 0 | AI39: =795-U39 -> 700.2085 | AJ39: =23.5*(V38*1.9835+AI39*1.9835)/E39 -> 11.812227
A40: =A39+1 -> 29 | B40: 6885.27 | C40: 232560 | D40: =C40-C39 -> 1826 | E40: =C40-152000 -> 80560 | F40: =D40/$D$2 -> 920.59491 | G40: 948 | H40: 9.1 | I40: =G40+H40 -> 957.1 | J40: =IF(L40>0,L40,0) -> 199.79491 | K40: =I40+J40 -> 1156.8949 | L40: =F40-(I40-AA40) -> 199.79491 | M40: 171 | N40: 0 | O40: =88.55*1.05 -> 92.9775 | P40: 1.43 | Q40: 4.2 | R40: 0.7 | S40: 0 | T40: 35 | U40: =M40-N40-O40-P40-Q40-R40+S40+T40 -> 106.6925 | V40: =V39+AI40-(AJ40/1.9835) -> 20628.682 | X40: 9.3 | Y40: 21 | Z40: =Z39-Y40 -> 15085.984 | AA40: =N40+O40+P40+Q40+R40+U40+X40+Y40 -> 236.3 | AB40: =IF(L40<0,L40*-1,0) -> 0 | AC40: =AA40+AB40 -> 236.3 | AD40: 0.31 | AE40: 60 | AF40: 32 | AG40: =AG39 -> 0 | AI40: =795-U40 -> 688.3075 | AJ40: =23.5*(V39*1.9835+AI40*1.9835)/E40 -> 11.939298
A41: 30 | B41: 6885.8 | C41: 234268 | D41: =C41-C40 -> 1708 | E41: =C41-152000 -> 82268 | F41: =D41/$D$2 -> 861.10411 | G41: 912 | H41: 7.7 | I41: =G41+H41 -> 919.7 | J41: =IF(L41>0,L41,0) -> 123.40411 | K41: =I41+J41 -> 1043.1041 | L41: =F41-(I41-AA41) -> 123.40411 | M41: 92 | N41: 0 | O41: =39.63*1.05 -> 41.6115 | P41: 1.43 | Q41: 3.55 | R41: 0 | S41: 0 | T41: 40 | U41: =M41-N41-O41-P41-Q41-R41+S41+T41 -> 85.4085 | V41: =V40+AI41-(AJ41/1.9835) -> 21332.179 | X41: 29 | Y41: 21 | Z41: =Z40-Y41 -> 15064.984 | AA41: =N41+O41+P41+Q41+R41+U41+X41+Y41 -> 182 | AB41: =IF(L41<0,L41*-1,0) -> 0 | AC41: =AA41+AB41 -> 182 | AD41: 0.18 | AE41: 49 | AF41: 31 | AG41: =AG40 -> 0 | AI41: =795-U41 -> 709.5915 | AJ41: =23.5*(V40*1.9835+AI41*1.9835)/E41 -> 12.090059
A43: MONTH / CFS | F43: =SUM(F12:F41) -> 22898.412 | G43: =SUM(G12:G41) -> 20723 | H43: =SUM(H12:H41) -> 817.8 | I43: =SUM(I12:I41) -> 21540.8 | J43: =SUM(J12:J41) -> 5045.7673 | K43: =SUM(K12:K41) -> 26586.567 | L43: =SUM(L12:L41) -> 4965.7119 | M43: =SUM(M12:M41) -> 2262.2 | ... U43: =SUM(U12:U41) -> 966.1535 | X43: =SUM(X12:X41) -> 152.2 | Y43: =SUM(Y12:Y41) -> 630 | AA43: =SUM(AA12:AA41) -> 3608.1 | AB43: =SUM(AB12:AB41) -> 80.055382 | AC43: =SUM(AC12:AC41) -> 3688.1554 | AD43: =SUM(AD12:AD41) -> 2.65 | AE43: =AVERAGE(AE12:AE41) -> 58.166667 | AF43: =AVERAGE(AF12:AF41) -> 33.5 | AG43: AVG | AH43: =SUM(AH12:AH41) -> 170.01
A44: MONTH / AF | D44: =SUM(D12:D41) -> 45419 | F44: =F43*$D$2 -> 45419 | G44: =G43*$D$2 -> 41104.071 | H44: =H43*$D$2 -> 1622.1063 | I44: =I43*$D$2 -> 42726.177 | J44: =J43*$D$2 -> 10008.279 | K44: =K43*$D$2 -> 52734.456 | L44: =L43*$D$2 -> 9849.4896 | M44: =M43*$D$2 -> 4487.0737 | ... U44: =U43*$D$2 -> 1916.3655 | X44: =X43*$D$2 -> 301.8887 | Y44: =Y43*$D$2 -> 1249.605 | AA44: =AA43*$D$2 -> 7156.6664 | AB44: =AB43*$D$2 -> 158.78985 | AC44: =AC43*$D$2 -> 7315.4562 | AE44: =MAX(AE12:AE41) -> 71 | AF44: =MAX(AF12:AF41) -> 39 | AG44: HI | AH44: =AH43*$D$2 -> 337.21483 | AJ44: =SUM(AJ12:AJ41) -> 252.31999
A46: SEASON / CFS | F46: =F43 -> 22898.412 | G46: =G43 -> 20723 | H46: =H43 -> 817.8 | I46: =I43 -> 21540.8 | J46: =J43 -> 5045.7673 | K46: =K43 -> 26586.567 | L46: =L43 -> 4965.7119 | M46: =M43 -> 2262.2 | N46: =N43 -> 0 | O46: =O9+O43 -> 1727.9115 | S46: =S43 -> 426 | T46: =T43 -> 137.7 | U46: =U9+U43 -> 998.0535 | V46: =V41 -> 21332.179 | X46: =X43 -> 152.2 | AA46: =AA43 -> 3608.1 | AB46: =AB43 -> 80.055382 | AC46: =AC43 -> 3688.1554 | AE46: =MIN(AE12:AE41) -> 44 | AF46: =MIN(AF12:AF41) -> 28 | AG46: LO
A47: SEASON / AF | F47: =F46*$D$2 -> 45419 | G47: =G46*$D$2 -> 41104.071 | H47: =H46*$D$2 -> 1622.1063 | I47: =I46*$D$2 -> 42726.177 | J47: =J46*$D$2 -> 10008.279 | K47: =K46*$D$2 -> 52734.456 | L47: =L46*$D$2 -> 9849.4896 | M47: =M46*$D$2 -> 4487.0737 | ... O47: =O46*$D$2 -> 3427.3125 | S47: =S46*$D$2 -> 844.971 | T47: =T46*$D$2 -> 273.12795 | U47: =U46*$D$2 -> 1979.6391 | V47: =V46*$D$2 -> 42312.376 | X47: =X46*$D$2 -> 301.8887 | AA47: =AA46*$D$2 -> 7156.6664 | AB47: =AB46*$D$2 -> 158.78985 | AC47: =AC46*$D$2 -> 7315.4562 | AJ47: =AJ44 -> 252.31999
A49: YTD / CFS | F49: =F10+F43 -> 30413.411 | G49: =G10+G43 -> 34851 | H49: =H10+H43 -> 1121.4 | I49: =I10+I43 -> 35972.4 | J49: =J10+J43 -> 10683.37 | K49: =K10+K43 -> 46655.77 | L49: =L10+L43 -> 10378.566 | M49: =M10+M43 -> 3237.6 | ... U49: =U10+U43 -> 9438.131 | X49: =X10+X43 -> 152.2 | Y49: =Y10+Y43 -> 3836 | Z49: =Z41 -> 15064.984 | AA49: =AA10+AA43 -> 15937.555 | AB49: =AB10+AB43 -> 304.80479 | AC49: =AC10+AC43 -> 16242.36 | AD49: =AD10+AD43 -> 9.41 | AH49: =AH10+AH43 -> 346.51
A50: YTD / AF | D50: =D10+D44 -> 60325 | E50: =E41 -> 82268 | F50: =F49*$D$2 -> 60325 | G50: =G49*$D$2 -> 69126.958 | H50: =H49*$D$2 -> 2224.2969 | I50: =I49*$D$2 -> 71351.255 | J50: =J49*$D$2 -> 21190.465 | K50: =K49*$D$2 -> 92541.721 | L50: =L49*$D$2 -> 20585.885 | M50: =M49*$D$2 -> 6421.7796 | ... U50: =U49*$D$2 -> 18720.533 | X50: =X49*$D$2 -> 301.8887 | Y50: =Y49*$D$2 -> 7608.706 | Z50: =Z49*$D$2 -> 29881.395 | AA50: =AA49*$D$2 -> 31612.14 | AB50: =AB49*$D$2 -> 604.5803 | AC50: =AC49*$D$2 -> 32216.721 | AG50: =AG41 -> 0 | AH50: =AH49*$D$2 -> 687.30259 | AJ50: =AJ44 -> 252.31999

Sheet MAY
K1: MCPHEE RESERVOIR INFLOW/OUTFLOW TABULATION
A2: AF/cfs CONVERT FACTOR | D2: 1.9835 | K2: MAY "2004"
D4: RESERVOIR | S4: INFLOW/OUTFLOW (CFS) | AE4: WEATHER | AI4: ADJUSTMENTS
A5: DATE | B5: RESERV | C5: RESERV | D5: AC FT | E5: ACTIVE | F5: CONV TO | G5: DOLORES | H5: LOST | I5: RECORD | J5: CALC | K5: TOTAL | L5: CALC | M5: DOLORES TUNNEL | S5: LONE | T5: U | U5: TOTAL | V5: MVI | W5: MVI | X5: DV CR | Y5: BELOW | Z5: FISH | AA5: RECORD | AB5: CALC | AC5: TOTAL | AD5: RAIN | AE5: MAX | AF5: MIN | AG5: NAR | AH5: MVI | AI5: MVI | AJ5: MVI | AK5: U/S
A6: MAY | B6: ELEV | C6: AC FT | D6: CHANGE | E6: CAP | F6: CFS | G6: RIVER | H6: CAN | I6: INFLOW | J6: INFLOW | K6: INFLOW | L6: INF/OTF | M6: TOT DIV | N6: WET | O6: UTE | P6: MWC | Q6: CTZ | R6: CTZ & | S6: PINE | T6: LAT | U6: MVI | V6: CALL + | W6: PROJ | X6: CANAL | Y6: MCP | Z6: LEFT | AA6: OTF | AB6: OTF | AC6: OTF | AE6: TMP | AF6: TMP | AG6: CALL | AH6: STOCK | AI6: STORED | AJ6: STORED | AK6: USERS
E7: AC FT | N7: LAND | O7: F&R | R7: UTE | V7: TO EX | AG7: AC FT | AH7: AC.FT. | AI7: Apr - Jun | AJ7: EVAP | AK7: EXCH
R8: PROJ | AJ8: AC.FT.
A9: SEASON BAL | F9: =APR!F46 -> 22898.412 | G9: =APR!G46 -> 20723 | H9: =APR!H46 -> 817.8 | I9: =APR!I46 -> 21540.8 | J9: =APR!J46 -> 5045.7673 | K9: =APR!K46 -> 26586.567 | L9: =APR!L46 -> 4965.7119 | M9: =APR!M46 -> 2262.2 | ... O9: =APR!O46 -> 1727.9115 | S9: =APR!S46 -> 426 | T9: =APR!T46 -> 137.7 | U9: =APR!U46 -> 998.0535 | V9: =APR!V46 -> 21332.179 | X9: =APR!X46 -> 152.2 | AA9: =APR!AA46 -> 3608.1 | AB9: =APR!AB46 -> 80.055382 | AC9: =APR!AC46 -> 3688.1554 | AJ9: =APR!AJ47 -> 252.31999 | AK9: =APR!AK46 -> 0
A10: YTD | B10: =APR!B41 -> 6885.8 | C10: =APR!C41 -> 234268 | D10: =APR!D50 -> 60325 | E10: =APR!E50 -> 82268 | F10: =APR!F49 -> 30413.411 | G10: =APR!G49 -> 34851 | H10: =APR!H49 -> 1121.4 | I10: =APR!I49 -> 35972.4 | J10: =APR!J49 -> 10683.37 | K10: =APR!K49 -> 46655.77 | L10: =APR!L49 -> 10378.566 | M10: =APR!M49 -> 3237.6 | ... U10: =APR!U49 -> 9438.131 | X10: =APR!X49 -> 152.2 | Y10: =APR!Y49 -> 3836 | Z10: =APR!Z49 -> 15064.984 | AA10: =APR!AA49 -> 15937.555 | AB10: =APR!AB49 -> 304.80479 | AC10: =APR!AC49 -> 16242.36 | AD10: =APR!AD49 -> 9.41 | AG10: =APR!AG50 -> 0 | AH10: =APR!AH49 -> 346.51 | AJ10: =APR!AJ50 -> 252.31999 | AK10: =APR!AK49 -> 0
A12: 1 | B12: 6886.28 | C12: 235825 | D12: =C12-C10 -> 1557 | E12: =C12-152000 -> 83825 | F12: =D12/$D$2 -> 784.97605 | G12: 803 | H12: 6.7 | I12: =G12+H12 -> 809.7 | J12: =IF(L12>0,L12,0) -> 118.27605 | K12: =I12+J12 -> 927.97605 | L12: =F12-(I12-AA12) -> 118.27605 | M12: 81 | N12: 0 | O12: =11.82*1.05 -> 12.411 | P12: 2.03 | Q12: 3.25 | R12: 0 | S12: 0 | T12: 41 | U12: =M12-N12-O12-P12-Q12-R12+S12+T12 -> 104.309 | V12: =V9+AI12-(AJ12/1.9835) -> 22016.696 | X12: 0 | Y12: 21 | Z12: =Z10-Y12 -> 15043.984 | AA12: =N12+O12+P12+Q12+R12+U12+X12+Y12 -> 143 | AB12: =IF(L12<0,L12*-1,0) -> 0 | AC12: =AA12+AB12 -> 143 | AD12: 0 | AE12: 61 | AF12: 32 | AG12: =AG10 -> 0 | AI12: =795-U12 -> 690.691 | AJ12: =23.5*(V9*1.9835+AI12*1.9835)/E12 -> 12.246174
A13: =A12+1 -> 2 | B13: 6886.75 | C13: 237358 | D13: =C13-C12 -> 1533 | E13: =C13-152000 -> 85358 | F13: =D13/$D$2 -> 772.87623 | G13: 861 | H13: 14 | I13: =G13+H13 -> 875 | J13: =IF(L13>0,L13,0) -> 51.876229 | K13: =I13+J13 -> 926.87623 | L13: =F13-(I13-AA13) -> 51.876229 | M13: 88 | N13: 0 | O13: =10.46*1.05 -> 10.983 | P13: 2.03 | Q13: 3.73 | R13: 0 | S13: 0 | T13: 45 | U13: =M13-N13-O13-P13-Q13-R13+S13+T13 -> 116.257 | V13: =V12+AI13-(AJ13/1.9835) -> 22689.19 | X13: 0 | Y13: 21 | Z13: =Z12-Y13 -> 15022.984 | AA13: =N13+O13+P13+Q13+R13+U13+X13+Y13 -> 154 | AB13: =IF(L13<0,L13*-1,0) -> 0 | AC13: =AA13+AB13 -> 154 | AD13: 0 | AE13: 69 | AF13: 34 | AG13: =AG12 -> 0 | AI13: =795-U13 -> 678.743 | AJ13: =23.5*(V12*1.9835+AI13*1.9835)/E13 -> 12.393513
A14: =A13+1 -> 3 | B14: 6887.22 | C14: 238898 | D14: =C14-C13 -> 1540 | E14: =C14-152000 -> 86898 | F14: =D14/$D$2 -> 776.40534 | G14: 987 | H14: 71 | I14: =G14+H14 -> 1058 | J14: =IF(L14>0,L14,0) -> 0 | K14: =I14+J14 -> 1058 | L14: =F14-(I14-AA14) -> -13.594656 | M14: 169 | N14: 0 | O14: =62.07*1.05 -> 65.1735 | P14: 2.03 | Q14: 3.5 | R14: 0 | S14: 0 | T14: 46 | U14: =M14-N14-O14-P14-Q14-R14+S14+T14 -> 144.2965 | V14: =V13+AI14-(AJ14/1.9835) -> 23333.582 | X14: 32 | Y14: 21 | Z14: =Z13-Y14 -> 15001.984 | AA14: =N14+O14+P14+Q14+R14+U14+X14+Y14 -> 268 | AB14: =IF(L14<0,L14*-1,0) -> 13.594656 | AC14: =AA14+AB14 -> 281.59466 | AD14: 0 | AE14: 73 | AF14: 40 | AG14: =AG13 -> 0 | AI14: =795-U14 -> 650.7035 | AJ14: =23.5*(V13*1.9835+AI14*1.9835)/E14 -> 12.519563
A15: =A14+1 -> 4 | B15: 6887.98 | C15: 241403 | D15: =C15-C14 -> 2505 | E15: =C15-152000 -> 89403 | F15: =D15/$D$2 -> 1262.9191 | G15: 1340 | H15: 107 | I15: =G15+H15 -> 1447 | J15: =IF(L15>0,L15,0) -> 103.51908 | K15: =I15+J15 -> 1550.5191 | L15: =F15-(I15-AA15) -> 103.51908 | M15: 207 | N15: 0 | O15: =83.46*1.05 -> 87.633 | P15: 2.03 | Q15: 4.2 | R15: 0.85 | S15: 0 | T15: 52 | U15: =M15-N15-O15-P15-Q15-R15+S15+T15 -> 164.287 | V15: =V14+AI15-(AJ15/1.9835) -> 23957.996 | X15: 6.6 | Y15: 22 | Z15: =Z14-Y15 -> 14979.984 | AA15: =N15+O15+P15+Q15+R15+U15+X15+Y15 -> 287.6 | AB15: =IF(L15<0,L15*-1,0) -> 0 | AC15: =AA15+AB15 -> 287.6 | AD15: 0 | AE15: 77 | AF15: 43 | AG15: =AG14 -> 0 | AI15: =795-U15 -> 630.713 | AJ15: =23.5*(V14*1.9835+AI15*1.9835)/E15 -> 12.49432
A16: =A15+1 -> 5 | B16: 6888.86 | C16: 244335 | D16: =C16-C15 -> 2932 | E16: =C16-152000 -> 92335 | F16: =D16/$D$2 -> 1478.1951 | G16: 1550 | H16: 117 | I16: =G16+H16 -> 1667 | J16: =IF(L16>0,L16,0) -> 151.19511 | K16: =I16+J16 -> 1818.1951 | L16: =F16-(I16-AA16) -> 151.19511 | M16: 253 | N16: 0 | O16: =97.73*1.05 -> 102.6165 | P16: 2.03 | Q16: 4.2 | R16: 0.96 | S16: 0 | T16: 52 | U16: =M16-N16-O16-P16-Q16-R16+S16+T16 -> 195.1935 | V16: =V15+AI16-(AJ16/1.9835) -> 24551.552 | X16: 0 | Y16: 35 | Z16: =Z15-Y16 -> 14944.984 | AA16: =N16+O16+P16+Q16+R16+U16+X16+Y16 -> 340 | AB16: =IF(L16<0,L16*-1,0) -> 0 | AC16: =AA16+AB16 -> 340 | AD16: 0 | AE16: 77 | AF16: 43 | AG16: =AG15 -> 0 | AI16: =795-U16 -> 599.8065 | AJ16: =23.5*(V15*1.9835+AI16*1.9835)/E16 -> 12.397189
A17: =A16+1 -> 6 | B17: 6889.86 | C17: 247697 | D17: =C17-C16 -> 3362 | E17: =C17-152000 -> 95697 | F17: =D17/$D$2 -> 1694.9836 | G17: 1800 | H17: 120 | I17: =G17+H17 -> 1920 | J17: =IF(L17>0,L17,0) -> 124.48361 | K17: =I17+J17 -> 2044.4836 | L17: =F17-(I17-AA17) -> 124.48361 | M17: 229 | N17: 0 | O17: =86.78*1.05 -> 91.119 | P17: 2.03 | Q17: 4.2 | R17: 0.96 | S17: 18 | T17: 55 | U17: =M17-N17-O17-P17-Q17-R17+S17+T17 -> 203.691 | V17: =V16+AI17-(AJ17/1.9835) -> 25136.687 | X17: 1.5 | Y17: 46 | Z17: =Z16-Y17 -> 14898.984 | AA17: =N17+O17+P17+Q17+R17+U17+X17+Y17 -> 349.5 | AB17: =IF(L17<0,L17*-1,0) -> 0 | AC17: =AA17+AB17 -> 349.5 | AD17: 0 | AE17: 75 | AF17: 42 | AG17: =AG16 -> 0 | AI17: =795-U17 -> 591.309 | AJ17: =23.5*(V16*1.9835+AI17*1.9835)/E17 -> 12.246626
A18: =A17+1 -> 7 | B18: 6891.03 | C18: 251672 | D18: =C18-C17 -> 3975 | E18: =C18-152000 -> 99672 | F18: =D18/$D$2 -> 2004.0333 | G18: 2130 | H18: 124 | I18: =G18+H18 -> 2254 | J18: =IF(L18>0,L18,0) -> 171.03327 | K18: =I18+J18 -> 2425.0333 | L18: =F18-(I18-AA18) -> 171.03327 | M18: 242 | N18: 0 | O18: =74.39*1.05 -> 78.1095 | P18: 2.03 | Q18: 4.2 | R18: 1.37 | S18: 30 | T18: 57 | U18: =M18-N18-O18-P18-Q18-R18+S18+T18 -> 243.2905 | V18: =V17+AI18-(AJ18/1.9835) -> 25682.34 | X18: 48 | Y18: 44 | Z18: =Z17-Y18 -> 14854.984 | AA18: =N18+O18+P18+Q18+R18+U18+X18+Y18 -> 421 | AB18: =IF(L18<0,L18*-1,0) -> 0 | AC18: =AA18+AB18 -> 421 | AD18: 0 | AE18: 73 | AF18: 42 | AG18: =AG17 -> 0 | AI18: =795-U18 -> 551.7095 | AJ18: =23.5*(V17*1.9835+AI18*1.9835)/E18 -> 12.013343
A19: =A18+1 -> 8 | B19: 6892.26 | C19: 255904 | D19: =C19-C18 -> 4232 | E19: =C19-152000 -> 103904 | F19: =D19/$D$2 -> 2133.6022 | G19: 2280 | H19: 121 | I19: =G19+H19 -> 2401 | J19: =IF(L19>0,L19,0) -> 181.60222 | K19: =I19+J19 -> 2582.6022 | L19: =F19-(I19-AA19) -> 181.60222 | M19: 266 | N19: 0 | O19: =66.68*1.05 -> 70.014 | P19: 2.03 | Q19: 4.2 | R19: 2.63 | S19: 31 | T19: 60 | U19: =M19-N19-O19-P19-Q19-R19+S19+T19 -> 278.126 | V19: =V18+AI19-(AJ19/1.9835) -> 26193.288 | X19: 48 | Y19: 44 | Z19: =Z18-Y19 -> 14810.984 | AA19: =N19+O19+P19+Q19+R19+U19+X19+Y19 -> 449 | AB19: =IF(L19<0,L19*-1,0) -> 0 | AC19: =AA19+AB19 -> 449 | AD19: 0 | AE19: 75 | AF19: 46 | AG19: =AG18 -> 0 | AI19: =795-U19 -> 516.874 | AJ19: =23.5*(V18*1.9835+AI19*1.9835)/E19 -> 11.753198
A20: =A19+1 -> 9 | B20: 6893.52 | C20: 260288 | D20: =C20-C19 -> 4384 | E20: =C20-152000 -> 108288 | F20: =D20/$D$2 -> 2210.2344 | G20: 2410 | H20: 115 | I20: =G20+H20 -> 2525 | J20: =IF(L20>0,L20,0) -> 110.23443 | K20: =I20+J20 -> 2635.2344 | L20: =F20-(I20-AA20) -> 110.23443 | M20: 239 | N20: 0 | O20: =55.97*1.05 -> 58.7685 | P20: 2.03 | Q20: 4.2 | R20: 2.4 | S20: 31 | T20: 62 | U20: =M20-N20-O20-P20-Q20-R20+S20+T20 -> 264.6015 | V20: =V19+AI20-(AJ20/1.9835) -> 26717.887 | X20: 49 | Y20: 44 | Z20: =Z19-Y20 -> 14766.984 | AA20: =N20+O20+P20+Q20+R20+U20+X20+Y20 -> 425 | AB20: =IF(L20<0,L20*-1,0) -> 0 | AC20: =AA20+AB20 -> 425 | AD20: 0 | AE20: 75 | AF20: 44 | AG20: =AG19 -> 0 | AI20: =795-U20 -> 530.3985 | AJ20: =23.5*(V19*1.9835+AI20*1.9835)/E20 -> 11.503132
A21: =A20+1 -> 10 | B21: 6894.74 | C21: 264578 | D21: =C21-C20 -> 4290 | E21: =C21-152000 -> 112578 | F21: =D21/$D$2 -> 2162.8435 | G21: 2430 | H21: 90 | I21: =G21+H21 -> 2520 | J21: =IF(L21>0,L21,0) -> 96.843459 | K21: =I21+J21 -> 2616.8435 | L21: =F21-(I21-AA21) -> 96.843459 | M21: 254 | N21: 0 | O21: =69.73*1.05 -> 73.2165 | P21: 2.03 | Q21: 4.2 | R21: 2.73 | S21: 32 | T21: 66 | U21: =M21-N21-O21-P21-Q21-R21+S21+T21 -> 269.8235 | V21: =V20+AI21-(AJ21/1.9835) -> 27237.377 | X21: 58 | Y21: 44 | Z21: =Z20-Y21 -> 14722.984 | AA21: =N21+O21+P21+Q21+R21+U21+X21+Y21 -> 454 | AB21: =IF(L21<0,L21*-1,0) -> 0 | AC21: =AA21+AB21 -> 454 | AD21: 0 | AE21: 77 | AF21: 44 | AG21: =AG20 -> 0 | AI21: =795-U21 -> 525.1765 | AJ21: =23.5*(V20*1.9835+AI21*1.9835)/E21 -> 11.279828
A22: =A21+1 -> 11 | B22: 6895.94 | C22: 268841 | D22: =C22-C21 -> 4263 | E22: =C22-152000 -> 116841 | F22: =D22/$D$2 -> 2149.2312 | G22: 2400 | H22: 44 | I22: =G22+H22 -> 2444 | J22: =IF(L22>0,L22,0) -> 190.23116 | K22: =I22+J22 -> 2634.2312 | L22: =F22-(I22-AA22) -> 190.23116 | M22: 294 | N22: 0 | O22: =88.67*1.05 -> 93.1035 | P22: 2.03 | Q22: 3.74 | R22: 0 | S22: 46 | T22: 52 | U22: =M22-N22-O22-P22-Q22-R22+S22+T22 -> 293.1265 | V22: =V21+AI22-(AJ22/1.9835) -> 27733.671 | X22: 50 | Y22: 43 | Z22: =Z21-Y22 -> 14679.984 | AA22: =N22+O22+P22+Q22+R22+U22+X22+Y22 -> 485 | AB22: =IF(L22<0,L22*-1,0) -> 0 | AC22: =AA22+AB22 -> 485 | AD22: 0 | AE22: 69 | AF22: 37 | AG22: =AG21 -> 0 | AI22: =795-U22 -> 501.8735 | AJ22: =23.5*(V21*1.9835+AI22*1.9835)/E22 -> 11.066226
A23: =A22+1 -> 12 | B23: 6896.9 | C23: 272284 | D23: =C23-C22 -> 3443 | E23: =C23-152000 -> 120284 | F23: =D23/$D$2 -> 1735.8205 | G23: 1950 | H23: 27 | I23: =G23+H23 -> 1977 | J23: =IF(L23>0,L23,0) -> 207.82052 | K23: =I23+J23 -> 2184.8205 | L23: =F23-(I23-AA23) -> 207.82052 | M23: 237 | N23: 0 | O23: =65.13*1.05 -> 68.3865 | P23: 2.03 | Q23: 4.2 | R23: 0.91 | S23: 53 | T23: 60 | U23: =M23-N23-O23-P23-Q23-R23+S23+T23 -> 274.4735 | V23: =V22+AI23-(AJ23/1.9835) -> 28248.678 | X23: 54 | Y23: 45 | Z23: =Z22-Y23 -> 14634.984 | AA23: =N23+O23+P23+Q23+R23+U23+X23+Y23 -> 449 | AB23: =IF(L23<0,L23*-1,0) -> 0 | AC23: =AA23+AB23 -> 449 | AD23: 0 | AE23: 62 | AF23: 36 | AG23: =AG22 -> 0 | AI23: =795-U23 -> 520.5265 | AJ23: =23.5*(V22*1.9835+AI23*1.9835)/E23 -> 10.949018
A24: =A23+1 -> 13 | B24: 6897.47 | C24: 274343 | D24: =C24-C23 -> 2059 | E24: =C24-152000 -> 122343 | F24: =D24/$D$2 -> 1038.064 | G24: 1440 | H24: 14 | I24: =G24+H24 -> 1454 | J24: =IF(L24>0,L24,0) -> 84.064028 | K24: =I24+J24 -> 1538.064 | L24: =F24-(I24-AA24) -> 84.064028 | M24: 263 | N24: 0 | O24: =73.15*1.05 -> 76.8075 | P24: 2.03 | Q24: 4.2 | R24: 2.38 | S24: 54 | T24: 55 | U24: =M24-N24-O24-P24-Q24-R24+S24+T24 -> 286.5825 | V24: =V23+AI24-(AJ24/1.9835) -> 28751.572 | X24: 84 | Y24: 44 | Z24: =Z23-Y24 -> 14590.984 | AA24: =N24+O24+P24+Q24+R24+U24+X24+Y24 -> 500 | AB24: =IF(L24<0,L24*-1,0) -> 0 | AC24: =AA24+AB24 -> 500 | AD24: 0 | AE24: 59 | AF24: 33 | AG24: =AG23 -> 0 | AI24: =795-U24 -> 508.4175 | AJ24: =23.5*(V23*1.9835+AI24*1.9835)/E24 -> 10.956352
A25: =A24+1 -> 14 | B25: 6897.83 | C25: 275646 | D25: =C25-C24 -> 1303 | E25: =C25-152000 -> 123646 | F25: =D25/$D$2 -> 656.91959 | G25: 1140 | H25: 4.2 | I25: =G25+H25 -> 1144.2 | J25: =IF(L25>0,L25,0) -> 36.719587 | K25: =I25+J25 -> 1180.9196 | L25: =F25-(I25-AA25) -> 36.719587 | M25: 264 | N25: 0 | O25: =74.73*1.05 -> 78.4665 | P25: 2.03 | Q25: 4.2 | R25: 1.18 | S25: 60 | T25: 61 | U25: =M25-N25-O25-P25-Q25-R25+S25+T25 -> 299.1235 | V25: =V24+AI25-(AJ25/1.9835) -> 29241.889 | X25: 95 | Y25: 44 | Z25: =Z24-Y25 -> 14546.984 | AA25: =N25+O25+P25+Q25+R25+U25+X25+Y25 -> 524 | AB25: =IF(L25<0,L25*-1,0) -> 0 | AC25: =AA25+AB25 -> 524 | AD25: 0 | AE25: 67 | AF25: 35 | AG25: =AG24 -> 0 | AI25: =795-U25 -> 495.8765 | AJ25: =23.5*(V24*1.9835+AI25*1.9835)/E25 -> 11.025746
A26: =A25+1 -> 15 | B26: 6898.17 | C26: 276880 | D26: =C26-C25 -> 1234 | E26: =C26-152000 -> 124880 | F26: =D26/$D$2 -> 622.13259 | G26: 1130 | H26: 2 | I26: =G26+H26 -> 1132 | J26: =IF(L26>0,L26,0) -> 66.132594 | K26: =I26+J26 -> 1198.1326 | L26: =F26-(I26-AA26) -> 66.132594 | M26: 253 | N26: 0 | O26: =55.74*1.05 -> 58.527 | P26: 2.03 | Q26: 4.2 | R26: 1.97 | S26: 75 | T26: 62 | U26: =M26-N26-O26-P26-Q26-R26+S26+T26 -> 323.273 | V26: =V25+AI26-(AJ26/1.9835) -> 29708.025 | X26: 142 | Y26: 44 | Z26: =Z25-Y26 -> 14502.984 | AA26: =N26+O26+P26+Q26+R26+U26+X26+Y26 -> 576 | AB26: =IF(L26<0,L26*-1,0) -> 0 | AC26: =AA26+AB26 -> 576 | AD26: 0 | AE26: 74 | AF26: 44 | AG26: =AG25 -> 0 | AI26: =795-U26 -> 471.727 | AJ26: =23.5*(V25*1.9835+AI26*1.9835)/E26 -> 11.090795
A27: =A26+1 -> 16 | B27: 6898.65 | C27: 278630 | D27: =C27-C26 -> 1750 | E27: =C27-152000 -> 126630 | F27: =D27/$D$2 -> 882.2788 | G27: 1380 | H27: 18 | I27: =G27+H27 -> 1398 | J27: =IF(L27>0,L27,0) -> 112.2788 | K27: =I27+J27 -> 1510.2788 | L27: =F27-(I27-AA27) -> 112.2788 | M27: 292 | N27: 0 | O27: =71.81*1.05 -> 75.4005 | P27: 2.03 | Q27: 4.2 | R27: 4.22 | S27: 82 | T27: 65 | U27: =M27-N27-O27-P27-Q27-R27+S27+T27 -> 353.1495 | V27: =V26+AI27-(AJ27/1.9835) -> 30144.28 | X27: 146 | Y27: 43 | Z27: =Z26-Y27 -> 14459.984 | AA27: =N27+O27+P27+Q27+R27+U27+X27+Y27 -> 628 | AB27: =IF(L27<0,L27*-1,0) -> 0 | AC27: =AA27+AB27 -> 628 | AD27: 0 | AE27: 74 | AF27: 44 | AG27: =AG26 -> 0 | AI27: =795-U27 -> 441.8505 | AJ27: =23.5*(V26*1.9835+AI27*1.9835)/E27 -> 11.098109
A28: =A27+1 -> 17 | B28: 6899.23 | C28: 280751 | D28: =C28-C27 -> 2121 | E28: =C28-152000 -> 128751 | F28: =D28/$D$2 -> 1069.3219 | G28: 1640 | H28: 23 | I28: =G28+H28 -> 1663 | J28: =IF(L28>0,L28,0) -> 86.321906 | K28: =I28+J28 -> 1749.3219 | L28: =F28-(I28-AA28) -> 86.321906 | M28: 310 | N28: 0 | O28: =91.24*1.05 -> 95.802 | P28: 2.03 | Q28: 4.2 | R28: 1.86 | S28: 82 | T28: 66 | U28: =M28-N28-O28-P28-Q28-R28+S28+T28 -> 354.108 | V28: =V27+AI28-(AJ28/1.9835) -> 30579.59 | X28: 178 | Y28: 44 | Z28: =Z27-Y28 -> 14415.984 | AA28: =N28+O28+P28+Q28+R28+U28+X28+Y28 -> 680 | AB28: =IF(L28<0,L28*-1,0) -> 0 | AC28: =AA28+AB28 -> 680 | AD28: 0 | AE28: 70 | AF28: 47 | AG28: =AG27 -> 0 | AI28: =795-U28 -> 440.892 | AJ28: =23.5*(V27*1.9835+AI28*1.9835)/E28 -> 11.072875
A29: =A28+1 -> 18 | B29: 6899.71 | C29: 282515 | D29: =C29-C28 -> 1764 | E29: =C29-152000 -> 130515 | F29: =D29/$D$2 -> 889.33703 | G29: 1550 | H29: 20 | I29: =G29+H29 -> 1570 | J29: =IF(L29>0,L29,0) -> 73.337031 | K29: =I29+J29 -> 1643.337 | L29: =F29-(I29-AA29) -> 73.337031 | M29: 345 | N29: 0 | O29: =94.59*1.05 -> 99.3195 | P29: 2.03 | Q29: 4.2 | R29: 2.64 | S29: 82 | T29: 66 | U29: =M29-N29-O29-P29-Q29-R29+S29+T29 -> 384.8105 | V29: =V28+AI29-(AJ29/1.9835) -> 30984.199 | X29: 202 | Y29: 59 | Z29: =Z28-Y29 -> 14356.984 | AA29: =N29+O29+P29+Q29+R29+U29+X29+Y29 -> 754 | AB29: =IF(L29<0,L29*-1,0) -> 0 | AC29: =AA29+AB29 -> 754 | AD29: 0 | AE29: 76 | AF29: 44 | AG29: =AG28 -> 0 | AI29: =795-U29 -> 410.1895 | AJ29: =23.5*(V28*1.9835+AI29*1.9835)/E29 -> 11.067719
A30: =A29+1 -> 19 | B30: 6900.38 | C30: 284987 | D30: =C30-C29 -> 2472 | E30: =C30-152000 -> 132987 | F30: =D30/$D$2 -> 1246.2818 | G30: 1880 | H30: 19 | I30: =G30+H30 -> 1899 | J30: =IF(L30>0,L30,0) -> 74.281825 | K30: =I30+J30 -> 1973.2818 | L30: =F30-(I30-AA30) -> 74.281825 | M30: 312 | N30: 0 | O30: =78.1*1.05 -> 82.005 | P30: 2.03 | Q30: 4.2 | R30: 2.48 | S30: 82 | T30: 66 | U30: =M30-N30-O30-P30-Q30-R30+S30+T30 -> 369.285 | V30: =V29+AI30-(AJ30/1.9835) -> 31404.364 | X30: 200 | Y30: 67 | Z30: =Z29-Y30 -> 14289.984 | AA30: =N30+O30+P30+Q30+R30+U30+X30+Y30 -> 727 | AB30: =IF(L30<0,L30*-1,0) -> 0 | AC30: =AA30+AB30 -> 727 | AD30: 0 | AE30: 78 | AF30: 44 | AG30: =AG29 -> 0 | AI30: =795-U30 -> 425.715 | AJ30: =23.5*(V29*1.9835+AI30*1.9835)/E30 -> 11.009247
A31: =A30+1 -> 20 | B31: 6901.08 | C31: 287581 | D31: =C31-C30 -> 2594 | E31: =C31-152000 -> 135581 | F31: =D31/$D$2 -> 1307.7893 | G31: 2030 | H31: 18 | I31: =G31+H31 -> 2048 | J31: =IF(L31>0,L31,0) -> 16.789261 | K31: =I31+J31 -> 2064.7893 | L31: =F31-(I31-AA31) -> 16.789261 | M31: 314 | N31: 0 | O31: =91.52*1.05 -> 96.096 | P31: 2.03 | Q31: 4.2 | R31: 2.72 | S31: 82 | T31: 68 | U31: =M31-N31-O31-P31-Q31-R31+S31+T31 -> 358.954 | V31: =V30+AI31-(AJ31/1.9835) -> 31834.891 | X31: 226 | Y31: 67 | Z31: =Z30-Y31 -> 14222.984 | AA31: =N31+O31+P31+Q31+R31+U31+X31+Y31 -> 757 | AB31: =IF(L31<0,L31*-1,0) -> 0 | AC31: =AA31+AB31 -> 757 | AD31: 0 | AE31: 75 | AF31: 43 | AG31: =AG30 -> 0 | AI31: =795-U31 -> 436.046 | AJ31: =23.5*(V30*1.9835+AI31*1.9835)/E31 -> 10.946616
A32: =A31+1 -> 21 | B32: 6901.68 | C32: 289820 | D32: =C32-C31 -> 2239 | E32: =C32-152000 -> 137820 | F32: =D32/$D$2 -> 1128.8127 | G32: 1820 | H32: 14 | I32: =G32+H32 -> 1834 | J32: =IF(L32>0,L32,0) -> 0 | K32: =I32+J32 -> 1834 | L32: =F32-(I32-AA32) -> -12.187295 | M32: 273 | N32: 0 | O32: =72.81*1.05 -> 76.4505 | P32: 2.03 | Q32: 4.2 | R32: 2.73 | S32: 83 | T32: 68 | U32: =M32-N32-O32-P32-Q32-R32+S32+T32 -> 338.5895 | V32: =V31+AI32-(AJ32/1.9835)+12.6 -> 32253.403 | X32: 202 | Y32: 67 | Z32: =Z31-Y32 -> 14155.984 | AA32: =N32+O32+P32+Q32+R32+U32+X32+Y32 -> 693 | AB32: =IF(L32<0,L32*-1,0) -> 12.187295 | AC32: =AA32+AB32 -> 705.1873 | AD32: 0 | AE32: 70 | AF32: 44 | AG32: =AG31 -> 0 | AI32: =795-U32-45 -> 411.4105 | AJ32: =23.5*(V31*1.9835+AI32*1.9835)/E32 -> 10.906056
A33: =A32+1 -> 22 | B33: 6902.24 | C33: 291918 | D33: =C33-C32 -> 2098 | E33: =C33-152000 -> 139918 | F33: =D33/$D$2 -> 1057.7262 | G33: 1620 | H33: 10 | I33: =G33+H33 -> 1630 | J33: =IF(L33>0,L33,0) -> 142.72624 | K33: =I33+J33 -> 1772.7262 | L33: =F33-(I33-AA33) -> 142.72624 | M33: 257 | N33: 0 | O33: =49.24*1.05 -> 51.702 | P33: 2.03 | Q33: 4.2 | R33: 2.38 | S33: 82 | T33: 66 | U33: =M33-N33-O33-P33-Q33-R33+S33+T33 -> 344.688 | V33: =V32-U33-(AJ33/1.9835)+54 -> 31957.298 | X33: 243 | Y33: 67 | Z33: =Z32-Y33 -> 14088.984 | AA33: =N33+O33+P33+Q33+R33+U33+X33+Y33 -> 715 | AB33: =IF(L33<0,L33*-1,0) -> 0 | AC33: =AA33+AB33 -> 715 | AD33: 0 | AE33: 66 | AF33: 42 | AG33: =AG32 -> 0 | AI33: 0 | AJ33: =23.5*(V32*1.9835+AI33*1.9835)/E33 -> 10.744891
A34: =A33+1 -> 23 | B34: 6902.63 | C34: 293385 | D34: =C34-C33 -> 1467 | E34: =C34-152000 -> 141385 | F34: =D34/$D$2 -> 739.60171 | G34: 1440 | H34: 8.7 | I34: =G34+H34 -> 1448.7 | J34: =IF(L34>0,L34,0) -> 0 | K34: =I34+J34 -> 1448.7 | L34: =F34-(I34-AA34) -> -9.0982859 | M34: 261 | N34: 0 | O34: =49.44*1.05 -> 51.912 | P34: 2.03 | Q34: 4.2 | R34: 3.01 | S34: 83 | T34: 64 | U34: =M34-N34-O34-P34-Q34-R34+S34+T34 -> 346.848 | V34: =V33-U34-(AJ34/1.9835) -> 31605.138 | X34: 226 | Y34: 66 | Z34: =Z33-Y34 -> 14022.984 | AA34: =N34+O34+P34+Q34+R34+U34+X34+Y34 -> 700 | AB34: =IF(L34<0,L34*-1,0) -> 9.0982859 | AC34: =AA34+AB34 -> 709.09829 | AD34: 0 | AE34: 68 | AF34: 36 | AG34: =AG33 -> 0 | AI34: 0 | AJ34: =23.5*(V33*1.9835+AI34*1.9835)/E34 -> 10.535782
A35: =A34+1 -> 24 | B35: 6902.91 | C35: 294439 | D35: =C35-C34 -> 1054 | E35: =C35-152000 -> 142439 | F35: =D35/$D$2 -> 531.38392 | G35: 1250 | H35: 3.9 | I35: =G35+H35 -> 1253.9 | J35: =IF(L35>0,L35,0) -> 31.483917 | K35: =I35+J35 -> 1285.3839 | L35: =F35-(I35-AA35) -> 31.483917 | M35: 312 | N35: 0 | O35: =86.62*1.05 -> 90.951 | P35: 2.03 | Q35: 4.2 | R35: 1.8 | S35: 83 | T35: 68 | U35: =M35-N35-O35-P35-Q35-R35+S35+T35 -> 364.019 | V35: =V34-U35-(AJ35/1.9835) -> 31235.905 | X35: 226 | Y35: 65 | Z35: =Z34-Y35 -> 13957.984 | AA35: =N35+O35+P35+Q35+R35+U35+X35+Y35 -> 754 | AB35: =IF(L35<0,L35*-1,0) -> 0 | AC35: =AA35+AB35 -> 754 | AD35: 0 | AE35: 69 | AF35: 39 | AG35: =AG34 -> 0 | AI35: 0 | AJ35: =23.5*(V34*1.9835+AI35*1.9835)/E35 -> 10.342579
A36: =A35+1 -> 25 | B36: 6903.18 | C36: 295460 | D36: =C36-C35 -> 1021 | E36: =C36-152000 -> 143460 | F36: =D36/$D$2 -> 514.74666 | G36: 1220 | H36: 1.6 | I36: =G36+H36 -> 1221.6 | J36: =IF(L36>0,L36,0) -> 72.14666 | K36: =I36+J36 -> 1293.7467 | L36: =F36-(I36-AA36) -> 72.14666 | M36: 321 | N36: 6.55 | O36: =99.13*1.05 -> 104.0865 | P36: 2.03 | Q36: 4.2 | R36: 1.9 | S36: 83 | T36: 70 | U36: =M36-N36-O36-P36-Q36-R36+S36+T36 -> 355.2335 | V36: =V35-U36-(AJ36/1.9835) -> 30875.555 | X36: 239 | Y36: 66 | Z36: =Z35-Y36 -> 13891.984 | AA36: =N36+O36+P36+Q36+R36+U36+X36+Y36 -> 779 | AB36: =IF(L36<0,L36*-1,0) -> 0 | AC36: =AA36+AB36 -> 779 | AD36: 0 | AE36: 71 | AF36: 40 | AG36: =AG35 -> 0 | AI36: 0 | AJ36: =23.5*(V35*1.9835+AI36*1.9835)/E36 -> 10.149002
A37: =A36+1 -> 26 | B37: 6903.44 | C37: 296447 | D37: =C37-C36 -> 987 | E37: =C37-152000 -> 144447 | F37: =D37/$D$2 -> 497.60524 | G37: 1220 | H37: 1.2 | I37: =G37+H37 -> 1221.2 | J37: =IF(L37>0,L37,0) -> 87.405243 | K37: =I37+J37 -> 1308.6052 | L37: =F37-(I37-AA37) -> 87.405243 | M37: 345 | N37: 0 | O37: =107.66*1.05 -> 113.043 | P37: 2.03 | Q37: 4.2 | R37: 2.1 | S37: 83 | T37: 72 | U37: =M37-N37-O37-P37-Q37-R37+S37+T37 -> 378.627 | V37: =V36-U37-(AJ37/1.9835) -> 30491.905 | X37: 245 | Y37: 66 | Z37: =Z36-Y37 -> 13825.984 | AA37: =N37+O37+P37+Q37+R37+U37+X37+Y37 -> 811 | AB37: =IF(L37<0,L37*-1,0) -> 0 | AC37: =AA37+AB37 -> 811 | AD37: 0 | AE37: 71 | AF37: 37 | AG37: =AG36 -> 0 | AI37: 0 | AJ37: =23.5*(V36*1.9835+AI37*1.9835)/E37 -> 9.9633711
A38: =A37+1 -> 27 | B38: 6903.68 | C38: 297357 | D38: =C38-C37 -> 910 | E38: =C38-152000 -> 145357 | F38: =D38/$D$2 -> 458.78498 | G38: 1240 | H38: 1.1 | I38: =G38+H38 -> 1241.1 | J38: =IF(L38>0,L38,0) -> 11.684976 | K38: =I38+J38 -> 1252.785 | L38: =F38-(I38-AA38) -> 11.684976 | M38: 327 | N38: 0 | O38: =113.93*1.05 -> 119.6265 | P38: 2.03 | Q38: 4.2 | R38: 3.38 | S38: 83 | T38: 73 | U38: =M38-N38-O38-P38-Q38-R38+S38+T38 -> 353.7635 | V38: =V37-U38-(AJ38/1.9835) -> 30133.211 | X38: 245 | Y38: 66 | Z38: =Z37-Y38 -> 13759.984 | AA38: =N38+O38+P38+Q38+R38+U38+X38+Y38 -> 794 | AB38: =IF(L38<0,L38*-1,0) -> 0 | AC38: =AA38+AB38 -> 794 | AD38: 0 | AE38: 76 | AF38: 37 | AG38: =AG37 -> 0 | AI38: 0 | AJ38: =23.5*(V37*1.9835+AI38*1.9835)/E38 -> 9.7779692
A39: 28 | B39: 6903.92 | C39: 298268 | D39: =C39-C38 -> 911 | E39: =C39-152000 -> 146268 | F39: =D39/$D$2 -> 459.28914 | G39: 1320 | H39: 1 | I39: =G39+H39 -> 1321 | J39: =IF(L39>0,L39,0) -> 0 | K39: =I39+J39 -> 1321 | L39: =F39-(I39-AA39) -> -74.710865 | M39: 323 | N39: 0 | O39: =100.74*1.05 -> 105.777 | P39: 2.03 | Q39: 4.2 | R39: 4.03 | S39: 84 | T39: 73 | U39: =M39-N39-O39-P39-Q39-R39+S39+T39 -> 363.963 | V39: =V38-U39-(AJ39/1.9835) -> 29764.407 | X39: 241 | Y39: 66 | Z39: =Z38-Y39 -> 13693.984 | AA39: =N39+O39+P39+Q39+R39+U39+X39+Y39 -> 787 | AB39: =IF(L39<0,L39*-1,0) -> 74.710865 | AC39: =AA39+AB39 -> 861.71086 | AD39: 0 | AE39: 77 | AF39: 45 | AG39: =AG38 -> 0 | AI39: 0 | AJ39: =23.5*(V38*1.9835+AI39*1.9835)/E39 -> 9.6027619
A40: 29 | B40: 6904.37 | C40: 299986 | D40: =C40-C39 -> 1718 | E40: =C40-152000 -> 147986 | F40: =D40/$D$2 -> 866.1457 | G40: 1470 | H40: 1 | I40: =G40+H40 -> 1471 | J40: =IF(L40>0,L40,0) -> 133.1457 | K40: =I40+J40 -> 1604.1457 | L40: =F40-(I40-AA40) -> 133.1457 | M40: 316 | N40: 0 | O40: =100.86*1.05 -> 105.903 | P40: 2.03 | Q40: 4.2 | R40: 1.18 | S40: 84 | T40: 74 | U40: =M40-N40-O40-P40-Q40-R40+S40+T40 -> 360.687 | V40: =V39-U40-(AJ40/1.9835) -> 29398.993 | X40: 198 | Y40: 66 | Z40: =Z39-Y40 -> 13627.984 | AA40: =N40+O40+P40+Q40+R40+U40+X40+Y40 -> 738 | AB40: =IF(L40<0,L40*-1,0) -> 0 | AC40: =AA40+AB40 -> 738 | AD40: 0 | AE40: 63 | AF40: 45 | AG40: =AG39 -> 0 | AI40: 0 | AJ40: =23.5*(V39*1.9835+AI40*1.9835)/E40 -> 9.3751164
A41: 30 | B41: 6904.62 | C41: 300942 | D41: =C41-C40 -> 956 | E41: =C41-152000 -> 148942 | F41: =D41/$D$2 -> 481.9763 | G41: 1110 | H41: 0.9 | I41: =G41+H41 -> 1110.9 | J41: =IF(L41>0,L41,0) -> 38.076305 | K41: =I41+J41 -> 1148.9763 | L41: =F41-(I41-AA41) -> 38.076305 | M41: 275 | N41: 0 | O41: =71.49*1.05 -> 75.0645 | P41: 2.03 | Q41: 4.2 | R41: 1.69 | S41: 85 | T41: 74 | U41: =M41-N41-O41-P41-Q41-R41+S41+T41 -> 351.0155 | V41: =V40-U41-(AJ41/1.9835) -> 29043.339 | X41: 167 | Y41: 66 | Z41: =Z40-Y41 -> 13561.984 | AA41: =N41+O41+P41+Q41+R41+U41+X41+Y41 -> 667 | AB41: =IF(L41<0,L41*-1,0) -> 0 | AC41: =AA41+AB41 -> 667 | AD41: 0 | AE41: 62 | AF41: 33 | AG41: =AG40 -> 0 | AI41: 0 | AJ41: =23.5*(V40*1.9835+AI41*1.9835)/E41 -> 9.200583
A42: 31 | B42: 6904.62 | C42: 301325 | D42: =C42-C41 -> 383 | E42: =C42-152000 -> 149325 | F42: =D42/$D$2 -> 193.09302 | G42: 935 | H42: 0.6 | I42: =G42+H42 -> 935.6 | J42: =IF(L42>0,L42,0) -> 0 | K42: =I42+J42 -> 935.6 | L42: =F42-(I42-AA42) -> -43.506983 | M42: 268 | N42: 0 | O42: =50.88*1.05 -> 53.424 | P42: 2.03 | Q42: 4.2 | R42: 2.88 | S42: 85 | T42: 73 | U42: =M42-N42-O42-P42-Q42-R42+S42+T42 -> 363.466 | V42: =V41-U42-(AJ42/1.9835) -> 28675.303 | X42: 207 | Y42: 66 | Z42: =Z41-Y42 -> 13495.984 | AA42: =N42+O42+P42+Q42+R42+U42+X42+Y42 -> 699 | AB42: =IF(L42<0,L42*-1,0) -> 43.506983 | AC42: =AA42+AB42 -> 742.50698 | AD42: 0 | AE42: 74 | AF42: 44 | AG42: =AG41 -> 0 | AI42: 0 | AJ42: =23.5*(V41*1.9835+AI42*1.9835)/E42 -> 9.0659662
A44: MONTH / CFS | F44: =SUM(F12:F42) -> 33807.411 | G44: =SUM(G12:G42) -> 47776 | H44: =SUM(H12:H42) -> 1118.9 | I44: =SUM(I12:I42) -> 48894.9 | J44: =SUM(J12:J42) -> 2573.7092 | K44: =SUM(K12:K42) -> 51468.609 | L44: =SUM(L12:L42) -> 2420.6111 | M44: =SUM(M12:M42) -> 8190 | ... U44: =SUM(U12:U42) -> 9201.6615 | X44: =SUM(X12:X42) -> 4059.1 | Y44: =SUM(Y12:Y42) -> 1569 | AA44: =SUM(AA12:AA42) -> 17508.1 | AB44: =SUM(AB12:AB42) -> 153.09808 | AC44: =SUM(AC12:AC42) -> 17661.198 | AD44: =SUM(AD12:AD42) -> 0 | AE44: =AVERAGE(AE12:AE42) -> 71.064516 | AF44: =AVERAGE(AF12:AF42) -> 40.612903 | AG44: AVG | AH44: =SUM(AH12:AH42) -> 0 | AK44: =SUM(AK12:AK42) -> 0
A45: MONTH / AF | D45: =SUM(D12:D42) -> 67057 | F45: =F44*$D$2 -> 67057 | G45: =G44*$D$2 -> 94763.696 | H45: =H44*$D$2 -> 2219.3382 | I45: =I44*$D$2 -> 96983.034 | J45: =J44*$D$2 -> 5104.9523 | K45: =K44*$D$2 -> 102087.99 | L45: =L44*$D$2 -> 4801.2822 | M45: =M44*$D$2 -> 16244.865 | ... U45: =U44*$D$2 -> 18251.496 | X45: =X44*$D$2 -> 8051.2248 | Y45: =Y44*$D$2 -> 3112.1115 | AA45: =AA44*$D$2 -> 34727.316 | AB45: =AB44*$D$2 -> 303.67005 | AC45: =AC44*$D$2 -> 35030.986 | AE45: =MAX(AE12:AE42) -> 78 | AF45: =MAX(AF12:AF42) -> 47 | AG45: HI | AH45: =AH44*$D$2 -> 0 | AJ45: =SUM(AJ12:AJ42) -> 340.79367 | AK45: =AK44*$D$2 -> 0
A47: SEASON / CFS | F47: =F9+F44 -> 56705.823 | G47: =G9+G44 -> 68499 | H47: =H9+H44 -> 1936.7 | I47: =I9+I44 -> 70435.7 | J47: =J9+J44 -> 7619.4765 | K47: =K9+K44 -> 78055.177 | L47: =L9+L44 -> 7386.323 | M47: =M9+M44 -> 10452.2 | ... O47: =O9+O44 -> 4149.81 | S47: =S9+S44 -> 2184 | T47: =T9+T44 -> 2069.7 | U47: =U9+U44 -> 10199.715 | V47: =V42+V44 -> 28675.303 | X47: =X9+X44 -> 4211.3 | AA47: =AA9+AA44 -> 21116.2 | AB47: =AB9+AB44 -> 233.15347 | AC47: =AC9+AC44 -> 21349.353 | AE47: =MIN(AE12:AE42) -> 59 | AF47: =MIN(AF12:AF42) -> 32 | AG47: LO | AK47: =AK9+AK44 -> 0
A48: SEASON / AF | F48: =F47*$D$2 -> 112476 | G48: =G47*$D$2 -> 135867.77 | H48: =H47*$D$2 -> 3841.4444 | I48: =I47*$D$2 -> 139709.21 | J48: =J47*$D$2 -> 15113.232 | K48: =K47*$D$2 -> 154822.44 | L48: =L47*$D$2 -> 14650.772 | M48: =M47*$D$2 -> 20731.939 | ... O48: =O47*$D$2 -> 8231.1481 | S48: =S47*$D$2 -> 4331.964 | T48: =T47*$D$2 -> 4105.25 | U48: =U47*$D$2 -> 20231.135 | V48: =V47*$D$2 -> 56877.463 | X48: =X47*$D$2 -> 8353.1136 | AA48: =AA47*$D$2 -> 41883.983 | AB48: =AB47*$D$2 -> 462.4599 | AC48: =AC47*$D$2 -> 42346.443 | AJ48: =AJ9+AJ45 -> 593.11365 | AK48: =AK47*$D$2 -> 0
A50: YTD / CFS | F50: =F10+F44 -> 64220.822 | G50: =G10+G44 -> 82627 | H50: =H10+H44 -> 2240.3 | I50: =I10+I44 -> 84867.3 | J50: =J10+J44 -> 13257.08 | K50: =K10+K44 -> 98124.38 | L50: =L10+L44 -> 12799.177 | M50: =M10+M44 -> 11427.6 | ... U50: =U10+U44 -> 18639.792 | X50: =X10+X44 -> 4211.3 | Y50: =Y10+Y44 -> 5405 | Z50: =Z42 -> 13495.984 | AA50: =AA10+AA44 -> 33445.655 | AB50: =AB10+AB44 -> 457.90287 | AC50: =AC10+AC44 -> 33903.558 | AD50: =AD10+AD44 -> 9.41 | AH50: =AH10+AH44 -> 346.51 | AK50: =AK10+AK44 -> 0
A51: YTD / AF | D51: =D10+D45 -> 127382 | E51: =E42 -> 149325 | F51: =F50*$D$2 -> 127382 | G51: =G50*$D$2 -> 163890.65 | H51: =H50*$D$2 -> 4443.635 | I51: =I50*$D$2 -> 168334.29 | J51: =J50*$D$2 -> 26295.417 | K51: =K50*$D$2 -> 194629.71 | L51: =L50*$D$2 -> 25387.167 | M51: =M50*$D$2 -> 22666.645 | ... U51: =U50*$D$2 -> 36972.028 | X51: =X50*$D$2 -> 8353.1136 | Y51: =Y50*$D$2 -> 10720.817 | Z51: =Z50*$D$2 -> 26769.284 | AA51: =AA50*$D$2 -> 66339.457 | AB51: =AB50*$D$2 -> 908.25035 | AC51: =AC50*$D$2 -> 67247.707 | AG51: =AG42 -> 0 | AH51: =AH50*$D$2 -> 687.30259 | AJ51: =AJ10+AJ45 -> 593.11365 | AK51: =AK50*$D$2 -> 0

Sheet JUN
K1: MCPHEE RESERVOIR INFLOW/OUTFLOW TABULATION
A2: AF/cfs CONVERT FACTOR | D2: 1.9835 | K2: JUNE "2004"
D4: RESERVOIR | S4: INFLOW/OUTFLOW (CFS) | AE4: WEATHER | AI4: ADJUSTMENTS
A5: DATE | B5: RESERV | C5: RESERV | D5: AC FT | E5: ACTIVE | F5: CONV TO | G5: DOLORES | H5: LOST | I5: RECORD | J5: CALC | K5: TOTAL | L5: CALC | M5: DOLORES TUNNEL | S5: LONE | T5: U | U5: TOTAL | V5: MVI | W5: MVI | X5: DV CR | Y5: BELOW | Z5: FISH | AA5: RECORD | AB5: CALC | AC5: TOTAL | AD5: RAIN | AE5: MAX | AF5: MIN | AG5: NAR | AH5: MVI | AI5: MVI | AJ5: MVI | AK5: U/S
A6: JUN | B6: ELEV | C6: AC FT | D6: CHANGE | E6: CAP | F6: CFS | G6: RIVER | H6: CAN | I6: INFLOW | J6: INFLOW | K6: INFLOW | L6: INF/OTF | M6: TOT DIV | N6: WET | O6: UTE | P6: MWC | Q6: CTZ | R6: CTZ & | S6: PINE | T6: LAT | U6: MVI | V6: CALL + | W6: PROJ | X6: CANAL | Y6: MCP | Z6: LEFT | AA6: OTF | AB6: OTF | AC6: OTF | AE6: TMP | AF6: TMP | AG6: CALL | AH6: STOCK | AI6: STORED | AJ6: STORED | AK6: USERS
E7: AC FT | N7: LAND | O7: F&R | R7: UTE | V7: TO EX | AG7: AC FT | AH7: AC.FT. | AI7: Apr - Jun | AJ7: EVAP | AK7: EXCH
R8: PROJ | AJ8: AC.FT.
A9: SEASON BAL | F9: =MAY!F47 -> 56705.823 | G9: =MAY!G47 -> 68499 | H9: =MAY!H47 -> 1936.7 | I9: =MAY!I47 -> 70435.7 | J9: =MAY!J47 -> 7619.4765 | K9: =MAY!K47 -> 78055.177 | L9: =MAY!L47 -> 7386.323 | M9: =MAY!M47 -> 10452.2 | ... O9: =MAY!O47 -> 4149.81 | S9: =MAY!S47 -> 2184 | T9: =MAY!T47 -> 2069.7 | U9: =MAY!U47 -> 10199.715 | V9: =MAY!V47 -> 28675.303 | X9: =MAY!X47 -> 4211.3 | AA9: =MAY!AA47 -> 21116.2 | AB9: =MAY!AB47 -> 233.15347 | AC9: =MAY!AC47 -> 21349.353 | AJ9: =MAY!AJ48 -> 593.11365 | AK9: =MAY!AK47 -> 0
A10: YTD | B10: =MAY!B42 -> 6904.62 | C10: =MAY!C42 -> 301325 | D10: =MAY!D51 -> 127382 | E10: =MAY!E51 -> 149325 | F10: =MAY!F50 -> 64220.822 | G10: =MAY!G50 -> 82627 | H10: =MAY!H50 -> 2240.3 | I10: =MAY!I50 -> 84867.3 | J10: =MAY!J50 -> 13257.08 | K10: =MAY!K50 -> 98124.38 | L10: =MAY!L50 -> 12799.177 | M10: =MAY!M50 -> 11427.6 | ... U10: =MAY!U50 -> 18639.792 | X10: =MAY!X50 -> 4211.3 | Y10: =MAY!Y50 -> 5405 | Z10: =MAY!Z50 -> 13495.984 | AA10: =MAY!AA50 -> 33445.655 | AB10: =MAY!AB50 -> 457.90287 | AC10: =MAY!AC50 -> 33903.558 | AD10: =MAY!AD50 -> 9.41 | AG10: =MAY!AG51 -> 0 | AH10: =MAY!AH50 -> 346.51 | AJ10: =MAY!AJ51 -> 593.11365 | AK10: =MAY!AK50 -> 0
O11: 0 | T11: 0
A12: 1 | B12: 6904.86 | C12: 301860 | D12: =C12-C10 -> 535 | E12: =C12-152000 -> 149860 | F12: =D12/$D$2 -> 269.72523 | G12: 936 | H12: 0.6 | I12: =G12+H12 -> 936.6 | J12: =IF(L12>0,L12,0) -> 106.12523 | K12: =I12+J12 -> 1042.7252 | L12: =F12-(I12-AA12) -> 106.12523 | M12: 320 | N12: 0 | O12: =82.14*1.05 -> 86.247 | P12: 2.37 | Q12: 4.2 | R12: 3.77 | S12: 85 | T12: 72 | U12: =M12-N12-O12-P12-Q12-R12+S12+T12 -> 380.413 | V12: =V9-U12-(AJ12/1.9835) -> 28290.393 | X12: 230 | Y12: 66 | Z12: =Z10-Y12 -> 13429.984 | AA12: =N12+O12+P12+Q12+R12+U12+X12+Y12 -> 773 | AB12: =IF(L12<0,L12*-1,0) -> 0 | AC12: =AA12+AB12 -> 773 | AD12: 0 | AE12: 80 | AF12: 40 | AG12: =AG10 -> 0 | AI12: 0 | AJ12: =23.5*(V9*1.9835+AI12*1.9835)/E12 -> 8.919127
A13: =A12+1 -> 2 | B13: 6904.99 | C13: 302357 | D13: =C13-C12 -> 497 | E13: =C13-152000 -> 150357 | F13: =D13/$D$2 -> 250.56718 | G13: 959 | H13: 0.5 | I13: =G13+H13 -> 959.5 | J13: =IF(L13>0,L13,0) -> 64.067179 | K13: =I13+J13 -> 1023.5672 | L13: =F13-(I13-AA13) -> 64.067179 | M13: 330 | N13: 0 | O13: =102.45*1.05 -> 107.5725 | P13: 2.37 | Q13: 4.2 | R13: 3.42 | S13: 85 | T13: 72 | U13: =M13-N13-O13-P13-Q13-R13+S13+T13 -> 369.4375 | V13: =V12-U13-(AJ13/1.9835) -> 27916.592 | X13: 221 | Y13: 65 | Z13: =Z12-Y13 -> 13364.984 | AA13: =N13+O13+P13+Q13+R13+U13+X13+Y13 -> 773 | AB13: =IF(L13<0,L13*-1,0) -> 0 | AC13: =AA13+AB13 -> 773 | AD13: 0 | AE13: 84 | AF13: 50 | AG13: =AG12 -> 0 | AI13: 0 | AJ13: =23.5*(V12*1.9835-U13*1.9835)/E13 -> 8.6557896
A14: =A13+1 -> 3 | B14: 6905.17 | C14: 303051 | D14: =C14-C13 -> 694 | E14: =C14-152000 -> 151051 | F14: =D14/$D$2 -> 349.88656 | G14: 1060 | H14: 0.4 | I14: =G14+H14 -> 1060.4 | J14: =IF(L14>0,L14,0) -> 14.486564 | K14: =I14+J14 -> 1074.8866 | L14: =F14-(I14-AA14) -> 14.486564 | M14: 311 | N14: 0 | O14: =103.37*1.05 -> 108.5385 | P14: 2.37 | Q14: 4.2 | R14: 3.59 | S14: 85 | T14: 70 | U14: =M14-N14-O14-P14-Q14-R14+S14+T14 -> 347.3015 | V14: =V13-U14-(AJ14/1.9835) -> 27565.001 | X14: 194 | Y14: 65 | Z14: =Z13-Y14 -> 13299.984 | AA14: =N14+O14+P14+Q14+R14+U14+X14+Y14 -> 725 | AB14: =IF(L14<0,L14*-1,0) -> 0 | AC14: =AA14+AB14 -> 725 | AD14: 0 | AE14: 85 | AF14: 51 | AG14: =AG13 -> 0 | AI14: 0 | AJ14: =23.5*(V13*1.9835-U14*1.9835)/E14 -> 8.5075017
A15: =A14+1 -> 4 | B15: 6905.41 | C15: 303976 | D15: =C15-C14 -> 925 | E15: =C15-152000 -> 151976 | F15: =D15/$D$2 -> 466.34737 | G15: 1140 | H15: 0.3 | I15: =G15+H15 -> 1140.3 | J15: =IF(L15>0,L15,0) -> 0.047365768 | K15: =I15+J15 -> 1140.3474 | L15: =F15-(I15-AA15) -> 0.047365768 | M15: 280 | N15: 5.04 | O15: =85.71*1.05 -> 89.9955 | P15: 2.37 | Q15: 4.2 | R15: 3.79 | S15: 86 | T15: 69 | U15: =M15-N15-O15-P15-Q15-R15+S15+T15 -> 329.6045 | V15: =V14-U15-(AJ15/1.9835) -> 27231.185 | X15: 174 | Y15: 65 | Z15: =Z14-Y15 -> 13234.984 | AA15: =N15+O15+P15+Q15+R15+U15+X15+Y15 -> 674 | AB15: =IF(L15<0,L15*-1,0) -> 0 | AC15: =AA15+AB15 -> 674 | AD15: 0 | AE15: 85 | AF15: 49 | AG15: =AG14 -> 0 | AI15: 0 | AJ15: =23.5*(V14*1.9835-U15*1.9835)/E15 -> 8.3533131
A16: =A15+1 -> 5 | B16: 6905.67 | C16: 304979 | D16: =C16-C15 -> 1003 | E16: =C16-152000 -> 152979 | F16: =D16/$D$2 -> 505.67179 | G16: 1250 | H16: 0.2 | I16: =G16+H16 -> 1250.2 | J16: =IF(L16>0,L16,0) -> 0 | K16: =I16+J16 -> 1250.2 | L16: =F16-(I16-AA16) -> -26.528208 | M16: 310 | N16: 0 | O16: =88.72*1.05 -> 93.156 | P16: 2.37 | Q16: 4.2 | R16: 3.66 | S16: 86 | T16: 70 | U16: =M16-N16-O16-P16-Q16-R16+S16+T16 -> 362.614 | V16: =V15-U16-(AJ16/1.9835) -> 26864.444 | X16: 186 | Y16: 66 | Z16: =Z15-Y16 -> 13168.984 | AA16: =N16+O16+P16+Q16+R16+U16+X16+Y16 -> 718 | AB16: =IF(L16<0,L16*-1,0) -> 26.528208 | AC16: =AA16+AB16 -> 744.52821 | AD16: 0 | AE16: 87 | AF16: 52 | AG16: =AG15 -> 0 | AI16: 0 | AJ16: =23.5*(V15*1.9835-U16*1.9835)/E16 -> 8.1867744
A17: =A16+1 -> 6 | B17: 6906.01 | C17: 306290 | D17: =C17-C16 -> 1311 | E17: =C17-152000 -> 154290 | F17: =D17/$D$2 -> 660.95286 | G17: 1250 | H17: 0.2 | I17: =G17+H17 -> 1250.2 | J17: =IF(L17>0,L17,0) -> 53.752861 | K17: =I17+J17 -> 1303.9529 | L17: =F17-(I17-AA17) -> 53.752861 | M17: 277 | N17: 0 | O17: =84.95*1.05 -> 89.1975 | P17: 2.37 | Q17: 4.2 | R17: 2.65 | S17: 87 | T17: 71 | U17: =M17-N17-O17-P17-Q17-R17+S17+T17 -> 336.5825 | V17: =V16-U17-(AJ17/1.9835) -> 26523.821 | X17: 142 | Y17: 66 | Z17: =Z16-Y17 -> 13102.984 | AA17: =N17+O17+P17+Q17+R17+U17+X17+Y17 -> 643 | AB17: =IF(L17<0,L17*-1,0) -> 0 | AC17: =AA17+AB17 -> 643 | AD17: 0 | AE17: 87 | AF17: 52 | AG17: =AG16 -> 0 | AI17: 0 | AJ17: =23.5*(V16*1.9835-U17*1.9835)/E17 -> 8.0142802
A18: =A17+1 -> 7 | B18: 6906.34 | C18: 307573 | D18: =C18-C17 -> 1283 | E18: =C18-152000 -> 155573 | F18: =D18/$D$2 -> 646.8364 | G18: 1260 | H18: 0.2 | I18: =G18+H18 -> 1260.2 | J18: =IF(L18>0,L18,0) -> 56.6364 | K18: =I18+J18 -> 1316.8364 | L18: =F18-(I18-AA18) -> 56.6364 | M18: 285 | N18: 0 | O18: =75.19*1.05 -> 78.9495 | P18: 2.37 | Q18: 4.2 | R18: 2.59 | S18: 83 | T18: 74 | U18: =M18-N18-O18-P18-Q18-R18+S18+T18 -> 353.8905 | V18: =V17-U18-(AJ18/1.9835) -> 26165.977 | X18: 169 | Y18: 59 | Z18: =Z17-Y18 -> 13043.984 | AA18: =N18+O18+P18+Q18+R18+U18+X18+Y18 -> 670 | AB18: =IF(L18<0,L18*-1,0) -> 0 | AC18: =AA18+AB18 -> 670 | AD18: 0 | AE18: 85 | AF18: 50 | AG18: =AG17 -> 0 | AI18: 0 | AJ18: =23.5*(V17*1.9835-U18*1.9835)/E18 -> 7.840945
A19: =A18+1 -> 8 | B19: 6906.6 | C19: 308583 | D19: =C19-C18 -> 1010 | E19: =C19-152000 -> 156583 | F19: =D19/$D$2 -> 509.20091 | G19: 1220 | H19: 0.2 | I19: =G19+H19 -> 1220.2 | J19: =IF(L19>0,L19,0) -> 0 | K19: =I19+J19 -> 1220.2 | L19: =F19-(I19-AA19) -> -17.999093 | M19: 322 | N19: 0 | O19: =96.37*1.05 -> 101.1885 | P19: 2.37 | Q19: 4.2 | R19: 3.57 | S19: 91 | T19: 75 | U19: =M19-N19-O19-P19-Q19-R19+S19+T19 -> 376.6715 | V19: =V18-U19-(AJ19/1.9835) -> 25785.435 | X19: 146 | Y19: 59 | Z19: =Z18-Y19 -> 12984.984 | AA19: =N19+O19+P19+Q19+R19+U19+X19+Y19 -> 693 | AB19: =IF(L19<0,L19*-1,0) -> 17.999093 | AC19: =AA19+AB19 -> 710.99909 | AD19: 0 | AE19: 82 | AF19: 46 | AG19: =AG18 -> 0 | AI19: 0 | AJ19: =23.5*(V18*1.9835-U19*1.9835)/E19 -> 7.677063
A20: =A19+1 -> 9 | B20: 6906.75 | C20: 309166 | D20: =C20-C19 -> 583 | E20: =C20-152000 -> 157166 | F20: =D20/$D$2 -> 293.92488 | G20: 1080 | H20: 0.1 | I20: =G20+H20 -> 1080.1 | J20: =IF(L20>0,L20,0) -> 0 | K20: =I20+J20 -> 1080.1 | L20: =F20-(I20-AA20) -> -60.17512 | M20: 312 | N20: 0 | O20: =87.24*1.05 -> 91.602 | P20: 2.37 | Q20: 4.2 | R20: 3.68 | S20: 130 | T20: 75 | U20: =M20-N20-O20-P20-Q20-R20+S20+T20 -> 415.148 | V20: =V19-U20-(AJ20/1.9835) -> 25366.494 | X20: 145 | Y20: 64 | Z20: =Z19-Y20 -> 12920.984 | AA20: =N20+O20+P20+Q20+R20+U20+X20+Y20 -> 726 | AB20: =IF(L20<0,L20*-1,0) -> 60.17512 | AC20: =AA20+AB20 -> 786.17512 | AD20: 0 | AE20: 81 | AF20: 47 | AG20: =AG19 -> 0 | AI20: 0 | AJ20: =23.5*(V19*1.9835-U20*1.9835)/E20 -> 7.5243129
A21: =A20+1 -> 10 | B21: 6906.89 | C21: 309710 | D21: =C21-C20 -> 544 | E21: =C21-152000 -> 157710 | F21: =D21/$D$2 -> 274.26267 | G21: 953 | H21: 0.1 | I21: =G21+H21 -> 953.1 | J21: =IF(L21>0,L21,0) -> 35.162667 | K21: =I21+J21 -> 988.26267 | L21: =F21-(I21-AA21) -> 35.162667 | M21: 281 | N21: 0 | O21: =74.05*1.05 -> 77.7525 | P21: 2.37 | Q21: 4.2 | R21: 3.55 | S21: 154 | T21: 75 | U21: =M21-N21-O21-P21-Q21-R21+S21+T21 -> 422.1275 | V21: =V20-U21-(AJ21/1.9835) -> 24940.649 | X21: 136 | Y21: 68 | Z21: =Z20-Y21 -> 12852.984 | AA21: =N21+O21+P21+Q21+R21+U21+X21+Y21 -> 714 | AB21: =IF(L21<0,L21*-1,0) -> 0 | AC21: =AA21+AB21 -> 714 | AD21: 0 | AE21: 67 | AF21: 41 | AG21: =AG20 -> 0 | AI21: 0 | AJ21: =23.5*(V20*1.9835-U21*1.9835)/E21 -> 7.372475
A22: =A21+1 -> 11 | B22: 6906.9 | C22: 309749 | D22: =C22-C21 -> 39 | E22: =C22-152000 -> 157749 | F22: =D22/$D$2 -> 19.662213 | G22: 780 | H22: 0.1 | I22: =G22+H22 -> 780.1 | J22: =IF(L22>0,L22,0) -> 0 | K22: =I22+J22 -> 780.1 | L22: =F22-(I22-AA22) -> -8.4377867 | M22: 309 | N22: 0 | O22: =78.92*1.05 -> 82.866 | P22: 2.37 | Q22: 4.2 | R22: 3.91 | S22: 154 | T22: 75 | U22: =M22-N22-O22-P22-Q22-R22+S22+T22 -> 444.654 | V22: =V21-U22-(AJ22/1.9835) -> 24492.346 | X22: 146 | Y22: 68 | Z22: =Z21-Y22 -> 12784.984 | AA22: =N22+O22+P22+Q22+R22+U22+X22+Y22 -> 752 | AB22: =IF(L22<0,L22*-1,0) -> 8.4377867 | AC22: =AA22+AB22 -> 760.43779 | AD22: 0 | AE22: 72 | AF22: 41 | AG22: =AG21 -> 0 | AI22: 0 | AJ22: =23.5*(V21*1.9835-U22*1.9835)/E22 -> 7.2381661
A23: =A22+1 -> 12 | B23: 6906.82 | C23: 309438 | D23: =C23-C22 -> -311 | E23: =C23-152000 -> 157438 | F23: =D23/$D$2 -> -156.79355 | G23: 667 | H23: 0.3 | I23: =G23+H23 -> 667.3 | J23: =IF(L23>0,L23,0) -> 0 | K23: =I23+J23 -> 667.3 | L23: =F23-(I23-AA23) -> -88.093547 | M23: 306 | N23: 0 | O23: =83.39*1.05 -> 87.5595 | P23: 2.37 | Q23: 4.2 | R23: 3.63 | S23: 154 | T23: 70 | U23: =M23-N23-O23-P23-Q23-R23+S23+T23 -> 432.2405 | V23: =V22-U23-(AJ23/1.9835) -> 24056.514 | X23: 138 | Y23: 68 | Z23: =Z22-Y23 -> 12716.984 | AA23: =N23+O23+P23+Q23+R23+U23+X23+Y23 -> 736 | AB23: =IF(L23<0,L23*-1,0) -> 88.093547 | AC23: =AA23+AB23 -> 824.09355 | AD23: 0 | AE23: 76 | AF23: 44 | AG23: =AG22 -> 0 | AI23: 0 | AJ23: =23.5*(V22*1.9835-U23*1.9835)/E23 -> 7.1234115
A24: =A23+1 -> 13 | B24: 6906.77 | C24: 309244 | D24: =C24-C23 -> -194 | E24: =C24-152000 -> 157244 | F24: =D24/$D$2 -> -97.806907 | G24: 598 | H24: 0.3 | I24: =G24+H24 -> 598.3 | J24: =IF(L24>0,L24,0) -> 23.893093 | K24: =I24+J24 -> 622.19309 | L24: =F24-(I24-AA24) -> 23.893093 | M24: 295 | N24: 0 | O24: =72.41*1.05 -> 76.0305 | P24: 2.37 | Q24: 4.2 | R24: 3.78 | S24: 154 | T24: 70 | U24: =M24-N24-O24-P24-Q24-R24+S24+T24 -> 432.6195 | V24: =V23-U24-(AJ24/1.9835) -> 23620.364 | X24: 133 | Y24: 68 | Z24: =Z23-Y24 -> 12648.984 | AA24: =N24+O24+P24+Q24+R24+U24+X24+Y24 -> 720 | AB24: =IF(L24<0,L24*-1,0) -> 0 | AC24: =AA24+AB24 -> 720 | AD24: 0 | AE24: 83 | AF24: 46 | AG24: =AG23 -> 0 | AI24: 0 | AJ24: =23.5*(V23*1.9835-U24*1.9835)/E24 -> 7.0028929
A25: =A24+1 -> 14 | B25: 6906.65 | C25: 308777 | D25: =C25-C24 -> -467 | E25: =C25-152000 -> 156777 | F25: =D25/$D$2 -> -235.4424 | G25: 609 | H25: 0.3 | I25: =G25+H25 -> 609.3 | J25: =IF(L25>0,L25,0) -> 0 | K25: =I25+J25 -> 609.3 | L25: =F25-(I25-AA25) -> -117.7424 | M25: 304 | N25: 0 | O25: =65.76*1.05 -> 69.048 | P25: 2.37 | Q25: 4.2 | R25: 3.82 | S25: 153 | T25: 70 | U25: =M25-N25-O25-P25-Q25-R25+S25+T25 -> 447.562 | V25: =V24-U25-(AJ25/1.9835) -> 23169.329 | X25: 132 | Y25: 68 | Z25: =Z24-Y25 -> 12580.984 | AA25: =N25+O25+P25+Q25+R25+U25+X25+Y25 -> 727 | AB25: =IF(L25<0,L25*-1,0) -> 117.7424 | AC25: =AA25+AB25 -> 844.7424 | AD25: 0 | AE25: 87 | AF25: 52 | AG25: =AG24 -> 0 | AI25: 0 | AJ25: =23.5*(V24*1.9835-U25*1.9835)/E25 -> 6.8896359
A26: =A25+1 -> 15 | B26: 6906.62 | C26: 308661 | D26: =C26-C25 -> -116 | E26: =C26-152000 -> 156661 | F26: =D26/$D$2 -> -58.48248 | G26: 626 | H26: 0.3 | I26: =G26+H26 -> 626.3 | J26: =IF(L26>0,L26,0) -> 79.21752 | K26: =I26+J26 -> 705.51752 | L26: =F26-(I26-AA26) -> 79.21752 | M26: 318 | N26: 0 | O26: =74.39*1.05 -> 78.1095 | P26: 2.37 | Q26: 4.2 | R26: 3.51 | S26: 153 | T26: 69 | U26: =M26-N26-O26-P26-Q26-R26+S26+T26 -> 451.8105 | V26: =V25-U26-(AJ26/1.9835) -> 22714.11 | X26: 156 | Y26: 68 | Z26: =Z25-Y26 -> 12512.984 | AA26: =N26+O26+P26+Q26+R26+U26+X26+Y26 -> 764 | AB26: =IF(L26<0,L26*-1,0) -> 0 | AC26: =AA26+AB26 -> 764 | AD26: 0 | AE26: 88 | AF26: 54 | AG26: =AG25 -> 0 | AI26: 0 | AJ26: =23.5*(V25*1.9835-U26*1.9835)/E26 -> 6.7592741
A27: =A26+1 -> 16 | B27: 6906.45 | C27: 308000 | D27: =C27-C26 -> -661 | E27: =C27-152000 -> 156000 | F27: =D27/$D$2 -> -333.24931 | G27: 571 | H27: 0.4 | I27: =G27+H27 -> 571.4 | J27: =IF(L27>0,L27,0) -> 0 | K27: =I27+J27 -> 571.4 | L27: =F27-(I27-AA27) -> -115.64931 | M27: 314 | N27: 0 | O27: =88.49*1.05 -> 92.9145 | P27: 2.37 | Q27: 4.2 | R27: 3.45 | S27: 151 | T27: 70 | U27: =M27-N27-O27-P27-Q27-R27+S27+T27 -> 432.0655 | V27: =V26-U27-(AJ27/1.9835) -> 22278.688 | X27: 186 | Y27: 68 | Z27: =Z26-Y27 -> 12444.984 | AA27: =N27+O27+P27+Q27+R27+U27+X27+Y27 -> 789 | AB27: =IF(L27<0,L27*-1,0) -> 115.64931 | AC27: =AA27+AB27 -> 904.64931 | AD27: 0 | AE27: 84 | AF27: 49 | AG27: =AG26 -> 0 | AI27: 0 | AJ27: =23.5*(V26*1.9835-U27*1.9835)/E27 -> 6.6577965
A28: =A27+1 -> 17 | B28: 6906.34 | C28: 307573 | D28: =C28-C27 -> -427 | E28: =C28-152000 -> 155573 | F28: =D28/$D$2 -> -215.27603 | G28: 530 | H28: 0.3 | I28: =G28+H28 -> 530.3 | J28: =IF(L28>0,L28,0) -> 47.423973 | K28: =I28+J28 -> 577.72397 | L28: =F28-(I28-AA28) -> 47.423973 | M28: 306 | N28: 0 | O28: =84.69*1.05 -> 88.9245 | P28: 2.37 | Q28: 4.2 | R28: 3.88 | S28: 151 | T28: 70 | U28: =M28-N28-O28-P28-Q28-R28+S28+T28 -> 427.6255 | V28: =V27-U28-(AJ28/1.9835) -> 21847.762 | X28: 198 | Y28: 68 | Z28: =Z27-Y28 -> 12376.984 | AA28: =N28+O28+P28+Q28+R28+U28+X28+Y28 -> 793 | AB28: =IF(L28<0,L28*-1,0) -> 0 | AC28: =AA28+AB28 -> 793 | AD28: 0 | AE28: 80 | AF28: 49 | AG28: =AG27 -> 0 | AI28: 0 | AJ28: =23.5*(V27*1.9835-U28*1.9835)/E28 -> 6.5469407
A29: =A28+1 -> 18 | B29: 6906.15 | C29: 306834 | D29: =C29-C28 -> -739 | E29: =C29-152000 -> 154834 | F29: =D29/$D$2 -> -372.57373 | G29: 472 | H29: 0.3 | I29: =G29+H29 -> 472.3 | J29: =IF(L29>0,L29,0) -> 0 | K29: =I29+J29 -> 472.3 | L29: =F29-(I29-AA29) -> -77.873733 | M29: 279 | N29: 0 | O29: =58.71*1.05 -> 61.6455 | P29: 2.37 | Q29: 4.2 | R29: 3.3 | S29: 151 | T29: 69 | U29: =M29-N29-O29-P29-Q29-R29+S29+T29 -> 427.4845 | V29: =V28-U29-(AJ29/1.9835) -> 21417.027 | X29: 200 | Y29: 68 | Z29: =Z28-Y29 -> 12308.984 | AA29: =N29+O29+P29+Q29+R29+U29+X29+Y29 -> 767 | AB29: =IF(L29<0,L29*-1,0) -> 77.873733 | AC29: =AA29+AB29 -> 844.87373 | AD29: 0 | AE29: 81 | AF29: 51 | AG29: =AG28 -> 0 | AI29: 0 | AJ29: =23.5*(V28*1.9835-U29*1.9835)/E29 -> 6.4485019
A30: =A29+1 -> 19 | B30: 6905.96 | C30: 306097 | D30: =C30-C29 -> -737 | E30: =C30-152000 -> 154097 | F30: =D30/$D$2 -> -371.56541 | G30: 446 | H30: 0.36 | I30: =G30+H30 -> 446.36 | J30: =IF(L30>0,L30,0) -> 0 | K30: =I30+J30 -> 446.36 | L30: =F30-(I30-AA30) -> -51.925415 | M30: 282 | N30: 0 | O30: =53.98*1.05 -> 56.679 | P30: 2.37 | Q30: 4.2 | R30: 3.65 | S30: 151 | T30: 69 | U30: =M30-N30-O30-P30-Q30-R30+S30+T30 -> 435.101 | V30: =V29-U30-(AJ30/1.9835) -> 20978.726 | X30: 197 | Y30: 67 | Z30: =Z29-Y30 -> 12241.984 | AA30: =N30+O30+P30+Q30+R30+U30+X30+Y30 -> 766 | AB30: =IF(L30<0,L30*-1,0) -> 51.925415 | AC30: =AA30+AB30 -> 817.92541 | AD30: 0 | AE30: 83 | AF30: 51 | AG30: =AG29 -> 0 | AI30: 0 | AJ30: =23.5*(V29*1.9835-U30*1.9835)/E30 -> 6.3467476
A31: =A30+1 -> 20 | B31: 6905.71 | C31: 305133 | D31: =C31-C30 -> -964 | E31: =C31-152000 -> 153133 | F31: =D31/$D$2 -> -486.00958 | G31: 422 | H31: 0.3 | I31: =G31+H31 -> 422.3 | J31: =IF(L31>0,L31,0) -> 0 | K31: =I31+J31 -> 422.3 | L31: =F31-(I31-AA31) -> -134.30958 | M31: 292 | N31: 0 | O31: =62.85*1.05 -> 65.9925 | P31: 2.37 | Q31: 4.2 | R31: 3.55 | S31: 151 | T31: 69 | U31: =M31-N31-O31-P31-Q31-R31+S31+T31 -> 435.8875 | V31: =V30-U31-(AJ31/1.9835) -> 20539.686 | X31: 194 | Y31: 68 | Z31: =Z30-Y31 -> 12173.984 | AA31: =N31+O31+P31+Q31+R31+U31+X31+Y31 -> 774 | AB31: =IF(L31<0,L31*-1,0) -> 134.30958 | AC31: =AA31+AB31 -> 908.30958 | AD31: 0 | AE31: 82 | AF31: 49 | AG31: =AG30 -> 0 | AI31: 0 | AJ31: =23.5*(V30*1.9835-U31*1.9835)/E31 -> 6.2530475
A32: =A31+1 -> 21 | B32: 6905.51 | C32: 304362 | D32: =C32-C31 -> -771 | E32: =C32-152000 -> 152362 | F32: =D32/$D$2 -> -388.70683 | G32: 395 | H32: 0.3 | I32: =G32+H32 -> 395.3 | J32: =IF(L32>0,L32,0) -> 41.993169 | K32: =I32+J32 -> 437.29317 | L32: =F32-(I32-AA32) -> 41.993169 | M32: 321 | N32: 0 | O32: =84.01*1.05 -> 88.2105 | P32: 2.37 | Q32: 4.2 | R32: 3.54 | S32: 150 | T32: 68 | U32: =M32-N32-O32-P32-Q32-R32+S32+T32 -> 440.6795 | V32: =V31-U32-(AJ32/1.9835) -> 20095.906 | X32: 219 | Y32: 68 | Z32: =Z31-Y32 -> 12105.984 | AA32: =N32+O32+P32+Q32+R32+U32+X32+Y32 -> 826 | AB32: =IF(L32<0,L32*-1,0) -> 0 | AC32: =AA32+AB32 -> 826 | AD32: 0 | AE32: 77 | AF32: 48 | AG32: =AG31 -> 0 | AI32: 0 | AJ32: =23.5*(V31*1.9835-U32*1.9835)/E32 -> 6.1489079
A33: =A32+1 -> 22 | B33: 6905.22 | C33: 303244 | D33: =C33-C32 -> -1118 | E33: =C33-152000 -> 151244 | F33: =D33/$D$2 -> -563.65011 | G33: 358 | H33: 0.5 | I33: =G33+H33 -> 358.5 | J33: =IF(L33>0,L33,0) -> 0 | K33: =I33+J33 -> 358.5 | L33: =F33-(I33-AA33) -> -69.150113 | M33: 325 | N33: 0 | O33: =93.45*1.05 -> 98.1225 | P33: 2.37 | Q33: 4.2 | R33: 3.74 | S33: 150 | T33: 67 | U33: =M33-N33-O33-P33-Q33-R33+S33+T33 -> 433.5675 | V33: =V32-U33-(AJ33/1.9835) -> 19659.284 | X33: 243 | Y33: 68 | Z33: =Z32-Y33 -> 12037.984 | AA33: =N33+O33+P33+Q33+R33+U33+X33+Y33 -> 853 | AB33: =IF(L33<0,L33*-1,0) -> 69.150113 | AC33: =AA33+AB33 -> 922.15011 | AD33: 0 | AE33: 78 | AF33: 45 | AG33: =AG32 -> 0 | AI33: 0 | AJ33: =23.5*(V32*1.9835-U33*1.9835)/E33 -> 6.0597832
A34: =A33+1 -> 23 | B34: 6904.92 | C34: 302090 | D34: =C34-C33 -> -1154 | E34: =C34-152000 -> 150090 | F34: =D34/$D$2 -> -581.79985 | G34: 312 | H34: 0.4 | I34: =G34+H34 -> 312.4 | J34: =IF(L34>0,L34,0) -> 0 | K34: =I34+J34 -> 312.4 | L34: =F34-(I34-AA34) -> -38.199849 | M34: 317 | N34: 0 | O34: =94.12*1.05 -> 98.826 | P34: 2.37 | Q34: 4.2 | R34: 3.42 | S34: 149 | T34: 69 | U34: =M34-N34-O34-P34-Q34-R34+S34+T34 -> 426.184 | V34: =V33-U34-(AJ34/1.9835) -> 19230.088 | X34: 253 | Y34: 68 | Z34: =Z33-Y34 -> 11969.984 | AA34: =N34+O34+P34+Q34+R34+U34+X34+Y34 -> 856 | AB34: =IF(L34<0,L34*-1,0) -> 38.199849 | AC34: =AA34+AB34 -> 894.19985 | AD34: 0 | AE34: 82 | AF34: 46 | AG34: =AG33 -> 0 | AI34: 0 | AJ34: =23.5*(V33*1.9835-U34*1.9835)/E34 -> 5.9730698
A35: =A34+1 -> 24 | B35: 6904.59 | C35: 300828 | D35: =C35-C34 -> -1262 | E35: =C35-152000 -> 148828 | F35: =D35/$D$2 -> -636.24905 | G35: 291 | H35: 0.4 | I35: =G35+H35 -> 291.4 | J35: =IF(L35>0,L35,0) -> 0 | K35: =I35+J35 -> 291.4 | L35: =F35-(I35-AA35) -> -68.649055 | M35: 317 | N35: 0 | O35: =89.79*1.05 -> 94.2795 | P35: 2.37 | Q35: 4.2 | R35: 3.52 | S35: 149 | T35: 69 | U35: =M35-N35-O35-P35-Q35-R35+S35+T35 -> 430.6305 | V35: =V34-U35-(AJ35/1.9835) -> 18796.489 | X35: 256 | Y35: 68 | Z35: =Z34-Y35 -> 11901.984 | AA35: =N35+O35+P35+Q35+R35+U35+X35+Y35 -> 859 | AB35: =IF(L35<0,L35*-1,0) -> 68.649055 | AC35: =AA35+AB35 -> 927.64905 | AD35: 0 | AE35: 85 | AF35: 52 | AG35: =AG34 -> 0 | AI35: 0 | AJ35: =23.5*(V34*1.9835-U35*1.9835)/E35 -> 5.8879043
A36: =A35+1 -> 25 | B36: 6904.24 | C36: 299412 | D36: =C36-C35 -> -1416 | E36: =C36-152000 -> 147412 | F36: =D36/$D$2 -> -713.88959 | G36: 279 | H36: 0.5 | I36: =G36+H36 -> 279.5 | J36: =IF(L36>0,L36,0) -> 0 | K36: =I36+J36 -> 279.5 | L36: =F36-(I36-AA36) -> -117.38959 | M36: 336 | N36: 0 | O36: =88.32*1.05 -> 92.736 | P36: 2.37 | Q36: 4.2 | R36: 3.47 | S36: 150 | T36: 69 | U36: =M36-N36-O36-P36-Q36-R36+S36+T36 -> 452.224 | V36: =V35-U36-(AJ36/1.9835) -> 18341.341 | X36: 253 | Y36: 68 | Z36: =Z35-Y36 -> 11833.984 | AA36: =N36+O36+P36+Q36+R36+U36+X36+Y36 -> 876 | AB36: =IF(L36<0,L36*-1,0) -> 117.38959 | AC36: =AA36+AB36 -> 993.38959 | AD36: 0 | AE36: 80 | AF36: 53 | AG36: =AG35 -> 0 | AI36: 0 | AJ36: =23.5*(V35*1.9835-U36*1.9835)/E36 -> 5.8005283
A37: =A36+1 -> 26 | B37: 6903.96 | C37: 298419 | D37: =C37-C36 -> -993 | E37: =C37-152000 -> 146419 | F37: =D37/$D$2 -> -500.6302 | G37: 274 | H37: 0.5 | I37: =G37+H37 -> 274.5 | J37: =IF(L37>0,L37,0) -> 89.869801 | K37: =I37+J37 -> 364.3698 | L37: =F37-(I37-AA37) -> 89.869801 | M37: 317 | N37: 0 | O37: =93.84*1.05 -> 98.532 | P37: 2.37 | Q37: 4.2 | R37: 3.46 | S37: 150 | T37: 68 | U37: =M37-N37-O37-P37-Q37-R37+S37+T37 -> 426.438 | V37: =V36-U37-(AJ37/1.9835) -> 17912.028 | X37: 263 | Y37: 67 | Z37: =Z36-Y37 -> 11766.984 | AA37: =N37+O37+P37+Q37+R37+U37+X37+Y37 -> 865 | AB37: =IF(L37<0,L37*-1,0) -> 0 | AC37: =AA37+AB37 -> 865 | AD37: 0 | AE37: 79 | AF37: 50 | AG37: =AG36 -> 0 | AI37: 0 | AJ37: =23.5*(V36*1.9835-U37*1.9835)/E37 -> 5.7031802
A38: =A37+1 -> 27 | B38: 6903.66 | C38: 297281 | D38: =C38-C37 -> -1138 | E38: =C38-152000 -> 145281 | F38: =D38/$D$2 -> -573.7333 | G38: 261 | H38: 0.5 | I38: =G38+H38 -> 261.5 | J38: =IF(L38>0,L38,0) -> 0 | K38: =I38+J38 -> 261.5 | L38: =F38-(I38-AA38) -> -11.2333 | M38: 321 | N38: 0 | O38: =82.39*1.05 -> 86.5095 | P38: 2.37 | Q38: 4.2 | R38: 3.55 | S38: 151 | T38: 69 | U38: =M38-N38-O38-P38-Q38-R38+S38+T38 -> 444.3705 | V38: =V37-U38-(AJ38/1.9835) -> 17464.832 | X38: 217 | Y38: 66 | Z38: =Z37-Y38 -> 11700.984 | AA38: =N38+O38+P38+Q38+R38+U38+X38+Y38 -> 824 | AB38: =IF(L38<0,L38*-1,0) -> 11.2333 | AC38: =AA38+AB38 -> 835.2333 | AD38: 0 | AE38: 82 | AF38: 49 | AG38: =AG37 -> 0 | AI38: 0 | AJ38: =23.5*(V37*1.9835-U38*1.9835)/E38 -> 5.6043585
A39: =A38+1 -> 28 | B39: 6903.34 | C39: 296067 | D39: =C39-C38 -> -1214 | E39: =C39-152000 -> 144067 | F39: =D39/$D$2 -> -612.04941 | G39: 247 | H39: 0.4 | I39: =G39+H39 -> 247.4 | J39: =IF(L39>0,L39,0) -> 0.55059239 | K39: =I39+J39 -> 247.95059 | L39: =F39-(I39-AA39) -> 0.55059239 | M39: 301 | N39: 0 | O39: =80.35*1.05 -> 84.3675 | P39: 2.37 | Q39: 4.2 | R39: 1.75 | S39: 149 | T39: 67 | U39: =M39-N39-O39-P39-Q39-R39+S39+T39 -> 424.3125 | V39: =V38-U39-(AJ39/1.9835)+14.06 -> 17051.8 | X39: 276 | Y39: 67 | Z39: =Z38-Y39 -> 11633.984 | AA39: =N39+O39+P39+Q39+R39+U39+X39+Y39 -> 860 | AB39: =IF(L39<0,L39*-1,0) -> 0 | AC39: =AA39+AB39 -> 860 | AD39: 0.23 | AE39: 78 | AF39: 51 | AG39: =AG38 -> 0 | AI39: 0 | AJ39: =23.5*(V38*1.9835-U39*1.9835)/E39 -> 5.5133857 | AK39: 14.06
A40: =A39+1 -> 29 | B40: 6903.06 | C40: 295005 | D40: =C40-C39 -> -1062 | E40: =C40-152000 -> 143005 | F40: =D40/$D$2 -> -535.41719 | G40: 322 | H40: 0.3 | I40: =G40+H40 -> 322.3 | J40: =IF(L40>0,L40,0) -> 0 | K40: =I40+J40 -> 322.3 | L40: =F40-(I40-AA40) -> -40.717192 | M40: 267 | N40: 0 | O40: =66.59*1.05 -> 69.9195 | P40: 2.37 | Q40: 4.2 | R40: 0.49 | S40: 150 | T40: 67 | U40: =M40-N40-O40-P40-Q40-R40+S40+T40 -> 407.0205 | V40: =V39-U40-(AJ40/1.9835)+25 -> 16667.044 | X40: 254 | Y40: 79 | Z40: =Z39-Y40 -> 11554.984 | AA40: =N40+O40+P40+Q40+R40+U40+X40+Y40 -> 817 | AB40: =IF(L40<0,L40*-1,0) -> 40.717192 | AC40: =AA40+AB40 -> 857.71719 | AD40: 0.06 | AE40: 70 | AF40: 50 | AG40: =AG39 -> 0 | AI40: 0 | AJ40: =23.5*(V39*1.9835-U40*1.9835)/E40 -> 5.425339 | AK40: 25
A41: 30 | B41: 6903.74 | C41: 293799 | D41: =C41-C40 -> -1206 | E41: =C41-152000 -> 141799 | F41: =D41/$D$2 -> -608.01613 | G41: 282 | H41: 0.3 | I41: =G41+H41 -> 282.3 | J41: =IF(L41>0,L41,0) -> 0 | K41: =I41+J41 -> 282.3 | L41: =F41-(I41-AA41) -> -11.316133 | M41: 290 | N41: 0 | O41: =80.21*1.05 -> 84.2205 | P41: 2.37 | Q41: 4.2 | R41: 0.42 | S41: 149 | T41: 66 | U41: =M41-N41-O41-P41-Q41-R41+S41+T41 -> 413.7895 | V41: =V40-U41-(AJ41/1.9835)+25 -> 16275.561 | X41: 282 | Y41: 92 | Z41: =Z40-Y41 -> 11462.984 | AA41: =N41+O41+P41+Q41+R41+U41+X41+Y41 -> 879 | AB41: =IF(L41<0,L41*-1,0) -> 11.316133 | AC41: =AA41+AB41 -> 890.31613 | AD41: 0 | AE41: 76 | AF41: 48 | AG41: =AG40 -> 0 | AI41: 0 | AJ41: =23.5*(V40*1.9835-U41*1.9835)/E41 -> 5.3427792 | AK41: 25
A43: MONTH / CFS | F43: =SUM(F12:F41) -> -3794.303 | G43: =SUM(G12:G41) -> 19850 | H43: =SUM(H12:H41) -> 9.86 | I43: =SUM(I12:I41) -> 19859.86 | J43: =SUM(J12:J41) -> 613.22642 | K43: =SUM(K12:K41) -> 20473.086 | L43: =SUM(L12:L41) -> -442.163 | M43: =SUM(M12:M41) -> 9145 | ... U43: =SUM(U12:U41) -> 12360.058 | X43: =SUM(X12:X41) -> 5939 | Y43: =SUM(Y12:Y41) -> 2033 | AA43: =SUM(AA12:AA41) -> 23212 | AB43: =SUM(AB12:AB41) -> 1055.3894 | AC43: =SUM(AC12:AC41) -> 24267.389 | AD43: =SUM(AD12:AD41) -> 0.29 | AE43: =AVERAGE(AE12:AE41) -> 80.866667 | AF43: =AVERAGE(AF12:AF41) -> 48.533333 | AG43: AVG | AH43: =SUM(AH12:AH41) -> 0 | AK43: =SUM(AK12:AK41) -> 64.06
A44: MONTH / AF | D44: =SUM(D12:D41) -> -7526 | F44: =F43*$D$2 -> -7526 | G44: =G43*$D$2 -> 39372.475 | H44: =H43*$D$2 -> 19.55731 | I44: =I43*$D$2 -> 39392.032 | J44: =J43*$D$2 -> 1216.3346 | K44: =K43*$D$2 -> 40608.367 | L44: =L43*$D$2 -> -877.03031 | M44: =M43*$D$2 -> 18139.107 | ... U44: =U43*$D$2 -> 24516.174 | X44: =X43*$D$2 -> 11780.006 | Y44: =Y43*$D$2 -> 4032.4555 | AA44: =AA43*$D$2 -> 46041.002 | AB44: =AB43*$D$2 -> 2093.3649 | AC44: =AC43*$D$2 -> 48134.367 | AE44: =MAX(AE12:AE41) -> 88 | AF44: =MAX(AF12:AF41) -> 54 | AG44: HI | AH44: =AH43*$D$2 -> 0 | AJ44: =SUM(AJ12:AJ41) -> 205.77723 | AK44: =AK43*$D$2 -> 127.06301
A46: SEASON / CFS | F46: =F9+F43 -> 52911.52 | G46: =G9+G43 -> 88349 | H46: =H9+H43 -> 1946.56 | I46: =I9+I43 -> 90295.56 | J46: =J9+J43 -> 8232.7029 | K46: =K9+K43 -> 98528.263 | L46: =L9+L43 -> 6944.16 | M46: =M9+M43 -> 19597.2 | ... O46: =O9+O43 -> 6729.5025 | S46: =S9+S43 -> 6176 | T46: =T9+T43 -> 4172.7 | U46: =U9+U43 -> 22559.772 | V46: =V41 -> 16275.561 | X46: =X9+X43 -> 10150.3 | AA46: =AA9+AA43 -> 44328.2 | AB46: =AB9+AB43 -> 1288.5429 | AC46: =AC9+AC43 -> 45616.743 | AE46: =MIN(AE12:AE41) -> 67 | AF46: =MIN(AF12:AF41) -> 40 | AG46: LO | AK46: =AK9+AK43 -> 64.06
A47: SEASON / AF | F47: =F46*$D$2 -> 104950 | G47: =G46*$D$2 -> 175240.24 | H47: =H46*$D$2 -> 3861.0018 | I47: =I46*$D$2 -> 179101.24 | J47: =J46*$D$2 -> 16329.566 | K47: =K46*$D$2 -> 195430.81 | L47: =L46*$D$2 -> 13773.741 | M47: =M46*$D$2 -> 38871.046 | ... O47: =O46*$D$2 -> 13347.968 | S47: =S46*$D$2 -> 12250.096 | T47: =T46*$D$2 -> 8276.5505 | U47: =U46*$D$2 -> 44747.309 | V47: =V46*$D$2 -> 32282.575 | X47: =X46*$D$2 -> 20133.12 | AA47: =AA46*$D$2 -> 87924.985 | AB47: =AB46*$D$2 -> 2555.8248 | AC47: =AC46*$D$2 -> 90480.81 | AJ47: =AJ9+AJ44 -> 798.89088 | AK47: =AK46*$D$2 -> 127.06301
A49: YTD / CFS | F49: =F10+F43 -> 60426.519 | G49: =G10+G43 -> 102477 | H49: =H10+H43 -> 2250.16 | I49: =I10+I43 -> 104727.16 | J49: =J10+J43 -> 13870.306 | K49: =K10+K43 -> 118597.47 | L49: =L10+L43 -> 12357.014 | M49: =M10+M43 -> 20572.6 | ... U49: =U10+U43 -> 30999.85 | X49: =X10+X43 -> 10150.3 | Y49: =Y10+Y43 -> 7438 | Z49: =Z41 -> 11462.984 | AA49: =AA10+AA43 -> 56657.655 | AB49: =AB10+AB43 -> 1513.2923 | AC49: =AC10+AC43 -> 58170.947 | AD49: =AD10+AD43 -> 9.7 | AH49: =AH10+AH43 -> 346.51 | AK49: =AK10+AK43 -> 64.06
A50: YTD / AF | D50: =D10+D44 -> 119856 | E50: =E41 -> 141799 | F50: =F49*$D$2 -> 119856 | G50: =G49*$D$2 -> 203263.13 | H50: =H49*$D$2 -> 4463.1924 | I50: =I49*$D$2 -> 207726.32 | J50: =J49*$D$2 -> 27511.752 | K50: =K49*$D$2 -> 235238.07 | L50: =L49*$D$2 -> 24510.137 | M50: =M49*$D$2 -> 40805.752 | ... U50: =U49*$D$2 -> 61488.202 | X50: =X49*$D$2 -> 20133.12 | Y50: =Y49*$D$2 -> 14753.273 | Z50: =Z49*$D$2 -> 22736.828 | AA50: =AA49*$D$2 -> 112380.46 | AB50: =AB49*$D$2 -> 3001.6153 | AC50: =AC49*$D$2 -> 115382.07 | AG50: =AG41 -> 0 | AH50: =AH49*$D$2 -> 687.30259 | AJ50: =AJ10+AJ44 -> 798.89088 | AK50: =AK49*$D$2 -> 127.06301

Sheet JUL
K1: MCPHEE RESERVOIR INFLOW/OUTFLOW TABULATION
A2: AF/cfs CONVERT FACTOR | D2: 1.9835 | K2: JULY "2004"
D4: RESERVOIR | S4: INFLOW/OUTFLOW (CFS) | AE4: WEATHER | AI4: ADJUSTMENTS
A5: DATE | B5: RESERV | C5: RESERV | D5: AC FT | E5: ACTIVE | F5: CONV TO | G5: DOLORES | H5: LOST | I5: RECORD | J5: CALC | K5: TOTAL | L5: CALC | M5: DOLORES TUNNEL | S5: LONE | T5: U | U5: TOTAL | V5: MVI | W5: MVI | X5: DV CR | Y5: BELOW | Z5: FISH | AA5: RECORD | AB5: CALC | AC5: TOTAL | AD5: RAIN | AE5: MAX | AF5: MIN | AG5: NAR | AH5: MVI | AI5: MVI | AJ5: MVI | AK5: U/S
A6: JUL | B6: ELEV | C6: AC FT | D6: CHANGE | E6: CAP | F6: CFS | G6: RIVER | H6: CAN | I6: INFLOW | J6: INFLOW | K6: INFLOW | L6: INF/OTF | M6: TOT DIV | N6: WET | O6: UTE | P6: MWC | Q6: CTZ | R6: CTZ & | S6: PINE | T6: LAT | U6: MVI | V6: CALL + | W6: PROJ | X6: CANAL | Y6: MCP | Z6: LEFT | AA6: OTF | AB6: OTF | AC6: OTF | AE6: TMP | AF6: TMP | AG6: CALL | AH6: STOCK | AI6: STORED | AJ6: STORED | AK6: USERS
E7: AC FT | N7: LAND | O7: F&R | R7: UTE | V7: TO EX | AG7: AC FT | AH7: AC.FT. | AI7: Apr - Jun | AJ7: EVAP | AK7: EXCH
R8: PROJ | AJ8: AC.FT.
A9: SEASON BAL | F9: =JUN!F46 -> 52911.52 | G9: =JUN!G46 -> 88349 | H9: =JUN!H46 -> 1946.56 | I9: =JUN!I46 -> 90295.56 | J9: =JUN!J46 -> 8232.7029 | K9: =JUN!K46 -> 98528.263 | L9: =JUN!L46 -> 6944.16 | M9: =JUN!M46 -> 19597.2 | ... O9: =JUN!O46 -> 6729.5025 | S9: =JUN!S46 -> 6176 | T9: =JUN!T46 -> 4172.7 | U9: =JUN!U46 -> 22559.772 | V9: =JUN!V46 -> 16275.561 | X9: =JUN!X46 -> 10150.3 | AA9: =JUN!AA46 -> 44328.2 | AB9: =JUN!AB46 -> 1288.5429 | AC9: =JUN!AC46 -> 45616.743 | AJ9: =JUN!AJ47 -> 798.89088 | AK9: =JUN!AK46 -> 64.06
A10: YTD | B10: =JUN!B41 -> 6903.74 | C10: =JUN!C41 -> 293799 | D10: =JUN!D50 -> 119856 | E10: =JUN!E50 -> 141799 | F10: =JUN!F49 -> 60426.519 | G10: =JUN!G49 -> 102477 | H10: =JUN!H49 -> 2250.16 | I10: =JUN!I49 -> 104727.16 | J10: =JUN!J49 -> 13870.306 | K10: =JUN!K49 -> 118597.47 | L10: =JUN!L49 -> 12357.014 | M10: =JUN!M49 -> 20572.6 | ... U10: =JUN!U49 -> 30999.85 | X10: =JUN!X49 -> 10150.3 | Y10: =JUN!Y49 -> 7438 | Z10: =JUN!Z49 -> 11462.984 | AA10: =JUN!AA49 -> 56657.655 | AB10: =JUN!AB49 -> 1513.2923 | AC10: =JUN!AC49 -> 58170.947 | AD10: =JUN!AD49 -> 9.7 | AG10: =JUN!AG50 -> 0 | AH10: =JUN!AH49 -> 346.51 | AJ10: =JUN!AJ50 -> 798.89088 | AK10: =JUN!AK49 -> 64.06
A12: 1 | B12: 6902.44 | C12: 292670 | D12: =C12-C10 -> -1129 | E12: =C12-152000 -> 140670 | F12: =D12/$D$2 -> -569.19587 | G12: 254 | H12: 0.2 | I12: =G12+H12 -> 254.2 | J12: =IF(L12>0,L12,0) -> 0 | K12: =I12+J12 -> 254.2 | L12: =F12-(I12-AA12) -> -35.395866 | M12: 256 | N12: 0 | O12: =74.7*1.05 -> 78.435 | P12: 2.3 | Q12: 4.2 | R12: 3.37 | S12: 113 | T12: 67 | U12: =M12-N12-O12-P12-Q12-R12+S12+T12 -> 347.695 | V12: =V9+AI12-(AJ12/1.9835)+AK12 -> 16197.905 | X12: 287 | Y12: 65 | Z12: =Z10-Y12 -> 11397.984 | AA12: =N12+O12+P12+Q12+R12+U12+X12+Y12 -> 788 | AB12: =IF(L12<0,L12*-1,0) -> 35.395866 | AC12: =AA12+AB12 -> 823.39587 | AD12: 0 | AE12: 81 | AF12: 47 | AG12: =AG10 -> 0 | AI12: =I12-P12-Q12-U12 -> -99.995 | AJ12: =23.5*(V9*1.9835-U12*1.9835)/E12 -> 5.2778393 | AK12: 25
A13: =A12+1 -> 2 | B13: 6902.14 | C13: 291541 | D13: =C13-C12 -> -1129 | E13: =C13-152000 -> 139541 | F13: =D13/$D$2 -> -569.19587 | G13: 227 | H13: 0.5 | I13: =G13+H13 -> 227.5 | J13: =IF(L13>0,L13,0) -> 0 | K13: =I13+J13 -> 227.5 | L13: =F13-(I13-AA13) -> -32.695866 | M13: 253 | N13: 0 | O13: =51.71*1.05 -> 54.2955 | P13: 2.3 | Q13: 4.2 | R13: 3.29 | S13: 106 | T13: 68 | U13: =M13-N13-O13-P13-Q13-R13+S13+T13 -> 362.9145 | V13: =V12+AI13-(AJ13/1.9835)+AK13 -> 16078.324 | X13: 272 | Y13: 65 | Z13: =Z12-Y13 -> 11332.984 | AA13: =N13+O13+P13+Q13+R13+U13+X13+Y13 -> 764 | AB13: =IF(L13<0,L13*-1,0) -> 32.695866 | AC13: =AA13+AB13 -> 796.69587 | AD13: 0 | AE13: 82 | AF13: 47 | AG13: =AG12 -> 0 | AI13: =I13-P13-Q13-U13 -> -141.9145 | AJ13: =23.5*(V12*1.9835-U13*1.9835)/E13 -> 5.2895173 | AK13: 25
A14: =A13+1 -> 3 | B14: 6901.83 | C14: 290380 | D14: =C14-C13 -> -1161 | E14: =C14-152000 -> 138380 | F14: =D14/$D$2 -> -585.32896 | G14: 211 | H14: 0.5 | I14: =G14+H14 -> 211.5 | J14: =IF(L14>0,L14,0) -> 0 | K14: =I14+J14 -> 211.5 | L14: =F14-(I14-AA14) -> -21.828964 | M14: 261 | N14: 0 | O14: =81.42*1.05 -> 85.491 | P14: 2.3 | Q14: 4.2 | R14: 3.94 | S14: 106 | T14: 70 | U14: =M14-N14-O14-P14-Q14-R14+S14+T14 -> 341.069 | V14: =V13+AI14-(AJ14/1.9835)+AK14 -> 15964.582 | X14: 273 | Y14: 65 | Z14: =Z13-Y14 -> 11267.984 | AA14: =N14+O14+P14+Q14+R14+U14+X14+Y14 -> 775 | AB14: =IF(L14<0,L14*-1,0) -> 21.828964 | AC14: =AA14+AB14 -> 796.82896 | AD14: 0 | AE14: 83 | AF14: 49 | AG14: =AG13 -> 0 | AI14: =I14-P14-Q14-U14 -> -136.069 | AJ14: =23.5*(V13*1.9835-U14*1.9835)/E14 -> 5.3009745 | AK14: 25
A15: =A14+1 -> 4 | B15: 6901.53 | C15: 289297 | D15: =C15-C14 -> -1083 | E15: =C15-152000 -> 137297 | F15: =D15/$D$2 -> -546.00454 | G15: 197 | H15: 0.5 | I15: =G15+H15 -> 197.5 | J15: =IF(L15>0,L15,0) -> 0 | K15: =I15+J15 -> 197.5 | L15: =F15-(I15-AA15) -> -6.5045374 | M15: 253 | N15: 0 | O15: =68.27*1.05 -> 71.6835 | P15: 2.3 | Q15: 4.2 | R15: 4.73 | S15: 106 | T15: 71 | U15: =M15-N15-O15-P15-Q15-R15+S15+T15 -> 347.0865 | V15: =V14+AI15-(AJ15/1.9835)+AK15 -> 15830.822 | X15: 242 | Y15: 65 | Z15: =Z14-Y15 -> 11202.984 | AA15: =N15+O15+P15+Q15+R15+U15+X15+Y15 -> 737 | AB15: =IF(L15<0,L15*-1,0) -> 6.5045374 | AC15: =AA15+AB15 -> 743.50454 | AD15: 0 | AE15: 82 | AF15: 47 | AG15: =AG14 -> 0 | AI15: =I15-P15-Q15-U15 -> -156.0865 | AJ15: =23.5*(V14*1.9835-U15*1.9835)/E15 -> 5.3021305 | AK15: 25
A16: =A15+1 -> 5 | B16: 6901.21 | C16: 288066 | D16: =C16-C15 -> -1231 | E16: =C16-152000 -> 136066 | F16: =D16/$D$2 -> -620.62012 | G16: 184 | H16: 0.5 | I16: =G16+H16 -> 184.5 | J16: =IF(L16>0,L16,0) -> 0 | K16: =I16+J16 -> 184.5 | L16: =F16-(I16-AA16) -> -69.120116 | M16: 239 | N16: 29.75 | O16: =51.55*1.05 -> 54.1275 | P16: 2.3 | Q16: 4.2 | R16: 3.74 | S16: 105 | T16: 70 | U16: =M16-N16-O16-P16-Q16-R16+S16+T16 -> 319.8825 | V16: =V15+AI16-(AJ16/1.9835)+AK16 -> 15711.261 | X16: 257 | Y16: 65 | Z16: =Z15-Y16 -> 11137.984 | AA16: =N16+O16+P16+Q16+R16+U16+X16+Y16 -> 736 | AB16: =IF(L16<0,L16*-1,0) -> 69.120116 | AC16: =AA16+AB16 -> 805.12012 | AD16: 0 | AE16: 85 | AF16: 52 | AG16: =AG15 -> 0 | AI16: =I16-P16-Q16-U16 -> -141.8825 | AJ16: =23.5*(V15*1.9835-U16*1.9835)/E16 -> 5.3135964 | AK16: 25
A17: =A16+1 -> 6 | B17: 6900.88 | C17: 286838 | D17: =C17-C16 -> -1228 | E17: =C17-152000 -> 134838 | F17: =D17/$D$2 -> -619.10764 | G17: 178 | H17: 0.5 | I17: =G17+H17 -> 178.5 | J17: =IF(L17>0,L17,0) -> 7.392362 | K17: =I17+J17 -> 185.89236 | L17: =F17-(I17-AA17) -> 7.392362 | M17: 263 | N17: 0 | O17: =63.88*1.05 -> 67.074 | P17: 2.3 | Q17: 4.2 | R17: 3.74 | S17: 128 | T17: 70 | U17: =M17-N17-O17-P17-Q17-R17+S17+T17 -> 383.686 | V17: =V16+AI17-(AJ17/1.9835)+AK17 -> 15521.904 | X17: 279 | Y17: 65 | Z17: =Z16-Y17 -> 11072.984 | AA17: =N17+O17+P17+Q17+R17+U17+X17+Y17 -> 805 | AB17: =IF(L17<0,L17*-1,0) -> 0 | AC17: =AA17+AB17 -> 805 | AD17: 0 | AE17: 86 | AF17: 54 | AG17: =AG16 -> 0 | AI17: =I17-P17-Q17-U17 -> -211.686 | AJ17: =23.5*(V16*1.9835-U17*1.9835)/E17 -> 5.298601 | AK17: 25
A18: =A17+1 -> 7 | B18: 6900.51 | C18: 285468 | D18: =C18-C17 -> -1370 | E18: =C18-152000 -> 133468 | F18: =D18/$D$2 -> -690.69826 | G18: 161 | H18: 0.4 | I18: =G18+H18 -> 161.4 | J18: =IF(L18>0,L18,0) -> 0 | K18: =I18+J18 -> 161.4 | L18: =F18-(I18-AA18) -> -0.09826065 | M18: 273 | N18: 0 | O18: =76.92*1.05 -> 80.766 | P18: 2.3 | Q18: 4.2 | R18: 3.56 | S18: 141 | T18: 73 | U18: =M18-N18-O18-P18-Q18-R18+S18+T18 -> 396.174 | V18: =V17+AI18-(AJ18/1.9835)+AK18 -> 15302.966 | X18: 300 | Y18: 65 | Z18: =Z17-Y18 -> 11007.984 | AA18: =N18+O18+P18+Q18+R18+U18+X18+Y18 -> 852 | AB18: =IF(L18<0,L18*-1,0) -> 0.09826065 | AC18: =AA18+AB18 -> 852.09826 | AD18: 0 | AE18: 89 | AF18: 53 | AG18: =AG17 -> 0 | AI18: =I18-P18-Q18-U18 -> -241.274 | AJ18: =23.5*(V17*1.9835-U18*1.9835)/E18 -> 5.2824969 | AK18: 25
A19: =A18+1 -> 8 | B19: 6900.11 | C19: 283987 | D19: =C19-C18 -> -1481 | E19: =C19-152000 -> 131987 | F19: =D19/$D$2 -> -746.65994 | G19: 153 | H19: 0.5 | I19: =G19+H19 -> 153.5 | J19: =IF(L19>0,L19,0) -> 0 | K19: =I19+J19 -> 153.5 | L19: =F19-(I19-AA19) -> -30.159945 | M19: 275 | N19: 0 | O19: =79.06*1.05 -> 83.013 | P19: 2.3 | Q19: 4.2 | R19: 3.31 | S19: 140 | T19: 81 | U19: =M19-N19-O19-P19-Q19-R19+S19+T19 -> 403.177 | V19: =V18+AI19-(AJ19/1.9835)+AK19 -> 15069.137 | X19: 309 | Y19: 65 | Z19: =Z18-Y19 -> 10942.984 | AA19: =N19+O19+P19+Q19+R19+U19+X19+Y19 -> 870 | AB19: =IF(L19<0,L19*-1,0) -> 30.159945 | AC19: =AA19+AB19 -> 900.15994 | AD19: 0 | AE19: 85 | AF19: 51 | AG19: =AG18 -> 0 | AI19: =I19-P19-Q19-U19 -> -256.177 | AJ19: =23.5*(V18*1.9835-U19*1.9835)/E19 -> 5.2619782 | AK19: 25
A20: =A19+1 -> 9 | B20: 6899.65 | C20: 282294 | D20: =C20-C19 -> -1693 | E20: =C20-152000 -> 130294 | F20: =D20/$D$2 -> -853.54172 | G20: 147 | H20: 0.5 | I20: =G20+H20 -> 147.5 | J20: =IF(L20>0,L20,0) -> 0 | K20: =I20+J20 -> 147.5 | L20: =F20-(I20-AA20) -> -107.04172 | M20: 268 | N20: 0 | O20: =73.99*1.05 -> 77.6895 | P20: 2.3 | Q20: 4.2 | R20: 4 | S20: 140 | T20: 82 | U20: =M20-N20-O20-P20-Q20-R20+S20+T20 -> 401.8105 | V20: =V19+AI20-(AJ20/1.9835)+AK20 -> 14830.681 | X20: 331 | Y20: 73 | Z20: =Z19-Y20 -> 10869.984 | AA20: =N20+O20+P20+Q20+R20+U20+X20+Y20 -> 894 | AB20: =IF(L20<0,L20*-1,0) -> 107.04172 | AC20: =AA20+AB20 -> 1001.0417 | AD20: 0 | AE20: 84 | AF20: 52 | AG20: =AG19 -> 0 | AI20: =I20-P20-Q20-U20 -> -260.8105 | AJ20: =23.5*(V19*1.9835-U20*1.9835)/E20 -> 5.2471877 | AK20: 25
A21: =A20+1 -> 10 | B21: 6899.31 | C21: 281045 | D21: =C21-C20 -> -1249 | E21: =C21-152000 -> 129045 | F21: =D21/$D$2 -> -629.69498 | G21: 146 | H21: 0.5 | I21: =G21+H21 -> 146.5 | J21: =IF(L21>0,L21,0) -> 79.805016 | K21: =I21+J21 -> 226.30502 | L21: =F21-(I21-AA21) -> 79.805016 | M21: 268 | N21: 0 | O21: =68.72*1.05 -> 72.156 | P21: 2.3 | Q21: 4.2 | R21: 3.75 | S21: 155 | T21: 81 | U21: =M21-N21-O21-P21-Q21-R21+S21+T21 -> 421.594 | V21: =V20+AI21-(AJ21/1.9835)+AK21 -> 14571.463 | X21: 274 | Y21: 78 | Z21: =Z20-Y21 -> 10791.984 | AA21: =N21+O21+P21+Q21+R21+U21+X21+Y21 -> 856 | AB21: =IF(L21<0,L21*-1,0) -> 0 | AC21: =AA21+AB21 -> 856 | AD21: 0 | AE21: 85 | AF21: 57 | AG21: =AG20 -> 0 | AI21: =I21-P21-Q21-U21 -> -281.594 | AJ21: =23.5*(V20*1.9835-U21*1.9835)/E21 -> 5.2046957 | AK21: 25
A22: =A21+1 -> 11 | B22: 6898.9 | C22: 279542 | D22: =C22-C21 -> -1503 | E22: =C22-152000 -> 127542 | F22: =D22/$D$2 -> -757.75145 | G22: 143 | H22: 0.4 | I22: =G22+H22 -> 143.4 | J22: =IF(L22>0,L22,0) -> 0 | K22: =I22+J22 -> 143.4 | L22: =F22-(I22-AA22) -> -101.15145 | M22: 259 | N22: 0 | O22: =59.67*1.05 -> 62.6535 | P22: 2.3 | Q22: 4.2 | R22: 2.55 | S22: 154 | T22: 83 | U22: =M22-N22-O22-P22-Q22-R22+S22+T22 -> 424.2965 | V22: =V21+AI22-(AJ22/1.9835)+AK22 -> 14306.46 | X22: 226 | Y22: 78 | Z22: =Z21-Y22 -> 10713.984 | AA22: =N22+O22+P22+Q22+R22+U22+X22+Y22 -> 800 | AB22: =IF(L22<0,L22*-1,0) -> 101.15145 | AC22: =AA22+AB22 -> 901.15145 | AD22: 0 | AE22: 89 | AF22: 54 | AG22: =AG21 -> 0 | AI22: =I22-P22-Q22-U22 -> -287.3965 | AJ22: =23.5*(V21*1.9835-U22*1.9835)/E22 -> 5.1703066 | AK22: 25
A23: =A22+1 -> 12 | B23: 6898.48 | C23: 278011 | D23: =C23-C22 -> -1531 | E23: =C23-152000 -> 126011 | F23: =D23/$D$2 -> -771.86791 | G23: 137 | H23: 0.4 | I23: =G23+H23 -> 137.4 | J23: =IF(L23>0,L23,0) -> 0 | K23: =I23+J23 -> 137.4 | L23: =F23-(I23-AA23) -> -36.26791 | M23: 261 | N23: 0 | O23: =55.26*1.05 -> 58.023 | P23: 2.3 | Q23: 4.2 | R23: 3.59 | S23: 158 | T23: 80 | U23: =M23-N23-O23-P23-Q23-R23+S23+T23 -> 430.887 | V23: =V22+AI23-(AJ23/1.9835)+AK23 -> 14028.885 | X23: 296 | Y23: 78 | Z23: =Z22-Y23 -> 10635.984 | AA23: =N23+O23+P23+Q23+R23+U23+X23+Y23 -> 873 | AB23: =IF(L23<0,L23*-1,0) -> 36.26791 | AC23: =AA23+AB23 -> 909.26791 | AD23: 0 | AE23: 90 | AF23: 58 | AG23: =AG22 -> 0 | AI23: =I23-P23-Q23-U23 -> -299.987 | AJ23: =23.5*(V22*1.9835-U23*1.9835)/E23 -> 5.1326603 | AK23: 25
A24: =A23+1 -> 13 | B24: 6898.12 | C24: 276698 | D24: =C24-C23 -> -1313 | E24: =C24-152000 -> 124698 | F24: =D24/$D$2 -> -661.96118 | G24: 132 | H24: 0.4 | I24: =G24+H24 -> 132.4 | J24: =IF(L24>0,L24,0) -> 67.63882 | K24: =I24+J24 -> 200.03882 | L24: =F24-(I24-AA24) -> 67.63882 | M24: 268 | N24: 0 | O24: =67.37*1.05 -> 70.7385 | P24: 2.3 | Q24: 4.2 | R24: 3.37 | S24: 161 | T24: 80 | U24: =M24-N24-O24-P24-Q24-R24+S24+T24 -> 428.3915 | V24: =V23+AI24-(AJ24/1.9835)+AK24 -> 13748.83 | X24: 275 | Y24: 78 | Z24: =Z23-Y24 -> 10557.984 | AA24: =N24+O24+P24+Q24+R24+U24+X24+Y24 -> 862 | AB24: =IF(L24<0,L24*-1,0) -> 0 | AC24: =AA24+AB24 -> 862 | AD24: 0 | AE24: 93 | AF24: 60 | AG24: =AG23 -> 0 | AI24: =I24-P24-Q24-U24 -> -302.4915 | AJ24: =23.5*(V23*1.9835-U24*1.9835)/E24 -> 5.0838794 | AK24: 25
A25: =A24+1 -> 14 | B25: 6897.7 | C25: 275175 | D25: =C25-C24 -> -1523 | E25: =C25-152000 -> 123175 | F25: =D25/$D$2 -> -767.83464 | G25: 133 | H25: 0.5 | I25: =G25+H25 -> 133.5 | J25: =IF(L25>0,L25,0) -> 0 | K25: =I25+J25 -> 133.5 | L25: =F25-(I25-AA25) -> -32.334636 | M25: 265 | N25: 0 | O25: =61.77*1.05 -> 64.8585 | P25: 2.3 | Q25: 4.2 | R25: 3.88 | S25: 160 | T25: 78 | U25: =M25-N25-O25-P25-Q25-R25+S25+T25 -> 427.7615 | V25: =V24+AI25-(AJ25/1.9835)+AK25 -> 13470.527 | X25: 288 | Y25: 78 | Z25: =Z24-Y25 -> 10479.984 | AA25: =N25+O25+P25+Q25+R25+U25+X25+Y25 -> 869 | AB25: =IF(L25<0,L25*-1,0) -> 32.334636 | AC25: =AA25+AB25 -> 901.33464 | AD25: 0.02 | AE25: 91 | AF25: 60 | AG25: =AG24 -> 0 | AI25: =I25-P25-Q25-U25 -> -300.7615 | AJ25: =23.5*(V24*1.9835-U25*1.9835)/E25 -> 5.0409985 | AK25: 25
A26: =A25+1 -> 15 | B26: 6897.3 | C26: 273728 | D26: =C26-C25 -> -1447 | E26: =C26-152000 -> 121728 | F26: =D26/$D$2 -> -729.51853 | G26: 139 | H26: 0.4 | I26: =G26+H26 -> 139.4 | J26: =IF(L26>0,L26,0) -> 0 | K26: =I26+J26 -> 139.4 | L26: =F26-(I26-AA26) -> -67.918528 | M26: 246 | N26: 0 | O26: =53.2*1.05 -> 55.86 | P26: 2.3 | Q26: 4.2 | R26: 3.64 | S26: 160 | T26: 77 | U26: =M26-N26-O26-P26-Q26-R26+S26+T26 -> 417 | V26: =V25+AI26-(AJ26/1.9835)+AK26 -> 13208.907 | X26: 240 | Y26: 78 | Z26: =Z25-Y26 -> 10401.984 | AA26: =N26+O26+P26+Q26+R26+U26+X26+Y26 -> 801 | AB26: =IF(L26<0,L26*-1,0) -> 67.918528 | AC26: =AA26+AB26 -> 868.91853 | AD26: 0 | AE26: 88 | AF26: 54 | AG26: =AG25 -> 0 | AI26: =I26-P26-Q26-U26 -> -284.1 | AJ26: =23.5*(V25*1.9835-U26*1.9835)/E26 -> 4.9984743 | AK26: 25
A27: =A26+1 -> 16 | B27: 6896.98 | C27: 272571 | D27: =C27-C26 -> -1157 | E27: =C27-152000 -> 120571 | F27: =D27/$D$2 -> -583.31233 | G27: 147 | H27: 0.3 | I27: =G27+H27 -> 147.3 | J27: =IF(L27>0,L27,0) -> 48.387673 | K27: =I27+J27 -> 195.68767 | L27: =F27-(I27-AA27) -> 48.387673 | M27: 231 | N27: 0 | O27: =48.12*1.05 -> 50.526 | P27: 2.3 | Q27: 4.2 | R27: 5.19 | S27: 161 | T27: 75 | U27: =M27-N27-O27-P27-Q27-R27+S27+T27 -> 404.784 | V27: =V26+AI27-(AJ27/1.9835)+AK27 -> 12967.428 | X27: 235 | Y27: 77 | Z27: =Z26-Y27 -> 10324.984 | AA27: =N27+O27+P27+Q27+R27+U27+X27+Y27 -> 779 | AB27: =IF(L27<0,L27*-1,0) -> 0 | AC27: =AA27+AB27 -> 779 | AD27: 0.13 | AE27: 87 | AF27: 56 | AG27: =AG26 -> 0 | AI27: =I27-P27-Q27-U27 -> -263.984 | AJ27: =23.5*(V26*1.9835-U27*1.9835)/E27 -> 4.9500211 | AK27: 25
A28: =A27+1 -> 17 | B28: 6896.6 | C28: 271208 | D28: =C28-C27 -> -1363 | E28: =C28-152000 -> 119208 | F28: =D28/$D$2 -> -687.16915 | G28: 166 | H28: 0.4 | I28: =G28+H28 -> 166.4 | J28: =IF(L28>0,L28,0) -> 0 | K28: =I28+J28 -> 166.4 | L28: =F28-(I28-AA28) -> -56.569145 | M28: 260 | N28: 0 | O28: =58.35*1.05 -> 61.2675 | P28: 2.3 | Q28: 4.2 | R28: 5.15 | S28: 160 | T28: 74 | U28: =M28-N28-O28-P28-Q28-R28+S28+T28 -> 421.0825 | V28: =V27+AI28-(AJ28/1.9835)+AK28 -> 12728.772 | X28: 226 | Y28: 77 | Z28: =Z27-Y28 -> 10247.984 | AA28: =N28+O28+P28+Q28+R28+U28+X28+Y28 -> 797 | AB28: =IF(L28<0,L28*-1,0) -> 56.569145 | AC28: =AA28+AB28 -> 853.56915 | AD28: 0.03 | AE28: 86 | AF28: 57 | AG28: =AG27 -> 0 | AI28: =I28-P28-Q28-U28 -> -261.1825 | AJ28: =23.5*(V27*1.9835-U28*1.9835)/E28 -> 4.9058232 | AK28: 25
A29: =A28+1 -> 18 | B29: 6896.27 | C29: 270024 | D29: =C29-C28 -> -1184 | E29: =C29-152000 -> 118024 | F29: =D29/$D$2 -> -596.92463 | G29: 144 | H29: 0.4 | I29: =G29+H29 -> 144.4 | J29: =IF(L29>0,L29,0) -> 0 | K29: =I29+J29 -> 144.4 | L29: =F29-(I29-AA29) -> -19.324628 | M29: 240 | N29: 0 | O29: =50.99*1.05 -> 53.5395 | P29: 2.3 | Q29: 4.2 | R29: 2.36 | S29: 159 | T29: 71 | U29: =M29-N29-O29-P29-Q29-R29+S29+T29 -> 407.6005 | V29: =V28+AI29-(AJ29/1.9835)+AK29 -> 12481.618 | X29: 175 | Y29: 77 | Z29: =Z28-Y29 -> 10170.984 | AA29: =N29+O29+P29+Q29+R29+U29+X29+Y29 -> 722 | AB29: =IF(L29<0,L29*-1,0) -> 19.324628 | AC29: =AA29+AB29 -> 741.32463 | AD29: 0.08 | AE29: 87 | AF29: 57 | AG29: =AG28 -> 0 | AI29: =I29-P29-Q29-U29 -> -269.7005 | AJ29: =23.5*(V28*1.9835-U29*1.9835)/E29 -> 4.8661079 | AK29: 25
A30: =A29+1 -> 19 | B30: 6895.92 | C30: 268770 | D30: =C30-C29 -> -1254 | E30: =C30-152000 -> 116770 | F30: =D30/$D$2 -> -632.21578 | G30: 147 | H30: 0.5 | I30: =G30+H30 -> 147.5 | J30: =IF(L30>0,L30,0) -> 0 | K30: =I30+J30 -> 147.5 | L30: =F30-(I30-AA30) -> -78.71578 | M30: 229 | N30: 0 | O30: =45.17*1.05 -> 47.4285 | P30: 2.3 | Q30: 4.2 | R30: 3.44 | S30: 150 | T30: 70 | U30: =M30-N30-O30-P30-Q30-R30+S30+T30 -> 391.6315 | V30: =V29+AI30-(AJ30/1.9835)+AK30 -> 12253.553 | X30: 175 | Y30: 77 | Z30: =Z29-Y30 -> 10093.984 | AA30: =N30+O30+P30+Q30+R30+U30+X30+Y30 -> 701 | AB30: =IF(L30<0,L30*-1,0) -> 78.71578 | AC30: =AA30+AB30 -> 779.71578 | AD30: 0.02 | AE30: 88 | AF30: 56 | AG30: =AG29 -> 0 | AI30: =I30-P30-Q30-U30 -> -250.6315 | AJ30: =23.5*(V29*1.9835-U30*1.9835)/E30 -> 4.826081 | AK30: 25
A31: =A30+1 -> 20 | B31: 6895.65 | C31: 267809 | D31: =C31-C30 -> -961 | E31: =C31-152000 -> 115809 | F31: =D31/$D$2 -> -484.4971 | G31: 139 | H31: 0.3 | I31: =G31+H31 -> 139.3 | J31: =IF(L31>0,L31,0) -> 66.202899 | K31: =I31+J31 -> 205.5029 | L31: =F31-(I31-AA31) -> 66.202899 | M31: 230 | N31: 0 | O31: =48.2*1.05 -> 50.61 | P31: 2.3 | Q31: 4.2 | R31: 3.54 | S31: 143 | T31: 71 | U31: =M31-N31-O31-P31-Q31-R31+S31+T31 -> 383.35 | V31: =V30+AI31-(AJ31/1.9835)+AK31 -> 12025.595 | X31: 169 | Y31: 77 | Z31: =Z30-Y31 -> 10016.984 | AA31: =N31+O31+P31+Q31+R31+U31+X31+Y31 -> 690 | AB31: =IF(L31<0,L31*-1,0) -> 0 | AC31: =AA31+AB31 -> 690 | AD31: 0 | AE31: 87 | AF31: 56 | AG31: =AG30 -> 0 | AI31: =I31-P31-Q31-U31 -> -250.55 | AJ31: =23.5*(V30*1.9835-U31*1.9835)/E31 -> 4.7776675 | AK31: 25
A32: =A31+1 -> 21 | B32: 6895.34 | C32: 266706 | D32: =C32-C31 -> -1103 | E32: =C32-152000 -> 114706 | F32: =D32/$D$2 -> -556.08772 | G32: 127 | H32: 0.3 | I32: =G32+H32 -> 127.3 | J32: =IF(L32>0,L32,0) -> 0 | K32: =I32+J32 -> 127.3 | L32: =F32-(I32-AA32) -> -5.3877237 | M32: 211 | N32: 0 | O32: =54.94*1.05 -> 57.687 | P32: 2.3 | Q32: 4.2 | R32: 3.57 | S32: 142 | T32: 71 | U32: =M32-N32-O32-P32-Q32-R32+S32+T32 -> 356.243 | V32: =V31+AI32-(AJ32/1.9835)+AK32 -> 11812.761 | X32: 177 | Y32: 77 | Z32: =Z31-Y32 -> 9939.9836 | AA32: =N32+O32+P32+Q32+R32+U32+X32+Y32 -> 678 | AB32: =IF(L32<0,L32*-1,0) -> 5.3877237 | AC32: =AA32+AB32 -> 683.38772 | AD32: 0 | AE32: 90 | AF32: 57 | AG32: =AG31 -> 0 | AI32: =I32-P32-Q32-U32 -> -235.443 | AJ32: =23.5*(V31*1.9835-U32*1.9835)/E32 -> 4.7419903 | AK32: 25
A33: =A32+1 -> 22 | B33: 6894.99 | C33: 265460 | D33: =C33-C32 -> -1246 | E33: =C33-152000 -> 113460 | F33: =D33/$D$2 -> -628.18251 | G33: 121 | H33: 0.3 | I33: =G33+H33 -> 121.3 | J33: =IF(L33>0,L33,0) -> 0 | K33: =I33+J33 -> 121.3 | L33: =F33-(I33-AA33) -> -58.482506 | M33: 222 | N33: 7.06 | O33: =51.08*1.05 -> 53.634 | P33: 2.3 | Q33: 4.2 | R33: 3.93 | S33: 149 | T33: 71 | U33: =M33-N33-O33-P33-Q33-R33+S33+T33 -> 370.876 | V33: =V32+AI33-(AJ33/1.9835)+AK33 -> 11579.315 | X33: 173 | Y33: 76 | Z33: =Z32-Y33 -> 9863.9836 | AA33: =N33+O33+P33+Q33+R33+U33+X33+Y33 -> 691 | AB33: =IF(L33<0,L33*-1,0) -> 58.482506 | AC33: =AA33+AB33 -> 749.48251 | AD33: 0.08 | AE33: 85 | AF33: 58 | AG33: =AG32 -> 0 | AI33: =I33-P33-Q33-U33 -> -256.076 | AJ33: =23.5*(V32*1.9835-U33*1.9835)/E33 -> 4.700617 | AK33: 25
A34: =A33+1 -> 23 | B34: 6894.74 | C34: 264578 | D34: =C34-C33 -> -882 | E34: =C34-152000 -> 112578 | F34: =D34/$D$2 -> -444.66852 | G34: 124 | H34: 0.3 | I34: =G34+H34 -> 124.3 | J34: =IF(L34>0,L34,0) -> 61.031485 | K34: =I34+J34 -> 185.33148 | L34: =F34-(I34-AA34) -> 61.031485 | M34: 215 | N34: 0 | O34: =61.08*1.05 -> 64.134 | P34: 2.3 | Q34: 4.2 | R34: 3.67 | S34: 155 | T34: 71 | U34: =M34-N34-O34-P34-Q34-R34+S34+T34 -> 366.696 | V34: =V33+AI34-(AJ34/1.9835)+AK34 -> 11353.079 | X34: 113 | Y34: 76 | Z34: =Z33-Y34 -> 9787.9836 | AA34: =N34+O34+P34+Q34+R34+U34+X34+Y34 -> 630 | AB34: =IF(L34<0,L34*-1,0) -> 0 | AC34: =AA34+AB34 -> 630 | AD34: 0.31 | AE34: 88 | AF34: 54 | AG34: =AG33 -> 0 | AI34: =I34-P34-Q34-U34 -> -248.896 | AJ34: =23.5*(V33*1.9835-U34*1.9835)/E34 -> 4.6425181 | AK34: 25
A35: =A34+1 -> 24 | B35: 6894.46 | C35: 263590 | D35: =C35-C34 -> -988 | E35: =C35-152000 -> 111590 | F35: =D35/$D$2 -> -498.1094 | G35: 179 | H35: 0.3 | I35: =G35+H35 -> 179.3 | J35: =IF(L35>0,L35,0) -> 0 | K35: =I35+J35 -> 179.3 | L35: =F35-(I35-AA35) -> -70.409403 | M35: 185 | N35: 0 | O35: =55.03*1.05 -> 57.7815 | P35: 2.3 | Q35: 4.2 | R35: 2.41 | S35: 155 | T35: 71 | U35: =M35-N35-O35-P35-Q35-R35+S35+T35 -> 344.3085 | V35: =V34+AI35-(AJ35/1.9835)+AK35 -> 11204.252 | X35: 120 | Y35: 76 | Z35: =Z34-Y35 -> 9711.9836 | AA35: =N35+O35+P35+Q35+R35+U35+X35+Y35 -> 607 | AB35: =IF(L35<0,L35*-1,0) -> 70.409403 | AC35: =AA35+AB35 -> 677.4094 | AD35: 0 | AE35: 81 | AF35: 50 | AG35: =AG34 -> 0 | AI35: =I35-P35-Q35-U35 -> -171.5085 | AJ35: =23.5*(V34*1.9835-U35*1.9835)/E35 -> 4.5984725 | AK35: 25
