Workbook

Sheet NOV
K1: MC PHEE RESERVOIR IN/OUT FLOW TABULATION
A2: AF/cfs CONVERT FACTOR | D2: 1.9835 | L2: NOVEMBER "2000"
A4: DATE | B4: RESERV | C4: RESERV | D4: AC FT | E4: ACTIVE | F4: CONV TO | G4: DOLORES | H4: LOST | I4: RECORDED | J4: CALC | K4: TOTAL | L4: CALC | M4: DOLORES TUNNEL | Q4: LONE | R4: U | S4: TOTAL | T4: MVI | U4: DV CR | V4: BELOW | W4: REMAIN | X4: RECORDED | Y4: CALC | Z4: TOTAL | AA4: RAIN | AB4: MAX | AC4: MIN | AD4: DATE
A5: "NOV" | B5: ELEV | C5: AC FT | D5: CHANGE | E5: CAP | F5: CFS | G5: RIVER | H5: CANYON | I5: INFLOW | J5: INFLOW | K5: INFLOW | L5: INF/OTF | M5: TOT DIV | N5: WETLAND | O5: UTE F&R | P5: MVI,CTZ | Q5: PINE | R5: LAT | S5: MVI | T5: CALL | U5: CANAL | V5: MC PHEE | W5: RELEASE | X5: OUTFLOW | Y5: OUTFLOW | Z5: OUTFLOW | AB5: TMP | AC5: TMP | AD5: "NOV"
A7: SEASON BAL
A8: YTD | B8: 6880.43 | C8: 217465 | W8: 6003
A10: 1 | B10: 6880.45 | C10: 217525 | D10: =C10-C8 -> 60 | E10: =C10-152000 -> 65525 | F10: =D10/$D$2 -> 30.249559 | G10: 97 | H10: 0 | I10: =G10+H10 -> 97 | J10: =IF(L10>0,L10,0) -> 0 | K10: =I10+J10 -> 97 | L10: =F10-(I10-X10) -> -13.450441 | M10: 6.3 | N10: 0 | O10: 18.1 | P10: =M10-(N10+O10) -> -11.8 | Q10: 0 | R10: 0 | S10: =SUM(P10:R10) -> -11.8 | U10: 0 | V10: 47 | W10: =W8-40-2 -> 5961 | X10: =N10+O10+S10+U10+V10 -> 53.3 | Y10: =IF(L10<0,L10*-1,0) -> 13.450441 | Z10: =X10+Y10 -> 66.750441 | AA10: 0 | AB10: 36 | AC10: 24 | AD10: 1
A11: =A10+1 -> 2 | B11: 6880.47 | C11: 217586 | D11: =C11-C10 -> 61 | E11: =C11-152000 -> 65586 | F11: =D11/$D$2 -> 30.753718 | G11: 91 | H11: 0 | I11: =G11+H11 -> 91 | J11: =IF(L11>0,L11,0) -> 0 | K11: =I11+J11 -> 91 | L11: =F11-(I11-X11) -> -12.946282 | M11: 6.3 | N11: 0 | O11: 18.7 | P11: =M11-(N11+O11) -> -12.4 | Q11: 0 | R11: 0 | S11: =SUM(P11:R11) -> -12.4 | U11: 0 | V11: 41 | W11: =W10-V11 -> 5920 | X11: =N11+O11+S11+U11+V11 -> 47.3 | Y11: =IF(L11<0,L11*-1,0) -> 12.946282 | Z11: =X11+Y11 -> 60.246282 | AA11: 0 | AB11: 34 | AC11: 24 | AD11: =AD10+1 -> 2
A12: =A11+1 -> 3 | B12: 6880.49 | C12: 217646 | D12: =C12-C11 -> 60 | E12: =C12-152000 -> 65646 | F12: =D12/$D$2 -> 30.249559 | G12: 87 | H12: 0 | I12: =G12+H12 -> 87 | J12: =IF(L12>0,L12,0) -> 0 | K12: =I12+J12 -> 87 | L12: =F12-(I12-X12) -> -9.4504411 | M12: 6.3 | N12: 0 | O12: 7.1 | P12: =M12-(N12+O12) -> -0.8 | Q12: 0 | R12: 0 | S12: =SUM(P12:R12) -> -0.8 | U12: 0 | V12: 41 | W12: =W11-V12 -> 5879 | X12: =N12+O12+S12+U12+V12 -> 47.3 | Y12: =IF(L12<0,L12*-1,0) -> 9.4504411 | Z12: =X12+Y12 -> 56.750441 | AA12: 0 | AB12: 52 | AC12: 26 | AD12: =AD11+1 -> 3
A13: =A12+1 -> 4 | B13: 6880.53 | C13: 217767 | D13: =C13-C12 -> 121 | E13: =C13-152000 -> 65767 | F13: =D13/$D$2 -> 61.003277 | G13: 87 | H13: 0 | I13: =G13+H13 -> 87 | J13: =IF(L13>0,L13,0) -> 21.303277 | K13: =I13+J13 -> 108.30328 | L13: =F13-(I13-X13) -> 21.303277 | M13: 6.3 | N13: 0 | O13: 3.2 | P13: =M13-(N13+O13) -> 3.1 | Q13: 0 | R13: 0 | S13: =SUM(P13:R13) -> 3.1 | U13: 0 | V13: 41 | W13: =W12-V13 -> 5838 | X13: =N13+O13+S13+U13+V13 -> 47.3 | Y13: =IF(L13<0,L13*-1,0) -> 0 | Z13: =X13+Y13 -> 47.3 | AA13: 0 | AB13: 50 | AC13: 30 | AD13: =AD12+1 -> 4
A14: =A13+1 -> 5 | B14: 6880.59 | C14: 217948 | D14: =C14-C13 -> 181 | E14: =C14-152000 -> 65948 | F14: =D14/$D$2 -> 91.252836 | G14: 97 | H14: 0 | I14: =G14+H14 -> 97 | J14: =IF(L14>0,L14,0) -> 41.552836 | K14: =I14+J14 -> 138.55284 | L14: =F14-(I14-X14) -> 41.552836 | M14: 6.3 | N14: 0 | O14: 3.6 | P14: =M14-(N14+O14) -> 2.7 | Q14: 0 | R14: 0 | S14: =SUM(P14:R14) -> 2.7 | U14: 0 | V14: 41 | W14: =W13-V14 -> 5797 | X14: =N14+O14+S14+U14+V14 -> 47.3 | Y14: =IF(L14<0,L14*-1,0) -> 0 | Z14: =X14+Y14 -> 47.3 | AA14: 0.34 | AB14: 40 | AC14: 31 | AD14: =AD13+1 -> 5
A15: =A14+1 -> 6 | B15: 6880.63 | C15: 218069 | D15: =C15-C14 -> 121 | E15: =C15-152000 -> 66069 | F15: =D15/$D$2 -> 61.003277 | G15: 85 | H15: 0 | I15: =G15+H15 -> 85 | J15: =IF(L15>0,L15,0) -> 23.303277 | K15: =I15+J15 -> 108.30328 | L15: =F15-(I15-X15) -> 23.303277 | M15: 6.3 | N15: 0 | O15: =3.37*1.05 -> 3.5385 | P15: =M15-(N15+O15) -> 2.7615 | Q15: 0 | R15: 0 | S15: =SUM(P15:R15) -> 2.7615 | U15: 0 | V15: 41 | W15: =W14-V15 -> 5756 | X15: =N15+O15+S15+U15+V15 -> 47.3 | Y15: =IF(L15<0,L15*-1,0) -> 0 | Z15: =X15+Y15 -> 47.3 | AA15: 0 | AB15: 34 | AC15: 22 | AD15: =AD14+1 -> 6
A16: =A15+1 -> 7 | B16: 6880.63 | C16: 218069 | D16: =C16-C15 -> 0 | E16: =C16-152000 -> 66069 | F16: =D16/$D$2 -> 0 | G16: 71 | H16: 0 | I16: =G16+H16 -> 71 | J16: =IF(L16>0,L16,0) -> 0 | K16: =I16+J16 -> 71 | L16: =F16-(I16-X16) -> -23.7 | M16: 6.3 | N16: 0 | O16: =3.37*1.05 -> 3.5385 | P16: =M16-(N16+O16) -> 2.7615 | Q16: 0 | R16: 0 | S16: =SUM(P16:R16) -> 2.7615 | U16: 0 | V16: 41 | W16: =W15-V16 -> 5715 | X16: =N16+O16+S16+U16+V16 -> 47.3 | Y16: =IF(L16<0,L16*-1,0) -> 23.7 | Z16: =X16+Y16 -> 71 | AA16: 0 | AB16: 32 | AC16: 18 | AD16: =AD15+1 -> 7
A17: =A16+1 -> 8 | B17: 6880.63 | C17: 218069 | D17: =C17-C16 -> 0 | E17: =C17-152000 -> 66069 | F17: =D17/$D$2 -> 0 | G17: 72 | H17: 0 | I17: =G17+H17 -> 72 | J17: =IF(L17>0,L17,0) -> 0 | K17: =I17+J17 -> 72 | L17: =F17-(I17-X17) -> -24.8 | M17: 6.2 | N17: 0 | O17: =3.37*1.05 -> 3.5385 | P17: =M17-(N17+O17) -> 2.6615 | Q17: 0 | R17: 0 | S17: =SUM(P17:R17) -> 2.6615 | U17: 0 | V17: 41 | W17: =W16-V17 -> 5674 | X17: =N17+O17+S17+U17+V17 -> 47.2 | Y17: =IF(L17<0,L17*-1,0) -> 24.8 | Z17: =X17+Y17 -> 72 | AA17: 0 | AB17: 42 | AC17: 12 | AD17: =AD16+1 -> 8
A18: =A17+1 -> 9 | B18: 6880.65 | C18: 218130 | D18: =C18-C17 -> 61 | E18: =C18-152000 -> 66130 | F18: =D18/$D$2 -> 30.753718 | G18: 72 | H18: 0 | I18: =G18+H18 -> 72 | J18: =IF(L18>0,L18,0) -> 6.6537182 | K18: =I18+J18 -> 78.653718 | L18: =F18-(I18-X18) -> 6.6537182 | M18: 5.9 | N18: 0 | O18: =1.58+3.54*1.05 -> 5.297 | P18: =M18-(N18+O18) -> 0.603 | Q18: 0 | R18: 0 | S18: =SUM(P18:R18) -> 0.603 | U18: 0 | V18: 42 | W18: =W17-V18 -> 5632 | X18: =N18+O18+S18+U18+V18 -> 47.9 | Y18: =IF(L18<0,L18*-1,0) -> 0 | Z18: =X18+Y18 -> 47.9 | AA18: 0 | AB18: 34 | AC18: 17 | AD18: =AD17+1 -> 9
A19: =A18+1 -> 10 | B19: 6880.67 | C19: 218190 | D19: =C19-C18 -> 60 | E19: =C19-152000 -> 66190 | F19: =D19/$D$2 -> 30.249559 | G19: 73 | H19: 0 | I19: =G19+H19 -> 73 | J19: =IF(L19>0,L19,0) -> 4.1495589 | K19: =I19+J19 -> 77.149559 | L19: =F19-(I19-X19) -> 4.1495589 | M19: 5.9 | N19: 0 | O19: =1.68*1.05 -> 1.764 | P19: =M19-(N19+O19) -> 4.136 | Q19: 0 | R19: 0 | S19: =SUM(P19:R19) -> 4.136 | U19: 0 | V19: 41 | W19: =W18-V19 -> 5591 | X19: =N19+O19+S19+U19+V19 -> 46.9 | Y19: =IF(L19<0,L19*-1,0) -> 0 | Z19: =X19+Y19 -> 46.9 | AA19: 0 | AB19: 28 | AC19: 19 | AD19: =AD18+1 -> 10
A20: =A19+1 -> 11 | B20: 6880.69 | C20: 218251 | D20: =C20-C19 -> 61 | E20: =C20-152000 -> 66251 | F20: =D20/$D$2 -> 30.753718 | G20: 74 | H20: 0 | I20: =G20+H20 -> 74 | J20: =IF(L20>0,L20,0) -> 3.6537182 | K20: =I20+J20 -> 77.653718 | L20: =F20-(I20-X20) -> 3.6537182 | M20: 5.9 | N20: 0 | O20: =0.78*1.05 -> 0.819 | P20: =M20-(N20+O20) -> 5.081 | Q20: 0 | R20: 0 | S20: =SUM(P20:R20) -> 5.081 | U20: 0 | V20: 41 | W20: =W19-V20 -> 5550 | X20: =N20+O20+S20+U20+V20 -> 46.9 | Y20: =IF(L20<0,L20*-1,0) -> 0 | Z20: =X20+Y20 -> 46.9 | AA20: 0.57 | AB20: 28 | AC20: 24 | AD20: =AD19+1 -> 11
A21: =A20+1 -> 12 | B21: 6880.7 | C21: 218281 | D21: =C21-C20 -> 30 | E21: =C21-152000 -> 66281 | F21: =D21/$D$2 -> 15.124779 | G21: 71 | H21: 0 | I21: =G21+H21 -> 71 | J21: =IF(L21>0,L21,0) -> 0 | K21: =I21+J21 -> 71 | L21: =F21-(I21-X21) -> -8.9752206 | M21: 5.9 | N21: 0 | O21: =0.63*1.05 -> 0.6615 | P21: =M21-(N21+O21) -> 5.2385 | Q21: 0 | R21: 0 | S21: =SUM(P21:R21) -> 5.2385 | U21: 0 | V21: 41 | W21: =W20-V21 -> 5509 | X21: =N21+O21+S21+U21+V21 -> 46.9 | Y21: =IF(L21<0,L21*-1,0) -> 8.9752206 | Z21: =X21+Y21 -> 55.875221 | AA21: 0 | AB21: 22 | AC21: 17 | AD21: =AD20+1 -> 12
A22: =A21+1 -> 13 | B22: 6880.7 | C22: 218281 | D22: =C22-C21 -> 0 | E22: =C22-152000 -> 66281 | F22: =D22/$D$2 -> 0 | G22: 54 | H22: 0 | I22: =G22+H22 -> 54 | J22: =IF(L22>0,L22,0) -> 0 | K22: =I22+J22 -> 54 | L22: =F22-(I22-X22) -> -7.3 | M22: 5.7 | N22: 0 | O22: =4.33*1.05 -> 4.5465 | P22: =M22-(N22+O22) -> 1.1535 | Q22: 0 | R22: 0 | S22: =SUM(P22:R22) -> 1.1535 | U22: 0 | V22: 41 | W22: =W21-V22 -> 5468 | X22: =N22+O22+S22+U22+V22 -> 46.7 | Y22: =IF(L22<0,L22*-1,0) -> 7.3 | Z22: =X22+Y22 -> 54 | AA22: 0 | AB22: 32 | AC22: 2 | AD22: =AD21+1 -> 13
A23: =A22+1 -> 14 | B23: 6880.71 | C23: 218311 | D23: =C23-C22 -> 30 | E23: =C23-152000 -> 66311 | F23: =D23/$D$2 -> 15.124779 | G23: 56 | H23: 0 | I23: =G23+H23 -> 56 | J23: =IF(L23>0,L23,0) -> 5.6247794 | K23: =I23+J23 -> 61.624779 | L23: =F23-(I23-X23) -> 5.6247794 | M23: 5.5 | N23: 0 | O23: 4.6 | P23: =M23-(N23+O23) -> 0.9 | Q23: 0 | R23: 0 | S23: =SUM(P23:R23) -> 0.9 | U23: 0 | V23: 41 | W23: =W22-V23 -> 5427 | X23: =N23+O23+S23+U23+V23 -> 46.5 | Y23: =IF(L23<0,L23*-1,0) -> 0 | Z23: =X23+Y23 -> 46.5 | AA23: 0 | AB23: 36 | AC23: 4 | AD23: =AD22+1 -> 14
A24: =A23+1 -> 15 | B24: 6880.71 | C24: 218311 | D24: =C24-C23 -> 0 | E24: =C24-152000 -> 66311 | F24: =D24/$D$2 -> 0 | G24: 56 | H24: 0 | I24: =G24+H24 -> 56 | J24: =IF(L24>0,L24,0) -> 0 | K24: =I24+J24 -> 56 | L24: =F24-(I24-X24) -> -9.5 | M24: 5.5 | N24: 0 | O24: 0.88 | P24: =M24-(N24+O24) -> 4.62 | Q24: 0 | R24: 0 | S24: =SUM(P24:R24) -> 4.62 | U24: 0 | V24: 41 | W24: =W23-V24 -> 5386 | X24: =N24+O24+S24+U24+V24 -> 46.5 | Y24: =IF(L24<0,L24*-1,0) -> 9.5 | Z24: =X24+Y24 -> 56 | AA24: 0 | AB24: 32 | AC24: 12 | AD24: =AD23+1 -> 15
A25: =A24+1 -> 16 | B25: 6880.72 | C25: 218341 | D25: =C25-C24 -> 30 | E25: =C25-152000 -> 66341 | F25: =D25/$D$2 -> 15.124779 | G25: 56 | H25: 0 | I25: =G25+H25 -> 56 | J25: =IF(L25>0,L25,0) -> 5.5247794 | K25: =I25+J25 -> 61.524779 | L25: =F25-(I25-X25) -> 5.5247794 | M25: 5.4 | N25: 0 | O25: 0 | P25: =M25-(N25+O25) -> 5.4 | Q25: 0 | R25: 0 | S25: =SUM(P25:R25) -> 5.4 | U25: 0 | V25: 41 | W25: =W24-V25 -> 5345 | X25: =N25+O25+S25+U25+V25 -> 46.4 | Y25: =IF(L25<0,L25*-1,0) -> 0 | Z25: =X25+Y25 -> 46.4 | AA25: 0.44 | AB25: 35 | AC25: 8 | AD25: =AD24+1 -> 16
A26: =A25+1 -> 17 | B26: 6880.72 | C26: 218341 | D26: =C26-C25 -> 0 | E26: =C26-152000 -> 66341 | F26: =D26/$D$2 -> 0 | G26: 58 | H26: 0 | I26: =G26+H26 -> 58 | J26: =IF(L26>0,L26,0) -> 0 | K26: =I26+J26 -> 58 | L26: =F26-(I26-X26) -> -11.9 | M26: 5.1 | N26: 0 | O26: 0 | P26: =M26-(N26+O26) -> 5.1 | Q26: 0 | R26: 0 | S26: =SUM(P26:R26) -> 5.1 | U26: 0 | V26: 41 | W26: =W25-V26 -> 5304 | X26: =N26+O26+S26+U26+V26 -> 46.1 | Y26: =IF(L26<0,L26*-1,0) -> 11.9 | Z26: =X26+Y26 -> 58 | AA26: 0 | AB26: 28 | AC26: 3 | AD26: =AD25+1 -> 17
A27: =A26+1 -> 18 | B27: 6880.73 | C27: 218372 | D27: =C27-C26 -> 31 | E27: =C27-152000 -> 66372 | F27: =D27/$D$2 -> 15.628939 | G27: 59 | H27: 0 | I27: =G27+H27 -> 59 | J27: =IF(L27>0,L27,0) -> 2.7289387 | K27: =I27+J27 -> 61.728939 | L27: =F27-(I27-X27) -> 2.7289387 | M27: 5.1 | N27: 0 | O27: 0 | P27: =M27-(N27+O27) -> 5.1 | Q27: 0 | R27: 0 | S27: =SUM(P27:R27) -> 5.1 | U27: 0 | V27: 41 | W27: =W26-V27 -> 5263 | X27: =N27+O27+S27+U27+V27 -> 46.1 | Y27: =IF(L27<0,L27*-1,0) -> 0 | Z27: =X27+Y27 -> 46.1 | AA27: 0 | AB27: 32 | AC27: 3 | AD27: =AD26+1 -> 18
A28: =A27+1 -> 19 | B28: 6880.73 | C28: 218372 | D28: =C28-C27 -> 0 | E28: =C28-152000 -> 66372 | F28: =D28/$D$2 -> 0 | G28: 51 | H28: 0 | I28: =G28+H28 -> 51 | J28: =IF(L28>0,L28,0) -> 0 | K28: =I28+J28 -> 51 | L28: =F28-(I28-X28) -> -4.9 | M28: 5.1 | N28: 0 | O28: 0 | P28: =M28-(N28+O28) -> 5.1 | Q28: 0 | R28: 0 | S28: =SUM(P28:R28) -> 5.1 | U28: 0 | V28: 41 | W28: =W27-V28 -> 5222 | X28: =N28+O28+S28+U28+V28 -> 46.1 | Y28: =IF(L28<0,L28*-1,0) -> 4.9 | Z28: =X28+Y28 -> 51 | AA28: 0 | AB28: 42 | AC28: 14 | AD28: =AD27+1 -> 19
A29: =A28+1 -> 20 | B29: 6880.74 | C29: 218402 | D29: =C29-C28 -> 30 | E29: =C29-152000 -> 66402 | F29: =D29/$D$2 -> 15.124779 | G29: 54 | H29: 0 | I29: =G29+H29 -> 54 | J29: =IF(L29>0,L29,0) -> 7.2247794 | K29: =I29+J29 -> 61.224779 | L29: =F29-(I29-X29) -> 7.2247794 | M29: 5.1 | N29: 0 | O29: 0 | P29: =M29-(N29+O29) -> 5.1 | Q29: 0 | R29: 0 | S29: =SUM(P29:R29) -> 5.1 | U29: 0 | V29: 41 | W29: =W28-V29 -> 5181 | X29: =N29+O29+S29+U29+V29 -> 46.1 | Y29: =IF(L29<0,L29*-1,0) -> 0 | Z29: =X29+Y29 -> 46.1 | AA29: 0 | AB29: 50 | AC29: 16 | AD29: =AD28+1 -> 20
A30: =A29+1 -> 21 | B30: 6880.74 | C30: 218402 | D30: =C30-C29 -> 0 | E30: =C30-152000 -> 66402 | F30: =D30/$D$2 -> 0 | G30: 57 | H30: 0 | I30: =G30+H30 -> 57 | J30: =IF(L30>0,L30,0) -> 0 | K30: =I30+J30 -> 57 | L30: =F30-(I30-X30) -> -10.9 | M30: 5.1 | N30: 0 | O30: 0 | P30: =M30-(N30+O30) -> 5.1 | Q30: 0 | R30: 0 | S30: =SUM(P30:R30) -> 5.1 | U30: 0 | V30: 41 | W30: =W29-V30 -> 5140 | X30: =N30+O30+S30+U30+V30 -> 46.1 | Y30: =IF(L30<0,L30*-1,0) -> 10.9 | Z30: =X30+Y30 -> 57 | AA30: 0 | AB30: 48 | AC30: 18 | AD30: =AD29+1 -> 21
A31: =A30+1 -> 22 | B31: 6880.75 | C31: 218432 | D31: =C31-C30 -> 30 | E31: =C31-152000 -> 66432 | F31: =D31/$D$2 -> 15.124779 | G31: 64 | H31: 0 | I31: =G31+H31 -> 64 | J31: =IF(L31>0,L31,0) -> 0 | K31: =I31+J31 -> 64 | L31: =F31-(I31-X31) -> -2.7752206 | M31: 5.1 | N31: 0 | O31: 0 | P31: =M31-(N31+O31) -> 5.1 | Q31: 0 | R31: 0 | S31: =SUM(P31:R31) -> 5.1 | U31: 0 | V31: 41 | W31: =W30-V31 -> 5099 | X31: =N31+O31+S31+U31+V31 -> 46.1 | Y31: =IF(L31<0,L31*-1,0) -> 2.7752206 | Z31: =X31+Y31 -> 48.875221 | AA31: 0.09 | AB31: 51 | AC31: 24 | AD31: =AD30+1 -> 22
A32: =A31+1 -> 23 | B32: 6880.75 | C32: 218432 | D32: =C32-C31 -> 0 | E32: =C32-152000 -> 66432 | F32: =D32/$D$2 -> 0 | G32: 62 | H32: 0 | I32: =G32+H32 -> 62 | J32: =IF(L32>0,L32,0) -> 0 | K32: =I32+J32 -> 62 | L32: =F32-(I32-X32) -> -15.9 | M32: 5.1 | N32: 0 | O32: 0 | P32: =M32-(N32+O32) -> 5.1 | Q32: 0 | R32: 0 | S32: =SUM(P32:R32) -> 5.1 | U32: 0 | V32: 41 | W32: =W31-V32 -> 5058 | X32: =N32+O32+S32+U32+V32 -> 46.1 | Y32: =IF(L32<0,L32*-1,0) -> 15.9 | Z32: =X32+Y32 -> 62 | AA32: 0 | AB32: 53 | AC32: 25 | AD32: =AD31+1 -> 23
A33: =A32+1 -> 24 | B33: 6880.75 | C33: 218432 | D33: =C33-C32 -> 0 | E33: =C33-152000 -> 66432 | F33: =D33/$D$2 -> 0 | G33: 56 | H33: 0.24 | I33: =G33+H33 -> 56.24 | J33: =IF(L33>0,L33,0) -> 0 | K33: =I33+J33 -> 56.24 | L33: =F33-(I33-X33) -> -10.14 | M33: 5.1 | N33: 0 | O33: 0 | P33: =M33-(N33+O33) -> 5.1 | Q33: 0 | R33: 0 | S33: =SUM(P33:R33) -> 5.1 | U33: 0 | V33: 41 | W33: =W32-V33 -> 5017 | X33: =N33+O33+S33+U33+V33 -> 46.1 | Y33: =IF(L33<0,L33*-1,0) -> 10.14 | Z33: =X33+Y33 -> 56.24 | AA33: 0 | AB33: 44 | AC33: 15 | AD33: =AD32+1 -> 24
A34: =A33+1 -> 25 | B34: 6880.76 | C34: 218462 | D34: =C34-C33 -> 30 | E34: =C34-152000 -> 66462 | F34: =D34/$D$2 -> 15.124779 | G34: 61 | H34: 0.61 | I34: =G34+H34 -> 61.61 | J34: =IF(L34>0,L34,0) -> 0.11477943 | K34: =I34+J34 -> 61.724779 | L34: =F34-(I34-X34) -> 0.11477943 | M34: 5.6 | N34: 0 | O34: 0 | P34: =M34-(N34+O34) -> 5.6 | Q34: 0 | R34: 0 | S34: =SUM(P34:R34) -> 5.6 | U34: 0 | V34: 41 | W34: =W33-V34 -> 4976 | X34: =N34+O34+S34+U34+V34 -> 46.6 | Y34: =IF(L34<0,L34*-1,0) -> 0 | Z34: =X34+Y34 -> 46.6 | AA34: 0 | AB34: 42 | AC34: 18 | AD34: =AD33+1 -> 25
... A38: =A37+1 -> 29 | B38: 6880.79 | C38: 218553 | D38: =C38-C37 -> 30 | E38: =C38-152000 -> 66553 | F38: =D38/$D$2 -> 15.124779 | G38: 60 | H38: 0.58 | I38: =G38+H38 -> 60.58 | J38: =IF(L38>0,L38,0) -> 0.64477943 | K38: =I38+J38 -> 61.224779 | L38: =F38-(I38-X38) -> 0.64477943 | M38: 5.1 | N38: 0 | O38: 0 | P38: =M38-(N38+O38) -> 5.1 | Q38: 0 | R38: 0 | S38: =SUM(P38:R38) -> 5.1 | U38: 0 | V38: 41 | W38: =W37-V38 -> 4812 | X38: =N38+O38+S38+U38+V38 -> 46.1 | Y38: =IF(L38<0,L38*-1,0) -> 0 | Z38: =X38+Y38 -> 46.1 | AA38: 0 | AB38: 54 | AC38: 23 | AD38: =AD37+1 -> 29
A39: 30 | B39: 6880.8 | C39: 218583 | D39: =C39-C38 -> 30 | E39: =C39-152000 -> 66583 | F39: =D39/$D$2 -> 15.124779 | G39: 63 | H39: 0.63 | I39: =G39+H39 -> 63.63 | J39: =IF(L39>0,L39,0) -> 0 | K39: =I39+J39 -> 63.63 | L39: =F39-(I39-X39) -> -2.4052206 | M39: 5.1 | N39: 0 | O39: 0 | P39: =M39-(N39+O39) -> 5.1 | Q39: 0 | R39: 0 | S39: =SUM(P39:R39) -> 5.1 | U39: 0 | V39: 41 | W39: =W38-V39 -> 4771 | X39: =N39+O39+S39+U39+V39 -> 46.1 | Y39: =IF(L39<0,L39*-1,0) -> 2.4052206 | Z39: =X39+Y39 -> 48.505221 | AA39: 0 | AB39: 50 | AC39: 29 | AD39: 30
A41: MONTH / CFS | F41: =SUM(F10:F39) -> 563.65011 | G41: =SUM(G10:G39) -> 2021 | H41: =SUM(H10:H39) -> 3.8 | I41: =SUM(I10:I39) -> 2024.8 | J41: =SUM(J10:J39) -> 124.68294 | K41: =SUM(K10:K39) -> 2149.4829 | L41: =SUM(L10:L39) -> -55.049887 | M41: =SUM(M10:M39) -> 169.1 | ... S41: =SUM(S10:S39) -> 89.2165 | U41: =SUM(U10:U39) -> 0 | V41: =SUM(V10:V39) -> 1237 | X41: =SUM(X10:X39) -> 1406.1 | Y41: =SUM(Y10:Y39) -> 179.73283 | Z41: =SUM(Z10:Z39) -> 1585.8328 | AA41: =SUM(AA10:AA39) -> 1.44 | AB41: =AVERAGE(AB10:AB39) -> 39.9 | AC41: =AVERAGE(AC10:AC39) -> 18 | AD41: Avg
A42: MONTH / AF | D42: =SUM(D10:D39) -> 1118 | F42: =F41*$D$2 -> 1118 | G42: =G41*$D$2 -> 4008.6535 | H42: =H41*$D$2 -> 7.5373 | I42: =I41*$D$2 -> 4016.1908 | J42: =J41*$D$2 -> 247.30861 | K42: =K41*$D$2 -> 4263.4994 | L42: =L41*$D$2 -> -109.19145 | M42: =M41*$D$2 -> 335.40985 | ... S42: =S41*$D$2 -> 176.96093 | U42: =U41*$D$2 -> 0 | V42: =V41*$D$2 -> 2453.5895 | X42: =X41*$D$2 -> 2788.9994 | Y42: =Y41*$D$2 -> 356.50006 | Z42: =Z41*$D$2 -> 3145.4994 | AB42: =MAX(AB10:AB39) -> 54 | AC42: =MAX(AC10:AC39) -> 31 | AD42: HI
A44: SEASON / CFS | AB44: =MIN(AB10:AB39) -> 22 | AC44: =MIN(AC10:AC39) -> 2 | AD44: LO
A45: SEASON / AF
A47: YTD / CFS | F47: =F8+F41 -> 563.65011 | G47: =G8+G41 -> 2021 | H47: =H8+H41 -> 3.8 | I47: =I8+I41 -> 2024.8 | J47: =J8+J41 -> 124.68294 | K47: =K8+K41 -> 2149.4829 | L47: =L8+L41 -> -55.049887 | M47: =M8+M41 -> 169.1 | ... S47: =S8+S41 -> 89.2165 | U47: =U8+U41 -> 0 | V47: =V8+V41 -> 1237 | W47: =W39 -> 4771 | X47: =X8+X41 -> 1406.1 | Y47: =Y8+Y41 -> 179.73283 | Z47: =Z8+Z41 -> 1585.8328 | AA47: =AA8+AA41 -> 1.44
A48: YTD / AF | D48: =D8+D42 -> 1118 | E48: =E39 -> 66583 | F48: =F47*$D$2 -> 1118 | G48: =G47*$D$2 -> 4008.6535 | H48: =H47*$D$2 -> 7.5373 | I48: =I47*$D$2 -> 4016.1908 | J48: =J47*$D$2 -> 247.30861 | K48: =K47*$D$2 -> 4263.4994 | L48: =L47*$D$2 -> -109.19145 | M48: =M47*$D$2 -> 335.40985 | ... Z48: =Z47*$D$2 -> 3145.4994

Sheet DEC
K1: MC PHEE RESERVOIR IN/OUT FLOW TABULATION
A2: AF/cfs CONVERT FACTOR | D2: 1.9835 | K2: DECEMBER "2000"
A4: DATE | B4: RESERV | C4: RESERV | D4: AC FT | E4: ACTIVE | F4: CONV TO | G4: DOLORES | H4: LOST | I4: RECORDED | J4: CALC | K4: TOTAL | L4: CALC | M4: DOLORES TUNNEL | Q4: LONE | R4: U | S4: TOTAL | T4: MVI | U4: DV CR | V4: BELOW | W4: REMAIN | X4: RECORDED | Y4: CALC | Z4: TOTAL | AA4: RAIN | AB4: MAX | AC4: MIN | AD4: DATE
A5: "DEC" | B5: ELEV | C5: AC FT | D5: CHANGE | E5: CAP | F5: CFS | G5: RIVER | H5: CANYON | I5: INFLOW | J5: INFLOW | K5: INFLOW | L5: INF/OTF | M5: TOT DIV | N5: WETLAND | O5: UTE F&R | P5: MVI,CTZ | Q5: PINE | R5: LAT | S5: MVI | T5: CALL | U5: CANAL | V5: MC PHEE | W5: RELEASE | X5: OUTFLOW | Y5: OUTFLOW | Z5: OUTFLOW | AB5: TMP | AC5: TMP | AD5: "DEC"
A7: SEASON BAL
A8: YTD | B8: =NOV!B39 -> 6880.8 | C8: =NOV!C39 -> 218583 | D8: =NOV!$D$48 -> 1118 | E8: =NOV!$E$39 -> 66583 | F8: =NOV!F47 -> 563.65011 | G8: =NOV!G47 -> 2021 | H8: =NOV!H47 -> 3.8 | I8: =NOV!I47 -> 2024.8 | J8: =NOV!J47 -> 124.68294 | K8: =NOV!K47 -> 2149.4829 | L8: =NOV!L47 -> -55.049887 | M8: =NOV!M47 -> 169.1 | ... AA8: =NOV!AA47 -> 1.44
A10: 1 | B10: 6880.81 | C10: 218614 | D10: =C10-C8 -> 31 | E10: =C10-152000 -> 66614 | F10: =D10/$D$2 -> 15.628939 | G10: 61 | H10: 0.65 | I10: =G10+H10 -> 61.65 | J10: =IF(L10>0,L10,0) -> 0.078938745 | K10: =I10+J10 -> 61.728939 | L10: =F10-(I10-X10) -> 0.078938745 | M10: 5.1 | N10: 0 | O10: 0 | P10: =M10-(N10+O10) -> 5.1 | Q10: 0 | R10: 0 | S10: =SUM(P10:R10) -> 5.1 | U10: 0 | V10: 41 | W10: =W8-V10 -> 4730 | X10: =N10+O10+S10+U10+V10 -> 46.1 | Y10: =IF(L10<0,L10*-1,0) -> 0 | Z10: =X10+Y10 -> 46.1 | AA10: 0 | AB10: 51 | AC10: 25 | AD10: 1
A11: =A10+1 -> 2 | B11: 6880.82 | C11: 218644 | D11: =C11-C10 -> 30 | E11: =C11-152000 -> 66644 | F11: =D11/$D$2 -> 15.124779 | G11: 62 | H11: 0.6 | I11: =G11+H11 -> 62.6 | J11: =IF(L11>0,L11,0) -> 0 | K11: =I11+J11 -> 62.6 | L11: =F11-(I11-X11) -> -1.3752206 | M11: 5.1 | N11: 0 | O11: 0 | P11: =M11-(N11+O11) -> 5.1 | Q11: 0 | R11: 0 | S11: =SUM(P11:R11) -> 5.1 | U11: 0 | V11: 41 | W11: =W10-V11 -> 4689 | X11: =N11+O11+S11+U11+V11 -> 46.1 | Y11: =IF(L11<0,L11*-1,0) -> 1.3752206 | Z11: =X11+Y11 -> 47.475221 | AA11: 0 | AB11: 49 | AC11: 30 | AD11: =AD10+1 -> 2
A12: =A11+1 -> 3 | B12: 6880.83 | C12: 218674 | D12: =C12-C11 -> 30 | E12: =C12-152000 -> 66674 | F12: =D12/$D$2 -> 15.124779 | G12: 57 | H12: 0.63 | I12: =G12+H12 -> 57.63 | J12: =IF(L12>0,L12,0) -> 3.5947794 | K12: =I12+J12 -> 61.224779 | L12: =F12-(I12-X12) -> 3.5947794 | M12: 5.1 | N12: 0 | O12: 0 | P12: =M12-(N12+O12) -> 5.1 | Q12: 0 | R12: 0 | S12: =SUM(P12:R12) -> 5.1 | U12: 0 | V12: 41 | W12: =W11-V12 -> 4648 | X12: =N12+O12+S12+U12+V12 -> 46.1 | Y12: =IF(L12<0,L12*-1,0) -> 0 | Z12: =X12+Y12 -> 46.1 | AA12: 0 | AB12: 51 | AC12: 27 | AD12: =AD11+1 -> 3
A13: =A12+1 -> 4 | B13: 6880.83 | C13: 218674 | D13: =C13-C12 -> 0 | E13: =C13-152000 -> 66674 | F13: =D13/$D$2 -> 0 | G13: 55 | H13: 0.57 | I13: =G13+H13 -> 55.57 | J13: =IF(L13>0,L13,0) -> 0 | K13: =I13+J13 -> 55.57 | L13: =F13-(I13-X13) -> -9.47 | M13: 5.1 | N13: 0 | O13: 0 | P13: =M13-(N13+O13) -> 5.1 | Q13: 0 | R13: 0 | S13: =SUM(P13:R13) -> 5.1 | U13: 0 | V13: 41 | W13: =W12-V13 -> 4607 | X13: =N13+O13+S13+U13+V13 -> 46.1 | Y13: =IF(L13<0,L13*-1,0) -> 9.47 | Z13: =X13+Y13 -> 55.57 | AA13: 0 | AB13: 52 | AC13: 23 | AD13: =AD12+1 -> 4
A14: =A13+1 -> 5 | B14: 6880.83 | C14: 218674 | D14: =C14-C13 -> 0 | E14: =C14-152000 -> 66674 | F14: =D14/$D$2 -> 0 | G14: 60 | H14: 0.57 | I14: =G14+H14 -> 60.57 | J14: =IF(L14>0,L14,0) -> 0 | K14: =I14+J14 -> 60.57 | L14: =F14-(I14-X14) -> -14.57 | M14: 5 | N14: 0 | O14: 0 | P14: =M14-(N14+O14) -> 5 | Q14: 0 | R14: 0 | S14: =SUM(P14:R14) -> 5 | U14: 0 | V14: 41 | W14: =W13-V14 -> 4566 | X14: =N14+O14+S14+U14+V14 -> 46 | Y14: =IF(L14<0,L14*-1,0) -> 14.57 | Z14: =X14+Y14 -> 60.57 | AA14: 0 | AB14: 51 | AC14: 22 | AD14: =AD13+1 -> 5
A15: =A14+1 -> 6 | B15: 6800.83 | C15: 218674 | D15: =C15-C14 -> 0 | E15: =C15-152000 -> 66674 | F15: =D15/$D$2 -> 0 | G15: 55 | H15: 0.55 | I15: =G15+H15 -> 55.55 | J15: =IF(L15>0,L15,0) -> 0 | K15: =I15+J15 -> 55.55 | L15: =F15-(I15-X15) -> -9.75 | M15: 4.8 | N15: 0 | O15: 0 | P15: =M15-(N15+O15) -> 4.8 | Q15: 0 | R15: 0 | S15: =SUM(P15:R15) -> 4.8 | U15: 0 | V15: 41 | W15: =W14-V15 -> 4525 | X15: =N15+O15+S15+U15+V15 -> 45.8 | Y15: =IF(L15<0,L15*-1,0) -> 9.75 | Z15: =X15+Y15 -> 55.55 | AA15: 0 | AB15: 54 | AC15: 21 | AD15: =AD14+1 -> 6
A16: =A15+1 -> 7 | B16: 6880.84 | C16: 218704 | D16: =C16-C15 -> 30 | E16: =C16-152000 -> 66704 | F16: =D16/$D$2 -> 15.124779 | G16: 55 | H16: 0.55 | I16: =G16+H16 -> 55.55 | J16: =IF(L16>0,L16,0) -> 5.3747794 | K16: =I16+J16 -> 60.924779 | L16: =F16-(I16-X16) -> 5.3747794 | M16: 4.8 | N16: 0 | O16: 0 | P16: =M16-(N16+O16) -> 4.8 | Q16: 0 | R16: 0 | S16: =SUM(P16:R16) -> 4.8 | U16: 0 | V16: 41 | W16: =W15-V16 -> 4484 | X16: =N16+O16+S16+U16+V16 -> 45.8 | Y16: =IF(L16<0,L16*-1,0) -> 0 | Z16: =X16+Y16 -> 45.8 | AA16: 0 | AB16: 51 | AC16: 23 | AD16: =AD15+1 -> 7
A17: =A16+1 -> 8 | B17: 6880.85 | C17: 218734 | D17: =C17-C16 -> 30 | E17: =C17-152000 -> 66734 | F17: =D17/$D$2 -> 15.124779 | G17: 58 | H17: 0.59 | I17: =G17+H17 -> 58.59 | J17: =IF(L17>0,L17,0) -> 2.3347794 | K17: =I17+J17 -> 60.924779 | L17: =F17-(I17-X17) -> 2.3347794 | M17: 4.8 | N17: 0 | O17: 0 | P17: =M17-(N17+O17) -> 4.8 | Q17: 0 | R17: 0 | S17: =SUM(P17:R17) -> 4.8 | U17: 0 | V17: 41 | W17: =W16-V17 -> 4443 | X17: =N17+O17+S17+U17+V17 -> 45.8 | Y17: =IF(L17<0,L17*-1,0) -> 0 | Z17: =X17+Y17 -> 45.8 | AA17: 0.15 | AB17: 45 | AC17: 25 | AD17: =AD16+1 -> 8
A18: =A17+1 -> 9 | B18: 6880.86 | C18: 218765 | D18: =C18-C17 -> 31 | E18: =C18-152000 -> 66765 | F18: =D18/$D$2 -> 15.628939 | G18: 58 | H18: 0.73 | I18: =G18+H18 -> 58.73 | J18: =IF(L18>0,L18,0) -> 2.6989387 | K18: =I18+J18 -> 61.428939 | L18: =F18-(I18-X18) -> 2.6989387 | M18: 4.8 | N18: 0 | O18: 0 | P18: =M18-(N18+O18) -> 4.8 | Q18: 0 | R18: 0 | S18: =SUM(P18:R18) -> 4.8 | U18: 0 | V18: 41 | W18: =W17-V18 -> 4402 | X18: =N18+O18+S18+U18+V18 -> 45.8 | Y18: =IF(L18<0,L18*-1,0) -> 0 | Z18: =X18+Y18 -> 45.8 | AA18: 0 | AB18: 41 | AC18: 31 | AD18: =AD17+1 -> 9
A19: =A18+1 -> 10 | B19: 6880.87 | C19: 218795 | D19: =C19-C18 -> 30 | E19: =C19-152000 -> 66795 | F19: =D19/$D$2 -> 15.124779 | G19: 55 | H19: 0.88 | I19: =G19+H19 -> 55.88 | J19: =IF(L19>0,L19,0) -> 5.0447794 | K19: =I19+J19 -> 60.924779 | L19: =F19-(I19-X19) -> 5.0447794 | M19: 4.8 | N19: 0 | O19: 0 | P19: =M19-(N19+O19) -> 4.8 | Q19: 0 | R19: 0 | S19: =SUM(P19:R19) -> 4.8 | U19: 0 | V19: 41 | W19: =W18-V19 -> 4361 | X19: =N19+O19+S19+U19+V19 -> 45.8 | Y19: =IF(L19<0,L19*-1,0) -> 0 | Z19: =X19+Y19 -> 45.8 | AA19: 0.1 | AB19: 46 | AC19: 36 | AD19: =AD18+1 -> 10
A20: =A19+1 -> 11 | B20: 6880.88 | C20: 218825 | D20: =C20-C19 -> 30 | E20: =C20-152000 -> 66825 | F20: =D20/$D$2 -> 15.124779 | G20: 51 | H20: 0.9 | I20: =G20+H20 -> 51.9 | J20: =IF(L20>0,L20,0) -> 9.0247794 | K20: =I20+J20 -> 60.924779 | L20: =F20-(I20-X20) -> 9.0247794 | M20: 4.8 | N20: 0 | O20: 0 | P20: =M20-(N20+O20) -> 4.8 | Q20: 0 | R20: 0 | S20: =SUM(P20:R20) -> 4.8 | U20: 0 | V20: 41 | W20: =W19-V20 -> 4320 | X20: =N20+O20+S20+U20+V20 -> 45.8 | Y20: =IF(L20<0,L20*-1,0) -> 0 | Z20: =X20+Y20 -> 45.8 | AA20: 0 | AB20: 36 | AC20: 21 | AD20: =AD19+1 -> 11
A21: =A20+1 -> 12 | B21: 6880.89 | C21: 218855 | D21: =C21-C20 -> 30 | E21: =C21-152000 -> 66855 | F21: =D21/$D$2 -> 15.124779 | G21: 53 | H21: 0.93 | I21: =G21+H21 -> 53.93 | J21: =IF(L21>0,L21,0) -> 6.9947794 | K21: =I21+J21 -> 60.924779 | L21: =F21-(I21-X21) -> 6.9947794 | M21: 4.8 | N21: 0 | O21: 0 | P21: =M21-(N21+O21) -> 4.8 | Q21: 0 | R21: 0 | S21: =SUM(P21:R21) -> 4.8 | U21: 0 | V21: 41 | W21: =W20-V21 -> 4279 | X21: =N21+O21+S21+U21+V21 -> 45.8 | Y21: =IF(L21<0,L21*-1,0) -> 0 | Z21: =X21+Y21 -> 45.8 | AA21: 0.13 | AB21: 39 | AC21: 16 | AD21: =AD20+1 -> 12
A22: =A21+1 -> 13 | B22: 6880.9 | C22: 218886 | D22: =C22-C21 -> 31 | E22: =C22-152000 -> 66886 | F22: =D22/$D$2 -> 15.628939 | G22: 52 | H22: 0.89 | I22: =G22+H22 -> 52.89 | J22: =IF(L22>0,L22,0) -> 8.5389387 | K22: =I22+J22 -> 61.428939 | L22: =F22-(I22-X22) -> 8.5389387 | M22: 4.8 | N22: 0 | O22: 0 | P22: =M22-(N22+O22) -> 4.8 | Q22: 0 | R22: 0 | S22: =SUM(P22:R22) -> 4.8 | U22: 0 | V22: 41 | W22: =W21-V22 -> 4238 | X22: =N22+O22+S22+U22+V22 -> 45.8 | Y22: =IF(L22<0,L22*-1,0) -> 0 | Z22: =X22+Y22 -> 45.8 | AA22: 0 | AB22: 37 | AC22: 13 | AD22: =AD21+1 -> 13
... A38: =A37+1 -> 29 | B38: 6880.96 | C38: 219067 | D38: =C38-C37 -> 0 | E38: =C38-152000 -> 67067 | F38: =D38/$D$2 -> 0 | G38: 42 | H38: 0.74 | I38: =G38+H38 -> 42.74 | J38: =IF(L38>0,L38,0) -> 4.06 | K38: =I38+J38 -> 46.8 | L38: =F38-(I38-X38) -> 4.06 | M38: 4.8 | N38: 0 | O38: 0 | P38: =M38-(N38+O38) -> 4.8 | Q38: 0 | R38: 0 | S38: =SUM(P38:R38) -> 4.8 | U38: 0 | V38: 42 | W38: =W37-V38 -> 3571 | X38: =N38+O38+S38+U38+V38 -> 46.8 | Y38: =IF(L38<0,L38*-1,0) -> 0 | Z38: =X38+Y38 -> 46.8 | AA38: 0 | AB38: 46 | AC38: 18 | AD38: =AD37+1 -> 29
A39: 30 | B39: 6880.96 | C39: 219067 | D39: =C39-C38 -> 0 | E39: =C39-152000 -> 67067 | F39: =D39/$D$2 -> 0 | G39: 43 | H39: 0.71 | I39: =G39+H39 -> 43.71 | J39: =IF(L39>0,L39,0) -> 3.09 | K39: =I39+J39 -> 46.8 | L39: =F39-(I39-X39) -> 3.09 | M39: 4.8 | N39: 0 | O39: 0 | P39: =M39-(N39+O39) -> 4.8 | Q39: 0 | R39: 0 | S39: =SUM(P39:R39) -> 4.8 | U39: 0 | V39: 42 | W39: =W38-V39 -> 3529 | X39: =N39+O39+S39+U39+V39 -> 46.8 | Y39: =IF(L39<0,L39*-1,0) -> 0 | Z39: =X39+Y39 -> 46.8 | AA39: 0 | AB39: 45 | AC39: 18 | AD39: 30
A40: 31 | B40: 6880.96 | C40: 219067 | D40: =C40-C39 -> 0 | E40: =C40-152000 -> 67067 | F40: =D40/$D$2 -> 0 | G40: 43 | H40: 0.7 | I40: =G40+H40 -> 43.7 | J40: =IF(L40>0,L40,0) -> 3.1 | K40: =I40+J40 -> 46.8 | L40: =F40-(I40-X40) -> 3.1 | M40: 4.8 | N40: 0 | O40: 0 | P40: =M40-(N40+O40) -> 4.8 | Q40: 0 | R40: 0 | S40: =SUM(P40:R40) -> 4.8 | U40: 0 | V40: 42 | W40: =W39-V40 -> 3487 | X40: =N40+O40+S40+U40+V40 -> 46.8 | Y40: =IF(L40<0,L40*-1,0) -> 0 | Z40: =X40+Y40 -> 46.8 | AA40: 0 | AB40: 49 | AC40: 21 | AD40: 31
A42: MONTH / CFS | F42: =SUM(F10:F40) -> 244.01311 | G42: =SUM(G10:G40) -> 1497 | H42: =SUM(H10:H40) -> 22.78 | I42: =SUM(I10:I40) -> 1519.78 | J42: =SUM(J10:J40) -> 195.74833 | K42: =SUM(K10:K40) -> 1715.5283 | L42: =SUM(L10:L40) -> 158.43311 | M42: =SUM(M10:M40) -> 150.2 | ... S42: =SUM(S10:S40) -> 150.2 | U42: =SUM(U10:U40) -> 0 | V42: =SUM(V10:V40) -> 1284 | X42: =SUM(X10:X40) -> 1434.2 | Y42: =SUM(Y10:Y40) -> 37.315221 | Z42: =SUM(Z10:Z40) -> 1471.5152 | AA42: =SUM(AA10:AA40) -> 0.38 | AB42: =AVERAGE(AB10:AB40) -> 44.806452 | AC42: =AVERAGE(AC10:AC40) -> 19.677419 | AD42: Avg
A43: MONTH / AF | D43: =SUM(D10:D40) -> 484 | F43: =F42*$D$2 -> 484 | G43: =G42*$D$2 -> 2969.2995 | H43: =H42*$D$2 -> 45.18413 | I43: =I42*$D$2 -> 3014.4836 | J43: =J42*$D$2 -> 388.26681 | K43: =K42*$D$2 -> 3402.7504 | L43: =L42*$D$2 -> 314.25207 | M43: =M42*$D$2 -> 297.9217 | ... S43: =S42*$D$2 -> 297.9217 | U43: =U42*$D$2 -> 0 | V43: =V42*$D$2 -> 2546.814 | X43: =X42*$D$2 -> 2844.7357 | Y43: =Y42*$D$2 -> 74.01474 | Z43: =Z42*$D$2 -> 2918.7504 | AB43: =MAX(AB10:AB40) -> 54 | AC43: =MAX(AC10:AC40) -> 36 | AD43: HI
A45: SEASON / CFS | AB45: =MIN(AB10:AB40) -> 36 | AC45: =MIN(AC10:AC40) -> 4 | AD45: LO
A46: SEASON / AF
A48: YTD / CFS | F48: =F8+F42 -> 807.66322 | G48: =G8+G42 -> 3518 | H48: =H8+H42 -> 26.58 | I48: =I8+I42 -> 3544.58 | J48: =J8+J42 -> 320.43127 | K48: =K8+K42 -> 3865.0113 | L48: =L8+L42 -> 103.38322 | M48: =M8+M42 -> 319.3 | ... S48: =S8+S42 -> 239.4165 | U48: =U8+U42 -> 0 | V48: =V8+V42 -> 2521 | W48: =W40 -> 3487 | X48: =X8+X42 -> 2840.3 | Y48: =Y8+Y42 -> 217.04805 | Z48: =Z8+Z42 -> 3057.348 | AA48: =AA8+AA42 -> 1.82
A49: YTD / AF | D49: =D8+D43 -> 1602 | E49: =E40 -> 67067 | F49: =F48*$D$2 -> 1602 | G49: =G48*$D$2 -> 6977.953 | H49: =H48*$D$2 -> 52.72143 | I49: =I48*$D$2 -> 7030.6744 | J49: =J48*$D$2 -> 635.57542 | K49: =K48*$D$2 -> 7666.2499 | L49: =L48*$D$2 -> 205.06062 | M49: =M48*$D$2 -> 633.33155 | ... Z49: =Z48*$D$2 -> 6064.2499

Sheet JAN
K1: MC PHEE RESERVOIR IN/OUT FLOW TABULATION
A2: AF/cfs CONVERT FACTOR | D2: 1.9835 | K2: JANUARY "2001"
A4: DATE | B4: RESERV | C4: RESERV | D4: AC FT | E4: ACTIVE | F4: CONV TO | G4: DOLORES | H4: LOST | I4: RECORDED | J4: CALC | K4: TOTAL | L4: CALC | M4: DOLORES TUNNEL | Q4: LONE | R4: U | S4: TOTAL | T4: MVI | U4: DV CR | V4: BELOW | W4: REMAIN | X4: RECORDED | Y4: CALC | Z4: TOTAL | AA4: RAIN | AB4: MAX | AC4: MIN | AD4: DATE
A5: "JAN" | B5: ELEV | C5: AC FT | D5: CHANGE | E5: CAP | F5: CFS | G5: RIVER | H5: CANYON | I5: INFLOW | J5: INFLOW | K5: INFLOW | L5: INF/OTF | M5: TOT DIV | N5: WETLAND | O5: UTE F&R | P5: MVI,CTZ | Q5: PINE | R5: LAT | S5: MVI | T5: CALL | U5: CANAL | V5: MC PHEE | W5: RELEASE | X5: OUTFLOW | Y5: OUTFLOW | Z5: OUTFLOW | AB5: TMP | AC5: TMP | AD5: "JAN"
A7: SEASON BAL
A8: YTD | B8: =DEC!B40 -> 6880.96 | C8: =DEC!C40 -> 219067 | D8: =DEC!$D$49 -> 1602 | E8: =DEC!$E$40 -> 67067 | F8: =DEC!F48 -> 807.66322 | G8: =DEC!G48 -> 3518 | H8: =DEC!H48 -> 26.58 | I8: =DEC!I48 -> 3544.58 | J8: =DEC!J48 -> 320.43127 | K8: =DEC!K48 -> 3865.0113 | L8: =DEC!L48 -> 103.38322 | M8: =DEC!M48 -> 319.3 | ... AA8: =DEC!AA48 -> 1.82
A10: 1 | B10: 6880.96 | C10: 219067 | D10: =C10-C8 -> 0 | E10: =C10-152000 -> 67067 | F10: =D10/$D$2 -> 0 | G10: 42 | H10: 0.69 | I10: =G10+H10 -> 42.69 | J10: =IF(L10>0,L10,0) -> 4.11 | K10: =I10+J10 -> 46.8 | L10: =F10-(I10-X10) -> 4.11 | M10: 4.8 | N10: 0 | O10: 0 | P10: =M10-(N10+O10) -> 4.8 | Q10: 0 | R10: 0 | S10: =SUM(P10:R10) -> 4.8 | U10: 0 | V10: 42 | W10: =W8-V10 -> 3445 | X10: =N10+O10+S10+U10+V10 -> 46.8 | Y10: =IF(L10<0,L10*-1,0) -> 0 | Z10: =X10+Y10 -> 46.8 | AA10: 0 | AB10: 45 | AC10: 20 | AD10: 1
A11: =A10+1 -> 2 | B11: 6880.96 | C11: 219067 | D11: =C11-C10 -> 0 | E11: =C11-152000 -> 67067 | F11: =D11/$D$2 -> 0 | G11: 42 | H11: 0.65 | I11: =G11+H11 -> 42.65 | J11: =IF(L11>0,L11,0) -> 4.15 | K11: =I11+J11 -> 46.8 | L11: =F11-(I11-X11) -> 4.15 | M11: 4.8 | N11: 0 | O11: 0 | P11: =M11-(N11+O11) -> 4.8 | Q11: 0 | R11: 0 | S11: =SUM(P11:R11) -> 4.8 | U11: 0 | V11: 42 | W11: =W10-V11 -> 3403 | X11: =N11+O11+S11+U11+V11 -> 46.8 | Y11: =IF(L11<0,L11*-1,0) -> 0 | Z11: =X11+Y11 -> 46.8 | AA11: 0 | AB11: 46 | AC11: 18 | AD11: =AD10+1 -> 2
A12: =A11+1 -> 3 | B12: 6880.96 | C12: 219067 | D12: =C12-C11 -> 0 | E12: =C12-152000 -> 67067 | F12: =D12/$D$2 -> 0 | G12: 42 | H12: 0.62 | I12: =G12+H12 -> 42.62 | J12: =IF(L12>0,L12,0) -> 4.18 | K12: =I12+J12 -> 46.8 | L12: =F12-(I12-X12) -> 4.18 | M12: 4.8 | N12: 0 | O12: 0 | P12: =M12-(N12+O12) -> 4.8 | Q12: 0 | R12: 0 | S12: =SUM(P12:R12) -> 4.8 | U12: 0 | V12: 42 | W12: =W11-V12 -> 3361 | X12: =N12+O12+S12+U12+V12 -> 46.8 | Y12: =IF(L12<0,L12*-1,0) -> 0 | Z12: =X12+Y12 -> 46.8 | AA12: 0 | AB12: 48 | AC12: 20 | AD12: =AD11+1 -> 3
A13: =A12+1 -> 4 | B13: 6880.96 | C13: 219067 | D13: =C13-C12 -> 0 | E13: =C13-152000 -> 67067 | F13: =D13/$D$2 -> 0 | G13: 43 | H13: 0.59 | I13: =G13+H13 -> 43.59 | J13: =IF(L13>0,L13,0) -> 3.21 | K13: =I13+J13 -> 46.8 | L13: =F13-(I13-X13) -> 3.21 | M13: 4.8 | N13: 0 | O13: 0 | P13: =M13-(N13+O13) -> 4.8 | Q13: 0 | R13: 0 | S13: =SUM(P13:R13) -> 4.8 | U13: 0 | V13: 42 | W13: =W12-V13 -> 3319 | X13: =N13+O13+S13+U13+V13 -> 46.8 | Y13: =IF(L13<0,L13*-1,0) -> 0 | Z13: =X13+Y13 -> 46.8 | AA13: 0 | AB13: 48 | AC13: 22 | AD13: =AD12+1 -> 4
A14: =A13+1 -> 5 | B14: 6880.96 | C14: 219067 | D14: =C14-C13 -> 0 | E14: =C14-152000 -> 67067 | F14: =D14/$D$2 -> 0 | G14: 43 | H14: 0.65 | I14: =G14+H14 -> 43.65 | J14: =IF(L14>0,L14,0) -> 3.15 | K14: =I14+J14 -> 46.8 | L14: =F14-(I14-X14) -> 3.15 | M14: 4.8 | N14: 0 | O14: 0 | P14: =M14-(N14+O14) -> 4.8 | Q14: 0 | R14: 0 | S14: =SUM(P14:R14) -> 4.8 | U14: 0 | V14: 42 | W14: =W13-V14 -> 3277 | X14: =N14+O14+S14+U14+V14 -> 46.8 | Y14: =IF(L14<0,L14*-1,0) -> 0 | Z14: =X14+Y14 -> 46.8 | AA14: 0 | AB14: 53 | AC14: 22 | AD14: =AD13+1 -> 5
A15: =A14+1 -> 6 | B15: 6880.96 | C15: 219067 | D15: =C15-C14 -> 0 | E15: =C15-152000 -> 67067 | F15: =D15/$D$2 -> 0 | G15: 43 | H15: 0.67 | I15: =G15+H15 -> 43.67 | J15: =IF(L15>0,L15,0) -> 3.13 | K15: =I15+J15 -> 46.8 | L15: =F15-(I15-X15) -> 3.13 | M15: 4.8 | N15: 0 | O15: 0 | P15: =M15-(N15+O15) -> 4.8 | Q15: 0 | R15: 0 | S15: =SUM(P15:R15) -> 4.8 | U15: 0 | V15: 42 | W15: =W14-V15 -> 3235 | X15: =N15+O15+S15+U15+V15 -> 46.8 | Y15: =IF(L15<0,L15*-1,0) -> 0 | Z15: =X15+Y15 -> 46.8 | AA15: 0 | AB15: 50 | AC15: 24 | AD15: =AD14+1 -> 6
A16: =A15+1 -> 7 | B16: 6880.96 | C16: 219067 | D16: =C16-C15 -> 0 | E16: =C16-152000 -> 67067 | F16: =D16/$D$2 -> 0 | G16: 43 | H16: 0.66 | I16: =G16+H16 -> 43.66 | J16: =IF(L16>0,L16,0) -> 3.14 | K16: =I16+J16 -> 46.8 | L16: =F16-(I16-X16) -> 3.14 | M16: 4.8 | N16: 0 | O16: 0 | P16: =M16-(N16+O16) -> 4.8 | Q16: 0 | R16: 0 | S16: =SUM(P16:R16) -> 4.8 | U16: 0 | V16: 42 | W16: =W15-V16 -> 3193 | X16: =N16+O16+S16+U16+V16 -> 46.8 | Y16: =IF(L16<0,L16*-1,0) -> 0 | Z16: =X16+Y16 -> 46.8 | AA16: 0 | AB16: 50 | AC16: 23 | AD16: =AD15+1 -> 7
A17: =A16+1 -> 8 | B17: 6880.96 | C17: 219067 | D17: =C17-C16 -> 0 | E17: =C17-152000 -> 67067 | F17: =D17/$D$2 -> 0 | G17: 43 | H17: 0.65 | I17: =G17+H17 -> 43.65 | J17: =IF(L17>0,L17,0) -> 4.15 | K17: =I17+J17 -> 47.8 | L17: =F17-(I17-X17) -> 4.15 | M17: 4.8 | N17: 0 | O17: 0 | P17: =M17-(N17+O17) -> 4.8 | Q17: 0 | R17: 0 | S17: =SUM(P17:R17) -> 4.8 | U17: 0 | V17: 43 | W17: =W16-V17 -> 3150 | X17: =N17+O17+S17+U17+V17 -> 47.8 | Y17: =IF(L17<0,L17*-1,0) -> 0 | Z17: =X17+Y17 -> 47.8 | AA17: 0 | AB17: 47 | AC17: 18 | AD17: =AD16+1 -> 8
A18: =A17+1 -> 9 | B18: 6880.96 | C18: 219067 | D18: =C18-C17 -> 0 | E18: =C18-152000 -> 67067 | F18: =D18/$D$2 -> 0 | G18: 44 | H18: 0.61 | I18: =G18+H18 -> 44.61 | J18: =IF(L18>0,L18,0) -> 3.19 | K18: =I18+J18 -> 47.8 | L18: =F18-(I18-X18) -> 3.19 | M18: 4.8 | N18: 0 | O18: 0 | P18: =M18-(N18+O18) -> 4.8 | Q18: 0 | R18: 0 | S18: =SUM(P18:R18) -> 4.8 | U18: 0 | V18: 43 | W18: =W17-V18 -> 3107 | X18: =N18+O18+S18+U18+V18 -> 47.8 | Y18: =IF(L18<0,L18*-1,0) -> 0 | Z18: =X18+Y18 -> 47.8 | AA18: 0 | AB18: 42 | AC18: 20 | AD18: =AD17+1 -> 9
A19: =A18+1 -> 10 | B19: 6880.96 | C19: 219067 | D19: =C19-C18 -> 0 | E19: =C19-152000 -> 67067 | F19: =D19/$D$2 -> 0 | G19: 43 | H19: 0.55 | I19: =G19+H19 -> 43.55 | J19: =IF(L19>0,L19,0) -> 4.25 | K19: =I19+J19 -> 47.8 | L19: =F19-(I19-X19) -> 4.25 | M19: 4.8 | N19: 0 | O19: 0 | P19: =M19-(N19+O19) -> 4.8 | Q19: 0 | R19: 0 | S19: =SUM(P19:R19) -> 4.8 | U19: 0 | V19: 43 | W19: =W18-V19 -> 3064 | X19: =N19+O19+S19+U19+V19 -> 47.8 | Y19: =IF(L19<0,L19*-1,0) -> 0 | Z19: =X19+Y19 -> 47.8 | AA19: 0 | AB19: 38 | AC19: 17 | AD19: =AD18+1 -> 10
A20: =A19+1 -> 11 | B20: 6880.96 | C20: 219067 | D20: =C20-C19 -> 0 | E20: =C20-152000 -> 67067 | F20: =D20/$D$2 -> 0 | G20: 43 | H20: 0.51 | I20: =G20+H20 -> 43.51 | J20: =IF(L20>0,L20,0) -> 4.29 | K20: =I20+J20 -> 47.8 | L20: =F20-(I20-X20) -> 4.29 | M20: 4.8 | N20: 0 | O20: 0 | P20: =M20-(N20+O20) -> 4.8 | Q20: 0 | R20: 0 | S20: =SUM(P20:R20) -> 4.8 | U20: 0 | V20: 43 | W20: =W19-V20 -> 3021 | X20: =N20+O20+S20+U20+V20 -> 47.8 | Y20: =IF(L20<0,L20*-1,0) -> 0 | Z20: =X20+Y20 -> 47.8 | AA20: 0 | AB20: 45 | AC20: 18 | AD20: =AD19+1 -> 11
A21: =A20+1 -> 12 | B21: 6881 | C21: 219188 | D21: =C21-C20 -> 121 | E21: =C21-152000 -> 67188 | F21: =D21/$D$2 -> 61.003277 | G21: 43 | H21: 0.48 | I21: =G21+H21 -> 43.48 | J21: =IF(L21>0,L21,0) -> 64.123277 | K21: =I21+J21 -> 107.60328 | L21: =F21-(I21-X21) -> 64.123277 | M21: 4.6 | N21: 0 | O21: 0 | P21: =M21-(N21+O21) -> 4.6 | Q21: 0 | R21: 0 | S21: =SUM(P21:R21) -> 4.6 | U21: 0 | V21: 42 | W21: =W20-V21 -> 2979 | X21: =N21+O21+S21+U21+V21 -> 46.6 | Y21: =IF(L21<0,L21*-1,0) -> 0 | Z21: =X21+Y21 -> 46.6 | AA21: 0.29 | AB21: 43 | AC21: 25 | AD21: =AD20+1 -> 12
A22: 13 | B22: 6881.02 | C22: 219249 | D22: =C22-C21 -> 61 | E22: =C22-152000 -> 67249 | F22: =D22/$D$2 -> 30.753718 | G22: 43 | H22: 0.47 | I22: =G22+H22 -> 43.47 | J22: =IF(L22>0,L22,0) -> 34.683718 | K22: =I22+J22 -> 78.153718 | L22: =F22-(I22-X22) -> 34.683718 | M22: 4.4 | N22: 0 | O22: 0 | P22: =M22-(N22+O22) -> 4.4 | Q22: 0 | R22: 0 | S22: =SUM(P22:R22) -> 4.4 | U22: 0 | V22: 43 | W22: =W21-V22 -> 2936 | X22: =N22+O22+S22+U22+V22 -> 47.4 | Y22: =IF(L22<0,L22*-1,0) -> 0 | Z22: =X22+Y22 -> 47.4 | AA22: 0.11 | AB22: 30 | AC22: 14 | AD22: =AD21+1 -> 13
A23: =A22+1 -> 14 | B23: 6881.02 | C23: 219249 | D23: =C23-C22 -> 0 | E23: =C23-152000 -> 67249 | F23: =D23/$D$2 -> 0 | G23: 43 | H23: 0.47 | I23: =G23+H23 -> 43.47 | J23: =IF(L23>0,L23,0) -> 2.93 | K23: =I23+J23 -> 46.4 | L23: =F23-(I23-X23) -> 2.93 | M23: 4.4 | N23: 0 | O23: 0 | P23: =M23-(N23+O23) -> 4.4 | Q23: 0 | R23: 0 | S23: =SUM(P23:R23) -> 4.4 | U23: 0 | V23: 42 | W23: =W22-V23 -> 2894 | X23: =N23+O23+S23+U23+V23 -> 46.4 | Y23: =IF(L23<0,L23*-1,0) -> 0 | Z23: =X23+Y23 -> 46.4 | AA23: 0 | AB23: 33 | AC23: 8 | AD23: =AD22+1 -> 14
A24: =A23+1 -> 15 | B24: 6881.03 | C24: 219280 | D24: =C24-C23 -> 31 | E24: =C24-152000 -> 67280 | F24: =D24/$D$2 -> 15.628939 | G24: 42 | H24: 0.44 | I24: =G24+H24 -> 42.44 | J24: =IF(L24>0,L24,0) -> 19.588939 | K24: =I24+J24 -> 62.028939 | L24: =F24-(I24-X24) -> 19.588939 | M24: 4.4 | N24: 0 | O24: 0 | P24: =M24-(N24+O24) -> 4.4 | Q24: 0 | R24: 0 | S24: =SUM(P24:R24) -> 4.4 | U24: 0 | V24: 42 | W24: =W23-V24 -> 2852 | X24: =N24+O24+S24+U24+V24 -> 46.4 | Y24: =IF(L24<0,L24*-1,0) -> 0 | Z24: =X24+Y24 -> 46.4 | AA24: 0 | AB24: 34 | AC24: 9 | AD24: =AD23+1 -> 15
A25: =A24+1 -> 16 | B25: 6881.04 | C25: 219311 | D25: =C25-C24 -> 31 | E25: =C25-152000 -> 67311 | F25: =D25/$D$2 -> 15.628939 | G25: 41 | H25: 0.4 | I25: =G25+H25 -> 41.4 | J25: =IF(L25>0,L25,0) -> 20.628939 | K25: =I25+J25 -> 62.028939 | L25: =F25-(I25-X25) -> 20.628939 | M25: 4.4 | N25: 0 | O25: 0 | P25: =M25-(N25+O25) -> 4.4 | Q25: 0 | R25: 0 | S25: =SUM(P25:R25) -> 4.4 | U25: 0 | V25: 42 | W25: =W24-V25 -> 2810 | X25: =N25+O25+S25+U25+V25 -> 46.4 | Y25: =IF(L25<0,L25*-1,0) -> 0 | Z25: =X25+Y25 -> 46.4 | AA25: 0.06 | AB25: 33 | AC25: 12 | AD25: =AD24+1 -> 16
A26: =A25+1 -> 17 | B26: 6881.04 | C26: 219311 | D26: =C26-C25 -> 0 | E26: =C26-152000 -> 67311 | F26: =D26/$D$2 -> 0 | G26: 40 | H26: 0.52 | I26: =G26+H26 -> 40.52 | J26: =IF(L26>0,L26,0) -> 5.88 | K26: =I26+J26 -> 46.4 | L26: =F26-(I26-X26) -> 5.88 | M26: 4.4 | N26: 0 | O26: 0 | P26: =M26-(N26+O26) -> 4.4 | Q26: 0 | R26: 0 | S26: =SUM(P26:R26) -> 4.4 | U26: 0 | V26: 42 | W26: =W25-V26 -> 2768 | X26: =N26+O26+S26+U26+V26 -> 46.4 | Y26: =IF(L26<0,L26*-1,0) -> 0 | Z26: =X26+Y26 -> 46.4 | AA26: 0 | AB26: 29 | AC26: 8 | AD26: =AD25+1 -> 17
A27: =A26+1 -> 18 | B27: 6881.03 | C27: 219280 | D27: =C27-C26 -> -31 | E27: =C27-152000 -> 67280 | F27: =D27/$D$2 -> -15.628939 | G27: 38 | H27: 0.53 | I27: =G27+H27 -> 38.53 | J27: =IF(L27>0,L27,0) -> 0 | K27: =I27+J27 -> 38.53 | L27: =F27-(I27-X27) -> -8.7589387 | M27: 4.4 | N27: 0 | O27: 0 | P27: =M27-(N27+O27) -> 4.4 | Q27: 0 | R27: 0 | S27: =SUM(P27:R27) -> 4.4 | U27: 0 | V27: 41 | W27: =W26-V27 -> 2727 | X27: =N27+O27+S27+U27+V27 -> 45.4 | Y27: =IF(L27<0,L27*-1,0) -> 8.7589387 | Z27: =X27+Y27 -> 54.158939 | AA27: 0 | AB27: 34 | AC27: 4 | AD27: =AD26+1 -> 18
A28: =A27+1 -> 19 | B28: 6881.02 | C28: 219249 | D28: =C28-C27 -> -31 | E28: =C28-152000 -> 67249 | F28: =D28/$D$2 -> -15.628939 | G28: 38 | H28: 0.5 | I28: =G28+H28 -> 38.5 | J28: =IF(L28>0,L28,0) -> 0 | K28: =I28+J28 -> 38.5 | L28: =F28-(I28-X28) -> -8.6289387 | M28: 4.5 | N28: 0 | O28: 0 | P28: =M28-(N28+O28) -> 4.5 | Q28: 0 | R28: 0 | S28: =SUM(P28:R28) -> 4.5 | U28: 0 | V28: 41 | W28: =W27-V28 -> 2686 | X28: =N28+O28+S28+U28+V28 -> 45.5 | Y28: =IF(L28<0,L28*-1,0) -> 8.6289387 | Z28: =X28+Y28 -> 54.128939 | AA28: 0 | AB28: 34 | AC28: 4 | AD28: =AD27+1 -> 19
A29: =A28+1 -> 20 | B29: 6881.01 | C29: 219219 | D29: =C29-C28 -> -30 | E29: =C29-152000 -> 67219 | F29: =D29/$D$2 -> -15.124779 | G29: 39 | H29: 0.43 | I29: =G29+H29 -> 39.43 | J29: =IF(L29>0,L29,0) -> 0 | K29: =I29+J29 -> 39.43 | L29: =F29-(I29-X29) -> -8.7547794 | M29: 4.8 | N29: 0 | O29: 0 | P29: =M29-(N29+O29) -> 4.8 | Q29: 0 | R29: 0 | S29: =SUM(P29:R29) -> 4.8 | U29: 0 | V29: 41 | W29: =W28-V29 -> 2645 | X29: =N29+O29+S29+U29+V29 -> 45.8 | Y29: =IF(L29<0,L29*-1,0) -> 8.7547794 | Z29: =X29+Y29 -> 54.554779 | AA29: 0 | AB29: 36 | AC29: 10 | AD29: =AD28+1 -> 20
A30: =A29+1 -> 21 | B30: 6881.02 | C30: 219249 | D30: =C30-C29 -> 30 | E30: =C30-152000 -> 67249 | F30: =D30/$D$2 -> 15.124779 | G30: 40 | H30: 0.47 | I30: =G30+H30 -> 40.47 | J30: =IF(L30>0,L30,0) -> 20.454779 | K30: =I30+J30 -> 60.924779 | L30: =F30-(I30-X30) -> 20.454779 | M30: 4.8 | N30: 0 | O30: 0 | P30: =M30-(N30+O30) -> 4.8 | Q30: 0 | R30: 0 | S30: =SUM(P30:R30) -> 4.8 | U30: 0 | V30: 41 | W30: =W29-V30 -> 2604 | X30: =N30+O30+S30+U30+V30 -> 45.8 | Y30: =IF(L30<0,L30*-1,0) -> 0 | Z30: =X30+Y30 -> 45.8 | AA30: 0 | AB30: 40 | AC30: 8 | AD30: =AD29+1 -> 21
A31: =A30+1 -> 22 | B31: 6881.03 | C31: 219280 | D31: =C31-C30 -> 31 | E31: =C31-152000 -> 67280 | F31: =D31/$D$2 -> 15.628939 | G31: 40 | H31: 0.64 | I31: =G31+H31 -> 40.64 | J31: =IF(L31>0,L31,0) -> 19.788939 | K31: =I31+J31 -> 60.428939 | L31: =F31-(I31-X31) -> 19.788939 | M31: 4.8 | N31: 0 | O31: 0 | P31: =M31-(N31+O31) -> 4.8 | Q31: 0 | R31: 0 | S31: =SUM(P31:R31) -> 4.8 | U31: 0 | V31: 40 | W31: =W30-V31 -> 2564 | X31: =N31+O31+S31+U31+V31 -> 44.8 | Y31: =IF(L31<0,L31*-1,0) -> 0 | Z31: =X31+Y31 -> 44.8 | AA31: 0 | AB31: 43 | AC31: 14 | AD31: =AD30+1 -> 22
A32: =A31+1 -> 23 | B32: 6881.04 | C32: 219311 | D32: =C32-C31 -> 31 | E32: =C32-152000 -> 67311 | F32: =D32/$D$2 -> 15.628939 | G32: 40 | H32: 0.7 | I32: =G32+H32 -> 40.7 | J32: =IF(L32>0,L32,0) -> 19.728939 | K32: =I32+J32 -> 60.428939 | L32: =F32-(I32-X32) -> 19.728939 | M32: 4.8 | N32: 0 | O32: 0 | P32: =M32-(N32+O32) -> 4.8 | Q32: 0 | R32: 0 | S32: =SUM(P32:R32) -> 4.8 | U32: 0 | V32: 40 | W32: =W31-V32 -> 2524 | X32: =N32+O32+S32+U32+V32 -> 44.8 | Y32: =IF(L32<0,L32*-1,0) -> 0 | Z32: =X32+Y32 -> 44.8 | AA32: 0 | AB32: 39 | AC32: 20 | AD32: =AD31+1 -> 23
A33: =A32+1 -> 24 | B33: 6881.05 | C33: 219341 | D33: =C33-C32 -> 30 | E33: =C33-152000 -> 67341 | F33: =D33/$D$2 -> 15.124779 | G33: 40 | H33: 0.7 | I33: =G33+H33 -> 40.7 | J33: =IF(L33>0,L33,0) -> 18.224779 | K33: =I33+J33 -> 58.924779 | L33: =F33-(I33-X33) -> 18.224779 | M33: 4.8 | N33: 0 | O33: 0 | P33: =M33-(N33+O33) -> 4.8 | Q33: 0 | R33: 0 | S33: =SUM(P33:R33) -> 4.8 | U33: 0 | V33: 39 | W33: =W32-V33 -> 2485 | X33: =N33+O33+S33+U33+V33 -> 43.8 | Y33: =IF(L33<0,L33*-1,0) -> 0 | Z33: =X33+Y33 -> 43.8 | AA33: 0 | AB33: 43 | AC33: 16 | AD33: =AD32+1 -> 24
A34: =A33+1 -> 25 | B34: 6881.08 | C34: 219433 | D34: =C34-C33 -> 92 | E34: =C34-152000 -> 67433 | F34: =D34/$D$2 -> 46.382657 | G34: 39 | H34: 0.67 | I34: =G34+H34 -> 39.67 | J34: =IF(L34>0,L34,0) -> 51.512657 | K34: =I34+J34 -> 91.182657 | L34: =F34-(I34-X34) -> 51.512657 | M34: 4.8 | N34: 0 | O34: 0 | P34: =M34-(N34+O34) -> 4.8 | Q34: 0 | R34: 0 | S34: =SUM(P34:R34) -> 4.8 | U34: 0 | V34: 40 | W34: =W33-V34 -> 2445 | X34: =N34+O34+S34+U34+V34 -> 44.8 | Y34: =IF(L34<0,L34*-1,0) -> 0 | Z34: =X34+Y34 -> 44.8 | AA34: 0.32 | AB34: 36 | AC34: 11 | AD34: =AD33+1 -> 25
... A38: =A37+1 -> 29 | B38: 6881.16 | C38: 219678 | D38: =C38-C37 -> 0 | E38: =C38-152000 -> 67678 | F38: =D38/$D$2 -> 0 | G38: 39 | H38: 0.54 | I38: =G38+H38 -> 39.54 | J38: =IF(L38>0,L38,0) -> 6.26 | K38: =I38+J38 -> 45.8 | L38: =F38-(I38-X38) -> 6.26 | M38: 4.8 | N38: 0 | O38: 0 | P38: =M38-(N38+O38) -> 4.8 | Q38: 0 | R38: 0 | S38: =SUM(P38:R38) -> 4.8 | U38: 0 | V38: 41 | W38: =W37-V38 -> 2285 | X38: =N38+O38+S38+U38+V38 -> 45.8 | Y38: =IF(L38<0,L38*-1,0) -> 0 | Z38: =X38+Y38 -> 45.8 | AA38: 0 | AB38: 32 | AC38: 8 | AD38: =AD37+1 -> 29
A39: 30 | B39: 6881.16 | C39: 219678 | D39: =C39-C38 -> 0 | E39: =C39-152000 -> 67678 | F39: =D39/$D$2 -> 0 | G39: 38 | H39: 0.49 | I39: =G39+H39 -> 38.49 | J39: =IF(L39>0,L39,0) -> 7.31 | K39: =I39+J39 -> 45.8 | L39: =F39-(I39-X39) -> 7.31 | M39: 4.8 | N39: 0 | O39: 0 | P39: =M39-(N39+O39) -> 4.8 | Q39: 0 | R39: 0 | S39: =SUM(P39:R39) -> 4.8 | U39: 0 | V39: 41 | W39: =W38-V39 -> 2244 | X39: =N39+O39+S39+U39+V39 -> 45.8 | Y39: =IF(L39<0,L39*-1,0) -> 0 | Z39: =X39+Y39 -> 45.8 | AA39: 0 | AB39: 29 | AC39: 11 | AD39: 30
A40: 31 | B40: 6881.16 | C40: 219678 | D40: =C40-C39 -> 0 | E40: =C40-152000 -> 67678 | F40: =D40/$D$2 -> 0 | G40: 37 | H40: 0.46 | I40: =G40+H40 -> 37.46 | J40: =IF(L40>0,L40,0) -> 8.34 | K40: =I40+J40 -> 45.8 | L40: =F40-(I40-X40) -> 8.34 | M40: 4.8 | N40: 0 | O40: 0 | P40: =M40-(N40+O40) -> 4.8 | Q40: 0 | R40: 0 | S40: =SUM(P40:R40) -> 4.8 | U40: 0 | V40: 41 | W40: =W39-V40 -> 2203 | X40: =N40+O40+S40+U40+V40 -> 45.8 | Y40: =IF(L40<0,L40*-1,0) -> 0 | Z40: =X40+Y40 -> 45.8 | AA40: 0 | AB40: 29 | AC40: 1 | AD40: 31
AB41: 39
A42: MONTH / CFS | F42: =SUM(F10:F40) -> 308.04134 | G42: =SUM(G10:G40) -> 1267 | H42: =SUM(H10:H40) -> 17.56 | I42: =SUM(I10:I40) -> 1284.56 | J42: =SUM(J10:J40) -> 479.524 | K42: =SUM(K10:K40) -> 1764.084 | L42: =SUM(L10:L40) -> 453.38134 | M42: =SUM(M10:M40) -> 145.9 | ... S42: =SUM(S10:S40) -> 145.9 | U42: =SUM(U10:U40) -> 0 | V42: =SUM(V10:V40) -> 1284 | X42: =SUM(X10:X40) -> 1429.9 | Y42: =SUM(Y10:Y40) -> 26.142657 | Z42: =SUM(Z10:Z40) -> 1456.0427 | AA42: =SUM(AA10:AA40) -> 1.23 | AB42: =AVERAGE(AB10:AB40) -> 39 | AC42: =AVERAGE(AC10:AC40) -> 14.935484 | AD42: AVE
A43: MONTH / AF | D43: =SUM(D10:D40) -> 611 | F43: =F42*$D$2 -> 611 | G43: =G42*$D$2 -> 2513.0945 | H43: =H42*$D$2 -> 34.83026 | I43: =I42*$D$2 -> 2547.9248 | J43: =J42*$D$2 -> 951.13585 | K43: =K42*$D$2 -> 3499.0606 | L43: =L42*$D$2 -> 899.28189 | M43: =M42*$D$2 -> 289.39265 | ... S43: =S42*$D$2 -> 289.39265 | U43: =U42*$D$2 -> 0 | V43: =V42*$D$2 -> 2546.814 | X43: =X42*$D$2 -> 2836.2067 | Y43: =Y42*$D$2 -> 51.85396 | Z43: =Z42*$D$2 -> 2888.0606 | AB43: =MAX(AB10:AB40) -> 53 | AC43: =MAX(AC10:AC40) -> 27 | AD43: HI
A45: SEASON / CFS | AB45: =MIN(AB10:AB40) -> 28 | AC45: =MIN(AC10:AC40) -> 1 | AD45: LO
A46: SEASON / AF
A48: YTD / CFS | F48: =F8+F42 -> 1115.7046 | G48: =G8+G42 -> 4785 | H48: =H8+H42 -> 44.14 | I48: =I8+I42 -> 4829.14 | J48: =J8+J42 -> 799.95527 | K48: =K8+K42 -> 5629.0953 | L48: =L8+L42 -> 556.76456 | M48: =M8+M42 -> 465.2 | ... S48: =S8+S42 -> 385.3165 | U48: =U8+U42 -> 0 | V48: =V8+V42 -> 3805 | W48: =W40 -> 2203 | X48: =X8+X42 -> 4270.2 | Y48: =Y8+Y42 -> 243.1907 | Z48: =Z8+Z42 -> 4513.3907 | AA48: =AA8+AA42 -> 3.05
A49: YTD / AF | D49: =D8+D43 -> 2213 | E49: =E40 -> 67678 | F49: =F48*$D$2 -> 2213 | G49: =G48*$D$2 -> 9491.0475 | H49: =H48*$D$2 -> 87.55169 | I49: =I48*$D$2 -> 9578.5992 | J49: =J48*$D$2 -> 1586.7113 | K49: =K48*$D$2 -> 11165.31 | L49: =L48*$D$2 -> 1104.3425 | M49: =M48*$D$2 -> 922.7242 | ... Z49: =Z48*$D$2 -> 8952.3105

Sheet FEB
K1: MC PHEE RESERVOIR IN/OUT FLOW TABULATION
A2: AF/cfs CONVERT FACTOR | D2: 1.9835 | K2: FEBRUARY "2001"
A4: DATE | B4: RESERV | C4: RESERV | D4: AC FT | E4: ACTIVE | F4: CONV TO | G4: DOLORES | H4: LOST | I4: RECORDED | J4: CALC | K4: TOTAL | L4: CALC | M4: DOLORES TUNNEL | Q4: LONE | R4: U | S4: TOTAL | T4: MVI | U4: DV CR | V4: BELOW | W4: REMAIN | X4: RECORDED | Y4: CALC | Z4: TOTAL | AA4: RAIN | AB4: MAX | AC4: MIN | AD4: DATE
A5: FEB | B5: ELEV | C5: AC FT | D5: CHANGE | E5: CAP | F5: CFS | G5: RIVER | H5: CANYON | I5: INFLOW | J5: INFLOW | K5: INFLOW | L5: INF/OTF | M5: TOT DIV | N5: WETLAND | O5: UTE F&R | P5: MVI,CTZ | Q5: PINE | R5: LAT | S5: MVI | T5: CALL | U5: CANAL | V5: MC PHEE | W5: RELEASE | X5: OUTFLOW | Y5: OUTFLOW | Z5: OUTFLOW | AB5: TMP | AC5: TMP | AD5: FEB
A7: SEASON BAL
A8: YTD | B8: =JAN!B40 -> 6881.16 | C8: =JAN!C40 -> 219678 | D8: =JAN!$D$49 -> 2213 | E8: =JAN!$E$40 -> 67678 | F8: =JAN!F48 -> 1115.7046 | G8: =JAN!G48 -> 4785 | H8: =JAN!H48 -> 44.14 | I8: =JAN!I48 -> 4829.14 | J8: =JAN!J48 -> 799.95527 | K8: =JAN!K48 -> 5629.0953 | L8: =JAN!L48 -> 556.76456 | M8: =JAN!M48 -> 465.2 | ... AA8: =JAN!AA48 -> 3.05
A10: 1 | B10: 6881.17 | C10: 219709 | D10: =C10-C8 -> 31 | E10: =C10-152000 -> 67709 | F10: =D10/$D$2 -> 15.628939 | G10: 34 | H10: 0.44 | I10: =G10+H10 -> 34.44 | J10: =IF(L10>0,L10,0) -> 26.988939 | K10: =I10+J10 -> 61.428939 | L10: =F10-(I10-X10) -> 26.988939 | M10: 4.8 | N10: 0 | O10: 0 | P10: =M10-(N10+O10) -> 4.8 | Q10: 0 | R10: 0 | S10: =SUM(P10:R10) -> 4.8 | U10: 0 | V10: 41 | W10: =W8-V10 -> 2162 | X10: =N10+O10+S10+U10+V10 -> 45.8 | Y10: =IF(L10<0,L10*-1,0) -> 0 | Z10: =X10+Y10 -> 45.8 | AA10: 0 | AB10: 37 | AC10: 0 | AD10: 1
A11: =A10+1 -> 2 | B11: 6881.17 | C11: 219709 | D11: =C11-C10 -> 0 | E11: =C11-152000 -> 67709 | F11: =D11/$D$2 -> 0 | G11: 39 | H11: 0.42 | I11: =G11+H11 -> 39.42 | J11: =IF(L11>0,L11,0) -> 6.38 | K11: =I11+J11 -> 45.8 | L11: =F11-(I11-X11) -> 6.38 | M11: 4.8 | N11: 0 | O11: 0 | P11: =M11-(N11+O11) -> 4.8 | Q11: 0 | R11: 0 | S11: =SUM(P11:R11) -> 4.8 | U11: 0 | V11: 41 | W11: =W10-V11 -> 2121 | X11: =N11+O11+S11+U11+V11 -> 45.8 | Y11: =IF(L11<0,L11*-1,0) -> 0 | Z11: =X11+Y11 -> 45.8 | AA11: 0 | AB11: 38 | AC11: 9 | AD11: =AD10+1 -> 2
A12: =A11+1 -> 3 | B12: 6881.17 | C12: 219709 | D12: =C12-C11 -> 0 | E12: =C12-152000 -> 67709 | F12: =D12/$D$2 -> 0 | G12: 40 | H12: 0.58 | I12: =G12+H12 -> 40.58 | J12: =IF(L12>0,L12,0) -> 5.22 | K12: =I12+J12 -> 45.8 | L12: =F12-(I12-X12) -> 5.22 | M12: 4.8 | N12: 0 | O12: 0 | P12: =M12-(N12+O12) -> 4.8 | Q12: 0 | R12: 0 | S12: =SUM(P12:R12) -> 4.8 | U12: 0 | V12: 41 | W12: =W11-V12 -> 2080 | X12: =N12+O12+S12+U12+V12 -> 45.8 | Y12: =IF(L12<0,L12*-1,0) -> 0 | Z12: =X12+Y12 -> 45.8 | AA12: 0 | AB12: 47 | AC12: 13 | AD12: =AD11+1 -> 3
A13: =A12+1 -> 4 | B13: 6881.17 | C13: 219709 | D13: =C13-C12 -> 0 | E13: =C13-152000 -> 67709 | F13: =D13/$D$2 -> 0 | G13: 40 | H13: 0.72 | I13: =G13+H13 -> 40.72 | J13: =IF(L13>0,L13,0) -> 5.08 | K13: =I13+J13 -> 45.8 | L13: =F13-(I13-X13) -> 5.08 | M13: 4.8 | N13: 0 | O13: 0 | P13: =M13-(N13+O13) -> 4.8 | Q13: 0 | R13: 0 | S13: =SUM(P13:R13) -> 4.8 | U13: 0 | V13: 41 | W13: =W12-V13 -> 2039 | X13: =N13+O13+S13+U13+V13 -> 45.8 | Y13: =IF(L13<0,L13*-1,0) -> 0 | Z13: =X13+Y13 -> 45.8 | AA13: 0 | AB13: 48 | AC13: 25 | AD13: =AD12+1 -> 4
A14: =A13+1 -> 5 | B14: 6881.17 | C14: 219709 | D14: =C14-C13 -> 0 | E14: =C14-152000 -> 67709 | F14: =D14/$D$2 -> 0 | G14: 42 | H14: 0.8 | I14: =G14+H14 -> 42.8 | J14: =IF(L14>0,L14,0) -> 3 | K14: =I14+J14 -> 45.8 | L14: =F14-(I14-X14) -> 3 | M14: 4.8 | N14: 0 | O14: 0 | P14: =M14-(N14+O14) -> 4.8 | Q14: 0 | R14: 0 | S14: =SUM(P14:R14) -> 4.8 | U14: 0 | V14: 41 | W14: =W13-V14 -> 1998 | X14: =N14+O14+S14+U14+V14 -> 45.8 | Y14: =IF(L14<0,L14*-1,0) -> 0 | Z14: =X14+Y14 -> 45.8 | AA14: 0 | AB14: 50 | AC14: 21 | AD14: =AD13+1 -> 5
A15: =A14+1 -> 6 | B15: 6881.17 | C15: 219709 | D15: =C15-C14 -> 0 | E15: =C15-152000 -> 67709 | F15: =D15/$D$2 -> 0 | G15: 43 | H15: 0.9 | I15: =G15+H15 -> 43.9 | J15: =IF(L15>0,L15,0) -> 1.9 | K15: =I15+J15 -> 45.8 | L15: =F15-(I15-X15) -> 1.9 | M15: 4.8 | N15: 0 | O15: 0 | P15: =M15-(N15+O15) -> 4.8 | Q15: 0 | R15: 0 | S15: =SUM(P15:R15) -> 4.8 | U15: 0 | V15: 41 | W15: =W14-V15 -> 1957 | X15: =N15+O15+S15+U15+V15 -> 45.8 | Y15: =IF(L15<0,L15*-1,0) -> 0 | Z15: =X15+Y15 -> 45.8 | AA15: 0 | AB15: 50 | AC15: 25 | AD15: =AD14+1 -> 6
A16: =A15+1 -> 7 | B16: 6881.2 | C16: 219801 | D16: =C16-C15 -> 92 | E16: =C16-152000 -> 67801 | F16: =D16/$D$2 -> 46.382657 | G16: 43 | H16: 1.1 | I16: =G16+H16 -> 44.1 | J16: =IF(L16>0,L16,0) -> 43.082657 | K16: =I16+J16 -> 87.182657 | L16: =F16-(I16-X16) -> 43.082657 | M16: 4.8 | N16: 0 | O16: 0 | P16: =M16-(N16+O16) -> 4.8 | Q16: 0 | R16: 0 | S16: =SUM(P16:R16) -> 4.8 | U16: 0 | V16: 36 | W16: =W15-V16 -> 1921 | X16: =N16+O16+S16+U16+V16 -> 40.8 | Y16: =IF(L16<0,L16*-1,0) -> 0 | Z16: =X16+Y16 -> 40.8 | AA16: 0.01 | AB16: 47 | AC16: 32 | AD16: =AD15+1 -> 7
A17: =A16+1 -> 8 | B17: 6881.21 | C17: 219832 | D17: =C17-C16 -> 31 | E17: =C17-152000 -> 67832 | F17: =D17/$D$2 -> 15.628939 | G17: 43 | H17: 1.5 | I17: =G17+H17 -> 44.5 | J17: =IF(L17>0,L17,0) -> 14.928939 | K17: =I17+J17 -> 59.428939 | L17: =F17-(I17-X17) -> 14.928939 | M17: 4.8 | N17: 0 | O17: 0 | P17: =M17-(N17+O17) -> 4.8 | Q17: 0 | R17: 0 | S17: =SUM(P17:R17) -> 4.8 | U17: 0 | V17: 39 | W17: =W16-V17 -> 1882 | X17: =N17+O17+S17+U17+V17 -> 43.8 | Y17: =IF(L17<0,L17*-1,0) -> 0 | Z17: =X17+Y17 -> 43.8 | AA17: 0.08 | AB17: 36 | AC17: 21 | AD17: =AD16+1 -> 8
A18: =A17+1 -> 9 | B18: 6881.22 | C18: 219862 | D18: =C18-C17 -> 30 | E18: =C18-152000 -> 67862 | F18: =D18/$D$2 -> 15.124779 | G18: 44 | H18: 2 | I18: =G18+H18 -> 46 | J18: =IF(L18>0,L18,0) -> 13.924779 | K18: =I18+J18 -> 59.924779 | L18: =F18-(I18-X18) -> 13.924779 | M18: 4.8 | N18: 0 | O18: 0 | P18: =M18-(N18+O18) -> 4.8 | Q18: 0 | R18: 0 | S18: =SUM(P18:R18) -> 4.8 | U18: 0 | V18: 40 | W18: =W17-V18 -> 1842 | X18: =N18+O18+S18+U18+V18 -> 44.8 | Y18: =IF(L18<0,L18*-1,0) -> 0 | Z18: =X18+Y18 -> 44.8 | AA18: 0 | AB18: 32 | AC18: 7 | AD18: =AD17+1 -> 9
A19: =A18+1 -> 10 | B19: 6881.23 | C19: 219893 | D19: =C19-C18 -> 31 | E19: =C19-152000 -> 67893 | F19: =D19/$D$2 -> 15.628939 | G19: 44 | H19: 2.6 | I19: =G19+H19 -> 46.6 | J19: =IF(L19>0,L19,0) -> 13.828939 | K19: =I19+J19 -> 60.428939 | L19: =F19-(I19-X19) -> 13.828939 | M19: 4.8 | N19: 0 | O19: 0 | P19: =M19-(N19+O19) -> 4.8 | Q19: 0 | R19: 0 | S19: =SUM(P19:R19) -> 4.8 | U19: 0 | V19: 40 | W19: =W18-V19 -> 1802 | X19: =N19+O19+S19+U19+V19 -> 44.8 | Y19: =IF(L19<0,L19*-1,0) -> 0 | Z19: =X19+Y19 -> 44.8 | AA19: 0 | AB19: 41 | AC19: 12 | AD19: =AD18+1 -> 10
A20: =A19+1 -> 11 | B20: 6881.24 | C20: 219924 | D20: =C20-C19 -> 31 | E20: =C20-152000 -> 67924 | F20: =D20/$D$2 -> 15.628939 | G20: 44 | H20: 2.4 | I20: =G20+H20 -> 46.4 | J20: =IF(L20>0,L20,0) -> 14.028939 | K20: =I20+J20 -> 60.428939 | L20: =F20-(I20-X20) -> 14.028939 | M20: 4.8 | N20: 0 | O20: 0 | P20: =M20-(N20+O20) -> 4.8 | Q20: 0 | R20: 0 | S20: =SUM(P20:R20) -> 4.8 | U20: 0 | V20: 40 | W20: =W19-V20 -> 1762 | X20: =N20+O20+S20+U20+V20 -> 44.8 | Y20: =IF(L20<0,L20*-1,0) -> 0 | Z20: =X20+Y20 -> 44.8 | AA20: 0 | AB20: 41 | AC20: 26 | AD20: =AD19+1 -> 11
A21: =A20+1 -> 12 | B21: 6881.24 | C21: 219924 | D21: =C21-C20 -> 0 | E21: =C21-152000 -> 67924 | F21: =D21/$D$2 -> 0 | G21: 44 | H21: 2.1 | I21: =G21+H21 -> 46.1 | J21: =IF(L21>0,L21,0) -> 0 | K21: =I21+J21 -> 46.1 | L21: =F21-(I21-X21) -> -1.3 | M21: 4.8 | N21: 0 | O21: 0 | P21: =M21-(N21+O21) -> 4.8 | Q21: 0 | R21: 0 | S21: =SUM(P21:R21) -> 4.8 | U21: 0 | V21: 40 | W21: =W20-V21 -> 1722 | X21: =N21+O21+S21+U21+V21 -> 44.8 | Y21: =IF(L21<0,L21*-1,0) -> 1.3 | Z21: =X21+Y21 -> 46.1 | AA21: 0 | AB21: 46 | AC21: 24 | AD21: =AD20+1 -> 12
A22: =A21+1 -> 13 | B22: 6881.25 | C22: 219954 | D22: =C22-C21 -> 30 | E22: =C22-152000 -> 67954 | F22: =D22/$D$2 -> 15.124779 | G22: 43 | H22: 1.9 | I22: =G22+H22 -> 44.9 | J22: =IF(L22>0,L22,0) -> 16.024779 | K22: =I22+J22 -> 60.924779 | L22: =F22-(I22-X22) -> 16.024779 | M22: 4.8 | N22: 0 | O22: 0 | P22: =M22-(N22+O22) -> 4.8 | Q22: 0 | R22: 0 | S22: =SUM(P22:R22) -> 4.8 | U22: 0 | V22: 41 | W22: =W21-V22 -> 1681 | X22: =N22+O22+S22+U22+V22 -> 45.8 | Y22: =IF(L22<0,L22*-1,0) -> 0 | Z22: =X22+Y22 -> 45.8 | AA22: 0.12 | AB22: 47 | AC22: 25 | AD22: =AD21+1 -> 13
... A36: =A35+1 -> 27 | B36: 6881.47 | C36: 220629 | D36: =C36-C35 -> 62 | E36: =C36-152000 -> 68629 | F36: =D36/$D$2 -> 31.257877 | G36: 46 | H36: 2.3 | I36: =G36+H36 -> 48.3 | J36: =IF(L36>0,L36,0) -> 29.557877 | K36: =I36+J36 -> 77.857877 | L36: =F36-(I36-X36) -> 29.557877 | M36: 4.6 | N36: 0 | O36: 0 | P36: =M36-(N36+O36) -> 4.6 | Q36: 0 | R36: 0 | S36: =SUM(P36:R36) -> 4.6 | U36: 0 | V36: 42 | W36: =W35-V36 -> 1098 | X36: =N36+O36+S36+U36+V36 -> 46.6 | Y36: =IF(L36<0,L36*-1,0) -> 0 | Z36: =X36+Y36 -> 46.6 | AA36: 0.12 | AB36: 41 | AC36: 30 | AD36: =AD35+1 -> 27
A37: 28 | B37: 6881.5 | C37: 220721 | D37: =C37-C36 -> 92 | E37: =C37-152000 -> 68721 | F37: =D37/$D$2 -> 46.382657 | G37: 49 | H37: 2.4 | I37: =G37+H37 -> 51.4 | J37: =IF(L37>0,L37,0) -> 41.382657 | K37: =I37+J37 -> 92.782657 | L37: =F37-(I37-X37) -> 41.382657 | M37: 4.4 | N37: 0 | O37: 0 | P37: =M37-(N37+O37) -> 4.4 | Q37: 0 | R37: 0 | S37: =SUM(P37:R37) -> 4.4 | U37: 0 | V37: 42 | W37: =W36-V37 -> 1056 | X37: =N37+O37+S37+U37+V37 -> 46.4 | Y37: =IF(L37<0,L37*-1,0) -> 0 | Z37: =X37+Y37 -> 46.4 | AA37: 0.46 | AB37: 39 | AC37: 21 | AD37: 28
A39: MONTH / CFS | F39: =SUM(F10:F37) -> 525.83816 | G39: =SUM(G10:G37) -> 1195 | H39: =SUM(H10:H37) -> 45.16 | I39: =SUM(I10:I37) -> 1240.16 | J39: =SUM(J10:J37) -> 566.77816 | K39: =SUM(K10:K37) -> 1806.9382 | L39: =SUM(L10:L37) -> 565.47816 | M39: =SUM(M10:M37) -> 132.8 | ... S39: =SUM(S10:S37) -> 132.8 | U39: =SUM(U10:U37) -> 0 | V39: =SUM(V10:V37) -> 1147 | X39: =SUM(X10:X37) -> 1279.8 | Y39: =SUM(Y10:Y37) -> 1.3 | Z39: =SUM(Z10:Z37) -> 1281.1 | AA39: =SUM(AA10:AA37) -> 1.29 | AB39: =AVERAGE(AB10:AB37) -> 43.071429 | AC39: =AVERAGE(AC10:AC37) -> 20.642857 | AD39: AVE
A40: MONTH / AF | D40: =SUM(D10:D37) -> 1043 | F40: =F39*$D$2 -> 1043 | G40: =G39*$D$2 -> 2370.2825 | H40: =H39*$D$2 -> 89.57486 | I40: =I39*$D$2 -> 2459.8574 | J40: =J39*$D$2 -> 1124.2045 | K40: =K39*$D$2 -> 3584.0619 | L40: =L39*$D$2 -> 1121.6259 | M40: =M39*$D$2 -> 263.4088 | ... S40: =S39*$D$2 -> 263.4088 | U40: =U39*$D$2 -> 0 | V40: =V39*$D$2 -> 2275.0745 | X40: =X39*$D$2 -> 2538.4833 | Y40: =Y39*$D$2 -> 2.57855 | Z40: =Z39*$D$2 -> 2541.0619 | AB40: =MAX(AB10:AB37) -> 52 | AC40: =MAX(AC10:AC37) -> 32 | AD40: HI
A42: SEASON / CFS | AB42: =MIN(AB10:AB37) -> 32 | AC42: =MIN(AC10:AC37) -> 0 | AD42: LO
A43: SEASON / AF
A45: YTD / CFS | F45: =F8+F39 -> 1641.5427 | G45: =G8+G39 -> 5980 | H45: =H8+H39 -> 89.3 | I45: =I8+I39 -> 6069.3 | J45: =J8+J39 -> 1366.7334 | K45: =K8+K39 -> 7436.0334 | L45: =L8+L39 -> 1122.2427 | M45: =M8+M39 -> 598 | ... S45: =S8+S39 -> 518.1165 | U45: =U8+U39 -> 0 | V45: =V8+V39 -> 4952 | W45: =W37 -> 1056 | X45: =X8+X39 -> 5550 | Y45: =Y8+Y39 -> 244.4907 | Z45: =Z8+Z39 -> 5794.4907 | AA45: =AA8+AA39 -> 4.34
A46: YTD / AF | D46: =D8+D40 -> 3256 | E46: =E37 -> 68721 | F46: =F45*$D$2 -> 3256 | G46: =G45*$D$2 -> 11861.33 | H46: =H45*$D$2 -> 177.12655 | I46: =I45*$D$2 -> 12038.457 | J46: =J45*$D$2 -> 2710.9158 | K46: =K45*$D$2 -> 14749.372 | L46: =L45*$D$2 -> 2225.9684 | M46: =M45*$D$2 -> 1186.133 | ... Z46: =Z45*$D$2 -> 11493.372

Sheet MAR
K1: MC PHEE RESERVOIR IN/OUT FLOW TABULATION
A2: AF/cfs CONVERT FACTOR | D2: 1.9835 | K2: MARCH "2001"
A4: DATE | B4: RESERV | C4: RESERV | D4: AC FT | E4: ACTIVE | F4: CONV TO | G4: DOLORES | H4: LOST | I4: RECORDED | J4: CALC | K4: TOTAL | L4: CALC | M4: DOLORES TUNNEL | Q4: LONE | R4: U | S4: TOTAL | T4: MVI | U4: DV CR | V4: BELOW | W4: REMAIN | X4: RECORDED | Y4: CALC | Z4: TOTAL | AA4: RAIN | AB4: MAX | AC4: MIN | AD4: DATE
A5: MAR | B5: ELEV | C5: AC FT | D5: CHANGE | E5: CAP | F5: CFS | G5: RIVER | H5: CANYON | I5: INFLOW | J5: INFLOW | K5: INFLOW | L5: INF/OTF | M5: TOT DIV | N5: WETLAND | O5: UTE F&R | P5: MVI,CTZ | Q5: PINE | R5: LAT | S5: MVI | T5: CALL | U5: CANAL | V5: MC PHEE | W5: RELEASE | X5: OUTFLOW | Y5: OUTFLOW | Z5: OUTFLOW | AB5: TMP | AC5: TMP | AD5: MAR
A7: SEASON BAL
A8: YTD | B8: =FEB!B37 -> 6881.5 | C8: =FEB!C37 -> 220721 | D8: =FEB!$D$46 -> 3256 | E8: =FEB!$E$37 -> 68721 | F8: =FEB!F45 -> 1641.5427 | G8: =FEB!G45 -> 5980 | H8: =FEB!H45 -> 89.3 | I8: =FEB!I45 -> 6069.3 | J8: =FEB!J45 -> 1366.7334 | K8: =FEB!K45 -> 7436.0334 | L8: =FEB!L45 -> 1122.2427 | M8: =FEB!M45 -> 598 | ... AA8: =FEB!AA45 -> 4.34
A10: 1 | B10: 6881.52 | C10: 220782 | D10: =C10-C8 -> 61 | E10: =C10-152000 -> 68782 | F10: =D10/$D$2 -> 30.753718 | G10: 48 | H10: 2.7 | I10: =G10+H10 -> 50.7 | J10: =IF(L10>0,L10,0) -> 26.453718 | K10: =I10+J10 -> 77.153718 | L10: =F10-(I10-X10) -> 26.453718 | M10: 4.4 | N10: 0 | O10: 0 | P10: =M10-(N10+O10) -> 4.4 | Q10: 0 | R10: 0 | S10: =SUM(P10:R10) -> 4.4 | U10: 0 | V10: 42 | W10: =W8-V10 -> 1014 | X10: =N10+O10+S10+U10+V10 -> 46.4 | Y10: =IF(L10<0,L10*-1,0) -> 0 | Z10: =X10+Y10 -> 46.4 | AA10: 0.08 | AB10: 40 | AC10: 24 | AD10: 1
A11: =A10+1 -> 2 | B11: 6881.52 | C11: 220782 | D11: =C11-C10 -> 0 | E11: =C11-152000 -> 68782 | F11: =D11/$D$2 -> 0 | G11: 45 | H11: 3.8 | I11: =G11+H11 -> 48.8 | J11: =IF(L11>0,L11,0) -> 0 | K11: =I11+J11 -> 48.8 | L11: =F11-(I11-X11) -> -2.4 | M11: 4.4 | N11: 0 | O11: 0 | P11: =M11-(N11+O11) -> 4.4 | Q11: 0 | R11: 0 | S11: =SUM(P11:R11) -> 4.4 | U11: 0 | V11: 42 | W11: =W10-V11 -> 972 | X11: =N11+O11+S11+U11+V11 -> 46.4 | Y11: =IF(L11<0,L11*-1,0) -> 2.4 | Z11: =X11+Y11 -> 48.8 | AA11: 0 | AB11: 42 | AC11: 16 | AD11: =AD10+1 -> 2
A12: =A11+1 -> 3 | B12: 6881.52 | C12: 220782 | D12: =C12-C11 -> 0 | E12: =C12-152000 -> 68782 | F12: =D12/$D$2 -> 0 | G12: 45 | H12: 2.9 | I12: =G12+H12 -> 47.9 | J12: =IF(L12>0,L12,0) -> 0 | K12: =I12+J12 -> 47.9 | L12: =F12-(I12-X12) -> -1.5 | M12: 4.4 | N12: 0 | O12: 0 | P12: =M12-(N12+O12) -> 4.4 | Q12: 0 | R12: 0 | S12: =SUM(P12:R12) -> 4.4 | U12: 0 | V12: 42 | W12: =W11-V12 -> 930 | X12: =N12+O12+S12+U12+V12 -> 46.4 | Y12: =IF(L12<0,L12*-1,0) -> 1.5 | Z12: =X12+Y12 -> 47.9 | AA12: 0 | AB12: 41 | AC12: 24 | AD12: =AD11+1 -> 3
A13: =A12+1 -> 4 | B13: 6881.52 | C13: 220782 | D13: =C13-C12 -> 0 | E13: =C13-152000 -> 68782 | F13: =D13/$D$2 -> 0 | G13: 45 | H13: 3.5 | I13: =G13+H13 -> 48.5 | J13: =IF(L13>0,L13,0) -> 0 | K13: =I13+J13 -> 48.5 | L13: =F13-(I13-X13) -> -3.1 | M13: 4.4 | N13: 0 | O13: 0 | P13: =M13-(N13+O13) -> 4.4 | Q13: 0 | R13: 0 | S13: =SUM(P13:R13) -> 4.4 | U13: 0 | V13: 41 | W13: =W12-V13 -> 889 | X13: =N13+O13+S13+U13+V13 -> 45.4 | Y13: =IF(L13<0,L13*-1,0) -> 3.1 | Z13: =X13+Y13 -> 48.5 | AA13: 0 | AB13: 48 | AC13: 20 | AD13: =AD12+1 -> 4
A14: =A13+1 -> 5 | B14: 6881.54 | C14: 220843 | D14: =C14-C13 -> 61 | E14: =C14-152000 -> 68843 | F14: =D14/$D$2 -> 30.753718 | G14: 49 | H14: 2.3 | I14: =G14+H14 -> 51.3 | J14: =IF(L14>0,L14,0) -> 25.553718 | K14: =I14+J14 -> 76.853718 | L14: =F14-(I14-X14) -> 25.553718 | M14: 4.1 | N14: 0 | O14: 0 | P14: =M14-(N14+O14) -> 4.1 | Q14: 0 | R14: 0 | S14: =SUM(P14:R14) -> 4.1 | U14: 0 | V14: 42 | W14: =W13-V14 -> 847 | X14: =N14+O14+S14+U14+V14 -> 46.1 | Y14: =IF(L14<0,L14*-1,0) -> 0 | Z14: =X14+Y14 -> 46.1 | AA14: 0 | AB14: 54 | AC14: 30 | AD14: =AD13+1 -> 5
A15: =A14+1 -> 6 | B15: 6881.57 | C15: 220935 | D15: =C15-C14 -> 92 | E15: =C15-152000 -> 68935 | F15: =D15/$D$2 -> 46.382657 | G15: 51 | H15: 2.4 | I15: =G15+H15 -> 53.4 | J15: =IF(L15>0,L15,0) -> 38.182657 | K15: =I15+J15 -> 91.582657 | L15: =F15-(I15-X15) -> 38.182657 | M15: 3.2 | N15: 0 | O15: 0 | P15: =M15-(N15+O15) -> 3.2 | Q15: 0 | R15: 0 | S15: =SUM(P15:R15) -> 3.2 | U15: 0 | V15: 42 | W15: =W14-V15 -> 805 | X15: =N15+O15+S15+U15+V15 -> 45.2 | Y15: =IF(L15<0,L15*-1,0) -> 0 | Z15: =X15+Y15 -> 45.2 | AA15: 0 | AB15: 54 | AC15: 32 | AD15: =AD14+1 -> 6
A16: =A15+1 -> 7 | B16: 6881.61 | C16: 221058 | D16: =C16-C15 -> 123 | E16: =C16-152000 -> 69058 | F16: =D16/$D$2 -> 62.011596 | G16: 52 | H16: 2.5 | I16: =G16+H16 -> 54.5 | J16: =IF(L16>0,L16,0) -> 55.111596 | K16: =I16+J16 -> 109.6116 | L16: =F16-(I16-X16) -> 55.111596 | M16: 5.6 | N16: 0 | O16: 0 | P16: =M16-(N16+O16) -> 5.6 | Q16: 0 | R16: 0 | S16: =SUM(P16:R16) -> 5.6 | U16: 0 | V16: 42 | W16: =W15-V16 -> 763 | X16: =N16+O16+S16+U16+V16 -> 47.6 | Y16: =IF(L16<0,L16*-1,0) -> 0 | Z16: =X16+Y16 -> 47.6 | AA16: 0.09 | AB16: 47 | AC16: 32 | AD16: =AD15+1 -> 7
A17: =A16+1 -> 8 | B17: 6881.64 | C17: 221150 | D17: =C17-C16 -> 92 | E17: =C17-152000 -> 69150 | F17: =D17/$D$2 -> 46.382657 | G17: 58 | H17: 2.8 | I17: =G17+H17 -> 60.8 | J17: =IF(L17>0,L17,0) -> 34.082657 | K17: =I17+J17 -> 94.882657 | L17: =F17-(I17-X17) -> 34.082657 | M17: 5.5 | N17: 0 | O17: 0 | P17: =M17-(N17+O17) -> 5.5 | Q17: 0 | R17: 0 | S17: =SUM(P17:R17) -> 5.5 | U17: 0 | V17: 43 | W17: =W16-V17 -> 720 | X17: =N17+O17+S17+U17+V17 -> 48.5 | Y17: =IF(L17<0,L17*-1,0) -> 0 | Z17: =X17+Y17 -> 48.5 | AA17: 0.15 | AB17: 52 | AC17: 32 | AD17: =AD16+1 -> 8
A18: =A17+1 -> 9 | B18: 6881.66 | C18: 221211 | D18: =C18-C17 -> 61 | E18: =C18-152000 -> 69211 | F18: =D18/$D$2 -> 30.753718 | G18: 68 | H18: 3.6 | I18: =G18+H18 -> 71.6 | J18: =IF(L18>0,L18,0) -> 8.3537182 | K18: =I18+J18 -> 79.953718 | L18: =F18-(I18-X18) -> 8.3537182 | M18: 5.2 | N18: 0 | O18: 0 | P18: =M18-(N18+O18) -> 5.2 | Q18: 0 | R18: 0 | S18: =SUM(P18:R18) -> 5.2 | U18: 0 | V18: 44 | W18: =W17-V18 -> 676 | X18: =N18+O18+S18+U18+V18 -> 49.2 | Y18: =IF(L18<0,L18*-1,0) -> 0 | Z18: =X18+Y18 -> 49.2 | AA18: 0 | AB18: 50 | AC18: 32 | AD18: =AD17+1 -> 9
A19: =A18+1 -> 10 | B19: 6881.69 | C19: 221303 | D19: =C19-C18 -> 92 | E19: =C19-152000 -> 69303 | F19: =D19/$D$2 -> 46.382657 | G19: 73 | H19: 3.2 | I19: =G19+H19 -> 76.2 | J19: =IF(L19>0,L19,0) -> 19.482657 | K19: =I19+J19 -> 95.682657 | L19: =F19-(I19-X19) -> 19.482657 | M19: 5.3 | N19: 0 | O19: 0 | P19: =M19-(N19+O19) -> 5.3 | Q19: 0 | R19: 0 | S19: =SUM(P19:R19) -> 5.3 | U19: 0 | V19: 44 | W19: =W18-V19 -> 632 | X19: =N19+O19+S19+U19+V19 -> 49.3 | Y19: =IF(L19<0,L19*-1,0) -> 0 | Z19: =X19+Y19 -> 49.3 | AA19: 0.07 | AB19: 44 | AC19: 26 | AD19: =AD18+1 -> 10
A20: =A19+1 -> 11 | B20: 6881.72 | C20: 221395 | D20: =C20-C19 -> 92 | E20: =C20-152000 -> 69395 | F20: =D20/$D$2 -> 46.382657 | G20: 70 | H20: 3.7 | I20: =G20+H20 -> 73.7 | J20: =IF(L20>0,L20,0) -> 20.982657 | K20: =I20+J20 -> 94.682657 | L20: =F20-(I20-X20) -> 20.982657 | M20: 5.3 | N20: 0 | O20: 0 | P20: =M20-(N20+O20) -> 5.3 | Q20: 0 | R20: 0 | S20: =SUM(P20:R20) -> 5.3 | U20: 0 | V20: 43 | W20: =W19-V20 -> 589 | X20: =N20+O20+S20+U20+V20 -> 48.3 | Y20: =IF(L20<0,L20*-1,0) -> 0 | Z20: =X20+Y20 -> 48.3 | AA20: 0.01 | AB20: 33 | AC20: 25 | AD20: =AD19+1 -> 11
A21: =A20+1 -> 12 | B21: 6881.74 | C21: 221456 | D21: =C21-C20 -> 61 | E21: =C21-152000 -> 69456 | F21: =D21/$D$2 -> 30.753718 | G21: 71 | H21: 2.9 | I21: =G21+H21 -> 73.9 | J21: =IF(L21>0,L21,0) -> 4.9537182 | K21: =I21+J21 -> 78.853718 | L21: =F21-(I21-X21) -> 4.9537182 | M21: 5.1 | N21: 0 | O21: 0 | P21: =M21-(N21+O21) -> 5.1 | Q21: 0 | R21: 0 | S21: =SUM(P21:R21) -> 5.1 | U21: 0 | V21: 43 | W21: =W20-V21 -> 546 | X21: =N21+O21+S21+U21+V21 -> 48.1 | Y21: =IF(L21<0,L21*-1,0) -> 0 | Z21: =X21+Y21 -> 48.1 | AA21: 0 | AB21: 42 | AC21: 28 | AD21: =AD20+1 -> 12
A22: =A21+1 -> 13 | B22: 6881.76 | C22: 221517 | D22: =C22-C21 -> 61 | E22: =C22-152000 -> 69517 | F22: =D22/$D$2 -> 30.753718 | G22: 70 | H22: 4.7 | I22: =G22+H22 -> 74.7 | J22: =IF(L22>0,L22,0) -> 4.1537182 | K22: =I22+J22 -> 78.853718 | L22: =F22-(I22-X22) -> 4.1537182 | M22: 5.1 | N22: 0 | O22: 0 | P22: =M22-(N22+O22) -> 5.1 | Q22: 0 | R22: 0 | S22: =SUM(P22:R22) -> 5.1 | U22: 0 | V22: 43 | W22: =W21-V22 -> 503 | X22: =N22+O22+S22+U22+V22 -> 48.1 | Y22: =IF(L22<0,L22*-1,0) -> 0 | Z22: =X22+Y22 -> 48.1 | AA22: 0 | AB22: 50 | AC22: 25 | AD22: =AD21+1 -> 13
... A38: =A37+1 -> 29 | B38: 6883.25 | C38: 226145 | D38: =C38-C37 -> 440 | E38: =C38-152000 -> 74145 | F38: =D38/$D$2 -> 221.8301 | G38: 156 | H38: 33 | I38: =G38+H38 -> 189 | J38: =IF(L38>0,L38,0) -> 115.8301 | K38: =I38+J38 -> 304.8301 | L38: =F38-(I38-X38) -> 115.8301 | M38: 43 | N38: 5 | O38: 0 | P38: =M38-(N38+O38) -> 38 | Q38: 0 | R38: 0 | S38: =SUM(P38:R38) -> 38 | U38: 0 | V38: 40 | W38: =W37-V38 -> -141 | X38: =N38+O38+S38+U38+V38 -> 83 | Y38: =IF(L38<0,L38*-1,0) -> 0 | Z38: =X38+Y38 -> 83 | AA38: 0.03 | AB38: 50 | AC38: 31 | AD38: =AD37+1 -> 29
A39: 30 | B39: 6883.42 | C39: 226680 | D39: =C39-C38 -> 535 | E39: =C39-152000 -> 74680 | F39: =D39/$D$2 -> 269.72523 | G39: 143 | H39: 28 | I39: =G39+H39 -> 171 | J39: =IF(L39>0,L39,0) -> 150.72523 | K39: =I39+J39 -> 321.72523 | L39: =F39-(I39-X39) -> 150.72523 | M39: 12 | N39: 5 | O39: 0 | P39: =M39-(N39+O39) -> 7 | Q39: 0 | R39: 0 | S39: =SUM(P39:R39) -> 7 | U39: 0 | V39: 40 | W39: =W38-V39 -> -181 | X39: =N39+O39+S39+U39+V39 -> 52 | Y39: =IF(L39<0,L39*-1,0) -> 0 | Z39: =X39+Y39 -> 52 | AA39: 0 | AB39: 55 | AC39: 29 | AD39: 30
A40: 31 | B40: 6883.57 | C40: 227152 | D40: =C40-C39 -> 472 | E40: =C40-152000 -> 75152 | F40: =D40/$D$2 -> 237.9632 | G40: 151 | H40: 31 | I40: =G40+H40 -> 182 | J40: =IF(L40>0,L40,0) -> 108.9632 | K40: =I40+J40 -> 290.9632 | L40: =F40-(I40-X40) -> 108.9632 | M40: 13 | N40: 5 | O40: 0 | P40: =M40-(N40+O40) -> 8 | Q40: 0 | R40: 0 | S40: =SUM(P40:R40) -> 8 | U40: 0 | V40: 40 | W40: =W39-V40 -> -221 | X40: =N40+O40+S40+U40+V40 -> 53 | Y40: =IF(L40<0,L40*-1,0) -> 0 | Z40: =X40+Y40 -> 53 | AA40: 0 | AB40: 60 | AC40: 30 | AD40: 31
A42: MONTH / CFS | F42: =SUM(F10:F40) -> 3242.2486 | G42: =SUM(G10:G40) -> 2977 | H42: =SUM(H10:H40) -> 289.6 | I42: =SUM(I10:I40) -> 3266.6 | J42: =SUM(J10:J40) -> 1601.1948 | K42: =SUM(K10:K40) -> 4867.7948 | L42: =SUM(L10:L40) -> 1593.2486 | M42: =SUM(M10:M40) -> 340.6 | ... S42: =SUM(S10:S40) -> 313.92 | U42: =SUM(U10:U40) -> 0 | V42: =SUM(V10:V40) -> 1277 | X42: =SUM(X10:X40) -> 1617.6 | Y42: =SUM(Y10:Y40) -> 7.9462818 | Z42: =SUM(Z10:Z40) -> 1625.5463 | AA42: =SUM(AA10:AA40) -> 0.78 | AB42: =AVERAGE(AB10:AB40) -> 51.064516 | AC42: =AVERAGE(AC10:AC40) -> 27.806452 | AD42: AVE
A43: MONTH / AF | D43: =SUM(D10:D40) -> 6431 | F43: =F42*$D$2 -> 6431 | G43: =G42*$D$2 -> 5904.8795 | H43: =H42*$D$2 -> 574.4216 | I43: =I42*$D$2 -> 6479.3011 | J43: =J42*$D$2 -> 3175.97 | K43: =K42*$D$2 -> 9655.271 | L43: =L42*$D$2 -> 3160.2085 | M43: =M42*$D$2 -> 675.5801 | ... S43: =S42*$D$2 -> 622.66032 | U43: =U42*$D$2 -> 0 | V43: =V42*$D$2 -> 2532.9295 | X43: =X42*$D$2 -> 3208.5096 | Y43: =Y42*$D$2 -> 15.76145 | Z43: =Z42*$D$2 -> 3224.271 | AB43: =MAX(AB10:AB40) -> 64 | AC43: =MAX(AC10:AC40) -> 35 | AD43: HI
A45: SEASON / CFS | AB45: =MIN(AB10:AB40) -> 33 | AC45: =MIN(AC10:AC40) -> 16 | AD45: LO
A46: SEASON / AF
A48: YTD / CFS | F48: =F8+F42 -> 4883.7913 | G48: =G8+G42 -> 8957 | H48: =H8+H42 -> 378.9 | I48: =I8+I42 -> 9335.9 | J48: =J8+J42 -> 2967.9283 | K48: =K8+K42 -> 12303.828 | L48: =L8+L42 -> 2715.4913 | M48: =M8+M42 -> 938.6 | ... S48: =S8+S42 -> 832.0365 | U48: =U8+U42 -> 0 | V48: =V8+V42 -> 6229 | W48: =W40 -> -221 | X48: =X8+X42 -> 7167.6 | Y48: =Y8+Y42 -> 252.43699 | Z48: =Z8+Z42 -> 7420.037 | AA48: =AA8+AA42 -> 5.12
A49: YTD / AF | D49: =D8+D43 -> 9687 | E49: =E40 -> 75152 | F49: =F48*$D$2 -> 9687 | G49: =G48*$D$2 -> 17766.21 | H49: =H48*$D$2 -> 751.54815 | I49: =I48*$D$2 -> 18517.758 | J49: =J48*$D$2 -> 5886.8857 | K49: =K48*$D$2 -> 24404.643 | L49: =L48*$D$2 -> 5386.177 | M49: =M48*$D$2 -> 1861.7131 | ... Z49: =Z48*$D$2 -> 14717.643

Sheet APR
K1: MC PHEE RESERVOIR IN/OUT FLOW TABULATION
A2: AF/cfs CONVERT FACTOR | D2: 1.9835 | K2: APRIL "2001"
Y3: 5
A4: DATE | B4: RESERV | C4: RESERV | D4: AC FT | E4: ACTIVE | F4: CONV TO | G4: DOLORES | H4: LOST | I4: RECORDED | J4: CALC | K4: TOTAL | L4: CALC | M4: DOLORES TUNNEL | Q4: LONE | R4: U | S4: TOTAL | T4: MVI | U4: DV CR | V4: BELOW | W4: REMAIN | X4: RECORDED | Y4: CALC | Z4: TOTAL | AA4: RAIN | AB4: MAX | AC4: MIN | AD4: DATE
A5: "APR" | B5: ELEV | C5: AC FT | D5: CHANGE | E5: CAP | F5: CFS | G5: RIVER | H5: CANYON | I5: INFLOW | J5: INFLOW | K5: INFLOW | L5: INF/OTF | M5: TOT DIV | N5: WETLAND | O5: UTE F&R | P5: MVI/CTZ/MWC | Q5: PINE | R5: LAT | S5: MVI | T5: CALL | U5: CANAL | V5: MC PHEE | W5: RELEASE | X5: OUTFLOW | Y5: OUTFLOW | Z5: OUTFLOW | AB5: TMP | AC5: TMP | AD5: "APR"
W6: =25400+3900+3900+150 -> 33350
A7: SEASON BAL
A8: YTD | B8: =MAR!B40 -> 6883.57 | C8: =MAR!C40 -> 227152 | D8: =MAR!D49 -> 9687 | E8: =MAR!E49 -> 75152 | F8: =MAR!F48 -> 4883.7913 | G8: =MAR!G48 -> 8957 | H8: =MAR!H48 -> 378.9 | I8: =MAR!I48 -> 9335.9 | J8: =MAR!J48 -> 2967.9283 | K8: =MAR!K48 -> 12303.828 | L8: =MAR!L48 -> 2715.4913 | M8: =MAR!M48 -> 938.6 | ... V8: =MAR!V48 -> 6229 | W8: 16814 | X8: =MAR!X48 -> 7167.6 | Y8: =MAR!Y48 -> 252.43699 | Z8: =MAR!Z48 -> 7420.037 | AA8: =MAR!AA48 -> 5.12
A10: 1 | B10: 6883.8 | C10: 227876 | D10: =C10-C8 -> 724 | E10: =C10-152000 -> 75876 | F10: =D10/$D$2 -> 365.01134 | G10: 185 | H10: 43 | I10: =G10+H10 -> 228 | J10: =IF(L10>0,L10,0) -> 190.01134 | K10: =I10+J10 -> 418.01134 | L10: =F10-(I10-X10) -> 190.01134 | M10: 13 | N10: 10 | O10: 0 | P10: =M10-(N10+O10) -> 3 | Q10: 0 | R10: 0 | S10: =SUM(P10:R10) -> 3 | U10: 0 | V10: 40 | W10: =W8-V10 -> 16774 | X10: =N10+O10+S10+U10+V10 -> 53 | Y10: =IF(L10<0,L10*-1,0) -> 0 | Z10: =X10+Y10 -> 53 | AA10: 0 | AB10: 63 | AC10: 32 | AD10: 1
A11: =A10+1 -> 2 | B11: 6884.11 | C11: 228855 | D11: =C11-C10 -> 979 | E11: =C11-152000 -> 76855 | F11: =D11/$D$2 -> 493.57197 | G11: 247 | H11: 59 | I11: =G11+H11 -> 306 | J11: =IF(L11>0,L11,0) -> 250.57197 | K11: =I11+J11 -> 556.57197 | L11: =F11-(I11-X11) -> 250.57197 | M11: 26 | N11: 10 | O11: =6.09*1.05 -> 6.3945 | P11: =M11-(N11+O11) -> 9.6055 | Q11: 0 | R11: 0 | S11: =SUM(P11:R11) -> 9.6055 | U11: 0 | V11: 37 | W11: =W10-V11 -> 16737 | X11: =N11+O11+S11+U11+V11 -> 63 | Y11: =IF(L11<0,L11*-1,0) -> 0 | Z11: =X11+Y11 -> 63 | AA11: 0 | AB11: 65 | AC11: 34 | AD11: =AD10+1 -> 2
A12: =A11+1 -> 3 | B12: 6883.45 | C12: 229938 | D12: =C12-C11 -> 1083 | E12: =C12-152000 -> 77938 | F12: =D12/$D$2 -> 546.00454 | G12: 273 | H12: 57 | I12: =G12+H12 -> 330 | J12: =IF(L12>0,L12,0) -> 287.00454 | K12: =I12+J12 -> 617.00454 | L12: =F12-(I12-X12) -> 287.00454 | M12: 35 | N12: 5 | O12: =12.4*1.05 -> 13.02 | P12: =M12-(N12+O12) -> 16.98 | Q12: 0 | R12: 0 | S12: =SUM(P12:R12) -> 16.98 | U12: 0 | V12: 36 | W12: =W11-V12 -> 16701 | X12: =N12+O12+S12+U12+V12 -> 71 | Y12: =IF(L12<0,L12*-1,0) -> 0 | Z12: =X12+Y12 -> 71 | AA12: 0 | AB12: 63 | AC12: 39 | AD12: =AD11+1 -> 3
A13: =A12+1 -> 4 | B13: 6884.72 | C13: 230798 | D13: =C13-C12 -> 860 | E13: =C13-152000 -> 78798 | F13: =D13/$D$2 -> 433.57701 | G13: 325 | H13: 18 | I13: =G13+H13 -> 343 | J13: =IF(L13>0,L13,0) -> 178.57701 | K13: =I13+J13 -> 521.57701 | L13: =F13-(I13-X13) -> 178.57701 | M13: 53 | N13: 0 | O13: =20.45*1.05 -> 21.4725 | P13: =M13-(N13+O13) -> 31.5275 | Q13: 0 | R13: 0 | S13: =SUM(P13:R13) -> 31.5275 | U13: 0 | V13: 35 | W13: =W12-V13 -> 16666 | X13: =N13+O13+S13+U13+V13 -> 88 | Y13: =IF(L13<0,L13*-1,0) -> 0 | Z13: =X13+Y13 -> 88 | AA13: 0 | AB13: 61 | AC13: 38 | AD13: =AD12+1 -> 4
A14: =A13+1 -> 5 | B14: 6884.97 | C14: 231594 | D14: =C14-C13 -> 796 | E14: =C14-152000 -> 79594 | F14: =D14/$D$2 -> 401.31081 | G14: 331 | H14: 16 | I14: =G14+H14 -> 347 | J14: =IF(L14>0,L14,0) -> 104.31081 | K14: =I14+J14 -> 451.31081 | L14: =F14-(I14-X14) -> 104.31081 | M14: 15 | N14: 0 | O14: =5.68*1.05 -> 5.964 | P14: =M14-(N14+O14) -> 9.036 | Q14: 0 | R14: 0 | S14: =SUM(P14:R14) -> 9.036 | U14: 0 | V14: 35 | W14: =W13-V14 -> 16631 | X14: =N14+O14+S14+U14+V14 -> 50 | Y14: =IF(L14<0,L14*-1,0) -> 0 | Z14: =X14+Y14 -> 50 | AA14: 0 | AB14: 60 | AC14: 39 | AD14: =AD13+1 -> 5
A15: =A14+1 -> 6 | B15: 6885.22 | C15: 232399 | D15: =C15-C14 -> 805 | E15: =C15-152000 -> 80399 | F15: =D15/$D$2 -> 405.84825 | G15: 305 | H15: 15 | I15: =G15+H15 -> 320 | J15: =IF(L15>0,L15,0) -> 142.84825 | K15: =I15+J15 -> 462.84825 | L15: =F15-(I15-X15) -> 142.84825 | M15: 22 | N15: 0 | O15: =17.55*1.05 -> 18.4275 | P15: =M15-(N15+O15) -> 3.5725 | Q15: 0 | R15: 0 | S15: =SUM(P15:R15) -> 3.5725 | U15: 0 | V15: 35 | W15: =W14-V15 -> 16596 | X15: =N15+O15+S15+U15+V15 -> 57 | Y15: =IF(L15<0,L15*-1,0) -> 0 | Z15: =X15+Y15 -> 57 | AA15: 0.26 | AB15: 57 | AC15: 35 | AD15: =AD14+1 -> 6
A16: =A15+1 -> 7 | B16: 6885.47 | C16: 233204 | D16: =C16-C15 -> 805 | E16: =C16-152000 -> 81204 | F16: =D16/$D$2 -> 405.84825 | G16: 252 | H16: 12 | I16: =G16+H16 -> 264 | J16: =IF(L16>0,L16,0) -> 209.84825 | K16: =I16+J16 -> 473.84825 | L16: =F16-(I16-X16) -> 209.84825 | M16: 33 | N16: 0 | O16: =22.04*1.05 -> 23.142 | P16: =M16-(N16+O16) -> 9.858 | Q16: 0 | R16: 0 | S16: =SUM(P16:R16) -> 9.858 | U16: 0 | V16: 35 | W16: =W15-V16 -> 16561 | X16: =N16+O16+S16+U16+V16 -> 68 | Y16: =IF(L16<0,L16*-1,0) -> 0 | Z16: =X16+Y16 -> 68 | AA16: 0 | AB16: 54 | AC16: 36 | AD16: =AD15+1 -> 7
A17: =A16+1 -> 8 | B17: 6885.72 | C17: 234010 | D17: =C17-C16 -> 806 | E17: =C17-152000 -> 82010 | F17: =D17/$D$2 -> 406.35241 | G17: 227 | H17: 10 | I17: =G17+H17 -> 237 | J17: =IF(L17>0,L17,0) -> 237.35241 | K17: =I17+J17 -> 474.35241 | L17: =F17-(I17-X17) -> 237.35241 | M17: 33 | N17: 0 | O17: =25.83*1.05 -> 27.1215 | P17: =M17-(N17+O17) -> 5.8785 | Q17: 0 | R17: 0 | S17: =SUM(P17:R17) -> 5.8785 | U17: 0 | V17: 35 | W17: =W16-V17 -> 16526 | X17: =N17+O17+S17+U17+V17 -> 68 | Y17: =IF(L17<0,L17*-1,0) -> 0 | Z17: =X17+Y17 -> 68 | AA17: 0.09 | AB17: 51 | AC17: 32 | AD17: =AD16+1 -> 8
A18: =A17+1 -> 9 | B18: 6885.88 | C18: 234526 | D18: =C18-C17 -> 516 | E18: =C18-152000 -> 82526 | F18: =D18/$D$2 -> 260.14621 | G18: 195 | H18: 9.4 | I18: =G18+H18 -> 204.4 | J18: =IF(L18>0,L18,0) -> 152.74621 | K18: =I18+J18 -> 357.14621 | L18: =F18-(I18-X18) -> 152.74621 | M18: 61 | N18: 0 | O18: =51.09*1.05 -> 53.6445 | P18: =M18-(N18+O18) -> 7.3555 | Q18: 0 | R18: 0 | S18: =SUM(P18:R18) -> 7.3555 | U18: 0 | V18: 36 | W18: =W17-V18 -> 16490 | X18: =N18+O18+S18+U18+V18 -> 97 | Y18: =IF(L18<0,L18*-1,0) -> 0 | Z18: =X18+Y18 -> 97 | AA18: 0 | AB18: 55 | AC18: 25 | AD18: =AD17+1 -> 9
A19: =A18+1 -> 10 | B19: 6886.08 | C19: 235173 | D19: =C19-C18 -> 647 | E19: =C19-152000 -> 83173 | F19: =D19/$D$2 -> 326.19108 | G19: 231 | H19: 15 | I19: =G19+H19 -> 246 | J19: =IF(L19>0,L19,0) -> 201.19108 | K19: =I19+J19 -> 447.19108 | L19: =F19-(I19-X19) -> 201.19108 | M19: 85 | N19: 0 | O19: =68.27*1.05 -> 71.6835 | P19: =M19-(N19+O19) -> 13.3165 | Q19: 0 | R19: 0 | S19: =SUM(P19:R19) -> 13.3165 | U19: 0 | V19: 36 | W19: =W18-V19 -> 16454 | X19: =N19+O19+S19+U19+V19 -> 121 | Y19: =IF(L19<0,L19*-1,0) -> 0 | Z19: =X19+Y19 -> 121 | AA19: 0.09 | AB19: 40 | AC19: 27 | AD19: =AD18+1 -> 10
A20: =A19+1 -> 11 | B20: 6886.21 | C20: 235597 | D20: =C20-C19 -> 424 | E20: =C20-152000 -> 83597 | F20: =D20/$D$2 -> 213.76355 | G20: 210 | H20: 13 | I20: =G20+H20 -> 223 | J20: =IF(L20>0,L20,0) -> 119.76355 | K20: =I20+J20 -> 342.76355 | L20: =F20-(I20-X20) -> 119.76355 | M20: 94 | N20: 0 | O20: =79.85*1.05 -> 83.8425 | P20: =M20-(N20+O20) -> 10.1575 | Q20: 0 | R20: 0 | S20: =SUM(P20:R20) -> 10.1575 | U20: 0 | V20: 35 | W20: =W19-V20 -> 16419 | X20: =N20+O20+S20+U20+V20 -> 129 | Y20: =IF(L20<0,L20*-1,0) -> 0 | Z20: =X20+Y20 -> 129 | AA20: 0.03 | AB20: 45 | AC20: 25 | AD20: =AD19+1 -> 11
A21: =A20+1 -> 12 | B21: 6886.35 | C21: 236054 | D21: =C21-C20 -> 457 | E21: =C21-152000 -> 84054 | F21: =D21/$D$2 -> 230.40081 | G21: 206 | H21: 12 | I21: =G21+H21 -> 218 | J21: =IF(L21>0,L21,0) -> 129.40081 | K21: =I21+J21 -> 347.40081 | L21: =F21-(I21-X21) -> 129.40081 | M21: 82 | N21: 0 | O21: =68.8*1.05 -> 72.24 | P21: =M21-(N21+O21) -> 9.76 | Q21: 0 | R21: 0 | S21: =SUM(P21:R21) -> 9.76 | U21: 0 | V21: 35 | W21: =W20-V21 -> 16384 | X21: =N21+O21+S21+U21+V21 -> 117 | Y21: =IF(L21<0,L21*-1,0) -> 0 | Z21: =X21+Y21 -> 117 | AA21: 0.12 | AB21: 40 | AC21: 28 | AD21: =AD20+1 -> 12
A22: =A21+1 -> 13 | B22: 6886.46 | C22: 236412 | D22: =C22-C21 -> 358 | E22: =C22-152000 -> 84412 | F22: =D22/$D$2 -> 180.48903 | G22: 174 | H22: 9.4 | I22: =G22+H22 -> 183.4 | J22: =IF(L22>0,L22,0) -> 115.08903 | K22: =I22+J22 -> 298.48903 | L22: =F22-(I22-X22) -> 115.08903 | M22: 83 | N22: 0 | O22: =73.26*1.05 -> 76.923 | P22: =M22-(N22+O22) -> 6.077 | Q22: 0 | R22: 0 | S22: =SUM(P22:R22) -> 6.077 | U22: 0 | V22: 35 | W22: =W21-V22 -> 16349 | X22: =N22+O22+S22+U22+V22 -> 118 | Y22: =IF(L22<0,L22*-1,0) -> 0 | Z22: =X22+Y22 -> 118 | AA22: 0 | AB22: 53 | AC22: 24 | AD22: =AD21+1 -> 13
A23: =A22+1 -> 14 | B23: 6886.63 | C23: 236966 | D23: =C23-C22 -> 554 | E23: =C23-152000 -> 84966 | F23: =D23/$D$2 -> 279.30426 | G23: 211 | H23: 12 | I23: =G23+H23 -> 223 | J23: =IF(L23>0,L23,0) -> 177.30426 | K23: =I23+J23 -> 400.30426 | L23: =F23-(I23-X23) -> 177.30426 | M23: 86 | N23: 0 | O23: =76.42*1.05 -> 80.241 | P23: =M23-(N23+O23) -> 5.759 | Q23: 0 | R23: 0 | S23: =SUM(P23:R23) -> 5.759 | U23: 0 | V23: 35 | W23: =W22-V23 -> 16314 | X23: =N23+O23+S23+U23+V23 -> 121 | Y23: =IF(L23<0,L23*-1,0) -> 0 | Z23: =X23+Y23 -> 121 | AA23: 0 | AB23: 57 | AC23: 29 | AD23: =AD22+1 -> 14
A24: =A23+1 -> 15 | B24: 6886.9 | C24: 237847 | D24: =C24-C23 -> 881 | E24: =C24-152000 -> 85847 | F24: =D24/$D$2 -> 444.16436 | G24: 237 | H24: 14 | I24: =G24+H24 -> 251 | J24: =IF(L24>0,L24,0) -> 324.16436 | K24: =I24+J24 -> 575.16436 | L24: =F24-(I24-X24) -> 324.16436 | M24: 96 | N24: 0 | O24: =76.9*1.05 -> 80.745 | P24: =M24-(N24+O24) -> 15.255 | Q24: 0 | R24: 0 | S24: =SUM(P24:R24) -> 15.255 | U24: 0 | V24: 35 | W24: =W23-V24 -> 16279 | X24: =N24+O24+S24+U24+V24 -> 131 | Y24: =IF(L24<0,L24*-1,0) -> 0 | Z24: =X24+Y24 -> 131 | AA24: 0 | AB24: 63 | AC24: 32 | AD24: =AD23+1 -> 15
A25: =A24+1 -> 16 | B25: 6887.18 | C25: 238766 | D25: =C25-C24 -> 919 | E25: =C25-152000 -> 86766 | F25: =D25/$D$2 -> 463.32241 | G25: 310 | H25: 17 | I25: =G25+H25 -> 327 | J25: =IF(L25>0,L25,0) -> 270.32241 | K25: =I25+J25 -> 597.32241 | L25: =F25-(I25-X25) -> 270.32241 | M25: 99 | N25: 0 | O25: =77.64*1.05 -> 81.522 | P25: =M25-(N25+O25) -> 17.478 | Q25: 0 | R25: 0 | S25: =SUM(P25:R25) -> 17.478 | U25: 0 | V25: 35 | W25: =W24-V25 -> 16244 | X25: =N25+O25+S25+U25+V25 -> 134 | Y25: =IF(L25<0,L25*-1,0) -> 0 | Z25: =X25+Y25 -> 134 | AA25: 0 | AB25: 68 | AC25: 33 | AD25: =AD24+1 -> 16
A26: =A25+1 -> 17 | B26: 6887.6 | C26: 240151 | D26: =C26-C25 -> 1385 | E26: =C26-152000 -> 88151 | F26: =D26/$D$2 -> 698.26065 | G26: 460 | H26: 44 | I26: =G26+H26 -> 504 | J26: =IF(L26>0,L26,0) -> 313.26065 | K26: =I26+J26 -> 817.26065 | L26: =F26-(I26-X26) -> 313.26065 | M26: 84 | N26: 0 | O26: =71.18*1.05 -> 74.739 | P26: =M26-(N26+O26) -> 9.261 | Q26: 0 | R26: 0 | S26: =SUM(P26:R26) -> 9.261 | U26: 0 | V26: 35 | W26: =W25-V26 -> 16209 | X26: =N26+O26+S26+U26+V26 -> 119 | Y26: =IF(L26<0,L26*-1,0) -> 0 | Z26: =X26+Y26 -> 119 | AA26: 0 | AB26: 72 | AC26: 36 | AD26: =AD25+1 -> 17
A27: =A26+1 -> 18 | B27: 6888.13 | C27: 241902 | D27: =C27-C26 -> 1751 | E27: =C27-152000 -> 89902 | F27: =D27/$D$2 -> 882.78296 | G27: 672 | H27: 100 | I27: =G27+H27 -> 772 | J27: =IF(L27>0,L27,0) -> 248.63296 | K27: =I27+J27 -> 1020.633 | L27: =F27-(I27-X27) -> 248.63296 | M27: 80 | N27: 0 | O27: =61.71*1.05 -> 64.7955 | P27: =M27-(N27+O27) -> 15.2045 | Q27: 0 | R27: 0 | S27: =SUM(P27:R27) -> 15.2045 | U27: 22.85 | V27: 35 | W27: =W26-V27 -> 16174 | X27: =N27+O27+S27+U27+V27 -> 137.85 | Y27: =IF(L27<0,L27*-1,0) -> 0 | Z27: =X27+Y27 -> 137.85 | AA27: 0 | AB27: 73 | AC27: 40 | AD27: =AD26+1 -> 18
A28: =A27+1 -> 19 | B28: 6888.78 | C28: 244068 | D28: =C28-C27 -> 2166 | E28: =C28-152000 -> 92068 | F28: =D28/$D$2 -> 1092.0091 | G28: 895 | H28: 148 | I28: =G28+H28 -> 1043 | J28: =IF(L28>0,L28,0) -> 211.92907 | K28: =I28+J28 -> 1254.9291 | L28: =F28-(I28-X28) -> 211.92907 | M28: 99 | N28: 0 | O28: =58.04*1.05 -> 60.942 | P28: =M28-(N28+O28) -> 38.058 | Q28: 0 | R28: 0 | S28: =SUM(P28:R28) -> 38.058 | U28: 28.92 | V28: 35 | W28: =W27-V28 -> 16139 | X28: =N28+O28+S28+U28+V28 -> 162.92 | Y28: =IF(L28<0,L28*-1,0) -> 0 | Z28: =X28+Y28 -> 162.92 | AA28: 0 | AB28: 64 | AC28: 43 | AD28: =AD27+1 -> 19
A29: =A28+1 -> 20 | B29: 6889.44 | C29: 246283 | D29: =C29-C28 -> 2215 | E29: =C29-152000 -> 94283 | F29: =D29/$D$2 -> 1116.7129 | G29: 931 | H29: 145 | I29: =G29+H29 -> 1076 | J29: =IF(L29>0,L29,0) -> 208.68288 | K29: =I29+J29 -> 1284.6829 | L29: =F29-(I29-X29) -> 208.68288 | M29: 93 | N29: 0 | O29: =66.65*1.05 -> 69.9825 | P29: =M29-(N29+O29) -> 23.0175 | Q29: 0 | R29: 0 | S29: =SUM(P29:R29) -> 23.0175 | U29: 39.97 | V29: 35 | W29: =W28-V29 -> 16104 | X29: =N29+O29+S29+U29+V29 -> 167.97 | Y29: =IF(L29<0,L29*-1,0) -> 0 | Z29: =X29+Y29 -> 167.97 | AA29: 0 | AB29: 56 | AC29: 45 | AD29: =AD28+1 -> 20
A30: =A29+1 -> 21 | B30: 6890.01 | C30: 248202 | D30: =C30-C29 -> 1919 | E30: =C30-152000 -> 96202 | F30: =D30/$D$2 -> 967.48172 | G30: 804 | H30: 116 | I30: =G30+H30 -> 920 | J30: =IF(L30>0,L30,0) -> 216.72172 | K30: =I30+J30 -> 1136.7217 | L30: =F30-(I30-X30) -> 216.72172 | M30: 94 | N30: 0 | O30: =63.16*1.05 -> 66.318 | P30: =M30-(N30+O30) -> 27.682 | Q30: 0 | R30: 0 | S30: =SUM(P30:R30) -> 27.682 | U30: 40.24 | V30: 35 | W30: =W29-V30 -> 16069 | X30: =N30+O30+S30+U30+V30 -> 169.24 | Y30: =IF(L30<0,L30*-1,0) -> 0 | Z30: =X30+Y30 -> 169.24 | AA30: 0.01 | AB30: 52 | AC30: 34 | AD30: =AD29+1 -> 21
A31: =A30+1 -> 22 | B31: 6890.39 | C31: 249494 | D31: =C31-C30 -> 1292 | E31: =C31-152000 -> 97494 | F31: =D31/$D$2 -> 651.37383 | G31: 632 | H31: 54 | I31: =G31+H31 -> 686 | J31: =IF(L31>0,L31,0) -> 135.69383 | K31: =I31+J31 -> 821.69383 | L31: =F31-(I31-X31) -> 135.69383 | M31: 95 | N31: 0 | O31: =61.97*1.05 -> 65.0685 | P31: =M31-(N31+O31) -> 29.9315 | Q31: 0 | R31: 0 | S31: =SUM(P31:R31) -> 29.9315 | U31: 40.32 | V31: 35 | W31: =W30-V31 -> 16034 | X31: =N31+O31+S31+U31+V31 -> 170.32 | Y31: =IF(L31<0,L31*-1,0) -> 0 | Z31: =X31+Y31 -> 170.32 | AA31: 0.08 | AB31: 47 | AC31: 31 | AD31: =AD30+1 -> 22
A32: =A31+1 -> 23 | B32: 6890.72 | C32: 250617 | D32: =C32-C31 -> 1123 | E32: =C32-152000 -> 98617 | F32: =D32/$D$2 -> 566.17091 | G32: 508 | H32: 24 | I32: =G32+H32 -> 532 | J32: =IF(L32>0,L32,0) -> 173.18091 | K32: =I32+J32 -> 705.18091 | L32: =F32-(I32-X32) -> 173.18091 | M32: 92 | N32: 0 | O32: =62.72*1.05 -> 65.856 | P32: =M32-(N32+O32) -> 26.144 | Q32: 0 | R32: 0 | S32: =SUM(P32:R32) -> 26.144 | U32: 12.01 | V32: 35 | W32: =W31-V32 -> 15999 | X32: =N32+O32+S32+U32+V32 -> 139.01 | Y32: =IF(L32<0,L32*-1,0) -> 0 | Z32: =X32+Y32 -> 139.01 | AA32: 0 | AB32: 56 | AC32: 26 | AD32: =AD31+1 -> 23
A33: =A32+1 -> 24 | B33: 6891.02 | C33: 251638 | D33: =C33-C32 -> 1021 | E33: =C33-152000 -> 99638 | F33: =D33/$D$2 -> 514.74666 | G33: 548 | H33: 34 | I33: =G33+H33 -> 582 | J33: =IF(L33>0,L33,0) -> 78.74666 | K33: =I33+J33 -> 660.74666 | L33: =F33-(I33-X33) -> 78.74666 | M33: 111 | N33: 0 | O33: =71.61*1.05 -> 75.1905 | P33: =M33-(N33+O33) -> 35.8095 | Q33: 0 | R33: 0 | S33: =SUM(P33:R33) -> 35.8095 | U33: 0 | V33: 35 | W33: =W32-V33 -> 15964 | X33: =N33+O33+S33+U33+V33 -> 146 | Y33: =IF(L33<0,L33*-1,0) -> 0 | Z33: =X33+Y33 -> 146 | AA33: 0 | AB33: 65 | AC33: 33 | AD33: =AD32+1 -> 24
A34: =A33+1 -> 25 | B34: 6891.41 | C34: 252977 | D34: =C34-C33 -> 1339 | E34: =C34-152000 -> 100977 | F34: =D34/$D$2 -> 675.06932 | G34: 677 | H34: 61 | I34: =G34+H34 -> 738 | J34: =IF(L34>0,L34,0) -> 122.81932 | K34: =I34+J34 -> 860.81932 | L34: =F34-(I34-X34) -> 122.81932 | M34: 144 | N34: 0 | O34: =63.97*1.05 -> 67.1685 | P34: =M34-(N34+O34) -> 76.8315 | Q34: 0 | R34: 0 | S34: =SUM(P34:R34) -> 76.8315 | U34: 6.75 | V34: 35 | W34: =W33-V34 -> 15929 | X34: =N34+O34+S34+U34+V34 -> 185.75 | Y34: =IF(L34<0,L34*-1,0) -> 0 | Z34: =X34+Y34 -> 185.75 | AA34: 0 | AB34: 70 | AC34: 37 | AD34: =AD33+1 -> 25
A35: =A34+1 -> 26 | B35: 6891.99 | C35: 254968 | D35: =C35-C34 -> 1991 | E35: =C35-152000 -> 102968 | F35: =D35/$D$2 -> 1003.7812 | G35: 943 | H35: 110 | I35: =G35+H35 -> 1053 | J35: =IF(L35>0,L35,0) -> 171.41119 | K35: =I35+J35 -> 1224.4112 | L35: =F35-(I35-X35) -> 171.41119 | M35: 145 | N35: 0 | O35: =61.54*1.05 -> 64.617 | P35: =M35-(N35+O35) -> 80.383 | Q35: 0 | R35: 11 | S35: =SUM(P35:R35) -> 91.383 | U35: 29.63 | V35: 35 | W35: =W34-V35 -> 15894 | X35: =N35+O35+S35+U35+V35 -> 220.63 | Y35: =IF(L35<0,L35*-1,0) -> 0 | Z35: =X35+Y35 -> 220.63 | AA35: 0 | AB35: 74 | AC35: 38 | AD35: =AD34+1 -> 26
A36: =A35+1 -> 27 | B36: 6892.65 | C36: 257256 | D36: =C36-C35 -> 2288 | E36: =C36-152000 -> 105256 | F36: =D36/$D$2 -> 1153.5165 | G36: 1120 | H36: 112 | I36: =G36+H36 -> 1232 | J36: =IF(L36>0,L36,0) -> 128.57651 | K36: =I36+J36 -> 1360.5765 | L36: =F36-(I36-X36) -> 128.57651 | M36: 153 | N36: 0 | O36: =58.57*1.05 -> 61.4985 | P36: =M36-(N36+O36) -> 91.5015 | Q36: 0 | R36: 14 | S36: =SUM(P36:R36) -> 105.5015 | U36: 5.06 | V36: 35 | W36: =W35-V36 -> 15859 | X36: =N36+O36+S36+U36+V36 -> 207.06 | Y36: =IF(L36<0,L36*-1,0) -> 0 | Z36: =X36+Y36 -> 207.06 | AA36: 0.04 | AB36: 75 | AC36: 40 | AD36: =AD35+1 -> 27
A37: =A36+1 -> 28 | B37: 6893.42 | C37: 259938 | D37: =C37-C36 -> 2682 | E37: =C37-152000 -> 107938 | F37: =D37/$D$2 -> 1352.1553 | G37: 1300 | H37: 122 | I37: =G37+H37 -> 1422 | J37: =IF(L37>0,L37,0) -> 177.64528 | K37: =I37+J37 -> 1599.6453 | L37: =F37-(I37-X37) -> 177.64528 | M37: 189 | N37: 0 | O37: =64.89*1.05 -> 68.1345 | P37: =M37-(N37+O37) -> 120.8655 | Q37: 0 | R37: 14 | S37: =SUM(P37:R37) -> 134.8655 | U37: 9.49 | V37: 35 | W37: =W36-V37 -> 15824 | X37: =N37+O37+S37+U37+V37 -> 247.49 | Y37: =IF(L37<0,L37*-1,0) -> 0 | Z37: =X37+Y37 -> 247.49 | AA37: 0 | AB37: 77 | AC37: 43 | AD37: =AD36+1 -> 28
A38: =A37+1 -> 29 | B38: 6894.28 | C38: 262955 | D38: =C38-C37 -> 3017 | E38: =C38-152000 -> 110955 | F38: =D38/$D$2 -> 1521.0487 | G38: 1410 | H38: 151 | I38: =G38+H38 -> 1561 | J38: =IF(L38>0,L38,0) -> 239.79865 | K38: =I38+J38 -> 1800.7987 | L38: =F38-(I38-X38) -> 239.79865 | M38: 203 | N38: 0 | O38: =60.51*1.05 -> 63.5355 | P38: =M38-(N38+O38) -> 139.4645 | Q38: 0 | R38: 15 | S38: =SUM(P38:R38) -> 154.4645 | U38: 26.75 | V38: 35 | W38: =W37-V38 -> 15789 | X38: =N38+O38+S38+U38+V38 -> 279.75 | Y38: =IF(L38<0,L38*-1,0) -> 0 | Z38: =X38+Y38 -> 279.75 | AA38: 0 | AB38: 79 | AC38: 42 | AD38: =AD37+1 -> 29
A39: 30 | B39: 6895.12 | C39: 265923 | D39: =C39-C38 -> 2968 | E39: =C39-152000 -> 113923 | F39: =D39/$D$2 -> 1496.3448 | G39: 1550 | H39: 149 | I39: =G39+H39 -> 1699 | J39: =IF(L39>0,L39,0) -> 123.45484 | K39: =I39+J39 -> 1822.4548 | L39: =F39-(I39-X39) -> 123.45484 | M39: 234 | N39: 0 | O39: =71.19*1.05 -> 74.7495 | P39: =M39-(N39+O39) -> 159.2505 | Q39: 17 | R39: 25 | S39: =SUM(P39:R39) -> 201.2505 | U39: 15.11 | V39: 35 | W39: =W38-V39 -> 15754 | X39: =N39+O39+S39+U39+V39 -> 326.11 | Y39: =IF(L39<0,L39*-1,0) -> 0 | Z39: =X39+Y39 -> 326.11 | AA39: 0 | AB39: 79 | AC39: 41 | AD39: 30
A41: MONTH / CFS | F41: =SUM(F10:F39) -> 19546.761 | G41: =SUM(G10:G39) -> 16369 | H41: =SUM(H10:H39) -> 1701.8 | I41: =SUM(I10:I39) -> 18070.8 | J41: =SUM(J10:J39) -> 5641.0608 | K41: =SUM(K10:K39) -> 23711.861 | L41: =SUM(L10:L39) -> 5641.0608 | M41: =SUM(M10:M39) -> 2732 | ... S41: =SUM(S10:S39) -> 1144.021 | U41: =SUM(U10:U39) -> 277.1 | V41: =SUM(V10:V39) -> 1060 | X41: =SUM(X10:X39) -> 4165.1 | Y41: =SUM(Y10:Y39) -> 0 | Z41: =SUM(Z10:Z39) -> 4165.1 | AA41: =SUM(AA10:AA39) -> 0.72 | AB41: =AVERAGE(AB10:AB39) -> 61.133333 | AC41: =AVERAGE(AC10:AC39) -> 34.566667 | AD41: Avg
A42: MONTH / AF | D42: =SUM(D10:D39) -> 38771 | F42: =F41*$D$2 -> 38771 | G42: =G41*$D$2 -> 32467.911 | H42: =H41*$D$2 -> 3375.5203 | I42: =I41*$D$2 -> 35843.432 | J42: =J41*$D$2 -> 11189.044 | K42: =K41*$D$2 -> 47032.476 | L42: =L41*$D$2 -> 11189.044 | M42: =M41*$D$2 -> 5418.922 | ... S42: =S41*$D$2 -> 2269.1657 | U42: =U41*$D$2 -> 549.62785 | V42: =V41*$D$2 -> 2102.51 | X42: =X41*$D$2 -> 8261.4759 | Y42: =Y41*$D$2 -> 0 | Z42: =Z41*$D$2 -> 8261.4759 | AB42: =MAX(AB10:AB39) -> 79 | AC42: =MAX(AC10:AC39) -> 45 | AD42: HI
A44: SEASON / CFS | F44: =F7+F41 -> 19546.761 | G44: =G7+G41 -> 16369 | H44: =H7+H41 -> 1701.8 | I44: =I7+I41 -> 18070.8 | J44: =J7+J41 -> 5641.0608 | K44: =K7+K41 -> 23711.861 | L44: =L7+L41 -> 5641.0608 | M44: =M7+M41 -> 2732 | ... S44: =S7+S41 -> 1144.021 | T44: =T39 -> 0 | U44: =U7+U41 -> 277.1 | V44: =V7+V41 -> 1060 | X44: =X7+X41 -> 4165.1 | Y44: =Y7+Y41 -> 0 | Z44: =Z7+Z41 -> 4165.1 | AB44: =MIN(AB10:AB39) -> 40 | AC44: =MIN(AC10:AC39) -> 24 | AD44: LO
A45: SEASON / AF | F45: =F44*$D$2 -> 38771 | G45: =G44*$D$2 -> 32467.911 | H45: =H44*$D$2 -> 3375.5203 | I45: =I44*$D$2 -> 35843.432 | J45: =J44*$D$2 -> 11189.044 | K45: =K44*$D$2 -> 47032.476 | L45: =L44*$D$2 -> 11189.044 | M45: =M44*$D$2 -> 5418.922 | ... V45: =V44*$D$2 -> 2102.51 | X45: =X44*$D$2 -> 8261.4759 | Y45: =Y44*$D$2 -> 0 | Z45: =Z44*$D$2 -> 8261.4759
A47: YTD / CFS | F47: =F8+F41 -> 24430.552 | G47: =G8+G41 -> 25326 | H47: =H8+H41 -> 2080.7 | I47: =I8+I41 -> 27406.7 | J47: =J8+J41 -> 8608.989 | K47: =K8+K41 -> 36015.689 | L47: =L8+L41 -> 8356.5521 | M47: =M8+M41 -> 3670.6 | ... S47: =S8+S41 -> 1976.0575 | U47: =U8+U41 -> 277.1 | V47: =V8+V41 -> 7289 | W47: =W39 -> 15754 | X47: =X8+X41 -> 11332.7 | Y47: =Y8+Y41 -> 252.43699 | Z47: =Z8+Z41 -> 11585.137 | AA47: =AA8+AA41 -> 5.84
A48: YTD / AF | D48: =D8+D42 -> 48458 | E48: =E39 -> 113923 | F48: =F47*$D$2 -> 48458 | G48: =G47*$D$2 -> 50234.121 | H48: =H47*$D$2 -> 4127.0684 | I48: =I47*$D$2 -> 54361.189 | J48: =J47*$D$2 -> 17075.93 | K48: =K47*$D$2 -> 71437.119 | L48: =L47*$D$2 -> 16575.221 | M48: =M47*$D$2 -> 7280.6351 | ... Z48: =Z47*$D$2 -> 22979.119
AA50: 34790 | AB50: 56 | AC50: 32 | AD50: Avg
AB51: 67 | AC51: 40 | AD51: hi
AB52: 36 | AC52: 22 | AD52: lo
AA53: 35156 | AB53: 60 | AC53: 32 | AD53: Avg
AA54: 76 | AB54: 42 | AC54: hi
AA55: 41 | AB55: 21 | AC55: lo

Sheet MAY
K1: MC PHEE RESERVOIR IN/OUT FLOW TABULATION
A2: AF/cfs CONVERT FACTOR | D2: 1.9835 | K2: MAY "2001"
A4: DATE | B4: RESERV | C4: RESERV | D4: AC FT | E4: ACTIVE | F4: CONV TO | G4: DOLORES | H4: LOST | I4: RECORDED | J4: CALC | K4: TOTAL | L4: CALC | M4: DOLORES TUNNEL | Q4: LONE | R4: U | S4: TOTAL | T4: MVI | U4: DV CR | V4: BELOW | W4: REMAIN | X4: RECORDED | Y4: CALC | Z4: TOTAL | AA4: RAIN | AB4: MAX | AC4: MIN | AD4: DATE
A5: "MAY" | B5: ELEV | C5: AC FT | D5: CHANGE | E5: CAP | F5: CFS | G5: RIVER | H5: CANYON | I5: INFLOW | J5: INFLOW | K5: INFLOW | L5: INF/OTF | M5: TOT DIV | N5: WETLAND | O5: UTE F&R | P5: MVI,CTZ | Q5: PINE | R5: LAT | S5: MVI | T5: CALL | U5: CANAL | V5: MC PHEE | W5: RELEASE | X5: OUTFLOW | Y5: OUTFLOW | Z5: OUTFLOW | AB5: TMP | AC5: TMP | AD5: "MAY"
A7: SEASON BAL | F7: =APR!F44 -> 19546.761 | G7: =APR!G44 -> 16369 | H7: =APR!H44 -> 1701.8 | I7: =APR!I44 -> 18070.8 | J7: =APR!J44 -> 5641.0608 | K7: =APR!K44 -> 23711.861 | L7: =APR!L44 -> 5641.0608 | M7: =APR!M44 -> 2732 | ... V7: =APR!V44 -> 1060 | X7: =APR!X44 -> 4165.1 | Y7: =APR!Y44 -> 0 | Z7: =APR!Z44 -> 4165.1
A8: YTD | B8: =APR!B39 -> 6895.12 | C8: =APR!C39 -> 265923 | D8: =APR!D48 -> 48458 | E8: =APR!E48 -> 113923 | F8: =APR!F47 -> 24430.552 | G8: =APR!G47 -> 25326 | H8: =APR!H47 -> 2080.7 | I8: =APR!I47 -> 27406.7 | J8: =APR!J47 -> 8608.989 | K8: =APR!K47 -> 36015.689 | L8: =APR!L47 -> 8356.5521 | M8: =APR!M47 -> 3670.6 | ... AA8: =APR!AA47 -> 5.84
A10: 1 | B10: 6896.05 | C10: 269234 | D10: =C10-C8 -> 3311 | E10: =C10-152000 -> 117234 | F10: =D10/$D$2 -> 1669.2715 | G10: 1780 | H10: 159 | I10: =G10+H10 -> 1939 | J10: =IF(L10>0,L10) -> 112.32149 | K10: =I10+J10 -> 2051.3215 | L10: =F10-(I10-X10) -> 112.32149 | M10: 250 | N10: 0 | O10: =78.16*1.05 -> 82.068 | P10: =M10-(N10+O10) -> 167.932 | Q10: 30 | R10: 29 | S10: =SUM(P10:R10) -> 226.932 | U10: 24.05 | V10: 49 | W10: =W8-V10 -> 15705 | X10: =N10+O10+S10+U10+V10 -> 382.05 | Y10: =IF(L10<0,L10*-1,0) -> 0 | Z10: =X10+Y10 -> 382.05 | AA10: 0 | AB10: 77 | AC10: 41 | AD10: 1
A11: =A10+1 -> 2 | B11: 6897.15 | C11: 273186 | D11: =C11-C10 -> 3952 | E11: =C11-152000 -> 121186 | F11: =D11/$D$2 -> 1992.4376 | G11: 2040 | H11: 161 | I11: =G11+H11 -> 2201 | J11: =IF(L11>0,L11,0) -> 195.29761 | K11: =I11+J11 -> 2396.2976 | L11: =F11-(I11-X11) -> 195.29761 | M11: 256 | N11: 0 | O11: 83.6535 | P11: =M11-(N11+O11) -> 172.3465 | Q11: 33 | R11: 29 | S11: =SUM(P11:R11) -> 234.3465 | U11: 33.86 | V11: 52 | W11: =W10-V11 -> 15653 | X11: =N11+O11+S11+U11+V11 -> 403.86 | Y11: =IF(L11<0,L11*-1,0) -> 0 | Z11: =X11+Y11 -> 403.86 | AA11: 0 | AB11: 72 | AC11: 34 | AD11: =AD10+1 -> 2
A12: =A11+1 -> 3 | B12: 6898.03 | C12: 276370 | D12: =C12-C11 -> 3184 | E12: =C12-152000 -> 124370 | F12: =D12/$D$2 -> 1605.2433 | G12: 1780 | H12: 112 | I12: =G12+H12 -> 1892 | J12: =IF(L12>0,L12,0) -> 138.87326 | K12: =I12+J12 -> 2030.8733 | L12: =F12-(I12-X12) -> 138.87326 | M12: 263 | N12: 0 | O12: =87.82*1.05 -> 92.211 | P12: =M12-(N12+O12) -> 170.789 | Q12: 61 | R12: 37 | S12: =SUM(P12:R12) -> 268.789 | U12: 13.63 | V12: 51 | W12: =W11-V12 -> 15602 | X12: =N12+O12+S12+U12+V12 -> 425.63 | Y12: =IF(L12<0,L12*-1,0) -> 0 | Z12: =X12+Y12 -> 425.63 | AA12: 0.22 | AB12: 42 | AC12: 32 | AD12: =AD11+1 -> 3
A13: =A12+1 -> 4 | B13: 6898.6 | C13: 278448 | D13: =C13-C12 -> 2078 | E13: =C13-152000 -> 126448 | F13: =D13/$D$2 -> 1047.6431 | G13: 1280 | H13: 50 | I13: =G13+H13 -> 1330 | J13: =IF(L13>0,L13,0) -> 124.25306 | K13: =I13+J13 -> 1454.2531 | L13: =F13-(I13-X13) -> 124.25306 | M13: 240 | N13: 0 | O13: =81.01*1.05 -> 85.0605 | P13: =M13-(N13+O13) -> 154.9395 | Q13: 62 | R13: 40 | S13: =SUM(P13:R13) -> 256.9395 | U13: 14.61 | V13: 50 | W13: =W12-V13 -> 15552 | X13: =N13+O13+S13+U13+V13 -> 406.61 | Y13: =IF(L13<0,L13*-1,0) -> 0 | Z13: =X13+Y13 -> 406.61 | AA13: 0 | AB13: 51 | AC13: 27 | AD13: =AD12+1 -> 4
A14: =A13+1 -> 5 | B14: 6899.06 | C14: 280127 | D14: =C14-C13 -> 1679 | E14: =C14-152000 -> 128127 | F14: =D14/$D$2 -> 846.48349 | G14: 1090 | H14: 33 | I14: =G14+H14 -> 1123 | J14: =IF(L14>0,L14,0) -> 103.46349 | K14: =I14+J14 -> 1226.4635 | L14: =F14-(I14-X14) -> 103.46349 | M14: 224 | N14: 2 | O14: =59.32*1.05 -> 62.286 | P14: =M14-(N14+O14) -> 159.714 | Q14: 62 | R14: 40 | S14: =SUM(P14:R14) -> 261.714 | U14: 3.98 | V14: 50 | W14: =W13-V14 -> 15502 | X14: =N14+O14+S14+U14+V14 -> 379.98 | Y14: =IF(L14<0,L14*-1,0) -> 0 | Z14: =X14+Y14 -> 379.98 | AA14: 0.01 | AB14: 57 | AC14: 34 | AD14: =AD13+1 -> 5
A15: =A14+1 -> 6 | B15: 6899.38 | C15: 281302 | D15: =C15-C14 -> 1175 | E15: =C15-152000 -> 129302 | F15: =D15/$D$2 -> 592.38719 | G15: 928 | H15: 21 | I15: =G15+H15 -> 949 | J15: =IF(L15>0,L15,0) -> 32.227194 | K15: =I15+J15 -> 981.22719 | L15: =F15-(I15-X15) -> 32.227194 | M15: 221 | N15: 2 | O15: =48.28*1.05 -> 50.694 | P15: =M15-(N15+O15) -> 168.306 | Q15: 61 | R15: 40 | S15: =SUM(P15:R15) -> 269.306 | U15: 16.84 | V15: 50 | W15: =W14-V15 -> 15452 | X15: =N15+O15+S15+U15+V15 -> 388.84 | Y15: =IF(L15<0,L15*-1,0) -> 0 | Z15: =X15+Y15 -> 388.84 | AA15: 0 | AB15: 63 | AC15: 35 | AD15: =AD14+1 -> 6
A16: =A15+1 -> 7 | B16: 6899.64 | C16: 282257 | D16: =C16-C15 -> 955 | E16: =C16-152000 -> 130257 | F16: =D16/$D$2 -> 481.47215 | G16: 872 | H16: 15 | I16: =G16+H16 -> 887 | J16: =IF(L16>0,L16,0) -> 11.982145 | K16: =I16+J16 -> 898.98215 | L16: =F16-(I16-X16) -> 11.982145 | M16: 240 | N16: 2 | O16: =49.16*1.05 -> 51.618 | P16: =M16-(N16+O16) -> 186.382 | Q16: 71 | R16: 45 | S16: =SUM(P16:R16) -> 302.382 | U16: 11.51 | V16: 50 | W16: =W15-V16 -> 15402 | X16: =N16+O16+S16+U16+V16 -> 417.51 | Y16: =IF(L16<0,L16*-1,0) -> 0 | Z16: =X16+Y16 -> 417.51 | AA16: 0 | AB16: 67 | AC16: 38 | AD16: =AD15+1 -> 7
A17: =A16+1 -> 8 | B17: 6899.92 | C17: 283286 | D17: =C17-C16 -> 1029 | E17: =C17-152000 -> 131286 | F17: =D17/$D$2 -> 518.77993 | G17: 986 | H17: 7.8 | I17: =G17+H17 -> 993.8 | J17: =IF(L17>0,L17,0) -> 8.4999345 | K17: =I17+J17 -> 1002.2999 | L17: =F17-(I17-X17) -> 8.4999345 | M17: 251 | N17: 2 | O17: =40.42*1.05 -> 42.441 | P17: =M17-(N17+O17) -> 206.559 | Q17: 87 | R17: 53 | S17: =SUM(P17:R17) -> 346.559 | U17: 42.52 | V17: 50 | W17: =W16-V17 -> 15352 | X17: =N17+O17+S17+U17+V17 -> 483.52 | Y17: =IF(L17<0,L17*-1,0) -> 0 | Z17: =X17+Y17 -> 483.52 | AA17: 0 | AB17: 80 | AC17: 34 | AD17: =AD16+1 -> 8
A18: =A17+1 -> 9 | B18: 6900.39 | C18: 285024 | D18: =C18-C17 -> 1738 | E18: =C18-152000 -> 133024 | F18: =D18/$D$2 -> 876.22889 | G18: 1290 | H18: 30 | I18: =G18+H18 -> 1320 | J18: =IF(L18>0,L18,0) -> 98.378888 | K18: =I18+J18 -> 1418.3789 | L18: =F18-(I18-X18) -> 98.378888 | M18: 266 | N18: 2 | O18: =52.17*1.05 -> 54.7785 | P18: =M18-(N18+O18) -> 209.2215 | Q18: 96 | R18: 64 | S18: =SUM(P18:R18) -> 369.2215 | U18: 66.15 | V18: 50 | W18: =W17-V18 -> 15302 | X18: =N18+O18+S18+U18+V18 -> 542.15 | Y18: =IF(L18<0,L18*-1,0) -> 0 | Z18: =X18+Y18 -> 542.15 | AA18: 0 | AB18: 78 | AC18: 43 | AD18: =AD17+1 -> 9
A19: =A18+1 -> 10 | B19: 6900.85 | C19: 286727 | D19: =C19-C18 -> 1703 | E19: =C19-152000 -> 134727 | F19: =D19/$D$2 -> 858.58331 | G19: 1450 | H19: 48 | I19: =G19+H19 -> 1498 | J19: =IF(L19>0,L19,0) -> 0 | K19: =I19+J19 -> 1498 | L19: =F19-(I19-X19) -> -31.406688 | M19: 294 | N19: 2 | O19: =74.33*1.05 -> 78.0465 | P19: =M19-(N19+O19) -> 213.9535 | Q19: 94 | R19: 71 | S19: =SUM(P19:R19) -> 378.9535 | U19: 99.01 | V19: 50 | W19: =W18-V19 -> 15252 | X19: =N19+O19+S19+U19+V19 -> 608.01 | Y19: =IF(L19<0,L19*-1,0) -> 31.406688 | Z19: =X19+Y19 -> 639.41669 | AA19: 0 | AB19: 77 | AC19: 45 | AD19: =AD18+1 -> 10
A20: =A19+1 -> 11 | B20: 6901.38 | C20: 288700 | D20: =C20-C19 -> 1973 | E20: =C20-152000 -> 136700 | F20: =D20/$D$2 -> 994.70633 | G20: 1670 | H20: 41 | I20: =G20+H20 -> 1711 | J20: =IF(L20>0,L20,0) -> 0 | K20: =I20+J20 -> 1711 | L20: =F20-(I20-X20) -> -16.553673 | M20: 319 | N20: 2 | O20: =85.26*1.05 -> 89.523 | P20: =M20-(N20+O20) -> 227.477 | Q20: 94 | R20: 77 | S20: =SUM(P20:R20) -> 398.477 | U20: 159.74 | V20: 50 | W20: =W19-V20 -> 15202 | X20: =N20+O20+S20+U20+V20 -> 699.74 | Y20: =IF(L20<0,L20*-1,0) -> 16.553673 | Z20: =X20+Y20 -> 716.29367 | AA20: 0 | AB20: 76 | AC20: 45 | AD20: =AD19+1 -> 11
A21: =A20+1 -> 12 | B21: 6902.14 | C21: 291541 | D21: =C21-C20 -> 2841 | E21: =C21-152000 -> 139541 | F21: =D21/$D$2 -> 1432.3166 | G21: 2070 | H21: 93 | I21: =G21+H21 -> 2163 | J21: =IF(L21>0,L21,0) -> 12.786612 | K21: =I21+J21 -> 2175.7866 | L21: =F21-(I21-X21) -> 12.786612 | M21: 300 | N21: 2 | O21: =72.16*1.05 -> 75.768 | P21: =M21-(N21+O21) -> 222.232 | Q21: 103 | R21: 85 | S21: =SUM(P21:R21) -> 410.232 | U21: 205.47 | V21: 50 | W21: =W20-V21 -> 15152 | X21: =N21+O21+S21+U21+V21 -> 743.47 | Y21: =IF(L21<0,L21*-1,0) -> 0 | Z21: =X21+Y21 -> 743.47 | AA21: 0 | AB21: 77 | AC21: 45 | AD21: =AD20+1 -> 12
A22: =A21+1 -> 13 | B22: 6903.01 | C22: 294815 | D22: =C22-C21 -> 3274 | E22: =C22-152000 -> 142815 | F22: =D22/$D$2 -> 1650.6176 | G22: 2240 | H22: 157 | I22: =G22+H22 -> 2397 | J22: =IF(L22>0,L22,0) -> 1.6575952 | K22: =I22+J22 -> 2398.6576 | L22: =F22-(I22-X22) -> 1.6575952 | M22: 294 | N22: 2 | O22: =58.41*1.05 -> 61.3305 | P22: =M22-(N22+O22) -> 230.6695 | Q22: 104 | R22: 89 | S22: =SUM(P22:R22) -> 423.6695 | U22: 211.04 | V22: 50 | W22: =W21-V22 -> 15102 | X22: =N22+O22+S22+U22+V22 -> 748.04 | Y22: =IF(L22<0,L22*-1,0) -> 0 | Z22: =X22+Y22 -> 748.04 | AA22: 0.08 | AB22: 73 | AC22: 49 | AD22: =AD21+1 -> 13
A23: =A22+1 -> 14 | B23: 6904.09 | C23: 298877 | D23: =C23-C22 -> 4062 | E23: =C23-152000 -> 146877 | F23: =D23/$D$2 -> 2047.8951 | G23: 2760 | H23: 134 | I23: =G23+H23 -> 2894 | J23: =IF(L23>0,L23,0) -> 0 | K23: =I23+J23 -> 2894 | L23: =F23-(I23-X23) -> -7.5048651 | M23: 287 | N23: 2 | O23: 45.5 | P23: =M23-(N23+O23) -> 239.5 | Q23: 182 | R23: 89 | S23: =SUM(P23:R23) -> 510.5 | U23: 230.6 | V23: 50 | W23: =W22-V23 -> 15052 | X23: =N23+O23+S23+U23+V23 -> 838.6 | Y23: =IF(L23<0,L23*-1,0) -> 7.5048651 | Z23: =X23+Y23 -> 846.10487 | AA23: 0 | AB23: 72 | AC23: 42 | AD23: =AD22+1 -> 14
A24: =A23+1 -> 15 | B24: 6905.08 | C24: 302704 | D24: =C24-C23 -> 3827 | E24: =C24-152000 -> 150704 | F24: =D24/$D$2 -> 1929.4177 | G24: 2720 | H24: 78 | I24: =G24+H24 -> 2798 | J24: =IF(L24>0,L24,0) -> 28.707696 | K24: =I24+J24 -> 2826.7077 | L24: =F24-(I24-X24) -> 28.707696 | M24: 297 | N24: 2 | O24: 46.26 | P24: =M24-(N24+O24) -> 248.74 | Q24: 199 | R24: 89 | S24: =SUM(P24:R24) -> 536.74 | U24: 262.29 | V24: 50 | W24: =W23-V24 -> 15002 | X24: =N24+O24+S24+U24+V24 -> 897.29 | Y24: =IF(L24<0,L24*-1,0) -> 0 | Z24: =X24+Y24 -> 897.29 | AA24: 0 | AB24: 73 | AC24: 46 | AD24: =AD23+1 -> 15
A25: =A24+1 -> 16 | B25: 6906.05 | C25: 306445 | D25: =C25-C24 -> 3741 | E25: =C25-152000 -> 154445 | F25: =D25/$D$2 -> 1886.06 | G25: 2730 | H25: 110 | I25: =G25+H25 -> 2840 | J25: =IF(L25>0,L25,0) -> 0 | K25: =I25+J25 -> 2840 | L25: =F25-(I25-X25) -> -23.350005 | M25: 313 | N25: 2 | O25: 67.58 | P25: =M25-(N25+O25) -> 243.42 | Q25: 200 | R25: 91 | S25: =SUM(P25:R25) -> 534.42 | U25: 275.59 | V25: 51 | W25: =W24-V25 -> 14951 | X25: =N25+O25+S25+U25+V25 -> 930.59 | Y25: =IF(L25<0,L25*-1,0) -> 23.350005 | Z25: =X25+Y25 -> 953.94001 | AA25: 0 | AB25: 73 | AC25: 46 | AD25: =AD24+1 -> 16
A26: =A25+1 -> 17 | B26: 6906.87 | C26: 309633 | D26: =C26-C25 -> 3188 | E26: =C26-152000 -> 157633 | F26: =D26/$D$2 -> 1607.2599 | G26: 2540 | H26: 98 | I26: =G26+H26 -> 2638 | J26: =IF(L26>0,L26,0) -> 0 | K26: =I26+J26 -> 2638 | L26: =F26-(I26-X26) -> -51.480106 | M26: 324 | N26: 2 | O26: 76.04 | P26: =M26-(N26+O26) -> 245.96 | Q26: 231 | R26: 91 | S26: =SUM(P26:R26) -> 567.96 | U26: 282.26 | V26: 51 | W26: =W25-V26 -> 14900 | X26: =N26+O26+S26+U26+V26 -> 979.26 | Y26: =IF(L26<0,L26*-1,0) -> 51.480106 | Z26: =X26+Y26 -> 1030.7401 | AA26: 0 | AB26: 74 | AC26: 49 | AD26: =AD25+1 -> 17
A27: =A26+1 -> 18 | B27: 6907.61 | C27: 312528 | D27: =C27-C26 -> 2895 | E27: =C27-152000 -> 160528 | F27: =D27/$D$2 -> 1459.5412 | G27: 2300 | H27: 73 | I27: =G27+H27 -> 2373 | J27: =IF(L27>0,L27,0) -> 83.541215 | K27: =I27+J27 -> 2456.5412 | L27: =F27-(I27-X27) -> 83.541215 | M27: 309 | N27: 2 | O27: 72.16 | P27: =M27-(N27+O27) -> 234.84 | Q27: 248 | R27: 91 | S27: =SUM(P27:R27) -> 573.84 | U27: 299 | V27: 50 | W27: =W26-V27 -> 14850 | X27: =N27+O27+S27+U27+V27 -> 997 | Y27: =IF(L27<0,L27*-1,0) -> 0 | Z27: =X27+Y27 -> 997 | AA27: 0 | AB27: 74 | AC27: 49 | AD27: =AD26+1 -> 18
A28: =A27+1 -> 19 | B28: 6908.34 | C28: 315399 | D28: =C28-C27 -> 2871 | E28: =C28-152000 -> 163399 | F28: =D28/$D$2 -> 1447.4414 | G28: 2370 | H28: 63 | I28: =G28+H28 -> 2433 | J28: =IF(L28>0,L28,0) -> 0 | K28: =I28+J28 -> 2433 | L28: =F28-(I28-X28) -> -33.578609 | M28: 304 | N28: 2 | O28: 65.31 | P28: =M28-(N28+O28) -> 236.69 | Q28: 251 | R28: 93 | S28: =SUM(P28:R28) -> 580.69 | U28: 254.98 | V28: 49 | W28: =W27-V28 -> 14801 | X28: =N28+O28+S28+U28+V28 -> 951.98 | Y28: =IF(L28<0,L28*-1,0) -> 33.578609 | Z28: =X28+Y28 -> 985.55861 | AA28: 0.2 | AB28: 69 | AC28: 46 | AD28: =AD27+1 -> 19
A29: =A28+1 -> 20 | B29: 6909.04 | C29: 318165 | D29: =C29-C28 -> 2766 | E29: =C29-152000 -> 166165 | F29: =D29/$D$2 -> 1394.5047 | G29: 2280 | H29: 67 | I29: =G29+H29 -> 2347 | J29: =IF(L29>0,L29,0) -> 0 | K29: =I29+J29 -> 2347 | L29: =F29-(I29-X29) -> -41.645337 | M29: 272 | N29: 2 | O29: 52.34 | P29: =M29-(N29+O29) -> 217.66 | Q29: 254 | R29: 88 | S29: =SUM(P29:R29) -> 559.66 | U29: 247.85 | V29: 49 | W29: =W28-V29 -> 14752 | X29: =N29+O29+S29+U29+V29 -> 910.85 | Y29: =IF(L29<0,L29*-1,0) -> 41.645337 | Z29: =X29+Y29 -> 952.49534 | AA29: 0 | AB29: 72 | AC29: 41 | AD29: =AD28+1 -> 20
A30: =A29+1 -> 21 | B30: 6809.67 | C30: 320673 | D30: =C30-C29 -> 2508 | E30: =C30-152000 -> 168673 | F30: =D30/$D$2 -> 1264.4316 | G30: 2260 | H30: 39 | I30: =G30+H30 -> 2299 | J30: =IF(L30>0,L30,0) -> 0 | K30: =I30+J30 -> 2299 | L30: =F30-(I30-X30) -> -55.39844 | M30: 286 | N30: 2 | O30: =40.47*1.05 -> 42.4935 | P30: =M30-(N30+O30) -> 241.5065 | Q30: 284 | R30: 86 | S30: =SUM(P30:R30) -> 611.5065 | U30: 273.17 | V30: 50 | W30: =W29-V30 -> 14702 | X30: =N30+O30+S30+U30+V30 -> 979.17 | Y30: =IF(L30<0,L30*-1,0) -> 55.39844 | Z30: =X30+Y30 -> 1034.5684 | AA30: 0 | AB30: 62 | AC30: 36 | AD30: =AD29+1 -> 21
A31: =A30+1 -> 22 | B31: 6910.03 | C31: 322107 | D31: =C31-C30 -> 1434 | E31: =C31-152000 -> 170107 | F31: =D31/$D$2 -> 722.96446 | G31: 1780 | H31: 22 | I31: =G31+H31 -> 1802 | J31: =IF(L31>0,L31,0) -> 0 | K31: =I31+J31 -> 1802 | L31: =F31-(I31-X31) -> -96.185543 | M31: 279 | N31: 2 | O31: =38.22*1.05 -> 40.131 | P31: =M31-(N31+O31) -> 236.869 | Q31: 299 | R31: 85 | S31: =SUM(P31:R31) -> 620.869 | U31: 269.85 | V31: 50 | W31: =W30-V31 -> 14652 | X31: =N31+O31+S31+U31+V31 -> 982.85 | Y31: =IF(L31<0,L31*-1,0) -> 96.185543 | Z31: =X31+Y31 -> 1079.0355 | AA31: 0 | AB31: 73 | AC31: 36 | AD31: =AD30+1 -> 22
A32: =A31+1 -> 23 | B32: 6910.4 | C32: 323592 | D32: =C32-C31 -> 1485 | E32: =C32-152000 -> 171592 | F32: =D32/$D$2 -> 748.67658 | G32: 1730 | H32: 40 | I32: =G32+H32 -> 1770 | J32: =IF(L32>0,L32,0) -> 0 | K32: =I32+J32 -> 1770 | L32: =F32-(I32-X32) -> -19.973418 | M32: 279 | N32: 2 | O32: 36.81 | P32: =M32-(N32+O32) -> 240.19 | Q32: 297 | R32: 84 | S32: =SUM(P32:R32) -> 621.19 | U32: 292.35 | V32: 49 | W32: =W31-V32 -> 14603 | X32: =N32+O32+S32+U32+V32 -> 1001.35 | Y32: =IF(L32<0,L32*-1,0) -> 19.973418 | Z32: =X32+Y32 -> 1021.3234 | AA32: 0 | AB32: 79 | AC32: 44 | AD32: =AD31+1 -> 23
A33: =A32+1 -> 24 | B33: 6910.78 | C33: 325117 | D33: =C33-C32 -> 1525 | E33: =C33-152000 -> 173117 | F33: =D33/$D$2 -> 768.84295 | G33: 1840 | H33: 11 | I33: =G33+H33 -> 1851 | J33: =IF(L33>0,L33,0) -> 0 | K33: =I33+J33 -> 1851 | L33: =F33-(I33-X33) -> -26.027046 | M33: 317 | N33: 2 | O33: 52.44 | P33: =M33-(N33+O33) -> 262.56 | Q33: 296 | R33: 84 | S33: =SUM(P33:R33) -> 642.56 | U33: 309.13 | V33: 50 | W33: =W32-V33 -> 14553 | X33: =N33+O33+S33+U33+V33 -> 1056.13 | Y33: =IF(L33<0,L33*-1,0) -> 26.027046 | Z33: =X33+Y33 -> 1082.157 | AA33: 0 | AB33: 81 | AC33: 47 | AD33: =AD32+1 -> 24
A34: =A33+1 -> 25 | B34: 6911.18 | C34: 326727 | D34: =C34-C33 -> 1610 | E34: =C34-152000 -> 174727 | F34: =D34/$D$2 -> 811.6965 | G34: 1890 | H34: 6.9 | I34: =G34+H34 -> 1896.9 | J34: =IF(L34>0,L34,0) -> 0 | K34: =I34+J34 -> 1896.9 | L34: =F34-(I34-X34) -> -55.903504 | M34: 299 | N34: 2 | O34: =55.37*1.05 -> 58.1385 | P34: =M34-(N34+O34) -> 238.8615 | Q34: 297 | R34: 85 | S34: =SUM(P34:R34) -> 620.8615 | U34: 298.3 | V34: 50 | W34: =W33-V34 -> 14503 | X34: =N34+O34+S34+U34+V34 -> 1029.3 | Y34: =IF(L34<0,L34*-1,0) -> 55.903504 | Z34: =X34+Y34 -> 1085.2035 | AA34: 0 | AB34: 83 | AC34: 49 | AD34: =AD33+1 -> 25
A35: =A34+1 -> 26 | B35: 6911.6 | C35: 328426 | D35: =C35-C34 -> 1699 | E35: =C35-152000 -> 176426 | F35: =D35/$D$2 -> 856.56668 | G35: 1860 | H35: 5.6 | I35: =G35+H35 -> 1865.6 | J35: =IF(L35>0,L35,0) -> 0 | K35: =I35+J35 -> 1865.6 | L35: =F35-(I35-X35) -> -52.213325 | M35: 305 | N35: 2 | O35: =61.78*1.05 -> 64.869 | P35: =M35-(N35+O35) -> 238.131 | Q35: 230 | R35: 87 | S35: =SUM(P35:R35) -> 555.131 | U35: 285.82 | V35: 49 | W35: =W34-V35 -> 14454 | X35: =N35+O35+S35+U35+V35 -> 956.82 | Y35: =IF(L35<0,L35*-1,0) -> 52.213325 | Z35: =X35+Y35 -> 1009.0333 | AA35: 0 | AB35: 84 | AC35: 49 | AD35: =AD34+1 -> 26
A36: =A35+1 -> 27 | B36: 6912.06 | C36: 330289 | D36: =C36-C35 -> 1863 | E36: =C36-152000 -> 178289 | F36: =D36/$D$2 -> 939.2488 | G36: 1910 | H36: 2.2 | I36: =G36+H36 -> 1912.2 | J36: =IF(L36>0,L36,0) -> 0 | K36: =I36+J36 -> 1912.2 | L36: =F36-(I36-X36) -> -64.191197 | M36: 307 | N36: 2 | O36: =63.24*1.05 -> 66.402 | P36: =M36-(N36+O36) -> 238.598 | Q36: 200 | R36: 88 | S36: =SUM(P36:R36) -> 526.598 | U36: 264.76 | V36: 49 | W36: =W35-V36 -> 14405 | X36: =N36+O36+S36+U36+V36 -> 908.76 | Y36: =IF(L36<0,L36*-1,0) -> 64.191197 | Z36: =X36+Y36 -> 972.9512 | AA36: 0 | AB36: 80 | AC36: 47 | AD36: =AD35+1 -> 27
A37: 28 | B37: 6912.55 | C37: 332287 | D37: =C37-C36 -> 1998 | E37: =C37-152000 -> 180287 | F37: =D37/$D$2 -> 1007.3103 | G37: 1900 | H37: 1.4 | I37: =G37+H37 -> 1901.4 | J37: =IF(L37>0,L37,0) -> 11.76031 | K37: =I37+J37 -> 1913.1603 | L37: =F37-(I37-X37) -> 11.76031 | M37: 316 | N37: 2 | O37: =60.09*1.05 -> 63.0945 | P37: =M37-(N37+O37) -> 250.9055 | Q37: 201 | R37: 89 | S37: =SUM(P37:R37) -> 540.9055 | U37: 250.85 | V37: 49 | W37: =W36-V37 -> 14356 | X37: =N37+O37+S37+U37+V37 -> 905.85 | Y37: =IF(L37<0,L37*-1,0) -> 0 | Z37: =X37+Y37 -> 905.85 | AA37: 0 | AB37: 79 | AC37: 51 | AD37: 28
A38: 29 | B38: 6912.91 | C38: 333754 | D38: =C38-C37 -> 1467 | E38: =C38-152000 -> 181754 | F38: =D38/$D$2 -> 739.60171 | G38: 1690 | H38: 1.1 | I38: =G38+H38 -> 1691.1 | J38: =IF(L38>0,L38,0) -> 0 | K38: =I38+J38 -> 1691.1 | L38: =F38-(I38-X38) -> -44.548286 | M38: 320 | N38: 2 | O38: =70.07*1.05 -> 73.5735 | P38: =M38-(N38+O38) -> 244.4265 | Q38: 202 | R38: 90 | S38: =SUM(P38:R38) -> 536.4265 | U38: 245.95 | V38: 49 | W38: =W37-V38 -> 14307 | X38: =N38+O38+S38+U38+V38 -> 906.95 | Y38: =IF(L38<0,L38*-1,0) -> 44.548286 | Z38: =X38+Y38 -> 951.49829 | AA38: 0 | AB38: 77 | AC38: 43 | AD38: 29
A39: 30 | B39: 6913.1 | C39: 334532 | D39: =C39-C38 -> 778 | E39: =C39-152000 -> 182532 | F39: =D39/$D$2 -> 392.23595 | G39: 1400 | H39: 0.8 | I39: =G39+H39 -> 1400.8 | J39: =IF(L39>0,L39,0) -> 0 | K39: =I39+J39 -> 1400.8 | L39: =F39-(I39-X39) -> -87.524053 | M39: 326 | N39: 2 | O39: =78.58*1.05 -> 82.509 | P39: =M39-(N39+O39) -> 241.491 | Q39: 202 | R39: 90 | S39: =SUM(P39:R39) -> 533.491 | U39: 254.04 | V39: 49 | W39: =W38-V39 -> 14258 | X39: =N39+O39+S39+U39+V39 -> 921.04 | Y39: =IF(L39<0,L39*-1,0) -> 87.524053 | Z39: =X39+Y39 -> 1008.5641 | AA39: 0 | AB39: 78 | AC39: 45 | AD39: 30
A40: 31 | B40: 6913.31 | C40: 335395 | D40: =C40-C39 -> 863 | E40: =C40-152000 -> 183395 | F40: =D40/$D$2 -> 435.08949 | G40: 1400 | H40: 0.66 | I40: =G40+H40 -> 1400.66 | J40: =IF(L40>0,L40,0) -> 0 | K40: =I40+J40 -> 1400.66 | L40: =F40-(I40-X40) -> -30.360512 | M40: 360 | N40: 2 | O40: =109.53*1.05 -> 115.0065 | P40: =M40-(N40+O40) -> 242.9935 | Q40: 203 | R40: 91 | S40: =SUM(P40:R40) -> 536.9935 | U40: 232.21 | V40: 49 | W40: =W39-V40 -> 14209 | X40: =N40+O40+S40+U40+V40 -> 935.21 | Y40: =IF(L40<0,L40*-1,0) -> 30.360512 | Z40: =X40+Y40 -> 965.57051 | AA40: 0 | AB40: 80 | AC40: 45 | AD40: 31
A42: MONTH / CFS | F42: =SUM(F10:F40) -> 35024.956 | G42: =SUM(G10:G40) -> 56836 | H42: =SUM(H10:H40) -> 1681.46 | I42: =SUM(I10:I40) -> 58517.46 | J42: =SUM(J10:J40) -> 963.75049 | K42: =SUM(K10:K40) -> 59481.21 | L42: =SUM(L10:L40) -> 225.90589 | M42: =SUM(M10:M40) -> 8918 | ... S42: =SUM(S10:S40) -> 14357.864 | U42: =SUM(U10:U40) -> 5731.41 | V42: =SUM(V10:V40) -> 1545 | X42: =SUM(X10:X40) -> 23718.41 | Y42: =SUM(Y10:Y40) -> 737.84461 | Z42: =SUM(Z10:Z40) -> 24456.255 | AA42: =SUM(AA10:AA40) -> 0.51 | AB42: =AVERAGE(AB10:AB40) -> 72.677419 | AC42: =AVERAGE(AC10:AC40) -> 42.354839 | AD42: AVG
A43: MONTH / AF | D43: =SUM(D10:D40) -> 69472 | F43: =F42*$D$2 -> 69472 | G43: =G42*$D$2 -> 112734.21 | H43: =H42*$D$2 -> 3335.1759 | I43: =I42*$D$2 -> 116069.38 | J43: =J42*$D$2 -> 1911.5991 | K43: =K42*$D$2 -> 117980.98 | L43: =L42*$D$2 -> 448.08432 | M43: =M42*$D$2 -> 17688.853 | ... S43: =S42*$D$2 -> 28478.823 | U43: =U42*$D$2 -> 11368.252 | V43: =V42*$D$2 -> 3064.5075 | X43: =X42*$D$2 -> 47045.466 | Y43: =Y42*$D$2 -> 1463.5148 | Z43: =Z42*$D$2 -> 48508.981 | AB43: =MAX(AB10:AB40) -> 84 | AC43: =MAX(AC10:AC40) -> 51 | AD43: HI
A45: SEASON / CFS | F45: =F7+F42 -> 54571.717 | G45: =G7+G42 -> 73205 | H45: =H7+H42 -> 3383.26 | I45: =I7+I42 -> 76588.26 | J45: =J7+J42 -> 6604.8113 | K45: =K7+K42 -> 83193.071 | L45: =L7+L42 -> 5866.9667 | M45: =M7+M42 -> 11650 | ... V45: =V7+V42 -> 2605 | X45: =X7+X42 -> 27883.51 | Y45: =Y7+Y42 -> 737.84461 | Z45: =Z7+Z42 -> 28621.355 | AB45: =MIN(AB10:AB40) -> 42 | AC45: =MIN(AC10:AC40) -> 27 | AD45: LO
A46: SEASON / AF | F46: =F45*$D$2 -> 108243 | G46: =G45*$D$2 -> 145202.12 | H46: =H45*$D$2 -> 6710.6962 | I46: =I45*$D$2 -> 151912.81 | J46: =J45*$D$2 -> 13100.643 | K46: =K45*$D$2 -> 165013.46 | L46: =L45*$D$2 -> 11637.128 | M46: =M45*$D$2 -> 23107.775 | ... V46: =V45*$D$2 -> 5167.0175 | X46: =X45*$D$2 -> 55306.942 | Y46: =Y45*$D$2 -> 1463.5148 | Z46: =Z45*$D$2 -> 56770.457
A48: YTD / CFS | F48: =F8+F42 -> 59455.508 | G48: =G8+G42 -> 82162 | H48: =H8+H42 -> 3762.16 | I48: =I8+I42 -> 85924.16 | J48: =J8+J42 -> 9572.7395 | K48: =K8+K42 -> 95496.9 | L48: =L8+L42 -> 8582.4579 | M48: =M8+M42 -> 12588.6 | ... S48: =S8+S42 -> 16333.922 | U48: =U8+U42 -> 6008.51 | V48: =V8+V42 -> 8834 | W48: =W40 -> 14209 | X48: =X8+X42 -> 35051.11 | Y48: =Y8+Y42 -> 990.28159 | Z48: =Z8+Z42 -> 36041.392 | AA48: =AA8+AA42 -> 6.35
A49: YTD / AF | D49: =D8+D43 -> 117930 | E49: =E40 -> 183395 | F49: =F48*$D$2 -> 117930 | G49: =G48*$D$2 -> 162968.33 | H49: =H48*$D$2 -> 7462.2444 | I49: =I48*$D$2 -> 170430.57 | J49: =J48*$D$2 -> 18987.529 | K49: =K48*$D$2 -> 189418.1 | L49: =L48*$D$2 -> 17023.305 | M49: =M48*$D$2 -> 24969.488 | ... Z49: =Z48*$D$2 -> 71488.1

Sheet JUN
K1: MC PHEE RESERVOIR IN/OUT FLOW TABULATION
A2: AF/cfs CONVERT FACTOR | D2: 1.9835 | K2: JUNE "2001"
A4: DATE | B4: RESERV | C4: RESERV | D4: AC FT | E4: ACTIVE | F4: CONV TO | G4: DOLORES | H4: LOST | I4: RECORDED | J4: CALC | K4: TOTAL | L4: CALC | M4: DOLORES TUNNEL | Q4: LONE | R4: U | S4: TOTAL | T4: MVI | U4: DV CR | V4: BELOW | W4: REMAIN | X4: RECORDED | Y4: CALC | Z4: TOTAL | AA4: RAIN | AB4: MAX | AC4: MIN | AD4: DATE
A5: "JUN" | B5: ELEV | C5: AC FT | D5: CHANGE | E5: CAP | F5: CFS | G5: RIVER | H5: CANYON | I5: INFLOW | J5: INFLOW | K5: INFLOW | L5: INF/OTF | M5: TOT DIV | N5: WETLAND | O5: UTE F&R | P5: MVI/CTZ/MWC | Q5: PINE | R5: LAT | S5: MVI | T5: CALL | U5: CANAL | V5: MC PHEE | W5: RELEASE | X5: OUTFLOW | Y5: OUTFLOW | Z5: OUTFLOW | AB5: TMP | AC5: TMP | AD5: "JUN"
A7: SEASON BAL | F7: =MAY!F45 -> 54571.717 | G7: =MAY!G45 -> 73205 | H7: =MAY!H45 -> 3383.26 | I7: =MAY!I45 -> 76588.26 | J7: =MAY!J45 -> 6604.8113 | K7: =MAY!K45 -> 83193.071 | L7: =MAY!L45 -> 5866.9667 | M7: =MAY!M45 -> 11650 | ... V7: =MAY!V45 -> 2605 | X7: =MAY!X45 -> 27883.51 | Y7: =MAY!Y45 -> 737.84461 | Z7: =MAY!Z45 -> 28621.355
A8: YTD | B8: =MAY!B40 -> 6913.31 | C8: =MAY!C40 -> 335395 | D8: =MAY!D49 -> 117930 | E8: =MAY!E49 -> 183395 | F8: =MAY!F48 -> 59455.508 | G8: =MAY!G48 -> 82162 | H8: =MAY!H48 -> 3762.16 | I8: =MAY!I48 -> 85924.16 | J8: =MAY!J48 -> 9572.7395 | K8: =MAY!K48 -> 95496.9 | L8: =MAY!L48 -> 8582.4579 | M8: =MAY!M48 -> 12588.6 | ... AA8: =MAY!AA48 -> 6.35
O9: 0 | R9: 0
A10: 1 | B10: 6913.56 | C10: 336422 | D10: =C10-C8 -> 1027 | E10: =C10-152000 -> 184422 | F10: =D10/$D$2 -> 517.77162 | G10: 1400 | H10: 0.49 | I10: =G10+H10 -> 1400.49 | J10: =IF(L10>0,L10,0) -> 2.7916158 | K10: =I10+J10 -> 1403.2816 | L10: =F10-(I10-X10) -> 2.7916158 | M10: 338 | N10: 2 | O10: =113.12*1.05 -> 118.776 | P10: =M10-(N10+O10) -> 217.224 | Q10: 204 | R10: 89 | S10: =SUM(P10:R10) -> 510.224 | U10: 205.51 | V10: 49 | W10: =W8-V10 -> 14160 | X10: =N10+O10+S10+U10+V10 -> 885.51 | Y10: =IF(L10<0,L10*-1,0) -> 0 | Z10: =X10+Y10 -> 885.51 | AA10: 0 | AB10: 83 | AC10: 47 | AD10: 1
A11: =A10+1 -> 2 | B11: 6913.76 | C11: 337244 | D11: =C11-C10 -> 822 | E11: =C11-152000 -> 185244 | F11: =D11/$D$2 -> 414.41896 | G11: 1400 | H11: 0.37 | I11: =G11+H11 -> 1400.37 | J11: =IF(L11>0,L11,0) -> 0 | K11: =I11+J11 -> 1400.37 | L11: =F11-(I11-X11) -> -70.521044 | M11: 361 | N11: 2 | O11: =105.28*1.05 -> 110.544 | P11: =M11-(N11+O11) -> 248.456 | Q11: 204 | R11: 88 | S11: =SUM(P11:R11) -> 540.456 | U11: 204.43 | V11: 58 | W11: =W10-V11 -> 14102 | X11: =N11+O11+S11+U11+V11 -> 915.43 | Y11: =IF(L11<0,L11*-1,0) -> 70.521044 | Z11: =X11+Y11 -> 985.95104 | AA11: 0 | AB11: 82 | AC11: 47 | AD11: =AD10+1 -> 2
A12: =A11+1 -> 3 | B12: 6913.94 | C12: 337984 | D12: =C12-C11 -> 740 | E12: =C12-152000 -> 185984 | F12: =D12/$D$2 -> 373.07789 | G12: 1310 | H12: 0.32 | I12: =G12+H12 -> 1310.32 | J12: =IF(L12>0,L12,0) -> 0 | K12: =I12+J12 -> 1310.32 | L12: =F12-(I12-X12) -> -52.002107 | M12: 349 | N12: 2 | O12: =110.59*1.05 -> 116.1195 | P12: =M12-(N12+O12) -> 230.8805 | Q12: 206 | R12: 89 | S12: =SUM(P12:R12) -> 525.8805 | U12: 174.24 | V12: 67 | W12: =W11-V12 -> 14035 | X12: =N12+O12+S12+U12+V12 -> 885.24 | Y12: =IF(L12<0,L12*-1,0) -> 52.002107 | Z12: =X12+Y12 -> 937.24211 | AA12: 0 | AB12: 76 | AC12: 56 | AD12: =AD11+1 -> 3
A13: =A12+1 -> 4 | B13: 6914.11 | C13: 338686 | D13: =C13-C12 -> 702 | E13: =C13-152000 -> 186686 | F13: =D13/$D$2 -> 353.91984 | G13: 1190 | H13: 0.25 | I13: =G13+H13 -> 1190.25 | J13: =IF(L13>0,L13,0) -> 0 | K13: =I13+J13 -> 1190.25 | L13: =F13-(I13-X13) -> -28.280161 | M13: 327 | N13: 2 | O13: =101.81*1.05 -> 106.9005 | P13: =M13-(N13+O13) -> 218.0995 | Q13: 184 | R13: 90 | S13: =SUM(P13:R13) -> 492.0995 | U13: 141.05 | V13: 66 | W13: =W12-V13 -> 13969 | X13: =N13+O13+S13+U13+V13 -> 808.05 | Y13: =IF(L13<0,L13*-1,0) -> 28.280161 | Z13: =X13+Y13 -> 836.33016 | AA13: 0 | AB13: 71 | AC13: 45 | AD13: =AD12+1 -> 4
A14: =A13+1 -> 5 | B14: 6914.14 | C14: 338810 | D14: =C14-C13 -> 124 | E14: =C14-152000 -> 186810 | F14: =D14/$D$2 -> 62.515755 | G14: 970 | H14: 0.21 | I14: =G14+H14 -> 970.21 | J14: =IF(L14>0,L14,0) -> 0 | K14: =I14+J14 -> 970.21 | L14: =F14-(I14-X14) -> -106.35425 | M14: 325 | N14: 2 | O14: =96.59*1.05 -> 101.4195 | P14: =M14-(N14+O14) -> 221.5805 | Q14: 171 | R14: 85 | S14: =SUM(P14:R14) -> 477.5805 | U14: 154.34 | V14: 66 | W14: =W13-V14 -> 13903 | X14: =N14+O14+S14+U14+V14 -> 801.34 | Y14: =IF(L14<0,L14*-1,0) -> 106.35425 | Z14: =X14+Y14 -> 907.69425 | AA14: 0 | AB14: 74 | AC14: 40 | AD14: 5
A15: =A14+1 -> 6 | B15: 6914.18 | C15: 338976 | D15: =C15-C14 -> 166 | E15: =C15-152000 -> 186976 | F15: =D15/$D$2 -> 83.690446 | G15: 894 | H15: 0.15 | I15: =G15+H15 -> 894.15 | J15: =IF(L15>0,L15,0) -> 0 | K15: =I15+J15 -> 894.15 | L15: =F15-(I15-X15) -> -54.349554 | M15: 316 | N15: 2 | O15: =85.6*1.05 -> 89.88 | P15: =M15-(N15+O15) -> 224.12 | Q15: 172 | R15: 81 | S15: =SUM(P15:R15) -> 477.12 | U15: 121.11 | V15: 66 | W15: =W14-V15 -> 13837 | X15: =N15+O15+S15+U15+V15 -> 756.11 | Y15: =IF(L15<0,L15*-1,0) -> 54.349554 | Z15: =X15+Y15 -> 810.45955 | AA15: 0 | AB15: 83 | AC15: 46 | AD15: =AD14+1 -> 6
A16: =A15+1 -> 7 | B16: 6914.24 | C16: 339225 | D16: =C16-C15 -> 249 | E16: =C16-152000 -> 187225 | F16: =D16/$D$2 -> 125.53567 | G16: 934 | H16: 0.12 | I16: =G16+H16 -> 934.12 | J16: =IF(L16>0,L16,0) -> 0 | K16: =I16+J16 -> 934.12 | L16: =F16-(I16-X16) -> -66.844331 | M16: 315 | N16: 2 | O16: =86.29*1.05 -> 90.6045 | P16: =M16-(N16+O16) -> 222.3955 | Q16: 174 | R16: 76 | S16: =SUM(P16:R16) -> 472.3955 | U16: 110.74 | V16: 66 | W16: =W15-V16 -> 13771 | X16: =N16+O16+S16+U16+V16 -> 741.74 | Y16: =IF(L16<0,L16*-1,0) -> 66.844331 | Z16: =X16+Y16 -> 808.58433 | AA16: 0 | AB16: 88 | AC16: 54 | AD16: =AD15+1 -> 7
A17: =A16+1 -> 8 | B17: 6914.29 | C17: 339432 | D17: =C17-C16 -> 207 | E17: =C17-152000 -> 187432 | F17: =D17/$D$2 -> 104.36098 | G17: 922 | H17: 0.12 | I17: =G17+H17 -> 922.12 | J17: =IF(L17>0,L17,0) -> 0 | K17: =I17+J17 -> 922.12 | L17: =F17-(I17-X17) -> -52.539022 | M17: 327 | N17: 2 | O17: 92.3 | P17: =M17-(N17+O17) -> 232.7 | Q17: 173 | R17: 74 | S17: =SUM(P17:R17) -> 479.7 | U17: 125.22 | V17: 66 | W17: =W16-V17 -> 13705 | X17: =N17+O17+S17+U17+V17 -> 765.22 | Y17: =IF(L17<0,L17*-1,0) -> 52.539022 | Z17: =X17+Y17 -> 817.75902 | AA17: 0 | AB17: 85 | AC17: 52 | AD17: =AD16+1 -> 8
A18: =A17+1 -> 9 | B18: 6914.33 | C18: 339597 | D18: =C18-C17 -> 165 | E18: =C18-152000 -> 187597 | F18: =D18/$D$2 -> 83.186287 | G18: 885 | H18: 0.12 | I18: =G18+H18 -> 885.12 | J18: =IF(L18>0,L18,0) -> 0 | K18: =I18+J18 -> 885.12 | L18: =F18-(I18-X18) -> -68.853713 | M18: 313 | N18: 2 | O18: 87.61 | P18: =M18-(N18+O18) -> 223.39 | Q18: 175 | R18: 75 | S18: =SUM(P18:R18) -> 473.39 | U18: 103.08 | V18: 67 | W18: =W17-V18 -> 13638 | X18: =N18+O18+S18+U18+V18 -> 733.08 | Y18: =IF(L18<0,L18*-1,0) -> 68.853713 | Z18: =X18+Y18 -> 801.93371 | AA18: 0 | AB18: 85 | AC18: 54 | AD18: =AD17+1 -> 9
A19: =A18+1 -> 10 | B19: 6914.39 | C19: 339846 | D19: =C19-C18 -> 249 | E19: =C19-152000 -> 187846 | F19: =D19/$D$2 -> 125.53567 | G19: 884 | H19: 0.11 | I19: =G19+H19 -> 884.11 | J19: =IF(L19>0,L19,0) -> 0 | K19: =I19+J19 -> 884.11 | L19: =F19-(I19-X19) -> -3.6043307 | M19: 317 | N19: 2 | O19: 87.02 | P19: =M19-(N19+O19) -> 227.98 | Q19: 173 | R19: 75 | S19: =SUM(P19:R19) -> 475.98 | U19: 122.97 | V19: 67 | W19: =W18-V19 -> 13571 | X19: =N19+O19+S19+U19+V19 -> 754.97 | Y19: =IF(L19<0,L19*-1,0) -> 3.6043307 | Z19: =X19+Y19 -> 758.57433 | AA19: 0 | AB19: 86 | AC19: 51 | AD19: =AD18+1 -> 10
A20: =A19+1 -> 11 | B20: 6914.38 | C20: 339804 | D20: =C20-C19 -> -42 | E20: =C20-152000 -> 187804 | F20: =D20/$D$2 -> -21.174691 | G20: 802 | H20: 0.21 | I20: =G20+H20 -> 802.21 | J20: =IF(L20>0,L20,0) -> 0 | K20: =I20+J20 -> 802.21 | L20: =F20-(I20-X20) -> -54.154691 | M20: 325 | N20: 2 | O20: =89.17*1.05 -> 93.6285 | P20: =M20-(N20+O20) -> 229.3715 | Q20: 167 | R20: 76 | S20: =SUM(P20:R20) -> 472.3715 | U20: 134.23 | V20: 67 | W20: =W19-V20 -> 13504 | X20: =N20+O20+S20+U20+V20 -> 769.23 | Y20: =IF(L20<0,L20*-1,0) -> 54.154691 | Z20: =X20+Y20 -> 823.38469 | AA20: 0 | AB20: 84 | AC20: 48 | AD20: =AD19+1 -> 11
A21: =A20+1 -> 12 | B21: 6914.24 | C21: 339225 | D21: =C21-C20 -> -579 | E21: =C21-152000 -> 187225 | F21: =D21/$D$2 -> -291.90824 | G21: 721 | H21: 0.24 | I21: =G21+H21 -> 721.24 | J21: =IF(L21>0,L21,0) -> 0 | K21: =I21+J21 -> 721.24 | L21: =F21-(I21-X21) -> -206.54824 | M21: 337 | N21: 2 | O21: =100.12*1.05 -> 105.126 | P21: =M21-(N21+O21) -> 229.874 | Q21: 158 | R21: 77 | S21: =SUM(P21:R21) -> 464.874 | U21: 168.6 | V21: 66 | W21: =W20-V21 -> 13438 | X21: =N21+O21+S21+U21+V21 -> 806.6 | Y21: =IF(L21<0,L21*-1,0) -> 206.54824 | Z21: =X21+Y21 -> 1013.1482 | AA21: 0 | AB21: 80 | AC21: 48 | AD21: =AD20+1 -> 12
A22: =A21+1 -> 13 | B22: 6914.05 | C22: 338438 | D22: =C22-C21 -> -787 | E22: =C22-152000 -> 186438 | F22: =D22/$D$2 -> -396.77338 | G22: 634 | H22: 0.33 | I22: =G22+H22 -> 634.33 | J22: =IF(L22>0,L22,0) -> 0 | K22: =I22+J22 -> 634.33 | L22: =F22-(I22-X22) -> -214.28338 | M22: 338 | N22: 2 | O22: =103.09*1.05 -> 108.2445 | P22: =M22-(N22+O22) -> 227.7555 | Q22: 157 | R22: 77 | S22: =SUM(P22:R22) -> 461.7555 | U22: 178.82 | V22: 66 | W22: =W21-V22 -> 13372 | X22: =N22+O22+S22+U22+V22 -> 816.82 | Y22: =IF(L22<0,L22*-1,0) -> 214.28338 | Z22: =X22+Y22 -> 1031.1034 | AA22: 0.02 | AB22: 60 | AC22: 39 | AD22: =AD21+1 -> 13
A23: =A22+1 -> 14 | B23: 6913.93 | C23: 337943 | D23: =C23-C22 -> -495 | E23: =C23-152000 -> 185943 | F23: =D23/$D$2 -> -249.55886 | G23: 556 | H23: 0.4 | I23: =G23+H23 -> 556.4 | J23: =IF(L23>0,L23,0) -> 0 | K23: =I23+J23 -> 556.4 | L23: =F23-(I23-X23) -> -24.788861 | M23: 308 | N23: 2 | O23: =86.93*1.05 -> 91.2765 | P23: =M23-(N23+O23) -> 214.7235 | Q23: 157 | R23: 76 | S23: =SUM(P23:R23) -> 447.7235 | U23: 175.17 | V23: 65 | W23: =W22-V23 -> 13307 | X23: =N23+O23+S23+U23+V23 -> 781.17 | Y23: =IF(L23<0,L23*-1,0) -> 24.788861 | Z23: =X23+Y23 -> 805.95886 | AA23: 0 | AB23: 67 | AC23: 30 | AD23: =AD22+1 -> 14
A24: =A23+1 -> 15 | B24: 6913.75 | C24: 337203 | D24: =C24-C23 -> -740 | E24: =C24-152000 -> 185203 | F24: =D24/$D$2 -> -373.07789 | G24: 478 | H24: 0.3 | I24: =G24+H24 -> 478.3 | J24: =IF(L24>0,L24,0) -> 0 | K24: =I24+J24 -> 478.3 | L24: =F24-(I24-X24) -> -17.377893 | M24: 315 | N24: 2 | O24: =81.09*1.05 -> 85.1445 | P24: =M24-(N24+O24) -> 227.8555 | Q24: 157 | R24: 76 | S24: =SUM(P24:R24) -> 460.8555 | U24: 221 | V24: 65 | W24: =W23-V24 -> 13242 | X24: =N24+O24+S24+U24+V24 -> 834 | Y24: =IF(L24<0,L24*-1,0) -> 17.377893 | Z24: =X24+Y24 -> 851.37789 | AA24: 0 | AB24: 77 | AC24: 40 | AD24: =AD23+1 -> 15
A25: =A24+1 -> 16 | B25: 6913.57 | C25: 336464 | D25: =C25-C24 -> -739 | E25: =C25-152000 -> 184464 | F25: =D25/$D$2 -> -372.57373 | G25: 435 | H25: 0.16 | I25: =G25+H25 -> 435.16 | J25: =IF(L25>0,L25,0) -> 16.796267 | K25: =I25+J25 -> 451.95627 | L25: =F25-(I25-X25) -> 16.796267 | M25: 292 | N25: 2 | O25: =62*1.05 -> 65.1 | P25: =M25-(N25+O25) -> 224.9 | Q25: 156 | R25: 75 | S25: =SUM(P25:R25) -> 455.9 | U25: 236.53 | V25: 65 | W25: =W24-V25 -> 13177 | X25: =N25+O25+S25+U25+V25 -> 824.53 | Y25: =IF(L25<0,L25*-1,0) -> 0 | Z25: =X25+Y25 -> 824.53 | AA25: 0 | AB25: 85 | AC25: 49 | AD25: =AD24+1 -> 16
A26: =A25+1 -> 17 | B26: 6913.32 | C26: 335436 | D26: =C26-C25 -> -1028 | E26: =C26-152000 -> 183436 | F26: =D26/$D$2 -> -518.27578 | G26: 428 | H26: 0.12 | I26: =G26+H26 -> 428.12 | J26: =IF(L26>0,L26,0) -> 0 | K26: =I26+J26 -> 428.12 | L26: =F26-(I26-X26) -> -78.785775 | M26: 318 | N26: 2 | O26: =41.71*1.05 -> 43.7955 | P26: =M26-(N26+O26) -> 272.2045 | Q26: 155 | R26: 75 | S26: =SUM(P26:R26) -> 502.2045 | U26: 254.61 | V26: 65 | W26: =W25-V26 -> 13112 | X26: =N26+O26+S26+U26+V26 -> 867.61 | Y26: =IF(L26<0,L26*-1,0) -> 78.785775 | Z26: =X26+Y26 -> 946.39578 | AA26: 0 | AB26: 87 | AC26: 49 | AD26: =AD25+1 -> 17
A27: =A26+1 -> 18 | B27: 6913.07 | C27: 334409 | D27: =C27-C26 -> -1027 | E27: =C27-152000 -> 182409 | F27: =D27/$D$2 -> -517.77162 | G27: 427 | H27: 0.08 | I27: =G27+H27 -> 427.08 | J27: =IF(L27>0,L27,0) -> 0 | K27: =I27+J27 -> 427.08 | L27: =F27-(I27-X27) -> -67.691616 | M27: 333 | N27: 2 | O27: =75.33*1.05 -> 79.0965 | P27: =M27-(N27+O27) -> 251.9035 | Q27: 155 | R27: 79 | S27: =SUM(P27:R27) -> 485.9035 | U27: 245.16 | V27: 65 | W27: =W26-V27 -> 13047 | X27: =N27+O27+S27+U27+V27 -> 877.16 | Y27: =IF(L27<0,L27*-1,0) -> 67.691616 | Z27: =X27+Y27 -> 944.85162 | AA27: 0 | AB27: 86 | AC27: 49 | AD27: =AD26+1 -> 18
A28: =A27+1 -> 19 | B28: 6912.83 | C28: 333387 | D28: =C28-C27 -> -1022 | E28: =C28-152000 -> 181387 | F28: =D28/$D$2 -> -515.25082 | G28: 406 | H28: 0.06 | I28: =G28+H28 -> 406.06 | J28: =IF(L28>0,L28,0) -> 3.7591807 | K28: =I28+J28 -> 409.81918 | L28: =F28-(I28-X28) -> 3.7591807 | M28: 348 | N28: 2 | O28: =83.43*1.05 -> 87.6015 | P28: =M28-(N28+O28) -> 258.3985 | Q28: 154 | R28: 80 | S28: =SUM(P28:R28) -> 492.3985 | U28: 278.07 | V28: 65 | W28: =W27-V28 -> 12982 | X28: =N28+O28+S28+U28+V28 -> 925.07 | Y28: =IF(L28<0,L28*-1,0) -> 0 | Z28: =X28+Y28 -> 925.07 | AA28: 0 | AB28: 86 | AC28: 50 | AD28: =AD27+1 -> 19
A29: =A28+1 -> 20 | B29: 6912.49 | C29: 332042 | D29: =C29-C28 -> -1345 | E29: =C29-152000 -> 180042 | F29: =D29/$D$2 -> -678.09428 | G29: 391 | H29: 0.06 | I29: =G29+H29 -> 391.06 | J29: =IF(L29>0,L29,0) -> 0 | K29: =I29+J29 -> 391.06 | L29: =F29-(I29-X29) -> -125.05428 | M29: 360 | N29: 2 | O29: =94.68*1.05 -> 99.414 | P29: =M29-(N29+O29) -> 258.586 | Q29: 155 | R29: 81 | S29: =SUM(P29:R29) -> 494.586 | U29: 284.1 | V29: 64 | W29: =W28-V29 -> 12918 | X29: =N29+O29+S29+U29+V29 -> 944.1 | Y29: =IF(L29<0,L29*-1,0) -> 125.05428 | Z29: =X29+Y29 -> 1069.1543 | AA29: 0 | AB29: 87 | AC29: 53 | AD29: =AD28+1 -> 20
A30: =A29+1 -> 21 | B30: 6912.19 | C30: 330819 | D30: =C30-C29 -> -1223 | E30: =C30-152000 -> 178819 | F30: =D30/$D$2 -> -616.58684 | G30: 371 | H30: 0.05 | I30: =G30+H30 -> 371.05 | J30: =IF(L30>0,L30,0) -> 0 | K30: =I30+J30 -> 371.05 | L30: =F30-(I30-X30) -> -29.256841 | M30: 351 | N30: 2 | O30: =92.91*1.05 -> 97.5555 | P30: =M30-(N30+O30) -> 251.4445 | Q30: 166 | R30: 82 | S30: =SUM(P30:R30) -> 499.4445 | U30: 295.38 | V30: 64 | W30: =W29-V30 -> 12854 | X30: =N30+O30+S30+U30+V30 -> 958.38 | Y30: =IF(L30<0,L30*-1,0) -> 29.256841 | Z30: =X30+Y30 -> 987.63684 | AA30: 0 | AB30: 89 | AC30: 53 | AD30: =AD29+1 -> 21
A31: =A30+1 -> 22 | B31: 6911.86 | C31: 329478 | D31: =C31-C30 -> -1341 | E31: =C31-152000 -> 177478 | F31: =D31/$D$2 -> -676.07764 | G31: 358 | H31: 0.05 | I31: =G31+H31 -> 358.05 | J31: =IF(L31>0,L31,0) -> 0 | K31: =I31+J31 -> 358.05 | L31: =F31-(I31-X31) -> -57.097641 | M31: 347 | N31: 2 | O31: =80.46*1.05 -> 84.483 | P31: =M31-(N31+O31) -> 260.517 | Q31: 170 | R31: 83 | S31: =SUM(P31:R31) -> 513.517 | U31: 313.03 | V31: 64 | W31: =W30-V31 -> 12790 | X31: =N31+O31+S31+U31+V31 -> 977.03 | Y31: =IF(L31<0,L31*-1,0) -> 57.097641 | Z31: =X31+Y31 -> 1034.1276 | AA31: 0 | AB31: 89 | AC31: 54 | AD31: =AD30+1 -> 22
A32: =A31+1 -> 23 | B32: 6911.53 | C32: 328143 | D32: =C32-C31 -> -1335 | E32: =C32-152000 -> 176143 | F32: =D32/$D$2 -> -673.05268 | G32: 339 | H32: 0.12 | I32: =G32+H32 -> 339.12 | J32: =IF(L32>0,L32,0) -> 0 | K32: =I32+J32 -> 339.12 | L32: =F32-(I32-X32) -> -49.182685 | M32: 329 | N32: 2 | O32: =77.22*1.05 -> 81.081 | P32: =M32-(N32+O32) -> 245.919 | Q32: 169 | R32: 82 | S32: =SUM(P32:R32) -> 496.919 | U32: 318.99 | V32: 64 | W32: =W31-V32 -> 12726 | X32: =N32+O32+S32+U32+V32 -> 962.99 | Y32: =IF(L32<0,L32*-1,0) -> 49.182685 | Z32: =X32+Y32 -> 1012.1727 | AA32: 0 | AB32: 89 | AC32: 54 | AD32: =AD31+1 -> 23
A33: =A32+1 -> 24 | B33: 6911.19 | C33: 326768 | D33: =C33-C32 -> -1375 | E33: =C33-152000 -> 174768 | F33: =D33/$D$2 -> -693.21906 | G33: 314 | H33: 0.24 | I33: =G33+H33 -> 314.24 | J33: =IF(L33>0,L33,0) -> 0 | K33: =I33+J33 -> 314.24 | L33: =F33-(I33-X33) -> -40.279057 | M33: 334 | N33: 2 | O33: =72.45*1.05 -> 76.0725 | P33: =M33-(N33+O33) -> 255.9275 | Q33: 170 | R33: 82 | S33: =SUM(P33:R33) -> 507.9275 | U33: 316.18 | V33: 65 | W33: =W32-V33 -> 12661 | X33: =N33+O33+S33+U33+V33 -> 967.18 | Y33: =IF(L33<0,L33*-1,0) -> 40.279057 | Z33: =X33+Y33 -> 1007.4591 | AA33: 0 | AB33: 83 | AC33: 56 | AD33: =AD32+1 -> 24
A34: =A33+1 -> 25 | B34: 6910.84 | C34: 325357 | D34: =C34-C33 -> -1411 | E34: =C34-152000 -> 173357 | F34: =D34/$D$2 -> -711.36879 | G34: 306 | H34: 0.31 | I34: =G34+H34 -> 306.31 | J34: =IF(L34>0,L34,0) -> 0 | K34: =I34+J34 -> 306.31 | L34: =F34-(I34-X34) -> -52.978793 | M34: 326 | N34: 0.5 | O34: =64.62*1.05 -> 67.851 | P34: =M34-(N34+O34) -> 257.649 | Q34: 170 | R34: 85 | S34: =SUM(P34:R34) -> 512.649 | U34: 318.7 | V34: 65 | W34: =W33-V34 -> 12596 | X34: =N34+O34+S34+U34+V34 -> 964.7 | Y34: =IF(L34<0,L34*-1,0) -> 52.978793 | Z34: =X34+Y34 -> 1017.6788 | AA34: 0 | AB34: 86 | AC34: 55 | AD34: =AD33+1 -> 25
A35: =A34+1 -> 26 | B35: 6910.5 | C35: 323993 | D35: =C35-C34 -> -1364 | E35: =C35-152000 -> 171993 | F35: =D35/$D$2 -> -687.6733 | G35: 298 | H35: 0.31 | I35: =G35+H35 -> 298.31 | J35: =IF(L35>0,L35,0) -> 3.0266952 | K35: =I35+J35 -> 301.3367 | L35: =F35-(I35-X35) -> 3.0266952 | M35: 324 | N35: 0.5 | O35: =62.92*1.05 -> 66.066 | P35: =M35-(N35+O35) -> 257.434 | Q35: 168 | R35: 85 | S35: =SUM(P35:R35) -> 510.434 | U35: 347.01 | V35: 65 | W35: =W34-V35 -> 12531 | X35: =N35+O35+S35+U35+V35 -> 989.01 | Y35: =IF(L35<0,L35*-1,0) -> 0 | Z35: =X35+Y35 -> 989.01 | AA35: 0.37 | AB35: 72 | AC35: 53 | AD35: =AD34+1 -> 26
A36: =A35+1 -> 27 | B36: 6910.15 | C36: 322588 | D36: =C36-C35 -> -1405 | E36: =C36-152000 -> 170588 | F36: =D36/$D$2 -> -708.34384 | G36: 312 | H36: 0.31 | I36: =G36+H36 -> 312.31 | J36: =IF(L36>0,L36,0) -> 0 | K36: =I36+J36 -> 312.31 | L36: =F36-(I36-X36) -> -63.013837 | M36: 314 | N36: 0.5 | O36: =68.21*1.05 -> 71.6205 | P36: =M36-(N36+O36) -> 241.8795 | Q36: 168 | R36: 85 | S36: =SUM(P36:R36) -> 494.8795 | U36: 326.64 | V36: 64 | W36: =W35-V36 -> 12467 | X36: =N36+O36+S36+U36+V36 -> 957.64 | Y36: =IF(L36<0,L36*-1,0) -> 63.013837 | Z36: =X36+Y36 -> 1020.6538 | AA36: 0 | AB36: 80 | AC36: 50 | AD36: =AD35+1 -> 27
A37: =A36+1 -> 28 | B37: 6909.8 | C37: 321190 | D37: =C37-C36 -> -1398 | E37: =C37-152000 -> 169190 | F37: =D37/$D$2 -> -704.81472 | G37: 259 | H37: 0.16 | I37: =G37+H37 -> 259.16 | J37: =IF(L37>0,L37,0) -> 0 | K37: =I37+J37 -> 259.16 | L37: =F37-(I37-X37) -> -50.214721 | M37: 321 | N37: 0.5 | O37: =63.35*1.05 -> 66.5175 | P37: =M37-(N37+O37) -> 253.9825 | Q37: 168 | R37: 85 | S37: =SUM(P37:R37) -> 506.9825 | U37: 275.76 | V37: 64 | W37: =W36-V37 -> 12403 | X37: =N37+O37+S37+U37+V37 -> 913.76 | Y37: =IF(L37<0,L37*-1,0) -> 50.214721 | Z37: =X37+Y37 -> 963.97472 | AA37: 0 | AB37: 88 | AC37: 55 | AD37: =AD36+1 -> 28
A38: =A37+1 -> 29 | B38: 6909.4 | C38: 319598 | D38: =C38-C37 -> -1592 | E38: =C38-152000 -> 167598 | F38: =D38/$D$2 -> -802.62163 | G38: 250 | H38: 0.14 | I38: =G38+H38 -> 250.14 | J38: =IF(L38>0,L38,0) -> 0 | K38: =I38+J38 -> 250.14 | L38: =F38-(I38-X38) -> -96.881628 | M38: 326 | N38: 0.5 | O38: =66.44*1.05 -> 69.762 | P38: =M38-(N38+O38) -> 255.738 | Q38: 168 | R38: 86 | S38: =SUM(P38:R38) -> 509.738 | U38: 311.88 | V38: 64 | W38: =W37-V38 -> 12339 | X38: =N38+O38+S38+U38+V38 -> 955.88 | Y38: =IF(L38<0,L38*-1,0) -> 96.881628 | Z38: =X38+Y38 -> 1052.7616 | AA38: 0 | AB38: 91 | AC38: 57 | AD38: =AD37+1 -> 29
A39: 30 | B39: 6909.08 | C39: 318324 | D39: =C39-C38 -> -1274 | E39: =C39-152000 -> 166324 | F39: =D39/$D$2 -> -642.29897 | G39: 259 | H39: 0.16 | I39: =G39+H39 -> 259.16 | J39: =IF(L39>0,L39,0) -> 65.451034 | K39: =I39+J39 -> 324.61103 | L39: =F39-(I39-X39) -> 65.451034 | M39: 323 | N39: 0.5 | O39: =66.05*1.05 -> 69.3525 | P39: =M39-(N39+O39) -> 253.1475 | Q39: 167 | R39: 86 | S39: =SUM(P39:R39) -> 506.1475 | U39: 326.91 | V39: 64 | W39: =W38-V39 -> 12275 | X39: =N39+O39+S39+U39+V39 -> 966.91 | Y39: =IF(L39<0,L39*-1,0) -> 0 | Z39: =X39+Y39 -> 966.91 | AA39: 0 | AB39: 89 | AC39: 56 | AD39: 30
H40: 0.29
A41: MONTH / CFS | F41: =SUM(F10:F39) -> -8606.5037 | G41: =SUM(G10:G39) -> 19133 | H41: =SUM(H10:H39) -> 6.07 | I41: =SUM(I10:I39) -> 19139.07 | J41: =SUM(J10:J39) -> 91.824792 | K41: =SUM(K10:K39) -> 19230.895 | L41: =SUM(L10:L39) -> -1639.1137 | M41: =SUM(M10:M39) -> 9857 | ... S41: =SUM(S10:S39) -> 14722.037 | U41: =SUM(U10:U39) -> 6789.46 | V41: =SUM(V10:V39) -> 1934 | X41: =SUM(X10:X39) -> 26106.46 | Y41: =SUM(Y10:Y39) -> 1730.9384 | Z41: =SUM(Z10:Z39) -> 27837.398 | AA41: =SUM(AA10:AA39) -> 0.39 | AB41: =AVERAGE(AB10:AB39) -> 82.266667 | AC41: =AVERAGE(AC10:AC39) -> 49.666667 | AD41: AVG
A42: MONTH / AF | D42: =SUM(D10:D39) -> -17071 | F42: =F41*$D$2 -> -17071 | G42: =G41*$D$2 -> 37950.306 | H42: =H41*$D$2 -> 12.039845 | I42: =I41*$D$2 -> 37962.345 | J42: =J41*$D$2 -> 182.13448 | K42: =K41*$D$2 -> 38144.48 | L42: =L41*$D$2 -> -3251.1819 | M42: =M41*$D$2 -> 19551.359 | ... S42: =S41*$D$2 -> 29201.16 | U42: =U41*$D$2 -> 13466.894 | V42: =V41*$D$2 -> 3836.089 | X42: =X41*$D$2 -> 51782.163 | Y42: =Y41*$D$2 -> 3433.3164 | Z42: =Z41*$D$2 -> 55215.48 | AB42: =MAX(AB10:AB39) -> 91 | AC42: =MAX(AC10:AC39) -> 57 | AD42: HI
A44: SEASON / CFS | F44: =F7+F41 -> 45965.213 | G44: =G7+G41 -> 92338 | H44: =H7+H41 -> 3389.33 | I44: =I7+I41 -> 95727.33 | J44: =J7+J41 -> 6696.6361 | K44: =K7+K41 -> 102423.97 | L44: =L7+L41 -> 4227.853 | M44: =M7+M41 -> 21507 | ... S44: =S7+S41 -> 30223.922 | T44: =T39 -> 0 | U44: =U7+U41 -> 12797.97 | V44: =V7+V41 -> 4539 | X44: =X7+X41 -> 53989.97 | Y44: =Y7+Y41 -> 2468.7831 | Z44: =Z7+Z41 -> 56458.753 | AB44: =MIN(AB10:AB39) -> 60 | AC44: =MIN(AC10:AC39) -> 30 | AD44: LO
A45: SEASON / AF | F45: =F44*$D$2 -> 91172 | G45: =G44*$D$2 -> 183152.42 | H45: =H44*$D$2 -> 6722.7361 | I45: =I44*$D$2 -> 189875.16 | J45: =J44*$D$2 -> 13282.778 | K45: =K44*$D$2 -> 203157.94 | L45: =L44*$D$2 -> 8385.9464 | M45: =M44*$D$2 -> 42659.135 | ... V45: =V44*$D$2 -> 9003.1065 | X45: =X44*$D$2 -> 107089.11 | Y45: =Y44*$D$2 -> 4896.8312 | Z45: =Z44*$D$2 -> 111985.94
A47: YTD / CFS | F47: =F8+F41 -> 50849.004 | G47: =G8+G41 -> 101295 | H47: =H8+H41 -> 3768.23 | I47: =I8+I41 -> 105063.23 | J47: =J8+J41 -> 9664.5643 | K47: =K8+K41 -> 114727.79 | L47: =L8+L41 -> 6943.3443 | M47: =M8+M41 -> 22445.6 | ... S47: =S8+S41 -> 31055.959 | T47: =T39 -> 0 | U47: =U8+U41 -> 12797.97 | V47: =V8+V41 -> 10768 | W47: =W39 -> 12275 | X47: =X8+X41 -> 61157.57 | Y47: =Y8+Y41 -> 2721.22 | Z47: =Z8+Z41 -> 63878.79 | AA47: =AA8+AA41 -> 6.74
A48: YTD / AF | D48: =D8+D42 -> 100859 | E48: =E39 -> 166324 | F48: =F47*$D$2 -> 100859 | G48: =G47*$D$2 -> 200918.63 | H48: =H47*$D$2 -> 7474.2842 | I48: =I47*$D$2 -> 208392.92 | J48: =J47*$D$2 -> 19169.663 | K48: =K47*$D$2 -> 227562.58 | L48: =L47*$D$2 -> 13772.123 | M48: =M47*$D$2 -> 44520.848 | ... Z48: =Z47*$D$2 -> 126703.58

Sheet JUL
K1: MC PHEE RESERVOIR IN/OUT FLOW TABULATION
A2: AF/cfs CONVERT FACTOR | D2: 1.9835 | K2: JULY "2001"
A4: DATE | B4: RESERV | C4: RESERV | D4: AC FT | E4: ACTIVE | F4: CONV TO | G4: DOLORES | H4: LOST | I4: RECORDED | J4: CALC | K4: TOTAL | L4: CALC | M4: DOLORES TUNNEL | Q4: LONE | R4: U | S4: TOTAL | T4: MVI | U4: DV CR | V4: BELOW | W4: REMAIN | X4: RECORDED | Y4: CALC | Z4: TOTAL | AA4: RAIN | AB4: MAX | AC4: MIN | AD4: DATE
A5: "JUL" | B5: ELEV | C5: AC FT | D5: CHANGE | E5: CAP | F5: CFS | G5: RIVER | H5: CANYON | I5: INFLOW | J5: INFLOW | K5: INFLOW | L5: INF/OTF | M5: TOT DIV | N5: WETLAND | O5: UTE F&R | P5: MVI,CTZ | Q5: PINE | R5: LAT | S5: MVI | T5: CALL | U5: CANAL | V5: MC PHEE | W5: RELEASE | X5: OUTFLOW | Y5: OUTFLOW | Z5: OUTFLOW | AB5: TMP | AC5: TMP | AD5: "JUL"
R6: MVI non-project water 6/30 = | T6: 10568
A7: SEASON BAL | F7: =JUN!F44 -> 45965.213 | G7: =JUN!G44 -> 92338 | H7: =JUN!H44 -> 3389.33 | I7: =JUN!I44 -> 95727.33 | J7: =JUN!J44 -> 6696.6361 | K7: =JUN!K44 -> 102423.97 | L7: =JUN!L44 -> 4227.853 | M7: =JUN!M44 -> 21507 | ... V7: =JUN!V44 -> 4539 | X7: =JUN!X44 -> 53989.97 | Y7: =JUN!Y44 -> 2468.7831 | Z7: =JUN!Z44 -> 56458.753
A8: YTD | B8: =JUN!B39 -> 6909.08 | C8: =JUN!C39 -> 318324 | D8: =JUN!D48 -> 100859 | E8: =JUN!E48 -> 166324 | F8: =JUN!F47 -> 50849.004 | G8: =JUN!G47 -> 101295 | H8: =JUN!H47 -> 3768.23 | I8: =JUN!I47 -> 105063.23 | J8: =JUN!J47 -> 9664.5643 | K8: =JUN!K47 -> 114727.79 | L8: =JUN!L47 -> 6943.3443 | M8: =JUN!M47 -> 22445.6 | ... AA8: =JUN!AA47 -> 6.74
A10: 1 | B10: 6908.7 | C10: 316820 | D10: =C10-C8 -> -1504 | E10: =C10-152000 -> 164820 | F10: =D10/$D$2 -> -758.25561 | G10: 232 | H10: 0.15 | I10: =G10+H10 -> 232.15 | J10: =IF(L10>0,L10,0) -> 0 | K10: =I10+J10 -> 232.15 | L10: =F10-(I10-X10) -> -34.125609 | M10: 334 | N10: 0.5 | O10: =70.71*1.05 -> 74.2455 | P10: =M10-(N10+O10) -> 259.2545 | Q10: 168 | R10: 86 | S10: =SUM(P10:R10) -> 513.2545 | T10: =(I10-S10)+T6 -> 10286.896 | U10: 304.28 | V10: 64 | W10: =W8-V10 -> 12211 | X10: =N10+O10+S10+U10+V10 -> 956.28 | Y10: =IF(L10<0,L10*-1,0) -> 34.125609 | Z10: =X10+Y10 -> 990.40561 | AA10: 0 | AB10: 87 | AC10: 61 | AD10: 1
A11: =A10+1 -> 2 | B11: 6908.31 | C11: 315280 | D11: =C11-C10 -> -1540 | E11: =C11-152000 -> 163280 | F11: =D11/$D$2 -> -776.40534 | G11: 239 | H11: 0.18 | I11: =G11+H11 -> 239.18 | J11: =IF(L11>0,L11,0) -> 0 | K11: =I11+J11 -> 239.18 | L11: =F11-(I11-X11) -> -64.795344 | M11: 325 | N11: 0.5 | O11: =80.77*1.05 -> 84.8085 | P11: =M11-(N11+O11) -> 239.6915 | Q11: 172 | R11: 89 | S11: =SUM(P11:R11) -> 500.6915 | T11: =(I11-S11)+T10 -> 10025.384 | U11: 296.79 | V11: 68 | W11: =W10-V11 -> 12143 | X11: =N11+O11+S11+U11+V11 -> 950.79 | Y11: =IF(L11<0,L11*-1,0) -> 64.795344 | Z11: =X11+Y11 -> 1015.5853 | AA11: 0 | AB11: 93 | AC11: 54 | AD11: =AD10+1 -> 2
A12: =A11+1 -> 3 | B12: 6907.9 | C12: 313664 | D12: =C12-C11 -> -1616 | E12: =C12-152000 -> 161664 | F12: =D12/$D$2 -> -814.72145 | G12: 225 | H12: 0.13 | I12: =G12+H12 -> 225.13 | J12: =IF(L12>0,L12,0) -> 0 | K12: =I12+J12 -> 225.13 | L12: =F12-(I12-X12) -> -46.511452 | M12: 346 | N12: 0.5 | O12: =81.38*1.05 -> 85.449 | P12: =M12-(N12+O12) -> 260.051 | Q12: 171 | R12: 91 | S12: =SUM(P12:R12) -> 522.051 | T12: =(I12-S12)+T11 -> 9728.463 | U12: 316.34 | V12: 69 | W12: =W11-V12 -> 12074 | X12: =N12+O12+S12+U12+V12 -> 993.34 | Y12: =IF(L12<0,L12*-1,0) -> 46.511452 | Z12: =X12+Y12 -> 1039.8515 | AA12: 0 | AB12: 89 | AC12: 57 | AD12: =AD11+1 -> 3
A13: =A12+1 -> 4 | B13: 6907.52 | C13: 312175 | D13: =C13-C12 -> -1489 | E13: =C13-152000 -> 160175 | F13: =D13/$D$2 -> -750.69322 | G13: 231 | H13: 0.11 | I13: =G13+H13 -> 231.11 | J13: =IF(L13>0,L13,0) -> 0 | K13: =I13+J13 -> 231.11 | L13: =F13-(I13-X13) -> -8.1132191 | M13: 344 | N13: 0.5 | O13: =96.02*1.05 -> 100.821 | P13: =M13-(N13+O13) -> 242.679 | Q13: 172 | R13: 93 | S13: =SUM(P13:R13) -> 507.679 | T13: =(I13-S13)+T12 -> 9451.894 | U13: 295.69 | V13: 69 | W13: =W12-V13 -> 12005 | X13: =N13+O13+S13+U13+V13 -> 973.69 | Y13: =IF(L13<0,L13*-1,0) -> 8.1132191 | Z13: =X13+Y13 -> 981.80322 | AA13: 0 | AB13: 90 | AC13: 60 | AD13: =AD12+1 -> 4
A14: =A13+1 -> 5 | B14: 6907.12 | C14: 310608 | D14: =C14-C13 -> -1567 | E14: =C14-152000 -> 158608 | F14: =D14/$D$2 -> -790.01765 | G14: 235 | H14: 0.07 | I14: =G14+H14 -> 235.07 | J14: =IF(L14>0,L14,0) -> 0 | K14: =I14+J14 -> 235.07 | L14: =F14-(I14-X14) -> -56.837646 | M14: 338 | N14: 0.5 | O14: =91.17*1.05 -> 95.7285 | P14: =M14-(N14+O14) -> 241.7715 | Q14: 171 | R14: 93 | S14: =SUM(P14:R14) -> 505.7715 | T14: =(I14-S14)+T13 -> 9181.1925 | U14: 297.25 | V14: 69 | W14: =W13-V14 -> 11936 | X14: =N14+O14+S14+U14+V14 -> 968.25 | Y14: =IF(L14<0,L14*-1,0) -> 56.837646 | Z14: =X14+Y14 -> 1025.0876 | AA14: 0 | AB14: 92 | AC14: 61 | AD14: =AD13+1 -> 5
A15: =A14+1 -> 6 | B15: 6906.7 | C15: 308972 | D15: =C15-C14 -> -1636 | E15: =C15-152000 -> 156972 | F15: =D15/$D$2 -> -824.80464 | G15: 211 | H15: 0.02 | I15: =G15+H15 -> 211.02 | J15: =IF(L15>0,L15,0) -> 0 | K15: =I15+J15 -> 211.02 | L15: =F15-(I15-X15) -> -36.944638 | M15: 337 | N15: 0.5 | O15: =87.85*1.05 -> 92.2425 | P15: =M15-(N15+O15) -> 244.2575 | Q15: 171 | R15: 92 | S15: =SUM(P15:R15) -> 507.2575 | T15: =(I15-S15)+T14 -> 8884.955 | U15: 329.88 | V15: 69 | W15: =W14-V15 -> 11867 | X15: =N15+O15+S15+U15+V15 -> 998.88 | Y15: =IF(L15<0,L15*-1,0) -> 36.944638 | Z15: =X15+Y15 -> 1035.8246 | AA15: 0 | AB15: 91 | AC15: 57 | AD15: =AD14+1 -> 6
A16: =A15+1 -> 7 | B16: 6906.28 | C16: 307339 | D16: =C16-C15 -> -1633 | E16: =C16-152000 -> 155339 | F16: =D16/$D$2 -> -823.29216 | G16: 192 | H16: 0 | I16: =G16+H16 -> 192 | J16: =IF(L16>0,L16,0) -> 0 | K16: =I16+J16 -> 192 | L16: =F16-(I16-X16) -> -12.81216 | M16: 346 | N16: 0.5 | O16: =88.4*1.05 -> 92.82 | P16: =M16-(N16+O16) -> 252.68 | Q16: 171 | R16: 91 | S16: =SUM(P16:R16) -> 514.68 | T16: =(I16-S16)+T15 -> 8562.275 | U16: 325.48 | V16: 69 | W16: =W15-V16 -> 11798 | X16: =N16+O16+S16+U16+V16 -> 1002.48 | Y16: =IF(L16<0,L16*-1,0) -> 12.81216 | Z16: =X16+Y16 -> 1015.2922 | AA16: 0 | AB16: 84 | AC16: 59 | AD16: =AD15+1 -> 7
A17: =A16+1 -> 8 | B17: 6905.9 | C17: 305866 | D17: =C17-C16 -> -1473 | E17: =C17-152000 -> 153866 | F17: =D17/$D$2 -> -742.62667 | G17: 181 | H17: 0 | I17: =G17+H17 -> 181 | J17: =IF(L17>0,L17,0) -> 22.07333 | K17: =I17+J17 -> 203.07333 | L17: =F17-(I17-X17) -> 22.07333 | M17: 341 | N17: 0.5 | O17: =86.72*1.05 -> 91.056 | P17: =M17-(N17+O17) -> 249.444 | Q17: 172 | R17: 91 | S17: =SUM(P17:R17) -> 512.444 | T17: =(I17-S17)+T16 -> 8230.831 | U17: 272.7 | V17: 69 | W17: =W16-V17 -> 11729 | X17: =N17+O17+S17+U17+V17 -> 945.7 | Y17: =IF(L17<0,L17*-1,0) -> 0 | Z17: =X17+Y17 -> 945.7 | AA17: 0.1 | AB17: 90 | AC17: 56 | AD17: =AD16+1 -> 8
A18: =A17+1 -> 9 | B18: 6905.5 | C18: 304323 | D18: =C18-C17 -> -1543 | E18: =C18-152000 -> 152323 | F18: =D18/$D$2 -> -777.91782 | G18: 175 | H18: 0 | I18: =G18+H18 -> 175 | J18: =IF(L18>0,L18,0) -> 0 | K18: =I18+J18 -> 175 | L18: =F18-(I18-X18) -> -31.037822 | M18: 335 | N18: 0.5 | O18: =81.74*1.05 -> 85.827 | P18: =M18-(N18+O18) -> 248.673 | Q18: 172 | R18: 91 | S18: =SUM(P18:R18) -> 511.673 | T18: =(I18-S18)+T17 -> 7894.158 | U18: 253.88 | V18: 70 | W18: =W17-V18 -> 11659 | X18: =N18+O18+S18+U18+V18 -> 921.88 | Y18: =IF(L18<0,L18*-1,0) -> 31.037822 | Z18: =X18+Y18 -> 952.91782 | AA18: 0 | AB18: 87 | AC18: 55 | AD18: =AD17+1 -> 9
A19: =A18+1 -> 10 | B19: 6905.14 | C19: 302858 | D19: =C19-C18 -> -1465 | E19: =C19-152000 -> 150858 | F19: =D19/$D$2 -> -738.5934 | G19: 174 | H19: 0 | I19: =G19+H19 -> 174 | J19: =IF(L19>0,L19,0) -> 36.176604 | K19: =I19+J19 -> 210.1766 | L19: =F19-(I19-X19) -> 36.176604 | M19: 332 | N19: 0.5 | O19: =84.33*1.05 -> 88.5465 | P19: =M19-(N19+O19) -> 242.9535 | Q19: 170 | R19: 95 | S19: =SUM(P19:R19) -> 507.9535 | T19: =(I19-S19)+T18 -> 7560.2045 | U19: 281.77 | V19: 70 | W19: =W18-V19 -> 11589 | X19: =N19+O19+S19+U19+V19 -> 948.77 | Y19: =IF(L19<0,L19*-1,0) -> 0 | Z19: =X19+Y19 -> 948.77 | AA19: 0.28 | AB19: 85 | AC19: 56 | AD19: =AD18+1 -> 10
A20: =A19+1 -> 11 | B20: 6904.77 | C20: 301516 | D20: =C20-C19 -> -1342 | E20: =C20-152000 -> 149516 | F20: =D20/$D$2 -> -676.5818 | G20: 196 | H20: 0 | I20: =G20+H20 -> 196 | J20: =IF(L20>0,L20,0) -> 34.5982 | K20: =I20+J20 -> 230.5982 | L20: =F20-(I20-X20) -> 34.5982 | M20: 308 | N20: 0.5 | O20: =74.51*1.05 -> 78.2355 | P20: =M20-(N20+O20) -> 229.2645 | Q20: 170 | R20: 94 | S20: =SUM(P20:R20) -> 493.2645 | T20: =(I20-S20)+T19 -> 7262.94 | U20: 265.18 | V20: 70 | W20: =W19-V20 -> 11519 | X20: =N20+O20+S20+U20+V20 -> 907.18 | Y20: =IF(L20<0,L20*-1,0) -> 0 | Z20: =X20+Y20 -> 907.18 | AA20: 0 | AB20: 83 | AC20: 56 | AD20: =AD19+1 -> 11
A21: =A20+1 -> 12 | B21: 6904.35 | C21: 299910 | D21: =C21-C20 -> -1606 | E21: =C21-152000 -> 147910 | F21: =D21/$D$2 -> -809.67986 | G21: 173 | H21: 0 | I21: =G21+H21 -> 173 | J21: =IF(L21>0,L21,0) -> 0 | K21: =I21+J21 -> 173 | L21: =F21-(I21-X21) -> -68.469859 | M21: 311 | N21: 0.5 | O21: =71.38*1.05 -> 74.949 | P21: =M21-(N21+O21) -> 235.551 | Q21: 171 | R21: 90 | S21: =SUM(P21:R21) -> 496.551 | T21: =(I21-S21)+T20 -> 6939.389 | U21: 271.21 | V21: 71 | W21: =W20-V21 -> 11448 | X21: =N21+O21+S21+U21+V21 -> 914.21 | Y21: =IF(L21<0,L21*-1,0) -> 68.469859 | Z21: =X21+Y21 -> 982.67986 | AA21: 0 | AB21: 86 | AC21: 58 | AD21: =AD20+1 -> 12
A22: =A21+1 -> 13 | B22: 6903.97 | C22: 298457 | D22: =C22-C21 -> -1453 | E22: =C22-152000 -> 146457 | F22: =D22/$D$2 -> -732.54348 | G22: 194 | H22: 0 | I22: =G22+H22 -> 194 | J22: =IF(L22>0,L22,0) -> 0 | K22: =I22+J22 -> 194 | L22: =F22-(I22-X22) -> -36.283484 | M22: 304 | N22: 0.5 | O22: =66.4*1.05 -> 69.72 | P22: =M22-(N22+O22) -> 233.78 | Q22: 171 | R22: 88 | S22: =SUM(P22:R22) -> 492.78 | T22: =(I22-S22)+T21 -> 6640.609 | U22: 256.26 | V22: 71 | W22: =W21-V22 -> 11377 | X22: =N22+O22+S22+U22+V22 -> 890.26 | Y22: =IF(L22<0,L22*-1,0) -> 36.283484 | Z22: =X22+Y22 -> 926.54348 | AA22: 0 | AB22: 83 | AC22: 59 | AD22: =AD21+1 -> 13
A23: =A22+1 -> 14 | B23: 6903.62 | C23: 297129 | D23: =C23-C22 -> -1328 | E23: =C23-152000 -> 145129 | F23: =D23/$D$2 -> -669.52357 | G23: 186 | H23: 0 | I23: =G23+H23 -> 186 | J23: =IF(L23>0,L23,0) -> 5.0764306 | K23: =I23+J23 -> 191.07643 | L23: =F23-(I23-X23) -> 5.0764306 | M23: 283 | N23: 0.5 | O23: =55.18*1.05 -> 57.939 | P23: =M23-(N23+O23) -> 224.561 | Q23: 171 | R23: 87 | S23: =SUM(P23:R23) -> 482.561 | T23: =(I23-S23)+T22 -> 6344.048 | U23: 248.6 | V23: 71 | W23: =W22-V23 -> 11306 | X23: =N23+O23+S23+U23+V23 -> 860.6 | Y23: =IF(L23<0,L23*-1,0) -> 0 | Z23: =X23+Y23 -> 860.6 | AA23: 0 | AB23: 80 | AC23: 58 | AD23: =AD22+1 -> 14
A24: =A23+1 -> 15 | B24: 6903.31 | C24: 295953 | D24: =C24-C23 -> -1176 | E24: =C24-152000 -> 143953 | F24: =D24/$D$2 -> -592.89135 | G24: 195 | H24: 0 | I24: =G24+H24 -> 195 | J24: =IF(L24>0,L24,0) -> 10.408646 | K24: =I24+J24 -> 205.40865 | L24: =F24-(I24-X24) -> 10.408646 | M24: 291 | N24: 0.5 | O24: =49.13*1.05 -> 51.5865 | P24: =M24-(N24+O24) -> 238.9135 | Q24: 172 | R24: 88 | S24: =SUM(P24:R24) -> 498.9135 | T24: =(I24-S24)+T23 -> 6040.1345 | U24: 176.3 | V24: 71 | W24: =W23-V24 -> 11235 | X24: =N24+O24+S24+U24+V24 -> 798.3 | Y24: =IF(L24<0,L24*-1,0) -> 0 | Z24: =X24+Y24 -> 798.3 | AA24: 0.06 | AB24: 82 | AC24: 54 | AD24: =AD23+1 -> 15
A25: =A24+1 -> 16 | B25: 6902.99 | C25: 294740 | D25: =C25-C24 -> -1213 | E25: =C25-152000 -> 142740 | F25: =D25/$D$2 -> -611.54525 | G25: 175 | H25: 0 | I25: =G25+H25 -> 175 | J25: =IF(L25>0,L25,0) -> 0 | K25: =I25+J25 -> 175 | L25: =F25-(I25-X25) -> -11.975248 | M25: 279 | N25: 0.5 | O25: =47.44*1.05 -> 49.812 | P25: =M25-(N25+O25) -> 228.688 | Q25: 172 | R25: 88 | S25: =SUM(P25:R25) -> 488.688 | T25: =(I25-S25)+T24 -> 5726.4465 | U25: 164.57 | V25: 71 | W25: =W24-V25 -> 11164 | X25: =N25+O25+S25+U25+V25 -> 774.57 | Y25: =IF(L25<0,L25*-1,0) -> 11.975248 | Z25: =X25+Y25 -> 786.54525 | AA25: 0 | AB25: 82 | AC25: 50 | AD25: =AD24+1 -> 16
A26: =A25+1 -> 17 | B26: 6902.62 | C26: 293347 | D26: =C26-C25 -> -1393 | E26: =C26-152000 -> 141347 | F26: =D26/$D$2 -> -702.29392 | G26: 151 | H26: 0 | I26: =G26+H26 -> 151 | J26: =IF(L26>0,L26,0) -> 0 | K26: =I26+J26 -> 151 | L26: =F26-(I26-X26) -> -57.813925 | M26: 298 | N26: 0.5 | O26: =57.91*1.05 -> 60.8055 | P26: =M26-(N26+O26) -> 236.6945 | Q26: 171 | R26: 89 | S26: =SUM(P26:R26) -> 496.6945 | T26: =(I26-S26)+T25 -> 5380.752 | U26: 165.48 | V26: 72 | W26: =W25-V26 -> 11092 | X26: =N26+O26+S26+U26+V26 -> 795.48 | Y26: =IF(L26<0,L26*-1,0) -> 57.813925 | Z26: =X26+Y26 -> 853.29392 | AA26: 0 | AB26: 80 | AC26: 54 | AD26: =AD25+1 -> 17
A27: =A26+1 -> 18 | B27: 6902.24 | C27: 291918 | D27: =C27-C26 -> -1429 | E27: =C27-152000 -> 139918 | F27: =D27/$D$2 -> -720.44366 | G27: 135 | H27: 0 | I27: =G27+H27 -> 135 | J27: =IF(L27>0,L27,0) -> 0 | K27: =I27+J27 -> 135 | L27: =F27-(I27-X27) -> -49.99366 | M27: 305 | N27: 0.5 | O27: =65.98*1.05 -> 69.279 | P27: =M27-(N27+O27) -> 235.221 | Q27: 171 | R27: 91 | S27: =SUM(P27:R27) -> 497.221 | T27: =(I27-S27)+T26 -> 5018.531 | U27: 166.45 | V27: 72 | W27: =W26-V27 -> 11020 | X27: =N27+O27+S27+U27+V27 -> 805.45 | Y27: =IF(L27<0,L27*-1,0) -> 49.99366 | Z27: =X27+Y27 -> 855.44366 | AA27: 0 | AB27: 83 | AC27: 54 | AD27: =AD26+1 -> 18
A28: =A27+1 -> 19 | B28: 6901.89 | C28: 290604 | D28: =C28-C27 -> -1314 | E28: =C28-152000 -> 138604 | F28: =D28/$D$2 -> -662.46534 | G28: 124 | H28: 0 | I28: =G28+H28 -> 124 | J28: =IF(L28>0,L28,0) -> 0 | K28: =I28+J28 -> 124 | L28: =F28-(I28-X28) -> -11.305339 | M28: 292 | N28: 0.5 | O28: =60.93*1.05 -> 63.9765 | P28: =M28-(N28+O28) -> 227.5235 | Q28: 171 | R28: 89 | S28: =SUM(P28:R28) -> 487.5235 | T28: =(I28-S28)+T27 -> 4655.0075 | U28: 152.16 | V28: 71 | W28: =W27-V28 -> 10949 | X28: =N28+O28+S28+U28+V28 -> 775.16 | Y28: =IF(L28<0,L28*-1,0) -> 11.305339 | Z28: =X28+Y28 -> 786.46534 | AA28: 0 | AB28: 84 | AC28: 55 | AD28: =AD27+1 -> 19
A29: =A28+1 -> 20 | B29: 6901.54 | C29: 289297 | D29: =C29-C28 -> -1307 | E29: =C29-152000 -> 137297 | F29: =D29/$D$2 -> -658.93622 | G29: 121 | H29: 0 | I29: =G29+H29 -> 121 | J29: =IF(L29>0,L29,0) -> 0 | K29: =I29+J29 -> 121 | L29: =F29-(I29-X29) -> -19.376224 | M29: 291 | N29: 0.5 | O29: =60.28*1.05 -> 63.294 | P29: =M29-(N29+O29) -> 227.206 | Q29: 171 | R29: 89 | S29: =SUM(P29:R29) -> 487.206 | T29: =(I29-S29)+T28 -> 4288.8015 | U29: 138.56 | V29: 71 | W29: =W28-V29 -> 10878 | X29: =N29+O29+S29+U29+V29 -> 760.56 | Y29: =IF(L29<0,L29*-1,0) -> 19.376224 | Z29: =X29+Y29 -> 779.93622 | AA29: 0 | AB29: 85 | AC29: 56 | AD29: =AD28+1 -> 20
A30: =A29+1 -> 21 | B30: 6901.22 | C30: 288103 | D30: =C30-C29 -> -1194 | E30: =C30-152000 -> 136103 | F30: =D30/$D$2 -> -601.96622 | G30: 112 | H30: 0 | I30: =G30+H30 -> 112 | J30: =IF(L30>0,L30,0) -> 29.803779 | K30: =I30+J30 -> 141.80378 | L30: =F30-(I30-X30) -> 29.803779 | M30: 282 | N30: 0.5 | O30: =58.15*1.05 -> 61.0575 | P30: =M30-(N30+O30) -> 220.4425 | Q30: 171 | R30: 88 | S30: =SUM(P30:R30) -> 479.4425 | T30: =(I30-S30)+T29 -> 3921.359 | U30: 131.77 | V30: 71 | W30: =W29-V30 -> 10807 | X30: =N30+O30+S30+U30+V30 -> 743.77 | Y30: =IF(L30<0,L30*-1,0) -> 0 | Z30: =X30+Y30 -> 743.77 | AA30: 0 | AB30: 87 | AC30: 60 | AD30: =AD29+1 -> 21
A31: =A30+1 -> 22 | B31: 6900.86 | C31: 286764 | D31: =C31-C30 -> -1339 | E31: =C31-152000 -> 134764 | F31: =D31/$D$2 -> -675.06932 | G31: 104 | H31: 0 | I31: =G31+H31 -> 104 | J31: =IF(L31>0,L31,0) -> 0 | K31: =I31+J31 -> 104 | L31: =F31-(I31-X31) -> -24.779322 | M31: 285 | N31: 0.5 | O31: =55.49*1.05 -> 58.2645 | P31: =M31-(N31+O31) -> 226.2355 | Q31: 171 | R31: 88 | S31: =SUM(P31:R31) -> 485.2355 | T31: =(I31-S31)+T30 -> 3540.1235 | U31: 139.29 | V31: 71 | W31: =W30-V31 -> 10736 | X31: =N31+O31+S31+U31+V31 -> 754.29 | Y31: =IF(L31<0,L31*-1,0) -> 24.779322 | Z31: =X31+Y31 -> 779.06932 | AA31: 0 | AB31: 89 | AC31: 56 | AD31: =AD30+1 -> 22
A32: =A31+1 -> 23 | B32: 6900.53 | C32: 285542 | D32: =C32-C31 -> -1222 | E32: =C32-152000 -> 133542 | F32: =D32/$D$2 -> -616.08268 | G32: 98 | H32: 0 | I32: =G32+H32 -> 98 | J32: =IF(L32>0,L32,0) -> 29.307318 | K32: =I32+J32 -> 127.30732 | L32: =F32-(I32-X32) -> 29.307318 | M32: 279 | N32: 0.5 | O32: =56.3*1.05 -> 59.115 | P32: =M32-(N32+O32) -> 219.385 | Q32: 170 | R32: 88 | S32: =SUM(P32:R32) -> 477.385 | T32: =(I32-S32)+T31 -> 3160.7385 | U32: 135.39 | V32: 71 | W32: =W31-V32 -> 10665 | X32: =N32+O32+S32+U32+V32 -> 743.39 | Y32: =IF(L32<0,L32*-1,0) -> 0 | Z32: =X32+Y32 -> 743.39 | AA32: 0 | AB32: 85 | AC32: 58 | AD32: =AD31+1 -> 23
A33: =A32+1 -> 24 | B33: 6900.18 | C33: 284246 | D33: =C33-C32 -> -1296 | E33: =C33-152000 -> 132246 | F33: =D33/$D$2 -> -653.39047 | G33: 96 | H33: 0 | I33: =G33+H33 -> 96 | J33: =IF(L33>0,L33,0) -> 0 | K33: =I33+J33 -> 96 | L33: =F33-(I33-X33) -> -26.690471 | M33: 283 | N33: 0 | O33: =64.75*1.05 -> 67.9875 | P33: =M33-(N33+O33) -> 215.0125 | Q33: 170 | R33: 89 | S33: =SUM(P33:R33) -> 474.0125 | T33: =(I33-S33)+T32 -> 2782.726 | U33: 109.7 | V33: 71 | W33: =W32-V33 -> 10594 | X33: =N33+O33+S33+U33+V33 -> 722.7 | Y33: =IF(L33<0,L33*-1,0) -> 26.690471 | Z33: =X33+Y33 -> 749.39047 | AA33: 0 | AB33: 80 | AC33: 60 | AD33: =AD32+1 -> 24
A34: =A33+1 -> 25 | B34: 6899.81 | C34: 282882 | D34: =C34-C33 -> -1364 | E34: =C34-152000 -> 130882 | F34: =D34/$D$2 -> -687.6733 | G34: 97 | H34: 0.01 | I34: =G34+H34 -> 97.01 | J34: =IF(L34>0,L34,0) -> 0 | K34: =I34+J34 -> 97.01 | L34: =F34-(I34-X34) -> -7.9433048 | M34: 311 | N34: 0 | O34: =70.14*1.05 -> 73.647 | P34: =M34-(N34+O34) -> 237.353 | Q34: 169 | R34: 89 | S34: =SUM(P34:R34) -> 495.353 | T34: =(I34-S34)+T33 -> 2384.383 | U34: 137.74 | V34: 70 | W34: =W33-V34 -> 10524 | X34: =N34+O34+S34+U34+V34 -> 776.74 | Y34: =IF(L34<0,L34*-1,0) -> 7.9433048 | Z34: =X34+Y34 -> 784.6833 | AA34: 0 | AB34: 85 | AC34: 52 | AD34: =AD33+1 -> 25
A35: =A34+1 -> 26 | B35: 6899.43 | C35: 281486 | D35: =C35-C34 -> -1396 | E35: =C35-152000 -> 129486 | F35: =D35/$D$2 -> -703.8064 | G35: 92 | H35: 0.04 | I35: =G35+H35 -> 92.04 | J35: =IF(L35>0,L35,0) -> 0 | K35: =I35+J35 -> 92.04 | L35: =F35-(I35-X35) -> -8.9864028 | M35: 296 | N35: 0 | O35: =71.41*1.05 -> 74.9805 | P35: =M35-(N35+O35) -> 221.0195 | Q35: 167 | R35: 87 | S35: =SUM(P35:R35) -> 475.0195 | T35: =(I35-S35)+T34 -> 2001.4035 | U35: 165.86 | V35: 71 | W35: =W34-V35 -> 10453 | X35: =N35+O35+S35+U35+V35 -> 786.86 | Y35: =IF(L35<0,L35*-1,0) -> 8.9864028 | Z35: =X35+Y35 -> 795.8464 | AA35: 0 | AB35: 79 | AC35: 57 | AD35: =AD34+1 -> 26
A36: =A35+1 -> 27 | B36: 6898.99 | C36: 279870 | D36: =C36-C35 -> -1616 | E36: =C36-152000 -> 127870 | F36: =D36/$D$2 -> -814.72145 | G36: 118 | H36: 0.02 | I36: =G36+H36 -> 118.02 | J36: =IF(L36>0,L36,0) -> 0 | K36: =I36+J36 -> 118.02 | L36: =F36-(I36-X36) -> -144.11145 | M36: 293 | N36: 0 | O36: =70.22*1.05 -> 73.731 | P36: =M36-(N36+O36) -> 219.269 | Q36: 167 | R36: 88 | S36: =SUM(P36:R36) -> 474.269 | T36: =(I36-S36)+T35 -> 1645.1545 | U36: 169.63 | V36: 71 | W36: =W35-V36 -> 10382 | X36: =N36+O36+S36+U36+V36 -> 788.63 | Y36: =IF(L36<0,L36*-1,0) -> 144.11145 | Z36: =X36+Y36 -> 932.74145 | AA36: 0 | AB36: 86 | AC36: 53 | AD36: =AD35+1 -> 27
A37: =A36+1 -> 28 | B37: 6898.63 | C37: 278557 | D37: =C37-C36 -> -1313 | E37: =C37-152000 -> 126557 | F37: =D37/$D$2 -> -661.96118 | G37: 123 | H37: 0 | I37: =G37+H37 -> 123 | J37: =IF(L37>0,L37,0) -> 17.98882 | K37: =I37+J37 -> 140.98882 | L37: =F37-(I37-X37) -> 17.98882 | M37: 300 | N37: 0 | O37: =70.49*1.05 -> 74.0145 | P37: =M37-(N37+O37) -> 225.9855 | Q37: 166 | R37: 87 | S37: =SUM(P37:R37) -> 478.9855 | T37: =(I37-S37)+T36 -> 1289.169 | U37: 178.95 | V37: 71 | W37: =W36-V37 -> 10311 | X37: =N37+O37+S37+U37+V37 -> 802.95 | Y37: =IF(L37<0,L37*-1,0) -> 0 | Z37: =X37+Y37 -> 802.95 | AA37: 0 | AB37: 90 | AC37: 52 | AD37: =AD36+1 -> 28
A38: =A37+1 -> 29 | B38: 6898.23 | C38: 277099 | D38: =C38-C37 -> -1458 | E38: =C38-152000 -> 125099 | F38: =D38/$D$2 -> -735.06428 | G38: 110 | H38: 0 | I38: =G38+H38 -> 110 | J38: =IF(L38>0,L38,0) -> 0 | K38: =I38+J38 -> 110 | L38: =F38-(I38-X38) -> -37.36428 | M38: 306 | N38: 0 | O38: =74.04*1.05 -> 77.742 | P38: =M38-(N38+O38) -> 228.258 | Q38: 168 | R38: 88 | S38: =SUM(P38:R38) -> 484.258 | T38: =(I38-S38)+T37 -> 914.911 | U38: 174.7 | V38: 71 | W38: =W37-V38 -> 10240 | X38: =N38+O38+S38+U38+V38 -> 807.7 | Y38: =IF(L38<0,L38*-1,0) -> 37.36428 | Z38: =X38+Y38 -> 845.06428 | AA38: 0 | AB38: 92 | AC38: 56 | AD38: =AD37+1 -> 29
A39: 30 | B39: 6897.85 | C39: 275718 | D39: =C39-C38 -> -1381 | E39: =C39-152000 -> 123718 | F39: =D39/$D$2 -> -696.24401 | G39: 104 | H39: 0 | I39: =G39+H39 -> 104 | J39: =IF(L39>0,L39,0) -> 19.785987 | K39: =I39+J39 -> 123.78599 | L39: =F39-(I39-X39) -> 19.785987 | M39: 309 | N39: 0 | O39: =81.62*1.05 -> 85.701 | P39: =M39-(N39+O39) -> 223.299 | Q39: 169 | R39: 87 | S39: =SUM(P39:R39) -> 479.299 | T39: =(I39-S39)+T38 -> 539.612 | U39: 184.03 | V39: 71 | W39: =W38-V39 -> 10169 | X39: =N39+O39+S39+U39+V39 -> 820.03 | Y39: =IF(L39<0,L39*-1,0) -> 0 | Z39: =X39+Y39 -> 820.03 | AA39: 0 | AB39: 83 | AC39: 59 | AD39: 30
A40: 31 | B40: 6897.44 | C40: 274235 | D40: =C40-C39 -> -1483 | E40: =C40-152000 -> 122235 | F40: =D40/$D$2 -> -747.66826 | G40: 135 | H40: 0 | I40: =G40+H40 -> 135 | J40: =IF(L40>0,L40,0) -> 0 | K40: =I40+J40 -> 135 | L40: =F40-(I40-X40) -> -10.498263 | M40: 324 | N40: 0 | O40: =89.04*1.05 -> 93.492 | P40: =M40-(N40+O40) -> 230.508 | Q40: 167 | R40: 86 | S40: =SUM(P40:R40) -> 483.508 | T40: =(I40-S40)+T39 -> 191.104 | U40: 224.17 | V40: 71 | W40: =W39-V40 -> 10098 | X40: =N40+O40+S40+U40+V40 -> 872.17 | Y40: =IF(L40<0,L40*-1,0) -> 10.498263 | Z40: =X40+Y40 -> 882.66826 | AA40: 0 | AB40: 79 | AC40: 57 | AD40: 31
O41: 0 | AA41: 0
A42: MONTH / CFS | F42: =SUM(F10:F40) -> -22227.88 | G42: =SUM(G10:G40) -> 4934 | H42: =SUM(H10:H40) -> 0.73 | I42: =SUM(I10:I40) -> 4934.73 | J42: =SUM(J10:J40) -> 205.21912 | K42: =SUM(K10:K40) -> 5139.9491 | L42: =SUM(L10:L40) -> -601.55001 | M42: =SUM(M10:M40) -> 9608 | ... S42: =SUM(S10:S40) -> 15311.626 | U42: =SUM(U10:U40) -> 6730.06 | V42: =SUM(V10:V40) -> 2177 | X42: =SUM(X10:X40) -> 26561.06 | Y42: =SUM(Y10:Y40) -> 806.76913 | Z42: =SUM(Z10:Z40) -> 27367.829 | AA42: =SUM(AA10:AA40) -> 0.44 | AB42: =AVERAGE(AB10:AB40) -> 85.516129 | AC42: =AVERAGE(AC10:AC40) -> 56.451613 | AD42: AVG
A43: MONTH / AF | D43: =SUM(D10:D40) -> -44089 | F43: =F42*$D$2 -> -44089 | G43: =G42*$D$2 -> 9786.589 | H43: =H42*$D$2 -> 1.447955 | I43: =I42*$D$2 -> 9788.037 | J43: =J42*$D$2 -> 407.05212 | K43: =K42*$D$2 -> 10195.089 | L43: =L42*$D$2 -> -1193.1744 | M43: =M42*$D$2 -> 19057.468 | ... S43: =S42*$D$2 -> 30370.61 | U43: =U42*$D$2 -> 13349.074 | V43: =V42*$D$2 -> 4318.0795 | X43: =X42*$D$2 -> 52683.863 | Y43: =Y42*$D$2 -> 1600.2266 | Z43: =Z42*$D$2 -> 54284.089 | AB43: =MAX(AB10:AB40) -> 93 | AC43: =MAX(AC10:AC40) -> 61 | AD43: HI
A45: SEASON / CFS | F45: =F7+F42 -> 23737.333 | G45: =G7+G42 -> 97272 | H45: =H7+H42 -> 3390.06 | I45: =I7+I42 -> 100662.06 | J45: =J7+J42 -> 6901.8552 | K45: =K7+K42 -> 107563.92 | L45: =L7+L42 -> 3626.303 | M45: =M7+M42 -> 31115 | ... S45: =S7+S42 -> 45535.548 | T45: =T40 -> 191.104 | U45: =U7+U42 -> 19528.03 | V45: =V7+V42 -> 6716 | X45: =X7+X42 -> 80551.03 | Y45: =Y7+Y42 -> 3275.5522 | Z45: =Z7+Z42 -> 83826.582 | AB45: =MIN(AB10:AB40) -> 79 | AC45: =MIN(AC10:AC40) -> 50 | AD45: LO
A46: SEASON / AF | F46: =F45*$D$2 -> 47083 | G46: =G45*$D$2 -> 192939.01 | H46: =H45*$D$2 -> 6724.184 | I46: =I45*$D$2 -> 199663.2 | J46: =J45*$D$2 -> 13689.83 | K46: =K45*$D$2 -> 213353.03 | L46: =L45*$D$2 -> 7192.772 | M46: =M45*$D$2 -> 61716.603 | ... V46: =V45*$D$2 -> 13321.186 | X46: =X45*$D$2 -> 159772.97 | Y46: =Y45*$D$2 -> 6497.0577 | Z46: =Z45*$D$2 -> 166270.03
A48: YTD / CFS | F48: =F8+F42 -> 28621.124 | G48: =G8+G42 -> 106229 | H48: =H8+H42 -> 3768.96 | I48: =I8+I42 -> 109997.96 | J48: =J8+J42 -> 9869.7834 | K48: =K8+K42 -> 119867.74 | L48: =L8+L42 -> 6341.7943 | M48: =M8+M42 -> 32053.6 | ... S48: =S8+S42 -> 46367.584 | T48: =T45 -> 191.104 | U48: =U8+U42 -> 19528.03 | V48: =V8+V42 -> 12945 | W48: =W40 -> 10098 | X48: =X8+X42 -> 87718.63 | Y48: =Y8+Y42 -> 3527.9892 | Z48: =Z8+Z42 -> 91246.619 | AA48: =AA8+AA42 -> 7.18
A49: YTD / AF | D49: =D8+D43 -> 56770 | E49: =E40 -> 122235 | F49: =F48*$D$2 -> 56770 | G49: =G48*$D$2 -> 210705.22 | H49: =H48*$D$2 -> 7475.7322 | I49: =I48*$D$2 -> 218180.95 | J49: =J48*$D$2 -> 19576.715 | K49: =K48*$D$2 -> 237757.67 | L49: =L48*$D$2 -> 12578.949 | M49: =M48*$D$2 -> 63578.316 | ... V49: =V48*$D$2 -> 25676.408 | W49: =W40*$D$2 -> 20029.383 | X49: =X48*$D$2 -> 173989.9 | Y49: =Y48*$D$2 -> 6997.7665 | Z49: =Z48*$D$2 -> 180987.67

Sheet AUG
K1: MC PHEE RESERVOIR IN/OUT FLOW TABULATION
A2: AF/cfs CONVERT FACTOR | D2: 1.9835 | K2: AUGUST "2001"
A4: DATE | B4: RESERV | C4: RESERV | D4: AC FT | E4: ACTIVE | F4: CONV TO | G4: DOLORES | H4: LOST | I4: RECORDED | J4: CALC | K4: TOTAL | L4: CALC | M4: DOLORES TUNNEL | Q4: LONE | R4: U | S4: TOTAL | T4: MVI | U4: DV CR | V4: BELOW | W4: REMAIN | X4: RECORDED | Y4: CALC | Z4: TOTAL | AA4: RAIN | AB4: MAX | AC4: MIN | AD4: DATE
A5: "AUG" | B5: ELEV | C5: AC FT | D5: CHANGE | E5: CAP | F5: CFS | G5: RIVER | H5: CANYON | I5: INFLOW | J5: INFLOW | K5: INFLOW | L5: INF/OTF | M5: TOT DIV | N5: WETLAND | O5: UTE F&R | P5: MVI,CTZ | Q5: PINE | R5: LAT | S5: MVI | T5: CALL | U5: CANAL | V5: MC PHEE | W5: RELEASE | X5: OUTFLOW | Y5: OUTFLOW | Z5: OUTFLOW | AB5: TMP | AC5: TMP | AD5: "AUG"
A7: SEASON BAL | F7: =JUL!F45 -> 23737.333 | G7: =JUL!G45 -> 97272 | H7: =JUL!H45 -> 3390.06 | I7: =JUL!I45 -> 100662.06 | J7: =JUL!J45 -> 6901.8552 | K7: =JUL!K45 -> 107563.92 | L7: =JUL!L45 -> 3626.303 | M7: =JUL!M45 -> 31115 | ... V7: =JUL!V45 -> 6716 | X7: =JUL!X45 -> 80551.03 | Y7: =JUL!Y45 -> 3275.5522 | Z7: =JUL!Z45 -> 83826.582
A8: YTD | B8: =JUL!B40 -> 6897.44 | C8: =JUL!C40 -> 274235 | D8: =JUL!D49 -> 56770 | E8: =JUL!E49 -> 122235 | F8: =JUL!F48 -> 28621.124 | G8: =JUL!G48 -> 106229 | H8: =JUL!H48 -> 3768.96 | I8: =JUL!I48 -> 109997.96 | J8: =JUL!J48 -> 9869.7834 | K8: =JUL!K48 -> 119867.74 | L8: =JUL!L48 -> 6341.7943 | M8: =JUL!M48 -> 32053.6 | ... AA8: =JUL!AA48 -> 7.18
A10: 1 | B10: 6897.11 | C10: 273041 | D10: =C10-C8 -> -1194 | E10: =C10-152000 -> 121041 | F10: =D10/$D$2 -> -601.96622 | G10: 201 | H10: 0.13 | I10: =G10+H10 -> 201.13 | J10: =IF(L10>0,L10,0) -> 55.693779 | K10: =I10+J10 -> 256.82378 | L10: =F10-(I10-X10) -> 55.693779 | M10: 315 | N10: 0.5 | O10: =100.27*1.05 -> 105.2835 | P10: =M10-(N10+O10) -> 209.2165 | Q10: 167 | R10: 86 | S10: =SUM(P10:R10) -> 462.2165 | T10: =(I10-S10)+T7 -> -69.9825 | U10: 218.79 | V10: 72 | W10: =W8-V10 -> 10026 | X10: =N10+O10+S10+U10+V10 -> 858.79 | Y10: =IF(L10<0,L10*-1,0) -> 0 | Z10: =X10+Y10 -> 858.79 | AA10: 0.96 | AB10: 83 | AC10: 56 | AD10: 1
A11: =A10+1 -> 2 | B11: 6896.81 | C11: 271961 | D11: =C11-C10 -> -1080 | E11: =C11-152000 -> 119961 | F11: =D11/$D$2 -> -544.49206 | G11: 236 | H11: 0.11 | I11: =G11+H11 -> 236.11 | J11: =IF(L11>0,L11,0) -> 88.127941 | K11: =I11+J11 -> 324.23794 | L11: =F11-(I11-X11) -> 88.127941 | M11: 309 | N11: 0.5 | O11: =98.54*1.05 -> 103.467 | P11: =M11-(N11+O11) -> 205.033 | Q11: 166 | R11: 86 | S11: =SUM(P11:R11) -> 457.033 | T11: =(I11-S11)+T10 -> -290.9055 | U11: 235.73 | V11: 72 | W11: =W10-V11 -> 9954 | X11: =N11+O11+S11+U11+V11 -> 868.73 | Y11: =IF(L11<0,L11*-1,0) -> 0 | Z11: =X11+Y11 -> 868.73 | AA11: 0 | AB11: 84 | AC11: 56 | AD11: =AD10+1 -> 2
A12: =A11+1 -> 3 | B12: 6896.47 | C12: 270741 | D12: =C12-C11 -> -1220 | E12: =C12-152000 -> 118741 | F12: =D12/$D$2 -> -615.07436 | G12: 217 | H12: 0.18 | I12: =G12+H12 -> 217.18 | J12: =IF(L12>0,L12,0) -> 40.995637 | K12: =I12+J12 -> 258.17564 | L12: =F12-(I12-X12) -> 40.995637 | M12: 317 | N12: 0.5 | O12: =107.49*1.05 -> 112.8645 | P12: =M12-(N12+O12) -> 203.6355 | Q12: 165 | R12: 85 | S12: =SUM(P12:R12) -> 453.6355 | T12: =(I12-S12)+T11 -> -527.361 | U12: 235.25 | V12: 71 | W12: =W11-V12 -> 9883 | X12: =N12+O12+S12+U12+V12 -> 873.25 | Y12: =IF(L12<0,L12*-1,0) -> 0 | Z12: =X12+Y12 -> 873.25 | AA12: 0.19 | AB12: 82 | AC12: 58 | AD12: =AD11+1 -> 3
A13: =A12+1 -> 4 | B13: 6896.18 | C13: 269701 | D13: =C13-C12 -> -1040 | E13: =C13-152000 -> 117701 | F13: =D13/$D$2 -> -524.32569 | G13: 241 | H13: 0.15 | I13: =G13+H13 -> 241.15 | J13: =IF(L13>0,L13,0) -> 45.714313 | K13: =I13+J13 -> 286.86431 | L13: =F13-(I13-X13) -> 45.714313 | M13: 285 | N13: 0.5 | O13: =87.3*1.05 -> 91.665 | P13: =M13-(N13+O13) -> 192.835 | Q13: 165 | R13: 82 | S13: =SUM(P13:R13) -> 439.835 | T13: =(I13-S13)+T12 -> -726.046 | U13: 208.19 | V13: 71 | W13: =W12-V13 -> 9812 | X13: =N13+O13+S13+U13+V13 -> 811.19 | Y13: =IF(L13<0,L13*-1,0) -> 0 | Z13: =X13+Y13 -> 811.19 | AA13: 0.03 | AB13: 83 | AC13: 56 | AD13: =AD12+1 -> 4
A14: =A13+1 -> 5 | B14: 6895.88 | C14: 268628 | D14: =C14-C13 -> -1073 | E14: =C14-152000 -> 116628 | F14: =D14/$D$2 -> -540.96294 | G14: 230 | H14: 0.1 | I14: =G14+H14 -> 230.1 | J14: =IF(L14>0,L14,0) -> 16.317056 | K14: =I14+J14 -> 246.41706 | L14: =F14-(I14-X14) -> 16.317056 | M14: 292 | N14: 0.5 | O14: =85.32*1.05 -> 89.586 | P14: =M14-(N14+O14) -> 201.914 | Q14: 164 | R14: 83 | S14: =SUM(P14:R14) -> 448.914 | T14: =(I14-S14)+T13 -> -944.86 | U14: 177.38 | V14: 71 | W14: =W13-V14 -> 9741 | X14: =N14+O14+S14+U14+V14 -> 787.38 | Y14: =IF(L14<0,L14*-1,0) -> 0 | Z14: =X14+Y14 -> 787.38 | AA14: 0 | AB14: 87 | AC14: 55 | AD14: =AD13+1 -> 5
A15: =A14+1 -> 6 | B15: 6895.57 | C15: 267524 | D15: =C15-C14 -> -1104 | E15: =C15-152000 -> 115524 | F15: =D15/$D$2 -> -556.59188 | G15: 212 | H15: 0.09 | I15: =G15+H15 -> 212.09 | J15: =IF(L15>0,L15,0) -> 51.728117 | K15: =I15+J15 -> 263.81812 | L15: =F15-(I15-X15) -> 51.728117 | M15: 289 | N15: 0 | O15: =82.61*1.05 -> 86.7405 | P15: =M15-(N15+O15) -> 202.2595 | Q15: 162 | R15: 80 | S15: =SUM(P15:R15) -> 444.2595 | T15: =(I15-S15)+T14 -> -1177.0295 | U15: 218.41 | V15: 71 | W15: =W14-V15 -> 9670 | X15: =N15+O15+S15+U15+V15 -> 820.41 | Y15: =IF(L15<0,L15*-1,0) -> 0 | Z15: =X15+Y15 -> 820.41 | AA15: 0 | AB15: 86 | AC15: 58 | AD15: =AD14+1 -> 6
A16: =A15+1 -> 7 | B16: 6895.2 | C16: 266207 | D16: =C16-C15 -> -1317 | E16: =C16-152000 -> 114207 | F16: =D16/$D$2 -> -663.97782 | G16: 216 | H16: 0.11 | I16: =G16+H16 -> 216.11 | J16: =IF(L16>0,L16,0) -> 0 | K16: =I16+J16 -> 216.11 | L16: =F16-(I16-X16) -> -56.827817 | M16: 294 | N16: 0 | O16: =87.84*1.05 -> 92.232 | P16: =M16-(N16+O16) -> 201.768 | Q16: 161 | R16: 78 | S16: =SUM(P16:R16) -> 440.768 | T16: =(I16-S16)+T15 -> -1401.6875 | U16: 219.26 | V16: 71 | W16: =W15-V16 -> 9599 | X16: =N16+O16+S16+U16+V16 -> 823.26 | Y16: =IF(L16<0,L16*-1,0) -> 56.827817 | Z16: =X16+Y16 -> 880.08782 | AA16: 0 | AB16: 78 | AC16: 57 | AD16: =AD15+1 -> 7
A17: =A16+1 -> 8 | B17: 6894.95 | C17: 265319 | D17: =C17-C16 -> -888 | E17: =C17-152000 -> 113319 | F17: =D17/$D$2 -> -447.69347 | G17: 342 | H17: 0.05 | I17: =G17+H17 -> 342.05 | J17: =IF(L17>0,L17,0) -> 27.006529 | K17: =I17+J17 -> 369.05653 | L17: =F17-(I17-X17) -> 27.006529 | M17: 284 | N17: 0 | O17: =91.97*1.05 -> 96.5685 | P17: =M17-(N17+O17) -> 187.4315 | Q17: 160 | R17: 75 | S17: =SUM(P17:R17) -> 422.4315 | T17: =(I17-S17)+T16 -> -1482.069 | U17: 226.75 | V17: 71 | W17: =W16-V17 -> 9528 | X17: =N17+O17+S17+U17+V17 -> 816.75 | Y17: =IF(L17<0,L17*-1,0) -> 0 | Z17: =X17+Y17 -> 816.75 | AA17: 0.06 | AB17: 76 | AC17: 54 | AD17: =AD16+1 -> 8
A18: =A17+1 -> 9 | B18: 6894.73 | C18: 264543 | D18: =C18-C17 -> -776 | E18: =C18-152000 -> 112543 | F18: =D18/$D$2 -> -391.22763 | G18: 443 | H18: 0.04 | I18: =G18+H18 -> 443.04 | J18: =IF(L18>0,L18,0) -> 0 | K18: =I18+J18 -> 443.04 | L18: =F18-(I18-X18) -> -39.757628 | M18: 273 | N18: 0 | O18: =82.86*1.05 -> 87.003 | P18: =M18-(N18+O18) -> 185.997 | Q18: 160 | R18: 74 | S18: =SUM(P18:R18) -> 419.997 | T18: =(I18-S18)+T17 -> -1459.026 | U18: 216.51 | V18: 71 | W18: =W17-V18 -> 9457 | X18: =N18+O18+S18+U18+V18 -> 794.51 | Y18: =IF(L18<0,L18*-1,0) -> 39.757628 | Z18: =X18+Y18 -> 834.26763 | AA18: 0.02 | AB18: 79 | AC18: 52 | AD18: =AD17+1 -> 9
A19: =A18+1 -> 10 | B19: 6894.54 | C19: 263872 | D19: =C19-C18 -> -671 | E19: =C19-152000 -> 111872 | F19: =D19/$D$2 -> -338.2909 | G19: 445 | H19: 0.07 | I19: =G19+H19 -> 445.07 | J19: =IF(L19>0,L19,0) -> 0 | K19: =I19+J19 -> 445.07 | L19: =F19-(I19-X19) -> -10.1709 | M19: 266 | N19: 0 | O19: =76.41*1.05 -> 80.2305 | P19: =M19-(N19+O19) -> 185.7695 | Q19: 160 | R19: 74 | S19: =SUM(P19:R19) -> 419.7695 | T19: =(I19-S19)+T18 -> -1433.7255 | U19: 202.19 | V19: 71 | W19: =W18-V19 -> 9386 | X19: =N19+O19+S19+U19+V19 -> 773.19 | Y19: =IF(L19<0,L19*-1,0) -> 10.1709 | Z19: =X19+Y19 -> 783.3609 | AA19: 0.03 | AB19: 78 | AC19: 58 | AD19: =AD18+1 -> 10
A20: 11 | B20: 6894.35 | C20: 263202 | D20: =C20-C19 -> -670 | E20: =C20-152000 -> 111202 | F20: =D20/$D$2 -> -337.78674 | G20: 429 | H20: 0.07 | I20: =G20+H20 -> 429.07 | J20: =IF(L20>0,L20,0) -> 0 | K20: =I20+J20 -> 429.07 | L20: =F20-(I20-X20) -> -55.606741 | M20: 244 | N20: 0 | O20: =66.95*1.05 -> 70.2975 | P20: =M20-(N20+O20) -> 173.7025 | Q20: 143 | R20: 74 | S20: =SUM(P20:R20) -> 390.7025 | T20: =(I20-S20)+T19 -> -1395.358 | U20: 179.25 | V20: 71 | W20: =W19-V20 -> 9315 | X20: =N20+O20+S20+U20+V20 -> 711.25 | Y20: =IF(L20<0,L20*-1,0) -> 55.606741 | Z20: =X20+Y20 -> 766.85674 | AA20: 0 | AB20: 82 | AC20: 52 | AD20: 11
A21: 12 | B21: 6894.17 | C21: 262567 | D21: =C21-C20 -> -635 | E21: =C21-152000 -> 110567 | F21: =D21/$D$2 -> -320.14116 | G21: 329 | H21: 0 | I21: =G21+H21 -> 329 | J21: =IF(L21>0,L21,0) -> 43.438835 | K21: =I21+J21 -> 372.43884 | L21: =F21-(I21-X21) -> 43.438835 | M21: 257 | N21: 0.5 | O21: =62.34*1.05 -> 65.457 | P21: =M21-(N21+O21) -> 191.043 | Q21: 133 | R21: 75 | S21: =SUM(P21:R21) -> 399.043 | T21: =(I21-S21)+T20 -> -1465.401 | U21: 157.58 | V21: 70 | W21: =W20-V21 -> 9245 | X21: =N21+O21+S21+U21+V21 -> 692.58 | Y21: =IF(L21<0,L21*-1,0) -> 0 | Z21: =X21+Y21 -> 692.58 | AA21: 0.31 | AB21: 85 | AC21: 54 | AD21: 12
A22: 13 | B22: 6894.01 | C22: 262002 | D22: =C22-C21 -> -565 | E22: =C22-152000 -> 110002 | F22: =D22/$D$2 -> -284.85001 | G22: 300 | H22: 0.05 | I22: =G22+H22 -> 300.05 | J22: =IF(L22>0,L22,0) -> 56.639987 | K22: =I22+J22 -> 356.68999 | L22: =F22-(I22-X22) -> 56.639987 | M22: 232 | N22: 0.5 | O22: =53.82*1.05 -> 56.511 | P22: =M22-(N22+O22) -> 174.989 | Q22: 132 | R22: 71 | S22: =SUM(P22:R22) -> 377.989 | T22: =(I22-S22)+T21 -> -1543.34 | U22: 135.54 | V22: 71 | W22: =W21-V22 -> 9174 | X22: =N22+O22+S22+U22+V22 -> 641.54 | Y22: =IF(L22<0,L22*-1,0) -> 0 | Z22: =X22+Y22 -> 641.54 | AA22: 0.17 | AB22: 76 | AC22: 56 | AD22: 13
A23: 14 | B23: 6893.94 | C23: 261757 | D23: =C23-C22 -> -245 | E23: =C23-152000 -> 109757 | F23: =D23/$D$2 -> -123.51903 | G23: 316 | H23: 0.23 | I23: =G23+H23 -> 316.23 | J23: =IF(L23>0,L23,0) -> 40.350968 | K23: =I23+J23 -> 356.58097 | L23: =F23-(I23-X23) -> 40.350968 | M23: 188 | N23: 0.5 | O23: =30.32*1.05 -> 31.836 | P23: =M23-(N23+O23) -> 155.664 | Q23: 89 | R23: 52 | S23: =SUM(P23:R23) -> 296.664 | T23: =(I23-S23)+T22 -> -1523.774 | U23: 76.1 | V23: 75 | W23: =W22-V23 -> 9099 | X23: =N23+O23+S23+U23+V23 -> 480.1 | Y23: =IF(L23<0,L23*-1,0) -> 0 | Z23: =X23+Y23 -> 480.1 | AA23: 0.36 | AB23: 77 | AC23: 56 | AD23: 14
A24: 15 | B24: 6893.85 | C24: 261442 | D24: =C24-C23 -> -315 | E24: =C24-152000 -> 109442 | F24: =D24/$D$2 -> -158.81018 | G24: 299 | H24: 0.09 | I24: =G24+H24 -> 299.09 | J24: =IF(L24>0,L24,0) -> 0 | K24: =I24+J24 -> 299.09 | L24: =F24-(I24-X24) -> -29.050184 | M24: 146 | N24: 0.5 | O24: =26.43*1.05 -> 27.7515 | P24: =M24-(N24+O24) -> 117.7485 | Q24: 63 | R24: 41 | S24: =SUM(P24:R24) -> 221.7485 | T24: =(I24-S24)+T23 -> -1446.4325 | U24: 107.85 | V24: 71 | W24: =W23-V24 -> 9028 | X24: =N24+O24+S24+U24+V24 -> 428.85 | Y24: =IF(L24<0,L24*-1,0) -> 29.050184 | Z24: =X24+Y24 -> 457.90018 | AA24: 0 | AB24: 81 | AC24: 52 | AD24: 15
A25: 16 | B25: 6893.74 | C25: 261057 | D25: =C25-C24 -> -385 | E25: =C25-152000 -> 109057 | F25: =D25/$D$2 -> -194.10134 | G25: 237 | H25: 0 | I25: =G25+H25 -> 237 | J25: =IF(L25>0,L25,0) -> 31.998664 | K25: =I25+J25 -> 268.99866 | L25: =F25-(I25-X25) -> 31.998664 | M25: 159 | N25: 0.5 | O25: =25.26*1.05 -> 26.523 | P25: =M25-(N25+O25) -> 131.977 | Q25: 64 | R25: 49 | S25: =SUM(P25:R25) -> 244.977 | T25: =(I25-S25)+T24 -> -1454.4095 | U25: 120.1 | V25: 71 | W25: =W24-V25 -> 8957 | X25: =N25+O25+S25+U25+V25 -> 463.1 | Y25: =IF(L25<0,L25*-1,0) -> 0 | Z25: =X25+Y25 -> 463.1 | AA25: 0.06 | AB25: 83 | AC25: 51 | AD25: 16
A26: 17 | B26: 6893.57 | C26: 260463 | D26: =C26-C25 -> -594 | E26: =C26-152000 -> 108463 | F26: =D26/$D$2 -> -299.47063 | G26: 232 | H26: 0.01 | I26: =G26+H26 -> 232.01 | J26: =IF(L26>0,L26,0) -> 0 | K26: =I26+J26 -> 232.01 | L26: =F26-(I26-X26) -> -48.470633 | M26: 160 | N26: 0.5 | O26: =28.67*1.05 -> 30.1035 | P26: =M26-(N26+O26) -> 129.3965 | Q26: 64 | R26: 53 | S26: =SUM(P26:R26) -> 246.3965 | T26: =(I26-S26)+T25 -> -1468.796 | U26: 135.01 | V26: 71 | W26: =W25-V26 -> 8886 | X26: =N26+O26+S26+U26+V26 -> 483.01 | Y26: =IF(L26<0,L26*-1,0) -> 48.470633 | Z26: =X26+Y26 -> 531.48063 | AA26: 0 | AB26: 85 | AC26: 50 | AD26: 17
A27: 18 | B27: 6893.37 | C27: 259763 | D27: =C27-C26 -> -700 | E27: =C27-152000 -> 107763 | F27: =D27/$D$2 -> -352.91152 | G27: 205 | H27: 0 | I27: =G27+H27 -> 205 | J27: =IF(L27>0,L27,0) -> 0 | K27: =I27+J27 -> 205 | L27: =F27-(I27-X27) -> -44.55152 | M27: 183 | N27: 0.5 | O27: =44.95*1.05 -> 47.1975 | P27: =M27-(N27+O27) -> 135.3025 | Q27: 64 | R27: 56 | S27: =SUM(P27:R27) -> 255.3025 | T27: =(I27-S27)+T26 -> -1519.0985 | U27: 139.36 | V27: 71 | W27: =W26-V27 -> 8815 | X27: =N27+O27+S27+U27+V27 -> 513.36 | Y27: =IF(L27<0,L27*-1,0) -> 44.55152 | Z27: =X27+Y27 -> 557.91152 | AA27: 0 | AB27: 87 | AC27: 53 | AD27: 18
A28: 19 | B28: 6893.17 | C28: 259064 | D28: =C28-C27 -> -699 | E28: =C28-152000 -> 107064 | F28: =D28/$D$2 -> -352.40736 | G28: 184 | H28: 0 | I28: =G28+H28 -> 184 | J28: =IF(L28>0,L28,0) -> 6.1626393 | K28: =I28+J28 -> 190.16264 | L28: =F28-(I28-X28) -> 6.1626393 | M28: 199 | N28: 0.5 | O28: =51.91*1.05 -> 54.5055 | P28: =M28-(N28+O28) -> 143.9945 | Q28: 64 | R28: 57 | S28: =SUM(P28:R28) -> 264.9945 | T28: =(I28-S28)+T27 -> -1600.093 | U28: 151.57 | V28: 71 | W28: =W27-V28 -> 8744 | X28: =N28+O28+S28+U28+V28 -> 542.57 | Y28: =IF(L28<0,L28*-1,0) -> 0 | Z28: =X28+Y28 -> 542.57 | AA28: 0 | AB28: 88 | AC28: 56 | AD28: 19
A29: 20 | B29: 6892.95 | C29: 258296 | D29: =C29-C28 -> -768 | E29: =C29-152000 -> 106296 | F29: =D29/$D$2 -> -387.19435 | G29: 184 | H29: 0 | I29: =G29+H29 -> 184 | J29: =IF(L29>0,L29,0) -> 17.605647 | K29: =I29+J29 -> 201.60565 | L29: =F29-(I29-X29) -> 17.605647 | M29: 208 | N29: 0.5 | O29: =50.11*1.05 -> 52.6155 | P29: =M29-(N29+O29) -> 154.8845 | Q29: 63 | R29: 56 | S29: =SUM(P29:R29) -> 273.8845 | T29: =(I29-S29)+T28 -> -1689.9775 | U29: 190.8 | V29: 71 | W29: =W28-V29 -> 8673 | X29: =N29+O29+S29+U29+V29 -> 588.8 | Y29: =IF(L29<0,L29*-1,0) -> 0 | Z29: =X29+Y29 -> 588.8 | AA29: 0.3 | AB29: 80 | AC29: 55 | AD29: 20
A30: 21 | B30: 6892.74 | C30: 257568 | D30: =C30-C29 -> -728 | E30: =C30-152000 -> 105568 | F30: =D30/$D$2 -> -367.02798 | G30: 188 | H30: 0 | I30: =G30+H30 -> 188 | J30: =IF(L30>0,L30,0) -> 37.282019 | K30: =I30+J30 -> 225.28202 | L30: =F30-(I30-X30) -> 37.282019 | M30: 217 | N30: 0.5 | O30: =57.13*1.05 -> 59.9865 | P30: =M30-(N30+O30) -> 156.5135 | Q30: 63 | R30: 56 | S30: =SUM(P30:R30) -> 275.5135 | T30: =(I30-S30)+T29 -> -1777.491 | U30: 185.31 | V30: 71 | W30: =W29-V30 -> 8602 | X30: =N30+O30+S30+U30+V30 -> 592.31 | Y30: =IF(L30<0,L30*-1,0) -> 0 | Z30: =X30+Y30 -> 592.31 | AA30: 0 | AB30: 75 | AC30: 51 | AD30: 21
A31: 22 | B31: 6892.57 | C31: 256979 | D31: =C31-C30 -> -589 | E31: =C31-152000 -> 104979 | F31: =D31/$D$2 -> -296.94984 | G31: 197 | H31: 0 | I31: =G31+H31 -> 197 | J31: =IF(L31>0,L31,0) -> 22.470164 | K31: =I31+J31 -> 219.47016 | L31: =F31-(I31-X31) -> 22.470164 | M31: 206 | N31: 0.5 | O31: =52.68*1.05 -> 55.314 | P31: =M31-(N31+O31) -> 150.186 | Q31: 63 | R31: 59 | S31: =SUM(P31:R31) -> 272.186 | T31: =(I31-S31)+T30 -> -1852.677 | U31: 113.42 | V31: 75 | W31: =W30-V31 -> 8527 | X31: =N31+O31+S31+U31+V31 -> 516.42 | Y31: =IF(L31<0,L31*-1,0) -> 0 | Z31: =X31+Y31 -> 516.42 | AA31: 0.19 | AB31: 75 | AC31: 52 | AD31: 22
A32: 23 | B32: 6892.39 | C32: 256355 | D32: =C32-C31 -> -624 | E32: =C32-152000 -> 104355 | F32: =D32/$D$2 -> -314.59541 | G32: 232 | H32: 0 | I32: =G32+H32 -> 232 | J32: =IF(L32>0,L32,0) -> 3.8645878 | K32: =I32+J32 -> 235.86459 | L32: =F32-(I32-X32) -> 3.8645878 | M32: 205 | N32: 0.5 | O32: =47.21*1.05 -> 49.5705 | P32: =M32-(N32+O32) -> 154.9295 | Q32: 63 | R32: 60 | S32: =SUM(P32:R32) -> 277.9295 | T32: =(I32-S32)+T31 -> -1898.6065 | U32: 151.46 | V32: 71 | W32: =W31-V32 -> 8456 | X32: =N32+O32+S32+U32+V32 -> 550.46 | Y32: =IF(L32<0,L32*-1,0) -> 0 | Z32: =X32+Y32 -> 550.46 | AA32: 0 | AB32: 80 | AC32: 47 | AD32: 23
A33: 24 | B33: 6892.15 | C33: 255523 | D33: =C33-C32 -> -832 | E33: =C33-152000 -> 103523 | F33: =D33/$D$2 -> -419.46055 | G33: 196 | H33: 0 | I33: =G33+H33 -> 196 | J33: =IF(L33>0,L33,0) -> 0 | K33: =I33+J33 -> 196 | L33: =F33-(I33-X33) -> -66.21055 | M33: 191 | N33: 0.5 | O33: =43.81*1.05 -> 46.0005 | P33: =M33-(N33+O33) -> 144.4995 | Q33: 63 | R33: 65 | S33: =SUM(P33:R33) -> 272.4995 | T33: =(I33-S33)+T32 -> -1975.106 | U33: 159.25 | V33: 71 | W33: =W32-V33 -> 8385 | X33: =N33+O33+S33+U33+V33 -> 549.25 | Y33: =IF(L33<0,L33*-1,0) -> 66.21055 | Z33: =X33+Y33 -> 615.46055 | AA33: 0 | AB33: 83 | AC33: 52 | AD33: 24
A34: 25 | B34: 6891.92 | C34: 254728 | D34: =C34-C33 -> -795 | E34: =C34-152000 -> 102728 | F34: =D34/$D$2 -> -400.80665 | G34: 172 | H34: 0 | I34: =G34+H34 -> 172 | J34: =IF(L34>0,L34,0) -> 5.5833451 | K34: =I34+J34 -> 177.58335 | L34: =F34-(I34-X34) -> 5.5833451 | M34: 220 | N34: 0.5 | O34: =34.99*1.05 -> 36.7395 | P34: =M34-(N34+O34) -> 182.7605 | Q34: 63 | R34: 66 | S34: =SUM(P34:R34) -> 311.7605 | T34: =(I34-S34)+T33 -> -2114.8665 | U34: 158.39 | V34: 71 | W34: =W33-V34 -> 8314 | X34: =N34+O34+S34+U34+V34 -> 578.39 | Y34: =IF(L34<0,L34*-1,0) -> 0 | Z34: =X34+Y34 -> 578.39 | AA34: 0 | AB34: 87 | AC34: 55 | AD34: 25
A35: 26 | B35: 6891.64 | C35: 253767 | D35: =C35-C34 -> -961 | E35: =C35-152000 -> 101767 | F35: =D35/$D$2 -> -484.4971 | G35: 159 | H35: 0 | I35: =G35+H35 -> 159 | J35: =IF(L35>0,L35,0) -> 0 | K35: =I35+J35 -> 159 | L35: =F35-(I35-X35) -> -47.397101 | M35: 243 | N35: 0.5 | O35: =53.13*1.05 -> 55.7865 | P35: =M35-(N35+O35) -> 186.7135 | Q35: 63 | R35: 66 | S35: =SUM(P35:R35) -> 315.7135 | T35: =(I35-S35)+T34 -> -2271.58 | U35: 154.08 | V35: 70.02 | W35: =W34-V35 -> 8243.98 | X35: =N35+O35+S35+U35+V35 -> 596.1 | Y35: =IF(L35<0,L35*-1,0) -> 47.397101 | Z35: =X35+Y35 -> 643.4971 | AA35: 0 | AB35: 87 | AC35: 54 | AD35: 26
A36: 27 | B36: 6891.34 | C36: 252736 | D36: =C36-C35 -> -1031 | E36: =C36-152000 -> 100736 | F36: =D36/$D$2 -> -519.78825 | G36: 151 | H36: 0 | I36: =G36+H36 -> 151 | J36: =IF(L36>0,L36,0) -> 0 | K36: =I36+J36 -> 151 | L36: =F36-(I36-X36) -> -23.638253 | M36: 265 | N36: 0.5 | O36: =50*1.05 -> 52.5 | P36: =M36-(N36+O36) -> 212 | Q36: 64 | R36: 65 | S36: =SUM(P36:R36) -> 341 | T36: =(I36-S36)+T35 -> -2461.58 | U36: 183.15 | V36: 70 | W36: =W35-V36 -> 8173.98 | X36: =N36+O36+S36+U36+V36 -> 647.15 | Y36: =IF(L36<0,L36*-1,0) -> 23.638253 | Z36: =X36+Y36 -> 670.78825 | AA36: 0 | AB36: 88 | AC36: 55 | AD36: 27
A37: 28 | B37: 6891.02 | C37: 251638 | D37: =C37-C36 -> -1098 | E37: =C37-152000 -> 99638 | F37: =D37/$D$2 -> -553.56693 | G37: 146 | H37: 0 | I37: =G37+H37 -> 146 | J37: =IF(L37>0,L37,0) -> 0 | K37: =I37+J37 -> 146 | L37: =F37-(I37-X37) -> -42.896927 | M37: 277 | N37: 0.5 | O37: =70.68*1.05 -> 74.214 | P37: =M37-(N37+O37) -> 202.286 | Q37: 64 | R37: 65 | S37: =SUM(P37:R37) -> 331.286 | T37: =(I37-S37)+T36 -> -2646.866 | U37: 180.67 | V37: 70 | W37: =W36-V37 -> 8103.98 | X37: =N37+O37+S37+U37+V37 -> 656.67 | Y37: =IF(L37<0,L37*-1,0) -> 42.896927 | Z37: =X37+Y37 -> 699.56693 | AA37: 0 | AB37: 87 | AC37: 58 | AD37: 28
A38: 29 | B38: 6890.74 | C38: 250685 | D38: =C38-C37 -> -953 | E38: =C38-152000 -> 98685 | F38: =D38/$D$2 -> -480.46383 | G38: 150 | H38: 0 | I38: =G38+H38 -> 150 | J38: =IF(L38>0,L38,0) -> 25.306173 | K38: =I38+J38 -> 175.30617 | L38: =F38-(I38-X38) -> 25.306173 | M38: 280 | N38: 0.5 | O38: =69.56*1.05 -> 73.038 | P38: =M38-(N38+O38) -> 206.462 | Q38: 64 | R38: 64 | S38: =SUM(P38:R38) -> 334.462 | T38: =(I38-S38)+T37 -> -2831.328 | U38: 177.77 | V38: 70 | W38: =W37-V38 -> 8033.98 | X38: =N38+O38+S38+U38+V38 -> 655.77 | Y38: =IF(L38<0,L38*-1,0) -> 0 | Z38: =X38+Y38 -> 655.77 | AA38: 0 | AB38: 84 | AC38: 51 | AD38: 29
A39: 30 | B39: 6890.41 | C39: 249562 | D39: =C39-C38 -> -1123 | E39: =C39-152000 -> 97562 | F39: =D39/$D$2 -> -566.17091 | G39: 139 | H39: 0 | I39: =G39+H39 -> 139 | J39: =IF(L39>0,L39,0) -> 0 | K39: =I39+J39 -> 139 | L39: =F39-(I39-X39) -> -51.28091 | M39: 285 | N39: 0.5 | O39: =87.33*1.05 -> 91.6965 | P39: =M39-(N39+O39) -> 192.8035 | Q39: 63 | R39: 66 | S39: =SUM(P39:R39) -> 321.8035 | T39: =(I39-S39)+T38 -> -3014.1315 | U39: 169.89 | V39: 70 | W39: =W38-V39 -> 7963.98 | X39: =N39+O39+S39+U39+V39 -> 653.89 | Y39: =IF(L39<0,L39*-1,0) -> 51.28091 | Z39: =X39+Y39 -> 705.17091 | AA39: 0 | AB39: 80 | AC39: 52 | AD39: 30
A40: 31 | B40: 6890.09 | C40: 248474 | D40: =C40-C39 -> -1088 | E40: =C40-152000 -> 96474 | F40: =D40/$D$2 -> -548.52533 | G40: 155 | H40: 0 | I40: =G40+H40 -> 155 | J40: =IF(L40>0,L40,0) -> 0 | K40: =I40+J40 -> 155 | L40: =F40-(I40-X40) -> -41.385334 | M40: 283 | N40: 0.5 | O40: =94.1*1.05 -> 98.805 | P40: =M40-(N40+O40) -> 183.695 | Q40: 63 | R40: 66 | S40: =SUM(P40:R40) -> 312.695 | T40: =(I40-S40)+T39 -> -3171.8265 | U40: 180.14 | V40: 70 | W40: =W39-V40 -> 7893.98 | X40: =N40+O40+S40+U40+V40 -> 662.14 | Y40: =IF(L40<0,L40*-1,0) -> 41.385334 | Z40: =X40+Y40 -> 703.52533 | AA40: 0 | AB40: 80 | AC40: 51 | AD40: 31
A42: MONTH / CFS | F42: =SUM(F10:F40) -> -12987.648 | G42: =SUM(G10:G40) -> 7383 | H42: =SUM(H10:H40) -> 1.48 | I42: =SUM(I10:I40) -> 7384.48 | J42: =SUM(J10:J40) -> 616.2864 | K42: =SUM(K10:K40) -> 8000.7664 | L42: =SUM(L10:L40) -> 59.041903 | M42: =SUM(M10:M40) -> 7572 | ... S42: =SUM(S10:S40) -> 10747.41 | U42: =SUM(U10:U40) -> 5365.15 | V42: =SUM(V10:V40) -> 2204.02 | X42: =SUM(X10:X40) -> 20431.17 | Y42: =SUM(Y10:Y40) -> 557.2445 | Z42: =SUM(Z10:Z40) -> 20988.414 | AA42: =SUM(AA10:AA40) -> 2.68 | AB42: =AVERAGE(AB10:AB40) -> 82.129032 | AC42: =AVERAGE(AC10:AC40) -> 53.967742 | AD42: AVG
A43: MONTH / AF | D43: =SUM(D10:D40) -> -25761 | F43: =F42*$D$2 -> -25761 | G43: =G42*$D$2 -> 14644.181 | H43: =H42*$D$2 -> 2.93558 | I43: =I42*$D$2 -> 14647.116 | J43: =J42*$D$2 -> 1222.4041 | K43: =K42*$D$2 -> 15869.52 | L43: =L42*$D$2 -> 117.10962 | M43: =M42*$D$2 -> 15019.062 | ... S43: =S42*$D$2 -> 21317.489 | U43: =U42*$D$2 -> 10641.775 | V43: =V42*$D$2 -> 4371.6737 | X43: =X42*$D$2 -> 40525.226 | Y43: =Y42*$D$2 -> 1105.2945 | Z43: =Z42*$D$2 -> 41630.52 | AB43: =MAX(AB10:AB40) -> 88 | AC43: =MAX(AC10:AC40) -> 58 | AD43: HI
A45: SEASON / CFS | F45: =F7+F42 -> 10749.685 | G45: =G7+G42 -> 104655 | H45: =H7+H42 -> 3391.54 | I45: =I7+I42 -> 108046.54 | J45: =J7+J42 -> 7518.1416 | K45: =K7+K42 -> 115564.68 | L45: =L7+L42 -> 3685.3449 | M45: =M7+M42 -> 38687 | ... S45: =S7+S42 -> 56282.959 | T45: =T40 -> -3171.8265 | U45: =U7+U42 -> 24893.18 | V45: =V7+V42 -> 8920.02 | X45: =X7+X42 -> 100982.2 | Y45: =Y7+Y42 -> 3832.7967 | Z45: =Z7+Z42 -> 104815 | AB45: =MIN(AB10:AB40) -> 75 | AC45: =MIN(AC10:AC40) -> 47 | AD45: LO
A46: SEASON / AF | F46: =F45*$D$2 -> 21322 | G46: =G45*$D$2 -> 207583.19 | H46: =H45*$D$2 -> 6727.1196 | I46: =I45*$D$2 -> 214310.31 | J46: =J45*$D$2 -> 14912.234 | K46: =K45*$D$2 -> 229222.55 | L46: =L45*$D$2 -> 7309.8816 | M46: =M45*$D$2 -> 76735.664 | ... V46: =V45*$D$2 -> 17692.86 | X46: =X45*$D$2 -> 200298.19 | Y46: =Y45*$D$2 -> 7602.3522 | Z46: =Z45*$D$2 -> 207900.55
A48: YTD / CFS | F48: =F8+F42 -> 15633.476 | G48: =G8+G42 -> 113612 | H48: =H8+H42 -> 3770.44 | I48: =I8+I42 -> 117382.44 | J48: =J8+J42 -> 10486.07 | K48: =K8+K42 -> 127868.51 | L48: =L8+L42 -> 6400.8362 | M48: =M8+M42 -> 39625.6 | ... S48: =S8+S42 -> 57114.995 | T48: =T45 -> -3171.8265 | U48: =U8+U42 -> 24893.18 | V48: =V8+V42 -> 15149.02 | W48: =W40 -> 7893.98 | X48: =X8+X42 -> 108149.8 | Y48: =Y8+Y42 -> 4085.2337 | Z48: =Z8+Z42 -> 112235.03 | AA48: =AA8+AA42 -> 9.86
A49: YTD / AF | D49: =D8+D43 -> 31009 | E49: =E40 -> 96474 | F49: =F48*$D$2 -> 31009 | G49: =G48*$D$2 -> 225349.4 | H49: =H48*$D$2 -> 7478.6677 | I49: =I48*$D$2 -> 232828.07 | J49: =J48*$D$2 -> 20799.12 | K49: =K48*$D$2 -> 253627.19 | L49: =L48*$D$2 -> 12696.059 | M49: =M48*$D$2 -> 78597.378 | ... Z49: =Z48*$D$2 -> 222618.19

Sheet SEP
K1: MC PHEE RESERVOIR IN/OUT FLOW TABULATION
A2: AF/cfs CONVERT FACTOR | D2: 1.9835 | K2: SEPTEMBER "2001"
A4: DATE | B4: RESERV | C4: RESERV | D4: AC FT | E4: ACTIVE | F4: CONV TO | G4: DOLORES | H4: LOST | I4: RECORDED | J4: CALC | K4: TOTAL | L4: CALC | M4: DOLORES TUNNEL | Q4: LONE | R4: U | S4: TOTAL | T4: MVI | U4: DV CR | V4: BELOW | W4: REMAIN | X4: RECORDED | Y4: CALC | Z4: TOTAL | AA4: RAIN | AB4: MAX | AC4: MIN | AD4: DATE
A5: "SEP" | B5: ELEV | C5: AC FT | D5: CHANGE | E5: CAP | F5: CFS | G5: RIVER | H5: CANYON | I5: INFLOW | J5: INFLOW | K5: INFLOW | L5: INF/OTF | M5: TOT DIV | N5: WETLAND | O5: UTE F&R | P5: MVI,CTZ | Q5: PINE | R5: LAT | S5: MVI | T5: CALL | U5: CANAL | V5: MC PHEE | W5: RELEASE | X5: OUTFLOW | Y5: OUTFLOW | Z5: OUTFLOW | AB5: TMP | AC5: TMP | AD5: "SEP"
A7: SEASON BAL | F7: =AUG!F45 -> 10749.685 | G7: =AUG!G45 -> 104655 | H7: =AUG!H45 -> 3391.54 | I7: =AUG!I45 -> 108046.54 | J7: =AUG!J45 -> 7518.1416 | K7: =AUG!K45 -> 115564.68 | L7: =AUG!L45 -> 3685.3449 | M7: =AUG!M45 -> 38687 | ... V7: =AUG!V45 -> 8920.02 | X7: =AUG!X45 -> 100982.2 | Y7: =AUG!Y45 -> 3832.7967 | Z7: =AUG!Z45 -> 104815
A8: YTD | B8: =AUG!B40 -> 6890.09 | C8: =AUG!C40 -> 248474 | D8: =AUG!D49 -> 31009 | E8: =AUG!E49 -> 96474 | F8: =AUG!F48 -> 15633.476 | G8: =AUG!G48 -> 113612 | H8: =AUG!H48 -> 3770.44 | I8: =AUG!I48 -> 117382.44 | J8: =AUG!J48 -> 10486.07 | K8: =AUG!K48 -> 127868.51 | L8: =AUG!L48 -> 6400.8362 | M8: =AUG!M48 -> 39625.6 | ... AA8: =AUG!AA48 -> 9.86
AB9: 0
A10: 1 | B10: 6889.81 | C10: 247528 | D10: =C10-C8 -> -946 | E10: =C10-151978 -> 95550 | F10: =D10/$D$2 -> -476.93471 | G10: 146 | H10: 0 | I10: =G10+H10 -> 146 | J10: =IF(L10>0,L10,0) -> 0 | K10: =I10+J10 -> 146 | L10: =F10-(I10-X10) -> -15.644711 | M10: 242 | N10: 0.5 | O10: =62.45*1.05 -> 65.5725 | P10: =M10-(N10+O10) -> 175.9275 | Q10: 63 | R10: 66 | S10: =SUM(P10:R10) -> 304.9275 | T10: =(I10-S10)+T7 -> -3330.754 | U10: 166.29 | V10: 70 | W10: =W8-V10 -> 7823.98 | X10: =N10+O10+S10+U10+V10 -> 607.29 | Y10: =IF(L10<0,L10*-1,0) -> 15.644711 | Z10: =X10+Y10 -> 622.93471 | AA10: 0 | AB10: 81 | AC10: 50 | AD10: 1
A11: 2 | B11: 6889.51 | C11: 246518 | D11: =C11-C10 -> -1010 | E11: =C11-151978 -> 94540 | F11: =D11/$D$2 -> -509.20091 | G11: 138 | H11: 0 | I11: =G11+H11 -> 138 | J11: =IF(L11>0,L11,0) -> 0 | K11: =I11+J11 -> 138 | L11: =F11-(I11-X11) -> -39.530907 | M11: 252 | N11: 0.5 | O11: =37.47*1.05 -> 39.3435 | P11: =M11-(N11+O11) -> 212.1565 | Q11: 62 | R11: 65 | S11: =SUM(P11:R11) -> 339.1565 | T11: =(I11-S11)+T10 -> -3531.9105 | U11: 159.67 | V11: 69 | W11: =W10-V11 -> 7754.98 | X11: =N11+O11+S11+U11+V11 -> 607.67 | Y11: =IF(L11<0,L11*-1,0) -> 39.530907 | Z11: =X11+Y11 -> 647.20091 | AA11: 0 | AB11: 84 | AC11: 50 | AD11: 2
A12: 3 | B12: 6889.21 | C12: 245508 | D12: =C12-C11 -> -1010 | E12: =C12-151978 -> 93530 | F12: =D12/$D$2 -> -509.20091 | G12: 132 | H12: 0 | I12: =G12+H12 -> 132 | J12: =IF(L12>0,L12,0) -> 0 | K12: =I12+J12 -> 132 | L12: =F12-(I12-X12) -> -56.860907 | M12: 231 | N12: 0.5 | O12: =34.68*1.05 -> 36.414 | P12: =M12-(N12+O12) -> 194.086 | Q12: 63 | R12: 67 | S12: =SUM(P12:R12) -> 324.086 | T12: =(I12-S12)+T11 -> -3723.9965 | U12: 159.34 | V12: 64 | W12: =W11-V12 -> 7690.98 | X12: =N12+O12+S12+U12+V12 -> 584.34 | Y12: =IF(L12<0,L12*-1,0) -> 56.860907 | Z12: =X12+Y12 -> 641.20091 | AA12: 0 | AB12: 85 | AC12: 50 | AD12: 3
A13: 4 | B13: 6888.94 | C13: 244601 | D13: =C13-C12 -> -907 | E13: =C13-151978 -> 92623 | F13: =D13/$D$2 -> -457.2725 | G13: 128 | H13: 0 | I13: =G13+H13 -> 128 | J13: =IF(L13>0,L13,0) -> 0 | K13: =I13+J13 -> 128 | L13: =F13-(I13-X13) -> -12.032498 | M13: 226 | N13: 0.5 | O13: =15.55*1.05 -> 16.3275 | P13: =M13-(N13+O13) -> 209.1725 | Q13: 64 | R13: 68 | S13: =SUM(P13:R13) -> 341.1725 | T13: =(I13-S13)+T12 -> -3937.169 | U13: 154.24 | V13: 61 | W13: =W12-V13 -> 7629.98 | X13: =N13+O13+S13+U13+V13 -> 573.24 | Y13: =IF(L13<0,L13*-1,0) -> 12.032498 | Z13: =X13+Y13 -> 585.2725 | AA13: 0 | AB13: 86 | AC13: 56 | AD13: 4
A14: 5 | B14: 6888.64 | C14: 243602 | D14: =C14-C13 -> -999 | E14: =C14-151978 -> 91624 | F14: =D14/$D$2 -> -503.65516 | G14: 127 | H14: 0 | I14: =G14+H14 -> 127 | J14: =IF(L14>0,L14,0) -> 0 | K14: =I14+J14 -> 127 | L14: =F14-(I14-X14) -> -54.135155 | M14: 246 | N14: 0.5 | O14: =29.55*1.05 -> 31.0275 | P14: =M14-(N14+O14) -> 214.4725 | Q14: 63 | R14: 68 | S14: =SUM(P14:R14) -> 345.4725 | T14: =(I14-S14)+T13 -> -4155.6415 | U14: 138.52 | V14: 61 | W14: =W13-V14 -> 7568.98 | X14: =N14+O14+S14+U14+V14 -> 576.52 | Y14: =IF(L14<0,L14*-1,0) -> 54.135155 | Z14: =X14+Y14 -> 630.65516 | AA14: 0 | AB14: 83 | AC14: 54 | AD14: 5
A15: 6 | B15: 6888.36 | C15: 242669 | D15: =C15-C14 -> -933 | E15: =C15-151978 -> 90691 | F15: =D15/$D$2 -> -470.38064 | G15: 127 | H15: 0 | I15: =G15+H15 -> 127 | J15: =IF(L15>0,L15,0) -> 0 | K15: =I15+J15 -> 127 | L15: =F15-(I15-X15) -> -24.91064 | M15: 235 | N15: 0.5 | O15: =38.57*1.05 -> 40.4985 | P15: =M15-(N15+O15) -> 194.0015 | Q15: 65 | R15: 73 | S15: =SUM(P15:R15) -> 332.0015 | T15: =(I15-S15)+T14 -> -4360.643 | U15: 137.47 | V15: 62 | W15: =W14-V15 -> 7506.98 | X15: =N15+O15+S15+U15+V15 -> 572.47 | Y15: =IF(L15<0,L15*-1,0) -> 24.91064 | Z15: =X15+Y15 -> 597.38064 | AA15: 0 | AB15: 80 | AC15: 49 | AD15: 6
A16: 7 | B16: 6888.06 | C16: 241669 | D16: =C16-C15 -> -1000 | E16: =C16-151978 -> 89691 | F16: =D16/$D$2 -> -504.15931 | G16: 121 | H16: 0 | I16: =G16+H16 -> 121 | J16: =IF(L16>0,L16,0) -> 0 | K16: =I16+J16 -> 121 | L16: =F16-(I16-X16) -> -38.969314 | M16: 267 | N16: 0.5 | O16: =56.78*1.05 -> 59.619 | P16: =M16-(N16+O16) -> 206.881 | Q16: 65 | R16: 72 | S16: =SUM(P16:R16) -> 343.881 | T16: =(I16-S16)+T15 -> -4583.524 | U16: 120.19 | V16: 62 | W16: =W15-V16 -> 7444.98 | X16: =N16+O16+S16+U16+V16 -> 586.19 | Y16: =IF(L16<0,L16*-1,0) -> 38.969314 | Z16: =X16+Y16 -> 625.15931 | AA16: 0 | AB16: 70 | AC16: 43 | AD16: 7
A17: 8 | B17: 6887.78 | C17: 240744 | D17: =C17-C16 -> -925 | E17: =C17-151978 -> 88766 | F17: =D17/$D$2 -> -466.34737 | G17: 117 | H17: 0 | I17: =G17+H17 -> 117 | J17: =IF(L17>0,L17,0) -> 1.7826342 | K17: =I17+J17 -> 118.78263 | L17: =F17-(I17-X17) -> 1.7826342 | M17: 273 | N17: 0.5 | O17: =72.81*1.05 -> 76.4505 | P17: =M17-(N17+O17) -> 196.0495 | Q17: 65 | R17: 71 | S17: =SUM(P17:R17) -> 332.0495 | T17: =(I17-S17)+T16 -> -4798.5735 | U17: 115.13 | V17: 61 | W17: =W16-V17 -> 7383.98 | X17: =N17+O17+S17+U17+V17 -> 585.13 | Y17: =IF(L17<0,L17*-1,0) -> 0 | Z17: =X17+Y17 -> 585.13 | AA17: 0 | AB17: 65 | AC17: 40 | AD17: 8
A18: 9 | B18: 6887.54 | C18: 239953 | D18: =C18-C17 -> -791 | E18: =C18-151978 -> 87975 | F18: =D18/$D$2 -> -398.79002 | G18: 114 | H18: 0 | I18: =G18+H18 -> 114 | J18: =IF(L18>0,L18,0) -> 0 | K18: =I18+J18 -> 114 | L18: =F18-(I18-X18) -> -27.930018 | M18: 198 | N18: 0.5 | O18: =24.4*1.05 -> 25.62 | P18: =M18-(N18+O18) -> 171.88 | Q18: 65 | R18: 71 | S18: =SUM(P18:R18) -> 307.88 | T18: =(I18-S18)+T17 -> -4992.4535 | U18: 89.86 | V18: 61 | W18: =W17-V18 -> 7322.98 | X18: =N18+O18+S18+U18+V18 -> 484.86 | Y18: =IF(L18<0,L18*-1,0) -> 27.930018 | Z18: =X18+Y18 -> 512.79002 | AA18: 0 | AB18: 73 | AC18: 35 | AD18: 9
A19: 10 | B19: 6887.26 | C19: 239030 | D19: =C19-C18 -> -923 | E19: =C19-151978 -> 87052 | F19: =D19/$D$2 -> -465.33905 | G19: 106 | H19: 0 | I19: =G19+H19 -> 106 | J19: =IF(L19>0,L19,0) -> 0 | K19: =I19+J19 -> 106 | L19: =F19-(I19-X19) -> -44.599047 | M19: 224 | N19: 0.5 | O19: =16.84*1.05 -> 17.682 | P19: =M19-(N19+O19) -> 205.818 | Q19: 65 | R19: 70 | S19: =SUM(P19:R19) -> 340.818 | T19: =(I19-S19)+T18 -> -5227.2715 | U19: 106.74 | V19: 61 | W19: =W18-V19 -> 7261.98 | X19: =N19+O19+S19+U19+V19 -> 526.74 | Y19: =IF(L19<0,L19*-1,0) -> 44.599047 | Z19: =X19+Y19 -> 571.33905 | AA19: 0 | AB19: 80 | AC19: 42 | AD19: 10
A20: 11 | B20: 6886.98 | C20: 238107 | D20: =C20-C19 -> -923 | E20: =C20-151978 -> 86129 | F20: =D20/$D$2 -> -465.33905 | G20: 100 | H20: 0 | I20: =G20+H20 -> 100 | J20: =IF(L20>0,L20,0) -> 0 | K20: =I20+J20 -> 100 | L20: =F20-(I20-X20) -> -21.939047 | M20: 243 | N20: 0.5 | O20: =42.54*1.05 -> 44.667 | P20: =M20-(N20+O20) -> 197.833 | Q20: 65 | R20: 71 | S20: =SUM(P20:R20) -> 333.833 | T20: =(I20-S20)+T19 -> -5461.1045 | U20: 103.4 | V20: 61 | W20: =W19-V20 -> 7200.98 | X20: =N20+O20+S20+U20+V20 -> 543.4 | Y20: =IF(L20<0,L20*-1,0) -> 21.939047 | Z20: =X20+Y20 -> 565.33905 | AA20: 0 | AB20: 83 | AC20: 50 | AD20: 11
A21: 12 | B21: 6886.68 | C21: 237129 | D21: =C21-C20 -> -978 | E21: =C21-151978 -> 85151 | F21: =D21/$D$2 -> -493.06781 | G21: 96 | H21: 0 | I21: =G21+H21 -> 96 | J21: =IF(L21>0,L21,0) -> 0 | K21: =I21+J21 -> 96 | L21: =F21-(I21-X21) -> -42.827809 | M21: 247 | N21: 0.5 | O21: =55.65*1.05 -> 58.4325 | P21: =M21-(N21+O21) -> 188.0675 | Q21: 65 | R21: 72 | S21: =SUM(P21:R21) -> 325.0675 | T21: =(I21-S21)+T20 -> -5690.172 | U21: 101.24 | V21: 61 | W21: =W20-V21 -> 7139.98 | X21: =N21+O21+S21+U21+V21 -> 546.24 | Y21: =IF(L21<0,L21*-1,0) -> 42.827809 | Z21: =X21+Y21 -> 589.06781 | AA21: 0 | AB21: 84 | AC21: 50 | AD21: 12
A22: 13 | B22: 6886.4 | C22: 236217 | D22: =C22-C21 -> -912 | E22: =C22-151978 -> 84239 | F22: =D22/$D$2 -> -459.79329 | G22: 97 | H22: 0 | I22: =G22+H22 -> 97 | J22: =IF(L22>0,L22,0) -> 0 | K22: =I22+J22 -> 97 | L22: =F22-(I22-X22) -> -8.9032947 | M22: 249 | N22: 0.5 | O22: =61.4*1.05 -> 64.47 | P22: =M22-(N22+O22) -> 184.03 | Q22: 64 | R22: 71 | S22: =SUM(P22:R22) -> 319.03 | T22: =(I22-S22)+T21 -> -5912.202 | U22: 102.89 | V22: 61 | W22: =W21-V22 -> 7078.98 | X22: =N22+O22+S22+U22+V22 -> 547.89 | Y22: =IF(L22<0,L22*-1,0) -> 8.9032947 | Z22: =X22+Y22 -> 556.79329 | AA22: 0 | AB22: 78 | AC22: 53 | AD22: 13
A23: 14 | B23: 6886.16 | C23: 235434 | D23: =C23-C22 -> -783 | E23: =C23-151978 -> 83456 | F23: =D23/$D$2 -> -394.75674 | G23: 99 | H23: 0 | I23: =G23+H23 -> 99 | J23: =IF(L23>0,L23,0) -> 13.573257 | K23: =I23+J23 -> 112.57326 | L23: =F23-(I23-X23) -> 13.573257 | M23: 224 | N23: 0.5 | O23: =44.56*1.05 -> 46.788 | P23: =M23-(N23+O23) -> 176.712 | Q23: 64 | R23: 70 | S23: =SUM(P23:R23) -> 310.712 | T23: =(I23-S23)+T22 -> -6123.914 | U23: 88.33 | V23: 61 | W23: =W22-V23 -> 7017.98 | X23: =N23+O23+S23+U23+V23 -> 507.33 | Y23: =IF(L23<0,L23*-1,0) -> 0 | Z23: =X23+Y23 -> 507.33 | AA23: 0.01 | AB23: 79 | AC23: 49 | AD23: 14
A24: 15 | B24: 6885.9 | C24: 234590 | D24: =C24-C23 -> -844 | E24: =C24-151978 -> 82612 | F24: =D24/$D$2 -> -425.51046 | G24: 102 | H24: 0 | I24: =G24+H24 -> 102 | J24: =IF(L24>0,L24,0) -> 0 | K24: =I24+J24 -> 102 | L24: =F24-(I24-X24) -> -23.660461 | M24: 215 | N24: 0.5 | O24: =19.6*1.05 -> 20.58 | P24: =M24-(N24+O24) -> 193.92 | Q24: 64 | R24: 69 | S24: =SUM(P24:R24) -> 326.92 | T24: =(I24-S24)+T23 -> -6348.834 | U24: 94.85 | V24: 61 | W24: =W23-V24 -> 6956.98 | X24: =N24+O24+S24+U24+V24 -> 503.85 | Y24: =IF(L24<0,L24*-1,0) -> 23.660461 | Z24: =X24+Y24 -> 527.51046 | AA24: 0 | AB24: 80 | AC24: 48 | AD24: 15
A25: 16 | B25: 6885.63 | C25: 233720 | D25: =C25-C24 -> -870 | E25: =C25-151978 -> 81742 | F25: =D25/$D$2 -> -438.6186 | G25: 96 | H25: 0 | I25: =G25+H25 -> 96 | J25: =IF(L25>0,L25,0) -> 0 | K25: =I25+J25 -> 96 | L25: =F25-(I25-X25) -> -61.918603 | M25: 209 | N25: 0.5 | O25: =8*1.05 -> 8.4 | P25: =M25-(N25+O25) -> 200.1 | Q25: 64 | R25: 69 | S25: =SUM(P25:R25) -> 333.1 | T25: =(I25-S25)+T24 -> -6585.934 | U25: 69.7 | V25: 61 | W25: =W24-V25 -> 6895.98 | X25: =N25+O25+S25+U25+V25 -> 472.7 | Y25: =IF(L25<0,L25*-1,0) -> 61.918603 | Z25: =X25+Y25 -> 534.6186 | AA25: 0.07 | AB25: 76 | AC25: 47 | AD25: 16
A26: 17 | B26: 6885.43 | C26: 233075 | D26: =C26-C25 -> -645 | E26: =C26-151978 -> 81097 | F26: =D26/$D$2 -> -325.18276 | G26: 108 | H26: 0 | I26: =G26+H26 -> 108 | J26: =IF(L26>0,L26,0) -> 28.857242 | K26: =I26+J26 -> 136.85724 | L26: =F26-(I26-X26) -> 28.857242 | M26: 203 | N26: 0.5 | O26: =13.22*1.05 -> 13.881 | P26: =M26-(N26+O26) -> 188.619 | Q26: 63 | R26: 68 | S26: =SUM(P26:R26) -> 319.619 | T26: =(I26-S26)+T25 -> -6797.553 | U26: 67.04 | V26: 61 | W26: =W25-V26 -> 6834.98 | X26: =N26+O26+S26+U26+V26 -> 462.04 | Y26: =IF(L26<0,L26*-1,0) -> 0 | Z26: =X26+Y26 -> 462.04 | AA26: 0.47 | AB26: 71 | AC26: 49 | AD26: 17
