Workbook

Sheet NOV
K1: MCPHEE RESERVOIR INFLOW/OUTFLOW TABULATION
A2: AF/cfs CONVERT FACTOR | D2: 1.9835 | L2: NOVEMBER "2007"
D4: RESERVOIR | U4: INFLOW/OUTFLOW (CFS) | AK4: WEATHER | AO4: ADJUSTMENTS
A5: DATE | B5: RESERV | C5: RESERV | D5: AC FT | E5: ACTIVE | F5: CONV TO | G5: DOLORES | H5: LOST | I5: RECORD | J5: CALC | K5: TOTAL | L5: CALC | M5: DOLORES TUNNEL | U5: LONE | V5: U | W5: TOTAL | X5: MVI | Y5: TO EX & | Z5: MVI | AA5: DV CR | AB5: D/S SENIOR | AD5: BELOW | AE5: FISH | AF5: SPILL | AG5: RECORD | AH5: CALC | AI5: TOTAL | AJ5: RAIN | AK5: MAX | AL5: MIN | AM5: NAR. | AN5: MVI | AO5: MVI | AP5: MVI | AQ5: U/S | AR5: TOTTEN | AS5: UTES
A6: NOV | B6: ELEV | C6: AC FT | D6: CHANGE | E6: CAP | F6: CFS | G6: RIVER | H6: CAN | I6: INFLOW | J6: INFLOW | K6: INFLOW | L6: INF/OTF | M6: TOT DIV | N6: WET | O6: UTE | P6: QUEST | Q6: MWC | R6: CTZ | S6: CTZ & | T6: F-BAY | U6: PINE | V6: LAT | W6: MVI | X6: CALL | Y6: U/S EX | Z6: PROJ | AA6: CANAL | AB6: MVIC | AC6: PROJ | AD6: MCP | AE6: LEFT | AG6: OTF | AH6: OTF | AI6: OTF | AK6: TMP | AL6: TMP | AM6: CALL | AN6: STOCK | AO6: STORED | AP6: STORED | AQ6: USERS | AR6: (FRESH | AS6: FROM
E7: AC FT | N7: LAND | O7: F&R | S7: UTE | T7: SPILL | AM7: AC.FT. | AN7: CFS | AO7: Apr-Jun | AP7: EVAP | AQ7: EXCH | AR7: WATER) | AS7: MVIC
N8: 1.03 | O8: 1.05 | P8: 1.02 | Q8: 1.02 | R8: 1.04 | S8: PROJ | AM8: TOTAL | AP8: AC.FT
A9: SEASON BAL
A10: YTD | B10: 6901.16 | C10: 287879 | AE10: 4939 | AN10: 321
A12: 1 | B12: 6901.14 | C12: 287804 | D12: =C12-C10 -> -75 | E12: =C12-152000 -> 135804 | F12: =D12/$D$2 -> -37.811949 | G12: 102 | H12: 2 | I12: =G12+H12 -> 104 | J12: =IF(L12>0,L12,0) -> 0 | K12: =I12+J12 -> 104 | L12: =F12-(I12-AG12) -> -35.811949 | M12: 40 | N12: 0 | O12: 0 | P12: 0 | Q12: =1.56*1.02 -> 1.5912 | R12: 2.49 | S12: 0 | T12: 0 | U12: 22 | V12: 11 | W12: =M12-N12-P12-O12-Q12-R12-S12-T12+U12+V12 -> 68.9188 | AA12: 0 | AD12: 33 | AE12: =AE10-AD12 -> 4906 | AG12: =N12+O12+P12+Q12+R12+S12+T12+W12+AA12+AD12 -> 106 | AH12: =IF(L12<0,L12*-1,0) -> 35.811949 | AI12: =AG12+AH12 -> 141.81195 | AJ12: 0 | AK12: 60 | AL12: 28 | AN12: =W12 -> 68.9188
A13: =A12+1 -> 2 | B13: 6901.12 | C13: 287730 | D13: =C13-C12 -> -74 | E13: =C13-152000 -> 135730 | F13: =D13/$D$2 -> -37.307789 | G13: 96 | H13: 1.6 | I13: =G13+H13 -> 97.6 | J13: =IF(L13>0,L13,0) -> 0 | K13: =I13+J13 -> 97.6 | L13: =F13-(I13-AG13) -> -12.907789 | M13: 46 | N13: 0 | O13: 0 | P13: 0 | Q13: =1.56*1.02 -> 1.5912 | R13: 2.3 | S13: 0 | T13: 0 | U13: 29 | V13: 16 | W13: =M13-N13-P13-O13-Q13-R13-S13-T13+U13+V13 -> 87.1088 | AA13: 0 | AD13: 31 | AE13: =AE12-AD13 -> 4875 | AG13: =N13+O13+P13+Q13+R13+S13+T13+W13+AA13+AD13 -> 122 | AH13: =IF(L13<0,L13*-1,0) -> 12.907789 | AI13: =AG13+AH13 -> 134.90779 | AJ13: 0 | AK13: 61 | AL13: 25 | AN13: =W13 -> 87.1088
A14: =A13+1 -> 3 | B14: 6901.1 | C14: 287655 | D14: =C14-C13 -> -75 | E14: =C14-152000 -> 135655 | F14: =D14/$D$2 -> -37.811949 | G14: 89 | H14: 1.4 | I14: =G14+H14 -> 90.4 | J14: =IF(L14>0,L14,0) -> 0 | K14: =I14+J14 -> 90.4 | L14: =F14-(I14-AG14) -> -0.25194858 | M14: 48 | N14: 0 | O14: 0 | P14: 0 | Q14: =1.56*1.02 -> 1.5912 | R14: 2.48 | S14: 0 | T14: 0 | U14: 32.96 | V14: 16 | W14: =M14-N14-P14-O14-Q14-R14-S14-T14+U14+V14 -> 92.8888 | AA14: 0 | AD14: 31 | AE14: =AE13-AD14 -> 4844 | AG14: =N14+O14+P14+Q14+R14+S14+T14+W14+AA14+AD14 -> 127.96 | AH14: =IF(L14<0,L14*-1,0) -> 0.25194858 | AI14: =AG14+AH14 -> 128.21195 | AJ14: 0 | AK14: 62 | AL14: 27 | AN14: =W14 -> 92.8888
A15: =A14+1 -> 4 | B15: 6901.07 | C15: 287543 | D15: =C15-C14 -> -112 | E15: =C15-152000 -> 135543 | F15: =D15/$D$2 -> -56.465843 | G15: 80 | H15: 1 | I15: =G15+H15 -> 81 | J15: =IF(L15>0,L15,0) -> 0 | K15: =I15+J15 -> 81 | L15: =F15-(I15-AG15) -> -9.4658432 | M15: 48 | N15: 0 | O15: 0 | P15: 0 | Q15: =1.56*1.02 -> 1.5912 | R15: 2.43 | S15: 0 | T15: 0 | U15: 32 | V15: 17 | W15: =M15-N15-P15-O15-Q15-R15-S15-T15+U15+V15 -> 92.9788 | AA15: 0 | AD15: 31 | AE15: =AE14-AD15 -> 4813 | AG15: =N15+O15+P15+Q15+R15+S15+T15+W15+AA15+AD15 -> 128 | AH15: =IF(L15<0,L15*-1,0) -> 9.4658432 | AI15: =AG15+AH15 -> 137.46584 | AJ15: 0 | AK15: 64 | AL15: 27 | AN15: =W15 -> 92.9788
A16: =A15+1 -> 5 | B16: 6901.04 | C16: 287431 | D16: =C16-C15 -> -112 | E16: =C16-152000 -> 135431 | F16: =D16/$D$2 -> -56.465843 | G16: 80 | H16: 0.79 | I16: =G16+H16 -> 80.79 | J16: =IF(L16>0,L16,0) -> 0 | K16: =I16+J16 -> 80.79 | L16: =F16-(I16-AG16) -> -34.255843 | M16: 21 | N16: 0 | O16: 0 | P16: 0 | Q16: =1.56*1.02 -> 1.5912 | R16: 2.94 | S16: 0 | T16: 0 | U16: 32 | V16: 19 | W16: =M16-N16-P16-O16-Q16-R16-S16-T16+U16+V16 -> 67.4688 | AA16: 0 | AD16: 31 | AE16: =AE15-AD16 -> 4782 | AG16: =N16+O16+P16+Q16+R16+S16+T16+W16+AA16+AD16 -> 103 | AH16: =IF(L16<0,L16*-1,0) -> 34.255843 | AI16: =AG16+AH16 -> 137.25584 | AJ16: 0 | AK16: 65 | AL16: 23 | AN16: =W16 -> 67.4688
A17: =A16+1 -> 6 | B17: 6901.02 | C17: 287357 | D17: =C17-C16 -> -74 | E17: =C17-152000 -> 135357 | F17: =D17/$D$2 -> -37.307789 | G17: 79 | H17: 0.58 | I17: =G17+H17 -> 79.58 | J17: =IF(L17>0,L17,0) -> 0 | K17: =I17+J17 -> 79.58 | L17: =F17-(I17-AG17) -> -16.687789 | M17: 7.4 | N17: 0 | O17: 0 | P17: 0 | Q17: =1.56*1.02 -> 1.5912 | R17: 3.01 | S17: 0 | T17: 0 | U17: 56 | V17: 5.8 | W17: =M17-N17-P17-O17-Q17-R17-S17-T17+U17+V17 -> 64.5988 | AA17: 0 | AD17: 31 | AE17: =AE16-AD17 -> 4751 | AG17: =N17+O17+P17+Q17+R17+S17+T17+W17+AA17+AD17 -> 100.2 | AH17: =IF(L17<0,L17*-1,0) -> 16.687789 | AI17: =AG17+AH17 -> 116.88779 | AJ17: 0 | AK17: 65 | AL17: 28 | AM17: =44.3*1.9835 -> 87.86905 | AN17: =W17-AM17/1.9835 -> 20.2988
A18: =A17+1 -> 7 | B18: 6900.99 | C18: 287245 | D18: =C18-C17 -> -112 | E18: =C18-152000 -> 135245 | F18: =D18/$D$2 -> -56.465843 | G18: 80 | H18: 0.46 | I18: =G18+H18 -> 80.46 | J18: =IF(L18>0,L18,0) -> 0 | K18: =I18+J18 -> 80.46 | L18: =F18-(I18-AG18) -> -19.325843 | M18: 6.6 | N18: 0 | O18: 0 | P18: 0 | Q18: =1.56*1.02 -> 1.5912 | R18: 2.47 | S18: 0 | T18: =M18-(Q18+R18+S18) -> 2.5388 | U18: 80 | V18: 0 | W18: =M18-N18-P18-O18-Q18-R18-S18-T18+U18+V18 -> 80 | AA18: 0 | AD18: 31 | AE18: =AE17-AD18 -> 4720 | AG18: =N18+O18+P18+Q18+R18+S18+T18+W18+AA18+AD18 -> 117.6 | AH18: =IF(L18<0,L18*-1,0) -> 19.325843 | AI18: =AG18+AH18 -> 136.92584 | AJ18: 0 | AK18: 68 | AL18: 26 | AM18: =AM17+W18*1.9835 -> 246.54905
A19: =A18+1 -> 8 | B19: 6900.96 | C19: 287134 | D19: =C19-C18 -> -111 | E19: =C19-152000 -> 135134 | F19: =D19/$D$2 -> -55.961684 | G19: 78 | H19: 0.67 | I19: =G19+H19 -> 78.67 | J19: =IF(L19>0,L19,0) -> 0 | K19: =I19+J19 -> 78.67 | L19: =F19-(I19-AG19) -> -17.431684 | M19: 6.2 | N19: 0 | O19: 0 | P19: 0 | Q19: =1.56*1.02 -> 1.5912 | R19: 2.36 | S19: 0 | T19: =M19-(Q19+R19+S19) -> 2.2488 | U19: 80 | V19: 0 | W19: =M19-N19-P19-O19-Q19-R19-S19-T19+U19+V19 -> 80 | AA19: 0 | AD19: 31 | AE19: =AE18-AD19 -> 4689 | AG19: =N19+O19+P19+Q19+R19+S19+T19+W19+AA19+AD19 -> 117.2 | AH19: =IF(L19<0,L19*-1,0) -> 17.431684 | AI19: =AG19+AH19 -> 134.63168 | AJ19: 0 | AK19: 69 | AL19: 24 | AM19: =AM18+W19*1.9835 -> 405.22905
A20: =A19+1 -> 9 | B20: 6900.93 | C20: 287023 | D20: =C20-C19 -> -111 | E20: =C20-152000 -> 135023 | F20: =D20/$D$2 -> -55.961684 | G20: 75 | H20: 0.74 | I20: =G20+H20 -> 75.74 | J20: =IF(L20>0,L20,0) -> 0 | K20: =I20+J20 -> 75.74 | L20: =F20-(I20-AG20) -> -15.401684 | M20: 5.3 | N20: 0 | O20: 0 | P20: 0 | Q20: =1.56*1.02 -> 1.5912 | R20: 2.45 | S20: 0 | T20: =M20-(Q20+R20+S20) -> 1.2588 | U20: 80 | V20: 0 | W20: =M20-N20-P20-O20-Q20-R20-S20-T20+U20+V20 -> 80 | AA20: 0 | AD20: 31 | AE20: =AE19-AD20 -> 4658 | AG20: =N20+O20+P20+Q20+R20+S20+T20+W20+AA20+AD20 -> 116.3 | AH20: =IF(L20<0,L20*-1,0) -> 15.401684 | AI20: =AG20+AH20 -> 131.70168 | AJ20: 0 | AK20: 64 | AL20: 27 | AM20: =AM19+W20*1.9835 -> 563.90905
A21: =A20+1 -> 10 | B21: 6900.91 | C21: 286949 | D21: =C21-C20 -> -74 | E21: =C21-152000 -> 134949 | F21: =D21/$D$2 -> -37.307789 | G21: 75 | H21: 0.74 | I21: =G21+H21 -> 75.74 | J21: =IF(L21>0,L21,0) -> 2.8522107 | K21: =I21+J21 -> 78.592211 | L21: =F21-(I21-AG21) -> 2.8522107 | M21: 4.9 | N21: 0 | O21: 0 | P21: 0 | Q21: =1.56*1.02 -> 1.5912 | R21: 2.56 | S21: 0 | T21: =M21-(Q21+R21+S21) -> 0.7488 | U21: 80 | V21: 0 | W21: =M21-N21-P21-O21-Q21-R21-S21-T21+U21+V21 -> 80 | AA21: 0 | AD21: 31 | AE21: =AE20-AD21 -> 4627 | AG21: =N21+O21+P21+Q21+R21+S21+T21+W21+AA21+AD21 -> 115.9 | AH21: =IF(L21<0,L21*-1,0) -> 0 | AI21: =AG21+AH21 -> 115.9 | AJ21: 0 | AK21: 66 | AL21: 29 | AM21: =AM20+W21*1.9835 -> 722.58905
A22: =A21+1 -> 11 | B22: 6900.89 | C22: 286875 | D22: =C22-C21 -> -74 | E22: =C22-152000 -> 134875 | F22: =D22/$D$2 -> -37.307789 | G22: 74 | H22: 0.73 | I22: =G22+H22 -> 74.73 | J22: =IF(L22>0,L22,0) -> 3.6622107 | K22: =I22+J22 -> 78.392211 | L22: =F22-(I22-AG22) -> 3.6622107 | M22: 4.7 | N22: 0 | O22: 0 | P22: 0 | Q22: =1.56*1.02 -> 1.5912 | R22: 2.53 | S22: 0 | T22: =M22-(Q22+R22+S22) -> 0.5788 | U22: 80 | V22: 0 | W22: =M22-N22-P22-O22-Q22-R22-S22-T22+U22+V22 -> 80 | AA22: 0 | AD22: 31 | AE22: =AE21-AD22 -> 4596 | AG22: =N22+O22+P22+Q22+R22+S22+T22+W22+AA22+AD22 -> 115.7 | AH22: =IF(L22<0,L22*-1,0) -> 0 | AI22: =AG22+AH22 -> 115.7 | AJ22: 0 | AK22: 64 | AL22: 26 | AM22: =AM21+W22*1.9835 -> 881.26905
A23: =A22+1 -> 12 | B23: 6900.86 | C23: 286764 | D23: =C23-C22 -> -111 | E23: =C23-152000 -> 134764 | F23: =D23/$D$2 -> -55.961684 | G23: 72 | H23: 0.79 | I23: =G23+H23 -> 72.79 | J23: =IF(L23>0,L23,0) -> 0 | K23: =I23+J23 -> 72.79 | L23: =F23-(I23-AG23) -> -20.651684 | M23: 5.1 | N23: 0 | O23: 0 | P23: 0 | Q23: =1.56*1.02 -> 1.5912 | R23: 2.46 | S23: 0 | T23: =M23-(Q23+R23+S23) -> 1.0488 | U23: 72 | V23: 0 | W23: =M23-N23-P23-O23-Q23-R23-S23-T23+U23+V23 -> 72 | AA23: 0 | AD23: 31 | AE23: =AE22-AD23 -> 4565 | AG23: =N23+O23+P23+Q23+R23+S23+T23+W23+AA23+AD23 -> 108.1 | AH23: =IF(L23<0,L23*-1,0) -> 20.651684 | AI23: =AG23+AH23 -> 128.75168 | AJ23: 0 | AK23: 62 | AL23: 28 | AM23: =AM22+W23*1.9835 -> 1024.0811
A24: =A23+1 -> 13 | B24: 6900.84 | C24: 286690 | D24: =C24-C23 -> -74 | E24: =C24-152000 -> 134690 | F24: =D24/$D$2 -> -37.307789 | G24: 68 | H24: 0.73 | I24: =G24+H24 -> 68.73 | J24: =IF(L24>0,L24,0) -> 2.7622107 | K24: =I24+J24 -> 71.492211 | L24: =F24-(I24-AG24) -> 2.7622107 | M24: 8.8 | N24: 0 | O24: 0 | P24: 0 | Q24: =1.56*1.02 -> 1.5912 | R24: 2.42 | S24: 0 | T24: =M24-(Q24+R24+S24) -> 4.7888 | U24: 69 | V24: 0 | W24: =M24-N24-P24-O24-Q24-R24-S24-T24+U24+V24 -> 69 | AA24: 0 | AD24: 31 | AE24: =AE23-AD24 -> 4534 | AG24: =N24+O24+P24+Q24+R24+S24+T24+W24+AA24+AD24 -> 108.8 | AH24: =IF(L24<0,L24*-1,0) -> 0 | AI24: =AG24+AH24 -> 108.8 | AJ24: 0 | AK24: 63 | AL24: 25 | AM24: =AM23+W24*1.9835 -> 1160.9425
A25: =A24+1 -> 14 | B25: 6900.82 | C25: 286616 | D25: =C25-C24 -> -74 | E25: =C25-152000 -> 134616 | F25: =D25/$D$2 -> -37.307789 | G25: 61 | H25: 0.62 | I25: =G25+H25 -> 61.62 | J25: =IF(L25>0,L25,0) -> 0.47221074 | K25: =I25+J25 -> 62.092211 | L25: =F25-(I25-AG25) -> 0.47221074 | M25: 4.4 | N25: 0 | O25: 0 | P25: 0 | Q25: =1.56*1.02 -> 1.5912 | R25: 2.33 | S25: 0 | T25: =M25-(Q25+R25+S25) -> 0.4788 | U25: 64 | V25: 0 | W25: =M25-N25-P25-O25-Q25-R25-S25-T25+U25+V25 -> 64 | AA25: 0 | AD25: 31 | AE25: =AE24-AD25 -> 4503 | AG25: =N25+O25+P25+Q25+R25+S25+T25+W25+AA25+AD25 -> 99.4 | AH25: =IF(L25<0,L25*-1,0) -> 0 | AI25: =AG25+AH25 -> 99.4 | AJ25: 0 | AK25: 64 | AL25: 27 | AM25: =AM24+W25*1.9835 -> 1287.8865
A26: =A25+1 -> 15 | B26: 6900.8 | C26: 286541 | D26: =C26-C25 -> -75 | E26: =C26-152000 -> 134541 | F26: =D26/$D$2 -> -37.811949 | G26: 59 | H26: 0.67 | I26: =G26+H26 -> 59.67 | J26: =IF(L26>0,L26,0) -> 0 | K26: =I26+J26 -> 59.67 | L26: =F26-(I26-AG26) -> -1.7819486 | M26: 3.7 | N26: 0 | O26: 0 | P26: 0 | Q26: =1.56*1.02 -> 1.5912 | R26: 2.33 | S26: 0 | T26: =M26-(Q26+R26+S26) -> -0.2212 | U26: 61 | V26: 0 | W26: =M26-N26-P26-O26-Q26-R26-S26-T26+U26+V26 -> 61 | AA26: 0 | AD26: 31 | AE26: =AE25-AD26 -> 4472 | AG26: =N26+O26+P26+Q26+R26+S26+T26+W26+AA26+AD26 -> 95.7 | AH26: =IF(L26<0,L26*-1,0) -> 1.7819486 | AI26: =AG26+AH26 -> 97.481949 | AJ26: 0 | AK26: 62 | AL26: 25 | AM26: =AM25+W26*1.9835 -> 1408.88
A27: =A26+1 -> 16 | B27: 6900.78 | C27: 286467 | D27: =C27-C26 -> -74 | E27: =C27-152000 -> 134467 | F27: =D27/$D$2 -> -37.307789 | G27: 58 | H27: 0.48 | I27: =G27+H27 -> 58.48 | J27: =IF(L27>0,L27,0) -> 0 | K27: =I27+J27 -> 58.48 | L27: =F27-(I27-AG27) -> -0.38778926 | M27: 3.4 | N27: 0 | O27: 0 | P27: 0 | Q27: =1.56*1.02 -> 1.5912 | R27: 2.53 | S27: 0 | T27: =M27-(Q27+R27+S27) -> -0.7212 | U27: 61 | V27: 0 | W27: =M27-N27-P27-O27-Q27-R27-S27-T27+U27+V27 -> 61 | AA27: 0 | AD27: 31 | AE27: =AE26-AD27 -> 4441 | AG27: =N27+O27+P27+Q27+R27+S27+T27+W27+AA27+AD27 -> 95.4 | AH27: =IF(L27<0,L27*-1,0) -> 0.38778926 | AI27: =AG27+AH27 -> 95.787789 | AJ27: 0 | AK27: 63 | AL27: 26 | AM27: =AM26+W27*1.9835 -> 1529.8736
A28: =A27+1 -> 17 | B28: 6900.76 | C28: 286393 | D28: =C28-C27 -> -74 | E28: =C28-152000 -> 134393 | F28: =D28/$D$2 -> -37.307789 | G28: 57 | H28: 0.37 | I28: =G28+H28 -> 57.37 | J28: =IF(L28>0,L28,0) -> 0.62221074 | K28: =I28+J28 -> 57.992211 | L28: =F28-(I28-AG28) -> 0.62221074 | M28: 3.3 | N28: 0 | O28: 0 | P28: 0 | Q28: =1.56*1.02 -> 1.5912 | R28: 3.05 | S28: 0 | T28: =M28-(Q28+R28+S28) -> -1.3412 | U28: 61 | V28: 0 | W28: =M28-N28-P28-O28-Q28-R28-S28-T28+U28+V28 -> 61 | AA28: 0 | AD28: 31 | AE28: =AE27-AD28 -> 4410 | AG28: =N28+O28+P28+Q28+R28+S28+T28+W28+AA28+AD28 -> 95.3 | AH28: =IF(L28<0,L28*-1,0) -> 0 | AI28: =AG28+AH28 -> 95.3 | AJ28: 0 | AK28: 63 | AL28: 30 | AM28: =AM27+W28*1.9835 -> 1650.8671
A29: =A28+1 -> 18 | B29: 6900.74 | C29: 286319 | D29: =C29-C28 -> -74 | E29: =C29-152000 -> 134319 | F29: =D29/$D$2 -> -37.307789 | G29: 56 | H29: 0.25 | I29: =G29+H29 -> 56.25 | J29: =IF(L29>0,L29,0) -> 1.5422107 | K29: =I29+J29 -> 57.792211 | L29: =F29-(I29-AG29) -> 1.5422107 | M29: 3.1 | N29: 0 | O29: 0 | P29: 0 | Q29: =1.56*1.02 -> 1.5912 | R29: 2.743 | S29: 0 | T29: =M29-(Q29+R29+S29) -> -1.2342 | U29: 61 | V29: 0 | W29: =M29-N29-P29-O29-Q29-R29-S29-T29+U29+V29 -> 61 | AA29: 0 | AD29: 31 | AE29: =AE28-AD29 -> 4379 | AG29: =N29+O29+P29+Q29+R29+S29+T29+W29+AA29+AD29 -> 95.1 | AH29: =IF(L29<0,L29*-1,0) -> 0 | AI29: =AG29+AH29 -> 95.1 | AJ29: 0 | AK29: 62 | AL29: 28 | AM29: =AM28+W29*1.9835 -> 1771.8606
... A40: =A39+1 -> 29 | B40: 6900.4 | C40: 285061 | D40: =C40-C39 -> -148 | E40: =C40-152000 -> 133061 | F40: =D40/$D$2 -> -74.615579 | G40: 49 | H40: 0.27 | I40: =G40+H40 -> 49.27 | J40: =IF(L40>0,L40,0) -> 0 | K40: =I40+J40 -> 49.27 | L40: =F40-(I40-AG40) -> -30.385579 | M40: 3.5 | N40: 0 | O40: 0 | P40: 0 | Q40: =1.56*1.02 -> 1.5912 | R40: 2.29 | S40: 0 | T40: =M40-(Q40+R40+S40) -> -0.3812 | U40: 60 | V40: 0 | W40: =M40-N40-P40-O40-Q40-R40-S40-T40+U40+V40 -> 60 | AA40: 0 | AD40: 30 | AE40: =AE39-AD40 -> 4040 | AG40: =N40+O40+P40+Q40+R40+S40+T40+W40+AA40+AD40 -> 93.5 | AH40: =IF(L40<0,L40*-1,0) -> 30.385579 | AI40: =AG40+AH40 -> 123.88558 | AJ40: 0 | AK40: 44 | AL40: 12 | AM40: =AM39+W40*1.9835 -> 3094.8551
A41: 30 | B41: 6900.47 | C41: 285320 | D41: =C41-C40 -> 259 | E41: =C41-152000 -> 133320 | F41: =D41/$D$2 -> 130.57726 | G41: 55 | H41: 0.99 | I41: =G41+H41 -> 55.99 | J41: =IF(L41>0,L41,0) -> 168.98726 | K41: =I41+J41 -> 224.97726 | L41: =F41-(I41-AG41) -> 168.98726 | M41: 3.4 | N41: 0 | O41: 0 | P41: 0 | Q41: =1.56*1.02 -> 1.5912 | R41: 2.29 | S41: 0 | T41: =M41-(Q41+R41+S41) -> -0.4812 | U41: 60 | V41: 0 | W41: =M41-N41-P41-O41-Q41-R41-S41-T41+U41+V41 -> 60 | AA41: 0 | AD41: 31 | AE41: =AE40-AD41 -> 4009 | AG41: =N41+O41+P41+Q41+R41+S41+T41+W41+AA41+AD41 -> 94.4 | AH41: =IF(L41<0,L41*-1,0) -> 0 | AI41: =AG41+AH41 -> 94.4 | AJ41: 1 | AK41: 44 | AL41: 30 | AM41: =AM40+W41*1.9835 -> 3213.865
A43: MONTH / CFS | F43: =SUM(F12:F41) -> -1290.1437 | G43: =SUM(G12:G41) -> 1950 | H43: =SUM(H12:H41) -> 18.44 | I43: =SUM(I12:I41) -> 1968.44 | J43: =SUM(J12:J41) -> 184.71326 | K43: =SUM(K12:K41) -> 2153.1533 | L43: =SUM(L12:L41) -> -155.32369 | M43: =SUM(M12:M41) -> 308.5 | ... O43: =SUM(O12:O41) -> 0 | Q43: =SUM(Q12:Q41) -> 47.736 | R43: =SUM(R12:R41) -> 75.553 | S43: =SUM(S13:S41) -> 0 | T43: =SUM(T13:T41) -> 0.0082 | U43: =SUM(U12:U41) -> 1779.96 | V43: =SUM(V12:V41) -> 84.8 | W43: =SUM(W12:W41)-AN43 -> 1620.3 | AD43: =SUM(AD12:AD41) -> 930 | AF43: =SUM(AF12:AF41) -> 0 | AG43: =SUM(AG12:AG41) -> 3103.26 | AH43: =SUM(AH12:AH41) -> 340.03695 | AI43: =SUM(AI12:AI41) -> 3443.2969 | AJ43: =SUM(AJ12:AJ41) -> 1.24 | AK43: =AVERAGE(AK12:AK41) -> 56.1 | AL43: =AVERAGE(AL12:AL42) -> 23.133333 | AM43: Avg | AN43: =SUM(AN12:AN41) -> 429.6628
A44: MONTH / AF | D44: =SUM(D12:D41) -> -2559 | F44: =F43*$D$2 -> -2559 | G44: =G43*$D$2 -> 3867.825 | H44: =H43*$D$2 -> 36.57574 | I44: =I43*$D$2 -> 3904.4007 | J44: =J43*$D$2 -> 366.37876 | K44: =K43*$D$2 -> 4270.7795 | L44: =L43*$D$2 -> -308.08453 | M44: =M43*$D$2 -> 611.90975 | ... O44: =O43*$D$2 -> 0 | Q44: =Q43*$D$2 -> 94.684356 | R44: =R43*$D$2 -> 149.85938 | S44: =S43*$D$2 -> 0 | T44: =T43*$D$2 -> 0.0162647 | U44: =U43*$D$2 -> 3530.5507 | V44: =V43*$D$2 -> 168.2008 | W44: =W43*$D$2 -> 3213.865 | AD44: =AD43*$D$2 -> 1844.655 | AF44: =AF43*$D$2 -> 0 | AG44: =AG43*$D$2 -> 6155.3162 | AH44: =AH43*$D$2 -> 674.46329 | AI44: =AI43*$D$2 -> 6829.7795 | AK44: =MAX(AK12:AK41) -> 69 | AL44: =MAX(AL12:AL42) -> 30 | AM44: HI | AN44: =AN43*$D$2 -> 852.23616
A46: SEASON / CFS | AK46: =MIN(AK12:AK41) -> 36 | AL46: =MIN(AL12:AL42) -> 10 | AM46: LO
A47: SEASON / AF
A49: YTD / CFS | F49: =F10+F43 -> -1290.1437 | G49: =G10+G43 -> 1950 | H49: =H10+H43 -> 18.44 | I49: =I10+I43 -> 1968.44 | J49: =J10+J43 -> 184.71326 | K49: =K10+K43 -> 2153.1533 | L49: =L10+L43 -> -155.32369 | M49: =M10+M43 -> 308.5 | N49: =N10+N43 -> 0 | O49: 0 | Q49: =Q10+Q43 -> 47.736 | R49: =R10+R43 -> 75.553 | S49: =S10+S43 -> 0 | T49: =T10+T43 -> 0.0082 | U49: =U10+U43 -> 1779.96 | V49: =V10+V43 -> 84.8 | W49: =W10+W43 -> 1620.3 | AD49: =AD10+AD43 -> 930 | AE49: =AE41 -> 4009 | AF49: =AF10+AF43 -> 0 | AG49: =AG10+AG43 -> 3103.26 | AH49: =AH10+AH43 -> 340.03695 | AI49: =AI10+AI43 -> 3443.2969 | AJ49: =AJ10+AJ43 -> 1.24 | AN49: =AN10+AN43 -> 750.6628
A50: YTD / AF | D50: =D10+D44 -> -2559 | E50: =E41 -> 133320 | F50: =F49*$D$2 -> -2559 | G50: =G49*$D$2 -> 3867.825 | H50: =H49*$D$2 -> 36.57574 | I50: =I49*$D$2 -> 3904.4007 | J50: =J49*$D$2 -> 366.37876 | K50: =K49*$D$2 -> 4270.7795 | L50: =L49*$D$2 -> -308.08453 | M50: =M49*$D$2 -> 611.90975 | ... O50: =O49*$D$2 -> 0 | Q50: =Q49*$D$2 -> 94.684356 | R50: =R49*$D$2 -> 149.85938 | S50: =S49*$D$2 -> 0 | T50: =T49*$D$2 -> 0.0162647 | U50: =U49*$D$2 -> 3530.5507 | V50: =V49*$D$2 -> 168.2008 | W50: =W49*$D$2 -> 3213.865 | AD50: =AD49*$D$2 -> 1844.655 | AE50: =AE49*$D$2 -> 7951.8515 | AF50: =AF49*$D$2 -> 0 | AG50: =AG49*$D$2 -> 6155.3162 | AH50: =AH49*$D$2 -> 674.46329 | AI50: =AI49*$D$2 -> 6829.7795 | AM50: =AM41 -> 3213.865 | AN50: =AN49*$D$2 -> 1488.9397

Sheet DEC
K1: MCPHEE RESERVOIR INFLOW/OUTFLOW TABULATION
A2: AF/cfs CONVERT FACTOR | D2: 1.9835 | K2: DECEMBER "2007"
D4: RESERVOIR | U4: INFLOW/OUTFLOW (CFS) | AK4: WEATHER | AO4: ADJUSTMENTS
A5: DATE | B5: RESERV | C5: RESERV | D5: AC FT | E5: ACTIVE | F5: CONV TO | G5: DOLORES | H5: LOST | I5: RECORD | J5: CALC | K5: TOTAL | L5: CALC | M5: DOLORES TUNNEL | U5: LONE | V5: U | W5: TOTAL | X5: MVI | Y5: TO EX & | Z5: MVI | AA5: DV CR | AB5: D/S SENIOR | AD5: BELOW | AE5: FISH | AF5: SPILL | AG5: RECORD | AH5: CALC | AI5: TOTAL | AJ5: RAIN | AK5: MAX | AL5: MIN | AM5: NAR | AN5: MVI | AO5: MVI | AP5: MVI | AQ5: U/S | AR5: TOTTEN | AS5: UTES
A6: DEC | B6: ELEV | C6: AC FT | D6: CHANGE | E6: CAP | F6: CFS | G6: RIVER | H6: CAN | I6: INFLOW | J6: INFLOW | K6: INFLOW | L6: INF/OTF | M6: TOT DIV | N6: WET | O6: UTE | P6: QUEST | Q6: MWC | R6: CTZ | S6: CTZ & | T6: F-BAY | U6: PINE | V6: LAT | W6: MVI | X6: CALL | Y6: U/S EX | Z6: PROJ | AA6: CANAL | AD6: MCP | AE6: LEFT | AG6: OTF | AH6: OTF | AI6: OTF | AK6: TMP | AL6: TMP | AM6: CALL | AN6: STOCK | AO6: STORED | AP6: STORED | AQ6: USERS | AR6: (FRESH | AS6: FROM
E7: AC FT | N7: LAND | O7: F&R | S7: UTE | T7: SPILL | AM7: AC.FT. | AN7: CFS | AO7: Apr-Jun | AP7: EVAP | AQ7: EXCH | AR7: WATER) | AS7: MVIC
N8: 1.03 | O8: 1.05 | P8: 1.02 | Q8: 1.02 | R8: 1.04 | S8: PROJ | AP8: AC.FT.
A9: SEASON BAL
A10: YTD | B10: =NOV!B41 -> 6900.47 | C10: =NOV!C41 -> 285320 | D10: =NOV!D50 -> -2559 | E10: =NOV!E50 -> 133320 | F10: =NOV!F49 -> -1290.1437 | G10: =NOV!G49 -> 1950 | H10: =NOV!H49 -> 18.44 | I10: =NOV!I49 -> 1968.44 | J10: =NOV!J49 -> 184.71326 | K10: =NOV!K49 -> 2153.1533 | L10: =NOV!L49 -> -155.32369 | M10: =NOV!M49 -> 308.5 | ... O10: =NOV!O49 -> 0 | Q10: =NOV!Q49 -> 47.736 | R10: =NOV!R49 -> 75.553 | S10: =NOV!S49 -> 0 | T10: =NOV!T49 -> 0.0082 | U10: =NOV!U49 -> 1779.96 | V10: =NOV!V49 -> 84.8 | W10: =NOV!W49 -> 1620.3 | AD10: =NOV!AD49 -> 930 | AE10: =NOV!AE49 -> 4009 | AF10: =NOV!AF49 -> 0 | AG10: =NOV!AG49 -> 3103.26 | AH10: =NOV!AH49 -> 340.03695 | AI10: =NOV!AI49 -> 3443.2969 | AJ10: =NOV!AJ49 -> 1.24 | AM10: =NOV!AM50 -> 3213.865 | AN10: =NOV!AN49 -> 750.6628
A12: 1 | B12: 6900.7 | C12: 286171 | D12: =C12-C10 -> 851 | E12: =C12-152000 -> 134171 | F12: =D12/$D$2 -> 429.03958 | G12: 251 | H12: 12 | I12: =G12+H12 -> 263 | J12: =IF(L12>0,L12,0) -> 261.13958 | K12: =I12+J12 -> 524.13958 | L12: =F12-(I12-AG12) -> 261.13958 | M12: 3.1 | N12: 0 | O12: 0 | P12: 0 | Q12: =1.38*1.02 -> 1.4076 | R12: 2.28 | S12: 0 | T12: =M12-(Q12+R12+S12) -> -0.5876 | U12: 60 | V12: 0 | W12: =M12-N12-O12-P12-Q12-R12-S12-T12+U12+V12 -> 60 | AA12: 0 | AD12: 32 | AE12: =AE10-AD12 -> 3977 | AG12: =N12+O12+P12+Q12+R12+S12+T12+W12+AA12+AD12 -> 95.1 | AH12: =IF(L12<0,L12*-1,0) -> 0 | AI12: =AG12+AH12 -> 95.1 | AJ12: 0.84 | AK12: 44 | AL12: 33 | AM12: =AM10+(W12*1.9835) -> 3332.8751 | AN12: 0
A13: =A12+1 -> 2 | B13: 6900.77 | C13: 286430 | D13: =C13-C12 -> 259 | E13: =C13-152000 -> 134430 | F13: =D13/$D$2 -> 130.57726 | G13: 168 | H13: 6.2 | I13: =G13+H13 -> 174.2 | J13: =IF(L13>0,L13,0) -> 51.677262 | K13: =I13+J13 -> 225.87726 | L13: =F13-(I13-AG13) -> 51.677262 | M13: 3.3 | N13: 0 | O13: 0 | P13: 0 | Q13: =1.38*1.02 -> 1.4076 | R13: 2.3 | S13: 0 | T13: =M13-(Q13+R13+S13) -> -0.4076 | U13: 61 | V13: 0 | W13: =M13-N13-O13-P13-Q13-R13-S13-T13+U13+V13 -> 61 | AA13: 0 | AD13: 31 | AE13: =AE12-AD13 -> 3946 | AG13: =N13+O13+P13+Q13+R13+S13+T13+W13+AA13+AD13 -> 95.3 | AH13: =IF(L13<0,L13*-1,0) -> 0 | AI13: =AG13+AH13 -> 95.3 | AJ13: 0 | AK13: 38 | AL13: 25 | AM13: =AM12+(W13*1.9835) -> 3453.8686 | AN13: 0
A14: =A13+1 -> 3 | B14: 6900.75 | C14: 286356 | D14: =C14-C13 -> -74 | E14: =C14-152000 -> 134356 | F14: =D14/$D$2 -> -37.307789 | G14: 110 | H14: 2.8 | I14: =G14+H14 -> 112.8 | J14: =IF(L14>0,L14,0) -> 0 | K14: =I14+J14 -> 112.8 | L14: =F14-(I14-AG14) -> -55.507789 | M14: 3.6 | N14: 0 | O14: 0 | P14: 0 | Q14: =1.38*1.02 -> 1.4076 | R14: 2.26 | S14: 0 | T14: =M14-(Q14+R14+S14) -> -0.0676 | U14: 60 | V14: 0 | W14: =M14-N14-O14-P14-Q14-R14-S14-T14+U14+V14 -> 60 | AA14: 0 | AD14: 31 | AE14: =AE13-AD14 -> 3915 | AG14: =N14+O14+P14+Q14+R14+S14+T14+W14+AA14+AD14 -> 94.6 | AH14: =IF(L14<0,L14*-1,0) -> 55.507789 | AI14: =AG14+AH14 -> 150.10779 | AJ14: 0 | AK14: 46 | AL14: 21 | AM14: =AM13+(W14*1.9835) -> 3572.8785 | AN14: 0
A15: =A14+1 -> 4 | B15: 6900.73 | C15: 286282 | D15: =C15-C14 -> -74 | E15: =C15-152000 -> 134282 | F15: =D15/$D$2 -> -37.307789 | G15: 90 | H15: 1.9 | I15: =G15+H15 -> 91.9 | J15: =IF(L15>0,L15,0) -> 0 | K15: =I15+J15 -> 91.9 | L15: =F15-(I15-AG15) -> -35.107789 | M15: 3.1 | N15: 0 | O15: 0 | P15: 0 | Q15: =1.38*1.02 -> 1.4076 | R15: 2.26 | S15: 0 | T15: =M15-(Q15+R15+S15) -> -0.5676 | U15: 60 | V15: 0 | W15: =M15-N15-O15-P15-Q15-R15-S15-T15+U15+V15 -> 60 | AA15: 0 | AD15: 31 | AE15: =AE14-AD15 -> 3884 | AG15: =N15+O15+P15+Q15+R15+S15+T15+W15+AA15+AD15 -> 94.1 | AH15: =IF(L15<0,L15*-1,0) -> 35.107789 | AI15: =AG15+AH15 -> 129.20779 | AJ15: 0 | AK15: 49 | AL15: 26 | AM15: =AM14+(W15*1.9835) -> 3691.8886 | AN15: 0
A16: =A15+1 -> 5 | B16: 6900.71 | C16: 286208 | D16: =C16-C15 -> -74 | E16: =C16-152000 -> 134208 | F16: =D16/$D$2 -> -37.307789 | G16: 84 | H16: 1.7 | I16: =G16+H16 -> 85.7 | J16: =IF(L16>0,L16,0) -> 0 | K16: =I16+J16 -> 85.7 | L16: =F16-(I16-AG16) -> -28.207789 | M16: 3.8 | N16: 0 | O16: 0 | P16: 0 | Q16: =1.38*1.02 -> 1.4076 | R16: 2.22 | S16: 0 | T16: =M16-(Q16+R16+S16) -> 0.1724 | U16: 60 | V16: 0 | W16: =M16-N16-O16-P16-Q16-R16-S16-T16+U16+V16 -> 60 | AA16: 0 | AD16: 31 | AE16: =AE15-AD16 -> 3853 | AG16: =N16+O16+P16+Q16+R16+S16+T16+W16+AA16+AD16 -> 94.8 | AH16: =IF(L16<0,L16*-1,0) -> 28.207789 | AI16: =AG16+AH16 -> 123.00779 | AJ16: 0 | AK16: 44 | AL16: 27 | AM16: =AM15+(W16*1.9835) -> 3810.8985 | AN16: 0
A17: =A16+1 -> 6 | B17: 6900.69 | C17: 286134 | D17: =C17-C16 -> -74 | E17: =C17-152000 -> 134134 | F17: =D17/$D$2 -> -37.307789 | G17: 79 | H17: 1.6 | I17: =G17+H17 -> 80.6 | J17: =IF(L17>0,L17,0) -> 0 | K17: =I17+J17 -> 80.6 | L17: =F17-(I17-AG17) -> -22.907789 | M17: 4 | N17: 0 | O17: 0 | P17: 0 | Q17: =1.38*1.02 -> 1.4076 | R17: 2.25 | S17: 0 | T17: =M17-(Q17+R17+S17) -> 0.3424 | U17: 60 | V17: 0 | W17: =M17-N17-O17-P17-Q17-R17-S17-T17+U17+V17 -> 60 | AA17: 0 | AD17: 31 | AE17: =AE16-AD17 -> 3822 | AG17: =N17+O17+P17+Q17+R17+S17+T17+W17+AA17+AD17 -> 95 | AH17: =IF(L17<0,L17*-1,0) -> 22.907789 | AI17: =AG17+AH17 -> 117.90779 | AJ17: 0.2 | AK17: 46 | AL17: 30 | AM17: =AM16+(W17*1.9835) -> 3929.9086 | AN17: 0
A18: =A17+1 -> 7 | B18: 6900.81 | C18: 286579 | D18: =C18-C17 -> 445 | E18: =C18-152000 -> 134579 | F18: =D18/$D$2 -> 224.35089 | G18: 98 | H18: 6.2 | I18: =G18+H18 -> 104.2 | J18: =IF(L18>0,L18,0) -> 215.85089 | K18: =I18+J18 -> 320.05089 | L18: =F18-(I18-AG18) -> 215.85089 | M18: 3.7 | N18: 0 | O18: 0 | P18: 0 | Q18: =1.38*1.02 -> 1.4076 | R18: 2.29 | S18: 0 | T18: =M18-(Q18+R18+S18) -> 0.0024 | U18: 60 | V18: 0 | W18: =M18-N18-O18-P18-Q18-R18-S18-T18+U18+V18 -> 60 | AA18: 0 | AD18: 32 | AE18: =AE17-AD18 -> 3790 | AG18: =N18+O18+P18+Q18+R18+S18+T18+W18+AA18+AD18 -> 95.7 | AH18: =IF(L18<0,L18*-1,0) -> 0 | AI18: =AG18+AH18 -> 95.7 | AJ18: 0.93 | AK18: 44 | AL18: 33 | AM18: =AM17+(W18*1.9835) -> 4048.9185 | AN18: 0
A19: =A18+1 -> 8 | B19: 6900.9 | C19: 286912 | D19: =C19-C18 -> 333 | E19: =C19-152000 -> 134912 | F19: =D19/$D$2 -> 167.88505 | G19: 150 | H19: 15 | I19: =G19+H19 -> 165 | J19: =IF(L19>0,L19,0) -> 97.485052 | K19: =I19+J19 -> 262.48505 | L19: =F19-(I19-AG19) -> 97.485052 | M19: 3.6 | N19: 0 | O19: 0 | P19: 0 | Q19: =1.38*1.02 -> 1.4076 | R19: 2.32 | S19: 0 | T19: =M19-(Q19+R19+S19) -> -0.1276 | U19: 60 | V19: 0 | W19: =M19-N19-O19-P19-Q19-R19-S19-T19+U19+V19 -> 60 | AA19: 0 | AD19: 31 | AE19: =AE18-AD19 -> 3759 | AG19: =N19+O19+P19+Q19+R19+S19+T19+W19+AA19+AD19 -> 94.6 | AH19: =IF(L19<0,L19*-1,0) -> 0 | AI19: =AG19+AH19 -> 94.6 | AJ19: 0.37 | AK19: 38 | AL19: 26 | AM19: =AM18+(W19*1.9835) -> 4167.9285 | AN19: 0
A20: =A19+1 -> 9 | B20: 6900.96 | C20: 287134 | D20: =C20-C19 -> 222 | E20: =C20-152000 -> 135134 | F20: =D20/$D$2 -> 111.92337 | G20: 113 | H20: 7.4 | I20: =G20+H20 -> 120.4 | J20: =IF(L20>0,L20,0) -> 86.923368 | K20: =I20+J20 -> 207.32337 | L20: =F20-(I20-AG20) -> 86.923368 | M20: 3.4 | N20: 0 | O20: 0 | P20: 0 | Q20: =1.38*1.02 -> 1.4076 | R20: 2.29 | S20: 0 | T20: =M20-(Q20+R20+S20) -> -0.2976 | U20: 61 | V20: 0 | W20: =M20-N20-O20-P20-Q20-R20-S20-T20+U20+V20 -> 61 | AA20: 0 | AD20: 31 | AE20: =AE19-AD20 -> 3728 | AG20: =N20+O20+P20+Q20+R20+S20+T20+W20+AA20+AD20 -> 95.4 | AH20: =IF(L20<0,L20*-1,0) -> 0 | AI20: =AG20+AH20 -> 95.4 | AJ20: 0 | AK20: 34 | AL20: 19 | AM20: =AM19+(W20*1.9835) -> 4288.9221 | AN20: 0
A21: =A20+1 -> 10 | B21: 6900.92 | C21: 286986 | D21: =C21-C20 -> -148 | E21: =C21-152000 -> 134986 | F21: =D21/$D$2 -> -74.615579 | G21: 98 | H21: 5.4 | I21: =G21+H21 -> 103.4 | J21: =IF(L21>0,L21,0) -> 0 | K21: =I21+J21 -> 103.4 | L21: =F21-(I21-AG21) -> -65.415579 | M21: 3.6 | N21: 0 | O21: 0 | P21: 0 | Q21: =1.38*1.02 -> 1.4076 | R21: 2.26 | S21: 0 | T21: =M21-(Q21+R21+S21) -> -0.0676 | U21: 78 | V21: 0 | W21: =M21-N21-O21-P21-Q21-R21-S21-T21+U21+V21 -> 78 | AA21: 0 | AD21: 31 | AE21: =AE20-AD21 -> 3697 | AG21: =N21+O21+P21+Q21+R21+S21+T21+W21+AA21+AD21 -> 112.6 | AH21: =IF(L21<0,L21*-1,0) -> 65.415579 | AI21: =AG21+AH21 -> 178.01558 | AJ21: 0.16 | AK21: 39 | AL21: 25 | AM21: =AM20+(W21*1.9835) -> 4443.635 | AN21: 0
A22: =A21+1 -> 11 | B22: 6900.97 | C22: 287171 | D22: =C22-C21 -> 185 | E22: =C22-152000 -> 135171 | F22: =D22/$D$2 -> 93.269473 | G22: 90 | H22: 4.1 | I22: =G22+H22 -> 94.1 | J22: =IF(L22>0,L22,0) -> 124.76947 | K22: =I22+J22 -> 218.86947 | L22: =F22-(I22-AG22) -> 124.76947 | M22: 3.6 | N22: 0 | O22: 0 | P22: 0 | Q22: =1.38*1.02 -> 1.4076 | R22: 2.32 | S22: 0 | T22: =M22-(Q22+R22+S22) -> -0.1276 | U22: 91 | V22: 0 | W22: =M22-N22-O22-P22-Q22-R22-S22-T22+U22+V22 -> 91 | AA22: 0 | AD22: 31 | AE22: =AE21-AD22 -> 3666 | AG22: =N22+O22+P22+Q22+R22+S22+T22+W22+AA22+AD22 -> 125.6 | AH22: =IF(L22<0,L22*-1,0) -> 0 | AI22: =AG22+AH22 -> 125.6 | AJ22: 0.12 | AK22: 34 | AL22: 22 | AM22: =AM21+(W22*1.9835) -> 4624.1335 | AN22: 0
A23: =A22+1 -> 12 | B23: 6900.99 | C23: 287245 | D23: =C23-C22 -> 74 | E23: =C23-152000 -> 135245 | F23: =D23/$D$2 -> 37.307789 | G23: 72 | H23: 2.9 | I23: =G23+H23 -> 74.9 | J23: =IF(L23>0,L23,0) -> 86.907789 | K23: =I23+J23 -> 161.80779 | L23: =F23-(I23-AG23) -> 86.907789 | M23: 3.5 | N23: 0 | O23: 0 | P23: 0 | Q23: =1.38*1.02 -> 1.4076 | R23: 2.45 | S23: 0 | T23: =M23-(Q23+R23+S23) -> -0.3576 | U23: 90 | V23: 0 | W23: =M23-N23-O23-P23-Q23-R23-S23-T23+U23+V23 -> 90 | AA23: 0 | AD23: 31 | AE23: =AE22-AD23 -> 3635 | AG23: =N23+O23+P23+Q23+R23+S23+T23+W23+AA23+AD23 -> 124.5 | AH23: =IF(L23<0,L23*-1,0) -> 0 | AI23: =AG23+AH23 -> 124.5 | AJ23: 0 | AK23: 33 | AL23: 12 | AM23: =AM22+(W23*1.9835) -> 4802.6485 | AN23: 0
A24: =A23+1 -> 13 | B24: 6900.96 | C24: 287134 | D24: =C24-C23 -> -111 | E24: =C24-152000 -> 135134 | F24: =D24/$D$2 -> -55.961684 | G24: 70 | H24: 2.3 | I24: =G24+H24 -> 72.3 | J24: =IF(L24>0,L24,0) -> 0 | K24: =I24+J24 -> 72.3 | L24: =F24-(I24-AG24) -> -3.5616839 | M24: 3.7 | N24: 0 | O24: 0 | P24: 0 | Q24: =1.38*1.02 -> 1.4076 | R24: 2.55 | S24: 0 | T24: =M24-(Q24+R24+S24) -> -0.2576 | U24: 90 | V24: 0 | W24: =M24-N24-O24-P24-Q24-R24-S24-T24+U24+V24 -> 90 | AA24: 0 | AD24: 31 | AE24: =AE23-AD24 -> 3604 | AG24: =N24+O24+P24+Q24+R24+S24+T24+W24+AA24+AD24 -> 124.7 | AH24: =IF(L24<0,L24*-1,0) -> 3.5616839 | AI24: =AG24+AH24 -> 128.26168 | AJ24: 0 | AK24: 32 | AL24: 12 | AM24: =AM23+(W24*1.9835) -> 4981.1636 | AN24: 0
... A40: =A39+1 -> 29 | B40: 6900.7 | C40: 286171 | D40: =C40-C39 -> -37 | E40: =C40-152000 -> 134171 | F40: =D40/$D$2 -> -18.653895 | G40: 71 | H40: 2.4 | I40: =G40+H40 -> 73.4 | J40: =IF(L40>0,L40,0) -> 0 | K40: =I40+J40 -> 73.4 | L40: =F40-(I40-AG40) -> -20.653895 | M40: 3.4 | N40: 0 | O40: 0 | P40: 0 | Q40: =1.38*1.02 -> 1.4076 | R40: 2.52 | S40: 0 | T40: =M40-(Q40+R40+S40) -> -0.5276 | U40: 37 | V40: 0 | W40: =M40-N40-O40-P40-Q40-R40-S40-T40+U40+V40 -> 37 | AA40: 0 | AD40: 31 | AE40: =AE39-AD40 -> 3109 | AG40: =N40+O40+P40+Q40+R40+S40+T40+W40+AA40+AD40 -> 71.4 | AH40: =IF(L40<0,L40*-1,0) -> 20.653895 | AI40: =AG40+AH40 -> 92.053895 | AJ40: 0 | AK40: 28 | AL40: 0 | AM40: =AM39+(W40*1.9835) -> 6548.1286 | AN40: 0
A41: 30 | B41: 6900.69 | C41: 286134 | D41: =C41-C40 -> -37 | E41: =C41-152000 -> 134134 | F41: =D41/$D$2 -> -18.653895 | G41: 71 | H41: 2.2 | I41: =G41+H41 -> 73.2 | J41: =IF(L41>0,L41,0) -> 0 | K41: =I41+J41 -> 73.2 | L41: =F41-(I41-AG41) -> -20.453895 | M41: 3.4 | N41: 0 | O41: 0 | P41: 0 | Q41: =1.38*1.02 -> 1.4076 | R41: 2.52 | S41: 0 | T41: =M41-(Q41+R41+S41) -> -0.5276 | U41: 37 | V41: 0 | W41: =M41-N41-O41-P41-Q41-R41-S41-T41+U41+V41 -> 37 | AA41: 0 | AD41: 31 | AE41: =AE40-AD41 -> 3078 | AG41: =N41+O41+P41+Q41+R41+S41+T41+W41+AA41+AD41 -> 71.4 | AH41: =IF(L41<0,L41*-1,0) -> 20.453895 | AI41: =AG41+AH41 -> 91.853895 | AJ41: 0 | AK41: 31 | AL41: 7 | AM41: =AM40+(W41*1.9835) -> 6621.518 | AN41: 0
A42: 31 | B42: 6900.68 | C42: 286097 | D42: =C42-C41 -> -37 | E42: =C42-152000 -> 134097 | F42: =D42/$D$2 -> -18.653895 | G42: 71 | H42: 2.2 | I42: =G42+H42 -> 73.2 | J42: =IF(L42>0,L42,0) -> 0 | K42: =I42+J42 -> 73.2 | L42: =F42-(I42-AG42) -> -20.453895 | M42: 3.4 | N42: 0 | O42: 0 | P42: 0 | Q42: =1.38*1.02 -> 1.4076 | R42: 2.4 | S42: 0 | T42: =M42-(Q42+R42+S42) -> -0.4076 | U42: 37 | V42: 0 | W42: =M42-N42-O42-P42-Q42-R42-S42-T42+U42+V42 -> 37 | AA42: 0 | AD42: 31 | AE42: =AE41-AD42 -> 3047 | AG42: =N42+O42+P42+Q42+R42+S42+T42+W42+AA42+AD42 -> 71.4 | AH42: =IF(L42<0,L42*-1,0) -> 20.453895 | AI42: =AG42+AH42 -> 91.853895 | AJ42: 0 | AK42: 29 | AL42: 8 | AM42: =AM41+(W42*1.9835) -> 6694.9075 | AN42: 0
W43: =M43-N43-O43-Q43-R43-S43+U43+V43 -> 0 | AG43: =N43+O43+Q43+R43+S43+W43+AA43+AD43 -> 0
A44: MONTH / CFS | F44: =SUM(F12:F42) -> 391.73179 | G44: =SUM(G12:G42) -> 2771 | H44: =SUM(H12:H42) -> 100.01 | I44: =SUM(I12:I42) -> 2871.01 | J44: =SUM(J12:J42) -> 995.20731 | K44: =SUM(K12:K42) -> 3866.2173 | L44: =SUM(L12:L42) -> 343.52179 | M44: =SUM(M12:M43) -> 105.8 | N44: =SUM(N12:N42) -> 0 | O44: =SUM(O12:O42) -> 0 | Q44: =SUM(Q12:Q42) -> 43.6356 | R44: =SUM(R12:R42) -> 75.84 | S44: =SUM(S12:S42) -> 0 | T44: =SUM(T12:T42) -> -13.6756 | U44: =SUM(U12:U42) -> 1755 | V44: =SUM(V12:V42) -> 0 | W44: =SUM(W12:W43) -> 1755 | AD44: =SUM(AD12:AD43) -> 962 | AF44: =SUM(AF13:AF42) -> 0 | AG44: =SUM(AG12:AG43) -> 2822.8 | AH44: =SUM(AH12:AH42) -> 651.68552 | AI44: =SUM(AI12:AI42) -> 3474.4855 | AJ44: =SUM(AJ12:AJ42) -> 2.81 | AK44: =AVERAGE(AK12:AK42) -> 35.580645 | AL44: =AVERAGE(AL12:AL42) -> 15.16129 | AM44: Avg | AN44: =SUM(AN12:AN42) -> 0
A45: MONTH / AF | D45: =SUM(D12:D42) -> 777 | F45: =F44*$D$2 -> 777 | G45: =G44*$D$2 -> 5496.2785 | H45: =H44*$D$2 -> 198.36983 | I45: =I44*$D$2 -> 5694.6483 | J45: =J44*$D$2 -> 1973.9937 | K45: =K44*$D$2 -> 7668.642 | L45: =L44*$D$2 -> 681.37546 | M45: =M44*$D$2 -> 209.8543 | ... O45: =O44*$D$2 -> 0 | Q45: =Q44*$D$2 -> 86.551213 | R45: =R44*$D$2 -> 150.42864 | S45: =S44*$D$2 -> 0 | T45: =T44*$D$2 -> -27.125553 | U45: =U44*$D$2 -> 3481.0425 | V45: =V44*$D$2 -> 0 | W45: =W44*$D$2 -> 3481.0425 | AD45: =AD44*$D$2 -> 1908.127 | AF45: =AF44*$D$2 -> 0 | AG45: =AG44*$D$2 -> 5599.0238 | AH45: =AH44*$D$2 -> 1292.6182 | AI45: =AI44*$D$2 -> 6891.642 | AK45: =MAX(AK12:AK42) -> 49 | AL45: =MAX(AL12:AL42) -> 33 | AM45: HI | AN45: =AN44*$D$2 -> 0
A47: SEASON / CFS | AK47: =MIN(AK12:AK42) -> 21 | AL47: =MIN(AL12:AL42) -> -2 | AM47: LO
A48: SEASON / AF
A50: YTD / CFS | F50: =F10+F44 -> -898.4119 | G50: =G10+G44 -> 4721 | H50: =H10+H44 -> 118.45 | I50: =I10+I44 -> 4839.45 | J50: =J10+J44 -> 1179.9206 | K50: =K10+K44 -> 6019.3706 | L50: =L10+L44 -> 188.1981 | M50: =M10+M44 -> 414.3 | N50: =N10+N44 -> 0 | O50: 0 | Q50: =Q10+Q44 -> 91.3716 | R50: =R10+R44 -> 151.393 | S50: =S10+S44 -> 0 | T50: =T10+T44 -> -13.6674 | U50: =U10+U44 -> 3534.96 | V50: =V10+V44 -> 84.8 | W50: =W10+W44 -> 3375.3 | AD50: =AD10+AD44 -> 1892 | AE50: =AE42 -> 3047 | AF50: =AF11+AF44 -> 0 | AG50: =AG10+AG44 -> 5926.06 | AH50: =AH10+AH44 -> 991.72247 | AI50: =AI10+AI44 -> 6917.7825 | AJ50: =AJ10+AJ44 -> 4.05 | AN50: =AN10+AN44 -> 750.6628
A51: YTD / AF | D51: =D10+D45 -> -1782 | E51: =E42 -> 134097 | F51: =F50*$D$2 -> -1782 | G51: =G50*$D$2 -> 9364.1035 | H51: =H50*$D$2 -> 234.94557 | I51: =I50*$D$2 -> 9599.0491 | J51: =J50*$D$2 -> 2340.3725 | K51: =K50*$D$2 -> 11939.422 | L51: =L50*$D$2 -> 373.29093 | M51: =M50*$D$2 -> 821.76405 | ... O51: =O50*$D$2 -> 0 | Q51: =Q50*$D$2 -> 181.23557 | R51: =R50*$D$2 -> 300.28802 | S51: =S50*$D$2 -> 0 | T51: =T50*$D$2 -> -27.109288 | U51: =U50*$D$2 -> 7011.5932 | V51: =V50*$D$2 -> 168.2008 | W51: =W50*$D$2 -> 6694.9075 | AD51: =AD50*$D$2 -> 3752.782 | AE51: =AE50*$D$2 -> 6043.7245 | AF51: =AF50*$D$2 -> 0 | AG51: =AG50*$D$2 -> 11754.34 | AH51: =AH50*$D$2 -> 1967.0815 | AI51: =AI50*$D$2 -> 13721.422 | AM51: =AM42 -> 6694.9075 | AN51: =AN50*$D$2 -> 1488.9397

Sheet JAN
K1: MCPHEE RESERVOIR INFLOW/OUTFLOW TABULATION
A2: AF/cfs CONVERT FACTOR | D2: 1.9835 | K2: JANUARY "2008"
D4: RESERVOIR | U4: INFLOW/OUTFLOW (CFS) | AK4: WEATHER | AO4: ADJUSTMENTS
A5: DATE | B5: RESERV | C5: RESERV | D5: AC FT | E5: ACTIVE | F5: CONV TO | G5: DOLORES | H5: LOST | I5: RECORD | J5: CALC | K5: TOTAL | L5: CALC | M5: DOLORES TUNNEL | U5: LONE | V5: U | W5: TOTAL | X5: MVI | Y5: TO EX & | Z5: MVI | AA5: DV CR | AB5: D/S SENIOR | AD5: BELOW | AE5: FISH | AF5: SPILL | AG5: RECORD | AH5: CALC | AI5: TOTAL | AJ5: RAIN | AK5: MAX | AL5: MIN | AM5: NAR | AN5: MVI | AO5: MVI | AP5: MVI | AQ5: U/S | AR5: TOTTEN | AS5: UTES
A6: JAN | B6: ELEV | C6: AC FT | D6: CHANGE | E6: CAP | F6: CFS | G6: RIVER | H6: CAN | I6: INFLOW | J6: INFLOW | K6: INFLOW | L6: INF/OTF | M6: TOT DIV | N6: WET | O6: UTE | P6: QUEST | Q6: MWC | R6: CTZ | S6: CTZ & | T6: F-BAY | U6: PINE | V6: LAT | W6: MVI | X6: CALL | Y6: U/S EX | Z6: PROJ | AA6: CANAL | AD6: MCP | AE6: LEFT | AG6: OTF | AH6: OTF | AI6: OTF | AK6: TMP | AL6: TMP | AM6: CALL | AN6: STOCK | AO6: STORED | AP6: STORED | AQ6: USERS | AR6: (FRESH | AS6: FROM
E7: AC FT | N7: LAND | O7: F&R | S7: UTE | T7: SPILL | AM7: AC.FT. | AN7: CFS | AO7: Apr-Jun | AP7: EVAP | AQ7: EXCH | AR7: WATER) | AS7: MVIC
N8: 1.03 | O8: 1.05 | P8: 1.02 | Q8: 1.02 | R8: 1.04 | S8: PROJ | AP8: AC.FT.
A9: SEASON BAL
A10: YTD | B10: =DEC!B42 -> 6900.68 | C10: =DEC!C42 -> 286097 | D10: =DEC!D51 -> -1782 | E10: =DEC!E51 -> 134097 | F10: =DEC!F50 -> -898.4119 | G10: =DEC!G50 -> 4721 | H10: =DEC!H50 -> 118.45 | I10: =DEC!I50 -> 4839.45 | J10: =DEC!J50 -> 1179.9206 | K10: =DEC!K50 -> 6019.3706 | L10: =DEC!L50 -> 188.1981 | M10: =DEC!M50 -> 414.3 | ... O10: =DEC!O50 -> 0 | Q10: =DEC!Q50 -> 91.3716 | R10: =DEC!R50 -> 151.393 | S10: =DEC!S50 -> 0 | T10: =DEC!T50 -> -13.6674 | U10: =DEC!U50 -> 3534.96 | V10: =DEC!V50 -> 84.8 | W10: =DEC!W50 -> 3375.3 | AD10: =DEC!AD50 -> 1892 | AE10: =DEC!AE50 -> 3047 | AF10: =DEC!AF50 -> 0 | AG10: =DEC!AG50 -> 5926.06 | AH10: =DEC!AH50 -> 991.72247 | AI10: =DEC!AI50 -> 6917.7825 | AJ10: =DEC!AJ50 -> 4.05 | AM10: =DEC!AM51 -> 6694.9075
A12: 1 | B12: 6900.67 | C12: 286060 | D12: =C12-C10 -> -37 | E12: =C12-152000 -> 134060 | F12: =D12/$D$2 -> -18.653895 | G12: 71 | H12: 2.2 | I12: =G12+H12 -> 73.2 | J12: =IF(L12>0,L12,0) -> 0 | K12: =I12+J12 -> 73.2 | L12: =F12-(I12-AG12) -> -20.453895 | M12: 3.4 | N12: 0 | O12: 0 | P12: 0 | Q12: =1.51*1.02 -> 1.5402 | R12: 2.42 | S12: 0 | T12: =M12-(Q12+R12+S12) -> -0.5602 | U12: 37 | V12: 0 | W12: =M12-N12-O12-P12-Q12-R12-S12-T12+U12+V12 -> 37 | AA12: 0 | AD12: 31 | AE12: =AE10-AD12 -> 3016 | AG12: =N12+O12+P12+Q12+R12+S12+T12+W12+AA12+AD12 -> 71.4 | AH12: =IF(L12<0,L12*-1,0) -> 20.453895 | AI12: =AG12+AH12 -> 91.853895 | AJ12: 0 | AK12: 30 | AL12: 0 | AM12: =AM10+(W12*1.9835) -> 6768.2971
A13: =A12+1 -> 2 | B13: 6900.66 | C13: 286023 | D13: =C13-C12 -> -37 | E13: =C13-152000 -> 134023 | F13: =D13/$D$2 -> -18.653895 | G13: 71 | H13: 2 | I13: =G13+H13 -> 73 | J13: =IF(L13>0,L13,0) -> 0 | K13: =I13+J13 -> 73 | L13: =F13-(I13-AG13) -> -20.153895 | M13: 3.5 | N13: 0 | O13: 0 | P13: 0 | Q13: =1.51*1.02 -> 1.5402 | R13: 2.59 | S13: 0 | T13: =M13-(Q13+R13+S13) -> -0.6302 | U13: 37 | V13: 0 | W13: =M13-N13-O13-P13-Q13-R13-S13-T13+U13+V13 -> 37 | AA13: 0 | AD13: 31 | AE13: =AE12-AD13 -> 2985 | AG13: =N13+O13+P13+Q13+R13+S13+T13+W13+AA13+AD13 -> 71.5 | AH13: =IF(L13<0,L13*-1,0) -> 20.153895 | AI13: =AG13+AH13 -> 91.653895 | AJ13: 0 | AK13: 40 | AL13: 8 | AM13: =AM12+(W13*1.9835) -> 6841.6866
A14: =A13+1 -> 3 | B14: 6900.64 | C14: 285949 | D14: =C14-C13 -> -74 | E14: =C14-152000 -> 133949 | F14: =D14/$D$2 -> -37.307789 | G14: 71 | H14: 1.7 | I14: =G14+H14 -> 72.7 | J14: =IF(L14>0,L14,0) -> 0 | K14: =I14+J14 -> 72.7 | L14: =F14-(I14-AG14) -> -38.607789 | M14: 3.4 | N14: 0 | O14: 0 | P14: 0 | Q14: =1.51*1.02 -> 1.5402 | R14: 2.61 | S14: 0 | T14: =M14-(Q14+R14+S14) -> -0.7502 | U14: 37 | V14: 0 | W14: =M14-N14-O14-P14-Q14-R14-S14-T14+U14+V14 -> 37 | AA14: 0 | AD14: 31 | AE14: =AE13-AD14 -> 2954 | AG14: =N14+O14+P14+Q14+R14+S14+T14+W14+AA14+AD14 -> 71.4 | AH14: =IF(L14<0,L14*-1,0) -> 38.607789 | AI14: =AG14+AH14 -> 110.00779 | AJ14: 0 | AK14: 47 | AL14: 17 | AM14: =AM13+(W14*1.9835) -> 6915.076
A15: =A14+1 -> 4 | B15: 6900.62 | C15: 285875 | D15: =C15-C14 -> -74 | E15: =C15-152000 -> 133875 | F15: =D15/$D$2 -> -37.307789 | G15: 71 | H15: 1.7 | I15: =G15+H15 -> 72.7 | J15: =IF(L15>0,L15,0) -> 0 | K15: =I15+J15 -> 72.7 | L15: =F15-(I15-AG15) -> -37.607789 | M15: 3.4 | N15: 0 | O15: 0 | P15: 0 | Q15: =1.51*1.02 -> 1.5402 | R15: 2.74 | S15: 0 | T15: =M15-(Q15+R15+S15) -> -0.8802 | U15: 38 | V15: 0 | W15: =M15-N15-O15-P15-Q15-R15-S15-T15+U15+V15 -> 38 | AA15: 0 | AD15: 31 | AE15: =AE14-AD15 -> 2923 | AG15: =N15+O15+P15+Q15+R15+S15+T15+W15+AA15+AD15 -> 72.4 | AH15: =IF(L15<0,L15*-1,0) -> 37.607789 | AI15: =AG15+AH15 -> 110.00779 | AJ15: 0 | AK15: 45 | AL15: 30 | AM15: =AM14+(W15*1.9835) -> 6990.4491
A16: =A15+1 -> 5 | B16: 6900.72 | C16: 286245 | D16: =C16-C15 -> 370 | E16: =C16-152000 -> 134245 | F16: =D16/$D$2 -> 186.53895 | G16: 71 | H16: 1.7 | I16: =G16+H16 -> 72.7 | J16: =IF(L16>0,L16,0) -> 187.33895 | K16: =I16+J16 -> 260.03895 | L16: =F16-(I16-AG16) -> 187.33895 | M16: 3.5 | N16: 0 | O16: 0 | P16: 0 | Q16: =1.51*1.02 -> 1.5402 | R16: 3.2 | S16: 0 | T16: =M16-(Q16+R16+S16) -> -1.2402 | U16: 38 | V16: 0 | W16: =M16-N16-O16-P16-Q16-R16-S16-T16+U16+V16 -> 38 | AA16: 0 | AD16: 32 | AE16: =AE15-AD16 -> 2891 | AG16: =N16+O16+P16+Q16+R16+S16+T16+W16+AA16+AD16 -> 73.5 | AH16: =IF(L16<0,L16*-1,0) -> 0 | AI16: =AG16+AH16 -> 73.5 | AJ16: 0.93 | AK16: 38 | AL16: 31 | AM16: =AM15+(W16*1.9835) -> 7065.822
A17: =A16+1 -> 6 | B17: 6900.78 | C17: 286467 | D17: =C17-C16 -> 222 | E17: =C17-152000 -> 134467 | F17: =D17/$D$2 -> 111.92337 | G17: 71 | H17: 2.6 | I17: =G17+H17 -> 73.6 | J17: =IF(L17>0,L17,0) -> 109.72337 | K17: =I17+J17 -> 183.32337 | L17: =F17-(I17-AG17) -> 109.72337 | M17: 3.4 | N17: 0 | O17: 0 | P17: 0 | Q17: =1.51*1.02 -> 1.5402 | R17: 3.32 | S17: 0 | T17: =M17-(Q17+R17+S17) -> -1.4602 | U17: 38 | V17: 0 | W17: =M17-N17-O17-P17-Q17-R17-S17-T17+U17+V17 -> 38 | AA17: 0 | AD17: 30 | AE17: =AE16-AD17 -> 2861 | AG17: =N17+O17+P17+Q17+R17+S17+T17+W17+AA17+AD17 -> 71.4 | AH17: =IF(L17<0,L17*-1,0) -> 0 | AI17: =AG17+AH17 -> 71.4 | AJ17: 0.6 | AK17: 37 | AL17: 30 | AM17: =AM16+(W17*1.9835) -> 7141.1951
A18: =A17+1 -> 7 | B18: 6900.78 | C18: 286467 | D18: =C18-C17 -> 0 | E18: =C18-152000 -> 134467 | F18: =D18/$D$2 -> 0 | G18: 71 | H18: 2.2 | I18: =G18+H18 -> 73.2 | J18: =IF(L18>0,L18,0) -> 0 | K18: =I18+J18 -> 73.2 | L18: =F18-(I18-AG18) -> -1.6 | M18: 3.6 | N18: 0 | O18: 0 | P18: 0 | Q18: =1.51*1.02 -> 1.5402 | R18: 3.08 | S18: 0 | T18: =M18-(Q18+R18+S18) -> -1.0202 | U18: 38 | V18: 0 | W18: =M18-N18-O18-P18-Q18-R18-S18-T18+U18+V18 -> 38 | AA18: 0 | AD18: 30 | AE18: =AE17-AD18 -> 2831 | AG18: =N18+O18+P18+Q18+R18+S18+T18+W18+AA18+AD18 -> 71.6 | AH18: =IF(L18<0,L18*-1,0) -> 1.6 | AI18: =AG18+AH18 -> 73.2 | AJ18: 0.12 | AK18: 31 | AL18: 19 | AM18: =AM17+(W18*1.9835) -> 7216.568
A19: =A18+1 -> 8 | B19: 6900.78 | C19: 286467 | D19: =C19-C18 -> 0 | E19: =C19-152000 -> 134467 | F19: =D19/$D$2 -> 0 | G19: 71 | H19: 2.1 | I19: =G19+H19 -> 73.1 | J19: =IF(L19>0,L19,0) -> 0 | K19: =I19+J19 -> 73.1 | L19: =F19-(I19-AG19) -> -0.4 | M19: 3.7 | N19: 0 | O19: 0 | P19: 0 | Q19: =1.51*1.02 -> 1.5402 | R19: 3.22 | S19: 0 | T19: =M19-(Q19+R19+S19) -> -1.0602 | U19: 38 | V19: 0 | W19: =M19-N19-O19-P19-Q19-R19-S19-T19+U19+V19 -> 38 | AA19: 0 | AD19: 31 | AE19: =AE18-AD19 -> 2800 | AG19: =N19+O19+P19+Q19+R19+S19+T19+W19+AA19+AD19 -> 72.7 | AH19: =IF(L19<0,L19*-1,0) -> 0.4 | AI19: =AG19+AH19 -> 73.1 | AJ19: 0 | AK19: 28 | AL19: 0 | AM19: =AM18+(W19*1.9835) -> 7291.9411
A20: =A19+1 -> 9 | B20: 6900.78 | C20: 286467 | D20: =C20-C19 -> 0 | E20: =C20-152000 -> 134467 | F20: =D20/$D$2 -> 0 | G20: 71 | H20: 2 | I20: =G20+H20 -> 73 | J20: =IF(L20>0,L20,0) -> 0 | K20: =I20+J20 -> 73 | L20: =F20-(I20-AG20) -> -1.6 | M20: 3.4 | N20: 0 | O20: 0 | P20: 0 | Q20: =1.51*1.02 -> 1.5402 | R20: 3.21 | S20: 0 | T20: =M20-(Q20+R20+S20) -> -1.3502 | U20: 37 | V20: 0 | W20: =M20-N20-O20-P20-Q20-R20-S20-T20+U20+V20 -> 37 | AA20: 0 | AD20: 31 | AE20: =AE19-AD20 -> 2769 | AG20: =N20+O20+P20+Q20+R20+S20+T20+W20+AA20+AD20 -> 71.4 | AH20: =IF(L20<0,L20*-1,0) -> 1.6 | AI20: =AG20+AH20 -> 73 | AJ20: 0 | AK20: 28 | AL20: 13 | AM20: =AM19+(W20*1.9835) -> 7365.3305
A21: =A20+1 -> 10 | B21: 6900.78 | C21: 286467 | D21: =C21-C20 -> 0 | E21: =C21-152000 -> 134467 | F21: =D21/$D$2 -> 0 | G21: 71 | H21: 2.5 | I21: =G21+H21 -> 73.5 | J21: =IF(L21>0,L21,0) -> 0 | K21: =I21+J21 -> 73.5 | L21: =F21-(I21-AG21) -> -1 | M21: 3.5 | N21: 0 | O21: 0 | P21: 0 | Q21: =1.51*1.02 -> 1.5402 | R21: 2.95 | S21: 0 | T21: =M21-(Q21+R21+S21) -> -0.9902 | U21: 38 | V21: 0 | W21: =M21-N21-O21-P21-Q21-R21-S21-T21+U21+V21 -> 38 | AA21: 0 | AD21: 31 | AE21: =AE20-AD21 -> 2738 | AG21: =N21+O21+P21+Q21+R21+S21+T21+W21+AA21+AD21 -> 72.5 | AH21: =IF(L21<0,L21*-1,0) -> 1 | AI21: =AG21+AH21 -> 73.5 | AJ21: 0 | AK21: 23 | AL21: 0 | AM21: =AM20+(W21*1.9835) -> 7440.7036
A22: =A21+1 -> 11 | B22: 6900.78 | C22: 286467 | D22: =C22-C21 -> 0 | E22: =C22-152000 -> 134467 | F22: =D22/$D$2 -> 0 | G22: 71 | H22: 2.7 | I22: =G22+H22 -> 73.7 | J22: =IF(L22>0,L22,0) -> 0 | K22: =I22+J22 -> 73.7 | L22: =F22-(I22-AG22) -> -1 | M22: 3.7 | N22: 0 | O22: 0 | P22: 0 | Q22: =1.51*1.02 -> 1.5402 | R22: 2.76 | S22: 0 | T22: =M22-(Q22+R22+S22) -> -0.6002 | U22: 38 | V22: 0 | W22: =M22-N22-O22-P22-Q22-R22-S22-T22+U22+V22 -> 38 | AA22: 0 | AD22: 31 | AE22: =AE21-AD22 -> 2707 | AG22: =N22+O22+P22+Q22+R22+S22+T22+W22+AA22+AD22 -> 72.7 | AH22: =IF(L22<0,L22*-1,0) -> 1 | AI22: =AG22+AH22 -> 73.7 | AJ22: 0 | AK22: 30 | AL22: -2 | AM22: =AM21+(W22*1.9835) -> 7516.0765
A23: =A22+1 -> 12 | B23: 6900.78 | C23: 286467 | D23: =C23-C22 -> 0 | E23: =C23-152000 -> 134467 | F23: =D23/$D$2 -> 0 | G23: 71 | H23: 2.1 | I23: =G23+H23 -> 73.1 | J23: =IF(L23>0,L23,0) -> 0 | K23: =I23+J23 -> 73.1 | L23: =F23-(I23-AG23) -> -0.4 | M23: 3.7 | N23: 0 | O23: 0 | P23: 0 | Q23: =1.51*1.02 -> 1.5402 | R23: 2.75 | S23: 0 | T23: =M23-(Q23+R23+S23) -> -0.5902 | U23: 38 | V23: 0 | W23: =M23-N23-O23-P23-Q23-R23-S23-T23+U23+V23 -> 38 | AA23: 0 | AD23: 31 | AE23: =AE22-AD23 -> 2676 | AG23: =N23+O23+P23+Q23+R23+S23+T23+W23+AA23+AD23 -> 72.7 | AH23: =IF(L23<0,L23*-1,0) -> 0.4 | AI23: =AG23+AH23 -> 73.1 | AJ23: 0 | AK23: 31 | AL23: 2 | AM23: =AM22+(W23*1.9835) -> 7591.4496
A24: 13 | B24: 6900.78 | C24: 286467 | D24: =C24-C23 -> 0 | E24: =C24-152000 -> 134467 | F24: =D24/$D$2 -> 0 | G24: 71 | H24: 2.1 | I24: =G24+H24 -> 73.1 | J24: =IF(L24>0,L24,0) -> 0 | K24: =I24+J24 -> 73.1 | L24: =F24-(I24-AG24) -> -1.5 | M24: 3.6 | N24: 0 | O24: 0 | P24: 0 | Q24: =1.51*1.02 -> 1.5402 | R24: 2.74 | S24: 0 | T24: =M24-(Q24+R24+S24) -> -0.6802 | U24: 37 | V24: 0 | W24: =M24-N24-O24-P24-Q24-R24-S24-T24+U24+V24 -> 37 | AA24: 0 | AD24: 31 | AE24: =AE23-AD24 -> 2645 | AG24: =N24+O24+P24+Q24+R24+S24+T24+W24+AA24+AD24 -> 71.6 | AH24: =IF(L24<0,L24*-1,0) -> 1.5 | AI24: =AG24+AH24 -> 73.1 | AJ24: 0 | AK24: 32 | AL24: -1 | AM24: =AM23+(W24*1.9835) -> 7664.839
A25: =A24+1 -> 14 | B25: 6900.77 | C25: 286430 | D25: =C25-C24 -> -37 | E25: =C25-152000 -> 134430 | F25: =D25/$D$2 -> -18.653895 | G25: 70 | H25: 2 | I25: =G25+H25 -> 72 | J25: =IF(L25>0,L25,0) -> 0 | K25: =I25+J25 -> 72 | L25: =F25-(I25-AG25) -> -16.253895 | M25: 3.4 | N25: 0 | O25: 0 | P25: 0 | Q25: =1.51*1.02 -> 1.5402 | R25: 3.8 | S25: 0 | T25: =M25-(Q25+R25+S25) -> -1.9402 | U25: 40 | V25: 0 | W25: =M25-N25-O25-P25-Q25-R25-S25-T25+U25+V25 -> 40 | AA25: 0 | AD25: 31 | AE25: =AE24-AD25 -> 2614 | AG25: =N25+O25+P25+Q25+R25+S25+T25+W25+AA25+AD25 -> 74.4 | AH25: =IF(L25<0,L25*-1,0) -> 16.253895 | AI25: =AG25+AH25 -> 90.653895 | AJ25: 0 | AK25: 33 | AL25: 0 | AM25: =AM24+(W25*1.9835) -> 7744.179
A26: =A25+1 -> 15 | B26: 6900.77 | C26: 286430 | D26: =C26-C25 -> 0 | E26: =C26-152000 -> 134430 | F26: =D26/$D$2 -> 0 | G26: 70 | H26: 1.8 | I26: =G26+H26 -> 71.8 | J26: =IF(L26>0,L26,0) -> 11.6 | K26: =I26+J26 -> 83.4 | L26: =F26-(I26-AG26) -> 11.6 | M26: 3.4 | N26: 0 | O26: 0 | P26: 0 | Q26: =1.51*1.02 -> 1.5402 | R26: 4.01 | S26: 0 | T26: =M26-(Q26+R26+S26) -> -2.1502 | U26: 49 | V26: 0 | W26: =M26-N26-O26-P26-Q26-R26-S26-T26+U26+V26 -> 49 | AA26: 0 | AD26: 31 | AE26: =AE25-AD26 -> 2583 | AG26: =N26+O26+P26+Q26+R26+S26+T26+W26+AA26+AD26 -> 83.4 | AH26: =IF(L26<0,L26*-1,0) -> 0 | AI26: =AG26+AH26 -> 83.4 | AJ26: 0 | AK26: 30 | AL26: -2 | AM26: =AM25+(W26*1.9835) -> 7841.3705
A27: =A26+1 -> 16 | B27: 6900.76 | C27: 286393 | D27: =C27-C26 -> -37 | E27: =C27-152000 -> 134393 | F27: =D27/$D$2 -> -18.653895 | G27: 70 | H27: 1.7 | I27: =G27+H27 -> 71.7 | J27: =IF(L27>0,L27,0) -> 0 | K27: =I27+J27 -> 71.7 | L27: =F27-(I27-AG27) -> -6.0538946 | M27: 3.3 | N27: 0 | O27: 0 | P27: 0 | Q27: =1.51*1.02 -> 1.5402 | R27: 3.84 | S27: 0 | T27: =M27-(Q27+R27+S27) -> -2.0802 | U27: 50 | V27: 0 | W27: =M27-N27-O27-P27-Q27-R27-S27-T27+U27+V27 -> 50 | AA27: 0 | AD27: 31 | AE27: =AE26-AD27 -> 2552 | AG27: =N27+O27+P27+Q27+R27+S27+T27+W27+AA27+AD27 -> 84.3 | AH27: =IF(L27<0,L27*-1,0) -> 6.0538946 | AI27: =AG27+AH27 -> 90.353895 | AJ27: 0 | AK27: 17 | AL27: -5 | AM27: =AM26+(W27*1.9835) -> 7940.5455
A28: =A27+1 -> 17 | B28: 6900.74 | C28: 286319 | D28: =C28-C27 -> -74 | E28: =C28-152000 -> 134319 | F28: =D28/$D$2 -> -37.307789 | G28: 70 | H28: 1.5 | I28: =G28+H28 -> 71.5 | J28: =IF(L28>0,L28,0) -> 0 | K28: =I28+J28 -> 71.5 | L28: =F28-(I28-AG28) -> -24.307789 | M28: 3.5 | N28: 0 | O28: 0 | P28: 0 | Q28: =1.51*1.02 -> 1.5402 | R28: 3.99 | S28: 0 | T28: =M28-(Q28+R28+S28) -> -2.0302 | U28: 50 | V28: 0 | W28: =M28-N28-O28-P28-Q28-R28-S28-T28+U28+V28 -> 50 | AA28: 0 | AD28: 31 | AE28: =AE27-AD28 -> 2521 | AG28: =N28+O28+P28+Q28+R28+S28+T28+W28+AA28+AD28 -> 84.5 | AH28: =IF(L28<0,L28*-1,0) -> 24.307789 | AI28: =AG28+AH28 -> 108.80779 | AJ28: 0 | AK28: 18 | AL28: -10 | AM28: =AM27+(W28*1.9835) -> 8039.7206
A29: =A28+1 -> 18 | B29: 6900.73 | C29: 286282 | D29: =C29-C28 -> -37 | E29: =C29-152000 -> 134282 | F29: =D29/$D$2 -> -18.653895 | G29: 70 | H29: 1.2 | I29: =G29+H29 -> 71.2 | J29: =IF(L29>0,L29,0) -> 0 | K29: =I29+J29 -> 71.2 | L29: =F29-(I29-AG29) -> -5.1538946 | M29: 3.7 | N29: 0 | O29: 0 | P29: 0 | Q29: =1.51*1.02 -> 1.5402 | R29: 2.79 | S29: 0 | T29: =M29-(Q29+R29+S29) -> -0.6302 | U29: 50 | V29: 0 | W29: =M29-N29-O29-P29-Q29-R29-S29-T29+U29+V29 -> 50 | AA29: 0 | AD29: 31 | AE29: =AE28-AD29 -> 2490 | AG29: =N29+O29+P29+Q29+R29+S29+T29+W29+AA29+AD29 -> 84.7 | AH29: =IF(L29<0,L29*-1,0) -> 5.1538946 | AI29: =AG29+AH29 -> 89.853895 | AJ29: 0 | AK29: 24 | AL29: -4 | AM29: =AM28+(W29*1.9835) -> 8138.8956
A30: =A29+1 -> 19 | B30: 6900.72 | C30: 286245 | D30: =C30-C29 -> -37 | E30: =C30-152000 -> 134245 | F30: =D30/$D$2 -> -18.653895 | G30: 70 | H30: 1.2 | I30: =G30+H30 -> 71.2 | J30: =IF(L30>0,L30,0) -> 0 | K30: =I30+J30 -> 71.2 | L30: =F30-(I30-AG30) -> -5.1538946 | M30: 3.7 | N30: 0 | O30: 0 | P30: 0 | Q30: =1.51*1.02 -> 1.5402 | R30: 3.13 | S30: 0.16 | T30: =M30-(Q30+R30+S30) -> -1.1302 | U30: 50 | V30: 0 | W30: =M30-N30-O30-P30-Q30-R30-S30-T30+U30+V30 -> 50 | AA30: 0 | AD30: 31 | AE30: =AE29-AD30 -> 2459 | AG30: =N30+O30+P30+Q30+R30+S30+T30+W30+AA30+AD30 -> 84.7 | AH30: =IF(L30<0,L30*-1,0) -> 5.1538946 | AI30: =AG30+AH30 -> 89.853895 | AJ30: 0 | AK30: 30 | AL30: 1 | AM30: =AM29+(W30*1.9835) -> 8238.0706
A31: =A30+1 -> 20 | B31: 6900.71 | C31: 286208 | D31: =C31-C30 -> -37 | E31: =C31-152000 -> 134208 | F31: =D31/$D$2 -> -18.653895 | G31: 70 | H31: 1.2 | I31: =G31+H31 -> 71.2 | J31: =IF(L31>0,L31,0) -> 0 | K31: =I31+J31 -> 71.2 | L31: =F31-(I31-AG31) -> -5.1538946 | M31: 3.7 | N31: 0 | O31: 0 | P31: 0 | Q31: =1.51*1.02 -> 1.5402 | R31: 3.55 | S31: 0 | T31: =M31-(Q31+R31+S31) -> -1.3902 | U31: 50 | V31: 0 | W31: =M31-N31-O31-P31-Q31-R31-S31-T31+U31+V31 -> 50 | AA31: 0 | AD31: 31 | AE31: =AE30-AD31 -> 2428 | AG31: =N31+O31+P31+Q31+R31+S31+T31+W31+AA31+AD31 -> 84.7 | AH31: =IF(L31<0,L31*-1,0) -> 5.1538946 | AI31: =AG31+AH31 -> 89.853895 | AJ31: 0 | AK31: 37 | AL31: 6 | AM31: =AM30+(W31*1.9835) -> 8337.2455
A32: =A31+1 -> 21 | B32: 6900.7 | C32: 286171 | D32: =C32-C31 -> -37 | E32: =C32-152000 -> 134171 | F32: =D32/$D$2 -> -18.653895 | G32: 69 | H32: 1.2 | I32: =G32+H32 -> 70.2 | J32: =IF(L32>0,L32,0) -> 0 | K32: =I32+J32 -> 70.2 | L32: =F32-(I32-AG32) -> -1.2538946 | M32: 3.6 | N32: 0 | O32: 0 | P32: 0 | Q32: =1.51*1.02 -> 1.5402 | R32: 4.02 | S32: 0 | T32: =M32-(Q32+R32+S32) -> -1.9602 | U32: 53 | V32: 0 | W32: =M32-N32-O32-P32-Q32-R32-S32-T32+U32+V32 -> 53 | AA32: 0 | AD32: 31 | AE32: =AE31-AD32 -> 2397 | AG32: =N32+O32+P32+Q32+R32+S32+T32+W32+AA32+AD32 -> 87.6 | AH32: =IF(L32<0,L32*-1,0) -> 1.2538946 | AI32: =AG32+AH32 -> 88.853895 | AJ32: 0 | AK32: 35 | AL32: 4 | AM32: =AM31+(W32*1.9835) -> 8442.371
A33: =A32+1 -> 22 | B33: 6900.69 | C33: 286134 | D33: =C33-C32 -> -37 | E33: =C33-152000 -> 134134 | F33: =D33/$D$2 -> -18.653895 | G33: 69 | H33: 1.2 | I33: =G33+H33 -> 70.2 | J33: =IF(L33>0,L33,0) -> 6.3461054 | K33: =I33+J33 -> 76.546105 | L33: =F33-(I33-AG33) -> 6.3461054 | M33: 4.2 | N33: 0 | O33: 0 | P33: 0 | Q33: =1.51*1.02 -> 1.5402 | R33: 4.2 | S33: 1.97 | T33: =M33-(Q33+R33+S33) -> -3.5102 | U33: 60 | V33: 0 | W33: =M33-N33-O33-P33-Q33-R33-S33-T33+U33+V33 -> 60 | AA33: 0 | AD33: 31 | AE33: =AE32-AD33 -> 2366 | AG33: =N33+O33+P33+Q33+R33+S33+T33+W33+AA33+AD33 -> 95.2 | AH33: =IF(L33<0,L33*-1,0) -> 0 | AI33: =AG33+AH33 -> 95.2 | AJ33: 0 | AK33: 38 | AL33: 10 | AM33: =AM32+(W33*1.9835) -> 8561.381
A34: =A33+1 -> 23 | B34: 6900.68 | C34: 286097 | D34: =C34-C33 -> -37 | E34: =C34-152000 -> 134097 | F34: =D34/$D$2 -> -18.653895 | G34: 69 | H34: 1.2 | I34: =G34+H34 -> 70.2 | J34: =IF(L34>0,L34,0) -> 6.4461054 | K34: =I34+J34 -> 76.646105 | L34: =F34-(I34-AG34) -> 6.4461054 | M34: 4.3 | N34: 0 | O34: 0 | P34: 0 | Q34: =1.51*1.02 -> 1.5402 | R34: 3.61 | S34: 0 | T34: =M34-(Q34+R34+S34) -> -0.8502 | U34: 60 | V34: 0 | W34: =M34-N34-O34-P34-Q34-R34-S34-T34+U34+V34 -> 60 | AA34: 0 | AD34: 31 | AE34: =AE33-AD34 -> 2335 | AG34: =N34+O34+P34+Q34+R34+S34+T34+W34+AA34+AD34 -> 95.3 | AH34: =IF(L34<0,L34*-1,0) -> 0 | AI34: =AG34+AH34 -> 95.3 | AJ34: 0 | AK34: 43 | AL34: 11 | AM34: =AM33+(W34*1.9835) -> 8680.3911
A35: =A34+1 -> 24 | B35: 6900.68 | C35: 286097 | D35: =C35-C34 -> 0 | E35: =C35-152000 -> 134097 | F35: =D35/$D$2 -> 0 | G35: 64 | H35: 1 | I35: =G35+H35 -> 65 | J35: =IF(L35>0,L35,0) -> 30.7 | K35: =I35+J35 -> 95.7 | L35: =F35-(I35-AG35) -> 30.7 | M35: 4.7 | N35: 0 | O35: 0 | P35: 0 | Q35: =1.51*1.02 -> 1.5402 | R35: 3.05 | S35: 0 | T35: =M35-(Q35+R35+S35) -> 0.1098 | U35: 60 | V35: 0 | W35: =M35-N35-O35-P35-Q35-R35-S35-T35+U35+V35 -> 60 | AA35: 0 | AD35: 31 | AE35: =AE34-AD35 -> 2304 | AG35: =N35+O35+P35+Q35+R35+S35+T35+W35+AA35+AD35 -> 95.7 | AH35: =IF(L35<0,L35*-1,0) -> 0 | AI35: =AG35+AH35 -> 95.7 | AJ35: 0.01 | AK35: 35 | AL35: 23 | AM35: =AM34+(W35*1.9835) -> 8799.4011
A36: =A35+1 -> 25 | B36: 6900.67 | C36: 286060 | D36: =C36-C35 -> -37 | E36: =C36-152000 -> 134060 | F36: =D36/$D$2 -> -18.653895 | G36: 66 | H36: 0.96 | I36: =G36+H36 -> 66.96 | J36: =IF(L36>0,L36,0) -> 9.2861054 | K36: =I36+J36 -> 76.246105 | L36: =F36-(I36-AG36) -> 9.2861054 | M36: 4.9 | N36: 0 | O36: 0 | P36: 0 | Q36: =1.51*1.02 -> 1.5402 | R36: 3.34 | S36: 0 | T36: =M36-(Q36+R36+S36) -> 0.0198 | U36: 59 | V36: 0 | W36: =M36-N36-O36-P36-Q36-R36-S36-T36+U36+V36 -> 59 | AA36: 0 | AD36: 31 | AE36: =AE35-AD36 -> 2273 | AG36: =N36+O36+P36+Q36+R36+S36+T36+W36+AA36+AD36 -> 94.9 | AH36: =IF(L36<0,L36*-1,0) -> 0 | AI36: =AG36+AH36 -> 94.9 | AJ36: 0 | AK36: 38 | AL36: 11 | AM36: =AM35+(W36*1.9835) -> 8916.4276
... A40: =A39+1 -> 29 | B40: 6900.71 | C40: 286208 | D40: =C40-C39 -> -74 | E40: =C40-152000 -> 134208 | F40: =D40/$D$2 -> -37.307789 | G40: 69 | H40: 0.9 | I40: =G40+H40 -> 69.9 | J40: =IF(L40>0,L40,0) -> 0 | K40: =I40+J40 -> 69.9 | L40: =F40-(I40-AG40) -> -11.707789 | M40: 4.5 | N40: 0 | O40: 0 | P40: 0 | Q40: =1.51*1.02 -> 1.5402 | R40: 4.09 | S40: 0 | T40: =M40-(Q40+R40+S40) -> -1.1302 | U40: 60 | V40: 0 | W40: =M40-N40-O40-P40-Q40-R40-S40-T40+U40+V40 -> 60 | AA40: 0 | AD40: 31 | AE40: =AE39-AD40 -> 2148 | AG40: =N40+O40+P40+Q40+R40+S40+T40+W40+AA40+AD40 -> 95.5 | AH40: =IF(L40<0,L40*-1,0) -> 11.707789 | AI40: =AG40+AH40 -> 107.20779 | AJ40: 0 | AK40: 25 | AL40: -2 | AM40: =AM39+(W40*1.9835) -> 9378.583
A41: 30 | B41: 6900.69 | C41: 286134 | D41: =C41-C40 -> -74 | E41: =C41-152000 -> 134134 | F41: =D41/$D$2 -> -37.307789 | G41: 69 | H41: 0.9 | I41: =G41+H41 -> 69.9 | J41: =IF(L41>0,L41,0) -> 0 | K41: =I41+J41 -> 69.9 | L41: =F41-(I41-AG41) -> -5.6077893 | M41: 4.6 | N41: 0 | O41: 0 | P41: 0 | Q41: =1.51*1.02 -> 1.5402 | R41: 3.83 | S41: 0 | T41: =M41-(Q41+R41+S41) -> -0.7702 | U41: 66 | V41: 0 | W41: =M41-N41-O41-P41-Q41-R41-S41-T41+U41+V41 -> 66 | AA41: 0 | AD41: 31 | AE41: =AE40-AD41 -> 2117 | AG41: =N41+O41+P41+Q41+R41+S41+T41+W41+AA41+AD41 -> 101.6 | AH41: =IF(L41<0,L41*-1,0) -> 5.6077893 | AI41: =AG41+AH41 -> 107.20779 | AJ41: 0 | AK41: 23 | AL41: 9 | AM41: =AM40+(W41*1.9835) -> 9509.494
A42: 31 | B42: 6900.67 | C42: 286060 | D42: =C42-C41 -> -74 | E42: =C42-152000 -> 134060 | F42: =D42/$D$2 -> -37.307789 | G42: 69 | H42: 0.84 | I42: =G42+H42 -> 69.84 | J42: =IF(L42>0,L42,0) -> 0 | K42: =I42+J42 -> 69.84 | L42: =F42-(I42-AG42) -> -1.5477893 | M42: 4.6 | N42: 0 | O42: 0 | P42: 0 | Q42: =1.51*1.02 -> 1.5402 | R42: 3.32 | S42: 0 | T42: =M42-(Q42+R42+S42) -> -0.2602 | U42: 70 | V42: 0 | W42: =M42-N42-O42-P42-Q42-R42-S42-T42+U42+V42 -> 70 | AA42: 0 | AD42: 31 | AE42: =AE41-AD42 -> 2086 | AG42: =N42+O42+P42+Q42+R42+S42+T42+W42+AA42+AD42 -> 105.6 | AH42: =IF(L42<0,L42*-1,0) -> 1.5477893 | AI42: =AG42+AH42 -> 107.14779 | AJ42: 0 | AK42: 24 | AL42: -8 | AM42: =AM41+(W42*1.9835) -> 9648.3391
A44: MONTH / CFS | F44: =SUM(F12:F42) -> -18.653895 | G44: =SUM(G12:G42) -> 2162 | H44: =SUM(H12:H42) -> 49.13 | I44: =SUM(I12:I42) -> 2211.13 | J44: =SUM(J12:J42) -> 546.234 | K44: =SUM(K12:K42) -> 2757.364 | L44: =SUM(L12:L42) -> 339.71611 | M44: =SUM(M12:M42) -> 119.5 | ... O44: =SUM(O12:O42) -> 0 | Q44: =SUM(Q12:Q42) -> 47.7462 | R44: =SUM(R12:R42) -> 102.47 | S44: =SUM(S12:S42) -> 2.34 | T44: =SUM(T12:T42) -> -33.0562 | U44: =SUM(U12:U42) -> 1489 | V44: =SUM(V12:V42) -> 0 | W44: =SUM(W12:W42) -> 1489 | AD44: =SUM(AD12:AD42) -> 961 | AF44: =SUM(AF12:AF42) -> 0 | AG44: =SUM(AG12:AG42) -> 2569.5 | AH44: =SUM(AH12:AH42) -> 206.51789 | AI44: =SUM(AI12:AI42) -> 2776.0179 | AJ44: =SUM(AJ12:AJ42) -> 3.36 | AK44: =AVERAGE(AK12:AK42) -> 32.451613 | AL44: =AVERAGE(AL12:AL42) -> 7.5483871 | AM44: AVE | AN44: =SUM(AN12:AN42) -> 0
A45: MONTH / AF | D45: =SUM(D12:D42) -> -37 | F45: =F44*$D$2 -> -37 | G45: =G44*$D$2 -> 4288.327 | H45: =H44*$D$2 -> 97.449355 | I45: =I44*$D$2 -> 4385.7764 | J45: =J44*$D$2 -> 1083.4551 | K45: =K44*$D$2 -> 5469.2315 | L45: =L44*$D$2 -> 673.8269 | M45: =M44*$D$2 -> 237.02825 | ... O45: =O44*$D$2 -> 0 | Q45: =Q44*$D$2 -> 94.704588 | R45: =R44*$D$2 -> 203.24925 | S45: =S44*$D$2 -> 4.64139 | T45: =T44*$D$2 -> -65.566973 | U45: =U44*$D$2 -> 2953.4315 | V45: =V44*$D$2 -> 0 | W45: =W44*$D$2 -> 2953.4315 | AD45: =AD44*$D$2 -> 1906.1435 | AF45: =AF44*$D$2 -> 0 | AG45: =AG44*$D$2 -> 5096.6033 | AH45: =AH44*$D$2 -> 409.62824 | AI45: =AI44*$D$2 -> 5506.2315 | AK45: =MAX(AK12:AK42) -> 47 | AL45: =MAX(AL12:AL42) -> 31 | AM45: HI | AN45: =AN44*$D$2 -> 0
A47: SEASON / CFS | AK47: =MIN(AK12:AK42) -> 17 | AL47: =MIN(AL12:AL42) -> -10 | AM47: LO
A48: SEASON / AF
A50: YTD / CFS | F50: =F10+F44 -> -917.06579 | G50: =G10+G44 -> 6883 | H50: =H10+H44 -> 167.58 | I50: =I10+I44 -> 7050.58 | J50: =J10+J44 -> 1726.1546 | K50: =K10+K44 -> 8776.7346 | L50: =L10+L44 -> 527.91421 | M50: =M10+M44 -> 533.8 | ... O50: =O10+O44 -> 0 | Q50: =Q10+Q44 -> 139.1178 | R50: =R10+R44 -> 253.863 | S50: =S10+S44 -> 2.34 | T50: =T10+T44 -> -46.7236 | U50: =U10+U44 -> 5023.96 | V50: =V10+V44 -> 84.8 | W50: =W10+W44 -> 4864.3 | AD50: =AD10+AD44 -> 2853 | AE50: =AE42 -> 2086 | AF50: =AF10+AF44 -> 0 | AG50: =AG10+AG44 -> 8495.56 | AH50: =AH10+AH44 -> 1198.2404 | AI50: =AI10+AI44 -> 9693.8004 | AJ50: =AJ10+AJ44 -> 7.41 | AN50: =AN10+AN44 -> 0
A51: YTD / AF | D51: =D10+D45 -> -1819 | E51: =E42 -> 134060 | F51: =F50*$D$2 -> -1819 | G51: =G50*$D$2 -> 13652.431 | H51: =H50*$D$2 -> 332.39493 | I51: =I50*$D$2 -> 13984.825 | J51: =J50*$D$2 -> 3423.8276 | K51: =K50*$D$2 -> 17408.653 | L51: =L50*$D$2 -> 1047.1178 | M51: =M50*$D$2 -> 1058.7923 | ... O51: =O50*$D$2 -> 0 | Q51: =Q50*$D$2 -> 275.94016 | R51: =R50*$D$2 -> 503.53726 | S51: =S50*$D$2 -> 4.64139 | T51: =T50*$D$2 -> -92.676261 | U51: =U50*$D$2 -> 9965.0247 | V51: =V50*$D$2 -> 168.2008 | W51: =W50*$D$2 -> 9648.3391 | AD51: =AD50*$D$2 -> 5658.9255 | AE51: =AE50*$D$2 -> 4137.581 | AF51: =AF50*$D$2 -> 0 | AG51: =AG50*$D$2 -> 16850.943 | AH51: =AH50*$D$2 -> 2376.7098 | AI51: =AI50*$D$2 -> 19227.653 | AM51: =AM42 -> 9648.3391 | AN51: =AN50*$D$2 -> 0

Sheet FEB
K1: MCPHEE RESERVOIR INFLOW/OUTFLOW TABULATION
A2: AF/cfs CONVERT FACTOR | D2: 1.9835 | K2: FEBRUARY "2008"
D4: RESERVOIR | U4: INFLOW/OUTFLOW (CFS) | AK4: WEATHER | AO4: ADJUSTMENTS
A5: DATE | B5: RESERV | C5: RESERV | D5: AC FT | E5: ACTIVE | F5: CONV TO | G5: DOLORES | H5: LOST | I5: RECORD | J5: CALC | K5: TOTAL | L5: CALC | M5: DOLORES TUNNEL | U5: LONE | V5: U | W5: TOTAL | X5: MVI | Y5: TO EX & | Z5: MVI | AA5: DV CR | AB5: D/S SENIOR | AD5: BELOW | AE5: FISH | AF5: SPILL | AG5: RECORD | AH5: CALC | AI5: TOTAL | AJ5: RAIN | AK5: MAX | AL5: MIN | AM5: NAR | AN5: MVI | AO5: MVI | AP5: MVI | AQ5: U/S | AR5: TOTTEN | AS5: UTES
A6: FEB | B6: ELEV | C6: AC FT | D6: CHANGE | E6: CAP | F6: CFS | G6: RIVER | H6: CAN | I6: INFLOW | J6: INFLOW | K6: INFLOW | L6: INF/OTF | M6: TOT DIV | N6: WET | O6: UTE | P6: QUEST | Q6: MWC | R6: CTZ | S6: CTZ & | T6: F-BAY | U6: PINE | V6: LAT | W6: MVI | X6: CALL | Y6: U/S EX | Z6: PROJ | AA6: CANAL | AD6: MCP | AE6: LEFT | AG6: OTF | AH6: OTF | AI6: OTF | AK6: TMP | AL6: TMP | AM6: CALL | AN6: STOCK | AO6: STORED | AP6: STORED | AQ6: USERS | AR6: (FRESH | AS6: FROM
E7: AC FT | N7: LAND | O7: F&R | S7: UTE | T7: SPILL | AN7: CFS | AO7: Apr-Jun | AP7: EVAP | AQ7: EXCH | AR7: WATER) | AS7: MVIC
N8: 1.03 | O8: 1.05 | P8: 1.02 | Q8: 1.02 | R8: 1.04 | S8: PROJ | AP8: AC.FT
A9: SEASON BAL
A10: YTD | B10: =JAN!B42 -> 6900.67 | C10: =JAN!C42 -> 286060 | D10: =JAN!D51 -> -1819 | E10: =JAN!E51 -> 134060 | F10: =JAN!F50 -> -917.06579 | G10: =JAN!G50 -> 6883 | H10: =JAN!H50 -> 167.58 | I10: =JAN!I50 -> 7050.58 | J10: =JAN!J50 -> 1726.1546 | K10: =JAN!K50 -> 8776.7346 | L10: =JAN!L50 -> 527.91421 | M10: =JAN!M50 -> 533.8 | ... O10: =JAN!O50 -> 0 | Q10: =JAN!Q50 -> 139.1178 | R10: =JAN!R50 -> 253.863 | S10: =JAN!S50 -> 2.34 | T10: =JAN!T50 -> -46.7236 | U10: =JAN!U50 -> 5023.96 | V10: =JAN!V50 -> 84.8 | W10: =JAN!W50 -> 4864.3 | AD10: =JAN!AD50 -> 2853 | AE10: =JAN!AE50 -> 2086 | AF10: =JAN!AF50 -> 0 | AG10: =JAN!AG50 -> 8495.56 | AH10: =JAN!AH50 -> 1198.2404 | AI10: =JAN!AI50 -> 9693.8004 | AJ10: =JAN!AJ50 -> 7.41 | AM10: =JAN!AM51 -> 9648.3391 | AN10: =JAN!AN51 -> 0
A12: 1 | B12: 6900.65 | C12: 285986 | D12: =C12-C10 -> -74 | E12: =C12-152000 -> 133986 | F12: =D12/$D$2 -> -37.307789 | G12: 69 | H12: 0.84 | I12: =G12+H12 -> 69.84 | J12: =IF(L12>0,L12,0) -> 0 | K12: =I12+J12 -> 69.84 | L12: =F12-(I12-AG12) -> -1.5477893 | M12: 4.6 | N12: 0 | O12: 0 | P12: 0 | Q12: =1.42*1.02 -> 1.4484 | R12: 3.8 | S12: 0 | T12: =M12-(Q12+R12+S12) -> -0.6484 | U12: 70 | V12: 0 | W12: =M12-N12-O12-P12-Q12-R12-S12-T12+U12+V12 -> 70 | AA12: 0 | AD12: 31 | AE12: =AE10-AD12 -> 2055 | AG12: =N12+O12+P12+Q12+R12+S12+T12+W12+AA12+AD12 -> 105.6 | AH12: =IF(L12<0,L12*-1,0) -> 1.5477893 | AI12: =AG12+AH12 -> 107.14779 | AJ12: 0 | AK12: 30 | AL12: 0 | AM12: =AM10+(W12*1.9835) -> 9787.184
A13: =A12+1 -> 2 | B13: 6900.63 | C13: 285912 | D13: =C13-C12 -> -74 | E13: =C13-152000 -> 133912 | F13: =D13/$D$2 -> -37.307789 | G13: 69 | H13: 0.84 | I13: =G13+H13 -> 69.84 | J13: =IF(L13>0,L13,0) -> 0 | K13: =I13+J13 -> 69.84 | L13: =F13-(I13-AG13) -> -1.5477893 | M13: 4.6 | N13: 0 | O13: 0 | P13: 0 | Q13: =1.42*1.02 -> 1.4484 | R13: 3.53 | S13: 0 | T13: =M13-(Q13+R13+S13) -> -0.3784 | U13: 70 | V13: 0 | W13: =M13-N13-O13-P13-Q13-R13-S13-T13+U13+V13 -> 70 | AA13: 0 | AD13: 31 | AE13: =AE12-AD13 -> 2024 | AG13: =N13+O13+P13+Q13+R13+S13+T13+W13+AA13+AD13 -> 105.6 | AH13: =IF(L13<0,L13*-1,0) -> 1.5477893 | AI13: =AG13+AH13 -> 107.14779 | AJ13: 0.16 | AK13: 32 | AL13: 11 | AM13: =AM12+(W13*1.9835) -> 9926.029
A14: =A13+1 -> 3 | B14: 6900.71 | C14: 286208 | D14: =C14-C13 -> 296 | E14: =C14-152000 -> 134208 | F14: =D14/$D$2 -> 149.23116 | G14: 69 | H14: 0.84 | I14: =G14+H14 -> 69.84 | J14: =IF(L14>0,L14,0) -> 184.99116 | K14: =I14+J14 -> 254.83116 | L14: =F14-(I14-AG14) -> 184.99116 | M14: 4.6 | N14: 0 | O14: 0 | P14: 0 | Q14: =1.42*1.02 -> 1.4484 | R14: 4.09 | S14: 0 | T14: =M14-(Q14+R14+S14) -> -0.9384 | U14: 70 | V14: 0 | W14: =M14-N14-O14-P14-Q14-R14-S14-T14+U14+V14 -> 70 | AA14: 0 | AD14: 31 | AE14: =AE13-AD14 -> 1993 | AG14: =N14+O14+P14+Q14+R14+S14+T14+W14+AA14+AD14 -> 105.6 | AH14: =IF(L14<0,L14*-1,0) -> 0 | AI14: =AG14+AH14 -> 105.6 | AJ14: 0.5 | AK14: 31 | AL14: 13 | AM14: =AM13+(W14*1.9835) -> 10064.874
A15: =A14+1 -> 4 | B15: 6900.69 | C15: 286134 | D15: =C15-C14 -> -74 | E15: =C15-152000 -> 134134 | F15: =D15/$D$2 -> -37.307789 | G15: 69 | H15: 0.84 | I15: =G15+H15 -> 69.84 | J15: =IF(L15>0,L15,0) -> 0 | K15: =I15+J15 -> 69.84 | L15: =F15-(I15-AG15) -> -1.5477893 | M15: 4.6 | N15: 0 | O15: 0 | P15: 0 | Q15: =1.42*1.02 -> 1.4484 | R15: 3.22 | S15: 0 | T15: =M15-(Q15+R15+S15) -> -0.0684 | U15: 70 | V15: 0 | W15: =M15-N15-O15-P15-Q15-R15-S15-T15+U15+V15 -> 70 | AA15: 0 | AD15: 31 | AE15: =AE14-AD15 -> 1962 | AG15: =N15+O15+P15+Q15+R15+S15+T15+W15+AA15+AD15 -> 105.6 | AH15: =IF(L15<0,L15*-1,0) -> 1.5477893 | AI15: =AG15+AH15 -> 107.14779 | AJ15: 0.09 | AK15: 30 | AL15: 21 | AM15: =AM14+(W15*1.9835) -> 10203.719
A16: =A15+1 -> 5 | B16: 6900.66 | C16: 286023 | D16: =C16-C15 -> -111 | E16: =C16-152000 -> 134023 | F16: =D16/$D$2 -> -55.961684 | G16: 68 | H16: 1.1 | I16: =G16+H16 -> 69.1 | J16: =IF(L16>0,L16,0) -> 0 | K16: =I16+J16 -> 69.1 | L16: =F16-(I16-AG16) -> -19.461684 | M16: 4.6 | N16: 0 | O16: 0 | P16: 0 | Q16: =1.42*1.02 -> 1.4484 | R16: 3.4 | S16: 0 | T16: =M16-(Q16+R16+S16) -> -0.2484 | U16: 70 | V16: 0 | W16: =M16-N16-O16-P16-Q16-R16-S16-T16+U16+V16 -> 70 | AA16: 0 | AD16: 31 | AE16: =AE15-AD16 -> 1931 | AG16: =N16+O16+P16+Q16+R16+S16+T16+W16+AA16+AD16 -> 105.6 | AH16: =IF(L16<0,L16*-1,0) -> 19.461684 | AI16: =AG16+AH16 -> 125.06168 | AJ16: 0 | AK16: 25 | AL16: 0 | AM16: =AM15+(W16*1.9835) -> 10342.564
A17: =A16+1 -> 6 | B17: 6900.63 | C17: 285912 | D17: =C17-C16 -> -111 | E17: =C17-152000 -> 133912 | F17: =D17/$D$2 -> -55.961684 | G17: 68 | H17: 1.1 | I17: =G17+H17 -> 69.1 | J17: =IF(L17>0,L17,0) -> 0 | K17: =I17+J17 -> 69.1 | L17: =F17-(I17-AG17) -> -19.461684 | M17: 4.6 | N17: 0 | O17: 0 | P17: 0 | Q17: =1.42*1.02 -> 1.4484 | R17: 3.32 | S17: 0 | T17: =M17-(Q17+R17+S17) -> -0.1684 | U17: 70 | V17: 0 | W17: =M17-N17-O17-P17-Q17-R17-S17-T17+U17+V17 -> 70 | AA17: 0 | AD17: 31 | AE17: =AE16-AD17 -> 1900 | AG17: =N17+O17+P17+Q17+R17+S17+T17+W17+AA17+AD17 -> 105.6 | AH17: =IF(L17<0,L17*-1,0) -> 19.461684 | AI17: =AG17+AH17 -> 125.06168 | AJ17: 0 | AK17: 26 | AL17: -5 | AM17: =AM16+(W17*1.9835) -> 10481.409
A18: =A17+1 -> 7 | B18: 6900.6 | C18: 285801 | D18: =C18-C17 -> -111 | E18: =C18-152000 -> 133801 | F18: =D18/$D$2 -> -55.961684 | G18: 68 | H18: 1.1 | I18: =G18+H18 -> 69.1 | J18: =IF(L18>0,L18,0) -> 0 | K18: =I18+J18 -> 69.1 | L18: =F18-(I18-AG18) -> -19.461684 | M18: 4.6 | N18: 0 | O18: 0 | P18: 0 | Q18: =1.42*1.02 -> 1.4484 | R18: 3.38 | S18: 0 | T18: =M18-(Q18+R18+S18) -> -0.2284 | U18: 70 | V18: 0 | W18: =M18-N18-O18-P18-Q18-R18-S18-T18+U18+V18 -> 70 | AA18: 0 | AD18: 31 | AE18: =AE17-AD18 -> 1869 | AG18: =N18+O18+P18+Q18+R18+S18+T18+W18+AA18+AD18 -> 105.6 | AH18: =IF(L18<0,L18*-1,0) -> 19.461684 | AI18: =AG18+AH18 -> 125.06168 | AJ18: 0 | AK18: 31 | AL18: 2 | AM18: =AM17+(W18*1.9835) -> 10620.254
A19: =A18+1 -> 8 | B19: 6900.57 | C19: 285690 | D19: =C19-C18 -> -111 | E19: =C19-152000 -> 133690 | F19: =D19/$D$2 -> -55.961684 | G19: 68 | H19: 1.1 | I19: =G19+H19 -> 69.1 | J19: =IF(L19>0,L19,0) -> 0 | K19: =I19+J19 -> 69.1 | L19: =F19-(I19-AG19) -> -19.461684 | M19: 4.6 | N19: 0 | O19: 0 | P19: 0 | Q19: =1.42*1.02 -> 1.4484 | R19: 3.35 | S19: 0 | T19: =M19-(Q19+R19+S19) -> -0.1984 | U19: 70 | V19: 0 | W19: =M19-N19-O19-P19-Q19-R19-S19-T19+U19+V19 -> 70 | AA19: 0 | AD19: 31 | AE19: =AE18-AD19 -> 1838 | AG19: =N19+O19+P19+Q19+R19+S19+T19+W19+AA19+AD19 -> 105.6 | AH19: =IF(L19<0,L19*-1,0) -> 19.461684 | AI19: =AG19+AH19 -> 125.06168 | AJ19: 0 | AK19: 36 | AL19: 9 | AM19: =AM18+(W19*1.9835) -> 10759.099
A20: =A19+1 -> 9 | B20: 6900.54 | C20: 285579 | D20: =C20-C19 -> -111 | E20: =C20-152000 -> 133579 | F20: =D20/$D$2 -> -55.961684 | G20: 68 | H20: 1.1 | I20: =G20+H20 -> 69.1 | J20: =IF(L20>0,L20,0) -> 0 | K20: =I20+J20 -> 69.1 | L20: =F20-(I20-AG20) -> -19.461684 | M20: 4.6 | N20: 0 | O20: 0 | P20: 0 | Q20: =1.42*1.02 -> 1.4484 | R20: 3.13 | S20: 0 | T20: =M20-(Q20+R20+S20) -> 0.0216 | U20: 70 | V20: 0 | W20: =M20-N20-O20-P20-Q20-R20-S20-T20+U20+V20 -> 70 | AA20: 0 | AD20: 31 | AE20: =AE19-AD20 -> 1807 | AG20: =N20+O20+P20+Q20+R20+S20+T20+W20+AA20+AD20 -> 105.6 | AH20: =IF(L20<0,L20*-1,0) -> 19.461684 | AI20: =AG20+AH20 -> 125.06168 | AJ20: 0 | AK20: 38 | AL20: 10 | AM20: =AM19+(W20*1.9835) -> 10897.944
A21: =A20+1 -> 10 | B21: 6900.51 | C21: 285468 | D21: =C21-C20 -> -111 | E21: =C21-152000 -> 133468 | F21: =D21/$D$2 -> -55.961684 | G21: 68 | H21: 1.1 | I21: =G21+H21 -> 69.1 | J21: =IF(L21>0,L21,0) -> 0 | K21: =I21+J21 -> 69.1 | L21: =F21-(I21-AG21) -> -19.461684 | M21: 4.6 | N21: 0 | O21: 0 | P21: 0 | Q21: =1.42*1.02 -> 1.4484 | R21: 3.21 | S21: 0 | T21: =M21-(Q21+R21+S21) -> -0.0584 | U21: 70 | V21: 0 | W21: =M21-N21-O21-P21-Q21-R21-S21-T21+U21+V21 -> 70 | AA21: 0 | AD21: 31 | AE21: =AE20-AD21 -> 1776 | AG21: =N21+O21+P21+Q21+R21+S21+T21+W21+AA21+AD21 -> 105.6 | AH21: =IF(L21<0,L21*-1,0) -> 19.461684 | AI21: =AG21+AH21 -> 125.06168 | AJ21: 0 | AK21: 45 | AL21: 14 | AM21: =AM20+(W21*1.9835) -> 11036.789
A22: =A21+1 -> 11 | B22: 6900.49 | C22: 285394 | D22: =C22-C21 -> -74 | E22: =C22-152000 -> 133394 | F22: =D22/$D$2 -> -37.307789 | G22: 68 | H22: 1.3 | I22: =G22+H22 -> 69.3 | J22: =IF(L22>0,L22,0) -> 0 | K22: =I22+J22 -> 69.3 | L22: =F22-(I22-AG22) -> -6.3077893 | M22: 4.3 | N22: 0 | O22: 0 | P22: 0 | Q22: =1.42*1.02 -> 1.4484 | R22: 3.09 | S22: 0 | T22: =M22-(Q22+R22+S22) -> -0.2384 | U22: 65 | V22: 0 | W22: =M22-N22-O22-P22-Q22-R22-S22-T22+U22+V22 -> 65 | AA22: 0 | AD22: 31 | AE22: =AE21-AD22 -> 1745 | AG22: =N22+O22+P22+Q22+R22+S22+T22+W22+AA22+AD22 -> 100.3 | AH22: =IF(L22<0,L22*-1,0) -> 6.3077893 | AI22: =AG22+AH22 -> 106.60779 | AJ22: 0 | AK22: 42 | AL22: 10 | AM22: =AM21+(W22*1.9835) -> 11165.717
A23: =A22+1 -> 12 | B23: 6900.47 | C23: 285320 | D23: =C23-C22 -> -74 | E23: =C23-152000 -> 133320 | F23: =D23/$D$2 -> -37.307789 | G23: 68 | H23: 1.4 | I23: =G23+H23 -> 69.4 | J23: =IF(L23>0,L23,0) -> 0 | K23: =I23+J23 -> 69.4 | L23: =F23-(I23-AG23) -> -11.207789 | M23: 3.5 | N23: 0 | O23: 0 | P23: 0 | Q23: =1.42*1.02 -> 1.4484 | R23: 3.49 | S23: 0 | T23: =M23-(Q23+R23+S23) -> -1.4384 | U23: 61 | V23: 0 | W23: =M23-N23-O23-P23-Q23-R23-S23-T23+U23+V23 -> 61 | AA23: 0 | AD23: 31 | AE23: =AE22-AD23 -> 1714 | AG23: =N23+O23+P23+Q23+R23+S23+T23+W23+AA23+AD23 -> 95.5 | AH23: =IF(L23<0,L23*-1,0) -> 11.207789 | AI23: =AG23+AH23 -> 106.70779 | AJ23: 0 | AK23: 40 | AL23: 9 | AM23: =AM22+(W23*1.9835) -> 11286.71
A24: =A23+1 -> 13 | B24: 6900.45 | C24: 285246 | D24: =C24-C23 -> -74 | E24: =C24-152000 -> 133246 | F24: =D24/$D$2 -> -37.307789 | G24: 68 | H24: 1.6 | I24: =G24+H24 -> 69.6 | J24: =IF(L24>0,L24,0) -> 0 | K24: =I24+J24 -> 69.6 | L24: =F24-(I24-AG24) -> -12.907789 | M24: 3 | N24: 0 | O24: 0 | P24: 0 | Q24: =1.42*1.02 -> 1.4484 | R24: 3.2 | S24: 0 | T24: =M24-(Q24+R24+S24) -> -1.6484 | U24: 60 | V24: 0 | W24: =M24-N24-O24-P24-Q24-R24-S24-T24+U24+V24 -> 60 | AA24: 0 | AD24: 31 | AE24: =AE23-AD24 -> 1683 | AG24: =N24+O24+P24+Q24+R24+S24+T24+W24+AA24+AD24 -> 94 | AH24: =IF(L24<0,L24*-1,0) -> 12.907789 | AI24: =AG24+AH24 -> 106.90779 | AJ24: 0 | AK24: 44 | AL24: 6 | AM24: =AM23+(W24*1.9835) -> 11405.72
... A38: =A37+1 -> 27 | B38: 6900.79 | C38: 286504 | D38: =C38-C37 -> 37 | E38: =C38-152000 -> 134504 | F38: =D38/$D$2 -> 18.653895 | G38: 69 | H38: 1.8 | I38: =G38+H38 -> 70.8 | J38: =IF(L38>0,L38,0) -> 0 | K38: =I38+J38 -> 70.8 | L38: =F38-(I38-AG38) -> -2.5461054 | M38: 4.6 | N38: 0 | O38: 0 | P38: 0 | Q38: =1.42*1.02 -> 1.4484 | R38: 3.27 | S38: 0 | T38: =M38-(Q38+R38+S38) -> -0.1184 | U38: 0 | V38: 0 | W38: =M38-N38-O38-P38-Q38-R38-S38-T38+U38+V38 -> 0 | AA38: 0 | AD38: 45 | AE38: =AE37-AD38 -> 1227 | AG38: =N38+O38+P38+Q38+R38+S38+T38+W38+AA38+AD38 -> 49.6 | AH38: =IF(L38<0,L38*-1,0) -> 2.5461054 | AI38: =AG38+AH38 -> 52.146105 | AJ38: 0 | AK38: 43 | AL38: 10 | AM38: =AM37+(W38*1.9835) -> 11713.163
A39: 28 | B39: 6900.8 | C39: 286541 | D39: =C39-C38 -> 37 | E39: =C39-152000 -> 134541 | F39: =D39/$D$2 -> 18.653895 | G39: 71 | H39: 1.8 | I39: =G39+H39 -> 72.8 | J39: =IF(L39>0,L39,0) -> 0 | K39: =I39+J39 -> 72.8 | L39: =F39-(I39-AG39) -> -4.3461054 | M39: 4.8 | N39: 0 | O39: 0 | P39: 0 | Q39: =1.42*1.02 -> 1.4484 | R39: 3.5 | S39: 0 | T39: =M39-(Q39+R39+S39) -> -0.1484 | U39: 0 | V39: 0 | W39: =M39-N39-O39-P39-Q39-R39-S39-T39+U39+V39 -> 0 | AA39: 0 | AD39: 45 | AE39: =AE38-AD39 -> 1182 | AG39: =N39+O39+P39+Q39+R39+S39+T39+W39+AA39+AD39 -> 49.8 | AH39: =IF(L39<0,L39*-1,0) -> 4.3461054 | AI39: =AG39+AH39 -> 54.146105 | AJ39: 0 | AK39: 48 | AL39: 21 | AM39: =AM38+(W39*1.9835) -> 11713.163
A40: 29 | B40: 6900.82 | C40: 286616 | D40: =C40-C39 -> 75 | E40: =C40-152000 -> 134616 | F40: =D40/$D$2 -> 37.811949 | G40: 74 | H40: 1.9 | I40: =G40+H40 -> 75.9 | J40: =IF(L40>0,L40,0) -> 11.511949 | K40: =I40+J40 -> 87.411949 | L40: =F40-(I40-AG40) -> 11.511949 | M40: 4.6 | N40: 0 | O40: 0 | P40: 0 | Q40: =1.42*1.02 -> 1.4484 | R40: 3.09 | S40: 0 | T40: =M40-(Q40+R40+S40) -> 0.0616 | U40: 0 | V40: 0 | W40: =M40-N40-O40-P40-Q40-R40-S40-T40+U40+V40 -> -4.4408921e-16 | AA40: 0 | AD40: 45 | AE40: =AE39-AD40 -> 1137 | AG40: =N40+O40+P40+Q40+R40+S40+T40+W40+AA40+AD40 -> 49.6 | AH40: =IF(L40<0,L40*-1,0) -> 0 | AI40: =AG40+AH40 -> 49.6 | AJ40: 0 | AK40: 50 | AL40: 19 | AM40: =AM39+(W40*1.9835) -> 11713.163
A42: MONTH / CFS | F42: =SUM(F12:F40) -> 280.31258 | G42: =SUM(G12:G40) -> 1986 | H42: =SUM(H12:H40) -> 41.16 | I42: =SUM(I12:I40) -> 2027.16 | J42: =SUM(J12:J40) -> 552.47384 | K42: =SUM(K12:K40) -> 2579.6338 | L42: =SUM(L12:L40) -> 361.25258 | M42: =SUM(M12:M40) -> 118.1 | ... W42: =SUM(W12:W40) -> 1041 | AD42: =SUM(AD12:AD40) -> 949 | AF42: =SUM(AF12:AF40) -> 0 | AG42: =SUM(AG12:AG40) -> 2108.1 | AH42: =SUM(AH12:AH40) -> 191.22126 | AI42: =SUM(AI12:AI40) -> 2299.3213 | AJ42: =SUM(AJ12:AJ40) -> 2.01 | AK42: =AVERAGE(AK12:AK40) -> 38.517241 | AL42: =AVERAGE(AL12:AL40) -> 13.896552 | AM42: AVE | AN42: =SUM(AN12:AN40) -> 0
A43: MONTH / AF | D43: =SUM(D12:D39) -> 481 | F43: =F42*$D$2 -> 556 | G43: =G42*$D$2 -> 3939.231 | H43: =H42*$D$2 -> 81.64086 | I43: =I42*$D$2 -> 4020.8719 | J43: =J42*$D$2 -> 1095.8319 | K43: =K42*$D$2 -> 5116.7037 | L43: =L42*$D$2 -> 716.54449 | M43: =M42*$D$2 -> 234.25135 | ... O43: =O42*$D$2 -> 0 | Q43: =Q42*$D$2 -> 83.314141 | R43: =R42*$D$2 -> 208.64436 | S43: =S42*$D$2 -> 2.14218 | T43: =T42*$D$2 -> -59.849336 | U43: =U42*$D$2 -> 2064.8235 | V43: =V42*$D$2 -> 0 | W43: =W42*$D$2 -> 2064.8235 | AD43: =AD42*$D$2 -> 1882.3415 | AF43: =AF42*$D$2 -> 0 | AG43: =AG42*$D$2 -> 4181.4164 | AH43: =AH42*$D$2 -> 379.28737 | AI43: =AI42*$D$2 -> 4560.7037 | AK43: =MAX(AK12:AK40) -> 50 | AL43: =MAX(AL12:AL40) -> 29 | AM43: HI | AN43: =AN42*$D$2 -> 0
A45: SEASON / CFS | AK45: =MIN(AK12:AK40) -> 25 | AL45: =MIN(AL12:AL40) -> -5 | AM45: LO
A46: SEASON / AF
A48: YTD / CFS | F48: =F10+F42 -> -636.75321 | G48: =G10+G42 -> 8869 | H48: =H10+H42 -> 208.74 | I48: =I10+I42 -> 9077.74 | J48: =J10+J42 -> 2278.6284 | K48: =K10+K42 -> 11356.368 | L48: =L10+L42 -> 889.16679 | M48: =M10+M42 -> 651.9 | ... O48: =O10+O42 -> 0 | Q48: =Q10+Q42 -> 181.1214 | R48: =R10+R42 -> 359.053 | S48: =S10+S42 -> 3.42 | T48: =T10+T42 -> -76.8972 | U48: =U10+U42 -> 6064.96 | V48: =V10+V42 -> 84.8 | W48: =W10+W42 -> 5905.3 | AD48: =AD10+AD42 -> 3802 | AE48: =AE40 -> 1137 | AF48: =AF10+AF42 -> 0 | AG48: =AG10+AG42 -> 10603.66 | AH48: =AH10+AH42 -> 1389.4616 | AI48: =AI10+AI42 -> 11993.122 | AJ48: =AJ10+AJ42 -> 9.42 | AN48: =AN10+AN42 -> 0
A49: YTD / AF | D49: =D10+D43 -> -1338 | E49: =E39 -> 134541 | F49: =F48*$D$2 -> -1263 | G49: =G48*$D$2 -> 17591.661 | H49: =H48*$D$2 -> 414.03579 | I49: =I48*$D$2 -> 18005.697 | J49: =J48*$D$2 -> 4519.6595 | K49: =K48*$D$2 -> 22525.357 | L49: =L48*$D$2 -> 1763.6623 | M49: =M48*$D$2 -> 1293.0437 | ... O49: =O48*$D$2 -> 0 | Q49: =Q48*$D$2 -> 359.2543 | R49: =R48*$D$2 -> 712.18163 | S49: =S48*$D$2 -> 6.78357 | T49: =T48*$D$2 -> -152.5256 | U49: =U48*$D$2 -> 12029.848 | V49: =V48*$D$2 -> 168.2008 | W49: =W48*$D$2 -> 11713.163 | AD49: =AD48*$D$2 -> 7541.267 | AE49: =AE48*$D$2 -> 2255.2395 | AF49: =AF48*$D$2 -> 0 | AG49: =AG48*$D$2 -> 21032.36 | AH49: =AH48*$D$2 -> 2755.9971 | AI49: =AI48*$D$2 -> 23788.357 | AM49: =AM40 -> 11713.163 | AN49: =AN48*$D$2 -> 0

Sheet MAR
K1: MCPHEE RESERVOIR INFLOW/OUTFLOW TABULATION
A2: AF/cfs CONVERT FACTOR | D2: 1.9835 | K2: MARCH "2008"
D4: RESERVOIR | U4: INFLOW/OUTFLOW (CFS) | AK4: WEATHER | AO4: ADJUSTMENTS
A5: DATE | B5: RESERV | C5: RESERV | D5: AC FT | E5: ACTIVE | F5: CONV TO | G5: DOLORES | H5: LOST | I5: RECORD | J5: CALC | K5: TOTAL | L5: CALC | M5: DOLORES TUNNEL | U5: LONE | V5: U | W5: TOTAL | X5: MVI | Y5: TO EX & | Z5: MVI | AA5: DV CR | AB5: D/S SENIOR | AD5: BELOW | AE5: FISH | AF5: SPILL | AG5: RECORD | AH5: CALC | AI5: TOTAL | AJ5: RAIN | AK5: MAX | AL5: MIN | AM5: NAR | AN5: MVI | AO5: MVI | AP5: MVI | AQ5: U/S | AR5: TOTTEN | AS5: UTES
A6: MAR | B6: ELEV | C6: AC FT | D6: CHANGE | E6: CAP | F6: CFS | G6: RIVER | H6: CAN | I6: INFLOW | J6: INFLOW | K6: INFLOW | L6: INF/OTF | M6: TOT DIV | N6: WET | O6: UTE | P6: QUEST | Q6: MWC | R6: CTZ | S6: CTZ & | T6: F-BAY | U6: PINE | V6: LAT | W6: MVI | X6: CALL | Y6: U/S EX | Z6: PROJ | AA6: CANAL | AD6: MCP | AE6: LEFT | AG6: OTF | AH6: OTF | AI6: OTF | AK6: TMP | AL6: TMP | AM6: CALL | AN6: STOCK | AO6: STORED | AP6: STORED | AQ6: USERS | AR6: (FRESH | AS6: FROM
E7: AC FT | N7: LAND | O7: F&R | S7: UTE | T7: SPILL | AM7: AC.FT. | AN7: CFS | AO7: Apr-Jun | AP7: EVAP | AQ7: EXCH | AR7: WATER) | AS7: MVIC
N8: 1.03 | O8: 1.05 | P8: 1.02 | Q8: 1.02 | R8: 1.04 | S8: PROJ | AP8: AC.FT.
A9: SEASON BAL
A10: YTD | B10: =FEB!B40 -> 6900.82 | C10: =FEB!C40 -> 286616 | D10: =FEB!D49 -> -1338 | E10: =FEB!E49 -> 134541 | F10: =FEB!F48 -> -636.75321 | G10: =FEB!G48 -> 8869 | H10: =FEB!H48 -> 208.74 | I10: =FEB!I48 -> 9077.74 | J10: =FEB!J48 -> 2278.6284 | K10: =FEB!K48 -> 11356.368 | L10: =FEB!L48 -> 889.16679 | M10: =FEB!M48 -> 651.9 | ... O10: =FEB!O48 -> 0 | Q10: =FEB!Q48 -> 181.1214 | R10: =FEB!R48 -> 359.053 | S10: =FEB!S48 -> 3.42 | T10: =FEB!T48 -> -76.8972 | U10: =FEB!U48 -> 6064.96 | V10: =FEB!V48 -> 84.8 | W10: =FEB!W48 -> 5905.3 | AD10: =FEB!AD48 -> 3802 | AE10: =FEB!AE48 -> 1137 | AF10: =FEB!AF48 -> 0 | AG10: =FEB!AG48 -> 10603.66 | AH10: =FEB!AH48 -> 1389.4616 | AI10: =FEB!AI48 -> 11993.122 | AJ10: =FEB!AJ48 -> 9.42 | AM10: =FEB!AM49 -> 11713.163 | AN10: =FEB!AN48 -> 0
A12: 1 | B12: 6900.84 | C12: 286690 | D12: =C12-C10 -> 74 | E12: =C12-152000 -> 134690 | F12: =D12/$D$2 -> 37.307789 | G12: 82 | H12: 2.1 | I12: =G12+H12 -> 84.1 | J12: =IF(L12>0,L12,0) -> 2.8077893 | K12: =I12+J12 -> 86.907789 | L12: =F12-(I12-AG12) -> 2.8077893 | M12: 4.6 | N12: 0 | O12: 0 | P12: 0 | Q12: =1.46*1.02 -> 1.4892 | R12: 3.28 | S12: 0 | T12: =M12-(Q12+R12+S12) -> -0.1692 | U12: 0 | V12: 0 | W12: =M12-N12-O12-P12-Q12-R12-S12-T12+U12+V12 -> 0 | AA12: 0 | AD12: 45 | AE12: =AE10-AD12 -> 1092 | AG12: =N12+O12+P12+Q12+R12+S12+T12+W12+AA12+AD12 -> 49.6 | AH12: =IF(L12<0,L12*-1,0) -> 0 | AI12: =AG12+AH12 -> 49.6 | AJ12: 0 | AK12: 53 | AL12: 20 | AM12: =AM10+(W12*1.9835) -> 11713.163
A13: =A12+1 -> 2 | B13: 6900.9 | C13: 286912 | D13: =C13-C12 -> 222 | E13: =C13-152000 -> 134912 | F13: =D13/$D$2 -> 111.92337 | G13: 83 | H13: 2.5 | I13: =G13+H13 -> 85.5 | J13: =IF(L13>0,L13,0) -> 77.023368 | K13: =I13+J13 -> 162.52337 | L13: =F13-(I13-AG13) -> 77.023368 | M13: 4.6 | N13: 0 | O13: 0 | P13: 0 | Q13: =1.46*1.02 -> 1.4892 | R13: 3.26 | S13: 0 | T13: =M13-(Q13+R13+S13) -> -0.1492 | U13: 0 | V13: 0 | W13: =M13-N13-O13-P13-Q13-R13-S13-T13+U13+V13 -> 0 | AA13: 0 | AD13: 46 | AE13: =AE12-AD13 -> 1046 | AG13: =N13+O13+P13+Q13+R13+S13+T13+W13+AA13+AD13 -> 50.6 | AH13: =IF(L13<0,L13*-1,0) -> 0 | AI13: =AG13+AH13 -> 50.6 | AJ13: 0 | AK13: 36 | AL13: 21 | AM13: =AM12+(W13*1.9835) -> 11713.163
A14: =A13+1 -> 3 | B14: 6900.93 | C14: 287023 | D14: =C14-C13 -> 111 | E14: =C14-152000 -> 135023 | F14: =D14/$D$2 -> 55.961684 | G14: 81 | H14: 2.9 | I14: =G14+H14 -> 83.9 | J14: =IF(L14>0,L14,0) -> 21.861684 | K14: =I14+J14 -> 105.76168 | L14: =F14-(I14-AG14) -> 21.861684 | M14: 4.8 | N14: 0 | O14: 0 | P14: 0 | Q14: =1.46*1.02 -> 1.4892 | R14: 3.17 | S14: 0 | T14: =M14-(Q14+R14+S14) -> 0.1408 | U14: 0 | V14: 0 | W14: =M14-N14-O14-P14-Q14-R14-S14-T14+U14+V14 -> 0 | AA14: 0 | AD14: 45 | AE14: =AE13-AD14 -> 1001 | AG14: =N14+O14+P14+Q14+R14+S14+T14+W14+AA14+AD14 -> 49.8 | AH14: =IF(L14<0,L14*-1,0) -> 0 | AI14: =AG14+AH14 -> 49.8 | AJ14: 0 | AK14: 37 | AL14: 15 | AM14: =AM13+(W14*1.9835) -> 11713.163
A15: =A14+1 -> 4 | B15: 6900.97 | C15: 287171 | D15: =C15-C14 -> 148 | E15: =C15-152000 -> 135171 | F15: =D15/$D$2 -> 74.615579 | G15: 85 | H15: 5.3 | I15: =G15+H15 -> 90.3 | J15: =IF(L15>0,L15,0) -> 33.915579 | K15: =I15+J15 -> 124.21558 | L15: =F15-(I15-AG15) -> 33.915579 | M15: 4.6 | N15: 0 | O15: 0 | P15: 0 | Q15: =1.46*1.02 -> 1.4892 | R15: 3.35 | S15: 0 | T15: =M15-(Q15+R15+S15) -> -0.2392 | U15: 0 | V15: 0 | W15: =M15-N15-O15-P15-Q15-R15-S15-T15+U15+V15 -> 0 | AA15: 0 | AD15: 45 | AE15: =AE14-AD15 -> 956 | AG15: =N15+O15+P15+Q15+R15+S15+T15+W15+AA15+AD15 -> 49.6 | AH15: =IF(L15<0,L15*-1,0) -> 0 | AI15: =AG15+AH15 -> 49.6 | AJ15: 0 | AK15: 44 | AL15: 12 | AM15: =AM14+(W15*1.9835) -> 11713.163
A16: =A15+1 -> 5 | B16: 6901 | C16: 287282 | D16: =C16-C15 -> 111 | E16: =C16-152000 -> 135282 | F16: =D16/$D$2 -> 55.961684 | G16: 90 | H16: 8.6 | I16: =G16+H16 -> 98.6 | J16: =IF(L16>0,L16,0) -> 6.4616839 | K16: =I16+J16 -> 105.06168 | L16: =F16-(I16-AG16) -> 6.4616839 | M16: 4.1 | N16: 0 | O16: 0 | P16: 0 | Q16: =1.46*1.02 -> 1.4892 | R16: 3.28 | S16: 0 | T16: =M16-(Q16+R16+S16) -> -0.6692 | U16: 0 | V16: 0 | W16: =M16-N16-O16-P16-Q16-R16-S16-T16+U16+V16 -> 0 | AA16: 0 | AD16: 45 | AE16: =AE15-AD16 -> 911 | AG16: =N16+O16+P16+Q16+R16+S16+T16+W16+AA16+AD16 -> 49.1 | AH16: =IF(L16<0,L16*-1,0) -> 0 | AI16: =AG16+AH16 -> 49.1 | AJ16: 0 | AK16: 34 | AL16: 16 | AM16: =AM15+(W16*1.9835) -> 11713.163
A17: =A16+1 -> 6 | B17: 6901.04 | C17: 287431 | D17: =C17-C16 -> 149 | E17: =C17-152000 -> 135431 | F17: =D17/$D$2 -> 75.119738 | G17: 98 | H17: 11 | I17: =G17+H17 -> 109 | J17: =IF(L17>0,L17,0) -> 31.119738 | K17: =I17+J17 -> 140.11974 | L17: =F17-(I17-AG17) -> 31.119738 | M17: 4 | N17: 0 | O17: 0 | P17: 0 | Q17: =1.46*1.02 -> 1.4892 | R17: 3.48 | S17: 0 | T17: =M17-(Q17+R17+S17) -> -0.9692 | U17: 0 | V17: 0 | W17: =M17-N17-O17-P17-Q17-R17-S17-T17+U17+V17 -> 0 | AA17: 0 | AD17: 61 | AE17: =AE16-45 -> 866 | AF17: =AD17-45 -> 16 | AG17: =N17+O17+P17+Q17+R17+S17+T17+W17+AA17+AD17 -> 65 | AH17: =IF(L17<0,L17*-1,0) -> 0 | AI17: =AG17+AH17 -> 65 | AJ17: 0 | AK17: 36 | AL17: 11 | AM17: =AM16+(W17*1.9835) -> 11713.163
A18: =A17+1 -> 7 | B18: 6901.05 | C18: 287469 | D18: =C18-C17 -> 38 | E18: =C18-152000 -> 135469 | F18: =D18/$D$2 -> 19.158054 | G18: 105 | H18: 14 | I18: =G18+H18 -> 119 | J18: =IF(L18>0,L18,0) -> 0 | K18: =I18+J18 -> 119 | L18: =F18-(I18-AG18) -> -20.041946 | M18: 3.8 | N18: 0 | O18: 0 | P18: 0 | Q18: =1.46*1.02 -> 1.4892 | R18: 3.57 | S18: 0 | T18: =M18-(Q18+R18+S18) -> -1.2592 | U18: 0 | V18: 0 | W18: =M18-N18-O18-P18-Q18-R18-S18-T18+U18+V18 -> 0 | AA18: 0 | AD18: 76 | AE18: =AE17-45 -> 821 | AF18: =AD18-45 -> 31 | AG18: =N18+O18+P18+Q18+R18+S18+T18+W18+AA18+AD18 -> 79.8 | AH18: =IF(L18<0,L18*-1,0) -> 20.041946 | AI18: =AG18+AH18 -> 99.841946 | AJ18: 0 | AK18: 42 | AL18: 13 | AM18: =AM17+(W18*1.9835) -> 11713.163
A19: =A18+1 -> 8 | B19: 6901.05 | C19: 287469 | D19: =C19-C18 -> 0 | E19: =C19-152000 -> 135469 | F19: =D19/$D$2 -> 0 | G19: 112 | H19: 12 | I19: =G19+H19 -> 124 | J19: =IF(L19>0,L19,0) -> 0 | K19: =I19+J19 -> 124 | L19: =F19-(I19-AG19) -> -44.3 | M19: 3.7 | N19: 0 | O19: 0 | P19: 0 | Q19: =1.46*1.02 -> 1.4892 | R19: 3.45 | S19: 0 | T19: =M19-(Q19+R19+S19) -> -1.2392 | U19: 0 | V19: 0 | W19: =M19-N19-O19-P19-Q19-R19-S19-T19+U19+V19 -> 0 | AA19: 0 | AD19: 76 | AE19: =AE18-45 -> 776 | AF19: =AD19-45 -> 31 | AG19: =N19+O19+P19+Q19+R19+S19+T19+W19+AA19+AD19 -> 79.7 | AH19: =IF(L19<0,L19*-1,0) -> 44.3 | AI19: =AG19+AH19 -> 124 | AJ19: 0 | AK19: 43 | AL19: 21 | AM19: =AM18+(W19*1.9835) -> 11713.163
A20: =A19+1 -> 9 | B20: 6901.06 | C20: 287506 | D20: =C20-C19 -> 37 | E20: =C20-152000 -> 135506 | F20: =D20/$D$2 -> 18.653895 | G20: 119 | H20: 15 | I20: =G20+H20 -> 134 | J20: =IF(L20>0,L20,0) -> 0 | K20: =I20+J20 -> 134 | L20: =F20-(I20-AG20) -> -35.646105 | M20: 3.7 | N20: 0 | O20: 0 | P20: 0 | Q20: =1.46*1.02 -> 1.4892 | R20: 3.12 | S20: 0 | T20: =M20-(Q20+R20+S20) -> -0.9092 | U20: 0 | V20: 0 | W20: =M20-N20-O20-P20-Q20-R20-S20-T20+U20+V20 -> 0 | AA20: 0 | AD20: 76 | AE20: =AE19-45 -> 731 | AF20: =AD20-45 -> 31 | AG20: =N20+O20+P20+Q20+R20+S20+T20+W20+AA20+AD20 -> 79.7 | AH20: =IF(L20<0,L20*-1,0) -> 35.646105 | AI20: =AG20+AH20 -> 115.34611 | AJ20: 0 | AK20: 47 | AL20: 21 | AM20: =AM19+(W20*1.9835) -> 11713.163
A21: =A20+1 -> 10 | B21: 6901.09 | C21: 287618 | D21: =C21-C20 -> 112 | E21: =C21-152000 -> 135618 | F21: =D21/$D$2 -> 56.465843 | G21: 126 | H21: 15 | I21: =G21+H21 -> 141 | J21: =IF(L21>0,L21,0) -> 1.9658432 | K21: =I21+J21 -> 142.96584 | L21: =F21-(I21-AG21) -> 1.9658432 | M21: 3.5 | N21: 0 | O21: 0 | P21: 0 | Q21: =1.46*1.02 -> 1.4892 | R21: 3.44 | S21: 0 | T21: =M21-(Q21+R21+S21) -> -1.4292 | U21: 0 | V21: 0 | W21: =M21-N21-O21-P21-Q21-R21-S21-T21+U21+V21 -> 0 | AA21: 0 | AD21: 83 | AE21: =AE20-45 -> 686 | AF21: =AD21-45 -> 38 | AG21: =N21+O21+P21+Q21+R21+S21+T21+W21+AA21+AD21 -> 86.5 | AH21: =IF(L21<0,L21*-1,0) -> 0 | AI21: =AG21+AH21 -> 86.5 | AJ21: 0 | AK21: 44 | AL21: 16 | AM21: =AM20+(W21*1.9835) -> 11713.163
A22: =A21+1 -> 11 | B22: 6901.07 | C22: 287543 | D22: =C22-C21 -> -75 | E22: =C22-152000 -> 135543 | F22: =D22/$D$2 -> -37.811949 | G22: 135 | H22: 17 | I22: =G22+H22 -> 152 | J22: =IF(L22>0,L22,0) -> 0 | K22: =I22+J22 -> 152 | L22: =F22-(I22-AG22) -> -56.011949 | M22: 3.8 | N22: 0 | O22: 0 | P22: 0 | Q22: =1.46*1.02 -> 1.4892 | R22: 3.53 | S22: 0 | T22: =M22-(Q22+R22+S22) -> -1.2192 | U22: 0 | V22: 0 | W22: =M22-N22-O22-P22-Q22-R22-S22-T22+U22+V22 -> 0 | AA22: 0 | AD22: 130 | AE22: =AE21-45 -> 641 | AF22: =AD22-45 -> 85 | AG22: =N22+O22+P22+Q22+R22+S22+T22+W22+AA22+AD22 -> 133.8 | AH22: =IF(L22<0,L22*-1,0) -> 56.011949 | AI22: =AG22+AH22 -> 189.81195 | AJ22: 0 | AK22: 47 | AL22: 20 | AM22: =AM21+(W22*1.9835) -> 11713.163
A23: =A22+1 -> 12 | B23: 6901.07 | C23: 287543 | D23: =C23-C22 -> 0 | E23: =C23-152000 -> 135543 | F23: =D23/$D$2 -> 0 | G23: 141 | H23: 18 | I23: =G23+H23 -> 159 | J23: =IF(L23>0,L23,0) -> 0 | K23: =I23+J23 -> 159 | L23: =F23-(I23-AG23) -> -11.2 | M23: 3.8 | N23: 0 | O23: 0 | P23: 0 | Q23: =1.46*1.02 -> 1.4892 | R23: 3.44 | S23: 0 | T23: =M23-(Q23+R23+S23) -> -1.1292 | U23: 0 | V23: 0 | W23: =M23-N23-O23-P23-Q23-R23-S23-T23+U23+V23 -> 0 | AA23: 0 | AD23: 144 | AE23: =AE22-45 -> 596 | AF23: =AD23-45 -> 99 | AG23: =N23+O23+P23+Q23+R23+S23+T23+W23+AA23+AD23 -> 147.8 | AH23: =IF(L23<0,L23*-1,0) -> 11.2 | AI23: =AG23+AH23 -> 159 | AJ23: 0 | AK23: 53 | AL23: 18 | AM23: =AM22+(W23*1.9835) -> 11713.163
A24: =A23+1 -> 13 | B24: 6901.07 | C24: 287543 | D24: =C24-C23 -> 0 | E24: =C24-152000 -> 135543 | F24: =D24/$D$2 -> 0 | G24: 149 | H24: 25 | I24: =G24+H24 -> 174 | J24: =IF(L24>0,L24,0) -> 0 | K24: =I24+J24 -> 174 | L24: =F24-(I24-AG24) -> -27.2 | M24: 3.8 | N24: 0 | O24: 0 | P24: 0 | Q24: =1.46*1.02 -> 1.4892 | R24: 3.6 | S24: 0 | T24: =M24-(Q24+R24+S24) -> -1.2892 | U24: 0 | V24: 0 | W24: =M24-N24-O24-P24-Q24-R24-S24-T24+U24+V24 -> 0 | AA24: 0 | AD24: 143 | AE24: =AE23-45 -> 551 | AF24: =AD24-45 -> 98 | AG24: =N24+O24+P24+Q24+R24+S24+T24+W24+AA24+AD24 -> 146.8 | AH24: =IF(L24<0,L24*-1,0) -> 27.2 | AI24: =AG24+AH24 -> 174 | AJ24: 0 | AK24: 49 | AL24: 24 | AM24: =AM23+(W24*1.9835) -> 11713.163
A25: =A24+1 -> 14 | B25: 6901.07 | C25: 287543 | D25: =C25-C24 -> 0 | E25: =C25-152000 -> 135543 | F25: =D25/$D$2 -> 0 | G25: 157 | H25: 30 | I25: =G25+H25 -> 187 | J25: =IF(L25>0,L25,0) -> 0 | K25: =I25+J25 -> 187 | L25: =F25-(I25-AG25) -> -40 | M25: 4 | N25: 0 | O25: 0 | P25: 0 | Q25: =1.46*1.02 -> 1.4892 | R25: 4.2 | S25: 0.44 | T25: =M25-(Q25+R25+S25) -> -2.1292 | U25: 0 | V25: 0 | W25: =M25-N25-O25-P25-Q25-R25-S25-T25+U25+V25 -> 0 | AA25: 0 | AD25: 143 | AE25: =AE24-45 -> 506 | AF25: =AD25-45 -> 98 | AG25: =N25+O25+P25+Q25+R25+S25+T25+W25+AA25+AD25 -> 147 | AH25: =IF(L25<0,L25*-1,0) -> 40 | AI25: =AG25+AH25 -> 187 | AJ25: 0 | AK25: 45 | AL25: 31 | AM25: =AM24+(W25*1.9835) -> 11713.163
A26: =A25+1 -> 15 | B26: 6901.07 | C26: 287543 | D26: =C26-C25 -> 0 | E26: =C26-152000 -> 135543 | F26: =D26/$D$2 -> 0 | G26: 163 | H26: 40 | I26: =G26+H26 -> 203 | J26: =IF(L26>0,L26,0) -> 0 | K26: =I26+J26 -> 203 | L26: =F26-(I26-AG26) -> -56 | M26: 4 | N26: 0 | O26: 0 | P26: 0 | Q26: =1.46*1.02 -> 1.4892 | R26: 3.82 | S26: 0 | T26: =M26-(Q26+R26+S26) -> -1.3092 | U26: 0 | V26: 0 | W26: =M26-N26-O26-P26-Q26-R26-S26-T26+U26+V26 -> 0 | AA26: 0 | AD26: 143 | AE26: =AE25-45 -> 461 | AF26: =AD26-45 -> 98 | AG26: =N26+O26+P26+Q26+R26+S26+T26+W26+AA26+AD26 -> 147 | AH26: =IF(L26<0,L26*-1,0) -> 56 | AI26: =AG26+AH26 -> 203 | AJ26: 0 | AK26: 49 | AL26: 20 | AM26: =AM25+(U26*1.9835) -> 11713.163
A27: =A26+1 -> 16 | B27: 6901.06 | C27: 287506 | D27: =C27-C26 -> -37 | E27: =C27-152000 -> 135506 | F27: =D27/$D$2 -> -18.653895 | G27: 171 | H27: 42 | I27: =G27+H27 -> 213 | J27: =IF(L27>0,L27,0) -> 0 | K27: =I27+J27 -> 213 | L27: =F27-(I27-AG27) -> -84.653895 | M27: 4 | N27: 0 | O27: 0 | P27: 0 | Q27: =1.46*1.02 -> 1.4892 | R27: 3.72 | S27: 0 | T27: =M27-(Q27+R27+S27) -> -1.2092 | U27: 0 | V27: 0 | W27: =M27-N27-O27-P27-Q27-R27-S27-T27+U27+V27 -> 0 | AA27: 0 | AD27: 143 | AE27: =AE26-45 -> 416 | AF27: =AD27-45 -> 98 | AG27: =N27+O27+P27+Q27+R27+S27+T27+W27+AA27+AD27 -> 147 | AH27: =IF(L27<0,L27*-1,0) -> 84.653895 | AI27: =AG27+AH27 -> 231.65389 | AJ27: 0 | AK27: 45 | AL27: 24 | AM27: =AM26+(U27*1.9835) -> 11713.163
A28: 17 | B28: 6901.09 | C28: 287618 | D28: =C28-C27 -> 112 | E28: =C28-152000 -> 135618 | F28: =D28/$D$2 -> 56.465843 | G28: 178 | H28: 38 | I28: =G28+H28 -> 216 | J28: =IF(L28>0,L28,0) -> 0 | K28: =I28+J28 -> 216 | L28: =F28-(I28-AG28) -> -47.434157 | M28: 4.1 | N28: 0 | O28: 0 | P28: 0 | Q28: =1.46*1.02 -> 1.4892 | R28: 4.2 | S28: 0.25 | T28: =M28-(Q28+R28+S28) -> -1.8392 | U28: 0 | V28: 0 | W28: =M28-N28-O28-P28-Q28-R28-S28-T28+U28+V28 -> 0 | AA28: 0 | AD28: 108 | AE28: =AE27-45 -> 371 | AF28: =AD28-45 -> 63 | AG28: =N28+O28+P28+Q28+R28+S28+T28+W28+AA28+AD28 -> 112.1 | AH28: =IF(L28<0,L28*-1,0) -> 47.434157 | AI28: =AG28+AH28 -> 159.53416 | AJ28: 0.01 | AK28: 38 | AL28: 22 | AM28: =AM27+(U28*1.9835) -> 11713.163
A29: =A28+1 -> 18 | B29: 6901.12 | C29: 287730 | D29: =C29-C28 -> 112 | E29: =C29-152000 -> 135730 | F29: =D29/$D$2 -> 56.465843 | G29: 186 | H29: 41 | I29: =G29+H29 -> 227 | J29: =IF(L29>0,L29,0) -> 0 | K29: =I29+J29 -> 227 | L29: =F29-(I29-AG29) -> -90.334157 | M29: 4.2 | N29: 0 | O29: 0 | P29: 0 | Q29: =1.46*1.02 -> 1.4892 | R29: 4.2 | S29: 0.08 | T29: =M29-(Q29+R29+S29) -> -1.5692 | U29: 0 | V29: 0 | W29: =M29-N29-O29-P29-Q29-R29-S29-T29+U29+V29 -> 0 | AA29: 0 | AD29: 76 | AE29: =AE28-45 -> 326 | AF29: =AD29-45 -> 31 | AG29: =N29+O29+P29+Q29+R29+S29+T29+W29+AA29+AD29 -> 80.2 | AH29: =IF(L29<0,L29*-1,0) -> 90.334157 | AI29: =AG29+AH29 -> 170.53416 | AJ29: 0 | AK29: 48 | AL29: 19 | AM29: =AM28+(U29*1.9835) -> 11713.163
A30: =A29+1 -> 19 | B30: 6901.17 | C30: 287916 | D30: =C30-C29 -> 186 | E30: =C30-152000 -> 135916 | F30: =D30/$D$2 -> 93.773632 | G30: 194 | H30: 43 | I30: =G30+H30 -> 237 | J30: =IF(L30>0,L30,0) -> 0 | K30: =I30+J30 -> 237 | L30: =F30-(I30-AG30) -> -77.726368 | M30: 4.5 | N30: 0 | O30: 0 | P30: 0 | Q30: =1.46*1.02 -> 1.4892 | R30: 3.62 | S30: 0 | T30: =M30-(Q30+R30+S30) -> -0.6092 | U30: 0 | V30: 0 | W30: =M30-N30-O30-P30-Q30-R30-S30-T30+U30+V30 -> 0 | AA30: 0 | AD30: 61 | AE30: =AE29-45 -> 281 | AF30: =AD30-45 -> 16 | AG30: =N30+O30+P30+Q30+R30+S30+T30+W30+AA30+AD30 -> 65.5 | AH30: =IF(L30<0,L30*-1,0) -> 77.726368 | AI30: =AG30+AH30 -> 143.22637 | AJ30: 0 | AK30: 52 | AL30: 19 | AM30: =AM29+(U30*1.9835) -> 11713.163
A31: =A30+1 -> 20 | B31: 6901.25 | C31: 288215 | D31: =C31-C30 -> 299 | E31: =C31-152000 -> 136215 | F31: =D31/$D$2 -> 150.74363 | G31: 205 | H31: 47 | I31: =G31+H31 -> 252 | J31: =IF(L31>0,L31,0) -> 0 | K31: =I31+J31 -> 252 | L31: =F31-(I31-AG31) -> -41.856365 | M31: 6.4 | N31: 0 | O31: 0 | P31: 0 | Q31: =1.46*1.02 -> 1.4892 | R31: 3.31 | S31: 0 | T31: =M31-(Q31+R31+S31) -> 1.6008 | U31: 0 | V31: 0 | W31: =M31-N31-O31-P31-Q31-R31-S31-T31+U31+V31 -> 0 | AA31: 0 | AD31: 53 | AE31: =AE30-45 -> 236 | AF31: =AD31-45 -> 8 | AG31: =N31+O31+P31+Q31+R31+S31+T31+W31+AA31+AD31 -> 59.4 | AH31: =IF(L31<0,L31*-1,0) -> 41.856365 | AI31: =AG31+AH31 -> 101.25637 | AJ31: 0 | AK31: 54 | AL31: 25 | AM31: =AM30+(U31*1.9835) -> 11713.163
A32: =A31+1 -> 21 | B32: 6901.38 | C32: 288700 | D32: =C32-C31 -> 485 | E32: =C32-152000 -> 136700 | F32: =D32/$D$2 -> 244.51727 | G32: 214 | H32: 53 | I32: =G32+H32 -> 267 | J32: =IF(L32>0,L32,0) -> 35.117267 | K32: =I32+J32 -> 302.11727 | L32: =F32-(I32-AG32) -> 35.117267 | M32: 4.6 | N32: 0 | O32: 0 | P32: 0 | Q32: =1.46*1.02 -> 1.4892 | R32: 3.48 | S32: 0 | T32: =M32-(Q32+R32+S32) -> -0.3692 | U32: 0 | V32: 0 | W32: =M32-N32-O32-P32-Q32-R32-S32-T32+U32+V32 -> 0 | AA32: 0 | AD32: 53 | AE32: =AE31-45 -> 191 | AF32: =AD32-45 -> 8 | AG32: =N32+O32+P32+Q32+R32+S32+T32+W32+AA32+AD32 -> 57.6 | AH32: =IF(L32<0,L32*-1,0) -> 0 | AI32: =AG32+AH32 -> 57.6 | AJ32: 0 | AK32: 54 | AL32: 27 | AM32: =AM31+(U32*1.9835) -> 11713.163
A33: =A32+1 -> 22 | B33: 6901.51 | C33: 289185 | D33: =C33-C32 -> 485 | E33: =C33-152000 -> 137185 | F33: =D33/$D$2 -> 244.51727 | G33: 227 | H33: 72 | I33: =G33+H33 -> 299 | J33: =IF(L33>0,L33,0) -> 3.1172675 | K33: =I33+J33 -> 302.11727 | L33: =F33-(I33-AG33) -> 3.1172675 | M33: 4.6 | N33: 0 | O33: 0 | P33: 0 | Q33: =1.46*1.02 -> 1.4892 | R33: 3.2 | S33: 0 | T33: =M33-(Q33+R33+S33) -> -0.0892 | U33: 0 | V33: 0 | W33: =M33-N33-O33-P33-Q33-R33-S33-T33+U33+V33 -> 0 | AA33: 0 | AD33: 53 | AE33: =AE32-45 -> 146 | AF33: =AD33-45 -> 8 | AG33: =N33+O33+P33+Q33+R33+S33+T33+W33+AA33+AD33 -> 57.6 | AH33: =IF(L33<0,L33*-1,0) -> 0 | AI33: =AG33+AH33 -> 57.6 | AJ33: 0 | AK33: 53 | AL33: 27 | AM33: =AM32+(U33*1.9835) -> 11713.163
A34: =A33+1 -> 23 | B34: 6901.71 | C34: 289932 | D34: =C34-C33 -> 747 | E34: =C34-152000 -> 137932 | F34: =D34/$D$2 -> 376.60701 | G34: 247 | H34: 87 | I34: =G34+H34 -> 334 | J34: =IF(L34>0,L34,0) -> 100.20701 | K34: =I34+J34 -> 434.20701 | L34: =F34-(I34-AG34) -> 100.20701 | M34: 4.6 | N34: 0 | O34: 0 | P34: 0 | Q34: =1.46*1.02 -> 1.4892 | R34: 2.69 | S34: 0 | T34: =M34-(Q34+R34+S34) -> 0.4208 | U34: 0 | V34: 0 | W34: =M34-N34-O34-P34-Q34-R34-S34-T34+U34+V34 -> 0 | AA34: 0 | AD34: 53 | AE34: =AE33-45 -> 101 | AF34: =AD34-45 -> 8 | AG34: =N34+O34+P34+Q34+R34+S34+T34+W34+AA34+AD34 -> 57.6 | AH34: =IF(L34<0,L34*-1,0) -> 0 | AI34: =AG34+AH34 -> 57.6 | AJ34: 0 | AK34: 54 | AL34: 24 | AM34: =AM33+(U34*1.9835) -> 11713.163
A35: =A34+1 -> 24 | B35: 6901.9 | C35: 290641 | D35: =C35-C34 -> 709 | E35: =C35-152000 -> 138641 | F35: =D35/$D$2 -> 357.44895 | G35: 282 | H35: 93 | I35: =G35+H35 -> 375 | J35: =IF(L35>0,L35,0) -> 123.44895 | K35: =I35+J35 -> 498.44895 | L35: =F35-(I35-AG35) -> 123.44895 | M35: 35 | N35: 0 | O35: =(0.3+0.27)*1.05 -> 0.5985 | P35: 0 | Q35: =1.46*1.02 -> 1.4892 | R35: 3.23 | S35: 0 | T35: 0 | U35: 0 | V35: 0 | W35: =M35-N35-O35-P35-Q35-R35-S35-T35+U35+V35 -> 29.6823 | AA35: 0 | AD35: 106 | AE35: =AE34-45 -> 56 | AF35: =AD35-45 -> 61 | AG35: =N35+O35+P35+Q35+R35+S35+T35+W35+AA35+AD35 -> 141 | AH35: =IF(L35<0,L35*-1,0) -> 0 | AI35: =AG35+AH35 -> 141 | AJ35: 0 | AK35: 57 | AL35: 23 | AM35: =AM34+(U35*1.9835)-(AN35*1.9835) -> 11713.163
A36: =A35+1 -> 25 | B36: 6902.14 | C36: 291541 | D36: =C36-C35 -> 900 | E36: =C36-152000 -> 139541 | F36: =D36/$D$2 -> 453.74338 | G36: 340 | H36: 105 | I36: =G36+H36 -> 445 | J36: =IF(L36>0,L36,0) -> 196.74338 | K36: =I36+J36 -> 641.74338 | L36: =F36-(I36-AG36) -> 196.74338 | M36: 45 | N36: 0 | O36: =(10+9.9)*1.05 -> 20.895 | P36: 0 | Q36: =1.46*1.02 -> 1.4892 | R36: 3.12 | S36: 0 | T36: 0 | U36: 0 | V36: 0 | W36: =M36-N36-O36-P36-Q36-R36-S36-T36+U36+V36 -> 19.4958 | AA36: 0 | AD36: 143 | AE36: =AE35-45 -> 11 | AF36: =AD36-45 -> 98 | AG36: =N36+O36+P36+Q36+R36+S36+T36+W36+AA36+AD36 -> 188 | AH36: =IF(L36<0,L36*-1,0) -> 0 | AI36: =AG36+AH36 -> 188 | AJ36: 0 | AK36: 59 | AL36: 24 | AM36: =AM35+(U36*1.9835)-(AN36*1.9835) -> 11713.163
A37: =A36+1 -> 26 | B37: 6902.39 | C37: 292482 | D37: =C37-C36 -> 941 | E37: =C37-152000 -> 140482 | F37: =D37/$D$2 -> 474.41391 | G37: 421 | H37: 140 | I37: =G37+H37 -> 561 | J37: =IF(L37>0,L37,0) -> 380.41391 | K37: =I37+J37 -> 941.41391 | L37: =F37-(I37-AG37) -> 380.41391 | M37: 24 | N37: 0 | O37: 0 | P37: 0 | Q37: =1.46*1.02 -> 1.4892 | R37: 3.31 | S37: 0 | T37: 0 | U37: 0 | V37: 0 | W37: =M37-N37-O37-P37-Q37-R37-S37-T37+U37+V37 -> 19.2008 | AA37: 0 | AD37: 443 | AE37: =AE36-11 -> 0 | AF37: =AD37-11 -> 432 | AG37: =N37+O37+P37+Q37+R37+S37+T37+W37+AA37+AD37 -> 467 | AH37: =IF(L37<0,L37*-1,0) -> 0 | AI37: =AG37+AH37 -> 467 | AJ37: 0 | AK37: 62 | AL37: 28 | AM37: =AM36+(U37*1.9835)-(AN37*1.9835) -> 11713.163
A38: =A37+1 -> 27 | B38: 6902.54 | C38: 293046 | D38: =C38-C37 -> 564 | E38: =C38-152000 -> 141046 | F38: =D38/$D$2 -> 284.34585 | G38: 523 | H38: 185 | I38: =G38+H38 -> 708 | J38: =IF(L38>0,L38,0) -> 529.34585 | K38: =I38+J38 -> 1237.3459 | L38: =F38-(I38-AG38) -> 529.34585 | M38: 18 | N38: 0 | O38: =(2+2.2)*1.05 -> 4.41 | P38: 0 | Q38: =1.46*1.02 -> 1.4892 | R38: 2.82 | S38: 0 | T38: 0 | U38: 0 | V38: 0 | W38: =M38-N38-O38-P38-Q38-R38-S38-T38+U38+V38 -> 9.2808 | AA38: 0 | AD38: 935 | AE38: 0 | AF38: =AD38 -> 935 | AG38: =N38+O38+P38+Q38+R38+S38+T38+W38+AA38+AD38 -> 953 | AH38: =IF(L38<0,L38*-1,0) -> 0 | AI38: =AG38+AH38 -> 953 | AJ38: 0 | AK38: 63 | AL38: 22 | AM38: =AM37 -> 11713.163
A39: =A38+1 -> 28 | B39: 6902.82 | C39: 294100 | D39: =C39-C38 -> 1054 | E39: =C39-152000 -> 142100 | F39: =D39/$D$2 -> 531.38392 | G39: 593 | H39: 188 | I39: =G39+H39 -> 781 | J39: =IF(L39>0,L39,0) -> 686.08392 | K39: =I39+J39 -> 1467.0839 | L39: =F39-(I39-AG39) -> 686.08392 | M39: 4.7 | N39: 0 | O39: 0 | P39: 0 | Q39: =1.46*1.02 -> 1.4892 | R39: 2.97 | S39: 0 | T39: 0 | U39: 0 | V39: 0 | W39: =M39-N39-O39-P39-Q39-R39-S39-T39+U39+V39 -> 0.2408 | AA39: 0 | AD39: 931 | AE39: 0 | AF39: =AD39 -> 931 | AG39: =N39+O39+P39+Q39+R39+S39+T39+W39+AA39+AD39 -> 935.7 | AH39: =IF(L39<0,L39*-1,0) -> 0 | AI39: =AG39+AH39 -> 935.7 | AJ39: 0 | AK39: 61 | AL39: 30 | AM39: =AM38 -> 11713.163
A40: =A39+1 -> 29 | B40: 6903.14 | C40: 295309 | D40: =C40-C39 -> 1209 | E40: =C40-152000 -> 143309 | F40: =D40/$D$2 -> 609.52861 | G40: 601 | H40: 183 | I40: =G40+H40 -> 784 | J40: =IF(L40>0,L40,0) -> 762.42861 | K40: =I40+J40 -> 1546.4286 | L40: =F40-(I40-AG40) -> 762.42861 | M40: 5.9 | N40: 0 | O40: 0 | P40: 0 | Q40: =1.46*1.02 -> 1.4892 | R40: 3.04 | S40: 0 | T40: 0 | U40: 0 | V40: 0 | W40: =M40-N40-O40-P40-Q40-R40-S40-T40+U40+V40 -> 1.3708 | AA40: 0 | AD40: 931 | AE40: 0 | AF40: =AD40 -> 931 | AG40: =N40+O40+P40+Q40+R40+S40+T40+W40+AA40+AD40 -> 936.9 | AH40: =IF(L40<0,L40*-1,0) -> 0 | AI40: =AG40+AH40 -> 936.9 | AJ40: 0 | AK40: 64 | AL40: 37 | AM40: =AM39 -> 11713.163
A41: 30 | B41: 6903.56 | C41: 296902 | D41: =C41-C40 -> 1593 | E41: =C41-152000 -> 144902 | F41: =D41/$D$2 -> 803.12579 | G41: 658 | H41: 180 | I41: =G41+H41 -> 838 | J41: =IF(L41>0,L41,0) -> 903.62579 | K41: =I41+J41 -> 1741.6258 | L41: =F41-(I41-AG41) -> 903.62579 | M41: 5.5 | N41: 0 | O41: 0 | P41: 0 | Q41: =1.46*1.02 -> 1.4892 | R41: 3.25 | S41: 0 | T41: 0 | U41: 0 | V41: 0 | W41: =M41-N41-O41-P41-Q41-R41-S41-T41+U41+V41 -> 0.7608 | AA41: 0 | AD41: 933 | AE41: 0 | AF41: =AD41 -> 933 | AG41: =N41+O41+P41+Q41+R41+S41+T41+W41+AA41+AD41 -> 938.5 | AH41: =IF(L41<0,L41*-1,0) -> 0 | AI41: =AG41+AH41 -> 938.5 | AJ41: 0.04 | AK41: 60 | AL41: 31 | AM41: =AM40 -> 11713.163
A42: 31 | B42: 6903.96 | C42: 298419 | D42: =C42-C41 -> 1517 | E42: =C42-152000 -> 146419 | F42: =D42/$D$2 -> 764.80968 | G42: 629 | H42: 222 | I42: =G42+H42 -> 851 | J42: =IF(L42>0,L42,0) -> 823.80968 | K42: =I42+J42 -> 1674.8097 | L42: =F42-(I42-AG42) -> 823.80968 | M42: 25 | N42: 0 | O42: =(1.9+1.4)*1.05 -> 3.465 | P42: 0 | Q42: =1.46*1.02 -> 1.4892 | R42: 3.04 | S42: 0 | T42: 0 | U42: 0 | V42: 0 | W42: =M42-N42-O42-P42-Q42-R42-S42-T42+U42+V42 -> 17.0058 | AA42: 0 | AD42: 885 | AE42: 0 | AF42: =AD42 -> 885 | AG42: =N42+O42+P42+Q42+R42+S42+T42+W42+AA42+AD42 -> 910 | AH42: =IF(L42<0,L42*-1,0) -> 0 | AI42: =AG42+AH42 -> 910 | AJ42: 0.01 | AK42: 51 | AL42: 34 | AM42: =AM41 -> 11713.163
A44: MONTH / CFS | F44: =SUM(F12:F42) -> 5950.5924 | G44: =SUM(G12:G42) -> 7395 | H44: =SUM(H12:H42) -> 1937.4 | I44: =SUM(I12:I42) -> 9332.4 | J44: =SUM(J12:J42) -> 4719.4973 | K44: =SUM(K12:K42) -> 14051.897 | L44: =SUM(L12:L42) -> 4087.0924 | M44: =SUM(M12:M42) -> 260.9 | ... O44: =SUM(O12:O42) -> 29.3685 | Q44: =SUM(Q12:Q42) -> 46.1652 | R44: =SUM(R12:R42) -> 105.19 | S44: =SUM(S12:S42) -> 0.77 | T44: =SUM(T12:T42) -> -17.6316 | U44: =SUM(U12:U42) -> 0 | V44: =SUM(V12:V42) -> 0 | W44: =SUM(W12:W42) -> 97.0379 | AD44: =SUM(AD12:AD42) -> 7208 | AF44: =SUM(AF12:AF42) -> 6071 | AG44: =SUM(AG12:AG42) -> 7468.9 | AH44: =SUM(AH12:AH42) -> 632.40494 | AI44: =SUM(AI12:AI42) -> 8101.3049 | AJ44: =SUM(AJ12:AJ42) -> 0.06 | AK44: =AVERAGE(AK12:AK42) -> 49.483871 | AL44: =AVERAGE(AL12:AL42) -> 22.419355 | AM44: AVE | AN44: =SUM(AN12:AN42) -> 0
A45: MONTH / AF | D45: =SUM(D12:D42) -> 11803 | F45: =F44*$D$2 -> 11803 | G45: =G44*$D$2 -> 14667.983 | H45: =H44*$D$2 -> 3842.8329 | I45: =I44*$D$2 -> 18510.815 | J45: =J44*$D$2 -> 9361.123 | K45: =K44*$D$2 -> 27871.938 | L45: =L44*$D$2 -> 8106.7478 | M45: =M44*$D$2 -> 517.49515 | ... O45: =O44*$D$2 -> 58.25242 | Q45: =Q44*$D$2 -> 91.568674 | R45: =R44*$D$2 -> 208.64436 | S45: =S44*$D$2 -> 1.527295 | T45: =T44*$D$2 -> -34.972279 | U45: =U44*$D$2 -> 0 | V45: =V44*$D$2 -> 0 | W45: =W44*$D$2 -> 192.47467 | AD45: =AD44*$D$2 -> 14297.068 | AF45: =AF44*$D$2 -> 12041.828 | AG45: =AG44*$D$2 -> 14814.563 | AH45: =AH44*$D$2 -> 1254.3752 | AI45: =AI44*$D$2 -> 16068.938 | AK45: =MAX(AK12:AK42) -> 64 | AL45: =MAX(AL12:AL42) -> 37 | AM45: HI | AN45: =AN44*$D$2 -> 0
A47: SEASON / CFS | O47: =O44 -> 29.3685 | W47: =SUM(W12:W42) -> 97.0379 | AK47: =MIN(AK12:AK42) -> 34 | AL47: =MIN(AL12:AL42) -> 11 | AM47: LO
A48: SEASON / AF | O48: =O47*D2 -> 58.25242 | W48: =W47*$D$2 -> 192.47467
A50: YTD / CFS | F50: =F10+F44 -> 5313.8392 | G50: =G10+G44 -> 16264 | H50: =H10+H44 -> 2146.14 | I50: =I10+I44 -> 18410.14 | J50: =J10+J44 -> 6998.1257 | K50: =K10+K44 -> 25408.266 | L50: =L10+L44 -> 4976.2592 | M50: =M10+M44 -> 912.8 | ... O50: =O10+O44 -> 29.3685 | Q50: =Q10+Q44 -> 227.2866 | R50: =R10+R44 -> 464.243 | S50: =S10+S44 -> 4.19 | T50: =T10+T44 -> -94.5288 | U50: =U10+U44 -> 6064.96 | V50: =V10+V44 -> 84.8 | W50: =W10+W44 -> 6002.3379 | AD50: =AD10+AD44 -> 11010 | AE50: =AE42 -> 0 | AF50: =AF10+AF44 -> 6071 | AG50: =AG10+AG44 -> 18072.56 | AH50: =AH10+AH44 -> 2021.8666 | AI50: =AI10+AI44 -> 20094.427 | AJ50: =AJ10+AJ44 -> 9.48 | AN50: =AN10+AN44 -> 0
A51: YTD / AF | D51: =D10+D45 -> 10465 | E51: =E42 -> 146419 | F51: =F50*$D$2 -> 10540 | G51: =G50*$D$2 -> 32259.644 | H51: =H50*$D$2 -> 4256.8687 | I51: =I50*$D$2 -> 36516.513 | J51: =J50*$D$2 -> 13880.782 | K51: =K50*$D$2 -> 50397.295 | L51: =L50*$D$2 -> 9870.4101 | M51: =M50*$D$2 -> 1810.5388 | ... O51: =O50*$D$2 -> 58.25242 | Q51: =Q50*$D$2 -> 450.82297 | R51: =R50*$D$2 -> 920.82599 | S51: =S50*$D$2 -> 8.310865 | T51: =T50*$D$2 -> -187.49787 | U51: =U50*$D$2 -> 12029.848 | V51: =V50*$D$2 -> 168.2008 | W51: =W50*$D$2 -> 11905.637 | AD51: =AD50*$D$2 -> 21838.335 | AE51: =AE50*$D$2 -> 0 | AF51: =AF50*$D$2 -> 12041.828 | AG51: =AG50*$D$2 -> 35846.923 | AH51: =AH50*$D$2 -> 4010.3723 | AI51: =AI50*$D$2 -> 39857.295 | AM51: =AM42 -> 11713.163 | AN51: =AN50*$D$2 -> 0

Sheet APR
K1: MCPHEE RESERVOIR INFLOW/OUTFLOW TABULATION
A2: AF/cfs CONVERT FACTOR | D2: 1.9835 | K2: APRIL "2008"
D4: RESERVOIR | W4: INFLOW/OUTFLOW (CFS) | AK4: WEATHER | AO4: ADJUSTMENTS
A5: DATE | B5: RESERV | C5: RESERV | D5: AC FT | E5: ACTIVE | F5: CONV TO | G5: DOLORES | H5: LOST | I5: RECORD | J5: CALC | K5: TOTAL | L5: CALC | M5: DOLORES TUNNEL | U5: LONE | V5: U | W5: TOTAL | X5: MVI | Y5: TO EX & | Z5: MVI | AA5: DV CR | AB5: D/S SENIOR | AD5: BELOW | AE5: FISH | AF5: SPILL | AG5: RECORD | AH5: CALC | AI5: TOTAL | AJ5: RAIN | AK5: MAX | AL5: MIN | AM5: NAR | AN5: MVI | AO5: MVI | AP5: MVI | AQ5: U/S | AR5: TOTTEN | AS5: UTES
A6: APR | B6: ELEV | C6: AC FT | D6: CHANGE | E6: CAP | F6: CFS | G6: RIVER | H6: CAN | I6: INFLOW | J6: INFLOW | K6: INFLOW | L6: INF/OTF | M6: TOT DIV | N6: WET | O6: UTE | P6: QUEST | Q6: MWC | R6: CTZ | S6: CTZ & | T6: F-BAY | U6: PINE | V6: LAT | W6: MVI | X6: CALL | Y6: U/S EX | Z6: PROJ | AA6: CANAL | AB6: MVIC | AC6: PROJ | AD6: MCP | AE6: LEFT | AG6: OTF | AH6: OTF | AI6: OTF | AK6: TMP | AL6: TMP | AM6: CALL | AN6: STOCK | AO6: STORED | AP6: STORED | AQ6: USERS | AR6: (FRESH | AS6: FROM
E7: AC FT | N7: LAND | O7: F&R | S7: UTE | T7: SPILL | AM7: AC FT | AN7: CFS | AO7: Apr - Jun | AP7: EVAP | AQ7: EXCH | AR7: WATER) | AS7: MVIC
N8: 1.03 | O8: 1.05 | P8: 1.02 | Q8: 1.02 | R8: 1.04 | S8: PROJ | AB8: 1.7 | AC8: 1.3 | AE8: 31798 | AP8: AC.FT.
A9: SEASON BAL | O9: =MAR!O47 -> 29.3685 | W9: =MAR!W44 -> 97.0379
A10: YTD | B10: =MAR!B42 -> 6903.96 | C10: =MAR!C42 -> 298419 | D10: =MAR!D51 -> 10465 | E10: =MAR!E51 -> 146419 | F10: =MAR!F50 -> 5313.8392 | G10: =MAR!G50 -> 16264 | H10: =MAR!H50 -> 2146.14 | I10: =MAR!I50 -> 18410.14 | J10: =MAR!J50 -> 6998.1257 | K10: =MAR!K50 -> 25408.266 | L10: =MAR!L50 -> 4976.2592 | M10: =MAR!M50 -> 912.8 | ... O10: =MAR!O50 -> 29.3685 | Q10: =MAR!Q50 -> 227.2866 | R10: =MAR!R50 -> 464.243 | S10: =MAR!S50 -> 4.19 | T10: =MAR!T50 -> -94.5288 | U10: =MAR!U50 -> 6064.96 | V10: =MAR!V50 -> 84.8 | W10: =MAR!W50 -> 6002.3379 | AA10: =MAR!AA50 -> 0 | AB10: =MAR!AB50 -> 0 | AC10: =MAR!AC50 -> 0 | AD10: =MAR!AD50 -> 11010 | AE10: =AE8/D2 -> 16031.258 | AF10: =MAR!AF50 -> 6071 | AG10: =MAR!AG50 -> 18072.56 | AH10: =MAR!AH50 -> 2021.8666 | AI10: =MAR!AI50 -> 20094.427 | AJ10: =MAR!AJ50 -> 9.48 | AM10: =MAR!AM51 -> 11713.163 | AN10: =MAR!AN50 -> 0
A12: 1 | B12: 6904.16 | C12: 299183 | D12: =C12-C10 -> 764 | E12: =C12-152000 -> 147183 | F12: =D12/$D$2 -> 385.17772 | G12: 487 | H12: 148 | I12: =G12+H12 -> 635 | J12: =IF(L12>0,L12,0) -> 662.17772 | K12: =I12+J12 -> 1297.1777 | L12: =F12-(I12-AG12) -> 662.17772 | M12: 46 | N12: =1.8299*1.03 -> 1.884797 | O12: =(9+9.5)*1.05 -> 19.425 | P12: 0 | Q12: =1.52*1.02 -> 1.5504 | R12: 3.36 | S12: 0 | T12: 0 | U12: 43 | V12: 0 | W12: =M12-N12-O12-P12-Q12-R12-S12-T12+U12+V12 -> 62.779803 | X12: =X9+AO12 -> 0 | Y12: =1714.14 -> 1714.14 | AA12: 0 | AB12: 1.7 | AC12: 1.3 | AD12: 823 | AE12: =AE10 -> 16031.258 | AF12: =AD12 -> 823 | AG12: =N12+O12+P12+Q12+R12+S12+T12+W12+AA12+AD12 -> 912 | AH12: =IF(L12<0,L12*-1,0) -> 0 | AI12: =AG12+AH12 -> 912 | AJ12: 0 | AK12: 55 | AL12: 22 | AM12: =AM10+(U12*1.9835) -> 11798.453 | AO12: 0 | AP12: =29.8*(AO12*1.9835+Y12*1.9835)/E12 -> 0.68839405
A13: =A12+1 -> 2 | B13: 6904.45 | C13: 300292 | D13: =C13-C12 -> 1109 | E13: =C13-152000 -> 148292 | F13: =D13/$D$2 -> 559.11268 | G13: 503 | H13: 152 | I13: =G13+H13 -> 655 | J13: =IF(L13>0,L13,0) -> 839.11268 | K13: =I13+J13 -> 1494.1127 | L13: =F13-(I13-AG13) -> 839.11268 | M13: 43 | N13: =1.8299*1.03 -> 1.884797 | O13: =(19+21)*1.05 -> 42 | P13: 0 | Q13: =1.52*1.02 -> 1.5504 | R13: 2.87 | S13: 0 | T13: 0 | U13: 75 | V13: 0 | W13: =M13-N13-O13-P13-Q13-R13-S13-T13+U13+V13 -> 69.694803 | X13: =X12+AO13 -> 0 | Y13: =Y12-(AP12/1.9835) -> 1713.7929 | AA13: 0 | AB13: 1.7 | AC13: 1.3 | AD13: 817 | AE13: =AE12 -> 16031.258 | AF13: =AD13 -> 817 | AG13: =N13+O13+P13+Q13+R13+S13+T13+W13+AA13+AD13 -> 935 | AH13: =IF(L13<0,L13*-1,0) -> 0 | AI13: =AG13+AH13 -> 935 | AJ13: 0 | AK13: 60 | AL13: 28 | AM13: =AM12+(U13*1.9835) -> 11947.216 | AO13: 0 | AP13: =29.8*(X12*1.9835+AO13*1.9835+Y12*1.9835)/E13 -> 0.6832459
A14: =A13+1 -> 3 | B14: 6904.84 | C14: 301784 | D14: =C14-C13 -> 1492 | E14: =C14-152000 -> 149784 | F14: =D14/$D$2 -> 752.2057 | G14: 610 | H14: 214 | I14: =G14+H14 -> 824 | J14: =IF(L14>0,L14,0) -> 874.2057 | K14: =I14+J14 -> 1698.2057 | L14: =F14-(I14-AG14) -> 874.2057 | M14: 46 | N14: =1.8299*1.03 -> 1.884797 | O14: =(16+17)*1.05 -> 34.65 | P14: 0 | Q14: =1.52*1.02 -> 1.5504 | R14: 3.02 | S14: 0 | T14: 0 | U14: 75 | V14: 0 | W14: =M14-N14-O14-P14-Q14-R14-S14-T14+U14+V14 -> 79.894803 | X14: =X13+AO14 -> 0 | Y14: =Y13-(AP13/1.9835) -> 1713.4485 | AA14: 0 | AB14: 1.7 | AC14: 1.3 | AD14: 825 | AE14: =AE13 -> 16031.258 | AF14: =AD14 -> 825 | AG14: =N14+O14+P14+Q14+R14+S14+T14+W14+AA14+AD14 -> 946 | AH14: =IF(L14<0,L14*-1,0) -> 0 | AI14: =AG14+AH14 -> 946 | AJ14: 0 | AK14: 57 | AL14: 34 | AM14: =AM13+(U14*1.9835) -> 12095.978 | AO14: 0 | AP14: =29.8*(X13*1.9835+AO14*1.9835+Y13*1.9835)/E14 -> 0.67630312
A15: =A14+1 -> 4 | B15: 6905.24 | C15: 303321 | D15: =C15-C14 -> 1537 | E15: =C15-152000 -> 151321 | F15: =D15/$D$2 -> 774.89287 | G15: 588 | H15: 197 | I15: =G15+H15 -> 785 | J15: =IF(L15>0,L15,0) -> 939.89287 | K15: =I15+J15 -> 1724.8929 | L15: =F15-(I15-AG15) -> 939.89287 | M15: 48 | N15: =1.8299*1.03 -> 1.884797 | O15: =(20+19)*1.05 -> 40.95 | P15: 0 | Q15: =1.52*1.02 -> 1.5504 | R15: 3.2 | S15: 0 | T15: 0 | U15: 76 | V15: 0 | W15: =M15-N15-O15-P15-Q15-R15-S15-T15+U15+V15 -> 76.414803 | X15: =X14+AO15 -> 0 | Y15: =Y14-(AP14/1.9835) -> 1713.1075 | AA15: 0 | AB15: 1.7 | AC15: 1.3 | AD15: 826 | AE15: =AE14 -> 16031.258 | AF15: =AD15 -> 826 | AG15: =N15+O15+P15+Q15+R15+S15+T15+W15+AA15+AD15 -> 950 | AH15: =IF(L15<0,L15*-1,0) -> 0 | AI15: =AG15+AH15 -> 950 | AJ15: 0 | AK15: 58 | AL15: 24 | AM15: =AM14+(U15*1.9835) -> 12246.724 | AO15: 0 | AP15: =29.8*(X14*1.9835+AO15*1.9835+Y14*1.9835)/E15 -> 0.66929921
A16: =A15+1 -> 5 | B16: 6905.59 | C16: 304670 | D16: =C16-C15 -> 1349 | E16: =C16-152000 -> 152670 | F16: =D16/$D$2 -> 680.11092 | G16: 680 | H16: 225 | I16: =G16+H16 -> 905 | J16: =IF(L16>0,L16,0) -> 725.11092 | K16: =I16+J16 -> 1630.1109 | L16: =F16-(I16-AG16) -> 725.11092 | M16: 47 | N16: =1.8299*1.03 -> 1.884797 | O16: =(21+24)*1.05 -> 47.25 | P16: 0 | Q16: =1.52*1.02 -> 1.5504 | R16: 3.42 | S16: 0 | T16: 0 | U16: 76 | V16: 0 | W16: =M16-N16-O16-P16-Q16-R16-S16-T16+U16+V16 -> 68.894803 | X16: =X15+AO16 -> 0 | Y16: =Y15-(AP15/1.9835) -> 1712.7701 | AA16: 0 | AB16: 1.7 | AC16: 1.3 | AD16: 827 | AE16: =AE15 -> 16031.258 | AF16: =AD16 -> 827 | AG16: =N16+O16+P16+Q16+R16+S16+T16+W16+AA16+AD16 -> 950 | AH16: =IF(L16<0,L16*-1,0) -> 0 | AI16: =AG16+AH16 -> 950 | AJ16: 0 | AK16: 60 | AL16: 33 | AM16: =AM15+(U16*1.9835) -> 12397.47 | AO16: 0 | AP16: =29.8*(X15*1.9835+AO16*1.9835+Y15*1.9835)/E16 -> 0.66325324
A17: =A16+1 -> 6 | B17: 6905.89 | C17: 305827 | D17: =C17-C16 -> 1157 | E17: =C17-152000 -> 153827 | F17: =D17/$D$2 -> 583.31233 | G17: 582 | H17: 160 | I17: =G17+H17 -> 742 | J17: =IF(L17>0,L17,0) -> 802.31233 | K17: =I17+J17 -> 1544.3123 | L17: =F17-(I17-AG17) -> 802.31233 | M17: 57 | N17: =1.8299*1.03 -> 1.884797 | O17: =(21+21)*1.05 -> 44.1 | P17: 0 | Q17: =1.52*1.02 -> 1.5504 | R17: 4.05 | S17: 0 | T17: 0 | U17: 76 | V17: 0 | W17: =M17-N17-O17-P17-Q17-R17-S17-T17+U17+V17 -> 81.414803 | X17: =X16+AO17 -> 0 | Y17: =Y16-(AP16/1.9835) -> 1712.4357 | AA17: 0 | AB17: 1.7 | AC17: 1.3 | AD17: 828 | AE17: =AE16 -> 16031.258 | AF17: =AD17 -> 828 | AG17: =N17+O17+P17+Q17+R17+S17+T17+W17+AA17+AD17 -> 961 | AH17: =IF(L17<0,L17*-1,0) -> 0 | AI17: =AG17+AH17 -> 961 | AJ17: 0 | AK17: 61 | AL17: 29 | AM17: =AM16+(U17*1.9835) -> 12548.216 | AO17: 0 | AP17: =29.8*(X16*1.9835+AO17*1.9835+Y16*1.9835)/E17 -> 0.65813497
A18: =A17+1 -> 7 | B18: 6906.21 | C18: 307067 | D18: =C18-C17 -> 1240 | E18: =C18-152000 -> 155067 | F18: =D18/$D$2 -> 625.15755 | G18: 614 | H18: 185 | I18: =G18+H18 -> 799 | J18: =IF(L18>0,L18,0) -> 775.15755 | K18: =I18+J18 -> 1574.1575 | L18: =F18-(I18-AG18) -> 775.15755 | M18: 63 | N18: =1.8299*1.03 -> 1.884797 | O18: =(22+23)*1.05 -> 47.25 | P18: 0 | Q18: =1.52*1.02 -> 1.5504 | R18: 3.51 | S18: 0 | T18: 0 | U18: 60 | V18: 0 | W18: =M18-N18-O18-P18-Q18-R18-S18-T18+U18+V18 -> 68.804803 | X18: =X17+AO18 -> 0 | Y18: =Y17-(AP17/1.9835) -> 1712.1039 | AA18: 0 | AB18: 1.7 | AC18: 1.3 | AD18: 826 | AE18: =AE17 -> 16031.258 | AF18: =AD18 -> 826 | AG18: =N18+O18+P18+Q18+R18+S18+T18+W18+AA18+AD18 -> 949 | AH18: =IF(L18<0,L18*-1,0) -> 0 | AI18: =AG18+AH18 -> 949 | AJ18: 0 | AK18: 60 | AL18: 58 | AM18: =AM17+(U18*1.9835) -> 12667.226 | AO18: 0 | AP18: =29.8*(X17*1.9835+AO18*1.9835+Y17*1.9835)/E18 -> 0.6527447
A19: =A18+1 -> 8 | B19: 6906.44 | C19: 307961 | D19: =C19-C18 -> 894 | E19: =C19-152000 -> 155961 | F19: =D19/$D$2 -> 450.71843 | G19: 623 | H19: 202 | I19: =G19+H19 -> 825 | J19: =IF(L19>0,L19,0) -> 587.71843 | K19: =I19+J19 -> 1412.7184 | L19: =F19-(I19-AG19) -> 587.71843 | M19: 71 | N19: =1.8299*1.03 -> 1.884797 | O19: =(27+28)*1.05 -> 57.75 | P19: 0 | Q19: =1.52*1.02 -> 1.5504 | R19: 3.56 | S19: 0 | T19: 0 | U19: 66 | V19: 0 | W19: =M19-N19-O19-P19-Q19-R19-S19-T19+U19+V19 -> 72.254803 | X19: =X18+AO19 -> 0 | Y19: =Y18-(AP18/1.9835) -> 1711.7748 | AA19: 0 | AB19: 1.7 | AC19: 1.3 | AD19: 825 | AE19: =AE18 -> 16031.258 | AF19: =AD19 -> 825 | AG19: =N19+O19+P19+Q19+R19+S19+T19+W19+AA19+AD19 -> 962 | AH19: =IF(L19<0,L19*-1,0) -> 0 | AI19: =AG19+AH19 -> 962 | AJ19: 0 | AK19: 58 | AL19: 24 | AM19: =AM18+(U19*1.9835) -> 12798.137 | AO19: 0 | AP19: =29.8*(X18*1.9835+AO19*1.9835+Y18*1.9835)/E19 -> 0.64887728
A20: =A19+1 -> 9 | B20: 6906.87 | C20: 309633 | D20: =C20-C19 -> 1672 | E20: =C20-152000 -> 157633 | F20: =D20/$D$2 -> 842.95437 | G20: 723 | H20: 225 | I20: =G20+H20 -> 948 | J20: =IF(L20>0,L20,0) -> 800.95437 | K20: =I20+J20 -> 1748.9544 | L20: =F20-(I20-AG20) -> 800.95437 | M20: 81 | N20: =1.8299*1.03 -> 1.884797 | O20: =(32+33)*1.05 -> 68.25 | P20: 0 | Q20: =1.52*1.02 -> 1.5504 | R20: 3.4 | S20: 0 | T20: 0 | U20: 0 | V20: 0 | W20: =M20-N20-O20-P20-Q20-R20-S20-T20+U20+V20 -> 5.914803 | X20: =X19+AO20 -> 0 | Y20: =Y19-(AP19/1.9835) -> 1711.4477 | AA20: 0 | AB20: 1.7 | AC20: 1.3 | AD20: 825 | AE20: =AE19 -> 16031.258 | AF20: =AD20 -> 825 | AG20: =N20+O20+P20+Q20+R20+S20+T20+W20+AA20+AD20 -> 906 | AH20: =IF(L20<0,L20*-1,0) -> 0 | AI20: =AG20+AH20 -> 906 | AJ20: 0.51 | AK20: 48 | AL20: 32 | AM20: =AM19 -> 12798.137 | AO20: 0 | AP20: =29.8*(X19*1.9835+AO20*1.9835+Y19*1.9835)/E20 -> 0.6418713
A21: =A20+1 -> 10 | B21: 6907.01 | C21: 310177 | D21: =C21-C20 -> 544 | E21: =C21-152000 -> 158177 | F21: =D21/$D$2 -> 274.26267 | G21: 560 | H21: 154 | I21: =G21+H21 -> 714 | J21: =IF(L21>0,L21,0) -> 443.26267 | K21: =I21+J21 -> 1157.2627 | L21: =F21-(I21-AG21) -> 443.26267 | M21: 59 | N21: =1.8299*1.03 -> 1.884797 | O21: =(30+29)*1.05 -> 61.95 | P21: 0 | Q21: =1.52*1.02 -> 1.5504 | R21: 3.14 | S21: 0 | T21: 0 | U21: 0 | V21: 0 | W21: =M21-N21-O21-P21-Q21-R21-S21-T21+U21+V21 -> -9.525197 | X21: =X20+AO21 -> 0 | Y21: =Y20-(AP20/1.9835) -> 1711.1241 | AA21: 0 | AB21: 1.7 | AC21: 1.3 | AD21: 824 | AE21: =AE20 -> 16031.258 | AF21: =AD21 -> 824 | AG21: =N21+O21+P21+Q21+R21+S21+T21+W21+AA21+AD21 -> 883 | AH21: =IF(L21<0,L21*-1,0) -> 0 | AI21: =AG21+AH21 -> 883 | AJ21: 0.18 | AK21: 46 | AL21: 24 | AM21: =AM20 -> 12798.137 | AO21: 0 | AP21: =29.8*(X20*1.9835+AO21*1.9835+Y20*1.9835)/E21 -> 0.63954154
A22: =A21+1 -> 11 | B22: 6907.04 | C22: 310295 | D22: =C22-C21 -> 118 | E22: =C22-152000 -> 158295 | F22: =D22/$D$2 -> 59.490799 | G22: 455 | H22: 109 | I22: =G22+H22 -> 564 | J22: =IF(L22>0,L22,0) -> 344.4908 | K22: =I22+J22 -> 908.4908 | L22: =F22-(I22-AG22) -> 344.4908 | M22: 25 | N22: =1.8299*1.03 -> 1.884797 | O22: =(9.7+7.5)*1.05 -> 18.06 | P22: 0 | Q22: =1.52*1.02 -> 1.5504 | R22: 2.75 | S22: 0 | T22: 0 | U22: 0 | V22: 0 | W22: =M22-N22-O22-P22-Q22-R22-S22-T22+U22+V22 -> 0.754803 | X22: =X21+AO22 -> 0 | Y22: =Y21-(AP21/1.9835) -> 1710.8016 | AA22: 0 | AB22: 1.7 | AC22: 1.3 | AD22: 824 | AE22: =AE21 -> 16031.258 | AF22: =AD22 -> 824 | AG22: =N22+O22+P22+Q22+R22+S22+T22+W22+AA22+AD22 -> 849 | AH22: =IF(L22<0,L22*-1,0) -> 0 | AI22: =AG22+AH22 -> 849 | AJ22: 0 | AK22: 39 | AL22: 23 | AM22: =AM21 -> 12798.137 | AO22: 0 | AP22: =29.8*(X21*1.9835+AO22*1.9835+Y21*1.9835)/E22 -> 0.63894396
A23: =A22+1 -> 12 | B23: 6907.07 | C23: 310412 | D23: =C23-C22 -> 117 | E23: =C23-152000 -> 158412 | F23: =D23/$D$2 -> 58.98664 | G23: 394 | H23: 91 | I23: =G23+H23 -> 485 | J23: =IF(L23>0,L23,0) -> 401.98664 | K23: =I23+J23 -> 886.98664 | L23: =F23-(I23-AG23) -> 401.98664 | M23: 5 | N23: =1.8299*1.03 -> 1.884797 | O23: =(0.42+4.1)*1.05 -> 4.746 | P23: 0 | Q23: =1.52*1.02 -> 1.5504 | R23: 2.43 | S23: 0 | T23: 0 | U23: 0 | V23: 0 | W23: =M23-N23-O23-P23-Q23-R23-S23-T23+U23+V23 -> -5.611197 | X23: =X22+AO23 -> 0 | Y23: =Y22-(AP22/1.9835) -> 1710.4795 | AA23: 0 | AB23: 1.7 | AC23: 1.3 | AD23: 823 | AE23: =AE22 -> 16031.258 | AF23: =AD23 -> 823 | AG23: =N23+O23+P23+Q23+R23+S23+T23+W23+AA23+AD23 -> 828 | AH23: =IF(L23<0,L23*-1,0) -> 0 | AI23: =AG23+AH23 -> 828 | AJ23: 0 | AK23: 49 | AL23: 20 | AM23: =AM22 -> 12798.137 | AO23: 0 | AP23: =29.8*(X22*1.9835+AO23*1.9835+Y22*1.9835)/E23 -> 0.63835174
A24: =A23+1 -> 13 | B24: 6907.17 | C24: 310804 | D24: =C24-C23 -> 392 | E24: =C24-152000 -> 158804 | F24: =D24/$D$2 -> 197.63045 | G24: 424 | H24: 102 | I24: =G24+H24 -> 526 | J24: =IF(L24>0,L24,0) -> 501.43045 | K24: =I24+J24 -> 1027.4305 | L24: =F24-(I24-AG24) -> 501.43045 | M24: 5.8 | N24: =1.8299*1.03 -> 1.884797 | O24: =(0.48+0.9)*1.05 -> 1.449 | P24: 0 | Q24: =1.52*1.02 -> 1.5504 | R24: 2.45 | S24: 0 | T24: 0 | U24: 0 | V24: 0 | W24: =M24-N24-O24-P24-Q24-R24-S24-T24+U24+V24 -> -1.534197 | X24: =X23+AO24 -> 0 | Y24: =Y23-(AP23/1.9835) -> 1710.1577 | AA24: 0 | AB24: 1.7 | AC24: 1.3 | AD24: 824 | AE24: =AE23 -> 16031.258 | AF24: =AD24 -> 824 | AG24: =N24+O24+P24+Q24+R24+S24+T24+W24+AA24+AD24 -> 829.8 | AH24: =IF(L24<0,L24*-1,0) -> 0 | AI24: =AG24+AH24 -> 829.8 | AJ24: 0 | AK24: 62 | AL24: 30 | AM24: =AM23 -> 12798.137 | AO24: 0 | AP24: =29.8*(X23*1.9835+AO24*1.9835+Y23*1.9835)/E24 -> 0.6366561
A25: =A24+1 -> 14 | B25: 6907.54 | C25: 312254 | D25: =C25-C24 -> 1450 | E25: =C25-152000 -> 160254 | F25: =D25/$D$2 -> 731.03101 | G25: 578 | H25: 161 | I25: =G25+H25 -> 739 | J25: =IF(L25>0,L25,0) -> 716.03101 | K25: =I25+J25 -> 1455.031 | L25: =F25-(I25-AG25) -> 716.03101 | M25: 11 | N25: =1.8299*1.03 -> 1.884797 | O25: =(2.4+3.6)*1.05 -> 6.3 | P25: 0 | Q25: =1.52*1.02 -> 1.5504 | R25: 2.83 | S25: 0 | T25: 0 | U25: 0 | V25: 0 | W25: =M25-N25-O25-P25-Q25-R25-S25-T25+U25+V25 -> -1.565197 | X25: =X24+AO25 -> 0 | Y25: =Y24-(AP24/1.9835) -> 1709.8367 | AA25: 0 | AB25: 1.7 | AC25: 1.3 | AD25: 713 | AE25: =AE24 -> 16031.258 | AF25: =AD25 -> 713 | AG25: =N25+O25+P25+Q25+R25+S25+T25+W25+AA25+AD25 -> 724 | AH25: =IF(L25<0,L25*-1,0) -> 0 | AI25: =AG25+AH25 -> 724 | AJ25: 0 | AK25: 66 | AL25: 33 | AM25: =AM24 -> 12798.137 | AO25: 0 | AP25: =29.8*(X24*1.9835+AO25*1.9835+Y24*1.9835)/E25 -> 0.63077684
A26: =A25+1 -> 15 | B26: 6908.14 | C26: 314609 | D26: =C26-C25 -> 2355 | E26: =C26-152000 -> 162609 | F26: =D26/$D$2 -> 1187.2952 | G26: 923 | H26: 233 | I26: =G26+H26 -> 1156 | J26: =IF(L26>0,L26,0) -> 635.29519 | K26: =I26+J26 -> 1791.2952 | L26: =F26-(I26-AG26) -> 635.29519 | M26: 95 | N26: =1.8299*1.03 -> 1.884797 | O26: =(24+25)*1.05 -> 51.45 | P26: 0 | Q26: =1.52*1.02 -> 1.5504 | R26: 3.51 | S26: 0 | T26: 0 | U26: 0 | V26: 0 | W26: =M26-N26-O26-P26-Q26-R26-S26-T26+U26+V26 -> 36.604803 | X26: =X25+AO26 -> 0 | Y26: =Y25-(AP25/1.9835) -> 1709.5187 | AA26: 0 | AB26: 1.7 | AC26: 1.3 | AD26: 509 | AE26: =AE25 -> 16031.258 | AF26: =AD26 -> 509 | AG26: =N26+O26+P26+Q26+R26+S26+T26+W26+AA26+AD26 -> 604 | AH26: =IF(L26<0,L26*-1,0) -> 0 | AI26: =AG26+AH26 -> 604 | AJ26: 0 | AK26: 72 | AL26: 27 | AM26: =AM25 -> 12798.137 | AO26: 0 | AP26: =29.8*(X25*1.9835+AO26*1.9835+Y25*1.9835)/E26 -> 0.62152488
A27: =A26+1 -> 16 | B27: 6908.97 | C27: 317887 | D27: =C27-C26 -> 3278 | E27: =C27-152000 -> 165887 | F27: =D27/$D$2 -> 1652.6342 | G27: 1220 | H27: 291 | I27: =G27+H27 -> 1511 | J27: =IF(L27>0,L27,0) -> 735.63423 | K27: =I27+J27 -> 2246.6342 | L27: =F27-(I27-AG27) -> 735.63423 | M27: 73 | N27: =1.8299*1.03 -> 1.884797 | O27: =(27+33)*1.05 -> 63 | P27: 0 | Q27: =1.52*1.02 -> 1.5504 | R27: 3.67 | S27: 0 | T27: 0 | U27: 0 | V27: 0 | W27: =M27-N27-O27-P27-Q27-R27-S27-T27+U27+V27 -> 2.894803 | X27: =X26+AO27 -> 0 | Y27: =Y26-(AP26/1.9835) -> 1709.2053 | AA27: 16 | AB27: 1.7 | AC27: 1.3 | AD27: 505 | AE27: =AE26 -> 16031.258 | AF27: =AD27 -> 505 | AG27: =N27+O27+P27+Q27+R27+S27+T27+W27+AA27+AD27 -> 594 | AH27: =IF(L27<0,L27*-1,0) -> 0 | AI27: =AG27+AH27 -> 594 | AJ27: 0 | AK27: 54 | AL27: 32 | AM27: =AM26 -> 12798.137 | AO27: 0 | AP27: =29.8*(X26*1.9835+AO27*1.9835+Y26*1.9835)/E27 -> 0.60912997
A28: =A27+1 -> 17 | B28: 6909.52 | C28: 320076 | D28: =C28-C27 -> 2189 | E28: =C28-152000 -> 168076 | F28: =D28/$D$2 -> 1103.6047 | G28: 992 | H28: 227 | I28: =G28+H28 -> 1219 | J28: =IF(L28>0,L28,0) -> 524.50474 | K28: =I28+J28 -> 1743.5047 | L28: =F28-(I28-AG28) -> 524.50474 | M28: 56 | N28: =1.8299*1.03 -> 1.884797 | O28: =(20+21)*1.05 -> 43.05 | P28: 0 | Q28: =1.52*1.02 -> 1.5504 | R28: 2.82 | S28: 0 | T28: 0 | U28: 4.3 | V28: 0 | W28: =M28-N28-O28-P28-Q28-R28-S28-T28+U28+V28 -> 10.994803 | X28: =X27+AO28 -> 0 | Y28: =Y27-(AP27/1.9835) -> 1708.8982 | AA28: 6.6 | AB28: 1.7 | AC28: 1.3 | AD28: 573 | AE28: =AE27 -> 16031.258 | AF28: =AD28 -> 573 | AG28: =N28+O28+P28+Q28+R28+S28+T28+W28+AA28+AD28 -> 639.9 | AH28: =IF(L28<0,L28*-1,0) -> 0 | AI28: =AG28+AH28 -> 639.9 | AJ28: 0 | AK28: 53 | AL28: 27 | AM28: =AM27 -> 12798.137 | AO28: 0 | AP28: =29.8*(X27*1.9835+AO28*1.9835+Y27*1.9835)/E28 -> 0.60108654
A29: =A28+1 -> 18 | B29: 6909.87 | C29: 321469 | D29: =C29-C28 -> 1393 | E29: =C29-152000 -> 169469 | F29: =D29/$D$2 -> 702.29392 | G29: 978 | H29: 221 | I29: =G29+H29 -> 1199 | J29: =IF(L29>0,L29,0) -> 483.29392 | K29: =I29+J29 -> 1682.2939 | L29: =F29-(I29-AG29) -> 483.29392 | M29: 72 | N29: =1.8299*1.03 -> 1.884797 | O29: =(11+13)*1.05 -> 25.2 | P29: 0 | Q29: =1.52*1.02 -> 1.5504 | R29: 3.43 | S29: 0 | T29: 0 | U29: 11 | V29: 0 | W29: =M29-N29-O29-P29-Q29-R29-S29-T29+U29+V29 -> 50.934803 | X29: =X28+AO29 -> 0 | Y29: =Y28-(AP28/1.9835) -> 1708.5952 | AA29: 0 | AB29: 1.7 | AC29: 1.3 | AD29: 897 | AE29: =AE28 -> 16031.258 | AF29: =AD29 -> 897 | AG29: =N29+O29+P29+Q29+R29+S29+T29+W29+AA29+AD29 -> 980 | AH29: =IF(L29<0,L29*-1,0) -> 0 | AI29: =AG29+AH29 -> 980 | AJ29: 0 | AK29: 64 | AL29: 26 | AM29: =AM28 -> 12798.137 | AO29: 0 | AP29: =29.8*(X28*1.9835+AO29*1.9835+Y28*1.9835)/E29 -> 0.59603862
A30: =A29+1 -> 19 | B30: 6910.29 | C30: 323150 | D30: =C30-C29 -> 1681 | E30: =C30-152000 -> 171150 | F30: =D30/$D$2 -> 847.49181 | G30: 1270 | H30: 270 | I30: =G30+H30 -> 1540 | J30: =IF(L30>0,L30,0) -> 521.49181 | K30: =I30+J30 -> 2061.4918 | L30: =F30-(I30-AG30) -> 521.49181 | M30: 83 | N30: =1.8299*1.03 -> 1.884797 | O30: =(28+25)*1.05 -> 55.65 | P30: 0 | Q30: =1.52*1.02 -> 1.5504 | R30: 3.95 | S30: 0 | T30: 0 | U30: 21 | V30: 0 | W30: =M30-N30-O30-P30-Q30-R30-S30-T30+U30+V30 -> 40.964803 | X30: =X29+AO30 -> 0 | Y30: =Y29-(AP29/1.9835) -> 1708.2947 | AA30: 0 | AB30: 1.7 | AC30: 1.3 | AD30: 1110 | AE30: =AE29 -> 16031.258 | AF30: =AD30 -> 1110 | AG30: =N30+O30+P30+Q30+R30+S30+T30+W30+AA30+AD30 -> 1214 | AH30: =IF(L30<0,L30*-1,0) -> 0 | AI30: =AG30+AH30 -> 1214 | AJ30: 0 | AK30: 69 | AL30: 36 | AM30: =AM29 -> 12798.137 | AO30: 0 | AP30: =29.8*(X29*1.9835+AO30*1.9835+Y29*1.9835)/E30 -> 0.5900798
A31: =A30+1 -> 20 | B31: 6910.88 | C31: 325518 | D31: =C31-C30 -> 2368 | E31: =C31-152000 -> 173518 | F31: =D31/$D$2 -> 1193.8493 | G31: 1590 | H31: 334 | I31: =G31+H31 -> 1924 | J31: =IF(L31>0,L31,0) -> 512.84926 | K31: =I31+J31 -> 2436.8493 | L31: =F31-(I31-AG31) -> 512.84926 | M31: 98 | N31: =1.8299*1.03 -> 1.884797 | O31: =(31+33)*1.05 -> 67.2 | P31: 0 | Q31: =1.52*1.02 -> 1.5504 | R31: 4.2 | S31: 0.19 | T31: 0 | U31: 25 | V31: 0 | W31: =M31-N31-O31-P31-Q31-R31-S31-T31+U31+V31 -> 47.974803 | X31: =X30+AO31 -> 0 | Y31: =Y30-(AP30/1.9835) -> 1707.9972 | AA31: 0 | AB31: 1.7 | AC31: 1.3 | AD31: 1120 | AE31: =AE30 -> 16031.258 | AF31: =AD31 -> 1120 | AG31: =N31+O31+P31+Q31+R31+S31+T31+W31+AA31+AD31 -> 1243 | AH31: =IF(L31<0,L31*-1,0) -> 0 | AI31: =AG31+AH31 -> 1243 | AJ31: 0 | AK31: 64 | AL31: 33 | AM31: =AM30 -> 12798.137 | AO31: 0 | AP31: =29.8*(X30*1.9835+AO31*1.9835+Y30*1.9835)/E31 -> 0.58192461
A32: =A31+1 -> 21 | B32: 6911.45 | C32: 327820 | D32: =C32-C31 -> 2302 | E32: =C32-152000 -> 175820 | F32: =D32/$D$2 -> 1160.5747 | G32: 1630 | H32: 312 | I32: =G32+H32 -> 1942 | J32: =IF(L32>0,L32,0) -> 524.57474 | K32: =I32+J32 -> 2466.5747 | L32: =F32-(I32-AG32) -> 524.57474 | M32: 129 | N32: =1.8299*1.03 -> 1.884797 | O32: =(44+45)*1.05 -> 93.45 | P32: 0 | Q32: =1.52*1.02 -> 1.5504 | R32: 4.2 | S32: 0.1 | T32: 0 | U32: 29 | V32: 0 | W32: =M32-N32-O32-P32-Q32-R32-S32-T32+U32+V32 -> 56.814803 | X32: =X31+AO32 -> 0 | Y32: =Y31-(AP31/1.9835) -> 1707.7038 | AA32: 28 | AB32: 1.7 | AC32: 1.3 | AD32: 1120 | AE32: =AE31 -> 16031.258 | AF32: =AD32 -> 1120 | AG32: =N32+O32+P32+Q32+R32+S32+T32+W32+AA32+AD32 -> 1306 | AH32: =IF(L32<0,L32*-1,0) -> 0 | AI32: =AG32+AH32 -> 1306 | AJ32: 0 | AK32: 65 | AL32: 29 | AM32: =AM31 -> 12798.137 | AO32: 0 | AP32: =29.8*(X31*1.9835+AO32*1.9835+Y31*1.9835)/E32 -> 0.5742055
A33: =A32+1 -> 22 | B33: 6911.98 | C33: 329963 | D33: =C33-C32 -> 2143 | E33: =C33-152000 -> 177963 | F33: =D33/$D$2 -> 1080.4134 | G33: 1620 | H33: 278 | I33: =G33+H33 -> 1898 | J33: =IF(L33>0,L33,0) -> 461.11341 | K33: =I33+J33 -> 2359.1134 | L33: =F33-(I33-AG33) -> 461.11341 | M33: 136 | N33: =1.8299*1.03 -> 1.884797 | O33: =(48+47)*1.05 -> 99.75 | P33: 0 | Q33: =1.52*1.02 -> 1.5504 | R33: 3.68 | S33: 0 | T33: 0 | U33: 31 | V33: 7.7 | W33: =M33-N33-O33-P33-Q33-R33-S33-T33+U33+V33 -> 67.834803 | X33: =X32+AO33 -> 0 | Y33: =Y32-(AP32/1.9835) -> 1707.4143 | AA33: 44 | AB33: 1.7 | AC33: 1.3 | AD33: 1060 | AE33: =AE32 -> 16031.258 | AF33: =AD33 -> 1060 | AG33: =N33+O33+P33+Q33+R33+S33+T33+W33+AA33+AD33 -> 1278.7 | AH33: =IF(L33<0,L33*-1,0) -> 0 | AI33: =AG33+AH33 -> 1278.7 | AJ33: 0 | AK33: 65 | AL33: 30 | AM33: =AM32 -> 12798.137 | AO33: 0 | AP33: =29.8*(X32*1.9835+AO33*1.9835+Y32*1.9835)/E33 -> 0.56719357
A34: =A33+1 -> 23 | B34: 6912.69 | C34: 332857 | D34: =C34-C33 -> 2894 | E34: =C34-152000 -> 180857 | F34: =D34/$D$2 -> 1459.0371 | G34: 1830 | H34: 298 | I34: =G34+H34 -> 2128 | J34: =IF(L34>0,L34,0) -> 471.53706 | K34: =I34+J34 -> 2599.5371 | L34: =F34-(I34-AG34) -> 471.53706 | M34: 140 | N34: =1.8299*1.03 -> 1.884797 | O34: =(40+42)*1.05 -> 86.1 | P34: 0 | Q34: =1.52*1.02 -> 1.5504 | R34: 3.38 | S34: 0 | T34: 0 | U34: 32 | V34: 9.5 | W34: =M34-N34-O34-P34-Q34-R34-S34-T34+U34+V34 -> 88.584803 | X34: =X33+AO34 -> 0 | Y34: =Y33-(AP33/1.9835) -> 1707.1284 | AA34: 39 | AB34: 1.7 | AC34: 1.3 | AD34: 920 | AE34: =AE33 -> 16031.258 | AF34: =AD34 -> 920 | AG34: =N34+O34+P34+Q34+R34+S34+T34+W34+AA34+AD34 -> 1140.5 | AH34: =IF(L34<0,L34*-1,0) -> 0 | AI34: =AG34+AH34 -> 1140.5 | AJ34: 0 | AK34: 69 | AL34: 31 | AM34: =AM33 -> 12798.137 | AO34: 0 | AP34: =29.8*(X33*1.9835+AO34*1.9835+Y33*1.9835)/E34 -> 0.55802296
A35: =A34+1 -> 24 | B35: 6913.34 | C35: 335518 | D35: =C35-C34 -> 2661 | E35: =C35-152000 -> 183518 | F35: =D35/$D$2 -> 1341.5679 | G35: 1930 | H35: 295 | I35: =G35+H35 -> 2225 | J35: =IF(L35>0,L35,0) -> 445.26794 | K35: =I35+J35 -> 2670.2679 | L35: =F35-(I35-AG35) -> 445.26794 | M35: 150 | N35: =1.8299*1.03 -> 1.884797 | O35: =(43+43)*1.05 -> 90.3 | P35: 0 | Q35: =1.52*1.02 -> 1.5504 | R35: 4.16 | S35: 0 | T35: 0 | U35: 40 | V35: 10 | W35: =M35-N35-O35-P35-Q35-R35-S35-T35+U35+V35 -> 102.1048 | X35: =X34+AO35 -> 0 | Y35: =Y34-(AP34/1.9835) -> 1706.847 | AA35: 8.7 | AB35: 1.7 | AC35: 1.3 | AD35: 1120 | AE35: =AE34 -> 16031.258 | AF35: =AD35 -> 1120 | AG35: =N35+O35+P35+Q35+R35+S35+T35+W35+AA35+AD35 -> 1328.7 | AH35: =IF(L35<0,L35*-1,0) -> 0 | AI35: =AG35+AH35 -> 1328.7 | AJ35: 0 | AK35: 65 | AL35: 33 | AM35: =AM34 -> 12798.137 | AO35: 0 | AP35: =29.8*(X34*1.9835+AO35*1.9835+Y34*1.9835)/E35 -> 0.54983956
A36: =A35+1 -> 25 | B36: 6913.75 | C36: 337203 | D36: =C36-C35 -> 1685 | E36: =C36-152000 -> 185203 | F36: =D36/$D$2 -> 849.50844 | G36: 1660 | H36: 238 | I36: =G36+H36 -> 1898 | J36: =IF(L36>0,L36,0) -> 439.50844 | K36: =I36+J36 -> 2337.5084 | L36: =F36-(I36-AG36) -> 439.50844 | M36: 147 | N36: =1.8299*1.03 -> 1.884797 | O36: =(40+39)*1.05 -> 82.95 | P36: 0 | Q36: =1.52*1.02 -> 1.5504 | R36: 4.2 | S36: 0.07 | T36: 0 | U36: 46 | V36: 14 | W36: =M36-N36-O36-P36-Q36-R36-S36-T36+U36+V36 -> 116.3448 | X36: =X35+AO36 -> 0 | Y36: =Y35-(AP35/1.9835) -> 1706.5698 | AA36: 11 | AB36: 1.7 | AC36: 1.3 | AD36: 1270 | AE36: =AE35 -> 16031.258 | AF36: =AD36 -> 1270 | AG36: =N36+O36+P36+Q36+R36+S36+T36+W36+AA36+AD36 -> 1488 | AH36: =IF(L36<0,L36*-1,0) -> 0 | AI36: =AG36+AH36 -> 1488 | AJ36: 0 | AK36: 58 | AL36: 25 | AM36: =AM35 -> 12798.137 | AO36: 0 | AP36: =29.8*(X35*1.9835+AO36*1.9835+Y35*1.9835)/E36 -> 0.54474726
A37: =A36+1 -> 26 | B37: 6914.04 | C37: 338396 | D37: =C37-C36 -> 1193 | E37: =C37-152000 -> 186396 | F37: =D37/$D$2 -> 601.46206 | G37: 1530 | H37: 194 | I37: =G37+H37 -> 1724 | J37: =IF(L37>0,L37,0) -> 365.76206 | K37: =I37+J37 -> 2089.7621 | L37: =F37-(I37-AG37) -> 365.76206 | M37: 156 | N37: =1.8299*1.03 -> 1.884797 | O37: =(41+42)*1.05 -> 87.15 | P37: 0 | Q37: =1.52*1.02 -> 1.5504 | R37: 4.2 | S37: 0.19 | T37: 0 | U37: 46 | V37: 12 | W37: =M37-N37-O37-P37-Q37-R37-S37-T37+U37+V37 -> 119.0248 | X37: =X36+AO37 -> 0 | Y37: =Y36-(AP36/1.9835) -> 1706.2952 | AA37: 4.3 | AB37: 1.7 | AC37: 1.3 | AD37: 1270 | AE37: =AE36 -> 16031.258 | AF37: =AD37 -> 1270 | AG37: =N37+O37+P37+Q37+R37+S37+T37+W37+AA37+AD37 -> 1488.3 | AH37: =IF(L37<0,L37*-1,0) -> 0 | AI37: =AG37+AH37 -> 1488.3 | AJ37: 0 | AK37: 62 | AL37: 23 | AM37: =AM36 -> 12798.137 | AO37: 0 | AP37: =29.8*(X36*1.9835+AO37*1.9835+Y36*1.9835)/E37 -> 0.54117278
A38: =A37+1 -> 27 | B38: 6914.26 | C38: 339307 | D38: =C38-C37 -> 911 | E38: =C38-152000 -> 187307 | F38: =D38/$D$2 -> 459.28914 | G38: 1450 | H38: 176 | I38: =G38+H38 -> 1626 | J38: =IF(L38>0,L38,0) -> 310.28914 | K38: =I38+J38 -> 1936.2891 | L38: =F38-(I38-AG38) -> 310.28914 | M38: 152 | N38: =1.8299*1.03 -> 1.884797 | O38: =(38+38)*1.05 -> 79.8 | P38: 0 | Q38: =1.52*1.02 -> 1.5504 | R38: 4.2 | S38: 0.06 | T38: 0 | U38: 45 | V38: 20 | W38: =M38-N38-O38-P38-Q38-R38-S38-T38+U38+V38 -> 129.5048 | X38: =X37+AO38 -> 0 | Y38: =Y37-(AP37/1.9835) -> 1706.0223 | AA38: 0 | AB38: 1.7 | AC38: 1.3 | AD38: 1260 | AE38: =AE37 -> 16031.258 | AF38: =AD38 -> 1260 | AG38: =N38+O38+P38+Q38+R38+S38+T38+W38+AA38+AD38 -> 1477 | AH38: =IF(L38<0,L38*-1,0) -> 0 | AI38: =AG38+AH38 -> 1477 | AJ38: 0 | AK38: 61 | AL38: 23 | AM38: =AM37 -> 12798.137 | AO38: 0 | AP38: =29.8*(X37*1.9835+AO38*1.9835+Y37*1.9835)/E38 -> 0.53845402
A39: =A38+1 -> 28 | B39: 6914.59 | C39: 340674 | D39: =C39-C38 -> 1367 | E39: =C39-152000 -> 188674 | F39: =D39/$D$2 -> 689.18578 | G39: 1550 | H39: 175 | I39: =G39+H39 -> 1725 | J39: =IF(L39>0,L39,0) -> 348.18578 | K39: =I39+J39 -> 2073.1858 | L39: =F39-(I39-AG39) -> 348.18578 | M39: 175 | N39: =1.8299*1.03 -> 1.884797 | O39: =(38+39)*1.05 -> 80.85 | P39: 0 | Q39: =1.52*1.02 -> 1.5504 | R39: 4.2 | S39: 0.19 | T39: 0 | U39: 45 | V39: 23 | W39: =M39-N39-O39-P39-Q39-R39-S39-T39+U39+V39 -> 154.3248 | X39: =X38+AO39 -> 0 | Y39: =Y38-(AP38/1.9835) -> 1705.7509 | AA39: 11 | AB39: 1.7 | AC39: 1.3 | AD39: 1130 | AE39: =AE38 -> 16031.258 | AF39: =AD39 -> 1130 | AG39: =N39+O39+P39+Q39+R39+S39+T39+W39+AA39+AD39 -> 1384 | AH39: =IF(L39<0,L39*-1,0) -> 0 | AI39: =AG39+AH39 -> 1384 | AJ39: 0 | AK39: 69 | AL39: 33 | AM39: =AM38 -> 12798.137 | AO39: 0 | AP39: =29.8*(X38*1.9835+AO39*1.9835+Y38*1.9835)/E39 -> 0.53446729
A40: =A39+1 -> 29 | B40: 6915.02 | C40: 342456 | D40: =C40-C39 -> 1782 | E40: =C40-152000 -> 190456 | F40: =D40/$D$2 -> 898.4119 | G40: 1780 | H40: 175 | I40: =G40+H40 -> 1955 | J40: =IF(L40>0,L40,0) -> 214.4119 | K40: =I40+J40 -> 2169.4119 | L40: =F40-(I40-AG40) -> 214.4119 | M40: 222 | N40: =1.8299*1.03 -> 1.884797 | O40: =(48+45)*1.05 -> 97.65 | P40: 0 | Q40: =1.52*1.02 -> 1.5504 | R40: 4.2 | S40: 0.13 | T40: 0 | U40: 52 | V40: 34 | W40: =M40-N40-O40-P40-Q40-R40-S40-T40+U40+V40 -> 202.5848 | X40: =X39+AO40 -> 0 | Y40: =Y39-(AP39/1.9835) -> 1705.4814 | AA40: 14 | AB40: 1.7 | AC40: 1.3 | AD40: 949 | AE40: =AE39 -> 16031.258 | AF40: =AD40 -> 949 | AG40: =N40+O40+P40+Q40+R40+S40+T40+W40+AA40+AD40 -> 1271 | AH40: =IF(L40<0,L40*-1,0) -> 0 | AI40: =AG40+AH40 -> 1271 | AJ40: 0 | AK40: 72 | AL40: 39 | AM40: =AM39 -> 12798.137 | AO40: 0 | AP40: =29.8*(X39*1.9835+AO40*1.9835+Y39*1.9835)/E40 -> 0.5293823
A41: 30 | B41: 6915.56 | C41: 344710 | D41: =C41-C40 -> 2254 | E41: =C41-152000 -> 192710 | F41: =D41/$D$2 -> 1136.3751 | G41: 1900 | H41: 192 | I41: =G41+H41 -> 2092 | J41: =IF(L41>0,L41,0) -> 216.17509 | K41: =I41+J41 -> 2308.1751 | L41: =F41-(I41-AG41) -> 216.17509 | M41: 254 | N41: =1.8299*1.03 -> 1.884797 | O41: =(47+46)*1.05 -> 97.65 | P41: 0 | Q41: =1.52*1.02 -> 1.5504 | R41: 4.2 | S41: 1.5 | T41: 0 | U41: 57 | V41: 48 | W41: =M41-N41-O41-P41-Q41-R41-S41-T41+U41+V41-AR41 -> 232.6148 | X41: =X40+AO41 -> 0 | Y41: =Y40-(AP40/1.9835) -> 1705.2145 | AA41: 4.8 | AB41: 1.7 | AC41: 1.3 | AD41: 808 | AE41: =AE40 -> 16031.258 | AF41: =AD41 -> 808 | AG41: =N41+O41+P41+Q41+R41+S41+T41+W41+AA41+AD41+AR41 -> 1171.8 | AH41: =IF(L41<0,L41*-1,0) -> 0 | AI41: =AG41+AH41 -> 1171.8 | AJ41: 0 | AK41: 69 | AL41: 34 | AM41: =AM40 -> 12798.137 | AO41: 0 | AP41: =29.8*(X40*1.9835+AO41*1.9835+Y40*1.9835)/E41 -> 0.52310782 | AR41: 19.6
A43: MONTH / CFS | F43: =SUM(F12:F41) -> 23338.039 | G43: =SUM(G12:G41) -> 31674 | H43: =SUM(H12:H41) -> 6234 | I43: =SUM(I12:I41) -> 37908 | J43: =SUM(J12:J41) -> 16623.739 | K43: =SUM(K12:K41) -> 54531.739 | L43: =SUM(L12:L41) -> 16623.739 | M43: =SUM(M12:M41) -> 2745.8 | ... W43: =SUM(W12:W41) -> 2028.6941 | AA43: =SUM(AA12:AA41) -> 187.4 | AB43: =SUM(AB12:AB41) -> 51 | AC43: =SUM(AC12:AC41) -> 39 | AD43: =SUM(AD12:AD41) -> 27051 | AF43: =SUM(AF12:AF41) -> 27051 | AG43: =SUM(AG12:AG41) -> 31193.7 | AH43: =SUM(AH12:AH41) -> 0 | AI43: =SUM(AI12:AI41) -> 31193.7 | AJ43: =SUM(AJ12:AJ41) -> 0.69 | AK43: =AVERAGE(AK12:AK41) -> 60.333333 | AL43: =AVERAGE(AL12:AL41) -> 29.833333 | AM43: AVG | AN43: =SUM(AN12:AN41) -> 0
A44: MONTH / AF | D44: =SUM(D12:D41) -> 46291 | F44: =F43*$D$2 -> 46291 | G44: =G43*$D$2 -> 62825.379 | H44: =H43*$D$2 -> 12365.139 | I44: =I43*$D$2 -> 75190.518 | J44: =J43*$D$2 -> 32973.186 | K44: =K43*$D$2 -> 108163.7 | L44: =L43*$D$2 -> 32973.186 | M44: =M43*$D$2 -> 5446.2943 | ... W44: =W43*$D$2 -> 4023.9147 | AA44: =AA43*$D$2 -> 371.7079 | AB44: =AB43*$D$2 -> 101.1585 | AC44: =AC43*$D$2 -> 77.3565 | AD44: =AD43*$D$2 -> 53655.658 | AF44: =AF43*$D$2 -> 53655.658 | AG44: =AG43*$D$2 -> 61872.704 | AH44: =AH43*$D$2 -> 0 | AI44: =AI43*$D$2 -> 61872.704 | AK44: =MAX(AK12:AK41) -> 72 | AL44: =MAX(AL12:AL41) -> 58 | AM44: HI | AN44: =AN43*$D$2 -> 0 | AP44: =SUM(AP12:AP41) -> 18.226771
A46: SEASON / CFS | F46: =F43 -> 23338.039 | G46: =G43 -> 31674 | H46: =H43 -> 6234 | I46: =I43 -> 37908 | J46: =J43 -> 16623.739 | K46: =K43 -> 54531.739 | L46: =L43 -> 16623.739 | M46: =M43 -> 2745.8 | N46: =N43 -> 56.54391 | O46: =O9+O43 -> 1724.6985 | P46: =P9+P43 -> 0 | U46: =U43 -> 1031.3 | V46: =V43 -> 178.2 | W46: =W9+W43-SUM(U12:U19) -> 1578.732 | X46: =X41 -> 0 | Y46: =Y41 -> 1705.2145 | AA46: =AA43 -> 187.4 | AB46: =AB43 -> 51 | AC46: =AC43 -> 39 | AF46: =AF43 -> 27051 | AG46: =AG43 -> 31193.7 | AH46: =AH43 -> 0 | AI46: =AI43 -> 31193.7 | AK46: =MIN(AK12:AK41) -> 39 | AL46: =MIN(AL12:AL41) -> 20 | AM46: LO
A47: SEASON / AF | F47: =F46*$D$2 -> 46291 | G47: =G46*$D$2 -> 62825.379 | H47: =H46*$D$2 -> 12365.139 | I47: =I46*$D$2 -> 75190.518 | J47: =J46*$D$2 -> 32973.186 | K47: =K46*$D$2 -> 108163.7 | L47: =L46*$D$2 -> 32973.186 | M47: =M46*$D$2 -> 5446.2943 | ... P47: =P46*$D$2 -> 0 | U47: =U46*$D$2 -> 2045.5836 | V47: =V46*$D$2 -> 353.4597 | W47: =W46*$D$2 -> 3131.4149 | X47: =X46*$D$2 -> 0 | Y47: =Y46*$D$2 -> 3382.293 | AA47: =AA46*$D$2 -> 371.7079 | AB47: =AB46*$D$2 -> 101.1585 | AC47: =AC46*$D$2 -> 77.3565 | AF47: =AF46*$D$2 -> 53655.658 | AG47: =AG46*$D$2 -> 61872.704 | AH47: =AH46*$D$2 -> 0 | AI47: =AI46*$D$2 -> 61872.704 | AP47: =AP44 -> 18.226771
A49: YTD / CFS | F49: =F10+F43 -> 28651.878 | G49: =G10+G43 -> 47938 | H49: =H10+H43 -> 8380.14 | I49: =I10+I43 -> 56318.14 | J49: =J10+J43 -> 23621.865 | K49: =K10+K43 -> 79940.005 | L49: =L10+L43 -> 21599.998 | M49: =M10+M43 -> 3658.6 | ... O49: =O10+O43 -> 1724.6985 | Q49: =Q10+Q43 -> 273.7986 | R49: =R10+R43 -> 570.433 | S49: =S10+S43 -> 6.62 | T49: =T10+T43 -> -94.5288 | U49: =U10+U43 -> 7096.26 | V49: =V10+V43 -> 263 | W49: =W10+W43 -> 8031.032 | AD49: =AD10+AD43 -> 38061 | AE49: =AE41 -> 16031.258 | AF49: =AF10+AF43 -> 33122 | AG49: =AG10+AG43 -> 49266.26 | AH49: =AH10+AH43 -> 2021.8666 | AI49: =AI10+AI43 -> 51288.127 | AJ49: =AJ10+AJ43 -> 10.17 | AN49: =AN10+AN43 -> 0
A50: YTD / AF | D50: =D10+D44 -> 56756 | E50: =E41 -> 192710 | F50: =F49*$D$2 -> 56831 | G50: =G49*$D$2 -> 95085.023 | H50: =H49*$D$2 -> 16622.008 | I50: =I49*$D$2 -> 111707.03 | J50: =J49*$D$2 -> 46853.968 | K50: =K49*$D$2 -> 158561 | L50: =L49*$D$2 -> 42843.596 | M50: =M49*$D$2 -> 7256.8331 | ... O50: =O49*$D$2 -> 3420.9395 | Q50: =Q49*$D$2 -> 543.07952 | R50: =R49*$D$2 -> 1131.4539 | S50: =S49*$D$2 -> 13.13077 | T50: =T49*$D$2 -> -187.49787 | U50: =U49*$D$2 -> 14075.432 | V50: =V49*$D$2 -> 521.6605 | W50: =W49*$D$2 -> 15929.552 | AD50: =AD49*$D$2 -> 75493.993 | AE50: =AE49*$D$2 -> 31798 | AF50: =AF49*$D$2 -> 65697.487 | AG50: =AG49*$D$2 -> 97719.627 | AH50: =AH49*$D$2 -> 4010.3723 | AI50: =AI49*$D$2 -> 101730 | AM50: =AM41 -> 12798.137 | AN50: =AN49*$D$2 -> 0 | AP50: =AP44 -> 18.226771

Sheet MAY
K1: MCPHEE RESERVOIR INFLOW/OUTFLOW TABULATION
A2: AF/cfs CONVERT FACTOR | D2: 1.9835 | K2: MAY "2008"
D4: RESERVOIR | U4: INFLOW/OUTFLOW (CFS) | AK4: WEATHER | AO4: ADJUSTMENTS
A5: DATE | B5: RESERV | C5: RESERV | D5: AC FT | E5: ACTIVE | F5: CONV TO | G5: DOLORES | H5: LOST | I5: RECORD | J5: CALC | K5: TOTAL | L5: CALC | M5: DOLORES TUNNEL | U5: LONE | V5: U | W5: TOTAL | X5: MVI | Y5: TO EX & | Z5: MVI | AA5: DV CR | AB5: D/S SENIOR | AD5: BELOW | AE5: FISH | AF5: SPILL | AG5: RECORD | AH5: CALC | AI5: TOTAL | AJ5: RAIN | AK5: MAX | AL5: MIN | AM5: NAR | AN5: MVI | AO5: MVI | AP5: MVI | AQ5: U/S | AR5: TOTTEN | AS5: UTES
A6: MAY | B6: ELEV | C6: AC FT | D6: CHANGE | E6: CAP | F6: CFS | G6: RIVER | H6: CAN | I6: INFLOW | J6: INFLOW | K6: INFLOW | L6: INF/OTF | M6: TOT DIV | N6: WET | O6: UTE | P6: QUEST | Q6: MWC | R6: CTZ | S6: CTZ & | T6: F-BAY | U6: PINE | V6: LAT | W6: MVI | X6: CALL | Y6: U/S EX | Z6: PROJ | AA6: CANAL | AD6: MCP | AE6: LEFT | AG6: OTF | AH6: OTF | AI6: OTF | AK6: TMP | AL6: TMP | AM6: CALL | AN6: STOCK | AO6: STORED | AP6: STORED | AQ6: USERS | AR6: (FRESH | AS6: FROM
E7: AC FT | N7: LAND | O7: F&R | S7: UTE | T7: SPILL | AM7: AC FT | AN7: CFS | AO7: Apr - Jun | AP7: EVAP | AQ7: EXCH | AR7: WATER) | AS7: MVIC
N8: 1.03 | O8: 1.05 | P8: 1.02 | Q8: 1.02 | R8: 1.04 | S8: PROJ | AP8: AC.FT.
A9: SEASON BAL | F9: =APR!F46 -> 23338.039 | G9: =APR!G46 -> 31674 | H9: =APR!H46 -> 6234 | I9: =APR!I46 -> 37908 | J9: =APR!J46 -> 16623.739 | K9: =APR!K46 -> 54531.739 | L9: =APR!L46 -> 16623.739 | M9: =APR!M46 -> 2745.8 | ... P9: =APR!P46 -> 0 | U9: =APR!U46 -> 1031.3 | V9: =APR!V46 -> 178.2 | W9: =APR!W46 -> 1578.732 | X9: =APR!X46 -> 0 | Y9: =APR!Y46 -> 1705.2145 | AA9: =APR!AA46 -> 187.4 | AB9: =APR!AB46 -> 51 | AC9: =APR!AC46 -> 39 | AF9: =APR!AF46 -> 27051 | AG9: =APR!AG46 -> 31193.7 | AH9: =APR!AH46 -> 0 | AI9: =APR!AI46 -> 31193.7 | AP9: =APR!AP47 -> 18.226771 | AQ9: =APR!AQ46 -> 0
A10: YTD | B10: =APR!B41 -> 6915.56 | C10: =APR!C41 -> 344710 | D10: =APR!D50 -> 56756 | E10: =APR!E50 -> 192710 | F10: =APR!F49 -> 28651.878 | G10: =APR!G49 -> 47938 | H10: =APR!H49 -> 8380.14 | I10: =APR!I49 -> 56318.14 | J10: =APR!J49 -> 23621.865 | K10: =APR!K49 -> 79940.005 | L10: =APR!L49 -> 21599.998 | M10: =APR!M49 -> 3658.6 | ... O10: =APR!O49 -> 1724.6985 | Q10: =APR!Q49 -> 273.7986 | R10: =APR!R49 -> 570.433 | S10: =APR!S49 -> 6.62 | T10: =APR!T49 -> -94.5288 | U10: =APR!U49 -> 7096.26 | V10: =APR!V49 -> 263 | W10: =APR!W49 -> 8031.032 | AD10: =APR!AD49 -> 38061 | AE10: =APR!AE49 -> 16031.258 | AF10: =APR!AF49 -> 33122 | AG10: =APR!AG49 -> 49266.26 | AH10: =APR!AH49 -> 2021.8666 | AI10: =APR!AI49 -> 51288.127 | AJ10: =APR!AJ49 -> 10.17 | AM10: =APR!AM50 -> 12798.137 | AN10: =APR!AN49 -> 0 | AP10: =APR!AP50 -> 18.226771 | AQ10: =APR!AQ49 -> 0
A12: 1 | B12: 6916.13 | C12: 347094 | D12: =C12-C10 -> 2384 | E12: =C12-152000 -> 195094 | F12: =D12/$D$2 -> 1201.9158 | G12: 1960 | H12: 181 | I12: =G12+H12 -> 2141 | J12: =IF(L12>0,L12,0) -> 225.91581 | K12: =I12+J12 -> 2366.9158 | L12: =F12-(I12-AG12) -> 225.91581 | M12: 263 | N12: =1.8299*1.03 -> 1.884797 | O12: =(41+46)*1.05 -> 91.35 | P12: 0 | Q12: =2.01*1.02 -> 2.0502 | R12: 2.87 | S12: 0 | T12: 0 | U12: 57 | V12: 49 | W12: =M12-N12-O12-P12-Q12-R12-S12-T12+U12+V12-AR12 -> 227.645 | X12: =X9+AO12 -> 0 | Y12: =Y9 -> 1705.2145 | AA12: 0 | AB12: 1.7 | AC12: 1.3 | AD12: 796 | AE12: =AE10 -> 16031.258 | AF12: =AD12 -> 796 | AG12: =N12+O12+P12+Q12+R12+S12+T12+W12+AA12+AD12+AR12 -> 1165 | AH12: =IF(L12<0,L12*-1,0) -> 0 | AI12: =AG12+AH12 -> 1165 | AJ12: 0 | AK12: 48 | AL12: 27 | AM12: =AM10 -> 12798.137 | AP12: =47.3*(X9*1.9835+AO12*1.9835+Y12*1.9835)/E12 -> 0.82002758 | AR12: 43.2
A13: =A12+1 -> 2 | B13: 6916.31 | C13: 347851 | D13: =C13-C12 -> 757 | E13: =C13-152000 -> 195851 | F13: =D13/$D$2 -> 381.6486 | G13: 1500 | H13: 89 | I13: =G13+H13 -> 1589 | J13: =IF(L13>0,L13,0) -> 205.4486 | K13: =I13+J13 -> 1794.4486 | L13: =F13-(I13-AG13) -> 205.4486 | M13: 232 | N13: =1.8299*1.03 -> 1.884797 | O13: =(40+39)*1.05 -> 82.95 | P13: 0 | Q13: =2.01*1.02 -> 2.0502 | R13: 2.92 | S13: 0 | T13: 0 | U13: 55 | V13: 50 | W13: =M13-N13-O13-P13-Q13-R13-S13-T13+U13+V13-AR13 -> 205.395 | X13: =X12+AO13 -> 0 | Y13: =Y12-(AP12/1.9835) -> 1704.8011 | AA13: 5.8 | AB13: 1.7 | AC13: 1.3 | AD13: 1070 | AE13: =AE12 -> 16031.258 | AF13: =AD13 -> 1070 | AG13: =N13+O13+P13+Q13+R13+S13+T13+W13+AA13+AD13+AR13 -> 1412.8 | AH13: =IF(L13<0,L13*-1,0) -> 0 | AI13: =AG13+AH13 -> 1412.8 | AJ13: 0 | AK13: 52 | AL13: 25 | AM13: =AM12 -> 12798.137 | AP13: =47.3*(X12*1.9835+AO13*1.9835+Y13*1.9835)/E13 -> 0.81665998 | AR13: 41.8
A14: =A13+1 -> 3 | B14: 6916.33 | C14: 347935 | D14: =C14-C13 -> 84 | E14: =C14-152000 -> 195935 | F14: =D14/$D$2 -> 42.349382 | G14: 1320 | H14: 75 | I14: =G14+H14 -> 1395 | J14: =IF(L14>0,L14,0) -> 233.54938 | K14: =I14+J14 -> 1628.5494 | L14: =F14-(I14-AG14) -> 233.54938 | M14: 272 | N14: =1.8299*1.03 -> 1.884797 | O14: =(43+44)*1.05 -> 91.35 | P14: 0 | Q14: =2.01*1.02 -> 2.0502 | R14: 2.92 | S14: 0 | T14: 0 | U14: 66 | V14: 54 | W14: =M14-N14-O14-P14-Q14-R14-S14-T14+U14+V14-AR14 -> 250.795 | X14: =X13+AO14 -> 0 | Y14: =Y13-(AP13/1.9835) -> 1704.3894 | AA14: 4.2 | AB14: 1.7 | AC14: 1.3 | AD14: 1190 | AE14: =AE13 -> 16031.258 | AF14: =AD14 -> 1190 | AG14: =N14+O14+P14+Q14+R14+S14+T14+W14+AA14+AD14+AR14 -> 1586.2 | AH14: =IF(L14<0,L14*-1,0) -> 0 | AI14: =AG14+AH14 -> 1586.2 | AJ14: 0 | AK14: 58 | AL14: 28 | AM14: =AM13 -> 12798.137 | AP14: =47.3*(X13*1.9835+AO14*1.9835+Y14*1.9835)/E14 -> 0.81611272 | AR14: 43
A15: =A14+1 -> 4 | B15: 6916.33 | C15: 347935 | D15: =C15-C14 -> 0 | E15: =C15-152000 -> 195935 | F15: =D15/$D$2 -> 0 | G15: 1280 | H15: 74 | I15: =G15+H15 -> 1354 | J15: =IF(L15>0,L15,0) -> 233.7 | K15: =I15+J15 -> 1587.7 | L15: =F15-(I15-AG15) -> 233.7 | M15: 259 | N15: =1.8299*1.03 -> 1.884797 | O15: =(40+37)*1.05 -> 80.85 | P15: 0 | Q15: =2.01*1.02 -> 2.0502 | R15: 2.93 | S15: 0 | T15: 0 | U15: 75 | V15: 56 | W15: =M15-N15-O15-P15-Q15-R15-S15-T15+U15+V15-AR15 -> 260.285 | X15: =X14+AO15 -> 0 | Y15: =Y14-(AP14/1.9835) -> 1703.9779 | AA15: 7.7 | AB15: 1.7 | AC15: 1.3 | AD15: 1190 | AE15: =AE14 -> 16031.258 | AF15: =AD15 -> 1190 | AG15: =N15+O15+P15+Q15+R15+S15+T15+W15+AA15+AD15+AR15 -> 1587.7 | AH15: =IF(L15<0,L15*-1,0) -> 0 | AI15: =AG15+AH15 -> 1587.7 | AJ15: 0 | AK15: 68 | AL15: 30 | AM15: =AM14 -> 12798.137 | AP15: =47.3*(X14*1.9835+AO15*1.9835+Y15*1.9835)/E15 -> 0.8159157 | AR15: 42
A16: =A15+1 -> 5 | B16: 6916.41 | C16: 348272 | D16: =C16-C15 -> 337 | E16: =C16-152000 -> 196272 | F16: =D16/$D$2 -> 169.90169 | G16: 1420 | H16: 114 | I16: =G16+H16 -> 1534 | J16: =IF(L16>0,L16,0) -> 188.90169 | K16: =I16+J16 -> 1722.9017 | L16: =F16-(I16-AG16) -> 188.90169 | M16: 307 | N16: =1.8299*1.03 -> 1.884797 | O16: =(41+37)*1.05 -> 81.9 | P16: 1.16 | Q16: =2.01*1.02 -> 2.0502 | R16: 2.97 | S16: 0 | T16: 0 | U16: 75 | V16: 56 | W16: =M16-N16-O16-P16-Q16-R16-S16-T16+U16+V16-AR16 -> 308.395 | X16: =X15+AO16 -> 0 | Y16: =Y15-(AP15/1.9835) -> 1703.5666 | AA16: 15 | AB16: 1.7 | AC16: 1.3 | AD16: 1100 | AE16: =AE15 -> 16031.258 | AF16: =AD16 -> 1100 | AG16: =N16+O16+P16+Q16+R16+S16+T16+W16+AA16+AD16+AR16 -> 1553 | AH16: =IF(L16<0,L16*-1,0) -> 0 | AI16: =AG16+AH16 -> 1553 | AJ16: 0 | AK16: 73 | AL16: 38 | AM16: =AM15 -> 12798.137 | AP16: =47.3*(X15*1.9835+AO16*1.9835+Y16*1.9835)/E16 -> 0.81431814 | AR16: 39.64
A17: =A16+1 -> 6 | B17: 6916.73 | C17: 349702 | D17: =C17-C16 -> 1430 | E17: =C17-152000 -> 197702 | F17: =D17/$D$2 -> 720.94782 | G17: 1770 | H17: 145 | I17: =G17+H17 -> 1915 | J17: =IF(L17>0,L17,0) -> 284.94782 | K17: =I17+J17 -> 2199.9478 | L17: =F17-(I17-AG17) -> 284.94782 | M17: 324 | N17: =1.8299*1.03 -> 1.884797 | O17: =(43+43)*1.05 -> 90.3 | P17: 3.65 | Q17: =2.01*1.02 -> 2.0502 | R17: 3 | S17: 0 | T17: 0 | U17: 87 | V17: 36 | W17: =M17-N17-O17-P17-Q17-R17-S17-T17+U17+V17-AR17 -> 306.325 | X17: =X16+AO17 -> 0 | Y17: =Y16-(AP16/1.9835) -> 1703.156 | AA17: 34 | AB17: 1.7 | AC17: 1.3 | AD17: 998 | AE17: =AE16 -> 16031.258 | AF17: =AD17 -> 998 | AG17: =N17+O17+P17+Q17+R17+S17+T17+W17+AA17+AD17+AR17 -> 1479 | AH17: =IF(L17<0,L17*-1,0) -> 0 | AI17: =AG17+AH17 -> 1479 | AJ17: 0 | AK17: 71 | AL17: 40 | AM17: =AM16 -> 12798.137 | AP17: =47.3*(X16*1.9835+AO17*1.9835+Y17*1.9835)/E17 -> 0.80823326 | AR17: 39.79
A18: =A17+1 -> 7 | B18: 6917.03 | C18: 350881 | D18: =C18-C17 -> 1179 | E18: =C18-152000 -> 198881 | F18: =D18/$D$2 -> 594.40383 | G18: 1700 | H18: 101 | I18: =G18+H18 -> 1801 | J18: =IF(L18>0,L18,0) -> 247.40383 | K18: =I18+J18 -> 2048.4038 | L18: =F18-(I18-AG18) -> 247.40383 | M18: 302 | N18: =1.8299*1.03 -> 1.884797 | O18: =(40+40)*1.05 -> 84 | P18: 2.51 | Q18: =2.01*1.02 -> 2.0502 | R18: 3.07 | S18: 0 | T18: 0 | U18: 102 | V18: 33 | W18: =M18-N18-O18-P18-Q18-R18-S18-T18+U18+V18-AR18 -> 303.095 | X18: =X17+AO18 -> 0 | Y18: =Y17-(AP17/1.9835) -> 1702.7486 | AA18: 18 | AB18: 1.7 | AC18: 1.3 | AD18: 999 | AE18: =AE17 -> 16031.258 | AF18: =AD18 -> 999 | AG18: =N18+O18+P18+Q18+R18+S18+T18+W18+AA18+AD18+AR18 -> 1454 | AH18: =IF(L18<0,L18*-1,0) -> 0 | AI18: =AG18+AH18 -> 1454 | AJ18: 0 | AK18: 70 | AL18: 37 | AM18: =AM17 -> 12798.137 | AP18: =47.3*(X17*1.9835+AO18*1.9835+Y18*1.9835)/E18 -> 0.8032497 | AR18: 40.39
A19: =A18+1 -> 8 | B19: 6917.47 | C19: 352747 | D19: =C19-C18 -> 1866 | E19: =C19-152000 -> 200747 | F19: =D19/$D$2 -> 940.76128 | G19: 1940 | H19: 129 | I19: =G19+H19 -> 2069 | J19: =IF(L19>0,L19,0) -> 417.76128 | K19: =I19+J19 -> 2486.7613 | L19: =F19-(I19-AG19) -> 417.76128 | M19: 330 | N19: =1.8299*1.03 -> 1.884797 | O19: =(41+40)*1.05 -> 85.05 | P19: 0 | Q19: =2.01*1.02 -> 2.0502 | R19: 3.15 | S19: 0 | T19: 0 | U19: 113 | V19: 56 | W19: =M19-N19-O19-P19-Q19-R19-S19-T19+U19+V19-AR19 -> 363.865 | X19: =X18+AO19 -> 0 | Y19: =Y18-(AP18/1.9835) -> 1702.3436 | AA19: 48 | AB19: 1.7 | AC19: 1.3 | AD19: 999 | AE19: =AE18 -> 16031.258 | AF19: =AD19 -> 999 | AG19: =N19+O19+P19+Q19+R19+S19+T19+W19+AA19+AD19+AR19 -> 1546 | AH19: =IF(L19<0,L19*-1,0) -> 0 | AI19: =AG19+AH19 -> 1546 | AJ19: 0.14 | AK19: 61 | AL19: 40 | AM19: =AM18 -> 12798.137 | AP19: =47.3*(X18*1.9835+AO19*1.9835+Y19*1.9835)/E19 -> 0.795594 | AR19: 43
A20: =A19+1 -> 9 | B20: 6917.68 | C20: 353637 | D20: =C20-C19 -> 890 | E20: =C20-152000 -> 201637 | F20: =D20/$D$2 -> 448.70179 | G20: 1680 | H20: 93 | I20: =G20+H20 -> 1773 | J20: =IF(L20>0,L20,0) -> 327.70179 | K20: =I20+J20 -> 2100.7018 | L20: =F20-(I20-AG20) -> 327.70179 | M20: 344 | N20: =1.8299*1.03 -> 1.884797 | O20: =(48+50)*1.05 -> 102.9 | P20: 0 | Q20: =2.01*1.02 -> 2.0502 | R20: 3.16 | S20: 0 | T20: 0 | U20: 127 | V20: 58 | W20: =M20-N20-O20-P20-Q20-R20-S20-T20+U20+V20-AR20 -> 374.105 | X20: =X19+AO20 -> 0 | Y20: =Y19-(AP19/1.9835) -> 1701.9425 | AA20: 33 | AB20: 1.7 | AC20: 1.3 | AD20: 1090 | AE20: =AE19 -> 16031.258 | AF20: =AD20 -> 1090 | AG20: =N20+O20+P20+Q20+R20+S20+T20+W20+AA20+AD20+AR20 -> 1652 | AH20: =IF(L20<0,L20*-1,0) -> 0 | AI20: =AG20+AH20 -> 1652 | AJ20: 0 | AK20: 70 | AL20: 36 | AM20: =AM19 -> 12798.137 | AP20: =47.3*(X19*1.9835+AO20*1.9835+Y20*1.9835)/E20 -> 0.79189572 | AR20: 44.9
A21: =A20+1 -> 10 | B21: 6917.8 | C21: 354146 | D21: =C21-C20 -> 509 | E21: =C21-152000 -> 202146 | F21: =D21/$D$2 -> 256.61709 | G21: 1660 | H21: 92 | I21: =G21+H21 -> 1752 | J21: =IF(L21>0,L21,0) -> 316.61709 | K21: =I21+J21 -> 2068.6171 | L21: =F21-(I21-AG21) -> 316.61709 | M21: 344 | N21: =1.8299*1.03 -> 1.884797 | O21: =(46+45)*1.05 -> 95.55 | P21: 0 | Q21: =2.01*1.02 -> 2.0502 | R21: 3.18 | S21: 0 | T21: 0 | U21: 127 | V21: 61 | W21: =M21-N21-O21-P21-Q21-R21-S21-T21+U21+V21-AR21 -> 386.735 | X21: =X20+AO21 -> 0 | Y21: =Y20-(AP20/1.9835) -> 1701.5432 | AA21: 60 | AB21: 1.7 | AC21: 1.3 | AD21: 1220 | AE21: =AE20 -> 16031.258 | AF21: =AD21 -> 1220 | AG21: =N21+O21+P21+Q21+R21+S21+T21+W21+AA21+AD21+AR21 -> 1812 | AH21: =IF(L21<0,L21*-1,0) -> 0 | AI21: =AG21+AH21 -> 1812 | AJ21: 0 | AK21: 66 | AL21: 39 | AM21: =AM20 -> 12798.137 | AP21: =47.3*(X20*1.9835+AO21*1.9835+Y21*1.9835)/E21 -> 0.78971645 | AR21: 42.6
A22: =A21+1 -> 11 | B22: 6917.83 | C22: 354273 | D22: =C22-C21 -> 127 | E22: =C22-152000 -> 202273 | F22: =D22/$D$2 -> 64.028233 | G22: 1610 | H22: 89 | I22: =G22+H22 -> 1699 | J22: =IF(L22>0,L22,0) -> 266.02823 | K22: =I22+J22 -> 1965.0282 | L22: =F22-(I22-AG22) -> 266.02823 | M22: 348 | N22: =1.8299*1.03 -> 1.884797 | O22: =(45+45)*1.05 -> 94.5 | P22: 0 | Q22: =2.01*1.02 -> 2.0502 | R22: 3.18 | S22: 0 | T22: 0 | U22: 127 | V22: 61 | W22: =M22-N22-O22-P22-Q22-R22-S22-T22+U22+V22-AR22 -> 391.085 | X22: =X21+AO22 -> 0 | Y22: =Y21-(AP21/1.9835) -> 1701.1451 | AA22: 45 | AB22: 1.7 | AC22: 1.3 | AD22: 1320 | AE22: =AE21 -> 16031.258 | AF22: =AD22 -> 1320 | AG22: =N22+O22+P22+Q22+R22+S22+T22+W22+AA22+AD22+AR22 -> 1901 | AH22: =IF(L22<0,L22*-1,0) -> 0 | AI22: =AG22+AH22 -> 1901 | AJ22: 0 | AK22: 74 | AL22: 35 | AM22: =AM21 -> 12798.137 | AP22: =47.3*(X21*1.9835+AO22*1.9835+Y22*1.9835)/E22 -> 0.78903594 | AR22: 43.3
A23: =A22+1 -> 12 | B23: 6918.1 | C23: 355421 | D23: =C23-C22 -> 1148 | E23: =C23-152000 -> 203421 | F23: =D23/$D$2 -> 578.77489 | G23: 1930 | H23: 111 | I23: =G23+H23 -> 2041 | J23: =IF(L23>0,L23,0) -> 318.77489 | K23: =I23+J23 -> 2359.7749 | L23: =F23-(I23-AG23) -> 318.77489 | M23: 356 | N23: =1.8299*1.03 -> 1.884797 | O23: =(43+43)*1.05 -> 90.3 | P23: 0 | Q23: =2.01*1.02 -> 2.0502 | R23: 3.2 | S23: 0 | T23: 0 | U23: 127 | V23: 52 | W23: =M23-N23-O23-P23-Q23-R23-S23-T23+U23+V23-AR23 -> 395.265 | X23: =X22+AO23 -> 0 | Y23: =Y22-(AP22/1.9835) -> 1700.7473 | AA23: 66 | AB23: 1.7 | AC23: 1.3 | AD23: 1180 | AE23: =AE22 -> 16031.258 | AF23: =AD23 -> 1180 | AG23: =N23+O23+P23+Q23+R23+S23+T23+W23+AA23+AD23+AR23 -> 1781 | AH23: =IF(L23<0,L23*-1,0) -> 0 | AI23: =AG23+AH23 -> 1781 | AJ23: 0 | AK23: 70 | AL23: 37 | AM23: =AM22 -> 12798.137 | AP23: =47.3*(X22*1.9835+AO23*1.9835+Y23*1.9835)/E23 -> 0.78439958 | AR23: 42.3
A24: =A23+1 -> 13 | B24: 6918.47 | C24: 357002 | D24: =C24-C23 -> 1581 | E24: =C24-152000 -> 205002 | F24: =D24/$D$2 -> 797.07588 | G24: 2060 | H24: 105 | I24: =G24+H24 -> 2165 | J24: =IF(L24>0,L24,0) -> 306.07588 | K24: =I24+J24 -> 2471.0759 | L24: =F24-(I24-AG24) -> 306.07588 | M24: 368 | N24: =1.8299*1.03 -> 1.884797 | O24: =(46+47)*1.05 -> 97.65 | P24: 0 | Q24: =2.01*1.02 -> 2.0502 | R24: 3.26 | S24: 0 | T24: 0 | U24: 127 | V24: 66 | W24: =M24-N24-O24-P24-Q24-R24-S24-T24+U24+V24-AR24 -> 414.055 | X24: =X23+AO24 -> 0 | Y24: =Y23-(AP23/1.9835) -> 1700.3518 | AA24: 43 | AB24: 1.7 | AC24: 1.3 | AD24: 1070 | AE24: =AE23 -> 16031.258 | AF24: =AD24 -> 1070 | AG24: =N24+O24+P24+Q24+R24+S24+T24+W24+AA24+AD24+AR24 -> 1674 | AH24: =IF(L24<0,L24*-1,0) -> 0 | AI24: =AG24+AH24 -> 1674 | AJ24: 0.01 | AK24: 59 | AL24: 37 | AM24: =AM23 -> 12798.137 | AP24: =47.3*(X23*1.9835+AO24*1.9835+Y24*1.9835)/E24 -> 0.77816921 | AR24: 42.1
A25: =A24+1 -> 14 | B25: 6918.5 | C25: 357130 | D25: =C25-C24 -> 128 | E25: =C25-152000 -> 205130 | F25: =D25/$D$2 -> 64.532392 | G25: 1690 | H25: 67 | I25: =G25+H25 -> 1757 | J25: =IF(L25>0,L25,0) -> 330.53239 | K25: =I25+J25 -> 2087.5324 | L25: =F25-(I25-AG25) -> 330.53239 | M25: 364 | N25: =1.8299*1.03 -> 1.884797 | O25: =(50+50)*1.05 -> 105 | P25: 0 | Q25: =2.01*1.02 -> 2.0502 | R25: 3.3 | S25: 0 | T25: 0 | U25: 127 | V25: 67 | W25: =M25-N25-O25-P25-Q25-R25-S25-T25+U25+V25-AR25 -> 403.365 | X25: =X24+AO25 -> 0 | Y25: =Y24-(AP24/1.9835) -> 1699.9595 | AA25: 85 | AB25: 1.7 | AC25: 1.3 | AD25: 1380 | AE25: =AE24 -> 16031.258 | AF25: =AD25 -> 1380 | AG25: =N25+O25+P25+Q25+R25+S25+T25+W25+AA25+AD25+AR25 -> 2023 | AH25: =IF(L25<0,L25*-1,0) -> 0 | AI25: =AG25+AH25 -> 2023 | AJ25: 0 | AK25: 65 | AL25: 32 | AM25: =AM24 -> 12798.137 | AP25: =47.3*(X24*1.9835+AO25*1.9835+Y25*1.9835)/E25 -> 0.7775042 | AR25: 42.4
A26: =A25+1 -> 15 | B26: 6918.35 | C26: 356489 | D26: =C26-C25 -> -641 | E26: =C26-152000 -> 204489 | F26: =D26/$D$2 -> -323.16612 | G26: 1640 | H26: 57 | I26: =G26+H26 -> 1697 | J26: =IF(L26>0,L26,0) -> 374.83388 | K26: =I26+J26 -> 2071.8339 | L26: =F26-(I26-AG26) -> 374.83388 | M26: 368 | N26: =1.8299*1.03 -> 1.884797 | O26: =(48+44)*1.05 -> 96.6 | P26: 0 | Q26: =2.01*1.02 -> 2.0502 | R26: 3.32 | S26: 0 | T26: 0 | U26: 143 | V26: 67 | W26: =M26-N26-O26-P26-Q26-R26-S26-T26+U26+V26-AR26 -> 431.845 | X26: =X25+AO26 -> 0 | Y26: =Y25-(AP25/1.9835) -> 1699.5675 | AA26: 117 | AB26: 1.7 | AC26: 1.3 | AD26: 1700 | AE26: =AE25 -> 16031.258 | AF26: =AD26 -> 1700 | AG26: =N26+O26+P26+Q26+R26+S26+T26+W26+AA26+AD26+AR26 -> 2395 | AH26: =IF(L26<0,L26*-1,0) -> 0 | AI26: =AG26+AH26 -> 2395 | AJ26: 0 | AK26: 61 | AL26: 40 | AM26: =AM25 -> 12798.137 | AP26: =47.3*(X25*1.9835+AO26*1.9835+Y26*1.9835)/E26 -> 0.77976156 | AR26: 42.3
A27: =A26+1 -> 16 | B27: 6918.01 | C27: 355036 | D27: =C27-C26 -> -1453 | E27: =C27-152000 -> 203036 | F27: =D27/$D$2 -> -732.54348 | G27: 1510 | H27: 44 | I27: =G27+H27 -> 1554 | J27: =IF(L27>0,L27,0) -> 339.45652 | K27: =I27+J27 -> 1893.4565 | L27: =F27-(I27-AG27) -> 339.45652 | M27: 344 | N27: =1.8299*1.03 -> 1.884797 | O27: =(42+43)*1.05 -> 89.25 | P27: 0 | Q27: =2.01*1.02 -> 2.0502 | R27: 3.32 | S27: 0 | T27: 0 | U27: 156 | V27: 66 | W27: =M27-N27-O27-P27-Q27-R27-S27-T27+U27+V27-AR27 -> 426.895 | X27: =X26+AO27 -> 0 | Y27: =Y26-(AP26/1.9835) -> 1699.1744 | AA27: 130 | AB27: 1.7 | AC27: 1.3 | AD27: 1930 | AE27: =AE26 -> 16031.258 | AF27: =AD27 -> 1930 | AG27: =N27+O27+P27+Q27+R27+S27+T27+W27+AA27+AD27+AR27 -> 2626 | AH27: =IF(L27<0,L27*-1,0) -> 0 | AI27: =AG27+AH27 -> 2626 | AJ27: 0 | AK27: 67 | AL27: 34 | AM27: =AM26 -> 12798.137 | AP27: =47.3*(X26*1.9835+AO27*1.9835+Y27*1.9835)/E27 -> 0.78516016 | AR27: 42.6
A28: =A27+1 -> 17 | B28: 6917.82 | C28: 354231 | D28: =C28-C27 -> -805 | E28: =C28-152000 -> 202231 | F28: =D28/$D$2 -> -405.84825 | G28: 1870 | H28: 50 | I28: =G28+H28 -> 1920 | J28: =IF(L28>0,L28,0) -> 293.15175 | K28: =I28+J28 -> 2213.1518 | L28: =F28-(I28-AG28) -> 293.15175 | M28: 290 | N28: =1.8299*1.03 -> 1.884797 | O28: =(28+29)*1.05 -> 59.85 | P28: 0 | Q28: =2.01*1.02 -> 2.0502 | R28: 3.33 | S28: 0 | T28: 0 | U28: 155 | V28: 67 | W28: =M28-N28-O28-P28-Q28-R28-S28-T28+U28+V28-AR28 -> 403.785 | X28: =X27+AO28 -> 0 | Y28: =Y27-(AP27/1.9835) -> 1698.7786 | AA28: 147 | AB28: 1.7 | AC28: 1.3 | AD28: 1960 | AE28: =AE27 -> 16031.258 | AF28: =AD28 -> 1960 | AG28: =N28+O28+P28+Q28+R28+S28+T28+W28+AA28+AD28+AR28 -> 2619 | AH28: =IF(L28<0,L28*-1,0) -> 0 | AI28: =AG28+AH28 -> 2619 | AJ28: 0 | AK28: 75 | AL28: 44 | AM28: =AM27 -> 12798.137 | AP28: =47.3*(X27*1.9835+AO28*1.9835+Y28*1.9835)/E28 -> 0.78810192 | AR28: 41.1
A29: =A28+1 -> 18 | B29: 6917.96 | C29: 354824 | D29: =C29-C28 -> 593 | E29: =C29-152000 -> 202824 | F29: =D29/$D$2 -> 298.96647 | G29: 2550 | H29: 79 | I29: =G29+H29 -> 2629 | J29: =IF(L29>0,L29,0) -> 303.96647 | K29: =I29+J29 -> 2932.9665 | L29: =F29-(I29-AG29) -> 303.96647 | M29: 301 | N29: =1.8299*1.03 -> 1.884797 | O29: =(19+21)*1.05 -> 42 | P29: 0 | Q29: =2.01*1.02 -> 2.0502 | R29: 3.34 | S29: 0 | T29: 0 | U29: 151 | V29: 70 | W29: =M29-N29-O29-P29-Q29-R29-S29-T29+U29+V29-AR29 -> 432.725 | X29: =X28+AO29 -> 0 | Y29: =Y28-(AP28/1.9835) -> 1698.3812 | AA29: 152 | AB29: 1.7 | AC29: 1.3 | AD29: 1960 | AE29: =AE28 -> 16031.258 | AF29: =AD29 -> 1960 | AG29: =N29+O29+P29+Q29+R29+S29+T29+W29+AA29+AD29+AR29 -> 2634 | AH29: =IF(L29<0,L29*-1,0) -> 0 | AI29: =AG29+AH29 -> 2634 | AJ29: 0 | AK29: 77 | AL29: 46 | AM29: =AM28 -> 12798.137 | AP29: =47.3*(X28*1.9835+AO29*1.9835+Y29*1.9835)/E29 -> 0.78561394 | AR29: 40
A30: =A29+1 -> 19 | B30: 6918.23 | C30: 355977 | D30: =C30-C29 -> 1153 | E30: =C30-152000 -> 203977 | F30: =D30/$D$2 -> 581.29569 | G30: 2960 | H30: 89 | I30: =G30+H30 -> 3049 | J30: =IF(L30>0,L30,0) -> 245.29569 | K30: =I30+J30 -> 3294.2957 | L30: =F30-(I30-AG30) -> 245.29569 | M30: 337 | N30: =1.8299*1.03 -> 1.884797 | O30: =(40+41)*1.05 -> 85.05 | P30: 0 | Q30: =2.01*1.02 -> 2.0502 | R30: 3.35 | S30: 0 | T30: 0 | U30: 150 | V30: 75 | W30: =M30-N30-O30-P30-Q30-R30-S30-T30+U30+V30-AR30 -> 454.465 | X30: =X29+AO30 -> 0 | Y30: =Y29-(AP29/1.9835) -> 1697.9852 | AA30: 191 | AB30: 1.7 | AC30: 1.3 | AD30: 1960 | AE30: =AE29 -> 16031.258 | AF30: =AD30 -> 1960 | AG30: =N30+O30+P30+Q30+R30+S30+T30+W30+AA30+AD30+AR30 -> 2713 | AH30: =IF(L30<0,L30*-1,0) -> 0 | AI30: =AG30+AH30 -> 2713 | AJ30: 0 | AK30: 82 | AL30: 47 | AM30: =AM29 -> 12798.137 | AP30: =47.3*(X29*1.9835+AO30*1.9835+Y30*1.9835)/E30 -> 0.78099101 | AR30: 15.2
A31: =A30+1 -> 20 | B31: 6918.92 | C31: 358925 | D31: =C31-C30 -> 2948 | E31: =C31-152000 -> 206925 | F31: =D31/$D$2 -> 1486.2617 | G31: 3650 | H31: 108 | I31: =G31+H31 -> 3758 | J31: =IF(L31>0,L31,0) -> 421.26166 | K31: =I31+J31 -> 4179.2617 | L31: =F31-(I31-AG31) -> 421.26166 | M31: 325 | N31: =1.8299*1.03 -> 1.884797 | O31: =(45+45)*1.05 -> 94.5 | P31: 0 | Q31: =2.01*1.02 -> 2.0502 | R31: 3.4 | S31: 0 | T31: 0 | U31: 151 | V31: 66 | W31: =M31-N31-O31-P31-Q31-R31-S31-T31+U31+V31-AR31 -> 440.165 | X31: =X30+AO31 -> 0 | Y31: =Y30-(AP30/1.9835) -> 1697.5914 | AA31: 181 | AB31: 1.7 | AC31: 1.3 | AD31: 1970 | AE31: =AE30 -> 16031.258 | AF31: =AD31 -> 1970 | AG31: =N31+O31+P31+Q31+R31+S31+T31+W31+AA31+AD31+AR31 -> 2693 | AH31: =IF(L31<0,L31*-1,0) -> 0 | AI31: =AG31+AH31 -> 2693 | AJ31: 0 | AK31: 84 | AL31: 50 | AM31: =AM30 -> 12798.137 | AP31: =47.3*(X30*1.9835+AO31*1.9835+Y31*1.9835)/E31 -> 0.76968594
A32: =A31+1 -> 21 | B32: 6919.66 | C32: 362109 | D32: =C32-C31 -> 3184 | E32: =C32-152000 -> 210109 | F32: =D32/$D$2 -> 1605.2433 | G32: 4040 | H32: 96 | I32: =G32+H32 -> 4136 | J32: =IF(L32>0,L32,0) -> 233.24326 | K32: =I32+J32 -> 4369.2433 | L32: =F32-(I32-AG32) -> 233.24326 | M32: 353 | N32: =1.8299*1.03 -> 1.884797 | O32: =(54+55)*1.05 -> 114.45 | P32: 0 | Q32: =2.01*1.02 -> 2.0502 | R32: 3.44 | S32: 0 | T32: 0 | U32: 155 | V32: 81 | W32: =M32-N32-O32-P32-Q32-R32-S32-T32+U32+V32-AR32 -> 467.175 | X32: =X31+AO32 -> 0 | Y32: =Y31-(AP31/1.9835) -> 1697.2034 | AA32: 205 | AB32: 1.7 | AC32: 1.3 | AD32: 1970 | AE32: =AE31 -> 16031.258 | AF32: =AD32 -> 1970 | AG32: =N32+O32+P32+Q32+R32+S32+T32+W32+AA32+AD32+AR32 -> 2764 | AH32: =IF(L32<0,L32*-1,0) -> 0 | AI32: =AG32+AH32 -> 2764 | AJ32: 0 | AK32: 70 | AL32: 39 | AM32: =AM31 -> 12798.137 | AP32: =47.3*(X31*1.9835+AO32*1.9835+Y32*1.9835)/E32 -> 0.75784881
A33: =A32+1 -> 22 | B33: 6919.98 | C33: 363487 | D33: =C33-C32 -> 1378 | E33: =C33-152000 -> 211487 | F33: =D33/$D$2 -> 694.73154 | G33: 3190 | H33: 64 | I33: =G33+H33 -> 3254 | J33: =IF(L33>0,L33,0) -> 166.73154 | K33: =I33+J33 -> 3420.7315 | L33: =F33-(I33-AG33) -> 166.73154 | M33: 315 | N33: =1.8299*1.03 -> 1.884797 | O33: =(54+51)*1.05 -> 110.25 | P33: 0 | Q33: =2.01*1.02 -> 2.0502 | R33: 3.48 | S33: 0 | T33: 0 | U33: 150 | V33: 81 | W33: =M33-N33-O33-P33-Q33-R33-S33-T33+U33+V33-AR33 -> 428.335 | X33: =X32+AO33 -> 0 | Y33: =Y32-(AP32/1.9835) -> 1696.8213 | AA33: 210 | AB33: 1.7 | AC33: 1.3 | AD33: 1970 | AE33: =AE32 -> 16031.258 | AF33: =AD33 -> 1970 | AG33: =N33+O33+P33+Q33+R33+S33+T33+W33+AA33+AD33+AR33 -> 2726 | AH33: =IF(L33<0,L33*-1,0) -> 0 | AI33: =AG33+AH33 -> 2726 | AJ33: 0.21 | AK33: 55 | AL33: 34 | AM33: =AM32 -> 12798.137 | AP33: =47.3*(X32*1.9835+AO33*1.9835+Y33*1.9835)/E33 -> 0.75274135
A34: =A33+1 -> 23 | B34: 6919.95 | C34: 363358 | D34: =C34-C33 -> -129 | E34: =C34-152000 -> 211358 | F34: =D34/$D$2 -> -65.036552 | G34: 2330 | H34: 43 | I34: =G34+H34 -> 2373 | J34: =IF(L34>0,L34,0) -> 161.96345 | K34: =I34+J34 -> 2534.9634 | L34: =F34-(I34-AG34) -> 161.96345 | M34: 296 | N34: =1.8299*1.03 -> 1.884797 | O34: =(51+51)*1.05 -> 107.1 | P34: 0 | Q34: =2.01*1.02 -> 2.0502 | R34: 3.5 | S34: 0 | T34: 0 | U34: 151 | V34: 77 | W34: =M34-N34-O34-P34-Q34-R34-S34-T34+U34+V34-AR34 -> 409.465 | X34: =X33+AO34 -> 0 | Y34: =Y33-(AP33/1.9835) -> 1696.4418 | AA34: 156 | AB34: 1.7 | AC34: 1.3 | AD34: 1920 | AE34: =AE33 -> 16031.258 | AF34: =AD34 -> 1920 | AG34: =N34+O34+P34+Q34+R34+S34+T34+W34+AA34+AD34+AR34 -> 2600 | AH34: =IF(L34<0,L34*-1,0) -> 0 | AI34: =AG34+AH34 -> 2600 | AJ34: 0.3 | AK34: 46 | AL34: 34 | AM34: =AM33 -> 12798.137 | AP34: =47.3*(X33*1.9835+AO34*1.9835+Y34*1.9835)/E34 -> 0.75303232
A35: =A34+1 -> 24 | B35: 6919.9 | C35: 363142 | D35: =C35-C34 -> -216 | E35: =C35-152000 -> 211142 | F35: =D35/$D$2 -> -108.89841 | G35: 1830 | H35: 27 | I35: =G35+H35 -> 1857 | J35: =IF(L35>0,L35,0) -> 306.10159 | K35: =I35+J35 -> 2163.1016 | L35: =F35-(I35-AG35) -> 306.10159 | M35: 178 | N35: =1.8299*1.03 -> 1.884797 | O35: =(22+19)*1.05 -> 43.05 | P35: 0 | Q35: =2.01*1.02 -> 2.0502 | R35: 3.55 | S35: 0 | T35: 0 | U35: 152 | V35: 74 | W35: =M35-N35-O35-P35-Q35-R35-S35-T35+U35+V35-AR35 -> 353.465 | X35: =X34+AO35 -> 0 | Y35: =Y34-(AP34/1.9835) -> 1696.0621 | AA35: 88 | AB35: 1.7 | AC35: 1.3 | AD35: 1780 | AE35: =AE34 -> 16031.258 | AF35: =AD35 -> 1780 | AG35: =N35+O35+P35+Q35+R35+S35+T35+W35+AA35+AD35+AR35 -> 2272 | AH35: =IF(L35<0,L35*-1,0) -> 0 | AI35: =AG35+AH35 -> 2272 | AJ35: 0.26 | AK35: 54 | AL35: 33 | AM35: =AM34 -> 12798.137 | AP35: =47.3*(X34*1.9835+AO35*1.9835+Y35*1.9835)/E35 -> 0.75363399
A36: =A35+1 -> 25 | B36: 6919.64 | C36: 362023 | D36: =C36-C35 -> -1119 | E36: =C36-152000 -> 210023 | F36: =D36/$D$2 -> -564.15427 | G36: 1520 | H36: 21 | I36: =G36+H36 -> 1541 | J36: =IF(L36>0,L36,0) -> 168.84573 | K36: =I36+J36 -> 1709.8457 | L36: =F36-(I36-AG36) -> 168.84573 | M36: 192 | N36: =1.8299*1.03 -> 1.884797 | O36: =(12+15)*1.05 -> 28.35 | P36: 0 | Q36: =2.01*1.02 -> 2.0502 | R36: 3.56 | S36: 0 | T36: 0 | U36: 152 | V36: 72 | W36: =M36-N36-O36-P36-Q36-R36-S36-T36+U36+V36-AR36 -> 380.155 | X36: =X35+AO36 -> 0 | Y36: =Y35-(AP35/1.9835) -> 1695.6822 | AA36: 108 | AB36: 1.7 | AC36: 1.3 | AD36: 1750 | AE36: =AE35 -> 16031.258 | AF36: =AD36 -> 1750 | AG36: =N36+O36+P36+Q36+R36+S36+T36+W36+AA36+AD36+AR36 -> 2274 | AH36: =IF(L36<0,L36*-1,0) -> 0 | AI36: =AG36+AH36 -> 2274 | AJ36: 0 | AK36: 71 | AL36: 38 | AM36: =AM35 -> 12798.137 | AP36: =47.3*(X35*1.9835+AO36*1.9835+Y36*1.9835)/E36 -> 0.75747961
A37: =A36+1 -> 26 | B37: 6919.34 | C37: 360731 | D37: =C37-C36 -> -1292 | E37: =C37-152000 -> 208731 | F37: =D37/$D$2 -> -651.37383 | G37: 1410 | H37: 22 | I37: =G37+H37 -> 1432 | J37: =IF(L37>0,L37,0) -> 81.626166 | K37: =I37+J37 -> 1513.6262 | L37: =F37-(I37-AG37) -> 81.626166 | M37: 265 | N37: =1.8299*1.03 -> 1.884797 | O37: =(36+38)*1.05 -> 77.7 | P37: 0 | Q37: =2.01*1.02 -> 2.0502 | R37: 3.56 | S37: 0 | T37: 0 | U37: 151 | V37: 71 | W37: =M37-N37-O37-P37-Q37-R37-S37-T37+U37+V37-AR37 -> 401.805 | X37: =X36+AO37 -> 0 | Y37: =Y36-(AP36/1.9835) -> 1695.3003 | AA37: 188 | AB37: 1.7 | AC37: 1.3 | AD37: 1490 | AE37: =AE36 -> 16031.258 | AF37: =AD37 -> 1490 | AG37: =N37+O37+P37+Q37+R37+S37+T37+W37+AA37+AD37+AR37 -> 2165 | AH37: =IF(L37<0,L37*-1,0) -> 0 | AI37: =AG37+AH37 -> 2165 | AJ37: 0 | AK37: 70 | AL37: 39 | AM37: =AM36 -> 12798.137 | AP37: =47.3*(X36*1.9835+AO37*1.9835+Y37*1.9835)/E37 -> 0.76199659
A38: =A37+1 -> 27 | B38: 6919.28 | C38: 360473 | D38: =C38-C37 -> -258 | E38: =C38-152000 -> 208473 | F38: =D38/$D$2 -> -130.0731 | G38: 1400 | H38: 48 | I38: =G38+H38 -> 1448 | J38: =IF(L38>0,L38,0) -> 98.926897 | K38: =I38+J38 -> 1546.9269 | L38: =F38-(I38-AG38) -> 98.926897 | M38: 286 | N38: =1.8299*1.03 -> 1.884797 | O38: =(48+49)*1.05 -> 101.85 | P38: 0 | Q38: =2.01*1.02 -> 2.0502 | R38: 3.56 | S38: 0 | T38: 0 | U38: 150 | V38: 71 | W38: =M38-N38-O38-P38-Q38-R38-S38-T38+U38+V38-AR38 -> 397.655 | X38: =X37+AO38 -> 0 | Y38: =Y37-(AP37/1.9835) -> 1694.9161 | AA38: 205 | AB38: 1.7 | AC38: 1.3 | AD38: 965 | AE38: =AE37 -> 16031.258 | AF38: =AD38 -> 965 | AG38: =N38+O38+P38+Q38+R38+S38+T38+W38+AA38+AD38+AR38 -> 1677 | AH38: =IF(L38<0,L38*-1,0) -> 0 | AI38: =AG38+AH38 -> 1677 | AJ38: 0 | AK38: 74 | AL38: 37 | AM38: =AM37 -> 12798.137 | AP38: =47.3*(X37*1.9835+AO38*1.9835+Y38*1.9835)/E38 -> 0.76276673
A39: 28 | B39: 6919.38 | C39: 360903 | D39: =C39-C38 -> 430 | E39: =C39-152000 -> 208903 | F39: =D39/$D$2 -> 216.78851 | G39: 1630 | H39: 52 | I39: =G39+H39 -> 1682 | J39: =IF(L39>0,L39,0) -> 75.788505 | K39: =I39+J39 -> 1757.7885 | L39: =F39-(I39-AG39) -> 75.788505 | M39: 286 | N39: =1.8299*1.03 -> 1.884797 | O39: =(42+41)*1.05 -> 87.15 | P39: 0 | Q39: =2.01*1.02 -> 2.0502 | R39: 3.58 | S39: 0 | T39: 0 | U39: 150 | V39: 71 | W39: =M39-N39-O39-P39-Q39-R39-S39-T39+U39+V39-AR39 -> 412.335 | X39: =X38+AO39 -> 0 | Y39: =Y38-(AP38/1.9835) -> 1694.5316 | AA39: 227 | AB39: 1.7 | AC39: 1.3 | AD39: 807 | AE39: =AE38 -> 16031.258 | AF39: =AD39 -> 807 | AG39: =N39+O39+P39+Q39+R39+S39+T39+W39+AA39+AD39+AR39 -> 1541 | AH39: =IF(L39<0,L39*-1,0) -> 0 | AI39: =AG39+AH39 -> 1541 | AJ39: 0 | AK39: 77 | AL39: 48 | AM39: =AM38 -> 12798.137 | AP39: =47.3*(X38*1.9835+AO39*1.9835+Y39*1.9835)/E39 -> 0.76102397
A40: 29 | B40: 6919.68 | C40: 362195 | D40: =C40-C39 -> 1292 | E40: =C40-152000 -> 210195 | F40: =D40/$D$2 -> 651.37383 | G40: 2100 | H40: 55 | I40: =G40+H40 -> 2155 | J40: =IF(L40>0,L40,0) -> 58.373834 | K40: =I40+J40 -> 2213.3738 | L40: =F40-(I40-AG40) -> 58.373834 | M40: 294 | N40: =1.8299*1.03 -> 1.884797 | O40: =(43+46)*1.05 -> 93.45 | P40: 0 | Q40: =2.01*1.02 -> 2.0502 | R40: 3.59 | S40: 0 | T40: 0 | U40: 151 | V40: 71 | W40: =M40-N40-O40-P40-Q40-R40-S40-T40+U40+V40-AR40 -> 415.025 | X40: =X39+AO40 -> 0 | Y40: =Y39-(AP39/1.9835) -> 1694.1479 | AA40: 236 | AB40: 1.7 | AC40: 1.3 | AD40: 810 | AE40: =AE39 -> 16031.258 | AF40: =AD40 -> 810 | AG40: =N40+O40+P40+Q40+R40+S40+T40+W40+AA40+AD40+AR40 -> 1562 | AH40: =IF(L40<0,L40*-1,0) -> 0 | AI40: =AG40+AH40 -> 1562 | AJ40: 0 | AK40: 72 | AL40: 40 | AM40: =AM39 -> 12798.137 | AP40: =47.3*(X39*1.9835+AO40*1.9835+Y40*1.9835)/E40 -> 0.75617495
A41: 30 | B41: 6920.01 | C41: 363617 | D41: =C41-C40 -> 1422 | E41: =C41-152000 -> 211617 | F41: =D41/$D$2 -> 716.91454 | G41: 2210 | H41: 37 | I41: =G41+H41 -> 2247 | J41: =IF(L41>0,L41,0) -> 52.914545 | K41: =I41+J41 -> 2299.9145 | L41: =F41-(I41-AG41) -> 52.914545 | M41: 302 | N41: =1.8299*1.03 -> 1.884797 | O41: =(42+42)*1.05 -> 88.2 | P41: 0 | Q41: =2.01*1.02 -> 2.0502 | R41: 3.61 | S41: 0 | T41: 0 | U41: 152 | V41: 71 | W41: =M41-N41-O41-P41-Q41-R41-S41-T41+U41+V41-AR41 -> 429.255 | X41: =X40+AO41 -> 0 | Y41: =Y40-(AP40/1.9835) -> 1693.7667 | AA41: 247 | AB41: 1.7 | AC41: 1.3 | AD41: 811 | AE41: =AE40 -> 16031.258 | AF41: =AD41 -> 811 | AG41: =N41+O41+P41+Q41+R41+S41+T41+W41+AA41+AD41+AR41 -> 1583 | AH41: =IF(L41<0,L41*-1,0) -> 0 | AI41: =AG41+AH41 -> 1583 | AJ41: 0 | AK41: 74 | AL41: 39 | AM41: =AM40 -> 12798.137 | AP41: =47.3*(X40*1.9835+AO41*1.9835+Y41*1.9835)/E41 -> 0.75092467
A42: 31 | B42: 6920.41 | C42: 365353 | D42: =C42-C41 -> 1736 | E42: =C42-152000 -> 213353 | F42: =D42/$D$2 -> 875.22057 | G42: 2360 | H42: 29 | I42: =G42+H42 -> 2389 | J42: =IF(L42>0,L42,0) -> 71.22057 | K42: =I42+J42 -> 2460.2206 | L42: =F42-(I42-AG42) -> 71.22057 | M42: 306 | N42: =1.8299*1.03 -> 1.884797 | O42: =(45+43)*1.05 -> 92.4 | P42: 0 | Q42: =2.01*1.02 -> 2.0502 | R42: 3.64 | S42: 0 | T42: 0 | U42: 152 | V42: 72 | W42: =M42-N42-O42-P42-Q42-R42-S42-T42+U42+V42-AR42 -> 430.025 | X42: =X41+AO42 -> 0 | Y42: =Y41-(AP41/1.9835) -> 1693.3881 | AA42: 244 | AB42: 1.7 | AC42: 1.3 | AD42: 811 | AE42: =AE41 -> 16031.258 | AF42: =AD42 -> 811 | AG42: =N42+O42+P42+Q42+R42+S42+T42+W42+AA42+AD42+AR42 -> 1585 | AH42: =IF(L42<0,L42*-1,0) -> 0 | AI42: =AG42+AH42 -> 1585 | AJ42: 0 | AK42: 81 | AL42: 44 | AM42: =AM41 -> 12798.137 | AP42: =47.3*(X41*1.9835+AO42*1.9835+Y42*1.9835)/E42 -> 0.74464811
A44: MONTH / CFS | F44: =SUM(F12:F42) -> 10407.361 | G44: =SUM(G12:G42) -> 61720 | H44: =SUM(H12:H42) -> 2386 | I44: =SUM(I12:I42) -> 64106 | J44: =SUM(J12:J42) -> 7357.0607 | K44: =SUM(K12:K42) -> 71463.061 | L44: =SUM(L12:L42) -> 7357.0607 | M44: =SUM(M12:M42) -> 9451 | ... W44: =SUM(W12:W42) -> 11704.985 | AA44: =SUM(AA12:AA42) -> 3496.7 | AB44: =SUM(AB12:AB42) -> 52.7 | AC44: =SUM(AC12:AC42) -> 40.3 | AD44: =SUM(AD12:AD42) -> 42166 | AF44: =SUM(AF12:AF42) -> 42166 | AG44: =SUM(AG12:AG42) -> 61055.7 | AH44: =SUM(AH12:AH42) -> 0 | AI44: =SUM(AI12:AI42) -> 61055.7 | AJ44: =SUM(AJ12:AJ42) -> 0.92 | AK44: =AVERAGE(AK12:AK42) -> 67.580645 | AL44: =AVERAGE(AL12:AL42) -> 37.645161 | AM44: AVG | AN44: =SUM(AN12:AN42) -> 0 | AQ44: =SUM(AQ12:AQ42) -> 0 | AR44: =SUM(AR12:AR42) -> 771.62
A45: MONTH / AF | D45: =SUM(D12:D42) -> 20643 | F45: =F44*$D$2 -> 20643 | G45: =G44*$D$2 -> 122421.62 | H45: =H44*$D$2 -> 4732.631 | I45: =I44*$D$2 -> 127154.25 | J45: =J44*$D$2 -> 14592.73 | K45: =K44*$D$2 -> 141746.98 | L45: =L44*$D$2 -> 14592.73 | M45: =M44*$D$2 -> 18746.058 | ... W45: =W44*$D$2 -> 23216.838 | AA45: =AA44*$D$2 -> 6935.7045 | AB45: =AB44*$D$2 -> 104.53045 | AC45: =AC44*$D$2 -> 79.93505 | AD45: =AD44*$D$2 -> 83636.261 | AF45: =AF44*$D$2 -> 83636.261 | AG45: =AG44*$D$2 -> 121103.98 | AH45: =AH44*$D$2 -> 0 | AI45: =AI44*$D$2 -> 121103.98 | AK45: =MAX(AK12:AK42) -> 84 | AL45: =MAX(AL12:AL42) -> 50 | AM45: HI | AN45: =AN44*$D$2 -> 0 | AP45: =SUM(AP12:AP42) -> 24.202418 | AQ45: =AQ44*$D$2 -> 0 | AR45: =AR44*$D$2 -> 1530.5083
A47: SEASON / CFS | F47: =F9+F44 -> 33745.4 | G47: =G9+G44 -> 93394 | H47: =H9+H44 -> 8620 | I47: =I9+I44 -> 102014 | J47: =J9+J44 -> 23980.8 | K47: =K9+K44 -> 125994.8 | L47: =L9+L44 -> 23980.8 | M47: =M9+M44 -> 12196.8 | ... P47: =P9+P44 -> 7.32 | U47: =U9+U44 -> 4995.3 | V47: =V9+V44 -> 2156.2 | W47: =W9+W44 -> 13283.717 | X47: =X42 -> 0 | Y47: =Y42+Y44 -> 1693.3881 | AA47: =AA9+AA44 -> 3684.1 | AB47: =AB9+AB44 -> 103.7 | AC47: =AC9+AC44 -> 79.3 | AF47: =AF9+AF44 -> 69217 | AG47: =AG9+AG44 -> 92249.4 | AH47: =AH9+AH44 -> 0 | AI47: =AI9+AI44 -> 92249.4 | AK47: =MIN(AK12:AK42) -> 46 | AL47: =MIN(AL12:AL42) -> 25 | AM47: LO | AQ47: =AQ9+AQ44 -> 0 | AR47: =AR9+AR44 -> 771.62
A48: SEASON / AF | F48: =F47*$D$2 -> 66934 | G48: =G47*$D$2 -> 185247 | H48: =H47*$D$2 -> 17097.77 | I48: =I47*$D$2 -> 202344.77 | J48: =J47*$D$2 -> 47565.916 | K48: =K47*$D$2 -> 249910.68 | L48: =L47*$D$2 -> 47565.916 | M48: =M47*$D$2 -> 24192.353 | ... P48: =P47*$D$2 -> 14.51922 | U48: =U47*$D$2 -> 9908.1776 | V48: =V47*$D$2 -> 4276.8227 | W48: =W47*$D$2 -> 26348.253 | X48: =X47*$D$2 -> 0 | Y48: =Y47*$D$2 -> 3358.8353 | AA48: =AA47*$D$2 -> 7307.4123 | AB48: =AB47*$D$2 -> 205.68895 | AC48: =AC47*$D$2 -> 157.29155 | AF48: =AF47*$D$2 -> 137291.92 | AG48: =AG47*$D$2 -> 182976.68 | AH48: =AH47*$D$2 -> 0 | AI48: =AI47*$D$2 -> 182976.68 | AP48: =AP9+AP45 -> 42.429189 | AQ48: =AQ47*$D$2 -> 0 | AR48: =AR47*$D$2 -> 1530.5083
A50: YTD / CFS | F50: =F10+F44 -> 39059.239 | G50: =G10+G44 -> 109658 | H50: =H10+H44 -> 10766.14 | I50: =I10+I44 -> 120424.14 | J50: =J10+J44 -> 30978.925 | K50: =K10+K44 -> 151403.07 | L50: =L10+L44 -> 28957.059 | M50: =M10+M44 -> 13109.6 | ... W50: =W10+W44 -> 19736.017 | AD50: =AD10+AD44 -> 80227 | AE50: =AE42 -> 16031.258 | AF50: =AF10+AF44 -> 75288 | AG50: =AG10+AG44 -> 110321.96 | AH50: =AH10+AH44 -> 2021.8666 | AI50: =AI10+AI44 -> 112343.83 | AJ50: =AJ10+AJ44 -> 11.09 | AN50: =AN10+AN44 -> 0 | AQ50: =AQ10+AQ44 -> 0
A51: YTD / AF | D51: =D10+D45 -> 77399 | E51: =E42 -> 213353 | F51: =F50*$D$2 -> 77474 | G51: =G50*$D$2 -> 217506.64 | H51: =H50*$D$2 -> 21354.639 | I51: =I50*$D$2 -> 238861.28 | J51: =J50*$D$2 -> 61446.698 | K51: =K50*$D$2 -> 300307.98 | L51: =L50*$D$2 -> 57436.326 | M51: =M50*$D$2 -> 26002.892 | ... W51: =W50*$D$2 -> 39146.39 | AD51: =AD50*$D$2 -> 159130.25 | AE51: =AE50*$D$2 -> 31798 | AF51: =AF50*$D$2 -> 149333.75 | AG51: =AG50*$D$2 -> 218823.61 | AH51: =AH50*$D$2 -> 4010.3723 | AI51: =AI50*$D$2 -> 222833.98 | AM51: =AM42 -> 12798.137 | AN51: =AN50*$D$2 -> 0 | AP51: =AP10+AP45 -> 42.429189 | AQ51: =AQ50*$D$2 -> 0

Sheet JUN
K1: MCPHEE RESERVOIR INFLOW/OUTFLOW TABULATION
A2: AF/cfs CONVERT FACTOR | D2: 1.9835 | K2: JUNE "2008"
D4: RESERVOIR | U4: INFLOW/OUTFLOW (CFS) | AK4: WEATHER | AO4: ADJUSTMENTS
A5: DATE | B5: RESERV | C5: RESERV | D5: AC FT | E5: ACTIVE | F5: CONV TO | G5: DOLORES | H5: LOST | I5: RECORD | J5: CALC | K5: TOTAL | L5: CALC | M5: DOLORES TUNNEL | U5: LONE | V5: U | W5: TOTAL | X5: MVI | Y5: TO EX & | Z5: MVI | AA5: DV CR | AB5: D/S SENIOR | AD5: BELOW | AE5: FISH | AF5: SPILL | AG5: RECORD | AH5: CALC | AI5: TOTAL | AJ5: RAIN | AK5: MAX | AL5: MIN | AM5: NAR | AN5: MVI | AO5: MVI | AP5: MVI | AQ5: U/S | AR5: TOTTEN | AS5: UTES
A6: JUN | B6: ELEV | C6: AC FT | D6: CHANGE | E6: CAP | F6: CFS | G6: RIVER | H6: CAN | I6: INFLOW | J6: INFLOW | K6: INFLOW | L6: INF/OTF | M6: TOT DIV | N6: WET | O6: UTE | P6: QUEST | Q6: MWC | R6: CTZ | S6: CTZ & | T6: F-BAY | U6: PINE | V6: LAT | W6: MVI | X6: CALL | Y6: U/S EX | Z6: PROJ | AA6: CANAL | AB6: MVIC | AC6: PROJ | AD6: MCP | AE6: LEFT | AG6: OTF | AH6: OTF | AI6: OTF | AK6: TMP | AL6: TMP | AM6: CALL | AN6: STOCK | AO6: STORED | AP6: STORED | AQ6: USERS | AR6: (FRESH | AS6: FROM
E7: AC FT | N7: LAND | O7: F&R | S7: UTE | T7: SPILL | AM7: AC FT | AN7: CFS | AO7: Apr - Jun | AP7: EVAP | AQ7: EXCH | AR7: WATER) | AS7: MVIC
N8: 1.03 | O8: 1.05 | P8: 1.02 | Q8: 1.02 | R8: 1.04 | S8: PROJ | AO8: July-Oct | AP8: AC.FT.
A9: SEASON BAL | F9: =MAY!F47 -> 33745.4 | G9: =MAY!G47 -> 93394 | H9: =MAY!H47 -> 8620 | I9: =MAY!I47 -> 102014 | J9: =MAY!J47 -> 23980.8 | K9: =MAY!K47 -> 125994.8 | L9: =MAY!L47 -> 23980.8 | M9: =MAY!M47 -> 12196.8 | ... P9: =MAY!P47 -> 7.32 | U9: =MAY!U47 -> 4995.3 | V9: =MAY!V47 -> 2156.2 | W9: =MAY!W47 -> 13283.717 | X9: =MAY!X47 -> 0 | Y9: =MAY!Y47 -> 1693.3881 | AA9: =MAY!AA47 -> 3684.1 | AB9: =MAY!AB47 -> 103.7 | AC9: =MAY!AC47 -> 79.3 | AF9: =MAY!AF47 -> 69217 | AG9: =MAY!AG47 -> 92249.4 | AH9: =MAY!AH47 -> 0 | AI9: =MAY!AI47 -> 92249.4 | AP9: =MAY!AP48 -> 42.429189 | AQ9: =MAY!AQ47 -> 0 | AR9: =MAY!AR47 -> 771.62
A10: YTD | B10: =MAY!B42 -> 6920.41 | C10: =MAY!C42 -> 365353 | D10: =MAY!D51 -> 77399 | E10: =MAY!E51 -> 213353 | F10: =MAY!F50 -> 39059.239 | G10: =MAY!G50 -> 109658 | H10: =MAY!H50 -> 10766.14 | I10: =MAY!I50 -> 120424.14 | J10: =MAY!J50 -> 30978.925 | K10: =MAY!K50 -> 151403.07 | L10: =MAY!L50 -> 28957.059 | M10: =MAY!M50 -> 13109.6 | ... O10: =MAY!O50 -> 4409.5485 | Q10: =MAY!Q50 -> 337.3548 | R10: =MAY!R50 -> 672.673 | S10: =MAY!S50 -> 6.62 | T10: =MAY!T50 -> -94.5288 | U10: =MAY!U50 -> 11060.26 | V10: =MAY!V50 -> 2241 | W10: =MAY!W50 -> 19736.017 | AD10: =MAY!AD50 -> 80227 | AE10: =MAY!AE50 -> 16031.258 | AF10: =MAY!AF50 -> 75288 | AG10: =MAY!AG50 -> 110321.96 | AH10: =MAY!AH50 -> 2021.8666 | AI10: =MAY!AI50 -> 112343.83 | AJ10: =MAY!AJ50 -> 11.09 | AM10: =MAY!AM51 -> 12798.137 | AN10: =MAY!AN50 -> 0 | AP10: =MAY!AP51 -> 42.429189 | AQ10: =MAY!AQ50 -> 0 | AR10: =MAY!AR50 -> 0
O11: 0 | V11: 0
A12: 1 | B12: 6920.92 | C12: 367567 | D12: =C12-C10 -> 2214 | E12: =C12-152000 -> 215567 | F12: =D12/$D$2 -> 1116.2087 | G12: 2680 | H12: 26 | I12: =G12+H12 -> 2706 | J12: =IF(L12>0,L12,0) -> 0 | K12: =I12+J12 -> 2706 | L12: =F12-(I12-AG12) -> -27.791278 | M12: 299 | N12: =1.8299*1.03 -> 1.884797 | O12: =(40+43)*1.05 -> 87.15 | P12: 0 | Q12: =2.69*1.02 -> 2.7438 | R12: 4.2 | S12: 3.2 | T12: 0 | U12: 153 | V12: 72 | W12: =M12-N12-O12-P12-Q12-R12-S12-T12+U12+V12-AR12 -> 424.8214 | X12: 0 | Y12: =Y9-(AP11/1.9835) -> 1693.3881 | AA12: 227 | AB12: 1.7 | AC12: 1.3 | AD12: 811 | AE12: =AE10 -> 16031.258 | AF12: =AD12 -> 811 | AG12: =N12+O12+P12+Q12+R12+S12+T12+W12+AA12+AD12 -> 1562 | AH12: =IF(L12<0,L12*-1,0) -> 27.791278 | AI12: =AG12+AH12 -> 1589.7913 | AJ12: 0 | AK12: 84 | AL12: 45 | AM12: =AM10 -> 12798.137 | AO12: 0 | AP12: =64*(X9*1.9835+Y12*1.9835+AO12*1.9835)/E12 -> 0.99720948
A13: =A12+1 -> 2 | B13: 6921.52 | C13: 370192 | D13: =C13-C12 -> 2625 | E13: =C13-152000 -> 218192 | F13: =D13/$D$2 -> 1323.4182 | G13: 3040 | H13: 26 | I13: =G13+H13 -> 3066 | J13: =IF(L13>0,L13,0) -> 0 | K13: =I13+J13 -> 3066 | L13: =F13-(I13-AG13) -> -28.5818 | M13: 307 | N13: =1.8299*1.03 -> 1.884797 | O13: =(40+40)*1.05 -> 84 | P13: 0 | Q13: =2.69*1.02 -> 2.7438 | R13: 4.2 | S13: 3.14 | T13: 0 | U13: 266 | V13: 71 | W13: =M13-N13-O13-P13-Q13-R13-S13-T13+U13+V13-AR13 -> 548.0314 | X13: 0 | Y13: =Y12-(AP12/1.9835) -> 1692.8853 | AA13: 257 | AB13: 1.7 | AC13: 1.3 | AD13: 813 | AE13: =AE12 -> 16031.258 | AF13: =AD13 -> 813 | AG13: =N13+O13+P13+Q13+R13+S13+T13+W13+AA13+AD13 -> 1714 | AH13: =IF(L13<0,L13*-1,0) -> 28.5818 | AI13: =AG13+AH13 -> 1742.5818 | AJ13: 0 | AK13: 78 | AL13: 48 | AM13: =AM12 -> 12798.137 | AO13: 0 | AP13: =64*(X12*1.9835+Y13*1.9835+AO13*1.9835)/E13 -> 0.98491986
A14: =A13+1 -> 3 | B14: 6922.09 | C14: 372691 | D14: =C14-C13 -> 2499 | E14: =C14-152000 -> 220691 | F14: =D14/$D$2 -> 1259.8941 | G14: 3090 | H14: 19 | I14: =G14+H14 -> 3109 | J14: =IF(L14>0,L14,0) -> 143.69413 | K14: =I14+J14 -> 3252.6941 | L14: =F14-(I14-AG14) -> 143.69413 | M14: 314 | N14: =1.8299*1.03 -> 1.884797 | O14: =(40+38)*1.05 -> 81.9 | P14: 0 | Q14: =2.69*1.02 -> 2.7438 | R14: 4.2 | S14: 3.06 | T14: 0 | U14: 460 | V14: 73 | W14: =M14-N14-O14-P14-Q14-R14-S14-T14+U14+V14-AR14+41.8 -> 795.0114 | X14: 0 | Y14: =Y13-(AP13/1.9835) -> 1692.3888 | AA14: 289 | AB14: 1.7 | AC14: 1.3 | AD14: 815 | AE14: =AE13 -> 16031.258 | AF14: =AD14 -> 815 | AG14: =N14+O14+P14+Q14+R14+S14+T14+W14+AA14+AD14 -> 1992.8 | AH14: =IF(L14<0,L14*-1,0) -> 0 | AI14: =AG14+AH14 -> 1992.8 | AJ14: 0 | AK14: 76 | AL14: 45 | AM14: =AM13 -> 12798.137 | AO14: 0 | AP14: =64*(X13*1.9835+Y14*1.9835+AO14*1.9835)/E14 -> 0.97348147 | AS14: 41.8
A15: =A14+1 -> 4 | B15: 6922.64 | C15: 375119 | D15: =C15-C14 -> 2428 | E15: =C15-152000 -> 223119 | F15: =D15/$D$2 -> 1224.0988 | G15: 2850 | H15: 15 | I15: =G15+H15 -> 2865 | J15: =IF(L15>0,L15,0) -> 23.098815 | K15: =I15+J15 -> 2888.0988 | L15: =F15-(I15-AG15) -> 23.098815 | M15: 341 | N15: =1.8299*1.03 -> 1.884797 | O15: =(44+44)*1.05 -> 92.4 | P15: 0 | Q15: =2.69*1.02 -> 2.7438 | R15: 4.2 | S15: 2.9 | T15: 0 | U15: 174 | V15: 74 | W15: =M15-N15-O15-P15-Q15-R15-S15-T15+U15+V15-AR15 -> 484.8714 | X15: 0 | Y15: =Y14-(AP14/1.9835) -> 1691.898 | AA15: 273 | AB15: 1.7 | AC15: 1.3 | AD15: 802 | AE15: =AE14 -> 16031.258 | AF15: =AD15 -> 802 | AG15: =N15+O15+P15+Q15+R15+S15+T15+W15+AA15+AD15 -> 1664 | AH15: =IF(L15<0,L15*-1,0) -> 0 | AI15: =AG15+AH15 -> 1664 | AJ15: 0.08 | AK15: 69 | AL15: 44 | AM15: =AM14 -> 12798.137 | AO15: 0 | AP15: =64*(X14*1.9835+Y15*1.9835+AO15*1.9835)/E15 -> 0.96260873
A16: =A15+1 -> 5 | B16: 6923.17 | C16: 377465 | D16: =C16-C15 -> 2346 | E16: =C16-152000 -> 225465 | F16: =D16/$D$2 -> 1182.7578 | G16: 2170 | H16: 16 | I16: =G16+H16 -> 2186 | J16: =IF(L16>0,L16,0) -> 327.75775 | K16: =I16+J16 -> 2513.7578 | L16: =F16-(I16-AG16) -> 327.75775 | M16: 303 | N16: =1.8299*1.03 -> 1.884797 | O16: =(42+42)*1.05 -> 88.2 | P16: 0 | Q16: =2.69*1.02 -> 2.7438 | R16: 4.2 | S16: 1.51 | T16: 0 | U16: 87 | V16: 75 | W16: =M16-N16-O16-P16-Q16-R16-S16-T16+U16+V16-AR16 -> 366.4614 | X16: 0 | Y16: =Y15-(AP15/1.9835) -> 1691.4127 | AA16: 223 | AB16: 1.7 | AC16: 1.3 | AD16: 643 | AE16: =AE15 -> 16031.258 | AF16: =AD16 -> 643 | AG16: =N16+O16+P16+Q16+R16+S16+T16+W16+AA16+AD16 -> 1331 | AH16: =IF(L16<0,L16*-1,0) -> 0 | AI16: =AG16+AH16 -> 1331 | AJ16: 0.19 | AK16: 58 | AL16: 37 | AM16: =AM15 -> 12798.137 | AO16: 0 | AP16: =64*(X15*1.9835+Y16*1.9835+AO16*1.9835)/E16 -> 0.95231939
A17: =A16+1 -> 6 | B17: 6923.32 | C17: 378133 | D17: =C17-C16 -> 668 | E17: =C17-152000 -> 226133 | F17: =D17/$D$2 -> 336.77842 | G17: 1720 | H17: 16 | I17: =G17+H17 -> 1736 | J17: =IF(L17>0,L17,0) -> 0 | K17: =I17+J17 -> 1736 | L17: =F17-(I17-AG17) -> -10.221578 | M17: 302 | N17: =1.8299*1.03 -> 1.884797 | O17: =(43+43)*1.05 -> 90.3 | P17: 0 | Q17: =2.69*1.02 -> 2.7438 | R17: 4.2 | S17: 2.4 | T17: 0 | U17: 87 | V17: 74 | W17: =M17-N17-O17-P17-Q17-R17-S17-T17+U17+V17-AR17 -> 361.4714 | X17: 0 | Y17: =Y16-(AP16/1.9835) -> 1690.9326 | AA17: 260 | AB17: 1.7 | AC17: 1.3 | AD17: 666 | AE17: =AE16 -> 16031.258 | AF17: =AD17 -> 666 | AG17: =N17+O17+P17+Q17+R17+S17+T17+W17+AA17+AD17 -> 1389 | AH17: =IF(L17<0,L17*-1,0) -> 10.221578 | AI17: =AG17+AH17 -> 1399.2216 | AJ17: 0 | AK17: 78 | AL17: 39 | AM17: =AM16 -> 12798.137 | AO17: 0 | AP17: =64*(X16*1.9835+Y17*1.9835+AO17*1.9835)/E17 -> 0.9492367
A18: =A17+1 -> 7 | B18: 6923.48 | C18: 378845 | D18: =C18-C17 -> 712 | E18: =C18-152000 -> 226845 | F18: =D18/$D$2 -> 358.96143 | G18: 1770 | H18: 12 | I18: =G18+H18 -> 1782 | J18: =IF(L18>0,L18,0) -> 100.96143 | K18: =I18+J18 -> 1882.9614 | L18: =F18-(I18-AG18) -> 100.96143 | M18: 310 | N18: =1.8299*1.03 -> 1.884797 | O18: =(41+41)*1.05 -> 86.1 | P18: 0 | Q18: =2.69*1.02 -> 2.7438 | R18: 4.2 | S18: 2.38 | T18: 0 | U18: 87 | V18: 74 | W18: =M18-N18-O18-P18-Q18-R18-S18-T18+U18+V18-AR18 -> 373.6914 | X18: 0 | Y18: =Y17-(AP17/1.9835) -> 1690.454 | AA18: 265 | AB18: 1.7 | AC18: 1.3 | AD18: 788 | AE18: =AE17 -> 16031.258 | AF18: =AD18 -> 788 | AG18: =N18+O18+P18+Q18+R18+S18+T18+W18+AA18+AD18 -> 1524 | AH18: =IF(L18<0,L18*-1,0) -> 0 | AI18: =AG18+AH18 -> 1524 | AJ18: 0 | AK18: 81 | AL18: 39 | AM18: =AM17 -> 12798.137 | AO18: 0 | AP18: =64*(X17*1.9835+Y18*1.9835+AO18*1.9835)/E18 -> 0.94598951
A19: =A18+1 -> 8 | B19: 6923.84 | C19: 380448 | D19: =C19-C18 -> 1603 | E19: =C19-152000 -> 228448 | F19: =D19/$D$2 -> 808.16738 | G19: 2160 | H19: 6.6 | I19: =G19+H19 -> 2166.6 | J19: =IF(L19>0,L19,0) -> 102.56738 | K19: =I19+J19 -> 2269.1674 | L19: =F19-(I19-AG19) -> 102.56738 | M19: 299 | N19: =1.8299*1.03 -> 1.884797 | O19: =(40+40)*1.05 -> 84 | P19: 0 | Q19: =2.69*1.02 -> 2.7438 | R19: 4.2 | S19: 2.99 | T19: 0 | U19: 88 | V19: 74 | W19: =M19-N19-O19-P19-Q19-R19-S19-T19+U19+V19-AR19 -> 365.1814 | X19: 0 | Y19: =Y18-(AP18/1.9835) -> 1689.9771 | AA19: 215 | AB19: 1.7 | AC19: 1.3 | AD19: 785 | AE19: =AE18 -> 16031.258 | AF19: =AD19 -> 785 | AG19: =N19+O19+P19+Q19+R19+S19+T19+W19+AA19+AD19 -> 1461 | AH19: =IF(L19<0,L19*-1,0) -> 0 | AI19: =AG19+AH19 -> 1461 | AJ19: 0 | AK19: 72 | AL19: 44 | AM19: =AM18 -> 12798.137 | AO19: 0 | AP19: =64*(X18*1.9835+Y19*1.9835+AO19*1.9835)/E19 -> 0.93908656
A20: =A19+1 -> 9 | B20: 6924.05 | C20: 381384 | D20: =C20-C19 -> 936 | E20: =C20-152000 -> 229384 | F20: =D20/$D$2 -> 471.89312 | G20: 2030 | H20: 5.7 | I20: =G20+H20 -> 2035.7 | J20: =IF(L20>0,L20,0) -> 47.193118 | K20: =I20+J20 -> 2082.8931 | L20: =F20-(I20-AG20) -> 47.193118 | M20: 284 | N20: =1.8299*1.03 -> 1.884797 | O20: =(34+34)*1.05 -> 71.4 | P20: 0 | Q20: =2.69*1.02 -> 2.7438 | R20: 4.2 | S20: 3.12 | T20: 0 | U20: 165 | V20: 73 | W20: =M20-N20-O20-P20-Q20-R20-S20-T20+U20+V20-AR20 -> 438.6514 | X20: 0 | Y20: =Y19-(AP19/1.9835) -> 1689.5036 | AA20: 230 | AB20: 1.7 | AC20: 1.3 | AD20: 859 | AE20: =AE19 -> 16031.258 | AF20: =AD20 -> 859 | AG20: =N20+O20+P20+Q20+R20+S20+T20+W20+AA20+AD20 -> 1611 | AH20: =IF(L20<0,L20*-1,0) -> 0 | AI20: =AG20+AH20 -> 1611 | AJ20: 0 | AK20: 72 | AL20: 32 | AM20: =AM19 -> 12798.137 | AO20: 0 | AP20: =64*(X19*1.9835+Y20*1.9835+AO20*1.9835)/E20 -> 0.93499261
A21: =A20+1 -> 10 | B21: 6924 | C21: 381160 | D21: =C21-C20 -> -224 | E21: =C21-152000 -> 229160 | F21: =D21/$D$2 -> -112.93169 | G21: 1890 | H21: 4.7 | I21: =G21+H21 -> 1894.7 | J21: =IF(L21>0,L21,0) -> 0 | K21: =I21+J21 -> 1894.7 | L21: =F21-(I21-AG21) -> -31.631686 | M21: 308 | N21: =1.8299*1.03 -> 1.884797 | O21: =(38+41)*1.05 -> 82.95 | P21: 0 | Q21: =2.69*1.02 -> 2.7438 | R21: 4.2 | S21: 2.8 | T21: 0 | U21: 240 | V21: 74 | W21: =M21-N21-O21-P21-Q21-R21-S21-T21+U21+V21-AR21 -> 527.4214 | X21: 0 | Y21: =Y20-(AP20/1.9835) -> 1689.0322 | AA21: 264 | AB21: 1.7 | AC21: 1.3 | AD21: 1090 | AE21: =AE20 -> 16031.258 | AF21: =AD21 -> 1090 | AG21: =N21+O21+P21+Q21+R21+S21+T21+W21+AA21+AD21 -> 1976 | AH21: =IF(L21<0,L21*-1,0) -> 31.631686 | AI21: =AG21+AH21 -> 2007.6317 | AJ21: 0 | AK21: 82 | AL21: 38 | AM21: =AM20 -> 12798.137 | AO21: 0 | AP21: =64*(X20*1.9835+Y21*1.9835+AO21*1.9835)/E21 -> 0.93564543
A22: =A21+1 -> 11 | B22: 6924.06 | C22: 381429 | D22: =C22-C21 -> 269 | E22: =C22-152000 -> 229429 | F22: =D22/$D$2 -> 135.61886 | G22: 2040 | H22: 3.5 | I22: =G22+H22 -> 2043.5 | J22: =IF(L22>0,L22,0) -> 0 | K22: =I22+J22 -> 2043.5 | L22: =F22-(I22-AG22) -> -85.881144 | M22: 269 | N22: =1.8299*1.03 -> 1.884797 | O22: =(25+30)*1.05 -> 57.75 | P22: 0 | Q22: =2.69*1.02 -> 2.7438 | R22: 4.2 | S22: 3.32 | T22: 0 | U22: 242 | V22: 75 | W22: =M22-N22-O22-P22-Q22-R22-S22-T22+U22+V22-AR22 -> 516.1014 | X22: 0 | Y22: =Y21-(AP21/1.9835) -> 1688.5605 | AA22: 249 | AB22: 1.7 | AC22: 1.3 | AD22: 987 | AE22: =AE21 -> 16031.258 | AF22: =AD22 -> 987 | AG22: =N22+O22+P22+Q22+R22+S22+T22+W22+AA22+AD22 -> 1822 | AH22: =IF(L22<0,L22*-1,0) -> 85.881144 | AI22: =AG22+AH22 -> 1907.8811 | AJ22: 0 | AK22: 68 | AL22: 43 | AM22: =AM21 -> 12798.137 | AO22: 0 | AP22: =64*(X21*1.9835+Y22*1.9835+AO22*1.9835)/E22 -> 0.93428741
A23: =A22+1 -> 12 | B23: 6924.15 | C23: 381833 | D23: =C23-C22 -> 404 | E23: =C23-152000 -> 229833 | F23: =D23/$D$2 -> 203.68036 | G23: 1750 | H23: 2.8 | I23: =G23+H23 -> 1752.8 | J23: =IF(L23>0,L23,0) -> 216.88036 | K23: =I23+J23 -> 1969.6804 | L23: =F23-(I23-AG23) -> 216.88036 | M23: 271 | N23: =1.8299*1.03 -> 1.884797 | O23: =(31+32)*1.05 -> 66.15 | P23: 0 | Q23: =2.69*1.02 -> 2.7438 | R23: 4.2 | S23: 1.57 | T23: 0 | U23: 237 | V23: 74 | W23: =M23-N23-O23-P23-Q23-R23-S23-T23+U23+V23-AR23 -> 505.4514 | X23: 0 | Y23: =Y22-(AP22/1.9835) -> 1688.0895 | AA23: 249 | AB23: 1.7 | AC23: 1.3 | AD23: 935 | AE23: =AE22 -> 16031.258 | AF23: =AD23 -> 935 | AG23: =N23+O23+P23+Q23+R23+S23+T23+W23+AA23+AD23 -> 1766 | AH23: =IF(L23<0,L23*-1,0) -> 0 | AI23: =AG23+AH23 -> 1766 | AJ23: 0 | AK23: 71 | AL23: 39 | AM23: =AM22 -> 12798.137 | AO23: 0 | AP23: =64*(X22*1.9835+Y23*1.9835+AO23*1.9835)/E23 -> 0.93238495
A24: =A23+1 -> 13 | B24: 6924.16 | C24: 381878 | D24: =C24-C23 -> 45 | E24: =C24-152000 -> 229878 | F24: =D24/$D$2 -> 22.687169 | G24: 1550 | H24: 2.7 | I24: =G24+H24 -> 1552.7 | J24: =IF(L24>0,L24,0) -> 68.987169 | K24: =I24+J24 -> 1621.6872 | L24: =F24-(I24-AG24) -> 68.987169 | M24: 259 | N24: =1.8299*1.03 -> 1.884797 | O24: =(29+32)*1.05 -> 64.05 | P24: 0 | Q24: =2.69*1.02 -> 2.7438 | R24: 4.2 | S24: 3.38 | T24: 0 | U24: 235 | V24: 72 | W24: =M24-N24-O24-P24-Q24-R24-S24-T24+U24+V24-AR24 -> 489.7414 | X24: 0 | Y24: =Y23-(AP23/1.9835) -> 1687.6194 | AA24: 251 | AB24: 1.7 | AC24: 1.3 | AD24: 782 | AE24: =AE23 -> 16031.258 | AF24: =AD24 -> 782 | AG24: =N24+O24+P24+Q24+R24+S24+T24+W24+AA24+AD24 -> 1599 | AH24: =IF(L24<0,L24*-1,0) -> 0 | AI24: =AG24+AH24 -> 1599 | AJ24: 0 | AK24: 78 | AL24: 36 | AM24: =AM23 -> 12798.137 | AO24: 0 | AP24: =64*(X23*1.9835+Y24*1.9835+AO24*1.9835)/E24 -> 0.93194285
A25: =A24+1 -> 14 | B25: 6924.22 | C25: 382147 | D25: =C25-C24 -> 269 | E25: =C25-152000 -> 230147 | F25: =D25/$D$2 -> 135.61886 | G25: 1560 | H25: 2.7 | I25: =G25+H25 -> 1562.7 | J25: =IF(L25>0,L25,0) -> 48.918856 | K25: =I25+J25 -> 1611.6189 | L25: =F25-(I25-AG25) -> 48.918856 | M25: 261 | N25: =1.8299*1.03 -> 1.884797 | O25: =(27+30)*1.05 -> 59.85 | P25: 0 | Q25: =2.69*1.02 -> 2.7438 | R25: 4.2 | S25: 3.36 | T25: 0 | U25: 234 | V25: 72 | W25: =M25-N25-O25-P25-Q25-R25-S25-T25+U25+V25-AR25 -> 494.9614 | X25: 0 | Y25: =Y24-(AP24/1.9835) -> 1687.1496 | AA25: 264 | AB25: 1.7 | AC25: 1.3 | AD25: 645 | AE25: =AE24 -> 16031.258 | AF25: =AD25 -> 645 | AG25: =N25+O25+P25+Q25+R25+S25+T25+W25+AA25+AD25 -> 1476 | AH25: =IF(L25<0,L25*-1,0) -> 0 | AI25: =AG25+AH25 -> 1476 | AJ25: 0 | AK25: 82 | AL25: 39 | AM25: =AM24 -> 12798.137 | AO25: 0 | AP25: =64*(X24*1.9835+Y25*1.9835+AO25*1.9835)/E25 -> 0.93059442
A26: =A25+1 -> 15 | B26: 6924.31 | C26: 382551 | D26: =C26-C25 -> 404 | E26: =C26-152000 -> 230551 | F26: =D26/$D$2 -> 203.68036 | G26: 1630 | H26: 3.2 | I26: =G26+H26 -> 1633.2 | J26: =IF(L26>0,L26,0) -> 100.48036 | K26: =I26+J26 -> 1733.6804 | L26: =F26-(I26-AG26) -> 100.48036 | M26: 257 | N26: =1.8299*1.03 -> 1.884797 | O26: =(25+27)*1.05 -> 54.6 | P26: 0 | Q26: =2.69*1.02 -> 2.7438 | R26: 4.2 | S26: 3.09 | T26: 0 | U26: 237 | V26: 74 | W26: =M26-N26-O26-P26-Q26-R26-S26-T26+U26+V26-AR26 -> 501.4814 | X26: 0 | Y26: =Y25-(AP25/1.9835) -> 1686.6804 | AA26: 187 | AB26: 1.7 | AC26: 1.3 | AD26: 775 | AE26: =AE25 -> 16031.258 | AF26: =AD26 -> 775 | AG26: =N26+O26+P26+Q26+R26+S26+T26+W26+AA26+AD26 -> 1530 | AH26: =IF(L26<0,L26*-1,0) -> 0 | AI26: =AG26+AH26 -> 1530 | AJ26: 0 | AK26: 84 | AL26: 40 | AM26: =AM25 -> 12798.137 | AO26: 0 | AP26: =64*(X25*1.9835+Y26*1.9835+AO26*1.9835)/E26 -> 0.92870539
A27: =A26+1 -> 16 | B27: 6924.28 | C27: 382416 | D27: =C27-C26 -> -135 | E27: =C27-152000 -> 230416 | F27: =D27/$D$2 -> -68.061507 | G27: 1800 | H27: 3.5 | I27: =G27+H27 -> 1803.5 | J27: =IF(L27>0,L27,0) -> 0 | K27: =I27+J27 -> 1803.5 | L27: =F27-(I27-AG27) -> -58.561507 | M27: 288 | N27: =1.8299*1.03 -> 1.884797 | O27: =(40+40)*1.05 -> 84 | P27: 0 | Q27: =2.69*1.02 -> 2.7438 | R27: 4.2 | S27: 4.33 | T27: 0 | U27: 236 | V27: 73 | W27: =M27-N27-O27-P27-Q27-R27-S27-T27+U27+V27-AR27 -> 499.8414 | X27: 0 | Y27: =Y26-(AP26/1.9835) -> 1686.2122 | AA27: 221 | AB27: 1.7 | AC27: 1.3 | AD27: 995 | AE27: =AE26 -> 16031.258 | AF27: =AD27 -> 995 | AG27: =N27+O27+P27+Q27+R27+S27+T27+W27+AA27+AD27 -> 1813 | AH27: =IF(L27<0,L27*-1,0) -> 58.561507 | AI27: =AG27+AH27 -> 1871.5615 | AJ27: 0 | AK27: 88 | AL27: 50 | AM27: =AM26 -> 12798.137 | AO27: 0 | AP27: =64*(X26*1.9835+Y27*1.9835+AO27*1.9835)/E27 -> 0.92899156
A28: =A27+1 -> 17 | B28: 6924.23 | C28: 382192 | D28: =C28-C27 -> -224 | E28: =C28-152000 -> 230192 | F28: =D28/$D$2 -> -112.93169 | G28: 1900 | H28: 1.8 | I28: =G28+H28 -> 1901.8 | J28: =IF(L28>0,L28,0) -> 53.268314 | K28: =I28+J28 -> 1955.0683 | L28: =F28-(I28-AG28) -> 53.268314 | M28: 303 | N28: =1.8299*1.03 -> 1.884797 | O28: =(45+49)*1.05 -> 98.7 | P28: 0 | Q28: =2.69*1.02 -> 2.7438 | R28: 4.2 | S28: 4.15 | T28: 0 | U28: 278 | V28: 73 | W28: =M28-N28-O28-P28-Q28-R28-S28-T28+U28+V28-AR28 -> 542.3214 | X28: 0 | Y28: =Y27-(AP27/1.9835) -> 1685.7438 | AA28: 204 | AB28: 1.7 | AC28: 1.3 | AD28: 1210 | AE28: =AE27 -> 16031.258 | AF28: =AD28 -> 1210 | AG28: =N28+O28+P28+Q28+R28+S28+T28+W28+AA28+AD28 -> 2068 | AH28: =IF(L28<0,L28*-1,0) -> 0 | AI28: =AG28+AH28 -> 2068 | AJ28: 0 | AK28: 87 | AL28: 50 | AM28: =AM27 -> 12798.137 | AO28: 0 | AP28: =64*(X27*1.9835+Y28*1.9835+AO28*1.9835)/E28 -> 0.92963727
A29: =A28+1 -> 18 | B29: 6924.21 | C29: 382102 | D29: =C29-C28 -> -90 | E29: =C29-152000 -> 230102 | F29: =D29/$D$2 -> -45.374338 | G29: 1890 | H29: 1.3 | I29: =G29+H29 -> 1891.3 | J29: =IF(L29>0,L29,0) -> 33.325662 | K29: =I29+J29 -> 1924.6257 | L29: =F29-(I29-AG29) -> 33.325662 | M29: 314 | N29: =1.8299*1.03 -> 1.884797 | O29: =(49+51)*1.05 -> 105 | P29: 0 | Q29: =2.69*1.02 -> 2.7438 | R29: 4.2 | S29: 4.1 | T29: 0 | U29: 309 | V29: 73 | W29: =M29-N29-O29-P29-Q29-R29-S29-T29+U29+V29-AR29 -> 578.0714 | X29: 0 | Y29: =Y28-(AP28/1.9835) -> 1685.2751 | AA29: 204 | AB29: 1.7 | AC29: 1.3 | AD29: 1070 | AE29: =AE28 -> 16031.258 | AF29: =AD29 -> 1070 | AG29: =N29+O29+P29+Q29+R29+S29+T29+W29+AA29+AD29 -> 1970 | AH29: =IF(L29<0,L29*-1,0) -> 0 | AI29: =AG29+AH29 -> 1970 | AJ29: 0 | AK29: 86 | AL29: 48 | AM29: =AM28 -> 12798.137 | AO29: 0 | AP29: =64*(X28*1.9835+Y29*1.9835+AO29*1.9835)/E29 -> 0.92974232
A30: =A29+1 -> 19 | B30: 6924.25 | C30: 382281 | D30: =C30-C29 -> 179 | E30: =C30-152000 -> 230281 | F30: =D30/$D$2 -> 90.244517 | G30: 1770 | H30: 1 | I30: =G30+H30 -> 1771 | J30: =IF(L30>0,L30,0) -> 35.244517 | K30: =I30+J30 -> 1806.2445 | L30: =F30-(I30-AG30) -> 35.244517 | M30: 338 | N30: =1.8299*1.03 -> 1.884797 | O30: =(56+58)*1.05 -> 119.7 | P30: 0 | Q30: =2.69*1.02 -> 2.7438 | R30: 4.2 | S30: 4.36 | T30: 0 | U30: 288 | V30: 73 | W30: =M30-N30-O30-P30-Q30-R30-S30-T30+U30+V30-AR30 -> 566.1114 | X30: 0 | Y30: =Y29-(AP29/1.9835) -> 1684.8064 | AA30: 192 | AB30: 1.7 | AC30: 1.3 | AD30: 825 | AE30: =AE29 -> 16031.258 | AF30: =AD30 -> 825 | AG30: =N30+O30+P30+Q30+R30+S30+T30+W30+AA30+AD30 -> 1716 | AH30: =IF(L30<0,L30*-1,0) -> 0 | AI30: =AG30+AH30 -> 1716 | AJ30: 0 | AK30: 84 | AL30: 51 | AM30: =AM29 -> 12798.137 | AO30: 0 | AP30: =64*(X29*1.9835+Y30*1.9835+AO30*1.9835)/E30 -> 0.92876122
A31: =A30+1 -> 20 | B31: 6924.3 | C31: 382506 | D31: =C31-C30 -> 225 | E31: =C31-152000 -> 230506 | F31: =D31/$D$2 -> 113.43585 | G31: 1570 | H31: 0.75 | I31: =G31+H31 -> 1570.75 | J31: =IF(L31>0,L31,0) -> 61.685846 | K31: =I31+J31 -> 1632.4358 | L31: =F31-(I31-AG31) -> 61.685846 | M31: 336 | N31: =1.8299*1.03 -> 1.884797 | O31: =(55+56)*1.05 -> 116.55 | P31: 0 | Q31: =2.69*1.02 -> 2.7438 | R31: 4.2 | S31: 4.69 | T31: 0 | U31: 263 | V31: 72 | W31: =M31-N31-O31-P31-Q31-R31-S31-T31+U31+V31-AR31 -> 540.9314 | X31: 0 | Y31: =Y30-(AP30/1.9835) -> 1684.3381 | AA31: 204 | AB31: 1.7 | AC31: 1.3 | AD31: 644 | AE31: =AE30 -> 16031.258 | AF31: =AD31 -> 644 | AG31: =N31+O31+P31+Q31+R31+S31+T31+W31+AA31+AD31 -> 1519 | AH31: =IF(L31<0,L31*-1,0) -> 0 | AI31: =AG31+AH31 -> 1519 | AJ31: 0 | AK31: 84 | AL31: 49 | AM31: =AM30 -> 12798.137 | AO31: 0 | AP31: =64*(X30*1.9835+Y31*1.9835+AO31*1.9835)/E31 -> 0.92759677
A32: =A31+1 -> 21 | B32: 6924.3 | C32: 382506 | D32: =C32-C31 -> 0 | E32: =C32-152000 -> 230506 | F32: =D32/$D$2 -> 0 | G32: 1370 | H32: 0.67 | I32: =G32+H32 -> 1370.67 | J32: =IF(L32>0,L32,0) -> 102.33 | K32: =I32+J32 -> 1473 | L32: =F32-(I32-AG32) -> 102.33 | M32: 341 | N32: =1.8299*1.03 -> 1.884797 | O32: =(59+56)*1.05 -> 120.75 | P32: 0 | Q32: =2.69*1.02 -> 2.7438 | R32: 4.2 | S32: 4.55 | T32: 0 | U32: 166 | V32: 74 | W32: =M32-N32-O32-P32-Q32-R32-S32-T32+U32+V32-AR32 -> 446.8714 | X32: 0 | Y32: =Y31-(AP31/1.9835) -> 1683.8705 | AA32: 186 | AB32: 1.7 | AC32: 1.3 | AD32: 706 | AE32: =AE31 -> 16031.258 | AF32: =AD32 -> 706 | AG32: =N32+O32+P32+Q32+R32+S32+T32+W32+AA32+AD32 -> 1473 | AH32: =IF(L32<0,L32*-1,0) -> 0 | AI32: =AG32+AH32 -> 1473 | AJ32: 0 | AK32: 85 | AL32: 52 | AM32: =AM31 -> 12798.137 | AO32: 0 | AP32: =64*(X31*1.9835+Y32*1.9835+AO32*1.9835)/E32 -> 0.92733923
A33: =A32+1 -> 22 | B33: 6924.28 | C33: 382416 | D33: =C33-C32 -> -90 | E33: =C33-152000 -> 230416 | F33: =D33/$D$2 -> -45.374338 | G33: 1250 | H33: 3.3 | I33: =G33+H33 -> 1253.3 | J33: =IF(L33>0,L33,0) -> 77.325662 | K33: =I33+J33 -> 1330.6257 | L33: =F33-(I33-AG33) -> 77.325662 | M33: 342 | N33: =1.8299*1.03 -> 1.884797 | O33: =(56+55)*1.05 -> 116.55 | P33: 0 | Q33: =2.69*1.02 -> 2.7438 | R33: 4.2 | S33: 4.15 | T33: 0 | U33: 112 | V33: 75 | W33: =M33-N33-O33-P33-Q33-R33-S33-T33+U33+V33-AR33 -> 399.4714 | X33: 0 | Y33: =Y32-(AP32/1.9835) -> 1683.403 | AA33: 155 | AB33: 1.7 | AC33: 1.3 | AD33: 692 | AE33: =AE32 -> 16031.258 | AF33: =AD33 -> 692 | AG33: =N33+O33+P33+Q33+R33+S33+T33+W33+AA33+AD33 -> 1376 | AH33: =IF(L33<0,L33*-1,0) -> 0 | AI33: =AG33+AH33 -> 1376 | AJ33: 0 | AK33: 86 | AL33: 53 | AM33: =AM32 -> 12798.137 | AO33: 0 | AP33: =64*(X32*1.9835+Y33*1.9835+AO33*1.9835)/E33 -> 0.92744387
A34: =A33+1 -> 23 | B34: 6924.26 | C34: 382326 | D34: =C34-C33 -> -90 | E34: =C34-152000 -> 230326 | F34: =D34/$D$2 -> -45.374338 | G34: 1190 | H34: 3.4 | I34: =G34+H34 -> 1193.4 | J34: =IF(L34>0,L34,0) -> 33.225662 | K34: =I34+J34 -> 1226.6257 | L34: =F34-(I34-AG34) -> 33.225662 | M34: 355 | N34: =1.8299*1.03 -> 1.884797 | O34: =(54+56)*1.05 -> 115.5 | P34: 0 | Q34: =2.69*1.02 -> 2.7438 | R34: 4.2 | S34: 5.42 | T34: 0 | U34: 131 | V34: 74 | W34: =M34-N34-O34-P34-Q34-R34-S34-T34+U34+V34-AR34 -> 430.2514 | X34: 0 | Y34: =Y33-(AP33/1.9835) -> 1682.9354 | AA34: 165 | AB34: 1.7 | AC34: 1.3 | AD34: 547 | AE34: =AE33 -> 16031.258 | AF34: =AD34 -> 547 | AG34: =N34+O34+P34+Q34+R34+S34+T34+W34+AA34+AD34 -> 1272 | AH34: =IF(L34<0,L34*-1,0) -> 0 | AI34: =AG34+AH34 -> 1272 | AJ34: 0 | AK34: 86 | AL34: 54 | AM34: =AM33 -> 12798.137 | AO34: 0 | AP34: =64*(X33*1.9835+Y34*1.9835+AO34*1.9835)/E34 -> 0.92754856
A35: =A34+1 -> 24 | B35: 6924.25 | C35: 382281 | D35: =C35-C34 -> -45 | E35: =C35-152000 -> 230281 | F35: =D35/$D$2 -> -22.687169 | G35: 1050 | H35: 1.5 | I35: =G35+H35 -> 1051.5 | J35: =IF(L35>0,L35,0) -> 9.8128309 | K35: =I35+J35 -> 1061.3128 | L35: =F35-(I35-AG35) -> 9.8128309 | M35: 352 | N35: =1.8299*1.03 -> 1.884797 | O35: =(52+54)*1.05 -> 111.3 | P35: 0 | Q35: =2.69*1.02 -> 2.7438 | R35: 4.2 | S35: 5.77 | T35: 0 | U35: 164 | V35: 74 | W35: =M35-N35-O35-P35-Q35-R35-S35-T35+U35+V35-AR35 -> 464.1014 | X35: 0 | Y35: =Y34-(AP34/1.9835) -> 1682.4678 | AA35: 171 | AB35: 1.7 | AC35: 1.3 | AD35: 323 | AE35: =AE34 -> 16031.258 | AF35: =AD35 -> 323 | AG35: =N35+O35+P35+Q35+R35+S35+T35+W35+AA35+AD35 -> 1084 | AH35: =IF(L35<0,L35*-1,0) -> 0 | AI35: =AG35+AH35 -> 1084 | AJ35: 0 | AK35: 86 | AL35: 52 | AM35: =AM34 -> 12798.137 | AO35: 0 | AP35: =64*(X34*1.9835+Y35*1.9835+AO35*1.9835)/E35 -> 0.92747203
A36: =A35+1 -> 25 | B36: 6924.21 | C36: 382102 | D36: =C36-C35 -> -179 | E36: =C36-152000 -> 230102 | F36: =D36/$D$2 -> -90.244517 | G36: 933 | H36: 0.62 | I36: =G36+H36 -> 933.62 | J36: =IF(L36>0,L36,0) -> 0 | K36: =I36+J36 -> 933.62 | L36: =F36-(I36-AG36) -> -67.864517 | M36: 349 | N36: =1.8299*1.03 -> 1.884797 | O36: =(52+53)*1.05 -> 110.25 | P36: 0 | Q36: =2.69*1.02 -> 2.7438 | R36: 4.2 | S36: 5.8 | T36: 0 | U36: 219 | V36: 75 | W36: =M36-N36-O36-P36-Q36-R36-S36-T36+U36+V36-AR36 -> 518.1214 | X36: =X35+AO36 -> 276.8786 | Y36: =Y35-(AP35/1.9835) -> 1682.0002 | AA36: 180 | AB36: 1.7 | AC36: 1.3 | AD36: 133 | AE36: =AE35-AD36 -> 15898.258 | AF36: 0 | AG36: =N36+O36+P36+Q36+R36+S36+T36+W36+AA36+AD36 -> 956 | AH36: =IF(L36<0,L36*-1,0) -> 67.864517 | AI36: =AG36+AH36 -> 1023.8645 | AJ36: 0 | AK36: 86 | AL36: 48 | AM36: =AM35+(82*1.9835) -> 12960.784 | AO36: =795-W36 -> 276.8786 | AP36: =64*(X35*1.9835+Y36*1.9835+AO36*1.9835)/E36 -> 1.0806855
