Workbook

Sheet NOV
K1: MCPHEE RESERVOIR INFLOW/OUTFLOW TABULATION
A2: AF/cfs CONVERT FACTOR | D2: 1.9835 | L2: NOVEMBER "2010"
D4: RESERVOIR | I4: INFLOW | X4: OUTFLOW | AP4: ADJUSTMENTS | AW4: WEATHER
A5: DATE | B5: RESERV | C5: RESERV | D5: AC FT | E5: ACTIVE | F5: CONV TO | G5: DOLORES | H5: LOST | I5: RECORD | J5: CALC | K5: TOTAL | L5: CALC | M5: DOLORES TUNNEL | V5: LONE | W5: U | X5: TOTAL | Y5: TOTAL | Z5: MVI | AA5: MVI | AB5: MVI | AC5: TO EX & | AD5: MVI | AE5: DV CR | AF5: D/S SENIOR | AH5: BELOW | AI5: FISH | AJ5: SPILL | AK5: RECORD | AL5: CALC | AM5: TOTAL | AN5: NAR | AO5: MVI | AP5: MVI | AQ5: MVI | AR5: DIST. | AS5: U/S | AT5: TOTTEN | AU5: UTES | AV5: RAIN | AW5: MAX | AX5: MIN | AZ5: TOTAL
A6: NOV | B6: ELEV | D6: CHANGE | E6: CAP | F6: CFS | G6: RIVER | H6: CAN | I6: INFLOW | J6: INFLOW | K6: INFLOW | L6: INF/OTF | M6: TOT DIV | N6: WET | O6: UTE | P6: QUEST | Q6: MWC | R6: CORTEZ | T6: UTE | U6: F-BAY | V6: PINE | W6: LAT | X6: MVI | Y6: MVI | Z6: CALL | AA6: CALL | AB6: APR- | AC6: U/S EX | AD6: PROJ | AE6: CANAL | AF6: MVIC | AG6: PROJ | AH6: MCP | AI6: LEFT | AK6: OTF | AL6: OTF | AM6: OTF | AN6: FILL | AO6: STOCK | AP6: STORED | AQ6: STORED | AR6: CLASS | AS6: USERS | AT6: (FRESH | AU6: FROM | AW6: TMP | AX6: TMP | AZ6: TUNNEL
N7: LAND | O7: F&R | Q7: NON - | R7: NON - | S7: PROJ | T7: PROJ | U7: BAL | X7: WATER | Y7: IRRIG. | Z7: STOR | AA7: SPILLED | AB7: JUNE | AF7: 1.7 | AG7: 1.3 | AI7: 31798 | AP7: Apr - Jun | AQ7: EVAP | AR7: "B" | AS7: EXCH | AT7: WATER) | AU7: DWCD | AZ7: Misc.
Q8: PROJ | R8: PROJ | X8: USED | Y8: WATER | AA8: OR | AB8: (DIV+
R9: 4.2 | Y9: USED | AA9: USED | AB9: CALL)
C10: AC. Ft. | E10: AC FT | G10: CFS | H10: CFS | I10: CFS | J10: CFS | K10: CFS | L10: CFS | M10: CFS | N10: CFS | O10: CFS | P10: CFS | Q10: CFS | R10: CFS | S10: CFS | T10: CFS | U10: CFS | V10: CFS | W10: CFS | X10: 153400 | Y10: 150400 | AB10: 72000 | AC10: CFS | AD10: CFS | AE10: CFS | AF10: CFS | AG10: CFS | AH10: CFS | AI10: CFS | AJ10: CFS | AK10: CFS | AL10: CFS | AM10: CFS | AN10: CFS | AO10: CFS | AP10: CFS | AQ10: AC.FT. | AR10: CFS | AS10: CFS | AT10: CFS | AU10: CFS | AZ10: Outflow
N11: 1.03 | O11: 1.05 | P11: 1.02 | Q11: 1.02 | R11: 1.04 | T11: 1.04 | X11: CFS | Y11: CFS | Z11: CFS | AA11: CFS | AB11: Ac. Ft. | AZ11: CFS
A12: SEASON BAL
A13: YTD | B13: 6898.31 | C13: 277391 | AI13: 5264 | AO13: 0
A15: 1 | B15: 6898.32 | C15: 277427 | D15: =C15-C13 -> 36 | E15: =C15-152000 -> 125427 | F15: =D15/$D$2 -> 18.149735 | G15: 85 | H15: 0.62 | I15: =G15+H15 -> 85.62 | J15: =IF(L15>0,L15,0) -> 0 | K15: =I15+J15 -> 85.62 | L15: =F15-(I15-AK15) -> -26.370265 | M15: 6.1 | N15: 0 | O15: 0 | P15: 0 | Q15: =1107300/325851/1.9835*1.02 -> 1.747488 | R15: =(1396020/325851/1.9835-T15)*1.04 -> 1.4878047 | S15: 0 | T15: =0.7013*1.04 -> 0.729352 | U15: =M15-(Q15+R15+S15+T15) -> 2.1353552 | V15: 0 | W15: 0 | X15: =M15-N15-P15-O15-Q15-R15-S15-T15-U15+V15+W15 -> 0 | Y15: =X15-AO15 -> 0 | AC15: 82.4 | AE15: 0 | AH15: 35 | AI15: =AI13-AH15 -> 5229 | AK15: =N15+O15+P15+Q15+R15+S15+T15+U15+X15+AE15+AH15 -> 41.1 | AL15: =IF(L15<0,L15*-1,0) -> 26.370265 | AM15: =AK15+AL15 -> 67.470265 | AV15: 0 | AW15: 56 | AX15: 32 | AZ15: =SUM(N15,P15:U15) -> 6.1
A16: =A15+1 -> 2 | B16: 6898.33 | C16: 277464 | D16: =C16-C15 -> 37 | E16: =C16-152000 -> 125464 | F16: =D16/$D$2 -> 18.653895 | G16: 79 | H16: 0.53 | I16: =G16+H16 -> 79.53 | J16: =IF(L16>0,L16,0) -> 0 | K16: =I16+J16 -> 79.53 | L16: =F16-(I16-AK16) -> -27.076105 | M16: 4.8 | N16: 0 | O16: 0 | P16: 0 | Q16: =1055000/325851/1.9835*1.02 -> 1.6649507 | R16: =(1442953/325851/1.9835-T16)*1.04 -> 1.5633245 | S16: 0 | T16: =0.7013*1.04 -> 0.729352 | U16: =M16-(Q16+R16+S16+T16) -> 0.84237287 | V16: 0 | W16: 0 | X16: =M16-N16-P16-O16-Q16-R16-S16-T16-U16+V16+W16 -> 0 | Y16: =X16-AO16 -> 0 | AC16: 76.3 | AE16: 0 | AH16: 29 | AI16: =AI15-AH16 -> 5200 | AK16: =N16+O16+P16+Q16+R16+S16+T16+U16+X16+AE16+AH16 -> 33.8 | AL16: =IF(L16<0,L16*-1,0) -> 27.076105 | AM16: =AK16+AL16 -> 60.876105 | AU16: =(4.2)*1.05 -> 4.41 | AV16: 0 | AW16: 66 | AX16: 33 | AZ16: =SUM(N16,P16:U16) -> 4.8
A17: =A16+1 -> 3 | B17: 6898.35 | C17: 277537 | D17: =C17-C16 -> 73 | E17: =C17-152000 -> 125537 | F17: =D17/$D$2 -> 36.80363 | G17: 76 | H17: 0.62 | I17: =G17+H17 -> 76.62 | J17: =IF(L17>0,L17,0) -> 0 | K17: =I17+J17 -> 76.62 | L17: =F17-(I17-AK17) -> -5.8163701 | M17: 5 | N17: 0 | O17: 0 | P17: 0 | Q17: =1042200/325851/1.9835*1.02 -> 1.6447503 | R17: =(1417984/325851/1.9835-T17)*1.04 -> 1.5231469 | S17: 0 | T17: =0.7013*1.04 -> 0.729352 | U17: =M17-(Q17+R17+S17+T17) -> 1.1027507 | V17: 0 | W17: 0 | X17: =M17-N17-P17-O17-Q17-R17-S17-T17-U17+V17+W17 -> 0 | Y17: =X17-AO17 -> 0 | AC17: 73.4 | AE17: 0 | AH17: 29 | AI17: =AI16-AH17 -> 5171 | AK17: =N17+O17+P17+Q17+R17+S17+T17+U17+X17+AE17+AH17 -> 34 | AL17: =IF(L17<0,L17*-1,0) -> 5.8163701 | AM17: =AK17+AL17 -> 39.81637 | AU17: =9.7*1.05 -> 10.185 | AV17: 0 | AW17: 67 | AX17: 40 | AZ17: =SUM(N17,P17:U17) -> 5
A18: =A17+1 -> 4 | B18: 6898.37 | C18: 277610 | D18: =C18-C17 -> 73 | E18: =C18-152000 -> 125610 | F18: =D18/$D$2 -> 36.80363 | G18: 82 | H18: 1 | I18: =G18+H18 -> 83 | J18: =IF(L18>0,L18,0) -> 0 | K18: =I18+J18 -> 83 | L18: =F18-(I18-AK18) -> -10.29637 | M18: 3.9 | N18: 0 | O18: 0 | P18: 0 | Q18: =1210500/325851/1.9835*1.02 -> 1.9103533 | R18: =(1401636/325851/1.9835-T18)*1.04 -> 1.4968414 | S18: 0 | T18: =0.7013*1.04 -> 0.729352 | U18: =M18-(Q18+R18+S18+T18) -> -0.23654677 | V18: 0 | W18: 0 | X18: =M18-N18-P18-O18-Q18-R18-S18-T18-U18+V18+W18 -> 0 | Y18: =X18-AO18 -> 0 | AC18: 79.6 | AE18: 0 | AH18: 32 | AI18: =AI17-AH18 -> 5139 | AK18: =N18+O18+P18+Q18+R18+S18+T18+U18+X18+AE18+AH18 -> 35.9 | AL18: =IF(L18<0,L18*-1,0) -> 10.29637 | AM18: =AK18+AL18 -> 46.19637 | AU18: =9.8*1.05 -> 10.29 | AV18: 0 | AW18: 63 | AX18: 36 | AZ18: =SUM(N18,P18:U18) -> 3.9
A19: =A18+1 -> 5 | B19: 6898.4 | C19: 277719 | D19: =C19-C18 -> 109 | E19: =C19-152000 -> 125719 | F19: =D19/$D$2 -> 54.953365 | G19: 83 | H19: 1.4 | I19: =G19+H19 -> 84.4 | J19: =IF(L19>0,L19,0) -> 8.5533653 | K19: =I19+J19 -> 92.953365 | L19: =F19-(I19-AK19) -> 8.5533653 | M19: 4 | N19: 0 | O19: 0 | P19: 0 | Q19: =995700/325851/1.9835*1.02 -> 1.5713662 | R19: =(1482628/325851/1.9835-T19)*1.04 -> 1.6232716 | S19: 0 | T19: =0.7049*1.04 -> 0.733096 | U19: =M19-(Q19+R19+S19+T19) -> 0.072266159 | V19: 0 | W19: 0 | X19: =M19-N19-P19-O19-Q19-R19-S19-T19-U19+V19+W19 -> -6.6613381e-16 | Y19: =X19-AO19 -> -6.6613381e-16 | AC19: 81.2 | AE19: 0 | AH19: 34 | AI19: =AI18-AH19 -> 5105 | AK19: =N19+O19+P19+Q19+R19+S19+T19+U19+X19+AE19+AH19 -> 38 | AL19: =IF(L19<0,L19*-1,0) -> 0 | AM19: =AK19+AL19 -> 38 | AU19: =4.2*1.05 -> 4.41 | AV19: 0 | AW19: 61 | AX19: 36 | AZ19: =SUM(N19,P19:U19) -> 4
A20: =A19+1 -> 6 | B20: 6898.42 | C20: 277792 | D20: =C20-C19 -> 73 | E20: =C20-152000 -> 125792 | F20: =D20/$D$2 -> 36.80363 | G20: 82 | H20: 1.6 | I20: =G20+H20 -> 83.6 | J20: =IF(L20>0,L20,0) -> 0 | K20: =I20+J20 -> 83.6 | L20: =F20-(I20-AK20) -> -8.6963701 | M20: 4.1 | N20: 0 | O20: 0 | P20: 0 | Q20: =1124800/325851/1.9835*1.02 -> 1.7751057 | R20: =(1595253/325851/1.9835-T20)*1.04 -> 1.8044961 | S20: 0 | T20: =0.7049*1.04 -> 0.733096 | U20: =M20-(Q20+R20+S20+T20) -> -0.21269779 | V20: 0 | W20: 0 | X20: =M20-N20-P20-O20-Q20-R20-S20-T20-U20+V20+W20 -> 0 | Y20: =X20-AO20 -> 0 | AC20: 80 | AE20: 0 | AH20: 34 | AI20: =AI19-AH20 -> 5071 | AK20: =N20+O20+P20+Q20+R20+S20+T20+U20+X20+AE20+AH20 -> 38.1 | AL20: =IF(L20<0,L20*-1,0) -> 8.6963701 | AM20: =AK20+AL20 -> 46.79637 | AU20: =2.2*1.05 -> 2.31 | AV20: 0 | AW20: 67 | AX20: 37 | AZ20: =SUM(N20,P20:U20) -> 4.1
A21: =A20+1 -> 7 | B21: 6898.44 | C21: 277865 | D21: =C21-C20 -> 73 | E21: =C21-152000 -> 125865 | F21: =D21/$D$2 -> 36.80363 | G21: 82 | H21: 1.8 | I21: =G21+H21 -> 83.8 | J21: =IF(L21>0,L21,0) -> 0 | K21: =I21+J21 -> 83.8 | L21: =F21-(I21-AK21) -> -9.5963701 | M21: 3.4 | N21: 0 | O21: 0 | P21: 0 | Q21: =1195100/325851/1.9835*1.02 -> 1.8860498 | R21: =(1473905/325851/1.9835-T21)*1.04 -> 1.6092355 | S21: 0 | T21: =0.7049*1.04 -> 0.733096 | U21: =M21-(Q21+R21+S21+T21) -> -0.82838126 | V21: 0 | W21: 0 | X21: =M21-N21-P21-O21-Q21-R21-S21-T21-U21+V21+W21 -> 0 | Y21: =X21-AO21 -> 0 | AC21: 80.3 | AE21: 0 | AH21: 34 | AI21: =AI20-AH21 -> 5037 | AK21: =N21+O21+P21+Q21+R21+S21+T21+U21+X21+AE21+AH21 -> 37.4 | AL21: =IF(L21<0,L21*-1,0) -> 9.5963701 | AM21: =AK21+AL21 -> 46.99637 | AV21: 0 | AW21: 58 | AX21: 38 | AZ21: =SUM(N21,P21:U21) -> 3.4
A22: =A21+1 -> 8 | B22: 6898.46 | C22: 277938 | D22: =C22-C21 -> 73 | E22: =C22-152000 -> 125938 | F22: =D22/$D$2 -> 36.80363 | G22: 81 | H22: 2.1 | I22: =G22+H22 -> 83.1 | J22: =IF(L22>0,L22,0) -> 25.40363 | K22: =I22+J22 -> 108.50363 | L22: =F22-(I22-AK22) -> 25.40363 | M22: 3.7 | N22: 0 | O22: 0 | P22: 0 | Q22: =1135100/325851/1.9835*1.02 -> 1.7913607 | R22: =(1517727/325851/1.9835-T22)*1.04 -> 1.6797493 | S22: 0 | T22: =0.7049*1.04 -> 0.733096 | U22: =M22-(Q22+R22+S22+T22) -> -0.50420595 | V22: 34 | W22: 0 | X22: =M22-N22-P22-O22-Q22-R22-S22-T22-U22+V22+W22 -> 34 | Y22: =X22-AO22 -> 34 | AC22: 45.2 | AE22: 0 | AH22: 34 | AI22: =AI21-AH22 -> 5003 | AK22: =N22+O22+P22+Q22+R22+S22+T22+U22+X22+AE22+AH22 -> 71.7 | AL22: =IF(L22<0,L22*-1,0) -> 0 | AM22: =AK22+AL22 -> 71.7 | AN22: =V22 -> 34 | AV22: 0 | AW22: 56 | AX22: 32 | AZ22: =SUM(N22,P22:U22) -> 3.7
A23: =A22+1 -> 9 | B23: 6898.45 | C23: 277901 | D23: =C23-C22 -> -37 | E23: =C23-152000 -> 125901 | F23: =D23/$D$2 -> -18.653895 | G23: 85 | H23: 2.3 | I23: =G23+H23 -> 87.3 | J23: =IF(L23>0,L23,0) -> 0 | K23: =I23+J23 -> 87.3 | L23: =F23-(I23-AK23) -> -17.153895 | M23: 3.8 | N23: 0 | O23: 0 | P23: 0 | Q23: =968000/325851/1.9835*1.02 -> 1.5276514 | R23: =(1437436/325851/1.9835-T23)*1.04 -> 1.5505533 | S23: 0 | T23: =0.7049*1.04 -> 0.733096 | U23: =M23-(Q23+R23+S23+T23) -> -0.011300736 | V23: 51 | W23: 0 | X23: =M23-N23-P23-O23-Q23-R23-S23-T23-U23+V23+W23 -> 51 | Y23: =X23-AO23 -> 51 | AC23: 33.2 | AE23: 0 | AH23: 34 | AI23: =AI22-AH23 -> 4969 | AK23: =N23+O23+P23+Q23+R23+S23+T23+U23+X23+AE23+AH23 -> 88.8 | AL23: =IF(L23<0,L23*-1,0) -> 17.153895 | AM23: =AK23+AL23 -> 105.95389 | AN23: =V23 -> 51 | AV23: 0.05 | AW23: 39 | AX23: 23 | AZ23: =SUM(N23,P23:U23) -> 3.8
A24: =A23+1 -> 10 | B24: 6898.41 | C24: 277792 | D24: =C24-C23 -> -109 | E24: =C24-152000 -> 125792 | F24: =D24/$D$2 -> -54.953365 | G24: 70 | H24: 1.8 | I24: =G24+H24 -> 71.8 | J24: =IF(L24>0,L24,0) -> 0 | K24: =I24+J24 -> 71.8 | L24: =F24-(I24-AK24) -> -17.343365 | M24: 17 | N24: 0 | O24: 0 | P24: 0 | Q24: =1019900/325851/1.9835*1.02 -> 1.6095575 | R24: =(1440521/325851/1.9835-T24)*1.04 -> 1.5555174 | S24: 0 | T24: =0.7049*1.04 -> 0.733096 | U24: 0 | V24: 51 | W24: 7.41 | X24: =M24-N24-P24-O24-Q24-R24-S24-T24-U24+V24+W24 -> 71.511829 | Y24: =X24-AO24 -> 51 | AE24: 0 | AH24: 34 | AI24: =AI23-AH24 -> 4935 | AK24: =N24+O24+P24+Q24+R24+S24+T24+U24+X24+AE24+AH24 -> 109.41 | AL24: =IF(L24<0,L24*-1,0) -> 17.343365 | AM24: =AK24+AL24 -> 126.75337 | AN24: =V24 -> 51 | AO24: =X24-V24 -> 20.511829 | AV24: 0.03 | AW24: 43 | AX24: 20 | AZ24: =SUM(N24,P24:U24) -> 3.8981709
A25: =A24+1 -> 11 | B25: 6898.39 | C25: 277683 | D25: =C25-C24 -> -109 | E25: =C25-152000 -> 125683 | F25: =D25/$D$2 -> -54.953365 | G25: 71 | H25: 0.81 | I25: =G25+H25 -> 71.81 | J25: =IF(L25>0,L25,0) -> 0 | K25: =I25+J25 -> 71.81 | L25: =F25-(I25-AK25) -> -1.7633653 | M25: 26 | N25: 0 | O25: 0 | P25: 0 | Q25: =869300/325851/1.9835*1.02 -> 1.3718878 | R25: =(1451364/325851/1.9835-T25)*1.04 -> 1.5729648 | S25: 0 | T25: =0.7049*1.04 -> 0.733096 | U25: 0 | V25: 54 | W25: 11 | X25: =M25-N25-P25-O25-Q25-R25-S25-T25-U25+V25+W25 -> 87.322051 | Y25: =X25-AO25 -> 48.8 | AE25: 0 | AH25: 34 | AI25: =AI24-AH25 -> 4901 | AK25: =N25+O25+P25+Q25+R25+S25+T25+U25+X25+AE25+AH25 -> 125 | AL25: =IF(L25<0,L25*-1,0) -> 1.7633653 | AM25: =AK25+AL25 -> 126.76337 | AN25: =V25-5.2 -> 48.8 | AO25: =X25-V25+5.2 -> 38.522051 | AV25: 0.02 | AW25: 39 | AX25: 25 | AZ25: =SUM(N25,P25:U25) -> 3.6779486
A26: =A25+1 -> 12 | B26: 6898.35 | C26: 277537 | D26: =C26-C25 -> -146 | E26: =C26-152000 -> 125537 | F26: =D26/$D$2 -> -73.60726 | G26: 57 | H26: 1.7 | I26: =G26+H26 -> 58.7 | J26: =IF(L26>0,L26,0) -> 3.6927401 | K26: =I26+J26 -> 62.39274 | L26: =F26-(I26-AK26) -> 3.6927401 | M26: 29 | N26: 0 | O26: 0 | P26: 0 | Q26: =1123600/325851/1.9835*1.02 -> 1.7732119 | R26: =(1364072/325851/1.9835-T26)*1.04 -> 1.499022 | S26: 0 | T26: =0.6434*1.04 -> 0.669136 | U26: 0 | V26: 61 | W26: 12 | X26: =M26-N26-P26-O26-Q26-R26-S26-T26-U26+V26+W26 -> 98.05863 | Y26: =X26-AO26 -> 53.3 | AE26: 0 | AH26: 34 | AI26: =AI25-AH26 -> 4867 | AK26: =N26+O26+P26+Q26+R26+S26+T26+U26+X26+AE26+AH26 -> 136 | AL26: =IF(L26<0,L26*-1,0) -> 0 | AM26: =AK26+AL26 -> 136 | AN26: =V26-7.7 -> 53.3 | AO26: =X26-V26+7.7 -> 44.75863 | AV26: 0 | AW26: 43 | AX26: 17 | AZ26: =SUM(N26,P26:U26) -> 3.9413699
A27: =A26+1 -> 13 | B27: 6898.29 | C27: 277318 | D27: =C27-C26 -> -219 | E27: =C27-152000 -> 125318 | F27: =D27/$D$2 -> -110.41089 | G27: 53 | H27: 1.2 | I27: =G27+H27 -> 54.2 | J27: =IF(L27>0,L27,0) -> 0 | K27: =I27+J27 -> 54.2 | L27: =F27-(I27-AK27) -> -28.61089 | M27: 29 | N27: 0 | O27: 0 | P27: 0 | Q27: =947600/325851/1.9835*1.02 -> 1.4954571 | R27: =(1355237/325851/1.9835-T27)*1.04 -> 1.4848056 | S27: 0 | T27: =0.6434*1.04 -> 0.669136 | U27: 0 | V27: 61 | W27: 12 | X27: =M27-N27-P27-O27-Q27-R27-S27-T27-U27+V27+W27 -> 98.350601 | Y27: =X27-AO27 -> 56 | AE27: 0 | AH27: 34 | AI27: =AI26-AH27 -> 4833 | AK27: =N27+O27+P27+Q27+R27+S27+T27+U27+X27+AE27+AH27 -> 136 | AL27: =IF(L27<0,L27*-1,0) -> 28.61089 | AM27: =AK27+AL27 -> 164.61089 | AN27: =V27-5 -> 56 | AO27: =X27-V27+5 -> 42.350601 | AV27: 0 | AW27: 42 | AX27: 21 | AZ27: =SUM(N27,P27:U27) -> 3.6493987
A28: =A27+1 -> 14 | B28: 6898.25 | C28: 277172 | D28: =C28-C27 -> -146 | E28: =C28-152000 -> 125172 | F28: =D28/$D$2 -> -73.60726 | G28: 61 | H28: 1.3 | I28: =G28+H28 -> 62.3 | J28: =IF(L28>0,L28,0) -> 0.092740106 | K28: =I28+J28 -> 62.39274 | L28: =F28-(I28-AK28) -> 0.092740106 | M28: 29 | N28: 0 | O28: 0 | P28: 0 | Q28: =1166200/325851/1.9835*1.02 -> 1.8404412 | R28: =(1313865/325851/1.9835-T28)*1.04 -> 1.4182341 | S28: 0 | T28: =0.6434*1.04 -> 0.669136 | U28: 0 | V28: 61 | W28: 12 | X28: =M28-N28-P28-O28-Q28-R28-S28-T28-U28+V28+W28 -> 98.072189 | Y28: =X28-AO28 -> 56 | AE28: 0 | AH28: 34 | AI28: =AI27-AH28 -> 4799 | AK28: =N28+O28+P28+Q28+R28+S28+T28+U28+X28+AE28+AH28 -> 136 | AL28: =IF(L28<0,L28*-1,0) -> 0 | AM28: =AK28+AL28 -> 136 | AN28: =V28-5 -> 56 | AO28: =X28-V28+5 -> 42.072189 | AV28: 0 | AW28: 44 | AX28: 21 | AZ28: =SUM(N28,P28:U28) -> 3.9278113
A29: =A28+1 -> 15 | B29: 6898.22 | C29: 277063 | D29: =C29-C28 -> -109 | E29: =C29-152000 -> 125063 | F29: =D29/$D$2 -> -54.953365 | G29: 73 | H29: 1.8 | I29: =G29+H29 -> 74.8 | J29: =IF(L29>0,L29,0) -> 0 | K29: =I29+J29 -> 74.8 | L29: =F29-(I29-AK29) -> -18.883365 | M29: 12 | N29: 0 | O29: 0 | P29: 0 | Q29: =1102100/325851/1.9835*1.02 -> 1.7392816 | R29: =(1350792/325851/1.9835-T29)*1.04 -> 1.4776532 | S29: 0 | T29: =0.6434*1.04 -> 0.669136 | U29: 0 | V29: 61 | W29: 3.87 | X29: =M29-N29-P29-O29-Q29-R29-S29-T29-U29+V29+W29 -> 72.983929 | Y29: =X29-AO29 -> 59.4 | AE29: 0 | AH29: 34 | AI29: =AI28-AH29 -> 4765 | AK29: =N29+O29+P29+Q29+R29+S29+T29+U29+X29+AE29+AH29 -> 110.87 | AL29: =IF(L29<0,L29*-1,0) -> 18.883365 | AM29: =AK29+AL29 -> 129.75337 | AN29: =V29-1.6 -> 59.4 | AO29: =X29-V29+1.6 -> 13.583929 | AV29: 0.09 | AW29: 41 | AX29: 23 | AZ29: =SUM(N29,P29:U29) -> 3.8860708
A30: =A29+1 -> 16 | B30: 6898.18 | C30: 276917 | D30: =C30-C29 -> -146 | E30: =C30-152000 -> 124917 | F30: =D30/$D$2 -> -73.60726 | G30: 68 | H30: 1.8 | I30: =G30+H30 -> 69.8 | J30: =IF(L30>0,L30,0) -> 0 | K30: =I30+J30 -> 69.8 | L30: =F30-(I30-AK30) -> -45.10726 | M30: 3.3 | N30: 0 | O30: 0 | P30: 0 | Q30: =1252800/325851/1.9835*1.02 -> 1.9771092 | R30: =(1312127/325851/1.9835-T30)*1.04 -> 1.4154375 | S30: 0 | T30: =0.6434*1.04 -> 0.669136 | U30: =M30-(Q30+R30+S30+T30) -> -0.76168264 | V30: 61 | W30: 0 | X30: =M30-N30-P30-O30-Q30-R30-S30-T30-U30+V30+W30 -> 61 | Y30: =X30-AO30 -> 61 | AC30: 5.3 | AE30: 0 | AH30: 34 | AI30: =AI29-AH30 -> 4731 | AK30: =N30+O30+P30+Q30+R30+S30+T30+U30+X30+AE30+AH30 -> 98.3 | AL30: =IF(L30<0,L30*-1,0) -> 45.10726 | AM30: =AK30+AL30 -> 143.40726 | AN30: =V30 -> 61 | AV30: 0 | AW30: 48 | AX30: 23 | AZ30: =SUM(N30,P30:U30) -> 3.3
A31: =A30+1 -> 17 | B31: 6898.14 | C31: 276771 | D31: =C31-C30 -> -146 | E31: =C31-152000 -> 124771 | F31: =D31/$D$2 -> -73.60726 | G31: 70 | H31: 1.9 | I31: =G31+H31 -> 71.9 | J31: =IF(L31>0,L31,0) -> 0 | K31: =I31+J31 -> 71.9 | L31: =F31-(I31-AK31) -> -46.60726 | M31: 3.9 | N31: 0 | O31: 0 | P31: 0 | Q31: =929600/325851/1.9835*1.02 -> 1.4670504 | R31: =(1497490/325851/1.9835-T31)*1.04 -> 1.7137044 | S31: 0 | T31: =0.6434*1.04 -> 0.669136 | U31: =M31-(Q31+R31+S31+T31) -> 0.050109234 | V31: 61 | W31: 0 | X31: =M31-N31-P31-O31-Q31-R31-S31-T31-U31+V31+W31 -> 61 | Y31: =X31-AO31 -> 61 | AC31: 7.5 | AE31: 0 | AH31: 34 | AI31: =AI30-AH31 -> 4697 | AK31: =N31+O31+P31+Q31+R31+S31+T31+U31+X31+AE31+AH31 -> 98.9 | AL31: =IF(L31<0,L31*-1,0) -> 46.60726 | AM31: =AK31+AL31 -> 145.50726 | AN31: =V31 -> 61 | AV31: 0 | AW31: 46 | AX31: 21 | AZ31: =SUM(N31,P31:U31) -> 3.9
A32: =A31+1 -> 18 | B32: 6898.11 | C32: 276662 | D32: =C32-C31 -> -109 | E32: =C32-152000 -> 124662 | F32: =D32/$D$2 -> -54.953365 | G32: 60 | H32: 1.1 | I32: =G32+H32 -> 61.1 | J32: =IF(L32>0,L32,0) -> 0 | K32: =I32+J32 -> 61.1 | L32: =F32-(I32-AK32) -> -18.553365 | M32: 3.5 | N32: 0 | O32: 0 | P32: 0 | Q32: =990400/325851/1.9835*1.02 -> 1.563002 | R32: =(1472293/325851/1.9835-T32)*1.04 -> 1.67316 | S32: 0 | T32: =0.6434*1.04 -> 0.669136 | U32: =M32-(Q32+R32+S32+T32) -> -0.40529802 | V32: 61 | W32: 0 | X32: =M32-N32-P32-O32-Q32-R32-S32-T32-U32+V32+W32 -> 61 | Y32: =X32-AO32 -> 61 | AE32: 0 | AH32: 33 | AI32: =AI31-AH32 -> 4664 | AK32: =N32+O32+P32+Q32+R32+S32+T32+U32+X32+AE32+AH32 -> 97.5 | AL32: =IF(L32<0,L32*-1,0) -> 18.553365 | AM32: =AK32+AL32 -> 116.05337 | AN32: =V32 -> 61 | AV32: 0 | AW32: 54 | AX32: 24 | AZ32: =SUM(N32,P32:U32) -> 3.5
A33: =A32+1 -> 19 | B33: 6898.09 | C33: 276589 | D33: =C33-C32 -> -73 | E33: =C33-152000 -> 124589 | F33: =D33/$D$2 -> -36.80363 | G33: 60 | H33: 1.2 | I33: =G33+H33 -> 61.2 | J33: =IF(L33>0,L33,0) -> 0 | K33: =I33+J33 -> 61.2 | L33: =F33-(I33-AK33) -> -1.1036299 | M33: 2.9 | N33: 0 | O33: 0 | P33: 0 | Q33: =1132000/325851/1.9835*1.02 -> 1.7864684 | R33: =(1477438/325851/1.9835-T33)*1.04 -> 1.6656474 | S33: 0 | T33: =0.658*1.04 -> 0.68432 | U33: =M33-(Q33+R33+S33+T33) -> -1.2364358 | V33: 61 | W33: 0 | X33: =M33-N33-P33-O33-Q33-R33-S33-T33-U33+V33+W33 -> 61 | Y33: =X33-AO33 -> 61 | AE33: 0 | AH33: 33 | AI33: =AI32-AH33 -> 4631 | AK33: =N33+O33+P33+Q33+R33+S33+T33+U33+X33+AE33+AH33 -> 96.9 | AL33: =IF(L33<0,L33*-1,0) -> 1.1036299 | AM33: =AK33+AL33 -> 98.00363 | AN33: =V33 -> 61 | AV33: 0 | AW33: 54 | AX33: 30 | AZ33: =SUM(N33,P33:U33) -> 2.9
A34: =A33+1 -> 20 | B34: 6898.07 | C34: 276516 | D34: =C34-C33 -> -73 | E34: =C34-152000 -> 124516 | F34: =D34/$D$2 -> -36.80363 | G34: 70 | H34: 1.6 | I34: =G34+H34 -> 71.6 | J34: =IF(L34>0,L34,0) -> 0 | K34: =I34+J34 -> 71.6 | L34: =F34-(I34-AK34) -> -10.30363 | M34: 4.1 | N34: 0 | O34: 0 | P34: 0 | Q34: =1019700/325851/1.9835*1.02 -> 1.6092419 | R34: =(1490704/325851/1.9835-T34)*1.04 -> 1.6869937 | S34: 0 | T34: =0.658*1.04 -> 0.68432 | U34: =M34-(Q34+R34+S34+T34) -> 0.1194444 | V34: 61 | W34: 0 | X34: =M34-N34-P34-O34-Q34-R34-S34-T34-U34+V34+W34 -> 61 | Y34: =X34-AO34 -> 61 | AC34: 7.2 | AE34: 0 | AH34: 33 | AI34: =AI33-AH34 -> 4598 | AK34: =N34+O34+P34+Q34+R34+S34+T34+U34+X34+AE34+AH34 -> 98.1 | AL34: =IF(L34<0,L34*-1,0) -> 10.30363 | AM34: =AK34+AL34 -> 108.40363 | AN34: =V34 -> 61 | AV34: 0 | AW34: 51 | AX34: 37 | AZ34: =SUM(N34,P34:U34) -> 4.1
A35: =A34+1 -> 21 | B35: 6898.05 | C35: 276443 | D35: =C35-C34 -> -73 | E35: =C35-152000 -> 124443 | F35: =D35/$D$2 -> -36.80363 | G35: 71 | H35: 1.7 | I35: =G35+H35 -> 72.7 | J35: =IF(L35>0,L35,0) -> 0 | K35: =I35+J35 -> 72.7 | L35: =F35-(I35-AK35) -> -10.30363 | M35: 4.2 | N35: 0 | O35: 0 | P35: 0 | Q35: =1223400/325851/1.9835*1.02 -> 1.9307115 | R35: =(1422192/325851/1.9835-T35)*1.04 -> 1.5767513 | S35: 0 | T35: =0.658*1.04 -> 0.68432 | U35: =M35-(Q35+R35+S35+T35) -> 0.0082171964 | V35: 61 | W35: 0 | X35: =M35-N35-P35-O35-Q35-R35-S35-T35-U35+V35+W35 -> 61 | Y35: =X35-AO35 -> 61 | AC35: 8 | AE35: 0 | AH35: 34 | AI35: =AI34-AH35 -> 4564 | AK35: =N35+O35+P35+Q35+R35+S35+T35+U35+X35+AE35+AH35 -> 99.2 | AL35: =IF(L35<0,L35*-1,0) -> 10.30363 | AM35: =AK35+AL35 -> 109.50363 | AN35: =V35 -> 61 | AV35: 0.06 | AW35: 44 | AX35: 24 | AZ35: =SUM(N35,P35:U35) -> 4.2
A36: =A35+1 -> 22 | B36: 6898.03 | C36: 276370 | D36: =C36-C35 -> -73 | E36: =C36-152000 -> 124370 | F36: =D36/$D$2 -> -36.80363 | G36: 66 | H36: 1.2 | I36: =G36+H36 -> 67.2 | J36: =IF(L36>0,L36,0) -> 0 | K36: =I36+J36 -> 67.2 | L36: =F36-(I36-AK36) -> -6.2036299 | M36: 2.8 | N36: 0 | O36: 0 | P36: 0 | Q36: =1069800/325851/1.9835*1.02 -> 1.6883073 | R36: =(1344035/325851/1.9835-T36)*1.04 -> 1.4509891 | S36: 0 | T36: =0.658*1.04 -> 0.68432 | U36: =M36-(Q36+R36+S36+T36) -> -1.0236165 | V36: 61 | W36: 0 | X36: =M36-N36-P36-O36-Q36-R36-S36-T36-U36+V36+W36 -> 61 | Y36: =X36-AO36 -> 61 | AC36: 3 | AE36: 0 | AH36: 34 | AI36: =AI35-AH36 -> 4530 | AK36: =N36+O36+P36+Q36+R36+S36+T36+U36+X36+AE36+AH36 -> 97.8 | AL36: =IF(L36<0,L36*-1,0) -> 6.2036299 | AM36: =AK36+AL36 -> 104.00363 | AN36: =V36 -> 61 | AV36: 0.01 | AW36: 35 | AX36: 19 | AZ36: =SUM(N36,P36:U36) -> 2.8
A37: =A36+1 -> 23 | B37: 6898.01 | C37: 276297 | D37: =C37-C36 -> -73 | E37: =C37-152000 -> 124297 | F37: =D37/$D$2 -> -36.80363 | G37: 56 | H37: 0.81 | I37: =G37+H37 -> 56.81 | J37: =IF(L37>0,L37,0) -> 5.5863701 | K37: =I37+J37 -> 62.39637 | L37: =F37-(I37-AK37) -> 5.5863701 | M37: 4.2 | N37: 0 | O37: 0 | P37: 0 | Q37: =821400/325851/1.9835*1.02 -> 1.2962943 | R37: =(1415179/325851/1.9835-T37)*1.04 -> 1.5654667 | S37: 0 | T37: =0.658*1.04 -> 0.68432 | U37: =M37-(Q37+R37+S37+T37) -> 0.65391901 | V37: 61 | W37: 0 | X37: =M37-N37-P37-O37-Q37-R37-S37-T37-U37+V37+W37 -> 61 | Y37: =X37-AO37 -> 61 | AE37: 0 | AH37: 34 | AI37: =AI36-AH37 -> 4496 | AK37: =N37+O37+P37+Q37+R37+S37+T37+U37+X37+AE37+AH37 -> 99.2 | AL37: =IF(L37<0,L37*-1,0) -> 0 | AM37: =AK37+AL37 -> 99.2 | AN37: =V37 -> 61 | AV37: 0 | AW37: 41 | AX37: 19 | AZ37: =SUM(N37,P37:U37) -> 4.2
A38: =A37+1 -> 24 | B38: 6897.98 | C38: 276188 | D38: =C38-C37 -> -109 | E38: =C38-152000 -> 124188 | F38: =D38/$D$2 -> -54.953365 | G38: 61 | H38: 1.4 | I38: =G38+H38 -> 62.4 | J38: =IF(L38>0,L38,0) -> 0 | K38: =I38+J38 -> 62.4 | L38: =F38-(I38-AK38) -> -19.553365 | M38: 2.8 | N38: 0 | O38: 0 | P38: 0 | Q38: =1266700/325851/1.9835*1.02 -> 1.9990455 | R38: =(1515090/325851/1.9835-T38)*1.04 -> 1.7262331 | S38: 0 | T38: =0.658*1.04 -> 0.68432 | U38: =M38-(Q38+R38+S38+T38) -> -1.6095986 | V38: 61 | W38: 0 | X38: =M38-N38-P38-O38-Q38-R38-S38-T38-U38+V38+W38 -> 61 | Y38: =X38-AO38 -> 61 | AE38: 0 | AH38: 34 | AI38: =AI37-AH38 -> 4462 | AK38: =N38+O38+P38+Q38+R38+S38+T38+U38+X38+AE38+AH38 -> 97.8 | AL38: =IF(L38<0,L38*-1,0) -> 19.553365 | AM38: =AK38+AL38 -> 117.35337 | AN38: =V38 -> 61 | AV38: 0 | AW38: 33 | AX38: 4 | AZ38: =SUM(N38,P38:U38) -> 2.8
A39: =A38+1 -> 25 | B39: 6897.95 | C39: 276080 | D39: =C39-C38 -> -108 | E39: =C39-152000 -> 124080 | F39: =D39/$D$2 -> -54.449206 | G39: 51 | H39: 0.58 | I39: =G39+H39 -> 51.58 | J39: =IF(L39>0,L39,0) -> 0 | K39: =I39+J39 -> 51.58 | L39: =F39-(I39-AK39) -> -7.7292059 | M39: 3.3 | N39: 0 | O39: 0 | P39: 0 | Q39: =968700/325851/1.9835*1.02 -> 1.5287561 | R39: =(1517339/325851/1.9835-T39)*1.04 -> 1.729852 | S39: 0 | T39: =0.658*1.04 -> 0.68432 | U39: =M39-(Q39+R39+S39+T39) -> -0.64292812 | V39: 61 | W39: 0 | X39: =M39-N39-P39-O39-Q39-R39-S39-T39-U39+V39+W39 -> 61 | Y39: =X39-AO39 -> 61 | AE39: 0 | AH39: 34 | AI39: =AI38-AH39 -> 4428 | AK39: =N39+O39+P39+Q39+R39+S39+T39+U39+X39+AE39+AH39 -> 98.3 | AL39: =IF(L39<0,L39*-1,0) -> 7.7292059 | AM39: =AK39+AL39 -> 106.02921 | AN39: =V39 -> 61 | AV39: 0 | AW39: 32 | AX39: 2 | AZ39: =SUM(N39,P39:U39) -> 3.3
A40: =A39+1 -> 26 | B40: 6897.92 | C40: 275971 | D40: =C40-C39 -> -109 | E40: =C40-152000 -> 123971 | F40: =D40/$D$2 -> -54.953365 | G40: 48 | H40: 0.73 | I40: =G40+H40 -> 48.73 | J40: =IF(L40>0,L40,0) -> 0 | K40: =I40+J40 -> 48.73 | L40: =F40-(I40-AK40) -> -5.0833653 | M40: 3.6 | N40: 0 | O40: 0 | P40: 0 | Q40: =1114900/325851/1.9835*1.04 -> 1.7939816 | R40: =(1457422/325851/1.9835-T40)*1.04 -> 1.5857412 | S40: 0 | T40: =0.7021*1.04 -> 0.730184 | U40: =M40-(Q40+R40+S40+T40) -> -0.50990684 | V40: 61 | W40: 0 | X40: =M40-N40-P40-O40-Q40-R40-S40-T40-U40+V40+W40 -> 61 | Y40: =X40-AO40 -> 61 | AE40: 0 | AH40: 34 | AI40: =AI39-AH40 -> 4394 | AK40: =N40+O40+P40+Q40+R40+S40+T40+U40+X40+AE40+AH40 -> 98.6 | AL40: =IF(L40<0,L40*-1,0) -> 5.0833653 | AM40: =AK40+AL40 -> 103.68337 | AN40: =V40 -> 61 | AV40: 0 | AW40: 38 | AX40: 10 | AZ40: =SUM(N40,P40:U40) -> 3.6
A41: =A40+1 -> 27 | B41: 6897.89 | C41: 275863 | D41: =C41-C40 -> -108 | E41: =C41-152000 -> 123863 | F41: =D41/$D$2 -> -54.449206 | G41: 51 | H41: 0.76 | I41: =G41+H41 -> 51.76 | J41: =IF(L41>0,L41,0) -> 0 | K41: =I41+J41 -> 51.76 | L41: =F41-(I41-AK41) -> -7.3092059 | M41: 3.9 | N41: 0 | O41: 0 | P41: 0 | Q41: =1158100/325851/1.9835*1.02 -> 1.8276582 | R41: =(1431028/325851/1.9835-T41)*1.04 -> 1.5432707 | S41: 0 | T41: =0.7021*1.04 -> 0.730184 | U41: =M41-(Q41+R41+S41+T41) -> -0.20111288 | V41: 61 | W41: 0 | X41: =M41-N41-P41-O41-Q41-R41-S41-T41-U41+V41+W41 -> 61 | Y41: =X41-AO41 -> 61 | AE41: 0 | AH41: 34 | AI41: =AI40-AH41 -> 4360 | AK41: =N41+O41+P41+Q41+R41+S41+T41+U41+X41+AE41+AH41 -> 98.9 | AL41: =IF(L41<0,L41*-1,0) -> 7.3092059 | AM41: =AK41+AL41 -> 106.20921 | AN41: =V41 -> 61 | AV41: 0 | AW41: 48 | AX41: 18 | AZ41: =SUM(N41,P41:U41) -> 3.9
A42: =A41+1 -> 28 | B42: 6897.86 | C42: 275754 | D42: =C42-C41 -> -109 | E42: =C42-152000 -> 123754 | F42: =D42/$D$2 -> -54.953365 | G42: 54 | H42: 0.88 | I42: =G42+H42 -> 54.88 | J42: =IF(L42>0,L42,0) -> 0 | K42: =I42+J42 -> 54.88 | L42: =F42-(I42-AK42) -> -10.333365 | M42: 4.5 | N42: 0 | O42: 0 | P42: 0 | Q42: =1460800/325851/1.9835*1.02 -> 2.3053649 | R42: =(1402011/325851/1.9835-T42)*1.04 -> 1.4965796 | S42: 0 | T42: =0.7021*1.04 -> 0.730184 | U42: =M42-(Q42+R42+S42+T42) -> -0.032128421 | V42: 61 | W42: 0 | X42: =M42-N42-P42-O42-Q42-R42-S42-T42-U42+V42+W42 -> 61 | Y42: =X42-AO42 -> 61 | AE42: 0 | AH42: 34 | AI42: =AI41-AH42 -> 4326 | AK42: =N42+O42+P42+Q42+R42+S42+T42+U42+X42+AE42+AH42 -> 99.5 | AL42: =IF(L42<0,L42*-1,0) -> 10.333365 | AM42: =AK42+AL42 -> 109.83337 | AN42: =V42 -> 61 | AV42: 0.3 | AW42: 36 | AX42: 20 | AZ42: =SUM(N42,P42:U42) -> 4.5
A43: =A42+1 -> 29 | B43: 6897.83 | C43: 275646 | D43: =C43-C42 -> -108 | E43: =C43-152000 -> 123646 | F43: =D43/$D$2 -> -54.449206 | G43: 63 | H43: 0.95 | I43: =G43+H43 -> 63.95 | J43: =IF(L43>0,L43,0) -> 0 | K43: =I43+J43 -> 63.95 | L43: =F43-(I43-AK43) -> -18.699206 | M43: 4.7 | N43: 0 | O43: 0 | P43: 0 | Q43: =1453400/325851/1.9835*1.02 -> 2.2936865 | R43: =(1369475/325851/1.9835-T43)*1.04 -> 1.444226 | S43: 0 | T43: =0.7021*1.04 -> 0.730184 | U43: =M43-(Q43+R43+S43+T43) -> 0.23190347 | V43: 61 | W43: 0 | X43: =M43-N43-P43-O43-Q43-R43-S43-T43-U43+V43+W43 -> 61 | Y43: =X43-AO43 -> 61 | AE43: 0 | AH43: 34 | AI43: =AI42-AH43 -> 4292 | AK43: =N43+O43+P43+Q43+R43+S43+T43+U43+X43+AE43+AH43 -> 99.7 | AL43: =IF(L43<0,L43*-1,0) -> 18.699206 | AM43: =AK43+AL43 -> 118.39921 | AN43: =V43 -> 61 | AV43: 0.01 | AW43: 28 | AX43: 10 | AZ43: =SUM(N43,P43:U43) -> 4.7
A44: 30 | B44: 6897.81 | C44: 275576 | D44: =C44-C43 -> -70 | E44: =C44-152000 -> 123576 | F44: =D44/$D$2 -> -35.291152 | G44: 54 | H44: 1 | I44: =G44+H44 -> 55 | J44: =IF(L44>0,L44,0) -> 8.308848 | K44: =I44+J44 -> 63.308848 | L44: =F44-(I44-AK44) -> 8.308848 | M44: 3.6 | N44: 0 | O44: 0 | P44: 0 | Q44: =1339600/325851/1.9835*1.02 -> 2.1140928 | R44: =(1527297/325851/1.9835-T44)*1.04 -> 1.6981768 | S44: 0 | T44: =0.7021*1.04 -> 0.730184 | U44: =M44-(Q44+R44+S44+T44) -> -0.94245362 | V44: 61 | W44: 0 | X44: =M44-N44-P44-O44-Q44-R44-S44-T44-U44+V44+W44 -> 61 | Y44: =X44-AO44 -> 61 | AE44: 0 | AH44: 34 | AI44: =AI43-AH44 -> 4258 | AK44: =N44+O44+P44+Q44+R44+S44+T44+U44+X44+AE44+AH44 -> 98.6 | AL44: =IF(L44<0,L44*-1,0) -> 0 | AM44: =AK44+AL44 -> 98.6 | AN44: =V44 -> 61 | AV44: 0 | AW44: 34 | AX44: 5 | AZ44: =SUM(N44,P44:U44) -> 3.6
AW45: 4
A46: MONTH / CFS | F46: =SUM(F15:F44) -> -915.04916 | G46: =SUM(G15:G44) -> 2023 | H46: =SUM(H15:H44) -> 38.19 | I46: =SUM(I15:I44) -> 2061.19 | J46: =SUM(J15:J44) -> 51.637693 | K46: =SUM(K15:K44) -> 2112.8277 | L46: =SUM(L15:L44) -> -326.85916 | M46: =SUM(M15:M44) -> 236.1 | ... O46: =SUM(O15:O44) -> 0 | Q46: =SUM(Q15:Q44) -> 52.529684 | R46: =SUM(R15:R44) -> 47.31885 | S46: =SUM(S15:S44) -> 0 | T46: =SUM(T15:T44) -> 21.174192 | U46: =SUM(U15:U44) -> -3.9419556 | V46: =SUM(V15:V44) -> 1349 | W46: =SUM(W15:W44) -> 58.28 | X46: =SUM(X15:X44) -> 1526.2992 | Y46: =SUM(Y15:Y44) -> 1324.5 | AC46: =SUM(AC15:AC44) -> 662.6 | AH46: =SUM(AH15:AH44) -> 1006 | AJ46: =SUM(AJ15:AJ44) -> 0 | AK46: =SUM(AK15:AK44) -> 2649.38 | AL46: =SUM(AL15:AL44) -> 378.49685 | AM46: =SUM(AM15:AM44) -> 3027.8768 | AN46: =SUM(AN15:AN44) -> 1324.5 | AO46: =SUM(AO15:AO44) -> 201.79923 | AU46: =SUM(AU15:AU44) -> 31.605 | AV46: =SUM(AV15:AV44) -> 0.57 | AW46: =AVERAGE(AW15:AW45) -> 45.516129 | AX46: =AVERAGE(AX15:AX45) -> 23.333333 | AY46: Avg | AZ46: =SUM(AZ15:AZ44) -> 117.08077
A47: MONTH / AF | D47: =SUM(D15:D44) -> -1815 | F47: =F46*$D$2 -> -1815 | G47: =G46*$D$2 -> 4012.6205 | H47: =H46*$D$2 -> 75.749865 | I47: =I46*$D$2 -> 4088.3704 | J47: =J46*$D$2 -> 102.42337 | K47: =K46*$D$2 -> 4190.7937 | L47: =L46*$D$2 -> -648.32514 | M47: =M46*$D$2 -> 468.30435 | ... O47: =O46*$D$2 -> 0 | Q47: =Q46*$D$2 -> 104.19263 | R47: =R46*$D$2 -> 93.856939 | S47: =S46*$D$2 -> 0 | T47: =T46*$D$2 -> 41.99901 | U47: =U46*$D$2 -> -7.818869 | V47: =V46*$D$2 -> 2675.7415 | W47: =W46*$D$2 -> 115.59838 | X47: =X46*$D$2 -> 3027.4145 | Y47: =Y46*$D$2 -> 2627.1458 | AC47: =AC46*$D$2 -> 1314.2671 | AH47: =AH46*$D$2 -> 1995.401 | AJ47: =AJ46*$D$2 -> 0 | AK47: =AK46*$D$2 -> 5255.0452 | AL47: =AL46*$D$2 -> 750.7485 | AM47: =AM46*$D$2 -> 6005.7937 | AN47: =AN46*$D$2 -> 2627.1458 | AO47: =AO46*$D$2 -> 400.26877 | AU47: =AU46*$D$2 -> 62.688518 | AW47: =MAX(AW15:AW45) -> 67 | AX47: =MAX(AX15:AX45) -> 40 | AY47: HI | AZ47: =AZ46*$D$2 -> 232.22971
A49: SEASON / CFS | AW49: =MIN(AW15:AW45) -> 4 | AX49: =MIN(AX15:AX45) -> 2 | AY49: LO
A50: SEASON / AF
A52: YTD / CFS | F52: =F13+F46 -> -915.04916 | G52: =G13+G46 -> 2023 | H52: =H13+H46 -> 38.19 | I52: =I13+I46 -> 2061.19 | J52: =J13+J46 -> 51.637693 | K52: =K13+K46 -> 2112.8277 | L52: =L13+L46 -> -326.85916 | M52: =M13+M46 -> 236.1 | N52: =N13+N46 -> 0 | O52: 0 | Q52: =Q13+Q46 -> 52.529684 | R52: =R13+R46 -> 47.31885 | S52: =S13+S46 -> 0 | T52: =T13+T46 -> 21.174192 | U52: =U13+U46 -> -3.9419556 | V52: =V13+V46 -> 1349 | W52: =W13+W46 -> 58.28 | X52: =X13+X46 -> 1526.2992 | Y52: =Y13+Y46 -> 1324.5 | AC52: =AC13+AC46 -> 662.6 | AH52: =AH13+AH46 -> 1006 | AI52: =AI44 -> 4258 | AJ52: =AJ13+AJ46 -> 0 | AK52: =AK13+AK46 -> 2649.38 | AL52: =AL13+AL46 -> 378.49685 | AM52: =AM13+AM46 -> 3027.8768 | AN52: =AN13+AN46 -> 1324.5 | AO52: =AO13+AO46 -> 201.79923 | AV52: =AV13+AV46 -> 0.57 | AZ52: =AZ13+AZ46 -> 117.08077
A53: YTD / AF | D53: =D13+D47 -> -1815 | E53: =E44 -> 123576 | F53: =F52*$D$2 -> -1815 | G53: =G52*$D$2 -> 4012.6205 | H53: =H52*$D$2 -> 75.749865 | I53: =I52*$D$2 -> 4088.3704 | J53: =J52*$D$2 -> 102.42337 | K53: =K52*$D$2 -> 4190.7937 | L53: =L52*$D$2 -> -648.32514 | M53: =M52*$D$2 -> 468.30435 | ... O53: =O52*$D$2 -> 0 | Q53: =Q52*$D$2 -> 104.19263 | R53: =R52*$D$2 -> 93.856939 | S53: =S52*$D$2 -> 0 | T53: =T52*$D$2 -> 41.99901 | U53: =U52*$D$2 -> -7.818869 | V53: =V52*$D$2 -> 2675.7415 | W53: =W52*$D$2 -> 115.59838 | X53: =X52*$D$2 -> 3027.4145 | Y53: =Y52*$D$2 -> 2627.1458 | AC53: =AC52*$D$2 -> 1314.2671 | AH53: =AH52*$D$2 -> 1995.401 | AI53: =AI52*$D$2 -> 8445.743 | AJ53: =AJ52*$D$2 -> 0 | AK53: =AK52*$D$2 -> 5255.0452 | AL53: =AL52*$D$2 -> 750.7485 | AM53: =AM52*$D$2 -> 6005.7937 | AN53: =AN52*$D$2 -> 2627.1458 | AO53: =AO52*$D$2 -> 400.26877 | AZ53: =AZ52*$D$2 -> 232.22971

Sheet DEC
K1: MCPHEE RESERVOIR INFLOW/OUTFLOW TABULATION
A2: AF/cfs CONVERT FACTOR | D2: 1.9835 | K2: DECEMBER "2010"
D4: RESERVOIR | I4: INFLOW | X4: OUTFLOW | AP4: ADJUSTMENTS | AW4: WEATHER
A5: DATE | B5: RESERV | C5: RESERV | D5: AC FT | E5: ACTIVE | F5: CONV TO | G5: DOLORES | H5: LOST | I5: RECORD | J5: CALC | K5: TOTAL | L5: CALC | M5: DOLORES TUNNEL | V5: LONE | W5: U | X5: TOTAL | Y5: TOTAL | Z5: MVI | AA5: MVI | AB5: MVI | AC5: TO EX & | AD5: MVI | AE5: DV CR | AF5: D/S SENIOR | AH5: BELOW | AI5: FISH | AJ5: SPILL | AK5: RECORD | AL5: CALC | AM5: TOTAL | AN5: NAR | AO5: MVI | AP5: MVI | AQ5: MVI | AR5: DIST. | AS5: U/S | AT5: TOTTEN | AU5: UTES | AV5: RAIN | AW5: MAX | AX5: MIN | AZ5: TOTAL
A6: DEC | B6: ELEV | D6: CHANGE | E6: CAP | F6: CFS | G6: RIVER | H6: CAN | I6: INFLOW | J6: INFLOW | K6: INFLOW | L6: INF/OTF | M6: TOT DIV | N6: WET | O6: UTE | P6: QUEST | Q6: MWC | R6: CORTEZ | T6: UTE | U6: F-BAY | V6: PINE | W6: LAT | X6: MVI | Y6: MVI | Z6: CALL | AA6: CALL | AB6: APR- | AC6: U/S EX | AD6: PROJ | AE6: CANAL | AF6: MVIC | AG6: PROJ | AH6: MCP | AI6: LEFT | AK6: OTF | AL6: OTF | AM6: OTF | AN6: FILLL | AO6: STOCK | AP6: STORED | AQ6: STORED | AR6: CLASS | AS6: USERS | AT6: (FRESH | AU6: FROM | AW6: TMP | AX6: TMP | AZ6: TUNNEL
N7: LAND | O7: F&R | Q7: NON - | R7: NON - | S7: PROJ | T7: PROJ | U7: BAL | X7: WATER | Y7: IRRIG. | Z7: STOR | AA7: SPILLED | AB7: JUNE | AF7: 1.7 | AG7: 1.3 | AP7: Apr - Jun | AQ7: EVAP | AR7: "B" | AS7: EXCH | AT7: WATER) | AU7: DWCD | AZ7: Misc.
Q8: PROJ | R8: PROJ | X8: USED | Y8: WATER | AA8: OR | AB8: (DIV+
R9: 4.2 | Y9: USED | AA9: USED | AB9: CALL)
C10: AC. Ft. | E10: AC FT | G10: CFS | H10: CFS | I10: CFS | J10: CFS | K10: CFS | L10: CFS | M10: CFS | N10: CFS | O10: CFS | P10: CFS | Q10: CFS | R10: CFS | S10: CFS | T10: CFS | U10: CFS | V10: CFS | W10: CFS | X10: 153400 | Y10: 150400 | AB10: 72000 | AC10: CFS | AD10: CFS | AE10: CFS | AF10: CFS | AG10: CFS | AH10: CFS | AI10: CFS | AJ10: CFS | AK10: CFS | AL10: CFS | AM10: CFS | AN10: CFS | AO10: CFS | AP10: CFS | AQ10: AC.FT. | AR10: CFS | AS10: CFS | AT10: CFS | AU10: CFS | AZ10: Outflow
N11: 1.03 | O11: 1.05 | P11: 1.02 | Q11: 1.02 | R11: 1.04 | T11: 1.04 | X11: CFS | Y11: CFS | Z11: CFS | AA11: CFS | AB11: Ac. Ft. | AZ11: CFS
A12: SEASON BAL
A13: YTD | B13: =NOV!B44 -> 6897.81 | C13: =NOV!C44 -> 275576 | D13: =NOV!D53 -> -1815 | E13: =NOV!E53 -> 123576 | F13: =NOV!F52 -> -915.04916 | G13: =NOV!G52 -> 2023 | H13: =NOV!H52 -> 38.19 | I13: =NOV!I52 -> 2061.19 | J13: =NOV!J52 -> 51.637693 | K13: =NOV!K52 -> 2112.8277 | L13: =NOV!L52 -> -326.85916 | M13: =NOV!M52 -> 236.1 | ... O13: =NOV!O52 -> 0 | Q13: =NOV!Q52 -> 52.529684 | R13: =NOV!R52 -> 47.31885 | S13: =NOV!S52 -> 0 | T13: =NOV!T52 -> 21.174192 | U13: =NOV!U52 -> -3.9419556 | V13: =NOV!V52 -> 1349 | W13: =NOV!W52 -> 58.28 | X13: =NOV!X52 -> 1526.2992 | Y13: =NOV!Y52 -> 1324.5 | AC13: =NOV!AC52 -> 662.6 | AH13: =NOV!AH52 -> 1006 | AI13: =NOV!AI52 -> 4258 | AK13: =NOV!AK52 -> 2649.38 | AL13: =NOV!AL52 -> 378.49685 | AM13: =NOV!AM52 -> 3027.8768 | AN13: =NOV!AN52 -> 1324.5 | AO13: =NOV!AO52 -> 201.79923 | AV13: =NOV!AV52 -> 0.57 | AZ13: =NOV!AZ52 -> 117.08077
A15: 1 | B15: 6897.78 | C15: 275465 | D15: =C15-C13 -> -111 | E15: =C15-152000 -> 123465 | F15: =D15/$D$2 -> -55.961684 | G15: 52 | H15: 1.3 | I15: =G15+H15 -> 53.3 | J15: =IF(L15>0,L15,0) -> 0 | K15: =I15+J15 -> 53.3 | L15: =F15-(I15-AK15) -> -10.461684 | M15: 4.8 | N15: 0 | O15: 0 | P15: 0 | Q15: =1198100/325851/1.9835*1.02 -> 1.8907843 | R15: =(1501767/325851/1.9835-T15)*1.04 -> 1.5465571 | S15: 0 | T15: =0.8043*1.04 -> 0.836472 | U15: =M15-(Q15+R15+S15+T15) -> 0.52618668 | V15: 61 | W15: 0 | X15: =M15-N15-P15-O15-Q15-R15-S15-T15-U15+V15+W15 -> 61 | Y15: =X15-AO15 -> 61 | AE15: 0 | AH15: 33 | AI15: =AI13-AH15 -> 4225 | AK15: =N15+O15+P15+Q15+R15+S15+T15+U15+X15+AE15+AH15 -> 98.8 | AL15: =IF(L15<0,L15*-1,0) -> 10.461684 | AM15: =AK15+AL15 -> 109.26168 | AN15: =V15 -> 61 | AO15: 0 | AV15: 0 | AW15: 45 | AX15: 14 | AZ15: =SUM(N15,P15:U15) -> 4.8
A16: =A15+1 -> 2 | B16: 6897.75 | C16: 275356 | D16: =C16-C15 -> -109 | E16: =C16-152000 -> 123356 | F16: =D16/$D$2 -> -54.953365 | G16: 56 | H16: 1.3 | I16: =G16+H16 -> 57.3 | J16: =IF(L16>0,L16,0) -> 0 | K16: =I16+J16 -> 57.3 | L16: =F16-(I16-AK16) -> -15.553365 | M16: 3.7 | N16: 0 | O16: 0 | P16: 0 | Q16: =1368100/325851/1.9835*1.02 -> 2.1590701 | R16: =(1545284/325851/1.9835-T16)*1.04 -> 1.6165801 | S16: 0 | T16: =0.8043*1.04 -> 0.836472 | U16: =M16-(Q16+R16+S16+T16) -> -0.91212226 | V16: 61 | W16: 0 | X16: =M16-N16-P16-O16-Q16-R16-S16-T16-U16+V16+W16 -> 61 | Y16: =X16-AO16 -> 61 | AE16: 0 | AH16: 32 | AI16: =AI15-AH16 -> 4193 | AK16: =N16+O16+P16+Q16+R16+S16+T16+U16+X16+AE16+AH16 -> 96.7 | AL16: =IF(L16<0,L16*-1,0) -> 15.553365 | AM16: =AK16+AL16 -> 112.25337 | AN16: =V16 -> 61 | AO16: 0 | AV16: 0 | AW16: 51 | AX16: 24 | AZ16: =SUM(N16,P16:U16) -> 3.7
A17: =A16+1 -> 3 | B17: 6897.72 | C17: 275248 | D17: =C17-C16 -> -108 | E17: =C17-152000 -> 123248 | F17: =D17/$D$2 -> -54.449206 | G17: 64 | H17: 1.3 | I17: =G17+H17 -> 65.3 | J17: =IF(L17>0,L17,0) -> 0 | K17: =I17+J17 -> 65.3 | L17: =F17-(I17-AK17) -> -23.249206 | M17: 4.5 | N17: 0 | O17: 0 | P17: 0 | Q17: =1287000/325851/1.9835*1.02 -> 2.031082 | R17: =(1521031/325851/1.9835-T17)*1.04 -> 1.7182709 | S17: 0 | T17: =0.6742*1.04 -> 0.701168 | U17: =M17-(Q17+R17+S17+T17) -> 0.049479147 | V17: 61 | W17: 0 | X17: =M17-N17-P17-O17-Q17-R17-S17-T17-U17+V17+W17 -> 61 | Y17: =X17-AO17 -> 61 | AE17: 0 | AH17: 31 | AI17: =AI16-AH17 -> 4162 | AK17: =N17+O17+P17+Q17+R17+S17+T17+U17+X17+AE17+AH17 -> 96.5 | AL17: =IF(L17<0,L17*-1,0) -> 23.249206 | AM17: =AK17+AL17 -> 119.74921 | AN17: =V17 -> 61 | AO17: 0 | AV17: 0 | AW17: 55 | AX17: 33 | AZ17: =SUM(N17,P17:U17) -> 4.5
A18: =A17+1 -> 4 | B18: 6897.69 | C18: 275139 | D18: =C18-C17 -> -109 | E18: =C18-152000 -> 123139 | F18: =D18/$D$2 -> -54.953365 | G18: 68 | H18: 1.3 | I18: =G18+H18 -> 69.3 | J18: =IF(L18>0,L18,0) -> 0 | K18: =I18+J18 -> 69.3 | L18: =F18-(I18-AK18) -> -27.653365 | M18: 4.6 | N18: 0 | O18: 0 | P18: 0 | Q18: =1060700/325851/1.9835*1.02 -> 1.6739461 | R18: =(1549827/325851/1.9835-T18)*1.04 -> 1.7646064 | S18: 0 | T18: =0.6742*1.04 -> 0.701168 | U18: =M18-(Q18+R18+S18+T18) -> 0.46027947 | V18: 61 | W18: 0 | X18: =M18-N18-P18-O18-Q18-R18-S18-T18-U18+V18+W18 -> 61 | Y18: =X18-AO18 -> 61 | AE18: 0 | AH18: 31 | AI18: =AI17-AH18 -> 4131 | AK18: =N18+O18+P18+Q18+R18+S18+T18+U18+X18+AE18+AH18 -> 96.6 | AL18: =IF(L18<0,L18*-1,0) -> 27.653365 | AM18: =AK18+AL18 -> 124.25337 | AN18: =V18 -> 61 | AO18: 0 | AV18: 0 | AW18: 53 | AX18: 32 | AZ18: =SUM(N18,P18:U18) -> 4.6
A19: =A18+1 -> 5 | B19: 6897.66 | C19: 275031 | D19: =C19-C18 -> -108 | E19: =C19-152000 -> 123031 | F19: =D19/$D$2 -> -54.449206 | G19: 68 | H19: 1.2 | I19: =G19+H19 -> 69.2 | J19: =IF(L19>0,L19,0) -> 0 | K19: =I19+J19 -> 69.2 | L19: =F19-(I19-AK19) -> -28.449206 | M19: 3.2 | N19: 0 | O19: 0 | P19: 0 | Q19: =1383100/325851/1.9835*1.02 -> 2.1827424 | R19: =(1458890/325851/1.9835-T19)*1.04 -> 1.61828 | S19: 0 | T19: =0.6742*1.04 -> 0.701168 | U19: =M19-(Q19+R19+S19+T19) -> -1.3021904 | V19: 61 | W19: 0 | X19: =M19-N19-P19-O19-Q19-R19-S19-T19-U19+V19+W19 -> 61 | Y19: =X19-AO19 -> 61 | AE19: 0 | AH19: 31 | AI19: =AI18-AH19 -> 4100 | AK19: =N19+O19+P19+Q19+R19+S19+T19+U19+X19+AE19+AH19 -> 95.2 | AL19: =IF(L19<0,L19*-1,0) -> 28.449206 | AM19: =AK19+AL19 -> 123.64921 | AN19: =V19 -> 61 | AO19: 0 | AV19: 0 | AW19: 53 | AX19: 32 | AZ19: =SUM(N19,P19:U19) -> 3.2
A20: =A19+1 -> 6 | B20: 6897.65 | C20: 274995 | D20: =C20-C19 -> -36 | E20: =C20-152000 -> 122995 | F20: =D20/$D$2 -> -18.149735 | G20: 68 | H20: 1.2 | I20: =G20+H20 -> 69.2 | J20: =IF(L20>0,L20,0) -> 8.6502647 | K20: =I20+J20 -> 77.850265 | L20: =F20-(I20-AK20) -> 8.6502647 | M20: 4 | N20: 0 | O20: 0 | P20: 0 | Q20: =1240000/325851/1.9835*1.02 -> 1.9569088 | R20: =(1428632/325851/1.9835-T20)*1.04 -> 1.569592 | S20: 0 | T20: =0.6742*1.04 -> 0.701168 | U20: =M20-(Q20+R20+S20+T20) -> -0.22766879 | V20: 61 | W20: 0 | X20: =M20-N20-P20-O20-Q20-R20-S20-T20-U20+V20+W20 -> 61 | Y20: =X20-AO20 -> 61 | AC20: 14.5 | AE20: 0 | AH20: 31 | AI20: =AI19-AH20 -> 4069 | AK20: =N20+O20+P20+Q20+R20+S20+T20+U20+X20+AE20+AH20 -> 96 | AL20: =IF(L20<0,L20*-1,0) -> 0 | AM20: =AK20+AL20 -> 96 | AN20: =V20 -> 61 | AO20: 0 | AV20: 0.01 | AW20: 51 | AX20: 30 | AZ20: =SUM(N20,P20:U20) -> 4
A21: =A20+1 -> 7 | B21: 6897.64 | C21: 274958 | D21: =C21-C20 -> -37 | E21: =C21-152000 -> 122958 | F21: =D21/$D$2 -> -18.653895 | G21: 64 | H21: 1.1 | I21: =G21+H21 -> 65.1 | J21: =IF(L21>0,L21,0) -> 12.846105 | K21: =I21+J21 -> 77.946105 | L21: =F21-(I21-AK21) -> 12.846105 | M21: 4.6 | N21: 0 | O21: 0 | P21: 0 | Q21: =1169800/325851/1.9835*1.02 -> 1.8461225 | R21: =(1406695/325851/1.9835-T21)*1.04 -> 1.5342932 | S21: 0 | T21: =0.6742*1.04 -> 0.701168 | U21: =M21-(Q21+R21+S21+T21) -> 0.51841625 | V21: 61 | W21: 0 | X21: =M21-N21-P21-O21-Q21-R21-S21-T21-U21+V21+W21 -> 61 | Y21: =X21-AO21 -> 61 | AC21: 14.6 | AE21: 0 | AH21: 31 | AI21: =AI20-AH21 -> 4038 | AK21: =N21+O21+P21+Q21+R21+S21+T21+U21+X21+AE21+AH21 -> 96.6 | AL21: =IF(L21<0,L21*-1,0) -> 0 | AM21: =AK21+AL21 -> 96.6 | AN21: =V21 -> 61 | AO21: 0 | AV21: 0 | AW21: 45 | AX21: 25 | AZ21: =SUM(N21,P21:U21) -> 4.6
A22: =A21+1 -> 8 | B22: 6897.62 | C22: 274886 | D22: =C22-C21 -> -72 | E22: =C22-152000 -> 122886 | F22: =D22/$D$2 -> -36.299471 | G22: 61 | H22: 0.99 | I22: =G22+H22 -> 61.99 | J22: =IF(L22>0,L22,0) -> 0 | K22: =I22+J22 -> 61.99 | L22: =F22-(I22-AK22) -> -2.0894706 | M22: 4.2 | N22: 0 | O22: 0 | P22: 0 | Q22: =1214400/325851/1.9835*1.02 -> 1.9165081 | R22: =(1473941/325851/1.9835-T22)*1.04 -> 1.6424985 | S22: 0 | T22: =0.6742*1.04 -> 0.701168 | U22: =M22-(Q22+R22+S22+T22) -> -0.060174645 | V22: 61 | W22: 0 | X22: =M22-N22-P22-O22-Q22-R22-S22-T22-U22+V22+W22 -> 61 | Y22: =X22-AO22 -> 61 | AE22: 0 | AH22: 31 | AI22: =AI21-AH22 -> 4007 | AK22: =N22+O22+P22+Q22+R22+S22+T22+U22+X22+AE22+AH22 -> 96.2 | AL22: =IF(L22<0,L22*-1,0) -> 2.0894706 | AM22: =AK22+AL22 -> 98.289471 | AN22: =V22 -> 61 | AO22: 0 | AV22: 0 | AW22: 47 | AX22: 24 | AZ22: =SUM(N22,P22:U22) -> 4.2
A23: =A22+1 -> 9 | B23: 6897.6 | C23: 274814 | D23: =C23-C22 -> -72 | E23: =C23-152000 -> 122814 | F23: =D23/$D$2 -> -36.299471 | G23: 61 | H23: 0.93 | I23: =G23+H23 -> 61.93 | J23: =IF(L23>0,L23,0) -> 0 | K23: =I23+J23 -> 61.93 | L23: =F23-(I23-AK23) -> -2.3294706 | M23: 3.9 | N23: 0 | O23: 0 | P23: 0 | Q23: =1234600/325851/1.9835*1.02 -> 1.9483868 | R23: =(1443627/325851/1.9835-T23)*1.04 -> 1.5937204 | S23: 0 | T23: =0.6742*1.04 -> 0.701168 | U23: =M23-(Q23+R23+S23+T23) -> -0.34327517 | V23: 61 | W23: 0 | X23: =M23-N23-P23-O23-Q23-R23-S23-T23-U23+V23+W23 -> 61 | Y23: =X23-AO23 -> 61 | AE23: 0 | AH23: 31 | AI23: =AI22-AH23 -> 3976 | AK23: =N23+O23+P23+Q23+R23+S23+T23+U23+X23+AE23+AH23 -> 95.9 | AL23: =IF(L23<0,L23*-1,0) -> 2.3294706 | AM23: =AK23+AL23 -> 98.229471 | AN23: =V23 -> 61 | AO23: 0 | AV23: 0 | AW23: 49 | AX23: 28 | AZ23: =SUM(N23,P23:U23) -> 3.9
A24: =A23+1 -> 10 | B24: 6897.58 | C24: 274741 | D24: =C24-C23 -> -73 | E24: =C24-152000 -> 122741 | F24: =D24/$D$2 -> -36.80363 | G24: 61 | H24: 1 | I24: =G24+H24 -> 62 | J24: =IF(L24>0,L24,0) -> 0 | K24: =I24+J24 -> 62 | L24: =F24-(I24-AK24) -> -2.6036299 | M24: 4.2 | N24: 0 | O24: 0 | P24: 0 | Q24: =962800/325851/1.9835*1.02 -> 1.519445 | R24: =(1789077/325851/1.9835-T24)*1.04 -> 1.6735706 | S24: 0 | T24: =1.1143*1.04 -> 1.158872 | U24: =M24-(Q24+R24+S24+T24) -> -0.15188759 | V24: 61 | W24: 0 | X24: =M24-N24-P24-O24-Q24-R24-S24-T24-U24+V24+W24 -> 61 | Y24: =X24-AO24 -> 61 | AE24: 0 | AH24: 31 | AI24: =AI23-AH24 -> 3945 | AK24: =N24+O24+P24+Q24+R24+S24+T24+U24+X24+AE24+AH24 -> 96.2 | AL24: =IF(L24<0,L24*-1,0) -> 2.6036299 | AM24: =AK24+AL24 -> 98.80363 | AN24: =V24 -> 61 | AO24: 0 | AV24: 0 | AW24: 47 | AX24: 29 | AZ24: =SUM(N24,P24:U24) -> 4.2
A25: =A24+1 -> 11 | B25: 6897.56 | C25: 274669 | D25: =C25-C24 -> -72 | E25: =C25-152000 -> 122669 | F25: =D25/$D$2 -> -36.299471 | G25: 62 | H25: 0.93 | I25: =G25+H25 -> 62.93 | J25: =IF(L25>0,L25,0) -> 0 | K25: =I25+J25 -> 62.93 | L25: =F25-(I25-AK25) -> -2.9294706 | M25: 4.3 | N25: 0 | O25: 0 | P25: 0 | Q25: =1121000/325851/1.9835*1.02 -> 1.7691087 | R25: =(1453115/325851/1.9835-T25)*1.04 -> 1.1329753 | S25: 0 | T25: =1.1143*1.04 -> 1.158872 | U25: =M25-(Q25+R25+S25+T25) -> 0.23904398 | V25: 61 | W25: 0 | X25: =M25-N25-P25-O25-Q25-R25-S25-T25-U25+V25+W25 -> 61 | Y25: =X25-AO25 -> 61 | AE25: 0 | AH25: 31 | AI25: =AI24-AH25 -> 3914 | AK25: =N25+O25+P25+Q25+R25+S25+T25+U25+X25+AE25+AH25 -> 96.3 | AL25: =IF(L25<0,L25*-1,0) -> 2.9294706 | AM25: =AK25+AL25 -> 99.229471 | AN25: =V25 -> 61 | AO25: 0 | AV25: 0 | AW25: 47 | AX25: 27 | AZ25: =SUM(N25,P25:U25) -> 4.3
A26: =A25+1 -> 12 | B26: 6897.55 | C26: 274633 | D26: =C26-C25 -> -36 | E26: =C26-152000 -> 122633 | F26: =D26/$D$2 -> -18.149735 | G26: 61 | H26: 0.91 | I26: =G26+H26 -> 61.91 | J26: =IF(L26>0,L26,0) -> 16.040265 | K26: =I26+J26 -> 77.950265 | L26: =F26-(I26-AK26) -> 16.040265 | M26: 4.1 | N26: 0 | O26: 0 | P26: 0 | Q26: =1344300/325851/1.9835*1.02 -> 2.1215101 | R26: =(1745816/325851/1.9835-T26)*1.04 -> 1.6039594 | S26: 0 | T26: =1.1143*1.04 -> 1.158872 | U26: =M26-(Q26+R26+S26+T26) -> -0.78434156 | V26: 61 | W26: 0 | X26: =M26-N26-P26-O26-Q26-R26-S26-T26-U26+V26+W26 -> 61 | Y26: =X26-AO26 -> 61 | AC26: 14.2 | AE26: 0 | AH26: 31 | AI26: =AI25-AH26 -> 3883 | AK26: =N26+O26+P26+Q26+R26+S26+T26+U26+X26+AE26+AH26 -> 96.1 | AL26: =IF(L26<0,L26*-1,0) -> 0 | AM26: =AK26+AL26 -> 96.1 | AN26: =V26 -> 61 | AO26: 0 | AV26: 0 | AW26: 53 | AX26: 27 | AZ26: =SUM(N26,P26:U26) -> 4.1
A27: =A26+1 -> 13 | B27: 6897.53 | C27: 274560 | D27: =C27-C26 -> -73 | E27: =C27-152000 -> 122560 | F27: =D27/$D$2 -> -36.80363 | G27: 61 | H27: 0.93 | I27: =G27+H27 -> 61.93 | J27: =IF(L27>0,L27,0) -> 0 | K27: =I27+J27 -> 61.93 | L27: =F27-(I27-AK27) -> -3.4336299 | M27: 3.3 | N27: 0 | O27: 0 | P27: 0 | Q27: =1207300/325851/1.9835*1.02 -> 1.9053033 | R27: =(1771776/325851/1.9835-T27)*1.04 -> 1.6457316 | S27: 0 | T27: =1.1143*1.04 -> 1.158872 | U27: =M27-(Q27+R27+S27+T27) -> -1.4099068 | V27: 61 | W27: 0 | X27: =M27-N27-P27-O27-Q27-R27-S27-T27-U27+V27+W27 -> 61 | Y27: =X27-AO27 -> 61 | AE27: 0 | AH27: 31 | AI27: =AI26-AH27 -> 3852 | AK27: =N27+O27+P27+Q27+R27+S27+T27+U27+X27+AE27+AH27 -> 95.3 | AL27: =IF(L27<0,L27*-1,0) -> 3.4336299 | AM27: =AK27+AL27 -> 98.73363 | AN27: =V27 -> 61 | AO27: 0 | AV27: 0 | AW27: 54 | AX27: 17 | AZ27: =SUM(N27,P27:U27) -> 3.3
A28: =A27+1 -> 14 | B28: 6897.51 | C28: 274488 | D28: =C28-C27 -> -72 | E28: =C28-152000 -> 122488 | F28: =D28/$D$2 -> -36.299471 | G28: 63 | H28: 1.1 | I28: =G28+H28 -> 64.1 | J28: =IF(L28>0,L28,0) -> 0 | K28: =I28+J28 -> 64.1 | L28: =F28-(I28-AK28) -> -3.7394706 | M28: 4.66 | N28: 0 | O28: 0 | P28: 0 | Q28: =1136700/325851/1.9835*1.02 -> 1.7938857 | R28: =(1981166/325851/1.9835-T28)*1.04 -> 1.9826603 | S28: 0 | T28: =1.1143*1.04 -> 1.158872 | U28: =M28-(Q28+R28+S28+T28) -> -0.275418 | V28: 61 | W28: 0 | X28: =M28-N28-P28-O28-Q28-R28-S28-T28-U28+V28+W28 -> 61 | Y28: =X28-AO28 -> 61 | AE28: 0 | AH28: 31 | AI28: =AI27-AH28 -> 3821 | AK28: =N28+O28+P28+Q28+R28+S28+T28+U28+X28+AE28+AH28 -> 96.66 | AL28: =IF(L28<0,L28*-1,0) -> 3.7394706 | AM28: =AK28+AL28 -> 100.39947 | AN28: =V28 -> 61 | AO28: 0 | AV28: 0 | AW28: 55 | AX28: 19 | AZ28: =SUM(N28,P28:U28) -> 4.66
A29: =A28+1 -> 15 | B29: 6897.49 | C29: 274415 | D29: =C29-C28 -> -73 | E29: =C29-152000 -> 122415 | F29: =D29/$D$2 -> -36.80363 | G29: 64 | H29: 1.4 | I29: =G29+H29 -> 65.4 | J29: =IF(L29>0,L29,0) -> 0.99637005 | K29: =I29+J29 -> 66.39637 | L29: =F29-(I29-AK29) -> 0.99637005 | M29: 4.2 | N29: 0 | O29: 0 | P29: 0 | Q29: =1096300/325851/1.9835*1.02 -> 1.7301284 | R29: =(2424835/325851/1.9835-T29)*1.04 -> 2.7622196 | S29: 0 | T29: =1.0536*1.04 -> 1.095744 | U29: =M29-(Q29+R29+S29+T29) -> -1.388092 | V29: 68 | W29: 0 | X29: =M29-N29-P29-O29-Q29-R29-S29-T29-U29+V29+W29 -> 68 | Y29: =X29-AO29 -> 68 | AE29: 0 | AH29: 31 | AI29: =AI28-AH29 -> 3790 | AK29: =N29+O29+P29+Q29+R29+S29+T29+U29+X29+AE29+AH29 -> 103.2 | AL29: =IF(L29<0,L29*-1,0) -> 0 | AM29: =AK29+AL29 -> 103.2 | AN29: =V29 -> 68 | AO29: 0 | AV29: 0.04 | AW29: 45 | AX29: 25 | AZ29: =SUM(N29,P29:U29) -> 4.2
A30: =A29+1 -> 16 | B30: 6897.46 | C30: 274307 | D30: =C30-C29 -> -108 | E30: =C30-152000 -> 122307 | F30: =D30/$D$2 -> -54.449206 | G30: 75 | H30: 1.7 | I30: =G30+H30 -> 76.7 | J30: =IF(L30>0,L30,0) -> 0 | K30: =I30+J30 -> 76.7 | L30: =F30-(I30-AK30) -> -30.949206 | M30: 4.2 | N30: 0 | O30: 0 | P30: 0 | Q30: =1166200/325851/1.9835*1.02 -> 1.8404412 | R30: =(1625852/325851/1.9835-T30)*1.04 -> 1.4765789 | S30: 0 | T30: =1.0536*1.04 -> 1.095744 | U30: =M30-(Q30+R30+S30+T30) -> -0.21276412 | V30: 65 | W30: 0 | X30: =M30-N30-P30-O30-Q30-R30-S30-T30-U30+V30+W30 -> 65 | Y30: =X30-AO30 -> 65 | AE30: 0 | AH30: 31 | AI30: =AI29-AH30 -> 3759 | AK30: =N30+O30+P30+Q30+R30+S30+T30+U30+X30+AE30+AH30 -> 100.2 | AL30: =IF(L30<0,L30*-1,0) -> 30.949206 | AM30: =AK30+AL30 -> 131.14921 | AN30: =V30 -> 65 | AO30: 0 | AV30: 0.2 | AW30: 37 | AX30: 30 | AZ30: =SUM(N30,P30:U30) -> 4.2
A31: =A30+1 -> 17 | B31: 6897.48 | C31: 274380 | D31: =C31-C30 -> 73 | E31: =C31-152000 -> 122380 | F31: =D31/$D$2 -> 36.80363 | G31: 84 | H31: 1.9 | I31: =G31+H31 -> 85.9 | J31: =IF(L31>0,L31,0) -> 45.10363 | K31: =I31+J31 -> 131.00363 | L31: =F31-(I31-AK31) -> 45.10363 | M31: 4.2 | N31: 0 | O31: 0 | P31: 0 | Q31: =1016800/325851/1.9835*1.02 -> 1.6046652 | R31: =(1411987/325851/1.9835-T31)*1.04 -> 0.91699479 | S31: 0 | T31: =1.2528*1.04 -> 1.302912 | U31: =M31-(Q31+R31+S31+T31) -> 0.37542797 | V31: 59 | W31: 0 | X31: =M31-N31-P31-O31-Q31-R31-S31-T31-U31+V31+W31 -> 59 | Y31: =X31-AO31 -> 59 | AC31: 13.7 | AE31: 0 | AH31: 31 | AI31: =AI30-AH31 -> 3728 | AK31: =N31+O31+P31+Q31+R31+S31+T31+U31+X31+AE31+AH31 -> 94.2 | AL31: =IF(L31<0,L31*-1,0) -> 0 | AM31: =AK31+AL31 -> 94.2 | AN31: =V31 -> 59 | AO31: 0 | AV31: 0.06 | AW31: 39 | AX31: 22 | AZ31: =SUM(N31,P31:U31) -> 4.2
A32: =A31+1 -> 18 | B32: 6897.5 | C32: 274452 | D32: =C32-C31 -> 72 | E32: =C32-152000 -> 122452 | F32: =D32/$D$2 -> 36.299471 | G32: 91 | H32: 2.8 | I32: =G32+H32 -> 93.8 | J32: =IF(L32>0,L32,0) -> 36.699471 | K32: =I32+J32 -> 130.49947 | L32: =F32-(I32-AK32) -> 36.699471 | M32: 4.2 | N32: 0 | O32: 0 | P32: 0 | Q32: =967900/325851/1.9835*1.02 -> 1.5274936 | R32: =(1857879/325851/1.9835-T32)*1.04 -> 1.634478 | S32: 0 | T32: =1.2528*1.04 -> 1.302912 | U32: =M32-(Q32+R32+S32+T32) -> -0.26488362 | V32: 59 | W32: 0 | X32: =M32-N32-P32-O32-Q32-R32-S32-T32-U32+V32+W32 -> 59 | Y32: =X32-AO32 -> 59 | AC32: 10.7 | AE32: 0 | AH32: 31 | AI32: =AI31-AH32 -> 3697 | AK32: =N32+O32+P32+Q32+R32+S32+T32+U32+X32+AE32+AH32 -> 94.2 | AL32: =IF(L32<0,L32*-1,0) -> 0 | AM32: =AK32+AL32 -> 94.2 | AN32: =V32 -> 59 | AO32: 0 | AV32: 0.4 | AW32: 36 | AX32: 30 | AZ32: =SUM(N32,P32:U32) -> 4.2
A33: =A32+1 -> 19 | B33: 6897.52 | C33: 274524 | D33: =C33-C32 -> 72 | E33: =C33-152000 -> 122524 | F33: =D33/$D$2 -> 36.299471 | G33: 96 | H33: 3.8 | I33: =G33+H33 -> 99.8 | J33: =IF(L33>0,L33,0) -> 31.699471 | K33: =I33+J33 -> 131.49947 | L33: =F33-(I33-AK33) -> 31.699471 | M33: 4.2 | N33: 0 | O33: 0 | P33: 0 | Q33: =1145700/325851/1.9835*1.02 -> 1.8080891 | R33: =(1814288/325851/1.9835-T33)*1.04 -> 1.5643359 | S33: 0 | T33: =1.2528*1.04 -> 1.302912 | U33: =M33-(Q33+R33+S33+T33) -> -0.47533697 | V33: 59 | W33: 0 | X33: =M33-N33-P33-O33-Q33-R33-S33-T33-U33+V33+W33 -> 59 | Y33: =X33-AO33 -> 59 | AC33: 11.8 | AE33: 0 | AH33: 32 | AI33: =AI32-AH33 -> 3665 | AK33: =N33+O33+P33+Q33+R33+S33+T33+U33+X33+AE33+AH33 -> 95.2 | AL33: =IF(L33<0,L33*-1,0) -> 0 | AM33: =AK33+AL33 -> 95.2 | AN33: =V33 -> 59 | AO33: 0 | AV33: 0.14 | AW33: 39 | AX33: 34 | AZ33: =SUM(N33,P33:U33) -> 4.2
A34: =A33+1 -> 20 | B34: 6897.56 | C34: 274669 | D34: =C34-C33 -> 145 | E34: =C34-152000 -> 122669 | F34: =D34/$D$2 -> 73.103101 | G34: 108 | H34: 5.2 | I34: =G34+H34 -> 113.2 | J34: =IF(L34>0,L34,0) -> 55.103101 | K34: =I34+J34 -> 168.3031 | L34: =F34-(I34-AK34) -> 55.103101 | M34: 4.2 | N34: 0 | O34: 0 | P34: 0 | Q34: =862900/325851/1.9835*1.02 -> 1.3617876 | R34: =(1609452/325851/1.9835-T34)*1.04 -> 1.234735 | S34: 0 | T34: =1.2528*1.04 -> 1.302912 | U34: =M34-(Q34+R34+S34+T34) -> 0.30056537 | V34: 59 | W34: 0 | X34: =M34-N34-P34-O34-Q34-R34-S34-T34-U34+V34+W34 -> 59 | Y34: =X34-AO34 -> 59 | AC34: 26.2 | AE34: 0 | AH34: 32 | AI34: =AI33-AH34 -> 3633 | AK34: =N34+O34+P34+Q34+R34+S34+T34+U34+X34+AE34+AH34 -> 95.2 | AL34: =IF(L34<0,L34*-1,0) -> 0 | AM34: =AK34+AL34 -> 95.2 | AN34: =V34 -> 59 | AO34: 0 | AV34: 0 | AW34: 43 | AX34: 34 | AZ34: =SUM(N34,P34:U34) -> 4.2
A35: =A34+1 -> 21 | B35: 6897.6 | C35: 274814 | D35: =C35-C34 -> 145 | E35: =C35-152000 -> 122814 | F35: =D35/$D$2 -> 73.103101 | G35: 122 | H35: 5.7 | I35: =G35+H35 -> 127.7 | J35: =IF(L35>0,L35,0) -> 39.823101 | K35: =I35+J35 -> 167.5231 | L35: =F35-(I35-AK35) -> 39.823101 | M35: 3.42 | N35: 0 | O35: 0 | P35: 0 | Q35: =1037800/325851/1.9835*1.02 -> 1.6378064 | R35: =(1745415/325851/1.9835-T35)*1.04 -> 1.4535126 | S35: 0 | T35: =1.2528*1.04 -> 1.302912 | U35: =M35-(Q35+R35+S35+T35) -> -0.97423104 | V35: 59 | W35: 0 | X35: =M35-N35-P35-O35-Q35-R35-S35-T35-U35+V35+W35 -> 59 | Y35: =X35-AO35 -> 59 | AC35: 24.9 | AE35: 0 | AH35: 32 | AI35: =AI34-AH35 -> 3601 | AK35: =N35+O35+P35+Q35+R35+S35+T35+U35+X35+AE35+AH35 -> 94.42 | AL35: =IF(L35<0,L35*-1,0) -> 0 | AM35: =AK35+AL35 -> 94.42 | AN35: =V35 -> 59 | AO35: 0 | AV35: 0.3 | AW35: 43 | AX35: 32 | AZ35: =SUM(N35,P35:U35) -> 3.42
A36: =A35+1 -> 22 | B36: 6897.65 | C36: 274995 | D36: =C36-C35 -> 181 | E36: =C36-152000 -> 122995 | F36: =D36/$D$2 -> 91.252836 | G36: 108 | H36: 6 | I36: =G36+H36 -> 114 | J36: =IF(L36>0,L36,0) -> 73.032836 | K36: =I36+J36 -> 187.03284 | L36: =F36-(I36-AK36) -> 73.032836 | M36: 4.78 | N36: 0 | O36: 0 | P36: 0 | Q36: =1007900/325851/1.9835*1.02 -> 1.5906197 | R36: =(1812416/325851/1.9835-T36)*1.04 -> 1.5613237 | S36: 0 | T36: =1.2528*1.04 -> 1.302912 | U36: =M36-(Q36+R36+S36+T36) -> 0.32514464 | V36: 59 | W36: 0 | X36: =M36-N36-P36-O36-Q36-R36-S36-T36-U36+V36+W36 -> 59 | Y36: =X36-AO36 -> 59 | AC36: 33.2 | AE36: 0 | AH36: 32 | AI36: =AI35-AH36 -> 3569 | AK36: =N36+O36+P36+Q36+R36+S36+T36+U36+X36+AE36+AH36 -> 95.78 | AL36: =IF(L36<0,L36*-1,0) -> 0 | AM36: =AK36+AL36 -> 95.78 | AN36: =V36 -> 59 | AO36: 0 | AV36: 0.41 | AW36: 45 | AX36: 35 | AZ36: =SUM(N36,P36:U36) -> 4.78
A37: =A36+1 -> 23 | B37: 6897.7 | C37: 275175 | D37: =C37-C36 -> 180 | E37: =C37-152000 -> 123175 | F37: =D37/$D$2 -> 90.748677 | G37: 107 | H37: 6.4 | I37: =G37+H37 -> 113.4 | J37: =IF(L37>0,L37,0) -> 72.858677 | K37: =I37+J37 -> 186.25868 | L37: =F37-(I37-AK37) -> 72.858677 | M37: 4.51 | N37: 0 | O37: 0 | P37: 0 | Q37: =1058800/325851/1.9835*1.02 -> 1.6709476 | R37: =(1995328/325851/1.9835-T37)*1.04 -> 1.8556467 | S37: 0 | T37: =1.2528*1.04 -> 1.302912 | U37: =M37-(Q37+R37+S37+T37) -> -0.31950636 | V37: 59 | W37: 0 | X37: =M37-N37-P37-O37-Q37-R37-S37-T37-U37+V37+W37 -> 59 | Y37: =X37-AO37 -> 59 | AC37: 33.4 | AE37: 0 | AH37: 32 | AI37: =AI36-AH37 -> 3537 | AK37: =N37+O37+P37+Q37+R37+S37+T37+U37+X37+AE37+AH37 -> 95.51 | AL37: =IF(L37<0,L37*-1,0) -> 0 | AM37: =AK37+AL37 -> 95.51 | AN37: =V37 -> 59 | AO37: 0 | AV37: 0.3 | AW37: 42 | AX37: 33 | AZ37: =SUM(N37,P37:U37) -> 4.51
A38: =A37+1 -> 24 | B38: 6897.71 | C38: 275212 | D38: =C38-C37 -> 37 | E38: =C38-152000 -> 123212 | F38: =D38/$D$2 -> 18.653895 | G38: 96 | H38: 5.5 | I38: =G38+H38 -> 101.5 | J38: =IF(L38>0,L38,0) -> 11.873895 | K38: =I38+J38 -> 113.37389 | L38: =F38-(I38-AK38) -> 11.873895 | M38: 3.72 | N38: 0 | O38: 0 | P38: 0 | Q38: =998500/325851/1.9835*1.02 -> 1.5757851 | R38: =(1927020/325851/1.9835-T38)*1.04 -> 1.770393 | S38: 0 | T38: =1.23*1.04 -> 1.2792 | U38: =M38-(Q38+R38+S38+T38) -> -0.9053781 | V38: 59 | W38: 0 | X38: =M38-N38-P38-O38-Q38-R38-S38-T38-U38+V38+W38 -> 59 | Y38: =X38-AO38 -> 59 | AC38: 17.2 | AE38: 0 | AH38: 32 | AI38: =AI37-AH38 -> 3505 | AK38: =N38+O38+P38+Q38+R38+S38+T38+U38+X38+AE38+AH38 -> 94.72 | AL38: =IF(L38<0,L38*-1,0) -> 0 | AM38: =AK38+AL38 -> 94.72 | AN38: =V38 -> 59 | AO38: 0 | AV38: 0 | AW38: 43 | AX38: 29 | AZ38: =SUM(N38,P38:U38) -> 3.72
A39: =A38+1 -> 25 | B39: 6897.72 | C39: 275248 | D39: =C39-C38 -> 36 | E39: =C39-152000 -> 123248 | F39: =D39/$D$2 -> 18.149735 | G39: 73 | H39: 4.5 | I39: =G39+H39 -> 77.5 | J39: =IF(L39>0,L39,0) -> 36.839735 | K39: =I39+J39 -> 114.33974 | L39: =F39-(I39-AK39) -> 36.839735 | M39: 5.19 | N39: 0 | O39: 0 | P39: 0 | Q39: =1144500/325851/1.9835*1.02 -> 1.8061953 | R39: =(1747738/325851/1.9835-T39)*1.04 -> 1.4854803 | S39: 0 | T39: =1.2267*1.04 -> 1.275768 | U39: =M39-(Q39+R39+S39+T39) -> 0.62255642 | V39: 59 | W39: 0 | X39: =M39-N39-P39-O39-Q39-R39-S39-T39-U39+V39+W39 -> 59 | Y39: =X39-AO39 -> 59 | AC39: 18.9 | AE39: 0 | AH39: 32 | AI39: =AI38-AH39 -> 3473 | AK39: =N39+O39+P39+Q39+R39+S39+T39+U39+X39+AE39+AH39 -> 96.19 | AL39: =IF(L39<0,L39*-1,0) -> 0 | AM39: =AK39+AL39 -> 96.19 | AN39: =V39 -> 59 | AO39: 0 | AV39: 0 | AW39: 45 | AX39: 26 | AZ39: =SUM(N39,P39:U39) -> 5.19
A40: =A39+1 -> 26 | B40: 6897.69 | C40: 275139 | D40: =C40-C39 -> -109 | E40: =C40-152000 -> 123139 | F40: =D40/$D$2 -> -54.953365 | G40: 65 | H40: 3.4 | I40: =G40+H40 -> 68.4 | J40: =IF(L40>0,L40,0) -> 0 | K40: =I40+J40 -> 68.4 | L40: =F40-(I40-AK40) -> -27.363365 | M40: 4.99 | N40: 0 | O40: 0 | P40: 0 | Q40: =1036800/325851/1.9835*1.02 -> 1.6362283 | R40: =(1890834/325851/1.9835-T40)*1.04 -> 1.7157356 | S40: 0 | T40: =1.2267*1.04 -> 1.275768 | U40: =M40-(Q40+R40+S40+T40) -> 0.36226816 | V40: 59 | W40: 0 | X40: =M40-N40-P40-O40-Q40-R40-S40-T40-U40+V40+W40 -> 59 | Y40: =X40-AO40 -> 59 | AE40: 0 | AH40: 32 | AI40: =AI39-AH40 -> 3441 | AK40: =N40+O40+P40+Q40+R40+S40+T40+U40+X40+AE40+AH40 -> 95.99 | AL40: =IF(L40<0,L40*-1,0) -> 27.363365 | AM40: =AK40+AL40 -> 123.35337 | AN40: =V40 -> 59 | AO40: 0 | AV40: 0 | AW40: 46 | AX40: 26 | AZ40: =SUM(N40,P40:U40) -> 4.99
A41: =A40+1 -> 27 | B41: 6897.68 | C41: 275103 | D41: =C41-C40 -> -36 | E41: =C41-152000 -> 123103 | F41: =D41/$D$2 -> -18.149735 | G41: 63 | H41: 2.6 | I41: =G41+H41 -> 65.6 | J41: =IF(L41>0,L41,0) -> 10.760265 | K41: =I41+J41 -> 76.360265 | L41: =F41-(I41-AK41) -> 10.760265 | M41: 3.51 | N41: 0 | O41: 0 | P41: 0 | Q41: =1056200/325851/1.9835*1.02 -> 1.6668444 | R41: =(1712138/325851/1.9835-T41)*1.04 -> 1.4281965 | S41: 0 | T41: =1.2267*1.04 -> 1.275768 | U41: =M41-(Q41+R41+S41+T41) -> -0.8608089 | V41: 59 | W41: 0 | X41: =M41-N41-P41-O41-Q41-R41-S41-T41-U41+V41+W41 -> 59 | Y41: =X41-AO41 -> 59 | AC41: 1.6 | AE41: 0 | AH41: 32 | AI41: =AI40-AH41 -> 3409 | AK41: =N41+O41+P41+Q41+R41+S41+T41+U41+X41+AE41+AH41 -> 94.51 | AL41: =IF(L41<0,L41*-1,0) -> 0 | AM41: =AK41+AL41 -> 94.51 | AN41: =V41 -> 59 | AO41: 0 | AV41: 0 | AW41: 36 | AX41: 23 | AZ41: =SUM(N41,P41:U41) -> 3.51
A42: =A41+1 -> 28 | B42: 6897.66 | C42: 275031 | D42: =C42-C41 -> -72 | E42: =C42-152000 -> 123031 | F42: =D42/$D$2 -> -36.299471 | G42: 62 | H42: 2.1 | I42: =G42+H42 -> 64.1 | J42: =IF(L42>0,L42,0) -> 0 | K42: =I42+J42 -> 64.1 | L42: =F42-(I42-AK42) -> -5.4694706 | M42: 3.93 | N42: 0 | O42: 0 | P42: 0 | Q42: =956000/325851/1.9835*1.02 -> 1.5087136 | R42: =(1691029/325851/1.9835-T42)*1.04 -> 1.39423 | S42: 0 | T42: =1.2267*1.04 -> 1.275768 | U42: =M42-(Q42+R42+S42+T42) -> -0.24871162 | V42: 59 | W42: 0 | X42: =M42-N42-P42-O42-Q42-R42-S42-T42-U42+V42+W42 -> 59 | Y42: =X42-AO42 -> 59 | AE42: 0 | AH42: 32 | AI42: =AI41-AH42 -> 3377 | AK42: =N42+O42+P42+Q42+R42+S42+T42+U42+X42+AE42+AH42 -> 94.93 | AL42: =IF(L42<0,L42*-1,0) -> 5.4694706 | AM42: =AK42+AL42 -> 100.39947 | AN42: =V42 -> 59 | AO42: 0 | AV42: 0 | AW42: 39 | AX42: 19 | AZ42: =SUM(N42,P42:U42) -> 3.93
A43: =A42+1 -> 29 | B43: 6897.72 | C43: 275248 | D43: =C43-C42 -> 217 | E43: =C43-152000 -> 123248 | F43: =D43/$D$2 -> 109.40257 | G43: 62 | H43: 2.1 | I43: =G43+H43 -> 64.1 | J43: =IF(L43>0,L43,0) -> 140.73257 | K43: =I43+J43 -> 204.83257 | L43: =F43-(I43-AK43) -> 140.73257 | M43: 4.43 | N43: 0 | O43: 0 | P43: 0 | Q43: =917300/325851/1.9835*1.02 -> 1.4476391 | R43: =(1860679/325851/1.9835-T43)*1.04 -> 1.6672133 | S43: 0 | T43: =1.2267*1.04 -> 1.275768 | U43: =M43-(Q43+R43+S43+T43) -> 0.039379657 | V43: 59 | W43: 0 | X43: =M43-N43-P43-O43-Q43-R43-S43-T43-U43+V43+W43 -> 59 | Y43: =X43-AO43 -> 59 | AC43: 39.9 | AE43: 0 | AH43: 32 | AI43: =AI42-AH43 -> 3345 | AK43: =N43+O43+P43+Q43+R43+S43+T43+U43+X43+AE43+AH43 -> 95.43 | AL43: =IF(L43<0,L43*-1,0) -> 0 | AM43: =AK43+AL43 -> 95.43 | AN43: =V43 -> 59 | AO43: 0 | AV43: 0.63 | AW43: 30 | AX43: 25 | AZ43: =SUM(N43,P43:U43) -> 4.43
A44: 30 | B44: 6897.8 | C44: 275537 | D44: =C44-C43 -> 289 | E44: =C44-152000 -> 123537 | F44: =D44/$D$2 -> 145.70204 | G44: 61 | H44: 2.1 | I44: =G44+H44 -> 63.1 | J44: =IF(L44>0,L44,0) -> 177.05204 | K44: =I44+J44 -> 240.15204 | L44: =F44-(I44-AK44) -> 177.05204 | M44: 3.45 | N44: 0 | O44: 0 | P44: 0 | Q44: =934300/325851/1.9835*1.02 -> 1.4744677 | R44: =(1818653/325851/1.9835-T44)*1.04 -> 1.5995894 | S44: 0 | T44: =1.2267*1.04 -> 1.275768 | U44: =M44-(Q44+R44+S44+T44) -> -0.89982504 | V44: 59 | W44: 0 | X44: =M44-N44-P44-O44-Q44-R44-S44-T44-U44+V44+W44 -> 59 | Y44: =X44-AO44 -> 59 | AC44: 62.2 | AE44: 0 | AH44: 32 | AI44: =AI43-AH44 -> 3313 | AK44: =N44+O44+P44+Q44+R44+S44+T44+U44+X44+AE44+AH44 -> 94.45 | AL44: =IF(L44<0,L44*-1,0) -> 0 | AM44: =AK44+AL44 -> 94.45 | AN44: =V44 -> 59 | AO44: 0 | AV44: 0.14 | AW44: 29 | AX44: 10 | AZ44: =SUM(N44,P44:U44) -> 3.45
A45: 31 | B45: 6897.77 | C45: 275429 | D45: =C45-C44 -> -108 | E45: =C45-152000 -> 123429 | F45: =D45/$D$2 -> -54.449206 | G45: 61 | H45: 2.1 | I45: =G45+H45 -> 63.1 | J45: =IF(L45>0,L45,0) -> 0 | K45: =I45+J45 -> 63.1 | L45: =F45-(I45-AK45) -> -22.389206 | M45: 4.16 | N45: 0 | O45: 0 | P45: 0 | Q45: =1006700/325851/1.9835*1.02 -> 1.5887259 | R45: =(1744080/325851/1.9835-T45)*1.04 -> 1.0124512 | S45: 0 | T45: =1.6586*1.04 -> 1.724944 | U45: =M45-(Q45+R45+S45+T45) -> -0.16612108 | V45: 59 | W45: 0 | X45: =M45-N45-P45-O45-Q45-R45-S45-T45-U45+V45+W45 -> 59 | Y45: =X45-AO45 -> 59 | AE45: 0 | AH45: 32 | AI45: =AI44-AH45 -> 3281 | AK45: =N45+O45+P45+Q45+R45+S45+T45+U45+X45+AE45+AH45 -> 95.16 | AL45: =IF(L45<0,L45*-1,0) -> 22.389206 | AM45: =AK45+AL45 -> 117.54921 | AN45: =V45 -> 59 | AO45: 0 | AV45: 0 | AW45: 13 | AX45: -8 | AZ45: =SUM(N45,P45:U45) -> 4.16
X46: =M46-N46-O46-Q46-R46-S46+V46+W46 -> 0 | Y46: =N46-O46-P46-R46-S46-U46+W46+X46 -> 0 | AK46: =N46+O46+Q46+R46+S46+X46+AE46+AH46 -> 0
A47: MONTH / CFS | F47: =SUM(F15:F45) -> -74.111419 | G47: =SUM(G15:G45) -> 2268 | H47: =SUM(H15:H45) -> 74.79 | I47: =SUM(I15:I45) -> 2342.79 | J47: =SUM(J15:J45) -> 770.1118 | K47: =SUM(K15:K45) -> 3112.9018 | L47: =SUM(L15:L45) -> 561.44858 | M47: =SUM(M15:M45) -> 129.35 | ... O47: =SUM(O15:O45) -> 0 | Q47: =SUM(Q15:Q45) -> 54.191382 | R47: =SUM(R15:R45) -> 49.17641 | S47: =SUM(S15:S45) -> 0 | T47: =SUM(T15:T45) -> 34.346104 | U47: =SUM(U15:U45) -> -8.3638964 | V47: =SUM(V15:V45) -> 1872 | W47: =SUM(W15:W45) -> 0 | X47: =SUM(X15:X45) -> 1872 | Y47: =SUM(Y15:Y45) -> 1872 | AC47: =SUM(AC15:AC45) -> 337 | AH47: =SUM(AH15:AH45) -> 977 | AJ47: =SUM(AJ15:AJ45) -> 0 | AK47: =SUM(AK15:AK45) -> 2978.35 | AL47: =SUM(AL15:AL45) -> 208.66322 | AM47: =SUM(AM15:AM45) -> 3187.0132 | AN47: =SUM(AN15:AN45) -> 1872 | AO47: =SUM(AO15:AO45) -> 0 | AV47: =SUM(AV15:AV45) -> 2.63 | AW47: =AVERAGE(AW15:AW45) -> 43.709677 | AX47: =AVERAGE(AX15:AX45) -> 25.354839 | AY47: Avg | AZ47: =SUM(AZ15:AZ45) -> 129.35
A48: MONTH / AF | D48: =SUM(D15:D45) -> -147 | F48: =F47*$D$2 -> -147 | G48: =G47*$D$2 -> 4498.578 | H48: =H47*$D$2 -> 148.34597 | I48: =I47*$D$2 -> 4646.924 | J48: =J47*$D$2 -> 1527.5168 | K48: =K47*$D$2 -> 6174.4407 | L48: =L47*$D$2 -> 1113.6333 | M48: =M47*$D$2 -> 256.56572 | ... O48: =O47*$D$2 -> 0 | Q48: =Q47*$D$2 -> 107.48861 | R48: =R47*$D$2 -> 97.541409 | S48: =S47*$D$2 -> 0 | T48: =T47*$D$2 -> 68.125497 | U48: =U47*$D$2 -> -16.589788 | V48: =V47*$D$2 -> 3713.112 | W48: =W47*$D$2 -> 0 | X48: =X47*$D$2 -> 3713.112 | Y48: =Y47*$D$2 -> 3713.112 | AC48: =AC47*$D$2 -> 668.4395 | AH48: =AH47*$D$2 -> 1937.8795 | AJ48: =AJ47*$D$2 -> 0 | AK48: =AK47*$D$2 -> 5907.5572 | AL48: =AL47*$D$2 -> 413.88349 | AM48: =AM47*$D$2 -> 6321.4407 | AN48: =AN47*$D$2 -> 3713.112 | AO48: =AO47*$D$2 -> 0 | AW48: =MAX(AW15:AW45) -> 55 | AX48: =MAX(AX15:AX45) -> 35 | AY48: HI | AZ48: =AZ47*$D$2 -> 256.56572
A50: SEASON / CFS | AW50: =MIN(AW15:AW45) -> 13 | AX50: =MIN(AX15:AX45) -> -8 | AY50: LO
A51: SEASON / AF
A53: YTD / CFS | F53: =F13+F47 -> -989.16057 | G53: =G13+G47 -> 4291 | H53: =H13+H47 -> 112.98 | I53: =I13+I47 -> 4403.98 | J53: =J13+J47 -> 821.74949 | K53: =K13+K47 -> 5225.7295 | L53: =L13+L47 -> 234.58943 | M53: =M13+M47 -> 365.45 | N53: =N13+N47 -> 0 | O53: 0 | Q53: =Q13+Q47 -> 106.72107 | R53: =R13+R47 -> 96.49526 | S53: =S13+S47 -> 0 | T53: =T13+T47 -> 55.520296 | U53: =U13+U47 -> -12.305852 | V53: =V13+V47 -> 3221 | W53: =W13+W47 -> 58.28 | X53: =X13+X47 -> 3398.2992 | Y53: =Y13+Y47 -> 3196.5 | AC53: =AC13+AC47 -> 999.6 | AH53: =AH13+AH47 -> 1983 | AI53: =AI45 -> 3281 | AJ53: =AJ14+AJ47 -> 0 | AK53: =AK13+AK47 -> 5627.73 | AL53: =AL13+AL47 -> 587.16007 | AM53: =AM13+AM47 -> 6214.8901 | AN53: =AN13+AN47 -> 3196.5 | AO53: =AO13+AO47 -> 201.79923 | AV53: =AV13+AV47 -> 3.2 | AZ53: =AZ13+AZ47 -> 246.43077
A54: YTD / AF | D54: =D13+D48 -> -1962 | E54: =E45 -> 123429 | F54: =F53*$D$2 -> -1962 | G54: =G53*$D$2 -> 8511.1985 | H54: =H53*$D$2 -> 224.09583 | I54: =I53*$D$2 -> 8735.2943 | J54: =J53*$D$2 -> 1629.9401 | K54: =K53*$D$2 -> 10365.234 | L54: =L53*$D$2 -> 465.30813 | M54: =M53*$D$2 -> 724.87008 | ... O54: =O53*$D$2 -> 0 | Q54: =Q53*$D$2 -> 211.68123 | R54: =R53*$D$2 -> 191.39835 | S54: =S53*$D$2 -> 0 | T54: =T53*$D$2 -> 110.12451 | U54: =U53*$D$2 -> -24.408658 | V54: =V53*$D$2 -> 6388.8535 | W54: =W53*$D$2 -> 115.59838 | X54: =X53*$D$2 -> 6740.5265 | Y54: =Y53*$D$2 -> 6340.2577 | AC54: =AC53*$D$2 -> 1982.7066 | AH54: =AH53*$D$2 -> 3933.2805 | AI54: =AI53*$D$2 -> 6507.8635 | AJ54: =AJ53*$D$2 -> 0 | AK54: =AK53*$D$2 -> 11162.602 | AL54: =AL53*$D$2 -> 1164.632 | AM54: =AM53*$D$2 -> 12327.234 | AN54: =AN53*$D$2 -> 6340.2577 | AO54: =AO53*$D$2 -> 400.26877 | AZ54: =AZ53*$D$2 -> 488.79543

Sheet JAN
K1: MCPHEE RESERVOIR INFLOW/OUTFLOW TABULATION
A2: AF/cfs CONVERT FACTOR | D2: 1.9835 | K2: JANUARY "2011"
D4: RESERVOIR | I4: INFLOW | X4: OUTFLOW | AP4: ADJUSTMENTS | AW4: WEATHER
A5: DATE | B5: RESERV | C5: RESERV | D5: AC FT | E5: ACTIVE | F5: CONV TO | G5: DOLORES | H5: LOST | I5: RECORD | J5: CALC | K5: TOTAL | L5: CALC | M5: DOLORES TUNNEL | V5: LONE | W5: U | X5: TOTAL | Y5: TOTAL | Z5: MVI | AA5: MVI | AB5: MVI | AC5: TO EX & | AD5: MVI | AE5: DV CR | AF5: D/S SENIOR | AH5: BELOW | AI5: FISH | AJ5: SPILL | AK5: RECORD | AL5: CALC | AM5: TOTAL | AN5: NAR | AO5: MVI | AP5: MVI | AQ5: MVI | AR5: DIST. | AS5: U/S | AT5: TOTTEN | AU5: UTES | AV5: RAIN | AW5: MAX | AX5: MIN | AZ5: TOTAL
A6: DEC | B6: ELEV | D6: CHANGE | E6: CAP | F6: CFS | G6: RIVER | H6: CAN | I6: INFLOW | J6: INFLOW | K6: INFLOW | L6: INF/OTF | M6: TOT DIV | N6: WET | O6: UTE | P6: QUEST | Q6: MWC | R6: CORTEZ | T6: UTE | U6: F-BAY | V6: PINE | W6: LAT | X6: MVI | Y6: MVI | Z6: CALL | AA6: CALL | AB6: APR- | AC6: U/S EX | AD6: PROJ | AE6: CANAL | AF6: MVIC | AG6: PROJ | AH6: MCP | AI6: LEFT | AK6: OTF | AL6: OTF | AM6: OTF | AN6: FILL | AO6: STOCK | AP6: STORED | AQ6: STORED | AR6: CLASS | AS6: USERS | AT6: (FRESH | AU6: FROM | AW6: TMP | AX6: TMP | AZ6: TUNNEL
N7: LAND | O7: F&R | Q7: NON - | R7: NON - | S7: PROJ | T7: PROJ | U7: BAL | X7: WATER | Y7: IRRIG. | Z7: STOR | AA7: SPILLED | AB7: JUNE | AF7: 1.7 | AG7: 1.3 | AP7: Apr - Jun | AQ7: EVAP | AR7: "B" | AS7: EXCH | AT7: WATER) | AU7: DWCD | AZ7: Misc.
Q8: PROJ | R8: PROJ | X8: USED | Y8: WATER | AA8: OR | AB8: (DIV+
R9: 4.2 | Y9: USED | AA9: USED | AB9: CALL)
C10: AC. Ft. | E10: AC FT | G10: CFS | H10: CFS | I10: CFS | J10: CFS | K10: CFS | L10: CFS | M10: CFS | N10: CFS | O10: CFS | P10: CFS | Q10: CFS | R10: CFS | S10: CFS | T10: CFS | U10: CFS | V10: CFS | W10: CFS | X10: 153400 | Y10: 150400 | AB10: 72000 | AC10: CFS | AD10: CFS | AE10: CFS | AF10: CFS | AG10: CFS | AH10: CFS | AI10: CFS | AJ10: CFS | AK10: CFS | AL10: CFS | AM10: CFS | AN10: CFS | AO10: CFS | AP10: CFS | AQ10: AC.FT. | AR10: CFS | AS10: CFS | AT10: CFS | AU10: CFS | AZ10: Outflow
N11: 1.03 | O11: 1.05 | P11: 1.02 | Q11: 1.02 | R11: 1.04 | T11: 1.04 | X11: CFS | Y11: CFS | Z11: CFS | AA11: CFS | AB11: Ac. Ft. | AZ11: CFS
A12: SEASON BAL
A13: YTD | B13: =DEC!B45 -> 6897.77 | C13: =DEC!C45 -> 275429 | D13: =DEC!D54 -> -1962 | E13: =DEC!E54 -> 123429 | F13: =DEC!F53 -> -989.16057 | G13: =DEC!G53 -> 4291 | H13: =DEC!H53 -> 112.98 | I13: =DEC!I53 -> 4403.98 | J13: =DEC!J53 -> 821.74949 | K13: =DEC!K53 -> 5225.7295 | L13: =DEC!L53 -> 234.58943 | M13: =DEC!M53 -> 365.45 | ... Y13: =DEC!Y53 -> 3196.5 | AC13: =DEC!AC53 -> 999.6 | AH13: =DEC!AH53 -> 1983 | AI13: =DEC!AI53 -> 3281 | AK13: =DEC!AK53 -> 5627.73 | AL13: =DEC!AL53 -> 587.16007 | AM13: =DEC!AM53 -> 6214.8901 | AN13: =DEC!AN53 -> 3196.5 | AO13: =DEC!AO53 -> 201.79923 | AV13: =DEC!AV53 -> 3.2 | AZ13: =DEC!AZ53 -> 246.43077
A15: 1 | B15: 6897.73 | C15: 275284 | D15: =C15-C13 -> -145 | E15: =C15-152000 -> 123284 | F15: =D15/$D$2 -> -73.103101 | G15: 67 | H15: 2 | I15: =G15+H15 -> 69 | J15: =IF(L15>0,L15,0) -> 0 | K15: =I15+J15 -> 69 | L15: =F15-(I15-AK15) -> -46.483101 | M15: 4.62 | N15: 0 | O15: 0 | P15: 0 | Q15: =1086700/325851/1.9835*1.02 -> 1.7149781 | R15: =(1746347/325851/1.9835-T15)*1.04 -> 1.5259652 | S15: 0 | T15: =1.1872*1.04 -> 1.234688 | U15: =M15-(Q15+R15+S15+T15) -> 0.14436867 | V15: 59 | W15: 0 | X15: =M15-N15-P15-O15-Q15-R15-S15-T15-U15+V15+W15 -> 59 | Y15: =X15-AO15 -> 59 | AE15: 0 | AH15: 32 | AI15: =AI13-AH15 -> 3249 | AK15: =N15+O15+P15+Q15+R15+S15+T15+U15+X15+AE15+AH15 -> 95.62 | AL15: =IF(L15<0,L15*-1,0) -> 46.483101 | AM15: =AK15+AL15 -> 142.1031 | AN15: =V15 -> 59 | AO15: 0 | AV15: 0 | AW15: 18 | AX15: -15 | AZ15: =SUM(N15,P15:U15) -> 4.62
A16: =A15+1 -> 2 | B16: 6897.7 | C16: 275175 | D16: =C16-C15 -> -109 | E16: =C16-152000 -> 123175 | F16: =D16/$D$2 -> -54.953365 | G16: 69 | H16: 1.8 | I16: =G16+H16 -> 70.8 | J16: =IF(L16>0,L16,0) -> 0 | K16: =I16+J16 -> 70.8 | L16: =F16-(I16-AK16) -> -31.093365 | M16: 3.66 | N16: 0 | O16: 0 | P16: 0 | Q16: =1177300/325851/1.9835*1.02 -> 1.8579587 | R16: =(2922462/325851/1.9835-T16)*1.04 -> 3.4184477 | S16: 0 | T16: =1.1872*1.04 -> 1.234688 | U16: =M16-(Q16+R16+S16+T16) -> -2.8510944 | V16: 59 | W16: 0 | X16: =M16-N16-P16-O16-Q16-R16-S16-T16-U16+V16+W16 -> 59 | Y16: =X16-AO16 -> 59 | AE16: 0 | AH16: 32 | AI16: =AI15-AH16 -> 3217 | AK16: =N16+O16+P16+Q16+R16+S16+T16+U16+X16+AE16+AH16 -> 94.66 | AL16: =IF(L16<0,L16*-1,0) -> 31.093365 | AM16: =AK16+AL16 -> 125.75337 | AN16: =V16 -> 59 | AO16: 0 | AV16: 0 | AW16: 24 | AX16: -18 | AZ16: =SUM(N16,P16:U16) -> 3.66
A17: =A16+1 -> 3 | B17: 6897.68 | C17: 275103 | D17: =C17-C16 -> -72 | E17: =C17-152000 -> 123103 | F17: =D17/$D$2 -> -36.299471 | G17: 58 | H17: 1.8 | I17: =G17+H17 -> 59.8 | J17: =IF(L17>0,L17,0) -> 0 | K17: =I17+J17 -> 59.8 | L17: =F17-(I17-AK17) -> -0.28947063 | M17: 4.81 | N17: 0 | O17: 0 | P17: 0 | Q17: =1290800/325851/1.9835*1.02 -> 2.037079 | R17: =((2039372+2601)/325851/1.9835-T17)*1.04 -> 2.001656 | S17: 0 | T17: =1.1872*1.04 -> 1.234688 | U17: =M17-(Q17+R17+S17+T17) -> -0.46342295 | V17: 59 | W17: 0 | X17: =M17-N17-P17-O17-Q17-R17-S17-T17-U17+V17+W17 -> 59 | Y17: =X17-AO17 -> 59 | AE17: 0 | AH17: 32 | AI17: =AI16-AH17 -> 3185 | AK17: =N17+O17+P17+Q17+R17+S17+T17+U17+X17+AE17+AH17 -> 95.81 | AL17: =IF(L17<0,L17*-1,0) -> 0.28947063 | AM17: =AK17+AL17 -> 96.099471 | AN17: =V17 -> 59 | AO17: 0 | AV17: 0 | AW17: 31 | AX17: -3 | AZ17: =SUM(N17,P17:U17) -> 4.81
A18: =A17+1 -> 4 | B18: 6897.66 | C18: 275031 | D18: =C18-C17 -> -72 | E18: =C18-152000 -> 123031 | F18: =D18/$D$2 -> -36.299471 | G18: 64 | H18: 1.8 | I18: =G18+H18 -> 65.8 | J18: =IF(L18>0,L18,0) -> 0 | K18: =I18+J18 -> 65.8 | L18: =F18-(I18-AK18) -> -6.7294706 | M18: 4.37 | N18: 0 | O18: 0 | P18: 0 | Q18: =1071600/325851/1.9835*1.02 -> 1.691148 | R18: =(1691272/325851/1.9835-T18)*1.04 -> 1.4373442 | S18: 0 | T18: =1.1872*1.04 -> 1.234688 | U18: =M18-(Q18+R18+S18+T18) -> 0.006819761 | V18: 59 | W18: 0 | X18: =M18-N18-P18-O18-Q18-R18-S18-T18-U18+V18+W18 -> 59 | Y18: =X18-AO18 -> 59 | AE18: 0 | AH18: 32 | AI18: =AI17-AH18 -> 3153 | AK18: =N18+O18+P18+Q18+R18+S18+T18+U18+X18+AE18+AH18 -> 95.37 | AL18: =IF(L18<0,L18*-1,0) -> 6.7294706 | AM18: =AK18+AL18 -> 102.09947 | AN18: =V18 -> 59 | AO18: 0 | AV18: 0 | AW18: 30 | AX18: -3 | AZ18: =SUM(N18,P18:U18) -> 4.37
A19: =A18+1 -> 5 | B19: 6897.64 | C19: 274958 | D19: =C19-C18 -> -73 | E19: =C19-152000 -> 122958 | F19: =D19/$D$2 -> -36.80363 | G19: 59 | H19: 1.8 | I19: =G19+H19 -> 60.8 | J19: =IF(L19>0,L19,0) -> 0 | K19: =I19+J19 -> 60.8 | L19: =F19-(I19-AK19) -> -2.5236299 | M19: 4.08 | N19: 0 | O19: 0 | P19: 0 | Q19: =1132200/325851/1.9835*1.02 -> 1.786784 | R19: =(1751618/325851/1.9835-T19)*1.04 -> 1.5344468 | S19: 0 | T19: =1.1872*1.04 -> 1.234688 | U19: =M19-(Q19+R19+S19+T19) -> -0.4759188 | V19: 59 | W19: 0 | X19: =M19-N19-P19-O19-Q19-R19-S19-T19-U19+V19+W19 -> 59 | Y19: =X19-AO19 -> 59 | AE19: 0 | AH19: 32 | AI19: =AI18-AH19 -> 3121 | AK19: =N19+O19+P19+Q19+R19+S19+T19+U19+X19+AE19+AH19 -> 95.08 | AL19: =IF(L19<0,L19*-1,0) -> 2.5236299 | AM19: =AK19+AL19 -> 97.60363 | AN19: =V19 -> 59 | AO19: 0 | AV19: 0 | AW19: 30 | AX19: 5 | AZ19: =SUM(N19,P19:U19) -> 4.08
A20: =A19+1 -> 6 | B20: 6897.62 | C20: 274886 | D20: =C20-C19 -> -72 | E20: =C20-152000 -> 122886 | F20: =D20/$D$2 -> -36.299471 | G20: 53 | H20: 1.8 | I20: =G20+H20 -> 54.8 | J20: =IF(L20>0,L20,0) -> 3.8005294 | K20: =I20+J20 -> 58.600529 | L20: =F20-(I20-AK20) -> 3.8005294 | M20: 3.9 | N20: 0 | O20: 0 | P20: 0 | Q20: =974000/325851/1.9835*1.02 -> 1.5371203 | R20: =(1764070/325851/1.9835-T20)*1.04 -> 1.5544833 | S20: 0 | T20: =1.1872*1.04 -> 1.234688 | U20: =M20-(Q20+R20+S20+T20) -> -0.42629158 | V20: 59 | W20: 0 | X20: =M20-N20-P20-O20-Q20-R20-S20-T20-U20+V20+W20 -> 59 | Y20: =X20-AO20 -> 59 | AE20: 0 | AH20: 32 | AI20: =AI19-AH20 -> 3089 | AK20: =N20+O20+P20+Q20+R20+S20+T20+U20+X20+AE20+AH20 -> 94.9 | AL20: =IF(L20<0,L20*-1,0) -> 0 | AM20: =AK20+AL20 -> 94.9 | AN20: =V20 -> 59 | AO20: 0 | AV20: 0 | AW20: 30 | AX20: 6 | AZ20: =SUM(N20,P20:U20) -> 3.9
A21: =A20+1 -> 7 | B21: 6897.6 | C21: 274814 | D21: =C21-C20 -> -72 | E21: =C21-152000 -> 122814 | F21: =D21/$D$2 -> -36.299471 | G21: 51 | H21: 1.8 | I21: =G21+H21 -> 52.8 | J21: =IF(L21>0,L21,0) -> 5.8005294 | K21: =I21+J21 -> 58.600529 | L21: =F21-(I21-AK21) -> 5.8005294 | M21: 3.9 | N21: 0 | O21: 0 | P21: 0 | Q21: =1107400/325851/1.9835*1.02 -> 1.7476458 | R21: =((2322249+1198)/325851/1.9835-T21)*1.04 -> 2.3298663 | S21: 0 | T21: =1.3025*1.04 -> 1.3546 | U21: =M21-(Q21+R21+S21+T21) -> -1.5321122 | V21: 59 | W21: 0 | X21: =M21-N21-P21-O21-Q21-R21-S21-T21-U21+V21+W21 -> 59 | Y21: =X21-AO21 -> 59 | AE21: 0 | AH21: 32 | AI21: =AI20-AH21 -> 3057 | AK21: =N21+O21+P21+Q21+R21+S21+T21+U21+X21+AE21+AH21 -> 94.9 | AL21: =IF(L21<0,L21*-1,0) -> 0 | AM21: =AK21+AL21 -> 94.9 | AN21: =V21 -> 59 | AO21: 0 | AV21: 0 | AW21: 32 | AX21: 4 | AZ21: =SUM(N21,P21:U21) -> 3.9
A22: =A21+1 -> 8 | B22: 6897.58 | C22: 274741 | D22: =C22-C21 -> -73 | E22: =C22-152000 -> 122741 | F22: =D22/$D$2 -> -36.80363 | G22: 57 | H22: 1.8 | I22: =G22+H22 -> 58.8 | J22: =IF(L22>0,L22,0) -> 0 | K22: =I22+J22 -> 58.8 | L22: =F22-(I22-AK22) -> -0.70362995 | M22: 3.9 | N22: 0 | O22: 0 | P22: 0 | Q22: =987100/325851/1.9835*1.02 -> 1.5577941 | R22: =((2242332+910)/325851/1.9835-T22)*1.04 -> 2.2008087 | S22: 0 | T22: =1.3025*1.04 -> 1.3546 | U22: =M22-(Q22+R22+S22+T22) -> -1.2132029 | V22: 59 | W22: 0 | X22: =M22-N22-P22-O22-Q22-R22-S22-T22-U22+V22+W22 -> 59 | Y22: =X22-AO22 -> 59 | AE22: 0 | AH22: 32 | AI22: =AI21-AH22 -> 3025 | AK22: =N22+O22+P22+Q22+R22+S22+T22+U22+X22+AE22+AH22 -> 94.9 | AL22: =IF(L22<0,L22*-1,0) -> 0.70362995 | AM22: =AK22+AL22 -> 95.60363 | AN22: =V22 -> 59 | AO22: 0 | AV22: 0 | AW22: 31 | AX22: 4 | AZ22: =SUM(N22,P22:U22) -> 3.9
A23: =A22+1 -> 9 | B23: 6897.56 | C23: 274669 | D23: =C23-C22 -> -72 | E23: =C23-152000 -> 122669 | F23: =D23/$D$2 -> -36.299471 | G23: 65 | H23: 1.8 | I23: =G23+H23 -> 66.8 | J23: =IF(L23>0,L23,0) -> 0 | K23: =I23+J23 -> 66.8 | L23: =F23-(I23-AK23) -> -7.7594706 | M23: 4.34 | N23: 0 | O23: 0 | P23: 0 | Q23: =1224500/325851/1.9835*1.02 -> 1.9324475 | R23: =(1730069/325851/1.9835-T23)*1.04 -> 1.3750639 | S23: 0 | T23: =1.3025*1.04 -> 1.3546 | U23: =M23-(Q23+R23+S23+T23) -> -0.32211136 | V23: 59 | W23: 0 | X23: =M23-N23-P23-O23-Q23-R23-S23-T23-U23+V23+W23 -> 59 | Y23: =X23-AO23 -> 59 | AE23: 0 | AH23: 32 | AI23: =AI22-AH23 -> 2993 | AK23: =N23+O23+P23+Q23+R23+S23+T23+U23+X23+AE23+AH23 -> 95.34 | AL23: =IF(L23<0,L23*-1,0) -> 7.7594706 | AM23: =AK23+AL23 -> 103.09947 | AN23: =V23 -> 59 | AO23: 0 | AV23: 0 | AW23: 34 | AX23: 19 | AZ23: =SUM(N23,P23:U23) -> 4.34
A24: =A23+1 -> 10 | B24: 6897.54 | C24: 274597 | D24: =C24-C23 -> -72 | E24: =C24-152000 -> 122597 | F24: =D24/$D$2 -> -36.299471 | G24: 51 | H24: 1.8 | I24: =G24+H24 -> 52.8 | J24: =IF(L24>0,L24,0) -> 6.8005294 | K24: =I24+J24 -> 59.600529 | L24: =F24-(I24-AK24) -> 6.8005294 | M24: 4.9 | N24: 0 | O24: 0 | P24: 0 | Q24: =1008000/325851/1.9835*1.02 -> 1.5907775 | R24: =(1651337/325851/1.9835-T24)*1.04 -> 1.2483765 | S24: 0 | T24: =1.3025*1.04 -> 1.3546 | U24: =M24-(Q24+R24+S24+T24) -> 0.70624599 | V24: 59 | W24: 0 | X24: =M24-N24-P24-O24-Q24-R24-S24-T24-U24+V24+W24 -> 59 | Y24: =X24-AO24 -> 59 | AE24: 0 | AH24: 32 | AI24: =AI23-AH24 -> 2961 | AK24: =N24+O24+P24+Q24+R24+S24+T24+U24+X24+AE24+AH24 -> 95.9 | AL24: =IF(L24<0,L24*-1,0) -> 0 | AM24: =AK24+AL24 -> 95.9 | AN24: =V24 -> 59 | AO24: 0 | AV24: 0 | AW24: 21 | AX24: -5 | AZ24: =SUM(N24,P24:U24) -> 4.9
A25: =A24+1 -> 11 | B25: 6897.52 | C25: 274524 | D25: =C25-C24 -> -73 | E25: =C25-152000 -> 122524 | F25: =D25/$D$2 -> -36.80363 | G25: 47 | H25: 1.8 | I25: =G25+H25 -> 48.8 | J25: =IF(L25>0,L25,0) -> 9.0663701 | K25: =I25+J25 -> 57.86637 | L25: =F25-(I25-AK25) -> 9.0663701 | M25: 3.67 | N25: 0 | O25: 0 | P25: 0 | Q25: =1095200/325851/1.9835*1.02 -> 1.7283924 | R25: =(2257389/325851/1.9835-T25)*1.04 -> 2.2235726 | S25: 0 | T25: =1.3025*1.04 -> 1.3546 | U25: =M25-(Q25+R25+S25+T25) -> -1.636565 | V25: 59 | W25: 0 | X25: =M25-N25-P25-O25-Q25-R25-S25-T25-U25+V25+W25 -> 59 | Y25: =X25-AO25 -> 59 | AE25: 0 | AH25: 32 | AI25: =AI24-AH25 -> 2929 | AK25: =N25+O25+P25+Q25+R25+S25+T25+U25+X25+AE25+AH25 -> 94.67 | AL25: =IF(L25<0,L25*-1,0) -> 0 | AM25: =AK25+AL25 -> 94.67 | AN25: =V25 -> 59 | AO25: 0 | AV25: 0 | AW25: 23 | AX25: -4 | AZ25: =SUM(N25,P25:U25) -> 3.67
A26: =A25+1 -> 12 | B26: 6897.49 | C26: 274415 | D26: =C26-C25 -> -109 | E26: =C26-152000 -> 122415 | F26: =D26/$D$2 -> -54.953365 | G26: 55 | H26: 1.8 | I26: =G26+H26 -> 56.8 | J26: =IF(L26>0,L26,0) -> 0 | K26: =I26+J26 -> 56.8 | L26: =F26-(I26-AK26) -> -15.383365 | M26: 5.37 | N26: 0 | O26: 0 | P26: 0 | Q26: =936800/325851/1.9835*1.02 -> 1.4784131 | R26: =((1987530+271)/325851/1.9835-T26)*1.04 -> 1.7897795 | S26: 0 | T26: =1.3025*1.04 -> 1.3546 | U26: =M26-(Q26+R26+S26+T26) -> 0.74720741 | V26: 59 | W26: 0 | X26: =M26-N26-P26-O26-Q26-R26-S26-T26-U26+V26+W26 -> 59 | Y26: =X26-AO26 -> 59 | AE26: 0 | AH26: 32 | AI26: =AI25-AH26 -> 2897 | AK26: =N26+O26+P26+Q26+R26+S26+T26+U26+X26+AE26+AH26 -> 96.37 | AL26: =IF(L26<0,L26*-1,0) -> 15.383365 | AM26: =AK26+AL26 -> 111.75337 | AN26: =V26 -> 59 | AO26: 0 | AV26: 0 | AW26: 35 | AX26: 11 | AZ26: =SUM(N26,P26:U26) -> 5.37
A27: =A26+1 -> 13 | B27: 6897.46 | C27: 274307 | D27: =C27-C26 -> -108 | E27: =C27-152000 -> 122307 | F27: =D27/$D$2 -> -54.449206 | G27: 60 | H27: 1.8 | I27: =G27+H27 -> 61.8 | J27: =IF(L27>0,L27,0) -> 0 | K27: =I27+J27 -> 61.8 | L27: =F27-(I27-AK27) -> -21.039206 | M27: 4.21 | N27: 0 | O27: 0 | P27: 0 | Q27: =1036900/325851/1.9835*1.02 -> 1.6363861 | R27: =(2001357/325851/1.9835-T27)*1.04 -> 1.8115924 | S27: 0 | T27: =1.3025*1.04 -> 1.3546 | U27: =M27-(Q27+R27+S27+T27) -> -0.59257855 | V27: 59 | W27: 0 | X27: =M27-N27-P27-O27-Q27-R27-S27-T27-U27+V27+W27 -> 59 | Y27: =X27-AO27 -> 59 | AE27: 0 | AH27: 32 | AI27: =AI26-AH27 -> 2865 | AK27: =N27+O27+P27+Q27+R27+S27+T27+U27+X27+AE27+AH27 -> 95.21 | AL27: =IF(L27<0,L27*-1,0) -> 21.039206 | AM27: =AK27+AL27 -> 116.24921 | AN27: =V27 -> 59 | AO27: 0 | AV27: 0 | AW27: 35 | AX27: 11 | AZ27: =SUM(N27,P27:U27) -> 4.21
A28: =A27+1 -> 14 | B28: 6897.43 | C28: 274199 | D28: =C28-C27 -> -108 | E28: =C28-152000 -> 122199 | F28: =D28/$D$2 -> -54.449206 | G28: 55 | H28: 1.8 | I28: =G28+H28 -> 56.8 | J28: =IF(L28>0,L28,0) -> 0 | K28: =I28+J28 -> 56.8 | L28: =F28-(I28-AK28) -> -15.269206 | M28: 4.98 | N28: 0 | O28: 0 | P28: 0 | Q28: =1009000/325851/1.9835*1.02 -> 1.5923557 | R28: =(1847682/325851/1.9835-T28)*1.04 -> 1.421327 | S28: 0 | T28: =1.4347*1.04 -> 1.492088 | U28: =M28-(Q28+R28+S28+T28) -> 0.47422932 | V28: 59 | W28: 0 | X28: =M28-N28-P28-O28-Q28-R28-S28-T28-U28+V28+W28 -> 59 | Y28: =X28-AO28 -> 59 | AE28: 0 | AH28: 32 | AI28: =AI27-AH28 -> 2833 | AK28: =N28+O28+P28+Q28+R28+S28+T28+U28+X28+AE28+AH28 -> 95.98 | AL28: =IF(L28<0,L28*-1,0) -> 15.269206 | AM28: =AK28+AL28 -> 111.24921 | AN28: =V28 -> 59 | AO28: 0 | AV28: 0 | AW28: 44 | AX28: 22 | AZ28: =SUM(N28,P28:U28) -> 4.98
A29: =A28+1 -> 15 | B29: 6897.4 | C29: 274090 | D29: =C29-C28 -> -109 | E29: =C29-152000 -> 122090 | F29: =D29/$D$2 -> -54.953365 | G29: 57 | H29: 1.8 | I29: =G29+H29 -> 58.8 | J29: =IF(L29>0,L29,0) -> 0 | K29: =I29+J29 -> 58.8 | L29: =F29-(I29-AK29) -> -17.973365 | M29: 4.78 | N29: 0 | O29: 0 | P29: 0 | Q29: =1003800/325851/1.9835*1.02 -> 1.5841493 | R29: =(2060858/325851/1.9835-T29)*1.04 -> 1.7643478 | S29: 0 | T29: =1.4347*1.04 -> 1.492088 | U29: =M29-(Q29+R29+S29+T29) -> -0.060585034 | V29: 59 | W29: 0 | X29: =M29-N29-P29-O29-Q29-R29-S29-T29-U29+V29+W29 -> 59 | Y29: =X29-AO29 -> 59 | AE29: 0 | AH29: 32 | AI29: =AI28-AH29 -> 2801 | AK29: =N29+O29+P29+Q29+R29+S29+T29+U29+X29+AE29+AH29 -> 95.78 | AL29: =IF(L29<0,L29*-1,0) -> 17.973365 | AM29: =AK29+AL29 -> 113.75337 | AN29: =V29 -> 59 | AO29: 0 | AV29: 0 | AW29: 45 | AX29: 18 | AZ29: =SUM(N29,P29:U29) -> 4.78
A30: =A29+1 -> 16 | B30: 6897.38 | C30: 274018 | D30: =C30-C29 -> -72 | E30: =C30-152000 -> 122018 | F30: =D30/$D$2 -> -36.299471 | G30: 57 | H30: 1.8 | I30: =G30+H30 -> 58.8 | J30: =IF(L30>0,L30,0) -> 0.52052937 | K30: =I30+J30 -> 59.320529 | L30: =F30-(I30-AK30) -> 0.52052937 | M30: 4.62 | N30: 0 | O30: 0 | P30: 0 | Q30: =1177200/325851/1.9835*1.02 -> 1.8578009 | R30: =(2283827/325851/1.9835-T30)*1.04 -> 2.1231264 | S30: 0 | T30: =1.4347*1.04 -> 1.492088 | U30: =M30-(Q30+R30+S30+T30) -> -0.85301527 | V30: 59 | W30: 0 | X30: =M30-N30-P30-O30-Q30-R30-S30-T30-U30+V30+W30 -> 59 | Y30: =X30-AO30 -> 59 | AE30: 0 | AH30: 32 | AI30: =AI29-AH30 -> 2769 | AK30: =N30+O30+P30+Q30+R30+S30+T30+U30+X30+AE30+AH30 -> 95.62 | AL30: =IF(L30<0,L30*-1,0) -> 0 | AM30: =AK30+AL30 -> 95.62 | AN30: =V30 -> 59 | AO30: 0 | AV30: 0 | AW30: 43 | AX30: 19 | AZ30: =SUM(N30,P30:U30) -> 4.62
A31: =A30+1 -> 17 | B31: 6897.37 | C31: 273982 | D31: =C31-C30 -> -36 | E31: =C31-152000 -> 121982 | F31: =D31/$D$2 -> -18.149735 | G31: 57 | H31: 2 | I31: =G31+H31 -> 59 | J31: =IF(L31>0,L31,0) -> 18.470265 | K31: =I31+J31 -> 77.470265 | L31: =F31-(I31-AK31) -> 18.470265 | M31: 4.62 | N31: 0 | O31: 0 | P31: 0 | Q31: =1048200/325851/1.9835*1.02 -> 1.6542192 | R31: =(1645098/325851/1.9835-T31)*1.04 -> 1.0953498 | S31: 0 | T31: =1.4347*1.04 -> 1.492088 | U31: =M31-(Q31+R31+S31+T31) -> 0.37834294 | V31: 59 | W31: 0 | X31: =M31-N31-P31-O31-Q31-R31-S31-T31-U31+V31+W31 -> 59 | Y31: =X31-AO31 -> 59 | AC31: 16.6 | AE31: 0 | AH31: 32 | AI31: =AI30-AH31 -> 2737 | AK31: =N31+O31+P31+Q31+R31+S31+T31+U31+X31+AE31+AH31 -> 95.62 | AL31: =IF(L31<0,L31*-1,0) -> 0 | AM31: =AK31+AL31 -> 95.62 | AN31: =V31 -> 59 | AO31: 0 | AV31: 0 | AW31: 48 | AX31: 23 | AZ31: =SUM(N31,P31:U31) -> 4.62
A32: =A31+1 -> 18 | B32: 6897.36 | C32: 273946 | D32: =C32-C31 -> -36 | E32: =C32-152000 -> 121946 | F32: =D32/$D$2 -> -18.149735 | G32: 57 | H32: 2.3 | I32: =G32+H32 -> 59.3 | J32: =IF(L32>0,L32,0) -> 18.140265 | K32: =I32+J32 -> 77.440265 | L32: =F32-(I32-AK32) -> 18.140265 | M32: 4.59 | N32: 0 | O32: 0 | P32: 0 | Q32: =1101100/325851/1.9835*1.02 -> 1.7377035 | R32: =(2214934/325851/1.9835-T32)*1.04 -> 2.0122709 | S32: 0 | T32: =1.4347*1.04 -> 1.492088 | U32: =M32-(Q32+R32+S32+T32) -> -0.6520624 | V32: 59 | W32: 0 | X32: =M32-N32-P32-O32-Q32-R32-S32-T32-U32+V32+W32 -> 59 | Y32: =X32-AO32 -> 59 | AC32: 15.5 | AE32: 0 | AH32: 32 | AI32: =AI31-AH32 -> 2705 | AK32: =N32+O32+P32+Q32+R32+S32+T32+U32+X32+AE32+AH32 -> 95.59 | AL32: =IF(L32<0,L32*-1,0) -> 0 | AM32: =AK32+AL32 -> 95.59 | AN32: =V32 -> 59 | AO32: 0 | AV32: 0 | AW32: 45 | AX32: 23 | AZ32: =SUM(N32,P32:U32) -> 4.59
A33: =A32+1 -> 19 | B33: 6897.34 | C33: 273873 | D33: =C33-C32 -> -73 | E33: =C33-152000 -> 121873 | F33: =D33/$D$2 -> -36.80363 | G33: 62 | H33: 2.2 | I33: =G33+H33 -> 64.2 | J33: =IF(L33>0,L33,0) -> 0 | K33: =I33+J33 -> 64.2 | L33: =F33-(I33-AK33) -> -5.6536299 | M33: 4.35 | N33: 0 | O33: 0 | P33: 0 | Q33: =978200/325851/1.9835*1.02 -> 1.5437486 | R33: =(1712055/325851/1.9835-T33)*1.04 -> 1.2030901 | S33: 0 | T33: =1.4347*1.04 -> 1.492088 | U33: =M33-(Q33+R33+S33+T33) -> 0.11107333 | V33: 59 | W33: 0 | X33: =M33-N33-P33-O33-Q33-R33-S33-T33-U33+V33+W33 -> 59 | Y33: =X33-AO33 -> 59 | AE33: 0 | AH33: 32 | AI33: =AI32-AH33 -> 2673 | AK33: =N33+O33+P33+Q33+R33+S33+T33+U33+X33+AE33+AH33 -> 95.35 | AL33: =IF(L33<0,L33*-1,0) -> 5.6536299 | AM33: =AK33+AL33 -> 101.00363 | AN33: =V33 -> 59 | AO33: 0 | AV33: 0 | AW33: 41 | AX33: 25 | AZ33: =SUM(N33,P33:U33) -> 4.35
A34: =A33+1 -> 20 | B34: 6897.32 | C34: 273801 | D34: =C34-C33 -> -72 | E34: =C34-152000 -> 121801 | F34: =D34/$D$2 -> -36.299471 | G34: 49 | H34: 2.1 | I34: =G34+H34 -> 51.1 | J34: =IF(L34>0,L34,0) -> 8.3705294 | K34: =I34+J34 -> 59.470529 | L34: =F34-(I34-AK34) -> 8.3705294 | M34: 4.77 | N34: 0 | O34: 0 | P34: 0 | Q34: =893200/325851/1.9835*1.02 -> 1.4096056 | R34: =(1945499/325851/1.9835-T34)*1.04 -> 1.578724 | S34: 0 | T34: =1.4347*1.04 -> 1.492088 | U34: =M34-(Q34+R34+S34+T34) -> 0.28958237 | V34: 59 | W34: 0 | X34: =M34-N34-P34-O34-Q34-R34-S34-T34-U34+V34+W34 -> 59 | Y34: =X34-AO34 -> 59 | AE34: 0 | AH34: 32 | AI34: =AI33-AH34 -> 2641 | AK34: =N34+O34+P34+Q34+R34+S34+T34+U34+X34+AE34+AH34 -> 95.77 | AL34: =IF(L34<0,L34*-1,0) -> 0 | AM34: =AK34+AL34 -> 95.77 | AN34: =V34 -> 59 | AO34: 0 | AV34: 0 | AW34: 37 | AX34: 11 | AZ34: =SUM(N34,P34:U34) -> 4.77
A35: =A34+1 -> 21 | B35: 6897.3 | C35: 273728 | D35: =C35-C34 -> -73 | E35: =C35-152000 -> 121728 | F35: =D35/$D$2 -> -36.80363 | G35: 51 | H35: 1.8 | I35: =G35+H35 -> 52.8 | J35: =IF(L35>0,L35,0) -> 5.6263701 | K35: =I35+J35 -> 58.42637 | L35: =F35-(I35-AK35) -> 5.6263701 | M35: 4.23 | N35: 0 | O35: 0 | P35: 0 | Q35: =987100/325851/1.9835*1.02 -> 1.5577941 | R35: =(2253478/325851/1.9835-T35)*1.04 -> 2.2633556 | S35: 0 | T35: =1.2599*1.04 -> 1.310296 | U35: =M35-(Q35+R35+S35+T35) -> -0.90144573 | V35: 59 | W35: 0 | X35: =M35-N35-P35-O35-Q35-R35-S35-T35-U35+V35+W35 -> 59 | Y35: =X35-AO35 -> 59 | AE35: 0 | AH35: 32 | AI35: =AI34-AH35 -> 2609 | AK35: =N35+O35+P35+Q35+R35+S35+T35+U35+X35+AE35+AH35 -> 95.23 | AL35: =IF(L35<0,L35*-1,0) -> 0 | AM35: =AK35+AL35 -> 95.23 | AN35: =V35 -> 59 | AO35: 0 | AV35: 0 | AW35: 43 | AX35: 16 | AZ35: =SUM(N35,P35:U35) -> 4.23
A36: =A35+1 -> 22 | B36: 6897.28 | C36: 273656 | D36: =C36-C35 -> -72 | E36: =C36-152000 -> 121656 | F36: =D36/$D$2 -> -36.299471 | G36: 51 | H36: 2 | I36: =G36+H36 -> 53 | J36: =IF(L36>0,L36,0) -> 6.3205294 | K36: =I36+J36 -> 59.320529 | L36: =F36-(I36-AK36) -> 6.3205294 | M36: 4.62 | N36: 0 | O36: 0 | P36: 0 | Q36: =1095900/325851/1.9835*1.02 -> 1.7294971 | R36: =(1813532/325851/1.9835-T36)*1.04 -> 1.5554401 | S36: 0 | T36: =1.2599*1.04 -> 1.310296 | U36: =M36-(Q36+R36+S36+T36) -> 0.024766849 | V36: 59 | W36: 0 | X36: =M36-N36-P36-O36-Q36-R36-S36-T36-U36+V36+W36 -> 59 | Y36: =X36-AO36 -> 59 | AE36: 0 | AH36: 32 | AI36: =AI35-AH36 -> 2577 | AK36: =N36+O36+P36+Q36+R36+S36+T36+U36+X36+AE36+AH36 -> 95.62 | AL36: =IF(L36<0,L36*-1,0) -> 0 | AM36: =AK36+AL36 -> 95.62 | AN36: =V36 -> 59 | AO36: 0 | AV36: 0 | AW36: 41 | AX36: 21 | AZ36: =SUM(N36,P36:U36) -> 4.62
A37: =A36+1 -> 23 | B37: 6897.26 | C37: 273584 | D37: =C37-C36 -> -72 | E37: =C37-152000 -> 121584 | F37: =D37/$D$2 -> -36.299471 | G37: 55 | H37: 1.8 | I37: =G37+H37 -> 56.8 | J37: =IF(L37>0,L37,0) -> 2.1605294 | K37: =I37+J37 -> 58.960529 | L37: =F37-(I37-AK37) -> 2.1605294 | M37: 4.26 | N37: 0 | O37: 0 | P37: 0 | Q37: =919500/325851/1.9835*1.02 -> 1.451111 | R37: =(1708665/325851/1.9835-T37)*1.04 -> 1.3866989 | S37: 0 | T37: =1.2599*1.04 -> 1.310296 | U37: =M37-(Q37+R37+S37+T37) -> 0.11189403 | V37: 59 | W37: 0 | X37: =M37-N37-P37-O37-Q37-R37-S37-T37-U37+V37+W37 -> 59 | Y37: =X37-AO37 -> 59 | AE37: 0 | AH37: 32 | AI37: =AI36-AH37 -> 2545 | AK37: =N37+O37+P37+Q37+R37+S37+T37+U37+X37+AE37+AH37 -> 95.26 | AL37: =IF(L37<0,L37*-1,0) -> 0 | AM37: =AK37+AL37 -> 95.26 | AN37: =V37 -> 59 | AO37: 0 | AV37: 0 | AW37: 40 | AX37: 15 | AZ37: =SUM(N37,P37:U37) -> 4.26
A38: =A37+1 -> 24 | B38: 6897.23 | C38: 273475 | D38: =C38-C37 -> -109 | E38: =C38-152000 -> 121475 | F38: =D38/$D$2 -> -54.953365 | G38: 55 | H38: 1.8 | I38: =G38+H38 -> 56.8 | J38: =IF(L38>0,L38,0) -> 0 | K38: =I38+J38 -> 56.8 | L38: =F38-(I38-AK38) -> -15.273365 | M38: 5.48 | N38: 0 | O38: 0 | P38: 0 | Q38: =1159000/325851/1.9835*1.02 -> 1.8290785 | R38: =(1693302/325851/1.9835-T38)*1.04 -> 1.3619784 | S38: 0 | T38: =1.2599*1.04 -> 1.310296 | U38: =M38-(Q38+R38+S38+T38) -> 0.97864711 | V38: 59 | W38: 0 | X38: =M38-N38-P38-O38-Q38-R38-S38-T38-U38+V38+W38 -> 59 | Y38: =X38-AO38 -> 59 | AE38: 0 | AH38: 32 | AI38: =AI37-AH38 -> 2513 | AK38: =N38+O38+P38+Q38+R38+S38+T38+U38+X38+AE38+AH38 -> 96.48 | AL38: =IF(L38<0,L38*-1,0) -> 15.273365 | AM38: =AK38+AL38 -> 111.75337 | AN38: =V38 -> 59 | AO38: 0 | AV38: 0 | AW38: 36 | AX38: 15 | AZ38: =SUM(N38,P38:U38) -> 5.48
A39: =A38+1 -> 25 | B39: 6897.2 | C39: 273367 | D39: =C39-C38 -> -108 | E39: =C39-152000 -> 121367 | F39: =D39/$D$2 -> -54.449206 | G39: 55 | H39: 2 | I39: =G39+H39 -> 57 | J39: =IF(L39>0,L39,0) -> 0 | K39: =I39+J39 -> 57 | L39: =F39-(I39-AK39) -> -14.999206 | M39: 5.45 | N39: 0 | O39: 0 | P39: 0 | Q39: =1143000/325851/1.9835*1.02 -> 1.8038281 | R39: =((1626494+852)/325851/1.9835-T39)*1.04 -> 1.2558488 | S39: 0 | T39: =1.2599*1.04 -> 1.310296 | U39: =M39-(Q39+R39+S39+T39) -> 1.0800271 | V39: 59 | W39: 0 | X39: =M39-N39-P39-O39-Q39-R39-S39-T39-U39+V39+W39 -> 59 | Y39: =X39-AO39 -> 59 | AE39: 0 | AH39: 32 | AI39: =AI38-AH39 -> 2481 | AK39: =N39+O39+P39+Q39+R39+S39+T39+U39+X39+AE39+AH39 -> 96.45 | AL39: =IF(L39<0,L39*-1,0) -> 14.999206 | AM39: =AK39+AL39 -> 111.44921 | AN39: =V39 -> 59 | AO39: 0 | AV39: 0 | AW39: 36 | AX39: 14 | AZ39: =SUM(N39,P39:U39) -> 5.45
A40: =A39+1 -> 26 | B40: 6897.18 | C40: 273294 | D40: =C40-C39 -> -73 | E40: =C40-152000 -> 121294 | F40: =D40/$D$2 -> -36.80363 | G40: 60 | H40: 2.1 | I40: =G40+H40 -> 62.1 | J40: =IF(L40>0,L40,0) -> 0 | K40: =I40+J40 -> 62.1 | L40: =F40-(I40-AK40) -> -2.6136299 | M40: 5.29 | N40: 0 | O40: 0 | P40: 0 | Q40: =885000/325851/1.9835*1.02 -> 1.3966648 | R40: =(2323566/325851/1.9835-T40)*1.04 -> 2.376134 | S40: 0 | T40: =1.2599*1.04 -> 1.310296 | U40: =M40-(Q40+R40+S40+T40) -> 0.20690527 | V40: 59 | W40: 0 | X40: =M40-N40-P40-O40-Q40-R40-S40-T40-U40+V40+W40 -> 59 | Y40: =X40-AO40 -> 59 | AE40: 0 | AH40: 32 | AI40: =AI39-AH40 -> 2449 | AK40: =N40+O40+P40+Q40+R40+S40+T40+U40+X40+AE40+AH40 -> 96.29 | AL40: =IF(L40<0,L40*-1,0) -> 2.6136299 | AM40: =AK40+AL40 -> 98.90363 | AN40: =V40 -> 59 | AO40: 0 | AV40: 0 | AW40: 46 | AX40: 22 | AZ40: =SUM(N40,P40:U40) -> 5.29
A41: =A40+1 -> 27 | B41: 6897.16 | C41: 273222 | D41: =C41-C40 -> -72 | E41: =C41-152000 -> 121222 | F41: =D41/$D$2 -> -36.299471 | G41: 55 | H41: 2 | I41: =G41+H41 -> 57 | J41: =IF(L41>0,L41,0) -> 2.7805294 | K41: =I41+J41 -> 59.780529 | L41: =F41-(I41-AK41) -> 2.7805294 | M41: 5.08 | N41: 0 | O41: 0 | P41: 0 | Q41: =920300/325851/1.9835*1.02 -> 1.4523735 | R41: =(1946770/325851/1.9835-T41)*1.04 -> 1.7698329 | S41: 0 | T41: =1.2599*1.04 -> 1.310296 | U41: =M41-(Q41+R41+S41+T41) -> 0.5474976 | V41: 59 | W41: 0 | X41: =M41-N41-P41-O41-Q41-R41-S41-T41-U41+V41+W41 -> 59 | Y41: =X41-AO41 -> 59 | AE41: 0 | AH41: 32 | AI41: =AI40-AH41 -> 2417 | AK41: =N41+O41+P41+Q41+R41+S41+T41+U41+X41+AE41+AH41 -> 96.08 | AL41: =IF(L41<0,L41*-1,0) -> 0 | AM41: =AK41+AL41 -> 96.08 | AN41: =V41 -> 59 | AO41: 0 | AV41: 0 | AW41: 47 | AX41: 16 | AZ41: =SUM(N41,P41:U41) -> 5.08
A42: =A41+1 -> 28 | B42: 6897.14 | C42: 273150 | D42: =C42-C41 -> -72 | E42: =C42-152000 -> 121150 | F42: =D42/$D$2 -> -36.299471 | G42: 59 | H42: 1.9 | I42: =G42+H42 -> 60.9 | J42: =IF(L42>0,L42,0) -> 0 | K42: =I42+J42 -> 60.9 | L42: =F42-(I42-AK42) -> -1.2094706 | M42: 4.99 | N42: 0 | O42: 0 | P42: 0 | Q42: =955100/325851/1.9835*1.02 -> 1.5072932 | R42: =(1902787/325851/1.9835-T42)*1.04 -> 1.8589204 | S42: 0 | T42: =1.1121*1.04 -> 1.156584 | U42: =M42-(Q42+R42+S42+T42) -> 0.46720231 | V42: 59 | W42: 0 | X42: =M42-N42-P42-O42-Q42-R42-S42-T42-U42+V42+W42 -> 59 | Y42: =X42-AO42 -> 59 | AE42: 0 | AH42: 32 | AI42: =AI41-AH42 -> 2385 | AK42: =N42+O42+P42+Q42+R42+S42+T42+U42+X42+AE42+AH42 -> 95.99 | AL42: =IF(L42<0,L42*-1,0) -> 1.2094706 | AM42: =AK42+AL42 -> 97.199471 | AN42: =V42 -> 59 | AO42: 0 | AV42: 0 | AW42: 51 | AX42: 20 | AZ42: =SUM(N42,P42:U42) -> 4.99
A43: =A42+1 -> 29 | B43: 6897.12 | C43: 273077 | D43: =C43-C42 -> -73 | E43: =C43-152000 -> 121077 | F43: =D43/$D$2 -> -36.80363 | G43: 59 | H43: 1.9 | I43: =G43+H43 -> 60.9 | J43: =IF(L43>0,L43,0) -> 0 | K43: =I43+J43 -> 60.9 | L43: =F43-(I43-AK43) -> -1.0836299 | M43: 5.62 | N43: 0 | O43: 0 | P43: 0 | Q43: =985200/325851/1.9835*1.02 -> 1.5547956 | R43: =(1585124/325851/1.9835-T43)*1.04 -> 1.34777 | S43: 0 | T43: =1.1121*1.04 -> 1.156584 | U43: =M43-(Q43+R43+S43+T43) -> 1.5608503 | V43: 59 | W43: 0 | X43: =M43-N43-P43-O43-Q43-R43-S43-T43-U43+V43+W43 -> 59 | Y43: =X43-AO43 -> 59 | AE43: 0 | AH43: 32 | AI43: =AI42-AH43 -> 2353 | AK43: =N43+O43+P43+Q43+R43+S43+T43+U43+X43+AE43+AH43 -> 96.62 | AL43: =IF(L43<0,L43*-1,0) -> 1.0836299 | AM43: =AK43+AL43 -> 97.70363 | AN43: =V43 -> 59 | AO43: 0 | AV43: 0 | AW43: 46 | AX43: 21 | AZ43: =SUM(N43,P43:U43) -> 5.62
A44: 30 | B44: 6897.1 | C44: 273005 | D44: =C44-C43 -> -72 | E44: =C44-152000 -> 121005 | F44: =D44/$D$2 -> -36.299471 | G44: 59 | H44: 2.1 | I44: =G44+H44 -> 61.1 | J44: =IF(L44>0,L44,0) -> 0 | K44: =I44+J44 -> 61.1 | L44: =F44-(I44-AK44) -> -1.1994706 | M44: 5.2 | N44: 0 | O44: 0 | P44: 0 | Q44: =1000200/325851/1.9835*1.02 -> 1.5784679 | R44: =(1713051/325851/1.9835-T44)*1.04 -> 1.5536169 | S44: 0 | T44: =1.1121*1.04 -> 1.156584 | U44: =M44-(Q44+R44+S44+T44) -> 0.91133116 | V44: 59 | W44: 0 | X44: =M44-N44-P44-O44-Q44-R44-S44-T44-U44+V44+W44 -> 59 | Y44: =X44-AO44 -> 59 | AE44: 0 | AH44: 32 | AI44: =AI43-AH44 -> 2321 | AK44: =N44+O44+P44+Q44+R44+S44+T44+U44+X44+AE44+AH44 -> 96.2 | AL44: =IF(L44<0,L44*-1,0) -> 1.1994706 | AM44: =AK44+AL44 -> 97.399471 | AN44: =V44 -> 59 | AO44: 0 | AV44: 0 | AW44: 46 | AX44: 24 | AZ44: =SUM(N44,P44:U44) -> 5.2
A45: 31 | B45: 6897.14 | C45: 273150 | D45: =C45-C44 -> 145 | E45: =C45-152000 -> 121150 | F45: =D45/$D$2 -> 73.103101 | G45: 59 | H45: 2.2 | I45: =G45+H45 -> 61.2 | J45: =IF(L45>0,L45,0) -> 107.7031 | K45: =I45+J45 -> 168.9031 | L45: =F45-(I45-AK45) -> 107.7031 | M45: 4.8 | N45: 0 | O45: 0 | P45: 0 | Q45: =988400/325851/1.9835*1.02 -> 1.5598457 | R45: =(1768617/325851/1.9835-T45)*1.04 -> 1.643028 | S45: 0 | T45: =1.1121*1.04 -> 1.156584 | U45: =M45-(Q45+R45+S45+T45) -> 0.44054231 | V45: 59 | W45: 0 | X45: =M45-N45-P45-O45-Q45-R45-S45-T45-U45+V45+W45 -> 59 | Y45: =X45-AO45 -> 59 | AE45: 0 | AH45: 32 | AI45: =AI44-AH45 -> 2289 | AK45: =N45+O45+P45+Q45+R45+S45+T45+U45+X45+AE45+AH45 -> 95.8 | AL45: =IF(L45<0,L45*-1,0) -> 0 | AM45: =AK45+AL45 -> 95.8 | AN45: =V45 -> 59 | AO45: 0 | AV45: 0.18 | AW45: 37 | AX45: 18 | AZ45: =SUM(N45,P45:U45) -> 4.8
X46: =M46-N46-O46-Q46-R46-S46+V46+W46 -> 0 | Y46: =N46-O46-P46-R46-S46-U46+W46+X46 -> 0 | AK46: =N46+O46+Q46+R46+S46+X46+AE46+AH46 -> 0
A47: MONTH / CFS | F47: =SUM(F15:F45) -> -1148.9791 | G47: =SUM(G15:G45) -> 1768 | H47: =SUM(H15:H45) -> 59.2 | I47: =SUM(I15:I45) -> 1827.2 | J47: =SUM(J15:J45) -> 195.5606 | K47: =SUM(K15:K45) -> 2022.7606 | L47: =SUM(L15:L45) -> -11.719077 | M47: =SUM(M15:M45) -> 143.46 | ... O47: =SUM(O15:O45) -> 0 | Q47: =SUM(Q15:Q45) -> 51.097257 | R47: =SUM(R15:R45) -> 54.022263 | S47: =SUM(S15:S45) -> 0 | T47: =SUM(T15:T45) -> 41.133352 | U47: =SUM(U15:U45) -> -2.7928722 | V47: =SUM(V15:V45) -> 1829 | W47: =SUM(W15:W45) -> 0 | X47: =SUM(X15:X45) -> 1829 | Y47: =SUM(Y15:Y45) -> 1829 | AC47: =SUM(AC15:AC45) -> 32.1 | AH47: =SUM(AH15:AH45) -> 992 | AJ47: =SUM(AJ15:AJ45) -> 0 | AK47: =SUM(AK15:AK45) -> 2964.46 | AL47: =SUM(AL15:AL45) -> 207.27968 | AM47: =SUM(AM15:AM45) -> 3171.7397 | AN47: =SUM(AN15:AN45) -> 1829 | AO47: =SUM(AO15:AO45) -> 0 | AV47: =SUM(AV15:AV45) -> 0.18 | AW47: =AVERAGE(AW15:AW45) -> 36.967742 | AX47: =AVERAGE(AX15:AX45) -> 11.451613 | AY47: Avg | AZ47: =SUM(AZ15:AZ45) -> 143.46
A48: MONTH / AF | D48: =SUM(D15:D45) -> -2279 | F48: =F47*$D$2 -> -2279 | G48: =G47*$D$2 -> 3506.828 | H48: =H47*$D$2 -> 117.4232 | I48: =I47*$D$2 -> 3624.2512 | J48: =J47*$D$2 -> 387.89446 | K48: =K47*$D$2 -> 4012.1457 | L48: =L47*$D$2 -> -23.24479 | M48: =M47*$D$2 -> 284.55291 | ... O48: =O47*$D$2 -> 0 | Q48: =Q47*$D$2 -> 101.35141 | R48: =R47*$D$2 -> 107.15316 | S48: =S47*$D$2 -> 0 | T48: =T47*$D$2 -> 81.588004 | U48: =U47*$D$2 -> -5.5396621 | V48: =V47*$D$2 -> 3627.8215 | W48: =W47*$D$2 -> 0 | X48: =X47*$D$2 -> 3627.8215 | Y48: =Y47*$D$2 -> 3627.8215 | AC48: =AC47*$D$2 -> 63.67035 | AH48: =AH47*$D$2 -> 1967.632 | AJ48: =AJ47*$D$2 -> 0 | AK48: =AK47*$D$2 -> 5880.0064 | AL48: =AL47*$D$2 -> 411.13925 | AM48: =AM47*$D$2 -> 6291.1457 | AN48: =AN47*$D$2 -> 3627.8215 | AO48: =AO47*$D$2 -> 0 | AW48: =MAX(AW15:AW45) -> 51 | AX48: =MAX(AX15:AX45) -> 25 | AY48: HI | AZ48: =AZ47*$D$2 -> 284.55291
A50: SEASON / CFS | AW50: =MIN(AW15:AW45) -> 18 | AX50: =MIN(AX15:AX45) -> -18 | AY50: LO
A51: SEASON / AF
A53: YTD / CFS | F53: =F13+F47 -> -2138.1397 | G53: =G13+G47 -> 6059 | H53: =H13+H47 -> 172.18 | I53: =I13+I47 -> 6231.18 | J53: =J13+J47 -> 1017.3101 | K53: =K13+K47 -> 7248.4901 | L53: =L13+L47 -> 222.87035 | M53: =M13+M47 -> 508.91 | N53: =N13+N47 -> 0 | O53: 0 | Q53: =Q13+Q47 -> 157.81832 | R53: =R13+R47 -> 150.51752 | S53: =S13+S47 -> 0 | T53: =T13+T47 -> 96.653648 | U53: =U13+U47 -> -15.098724 | V53: =V13+V47 -> 5050 | W53: =W13+W47 -> 58.28 | X53: =X13+X47 -> 5227.2992 | Y53: =Y13+Y47 -> 5025.5 | AC53: =AC13+AC47 -> 1031.7 | AH53: =AH13+AH47 -> 2975 | AI53: =AI45 -> 2289 | AJ53: =AJ14+AJ47 -> 0 | AK53: =AK13+AK47 -> 8592.19 | AL53: =AL13+AL47 -> 794.43975 | AM53: =AM13+AM47 -> 9386.6297 | AN53: =AN13+AN47 -> 5025.5 | AO53: =AO13+AO47 -> 201.79923 | AV53: =AV13+AV47 -> 3.38 | AZ53: =AZ13+AZ47 -> 389.89077
A54: YTD / AF | D54: =D13+D48 -> -4241 | E54: =E45 -> 121150 | F54: =F53*$D$2 -> -4241 | G54: =G53*$D$2 -> 12018.026 | H54: =H53*$D$2 -> 341.51903 | I54: =I53*$D$2 -> 12359.546 | J54: =J53*$D$2 -> 2017.8346 | K54: =K53*$D$2 -> 14377.38 | L54: =L53*$D$2 -> 442.06333 | M54: =M53*$D$2 -> 1009.423 | ... O54: =O53*$D$2 -> 0 | Q54: =Q53*$D$2 -> 313.03264 | R54: =R53*$D$2 -> 298.55151 | S54: =S53*$D$2 -> 0 | T54: =T53*$D$2 -> 191.71251 | U54: =U53*$D$2 -> -29.94832 | V54: =V53*$D$2 -> 10016.675 | W54: =W53*$D$2 -> 115.59838 | X54: =X53*$D$2 -> 10368.348 | Y54: =Y53*$D$2 -> 9968.0793 | AC54: =AC53*$D$2 -> 2046.377 | AH54: =AH53*$D$2 -> 5900.9125 | AI54: =AI53*$D$2 -> 4540.2315 | AJ54: =AJ53*$D$2 -> 0 | AK54: =AK53*$D$2 -> 17042.609 | AL54: =AL53*$D$2 -> 1575.7712 | AM54: =AM53*$D$2 -> 18618.38 | AN54: =AN53*$D$2 -> 9968.0793 | AO54: =AO53*$D$2 -> 400.26877 | AZ54: =AZ53*$D$2 -> 773.34834

Sheet FEB
K1: MCPHEE RESERVOIR INFLOW/OUTFLOW TABULATION
A2: AF/cfs CONVERT FACTOR | D2: 1.9835 | K2: FEBRUARY "2011"
D4: RESERVOIR | I4: INFLOW | X4: OUTFLOW | AP4: ADJUSTMENTS | AW4: WEATHER
A5: DATE | B5: RESERV | C5: RESERV | D5: AC FT | E5: ACTIVE | F5: CONV TO | G5: DOLORES | H5: LOST | I5: RECORD | J5: CALC | K5: TOTAL | L5: CALC | M5: DOLORES TUNNEL | V5: LONE | W5: U | X5: TOTAL | Y5: TOTAL | Z5: MVI | AA5: MVI | AB5: MVI | AC5: TO EX & | AD5: MVI | AE5: DV CR | AF5: D/S SENIOR | AH5: BELOW | AI5: FISH | AJ5: SPILL | AK5: RECORD | AL5: CALC | AM5: TOTAL | AN5: NAR | AO5: MVI | AP5: MVI | AQ5: MVI | AR5: DIST. | AS5: U/S | AT5: TOTTEN | AU5: UTES | AV5: RAIN | AW5: MAX | AX5: MIN | AZ5: TOTAL
A6: FEB | B6: ELEV | D6: CHANGE | E6: CAP | F6: CFS | G6: RIVER | H6: CAN | I6: INFLOW | J6: INFLOW | K6: INFLOW | L6: INF/OTF | M6: TOT DIV | N6: WET | O6: UTE | P6: QUEST | Q6: MWC | R6: CORTEZ | T6: UTE | U6: F-BAY | V6: PINE | W6: LAT | X6: MVI | Y6: MVI | Z6: CALL | AA6: CALL | AB6: APR- | AC6: U/S EX | AD6: PROJ | AE6: CANAL | AF6: MVIC | AG6: PROJ | AH6: MCP | AI6: LEFT | AK6: OTF | AL6: OTF | AM6: OTF | AN6: FILL | AO6: STOCK | AP6: STORED | AQ6: STORED | AR6: CLASS | AS6: USERS | AT6: (FRESH | AU6: FROM | AW6: TMP | AX6: TMP | AZ6: TUNNEL
N7: LAND | O7: F&R | Q7: NON - | R7: NON - | S7: PROJ | T7: PROJ | U7: BAL | X7: WATER | Y7: IRRIG. | Z7: STOR | AA7: SPILLED | AB7: JUNE | AF7: 1.7 | AG7: 1.3 | AI7: 31798 | AP7: Apr - Jun | AQ7: EVAP | AR7: "B" | AS7: EXCH | AT7: WATER) | AU7: DWCD | AZ7: Misc.
Q8: PROJ | R8: PROJ | X8: USED | Y8: WATER | AA8: OR | AB8: (DIV+
R9: 4.2 | Y9: USED | AA9: USED | AB9: CALL)
C10: AC. Ft. | E10: AC FT | G10: CFS | H10: CFS | I10: CFS | J10: CFS | K10: CFS | L10: CFS | M10: CFS | N10: CFS | O10: CFS | P10: CFS | Q10: CFS | R10: CFS | S10: CFS | T10: CFS | U10: CFS | V10: CFS | W10: CFS | X10: 153400 | Y10: 150400 | AB10: 72000 | AC10: CFS | AD10: CFS | AE10: CFS | AF10: CFS | AG10: CFS | AH10: CFS | AI10: CFS | AJ10: CFS | AK10: CFS | AL10: CFS | AM10: CFS | AN10: CFS | AO10: CFS | AP10: CFS | AQ10: AC.FT. | AR10: CFS | AS10: CFS | AT10: CFS | AU10: CFS | AZ10: Outflow
N11: 1.03 | O11: 1.05 | P11: 1.02 | Q11: 1.02 | R11: 1.04 | T11: 1.04 | X11: CFS | Y11: CFS | Z11: CFS | AA11: CFS | AB11: Ac. Ft. | AZ11: CFS
A12: SEASON BAL
A13: YTD | B13: =JAN!B45 -> 6897.14 | C13: =JAN!C45 -> 273150 | D13: =JAN!D54 -> -4241 | E13: =JAN!E54 -> 121150 | F13: =JAN!F53 -> -2138.1397 | G13: =JAN!G53 -> 6059 | H13: =JAN!H53 -> 172.18 | I13: =JAN!I53 -> 6231.18 | J13: =JAN!J53 -> 1017.3101 | K13: =JAN!K53 -> 7248.4901 | L13: =JAN!L53 -> 222.87035 | M13: =JAN!M53 -> 508.91 | ... O13: =JAN!O53 -> 0 | Q13: =JAN!Q53 -> 157.81832 | R13: =JAN!R53 -> 150.51752 | S13: =JAN!S53 -> 0 | T13: =JAN!T53 -> 96.653648 | U13: =JAN!U53 -> -15.098724 | V13: =JAN!V53 -> 5050 | W13: =JAN!W53 -> 58.28 | X13: =JAN!X53 -> 5227.2992 | Y13: =JAN!Y53 -> 5025.5 | AC13: =JAN!AC53 -> 1031.7 | AH13: =JAN!AH53 -> 2975 | AI13: =JAN!AI53 -> 2289 | AJ13: =JAN!AJ53 -> 0 | AK13: =JAN!AK53 -> 8592.19 | AL13: =JAN!AL53 -> 794.43975 | AM13: =JAN!AM53 -> 9386.6297 | AN13: =JAN!AN53 -> 5025.5 | AO13: =JAN!AO53 -> 201.79923 | AV13: =JAN!AV53 -> 3.38 | AZ13: =JAN!AZ53 -> 389.89077
A15: 1 | B15: 6897.11 | C15: 273041 | D15: =C15-C13 -> -109 | E15: =C15-152000 -> 121041 | F15: =D15/$D$2 -> -54.953365 | G15: 57 | H15: 2.4 | I15: =G15+H15 -> 59.4 | J15: =IF(L15>0,L15,0) -> 0 | K15: =I15+J15 -> 59.4 | L15: =F15-(I15-AK15) -> -19.453365 | M15: 3.9 | N15: 0 | O15: 0 | P15: 0 | Q15: =1127400/325851/1.9835*1.02 -> 1.7792089 | R15: =(1817192/325851/1.9835-T15)*1.04 -> 1.3242426 | S15: 0 | T15: =1.4791*1.04 -> 1.538264 | U15: =M15-(Q15+R15+S15+T15) -> -0.74171552 | V15: 59 | W15: 0 | X15: =M15-N15-O15-P15-Q15-R15-S15-T15-U15+V15+W15 -> 59 | Y15: =X15-AO15 -> 59 | AE15: 0 | AH15: 32 | AI15: =AI13-AH15 -> 2257 | AK15: =N15+O15+P15+Q15+R15+S15+T15+U15+X15+AE15+AH15 -> 94.9 | AL15: =IF(L15<0,L15*-1,0) -> 19.453365 | AM15: =AK15+AL15 -> 114.35337 | AN15: =V15 -> 59 | AO15: 0 | AV15: 0 | AW15: 24 | AX15: 2 | AZ15: =SUM(N15,P15:U15) -> 3.9
A16: =A15+1 -> 2 | B16: 6897.08 | C16: 272933 | D16: =C16-C15 -> -108 | E16: =C16-152000 -> 120933 | F16: =D16/$D$2 -> -54.449206 | G16: 47 | H16: 2.3 | I16: =G16+H16 -> 49.3 | J16: =IF(L16>0,L16,0) -> 0 | K16: =I16+J16 -> 49.3 | L16: =F16-(I16-AK16) -> -8.2492059 | M16: 4.5 | N16: 0 | O16: 0 | P16: 0 | Q16: =857500/325851/1.9835*1.02 -> 1.3532656 | R16: =(2285584/325851/1.9835-T16)*1.04 -> 2.6652393 | S16: 0 | T16: =0.9361*1.04 -> 0.973544 | U16: =M16-(Q16+R16+S16+T16) -> -0.49204892 | V16: 59 | W16: 0 | X16: =M16-N16-O16-P16-Q16-R16-S16-T16-U16+V16+W16 -> 59 | Y16: =X16-AO16 -> 59 | AE16: 0 | AH16: 32 | AI16: =AI15-AH16 -> 2225 | AK16: =N16+O16+P16+Q16+R16+S16+T16+U16+X16+AE16+AH16 -> 95.5 | AL16: =IF(L16<0,L16*-1,0) -> 8.2492059 | AM16: =AK16+AL16 -> 103.74921 | AN16: =V16 -> 59 | AO16: 0 | AV16: 0 | AW16: 12 | AX16: -5 | AZ16: =SUM(N16,P16:U16) -> 4.5
A17: =A16+1 -> 3 | B17: 6897.05 | C17: 272824 | D17: =C17-C16 -> -109 | E17: =C17-152000 -> 120824 | F17: =D17/$D$2 -> -54.953365 | G17: 45 | H17: 2.2 | I17: =G17+H17 -> 47.2 | J17: =IF(L17>0,L17,0) -> 0 | K17: =I17+J17 -> 47.2 | L17: =F17-(I17-AK17) -> -6.9533653 | M17: 4.2 | N17: 0 | O17: 0 | P17: 0 | Q17: =981500/325851/1.9835*1.02 -> 1.5489565 | R17: =(1905047/325851/1.9835-T17)*1.04 -> 1.8655855 | S17: 0 | T17: =1.1093*1.04 -> 1.153672 | U17: =M17-(Q17+R17+S17+T17) -> -0.36821395 | V17: 59 | W17: 0 | X17: =M17-N17-O17-P17-Q17-R17-S17-T17-U17+V17+W17 -> 59 | Y17: =X17-AO17 -> 59 | AE17: 0 | AH17: 32 | AI17: =AI16-AH17 -> 2193 | AK17: =N17+O17+P17+Q17+R17+S17+T17+U17+X17+AE17+AH17 -> 95.2 | AL17: =IF(L17<0,L17*-1,0) -> 6.9533653 | AM17: =AK17+AL17 -> 102.15337 | AN17: =V17 -> 59 | AO17: 0 | AV17: 0 | AW17: 19 | AX17: -11 | AZ17: =SUM(N17,P17:U17) -> 4.2
A18: =A17+1 -> 4 | B18: 6897.02 | C18: 272716 | D18: =C18-C17 -> -108 | E18: =C18-152000 -> 120716 | F18: =D18/$D$2 -> -54.449206 | G18: 47 | H18: 2.1 | I18: =G18+H18 -> 49.1 | J18: =IF(L18>0,L18,0) -> 0 | K18: =I18+J18 -> 49.1 | L18: =F18-(I18-AK18) -> -8.3492059 | M18: 4.2 | N18: 0 | O18: 0 | P18: 0 | Q18: =996800/325851/1.9835*1.02 -> 1.5731022 | R18: =(1735117/325851/1.9835-T18)*1.04 -> 1.4939424 | S18: 0 | T18: =1.2001*1.04 -> 1.248104 | U18: =M18-(Q18+R18+S18+T18) -> -0.11514864 | V18: 59 | W18: 0 | X18: =M18-N18-O18-P18-Q18-R18-S18-T18-U18+V18+W18 -> 59 | Y18: =X18-AO18 -> 59 | AE18: 0 | AH18: 32 | AI18: =AI17-AH18 -> 2161 | AK18: =N18+O18+P18+Q18+R18+S18+T18+U18+X18+AE18+AH18 -> 95.2 | AL18: =IF(L18<0,L18*-1,0) -> 8.3492059 | AM18: =AK18+AL18 -> 103.54921 | AN18: =V18 -> 59 | AO18: 0 | AV18: 0 | AW18: 41 | AX18: 13 | AZ18: =SUM(N18,P18:U18) -> 4.2
A19: =A18+1 -> 5 | B19: 6896.99 | C19: 272607 | D19: =C19-C18 -> -109 | E19: =C19-152000 -> 120607 | F19: =D19/$D$2 -> -54.953365 | G19: 56 | H19: 2.2 | I19: =G19+H19 -> 58.2 | J19: =IF(L19>0,L19,0) -> 0 | K19: =I19+J19 -> 58.2 | L19: =F19-(I19-AK19) -> -17.953365 | M19: 4.2 | N19: 0 | O19: 0 | P19: 0 | Q19: =1149600/325851/1.9835*1.02 -> 1.8142439 | R19: =(1982095/325851/1.9835-T19)*1.04 -> 1.8913539 | S19: 0 | T19: =1.2001*1.04 -> 1.248104 | U19: =M19-(Q19+R19+S19+T19) -> -0.75370173 | V19: 59 | W19: 0 | X19: =M19-N19-O19-P19-Q19-R19-S19-T19-U19+V19+W19 -> 59 | Y19: =X19-AO19 -> 59 | AE19: 0 | AH19: 32 | AI19: =AI18-AH19 -> 2129 | AK19: =N19+O19+P19+Q19+R19+S19+T19+U19+X19+AE19+AH19 -> 95.2 | AL19: =IF(L19<0,L19*-1,0) -> 17.953365 | AM19: =AK19+AL19 -> 113.15337 | AN19: =V19 -> 59 | AO19: 0 | AV19: 0.01 | AW19: 40 | AX19: 20 | AZ19: =SUM(N19,P19:U19) -> 4.2
A20: =A19+1 -> 6 | B20: 6896.96 | C20: 272500 | D20: =C20-C19 -> -107 | E20: =C20-152000 -> 120500 | F20: =D20/$D$2 -> -53.945047 | G20: 48 | H20: 2 | I20: =G20+H20 -> 50 | J20: =IF(L20>0,L20,0) -> 0 | K20: =I20+J20 -> 50 | L20: =F20-(I20-AK20) -> -8.7450466 | M20: 4.2 | N20: 0 | O20: 0 | P20: 0 | Q20: =1174800/325851/1.9835*1.02 -> 1.8540133 | R20: =(1976968/325851/1.9835-T20)*1.04 -> 1.883104 | S20: 0 | T20: =1.2001*1.04 -> 1.248104 | U20: =M20-(Q20+R20+S20+T20) -> -0.78522133 | V20: 59 | W20: 0 | X20: =M20-N20-O20-P20-Q20-R20-S20-T20-U20+V20+W20 -> 59 | Y20: =X20-AO20 -> 59 | AE20: 0 | AH20: 32 | AI20: =AI19-AH20 -> 2097 | AK20: =N20+O20+P20+Q20+R20+S20+T20+U20+X20+AE20+AH20 -> 95.2 | AL20: =IF(L20<0,L20*-1,0) -> 8.7450466 | AM20: =AK20+AL20 -> 103.94505 | AN20: =V20 -> 59 | AO20: 0 | AV20: 0 | AW20: 32 | AX20: 15 | AZ20: =SUM(N20,P20:U20) -> 4.2
A21: =A20+1 -> 7 | B21: 6896.95 | C21: 272464 | D21: =C21-C20 -> -36 | E21: =C21-152000 -> 120464 | F21: =D21/$D$2 -> -18.149735 | G21: 46 | H21: 2 | I21: =G21+H21 -> 48 | J21: =IF(L21>0,L21,0) -> 0 | K21: =I21+J21 -> 48 | L21: =F21-(I21-AK21) -> -10.949735 | M21: 4.2 | N21: 0 | O21: 0 | P21: 0 | Q21: =976400/325851/1.9835*1.02 -> 1.5409079 | R21: =(1859395/325851/1.9835-T21)*1.04 -> 1.7825008 | S21: 0 | T21: =1.1182*1.04 -> 1.162928 | U21: =M21-(Q21+R21+S21+T21) -> -0.28633666 | V21: 19 | W21: 0 | X21: =M21-N21-O21-P21-Q21-R21-S21-T21-U21+V21+W21 -> 19 | Y21: =X21-AO21 -> 19 | AE21: 0 | AH21: 32 | AI21: =AI20-AH21 -> 2065 | AK21: =N21+O21+P21+Q21+R21+S21+T21+U21+X21+AE21+AH21 -> 55.2 | AL21: =IF(L21<0,L21*-1,0) -> 10.949735 | AM21: =AK21+AL21 -> 66.149735 | AN21: =V21 -> 19 | AO21: 0 | AV21: 0 | AW21: 36 | AX21: 13 | AZ21: =SUM(N21,P21:U21) -> 4.2
A22: =A21+1 -> 8 | B22: 6896.97 | C22: 272536 | D22: =C22-C21 -> 72 | E22: =C22-152000 -> 120536 | F22: =D22/$D$2 -> 36.299471 | G22: 54 | H22: 2.1 | I22: =G22+H22 -> 56.1 | J22: =IF(L22>0,L22,0) -> 16.199471 | K22: =I22+J22 -> 72.299471 | L22: =F22-(I22-AK22) -> 16.199471 | M22: 4 | N22: 0 | O22: 0 | P22: 0 | Q22: =887300/325851/1.9835*1.02 -> 1.4002945 | R22: =(2751215/325851/1.9835-T22)*1.04 -> 3.2175252 | S22: 0 | T22: =1.1182*1.04 -> 1.162928 | U22: =M22-(Q22+R22+S22+T22) -> -1.7807477 | V22: 0 | W22: 0 | X22: =M22-N22-O22-P22-Q22-R22-S22-T22-U22+V22+W22 -> 0 | Y22: =X22-AO22 -> 0 | AE22: 0 | AH22: 32 | AI22: =AI21-AH22 -> 2033 | AK22: =N22+O22+P22+Q22+R22+S22+T22+U22+X22+AE22+AH22 -> 36 | AL22: =IF(L22<0,L22*-1,0) -> 0 | AM22: =AK22+AL22 -> 36 | AN22: =V22 -> 0 | AO22: 0 | AV22: 0.1 | AW22: 34 | AX22: 11 | AZ22: =SUM(N22,P22:U22) -> 4
A23: =A22+1 -> 9 | B23: 6896.99 | C23: 272607 | D23: =C23-C22 -> 71 | E23: =C23-152000 -> 120607 | F23: =D23/$D$2 -> 35.795311 | G23: 46 | H23: 2 | I23: =G23+H23 -> 48 | J23: =IF(L23>0,L23,0) -> 23.695311 | K23: =I23+J23 -> 71.695311 | L23: =F23-(I23-AK23) -> 23.695311 | M23: 3.9 | N23: 0 | O23: 0 | P23: 0 | Q23: =914100/325851/1.9835*1.02 -> 1.442589 | R23: =((2231665+208006)/325851/1.9835-T23)*1.04 -> 2.7162208 | S23: 0 | T23: =1.1182*1.04 -> 1.162928 | U23: =M23-(Q23+R23+S23+T23) -> -1.4217378 | V23: 0 | W23: 0 | X23: =M23-N23-O23-P23-Q23-R23-S23-T23-U23+V23+W23 -> 0 | Y23: =X23-AO23 -> 0 | AE23: 0 | AH23: 32 | AI23: =AI22-AH23 -> 2001 | AK23: =N23+O23+P23+Q23+R23+S23+T23+U23+X23+AE23+AH23 -> 35.9 | AL23: =IF(L23<0,L23*-1,0) -> 0 | AM23: =AK23+AL23 -> 35.9 | AN23: =V23 -> 0 | AO23: 0 | AV23: 0 | AW23: 27 | AX23: 5 | AZ23: =SUM(N23,P23:U23) -> 3.9
A24: =A23+1 -> 10 | B24: 6896.99 | C24: 272607 | D24: =C24-C23 -> 0 | E24: =C24-152000 -> 120607 | F24: =D24/$D$2 -> 0 | G24: 46 | H24: 2 | I24: =G24+H24 -> 48 | J24: =IF(L24>0,L24,0) -> 0 | K24: =I24+J24 -> 48 | L24: =F24-(I24-AK24) -> -11.9 | M24: 4.1 | N24: 0 | O24: 0 | P24: 0 | Q24: =843900/325851/1.9835*1.02 -> 1.3318027 | R24: =(2041651/325851/1.9835-T24)*1.04 -> 2.0757683 | S24: 0 | T24: =1.1182*1.04 -> 1.162928 | U24: =M24-(Q24+R24+S24+T24) -> -0.47049897 | V24: 0 | W24: 0 | X24: =M24-N24-O24-P24-Q24-R24-S24-T24-U24+V24+W24 -> 0 | Y24: =X24-AO24 -> 0 | AE24: 0 | AH24: 32 | AI24: =AI23-AH24 -> 1969 | AK24: =N24+O24+P24+Q24+R24+S24+T24+U24+X24+AE24+AH24 -> 36.1 | AL24: =IF(L24<0,L24*-1,0) -> 11.9 | AM24: =AK24+AL24 -> 48 | AN24: =V24 -> 0 | AO24: 0 | AV24: 0 | AW24: 32 | AX24: -1 | AZ24: =SUM(N24,P24:U24) -> 4.1
A25: =A24+1 -> 11 | B25: 6896.99 | C25: 272607 | D25: =C25-C24 -> 0 | E25: =C25-152000 -> 120607 | F25: =D25/$D$2 -> 0 | G25: 46 | H25: 1.9 | I25: =G25+H25 -> 47.9 | J25: =IF(L25>0,L25,0) -> 0 | K25: =I25+J25 -> 47.9 | L25: =F25-(I25-AK25) -> -10.8 | M25: 5.1 | N25: 0 | O25: 0 | P25: 0 | Q25: =993200/325851/1.9835*1.02 -> 1.5674209 | R25: =(1947210/325851/1.9835-T25)*1.04 -> 1.8870292 | S25: 0 | T25: =1.1522*1.04 -> 1.198288 | U25: =M25-(Q25+R25+S25+T25) -> 0.44726197 | V25: 0 | W25: 0 | X25: =M25-N25-O25-P25-Q25-R25-S25-T25-U25+V25+W25 -> 0 | Y25: =X25-AO25 -> 0 | AC25: 22.6 | AE25: 0 | AH25: 32 | AI25: =AI24-AH25 -> 1937 | AK25: =N25+O25+P25+Q25+R25+S25+T25+U25+X25+AE25+AH25 -> 37.1 | AL25: =IF(L25<0,L25*-1,0) -> 10.8 | AM25: =AK25+AL25 -> 47.9 | AN25: =V25 -> 0 | AO25: 0 | AV25: 0 | AW25: 40 | AX25: 7 | AZ25: =SUM(N25,P25:U25) -> 5.1
A26: =A25+1 -> 12 | B26: 6896.98 | C26: 272571 | D26: =C26-C25 -> -36 | E26: =C26-152000 -> 120571 | F26: =D26/$D$2 -> -18.149735 | G26: 46 | H26: 2 | I26: =G26+H26 -> 48 | J26: =IF(L26>0,L26,0) -> 0 | K26: =I26+J26 -> 48 | L26: =F26-(I26-AK26) -> -29.149735 | M26: 5 | N26: 0 | O26: 0 | P26: 0 | Q26: =1012500/325851/1.9835*1.02 -> 1.5978792 | R26: =(2234339/325851/1.9835-T26)*1.04 -> 2.3490474 | S26: 0 | T26: =1.1522*1.04 -> 1.198288 | U26: =M26-(Q26+R26+S26+T26) -> -0.14521462 | V26: 0 | W26: 0 | X26: =M26-N26-O26-P26-Q26-R26-S26-T26-U26+V26+W26 -> 0 | Y26: =X26-AO26 -> 0 | AC26: 15.2 | AE26: 0 | AH26: 32 | AI26: =AI25-AH26 -> 1905 | AK26: =N26+O26+P26+Q26+R26+S26+T26+U26+X26+AE26+AH26 -> 37 | AL26: =IF(L26<0,L26*-1,0) -> 29.149735 | AM26: =AK26+AL26 -> 66.149735 | AN26: =V26 -> 0 | AO26: 0 | AV26: 0 | AW26: 44 | AX26: 13 | AZ26: =SUM(N26,P26:U26) -> 5
A27: =A26+1 -> 13 | B27: 6896.98 | C27: 272571 | D27: =C27-C26 -> 0 | E27: =C27-152000 -> 120571 | F27: =D27/$D$2 -> 0 | G27: 49 | H27: 2.1 | I27: =G27+H27 -> 51.1 | J27: =IF(L27>0,L27,0) -> 0 | K27: =I27+J27 -> 51.1 | L27: =F27-(I27-AK27) -> -14.9 | M27: 4.2 | N27: 0 | O27: 0 | P27: 0 | Q27: =1489600/325851/1.9835*1.02 -> 2.3508156 | R27: =(2107500/325851/1.9835-T27)*1.04 -> 2.1449512 | S27: 0 | T27: =1.1522*1.04 -> 1.198288 | U27: =M27-(Q27+R27+S27+T27) -> -1.4940549 | V27: 0 | W27: 0 | X27: =M27-N27-O27-P27-Q27-R27-S27-T27-U27+V27+W27 -> 0 | Y27: =X27-AO27 -> 0 | AC27: 24 | AE27: 0 | AH27: 32 | AI27: =AI26-AH27 -> 1873 | AK27: =N27+O27+P27+Q27+R27+S27+T27+U27+X27+AE27+AH27 -> 36.2 | AL27: =IF(L27<0,L27*-1,0) -> 14.9 | AM27: =AK27+AL27 -> 51.1 | AN27: =V27 -> 0 | AO27: 0 | AV27: 0 | AW27: 52 | AX27: 20 | AZ27: =SUM(N27,P27:U27) -> 4.2
A28: =A27+1 -> 14 | B28: 6896.98 | C28: 272571 | D28: =C28-C27 -> 0 | E28: =C28-152000 -> 120571 | F28: =D28/$D$2 -> 0 | G28: 55 | H28: 2.4 | I28: =G28+H28 -> 57.4 | J28: =IF(L28>0,L28,0) -> 0 | K28: =I28+J28 -> 57.4 | L28: =F28-(I28-AK28) -> -19.3 | M28: 6.1 | N28: 0 | O28: 0 | P28: 0 | Q28: =1244700/325851/1.9835*1.02 -> 1.9643262 | R28: =(1709665/325851/1.9835-T28)*1.04 -> 1.5185327 | S28: 0 | T28: =1.1395*1.04 -> 1.18508 | U28: =M28-(Q28+R28+S28+T28) -> 1.4320612 | V28: 0 | W28: 0 | X28: =M28-N28-O28-P28-Q28-R28-S28-T28-U28+V28+W28 -> 0 | Y28: =X28-AO28 -> 0 | AC28: 25.3 | AE28: 0 | AH28: 32 | AI28: =AI27-AH28 -> 1841 | AK28: =N28+O28+P28+Q28+R28+S28+T28+U28+X28+AE28+AH28 -> 38.1 | AL28: =IF(L28<0,L28*-1,0) -> 19.3 | AM28: =AK28+AL28 -> 57.4 | AN28: =V28 -> 0 | AO28: 0 | AV28: 0 | AW28: 54 | AX28: 25 | AZ28: =SUM(N28,P28:U28) -> 6.1
A29: =A28+1 -> 15 | B29: 6897.01 | C29: 272679 | D29: =C29-C28 -> 108 | E29: =C29-152000 -> 120679 | F29: =D29/$D$2 -> 54.449206 | G29: 63 | H29: 2.6 | I29: =G29+H29 -> 65.6 | J29: =IF(L29>0,L29,0) -> 26.149206 | K29: =I29+J29 -> 91.749206 | L29: =F29-(I29-AK29) -> 26.149206 | M29: 5.3 | N29: 0 | O29: 0 | P29: 0 | Q29: =1221500/325851/1.9835*1.02 -> 1.927713 | R29: =(2011160/325851/1.9835-T29)*1.04 -> 2.0036672 | S29: 0 | T29: =1.1395*1.04 -> 1.18508 | U29: =M29-(Q29+R29+S29+T29) -> 0.18353977 | V29: 0 | W29: 0 | X29: =M29-N29-O29-P29-Q29-R29-S29-T29-U29+V29+W29 -> 0 | Y29: =X29-AO29 -> 0 | AC29: 44.8 | AE29: 0 | AH29: 32 | AI29: =AI28-AH29 -> 1809 | AK29: =N29+O29+P29+Q29+R29+S29+T29+U29+X29+AE29+AH29 -> 37.3 | AL29: =IF(L29<0,L29*-1,0) -> 0 | AM29: =AK29+AL29 -> 37.3 | AN29: =V29 -> 0 | AO29: 0 | AV29: 0 | AW29: 53 | AX29: 24 | AZ29: =SUM(N29,P29:U29) -> 5.3
A30: =A29+1 -> 16 | B30: 6897.03 | C30: 272752 | D30: =C30-C29 -> 73 | E30: =C30-152000 -> 120752 | F30: =D30/$D$2 -> 36.80363 | G30: 66 | H30: 2.8 | I30: =G30+H30 -> 68.8 | J30: =IF(L30>0,L30,0) -> 7.4036299 | K30: =I30+J30 -> 76.20363 | L30: =F30-(I30-AK30) -> 7.4036299 | M30: 5.4 | N30: 0 | O30: 0 | P30: 0 | Q30: =1214600/325851/1.9835*1.02 -> 1.9168238 | R30: =(2146239/325851/1.9835-T30)*1.04 -> 2.2210224 | S30: 0 | T30: =1.1395*1.04 -> 1.18508 | U30: =M30-(Q30+R30+S30+T30) -> 0.07707388 | V30: 0 | W30: 0 | X30: =M30-N30-O30-P30-Q30-R30-S30-T30-U30+V30+W30 -> 6.6613381e-16 | Y30: =X30-AO30 -> 6.6613381e-16 | AC30: 34 | AE30: 0 | AH30: 34 | AI30: =AI29-AH30 -> 1775 | AK30: =N30+O30+P30+Q30+R30+S30+T30+U30+X30+AE30+AH30 -> 39.4 | AL30: =IF(L30<0,L30*-1,0) -> 0 | AM30: =AK30+AL30 -> 39.4 | AN30: =V30 -> 0 | AO30: 0 | AV30: 0 | AW30: 48 | AX30: 32 | AZ30: =SUM(N30,P30:U30) -> 5.4
A31: =A30+1 -> 17 | B31: 6897.06 | C31: 272860 | D31: =C31-C30 -> 108 | E31: =C31-152000 -> 120860 | F31: =D31/$D$2 -> 54.449206 | G31: 63 | H31: 2.6 | I31: =G31+H31 -> 65.6 | J31: =IF(L31>0,L31,0) -> 27.749206 | K31: =I31+J31 -> 93.349206 | L31: =F31-(I31-AK31) -> 27.749206 | M31: 5.9 | N31: 0 | O31: 0 | P31: 0 | Q31: =1256600/325851/1.9835*1.02 -> 1.9831062 | R31: =(2058777/325851/1.9835-T31)*1.04 -> 2.0802876 | S31: 0 | T31: =1.1395*1.04 -> 1.18508 | U31: =M31-(Q31+R31+S31+T31) -> 0.65152628 | V31: 0 | W31: 0 | X31: =M31-N31-O31-P31-Q31-R31-S31-T31-U31+V31+W31 -> 0 | Y31: =X31-AO31 -> 0 | AC31: 39.4 | AE31: 0 | AH31: 33 | AI31: =AI30-AH31 -> 1742 | AK31: =N31+O31+P31+Q31+R31+S31+T31+U31+X31+AE31+AH31 -> 38.9 | AL31: =IF(L31<0,L31*-1,0) -> 0 | AM31: =AK31+AL31 -> 38.9 | AN31: =V31 -> 0 | AO31: 0 | AV31: 0.05 | AW31: 46 | AX31: 26 | AZ31: =SUM(N31,P31:U31) -> 5.9
A32: =A31+1 -> 18 | B32: 6897.08 | C32: 272933 | D32: =C32-C31 -> 73 | E32: =C32-152000 -> 120933 | F32: =D32/$D$2 -> 36.80363 | G32: 60 | H32: 2.4 | I32: =G32+H32 -> 62.4 | J32: =IF(L32>0,L32,0) -> 10.60363 | K32: =I32+J32 -> 73.00363 | L32: =F32-(I32-AK32) -> 10.60363 | M32: 5.2 | N32: 0 | O32: 0 | P32: 0 | Q32: =898600/325851/1.9835*1.02 -> 1.4181276 | R32: =(1863003/325851/1.9835-T32)*1.04 -> 1.508172 | S32: 0 | T32: =1.3772*1.04 -> 1.432288 | U32: =M32-(Q32+R32+S32+T32) -> 0.84141236 | V32: 0 | W32: 0 | X32: =M32-N32-O32-P32-Q32-R32-S32-T32-U32+V32+W32 -> 0 | Y32: =X32-AO32 -> 0 | AC32: 33.8 | AE32: 0 | AH32: 31 | AI32: =AI31-AH32 -> 1711 | AK32: =N32+O32+P32+Q32+R32+S32+T32+U32+X32+AE32+AH32 -> 36.2 | AL32: =IF(L32<0,L32*-1,0) -> 0 | AM32: =AK32+AL32 -> 36.2 | AN32: =V32 -> 0 | AO32: 0 | AV32: 0 | AW32: 47 | AX32: 26 | AZ32: =SUM(N32,P32:U32) -> 5.2
A33: =A32+1 -> 19 | B33: 6897.1 | C33: 273005 | D33: =C33-C32 -> 72 | E33: =C33-152000 -> 121005 | F33: =D33/$D$2 -> 36.299471 | G33: 60 | H33: 2.5 | I33: =G33+H33 -> 62.5 | J33: =IF(L33>0,L33,0) -> 10.599471 | K33: =I33+J33 -> 73.099471 | L33: =F33-(I33-AK33) -> 10.599471 | M33: 4.8 | N33: 0 | O33: 0 | P33: 0 | Q33: =971500/325851/1.9835*1.02 -> 1.5331749 | R33: =(2091633/325851/1.9835-T33)*1.04 -> 1.8760597 | S33: 0 | T33: =1.3772*1.04 -> 1.432288 | U33: =M33-(Q33+R33+S33+T33) -> -0.041522658 | V33: 0 | W33: 0 | X33: =M33-N33-O33-P33-Q33-R33-S33-T33-U33+V33+W33 -> 0 | Y33: =X33-AO33 -> 0 | AC33: 29.4 | AE33: 0 | AH33: 32 | AI33: =AI32-AH33 -> 1679 | AK33: =N33+O33+P33+Q33+R33+S33+T33+U33+X33+AE33+AH33 -> 36.8 | AL33: =IF(L33<0,L33*-1,0) -> 0 | AM33: =AK33+AL33 -> 36.8 | AN33: =V33 -> 0 | AO33: 0 | AV33: 0.1 | AW33: 52 | AX33: 29 | AZ33: =SUM(N33,P33:U33) -> 4.8
A34: =A33+1 -> 20 | B34: 6897.13 | C34: 273113 | D34: =C34-C33 -> 108 | E34: =C34-152000 -> 121113 | F34: =D34/$D$2 -> 54.449206 | G34: 66 | H34: 3.1 | I34: =G34+H34 -> 69.1 | J34: =IF(L34>0,L34,0) -> 21.149206 | K34: =I34+J34 -> 90.249206 | L34: =F34-(I34-AK34) -> 21.149206 | M34: 4.8 | N34: 0 | O34: 0 | P34: 0 | Q34: =1231800/325851/1.9835*1.02 -> 1.943968 | R34: =(1727689/325851/1.9835-T34)*1.04 -> 1.2904387 | S34: 0 | T34: =1.3772*1.04 -> 1.432288 | U34: =M34-(Q34+R34+S34+T34) -> 0.1333053 | V34: 0 | W34: 0 | X34: =M34-N34-O34-P34-Q34-R34-S34-T34-U34+V34+W34 -> 0 | Y34: =X34-AO34 -> 0 | AC34: 38.9 | AE34: 0 | AH34: 31 | AI34: =AI33-AH34 -> 1648 | AK34: =N34+O34+P34+Q34+R34+S34+T34+U34+X34+AE34+AH34 -> 35.8 | AL34: =IF(L34<0,L34*-1,0) -> 0 | AM34: =AK34+AL34 -> 35.8 | AN34: =V34 -> 0 | AO34: 0 | AV34: 0.12 | AW34: 35 | AX34: 16 | AZ34: =SUM(N34,P34:U34) -> 4.8
A35: =A34+1 -> 21 | B35: 6897.14 | C35: 273150 | D35: =C35-C34 -> 37 | E35: =C35-152000 -> 121150 | F35: =D35/$D$2 -> 18.653895 | G35: 63 | H35: 3.1 | I35: =G35+H35 -> 66.1 | J35: =IF(L35>0,L35,0) -> 0 | K35: =I35+J35 -> 66.1 | L35: =F35-(I35-AK35) -> -10.446105 | M35: 5 | N35: 0 | O35: 0 | P35: 0 | Q35: =1030300/325851/1.9835*1.02 -> 1.6259703 | R35: =(1724544/325851/1.9835-T35)*1.04 -> 1.2853781 | S35: 0 | T35: =1.3772*1.04 -> 1.432288 | U35: =M35-(Q35+R35+S35+T35) -> 0.65636359 | V35: 0 | W35: 0 | X35: =M35-N35-O35-P35-Q35-R35-S35-T35-U35+V35+W35 -> 0 | Y35: =X35-AO35 -> 0 | AC35: 37.2 | AE35: 0 | AH35: 32 | AI35: =AI34-AH35 -> 1616 | AK35: =N35+O35+P35+Q35+R35+S35+T35+U35+X35+AE35+AH35 -> 37 | AL35: =IF(L35<0,L35*-1,0) -> 10.446105 | AM35: =AK35+AL35 -> 47.446105 | AN35: =V35 -> 0 | AO35: 0 | AV35: 0 | AW35: 37 | AX35: 17 | AZ35: =SUM(N35,P35:U35) -> 5
A36: =A35+1 -> 22 | B36: 6897.15 | C36: 273186 | D36: =C36-C35 -> 36 | E36: =C36-152000 -> 121186 | F36: =D36/$D$2 -> 18.149735 | G36: 58 | H36: 3 | I36: =G36+H36 -> 61 | J36: =IF(L36>0,L36,0) -> 0 | K36: =I36+J36 -> 61 | L36: =F36-(I36-AK36) -> -6.5502647 | M36: 5.3 | N36: 0 | O36: 0 | P36: 0 | Q36: =944100/325851/1.9835*1.02 -> 1.4899336 | R36: =(1657556/325851/1.9835-T36)*1.04 -> 1.177588 | S36: 0 | T36: =1.3772*1.04 -> 1.432288 | U36: =M36-(Q36+R36+S36+T36) -> 1.2001905 | V36: 0 | W36: 0 | X36: =M36-N36-O36-P36-Q36-R36-S36-T36-U36+V36+W36 -> 0 | Y36: =X36-AO36 -> 0 | AC36: 37.3 | AE36: 0 | AH36: 31 | AI36: =AI35-AH36 -> 1585 | AK36: =N36+O36+P36+Q36+R36+S36+T36+U36+X36+AE36+AH36 -> 36.3 | AL36: =IF(L36<0,L36*-1,0) -> 6.5502647 | AM36: =AK36+AL36 -> 42.850265 | AN36: =V36 -> 0 | AO36: 0 | AV36: 0 | AW36: 42 | AX36: 15 | AZ36: =SUM(N36,P36:U36) -> 5.3
A37: =A36+1 -> 23 | B37: 6897.16 | C37: 273222 | D37: =C37-C36 -> 36 | E37: =C37-152000 -> 121222 | F37: =D37/$D$2 -> 18.149735 | G37: 57 | H37: 3 | I37: =G37+H37 -> 60 | J37: =IF(L37>0,L37,0) -> 0 | K37: =I37+J37 -> 60 | L37: =F37-(I37-AK37) -> -7.1502647 | M37: 3.7 | N37: 0 | O37: 0 | P37: 0 | Q37: =1083000/325851/1.9835*1.02 -> 1.7091389 | R37: =(2626623/325851/1.9835-T37)*1.04 -> 2.7369102 | S37: 0 | T37: =1.3772*1.04 -> 1.432288 | U37: =M37-(Q37+R37+S37+T37) -> -2.1783371 | V37: 0 | W37: 0 | X37: =M37-N37-O37-P37-Q37-R37-S37-T37-U37+V37+W37 -> 0 | Y37: =X37-AO37 -> 0 | AC37: 35.3 | AE37: 0 | AH37: 31 | AI37: =AI36-AH37 -> 1554 | AK37: =N37+O37+P37+Q37+R37+S37+T37+U37+X37+AE37+AH37 -> 34.7 | AL37: =IF(L37<0,L37*-1,0) -> 7.1502647 | AM37: =AK37+AL37 -> 41.850265 | AN37: =V37 -> 0 | AO37: 0 | AV37: 0 | AW37: 45 | AX37: 18 | AZ37: =SUM(N37,P37:U37) -> 3.7
A38: =A37+1 -> 24 | B38: 6897.17 | C38: 273258 | D38: =C38-C37 -> 36 | E38: =C38-152000 -> 121258 | F38: =D38/$D$2 -> 18.149735 | G38: 64 | H38: 2.8 | I38: =G38+H38 -> 66.8 | J38: =IF(L38>0,L38,0) -> 0 | K38: =I38+J38 -> 66.8 | L38: =F38-(I38-AK38) -> -11.650265 | M38: 5 | N38: 0 | O38: 0 | P38: 0 | Q38: =936400/325851/1.9835*1.02 -> 1.4777818 | R38: =(1922733/325851/1.9835-T38)*1.04 -> 1.6042833 | S38: 0 | T38: =1.3772*1.04 -> 1.432288 | U38: =M38-(Q38+R38+S38+T38) -> 0.48564688 | V38: 0 | W38: 0 | X38: =M38-N38-O38-P38-Q38-R38-S38-T38-U38+V38+W38 -> 0 | Y38: =X38-AO38 -> 0 | AC38: 36.7 | AE38: 0 | AH38: 32 | AI38: =AI37-AH38 -> 1522 | AK38: =N38+O38+P38+Q38+R38+S38+T38+U38+X38+AE38+AH38 -> 37 | AL38: =IF(L38<0,L38*-1,0) -> 11.650265 | AM38: =AK38+AL38 -> 48.650265 | AN38: =V38 -> 0 | AO38: 0 | AV38: 0 | AW38: 41 | AX38: 27 | AZ38: =SUM(N38,P38:U38) -> 5
A39: =A38+1 -> 25 | B39: 6897.18 | C39: 273298 | D39: =C39-C38 -> 40 | E39: =C39-152000 -> 121298 | F39: =D39/$D$2 -> 20.166373 | G39: 62 | H39: 2.3 | I39: =G39+H39 -> 64.3 | J39: =IF(L39>0,L39,0) -> 0 | K39: =I39+J39 -> 64.3 | L39: =F39-(I39-AK39) -> -8.0336274 | M39: 4.1 | N39: 0 | O39: 0 | P39: 0 | Q39: =1000000/325851/1.9835*1.02 -> 1.5781523 | R39: =(2092656/325851/1.9835-T39)*1.04 -> 2.1091682 | S39: 0 | T39: =1.1632*1.04 -> 1.209728 | U39: =M39-(Q39+R39+S39+T39) -> -0.7970485 | V39: 0 | W39: 0 | X39: =M39-N39-O39-P39-Q39-R39-S39-T39-U39+V39+W39 -> 0 | Y39: =X39-AO39 -> 0 | AC39: 36.4 | AE39: 0 | AH39: 32 | AI39: =AI38-AH39 -> 1490 | AK39: =N39+O39+P39+Q39+R39+S39+T39+U39+X39+AE39+AH39 -> 36.1 | AL39: =IF(L39<0,L39*-1,0) -> 8.0336274 | AM39: =AK39+AL39 -> 44.133627 | AN39: =V39 -> 0 | AO39: 0 | AV39: 0 | AW39: 40 | AX39: 28 | AZ39: =SUM(N39,P39:U39) -> 4.1
A40: =A39+1 -> 26 | B40: 6897.19 | C40: 273331 | D40: =C40-C39 -> 33 | E40: =C40-152000 -> 121331 | F40: =D40/$D$2 -> 16.637257 | G40: 59 | H40: 2.2 | I40: =G40+H40 -> 61.2 | J40: =IF(L40>0,L40,0) -> 0 | K40: =I40+J40 -> 61.2 | L40: =F40-(I40-AK40) -> -8.3627426 | M40: 4.2 | N40: 0 | O40: 0 | P40: 0 | Q40: =988300/325851/1.9835*1.02 -> 1.5596879 | R40: =(2376909/325851/1.9835-T40)*1.04 -> 2.5665587 | S40: 0 | T40: =1.1632*1.04 -> 1.209728 | U40: =M40-(Q40+R40+S40+T40) -> -1.1359746 | V40: 0 | W40: 0 | X40: =M40-N40-O40-P40-Q40-R40-S40-T40-U40+V40+W40 -> 0 | Y40: =X40-AO40 -> 0 | AC40: 34.1 | AE40: 0 | AH40: 32 | AI40: =AI39-AH40 -> 1458 | AK40: =N40+O40+P40+Q40+R40+S40+T40+U40+X40+AE40+AH40 -> 36.2 | AL40: =IF(L40<0,L40*-1,0) -> 8.3627426 | AM40: =AK40+AL40 -> 44.562743 | AN40: =V40 -> 0 | AO40: 0 | AV40: 0 | AW40: 44 | AX40: 26 | AZ40: =SUM(N40,P40:U40) -> 4.2
A41: =A40+1 -> 27 | B41: 6897.2 | C41: 273367 | D41: =C41-C40 -> 36 | E41: =C41-152000 -> 121367 | F41: =D41/$D$2 -> 18.149735 | G41: 59 | H41: 2.1 | I41: =G41+H41 -> 61.1 | J41: =IF(L41>0,L41,0) -> 0 | K41: =I41+J41 -> 61.1 | L41: =F41-(I41-AK41) -> -5.6502647 | M41: 5.3 | N41: 0 | O41: 0 | P41: 0 | Q41: =1213100/325851/1.9835*1.02 -> 1.9144565 | R41: =(1837811/325851/1.9835-T41)*1.04 -> 1.699098 | S41: 0 | T41: =1.1632*1.04 -> 1.209728 | U41: =M41-(Q41+R41+S41+T41) -> 0.47671743 | V41: 0 | W41: 0 | X41: =M41-N41-O41-P41-Q41-R41-S41-T41-U41+V41+W41 -> 0 | Y41: =X41-AO41 -> 0 | AC41: 36 | AE41: 0 | AH41: 32 | AI41: =AI40-AH41 -> 1426 | AK41: =N41+O41+P41+Q41+R41+S41+T41+U41+X41+AE41+AH41 -> 37.3 | AL41: =IF(L41<0,L41*-1,0) -> 5.6502647 | AM41: =AK41+AL41 -> 42.950265 | AN41: =V41 -> 0 | AO41: 0 | AV41: 0 | AW41: 39 | AX41: 23 | AZ41: =SUM(N41,P41:U41) -> 5.3
A42: 28 | B42: 6897.22 | C42: 273439 | D42: =C42-C41 -> 72 | E42: =C42-152000 -> 121439 | F42: =D42/$D$2 -> 36.299471 | G42: 56 | H42: 2 | I42: =G42+H42 -> 58 | J42: =IF(L42>0,L42,0) -> 14.399471 | K42: =I42+J42 -> 72.399471 | L42: =F42-(I42-AK42) -> 14.399471 | M42: 4.1 | N42: 0 | O42: 0 | P42: 0 | Q42: =1113400/325851/1.9835*1.02 -> 1.7571148 | R42: =(1667568/325851/1.9835-T42)*1.04 -> 1.4251606 | S42: 0 | T42: =1.1632*1.04 -> 1.209728 | U42: =M42-(Q42+R42+S42+T42) -> -0.29200338 | V42: 0 | W42: 0 | X42: =M42-N42-O42-P42-Q42-R42-S42-T42-U42+V42+W42 -> 0 | Y42: =X42-AO42 -> 0 | AC42: 39.9 | AE42: 0 | AH42: 32 | AI42: =AI41-AH42 -> 1394 | AK42: =N42+O42+P42+Q42+R42+S42+T42+U42+X42+AE42+AH42 -> 36.1 | AL42: =IF(L42<0,L42*-1,0) -> 0 | AM42: =AK42+AL42 -> 36.1 | AN42: =V42 -> 0 | AO42: 0 | AV42: 0 | AW42: 47 | AX42: 16 | AZ42: =SUM(N42,P42:U42) -> 4.1
A44: MONTH / CFS | F44: =SUM(F15:F42) -> 145.70204 | G44: =SUM(G15:G42) -> 1544 | H44: =SUM(H15:H42) -> 66.2 | I44: =SUM(I15:I42) -> 1610.2 | J44: =SUM(J15:J42) -> 157.9486 | K44: =SUM(K15:K42) -> 1768.1486 | L44: =SUM(L15:L42) -> -66.597958 | M44: =SUM(M15:M42) -> 129.9 | ... Y44: =SUM(Y15:Y42) -> 373 | AC44: =SUM(AC15:AC42) -> 600.3 | AH44: =SUM(AH15:AH42) -> 895 | AJ44: =SUM(AJ15:AJ42) -> 0 | AK44: =SUM(AK15:AK42) -> 1397.9 | AL44: =SUM(AL15:AL42) -> 224.54656 | AM44: =SUM(AM15:AM42) -> 1622.4466 | AN44: =SUM(AN15:AN42) -> 373 | AO44: =SUM(AO15:AO42) -> 0 | AV44: =SUM(AV15:AV42) -> 0.38 | AW44: =AVERAGE(AW15:AW42) -> 39.392857 | AX44: =AVERAGE(AX15:AX42) -> 16.071429 | AY44: AVE | AZ44: =SUM(AZ15:AZ42) -> 129.9
A45: MONTH / AF | D45: =SUM(D15:D42) -> 289 | F45: =F44*$D$2 -> 289 | G45: =G44*$D$2 -> 3062.524 | H45: =H44*$D$2 -> 131.3077 | I45: =I44*$D$2 -> 3193.8317 | J45: =J44*$D$2 -> 313.29105 | K45: =K44*$D$2 -> 3507.1227 | L45: =L44*$D$2 -> -132.09705 | M45: =M44*$D$2 -> 257.65665 | ... O45: =O44*$D$2 -> 0 | Q45: =Q44*$D$2 -> 93.133211 | R45: =R44*$D$2 -> 107.90009 | S45: =S44*$D$2 -> 0 | T45: =T44*$D$2 -> 69.941415 | U45: =U44*$D$2 -> -13.318068 | V45: =V44*$D$2 -> 739.8455 | W45: =W44*$D$2 -> 0 | X45: =X44*$D$2 -> 739.8455 | Y45: =Y44*$D$2 -> 739.8455 | AC45: =AC44*$D$2 -> 1190.6951 | AH45: =AH44*$D$2 -> 1775.2325 | AJ45: =AJ44*$D$2 -> 0 | AK45: =AK44*$D$2 -> 2772.7346 | AL45: =AL44*$D$2 -> 445.3881 | AM45: =AM44*$D$2 -> 3218.1227 | AN45: =AN44*$D$2 -> 739.8455 | AO45: =AO44*$D$2 -> 0 | AW45: =MAX(AW15:AW42) -> 54 | AX45: =MAX(AX15:AX42) -> 32 | AY45: HI | AZ45: =AZ44*$D$2 -> 257.65665
A47: SEASON / CFS | AW47: =MIN(AW15:AW42) -> 12 | AX47: =MIN(AX15:AX42) -> -11 | AY47: LO
A48: SEASON / AF
A50: YTD / CFS | F50: =F13+F44 -> -1992.4376 | G50: =G13+G44 -> 7603 | H50: =H13+H44 -> 238.38 | I50: =I13+I44 -> 7841.38 | J50: =J13+J44 -> 1175.2587 | K50: =K13+K44 -> 9016.6387 | L50: =L13+L44 -> 156.27239 | M50: =M13+M44 -> 638.81 | ... O50: =O13+O44 -> 0 | Q50: =Q13+Q44 -> 204.7723 | R50: =R13+R44 -> 204.91636 | S50: =S13+S44 -> 0 | T50: =T13+T44 -> 131.91526 | U50: =U13+U44 -> -21.813152 | V50: =V13+V44 -> 5423 | W50: =W13+W44 -> 58.28 | X50: =X13+X44 -> 5600.2992 | Y50: =Y13+Y44 -> 5398.5 | AC50: =AC13+AC44 -> 1632 | AH50: =AH13+AH44 -> 3870 | AI50: =AI42 -> 1394 | AJ50: =AJ13+AJ44 -> 0 | AK50: =AK13+AK44 -> 9990.09 | AL50: =AL13+AL44 -> 1018.9863 | AM50: =AM13+AM44 -> 11009.076 | AN50: =AN13+AN44 -> 5398.5 | AO50: =AO13+AO44 -> 201.79923 | AV50: =AV13+AV44 -> 3.76 | AZ50: =AZ13+AZ44 -> 519.79077
A51: YTD / AF | D51: =D13+D45 -> -3952 | E51: =E42 -> 121439 | F51: =F50*$D$2 -> -3952 | G51: =G50*$D$2 -> 15080.55 | H51: =H50*$D$2 -> 472.82673 | I51: =I50*$D$2 -> 15553.377 | J51: =J50*$D$2 -> 2331.1256 | K51: =K50*$D$2 -> 17884.503 | L51: =L50*$D$2 -> 309.96629 | M51: =M50*$D$2 -> 1267.0796 | ... O51: =O50*$D$2 -> 0 | Q51: =Q50*$D$2 -> 406.16585 | R51: =R50*$D$2 -> 406.4516 | S51: =S50*$D$2 -> 0 | T51: =T50*$D$2 -> 261.65393 | U51: =U50*$D$2 -> -43.266387 | V51: =V50*$D$2 -> 10756.521 | W51: =W50*$D$2 -> 115.59838 | X51: =X50*$D$2 -> 11108.194 | Y51: =Y50*$D$2 -> 10707.925 | AC51: =AC50*$D$2 -> 3237.072 | AH51: =AH50*$D$2 -> 7676.145 | AI51: =AI50*$D$2 -> 2764.999 | AJ51: =AJ50*$D$2 -> 0 | AK51: =AK50*$D$2 -> 19815.344 | AL51: =AL50*$D$2 -> 2021.1593 | AM51: =AM50*$D$2 -> 21836.503 | AN51: =AN50*$D$2 -> 10707.925 | AO51: =AO50*$D$2 -> 400.26877 | AZ51: =AZ50*$D$2 -> 1031.005

Sheet MAR
K1: MCPHEE RESERVOIR INFLOW/OUTFLOW TABULATION
A2: AF/cfs CONVERT FACTOR | D2: 1.9835 | K2: MARCH "2011"
D4: RESERVOIR | I4: INFLOW | X4: OUTFLOW | AP4: ADJUSTMENTS | AW4: WEATHER
A5: DATE | B5: RESERV | C5: RESERV | D5: AC FT | E5: ACTIVE | F5: CONV TO | G5: DOLORES | H5: LOST | I5: RECORD | J5: CALC | K5: TOTAL | L5: CALC | M5: DOLORES TUNNEL | V5: LONE | W5: U | X5: TOTAL | Y5: TOTAL | Z5: MVI | AA5: MVI | AB5: MVI | AC5: TO EX & | AD5: MVI | AE5: DV CR | AF5: D/S SENIOR | AH5: BELOW | AI5: FISH | AJ5: SPILL | AK5: RECORD | AL5: CALC | AM5: TOTAL | AN5: NAR | AO5: MVI | AP5: MVI | AQ5: MVI | AR5: DIST. | AS5: U/S | AT5: TOTTEN | AU5: UTES | AV5: RAIN | AW5: MAX | AX5: MIN | AZ5: TOTAL
A6: MAR | B6: ELEV | D6: CHANGE | E6: CAP | F6: CFS | G6: RIVER | H6: CAN | I6: INFLOW | J6: INFLOW | K6: INFLOW | L6: INF/OTF | M6: TOT DIV | N6: WET | O6: UTE | P6: QUEST | Q6: MWC | R6: CORTEZ | T6: UTE | U6: F-BAY | V6: PINE | W6: LAT | X6: MVI | Y6: MVI | Z6: CALL | AA6: CALL | AB6: APR- | AC6: U/S EX | AD6: PROJ | AE6: CANAL | AF6: MVIC | AG6: PROJ | AH6: MCP | AI6: LEFT | AK6: OTF | AL6: OTF | AM6: OTF | AN6: FILL | AO6: STOCK | AP6: STORED | AQ6: STORED | AR6: CLASS | AS6: USERS | AT6: (FRESH | AU6: FROM | AW6: TMP | AX6: TMP | AZ6: TUNNEL
N7: LAND | O7: F&R | Q7: NON - | R7: NON - | S7: PROJ | T7: PROJ | U7: BAL | X7: WATER | Y7: IRRIG. | Z7: STOR | AA7: SPILLED | AB7: JUNE | AF7: 1.7 | AG7: 1.3 | AI7: 31798 | AP7: Apr - Jun | AQ7: EVAP | AR7: "B" | AS7: EXCH | AT7: WATER) | AU7: DWCD | AZ7: Misc.
Q8: PROJ | R8: PROJ | X8: USED | Y8: WATER | AA8: OR | AB8: (DIV+
R9: 4.2 | Y9: USED | AA9: USED | AB9: CALL)
C10: AC. Ft. | E10: AC FT | G10: CFS | H10: CFS | I10: CFS | J10: CFS | K10: CFS | L10: CFS | M10: CFS | N10: CFS | O10: CFS | P10: CFS | Q10: CFS | R10: CFS | S10: CFS | T10: CFS | U10: CFS | V10: CFS | W10: CFS | X10: 153400 | Y10: 150400 | AB10: 72000 | AC10: CFS | AD10: CFS | AE10: CFS | AF10: CFS | AG10: CFS | AH10: CFS | AI10: CFS | AJ10: CFS | AK10: CFS | AL10: CFS | AM10: CFS | AN10: AC FT | AO10: CFS | AP10: CFS | AQ10: AC.FT. | AR10: CFS | AS10: CFS | AT10: CFS | AU10: CFS | AZ10: Outflow
N11: 1.03 | O11: 1.05 | P11: 1.02 | Q11: 1.02 | R11: 1.04 | T11: 1.04 | X11: CFS | Y11: CFS | Z11: CFS | AA11: CFS | AB11: Ac. Ft. | AZ11: CFS
A12: SEASON BAL
A13: YTD | B13: =FEB!B42 -> 6897.22 | C13: =FEB!C42 -> 273439 | D13: =FEB!D51 -> -3952 | E13: =FEB!E51 -> 121439 | F13: =FEB!F50 -> -1992.4376 | G13: =FEB!G50 -> 7603 | H13: =FEB!H50 -> 238.38 | I13: =FEB!I50 -> 7841.38 | J13: =FEB!J50 -> 1175.2587 | K13: =FEB!K50 -> 9016.6387 | L13: =FEB!L50 -> 156.27239 | M13: =FEB!M50 -> 638.81 | ... O13: =FEB!O50 -> 0 | Q13: =FEB!Q50 -> 204.7723 | R13: =FEB!R50 -> 204.91636 | S13: =FEB!S50 -> 0 | T13: =FEB!T50 -> 131.91526 | U13: =FEB!U50 -> -21.813152 | V13: =FEB!V50 -> 5423 | W13: =FEB!W50 -> 58.28 | X13: =FEB!X50 -> 5600.2992 | Y13: =FEB!Y50 -> 5398.5 | AC13: =FEB!AC50 -> 1632 | AH13: =FEB!AH50 -> 3870 | AI13: =FEB!AI42 -> 1394 | AJ13: =FEB!AJ50 -> 0 | AK13: =FEB!AK50 -> 9990.09 | AL13: =FEB!AL50 -> 1018.9863 | AM13: =FEB!AM50 -> 11009.076 | AN13: =FEB!AN50 -> 5398.5 | AO13: =FEB!AO50 -> 201.79923 | AV13: =FEB!AV50 -> 3.76 | AZ13: =FEB!AZ50 -> 519.79077
A15: 1 | B15: 6897.24 | C15: 273511 | D15: =C15-C13 -> 72 | E15: =C15-152000 -> 121511 | F15: =D15/$D$2 -> 36.299471 | G15: 59 | H15: 2 | I15: =G15+H15 -> 61 | J15: =IF(L15>0,L15,0) -> 13.599471 | K15: =I15+J15 -> 74.599471 | L15: =F15-(I15-AK15) -> 13.599471 | M15: 5.3 | N15: 0 | O15: 0 | P15: 0 | Q15: =1161300/325851/1.9835*1.02 -> 1.8327083 | R15: =(1551455/325851/1.9835-T15)*1.04 -> 1.4049982 | S15: 0 | T15: =1.0091*1.04 -> 1.049464 | U15: =M15-(Q15+R15+S15+T15) -> 1.0128296 | V15: 0 | W15: 0 | X15: =M15-N15-O15-P15-Q15-R15-S15-T15-U15+V15+W15 -> 0 | Y15: =X15-AO15 -> 0 | AC15: 39.5 | AE15: 0 | AH15: 33 | AI15: =AI13-AH15 -> 1361 | AK15: =N15+O15+P15+Q15+R15+S15+T15+U15+X15+AE15+AH15 -> 38.3 | AL15: =IF(L15<0,L15*-1,0) -> 0 | AM15: =AK15+AL15 -> 38.3 | AN15: =V15 -> 0 | AV15: 0 | AW15: 54 | AX15: 24 | AZ15: =SUM(N15,P15:U15) -> 5.3
A16: =A15+1 -> 2 | B16: 6897.27 | C16: 273620 | D16: =C16-C15 -> 109 | E16: =C16-152000 -> 121620 | F16: =D16/$D$2 -> 54.953365 | G16: 67 | H16: 2 | I16: =G16+H16 -> 69 | J16: =IF(L16>0,L16,0) -> 25.153365 | K16: =I16+J16 -> 94.153365 | L16: =F16-(I16-AK16) -> 25.153365 | M16: 4.2 | N16: 0 | O16: 0 | P16: 0 | Q16: =1045300/325851/1.9835*1.02 -> 1.6496426 | R16: =(1499766/325851/1.9835-T16)*1.04 -> 1.3218256 | S16: 0 | T16: =1.0091*1.04 -> 1.049464 | U16: =M16-(Q16+R16+S16+T16) -> 0.17906783 | V16: 0 | W16: 0 | X16: =M16-N16-O16-P16-Q16-R16-S16-T16-U16+V16+W16 -> 0 | Y16: =X16-AO16 -> 0 | AC16: 42.64 | AE16: 0 | AH16: 35 | AI16: =AI15-AH16 -> 1326 | AK16: =N16+O16+P16+Q16+R16+S16+T16+U16+X16+AE16+AH16 -> 39.2 | AL16: =IF(L16<0,L16*-1,0) -> 0 | AM16: =AK16+AL16 -> 39.2 | AN16: =V16 -> 0 | AV16: 0 | AW16: 54 | AX16: 29 | AZ16: =SUM(N16,P16:U16) -> 4.2
A17: =A16+1 -> 3 | B17: 6897.3 | C17: 273728 | D17: =C17-C16 -> 108 | E17: =C17-152000 -> 121728 | F17: =D17/$D$2 -> 54.449206 | G17: 73 | H17: 2.2 | I17: =G17+H17 -> 75.2 | J17: =IF(L17>0,L17,0) -> 18.949206 | K17: =I17+J17 -> 94.149206 | L17: =F17-(I17-AK17) -> 18.949206 | M17: 4.7 | N17: 0 | O17: 0 | P17: 0 | Q17: =1026500/325851/1.9835*1.02 -> 1.6199733 | R17: =(1681190/325851/1.9835-T17)*1.04 -> 1.6137543 | S17: 0 | T17: =1.0091*1.04 -> 1.049464 | U17: =M17-(Q17+R17+S17+T17) -> 0.41680838 | V17: 0 | W17: 0 | X17: =M17-N17-O17-P17-Q17-R17-S17-T17-U17+V17+W17 -> 0 | Y17: =X17-AO17 -> 0 | AE17: 0 | AH17: 35 | AI17: =AI16-AH17 -> 1291 | AK17: =N17+O17+P17+Q17+R17+S17+T17+U17+X17+AE17+AH17 -> 39.7 | AL17: =IF(L17<0,L17*-1,0) -> 0 | AM17: =AK17+AL17 -> 39.7 | AN17: =V17 -> 0 | AV17: 0 | AW17: 52 | AX17: 29 | AZ17: =SUM(N17,P17:U17) -> 4.7
A18: =A17+1 -> 4 | B18: 6897.33 | C18: 273837 | D18: =C18-C17 -> 109 | E18: =C18-152000 -> 121837 | F18: =D18/$D$2 -> 54.953365 | G18: 73 | H18: 2.4 | I18: =G18+H18 -> 75.4 | J18: =IF(L18>0,L18,0) -> 19.553365 | K18: =I18+J18 -> 94.953365 | L18: =F18-(I18-AK18) -> 19.553365 | M18: 5 | N18: 0 | O18: 0 | P18: 0 | Q18: =870400/325851/1.9835*1.02 -> 1.3736237 | R18: =(1649395/325851/1.9835-T18)*1.04 -> 1.463194 | S18: 0 | T18: =1.101*1.04 -> 1.14504 | U18: =M18-(Q18+R18+S18+T18) -> 1.0181422 | V18: 0 | W18: 0 | X18: =M18-N18-O18-P18-Q18-R18-S18-T18-U18+V18+W18 -> 0 | Y18: =X18-AO18 -> 0 | AE18: 0 | AH18: 35 | AI18: =AI17-AH18 -> 1256 | AK18: =N18+O18+P18+Q18+R18+S18+T18+U18+X18+AE18+AH18 -> 40 | AL18: =IF(L18<0,L18*-1,0) -> 0 | AM18: =AK18+AL18 -> 40 | AN18: =V18 -> 0 | AV18: 0 | AW18: 43 | AX18: 25 | AZ18: =SUM(N18,P18:U18) -> 5
A19: =A18+1 -> 5 | B19: 6897.36 | C19: 273946 | D19: =C19-C18 -> 109 | E19: =C19-152000 -> 121946 | F19: =D19/$D$2 -> 54.953365 | G19: 73 | H19: 2.5 | I19: =G19+H19 -> 75.5 | J19: =IF(L19>0,L19,0) -> 18.653365 | K19: =I19+J19 -> 94.153365 | L19: =F19-(I19-AK19) -> 18.653365 | M19: 4.2 | N19: 0 | O19: 0 | P19: 0 | Q19: =1026700/325851/1.9835*1.02 -> 1.620289 | R19: =(1810748/325851/1.9835-T19)*1.04 -> 1.7228266 | S19: 0 | T19: =1.101*1.04 -> 1.14504 | U19: =M19-(Q19+R19+S19+T19) -> -0.28815553 | V19: 0 | W19: 0 | X19: =M19-N19-O19-P19-Q19-R19-S19-T19-U19+V19+W19 -> 0 | Y19: =X19-AO19 -> 0 | AE19: 0 | AH19: 35 | AI19: =AI18-AH19 -> 1221 | AK19: =N19+O19+P19+Q19+R19+S19+T19+U19+X19+AE19+AH19 -> 39.2 | AL19: =IF(L19<0,L19*-1,0) -> 0 | AM19: =AK19+AL19 -> 39.2 | AN19: =V19 -> 0 | AV19: 0 | AW19: 48 | AX19: 23 | AZ19: =SUM(N19,P19:U19) -> 4.2
A20: =A19+1 -> 6 | B20: 6897.39 | C20: 274054 | D20: =C20-C19 -> 108 | E20: =C20-152000 -> 122054 | F20: =D20/$D$2 -> 54.449206 | G20: 73 | H20: 2.4 | I20: =G20+H20 -> 75.4 | J20: =IF(L20>0,L20,0) -> 18.649206 | K20: =I20+J20 -> 94.049206 | L20: =F20-(I20-AK20) -> 18.649206 | M20: 4.6 | N20: 0 | O20: 0 | P20: 0 | Q20: =1221800/325851/1.9835*1.02 -> 1.9281865 | R20: =(1851000/325851/1.9835-T20)*1.04 -> 1.7875959 | S20: 0 | T20: =1.101*1.04 -> 1.14504 | U20: =M20-(Q20+R20+S20+T20) -> -0.26082239 | V20: 0 | W20: 0 | X20: =M20-N20-O20-P20-Q20-R20-S20-T20-U20+V20+W20 -> 0 | Y20: =X20-AO20 -> 0 | AE20: 0 | AH20: 35 | AI20: =AI19-AH20 -> 1186 | AK20: =N20+O20+P20+Q20+R20+S20+T20+U20+X20+AE20+AH20 -> 39.6 | AL20: =IF(L20<0,L20*-1,0) -> 0 | AM20: =AK20+AL20 -> 39.6 | AN20: =V20 -> 0 | AV20: 0 | AW20: 46 | AX20: 28 | AZ20: =SUM(N20,P20:U20) -> 4.6
A21: =A20+1 -> 7 | B21: 6897.42 | C21: 274163 | D21: =C21-C20 -> 109 | E21: =C21-152000 -> 122163 | F21: =D21/$D$2 -> 54.953365 | G21: 72 | H21: 2.3 | I21: =G21+H21 -> 74.3 | J21: =IF(L21>0,L21,0) -> 19.853365 | K21: =I21+J21 -> 94.153365 | L21: =F21-(I21-AK21) -> 19.853365 | M21: 4.2 | N21: 0 | O21: 0 | P21: 0 | Q21: =981600/325851/1.9835*1.02 -> 1.5491143 | R21: =(1777158/325851/1.9835-T21)*1.04 -> 1.668777 | S21: 0 | T21: =1.101*1.04 -> 1.14504 | U21: =M21-(Q21+R21+S21+T21) -> -0.16293131 | V21: 0 | W21: 0 | X21: =M21-N21-O21-P21-Q21-R21-S21-T21-U21+V21+W21 -> 0 | Y21: =X21-AO21 -> 0 | AE21: 0 | AH21: 35 | AI21: =AI20-AH21 -> 1151 | AK21: =N21+O21+P21+Q21+R21+S21+T21+U21+X21+AE21+AH21 -> 39.2 | AL21: =IF(L21<0,L21*-1,0) -> 0 | AM21: =AK21+AL21 -> 39.2 | AN21: =V21 -> 0 | AV21: 0.25 | AW21: 44 | AX21: 29 | AZ21: =SUM(N21,P21:U21) -> 4.2
A22: =A21+1 -> 8 | B22: 6897.45 | C22: 274271 | D22: =C22-C21 -> 108 | E22: =C22-152000 -> 122271 | F22: =D22/$D$2 -> 54.449206 | G22: 71 | H22: 2.4 | I22: =G22+H22 -> 73.4 | J22: =IF(L22>0,L22,0) -> 21.449206 | K22: =I22+J22 -> 94.849206 | L22: =F22-(I22-AK22) -> 21.449206 | M22: 5.4 | N22: 0 | O22: 0 | P22: 0 | Q22: =911300/325851/1.9835*1.02 -> 1.4381702 | R22: =(1663434/325851/1.9835-T22)*1.04 -> 1.4857841 | S22: 0 | T22: =1.101*1.04 -> 1.14504 | U22: =M22-(Q22+R22+S22+T22) -> 1.3310057 | V22: 0 | W22: 0 | X22: =M22-N22-O22-P22-Q22-R22-S22-T22-U22+V22+W22 -> 0 | Y22: =X22-AO22 -> 0 | AE22: 0 | AH22: 35 | AI22: =AI21-AH22 -> 1116 | AK22: =N22+O22+P22+Q22+R22+S22+T22+U22+X22+AE22+AH22 -> 40.4 | AL22: =IF(L22<0,L22*-1,0) -> 0 | AM22: =AK22+AL22 -> 40.4 | AN22: =V22 -> 0 | AV22: 0.12 | AW22: 42 | AX22: 25 | AZ22: =SUM(N22,P22:U22) -> 5.4
A23: =A22+1 -> 9 | B23: 6897.48 | C23: 274380 | D23: =C23-C22 -> 109 | E23: =C23-152000 -> 122380 | F23: =D23/$D$2 -> 54.953365 | G23: 70 | H23: 2.6 | I23: =G23+H23 -> 72.6 | J23: =IF(L23>0,L23,0) -> 21.253365 | K23: =I23+J23 -> 93.853365 | L23: =F23-(I23-AK23) -> 21.253365 | M23: 3.9 | N23: 0 | O23: 0 | P23: 0 | Q23: =1295400/325851/1.9835*1.02 -> 2.0443385 | R23: =(1845949/325851/1.9835-T23)*1.04 -> 1.7794684 | S23: 0 | T23: =1.101*1.04 -> 1.14504 | U23: =M23-(Q23+R23+S23+T23) -> -1.0688469 | V23: 0 | W23: 0 | X23: =M23-N23-O23-P23-Q23-R23-S23-T23-U23+V23+W23 -> 0 | Y23: =X23-AO23 -> 0 | AE23: 0 | AH23: 35 | AI23: =AI22-AH23 -> 1081 | AK23: =N23+O23+P23+Q23+R23+S23+T23+U23+X23+AE23+AH23 -> 38.9 | AL23: =IF(L23<0,L23*-1,0) -> 0 | AM23: =AK23+AL23 -> 38.9 | AN23: =V23 -> 0 | AV23: 0 | AW23: 51 | AX23: 21 | AZ23: =SUM(N23,P23:U23) -> 3.9
A24: =A23+1 -> 10 | B24: 6897.51 | C24: 274488 | D24: =C24-C23 -> 108 | E24: =C24-152000 -> 122488 | F24: =D24/$D$2 -> 54.449206 | G24: 72 | H24: 2.8 | I24: =G24+H24 -> 74.8 | J24: =IF(L24>0,L24,0) -> 19.249206 | K24: =I24+J24 -> 94.049206 | L24: =F24-(I24-AK24) -> 19.249206 | M24: 4.6 | N24: 0 | O24: 0 | P24: 0 | Q24: =851700/325851/1.9835*1.02 -> 1.3441123 | R24: =(1841680/325851/1.9835-T24)*1.04 -> 1.7725991 | S24: 0 | T24: =1.101*1.04 -> 1.14504 | U24: =M24-(Q24+R24+S24+T24) -> 0.33824855 | V24: 0 | W24: 0 | X24: =M24-N24-O24-P24-Q24-R24-S24-T24-U24+V24+W24 -> 0 | Y24: =X24-AO24 -> 0 | AE24: 0 | AH24: 35 | AI24: =AI23-AH24 -> 1046 | AK24: =N24+O24+P24+Q24+R24+S24+T24+U24+X24+AE24+AH24 -> 39.6 | AL24: =IF(L24<0,L24*-1,0) -> 0 | AM24: =AK24+AL24 -> 39.6 | AN24: =V24 -> 0 | AV24: 0 | AW24: 56 | AX24: 26 | AZ24: =SUM(N24,P24:U24) -> 4.6
A25: =A24+1 -> 11 | B25: 6897.55 | C25: 274633 | D25: =C25-C24 -> 145 | E25: =C25-152000 -> 122633 | F25: =D25/$D$2 -> 73.103101 | G25: 81 | H25: 2.9 | I25: =G25+H25 -> 83.9 | J25: =IF(L25>0,L25,0) -> 29.103101 | K25: =I25+J25 -> 113.0031 | L25: =F25-(I25-AK25) -> 29.103101 | M25: 4.9 | N25: 0 | O25: 0 | P25: 0 | Q25: =963600/325851/1.9835*1.02 -> 1.5207075 | R25: =(1781978/325851/1.9835-T25)*1.04 -> 1.4385809 | S25: 0 | T25: =1.321*1.04 -> 1.37384 | U25: =M25-(Q25+R25+S25+T25) -> 0.56687159 | V25: 0 | W25: 0 | X25: =M25-N25-O25-P25-Q25-R25-S25-T25-U25+V25+W25 -> 0 | Y25: =X25-AO25 -> 0 | AE25: 0 | AH25: 35 | AI25: =AI24-AH25 -> 1011 | AK25: =N25+O25+P25+Q25+R25+S25+T25+U25+X25+AE25+AH25 -> 39.9 | AL25: =IF(L25<0,L25*-1,0) -> 0 | AM25: =AK25+AL25 -> 39.9 | AN25: =V25 -> 0 | AV25: 0 | AW25: 62 | AX25: 30 | AZ25: =SUM(N25,P25:U25) -> 4.9
A26: =A25+1 -> 12 | B26: 6897.61 | C26: 274850 | D26: =C26-C25 -> 217 | E26: =C26-152000 -> 122850 | F26: =D26/$D$2 -> 109.40257 | G26: 92 | H26: 3.5 | I26: =G26+H26 -> 95.5 | J26: =IF(L26>0,L26,0) -> 53.002571 | K26: =I26+J26 -> 148.50257 | L26: =F26-(I26-AK26) -> 53.002571 | M26: 4.1 | N26: 0 | O26: 0 | P26: 0 | Q26: =970600/325851/1.9835*1.02 -> 1.5317546 | R26: =(1704785/325851/1.9835-T26)*1.04 -> 1.3143699 | S26: 0 | T26: =1.321*1.04 -> 1.37384 | U26: =M26-(Q26+R26+S26+T26) -> -0.1199645 | V26: 0 | W26: 0 | X26: =M26-N26-O26-P26-Q26-R26-S26-T26-U26+V26+W26 -> 0 | Y26: =X26-AO26 -> 0 | AE26: 0 | AH26: 35 | AI26: =AI25-AH26 -> 976 | AK26: =N26+O26+P26+Q26+R26+S26+T26+U26+X26+AE26+AH26 -> 39.1 | AL26: =IF(L26<0,L26*-1,0) -> 0 | AM26: =AK26+AL26 -> 39.1 | AN26: =V26 -> 0 | AV26: 0 | AW26: 61 | AX26: 29 | AZ26: =SUM(N26,P26:U26) -> 4.1
A27: =A26+1 -> 13 | B27: 6897.71 | C27: 275212 | D27: =C27-C26 -> 362 | E27: =C27-152000 -> 123212 | F27: =D27/$D$2 -> 182.50567 | G27: 107 | H27: 3.9 | I27: =G27+H27 -> 110.9 | J27: =IF(L27>0,L27,0) -> 111.80567 | K27: =I27+J27 -> 222.70567 | L27: =F27-(I27-AK27) -> 111.80567 | M27: 5.2 | N27: 0 | O27: 0 | P27: 0 | Q27: =1153600/325851/1.9835*1.02 -> 1.8205565 | R27: =(1713570/325851/1.9835-T27)*1.04 -> 1.3285058 | S27: 0 | T27: =1.321*1.04 -> 1.37384 | U27: =M27-(Q27+R27+S27+T27) -> 0.67709772 | V27: 0 | W27: 0 | X27: =M27-N27-O27-P27-Q27-R27-S27-T27-U27+V27+W27 -> 0 | Y27: =X27-AO27 -> 0 | AE27: 0 | AH27: 35 | AI27: =AI26-AH27 -> 941 | AK27: =N27+O27+P27+Q27+R27+S27+T27+U27+X27+AE27+AH27 -> 40.2 | AL27: =IF(L27<0,L27*-1,0) -> 0 | AM27: =AK27+AL27 -> 40.2 | AN27: =V27 -> 0 | AV27: 0 | AW27: 58 | AX27: 33 | AZ27: =SUM(N27,P27:U27) -> 5.2
A28: =A27+1 -> 14 | B28: 6897.8 | C28: 275537 | D28: =C28-C27 -> 325 | E28: =C28-152000 -> 123537 | F28: =D28/$D$2 -> 163.85178 | G28: 115 | H28: 4.8 | I28: =G28+H28 -> 119.8 | J28: =IF(L28>0,L28,0) -> 83.751777 | K28: =I28+J28 -> 203.55178 | L28: =F28-(I28-AK28) -> 83.751777 | M28: 4.7 | N28: 0 | O28: 0 | P28: 0 | Q28: =1251200/325851/1.9835*1.02 -> 1.9745841 | R28: =(1710282/325851/1.9835-T28)*1.04 -> 1.3232151 | S28: 0 | T28: =1.321*1.04 -> 1.37384 | U28: =M28-(Q28+R28+S28+T28) -> 0.028360767 | V28: 0 | W28: 0 | X28: =M28-N28-O28-P28-Q28-R28-S28-T28-U28+V28+W28 -> -2.220446e-16 | Y28: =X28-AO28 -> -2.220446e-16 | AE28: 0 | AH28: 35 | AI28: =AI27-AH28 -> 906 | AK28: =N28+O28+P28+Q28+R28+S28+T28+U28+X28+AE28+AH28 -> 39.7 | AL28: =IF(L28<0,L28*-1,0) -> 0 | AM28: =AK28+AL28 -> 39.7 | AN28: =V28 -> 0 | AV28: 0 | AW28: 59 | AX28: 26 | AZ28: =SUM(N28,P28:U28) -> 4.7
A29: =A28+1 -> 15 | B29: 6897.88 | C29: 275827 | D29: =C29-C28 -> 290 | E29: =C29-152000 -> 123827 | F29: =D29/$D$2 -> 146.2062 | G29: 132 | H29: 7.4 | I29: =G29+H29 -> 139.4 | J29: =IF(L29>0,L29,0) -> 46.406201 | K29: =I29+J29 -> 185.8062 | L29: =F29-(I29-AK29) -> 46.406201 | M29: 4.6 | N29: 0 | O29: 0 | P29: 0 | Q29: =1097800/325851/1.9835*1.02 -> 1.7324956 | R29: =(1704291/325851/1.9835-T29)*1.04 -> 1.313575 | S29: 0 | T29: =1.321*1.04 -> 1.37384 | U29: =M29-(Q29+R29+S29+T29) -> 0.18008942 | V29: 0 | W29: 0 | X29: =M29-N29-O29-P29-Q29-R29-S29-T29-U29+V29+W29 -> 0 | Y29: =X29-AO29 -> 0 | AE29: 0 | AH29: 35 | AI29: =AI28-AH29 -> 871 | AK29: =N29+O29+P29+Q29+R29+S29+T29+U29+X29+AE29+AH29 -> 39.6 | AL29: =IF(L29<0,L29*-1,0) -> 0 | AM29: =AK29+AL29 -> 39.6 | AN29: =V29 -> 0 | AV29: 0 | AW29: 63 | AX29: 31 | AZ29: =SUM(N29,P29:U29) -> 4.6
A30: =A29+1 -> 16 | B30: 6898.01 | C30: 276297 | D30: =C30-C29 -> 470 | E30: =C30-152000 -> 124297 | F30: =D30/$D$2 -> 236.95488 | G30: 141 | H30: 14 | I30: =G30+H30 -> 155 | J30: =IF(L30>0,L30,0) -> 133.25488 | K30: =I30+J30 -> 288.25488 | L30: =F30-(I30-AK30) -> 133.25488 | M30: 5.3 | N30: 0 | O30: 0 | P30: 0 | Q30: =1244400/325851/1.9835*1.02 -> 1.9638527 | R30: =(2734685/325851/1.9835-T30)*1.04 -> 3.3728519 | S30: 0 | T30: =0.95*1.04 -> 0.988 | U30: =M30-(Q30+R30+S30+T30) -> -1.0247046 | V30: 0 | W30: 0 | X30: =M30-N30-O30-P30-Q30-R30-S30-T30-U30+V30+W30 -> 0 | Y30: =X30-AO30 -> 0 | AE30: 0 | AH30: 46 | AI30: =AI29-AH30 -> 825 | AK30: =N30+O30+P30+Q30+R30+S30+T30+U30+X30+AE30+AH30 -> 51.3 | AL30: =IF(L30<0,L30*-1,0) -> 0 | AM30: =AK30+AL30 -> 51.3 | AN30: =V30 -> 0 | AV30: 0 | AW30: 65 | AX30: 33 | AZ30: =SUM(N30,P30:U30) -> 5.3
A31: 17 | B31: 6898.14 | C31: 276771 | D31: =C31-C30 -> 474 | E31: =C31-152000 -> 124771 | F31: =D31/$D$2 -> 238.97151 | G31: 172 | H31: 24 | I31: =G31+H31 -> 196 | J31: =IF(L31>0,L31,0) -> 122.97151 | K31: =I31+J31 -> 318.97151 | L31: =F31-(I31-AK31) -> 122.97151 | M31: 5 | N31: 0 | O31: 0 | P31: 0 | Q31: =1080800/325851/1.9835*1.02 -> 1.705667 | R31: =(1926332/325851/1.9835-T31)*1.04 -> 1.7776143 | S31: 0 | T31: =1.2223*1.04 -> 1.271192 | U31: =M31-(Q31+R31+S31+T31) -> 0.24552671 | V31: 23 | W31: 0 | X31: =M31-N31-O31-P31-Q31-R31-S31-T31-U31+V31+W31 -> 23 | Y31: =X31-AO31 -> 23 | AE31: 0 | AH31: 52 | AI31: =AI30-AH31 -> 773 | AK31: =N31+O31+P31+Q31+R31+S31+T31+U31+X31+AE31+AH31 -> 80 | AL31: =IF(L31<0,L31*-1,0) -> 0 | AM31: =AK31+AL31 -> 80 | AN31: =V31 -> 23 | AV31: 0 | AW31: 58 | AX31: 32 | AZ31: =SUM(N31,P31:U31) -> 5
A32: =A31+1 -> 18 | B32: 6898.27 | C32: 277245 | D32: =C32-C31 -> 474 | E32: =C32-152000 -> 125245 | F32: =D32/$D$2 -> 238.97151 | G32: 176 | H32: 35 | I32: =G32+H32 -> 211 | J32: =IF(L32>0,L32,0) -> 135.97151 | K32: =I32+J32 -> 346.97151 | L32: =F32-(I32-AK32) -> 135.97151 | M32: 5 | N32: 0 | O32: 0 | P32: 0 | Q32: =1051100/325851/1.9835*1.02 -> 1.6587959 | R32: =(1818753/325851/1.9835-T32)*1.04 -> 1.7829733 | S32: 0 | T32: =1.0573*1.04 -> 1.099592 | U32: =M32-(Q32+R32+S32+T32) -> 0.45863882 | V32: 51 | W32: 0 | X32: =M32-N32-O32-P32-Q32-R32-S32-T32-U32+V32+W32 -> 51 | Y32: =X32-AO32 -> 51 | AE32: 0 | AH32: 52 | AI32: =AI31-AH32 -> 721 | AK32: =N32+O32+P32+Q32+R32+S32+T32+U32+X32+AE32+AH32 -> 108 | AL32: =IF(L32<0,L32*-1,0) -> 0 | AM32: =AK32+AL32 -> 108 | AN32: =V32 -> 51 | AV32: 0 | AW32: 59 | AX32: 32 | AZ32: =SUM(N32,P32:U32) -> 5
A33: =A32+1 -> 19 | B33: 6898.41 | C33: 277755 | D33: =C33-C32 -> 510 | E33: =C33-152000 -> 125755 | F33: =D33/$D$2 -> 257.12125 | G33: 175 | H33: 47 | I33: =G33+H33 -> 222 | J33: =IF(L33>0,L33,0) -> 143.12125 | K33: =I33+J33 -> 365.12125 | L33: =F33-(I33-AK33) -> 143.12125 | M33: 5 | N33: 0 | O33: 0 | P33: 0 | Q33: =1078500/325851/1.9835*1.02 -> 1.7020372 | R33: =(1747937/325851/1.9835-T33)*1.04 -> 1.6690235 | S33: 0 | T33: =1.0573*1.04 -> 1.099592 | U33: =M33-(Q33+R33+S33+T33) -> 0.52934722 | V33: 51 | W33: 0 | X33: =M33-N33-O33-P33-Q33-R33-S33-T33-U33+V33+W33 -> 51 | Y33: =X33-AO33 -> 51 | AE33: 0 | AH33: 52 | AI33: =AI32-AH33 -> 669 | AK33: =N33+O33+P33+Q33+R33+S33+T33+U33+X33+AE33+AH33 -> 108 | AL33: =IF(L33<0,L33*-1,0) -> 0 | AM33: =AK33+AL33 -> 108 | AN33: =V33 -> 51 | AV33: 0 | AW33: 62 | AX33: 37 | AZ33: =SUM(N33,P33:U33) -> 5
A34: =A33+1 -> 20 | B34: 6898.55 | C34: 278266 | D34: =C34-C33 -> 511 | E34: =C34-152000 -> 126266 | F34: =D34/$D$2 -> 257.62541 | G34: 172 | H34: 47 | I34: =G34+H34 -> 219 | J34: =IF(L34>0,L34,0) -> 145.82541 | K34: =I34+J34 -> 364.82541 | L34: =F34-(I34-AK34) -> 145.82541 | M34: 4.2 | N34: 0 | O34: 0 | P34: 0 | Q34: =1129500/325851/1.9835*1.02 -> 1.782523 | R34: =(1760961/325851/1.9835-T34)*1.04 -> 1.6899804 | S34: 0 | T34: =1.0573*1.04 -> 1.099592 | U34: =M34-(Q34+R34+S34+T34) -> -0.37209542 | V34: 51 | W34: 0 | X34: =M34-N34-O34-P34-Q34-R34-S34-T34-U34+V34+W34 -> 51 | Y34: =X34-AO34 -> 51 | AE34: 0 | AH34: 52 | AI34: =AI33-AH34 -> 617 | AK34: =N34+O34+P34+Q34+R34+S34+T34+U34+X34+AE34+AH34 -> 107.2 | AL34: =IF(L34<0,L34*-1,0) -> 0 | AM34: =AK34+AL34 -> 107.2 | AN34: =V34 -> 51 | AV34: 0 | AW34: 58 | AX34: 33 | AZ34: =SUM(N34,P34:U34) -> 4.2
A35: =A34+1 -> 21 | B35: 6898.63 | C35: 278557 | D35: =C35-C34 -> 291 | E35: =C35-152000 -> 126557 | F35: =D35/$D$2 -> 146.71036 | G35: 164 | H35: 36 | I35: =G35+H35 -> 200 | J35: =IF(L35>0,L35,0) -> 62.01036 | K35: =I35+J35 -> 262.01036 | L35: =F35-(I35-AK35) -> 62.01036 | M35: 5.3 | N35: 0 | O35: 0 | P35: 0 | Q35: =1061400/325851/1.9835*1.02 -> 1.6750508 | R35: =(1704643/325851/1.9835-T35)*1.04 -> 1.5993593 | S35: 0 | T35: =1.0573*1.04 -> 1.099592 | U35: =M35-(Q35+R35+S35+T35) -> 0.92599785 | V35: 58 | W35: 0 | X35: =M35-N35-O35-P35-Q35-R35-S35-T35-U35+V35+W35 -> 58 | Y35: =X35-AO35 -> 58 | AE35: 0 | AH35: 52 | AI35: =AI34-AH35 -> 565 | AK35: =N35+O35+P35+Q35+R35+S35+T35+U35+X35+AE35+AH35 -> 115.3 | AL35: =IF(L35<0,L35*-1,0) -> 0 | AM35: =AK35+AL35 -> 115.3 | AN35: =V35 -> 58 | AV35: 0.083 | AW35: 55 | AX35: 30 | AZ35: =SUM(N35,P35:U35) -> 5.3
A36: =A35+1 -> 22 | B36: 6898.72 | C36: 278886 | D36: =C36-C35 -> 329 | E36: =C36-152000 -> 126886 | F36: =D36/$D$2 -> 165.86841 | G36: 158 | H36: 11 | I36: =G36+H36 -> 169 | J36: =IF(L36>0,L36,0) -> 106.56841 | K36: =I36+J36 -> 275.56841 | L36: =F36-(I36-AK36) -> 106.56841 | M36: 4.7 | N36: 0 | O36: 0 | P36: 0 | Q36: =1032300/325851/1.9835*1.02 -> 1.6291266 | R36: =(1600000/325851/1.9835-T36)*1.04 -> 1.4309786 | S36: 0 | T36: =1.0573*1.04 -> 1.099592 | U36: =M36-(Q36+R36+S36+T36) -> 0.54030276 | V36: 55 | W36: 0 | X36: =M36-N36-O36-P36-Q36-R36-S36-T36-U36+V36+W36 -> 55 | Y36: =X36-AO36 -> 55 | AE36: 0 | AH36: 50 | AI36: =AI35-AH36 -> 515 | AK36: =N36+O36+P36+Q36+R36+S36+T36+U36+X36+AE36+AH36 -> 109.7 | AL36: =IF(L36<0,L36*-1,0) -> 0 | AM36: =AK36+AL36 -> 109.7 | AN36: =V36 -> 55 | AV36: 0.07 | AW36: 42 | AX36: 26 | AZ36: =SUM(N36,P36:U36) -> 4.7
A37: =A36+1 -> 23 | B37: 6898.76 | C37: 279031 | D37: =C37-C36 -> 145 | E37: =C37-152000 -> 127031 | F37: =D37/$D$2 -> 73.103101 | G37: 129 | H37: 6.5 | I37: =G37+H37 -> 135.5 | J37: =IF(L37>0,L37,0) -> 60.603101 | K37: =I37+J37 -> 196.1031 | L37: =F37-(I37-AK37) -> 60.603101 | M37: 20 | N37: 0 | O37: 0 | P37: 0 | Q37: =996100/325851/1.9835*1.02 -> 1.5719975 | R37: =(1652769/325851/1.9835-T37)*1.04 -> 1.515889 | S37: 0 | T37: =1.0573*1.04 -> 1.099592 | U37: 0 | V37: 54 | W37: 0 | X37: =M37-N37-O37-P37-Q37-R37-S37-T37-U37+V37+W37 -> 69.812521 | Y37: =X37-AO37 -> 69.812521 | AE37: 0 | AH37: 49 | AI37: =AI36-AH37 -> 466 | AK37: =N37+O37+P37+Q37+R37+S37+T37+U37+X37+AE37+AH37 -> 123 | AL37: =IF(L37<0,L37*-1,0) -> 0 | AM37: =AK37+AL37 -> 123 | AN37: =V37 -> 54 | AV37: 0 | AW37: 50 | AX37: 21 | AZ37: =SUM(N37,P37:U37) -> 4.1874785
A38: =A37+1 -> 24 | B38: 6898.78 | C38: 279104 | D38: =C38-C37 -> 73 | E38: =C38-152000 -> 127104 | F38: =D38/$D$2 -> 36.80363 | G38: 147 | H38: 11 | I38: =G38+H38 -> 158 | J38: =IF(L38>0,L38,0) -> 11.80363 | K38: =I38+J38 -> 169.80363 | L38: =F38-(I38-AK38) -> 11.80363 | M38: 28 | N38: 0 | O38: 0 | P38: 0 | Q38: =875900/325851/1.9835*1.02 -> 1.3823036 | R38: =(1771837/325851/1.9835-T38)*1.04 -> 1.7074809 | S38: 0 | T38: =1.0573*1.04 -> 1.099592 | U38: 0 | V38: 55 | W38: 0 | X38: =M38-N38-O38-P38-Q38-R38-S38-T38-U38+V38+W38 -> 78.810623 | Y38: =X38-AO38 -> 78.810623 | AE38: 0 | AH38: 50 | AI38: =AI37-AH38 -> 416 | AK38: =N38+O38+P38+Q38+R38+S38+T38+U38+X38+AE38+AH38 -> 133 | AL38: =IF(L38<0,L38*-1,0) -> 0 | AM38: =AK38+AL38 -> 133 | AN38: =V38 -> 55 | AV38: 0 | AW38: 48 | AX38: 33 | AZ38: =SUM(N38,P38:U38) -> 4.1893765
A39: =A38+1 -> 25 | B39: 6898.8 | C39: 279177 | D39: =C39-C38 -> 73 | E39: =C39-152000 -> 127177 | F39: =D39/$D$2 -> 36.80363 | G39: 135 | H39: 6.1 | I39: =G39+H39 -> 141.1 | J39: =IF(L39>0,L39,0) -> 7.5036299 | K39: =I39+J39 -> 148.60363 | L39: =F39-(I39-AK39) -> 7.5036299 | M39: 6.8 | N39: 0 | O39: 0 | P39: 0 | Q39: =845600/325851/1.9835*1.02 -> 1.3344856 | R39: =(1727984/325851/1.9835-T39)*1.04 -> 1.5634766 | S39: 0 | T39: =1.1252*1.04 -> 1.170208 | U39: 0 | V39: 55 | W39: 0 | X39: =M39-N39-O39-P39-Q39-R39-S39-T39-U39+V39+W39 -> 57.73183 | Y39: =X39-AO39 -> 57.73183 | AE39: 0 | AH39: 50 | AI39: =AI38-AH39 -> 366 | AK39: =N39+O39+P39+Q39+R39+S39+T39+U39+X39+AE39+AH39 -> 111.8 | AL39: =IF(L39<0,L39*-1,0) -> 0 | AM39: =AK39+AL39 -> 111.8 | AN39: =V39 -> 55 | AV39: 0 | AW39: 51 | AX39: 30 | AZ39: =SUM(N39,P39:U39) -> 4.0681702
A40: =A39+1 -> 26 | B40: 6898.85 | C40: 279360 | D40: =C40-C39 -> 183 | E40: =C40-152000 -> 127360 | F40: =D40/$D$2 -> 92.261155 | G40: 124 | H40: 4.8 | I40: =G40+H40 -> 128.8 | J40: =IF(L40>0,L40,0) -> 75.861155 | K40: =I40+J40 -> 204.66115 | L40: =F40-(I40-AK40) -> 75.861155 | M40: 6.4 | N40: 0 | O40: 0 | P40: 0 | Q40: =1011700/325851/1.9835*1.02 -> 1.5966167 | R40: =(1969690/325851/1.9835-T40)*1.04 -> 1.9524049 | S40: 0 | T40: =1.1252*1.04 -> 1.170208 | U40: =M40-(Q40+R40+S40+T40) -> 1.6807705 | V40: 56 | W40: 0 | X40: =M40-N40-O40-P40-Q40-R40-S40-T40-U40+V40+W40 -> 56 | Y40: =X40-AO40 -> 56 | AE40: 0 | AH40: 50 | AI40: =AI39-AH40 -> 316 | AK40: =N40+O40+P40+Q40+R40+S40+T40+U40+X40+AE40+AH40 -> 112.4 | AL40: =IF(L40<0,L40*-1,0) -> 0 | AM40: =AK40+AL40 -> 112.4 | AN40: =V40 -> 56 | AV40: 0.01 | AW40: 49 | AX40: 23 | AZ40: =SUM(N40,P40:U40) -> 6.4
A41: =A40+1 -> 27 | B41: 6898.9 | C41: 279592 | D41: =C41-C40 -> 232 | E41: =C41-152000 -> 127592 | F41: =D41/$D$2 -> 116.96496 | G41: 129 | H41: 4.1 | I41: =G41+H41 -> 133.1 | J41: =IF(L41>0,L41,0) -> 81.764961 | K41: =I41+J41 -> 214.86496 | L41: =F41-(I41-AK41) -> 81.764961 | M41: 5.9 | N41: 0 | O41: 0 | P41: 0 | Q41: =953600/325851/1.9835*1.02 -> 1.504926 | R41: =(1805673/325851/1.9835-T41)*1.04 -> 1.6884857 | S41: 0 | T41: =1.1252*1.04 -> 1.170208 | U41: =M41-(Q41+R41+S41+T41) -> 1.5363803 | V41: 42 | W41: 0 | X41: =M41-N41-O41-P41-Q41-R41-S41-T41-U41+V41+W41 -> 42 | Y41: =X41-AO41 -> 42 | AE41: 0 | AH41: 50 | AI41: =AI40-AH41 -> 266 | AK41: =N41+O41+P41+Q41+R41+S41+T41+U41+X41+AE41+AH41 -> 97.9 | AL41: =IF(L41<0,L41*-1,0) -> 0 | AM41: =AK41+AL41 -> 97.9 | AN41: =V41 -> 42 | AV41: 0.03 | AW41: 52 | AX41: 32 | AZ41: =SUM(N41,P41:U41) -> 5.9
A42: =A41+1 -> 28 | B42: 6898.94 | C42: 279688 | D42: =C42-C41 -> 96 | E42: =C42-152000 -> 127688 | F42: =D42/$D$2 -> 48.399294 | G42: 129 | H42: 4.8 | I42: =G42+H42 -> 133.8 | J42: =IF(L42>0,L42,0) -> 42.599294 | K42: =I42+J42 -> 176.39929 | L42: =F42-(I42-AK42) -> 42.599294 | M42: 33 | N42: 0 | O42: 0 | P42: 0 | Q42: =943500/325851/1.9835*1.02 -> 1.4889867 | R42: =(1745478/325851/1.9835-T42)*1.04 -> 1.5916261 | S42: 0 | T42: =1.1252*1.04 -> 1.170208 | U42: 0 | V42: 45 | W42: 0 | X42: =M42-N42-O42-P42-Q42-R42-S42-T42-U42+V42+W42 -> 73.749179 | Y42: =X42-AO42 -> 73.749179 | AE42: 0 | AH42: 50 | AI42: =AI41-AH42 -> 216 | AK42: =N42+O42+P42+Q42+R42+S42+T42+U42+X42+AE42+AH42 -> 128 | AL42: =IF(L42<0,L42*-1,0) -> 0 | AM42: =AK42+AL42 -> 128 | AN42: =V42 -> 45 | AV42: 0 | AW42: 57 | AX42: 28 | AZ42: =SUM(N42,P42:U42) -> 4.2508208
A43: =A42+1 -> 29 | B43: 6898.96 | C43: 279761 | D43: =C43-C42 -> 73 | E43: =C43-152000 -> 127761 | F43: =D43/$D$2 -> 36.80363 | G43: 133 | H43: 5 | I43: =G43+H43 -> 138 | J43: =IF(L43>0,L43,0) -> 44.80363 | K43: =I43+J43 -> 182.80363 | L43: =F43-(I43-AK43) -> 44.80363 | M43: 39 | N43: 0 | O43: =(4+1.7)*1.05 -> 5.985 | P43: 0 | Q43: =845700/325851/1.9835*1.02 -> 1.3346434 | R43: =(1961684/325851/1.9835-T43)*1.04 -> 1.9395224 | S43: 0 | T43: =1.1252*1.04 -> 1.170208 | U43: 0 | V43: 57 | W43: 0 | X43: =M43-N43-O43-P43-Q43-R43-S43-T43-U43+V43+W43 -> 85.570626 | Y43: =X43-AO43 -> 85.570626 | AE43: 0 | AH43: 50 | AI43: =AI42-AH43 -> 166 | AK43: =N43+O43+P43+Q43+R43+S43+T43+U43+X43+AE43+AH43 -> 146 | AL43: =IF(L43<0,L43*-1,0) -> 0 | AM43: =AK43+AL43 -> 146 | AN43: =V43 -> 57 | AV43: 0 | AW43: 52 | AX43: 25 | AZ43: =SUM(N43,P43:U43) -> 4.4443738
A44: 30 | B44: 6899.05 | C44: 280090 | D44: =C44-C43 -> 329 | E44: =C44-152000 -> 128090 | F44: =D44/$D$2 -> 165.86841 | G44: 143 | H44: 5.8 | I44: =G44+H44 -> 148.8 | J44: =IF(L44>0,L44,0) -> 91.168414 | K44: =I44+J44 -> 239.96841 | L44: =F44-(I44-AK44) -> 91.168414 | M44: 6.1 | N44: 0 | O44: 0 | P44: 0 | Q44: =887000/325851/1.9835*1.02 -> 1.3998211 | R44: =(2198439/325851/1.9835-T44)*1.04 -> 2.4687714 | S44: 0 | T44: =0.9881*1.04 -> 1.027624 | U44: =M44-(Q44+R44+S44+T44) -> 1.2037835 | V44: 18 | W44: 0 | X44: =M44-N44-O44-P44-Q44-R44-S44-T44-U44+V44+W44 -> 18 | Y44: =X44-AO44 -> 18 | AE44: 0 | AH44: 50 | AI44: =AI43-AH44 -> 116 | AK44: =N44+O44+P44+Q44+R44+S44+T44+U44+X44+AE44+AH44 -> 74.1 | AL44: =IF(L44<0,L44*-1,0) -> 0 | AM44: =AK44+AL44 -> 74.1 | AN44: =V44 -> 18 | AV44: 0 | AW44: 54 | AX44: 34 | AZ44: =SUM(N44,P44:U44) -> 6.1
A45: 31 | B45: 6899.18 | C45: 280568 | D45: =C45-C44 -> 478 | E45: =C45-152000 -> 128568 | F45: =D45/$D$2 -> 240.98815 | G45: 175 | H45: 14 | I45: =G45+H45 -> 189 | J45: =IF(L45>0,L45,0) -> 136.98815 | K45: =I45+J45 -> 325.98815 | L45: =F45-(I45-AK45) -> 136.98815 | M45: 35 | N45: 0 | O45: =(8+7)*1.05 -> 15.75 | P45: 0 | Q45: =969600/325851/1.9835*1.02 -> 1.5301765 | R45: =(2435595/325851/1.9835-T45)*1.04 -> 2.8503783 | S45: 0 | T45: =0.9881*1.04 -> 1.027624 | U45: 0 | V45: 0 | W45: 0 | X45: =M45-N45-O45-P45-Q45-R45-S45-T45-U45+V45+W45 -> 13.841821 | Y45: =X45-AO45 -> 13.841821 | AE45: 0 | AH45: 50 | AI45: =AI44-AH45 -> 66 | AK45: =N45+O45+P45+Q45+R45+S45+T45+U45+X45+AE45+AH45 -> 85 | AL45: =IF(L45<0,L45*-1,0) -> 0 | AM45: =AK45+AL45 -> 85 | AN45: =V45 -> 0 | AV45: 0 | AW45: 65 | AX45: 36 | AZ45: =SUM(N45,P45:U45) -> 5.4081788
A47: MONTH / CFS | F47: =SUM(F15:F45) -> 3594.1518 | G47: =SUM(G15:G45) -> 3632 | H47: =SUM(H15:H45) -> 322.2 | I47: =SUM(I15:I45) -> 3954.2 | J47: =SUM(J15:J45) -> 1923.2518 | K47: =SUM(K15:K45) -> 5877.4518 | L47: =SUM(L15:L45) -> 1923.2518 | M47: =SUM(M15:M45) -> 284.3 | ... O47: =SUM(O15:O45) -> 21.735 | Q47: =SUM(Q15:Q45) -> 50.241267 | R47: =SUM(R15:R45) -> 53.339887 | S47: =SUM(S15:S45) -> 0 | T47: =SUM(T15:T45) -> 35.895496 | U47: =SUM(U15:U45) -> 9.5717487 | V47: =SUM(V15:V45) -> 671 | W47: =SUM(W15:W45) -> 0 | X47: =SUM(X15:X45) -> 784.5166 | Y47: =SUM(Y15:Y45) -> 784.5166 | AC47: =SUM(AC15:AC45) -> 82.14 | AH47: =SUM(AH15:AH45) -> 1328 | AJ47: =SUM(AJ15:AJ45) -> 0 | AK47: =SUM(AK15:AK45) -> 2283.3 | AL47: =SUM(AL15:AL45) -> 0 | AM47: =SUM(AM15:AM45) -> 2283.3 | AN47: =SUM(AN15:AN45) -> 671 | AO47: =SUM(AO15:AO45) -> 0 | AV47: =SUM(AV15:AV45) -> 0.563 | AW47: =AVERAGE(AW15:AW45) -> 53.870968 | AX47: =AVERAGE(AX15:AX45) -> 28.806452 | AY47: AVE | AZ47: =SUM(AZ15:AZ45) -> 149.0484
A48: MONTH / AF | D48: =SUM(D15:D45) -> 7129 | F48: =F47*$D$2 -> 7129 | G48: =G47*$D$2 -> 7204.072 | H48: =H47*$D$2 -> 639.0837 | I48: =I47*$D$2 -> 7843.1557 | J48: =J47*$D$2 -> 3814.7699 | K48: =K47*$D$2 -> 11657.926 | L48: =L47*$D$2 -> 3814.7699 | M48: =M47*$D$2 -> 563.90905 | ... O48: =O47*$D$2 -> 43.111373 | Q48: =Q47*$D$2 -> 99.653553 | R48: =R47*$D$2 -> 105.79967 | S48: =S47*$D$2 -> 0 | T48: =T47*$D$2 -> 71.198716 | U48: =U47*$D$2 -> 18.985564 | V48: =V47*$D$2 -> 1330.9285 | W48: =W47*$D$2 -> 0 | X48: =X47*$D$2 -> 1556.0887 | Y48: =Y47*$D$2 -> 1556.0887 | AC48: =AC47*$D$2 -> 162.92469 | AH48: =AH47*$D$2 -> 2634.088 | AJ48: =AJ47*$D$2 -> 0 | AK48: =AK47*$D$2 -> 4528.9255 | AL48: =AL47*$D$2 -> 0 | AM48: =AM47*$D$2 -> 4528.9255 | AN48: =AN47*$D$2 -> 1330.9285 | AO48: =AO47*$D$2 -> 0 | AW48: =MAX(AW15:AW45) -> 65 | AX48: =MAX(AX15:AX45) -> 37 | AY48: HI | AZ48: =AZ47*$D$2 -> 295.6375
A50: SEASON / CFS | O50: =O47 -> 21.735 | AW50: =MIN(AW15:AW45) -> 42 | AX50: =MIN(AX15:AX45) -> 21 | AY50: LO
A51: SEASON / AF | O51: =O50*D2 -> 43.111373
A53: YTD / CFS | F53: =F13+F47 -> 1601.7141 | G53: =G13+G47 -> 11235 | H53: =H13+H47 -> 560.58 | I53: =I13+I47 -> 11795.58 | J53: =J13+J47 -> 3098.5104 | K53: =K13+K47 -> 14894.09 | L53: =L13+L47 -> 2079.5241 | M53: =M13+M47 -> 923.11 | ... O53: =O13+O47 -> 21.735 | Q53: =Q13+Q47 -> 255.01357 | R53: =R13+R47 -> 258.25625 | S53: =S13+S47 -> 0 | T53: =T13+T47 -> 167.81076 | U53: =U13+U47 -> -12.241404 | V53: =V13+V47 -> 6094 | W53: =W13+W47 -> 58.28 | X53: =X13+X47 -> 6384.8158 | Y53: =Y13+Y47 -> 6183.0166 | AC53: =AC13+AC47 -> 1714.14 | AH53: =AH13+AH47 -> 5198 | AI53: =AI45 -> 66 | AJ53: =AJ13+AJ47 -> 0 | AK53: =AK13+AK47 -> 12273.39 | AL53: =AL13+AL47 -> 1018.9863 | AM53: =AM13+AM47 -> 13292.376 | AN53: =AN13+AN47 -> 6069.5 | AO53: =AO13+AO47 -> 201.79923 | AV53: =AV13+AV47 -> 4.323 | AZ53: =AZ13+AZ47 -> 668.83917
A54: YTD / AF | D54: =D13+D48 -> 3177 | E54: =E45 -> 128568 | F54: =F53*$D$2 -> 3177 | G54: =G53*$D$2 -> 22284.623 | H54: =H53*$D$2 -> 1111.9104 | I54: =I53*$D$2 -> 23396.533 | J54: =J53*$D$2 -> 6145.8955 | K54: =K53*$D$2 -> 29542.428 | L54: =L53*$D$2 -> 4124.7361 | M54: =M53*$D$2 -> 1830.9887 | ... O54: =O53*$D$2 -> 43.111373 | Q54: =Q53*$D$2 -> 505.81941 | R54: =R53*$D$2 -> 512.25126 | S54: =S53*$D$2 -> 0 | T54: =T53*$D$2 -> 332.85264 | U54: =U53*$D$2 -> -24.280824 | V54: =V53*$D$2 -> 12087.449 | W54: =W53*$D$2 -> 115.59838 | X54: =X53*$D$2 -> 12664.282 | Y54: =Y53*$D$2 -> 12264.013 | AC54: =AC53*$D$2 -> 3399.9967 | AH54: =AH53*$D$2 -> 10310.233 | AI54: =AI53*$D$2 -> 130.911 | AJ54: =AJ53*$D$2 -> 0 | AK54: =AK53*$D$2 -> 24344.269 | AL54: =AL53*$D$2 -> 2021.1593 | AM54: =AM53*$D$2 -> 26365.428 | AN54: =AN53*$D$2 -> 12038.853 | AO54: =AO53*$D$2 -> 400.26877 | AZ54: =AZ53*$D$2 -> 1326.6425

Sheet APR
K1: MCPHEE RESERVOIR INFLOW/OUTFLOW TABULATION
A2: AF/cfs CONVERT FACTOR | D2: 1.9835 | K2: Apr "2011"
D4: RESERVOIR | I4: INFLOW | X4: OUTFLOW | AP4: ADJUSTMENTS | AW4: WEATHER
A5: DATE | B5: RESERV | C5: RESERV | D5: AC FT | E5: ACTIVE | F5: CONV TO | G5: DOLORES | H5: LOST | I5: RECORD | J5: CALC | K5: TOTAL | L5: CALC | M5: DOLORES TUNNEL | V5: LONE | W5: U | X5: TOTAL | Y5: TOTAL | Z5: MVI | AA5: MVI | AB5: MVI | AC5: TO EX & | AD5: MVI | AE5: DV CR | AF5: D/S SENIOR | AH5: BELOW | AI5: FISH | AJ5: SPILL | AK5: RECORD | AL5: CALC | AM5: TOTAL | AN5: NAR | AO5: MVI | AP5: MVI | AQ5: MVI | AR5: DIST. | AS5: U/S | AT5: TOTTEN | AU5: UTES | AV5: RAIN | AW5: MAX | AX5: MIN | AZ5: TOTAL
A6: APR | B6: ELEV | D6: CHANGE | E6: CAP | F6: CFS | G6: RIVER | H6: CAN | I6: INFLOW | J6: INFLOW | K6: INFLOW | L6: INF/OTF | M6: TOT DIV | N6: WET | O6: UTE | P6: QUEST | Q6: MWC | R6: CORTEZ | T6: UTE | U6: F-BAY | V6: PINE | W6: LAT | X6: MVI | Y6: MVI | Z6: CALL | AA6: CALL | AB6: APR- | AC6: U/S EX | AD6: PROJ | AE6: CANAL | AF6: MVIC | AG6: PROJ | AH6: MCP | AI6: LEFT | AK6: OTF | AL6: OTF | AM6: OTF | AN6: FILL | AO6: STOCK | AP6: STORED | AQ6: STORED | AR6: CLASS | AS6: USERS | AT6: (FRESH | AU6: FROM | AW6: TMP | AX6: TMP | AZ6: TUNNEL
N7: LAND | O7: F&R | Q7: NON - | R7: NON - | S7: PROJ | T7: PROJ | U7: BAL | X7: WATER | Y7: IRRIG. | Z7: STOR | AA7: SPILLED | AB7: JUNE | AF7: 1.7 | AG7: 1.3 | AI7: 31798 | AP7: Apr - Jun | AQ7: EVAP | AR7: "B" | AS7: EXCH | AT7: WATER) | AU7: DWCD | AZ7: Misc.
Q8: PROJ | R8: PROJ | X8: USED | Y8: WATER | AA8: OR | AB8: (DIV+
R9: 4.2 | Y9: USED | AA9: USED | AB9: CALL)
C10: AC. Ft. | E10: AC FT | G10: CFS | H10: CFS | I10: CFS | J10: CFS | K10: CFS | L10: CFS | M10: CFS | N10: CFS | O10: CFS | P10: CFS | Q10: CFS | R10: CFS | S10: CFS | T10: CFS | U10: CFS | V10: CFS | W10: CFS | X10: 153400 | Y10: 150400 | Z10: CFS | AB10: 72000 | AC10: CFS | AD10: CFS | AE10: CFS | AF10: CFS | AG10: CFS | AH10: CFS | AI10: CFS | AJ10: CFS | AK10: CFS | AL10: CFS | AM10: CFS | AN10: AC FT | AO10: CFS | AP10: CFS | AQ10: AC.FT. | AR10: CFS | AS10: CFS | AT10: CFS | AU10: CFS | AZ10: Outflow
N11: 1.03 | O11: 1.05 | P11: 1.02 | Q11: 1.02 | R11: 1.04 | T11: 1.04 | X11: CFS | Y11: CFS | Z11: CFS | AA11: CFS | AB11: Ac. Ft. | AZ11: CFS
A12: SEASON BAL | O12: =MAR!O50 -> 21.735
A13: YTD | B13: =MAR!B45 -> 6899.18 | C13: =MAR!C45 -> 280568 | D13: =MAR!D54 -> 3177 | E13: =MAR!E54 -> 128568 | F13: =MAR!F53 -> 1601.7141 | G13: =MAR!G53 -> 11235 | H13: =MAR!H53 -> 560.58 | I13: =MAR!I53 -> 11795.58 | J13: =MAR!J53 -> 3098.5104 | K13: =MAR!K53 -> 14894.09 | L13: =MAR!L53 -> 2079.5241 | M13: =MAR!M53 -> 923.11 | ... O13: =MAR!O53 -> 21.735 | Q13: =MAR!Q53 -> 255.01357 | R13: =MAR!R53 -> 258.25625 | S13: =MAR!S53 -> 0 | T13: =MAR!T53 -> 167.81076 | U13: =MAR!U53 -> -12.241404 | V13: =MAR!V53 -> 6094 | W13: =MAR!W53 -> 58.28 | X13: =MAR!X53 -> 6384.8158 | Y13: =MAR!Y53 -> 6183.0166 | Z13: 0 | AC13: =MAR!AC53 -> 1714.14 | AE13: =MAR!AE53 -> 0 | AF13: =MAR!AF53 -> 0 | AG13: =MAR!AG53 -> 0 | AH13: =MAR!AH53 -> 5198 | AI13: =AI7/D2 -> 16031.258 | AJ13: =MAR!AJ53 -> 0 | AK13: =MAR!AK53 -> 12273.39 | AL13: =MAR!AL53 -> 1018.9863 | AM13: =MAR!AM53 -> 13292.376 | AN13: =MAR!AN54 -> 12038.853 | AO13: =MAR!AO53 -> 201.79923 | AV13: =MAR!AV53 -> 4.323 | AZ13: =MAR!AZ53 -> 668.83917
A15: 1 | B15: 6899.42 | C15: 281449 | D15: =C15-C13 -> 881 | E15: =C15-152000 -> 129449 | F15: =D15/$D$2 -> 444.16436 | G15: 272 | H15: 52 | I15: =G15+H15 -> 324 | J15: =IF(L15>0,L15,0) -> 177.36436 | K15: =I15+J15 -> 501.36436 | L15: =F15-(I15-AK15) -> 177.36436 | M15: 7.2 | N15: =(1.8299*1.03)/2 -> 0.9423985 | O15: =0.01*1.05 -> 0.0105 | P15: 0 | Q15: =948200/325851/1.9835*1.02 -> 1.496404 | R15: =(2306604/325851/1.9835-T15)*1.04 -> 2.4447784 | S15: 0 | T15: =1.1712*1.04 -> 1.218048 | U15: 0 | V15: 0 | W15: 0 | X15: =M15-N15-O15-P15-Q15-R15-S15-T15-U15+V15+W15-AT15+AR15 -> 1.0878711 | Y15: =X15-AO15 -> 1.0878711 | Z15: =AP15 -> 317.27095 | AB15: =AB13+(Y15+AP15)*1.9835 -> 631.46471 | AC15: =AC13 -> 1714.14 | AF15: 1.7 | AG15: 1.3 | AH15: 50 | AI15: =AI13-AH15 -> 15981.258 | AK15: =N15+O15+P15+Q15+R15+S15+T15+U15+X15+AE15+AH15 -> 57.2 | AL15: =IF(L15<0,L15*-1,0) -> 0 | AM15: =AK15+AL15 -> 57.2 | AN15: =V15 -> 0 | AP15: =I15-Q15-R15-X15-AF15 -> 317.27095 | AQ15: =34.18*(Z15*1.9835+AC15*1.9835)/E15 -> 1.0639062 | AT15: 0 | AV15: 0 | AW15: 69 | AX15: 35 | AZ15: =SUM(N15,P15:U15) -> 6.1016289
A16: =A15+1 -> 2 | B16: 6899.72 | C16: 282551 | D16: =C16-C15 -> 1102 | E16: =C16-152000 -> 130551 | F16: =D16/$D$2 -> 555.58356 | G16: 366 | H16: 87 | I16: =G16+H16 -> 453 | J16: =IF(L16>0,L16,0) -> 159.68356 | K16: =I16+J16 -> 612.68356 | L16: =F16-(I16-AK16) -> 159.68356 | M16: 7.1 | N16: =(1.8299*1.03)/2 -> 0.9423985 | O16: =0.01*1.05 -> 0.0105 | P16: 0 | Q16: =1242900/325851/1.9835*1.02 -> 1.9614855 | R16: =(2022112/325851/1.9835-T16)*1.04 -> 1.9870033 | S16: 0 | T16: =1.1712*1.04 -> 1.218048 | U16: 0 | V16: 0 | W16: 0 | X16: =M16-N16-O16-P16-Q16-R16-S16-T16-U16+V16+W16-AT16 -> 0.98056471 | Y16: =X16-AO16 -> 0.98056471 | Z16: =Z15+AP16 -> 763.64189 | AB16: =AB15+(Y16+AP16)*1.9835 -> 1518.7864 | AC16: =AC15-(AQ15/1.9835) -> 1713.6036 | AF16: 1.7 | AG16: 1.3 | AH16: 50 | AI16: =AI15-AH16 -> 15931.258 | AK16: =N16+O16+P16+Q16+R16+S16+T16+U16+X16+AE16+AH16 -> 57.1 | AL16: =IF(L16<0,L16*-1,0) -> 0 | AM16: =AK16+AL16 -> 57.1 | AN16: =V16 -> 0 | AP16: =I16-Q16-R16-X16-AF16 -> 446.37095 | AQ16: =34.18*(Z16*1.9835+AC16*1.9835)/E16 -> 1.2864506 | AT16: 0 | AV16: 0 | AW16: 70 | AX16: 37 | AZ16: =SUM(N16,P16:U16) -> 6.1089353
A17: =A16+1 -> 3 | B17: 6900.11 | C17: 283987 | D17: =C17-C16 -> 1436 | E17: =C17-152000 -> 131987 | F17: =D17/$D$2 -> 723.97278 | G17: 470 | H17: 131 | I17: =G17+H17 -> 601 | J17: =IF(L17>0,L17,0) -> 211.97278 | K17: =I17+J17 -> 812.97278 | L17: =F17-(I17-AK17) -> 211.97278 | M17: 39 | N17: =(1.8299*1.03)/2 -> 0.9423985 | O17: =(5.9+5.6)*1.05 -> 12.075 | P17: 0 | Q17: =1081000/325851/1.9835*1.02 -> 1.7059826 | R17: =(1928490/325851/1.9835-T17)*1.04 -> 1.8363565 | S17: 0 | T17: =1.1712*1.04 -> 1.218048 | U17: 0 | V17: 0 | W17: 0 | X17: =M17-N17-O17-P17-Q17-R17-S17-T17-U17+V17+W17-AT17 -> 21.222214 | Y17: =X17-AO17 -> 21.222214 | Z17: =Z16+AP17 -> 1338.1773 | AB17: =AB16+(Y17+AP17)*1.9835 -> 2700.4718 | AC17: =AC16-(AQ16/1.9835) -> 1712.955 | AF17: 1.7 | AG17: 1.3 | AH17: 50 | AI17: =AI16-AH17 -> 15881.258 | AK17: =N17+O17+P17+Q17+R17+S17+T17+U17+X17+AE17+AH17 -> 89 | AL17: =IF(L17<0,L17*-1,0) -> 0 | AM17: =AK17+AL17 -> 89 | AN17: =V17 -> 0 | AP17: =I17-Q17-R17-X17-AF17 -> 574.53545 | AQ17: =34.18*(Z17*1.9835+AC17*1.9835)/E17 -> 1.5672351 | AT17: 0 | AV17: 0.01 | AW17: 60 | AX17: 26 | AZ17: =SUM(N17,P17:U17) -> 5.7027856
A18: =A17+1 -> 4 | B18: 6900.37 | C18: 284950 | D18: =C18-C17 -> 963 | E18: =C18-152000 -> 132950 | F18: =D18/$D$2 -> 485.50542 | G18: 378 | H18: 88 | I18: =G18+H18 -> 466 | J18: =IF(L18>0,L18,0) -> 105.50542 | K18: =I18+J18 -> 571.50542 | L18: =F18-(I18-AK18) -> 105.50542 | M18: 36 | N18: =(1.8299*1.03)/2 -> 0.9423985 | O18: =(14+14)*1.05 -> 29.4 | P18: 0 | Q18: =933100/325851/1.9835*1.02 -> 1.4725739 | R18: =(1571225/325851/1.9835-T18)*1.04 -> 1.2614826 | S18: 0 | T18: =1.1712*1.04 -> 1.218048 | U18: 0 | V18: 0 | W18: 0 | X18: =M18-N18-O18-P18-Q18-R18-S18-T18-U18+V18+W18-AT18 -> 1.705497 | Y18: =X18-AO18 -> 1.705497 | Z18: =Z17+AP18 -> 1798.0378 | AB18: =AB17+(Y18+AP18)*1.9835 -> 3615.9878 | AC18: =AC17-(AQ17/1.9835) -> 1712.1649 | AF18: 1.7 | AG18: 1.3 | AH18: 50 | AI18: =AI17-AH18 -> 15831.258 | AK18: =N18+O18+P18+Q18+R18+S18+T18+U18+X18+AE18+AH18 -> 86 | AL18: =IF(L18<0,L18*-1,0) -> 0 | AM18: =AK18+AL18 -> 86 | AN18: =V18 -> 0 | AP18: =I18-Q18-R18-X18-AF18 -> 459.86045 | AQ18: =34.18*(Z18*1.9835+AC18*1.9835)/E18 -> 1.7899797 | AT18: 0 | AV18: 0 | AW18: 49 | AX18: 20 | AZ18: =SUM(N18,P18:U18) -> 4.894503
A19: =A18+1 -> 5 | B19: 6900.57 | C19: 285690 | D19: =C19-C18 -> 740 | E19: =C19-152000 -> 133690 | F19: =D19/$D$2 -> 373.07789 | G19: 353 | H19: 53 | I19: =G19+H19 -> 406 | J19: =IF(L19>0,L19,0) -> 74.077893 | K19: =I19+J19 -> 480.07789 | L19: =F19-(I19-AK19) -> 74.077893 | M19: 57 | N19: =(1.8299*1.03)/2 -> 0.9423985 | O19: =(18+19)*1.05 -> 38.85 | P19: 0 | Q19: =937500/325851/1.9835*1.02 -> 1.4795178 | R19: =(1868421/325851/1.9835-T19)*1.04 -> 1.7396997 | S19: 0 | T19: =1.1712*1.04 -> 1.218048 | U19: 0 | V19: 0 | W19: 0 | X19: =M19-N19-O19-P19-Q19-R19-S19-T19-U19+V19+W19-AT19 -> 12.770336 | Y19: =X19-AO19 -> 12.770336 | Z19: =Z18+AP19 -> 2186.3482 | AB19: =AB18+(Y19+AP19)*1.9835 -> 4411.5315 | AC19: =AC18-(AQ18/1.9835) -> 1711.2625 | AF19: 1.7 | AG19: 1.3 | AH19: 50 | AI19: =AI18-AH19 -> 15781.258 | AK19: =N19+O19+P19+Q19+R19+S19+T19+U19+X19+AE19+AH19 -> 107 | AL19: =IF(L19<0,L19*-1,0) -> 0 | AM19: =AK19+AL19 -> 107 | AN19: =V19 -> 0 | AP19: =I19-Q19-R19-X19-AF19 -> 388.31045 | AQ19: =34.18*(Z19*1.9835+AC19*1.9835)/E19 -> 1.9765318 | AT19: 0 | AV19: 0 | AW19: 65 | AX19: 28 | AZ19: =SUM(N19,P19:U19) -> 5.3796639
A20: =A19+1 -> 6 | B20: 6900.87 | C20: 286801 | D20: =C20-C19 -> 1111 | E20: =C20-152000 -> 134801 | F20: =D20/$D$2 -> 560.121 | G20: 447 | H20: 89 | I20: =G20+H20 -> 536 | J20: =IF(L20>0,L20,0) -> 144.101 | K20: =I20+J20 -> 680.101 | L20: =F20-(I20-AK20) -> 144.101 | M20: 70 | N20: =(1.8299*1.03)/2 -> 0.9423985 | O20: =(25+24)*1.05 -> 51.45 | P20: 0 | Q20: =1035400/325851/1.9835*1.02 -> 1.6340189 | R20: =(1835310/325851/1.9835-T20)*1.04 -> 1.6864209 | S20: 0 | T20: =1.1712*1.04 -> 1.218048 | U20: 0 | V20: 0 | W20: 0.59 | X20: =M20-N20-O20-P20-Q20-R20-S20-T20-U20+V20+W20-AT20 -> 13.049114 | Y20: =X20-AO20 -> 8.0591137 | Z20: =Z19+AP20 -> 2704.2787 | AB20: =AB19+(Y20+AP20)*1.9835 -> 5454.8318 | AC20: =AC19-(AQ19/1.9835) -> 1710.266 | AF20: 1.7 | AG20: 1.3 | AH20: 50 | AI20: =AI19-AH20 -> 15731.258 | AK20: =N20+O20+P20+Q20+R20+S20+T20+U20+X20+AE20+AH20 -> 119.98 | AL20: =IF(L20<0,L20*-1,0) -> 0 | AM20: =AK20+AL20 -> 119.98 | AN20: =V20 -> 0 | AO20: =W20+3.4+1 -> 4.99 | AP20: =I20-Q20-R20-X20-AF20 -> 517.93045 | AQ20: =34.18*(Z20*1.9835+AC20*1.9835)/E20 -> 2.2202254 | AT20: 0.61 | AV20: 0.08 | AW20: 58 | AX20: 32 | AZ20: =SUM(N20,P20:U20) -> 5.4808863
A21: =A20+1 -> 7 | B21: 6901.14 | C21: 287804 | D21: =C21-C20 -> 1003 | E21: =C21-152000 -> 135804 | F21: =D21/$D$2 -> 505.67179 | G21: 427 | H21: 62 | I21: =G21+H21 -> 489 | J21: =IF(L21>0,L21,0) -> 183.13179 | K21: =I21+J21 -> 672.13179 | L21: =F21-(I21-AK21) -> 183.13179 | M21: 96 | N21: =(1.8299*1.03)/2 -> 0.9423985 | O21: =(31+29)*1.05 -> 63 | P21: 0 | Q21: =708600/325851/1.9835*1.02 -> 1.1182787 | R21: =(2020362/325851/1.9835-T21)*1.04 -> 1.9841874 | S21: 0 | T21: =1.1712*1.04 -> 1.218048 | U21: 0 | V21: 9.6 | W21: 12 | X21: =M21-N21-O21-P21-Q21-R21-S21-T21-U21+V21+W21-AT21 -> 48.197087 | Y21: =X21-AO21 -> 2.7970874 | Z21: =Z20+AP21 -> 3140.2791 | AB21: =AB20+(Y21+AP21)*1.9835 -> 6325.1867 | AC21: =AC20-(AQ20/1.9835) -> 1709.1466 | AF21: 1.7 | AG21: 1.3 | AH21: 50 | AI21: =AI20-AH21 -> 15681.258 | AK21: =N21+O21+P21+Q21+R21+S21+T21+U21+X21+AE21+AH21 -> 166.46 | AL21: =IF(L21<0,L21*-1,0) -> 0 | AM21: =AK21+AL21 -> 166.46 | AN21: 0 | AO21: =V21+W21+14.2+9.6 -> 45.4 | AP21: =I21-Q21-R21-X21-AF21 -> 436.00045 | AQ21: =34.18*(Z21*1.9835+AC21*1.9835)/E21 -> 2.4209288 | AT21: 1.14 | AV21: 0.09 | AW21: 54 | AX21: 33 | AZ21: =SUM(N21,P21:U21) -> 5.2629126
A22: =A21+1 -> 8 | B22: 6901.35 | C22: 288588 | D22: =C22-C21 -> 784 | E22: =C22-152000 -> 136588 | F22: =D22/$D$2 -> 395.2609 | G22: 387 | H22: 46 | I22: =G22+H22 -> 433 | J22: =IF(L22>0,L22,0) -> 147.1209 | K22: =I22+J22 -> 580.1209 | L22: =F22-(I22-AK22) -> 147.1209 | M22: 103 | N22: =(1.8299*1.03)/2 -> 0.9423985 | O22: =(31+30)*1.05 -> 64.05 | P22: 0 | Q22: =1067300/325851/1.9835*1.02 -> 1.6843619 | R22: =(1538466/325851/1.9835-T22)*1.04 -> 1.2473834 | S22: 0 | T22: =1.1355*1.04 -> 1.18092 | U22: 0 | V22: 18 | W22: 15 | X22: =M22-N22-O22-P22-Q22-R22-S22-T22-U22+V22+W22-AT22 -> 65.754936 | Y22: =X22-AO22 -> 5.7549362 | Z22: =Z21+AP22 -> 3502.8924 | AB22: =AB21+(Y22+AP22)*1.9835 -> 7055.8452 | AC22: =AC21-(AQ21/1.9835) -> 1707.9261 | AF22: 1.7 | AG22: 1.3 | AH22: 50 | AI22: =AI21-AH22 -> 15631.258 | AK22: =N22+O22+P22+Q22+R22+S22+T22+U22+X22+AE22+AH22 -> 184.86 | AL22: =IF(L22<0,L22*-1,0) -> 0 | AM22: =AK22+AL22 -> 184.86 | AN22: 0 | AO22: =V22+W22+15+12 -> 60 | AP22: =I22-Q22-R22-X22-AF22 -> 362.61332 | AQ22: =34.18*(Z22*1.9835+AC22*1.9835)/E22 -> 2.5864118 | AT22: 1.14 | AV22: 0 | AW22: 56 | AX22: 41 | AZ22: =SUM(N22,P22:U22) -> 5.0550638
A23: =A22+1 -> 9 | B23: 6901.52 | C23: 289223 | D23: =C23-C22 -> 635 | E23: =C23-152000 -> 137223 | F23: =D23/$D$2 -> 320.14116 | G23: 346 | H23: 28 | I23: =G23+H23 -> 374 | J23: =IF(L23>0,L23,0) -> 121.01116 | K23: =I23+J23 -> 495.01116 | L23: =F23-(I23-AK23) -> 121.01116 | M23: 91 | N23: =(1.8299*1.03)/2 -> 0.9423985 | O23: =(29+28)*1.05 -> 59.85 | P23: 0 | Q23: =981700/325851/1.9835*1.02 -> 1.5492721 | R23: =(1725561/325851/1.9835-T23)*1.04 -> 1.5484373 | S23: 0 | T23: =1.1355*1.04 -> 1.18092 | U23: 0 | V23: 18 | W23: 17 | X23: =M23-N23-O23-P23-Q23-R23-S23-T23-U23+V23+W23-AT23 -> 59.798972 | Y23: =X23-AO23 -> -2.2010279 | Z23: =Z22+AP23 -> 3812.2958 | AB23: =AB22+(Y23+AP23)*1.9835 -> 7665.1809 | AC23: =AC22-(AQ22/1.9835) -> 1706.6221 | AF23: 1.7 | AG23: 1.3 | AH23: 50 | AI23: =AI22-AH23 -> 15581.258 | AK23: =N23+O23+P23+Q23+R23+S23+T23+U23+X23+AE23+AH23 -> 174.87 | AL23: =IF(L23<0,L23*-1,0) -> 0 | AM23: =AK23+AL23 -> 174.87 | AN23: 0 | AO23: =V23+W23+15+12 -> 62 | AP23: =I23-Q23-R23-X23-AF23 -> 309.40332 | AQ23: =34.18*(Z23*1.9835+AC23*1.9835)/E23 -> 2.7266619 | AT23: 1.13 | AV23: 0.01 | AW23: 48 | AX23: 25 | AZ23: =SUM(N23,P23:U23) -> 5.2210279
A24: =A23+1 -> 10 | B24: 6901.65 | C24: 289708 | D24: =C24-C23 -> 485 | E24: =C24-152000 -> 137708 | F24: =D24/$D$2 -> 244.51727 | G24: 305 | H24: 14 | I24: =G24+H24 -> 319 | J24: =IF(L24>0,L24,0) -> 114.41727 | K24: =I24+J24 -> 433.41727 | L24: =F24-(I24-AK24) -> 114.41727 | M24: 95 | N24: =(1.8299*1.03)/2 -> 0.9423985 | O24: =(32+32)*1.05 -> 67.2 | P24: 0 | Q24: =1052800/325851/1.9835*1.02 -> 1.6614787 | R24: =(1862145/325851/1.9835-T24)*1.04 -> 1.7682141 | S24: 0 | T24: =1.1355*1.04 -> 1.18092 | U24: 0 | V24: 28 | W24: 17 | X24: =M24-N24-O24-P24-Q24-R24-S24-T24-U24+V24+W24-AT24 -> 66.146989 | Y24: =X24-AO24 -> -5.8530113 | Z24: =Z23+AP24 -> 4060.0191 | AB24: =AB23+(Y24+AP24)*1.9835 -> 8144.9307 | AC24: =AC23-(AQ23/1.9835) -> 1705.2475 | AF24: 1.7 | AG24: 1.3 | AH24: 50 | AI24: =AI23-AH24 -> 15531.258 | AK24: =N24+O24+P24+Q24+R24+S24+T24+U24+X24+AE24+AH24 -> 188.9 | AL24: =IF(L24<0,L24*-1,0) -> 0 | AM24: =AK24+AL24 -> 188.9 | AN24: 0 | AO24: =V24+W24+15+12 -> 72 | AP24: =I24-Q24-R24-X24-AF24 -> 247.72332 | AQ24: =34.18*(Z24*1.9835+AC24*1.9835)/E24 -> 2.8383404 | AT24: 1.1 | AV24: 0 | AW24: 46 | AX24: 18 | AZ24: =SUM(N24,P24:U24) -> 5.5530113
A25: =A24+1 -> 11 | B25: 6901.75 | C25: 290081 | D25: =C25-C24 -> 373 | E25: =C25-152000 -> 138081 | F25: =D25/$D$2 -> 188.05142 | G25: 272 | H25: 7.9 | I25: =G25+H25 -> 279.9 | J25: =IF(L25>0,L25,0) -> 98.051424 | K25: =I25+J25 -> 377.95142 | L25: =F25-(I25-AK25) -> 98.051424 | M25: 105 | N25: =(1.8299*1.03)/2 -> 0.9423985 | O25: =(39+39)*1.05 -> 81.9 | P25: 0 | Q25: =1033900/325851/1.9835*1.02 -> 1.6316516 | R25: =(2140046/325851/1.9835-T25)*1.04 -> 2.2153836 | S25: 0 | T25: =1.1355*1.04 -> 1.18092 | U25: 0 | V25: 28 | W25: 7.99 | X25: =M25-N25-O25-P25-Q25-R25-S25-T25-U25+V25+W25-AT25 -> 52.029646 | Y25: =X25-AO25 -> 3.8396462 | Z25: =Z24+AP25 -> 4282.3424 | AB25: =AB24+(Y25+AP25)*1.9835 -> 8593.5249 | AC25: =AC24-(AQ24/1.9835) -> 1703.8165 | AF25: 1.7 | AG25: 1.3 | AH25: 50 | AI25: =AI24-AH25 -> 15481.258 | AK25: =N25+O25+P25+Q25+R25+S25+T25+U25+X25+AE25+AH25 -> 189.9 | AL25: =IF(L25<0,L25*-1,0) -> 0 | AM25: =AK25+AL25 -> 189.9 | AN25: 0 | AO25: =V25+W25+6.7+5.5 -> 48.19 | AP25: =I25-Q25-R25-X25-AF25 -> 222.32332 | AQ25: =34.18*(Z25*1.9835+AC25*1.9835)/E25 -> 2.9391285 | AT25: 1.09 | AV25: 0 | AW25: 57 | AX25: 22 | AZ25: =SUM(N25,P25:U25) -> 5.9703538
A26: =A25+1 -> 12 | B26: 6901.86 | C26: 290492 | D26: =C26-C25 -> 411 | E26: =C26-152000 -> 138492 | F26: =D26/$D$2 -> 207.20948 | G26: 299 | H26: 11 | I26: =G26+H26 -> 310 | J26: =IF(L26>0,L26,0) -> 39.119478 | K26: =I26+J26 -> 349.11948 | L26: =F26-(I26-AK26) -> 39.119478 | M26: 93 | N26: =(1.8299*1.03)/2 -> 0.9423985 | O26: =(44+43)*1.05 -> 91.35 | P26: 0 | Q26: =922000/325851/1.9835*1.02 -> 1.4550564 | R26: =(2311518/325851/1.9835-T26)*1.04 -> 2.4912986 | S26: 0 | T26: =1.1355*1.04 -> 1.18092 | U26: 0 | V26: 0 | W26: 0 | X26: =M26-N26-O26-P26-Q26-R26-S26-T26-U26+V26+W26-AT26 -> -5.5096735 | Y26: =X26-AO26 -> -5.5096735 | Z26: =Z25+AP26 -> 4592.2057 | AB26: =AB25+(Y26+AP26)*1.9835 -> 9197.2104 | AC26: =AC25-(AQ25/1.9835) -> 1702.3347 | AF26: 1.7 | AG26: 1.3 | AH26: 50 | AI26: =AI25-AH26 -> 15431.258 | AK26: =N26+O26+P26+Q26+R26+S26+T26+U26+X26+AE26+AH26 -> 141.91 | AL26: =IF(L26<0,L26*-1,0) -> 0 | AM26: =AK26+AL26 -> 141.91 | AN26: =AN25 -> 0 | AP26: =I26-Q26-R26-X26-AF26 -> 309.86332 | AQ26: =34.18*(Z26*1.9835+AC26*1.9835)/E26 -> 3.0813682 | AT26: 1.09 | AV26: 0 | AW26: 63 | AX26: 34 | AZ26: =SUM(N26,P26:U26) -> 6.0696735
A27: =A26+1 -> 13 | B27: 6902.03 | C27: 291127 | D27: =C27-C26 -> 635 | E27: =C27-152000 -> 139127 | F27: =D27/$D$2 -> 320.14116 | G27: 318 | H27: 23 | I27: =G27+H27 -> 341 | J27: =IF(L27>0,L27,0) -> 125.93116 | K27: =I27+J27 -> 466.93116 | L27: =F27-(I27-AK27) -> 125.93116 | M27: 98 | N27: =(1.8299*1.03)/2 -> 0.9423985 | O27: =(39+37)*1.05 -> 79.8 | P27: 0 | Q27: =1016700/325851/1.9835*1.02 -> 1.6045074 | R27: =(2344078/325851/1.9835-T27)*1.04 -> 2.5436908 | S27: 0 | T27: =1.1355*1.04 -> 1.18092 | U27: 0 | V27: 0 | W27: 0 | X27: =M27-N27-O27-P27-Q27-R27-S27-T27-U27+V27+W27-AT27 -> 10.718483 | Y27: =X27-AO27 -> 10.718483 | Z27: =Z26+AP27 -> 4916.639 | AB27: =AB26+(Y27+AP27)*1.9835 -> 9861.984 | AC27: =AC26-(AQ26/1.9835) -> 1700.7812 | AF27: 1.7 | AG27: 1.3 | AH27: 50 | AI27: =AI26-AH27 -> 15381.258 | AK27: =N27+O27+P27+Q27+R27+S27+T27+U27+X27+AE27+AH27 -> 146.79 | AL27: =IF(L27<0,L27*-1,0) -> 0 | AM27: =AK27+AL27 -> 146.79 | AN27: =AN26 -> 0 | AP27: =I27-Q27-R27-X27-AF27 -> 324.43332 | AQ27: =34.18*(Z27*1.9835+AC27*1.9835)/E27 -> 3.2246424 | AT27: 1.21 | AV27: 0 | AW27: 60 | AX27: 31 | AZ27: =SUM(N27,P27:U27) -> 6.2715167
A28: =A27+1 -> 14 | B28: 6902.23 | C28: 291880 | D28: =C28-C27 -> 753 | E28: =C28-152000 -> 139880 | F28: =D28/$D$2 -> 379.63196 | G28: 372 | H28: 50 | I28: =G28+H28 -> 422 | J28: =IF(L28>0,L28,0) -> 93.821964 | K28: =I28+J28 -> 515.82196 | L28: =F28-(I28-AK28) -> 93.821964 | M28: 87 | N28: =(1.8299*1.03)/2 -> 0.9423985 | O28: =(43+43)*1.05 -> 90.3 | P28: 0 | Q28: =901900/325851/1.9835*1.02 -> 1.4233355 | R28: =(2589762/325851/1.9835-T28)*1.04 -> 2.93902 | S28: 0 | T28: =1.1355*1.04 -> 1.18092 | U28: 0 | V28: 0 | W28: 0 | X28: =M28-N28-O28-P28-Q28-R28-S28-T28-U28+V28+W28-AT28 -> -10.595674 | Y28: =X28-AO28 -> -10.595674 | Z28: =Z27+AP28 -> 5343.1724 | AB28: =AB27+(Y28+AP28)*1.9835 -> 10686.996 | AC28: =AC27-(AQ27/1.9835) -> 1699.1555 | AF28: 1.7 | AG28: 1.3 | AH28: 50 | AI28: =AI27-AH28 -> 15331.258 | AK28: =N28+O28+P28+Q28+R28+S28+T28+U28+X28+AE28+AH28 -> 136.19 | AL28: =IF(L28<0,L28*-1,0) -> 0 | AM28: =AK28+AL28 -> 136.19 | AN28: =AN27 -> 0 | AP28: =I28-Q28-R28-X28-AF28 -> 426.53332 | AQ28: =34.18*(Z28*1.9835+AC28*1.9835)/E28 -> 3.4132247 | AT28: 0.81 | AV28: 0 | AW28: 50 | AX28: 32 | AZ28: =SUM(N28,P28:U28) -> 6.4856741
A29: =A28+1 -> 15 | B29: 6902.38 | C29: 292444 | D29: =C29-C28 -> 564 | E29: =C29-152000 -> 140444 | F29: =D29/$D$2 -> 284.34585 | G29: 332 | H29: 30 | I29: =G29+H29 -> 362 | J29: =IF(L29>0,L29,0) -> 62.345853 | K29: =I29+J29 -> 424.34585 | L29: =F29-(I29-AK29) -> 62.345853 | M29: 90 | N29: =(1.8299*1.03)/2 -> 0.9423985 | O29: =(41+44)*1.05 -> 89.25 | P29: 0 | Q29: =994900/325851/1.9835*1.02 -> 1.5701037 | R29: =(2360507/325851/1.9835-T29)*1.04 -> 2.5106386 | S29: 0 | T29: =1.1905*1.04 -> 1.23812 | U29: 0 | V29: 0 | W29: 0 | X29: =M29-N29-O29-P29-Q29-R29-S29-T29-U29+V29+W29-AT29 -> -5.5112608 | Y29: =X29-AO29 -> -5.5112608 | Z29: =Z28+AP29 -> 5704.9029 | AB29: =AB28+(Y29+AP29)*1.9835 -> 11393.557 | AC29: =AC28-(AQ28/1.9835) -> 1697.4347 | AF29: 1.7 | AG29: 1.3 | AH29: 50 | AI29: =AI28-AH29 -> 15281.258 | AK29: =N29+O29+P29+Q29+R29+S29+T29+U29+X29+AE29+AH29 -> 140 | AL29: =IF(L29<0,L29*-1,0) -> 0 | AM29: =AK29+AL29 -> 140 | AN29: =AN28 -> 0 | AP29: =I29-Q29-R29-X29-AF29 -> 361.73052 | AQ29: =34.18*(Z29*1.9835+AC29*1.9835)/E29 -> 3.5733039 | AT29: 0 | AV29: 0 | AW29: 56 | AX29: 29 | AZ29: =SUM(N29,P29:U29) -> 6.2612608
A30: =A29+1 -> 16 | B30: 6902.6 | C30: 293272 | D30: =C30-C29 -> 828 | E30: =C30-152000 -> 141272 | F30: =D30/$D$2 -> 417.44391 | G30: 379 | H30: 34 | I30: =G30+H30 -> 413 | J30: =IF(L30>0,L30,0) -> 115.44391 | K30: =I30+J30 -> 528.44391 | L30: =F30-(I30-AK30) -> 115.44391 | M30: 61 | N30: =(1.8299*1.03)/2 -> 0.9423985 | O30: =(31+29)*1.05 -> 63 | P30: 0 | Q30: =1313700/325851/1.9835*1.02 -> 2.0732187 | R30: =(2478286/325851/1.9835-T30)*1.04 -> 2.7001564 | S30: 0 | T30: =1.1905*1.04 -> 1.23812 | U30: 0 | V30: 0 | W30: 0 | X30: =M30-N30-O30-P30-Q30-R30-S30-T30-U30+V30+W30-AT30 -> -8.9538936 | Y30: =X30-AO30 -> -8.9538936 | Z30: =Z29+AP30 -> 6120.3834 | AB30: =AB29+(Y30+AP30)*1.9835 -> 12199.903 | AC30: =AC29-(AQ29/1.9835) -> 1695.6331 | AF30: 1.7 | AG30: 1.3 | AH30: 50 | AI30: =AI29-AH30 -> 15231.258 | AK30: =N30+O30+P30+Q30+R30+S30+T30+U30+X30+AE30+AH30 -> 111 | AL30: =IF(L30<0,L30*-1,0) -> 0 | AM30: =AK30+AL30 -> 111 | AN30: =AN29 -> 0 | AP30: =I30-Q30-R30-X30-AF30 -> 415.48052 | AQ30: =34.18*(Z30*1.9835+AC30*1.9835)/E30 -> 3.7508841 | AT30: 0 | AV30: 0 | AW30: 64 | AX30: 32 | AZ30: =SUM(N30,P30:U30) -> 6.9538936
A31: =A30+1 -> 17 | B31: 6902.91 | C31: 294439 | D31: =C31-C30 -> 1167 | E31: =C31-152000 -> 142439 | F31: =D31/$D$2 -> 588.35392 | G31: 528 | H31: 75 | I31: =G31+H31 -> 603 | J31: =IF(L31>0,L31,0) -> 78.35392 | K31: =I31+J31 -> 681.35392 | L31: =F31-(I31-AK31) -> 78.35392 | M31: 43 | N31: =(1.8299*1.03)/2 -> 0.9423985 | O31: =(21+20)*1.05 -> 43.05 | P31: 0 | Q31: =1309700/325851/1.9835*1.02 -> 2.066906 | R31: =(2975610/325851/1.9835-T31)*1.04 -> 3.5003987 | S31: 0 | T31: =1.1905*1.04 -> 1.23812 | U31: 0 | V31: 0 | W31: 0 | X31: =M31-N31-O31-P31-Q31-R31-S31-T31-U31+V31+W31-AT31 -> -7.7978232 | Y31: =X31-AO31 -> -7.7978232 | Z31: =Z30+AP31 -> 6723.9139 | AB31: =AB30+(Y31+AP31)*1.9835 -> 13381.539 | AC31: =AC30-(AQ30/1.9835) -> 1693.7421 | AF31: 1.7 | AG31: 1.3 | AH31: 50 | AI31: =AI30-AH31 -> 15181.258 | AK31: =N31+O31+P31+Q31+R31+S31+T31+U31+X31+AE31+AH31 -> 93 | AL31: =IF(L31<0,L31*-1,0) -> 0 | AM31: =AK31+AL31 -> 93 | AN31: =AN30 -> 0 | AP31: =I31-Q31-R31-X31-AF31 -> 603.53052 | AQ31: =34.18*(Z31*1.9835+AC31*1.9835)/E31 -> 4.0065127 | AT31: 0 | AV31: 0 | AW31: 69 | AX31: 37 | AZ31: =SUM(N31,P31:U31) -> 7.7478232
A32: =A31+1 -> 18 | B32: 6903.4 | C32: 296295 | D32: =C32-C31 -> 1856 | E32: =C32-152000 -> 144295 | F32: =D32/$D$2 -> 935.71969 | G32: 719 | H32: 126 | I32: =G32+H32 -> 845 | J32: =IF(L32>0,L32,0) -> 197.71969 | K32: =I32+J32 -> 1042.7197 | L32: =F32-(I32-AK32) -> 197.71969 | M32: 57 | N32: =(1.8299*1.03)/2 -> 0.9423985 | O32: =(20+20)*1.05 -> 42 | P32: 0 | Q32: =1006900/325851/1.9835*1.02 -> 1.5890415 | R32: =(2726819/325851/1.9835-T32)*1.04 -> 3.10007 | S32: 0 | T32: =1.1905*1.04 -> 1.23812 | U32: 0 | V32: 0 | W32: 0 | X32: =M32-N32-O32-P32-Q32-R32-S32-T32-U32+V32+W32-AT32 -> 8.13037 | Y32: =X32-AO32 -> 8.13037 | Z32: =Z31+AP32 -> 7510.7835 | AB32: =AB31+(Y32+AP32)*1.9835 -> 14958.421 | AC32: =AC31-(AQ31/1.9835) -> 1691.7222 | AF32: 1.7 | AG32: 1.3 | AH32: 50 | AI32: =AI31-AH32 -> 15131.258 | AK32: =N32+O32+P32+Q32+R32+S32+T32+U32+X32+AE32+AH32 -> 107 | AL32: =IF(L32<0,L32*-1,0) -> 0 | AM32: =AK32+AL32 -> 107 | AN32: =AN31 -> 0 | AP32: =795-Y32 -> 786.86963 | AQ32: =34.18*(Z32*1.9835+AC32*1.9835)/E32 -> 4.3237351 | AT32: 0 | AV32: 0 | AW32: 64 | AX32: 38 | AZ32: =SUM(N32,P32:U32) -> 6.86963
A33: =A32+1 -> 19 | B33: 6903.93 | C33: 298306 | D33: =C33-C32 -> 2011 | E33: =C33-152000 -> 146306 | F33: =D33/$D$2 -> 1013.8644 | G33: 822 | H33: 130 | I33: =G33+H33 -> 952 | J33: =IF(L33>0,L33,0) -> 206.86438 | K33: =I33+J33 -> 1158.8644 | L33: =F33-(I33-AK33) -> 206.86438 | M33: 95 | N33: =(1.8299*1.03)/2 -> 0.9423985 | O33: =(33+32)*1.05 -> 68.25 | P33: 0 | Q33: =900100/325851/1.9835*1.02 -> 1.4204949 | R33: =(2459930/325851/1.9835-T33)*1.04 -> 2.6706198 | S33: 0 | T33: =1.1905*1.04 -> 1.23812 | U33: 0 | V33: 0 | W33: 0 | X33: =M33-N33-O33-P33-Q33-R33-S33-T33-U33+V33+W33-AT33 -> 20.478367 | Y33: =X33-AO33 -> 20.478367 | Z33: =Z32+AP33 -> 8285.3052 | AB33: =AB32+(Y33+AP33)*1.9835 -> 16535.304 | AC33: =AC32-(AQ32/1.9835) -> 1689.5423 | AF33: 1.7 | AG33: 1.3 | AH33: 50 | AI33: =AI32-AH33 -> 15081.258 | AK33: =N33+O33+P33+Q33+R33+S33+T33+U33+X33+AE33+AH33 -> 145 | AL33: =IF(L33<0,L33*-1,0) -> 0 | AM33: =AK33+AL33 -> 145 | AN33: =AN32+(V33*1.9835) -> 0 | AP33: =795-Y33 -> 774.52163 | AQ33: =34.18*(Z33*1.9835+AC33*1.9835)/E33 -> 4.6221964 | AT33: 0 | AV33: 0.09 | AW33: 60 | AX33: 35 | AZ33: =SUM(N33,P33:U33) -> 6.2716332
A34: =A33+1 -> 20 | B34: 6904.4 | C34: 300101 | D34: =C34-C33 -> 1795 | E34: =C34-152000 -> 148101 | F34: =D34/$D$2 -> 904.96597 | G34: 721 | H34: 111 | I34: =G34+H34 -> 832 | J34: =IF(L34>0,L34,0) -> 250.96597 | K34: =I34+J34 -> 1082.966 | L34: =F34-(I34-AK34) -> 250.96597 | M34: 102 | N34: =(1.8299*1.03)/2 -> 0.9423985 | O34: =(43+43)*1.05 -> 90.3 | P34: 0 | Q34: =1216200/325851/1.9835*1.02 -> 1.9193488 | R34: =(2603742/325851/1.9835-T34)*1.04 -> 2.9020272 | S34: 0 | T34: =1.1905*1.04 -> 1.23812 | U34: 0 | V34: 0 | W34: 0 | X34: =M34-N34-O34-P34-Q34-R34-S34-T34-U34+V34+W34-AT34 -> 4.6981055 | Y34: =X34-AO34 -> 4.6981055 | Z34: =Z33+AP34 -> 9075.6071 | AB34: =AB33+(Y34+AP34)*1.9835 -> 18112.186 | AC34: =AC33-(AQ33/1.9835) -> 1687.212 | AE34: 26 | AF34: 1.7 | AG34: 1.3 | AH34: 50 | AI34: =AI33-AH34 -> 15031.258 | AK34: =N34+O34+P34+Q34+R34+S34+T34+U34+X34+AE34+AH34 -> 178 | AL34: =IF(L34<0,L34*-1,0) -> 0 | AM34: =AK34+AL34 -> 178 | AN34: =AN33+(V34*1.9835) -> 0 | AP34: =795-Y34 -> 790.30189 | AQ34: =34.18*(Z34*1.9835+AC34*1.9835)/E34 -> 4.9268837 | AT34: 0 | AV34: 0 | AW34: 66 | AX34: 42 | AZ34: =SUM(N34,P34:U34) -> 7.0018945
A35: =A34+1 -> 21 | B35: 6904.9 | C35: 302013 | D35: =C35-C34 -> 1912 | E35: =C35-152000 -> 150013 | F35: =D35/$D$2 -> 963.95261 | G35: 800 | H35: 139 | I35: =G35+H35 -> 939 | J35: =IF(L35>0,L35,0) -> 232.95261 | K35: =I35+J35 -> 1171.9526 | L35: =F35-(I35-AK35) -> 232.95261 | M35: 113 | N35: =(1.8299*1.03)/2 -> 0.9423985 | O35: =(42+42)*1.05 -> 88.2 | P35: 0 | Q35: =944700/325851/1.9835*1.02 -> 1.4908805 | R35: =(3281152/325851/1.9835-T35)*1.04 -> 3.9920452 | S35: 0 | T35: =1.1905*1.04 -> 1.23812 | U35: 0 | V35: 0 | W35: 0 | X35: =M35-N35-O35-P35-Q35-R35-S35-T35-U35+V35+W35-AT35 -> 17.136556 | Y35: =X35-AO35 -> 17.136556 | Z35: =Z34+AP35 -> 9853.4705 | AB35: =AB34+(Y35+AP35)*1.9835 -> 19689.069 | AC35: =AC34-(AQ34/1.9835) -> 1684.7281 | AE35: 44 | AF35: 1.7 | AG35: 1.3 | AH35: 51 | AI35: =AI34-AH35 -> 14980.258 | AK35: =N35+O35+P35+Q35+R35+S35+T35+U35+X35+AE35+AH35 -> 208 | AL35: =IF(L35<0,L35*-1,0) -> 0 | AM35: =AK35+AL35 -> 208 | AN35: =AN34+(V35*1.9835) -> 0 | AP35: =795-Y35 -> 777.86344 | AQ35: =34.18*(Z35*1.9835+AC35*1.9835)/E35 -> 5.2145085 | AT35: 0 | AV35: 0 | AW35: 66 | AX35: 41 | AZ35: =SUM(N35,P35:U35) -> 7.6634442
A36: =A35+1 -> 22 | B36: 6905.4 | C36: 303938 | D36: =C36-C35 -> 1925 | E36: =C36-152000 -> 151938 | F36: =D36/$D$2 -> 970.50668 | G36: 835 | H36: 120 | I36: =G36+H36 -> 955 | J36: =IF(L36>0,L36,0) -> 159.90668 | K36: =I36+J36 -> 1114.9067 | L36: =F36-(I36-AK36) -> 159.90668 | M36: 52 | N36: =(1.8299*1.03)/2 -> 0.9423985 | O36: =(20+18)*1.05 -> 39.9 | P36: 0 | Q36: =1289800/325851/1.9835*1.02 -> 2.0355008 | R36: =((2633092+257)/325851/1.9835-T36)*1.04 -> 2.9425292 | S36: 0 | T36: =1.1971*1.04 -> 1.244984 | U36: 0 | V36: 0 | W36: 6.4 | X36: =M36-N36-O36-P36-Q36-R36-S36-T36-U36+V36+W36-AT36 -> 11.334588 | Y36: =X36-AO36 -> 11.334588 | Z36: =Z35+AP36 -> 10637.136 | AB36: =AB35+(Y36+AP36)*1.9835 -> 21265.951 | AC36: =AC35-(AQ35/1.9835) -> 1682.0991 | AE36: 35 | AF36: 1.7 | AG36: 1.3 | AH36: 51 | AI36: =AI35-AH36 -> 14929.258 | AK36: =N36+O36+P36+Q36+R36+S36+T36+U36+X36+AE36+AH36 -> 144.4 | AL36: =IF(L36<0,L36*-1,0) -> 0 | AM36: =AK36+AL36 -> 144.4 | AN36: =AN35+(V36*1.9835) -> 0 | AP36: =795-Y36 -> 783.66541 | AQ36: =34.18*(Z36*1.9835+AC36*1.9835)/E36 -> 5.4969476 | AT36: 0 | AV36: 0 | AW36: 59 | AX36: 31 | AZ36: =SUM(N36,P36:U36) -> 7.1654125
A37: =A36+1 -> 23 | B37: 6905.9 | C37: 305886 | D37: =C37-C36 -> 1948 | E37: =C37-152000 -> 153886 | F37: =D37/$D$2 -> 982.10234 | G37: 763 | H37: 85 | I37: =G37+H37 -> 848 | J37: =IF(L37>0,L37,0) -> 290.10234 | K37: =I37+J37 -> 1138.1023 | L37: =F37-(I37-AK37) -> 290.10234 | M37: 58 | N37: =(1.8299*1.03)/2 -> 0.9423985 | O37: =(13+13)*1.05 -> 27.3 | P37: 0 | Q37: =1110100/325851/1.9835*1.02 -> 1.7519069 | R37: =(2666554/325851/1.9835-T37)*1.04 -> 2.9959592 | S37: 0 | T37: =1.1971*1.04 -> 1.244984 | U37: 0 | V37: 0 | W37: 11 | X37: =M37-N37-O37-P37-Q37-R37-S37-T37-U37+V37+W37-AT37 -> 34.764751 | Y37: =X37-AO37 -> 34.764751 | Z37: =Z36+AP37 -> 11397.371 | AB37: =AB36+(Y37+AP37)*1.9835 -> 22842.834 | AC37: =AC36-(AQ36/1.9835) -> 1679.3278 | AE37: 36 | AF37: 1.7 | AG37: 1.3 | AH37: 51 | AI37: =AI36-AH37 -> 14878.258 | AK37: =N37+O37+P37+Q37+R37+S37+T37+U37+X37+AE37+AH37 -> 156 | AL37: =IF(L37<0,L37*-1,0) -> 0 | AM37: =AK37+AL37 -> 156 | AN37: =AN36+(V37*1.9835) -> 0 | AP37: =795-Y37 -> 760.23525 | AQ37: =34.18*(Z37*1.9835+AC37*1.9835)/E37 -> 5.7610717 | AT37: 0 | AV37: 0.17 | AW37: 56 | AX37: 41 | AZ37: =SUM(N37,P37:U37) -> 6.9352486
A38: =A37+1 -> 24 | B38: 6906.4 | C38: 307806 | D38: =C38-C37 -> 1920 | E38: =C38-152000 -> 155806 | F38: =D38/$D$2 -> 967.98588 | G38: 739 | H38: 65 | I38: =G38+H38 -> 804 | J38: =IF(L38>0,L38,0) -> 295.91588 | K38: =I38+J38 -> 1099.9159 | L38: =F38-(I38-AK38) -> 295.91588 | M38: 64 | N38: =(1.8299*1.03)/2 -> 0.9423985 | O38: =(12+13)*1.05 -> 26.25 | P38: 0 | Q38: =923300/325851/1.9835*1.02 -> 1.457108 | R38: =(2847162/325851/1.9835-T38)*1.04 -> 3.2865749 | S38: 0 | T38: =1.1971*1.04 -> 1.244984 | U38: 0 | V38: 0 | W38: 10 | X38: =M38-N38-O38-P38-Q38-R38-S38-T38-U38+V38+W38-AT38 -> 40.818935 | Y38: =X38-AO38 -> 40.818935 | Z38: =Z37+AP38 -> 12151.552 | AB38: =AB37+(Y38+AP38)*1.9835 -> 24419.716 | AC38: =AC37-(AQ37/1.9835) -> 1676.4233 | AE38: 6.93 | AF38: 1.7 | AG38: 1.3 | AH38: 51 | AI38: =AI37-AH38 -> 14827.258 | AK38: =N38+O38+P38+Q38+R38+S38+T38+U38+X38+AE38+AH38 -> 131.93 | AL38: =IF(L38<0,L38*-1,0) -> 0 | AM38: =AK38+AL38 -> 131.93 | AN38: =AN37 -> 0 | AP38: =795-Y38 -> 754.18107 | AQ38: =34.18*(Z38*1.9835+AC38*1.9835)/E38 -> 6.0169817 | AT38: 0 | AV38: 0.33 | AW38: 51 | AX38: 36 | AZ38: =SUM(N38,P38:U38) -> 6.9310654
A39: =A38+1 -> 25 | B39: 6906.88 | C39: 309671 | D39: =C39-C38 -> 1865 | E39: =C39-152000 -> 157671 | F39: =D39/$D$2 -> 940.25712 | G39: 690 | H39: 64 | I39: =G39+H39 -> 754 | J39: =IF(L39>0,L39,0) -> 332.46712 | K39: =I39+J39 -> 1086.4671 | L39: =F39-(I39-AK39) -> 332.46712 | M39: 74 | N39: =(1.8299*1.03)/2 -> 0.9423985 | O39: =(25+24)*1.05 -> 51.45 | P39: 0 | Q39: =1046200/325851/1.9835*1.02 -> 1.6510629 | R39: =(2106816/325851/1.9835-T39)*1.04 -> 2.0952868 | S39: 0 | T39: =1.1971*1.04 -> 1.244984 | U39: 0 | V39: 0 | W39: 12 | X39: =M39-N39-O39-P39-Q39-R39-S39-T39-U39+V39+W39-AT39 -> 28.616268 | Y39: =X39-AO39 -> 28.616268 | Z39: =Z38+AP39 -> 12871.49 | AB39: =AB38+(Y39+AP39)*1.9835 -> 25904.472 | AC39: =AC38-(AQ38/1.9835) -> 1673.3898 | AE39: 9.21 | AF39: 1.7 | AG39: 1.3 | AH39: 51 | AI39: =AI38-AH39 -> 14776.258 | AK39: =N39+O39+P39+Q39+R39+S39+T39+U39+X39+AE39+AH39 -> 146.21 | AL39: =IF(L39<0,L39*-1,0) -> 0 | AM39: =AK39+AL39 -> 146.21 | AN39: =AN38 -> 0 | AP39: =I39-Q39-R39-X39-AF39 -> 719.93738 | AQ39: =34.18*(Z39*1.9835+AC39*1.9835)/E39 -> 6.2540675 | AT39: 0 | AV39: 0.2 | AW39: 53 | AX39: 31 | AZ39: =SUM(N39,P39:U39) -> 5.9337322
A40: =A39+1 -> 26 | B40: 6907.39 | C40: 311666 | D40: =C40-C39 -> 1995 | E40: =C40-152000 -> 159666 | F40: =D40/$D$2 -> 1005.7978 | G40: 679 | H40: 70 | I40: =G40+H40 -> 749 | J40: =IF(L40>0,L40,0) -> 413.79783 | K40: =I40+J40 -> 1162.7978 | L40: =F40-(I40-AK40) -> 413.79783 | M40: 57 | N40: =(1.8299*1.03)/2 -> 0.9423985 | O40: =(11+9.8)*1.05 -> 21.84 | P40: 0 | Q40: =792100/325851/1.9835*1.02 -> 1.2500544 | R40: =(2245903/325851/1.9835-T40)*1.04 -> 2.3190912 | S40: 0 | T40: =1.1971*1.04 -> 1.244984 | U40: 0 | V40: 0 | W40: 14 | X40: =M40-N40-O40-P40-Q40-R40-S40-T40-U40+V40+W40-AT40 -> 43.403472 | Y40: =X40-AO40 -> 43.403472 | Z40: =Z39+AP40 -> 13571.817 | AB40: =AB39+(Y40+AP40)*1.9835 -> 27379.662 | AC40: =AC39-(AQ39/1.9835) -> 1670.2367 | AE40: 35 | AF40: 1.7 | AG40: 1.3 | AH40: 51 | AI40: =AI39-AH40 -> 14725.258 | AK40: =N40+O40+P40+Q40+R40+S40+T40+U40+X40+AE40+AH40 -> 157 | AL40: =IF(L40<0,L40*-1,0) -> 0 | AM40: =AK40+AL40 -> 157 | AN40: =AN39 -> 0 | AP40: =I40-Q40-R40-X40-AF40 -> 700.32738 | AQ40: =34.18*(Z40*1.9835+AC40*1.9835)/E40 -> 6.4719523 | AT40: 0 | AV40: 0.05 | AW40: 47 | AX40: 28 | AZ40: =SUM(N40,P40:U40) -> 5.7565281
A41: =A40+1 -> 27 | B41: 6907.81 | C41: 313311 | D41: =C41-C40 -> 1645 | E41: =C41-152000 -> 161311 | F41: =D41/$D$2 -> 829.34207 | G41: 577 | H41: 49 | I41: =G41+H41 -> 626 | J41: =IF(L41>0,L41,0) -> 316.34207 | K41: =I41+J41 -> 942.34207 | L41: =F41-(I41-AK41) -> 316.34207 | M41: 46 | N41: =(1.8299*1.03)/2 -> 0.9423985 | O41: =(1.3+0.42)*1.05 -> 1.806 | P41: 0 | Q41: =960900/325851/1.9835*1.02 -> 1.5164465 | R41: =(2272595/325851/1.9835-T41)*1.04 -> 2.3620412 | S41: 0 | T41: =1.1971*1.04 -> 1.244984 | U41: 0 | V41: 0 | W41: 16 | X41: =M41-N41-O41-P41-Q41-R41-S41-T41-U41+V41+W41-AT41 -> 54.12813 | Y41: =X41-AO41 -> 54.12813 | Z41: =Z40+AP41 -> 14138.11 | AB41: =AB40+(Y41+AP41)*1.9835 -> 28610.268 | AC41: =AC40-(AQ40/1.9835) -> 1666.9738 | AE41: 0 | AF41: 1.7 | AG41: 1.3 | AH41: 51 | AI41: =AI40-AH41 -> 14674.258 | AK41: =N41+O41+P41+Q41+R41+S41+T41+U41+X41+AE41+AH41 -> 113 | AL41: =IF(L41<0,L41*-1,0) -> 0 | AM41: =AK41+AL41 -> 113 | AN41: =AN40 -> 0 | AP41: =I41-Q41-R41-X41-AF41 -> 566.29338 | AQ41: =34.18*(Z41*1.9835+AC41*1.9835)/E41 -> 6.6425846 | AT41: 0 | AV41: 0 | AW41: 49 | AX41: 23 | AZ41: =SUM(N41,P41:U41) -> 6.0658702
A42: =A41+1 -> 28 | B42: 6908.19 | C42: 314806 | D42: =C42-C41 -> 1495 | E42: =C42-152000 -> 162806 | F42: =D42/$D$2 -> 753.71817 | G42: 563 | H42: 41 | I42: =G42+H42 -> 604 | J42: =IF(L42>0,L42,0) -> 268.71817 | K42: =I42+J42 -> 872.71817 | L42: =F42-(I42-AK42) -> 268.71817 | M42: 39 | N42: =(1.8299*1.03)/2 -> 0.9423985 | O42: =(0.11+0.26)*1.05 -> 0.3885 | P42: 0 | Q42: =989400/325851/1.9835*1.02 -> 1.5614239 | R42: =(2507844/325851/1.9835-T42)*1.04 -> 2.7405795 | S42: 0 | T42: =1.1971*1.04 -> 1.244984 | U42: 0 | V42: 13 | W42: 16 | X42: =M42-N42-O42-P42-Q42-R42-S42-T42-U42+V42+W42-AT42 -> 61.122114 | Y42: =X42-AO42 -> 61.122114 | Z42: =Z41+AP42 -> 14674.986 | AB42: =AB41+(Y42+AP42)*1.9835 -> 29796.397 | AC42: =AC41-(AQ41/1.9835) -> 1663.6249 | AE42: 0 | AF42: 1.7 | AG42: 1.3 | AH42: 51 | AI42: =AI41-AH42 -> 14623.258 | AK42: =N42+O42+P42+Q42+R42+S42+T42+U42+X42+AE42+AH42 -> 119 | AL42: =IF(L42<0,L42*-1,0) -> 0 | AM42: =AK42+AL42 -> 119 | AN42: =AN41 -> 0 | AP42: =I42-Q42-R42-X42-AF42 -> 536.87588 | AQ42: =34.18*(Z42*1.9835+AC42*1.9835)/E42 -> 6.8037601 | AT42: 0 | AV42: 0 | AW42: 62 | AX42: 28 | AZ42: =SUM(N42,P42:U42) -> 6.4893859
