Workbook

Sheet NOV
K1: MC PHEE RESERVOIR IN/OUT FLOW TABULATION
A2: AF/cfs CONVERT FACTOR | D2: 1.9835 | L2: NOVEMBER "99"
A4: DATE | B4: RESERV | C4: RESERV | D4: AC FT | E4: ACTIVE | F4: CONV TO | G4: DOLORES | H4: LOST | I4: RECORDED | J4: CALC | K4: TOTAL | L4: CALC | M4: DOLORES TUNNEL | Q4: LONE | R4: U | S4: TOTAL | T4: MVI | U4: DV CR | V4: BELOW | W4: REMAIN | X4: RECORDED | Y4: CALC | Z4: TOTAL | AA4: RAIN | AB4: MAX | AC4: MIN | AD4: DATE
A5: "NOV" | B5: ELEV | C5: AC FT | D5: CHANGE | E5: CAP | F5: CFS | G5: RIVER | H5: CANYON | I5: INFLOW | J5: INFLOW | K5: INFLOW | L5: INF/OTF | M5: TOT DIV | N5: WETLAND | O5: UTE F&R | P5: MVI,CTZ | Q5: PINE | R5: LAT | S5: MVI | T5: CALL | U5: CANAL | V5: MC PHEE | W5: RELEASE | X5: OUTFLOW | Y5: OUTFLOW | Z5: OUTFLOW | AB5: TMP | AC5: TMP | AD5: "NOV"
A7: SEASON BAL
A8: YTD | B8: 6911.91 | C8: 329680 | W8: 6452
A10: 1 | B10: 6911.81 | C10: 329276 | D10: =C10-C8 -> -404 | E10: =C10-152000 -> 177276 | F10: =D10/$D$2 -> -203.68036 | G10: 73 | H10: 1 | I10: =G10+H10 -> 74 | J10: =IF(L10>0,L10,0) -> 0 | K10: =I10+J10 -> 74 | L10: =F10-(I10-X10) -> -31.680363 | M10: 128 | O10: =23.85+24.66*1.05 -> 49.743 | P10: =M10-(N10+O10) -> 78.257 | Q10: 0 | R10: 33 | S10: =SUM(P10:R10) -> 111.257 | U10: 0 | V10: 85 | W10: =(W7+W8)-45-2 -> 6405 | X10: =N10+O10+S10+U10+V10 -> 246 | Y10: =IF(L10<0,L10*-1,0) -> 31.680363 | Z10: =X10+Y10 -> 277.68036 | AA10: 0 | AB10: 72 | AC10: 34 | AD10: 1
A11: =A10+1 -> 2 | B11: 6911.7 | C11: 328831 | D11: =C11-C10 -> -445 | E11: =C11-152000 -> 176831 | F11: =D11/$D$2 -> -224.35089 | G11: 70 | H11: 0.93 | I11: =G11+H11 -> 70.93 | J11: =IF(L11>0,L11,0) -> 0 | K11: =I11+J11 -> 70.93 | L11: =F11-(I11-X11) -> -25.280895 | M11: 154 | O11: =37.71+39.18*1.05 -> 78.849 | P11: =M11-(N11+O11) -> 75.151 | Q11: 0 | R11: 31 | S11: =SUM(P11:R11) -> 106.151 | U11: 0 | V11: 85 | W11: =W10-45-2 -> 6358 | X11: =N11+O11+S11+U11+V11 -> 270 | Y11: =IF(L11<0,L11*-1,0) -> 25.280895 | Z11: =X11+Y11 -> 295.28089 | AA11: 0 | AB11: 76 | AC11: 30 | AD11: =AD10+1 -> 2
A12: =A11+1 -> 3 | B12: 6911.59 | C12: 328386 | D12: =C12-C11 -> -445 | E12: =C12-152000 -> 176386 | F12: =D12/$D$2 -> -224.35089 | G12: 62 | H12: 1.2 | I12: =G12+H12 -> 63.2 | J12: =IF(L12>0,L12,0) -> 0 | K12: =I12+J12 -> 63.2 | L12: =F12-(I12-X12) -> -20.550895 | M12: 151 | O12: =37.95+39.43*1.05 -> 79.3515 | P12: =M12-(N12+O12) -> 71.6485 | Q12: 0 | R12: 31 | S12: =SUM(P12:R12) -> 102.6485 | U12: 0 | V12: 85 | W12: =W11-45-2 -> 6311 | X12: =N12+O12+S12+U12+V12 -> 267 | Y12: =IF(L12<0,L12*-1,0) -> 20.550895 | Z12: =X12+Y12 -> 287.55089 | AA12: 0 | AB12: 64 | AC12: 28 | AD12: =AD11+1 -> 3
A13: =A12+1 -> 4 | B13: 6911.5 | C13: 328022 | D13: =C13-C12 -> -364 | E13: =C13-152000 -> 176022 | F13: =D13/$D$2 -> -183.51399 | G13: 61 | H13: 1.1 | I13: =G13+H13 -> 62.1 | J13: =IF(L13>0,L13,0) -> 10.38601 | K13: =I13+J13 -> 72.48601 | L13: =F13-(I13-X13) -> 10.38601 | M13: 140 | O13: =33.88+36.42*1.05 -> 72.121 | P13: =M13-(N13+O13) -> 67.879 | Q13: 0 | R13: 31 | S13: =SUM(P13:R13) -> 98.879 | U13: 0 | V13: 85 | W13: =W12-45-2 -> 6264 | X13: =N13+O13+S13+U13+V13 -> 256 | Y13: =IF(L13<0,L13*-1,0) -> 0 | Z13: =X13+Y13 -> 256 | AA13: 0 | AB13: 69 | AC13: 32 | AD13: =AD12+1 -> 4
A14: =A13+1 -> 5 | B14: 6911.43 | C14: 327739 | D14: =C14-C13 -> -283 | E14: =C14-152000 -> 175739 | F14: =D14/$D$2 -> -142.67709 | G14: 63 | H14: 0.94 | I14: =G14+H14 -> 63.94 | J14: =IF(L14>0,L14,0) -> 0 | K14: =I14+J14 -> 63.94 | L14: =F14-(I14-X14) -> -0.61708596 | M14: 90 | O14: =15.55+17.16*1.05 -> 33.568 | P14: =M14-(N14+O14) -> 56.432 | Q14: 0 | R14: 31 | S14: =SUM(P14:R14) -> 87.432 | U14: 0 | V14: 85 | W14: =W13-45-2 -> 6217 | X14: =N14+O14+S14+U14+V14 -> 206 | Y14: =IF(L14<0,L14*-1,0) -> 0.61708596 | Z14: =X14+Y14 -> 206.61709 | AA14: 0 | AB14: 68 | AC14: 30 | AD14: =AD13+1 -> 5
A15: =A14+1 -> 6 | B15: 6911.38 | C15: 327536 | D15: =C15-C14 -> -203 | E15: =C15-152000 -> 175536 | F15: =D15/$D$2 -> -102.34434 | G15: 62 | H15: 0.94 | I15: =G15+H15 -> 62.94 | J15: =IF(L15>0,L15,0) -> 21.715659 | K15: =I15+J15 -> 84.655659 | L15: =F15-(I15-X15) -> 21.715659 | M15: 71 | O15: =2.83+3.07*1.05 -> 6.0535 | P15: =M15-(N15+O15) -> 64.9465 | Q15: 0 | R15: 31 | S15: =SUM(P15:R15) -> 95.9465 | U15: 0 | V15: 85 | W15: =W14-45-2 -> 6170 | X15: =N15+O15+S15+U15+V15 -> 187 | Y15: =IF(L15<0,L15*-1,0) -> 0 | Z15: =X15+Y15 -> 187 | AA15: 0 | AB15: 74 | AC15: 36 | AD15: =AD14+1 -> 6
A16: =A15+1 -> 7 | B16: 6911.32 | C16: 327294 | D16: =C16-C15 -> -242 | E16: =C16-152000 -> 175294 | F16: =D16/$D$2 -> -122.00655 | G16: 62 | H16: 1 | I16: =G16+H16 -> 63 | J16: =IF(L16>0,L16,0) -> 1.9934459 | K16: =I16+J16 -> 64.993446 | L16: =F16-(I16-X16) -> 1.9934459 | M16: 72 | O16: =2.67+3.07*1.05 -> 5.8935 | P16: =M16-(N16+O16) -> 66.1065 | Q16: 0 | R16: 30 | S16: =SUM(P16:R16) -> 96.1065 | U16: 0 | V16: 85 | W16: =W15-45-2 -> 6123 | X16: =N16+O16+S16+U16+V16 -> 187 | Y16: =IF(L16<0,L16*-1,0) -> 0 | Z16: =X16+Y16 -> 187 | AA16: 0 | AB16: 71 | AC16: 38 | AD16: =AD15+1 -> 7
A17: =A16+1 -> 8 | B17: 6911.26 | C17: 327051 | D17: =C17-C16 -> -243 | E17: =C17-152000 -> 175051 | F17: =D17/$D$2 -> -122.51071 | G17: 67 | H17: 1.1 | I17: =G17+H17 -> 68.1 | J17: =IF(L17>0,L17,0) -> 0 | K17: =I17+J17 -> 68.1 | L17: =F17-(I17-X17) -> -0.61071339 | M17: 74 | O17: =13.1+13.1*1.05 -> 26.855 | P17: =M17-(N17+O17) -> 47.145 | Q17: 0 | R17: 30 | S17: =SUM(P17:R17) -> 77.145 | U17: 0 | V17: 86 | W17: =W16-45-2 -> 6076 | X17: =N17+O17+S17+U17+V17 -> 190 | Y17: =IF(L17<0,L17*-1,0) -> 0.61071339 | Z17: =X17+Y17 -> 190.61071 | AA17: 0 | AB17: 66 | AC17: 44 | AD17: =AD16+1 -> 8
A18: =A17+1 -> 9 | B18: 6911.19 | C18: 326768 | D18: =C18-C17 -> -283 | E18: =C18-152000 -> 174768 | F18: =D18/$D$2 -> -142.67709 | G18: 67 | H18: 1.2 | I18: =G18+H18 -> 68.2 | J18: =IF(L18>0,L18,0) -> 12.122914 | K18: =I18+J18 -> 80.322914 | L18: =F18-(I18-X18) -> 12.122914 | M18: 106 | O18: =17.85+16.93*1.05 -> 35.6265 | P18: =M18-(N18+O18) -> 70.3735 | Q18: 0 | R18: 30 | S18: =SUM(P18:R18) -> 100.3735 | U18: 0 | V18: 87 | W18: =W17-45-2 -> 6029 | X18: =N18+O18+S18+U18+V18 -> 223 | Y18: =IF(L18<0,L18*-1,0) -> 0 | Z18: =X18+Y18 -> 223 | AA18: 0 | AB18: 62 | AC18: 28 | AD18: =AD17+1 -> 9
A19: =A18+1 -> 10 | B19: 6911.14 | C19: 326566 | D19: =C19-C18 -> -202 | E19: =C19-152000 -> 174566 | F19: =D19/$D$2 -> -101.84018 | G19: 60 | H19: 1.2 | I19: =G19+H19 -> 61.2 | J19: =IF(L19>0,L19,0) -> 13.959819 | K19: =I19+J19 -> 75.159819 | L19: =F19-(I19-X19) -> 13.959819 | M19: 60 | O19: =15.16+16*1.05 -> 31.96 | P19: =M19-(N19+O19) -> 28.04 | Q19: 0 | R19: 30 | S19: =SUM(P19:R19) -> 58.04 | U19: 0 | V19: 87 | W19: =W18-45-2 -> 5982 | X19: =N19+O19+S19+U19+V19 -> 177 | Y19: =IF(L19<0,L19*-1,0) -> 0 | Z19: =X19+Y19 -> 177 | AA19: 0 | AB19: 66 | AC19: 30 | AD19: =AD18+1 -> 10
A20: =A19+1 -> 11 | B20: 6911.09 | C20: 326363 | D20: =C20-C19 -> -203 | E20: =C20-152000 -> 174363 | F20: =D20/$D$2 -> -102.34434 | G20: 58 | H20: 1.1 | I20: =G20+H20 -> 59.1 | J20: =IF(L20>0,L20,0) -> 0 | K20: =I20+J20 -> 59.1 | L20: =F20-(I20-X20) -> -4.4443408 | M20: 42 | O20: =10.41+10.39*1.05 -> 21.3195 | P20: =M20-(N20+O20) -> 20.6805 | Q20: 0 | R20: 28 | S20: =SUM(P20:R20) -> 48.6805 | U20: 0 | V20: 87 | W20: =W19-45-2 -> 5935 | X20: =N20+O20+S20+U20+V20 -> 157 | Y20: =IF(L20<0,L20*-1,0) -> 4.4443408 | Z20: =X20+Y20 -> 161.44434 | AA20: 0 | AB20: 71 | AC20: 33 | AD20: =AD19+1 -> 11
A21: =A20+1 -> 12 | B21: 6911.04 | C21: 326161 | D21: =C21-C20 -> -202 | E21: =C21-152000 -> 174161 | F21: =D21/$D$2 -> -101.84018 | G21: 54 | H21: 0.97 | I21: =G21+H21 -> 54.97 | J21: =IF(L21>0,L21,0) -> 0 | K21: =I21+J21 -> 54.97 | L21: =F21-(I21-X21) -> -5.8101815 | M21: 38 | O21: 0 | P21: =M21-(N21+O21) -> 38 | Q21: 0 | R21: 26 | S21: =SUM(P21:R21) -> 64 | U21: 0 | V21: 87 | W21: =W20-45-2 -> 5888 | X21: =N21+O21+S21+U21+V21 -> 151 | Y21: =IF(L21<0,L21*-1,0) -> 5.8101815 | Z21: =X21+Y21 -> 156.81018 | AA21: 0 | AB21: 72 | AC21: 33 | AD21: =AD20+1 -> 12
A22: =A21+1 -> 13 | B22: 6910.99 | C22: 325959 | D22: =C22-C21 -> -202 | E22: =C22-152000 -> 173959 | F22: =D22/$D$2 -> -101.84018 | G22: 53 | H22: 0.9 | I22: =G22+H22 -> 53.9 | J22: =IF(L22>0,L22,0) -> 0 | K22: =I22+J22 -> 53.9 | L22: =F22-(I22-X22) -> -6.7401815 | M22: 37 | O22: 0 | P22: =M22-(N22+O22) -> 37 | Q22: 0 | R22: 25 | S22: =SUM(P22:R22) -> 62 | U22: 0 | V22: 87 | W22: =W21-45-2 -> 5841 | X22: =N22+O22+S22+U22+V22 -> 149 | Y22: =IF(L22<0,L22*-1,0) -> 6.7401815 | Z22: =X22+Y22 -> 155.74018 | AA22: 0 | AB22: 72 | AC22: 32 | AD22: =AD21+1 -> 13
A23: =A22+1 -> 14 | B23: 6910.94 | C23: 325759 | D23: =C23-C22 -> -200 | E23: =C23-152000 -> 173759 | F23: =D23/$D$2 -> -100.83186 | G23: 53 | H23: 0.84 | I23: =G23+H23 -> 53.84 | J23: =IF(L23>0,L23,0) -> 0 | K23: =I23+J23 -> 53.84 | L23: =F23-(I23-X23) -> -5.6718629 | M23: 37 | O23: 0 | P23: =M23-(N23+O23) -> 37 | Q23: 0 | R23: 25 | S23: =SUM(P23:R23) -> 62 | U23: 0 | V23: 87 | W23: =W22-45-2 -> 5794 | X23: =N23+O23+S23+U23+V23 -> 149 | Y23: =IF(L23<0,L23*-1,0) -> 5.6718629 | Z23: =X23+Y23 -> 154.67186 | AA23: 0 | AB23: 72 | AC23: 33 | AD23: =AD22+1 -> 14
A24: =A23+1 -> 15 | B24: 6910.89 | C24: 325558 | D24: =C24-C23 -> -201 | E24: =C24-152000 -> 173558 | F24: =D24/$D$2 -> -101.33602 | G24: 57 | H24: 0.89 | I24: =G24+H24 -> 57.89 | J24: =IF(L24>0,L24,0) -> 0 | K24: =I24+J24 -> 57.89 | L24: =F24-(I24-X24) -> -18.226022 | M24: 37 | O24: 0 | P24: =M24-(N24+O24) -> 37 | Q24: 0 | R24: 24 | S24: =SUM(P24:R24) -> 61 | U24: 0 | V24: 80 | W24: =W23-45-2 -> 5747 | X24: =N24+O24+S24+U24+V24 -> 141 | Y24: =IF(L24<0,L24*-1,0) -> 18.226022 | Z24: =X24+Y24 -> 159.22602 | AA24: 0 | AB24: 72 | AC24: 31 | AD24: =AD23+1 -> 15
A25: =A24+1 -> 16 | B25: 6910.84 | C25: 325357 | D25: =C25-C24 -> -201 | E25: =C25-152000 -> 173357 | F25: =D25/$D$2 -> -101.33602 | G25: 53 | H25: 0.84 | I25: =G25+H25 -> 53.84 | J25: =IF(L25>0,L25,0) -> 0 | K25: =I25+J25 -> 53.84 | L25: =F25-(I25-X25) -> -17.176022 | M25: 39 | O25: 0 | P25: =M25-(N25+O25) -> 39 | Q25: 0 | R25: 24 | S25: =SUM(P25:R25) -> 63 | U25: 0 | V25: 75 | W25: =W24-45-2 -> 5700 | X25: =N25+O25+S25+U25+V25 -> 138 | Y25: =IF(L25<0,L25*-1,0) -> 17.176022 | Z25: =X25+Y25 -> 155.17602 | AA25: 0 | AB25: 69 | AC25: 34 | AD25: =AD24+1 -> 16
A26: =A25+1 -> 17 | B26: 6910.8 | C26: 325197 | D26: =C26-C25 -> -160 | E26: =C26-152000 -> 173197 | F26: =D26/$D$2 -> -80.66549 | G26: 53 | H26: 0.88 | I26: =G26+H26 -> 53.88 | J26: =IF(L26>0,L26,0) -> 0 | K26: =I26+J26 -> 53.88 | L26: =F26-(I26-X26) -> -11.54549 | M26: 37 | O26: 0 | P26: =M26-(N26+O26) -> 37 | Q26: 0 | R26: 22 | S26: =SUM(P26:R26) -> 59 | U26: 0 | V26: 64 | W26: =W25-45-2 -> 5653 | X26: =N26+O26+S26+U26+V26 -> 123 | Y26: =IF(L26<0,L26*-1,0) -> 11.54549 | Z26: =X26+Y26 -> 134.54549 | AA26: 0 | AB26: 66 | AC26: 36 | AD26: =AD25+1 -> 17
A27: =A26+1 -> 18 | B27: 6910.78 | C27: 325117 | D27: =C27-C26 -> -80 | E27: =C27-152000 -> 173117 | F27: =D27/$D$2 -> -40.332745 | G27: 51 | H27: 0.97 | I27: =G27+H27 -> 51.97 | J27: =IF(L27>0,L27,0) -> 20.697255 | K27: =I27+J27 -> 72.667255 | L27: =F27-(I27-X27) -> 20.697255 | M27: 37 | O27: 0 | P27: =M27-(N27+O27) -> 37 | Q27: 0 | R27: 20 | S27: =SUM(P27:R27) -> 57 | U27: 0 | V27: 56 | W27: =W26-45-2 -> 5606 | X27: =N27+O27+S27+U27+V27 -> 113 | Y27: =IF(L27<0,L27*-1,0) -> 0 | Z27: =X27+Y27 -> 113 | AA27: 0 | AB27: 48 | AC27: 24 | AD27: =AD26+1 -> 18
A28: =A27+1 -> 19 | B28: 6910.75 | C28: 324996 | D28: =C28-C27 -> -121 | E28: =C28-152000 -> 172996 | F28: =D28/$D$2 -> -61.003277 | G28: 45 | H28: 1.1 | I28: =G28+H28 -> 46.1 | J28: =IF(L28>0,L28,0) -> 5.896723 | K28: =I28+J28 -> 51.996723 | L28: =F28-(I28-X28) -> 5.896723 | M28: 37 | O28: 0 | P28: =M28-(N28+O28) -> 37 | Q28: 0 | R28: 20 | S28: =SUM(P28:R28) -> 57 | U28: 0 | V28: 56 | W28: =W27-45-2 -> 5559 | X28: =N28+O28+S28+U28+V28 -> 113 | Y28: =IF(L28<0,L28*-1,0) -> 0 | Z28: =X28+Y28 -> 113 | AA28: 0 | AB28: 56 | AC28: 20 | AD28: =AD27+1 -> 19
A29: =A28+1 -> 20 | B29: 6910.72 | C29: 324876 | D29: =C29-C28 -> -120 | E29: =C29-152000 -> 172876 | F29: =D29/$D$2 -> -60.499118 | G29: 39 | H29: 0.93 | I29: =G29+H29 -> 39.93 | J29: =IF(L29>0,L29,0) -> 12.570882 | K29: =I29+J29 -> 52.500882 | L29: =F29-(I29-X29) -> 12.570882 | M29: 37 | O29: 0 | P29: =M29-(N29+O29) -> 37 | Q29: 0 | R29: 20 | S29: =SUM(P29:R29) -> 57 | U29: 0 | V29: 56 | W29: =W28-45-2 -> 5512 | X29: =N29+O29+S29+U29+V29 -> 113 | Y29: =IF(L29<0,L29*-1,0) -> 0 | Z29: =X29+Y29 -> 113 | AA29: 0 | AB29: 54 | AC29: 28 | AD29: =AD28+1 -> 20
A30: =A29+1 -> 21 | B30: 6910.7 | C30: 324796 | D30: =C30-C29 -> -80 | E30: =C30-152000 -> 172796 | F30: =D30/$D$2 -> -40.332745 | G30: 40 | H30: 0.88 | I30: =G30+H30 -> 40.88 | J30: =IF(L30>0,L30,0) -> 29.787255 | K30: =I30+J30 -> 70.667255 | L30: =F30-(I30-X30) -> 29.787255 | M30: 37 | O30: 0 | P30: =M30-(N30+O30) -> 37 | Q30: 0 | R30: 18 | S30: =SUM(P30:R30) -> 55 | U30: 0 | V30: 56 | W30: =W29-45-2 -> 5465 | X30: =N30+O30+S30+U30+V30 -> 111 | Y30: =IF(L30<0,L30*-1,0) -> 0 | Z30: =X30+Y30 -> 111 | AA30: 0.05 | AB30: 42 | AC30: 22 | AD30: =AD29+1 -> 21
A31: =A30+1 -> 22 | B31: 6910.64 | C31: 324555 | D31: =C31-C30 -> -241 | E31: =C31-152000 -> 172555 | F31: =D31/$D$2 -> -121.50239 | G31: 38 | H31: 1 | I31: =G31+H31 -> 39 | J31: =IF(L31>0,L31,0) -> 12.497605 | K31: =I31+J31 -> 51.497605 | L31: =F31-(I31-X31) -> 12.497605 | M31: 35 | O31: 0 | P31: =M31-(N31+O31) -> 35 | Q31: 82 | R31: 0 | S31: =SUM(P31:R31) -> 117 | U31: 0 | V31: 56 | W31: =W30-45-2 -> 5418 | X31: =N31+O31+S31+U31+V31 -> 173 | Y31: =IF(L31<0,L31*-1,0) -> 0 | Z31: =X31+Y31 -> 173 | AA31: 0 | AB31: 29 | AC31: 21 | AD31: =AD30+1 -> 22
A32: =A31+1 -> 23 | B32: 6910.55 | C32: 324194 | D32: =C32-C31 -> -361 | E32: =C32-152000 -> 172194 | F32: =D32/$D$2 -> -182.00151 | G32: 34 | H32: 0.92 | I32: =G32+H32 -> 34.92 | J32: =IF(L32>0,L32,0) -> 0 | K32: =I32+J32 -> 34.92 | L32: =F32-(I32-X32) -> -5.3215125 | M32: 7.6 | O32: 0 | P32: =M32-(N32+O32) -> 7.6 | Q32: 148 | R32: 0 | S32: =SUM(P32:R32) -> 155.6 | U32: 0 | V32: 56 | W32: =W31-45-2 -> 5371 | X32: =N32+O32+S32+U32+V32 -> 211.6 | Y32: =IF(L32<0,L32*-1,0) -> 5.3215125 | Z32: =X32+Y32 -> 216.92151 | AA32: 0 | AB32: 36 | AC32: 8 | AD32: =AD31+1 -> 23
... A38: =A37+1 -> 29 | B38: 6910.11 | C38: 322428 | D38: =C38-C37 -> -80 | E38: =C38-152000 -> 170428 | F38: =D38/$D$2 -> -40.332745 | G38: 56 | H38: 0.88 | I38: =G38+H38 -> 56.88 | J38: =IF(L38>0,L38,0) -> 12.187255 | K38: =I38+J38 -> 69.067255 | L38: =F38-(I38-X38) -> 12.187255 | M38: 3.4 | O38: 0 | P38: =M38-(N38+O38) -> 3.4 | Q38: 50 | R38: 0 | S38: =SUM(P38:R38) -> 53.4 | U38: 0 | V38: 56 | W38: =W37-45-2 -> 5089 | X38: =N38+O38+S38+U38+V38 -> 109.4 | Y38: =IF(L38<0,L38*-1,0) -> 0 | Z38: =X38+Y38 -> 109.4 | AA38: 0 | AB38: 65 | AC38: 33 | AD38: =AD37+1 -> 29
A39: 30 | B39: 6910.12 | C39: 322468 | D39: =C39-C38 -> 40 | E39: =C39-152000 -> 170468 | F39: =D39/$D$2 -> 20.166373 | G39: 58 | H39: 0.85 | I39: =G39+H39 -> 58.85 | J39: =IF(L39>0,L39,0) -> 20.516373 | K39: =I39+J39 -> 79.366373 | L39: =F39-(I39-X39) -> 20.516373 | M39: 3.2 | O39: 0 | P39: =M39-(N39+O39) -> 3.2 | Q39: 0 | R39: 0 | S39: =SUM(P39:R39) -> 3.2 | U39: 0 | V39: 56 | W39: =W38-45-2 -> 5042 | X39: =N39+O39+S39+U39+V39 -> 59.2 | Y39: =IF(L39<0,L39*-1,0) -> 0 | Z39: =X39+Y39 -> 59.2 | AA39: 0 | AB39: 64 | AC39: 32 | AD39: 30
A41: MONTH / CFS | F41: =SUM(F10:F39) -> -3635.997 | G41: =SUM(G10:G39) -> 1605 | H41: =SUM(H10:H39) -> 28.73 | I41: =SUM(I10:I39) -> 1633.73 | J41: =SUM(J10:J39) -> 234.69852 | K41: =SUM(K10:K39) -> 1868.4285 | L41: =SUM(L10:L39) -> 12.373025 | M41: =SUM(M10:M39) -> 1528.1 | ... S41: =SUM(S10:S39) -> 2690.7595 | U41: =SUM(U10:U39) -> 0 | V41: =SUM(V10:V39) -> 2150 | X41: =SUM(X10:X39) -> 5282.1 | Y41: =SUM(Y10:Y39) -> 222.3255 | Z41: =SUM(Z10:Z39) -> 5504.4255 | AA41: =SUM(AA10:AA39) -> 0.05 | AB41: =AVERAGE(AB10:AB39) -> 61.066667 | AC41: =AVERAGE(AC10:AC39) -> 27.633333 | AD41: AVE
A42: MONTH / AF | D42: =SUM(D10:D39) -> -7212 | F42: =F41*$D$2 -> -7212 | G42: =G41*$D$2 -> 3183.5175 | H42: =H41*$D$2 -> 56.985955 | I42: =I41*$D$2 -> 3240.5035 | J42: =J41*$D$2 -> 465.52452 | K42: =K41*$D$2 -> 3706.028 | L42: =L41*$D$2 -> 24.541895 | M42: =M41*$D$2 -> 3030.9864 | ... S42: =S41*$D$2 -> 5337.1215 | U42: =U41*$D$2 -> 0 | V42: =V41*$D$2 -> 4264.525 | X42: =X41*$D$2 -> 10477.045 | Y42: =Y41*$D$2 -> 440.98262 | Z42: =Z41*$D$2 -> 10918.028 | AB42: =MAX(AB10:AB39) -> 76 | AC42: =MAX(AC10:AC39) -> 44 | AD42: HI
A44: SEASON / CFS | AB44: =MIN(AB10:AB39) -> 29 | AC44: =MIN(AC10:AC39) -> 8 | AD44: LO
A45: SEASON / AF
A47: YTD / CFS | F47: =F8+F41 -> -3635.997 | G47: =G8+G41 -> 1605 | H47: =H8+H41 -> 28.73 | I47: =I8+I41 -> 1633.73 | J47: =J8+J41 -> 234.69852 | K47: =K8+K41 -> 1868.4285 | L47: =L8+L41 -> 12.373025 | M47: =M8+M41 -> 1528.1 | ... S47: =S8+S41 -> 2690.7595 | U47: =U8+U41 -> 0 | V47: =V8+V41 -> 2150 | W47: =W39 -> 5042 | X47: =X8+X41 -> 5282.1 | Y47: =Y8+Y41 -> 222.3255 | Z47: =Z8+Z41 -> 5504.4255 | AA47: =AA8+AA41 -> 0.05
A48: YTD / AF | D48: =D8+D42 -> -7212 | E48: =E39 -> 170468 | F48: =F47*$D$2 -> -7212 | G48: =G47*$D$2 -> 3183.5175 | H48: =H47*$D$2 -> 56.985955 | I48: =I47*$D$2 -> 3240.5035 | J48: =J47*$D$2 -> 465.52452 | K48: =K47*$D$2 -> 3706.028 | L48: =L47*$D$2 -> 24.541895 | M48: =M47*$D$2 -> 3030.9864 | ... Z48: =Z47*$D$2 -> 10918.028

Sheet DEC
K1: MC PHEE RESERVOIR IN/OUT FLOW TABULATION
A2: AF/cfs CONVERT FACTOR | D2: 1.9835 | K2: DECEMBER "99"
A4: DATE | B4: RESERV | C4: RESERV | D4: AC FT | E4: ACTIVE | F4: CONV TO | G4: DOLORES | H4: LOST | I4: RECORDED | J4: CALC | K4: TOTAL | L4: CALC | M4: DOLORES TUNNEL | Q4: LONE | R4: U | S4: TOTAL | T4: MVI | U4: DV CR | V4: BELOW | W4: REMAIN | X4: RECORDED | Y4: CALC | Z4: TOTAL | AA4: RAIN | AB4: MAX | AC4: MIN | AD4: DATE
A5: "DEC" | B5: ELEV | C5: AC FT | D5: CHANGE | E5: CAP | F5: CFS | G5: RIVER | H5: CANYON | I5: INFLOW | J5: INFLOW | K5: INFLOW | L5: INF/OTF | M5: TOT DIV | N5: WETLAND | O5: UTE F&R | P5: MVI,CTZ | Q5: PINE | R5: LAT | S5: MVI | T5: CALL | U5: CANAL | V5: MC PHEE | W5: RELEASE | X5: OUTFLOW | Y5: OUTFLOW | Z5: OUTFLOW | AB5: TMP | AC5: TMP | AD5: "DEC"
A7: SEASON BAL
A8: YTD | B8: =NOV!B39 -> 6910.12 | C8: =NOV!C39 -> 322468 | D8: =NOV!$D$48 -> -7212 | E8: =NOV!$E$39 -> 170468 | F8: =NOV!F47 -> -3635.997 | G8: =NOV!G47 -> 1605 | H8: =NOV!H47 -> 28.73 | I8: =NOV!I47 -> 1633.73 | J8: =NOV!J47 -> 234.69852 | K8: =NOV!K47 -> 1868.4285 | L8: =NOV!L47 -> 12.373025 | M8: =NOV!M47 -> 1528.1 | ... AA8: =NOV!AA47 -> 0.05
A10: 1 | B10: 6910.12 | C10: 322468 | D10: =C10-C8 -> 0 | E10: =C10-152000 -> 170468 | F10: =D10/$D$2 -> 0 | G10: 58 | H10: 0.92 | I10: =G10+H10 -> 58.92 | J10: =IF(L10>0,L10,0) -> 0.15 | K10: =I10+J10 -> 59.07 | L10: =F10-(I10-X10) -> 0.15 | M10: 3.1 | O10: 0 | P10: =M10-(N10+O10) -> 3.1 | Q10: 0 | R10: 0 | S10: =SUM(P10:R10) -> 3.1 | U10: 0 | V10: 55.97 | W10: =W8-45-2 -> 4995 | X10: =N10+O10+S10+U10+V10 -> 59.07 | Y10: =IF(L10<0,L10*-1,0) -> 0 | Z10: =X10+Y10 -> 59.07 | AA10: 0.01 | AB10: 60 | AC10: 31 | AD10: 1
A11: =A10+1 -> 2 | B11: 6910.11 | C11: 322428 | D11: =C11-C10 -> -40 | E11: =C11-152000 -> 170428 | F11: =D11/$D$2 -> -20.166373 | G11: 61 | H11: 1 | I11: =G11+H11 -> 62 | J11: =IF(L11>0,L11,0) -> 0 | K11: =I11+J11 -> 62 | L11: =F11-(I11-X11) -> -23.066373 | M11: 3.1 | O11: 0 | P11: =M11-(N11+O11) -> 3.1 | Q11: 0 | R11: 0 | S11: =SUM(P11:R11) -> 3.1 | U11: 0 | V11: 56 | W11: =W10-45-2 -> 4948 | X11: =N11+O11+S11+U11+V11 -> 59.1 | Y11: =IF(L11<0,L11*-1,0) -> 23.066373 | Z11: =X11+Y11 -> 82.166373 | AA11: 0 | AB11: 43 | AC11: 18 | AD11: =AD10+1 -> 2
A12: =A11+1 -> 3 | B12: 6910.1 | C12: 322388 | D12: =C12-C11 -> -40 | E12: =C12-152000 -> 170388 | F12: =D12/$D$2 -> -20.166373 | G12: 57 | H12: 1.1 | I12: =G12+H12 -> 58.1 | J12: =IF(L12>0,L12,0) -> 0 | K12: =I12+J12 -> 58.1 | L12: =F12-(I12-X12) -> -19.166373 | M12: 3.1 | O12: 0 | P12: =M12-(N12+O12) -> 3.1 | Q12: 0 | R12: 0 | S12: =SUM(P12:R12) -> 3.1 | U12: 0 | V12: 56 | W12: =W11-45-2 -> 4901 | X12: =N12+O12+S12+U12+V12 -> 59.1 | Y12: =IF(L12<0,L12*-1,0) -> 19.166373 | Z12: =X12+Y12 -> 78.266373 | AA12: 0 | AB12: 42 | AC12: 19 | AD12: =AD11+1 -> 3
A13: =A12+1 -> 4 | B13: 6910.09 | C13: 322348 | D13: =C13-C12 -> -40 | E13: =C13-152000 -> 170348 | F13: =D13/$D$2 -> -20.166373 | G13: 47 | H13: 0.9 | I13: =G13+H13 -> 47.9 | J13: =IF(L13>0,L13,0) -> 0 | K13: =I13+J13 -> 47.9 | L13: =F13-(I13-X13) -> -8.7663726 | M13: 3.3 | O13: 0 | P13: =M13-(N13+O13) -> 3.3 | Q13: 0 | R13: 0 | S13: =SUM(P13:R13) -> 3.3 | U13: 0 | V13: 56 | W13: =W12-45-2 -> 4854 | X13: =N13+O13+S13+U13+V13 -> 59.3 | Y13: =IF(L13<0,L13*-1,0) -> 8.7663726 | Z13: =X13+Y13 -> 68.066373 | AA13: 0 | AB13: 40 | AC13: 20 | AD13: =AD12+1 -> 4
A14: =A13+1 -> 5 | B14: 6910.08 | C14: 322307 | D14: =C14-C13 -> -41 | E14: =C14-152000 -> 170307 | F14: =D14/$D$2 -> -20.670532 | G14: 50 | H14: 0.74 | I14: =G14+H14 -> 50.74 | J14: =IF(L14>0,L14,0) -> 0 | K14: =I14+J14 -> 50.74 | L14: =F14-(I14-X14) -> -11.210532 | M14: 4.2 | O14: 0 | P14: =M14-(N14+O14) -> 4.2 | Q14: 0 | R14: 0 | S14: =SUM(P14:R14) -> 4.2 | U14: 0 | V14: 56 | W14: =W13-45-2 -> 4807 | X14: =N14+O14+S14+U14+V14 -> 60.2 | Y14: =IF(L14<0,L14*-1,0) -> 11.210532 | Z14: =X14+Y14 -> 71.410532 | AA14: 0 | AB14: 46 | AC14: 8 | AD14: =AD13+1 -> 5
A15: =A14+1 -> 6 | B15: 6910.07 | C15: 322267 | D15: =C15-C14 -> -40 | E15: =C15-152000 -> 170267 | F15: =D15/$D$2 -> -20.166373 | G15: 50 | H15: 0.7 | I15: =G15+H15 -> 50.7 | J15: =IF(L15>0,L15,0) -> 0 | K15: =I15+J15 -> 50.7 | L15: =F15-(I15-X15) -> -9.7663726 | M15: 5.1 | O15: 0 | P15: =M15-(N15+O15) -> 5.1 | Q15: 0 | R15: 0 | S15: =SUM(P15:R15) -> 5.1 | U15: 0 | V15: 56 | W15: =W14-45-2 -> 4760 | X15: =N15+O15+S15+U15+V15 -> 61.1 | Y15: =IF(L15<0,L15*-1,0) -> 9.7663726 | Z15: =X15+Y15 -> 70.866373 | AA15: 0 | AB15: 44 | AC15: 14 | AD15: =AD14+1 -> 6
A16: =A15+1 -> 7 | B16: 6910.06 | C16: 322227 | D16: =C16-C15 -> -40 | E16: =C16-152000 -> 170227 | F16: =D16/$D$2 -> -20.166373 | G16: 48 | H16: 0.7 | I16: =G16+H16 -> 48.7 | J16: =IF(L16>0,L16,0) -> 0 | K16: =I16+J16 -> 48.7 | L16: =F16-(I16-X16) -> -9.6663726 | M16: 5.2 | O16: 0 | P16: =M16-(N16+O16) -> 5.2 | Q16: 0 | R16: 0 | S16: =SUM(P16:R16) -> 5.2 | U16: 0 | V16: 54 | W16: =W15-45-2 -> 4713 | X16: =N16+O16+S16+U16+V16 -> 59.2 | Y16: =IF(L16<0,L16*-1,0) -> 9.6663726 | Z16: =X16+Y16 -> 68.866373 | AA16: 0 | AB16: 47 | AC16: 24 | AD16: =AD15+1 -> 7
A17: =A16+1 -> 8 | B17: 6910.05 | C17: 322187 | D17: =C17-C16 -> -40 | E17: =C17-152000 -> 170187 | F17: =D17/$D$2 -> -20.166373 | G17: 52 | H17: 0.7 | I17: =G17+H17 -> 52.7 | J17: =IF(L17>0,L17,0) -> 0 | K17: =I17+J17 -> 52.7 | L17: =F17-(I17-X17) -> -14.766373 | M17: 5.1 | O17: 0 | P17: =M17-(N17+O17) -> 5.1 | Q17: 0 | R17: 0 | S17: =SUM(P17:R17) -> 5.1 | U17: 0 | V17: 53 | W17: =W16-45-2 -> 4666 | X17: =N17+O17+S17+U17+V17 -> 58.1 | Y17: =IF(L17<0,L17*-1,0) -> 14.766373 | Z17: =X17+Y17 -> 72.866373 | AA17: 0 | AB17: 38 | AC17: 22 | AD17: =AD16+1 -> 8
A18: =A17+1 -> 9 | B18: 6910.04 | C18: 322147 | D18: =C18-C17 -> -40 | E18: =C18-152000 -> 170147 | F18: =D18/$D$2 -> -20.166373 | G18: 48 | H18: 0.7 | I18: =G18+H18 -> 48.7 | J18: =IF(L18>0,L18,0) -> 0 | K18: =I18+J18 -> 48.7 | L18: =F18-(I18-X18) -> -10.966373 | M18: 4.9 | O18: 0 | P18: =M18-(N18+O18) -> 4.9 | Q18: 0 | R18: 0 | S18: =SUM(P18:R18) -> 4.9 | U18: 0 | V18: 53 | W18: =W17-45-2 -> 4619 | X18: =N18+O18+S18+U18+V18 -> 57.9 | Y18: =IF(L18<0,L18*-1,0) -> 10.966373 | Z18: =X18+Y18 -> 68.866373 | AA18: 0 | AB18: 38 | AC18: 7 | AD18: =AD17+1 -> 9
A19: =A18+1 -> 10 | B19: 6910.03 | C19: 322107 | D19: =C19-C18 -> -40 | E19: =C19-152000 -> 170107 | F19: =D19/$D$2 -> -20.166373 | G19: 50 | H19: 0.68 | I19: =G19+H19 -> 50.68 | J19: =IF(L19>0,L19,0) -> 0 | K19: =I19+J19 -> 50.68 | L19: =F19-(I19-X19) -> -13.546373 | M19: 4.3 | O19: 0 | P19: =M19-(N19+O19) -> 4.3 | Q19: 0 | R19: 0 | S19: =SUM(P19:R19) -> 4.3 | U19: 0 | V19: 53 | W19: =W18-45-2 -> 4572 | X19: =N19+O19+S19+U19+V19 -> 57.3 | Y19: =IF(L19<0,L19*-1,0) -> 13.546373 | Z19: =X19+Y19 -> 70.846373 | AA19: 0 | AB19: 40 | AC19: 19 | AD19: =AD18+1 -> 10
A20: =A19+1 -> 11 | B20: 6910.02 | C20: 322067 | D20: =C20-C19 -> -40 | E20: =C20-152000 -> 170067 | F20: =D20/$D$2 -> -20.166373 | G20: 54 | H20: 0.68 | I20: =G20+H20 -> 54.68 | J20: =IF(L20>0,L20,0) -> 0 | K20: =I20+J20 -> 54.68 | L20: =F20-(I20-X20) -> -17.746373 | M20: 4.1 | O20: 0 | P20: =M20-(N20+O20) -> 4.1 | Q20: 0 | R20: 0 | S20: =SUM(P20:R20) -> 4.1 | U20: 0 | V20: 53 | W20: =W19-45-2 -> 4525 | X20: =N20+O20+S20+U20+V20 -> 57.1 | Y20: =IF(L20<0,L20*-1,0) -> 17.746373 | Z20: =X20+Y20 -> 74.846373 | AA20: 0 | AB20: 40 | AC20: 20 | AD20: =AD19+1 -> 11
A21: =A20+1 -> 12 | B21: 6910.01 | C21: 322027 | D21: =C21-C20 -> -40 | E21: =C21-152000 -> 170027 | F21: =D21/$D$2 -> -20.166373 | G21: 48 | H21: 0.68 | I21: =G21+H21 -> 48.68 | J21: =IF(L21>0,L21,0) -> 0 | K21: =I21+J21 -> 48.68 | L21: =F21-(I21-X21) -> -11.746373 | M21: 4.1 | O21: 0 | P21: =M21-(N21+O21) -> 4.1 | Q21: 0 | R21: 0 | S21: =SUM(P21:R21) -> 4.1 | U21: 0 | V21: 53 | W21: =W20-45-2 -> 4478 | X21: =N21+O21+S21+U21+V21 -> 57.1 | Y21: =IF(L21<0,L21*-1,0) -> 11.746373 | Z21: =X21+Y21 -> 68.846373 | AA21: 0 | AB21: 46 | AC21: 15 | AD21: =AD20+1 -> 12
A22: =A21+1 -> 13 | B22: 6910 | C22: 321986 | D22: =C22-C21 -> -41 | E22: =C22-152000 -> 169986 | F22: =D22/$D$2 -> -20.670532 | G22: 47 | H22: 0.66 | I22: =G22+H22 -> 47.66 | J22: =IF(L22>0,L22,0) -> 0 | K22: =I22+J22 -> 47.66 | L22: =F22-(I22-X22) -> -10.930532 | M22: 4.4 | O22: 0 | P22: =M22-(N22+O22) -> 4.4 | Q22: 0 | R22: 0 | S22: =SUM(P22:R22) -> 4.4 | U22: 0 | V22: 53 | W22: =W21-45-2 -> 4431 | X22: =N22+O22+S22+U22+V22 -> 57.4 | Y22: =IF(L22<0,L22*-1,0) -> 10.930532 | Z22: =X22+Y22 -> 68.330532 | AA22: 0.01 | AB22: 40 | AC22: 13 | AD22: =AD21+1 -> 13
... A38: =A37+1 -> 29 | B38: 6909.93 | C38: 321708 | D38: =C38-C37 -> 0 | E38: =C38-152000 -> 169708 | F38: =D38/$D$2 -> 0 | G38: 50 | H38: 0.28 | I38: =G38+H38 -> 50.28 | J38: =IF(L38>0,L38,0) -> 7.12 | K38: =I38+J38 -> 57.4 | L38: =F38-(I38-X38) -> 7.12 | M38: 4.4 | O38: 0 | P38: =M38-(N38+O38) -> 4.4 | Q38: 0 | R38: 0 | S38: =SUM(P38:R38) -> 4.4 | U38: 0 | V38: 53 | W38: =W37-45-2 -> 3679 | X38: =N38+O38+S38+U38+V38 -> 57.4 | Y38: =IF(L38<0,L38*-1,0) -> 0 | Z38: =X38+Y38 -> 57.4 | AA38: 0 | AB38: 49 | AC38: 20 | AD38: =AD37+1 -> 29
A39: 30 | B39: 6909.93 | C39: 321708 | D39: =C39-C38 -> 0 | E39: =C39-152000 -> 169708 | F39: =D39/$D$2 -> 0 | G39: 49 | H39: 0.38 | I39: =G39+H39 -> 49.38 | J39: =IF(L39>0,L39,0) -> 8.02 | K39: =I39+J39 -> 57.4 | L39: =F39-(I39-X39) -> 8.02 | M39: 4.4 | O39: 0 | P39: =M39-(N39+O39) -> 4.4 | Q39: 0 | R39: 0 | S39: =SUM(P39:R39) -> 4.4 | U39: 0 | V39: 53 | W39: =W38-45-2 -> 3632 | X39: =N39+O39+S39+U39+V39 -> 57.4 | Y39: =IF(L39<0,L39*-1,0) -> 0 | Z39: =X39+Y39 -> 57.4 | AA39: 0 | AB39: 48 | AC39: 18 | AD39: 30
A40: 31 | B40: 6909.93 | C40: 321708 | D40: =C40-C39 -> 0 | E40: =C40-152000 -> 169708 | F40: =D40/$D$2 -> 0 | G40: 50 | H40: 0.58 | I40: =G40+H40 -> 50.58 | J40: =IF(L40>0,L40,0) -> 6.82 | K40: =I40+J40 -> 57.4 | L40: =F40-(I40-X40) -> 6.82 | M40: 4.4 | O40: 0 | P40: =M40-(N40+O40) -> 4.4 | Q40: 0 | R40: 0 | S40: =SUM(P40:R40) -> 4.4 | U40: 0 | V40: 53 | W40: =W39-45-2 -> 3585 | X40: =N40+O40+S40+U40+V40 -> 57.4 | Y40: =IF(L40<0,L40*-1,0) -> 0 | Z40: =X40+Y40 -> 57.4 | AA40: 0.28 | AB40: 51 | AC40: 17 | AD40: 31
A42: MONTH / CFS | F42: =SUM(F10:F40) -> -383.16108 | G42: =SUM(G10:G40) -> 1557 | H42: =SUM(H10:H40) -> 18.33 | I42: =SUM(I10:I40) -> 1575.33 | J42: =SUM(J10:J40) -> 82.06 | K42: =SUM(K10:K40) -> 1657.39 | L42: =SUM(L10:L40) -> -162.72108 | M42: =SUM(M10:M40) -> 133.8 | ... S42: =SUM(S10:S40) -> 133.8 | U42: =SUM(U10:U40) -> 0 | V42: =SUM(V10:V40) -> 1661.97 | X42: =SUM(X10:X40) -> 1795.77 | Y42: =SUM(Y10:Y40) -> 244.78108 | Z42: =SUM(Z10:Z40) -> 2040.5511 | AA42: =SUM(AA10:AA40) -> 0.33 | AB42: =AVERAGE(AB10:AB40) -> 44.483871 | AC42: =AVERAGE(AC10:AC40) -> 15.096774 | AD42: AVE
A43: MONTH / AF | D43: =SUM(D10:D40) -> -760 | F43: =F42*$D$2 -> -760 | G43: =G42*$D$2 -> 3088.3095 | H43: =H42*$D$2 -> 36.357555 | I43: =I42*$D$2 -> 3124.6671 | J43: =J42*$D$2 -> 162.76601 | K43: =K42*$D$2 -> 3287.4331 | L43: =L42*$D$2 -> -322.75726 | M43: =M42*$D$2 -> 265.3923 | ... S43: =S42*$D$2 -> 265.3923 | U43: =U42*$D$2 -> 0 | V43: =V42*$D$2 -> 3296.5175 | X43: =X42*$D$2 -> 3561.9098 | Y43: =Y42*$D$2 -> 485.52327 | Z43: =Z42*$D$2 -> 4047.4331 | AB43: =MAX(AB10:AB40) -> 60 | AC43: =MAX(AC10:AC40) -> 31 | AD43: HI
A45: SEASON / CFS | AB45: =MIN(AB10:AB40) -> 25 | AC45: =MIN(AC10:AC40) -> 3 | AD45: LO
A46: SEASON / AF
A48: YTD / CFS | F48: =F8+F42 -> -4019.1581 | G48: =G8+G42 -> 3162 | H48: =H8+H42 -> 47.06 | I48: =I8+I42 -> 3209.06 | J48: =J8+J42 -> 316.75852 | K48: =K8+K42 -> 3525.8185 | L48: =L8+L42 -> -150.34805 | M48: =M8+M42 -> 1661.9 | ... S48: =S8+S42 -> 2824.5595 | U48: =U8+U42 -> 0 | V48: =V8+V42 -> 3811.97 | W48: =W40 -> 3585 | X48: =X8+X42 -> 7077.87 | Y48: =Y8+Y42 -> 467.10657 | Z48: =Z8+Z42 -> 7544.9766 | AA48: =AA8+AA42 -> 0.38
A49: YTD / AF | D49: =D8+D43 -> -7972 | E49: =E40 -> 169708 | F49: =F48*$D$2 -> -7972 | G49: =G48*$D$2 -> 6271.827 | H49: =H48*$D$2 -> 93.34351 | I49: =I48*$D$2 -> 6365.1705 | J49: =J48*$D$2 -> 628.29053 | K49: =K48*$D$2 -> 6993.461 | L49: =L48*$D$2 -> -298.21537 | M49: =M48*$D$2 -> 3296.3787 | ... V49: =V48*$D$2 -> 7561.0425 | W49: =W40*$D$2 -> 7110.8475 | X49: =X48*$D$2 -> 14038.955 | Y49: =Y48*$D$2 -> 926.50589 | Z49: =Z48*$D$2 -> 14965.461

Sheet JAN
K1: MC PHEE RESERVOIR IN/OUT FLOW TABULATION
A2: AF/cfs CONVERT FACTOR | D2: 1.9835 | K2: JANUARY "2000"
A4: DATE | B4: RESERV | C4: RESERV | D4: AC FT | E4: ACTIVE | F4: CONV TO | G4: DOLORES | H4: LOST | I4: RECORDED | J4: CALC | K4: TOTAL | L4: CALC | M4: DOLORES TUNNEL | Q4: LONE | R4: U | S4: TOTAL | T4: MVI | U4: DV CR | V4: BELOW | W4: REMAIN | X4: RECORDED | Y4: CALC | Z4: TOTAL | AA4: RAIN | AB4: MAX | AC4: MIN | AD4: DATE
A5: "JAN" | B5: ELEV | C5: AC FT | D5: CHANGE | E5: CAP | F5: CFS | G5: RIVER | H5: CANYON | I5: INFLOW | J5: INFLOW | K5: INFLOW | L5: INF/OTF | M5: TOT DIV | N5: WETLAND | O5: UTE F&R | P5: MVI,CTZ | Q5: PINE | R5: LAT | S5: MVI | T5: CALL | U5: CANAL | V5: MC PHEE | W5: RELEASE | X5: OUTFLOW | Y5: OUTFLOW | Z5: OUTFLOW | AB5: TMP | AC5: TMP | AD5: "JAN"
A7: SEASON BAL
A8: YTD | B8: =DEC!B40 -> 6909.93 | C8: =DEC!C40 -> 321708 | D8: =DEC!$D$49 -> -7972 | E8: =DEC!$E$40 -> 169708 | F8: =DEC!F48 -> -4019.1581 | G8: =DEC!G48 -> 3162 | H8: =DEC!H48 -> 47.06 | I8: =DEC!I48 -> 3209.06 | J8: =DEC!J48 -> 316.75852 | K8: =DEC!K48 -> 3525.8185 | L8: =DEC!L48 -> -150.34805 | M8: =DEC!M48 -> 1661.9 | ... AA8: =DEC!AA48 -> 0.38
A10: 1 | B10: 6909.93 | C10: 321708 | D10: =C10-C8 -> 0 | E10: =C10-152000 -> 169708 | F10: =D10/$D$2 -> 0 | G10: 50 | H10: 0.6 | I10: =G10+H10 -> 50.6 | J10: =IF(L10>0,L10,0) -> 6.8 | K10: =I10+J10 -> 57.4 | L10: =F10-(I10-X10) -> 6.8 | M10: 4.4 | O10: 0 | P10: =M10-(N10+O10) -> 4.4 | Q10: 0 | R10: 0 | S10: =SUM(P10:R10) -> 4.4 | U10: 0 | V10: 53 | W10: =W8-45-2 -> 3538 | X10: =N10+O10+S10+U10+V10 -> 57.4 | Y10: =IF(L10<0,L10*-1,0) -> 0 | Z10: =X10+Y10 -> 57.4 | AA10: 0.3 | AB10: 28 | AC10: 24 | AD10: 1
A11: =A10+1 -> 2 | B11: 6909.92 | C11: 321668 | D11: =C11-C10 -> -40 | E11: =C11-152000 -> 169668 | F11: =D11/$D$2 -> -20.166373 | G11: 50 | H11: 0.7 | I11: =G11+H11 -> 50.7 | J11: =IF(L11>0,L11,0) -> 0 | K11: =I11+J11 -> 50.7 | L11: =F11-(I11-X11) -> -13.466373 | M11: 4.4 | O11: 0 | P11: =M11-(N11+O11) -> 4.4 | Q11: 0 | R11: 0 | S11: =SUM(P11:R11) -> 4.4 | U11: 0 | V11: 53 | W11: =W10-45-2 -> 3491 | X11: =N11+O11+S11+U11+V11 -> 57.4 | Y11: =IF(L11<0,L11*-1,0) -> 13.466373 | Z11: =X11+Y11 -> 70.866373 | AA11: 0.13 | AB11: 28 | AC11: 22 | AD11: =AD10+1 -> 2
A12: =A11+1 -> 3 | B12: 6909.92 | C12: 321668 | D12: =C12-C11 -> 0 | E12: =C12-152000 -> 169668 | F12: =D12/$D$2 -> 0 | G12: 50 | H12: 0.68 | I12: =G12+H12 -> 50.68 | J12: =IF(L12>0,L12,0) -> 6.72 | K12: =I12+J12 -> 57.4 | L12: =F12-(I12-X12) -> 6.72 | M12: 4.4 | O12: 0 | P12: =M12-(N12+O12) -> 4.4 | Q12: 0 | R12: 0 | S12: =SUM(P12:R12) -> 4.4 | U12: 0 | V12: 53 | W12: =W11-45-2 -> 3444 | X12: =N12+O12+S12+U12+V12 -> 57.4 | Y12: =IF(L12<0,L12*-1,0) -> 0 | Z12: =X12+Y12 -> 57.4 | AA12: 0 | AB12: 20 | AC12: 5 | AD12: =AD11+1 -> 3
A13: =A12+1 -> 4 | B13: 6909.91 | C13: 321628 | D13: =C13-C12 -> -40 | E13: =C13-152000 -> 169628 | F13: =D13/$D$2 -> -20.166373 | G13: 48 | H13: 0.68 | I13: =G13+H13 -> 48.68 | J13: =IF(L13>0,L13,0) -> 0 | K13: =I13+J13 -> 48.68 | L13: =F13-(I13-X13) -> -11.446373 | M13: 4.4 | O13: 0 | P13: =M13-(N13+O13) -> 4.4 | Q13: 0 | R13: 0 | S13: =SUM(P13:R13) -> 4.4 | U13: 0 | V13: 53 | W13: =W12-45-2 -> 3397 | X13: =N13+O13+S13+U13+V13 -> 57.4 | Y13: =IF(L13<0,L13*-1,0) -> 11.446373 | Z13: =X13+Y13 -> 68.846373 | AA13: 0 | AB13: 36 | AC13: -4 | AD13: =AD12+1 -> 4
A14: =A13+1 -> 5 | B14: 6909.91 | C14: 321628 | D14: =C14-C13 -> 0 | E14: =C14-152000 -> 169628 | F14: =D14/$D$2 -> 0 | G14: 49 | H14: 0.7 | I14: =G14+H14 -> 49.7 | J14: =IF(L14>0,L14,0) -> 7.7 | K14: =I14+J14 -> 57.4 | L14: =F14-(I14-X14) -> 7.7 | M14: 4.4 | O14: 0 | P14: =M14-(N14+O14) -> 4.4 | Q14: 0 | R14: 0 | S14: =SUM(P14:R14) -> 4.4 | U14: 0 | V14: 53 | W14: =W13-45-2 -> 3350 | X14: =N14+O14+S14+U14+V14 -> 57.4 | Y14: =IF(L14<0,L14*-1,0) -> 0 | Z14: =X14+Y14 -> 57.4 | AA14: 0 | AB14: 32 | AC14: 8 | AD14: =AD13+1 -> 5
A15: =A14+1 -> 6 | B15: 6909.9 | C15: 321588 | D15: =C15-C14 -> -40 | E15: =C15-152000 -> 169588 | F15: =D15/$D$2 -> -20.166373 | G15: 50 | H15: 0.72 | I15: =G15+H15 -> 50.72 | J15: =IF(L15>0,L15,0) -> 0 | K15: =I15+J15 -> 50.72 | L15: =F15-(I15-X15) -> -13.486373 | M15: 4.4 | O15: 0 | P15: =M15-(N15+O15) -> 4.4 | Q15: 0 | R15: 0 | S15: =SUM(P15:R15) -> 4.4 | U15: 0 | V15: 53 | W15: =W14-45-2 -> 3303 | X15: =N15+O15+S15+U15+V15 -> 57.4 | Y15: =IF(L15<0,L15*-1,0) -> 13.486373 | Z15: =X15+Y15 -> 70.886373 | AA15: 0 | AB15: 40 | AC15: 2 | AD15: =AD14+1 -> 6
A16: =A15+1 -> 7 | B16: 6909.9 | C16: 321588 | D16: =C16-C15 -> 0 | E16: =C16-152000 -> 169588 | F16: =D16/$D$2 -> 0 | G16: 50 | H16: 0.74 | I16: =G16+H16 -> 50.74 | J16: =IF(L16>0,L16,0) -> 6.66 | K16: =I16+J16 -> 57.4 | L16: =F16-(I16-X16) -> 6.66 | M16: 4.4 | O16: 0 | P16: =M16-(N16+O16) -> 4.4 | Q16: 0 | R16: 0 | S16: =SUM(P16:R16) -> 4.4 | U16: 0 | V16: 53 | W16: =W15-45-2 -> 3256 | X16: =N16+O16+S16+U16+V16 -> 57.4 | Y16: =IF(L16<0,L16*-1,0) -> 0 | Z16: =X16+Y16 -> 57.4 | AA16: 0 | AB16: 39 | AC16: 2 | AD16: =AD15+1 -> 7
A17: =A16+1 -> 8 | B17: 6909.89 | C17: 321549 | D17: =C17-C16 -> -39 | E17: =C17-152000 -> 169549 | F17: =D17/$D$2 -> -19.662213 | G17: 50 | H17: 0.76 | I17: =G17+H17 -> 50.76 | J17: =IF(L17>0,L17,0) -> 0 | K17: =I17+J17 -> 50.76 | L17: =F17-(I17-X17) -> -13.022213 | M17: 4.4 | O17: 0 | P17: =M17-(N17+O17) -> 4.4 | Q17: 0 | R17: 0 | S17: =SUM(P17:R17) -> 4.4 | U17: 0 | V17: 53 | W17: =W16-45-2 -> 3209 | X17: =N17+O17+S17+U17+V17 -> 57.4 | Y17: =IF(L17<0,L17*-1,0) -> 13.022213 | Z17: =X17+Y17 -> 70.422213 | AA17: 0 | AB17: 39 | AC17: 3 | AD17: =AD16+1 -> 8
A18: =A17+1 -> 9 | B18: 6909.89 | C18: 321549 | D18: =C18-C17 -> 0 | E18: =C18-152000 -> 169549 | F18: =D18/$D$2 -> 0 | G18: 50 | H18: 0.82 | I18: =G18+H18 -> 50.82 | J18: =IF(L18>0,L18,0) -> 6.58 | K18: =I18+J18 -> 57.4 | L18: =F18-(I18-X18) -> 6.58 | M18: 4.4 | O18: 0 | P18: =M18-(N18+O18) -> 4.4 | Q18: 0 | R18: 0 | S18: =SUM(P18:R18) -> 4.4 | U18: 0 | V18: 53 | W18: =W17-45-2 -> 3162 | X18: =N18+O18+S18+U18+V18 -> 57.4 | Y18: =IF(L18<0,L18*-1,0) -> 0 | Z18: =X18+Y18 -> 57.4 | AA18: 0 | AB18: 36 | AC18: 5 | AD18: =AD17+1 -> 9
A19: =A18+1 -> 10 | B19: 6909.89 | C19: 321549 | D19: =C19-C18 -> 0 | E19: =C19-152000 -> 169549 | F19: =D19/$D$2 -> 0 | G19: 50 | H19: 0.86 | I19: =G19+H19 -> 50.86 | J19: =IF(L19>0,L19,0) -> 6.54 | K19: =I19+J19 -> 57.4 | L19: =F19-(I19-X19) -> 6.54 | M19: 4.4 | O19: 0 | P19: =M19-(N19+O19) -> 4.4 | Q19: 0 | R19: 0 | S19: =SUM(P19:R19) -> 4.4 | U19: 0 | V19: 53 | W19: =W18-45-2 -> 3115 | X19: =N19+O19+S19+U19+V19 -> 57.4 | Y19: =IF(L19<0,L19*-1,0) -> 0 | Z19: =X19+Y19 -> 57.4 | AA19: 0 | AB19: 48 | AC19: 11 | AD19: =AD18+1 -> 10
A20: =A19+1 -> 11 | B20: 6909.89 | C20: 321549 | D20: =C20-C19 -> 0 | E20: =C20-152000 -> 169549 | F20: =D20/$D$2 -> 0 | G20: 50 | H20: 0.88 | I20: =G20+H20 -> 50.88 | J20: =IF(L20>0,L20,0) -> 6.52 | K20: =I20+J20 -> 57.4 | L20: =F20-(I20-X20) -> 6.52 | M20: 4.4 | O20: 0 | P20: =M20-(N20+O20) -> 4.4 | Q20: 0 | R20: 0 | S20: =SUM(P20:R20) -> 4.4 | U20: 0 | V20: 53 | W20: =W19-45-2 -> 3068 | X20: =N20+O20+S20+U20+V20 -> 57.4 | Y20: =IF(L20<0,L20*-1,0) -> 0 | Z20: =X20+Y20 -> 57.4 | AA20: 0 | AB20: 55 | AC20: 21 | AD20: =AD19+1 -> 11
A21: =A20+1 -> 12 | B21: 6909.88 | C21: 321509 | D21: =C21-C20 -> -40 | E21: =C21-152000 -> 169509 | F21: =D21/$D$2 -> -20.166373 | G21: 50 | H21: 0.9 | I21: =G21+H21 -> 50.9 | J21: =IF(L21>0,L21,0) -> 0 | K21: =I21+J21 -> 50.9 | L21: =F21-(I21-X21) -> -13.666373 | M21: 4.4 | O21: 0 | P21: =M21-(N21+O21) -> 4.4 | Q21: 0 | R21: 0 | S21: =SUM(P21:R21) -> 4.4 | U21: 0 | V21: 53 | W21: =W20-45-2 -> 3021 | X21: =N21+O21+S21+U21+V21 -> 57.4 | Y21: =IF(L21<0,L21*-1,0) -> 13.666373 | Z21: =X21+Y21 -> 71.066373 | AA21: 0 | AB21: 50 | AC21: 22 | AD21: =AD20+1 -> 12
A22: 13 | B22: 6909.89 | C22: 321549 | D22: =C22-C21 -> 40 | E22: =C22-152000 -> 169549 | F22: =D22/$D$2 -> 20.166373 | G22: 50 | H22: 0.92 | I22: =G22+H22 -> 50.92 | J22: =IF(L22>0,L22,0) -> 21.646373 | K22: =I22+J22 -> 72.566373 | L22: =F22-(I22-X22) -> 21.646373 | M22: 4.4 | O22: 0 | P22: =M22-(N22+O22) -> 4.4 | Q22: 0 | R22: 0 | S22: =SUM(P22:R22) -> 4.4 | U22: 0 | V22: 48 | W22: =W21-45-2 -> 2974 | X22: =N22+O22+S22+U22+V22 -> 52.4 | Y22: =IF(L22<0,L22*-1,0) -> 0 | Z22: =X22+Y22 -> 52.4 | AA22: 0 | AB22: 51 | AC22: 20 | AD22: =AD21+1 -> 13
A23: =A22+1 -> 14 | B23: 6909.9 | C23: 321588 | D23: =C23-C22 -> 39 | E23: =C23-152000 -> 169588 | F23: =D23/$D$2 -> 19.662213 | G23: 49 | H23: 0.96 | I23: =G23+H23 -> 49.96 | J23: =IF(L23>0,L23,0) -> 19.102213 | K23: =I23+J23 -> 69.062213 | L23: =F23-(I23-X23) -> 19.102213 | M23: 4.4 | O23: 0 | P23: =M23-(N23+O23) -> 4.4 | Q23: 0 | R23: 0 | S23: =SUM(P23:R23) -> 4.4 | U23: 0 | V23: 45 | W23: =W22-V23 -> 2929 | X23: =N23+O23+S23+U23+V23 -> 49.4 | Y23: =IF(L23<0,L23*-1,0) -> 0 | Z23: =X23+Y23 -> 49.4 | AA23: 0 | AB23: 50 | AC23: 23 | AD23: =AD22+1 -> 14
A24: =A23+1 -> 15 | B24: 6909.91 | C24: 321628 | D24: =C24-C23 -> 40 | E24: =C24-152000 -> 169628 | F24: =D24/$D$2 -> 20.166373 | G24: 48 | H24: 1.1 | I24: =G24+H24 -> 49.1 | J24: =IF(L24>0,L24,0) -> 20.466373 | K24: =I24+J24 -> 69.566373 | L24: =F24-(I24-X24) -> 20.466373 | M24: 4.4 | O24: 0 | P24: =M24-(N24+O24) -> 4.4 | Q24: 0 | R24: 0 | S24: =SUM(P24:R24) -> 4.4 | U24: 0 | V24: 45 | W24: =W23-V24 -> 2884 | X24: =N24+O24+S24+U24+V24 -> 49.4 | Y24: =IF(L24<0,L24*-1,0) -> 0 | Z24: =X24+Y24 -> 49.4 | AA24: 0 | AB24: 58 | AC24: 22 | AD24: =AD23+1 -> 15
A25: =A24+1 -> 16 | B25: 6909.92 | C25: 321668 | D25: =C25-C24 -> 40 | E25: =C25-152000 -> 169668 | F25: =D25/$D$2 -> 20.166373 | G25: 49 | H25: 1.4 | I25: =G25+H25 -> 50.4 | J25: =IF(L25>0,L25,0) -> 19.166373 | K25: =I25+J25 -> 69.566373 | L25: =F25-(I25-X25) -> 19.166373 | M25: 4.4 | O25: 0 | P25: =M25-(N25+O25) -> 4.4 | Q25: 0 | R25: 0 | S25: =SUM(P25:R25) -> 4.4 | U25: 0 | V25: 45 | W25: =W24-V25 -> 2839 | X25: =N25+O25+S25+U25+V25 -> 49.4 | Y25: =IF(L25<0,L25*-1,0) -> 0 | Z25: =X25+Y25 -> 49.4 | AA25: 0 | AB25: 60 | AC25: 28 | AD25: =AD24+1 -> 16
A26: =A25+1 -> 17 | B26: 6909.93 | C26: 321708 | D26: =C26-C25 -> 40 | E26: =C26-152000 -> 169708 | F26: =D26/$D$2 -> 20.166373 | G26: 50 | H26: 1.7 | I26: =G26+H26 -> 51.7 | J26: =IF(L26>0,L26,0) -> 17.666373 | K26: =I26+J26 -> 69.366373 | L26: =F26-(I26-X26) -> 17.666373 | M26: 4.2 | O26: 0 | P26: =M26-(N26+O26) -> 4.2 | Q26: 0 | R26: 0 | S26: =SUM(P26:R26) -> 4.2 | U26: 0 | V26: 45 | W26: =W25-V26 -> 2794 | X26: =N26+O26+S26+U26+V26 -> 49.2 | Y26: =IF(L26<0,L26*-1,0) -> 0 | Z26: =X26+Y26 -> 49.2 | AA26: 0 | AB26: 45 | AC26: 36 | AD26: =AD25+1 -> 17
A27: =A26+1 -> 18 | B27: 6909.93 | C27: 321708 | D27: =C27-C26 -> 0 | E27: =C27-152000 -> 169708 | F27: =D27/$D$2 -> 0 | G27: 50 | H27: 1.8 | I27: =G27+H27 -> 51.8 | J27: =IF(L27>0,L27,0) -> 7.2 | K27: =I27+J27 -> 59 | L27: =F27-(I27-X27) -> 7.2 | M27: 14 | N27: 10.08 | O27: 0 | P27: =M27-(N27+O27) -> 3.92 | Q27: 0 | R27: 0 | S27: =SUM(P27:R27) -> 3.92 | U27: 0 | V27: 45 | W27: =W26-V27 -> 2749 | X27: =N27+O27+S27+U27+V27 -> 59 | Y27: =IF(L27<0,L27*-1,0) -> 0 | Z27: =X27+Y27 -> 59 | AA27: 0 | AB27: 50 | AC27: 37 | AD27: =AD26+1 -> 18
A28: =A27+1 -> 19 | B28: 6909.94 | C28: 321748 | D28: =C28-C27 -> 40 | E28: =C28-152000 -> 169748 | F28: =D28/$D$2 -> 20.166373 | G28: 50 | H28: 1.4 | I28: =G28+H28 -> 51.4 | J28: =IF(L28>0,L28,0) -> 19.766373 | K28: =I28+J28 -> 71.166373 | L28: =F28-(I28-X28) -> 19.766373 | M28: 6 | N28: 2.03 | O28: 0 | P28: =M28-(N28+O28) -> 3.97 | Q28: 0 | R28: 0 | S28: =SUM(P28:R28) -> 3.97 | U28: 0 | V28: 45 | W28: =W27-V28 -> 2704 | X28: =N28+O28+S28+U28+V28 -> 51 | Y28: =IF(L28<0,L28*-1,0) -> 0 | Z28: =X28+Y28 -> 51 | AA28: 0 | AB28: 56 | AC28: 28 | AD28: =AD27+1 -> 19
A29: =A28+1 -> 20 | B29: 6909.94 | C29: 321748 | D29: =C29-C28 -> 0 | E29: =C29-152000 -> 169748 | F29: =D29/$D$2 -> 0 | G29: 50 | H29: 1.3 | I29: =G29+H29 -> 51.3 | J29: =IF(L29>0,L29,0) -> 3.6 | K29: =I29+J29 -> 54.9 | L29: =F29-(I29-X29) -> 3.6 | M29: 9.9 | N29: 4.64 | O29: 0 | P29: =M29-(N29+O29) -> 5.26 | Q29: 0 | R29: 0 | S29: =SUM(P29:R29) -> 5.26 | U29: 0 | V29: 45 | W29: =W28-V29 -> 2659 | X29: =N29+O29+S29+U29+V29 -> 54.9 | Y29: =IF(L29<0,L29*-1,0) -> 0 | Z29: =X29+Y29 -> 54.9 | AA29: 0 | AB29: 48 | AC29: 30 | AD29: =AD28+1 -> 20
A30: =A29+1 -> 21 | B30: 6909.94 | C30: 321748 | D30: =C30-C29 -> 0 | E30: =C30-152000 -> 169748 | F30: =D30/$D$2 -> 0 | G30: 50 | H30: 1.2 | I30: =G30+H30 -> 51.2 | J30: =IF(L30>0,L30,0) -> 4.8 | K30: =I30+J30 -> 56 | L30: =F30-(I30-X30) -> 4.8 | M30: 11 | N30: 7.42 | O30: 0 | P30: =M30-(N30+O30) -> 3.58 | Q30: 0 | R30: 0 | S30: =SUM(P30:R30) -> 3.58 | U30: 0 | V30: 45 | W30: =W29-V30 -> 2614 | X30: =N30+O30+S30+U30+V30 -> 56 | Y30: =IF(L30<0,L30*-1,0) -> 0 | Z30: =X30+Y30 -> 56 | AA30: 0 | AB30: 50 | AC30: 33 | AD30: =AD29+1 -> 21
A31: =A30+1 -> 22 | B31: 6909.95 | C31: 321787 | D31: =C31-C30 -> 39 | E31: =C31-152000 -> 169787 | F31: =D31/$D$2 -> 19.662213 | G31: 50 | H31: 1.1 | I31: =G31+H31 -> 51.1 | J31: =IF(L31>0,L31,0) -> 24.562213 | K31: =I31+J31 -> 75.662213 | L31: =F31-(I31-X31) -> 24.562213 | M31: 11 | N31: 7.42 | O31: 0 | P31: =M31-(N31+O31) -> 3.58 | Q31: 0 | R31: 0 | S31: =SUM(P31:R31) -> 3.58 | U31: 0 | V31: 45 | W31: =W30-V31 -> 2569 | X31: =N31+O31+S31+U31+V31 -> 56 | Y31: =IF(L31<0,L31*-1,0) -> 0 | Z31: =X31+Y31 -> 56 | AA31: 0 | AB31: 50 | AC31: 24 | AD31: =AD30+1 -> 22
A32: =A31+1 -> 23 | B32: 6909.95 | C32: 321787 | D32: =C32-C31 -> 0 | E32: =C32-152000 -> 169787 | F32: =D32/$D$2 -> 0 | G32: 48 | H32: 1 | I32: =G32+H32 -> 49 | J32: =IF(L32>0,L32,0) -> 7 | K32: =I32+J32 -> 56 | L32: =F32-(I32-X32) -> 7 | M32: 11 | N32: 7.42 | O32: 0 | P32: =M32-(N32+O32) -> 3.58 | Q32: 0 | R32: 0 | S32: =SUM(P32:R32) -> 3.58 | U32: 0 | V32: 45 | W32: =W31-V32 -> 2524 | X32: =N32+O32+S32+U32+V32 -> 56 | Y32: =IF(L32<0,L32*-1,0) -> 0 | Z32: =X32+Y32 -> 56 | AA32: 0 | AB32: 52 | AC32: 20 | AD32: =AD31+1 -> 23
A33: =A32+1 -> 24 | B33: 6909.98 | C33: 321907 | D33: =C33-C32 -> 120 | E33: =C33-152000 -> 169907 | F33: =D33/$D$2 -> 60.499118 | G33: 49 | H33: 1.4 | I33: =G33+H33 -> 50.4 | J33: =IF(L33>0,L33,0) -> 66.099118 | K33: =I33+J33 -> 116.49912 | L33: =F33-(I33-X33) -> 66.099118 | M33: 11 | N33: 7.42 | O33: 0 | P33: =M33-(N33+O33) -> 3.58 | Q33: 0 | R33: 0 | S33: =SUM(P33:R33) -> 3.58 | U33: 0 | V33: 45 | W33: =W32-V33 -> 2479 | X33: =N33+O33+S33+U33+V33 -> 56 | Y33: =IF(L33<0,L33*-1,0) -> 0 | Z33: =X33+Y33 -> 56 | AA33: 0.04 | AB33: 36 | AC33: 30 | AD33: =AD32+1 -> 24
A34: =A33+1 -> 25 | B34: 6910.02 | C34: 322067 | D34: =C34-C33 -> 160 | E34: =C34-152000 -> 170067 | F34: =D34/$D$2 -> 80.66549 | G34: 50 | H34: 1.5 | I34: =G34+H34 -> 51.5 | J34: =IF(L34>0,L34,0) -> 85.16549 | K34: =I34+J34 -> 136.66549 | L34: =F34-(I34-X34) -> 85.16549 | M34: 11 | N34: 6.9 | O34: 0 | P34: =M34-(N34+O34) -> 4.1 | Q34: 0 | R34: 0 | S34: =SUM(P34:R34) -> 4.1 | U34: 0 | V34: 45 | W34: =W33-V34 -> 2434 | X34: =N34+O34+S34+U34+V34 -> 56 | Y34: =IF(L34<0,L34*-1,0) -> 0 | Z34: =X34+Y34 -> 56 | AA34: 0.37 | AB34: 37 | AC34: 29 | AD34: =AD33+1 -> 25
A35: =A34+1 -> 26 | B35: 6910.07 | C35: 322267 | D35: =C35-C34 -> 200 | E35: =C35-152000 -> 170267 | F35: =D35/$D$2 -> 100.83186 | G35: 50 | H35: 1.8 | I35: =G35+H35 -> 51.8 | J35: =IF(L35>0,L35,0) -> 105.03186 | K35: =I35+J35 -> 156.83186 | L35: =F35-(I35-X35) -> 105.03186 | M35: 12 | N35: 7.93 | O35: 0 | P35: =M35-(N35+O35) -> 4.07 | Q35: 0 | R35: 0 | S35: =SUM(P35:R35) -> 4.07 | U35: 0 | V35: 44 | W35: =W34-V35 -> 2390 | X35: =N35+O35+S35+U35+V35 -> 56 | Y35: =IF(L35<0,L35*-1,0) -> 0 | Z35: =X35+Y35 -> 56 | AA35: 0.37 | AB35: 42 | AC35: 24 | AD35: =AD34+1 -> 26
A36: =A35+1 -> 27 | B36: 6910.06 | C36: 322227 | D36: =C36-C35 -> -40 | E36: =C36-152000 -> 170227 | F36: =D36/$D$2 -> -20.166373 | G36: 50 | H36: 2.2 | I36: =G36+H36 -> 52.2 | J36: =IF(L36>0,L36,0) -> 0 | K36: =I36+J36 -> 52.2 | L36: =F36-(I36-X36) -> -18.546373 | M36: 9.82 | N36: 5.12 | O36: 0 | P36: =M36-(N36+O36) -> 4.7 | Q36: 0 | R36: 0 | S36: =SUM(P36:R36) -> 4.7 | U36: 0 | V36: 44 | W36: =W35-V36 -> 2346 | X36: =N36+O36+S36+U36+V36 -> 53.82 | Y36: =IF(L36<0,L36*-1,0) -> 18.546373 | Z36: =X36+Y36 -> 72.366373 | AA36: 0 | AB36: 34 | AC36: 18 | AD36: =AD35+1 -> 27
A37: =A36+1 -> 28 | B37: 6910.05 | C37: 322187 | D37: =C37-C36 -> -40 | E37: =C37-152000 -> 170187 | F37: =D37/$D$2 -> -20.166373 | G37: 50 | H37: 1.6 | I37: =G37+H37 -> 51.6 | J37: =IF(L37>0,L37,0) -> 0 | K37: =I37+J37 -> 51.6 | L37: =F37-(I37-X37) -> -21.116373 | M37: 6.65 | O37: 0 | P37: =M37-(N37+O37) -> 6.65 | Q37: 0 | R37: 0 | S37: =SUM(P37:R37) -> 6.65 | U37: 0 | V37: 44 | W37: =W36-V37 -> 2302 | X37: =N37+O37+S37+U37+V37 -> 50.65 | Y37: =IF(L37<0,L37*-1,0) -> 21.116373 | Z37: =X37+Y37 -> 71.766373 | AA37: 0 | AB37: 35 | AC37: 10 | AD37: =AD36+1 -> 28
A38: =A37+1 -> 29 | B38: 6910.06 | C38: 322227 | D38: =C38-C37 -> 40 | E38: =C38-152000 -> 170227 | F38: =D38/$D$2 -> 20.166373 | G38: 48 | H38: 1.4 | I38: =G38+H38 -> 49.4 | J38: =IF(L38>0,L38,0) -> 21.056373 | K38: =I38+J38 -> 70.456373 | L38: =F38-(I38-X38) -> 21.056373 | M38: 6.29 | O38: 0 | P38: =M38-(N38+O38) -> 6.29 | Q38: 0 | R38: 0 | S38: =SUM(P38:R38) -> 6.29 | U38: 0 | V38: 44 | W38: =W37-V38 -> 2258 | X38: =N38+O38+S38+U38+V38 -> 50.29 | Y38: =IF(L38<0,L38*-1,0) -> 0 | Z38: =X38+Y38 -> 50.29 | AA38: 0 | AB38: 40 | AC38: 11 | AD38: =AD37+1 -> 29
A39: 30 | B39: 6910.07 | C39: 322267 | D39: =C39-C38 -> 40 | E39: =C39-152000 -> 170267 | F39: =D39/$D$2 -> 20.166373 | G39: 49 | H39: 1.3 | I39: =G39+H39 -> 50.3 | J39: =IF(L39>0,L39,0) -> 20.156373 | K39: =I39+J39 -> 70.456373 | L39: =F39-(I39-X39) -> 20.156373 | M39: 6.29 | O39: 0 | P39: =M39-(N39+O39) -> 6.29 | Q39: 0 | R39: 0 | S39: =SUM(P39:R39) -> 6.29 | U39: 0 | V39: 44 | W39: =W38-V39 -> 2214 | X39: =N39+O39+S39+U39+V39 -> 50.29 | Y39: =IF(L39<0,L39*-1,0) -> 0 | Z39: =X39+Y39 -> 50.29 | AA39: 0 | AB39: 42 | AC39: 11 | AD39: 30
A40: 31 | B40: 6910.07 | C40: 322267 | D40: =C40-C39 -> 0 | E40: =C40-152000 -> 170267 | F40: =D40/$D$2 -> 0 | G40: 50 | H40: 1.2 | I40: =G40+H40 -> 51.2 | J40: =IF(L40>0,L40,0) -> 0 | K40: =I40+J40 -> 51.2 | L40: =F40-(I40-X40) -> -1.69 | M40: 5.51 | O40: 0 | P40: =M40-(N40+O40) -> 5.51 | Q40: 0 | R40: 0 | S40: =SUM(P40:R40) -> 5.51 | U40: 0 | V40: 44 | W40: =W39-V40 -> 2170 | X40: =N40+O40+S40+U40+V40 -> 49.51 | Y40: =IF(L40<0,L40*-1,0) -> 1.69 | Z40: =X40+Y40 -> 51.2 | AA40: 0.15 | AB40: 31 | AC40: 26 | AD40: 31
AB41: 39
A42: MONTH / CFS | F42: =SUM(F10:F40) -> 281.82506 | G42: =SUM(G10:G40) -> 1537 | H42: =SUM(H10:H40) -> 35.32 | I42: =SUM(I10:I40) -> 1572.32 | J42: =SUM(J10:J40) -> 510.00551 | K42: =SUM(K10:K40) -> 2082.3255 | L42: =SUM(L10:L40) -> 403.56506 | M42: =SUM(M10:M40) -> 206.06 | ... S42: =SUM(S10:S40) -> 139.68 | U42: =SUM(U10:U40) -> 0 | V42: =SUM(V10:V40) -> 1488 | X42: =SUM(X10:X40) -> 1694.06 | Y42: =SUM(Y10:Y40) -> 106.44045 | Z42: =SUM(Z10:Z40) -> 1800.5004 | AA42: =SUM(AA10:AA40) -> 1.36 | AB42: =AVERAGE(AB10:AB40) -> 42.516129 | AC42: =AVERAGE(AC10:AC40) -> 18.741935 | AD42: AVE
A43: MONTH / AF | D43: =SUM(D10:D40) -> 559 | F43: =F42*$D$2 -> 559 | G43: =G42*$D$2 -> 3048.6395 | H43: =H42*$D$2 -> 70.05722 | I43: =I42*$D$2 -> 3118.6967 | J43: =J42*$D$2 -> 1011.5959 | K43: =K42*$D$2 -> 4130.2926 | L43: =L42*$D$2 -> 800.47129 | M43: =M42*$D$2 -> 408.72001 | ... S43: =S42*$D$2 -> 277.05528 | U43: =U42*$D$2 -> 0 | V43: =V42*$D$2 -> 2951.448 | X43: =X42*$D$2 -> 3360.168 | Y43: =Y42*$D$2 -> 211.12463 | Z43: =Z42*$D$2 -> 3571.2926 | AB43: =MAX(AB10:AB40) -> 60 | AC43: =MAX(AC10:AC40) -> 37 | AD43: HI
A45: SEASON / CFS | AB45: =MIN(AB10:AB40) -> 20 | AC45: =MIN(AC10:AC40) -> -4 | AD45: LO
A46: SEASON / AF
A48: YTD / CFS | F48: =F8+F42 -> -3737.333 | G48: =G8+G42 -> 4699 | H48: =H8+H42 -> 82.38 | I48: =I8+I42 -> 4781.38 | J48: =J8+J42 -> 826.76403 | K48: =K8+K42 -> 5608.144 | L48: =L8+L42 -> 253.217 | M48: =M8+M42 -> 1867.96 | ... S48: =S8+S42 -> 2964.2395 | U48: =U8+U42 -> 0 | V48: =V8+V42 -> 5299.97 | W48: =W40 -> 2170 | X48: =X8+X42 -> 8771.93 | Y48: =Y8+Y42 -> 573.54702 | Z48: =Z8+Z42 -> 9345.477 | AA48: =AA8+AA42 -> 1.74
A49: YTD / AF | D49: =D8+D43 -> -7413 | E49: =E40 -> 170267 | F49: =F48*$D$2 -> -7413 | G49: =G48*$D$2 -> 9320.4665 | H49: =H48*$D$2 -> 163.40073 | I49: =I48*$D$2 -> 9483.8672 | J49: =J48*$D$2 -> 1639.8864 | K49: =K48*$D$2 -> 11123.754 | L49: =L48*$D$2 -> 502.25592 | M49: =M48*$D$2 -> 3705.0987 | ... V49: =V48*$D$2 -> 10512.49 | W49: =W40*$D$2 -> 4304.195 | X49: =X48*$D$2 -> 17399.123 | Y49: =Y48*$D$2 -> 1137.6305 | Z49: =Z48*$D$2 -> 18536.754
W51: 2615
W52: =W49-W51 -> 1689.195

Sheet FEB
K1: MC PHEE RESERVOIR IN/OUT FLOW TABULATION
A2: AF/cfs CONVERT FACTOR | D2: 1.9835 | K2: FEBRUARY "2000"
A4: DATE | B4: RESERV | C4: RESERV | D4: AC FT | E4: ACTIVE | F4: CONV TO | G4: DOLORES | H4: LOST | I4: RECORDED | J4: CALC | K4: TOTAL | L4: CALC | M4: DOLORES TUNNEL | Q4: LONE | R4: U | S4: TOTAL | T4: MVI | U4: DV CR | V4: BELOW | W4: REMAIN | X4: RECORDED | Y4: CALC | Z4: TOTAL | AA4: RAIN | AB4: MAX | AC4: MIN | AD4: DATE
A5: FEB | B5: ELEV | C5: AC FT | D5: CHANGE | E5: CAP | F5: CFS | G5: RIVER | H5: CANYON | I5: INFLOW | J5: INFLOW | K5: INFLOW | L5: INF/OTF | M5: TOT DIV | N5: WETLAND | O5: UTE F&R | P5: MVI,CTZ | Q5: PINE | R5: LAT | S5: MVI | T5: CALL | U5: CANAL | V5: MC PHEE | W5: RELEASE | X5: OUTFLOW | Y5: OUTFLOW | Z5: OUTFLOW | AB5: TMP | AC5: TMP | AD5: FEB
A7: SEASON BAL
A8: YTD | B8: =JAN!B40 -> 6910.07 | C8: =JAN!C40 -> 322267 | D8: =JAN!$D$49 -> -7413 | E8: =JAN!$E$40 -> 170267 | F8: =JAN!F48 -> -3737.333 | G8: =JAN!G48 -> 4699 | H8: =JAN!H48 -> 82.38 | I8: =JAN!I48 -> 4781.38 | J8: =JAN!J48 -> 826.76403 | K8: =JAN!K48 -> 5608.144 | L8: =JAN!L48 -> 253.217 | M8: =JAN!M48 -> 1867.96 | ... AA8: =JAN!AA48 -> 1.74
A10: 1 | B10: 6910.08 | C10: 322307 | D10: =C10-C8 -> 40 | E10: =C10-152000 -> 170307 | F10: =D10/$D$2 -> 20.166373 | G10: 51 | H10: 1.2 | I10: =G10+H10 -> 52.2 | J10: =IF(L10>0,L10,0) -> 16.466373 | K10: =I10+J10 -> 68.666373 | L10: =F10-(I10-X10) -> 16.466373 | M10: 4.5 | N10: 0 | O10: 0 | P10: =M10-(N10+O10) -> 4.5 | Q10: 0 | R10: 0 | S10: =SUM(P10:R10) -> 4.5 | U10: 0 | V10: 44 | W10: =W8-40-2 -> 2128 | X10: =N10+O10+S10+U10+V10 -> 48.5 | Y10: =IF(L10<0,L10*-1,0) -> 0 | Z10: =X10+Y10 -> 48.5 | AA10: 0 | AB10: 46 | AC10: 10 | AD10: 1
A11: =A10+1 -> 2 | B11: 6910.08 | C11: 322307 | D11: =C11-C10 -> 0 | E11: =C11-152000 -> 170307 | F11: =D11/$D$2 -> 0 | G11: 50 | H11: 1.2 | I11: =G11+H11 -> 51.2 | J11: =IF(L11>0,L11,0) -> 0 | K11: =I11+J11 -> 51.2 | L11: =F11-(I11-X11) -> -4.3 | M11: 3.9 | N11: 0 | O11: 0 | P11: =M11-(N11+O11) -> 3.9 | Q11: 0 | R11: 0 | S11: =SUM(P11:R11) -> 3.9 | U11: 0 | V11: 43 | W11: =W10-40-2 -> 2086 | X11: =N11+O11+S11+U11+V11 -> 46.9 | Y11: =IF(L11<0,L11*-1,0) -> 4.3 | Z11: =X11+Y11 -> 51.2 | AA11: 0 | AB11: 48 | AC11: 8 | AD11: =AD10+1 -> 2
A12: =A11+1 -> 3 | B12: 6910.09 | C12: 322348 | D12: =C12-C11 -> 41 | E12: =C12-152000 -> 170348 | F12: =D12/$D$2 -> 20.670532 | G12: 51 | H12: 1.2 | I12: =G12+H12 -> 52.2 | J12: =IF(L12>0,L12,0) -> 15.170532 | K12: =I12+J12 -> 67.370532 | L12: =F12-(I12-X12) -> 15.170532 | M12: 3.7 | N12: 0 | O12: 0 | P12: =M12-(N12+O12) -> 3.7 | Q12: 0 | R12: 0 | S12: =SUM(P12:R12) -> 3.7 | U12: 0 | V12: 43 | W12: =W11-40-2 -> 2044 | X12: =N12+O12+S12+U12+V12 -> 46.7 | Y12: =IF(L12<0,L12*-1,0) -> 0 | Z12: =X12+Y12 -> 46.7 | AA12: 0 | AB12: 50 | AC12: 22 | AD12: =AD11+1 -> 3
A13: =A12+1 -> 4 | B13: 6910.1 | C13: 322388 | D13: =C13-C12 -> 40 | E13: =C13-152000 -> 170388 | F13: =D13/$D$2 -> 20.166373 | G13: 52 | H13: 1.2 | I13: =G13+H13 -> 53.2 | J13: =IF(L13>0,L13,0) -> 13.666373 | K13: =I13+J13 -> 66.866373 | L13: =F13-(I13-X13) -> 13.666373 | M13: 3.7 | N13: 0 | O13: 0 | P13: =M13-(N13+O13) -> 3.7 | Q13: 0 | R13: 0 | S13: =SUM(P13:R13) -> 3.7 | U13: 0 | V13: 43 | W13: =W12-40-2 -> 2002 | X13: =N13+O13+S13+U13+V13 -> 46.7 | Y13: =IF(L13<0,L13*-1,0) -> 0 | Z13: =X13+Y13 -> 46.7 | AA13: 0 | AB13: 47 | AC13: 24 | AD13: =AD12+1 -> 4
A14: =A13+1 -> 5 | B14: 6910.1 | C14: 322388 | D14: =C14-C13 -> 0 | E14: =C14-152000 -> 170388 | F14: =D14/$D$2 -> 0 | G14: 52 | H14: 1.2 | I14: =G14+H14 -> 53.2 | J14: =IF(L14>0,L14,0) -> 0 | K14: =I14+J14 -> 53.2 | L14: =F14-(I14-X14) -> -6.5 | M14: 3.7 | N14: 0 | O14: 0 | P14: =M14-(N14+O14) -> 3.7 | Q14: 0 | R14: 0 | S14: =SUM(P14:R14) -> 3.7 | U14: 0 | V14: 43 | W14: =W13-40-2 -> 1960 | X14: =N14+O14+S14+U14+V14 -> 46.7 | Y14: =IF(L14<0,L14*-1,0) -> 6.5 | Z14: =X14+Y14 -> 53.2 | AA14: 0 | AB14: 52 | AC14: 23 | AD14: =AD13+1 -> 5
A15: =A14+1 -> 6 | B15: 6910.11 | C15: 322428 | D15: =C15-C14 -> 40 | E15: =C15-152000 -> 170428 | F15: =D15/$D$2 -> 20.166373 | G15: 52 | H15: 1.1 | I15: =G15+H15 -> 53.1 | J15: =IF(L15>0,L15,0) -> 13.866373 | K15: =I15+J15 -> 66.966373 | L15: =F15-(I15-X15) -> 13.866373 | M15: 3.8 | N15: 0 | O15: 0 | P15: =M15-(N15+O15) -> 3.8 | Q15: 0 | R15: 0 | S15: =SUM(P15:R15) -> 3.8 | U15: 0 | V15: 43 | W15: =W14-40-2 -> 1918 | X15: =N15+O15+S15+U15+V15 -> 46.8 | Y15: =IF(L15<0,L15*-1,0) -> 0 | Z15: =X15+Y15 -> 46.8 | AA15: 0 | AB15: 58 | AC15: 26 | AD15: =AD14+1 -> 6
A16: =A15+1 -> 7 | B16: 6910.11 | C16: 322428 | D16: =C16-C15 -> 0 | E16: =C16-152000 -> 170428 | F16: =D16/$D$2 -> 0 | G16: 52 | H16: 1.1 | I16: =G16+H16 -> 53.1 | J16: =IF(L16>0,L16,0) -> 0 | K16: =I16+J16 -> 53.1 | L16: =F16-(I16-X16) -> -6 | M16: 4.1 | N16: 0 | O16: 0 | P16: =M16-(N16+O16) -> 4.1 | Q16: 0 | R16: 0 | S16: =SUM(P16:R16) -> 4.1 | U16: 0 | V16: 43 | W16: =W15-40-2 -> 1876 | X16: =N16+O16+S16+U16+V16 -> 47.1 | Y16: =IF(L16<0,L16*-1,0) -> 6 | Z16: =X16+Y16 -> 53.1 | AA16: 0 | AB16: 50 | AC16: 26 | AD16: =AD15+1 -> 7
A17: =A16+1 -> 8 | B17: 6910.12 | C17: 322468 | D17: =C17-C16 -> 40 | E17: =C17-152000 -> 170468 | F17: =D17/$D$2 -> 20.166373 | G17: 53 | H17: 1.2 | I17: =G17+H17 -> 54.2 | J17: =IF(L17>0,L17,0) -> 12.066373 | K17: =I17+J17 -> 66.266373 | L17: =F17-(I17-X17) -> 12.066373 | M17: 4.1 | N17: 0 | O17: 0 | P17: =M17-(N17+O17) -> 4.1 | Q17: 0 | R17: 0 | S17: =SUM(P17:R17) -> 4.1 | U17: 0 | V17: 42 | W17: =W16-V17 -> 1834 | X17: =N17+O17+S17+U17+V17 -> 46.1 | Y17: =IF(L17<0,L17*-1,0) -> 0 | Z17: =X17+Y17 -> 46.1 | AA17: 0 | AB17: 59 | AC17: 24 | AD17: =AD16+1 -> 8
A18: =A17+1 -> 9 | B18: 6910.12 | C18: 322468 | D18: =C18-C17 -> 0 | E18: =C18-152000 -> 170468 | F18: =D18/$D$2 -> 0 | G18: 55 | H18: 1.4 | I18: =G18+H18 -> 56.4 | J18: =IF(L18>0,L18,0) -> 0 | K18: =I18+J18 -> 56.4 | L18: =F18-(I18-X18) -> -11.3 | M18: 4.1 | N18: 0 | O18: 0 | P18: =M18-(N18+O18) -> 4.1 | Q18: 0 | R18: 0 | S18: =SUM(P18:R18) -> 4.1 | U18: 0 | V18: 41 | W18: =W17-V18 -> 1793 | X18: =N18+O18+S18+U18+V18 -> 45.1 | Y18: =IF(L18<0,L18*-1,0) -> 11.3 | Z18: =X18+Y18 -> 56.4 | AA18: 0 | AB18: 45 | AC18: 25 | AD18: =AD17+1 -> 9
A19: =A18+1 -> 10 | B19: 6910.15 | C19: 322588 | D19: =C19-C18 -> 120 | E19: =C19-152000 -> 170588 | F19: =D19/$D$2 -> 60.499118 | G19: 55 | H19: 1.6 | I19: =G19+H19 -> 56.6 | J19: =IF(L19>0,L19,0) -> 48.999118 | K19: =I19+J19 -> 105.59912 | L19: =F19-(I19-X19) -> 48.999118 | M19: 4.1 | N19: 0 | O19: 0 | P19: =M19-(N19+O19) -> 4.1 | Q19: 0 | R19: 0 | S19: =SUM(P19:R19) -> 4.1 | U19: 0 | V19: 41 | W19: =W18-V19 -> 1752 | X19: =N19+O19+S19+U19+V19 -> 45.1 | Y19: =IF(L19<0,L19*-1,0) -> 0 | Z19: =X19+Y19 -> 45.1 | AA19: 0.21 | AB19: 47 | AC19: 34 | AD19: =AD18+1 -> 10
A20: =A19+1 -> 11 | B20: 6910.17 | C20: 322669 | D20: =C20-C19 -> 81 | E20: =C20-152000 -> 170669 | F20: =D20/$D$2 -> 40.836904 | G20: 54 | H20: 1.5 | I20: =G20+H20 -> 55.5 | J20: =IF(L20>0,L20,0) -> 30.436904 | K20: =I20+J20 -> 85.936904 | L20: =F20-(I20-X20) -> 30.436904 | M20: 4.1 | N20: 0 | O20: 0 | P20: =M20-(N20+O20) -> 4.1 | Q20: 0 | R20: 0 | S20: =SUM(P20:R20) -> 4.1 | U20: 0 | V20: 41 | W20: =W19-V20 -> 1711 | X20: =N20+O20+S20+U20+V20 -> 45.1 | Y20: =IF(L20<0,L20*-1,0) -> 0 | Z20: =X20+Y20 -> 45.1 | AA20: 0 | AB20: 44 | AC20: 33 | AD20: =AD19+1 -> 11
A21: =A20+1 -> 12 | B21: 6910.21 | C21: 322829 | D21: =C21-C20 -> 160 | E21: =C21-152000 -> 170829 | F21: =D21/$D$2 -> 80.66549 | G21: 53 | H21: 1.4 | I21: =G21+H21 -> 54.4 | J21: =IF(L21>0,L21,0) -> 71.36549 | K21: =I21+J21 -> 125.76549 | L21: =F21-(I21-X21) -> 71.36549 | M21: 4.1 | N21: 0 | O21: 0 | P21: =M21-(N21+O21) -> 4.1 | Q21: 0 | R21: 0 | S21: =SUM(P21:R21) -> 4.1 | U21: 0 | V21: 41 | W21: =W20-V21 -> 1670 | X21: =N21+O21+S21+U21+V21 -> 45.1 | Y21: =IF(L21<0,L21*-1,0) -> 0 | Z21: =X21+Y21 -> 45.1 | AA21: 0.45 | AB21: 40 | AC21: 32 | AD21: =AD20+1 -> 12
A22: =A21+1 -> 13 | B22: 6910.23 | C22: 322909 | D22: =C22-C21 -> 80 | E22: =C22-152000 -> 170909 | F22: =D22/$D$2 -> 40.332745 | G22: 55 | H22: 1.4 | I22: =G22+H22 -> 56.4 | J22: =IF(L22>0,L22,0) -> 29.032745 | K22: =I22+J22 -> 85.432745 | L22: =F22-(I22-X22) -> 29.032745 | M22: 4.1 | N22: 0 | O22: 0 | P22: =M22-(N22+O22) -> 4.1 | Q22: 0 | R22: 0 | S22: =SUM(P22:R22) -> 4.1 | U22: 0 | V22: 41 | W22: =W21-V22 -> 1629 | X22: =N22+O22+S22+U22+V22 -> 45.1 | Y22: =IF(L22<0,L22*-1,0) -> 0 | Z22: =X22+Y22 -> 45.1 | AA22: 0 | AB22: 39 | AC22: 27 | AD22: =AD21+1 -> 13
A23: =A22+1 -> 14 | B23: 6910.25 | C23: 322990 | D23: =C23-C22 -> 81 | E23: =C23-152000 -> 170990 | F23: =D23/$D$2 -> 40.836904 | G23: 56 | H23: 1.4 | I23: =G23+H23 -> 57.4 | J23: =IF(L23>0,L23,0) -> 28.536904 | K23: =I23+J23 -> 85.936904 | L23: =F23-(I23-X23) -> 28.536904 | M23: 4.1 | N23: 0 | O23: 0 | P23: =M23-(N23+O23) -> 4.1 | Q23: 0 | R23: 0 | S23: =SUM(P23:R23) -> 4.1 | U23: 0 | V23: 41 | W23: =W22-V23 -> 1588 | X23: =N23+O23+S23+U23+V23 -> 45.1 | Y23: =IF(L23<0,L23*-1,0) -> 0 | Z23: =X23+Y23 -> 45.1 | AA23: 0 | AB23: 41 | AC23: 32 | AD23: =AD22+1 -> 14
A24: =A23+1 -> 15 | B24: 6910.27 | C24: 323070 | D24: =C24-C23 -> 80 | E24: =C24-152000 -> 171070 | F24: =D24/$D$2 -> 40.332745 | G24: 56 | H24: 1.5 | I24: =G24+H24 -> 57.5 | J24: =IF(L24>0,L24,0) -> 27.932745 | K24: =I24+J24 -> 85.432745 | L24: =F24-(I24-X24) -> 27.932745 | M24: 4.1 | N24: 0 | O24: 0 | P24: =M24-(N24+O24) -> 4.1 | Q24: 0 | R24: 0 | S24: =SUM(P24:R24) -> 4.1 | U24: 0 | V24: 41 | W24: =W23-V24 -> 1547 | X24: =N24+O24+S24+U24+V24 -> 45.1 | Y24: =IF(L24<0,L24*-1,0) -> 0 | Z24: =X24+Y24 -> 45.1 | AA24: 0 | AB24: 54 | AC24: 22 | AD24: =AD23+1 -> 15
A25: =A24+1 -> 16 | B25: 6910.3 | C25: 323190 | D25: =C25-C24 -> 120 | E25: =C25-152000 -> 171190 | F25: =D25/$D$2 -> 60.499118 | G25: 57 | H25: 1.8 | I25: =G25+H25 -> 58.8 | J25: =IF(L25>0,L25,0) -> 45.999118 | K25: =I25+J25 -> 104.79912 | L25: =F25-(I25-X25) -> 45.999118 | M25: 4.3 | N25: 0 | O25: 0 | P25: =M25-(N25+O25) -> 4.3 | Q25: 0 | R25: 0 | S25: =SUM(P25:R25) -> 4.3 | U25: 0 | V25: 40 | W25: =W24-V25 -> 1507 | X25: =N25+O25+S25+U25+V25 -> 44.3 | Y25: =IF(L25<0,L25*-1,0) -> 0 | Z25: =X25+Y25 -> 44.3 | AA25: 0.2 | AB25: 49 | AC25: 30 | AD25: =AD24+1 -> 16
A26: =A25+1 -> 17 | B26: 6910.31 | C26: 323230 | D26: =C26-C25 -> 40 | E26: =C26-152000 -> 171230 | F26: =D26/$D$2 -> 20.166373 | G26: 58 | H26: 1.8 | I26: =G26+H26 -> 59.8 | J26: =IF(L26>0,L26,0) -> 4.7663726 | K26: =I26+J26 -> 64.566373 | L26: =F26-(I26-X26) -> 4.7663726 | M26: 4.4 | N26: 0 | O26: 0 | P26: =M26-(N26+O26) -> 4.4 | Q26: 0 | R26: 0 | S26: =SUM(P26:R26) -> 4.4 | U26: 0 | V26: 40 | W26: =W25-V26 -> 1467 | X26: =N26+O26+S26+U26+V26 -> 44.4 | Y26: =IF(L26<0,L26*-1,0) -> 0 | Z26: =X26+Y26 -> 44.4 | AA26: 0.25 | AB26: 50 | AC26: 26 | AD26: =AD25+1 -> 17
A27: =A26+1 -> 18 | B27: 6910.32 | C27: 323271 | D27: =C27-C26 -> 41 | E27: =C27-152000 -> 171271 | F27: =D27/$D$2 -> 20.670532 | G27: 59 | H27: 1.8 | I27: =G27+H27 -> 60.8 | J27: =IF(L27>0,L27,0) -> 4.2705319 | K27: =I27+J27 -> 65.070532 | L27: =F27-(I27-X27) -> 4.2705319 | M27: 4.4 | N27: 0 | O27: 0 | P27: =M27-(N27+O27) -> 4.4 | Q27: 0 | R27: 0 | S27: =SUM(P27:R27) -> 4.4 | U27: 0 | V27: 40 | W27: =W26-V27 -> 1427 | X27: =N27+O27+S27+U27+V27 -> 44.4 | Y27: =IF(L27<0,L27*-1,0) -> 0 | Z27: =X27+Y27 -> 44.4 | AA27: 0 | AB27: 51 | AC27: 26 | AD27: =AD26+1 -> 18
A28: =A27+1 -> 19 | B28: 6910.34 | C28: 323351 | D28: =C28-C27 -> 80 | E28: =C28-152000 -> 171351 | F28: =D28/$D$2 -> 40.332745 | G28: 60 | H28: 3.6 | I28: =G28+H28 -> 63.6 | J28: =IF(L28>0,L28,0) -> 21.132745 | K28: =I28+J28 -> 84.732745 | L28: =F28-(I28-X28) -> 21.132745 | M28: 4.4 | N28: 0 | O28: 0 | P28: =M28-(N28+O28) -> 4.4 | Q28: 0 | R28: 0 | S28: =SUM(P28:R28) -> 4.4 | U28: 0 | V28: 40 | W28: =W27-V28 -> 1387 | X28: =N28+O28+S28+U28+V28 -> 44.4 | Y28: =IF(L28<0,L28*-1,0) -> 0 | Z28: =X28+Y28 -> 44.4 | AA28: 0 | AB28: 52 | AC28: 28 | AD28: =AD27+1 -> 19
... A36: =A35+1 -> 27 | B36: 6910.42 | C36: 323672 | D36: =C36-C35 -> 40 | E36: =C36-152000 -> 171672 | F36: =D36/$D$2 -> 20.166373 | G36: 65 | H36: 1.8 | I36: =G36+H36 -> 66.8 | J36: =IF(L36>0,L36,0) -> 0 | K36: =I36+J36 -> 66.8 | L36: =F36-(I36-X36) -> -2.2336274 | M36: 4.4 | N36: 0 | O36: 0 | P36: =M36-(N36+O36) -> 4.4 | Q36: 0 | R36: 0 | S36: =SUM(P36:R36) -> 4.4 | U36: 0 | V36: 40 | W36: =W35-V36 -> 1066 | X36: =N36+O36+S36+U36+V36 -> 44.4 | Y36: =IF(L36<0,L36*-1,0) -> 2.2336274 | Z36: =X36+Y36 -> 46.633627 | AA36: 0 | AB36: 58 | AC36: 21 | AD36: =AD35+1 -> 27
A37: 28 | B37: 6910.43 | C37: 323712 | D37: =C37-C36 -> 40 | E37: =C37-152000 -> 171712 | F37: =D37/$D$2 -> 20.166373 | G37: 65 | H37: 1.9 | I37: =G37+H37 -> 66.9 | J37: =IF(L37>0,L37,0) -> 1.8663726 | K37: =I37-J37 -> 65.033627 | L37: =F37-(I37-X37) -> 1.8663726 | M37: 4.6 | N37: 0 | O37: 0 | P37: =M37-(N37+O37) -> 4.6 | Q37: 0 | R37: 0 | S37: =SUM(P37:R37) -> 4.6 | U37: 0 | V37: 44 | W37: =W36-40-2 -> 1024 | X37: =N37+O37+S37+U37+V37 -> 48.6 | Y37: =IF(L37<0,L37*-1,0) -> 0 | Z37: =X37+Y37 -> 48.6 | AA37: 0.04 | AB37: 47 | AC37: 32 | AD37: 28
A38: 29 | B38: 6910.43 | C38: 323712 | D38: =C38-C37 -> 0 | E38: =C38-152000 -> 171712 | F38: =D38/$D$2 -> 0 | G38: 65 | H38: 2 | I38: =G38+H38 -> 67 | J38: =IF(L38>0,L38,0) -> 0 | K38: =I38+J38 -> 67 | L38: =F38-(I38-X38) -> -13.2 | M38: 4.8 | N38: 0 | O38: 0 | P38: =M38-(N38+O38) -> 4.8 | Q38: 0 | R38: 0 | S38: =SUM(P38:R38) -> 4.8 | U38: 0 | V38: 49 | W38: =W37-40-2 -> 982 | X38: =N38+O38+S38+U38+V38 -> 53.8 | Y38: =IF(L38<0,L38*-1,0) -> 13.2 | Z38: =X38+Y38 -> 67 | AA38: 0 | AB38: 50 | AC38: 22 | AD38: 29
A40: MONTH / CFS | F40: =SUM(F10:F38) -> 728.51021 | G40: =SUM(G10:G38) -> 1669 | H40: =SUM(H10:H38) -> 48.7 | I40: =SUM(I10:I38) -> 1717.7 | J40: =SUM(J10:J38) -> 407.54472 | K40: =SUM(K10:K38) -> 2121.512 | L40: =SUM(L10:L38) -> 338.11021 | M40: =SUM(M10:M38) -> 122.3 | ... S40: =SUM(S10:S38) -> 122.3 | U40: =SUM(U10:U38) -> 0 | V40: =SUM(V10:V38) -> 1205 | X40: =SUM(X10:X38) -> 1327.3 | Y40: =SUM(Y10:Y38) -> 69.43451 | Z40: =SUM(Z10:Z38) -> 1396.7345 | AA40: =SUM(AA10:AA38) -> 1.16 | AB40: =AVERAGE(AB10:AB38) -> 48.37931 | AC40: =AVERAGE(AC10:AC38) -> 24.551724 | AD40: AVE
A41: MONTH / AF | D41: =SUM(D10:D38) -> 1445 | F41: =F40*$D$2 -> 1445 | G41: =G40*$D$2 -> 3310.4615 | H41: =H40*$D$2 -> 96.59645 | I41: =I40*$D$2 -> 3407.0579 | J41: =J40*$D$2 -> 808.36495 | K41: =K40*$D$2 -> 4208.019 | L41: =L40*$D$2 -> 670.6416 | M41: =M40*$D$2 -> 242.58205 | ... S41: =S40*$D$2 -> 242.58205 | U41: =U40*$D$2 -> 0 | V41: =V40*$D$2 -> 2390.1175 | X41: =X40*$D$2 -> 2632.6995 | Y41: =Y40*$D$2 -> 137.72335 | Z41: =Z40*$D$2 -> 2770.4229 | AB41: =MAX(AB10:AB38) -> 59 | AC41: =MAX(AC10:AC38) -> 34 | AD41: HI
A43: SEASON / CFS | AB43: =MIN(AB10:AB38) -> 39 | AC43: =MIN(AC10:AC38) -> 8 | AD43: LO
A44: SEASON / AF
A46: YTD / CFS | F46: =F8+F40 -> -3008.8228 | G46: =G8+G40 -> 6368 | H46: =H8+H40 -> 131.08 | I46: =I8+I40 -> 6499.08 | J46: =J8+J40 -> 1234.3087 | K46: =K8+K40 -> 7729.656 | L46: =L8+L40 -> 591.32721 | M46: =M8+M40 -> 1990.26 | ... S46: =S8+S40 -> 3086.5395 | U46: =U8+U40 -> 0 | V46: =V8+V40 -> 6504.97 | W46: =W38 -> 982 | X46: =X8+X40 -> 10099.23 | Y46: =Y8+Y40 -> 642.98153 | Z46: =Z8+Z40 -> 10742.212 | AA46: =AA8+AA40 -> 2.9
A47: YTD / AF | D47: =D8+D41 -> -5968 | E47: =E38 -> 171712 | F47: =F46*$D$2 -> -5968 | G47: =G46*$D$2 -> 12630.928 | H47: =H46*$D$2 -> 259.99718 | I47: =I46*$D$2 -> 12890.925 | J47: =J46*$D$2 -> 2448.2514 | K47: =K46*$D$2 -> 15331.773 | L47: =L46*$D$2 -> 1172.8975 | M47: =M46*$D$2 -> 3947.6807 | ... Z47: =Z46*$D$2 -> 21307.177

Sheet MAR
K1: MC PHEE RESERVOIR IN/OUT FLOW TABULATION
A2: AF/cfs CONVERT FACTOR | D2: 1.9835 | K2: MARCH "2000"
A4: DATE | B4: RESERV | C4: RESERV | D4: AC FT | E4: ACTIVE | F4: CONV TO | G4: DOLORES | H4: LOST | I4: RECORDED | J4: CALC | K4: TOTAL | L4: CALC | M4: DOLORES TUNNEL | Q4: LONE | R4: U | S4: TOTAL | T4: MVI | U4: DV CR | V4: BELOW | W4: REMAIN | X4: RECORDED | Y4: CALC | Z4: TOTAL | AA4: RAIN | AB4: MAX | AC4: MIN | AD4: DATE
A5: MAR | B5: ELEV | C5: AC FT | D5: CHANGE | E5: CAP | F5: CFS | G5: RIVER | H5: CANYON | I5: INFLOW | J5: INFLOW | K5: INFLOW | L5: INF/OTF | M5: TOT DIV | N5: WETLAND | O5: UTE F&R | P5: MVI,CTZ | Q5: PINE | R5: LAT | S5: MVI | T5: CALL | U5: CANAL | V5: MC PHEE | W5: RELEASE | X5: OUTFLOW | Y5: OUTFLOW | Z5: OUTFLOW | AB5: TMP | AC5: TMP | AD5: MAR
A7: SEASON BAL
A8: YTD | B8: =FEB!B38 -> 6910.43 | C8: =FEB!C38 -> 323712 | D8: =FEB!$D$47 -> -5968 | E8: =FEB!$E$47 -> 171712 | F8: =FEB!F46 -> -3008.8228 | G8: =FEB!G46 -> 6368 | H8: =FEB!H46 -> 131.08 | I8: =FEB!I46 -> 6499.08 | J8: =FEB!J46 -> 1234.3087 | K8: =FEB!K46 -> 7729.656 | L8: =FEB!L46 -> 591.32721 | M8: =FEB!M46 -> 1990.26 | ... AA8: =FEB!AA46 -> 2.9
A10: 1 | B10: 6910.46 | C10: 323832 | D10: =C10-C8 -> 120 | E10: =C10-152000 -> 171832 | F10: =D10/$D$2 -> 60.499118 | G10: 65 | H10: 2 | I10: =G10+H10 -> 67 | J10: =IF(L10>0,L10,0) -> 46.099118 | K10: =I10+J10 -> 113.09912 | L10: =F10-(I10-X10) -> 46.099118 | M10: 4.6 | N10: 0 | O10: 0 | P10: =M10-(N10+O10) -> 4.6 | Q10: 0 | R10: 0 | S10: =SUM(P10:R10) -> 4.6 | U10: 0 | V10: 48 | W10: =W8-45-2 -> 935 | X10: =N10+O10+S10+U10+V10 -> 52.6 | Y10: =IF(L10<0,L10*-1,0) -> 0 | Z10: =X10+Y10 -> 52.6 | AA10: 0.03 | AB10: 47 | AC10: 29 | AD10: 1
A11: =A10+1 -> 2 | B11: 6910.48 | C11: 323913 | D11: =C11-C10 -> 81 | E11: =C11-152000 -> 171913 | F11: =D11/$D$2 -> 40.836904 | G11: 65 | H11: 2.1 | I11: =G11+H11 -> 67.1 | J11: =IF(L11>0,L11,0) -> 26.136904 | K11: =I11+J11 -> 93.236904 | L11: =F11-(I11-X11) -> 26.136904 | M11: 4.4 | N11: 0 | O11: 0 | P11: =M11-(N11+O11) -> 4.4 | Q11: 0 | R11: 0 | S11: =SUM(P11:R11) -> 4.4 | U11: 0 | V11: 48 | W11: =W10-45-2 -> 888 | X11: =N11+O11+S11+U11+V11 -> 52.4 | Y11: =IF(L11<0,L11*-1,0) -> 0 | Z11: =X11+Y11 -> 52.4 | AA11: 0 | AB11: 56 | AC11: 26 | AD11: =AD10+1 -> 2
A12: =A11+1 -> 3 | B12: 6910.5 | C12: 323993 | D12: =C12-C11 -> 80 | E12: =C12-152000 -> 171993 | F12: =D12/$D$2 -> 40.332745 | G12: 70 | H12: 3.3 | I12: =G12+H12 -> 73.3 | J12: =IF(L12>0,L12,0) -> 19.432745 | K12: =I12+J12 -> 92.732745 | L12: =F12-(I12-X12) -> 19.432745 | M12: 4.4 | N12: 0 | O12: 0 | P12: =M12-(N12+O12) -> 4.4 | Q12: 0 | R12: 0 | S12: =SUM(P12:R12) -> 4.4 | U12: 0 | V12: 48 | W12: =W11-45-2 -> 841 | X12: =N12+O12+S12+U12+V12 -> 52.4 | Y12: =IF(L12<0,L12*-1,0) -> 0 | Z12: =X12+Y12 -> 52.4 | AA12: 0 | AB12: 59 | AC12: 25 | AD12: =AD11+1 -> 3
A13: =A12+1 -> 4 | B13: 6910.52 | C13: 324073 | D13: =C13-C12 -> 80 | E13: =C13-152000 -> 172073 | F13: =D13/$D$2 -> 40.332745 | G13: 80 | H13: 3.4 | I13: =G13+H13 -> 83.4 | J13: =IF(L13>0,L13,0) -> 9.3327451 | K13: =I13+J13 -> 92.732745 | L13: =F13-(I13-X13) -> 9.3327451 | M13: 4.4 | N13: 0 | O13: 0 | P13: =M13-(N13+O13) -> 4.4 | Q13: 0 | R13: 0 | S13: =SUM(P13:R13) -> 4.4 | U13: 0 | V13: 48 | W13: =W12-45-2 -> 794 | X13: =N13+O13+S13+U13+V13 -> 52.4 | Y13: =IF(L13<0,L13*-1,0) -> 0 | Z13: =X13+Y13 -> 52.4 | AA13: 0.1 | AB13: 68 | AC13: 26 | AD13: =AD12+1 -> 4
A14: =A13+1 -> 5 | B14: 6910.55 | C14: 324194 | D14: =C14-C13 -> 121 | E14: =C14-152000 -> 172194 | F14: =D14/$D$2 -> 61.003277 | G14: 88 | H14: 3 | I14: =G14+H14 -> 91 | J14: =IF(L14>0,L14,0) -> 22.403277 | K14: =I14+J14 -> 113.40328 | L14: =F14-(I14-X14) -> 22.403277 | M14: 4.4 | N14: 0 | O14: 0 | P14: =M14-(N14+O14) -> 4.4 | Q14: 0 | R14: 0 | S14: =SUM(P14:R14) -> 4.4 | U14: 0 | V14: 48 | W14: =W13-45-2 -> 747 | X14: =N14+O14+S14+U14+V14 -> 52.4 | Y14: =IF(L14<0,L14*-1,0) -> 0 | Z14: =X14+Y14 -> 52.4 | AA14: 0.36 | AB14: 52 | AC14: 33 | AD14: =AD13+1 -> 5
A15: =A14+1 -> 6 | B15: 6910.58 | C15: 324314 | D15: =C15-C14 -> 120 | E15: =C15-152000 -> 172314 | F15: =D15/$D$2 -> 60.499118 | G15: 96 | H15: 3.2 | I15: =G15+H15 -> 99.2 | J15: =IF(L15>0,L15,0) -> 18.599118 | K15: =I15+J15 -> 117.79912 | L15: =F15-(I15-X15) -> 18.599118 | M15: 9.3 | N15: 0 | O15: 0 | P15: =M15-(N15+O15) -> 9.3 | Q15: 0 | R15: 0 | S15: =SUM(P15:R15) -> 9.3 | U15: 0 | V15: 48 | W15: =W14-45-2 -> 700 | X15: =N15+O15+S15+U15+V15 -> 57.3 | Y15: =IF(L15<0,L15*-1,0) -> 0 | Z15: =X15+Y15 -> 57.3 | AA15: 0.12 | AB15: 36 | AC15: 30 | AD15: =AD14+1 -> 6
A16: =A15+1 -> 7 | B16: 6910.63 | C16: 324515 | D16: =C16-C15 -> 201 | E16: =C16-152000 -> 172515 | F16: =D16/$D$2 -> 101.33602 | G16: 92 | H16: 2.9 | I16: =G16+H16 -> 94.9 | J16: =IF(L16>0,L16,0) -> 65.436022 | K16: =I16+J16 -> 160.33602 | L16: =F16-(I16-X16) -> 65.436022 | M16: 10 | N16: 0 | O16: 0 | P16: =M16-(N16+O16) -> 10 | Q16: 0 | R16: 0 | S16: =SUM(P16:R16) -> 10 | U16: 0 | V16: 49 | W16: =W15-45-2 -> 653 | X16: =N16+O16+S16+U16+V16 -> 59 | Y16: =IF(L16<0,L16*-1,0) -> 0 | Z16: =X16+Y16 -> 59 | AA16: 0.22 | AB16: 36 | AC16: 29 | AD16: =AD15+1 -> 7
A17: =A16+1 -> 8 | B17: 6910.67 | C17: 324675 | D17: =C17-C16 -> 160 | E17: =C17-152000 -> 172675 | F17: =D17/$D$2 -> 80.66549 | G17: 80 | H17: 3.3 | I17: =G17+H17 -> 83.3 | J17: =IF(L17>0,L17,0) -> 54.16549 | K17: =I17+J17 -> 137.46549 | L17: =F17-(I17-X17) -> 54.16549 | M17: 7.8 | N17: 0 | O17: 0 | P17: =M17-(N17+O17) -> 7.8 | Q17: 0 | R17: 0 | S17: =SUM(P17:R17) -> 7.8 | U17: 0 | V17: 49 | W17: =W16-45-2 -> 606 | X17: =N17+O17+S17+U17+V17 -> 56.8 | Y17: =IF(L17<0,L17*-1,0) -> 0 | Z17: =X17+Y17 -> 56.8 | AA17: 0.25 | AB17: 38 | AC17: 18 | AD17: =AD16+1 -> 8
A18: =A17+1 -> 9 | B18: 6910.68 | C18: 324715 | D18: =C18-C17 -> 40 | E18: =C18-152000 -> 172715 | F18: =D18/$D$2 -> 20.166373 | G18: 79 | H18: 2.4 | I18: =G18+H18 -> 81.4 | J18: =IF(L18>0,L18,0) -> 0 | K18: =I18+J18 -> 81.4 | L18: =F18-(I18-X18) -> -5.7336274 | M18: 6.5 | N18: 0 | O18: 0 | P18: =M18-(N18+O18) -> 6.5 | Q18: 0 | R18: 0 | S18: =SUM(P18:R18) -> 6.5 | U18: 0 | V18: 49 | W18: =W17-45-2 -> 559 | X18: =N18+O18+S18+U18+V18 -> 55.5 | Y18: =IF(L18<0,L18*-1,0) -> 5.7336274 | Z18: =X18+Y18 -> 61.233627 | AA18: 0 | AB18: 39 | AC18: 24 | AD18: =AD17+1 -> 9
A19: =A18+1 -> 10 | B19: 6910.69 | C19: 324755 | D19: =C19-C18 -> 40 | E19: =C19-152000 -> 172755 | F19: =D19/$D$2 -> 20.166373 | G19: 66 | H19: 3.1 | I19: =G19+H19 -> 69.1 | J19: =IF(L19>0,L19,0) -> 6.7663726 | K19: =I19+J19 -> 75.866373 | L19: =F19-(I19-X19) -> 6.7663726 | M19: 6.7 | N19: 0 | O19: 0 | P19: =M19-(N19+O19) -> 6.7 | Q19: 0 | R19: 0 | S19: =SUM(P19:R19) -> 6.7 | U19: 0 | V19: 49 | W19: =W18-45-2 -> 512 | X19: =N19+O19+S19+U19+V19 -> 55.7 | Y19: =IF(L19<0,L19*-1,0) -> 0 | Z19: =X19+Y19 -> 55.7 | AA19: 0 | AB19: 42 | AC19: 15 | AD19: =AD18+1 -> 10
A20: =A19+1 -> 11 | B20: 6910.7 | C20: 324796 | D20: =C20-C19 -> 41 | E20: =C20-152000 -> 172796 | F20: =D20/$D$2 -> 20.670532 | G20: 59 | H20: 3.8 | I20: =G20+H20 -> 62.8 | J20: =IF(L20>0,L20,0) -> 12.270532 | K20: =I20+J20 -> 75.070532 | L20: =F20-(I20-X20) -> 12.270532 | M20: 6.4 | N20: 0 | O20: 0 | P20: =M20-(N20+O20) -> 6.4 | Q20: 0 | R20: 0 | S20: =SUM(P20:R20) -> 6.4 | U20: 0 | V20: 48 | W20: =W19-45-2 -> 465 | X20: =N20+O20+S20+U20+V20 -> 54.4 | Y20: =IF(L20<0,L20*-1,0) -> 0 | Z20: =X20+Y20 -> 54.4 | AA20: 0 | AB20: 46 | AC20: 17 | AD20: =AD19+1 -> 11
A21: =A20+1 -> 12 | B21: 6910.71 | C21: 324836 | D21: =C21-C20 -> 40 | E21: =C21-152000 -> 172836 | F21: =D21/$D$2 -> 20.166373 | G21: 80 | H21: 2.5 | I21: =G21+H21 -> 82.5 | J21: =IF(L21>0,L21,0) -> 0 | K21: =I21+J21 -> 82.5 | L21: =F21-(I21-X21) -> -7.6336274 | M21: 5.7 | N21: 0 | O21: 0 | P21: =M21-(N21+O21) -> 5.7 | Q21: 0 | R21: 0 | S21: =SUM(P21:R21) -> 5.7 | U21: 0 | V21: 49 | W21: =W20-45-2 -> 418 | X21: =N21+O21+S21+U21+V21 -> 54.7 | Y21: =IF(L21<0,L21*-1,0) -> 7.6336274 | Z21: =X21+Y21 -> 62.333627 | AA21: 0 | AB21: 58 | AC21: 25 | AD21: =AD20+1 -> 12
A22: =A21+1 -> 13 | B22: 6910.73 | C22: 324916 | D22: =C22-C21 -> 80 | E22: =C22-152000 -> 172916 | F22: =D22/$D$2 -> 40.332745 | G22: 82 | H22: 3.3 | I22: =G22+H22 -> 85.3 | J22: =IF(L22>0,L22,0) -> 9.3327451 | K22: =I22+J22 -> 94.632745 | L22: =F22-(I22-X22) -> 9.3327451 | M22: 5.3 | N22: 0 | O22: 0 | P22: =M22-(N22+O22) -> 5.3 | Q22: 0 | R22: 0 | S22: =SUM(P22:R22) -> 5.3 | U22: 0 | V22: 49 | W22: =W21-45-2 -> 371 | X22: =N22+O22+S22+U22+V22 -> 54.3 | Y22: =IF(L22<0,L22*-1,0) -> 0 | Z22: =X22+Y22 -> 54.3 | AA22: 0 | AB22: 51 | AC22: 24 | AD22: =AD21+1 -> 13
... A38: =A37+1 -> 29 | B38: 6911.41 | C38: 327658 | D38: =C38-C37 -> 405 | E38: =C38-152000 -> 175658 | F38: =D38/$D$2 -> 204.18452 | G38: 196 | H38: 9.3 | I38: =G38+H38 -> 205.3 | J38: =IF(L38>0,L38,0) -> 112.88452 | K38: =I38+J38 -> 318.18452 | L38: =F38-(I38-X38) -> 112.88452 | M38: 65 | N38: 0 | O38: 0 | P38: =M38-(N38+O38) -> 65 | Q38: 0 | R38: 0 | S38: =SUM(P38:R38) -> 65 | U38: 0 | V38: 49 | W38: =W37-45-2 -> -381 | X38: =N38+O38+S38+U38+V38 -> 114 | Y38: =IF(L38<0,L38*-1,0) -> 0 | Z38: =X38+Y38 -> 114 | AA38: 0 | AB38: 54 | AC38: 27 | AD38: =AD37+1 -> 29
A39: 30 | B39: 6911.52 | C39: 328103 | D39: =C39-C38 -> 445 | E39: =C39-152000 -> 176103 | F39: =D39/$D$2 -> 224.35089 | G39: 198 | H39: 10 | I39: =G39+H39 -> 208 | J39: =IF(L39>0,L39,0) -> 85.350895 | K39: =I39+J39 -> 293.35089 | L39: =F39-(I39-X39) -> 85.350895 | M39: 20 | N39: 0 | O39: 0 | P39: =M39-(N39+O39) -> 20 | Q39: 0 | R39: 0 | S39: =SUM(P39:R39) -> 20 | U39: 0 | V39: 49 | W39: =W38-45-2 -> -428 | X39: =N39+O39+S39+U39+V39 -> 69 | Y39: =IF(L39<0,L39*-1,0) -> 0 | Z39: =X39+Y39 -> 69 | AA39: 0.06 | AB39: 47 | AC39: 29 | AD39: 30
A40: 31 | B40: 6911.65 | C40: 328629 | D40: =C40-C39 -> 526 | E40: =C40-152000 -> 176629 | F40: =D40/$D$2 -> 265.1878 | G40: 190 | H40: 10 | I40: =G40+H40 -> 200 | J40: =IF(L40>0,L40,0) -> 134.1878 | K40: =I40+J40 -> 334.1878 | L40: =F40-(I40-X40) -> 134.1878 | M40: 20 | N40: 0 | O40: 0 | P40: =M40-(N40+O40) -> 20 | Q40: 0 | R40: 0 | S40: =SUM(P40:R40) -> 20 | U40: 0 | V40: 49 | W40: =W39-45-2 -> -475 | X40: =N40+O40+S40+U40+V40 -> 69 | Y40: =IF(L40<0,L40*-1,0) -> 0 | Z40: =X40+Y40 -> 69 | AA40: 0.55 | AB40: 46 | AC40: 26 | AD40: 31
A42: MONTH / CFS | F42: =SUM(F10:F40) -> 2478.9513 | G42: =SUM(G10:G40) -> 3216 | H42: =SUM(H10:H40) -> 134.2 | I42: =SUM(I10:I40) -> 3350.2 | J42: =SUM(J10:J40) -> 1113.8522 | K42: =SUM(K10:K40) -> 4464.0522 | L42: =SUM(L10:L40) -> 1086.2513 | M42: =SUM(M10:M40) -> 448.5 | ... S42: =SUM(S10:S40) -> 448.5 | U42: =SUM(U10:U40) -> 0 | V42: =SUM(V10:V40) -> 1509 | X42: =SUM(X10:X40) -> 1957.5 | Y42: =SUM(Y10:Y40) -> 27.600882 | Z42: =SUM(Z10:Z40) -> 1985.1009 | AA42: =SUM(AA10:AA40) -> 2.57 | AB42: =AVERAGE(AB10:AB40) -> 50.16129 | AC42: =AVERAGE(AC10:AC40) -> 26.516129 | AD42: AVE
A43: MONTH / AF | D43: =SUM(D10:D40) -> 4917 | F43: =F42*$D$2 -> 4917 | G43: =G42*$D$2 -> 6378.936 | H43: =H42*$D$2 -> 266.1857 | I43: =I42*$D$2 -> 6645.1217 | J43: =J42*$D$2 -> 2209.3259 | K43: =K42*$D$2 -> 8854.4476 | L43: =L42*$D$2 -> 2154.5795 | M43: =M42*$D$2 -> 889.59975 | ... S43: =S42*$D$2 -> 889.59975 | U43: =U42*$D$2 -> 0 | V43: =V42*$D$2 -> 2993.1015 | X43: =X42*$D$2 -> 3882.7013 | Y43: =Y42*$D$2 -> 54.74635 | Z43: =Z42*$D$2 -> 3937.4476 | AB43: =MAX(AB10:AB40) -> 68 | AC43: =MAX(AC10:AC40) -> 36 | AD43: HI
A45: SEASON / CFS | AB45: =MIN(AB10:AB40) -> 36 | AC45: =MIN(AC10:AC40) -> 15 | AD45: LO
A46: SEASON / AF
A48: YTD / CFS | F48: =F8+F42 -> -529.87144 | G48: =G8+G42 -> 9584 | H48: =H8+H42 -> 265.28 | I48: =I8+I42 -> 9849.28 | J48: =J8+J42 -> 2348.161 | K48: =K8+K42 -> 12193.708 | L48: =L8+L42 -> 1677.5786 | M48: =M8+M42 -> 2438.76 | ... S48: =S8+S42 -> 3535.0395 | U48: =U8+U42 -> 0 | V48: =V8+V42 -> 8013.97 | W48: =W40 -> -475 | X48: =X8+X42 -> 12056.73 | Y48: =Y8+Y42 -> 670.58241 | Z48: =Z8+Z42 -> 12727.312 | AA48: =AA8+AA42 -> 5.47
A49: YTD / AF | D49: =D8+D43 -> -1051 | E49: =E40 -> 176629 | F49: =F48*$D$2 -> -1051 | G49: =G48*$D$2 -> 19009.864 | H49: =H48*$D$2 -> 526.18288 | I49: =I48*$D$2 -> 19536.047 | J49: =J48*$D$2 -> 4657.5773 | K49: =K48*$D$2 -> 24186.22 | L49: =L48*$D$2 -> 3327.4771 | M49: =M48*$D$2 -> 4837.2805 | ... Z49: =Z48*$D$2 -> 25244.624

Sheet APR
K1: MC PHEE RESERVOIR IN/OUT FLOW TABULATION
A2: AF/cfs CONVERT FACTOR | D2: 1.9835 | K2: APRIL "2000"
Y3: 5
A4: DATE | B4: RESERV | C4: RESERV | D4: AC FT | E4: ACTIVE | F4: CONV TO | G4: DOLORES | H4: LOST | I4: RECORDED | J4: CALC | K4: TOTAL | L4: CALC | M4: DOLORES TUNNEL | Q4: LONE | R4: U | S4: TOTAL | T4: MVI | U4: DV CR | V4: BELOW | W4: REMAIN | X4: RECORDED | Y4: CALC | Z4: TOTAL | AA4: RAIN | AB4: MAX | AC4: MIN | AD4: DATE
A5: "APR" | B5: ELEV | C5: AC FT | D5: CHANGE | E5: CAP | F5: CFS | G5: RIVER | H5: CANYON | I5: INFLOW | J5: INFLOW | K5: INFLOW | L5: INF/OTF | M5: TOT DIV | N5: WETLAND | O5: UTE F&R | P5: MVI/CTZ/MWC | Q5: PINE | R5: LAT | S5: MVI | T5: CALL | U5: CANAL | V5: MC PHEE | W5: RELEASE | X5: OUTFLOW | Y5: OUTFLOW | Z5: OUTFLOW | AB5: TMP | AC5: TMP | AD5: "APR"
W6: =25400+3900+3900+150 -> 33350
A7: SEASON BAL
A8: YTD | B8: =MAR!B40 -> 6911.65 | C8: =MAR!C40 -> 328629 | D8: =MAR!D49 -> -1051 | E8: =MAR!E49 -> 176629 | F8: =MAR!F48 -> -529.87144 | G8: =MAR!G48 -> 9584 | H8: =MAR!H48 -> 265.28 | I8: =MAR!I48 -> 9849.28 | J8: =MAR!J48 -> 2348.161 | K8: =MAR!K48 -> 12193.708 | L8: =MAR!L48 -> 1677.5786 | M8: =MAR!M48 -> 2438.76 | ... V8: =MAR!V48 -> 8013.97 | W8: 16814 | X8: =MAR!X48 -> 12056.73 | Y8: =MAR!Y48 -> 670.58241 | Z8: =MAR!Z48 -> 12727.312 | AA8: =MAR!AA48 -> 5.47
A10: 1 | B10: 6911.75 | C10: 329033 | D10: =C10-C8 -> 404 | E10: =C10-152000 -> 177033 | F10: =D10/$D$2 -> 203.68036 | G10: 176 | H10: 12 | I10: =G10+H10 -> 188 | J10: =IF(L10>0,L10,0) -> 84.680363 | K10: =I10+J10 -> 272.68036 | L10: =F10-(I10-X10) -> 84.680363 | M10: 20 | N10: 0 | O10: 0 | P10: =M10-(N10+O10) -> 20 | Q10: 0 | R10: 0 | S10: =SUM(P10:R10) -> 20 | U10: 0 | V10: 49 | W10: =W8 -> 16814 | X10: =N10+O10+S10+U10+V10 -> 69 | Y10: =IF(L10<0,L10*-1,0) -> 0 | Z10: =X10+Y10 -> 69 | AA10: 0.14 | AB10: 51 | AC10: 26 | AD10: 1
A11: =A10+1 -> 2 | B11: 6911.82 | C11: 329276 | D11: =C11-C10 -> 243 | E11: =C11-152000 -> 177276 | F11: =D11/$D$2 -> 122.51071 | G11: 147 | H11: 12 | I11: =G11+H11 -> 159 | J11: =IF(L11>0,L11,0) -> 32.510713 | K11: =I11+J11 -> 191.51071 | L11: =F11-(I11-X11) -> 32.510713 | M11: 20 | N11: 0 | O11: 0 | P11: =M11-(N11+O11) -> 20 | Q11: 0 | R11: 0 | S11: =SUM(P11:R11) -> 20 | U11: 0 | V11: 49 | W11: =W10 -> 16814 | X11: =N11+O11+S11+U11+V11 -> 69 | Y11: =IF(L11<0,L11*-1,0) -> 0 | Z11: =X11+Y11 -> 69 | AA11: 0 | AB11: 50 | AC11: 20 | AD11: =AD10+1 -> 2
A12: =A11+1 -> 3 | B12: 6911.9 | C12: 329640 | D12: =C12-C11 -> 364 | E12: =C12-152000 -> 177640 | F12: =D12/$D$2 -> 183.51399 | G12: 156 | H12: 12 | I12: =G12+H12 -> 168 | J12: =IF(L12>0,L12,0) -> 128.51399 | K12: =I12+J12 -> 296.51399 | L12: =F12-(I12-X12) -> 128.51399 | M12: 40 | N12: 0 | O12: 33.92 | P12: =M12-(N12+O12) -> 6.08 | Q12: 0 | R12: 0 | S12: =SUM(P12:R12) -> 6.08 | U12: 0 | V12: 73 | W12: =W11 -> 16814 | X12: =N12+O12+S12+U12+V12 -> 113 | Y12: =IF(L12<0,L12*-1,0) -> 0 | Z12: =X12+Y12 -> 113 | AA12: 0 | AB12: 61 | AC12: 30 | AD12: =AD11+1 -> 3
A13: =A12+1 -> 4 | B13: 6912 | C13: 330044 | D13: =C13-C12 -> 404 | E13: =C13-152000 -> 178044 | F13: =D13/$D$2 -> 203.68036 | G13: 165 | H13: 11 | I13: =G13+H13 -> 176 | J13: =IF(L13>0,L13,0) -> 124.68036 | K13: =I13+J13 -> 300.68036 | L13: =F13-(I13-X13) -> 124.68036 | M13: 26 | N13: 0 | O13: 22.95 | P13: =M13-(N13+O13) -> 3.05 | Q13: 0 | R13: 0 | S13: =SUM(P13:R13) -> 3.05 | U13: 0 | V13: 71 | W13: =W12 -> 16814 | X13: =N13+O13+S13+U13+V13 -> 97 | Y13: =IF(L13<0,L13*-1,0) -> 0 | Z13: =X13+Y13 -> 97 | AA13: 0 | AB13: 68 | AC13: 34 | AD13: =AD12+1 -> 4
A14: =A13+1 -> 5 | B14: 6912.25 | C14: 331064 | D14: =C14-C13 -> 1020 | E14: =C14-152000 -> 179064 | F14: =D14/$D$2 -> 514.2425 | G14: 247 | H14: 11 | I14: =G14+H14 -> 258 | J14: =IF(L14>0,L14,0) -> 312.2425 | K14: =I14+J14 -> 570.2425 | L14: =F14-(I14-X14) -> 312.2425 | M14: 5 | N14: 0 | O14: 0.99 | P14: =M14-(N14+O14) -> 4.01 | Q14: 0 | R14: 0 | S14: =SUM(P14:R14) -> 4.01 | U14: 0 | V14: 51 | W14: =W13 -> 16814 | X14: =N14+O14+S14+U14+V14 -> 56 | Y14: =IF(L14<0,L14*-1,0) -> 0 | Z14: =X14+Y14 -> 56 | AA14: 0 | AB14: 68 | AC14: 34 | AD14: =AD13+1 -> 5
A15: =A14+1 -> 6 | B15: 6912.6 | C15: 332490 | D15: =C15-C14 -> 1426 | E15: =C15-152000 -> 180490 | F15: =D15/$D$2 -> 718.93118 | G15: 381 | H15: 8.1 | I15: =G15+H15 -> 389.1 | J15: =IF(L15>0,L15,0) -> 410.13118 | K15: =I15+J15 -> 799.23118 | L15: =F15-(I15-X15) -> 410.13118 | M15: 9.3 | N15: 0 | O15: 0.82 | P15: =M15-(N15+O15) -> 8.48 | Q15: 0 | R15: 0 | S15: =SUM(P15:R15) -> 8.48 | U15: 0 | V15: 71 | W15: =W14 -> 16814 | X15: =N15+O15+S15+U15+V15 -> 80.3 | Y15: =IF(L15<0,L15*-1,0) -> 0 | Z15: =X15+Y15 -> 80.3 | AA15: 0 | AB15: 68 | AC15: 35 | AD15: =AD14+1 -> 6
A16: =A15+1 -> 7 | B16: 6912.96 | C16: 333958 | D16: =C16-C15 -> 1468 | E16: =C16-152000 -> 181958 | F16: =D16/$D$2 -> 740.10587 | G16: 490 | H16: 14 | I16: =G16+H16 -> 504 | J16: =IF(L16>0,L16,0) -> 359.10587 | K16: =I16+J16 -> 863.10587 | L16: =F16-(I16-X16) -> 359.10587 | M16: 12 | N16: 0 | O16: 3.73 | P16: =M16-(N16+O16) -> 8.27 | Q16: 0 | R16: 0 | S16: =SUM(P16:R16) -> 8.27 | U16: 0 | V16: 111 | W16: =W15 -> 16814 | X16: =N16+O16+S16+U16+V16 -> 123 | Y16: =IF(L16<0,L16*-1,0) -> 0 | Z16: =X16+Y16 -> 123 | AA16: 0 | AB16: 68 | AC16: 33 | AD16: =AD15+1 -> 7
A17: =A16+1 -> 8 | B17: 6913.4 | C17: 335765 | D17: =C17-C16 -> 1807 | E17: =C17-152000 -> 183765 | F17: =D17/$D$2 -> 911.01588 | G17: 596 | H17: 32 | I17: =G17+H17 -> 628 | J17: =IF(L17>0,L17,0) -> 410.01588 | K17: =I17+J17 -> 1038.0159 | L17: =F17-(I17-X17) -> 410.01588 | M17: 16 | N17: 0 | O17: 4.61 | P17: =M17-(N17+O17) -> 11.39 | Q17: 0 | R17: 0 | S17: =SUM(P17:R17) -> 11.39 | U17: 0 | V17: 111 | W17: =W16 -> 16814 | X17: =N17+O17+S17+U17+V17 -> 127 | Y17: =IF(L17<0,L17*-1,0) -> 0 | Z17: =X17+Y17 -> 127 | AA17: 0 | AB17: 68 | AC17: 32 | AD17: =AD16+1 -> 8
A18: =A17+1 -> 9 | B18: 6913.91 | C18: 337861 | D18: =C18-C17 -> 2096 | E18: =C18-152000 -> 185861 | F18: =D18/$D$2 -> 1056.7179 | G18: 689 | H18: 73 | I18: =G18+H18 -> 762 | J18: =IF(L18>0,L18,0) -> 421.71792 | K18: =I18+J18 -> 1183.7179 | L18: =F18-(I18-X18) -> 421.71792 | M18: 16 | N18: 0 | O18: 4.61 | P18: =M18-(N18+O18) -> 11.39 | Q18: 0 | R18: 0 | S18: =SUM(P18:R18) -> 11.39 | U18: 0 | V18: 111 | W18: =W17 -> 16814 | X18: =N18+O18+S18+U18+V18 -> 127 | Y18: =IF(L18<0,L18*-1,0) -> 0 | Z18: =X18+Y18 -> 127 | AA18: 0 | AB18: 69 | AC18: 36 | AD18: =AD17+1 -> 9
A19: =A18+1 -> 10 | B19: 6914.44 | C19: 340053 | D19: =C19-C18 -> 2192 | E19: =C19-152000 -> 188053 | F19: =D19/$D$2 -> 1105.1172 | G19: 847 | H19: 116 | I19: =G19+H19 -> 963 | J19: =IF(L19>0,L19,0) -> 310.11722 | K19: =I19+J19 -> 1273.1172 | L19: =F19-(I19-X19) -> 310.11722 | M19: 37 | N19: 0 | O19: 12.57 | P19: =M19-(N19+O19) -> 24.43 | Q19: 0 | R19: 0 | S19: =SUM(P19:R19) -> 24.43 | U19: 0 | V19: 131 | W19: =W18 -> 16814 | X19: =N19+O19+S19+U19+V19 -> 168 | Y19: =IF(L19<0,L19*-1,0) -> 0 | Z19: =X19+Y19 -> 168 | AA19: 0 | AB19: 68 | AC19: 33 | AD19: =AD18+1 -> 10
A20: =A19+1 -> 11 | B20: 6914.98 | C20: 342289 | D20: =C20-C19 -> 2236 | E20: =C20-152000 -> 190289 | F20: =D20/$D$2 -> 1127.3002 | G20: 813 | H20: 105 | I20: =G20+H20 -> 918 | J20: =IF(L20>0,L20,0) -> 420.30023 | K20: =I20+J20 -> 1338.3002 | L20: =F20-(I20-X20) -> 420.30023 | M20: 85 | N20: 0 | O20: 40.45 | P20: =M20-(N20+O20) -> 44.55 | Q20: 0 | R20: 0 | S20: =SUM(P20:R20) -> 44.55 | U20: 0 | V20: 126 | W20: =W19 -> 16814 | X20: =N20+O20+S20+U20+V20 -> 211 | Y20: =IF(L20<0,L20*-1,0) -> 0 | Z20: =X20+Y20 -> 211 | AA20: 0 | AB20: 55 | AC20: 34 | AD20: =AD19+1 -> 11
A21: =A20+1 -> 12 | B21: 6915.36 | C21: 343875 | D21: =C21-C20 -> 1586 | E21: =C21-152000 -> 191875 | F21: =D21/$D$2 -> 799.59667 | G21: 701 | H21: 74 | I21: =G21+H21 -> 775 | J21: =IF(L21>0,L21,0) -> 255.59667 | K21: =I21+J21 -> 1030.5967 | L21: =F21-(I21-X21) -> 255.59667 | M21: 111 | N21: 0 | O21: 66.2 | P21: =M21-(N21+O21) -> 44.8 | Q21: 0 | R21: 0 | S21: =SUM(P21:R21) -> 44.8 | U21: 0 | V21: 120 | W21: =W20 -> 16814 | X21: =N21+O21+S21+U21+V21 -> 231 | Y21: =IF(L21<0,L21*-1,0) -> 0 | Z21: =X21+Y21 -> 231 | AA21: 0 | AB21: 65 | AC21: 34 | AD21: =AD20+1 -> 12
A22: =A21+1 -> 13 | B22: 6915.76 | C22: 345545 | D22: =C22-C21 -> 1670 | E22: =C22-152000 -> 193545 | F22: =D22/$D$2 -> 841.94605 | G22: 854 | H22: 111 | I22: =G22+H22 -> 965 | J22: =IF(L22>0,L22,0) -> 282.94605 | K22: =I22+J22 -> 1247.9461 | L22: =F22-(I22-X22) -> 282.94605 | M22: 125 | N22: 0 | O22: =(37+38.1)*1.05 -> 78.855 | P22: =M22-(N22+O22) -> 46.145 | Q22: 0 | R22: 0 | S22: =SUM(P22:R22) -> 46.145 | U22: 0 | V22: 281 | W22: =W21 -> 16814 | X22: =N22+O22+S22+U22+V22 -> 406 | Y22: =IF(L22<0,L22*-1,0) -> 0 | Z22: =X22+Y22 -> 406 | AA22: 0 | AB22: 62 | AC22: 32 | AD22: =AD21+1 -> 13
A23: =A22+1 -> 14 | B23: 6916.19 | C23: 347346 | D23: =C23-C22 -> 1801 | E23: =C23-152000 -> 195346 | F23: =D23/$D$2 -> 907.99093 | G23: 978 | H23: 130 | I23: =G23+H23 -> 1108 | J23: =IF(L23>0,L23,0) -> 549.99093 | K23: =I23+J23 -> 1657.9909 | L23: =F23-(I23-X23) -> 549.99093 | M23: 150 | N23: 0 | O23: =(39.7+40.1)*1.05 -> 83.79 | P23: =M23-(N23+O23) -> 66.21 | Q23: 0 | R23: 0 | S23: =SUM(P23:R23) -> 66.21 | U23: 0 | V23: 600 | W23: =W22 -> 16814 | X23: =N23+O23+S23+U23+V23 -> 750 | Y23: =IF(L23<0,L23*-1,0) -> 0 | Z23: =X23+Y23 -> 750 | AA23: 0.02 | AB23: 59 | AC23: 29 | AD23: =AD22+1 -> 14
A24: =A23+1 -> 15 | B24: 6916.46 | C24: 348482 | D24: =C24-C23 -> 1136 | E24: =C24-152000 -> 196482 | F24: =D24/$D$2 -> 572.72498 | G24: 863 | H24: 84 | I24: =G24+H24 -> 947 | J24: =IF(L24>0,L24,0) -> 340.72498 | K24: =I24+J24 -> 1287.725 | L24: =F24-(I24-X24) -> 340.72498 | M24: 151 | N24: 0 | O24: =(41.9+43.7)*1.05 -> 89.88 | P24: =M24-(N24+O24) -> 61.12 | Q24: 0 | R24: 0 | S24: =SUM(P24:R24) -> 61.12 | U24: 0 | V24: 564 | W24: =W23 -> 16814 | X24: =N24+O24+S24+U24+V24 -> 715 | Y24: =IF(L24<0,L24*-1,0) -> 0 | Z24: =X24+Y24 -> 715 | AA24: 0 | AB24: 54 | AC24: 27 | AD24: =AD23+1 -> 15
A25: =A24+1 -> 16 | B25: 6916.64 | C25: 349239 | D25: =C25-C24 -> 757 | E25: =C25-152000 -> 197239 | F25: =D25/$D$2 -> 381.6486 | G25: 690 | H25: 38 | I25: =G25+H25 -> 728 | J25: =IF(L25>0,L25,0) -> 338.6486 | K25: =I25+J25 -> 1066.6486 | L25: =F25-(I25-X25) -> 338.6486 | M25: 147 | N25: 0 | O25: =(41.1+39.8)*1.05 -> 84.945 | P25: =M25-(N25+O25) -> 62.055 | Q25: 0 | R25: 0 | S25: =SUM(P25:R25) -> 62.055 | U25: 0 | V25: 538 | W25: =W24 -> 16814 | X25: =N25+O25+S25+U25+V25 -> 685 | Y25: =IF(L25<0,L25*-1,0) -> 0 | Z25: =X25+Y25 -> 685 | AA25: 0 | AB25: 66 | AC25: 30 | AD25: =AD24+1 -> 16
A26: =A25+1 -> 17 | B26: 6916.81 | C26: 349954 | D26: =C26-C25 -> 715 | E26: =C26-152000 -> 197954 | F26: =D26/$D$2 -> 360.47391 | G26: 763 | H26: 42 | I26: =G26+H26 -> 805 | J26: =IF(L26>0,L26,0) -> 264.07391 | K26: =I26+J26 -> 1069.0739 | L26: =F26-(I26-X26) -> 264.07391 | M26: 141 | N26: 0 | O26: =41.6+39.1*1.05 -> 82.655 | P26: =M26-(N26+O26) -> 58.345 | Q26: 14 | R26: 5.6 | S26: =SUM(P26:R26) -> 77.945 | U26: 0 | V26: 548 | W26: =W25 -> 16814 | X26: =N26+O26+S26+U26+V26 -> 708.6 | Y26: =IF(L26<0,L26*-1,0) -> 0 | Z26: =X26+Y26 -> 708.6 | AA26: 0 | AB26: 72 | AC26: 32 | AD26: =AD25+1 -> 17
A27: =A26+1 -> 18 | B27: 6917.16 | C27: 351432 | D27: =C27-C26 -> 1478 | E27: =C27-152000 -> 199432 | F27: =D27/$D$2 -> 745.14747 | G27: 1010 | H27: 87 | I27: =G27+H27 -> 1097 | J27: =IF(L27>0,L27,0) -> 363.64747 | K27: =I27+J27 -> 1460.6475 | L27: =F27-(I27-X27) -> 363.64747 | M27: 130 | N27: 0 | O27: =37.1+37.6*1.05 -> 76.58 | P27: =M27-(N27+O27) -> 53.42 | Q27: 22 | R27: 8.1 | S27: =SUM(P27:R27) -> 83.52 | U27: 17.4 | V27: 538 | W27: =W26 -> 16814 | X27: =N27+O27+S27+U27+V27 -> 715.5 | Y27: =IF(L27<0,L27*-1,0) -> 0 | Z27: =X27+Y27 -> 715.5 | AA27: 0 | AB27: 54 | AC27: 46 | AD27: =AD26+1 -> 18
A28: =A27+1 -> 19 | B28: 6917.32 | C28: 352211 | D28: =C28-C27 -> 779 | E28: =C28-152000 -> 200211 | F28: =D28/$D$2 -> 392.74011 | G28: 830 | H28: 47 | I28: =G28+H28 -> 877 | J28: =IF(L28>0,L28,0) -> 328.54011 | K28: =I28+J28 -> 1205.5401 | L28: =F28-(I28-X28) -> 328.54011 | M28: 128 | N28: 0 | O28: =32.3+31.8*1.05 -> 65.69 | P28: =M28-(N28+O28) -> 62.31 | Q28: 22 | R28: 8.4 | S28: =SUM(P28:R28) -> 92.71 | U28: 38.4 | V28: 616 | W28: =W27 -> 16814 | X28: =N28+O28+S28+U28+V28 -> 812.8 | Y28: =IF(L28<0,L28*-1,0) -> 0 | Z28: =X28+Y28 -> 812.8 | AA28: 0 | AB28: 50 | AC28: 24 | AD28: =AD27+1 -> 19
A29: =A28+1 -> 20 | B29: 6917.31 | C29: 352068 | D29: =C29-C28 -> -143 | E29: =C29-152000 -> 200068 | F29: =D29/$D$2 -> -72.094782 | G29: 712 | H29: 14 | I29: =G29+H29 -> 726 | J29: =IF(L29>0,L29,0) -> 203.20522 | K29: =I29+J29 -> 929.20522 | L29: =F29-(I29-X29) -> 203.20522 | M29: 116 | N29: 0 | O29: =24.1+22.9*1.05 -> 48.145 | P29: =M29-(N29+O29) -> 67.855 | Q29: 22 | R29: 8.3 | S29: =SUM(P29:R29) -> 98.155 | U29: 76 | V29: 779 | W29: =W28 -> 16814 | X29: =N29+O29+S29+U29+V29 -> 1001.3 | Y29: =IF(L29<0,L29*-1,0) -> 0 | Z29: =X29+Y29 -> 1001.3 | AA29: 0 | AB29: 60 | AC29: 26 | AD29: =AD28+1 -> 20
A30: =A29+1 -> 21 | B30: 6917.32 | C30: 352111 | D30: =C30-C29 -> 43 | E30: =C30-152000 -> 200111 | F30: =D30/$D$2 -> 21.678851 | G30: 946 | H30: 49 | I30: =G30+H30 -> 995 | J30: =IF(L30>0,L30,0) -> 176.47885 | K30: =I30+J30 -> 1171.4789 | L30: =F30-(I30-X30) -> 176.47885 | M30: 114 | N30: 0 | O30: =19.5+17.9*1.05 -> 38.295 | P30: =M30-(N30+O30) -> 75.705 | Q30: 22 | R30: 8.3 | S30: =SUM(P30:R30) -> 106.005 | U30: 34.5 | V30: 971 | W30: =W29 -> 16814 | X30: =N30+O30+S30+U30+V30 -> 1149.8 | Y30: =IF(L30<0,L30*-1,0) -> 0 | Z30: =X30+Y30 -> 1149.8 | AA30: 0 | AB30: 60 | AC30: 30 | AD30: =AD29+1 -> 21
A31: =A30+1 -> 22 | B31: 6917.34 | C31: 352195 | D31: =C31-C30 -> 84 | E31: =C31-152000 -> 200195 | F31: =D31/$D$2 -> 42.349382 | G31: 970 | H31: 50 | I31: =G31+H31 -> 1020 | J31: =IF(L31>0,L31,0) -> 295.54938 | K31: =I31+J31 -> 1315.5494 | L31: =F31-(I31-X31) -> 295.54938 | M31: 130 | N31: 0 | O31: =22.8+23.1*1.05 -> 47.055 | P31: =M31-(N31+O31) -> 82.945 | Q31: 22 | R31: 8.1 | S31: =SUM(P31:R31) -> 113.045 | U31: 53.1 | V31: 1060 | W31: =W30 -> 16814 | X31: =N31+O31+S31+U31+V31 -> 1273.2 | Y31: =IF(L31<0,L31*-1,0) -> 0 | Z31: =X31+Y31 -> 1273.2 | AA31: 0.04 | AB31: 52 | AC31: 38 | AD31: =AD30+1 -> 22
A32: =A31+1 -> 23 | B32: 6917.31 | C32: 352068 | D32: =C32-C31 -> -127 | E32: =C32-152000 -> 200068 | F32: =D32/$D$2 -> -64.028233 | G32: 941 | H32: 30 | I32: =G32+H32 -> 971 | J32: =IF(L32>0,L32,0) -> 186.17177 | K32: =I32+J32 -> 1157.1718 | L32: =F32-(I32-X32) -> 186.17177 | M32: 137 | N32: 0 | O32: =25.7+25*1.05 -> 51.95 | P32: =M32-(N32+O32) -> 85.05 | Q32: 22 | R32: 8.3 | S32: =SUM(P32:R32) -> 115.35 | U32: 3.9 | V32: 1050 | W32: =W31 -> 16814 | X32: =N32+O32+S32+U32+V32 -> 1221.2 | Y32: =IF(L32<0,L32*-1,0) -> 0 | Z32: =X32+Y32 -> 1221.2 | AA32: 0 | AB32: 66 | AC32: 34 | AD32: =AD31+1 -> 23
A33: =A32+1 -> 24 | B33: 6917.37 | C33: 352323 | D33: =C33-C32 -> 255 | E33: =C33-152000 -> 200323 | F33: =D33/$D$2 -> 128.56063 | G33: 1130 | H33: 55 | I33: =G33+H33 -> 1185 | J33: =IF(L33>0,L33,0) -> 174.46063 | K33: =I33+J33 -> 1359.4606 | L33: =F33-(I33-X33) -> 174.46063 | M33: 139 | N33: 0 | O33: =25.2+23.5*1.05 -> 49.875 | P33: =M33-(N33+O33) -> 89.125 | Q33: 22 | R33: 11 | S33: =SUM(P33:R33) -> 122.125 | U33: 8.9 | V33: 1050 | W33: =W32 -> 16814 | X33: =N33+O33+S33+U33+V33 -> 1230.9 | Y33: =IF(L33<0,L33*-1,0) -> 0 | Z33: =X33+Y33 -> 1230.9 | AA33: 0 | AB33: 71 | AC33: 32 | AD33: =AD32+1 -> 24
A34: =A33+1 -> 25 | B34: 6917.53 | C34: 353001 | D34: =C34-C33 -> 678 | E34: =C34-152000 -> 201001 | F34: =D34/$D$2 -> 341.82002 | G34: 1280 | H34: 66 | I34: =G34+H34 -> 1346 | J34: =IF(L34>0,L34,0) -> 260.12002 | K34: =I34+J34 -> 1606.12 | L34: =F34-(I34-X34) -> 260.12002 | M34: 158 | N34: 0 | O34: =26.1+25.6*1.05 -> 52.98 | P34: =M34-(N34+O34) -> 105.02 | Q34: 22 | R34: 16 | S34: =SUM(P34:R34) -> 143.02 | U34: 8.3 | V34: 1060 | W34: =W33 -> 16814 | X34: =N34+O34+S34+U34+V34 -> 1264.3 | Y34: =IF(L34<0,L34*-1,0) -> 0 | Z34: =X34+Y34 -> 1264.3 | AA34: 0 | AB34: 72 | AC34: 35 | AD34: =AD33+1 -> 25
A35: =A34+1 -> 26 | B35: 6917.76 | C35: 353976 | D35: =C35-C34 -> 975 | E35: =C35-152000 -> 201976 | F35: =D35/$D$2 -> 491.55533 | G35: 1440 | H35: 70 | I35: =G35+H35 -> 1510 | J35: =IF(L35>0,L35,0) -> 282.05533 | K35: =I35+J35 -> 1792.0553 | L35: =F35-(I35-X35) -> 282.05533 | M35: 191 | N35: 0 | O35: =27.6+25.6*1.05 -> 54.48 | P35: =M35-(N35+O35) -> 136.52 | Q35: 22 | R35: 25 | S35: =SUM(P35:R35) -> 183.52 | U35: 22.5 | V35: 1040 | W35: =W34 -> 16814 | X35: =N35+O35+S35+U35+V35 -> 1300.5 | Y35: =IF(L35<0,L35*-1,0) -> 0 | Z35: =X35+Y35 -> 1300.5 | AA35: 0 | AB35: 78 | AC35: 37 | AD35: =AD34+1 -> 26
A36: =A35+1 -> 27 | B36: 6918.11 | C36: 355464 | D36: =C36-C35 -> 1488 | E36: =C36-152000 -> 203464 | F36: =D36/$D$2 -> 750.18906 | G36: 1770 | H36: 92 | I36: =G36+H36 -> 1862 | J36: =IF(L36>0,L36,0) -> 255.68906 | K36: =I36+J36 -> 2117.6891 | L36: =F36-(I36-X36) -> 255.68906 | M36: 241 | N36: 0 | O36: =35.6+35*1.05 -> 72.35 | P36: =M36-(N36+O36) -> 168.65 | Q36: 22 | R36: 46 | S36: =SUM(P36:R36) -> 236.65 | U36: 28.5 | V36: 1030 | W36: =W35 -> 16814 | X36: =N36+O36+S36+U36+V36 -> 1367.5 | Y36: =IF(L36<0,L36*-1,0) -> 0 | Z36: =X36+Y36 -> 1367.5 | AA36: 0 | AB36: 81 | AC36: 42 | AD36: =AD35+1 -> 27
A37: =A36+1 -> 28 | B37: 6918.49 | C37: 357088 | D37: =C37-C36 -> 1624 | E37: =C37-152000 -> 205088 | F37: =D37/$D$2 -> 818.75473 | G37: 2070 | H37: 109 | I37: =G37+H37 -> 2179 | J37: =IF(L37>0,L37,0) -> 131.95473 | K37: =I37+J37 -> 2310.9547 | L37: =F37-(I37-X37) -> 131.95473 | M37: 274 | N37: 1.87 | O37: =46.9+46.6*1.05 -> 95.83 | P37: =M37-(N37+O37) -> 176.3 | Q37: 35 | R37: 57 | S37: =SUM(P37:R37) -> 268.3 | U37: 16.2 | V37: 1110 | W37: =W36 -> 16814 | X37: =N37+O37+S37+U37+V37 -> 1492.2 | Y37: =IF(L37<0,L37*-1,0) -> 0 | Z37: =X37+Y37 -> 1492.2 | AA37: 0 | AB37: 82 | AC37: 43 | AD37: =AD36+1 -> 28
A38: =A37+1 -> 29 | B38: 6918.78 | C38: 358327 | D38: =C38-C37 -> 1239 | E38: =C38-152000 -> 206327 | F38: =D38/$D$2 -> 624.65339 | G38: 1930 | H38: 89 | I38: =G38+H38 -> 2019 | J38: =IF(L38>0,L38,0) -> 233.75339 | K38: =I38+J38 -> 2252.7534 | L38: =F38-(I38-X38) -> 233.75339 | M38: 264 | N38: 5 | O38: =33.3+33.2*1.05 -> 68.16 | P38: =M38-(N38+O38) -> 190.84 | Q38: 48 | R38: 57 | S38: =SUM(P38:R38) -> 295.84 | U38: 29.1 | V38: 1230 | W38: =W37 -> 16814 | X38: =N38+O38+S38+U38+V38 -> 1628.1 | Y38: =IF(L38<0,L38*-1,0) -> 0 | Z38: =X38+Y38 -> 1628.1 | AA38: 0 | AB38: 66 | AC38: 42 | AD38: =AD37+1 -> 29
A39: 30 | B39: 6918.9 | C39: 358839 | D39: =C39-C38 -> 512 | E39: =C39-152000 -> 206839 | F39: =D39/$D$2 -> 258.12957 | G39: 1590 | H39: 54 | I39: =G39+H39 -> 1644 | J39: =IF(L39>0,L39,0) -> 215.82957 | K39: =I39+J39 -> 1859.8296 | L39: =F39-(I39-X39) -> 215.82957 | M39: 268 | N39: 5 | O39: =34+33.2*1.05 -> 68.86 | P39: =M39-(N39+O39) -> 194.14 | Q39: 48 | R39: 57 | S39: =SUM(P39:R39) -> 299.14 | U39: 8.7 | V39: 1220 | W39: =W38 -> 16814 | X39: =N39+O39+S39+U39+V39 -> 1601.7 | Y39: =IF(L39<0,L39*-1,0) -> 0 | Z39: =X39+Y39 -> 1601.7 | AA39: 0 | AB39: 64 | AC39: 39 | AD39: 30
A41: MONTH / CFS | F41: =SUM(F10:F39) -> 15230.653 | G41: =SUM(G10:G39) -> 26175 | H41: =SUM(H10:H39) -> 1697.1 | I41: =SUM(I10:I39) -> 27872.1 | J41: =SUM(J10:J39) -> 8153.4529 | K41: =SUM(K10:K39) -> 36025.553 | L41: =SUM(L10:L39) -> 8153.4529 | M41: =SUM(M10:M39) -> 3401.3 | ... S41: =SUM(S10:S39) -> 2677.305 | U41: =SUM(U10:U39) -> 345.5 | V41: =SUM(V10:V39) -> 16359 | X41: =SUM(X10:X39) -> 20794.9 | Y41: =SUM(Y10:Y39) -> 0 | Z41: =SUM(Z10:Z39) -> 20794.9 | AA41: =SUM(AA10:AA39) -> 0.2 | AB41: =AVERAGE(AB10:AB39) -> 64.266667 | AC41: =AVERAGE(AC10:AC39) -> 33.3 | AD41: Avg
A42: MONTH / AF | D42: =SUM(D10:D39) -> 30210 | F42: =F41*$D$2 -> 30210 | G42: =G41*$D$2 -> 51918.113 | H42: =H41*$D$2 -> 3366.1979 | I42: =I41*$D$2 -> 55284.31 | J42: =J41*$D$2 -> 16172.374 | K42: =K41*$D$2 -> 71456.684 | L42: =L41*$D$2 -> 16172.374 | M42: =M41*$D$2 -> 6746.4785 | ... S42: =S41*$D$2 -> 5310.4345 | U42: =U41*$D$2 -> 685.29925 | V42: =V41*$D$2 -> 32448.076 | X42: =X41*$D$2 -> 41246.684 | Y42: =Y41*$D$2 -> 0 | Z42: =Z41*$D$2 -> 41246.684 | AB42: =MAX(AB10:AB39) -> 82 | AC42: =MAX(AC10:AC39) -> 46 | AD42: HI
A44: SEASON / CFS | F44: =F7+F41 -> 15230.653 | G44: =G7+G41 -> 26175 | H44: =H7+H41 -> 1697.1 | I44: =I7+I41 -> 27872.1 | J44: =J7+J41 -> 8153.4529 | K44: =K7+K41 -> 36025.553 | L44: =L7+L41 -> 8153.4529 | M44: =M7+M41 -> 3401.3 | ... S44: =S7+S41 -> 2677.305 | T44: =T39 -> 0 | U44: =U7+U41 -> 345.5 | V44: =V7+V41 -> 16359 | X44: =X7+X41 -> 20794.9 | Y44: =Y7+Y41 -> 0 | Z44: =Z7+Z41 -> 20794.9 | AB44: =MIN(AB10:AB39) -> 50 | AC44: =MIN(AC10:AC39) -> 20 | AD44: LO
A45: SEASON / AF | F45: =F44*$D$2 -> 30210 | G45: =G44*$D$2 -> 51918.113 | H45: =H44*$D$2 -> 3366.1979 | I45: =I44*$D$2 -> 55284.31 | J45: =J44*$D$2 -> 16172.374 | K45: =K44*$D$2 -> 71456.684 | L45: =L44*$D$2 -> 16172.374 | M45: =M44*$D$2 -> 6746.4785 | ... V45: =V44*$D$2 -> 32448.076 | X45: =X44*$D$2 -> 41246.684 | Y45: =Y44*$D$2 -> 0 | Z45: =Z44*$D$2 -> 41246.684
A47: YTD / CFS | F47: =F8+F41 -> 14700.781 | G47: =G8+G41 -> 35759 | H47: =H8+H41 -> 1962.38 | I47: =I8+I41 -> 37721.38 | J47: =J8+J41 -> 10501.614 | K47: =K8+K41 -> 48219.261 | L47: =L8+L41 -> 9831.0314 | M47: =M8+M41 -> 5840.06 | ... S47: =S8+S41 -> 6212.3445 | U47: =U8+U41 -> 345.5 | V47: =V8+V41 -> 24372.97 | W47: =W39 -> 16814 | X47: =X8+X41 -> 32851.63 | Y47: =Y8+Y41 -> 670.58241 | Z47: =Z8+Z41 -> 33522.212 | AA47: =AA8+AA41 -> 5.67
A48: YTD / AF | D48: =D8+D42 -> 29159 | E48: =E39 -> 206839 | F48: =F47*$D$2 -> 29159 | G48: =G47*$D$2 -> 70927.977 | H48: =H47*$D$2 -> 3892.3807 | I48: =I47*$D$2 -> 74820.357 | J48: =J47*$D$2 -> 20829.951 | K48: =K47*$D$2 -> 95642.904 | L48: =L47*$D$2 -> 19499.851 | M48: =M47*$D$2 -> 11583.759 | ... Z48: =Z47*$D$2 -> 66491.308
AA50: 34790 | AB50: 56 | AC50: 32 | AD50: Avg
AB51: 67 | AC51: 40 | AD51: hi
AB52: 36 | AC52: 22 | AD52: lo
AA53: 35156 | AB53: 60 | AC53: 32 | AD53: Avg
AA54: 76 | AB54: 42 | AC54: hi
AA55: 41 | AB55: 21 | AC55: lo

Sheet MAY
K1: MC PHEE RESERVOIR IN/OUT FLOW TABULATION
A2: AF/cfs CONVERT FACTOR | D2: 1.9835 | K2: MAY "2000"
A4: DATE | B4: RESERV | C4: RESERV | D4: AC FT | E4: ACTIVE | F4: CONV TO | G4: DOLORES | H4: LOST | I4: RECORDED | J4: CALC | K4: TOTAL | L4: CALC | M4: DOLORES TUNNEL | Q4: LONE | R4: U | S4: TOTAL | T4: MVI | U4: DV CR | V4: BELOW | W4: REMAIN | X4: RECORDED | Y4: CALC | Z4: TOTAL | AA4: RAIN | AB4: MAX | AC4: MIN | AD4: DATE
A5: "MAY" | B5: ELEV | C5: AC FT | D5: CHANGE | E5: CAP | F5: CFS | G5: RIVER | H5: CANYON | I5: INFLOW | J5: INFLOW | K5: INFLOW | L5: INF/OTF | M5: TOT DIV | N5: WETLAND | O5: UTE F&R | P5: MVI,CTZ | Q5: PINE | R5: LAT | S5: MVI | T5: CALL | U5: CANAL | V5: MC PHEE | W5: RELEASE | X5: OUTFLOW | Y5: OUTFLOW | Z5: OUTFLOW | AB5: TMP | AC5: TMP | AD5: "MAY"
A7: SEASON BAL | F7: =APR!F44 -> 15230.653 | G7: =APR!G44 -> 26175 | H7: =APR!H44 -> 1697.1 | I7: =APR!I44 -> 27872.1 | J7: =APR!J44 -> 8153.4529 | K7: =APR!K44 -> 36025.553 | L7: =APR!L44 -> 8153.4529 | M7: =APR!M44 -> 3401.3 | ... V7: =APR!V44 -> 16359 | X7: =APR!X44 -> 20794.9 | Y7: =APR!Y44 -> 0 | Z7: =APR!Z44 -> 20794.9
A8: YTD | B8: =APR!B39 -> 6918.9 | C8: =APR!C39 -> 358839 | D8: =APR!D48 -> 29159 | E8: =APR!E48 -> 206839 | F8: =APR!F47 -> 14700.781 | G8: =APR!G47 -> 35759 | H8: =APR!H47 -> 1962.38 | I8: =APR!I47 -> 37721.38 | J8: =APR!J47 -> 10501.614 | K8: =APR!K47 -> 48219.261 | L8: =APR!L47 -> 9831.0314 | M8: =APR!M47 -> 5840.06 | ... AA8: =APR!AA47 -> 5.67
A10: 1 | B10: 6918.97 | C10: 359139 | D10: =C10-C8 -> 300 | E10: =C10-152000 -> 207139 | F10: =D10/$D$2 -> 151.24779 | G10: 1560 | H10: 49 | I10: =G10+H10 -> 1609 | J10: =IF(L10>0,L10) -> 197.74779 | K10: =I10+J10 -> 1806.7478 | L10: =F10-(I10-X10) -> 197.74779 | M10: 286 | N10: 5 | O10: =37.7+37.7*1.05 -> 77.285 | P10: =M10-(N10+O10) -> 203.715 | Q10: 64 | R10: 57 | S10: =SUM(P10:R10) -> 324.715 | U10: 28.5 | V10: 1220 | W10: =W8 -> 16814 | X10: =N10+O10+S10+U10+V10 -> 1655.5 | Y10: =IF(L10<0,L10*-1,0) -> 0 | Z10: =X10+Y10 -> 1655.5 | AA10: 0 | AB10: 73 | AC10: 34 | AD10: 1
A11: =A10+1 -> 2 | B11: 6919.03 | C11: 359396 | D11: =C11-C10 -> 257 | E11: =C11-152000 -> 207396 | F11: =D11/$D$2 -> 129.56894 | G11: 1700 | H11: 38 | I11: =G11+H11 -> 1738 | J11: =IF(L11>0,L11,0) -> 85.368944 | K11: =I11+J11 -> 1823.3689 | L11: =F11-(I11-X11) -> 85.368944 | M11: 278 | N11: 5 | O11: =40.7+40.2*1.05 -> 82.91 | P11: =M11-(N11+O11) -> 190.09 | Q11: 76 | R11: 64 | S11: =SUM(P11:R11) -> 330.09 | U11: 45.8 | V11: 1230 | W11: =W10 -> 16814 | X11: =N11+O11+S11+U11+V11 -> 1693.8 | Y11: =IF(L11<0,L11*-1,0) -> 0 | Z11: =X11+Y11 -> 1693.8 | AA11: 0 | AB11: 79 | AC11: 36 | AD11: =AD10+1 -> 2
A12: =A11+1 -> 3 | B12: 6919.25 | C12: 360343 | D12: =C12-C11 -> 947 | E12: =C12-152000 -> 208343 | F12: =D12/$D$2 -> 477.43887 | G12: 2040 | H12: 44 | I12: =G12+H12 -> 2084 | J12: =IF(L12>0,L12,0) -> 114.83887 | K12: =I12+J12 -> 2198.8389 | L12: =F12-(I12-X12) -> 114.83887 | M12: 295 | N12: 5 | O12: =41.6+41.2*1.05 -> 84.86 | P12: =M12-(N12+O12) -> 205.14 | Q12: 76 | R12: 71 | S12: =SUM(P12:R12) -> 352.14 | U12: 69.4 | V12: 1210 | W12: =W10 -> 16814 | X12: =N12+O12+S12+U12+V12 -> 1721.4 | Y12: =IF(L12<0,L12*-1,0) -> 0 | Z12: =X12+Y12 -> 1721.4 | AA12: 0 | AB12: 81 | AC12: 40 | AD12: =AD11+1 -> 3
A13: =A12+1 -> 4 | B13: 6919.65 | C13: 362066 | D13: =C13-C12 -> 1723 | E13: =C13-152000 -> 210066 | F13: =D13/$D$2 -> 868.6665 | G13: 2270 | H13: 40 | I13: =G13+H13 -> 2310 | J13: =IF(L13>0,L13,0) -> 214.7665 | K13: =I13+J13 -> 2524.7665 | L13: =F13-(I13-X13) -> 214.7665 | M13: 286 | N13: 5 | O13: =30.9+30*1.05 -> 62.4 | P13: =M13-(N13+O13) -> 218.6 | Q13: 108 | R13: 76 | S13: =SUM(P13:R13) -> 402.6 | U13: 86.1 | V13: 1100 | W13: =W11 -> 16814 | X13: =N13+O13+S13+U13+V13 -> 1656.1 | Y13: =IF(L13<0,L13*-1,0) -> 0 | Z13: =X13+Y13 -> 1656.1 | AA13: 0 | AB13: 81 | AC13: 41 | AD13: =AD12+1 -> 4
A14: =A13+1 -> 5 | B14: 6920.1 | C14: 364007 | D14: =C14-C13 -> 1941 | E14: =C14-152000 -> 212007 | F14: =D14/$D$2 -> 978.57323 | G14: 2410 | H14: 31 | I14: =G14+H14 -> 2441 | J14: =IF(L14>0,L14,0) -> 152.67323 | K14: =I14+J14 -> 2593.6732 | L14: =F14-(I14-X14) -> 152.67323 | M14: 293 | N14: 5 | O14: =30.4+30.4*1.05 -> 62.32 | P14: =M14-(N14+O14) -> 225.68 | Q14: 138 | R14: 79 | S14: =SUM(P14:R14) -> 442.68 | U14: 130.1 | V14: 975 | W14: =W12 -> 16814 | X14: =N14+O14+S14+U14+V14 -> 1615.1 | Y14: =IF(L14<0,L14*-1,0) -> 0 | Z14: =X14+Y14 -> 1615.1 | AA14: 0 | AB14: 80 | AC14: 41 | AD14: =AD13+1 -> 5
A15: =A14+1 -> 6 | B15: 6920.47 | C15: 365614 | D15: =C15-C14 -> 1607 | E15: =C15-152000 -> 213614 | F15: =D15/$D$2 -> 810.18402 | G15: 2320 | H15: 16 | I15: =G15+H15 -> 2336 | J15: =IF(L15>0,L15,0) -> 133.58402 | K15: =I15+J15 -> 2469.584 | L15: =F15-(I15-X15) -> 133.58402 | M15: 297 | N15: 5 | O15: 62.3 | P15: =M15-(N15+O15) -> 229.7 | Q15: 139 | R15: 79 | S15: =SUM(P15:R15) -> 447.7 | U15: 175.4 | V15: 969 | W15: =W13 -> 16814 | X15: =N15+O15+S15+U15+V15 -> 1659.4 | Y15: =IF(L15<0,L15*-1,0) -> 0 | Z15: =X15+Y15 -> 1659.4 | AA15: 0 | AB15: 76 | AC15: 40 | AD15: =AD14+1 -> 6
A16: =A15+1 -> 7 | B16: 6920.72 | C16: 366699 | D16: =C16-C15 -> 1085 | E16: =C16-152000 -> 214699 | F16: =D16/$D$2 -> 547.01286 | G16: 2060 | H16: 4.1 | I16: =G16+H16 -> 2064.1 | J16: =IF(L16>0,L16,0) -> 142.71286 | K16: =I16+J16 -> 2206.8129 | L16: =F16-(I16-X16) -> 142.71286 | M16: 302 | N16: 5 | O16: =31.1+29.8*1.05 -> 62.39 | P16: =M16-(N16+O16) -> 234.61 | Q16: 156 | R16: 79 | S16: =SUM(P16:R16) -> 469.61 | U16: 167.8 | V16: 955 | W16: =W14 -> 16814 | X16: =N16+O16+S16+U16+V16 -> 1659.8 | Y16: =IF(L16<0,L16*-1,0) -> 0 | Z16: =X16+Y16 -> 1659.8 | AA16: 0.04 | AB16: 74 | AC16: 38 | AD16: =AD15+1 -> 7
A17: =A16+1 -> 8 | B17: 6921.15 | C17: 368572 | D17: =C17-C16 -> 1873 | E17: =C17-152000 -> 216572 | F17: =D17/$D$2 -> 944.2904 | G17: 2400 | H17: 3.5 | I17: =G17+H17 -> 2403.5 | J17: =IF(L17>0,L17,0) -> 188.1904 | K17: =I17+J17 -> 2591.6904 | L17: =F17-(I17-X17) -> 188.1904 | M17: 303 | N17: 5 | O17: =34+35*1.05 -> 70.75 | P17: =M17-(N17+O17) -> 227.25 | Q17: 184 | R17: 79 | S17: =SUM(P17:R17) -> 490.25 | U17: 192.4 | V17: 889 | W17: =W15 -> 16814 | X17: =N17+O17+S17+U17+V17 -> 1647.4 | Y17: =IF(L17<0,L17*-1,0) -> 0 | Z17: =X17+Y17 -> 1647.4 | AA17: 0.16 | AB17: 60 | AC17: 44 | AD17: =AD16+1 -> 8
A18: =A17+1 -> 9 | B18: 6921.43 | C18: 369798 | D18: =C18-C17 -> 1226 | E18: =C18-152000 -> 217798 | F18: =D18/$D$2 -> 618.09932 | G18: 2100 | H18: 9.2 | I18: =G18+H18 -> 2109.2 | J18: =IF(L18>0,L18,0) -> 90.699319 | K18: =I18+J18 -> 2199.8993 | L18: =F18-(I18-X18) -> 90.699319 | M18: 294 | N18: 5 | O18: =28.5+29.3*1.05 -> 59.265 | P18: =M18-(N18+O18) -> 229.735 | Q18: 182 | R18: 79 | S18: =SUM(P18:R18) -> 490.735 | U18: 205.8 | V18: 821 | W18: =W16 -> 16814 | X18: =N18+O18+S18+U18+V18 -> 1581.8 | Y18: =IF(L18<0,L18*-1,0) -> 0 | Z18: =X18+Y18 -> 1581.8 | AA18: 0 | AB18: 72 | AC18: 36 | AD18: =AD17+1 -> 9
A19: =A18+1 -> 10 | B19: 6921.55 | C19: 370323 | D19: =C19-C18 -> 525 | E19: =C19-152000 -> 218323 | F19: =D19/$D$2 -> 264.68364 | G19: 1800 | H19: 2.9 | I19: =G19+H19 -> 1802.9 | J19: =IF(L19>0,L19,0) -> 68.58364 | K19: =I19+J19 -> 1871.4836 | L19: =F19-(I19-X19) -> 68.58364 | M19: 293 | N19: 5 | O19: =24.5+26.1*1.05 -> 51.905 | P19: =M19-(N19+O19) -> 236.095 | Q19: 199 | R19: 79 | S19: =SUM(P19:R19) -> 514.095 | U19: 234.8 | V19: 801 | W19: =W17 -> 16814 | X19: =N19+O19+S19+U19+V19 -> 1606.8 | Y19: =IF(L19<0,L19*-1,0) -> 0 | Z19: =X19+Y19 -> 1606.8 | AA19: 0 | AB19: 79 | AC19: 40 | AD19: =AD18+1 -> 10
A20: =A19+1 -> 11 | B20: 6921.77 | C20: 371286 | D20: =C20-C19 -> 963 | E20: =C20-152000 -> 219286 | F20: =D20/$D$2 -> 485.50542 | G20: 1970 | H20: 2.4 | I20: =G20+H20 -> 1972.4 | J20: =IF(L20>0,L20,0) -> 130.60542 | K20: =I20+J20 -> 2103.0054 | L20: =F20-(I20-X20) -> 130.60542 | M20: 310 | N20: 5 | O20: =34.5+36*1.05 -> 72.3 | P20: =M20-(N20+O20) -> 232.7 | Q20: 209 | R20: 79 | S20: =SUM(P20:R20) -> 520.7 | U20: 224.5 | V20: 795 | W20: =W18 -> 16814 | X20: =N20+O20+S20+U20+V20 -> 1617.5 | Y20: =IF(L20<0,L20*-1,0) -> 0 | Z20: =X20+Y20 -> 1617.5 | AA20: 0 | AB20: 66 | AC20: 50 | AD20: =AD19+1 -> 11
A21: =A20+1 -> 12 | B21: 6921.95 | C21: 372075 | D21: =C21-C20 -> 789 | E21: =C21-152000 -> 220075 | F21: =D21/$D$2 -> 397.7817 | G21: 1800 | H21: 2 | I21: =G21+H21 -> 1802 | J21: =IF(L21>0,L21,0) -> 98.281699 | K21: =I21+J21 -> 1900.2817 | L21: =F21-(I21-X21) -> 98.281699 | M21: 302 | N21: 5 | O21: =34.5+35.6*1.05 -> 71.88 | P21: =M21-(N21+O21) -> 225.12 | Q21: 213 | R21: 79 | S21: =SUM(P21:R21) -> 517.12 | U21: 114.5 | V21: 794 | W21: =W19 -> 16814 | X21: =N21+O21+S21+U21+V21 -> 1502.5 | Y21: =IF(L21<0,L21*-1,0) -> 0 | Z21: =X21+Y21 -> 1502.5 | AA21: 0 | AB21: 52 | AC21: 24 | AD21: =AD20+1 -> 12
A22: =A21+1 -> 13 | B22: 6921.88 | C22: 371768 | D22: =C22-C21 -> -307 | E22: =C22-152000 -> 219768 | F22: =D22/$D$2 -> -154.77691 | G22: 1410 | H22: 1.8 | I22: =G22+H22 -> 1411.8 | J22: =IF(L22>0,L22,0) -> 0 | K22: =I22+J22 -> 1411.8 | L22: =F22-(I22-X22) -> -33.37691 | M22: 290 | N22: 5 | O22: =23.5+25.7*1.05 -> 50.485 | P22: =M22-(N22+O22) -> 234.515 | Q22: 213 | R22: 77 | S22: =SUM(P22:R22) -> 524.515 | U22: 156.2 | V22: 797 | W22: =W20 -> 16814 | X22: =N22+O22+S22+U22+V22 -> 1533.2 | Y22: =IF(L22<0,L22*-1,0) -> 33.37691 | Z22: =X22+Y22 -> 1566.5769 | AA22: 0 | AB22: 69 | AC22: 29 | AD22: =AD21+1 -> 13
A23: =A22+1 -> 14 | B23: 6921.75 | C23: 371199 | D23: =C23-C22 -> -569 | E23: =C23-152000 -> 219199 | F23: =D23/$D$2 -> -286.86665 | G23: 1250 | H23: 1.6 | I23: =G23+H23 -> 1251.6 | J23: =IF(L23>0,L23,0) -> 63.43335 | K23: =I23+J23 -> 1315.0334 | L23: =F23-(I23-X23) -> 63.43335 | M23: 298 | N23: 5 | O23: =24.6+25.3*1.05 -> 51.165 | P23: =M23-(N23+O23) -> 241.835 | Q23: 212 | R23: 78 | S23: =SUM(P23:R23) -> 531.835 | U23: 216.9 | V23: 797 | W23: =W21 -> 16814 | X23: =N23+O23+S23+U23+V23 -> 1601.9 | Y23: =IF(L23<0,L23*-1,0) -> 0 | Z23: =X23+Y23 -> 1601.9 | AA23: 0 | AB23: 73 | AC23: 36 | AD23: =AD22+1 -> 14
A24: =A23+1 -> 15 | B24: 6921.5 | C24: 370104 | D24: =C24-C23 -> -1095 | E24: =C24-152000 -> 218104 | F24: =D24/$D$2 -> -552.05445 | G24: 1100 | H24: 1.3 | I24: =G24+H24 -> 1101.3 | J24: =IF(L24>0,L24,0) -> 0 | K24: =I24+J24 -> 1101.3 | L24: =F24-(I24-X24) -> -6.4544492 | M24: 305 | N24: 5 | O24: =27.9+28.8*1.05 -> 58.14 | P24: =M24-(N24+O24) -> 241.86 | Q24: 210 | R24: 79 | S24: =SUM(P24:R24) -> 530.86 | U24: 256.9 | V24: 796 | W24: =W22 -> 16814 | X24: =N24+O24+S24+U24+V24 -> 1646.9 | Y24: =IF(L24<0,L24*-1,0) -> 6.4544492 | Z24: =X24+Y24 -> 1653.3544 | AA24: 0 | AB24: 80 | AC24: 43 | AD24: =AD23+1 -> 15
A25: =A24+1 -> 16 | B25: 6921.3 | C25: 369228 | D25: =C25-C24 -> -876 | E25: =C25-152000 -> 217228 | F25: =D25/$D$2 -> -441.64356 | G25: 1180 | H25: 1.1 | I25: =G25+H25 -> 1181.1 | J25: =IF(L25>0,L25,0) -> 22.956441 | K25: =I25+J25 -> 1204.0564 | L25: =F25-(I25-X25) -> 22.956441 | M25: 315 | N25: 5 | O25: =27.3+29.4*1.05 -> 58.17 | P25: =M25-(N25+O25) -> 251.83 | Q25: 210 | R25: 81 | S25: =SUM(P25:R25) -> 542.83 | U25: 248.7 | V25: 791 | W25: =W23 -> 16814 | X25: =N25+O25+S25+U25+V25 -> 1645.7 | Y25: =IF(L25<0,L25*-1,0) -> 0 | Z25: =X25+Y25 -> 1645.7 | AA25: 0 | AB25: 78 | AC25: 42 | AD25: =AD24+1 -> 16
A26: =A25+1 -> 17 | B26: 6921.14 | C26: 368528 | D26: =C26-C25 -> -700 | E26: =C26-152000 -> 216528 | F26: =D26/$D$2 -> -352.91152 | G26: 1300 | H26: 0.95 | I26: =G26+H26 -> 1300.95 | J26: =IF(L26>0,L26,0) -> 0 | K26: =I26+J26 -> 1300.95 | L26: =F26-(I26-X26) -> -37.96152 | M26: 322 | N26: 5 | O26: =36.1+35.9*1.05 -> 73.795 | P26: =M26-(N26+O26) -> 243.205 | Q26: 211 | R26: 81 | S26: =SUM(P26:R26) -> 535.205 | U26: 212.9 | V26: 789 | W26: =W24 -> 16814 | X26: =N26+O26+S26+U26+V26 -> 1615.9 | Y26: =IF(L26<0,L26*-1,0) -> 37.96152 | Z26: =X26+Y26 -> 1653.8615 | AA26: 0 | AB26: 60 | AC26: 34 | AD26: =AD25+1 -> 17
A27: =A26+1 -> 18 | B27: 6920.92 | C27: 367567 | D27: =C27-C26 -> -961 | E27: =C27-152000 -> 215567 | F27: =D27/$D$2 -> -484.4971 | G27: 1060 | H27: 0.98 | I27: =G27+H27 -> 1060.98 | J27: =IF(L27>0,L27,0) -> 49.522899 | K27: =I27+J27 -> 1110.5029 | L27: =F27-(I27-X27) -> 49.522899 | M27: 296 | N27: 5 | O27: =28.8+27.9*1.05 -> 58.095 | P27: =M27-(N27+O27) -> 232.905 | Q27: 210 | R27: 80 | S27: =SUM(P27:R27) -> 522.905 | U27: 220 | V27: 789 | W27: =W25 -> 16814 | X27: =N27+O27+S27+U27+V27 -> 1595 | Y27: =IF(L27<0,L27*-1,0) -> 0 | Z27: =X27+Y27 -> 1595 | AA27: 0 | AB27: 63 | AC27: 28 | AD27: =AD26+1 -> 18
A28: =A27+1 -> 19 | B28: 6920.59 | C28: 366135 | D28: =C28-C27 -> -1432 | E28: =C28-152000 -> 214135 | F28: =D28/$D$2 -> -721.95614 | G28: 908 | H28: 0.95 | I28: =G28+H28 -> 908.95 | J28: =IF(L28>0,L28,0) -> 0 | K28: =I28+J28 -> 908.95 | L28: =F28-(I28-X28) -> -22.706138 | M28: 288 | N28: 5 | O28: =24.6+24*1.05 -> 49.8 | P28: =M28-(N28+O28) -> 233.2 | Q28: 210 | R28: 80 | S28: =SUM(P28:R28) -> 523.2 | U28: 241.2 | V28: 789 | W28: =W26 -> 16814 | X28: =N28+O28+S28+U28+V28 -> 1608.2 | Y28: =IF(L28<0,L28*-1,0) -> 22.706138 | Z28: =X28+Y28 -> 1630.9061 | AA28: 0 | AB28: 69 | AC28: 36 | AD28: =AD27+1 -> 19
A29: =A28+1 -> 20 | B29: 6920.24 | C29: 364615 | D29: =C29-C28 -> -1520 | E29: =C29-152000 -> 212615 | F29: =D29/$D$2 -> -766.32216 | G29: 817 | H29: 0.86 | I29: =G29+H29 -> 817.86 | J29: =IF(L29>0,L29,0) -> 52.117842 | K29: =I29+J29 -> 869.97784 | L29: =F29-(I29-X29) -> 52.117842 | M29: 300 | N29: 5 | O29: =25.4+25.6*1.05 -> 52.28 | P29: =M29-(N29+O29) -> 242.72 | Q29: 209 | R29: 80 | S29: =SUM(P29:R29) -> 531.72 | U29: 257.3 | V29: 790 | W29: =W27 -> 16814 | X29: =N29+O29+S29+U29+V29 -> 1636.3 | Y29: =IF(L29<0,L29*-1,0) -> 0 | Z29: =X29+Y29 -> 1636.3 | AA29: 0 | AB29: 73 | AC29: 37 | AD29: =AD28+1 -> 20
A30: =A29+1 -> 21 | B30: 6919.89 | C30: 363099 | D30: =C30-C29 -> -1516 | E30: =C30-152000 -> 211099 | F30: =D30/$D$2 -> -764.30552 | G30: 894 | H30: 0.75 | I30: =G30+H30 -> 894.75 | J30: =IF(L30>0,L30,0) -> 0 | K30: =I30+J30 -> 894.75 | L30: =F30-(I30-X30) -> -34.555521 | M30: 303 | N30: 5 | O30: =24.2+23.9*1.05 -> 49.295 | P30: =M30-(N30+O30) -> 248.705 | Q30: 209 | R30: 80 | S30: =SUM(P30:R30) -> 537.705 | U30: 242.5 | V30: 790 | W30: =W28 -> 16814 | X30: =N30+O30+S30+U30+V30 -> 1624.5 | Y30: =IF(L30<0,L30*-1,0) -> 34.555521 | Z30: =X30+Y30 -> 1659.0555 | AA30: 0 | AB30: 78 | AC30: 39 | AD30: =AD29+1 -> 21
A31: =A30+1 -> 22 | B31: 6919.72 | C31: 362367 | D31: =C31-C30 -> -732 | E31: =C31-152000 -> 210367 | F31: =D31/$D$2 -> -369.04462 | G31: 1110 | H31: 0.67 | I31: =G31+H31 -> 1110.67 | J31: =IF(L31>0,L31,0) -> 53.685382 | K31: =I31+J31 -> 1164.3554 | L31: =F31-(I31-X31) -> 53.685382 | M31: 304 | N31: 5 | O31: =24.5+24.3*1.05 -> 50.015 | P31: =M31-(N31+O31) -> 248.985 | Q31: 208 | R31: 80 | S31: =SUM(P31:R31) -> 536.985 | U31: 268.4 | V31: 673 | W31: =W29 -> 16814 | X31: =N31+O31+S31+U31+V31 -> 1533.4 | Y31: =IF(L31<0,L31*-1,0) -> 0 | Z31: =X31+Y31 -> 1533.4 | AA31: 0 | AB31: 85 | AC31: 44 | AD31: =AD30+1 -> 22
A32: =A31+1 -> 23 | B32: 6919.8 | C32: 362712 | D32: =C32-C31 -> 345 | E32: =C32-152000 -> 210712 | F32: =D32/$D$2 -> 173.93496 | G32: 1490 | H32: 0.6 | I32: =G32+H32 -> 1490.6 | J32: =IF(L32>0,L32,0) -> 0 | K32: =I32+J32 -> 1490.6 | L32: =F32-(I32-X32) -> -4.7650366 | M32: 329 | N32: 5 | O32: =30.5+30.4*1.05 -> 62.42 | P32: =M32-(N32+O32) -> 261.58 | Q32: 196 | R32: 82 | S32: =SUM(P32:R32) -> 539.58 | U32: 282.9 | V32: 422 | W32: =W30 -> 16814 | X32: =N32+O32+S32+U32+V32 -> 1311.9 | Y32: =IF(L32<0,L32*-1,0) -> 4.7650366 | Z32: =X32+Y32 -> 1316.665 | AA32: 0 | AB32: 91 | AC32: 50 | AD32: =AD31+1 -> 23
A33: =A32+1 -> 24 | B33: 6920.17 | C33: 364311 | D33: =C33-C32 -> 1599 | E33: =C33-152000 -> 212311 | F33: =D33/$D$2 -> 806.15074 | G33: 1960 | H33: 0.55 | I33: =G33+H33 -> 1960.55 | J33: =IF(L33>0,L33,0) -> 0 | K33: =I33+J33 -> 1960.55 | L33: =F33-(I33-X33) -> -12.099256 | M33: 317 | N33: 0 | O33: =29.4+29.6*1.05 -> 60.48 | P33: =M33-(N33+O33) -> 256.52 | Q33: 183 | R33: 84 | S33: =SUM(P33:R33) -> 523.52 | U33: 273.3 | V33: 285 | W33: =W31 -> 16814 | X33: =N33+O33+S33+U33+V33 -> 1142.3 | Y33: =IF(L33<0,L33*-1,0) -> 12.099256 | Z33: =X33+Y33 -> 1154.3993 | AA33: 0 | AB33: 87 | AC33: 50 | AD33: =AD32+1 -> 24
A34: =A33+1 -> 25 | B34: 6920.51 | C34: 365787 | D34: =C34-C33 -> 1476 | E34: =C34-152000 -> 213787 | F34: =D34/$D$2 -> 744.13915 | G34: 1890 | H34: 0.51 | I34: =G34+H34 -> 1890.51 | J34: =IF(L34>0,L34,0) -> 0 | K34: =I34+J34 -> 1890.51 | L34: =F34-(I34-X34) -> -1.770852 | M34: 321 | N34: 0 | O34: =62.3*1.05 -> 65.415 | P34: =M34-(N34+O34) -> 255.585 | Q34: 184 | R34: 84 | S34: =SUM(P34:R34) -> 523.585 | U34: 268.6 | V34: 287 | W34: =W32 -> 16814 | X34: =N34+O34+S34+U34+V34 -> 1144.6 | Y34: =IF(L34<0,L34*-1,0) -> 1.770852 | Z34: =X34+Y34 -> 1146.3709 | AA34: 0 | AB34: 81 | AC34: 52 | AD34: =AD33+1 -> 25
A35: =A34+1 -> 26 | B35: 6920.65 | C35: 366395 | D35: =C35-C34 -> 608 | E35: =C35-152000 -> 214395 | F35: =D35/$D$2 -> 306.52886 | G35: 1450 | H35: 0.54 | I35: =G35+H35 -> 1450.54 | J35: =IF(L35>0,L35,0) -> 10.288863 | K35: =I35+J35 -> 1460.8289 | L35: =F35-(I35-X35) -> 10.288863 | M35: 324 | N35: 0 | O35: =58.2*1.05 -> 61.11 | P35: =M35-(N35+O35) -> 262.89 | Q35: 184 | R35: 85 | S35: =SUM(P35:R35) -> 531.89 | U35: 262.3 | V35: 299 | W35: =W33 -> 16814 | X35: =N35+O35+S35+U35+V35 -> 1154.3 | Y35: =IF(L35<0,L35*-1,0) -> 0 | Z35: =X35+Y35 -> 1154.3 | AA35: 0 | AB35: 73 | AC35: 41 | AD35: =AD34+1 -> 26
A36: =A35+1 -> 27 | B36: 6920.7 | C36: 366612 | D36: =C36-C35 -> 217 | E36: =C36-152000 -> 214612 | F36: =D36/$D$2 -> 109.40257 | G36: 1240 | H36: 0.54 | I36: =G36+H36 -> 1240.54 | J36: =IF(L36>0,L36,0) -> 0 | K36: =I36+J36 -> 1240.54 | L36: =F36-(I36-X36) -> -6.2374288 | M36: 314 | N36: 0 | O36: =24.4+26.7*1.05 -> 52.435 | P36: =M36-(N36+O36) -> 261.565 | Q36: 185 | R36: 85 | S36: =SUM(P36:R36) -> 531.565 | U36: 256.9 | V36: 284 | W36: =W34 -> 16814 | X36: =N36+O36+S36+U36+V36 -> 1124.9 | Y36: =IF(L36<0,L36*-1,0) -> 6.2374288 | Z36: =X36+Y36 -> 1131.1374 | AA36: 0 | AB36: 82 | AC36: 41 | AD36: =AD35+1 -> 27
A37: 28 | B37: 6920.8 | C37: 367046 | D37: =C37-C36 -> 434 | E37: =C37-152000 -> 215046 | F37: =D37/$D$2 -> 218.80514 | G37: 1290 | H37: 0.48 | I37: =G37+H37 -> 1290.48 | J37: =IF(L37>0,L37,0) -> 0 | K37: =I37+J37 -> 1290.48 | L37: =F37-(I37-X37) -> -85.974858 | M37: 334 | N37: 0 | O37: =33.2+31.4*1.05 -> 66.17 | P37: =M37-(N37+O37) -> 267.83 | Q37: 185 | R37: 85 | S37: =SUM(P37:R37) -> 537.83 | U37: 259.7 | V37: 122 | W37: =W35 -> 16814 | X37: =N37+O37+S37+U37+V37 -> 985.7 | Y37: =IF(L37<0,L37*-1,0) -> 85.974858 | Z37: =X37+Y37 -> 1071.6749 | AA37: 0 | AB37: 85 | AC37: 43 | AD37: 28
A38: 29 | B38: 6921.02 | C38: 368002 | D38: =C38-C37 -> 956 | E38: =C38-152000 -> 216002 | F38: =D38/$D$2 -> 481.9763 | G38: 1470 | H38: 0.37 | I38: =G38+H38 -> 1470.37 | J38: =IF(L38>0,L38,0) -> 0 | K38: =I38+J38 -> 1470.37 | L38: =F38-(I38-X38) -> -56.593695 | M38: 338 | N38: 0 | O38: =34.3+34.6*1.05 -> 70.63 | P38: =M38-(N38+O38) -> 267.37 | Q38: 186 | R38: 86 | S38: =SUM(P38:R38) -> 539.37 | U38: 237.8 | V38: 84 | W38: =W37-80-2 -> 16732 | X38: =N38+O38+S38+U38+V38 -> 931.8 | Y38: =IF(L38<0,L38*-1,0) -> 56.593695 | Z38: =X38+Y38 -> 988.3937 | AA38: 0 | AB38: 93 | AC38: 51 | AD38: 29
A39: 30 | B39: 6921.3 | C39: 369228 | D39: =C39-C38 -> 1226 | E39: =C39-152000 -> 217228 | F39: =D39/$D$2 -> 618.09932 | G39: 1480 | H39: 0.32 | I39: =G39+H39 -> 1480.32 | J39: =IF(L39>0,L39,0) -> 50.679319 | K39: =I39+J39 -> 1530.9993 | L39: =F39-(I39-X39) -> 50.679319 | M39: 324 | N39: 0 | O39: =33.7+33.5*1.05 -> 68.875 | P39: =M39-(N39+O39) -> 255.125 | Q39: 185 | R39: 82 | S39: =SUM(P39:R39) -> 522.125 | U39: 237.9 | V39: 84 | W39: =W38-80-2 -> 16650 | X39: =N39+O39+S39+U39+V39 -> 912.9 | Y39: =IF(L39<0,L39*-1,0) -> 0 | Z39: =X39+Y39 -> 912.9 | AA39: 0 | AB39: 91 | AC39: 51 | AD39: 30
A40: 31 | B40: 6921.43 | C40: 369798 | D40: =C40-C39 -> 570 | E40: =C40-152000 -> 217798 | F40: =D40/$D$2 -> 287.37081 | G40: 1310 | H40: 0.25 | I40: =G40+H40 -> 1310.25 | J40: =IF(L40>0,L40,0) -> 0 | K40: =I40+J40 -> 1310.25 | L40: =F40-(I40-X40) -> -107.37919 | M40: 324 | N40: 0 | O40: =34.8+34.4*1.05 -> 70.92 | P40: =M40-(N40+O40) -> 253.08 | Q40: 185 | R40: 81 | S40: =SUM(P40:R40) -> 519.08 | U40: 241.5 | V40: 84 | W40: =W39-80-2 -> 16568 | X40: =N40+O40+S40+U40+V40 -> 915.5 | Y40: =IF(L40<0,L40*-1,0) -> 107.37919 | Z40: =X40+Y40 -> 1022.8792 | AA40: 0 | AB40: 87 | AC40: 49 | AD40: 31
A42: MONTH / CFS | F42: =SUM(F10:F40) -> 5525.0819 | G42: =SUM(G10:G40) -> 49039 | H42: =SUM(H10:H40) -> 257.22 | I42: =SUM(I10:I40) -> 49296.22 | J42: =SUM(J10:J40) -> 1920.7368 | K42: =SUM(K10:K40) -> 51216.957 | L42: =SUM(L10:L40) -> 1510.8619 | M42: =SUM(M10:M40) -> 9485 | ... S42: =SUM(S10:S40) -> 15388.74 | U42: =SUM(U10:U40) -> 6317 | V42: =SUM(V10:V40) -> 21511 | X42: =SUM(X10:X40) -> 45282 | Y42: =SUM(Y10:Y40) -> 409.87486 | Z42: =SUM(Z10:Z40) -> 45691.875 | AA42: =SUM(AA10:AA40) -> 0.2 | AB42: =AVERAGE(AB10:AB40) -> 76.483871 | AC42: =AVERAGE(AC10:AC40) -> 40.645161 | AD42: AVG
A43: MONTH / AF | D43: =SUM(D10:D40) -> 10959 | F43: =F42*$D$2 -> 10959 | G43: =G42*$D$2 -> 97268.856 | H43: =H42*$D$2 -> 510.19587 | I43: =I42*$D$2 -> 97779.052 | J43: =J42*$D$2 -> 3809.7814 | K43: =K42*$D$2 -> 101588.83 | L43: =L42*$D$2 -> 2996.7946 | M43: =M42*$D$2 -> 18813.498 | ... S43: =S42*$D$2 -> 30523.566 | U43: =U42*$D$2 -> 12529.77 | V43: =V42*$D$2 -> 42667.069 | X43: =X42*$D$2 -> 89816.847 | Y43: =Y42*$D$2 -> 812.98677 | Z43: =Z42*$D$2 -> 90629.834 | AB43: =MAX(AB10:AB40) -> 93 | AC43: =MAX(AC10:AC40) -> 52 | AD43: HI
A45: SEASON / CFS | F45: =F7+F42 -> 20755.735 | G45: =G7+G42 -> 75214 | H45: =H7+H42 -> 1954.32 | I45: =I7+I42 -> 77168.32 | J45: =J7+J42 -> 10074.19 | K45: =K7+K42 -> 87242.51 | L45: =L7+L42 -> 9664.3148 | M45: =M7+M42 -> 12886.3 | ... V45: =V7+V42 -> 37870 | X45: =X7+X42 -> 66076.9 | Y45: =Y7+Y42 -> 409.87486 | Z45: =Z7+Z42 -> 66486.775 | AB45: =MIN(AB10:AB40) -> 52 | AC45: =MIN(AC10:AC40) -> 24 | AD45: LO
A46: SEASON / AF | F46: =F45*$D$2 -> 41169 | G46: =G45*$D$2 -> 149186.97 | H46: =H45*$D$2 -> 3876.3937 | I46: =I45*$D$2 -> 153063.36 | J46: =J45*$D$2 -> 19982.155 | K46: =K45*$D$2 -> 173045.52 | L46: =L45*$D$2 -> 19169.168 | M46: =M45*$D$2 -> 25559.976 | ... V46: =V45*$D$2 -> 75115.145 | X46: =X45*$D$2 -> 131063.53 | Y46: =Y45*$D$2 -> 812.98677 | Z46: =Z45*$D$2 -> 131876.52
A48: YTD / CFS | F48: =F8+F42 -> 20225.863 | G48: =G8+G42 -> 84798 | H48: =H8+H42 -> 2219.6 | I48: =I8+I42 -> 87017.6 | J48: =J8+J42 -> 12422.351 | K48: =K8+K42 -> 99436.218 | L48: =L8+L42 -> 11341.893 | M48: =M8+M42 -> 15325.06 | ... S48: =S8+S42 -> 21601.085 | U48: =U8+U42 -> 6662.5 | V48: =V8+V42 -> 45883.97 | W48: =W40 -> 16568 | X48: =X8+X42 -> 78133.63 | Y48: =Y8+Y42 -> 1080.4573 | Z48: =Z8+Z42 -> 79214.087 | AA48: =AA8+AA42 -> 5.87
A49: YTD / AF | D49: =D8+D43 -> 40118 | E49: =E40 -> 217798 | F49: =F48*$D$2 -> 40118 | G49: =G48*$D$2 -> 168196.83 | H49: =H48*$D$2 -> 4402.5766 | I49: =I48*$D$2 -> 172599.41 | J49: =J48*$D$2 -> 24639.732 | K49: =K48*$D$2 -> 197231.74 | L49: =L48*$D$2 -> 22496.646 | M49: =M48*$D$2 -> 30397.257 | ... Z49: =Z48*$D$2 -> 157121.14

Sheet JUN
K1: MC PHEE RESERVOIR IN/OUT FLOW TABULATION
A2: AF/cfs CONVERT FACTOR | D2: 1.9835 | K2: JUNE "2000"
A4: DATE | B4: RESERV | C4: RESERV | D4: AC FT | E4: ACTIVE | F4: CONV TO | G4: DOLORES | H4: LOST | I4: RECORDED | J4: CALC | K4: TOTAL | L4: CALC | M4: DOLORES TUNNEL | Q4: LONE | R4: U | S4: TOTAL | T4: MVI | U4: DV CR | V4: BELOW | W4: REMAIN | X4: RECORDED | Y4: CALC | Z4: TOTAL | AA4: RAIN | AB4: MAX | AC4: MIN | AD4: DATE
A5: "JUN" | B5: ELEV | C5: AC FT | D5: CHANGE | E5: CAP | F5: CFS | G5: RIVER | H5: CANYON | I5: INFLOW | J5: INFLOW | K5: INFLOW | L5: INF/OTF | M5: TOT DIV | N5: WETLAND | O5: UTE F&R | P5: MVI/CTZ/MWC | Q5: PINE | R5: LAT | S5: MVI | T5: CALL | U5: CANAL | V5: MC PHEE | W5: RELEASE | X5: OUTFLOW | Y5: OUTFLOW | Z5: OUTFLOW | AB5: TMP | AC5: TMP | AD5: "JUN"
A7: SEASON BAL | F7: =MAY!F45 -> 20755.735 | G7: =MAY!G45 -> 75214 | H7: =MAY!H45 -> 1954.32 | I7: =MAY!I45 -> 77168.32 | J7: =MAY!J45 -> 10074.19 | K7: =MAY!K45 -> 87242.51 | L7: =MAY!L45 -> 9664.3148 | M7: =MAY!M45 -> 12886.3 | ... V7: =MAY!V45 -> 37870 | X7: =MAY!X45 -> 66076.9 | Y7: =MAY!Y45 -> 409.87486 | Z7: =MAY!Z45 -> 66486.775
A8: YTD | B8: =MAY!B40 -> 6921.43 | C8: =MAY!C40 -> 369798 | D8: =MAY!D49 -> 40118 | E8: =MAY!E49 -> 217798 | F8: =MAY!F48 -> 20225.863 | G8: =MAY!G48 -> 84798 | H8: =MAY!H48 -> 2219.6 | I8: =MAY!I48 -> 87017.6 | J8: =MAY!J48 -> 12422.351 | K8: =MAY!K48 -> 99436.218 | L8: =MAY!L48 -> 11341.893 | M8: =MAY!M48 -> 15325.06 | ... AA8: =MAY!AA48 -> 5.87
O9: 0 | R9: 0
A10: 1 | B10: 6921.51 | C10: 370148 | D10: =C10-C8 -> 350 | E10: =C10-152000 -> 218148 | F10: =D10/$D$2 -> 176.45576 | G10: 1150 | H10: 0.15 | I10: =G10+H10 -> 1150.15 | J10: =IF(L10>0,L10,0) -> 0 | K10: =I10+J10 -> 1150.15 | L10: =F10-(I10-X10) -> -82.09424 | M10: 327 | N10: 0 | O10: =36.5+36.5*1.05 -> 74.825 | P10: =M10-(N10+O10) -> 252.175 | Q10: 186 | R10: 81 | S10: =SUM(P10:R10) -> 519.175 | U10: 212.6 | V10: 85 | W10: =W8-80 -> 16488 | X10: =N10+O10+S10+U10+V10 -> 891.6 | Y10: =IF(L10<0,L10*-1,0) -> 82.09424 | Z10: =X10+Y10 -> 973.69424 | AA10: 0 | AB10: 86 | AC10: 50 | AD10: 1
A11: =A10+1 -> 2 | B11: 6921.53 | C11: 370236 | D11: =C11-C10 -> 88 | E11: =C11-152000 -> 218236 | F11: =D11/$D$2 -> 44.36602 | G11: 1030 | H11: 0.1 | I11: =G11+H11 -> 1030.1 | J11: =IF(L11>0,L11,0) -> 0 | K11: =I11+J11 -> 1030.1 | L11: =F11-(I11-X11) -> -98.03398 | M11: 334 | N11: 0 | O11: =41.7+40.7*1.05 -> 84.435 | P11: =M11-(N11+O11) -> 249.565 | Q11: 186 | R11: 81 | S11: =SUM(P11:R11) -> 516.565 | U11: 201.7 | V11: 85 | W11: =W10-80 -> 16408 | X11: =N11+O11+S11+U11+V11 -> 887.7 | Y11: =IF(L11<0,L11*-1,0) -> 98.03398 | Z11: =X11+Y11 -> 985.73398 | AA11: 0 | AB11: 86 | AC11: 53 | AD11: =AD10+1 -> 2
A12: =A11+1 -> 3 | B12: 6921.53 | C12: 370236 | D12: =C12-C11 -> 0 | E12: =C12-152000 -> 218236 | F12: =D12/$D$2 -> 0 | G12: 930 | H12: 0.1 | I12: =G12+H12 -> 930.1 | J12: =IF(L12>0,L12,0) -> 0 | K12: =I12+J12 -> 930.1 | L12: =F12-(I12-X12) -> -55 | M12: 339 | N12: 0 | O12: =43.4+40.9*1.05 -> 86.345 | P12: =M12-(N12+O12) -> 252.655 | Q12: 187 | R12: 81 | S12: =SUM(P12:R12) -> 520.655 | U12: 183.1 | V12: 85 | W12: =W11-80 -> 16328 | X12: =N12+O12+S12+U12+V12 -> 875.1 | Y12: =IF(L12<0,L12*-1,0) -> 55 | Z12: =X12+Y12 -> 930.1 | AA12: 0 | AB12: 88 | AC12: 50 | AD12: =AD11+1 -> 3
A13: =A12+1 -> 4 | B13: 6921.5 | C13: 370104 | D13: =C13-C12 -> -132 | E13: =C13-152000 -> 218104 | F13: =D13/$D$2 -> -66.549029 | G13: 835 | H13: 0.07 | I13: =G13+H13 -> 835.07 | J13: =IF(L13>0,L13,0) -> 0 | K13: =I13+J13 -> 835.07 | L13: =F13-(I13-X13) -> -58.219029 | M13: 325 | N13: 0 | O13: =40.2+39.1*1.05 -> 81.255 | P13: =M13-(N13+O13) -> 243.745 | Q13: 187 | R13: 81 | S13: =SUM(P13:R13) -> 511.745 | U13: 165.4 | V13: 85 | W13: =W12-80 -> 16248 | X13: =N13+O13+S13+U13+V13 -> 843.4 | Y13: =IF(L13<0,L13*-1,0) -> 58.219029 | Z13: =X13+Y13 -> 901.61903 | AA13: 0 | AB13: 92 | AC13: 50 | AD13: =AD12+1 -> 4
A14: =A13+1 -> 5 | B14: 6921.43 | C14: 369798 | D14: =C14-C13 -> -306 | E14: =C14-152000 -> 217798 | F14: =D14/$D$2 -> -154.27275 | G14: 734 | H14: 0.03 | I14: =G14+H14 -> 734.03 | J14: =IF(L14>0,L14,0) -> 0 | K14: =I14+J14 -> 734.03 | L14: =F14-(I14-X14) -> -47.10275 | M14: 310 | N14: 0 | O14: =37.7+36.7*1.05 -> 76.235 | P14: =M14-(N14+O14) -> 233.765 | Q14: 187 | R14: 81 | S14: =SUM(P14:R14) -> 501.765 | U14: 178.2 | V14: 85 | W14: =W13-80 -> 16168 | X14: =N14+O14+S14+U14+V14 -> 841.2 | Y14: =IF(L14<0,L14*-1,0) -> 47.10275 | Z14: =X14+Y14 -> 888.30275 | AA14: 0 | AB14: 88 | AC14: 52 | AD14: 5
A15: =A14+1 -> 6 | B15: 6921.35 | C15: 369447 | D15: =C15-C14 -> -351 | E15: =C15-152000 -> 217447 | F15: =D15/$D$2 -> -176.95992 | G15: 673 | H15: 0 | I15: =G15+H15 -> 673 | J15: =IF(L15>0,L15,0) -> 0 | K15: =I15+J15 -> 673 | L15: =F15-(I15-X15) -> -34.559919 | M15: 302 | N15: 0 | O15: =34.9+33.7*1.05 -> 70.285 | P15: =M15-(N15+O15) -> 231.715 | Q15: 187 | R15: 81 | S15: =SUM(P15:R15) -> 499.715 | U15: 160.4 | V15: 85 | W15: =W14-80 -> 16088 | X15: =N15+O15+S15+U15+V15 -> 815.4 | Y15: =IF(L15<0,L15*-1,0) -> 34.559919 | Z15: =X15+Y15 -> 849.95992 | AA15: 0 | AB15: 90 | AC15: 53 | AD15: =AD14+1 -> 6
A16: =A15+1 -> 7 | B16: 6921.21 | C16: 368834 | D16: =C16-C15 -> -613 | E16: =C16-152000 -> 216834 | F16: =D16/$D$2 -> -309.04966 | G16: 639 | H16: 0 | I16: =G16+H16 -> 639 | J16: =IF(L16>0,L16,0) -> 0 | K16: =I16+J16 -> 639 | L16: =F16-(I16-X16) -> -99.24966 | M16: 326 | N16: 0 | O16: =41.7+41.4*1.05 -> 85.17 | P16: =M16-(N16+O16) -> 240.83 | Q16: 187 | R16: 81 | S16: =SUM(P16:R16) -> 508.83 | U16: 168.8 | V16: 86 | W16: =W15-80 -> 16008 | X16: =N16+O16+S16+U16+V16 -> 848.8 | Y16: =IF(L16<0,L16*-1,0) -> 99.24966 | Z16: =X16+Y16 -> 948.04966 | AA16: 0 | AB16: 92 | AC16: 52 | AD16: =AD15+1 -> 7
A17: =A16+1 -> 8 | B17: 6921.09 | C17: 368309 | D17: =C17-C16 -> -525 | E17: =C17-152000 -> 216309 | F17: =D17/$D$2 -> -264.68364 | G17: 584 | H17: 0 | I17: =G17+H17 -> 584 | J17: =IF(L17>0,L17,0) -> 0 | K17: =I17+J17 -> 584 | L17: =F17-(I17-X17) -> -18.58364 | M17: 328 | N17: 0 | O17: =44.8+41.5*1.05 -> 88.375 | P17: =M17-(N17+O17) -> 239.625 | Q17: 186 | R17: 81 | S17: =SUM(P17:R17) -> 506.625 | U17: 149.1 | V17: 86 | W17: =W16-80 -> 15928 | X17: =N17+O17+S17+U17+V17 -> 830.1 | Y17: =IF(L17<0,L17*-1,0) -> 18.58364 | Z17: =X17+Y17 -> 848.68364 | AA17: 0.09 | AB17: 83 | AC17: 60 | AD17: =AD16+1 -> 8
A18: =A17+1 -> 9 | B18: 6920.96 | C18: 367741 | D18: =C18-C17 -> -568 | E18: =C18-152000 -> 215741 | F18: =D18/$D$2 -> -286.36249 | G18: 604 | H18: 0 | I18: =G18+H18 -> 604 | J18: =IF(L18>0,L18,0) -> 0 | K18: =I18+J18 -> 604 | L18: =F18-(I18-X18) -> -75.962491 | M18: 316 | N18: 0 | O18: =37.4+34.3*1.05 -> 73.415 | P18: =M18-(N18+O18) -> 242.585 | Q18: 183 | R18: 81 | S18: =SUM(P18:R18) -> 506.585 | U18: 149.4 | V18: 85 | W18: =W17-80 -> 15848 | X18: =N18+O18+S18+U18+V18 -> 814.4 | Y18: =IF(L18<0,L18*-1,0) -> 75.962491 | Z18: =X18+Y18 -> 890.36249 | AA18: 0 | AB18: 81 | AC18: 52 | AD18: =AD17+1 -> 9
A19: =A18+1 -> 10 | B19: 6920.8 | C19: 367046 | D19: =C19-C18 -> -695 | E19: =C19-152000 -> 215046 | F19: =D19/$D$2 -> -350.39072 | G19: 537 | H19: 0 | I19: =G19+H19 -> 537 | J19: =IF(L19>0,L19,0) -> 0 | K19: =I19+J19 -> 537 | L19: =F19-(I19-X19) -> -75.510723 | M19: 302 | N19: 0 | O19: =31.9+31.3*1.05 -> 64.765 | P19: =M19-(N19+O19) -> 237.235 | Q19: 183 | R19: 81 | S19: =SUM(P19:R19) -> 501.235 | U19: 160.88 | V19: 85 | W19: =W18-80 -> 15768 | X19: =N19+O19+S19+U19+V19 -> 811.88 | Y19: =IF(L19<0,L19*-1,0) -> 75.510723 | Z19: =X19+Y19 -> 887.39072 | AA19: 0 | AB19: 77 | AC19: 46 | AD19: =AD18+1 -> 10
A20: =A19+1 -> 11 | B20: 6920.6 | C20: 366178 | D20: =C20-C19 -> -868 | E20: =C20-152000 -> 214178 | F20: =D20/$D$2 -> -437.61028 | G20: 450 | H20: 0 | I20: =G20+H20 -> 450 | J20: =IF(L20>0,L20,0) -> 0 | K20: =I20+J20 -> 450 | L20: =F20-(I20-X20) -> -70.310285 | M20: 298 | N20: 0 | O20: =28.9+28.9*1.05 -> 59.245 | P20: =M20-(N20+O20) -> 238.755 | Q20: 183 | R20: 81 | S20: =SUM(P20:R20) -> 502.755 | U20: 170.3 | V20: 85 | W20: =W19-80 -> 15688 | X20: =N20+O20+S20+U20+V20 -> 817.3 | Y20: =IF(L20<0,L20*-1,0) -> 70.310285 | Z20: =X20+Y20 -> 887.61028 | AA20: 0 | AB20: 79 | AC20: 41 | AD20: =AD19+1 -> 11
A21: =A20+1 -> 12 | B21: 6920.35 | C21: 365093 | D21: =C21-C20 -> -1085 | E21: =C21-152000 -> 213093 | F21: =D21/$D$2 -> -547.01286 | G21: 408 | H21: 0 | I21: =G21+H21 -> 408 | J21: =IF(L21>0,L21,0) -> 0 | K21: =I21+J21 -> 408 | L21: =F21-(I21-X21) -> -119.31286 | M21: 309 | N21: 0 | O21: =31+31.2*1.05 -> 63.76 | P21: =M21-(N21+O21) -> 245.24 | Q21: 186 | R21: 81 | S21: =SUM(P21:R21) -> 512.24 | U21: 174.7 | V21: 85 | W21: =W20-80 -> 15608 | X21: =N21+O21+S21+U21+V21 -> 835.7 | Y21: =IF(L21<0,L21*-1,0) -> 119.31286 | Z21: =X21+Y21 -> 955.01286 | AA21: 0 | AB21: 86 | AC21: 43 | AD21: =AD20+1 -> 12
A22: =A21+1 -> 13 | B22: 6920.1 | C22: 364007 | D22: =C22-C21 -> -1086 | E22: =C22-152000 -> 212007 | F22: =D22/$D$2 -> -547.51702 | G22: 369 | H22: 0 | I22: =G22+H22 -> 369 | J22: =IF(L22>0,L22,0) -> 0 | K22: =I22+J22 -> 369 | L22: =F22-(I22-X22) -> -55.917015 | M22: 312 | N22: 0 | O22: =33.4+32.9*1.05 -> 67.945 | P22: =M22-(N22+O22) -> 244.055 | Q22: 186 | R22: 80 | S22: =SUM(P22:R22) -> 510.055 | U22: 197.6 | V22: 85 | W22: =W21-80 -> 15528 | X22: =N22+O22+S22+U22+V22 -> 860.6 | Y22: =IF(L22<0,L22*-1,0) -> 55.917015 | Z22: =X22+Y22 -> 916.51702 | AA22: 0 | AB22: 80 | AC22: 44 | AD22: =AD21+1 -> 13
A23: =A22+1 -> 14 | B23: 6919.84 | C23: 362884 | D23: =C23-C22 -> -1123 | E23: =C23-152000 -> 210884 | F23: =D23/$D$2 -> -566.17091 | G23: 357 | H23: 0 | I23: =G23+H23 -> 357 | J23: =IF(L23>0,L23,0) -> 0 | K23: =I23+J23 -> 357 | L23: =F23-(I23-X23) -> -83.57091 | M23: 298 | N23: 0 | O23: =34.4+33.7*1.05 -> 69.785 | P23: =M23-(N23+O23) -> 228.215 | Q23: 185 | R23: 80 | S23: =SUM(P23:R23) -> 493.215 | U23: 192.6 | V23: 84 | W23: =W22-80 -> 15448 | X23: =N23+O23+S23+U23+V23 -> 839.6 | Y23: =IF(L23<0,L23*-1,0) -> 83.57091 | Z23: =X23+Y23 -> 923.17091 | AA23: 0 | AB23: 84 | AC23: 50 | AD23: =AD22+1 -> 14
A24: =A23+1 -> 15 | B24: 6919.57 | C24: 361721 | D24: =C24-C23 -> -1163 | E24: =C24-152000 -> 209721 | F24: =D24/$D$2 -> -586.33728 | G24: 327 | H24: 0 | I24: =G24+H24 -> 327 | J24: =IF(L24>0,L24,0) -> 0 | K24: =I24+J24 -> 327 | L24: =F24-(I24-X24) -> -36.737283 | M24: 303 | N24: 0 | O24: =32.4+28.5*1.05 -> 62.325 | P24: =M24-(N24+O24) -> 240.675 | Q24: 184 | R24: 80 | S24: =SUM(P24:R24) -> 504.675 | U24: 225.6 | V24: 84 | W24: =W23-80 -> 15368 | X24: =N24+O24+S24+U24+V24 -> 876.6 | Y24: =IF(L24<0,L24*-1,0) -> 36.737283 | Z24: =X24+Y24 -> 913.33728 | AA24: 0 | AB24: 90 | AC24: 54 | AD24: =AD23+1 -> 15
A25: =A24+1 -> 16 | B25: 6919.27 | C25: 360430 | D25: =C25-C24 -> -1291 | E25: =C25-152000 -> 208430 | F25: =D25/$D$2 -> -650.86967 | G25: 302 | H25: 0 | I25: =G25+H25 -> 302 | J25: =IF(L25>0,L25,0) -> 0 | K25: =I25+J25 -> 302 | L25: =F25-(I25-X25) -> -58.669675 | M25: 321 | N25: 0 | O25: =36.9+37.3*1.05 -> 76.065 | P25: =M25-(N25+O25) -> 244.935 | Q25: 183 | R25: 79 | S25: =SUM(P25:R25) -> 506.935 | U25: 227.2 | V25: 84 | W25: =W24-80 -> 15288 | X25: =N25+O25+S25+U25+V25 -> 894.2 | Y25: =IF(L25<0,L25*-1,0) -> 58.669675 | Z25: =X25+Y25 -> 952.86967 | AA25: 0 | AB25: 87 | AC25: 53 | AD25: =AD24+1 -> 16
A26: =A25+1 -> 17 | B26: 6918.95 | C26: 359053 | D26: =C26-C25 -> -1377 | E26: =C26-152000 -> 207053 | F26: =D26/$D$2 -> -694.22738 | G26: 271 | H26: 0.01 | I26: =G26+H26 -> 271.01 | J26: =IF(L26>0,L26,0) -> 0 | K26: =I26+J26 -> 271.01 | L26: =F26-(I26-X26) -> -51.537376 | M26: 326 | N26: 0 | O26: =35.8+35.6*1.05 -> 73.18 | P26: =M26-(N26+O26) -> 252.82 | Q26: 185 | R26: 80 | S26: =SUM(P26:R26) -> 517.82 | U26: 238.7 | V26: 84 | W26: =W25-80 -> 15208 | X26: =N26+O26+S26+U26+V26 -> 913.7 | Y26: =IF(L26<0,L26*-1,0) -> 51.537376 | Z26: =X26+Y26 -> 965.23738 | AA26: 0 | AB26: 82 | AC26: 45 | AD26: =AD25+1 -> 17
A27: =A26+1 -> 18 | B27: 6918.64 | C27: 357728 | D27: =C27-C26 -> -1325 | E27: =C27-152000 -> 205728 | F27: =D27/$D$2 -> -668.01109 | G27: 248 | H27: 0.06 | I27: =G27+H27 -> 248.06 | J27: =IF(L27>0,L27,0) -> 0 | K27: =I27+J27 -> 248.06 | L27: =F27-(I27-X27) -> -8.0710915 | M27: 331 | N27: 0 | O27: =34.2+33.5*1.05 -> 69.375 | P27: =M27-(N27+O27) -> 261.625 | Q27: 184 | R27: 81 | S27: =SUM(P27:R27) -> 526.625 | U27: 228 | V27: 84 | W27: =W26-80 -> 15128 | X27: =N27+O27+S27+U27+V27 -> 908 | Y27: =IF(L27<0,L27*-1,0) -> 8.0710915 | Z27: =X27+Y27 -> 916.07109 | AA27: 0.08 | AB27: 80 | AC27: 53 | AD27: =AD26+1 -> 18
A28: =A27+1 -> 19 | B28: 6918.34 | C28: 356447 | D28: =C28-C27 -> -1281 | E28: =C28-152000 -> 204447 | F28: =D28/$D$2 -> -645.82808 | G28: 247 | H28: 0.07 | I28: =G28+H28 -> 247.07 | J28: =IF(L28>0,L28,0) -> 28.101918 | K28: =I28+J28 -> 275.17192 | L28: =F28-(I28-X28) -> 28.101918 | M28: 328 | N28: 0 | O28: =38.9+37.7*1.05 -> 78.485 | P28: =M28-(N28+O28) -> 249.515 | Q28: 185 | R28: 81 | S28: =SUM(P28:R28) -> 515.515 | U28: 243 | V28: 84 | W28: =W27-80 -> 15048 | X28: =N28+O28+S28+U28+V28 -> 921 | Y28: =IF(L28<0,L28*-1,0) -> 0 | Z28: =X28+Y28 -> 921 | AA28: 0 | AB28: 82 | AC28: 50 | AD28: =AD27+1 -> 19
A29: =A28+1 -> 20 | B29: 6917.92 | C29: 354697 | D29: =C29-C28 -> -1750 | E29: =C29-152000 -> 202697 | F29: =D29/$D$2 -> -882.2788 | G29: 228 | H29: 0.09 | I29: =G29+H29 -> 228.09 | J29: =IF(L29>0,L29,0) -> 0 | K29: =I29+J29 -> 228.09 | L29: =F29-(I29-X29) -> -166.5688 | M29: 331 | N29: 0 | O29: =39.1+38.9*1.05 -> 79.945 | P29: =M29-(N29+O29) -> 251.055 | Q29: 172 | R29: 81 | S29: =SUM(P29:R29) -> 504.055 | U29: 275.8 | V29: 84 | W29: =W28-80 -> 14968 | X29: =N29+O29+S29+U29+V29 -> 943.8 | Y29: =IF(L29<0,L29*-1,0) -> 166.5688 | Z29: =X29+Y29 -> 1110.3688 | AA29: 0 | AB29: 82 | AC29: 52 | AD29: =AD28+1 -> 20
A30: =A29+1 -> 21 | B30: 6917.56 | C30: 353128 | D30: =C30-C29 -> -1569 | E30: =C30-152000 -> 201128 | F30: =D30/$D$2 -> -791.02596 | G30: 208 | H30: 0.13 | I30: =G30+H30 -> 208.13 | J30: =IF(L30>0,L30,0) -> 0 | K30: =I30+J30 -> 208.13 | L30: =F30-(I30-X30) -> -68.855964 | M30: 325 | N30: 0 | O30: =34.2+34.4*1.05 -> 70.32 | P30: =M30-(N30+O30) -> 254.68 | Q30: 164 | R30: 80 | S30: =SUM(P30:R30) -> 498.68 | U30: 277.3 | V30: 84 | W30: =W29-80 -> 14888 | X30: =N30+O30+S30+U30+V30 -> 930.3 | Y30: =IF(L30<0,L30*-1,0) -> 68.855964 | Z30: =X30+Y30 -> 999.15596 | AA30: 0 | AB30: 88 | AC30: 53 | AD30: =AD29+1 -> 21
A31: =A30+1 -> 22 | B31: 6917.16 | C31: 351432 | D31: =C31-C30 -> -1696 | E31: =C31-152000 -> 199432 | F31: =D31/$D$2 -> -855.0542 | G31: 199 | H31: 0.26 | I31: =G31+H31 -> 199.26 | J31: =IF(L31>0,L31,0) -> 0 | K31: =I31+J31 -> 199.26 | L31: =F31-(I31-X31) -> -116.5142 | M31: 329 | N31: 0 | O31: =36.4+35.8*1.05 -> 73.99 | P31: =M31-(N31+O31) -> 255.01 | Q31: 162 | R31: 80 | S31: =SUM(P31:R31) -> 497.01 | U31: 283.8 | V31: 83 | W31: =W30-80 -> 14808 | X31: =N31+O31+S31+U31+V31 -> 937.8 | Y31: =IF(L31<0,L31*-1,0) -> 116.5142 | Z31: =X31+Y31 -> 1054.3142 | AA31: 0 | AB31: 86 | AC31: 55 | AD31: =AD30+1 -> 22
A32: =A31+1 -> 23 | B32: 6916.84 | C32: 350081 | D32: =C32-C31 -> -1351 | E32: =C32-152000 -> 198081 | F32: =D32/$D$2 -> -681.11923 | G32: 192 | H32: 0.25 | I32: =G32+H32 -> 192.25 | J32: =IF(L32>0,L32,0) -> 69.930766 | K32: =I32+J32 -> 262.18077 | L32: =F32-(I32-X32) -> 69.930766 | M32: 325 | N32: 1 | O32: =36.1+36.4*1.05 -> 74.32 | P32: =M32-(N32+O32) -> 249.68 | Q32: 150 | R32: 80 | S32: =SUM(P32:R32) -> 479.68 | U32: 305.3 | V32: 83 | W32: =W31-80 -> 14728 | X32: =N32+O32+S32+U32+V32 -> 943.3 | Y32: =IF(L32<0,L32*-1,0) -> 0 | Z32: =X32+Y32 -> 943.3 | AA32: 0.02 | AB32: 80 | AC32: 56 | AD32: =AD31+1 -> 23
A33: =A32+1 -> 24 | B33: 6916.51 | C33: 348692 | D33: =C33-C32 -> -1389 | E33: =C33-152000 -> 196692 | F33: =D33/$D$2 -> -700.27729 | G33: 193 | H33: 0.18 | I33: =G33+H33 -> 193.18 | J33: =IF(L33>0,L33,0) -> 34.342712 | K33: =I33+J33 -> 227.52271 | L33: =F33-(I33-X33) -> 34.342712 | M33: 331 | N33: 1 | O33: =29.8+29.6*1.05 -> 60.88 | P33: =M33-(N33+O33) -> 269.12 | Q33: 142 | R33: 80 | S33: =SUM(P33:R33) -> 491.12 | U33: 291.8 | V33: 83 | W33: =W32-80 -> 14648 | X33: =N33+O33+S33+U33+V33 -> 927.8 | Y33: =IF(L33<0,L33*-1,0) -> 0 | Z33: =X33+Y33 -> 927.8 | AA33: 0 | AB33: 85 | AC33: 54 | AD33: =AD32+1 -> 24
A34: =A33+1 -> 25 | B34: 6916.11 | C34: 347009 | D34: =C34-C33 -> -1683 | E34: =C34-152000 -> 195009 | F34: =D34/$D$2 -> -848.50013 | G34: 198 | H34: 0.12 | I34: =G34+H34 -> 198.12 | J34: =IF(L34>0,L34,0) -> 0 | K34: =I34+J34 -> 198.12 | L34: =F34-(I34-X34) -> -137.32013 | M34: 317 | N34: 1 | O34: =28.2+27*1.05 -> 56.55 | P34: =M34-(N34+O34) -> 259.45 | Q34: 144 | R34: 80 | S34: =SUM(P34:R34) -> 483.45 | U34: 285.3 | V34: 83 | W34: =W33-80 -> 14568 | X34: =N34+O34+S34+U34+V34 -> 909.3 | Y34: =IF(L34<0,L34*-1,0) -> 137.32013 | Z34: =X34+Y34 -> 1046.6201 | AA34: 0 | AB34: 89 | AC34: 52 | AD34: =AD33+1 -> 25
A35: =A34+1 -> 26 | B35: 6915.73 | C35: 345420 | D35: =C35-C34 -> -1589 | E35: =C35-152000 -> 193420 | F35: =D35/$D$2 -> -801.10915 | G35: 180 | H35: 0.07 | I35: =G35+H35 -> 180.07 | J35: =IF(L35>0,L35,0) -> 0 | K35: =I35+J35 -> 180.07 | L35: =F35-(I35-X35) -> -35.37915 | M35: 345 | N35: 1 | O35: =36.5+36.1*1.05 -> 74.405 | P35: =M35-(N35+O35) -> 269.595 | Q35: 146 | R35: 80 | S35: =SUM(P35:R35) -> 495.595 | U35: 292.8 | V35: 82 | W35: =W34-80 -> 14488 | X35: =N35+O35+S35+U35+V35 -> 945.8 | Y35: =IF(L35<0,L35*-1,0) -> 35.37915 | Z35: =X35+Y35 -> 981.17915 | AA35: 0 | AB35: 86 | AC35: 59 | AD35: =AD34+1 -> 26
A36: =A35+1 -> 27 | B36: 6915.33 | C36: 343750 | D36: =C36-C35 -> -1670 | E36: =C36-152000 -> 191750 | F36: =D36/$D$2 -> -841.94605 | G36: 169 | H36: 0.04 | I36: =G36+H36 -> 169.04 | J36: =IF(L36>0,L36,0) -> 0 | K36: =I36+J36 -> 169.04 | L36: =F36-(I36-X36) -> -18.886055 | M36: 376 | N36: 1 | O36: =45.6+44.9*1.05 -> 92.745 | P36: =M36-(N36+O36) -> 282.255 | Q36: 145 | R36: 83 | S36: =SUM(P36:R36) -> 510.255 | U36: 306.1 | V36: 82 | W36: =W35-80 -> 14408 | X36: =N36+O36+S36+U36+V36 -> 992.1 | Y36: =IF(L36<0,L36*-1,0) -> 18.886055 | Z36: =X36+Y36 -> 1010.9861 | AA36: 0 | AB36: 85 | AC36: 52 | AD36: =AD35+1 -> 27
A37: =A36+1 -> 28 | B37: 6914.94 | C37: 342124 | D37: =C37-C36 -> -1626 | E37: =C37-152000 -> 190124 | F37: =D37/$D$2 -> -819.76305 | G37: 169 | H37: 0.01 | I37: =G37+H37 -> 169.01 | J37: =IF(L37>0,L37,0) -> 0 | K37: =I37+J37 -> 169.01 | L37: =F37-(I37-X37) -> -3.3730451 | M37: 368 | N37: 1 | O37: =42.7+41.8*1.05 -> 86.59 | P37: =M37-(N37+O37) -> 280.41 | Q37: 145 | R37: 84 | S37: =SUM(P37:R37) -> 509.41 | U37: 306.4 | V37: 82 | W37: =W36-80 -> 14328 | X37: =N37+O37+S37+U37+V37 -> 985.4 | Y37: =IF(L37<0,L37*-1,0) -> 3.3730451 | Z37: =X37+Y37 -> 988.77305 | AA37: 0 | AB37: 81 | AC37: 52 | AD37: =AD36+1 -> 28
A38: =A37+1 -> 29 | B38: 6914.53 | C38: 340426 | D38: =C38-C37 -> -1698 | E38: =C38-152000 -> 188426 | F38: =D38/$D$2 -> -856.06252 | G38: 155 | H38: 0 | I38: =G38+H38 -> 155 | J38: =IF(L38>0,L38,0) -> 0 | K38: =I38+J38 -> 155 | L38: =F38-(I38-X38) -> -18.862516 | M38: 379 | N38: 1 | O38: =46.7+46.5*1.05 -> 95.525 | P38: =M38-(N38+O38) -> 282.475 | Q38: 145 | R38: 83 | S38: =SUM(P38:R38) -> 510.475 | U38: 303.2 | V38: 82 | W38: =W37-80 -> 14248 | X38: =N38+O38+S38+U38+V38 -> 992.2 | Y38: =IF(L38<0,L38*-1,0) -> 18.862516 | Z38: =X38+Y38 -> 1011.0625 | AA38: 0.02 | AB38: 86 | AC38: 54 | AD38: =AD37+1 -> 29
A39: 30 | B39: 6914.1 | C39: 338645 | D39: =C39-C38 -> -1781 | E39: =C39-152000 -> 186645 | F39: =D39/$D$2 -> -897.90774 | G39: 147 | H39: 0 | I39: =G39+H39 -> 147 | J39: =IF(L39>0,L39,0) -> 0 | K39: =I39+J39 -> 147 | L39: =F39-(I39-X39) -> -53.607739 | M39: 383 | N39: 1 | O39: =45+43.9*1.05 -> 91.095 | P39: =M39-(N39+O39) -> 290.905 | Q39: 144 | R39: 83 | S39: =SUM(P39:R39) -> 517.905 | U39: 300.3 | V39: 81 | W39: =W38-80 -> 14168 | X39: =N39+O39+S39+U39+V39 -> 991.3 | Y39: =IF(L39<0,L39*-1,0) -> 53.607739 | Z39: =X39+Y39 -> 1044.9077 | AA39: 0.2 | AB39: 88 | AC39: 52 | AD39: 30
A41: MONTH / CFS | F41: =SUM(F10:F39) -> -15706.075 | G41: =SUM(G10:G39) -> 12733 | H41: =SUM(H10:H39) -> 1.74 | I41: =SUM(I10:I39) -> 12734.74 | J41: =SUM(J10:J39) -> 132.3754 | K41: =SUM(K10:K39) -> 12867.115 | L41: =SUM(L10:L39) -> -1615.4351 | M41: =SUM(M10:M39) -> 9844 | ... S41: =SUM(S10:S39) -> 15180.365 | U41: =SUM(U10:U39) -> 6855.38 | V41: =SUM(V10:V39) -> 2520 | X41: =SUM(X10:X39) -> 26825.38 | Y41: =SUM(Y10:Y39) -> 1747.8105 | Z41: =SUM(Z10:Z39) -> 28573.191 | AA41: =SUM(AA10:AA39) -> 0.41 | AB41: =AVERAGE(AB10:AB39) -> 84.966667 | AC41: =AVERAGE(AC10:AC39) -> 51.4 | AD41: AVG
A42: MONTH / AF | D42: =SUM(D10:D39) -> -31153 | F42: =F41*$D$2 -> -31153 | G42: =G41*$D$2 -> 25255.906 | H42: =H41*$D$2 -> 3.45129 | I42: =I41*$D$2 -> 25259.357 | J42: =J41*$D$2 -> 262.5666 | K42: =K41*$D$2 -> 25521.923 | L42: =L41*$D$2 -> -3204.2156 | M42: =M41*$D$2 -> 19525.574 | ... S42: =S41*$D$2 -> 30110.254 | U42: =U41*$D$2 -> 13597.646 | V42: =V41*$D$2 -> 4998.42 | X42: =X41*$D$2 -> 53208.141 | Y42: =Y41*$D$2 -> 3466.7822 | Z42: =Z41*$D$2 -> 56674.923 | AB42: =MAX(AB10:AB39) -> 92 | AC42: =MAX(AC10:AC39) -> 60 | AD42: HI
A44: SEASON / CFS | F44: =F7+F41 -> 5049.6597 | G44: =G7+G41 -> 87947 | H44: =H7+H41 -> 1956.06 | I44: =I7+I41 -> 89903.06 | J44: =J7+J41 -> 10206.565 | K44: =K7+K41 -> 100109.63 | L44: =L7+L41 -> 8048.8797 | M44: =M7+M41 -> 22730.3 | ... S44: =S7+S41 -> 33246.41 | T44: =T39 -> 0 | U44: =U7+U41 -> 13517.88 | V44: =V7+V41 -> 40390 | X44: =X7+X41 -> 92902.28 | Y44: =Y7+Y41 -> 2157.6854 | Z44: =Z7+Z41 -> 95059.965 | AB44: =MIN(AB10:AB39) -> 77 | AC44: =MIN(AC10:AC39) -> 41 | AD44: LO
A45: SEASON / AF | F45: =F44*$D$2 -> 10016 | G45: =G44*$D$2 -> 174442.87 | H45: =H44*$D$2 -> 3879.845 | I45: =I44*$D$2 -> 178322.72 | J45: =J44*$D$2 -> 20244.722 | K45: =K44*$D$2 -> 198567.44 | L45: =L44*$D$2 -> 15964.953 | M45: =M44*$D$2 -> 45085.55 | ... V45: =V44*$D$2 -> 80113.565 | X45: =X44*$D$2 -> 184271.67 | Y45: =Y44*$D$2 -> 4279.7689 | Z45: =Z44*$D$2 -> 188551.44
A47: YTD / CFS | F47: =F8+F41 -> 4519.7883 | G47: =G8+G41 -> 97531 | H47: =H8+H41 -> 2221.34 | I47: =I8+I41 -> 99752.34 | J47: =J8+J41 -> 12554.726 | K47: =K8+K41 -> 112303.33 | L47: =L8+L41 -> 9726.4583 | M47: =M8+M41 -> 25169.06 | ... S47: =S8+S41 -> 36781.45 | T47: =T39 -> 0 | U47: =U8+U41 -> 13517.88 | V47: =V8+V41 -> 48403.97 | W47: =W39 -> 14168 | X47: =X8+X41 -> 104959.01 | Y47: =Y8+Y41 -> 2828.2678 | Z47: =Z8+Z41 -> 107787.28 | AA47: =AA8+AA41 -> 6.28
A48: YTD / AF | D48: =D8+D42 -> 8965 | E48: =E39 -> 186645 | F48: =F47*$D$2 -> 8965 | G48: =G47*$D$2 -> 193452.74 | H48: =H47*$D$2 -> 4406.0279 | I48: =I47*$D$2 -> 197858.77 | J48: =J47*$D$2 -> 24902.299 | K48: =K47*$D$2 -> 222753.66 | L48: =L47*$D$2 -> 19292.43 | M48: =M47*$D$2 -> 49922.831 | ... Z48: =Z47*$D$2 -> 213796.07

Sheet JUL
K1: MC PHEE RESERVOIR IN/OUT FLOW TABULATION
A2: AF/cfs CONVERT FACTOR | D2: 1.9835 | K2: JULY "2000"
A4: DATE | B4: RESERV | C4: RESERV | D4: AC FT | E4: ACTIVE | F4: CONV TO | G4: DOLORES | H4: LOST | I4: RECORDED | J4: CALC | K4: TOTAL | L4: CALC | M4: DOLORES TUNNEL | Q4: LONE | R4: U | S4: TOTAL | T4: MVI | U4: DV CR | V4: BELOW | W4: REMAIN | X4: RECORDED | Y4: CALC | Z4: TOTAL | AA4: RAIN | AB4: MAX | AC4: MIN | AD4: DATE
A5: "JUL" | B5: ELEV | C5: AC FT | D5: CHANGE | E5: CAP | F5: CFS | G5: RIVER | H5: CANYON | I5: INFLOW | J5: INFLOW | K5: INFLOW | L5: INF/OTF | M5: TOT DIV | N5: WETLAND | O5: UTE F&R | P5: MVI,CTZ | Q5: PINE | R5: LAT | S5: MVI | T5: CALL | U5: CANAL | V5: MC PHEE | W5: RELEASE | X5: OUTFLOW | Y5: OUTFLOW | Z5: OUTFLOW | AB5: TMP | AC5: TMP | AD5: "JUL"
R6: MVI non-project water 6/30 = | T6: =(2300+3400)/1.9835 -> 2873.7081
A7: SEASON BAL | F7: =JUN!F44 -> 5049.6597 | G7: =JUN!G44 -> 87947 | H7: =JUN!H44 -> 1956.06 | I7: =JUN!I44 -> 89903.06 | J7: =JUN!J44 -> 10206.565 | K7: =JUN!K44 -> 100109.63 | L7: =JUN!L44 -> 8048.8797 | M7: =JUN!M44 -> 22730.3 | ... V7: =JUN!V44 -> 40390 | X7: =JUN!X44 -> 92902.28 | Y7: =JUN!Y44 -> 2157.6854 | Z7: =JUN!Z44 -> 95059.965
A8: YTD | B8: =JUN!B39 -> 6914.1 | C8: =JUN!C39 -> 338645 | D8: =JUN!D48 -> 8965 | E8: =JUN!E48 -> 186645 | F8: =JUN!F47 -> 4519.7883 | G8: =JUN!G47 -> 97531 | H8: =JUN!H47 -> 2221.34 | I8: =JUN!I47 -> 99752.34 | J8: =JUN!J47 -> 12554.726 | K8: =JUN!K47 -> 112303.33 | L8: =JUN!L47 -> 9726.4583 | M8: =JUN!M47 -> 25169.06 | ... AA8: =JUN!AA47 -> 6.28
A10: 1 | B10: 6913.68 | C10: 336916 | D10: =C10-C8 -> -1729 | E10: =C10-152000 -> 184916 | F10: =D10/$D$2 -> -871.69145 | G10: 163 | H10: 0 | I10: =G10+H10 -> 163 | J10: =IF(L10>0,L10,0) -> 0 | K10: =I10+J10 -> 163 | L10: =F10-(I10-X10) -> -85.891454 | M10: 358 | N10: 1 | O10: =45.1+45.7*1.05 -> 93.085 | P10: =M10-(N10+O10) -> 263.915 | Q10: 144 | R10: 83 | S10: =SUM(P10:R10) -> 490.915 | T10: =(I10-S10)+T6 -> 2545.7931 | U10: 282.8 | V10: 81 | W10: =W8-V10 -> 14087 | X10: =N10+O10+S10+U10+V10 -> 948.8 | Y10: =IF(L10<0,L10*-1,0) -> 85.891454 | Z10: =X10+Y10 -> 1034.6915 | AA10: 0 | AB10: 88 | AC10: 51 | AD10: 1
A11: =A10+1 -> 2 | B11: 6913.3 | C11: 335354 | D11: =C11-C10 -> -1562 | E11: =C11-152000 -> 183354 | F11: =D11/$D$2 -> -787.49685 | G11: 140 | H11: 0 | I11: =G11+H11 -> 140 | J11: =IF(L11>0,L11,0) -> 5.803151 | K11: =I11+J11 -> 145.80315 | L11: =F11-(I11-X11) -> 5.803151 | M11: 355 | N11: 1 | O11: =40.3+37.9*1.05 -> 80.095 | P11: =M11-(N11+O11) -> 273.905 | Q11: 144 | R11: 83 | S11: =SUM(P11:R11) -> 500.905 | T11: =(I11-S11)+T10 -> 2184.8881 | U11: 270.3 | V11: 81 | W11: =W10-V11 -> 14006 | X11: =N11+O11+S11+U11+V11 -> 933.3 | Y11: =IF(L11<0,L11*-1,0) -> 0 | Z11: =X11+Y11 -> 933.3 | AA11: 0 | AB11: 88 | AC11: 52 | AD11: =AD10+1 -> 2
A12: =A11+1 -> 3 | B12: 6912.88 | C12: 333632 | D12: =C12-C11 -> -1722 | E12: =C12-152000 -> 181632 | F12: =D12/$D$2 -> -868.16234 | G12: 133 | H12: 0 | I12: =G12+H12 -> 133 | J12: =IF(L12>0,L12,0) -> 0 | K12: =I12+J12 -> 133 | L12: =F12-(I12-X12) -> -52.262339 | M12: 359 | N12: 1 | O12: =42.5+42*1.05 -> 86.6 | P12: =M12-(N12+O12) -> 271.4 | Q12: 144 | R12: 83 | S12: =SUM(P12:R12) -> 498.4 | T12: =(I12-S12)+T11 -> 1819.4881 | U12: 281.9 | V12: 81 | W12: =W11-V12 -> 13925 | X12: =N12+O12+S12+U12+V12 -> 948.9 | Y12: =IF(L12<0,L12*-1,0) -> 52.262339 | Z12: =X12+Y12 -> 1001.1623 | AA12: 0 | AB12: 87 | AC12: 54 | AD12: =AD11+1 -> 3
A13: =A12+1 -> 4 | B13: 6912.43 | C13: 331797 | D13: =C13-C12 -> -1835 | E13: =C13-152000 -> 179797 | F13: =D13/$D$2 -> -925.13234 | G13: 120 | H13: 0 | I13: =G13+H13 -> 120 | J13: =IF(L13>0,L13,0) -> 0 | K13: =I13+J13 -> 120 | L13: =F13-(I13-X13) -> -90.632342 | M13: 362 | N13: 1 | O13: =46.8+47.2*1.05 -> 96.36 | P13: =M13-(N13+O13) -> 264.64 | Q13: 144 | R13: 84 | S13: =SUM(P13:R13) -> 492.64 | T13: =(I13-S13)+T12 -> 1446.8481 | U13: 283.5 | V13: 81 | W13: =W12-V13 -> 13844 | X13: =N13+O13+S13+U13+V13 -> 954.5 | Y13: =IF(L13<0,L13*-1,0) -> 90.632342 | Z13: =X13+Y13 -> 1045.1323 | AA13: 0 | AB13: 86 | AC13: 50 | AD13: =AD12+1 -> 4
A14: =A13+1 -> 5 | B14: 6911.99 | C14: 330004 | D14: =C14-C13 -> -1793 | E14: =C14-152000 -> 178004 | F14: =D14/$D$2 -> -903.95765 | G14: 114 | H14: 0 | I14: =G14+H14 -> 114 | J14: =IF(L14>0,L14,0) -> 0 | K14: =I14+J14 -> 114 | L14: =F14-(I14-X14) -> -78.657651 | M14: 343 | N14: 1 | O14: =36.9+36.8*1.05 -> 75.54 | P14: =M14-(N14+O14) -> 266.46 | Q14: 144 | R14: 83 | S14: =SUM(P14:R14) -> 493.46 | T14: =(I14-S14)+T13 -> 1067.3881 | U14: 288.3 | V14: 81 | W14: =W13-V14 -> 13763 | X14: =N14+O14+S14+U14+V14 -> 939.3 | Y14: =IF(L14<0,L14*-1,0) -> 78.657651 | Z14: =X14+Y14 -> 1017.9577 | AA14: 0 | AB14: 88 | AC14: 51 | AD14: =AD13+1 -> 5
A15: =A14+1 -> 6 | B15: 6911.58 | C15: 328345 | D15: =C15-C14 -> -1659 | E15: =C15-152000 -> 176345 | F15: =D15/$D$2 -> -836.4003 | G15: 109 | H15: 0 | I15: =G15+H15 -> 109 | J15: =IF(L15>0,L15,0) -> 0 | K15: =I15+J15 -> 109 | L15: =F15-(I15-X15) -> -10.100302 | M15: 343 | N15: 1 | O15: =35.5+35.8*1.05 -> 73.09 | P15: =M15-(N15+O15) -> 268.91 | Q15: 143 | R15: 83 | S15: =SUM(P15:R15) -> 494.91 | T15: =(I15-S15)+T14 -> 681.47809 | U15: 285.3 | V15: 81 | W15: =W14-V15 -> 13682 | X15: =N15+O15+S15+U15+V15 -> 935.3 | Y15: =IF(L15<0,L15*-1,0) -> 10.100302 | Z15: =X15+Y15 -> 945.4003 | AA15: 0 | AB15: 88 | AC15: 50 | AD15: =AD14+1 -> 6
A16: =A15+1 -> 7 | B16: 6911.12 | C16: 326485 | D16: =C16-C15 -> -1860 | E16: =C16-152000 -> 174485 | F16: =D16/$D$2 -> -937.73632 | G16: 107 | H16: 0 | I16: =G16+H16 -> 107 | J16: =IF(L16>0,L16,0) -> 0 | K16: =I16+J16 -> 107 | L16: =F16-(I16-X16) -> -99.736325 | M16: 356 | N16: 1 | O16: =43.5+41.2*1.05 -> 86.76 | P16: =M16-(N16+O16) -> 268.24 | Q16: 144 | R16: 82 | S16: =SUM(P16:R16) -> 494.24 | T16: =(I16-S16)+T15 -> 294.23809 | U16: 282 | V16: 81 | W16: =W15-V16 -> 13601 | X16: =N16+O16+S16+U16+V16 -> 945 | Y16: =IF(L16<0,L16*-1,0) -> 99.736325 | Z16: =X16+Y16 -> 1044.7363 | AA16: 0 | AB16: 88 | AC16: 51 | AD16: =AD15+1 -> 7
A17: =A16+1 -> 8 | B17: 6910.82 | C17: 325277 | D17: =C17-C16 -> -1208 | E17: =C17-152000 -> 173277 | F17: =D17/$D$2 -> -609.02445 | G17: 136 | H17: 0 | I17: =G17+H17 -> 136 | J17: =IF(L17>0,L17,0) -> 151.87555 | K17: =I17+J17 -> 287.87555 | L17: =F17-(I17-X17) -> 151.87555 | M17: 340 | N17: 1 | O17: =35.8+35.5*1.05 -> 73.075 | P17: =M17-(N17+O17) -> 265.925 | Q17: 144 | R17: 82 | S17: =SUM(P17:R17) -> 491.925 | T17: =(I17-S17)+T16 -> -61.686908 | U17: 250.9 | V17: 80 | W17: =W16-V17 -> 13521 | X17: =N17+O17+S17+U17+V17 -> 896.9 | Y17: =IF(L17<0,L17*-1,0) -> 0 | Z17: =X17+Y17 -> 896.9 | AA17: 0.31 | AB17: 84 | AC17: 56 | AD17: =AD16+1 -> 8
A18: =A17+1 -> 9 | B18: 6910.48 | C18: 323913 | D18: =C18-C17 -> -1364 | E18: =C18-152000 -> 171913 | F18: =D18/$D$2 -> -687.6733 | G18: 197 | H18: 0.12 | I18: =G18+H18 -> 197.12 | J18: =IF(L18>0,L18,0) -> 0 | K18: =I18+J18 -> 197.12 | L18: =F18-(I18-X18) -> -78.593305 | M18: 309 | N18: 1 | O18: =28.7+28.4*1.05 -> 58.52 | P18: =M18-(N18+O18) -> 249.48 | Q18: 144 | R18: 83 | S18: =SUM(P18:R18) -> 476.48 | T18: =(I18-S18)+T17 -> -341.04691 | U18: 190.2 | V18: 80 | W18: =W17-V18 -> 13441 | X18: =N18+O18+S18+U18+V18 -> 806.2 | Y18: =IF(L18<0,L18*-1,0) -> 78.593305 | Z18: =X18+Y18 -> 884.7933 | AA18: 0 | AB18: 84 | AC18: 52 | AD18: =AD17+1 -> 9
A19: =A18+1 -> 10 | B19: 6910.15 | C19: 322588 | D19: =C19-C18 -> -1325 | E19: =C19-152000 -> 170588 | F19: =D19/$D$2 -> -668.01109 | G19: 193 | H19: 0.1 | I19: =G19+H19 -> 193.1 | J19: =IF(L19>0,L19,0) -> 0 | K19: =I19+J19 -> 193.1 | L19: =F19-(I19-X19) -> -27.111092 | M19: 310 | N19: 1 | O19: =29.8+29.5*1.05 -> 60.775 | P19: =M19-(N19+O19) -> 248.225 | Q19: 144 | R19: 81 | S19: =SUM(P19:R19) -> 473.225 | T19: =(I19-S19)+T18 -> -621.17191 | U19: 219 | V19: 80 | W19: =W18-V19 -> 13361 | X19: =N19+O19+S19+U19+V19 -> 834 | Y19: =IF(L19<0,L19*-1,0) -> 27.111092 | Z19: =X19+Y19 -> 861.11109 | AA19: 0 | AB19: 85 | AC19: 52 | AD19: =AD18+1 -> 10
A20: =A19+1 -> 11 | B20: 6909.8 | C20: 321190 | D20: =C20-C19 -> -1398 | E20: =C20-152000 -> 169190 | F20: =D20/$D$2 -> -704.81472 | G20: 169 | H20: 0.01 | I20: =G20+H20 -> 169.01 | J20: =IF(L20>0,L20,0) -> 0 | K20: =I20+J20 -> 169.01 | L20: =F20-(I20-X20) -> -42.624721 | M20: 298 | N20: 1 | O20: =29.5+29.7*1.05 -> 60.685 | P20: =M20-(N20+O20) -> 236.315 | Q20: 144 | R20: 79 | S20: =SUM(P20:R20) -> 459.315 | T20: =(I20-S20)+T19 -> -911.47691 | U20: 230.2 | V20: 80 | W20: =W19-V20 -> 13281 | X20: =N20+O20+S20+U20+V20 -> 831.2 | Y20: =IF(L20<0,L20*-1,0) -> 42.624721 | Z20: =X20+Y20 -> 873.82472 | AA20: 0 | AB20: 87 | AC20: 55 | AD20: =AD19+1 -> 11
A21: =A20+1 -> 12 | B21: 6909.48 | C21: 319916 | D21: =C21-C20 -> -1274 | E21: =C21-152000 -> 167916 | F21: =D21/$D$2 -> -642.29897 | G21: 159 | H21: 0 | I21: =G21+H21 -> 159 | J21: =IF(L21>0,L21,0) -> 11.401034 | K21: =I21+J21 -> 170.40103 | L21: =F21-(I21-X21) -> 11.401034 | M21: 287 | N21: 0 | O21: =22.7+23.3*1.05 -> 47.165 | P21: =M21-(N21+O21) -> 239.835 | Q21: 144 | R21: 78 | S21: =SUM(P21:R21) -> 461.835 | T21: =(I21-S21)+T20 -> -1214.3119 | U21: 222.7 | V21: 81 | W21: =W20-V21 -> 13200 | X21: =N21+O21+S21+U21+V21 -> 812.7 | Y21: =IF(L21<0,L21*-1,0) -> 0 | Z21: =X21+Y21 -> 812.7 | AA21: 0 | AB21: 88 | AC21: 57 | AD21: =AD20+1 -> 12
A22: =A21+1 -> 13 | B22: 6909.13 | C22: 318523 | D22: =C22-C21 -> -1393 | E22: =C22-152000 -> 166523 | F22: =D22/$D$2 -> -702.29392 | G22: 152 | H22: 0 | I22: =G22+H22 -> 152 | J22: =IF(L22>0,L22,0) -> 0 | K22: =I22+J22 -> 152 | L22: =F22-(I22-X22) -> -70.793925 | M22: 286 | N22: 0 | O22: =18+19.9*1.05 -> 38.895 | P22: =M22-(N22+O22) -> 247.105 | Q22: 144 | R22: 79 | S22: =SUM(P22:R22) -> 470.105 | T22: =(I22-S22)+T21 -> -1532.4169 | U22: 193.5 | V22: 81 | W22: =W21-V22 -> 13119 | X22: =N22+O22+S22+U22+V22 -> 783.5 | Y22: =IF(L22<0,L22*-1,0) -> 70.793925 | Z22: =X22+Y22 -> 854.29392 | AA22: 0 | AB22: 89 | AC22: 59 | AD22: =AD21+1 -> 13
A23: =A22+1 -> 14 | B23: 6908.84 | C23: 317373 | D23: =C23-C22 -> -1150 | E23: =C23-152000 -> 165373 | F23: =D23/$D$2 -> -579.78321 | G23: 155 | H23: 0 | I23: =G23+H23 -> 155 | J23: =IF(L23>0,L23,0) -> 52.116789 | K23: =I23+J23 -> 207.11679 | L23: =F23-(I23-X23) -> 52.116789 | M23: 279 | N23: 0 | O23: =18.7+18.8*1.05 -> 38.44 | P23: =M23-(N23+O23) -> 240.56 | Q23: 143 | R23: 78 | S23: =SUM(P23:R23) -> 461.56 | T23: =(I23-S23)+T22 -> -1838.9769 | U23: 206.9 | V23: 80 | W23: =W22-V23 -> 13039 | X23: =N23+O23+S23+U23+V23 -> 786.9 | Y23: =IF(L23<0,L23*-1,0) -> 0 | Z23: =X23+Y23 -> 786.9 | AA23: 0 | AB23: 86 | AC23: 57 | AD23: =AD22+1 -> 14
A24: =A23+1 -> 15 | B24: 6908.52 | C24: 316110 | D24: =C24-C23 -> -1263 | E24: =C24-152000 -> 164110 | F24: =D24/$D$2 -> -636.75321 | G24: 174 | H24: 0.02 | I24: =G24+H24 -> 174.02 | J24: =IF(L24>0,L24,0) -> 0 | K24: =I24+J24 -> 174.02 | L24: =F24-(I24-X24) -> -7.173214 | M24: 310 | N24: 0 | O24: =27.2+27.9*1.05 -> 56.495 | P24: =M24-(N24+O24) -> 253.505 | Q24: 143 | R24: 78 | S24: =SUM(P24:R24) -> 474.505 | T24: =(I24-S24)+T23 -> -2139.4619 | U24: 192.6 | V24: 80 | W24: =W23-V24 -> 12959 | X24: =N24+O24+S24+U24+V24 -> 803.6 | Y24: =IF(L24<0,L24*-1,0) -> 7.173214 | Z24: =X24+Y24 -> 810.77321 | AA24: 0.33 | AB24: 86 | AC24: 58 | AD24: =AD23+1 -> 15
A25: =A24+1 -> 16 | B25: 6908.22 | C25: 314925 | D25: =C25-C24 -> -1185 | E25: =C25-152000 -> 162925 | F25: =D25/$D$2 -> -597.42879 | G25: 195 | H25: 0.24 | I25: =G25+H25 -> 195.24 | J25: =IF(L25>0,L25,0) -> 0 | K25: =I25+J25 -> 195.24 | L25: =F25-(I25-X25) -> -16.068787 | M25: 310 | N25: 0 | O25: =32.2+31.3*1.05 -> 65.065 | P25: =M25-(N25+O25) -> 244.935 | Q25: 144 | R25: 78 | S25: =SUM(P25:R25) -> 466.935 | T25: =(I25-S25)+T24 -> -2411.1569 | U25: 164.6 | V25: 80 | W25: =W24-V25 -> 12879 | X25: =N25+O25+S25+U25+V25 -> 776.6 | Y25: =IF(L25<0,L25*-1,0) -> 16.068787 | Z25: =X25+Y25 -> 792.66879 | AA25: 0.12 | AB25: 86 | AC25: 58 | AD25: =AD24+1 -> 16
A26: =A25+1 -> 17 | B26: 6907.9 | C26: 313664 | D26: =C26-C25 -> -1261 | E26: =C26-152000 -> 161664 | F26: =D26/$D$2 -> -635.7449 | G26: 209 | H26: 0.11 | I26: =G26+H26 -> 209.11 | J26: =IF(L26>0,L26,0) -> 0 | K26: =I26+J26 -> 209.11 | L26: =F26-(I26-X26) -> -93.354895 | M26: 300 | N26: 0 | O26: =33.2+32.5*1.05 -> 67.325 | P26: =M26-(N26+O26) -> 232.675 | Q26: 143 | R26: 78 | S26: =SUM(P26:R26) -> 453.675 | T26: =(I26-S26)+T25 -> -2655.7219 | U26: 150.5 | V26: 80 | W26: =W25-V26 -> 12799 | X26: =N26+O26+S26+U26+V26 -> 751.5 | Y26: =IF(L26<0,L26*-1,0) -> 93.354895 | Z26: =X26+Y26 -> 844.8549 | AA26: 0 | AB26: 85 | AC26: 57 | AD26: =AD25+1 -> 17
A27: =A26+1 -> 18 | B27: 6907.59 | C27: 312449 | D27: =C27-C26 -> -1215 | E27: =C27-152000 -> 160449 | F27: =D27/$D$2 -> -612.55357 | G27: 186 | H27: 0.01 | I27: =G27+H27 -> 186.01 | J27: =IF(L27>0,L27,0) -> 0 | K27: =I27+J27 -> 186.01 | L27: =F27-(I27-X27) -> -63.563567 | M27: 286 | N27: 0 | O27: =27.9+28*1.05 -> 57.3 | P27: =M27-(N27+O27) -> 228.7 | Q27: 145 | R27: 77 | S27: =SUM(P27:R27) -> 450.7 | T27: =(I27-S27)+T26 -> -2920.4119 | U27: 147 | V27: 80 | W27: =W26-V27 -> 12719 | X27: =N27+O27+S27+U27+V27 -> 735 | Y27: =IF(L27<0,L27*-1,0) -> 63.563567 | Z27: =X27+Y27 -> 798.56357 | AA27: 0 | AB27: 88 | AC27: 58 | AD27: =AD26+1 -> 18
A28: =A27+1 -> 19 | B28: 6907.27 | C28: 311196 | D28: =C28-C27 -> -1253 | E28: =C28-152000 -> 159196 | F28: =D28/$D$2 -> -631.71162 | G28: 155 | H28: 0 | I28: =G28+H28 -> 155 | J28: =IF(L28>0,L28,0) -> 0 | K28: =I28+J28 -> 155 | L28: =F28-(I28-X28) -> -50.911621 | M28: 287 | N28: 0 | O28: =28.6+28.7*1.05 -> 58.735 | P28: =M28-(N28+O28) -> 228.265 | Q28: 145 | R28: 77 | S28: =SUM(P28:R28) -> 450.265 | T28: =(I28-S28)+T27 -> -3215.6769 | U28: 146.8 | V28: 80 | W28: =W27-V28 -> 12639 | X28: =N28+O28+S28+U28+V28 -> 735.8 | Y28: =IF(L28<0,L28*-1,0) -> 50.911621 | Z28: =X28+Y28 -> 786.71162 | AA28: 0 | AB28: 87 | AC28: 55 | AD28: =AD27+1 -> 19
A29: =A28+1 -> 20 | B29: 6906.97 | C29: 310021 | D29: =C29-C28 -> -1175 | E29: =C29-152000 -> 158021 | F29: =D29/$D$2 -> -592.38719 | G29: 142 | H29: 0 | I29: =G29+H29 -> 142 | J29: =IF(L29>0,L29,0) -> 9.2128056 | K29: =I29+J29 -> 151.21281 | L29: =F29-(I29-X29) -> 9.2128056 | M29: 295 | N29: 0 | O29: =30.7+30.1*1.05 -> 62.305 | P29: =M29-(N29+O29) -> 232.695 | Q29: 145 | R29: 77 | S29: =SUM(P29:R29) -> 454.695 | T29: =(I29-S29)+T28 -> -3528.3719 | U29: 146.6 | V29: 80 | W29: =W28-V29 -> 12559 | X29: =N29+O29+S29+U29+V29 -> 743.6 | Y29: =IF(L29<0,L29*-1,0) -> 0 | Z29: =X29+Y29 -> 743.6 | AA29: 0 | AB29: 90 | AC29: 53 | AD29: =AD28+1 -> 20
A30: =A29+1 -> 21 | B30: 6906.62 | C30: 308661 | D30: =C30-C29 -> -1360 | E30: =C30-152000 -> 156661 | F30: =D30/$D$2 -> -685.65667 | G30: 134 | H30: 0 | I30: =G30+H30 -> 134 | J30: =IF(L30>0,L30,0) -> 0 | K30: =I30+J30 -> 134 | L30: =F30-(I30-X30) -> -75.656668 | M30: 296 | N30: 0 | O30: =29.1+33.5*1.05 -> 64.275 | P30: =M30-(N30+O30) -> 231.725 | Q30: 145 | R30: 76 | S30: =SUM(P30:R30) -> 452.725 | T30: =(I30-S30)+T29 -> -3847.0969 | U30: 147 | V30: 80 | W30: =W29-V30 -> 12479 | X30: =N30+O30+S30+U30+V30 -> 744 | Y30: =IF(L30<0,L30*-1,0) -> 75.656668 | Z30: =X30+Y30 -> 819.65667 | AA30: 0 | AB30: 90 | AC30: 57 | AD30: =AD29+1 -> 21
A31: =A30+1 -> 22 | B31: 6906.26 | C31: 307262 | D31: =C31-C30 -> -1399 | E31: =C31-152000 -> 155262 | F31: =D31/$D$2 -> -705.31888 | G31: 122 | H31: 0 | I31: =G31+H31 -> 122 | J31: =IF(L31>0,L31,0) -> 0 | K31: =I31+J31 -> 122 | L31: =F31-(I31-X31) -> -60.018881 | M31: 317 | N31: 0 | O31: =33.3+33.7*1.05 -> 68.685 | P31: =M31-(N31+O31) -> 248.315 | Q31: 146 | R31: 76 | S31: =SUM(P31:R31) -> 470.315 | T31: =(I31-S31)+T30 -> -4195.4119 | U31: 148.3 | V31: 80 | W31: =W30-V31 -> 12399 | X31: =N31+O31+S31+U31+V31 -> 767.3 | Y31: =IF(L31<0,L31*-1,0) -> 60.018881 | Z31: =X31+Y31 -> 827.31888 | AA31: 0 | AB31: 92 | AC31: 57 | AD31: =AD30+1 -> 22
A32: =A31+1 -> 23 | B32: 6905.91 | C32: 305904 | D32: =C32-C31 -> -1358 | E32: =C32-152000 -> 153904 | F32: =D32/$D$2 -> -684.64835 | G32: 115 | H32: 0 | I32: =G32+H32 -> 115 | J32: =IF(L32>0,L32,0) -> 0 | K32: =I32+J32 -> 115 | L32: =F32-(I32-X32) -> -23.448349 | M32: 313 | N32: 0 | O32: =37.8+37.6*1.05 -> 77.28 | P32: =M32-(N32+O32) -> 235.72 | Q32: 145 | R32: 77 | S32: =SUM(P32:R32) -> 457.72 | T32: =(I32-S32)+T31 -> -4538.1319 | U32: 161.2 | V32: 80 | W32: =W31-V32 -> 12319 | X32: =N32+O32+S32+U32+V32 -> 776.2 | Y32: =IF(L32<0,L32*-1,0) -> 23.448349 | Z32: =X32+Y32 -> 799.64835 | AA32: 0 | AB32: 88 | AC32: 56 | AD32: =AD31+1 -> 23
A33: =A32+1 -> 24 | B33: 6905.56 | C33: 304555 | D33: =C33-C32 -> -1349 | E33: =C33-152000 -> 152555 | F33: =D33/$D$2 -> -680.11092 | G33: 121 | H33: 0 | I33: =G33+H33 -> 121 | J33: =IF(L33>0,L33,0) -> 0 | K33: =I33+J33 -> 121 | L33: =F33-(I33-X33) -> -18.210915 | M33: 311 | N33: 0 | O33: =35.1+34.8*1.05 -> 71.64 | P33: =M33-(N33+O33) -> 239.36 | Q33: 145 | R33: 78 | S33: =SUM(P33:R33) -> 462.36 | T33: =(I33-S33)+T32 -> -4879.4919 | U33: 167.9 | V33: 81 | W33: =W32-V33 -> 12238 | X33: =N33+O33+S33+U33+V33 -> 782.9 | Y33: =IF(L33<0,L33*-1,0) -> 18.210915 | Z33: =X33+Y33 -> 801.11092 | AA33: 0 | AB33: 89 | AC33: 57 | AD33: =AD32+1 -> 24
A34: =A33+1 -> 25 | B34: 6905.21 | C34: 303205 | D34: =C34-C33 -> -1350 | E34: =C34-152000 -> 151205 | F34: =D34/$D$2 -> -680.61507 | G34: 116 | H34: 0 | I34: =G34+H34 -> 116 | J34: =IF(L34>0,L34,0) -> 0 | K34: =I34+J34 -> 116 | L34: =F34-(I34-X34) -> -9.2150744 | M34: 312 | N34: 0 | O34: =37+36.6*1.05 -> 75.43 | P34: =M34-(N34+O34) -> 236.57 | Q34: 145 | R34: 78 | S34: =SUM(P34:R34) -> 459.57 | T34: =(I34-S34)+T33 -> -5223.0619 | U34: 170.4 | V34: 82 | W34: =W33-V34 -> 12156 | X34: =N34+O34+S34+U34+V34 -> 787.4 | Y34: =IF(L34<0,L34*-1,0) -> 9.2150744 | Z34: =X34+Y34 -> 796.61507 | AA34: 0.02 | AB34: 89 | AC34: 61 | AD34: =AD33+1 -> 25
A35: =A34+1 -> 26 | B35: 6904.81 | C35: 301669 | D35: =C35-C34 -> -1536 | E35: =C35-152000 -> 149669 | F35: =D35/$D$2 -> -774.38871 | G35: 122 | H35: 0 | I35: =G35+H35 -> 122 | J35: =IF(L35>0,L35,0) -> 0 | K35: =I35+J35 -> 122 | L35: =F35-(I35-X35) -> -113.88871 | M35: 321 | N35: 0 | O35: =38.3+38.7*1.05 -> 78.935 | P35: =M35-(N35+O35) -> 242.065 | Q35: 145 | R35: 79 | S35: =SUM(P35:R35) -> 466.065 | T35: =(I35-S35)+T34 -> -5567.1269 | U35: 155.5 | V35: 82 | W35: =W34-V35 -> 12074 | X35: =N35+O35+S35+U35+V35 -> 782.5 | Y35: =IF(L35<0,L35*-1,0) -> 113.88871 | Z35: =X35+Y35 -> 896.38871 | AA35: 0 | AB35: 89 | AC35: 59 | AD35: =AD34+1 -> 26
A36: =A35+1 -> 27 | B36: 6904.41 | C36: 300139 | D36: =C36-C35 -> -1530 | E36: =C36-152000 -> 148139 | F36: =D36/$D$2 -> -771.36375 | G36: 123 | H36: 0 | I36: =G36+H36 -> 123 | J36: =IF(L36>0,L36,0) -> 0 | K36: =I36+J36 -> 123 | L36: =F36-(I36-X36) -> -36.363751 | M36: 342 | N36: 0 | O36: =41.5+41.9*1.05 -> 85.495 | P36: =M36-(N36+O36) -> 256.505 | Q36: 144 | R36: 76 | S36: =SUM(P36:R36) -> 476.505 | T36: =(I36-S36)+T35 -> -5920.6319 | U36: 215 | V36: 81 | W36: =W35-V36 -> 11993 | X36: =N36+O36+S36+U36+V36 -> 858 | Y36: =IF(L36<0,L36*-1,0) -> 36.363751 | Z36: =X36+Y36 -> 894.36375 | AA36: 0 | AB36: 94 | AC36: 57 | AD36: =AD35+1 -> 27
A37: =A36+1 -> 28 | B37: 6904.01 | C37: 298609 | D37: =C37-C36 -> -1530 | E37: =C37-152000 -> 146609 | F37: =D37/$D$2 -> -771.36375 | G37: 119 | H37: 0 | I37: =G37+H37 -> 119 | J37: =IF(L37>0,L37,0) -> 0 | K37: =I37+J37 -> 119 | L37: =F37-(I37-X37) -> -9.2637509 | M37: 342 | N37: 0 | O37: =43.4+44.8*1.05 -> 90.44 | P37: =M37-(N37+O37) -> 251.56 | Q37: 143 | R37: 75 | S37: =SUM(P37:R37) -> 469.56 | T37: =(I37-S37)+T36 -> -6271.1919 | U37: 241.1 | V37: 80 | W37: =W36-V37 -> 11913 | X37: =N37+O37+S37+U37+V37 -> 881.1 | Y37: =IF(L37<0,L37*-1,0) -> 9.2637509 | Z37: =X37+Y37 -> 890.36375 | AA37: 0 | AB37: 91 | AC37: 56 | AD37: =AD36+1 -> 28
A38: =A37+1 -> 29 | B38: 6903.58 | C38: 296978 | D38: =C38-C37 -> -1631 | E38: =C38-152000 -> 144978 | F38: =D38/$D$2 -> -822.28384 | G38: 112 | H38: 0 | I38: =G38+H38 -> 112 | J38: =IF(L38>0,L38,0) -> 0 | K38: =I38+J38 -> 112 | L38: =F38-(I38-X38) -> -57.683842 | M38: 339 | N38: 0 | O38: =43.2+42.1*1.05 -> 87.405 | P38: =M38-(N38+O38) -> 251.595 | Q38: 142 | R38: 74 | S38: =SUM(P38:R38) -> 467.595 | T38: =(I38-S38)+T37 -> -6626.7869 | U38: 241.6 | V38: 80 | W38: =W37-V38 -> 11833 | X38: =N38+O38+S38+U38+V38 -> 876.6 | Y38: =IF(L38<0,L38*-1,0) -> 57.683842 | Z38: =X38+Y38 -> 934.28384 | AA38: 0 | AB38: 92 | AC38: 59 | AD38: =AD37+1 -> 29
A39: 30 | B39: 6903.16 | C39: 295384 | D39: =C39-C38 -> -1594 | E39: =C39-152000 -> 143384 | F39: =D39/$D$2 -> -803.62995 | G39: 113 | H39: 0 | I39: =G39+H39 -> 113 | J39: =IF(L39>0,L39,0) -> 0 | K39: =I39+J39 -> 113 | L39: =F39-(I39-X39) -> -52.329947 | M39: 333 | N39: 0 | O39: =42.9+42*1.05 -> 87 | P39: =M39-(N39+O39) -> 246 | Q39: 142 | R39: 74 | S39: =SUM(P39:R39) -> 462 | T39: =(I39-S39)+T38 -> -6975.7869 | U39: 235.3 | V39: 80 | W39: =W38-V39 -> 11753 | X39: =N39+O39+S39+U39+V39 -> 864.3 | Y39: =IF(L39<0,L39*-1,0) -> 52.329947 | Z39: =X39+Y39 -> 916.62995 | AA39: 0 | AB39: 87 | AC39: 55 | AD39: 30
A40: 31 | B40: 6902.76 | C40: 293874 | D40: =C40-C39 -> -1510 | E40: =C40-152000 -> 141874 | F40: =D40/$D$2 -> -761.28056 | G40: 115 | H40: 0 | I40: =G40+H40 -> 115 | J40: =IF(L40>0,L40,0) -> 0 | K40: =I40+J40 -> 115 | L40: =F40-(I40-X40) -> -9.3805647 | M40: 326 | N40: 0 | O40: =43.9+41.5*1.05 -> 87.475 | P40: =M40-(N40+O40) -> 238.525 | Q40: 144 | R40: 74 | S40: =SUM(P40:R40) -> 456.525 | T40: =(I40-S40)+T39 -> -7317.3119 | U40: 242.9 | V40: 80 | W40: =W39-V40 -> 11673 | X40: =N40+O40+S40+U40+V40 -> 866.9 | Y40: =IF(L40<0,L40*-1,0) -> 9.3805647 | Z40: =X40+Y40 -> 876.28056 | AA40: 0 | AB40: 88 | AC40: 53 | AD40: 31
O41: 0 | AA41: 0
A42: MONTH / CFS | F42: =SUM(F10:F40) -> -22571.717 | G42: =SUM(G10:G40) -> 4420 | H42: =SUM(H10:H40) -> 0.61 | I42: =SUM(I10:I40) -> 4420.61 | J42: =SUM(J10:J40) -> 230.40933 | K42: =SUM(K10:K40) -> 4651.0193 | L42: =SUM(L10:L40) -> -1102.5267 | M42: =SUM(M10:M40) -> 9925 | ... S42: =SUM(S10:S40) -> 14611.63 | U42: =SUM(U10:U40) -> 6561.8 | V42: =SUM(V10:V40) -> 2495 | X42: =SUM(X10:X40) -> 25889.8 | Y42: =SUM(Y10:Y40) -> 1332.936 | Z42: =SUM(Z10:Z40) -> 27222.736 | AA42: =SUM(AA10:AA40) -> 0.78 | AB42: =AVERAGE(AB10:AB40) -> 87.967742 | AC42: =AVERAGE(AC10:AC40) -> 55.258065 | AD42: AVG
A43: MONTH / AF | D43: =SUM(D10:D40) -> -44771 | F43: =F42*$D$2 -> -44771 | G43: =G42*$D$2 -> 8767.07 | H43: =H42*$D$2 -> 1.209935 | I43: =I42*$D$2 -> 8768.2799 | J43: =J42*$D$2 -> 457.0169 | K43: =K42*$D$2 -> 9225.2968 | L43: =L42*$D$2 -> -2186.8616 | M43: =M42*$D$2 -> 19686.237 | ... S43: =S42*$D$2 -> 28982.168 | U43: =U42*$D$2 -> 13015.33 | V43: =V42*$D$2 -> 4948.8325 | X43: =X42*$D$2 -> 51352.418 | Y43: =Y42*$D$2 -> 2643.8785 | Z43: =Z42*$D$2 -> 53996.297 | AB43: =MAX(AB10:AB40) -> 94 | AC43: =MAX(AC10:AC40) -> 61 | AD43: HI
A45: SEASON / CFS | F45: =F7+F42 -> -17522.057 | G45: =G7+G42 -> 92367 | H45: =H7+H42 -> 1956.67 | I45: =I7+I42 -> 94323.67 | J45: =J7+J42 -> 10436.974 | K45: =K7+K42 -> 104760.64 | L45: =L7+L42 -> 6946.353 | M45: =M7+M42 -> 32655.3 | ... S45: =S7+S42 -> 47858.04 | T45: =T40 -> -7317.3119 | U45: =U7+U42 -> 20079.68 | V45: =V7+V42 -> 42885 | X45: =X7+X42 -> 118792.08 | Y45: =Y7+Y42 -> 3490.6214 | Z45: =Z7+Z42 -> 122282.7 | AB45: =MIN(AB10:AB40) -> 84 | AC45: =MIN(AC10:AC40) -> 50 | AD45: LO
A46: SEASON / AF | F46: =F45*$D$2 -> -34755 | G46: =G45*$D$2 -> 183209.94 | H46: =H45*$D$2 -> 3881.0549 | I46: =I45*$D$2 -> 187091 | J46: =J45*$D$2 -> 20701.739 | K46: =K45*$D$2 -> 207792.74 | L46: =L45*$D$2 -> 13778.091 | M46: =M45*$D$2 -> 64771.788 | ... V46: =V45*$D$2 -> 85062.398 | X46: =X45*$D$2 -> 235624.09 | Y46: =Y45*$D$2 -> 6923.6475 | Z46: =Z45*$D$2 -> 242547.74
A48: YTD / CFS | F48: =F8+F42 -> -18051.928 | G48: =G8+G42 -> 101951 | H48: =H8+H42 -> 2221.95 | I48: =I8+I42 -> 104172.95 | J48: =J8+J42 -> 12785.135 | K48: =K8+K42 -> 116954.35 | L48: =L8+L42 -> 8623.9316 | M48: =M8+M42 -> 35094.06 | ... S48: =S8+S42 -> 51393.079 | T48: =T45 -> -7317.3119 | U48: =U8+U42 -> 20079.68 | V48: =V8+V42 -> 50898.97 | W48: =W40 -> 11673 | X48: =X8+X42 -> 130848.81 | Y48: =Y8+Y42 -> 4161.2038 | Z48: =Z8+Z42 -> 135010.01 | AA48: =AA8+AA42 -> 7.06
A49: YTD / AF | D49: =D8+D43 -> -35806 | E49: =E40 -> 141874 | F49: =F48*$D$2 -> -35806 | G49: =G48*$D$2 -> 202219.81 | H49: =H48*$D$2 -> 4407.2378 | I49: =I48*$D$2 -> 206627.05 | J49: =J48*$D$2 -> 25359.316 | K49: =K48*$D$2 -> 231978.96 | L49: =L48*$D$2 -> 17105.568 | M49: =M48*$D$2 -> 69609.068 | ... V49: =V48*$D$2 -> 100958.11 | W49: =W40*$D$2 -> 23153.395 | X49: =X48*$D$2 -> 259538.61 | Y49: =Y48*$D$2 -> 8253.7477 | Z49: =Z48*$D$2 -> 267792.36

Sheet AUG
K1: MC PHEE RESERVOIR IN/OUT FLOW TABULATION
A2: AF/cfs CONVERT FACTOR | D2: 1.9835 | K2: AUGUST "2000"
A4: DATE | B4: RESERV | C4: RESERV | D4: AC FT | E4: ACTIVE | F4: CONV TO | G4: DOLORES | H4: LOST | I4: RECORDED | J4: CALC | K4: TOTAL | L4: CALC | M4: DOLORES TUNNEL | Q4: LONE | R4: U | S4: TOTAL | T4: MVI | U4: DV CR | V4: BELOW | W4: REMAIN | X4: RECORDED | Y4: CALC | Z4: TOTAL | AA4: RAIN | AB4: MAX | AC4: MIN | AD4: DATE
A5: "AUG" | B5: ELEV | C5: AC FT | D5: CHANGE | E5: CAP | F5: CFS | G5: RIVER | H5: CANYON | I5: INFLOW | J5: INFLOW | K5: INFLOW | L5: INF/OTF | M5: TOT DIV | N5: WETLAND | O5: UTE F&R | P5: MVI,CTZ | Q5: PINE | R5: LAT | S5: MVI | T5: CALL | U5: CANAL | V5: MC PHEE | W5: RELEASE | X5: OUTFLOW | Y5: OUTFLOW | Z5: OUTFLOW | AB5: TMP | AC5: TMP | AD5: "AUG"
A7: SEASON BAL | F7: =JUL!F45 -> -17522.057 | G7: =JUL!G45 -> 92367 | H7: =JUL!H45 -> 1956.67 | I7: =JUL!I45 -> 94323.67 | J7: =JUL!J45 -> 10436.974 | K7: =JUL!K45 -> 104760.64 | L7: =JUL!L45 -> 6946.353 | M7: =JUL!M45 -> 32655.3 | ... V7: =JUL!V45 -> 42885 | X7: =JUL!X45 -> 118792.08 | Y7: =JUL!Y45 -> 3490.6214 | Z7: =JUL!Z45 -> 122282.7
A8: YTD | B8: =JUL!B40 -> 6902.76 | C8: =JUL!C40 -> 293874 | D8: =JUL!D49 -> -35806 | E8: =JUL!E49 -> 141874 | F8: =JUL!F48 -> -18051.928 | G8: =JUL!G48 -> 101951 | H8: =JUL!H48 -> 2221.95 | I8: =JUL!I48 -> 104172.95 | J8: =JUL!J48 -> 12785.135 | K8: =JUL!K48 -> 116954.35 | L8: =JUL!L48 -> 8623.9316 | M8: =JUL!M48 -> 35094.06 | ... AA8: =JUL!AA48 -> 7.06
A10: 1 | B10: 6902.31 | C10: 292181 | D10: =C10-C8 -> -1693 | E10: =C10-152000 -> 140181 | F10: =D10/$D$2 -> -853.54172 | G10: 112 | H10: 0 | I10: =G10+H10 -> 112 | J10: =IF(L10>0,L10,0) -> 0 | K10: =I10+J10 -> 112 | L10: =F10-(I10-X10) -> -77.041719 | M10: 324 | N10: 0 | O10: 85.47 | P10: =M10-(N10+O10) -> 238.53 | Q10: 144 | R10: 74 | S10: =SUM(P10:R10) -> 456.53 | T10: =(I10-S10)+T7 -> -7661.8419 | U10: 266.5 | V10: 80 | W10: =W8-75 -> 11598 | X10: =N10+O10+S10+U10+V10 -> 888.5 | Y10: =IF(L10<0,L10*-1,0) -> 77.041719 | Z10: =X10+Y10 -> 965.54172 | AA10: 0 | AB10: 92 | AC10: 59 | AD10: 1
A11: =A10+1 -> 2 | B11: 6901.9 | C11: 290641 | D11: =C11-C10 -> -1540 | E11: =C11-152000 -> 138641 | F11: =D11/$D$2 -> -776.40534 | G11: 110 | H11: 0 | I11: =G11+H11 -> 110 | J11: =IF(L11>0,L11,0) -> 14.994656 | K11: =I11+J11 -> 124.99466 | L11: =F11-(I11-X11) -> 14.994656 | M11: 327 | N11: 0 | O11: =44+43.6*1.05 -> 89.78 | P11: =M11-(N11+O11) -> 237.22 | Q11: 148 | R11: 75 | S11: =SUM(P11:R11) -> 460.22 | T11: =(I11-S11)+T10 -> -8012.0619 | U11: 271.4 | V11: 80 | W11: =W10-75 -> 11523 | X11: =N11+O11+S11+U11+V11 -> 901.4 | Y11: =IF(L11<0,L11*-1,0) -> 0 | Z11: =X11+Y11 -> 901.4 | AA11: 0 | AB11: 96 | AC11: 38 | AD11: =AD10+1 -> 2
A12: =A11+1 -> 3 | B12: 6901.48 | C12: 289074 | D12: =C12-C11 -> -1567 | E12: =C12-152000 -> 137074 | F12: =D12/$D$2 -> -790.01765 | G12: 114 | H12: 0 | I12: =G12+H12 -> 114 | J12: =IF(L12>0,L12,0) -> 0 | K12: =I12+J12 -> 114 | L12: =F12-(I12-X12) -> -11.917646 | M12: 319 | N12: 1 | O12: =37.5+36.9*1.05 -> 76.245 | P12: =M12-(N12+O12) -> 241.755 | Q12: 148 | R12: 74 | S12: =SUM(P12:R12) -> 463.755 | T12: =(I12-S12)+T11 -> -8361.8169 | U12: 272.1 | V12: 79 | W12: =W11-75 -> 11448 | X12: =N12+O12+S12+U12+V12 -> 892.1 | Y12: =IF(L12<0,L12*-1,0) -> 11.917646 | Z12: =X12+Y12 -> 904.01765 | AA12: 0 | AB12: 90 | AC12: 62 | AD12: =AD11+1 -> 3
A13: =A12+1 -> 4 | B13: 6901.03 | C13: 287394 | D13: =C13-C12 -> -1680 | E13: =C13-152000 -> 135394 | F13: =D13/$D$2 -> -846.98765 | G13: 114 | H13: 0 | I13: =G13+H13 -> 114 | J13: =IF(L13>0,L13,0) -> 0 | K13: =I13+J13 -> 114 | L13: =F13-(I13-X13) -> -40.487648 | M13: 328 | N13: 1 | O13: =37.2+35.1*1.05 -> 74.055 | P13: =M13-(N13+O13) -> 252.945 | Q13: 147 | R13: 73 | S13: =SUM(P13:R13) -> 472.945 | T13: =(I13-S13)+T12 -> -8720.7619 | U13: 293.5 | V13: 79 | W13: =W12-75 -> 11373 | X13: =N13+O13+S13+U13+V13 -> 920.5 | Y13: =IF(L13<0,L13*-1,0) -> 40.487648 | Z13: =X13+Y13 -> 960.98765 | AA13: 0 | AB13: 90 | AC13: 63 | AD13: =AD12+1 -> 4
A14: =A13+1 -> 5 | B14: 6900.55 | C14: 285616 | D14: =C14-C13 -> -1778 | E14: =C14-152000 -> 133616 | F14: =D14/$D$2 -> -896.39526 | G14: 107 | H14: 0 | I14: =G14+H14 -> 107 | J14: =IF(L14>0,L14,0) -> 0 | K14: =I14+J14 -> 107 | L14: =F14-(I14-X14) -> -90.895261 | M14: 324 | N14: 1 | O14: =36.8+35.4*1.05 -> 73.97 | P14: =M14-(N14+O14) -> 249.03 | Q14: 147 | R14: 73 | S14: =SUM(P14:R14) -> 469.03 | T14: =(I14-S14)+T13 -> -9082.7919 | U14: 290.5 | V14: 78 | W14: =W13-75 -> 11298 | X14: =N14+O14+S14+U14+V14 -> 912.5 | Y14: =IF(L14<0,L14*-1,0) -> 90.895261 | Z14: =X14+Y14 -> 1003.3953 | AA14: 0 | AB14: 88 | AC14: 56 | AD14: =AD13+1 -> 5
A15: =A14+1 -> 6 | B15: 6900.08 | C15: 283876 | D15: =C15-C14 -> -1740 | E15: =C15-152000 -> 131876 | F15: =D15/$D$2 -> -877.23721 | G15: 105 | H15: 0 | I15: =G15+H15 -> 105 | J15: =IF(L15>0,L15,0) -> 0 | K15: =I15+J15 -> 105 | L15: =F15-(I15-X15) -> -97.637207 | M15: 318 | N15: 1 | O15: =36.3+34.9*1.05 -> 72.945 | P15: =M15-(N15+O15) -> 244.055 | Q15: 147 | R15: 74 | S15: =SUM(P15:R15) -> 465.055 | T15: =(I15-S15)+T14 -> -9442.8469 | U15: 267.6 | V15: 78 | W15: =W14-75 -> 11223 | X15: =N15+O15+S15+U15+V15 -> 884.6 | Y15: =IF(L15<0,L15*-1,0) -> 97.637207 | Z15: =X15+Y15 -> 982.23721 | AA15: 0 | AB15: 89 | AC15: 59 | AD15: =AD14+1 -> 6
A16: =A15+1 -> 7 | B16: 6899.63 | C16: 282221 | D16: =C16-C15 -> -1655 | E16: =C16-152000 -> 130221 | F16: =D16/$D$2 -> -834.38367 | G16: 102 | H16: 0 | I16: =G16+H16 -> 102 | J16: =IF(L16>0,L16,0) -> 0 | K16: =I16+J16 -> 102 | L16: =F16-(I16-X16) -> -9.3836652 | M16: 335 | N16: 1 | O16: =38.4+38.5*1.05 -> 78.825 | P16: =M16-(N16+O16) -> 255.175 | Q16: 146 | R16: 78 | S16: =SUM(P16:R16) -> 479.175 | T16: =(I16-S16)+T15 -> -9820.0219 | U16: 290 | V16: 78 | W16: =W15-75 -> 11148 | X16: =N16+O16+S16+U16+V16 -> 927 | Y16: =IF(L16<0,L16*-1,0) -> 9.3836652 | Z16: =X16+Y16 -> 936.38367 | AA16: 0 | AB16: 88 | AC16: 55 | AD16: =AD15+1 -> 7
A17: =A16+1 -> 8 | B17: 6899.18 | C17: 280568 | D17: =C17-C16 -> -1653 | E17: =C17-152000 -> 128568 | F17: =D17/$D$2 -> -833.37535 | G17: 101 | H17: 0 | I17: =G17+H17 -> 101 | J17: =IF(L17>0,L17,0) -> 0 | K17: =I17+J17 -> 101 | L17: =F17-(I17-X17) -> -12.075347 | M17: 325 | N17: 1 | O17: =37.9+37*1.05 -> 76.75 | P17: =M17-(N17+O17) -> 247.25 | Q17: 146 | R17: 79 | S17: =SUM(P17:R17) -> 472.25 | T17: =(I17-S17)+T16 -> -10191.272 | U17: 294.3 | V17: 78 | W17: =W16-75 -> 11073 | X17: =N17+O17+S17+U17+V17 -> 922.3 | Y17: =IF(L17<0,L17*-1,0) -> 12.075347 | Z17: =X17+Y17 -> 934.37535 | AA17: 0.01 | AB17: 89 | AC17: 57 | AD17: =AD16+1 -> 8
A18: =A17+1 -> 9 | B18: 6898.72 | C18: 278886 | D18: =C18-C17 -> -1682 | E18: =C18-152000 -> 126886 | F18: =D18/$D$2 -> -847.99597 | G18: 101 | H18: 0 | I18: =G18+H18 -> 101 | J18: =IF(L18>0,L18,0) -> 0 | K18: =I18+J18 -> 101 | L18: =F18-(I18-X18) -> -12.895967 | M18: 323 | N18: 1 | O18: =38.2+36.7*1.05 -> 76.735 | P18: =M18-(N18+O18) -> 245.265 | Q18: 145 | R18: 78 | S18: =SUM(P18:R18) -> 468.265 | T18: =(I18-S18)+T17 -> -10558.537 | U18: 312.1 | V18: 78 | W18: =W17-75 -> 10998 | X18: =N18+O18+S18+U18+V18 -> 936.1 | Y18: =IF(L18<0,L18*-1,0) -> 12.895967 | Z18: =X18+Y18 -> 948.99597 | AA18: 0 | AB18: 87 | AC18: 62 | AD18: =AD17+1 -> 9
A19: =A18+1 -> 10 | B19: 6898.22 | C19: 277063 | D19: =C19-C18 -> -1823 | E19: =C19-152000 -> 125063 | F19: =D19/$D$2 -> -919.08243 | G19: 100 | H19: 0 | I19: =G19+H19 -> 100 | J19: =IF(L19>0,L19,0) -> 0 | K19: =I19+J19 -> 100 | L19: =F19-(I19-X19) -> -99.48243 | M19: 318 | N19: 1 | O19: =33.1+32.1*1.05 -> 66.805 | P19: =M19-(N19+O19) -> 250.195 | Q19: 145 | R19: 78 | S19: =SUM(P19:R19) -> 473.195 | T19: =(I19-S19)+T18 -> -10931.732 | U19: 300.6 | V19: 78 | W19: =W18-75 -> 10923 | X19: =N19+O19+S19+U19+V19 -> 919.6 | Y19: =IF(L19<0,L19*-1,0) -> 99.48243 | Z19: =X19+Y19 -> 1019.0824 | AA19: 0 | AB19: 87 | AC19: 66 | AD19: =AD18+1 -> 10
A20: 11 | B20: 6897.8 | C20: 275537 | D20: =C20-C19 -> -1526 | E20: =C20-152000 -> 123537 | F20: =D20/$D$2 -> -769.34711 | G20: 101 | H20: 0 | I20: =G20+H20 -> 101 | J20: =IF(L20>0,L20,0) -> 28.552886 | K20: =I20+J20 -> 129.55289 | L20: =F20-(I20-X20) -> 28.552886 | M20: 318 | N20: 1 | O20: =34.2+32.2*1.05 -> 68.01 | P20: =M20-(N20+O20) -> 248.99 | Q20: 145 | R20: 77 | S20: =SUM(P20:R20) -> 470.99 | T20: =(I20-S20)+T19 -> -11301.722 | U20: 280.9 | V20: 78 | W20: =W19-75 -> 10848 | X20: =N20+O20+S20+U20+V20 -> 898.9 | Y20: =IF(L20<0,L20*-1,0) -> 0 | Z20: =X20+Y20 -> 898.9 | AA20: 0.04 | AB20: 87 | AC20: 59 | AD20: 11
A21: 12 | B21: 6897.34 | C21: 273873 | D21: =C21-C20 -> -1664 | E21: =C21-152000 -> 121873 | F21: =D21/$D$2 -> -838.9211 | G21: 106 | H21: 0 | I21: =G21+H21 -> 106 | J21: =IF(L21>0,L21,0) -> 0 | K21: =I21+J21 -> 106 | L21: =F21-(I21-X21) -> -29.521099 | M21: 329 | N21: 1 | O21: =34.2+33.7*1.05 -> 69.585 | P21: =M21-(N21+O21) -> 258.415 | Q21: 145 | R21: 78 | S21: =SUM(P21:R21) -> 481.415 | T21: =(I21-S21)+T20 -> -11677.137 | U21: 285.4 | V21: 78 | W21: =W20-75 -> 10773 | X21: =N21+O21+S21+U21+V21 -> 915.4 | Y21: =IF(L21<0,L21*-1,0) -> 29.521099 | Z21: =X21+Y21 -> 944.9211 | AA21: 0.32 | AB21: 85 | AC21: 58 | AD21: 12
A22: 13 | B22: 6896.92 | C22: 272356 | D22: =C22-C21 -> -1517 | E22: =C22-152000 -> 120356 | F22: =D22/$D$2 -> -764.80968 | G22: 111 | H22: 0 | I22: =G22+H22 -> 111 | J22: =IF(L22>0,L22,0) -> 0 | K22: =I22+J22 -> 111 | L22: =F22-(I22-X22) -> -6.4096799 | M22: 319 | N22: 1 | O22: =33.1+32.4*1.05 -> 67.12 | P22: =M22-(N22+O22) -> 250.88 | Q22: 146 | R22: 80 | S22: =SUM(P22:R22) -> 476.88 | T22: =(I22-S22)+T21 -> -12043.017 | U22: 246.4 | V22: 78 | W22: =W21-75 -> 10698 | X22: =N22+O22+S22+U22+V22 -> 869.4 | Y22: =IF(L22<0,L22*-1,0) -> 6.4096799 | Z22: =X22+Y22 -> 875.80968 | AA22: 0 | AB22: 84 | AC22: 55 | AD22: 13
A23: 14 | B23: 6896.49 | C23: 270813 | D23: =C23-C22 -> -1543 | E23: =C23-152000 -> 118813 | F23: =D23/$D$2 -> -777.91782 | G23: 148 | H23: 0 | I23: =G23+H23 -> 148 | J23: =IF(L23>0,L23,0) -> 0 | K23: =I23+J23 -> 148 | L23: =F23-(I23-X23) -> -53.117822 | M23: 307 | N23: 1 | O23: =31+31*1.05 -> 63.55 | P23: =M23-(N23+O23) -> 242.45 | Q23: 146 | R23: 79 | S23: =SUM(P23:R23) -> 467.45 | T23: =(I23-S23)+T22 -> -12362.467 | U23: 262.8 | V23: 78 | W23: =W22-75 -> 10623 | X23: =N23+O23+S23+U23+V23 -> 872.8 | Y23: =IF(L23<0,L23*-1,0) -> 53.117822 | Z23: =X23+Y23 -> 925.91782 | AA23: 0 | AB23: 86 | AC23: 57 | AD23: 14
A24: 15 | B24: 6896.05 | C24: 269234 | D24: =C24-C23 -> -1579 | E24: =C24-152000 -> 117234 | F24: =D24/$D$2 -> -796.06756 | G24: 142 | H24: 0 | I24: =G24+H24 -> 142 | J24: =IF(L24>0,L24,0) -> 0 | K24: =I24+J24 -> 142 | L24: =F24-(I24-X24) -> -54.567557 | M24: 305 | N24: 1 | O24: =29.9+30.4*1.05 -> 61.82 | P24: =M24-(N24+O24) -> 242.18 | Q24: 147 | R24: 79 | S24: =SUM(P24:R24) -> 468.18 | T24: =(I24-S24)+T23 -> -12688.647 | U24: 274.5 | V24: 78 | W24: =W23-75 -> 10548 | X24: =N24+O24+S24+U24+V24 -> 883.5 | Y24: =IF(L24<0,L24*-1,0) -> 54.567557 | Z24: =X24+Y24 -> 938.06756 | AA24: 0.13 | AB24: 85 | AC24: 59 | AD24: 15
A25: 16 | B25: 6895.64 | C25: 267773 | D25: =C25-C24 -> -1461 | E25: =C25-152000 -> 115773 | F25: =D25/$D$2 -> -736.57676 | G25: 170 | H25: 0 | I25: =G25+H25 -> 170 | J25: =IF(L25>0,L25,0) -> 0 | K25: =I25+J25 -> 170 | L25: =F25-(I25-X25) -> -33.076758 | M25: 305 | N25: 1 | O25: =25.4+25.4*1.05 -> 52.07 | P25: =M25-(N25+O25) -> 251.93 | Q25: 147 | R25: 78 | S25: =SUM(P25:R25) -> 476.93 | T25: =(I25-S25)+T24 -> -12995.577 | U25: 266.5 | V25: 77 | W25: =W24-75 -> 10473 | X25: =N25+O25+S25+U25+V25 -> 873.5 | Y25: =IF(L25<0,L25*-1,0) -> 33.076758 | Z25: =X25+Y25 -> 906.57676 | AA25: 0.01 | AB25: 85 | AC25: 59 | AD25: 16
A26: 17 | B26: 6895.3 | C26: 266563 | D26: =C26-C25 -> -1210 | E26: =C26-152000 -> 114563 | F26: =D26/$D$2 -> -610.03277 | G26: 172 | H26: 0 | I26: =G26+H26 -> 172 | J26: =IF(L26>0,L26,0) -> 79.36723 | K26: =I26+J26 -> 251.36723 | L26: =F26-(I26-X26) -> 79.36723 | M26: 286 | N26: 1 | O26: =20.2+20.3*1.05 -> 41.515 | P26: =M26-(N26+O26) -> 243.485 | Q26: 147 | R26: 77 | S26: =SUM(P26:R26) -> 467.485 | T26: =(I26-S26)+T25 -> -13291.062 | U26: 272.4 | V26: 79 | W26: =W25-75 -> 10398 | X26: =N26+O26+S26+U26+V26 -> 861.4 | Y26: =IF(L26<0,L26*-1,0) -> 0 | Z26: =X26+Y26 -> 861.4 | AA26: 0.01 | AB26: 83 | AC26: 58 | AD26: 17
A27: 18 | B27: 6894.94 | C27: 265284 | D27: =C27-C26 -> -1279 | E27: =C27-152000 -> 113284 | F27: =D27/$D$2 -> -644.81976 | G27: 196 | H27: 0 | I27: =G27+H27 -> 196 | J27: =IF(L27>0,L27,0) -> 0 | K27: =I27+J27 -> 196 | L27: =F27-(I27-X27) -> -13.319763 | M27: 277 | N27: 1 | O27: =22.3+23.3*1.05 -> 46.765 | P27: =M27-(N27+O27) -> 229.235 | Q27: 146 | R27: 77 | S27: =SUM(P27:R27) -> 452.235 | T27: =(I27-S27)+T26 -> -13547.297 | U27: 247.5 | V27: 80 | W27: =W26-75 -> 10323 | X27: =N27+O27+S27+U27+V27 -> 827.5 | Y27: =IF(L27<0,L27*-1,0) -> 13.319763 | Z27: =X27+Y27 -> 840.81976 | AA27: 0.41 | AB27: 79 | AC27: 56 | AD27: 18
A28: 19 | B28: 6894.66 | C28: 264296 | D28: =C28-C27 -> -988 | E28: =C28-152000 -> 112296 | F28: =D28/$D$2 -> -498.1094 | G28: 318 | H28: 0 | I28: =G28+H28 -> 318 | J28: =IF(L28>0,L28,0) -> 0 | K28: =I28+J28 -> 318 | L28: =F28-(I28-X28) -> -22.009403 | M28: 278 | N28: 1 | O28: =25.5+23.2*1.05 -> 49.86 | P28: =M28-(N28+O28) -> 227.14 | Q28: 147 | R28: 78 | S28: =SUM(P28:R28) -> 452.14 | T28: =(I28-S28)+T27 -> -13681.437 | U28: 213.1 | V28: 78 | W28: =W27-75 -> 10248 | X28: =N28+O28+S28+U28+V28 -> 794.1 | Y28: =IF(L28<0,L28*-1,0) -> 22.009403 | Z28: =X28+Y28 -> 816.1094 | AA28: 0.01 | AB28: 80 | AC28: 54 | AD28: 19
A29: 20 | B29: 6894.32 | C29: 263096 | D29: =C29-C28 -> -1200 | E29: =C29-152000 -> 111096 | F29: =D29/$D$2 -> -604.99118 | G29: 254 | H29: 0 | I29: =G29+H29 -> 254 | J29: =IF(L29>0,L29,0) -> 0 | K29: =I29+J29 -> 254 | L29: =F29-(I29-X29) -> -81.591177 | M29: 283 | N29: 1 | O29: =31.6+25.1*1.05 -> 57.955 | P29: =M29-(N29+O29) -> 224.045 | Q29: 147 | R29: 77 | S29: =SUM(P29:R29) -> 448.045 | T29: =(I29-S29)+T28 -> -13875.482 | U29: 192.4 | V29: 78 | W29: =W28-75 -> 10173 | X29: =N29+O29+S29+U29+V29 -> 777.4 | Y29: =IF(L29<0,L29*-1,0) -> 81.591177 | Z29: =X29+Y29 -> 858.99118 | AA29: 0 | AB29: 81 | AC29: 55 | AD29: 20
A30: 21 | B30: 6893.97 | C30: 261862 | D30: =C30-C29 -> -1234 | E30: =C30-152000 -> 109862 | F30: =D30/$D$2 -> -622.13259 | G30: 199 | H30: 0 | I30: =G30+H30 -> 199 | J30: =IF(L30>0,L30,0) -> 2.4674061 | K30: =I30+J30 -> 201.46741 | L30: =F30-(I30-X30) -> 2.4674061 | M30: 303 | N30: 1 | O30: =30.5+31.9*1.05 -> 63.995 | P30: =M30-(N30+O30) -> 238.005 | Q30: 146 | R30: 77 | S30: =SUM(P30:R30) -> 461.005 | T30: =(I30-S30)+T29 -> -14137.487 | U30: 219.6 | V30: 78 | W30: =W29-75 -> 10098 | X30: =N30+O30+S30+U30+V30 -> 823.6 | Y30: =IF(L30<0,L30*-1,0) -> 0 | Z30: =X30+Y30 -> 823.6 | AA30: 0 | AB30: 78 | AC30: 58 | AD30: 21
A31: 22 | B31: 6893.56 | C31: 260428 | D31: =C31-C30 -> -1434 | E31: =C31-152000 -> 108428 | F31: =D31/$D$2 -> -722.96446 | G31: 194 | H31: 0 | I31: =G31+H31 -> 194 | J31: =IF(L31>0,L31,0) -> 0 | K31: =I31+J31 -> 194 | L31: =F31-(I31-X31) -> -95.464457 | M31: 299 | N31: 1 | O31: =29.1+29.7*1.05 -> 60.285 | P31: =M31-(N31+O31) -> 237.715 | Q31: 149 | R31: 78 | S31: =SUM(P31:R31) -> 464.715 | T31: =(I31-S31)+T30 -> -14408.202 | U31: 217.5 | V31: 78 | W31: =W30-75 -> 10023 | X31: =N31+O31+S31+U31+V31 -> 821.5 | Y31: =IF(L31<0,L31*-1,0) -> 95.464457 | Z31: =X31+Y31 -> 916.96446 | AA31: 0 | AB31: 83 | AC31: 55 | AD31: 22
A32: 23 | B32: 6893.19 | C32: 259134 | D32: =C32-C31 -> -1294 | E32: =C32-152000 -> 107134 | F32: =D32/$D$2 -> -652.38215 | G32: 177 | H32: 0 | I32: =G32+H32 -> 177 | J32: =IF(L32>0,L32,0) -> 4.1178472 | K32: =I32+J32 -> 181.11785 | L32: =F32-(I32-X32) -> 4.1178472 | M32: 300 | N32: 1 | O32: =31.2+29.9*1.05 -> 62.595 | P32: =M32-(N32+O32) -> 236.405 | Q32: 149 | R32: 78 | S32: =SUM(P32:R32) -> 463.405 | T32: =(I32-S32)+T31 -> -14694.607 | U32: 228.5 | V32: 78 | W32: =W31-75 -> 9948 | X32: =N32+O32+S32+U32+V32 -> 833.5 | Y32: =IF(L32<0,L32*-1,0) -> 0 | Z32: =X32+Y32 -> 833.5 | AA32: 0 | AB32: 83 | AC32: 57 | AD32: 23
A33: 24 | B33: 6892.77 | C33: 257672 | D33: =C33-C32 -> -1462 | E33: =C33-152000 -> 105672 | F33: =D33/$D$2 -> -737.08092 | G33: 160 | H33: 0 | I33: =G33+H33 -> 160 | J33: =IF(L33>0,L33,0) -> 0 | K33: =I33+J33 -> 160 | L33: =F33-(I33-X33) -> -54.480918 | M33: 319 | N33: 1 | O33: =36.2+36*1.05 -> 74 | P33: =M33-(N33+O33) -> 244 | Q33: 150 | R33: 79 | S33: =SUM(P33:R33) -> 473 | T33: =(I33-S33)+T32 -> -15007.607 | U33: 216.6 | V33: 78 | W33: =W32-75 -> 9873 | X33: =N33+O33+S33+U33+V33 -> 842.6 | Y33: =IF(L33<0,L33*-1,0) -> 54.480918 | Z33: =X33+Y33 -> 897.08092 | AA33: 0 | AB33: 85 | AC33: 55 | AD33: 24
A34: 25 | B34: 6892.36 | C34: 256251 | D34: =C34-C33 -> -1421 | E34: =C34-152000 -> 104251 | F34: =D34/$D$2 -> -716.41039 | G34: 159 | H34: 0 | I34: =G34+H34 -> 159 | J34: =IF(L34>0,L34,0) -> 0 | K34: =I34+J34 -> 159 | L34: =F34-(I34-X34) -> -28.110386 | M34: 336 | N34: 1 | O34: =46.5+41.5*1.05 -> 90.075 | P34: =M34-(N34+O34) -> 244.925 | Q34: 150 | R34: 78 | S34: =SUM(P34:R34) -> 472.925 | T34: =(I34-S34)+T33 -> -15321.532 | U34: 205.3 | V34: 78 | W34: =W33-75 -> 9798 | X34: =N34+O34+S34+U34+V34 -> 847.3 | Y34: =IF(L34<0,L34*-1,0) -> 28.110386 | Z34: =X34+Y34 -> 875.41039 | AA34: 0.02 | AB34: 83 | AC34: 58 | AD34: 25
A35: 26 | B35: 6891.98 | C35: 254934 | D35: =C35-C34 -> -1317 | E35: =C35-152000 -> 102934 | F35: =D35/$D$2 -> -663.97782 | G35: 165 | H35: 0 | I35: =G35+H35 -> 165 | J35: =IF(L35>0,L35,0) -> 13.622183 | K35: =I35+J35 -> 178.62218 | L35: =F35-(I35-X35) -> 13.622183 | M35: 327 | N35: 1 | O35: =43.9+43.3*1.05 -> 89.365 | P35: =M35-(N35+O35) -> 236.635 | Q35: 150 | R35: 77 | S35: =SUM(P35:R35) -> 463.635 | T35: =(I35-S35)+T34 -> -15620.167 | U35: 210.6 | V35: 78 | W35: =W34-75 -> 9723 | X35: =N35+O35+S35+U35+V35 -> 842.6 | Y35: =IF(L35<0,L35*-1,0) -> 0 | Z35: =X35+Y35 -> 842.6 | AA35: 0 | AB35: 81 | AC35: 55 | AD35: 26
A36: 27 | B36: 6891.58 | C36: 253561 | D36: =C36-C35 -> -1373 | E36: =C36-152000 -> 101561 | F36: =D36/$D$2 -> -692.21074 | G36: 161 | H36: 0 | I36: =G36+H36 -> 161 | J36: =IF(L36>0,L36,0) -> 0 | K36: =I36+J36 -> 161 | L36: =F36-(I36-X36) -> -62.810739 | M36: 306 | N36: 1 | O36: =32.7+31.9*1.05 -> 66.195 | P36: =M36-(N36+O36) -> 238.805 | Q36: 150 | R36: 77 | S36: =SUM(P36:R36) -> 465.805 | T36: =(I36-S36)+T35 -> -15924.972 | U36: 179.4 | V36: 78 | W36: =W35-75 -> 9648 | X36: =N36+O36+S36+U36+V36 -> 790.4 | Y36: =IF(L36<0,L36*-1,0) -> 62.810739 | Z36: =X36+Y36 -> 853.21074 | AA36: 0 | AB36: 81 | AC36: 56 | AD36: 27
A37: 28 | B37: 6891.19 | C37: 252221 | D37: =C37-C36 -> -1340 | E37: =C37-152000 -> 100221 | F37: =D37/$D$2 -> -675.57348 | G37: 161 | H37: 0 | I37: =G37+H37 -> 161 | J37: =IF(L37>0,L37,0) -> 0 | K37: =I37+J37 -> 161 | L37: =F37-(I37-X37) -> -52.773481 | M37: 289 | N37: 1 | O37: =26.8+25.6*1.05 -> 53.68 | P37: =M37-(N37+O37) -> 234.32 | Q37: 151 | R37: 78 | S37: =SUM(P37:R37) -> 463.32 | T37: =(I37-S37)+T36 -> -16227.292 | U37: 187.8 | V37: 78 | W37: =W36-75 -> 9573 | X37: =N37+O37+S37+U37+V37 -> 783.8 | Y37: =IF(L37<0,L37*-1,0) -> 52.773481 | Z37: =X37+Y37 -> 836.57348 | AA37: 0 | AB37: 81 | AC37: 55 | AD37: 28
A38: 29 | B38: 6890.86 | C38: 251093 | D38: =C38-C37 -> -1128 | E38: =C38-152000 -> 99093 | F38: =D38/$D$2 -> -568.69171 | G38: 163 | H38: 0 | I38: =G38+H38 -> 163 | J38: =IF(L38>0,L38,0) -> 32.208293 | K38: =I38+J38 -> 195.20829 | L38: =F38-(I38-X38) -> 32.208293 | M38: 292 | N38: 1 | O38: =25.6+24.4*1.05 -> 51.22 | P38: =M38-(N38+O38) -> 239.78 | Q38: 153 | R38: 79 | S38: =SUM(P38:R38) -> 471.78 | T38: =(I38-S38)+T37 -> -16536.072 | U38: 161.9 | V38: 78 | W38: =W37-75 -> 9498 | X38: =N38+O38+S38+U38+V38 -> 763.9 | Y38: =IF(L38<0,L38*-1,0) -> 0 | Z38: =X38+Y38 -> 763.9 | AA38: 0.12 | AB38: 76 | AC38: 54 | AD38: 29
A39: 30 | B39: 6890.59 | C39: 250175 | D39: =C39-C38 -> -918 | E39: =C39-152000 -> 98175 | F39: =D39/$D$2 -> -462.81825 | G39: 183 | H39: 0 | I39: =G39+H39 -> 183 | J39: =IF(L39>0,L39,0) -> 29.181749 | K39: =I39+J39 -> 212.18175 | L39: =F39-(I39-X39) -> 29.181749 | M39: 275 | N39: 1 | O39: =30.5+32.5*1.05 -> 64.625 | P39: =M39-(N39+O39) -> 209.375 | Q39: 153 | R39: 76 | S39: =SUM(P39:R39) -> 438.375 | T39: =(I39-S39)+T38 -> -16791.447 | U39: 93 | V39: 78 | W39: =W38-75 -> 9423 | X39: =N39+O39+S39+U39+V39 -> 675 | Y39: =IF(L39<0,L39*-1,0) -> 0 | Z39: =X39+Y39 -> 675 | AA39: 0.45 | AB39: 73 | AC39: 54 | AD39: 30
A40: 31 | B40: 6890.26 | C40: 249052 | D40: =C40-C39 -> -1123 | E40: =C40-152000 -> 97052 | F40: =D40/$D$2 -> -566.17091 | G40: 203 | H40: 0 | I40: =G40+H40 -> 203 | J40: =IF(L40>0,L40,0) -> 0 | K40: =I40+J40 -> 203 | L40: =F40-(I40-X40) -> -105.57091 | M40: 288 | N40: 1 | O40: =33.8+31.5*1.05 -> 66.875 | P40: =M40-(N40+O40) -> 220.125 | Q40: 153 | R40: 74 | S40: =SUM(P40:R40) -> 447.125 | T40: =(I40-S40)+T39 -> -17035.572 | U40: 70.6 | V40: 78 | W40: =W39-75 -> 9348 | X40: =N40+O40+S40+U40+V40 -> 663.6 | Y40: =IF(L40<0,L40*-1,0) -> 105.57091 | Z40: =X40+Y40 -> 769.17091 | AA40: 0 | AB40: 73 | AC40: 50 | AD40: 31
A42: MONTH / CFS | F42: =SUM(F10:F40) -> -22597.429 | G42: =SUM(G10:G40) -> 4709 | H42: =SUM(H10:H40) -> 0 | I42: =SUM(I10:I40) -> 4709 | J42: =SUM(J10:J40) -> 204.51225 | K42: =SUM(K10:K40) -> 4913.5123 | L42: =SUM(L10:L40) -> -940.12879 | M42: =SUM(M10:M40) -> 9582 | ... S42: =SUM(S10:S40) -> 14427.26 | U42: =SUM(U10:U40) -> 7391.3 | V42: =SUM(V10:V40) -> 2426 | X42: =SUM(X10:X40) -> 26366.3 | Y42: =SUM(Y10:Y40) -> 1144.641 | Z42: =SUM(Z10:Z40) -> 27510.941 | AA42: =SUM(AA10:AA40) -> 1.53 | AB42: =AVERAGE(AB10:AB40) -> 84.129032 | AC42: =AVERAGE(AC10:AC40) -> 56.580645 | AD42: AVG
A43: MONTH / AF | D43: =SUM(D10:D40) -> -44822 | F43: =F42*$D$2 -> -44822 | G43: =G42*$D$2 -> 9340.3015 | H43: =H42*$D$2 -> 0 | I43: =I42*$D$2 -> 9340.3015 | J43: =J42*$D$2 -> 405.65005 | K43: =K42*$D$2 -> 9745.9515 | L43: =L42*$D$2 -> -1864.7454 | M43: =M42*$D$2 -> 19005.897 | ... S43: =S42*$D$2 -> 28616.47 | U43: =U42*$D$2 -> 14660.644 | V43: =V42*$D$2 -> 4811.971 | X43: =X42*$D$2 -> 52297.556 | Y43: =Y42*$D$2 -> 2270.3955 | Z43: =Z42*$D$2 -> 54567.952 | AB43: =MAX(AB10:AB40) -> 96 | AC43: =MAX(AC10:AC40) -> 66 | AD43: HI
A45: SEASON / CFS | F45: =F7+F42 -> -40119.486 | G45: =G7+G42 -> 97076 | H45: =H7+H42 -> 1956.67 | I45: =I7+I42 -> 99032.67 | J45: =J7+J42 -> 10641.487 | K45: =K7+K42 -> 109674.16 | L45: =L7+L42 -> 6006.2242 | M45: =M7+M42 -> 42237.3 | ... S45: =S7+S42 -> 62285.3 | T45: =T40 -> -17035.572 | U45: =U7+U42 -> 27470.98 | V45: =V7+V42 -> 45311 | X45: =X7+X42 -> 145158.38 | Y45: =Y7+Y42 -> 4635.2624 | Z45: =Z7+Z42 -> 149793.64 | AB45: =MIN(AB10:AB40) -> 73 | AC45: =MIN(AC10:AC40) -> 38 | AD45: LO
A46: SEASON / AF | F46: =F45*$D$2 -> -79577 | G46: =G45*$D$2 -> 192550.25 | H46: =H45*$D$2 -> 3881.0549 | I46: =I45*$D$2 -> 196431.3 | J46: =J45*$D$2 -> 21107.389 | K46: =K45*$D$2 -> 217538.69 | L46: =L45*$D$2 -> 11913.346 | M46: =M45*$D$2 -> 83777.685 | ... V46: =V45*$D$2 -> 89874.368 | X46: =X45*$D$2 -> 287921.65 | Y46: =Y45*$D$2 -> 9194.043 | Z46: =Z45*$D$2 -> 297115.69
A48: YTD / CFS | F48: =F8+F42 -> -40649.357 | G48: =G8+G42 -> 106660 | H48: =H8+H42 -> 2221.95 | I48: =I8+I42 -> 108881.95 | J48: =J8+J42 -> 12989.648 | K48: =K8+K42 -> 121867.86 | L48: =L8+L42 -> 7683.8028 | M48: =M8+M42 -> 44676.06 | ... S48: =S8+S42 -> 65820.34 | T48: =T45 -> -17035.572 | U48: =U8+U42 -> 27470.98 | V48: =V8+V42 -> 53324.97 | W48: =W40 -> 9348 | X48: =X8+X42 -> 157215.11 | Y48: =Y8+Y42 -> 5305.8448 | Z48: =Z8+Z42 -> 162520.95 | AA48: =AA8+AA42 -> 8.59
A49: YTD / AF | D49: =D8+D43 -> -80628 | E49: =E40 -> 97052 | F49: =F48*$D$2 -> -80628 | G49: =G48*$D$2 -> 211560.11 | H49: =H48*$D$2 -> 4407.2378 | I49: =I48*$D$2 -> 215967.35 | J49: =J48*$D$2 -> 25764.966 | K49: =K48*$D$2 -> 241724.91 | L49: =L48*$D$2 -> 15240.823 | M49: =M48*$D$2 -> 88614.965 | ... Z49: =Z48*$D$2 -> 322360.31

Sheet SEP
K1: MC PHEE RESERVOIR IN/OUT FLOW TABULATION
A2: AF/cfs CONVERT FACTOR | D2: 1.9835 | K2: SEPTEMBER "2000"
A4: DATE | B4: RESERV | C4: RESERV | D4: AC FT | E4: ACTIVE | F4: CONV TO | G4: DOLORES | H4: LOST | I4: RECORDED | J4: CALC | K4: TOTAL | L4: CALC | M4: DOLORES TUNNEL | Q4: LONE | R4: U | S4: TOTAL | T4: MVI | U4: DV CR | V4: BELOW | W4: REMAIN | X4: RECORDED | Y4: CALC | Z4: TOTAL | AA4: RAIN | AB4: MAX | AC4: MIN | AD4: DATE
A5: "SEP" | B5: ELEV | C5: AC FT | D5: CHANGE | E5: CAP | F5: CFS | G5: RIVER | H5: CANYON | I5: INFLOW | J5: INFLOW | K5: INFLOW | L5: INF/OTF | M5: TOT DIV | N5: WETLAND | O5: UTE F&R | P5: MVI,CTZ | Q5: PINE | R5: LAT | S5: MVI | T5: CALL | U5: CANAL | V5: MC PHEE | W5: RELEASE | X5: OUTFLOW | Y5: OUTFLOW | Z5: OUTFLOW | AB5: TMP | AC5: TMP | AD5: "SEP"
A7: SEASON BAL | F7: =AUG!F45 -> -40119.486 | G7: =AUG!G45 -> 97076 | H7: =AUG!H45 -> 1956.67 | I7: =AUG!I45 -> 99032.67 | J7: =AUG!J45 -> 10641.487 | K7: =AUG!K45 -> 109674.16 | L7: =AUG!L45 -> 6006.2242 | M7: =AUG!M45 -> 42237.3 | ... V7: =AUG!V45 -> 45311 | X7: =AUG!X45 -> 145158.38 | Y7: =AUG!Y45 -> 4635.2624 | Z7: =AUG!Z45 -> 149793.64
A8: YTD | B8: =AUG!B40 -> 6890.26 | C8: =AUG!C40 -> 249052 | D8: =AUG!D49 -> -80628 | E8: =AUG!E49 -> 97052 | F8: =AUG!F48 -> -40649.357 | G8: =AUG!G48 -> 106660 | H8: =AUG!H48 -> 2221.95 | I8: =AUG!I48 -> 108881.95 | J8: =AUG!J48 -> 12989.648 | K8: =AUG!K48 -> 121867.86 | L8: =AUG!L48 -> 7683.8028 | M8: =AUG!M48 -> 44676.06 | ... AA8: =AUG!AA48 -> 8.59
AB9: 0
A10: 1 | B10: 6889.98 | C10: 248101 | D10: =C10-C8 -> -951 | E10: =C10-151978 -> 96123 | F10: =D10/$D$2 -> -479.45551 | G10: 184 | H10: 0 | I10: =G10+H10 -> 184 | J10: =IF(L10>0,L10,0) -> 0 | K10: =I10+J10 -> 184 | L10: =F10-(I10-X10) -> -12.055508 | M10: 265 | N10: 1 | O10: 50.82 | P10: =M10-(N10+O10) -> 213.18 | Q10: 153 | R10: 70 | S10: =SUM(P10:R10) -> 436.18 | T10: =(I10-S10)+T7 -> -17287.752 | U10: 85.4 | V10: 78 | W10: =W8-60 -> 9288 | X10: =N10+O10+S10+U10+V10 -> 651.4 | Y10: =IF(L10<0,L10*-1,0) -> 12.055508 | Z10: =X10+Y10 -> 663.45551 | AA10: 0 | AB10: 62.5 | AC10: 50.1 | AD10: 1
A11: 2 | B11: 6889.7 | C11: 247158 | D11: =C11-C10 -> -943 | E11: =C11-151978 -> 95180 | F11: =D11/$D$2 -> -475.42223 | G11: 182 | H11: 0 | I11: =G11+H11 -> 182 | J11: =IF(L11>0,L11,0) -> 0 | K11: =I11+J11 -> 182 | L11: =F11-(I11-X11) -> -60.822233 | M11: 229 | N11: 1 | O11: 29.4 | P11: =M11-(N11+O11) -> 198.6 | Q11: 153 | R11: 68 | S11: =SUM(P11:R11) -> 419.6 | T11: =(I11-S11)+T10 -> -17525.352 | U11: 68.6 | V11: 78 | W11: =W10-60 -> 9228 | X11: =N11+O11+S11+U11+V11 -> 596.6 | Y11: =IF(L11<0,L11*-1,0) -> 60.822233 | Z11: =X11+Y11 -> 657.42223 | AA11: 0.04 | AB11: 67.8 | AC11: 49.7 | AD11: 2
A12: 3 | B12: 6889.42 | C12: 246215 | D12: =C12-C11 -> -943 | E12: =C12-151978 -> 94237 | F12: =D12/$D$2 -> -475.42223 | G12: 178 | H12: 0 | I12: =G12+H12 -> 178 | J12: =IF(L12>0,L12,0) -> 0 | K12: =I12+J12 -> 178 | L12: =F12-(I12-X12) -> -41.622233 | M12: 237 | N12: 1 | O12: 30.45 | P12: =M12-(N12+O12) -> 205.55 | Q12: 152 | R12: 68 | S12: =SUM(P12:R12) -> 425.55 | T12: =(I12-S12)+T11 -> -17772.902 | U12: 76.8 | V12: 78 | W12: =W11-60 -> 9168 | X12: =N12+O12+S12+U12+V12 -> 611.8 | Y12: =IF(L12<0,L12*-1,0) -> 41.622233 | Z12: =X12+Y12 -> 653.42223 | AA12: 0 | AB12: 77.3 | AC12: 49.7 | AD12: 3
A13: 4 | B13: 6889.15 | C13: 245306 | D13: =C13-C12 -> -909 | E13: =C13-151978 -> 93328 | F13: =D13/$D$2 -> -458.28082 | G13: 159 | H13: 0 | I13: =G13+H13 -> 159 | J13: =IF(L13>0,L13,0) -> 0 | K13: =I13+J13 -> 159 | L13: =F13-(I13-X13) -> -12.880817 | M13: 231 | N13: 1 | O13: 23 | P13: =M13-(N13+O13) -> 207 | Q13: 152 | R13: 68 | S13: =SUM(P13:R13) -> 427 | T13: =(I13-S13)+T12 -> -18040.902 | U13: 75.4 | V13: 78 | W13: =W12-60 -> 9108 | X13: =N13+O13+S13+U13+V13 -> 604.4 | Y13: =IF(L13<0,L13*-1,0) -> 12.880817 | Z13: =X13+Y13 -> 617.28082 | AA13: 0 | AB13: 84.8 | AC13: 49.7 | AD13: 4
A14: 5 | B14: 6888.88 | C14: 244401 | D14: =C14-C13 -> -905 | E14: =C14-151978 -> 92423 | F14: =D14/$D$2 -> -456.26418 | G14: 149 | H14: 0 | I14: =G14+H14 -> 149 | J14: =IF(L14>0,L14,0) -> 34.935821 | K14: =I14+J14 -> 183.93582 | L14: =F14-(I14-X14) -> 34.935821 | M14: 270 | N14: 1 | O14: 48.72 | P14: =M14-(N14+O14) -> 220.28 | Q14: 152 | R14: 67 | S14: =SUM(P14:R14) -> 439.28 | T14: =(I14-S14)+T13 -> -18331.182 | U14: 73.2 | V14: 78 | W14: =W13-60 -> 9048 | X14: =N14+O14+S14+U14+V14 -> 640.2 | Y14: =IF(L14<0,L14*-1,0) -> 0 | Z14: =X14+Y14 -> 640.2 | AA14: 0.19 | AB14: 81.2 | AC14: 52 | AD14: 5
A15: 6 | B15: 6888.63 | C15: 243568 | D15: =C15-C14 -> -833 | E15: =C15-151978 -> 91590 | F15: =D15/$D$2 -> -419.96471 | G15: 165 | H15: 0 | I15: =G15+H15 -> 165 | J15: =IF(L15>0,L15,0) -> 55.535291 | K15: =I15+J15 -> 220.53529 | L15: =F15-(I15-X15) -> 55.535291 | M15: 280 | N15: 1 | O15: =33.2+31*1.05 -> 65.75 | P15: =M15-(N15+O15) -> 213.25 | Q15: 153 | R15: 67 | S15: =SUM(P15:R15) -> 433.25 | T15: =(I15-S15)+T14 -> -18599.432 | U15: 72.5 | V15: 68 | W15: =W14-60 -> 8988 | X15: =N15+O15+S15+U15+V15 -> 640.5 | Y15: =IF(L15<0,L15*-1,0) -> 0 | Z15: =X15+Y15 -> 640.5 | AA15: 0.17 | AB15: 73 | AC15: 54 | AD15: 6
A16: 7 | B16: 6888.33 | C16: 242569 | D16: =C16-C15 -> -999 | E16: =C16-151978 -> 90591 | F16: =D16/$D$2 -> -503.65516 | G16: 179 | H16: 0 | I16: =G16+H16 -> 179 | J16: =IF(L16>0,L16,0) -> 0 | K16: =I16+J16 -> 179 | L16: =F16-(I16-X16) -> -76.355155 | M16: 260 | N16: 1 | O16: =26.7+25.6*1.05 -> 53.58 | P16: =M16-(N16+O16) -> 205.42 | Q16: 152 | R16: 66 | S16: =SUM(P16:R16) -> 423.42 | T16: =(I16-S16)+T15 -> -18843.852 | U16: 67.3 | V16: 61 | W16: =W15-60 -> 8928 | X16: =N16+O16+S16+U16+V16 -> 606.3 | Y16: =IF(L16<0,L16*-1,0) -> 76.355155 | Z16: =X16+Y16 -> 682.65516 | AA16: 0 | AB16: 79 | AC16: 51 | AD16: 7
A17: 8 | B17: 6888.11 | C17: 241836 | D17: =C17-C16 -> -733 | E17: =C17-151978 -> 89858 | F17: =D17/$D$2 -> -369.54878 | G17: 163 | H17: 0 | I17: =G17+H17 -> 163 | J17: =IF(L17>0,L17,0) -> 15.951223 | K17: =I17+J17 -> 178.95122 | L17: =F17-(I17-X17) -> 15.951223 | M17: 216 | N17: 1 | O17: =12.6+10.1*1.05 -> 23.205 | P17: =M17-(N17+O17) -> 191.795 | Q17: 152 | R17: 66 | S17: =SUM(P17:R17) -> 409.795 | T17: =(I17-S17)+T16 -> -19090.647 | U17: 55.5 | V17: 59 | W17: =W16-60 -> 8868 | X17: =N17+O17+S17+U17+V17 -> 548.5 | Y17: =IF(L17<0,L17*-1,0) -> 0 | Z17: =X17+Y17 -> 548.5 | AA17: 0.65 | AB17: 76 | AC17: 47 | AD17: 8
A18: 9 | B18: 6887.88 | C18: 241074 | D18: =C18-C17 -> -762 | E18: =C18-151978 -> 89096 | F18: =D18/$D$2 -> -384.1694 | G18: 182 | H18: 0 | I18: =G18+H18 -> 182 | J18: =IF(L18>0,L18,0) -> 0 | K18: =I18+J18 -> 182 | L18: =F18-(I18-X18) -> -46.369398 | M18: 204 | N18: 1 | O18: =13.3+9.7*1.05 -> 23.485 | P18: =M18-(N18+O18) -> 179.515 | Q18: 152 | R18: 63 | S18: =SUM(P18:R18) -> 394.515 | T18: =(I18-S18)+T17 -> -19303.162 | U18: 44.8 | V18: 56 | W18: =W17-60 -> 8808 | X18: =N18+O18+S18+U18+V18 -> 519.8 | Y18: =IF(L18<0,L18*-1,0) -> 46.369398 | Z18: =X18+Y18 -> 566.1694 | AA18: 0 | AB18: 79 | AC18: 44 | AD18: 9
