Workbook

Sheet NOV
K1: MC PHEE RESERVOIR IN/OUT FLOW TABULATION
A2: AF/cfs CONVERT FACTOR | D2: 1.983 | L2: NOVEMBER "95"
A4: DATE | B4: RESERV | C4: RESERV | D4: AC FT | E4: ACTIVE | F4: CONV TO | G4: DOLORES | H4: LOST | I4: RECORDED | J4: CALC | K4: TOTAL | L4: CALC | M4: DOLORES TUNNEL | P4: LONE | Q4: U | R4: TOTAL | S4: MVI | T4: DV CR | U4: BELOW | V4: REMAIN | W4: RECORDED | X4: CALC | Y4: TOTAL | Z4: RAIN | AA4: MAX | AB4: MIN | AC4: DATE
A5: "NOV" | B5: ELEV | C5: AC FT | D5: CHANGE | E5: CAP | F5: CFS | G5: RIVER | H5: CANYON | I5: INFLOW | J5: INFLOW | K5: INFLOW | L5: INF/OTF | M5: TOT DIV | N5: UTE F&R | O5: MVI,CTZ,MWC | P5: PINE | Q5: LATERAL | R5: MVI | S5: CALL | T5: CANAL | U5: MC PHEE | V5: RELEASE | W5: OUTFLOW | X5: OUTFLOW | Y5: OUTFLOW | AA5: TMP | AB5: TMP | AC5: "NOV"
A7: SEASON BAL
A8: YTD | B8: 6907.88 | C8: 313585 | V8: =(25400+3900+285)/1.9835 -> 14915.553 | AD8: 13149 | AE8: 17902
A10: 1 | B10: 6907.89 | C10: 313626 | D10: =C10-C8 -> 41 | E10: =C10-152000 -> 161626 | F10: =D10/$D$2 -> 20.675744 | G10: 51.29 | H10: 0 | I10: =G10+H10 -> 51.29 | J10: =IF(L10>0,L10,0) -> 49.665744 | K10: =I10+J10 -> 100.95574 | L10: =F10-(I10-W10) -> 49.665744 | M10: 30.92 | N10: 11 | O10: =M10-N10 -> 19.92 | R10: =SUM(O10:Q10) -> 19.92 | U10: 49.36 | V10: =V8-U10 -> 14866.193 | W10: =N10+R10+T10+U10 -> 80.28 | X10: =IF(L10<0,L10*-1,0) -> 0 | Y10: =W10+X10 -> 80.28 | Z10: 0.03 | AA10: 51 | AB10: 41 | AC10: 1 | AD10: 13243 | AF10: 7883
A11: =A10+1 -> 2 | B11: 6907.87 | C11: 313547 | D11: =C11-C10 -> -79 | E11: =C11-152000 -> 161547 | F11: =D11/$D$2 -> -39.838628 | G11: 53.62 | H11: 0 | I11: =G11+H11 -> 53.62 | J11: =IF(L11>0,L11,0) -> 0 | K11: =I11+J11 -> 53.62 | L11: =F11-(I11-W11) -> -26.768628 | M11: 27.09 | N11: 11 | O11: =M11-N11 -> 16.09 | R11: =SUM(O11:Q11) -> 16.09 | U11: 39.6 | V11: =V10-U11 -> 14826.593 | W11: =N11+R11+T11+U11 -> 66.69 | X11: =IF(L11<0,L11*-1,0) -> 26.768628 | Y11: =W11+X11 -> 93.458628 | Z11: 0 | AA11: 44 | AB11: 29 | AC11: =AC10+1 -> 2 | AD11: 13333 | AE11: 62
A12: =A11+1 -> 3 | B12: 6907.84 | C12: 313429 | D12: =C12-C11 -> -118 | E12: =C12-152000 -> 161429 | F12: =D12/$D$2 -> -59.505799 | G12: 61.66 | H12: 0 | I12: =G12+H12 -> 61.66 | J12: =IF(L12>0,L12,0) -> 0 | K12: =I12+J12 -> 61.66 | L12: =F12-(I12-W12) -> -57.195799 | M12: 24.37 | N12: 10 | O12: =M12-N12 -> 14.37 | R12: =SUM(O12:Q12) -> 14.37 | U12: 39.6 | V12: =V11-U12 -> 14786.993 | W12: =N12+R12+T12+U12 -> 63.97 | X12: =IF(L12<0,L12*-1,0) -> 57.195799 | Y12: =W12+X12 -> 121.1658 | Z12: 0 | AA12: 48 | AB12: 22 | AC12: =AC11+1 -> 3 | AD12: 13456 | AE12: 159
A13: =A12+1 -> 4 | B13: 6907.8 | C13: 313272 | D13: =C13-C12 -> -157 | E13: =C13-152000 -> 161272 | F13: =D13/$D$2 -> -79.17297 | G13: 57.02 | H13: 0 | I13: =G13+H13 -> 57.02 | J13: =IF(L13>0,L13,0) -> 0 | K13: =I13+J13 -> 57.02 | L13: =F13-(I13-W13) -> -72.37297 | M13: 24.22 | N13: 10 | O13: =M13-N13 -> 14.22 | R13: =SUM(O13:Q13) -> 14.22 | U13: 39.6 | V13: =V12-U13 -> 14747.393 | W13: =N13+R13+T13+U13 -> 63.82 | X13: =IF(L13<0,L13*-1,0) -> 72.37297 | Y13: =W13+X13 -> 136.19297 | Z13: 0 | AA13: 51 | AB13: 26 | AC13: =AC12+1 -> 4 | AD13: 13563 | AE13: 263
A14: =A13+1 -> 5 | B14: 6907.78 | C14: 313193 | D14: =C14-C13 -> -79 | E14: =C14-152000 -> 161193 | F14: =D14/$D$2 -> -39.838628 | G14: 48.21 | H14: 0 | I14: =G14+H14 -> 48.21 | J14: =IF(L14>0,L14,0) -> 0 | K14: =I14+J14 -> 48.21 | L14: =F14-(I14-W14) -> -24.228628 | M14: 24.22 | N14: 10 | O14: =M14-N14 -> 14.22 | R14: =SUM(O14:Q14) -> 14.22 | U14: 39.6 | V14: =V13-U14 -> 14707.793 | W14: =N14+R14+T14+U14 -> 63.82 | X14: =IF(L14<0,L14*-1,0) -> 24.228628 | Y14: =W14+X14 -> 88.048628 | Z14: 0 | AA14: 55 | AB14: 29 | AC14: =AC13+1 -> 5 | AD14: 13678 | AE14: 367
A15: =A14+1 -> 6 | B15: 6907.8 | C15: 313272 | D15: =C15-C14 -> 79 | E15: =C15-152000 -> 161272 | F15: =D15/$D$2 -> 39.838628 | G15: 60.63 | H15: 0 | I15: =G15+H15 -> 60.63 | J15: =IF(L15>0,L15,0) -> 41.918628 | K15: =I15+J15 -> 102.54863 | L15: =F15-(I15-W15) -> 41.918628 | M15: 23.11 | N15: 10 | O15: =M15-N15 -> 13.11 | R15: =SUM(O15:Q15) -> 13.11 | U15: 39.6 | V15: =V14-U15 -> 14668.193 | W15: =N15+R15+T15+U15 -> 62.71 | X15: =IF(L15<0,L15*-1,0) -> 0 | Y15: =W15+X15 -> 62.71 | Z15: 0 | AA15: 49 | AB15: 35 | AC15: =AC14+1 -> 6 | AD15: 13812 | AE15: 469
A16: =A15+1 -> 7 | B16: 6907.8 | C16: 313272 | D16: =C16-C15 -> 0 | E16: =C16-152000 -> 161272 | F16: =D16/$D$2 -> 0 | G16: 60.25 | H16: 0 | I16: =G16+H16 -> 60.25 | J16: =IF(L16>0,L16,0) -> 1.71 | K16: =I16+J16 -> 61.96 | L16: =F16-(I16-W16) -> 1.71 | M16: 22.36 | N16: 19 | O16: =M16-N16 -> 3.36 | R16: =SUM(O16:Q16) -> 3.36 | U16: 39.6 | V16: =V15-U16 -> 14628.593 | W16: =N16+R16+T16+U16 -> 61.96 | X16: =IF(L16<0,L16*-1,0) -> 0 | Y16: =W16+X16 -> 61.96 | Z16: 0 | AA16: 55 | AB16: 25 | AC16: =AC15+1 -> 7 | AD16: 13968 | AE16: 587
A17: =A16+1 -> 8 | B17: 6907.77 | C17: 313155 | D17: =C17-C16 -> -117 | E17: =C17-152000 -> 161155 | F17: =D17/$D$2 -> -59.001513 | G17: 73 | H17: 0 | I17: =G17+H17 -> 73 | J17: =IF(L17>0,L17,0) -> 0 | K17: =I17+J17 -> 73 | L17: =F17-(I17-W17) -> -69.891513 | M17: 22.51 | N17: 11 | O17: =M17-N17 -> 11.51 | R17: =SUM(O17:Q17) -> 11.51 | U17: 39.6 | V17: =V16-U17 -> 14588.993 | W17: =N17+R17+T17+U17 -> 62.11 | X17: =IF(L17<0,L17*-1,0) -> 69.891513 | Y17: =W17+X17 -> 132.00151 | Z17: 0 | AA17: 63 | AB17: 30 | AC17: =AC16+1 -> 8 | AD17: 14117 | AE17: 707
A18: =A17+1 -> 9 | B18: 6907.77 | C18: 313155 | D18: =C18-C17 -> 0 | E18: =C18-152000 -> 161155 | F18: =D18/$D$2 -> 0 | G18: 70.58 | H18: 0 | I18: =G18+H18 -> 70.58 | J18: =IF(L18>0,L18,0) -> 0 | K18: =I18+J18 -> 70.58 | L18: =F18-(I18-W18) -> -9.38 | M18: 21.6 | N18: 6 | O18: =M18-N18 -> 15.6 | R18: =SUM(O18:Q18) -> 15.6 | U18: 39.6 | V18: =V17-U18 -> 14549.393 | W18: =N18+R18+T18+U18 -> 61.2 | X18: =IF(L18<0,L18*-1,0) -> 9.38 | Y18: =W18+X18 -> 70.58 | Z18: 0 | AA18: 40 | AB18: 31 | AC18: =AC17+1 -> 9 | AD18: 14264 | AE18: 826
A19: =A18+1 -> 10 | B19: 6907.79 | C19: 313233 | D19: =C19-C18 -> 78 | E19: =C19-152000 -> 161233 | F19: =D19/$D$2 -> 39.334342 | G19: 60.61 | H19: 0 | I19: =G19+H19 -> 60.61 | J19: =IF(L19>0,L19,0) -> 40.204342 | K19: =I19+J19 -> 100.81434 | L19: =F19-(I19-W19) -> 40.204342 | M19: 21.6 | N19: 6 | O19: =M19-N19 -> 15.6 | R19: =SUM(O19:Q19) -> 15.6 | U19: 39.88 | V19: =V18-U19 -> 14509.513 | W19: =N19+R19+T19+U19 -> 61.48 | X19: =IF(L19<0,L19*-1,0) -> 0 | Y19: =W19+X19 -> 61.48 | Z19: 0.14 | AA19: 43 | AB19: 33 | AC19: =AC18+1 -> 10 | AD19: 14413 | AE19: 964
A20: =A19+1 -> 11 | B20: 6907.75 | C20: 313077 | D20: =C20-C19 -> -156 | E20: =C20-152000 -> 161077 | F20: =D20/$D$2 -> -78.668684 | G20: 62.74 | H20: 0 | I20: =G20+H20 -> 62.74 | J20: =IF(L20>0,L20,0) -> 0 | K20: =I20+J20 -> 62.74 | L20: =F20-(I20-W20) -> -80.208684 | M20: 21.6 | N20: 14 | O20: =M20-N20 -> 7.6 | R20: =SUM(O20:Q20) -> 7.6 | U20: 39.6 | V20: =V19-U20 -> 14469.913 | W20: =N20+R20+T20+U20 -> 61.2 | X20: =IF(L20<0,L20*-1,0) -> 80.208684 | Y20: =W20+X20 -> 141.40868 | Z20: 0 | AA20: 58 | AB20: 21 | AC20: =AC19+1 -> 11 | AD20: 14571 | AE20: 1065
A21: =A20+1 -> 12 | B21: 6907.79 | C21: 313233 | D21: =C21-C20 -> 156 | E21: =C21-152000 -> 161233 | F21: =D21/$D$2 -> 78.668684 | G21: 89.9 | H21: 0 | I21: =G21+H21 -> 89.9 | J21: =IF(L21>0,L21,0) -> 50.048684 | K21: =I21+J21 -> 139.94868 | L21: =F21-(I21-W21) -> 50.048684 | M21: 21.6 | N21: 5.5 | O21: =M21-N21 -> 16.1 | R21: =SUM(O21:Q21) -> 16.1 | U21: 39.68 | V21: =V20-U21 -> 14430.233 | W21: =N21+R21+T21+U21 -> 61.28 | X21: =IF(L21<0,L21*-1,0) -> 0 | Y21: =W21+X21 -> 61.28 | Z21: 0 | AA21: 58 | AB21: 28 | AC21: =AC20+1 -> 12 | AD21: 14696 | AE21: 1185
A22: =A21+1 -> 13 | B22: 6907.79 | C22: 313233 | D22: =C22-C21 -> 0 | E22: =C22-152000 -> 161233 | F22: =D22/$D$2 -> 0 | G22: 95.72 | H22: 0 | I22: =G22+H22 -> 95.72 | J22: =IF(L22>0,L22,0) -> 0 | K22: =I22+J22 -> 95.72 | L22: =F22-(I22-W22) -> -34.25 | M22: 21.87 | N22: 0.5 | O22: =M22-N22 -> 21.37 | R22: =SUM(O22:Q22) -> 21.37 | U22: 39.6 | V22: =V21-U22 -> 14390.633 | W22: =N22+R22+T22+U22 -> 61.47 | X22: =IF(L22<0,L22*-1,0) -> 34.25 | Y22: =W22+X22 -> 95.72 | Z22: 0 | AA22: 60 | AB22: 34 | AC22: =AC21+1 -> 13 | AD22: 14771 | AE22: 1299
A23: =A22+1 -> 14 | B23: 6907.76 | C23: 313115 | D23: =C23-C22 -> -118 | E23: =C23-152000 -> 161115 | F23: =D23/$D$2 -> -59.505799 | G23: 76.14 | H23: 0 | I23: =G23+H23 -> 76.14 | J23: =IF(L23>0,L23,0) -> 0 | K23: =I23+J23 -> 76.14 | L23: =F23-(I23-W23) -> -75.095799 | M23: 20.9 | O23: =M23-N23 -> 20.9 | R23: =SUM(O23:Q23) -> 20.9 | U23: 39.65 | V23: =V22-U23 -> 14350.983 | W23: =N23+R23+T23+U23 -> 60.55 | X23: =IF(L23<0,L23*-1,0) -> 75.095799 | Y23: =W23+X23 -> 135.6458 | Z23: 0 | AA23: 68 | AB23: 37 | AC23: =AC22+1 -> 14 | AD23: 14842 | AE23: 1407
A24: =A23+1 -> 15 | B24: 6907.76 | C24: 313115 | D24: =C24-C23 -> 0 | E24: =C24-152000 -> 161115 | F24: =D24/$D$2 -> 0 | G24: 59.43 | H24: FROZE | I24: =G24 -> 59.43 | J24: =IF(L24>0,L24,0) -> 0 | K24: =I24+J24 -> 59.43 | L24: =F24-(I24-W24) -> -1.16 | M24: 18.67 | O24: =M24-N24 -> 18.67 | R24: =SUM(O24:Q24) -> 18.67 | U24: 39.6 | V24: =V23-U24 -> 14311.383 | W24: =N24+R24+T24+U24 -> 58.27 | X24: =IF(L24<0,L24*-1,0) -> 1.16 | Y24: =W24+X24 -> 59.43 | Z24: 0 | AA24: 64 | AB24: 35 | AC24: =AC23+1 -> 15 | AD24: 14927 | AE24: 1516
A25: =A24+1 -> 16 | B25: 6907.74 | C25: 313038 | D25: =C25-C24 -> -77 | E25: =C25-152000 -> 161038 | F25: =D25/$D$2 -> -38.830055 | G25: 81.2 | H25: 0 | I25: =G25+H25 -> 81.2 | J25: =IF(L25>0,L25,0) -> 0 | K25: =I25+J25 -> 81.2 | L25: =F25-(I25-W25) -> -61.580055 | M25: 18.85 | O25: =M25-N25 -> 18.85 | R25: =SUM(O25:Q25) -> 18.85 | U25: 39.6 | V25: =V24-U25 -> 14271.783 | W25: =N25+R25+T25+U25 -> 58.45 | X25: =IF(L25<0,L25*-1,0) -> 61.580055 | Y25: =W25+X25 -> 120.03006 | Z25: 0 | AA25: 60 | AB25: 34 | AC25: =AC24+1 -> 16 | AD25: 15009 | AE25: 1615
A26: =A25+1 -> 17 | B26: 6907.73 | C26: 312998 | D26: =C26-C25 -> -40 | E26: =C26-152000 -> 160998 | F26: =D26/$D$2 -> -20.171457 | G26: 45.6 | H26: 0 | I26: =G26+H26 -> 45.6 | J26: =IF(L26>0,L26,0) -> 0 | K26: =I26+J26 -> 45.6 | L26: =F26-(I26-W26) -> -7.0714574 | M26: 19.1 | O26: =M26-N26 -> 19.1 | R26: =SUM(O26:Q26) -> 19.1 | U26: 39.6 | V26: =V25-U26 -> 14232.183 | W26: =N26+R26+T26+U26 -> 58.7 | X26: =IF(L26<0,L26*-1,0) -> 7.0714574 | Y26: =W26+X26 -> 65.771457 | Z26: 0 | AA26: 62 | AB26: 32 | AC26: =AC25+1 -> 17 | AD26: 15112 | AE26: 1714
A27: =A26+1 -> 18 | B27: 6907.73 | C27: 312998 | D27: =C27-C26 -> 0 | E27: =C27-152000 -> 160998 | F27: =D27/$D$2 -> 0 | G27: 98.9 | H27: 0 | I27: =G27+H27 -> 98.9 | J27: =IF(L27>0,L27,0) -> 0 | K27: =I27+J27 -> 98.9 | L27: =F27-(I27-W27) -> -40.12 | M27: 19.1 | O27: =M27-N27 -> 19.1 | R27: =SUM(O27:Q27) -> 19.1 | U27: 39.68 | V27: =V26-U27 -> 14192.503 | W27: =N27+R27+T27+U27 -> 58.78 | X27: =IF(L27<0,L27*-1,0) -> 40.12 | Y27: =W27+X27 -> 98.9 | Z27: 0 | AA27: 61 | AB27: 33 | AC27: =AC26+1 -> 18 | AD27: 15213 | AE27: 1812
A28: =A27+1 -> 19 | B28: 6907.69 | C28: 312841 | D28: =C28-C27 -> -157 | E28: =C28-152000 -> 160841 | F28: =D28/$D$2 -> -79.17297 | G28: 63.6 | H28: 0 | I28: =G28+H28 -> 63.6 | J28: =IF(L28>0,L28,0) -> 0 | K28: =I28+J28 -> 63.6 | L28: =F28-(I28-W28) -> -84.03297 | M28: 19.1 | O28: =M28-N28 -> 19.1 | R28: =SUM(O28:Q28) -> 19.1 | U28: 39.64 | V28: =V27-U28 -> 14152.863 | W28: =N28+R28+T28+U28 -> 58.74 | X28: =IF(L28<0,L28*-1,0) -> 84.03297 | Y28: =W28+X28 -> 142.77297 | Z28: 0 | AA28: 62 | AB28: 33 | AC28: =AC27+1 -> 19 | AD28: 15295 | AE28: 1909
A29: =A28+1 -> 20 | B29: 6907.7 | C29: 312881 | D29: =C29-C28 -> 40 | E29: =C29-152000 -> 160881 | F29: =D29/$D$2 -> 20.171457 | G29: 117.6 | H29: 0 | I29: =G29+H29 -> 117.6 | J29: =IF(L29>0,L29,0) -> 0 | K29: =I29+J29 -> 117.6 | L29: =F29-(I29-W29) -> -38.728543 | M29: 19.1 | O29: =M29-N29 -> 19.1 | R29: =SUM(O29:Q29) -> 19.1 | U29: 39.6 | V29: =V28-U29 -> 14113.263 | W29: =N29+R29+T29+U29 -> 58.7 | X29: =IF(L29<0,L29*-1,0) -> 38.728543 | Y29: =W29+X29 -> 97.428543 | Z29: 0 | AA29: 61 | AB29: 31 | AC29: =AC28+1 -> 20 | AD29: 15367 | AE29: 2006
A30: =A29+1 -> 21 | B30: 6907.72 | C30: 312960 | D30: =C30-C29 -> 79 | E30: =C30-152000 -> 160960 | F30: =D30/$D$2 -> 39.838628 | G30: 62.2 | H30: 0 | I30: =G30+H30 -> 62.2 | J30: =IF(L30>0,L30,0) -> 31.568628 | K30: =I30+J30 -> 93.768628 | L30: =F30-(I30-W30) -> 31.568628 | M30: 14.25 | O30: =M30-N30 -> 14.25 | R30: =SUM(O30:Q30) -> 14.25 | U30: 39.68 | V30: =V29-U30 -> 14073.583 | W30: =N30+R30+T30+U30 -> 53.93 | X30: =IF(L30<0,L30*-1,0) -> 0 | Y30: =W30+X30 -> 53.93 | Z30: 0 | AA30: 61 | AB30: 29 | AC30: =AC29+1 -> 21 | AD30: 15445 | AE30: 2106 | AF30: 273.4
A31: =A30+1 -> 22 | B31: 6907.72 | C31: 312960 | D31: =C31-C30 -> 0 | E31: =C31-152000 -> 160960 | F31: =D31/$D$2 -> 0 | G31: 43.4 | H31: 0 | I31: =G31+H31 -> 43.4 | J31: =IF(L31>0,L31,0) -> 0.57 | K31: =I31+J31 -> 43.97 | L31: =F31-(I31-W31) -> 0.57 | M31: 4.37 | O31: =M31-N31 -> 4.37 | R31: =SUM(O31:Q31) -> 4.37 | U31: 39.6 | V31: =V30-U31 -> 14033.983 | W31: =N31+R31+T31+U31 -> 43.97 | X31: =IF(L31<0,L31*-1,0) -> 0 | Y31: =W31+X31 -> 43.97 | Z31: 0 | AA31: 62 | AB31: 31 | AC31: =AC30+1 -> 22 | AD31: 15524 | AE31: 2203 | AF31: 249.63
A32: =A31+1 -> 23 | B32: 6907.71 | C32: 312920 | D32: =C32-C31 -> -40 | E32: =C32-152000 -> 160920 | F32: =D32/$D$2 -> -20.171457 | G32: 45.2 | H32: 0 | I32: 45.1 | J32: =IF(L32>0,L32,0) -> 0 | K32: =I32+J32 -> 45.1 | L32: =F32-(I32-W32) -> -21.611457 | M32: 4.06 | O32: =M32-N32 -> 4.06 | R32: =SUM(O32:Q32) -> 4.06 | U32: 39.6 | V32: =V31-U32 -> 13994.383 | W32: =N32+R32+T32+U32 -> 43.66 | X32: =IF(L32<0,L32*-1,0) -> 21.611457 | Y32: =W32+X32 -> 65.271457 | Z32: 0 | AA32: 52 | AB32: 32 | AC32: =AC31+1 -> 23 | AD32: 15607 | AE32: 2299 | AF32: 243.94
A33: =A32+1 -> 24 | B33: 6907.71 | C33: 312920 | D33: =C33-C32 -> 0 | E33: =C33-152000 -> 160920 | F33: =D33/$D$2 -> 0 | G33: 44.3 | H33: 0 | I33: =G33+H33 -> 44.3 | J33: =IF(L33>0,L33,0) -> 0 | K33: =I33+J33 -> 44.3 | L33: =F33-(I33-W33) -> -0.6 | M33: 4.06 | O33: =M33-N33 -> 4.06 | R33: =SUM(O33:Q33) -> 4.06 | U33: 39.64 | V33: =V32-U33 -> 13954.743 | W33: =N33+R33+T33+U33 -> 43.7 | X33: =IF(L33<0,L33*-1,0) -> 0.6 | Y33: =W33+X33 -> 44.3 | Z33: 0 | AA33: 58 | AB33: 21 | AC33: =AC32+1 -> 24 | AD33: 15666 | AE33: 2395 | AF33: 243.15
A34: =A33+1 -> 25 | B34: 6907.72 | C34: 312960 | D34: =C34-C33 -> 40 | E34: =C34-152000 -> 160960 | F34: =D34/$D$2 -> 20.171457 | G34: 27.6 | H34: 0 | I34: =G34+H34 -> 27.6 | J34: =IF(L34>0,L34,0) -> 36.231457 | K34: =I34+J34 -> 63.831457 | L34: =F34-(I34-W34) -> 36.231457 | M34: 4.06 | O34: =M34-N34 -> 4.06 | R34: =SUM(O34:Q34) -> 4.06 | U34: 39.6 | V34: =V33-U34 -> 13915.143 | W34: =N34+R34+T34+U34 -> 43.66 | X34: =IF(L34<0,L34*-1,0) -> 0 | Y34: =W34+X34 -> 43.66 | Z34: 0 | AA34: 58 | AB34: 22 | AC34: =AC33+1 -> 25 | AD34: 15726 | AE34: 2491 | AF34: 242.11
A35: =A34+1 -> 26 | B35: 6907.72 | C35: 312960 | D35: =C35-C34 -> 0 | E35: =C35-152000 -> 160960 | F35: =D35/$D$2 -> 0 | G35: 44.5 | H35: 0 | I35: =G35+H35 -> 44.5 | J35: =IF(L35>0,L35,0) -> 0 | K35: =I35+J35 -> 44.5 | L35: =F35-(I35-W35) -> -0.84 | M35: 4.06 | O35: =M35-N35 -> 4.06 | R35: =SUM(O35:Q35) -> 4.06 | U35: 39.6 | V35: =V34-U35 -> 13875.543 | W35: =N35+R35+T35+U35 -> 43.66 | X35: =IF(L35<0,L35*-1,0) -> 0.84 | Y35: =W35+X35 -> 44.5 | Z35: 0 | AA35: 60 | AB35: 28 | AC35: =AC34+1 -> 26 | AD35: 15781 | AE35: 2589 | AF35: 244.72
A36: =A35+1 -> 27 | B36: 6907.71 | C36: 312920 | D36: =C36-C35 -> -40 | E36: =C36-152000 -> 160920 | F36: =D36/$D$2 -> -20.171457 | G36: 61.7 | H36: 0 | I36: =G36+H36 -> 61.7 | J36: =IF(L36>0,L36,0) -> 0 | K36: =I36+J36 -> 61.7 | L36: =F36-(I36-W36) -> -38.171457 | M36: 4.06 | O36: =M36-N36 -> 4.06 | R36: =SUM(O36:Q36) -> 4.06 | U36: 39.64 | V36: =V35-U36 -> 13835.903 | W36: =N36+R36+T36+U36 -> 43.7 | X36: =IF(L36<0,L36*-1,0) -> 38.171457 | Y36: =W36+X36 -> 81.871457 | Z36: 0 | AA36: 35 | AB36: 18 | AC36: =AC35+1 -> 27 | AD36: 15841 | AE36: 2686 | AF36: 252.4
A37: =A36+1 -> 28 | B37: 6907.69 | C37: 312841 | D37: =C37-C36 -> -79 | E37: =C37-152000 -> 160841 | F37: =D37/$D$2 -> -39.838628 | G37: 27 | H37: 0 | I37: =G37+H37 -> 27 | J37: =IF(L37>0,L37,0) -> 0 | K37: =I37+J37 -> 27 | L37: =F37-(I37-W37) -> -23.178628 | M37: 4.06 | O37: =M37-N37 -> 4.06 | R37: =SUM(O37:Q37) -> 4.06 | U37: 39.6 | V37: =V36-U37 -> 13796.303 | W37: =N37+R37+T37+U37 -> 43.66 | X37: =IF(L37<0,L37*-1,0) -> 23.178628 | Y37: =W37+X37 -> 66.838628 | Z37: 0 | AA37: 40 | AB37: 14 | AC37: =AC36+1 -> 28 | AD37: 804 | AE37: 2779 | AF37: 254.14
A38: =A37+1 -> 29 | B38: 6707.69 | C38: 312841 | D38: =C38-C37 -> 0 | E38: =C38-152000 -> 160841 | F38: =D38/$D$2 -> 0 | G38: 7.1 | H38: 0 | I38: =G38+H38 -> 7.1 | J38: =IF(L38>0,L38,0) -> 36.41 | K38: =I38+J38 -> 43.51 | L38: =F38-(I38-W38) -> 36.41 | M38: 3.91 | O38: =M38-N38 -> 3.91 | R38: =SUM(O38:Q38) -> 3.91 | U38: 39.6 | V38: =V37-U38 -> 13756.703 | W38: =N38+R38+T38+U38 -> 43.51 | X38: =IF(L38<0,L38*-1,0) -> 0 | Y38: =W38+X38 -> 43.51 | Z38: 0 | AA38: 52 | AB38: 23 | AC38: =AC37+1 -> 29 | AD38: 862 | AE38: 2872 | AF38: 256.51
A39: 30 | B39: 6907.7 | C39: 312881 | D39: =C39-C38 -> 40 | E39: =C39-152000 -> 160881 | F39: =D39/$D$2 -> 20.171457 | G39: 44 | H39: 0 | I39: =G39+H39 -> 44 | J39: =IF(L39>0,L39,0) -> 19.491457 | K39: =I39+J39 -> 63.491457 | L39: =F39-(I39-W39) -> 19.491457 | M39: 3.72 | O39: =M39-N39 -> 3.72 | R39: =SUM(O39:Q39) -> 3.72 | U39: 39.6 | V39: =V38-U39 -> 13717.103 | W39: =N39+R39+T39+U39 -> 43.32 | X39: =IF(L39<0,L39*-1,0) -> 0 | Y39: =W39+X39 -> 43.32 | Z39: 0 | AA39: 56 | AB39: 27 | AC39: 30 | AD39: 927 | AE39: 2965 | AF39: 248.45
AA40: 73
A41: MONTH / CFS | F41: =SUM(F10:F39) -> -355.01765 | G41: =SUM(G10:G39) -> 1794.7 | H41: =SUM(H10:H39) -> 0 | I41: =SUM(I10:I39) -> 1794.6 | J41: =SUM(J10:J39) -> 307.81894 | K41: =SUM(K10:K39) -> 2102.4189 | L41: =SUM(L10:L39) -> -458.66765 | M41: =SUM(M10:M39) -> 492.5 | ... R41: =SUM(R10:R39) -> 368.5 | T41: =SUM(T10:T39) -> 0 | U41: =SUM(U10:U39) -> 1198.45 | W41: =SUM(W10:W39) -> 1690.95 | X41: =SUM(X10:X39) -> 766.48659 | Y41: =SUM(Y10:Y39) -> 2457.4366 | Z41: =SUM(Z10:Z39) -> 0.17 | AA41: =AVERAGE(AA10:AA39) -> 54.9 | AB41: =AVERAGE(AB10:AB39) -> 28.8
A42: MONTH / AF | D42: =SUM(D10:D39) -> -704 | F42: =F41*$D$2 -> -704 | G42: =G41*$D$2 -> 3558.8901 | H42: =H41*$D$2 -> 0 | I42: =I41*$D$2 -> 3558.6918 | J42: =J41*$D$2 -> 610.40496 | K42: =K41*$D$2 -> 4169.0968 | L42: =L41*$D$2 -> -909.53795 | M42: =M41*$D$2 -> 976.6275 | ... R42: =R41*$D$2 -> 730.7355 | T42: =T41*$D$2 -> 0 | U42: =U41*$D$2 -> 2376.5264 | W42: =W41*$D$2 -> 3353.1539 | X42: =X41*$D$2 -> 1519.9429 | Y42: =Y41*$D$2 -> 4873.0968 | AA42: =MAX(AA10:AA39) -> 68 | AB42: =MAX(AB10:AB39) -> 41 | AC42: HI
A44: SEASON / CFS | AA44: =MIN(AA10:AA39) -> 35 | AB44: =MIN(AB10:AB39) -> 14 | AC44: LO
A45: SEASON / AF
A47: YTD / CFS | F47: =F8+F41 -> -355.01765 | G47: =G8+G41 -> 1794.7 | H47: =H8+H41 -> 0 | I47: =I8+I41 -> 1794.6 | J47: =J8+J41 -> 307.81894 | K47: =K8+K41 -> 2102.4189 | L47: =L8+L41 -> -458.66765 | M47: =M8+M41 -> 492.5 | P47: =P8+P41 -> 0 | Q47: =Q8+Q41 -> 0 | R47: =R8+R41 -> 368.5 | T47: =T8+T41 -> 0 | U47: =U8+U41 -> 1198.45 | V47: =V39 -> 13717.103 | W47: =W8+W41 -> 1690.95 | X47: =X8+X41 -> 766.48659 | Y47: =Y8+Y41 -> 2457.4366 | Z47: =Z8+Z41 -> 0.17
A48: YTD / AF | D48: =D8+D42 -> -704 | E48: =E39 -> 160881 | F48: =F47*$D$2 -> -704 | G48: =G47*$D$2 -> 3558.8901 | H48: =H47*$D$2 -> 0 | I48: =I47*$D$2 -> 3558.6918 | J48: =J47*$D$2 -> 610.40496 | K48: =K47*$D$2 -> 4169.0968 | L48: =L47*$D$2 -> -909.53795 | M48: =M47*$D$2 -> 976.6275 | P48: =P47*$D$2 -> 0 | Q48: =Q47*$D$2 -> 0 | R48: =R47*$D$2 -> 730.7355 | S48: =S47*$D$2 -> 0 | T48: =T47*$D$2 -> 0 | U48: =U47*$D$2 -> 2376.5264 | V48: =V47*$D$2 -> 27201.016 | W48: =W47*$D$2 -> 3353.1539 | ... Y48: =Y47*$D$2 -> 4873.0968

Sheet DEC
K1: MC PHEE RESERVOIR IN/OUT FLOW TABULATION
A2: AF/cfs CONVERT FACTOR | D2: 1.983 | K2: DECEMBER "95"
A4: DATE | B4: RESERV | C4: RESERV | D4: AC FT | E4: ACTIVE | F4: CONV TO | G4: DOLORES | H4: LOST | I4: RECORDED | J4: CALC | K4: TOTAL | L4: CALC | M4: DOLORES TUNNEL | P4: LONE | Q4: U | R4: TOTAL | S4: MVI | T4: DV CR | U4: BELOW | V4: REMAIN | W4: RECORDED | X4: CALC | Y4: TOTAL | Z4: RAIN | AA4: MAX | AB4: MIN | AC4: DATE
A5: "DEC" | B5: ELEV | C5: AC FT | D5: CHANGE | E5: CAP | F5: CFS | G5: RIVER | H5: CANYON | I5: INFLOW | J5: INFLOW | K5: INFLOW | L5: INF/OTF | M5: TOT DIV | N5: UTE F&R | O5: MVI,CTZ | P5: PINE | Q5: LATERAL | R5: MVI | S5: CALL | T5: CANAL | U5: MC PHEE | V5: RELEASE | W5: OUTFLOW | X5: OUTFLOW | Y5: OUTFLOW | AA5: TMP | AB5: TMP | AC5: "DEC"
AD6: 741 | AE6: 742
A7: SEASON BAL
A8: YTD | B8: {=NOV!$B$39:$C$39} -> 6907.7 | C8: 312881 | D8: {=NOV!$D$48:$E$48} -> -704 | E8: 160881 | F8: {=NOV!$F$47:$Z$47} -> -355.01765 | G8: 1794.7 | H8: 0 | I8: 1794.6 | J8: 307.81894 | K8: 2102.4189 | L8: -458.66765 | M8: 492.5 | N8: 0 | O8: 0 | P8: 0 | Q8: 0 | R8: 368.5 | S8: 0 | T8: 0 | U8: 1198.45 | V8: 13717.103 | W8: 1690.95 | X8: 766.48659 | Y8: 2457.4366 | Z8: 0.17 | AD8: 285 | AE8: 251 | AF8: 1207.63
A10: 1 | B10: 6907.7 | C10: 312881 | D10: =C10-C8 -> 0 | E10: =C10-152000 -> 160881 | F10: =D10/$D$2 -> 0 | G10: 130.44299 | H10: 0 | I10: =G10+H10 -> 130.44299 | J10: =IF(L10>0,L10,0) -> 0 | K10: =I10+J10 -> 130.44299 | L10: =F10-(I10-W10) -> -87.122985 | M10: 3.72 | N10: 0 | O10: =M10-N10 -> 3.72 | P10: 0 | Q10: 0 | R10: =SUM(O10:Q10) -> 3.72 | T10: 0 | U10: 39.6 | V10: =V8-U10 -> 13677.503 | W10: =R10+T10+N10+U10 -> 43.32 | X10: =IF(L10<0,L10*-1,0) -> 87.122985 | Y10: =W10+X10 -> 130.44299 | Z10: 0 | AA10: 61 | AB10: 29 | AC10: 1 | AD10: 303 | AE10: 273 | AF10: 1256.86
A11: =A10+1 -> 2 | B11: 6907.7 | C11: 312881 | D11: =C11-C10 -> 0 | E11: =C11-152000 -> 160881 | F11: =D11/$D$2 -> 0 | G11: 39.47 | H11: 0 | I11: =G11+H11 -> 39.47 | J11: =IF(L11>0,L11,0) -> 3.85 | K11: =I11+J11 -> 43.32 | L11: =F11-(I11-W11) -> 3.85 | M11: 3.72 | N11: 0 | O11: =M11-N11 -> 3.72 | P11: 0 | Q11: 0 | R11: =SUM(O11:Q11) -> 3.72 | T11: 0 | U11: 39.6 | V11: =V10-U11 -> 13637.903 | W11: =R11+T11+N11+U11 -> 43.32 | X11: =IF(L11<0,L11*-1,0) -> 0 | Y11: =W11+X11 -> 43.32 | Z11: 0 | AA11: 60 | AB11: 28 | AC11: =AC10+1 -> 2 | AD11: 306 | AE11: 300 | AF11: 1306.42
A12: =A11+1 -> 3 | B12: 6907.7 | C12: 312881 | D12: =C12-C11 -> 0 | E12: =C12-152000 -> 160881 | F12: =D12/$D$2 -> 0 | G12: 39.6 | H12: 0 | I12: =G12+H12 -> 39.6 | J12: =IF(L12>0,L12,0) -> 3.72 | K12: =I12+J12 -> 43.32 | L12: =F12-(I12-W12) -> 3.72 | M12: 3.72 | N12: 0 | O12: =M12-N12 -> 3.72 | P12: 0 | Q12: 0 | R12: =SUM(O12:Q12) -> 3.72 | T12: 0 | U12: 39.6 | V12: =V11-U12 -> 13598.303 | W12: =R12+T12+N12+U12 -> 43.32 | X12: =IF(L12<0,L12*-1,0) -> 0 | Y12: =W12+X12 -> 43.32 | Z12: 0 | AA12: 58 | AB12: 29 | AC12: =AC11+1 -> 3 | AD12: 316 | AE12: 341 | AF12: 1355.74
A13: =A12+1 -> 4 | B13: 6907.71 | C13: 312920 | D13: =C13-C12 -> 39 | E13: =C13-152000 -> 160920 | F13: =D13/$D$2 -> 19.667171 | G13: 75.434337 | H13: 0 | I13: =G13+H13 -> 75.434337 | J13: =IF(L13>0,L13,0) -> 0 | K13: =I13+J13 -> 75.434337 | L13: =F13-(I13-W13) -> -11.527166 | M13: 4.64 | N13: 0 | O13: =M13-N13 -> 4.64 | P13: 0 | Q13: 0 | R13: =SUM(O13:Q13) -> 4.64 | T13: 0 | U13: 39.6 | V13: =V12-U13 -> 13558.703 | W13: =R13+T13+N13+U13 -> 44.24 | X13: =IF(L13<0,L13*-1,0) -> 11.527166 | Y13: =W13+X13 -> 55.767166 | Z13: 0 | AA13: 54 | AB13: 32 | AC13: =AC12+1 -> 4 | AD13: 316 | AE13: 395 | AF13: 1405.31
A14: =A13+1 -> 5 | B14: 6907.7 | C14: 312881 | D14: =C14-C13 -> -39 | E14: =C14-152000 -> 160881 | F14: =D14/$D$2 -> -19.667171 | G14: 236.836 | H14: 0 | I14: =G14+H14 -> 236.836 | J14: =IF(L14>0,L14,0) -> 0 | K14: =I14+J14 -> 236.836 | L14: =F14-(I14-W14) -> -211.55317 | M14: 5.35 | N14: 0 | O14: =M14-N14 -> 5.35 | P14: 0 | Q14: 0 | R14: =SUM(O14:Q14) -> 5.35 | T14: 0 | U14: 39.6 | V14: =V13-U14 -> 13519.103 | W14: =R14+T14+N14+U14 -> 44.95 | X14: =IF(L14<0,L14*-1,0) -> 211.55317 | Y14: =W14+X14 -> 256.50317 | Z14: 0 | AA14: 58 | AB14: 31 | AC14: =AC13+1 -> 5 | AD14: 316 | AE14: 466 | AF14: 1437.16
A15: =A14+1 -> 6 | B15: 6907.69 | C15: 312841 | D15: =C15-C14 -> -40 | E15: =C15-152000 -> 160841 | F15: =D15/$D$2 -> -20.171457 | G15: 40.05 | H15: 0 | I15: =G15+H15 -> 40.05 | J15: =IF(L15>0,L15,0) -> 0 | K15: =I15+J15 -> 40.05 | L15: =F15-(I15-W15) -> -14.731457 | M15: 5.89 | N15: 0 | O15: =M15-N15 -> 5.89 | P15: 0 | Q15: 0 | R15: =SUM(O15:Q15) -> 5.89 | T15: 0 | U15: 39.6 | V15: =V14-U15 -> 13479.503 | W15: =R15+T15+N15+U15 -> 45.49 | X15: =IF(L15<0,L15*-1,0) -> 14.731457 | Y15: =W15+X15 -> 60.221457 | Z15: 0 | AA15: 54 | AB15: 32 | AC15: =AC14+1 -> 6 | AD15: 325 | AE15: 538 | AF15: 1467.01
A16: =A15+1 -> 7 | B16: 6907.69 | C16: 312841 | D16: =C16-C15 -> 0 | E16: =C16-152000 -> 160841 | F16: =D16/$D$2 -> 0 | G16: 129.95727 | H16: 0 | I16: =G16+H16 -> 129.95727 | J16: =IF(L16>0,L16,0) -> 0 | K16: =I16+J16 -> 129.95727 | L16: =F16-(I16-W16) -> -85.157272 | M16: 5.2 | N16: 0 | O16: =M16-N16 -> 5.2 | P16: 0 | Q16: 0 | R16: =SUM(O16:Q16) -> 5.2 | T16: 0 | U16: 39.6 | V16: =V15-U16 -> 13439.903 | W16: =R16+T16+N16+U16 -> 44.8 | X16: =IF(L16<0,L16*-1,0) -> 85.157272 | Y16: =W16+X16 -> 129.95727 | Z16: 0 | AA16: 53 | AB16: 31 | AC16: =AC15+1 -> 7 | AD16: 342 | AE16: 618 | AF16: 1496.64
A17: =A16+1 -> 8 | B17: 6907.69 | C17: 312841 | D17: =C17-C16 -> 0 | E17: =C17-152000 -> 160841 | F17: =D17/$D$2 -> 0 | G17: 3.8556631 | H17: 0 | I17: =G17+H17 -> 3.8556631 | J17: =IF(L17>0,L17,0) -> 40.504337 | K17: =I17+J17 -> 44.36 | L17: =F17-(I17-W17) -> 40.504337 | M17: 4.76 | N17: 0 | O17: =M17-N17 -> 4.76 | P17: 0 | Q17: 0 | R17: =SUM(O17:Q17) -> 4.76 | T17: 0 | U17: 39.6 | V17: =V16-U17 -> 13400.303 | W17: =R17+T17+N17+U17 -> 44.36 | X17: =IF(L17<0,L17*-1,0) -> 0 | Y17: =W17+X17 -> 44.36 | Z17: 0 | AA17: 51 | AB17: 28 | AC17: =AC16+1 -> 8 | AD17: 367 | AE17: 704 | AF17: 1526.51
A18: =A17+1 -> 9 | B18: 6907.69 | C18: 312841 | D18: =C18-C17 -> 0 | E18: =C18-152000 -> 160841 | F18: =D18/$D$2 -> 0 | G18: 21.001402 | H18: 0 | I18: =G18+H18 -> 21.001402 | J18: =IF(L18>0,L18,0) -> 23.358598 | K18: =I18+J18 -> 44.36 | L18: =F18-(I18-W18) -> 23.358598 | M18: 4.76 | N18: 0 | O18: =M18-N18 -> 4.76 | P18: 0 | Q18: 0 | R18: =SUM(O18:Q18) -> 4.76 | T18: 0 | U18: 39.6 | V18: =V17-U18 -> 13360.703 | W18: =R18+T18+N18+U18 -> 44.36 | X18: =IF(L18<0,L18*-1,0) -> 0 | Y18: =W18+X18 -> 44.36 | Z18: 0 | AA18: 53 | AB18: 23 | AC18: =AC17+1 -> 9 | AD18: 390 | AE18: 805 | AF18: 1561.24
A19: =A18+1 -> 10 | B19: 6907.69 | C19: 312841 | D19: =C19-C18 -> 0 | E19: =C19-152000 -> 160841 | F19: =D19/$D$2 -> 0 | G19: 58.318598 | H19: 0 | I19: =G19+H19 -> 58.318598 | J19: =IF(L19>0,L19,0) -> 0 | K19: =I19+J19 -> 58.318598 | L19: =F19-(I19-W19) -> -13.958598 | M19: 4.76 | N19: 0 | O19: =M19-N19 -> 4.76 | P19: 0 | Q19: 0 | R19: =SUM(O19:Q19) -> 4.76 | T19: 0 | U19: 39.6 | V19: =V18-U19 -> 13321.103 | W19: =R19+T19+N19+U19 -> 44.36 | X19: =IF(L19<0,L19*-1,0) -> 13.958598 | Y19: =W19+X19 -> 58.318598 | Z19: 0 | AA19: 55 | AB19: 24 | AC19: =AC18+1 -> 10 | AD19: 437 | AE19: 920 | AF19: 1600.39
A20: =A19+1 -> 11 | B20: 6907.7 | C20: 312881 | D20: =C20-C19 -> 40 | E20: =C20-152000 -> 160881 | F20: =D20/$D$2 -> 20.171457 | G20: 21.001402 | H20: 0 | I20: =G20+H20 -> 21.001402 | J20: =IF(L20>0,L20,0) -> 43.530055 | K20: =I20+J20 -> 64.531457 | L20: =F20-(I20-W20) -> 43.530055 | M20: 4.76 | N20: 0 | O20: =M20-N20 -> 4.76 | P20: 0 | Q20: 0 | R20: =SUM(O20:Q20) -> 4.76 | T20: 0 | U20: 39.6 | V20: =V19-U20 -> 13281.503 | W20: =R20+T20+N20+U20 -> 44.36 | X20: =IF(L20<0,L20*-1,0) -> 0 | Y20: =W20+X20 -> 44.36 | Z20: 0 | AA20: 56 | AB20: 21 | AC20: =AC19+1 -> 11 | AD20: 498 | AE20: 1048 | AF20: 1642
A21: =A20+1 -> 12 | B21: 6907.7 | C21: 312881 | D21: =C21-C20 -> 0 | E21: =C21-152000 -> 160881 | F21: =D21/$D$2 -> 0 | G21: 94.122935 | H21: 0 | I21: =G21+H21 -> 94.122935 | J21: =IF(L21>0,L21,0) -> 0 | K21: =I21+J21 -> 94.122935 | L21: =F21-(I21-W21) -> -49.972935 | M21: 4.55 | N21: 0 | O21: =M21-N21 -> 4.55 | P21: 0 | Q21: 0 | R21: =SUM(O21:Q21) -> 4.55 | T21: 0 | U21: 39.6 | V21: =V20-U21 -> 13241.903 | W21: =R21+T21+N21+U21 -> 44.15 | X21: =IF(L21<0,L21*-1,0) -> 49.972935 | Y21: =W21+X21 -> 94.122935 | Z21: 0 | AA21: 54 | AB21: 34 | AC21: =AC20+1 -> 12 | AD21: 572 | AE21: 1182 | AF21: 1683.42
A22: =A21+1 -> 13 | B22: 6907.74 | C22: 313038 | D22: =C22-C21 -> 157 | E22: =C22-152000 -> 161038 | F22: =D22/$D$2 -> 79.17297 | G22: 75.464337 | H22: 0 | I22: =G22+H22 -> 75.464337 | J22: =IF(L22>0,L22,0) -> 47.708633 | K22: =I22+J22 -> 123.17297 | L22: =F22-(I22-W22) -> 47.708633 | M22: 4.4 | N22: 0 | O22: =M22-N22 -> 4.4 | P22: 0 | Q22: 0 | R22: =SUM(O22:Q22) -> 4.4 | T22: 0 | U22: 39.6 | V22: =V21-U22 -> 13202.303 | W22: =R22+T22+N22+U22 -> 44 | X22: =IF(L22<0,L22*-1,0) -> 0 | Y22: =W22+X22 -> 44 | Z22: 0 | AA22: 50 | AB22: 38 | AC22: =AC21+1 -> 13 | AD22: 716 | AE22: 1339 | AF22: 1725.1
... A38: =A37+1 -> 29 | B38: 6907.62 | C38: 312658 | D38: =C38-C37 -> 50 | E38: =C38-152000 -> 160658 | F38: =D38/$D$2 -> 25.214322 | G38: 34.83 | H38: 0 | I38: =G38+H38 -> 34.83 | J38: =IF(L38>0,L38,0) -> 25.704322 | K38: =I38+J38 -> 60.534322 | L38: =F38-(I38-W38) -> 25.704322 | M38: 6.29 | N38: 0 | O38: =M38-N38 -> 6.29 | P38: 0 | Q38: 0 | R38: =SUM(O38:Q38) -> 6.29 | T38: 0 | U38: 29.03 | V38: =V37-U38 -> 12689.103 | W38: =R38+T38+N38+U38 -> 35.32 | X38: =IF(L38<0,L38*-1,0) -> 0 | Y38: =W38+X38 -> 35.32 | Z38: 0.02 | AA38: 44 | AB38: 9 | AC38: =AC37+1 -> 29 | AD38: 4963 | AE38: 4000 | AF38: 2362.83
A39: 30 | B39: 6907.61 | C39: 312527 | D39: =C39-C38 -> -131 | E39: =C39-152000 -> 160527 | F39: =D39/$D$2 -> -66.061523 | G39: 0 | H39: 0 | I39: =G39+H39 -> 0 | J39: =IF(L39>0,L39,0) -> 0 | K39: =I39+J39 -> 0 | L39: =F39-(I39-W39) -> -30.771523 | M39: 6.29 | N39: 0 | O39: =M39-N39 -> 6.29 | P39: 0 | Q39: 0 | R39: =SUM(O39:Q39) -> 6.29 | T39: 0 | U39: 29 | V39: =V38-U39 -> 12660.103 | W39: =R39+T39+N39+U39 -> 35.29 | X39: =IF(L39<0,L39*-1,0) -> 30.771523 | Y39: =W39+X39 -> 66.061523 | Z39: 0.01 | AA39: 41 | AB39: 22 | AC39: 30 | AD39: 5210 | AE39: 4166 | AF39: 2362.83
A40: 31 | B40: 6907.62 | C40: 312568 | D40: =C40-C39 -> 41 | E40: =C40-152000 -> 160568 | F40: =D40/$D$2 -> 20.675744 | G40: 88.664362 | H40: 0 | I40: =G40+H40 -> 88.664362 | J40: =IF(L40>0,L40,0) -> 0 | K40: =I40+J40 -> 88.664362 | L40: =F40-(I40-W40) -> -32.898618 | M40: 6.06 | N40: 0 | O40: =M40-N40 -> 6.06 | P40: 0 | Q40: 0 | R40: =SUM(O40:Q40) -> 6.06 | T40: 0 | U40: 29.03 | V40: =V39-U40 -> 12631.073 | W40: =R40+T40+N40+U40 -> 35.09 | X40: =IF(L40<0,L40*-1,0) -> 32.898618 | Y40: =W40+X40 -> 67.988618 | Z40: 0.01 | AA40: 44 | AB40: 17 | AC40: 31 | AD40: 5455 | AE40: 4334 | AF40: 2403.37
AA41: 73
A42: MONTH / CFS | F42: =SUM(F10:F40) -> -157.84165 | G42: =SUM(G10:G40) -> 1921.7169 | H42: =SUM(H10:H40) -> 0 | I42: =SUM(I10:I40) -> 1921.7169 | J42: =SUM(J10:J40) -> 242.92595 | K42: =SUM(K10:K40) -> 2164.6429 | L42: =SUM(L10:L40) -> -829.96857 | M42: =SUM(M10:M40) -> 163.56 | ... R42: =SUM(R10:R40) -> 163.56 | T42: =SUM(T10:T40) -> 0 | U42: =SUM(U10:U40) -> 1086.03 | V42: =V40 -> 12631.073 | W42: =SUM(W10:W40) -> 1249.59 | X42: =SUM(X10:X40) -> 1072.8945 | Y42: =SUM(Y10:Y40) -> 2322.4845 | Z42: =SUM(Z10:Z40) -> 0.04 | AA42: =AVERAGE(AA10:AA40) -> 47.354839 | AB42: =AVERAGE(AB10:AB40) -> 21.516129
A43: MONTH / AF | D43: =SUM(D10:D40) -> -313 | F43: =F42*$D$2 -> -313 | G43: =G42*$D$2 -> 3810.7647 | H43: =H42*$D$2 -> 0 | I43: =I42*$D$2 -> 3810.7647 | J43: =J42*$D$2 -> 481.72215 | K43: =K42*$D$2 -> 4292.4868 | L43: =L42*$D$2 -> -1645.8277 | M43: =M42*$D$2 -> 324.33948 | ... R43: =R42*$D$2 -> 324.33948 | T43: =T42*$D$2 -> 0 | U43: =U42*$D$2 -> 2153.5975 | V43: =V42*$D$2 -> 25047.418 | W43: =W42*$D$2 -> 2477.937 | X43: =X42*$D$2 -> 2127.5498 | Y43: =Y42*$D$2 -> 4605.4868 | AA43: =MAX(AA10:AA40) -> 61 | AB43: =MAX(AB10:AB40) -> 38 | AC43: HI
A45: SEASON / CFS | AA45: =MIN(AA10:AA40) -> 29 | AB45: =MIN(AB10:AB40) -> 4 | AC45: LO
A46: SEASON / AF
A48: YTD / CFS | F48: =F8+F42 -> -512.8593 | G48: =G8+G42 -> 3716.4169 | H48: =H8+H42 -> 0 | I48: =I8+I42 -> 3716.3169 | J48: =J8+J42 -> 550.74489 | K48: =K8+K42 -> 4267.0618 | L48: =L8+L42 -> -1288.6362 | M48: =M8+M42 -> 656.06 | ... R48: =R8+R42 -> 532.06 | T48: =T8+T42 -> 0 | U48: =U8+U42 -> 2284.48 | V48: =V40 -> 12631.073 | W48: =W8+W42 -> 2940.54 | X48: =X8+X42 -> 1839.3811 | Y48: =Y8+Y42 -> 4779.9211 | Z48: =Z8+Z42 -> 0.21
A49: YTD / AF | D49: =D8+D43 -> -1017 | E49: =E40 -> 160568 | F49: =F48*$D$2 -> -1017 | G49: =G48*$D$2 -> 7369.6547 | H49: =H48*$D$2 -> 0 | I49: =I48*$D$2 -> 7369.4564 | J49: =J48*$D$2 -> 1092.1271 | K49: =K48*$D$2 -> 8461.5836 | L49: =L48*$D$2 -> -2555.3656 | M49: =M48*$D$2 -> 1300.967 | ... U49: =U48*$D$2 -> 4530.1238 | V49: =V40*$D$2 -> 25047.418 | W49: =W48*$D$2 -> 5831.0908 | X49: =X48*$D$2 -> 3647.4927 | Y49: =Y48*$D$2 -> 9478.5836
A51: ="JUN /9" -> JUN /9
B52: 6924.15 | C52: 381833 | E52: =C52-152000 -> 229833
A53: ="5/12/94 thru 6/9/94" -> 5/12/94 thru 6/9/94
B54: =B52-B21 -> 16.45 | D54: =C52-C22 -> 68795

Sheet JAN
K1: MC PHEE RESERVOIR IN/OUT FLOW TABULATION
A2: AF/cfs CONVERT FACTOR | D2: 1.983 | K2: JANUARY "96"
A4: DATE | B4: RESERV | C4: RESERV | D4: AC FT | E4: ACTIVE | F4: CONV TO | G4: DOLORES | H4: LOST | I4: RECORDED | J4: CALC | K4: TOTAL | L4: CALC | M4: DOLORES TUNNEL | P4: LONE | Q4: U | R4: TOTAL | S4: MVI | T4: DV CR | U4: BELOW | V4: REMAIN | W4: RECORDED | X4: CALC | Y4: TOTAL | Z4: RAIN | AA4: MAX | AB4: MIN | AC4: DATE
A5: "JAN" | B5: ELEV | C5: AC FT | D5: CHANGE | E5: CAP | F5: CFS | G5: RIVER | H5: CANYON | I5: INFLOW | J5: INFLOW | K5: INFLOW | L5: INF/OTF | M5: TOT DIV | N5: UTE F&R | O5: MVI,CTZ | P5: PINE | Q5: LATERAL | R5: MVI | S5: CALL | T5: CANAL | U5: MC PHEE | V5: RELEASE | W5: OUTFLOW | X5: OUTFLOW | Y5: OUTFLOW | AA5: TMP | AB5: TMP | AC5: "JAN"
AD6: 741 | AE6: 742
A7: SEASON BAL
A8: YTD | B8: {=DEC!$B$40:$C$40} -> 6907.62 | C8: 312568 | D8: {=DEC!$D$49:$E$49} -> -1017 | E8: 160568 | F8: {=DEC!$F$48:$Z$48} -> -512.8593 | G8: 3716.4169 | H8: 0 | I8: 3716.3169 | J8: 550.74489 | K8: 4267.0618 | L8: -1288.6362 | M8: 656.06 | N8: 0 | O8: 163.56 | P8: 0 | Q8: 0 | R8: 532.06 | S8: 0 | T8: 0 | U8: 2284.48 | V8: 12631.073 | W8: 2940.54 | X8: 1839.3811 | Y8: 4779.9211 | Z8: 0.21 | AD8: 285 | AE8: 251 | AF8: 1207.63
A10: 1 | B10: 6907.62 | C10: 312568 | D10: =C10-C8 -> 0 | E10: =C10-152000 -> 160568 | F10: =D10/$D$2 -> 0 | G10: 17.559975 | H10: 0 | I10: =G10+H10 -> 17.559975 | J10: =IF(L10>0,L10,0) -> 17.520025 | K10: =I10+J10 -> 35.08 | L10: =F10-(I10-W10) -> 17.520025 | M10: 5.92 | N10: 0 | O10: =M10-N10 -> 5.92 | P10: 0 | Q10: 0 | R10: =SUM(O10:Q10) -> 5.92 | T10: 0 | U10: 29.16 | V10: =V8-U10 -> 12601.913 | W10: =R10+T10+N10+U10 -> 35.08 | X10: =IF(L10<0,L10*-1,0) -> 0 | Y10: =W10+X10 -> 35.08 | Z10: 0 | AA10: 54 | AB10: 36 | AC10: 1 | AD10: 303 | AE10: 273 | AF10: 1256.86
A11: =A10+1 -> 2 | B11: 6907.62 | C11: 312568 | D11: =C11-C10 -> 0 | E11: =C11-152000 -> 160568 | F11: =D11/$D$2 -> 0 | G11: 35.21 | H11: 0 | I11: =G11+H11 -> 35.21 | J11: =IF(L11>0,L11,0) -> 0.2 | K11: =I11+J11 -> 35.41 | L11: =F11-(I11-W11) -> 0.2 | M11: 6 | N11: 0 | O11: =M11-N11 -> 6 | P11: 0 | Q11: 0 | R11: =SUM(O11:Q11) -> 6 | T11: 0 | U11: 29.41 | V11: =V10-U11 -> 12572.503 | W11: =R11+T11+N11+U11 -> 35.41 | X11: =IF(L11<0,L11*-1,0) -> 0 | Y11: =W11+X11 -> 35.41 | Z11: 0.01 | AA11: 61 | AB11: 36 | AC11: =AC10+1 -> 2 | AD11: 306 | AE11: 300 | AF11: 1306.42
A12: =A11+1 -> 3 | B12: 6907.62 | C12: 312568 | D12: =C12-C11 -> 0 | E12: =C12-152000 -> 160568 | F12: =D12/$D$2 -> 0 | G12: 51.720025 | H12: 0 | I12: =G12+H12 -> 51.720025 | J12: =IF(L12>0,L12,0) -> 0 | K12: =I12+J12 -> 51.720025 | L12: =F12-(I12-W12) -> -17.060025 | M12: 4.96 | N12: 0 | O12: =M12-N12 -> 4.96 | P12: 0 | Q12: 0 | R12: =SUM(O12:Q12) -> 4.96 | T12: 0 | U12: 29.7 | V12: =V11-U12 -> 12542.803 | W12: =R12+T12+N12+U12 -> 34.66 | X12: =IF(L12<0,L12*-1,0) -> 17.060025 | Y12: =W12+X12 -> 51.720025 | Z12: 0 | AA12: 62 | AB12: 38 | AC12: =AC11+1 -> 3 | AD12: 316 | AE12: 341 | AF12: 1355.74
A13: =A12+1 -> 4 | B13: 6907.62 | C13: 312568 | D13: =C13-C12 -> 0 | E13: =C13-152000 -> 160568 | F13: =D13/$D$2 -> 0 | G13: 339.01758 | H13: 0 | I13: =G13+H13 -> 339.01758 | J13: =IF(L13>0,L13,0) -> 0 | K13: =I13+J13 -> 339.01758 | L13: =F13-(I13-W13) -> -305.43758 | M13: 3.88 | N13: 0 | O13: =M13-N13 -> 3.88 | P13: 0 | Q13: 0 | R13: =SUM(O13:Q13) -> 3.88 | T13: 0 | U13: 29.7 | V13: =V12-U13 -> 12513.103 | W13: =R13+T13+N13+U13 -> 33.58 | X13: =IF(L13<0,L13*-1,0) -> 305.43758 | Y13: =W13+X13 -> 339.01758 | Z13: 0 | AA13: 70 | AB13: 39 | AC13: =AC12+1 -> 4 | AD13: 316 | AE13: 395 | AF13: 1405.31
A14: =A13+1 -> 5 | B14: 6907.62 | C14: 312568 | D14: =C14-C13 -> 0 | E14: =C14-152000 -> 160568 | F14: =D14/$D$2 -> 0 | G14: 33.42 | H14: 0 | I14: =G14+H14 -> 33.42 | J14: =IF(L14>0,L14,0) -> 0 | K14: =I14+J14 -> 33.42 | L14: =F14-(I14-W14) -> -0.09 | M14: 3.72 | N14: 0 | O14: =M14-N14 -> 3.72 | P14: 0 | Q14: 0 | R14: =SUM(O14:Q14) -> 3.72 | T14: 0 | U14: 29.61 | V14: =V13-U14 -> 12483.493 | W14: =R14+T14+N14+U14 -> 33.33 | X14: =IF(L14<0,L14*-1,0) -> 0.09 | Y14: =W14+X14 -> 33.42 | Z14: 0 | AA14: 76 | AB14: 43 | AC14: =AC13+1 -> 5 | AD14: 316 | AE14: 466 | AF14: 1437.16
A15: =A14+1 -> 6 | B15: 6907.62 | C15: 312568 | D15: =C15-C14 -> 0 | E15: =C15-152000 -> 160568 | F15: =D15/$D$2 -> 0 | G15: 51.070025 | H15: 0 | I15: =G15+H15 -> 51.070025 | J15: =IF(L15>0,L15,0) -> 0 | K15: =I15+J15 -> 51.070025 | L15: =F15-(I15-W15) -> -17.740025 | M15: 3.72 | N15: 0 | O15: =M15-N15 -> 3.72 | P15: 0 | Q15: 0 | R15: =SUM(O15:Q15) -> 3.72 | T15: 0 | U15: 29.61 | V15: =V14-U15 -> 12453.883 | W15: =R15+T15+N15+U15 -> 33.33 | X15: =IF(L15<0,L15*-1,0) -> 17.740025 | Y15: =W15+X15 -> 51.070025 | Z15: 0 | AA15: 73 | AB15: 39 | AC15: =AC14+1 -> 6 | AD15: 325 | AE15: 538 | AF15: 1467.01
A16: =A15+1 -> 7 | B16: 6907.62 | C16: 312568 | D16: =C16-C15 -> 0 | E16: =C16-152000 -> 160568 | F16: =D16/$D$2 -> 0 | G16: 51.834312 | H16: 0 | I16: =G16+H16 -> 51.834312 | J16: =IF(L16>0,L16,0) -> 0 | K16: =I16+J16 -> 51.834312 | L16: =F16-(I16-W16) -> -18.414312 | M16: 3.72 | N16: 0 | O16: =M16-N16 -> 3.72 | P16: 0 | Q16: 0 | R16: =SUM(O16:Q16) -> 3.72 | T16: 0 | U16: 29.7 | V16: =V15-U16 -> 12424.183 | W16: =R16+T16+N16+U16 -> 33.42 | X16: =IF(L16<0,L16*-1,0) -> 18.414312 | Y16: =W16+X16 -> 51.834312 | Z16: 0 | AA16: 74 | AB16: 37 | AC16: =AC15+1 -> 7 | AD16: 342 | AE16: 618 | AF16: 1496.64
A17: =A16+1 -> 8 | B17: 6907.62 | C17: 312568 | D17: =C17-C16 -> 0 | E17: =C17-152000 -> 160568 | F17: =D17/$D$2 -> 0 | G17: 34.1 | H17: 0 | I17: =G17+H17 -> 34.1 | J17: =IF(L17>0,L17,0) -> 0 | K17: =I17+J17 -> 34.1 | L17: =F17-(I17-W17) -> -0.68 | M17: 3.72 | N17: 0 | O17: =M17-N17 -> 3.72 | P17: 0 | Q17: 0 | R17: =SUM(O17:Q17) -> 3.72 | T17: 0 | U17: 29.7 | V17: =V16-U17 -> 12394.483 | W17: =R17+T17+N17+U17 -> 33.42 | X17: =IF(L17<0,L17*-1,0) -> 0.68 | Y17: =W17+X17 -> 34.1 | Z17: 0 | AA17: 69 | AB17: 34 | AC17: =AC16+1 -> 8 | AD17: 367 | AE17: 704 | AF17: 1526.51
A18: =A17+1 -> 9 | B18: 6907.62 | C18: 312568 | D18: =C18-C17 -> 0 | E18: =C18-152000 -> 160568 | F18: =D18/$D$2 -> 0 | G18: 51.750025 | H18: 0 | I18: =G18+H18 -> 51.750025 | J18: =IF(L18>0,L18,0) -> 0 | K18: =I18+J18 -> 51.750025 | L18: =F18-(I18-W18) -> -18.330025 | M18: 3.72 | N18: 0 | O18: =M18-N18 -> 3.72 | P18: 0 | Q18: 0 | R18: =SUM(O18:Q18) -> 3.72 | T18: 0 | U18: 29.7 | V18: =V17-U18 -> 12364.783 | W18: =R18+T18+N18+U18 -> 33.42 | X18: =IF(L18<0,L18*-1,0) -> 18.330025 | Y18: =W18+X18 -> 51.750025 | Z18: 0 | AA18: 66 | AB18: 44 | AC18: =AC17+1 -> 9 | AD18: 390 | AE18: 805 | AF18: 1561.24
A19: =A18+1 -> 10 | B19: 6907.63 | C19: 312606 | D19: =C19-C18 -> 38 | E19: =C19-152000 -> 160606 | F19: =D19/$D$2 -> 19.162885 | G19: 70.408623 | H19: 0 | I19: =G19+H19 -> 70.408623 | J19: =IF(L19>0,L19,0) -> 0 | K19: =I19+J19 -> 70.408623 | L19: =F19-(I19-W19) -> -17.825739 | M19: 3.72 | N19: 0 | O19: =M19-N19 -> 3.72 | P19: 0 | Q19: 0 | R19: =SUM(O19:Q19) -> 3.72 | T19: 0 | U19: 29.7 | V19: =V18-U19 -> 12335.083 | W19: =R19+T19+N19+U19 -> 33.42 | X19: =IF(L19<0,L19*-1,0) -> 17.825739 | Y19: =W19+X19 -> 51.245739 | Z19: 0 | AA19: 66 | AB19: 36 | AC19: =AC18+1 -> 10 | AD19: 437 | AE19: 920 | AF19: 1600.39
A20: =A19+1 -> 11 | B20: 6907.63 | C20: 312606 | D20: =C20-C19 -> 0 | E20: =C20-152000 -> 160606 | F20: =D20/$D$2 -> 0 | G20: 159.90161 | H20: 0 | I20: =G20+H20 -> 159.90161 | J20: =IF(L20>0,L20,0) -> 0 | K20: =I20+J20 -> 159.90161 | L20: =F20-(I20-W20) -> -126.48161 | M20: 3.72 | N20: 0 | O20: =M20-N20 -> 3.72 | P20: 0 | Q20: 0 | R20: =SUM(O20:Q20) -> 3.72 | T20: 0 | U20: 29.7 | V20: =V19-U20 -> 12305.383 | W20: =R20+T20+N20+U20 -> 33.42 | X20: =IF(L20<0,L20*-1,0) -> 126.48161 | Y20: =W20+X20 -> 159.90161 | Z20: 0 | AA20: 68 | AB20: 40 | AC20: =AC19+1 -> 11 | AD20: 498 | AE20: 1048 | AF20: 1642
A21: =A20+1 -> 12 | B21: 6907.64 | C21: 312646 | D21: =C21-C20 -> 40 | E21: =C21-152000 -> 160646 | F21: =D21/$D$2 -> 20.171457 | G21: 33.09 | H21: 0 | I21: =G21+H21 -> 33.09 | J21: =IF(L21>0,L21,0) -> 20.471457 | K21: =I21+J21 -> 53.561457 | L21: =F21-(I21-W21) -> 20.471457 | M21: 3.72 | N21: 0 | O21: =M21-N21 -> 3.72 | P21: 0 | Q21: 0 | R21: =SUM(O21:Q21) -> 3.72 | T21: 0 | U21: 29.67 | V21: =V20-U21 -> 12275.713 | W21: =R21+T21+N21+U21 -> 33.39 | X21: =IF(L21<0,L21*-1,0) -> 0 | Y21: =W21+X21 -> 33.39 | Z21: 0 | AA21: 68 | AB21: 42 | AC21: =AC20+1 -> 12 | AD21: 572 | AE21: 1182 | AF21: 1683.42
A22: =A21+1 -> 13 | B22: 6907.64 | C22: 312646 | D22: =C22-C21 -> 0 | E22: =C22-152000 -> 160646 | F22: =D22/$D$2 -> 0 | G22: 33.35 | H22: 0 | I22: =G22+H22 -> 33.35 | J22: =IF(L22>0,L22,0) -> 0 | K22: =I22+J22 -> 33.35 | L22: =F22-(I22-W22) -> -0.08 | M22: 3.72 | N22: 0 | O22: =M22-N22 -> 3.72 | P22: 0 | Q22: 0 | R22: =SUM(O22:Q22) -> 3.72 | T22: 0 | U22: 29.55 | V22: =V21-U22 -> 12246.163 | W22: =R22+T22+N22+U22 -> 33.27 | X22: =IF(L22<0,L22*-1,0) -> 0.08 | Y22: =W22+X22 -> 33.35 | Z22: 0 | AA22: 63 | AB22: 38 | AC22: =AC21+1 -> 13 | AD22: 716 | AE22: 1339 | AF22: 1725.1
... A38: =A37+1 -> 29 | B38: 6907.84 | C38: 313429 | D38: =C38-C37 -> 79 | E38: =C38-152000 -> 161429 | F38: =D38/$D$2 -> 39.838628 | G38: 33.76 | H38: 0 | I38: =G38+H38 -> 33.76 | J38: =IF(L38>0,L38,0) -> 39.498628 | K38: =I38+J38 -> 73.258628 | L38: =F38-(I38-W38) -> 39.498628 | M38: 3.72 | N38: 0 | O38: =M38-N38 -> 3.72 | P38: 0 | Q38: 0 | R38: =SUM(O38:Q38) -> 3.72 | T38: 0 | U38: 29.7 | V38: =V37-U38 -> 11772.173 | W38: =R38+T38+N38+U38 -> 33.42 | X38: =IF(L38<0,L38*-1,0) -> 0 | Y38: =W38+X38 -> 33.42 | Z38: 0 | AA38: 78 | AB38: 44 | AC38: =AC37+1 -> 29 | AD38: 4963 | AE38: 4000 | AF38: 2362.83
A39: 30 | B39: 6907.85 | C39: 313469 | D39: =C39-C38 -> 40 | E39: =C39-152000 -> 161469 | F39: =D39/$D$2 -> 20.171457 | G39: 69.828623 | H39: 0 | I39: =G39+H39 -> 69.828623 | J39: =IF(L39>0,L39,0) -> 0 | K39: =I39+J39 -> 69.828623 | L39: =F39-(I39-W39) -> -16.237166 | M39: 3.72 | N39: 0 | O39: =M39-N39 -> 3.72 | P39: 0 | Q39: 0 | R39: =SUM(O39:Q39) -> 3.72 | T39: 0 | U39: 29.7 | V39: =V38-U39 -> 11742.473 | W39: =R39+T39+N39+U39 -> 33.42 | X39: =IF(L39<0,L39*-1,0) -> 16.237166 | Y39: =W39+X39 -> 49.657166 | Z39: 0.13 | AA39: 84 | AB39: 46 | AC39: 30 | AD39: 5210 | AE39: 4166 | AF39: 2362.83
A40: 31 | B40: 6907.87 | C40: 313547 | D40: =C40-C39 -> 78 | E40: =C40-152000 -> 161547 | F40: =D40/$D$2 -> 39.334342 | G40: 33.42 | H40: 0 | I40: =G40+H40 -> 33.42 | J40: =IF(L40>0,L40,0) -> 39.474342 | K40: =I40+J40 -> 72.894342 | L40: =F40-(I40-W40) -> 39.474342 | M40: 3.86 | N40: 0 | O40: =M40-N40 -> 3.86 | P40: 0 | Q40: 0 | R40: =SUM(O40:Q40) -> 3.86 | T40: 0 | U40: 29.7 | V40: =V39-U40 -> 11712.773 | W40: =R40+T40+N40+U40 -> 33.56 | X40: =IF(L40<0,L40*-1,0) -> 0 | Y40: =W40+X40 -> 33.56 | Z40: 0.19 | AA40: 82 | AB40: 46 | AC40: 31 | AD40: 5455 | AE40: 4334 | AF40: 2403.37
AA41: 73
A42: MONTH / CFS | F42: =SUM(F10:F40) -> 493.69642 | G42: =SUM(G10:G40) -> 1994.3328 | H42: =SUM(H10:H40) -> 0 | I42: =SUM(I10:I40) -> 1994.3328 | J42: =SUM(J10:J40) -> 387.64199 | K42: =SUM(K10:K40) -> 2381.9748 | L42: =SUM(L10:L40) -> -460.03635 | M42: =SUM(M10:M40) -> 122.3 | ... R42: =SUM(R10:R40) -> 122.3 | T42: =SUM(T10:T40) -> 0 | U42: =SUM(U10:U40) -> 918.3 | W42: =SUM(W10:W40) -> 1040.6 | X42: =SUM(X10:X40) -> 847.67834 | Y42: =SUM(Y10:Y40) -> 1888.2783 | Z42: =SUM(Z10:Z40) -> 1.46 | AA42: =AVERAGE(AA10:AA40) -> 71.451613 | AB42: =AVERAGE(AB10:AB40) -> 40.16129
A43: MONTH / AF | D43: =SUM(D10:D40) -> 979 | F43: =F42*$D$2 -> 979 | G43: =G42*$D$2 -> 3954.7619 | H43: =H42*$D$2 -> 0 | I43: =I42*$D$2 -> 3954.7619 | J43: =J42*$D$2 -> 768.69407 | K43: =K42*$D$2 -> 4723.4559 | L43: =L42*$D$2 -> -912.25208 | M43: =M42*$D$2 -> 242.5209 | ... R43: =R42*$D$2 -> 242.5209 | T43: =T42*$D$2 -> 0 | U43: =U42*$D$2 -> 1820.9889 | W43: =W42*$D$2 -> 2063.5098 | X43: =X42*$D$2 -> 1680.9461 | Y43: =Y42*$D$2 -> 3744.456 | AA43: =MAX(AA10:AA40) -> 84 | AB43: =MAX(AB10:AB40) -> 48 | AC43: HI
A45: SEASON / CFS | AA45: =MIN(AA10:AA40) -> 54 | AB45: =MIN(AB10:AB40) -> 30 | AC45: LO
A46: SEASON / AF
A48: YTD / CFS | F48: =F8+F42 -> -19.162885 | G48: =G8+G42 -> 5710.7497 | H48: =H8+H42 -> 0 | I48: =I8+I42 -> 5710.6497 | J48: =J8+J42 -> 938.38688 | K48: =K8+K42 -> 6649.0366 | L48: =L8+L42 -> -1748.6726 | M48: =M8+M42 -> 778.36 | ... R48: =R8+R42 -> 654.36 | T48: =T8+T42 -> 0 | U48: =U8+U42 -> 3202.78 | V48: =V40 -> 11712.773 | W48: =W8+W42 -> 3981.14 | X48: =X8+X42 -> 2687.0595 | Y48: =Y8+Y42 -> 6668.1995 | Z48: =Z8+Z42 -> 1.67
A49: YTD / AF | D49: =D8+D43 -> -38 | E49: =E40 -> 161547 | F49: =F48*$D$2 -> -38 | G49: =G48*$D$2 -> 11324.417 | H49: =H48*$D$2 -> 0 | I49: =I48*$D$2 -> 11324.218 | J49: =J48*$D$2 -> 1860.8212 | K49: =K48*$D$2 -> 13185.04 | L49: =L48*$D$2 -> -3467.6177 | M49: =M48*$D$2 -> 1543.4879 | ... U49: =U48*$D$2 -> 6351.1127 | V49: =V40*$D$2 -> 23226.429 | W49: =W48*$D$2 -> 7894.6006 | X49: =X48*$D$2 -> 5328.4389 | Y49: =Y48*$D$2 -> 13223.04
A51: ="JUN /9" -> JUN /9
B52: 6924.15 | C52: 381833 | E52: =C52-152000 -> 229833
A53: ="5/12/94 thru 6/9/94" -> 5/12/94 thru 6/9/94
B54: =B52-B21 -> 16.51 | D54: =C52-C23 -> 69149

Sheet FEB
K1: MC PHEE RESERVOIR IN/OUT FLOW TABULATION
A2: AF/cfs CONVERT FACTOR | D2: 1.983 | K2: FEBRUARY "96"
A4: DATE | B4: RESERV | C4: RESERV | D4: AC FT | E4: ACTIVE | F4: CONV TO | G4: DOLORES | H4: LOST | I4: RECORDED | J4: CALC | K4: TOTAL | L4: CALC | M4: DOLORES TUNNEL | P4: LONE | Q4: U | R4: TOTAL | S4: MVI | T4: DV CR | U4: BELOW | V4: REMAIN | W4: RECORDED | X4: CALC | Y4: TOTAL | Z4: RAIN | AA4: MAX | AB4: MIN | AC4: DATE
A5: FEB | B5: ELEV | C5: AC FT | D5: CHANGE | E5: CAP | F5: CFS | G5: RIVER | H5: CANYON | I5: INFLOW | J5: INFLOW | K5: INFLOW | L5: INF/OTF | M5: TOT DIV | N5: UTE F&R | O5: MVI,CTZ | P5: PINE | Q5: LATERAL | R5: MVI | S5: CALL | T5: CANAL | U5: MC PHEE | V5: RELEASE | W5: OUTFLOW | X5: OUTFLOW | Y5: OUTFLOW | AA5: TMP | AB5: TMP | AC5: FEB
AD6: 741 | AE6: 742
A7: SEASON BAL
A8: YTD | B8: {=JAN!$B$40:$C$40} -> 6907.87 | C8: 313547 | D8: {=JAN!$D$49:$E$49} -> -38 | E8: 161547 | F8: {=JAN!$F$48:$Z$48} -> -19.162885 | G8: 5710.7497 | H8: 0 | I8: 5710.6497 | J8: 938.38688 | K8: 6649.0366 | L8: -1748.6726 | M8: 778.36 | N8: 0 | O8: 285.86 | P8: 0 | Q8: 0 | R8: 654.36 | S8: 0 | T8: 0 | U8: 3202.78 | V8: 11712.773 | W8: 3981.14 | X8: 2687.0595 | Y8: 6668.1995 | Z8: 1.67 | AD8: 285 | AE8: 251 | AF8: 1207.63
A10: 1 | B10: 6907.89 | C10: 313626 | D10: =C10-C8 -> 79 | E10: =C10-152000 -> 161626 | F10: =D10/$D$2 -> 39.838628 | G10: 32.99 | H10: 0 | I10: =G10+H10 -> 32.99 | J10: =IF(L10>0,L10,0) -> 40.368628 | K10: =I10+J10 -> 73.358628 | L10: =F10-(I10-W10) -> 40.368628 | M10: 3.82 | N10: 0 | O10: =M10-N10 -> 3.82 | P10: 0 | Q10: 0 | R10: =SUM(O10:Q10) -> 3.82 | T10: 0 | U10: 29.7 | V10: =V8-U10 -> 11683.073 | W10: =R10+T10+N10+U10 -> 33.52 | X10: =IF(L10<0,L10*-1,0) -> 0 | Y10: =W10+X10 -> 33.52 | Z10: 0.06 | AA10: 54 | AB10: 36 | AC10: 1 | AD10: 303 | AE10: 273 | AF10: 1256.86
A11: =A10+1 -> 2 | B11: 6907.91 | C11: 313704 | D11: =C11-C10 -> 78 | E11: =C11-152000 -> 161704 | F11: =D11/$D$2 -> 39.334342 | G11: 50.934312 | H11: 0 | I11: =G11+H11 -> 50.934312 | J11: =IF(L11>0,L11,0) -> 21.84003 | K11: =I11+J11 -> 72.774342 | L11: =F11-(I11-W11) -> 21.84003 | M11: 3.74 | N11: 0 | O11: =M11-N11 -> 3.74 | P11: 0 | Q11: 0 | R11: =SUM(O11:Q11) -> 3.74 | T11: 0 | U11: 29.7 | V11: =V10-U11 -> 11653.373 | W11: =R11+T11+N11+U11 -> 33.44 | X11: =IF(L11<0,L11*-1,0) -> 0 | Y11: =W11+X11 -> 33.44 | Z11: 0.25 | AA11: 61 | AB11: 36 | AC11: =AC10+1 -> 2 | AD11: 306 | AE11: 300 | AF11: 1306.42
A12: =A11+1 -> 3 | B12: 6907.92 | C12: 313742 | D12: =C12-C11 -> 38 | E12: =C12-152000 -> 161742 | F12: =D12/$D$2 -> 19.162885 | G12: 69.088623 | H12: 0 | I12: =G12+H12 -> 69.088623 | J12: =IF(L12>0,L12,0) -> 0 | K12: =I12+J12 -> 69.088623 | L12: =F12-(I12-W12) -> -16.275739 | M12: 3.95 | N12: 0 | O12: =M12-N12 -> 3.95 | P12: 0 | Q12: 0 | R12: =SUM(O12:Q12) -> 3.95 | T12: 0 | U12: 29.7 | V12: =V11-U12 -> 11623.673 | W12: =R12+T12+N12+U12 -> 33.65 | X12: =IF(L12<0,L12*-1,0) -> 16.275739 | Y12: =W12+X12 -> 49.925739 | Z12: 0 | AA12: 62 | AB12: 38 | AC12: =AC11+1 -> 3 | AD12: 316 | AE12: 341 | AF12: 1355.74
A13: =A12+1 -> 4 | B13: 6907.95 | C13: 313861 | D13: =C13-C12 -> 119 | E13: =C13-152000 -> 161861 | F13: =D13/$D$2 -> 60.010086 | G13: 69.088623 | H13: 0 | I13: =G13+H13 -> 69.088623 | J13: =IF(L13>0,L13,0) -> 24.531462 | K13: =I13+J13 -> 93.620086 | L13: =F13-(I13-W13) -> 24.531462 | M13: 3.91 | N13: 0 | O13: =M13-N13 -> 3.91 | P13: 0 | Q13: 0 | R13: =SUM(O13:Q13) -> 3.91 | T13: 0 | U13: 29.7 | V13: =V12-U13 -> 11593.973 | W13: =R13+T13+N13+U13 -> 33.61 | X13: =IF(L13<0,L13*-1,0) -> 0 | Y13: =W13+X13 -> 33.61 | Z13: 0 | AA13: 70 | AB13: 39 | AC13: =AC12+1 -> 4 | AD13: 316 | AE13: 395 | AF13: 1405.31
A14: =A13+1 -> 5 | B14: 6907.97 | C14: 313939 | D14: =C14-C13 -> 78 | E14: =C14-152000 -> 161939 | F14: =D14/$D$2 -> 39.334342 | G14: 69.088623 | H14: 0 | I14: =G14+H14 -> 69.088623 | J14: =IF(L14>0,L14,0) -> 3.7757186 | K14: =I14+J14 -> 72.864342 | L14: =F14-(I14-W14) -> 3.7757186 | M14: 3.83 | N14: 0 | O14: =M14-N14 -> 3.83 | P14: 0 | Q14: 0 | R14: =SUM(O14:Q14) -> 3.83 | T14: 0 | U14: 29.7 | V14: =V13-U14 -> 11564.273 | W14: =R14+T14+N14+U14 -> 33.53 | X14: =IF(L14<0,L14*-1,0) -> 0 | Y14: =W14+X14 -> 33.53 | Z14: 0 | AA14: 76 | AB14: 43 | AC14: =AC13+1 -> 5 | AD14: 316 | AE14: 466 | AF14: 1437.16
A15: =A14+1 -> 6 | B15: 6907.97 | C15: 313939 | D15: =C15-C14 -> 0 | E15: =C15-152000 -> 161939 | F15: =D15/$D$2 -> 0 | G15: 86.878649 | H15: 0 | I15: =G15+H15 -> 86.878649 | J15: =IF(L15>0,L15,0) -> 0 | K15: =I15+J15 -> 86.878649 | L15: =F15-(I15-W15) -> -53.448649 | M15: 3.73 | N15: 0 | O15: =M15-N15 -> 3.73 | P15: 0 | Q15: 0 | R15: =SUM(O15:Q15) -> 3.73 | T15: 0 | U15: 29.7 | V15: =V14-U15 -> 11534.573 | W15: =R15+T15+N15+U15 -> 33.43 | X15: =IF(L15<0,L15*-1,0) -> 53.448649 | Y15: =W15+X15 -> 86.878649 | Z15: 0 | AA15: 73 | AB15: 39 | AC15: =AC14+1 -> 6 | AD15: 325 | AE15: 538 | AF15: 1467.01
A16: =A15+1 -> 7 | B16: 6907.99 | C16: 314018 | D16: =C16-C15 -> 79 | E16: =C16-152000 -> 162018 | F16: =D16/$D$2 -> 39.838628 | G16: 69.398623 | H16: 0 | I16: =G16+H16 -> 69.398623 | J16: =IF(L16>0,L16,0) -> 3.890005 | K16: =I16+J16 -> 73.288628 | L16: =F16-(I16-W16) -> 3.890005 | M16: 3.72 | N16: 0 | O16: =M16-N16 -> 3.72 | P16: 0 | Q16: 0 | R16: =SUM(O16:Q16) -> 3.72 | T16: 0 | U16: 29.73 | V16: =V15-U16 -> 11504.843 | W16: =R16+T16+N16+U16 -> 33.45 | X16: =IF(L16<0,L16*-1,0) -> 0 | Y16: =W16+X16 -> 33.45 | Z16: 0 | AA16: 74 | AB16: 37 | AC16: =AC15+1 -> 7 | AD16: 342 | AE16: 618 | AF16: 1496.64
A17: =A16+1 -> 8 | B17: 6907.99 | C17: 314018 | D17: =C17-C16 -> 0 | E17: =C17-152000 -> 162018 | F17: =D17/$D$2 -> 0 | G17: 87.642935 | H17: 0 | I17: =G17+H17 -> 87.642935 | J17: =IF(L17>0,L17,0) -> 0 | K17: =I17+J17 -> 87.642935 | L17: =F17-(I17-W17) -> -54.222935 | M17: 3.72 | N17: 0 | O17: =M17-N17 -> 3.72 | P17: 0 | Q17: 0 | R17: =SUM(O17:Q17) -> 3.72 | T17: 0 | U17: 29.7 | V17: =V16-U17 -> 11475.143 | W17: =R17+T17+N17+U17 -> 33.42 | X17: =IF(L17<0,L17*-1,0) -> 54.222935 | Y17: =W17+X17 -> 87.642935 | Z17: 0 | AA17: 69 | AB17: 34 | AC17: =AC16+1 -> 8 | AD17: 367 | AE17: 704 | AF17: 1526.51
A18: =A17+1 -> 9 | B18: 6908 | C18: 314056 | D18: =C18-C17 -> 38 | E18: =C18-152000 -> 162056 | F18: =D18/$D$2 -> 19.162885 | G18: 51.230025 | H18: 0 | I18: =G18+H18 -> 51.230025 | J18: =IF(L18>0,L18,0) -> 1.3828593 | K18: =I18+J18 -> 52.612885 | L18: =F18-(I18-W18) -> 1.3828593 | M18: 3.72 | N18: 0 | O18: =M18-N18 -> 3.72 | P18: 0 | Q18: 0 | R18: =SUM(O18:Q18) -> 3.72 | T18: 0 | U18: 29.73 | V18: =V17-U18 -> 11445.413 | W18: =R18+T18+N18+U18 -> 33.45 | X18: =IF(L18<0,L18*-1,0) -> 0 | Y18: =W18+X18 -> 33.45 | Z18: 0 | AA18: 66 | AB18: 44 | AC18: =AC17+1 -> 9 | AD18: 390 | AE18: 805 | AF18: 1561.24
A19: =A18+1 -> 10 | B19: 6908.01 | C19: 314095 | D19: =C19-C18 -> 39 | E19: =C19-152000 -> 162095 | F19: =D19/$D$2 -> 19.667171 | G19: 71.058623 | H19: 0 | I19: =G19+H19 -> 71.058623 | J19: =IF(L19>0,L19,0) -> 0 | K19: =I19+J19 -> 71.058623 | L19: =F19-(I19-W19) -> -17.941452 | M19: 3.72 | N19: 0 | O19: =M19-N19 -> 3.72 | P19: 0 | Q19: 0 | R19: =SUM(O19:Q19) -> 3.72 | T19: 0 | U19: 29.73 | V19: =V18-U19 -> 11415.683 | W19: =R19+T19+N19+U19 -> 33.45 | X19: =IF(L19<0,L19*-1,0) -> 17.941452 | Y19: =W19+X19 -> 51.391452 | Z19: 0 | AA19: 66 | AB19: 36 | AC19: =AC18+1 -> 10 | AD19: 437 | AE19: 920 | AF19: 1600.39
A20: =A19+1 -> 11 | B20: 6908.02 | C20: 314135 | D20: =C20-C19 -> 40 | E20: =C20-152000 -> 162135 | F20: =D20/$D$2 -> 20.171457 | G20: 107.44725 | H20: 0 | I20: =G20+H20 -> 107.44725 | J20: =IF(L20>0,L20,0) -> 0 | K20: =I20+J20 -> 107.44725 | L20: =F20-(I20-W20) -> -53.825789 | M20: 3.72 | N20: 0 | O20: =M20-N20 -> 3.72 | P20: 0 | Q20: 0 | R20: =SUM(O20:Q20) -> 3.72 | T20: 0 | U20: 29.73 | V20: =V19-U20 -> 11385.953 | W20: =R20+T20+N20+U20 -> 33.45 | X20: =IF(L20<0,L20*-1,0) -> 53.825789 | Y20: =W20+X20 -> 87.275789 | Z20: 0 | AA20: 68 | AB20: 40 | AC20: =AC19+1 -> 11 | AD20: 498 | AE20: 1048 | AF20: 1642
A21: =A20+1 -> 12 | B21: 6908.04 | C21: 314214 | D21: =C21-C20 -> 79 | E21: =C21-152000 -> 162214 | F21: =D21/$D$2 -> 39.838628 | G21: 52.130025 | H21: 0 | I21: =G21+H21 -> 52.130025 | J21: =IF(L21>0,L21,0) -> 23.378603 | K21: =I21+J21 -> 75.508628 | L21: =F21-(I21-W21) -> 23.378603 | M21: 5.97 | N21: 0 | O21: =M21-N21 -> 5.97 | P21: 0 | Q21: 0 | R21: =SUM(O21:Q21) -> 5.97 | T21: 0 | U21: 29.7 | V21: =V20-U21 -> 11356.253 | W21: =R21+T21+N21+U21 -> 35.67 | X21: =IF(L21<0,L21*-1,0) -> 0 | Y21: =W21+X21 -> 35.67 | Z21: 0 | AA21: 68 | AB21: 42 | AC21: =AC20+1 -> 12 | AD21: 572 | AE21: 1182 | AF21: 1683.42
A22: =A21+1 -> 13 | B22: 6908.05 | C22: 314253 | D22: =C22-C21 -> 39 | E22: =C22-152000 -> 162253 | F22: =D22/$D$2 -> 19.667171 | G22: 34.13 | H22: 0 | I22: =G22+H22 -> 34.13 | J22: =IF(L22>0,L22,0) -> 22.507171 | K22: =I22+J22 -> 56.637171 | L22: =F22-(I22-W22) -> 22.507171 | M22: 7.27 | N22: 0 | O22: =M22-N22 -> 7.27 | P22: 0 | Q22: 0 | R22: =SUM(O22:Q22) -> 7.27 | T22: 0 | U22: 29.7 | V22: =V21-U22 -> 11326.553 | W22: =R22+T22+N22+U22 -> 36.97 | X22: =IF(L22<0,L22*-1,0) -> 0 | Y22: =W22+X22 -> 36.97 | Z22: 0 | AA22: 63 | AB22: 38 | AC22: =AC21+1 -> 13 | AD22: 716 | AE22: 1339 | AF22: 1725.1
... A36: =A35+1 -> 27 | B36: 6908.49 | C36: 315992 | D36: =C36-C35 -> 0 | E36: =C36-152000 -> 163992 | F36: =D36/$D$2 -> 0 | G36: 198.83309 | H36: 0 | I36: =G36+H36 -> 198.83309 | J36: =IF(L36>0,L36,0) -> 0 | K36: =I36+J36 -> 198.83309 | L36: =F36-(I36-W36) -> -166.05309 | M36: 3.08 | N36: 0 | O36: =M36-N36 -> 3.08 | P36: 0 | Q36: 0 | R36: =SUM(O36:Q36) -> 3.08 | T36: 0 | U36: 29.7 | V36: =V35-U36 -> 10910.983 | W36: =R36+T36+N36+U36 -> 32.78 | X36: =IF(L36<0,L36*-1,0) -> 166.05309 | Y36: =W36+X36 -> 198.83309 | Z36: 0 | AA36: 67 | AB36: 40 | AC36: =AC35+1 -> 27 | AD36: 4501 | AE36: 3671 | AF36: 2362.83
A37: 28 | B37: 6908.5 | C37: 316031 | D37: =C37-C35 -> 39 | E37: =C37-152000 -> 164031 | F37: =D37/$D$2 -> 19.667171 | G37: 308.76753 | H37: 0 | I37: =G37+H37 -> 308.76753 | J37: =IF(L37>0,L37,0) -> 0 | K37: =I37+J37 -> 308.76753 | L37: =F37-(I37-W37) -> -255.55036 | M37: 3.94 | N37: 0 | O37: =M37-N37 -> 3.94 | P37: 0 | Q37: 0 | R37: =SUM(O37:Q37) -> 3.94 | T37: 0 | U37: 29.61 | V37: =V35-U37 -> 10911.073 | W37: =R37+T37+N37+U37 -> 33.55 | X37: =IF(L37<0,L37*-1,0) -> 255.55036 | Y37: =W37+X37 -> 289.10036 | Z37: 0 | AA37: 78 | AB37: 45 | AC37: =AC35+1 -> 27 | AD37: 4723
A38: 29 | B38: 6908.52 | C38: 316110 | D38: =C38-C36 -> 118 | E38: =C38-152000 -> 164110 | F38: =D38/$D$2 -> 59.505799 | G38: 308.76753 | H38: 0 | I38: =G38+H38 -> 308.76753 | J38: =IF(L38>0,L38,0) -> 0 | K38: =I38+J38 -> 308.76753 | L38: =F38-(I38-W38) -> -215.40173 | M38: 4.4 | N38: 0 | O38: =M38-N38 -> 4.4 | P38: 0 | Q38: 0 | R38: =SUM(O38:Q38) -> 4.4 | T38: 0 | U38: 29.46 | V38: =V36-U38 -> 10881.523 | W38: =R38+T38+N38+U38 -> 33.86 | X38: =IF(L38<0,L38*-1,0) -> 215.40173 | Y38: =W38+X38 -> 249.26173 | Z38: 0 | AA38: 78 | AB38: 45 | AC38: =AC36+1 -> 28 | AD38: 4723 | AE38: 3836 | AF38: 2362.83
AA39: 73
A40: MONTH / CFS | F40: =SUM(F10:F38) -> 1312.1533 | G40: =SUM(G10:G38) -> 3305.9904 | H40: =SUM(H10:H38) -> 0 | I40: =SUM(I10:I38) -> 3305.9904 | J40: =SUM(J10:J38) -> 299.94328 | K40: =SUM(K10:K38) -> 3605.9337 | L40: =SUM(L10:L38) -> -1003.2071 | M40: =SUM(M10:M38) -> 129.77 | ... R40: =SUM(R10:R38) -> 129.77 | T40: =SUM(T10:T38) -> 0 | U40: =SUM(U10:U38) -> 860.86 | W40: =SUM(W10:W38) -> 990.63 | X40: =SUM(X10:X38) -> 1303.1504 | Y40: =SUM(Y10:Y38) -> 2293.7804 | Z40: =SUM(Z10:Z38) -> 0.69 | AA40: =AVERAGE(AA10:AA38) -> 70.655172 | AB40: =AVERAGE(AB10:AB38) -> 39.793103
A41: MONTH / AF | D41: =SUM(D10:D38) -> 2602 | F41: =F40*$D$2 -> 2602 | G41: =G40*$D$2 -> 6555.779 | H41: =H40*$D$2 -> 0 | I41: =I40*$D$2 -> 6555.779 | J41: =J40*$D$2 -> 594.78753 | K41: =K40*$D$2 -> 7150.5666 | L41: =L40*$D$2 -> -1989.3598 | M41: =M40*$D$2 -> 257.33391 | ... R41: =R40*$D$2 -> 257.33391 | T41: =T40*$D$2 -> 0 | U41: =U40*$D$2 -> 1707.0854 | V41: =V40*$D$2 -> 0 | W41: =W40*$D$2 -> 1964.4193 | X41: =X40*$D$2 -> 2584.1473 | Y41: =Y40*$D$2 -> 4548.5666 | AA41: =MAX(AA10:AA38) -> 80 | AB41: =MAX(AB10:AB38) -> 48 | AC41: HI
A43: SEASON / CFS | AA43: =MIN(AA10:AA38) -> 54 | AB43: =MIN(AB10:AB38) -> 30 | AC43: LO
A44: SEASON / AF
A46: YTD / CFS | F46: =F8+F40 -> 1292.9904 | G46: =G8+G40 -> 9016.7401 | H46: =H8+H40 -> 0 | I46: =I8+I40 -> 9016.6401 | J46: =J8+J40 -> 1238.3302 | K46: =K8+K40 -> 10254.97 | L46: =L8+L40 -> -2751.8797 | M46: =M8+M40 -> 908.13 | ... R46: =R8+R40 -> 784.13 | T46: =T8+T40 -> 0 | U46: =U8+U40 -> 4063.64 | V46: =V38 -> 10881.523 | W46: =W8+W40 -> 4971.77 | X46: =X8+X40 -> 3990.2099 | Y46: =Y8+Y40 -> 8961.9799 | Z46: =Z8+Z40 -> 2.36
A47: YTD / AF | D47: =D8+D41 -> 2564 | E47: =E38 -> 164110 | F47: =F46*$D$2 -> 2564 | G47: =G46*$D$2 -> 17880.196 | H47: =H46*$D$2 -> 0 | I47: =I46*$D$2 -> 17879.997 | J47: =J46*$D$2 -> 2455.6087 | K47: =K46*$D$2 -> 20335.606 | L47: =L46*$D$2 -> -5456.9775 | M47: =M46*$D$2 -> 1800.8218 | ... Y47: =Y46*$D$2 -> 17771.606
A49: ="JUN /9" -> JUN /9
B50: 6924.15 | C50: 381833 | E50: =C50-152000 -> 229833
A51: ="5/12/94 thru 6/9/94" -> 5/12/94 thru 6/9/94
B52: =B50-B21 -> 16.11 | D52: =C50-C22 -> 67580

Sheet MAR
K1: MC PHEE RESERVOIR IN/OUT FLOW TABULATION
A2: AF/cfs CONVERT FACTOR | D2: 1.983 | K2: MARCH "96"
A4: DATE | B4: RESERV | C4: RESERV | D4: AC FT | E4: ACTIVE | F4: CONV TO | G4: DOLORES | H4: LOST | I4: RECORDED | J4: CALC | K4: TOTAL | L4: CALC | M4: DOLORES TUNNEL | P4: LONE | Q4: U | R4: TOTAL | S4: MVI | T4: DV CR | U4: BELOW | V4: REMAIN | W4: RECORDED | X4: CALC | Y4: TOTAL | Z4: RAIN | AA4: MAX | AB4: MIN | AC4: DATE
A5: MAR | B5: ELEV | C5: AC FT | D5: CHANGE | E5: CAP | F5: CFS | G5: RIVER | H5: CANYON | I5: INFLOW | J5: INFLOW | K5: INFLOW | L5: INF/OTF | M5: TOT DIV | N5: UTE F&R | O5: MVI,CTZ | P5: PINE | Q5: LATERAL | R5: MVI | S5: CALL | T5: CANAL | U5: MC PHEE | V5: RELEASE | W5: OUTFLOW | X5: OUTFLOW | Y5: OUTFLOW | AA5: TMP | AB5: TMP | AC5: MAR
AD6: 741 | AE6: 742
A7: SEASON BAL
A8: YTD | B8: {=FEB!$B$38:$C$38} -> 6908.52 | C8: 316110 | D8: {=FEB!$D$47:$E$47} -> 2564 | E8: 164110 | F8: {=FEB!$F$46:$Z$46} -> 1292.9904 | G8: 9016.7401 | H8: 0 | I8: 9016.6401 | J8: 1238.3302 | K8: 10254.97 | L8: -2751.8797 | M8: 908.13 | N8: 0 | O8: 415.63 | P8: 0 | Q8: 0 | R8: 784.13 | S8: 0 | T8: 0 | U8: 4063.64 | V8: 10881.523 | W8: 4971.77 | X8: 3990.2099 | Y8: 8961.9799 | Z8: 2.36 | AD8: 285 | AE8: 251 | AF8: 1207.63
A10: 1 | B10: 6908.54 | C10: 316189 | D10: =C10-C8 -> 79 | E10: =C10-152000 -> 164189 | F10: =D10/$D$2 -> 39.838628 | G10: 69.9 | H10: 3.78 | I10: =G10+H10 -> 73.68 | J10: =IF(L10>0,L10,0) -> 0.028628341 | K10: =I10+J10 -> 73.708628 | L10: =F10-(I10-W10) -> 0.028628341 | M10: 4.4 | N10: 0 | O10: =M10-N10 -> 4.4 | P10: 0 | Q10: 0 | R10: =SUM(O10:Q10) -> 4.4 | T10: 0 | U10: 29.47 | V10: =V8-U10 -> 10852.053 | W10: =R10+T10+N10+U10 -> 33.87 | X10: =IF(L10<0,L10*-1,0) -> 0 | Y10: =W10+X10 -> 33.87 | Z10: 0 | AA10: 39 | AB10: 36 | AC10: 1 | AD10: 303 | AE10: 273 | AF10: 1256.86
A11: =A10+1 -> 2 | B11: 6908.55 | C11: 316227 | D11: =C11-C10 -> 38 | E11: =C11-152000 -> 164227 | F11: =D11/$D$2 -> 19.162885 | G11: 49 | H11: 4.22 | I11: =G11+H11 -> 53.22 | J11: =IF(L11>0,L11,0) -> 0 | K11: =I11+J11 -> 53.22 | L11: =F11-(I11-W11) -> -0.017115482 | M11: 4.4 | N11: 0 | O11: =M11-N11 -> 4.4 | P11: 0 | Q11: 0 | R11: =SUM(O11:Q11) -> 4.4 | T11: 0 | U11: 29.64 | V11: =V10-U11 -> 10822.413 | W11: =R11+T11+N11+U11 -> 34.04 | X11: =IF(L11<0,L11*-1,0) -> 0.017115482 | Y11: =W11+X11 -> 34.057115 | Z11: 0 | AA11: 45 | AB11: 34 | AC11: =AC10+1 -> 2 | AD11: 306 | AE11: 300 | AF11: 1306.42
A12: =A11+1 -> 3 | B12: 6908.57 | C12: 316306 | D12: =C12-C11 -> 79 | E12: =C12-152000 -> 164306 | F12: =D12/$D$2 -> 39.838628 | G12: 69.5 | H12: 4.15 | I12: =G12+H12 -> 73.65 | J12: =IF(L12>0,L12,0) -> 0 | K12: =I12+J12 -> 73.65 | L12: =F12-(I12-W12) -> -0.031371659 | M12: 4.4 | N12: 0 | O12: =M12-N12 -> 4.4 | P12: 0 | Q12: 0 | R12: =SUM(O12:Q12) -> 4.4 | T12: 0 | U12: 29.38 | V12: =V11-U12 -> 10793.033 | W12: =R12+T12+N12+U12 -> 33.78 | X12: =IF(L12<0,L12*-1,0) -> 0.031371659 | Y12: =W12+X12 -> 33.811372 | Z12: 0 | AA12: 43 | AB12: 35 | AC12: =AC11+1 -> 3 | AD12: 316 | AE12: 341 | AF12: 1355.74
A13: =A12+1 -> 4 | B13: 6908.59 | C13: 316385 | D13: =C13-C12 -> 79 | E13: =C13-152000 -> 164385 | F13: =D13/$D$2 -> 39.838628 | G13: 128 | H13: 3.15 | I13: =G13+H13 -> 131.15 | J13: =IF(L13>0,L13,0) -> 0.028628341 | K13: =I13+J13 -> 131.17863 | L13: =F13-(I13-W13) -> 0.028628341 | M13: 4.4 | N13: 0 | O13: =M13-N13 -> 4.4 | P13: 57.8 | Q13: 0 | R13: =SUM(O13:Q13) -> 62.2 | T13: 0 | U13: 29.14 | V13: =V12-U13 -> 10763.893 | W13: =R13+T13+N13+U13 -> 91.34 | X13: =IF(L13<0,L13*-1,0) -> 0 | Y13: =W13+X13 -> 91.34 | Z13: 0.12 | AA13: 44 | AB13: 34 | AC13: =AC12+1 -> 4 | AD13: 316 | AE13: 395 | AF13: 1405.31
A14: =A13+1 -> 5 | B14: 6908.52 | C14: 316110 | D14: =C14-C13 -> -275 | E14: =C14-152000 -> 164110 | F14: =D14/$D$2 -> -138.67877 | G14: 9.6 | H14: 3.46 | I14: =G14+H14 -> 13.06 | J14: =IF(L14>0,L14,0) -> 0.021230459 | K14: =I14+J14 -> 13.08123 | L14: =F14-(I14-W14) -> 0.021230459 | M14: 4.4 | N14: 0 | O14: =M14-N14 -> 4.4 | P14: 114.7 | Q14: 0 | R14: =SUM(O14:Q14) -> 119.1 | T14: 0 | U14: 32.66 | V14: =V13-U14 -> 10731.233 | W14: =R14+T14+N14+U14 -> 151.76 | X14: =IF(L14<0,L14*-1,0) -> 0 | Y14: =W14+X14 -> 151.76 | Z14: 0.24 | AA14: 41 | AB14: 34 | AC14: =AC13+1 -> 5 | AD14: 316 | AE14: 466 | AF14: 1437.16
A15: =A14+1 -> 6 | B15: 6908.49 | C15: 315992 | D15: =C15-C14 -> -118 | E15: =C15-152000 -> 163992 | F15: =D15/$D$2 -> -59.505799 | G15: 90.2 | H15: 3.93 | I15: =G15+H15 -> 94.13 | J15: =IF(L15>0,L15,0) -> 0.014200706 | K15: =I15+J15 -> 94.144201 | L15: =F15-(I15-W15) -> 0.014200706 | M15: 4.4 | N15: 0 | O15: =M15-N15 -> 4.4 | P15: 115.02 | Q15: 0 | R15: =SUM(O15:Q15) -> 119.42 | T15: 0 | U15: 34.23 | V15: =V14-U15 -> 10697.003 | W15: =R15+T15+N15+U15 -> 153.65 | X15: =IF(L15<0,L15*-1,0) -> 0 | Y15: =W15+X15 -> 153.65 | Z15: 0 | AA15: 35 | AB15: 33 | AC15: =AC14+1 -> 6 | AD15: 325 | AE15: 538 | AF15: 1467.01
A16: =A15+1 -> 7 | B16: 6908.45 | C16: 315834 | D16: =C16-C15 -> -158 | E16: =C16-152000 -> 163834 | F16: =D16/$D$2 -> -79.677257 | G16: 69.9 | H16: 4.14 | I16: =G16+H16 -> 74.04 | J16: =IF(L16>0,L16,0) -> 0.0027433182 | K16: =I16+J16 -> 74.042743 | L16: =F16-(I16-W16) -> 0.0027433182 | M16: 4.64 | N16: 0 | O16: =M16-N16 -> 4.64 | P16: 114.88 | Q16: 0 | R16: =SUM(O16:Q16) -> 119.52 | T16: 0 | U16: 34.2 | V16: =V15-U16 -> 10662.803 | W16: =R16+T16+N16+U16 -> 153.72 | X16: =IF(L16<0,L16*-1,0) -> 0 | Y16: =W16+X16 -> 153.72 | Z16: 0 | AA16: 41 | AB16: 32 | AC16: =AC15+1 -> 7 | AD16: 342 | AE16: 618 | AF16: 1496.64
A17: =A16+1 -> 8 | B17: 6908.44 | C17: 315793 | D17: =C17-C16 -> -41 | E17: =C17-152000 -> 163793 | F17: =D17/$D$2 -> -20.675744 | G17: 47.73 | H17: 3.92 | I17: =G17+H17 -> 51.65 | J17: =IF(L17>0,L17,0) -> 81.304256 | K17: =I17+J17 -> 132.95426 | L17: =F17-(I17-W17) -> 81.304256 | M17: 4.54 | N17: 0 | O17: =M17-N17 -> 4.54 | P17: 114.89 | Q17: 0 | R17: =SUM(O17:Q17) -> 119.43 | T17: 0 | U17: 34.2 | V17: =V16-U17 -> 10628.603 | W17: =R17+T17+N17+U17 -> 153.63 | X17: =IF(L17<0,L17*-1,0) -> 0 | Y17: =W17+X17 -> 153.63 | Z17: 0 | AA17: 52 | AB17: 15 | AC17: =AC16+1 -> 8 | AD17: 367 | AE17: 704 | AF17: 1526.51
A18: =A17+1 -> 9 | B18: 6908.4 | C18: 315635 | D18: =C18-C17 -> -158 | E18: =C18-152000 -> 163635 | F18: =D18/$D$2 -> -79.677257 | G18: 51.63 | H18: 4.26 | I18: =G18+H18 -> 55.89 | J18: =IF(L18>0,L18,0) -> 18.042743 | K18: =I18+J18 -> 73.932743 | L18: =F18-(I18-W18) -> 18.042743 | M18: 4.4 | N18: 0 | O18: =M18-N18 -> 4.4 | P18: 115.04 | Q18: 0 | R18: =SUM(O18:Q18) -> 119.44 | T18: 0 | U18: 34.17 | V18: =V17-U18 -> 10594.433 | W18: =R18+T18+N18+U18 -> 153.61 | X18: =IF(L18<0,L18*-1,0) -> 0 | Y18: =W18+X18 -> 153.61 | Z18: 0 | AA18: 59 | AB18: 22 | AC18: =AC17+1 -> 9 | AD18: 390 | AE18: 805 | AF18: 1561.24
A19: =A18+1 -> 10 | B19: 6908.36 | C19: 315477 | D19: =C19-C18 -> -158 | E19: =C19-152000 -> 163477 | F19: =D19/$D$2 -> -79.677257 | G19: 61.79 | H19: 4.57 | I19: =G19+H19 -> 66.36 | J19: =IF(L19>0,L19,0) -> 7.5627433 | K19: =I19+J19 -> 73.922743 | L19: =F19-(I19-W19) -> 7.5627433 | M19: 4.4 | N19: 0 | O19: =M19-N19 -> 4.4 | P19: 115.03 | Q19: 0 | R19: =SUM(O19:Q19) -> 119.43 | T19: 0 | U19: 34.17 | V19: =V18-U19 -> 10560.263 | W19: =R19+T19+N19+U19 -> 153.6 | X19: =IF(L19<0,L19*-1,0) -> 0 | Y19: =W19+X19 -> 153.6 | Z19: 0 | AA19: 62 | AB19: 27 | AC19: =AC18+1 -> 10 | AD19: 437 | AE19: 920 | AF19: 1600.39
A20: =A19+1 -> 11 | B20: 6908.35 | C20: 315439 | D20: =C20-C19 -> -38 | E20: =C20-152000 -> 163439 | F20: =D20/$D$2 -> -19.162885 | G20: 70.99 | H20: 4.97 | I20: =G20+H20 -> 75.96 | J20: =IF(L20>0,L20,0) -> 44.317115 | K20: =I20+J20 -> 120.27712 | L20: =F20-(I20-W20) -> 44.317115 | M20: 21.87 | N20: 0 | O20: =M20-N20 -> 21.87 | P20: 83.44 | Q20: 0 | R20: =SUM(O20:Q20) -> 105.31 | T20: 0 | U20: 34.13 | V20: =V19-U20 -> 10526.133 | W20: =R20+T20+N20+U20 -> 139.44 | X20: =IF(L20<0,L20*-1,0) -> 0 | Y20: =W20+X20 -> 139.44 | Z20: 0 | AA20: 53 | AB20: 28 | AC20: =AC19+1 -> 11 | AD20: 498 | AE20: 1048 | AF20: 1642
A21: =A20+1 -> 12 | B21: 6908.42 | C21: 315714 | D21: =C21-C20 -> 275 | E21: =C21-152000 -> 163714 | F21: =D21/$D$2 -> 138.67877 | G21: 84.94 | H21: 5.65 | I21: =G21+H21 -> 90.59 | J21: =IF(L21>0,L21,0) -> 110.55877 | K21: =I21+J21 -> 201.14877 | L21: =F21-(I21-W21) -> 110.55877 | M21: 27.71 | N21: 0 | O21: =M21-N21 -> 27.71 | P21: 0 | Q21: 0 | R21: =SUM(O21:Q21) -> 27.71 | T21: 0 | U21: 34.76 | V21: =V20-U21 -> 10491.373 | W21: =R21+T21+N21+U21 -> 62.47 | X21: =IF(L21<0,L21*-1,0) -> 0 | Y21: =W21+X21 -> 62.47 | Z21: 0 | AA21: 51 | AB21: 40 | AC21: =AC20+1 -> 12 | AD21: 572 | AE21: 1182 | AF21: 1683.42
A22: =A21+1 -> 13 | B22: 6908.44 | C22: 315793 | D22: =C22-C21 -> 79 | E22: =C22-152000 -> 163793 | F22: =D22/$D$2 -> 39.838628 | G22: 84.12 | H22: 5.16 | I22: =G22+H22 -> 89.28 | J22: =IF(L22>0,L22,0) -> 10.338628 | K22: =I22+J22 -> 99.618628 | L22: =F22-(I22-W22) -> 10.338628 | M22: 24.78 | N22: 0 | O22: =M22-N22 -> 24.78 | P22: 0 | Q22: 0 | R22: =SUM(O22:Q22) -> 24.78 | T22: 0 | U22: 35 | V22: =V21-U22 -> 10456.373 | W22: =R22+T22+N22+U22 -> 59.78 | X22: =IF(L22<0,L22*-1,0) -> 0 | Y22: =W22+X22 -> 59.78 | Z22: 0.07 | AA22: 53 | AB22: 29 | AC22: =AC21+1 -> 13 | AD22: 716 | AE22: 1339 | AF22: 1725.1
... A38: =A37+1 -> 29 | B38: 6908.9 | C38: 317610 | D38: =C38-C37 -> -79 | E38: =C38-152000 -> 165610 | F38: =D38/$D$2 -> -39.838628 | G38: 83.86 | H38: 3.19 | I38: =G38+H38 -> 87.05 | J38: =IF(L38>0,L38,0) -> 0 | K38: =I38+J38 -> 87.05 | L38: =F38-(I38-W38) -> -63.068628 | M38: 28.81 | N38: 6.6 | O38: =M38-N38 -> 22.21 | P38: 0 | Q38: 0 | R38: =SUM(O38:Q38) -> 22.21 | T38: 0 | U38: 35.01 | V38: =V37-U38 -> 9897.8433 | W38: =R38+T38+N38+U38 -> 63.82 | X38: =IF(L38<0,L38*-1,0) -> 63.068628 | Y38: =W38+X38 -> 126.88863 | Z38: 0 | AA38: 40 | AB38: 33 | AC38: =AC37+1 -> 29 | AD38: 4963 | AE38: 4000 | AF38: 2362.83
A39: 30 | B39: 6908.99 | C39: 317966 | D39: =C39-C38 -> 356 | E39: =C39-152000 -> 165966 | F39: =D39/$D$2 -> 179.52597 | G39: 78.73 | H39: 2.93 | I39: =G39+H39 -> 81.66 | J39: =IF(L39>0,L39,0) -> 152.19597 | K39: =I39+J39 -> 233.85597 | L39: =F39-(I39-W39) -> 152.19597 | M39: 19.43 | N39: 0 | O39: =M39-N39 -> 19.43 | P39: 0 | Q39: 0 | R39: =SUM(O39:Q39) -> 19.43 | T39: 0 | U39: 34.9 | V39: =V38-U39 -> 9862.9433 | W39: =R39+T39+N39+U39 -> 54.33 | X39: =IF(L39<0,L39*-1,0) -> 0 | Y39: =W39+X39 -> 54.33 | Z39: 0.23 | AA39: 50 | AB39: 30 | AC39: 30 | AD39: 5210 | AE39: 4166 | AF39: 2362.83
A40: 31 | B40: 6909 | C40: 318005 | D40: =C40-C39 -> 39 | E40: =C40-152000 -> 166005 | F40: =D40/$D$2 -> 19.667171 | G40: 83.5 | H40: 2.86 | I40: =G40+H40 -> 86.36 | J40: =IF(L40>0,L40,0) -> 39.057171 | K40: =I40+J40 -> 125.41717 | L40: =F40-(I40-W40) -> 39.057171 | M40: 70.85 | N40: 9.1 | O40: =M40-N40 -> 61.75 | P40: 0 | Q40: 0 | R40: =SUM(O40:Q40) -> 61.75 | T40: 0 | U40: 34.9 | V40: =V39-U40 -> 9828.0433 | W40: =R40+T40+N40+U40 -> 105.75 | X40: =IF(L40<0,L40*-1,0) -> 0 | Y40: =W40+X40 -> 105.75 | Z40: 0 | AA40: 55 | AB40: 19 | AC40: 31 | AD40: 5455 | AE40: 4334 | AF40: 2403.37
AA41: 73 | AB41: 23
A42: MONTH / CFS | F42: =SUM(F10:F40) -> 955.62279 | G42: =SUM(G10:G40) -> 2296.87 | H42: =SUM(H10:H40) -> 122.26 | I42: =SUM(I10:I40) -> 2419.13 | J42: =SUM(J10:J40) -> 1162.4699 | K42: =SUM(K10:K40) -> 3581.5999 | L42: =SUM(L10:L40) -> 967.89279 | M42: =SUM(M10:M40) -> 543.67 | ... R42: =SUM(R10:R40) -> 1318.22 | T42: =SUM(T10:T40) -> 0 | U42: =SUM(U10:U40) -> 1053.48 | W42: =SUM(W10:W40) -> 2431.4 | X42: =SUM(X10:X40) -> 194.57712 | Y42: =SUM(Y10:Y40) -> 2625.9771 | Z42: =SUM(Z10:Z40) -> 0.97 | AA42: =AVERAGE(AA10:AA40) -> 52.16129 | AB42: =AVERAGE(AB10:AB40) -> 30.193548
A43: MONTH / AF | D43: =SUM(D10:D40) -> 1895 | F43: =F42*$D$2 -> 1895 | G43: =G42*$D$2 -> 4554.6932 | H43: =H42*$D$2 -> 242.44158 | I43: =I42*$D$2 -> 4797.1348 | J43: =J42*$D$2 -> 2305.1778 | K43: =K42*$D$2 -> 7102.3126 | L43: =L42*$D$2 -> 1919.3314 | M43: =M42*$D$2 -> 1078.0976 | ... R43: =R42*$D$2 -> 2614.0303 | T43: =T42*$D$2 -> 0 | U43: =U42*$D$2 -> 2089.0508 | W43: =W42*$D$2 -> 4821.4662 | X43: =X42*$D$2 -> 385.84642 | Y43: =Y42*$D$2 -> 5207.3126 | AA43: =MAX(AA10:AA40) -> 67 | AB43: =MAX(AB10:AB40) -> 40 | AC43: HI
A45: SEASON / CFS | AA45: =MIN(AA10:AA40) -> 35 | AB45: =MIN(AB10:AB40) -> 15 | AC45: LO
A46: SEASON / AF
A48: YTD / CFS | F48: =F8+F42 -> 2248.6132 | G48: =G8+G42 -> 11313.61 | H48: =H8+H42 -> 122.26 | I48: =I8+I42 -> 11435.77 | J48: =J8+J42 -> 2400.8001 | K48: =K8+K42 -> 13836.57 | L48: =L8+L42 -> -1783.9869 | M48: =M8+M42 -> 1451.8 | ... R48: =R8+R42 -> 2102.35 | T48: =T8+T42 -> 0 | U48: =U8+U42 -> 5117.12 | V48: =V29 -> 10211.903 | W48: =W8+W42 -> 7403.17 | X48: =X8+X42 -> 4184.787 | Y48: =Y8+Y42 -> 11587.957 | Z48: =Z8+Z42 -> 3.33
A49: YTD / AF | D49: =D8+D43 -> 4459 | E49: =E40 -> 166005 | F49: =F48*$D$2 -> 4459 | G49: =G48*$D$2 -> 22434.889 | H49: =H48*$D$2 -> 242.44158 | I49: =I48*$D$2 -> 22677.132 | J49: =J48*$D$2 -> 4760.7865 | K49: =K48*$D$2 -> 27437.919 | L49: =L48*$D$2 -> -3537.646 | M49: =M48*$D$2 -> 2878.9194 | ... Y49: =Y48*$D$2 -> 22978.919
A51: ="APR /16" -> APR /16
B52: 6910.43 | C52: 323712 | E52: =C52-152000 -> 171712
A53: ="3/14/96 thru 4/16/96" -> 3/14/96 thru 4/16/96
B54: =B52-B23 -> 1.96 | D54: =C52-C23 -> 7799

Sheet APR
K1: MC PHEE RESERVOIR IN/OUT FLOW TABULATION
A2: AF/cfs CONVERT FACTOR | D2: 1.9835 | K2: APRIL "96"
Y3: 5
A4: DATE | B4: RESERV | C4: RESERV | D4: AC FT | E4: ACTIVE | F4: CONV TO | G4: DOLORES | H4: LOST | I4: RECORDED | J4: CALC | K4: TOTAL | L4: CALC | M4: DOLORES TUNNEL | P4: MVI | Q4: U | R4: TOTAL | S4: MVI | T4: DV CR | U4: BELOW | V4: REMAIN | W4: RECORDED | X4: CALC | Y4: TOTAL | Z4: RAIN | AA4: MAX | AB4: MIN | AC4: DATE
A5: "APR" | B5: ELEV | C5: AC FT | D5: CHANGE | E5: CAP | F5: CFS | G5: RIVER | H5: CANYON | I5: INFLOW | J5: INFLOW | K5: INFLOW | L5: INF/OTF | M5: TOT DIV | N5: UTE F&R | O5: MVI/CTZ/MWC | P5: DIVER | Q5: LATERAL | R5: MVI | S5: CALL | T5: CANAL | U5: MC PHEE | V5: RELEASE | W5: OUTFLOW | X5: OUTFLOW | Y5: OUTFLOW | AA5: TMP | AB5: TMP | AC5: "APR"
V6: =25400+3900+3900+220+3300 -> 36720
A7: SEASON BAL
A8: YTD | B8: {=MAR!$B$40:$C$40} -> 6909 | C8: 318005 | D8: {=MAR!$D$49:$E$49} -> 4459 | E8: 166005 | F8: {=MAR!$F$48:$U$48} -> 2248.6132 | G8: 11313.61 | H8: 122.26 | I8: 11435.77 | J8: 2400.8001 | K8: 13836.57 | L8: -1783.9869 | M8: 1451.8 | N8: 59.7 | O8: 899.6 | P8: 834.25 | Q8: 0 | R8: 2102.35 | S8: 0 | T8: 0 | U8: 5117.12 | V8: =V6/D2 -> 18512.73 | W8: {=MAR!$W$48:$Z$48} -> 7403.17 | X8: 4184.787 | Y8: 11587.957 | Z8: 3.33 | AD8: 13149 | AE8: 17902
A10: 1 | B10: 6909.05 | C10: 318204 | D10: =C10-C8 -> 199 | E10: =C10-152000 -> 166204 | F10: =D10/$D$2 -> 100.3277 | G10: 103.47 | H10: 2.76 | I10: =G10+H10 -> 106.23 | J10: =IF(L10>0,L10,0) -> 67.937704 | K10: =I10+J10 -> 174.1677 | L10: =F10-(I10-W10) -> 67.937704 | M10: 38.95 | N10: =25/$D$2 -> 12.603983 | O10: =M10-N10 -> 26.346017 | P10: 0 | Q10: 0 | R10: =SUM(O10:Q10) -> 26.346017 | T10: 0 | U10: 34.89 | V10: =V8-U10 -> 18477.84 | W10: =N10+R10+T10+U10 -> 73.84 | X10: =IF(L10<0,L10*-1,0) -> 0 | Y10: =W10+X10 -> 73.84 | Z10: 0 | AA10: 68 | AB10: 33 | AC10: 1 | AD10: 13243 | AF10: 7883 | AG10: 0
A11: =A10+1 -> 2 | B11: 6909.19 | C11: 318762 | D11: =C11-C10 -> 558 | E11: =C11-152000 -> 166762 | F11: =D11/$D$2 -> 281.3209 | G11: 140.23 | H11: 2.96 | I11: =G11+H11 -> 143.19 | J11: =IF(L11>0,L11,0) -> 208.4809 | K11: =I11+J11 -> 351.6709 | L11: =F11-(I11-W11) -> 208.4809 | M11: 32.42 | N11: =35/$D$2 -> 17.645576 | O11: =M11-N11 -> 14.774424 | P11: 0 | Q11: 0 | R11: =SUM(O11:Q11) -> 14.774424 | T11: 0 | U11: 37.93 | V11: =V10-U11 -> 18439.91 | W11: =N11+R11+T11+U11 -> 70.35 | X11: =IF(L11<0,L11*-1,0) -> 0 | Y11: =W11+X11 -> 70.35 | Z11: 0.08 | AA11: 63 | AB11: 36 | AC11: =AC10+1 -> 2 | AD11: 13333 | AE11: 62 | AG11: 0
A12: =A11+1 -> 3 | B12: 6909.23 | C12: 318921 | D12: =C12-C11 -> 159 | E12: =C12-152000 -> 166921 | F12: =D12/$D$2 -> 80.161331 | G12: 169.14 | H12: 3.09 | I12: =G12+H12 -> 172.23 | J12: =IF(L12>0,L12,0) -> 0 | K12: =I12+J12 -> 172.23 | L12: =F12-(I12-W12) -> -2.898669 | M12: 45.54 | N12: =60/$D$2 -> 30.249559 | O12: =M12-N12 -> 15.290441 | P12: 0 | Q12: 0 | R12: =SUM(O12:Q12) -> 15.290441 | T12: 0 | U12: 43.63 | V12: =V11-U12 -> 18396.28 | W12: =N12+R12+T12+U12 -> 89.17 | X12: =IF(L12<0,L12*-1,0) -> 2.898669 | Y12: =W12+X12 -> 92.068669 | Z12: 0 | AA12: 54 | AB12: 33 | AC12: =AC11+1 -> 3 | AD12: 13456 | AE12: 159 | AG12: 0
A13: =A12+1 -> 4 | B13: 6909.33 | C13: 319319 | D13: =C13-C12 -> 398 | E13: =C13-152000 -> 167319 | F13: =D13/$D$2 -> 200.65541 | G13: 161.5 | H13: 2.7 | I13: =G13+H13 -> 164.2 | J13: =IF(L13>0,L13,0) -> 127.47541 | K13: =I13+J13 -> 291.67541 | L13: =F13-(I13-W13) -> 127.47541 | M13: 46.5 | N13: =65/$D$2 -> 32.770355 | O13: =M13-N13 -> 13.729645 | P13: 0 | Q13: 0 | R13: =SUM(O13:Q13) -> 13.729645 | T13: 0 | U13: 44.52 | V13: =V12-U13 -> 18351.76 | W13: =N13+R13+T13+U13 -> 91.02 | X13: =IF(L13<0,L13*-1,0) -> 0 | Y13: =W13+X13 -> 91.02 | Z13: 0 | AA13: 51 | AB13: 33 | AC13: =AC12+1 -> 4 | AD13: 13563 | AE13: 263 | AG13: 13
A14: =A13+1 -> 5 | B14: 6909.35 | C14: 319399 | D14: =C14-C13 -> 80 | E14: =C14-152000 -> 167399 | F14: =D14/$D$2 -> 40.332745 | G14: 147 | H14: 2.99 | I14: =G14+H14 -> 149.99 | J14: =IF(L14>0,L14,0) -> 0 | K14: =I14+J14 -> 149.99 | L14: =F14-(I14-W14) -> -4.3272549 | M14: 60.77 | N14: =84/$D$2 -> 42.349382 | O14: =M14-N14 -> 18.420618 | P14: 0 | Q14: 0 | R14: =SUM(O14:Q14) -> 18.420618 | T14: 0 | U14: 44.56 | V14: =V13-U14 -> 18307.2 | W14: =N14+R14+T15+U14 -> 105.33 | X14: =IF(L14<0,L14*-1,0) -> 4.3272549 | Y14: =W14+X14 -> 109.65725 | Z14: 0.09 | AA14: 55 | AB14: 28 | AC14: =AC13+1 -> 5 | AD14: 13678 | AE14: 367 | AG14: 13
A15: =A14+1 -> 6 | B15: 6909.4 | C15: 319598 | D15: =C15-C14 -> 199 | E15: =C15-152000 -> 167598 | F15: =D15/$D$2 -> 100.3277 | G15: 147.47 | H15: 3.43 | I15: =G15+H15 -> 150.9 | J15: =IF(L15>0,L15,0) -> 71.467704 | K15: =I15+J15 -> 222.3677 | L15: =F15-(I15-W15) -> 71.467704 | M15: 77.6 | N15: =108/$D$2 -> 54.449206 | O15: =M15-N15 -> 23.150794 | P15: 0 | Q15: 0 | R15: =SUM(O15:Q15) -> 23.150794 | T15: 0 | U15: 44.44 | V15: =V14-U15 -> 18262.76 | W15: =N15+R15+T16+U15 -> 122.04 | X15: =IF(L15<0,L15*-1,0) -> 0 | Y15: =W15+X15 -> 122.04 | Z15: 0 | AA15: 62 | AB15: 28 | AC15: =AC14+1 -> 6 | AD15: 13812 | AE15: 469 | AG15: 15
A16: =A15+1 -> 7 | B16: 6909.43 | C16: 319717 | D16: =C16-C15 -> 119 | E16: =C16-152000 -> 167717 | F16: =D16/$D$2 -> 59.994958 | G16: 174.48 | H16: 3.54 | I16: =G16+H16 -> 178.02 | J16: =IF(L16>0,L16,0) -> 46.072216 | K16: =I16+J16 -> 224.09222 | L16: =F16-(I16-W16) -> 46.072216 | M16: 102.94 | N16: =121/$D$2 -> 61.003277 | O16: =M16-N16 -> 41.936723 | P16: 0 | Q16: 0 | R16: =SUM(O16:Q16) -> 41.936723 | T16: 0 | U16: 44.52 | V16: =V15-U16 -> 18218.24 | W16: =N16+R16+T17+U16 -> 164.09726 | X16: =IF(L16<0,L16*-1,0) -> 0 | Y16: =W16+X16 -> 164.09726 | Z16: 0 | AA16: 65 | AB16: 33 | AC16: =AC15+1 -> 7 | AD16: 13968 | AE16: 587 | AG16: 15
A17: =A16+1 -> 8 | B17: 6909.52 | C17: 320076 | D17: =C17-C16 -> 359 | E17: =C17-152000 -> 168076 | F17: =D17/$D$2 -> 180.99319 | G17: 220.56 | H17: 3.97 | I17: =G17+H17 -> 224.53 | J17: =IF(L17>0,L17,0) -> 132.71373 | K17: =I17+J17 -> 357.24373 | L17: =F17-(I17-W17) -> 132.71373 | M17: 108.28 | N17: =129/$D$2 -> 65.036552 | O17: =M17-N17 -> 43.243448 | P17: 0 | Q17: 2.7 | R17: =SUM(O17:Q17) -> 45.943448 | T17: =33/$D$2 -> 16.637257 | U17: 44.6 | V17: =V16-U17 -> 18173.64 | W17: =N17+R17+T18+U17 -> 176.25053 | X17: =IF(L17<0,L17*-1,0) -> 0 | Y17: =W17+X17 -> 176.25053 | Z17: 0 | AA17: 72 | AB17: 42 | AC17: =AC16+1 -> 8 | AD17: 14117 | AE17: 707 | AG17: 15
A18: =A17+1 -> 9 | B18: 6909.67 | C18: 320673 | D18: =C18-C17 -> 597 | E18: =C18-152000 -> 168673 | F18: =D18/$D$2 -> 300.98311 | G18: 314.76 | H18: 10.74 | I18: =G18+H18 -> 325.5 | J18: =IF(L18>0,L18,0) -> 165.66364 | K18: =I18+J18 -> 491.16364 | L18: =F18-(I18-W18) -> 165.66364 | M18: 109.96 | N18: =123/$D$2 -> 62.011596 | O18: =M18-N18 -> 47.948404 | P18: 0 | Q18: 15.1 | R18: =SUM(O18:Q18) -> 63.048404 | T18: =41/$D$2 -> 20.670532 | U18: 44.45 | V18: =V17-U18 -> 18129.19 | W18: =N18+R18+T18+U18 -> 190.18053 | X18: =IF(L18<0,L18*-1,0) -> 0 | Y18: =W18+X18 -> 190.18053 | Z18: 0 | AA18: 76 | AB18: 40 | AC18: =AC17+1 -> 9 | AD18: 14264 | AE18: 826 | AG18: 24
A19: =A18+1 -> 10 | B19: 6909.82 | C19: 321270 | D19: =C19-C18 -> 597 | E19: =C19-152000 -> 169270 | F19: =D19/$D$2 -> 300.98311 | G19: 380.63 | H19: 17.94 | I19: =G19+H19 -> 398.57 | J19: =IF(L19>0,L19,0) -> 104.69435 | K19: =I19+J19 -> 503.26435 | L19: =F19-(I19-W19) -> 104.69435 | M19: 114.46 | N19: =120/$D$2 -> 60.499118 | O19: =M19-N19 -> 53.960882 | P19: 0 | Q19: =68.1-54 -> 14.1 | R19: =SUM(O19:Q19) -> 68.060882 | T19: =58/$D$2 -> 29.24124 | U19: 44.48 | V19: =V18-U19 -> 18084.71 | W19: =N19+R19+T19+U19 -> 202.28124 | X19: =IF(L19<0,L19*-1,0) -> 0 | Y19: =W19+X19 -> 202.28124 | Z19: 0.02 | AA19: 68 | AB19: 41 | AC19: =AC18+1 -> 10 | AD19: 14413 | AE19: 964 | AG19: 23
A20: =A19+1 -> 11 | B20: 6909.98 | C20: 321907 | D20: =C20-C19 -> 637 | E20: =C20-152000 -> 169907 | F20: =D20/$D$2 -> 321.14948 | G20: 389.75 | H20: 11.21 | I20: =G20+H20 -> 400.96 | J20: =IF(L20>0,L20,0) -> 133.66639 | K20: =I20+J20 -> 534.62639 | L20: =F20-(I20-W20) -> 133.66639 | M20: 111.79 | N20: =119/$D$2 -> 59.994958 | O20: =M20-N20 -> 51.795042 | P20: 0 | Q20: =68.1-51.8 -> 16.3 | R20: =SUM(O20:Q20) -> 68.095042 | T20: =81/$D$2 -> 40.836904 | U20: 44.55 | V20: =V19-U20 -> 18040.16 | W20: =N20+R20+T20+U20 -> 213.4769 | X20: =IF(L20<0,L20*-1,0) -> 0 | Y20: =W20+X20 -> 213.4769 | Z20: 0 | AA20: 54 | AB20: 35 | AC20: =AC19+1 -> 11 | AD20: 14571 | AE20: 1065 | AG20: 23
A21: =A20+1 -> 12 | B21: 6910.1 | C21: 322388 | D21: =C21-C20 -> 481 | E21: =C21-152000 -> 170388 | F21: =D21/$D$2 -> 242.50063 | G21: 332.13 | H21: 9.96 | I21: =G21+H21 -> 342.09 | J21: =IF(L21>0,L21,0) -> 111.29178 | K21: =I21+J21 -> 453.38178 | L21: =F21-(I21-W21) -> 111.29178 | M21: 111.91 | N21: =117/$D$2 -> 58.98664 | O21: =M21-N21 -> 52.92336 | P21: 0 | Q21: =72.1-52.9 -> 19.2 | R21: =SUM(O21:Q21) -> 72.12336 | T21: =70/$D$2 -> 35.291152 | U21: 44.48 | V21: =V20-U21 -> 17995.68 | W21: =N21+R21+T21+U21 -> 210.88115 | X21: =IF(L21<0,L21*-1,0) -> 0 | Y21: =W21+X21 -> 210.88115 | Z21: 0.15 | AA21: 54 | AB21: 31 | AC21: =AC20+1 -> 12 | AD21: 14696 | AE21: 1185 | AG21: 23
A22: =A21+1 -> 13 | B22: 6910.3 | C22: 323190 | D22: =C22-C21 -> 802 | E22: =C22-152000 -> 171190 | F22: =D22/$D$2 -> 404.33577 | G22: 338.37 | H22: 9.7 | I22: =G22+H22 -> 348.07 | J22: =IF(L22>0,L22,0) -> 244.01143 | K22: =I22+J22 -> 592.08143 | L22: =F22-(I22-W22) -> 244.01143 | M22: 110.13 | N22: =103/$D$2 -> 51.928409 | O22: =M22-N22 -> 58.201591 | P22: 0 | Q22: =79.7-58.2 -> 21.5 | R22: =SUM(O22:Q22) -> 79.701591 | T22: =23/$D$2 -> 11.595664 | U22: 44.52 | V22: =V21-U22 -> 17951.16 | W22: =N22+R22+T22+U22 -> 187.74566 | X22: =IF(L22<0,L22*-1,0) -> 0 | Y22: =W22+X22 -> 187.74566 | Z22: 0 | AA22: 41 | AB22: 27 | AC22: =AC21+1 -> 13 | AD22: 14771 | AE22: 1299 | AG22: 28
A23: =A22+1 -> 14 | B23: 6910.38 | C23: 323511 | D23: =C23-C22 -> 321 | E23: =C23-152000 -> 171511 | F23: =D23/$D$2 -> 161.83514 | G23: 279.88 | H23: 5.6 | I23: =G23+H23 -> 285.48 | J23: =IF(L23>0,L23,0) -> 54.877353 | K23: =I23+J23 -> 340.35735 | L23: =F23-(I23-W23) -> 54.877353 | M23: 93.05 | N23: =100/$D$2 -> 50.415931 | O23: =M23-N23 -> 42.634069 | P23: 0 | Q23: =64-42.6 -> 21.4 | R23: =SUM(O23:Q23) -> 64.034069 | T23: =39/$D$2 -> 19.662213 | U23: 44.41 | V23: =V22-U23 -> 17906.75 | W23: =N23+R23+T23+U23 -> 178.52221 | X23: =IF(L23<0,L23*-1,0) -> 0 | Y23: =W23+X23 -> 178.52221 | Z23: 0 | AA23: 48 | AB23: 26 | AC23: =AC22+1 -> 14 | AD23: 14842 | AE23: 1407 | AG23: 29
A24: =A23+1 -> 15 | B24: 6910.47 | C24: 323873 | D24: =C24-C23 -> 362 | E24: =C24-152000 -> 171873 | F24: =D24/$D$2 -> 182.50567 | G24: 257.64 | H24: 5.07 | I24: =G24+H24 -> 262.71 | J24: =IF(L24>0,L24,0) -> 64.768946 | K24: =I24+J24 -> 327.47895 | L24: =F24-(I24-W24) -> 64.768946 | M24: 72.14 | N24: =56/$D$2 -> 28.232922 | O24: =M24-N24 -> 43.907078 | P24: 0 | Q24: =68.1-43.9 -> 24.2 | R24: =SUM(O24:Q24) -> 68.107078 | T24: =8/$D$2 -> 4.0332745 | U24: 44.6 | V24: =V23-U24 -> 17862.15 | W24: =N24+R24+T24+U24 -> 144.97327 | X24: =IF(L24<0,L24*-1,0) -> 0 | Y24: =W24+X24 -> 144.97327 | Z24: 0 | AA24: 62 | AB24: 25 | AC24: =AC23+1 -> 15 | AD24: 14927 | AE24: 1516 | AG24: 28
A25: =A24+1 -> 16 | B25: 6910.58 | C25: 324314 | D25: =C25-C24 -> 441 | E25: =C25-152000 -> 172314 | F25: =D25/$D$2 -> 222.33426 | G25: 289.53 | H25: 4.95 | I25: =G25+H25 -> 294.48 | J25: =IF(L25>0,L25,0) -> 103.82824 | K25: =I25+J25 -> 398.30824 | L25: =F25-(I25-W25) -> 103.82824 | M25: 91.5 | N25: =54/$D$2 -> 27.224603 | O25: =M25-N25 -> 64.275397 | P25: 0 | Q25: =91.8-64.3 -> 27.5 | R25: =SUM(O25:Q25) -> 91.775397 | T25: =25/$D$2 -> 12.603983 | U25: 44.37 | V25: =V24-U25 -> 17817.78 | W25: =N25+R25+T25+U25 -> 175.97398 | X25: =IF(L25<0,L25*-1,0) -> 0 | Y25: =W25+X25 -> 175.97398 | Z25: 0 | AA25: 68 | AB25: 32 | AC25: =AC24+1 -> 16 | AD25: 15009 | AE25: 1615 | AG25: 28
A26: =A25+1 -> 17 | B26: 6910.67 | C26: 324675 | D26: =C26-C25 -> 361 | E26: =C26-152000 -> 172675 | F26: =D26/$D$2 -> 182.00151 | G26: 294.5 | H26: 5.62 | I26: =G26+H26 -> 300.12 | J26: =IF(L26>0,L26,0) -> 110.88523 | K26: =I26+J26 -> 411.00523 | L26: =F26-(I26-W26) -> 110.88523 | M26: 121.99 | N26: =69/$D$2 -> 34.786993 | O26: =M26-N26 -> 87.203007 | P26: 0 | Q26: =119-87.2 -> 31.8 | R26: =SUM(O26:Q26) -> 119.00301 | T26: =61/$D$2 -> 30.753718 | U26: 44.46 | V26: =V25-U26 -> 17773.32 | W26: =N26+R26+T26+U26 -> 229.00372 | X26: =IF(L26<0,L26*-1,0) -> 0 | Y26: =W26+X26 -> 229.00372 | Z26: 0 | AA26: 59 | AB26: 38 | AC26: =AC25+1 -> 17 | AD26: 15112 | AE26: 1714 | AG26: 12
A27: =A26+1 -> 18 | B27: 6910.8 | C27: 325197 | D27: =C27-C26 -> 522 | E27: =C27-152000 -> 173197 | F27: =D27/$D$2 -> 263.17116 | G27: 268.07 | H27: 4.85 | I27: =G27+H27 -> 272.92 | J27: =IF(L27>0,L27,0) -> 221.34745 | K27: =I27+J27 -> 494.26745 | L27: =F27-(I27-W27) -> 221.34745 | M27: 126.12 | N27: =71/$D$2 -> 35.795311 | O27: =M27-N27 -> 90.324689 | P27: 0 | Q27: =124.5-90.3 -> 34.2 | R27: =SUM(O27:Q27) -> 124.52469 | T27: =52/$D$2 -> 26.216284 | U27: 44.56 | V27: =V26-U27 -> 17728.76 | W27: =N27+R27+T27+U27 -> 231.09628 | X27: =IF(L27<0,L27*-1,0) -> 0 | Y27: =W27+X27 -> 231.09628 | Z27: 0.02 | AA27: 54 | AB27: 33 | AC27: =AC26+1 -> 18 | AD27: 15213 | AE27: 1812 | AG27: 11
A28: =A27+1 -> 19 | B28: 6910.8 | C28: 325197 | D28: =C28-C27 -> 0 | E28: =C28-152000 -> 173197 | F28: =D28/$D$2 -> 0 | G28: 252.64 | H28: 4.18 | I28: =G28+H28 -> 256.82 | J28: =IF(L28>0,L28,0) -> 0 | K28: =I28+J28 -> 256.82 | L28: =F28-(I28-W28) -> -4.86 | M28: 140.48 | N28: =68/$D$2 -> 34.282833 | O28: =M28-N28 -> 106.19717 | P28: 0 | Q28: 37 | R28: =SUM(O28:Q28) -> 143.19717 | T28: 29.96 | U28: 44.52 | V28: =V27-U28 -> 17684.24 | W28: =N28+R28+T28+U28 -> 251.96 | X28: =IF(L28<0,L28*-1,0) -> 4.86 | Y28: =W28+X28 -> 256.82 | Z28: 0 | AA28: 48 | AB28: 23 | AC28: =AC27+1 -> 19 | AD28: 15295 | AE28: 1909 | AG28: 26
A29: =A28+1 -> 20 | B29: 6910.8 | C29: 325197 | D29: =C29-C28 -> 0 | E29: =C29-152000 -> 173197 | F29: =D29/$D$2 -> 0 | G29: 246.74 | H29: 3.87 | I29: =G29+H29 -> 250.61 | J29: =IF(L29>0,L29,0) -> 0 | K29: =I29+J29 -> 250.61 | L29: =F29-(I29-W29) -> -10.71 | M29: 143.24 | N29: =76/$D$2 -> 38.316108 | O29: =M29-N29 -> 104.92389 | P29: 0 | Q29: 35.58 | R29: =SUM(O29:Q29) -> 140.50389 | T29: 16.56 | U29: 44.52 | V29: =V28-U29 -> 17639.72 | W29: =N29+R29+T29+U29 -> 239.9 | X29: =IF(L29<0,L29*-1,0) -> 10.71 | Y29: =W29+X29 -> 250.61 | Z29: 0 | AA29: 50 | AB29: 30 | AC29: =AC28+1 -> 20 | AD29: 15367 | AE29: 2006 | AG29: 28
A30: =A29+1 -> 21 | B30: 6910.85 | C30: 325397 | D30: =C30-C29 -> 200 | E30: =C30-152000 -> 173397 | F30: =D30/$D$2 -> 100.83186 | G30: 226.2 | H30: 3.55 | I30: =G30+H30 -> 229.75 | J30: =IF(L30>0,L30,0) -> 135.26186 | K30: =I30+J30 -> 365.01186 | L30: =F30-(I30-W30) -> 135.26186 | M30: 145.59 | N30: =72/$D$2 -> 36.299471 | O30: =M30-N30 -> 109.29053 | P30: 0 | Q30: 40.76 | R30: =SUM(O30:Q30) -> 150.05053 | T30: 33.27 | U30: 44.56 | V30: =V29-U30 -> 17595.16 | W30: =N30+R30+T30+U30 -> 264.18 | X30: =IF(L30<0,L30*-1,0) -> 0 | Y30: =W30+X30 -> 264.18 | Z30: 0 | AA30: 52 | AB30: 27 | AC30: =AC29+1 -> 21 | AD30: 15445 | AE30: 2106 | AF30: 273.4 | AG30: 29
A31: =A30+1 -> 22 | B31: 6910.83 | C31: 325317 | D31: =C31-C30 -> -80 | E31: =C31-152000 -> 173317 | F31: =D31/$D$2 -> -40.332745 | G31: 225.84 | H31: 3.15 | I31: =G31+H31 -> 228.99 | J31: =IF(L31>0,L31,0) -> 41.637255 | K31: =I31+J31 -> 270.62725 | L31: =F31-(I31-W31) -> 41.637255 | M31: 158.15 | N31: =71/$D$2 -> 35.795311 | O31: =M31-N31 -> 122.35469 | P31: 32.1 | Q31: 42.64 | R31: =SUM(O31:Q31) -> 197.09469 | T31: 33.62 | U31: 44.45 | V31: =V30-U31 -> 17550.71 | W31: =N31+R31+T31+U31 -> 310.96 | X31: =IF(L31<0,L31*-1,0) -> 0 | Y31: =W31+X31 -> 310.96 | Z31: 0 | AA31: 57 | AB31: 25 | AC31: =AC30+1 -> 22 | AD31: 15524 | AE31: 2203 | AF31: 249.63 | AG31: 28
A32: =A31+1 -> 23 | B32: 6910.8 | C32: 325197 | D32: =C32-C31 -> -120 | E32: =C32-152000 -> 173197 | F32: =D32/$D$2 -> -60.499118 | G32: 259.32 | H32: 2.98 | I32: =G32+H32 -> 262.3 | J32: =IF(L32>0,L32,0) -> 65.47761 | K32: =I32+J32 -> 327.77761 | L32: =F32-(I32-W32) -> 65.47761 | M32: 174.01 | N32: =74/$D$2 -> 37.307789 | O32: =M32-N32 -> 136.70221 | P32: 70.31 | Q32: 46.42 | R32: =SUM(O32:Q32) -> 253.43221 | T32: =105/$D$2 -> 52.936728 | U32: 44.6 | V32: =V31-U32 -> 17506.11 | W32: =N32+R32+T32+U32 -> 388.27673 | X32: =IF(L32<0,L32*-1,0) -> 0 | Y32: =W32+X32 -> 388.27673 | Z32: 0 | AA32: 68 | AB32: 33 | AC32: =AC31+1 -> 23 | AD32: 15607 | AE32: 2299 | AF32: 243.94 | AG32: 31
A33: =A32+1 -> 24 | B33: 6910.9 | C33: 325598 | D33: =C33-C32 -> 401 | E33: =C33-152000 -> 173598 | F33: =D33/$D$2 -> 202.16789 | G33: 399.64 | H33: 15.36 | I33: =G33+H33 -> 415 | J33: =IF(L33>0,L33,0) -> 215.28789 | K33: =I33+J33 -> 630.28789 | L33: =F33-(I33-W33) -> 215.28789 | M33: 191.32 | N33: =(20.47+20.25)*1.05 -> 42.756 | O33: =M33-N33 -> 148.564 | P33: 77.25 | Q33: 50.28 | R33: =SUM(O33:Q33) -> 276.094 | T33: 64.79 | U33: 44.48 | V33: =V32-U33 -> 17461.63 | W33: =N33+R33+T33+U33 -> 428.12 | X33: =IF(L33<0,L33*-1,0) -> 0 | Y33: =W33+X33 -> 428.12 | Z33: 0 | AA33: 67 | AB33: 39 | AC33: =AC32+1 -> 24 | AD33: 15666 | AE33: 2395 | AF33: 243.15 | AG33: 31
A34: =A33+1 -> 25 | B34: 6911.25 | C34: 327010 | D34: =C34-C33 -> 1412 | E34: =C34-152000 -> 175010 | F34: =D34/$D$2 -> 711.87295 | G34: 645.32 | H34: 44.26 | I34: =G34+H34 -> 689.58 | J34: =IF(L34>0,L34,0) -> 503.49295 | K34: =I34+J34 -> 1193.073 | L34: =F34-(I34-W34) -> 503.49295 | M34: 215.4 | N34: =(20.97+20.25)*1.05 -> 43.281 | O34: =M34-N34 -> 172.119 | P34: 90.2 | Q34: 49.69 | R34: =SUM(O34:Q34) -> 312.009 | T34: 81.47 | U34: 44.44 | V34: =V33-U34 -> 17417.19 | W34: =N34+R34+T34+U34 -> 481.2 | X34: =IF(L34<0,L34*-1,0) -> 0 | Y34: =W34+X34 -> 481.2 | Z34: 0 | AA34: 64 | AB34: 40 | AC34: =AC33+1 -> 25 | AD34: 15726 | AE34: 2491 | AF34: 242.11 | AG34: 31
A35: =A34+1 -> 26 | B35: 6911.4 | C35: 327617 | D35: =C35-C34 -> 607 | E35: =C35-152000 -> 175617 | F35: =D35/$D$2 -> 306.0247 | G35: 887.04 | H35: 72.59 | I35: =G35+H35 -> 959.63 | J35: =IF(L35>0,L35,0) -> 0 | K35: =I35+J35 -> 959.63 | L35: =F35-(I35-W35) -> -139.2853 | M35: 214.41 | N35: =(21.2+22.16)*1.05 -> 45.528 | O35: =M35-N35 -> 168.882 | P35: 97.68 | Q35: 56.31 | R35: =SUM(O35:Q35) -> 322.872 | T35: 101.36 | U35: 44.56 | V35: =V34-U35 -> 17372.63 | W35: =N35+R35+T35+U35 -> 514.32 | X35: =IF(L35<0,L35*-1,0) -> 139.2853 | Y35: =W35+X35 -> 653.6053 | Z35: 0 | AA35: 72 | AB35: 34 | AC35: =AC34+1 -> 26 | AD35: 15781 | AE35: 2589 | AF35: 244.72 | AG35: 27
A36: =A35+1 -> 27 | B36: 6911.88 | C36: 329559 | D36: =C36-C35 -> 1942 | E36: =C36-152000 -> 177559 | F36: =D36/$D$2 -> 979.07739 | G36: 1004.5 | H36: 76.95 | I36: =G36+H36 -> 1081.45 | J36: =IF(L36>0,L36,0) -> 458.47739 | K36: =I36+J36 -> 1539.9274 | L36: =F36-(I36-W36) -> 458.47739 | M36: 234.7 | N36: =(26.98+27.21)*1.05 -> 56.8995 | O36: =M36-N36 -> 177.8005 | P36: 109.31 | Q36: 63.28 | R36: =SUM(O36:Q36) -> 350.3905 | T36: 109 | U36: 44.56 | V36: =V35-U36 -> 17328.07 | W36: =N36+R36+T36+U36 -> 560.85 | X36: =IF(L36<0,L36*-1,0) -> 0 | Y36: =W36+X36 -> 560.85 | Z36: 0 | AA36: 72 | AB36: 42 | AC36: =AC35+1 -> 27 | AD36: 15841 | AE36: 2686 | AF36: 252.4 | AG36: 0
A37: =A36+1 -> 28 | B37: 6912.26 | C37: 331104 | D37: =C37-C36 -> 1545 | E37: =C37-152000 -> 179104 | F37: =D37/$D$2 -> 778.92614 | G37: 1077.02 | H37: 81.82 | I37: =G37+H37 -> 1158.84 | J37: =IF(L37>0,L37,0) -> 155.81614 | K37: =I37+J37 -> 1314.6561 | L37: =F37-(I37-W37) -> 155.81614 | M37: 245.01 | N37: =(31.67+32.01)*1.05 -> 66.864 | O37: =M37-N37 -> 178.146 | P37: 118.15 | Q37: 68.12 | R37: =SUM(O37:Q37) -> 364.416 | T37: 59.82 | U37: 44.63 | V37: =V36-U37 -> 17283.44 | W37: =N37+R37+T37+U37 -> 535.73 | X37: =IF(L37<0,L37*-1,0) -> 0 | Y37: =W37+X37 -> 535.73 | Z37: 0 | AA37: 46 | AB37: 28 | AC37: =AC36+1 -> 28 | AD37: 804 | AE37: 2779 | AF37: 254.14 | AG37: 0
A38: =A37+1 -> 29 | B38: 6912.5 | C38: 332083 | D38: =C38-C37 -> 979 | E38: =C38-152000 -> 180083 | F38: =D38/$D$2 -> 493.57197 | G38: 716.03 | H38: 23.8 | I38: =G38+H38 -> 739.83 | J38: =IF(L38>0,L38,0) -> 276.52197 | K38: =I38+J38 -> 1016.352 | L38: =F38-(I38-W38) -> 276.52197 | M38: 220.53 | N38: =(30.02+29.81)*1.05 -> 62.8215 | O38: =M38-N38 -> 157.7085 | P38: 118.4 | Q38: 70.69 | R38: =SUM(O38:Q38) -> 346.7985 | T38: 68.56 | U38: 44.6 | V38: =V37-U38 -> 17238.84 | W38: =N38+R38+T38+U38 -> 522.78 | X38: =IF(L38<0,L38*-1,0) -> 0 | Y38: =W38+X38 -> 522.78 | Z38: 0 | AA38: 58 | AB38: 21 | AC38: =AC37+1 -> 29 | AD38: 862 | AE38: 2872 | AF38: 256.51 | AG38: 21
A39: 30 | B39: 6912.63 | C39: 332694 | D39: =C39-C38 -> 611 | E39: =C39-152000 -> 180694 | F39: =D39/$D$2 -> 308.04134 | G39: 640.53 | H39: 8.09 | I39: =G39+H39 -> 648.62 | J39: =IF(L39>0,L39,0) -> 238.22134 | K39: =I39+J39 -> 886.84134 | L39: =F39-(I39-W39) -> 238.22134 | M39: 229.55 | N39: =(28.8+28.69)*1.05 -> 60.3645 | O39: =M39-N39 -> 169.1855 | P39: 117.86 | Q39: 70.57 | R39: =SUM(O39:Q39) -> 357.6155 | T39: 116.22 | U39: 44.6 | V39: =V38-U39 -> 17194.24 | W39: =N39+R39+T39+U39 -> 578.8 | X39: =IF(L39<0,L39*-1,0) -> 0 | Y39: =W39+X39 -> 578.8 | Z39: 0 | AA39: 67 | AB39: 32 | AC39: 30 | AD39: 927 | AE39: 2965 | AF39: 248.45 | AG39: 24
AA40: 73
A41: MONTH / CFS | F41: =SUM(F10:F39) -> 7405.5962 | G41: =SUM(G10:G39) -> 10989.93 | H41: =SUM(H10:H39) -> 451.68 | I41: =SUM(I10:I39) -> 11441.61 | J41: =SUM(J10:J39) -> 4059.3769 | K41: =SUM(K10:K39) -> 15500.987 | L41: =SUM(L10:L39) -> 3897.2957 | M41: =SUM(M10:M39) -> 3888.44 | ... R41: =SUM(R10:R39) -> 4232.5396 | T41: =SUM(T10:T39) -> 1015.109 | U41: =SUM(U10:U39) -> 1318.49 | W41: =SUM(W10:W39) -> 7933.3095 | X41: =SUM(X10:X39) -> 162.08122 | Y41: =SUM(Y10:Y39) -> 8095.3907 | Z41: =SUM(Z10:Z39) -> 0.36 | AA41: =AVERAGE(AA10:AA39) -> 59.833333 | AB41: =AVERAGE(AB10:AB39) -> 32.266667
A42: MONTH / AF | D42: =SUM(D10:D39) -> 14689 | F42: =F41*$D$2 -> 14689 | G42: =G41*$D$2 -> 21798.526 | H42: =H41*$D$2 -> 895.90728 | I42: =I41*$D$2 -> 22694.433 | J42: =J41*$D$2 -> 8051.774 | K42: =K41*$D$2 -> 30746.207 | L42: =L41*$D$2 -> 7730.2859 | M42: =M41*$D$2 -> 7712.7207 | ... R42: =R41*$D$2 -> 8395.2423 | T42: =T41*$D$2 -> 2013.4686 | U42: =U41*$D$2 -> 2615.2249 | W42: =W41*$D$2 -> 15735.719 | X42: =X41*$D$2 -> 321.4881 | Y42: =Y41*$D$2 -> 16057.207 | AA42: =MAX(AA10:AA39) -> 76 | AB42: =MAX(AB10:AB39) -> 42 | AC42: HI
A44: SEASON / CFS | F44: =F7+F41 -> 7405.5962 | G44: =G7+G41 -> 10989.93 | H44: =H7+H41 -> 451.68 | I44: =I7+I41 -> 11441.61 | J44: =J7+J41 -> 4059.3769 | K44: =K7+K41 -> 15500.987 | L44: =L7+L41 -> 3897.2957 | M44: =M7+M41 -> 3888.44 | ... R44: =R7+R41 -> 4232.5396 | S44: =S39 -> 0 | T44: =T7+T41 -> 1015.109 | U44: =U7+U41 -> 1318.49 | V44: 0 | W44: =W7+W41 -> 7933.3095 | X44: =X7+X41 -> 162.08122 | Y44: =Y7+Y41 -> 8095.3907 | AA44: =MIN(AA10:AA39) -> 41 | AB44: =MIN(AB10:AB39) -> 21 | AC44: LO
A45: SEASON / AF | D45: =D7+D42 -> 14689 | F45: =F44*$D$2 -> 14689 | G45: =G44*$D$2 -> 21798.526 | H45: =H44*$D$2 -> 895.90728 | I45: =I44*$D$2 -> 22694.433 | J45: =J44*$D$2 -> 8051.774 | K45: =K44*$D$2 -> 30746.207 | L45: =L44*$D$2 -> 7730.2859 | M45: =M44*$D$2 -> 7712.7207 | ... U45: =U44*$D$2 -> 2615.2249 | V45: 0 | W45: =W44*$D$2 -> 15735.719 | X45: =X44*$D$2 -> 321.4881 | Y45: =Y44*$D$2 -> 16057.207
A47: YTD / CFS | F47: =F8+F41 -> 9654.2094 | G47: =G8+G41 -> 22303.54 | H47: =H8+H41 -> 573.94 | I47: =I8+I41 -> 22877.38 | J47: =J8+J41 -> 6460.1769 | K47: =K8+K41 -> 29337.557 | L47: =L8+L41 -> 2113.3087 | M47: =M8+M41 -> 5340.24 | ... R47: =R8+R41 -> 6334.8896 | T47: =T8+T41 -> 1015.109 | U47: =U8+U41 -> 6435.61 | V47: =V39 -> 17194.24 | W47: =W8+W41 -> 15336.479 | X47: =X8+X41 -> 4346.8682 | Y47: =Y8+Y41 -> 19683.348 | Z47: =Z8+Z41 -> 3.69
A48: YTD / AF | D48: =D8+D42 -> 19148 | E48: =E39 -> 180694 | F48: =F47*$D$2 -> 19149.124 | G48: =G47*$D$2 -> 44239.072 | H48: =H47*$D$2 -> 1138.41 | I48: =I47*$D$2 -> 45377.283 | J48: =J47*$D$2 -> 12813.761 | K48: =K47*$D$2 -> 58191.044 | L48: =L47*$D$2 -> 4191.7479 | M48: =M47*$D$2 -> 10592.366 | ... Y48: =Y47*$D$2 -> 39041.92
A50: ="4/16/96 thru 5/9/96" -> 4/16/96 thru 5/9/96
B51: 6915.95 | C51: 346380 | E51: =C51-152000 -> 194380
B53: =B51-B25 -> 5.37 | D53: =C51-C25 -> 22066

Sheet MAY
K1: MC PHEE RESERVOIR IN/OUT FLOW TABULATION
A2: AF/cfs CONVERT FACTOR | D2: 1.983 | K2: MAY "96"
A4: DATE | B4: RESERV | C4: RESERV | D4: AC FT | E4: ACTIVE | F4: CONV TO | G4: DOLORES | H4: LOST | I4: RECORDED | J4: CALC | K4: TOTAL | L4: CALC | M4: DOLORES TUNNEL | P4: LONE | Q4: U | R4: TOTAL | S4: MVI | T4: DV CR | U4: BELOW | V4: REMAIN | W4: RECORDED | X4: CALC | Y4: TOTAL | Z4: RAIN | AA4: MAX | AB4: MIN | AC4: DATE
A5: "MAY" | B5: ELEV | C5: AC FT | D5: CHANGE | E5: CAP | F5: CFS | G5: RIVER | H5: CANYON | I5: INFLOW | J5: INFLOW | K5: INFLOW | L5: INF/OTF | M5: TOT DIV | N5: UTE F&R | O5: MVI,CTZ | P5: PINE | Q5: LATERAL | R5: MVI | S5: CALL | T5: CANAL | U5: MC PHEE | V5: RELEASE | W5: OUTFLOW | X5: OUTFLOW | Y5: OUTFLOW | AA5: TMP | AB5: TMP | AC5: "MAY"
AD6: 741 | AE6: 742
A7: SEASON BAL | F7: {=APR!$F$44:$Y$44} -> 7405.5962 | G7: 10989.93 | H7: 451.68 | I7: 11441.61 | J7: 4059.3769 | K7: 15500.987 | L7: 3897.2957 | M7: 3888.44 | N7: 1346.5004 | O7: 2541.9396 | P7: 831.26 | Q7: 859.34 | R7: 4232.5396 | S7: 0 | T7: 1015.109 | U7: 1318.49 | V7: 0 | W7: 7933.3095 | X7: 162.08122 | Y7: 8095.3907
A8: YTD | B8: {=APR!$B$39:$C$39} -> 6912.63 | C8: 332694 | D8: {=APR!$D$48:$E$48} -> 19148 | E8: 180694 | F8: {=APR!$F$47:$Z$47} -> 9654.2094 | G8: 22303.54 | H8: 573.94 | I8: 22877.38 | J8: 6460.1769 | K8: 29337.557 | L8: 2113.3087 | M8: 5340.24 | N8: 1406.2004 | O8: 3441.5396 | P8: 1665.51 | Q8: 859.34 | R8: 6334.8896 | S8: 0 | T8: 1015.109 | U8: 6435.61 | V8: 17194.24 | W8: 15336.479 | X8: 4346.8682 | Y8: 19683.348 | Z8: 3.69 | AD8: 285 | AE8: 251 | AF8: 1207.63
A10: 1 | B10: 6912.74 | C10: 333061 | D10: =C10-C8 -> 367 | E10: =C10-152000 -> 181061 | F10: =D10/$D$2 -> 185.07312 | G10: 809.28 | H10: 14.61 | I10: =G10+H10 -> 823.89 | J10: =IF(L10>0,L10) -> 32.573122 | K10: =I10+J10 -> 856.46312 | L10: =F10-(I10-W10) -> 32.573122 | M10: 261.97 | N10: =(28.75+28.65)*1.05 -> 60.27 | O10: =M10-N10 -> 201.7 | P10: 129.85 | Q10: 71.93 | R10: =SUM(O10:Q10) -> 403.48 | T10: 160.28 | U10: 47.36 | V10: =V8-U10 -> 17146.88 | W10: =R10+T10+N10+U10 -> 671.39 | X10: =IF(L10<0,L10*-1,0) -> 0 | Y10: =W10+X10 -> 671.39 | Z10: 0 | AA10: 68 | AB10: 40 | AC10: 1 | AD10: 303 | AE10: 273 | AF10: 1256.86
A11: =A10+1 -> 2 | B11: 6913.11 | C11: 334573 | D11: =C11-C10 -> 1512 | E11: =C11-152000 -> 182573 | F11: =D11/$D$2 -> 762.48109 | G11: 967.22 | H11: 26.4 | I11: =G11+H11 -> 993.62 | J11: =IF(L11>0,L11,0) -> 475.79109 | K11: =I11+J11 -> 1469.4111 | L11: =F11-(I11-W11) -> 475.79109 | M11: 260.06 | N11: =(28.74+28.61)*1.05 -> 60.2175 | O11: =M11-N11 -> 199.8425 | P11: 138.18 | Q11: 76.02 | R11: =SUM(O11:Q11) -> 414.0425 | T11: 178.88 | U11: 53.79 | V11: =V10-U11 -> 17093.09 | W11: =R11+T11+N11+U11 -> 706.93 | X11: =IF(L11<0,L11*-1,0) -> 0 | Y11: =W11+X11 -> 706.93 | Z11: 0 | AA11: 73 | AB11: 38 | AC11: =AC10+1 -> 2 | AD11: 306 | AE11: 300 | AF11: 1306.42
A12: =A11+1 -> 3 | B12: 6913.45 | C12: 335970 | D12: =C12-C11 -> 1397 | E12: =C12-152000 -> 183970 | F12: =D12/$D$2 -> 704.48815 | G12: 1061.27 | H12: 31.53 | I12: =G12+H12 -> 1092.8 | J12: =IF(L12>0,L12,0) -> 344.43815 | K12: =I12+J12 -> 1437.2381 | L12: =F12-(I12-W12) -> 344.43815 | M12: 266.23 | N12: =(28.78+27.52)*1.05 -> 59.115 | O12: =M12-N12 -> 207.115 | P12: 138.2 | Q12: 80.11 | R12: =SUM(O12:Q12) -> 425.425 | T12: 193.75 | U12: 54.46 | V12: =V11-U12 -> 17038.63 | W12: =R12+T12+N12+U12 -> 732.75 | X12: =IF(L12<0,L12*-1,0) -> 0 | Y12: =W12+X12 -> 732.75 | Z12: 0 | AA12: 74 | AB12: 39 | AC12: =AC11+1 -> 3 | AD12: 316 | AE12: 341 | AF12: 1355.74
A13: =A12+1 -> 4 | B13: 6913.8 | C13: 337409 | D13: =C13-C12 -> 1439 | E13: =C13-152000 -> 185409 | F13: =D13/$D$2 -> 725.66818 | G13: 1166.33 | H13: 32.38 | I13: =G13+H13 -> 1198.71 | J13: =IF(L13>0,L13,0) -> 282.48818 | K13: =I13+J13 -> 1481.1982 | L13: =F13-(I13-W13) -> 282.48818 | M13: 272.03 | N13: =(23.68+23.54)*1.05 -> 49.581 | O13: =M13-N13 -> 222.449 | P13: 138.26 | Q13: 82.76 | R13: =SUM(O13:Q13) -> 443.469 | T13: 207.3 | U13: 55.18 | V13: =V12-U13 -> 16983.45 | W13: =R13+T13+N13+U13 -> 755.53 | X13: =IF(L13<0,L13*-1,0) -> 0 | Y13: =W13+X13 -> 755.53 | Z13: 0 | AA13: 76 | AB13: 38 | AC13: =AC12+1 -> 4 | AD13: 316 | AE13: 395 | AF13: 1405.31
A14: =A13+1 -> 5 | B14: 6914.33 | C14: 339597 | D14: =C14-C13 -> 2188 | E14: =C14-152000 -> 187597 | F14: =D14/$D$2 -> 1103.3787 | G14: 1298.38 | H14: 33.47 | I14: =G14+H14 -> 1331.85 | J14: =IF(L14>0,L14,0) -> 509.40872 | K14: =I14+J14 -> 1841.2587 | L14: =F14-(I14-W14) -> 509.40872 | M14: 262.24 | N14: =(22.4+22.7)*1.05 -> 47.355 | O14: =M14-N14 -> 214.885 | P14: 138.76 | Q14: 82.94 | R14: =SUM(O14:Q14) -> 436.585 | T14: 198.92 | U14: 55.02 | V14: =V13-U14 -> 16928.43 | W14: =R14+T14+N14+U14 -> 737.88 | X14: =IF(L14<0,L14*-1,0) -> 0 | Y14: =W14+X14 -> 737.88 | Z14: 0 | AA14: 78 | AB14: 40 | AC14: =AC13+1 -> 5 | AD14: 316 | AE14: 466 | AF14: 1437.16
A15: =A14+1 -> 6 | B15: 6914.86 | C15: 341792 | D15: =C15-C14 -> 2195 | E15: =C15-152000 -> 189792 | F15: =D15/$D$2 -> 1106.9087 | G15: 1523.73 | H15: 30.04 | I15: =G15+H15 -> 1553.77 | J15: =IF(L15>0,L15,0) -> 333.79872 | K15: =I15+J15 -> 1887.5687 | L15: =F15-(I15-W15) -> 333.79872 | M15: 276.35 | N15: =(24.69+24.77)*1.05 -> 51.933 | O15: =M15-N15 -> 224.417 | P15: 147.28 | Q15: 84.09 | R15: =SUM(O15:Q15) -> 455.787 | T15: 218.74 | U15: 54.2 | V15: =V14-U15 -> 16874.23 | W15: =R15+T15+N15+U15 -> 780.66 | X15: =IF(L15<0,L15*-1,0) -> 0 | Y15: =W15+X15 -> 780.66 | Z15: 0 | AA15: 77 | AB15: 40 | AC15: =AC14+1 -> 6 | AD15: 325 | AE15: 538 | AF15: 1467.01
A16: =A15+1 -> 7 | B16: 6915.31 | C16: 343666 | D16: =C16-C15 -> 1874 | E16: =C16-152000 -> 191666 | F16: =D16/$D$2 -> 945.03278 | G16: 1552.79 | H16: 15.51 | I16: =G16+H16 -> 1568.3 | J16: =IF(L16>0,L16,0) -> 219.19278 | K16: =I16+J16 -> 1787.4928 | L16: =F16-(I16-W16) -> 219.19278 | M16: 305.19 | N16: =(30.57+30.05)*1.05 -> 63.651 | O16: =M16-N16 -> 241.539 | P16: 174.47 | Q16: 88.89 | R16: =SUM(O16:Q16) -> 504.899 | T16: 219.71 | U16: 54.2 | V16: =V15-U16 -> 16820.03 | W16: =R16+T16+N16+U16 -> 842.46 | X16: =IF(L16<0,L16*-1,0) -> 0 | Y16: =W16+X16 -> 842.46 | Z16: 0 | AA16: 79 | AB16: 40 | AC16: =AC15+1 -> 7 | AD16: 342 | AE16: 618 | AF16: 1496.64
A17: =A16+1 -> 8 | B17: 6915.79 | C17: 345670 | D17: =C17-C16 -> 2004 | E17: =C17-152000 -> 193670 | F17: =D17/$D$2 -> 1010.59 | G17: 1801.17 | H17: 11.54 | I17: =G17+H17 -> 1812.71 | J17: =IF(L17>0,L17,0) -> 22.210015 | K17: =I17+J17 -> 1834.92 | L17: =F17-(I17-W17) -> 22.210015 | M17: 296.4 | N17: =(29.48+29.69)*1.05 -> 62.1285 | O17: =M17-N17 -> 234.2715 | P17: 174.98 | Q17: 91.76 | R17: =SUM(O17:Q17) -> 501.0115 | T17: 206.99 | U17: 54.2 | V17: =V16-U17 -> 16765.83 | W17: =R17+T17+N17+U17 -> 824.33 | X17: =IF(L17<0,L17*-1,0) -> 0 | Y17: =W17+X17 -> 824.33 | Z17: 0 | AA17: 78 | AB17: 40 | AC17: =AC16+1 -> 8 | AD17: 367 | AE17: 704 | AF17: 1526.51
A18: =A17+1 -> 9 | B18: 6916.26 | C18: 347640 | D18: =C18-C17 -> 1970 | E18: =C18-152000 -> 195640 | F18: =D18/$D$2 -> 993.44428 | G18: 1939.93 | H18: 9.22 | I18: =G18+H18 -> 1949.15 | J18: =IF(L18>0,L18,0) -> 0 | K18: =I18+J18 -> 1949.15 | L18: =F18-(I18-W18) -> -97.515724 | M18: 296.89 | N18: =(24.6+26.72)*1.05 -> 53.886 | O18: =M18-N18 -> 243.004 | P18: 174.9 | Q18: 90.92 | R18: =SUM(O18:Q18) -> 508.824 | T18: 241.28 | U18: 54.2 | V18: =V17-U18 -> 16711.63 | W18: =R18+T18+N18+U18 -> 858.19 | X18: =IF(L18<0,L18*-1,0) -> 97.515724 | Y18: =W18+X18 -> 955.70572 | Z18: 0 | AA18: 73 | AB18: 43 | AC18: =AC17+1 -> 9 | AD18: 390 | AE18: 805 | AF18: 1561.24
A19: =A18+1 -> 10 | B19: 6916.57 | C19: 348945 | D19: =C19-C18 -> 1305 | E19: =C19-152000 -> 196945 | F19: =D19/$D$2 -> 658.0938 | G19: 1683.23 | H19: 5.15 | I19: =G19+H19 -> 1688.38 | J19: =IF(L19>0,L19,0) -> 0 | K19: =I19+J19 -> 1688.38 | L19: =F19-(I19-W19) -> -160.1362 | M19: 302.93 | N19: =(26.07+28.41)*1.05 -> 57.204 | O19: =M19-N19 -> 245.726 | P19: 175.26 | Q19: 91.02 | R19: =SUM(O19:Q19) -> 512.006 | T19: 246.74 | U19: 54.2 | V19: =V18-U19 -> 16657.43 | W19: =R19+T19+N19+U19 -> 870.15 | X19: =IF(L19<0,L19*-1,0) -> 160.1362 | Y19: =W19+X19 -> 1030.2862 | Z19: 0 | AA19: 74 | AB19: 40 | AC19: =AC18+1 -> 10 | AD19: 437 | AE19: 920 | AF19: 1600.39
A20: =A19+1 -> 11 | B20: 6916.99 | C20: 350712 | D20: =C20-C19 -> 1767 | E20: =C20-152000 -> 198712 | F20: =D20/$D$2 -> 891.07413 | G20: 1746.68 | H20: 4.2 | I20: =G20+H20 -> 1750.88 | J20: =IF(L20>0,L20,0) -> 26.69413 | K20: =I20+J20 -> 1777.5741 | L20: =F20-(I20-W20) -> 26.69413 | M20: 307.36 | N20: =(25.47+24.86)*1.05 -> 52.8465 | O20: =M20-N20 -> 254.5135 | P20: 189.48 | Q20: 91.38 | R20: =SUM(O20:Q20) -> 535.3735 | T20: 244.08 | U20: 54.2 | V20: =V19-U20 -> 16603.23 | W20: =R20+T20+N20+U20 -> 886.5 | X20: =IF(L20<0,L20*-1,0) -> 0 | Y20: =W20+X20 -> 886.5 | Z20: 0 | AA20: 82 | AB20: 45 | AC20: =AC19+1 -> 11 | AD20: 498 | AE20: 1048 | AF20: 1642
A21: =A20+1 -> 12 | B21: 6917.46 | C21: 352704 | D21: =C21-C20 -> 1992 | E21: =C21-152000 -> 200704 | F21: =D21/$D$2 -> 1004.5386 | G21: 1976.06 | H21: 3.65 | I21: =G21+H21 -> 1979.71 | J21: =IF(L21>0,L21,0) -> 0 | K21: =I21+J21 -> 1979.71 | L21: =F21-(I21-W21) -> -99.071422 | M21: 301.5 | N21: =(23.7+23.32)*1.05 -> 49.371 | O21: =M21-N21 -> 252.129 | P21: 198.7 | Q21: 90.72 | R21: =SUM(O21:Q21) -> 541.549 | T21: 230.98 | U21: 54.2 | V21: =V20-U21 -> 16549.03 | W21: =R21+T21+N21+U21 -> 876.1 | X21: =IF(L21<0,L21*-1,0) -> 99.071422 | Y21: =W21+X21 -> 975.17142 | Z21: 0 | AA21: 86 | AB21: 50 | AC21: =AC20+1 -> 12 | AD21: 572 | AE21: 1182 | AF21: 1683.42
A22: =A21+1 -> 13 | B22: 6917.96 | C22: 354824 | D22: =C22-C21 -> 2120 | E22: =C22-152000 -> 202824 | F22: =D22/$D$2 -> 1069.0872 | G22: 2088.94 | H22: 3.33 | I22: =G22+H22 -> 2092.27 | J22: =IF(L22>0,L22,0) -> 0 | K22: =I22+J22 -> 2092.27 | L22: =F22-(I22-W22) -> -145.41276 | M22: 278.63 | N22: =(21.29+21.3)*1.05 -> 44.7195 | O22: =M22-N22 -> 233.9105 | P22: 198.48 | Q22: 88.84 | R22: =SUM(O22:Q22) -> 521.2305 | T22: 257.62 | U22: 54.2 | V22: =V21-U22 -> 16494.83 | W22: =R22+T22+N22+U22 -> 877.77 | X22: =IF(L22<0,L22*-1,0) -> 145.41276 | Y22: =W22+X22 -> 1023.1828 | Z22: 0 | AA22: 84 | AB22: 46 | AC22: =AC21+1 -> 13 | AD22: 716 | AE22: 1339 | AF22: 1725.1
A23: =A22+1 -> 14 | B23: 6918.46 | C23: 356959 | D23: =C23-C22 -> 2135 | E23: =C23-152000 -> 204959 | F23: =D23/$D$2 -> 1076.6515 | G23: 2067.3 | H23: 3.68 | I23: =G23+H23 -> 2070.98 | J23: =IF(L23>0,L23,0) -> 0 | K23: =I23+J23 -> 2070.98 | L23: =F23-(I23-W23) -> -90.968462 | M23: 304.06 | N23: =(20.18+19.21)*1.05 -> 41.3595 | O23: =M23-N23 -> 262.7005 | P23: 199.35 | Q23: 87.28 | R23: =SUM(O23:Q23) -> 549.3305 | T23: 258.43 | U23: 54.24 | V23: =V22-U23 -> 16440.59 | W23: =R23+T23+N23+U23 -> 903.36 | X23: =IF(L23<0,L23*-1,0) -> 90.968462 | Y23: =W23+X23 -> 994.32846 | Z23: 0 | AA23: 83 | AB23: 48 | AC23: =AC22+1 -> 14 | AD23: 901 | AE23: 1500 | AF23: 1766.22
A24: =A23+1 -> 15 | B24: 6918.95 | C24: 359053 | D24: =C24-C23 -> 2094 | E24: =C24-152000 -> 207053 | F24: =D24/$D$2 -> 1055.9758 | G24: 2051.39 | H24: 2.9 | I24: =G24+H24 -> 2054.29 | J24: =IF(L24>0,L24,0) -> 0 | K24: =I24+J24 -> 2054.29 | L24: =F24-(I24-W24) -> -80.004206 | M24: 300.57 | N24: =(22.02+21.75)*1.05 -> 45.9585 | O24: =M24-N24 -> 254.6115 | P24: 199.65 | Q24: 86.84 | R24: =SUM(O24:Q24) -> 541.1015 | T24: 276.82 | U24: 54.43 | V24: =V23-U24 -> 16386.16 | W24: =R24+T24+N24+U24 -> 918.31 | X24: =IF(L24<0,L24*-1,0) -> 80.004206 | Y24: =W24+X24 -> 998.31421 | Z24: 0 | AA24: 82 | AB24: 47 | AC24: =AC23+1 -> 15 | AD24: 1075 | AE24: 1662 | AF24: 1807.54
A25: =A24+1 -> 16 | B25: 6919.45 | C25: 361205 | D25: =C25-C24 -> 2152 | E25: =C25-152000 -> 209205 | F25: =D25/$D$2 -> 1085.2244 | G25: 2049.22 | H25: 2.27 | I25: =G25+H25 -> 2051.49 | J25: =IF(L25>0,L25,0) -> 0 | K25: =I25+J25 -> 2051.49 | L25: =F25-(I25-W25) -> -46.445593 | M25: 298.17 | N25: =(21.88+21.8)*1.05 -> 45.864 | O25: =M25-N25 -> 252.306 | P25: 200.41 | Q25: 87.78 | R25: =SUM(O25:Q25) -> 540.496 | T25: 278.63 | U25: 54.83 | V25: =V24-U25 -> 16331.33 | W25: =R25+T25+N25+U25 -> 919.82 | X25: =IF(L25<0,L25*-1,0) -> 46.445593 | Y25: =W25+X25 -> 966.26559 | Z25: 0 | AA25: 80 | AB25: 46 | AC25: =AC24+1 -> 16 | AD25: 1313 | AE25: 1828 | AF25: 1858.73
A26: =A25+1 -> 17 | B26: 6920.02 | C26: 363660 | D26: =C26-C25 -> 2455 | E26: =C26-152000 -> 211660 | F26: =D26/$D$2 -> 1238.0232 | G26: 2029.55 | H26: 1.72 | I26: =G26+H26 -> 2031.27 | J26: =IF(L26>0,L26,0) -> 109.9532 | K26: =I26+J26 -> 2141.2232 | L26: =F26-(I26-W26) -> 109.9532 | M26: 306.44 | N26: =(20.52+19.68)*1.05 -> 42.21 | O26: =M26-N26 -> 264.23 | P26: 200.93 | Q26: 88.85 | R26: =SUM(O26:Q26) -> 554.01 | T26: 251.88 | U26: 55.1 | V26: =V25-U26 -> 16276.23 | W26: =R26+T26+N26+U26 -> 903.2 | X26: =IF(L26<0,L26*-1,0) -> 0 | Y26: =W26+X26 -> 903.2 | Z26: 0 | AA26: 77 | AB26: 45 | AC26: =AC25+1 -> 17 | AD26: 1559 | AE26: 1968 | AF26: 1921.09
A27: =A26+1 -> 18 | B27: 6920.42 | C27: 365397 | D27: =C27-C26 -> 1737 | E27: =C27-152000 -> 213397 | F27: =D27/$D$2 -> 875.94554 | G27: 1884.93 | H27: 1.57 | I27: =G27+H27 -> 1886.5 | J27: =IF(L27>0,L27,0) -> 0 | K27: =I27+J27 -> 1886.5 | L27: =F27-(I27-W27) -> -85.794463 | M27: 316.74 | N27: =(25.45+23.71)*1.05 -> 51.618 | O27: =M27-N27 -> 265.122 | P27: 200.08 | Q27: 88.39 | R27: =SUM(O27:Q27) -> 553.592 | T27: 264.41 | U27: 55.14 | V27: =V26-U27 -> 16221.09 | W27: =R27+T27+N27+U27 -> 924.76 | X27: =IF(L27<0,L27*-1,0) -> 85.794463 | Y27: =W27+X27 -> 1010.5545 | Z27: 0 | AA27: 81 | AB27: 46 | AC27: =AC26+1 -> 18 | AD27: 1867 | AE27: 2133 | AF27: 1990.83
A28: =A27+1 -> 19 | B28: 6920.8 | C28: 367046 | D28: =C28-C27 -> 1649 | E28: =C28-152000 -> 215046 | F28: =D28/$D$2 -> 831.56833 | G28: 1769.42 | H28: 1.31 | I28: =G28+H28 -> 1770.73 | J28: =IF(L28>0,L28,0) -> 0 | K28: =I28+J28 -> 1770.73 | L28: =F28-(I28-W28) -> -14.571669 | M28: 329.01 | N28: =(28.22+27.91)*1.05 -> 58.9365 | O28: =M28-N28 -> 270.0735 | P28: 201.02 | Q28: 87.51 | R28: =SUM(O28:Q28) -> 558.6035 | T28: 251.91 | U28: 55.14 | V28: =V27-U28 -> 16165.95 | W28: =R28+T28+N28+U28 -> 924.59 | X28: =IF(L28<0,L28*-1,0) -> 14.571669 | Y28: =W28+X28 -> 939.16167 | Z28: 0 | AA28: 80 | AB28: 57 | AC28: =AC27+1 -> 19 | AD28: 2157 | AE28: 2304 | AF28: 2064.09
A29: =A28+1 -> 20 | B29: 6921.05 | C29: 368134 | D29: =C29-C28 -> 1088 | E29: =C29-152000 -> 216134 | F29: =D29/$D$2 -> 548.66364 | G29: 1701.69 | H29: 1.12 | I29: =G29+H29 -> 1702.81 | J29: =IF(L29>0,L29,0) -> 0 | K29: =I29+J29 -> 1702.81 | L29: =F29-(I29-W29) -> -55.286359 | M29: 361.1 | N29: =(22.9+23.26)*1.05 -> 48.468 | O29: =M29-N29 -> 312.632 | P29: 337.13 | Q29: 86.17 | R29: =SUM(O29:Q29) -> 735.932 | T29: 259.28 | U29: 55.18 | V29: =V28-U29 -> 16110.77 | W29: =R29+T29+N29+U29 -> 1098.86 | X29: =IF(L29<0,L29*-1,0) -> 55.286359 | Y29: =W29+X29 -> 1154.1464 | Z29: 0 | AA29: 72 | AB29: 41 | AC29: =AC28+1 -> 20 | AD29: 2443 | AE29: 2474 | AF29: 2135.47
A30: =A29+1 -> 21 | B30: 6921.13 | C30: 368484 | D30: =C30-C29 -> 350 | E30: =C30-152000 -> 216484 | F30: =D30/$D$2 -> 176.50025 | G30: 1421.79 | H30: 1.14 | I30: =G30+H30 -> 1422.93 | J30: =IF(L30>0,L30,0) -> 0 | K30: =I30+J30 -> 1422.93 | L30: =F30-(I30-W30) -> -36.789748 | M30: 378.17 | N30: =(22.64+23.15)*1.05 -> 48.0795 | O30: =M30-N30 -> 330.0905 | P30: 414.53 | Q30: 85.84 | R30: =SUM(O30:Q30) -> 830.4605 | T30: 275.75 | U30: 55.35 | V30: =V29-U30 -> 16055.42 | W30: =R30+T30+N30+U30 -> 1209.64 | X30: =IF(L30<0,L30*-1,0) -> 36.789748 | Y30: =W30+X30 -> 1246.4297 | Z30: 0 | AA30: 80 | AB30: 42 | AC30: =AC29+1 -> 21 | AD30: 2760 | AE30: 2645 | AF30: 2202.37
A31: =A30+1 -> 22 | B31: 6921.1 | C31: 368353 | D31: =C31-C30 -> -131 | E31: =C31-152000 -> 216353 | F31: =D31/$D$2 -> -66.061523 | G31: 1263.38 | H31: 1.12 | I31: =G31+H31 -> 1264.5 | J31: =IF(L31>0,L31,0) -> 0 | K31: =I31+J31 -> 1264.5 | L31: =F31-(I31-W31) -> -122.97152 | M31: 383.43 | N31: =(22.69+23.13)*1.05 -> 48.111 | O31: =M31-N31 -> 335.319 | P31: 415.24 | Q31: 86.13 | R31: =SUM(O31:Q31) -> 836.689 | T31: 267.59 | U31: 55.2 | V31: =V30-U31 -> 16000.22 | W31: =R31+T31+N31+U31 -> 1207.59 | X31: =IF(L31<0,L31*-1,0) -> 122.97152 | Y31: =W31+X31 -> 1330.5615 | Z31: 0 | AA31: 77 | AB31: 47 | AC31: =AC30+1 -> 22 | AD31: 3077 | AE31: 2820 | AF31: 2257.56
A32: =A31+1 -> 23 | B32: 6921.02 | C32: 368002 | D32: =C32-C31 -> -351 | E32: =C32-152000 -> 216002 | F32: =D32/$D$2 -> -177.00454 | G32: 1126.92 | H32: 0 | I32: =G32+H32 -> 1126.92 | J32: =IF(L32>0,L32,0) -> 0 | K32: =I32+J32 -> 1126.92 | L32: =F32-(I32-W32) -> -127.34454 | M32: 364.87 | N32: =(23.06+22.9)*1.05 -> 48.258 | O32: =M32-N32 -> 316.612 | P32: 414.91 | Q32: 84.86 | R32: =SUM(O32:Q32) -> 816.382 | T32: 256.33 | U32: 55.61 | V32: =V31-U32 -> 15944.61 | W32: =R32+T32+N32+U32 -> 1176.58 | X32: =IF(L32<0,L32*-1,0) -> 127.34454 | Y32: =W32+X32 -> 1303.9245 | Z32: 0 | AA32: 67 | AB32: 46 | AC32: =AC31+1 -> 23 | AD32: 3431 | AE32: 2986 | AF32: 2305.82
A33: =A32+1 -> 24 | B33: 6920.97 | C33: 367785 | D33: =C33-C32 -> -217 | E33: =C33-152000 -> 215785 | F33: =D33/$D$2 -> -109.43016 | G33: 912.36 | H33: 0 | I33: =G33+H33 -> 912.36 | J33: =IF(L33>0,L33,0) -> 0 | K33: =I33+J33 -> 912.36 | L33: =F33-(I33-W33) -> -41.750156 | M33: 325.01 | N33: =(23.1+22.65)*1.05 -> 48.0375 | O33: =M33-N33 -> 276.9725 | P33: 251.09 | Q33: 83.45 | R33: =SUM(O33:Q33) -> 611.5125 | T33: 264.74 | U33: 55.75 | V33: =V32-U33 -> 15888.86 | W33: =R33+T33+N33+U33 -> 980.04 | X33: =IF(L33<0,L33*-1,0) -> 41.750156 | Y33: =W33+X33 -> 1021.7902 | Z33: 0 | AA33: 65 | AB33: 37 | AC33: =AC32+1 -> 24 | AD33: 3778 | AE33: 3159 | AF33: 2351.3
A34: =A33+1 -> 25 | B34: 6920.89 | C34: 367437 | D34: =C34-C33 -> -348 | E34: =C34-152000 -> 215437 | F34: =D34/$D$2 -> -175.49168 | G34: 809.38 | H34: 1.14 | I34: =G34+H34 -> 810.52 | J34: =IF(L34>0,L34,0) -> 0 | K34: =I34+J34 -> 810.52 | L34: =F34-(I34-W34) -> -137.11168 | M34: 323.05 | N34: =(22.67+21.4)*1.05 -> 46.2735 | O34: =M34-N34 -> 276.7765 | P34: 175.84 | Q34: 83.61 | R34: =SUM(O34:Q34) -> 536.2265 | T34: 210.6 | U34: 55.8 | V34: =V33-U34 -> 15833.06 | W34: =R34+T34+N34+U34 -> 848.9 | X34: =IF(L34<0,L34*-1,0) -> 137.11168 | Y34: =W34+X34 -> 986.01168 | Z34: 0.05 | AA34: 63 | AB34: 40 | AC34: =AC33+1 -> 25 | AD34: 4048 | AE34: 3332 | AF34: 2362.83
A35: =A34+1 -> 26 | B35: 6920.82 | C35: 367133 | D35: =C35-C34 -> -304 | E35: =C35-152000 -> 215133 | F35: =D35/$D$2 -> -153.30308 | G35: 712.86 | H35: 1.29 | I35: =G35+H35 -> 714.15 | J35: =IF(L35>0,L35,0) -> 0 | K35: =I35+J35 -> 714.15 | L35: =F35-(I35-W35) -> -35.363076 | M35: 295.74 | N35: =(20.32+18.74)*1.05 -> 41.013 | O35: =M35-N35 -> 254.727 | P35: 175.5 | Q35: 83.38 | R35: =SUM(O35:Q35) -> 513.607 | T35: 221.59 | U35: 55.88 | V35: =V34-U35 -> 15777.18 | W35: =R35+T35+N35+U35 -> 832.09 | X35: =IF(L35<0,L35*-1,0) -> 35.363076 | Y35: =W35+X35 -> 867.45308 | Z35: 0.15 | AA35: 58 | AB35: 33 | AC35: =AC34+1 -> 26 | AD35: 4274 | AE35: 3506 | AF35: 2362.83
A36: =A35+1 -> 27 | B36: 6920.7 | C36: 366612 | D36: =C36-C35 -> -521 | E36: =C36-152000 -> 214612 | F36: =D36/$D$2 -> -262.73323 | G36: 632.9 | H36: 1.71 | I36: =G36+H36 -> 634.61 | J36: =IF(L36>0,L36,0) -> 0 | K36: =I36+J36 -> 634.61 | L36: =F36-(I36-W36) -> -53.003232 | M36: 305.71 | N36: =(17.26+17.21)*1.05 -> 36.1935 | O36: =M36-N36 -> 269.5165 | P36: 175.39 | Q36: 83.16 | R36: =SUM(O36:Q36) -> 528.0665 | T36: 224.24 | U36: 55.84 | V36: =V35-U36 -> 15721.34 | W36: =R36+T36+N36+U36 -> 844.34 | X36: =IF(L36<0,L36*-1,0) -> 53.003232 | Y36: =W36+X36 -> 897.34323 | Z36: 0 | AA36: 70 | AB36: 38 | AC36: =AC35+1 -> 27 | AD36: 4501 | AE36: 3671 | AF36: 2362.83
A37: 28 | B37: 6920.54 | C37: 365916 | D37: =C37-C36 -> -696 | E37: =C37-152000 -> 213916 | F37: =D37/$D$2 -> -350.98336 | G37: 577.8 | H37: 1.3 | I37: =G37+H37 -> 579.1 | J37: =IF(L37>0,L37,0) -> 0 | K37: =I37+J37 -> 579.1 | L37: =F37-(I37-W37) -> -82.743359 | M37: 306.39 | N37: =(19.08+18.58)*1.05 -> 39.543 | O37: =M37-N37 -> 266.847 | P37: 175.19 | Q37: 83.03 | R37: =SUM(O37:Q37) -> 525.067 | T37: 227.05 | U37: 55.68 | V37: =V36-U37 -> 15665.66 | W37: =R37+T37+N37+U37 -> 847.34 | X37: =IF(L37<0,L37*-1,0) -> 82.743359 | Y37: =W37+X37 -> 930.08336 | Z37: 0 | AA37: 71 | AB37: 47 | AC37: 28
A38: 29 | B38: 6920.54 | C38: 365916 | D38: =C38-C37 -> 0 | E38: =C38-152000 -> 213916 | F38: =D38/$D$2 -> 0 | G38: 523.22 | H38: 0 | I38: =G38+H38 -> 523.22 | J38: =IF(L38>0,L38,0) -> 325.96 | K38: =I38+J38 -> 849.18 | L38: =F38-(I38-W38) -> 325.96 | M38: 302.89 | N38: =(18.03+17.19)*1.05 -> 36.981 | O38: =M38-N38 -> 265.909 | P38: 174.58 | Q38: 82.78 | R38: =SUM(O38:Q38) -> 523.269 | T38: 233.32 | U38: 55.61 | V38: =V37-U38 -> 15610.05 | W38: =R38+T38+N38+U38 -> 849.18 | X38: =IF(L38<0,L38*-1,0) -> 0 | Y38: =W38+X38 -> 849.18 | Z38: 0 | AA38: 75 | AB38: 41 | AC38: 29
A39: 30 | B39: 6920.27 | C39: 364745 | D39: =C39-C38 -> -1171 | E39: =C39-152000 -> 212745 | F39: =D39/$D$2 -> -590.51942 | G39: 532.95 | H39: 0 | I39: =G39+H39 -> 532.95 | J39: =IF(L39>0,L39,0) -> 0 | K39: =I39+J39 -> 532.95 | L39: =F39-(I39-W39) -> -257.58942 | M39: 309.7 | N39: =(20.77+20.11)*1.05 -> 42.924 | O39: =M39-N39 -> 266.776 | P39: 174.24 | Q39: 82.37 | R39: =SUM(O39:Q39) -> 523.386 | T39: 243.98 | U39: 55.59 | V39: =V38-U39 -> 15554.46 | W39: =R39+T39+N39+U39 -> 865.88 | X39: =IF(L39<0,L39*-1,0) -> 257.58942 | Y39: =W39+X39 -> 1123.4694 | Z39: 0 | AA39: 74 | AB39: 45 | AC39: 30
A40: 31 | B40: 6920.1 | C40: 364007 | D40: =C40-C39 -> -738 | E40: =C40-152000 -> 212007 | F40: =D40/$D$2 -> -372.16339 | G40: 515.45 | H40: 0 | I40: =G40+H40 -> 515.45 | J40: =IF(L40>0,L40,0) -> 0 | K40: =I40+J40 -> 515.45 | L40: =F40-(I40-W40) -> -88.783389 | M40: 300.92 | N40: =(14.6+14.31)*1.05 -> 30.3555 | O40: =M40-N40 -> 270.5645 | P40: 174.35 | Q40: 82.3 | R40: =SUM(O40:Q40) -> 527.2145 | T40: 185.73 | U40: 55.53 | V40: =V39-U40 -> 15498.93 | W40: =R40+T40+N40+U40 -> 798.83 | X40: =IF(L40<0,L40*-1,0) -> 88.783389 | Y40: =W40+X40 -> 887.61339 | Z40: 0 | AA40: 76 | AB40: 42 | AC40: 31 | AD40: 4723 | AE40: 3836 | AF40: 2362.83
AA41: 73
A42: MONTH / CFS | F42: =SUM(F10:F40) -> 15790.721 | G42: =SUM(G10:G40) -> 42197.52 | H42: =SUM(H10:H40) -> 243.3 | I42: =SUM(I10:I40) -> 42440.82 | J42: =SUM(J10:J40) -> 2682.5081 | K42: =SUM(K10:K40) -> 45123.328 | L42: =SUM(L10:L40) -> 823.85113 | M42: =SUM(M10:M40) -> 9499.75 | ... R42: =SUM(R10:R40) -> 17008.628 | T42: =SUM(T10:T40) -> 7257.55 | U42: =SUM(U10:U40) -> 1695.31 | W42: =SUM(W10:W40) -> 27473.95 | X42: =SUM(X10:X40) -> 1858.657 | Y42: =SUM(Y10:Y40) -> 29332.607 | Z42: =SUM(Z10:Z40) -> 0.2 | AA42: =AVERAGE(AA10:AA40) -> 75.258065 | AB42: =AVERAGE(AB10:AB40) -> 42.806452
A43: MONTH / AF | D43: =SUM(D10:D40) -> 31313 | F43: =F42*$D$2 -> 31313 | G43: =G42*$D$2 -> 83677.682 | H43: =H42*$D$2 -> 482.4639 | I43: =I42*$D$2 -> 84160.146 | J43: =J42*$D$2 -> 5319.4136 | K43: =K42*$D$2 -> 89479.56 | L43: =L42*$D$2 -> 1633.6968 | M43: =M42*$D$2 -> 18838.004 | ... R43: =R42*$D$2 -> 33728.109 | T43: =T42*$D$2 -> 14391.722 | U43: =U42*$D$2 -> 3361.7997 | W43: =W42*$D$2 -> 54480.843 | X43: =X42*$D$2 -> 3685.7168 | Y43: =Y42*$D$2 -> 58166.56 | AA43: =MAX(AA10:AA40) -> 86 | AB43: =MAX(AB10:AB40) -> 57 | AC43: HI
A45: SEASON / CFS | F45: =F7+F42 -> 23196.317 | G45: =G7+G42 -> 53187.45 | H45: =H7+H42 -> 694.98 | I45: =I7+I42 -> 53882.43 | J45: =J7+J42 -> 6741.885 | K45: =K7+K42 -> 60624.315 | L45: =L7+L42 -> 4721.1468 | M45: =M7+M42 -> 13388.19 | ... U45: =U7+U42 -> 3013.8 | W45: =W7+W42 -> 35407.259 | X45: =X7+X42 -> 2020.7382 | Y45: =Y7+Y42 -> 37427.998 | AA45: =MIN(AA10:AA40) -> 58 | AB45: =MIN(AB10:AB40) -> 33 | AC45: LO
A46: SEASON / AF | F46: =F45*$D$2 -> 45998.297 | G46: =G45*$D$2 -> 105470.71 | H46: =H45*$D$2 -> 1378.1453 | I46: =I45*$D$2 -> 106848.86 | J46: =J45*$D$2 -> 13369.158 | K46: =K45*$D$2 -> 120218.02 | L46: =L45*$D$2 -> 9362.0341 | M46: =M45*$D$2 -> 26548.781 | ... U46: =U45*$D$2 -> 5976.3654 | W46: =W45*$D$2 -> 70212.596 | X46: =X45*$D$2 -> 4007.1238 | Y46: =Y45*$D$2 -> 74219.719
A48: YTD / CFS | F48: =F8+F42 -> 25444.931 | G48: =G8+G42 -> 64501.06 | H48: =H8+H42 -> 817.24 | I48: =I8+I42 -> 65318.2 | J48: =J8+J42 -> 9142.685 | K48: =K8+K42 -> 74460.885 | L48: =L8+L42 -> 2937.1599 | M48: =M8+M42 -> 14839.99 | ... R48: =R8+R42 -> 23343.518 | T48: =T8+T42 -> 8272.659 | U48: =U8+U42 -> 8130.92 | V48: =V40 -> 15498.93 | W48: =W8+W42 -> 42810.429 | X48: =X8+X42 -> 6205.5252 | Y48: =Y8+Y42 -> 49015.955 | Z48: =Z8+Z42 -> 3.89
A49: YTD / AF | D49: =D8+D43 -> 50461 | E49: =E40 -> 212007 | F49: =F48*$D$2 -> 50457.297 | G49: =G48*$D$2 -> 127905.6 | H49: =H48*$D$2 -> 1620.5869 | I49: =I48*$D$2 -> 129525.99 | J49: =J48*$D$2 -> 18129.944 | K49: =K48*$D$2 -> 147655.94 | L49: =L48*$D$2 -> 5824.388 | M49: =M48*$D$2 -> 29427.7 | ... Y49: =Y48*$D$2 -> 97198.638
A51: ="JUN 11" -> JUN 11
B52: 6917.99 | C52: 354951 | E52: =C52-152000 -> 202951 | G52: Full Reservoir = | I52: 381160 | L52: May 1995 use | N52: 1100 | R52: 16895 | T52: 1921 | Z52: 14.9 | AA52: 63 | AB52: 38
A53: ="5/11/96 thru 6/11/96" -> 5/11/96 thru 6/11/96 | G53: Maximum Content = | I53: =C30 -> 368484 | L53: 96 increase | N53: =N43-N52 -> 1899.2121 | R53: =R43-R52 -> 16833.109 | T53: =T43-T52 -> 12470.722
B54: =B20-B52 -> -1 | D54: =C20-C52 -> -4239 | T54: Total | U54: =SUM(N53:T53) -> 31203.043
G55: Unfilled content = | I55: =I52-I53 -> 12676

Sheet JUN
K1: MC PHEE RESERVOIR IN/OUT FLOW TABULATION
A2: AF/cfs CONVERT FACTOR | D2: 1.983 | K2: JUNE "96"
A4: DATE | B4: RESERV | C4: RESERV | D4: AC FT | E4: ACTIVE | F4: CONV TO | G4: DOLORES | H4: LOST | I4: RECORDED | J4: CALC | K4: TOTAL | L4: CALC | M4: DOLORES TUNNEL | P4: MVI | Q4: U | R4: TOTAL | S4: MVI | T4: DV CR | U4: BELOW | V4: REMAIN | W4: RECORDED | X4: CALC | Y4: TOTAL | Z4: RAIN | AA4: MAX | AB4: MIN | AC4: DATE
A5: "JUN" | B5: ELEV | C5: AC FT | D5: CHANGE | E5: CAP | F5: CFS | G5: RIVER | H5: CANYON | I5: INFLOW | J5: INFLOW | K5: INFLOW | L5: INF/OTF | M5: TOT DIV | N5: UTE F&R | O5: MVI/CTZ/MWC | P5: DIVER | Q5: LATERAL | R5: MVI | S5: CALL | T5: CANAL | U5: MC PHEE | V5: RELEASE | W5: OUTFLOW | X5: OUTFLOW | Y5: OUTFLOW | AA5: TMP | AB5: TMP | AC5: "JUN"
A7: SEASON BAL | F7: {=MAY!$F$45:$Y$45} -> 23196.317 | G7: 53187.45 | H7: 694.98 | I7: 53882.43 | J7: 6741.885 | K7: 60624.315 | L7: 4721.1468 | M7: 13388.19 | N7: 2858.9624 | O7: 10529.228 | P7: 7207.49 | Q7: 3504.45 | R7: 21241.168 | S7: 0 | T7: 8272.659 | U7: 3013.8 | V7: 0 | W7: 35407.259 | X7: 2020.7382 | Y7: 37427.998
A8: YTD | B8: {=MAY!$B$40:$C$40} -> 6920.1 | C8: 364007 | D8: {=MAY!$D$49:$E$49} -> 50461 | E8: 212007 | F8: {=MAY!$F$48:$Z$48} -> 25444.931 | G8: 64501.06 | H8: 817.24 | I8: 65318.2 | J8: 9142.685 | K8: 74460.885 | L8: 2937.1599 | M8: 14839.99 | N8: 2918.6624 | O8: 11428.828 | P8: 8041.74 | Q8: 3504.45 | R8: 23343.518 | S8: 0 | T8: 8272.659 | U8: 8130.92 | V8: 15498.93 | W8: 42810.429 | X8: 6205.5252 | Y8: 49015.955 | Z8: 3.89
A10: 1 | B10: 6919.75 | C10: 362497 | D10: =C10-C8 -> -1510 | E10: =C10-152000 -> 210497 | F10: =D10/$D$2 -> -761.47252 | G10: 501.78 | H10: 0 | I10: =G10+H10 -> 501.78 | J10: =IF(L10>0,L10,0) -> 0 | K10: =I10+J10 -> 501.78 | L10: =F10-(I10-W10) -> -443.65252 | M10: 294.4 | N10: =(16.41+16.23)*1.05 -> 34.272 | O10: =M10-N10 -> 260.128 | P10: 174.25 | Q10: 82.36 | R10: =SUM(O10:Q10) -> 516.738 | S10: =S55 -> 4080.2898 | T10: 212.85 | U10: 55.74 | V10: =V8-U10 -> 15443.19 | W10: =N10+R10+T10+U10 -> 819.6 | X10: =IF(L10<0,L10*-1,0) -> 443.65252 | Y10: =W10+X10 -> 1263.2525 | Z10: 0 | AA10: 76 | AB10: 42 | AC10: 1
A11: =A10+1 -> 2 | B11: 6919.57 | C11: 361721 | D11: =C11-C10 -> -776 | E11: =C11-152000 -> 209721 | F11: =D11/$D$2 -> -391.32627 | G11: 504.93 | H11: 0 | I11: =G11+H11 -> 504.93 | J11: =IF(L11>0,L11,0) -> 0 | K11: =I11+J11 -> 504.93 | L11: =F11-(I11-W11) -> -97.426273 | M11: 300.92 | N11: =(19.89+19.29)*1.05 -> 41.139 | O11: =M11-N11 -> 259.781 | P11: 174.35 | Q11: 82.3 | R11: =SUM(O11:Q11) -> 516.431 | S11: =(I11-R11)+S10 -> 4068.7888 | T11: 185.73 | U11: 55.53 | V11: =V10-U11 -> 15387.66 | W11: =N11+R11+T11+U11 -> 798.83 | X11: =IF(L11<0,L11*-1,0) -> 97.426273 | Y11: =W11+X11 -> 896.25627 | Z11: 0 | AA11: 80 | AB11: 43 | AC11: =AC10+1 -> 2
A12: =A11+1 -> 3 | B12: 6919.39 | C12: 360946 | D12: =C12-C11 -> -775 | E12: =C12-152000 -> 208946 | F12: =D12/$D$2 -> -390.82199 | G12: 513.76 | H12: 0 | I12: =G12+H12 -> 513.76 | J12: =IF(L12>0,L12,0) -> 0 | K12: =I12+J12 -> 513.76 | L12: =F12-(I12-W12) -> -75.851987 | M12: 310.8 | N12: =(21.88+21.25)*1.05 -> 45.2865 | O12: =M12-N12 -> 265.5135 | P12: 174.26 | Q12: 81.91 | R12: =SUM(O12:Q12) -> 521.6835 | S12: =(I12-R12)+S11 -> 4060.8653 | T12: 202.79 | U12: 58.97 | V12: =V11-U12 -> 15328.69 | W12: =N12+R12+T12+U12 -> 828.73 | X12: =IF(L12<0,L12*-1,0) -> 75.851987 | Y12: =W12+X12 -> 904.58199 | Z12: 0 | AA12: 80 | AB12: 43 | AC12: =AC11+1 -> 3
A13: =A12+1 -> 4 | B13: 6919.17 | C13: 359999 | D13: =C13-C12 -> -947 | E13: =C13-152000 -> 207999 | F13: =D13/$D$2 -> -477.55925 | G13: 528.05 | H13: 0 | I13: =G13+H13 -> 528.05 | J13: =IF(L13>0,L13,0) -> 0 | K13: =I13+J13 -> 528.05 | L13: =F13-(I13-W13) -> -186.21925 | M13: 294.95 | N13: =(20.09+19.57)*1.05 -> 41.643 | O13: =M13-N13 -> 253.307 | P13: 173.97 | Q13: 81.59 | R13: =SUM(O13:Q13) -> 508.867 | S13: =(I13-R13)+S12 -> 4080.0483 | T13: 199.8 | U13: 69.08 | V13: =V12-U13 -> 15259.61 | W13: =N13+R13+T13+U13 -> 819.39 | X13: =IF(L13<0,L13*-1,0) -> 186.21925 | Y13: =W13+X13 -> 1005.6093 | Z13: 0 | AA13: 86 | AB13: 48 | AC13: =AC12+1 -> 4
A14: =A13+1 -> 5 | B14: 6919.02 | C14: 359353 | D14: =C14-C13 -> -646 | E14: =C14-152000 -> 207353 | F14: =D14/$D$2 -> -325.76904 | G14: 525.8 | H14: 0 | I14: =G14+H14 -> 525.8 | J14: =IF(L14>0,L14,0) -> 0 | K14: =I14+J14 -> 525.8 | L14: =F14-(I14-W14) -> -35.879037 | M14: 303.37 | N14: =(20.1+19.59)*1.05 -> 41.6745 | O14: =M14-N14 -> 261.6955 | P14: 174.03 | Q14: 83.04 | R14: =SUM(O14:Q14) -> 518.7655 | S14: =(I14-R14)+S13 -> 4087.0828 | T14: 183.32 | U14: 71.93 | V14: =V13-U14 -> 15187.68 | W14: =N14+R14+T14+U14 -> 815.69 | X14: =IF(L14<0,L14*-1,0) -> 35.879037 | Y14: =W14+X14 -> 851.56904 | Z14: 0 | AA14: 88 | AB14: 42 | AC14: =AC13+1 -> 5
A15: =A14+1 -> 6 | B15: 6918.95 | C15: 359053 | D15: =C15-C14 -> -300 | E15: =C15-152000 -> 207053 | F15: =D15/$D$2 -> -151.28593 | G15: 528.29 | H15: 0 | I15: =G15+H15 -> 528.29 | J15: =IF(L15>0,L15,0) -> 143.21407 | K15: =I15+J15 -> 671.50407 | L15: =F15-(I15-W15) -> 143.21407 | M15: 314.43 | N15: =(20.33+21.59)*1.05 -> 44.016 | O15: =M15-N15 -> 270.414 | P15: 173.7 | Q15: 84.98 | R15: =SUM(O15:Q15) -> 529.094 | S15: =(I15-R15)+S14 -> 4086.2788 | T15: 178.73 | U15: 70.95 | V15: =V14-U15 -> 15116.73 | W15: =N15+R15+T15+U15 -> 822.79 | X15: =IF(L15<0,L15*-1,0) -> 0 | Y15: =W15+X15 -> 822.79 | Z15: 0 | AA15: 86 | AB15: 54 | AC15: =AC14+1 -> 6
A16: =A15+1 -> 7 | B16: 6918.66 | C16: 357814 | D16: =C16-C15 -> -1239 | E16: =C16-152000 -> 205814 | F16: =D16/$D$2 -> -624.81089 | G16: 521.26 | H16: 0 | I16: =G16+H16 -> 521.26 | J16: =IF(L16>0,L16,0) -> 0 | K16: =I16+J16 -> 521.26 | L16: =F16-(I16-W16) -> -321.16089 | M16: 323.32 | N16: =(28.18+21.35)*1.05 -> 52.0065 | O16: =M16-N16 -> 271.3135 | P16: 173.79 | Q16: 85.9 | R16: =SUM(O16:Q16) -> 531.0035 | S16: =(I16-R16)+S15 -> 4076.5353 | T16: 173.08 | U16: 68.82 | V16: =V15-U16 -> 15047.91 | W16: =N16+R16+T16+U16 -> 824.91 | X16: =IF(L16<0,L16*-1,0) -> 321.16089 | Y16: =W16+X16 -> 1146.0709 | Z16: 0 | AA16: 87 | AB16: 53 | AC16: =AC15+1 -> 7
A17: =A16+1 -> 8 | B17: 6918.44 | C17: 356874 | D17: =C17-C16 -> -940 | E17: =C17-152000 -> 204874 | F17: =D17/$D$2 -> -474.02925 | G17: 497.84 | H17: 0 | I17: =G17+H17 -> 497.84 | J17: =IF(L17>0,L17,0) -> 0 | K17: =I17+J17 -> 497.84 | L17: =F17-(I17-W17) -> -179.58925 | M17: 321.24 | N17: =(30.36+29.73)*1.05 -> 63.0945 | O17: =M17-N17 -> 258.1455 | P17: 173.93 | Q17: 86.04 | R17: =SUM(O17:Q17) -> 518.1155 | S17: =(I17-R17)+S16 -> 4056.2598 | T17: 141.75 | U17: 69.32 | V17: =V16-U17 -> 14978.59 | W17: =N17+R17+T17+U17 -> 792.28 | X17: =IF(L17<0,L17*-1,0) -> 179.58925 | Y17: =W17+X17 -> 971.86925 | Z17: 0 | AA17: 86 | AB17: 53 | AC17: =AC16+1 -> 8
A18: =A17+1 -> 9 | B18: 6918.24 | C18: 356019 | D18: =C18-C17 -> -855 | E18: =C18-152000 -> 204019 | F18: =D18/$D$2 -> -431.1649 | G18: 463.72 | H18: 0 | I18: =G18+H18 -> 463.72 | J18: =IF(L18>0,L18,0) -> 0 | K18: =I18+J18 -> 463.72 | L18: =F18-(I18-W18) -> -88.584902 | M18: 321.16 | N18: =(28.51+28.31)*1.05 -> 59.661 | O18: =M18-N18 -> 261.499 | P18: 173.24 | Q18: 85.71 | R18: =SUM(O18:Q18) -> 520.449 | S18: =(I18-R18)+S17 -> 3999.5308 | T18: 156.83 | U18: 69.36 | V18: =V17-U18 -> 14909.23 | W18: =N18+R18+T18+U18 -> 806.3 | X18: =IF(L18<0,L18*-1,0) -> 88.584902 | Y18: =W18+X18 -> 894.8849 | Z18: 0 | AA18: 85 | AB18: 53 | AC18: =AC17+1 -> 9
A19: =A18+1 -> 10 | B19: 6918.02 | C19: 355079 | D19: =C19-C18 -> -940 | E19: =C19-152000 -> 203079 | F19: =D19/$D$2 -> -474.02925 | G19: 431.73 | H19: 0 | I19: =G19+H19 -> 431.73 | J19: =IF(L19>0,L19,0) -> 0 | K19: =I19+J19 -> 431.73 | L19: =F19-(I19-W19) -> -120.82925 | M19: 311.26 | N19: =(30.73+30.43)*1.05 -> 64.218 | O19: =M19-N19 -> 247.042 | P19: 173.24 | Q19: 85.65 | R19: =SUM(O19:Q19) -> 505.932 | S19: =(I19-R19)+S18 -> 3925.3288 | T19: 145.46 | U19: 69.32 | V19: =V18-U19 -> 14839.91 | W19: =N19+R19+T19+U19 -> 784.93 | X19: =IF(L19<0,L19*-1,0) -> 120.82925 | Y19: =W19+X19 -> 905.75925 | Z19: 0 | AA19: 87 | AB19: 56 | AC19: =AC18+1 -> 10
A20: =A19+1 -> 11 | B20: 6917.79 | C20: 354103 | D20: =C20-C19 -> -976 | E20: =C20-152000 -> 202103 | F20: =D20/$D$2 -> -492.18356 | G20: 396.78 | H20: 0 | I20: =G20+H20 -> 396.78 | J20: =IF(L20>0,L20,0) -> 0 | K20: =I20+J20 -> 396.78 | L20: =F20-(I20-W20) -> -90.08356 | M20: 320.16 | N20: =(30.52+31)*1.05 -> 64.596 | O20: =M20-N20 -> 255.564 | P20: 172.68 | Q20: 85.27 | R20: =SUM(O20:Q20) -> 513.514 | S20: =(I20-R20)+S19 -> 3808.5948 | T20: 151.45 | U20: 69.32 | V20: =V19-U20 -> 14770.59 | W20: =N20+R20+T20+U20 -> 798.88 | X20: =IF(L20<0,L20*-1,0) -> 90.08356 | Y20: =W20+X20 -> 888.96356 | Z20: 0 | AA20: 89 | AB20: 53 | AC20: =AC19+1 -> 11
A21: =A20+1 -> 12 | B21: 6917.56 | C21: 353128 | D21: =C21-C20 -> -975 | E21: =C21-152000 -> 201128 | F21: =D21/$D$2 -> -491.67927 | G21: 376.86 | H21: 0 | I21: =G21+H21 -> 376.86 | J21: =IF(L21>0,L21,0) -> 0 | K21: =I21+J21 -> 376.86 | L21: =F21-(I21-W21) -> -78.459274 | M21: 317.98 | N21: =(29.43+30.61)*1.05 -> 63.042 | O21: =M21-N21 -> 254.938 | P21: 172.74 | Q21: 85.07 | R21: =SUM(O21:Q21) -> 512.748 | S21: =(I21-R21)+S20 -> 3672.7068 | T21: 144.97 | U21: 69.32 | V21: =V20-U21 -> 14701.27 | W21: =N21+R21+T21+U21 -> 790.08 | X21: =IF(L21<0,L21*-1,0) -> 78.459274 | Y21: =W21+X21 -> 868.53927 | Z21: 0 | AA21: 84 | AB21: 57 | AC21: =AC20+1 -> 12
A22: =A21+1 -> 13 | B22: 6917.31 | C22: 352068 | D22: =C22-C21 -> -1060 | E22: =C22-152000 -> 200068 | F22: =D22/$D$2 -> -534.54362 | G22: 359.22 | H22: 0 | I22: =G22+H22 -> 359.22 | J22: =IF(L22>0,L22,0) -> 0 | K22: =I22+J22 -> 359.22 | L22: =F22-(I22-W22) -> -114.78362 | M22: 302.58 | N22: =+(26.21+25.8)*1.05 -> 54.6105 | O22: =M22-N22 -> 247.9695 | P22: 172.36 | Q22: 84.77 | R22: =SUM(O22:Q22) -> 505.0995 | S22: =(I22-R22)+S21 -> 3526.8273 | T22: 149.92 | U22: 69.35 | V22: =V21-U22 -> 14631.92 | W22: =N22+R22+T22+U22 -> 778.98 | X22: =IF(L22<0,L22*-1,0) -> 114.78362 | Y22: =W22+X22 -> 893.76362 | Z22: 0.22 | AA22: 85 | AB22: 58 | AC22: =AC21+1 -> 13
A23: =A22+1 -> 14 | B23: 6917.09 | C23: 351135 | D23: =C23-C22 -> -933 | E23: =C23-152000 -> 199135 | F23: =D23/$D$2 -> -470.49924 | G23: 405.46 | H23: 0 | I23: =G23+H23 -> 405.46 | J23: =IF(L23>0,L23,0) -> 0 | K23: =I23+J23 -> 405.46 | L23: =F23-(I23-W23) -> -108.62924 | M23: 291.78 | N23: =(25.53+24.96)*1.05 -> 53.0145 | O23: =M23-N23 -> 238.7655 | P23: 171.47 | Q23: 84.53 | R23: =SUM(O23:Q23) -> 494.7655 | S23: =(I23-R23)+S22 -> 3437.5218 | T23: 150.19 | U23: 69.36 | V23: =V22-U23 -> 14562.56 | W23: =N23+R23+T23+U23 -> 767.33 | X23: =IF(L23<0,L23*-1,0) -> 108.62924 | Y23: =W23+X23 -> 875.95924 | Z23: 0.08 | AA23: 74 | AB23: 52 | AC23: =AC22+1 -> 14
A24: =A23+1 -> 15 | B24: 6916.91 | C24: 350375 | D24: =C24-C23 -> -760 | E24: =C24-152000 -> 198375 | F24: =D24/$D$2 -> -383.25769 | G24: 438.04 | H24: 0 | I24: =G24+H24 -> 438.04 | J24: =IF(L24>0,L24,0) -> 0 | K24: =I24+J24 -> 438.04 | L24: =F24-(I24-W24) -> -66.57769 | M24: 283.41 | N24: =+(23.28+22.25)*1.05 -> 47.8065 | O24: =M24-N24 -> 235.6035 | P24: 171.25 | Q24: 84.33 | R24: =SUM(O24:Q24) -> 491.1835 | S24: =(I24-R24)+S23 -> 3384.3783 | T24: 146.32 | U24: 69.41 | V24: =V23-U24 -> 14493.15 | W24: =N24+R24+T24+U24 -> 754.72 | X24: =IF(L24<0,L24*-1,0) -> 66.57769 | Y24: =W24+X24 -> 821.29769 | Z24: 0 | AA24: 74 | AB24: 51 | AC24: =AC23+1 -> 15
A25: =A24+1 -> 16 | B25: 6916.67 | C25: 349365 | D25: =C25-C24 -> -1010 | E25: =C25-152000 -> 197365 | F25: =D25/$D$2 -> -509.3293 | G25: 370.62 | H25: 0 | I25: =G25+H25 -> 370.62 | J25: =IF(L25>0,L25,0) -> 0 | K25: =I25+J25 -> 370.62 | L25: =F25-(I25-W25) -> -132.5693 | M25: 284.53 | N25: =(23.77+22.35)*1.05 -> 48.426 | O25: =M25-N25 -> 236.104 | P25: 171.04 | Q25: 84.13 | R25: =SUM(O25:Q25) -> 491.274 | S25: =(I25-R25)+S24 -> 3263.7243 | T25: 138.32 | U25: 69.36 | V25: =V24-U25 -> 14423.79 | W25: =N25+R25+T25+U25 -> 747.38 | X25: =IF(L25<0,L25*-1,0) -> 132.5693 | Y25: =W25+X25 -> 879.9493 | Z25: 0 | AA25: 85 | AB25: 47 | AC25: =AC24+1 -> 16
A26: =A25+1 -> 17 | B26: 6916.43 | C26: 348356 | D26: =C26-C25 -> -1009 | E26: =C26-152000 -> 196356 | F26: =D26/$D$2 -> -508.82501 | G26: 332.27 | H26: 0 | I26: =G26+H26 -> 332.27 | J26: =IF(L26>0,L26,0) -> 0 | K26: =I26+J26 -> 332.27 | L26: =F26-(I26-W26) -> -59.315013 | M26: 290.69 | N26: =(24.79+24.95)*1.05 -> 52.227 | O26: =M26-N26 -> 238.463 | P26: 170.53 | Q26: 84.73 | R26: =SUM(O26:Q26) -> 493.723 | S26: =(I26-R26)+S25 -> 3102.2713 | T26: 166.51 | U26: 69.32 | V26: =V25-U26 -> 14354.47 | W26: =N26+R26+T26+U26 -> 781.78 | X26: =IF(L26<0,L26*-1,0) -> 59.315013 | Y26: =W26+X26 -> 841.09501 | Z26: 0 | AA26: 86 | AB26: 55 | AC26: =AC25+1 -> 17
A27: =A26+1 -> 18 | B27: 6916.11 | C27: 347009 | D27: =C27-C26 -> -1347 | E27: =C27-152000 -> 195009 | F27: =D27/$D$2 -> -679.27383 | G27: 267.19 | H27: 0 | I27: =G27+H27 -> 267.19 | J27: =IF(L27>0,L27,0) -> 0 | K27: =I27+J27 -> 267.19 | L27: =F27-(I27-W27) -> -151.97383 | M27: 288.69 | N27: =(25.75+24.26)*1.05 -> 52.5105 | O27: =M27-N27 -> 236.1795 | P27: 171.15 | Q27: 85.07 | R27: =SUM(O27:Q27) -> 492.3995 | S27: =(I27-R27)+S26 -> 2877.0618 | T27: 180.26 | U27: 69.32 | V27: =V26-U27 -> 14285.15 | W27: =N27+R27+T27+U27 -> 794.49 | X27: =IF(L27<0,L27*-1,0) -> 151.97383 | Y27: =W27+X27 -> 946.46383 | Z27: 0 | AA27: 86 | AB27: 48 | AC27: =AC26+1 -> 18
A28: =A27+1 -> 19 | B28: 6915.79 | C28: 345670 | D28: =C28-C27 -> -1339 | E28: =C28-152000 -> 193670 | F28: =D28/$D$2 -> -675.23954 | G28: 218.63 | H28: 0 | I28: =G28+H28 -> 218.63 | J28: =IF(L28>0,L28,0) -> 0 | K28: =I28+J28 -> 218.63 | L28: =F28-(I28-W28) -> -49.489536 | M28: 311.31 | N28: =(25.07+24.72)*1.05 -> 52.2795 | O28: =M28-N28 -> 259.0305 | P28: 172 | Q28: 85.25 | R28: =SUM(O28:Q28) -> 516.2805 | S28: =(I28-R28)+S27 -> 2579.4113 | T28: 206.5 | U28: 69.32 | V28: =V27-U28 -> 14215.83 | W28: =N28+R28+T28+U28 -> 844.38 | X28: =IF(L28<0,L28*-1,0) -> 49.489536 | Y28: =W28+X28 -> 893.86954 | Z28: 0 | AA28: 87 | AB28: 49 | AC28: =AC27+1 -> 19
A29: =A28+1 -> 20 | B29: 6915.47 | C29: 344334 | D29: =C29-C28 -> -1336 | E29: =C29-152000 -> 192334 | F29: =D29/$D$2 -> -673.72668 | G29: 198.17 | H29: 0 | I29: =G29+H29 -> 198.17 | J29: =IF(L29>0,L29,0) -> 0 | K29: =I29+J29 -> 198.17 | L29: =F29-(I29-W29) -> -30.366677 | M29: 311.49 | N29: =(23.52+24.92)*1.05 -> 50.862 | O29: =M29-N29 -> 260.628 | P29: 172.49 | Q29: 85.14 | R29: =SUM(O29:Q29) -> 518.258 | S29: =(I29-R29)+S28 -> 2259.3233 | T29: 203.87 | U29: 68.54 | V29: =V28-U29 -> 14147.29 | W29: =N29+R29+T29+U29 -> 841.53 | X29: =IF(L29<0,L29*-1,0) -> 30.366677 | Y29: =W29+X29 -> 871.89668 | Z29: 0.13 | AA29: 86 | AB29: 53 | AC29: =AC28+1 -> 20
A30: =A29+1 -> 21 | B30: 6915.23 | C30: 343322 | D30: =C30-C29 -> -1012 | E30: =C30-152000 -> 191322 | F30: =D30/$D$2 -> -510.33787 | G30: 219.58 | H30: 0 | I30: =G30+H30 -> 219.58 | J30: =IF(L30>0,L30,0) -> 61.072128 | K30: =I30+J30 -> 280.65213 | L30: =F30-(I30-W30) -> 61.072128 | M30: 307.43 | N30: =(22.9+21.97)*1.05 -> 47.1135 | O30: =M30-N30 -> 260.3165 | P30: 172.29 | Q30: 85.27 | R30: =SUM(O30:Q30) -> 517.8765 | S30: =(I30-R30)+S29 -> 1961.0268 | T30: 158.66 | U30: 67.34 | V30: =V29-U30 -> 14079.95 | W30: =N30+R30+T30+U30 -> 790.99 | X30: =IF(L30<0,L30*-1,0) -> 0 | Y30: =W30+X30 -> 790.99 | Z30: 0.41 | AA30: 73 | AB30: 57 | AC30: =AC29+1 -> 21
A31: =A30+1 -> 22 | B31: 6915.01 | C31: 342414 | D31: =C31-C30 -> -908 | E31: =C31-152000 -> 190414 | F31: =D31/$D$2 -> -457.89208 | G31: 273.61 | H31: 0 | I31: =G31+H31 -> 273.61 | J31: =IF(L31>0,L31,0) -> 23.247917 | K31: =I31+J31 -> 296.85792 | L31: =F31-(I31-W31) -> 23.247917 | M31: 270.56 | N31: =(6.02+6.42)*1.05 -> 13.062 | O31: =M31-N31 -> 257.498 | P31: 143.57 | Q31: 83.35 | R31: =SUM(O31:Q31) -> 484.418 | S31: =(I31-R31)+S30 -> 1750.2188 | T31: 189.97 | U31: 67.3 | V31: =V30-U31 -> 14012.65 | W31: =N31+R31+T31+U31 -> 754.75 | X31: =IF(L31<0,L31*-1,0) -> 0 | Y31: =W31+X31 -> 754.75 | Z31: 0 | AA31: 81 | AB31: 56 | AC31: =AC30+1 -> 22
A32: =A31+1 -> 23 | B32: 6914.71 | C32: 341171 | D32: =C32-C31 -> -1243 | E32: =C32-152000 -> 189171 | F32: =D32/$D$2 -> -626.82804 | G32: 230.54 | H32: 0 | I32: =G32+H32 -> 230.54 | J32: =IF(L32>0,L32,0) -> 0 | K32: =I32+J32 -> 230.54 | L32: =F32-(I32-W32) -> -46.298038 | M32: 268.48 | N32: =(7.47+7.46)*1.05 -> 15.6765 | O32: =M32-N32 -> 252.8035 | P32: 171.11 | Q32: 82.1 | R32: =SUM(O32:Q32) -> 506.0135 | S32: =(I32-R32)+S31 -> 1474.7453 | T32: 220.5 | U32: 68.88 | V32: =V31-U32 -> 13943.77 | W32: =N32+R32+T32+U32 -> 811.07 | X32: =IF(L32<0,L32*-1,0) -> 46.298038 | Y32: =W32+X32 -> 857.36804 | Z32: 0 | AA32: 84 | AB32: 47 | AC32: =AC31+1 -> 23
A33: =A32+1 -> 24 | B33: 6914.36 | C33: 339722 | D33: =C33-C32 -> -1449 | E33: =C33-152000 -> 187722 | F33: =D33/$D$2 -> -730.71104 | G33: 194.5 | H33: 0 | I33: =G33+H33 -> 194.5 | J33: =IF(L33>0,L33,0) -> 0 | K33: =I33+J33 -> 194.5 | L33: =F33-(I33-W33) -> -90.721044 | M33: 277.26 | N33: =(12.82+12.91)*1.05 -> 27.0165 | O33: =M33-N33 -> 250.2435 | P33: 171.28 | Q33: 81.58 | R33: =SUM(O33:Q33) -> 503.1035 | S33: =(I33-R33)+S32 -> 1166.1418 | T33: 235.09 | U33: 69.28 | V33: =V32-U33 -> 13874.49 | W33: =N33+R33+T33+U33 -> 834.49 | X33: =IF(L33<0,L33*-1,0) -> 90.721044 | Y33: =W33+X33 -> 925.21104 | Z33: 0 | AA33: 85 | AB33: 49 | AC33: =AC32+1 -> 24
A34: =A33+1 -> 25 | B34: 6914.04 | C34: 338396 | D34: =C34-C33 -> -1326 | E34: =C34-152000 -> 186396 | F34: =D34/$D$2 -> -668.68381 | G34: 174.95 | H34: 0 | I34: =G34+H34 -> 174.95 | J34: =IF(L34>0,L34,0) -> 50.846188 | K34: =I34+J34 -> 225.79619 | L34: =F34-(I34-W34) -> 50.846188 | M34: 312.34 | N34: =(18.11+18.4)*1.05 -> 38.3355 | O34: =M34-N34 -> 274.0045 | P34: 171.05 | Q34: 81.6 | R34: =SUM(O34:Q34) -> 526.6545 | S34: =(I34-R34)+S33 -> 814.43728 | T34: 260.17 | U34: 69.32 | V34: =V33-U34 -> 13805.17 | W34: =N34+R34+T34+U34 -> 894.48 | X34: =IF(L34<0,L34*-1,0) -> 0 | Y34: =W34+X34 -> 894.48 | Z34: 0 | AA34: 84 | AB34: 50 | AC34: =AC33+1 -> 25
A35: =A34+1 -> 26 | B35: 6913.65 | C35: 336792 | D35: =C35-C34 -> -1604 | E35: =C35-152000 -> 184792 | F35: =D35/$D$2 -> -808.87544 | G35: 166.55 | H35: 0 | I35: =G35+H35 -> 166.55 | J35: =IF(L35>0,L35,0) -> 0 | K35: =I35+J35 -> 166.55 | L35: =F35-(I35-W35) -> -101.73544 | M35: 311.26 | N35: =(22.53+21.56)*1.05 -> 46.2945 | O35: =M35-N35 -> 264.9655 | P35: 172.25 | Q35: 82.92 | R35: =SUM(O35:Q35) -> 520.1355 | S35: =(I35-R35)+S34 -> 460.85178 | T35: 237.96 | U35: 69.3 | V35: =V34-U35 -> 13735.87 | W35: =N35+R35+T35+U35 -> 873.69 | X35: =IF(L35<0,L35*-1,0) -> 101.73544 | Y35: =W35+X35 -> 975.42544 | Z35: 0.72 | AA35: 79 | AB35: 58 | AC35: =AC34+1 -> 26
A36: =A35+1 -> 27 | B36: 6913.51 | C36: 336217 | D36: =C36-C35 -> -575 | E36: =C36-152000 -> 184217 | F36: =D36/$D$2 -> -289.9647 | G36: 200.57 | H36: 0 | I36: =G36+H36 -> 200.57 | J36: =IF(L36>0,L36,0) -> 251.5653 | K36: =I36+J36 -> 452.1353 | L36: =F36-(I36-W36) -> 251.5653 | M36: 268.03 | N36: =(25.01+23.41)*1.05 -> 50.841 | O36: =M36-N36 -> 217.189 | P36: 175.58 | Q36: 78.84 | R36: =SUM(O36:Q36) -> 471.609 | S36: =(I36-R36)+S35 -> 189.81278 | T36: 149.98 | U36: 69.67 | V36: =V35-U36 -> 13666.2 | W36: =N36+R36+T36+U36 -> 742.1 | X36: =IF(L36<0,L36*-1,0) -> 0 | Y36: =W36+X36 -> 742.1 | Z36: 0.52 | AA36: 67 | AB36: 53 | AC36: =AC35+1 -> 27
A37: =A36+1 -> 28 | B37: 6913.36 | C37: 335601 | D37: =C37-C36 -> -616 | E37: =C37-152000 -> 183601 | F37: =D37/$D$2 -> -310.64044 | G37: 294.85 | H37: 0 | I37: =G37+H37 -> 294.85 | J37: =IF(L37>0,L37,0) -> 74.479556 | K37: =I37+J37 -> 369.32956 | L37: =F37-(I37-W37) -> 74.479556 | M37: 235.84 | N37: =(22.97+20.51)*1.05 -> 45.654 | O37: =M37-N37 -> 190.186 | P37: 156.74 | Q37: 69.58 | R37: =SUM(O37:Q37) -> 416.506 | S37: =(I37-R37)+S36 -> 68.156777 | T37: 148.49 | U37: 69.32 | V37: =V36-U37 -> 13596.88 | W37: =N37+R37+T37+U37 -> 679.97 | X37: =IF(L37<0,L37*-1,0) -> 0 | Y37: =W37+X37 -> 679.97 | Z37: 0.08 | AA37: 75 | AB37: 50 | AC37: =AC36+1 -> 28
A38: =A37+1 -> 29 | B38: 6913.18 | C38: 334861 | D38: =C38-C37 -> -740 | E38: =C38-152000 -> 182861 | F38: =D38/$D$2 -> -373.17196 | G38: 337.35 | H38: 0 | I38: =G38+H38 -> 337.35 | J38: =IF(L38>0,L38,0) -> 0 | K38: =I38+J38 -> 337.35 | L38: =F38-(I38-W38) -> -18.301962 | M38: 215.11 | N38: =(21.65+21.61)*1.05 -> 45.423 | O38: =M38-N38 -> 169.687 | P38: 146.83 | Q38: 69.04 | R38: =SUM(O38:Q38) -> 385.557 | S38: =(I38-R38)+S37 -> 19.949777 | T38: 191.92 | U38: 69.32 | V38: =V37-U38 -> 13527.56 | W38: =N38+R38+T38+U38 -> 692.22 | X38: =IF(L38<0,L38*-1,0) -> 18.301962 | Y38: =W38+X38 -> 710.52196 | Z38: 0 | AA38: 86 | AB38: 50 | AC38: =AC37+1 -> 29
A39: 30 | B39: 6912.95 | C39: 333917 | D39: =C39-C38 -> -944 | E39: =C39-152000 -> 181917 | F39: =D39/$D$2 -> -476.04639 | G39: 266.59 | H39: 0 | I39: =G39+H39 -> 266.59 | J39: =IF(L39>0,L39,0) -> 0 | K39: =I39+J39 -> 266.59 | L39: =F39-(I39-W39) -> -50.136394 | M39: 234.83 | N39: =(21.46+21.44)*1.05 -> 45.045 | O39: =M39-N39 -> 189.785 | P39: 146.87 | Q39: 69.03 | R39: =SUM(O39:Q39) -> 405.685 | S39: =(I39-R39)+S38 -> -119.14522 | T39: 172.41 | U39: 69.36 | V39: =V38-U39 -> 13458.2 | W39: =N39+R39+T39+U39 -> 692.5 | X39: =IF(L39<0,L39*-1,0) -> 50.136394 | Y39: =W39+X39 -> 742.63639 | Z39: 0.02 | AA39: 84 | AB39: 54 | AC39: 30
AA40: 73
A41: MONTH / CFS | F41: =SUM(F10:F39) -> -15173.979 | G41: =SUM(G10:G39) -> 10739.49 | H41: =SUM(H10:H39) -> 0 | I41: =SUM(I10:I39) -> 10739.49 | J41: =SUM(J10:J39) -> 604.42516 | K41: =SUM(K10:K39) -> 11343.915 | L41: =SUM(L10:L39) -> -2134.2088 | M41: =SUM(M10:M39) -> 8799.61 | ... R41: =SUM(R10:R39) -> 14953.883 | T41: =SUM(T10:T39) -> 5383.8 | U41: =SUM(U10:U39) -> 2040.73 | W41: =SUM(W10:W39) -> 23779.26 | X41: =SUM(X10:X39) -> 2738.634 | Y41: =SUM(Y10:Y39) -> 26517.894 | Z41: =SUM(Z10:Z39) -> 2.18 | AA41: =AVERAGE(AA10:AA39) -> 82.5 | AB41: =AVERAGE(AB10:AB39) -> 51.133333
A42: MONTH / AF | D42: =SUM(D10:D39) -> -30090 | F42: =F41*$D$2 -> -30090 | G42: =G41*$D$2 -> 21296.409 | H42: =H41*$D$2 -> 0 | I42: =I41*$D$2 -> 21296.409 | J42: =J41*$D$2 -> 1198.5751 | K42: =K41*$D$2 -> 22494.984 | L42: =L41*$D$2 -> -4232.1361 | M42: =M41*$D$2 -> 17449.627 | ... R42: =R41*$D$2 -> 29653.55 | T42: =T41*$D$2 -> 10676.075 | U42: =U41*$D$2 -> 4046.7676 | W42: =W41*$D$2 -> 47154.273 | X42: =X41*$D$2 -> 5430.7112 | Y42: =Y41*$D$2 -> 52584.984 | AA42: =MAX(AA10:AA39) -> 89 | AB42: =MAX(AB10:AB39) -> 58 | AC42: HI
A44: SEASON / CFS | F44: =F7+F41 -> 8022.3385 | G44: =G7+G41 -> 63926.94 | H44: =H7+H41 -> 694.98 | I44: =I7+I41 -> 64621.92 | J44: =J7+J41 -> 7346.3101 | K44: =K7+K41 -> 71968.23 | L44: =L7+L41 -> 2586.938 | M44: =M7+M41 -> 22187.8 | ... R44: =R7+R41 -> 36195.051 | S44: =S39 -> -119.14522 | T44: =T7+T41 -> 13656.459 | U44: =U7+U41 -> 5054.53 | V44: 0 | W44: =W7+W41 -> 59186.519 | X44: =X7+X41 -> 4759.3722 | Y44: =Y7+Y41 -> 63945.892 | AA44: =MIN(AA10:AA39) -> 67 | AB44: =MIN(AB10:AB39) -> 42 | AC44: LO
A45: SEASON / AF | D45: =D7+D42 -> -30090 | F45: =F44*$D$2 -> 15908.297 | G45: =G44*$D$2 -> 126767.12 | H45: =H44*$D$2 -> 1378.1453 | I45: =I44*$D$2 -> 128145.27 | J45: =J44*$D$2 -> 14567.733 | K45: =K44*$D$2 -> 142713 | L45: =L44*$D$2 -> 5129.898 | M45: =M44*$D$2 -> 43998.407 | ... U45: =U44*$D$2 -> 10023.133 | V45: 0 | W45: =W44*$D$2 -> 117366.87 | X45: =X44*$D$2 -> 9437.835 | Y45: =Y44*$D$2 -> 126804.7
A47: YTD / CFS | F47: =F8+F41 -> 10270.952 | G47: =G8+G41 -> 75240.55 | H47: =H8+H41 -> 817.24 | I47: =I8+I41 -> 76057.69 | J47: =J8+J41 -> 9747.1102 | K47: =K8+K41 -> 85804.8 | L47: =L8+L41 -> 802.95105 | M47: =M8+M41 -> 23639.6 | ... R47: =R8+R41 -> 38297.401 | S47: =S39 -> -119.14522 | T47: =T8+T41 -> 13656.459 | U47: =U8+U41 -> 10171.65 | V47: =V39 -> 13458.2 | W47: =W8+W41 -> 66589.689 | X47: =X8+X41 -> 8944.1592 | Y47: =Y8+Y41 -> 75533.849 | Z47: =Z8+Z41 -> 6.07
A48: YTD / AF | D48: =D8+D42 -> 20371 | E48: =E39 -> 181917 | F48: =F47*$D$2 -> 20367.297 | G48: =G47*$D$2 -> 149202.01 | H48: =H47*$D$2 -> 1620.5869 | I48: =I47*$D$2 -> 150822.4 | J48: =J47*$D$2 -> 19328.52 | K48: =K47*$D$2 -> 170150.92 | L48: =L47*$D$2 -> 1592.2519 | M48: =M47*$D$2 -> 46877.327 | ... Y48: =Y47*$D$2 -> 149783.62
A50: ="6/11/96 thru 7/9/96" -> 6/11/96 thru 7/9/96 | G50: RUNOFF APR - JUN / 30 yr avg | K50: =67300+112800+78200 -> 258300 | R50: Non spill | S50: =72000-R45 -> 225.21463
B51: 6910.56 | C51: 324234 | E51: =C51-152000 -> 172234 | G51: RUNOFF APR - JUN / percent | K51: =K48/K50 -> 0.65873372 | P51: Add to MVI call | R51: Ctz/MW | S51: 2166
R52: Totten | S52: 3400
B53: =B51-B20 -> -7.23 | D53: =C51-C34 -> -14162 | R53: Grhog | S53: 2300
R54: Total | S54: =SUM(S50:S53) -> 8091.2146
R55: cfs | S55: =S54/$D$2 -> 4080.2898

Sheet JUL
K1: MC PHEE RESERVOIR IN/OUT FLOW TABULATION
A2: AF/cfs CONVERT FACTOR | D2: 1.983 | K2: JULY "96"
A4: DATE | B4: RESERV | C4: RESERV | D4: AC FT | E4: ACTIVE | F4: CONV TO | G4: DOLORES | H4: LOST | I4: RECORDED | J4: CALC | K4: TOTAL | L4: CALC | M4: DOLORES TUNNEL | P4: LONE | Q4: U | R4: TOTAL | S4: MVI | T4: DV CR | U4: BELOW | V4: REMAIN | W4: RECORDED | X4: CALC | Y4: TOTAL | Z4: RAIN | AA4: MAX | AB4: MIN | AC4: DATE
A5: "JUL" | B5: ELEV | C5: AC FT | D5: CHANGE | E5: CAP | F5: CFS | G5: RIVER | H5: CANYON | I5: INFLOW | J5: INFLOW | K5: INFLOW | L5: INF/OTF | M5: TOT DIV | N5: UTE F&R | O5: MVI,CTZ | P5: PINE | Q5: LATERAL | R5: MVI | S5: CALL | T5: CANAL | U5: MC PHEE | V5: RELEASE | W5: OUTFLOW | X5: OUTFLOW | Y5: OUTFLOW | AA5: TMP | AB5: TMP | AC5: "JUL"
A7: SEASON BAL | F7: {=JUN!$F$44:$Y$44} -> 8022.3385 | G7: 63926.94 | H7: 694.98 | I7: 64621.92 | J7: 7346.3101 | K7: 71968.23 | L7: 2586.938 | M7: 22187.8 | N7: 4259.8094 | O7: 17927.991 | P7: 12291.53 | Q7: 5975.53 | R7: 36195.051 | S7: -119.14522 | T7: 13656.459 | U7: 5054.53 | V7: 0 | W7: 59186.519 | X7: 4759.3722 | Y7: 63945.892
A8: YTD | B8: {=JUN!$B$39:$C$39} -> 6912.95 | C8: 333917 | D8: {=JUN!$D$48:$E$48} -> 20371 | E8: 181917 | F8: {=JUN!$F$47:$Z$47} -> 10270.952 | G8: 75240.55 | H8: 817.24 | I8: 76057.69 | J8: 9747.1102 | K8: 85804.8 | L8: 802.95105 | M8: 23639.6 | N8: 4319.5094 | O8: 18827.591 | P8: 13125.78 | Q8: 5975.53 | R8: 38297.401 | S8: -119.14522 | T8: 13656.459 | U8: 10171.65 | V8: 13458.2 | W8: 66589.689 | X8: 8944.1592 | Y8: 75533.849 | Z8: 6.07
A10: 1 | B10: 6912.75 | C10: 333102 | D10: =C10-C8 -> -815 | E10: =C10-152000 -> 181102 | F10: =D10/$D$2 -> -410.99344 | G10: 267.63 | H10: 0 | I10: =G10+H10 -> 267.63 | J10: =IF(L10>0,L10,0) -> 22.376556 | K10: =I10+J10 -> 290.00656 | L10: =F10-(I10-W10) -> 22.376556 | M10: 229.7 | N10: =(22.03+22.02)*1.05 -> 46.2525 | O10: =M10-N10 -> 183.4475 | P10: 147.36 | Q10: 68.68 | R10: =SUM(O10:Q10) -> 399.4875 | S10: =S7-R10 -> -518.63272 | T10: 186.58 | U10: 68.68 | V10: =V8-U10 -> 13389.52 | W10: =R10+T10+N10+U10 -> 701 | X10: =IF(L10<0,L10*-1,0) -> 0 | Y10: =W10+X10 -> 701 | Z10: 0 | AA10: 88 | AB10: 52 | AC10: 1
A11: =A10+1 -> 2 | B11: 6912.48 | C11: 332001 | D11: =C11-C10 -> -1101 | E11: =C11-152000 -> 180001 | F11: =D11/$D$2 -> -555.21936 | G11: 243.39 | H11: 0 | I11: =G11+H11 -> 243.39 | J11: =IF(L11>0,L11,0) -> 0 | K11: =I11+J11 -> 243.39 | L11: =F11-(I11-W11) -> -45.029365 | M11: 241.86 | N11: =(20.96+20.87)*1.05 -> 43.9215 | O11: =M11-N11 -> 197.9385 | P11: 147.68 | Q11: 68.96 | R11: =SUM(O11:Q11) -> 414.5785 | S11: =S10-R11 -> -933.21122 | T11: 226.12 | U11: 68.96 | V11: =V10-U11 -> 13320.56 | W11: =R11+T11+N11+U11 -> 753.58 | X11: =IF(L11<0,L11*-1,0) -> 45.029365 | Y11: =W11+X11 -> 798.60936 | Z11: 0 | AA11: 86 | AB11: 55 | AC11: =AC10+1 -> 2
A12: =A11+1 -> 3 | B12: 6912.25 | C12: 331064 | D12: =C12-C11 -> -937 | E12: =C12-152000 -> 179064 | F12: =D12/$D$2 -> -472.51639 | G12: 238.32 | H12: 0 | I12: =G12+H12 -> 238.32 | J12: =IF(L12>0,L12,0) -> 33.113611 | K12: =I12+J12 -> 271.43361 | L12: =F12-(I12-W12) -> 33.113611 | M12: 223.52 | N12: =(16.22+15.1)*1.05 -> 32.886 | O12: =M12-N12 -> 190.634 | P12: 147.31 | Q12: 69.64 | R12: =SUM(O12:Q12) -> 407.584 | S12: =S11-R12 -> -1340.7952 | T12: 233.84 | U12: 69.64 | V12: =V11-U12 -> 13250.92 | W12: =R12+T12+N12+U12 -> 743.95 | X12: =IF(L12<0,L12*-1,0) -> 0 | Y12: =W12+X12 -> 743.95 | Z12: 0 | AA12: 92 | AB12: 57 | AC12: =AC11+1 -> 3
A13: =A12+1 -> 4 | B13: 6911.95 | C13: 329842 | D13: =C13-C12 -> -1222 | E13: =C13-152000 -> 177842 | F13: =D13/$D$2 -> -616.23802 | G13: 228.85 | H13: 0 | I13: =G13+H13 -> 228.85 | J13: =IF(L13>0,L13,0) -> 0 | K13: =I13+J13 -> 228.85 | L13: =F13-(I13-W13) -> -93.828023 | M13: 232.39 | N13: =(14.18+13.55)*1.05 -> 29.1165 | O13: =M13-N13 -> 203.2735 | P13: 146.91 | Q13: 69.33 | R13: =SUM(O13:Q13) -> 419.5135 | S13: =S12-R13 -> -1760.3087 | T13: 233.3 | U13: 69.33 | V13: =V12-U13 -> 13181.59 | W13: =R13+T13+N13+U13 -> 751.26 | X13: =IF(L13<0,L13*-1,0) -> 93.828023 | Y13: =W13+X13 -> 845.08802 | Z13: 0 | AA13: 94 | AB13: 57 | AC13: =AC12+1 -> 4
A14: =A13+1 -> 5 | B14: 6911.66 | C14: 328669 | D14: =C14-C13 -> -1173 | E14: =C14-152000 -> 176669 | F14: =D14/$D$2 -> -591.52799 | G14: 219.91 | H14: 0 | I14: =G14+H14 -> 219.91 | J14: =IF(L14>0,L14,0) -> 0 | K14: =I14+J14 -> 219.91 | L14: =F14-(I14-W14) -> -29.407988 | M14: 244.17 | N14: =(15.47+16.34)*1.05 -> 33.4005 | O14: =M14-N14 -> 210.7695 | P14: 146.31 | Q14: 68.79 | R14: =SUM(O14:Q14) -> 425.8695 | S14: =S13-R14 -> -2186.1782 | T14: 253.44 | U14: 69.32 | V14: =V13-U14 -> 13112.27 | W14: =R14+T14+N14+U14 -> 782.03 | X14: =IF(L14<0,L14*-1,0) -> 29.407988 | Y14: =W14+X14 -> 811.43799 | Z14: 0 | AA14: 92 | AB14: 54 | AC14: =AC13+1 -> 5
A15: =A14+1 -> 6 | B15: 6911.33 | C15: 327334 | D15: =C15-C14 -> -1335 | E15: =C15-152000 -> 175334 | F15: =D15/$D$2 -> -673.22239 | G15: 209.84 | H15: 0 | I15: =G15+H15 -> 209.84 | J15: =IF(L15>0,L15,0) -> 0 | K15: =I15+J15 -> 209.84 | L15: =F15-(I15-W15) -> -72.94239 | M15: 274.11 | N15: =(17.88+17.84)*1.05 -> 37.506 | O15: =M15-N15 -> 236.604 | P15: 146.87 | Q15: 68.5 | R15: =SUM(O15:Q15) -> 451.974 | S15: =S14-R15 -> -2638.1522 | T15: 251.32 | U15: 69.32 | V15: =V14-U15 -> 13042.95 | W15: =R15+T15+N15+U15 -> 810.12 | X15: =IF(L15<0,L15*-1,0) -> 72.94239 | Y15: =W15+X15 -> 883.06239 | Z15: 0 | AA15: 92 | AB15: 60 | AC15: =AC14+1 -> 6
A16: =A15+1 -> 7 | B16: 6911.03 | C16: 326121 | D16: =C16-C15 -> -1213 | E16: =C16-152000 -> 174121 | F16: =D16/$D$2 -> -611.69945 | G16: 203 | H16: 0 | I16: =G16+H16 -> 203 | J16: =IF(L16>0,L16,0) -> 0 | K16: =I16+J16 -> 203 | L16: =F16-(I16-W16) -> -26.469445 | M16: 267.35 | N16: =(21.98+21.8)*1.05 -> 45.969 | O16: =M16-N16 -> 221.381 | P16: 147.07 | Q16: 68.38 | R16: =SUM(O16:Q16) -> 436.831 | S16: =S15-R16 -> -3074.9832 | T16: 236.11 | U16: 69.32 | V16: =V15-U16 -> 12973.63 | W16: =R16+T16+N16+U16 -> 788.23 | X16: =IF(L16<0,L16*-1,0) -> 26.469445 | Y16: =W16+X16 -> 814.69945 | Z16: 0.02 | AA16: 90 | AB16: 65 | AC16: =AC15+1 -> 7
A17: =A16+1 -> 8 | B17: 6910.73 | C17: 324916 | D17: =C17-C16 -> -1205 | E17: =C17-152000 -> 172916 | F17: =D17/$D$2 -> -607.66515 | G17: 195.99 | H17: 0 | I17: =G17+H17 -> 195.99 | J17: =IF(L17>0,L17,0) -> 0 | K17: =I17+J17 -> 195.99 | L17: =F17-(I17-W17) -> -28.865154 | M17: 280.15 | N17: =(21.89+21.41)*1.05 -> 45.465 | O17: =M17-N17 -> 234.685 | P17: 147.28 | Q17: 68.96 | R17: =SUM(O17:Q17) -> 450.925 | S17: =S16-R17 -> -3525.9082 | T17: 209.04 | U17: 69.36 | V17: =V16-U17 -> 12904.27 | W17: =R17+T17+N17+U17 -> 774.79 | X17: =IF(L17<0,L17*-1,0) -> 28.865154 | Y17: =W17+X17 -> 803.65515 | Z17: 0.34 | AA17: 86 | AB17: 56 | AC17: =AC16+1 -> 8
A18: =A17+1 -> 9 | B18: 6910.43 | C18: 323712 | D18: =C18-C17 -> -1204 | E18: =C18-152000 -> 171712 | F18: =D18/$D$2 -> -607.16087 | G18: 211.02 | H18: 0 | I18: =G18+H18 -> 211.02 | J18: =IF(L18>0,L18,0) -> 0 | K18: =I18+J18 -> 211.02 | L18: =F18-(I18-W18) -> -24.020867 | M18: 285.13 | N18: =(23.42+23.6)*1.05 -> 49.371 | O18: =M18-N18 -> 235.759 | P18: 146.91 | Q18: 69.02 | R18: =SUM(O18:Q18) -> 451.689 | S18: =S17-R18 -> -3977.5972 | T18: 223.78 | U18: 69.32 | V18: =V17-U18 -> 12834.95 | W18: =R18+T18+N18+U18 -> 794.16 | X18: =IF(L18<0,L18*-1,0) -> 24.020867 | Y18: =W18+X18 -> 818.18087 | Z18: 0 | AA18: 80 | AB18: 55 | AC18: =AC17+1 -> 9
A19: =A18+1 -> 10 | B19: 6910.17 | C19: 322669 | D19: =C19-C18 -> -1043 | E19: =C19-152000 -> 170669 | F19: =D19/$D$2 -> -525.97075 | G19: 240.83 | H19: 0 | I19: =G19+H19 -> 240.83 | J19: =IF(L19>0,L19,0) -> 32.329249 | K19: =I19+J19 -> 273.15925 | L19: =F19-(I19-W19) -> 32.329249 | M19: 280.82 | N19: =(23.26+23.36)*1.05 -> 48.951 | O19: =M19-N19 -> 231.869 | P19: 146.64 | Q19: 68.68 | R19: =SUM(O19:Q19) -> 447.189 | S19: =S18-R19 -> -4424.7862 | T19: 227.39 | U19: 75.6 | V19: =V18-U19 -> 12759.35 | W19: =R19+T19+N19+U19 -> 799.13 | X19: =IF(L19<0,L19*-1,0) -> 0 | Y19: =W19+X19 -> 799.13 | Z19: 0 | AA19: 87 | AB19: 55 | AC19: =AC18+1 -> 10
A20: =A19+1 -> 11 | B20: 6909.81 | C20: 321230 | D20: =C20-C19 -> -1439 | E20: =C20-152000 -> 169230 | F20: =D20/$D$2 -> -725.66818 | G20: 221.53 | H20: 0 | I20: =G20+H20 -> 221.53 | J20: =IF(L20>0,L20,0) -> 0 | K20: =I20+J20 -> 221.53 | L20: =F20-(I20-W20) -> -121.40818 | M20: 298.5 | N20: =(23.47+23.51)*1.05 -> 49.329 | O20: =M20-N20 -> 249.171 | P20: 146.39 | Q20: 68.27 | R20: =SUM(O20:Q20) -> 463.831 | S20: =S19-R20 -> -4888.6172 | T20: 232.88 | U20: 79.75 | V20: =V19-U20 -> 12679.6 | W20: =R20+T20+N20+U20 -> 825.79 | X20: =IF(L20<0,L20*-1,0) -> 121.40818 | Y20: =W20+X20 -> 947.19818 | Z20: 0 | AA20: 87 | AB20: 56 | AC20: =AC19+1 -> 11
A21: =A20+1 -> 12 | B21: 6909.5 | C21: 319996 | D21: =C21-C20 -> -1234 | E21: =C21-152000 -> 167996 | F21: =D21/$D$2 -> -622.28946 | G21: 197.31 | H21: 0 | I21: =G21+H21 -> 197.31 | J21: =IF(L21>0,L21,0) -> 0 | K21: =I21+J21 -> 197.31 | L21: =F21-(I21-W21) -> -3.4994604 | M21: 293.04 | N21: =(26.67+26.3)*1.05 -> 55.6185 | O21: =M21-N21 -> 237.4215 | P21: 146.05 | Q21: 67.46 | R21: =SUM(O21:Q21) -> 450.9315 | S21: =S20-R21 -> -5339.5487 | T21: 228.97 | U21: 80.58 | V21: =V20-U21 -> 12599.02 | W21: =R21+T21+N21+U21 -> 816.1 | X21: =IF(L21<0,L21*-1,0) -> 3.4994604 | Y21: =W21+X21 -> 819.59946 | Z21: 0 | AA21: 92 | AB21: 58 | AC21: =AC20+1 -> 12
A22: =A21+1 -> 13 | B22: 6909.22 | C22: 318881 | D22: =C22-C21 -> -1115 | E22: =C22-152000 -> 166881 | F22: =D22/$D$2 -> -562.27937 | G22: 194.63 | H22: 0 | I22: =G22+H22 -> 194.63 | J22: =IF(L22>0,L22,0) -> 0 | K22: =I22+J22 -> 194.63 | L22: =F22-(I22-W22) -> -36.929375 | M22: 270.86 | N22: =(21.23+20.73)*1.05 -> 44.058 | O22: =M22-N22 -> 226.802 | P22: 115.13 | Q22: 70.69 | R22: =SUM(O22:Q22) -> 412.622 | S22: =S21-R22 -> -5752.1707 | T22: 182.67 | U22: 80.63 | V22: =V21-U22 -> 12518.39 | W22: =R22+T22+N22+U22 -> 719.98 | X22: =IF(L22<0,L22*-1,0) -> 36.929375 | Y22: =W22+X22 -> 756.90937 | Z22: 0.34 | AA22: 73 | AB22: 57 | AC22: =AC21+1 -> 13
A23: =A22+1 -> 14 | B23: 6908.95 | C23: 317808 | D23: =C23-C22 -> -1073 | E23: =C23-152000 -> 165808 | F23: =D23/$D$2 -> -541.09934 | G23: 190.71 | H23: 0 | I23: =G23+H23 -> 190.71 | J23: =IF(L23>0,L23,0) -> 0 | K23: =I23+J23 -> 190.71 | L23: =F23-(I23-W23) -> -23.549344 | M23: 279.91 | N23: =(18.34+19.35)*1.05 -> 39.5745 | O23: =M23-N23 -> 240.3355 | P23: 97.12 | Q23: 70.69 | R23: =SUM(O23:Q23) -> 408.1455 | S23: =S22-R23 -> -6160.3162 | T23: 179.96 | U23: 80.58 | V23: =V22-U23 -> 12437.81 | W23: =R23+T23+N23+U23 -> 708.26 | X23: =IF(L23<0,L23*-1,0) -> 23.549344 | Y23: =W23+X23 -> 731.80934 | Z23: 0 | AA23: 90 | AB23: 54 | AC23: =AC22+1 -> 14
A24: =A23+1 -> 15 | B24: 6908.67 | C24: 316663 | D24: =C24-C23 -> -1145 | E24: =C24-152000 -> 164663 | F24: =D24/$D$2 -> -577.40797 | G24: 177.94 | H24: 0 | I24: =G24+H24 -> 177.94 | J24: =IF(L24>0,L24,0) -> 0 | K24: =I24+J24 -> 177.94 | L24: =F24-(I24-W24) -> -22.587968 | M24: 277.99 | N24: =(23.67+22.97)*1.05 -> 48.972 | O24: =M24-N24 -> 229.018 | P24: 96.58 | Q24: 69.97 | R24: =SUM(O24:Q24) -> 395.568 | S24: =S23-R24 -> -6555.8842 | T24: 207.64 | U24: 80.58 | V24: =V23-U24 -> 12357.23 | W24: =R24+T24+N24+U24 -> 732.76 | X24: =IF(L24<0,L24*-1,0) -> 22.587968 | Y24: =W24+X24 -> 755.34797 | Z24: 0.002 | AA24: 89 | AB24: 62 | AC24: =AC23+1 -> 15
A25: =A24+1 -> 16 | B25: 6908.35 | C25: 315438 | D25: =C25-C24 -> -1225 | E25: =C25-152000 -> 163438 | F25: =D25/$D$2 -> -617.75088 | G25: 172.88 | H25: 0 | I25: =G25+H25 -> 172.88 | J25: =IF(L25>0,L25,0) -> 0 | K25: =I25+J25 -> 172.88 | L25: =F25-(I25-W25) -> -72.190883 | M25: 275.3 | N25: =(23.36+22.81)*1.05 -> 48.4785 | O25: =M25-N25 -> 226.8215 | P25: 96.6 | Q25: 69.83 | R25: =SUM(O25:Q25) -> 393.2515 | S25: =S24-R25 -> -6949.1357 | T25: 196.13 | U25: 80.58 | V25: =V24-U25 -> 12276.65 | W25: =R25+T25+N25+U25 -> 718.44 | X25: =IF(L25<0,L25*-1,0) -> 72.190883 | Y25: =W25+X25 -> 790.63088 | Z25: 0.63 | AA25: 84 | AB25: 59 | AC25: =AC24+1 -> 16
A26: =A25+1 -> 17 | B26: 6908.15 | C26: 314648 | D26: =C26-C25 -> -790 | E26: =C26-152000 -> 162648 | F26: =D26/$D$2 -> -398.38628 | G26: 179.85 | H26: 0 | I26: =G26+H26 -> 179.85 | J26: =IF(L26>0,L26,0) -> 28.543717 | K26: =I26+J26 -> 208.39372 | L26: =F26-(I26-W26) -> 28.543717 | M26: 245.74 | N26: =(17.94+13.2)*1.05 -> 32.697 | O26: =M26-N26 -> 213.043 | P26: 84.15 | Q26: 64 | R26: =SUM(O26:Q26) -> 361.193 | S26: =S25-R26 -> -7310.3287 | T26: 132.13 | U26: 80.76 | V26: =V25-U26 -> 12195.89 | W26: =R26+T26+N26+U26 -> 606.78 | X26: =IF(L26<0,L26*-1,0) -> 0 | Y26: =W26+X26 -> 606.78 | Z26: 0.17 | AA26: 80 | AB26: 58 | AC26: =AC25+1 -> 17
A27: =A26+1 -> 18 | B27: 6907.97 | C27: 313938 | D27: =C27-C26 -> -710 | E27: =C27-152000 -> 161938 | F27: =D27/$D$2 -> -358.04337 | G27: 212.63 | H27: 0 | I27: =G27+H27 -> 212.63 | J27: =IF(L27>0,L27,0) -> 10.946631 | K27: =I27+J27 -> 223.57663 | L27: =F27-(I27-W27) -> 10.946631 | M27: 235.95 | N27: =(21.55+18.99)*1.05 -> 42.567 | O27: =M27-N27 -> 193.383 | P27: 99.22 | Q27: 59.29 | R27: =SUM(O27:Q27) -> 351.893 | S27: =S26-R27 -> -7662.2217 | T27: 106.58 | U27: 80.58 | V27: =V26-U27 -> 12115.31 | W27: =R27+T27+N27+U27 -> 581.62 | X27: =IF(L27<0,L27*-1,0) -> 0 | Y27: =W27+X27 -> 581.62 | Z27: 0 | AA27: 85 | AB27: 56 | AC27: =AC26+1 -> 18
A28: =A27+1 -> 19 | B28: 6907.76 | C28: 313116 | D28: =C28-C27 -> -822 | E28: =C28-152000 -> 161116 | F28: =D28/$D$2 -> -414.52345 | G28: 205.46 | H28: 0 | I28: =G28+H28 -> 205.46 | J28: =IF(L28>0,L28,0) -> 0 | K28: =I28+J28 -> 205.46 | L28: =F28-(I28-W28) -> -1.0834493 | M28: 234.54 | N28: =(19.66+17.44)*1.05 -> 38.955 | O28: =M28-N28 -> 195.585 | P28: 98.74 | Q28: 57.41 | R28: =SUM(O28:Q28) -> 351.735 | S28: =S27-R28 -> -8013.9567 | T28: 147.63 | U28: 80.58 | V28: =V27-U28 -> 12034.73 | W28: =R28+T28+N28+U28 -> 618.9 | X28: =IF(L28<0,L28*-1,0) -> 1.0834493 | Y28: =W28+X28 -> 619.98345 | Z28: 0 | AA28: 87 | AB28: 58 | AC28: =AC27+1 -> 19
A29: =A28+1 -> 20 | B29: 6907.5 | C29: 312097 | D29: =C29-C28 -> -1019 | E29: =C29-152000 -> 160097 | F29: =D29/$D$2 -> -513.86788 | G29: 178.72 | H29: 0 | I29: =G29+H29 -> 178.72 | J29: =IF(L29>0,L29,0) -> 0 | K29: =I29+J29 -> 178.72 | L29: =F29-(I29-W29) -> -86.077877 | M29: 239.3 | N29: =(18.96+18.62)*1.05 -> 39.459 | O29: =M29-N29 -> 199.841 | P29: 98.25 | Q29: 57.19 | R29: =SUM(O29:Q29) -> 355.281 | S29: =S28-R29 -> -8369.2377 | T29: 131.19 | U29: 80.58 | V29: =V28-U29 -> 11954.15 | W29: =R29+T29+N29+U29 -> 606.51 | X29: =IF(L29<0,L29*-1,0) -> 86.077877 | Y29: =W29+X29 -> 692.58788 | Z29: 0 | AA29: 90 | AB29: 56 | AC29: =AC28+1 -> 20
A30: =A29+1 -> 21 | B30: 6907.24 | C30: 311078 | D30: =C30-C29 -> -1019 | E30: =C30-152000 -> 159078 | F30: =D30/$D$2 -> -513.86788 | G30: 165.8 | H30: 0 | I30: =G30+H30 -> 165.8 | J30: =IF(L30>0,L30,0) -> 0 | K30: =I30+J30 -> 165.8 | L30: =F30-(I30-W30) -> -78.377877 | M30: 236.99 | N30: =(22.05+22.07)*1.05 -> 46.326 | O30: =M30-N30 -> 190.664 | P30: 98.03 | Q30: 57.45 | R30: =SUM(O30:Q30) -> 346.144 | S30: =S29-R30 -> -8715.3817 | T30: 128.24 | U30: 80.58 | V30: =V29-U30 -> 11873.57 | W30: =R30+T30+N30+U30 -> 601.29 | X30: =IF(L30<0,L30*-1,0) -> 78.377877 | Y30: =W30+X30 -> 679.66788 | Z30: 0 | AA30: 93 | AB30: 55 | AC30: =AC29+1 -> 21
A31: =A30+1 -> 22 | B31: 6906.94 | C31: 309905 | D31: =C31-C30 -> -1173 | E31: =C31-152000 -> 157905 | F31: =D31/$D$2 -> -591.52799 | G31: 156.02 | H31: 0 | I31: =G31+H31 -> 156.02 | J31: =IF(L31>0,L31,0) -> 0 | K31: =I31+J31 -> 156.02 | L31: =F31-(I31-W31) -> -115.86799 | M31: 256.15 | N31: =(18.46+18.95)*1.05 -> 39.2805 | O31: =M31-N31 -> 216.8695 | P31: 98.9 | Q31: 61.54 | R31: =SUM(O31:Q31) -> 377.3095 | S31: =S30-R31 -> -9092.6912 | T31: 134.53 | U31: 80.56 | V31: =V30-U31 -> 11793.01 | W31: =R31+T31+N31+U31 -> 631.68 | X31: =IF(L31<0,L31*-1,0) -> 115.86799 | Y31: =W31+X31 -> 747.54799 | Z31: 0 | AA31: 91 | AB31: 59 | AC31: =AC30+1 -> 22
A32: =A31+1 -> 23 | B32: 6906.69 | C32: 308933 | D32: =C32-C31 -> -972 | E32: =C32-152000 -> 156933 | F32: =D32/$D$2 -> -490.16641 | G32: 146.45 | H32: 0 | I32: =G32+H32 -> 146.45 | J32: =IF(L32>0,L32,0) -> 4.6635855 | K32: =I32+J32 -> 151.11359 | L32: =F32-(I32-W32) -> 4.6635855 | M32: 261.39 | N32: =(20.62+20.54)*1.05 -> 43.218 | O32: =M32-N32 -> 218.172 | P32: 98.68 | Q32: 66.76 | R32: =SUM(O32:Q32) -> 383.612 | S32: =S31-R32 -> -9476.3032 | T32: 133.87 | U32: 80.58 | V32: =V31-U32 -> 11712.43 | W32: =R32+T32+N32+U32 -> 641.28 | X32: =IF(L32<0,L32*-1,0) -> 0 | Y32: =W32+X32 -> 641.28 | Z32: 0 | AA32: 91 | AB32: 58 | AC32: =AC31+1 -> 23
A33: =A32+1 -> 24 | B33: 6906.36 | C33: 307650 | D33: =C33-C32 -> -1283 | E33: =C33-152000 -> 155650 | F33: =D33/$D$2 -> -646.9995 | G33: 139.63 | H33: 0 | I33: =G33+H33 -> 139.63 | J33: =IF(L33>0,L33,0) -> 0 | K33: =I33+J33 -> 139.63 | L33: =F33-(I33-W33) -> -119.5395 | M33: 276.18 | N33: =(21.09+21.15)*1.05 -> 44.352 | O33: =M33-N33 -> 231.828 | P33: 98 | Q33: 68.89 | R33: =SUM(O33:Q33) -> 398.718 | S33: =S32-R33 -> -9875.0212 | T33: 143.44 | U33: 80.58 | V33: =V32-U33 -> 11631.85 | W33: =R33+T33+N33+U33 -> 667.09 | X33: =IF(L33<0,L33*-1,0) -> 119.5395 | Y33: =W33+X33 -> 786.6295 | Z33: 0 | AA33: 91 | AB33: 57 | AC33: =AC32+1 -> 24
A34: =A33+1 -> 25 | B34: 6906.09 | C34: 306601 | D34: =C34-C33 -> -1049 | E34: =C34-152000 -> 154601 | F34: =D34/$D$2 -> -528.99647 | G34: 133.52 | H34: 0 | I34: =G34+H34 -> 133.52 | J34: =IF(L34>0,L34,0) -> 5.03353 | K34: =I34+J34 -> 138.55353 | L34: =F34-(I34-W34) -> 5.03353 | M34: 274.16 | N34: =(20.65+20.46)*1.05 -> 43.1655 | O34: =M34-N34 -> 230.9945 | P34: 97.86 | Q34: 72.08 | R34: =SUM(O34:Q34) -> 400.9345 | S34: =S33-R34 -> -10275.956 | T34: 142.87 | U34: 80.58 | V34: =V33-U34 -> 11551.27 | W34: =R34+T34+N34+U34 -> 667.55 | X34: =IF(L34<0,L34*-1,0) -> 0 | Y34: =W34+X34 -> 667.55 | Z34: 0 | AA34: 86 | AB34: 59 | AC34: =AC33+1 -> 25
A35: =A34+1 -> 26 | B35: 6905.77 | C35: 305364 | D35: =C35-C34 -> -1237 | E35: =C35-152000 -> 153364 | F35: =D35/$D$2 -> -623.80232 | G35: 135.69 | H35: 0 | I35: =G35+H35 -> 135.69 | J35: =IF(L35>0,L35,0) -> 0 | K35: =I35+J35 -> 135.69 | L35: =F35-(I35-W35) -> -47.17232 | M35: 282.16 | N35: =(23.33+24.43)*1.05 -> 50.148 | O35: =M35-N35 -> 232.012 | P35: 99.14 | Q35: 78.37 | R35: =SUM(O35:Q35) -> 409.522 | S35: =S34-R35 -> -10685.478 | T35: 172.07 | U35: 80.58 | V35: =V34-U35 -> 11470.69 | W35: =R35+T35+N35+U35 -> 712.32 | X35: =IF(L35<0,L35*-1,0) -> 47.17232 | Y35: =W35+X35 -> 759.49232 | Z35: 0 | AA35: 86 | AB35: 59 | AC35: =AC34+1 -> 26
A36: =A35+1 -> 27 | B36: 6905.44 | C36: 304092 | D36: =C36-C35 -> -1272 | E36: =C36-152000 -> 152092 | F36: =D36/$D$2 -> -641.45234 | G36: 133.12 | H36: 0 | I36: =G36+H36 -> 133.12 | J36: =IF(L36>0,L36,0) -> 0 | K36: =I36+J36 -> 133.12 | L36: =F36-(I36-W36) -> -71.922345 | M36: 289.37 | N36: =(22.49+22.88)*1.05 -> 47.6385 | O36: =M36-N36 -> 241.7315 | P36: 100.17 | Q36: 79.4 | R36: =SUM(O36:Q36) -> 421.3015 | S36: =S35-R36 -> -11106.779 | T36: 153.08 | U36: 80.63 | V36: =V35-U36 -> 11390.06 | W36: =R36+T36+N36+U36 -> 702.65 | X36: =IF(L36<0,L36*-1,0) -> 71.922345 | Y36: =W36+X36 -> 774.57234 | Z36: 0 | AA36: 90 | AB36: 55 | AC36: =AC35+1 -> 27
A37: =A36+1 -> 28 | B37: 6905.16 | C37: 303013 | D37: =C37-C36 -> -1079 | E37: =C37-152000 -> 151013 | F37: =D37/$D$2 -> -544.12506 | G37: 135.54 | H37: 0 | I37: =G37+H37 -> 135.54 | J37: =IF(L37>0,L37,0) -> 7.844937 | K37: =I37+J37 -> 143.38494 | L37: =F37-(I37-W37) -> 7.844937 | M37: 271.91 | N37: =(22.71+22.04)*1.05 -> 46.9875 | O37: =M37-N37 -> 224.9225 | P37: 100.41 | Q37: 79.44 | R37: =SUM(O37:Q37) -> 404.7725 | S37: =S36-R37 -> -11511.552 | T37: 155.17 | U37: 80.58 | V37: =V36-U37 -> 11309.48 | W37: =R37+T37+N37+U37 -> 687.51 | X37: =IF(L37<0,L37*-1,0) -> 0 | Y37: =W37+X37 -> 687.51 | Z37: 0.04 | AA37: 86 | AB37: 59 | AC37: =AC36+1 -> 28
A38: =A37+1 -> 29 | B38: 6904.82 | C38: 301707 | D38: =C38-C37 -> -1306 | E38: =C38-152000 -> 149707 | F38: =D38/$D$2 -> -658.59808 | G38: 137.34 | H38: 0 | I38: =G38+H38 -> 137.34 | J38: =IF(L38>0,L38,0) -> 0 | K38: =I38+J38 -> 137.34 | L38: =F38-(I38-W38) -> -70.818084 | M38: 288.6 | N38: =(23.73+24.08)*1.05 -> 50.2005 | O38: =M38-N38 -> 238.3995 | P38: 101.07 | Q38: 79.55 | R38: =SUM(O38:Q38) -> 419.0195 | S38: =S37-R38 -> -11930.571 | T38: 175.32 | U38: 80.58 | V38: =V37-U38 -> 11228.9 | W38: =R38+T38+N38+U38 -> 725.12 | X38: =IF(L38<0,L38*-1,0) -> 70.818084 | Y38: =W38+X38 -> 795.93808 | Z38: 0 | AA38: 84 | AB38: 58 | AC38: =AC37+1 -> 29
A39: 30 | B39: 6904.48 | C39: 300407 | D39: =C39-C38 -> -1300 | E39: =C39-152000 -> 148407 | F39: =D39/$D$2 -> -655.57237 | G39: 141.83 | H39: 0 | I39: =G39+H39 -> 141.83 | J39: =IF(L39>0,L39,0) -> 0 | K39: =I39+J39 -> 141.83 | L39: =F39-(I39-W39) -> -60.682365 | M39: 291.19 | N39: =(22.03+22.39)*1.05 -> 46.641 | O39: =M39-N39 -> 244.549 | P39: 101.55 | Q39: 79.85 | R39: =SUM(O39:Q39) -> 425.949 | S39: =S38-R39 -> -12356.52 | T39: 183.55 | U39: 80.58 | V39: =V38-U39 -> 11148.32 | W39: =R39+T39+N39+U39 -> 736.72 | X39: =IF(L39<0,L39*-1,0) -> 60.682365 | Y39: =W39+X39 -> 797.40237 | Z39: 0 | AA39: 87 | AB39: 57 | AC39: 30
A40: 31 | B40: 6904.18 | C40: 299260 | D40: =C40-C39 -> -1147 | E40: =C40-152000 -> 147260 | F40: =D40/$D$2 -> -578.41654 | G40: 134.42 | H40: 0 | I40: =G40+H40 -> 134.42 | J40: =IF(L40>0,L40,0) -> 8.4134594 | K40: =I40+J40 -> 142.83346 | L40: =F40-(I40-W40) -> 8.4134594 | M40: 274.93 | N40: =(20.47+18.91)*1.05 -> 41.349 | O40: =M40-N40 -> 233.581 | P40: 101.35 | Q40: 80 | R40: =SUM(O40:Q40) -> 414.931 | S40: =S39-R40 -> -12771.451 | T40: 180.46 | U40: 84.51 | V40: =V39-U40 -> 11063.81 | W40: =R40+T40+N40+U40 -> 721.25 | X40: =IF(L40<0,L40*-1,0) -> 0 | Y40: =W40+X40 -> 721.25 | Z40: 0 | AA40: 91 | AB40: 58 | AC40: 31
AA41: 73
A42: MONTH / CFS | F42: =SUM(F10:F40) -> -17477.055 | G42: =SUM(G10:G40) -> 5749.8 | H42: =SUM(H10:H40) -> 0 | I42: =SUM(I10:I40) -> 5749.8 | J42: =SUM(J10:J40) -> 153.26527 | K42: =SUM(K10:K40) -> 5903.0653 | L42: =SUM(L10:L40) -> -1099.005 | M42: =SUM(M10:M40) -> 8213.36 | ... R42: =SUM(R10:R40) -> 12652.306 | T42: =SUM(T10:T40) -> 5729.3 | U42: =SUM(U10:U40) -> 2394.39 | V42: =V40 -> 11063.81 | W42: =SUM(W10:W40) -> 22127.85 | X42: =SUM(X10:X40) -> 1252.2702 | Y42: =SUM(Y10:Y40) -> 23380.12 | Z42: =SUM(Z10:Z40) -> 1.542 | AA42: =AVERAGE(AA10:AA40) -> 87.741935 | AB42: =AVERAGE(AB10:AB40) -> 57.225806
A43: MONTH / AF | D43: =SUM(D10:D40) -> -34657 | F43: =F42*$D$2 -> -34657 | G43: =G42*$D$2 -> 11401.853 | H43: =H42*$D$2 -> 0 | I43: =I42*$D$2 -> 11401.853 | J43: =J42*$D$2 -> 303.92504 | K43: =K42*$D$2 -> 11705.778 | L43: =L42*$D$2 -> -2179.3268 | M43: =M42*$D$2 -> 16287.093 | ... R43: =R42*$D$2 -> 25089.523 | T43: =T42*$D$2 -> 11361.202 | U43: =U42*$D$2 -> 4748.0754 | V43: =V42*$D$2 -> 21939.535 | W43: =W42*$D$2 -> 43879.527 | X43: =X42*$D$2 -> 2483.2519 | Y43: =Y42*$D$2 -> 46362.778 | AA43: =MAX(AA10:AA40) -> 94 | AB43: =MAX(AB10:AB40) -> 65 | AC43: HI
A45: SEASON / CFS | F45: =F7+F42 -> -9454.7165 | G45: =G7+G42 -> 69676.74 | H45: =H7+H42 -> 694.98 | I45: =I7+I42 -> 70371.72 | J45: =J7+J42 -> 7499.5754 | K45: =K7+K42 -> 77871.295 | L45: =L7+L42 -> 1487.933 | M45: =M7+M42 -> 30401.16 | ... R45: =R7+R42 -> 48847.357 | S45: =S40 -> -12771.451 | T45: =T7+T42 -> 19385.759 | U45: =U7+U42 -> 7448.92 | V45: =V7+V42 -> 11063.81 | W45: =W7+W42 -> 81314.369 | X45: =X7+X42 -> 6011.6424 | Y45: =Y7+Y42 -> 87326.012 | AA45: =MIN(AA10:AA40) -> 73 | AB45: =MIN(AB10:AB40) -> 52 | AC45: LO
A46: SEASON / AF | F46: =F45*$D$2 -> -18748.703 | G46: =G45*$D$2 -> 138168.98 | H46: =H45*$D$2 -> 1378.1453 | I46: =I45*$D$2 -> 139547.12 | J46: =J45*$D$2 -> 14871.658 | K46: =K45*$D$2 -> 154418.78 | L46: =L45*$D$2 -> 2950.5711 | M46: =M45*$D$2 -> 60285.5 | ... Y46: =Y45*$D$2 -> 173167.48
A48: YTD / CFS | F48: =F8+F42 -> -7206.1033 | G48: =G8+G42 -> 80990.35 | H48: =H8+H42 -> 817.24 | I48: =I8+I42 -> 81807.49 | J48: =J8+J42 -> 9900.3755 | K48: =K8+K42 -> 91707.866 | L48: =L8+L42 -> -296.05392 | M48: =M8+M42 -> 31852.96 | ... R48: =R8+R42 -> 50949.707 | T48: =T8+T42 -> 19385.759 | U48: =U8+U42 -> 12566.04 | V48: =V40 -> 11063.81 | W48: =W8+W42 -> 88717.539 | X48: =X8+X42 -> 10196.429 | Y48: =Y8+Y42 -> 98913.969 | Z48: =Z8+Z42 -> 7.612
A49: YTD / AF | D49: =D8+D43 -> -14286 | E49: =E40 -> 147260 | F49: =F48*$D$2 -> -14289.703 | G49: =G48*$D$2 -> 160603.86 | H49: =H48*$D$2 -> 1620.5869 | I49: =I48*$D$2 -> 162224.25 | J49: =J48*$D$2 -> 19632.445 | K49: =K48*$D$2 -> 181856.7 | L49: =L48*$D$2 -> -587.07492 | M49: =M48*$D$2 -> 63164.42 | ... U49: =U48*$D$2 -> 24918.457 | V49: =V40*$D$2 -> 21939.535 | W49: =W48*$D$2 -> 175926.88 | X49: =X48*$D$2 -> 20219.519 | Y49: =Y48*$D$2 -> 196146.4
A51: ="AUG / 12TH" -> AUG / 12TH | I51: 30 yr average | K51: 282600
B52: 6900.1 | C52: 283950 | E52: =C52-152000 -> 131950
A53: ="7/9/96 thru 8/13/96" -> 7/9/96 thru 8/13/96 | I53: 1996 Runoff = | K53: =K49/K51 -> 0.64351273
B54: =B52-B18 -> -10.33 | D54: =C52-C18 -> -39762

Sheet AUG
K1: MC PHEE RESERVOIR IN/OUT FLOW TABULATION
A2: AF/cfs CONVERT FACTOR | D2: 1.983 | K2: AUGUST "96"
A4: DATE | B4: RESERV | C4: RESERV | D4: AC FT | E4: ACTIVE | F4: CONV TO | G4: DOLORES | H4: LOST | I4: RECORDED | J4: CALC | K4: TOTAL | L4: CALC | M4: DOLORES TUNNEL | P4: LONE | Q4: U | R4: TOTAL | S4: MVI | T4: DV CR | U4: BELOW | V4: REMAIN | W4: RECORDED | X4: CALC | Y4: TOTAL | Z4: RAIN | AA4: MAX | AB4: MIN | AC4: DATE
A5: "AUG" | B5: ELEV | C5: AC FT | D5: CHANGE | E5: CAP | F5: CFS | G5: RIVER | H5: CANYON | I5: INFLOW | J5: INFLOW | K5: INFLOW | L5: INF/OTF | M5: TOT DIV | N5: UTE F&R | O5: MVI,CTZ | P5: PINE | Q5: LATERAL | R5: MVI | S5: CALL | T5: CANAL | U5: MC PHEE | V5: RELEASE | W5: OUTFLOW | X5: OUTFLOW | Y5: OUTFLOW | AA5: TMP | AB5: TMP | AC5: "AUG"
A7: SEASON BAL | F7: {=JUL!$F$45:$Y$45} -> -9454.7165 | G7: 69676.74 | H7: 694.98 | I7: 70371.72 | J7: 7499.5754 | K7: 77871.295 | L7: 1487.933 | M7: 30401.16 | N7: 5611.6634 | O7: 24789.497 | P7: 15935.26 | Q7: 8122.6 | R7: 48847.357 | S7: -12771.451 | T7: 19385.759 | U7: 7448.92 | V7: 11063.81 | W7: 81314.369 | X7: 6011.6424 | Y7: 87326.012
A8: YTD | B8: {=JUL!$B$40:$C$40} -> 6904.18 | C8: 299260 | D8: {=JUL!$D$49:$E$49} -> -14286 | E8: 147260 | F8: {=JUL!$F$48:$Z$48} -> -7206.1033 | G8: 80990.35 | H8: 817.24 | I8: 81807.49 | J8: 9900.3755 | K8: 91707.866 | L8: -296.05392 | M8: 31852.96 | N8: 5671.3634 | O8: 25689.097 | P8: 16769.51 | Q8: 8122.6 | R8: 50949.707 | S8: 0 | T8: 19385.759 | U8: 12566.04 | V8: 11063.81 | W8: 88717.539 | X8: 10196.429 | Y8: 98913.969 | Z8: 7.612
A10: 1 | B10: 6903.81 | C10: 297850 | D10: =C10-C8 -> -1410 | E10: =C10-152000 -> 145850 | F10: =D10/$D$2 -> -711.04387 | G10: 127.08 | H10: 0 | I10: =G10+H10 -> 127.08 | J10: =IF(L10>0,L10,0) -> 0 | K10: =I10+J10 -> 127.08 | L10: =F10-(I10-W10) -> -86.983873 | M10: 277.91 | N10: =(21.31+19.61)*1.05 -> 42.966 | O10: =M10-N10 -> 234.944 | P10: 100.52 | Q10: 79.07 | R10: =SUM(O10:Q10) -> 414.534 | S10: =(I10-R10)+S7 -> -13058.905 | T10: 208.82 | U10: 84.82 | V10: =V8-U10 -> 10978.99 | W10: =R10+T10+N10+U10 -> 751.14 | X10: =IF(L10<0,L10*-1,0) -> 86.983873 | Y10: =W10+X10 -> 838.12387 | Z10: 0 | AA10: 94 | AB10: 60 | AC10: 1
A11: =A10+1 -> 2 | B11: 6903.46 | C11: 296523 | D11: =C11-C10 -> -1327 | E11: =C11-152000 -> 144523 | F11: =D11/$D$2 -> -669.1881 | G11: 123.03 | H11: 0 | I11: =G11+H11 -> 123.03 | J11: =IF(L11>0,L11,0) -> 0 | K11: =I11+J11 -> 123.03 | L11: =F11-(I11-W11) -> -12.968099 | M11: 301.72 | N11: =(24.45+24.8)*1.05 -> 51.7125 | O11: =M11-N11 -> 250.0075 | P11: 100.19 | Q11: 81.01 | R11: =SUM(O11:Q11) -> 431.2075 | S11: =(I11-R11)+S10 -> -13367.083 | T11: 211.51 | U11: 84.82 | V11: =V10-U11 -> 10894.17 | W11: =R11+T11+N11+U11 -> 779.25 | X11: =IF(L11<0,L11*-1,0) -> 12.968099 | Y11: =W11+X11 -> 792.2181 | Z11: 0 | AA11: 89 | AB11: 61 | AC11: =AC10+1 -> 2
A12: =A11+1 -> 3 | B12: 6903.11 | C12: 295195 | D12: =C12-C11 -> -1328 | E12: =C12-152000 -> 143195 | F12: =D12/$D$2 -> -669.69239 | G12: 118.47 | H12: 0 | I12: =G12+H12 -> 118.47 | J12: =IF(L12>0,L12,0) -> 0 | K12: =I12+J12 -> 118.47 | L12: =F12-(I12-W12) -> -27.152385 | M12: 305.71 | N12: =(27.87+26.52)*1.05 -> 57.1095 | O12: =M12-N12 -> 248.6005 | P12: 100.2 | Q12: 82.23 | R12: =SUM(O12:Q12) -> 431.0305 | S12: =(I12-R12)+S11 -> -13679.643 | T12: 188.05 | U12: 84.82 | V12: =V11-U12 -> 10809.35 | W12: =R12+T12+N12+U12 -> 761.01 | X12: =IF(L12<0,L12*-1,0) -> 27.152385 | Y12: =W12+X12 -> 788.16239 | Z12: 0 | AA12: 84 | AB12: 62 | AC12: =AC11+1 -> 3
A13: =A12+1 -> 4 | B13: 6902.73 | C13: 292761 | D13: =C13-C12 -> -2434 | E13: =C13-152000 -> 140761 | F13: =D13/$D$2 -> -1227.4332 | G13: 119.05 | H13: 0 | I13: =G13+H13 -> 119.05 | J13: =IF(L13>0,L13,0) -> 0 | K13: =I13+J13 -> 119.05 | L13: =F13-(I13-W13) -> -582.65318 | M13: 302.04 | N13: =(27.3+26.82)*1.05 -> 56.826 | O13: =M13-N13 -> 245.214 | P13: 99.97 | Q13: 82.32 | R13: =SUM(O13:Q13) -> 427.504 | S13: =(I13-R13)+S12 -> -13988.097 | T13: 194.68 | U13: 84.82 | V13: =V12-U13 -> 10724.53 | W13: =R13+T13+N13+U13 -> 763.83 | X13: =IF(L13<0,L13*-1,0) -> 582.65318 | Y13: =W13+X13 -> 1346.4832 | Z13: 0 | AA13: 82 | AB13: 59 | AC13: =AC12+1 -> 4
A14: =A13+1 -> 5 | B14: 6902.36 | C14: 292369 | D14: =C14-C13 -> -392 | E14: =C14-152000 -> 140369 | F14: =D14/$D$2 -> -197.68028 | G14: 113.51 | H14: 0 | I14: =G14+H14 -> 113.51 | J14: =IF(L14>0,L14,0) -> 461.68972 | K14: =I14+J14 -> 575.19972 | L14: =F14-(I14-W14) -> 461.68972 | M14: 298.62 | N14: =(24.53+25.01)*1.05 -> 52.017 | O14: =M14-N14 -> 246.603 | P14: 99.65 | Q14: 83.1 | R14: =SUM(O14:Q14) -> 429.353 | S14: =(I14-R14)+S13 -> -14303.94 | T14: 210.19 | U14: 81.32 | V14: =V13-U14 -> 10643.21 | W14: =R14+T14+N14+U14 -> 772.88 | X14: =IF(L14<0,L14*-1,0) -> 0 | Y14: =W14+X14 -> 772.88 | Z14: 0 | AA14: 85 | AB14: 47 | AC14: =AC13+1 -> 5
A15: =A14+1 -> 6 | B15: 6902 | C15: 291014 | D15: =C15-C14 -> -1355 | E15: =C15-152000 -> 139014 | F15: =D15/$D$2 -> -683.30812 | G15: 107.91 | H15: 0 | I15: =G15+H15 -> 107.91 | J15: =IF(L15>0,L15,0) -> 0 | K15: =I15+J15 -> 107.91 | L15: =F15-(I15-W15) -> -8.698119 | M15: 295.67 | N15: =(23.07+22.33)*1.05 -> 47.67 | O15: =M15-N15 -> 248 | P15: 100.47 | Q15: 83.41 | R15: =SUM(O15:Q15) -> 431.88 | S15: =(I15-R15)+S14 -> -14627.91 | T15: 223.45 | U15: 79.52 | V15: =V14-U15 -> 10563.69 | W15: =R15+T15+N15+U15 -> 782.52 | X15: =IF(L15<0,L15*-1,0) -> 8.698119 | Y15: =W15+X15 -> 791.21812 | Z15: 0 | AA15: 84 | AB15: 50 | AC15: =AC14+1 -> 6
A16: =A15+1 -> 7 | B16: 6901.63 | C16: 289633 | D16: =C16-C15 -> -1381 | E16: =C16-152000 -> 137633 | F16: =D16/$D$2 -> -696.41957 | G16: 104.05 | H16: 0 | I16: =G16+H16 -> 104.05 | J16: =IF(L16>0,L16,0) -> 0 | K16: =I16+J16 -> 104.05 | L16: =F16-(I16-W16) -> -25.729566 | M16: 281.46 | N16: =(22.01+21.58)*1.05 -> 45.7695 | O16: =M16-N16 -> 235.6905 | P16: 100.46 | Q16: 82.94 | R16: =SUM(O16:Q16) -> 419.0905 | S16: =(I16-R16)+S15 -> -14942.951 | T16: 230.36 | U16: 79.52 | V16: =V15-U16 -> 10484.17 | W16: =R16+T16+N16+U16 -> 774.74 | X16: =IF(L16<0,L16*-1,0) -> 25.729566 | Y16: =W16+X16 -> 800.46957 | Z16: 0 | AA16: 88 | AB16: 54 | AC16: =AC15+1 -> 7
A17: =A16+1 -> 8 | B17: 6901.18 | C17: 287954 | D17: =C17-C16 -> -1679 | E17: =C17-152000 -> 135954 | F17: =D17/$D$2 -> -846.69692 | G17: 103.5 | H17: 0 | I17: =G17+H17 -> 103.5 | J17: =IF(L17>0,L17,0) -> 0 | K17: =I17+J17 -> 103.5 | L17: =F17-(I17-W17) -> -124.13692 | M17: 319.42 | N17: =+(30.46+29.16)*1.05 -> 62.601 | O17: =M17-N17 -> 256.819 | P17: 99.99 | Q17: 81.97 | R17: =SUM(O17:Q17) -> 438.779 | S17: =(I17-R17)+S16 -> -15278.23 | T17: 245.16 | U17: 79.52 | V17: =V16-U17 -> 10404.65 | W17: =R17+T17+N17+U17 -> 826.06 | X17: =IF(L17<0,L17*-1,0) -> 124.13692 | Y17: =W17+X17 -> 950.19692 | Z17: 0 | AA17: 85 | AB17: 53 | AC17: =AC16+1 -> 8
A18: =A17+1 -> 9 | B18: 6900.81 | C18: 286579 | D18: =C18-C17 -> -1375 | E18: =C18-152000 -> 134579 | F18: =D18/$D$2 -> -693.39385 | G18: 109.04 | H18: 0 | I18: =G18+H18 -> 109.04 | J18: =IF(L18>0,L18,0) -> 17.636152 | K18: =I18+J18 -> 126.67615 | L18: =F18-(I18-W18) -> 17.636152 | M18: 322.87 | N18: =(33.02+31.65)*1.05 -> 67.9035 | O18: =M18-N18 -> 254.9665 | P18: 100.02 | Q18: 91.72 | R18: =SUM(O18:Q18) -> 446.7065 | S18: =(I18-R18)+S17 -> -15615.896 | T18: 225.94 | U18: 79.52 | V18: =V17-U18 -> 10325.13 | W18: =R18+T18+N18+U18 -> 820.07 | X18: =IF(L18<0,L18*-1,0) -> 0 | Y18: =W18+X18 -> 820.07 | Z18: 0.11 | AA18: 86 | AB18: 52 | AC18: =AC17+1 -> 9
A19: =A18+1 -> 10 | B19: 6900.45 | C19: 285246 | D19: =C19-C18 -> -1333 | E19: =C19-152000 -> 133246 | F19: =D19/$D$2 -> -672.21382 | G19: 110.49 | H19: 0 | I19: =G19+H19 -> 110.49 | J19: =IF(L19>0,L19,0) -> 0 | K19: =I19+J19 -> 110.49 | L19: =F19-(I19-W19) -> -37.633817 | M19: 311.91 | N19: =(32.69+30.59)*1.05 -> 66.444 | O19: =M19-N19 -> 245.466 | P19: 94.93 | Q19: 79.31 | R19: =SUM(O19:Q19) -> 419.706 | S19: =(I19-R19)+S18 -> -15925.112 | T19: 179.4 | U19: 79.52 | V19: =V18-U19 -> 10245.61 | W19: =R19+T19+N19+U19 -> 745.07 | X19: =IF(L19<0,L19*-1,0) -> 37.633817 | Y19: =W19+X19 -> 782.70382 | Z19: 0 | AA19: 86 | AB19: 50 | AC19: =AC18+1 -> 10
A20: 11 | B20: 6900.1 | C20: 283950 | D20: =C20-C19 -> -1296 | E20: =C20-152000 -> 131950 | F20: =D20/$D$2 -> -653.55522 | G20: 106.4 | H20: 0 | I20: =G20+H20 -> 106.4 | J20: =IF(L20>0,L20,0) -> 0 | K20: =I20+J20 -> 106.4 | L20: =F20-(I20-W20) -> -30.945219 | M20: 306.39 | N20: =(27.3+27.31)*1.05 -> 57.3405 | O20: =M20-N20 -> 249.0495 | P20: 57 | Q20: 82.99 | R20: =SUM(O20:Q20) -> 389.0395 | S20: =(I20-R20)+S19 -> -16207.752 | T20: 203.11 | U20: 79.52 | V20: =V19-U20 -> 10166.09 | W20: =R20+T20+N20+U20 -> 729.01 | X20: =IF(L20<0,L20*-1,0) -> 30.945219 | Y20: =W20+X20 -> 759.95522 | Z20: 0 | AA20: 92 | AB20: 57 | AC20: 11
A21: 12 | B21: 6899.7 | C21: 282478 | D21: =C21-C20 -> -1472 | E21: =C21-152000 -> 130478 | F21: =D21/$D$2 -> -742.30963 | G21: 99.55 | H21: 0 | I21: =G21+H21 -> 99.55 | J21: =IF(L21>0,L21,0) -> 0 | K21: =I21+J21 -> 99.55 | L21: =F21-(I21-W21) -> -29.019632 | M21: 320.73 | N21: =(24.78+26.92)*1.05 -> 54.285 | O21: =M21-N21 -> 266.445 | P21: 90.42 | Q21: 81.66 | R21: =SUM(O21:Q21) -> 438.525 | S21: =(I21-R21)+S20 -> -16546.727 | T21: 240.51 | U21: 79.52 | V21: =V20-U21 -> 10086.57 | W21: =R21+T21+N21+U21 -> 812.84 | X21: =IF(L21<0,L21*-1,0) -> 29.019632 | Y21: =W21+X21 -> 841.85963 | Z21: 0 | AA21: 96 | AB21: 56 | AC21: 12
A22: 13 | B22: 6899.28 | C22: 280935 | D22: =C22-C21 -> -1543 | E22: =C22-152000 -> 128935 | F22: =D22/$D$2 -> -778.11397 | G22: 94.67 | H22: 0 | I22: =G22+H22 -> 94.67 | J22: =IF(L22>0,L22,0) -> 0 | K22: =I22+J22 -> 94.67 | L22: =F22-(I22-W22) -> -34.033969 | M22: 339.57 | N22: =(25.83+27.71)*1.05 -> 56.217 | O22: =M22-N22 -> 283.353 | P22: 101.84 | Q22: 82.68 | R22: =SUM(O22:Q22) -> 467.873 | S22: =(I22-R22)+S21 -> -16919.93 | T22: 235.14 | U22: 79.52 | V22: =V21-U22 -> 10007.05 | W22: =R22+T22+N22+U22 -> 838.75 | X22: =IF(L22<0,L22*-1,0) -> 34.033969 | Y22: =W22+X22 -> 872.78397 | Z22: 0 | AA22: 97 | AB22: 56 | AC22: 13
A23: 14 | B23: 6898.85 | C23: 279360 | D23: =C23-C22 -> -1575 | E23: =C23-152000 -> 127360 | F23: =D23/$D$2 -> -794.25113 | G23: 91.38 | H23: 0 | I23: =G23+H23 -> 91.38 | J23: =IF(L23>0,L23,0) -> 0 | K23: =I23+J23 -> 91.38 | L23: =F23-(I23-W23) -> -40.421135 | M23: 327.58 | N23: =(26.14+26.69)*1.05 -> 55.4715 | O23: =M23-N23 -> 272.1085 | P23: 99.01 | Q23: 83.2 | R23: =SUM(O23:Q23) -> 454.3185 | S23: =(I23-R23)+S22 -> -17282.868 | T23: 255.9 | U23: 79.52 | V23: =V22-U23 -> 9927.53 | W23: =R23+T23+N23+U23 -> 845.21 | X23: =IF(L23<0,L23*-1,0) -> 40.421135 | Y23: =W23+X23 -> 885.63113 | Z23: 0 | AA23: 92 | AB23: 59 | AC23: 14
A24: 15 | B24: 6898.42 | C24: 277792 | D24: =C24-C23 -> -1568 | E24: =C24-152000 -> 125792 | F24: =D24/$D$2 -> -790.72113 | G24: 89.94 | H24: 0 | I24: =G24+H24 -> 89.94 | J24: =IF(L24>0,L24,0) -> 0 | K24: =I24+J24 -> 89.94 | L24: =F24-(I24-W24) -> -43.30113 | M24: 325.98 | N24: =(27.57+29.54)*1.05 -> 59.9655 | O24: =M24-N24 -> 266.0145 | P24: 96.69 | Q24: 83.35 | R24: =SUM(O24:Q24) -> 446.0545 | S24: =(I24-R24)+S23 -> -17638.983 | T24: 251.82 | U24: 79.52 | V24: =V23-U24 -> 9848.01 | W24: =R24+T24+N24+U24 -> 837.36 | X24: =IF(L24<0,L24*-1,0) -> 43.30113 | Y24: =W24+X24 -> 880.66113 | Z24: 0 | AA24: 91 | AB24: 60 | AC24: 15
A25: 16 | B25: 6897.93 | C25: 276007 | D25: =C25-C24 -> -1785 | E25: =C25-152000 -> 124007 | F25: =D25/$D$2 -> -900.15129 | G25: 87.97 | H25: 0 | I25: =G25+H25 -> 87.97 | J25: =IF(L25>0,L25,0) -> 0 | K25: =I25+J25 -> 87.97 | L25: =F25-(I25-W25) -> -117.68129 | M25: 324.94 | N25: =(29.6+32.05)*1.05 -> 64.7325 | O25: =M25-N25 -> 260.2075 | P25: 126.36 | Q25: 82.36 | R25: =SUM(O25:Q25) -> 468.9275 | S25: =(I25-R25)+S24 -> -18019.94 | T25: 257.16 | U25: 79.62 | V25: =V24-U25 -> 9768.39 | W25: =R25+T25+N25+U25 -> 870.44 | X25: =IF(L25<0,L25*-1,0) -> 117.68129 | Y25: =W25+X25 -> 988.12129 | Z25: 0 | AA25: 89 | AB25: 54 | AC25: 16
A26: 17 | B26: 6897.5 | C26: 274452 | D26: =C26-C25 -> -1555 | E26: =C26-152000 -> 122452 | F26: =D26/$D$2 -> -784.16541 | G26: 85.72 | H26: 0 | I26: =G26+H26 -> 85.72 | J26: =IF(L26>0,L26,0) -> 0 | K26: =I26+J26 -> 85.72 | L26: =F26-(I26-W26) -> -3.375406 | M26: 321.73 | N26: =(28.52+27.5)*1.05 -> 58.821 | O26: =M26-N26 -> 262.909 | P26: 142.76 | Q26: 82.14 | R26: =SUM(O26:Q26) -> 487.809 | S26: =(I26-R26)+S25 -> -18422.029 | T26: 240.27 | U26: 79.61 | V26: =V25-U26 -> 9688.78 | W26: =R26+T26+N26+U26 -> 866.51 | X26: =IF(L26<0,L26*-1,0) -> 3.375406 | Y26: =W26+X26 -> 869.88541 | Z26: 0.02 | AA26: 87 | AB26: 58 | AC26: 17
A27: 18 | B27: 6896.9 | C27: 272284 | D27: =C27-C26 -> -2168 | E27: =C27-152000 -> 120284 | F27: =D27/$D$2 -> -1093.293 | G27: 92.09 | H27: 0 | I27: =G27+H27 -> 92.09 | J27: =IF(L27>0,L27,0) -> 0 | K27: =I27+J27 -> 92.09 | L27: =F27-(I27-W27) -> -332.94299 | M27: 310.19 | N27: =(25.13+24.88)*1.05 -> 52.5105 | O27: =M27-N27 -> 257.6795 | P27: 139.37 | Q27: 82.71 | R27: =SUM(O27:Q27) -> 479.7595 | S27: =(I27-R27)+S26 -> -18809.699 | T27: 240.65 | U27: 79.52 | V27: =V26-U27 -> 9609.26 | W27: =R27+T27+N27+U27 -> 852.44 | X27: =IF(L27<0,L27*-1,0) -> 332.94299 | Y27: =W27+X27 -> 1185.383 | Z27: 0 | AA27: 84 | AB27: 54 | AC27: 18
A28: 19 | B28: 6896.6 | C28: 271208 | D28: =C28-C27 -> -1076 | E28: =C28-152000 -> 119208 | F28: =D28/$D$2 -> -542.6122 | G28: 94.56 | H28: 0 | I28: =G28+H28 -> 94.56 | J28: =IF(L28>0,L28,0) -> 212.65101 | K28: =I28+J28 -> 307.21101 | L28: =F28-(I28-W28) -> 212.65101 | M28: 300.83 | N28: =103/D2 -> 51.941503 | O28: =M28-N28 -> 248.8885 | P28: 138.4 | Q28: 82.6 | R28: =SUM(O28:Q28) -> 469.8885 | S28: =(I28-R28)+S27 -> -19185.027 | T28: =493/D2 -> 248.61321 | U28: 79.38 | V28: =V27-U28 -> 9529.88 | W28: =R28+T28+N28+U28 -> 849.82321 | X28: =IF(L28<0,L28*-1,0) -> 0 | Y28: =W28+X28 -> 849.82321 | Z28: 0 | AA28: 85 | AB28: 54 | AC28: 19
A29: 20 | B29: 6896.17 | C29: 269665 | D29: =C29-C28 -> -1543 | E29: =C29-152000 -> 117665 | F29: =D29/$D$2 -> -778.11397 | G29: 93.06 | H29: 0 | I29: =G29+H29 -> 93.06 | J29: =IF(L29>0,L29,0) -> 0 | K29: =I29+J29 -> 93.06 | L29: =F29-(I29-W29) -> -8.9707564 | M29: 313.86 | N29: =111/D2 -> 55.975794 | O29: =M29-N29 -> 257.88421 | P29: 137.83 | Q29: 82.7 | R29: =SUM(O29:Q29) -> 478.41421 | S29: =(I29-R29)+S28 -> -19570.381 | T29: =493/D2 -> 248.61321 | U29: 79.2 | V29: =V28-U29 -> 9450.68 | W29: =R29+T29+N29+U29 -> 862.20321 | X29: =IF(L29<0,L29*-1,0) -> 8.9707564 | Y29: =W29+X29 -> 871.17397 | Z29: 0 | AA29: 86 | AB29: 58 | AC29: 20
A30: 21 | B30: 6895.72 | C30: 268058 | D30: =C30-C29 -> -1607 | E30: =C30-152000 -> 116058 | F30: =D30/$D$2 -> -810.3883 | G30: 94.22 | H30: 0 | I30: =G30+H30 -> 94.22 | J30: =IF(L30>0,L30,0) -> 0 | K30: =I30+J30 -> 94.22 | L30: =F30-(I30-W30) -> -55.753681 | M30: 315.08 | N30: =118/D2 -> 59.505799 | O30: =M30-N30 -> 255.5742 | P30: 138.3 | Q30: 83 | R30: =SUM(O30:Q30) -> 476.8742 | S30: =(I30-R30)+S29 -> -19953.036 | T30: =463/D2 -> 233.48462 | U30: 78.99 | V30: =V29-U30 -> 9371.69 | W30: =R30+T30+N30+U30 -> 848.85462 | X30: =IF(L30<0,L30*-1,0) -> 55.753681 | Y30: =W30+X30 -> 904.6083 | Z30: 0.3 | AA30: 84 | AB30: 54 | AC30: 21
A31: 22 | B31: 6895.27 | C31: 266457 | D31: =C31-C30 -> -1601 | E31: =C31-152000 -> 114457 | F31: =D31/$D$2 -> -807.36258 | G31: 104.71 | H31: 0 | I31: =G31+H31 -> 104.71 | J31: =IF(L31>0,L31,0) -> 0 | K31: =I31+J31 -> 104.71 | L31: =F31-(I31-W31) -> -94.352582 | M31: 290.8 | N31: =(24.95+24.8)*1.05 -> 52.2375 | O31: =M31-N31 -> 238.5625 | P31: 139.28 | Q31: 83.22 | R31: =SUM(O31:Q31) -> 461.0625 | S31: =(I31-R31)+S30 -> -20309.388 | T31: 225.33 | U31: 79.09 | V31: =V30-U31 -> 9292.6 | W31: =R31+T31+N31+U31 -> 817.72 | X31: =IF(L31<0,L31*-1,0) -> 94.352582 | Y31: =W31+X31 -> 912.07258 | Z31: 0.01 | AA31: 81 | AB31: 56 | AC31: 22
A32: 23 | B32: 6894.89 | C32: 265108 | D32: =C32-C31 -> -1349 | E32: =C32-152000 -> 113108 | F32: =D32/$D$2 -> -680.2824 | G32: 110.62 | H32: 0 | I32: =G32+H32 -> 110.62 | J32: =IF(L32>0,L32,0) -> 4.2275996 | K32: =I32+J32 -> 114.8476 | L32: =F32-(I32-W32) -> 4.2275996 | M32: 284.68 | N32: =(25.28+26.99)*1.05 -> 54.8835 | O32: =M32-N32 -> 229.7965 | P32: 140.66 | Q32: 83.16 | R32: =SUM(O32:Q32) -> 453.6165 | S32: =(I32-R32)+S31 -> -20652.385 | T32: 207.34 | U32: 79.29 | V32: =V31-U32 -> 9213.31 | W32: =R32+T32+N32+U32 -> 795.13 | X32: =IF(L32<0,L32*-1,0) -> 0 | Y32: =W32+X32 -> 795.13 | Z32: 0.1 | AA32: 79 | AB32: 52 | AC32: 23
A33: 24 | B33: 6894.57 | C33: 263978 | D33: =C33-C32 -> -1130 | E33: =C33-152000 -> 111978 | F33: =D33/$D$2 -> -569.84367 | G33: 129.11 | H33: 0 | I33: =G33+H33 -> 129.11 | J33: =IF(L33>0,L33,0) -> 58.046329 | K33: =I33+J33 -> 187.15633 | L33: =F33-(I33-W33) -> 58.046329 | M33: 261.14 | N33: =(25.26+25.48)*1.05 -> 53.277 | O33: =M33-N33 -> 207.863 | P33: 141.06 | Q33: 81.84 | R33: =SUM(O33:Q33) -> 430.763 | S33: =(I33-R33)+S32 -> -20954.038 | T33: 193.67 | U33: 79.29 | V33: =V32-U33 -> 9134.02 | W33: =R33+T33+N33+U33 -> 757 | X33: =IF(L33<0,L33*-1,0) -> 0 | Y33: =W33+X33 -> 757 | Z33: 0.14 | AA33: 77 | AB33: 55 | AC33: 24
A34: 25 | B34: 6894.22 | C34: 262743 | D34: =C34-C33 -> -1235 | E34: =C34-152000 -> 110743 | F34: =D34/$D$2 -> -622.79375 | G34: 148.07 | H34: 0 | I34: =G34+H34 -> 148.07 | J34: =IF(L34>0,L34,0) -> 0 | K34: =I34+J34 -> 148.07 | L34: =F34-(I34-W34) -> -13.593747 | M34: 276.8 | N34: =(27.34+27.83)*1.05 -> 57.9285 | O34: =M34-N34 -> 218.8715 | P34: 140.91 | Q34: 80.73 | R34: =SUM(O34:Q34) -> 440.5115 | S34: =(I34-R34)+S33 -> -21246.479 | T34: 180.18 | U34: 78.65 | V34: =V33-U34 -> 9055.37 | W34: =R34+T34+N34+U34 -> 757.27 | X34: =IF(L34<0,L34*-1,0) -> 13.593747 | Y34: =W34+X34 -> 770.86375 | Z34: 0.15 | AA34: 80 | AB34: 57 | AC34: 25
A35: 26 | B35: 6893.86 | C35: 261477 | D35: =C35-C34 -> -1266 | E35: =C35-152000 -> 109477 | F35: =D35/$D$2 -> -638.42663 | G35: 163.74 | H35: 0 | I35: =G35+H35 -> 163.74 | J35: =IF(L35>0,L35,0) -> 0 | K35: =I35+J35 -> 163.74 | L35: =F35-(I35-W35) -> -72.646626 | M35: 268.75 | N35: =(24.37+24.02)*1.05 -> 50.8095 | O35: =M35-N35 -> 217.9405 | P35: 140.66 | Q35: 79.99 | R35: =SUM(O35:Q35) -> 438.5905 | S35: =(I35-R35)+S34 -> -21521.33 | T35: 161.48 | U35: 78.64 | V35: =V34-U35 -> 8976.73 | W35: =R35+T35+N35+U35 -> 729.52 | X35: =IF(L35<0,L35*-1,0) -> 72.646626 | Y35: =W35+X35 -> 802.16663 | Z35: 0.06 | AA35: 79 | AB35: 54 | AC35: 26
A36: 27 | B36: 6893.56 | C36: 260428 | D36: =C36-C35 -> -1049 | E36: =C36-152000 -> 108428 | F36: =D36/$D$2 -> -528.99647 | G36: 168.97 | H36: 0 | I36: =G36+H36 -> 168.97 | J36: =IF(L36>0,L36,0) -> 0 | K36: =I36+J36 -> 168.97 | L36: =F36-(I36-W36) -> -0.15646999 | M36: 239.09 | N36: =(21.62+21.18)*1.05 -> 44.94 | O36: =M36-N36 -> 194.15 | P36: 140.36 | Q36: 78.48 | R36: =SUM(O36:Q36) -> 412.99 | S36: =(I36-R36)+S35 -> -21765.35 | T36: 160.36 | U36: 79.52 | V36: =V35-U36 -> 8897.21 | W36: =R36+T36+N36+U36 -> 697.81 | X36: =IF(L36<0,L36*-1,0) -> 0.15646999 | Y36: =W36+X36 -> 697.96647 | Z36: 0 | AA36: 83 | AB36: 55 | AC36: 27
A37: 28 | B37: 6893.24 | C37: 259309 | D37: =C37-C36 -> -1119 | E37: =C37-152000 -> 107309 | F37: =D37/$D$2 -> -564.29652 | G37: 169.49 | H37: 0 | I37: =G37+H37 -> 169.49 | J37: =IF(L37>0,L37,0) -> 0 | K37: =I37+J37 -> 169.49 | L37: =F37-(I37-W37) -> -27.27652 | M37: 247.9 | N37: =(18.68+17.87)*1.05 -> 38.3775 | O37: =M37-N37 -> 209.5225 | P37: 139.93 | Q37: 77.71 | R37: =SUM(O37:Q37) -> 427.1625 | S37: =(I37-R37)+S36 -> -22023.022 | T37: 161.68 | U37: 79.29 | V37: =V36-U37 -> 8817.92 | W37: =R37+T37+N37+U37 -> 706.51 | X37: =IF(L37<0,L37*-1,0) -> 27.27652 | Y37: =W37+X37 -> 733.78652 | Z37: 0.11 | AA37: 84 | AB37: 55 | AC37: 28
A38: 29 | B38: 6892.74 | C38: 257568 | D38: =C38-C37 -> -1741 | E38: =C38-152000 -> 105568 | F38: =D38/$D$2 -> -877.96268 | G38: 147.57 | H38: 0 | I38: =G38+H38 -> 147.57 | J38: =IF(L38>0,L38,0) -> 0 | K38: =I38+J38 -> 147.57 | L38: =F38-(I38-W38) -> -307.14268 | M38: 254.68 | N38: =(25.69+24.86)*1.05 -> 53.0775 | O38: =M38-N38 -> 201.6025 | P38: 139.56 | Q38: 76.66 | R38: =SUM(O38:Q38) -> 417.8225 | S38: =(I38-R38)+S37 -> -22293.275 | T38: 168.48 | U38: 79.01 | V38: =V37-U38 -> 8738.91 | W38: =R38+T38+N38+U38 -> 718.39 | X38: =IF(L38<0,L38*-1,0) -> 307.14268 | Y38: =W38+X38 -> 1025.5327 | Z38: 0 | AA38: 86 | AB38: 54 | AC38: 29
A39: 30 | B39: 6892.53 | C39: 256840 | D39: =C39-C38 -> -728 | E39: =C39-152000 -> 104840 | F39: =D39/$D$2 -> -367.12052 | G39: 131.63 | H39: 0 | I39: =G39+H39 -> 131.63 | J39: =IF(L39>0,L39,0) -> 199.79948 | K39: =I39+J39 -> 331.42948 | L39: =F39-(I39-W39) -> 199.79948 | M39: 252.31 | N39: =(24.45+25.5)*1.05 -> 52.4475 | O39: =M39-N39 -> 199.8625 | P39: 139.26 | Q39: 76.76 | R39: =SUM(O39:Q39) -> 415.8825 | S39: =(I39-R39)+S38 -> -22577.527 | T39: 151.21 | U39: 79.01 | V39: =V38-U39 -> 8659.9 | W39: =R39+T39+N39+U39 -> 698.55 | X39: =IF(L39<0,L39*-1,0) -> 0 | Y39: =W39+X39 -> 698.55 | Z39: 0 | AA39: 85 | AB39: 50 | AC39: 30
A40: 31 | B40: 6892.16 | C40: 255557 | D40: =C40-C39 -> -1283 | E40: =C40-152000 -> 103557 | F40: =D40/$D$2 -> -646.9995 | G40: 122.52 | H40: 0 | I40: =G40+H40 -> 122.52 | J40: =IF(L40>0,L40,0) -> 0 | K40: =I40+J40 -> 122.52 | L40: =F40-(I40-W40) -> -84.739496 | M40: 258.72 | N40: =(22.36+23.56)*1.05 -> 48.216 | O40: =M40-N40 -> 210.504 | P40: 140.41 | Q40: 78.14 | R40: =SUM(O40:Q40) -> 429.054 | S40: =(I40-R40)+S39 -> -22884.061 | T40: 128.04 | U40: 79.47 | V40: =V39-U40 -> 8580.43 | W40: =R40+T40+N40+U40 -> 684.78 | X40: =IF(L40<0,L40*-1,0) -> 84.739496 | Y40: =W40+X40 -> 769.5195 | Z40: 0 | AA40: 86 | AB40: 52 | AC40: 31
AA41: 73
A42: MONTH / CFS | F42: =SUM(F10:F40) -> -22038.83 | G42: =SUM(G10:G40) -> 3562.12 | H42: =SUM(H10:H40) -> 0 | I42: =SUM(I10:I40) -> 3562.12 | J42: =SUM(J10:J40) -> 954.05028 | K42: =SUM(K10:K40) -> 4516.1703 | L42: =SUM(L10:L40) -> -1248.259 | M42: =SUM(M10:M40) -> 9159.08 | ... R42: =SUM(R10:R40) -> 13674.73 | T42: =SUM(T10:T40) -> 6510.601 | U42: =SUM(U10:U40) -> 2483.38 | W42: =SUM(W10:W40) -> 24352.691 | X42: =SUM(X10:X40) -> 2202.3093 | Y42: =SUM(Y10:Y40) -> 26555 | Z42: =SUM(Z10:Z40) -> 1 | AA42: =AVERAGE(AA10:AA40) -> 86 | AB42: =AVERAGE(AB10:AB40) -> 55.096774
A43: MONTH / AF | D43: =SUM(D10:D40) -> -43703 | F43: =F42*$D$2 -> -43703 | G43: =G42*$D$2 -> 7063.684 | H43: =H42*$D$2 -> 0 | I43: =I42*$D$2 -> 7063.684 | J43: =J42*$D$2 -> 1891.8817 | K43: =K42*$D$2 -> 8955.5657 | L43: =L42*$D$2 -> -2475.2976 | M43: =M42*$D$2 -> 18162.456 | ... R43: =R42*$D$2 -> 27116.989 | T43: =T42*$D$2 -> 12910.522 | U43: =U42*$D$2 -> 4924.5425 | V43: =V42*$D$2 -> 0 | W43: =W42*$D$2 -> 48291.386 | X43: =X42*$D$2 -> 4367.1793 | Y43: =Y42*$D$2 -> 52658.566 | AA43: =MAX(AA10:AA40) -> 97 | AB43: =MAX(AB10:AB40) -> 62 | AC43: HI
A45: SEASON / CFS | F45: =F7+F42 -> -31493.547 | G45: =G7+G42 -> 73238.86 | H45: =H7+H42 -> 694.98 | I45: =I7+I42 -> 73933.84 | J45: =J7+J42 -> 8453.6257 | K45: =K7+K42 -> 82387.466 | L45: =L7+L42 -> 239.67398 | M45: =M7+M42 -> 39560.24 | ... R45: =R7+R42 -> 62522.087 | S45: =S40 -> -22884.061 | T45: =T7+T42 -> 25896.36 | U45: =U7+U42 -> 9932.3 | W45: =W7+W42 -> 105667.06 | X45: =X7+X42 -> 8213.9517 | Y45: =Y7+Y42 -> 113881.01 | AA45: =MIN(AA10:AA40) -> 77 | AB45: =MIN(AB10:AB40) -> 47 | AC45: LO
A46: SEASON / AF | F46: =F45*$D$2 -> -62451.703 | G46: =G45*$D$2 -> 145232.66 | H46: =H45*$D$2 -> 1378.1453 | I46: =I45*$D$2 -> 146610.8 | J46: =J45*$D$2 -> 16763.54 | K46: =K45*$D$2 -> 163374.34 | L46: =L45*$D$2 -> 475.27351 | M46: =M45*$D$2 -> 78447.956 | ... Y46: =Y45*$D$2 -> 225826.05
A48: YTD / CFS | F48: =F8+F42 -> -29244.933 | G48: =G8+G42 -> 84552.47 | H48: =H8+H42 -> 817.24 | I48: =I8+I42 -> 85369.61 | J48: =J8+J42 -> 10854.426 | K48: =K8+K42 -> 96224.036 | L48: =L8+L42 -> -1544.3129 | M48: =M8+M42 -> 41012.04 | ... R48: =R8+R42 -> 64624.437 | T48: =T8+T42 -> 25896.36 | U48: =U8+U42 -> 15049.42 | V48: =V40 -> 8580.43 | W48: =W8+W42 -> 113070.23 | X48: =X8+X42 -> 12398.739 | Y48: =Y8+Y42 -> 125468.97 | Z48: =Z8+Z42 -> 8.612
A49: YTD / AF | D49: =D8+D43 -> -57989 | E49: =E40 -> 103557 | F49: =F48*$D$2 -> -57992.703 | G49: =G48*$D$2 -> 167667.55 | H49: =H48*$D$2 -> 1620.5869 | I49: =I48*$D$2 -> 169287.94 | J49: =J48*$D$2 -> 21524.326 | K49: =K48*$D$2 -> 190812.26 | L49: =L48*$D$2 -> -3062.3725 | M49: =M48*$D$2 -> 81326.875 | ... Y49: =Y48*$D$2 -> 248804.97
A51: ="SEP /12" -> SEP /12 | Q51: FS limit | T51: 55250
B52: 6888.68 | C52: 243735 | E52: =C52-152000 -> 91735 | Q52: AF left | T52: =T51-T49 -> 3897.5181
A53: ="8/8/96 thru9/12/965" -> 8/8/96 thru9/12/965 | Q53: Res for underuse | T53: =(2400/61)*31 -> 1219.6721
B54: =B52-B17 -> -12.5 | D54: =C52-C17 -> -44219 | Q54: Bal for wtr bnk / AF | T54: =T52-T53 -> 2677.846
Q55: Bal for wtr bnk / cfs | T55: =T54/D2 -> 1350.4014
Q56: Days left @ | S56: 150 | T56: =T55/S56 -> 9.0026761
Q57: Days left @ | S57: 125 | T57: =T55/S57 -> 10.803211

Sheet SEP
K1: MC PHEE RESERVOIR IN/OUT FLOW TABULATION
A2: AF/cfs CONVERT FACTOR | D2: 1.983 | K2: SEPTEMBER "96"
A4: DATE | B4: RESERV | C4: RESERV | D4: AC FT | E4: ACTIVE | F4: CONV TO | G4: DOLORES | H4: LOST | I4: RECORDED | J4: CALC | K4: TOTAL | L4: CALC | M4: DOLORES TUNNEL | P4: LONE | Q4: U | R4: TOTAL | S4: MVI | T4: DV CR | U4: BELOW | V4: REMAIN | W4: RECORDED | X4: CALC | Y4: TOTAL | Z4: RAIN | AA4: MAX | AB4: MIN | AC4: DATE
A5: "SEP" | B5: ELEV | C5: AC FT | D5: CHANGE | E5: CAP | F5: CFS | G5: RIVER | H5: CANYON | I5: INFLOW | J5: INFLOW | K5: INFLOW | L5: INF/OTF | M5: TOT DIV | N5: UTE F&R | O5: MVI,CTZ | P5: PINE | Q5: LATERAL | R5: MVI | S5: CALL | T5: CANAL | U5: MC PHEE | V5: RELEASE | W5: OUTFLOW | X5: OUTFLOW | Y5: OUTFLOW | AA5: TMP | AB5: TMP | AC5: "SEP" | AG5: EDS
A7: SEASON BAL | F7: {=AUG!$F$45:$Y$45} -> -31493.547 | G7: 73238.86 | H7: 694.98 | I7: 73933.84 | J7: 8453.6257 | K7: 82387.466 | L7: 239.67398 | M7: 39560.24 | N7: 7295.6435 | O7: 32264.597 | P7: 19601.73 | Q7: 10655.76 | R7: 62522.087 | S7: -22884.061 | T7: 25896.36 | U7: 9932.3 | V7: 0 | W7: 105667.06 | X7: 8213.9517 | Y7: 113881.01
A8: YTD | B8: {=AUG!$B$40:$C$40} -> 6892.16 | C8: 255557 | D8: {=AUG!$D$49:$E$49} -> -57989 | E8: 103557 | F8: {=AUG!$F$48:$Z$48} -> -29244.933 | G8: 84552.47 | H8: 817.24 | I8: 85369.61 | J8: 10854.426 | K8: 96224.036 | L8: -1544.3129 | M8: 41012.04 | N8: 7355.3435 | O8: 33164.197 | P8: 20435.98 | Q8: 10655.76 | R8: 64624.437 | S8: 0 | T8: 25896.36 | U8: 15049.42 | V8: 8580.43 | W8: 113070.23 | X8: 12398.739 | Y8: 125468.97 | Z8: 8.612
A10: 1 | B10: 6891.79 | C10: 254282 | D10: =C10-C8 -> -1275 | E10: =C10-151978 -> 102304 | F10: =D10/$D$2 -> -642.9652 | G10: 116.94 | H10: 0 | I10: =G10+H10 -> 116.94 | J10: =IF(L10>0,L10,0) -> 0 | K10: =I10+J10 -> 116.94 | L10: =F10-(I10-W10) -> -92.105204 | M10: 260.72 | N10: =(24.34+26)*1.05 -> 52.857 | O10: =M10-N10 -> 207.863 | P10: 141.08 | Q10: 77.76 | R10: =SUM(O10:Q10) -> 426.703 | S10: =(I10-R10)+S7 -> -23193.824 | T10: 123.24 | U10: 65 | V10: =V8-U10 -> 8515.43 | W10: =R10+T10+N10+U10 -> 667.8 | X10: =IF(L10<0,L10*-1,0) -> 92.105204 | Y10: =W10+X10 -> 759.9052 | Z10: 0 | AA10: 85 | AB10: 53 | AC10: 1 | AD10: =S10*D2 -> -45993.353
A11: 2 | B11: 6891.48 | C11: 253217 | D11: =C11-C10 -> -1065 | E11: =C11-151978 -> 101239 | F11: =D11/$D$2 -> -537.06505 | G11: 113.54 | H11: 0 | I11: =G11+H11 -> 113.54 | J11: =IF(L11>0,L11,0) -> 0 | K11: =I11+J11 -> 113.54 | L11: =F11-(I11-W11) -> -5.865053 | M11: 242.11 | N11: =(25.46+24.07)*1.05 -> 52.0065 | O11: =M11-N11 -> 190.1035 | P11: 140.63 | Q11: 77.04 | R11: =SUM(O11:Q11) -> 407.7735 | S11: =(I11-R11)+S10 -> -23488.058 | T11: 119.96 | U11: 65 | V11: =V10-U11 -> 8450.43 | W11: =R11+T11+N11+U11 -> 644.74 | X11: =IF(L11<0,L11*-1,0) -> 5.865053 | Y11: =W11+X11 -> 650.60505 | Z11: 0 | AA11: 84 | AB11: 54 | AC11: 2
A12: 3 | B12: 6891.11 | C12: 251947 | D12: =C12-C11 -> -1270 | E12: =C12-151978 -> 99969 | F12: =D12/$D$2 -> -640.44377 | G12: 116.67 | H12: 0 | I12: =G12+H12 -> 116.67 | J12: =IF(L12>0,L12,0) -> 0 | K12: =I12+J12 -> 116.67 | L12: =F12-(I12-W12) -> -99.273772 | M12: 252.15 | N12: =(28.9+29.1)*1.05 -> 60.9 | O12: =M12-N12 -> 191.25 | P12: 130.21 | Q12: 76.34 | R12: =SUM(O12:Q12) -> 397.8 | S12: =(I12-R12)+S11 -> -23769.188 | T12: 129.65 | U12: 69.49 | V12: =V11-U12 -> 8380.94 | W12: =R12+T12+N12+U12 -> 657.84 | X12: =IF(L12<0,L12*-1,0) -> 99.273772 | Y12: =W12+X12 -> 757.11377 | Z12: 0 | AA12: 87 | AB12: 52 | AC12: 3
A13: 4 | B13: 6990.74 | C13: 250685 | D13: =C13-C12 -> -1262 | E13: =C13-151978 -> 98707 | F13: =D13/$D$2 -> -636.40948 | G13: 112.77 | H13: 0 | I13: =G13+H13 -> 112.77 | J13: =IF(L13>0,L13,0) -> 0 | K13: =I13+J13 -> 112.77 | L13: =F13-(I13-W13) -> -76.189481 | M13: 271.23 | N13: =(30.67+29.51)*1.05 -> 63.189 | O13: =M13-N13 -> 208.041 | P13: 124.65 | Q13: 76.09 | R13: =SUM(O13:Q13) -> 408.781 | S13: =(I13-R13)+S12 -> -24065.199 | T13: 136.57 | U13: 64.45 | V13: =V12-U13 -> 8316.49 | W13: =R13+T13+N13+U13 -> 672.99 | X13: =IF(L13<0,L13*-1,0) -> 76.189481 | Y13: =W13+X13 -> 749.17948 | Z13: 0.01 | AA13: 88 | AB13: 52 | AC13: 4
A14: 5 | B14: 6890.4 | C14: 249528 | D14: =C14-C13 -> -1157 | E14: =C14-151978 -> 97550 | F14: =D14/$D$2 -> -583.4594 | G14: 110.9 | H14: 0 | I14: =G14+H14 -> 110.9 | J14: =IF(L14>0,L14,0) -> 0 | K14: =I14+J14 -> 110.9 | L14: =F14-(I14-W14) -> -22.959405 | M14: 257.25 | N14: =(27.36+26.71)*1.05 -> 56.7735 | O14: =M14-N14 -> 200.4765 | P14: 124.65 | Q14: 75.34 | R14: =SUM(O14:Q14) -> 400.4665 | S14: =(I14-R14)+S13 -> -24354.765 | T14: 149.21 | U14: 64.95 | V14: =V13-U14 -> 8251.54 | W14: =R14+T14+N14+U14 -> 671.4 | X14: =IF(L14<0,L14*-1,0) -> 22.959405 | Y14: =W14+X14 -> 694.3594 | Z14: 0.05 | AA14: 79 | AB14: 52 | AC14: 5
