Workbook

Sheet NOV
K1: MCPHEE RESERVOIR INFLOW/OUTFLOW TABULATION
A2: AF/cfs CONVERT FACTOR | D2: 1.9835 | L2: NOVEMBER "2011"
D4: RESERVOIR | I4: INFLOW | X4: OUTFLOW | AP4: ADJUSTMENTS | AW4: WEATHER
A5: DATE | B5: RESERV | C5: RESERV | D5: AC FT | E5: ACTIVE | F5: CONV TO | G5: DOLORES | H5: LOST | I5: RECORD | J5: CALC | K5: TOTAL | L5: CALC | M5: DOLORES TUNNEL | V5: LONE | W5: U | X5: TOTAL | Y5: TOTAL | Z5: MVI | AA5: MVI | AB5: MVI | AC5: TO EX & | AD5: MVI | AE5: DV CR | AF5: D/S SENIOR | AH5: BELOW | AI5: FISH | AJ5: SPILL | AK5: RECORD | AL5: CALC | AM5: TOTAL | AN5: NAR | AO5: MVI | AP5: MVI | AQ5: MVI | AR5: DIST. | AS5: U/S | AT5: TOTTEN | AU5: UTES | AV5: RAIN | AW5: MAX | AX5: MIN | AZ5: TOTAL
A6: NOV | B6: ELEV | D6: CHANGE | E6: CAP | F6: CFS | G6: RIVER | H6: CAN | I6: INFLOW | J6: INFLOW | K6: INFLOW | L6: INF/OTF | M6: TOT DIV | N6: WET | O6: UTE | P6: QUEST | Q6: MWC | R6: CORTEZ | T6: UTE | U6: F-BAY | V6: PINE | W6: LAT | X6: MVI | Y6: MVI | Z6: CALL | AA6: CALL | AB6: APR- | AC6: U/S EX | AD6: PROJ | AE6: CANAL | AF6: MVIC | AG6: PROJ | AH6: MCP | AI6: LEFT | AK6: OTF | AL6: OTF | AM6: OTF | AN6: FILL | AO6: STOCK | AP6: STORED | AQ6: STORED | AR6: CLASS | AS6: USERS | AT6: (FRESH | AU6: FROM | AW6: TMP | AX6: TMP | AZ6: TUNNEL
N7: LAND | O7: F&R | Q7: NON - | R7: NON - | S7: PROJ | T7: PROJ | U7: BAL | X7: WATER | Y7: IRRIG. | Z7: STOR | AA7: SPILLED | AB7: JUNE | AF7: 1.7 | AG7: 1.3 | AI7: 31798 | AP7: Apr - Jun | AQ7: EVAP | AR7: "B" | AS7: EXCH | AT7: WATER) | AU7: DWCD | AZ7: Misc.
Q8: PROJ | R8: PROJ | X8: USED | Y8: WATER | AA8: OR | AB8: (DIV+
R9: 4.2 | Y9: USED | AA9: USED | AB9: CALL)
C10: AC. Ft. | E10: AC FT | G10: CFS | H10: CFS | I10: CFS | J10: CFS | K10: CFS | L10: CFS | M10: CFS | N10: CFS | O10: CFS | P10: CFS | Q10: CFS | R10: CFS | S10: CFS | T10: CFS | U10: CFS | V10: CFS | W10: CFS | X10: 153400 | Y10: 150400 | AB10: 72000 | AC10: CFS | AD10: CFS | AE10: CFS | AF10: CFS | AG10: CFS | AH10: CFS | AI10: CFS | AJ10: CFS | AK10: CFS | AL10: CFS | AM10: CFS | AN10: CFS | AO10: CFS | AP10: CFS | AQ10: AC.FT. | AR10: CFS | AS10: CFS | AT10: CFS | AU10: CFS | AZ10: Outflow
N11: 1.03 | O11: 1.05 | P11: 1.02 | Q11: 1.02 | R11: 1.04 | T11: 1.04 | X11: CFS | Y11: CFS | Z11: CFS | AA11: CFS | AB11: Ac. Ft. | AZ11: CFS
A12: SEASON BAL
A13: YTD | B13: 6902.69 | C13: 293611 | AI13: 5351 | AO13: 0
A15: 1 | B15: 6902.67 | C15: 293536 | D15: =C15-C13 -> -75 | E15: =C15-152000 -> 141536 | F15: =D15/$D$2 -> -37.811949 | G15: 80 | H15: 0 | I15: =G15+H15 -> 80 | J15: =IF(L15>0,L15,0) -> 0 | K15: =I15+J15 -> 80 | L15: =F15-(I15-AK15) -> -13.211949 | M15: 3.6 | N15: 0 | O15: 0 | P15: 0 | Q15: =876900/325851/1.9835*1.02 -> 1.3838817 | R15: =((2.4)*1.04)-T15 -> 1.8216619 | S15: 0 | T15: =(0.6117*1.06)*1.04 -> 0.67433808 | U15: =M15-(Q15+R15+S15+T15) -> -0.27988174 | V15: 73 | W15: 0 | X15: =M15-N15-P15-O15-Q15-R15-S15-T15-U15+V15+W15 -> 73 | Y15: =X15-AO15 -> 73 | AC15: 0 | AE15: 0 | AH15: 28 | AI15: =AI13-AH15 -> 5323 | AK15: =N15+O15+P15+Q15+R15+S15+T15+U15+X15+AE15+AH15 -> 104.6 | AL15: =IF(L15<0,L15*-1,0) -> 13.211949 | AM15: =AK15+AL15 -> 117.81195 | AN15: =V15 -> 73 | AU15: =21*1.05 -> 22.05 | AV15: 0 | AW15: 61 | AX15: 35 | AZ15: =SUM(N15,P15:U15) -> 3.6
A16: =A15+1 -> 2 | B16: 6902.65 | C16: 293460 | D16: =C16-C15 -> -76 | E16: =C16-152000 -> 141460 | F16: =D16/$D$2 -> -38.316108 | G16: 80 | H16: 0 | I16: =G16+H16 -> 80 | J16: =IF(L16>0,L16,0) -> 0 | K16: =I16+J16 -> 80 | L16: =F16-(I16-AK16) -> -14.416108 | M16: 3.9 | N16: 0 | O16: 0 | P16: 0 | Q16: =1003000/325851/1.9835*1.02 -> 1.5828867 | R16: =((2.4)*1.04)-T16 -> 1.8216619 | S16: 0 | T16: =(0.6117*1.06)*1.04 -> 0.67433808 | U16: =M16-(Q16+R16+S16+T16) -> -0.17888674 | V16: 72 | W16: 0 | X16: =M16-N16-P16-O16-Q16-R16-S16-T16-U16+V16+W16 -> 72 | Y16: =X16-AO16 -> 72 | AC16: 0 | AE16: 0 | AH16: 28 | AI16: =AI15-AH16 -> 5295 | AK16: =N16+O16+P16+Q16+R16+S16+T16+U16+X16+AE16+AH16 -> 103.9 | AL16: =IF(L16<0,L16*-1,0) -> 14.416108 | AM16: =AK16+AL16 -> 118.31611 | AN16: =V16 -> 72 | AU16: =20*1.05 -> 21 | AV16: 0 | AW16: 48 | AX16: 28 | AZ16: =SUM(N16,P16:U16) -> 3.9
A17: =A16+1 -> 3 | B17: 6902.63 | C17: 293385 | D17: =C17-C16 -> -75 | E17: =C17-152000 -> 141385 | F17: =D17/$D$2 -> -37.811949 | G17: 74 | H17: 0 | I17: =G17+H17 -> 74 | J17: =IF(L17>0,L17,0) -> 0 | K17: =I17+J17 -> 74 | L17: =F17-(I17-AK17) -> -10.911949 | M17: 3.9 | N17: 0 | O17: 0 | P17: 0 | Q17: =1034000/325851/1.9835*1.02 -> 1.6318095 | R17: =((2.2)*1.04)-T17 -> 1.6136619 | S17: 0 | T17: =(0.6117*1.06)*1.04 -> 0.67433808 | U17: =M17-(Q17+R17+S17+T17) -> -0.019809464 | V17: 69 | W17: 0 | X17: =M17-N17-P17-O17-Q17-R17-S17-T17-U17+V17+W17 -> 69 | Y17: =X17-AO17 -> 69 | AC17: 0 | AE17: 0 | AH17: 28 | AI17: =AI16-AH17 -> 5267 | AK17: =N17+O17+P17+Q17+R17+S17+T17+U17+X17+AE17+AH17 -> 100.9 | AL17: =IF(L17<0,L17*-1,0) -> 10.911949 | AM17: =AK17+AL17 -> 111.81195 | AN17: =V17 -> 69 | AU17: =1*1.05 -> 1.05 | AV17: 0 | AW17: 52 | AX17: 23 | AZ17: =SUM(N17,P17:U17) -> 3.9
A18: =A17+1 -> 4 | B18: 6902.61 | C18: 293310 | D18: =C18-C17 -> -75 | E18: =C18-152000 -> 141310 | F18: =D18/$D$2 -> -37.811949 | G18: 73 | H18: 0 | I18: =G18+H18 -> 73 | J18: =IF(L18>0,L18,0) -> 0 | K18: =I18+J18 -> 73 | L18: =F18-(I18-AK18) -> -10.911949 | M18: 3.9 | N18: 0 | O18: 0 | P18: 0 | Q18: =1049700/325851/1.9835*1.02 -> 1.6565865 | R18: =((2.2)*1.04)-T18 -> 1.7244531 | S18: 0 | T18: =(0.5112*1.06)*1.04 -> 0.56354688 | U18: =M18-(Q18+R18+S18+T18) -> -0.044586455 | V18: 68 | W18: 0 | X18: =M18-N18-P18-O18-Q18-R18-S18-T18-U18+V18+W18 -> 68 | Y18: =X18-AO18 -> 68 | AC18: 0 | AE18: 0 | AH18: 28 | AI18: =AI17-AH18 -> 5239 | AK18: =N18+O18+P18+Q18+R18+S18+T18+U18+X18+AE18+AH18 -> 99.9 | AL18: =IF(L18<0,L18*-1,0) -> 10.911949 | AM18: =AK18+AL18 -> 110.81195 | AN18: =V18 -> 68 | AU18: 0 | AV18: 0 | AW18: 54 | AX18: 35 | AZ18: =SUM(N18,P18:U18) -> 3.9
A19: =A18+1 -> 5 | B19: 6902.62 | C19: 293347 | D19: =C19-C18 -> 37 | E19: =C19-152000 -> 141347 | F19: =D19/$D$2 -> 18.653895 | G19: 92 | H19: 0 | I19: =G19+H19 -> 92 | J19: =IF(L19>0,L19,0) -> 26.153895 | K19: =I19+J19 -> 118.15389 | L19: =F19-(I19-AK19) -> 26.153895 | M19: 3.5 | N19: 0 | O19: 0 | P19: 0 | Q19: =884400/325851/1.9835*1.02 -> 1.3957179 | R19: =((2.2)*1.04)-T19 -> 1.7244531 | S19: 0 | T19: =(0.5112*1.06)*1.04 -> 0.56354688 | U19: =M19-(Q19+R19+S19+T19) -> -0.18371788 | V19: 68 | W19: 0 | X19: =M19-N19-P19-O19-Q19-R19-S19-T19-U19+V19+W19 -> 68 | Y19: =X19-AO19 -> 68 | AC19: 0 | AE19: 0 | AH19: 28 | AI19: =AI18-AH19 -> 5211 | AK19: =N19+O19+P19+Q19+R19+S19+T19+U19+X19+AE19+AH19 -> 99.5 | AL19: =IF(L19<0,L19*-1,0) -> 0 | AM19: =AK19+AL19 -> 99.5 | AN19: =V19 -> 68 | AU19: 0 | AV19: 0.15 | AW19: 50 | AX19: 22 | AZ19: =SUM(N19,P19:U19) -> 3.5
A20: =A19+1 -> 6 | B20: 6902.61 | C20: 293310 | D20: =C20-C19 -> -37 | E20: =C20-152000 -> 141310 | F20: =D20/$D$2 -> -18.653895 | G20: 84 | H20: 0 | I20: =G20+H20 -> 84 | J20: =IF(L20>0,L20,0) -> 0 | K20: =I20+J20 -> 84 | L20: =F20-(I20-AK20) -> -3.4538946 | M20: 3.2 | N20: 0 | O20: 0 | P20: 0 | Q20: =1076000/325851/1.9835*1.02 -> 1.6980919 | R20: =((2)*1.04)-T20 -> 1.5164531 | S20: 0 | T20: =(0.5112*1.06)*1.04 -> 0.56354688 | U20: =M20-(Q20+R20+S20+T20) -> -0.57809186 | V20: 68 | W20: 0 | X20: =M20-N20-P20-O20-Q20-R20-S20-T20-U20+V20+W20 -> 68 | Y20: =X20-AO20 -> 68 | AC20: 2.3 | AE20: 0 | AH20: 28 | AI20: =AI19-AH20 -> 5183 | AK20: =N20+O20+P20+Q20+R20+S20+T20+U20+X20+AE20+AH20 -> 99.2 | AL20: =IF(L20<0,L20*-1,0) -> 3.4538946 | AM20: =AK20+AL20 -> 102.65389 | AN20: =V20 -> 68 | AU20: 0 | AV20: 0.04 | AW20: 35 | AX20: 26 | AZ20: =SUM(N20,P20:U20) -> 3.2
A21: =A20+1 -> 7 | B21: 6902.59 | C21: 293235 | D21: =C21-C20 -> -75 | E21: =C21-152000 -> 141235 | F21: =D21/$D$2 -> -37.811949 | G21: 80 | H21: 0 | I21: =G21+H21 -> 80 | J21: =IF(L21>0,L21,0) -> 0 | K21: =I21+J21 -> 80 | L21: =F21-(I21-AK21) -> -13.811949 | M21: 15 | N21: 0 | O21: 0 | P21: 0 | Q21: =883500/325851/1.9835*1.02 -> 1.3942975 | R21: =((2)*1.04)-T21 -> 1.5164531 | S21: 0 | T21: =(0.5112*1.06)*1.04 -> 0.56354688 | U21: 0 | V21: 50 | W21: 10 | X21: =M21-N21-P21-O21-Q21-R21-S21-T21-U21+V21+W21 -> 71.525702 | Y21: =X21-AO21 -> 41.3 | AC21: 5.6 | AE21: 0 | AH21: 29 | AI21: =AI20-AH21 -> 5154 | AK21: =N21+O21+P21+Q21+R21+S21+T21+U21+X21+AE21+AH21 -> 104 | AL21: =IF(L21<0,L21*-1,0) -> 13.811949 | AM21: =AK21+AL21 -> 117.81195 | AN21: =V21-8.7 -> 41.3 | AO21: =X21-AN21 -> 30.225702 | AV21: 0.07 | AW21: 42 | AX21: 29 | AZ21: =SUM(N21,P21:U21) -> 3.4742975
A22: =A21+1 -> 8 | B22: 6902.57 | C22: 293159 | D22: =C22-C21 -> -76 | E22: =C22-152000 -> 141159 | F22: =D22/$D$2 -> -38.316108 | G22: 70 | H22: 0 | I22: =G22+H22 -> 70 | J22: =IF(L22>0,L22,0) -> 0 | K22: =I22+J22 -> 70 | L22: =F22-(I22-AK22) -> -5.3161079 | M22: 21 | N22: 0 | O22: 0 | P22: 0 | Q22: =960200/325851/1.9835*1.02 -> 1.5153418 | R22: =((2)*1.04)-T22 -> 1.5164531 | S22: 0 | T22: =(0.5112*1.06)*1.04 -> 0.56354688 | U22: 0 | V22: 39 | W22: 13 | X22: =M22-N22-P22-O22-Q22-R22-S22-T22-U22+V22+W22 -> 69.404658 | Y22: =X22-AO22 -> 26 | AC22: 0 | AE22: 0 | AH22: 30 | AI22: =AI21-AH22 -> 5124 | AK22: =N22+O22+P22+Q22+R22+S22+T22+U22+X22+AE22+AH22 -> 103 | AL22: =IF(L22<0,L22*-1,0) -> 5.3161079 | AM22: =AK22+AL22 -> 108.31611 | AN22: =V22-13 -> 26 | AO22: =X22-AN22 -> 43.404658 | AV22: 0 | AW22: 41 | AX22: 27 | AZ22: =SUM(N22,P22:U22) -> 3.5953418
A23: =A22+1 -> 9 | B23: 6902.55 | C23: 293084 | D23: =C23-C22 -> -75 | E23: =C23-152000 -> 141084 | F23: =D23/$D$2 -> -37.811949 | G23: 64 | H23: 0 | I23: =G23+H23 -> 64 | J23: =IF(L23>0,L23,0) -> 0.18805142 | K23: =I23+J23 -> 64.188051 | L23: =F23-(I23-AK23) -> 0.18805142 | M23: 23 | N23: 0 | O23: 0 | P23: 0 | Q23: =895600/325851/1.9835*1.02 -> 1.4133932 | R23: =((2)*1.04)-T23 -> 1.5164531 | S23: 0 | T23: =(0.5112*1.06)*1.04 -> 0.56354688 | U23: 0 | V23: 34 | W23: 15 | X23: =M23-N23-P23-O23-Q23-R23-S23-T23-U23+V23+W23 -> 68.506607 | Y23: =X23-AO23 -> 21 | AC23: 0 | AE23: 0 | AH23: 30 | AI23: =AI22-AH23 -> 5094 | AK23: =N23+O23+P23+Q23+R23+S23+T23+U23+X23+AE23+AH23 -> 102 | AL23: =IF(L23<0,L23*-1,0) -> 0 | AM23: =AK23+AL23 -> 102 | AN23: =V23-13 -> 21 | AO23: =X23-AN23 -> 47.506607 | AV23: 0 | AW23: 46 | AX23: 19 | AZ23: =SUM(N23,P23:U23) -> 3.4933932
A24: =A23+1 -> 10 | B24: 6902.53 | C24: 293009 | D24: =C24-C23 -> -75 | E24: =C24-152000 -> 141009 | F24: =D24/$D$2 -> -37.811949 | G24: 47 | H24: 0 | I24: =G24+H24 -> 47 | J24: =IF(L24>0,L24,0) -> 8.1880514 | K24: =I24+J24 -> 55.188051 | L24: =F24-(I24-AK24) -> 8.1880514 | M24: 24 | N24: 0 | O24: 0 | P24: 0 | Q24: =953400/325851/1.9835*1.02 -> 1.5046104 | R24: =((2)*1.04)-T24 -> 1.5164531 | S24: 0 | T24: =(0.5112*1.06)*1.04 -> 0.56354688 | U24: 0 | V24: 26 | W24: 13 | X24: =M24-N24-P24-O24-Q24-R24-S24-T24-U24+V24+W24 -> 59.41539 | Y24: =X24-AO24 -> 13 | AC24: 0 | AE24: 0 | AH24: 30 | AI24: =AI23-AH24 -> 5064 | AK24: =N24+O24+P24+Q24+R24+S24+T24+U24+X24+AE24+AH24 -> 93 | AL24: =IF(L24<0,L24*-1,0) -> 0 | AM24: =AK24+AL24 -> 93 | AN24: =V24-13 -> 13 | AO24: =X24-AN24 -> 46.41539 | AV24: 0 | AW24: 48 | AX24: 21 | AZ24: =SUM(N24,P24:U24) -> 3.5846104
A25: =A24+1 -> 11 | B25: 6902.51 | C25: 292934 | D25: =C25-C24 -> -75 | E25: =C25-152000 -> 140934 | F25: =D25/$D$2 -> -37.811949 | G25: 64 | H25: 0 | I25: =G25+H25 -> 64 | J25: =IF(L25>0,L25,0) -> 0 | K25: =I25+J25 -> 64 | L25: =F25-(I25-AK25) -> -20.311949 | M25: 21 | N25: 0 | O25: 0 | P25: 0 | Q25: =940300/325851/1.9835*1.02 -> 1.4839366 | R25: =((2)*1.04)-T25 -> 1.5483125 | S25: 0 | T25: =(0.4823*1.06)*1.04 -> 0.53168752 | U25: 0 | V25: 22 | W25: 8.5 | X25: =M25-N25-P25-O25-Q25-R25-S25-T25-U25+V25+W25 -> 47.936063 | Y25: =X25-AO25 -> 15.5 | AC25: 0 | AE25: 0 | AH25: 30 | AI25: =AI24-AH25 -> 5034 | AK25: =N25+O25+P25+Q25+R25+S25+T25+U25+X25+AE25+AH25 -> 81.5 | AL25: =IF(L25<0,L25*-1,0) -> 20.311949 | AM25: =AK25+AL25 -> 101.81195 | AN25: =V25-6.5 -> 15.5 | AO25: =X25-AN25 -> 32.436063 | AV25: 0 | AW25: 45 | AX25: 26 | AZ25: =SUM(N25,P25:U25) -> 3.5639366
A26: =A25+1 -> 12 | B26: 6902.5 | C26: 292896 | D26: =C26-C25 -> -38 | E26: =C26-152000 -> 140896 | F26: =D26/$D$2 -> -19.158054 | G26: 88 | H26: 0 | I26: =G26+H26 -> 88 | J26: =IF(L26>0,L26,0) -> 0 | K26: =I26+J26 -> 88 | L26: =F26-(I26-AK26) -> -28.558054 | M26: 6.6 | N26: 0 | O26: 0 | P26: 0 | Q26: =1084400/325851/1.9835*1.02 -> 1.7113483 | R26: =((2)*1.04)-T26 -> 1.5483125 | S26: 0 | T26: =(0.4823*1.06)*1.04 -> 0.53168752 | U26: 0 | V26: 42 | W26: 0 | X26: =M26-N26-P26-O26-Q26-R26-S26-T26-U26+V26+W26 -> 44.808652 | Y26: =X26-AO26 -> 42 | AC26: 29.6 | AE26: 0 | AH26: 30 | AI26: =AI25-AH26 -> 5004 | AK26: =N26+O26+P26+Q26+R26+S26+T26+U26+X26+AE26+AH26 -> 78.6 | AL26: =IF(L26<0,L26*-1,0) -> 28.558054 | AM26: =AK26+AL26 -> 107.15805 | AN26: =V26 -> 42 | AO26: =X26-AN26 -> 2.8086517 | AV26: 0 | AW26: 52 | AX26: 31 | AZ26: =SUM(N26,P26:U26) -> 3.7913483
A27: =A26+1 -> 13 | B27: 6902.52 | C27: 292971 | D27: =C27-C26 -> 75 | E27: =C27-152000 -> 140971 | F27: =D27/$D$2 -> 37.811949 | G27: 88 | H27: 0 | I27: =G27+H27 -> 88 | J27: =IF(L27>0,L27,0) -> 48.411949 | K27: =I27+J27 -> 136.41195 | L27: =F27-(I27-AK27) -> 48.411949 | M27: 3.6 | N27: 0 | O27: 0 | P27: 0 | Q27: =957600/325851/1.9835*1.02 -> 1.5112386 | R27: =((2)*1.04)-T27 -> 1.5483125 | S27: 0 | T27: =(0.4823*1.06)*1.04 -> 0.53168752 | U27: 0 | V27: 65 | W27: 0 | X27: =M27-N27-P27-O27-Q27-R27-S27-T27-U27+V27+W27 -> 65.008761 | Y27: =X27-AO27 -> 65.008761 | AC27: 18.3 | AE27: 0 | AH27: 30 | AI27: =AI26-AH27 -> 4974 | AK27: =N27+O27+P27+Q27+R27+S27+T27+U27+X27+AE27+AH27 -> 98.6 | AL27: =IF(L27<0,L27*-1,0) -> 0 | AM27: =AK27+AL27 -> 98.6 | AN27: =V27 -> 65 | AV27: 0.09 | AW27: 52 | AX27: 30 | AZ27: =SUM(N27,P27:U27) -> 3.5912386
A28: =A27+1 -> 14 | B28: 6902.5 | C28: 292896 | D28: =C28-C27 -> -75 | E28: =C28-152000 -> 140896 | F28: =D28/$D$2 -> -37.811949 | G28: 74 | H28: 0 | I28: =G28+H28 -> 74 | J28: =IF(L28>0,L28,0) -> 0 | K28: =I28+J28 -> 74 | L28: =F28-(I28-AK28) -> -2.2119486 | M28: 3.6 | N28: 0 | O28: 0 | P28: 0 | Q28: =878000/325851/1.9835*1.02 -> 1.3856177 | R28: =((2)*1.04)-T28 -> 1.5483125 | S28: 0 | T28: =(0.4823*1.06)*1.04 -> 0.53168752 | U28: =M28-(Q28+R28+S28+T28) -> 0.13438229 | V28: 76 | W28: 0 | X28: =M28-N28-P28-O28-Q28-R28-S28-T28-U28+V28+W28 -> 76 | Y28: =X28-AO28 -> 76 | AC28: 0 | AE28: 0 | AH28: 30 | AI28: =AI27-AH28 -> 4944 | AK28: =N28+O28+P28+Q28+R28+S28+T28+U28+X28+AE28+AH28 -> 109.6 | AL28: =IF(L28<0,L28*-1,0) -> 2.2119486 | AM28: =AK28+AL28 -> 111.81195 | AN28: =V28 -> 76 | AV28: 0 | AW28: 47 | AX28: 28 | AZ28: =SUM(N28,P28:U28) -> 3.6
A29: =A28+1 -> 15 | B29: 6902.48 | C29: 292821 | D29: =C29-C28 -> -75 | E29: =C29-152000 -> 140821 | F29: =D29/$D$2 -> -37.811949 | G29: 68 | H29: 0 | I29: =G29+H29 -> 68 | J29: =IF(L29>0,L29,0) -> 0 | K29: =I29+J29 -> 68 | L29: =F29-(I29-AK29) -> -4.5119486 | M29: 3.3 | N29: 0 | O29: 0 | P29: 0 | Q29: =906600/325851/1.9835*1.02 -> 1.4307529 | R29: =((2)*1.04)-T29 -> 1.5483125 | S29: 0 | T29: =(0.4823*1.06)*1.04 -> 0.53168752 | U29: =M29-(Q29+R29+S29+T29) -> -0.21075286 | V29: 68 | W29: 0 | X29: =M29-N29-P29-O29-Q29-R29-S29-T29-U29+V29+W29 -> 68 | Y29: =X29-AO29 -> 68 | AC29: 0 | AE29: 0 | AH29: 30 | AI29: =AI28-AH29 -> 4914 | AK29: =N29+O29+P29+Q29+R29+S29+T29+U29+X29+AE29+AH29 -> 101.3 | AL29: =IF(L29<0,L29*-1,0) -> 4.5119486 | AM29: =AK29+AL29 -> 105.81195 | AN29: =V29 -> 68 | AV29: 0 | AW29: 48 | AX29: 27 | AZ29: =SUM(N29,P29:U29) -> 3.3
A30: =A29+1 -> 16 | B30: 6902.46 | C30: 292745 | D30: =C30-C29 -> -76 | E30: =C30-152000 -> 140745 | F30: =D30/$D$2 -> -38.316108 | G30: 65 | H30: 0 | I30: =G30+H30 -> 65 | J30: =IF(L30>0,L30,0) -> 0 | K30: =I30+J30 -> 65 | L30: =F30-(I30-AK30) -> -10.116108 | M30: 3.2 | N30: 0 | O30: 0 | P30: 0 | Q30: =845400/325851/1.9835*1.02 -> 1.3341699 | R30: =((2)*1.04)-T30 -> 1.5483125 | S30: 0 | T30: =(0.4823*1.06)*1.04 -> 0.53168752 | U30: =M30-(Q30+R30+S30+T30) -> -0.21416994 | V30: 60 | W30: 0 | X30: =M30-N30-P30-O30-Q30-R30-S30-T30-U30+V30+W30 -> 60 | Y30: =X30-AO30 -> 60 | AC30: 0 | AE30: 0 | AH30: 30 | AI30: =AI29-AH30 -> 4884 | AK30: =N30+O30+P30+Q30+R30+S30+T30+U30+X30+AE30+AH30 -> 93.2 | AL30: =IF(L30<0,L30*-1,0) -> 10.116108 | AM30: =AK30+AL30 -> 103.31611 | AN30: =V30 -> 60 | AV30: 0 | AW30: 45 | AX30: 24 | AZ30: =SUM(N30,P30:U30) -> 3.2
A31: =A30+1 -> 17 | B31: 6902.44 | C31: 292670 | D31: =C31-C30 -> -75 | E31: =C31-152000 -> 140670 | F31: =D31/$D$2 -> -37.811949 | G31: 50 | H31: 0.25 | I31: =G31+H31 -> 50.25 | J31: =IF(L31>0,L31,0) -> 2.9380514 | K31: =I31+J31 -> 53.188051 | L31: =F31-(I31-AK31) -> 2.9380514 | M31: 4 | N31: 0 | O31: 0 | P31: 0 | Q31: =826300/325851/1.9835*1.02 -> 1.3040272 | R31: =((2)*1.04)-T31 -> 1.5483125 | S31: 0 | T31: =(0.4823*1.06)*1.04 -> 0.53168752 | U31: =M31-(Q31+R31+S31+T31) -> 0.61597277 | V31: 57 | W31: 0 | X31: =M31-N31-P31-O31-Q31-R31-S31-T31-U31+V31+W31 -> 57 | Y31: =X31-AO31 -> 57 | AC31: 0 | AE31: 0 | AH31: 30 | AI31: =AI30-AH31 -> 4854 | AK31: =N31+O31+P31+Q31+R31+S31+T31+U31+X31+AE31+AH31 -> 91 | AL31: =IF(L31<0,L31*-1,0) -> 0 | AM31: =AK31+AL31 -> 91 | AN31: =V31 -> 57 | AV31: 0 | AW31: 50 | AX31: 23 | AZ31: =SUM(N31,P31:U31) -> 4
A32: =A31+1 -> 18 | B32: 6902.42 | C32: 292595 | D32: =C32-C31 -> -75 | E32: =C32-152000 -> 140595 | F32: =D32/$D$2 -> -37.811949 | G32: 57 | H32: 0.31 | I32: =G32+H32 -> 57.31 | J32: =IF(L32>0,L32,0) -> 0 | K32: =I32+J32 -> 57.31 | L32: =F32-(I32-AK32) -> -5.8219486 | M32: 3.3 | N32: 0 | O32: 0 | P32: 0 | Q32: =868700/325851/1.9835*1.02 -> 1.3709409 | R32: =((2)*1.04)-T32 -> 1.6075114 | S32: 0 | T32: =(0.4286*1.06)*1.04 -> 0.47248864 | U32: =M32-(Q32+R32+S32+T32) -> -0.15094089 | V32: 56 | W32: 0 | X32: =M32-N32-P32-O32-Q32-R32-S32-T32-U32+V32+W32 -> 56 | Y32: =X32-AO32 -> 56 | AC32: 0 | AE32: 0 | AH32: 30 | AI32: =AI31-AH32 -> 4824 | AK32: =N32+O32+P32+Q32+R32+S32+T32+U32+X32+AE32+AH32 -> 89.3 | AL32: =IF(L32<0,L32*-1,0) -> 5.8219486 | AM32: =AK32+AL32 -> 95.121949 | AN32: =V32 -> 56 | AV32: 0 | AW32: 51 | AX32: 29 | AZ32: =SUM(N32,P32:U32) -> 3.3
A33: =A32+1 -> 19 | B33: 6902.4 | C33: 292520 | D33: =C33-C32 -> -75 | E33: =C33-152000 -> 140520 | F33: =D33/$D$2 -> -37.811949 | G33: 71 | H33: 0.42 | I33: =G33+H33 -> 71.42 | J33: =IF(L33>0,L33,0) -> 0 | K33: =I33+J33 -> 71.42 | L33: =F33-(I33-AK33) -> -19.431949 | M33: 3.8 | N33: 0 | O33: 0 | P33: 0 | Q33: =925100/325851/1.9835*1.02 -> 1.4599487 | R33: =((1.8)*1.04)-T33 -> 1.3995114 | S33: 0 | T33: =(0.4286*1.06)*1.04 -> 0.47248864 | U33: =M33-(Q33+R33+S33+T33) -> 0.46805132 | V33: 56 | W33: 0 | X33: =M33-N33-P33-O33-Q33-R33-S33-T33-U33+V33+W33 -> 56 | Y33: =X33-AO33 -> 56 | AC33: 13.3 | AE33: 0 | AH33: 30 | AI33: =AI32-AH33 -> 4794 | AK33: =N33+O33+P33+Q33+R33+S33+T33+U33+X33+AE33+AH33 -> 89.8 | AL33: =IF(L33<0,L33*-1,0) -> 19.431949 | AM33: =AK33+AL33 -> 109.23195 | AN33: =V33 -> 56 | AV33: 0 | AW33: 52 | AX33: 33 | AZ33: =SUM(N33,P33:U33) -> 3.8
A34: =A33+1 -> 20 | B34: 6902.38 | C34: 292444 | D34: =C34-C33 -> -76 | E34: =C34-152000 -> 140444 | F34: =D34/$D$2 -> -38.316108 | G34: 66 | H34: 0.52 | I34: =G34+H34 -> 66.52 | J34: =IF(L34>0,L34,0) -> 0 | K34: =I34+J34 -> 66.52 | L34: =F34-(I34-AK34) -> -15.236108 | M34: 2.6 | N34: 0 | O34: 0 | P34: 0 | Q34: =975500/325851/1.9835*1.02 -> 1.5394876 | R34: =((1.8)*1.04)-T34 -> 1.3995114 | S34: 0 | T34: =(0.4286*1.06)*1.04 -> 0.47248864 | U34: =M34-(Q34+R34+S34+T34) -> -0.81148756 | V34: 57 | W34: 0 | X34: =M34-N34-P34-O34-Q34-R34-S34-T34-U34+V34+W34 -> 57 | Y34: =X34-AO34 -> 57 | AC34: 16.3 | AE34: 0 | AH34: 30 | AI34: =AI33-AH34 -> 4764 | AK34: =N34+O34+P34+Q34+R34+S34+T34+U34+X34+AE34+AH34 -> 89.6 | AL34: =IF(L34<0,L34*-1,0) -> 15.236108 | AM34: =AK34+AL34 -> 104.83611 | AN34: =V34 -> 57 | AV34: 0 | AW34: 51 | AX34: 31 | AZ34: =SUM(N34,P34:U34) -> 2.6
A35: =A34+1 -> 21 | B35: 6902.36 | C35: 292369 | D35: =C35-C34 -> -75 | E35: =C35-152000 -> 140369 | F35: =D35/$D$2 -> -37.811949 | G35: 61 | H35: 0.56 | I35: =G35+H35 -> 61.56 | J35: =IF(L35>0,L35,0) -> 0 | K35: =I35+J35 -> 61.56 | L35: =F35-(I35-AK35) -> -0.47194858 | M35: 3.9 | N35: 0 | O35: 0 | P35: 0 | Q35: =973400/325851/1.9835*1.02 -> 1.5361734 | R35: =((1.8)*1.04)-T35 -> 1.3995114 | S35: 0 | T35: =(0.4286*1.06)*1.04 -> 0.47248864 | U35: =M35-(Q35+R35+S35+T35) -> 0.49182656 | V35: 65 | W35: 0 | X35: =M35-N35-P35-O35-Q35-R35-S35-T35-U35+V35+W35 -> 65 | Y35: =X35-AO35 -> 65 | AC35: 0 | AE35: 0 | AH35: 30 | AI35: =AI34-AH35 -> 4734 | AK35: =N35+O35+P35+Q35+R35+S35+T35+U35+X35+AE35+AH35 -> 98.9 | AL35: =IF(L35<0,L35*-1,0) -> 0.47194858 | AM35: =AK35+AL35 -> 99.371949 | AN35: =V35 -> 65 | AV35: 0.08 | AW35: 48 | AX35: 31 | AZ35: =SUM(N35,P35:U35) -> 3.9
A36: =A35+1 -> 22 | B36: 6902.33 | C36: 292256 | D36: =C36-C35 -> -113 | E36: =C36-152000 -> 140256 | F36: =D36/$D$2 -> -56.970003 | G36: 59 | H36: 0.61 | I36: =G36+H36 -> 59.61 | J36: =IF(L36>0,L36,0) -> 0 | K36: =I36+J36 -> 59.61 | L36: =F36-(I36-AK36) -> -26.480003 | M36: 3.1 | N36: 0 | O36: 0 | P36: 0 | Q36: =999200/325851/1.9835*1.02 -> 1.5768898 | R36: =((1.8)*1.04)-T36 -> 1.3995114 | S36: 0 | T36: =(0.4286*1.06)*1.04 -> 0.47248864 | U36: =M36-(Q36+R36+S36+T36) -> -0.34888976 | V36: 57 | W36: 0 | X36: =M36-N36-P36-O36-Q36-R36-S36-T36-U36+V36+W36 -> 57 | Y36: =X36-AO36 -> 57 | AC36: 2.1 | AE36: 0 | AH36: 30 | AI36: =AI35-AH36 -> 4704 | AK36: =N36+O36+P36+Q36+R36+S36+T36+U36+X36+AE36+AH36 -> 90.1 | AL36: =IF(L36<0,L36*-1,0) -> 26.480003 | AM36: =AK36+AL36 -> 116.58 | AN36: =V36 -> 57 | AV36: 0 | AW36: 49 | AX36: 27 | AZ36: =SUM(N36,P36:U36) -> 3.1
A37: =A36+1 -> 23 | B37: 6902.3 | C37: 292143 | D37: =C37-C36 -> -113 | E37: =C37-152000 -> 140143 | F37: =D37/$D$2 -> -56.970003 | G37: 50 | H37: 0.54 | I37: =G37+H37 -> 50.54 | J37: =IF(L37>0,L37,0) -> 0 | K37: =I37+J37 -> 50.54 | L37: =F37-(I37-AK37) -> -19.010003 | M37: 3.5 | N37: 0 | O37: 0 | P37: 0 | Q37: =807800/325851/1.9835*1.02 -> 1.2748314 | R37: =((1.8)*1.04)-T37 -> 1.3995114 | S37: 0 | T37: =(0.4286*1.06)*1.04 -> 0.47248864 | U37: =M37-(Q37+R37+S37+T37) -> 0.35316858 | V37: 55 | W37: 0 | X37: =M37-N37-P37-O37-Q37-R37-S37-T37-U37+V37+W37 -> 55 | Y37: =X37-AO37 -> 55 | AC37: 0 | AE37: 0 | AH37: 30 | AI37: =AI36-AH37 -> 4674 | AK37: =N37+O37+P37+Q37+R37+S37+T37+U37+X37+AE37+AH37 -> 88.5 | AL37: =IF(L37<0,L37*-1,0) -> 19.010003 | AM37: =AK37+AL37 -> 107.51 | AN37: =V37 -> 55 | AV37: 0 | AW37: 57 | AX37: 27 | AZ37: =SUM(N37,P37:U37) -> 3.5
A38: =A37+1 -> 24 | B38: 6902.27 | C38: 292030 | D38: =C38-C37 -> -113 | E38: =C38-152000 -> 140030 | F38: =D38/$D$2 -> -56.970003 | G38: 48 | H38: 0.51 | I38: =G38+H38 -> 48.51 | J38: =IF(L38>0,L38,0) -> 0 | K38: =I38+J38 -> 48.51 | L38: =F38-(I38-AK38) -> -16.580003 | M38: 3.9 | N38: 0 | O38: 0 | P38: 0 | Q38: =913500/325851/1.9835*1.02 -> 1.4416421 | R38: =((1.8)*1.04)-T38 -> 1.3995114 | S38: 0 | T38: =(0.4286*1.06)*1.04 -> 0.47248864 | U38: =M38-(Q38+R38+S38+T38) -> 0.58635789 | V38: 55 | W38: 0 | X38: =M38-N38-P38-O38-Q38-R38-S38-T38-U38+V38+W38 -> 55 | Y38: =X38-AO38 -> 55 | AC38: 0 | AE38: 0 | AH38: 30 | AI38: =AI37-AH38 -> 4644 | AK38: =N38+O38+P38+Q38+R38+S38+T38+U38+X38+AE38+AH38 -> 88.9 | AL38: =IF(L38<0,L38*-1,0) -> 16.580003 | AM38: =AK38+AL38 -> 105.48 | AN38: =V38 -> 55 | AV38: 0 | AW38: 56 | AX38: 30 | AZ38: =SUM(N38,P38:U38) -> 3.9
A39: =A38+1 -> 25 | B39: 6902.25 | C39: 291955 | D39: =C39-C38 -> -75 | E39: =C39-152000 -> 139955 | F39: =D39/$D$2 -> -37.811949 | G39: 72 | H39: 0.79 | I39: =G39+H39 -> 72.79 | J39: =IF(L39>0,L39,0) -> 0 | K39: =I39+J39 -> 72.79 | L39: =F39-(I39-AK39) -> -22.801949 | M39: 2.8 | N39: 0 | O39: 0 | P39: 0 | Q39: =851500/325851/1.9835*1.02 -> 1.3437967 | R39: =((1.8)*1.04)-T39 -> 1.386503 | S39: 0 | T39: =(0.4404*1.06)*1.04 -> 0.48549696 | U39: =M39-(Q39+R39+S39+T39) -> -0.41579667 | V39: 55 | W39: 0 | X39: =M39-N39-P39-O39-Q39-R39-S39-T39-U39+V39+W39 -> 55 | Y39: =X39-AO39 -> 55 | AC39: 11.9 | AE39: 0 | AH39: 30 | AI39: =AI38-AH39 -> 4614 | AK39: =N39+O39+P39+Q39+R39+S39+T39+U39+X39+AE39+AH39 -> 87.8 | AL39: =IF(L39<0,L39*-1,0) -> 22.801949 | AM39: =AK39+AL39 -> 110.60195 | AN39: =V39 -> 55 | AV39: 0.05 | AW39: 56 | AX39: 30 | AZ39: =SUM(N39,P39:U39) -> 2.8
A40: =A39+1 -> 26 | B40: 6902.23 | C40: 291880 | D40: =C40-C39 -> -75 | E40: =C40-152000 -> 139880 | F40: =D40/$D$2 -> -37.811949 | G40: 55 | H40: 0.72 | I40: =G40+H40 -> 55.72 | J40: =IF(L40>0,L40,0) -> 0 | K40: =I40+J40 -> 55.72 | L40: =F40-(I40-AK40) -> -4.2319486 | M40: 3.3 | N40: 0 | O40: 0 | P40: 0 | Q40: =851100/325851/1.9835*1.04 -> 1.369502 | R40: =((1.8)*1.04)-T40 -> 1.386503 | S40: 0 | T40: =(0.4404*1.06)*1.04 -> 0.48549696 | U40: =M40-(Q40+R40+S40+T40) -> 0.058498012 | V40: 56 | W40: 0 | X40: =M40-N40-P40-O40-Q40-R40-S40-T40-U40+V40+W40 -> 56 | Y40: =X40-AO40 -> 56 | AC40: 2.1 | AE40: 0 | AH40: 30 | AI40: =AI39-AH40 -> 4584 | AK40: =N40+O40+P40+Q40+R40+S40+T40+U40+X40+AE40+AH40 -> 89.3 | AL40: =IF(L40<0,L40*-1,0) -> 4.2319486 | AM40: =AK40+AL40 -> 93.531949 | AN40: =V40 -> 56 | AV40: 0 | AW40: 43 | AX40: 23 | AZ40: =SUM(N40,P40:U40) -> 3.3
A41: =A40+1 -> 27 | B41: 6902.21 | C41: 291805 | D41: =C41-C40 -> -75 | E41: =C41-152000 -> 139805 | F41: =D41/$D$2 -> -37.811949 | G41: 51 | H41: 0.49 | I41: =G41+H41 -> 51.49 | J41: =IF(L41>0,L41,0) -> 0.29805142 | K41: =I41+J41 -> 51.788051 | L41: =F41-(I41-AK41) -> 0.29805142 | M41: 3.6 | N41: 0 | O41: 0 | P41: 0 | Q41: =1024700/325851/1.9835*1.02 -> 1.6171326 | R41: =((1.8)*1.04)-T41 -> 1.386503 | S41: 0 | T41: =(0.4404*1.06)*1.04 -> 0.48549696 | U41: =M41-(Q41+R41+S41+T41) -> 0.11086735 | V41: 56 | W41: 0 | X41: =M41-N41-P41-O41-Q41-R41-S41-T41-U41+V41+W41 -> 56 | Y41: =X41-AO41 -> 56 | AC41: 1.7 | AE41: 0 | AH41: 30 | AI41: =AI40-AH41 -> 4554 | AK41: =N41+O41+P41+Q41+R41+S41+T41+U41+X41+AE41+AH41 -> 89.6 | AL41: =IF(L41<0,L41*-1,0) -> 0 | AM41: =AK41+AL41 -> 89.6 | AN41: =V41 -> 56 | AV41: 0 | AW41: 51 | AX41: 21 | AZ41: =SUM(N41,P41:U41) -> 3.6
A42: =A41+1 -> 28 | B42: 6902.2 | C42: 291767 | D42: =C42-C41 -> -38 | E42: =C42-152000 -> 139767 | F42: =D42/$D$2 -> -19.158054 | G42: 59 | H42: 0.58 | I42: =G42+H42 -> 59.58 | J42: =IF(L42>0,L42,0) -> 3.1619461 | K42: =I42+J42 -> 62.741946 | L42: =F42-(I42-AK42) -> 3.1619461 | M42: 2.9 | N42: 0 | O42: 0 | P42: 0 | Q42: =1022600/325851/1.9835*1.02 -> 1.6138185 | R42: =((1.8)*1.04)-T42 -> 1.386503 | S42: 0 | T42: =(0.4404*1.06)*1.04 -> 0.48549696 | U42: =M42-(Q42+R42+S42+T42) -> -0.58581853 | V42: 48 | W42: 0 | X42: =M42-N42-P42-O42-Q42-R42-S42-T42-U42+V42+W42 -> 48 | Y42: =X42-AO42 -> 48 | AC42: 17.1 | AE42: 0 | AH42: 31 | AI42: =AI41-AH42 -> 4523 | AK42: =N42+O42+P42+Q42+R42+S42+T42+U42+X42+AE42+AH42 -> 81.9 | AL42: =IF(L42<0,L42*-1,0) -> 0 | AM42: =AK42+AL42 -> 81.9 | AN42: =V42 -> 48 | AV42: 0 | AW42: 48 | AX42: 17 | AZ42: =SUM(N42,P42:U42) -> 2.9
A43: =A42+1 -> 29 | B43: 6902.19 | C43: 291729 | D43: =C43-C42 -> -38 | E43: =C43-152000 -> 139729 | F43: =D43/$D$2 -> -19.158054 | G43: 68 | H43: 0.69 | I43: =G43+H43 -> 68.69 | J43: =IF(L43>0,L43,0) -> 0 | K43: =I43+J43 -> 68.69 | L43: =F43-(I43-AK43) -> -2.7480539 | M43: 3.1 | N43: 0 | O43: 0 | P43: 0 | Q43: =801600/325851/1.9835*1.02 -> 1.2650469 | R43: =((1.8)*1.04)-T43 -> 1.386503 | S43: 0 | T43: =(0.4404*1.06)*1.04 -> 0.48549696 | U43: =M43-(Q43+R43+S43+T43) -> -0.037046873 | V43: 51 | W43: 0 | X43: =M43-N43-P43-O43-Q43-R43-S43-T43-U43+V43+W43 -> 51 | Y43: =X43-AO43 -> 51 | AC43: 25.9 | AE43: 0 | AH43: 31 | AI43: =AI42-AH43 -> 4492 | AK43: =N43+O43+P43+Q43+R43+S43+T43+U43+X43+AE43+AH43 -> 85.1 | AL43: =IF(L43<0,L43*-1,0) -> 2.7480539 | AM43: =AK43+AL43 -> 87.848054 | AN43: =V43 -> 51 | AV43: 0 | AW43: 51 | AX43: 25 | AZ43: =SUM(N43,P43:U43) -> 3.1
A44: 30 | B44: 6902.17 | C44: 291654 | D44: =C44-C43 -> -75 | E44: =C44-152000 -> 139654 | F44: =D44/$D$2 -> -37.811949 | G44: 51 | H44: 0.63 | I44: =G44+H44 -> 51.63 | J44: =IF(L44>0,L44,0) -> 0.75805142 | K44: =I44+J44 -> 52.388051 | L44: =F44-(I44-AK44) -> 0.75805142 | M44: 3.2 | N44: 0 | O44: 0 | P44: 0 | Q44: =834600/325851/1.9835*1.02 -> 1.3171259 | R44: =((1.8)*1.04)-T44 -> 1.386503 | S44: 0 | T44: =(0.4404*1.06)*1.04 -> 0.48549696 | U44: =M44-(Q44+R44+S44+T44) -> 0.010874102 | V44: 56 | W44: 0 | X44: =M44-N44-P44-O44-Q44-R44-S44-T44-U44+V44+W44 -> 56 | Y44: =X44-AO44 -> 56 | AC44: 0 | AE44: 0 | AH44: 31 | AI44: =AI43-AH44 -> 4461 | AK44: =N44+O44+P44+Q44+R44+S44+T44+U44+X44+AE44+AH44 -> 90.2 | AL44: =IF(L44<0,L44*-1,0) -> 0 | AM44: =AK44+AL44 -> 90.2 | AN44: =V44 -> 56 | AV44: 0 | AW44: 54 | AX44: 16 | AZ44: =SUM(N44,P44:U44) -> 3.2
H45: 0.62 | AW45: 4
A46: MONTH / CFS | F46: =SUM(F15:F44) -> -986.63978 | G46: =SUM(G15:G44) -> 2009 | H46: =SUM(H15:H45) -> 8.24 | I46: =SUM(I15:I44) -> 2016.62 | J46: =SUM(J15:J44) -> 90.098046 | K46: =SUM(K15:K44) -> 2106.718 | L46: =SUM(L15:L44) -> -180.45978 | M46: =SUM(M15:M44) -> 193.3 | N46: =SUM(N15:N44) -> 0 | O46: =SUM(O15:O44) -> 0 | Q46: =SUM(Q15:Q44) -> 44.064045 | R46: =SUM(R15:R44) -> 45.449943 | S46: =SUM(S15:S44) -> 0 | T46: =SUM(T15:T44) -> 15.910057 | U46: =SUM(U15:U44) -> -1.2298784 | V46: =SUM(V15:V44) -> 1680 | W46: =SUM(W15:W44) -> 59.5 | X46: =SUM(X15:X44) -> 1828.6058 | Y46: =SUM(Y15:Y44) -> 1625.8088 | AC46: =SUM(AC15:AC44) -> 146.2 | AH46: =SUM(AH15:AH44) -> 890 | AJ46: =SUM(AJ15:AJ44) -> 0 | AK46: =SUM(AK15:AK44) -> 2822.8 | AL46: =SUM(AL15:AL44) -> 270.55782 | AM46: =SUM(AM15:AM44) -> 3093.3578 | AN46: =SUM(AN15:AN44) -> 1625.8 | AO46: =SUM(AO15:AO44) -> 202.79707 | AU46: =SUM(AU15:AU44) -> 44.1 | AV46: =SUM(AV15:AV44) -> 0.48 | AW46: =AVERAGE(AW15:AW45) -> 47.967742 | AX46: =AVERAGE(AX15:AX45) -> 26.466667 | AY46: Avg | AZ46: =SUM(AZ15:AZ44) -> 104.19417
A47: MONTH / AF | D47: =SUM(D15:D44) -> -1957 | F47: =F46*$D$2 -> -1957 | G47: =G46*$D$2 -> 3984.8515 | H47: =H46*$D$2 -> 16.34404 | I47: =I46*$D$2 -> 3999.9658 | J47: =J46*$D$2 -> 178.70947 | K47: =K46*$D$2 -> 4178.6752 | L47: =L46*$D$2 -> -357.94197 | M47: =M46*$D$2 -> 383.41055 | ... O47: =O46*$D$2 -> 0 | Q47: =Q46*$D$2 -> 87.401033 | R47: =R46*$D$2 -> 90.149961 | S47: =S46*$D$2 -> 0 | T47: =T46*$D$2 -> 31.557599 | U47: =U46*$D$2 -> -2.4394637 | V47: =V46*$D$2 -> 3332.28 | W47: =W46*$D$2 -> 118.01825 | X47: =X46*$D$2 -> 3627.0397 | Y47: =Y46*$D$2 -> 3224.7917 | AC47: =AC46*$D$2 -> 289.9877 | AH47: =AH46*$D$2 -> 1765.315 | AJ47: =AJ46*$D$2 -> 0 | AK47: =AK46*$D$2 -> 5599.0238 | AL47: =AL46*$D$2 -> 536.65144 | AM47: =AM46*$D$2 -> 6135.6752 | AN47: =AN46*$D$2 -> 3224.7743 | AO47: =AO46*$D$2 -> 402.24799 | AU47: =AU46*$D$2 -> 87.47235 | AW47: =MAX(AW15:AW45) -> 61 | AX47: =MAX(AX15:AX45) -> 35 | AY47: HI | AZ47: =AZ46*$D$2 -> 206.66913
A49: SEASON / CFS | AW49: =MIN(AW15:AW45) -> 4 | AX49: =MIN(AX15:AX45) -> 16 | AY49: LO
A50: SEASON / AF
A52: YTD / CFS | F52: =F13+F46 -> -986.63978 | G52: =G13+G46 -> 2009 | H52: =H13+H46 -> 8.24 | I52: =I13+I46 -> 2016.62 | J52: =J13+J46 -> 90.098046 | K52: =K13+K46 -> 2106.718 | L52: =L13+L46 -> -180.45978 | M52: =M13+M46 -> 193.3 | N52: =N13+N46 -> 0 | O52: 0 | Q52: =Q13+Q46 -> 44.064045 | R52: =R13+R46 -> 45.449943 | S52: =S13+S46 -> 0 | T52: =T13+T46 -> 15.910057 | U52: =U13+U46 -> -1.2298784 | V52: =V13+V46 -> 1680 | W52: =W13+W46 -> 59.5 | X52: =X13+X46 -> 1828.6058 | Y52: =Y13+Y46 -> 1625.8088 | AC52: =AC13+AC46 -> 146.2 | AH52: =AH13+AH46 -> 890 | AI52: =AI44 -> 4461 | AJ52: =AJ13+AJ46 -> 0 | AK52: =AK13+AK46 -> 2822.8 | AL52: =AL13+AL46 -> 270.55782 | AM52: =AM13+AM46 -> 3093.3578 | AN52: =AN13+AN46 -> 1625.8 | AO52: =AO13+AO46 -> 202.79707 | AV52: =AV13+AV46 -> 0.48 | AZ52: =AZ13+AZ46 -> 104.19417
A53: YTD / AF | D53: =D13+D47 -> -1957 | E53: =E44 -> 139654 | F53: =F52*$D$2 -> -1957 | G53: =G52*$D$2 -> 3984.8515 | H53: =H52*$D$2 -> 16.34404 | I53: =I52*$D$2 -> 3999.9658 | J53: =J52*$D$2 -> 178.70947 | K53: =K52*$D$2 -> 4178.6752 | L53: =L52*$D$2 -> -357.94197 | M53: =M52*$D$2 -> 383.41055 | ... O53: =O52*$D$2 -> 0 | Q53: =Q52*$D$2 -> 87.401033 | R53: =R52*$D$2 -> 90.149961 | S53: =S52*$D$2 -> 0 | T53: =T52*$D$2 -> 31.557599 | U53: =U52*$D$2 -> -2.4394637 | V53: =V52*$D$2 -> 3332.28 | W53: =W52*$D$2 -> 118.01825 | X53: =X52*$D$2 -> 3627.0397 | Y53: =Y52*$D$2 -> 3224.7917 | AC53: =AC52*$D$2 -> 289.9877 | AH53: =AH52*$D$2 -> 1765.315 | AI53: =AI52*$D$2 -> 8848.3935 | AJ53: =AJ52*$D$2 -> 0 | AK53: =AK52*$D$2 -> 5599.0238 | AL53: =AL52*$D$2 -> 536.65144 | AM53: =AM52*$D$2 -> 6135.6752 | AN53: =AN52*$D$2 -> 3224.7743 | AO53: =AO52*$D$2 -> 402.24799 | AZ53: =AZ52*$D$2 -> 206.66913

Sheet DEC
K1: MCPHEE RESERVOIR INFLOW/OUTFLOW TABULATION
A2: AF/cfs CONVERT FACTOR | D2: 1.9835 | K2: DECEMBER "2011"
D4: RESERVOIR | I4: INFLOW | X4: OUTFLOW | AP4: ADJUSTMENTS | AW4: WEATHER
A5: DATE | B5: RESERV | C5: RESERV | D5: AC FT | E5: ACTIVE | F5: CONV TO | G5: DOLORES | H5: LOST | I5: RECORD | J5: CALC | K5: TOTAL | L5: CALC | M5: DOLORES TUNNEL | V5: LONE | W5: U | X5: TOTAL | Y5: TOTAL | Z5: MVI | AA5: MVI | AB5: MVI | AC5: TO EX & | AD5: MVI | AE5: DV CR | AF5: D/S SENIOR | AH5: BELOW | AI5: FISH | AJ5: SPILL | AK5: RECORD | AL5: CALC | AM5: TOTAL | AN5: NAR | AO5: MVI | AP5: MVI | AQ5: MVI | AR5: DIST. | AS5: U/S | AT5: TOTTEN | AU5: UTES | AV5: RAIN | AW5: MAX | AX5: MIN | AZ5: TOTAL
A6: DEC | B6: ELEV | D6: CHANGE | E6: CAP | F6: CFS | G6: RIVER | H6: CAN | I6: INFLOW | J6: INFLOW | K6: INFLOW | L6: INF/OTF | M6: TOT DIV | N6: WET | O6: UTE | P6: QUEST | Q6: MWC | R6: CORTEZ | T6: UTE | U6: F-BAY | V6: PINE | W6: LAT | X6: MVI | Y6: MVI | Z6: CALL | AA6: CALL | AB6: APR- | AC6: U/S EX | AD6: PROJ | AE6: CANAL | AF6: MVIC | AG6: PROJ | AH6: MCP | AI6: LEFT | AK6: OTF | AL6: OTF | AM6: OTF | AN6: FILLL | AO6: STOCK | AP6: STORED | AQ6: STORED | AR6: CLASS | AS6: USERS | AT6: (FRESH | AU6: FROM | AW6: TMP | AX6: TMP | AZ6: TUNNEL
N7: LAND | O7: F&R | Q7: NON - | R7: NON - | S7: PROJ | T7: PROJ | U7: BAL | X7: WATER | Y7: IRRIG. | Z7: STOR | AA7: SPILLED | AB7: JUNE | AF7: 1.7 | AG7: 1.3 | AP7: Apr - Jun | AQ7: EVAP | AR7: "B" | AS7: EXCH | AT7: WATER) | AU7: DWCD | AZ7: Misc.
Q8: PROJ | R8: PROJ | X8: USED | Y8: WATER | AA8: OR | AB8: (DIV+
R9: 4.2 | Y9: USED | AA9: USED | AB9: CALL)
C10: AC. Ft. | E10: AC FT | G10: CFS | H10: CFS | I10: CFS | J10: CFS | K10: CFS | L10: CFS | M10: CFS | N10: CFS | O10: CFS | P10: CFS | Q10: CFS | R10: CFS | S10: CFS | T10: CFS | U10: CFS | V10: CFS | W10: CFS | X10: 153400 | Y10: 150400 | AB10: 72000 | AC10: CFS | AD10: CFS | AE10: CFS | AF10: CFS | AG10: CFS | AH10: CFS | AI10: CFS | AJ10: CFS | AK10: CFS | AL10: CFS | AM10: CFS | AN10: CFS | AO10: CFS | AP10: CFS | AQ10: AC.FT. | AR10: CFS | AS10: CFS | AT10: CFS | AU10: CFS | AZ10: Outflow
N11: 1.03 | O11: 1.05 | P11: 1.02 | Q11: 1.02 | R11: 1.04 | T11: 1.04 | X11: CFS | Y11: CFS | Z11: CFS | AA11: CFS | AB11: Ac. Ft. | AZ11: CFS
A12: SEASON BAL
A13: YTD | B13: =NOV!B44 -> 6902.17 | C13: =NOV!C44 -> 291654 | D13: =NOV!D53 -> -1957 | E13: =NOV!E53 -> 139654 | F13: =NOV!F52 -> -986.63978 | G13: =NOV!G52 -> 2009 | H13: =NOV!H52 -> 8.24 | I13: =NOV!I52 -> 2016.62 | J13: =NOV!J52 -> 90.098046 | K13: =NOV!K52 -> 2106.718 | L13: =NOV!L52 -> -180.45978 | M13: =NOV!M52 -> 193.3 | ... Y13: =NOV!Y52 -> 1625.8088 | AC13: =NOV!AC52 -> 146.2 | AH13: =NOV!AH52 -> 890 | AI13: =NOV!AI52 -> 4461 | AK13: =NOV!AK52 -> 2822.8 | AL13: =NOV!AL52 -> 270.55782 | AM13: =NOV!AM52 -> 3093.3578 | AN13: =NOV!AN52 -> 1625.8 | AO13: =NOV!AO52 -> 202.79707 | AV13: =NOV!AV52 -> 0.48 | AZ13: =NOV!AZ52 -> 104.19417
A15: 1 | B15: 6902.16 | C15: 291616 | D15: =C15-C13 -> -38 | E15: =C15-152000 -> 139616 | F15: =D15/$D$2 -> -19.158054 | G15: 52 | H15: 0.62 | I15: =G15+H15 -> 52.62 | J15: =IF(L15>0,L15,0) -> 10.421946 | K15: =I15+J15 -> 63.041946 | L15: =F15-(I15-AK15) -> 10.421946 | M15: 3.2 | N15: 0 | O15: 0 | P15: 0 | Q15: =985000/325851/1.9835*1.02 -> 1.55448 | R15: =((1.8)*1.04)-T15 -> 1.2954448 | S15: 0 | T15: =(0.523*1.06)*1.04 -> 0.5765552 | U15: =M15-(Q15+R15+S15+T15) -> -0.22648 | V15: 48 | W15: 0 | X15: =M15-N15-P15-O15-Q15-R15-S15-T15-U15+V15+W15 -> 48 | Y15: =X15-AO15 -> 48 | AC15: 5 | AE15: 0 | AH15: 31 | AI15: =AI13-AH15 -> 4430 | AK15: =N15+O15+P15+Q15+R15+S15+T15+U15+X15+AE15+AH15 -> 82.2 | AL15: =IF(L15<0,L15*-1,0) -> 0 | AM15: =AK15+AL15 -> 82.2 | AN15: =V15 -> 48 | AO15: 0 | AV15: 0 | AW15: 53 | AX15: 28 | AZ15: =SUM(N15,P15:U15) -> 3.2
A16: =A15+1 -> 2 | B16: 6902.14 | C16: 291541 | D16: =C16-C15 -> -75 | E16: =C16-152000 -> 139541 | F16: =D16/$D$2 -> -37.811949 | G16: 58 | H16: 0.68 | I16: =G16+H16 -> 58.68 | J16: =IF(L16>0,L16,0) -> 0 | K16: =I16+J16 -> 58.68 | L16: =F16-(I16-AK16) -> -17.491949 | M16: 4 | N16: 0 | O16: 0 | P16: 0 | Q16: =857200/325851/1.9835*1.02 -> 1.3527921 | R16: =((1.8)*1.04)-T16 -> 1.2764835 | S16: 0 | T16: =(0.5402*1.06)*1.04 -> 0.59551648 | U16: =M16-(Q16+R16+S16+T16) -> 0.77520786 | V16: 44 | W16: 0 | X16: =M16-N16-P16-O16-Q16-R16-S16-T16-U16+V16+W16 -> 44 | Y16: =X16-AO16 -> 44 | AC16: 13.1 | AE16: 0 | AH16: 31 | AI16: =AI15-AH16 -> 4399 | AK16: =N16+O16+P16+Q16+R16+S16+T16+U16+X16+AE16+AH16 -> 79 | AL16: =IF(L16<0,L16*-1,0) -> 17.491949 | AM16: =AK16+AL16 -> 96.491949 | AN16: =V16 -> 44 | AO16: 0 | AV16: 0.05 | AW16: 38 | AX16: 27 | AZ16: =SUM(N16,P16:U16) -> 4
A17: =A16+1 -> 3 | B17: 6902.12 | C17: 291466 | D17: =C17-C16 -> -75 | E17: =C17-152000 -> 139466 | F17: =D17/$D$2 -> -37.811949 | G17: 57 | H17: 0.75 | I17: =G17+H17 -> 57.75 | J17: =IF(L17>0,L17,0) -> 0 | K17: =I17+J17 -> 57.75 | L17: =F17-(I17-AK17) -> -17.761949 | M17: 2.8 | N17: 0 | O17: 0 | P17: 0 | Q17: =774500/325851/1.9835*1.02 -> 1.2222789 | R17: =((1.8)*1.04)-T17 -> 1.2764835 | S17: 0 | T17: =(0.5402*1.06)*1.04 -> 0.59551648 | U17: =M17-(Q17+R17+S17+T17) -> -0.29427895 | V17: 44 | W17: 0 | X17: =M17-N17-P17-O17-Q17-R17-S17-T17-U17+V17+W17 -> 44 | Y17: =X17-AO17 -> 44 | AC17: 11.9 | AE17: 0 | AH17: 31 | AI17: =AI16-AH17 -> 4368 | AK17: =N17+O17+P17+Q17+R17+S17+T17+U17+X17+AE17+AH17 -> 77.8 | AL17: =IF(L17<0,L17*-1,0) -> 17.761949 | AM17: =AK17+AL17 -> 95.561949 | AN17: =V17 -> 44 | AO17: 0 | AV17: 0.04 | AW17: 33 | AX17: 21 | AZ17: =SUM(N17,P17:U17) -> 2.8
A18: =A17+1 -> 4 | B18: 6902.1 | C18: 291391 | D18: =C18-C17 -> -75 | E18: =C18-152000 -> 139391 | F18: =D18/$D$2 -> -37.811949 | G18: 57 | H18: 0.72 | I18: =G18+H18 -> 57.72 | J18: =IF(L18>0,L18,0) -> 0 | K18: =I18+J18 -> 57.72 | L18: =F18-(I18-AK18) -> -16.331949 | M18: 3.2 | N18: 0 | O18: 0 | P18: 0 | Q18: =1102900/325851/1.9835*1.02 -> 1.7405442 | R18: =((1.8)*1.04)-T18 -> 1.2764835 | S18: 0 | T18: =(0.5402*1.06)*1.04 -> 0.59551648 | U18: =M18-(Q18+R18+S18+T18) -> -0.41254416 | V18: 45 | W18: 0 | X18: =M18-N18-P18-O18-Q18-R18-S18-T18-U18+V18+W18 -> 45 | Y18: =X18-AO18 -> 45 | AC18: 11.2 | AE18: 0 | AH18: 31 | AI18: =AI17-AH18 -> 4337 | AK18: =N18+O18+P18+Q18+R18+S18+T18+U18+X18+AE18+AH18 -> 79.2 | AL18: =IF(L18<0,L18*-1,0) -> 16.331949 | AM18: =AK18+AL18 -> 95.531949 | AN18: =V18 -> 45 | AO18: 0 | AV18: 0.05 | AW18: 29 | AX18: 24 | AZ18: =SUM(N18,P18:U18) -> 3.2
A19: =A18+1 -> 5 | B19: 6902.08 | C19: 291315 | D19: =C19-C18 -> -76 | E19: =C19-152000 -> 139315 | F19: =D19/$D$2 -> -38.316108 | G19: 48 | H19: 0.69 | I19: =G19+H19 -> 48.69 | J19: =IF(L19>0,L19,0) -> 0 | K19: =I19+J19 -> 48.69 | L19: =F19-(I19-AK19) -> -8.4061079 | M19: 3.6 | N19: 0 | O19: 0 | P19: 0 | Q19: =869600/325851/1.9835*1.02 -> 1.3723612 | R19: =((1.8)*1.04)-T19 -> 1.2764835 | S19: 0 | T19: =(0.5402*1.06)*1.04 -> 0.59551648 | U19: =M19-(Q19+R19+S19+T19) -> 0.35563877 | V19: 45 | W19: 0 | X19: =M19-N19-P19-O19-Q19-R19-S19-T19-U19+V19+W19 -> 45 | Y19: =X19-AO19 -> 45 | AC19: 5.3 | AE19: 0 | AH19: 30 | AI19: =AI18-AH19 -> 4307 | AK19: =N19+O19+P19+Q19+R19+S19+T19+U19+X19+AE19+AH19 -> 78.6 | AL19: =IF(L19<0,L19*-1,0) -> 8.4061079 | AM19: =AK19+AL19 -> 87.006108 | AN19: =V19 -> 45 | AO19: 0 | AV19: 0.01 | AW19: 25 | AX19: 6 | AZ19: =SUM(N19,P19:U19) -> 3.6
A20: =A19+1 -> 6 | B20: 6902.06 | C20: 291240 | D20: =C20-C19 -> -75 | E20: =C20-152000 -> 139240 | F20: =D20/$D$2 -> -37.811949 | G20: 24 | H20: 0.61 | I20: =G20+H20 -> 24.61 | J20: =IF(L20>0,L20,0) -> 12.178051 | K20: =I20+J20 -> 36.788051 | L20: =F20-(I20-AK20) -> 12.178051 | M20: 3.6 | N20: 0 | O20: 0 | P20: 0 | Q20: =839200/325851/1.9835*1.02 -> 1.3243854 | R20: =((1.9)*1.04)-T20 -> 1.3804835 | S20: 0 | T20: =(0.5402*1.06)*1.04 -> 0.59551648 | U20: =M20-(Q20+R20+S20+T20) -> 0.2996146 | V20: 41 | W20: 0 | X20: =M20-N20-P20-O20-Q20-R20-S20-T20-U20+V20+W20 -> 41 | Y20: =X20-AO20 -> 41 | AC20: 0 | AE20: 0 | AH20: 30 | AI20: =AI19-AH20 -> 4277 | AK20: =N20+O20+P20+Q20+R20+S20+T20+U20+X20+AE20+AH20 -> 74.6 | AL20: =IF(L20<0,L20*-1,0) -> 0 | AM20: =AK20+AL20 -> 74.6 | AN20: =V20 -> 41 | AO20: 0 | AV20: 0 | AW20: 31 | AX20: -3 | AZ20: =SUM(N20,P20:U20) -> 3.6
A21: =A20+1 -> 7 | B21: 6902.04 | C21: 291165 | D21: =C21-C20 -> -75 | E21: =C21-152000 -> 139165 | F21: =D21/$D$2 -> -37.811949 | G21: 45 | H21: 0.63 | I21: =G21+H21 -> 45.63 | J21: =IF(L21>0,L21,0) -> 0 | K21: =I21+J21 -> 45.63 | L21: =F21-(I21-AK21) -> -11.041949 | M21: 3.4 | N21: 0 | O21: 0 | P21: 0 | Q21: =1104500/325851/1.9835*1.02 -> 1.7430692 | R21: =((1.9)*1.04)-T21 -> 1.3804835 | S21: 0 | T21: =(0.5402*1.06)*1.04 -> 0.59551648 | U21: =M21-(Q21+R21+S21+T21) -> -0.3190692 | V21: 39 | W21: 0 | X21: =M21-N21-P21-O21-Q21-R21-S21-T21-U21+V21+W21 -> 39 | Y21: =X21-AO21 -> 39 | AC21: 0 | AE21: 0 | AH21: 30 | AI21: =AI20-AH21 -> 4247 | AK21: =N21+O21+P21+Q21+R21+S21+T21+U21+X21+AE21+AH21 -> 72.4 | AL21: =IF(L21<0,L21*-1,0) -> 11.041949 | AM21: =AK21+AL21 -> 83.441949 | AN21: =V21 -> 39 | AO21: 0 | AV21: 0 | AW21: 36 | AX21: 5 | AZ21: =SUM(N21,P21:U21) -> 3.4
A22: =A21+1 -> 8 | B22: 6902.02 | C22: 291090 | D22: =C22-C21 -> -75 | E22: =C22-152000 -> 139090 | F22: =D22/$D$2 -> -37.811949 | G22: 45 | H22: 0.61 | I22: =G22+H22 -> 45.61 | J22: =IF(L22>0,L22,0) -> 0 | K22: =I22+J22 -> 45.61 | L22: =F22-(I22-AK22) -> -11.521949 | M22: 2.9 | N22: 0 | O22: 0 | P22: 0 | Q22: =837400/325851/1.9835*1.02 -> 1.3215447 | R22: =((1.9)*1.04)-T22 -> 1.3804835 | S22: 0 | T22: =(0.5402*1.06)*1.04 -> 0.59551648 | U22: =M22-(Q22+R22+S22+T22) -> -0.39754472 | V22: 39 | W22: 0 | X22: =M22-N22-P22-O22-Q22-R22-S22-T22-U22+V22+W22 -> 39 | Y22: =X22-AO22 -> 39 | AC22: 0 | AE22: 0 | AH22: 30 | AI22: =AI21-AH22 -> 4217 | AK22: =N22+O22+P22+Q22+R22+S22+T22+U22+X22+AE22+AH22 -> 71.9 | AL22: =IF(L22<0,L22*-1,0) -> 11.521949 | AM22: =AK22+AL22 -> 83.421949 | AN22: =V22 -> 39 | AO22: 0 | AV22: 0 | AW22: 38 | AX22: 10 | AZ22: =SUM(N22,P22:U22) -> 2.9
A23: =A22+1 -> 9 | B23: 6902 | C23: 291014 | D23: =C23-C22 -> -76 | E23: =C23-152000 -> 139014 | F23: =D23/$D$2 -> -38.316108 | G23: 48 | H23: 0.54 | I23: =G23+H23 -> 48.54 | J23: =IF(L23>0,L23,0) -> 0 | K23: =I23+J23 -> 48.54 | L23: =F23-(I23-AK23) -> -13.856108 | M23: 4 | N23: 0 | O23: 0 | P23: 0 | Q23: =962500/325851/1.9835*1.02 -> 1.5189716 | R23: =((2)*1.04)-T23 -> 1.3801965 | S23: 0 | T23: =(0.6348*1.06)*1.04 -> 0.69980352 | U23: =M23-(Q23+R23+S23+T23) -> 0.40102842 | V23: 39 | W23: 0 | X23: =M23-N23-P23-O23-Q23-R23-S23-T23-U23+V23+W23 -> 39 | Y23: =X23-AO23 -> 39 | AC23: 0 | AE23: 0 | AH23: 30 | AI23: =AI22-AH23 -> 4187 | AK23: =N23+O23+P23+Q23+R23+S23+T23+U23+X23+AE23+AH23 -> 73 | AL23: =IF(L23<0,L23*-1,0) -> 13.856108 | AM23: =AK23+AL23 -> 86.856108 | AN23: =V23 -> 39 | AO23: 0 | AV23: 0 | AW23: 39 | AX23: 9 | AZ23: =SUM(N23,P23:U23) -> 4
A24: =A23+1 -> 10 | B24: 6901.98 | C24: 290940 | D24: =C24-C23 -> -74 | E24: =C24-152000 -> 138940 | F24: =D24/$D$2 -> -37.307789 | G24: 44 | H24: 0.5 | I24: =G24+H24 -> 44.5 | J24: =IF(L24>0,L24,0) -> 0 | K24: =I24+J24 -> 44.5 | L24: =F24-(I24-AK24) -> -8.7077893 | M24: 4.1 | N24: 0 | O24: 0 | P24: 0 | Q24: =945300/325851/1.9835*1.02 -> 1.4918274 | R24: =((2)*1.04)-T24 -> 1.3801965 | S24: 0 | T24: =(0.6348*1.06)*1.04 -> 0.69980352 | U24: =M24-(Q24+R24+S24+T24) -> 0.52817264 | V24: 39 | W24: 0 | X24: =M24-N24-P24-O24-Q24-R24-S24-T24-U24+V24+W24 -> 39 | Y24: =X24-AO24 -> 39 | AC24: 0 | AE24: 0 | AH24: 30 | AI24: =AI23-AH24 -> 4157 | AK24: =N24+O24+P24+Q24+R24+S24+T24+U24+X24+AE24+AH24 -> 73.1 | AL24: =IF(L24<0,L24*-1,0) -> 8.7077893 | AM24: =AK24+AL24 -> 81.807789 | AN24: =V24 -> 39 | AO24: 0 | AV24: 0 | AW24: 44 | AX24: 14 | AZ24: =SUM(N24,P24:U24) -> 4.1
A25: =A24+1 -> 11 | B25: 6901.96 | C25: 290865 | D25: =C25-C24 -> -75 | E25: =C25-152000 -> 138865 | F25: =D25/$D$2 -> -37.811949 | G25: 40 | H25: 0.52 | I25: =G25+H25 -> 40.52 | J25: =IF(L25>0,L25,0) -> 0 | K25: =I25+J25 -> 40.52 | L25: =F25-(I25-AK25) -> -6.3319486 | M25: 3 | N25: 0 | O25: 0 | P25: 0 | Q25: =1061500/325851/1.9835*1.02 -> 1.6752087 | R25: =((2)*1.04)-T25 -> 1.3801965 | S25: 0 | T25: =(0.6348*1.06)*1.04 -> 0.69980352 | U25: =M25-(Q25+R25+S25+T25) -> -0.75520865 | V25: 39 | W25: 0 | X25: =M25-N25-P25-O25-Q25-R25-S25-T25-U25+V25+W25 -> 39 | Y25: =X25-AO25 -> 39 | AC25: 0 | AE25: 0 | AH25: 30 | AI25: =AI24-AH25 -> 4127 | AK25: =N25+O25+P25+Q25+R25+S25+T25+U25+X25+AE25+AH25 -> 72 | AL25: =IF(L25<0,L25*-1,0) -> 6.3319486 | AM25: =AK25+AL25 -> 78.331949 | AN25: =V25 -> 39 | AO25: 0 | AV25: 0 | AW25: 45 | AX25: 12 | AZ25: =SUM(N25,P25:U25) -> 3
A26: =A25+1 -> 12 | B26: 6901.94 | C26: 290790 | D26: =C26-C25 -> -75 | E26: =C26-152000 -> 138790 | F26: =D26/$D$2 -> -37.811949 | G26: 41 | H26: 0.64 | I26: =G26+H26 -> 41.64 | J26: =IF(L26>0,L26,0) -> 0 | K26: =I26+J26 -> 41.64 | L26: =F26-(I26-AK26) -> -3.4519486 | M26: 4 | N26: 0 | O26: 0 | P26: 0 | Q26: =999100/325851/1.9835*1.02 -> 1.5767319 | R26: =((2)*1.04)-T26 -> 1.3801965 | S26: 0 | T26: =(0.6348*1.06)*1.04 -> 0.69980352 | U26: =M26-(Q26+R26+S26+T26) -> 0.34326805 | V26: 42 | W26: 0 | X26: =M26-N26-P26-O26-Q26-R26-S26-T26-U26+V26+W26 -> 42 | Y26: =X26-AO26 -> 42 | AC26: 0 | AE26: 0 | AH26: 30 | AI26: =AI25-AH26 -> 4097 | AK26: =N26+O26+P26+Q26+R26+S26+T26+U26+X26+AE26+AH26 -> 76 | AL26: =IF(L26<0,L26*-1,0) -> 3.4519486 | AM26: =AK26+AL26 -> 79.451949 | AN26: =V26 -> 42 | AO26: 0 | AV26: 0.01 | AW26: 41 | AX26: 20 | AZ26: =SUM(N26,P26:U26) -> 4
A27: =A26+1 -> 13 | B27: 6901.92 | C27: 290716 | D27: =C27-C26 -> -74 | E27: =C27-152000 -> 138716 | F27: =D27/$D$2 -> -37.307789 | G27: 46 | H27: 0.74 | I27: =G27+H27 -> 46.74 | J27: =IF(L27>0,L27,0) -> 0 | K27: =I27+J27 -> 46.74 | L27: =F27-(I27-AK27) -> -6.5477893 | M27: 4.5 | N27: 0 | O27: 0 | P27: 0 | Q27: =942600/325851/1.9835*1.02 -> 1.4875663 | R27: =((2.2)*1.04)-T27 -> 1.5881965 | S27: 0 | T27: =(0.6348*1.06)*1.04 -> 0.69980352 | U27: =M27-(Q27+R27+S27+T27) -> 0.72443365 | V27: 43 | W27: 0 | X27: =M27-N27-P27-O27-Q27-R27-S27-T27-U27+V27+W27 -> 43 | Y27: =X27-AO27 -> 43 | AC27: 0 | AE27: 0 | AH27: 30 | AI27: =AI26-AH27 -> 4067 | AK27: =N27+O27+P27+Q27+R27+S27+T27+U27+X27+AE27+AH27 -> 77.5 | AL27: =IF(L27<0,L27*-1,0) -> 6.5477893 | AM27: =AK27+AL27 -> 84.047789 | AN27: =V27 -> 43 | AO27: 0 | AV27: 0.1 | AW27: 43 | AX27: 31 | AZ27: =SUM(N27,P27:U27) -> 4.5
A28: =A27+1 -> 14 | B28: 6901.9 | C28: 290641 | D28: =C28-C27 -> -75 | E28: =C28-152000 -> 138641 | F28: =D28/$D$2 -> -37.811949 | G28: 48 | H28: 0.82 | I28: =G28+H28 -> 48.82 | J28: =IF(L28>0,L28,0) -> 0 | K28: =I28+J28 -> 48.82 | L28: =F28-(I28-AK28) -> -10.331949 | M28: 3.3 | N28: 0 | O28: 0 | P28: 0 | Q28: =1028700/325851/1.9835*1.02 -> 1.6234453 | R28: =((2.4)*1.04)-T28 -> 1.7961965 | S28: 0 | T28: =(0.6348*1.06)*1.04 -> 0.69980352 | U28: =M28-(Q28+R28+S28+T28) -> -0.81944526 | V28: 43 | W28: 0 | X28: =M28-N28-P28-O28-Q28-R28-S28-T28-U28+V28+W28 -> 43 | Y28: =X28-AO28 -> 43 | AC28: 0 | AE28: 0 | AH28: 30 | AI28: =AI27-AH28 -> 4037 | AK28: =N28+O28+P28+Q28+R28+S28+T28+U28+X28+AE28+AH28 -> 76.3 | AL28: =IF(L28<0,L28*-1,0) -> 10.331949 | AM28: =AK28+AL28 -> 86.631949 | AN28: =V28 -> 43 | AO28: 0 | AV28: 0.05 | AW28: 35 | AX28: 22 | AZ28: =SUM(N28,P28:U28) -> 3.3
A29: =A28+1 -> 15 | B29: 6901.88 | C29: 290567 | D29: =C29-C28 -> -74 | E29: =C29-152000 -> 138567 | F29: =D29/$D$2 -> -37.307789 | G29: 43 | H29: 0.9 | I29: =G29+H29 -> 43.9 | J29: =IF(L29>0,L29,0) -> 0 | K29: =I29+J29 -> 43.9 | L29: =F29-(I29-AK29) -> -4.2077893 | M29: 4 | N29: 0 | O29: 0 | P29: 0 | Q29: =801800/325851/1.9835*1.02 -> 1.2653625 | R29: =((2.4)*1.04)-T29 -> 1.7961965 | S29: 0 | T29: =(0.6348*1.06)*1.04 -> 0.69980352 | U29: =M29-(Q29+R29+S29+T29) -> 0.2386375 | V29: 43 | W29: 0 | X29: =M29-N29-P29-O29-Q29-R29-S29-T29-U29+V29+W29 -> 43 | Y29: =X29-AO29 -> 43 | AC29: 0 | AE29: 0 | AH29: 30 | AI29: =AI28-AH29 -> 4007 | AK29: =N29+O29+P29+Q29+R29+S29+T29+U29+X29+AE29+AH29 -> 77 | AL29: =IF(L29<0,L29*-1,0) -> 4.2077893 | AM29: =AK29+AL29 -> 81.207789 | AN29: =V29 -> 43 | AO29: 0 | AV29: 0.05 | AW29: 36 | AX29: 16 | AZ29: =SUM(N29,P29:U29) -> 4
A30: =A29+1 -> 16 | B30: 6901.86 | C30: 290492 | D30: =C30-C29 -> -75 | E30: =C30-152000 -> 138492 | F30: =D30/$D$2 -> -37.811949 | G30: 41 | H30: 0.92 | I30: =G30+H30 -> 41.92 | J30: =IF(L30>0,L30,0) -> 0 | K30: =I30+J30 -> 41.92 | L30: =F30-(I30-AK30) -> -2.5319486 | M30: 4.2 | N30: 0 | O30: 0 | P30: 0 | Q30: =804900/325851/1.9835*1.02 -> 1.2702548 | R30: =((2.4)*1.04)-T30 -> 1.977431 | S30: 0 | T30: =(0.4704*1.06)*1.04 -> 0.51856896 | U30: =M30-(Q30+R30+S30+T30) -> 0.43374522 | V30: 43 | W30: 0 | X30: =M30-N30-P30-O30-Q30-R30-S30-T30-U30+V30+W30 -> 43 | Y30: =X30-AO30 -> 43 | AC30: 0 | AE30: 0 | AH30: 30 | AI30: =AI29-AH30 -> 3977 | AK30: =N30+O30+P30+Q30+R30+S30+T30+U30+X30+AE30+AH30 -> 77.2 | AL30: =IF(L30<0,L30*-1,0) -> 2.5319486 | AM30: =AK30+AL30 -> 79.731949 | AN30: =V30 -> 43 | AO30: 0 | AV30: 0.03 | AW30: 41 | AX30: 15 | AZ30: =SUM(N30,P30:U30) -> 4.2
A31: =A30+1 -> 17 | B31: 6901.84 | C31: 290417 | D31: =C31-C30 -> -75 | E31: =C31-152000 -> 138417 | F31: =D31/$D$2 -> -37.811949 | G31: 41 | H31: 0.91 | I31: =G31+H31 -> 41.91 | J31: =IF(L31>0,L31,0) -> 0 | K31: =I31+J31 -> 41.91 | L31: =F31-(I31-AK31) -> -2.5219486 | M31: 4.2 | N31: 0 | O31: 0 | P31: 0 | Q31: =951100/325851/1.9835*1.02 -> 1.5009806 | R31: =((2.4)*1.04)-T31 -> 1.977431 | S31: 0 | T31: =(0.4704*1.06)*1.04 -> 0.51856896 | U31: =M31-(Q31+R31+S31+T31) -> 0.20301936 | V31: 43 | W31: 0 | X31: =M31-N31-P31-O31-Q31-R31-S31-T31-U31+V31+W31 -> 43 | Y31: =X31-AO31 -> 43 | AC31: 0 | AE31: 0 | AH31: 30 | AI31: =AI30-AH31 -> 3947 | AK31: =N31+O31+P31+Q31+R31+S31+T31+U31+X31+AE31+AH31 -> 77.2 | AL31: =IF(L31<0,L31*-1,0) -> 2.5219486 | AM31: =AK31+AL31 -> 79.721949 | AN31: =V31 -> 43 | AO31: 0 | AV31: 0 | AW31: 49 | AX31: 18 | AZ31: =SUM(N31,P31:U31) -> 4.2
A32: =A31+1 -> 18 | B32: 6901.82 | C32: 290343 | D32: =C32-C31 -> -74 | E32: =C32-152000 -> 138343 | F32: =D32/$D$2 -> -37.307789 | G32: 44 | H32: 0.94 | I32: =G32+H32 -> 44.94 | J32: =IF(L32>0,L32,0) -> 0 | K32: =I32+J32 -> 44.94 | L32: =F32-(I32-AK32) -> -6.1477893 | M32: 3.1 | N32: 0 | O32: 0 | P32: 0 | Q32: =979000/325851/1.9835*1.02 -> 1.5450111 | R32: =((2.4)*1.04)-T32 -> 1.977431 | S32: 0 | T32: =(0.4704*1.06)*1.04 -> 0.51856896 | U32: =M32-(Q32+R32+S32+T32) -> -0.94101109 | V32: 43 | W32: 0 | X32: =M32-N32-P32-O32-Q32-R32-S32-T32-U32+V32+W32 -> 43 | Y32: =X32-AO32 -> 43 | AC32: 0 | AE32: 0 | AH32: 30 | AI32: =AI31-AH32 -> 3917 | AK32: =N32+O32+P32+Q32+R32+S32+T32+U32+X32+AE32+AH32 -> 76.1 | AL32: =IF(L32<0,L32*-1,0) -> 6.1477893 | AM32: =AK32+AL32 -> 82.247789 | AN32: =V32 -> 43 | AO32: 0 | AV32: 0 | AW32: 53 | AX32: 26 | AZ32: =SUM(N32,P32:U32) -> 3.1
A33: =A32+1 -> 19 | B33: 6901.8 | C33: 290268 | D33: =C33-C32 -> -75 | E33: =C33-152000 -> 138268 | F33: =D33/$D$2 -> -37.811949 | G33: 45 | H33: 1 | I33: =G33+H33 -> 46 | J33: =IF(L33>0,L33,0) -> 0 | K33: =I33+J33 -> 46 | L33: =F33-(I33-AK33) -> -6.7119486 | M33: 4.1 | N33: 0 | O33: 0 | P33: 0 | Q33: =963600/325851/1.9835*1.02 -> 1.5207075 | R33: =((2.2)*1.04)-T33 -> 1.769431 | S33: 0 | T33: =(0.4704*1.06)*1.04 -> 0.51856896 | U33: =M33-(Q33+R33+S33+T33) -> 0.29129246 | V33: 43 | W33: 0 | X33: =M33-N33-P33-O33-Q33-R33-S33-T33-U33+V33+W33 -> 43 | Y33: =X33-AO33 -> 43 | AC33: 0 | AE33: 0 | AH33: 30 | AI33: =AI32-AH33 -> 3887 | AK33: =N33+O33+P33+Q33+R33+S33+T33+U33+X33+AE33+AH33 -> 77.1 | AL33: =IF(L33<0,L33*-1,0) -> 6.7119486 | AM33: =AK33+AL33 -> 83.811949 | AN33: =V33 -> 43 | AO33: 0 | AV33: 0 | AW33: 40 | AX33: 30 | AZ33: =SUM(N33,P33:U33) -> 4.1
A34: =A33+1 -> 20 | B34: 6901.78 | C34: 290193 | D34: =C34-C33 -> -75 | E34: =C34-152000 -> 138193 | F34: =D34/$D$2 -> -37.811949 | G34: 44 | H34: 1 | I34: =G34+H34 -> 45 | J34: =IF(L34>0,L34,0) -> 0 | K34: =I34+J34 -> 45 | L34: =F34-(I34-AK34) -> -5.7119486 | M34: 4.1 | N34: 0 | O34: 0 | P34: 0 | Q34: =930900/325851/1.9835*1.02 -> 1.469102 | R34: =((2.2)*1.04)-T34 -> 1.769431 | S34: 0 | T34: =(0.4704*1.06)*1.04 -> 0.51856896 | U34: =M34-(Q34+R34+S34+T34) -> 0.34289804 | V34: 43 | W34: 0 | X34: =M34-N34-P34-O34-Q34-R34-S34-T34-U34+V34+W34 -> 43 | Y34: =X34-AO34 -> 43 | AC34: 0 | AE34: 0 | AH34: 30 | AI34: =AI33-AH34 -> 3857 | AK34: =N34+O34+P34+Q34+R34+S34+T34+U34+X34+AE34+AH34 -> 77.1 | AL34: =IF(L34<0,L34*-1,0) -> 5.7119486 | AM34: =AK34+AL34 -> 82.811949 | AN34: =V34 -> 43 | AO34: 0 | AV34: 0.07 | AW34: 36 | AX34: 26 | AZ34: =SUM(N34,P34:U34) -> 4.1
A35: =A34+1 -> 21 | B35: 6901.76 | C35: 290119 | D35: =C35-C34 -> -74 | E35: =C35-152000 -> 138119 | F35: =D35/$D$2 -> -37.307789 | G35: 44 | H35: 1 | I35: =G35+H35 -> 45 | J35: =IF(L35>0,L35,0) -> 0 | K35: =I35+J35 -> 45 | L35: =F35-(I35-AK35) -> -6.4077893 | M35: 2.9 | N35: 0 | O35: 0 | P35: 0 | Q35: =825400/325851/1.9835*1.02 -> 1.3026069 | R35: =((2.2)*1.04)-T35 -> 1.769431 | S35: 0 | T35: =(0.4704*1.06)*1.04 -> 0.51856896 | U35: =M35-(Q35+R35+S35+T35) -> -0.6906069 | V35: 43 | W35: 0 | X35: =M35-N35-P35-O35-Q35-R35-S35-T35-U35+V35+W35 -> 43 | Y35: =X35-AO35 -> 43 | AC35: 0 | AE35: 0 | AH35: 30 | AI35: =AI34-AH35 -> 3827 | AK35: =N35+O35+P35+Q35+R35+S35+T35+U35+X35+AE35+AH35 -> 75.9 | AL35: =IF(L35<0,L35*-1,0) -> 6.4077893 | AM35: =AK35+AL35 -> 82.307789 | AN35: =V35 -> 43 | AO35: 0 | AV35: 0 | AW35: 35 | AX35: 24 | AZ35: =SUM(N35,P35:U35) -> 2.9
A36: =A35+1 -> 22 | B36: 6901.74 | C36: 290044 | D36: =C36-C35 -> -75 | E36: =C36-152000 -> 138044 | F36: =D36/$D$2 -> -37.811949 | G36: 44 | H36: 0.96 | I36: =G36+H36 -> 44.96 | J36: =IF(L36>0,L36,0) -> 0 | K36: =I36+J36 -> 44.96 | L36: =F36-(I36-AK36) -> -5.6719486 | M36: 4.1 | N36: 0 | O36: 0 | P36: 0 | Q36: =938400/325851/1.9835*1.02 -> 1.4809381 | R36: =((2.4)*1.04)-T36 -> 1.977431 | S36: 0 | T36: =(0.4704*1.06)*1.04 -> 0.51856896 | U36: =M36-(Q36+R36+S36+T36) -> 0.12306189 | V36: 43 | W36: 0 | X36: =M36-N36-P36-O36-Q36-R36-S36-T36-U36+V36+W36 -> 43 | Y36: =X36-AO36 -> 43 | AC36: 0 | AE36: 0 | AH36: 30 | AI36: =AI35-AH36 -> 3797 | AK36: =N36+O36+P36+Q36+R36+S36+T36+U36+X36+AE36+AH36 -> 77.1 | AL36: =IF(L36<0,L36*-1,0) -> 5.6719486 | AM36: =AK36+AL36 -> 82.771949 | AN36: =V36 -> 43 | AO36: 0 | AV36: 0.01 | AW36: 28 | AX36: 11 | AZ36: =SUM(N36,P36:U36) -> 4.1
A37: =A36+1 -> 23 | B37: 6901.72 | C37: 289969 | D37: =C37-C36 -> -75 | E37: =C37-152000 -> 137969 | F37: =D37/$D$2 -> -37.811949 | G37: 41 | H37: 0.99 | I37: =G37+H37 -> 41.99 | J37: =IF(L37>0,L37,0) -> 0 | K37: =I37+J37 -> 41.99 | L37: =F37-(I37-AK37) -> -2.6019486 | M37: 4.2 | N37: 0 | O37: 0 | P37: 0 | Q37: =909400/325851/1.9835*1.02 -> 1.4351717 | R37: =((2.4)*1.04)-T37 -> 2.0027862 | S37: 0 | T37: =(0.4474*1.06)*1.04 -> 0.49321376 | U37: =M37-(Q37+R37+S37+T37) -> 0.26882831 | V37: 43 | W37: 0 | X37: =M37-N37-P37-O37-Q37-R37-S37-T37-U37+V37+W37 -> 43 | Y37: =X37-AO37 -> 43 | AC37: 0 | AE37: 0 | AH37: 30 | AI37: =AI36-AH37 -> 3767 | AK37: =N37+O37+P37+Q37+R37+S37+T37+U37+X37+AE37+AH37 -> 77.2 | AL37: =IF(L37<0,L37*-1,0) -> 2.6019486 | AM37: =AK37+AL37 -> 79.801949 | AN37: =V37 -> 43 | AO37: 0 | AV37: 0 | AW37: 37 | AX37: 10 | AZ37: =SUM(N37,P37:U37) -> 4.2
A38: =A37+1 -> 24 | B38: 6901.7 | C38: 289895 | D38: =C38-C37 -> -74 | E38: =C38-152000 -> 137895 | F38: =D38/$D$2 -> -37.307789 | G38: 39 | H38: 1 | I38: =G38+H38 -> 40 | J38: =IF(L38>0,L38,0) -> 0 | K38: =I38+J38 -> 40 | L38: =F38-(I38-AK38) -> -0.10778926 | M38: 4.2 | N38: 0 | O38: 0 | P38: 0 | Q38: =913100/325851/1.9835*1.02 -> 1.4410109 | R38: =((2.6)*1.04)-T38 -> 2.2107862 | S38: 0 | T38: =(0.4474*1.06)*1.04 -> 0.49321376 | U38: =M38-(Q38+R38+S38+T38) -> 0.054989147 | V38: 43 | W38: 0 | X38: =M38-N38-P38-O38-Q38-R38-S38-T38-U38+V38+W38 -> 43 | Y38: =X38-AO38 -> 43 | AC38: 0 | AE38: 0 | AH38: 30 | AI38: =AI37-AH38 -> 3737 | AK38: =N38+O38+P38+Q38+R38+S38+T38+U38+X38+AE38+AH38 -> 77.2 | AL38: =IF(L38<0,L38*-1,0) -> 0.10778926 | AM38: =AK38+AL38 -> 77.307789 | AN38: =V38 -> 43 | AO38: 0 | AV38: 0 | AW38: 41 | AX38: 10 | AZ38: =SUM(N38,P38:U38) -> 4.2
A39: =A38+1 -> 25 | B39: 6901.68 | C39: 289820 | D39: =C39-C38 -> -75 | E39: =C39-152000 -> 137820 | F39: =D39/$D$2 -> -37.811949 | G39: 38 | H39: 1 | I39: =G39+H39 -> 39 | J39: =IF(L39>0,L39,0) -> 0.38805142 | K39: =I39+J39 -> 39.388051 | L39: =F39-(I39-AK39) -> 0.38805142 | M39: 4.2 | N39: 0 | O39: 0 | P39: 0 | Q39: =1103800/325851/1.9835*1.02 -> 1.7419645 | R39: =((2.6)*1.04)-T39 -> 2.2107862 | S39: 0 | T39: =(0.4474*1.06)*1.04 -> 0.49321376 | U39: =M39-(Q39+R39+S39+T39) -> -0.24596449 | V39: 43 | W39: 0 | X39: =M39-N39-P39-O39-Q39-R39-S39-T39-U39+V39+W39 -> 43 | Y39: =X39-AO39 -> 43 | AC39: 0 | AE39: 0 | AH39: 30 | AI39: =AI38-AH39 -> 3707 | AK39: =N39+O39+P39+Q39+R39+S39+T39+U39+X39+AE39+AH39 -> 77.2 | AL39: =IF(L39<0,L39*-1,0) -> 0 | AM39: =AK39+AL39 -> 77.2 | AN39: =V39 -> 43 | AO39: 0 | AV39: 0 | AW39: 45 | AX39: 14 | AZ39: =SUM(N39,P39:U39) -> 4.2
A40: =A39+1 -> 26 | B40: 6901.66 | C40: 289745 | D40: =C40-C39 -> -75 | E40: =C40-152000 -> 137745 | F40: =D40/$D$2 -> -37.811949 | G40: 38 | H40: 0.96 | I40: =G40+H40 -> 38.96 | J40: =IF(L40>0,L40,0) -> 0.42805142 | K40: =I40+J40 -> 39.388051 | L40: =F40-(I40-AK40) -> 0.42805142 | M40: 4.2 | N40: 0 | O40: 0 | P40: 0 | Q40: =939600/325851/1.9835*1.02 -> 1.4828319 | R40: =((2.6)*1.04)-T40 -> 2.2107862 | S40: 0 | T40: =(0.4474*1.06)*1.04 -> 0.49321376 | U40: =M40-(Q40+R40+S40+T40) -> 0.013168112 | V40: 43 | W40: 0 | X40: =M40-N40-P40-O40-Q40-R40-S40-T40-U40+V40+W40 -> 43 | Y40: =X40-AO40 -> 43 | AC40: 0 | AE40: 0 | AH40: 30 | AI40: =AI39-AH40 -> 3677 | AK40: =N40+O40+P40+Q40+R40+S40+T40+U40+X40+AE40+AH40 -> 77.2 | AL40: =IF(L40<0,L40*-1,0) -> 0 | AM40: =AK40+AL40 -> 77.2 | AN40: =V40 -> 43 | AO40: 0 | AV40: 0 | AW40: 40 | AX40: 16 | AZ40: =SUM(N40,P40:U40) -> 4.2
A41: =A40+1 -> 27 | B41: 6901.64 | C41: 289671 | D41: =C41-C40 -> -74 | E41: =C41-152000 -> 137671 | F41: =D41/$D$2 -> -37.307789 | G41: 38 | H41: 0.95 | I41: =G41+H41 -> 38.95 | J41: =IF(L41>0,L41,0) -> 0.94221074 | K41: =I41+J41 -> 39.892211 | L41: =F41-(I41-AK41) -> 0.94221074 | M41: 4.2 | N41: 0 | O41: 0 | P41: 0 | Q41: =863700/325851/1.9835*1.02 -> 1.3630501 | R41: =((2.6)*1.04)-T41 -> 2.2107862 | S41: 0 | T41: =(0.4474*1.06)*1.04 -> 0.49321376 | U41: =M41-(Q41+R41+S41+T41) -> 0.13294987 | V41: 43 | W41: 0 | X41: =M41-N41-P41-O41-Q41-R41-S41-T41-U41+V41+W41 -> 43 | Y41: =X41-AO41 -> 43 | AC41: 0 | AE41: 0 | AH41: 30 | AI41: =AI40-AH41 -> 3647 | AK41: =N41+O41+P41+Q41+R41+S41+T41+U41+X41+AE41+AH41 -> 77.2 | AL41: =IF(L41<0,L41*-1,0) -> 0 | AM41: =AK41+AL41 -> 77.2 | AN41: =V41 -> 43 | AO41: 0 | AV41: 0 | AW41: 45 | AX41: 16 | AZ41: =SUM(N41,P41:U41) -> 4.2
A42: =A41+1 -> 28 | B42: 6901.62 | C42: 289596 | D42: =C42-C41 -> -75 | E42: =C42-152000 -> 137596 | F42: =D42/$D$2 -> -37.811949 | G42: 38 | H42: 0.97 | I42: =G42+H42 -> 38.97 | J42: =IF(L42>0,L42,0) -> 0.41805142 | K42: =I42+J42 -> 39.388051 | L42: =F42-(I42-AK42) -> 0.41805142 | M42: 4.2 | N42: 0 | O42: 0 | P42: 0 | Q42: =1054700/325851/1.9835*1.02 -> 1.6644772 | R42: =((2.4)*1.04)-T42 -> 2.0027862 | S42: 0 | T42: =(0.4474*1.06)*1.04 -> 0.49321376 | U42: =M42-(Q42+R42+S42+T42) -> 0.039522784 | V42: 43 | W42: 0 | X42: =M42-N42-P42-O42-Q42-R42-S42-T42-U42+V42+W42 -> 43 | Y42: =X42-AO42 -> 43 | AC42: 0 | AE42: 0 | AH42: 30 | AI42: =AI41-AH42 -> 3617 | AK42: =N42+O42+P42+Q42+R42+S42+T42+U42+X42+AE42+AH42 -> 77.2 | AL42: =IF(L42<0,L42*-1,0) -> 0 | AM42: =AK42+AL42 -> 77.2 | AN42: =V42 -> 43 | AO42: 0 | AV42: 0 | AW42: 44 | AX42: 15 | AZ42: =SUM(N42,P42:U42) -> 4.2
A43: =A42+1 -> 29 | B43: 6901.6 | C43: 289521 | D43: =C43-C42 -> -75 | E43: =C43-152000 -> 137521 | F43: =D43/$D$2 -> -37.811949 | G43: 39 | H43: 1.1 | I43: =G43+H43 -> 40.1 | J43: =IF(L43>0,L43,0) -> 0 | K43: =I43+J43 -> 40.1 | L43: =F43-(I43-AK43) -> -1.9119486 | M43: 3 | N43: 0 | O43: 0 | P43: 0 | Q43: =956200/325851/1.9835*1.02 -> 1.5090292 | R43: =((2)*1.04)-T43 -> 1.5867862 | S43: 0 | T43: =(0.4474*1.06)*1.04 -> 0.49321376 | U43: =M43-(Q43+R43+S43+T43) -> -0.58902922 | V43: 43 | W43: 0 | X43: =M43-N43-P43-O43-Q43-R43-S43-T43-U43+V43+W43 -> 43 | Y43: =X43-AO43 -> 43 | AC43: 0 | AE43: 0 | AH43: 30 | AI43: =AI42-AH43 -> 3587 | AK43: =N43+O43+P43+Q43+R43+S43+T43+U43+X43+AE43+AH43 -> 76 | AL43: =IF(L43<0,L43*-1,0) -> 1.9119486 | AM43: =AK43+AL43 -> 77.911949 | AN43: =V43 -> 43 | AO43: 0 | AV43: 0 | AW43: 50 | AX43: 22 | AZ43: =SUM(N43,P43:U43) -> 3
A44: 30 | B44: 6901.58 | C44: 289447 | D44: =C44-C43 -> -74 | E44: =C44-152000 -> 137447 | F44: =D44/$D$2 -> -37.307789 | G44: 40 | H44: 1.2 | I44: =G44+H44 -> 41.2 | J44: =IF(L44>0,L44,0) -> 0 | K44: =I44+J44 -> 41.2 | L44: =F44-(I44-AK44) -> -1.1077893 | M44: 4.4 | N44: 0 | O44: 0 | P44: 0 | Q44: =858900/325851/1.9835*1.02 -> 1.355475 | R44: =((2.1)*1.04)-T44 -> 1.7525206 | S44: 0 | T44: =(0.3914*1.06)*1.04 -> 0.43147936 | U44: =M44-(Q44+R44+S44+T44) -> 0.860525 | V44: 43 | W44: 0 | X44: =M44-N44-P44-O44-Q44-R44-S44-T44-U44+V44+W44 -> 43 | Y44: =X44-AO44 -> 43 | AC44: 0 | AE44: 0 | AH44: 30 | AI44: =AI43-AH44 -> 3557 | AK44: =N44+O44+P44+Q44+R44+S44+T44+U44+X44+AE44+AH44 -> 77.4 | AL44: =IF(L44<0,L44*-1,0) -> 1.1077893 | AM44: =AK44+AL44 -> 78.507789 | AN44: =V44 -> 43 | AO44: 0 | AV44: 0 | AW44: 52 | AX44: 23 | AZ44: =SUM(N44,P44:U44) -> 4.4
A45: 31 | B45: 6901.56 | C45: 289372 | D45: =C45-C44 -> -75 | E45: =C45-152000 -> 137372 | F45: =D45/$D$2 -> -37.811949 | G45: 41 | H45: 1 | I45: =G45+H45 -> 42 | J45: =IF(L45>0,L45,0) -> 0 | K45: =I45+J45 -> 42 | L45: =F45-(I45-AK45) -> -3.0119486 | M45: 3.8 | N45: 0 | O45: 0 | P45: 0 | Q45: =892400/325851/1.9835*1.02 -> 1.4083431 | R45: =((2.3)*1.04)-T45 -> 1.9605206 | S45: 0 | T45: =(0.3914*1.06)*1.04 -> 0.43147936 | U45: =M45-(Q45+R45+S45+T45) -> -0.00034310026 | V45: 43 | W45: 0 | X45: =M45-N45-P45-O45-Q45-R45-S45-T45-U45+V45+W45 -> 43 | Y45: =X45-AO45 -> 43 | AC45: 0 | AE45: 0 | AH45: 30 | AI45: =AI44-AH45 -> 3527 | AK45: =N45+O45+P45+Q45+R45+S45+T45+U45+X45+AE45+AH45 -> 76.8 | AL45: =IF(L45<0,L45*-1,0) -> 3.0119486 | AM45: =AK45+AL45 -> 79.811949 | AN45: =V45 -> 43 | AO45: 0 | AV45: 0 | AW45: 47 | AX45: 23 | AZ45: =SUM(N45,P45:U45) -> 3.8
X46: =M46-N46-O46-Q46-R46-S46+V46+W46 -> 0 | Y46: =N46-O46-P46-R46-S46-U46+W46+X46 -> 0 | AK46: =N46+O46+Q46+R46+S46+X46+AE46+AH46 -> 0
A47: MONTH / CFS | F47: =SUM(F15:F45) -> -1150.4916 | G47: =SUM(G15:G45) -> 1351 | H47: =SUM(H15:H45) -> 25.87 | I47: =SUM(I15:I45) -> 1376.87 | J47: =SUM(J15:J45) -> 24.776362 | K47: =SUM(K15:K45) -> 1401.6464 | L47: =SUM(L15:L45) -> -155.66156 | M47: =SUM(M15:M45) -> 116.7 | ... O47: =SUM(O15:O45) -> 0 | Q47: =SUM(Q15:Q45) -> 45.761524 | R47: =SUM(R15:R45) -> 52.610767 | S47: =SUM(S15:S45) -> 0 | T47: =SUM(T15:T45) -> 17.589233 | U47: =SUM(U15:U45) -> 0.73847597 | V47: =SUM(V15:V45) -> 1321 | W47: =SUM(W15:W45) -> 0 | X47: =SUM(X15:X45) -> 1321 | Y47: =SUM(Y15:Y45) -> 1321 | AC47: =SUM(AC15:AC45) -> 46.5 | AH47: =SUM(AH15:AH45) -> 934 | AJ47: =SUM(AJ15:AJ45) -> 0 | AK47: =SUM(AK15:AK45) -> 2371.7 | AL47: =SUM(AL15:AL45) -> 180.43792 | AM47: =SUM(AM15:AM45) -> 2552.1379 | AN47: =SUM(AN15:AN45) -> 1321 | AO47: =SUM(AO15:AO45) -> 0 | AV47: =SUM(AV15:AV45) -> 0.47 | AW47: =AVERAGE(AW15:AW45) -> 40.290323 | AX47: =AVERAGE(AX15:AX45) -> 17.451613 | AY47: Avg | AZ47: =SUM(AZ15:AZ45) -> 116.7
A48: MONTH / AF | D48: =SUM(D15:D45) -> -2282 | F48: =F47*$D$2 -> -2282 | G48: =G47*$D$2 -> 2679.7085 | H48: =H47*$D$2 -> 51.313145 | I48: =I47*$D$2 -> 2731.0216 | J48: =J47*$D$2 -> 49.143915 | K48: =K47*$D$2 -> 2780.1656 | L48: =L47*$D$2 -> -308.7547 | M48: =M47*$D$2 -> 231.47445 | ... O48: =O47*$D$2 -> 0 | Q48: =Q47*$D$2 -> 90.767983 | R48: =R47*$D$2 -> 104.35346 | S48: =S47*$D$2 -> 0 | T48: =T47*$D$2 -> 34.888244 | U48: =U47*$D$2 -> 1.4647671 | V48: =V47*$D$2 -> 2620.2035 | W48: =W47*$D$2 -> 0 | X48: =X47*$D$2 -> 2620.2035 | Y48: =Y47*$D$2 -> 2620.2035 | AC48: =AC47*$D$2 -> 92.23275 | AH48: =AH47*$D$2 -> 1852.589 | AJ48: =AJ47*$D$2 -> 0 | AK48: =AK47*$D$2 -> 4704.267 | AL48: =AL47*$D$2 -> 357.89861 | AM48: =AM47*$D$2 -> 5062.1656 | AN48: =AN47*$D$2 -> 2620.2035 | AO48: =AO47*$D$2 -> 0 | AW48: =MAX(AW15:AW45) -> 53 | AX48: =MAX(AX15:AX45) -> 31 | AY48: HI | AZ48: =AZ47*$D$2 -> 231.47445
A50: SEASON / CFS | AW50: =MIN(AW15:AW45) -> 25 | AX50: =MIN(AX15:AX45) -> -3 | AY50: LO
A51: SEASON / AF
A53: YTD / CFS | F53: =F13+F47 -> -2137.1313 | G53: =G13+G47 -> 3360 | H53: =H13+H47 -> 34.11 | I53: =I13+I47 -> 3393.49 | J53: =J13+J47 -> 114.87441 | K53: =K13+K47 -> 3508.3644 | L53: =L13+L47 -> -336.12133 | M53: =M13+M47 -> 310 | N53: =N13+N47 -> 0 | O53: 0 | Q53: =Q13+Q47 -> 89.825569 | R53: =R13+R47 -> 98.06071 | S53: =S13+S47 -> 0 | T53: =T13+T47 -> 33.49929 | U53: =U13+U47 -> -0.49140238 | V53: =V13+V47 -> 3001 | W53: =W13+W47 -> 59.5 | X53: =X13+X47 -> 3149.6058 | Y53: =Y13+Y47 -> 2946.8088 | AC53: =AC13+AC47 -> 192.7 | AH53: =AH13+AH47 -> 1824 | AI53: =AI45 -> 3527 | AJ53: =AJ14+AJ47 -> 0 | AK53: =AK13+AK47 -> 5194.5 | AL53: =AL13+AL47 -> 450.99574 | AM53: =AM13+AM47 -> 5645.4957 | AN53: =AN13+AN47 -> 2946.8 | AO53: =AO13+AO47 -> 202.79707 | AV53: =AV13+AV47 -> 0.95 | AZ53: =AZ13+AZ47 -> 220.89417
A54: YTD / AF | D54: =D13+D48 -> -4239 | E54: =E45 -> 137372 | F54: =F53*$D$2 -> -4239 | G54: =G53*$D$2 -> 6664.56 | H54: =H53*$D$2 -> 67.657185 | I54: =I53*$D$2 -> 6730.9874 | J54: =J53*$D$2 -> 227.85339 | K54: =K53*$D$2 -> 6958.8408 | L54: =L53*$D$2 -> -666.69667 | M54: =M53*$D$2 -> 614.885 | ... O54: =O53*$D$2 -> 0 | Q54: =Q53*$D$2 -> 178.16902 | R54: =R53*$D$2 -> 194.50342 | S54: =S53*$D$2 -> 0 | T54: =T53*$D$2 -> 66.445842 | U54: =U53*$D$2 -> -0.97469663 | V54: =V53*$D$2 -> 5952.4835 | W54: =W53*$D$2 -> 118.01825 | X54: =X53*$D$2 -> 6247.2432 | Y54: =Y53*$D$2 -> 5844.9952 | AC54: =AC53*$D$2 -> 382.22045 | AH54: =AH53*$D$2 -> 3617.904 | AI54: =AI53*$D$2 -> 6995.8045 | AJ54: =AJ53*$D$2 -> 0 | AK54: =AK53*$D$2 -> 10303.291 | AL54: =AL53*$D$2 -> 894.55006 | AM54: =AM53*$D$2 -> 11197.841 | AN54: =AN53*$D$2 -> 5844.9778 | AO54: =AO53*$D$2 -> 402.24799 | AZ54: =AZ53*$D$2 -> 438.14358

Sheet JAN
K1: MCPHEE RESERVOIR INFLOW/OUTFLOW TABULATION
A2: AF/cfs CONVERT FACTOR | D2: 1.9835 | K2: JANUARY "2012"
D4: RESERVOIR | I4: INFLOW | X4: OUTFLOW | AP4: ADJUSTMENTS | AW4: WEATHER
A5: DATE | B5: RESERV | C5: RESERV | D5: AC FT | E5: ACTIVE | F5: CONV TO | G5: DOLORES | H5: LOST | I5: RECORD | J5: CALC | K5: TOTAL | L5: CALC | M5: DOLORES TUNNEL | V5: LONE | W5: U | X5: TOTAL | Y5: TOTAL | Z5: MVI | AA5: MVI | AB5: MVI | AC5: TO EX & | AD5: MVI | AE5: DV CR | AF5: D/S SENIOR | AH5: BELOW | AI5: FISH | AJ5: SPILL | AK5: RECORD | AL5: CALC | AM5: TOTAL | AN5: NAR | AO5: MVI | AP5: MVI | AQ5: MVI | AR5: DIST. | AS5: U/S | AT5: TOTTEN | AU5: UTES | AV5: RAIN | AW5: MAX | AX5: MIN | AZ5: TOTAL
A6: DEC | B6: ELEV | D6: CHANGE | E6: CAP | F6: CFS | G6: RIVER | H6: CAN | I6: INFLOW | J6: INFLOW | K6: INFLOW | L6: INF/OTF | M6: TOT DIV | N6: WET | O6: UTE | P6: QUEST | Q6: MWC | R6: CORTEZ | T6: UTE | U6: F-BAY | V6: PINE | W6: LAT | X6: MVI | Y6: MVI | Z6: CALL | AA6: CALL | AB6: APR- | AC6: U/S EX | AD6: PROJ | AE6: CANAL | AF6: MVIC | AG6: PROJ | AH6: MCP | AI6: LEFT | AK6: OTF | AL6: OTF | AM6: OTF | AN6: FILL | AO6: STOCK | AP6: STORED | AQ6: STORED | AR6: CLASS | AS6: USERS | AT6: (FRESH | AU6: FROM | AW6: TMP | AX6: TMP | AZ6: TUNNEL
N7: LAND | O7: F&R | Q7: NON - | R7: NON - | S7: PROJ | T7: PROJ | U7: BAL | X7: WATER | Y7: IRRIG. | Z7: STOR | AA7: SPILLED | AB7: JUNE | AF7: 1.7 | AG7: 1.3 | AP7: Apr - Jun | AQ7: EVAP | AR7: "B" | AS7: EXCH | AT7: WATER) | AU7: DWCD | AZ7: Misc.
Q8: PROJ | R8: PROJ | X8: USED | Y8: WATER | AA8: OR | AB8: (DIV+
R9: 4.2 | Y9: USED | AA9: USED | AB9: CALL)
C10: AC. Ft. | E10: AC FT | G10: CFS | H10: CFS | I10: CFS | J10: CFS | K10: CFS | L10: CFS | M10: CFS | N10: CFS | O10: CFS | P10: CFS | Q10: CFS | R10: CFS | S10: CFS | T10: CFS | U10: CFS | V10: CFS | W10: CFS | X10: 153400 | Y10: 150400 | AB10: 72000 | AC10: CFS | AD10: CFS | AE10: CFS | AF10: CFS | AG10: CFS | AH10: CFS | AI10: CFS | AJ10: CFS | AK10: CFS | AL10: CFS | AM10: CFS | AN10: CFS | AO10: CFS | AP10: CFS | AQ10: AC.FT. | AR10: CFS | AS10: CFS | AT10: CFS | AU10: CFS | AZ10: Outflow
N11: 1.03 | O11: 1.05 | P11: 1.02 | Q11: 1.02 | R11: 1.04 | T11: 1.04 | X11: CFS | Y11: CFS | Z11: CFS | AA11: CFS | AB11: Ac. Ft. | AZ11: CFS
A12: SEASON BAL
A13: YTD | B13: =DEC!B45 -> 6901.56 | C13: =DEC!C45 -> 289372 | D13: =DEC!D54 -> -4239 | E13: =DEC!E54 -> 137372 | F13: =DEC!F53 -> -2137.1313 | G13: =DEC!G53 -> 3360 | H13: =DEC!H53 -> 34.11 | I13: =DEC!I53 -> 3393.49 | J13: =DEC!J53 -> 114.87441 | K13: =DEC!K53 -> 3508.3644 | L13: =DEC!L53 -> -336.12133 | M13: =DEC!M53 -> 310 | ... Y13: =DEC!Y53 -> 2946.8088 | AC13: =DEC!AC53 -> 192.7 | AH13: =DEC!AH53 -> 1824 | AI13: =DEC!AI53 -> 3527 | AK13: =DEC!AK53 -> 5194.5 | AL13: =DEC!AL53 -> 450.99574 | AM13: =DEC!AM53 -> 5645.4957 | AN13: =DEC!AN53 -> 2946.8 | AO13: =DEC!AO53 -> 202.79707 | AV13: =DEC!AV53 -> 0.95 | AZ13: =DEC!AZ53 -> 220.89417
A15: 1 | B15: 6901.54 | C15: 289297 | D15: =C15-C13 -> -75 | E15: =C15-152000 -> 137297 | F15: =D15/$D$2 -> -37.811949 | G15: 41 | H15: 0.89 | I15: =G15+H15 -> 41.89 | J15: =IF(L15>0,L15,0) -> 0 | K15: =I15+J15 -> 41.89 | L15: =F15-(I15-AK15) -> -3.1019486 | M15: 3.6 | N15: 0 | O15: 0 | P15: 0 | Q15: =950000/325851/1.9835*1.02 -> 1.4992447 | R15: =((2.2)*1.04)-T15 -> 1.8117632 | S15: 0 | T15: =(0.432*1.06)*1.04 -> 0.4762368 | U15: =M15-(Q15+R15+S15+T15) -> -0.18724467 | V15: 43 | W15: 0 | X15: =M15-N15-P15-O15-Q15-R15-S15-T15-U15+V15+W15 -> 43 | Y15: =X15-AO15 -> 43 | AC15: 0 | AE15: 0 | AH15: 30 | AI15: =AI13-AH15 -> 3497 | AK15: =N15+O15+P15+Q15+R15+S15+T15+U15+X15+AE15+AH15 -> 76.6 | AL15: =IF(L15<0,L15*-1,0) -> 3.1019486 | AM15: =AK15+AL15 -> 79.701949 | AN15: =X15 -> 43 | AO15: 0 | AV15: 0 | AW15: 48 | AX15: 16 | AZ15: =SUM(N15,P15:U15) -> 3.6
A16: =A15+1 -> 2 | B16: 6901.52 | C16: 289223 | D16: =C16-C15 -> -74 | E16: =C16-152000 -> 137223 | F16: =D16/$D$2 -> -37.307789 | G16: 42 | H16: 0.86 | I16: =G16+H16 -> 42.86 | J16: =IF(L16>0,L16,0) -> 0 | K16: =I16+J16 -> 42.86 | L16: =F16-(I16-AK16) -> -4.1677893 | M16: 3 | N16: 0 | O16: 0 | P16: 0 | Q16: =1037100/325851/1.9835*1.02 -> 1.6367017 | R16: =((1.8)*1.04)-T16 -> 1.3957632 | S16: 0 | T16: =(0.432*1.06)*1.04 -> 0.4762368 | U16: =M16-(Q16+R16+S16+T16) -> -0.50870174 | V16: 43 | W16: 0 | X16: =M16-N16-P16-O16-Q16-R16-S16-T16-U16+V16+W16 -> 43 | Y16: =X16-AO16 -> 43 | AC16: 0 | AE16: 0 | AH16: 30 | AI16: =AI15-AH16 -> 3467 | AK16: =N16+O16+P16+Q16+R16+S16+T16+U16+X16+AE16+AH16 -> 76 | AL16: =IF(L16<0,L16*-1,0) -> 4.1677893 | AM16: =AK16+AL16 -> 80.167789 | AN16: =X16 -> 43 | AO16: 0 | AV16: 0 | AW16: 53 | AX16: 18 | AZ16: =SUM(N16,P16:U16) -> 3
A17: =A16+1 -> 3 | B17: 6901.5 | C17: 289148 | D17: =C17-C16 -> -75 | E17: =C17-152000 -> 137148 | F17: =D17/$D$2 -> -37.811949 | G17: 42 | H17: 0.9 | I17: =G17+H17 -> 42.9 | J17: =IF(L17>0,L17,0) -> 0 | K17: =I17+J17 -> 42.9 | L17: =F17-(I17-AK17) -> -3.8119486 | M17: 3.9 | N17: 0 | O17: 0 | P17: 0 | Q17: =925000/325851/1.9835*1.02 -> 1.4597909 | R17: =((1.8)*1.04)-T17 -> 1.3957632 | S17: 0 | T17: =(0.432*1.06)*1.04 -> 0.4762368 | U17: =M17-(Q17+R17+S17+T17) -> 0.56820914 | V17: 43 | W17: 0 | X17: =M17-N17-P17-O17-Q17-R17-S17-T17-U17+V17+W17 -> 43 | Y17: =X17-AO17 -> 43 | AC17: 0 | AE17: 0 | AH17: 30 | AI17: =AI16-AH17 -> 3437 | AK17: =N17+O17+P17+Q17+R17+S17+T17+U17+X17+AE17+AH17 -> 76.9 | AL17: =IF(L17<0,L17*-1,0) -> 3.8119486 | AM17: =AK17+AL17 -> 80.711949 | AN17: =X17 -> 43 | AO17: 0 | AV17: 0 | AW17: 51 | AX17: 20 | AZ17: =SUM(N17,P17:U17) -> 3.9
A18: =A17+1 -> 4 | B18: 6901.48 | C18: 289074 | D18: =C18-C17 -> -74 | E18: =C18-152000 -> 137074 | F18: =D18/$D$2 -> -37.307789 | G18: 42 | H18: 0.88 | I18: =G18+H18 -> 42.88 | J18: =IF(L18>0,L18,0) -> 0 | K18: =I18+J18 -> 42.88 | L18: =F18-(I18-AK18) -> -2.9877893 | M18: 4.2 | N18: 0 | O18: 0 | P18: 0 | Q18: =974500/325851/1.9835*1.02 -> 1.5379094 | R18: =((2)*1.04)-T18 -> 1.6037632 | S18: 0 | T18: =(0.432*1.06)*1.04 -> 0.4762368 | U18: =M18-(Q18+R18+S18+T18) -> 0.5820906 | V18: 43 | W18: 0 | X18: =M18-N18-P18-O18-Q18-R18-S18-T18-U18+V18+W18 -> 43 | Y18: =X18-AO18 -> 43 | AC18: 0 | AE18: 0 | AH18: 30 | AI18: =AI17-AH18 -> 3407 | AK18: =N18+O18+P18+Q18+R18+S18+T18+U18+X18+AE18+AH18 -> 77.2 | AL18: =IF(L18<0,L18*-1,0) -> 2.9877893 | AM18: =AK18+AL18 -> 80.187789 | AN18: =X18 -> 43 | AO18: 0 | AV18: 0 | AW18: 51 | AX18: 20 | AZ18: =SUM(N18,P18:U18) -> 4.2
A19: =A18+1 -> 5 | B19: 6901.46 | C19: 288999 | D19: =C19-C18 -> -75 | E19: =C19-152000 -> 136999 | F19: =D19/$D$2 -> -37.811949 | G19: 41 | H19: 0.93 | I19: =G19+H19 -> 41.93 | J19: =IF(L19>0,L19,0) -> 0 | K19: =I19+J19 -> 41.93 | L19: =F19-(I19-AK19) -> -3.7419486 | M19: 3 | N19: 0 | O19: 0 | P19: 0 | Q19: =1092400/325851/1.9835*1.02 -> 1.7239736 | R19: =((1.9)*1.04)-T19 -> 1.4997632 | S19: 0 | T19: =(0.432*1.06)*1.04 -> 0.4762368 | U19: =M19-(Q19+R19+S19+T19) -> -0.69997356 | V19: 43 | W19: 0 | X19: =M19-N19-P19-O19-Q19-R19-S19-T19-U19+V19+W19 -> 43 | Y19: =X19-AO19 -> 43 | AC19: 0 | AE19: 0 | AH19: 30 | AI19: =AI18-AH19 -> 3377 | AK19: =N19+O19+P19+Q19+R19+S19+T19+U19+X19+AE19+AH19 -> 76 | AL19: =IF(L19<0,L19*-1,0) -> 3.7419486 | AM19: =AK19+AL19 -> 79.741949 | AN19: =X19 -> 43 | AO19: 0 | AV19: 0 | AW19: 48 | AX19: 21 | AZ19: =SUM(N19,P19:U19) -> 3
A20: =A19+1 -> 6 | B20: 6901.44 | C20: 288924 | D20: =C20-C19 -> -75 | E20: =C20-152000 -> 136924 | F20: =D20/$D$2 -> -37.811949 | G20: 41 | H20: 0.92 | I20: =G20+H20 -> 41.92 | J20: =IF(L20>0,L20,0) -> 0 | K20: =I20+J20 -> 41.92 | L20: =F20-(I20-AK20) -> -2.6319486 | M20: 4.1 | N20: 0 | O20: 0 | P20: 0 | Q20: =890500/325851/1.9835*1.02 -> 1.4053446 | R20: =((1.9)*1.04)-T20 -> 1.518504 | S20: 0 | T20: =(0.415*1.06)*1.04 -> 0.457496 | U20: =M20-(Q20+R20+S20+T20) -> 0.71865539 | V20: 43 | W20: 0 | X20: =M20-N20-P20-O20-Q20-R20-S20-T20-U20+V20+W20 -> 43 | Y20: =X20-AO20 -> 43 | AC20: 0 | AE20: 0 | AH20: 30 | AI20: =AI19-AH20 -> 3347 | AK20: =N20+O20+P20+Q20+R20+S20+T20+U20+X20+AE20+AH20 -> 77.1 | AL20: =IF(L20<0,L20*-1,0) -> 2.6319486 | AM20: =AK20+AL20 -> 79.731949 | AN20: =X20 -> 43 | AO20: 0 | AV20: 0 | AW20: 50 | AX20: 20 | AZ20: =SUM(N20,P20:U20) -> 4.1
A21: =A20+1 -> 7 | B21: 6901.42 | C21: 288850 | D21: =C21-C20 -> -74 | E21: =C21-152000 -> 136850 | F21: =D21/$D$2 -> -37.307789 | G21: 39 | H21: 0.89 | I21: =G21+H21 -> 39.89 | J21: =IF(L21>0,L21,0) -> 0 | K21: =I21+J21 -> 39.89 | L21: =F21-(I21-AK21) -> -0.79778926 | M21: 3.4 | N21: 0 | O21: 0 | P21: 0 | Q21: =1126400/325851/1.9835*1.02 -> 1.7776307 | R21: =((1.9)*1.04)-T21 -> 1.518504 | S21: 0 | T21: =(0.415*1.06)*1.04 -> 0.457496 | U21: =M21-(Q21+R21+S21+T21) -> -0.35363074 | V21: 43 | W21: 0 | X21: =M21-N21-P21-O21-Q21-R21-S21-T21-U21+V21+W21 -> 43 | Y21: =X21-AO21 -> 43 | AC21: 0 | AE21: 0 | AH21: 30 | AI21: =AI20-AH21 -> 3317 | AK21: =N21+O21+P21+Q21+R21+S21+T21+U21+X21+AE21+AH21 -> 76.4 | AL21: =IF(L21<0,L21*-1,0) -> 0.79778926 | AM21: =AK21+AL21 -> 77.197789 | AN21: =X21 -> 43 | AO21: 0 | AV21: 0 | AW21: 48 | AX21: 21 | AZ21: =SUM(N21,P21:U21) -> 3.4
A22: =A21+1 -> 8 | B22: 6901.4 | C22: 288775 | D22: =C22-C21 -> -75 | E22: =C22-152000 -> 136775 | F22: =D22/$D$2 -> -37.811949 | G22: 37 | H22: 0.85 | I22: =G22+H22 -> 37.85 | J22: =IF(L22>0,L22,0) -> 1.5380514 | K22: =I22+J22 -> 39.388051 | L22: =F22-(I22-AK22) -> 1.5380514 | M22: 4.2 | N22: 0 | O22: 0 | P22: 0 | Q22: =1063400/325851/1.9835*1.02 -> 1.6782071 | R22: =((1.9)*1.04)-T22 -> 1.518504 | S22: 0 | T22: =(0.415*1.06)*1.04 -> 0.457496 | U22: =M22-(Q22+R22+S22+T22) -> 0.54579286 | V22: 43 | W22: 0 | X22: =M22-N22-P22-O22-Q22-R22-S22-T22-U22+V22+W22 -> 43 | Y22: =X22-AO22 -> 43 | AC22: 0 | AE22: 0 | AH22: 30 | AI22: =AI21-AH22 -> 3287 | AK22: =N22+O22+P22+Q22+R22+S22+T22+U22+X22+AE22+AH22 -> 77.2 | AL22: =IF(L22<0,L22*-1,0) -> 0 | AM22: =AK22+AL22 -> 77.2 | AN22: =X22 -> 43 | AO22: 0 | AV22: 0 | AW22: 44 | AX22: 20 | AZ22: =SUM(N22,P22:U22) -> 4.2
A23: =A22+1 -> 9 | B23: 6901.39 | C23: 288738 | D23: =C23-C22 -> -37 | E23: =C23-152000 -> 136738 | F23: =D23/$D$2 -> -18.653895 | G23: 37 | H23: 0.84 | I23: =G23+H23 -> 37.84 | J23: =IF(L23>0,L23,0) -> 12.406105 | K23: =I23+J23 -> 50.246105 | L23: =F23-(I23-AK23) -> 12.406105 | M23: 3.9 | N23: 0 | O23: 0 | P23: 0 | Q23: =1201000/325851/1.9835*1.02 -> 1.8953609 | R23: =((1.9)*1.04)-T23 -> 1.518504 | S23: 0 | T23: =(0.415*1.06)*1.04 -> 0.457496 | U23: =M23-(Q23+R23+S23+T23) -> 0.028639104 | V23: 35 | W23: 0 | X23: =M23-N23-P23-O23-Q23-R23-S23-T23-U23+V23+W23 -> 35 | Y23: =X23-AO23 -> 35 | AC23: 0 | AE23: 0 | AH23: 30 | AI23: =AI22-AH23 -> 3257 | AK23: =N23+O23+P23+Q23+R23+S23+T23+U23+X23+AE23+AH23 -> 68.9 | AL23: =IF(L23<0,L23*-1,0) -> 0 | AM23: =AK23+AL23 -> 68.9 | AN23: =X23 -> 35 | AO23: 0 | AV23: 0 | AW23: 43 | AX23: 22 | AZ23: =SUM(N23,P23:U23) -> 3.9
A24: =A23+1 -> 10 | B24: 6901.37 | C24: 288663 | D24: =C24-C23 -> -75 | E24: =C24-152000 -> 136663 | F24: =D24/$D$2 -> -37.811949 | G24: 37 | H24: 0.79 | I24: =G24+H24 -> 37.79 | J24: =IF(L24>0,L24,0) -> 0 | K24: =I24+J24 -> 37.79 | L24: =F24-(I24-AK24) -> -15.201949 | M24: 3.4 | N24: 0 | O24: 0 | P24: 0 | Q24: =961400/325851/1.9835*1.02 -> 1.5172356 | R24: =((1.9)*1.04)-T24 -> 1.518504 | S24: 0 | T24: =(0.415*1.06)*1.04 -> 0.457496 | U24: =M24-(Q24+R24+S24+T24) -> -0.093235608 | V24: 27 | W24: 0 | X24: =M24-N24-P24-O24-Q24-R24-S24-T24-U24+V24+W24 -> 27 | Y24: =X24-AO24 -> 27 | AC24: 0 | AE24: 0 | AH24: 30 | AI24: =AI23-AH24 -> 3227 | AK24: =N24+O24+P24+Q24+R24+S24+T24+U24+X24+AE24+AH24 -> 60.4 | AL24: =IF(L24<0,L24*-1,0) -> 15.201949 | AM24: =AK24+AL24 -> 75.601949 | AN24: =X24 -> 27 | AO24: 0 | AV24: 0 | AW24: 46 | AX24: 19 | AZ24: =SUM(N24,P24:U24) -> 3.4
A25: =A24+1 -> 11 | B25: 6901.36 | C25: 288626 | D25: =C25-C24 -> -37 | E25: =C25-152000 -> 136626 | F25: =D25/$D$2 -> -18.653895 | G25: 36 | H25: 0.7 | I25: =G25+H25 -> 36.7 | J25: =IF(L25>0,L25,0) -> 5.5461054 | K25: =I25+J25 -> 42.246105 | L25: =F25-(I25-AK25) -> 5.5461054 | M25: 3.9 | N25: 0 | O25: 0 | P25: 0 | Q25: =1069600/325851/1.9835*1.02 -> 1.6879917 | R25: =((1.9)*1.04)-T25 -> 1.518504 | S25: 0 | T25: =(0.415*1.06)*1.04 -> 0.457496 | U25: =M25-(Q25+R25+S25+T25) -> 0.23600831 | V25: 27 | W25: 0 | X25: =M25-N25-P25-O25-Q25-R25-S25-T25-U25+V25+W25 -> 27 | Y25: =X25-AO25 -> 27 | AC25: 0 | AE25: 0 | AH25: 30 | AI25: =AI24-AH25 -> 3197 | AK25: =N25+O25+P25+Q25+R25+S25+T25+U25+X25+AE25+AH25 -> 60.9 | AL25: =IF(L25<0,L25*-1,0) -> 0 | AM25: =AK25+AL25 -> 60.9 | AN25: =X25 -> 27 | AO25: 0 | AV25: 0 | AW25: 39 | AX25: 18 | AZ25: =SUM(N25,P25:U25) -> 3.9
A26: =A25+1 -> 12 | B26: 6901.34 | C26: 288551 | D26: =C26-C25 -> -75 | E26: =C26-152000 -> 136551 | F26: =D26/$D$2 -> -37.811949 | G26: 34 | H26: 0.32 | I26: =G26+H26 -> 34.32 | J26: =IF(L26>0,L26,0) -> 0 | K26: =I26+J26 -> 34.32 | L26: =F26-(I26-AK26) -> -10.231949 | M26: 3.9 | N26: 0 | O26: 0 | P26: 0 | Q26: =966400/325851/1.9835*1.02 -> 1.5251264 | R26: =((1.9)*1.04)-T26 -> 1.518504 | S26: 0 | T26: =(0.415*1.06)*1.04 -> 0.457496 | U26: =M26-(Q26+R26+S26+T26) -> 0.39887363 | V26: 28 | W26: 0 | X26: =M26-N26-P26-O26-Q26-R26-S26-T26-U26+V26+W26 -> 28 | Y26: =X26-AO26 -> 28 | AC26: 0 | AE26: 0 | AH26: 30 | AI26: =AI25-AH26 -> 3167 | AK26: =N26+O26+P26+Q26+R26+S26+T26+U26+X26+AE26+AH26 -> 61.9 | AL26: =IF(L26<0,L26*-1,0) -> 10.231949 | AM26: =AK26+AL26 -> 72.131949 | AN26: =X26 -> 28 | AO26: 0 | AV26: 0 | AW26: 42 | AX26: 18 | AZ26: =SUM(N26,P26:U26) -> 3.9
A27: =A26+1 -> 13 | B27: 6901.32 | C27: 288476 | D27: =C27-C26 -> -75 | E27: =C27-152000 -> 136476 | F27: =D27/$D$2 -> -37.811949 | G27: 33 | H27: 0.34 | I27: =G27+H27 -> 33.34 | J27: =IF(L27>0,L27,0) -> 0 | K27: =I27+J27 -> 33.34 | L27: =F27-(I27-AK27) -> -9.2519486 | M27: 3.9 | N27: 0 | O27: 0 | P27: 0 | Q27: =918000/325851/1.9835*1.02 -> 1.4487438 | R27: =((1.9)*1.04)-T27 -> 1.5415442 | S27: 0 | T27: =(0.3941*1.06)*1.04 -> 0.43445584 | U27: =M27-(Q27+R27+S27+T27) -> 0.4752562 | V27: 28 | W27: 0 | X27: =M27-N27-P27-O27-Q27-R27-S27-T27-U27+V27+W27 -> 28 | Y27: =X27-AO27 -> 28 | AC27: 0 | AE27: 0 | AH27: 30 | AI27: =AI26-AH27 -> 3137 | AK27: =N27+O27+P27+Q27+R27+S27+T27+U27+X27+AE27+AH27 -> 61.9 | AL27: =IF(L27<0,L27*-1,0) -> 9.2519486 | AM27: =AK27+AL27 -> 71.151949 | AN27: =X27 -> 28 | AO27: 0 | AV27: 0 | AW27: 43 | AX27: 12 | AZ27: =SUM(N27,P27:U27) -> 3.9
A28: =A27+1 -> 14 | B28: 6901.3 | C28: 288402 | D28: =C28-C27 -> -74 | E28: =C28-152000 -> 136402 | F28: =D28/$D$2 -> -37.307789 | G28: 33 | H28: 0.43 | I28: =G28+H28 -> 33.43 | J28: =IF(L28>0,L28,0) -> 0 | K28: =I28+J28 -> 33.43 | L28: =F28-(I28-AK28) -> -8.8377893 | M28: 3.9 | N28: 0 | O28: 0 | P28: 0 | Q28: =1247300/325851/1.9835*1.02 -> 1.9684293 | R28: =((1.9)*1.04)-T28 -> 1.5415442 | S28: 0 | T28: =(0.3941*1.06)*1.04 -> 0.43445584 | U28: =M28-(Q28+R28+S28+T28) -> -0.044429347 | V28: 28 | W28: 0 | X28: =M28-N28-P28-O28-Q28-R28-S28-T28-U28+V28+W28 -> 28 | Y28: =X28-AO28 -> 28 | AC28: 0 | AE28: 0 | AH28: 30 | AI28: =AI27-AH28 -> 3107 | AK28: =N28+O28+P28+Q28+R28+S28+T28+U28+X28+AE28+AH28 -> 61.9 | AL28: =IF(L28<0,L28*-1,0) -> 8.8377893 | AM28: =AK28+AL28 -> 70.737789 | AN28: =X28 -> 28 | AO28: 0 | AV28: 0 | AW28: 47 | AX28: 18 | AZ28: =SUM(N28,P28:U28) -> 3.9
A29: =A28+1 -> 15 | B29: 6901.28 | C29: 288327 | D29: =C29-C28 -> -75 | E29: =C29-152000 -> 136327 | F29: =D29/$D$2 -> -37.811949 | G29: 33 | H29: 0.49 | I29: =G29+H29 -> 33.49 | J29: =IF(L29>0,L29,0) -> 0 | K29: =I29+J29 -> 33.49 | L29: =F29-(I29-AK29) -> -9.4019486 | M29: 3.9 | N29: 0 | O29: 0 | P29: 0 | Q29: =1302700/325851/1.9835*1.02 -> 2.055859 | R29: =((1.9)*1.04)-T29 -> 1.5415442 | S29: 0 | T29: =(0.3941*1.06)*1.04 -> 0.43445584 | U29: =M29-(Q29+R29+S29+T29) -> -0.13185898 | V29: 28 | W29: 0 | X29: =M29-N29-P29-O29-Q29-R29-S29-T29-U29+V29+W29 -> 28 | Y29: =X29-AO29 -> 28 | AC29: 0 | AE29: 0 | AH29: 30 | AI29: =AI28-AH29 -> 3077 | AK29: =N29+O29+P29+Q29+R29+S29+T29+U29+X29+AE29+AH29 -> 61.9 | AL29: =IF(L29<0,L29*-1,0) -> 9.4019486 | AM29: =AK29+AL29 -> 71.301949 | AN29: =X29 -> 28 | AO29: 0 | AV29: 0 | AW29: 47 | AX29: 21 | AZ29: =SUM(N29,P29:U29) -> 3.9
A30: =A29+1 -> 16 | B30: 6901.29 | C30: 288364 | D30: =C30-C29 -> 37 | E30: =C30-152000 -> 136364 | F30: =D30/$D$2 -> 18.653895 | G30: 33 | H30: 0.6 | I30: =G30+H30 -> 33.6 | J30: =IF(L30>0,L30,0) -> 46.953895 | K30: =I30+J30 -> 80.553895 | L30: =F30-(I30-AK30) -> 46.953895 | M30: 3.9 | N30: 0 | O30: 0 | P30: 0 | Q30: =928800/325851/1.9835*1.02 -> 1.4657878 | R30: =((1.9)*1.04)-T30 -> 1.5415442 | S30: 0 | T30: =(0.3941*1.06)*1.04 -> 0.43445584 | U30: =M30-(Q30+R30+S30+T30) -> 0.45821216 | V30: 28 | W30: 0 | X30: =M30-N30-P30-O30-Q30-R30-S30-T30-U30+V30+W30 -> 28 | Y30: =X30-AO30 -> 28 | AC30: 0 | AE30: 0 | AH30: 30 | AI30: =AI29-AH30 -> 3047 | AK30: =N30+O30+P30+Q30+R30+S30+T30+U30+X30+AE30+AH30 -> 61.9 | AL30: =IF(L30<0,L30*-1,0) -> 0 | AM30: =AK30+AL30 -> 61.9 | AN30: =X30 -> 28 | AO30: 0 | AV30: 0.05 | AW30: 38 | AX30: 17 | AZ30: =SUM(N30,P30:U30) -> 3.9
A31: =A30+1 -> 17 | B31: 6901.28 | C31: 288327 | D31: =C31-C30 -> -37 | E31: =C31-152000 -> 136327 | F31: =D31/$D$2 -> -18.653895 | G31: 34 | H31: 0.74 | I31: =G31+H31 -> 34.74 | J31: =IF(L31>0,L31,0) -> 8.5061054 | K31: =I31+J31 -> 43.246105 | L31: =F31-(I31-AK31) -> 8.5061054 | M31: 3.9 | N31: 0 | O31: 0 | P31: 0 | Q31: =988500/325851/1.9835*1.02 -> 1.5600035 | R31: =((1.9)*1.04)-T31 -> 1.5415442 | S31: 0 | T31: =(0.3941*1.06)*1.04 -> 0.43445584 | U31: =M31-(Q31+R31+S31+T31) -> 0.36399647 | V31: 28 | W31: 0 | X31: =M31-N31-P31-O31-Q31-R31-S31-T31-U31+V31+W31 -> 28 | Y31: =X31-AO31 -> 28 | AC31: 0 | AE31: 0 | AH31: 30 | AI31: =AI30-AH31 -> 3017 | AK31: =N31+O31+P31+Q31+R31+S31+T31+U31+X31+AE31+AH31 -> 61.9 | AL31: =IF(L31<0,L31*-1,0) -> 0 | AM31: =AK31+AL31 -> 61.9 | AN31: =X31 -> 28 | AO31: 0 | AV31: 0.02 | AW31: 36 | AX31: 12 | AZ31: =SUM(N31,P31:U31) -> 3.9
A32: =A31+1 -> 18 | B32: 6901.26 | C32: 288252 | D32: =C32-C31 -> -75 | E32: =C32-152000 -> 136252 | F32: =D32/$D$2 -> -37.811949 | G32: 34 | H32: 1 | I32: =G32+H32 -> 35 | J32: =IF(L32>0,L32,0) -> 0 | K32: =I32+J32 -> 35 | L32: =F32-(I32-AK32) -> -11.611949 | M32: 3.2 | N32: 0 | O32: 0 | P32: 0 | Q32: =971600/325851/1.9835*1.02 -> 1.5333328 | R32: =((1.9)*1.04)-T32 -> 1.5415442 | S32: 0 | T32: =(0.3941*1.06)*1.04 -> 0.43445584 | U32: =M32-(Q32+R32+S32+T32) -> -0.30933276 | V32: 28 | W32: 0 | X32: =M32-N32-P32-O32-Q32-R32-S32-T32-U32+V32+W32 -> 28 | Y32: =X32-AO32 -> 28 | AC32: 0 | AE32: 0 | AH32: 30 | AI32: =AI31-AH32 -> 2987 | AK32: =N32+O32+P32+Q32+R32+S32+T32+U32+X32+AE32+AH32 -> 61.2 | AL32: =IF(L32<0,L32*-1,0) -> 11.611949 | AM32: =AK32+AL32 -> 72.811949 | AN32: =X32 -> 28 | AO32: 0 | AV32: 0.04 | AW32: 41 | AX32: 16 | AZ32: =SUM(N32,P32:U32) -> 3.2
A33: =A32+1 -> 19 | B33: 6901.24 | C33: 288178 | D33: =C33-C32 -> -74 | E33: =C33-152000 -> 136178 | F33: =D33/$D$2 -> -37.307789 | G33: 34 | H33: 1 | I33: =G33+H33 -> 35 | J33: =IF(L33>0,L33,0) -> 0 | K33: =I33+J33 -> 35 | L33: =F33-(I33-AK33) -> -11.007789 | M33: 4.3 | N33: 0 | O33: 0 | P33: 0 | Q33: =883500/325851/1.9835*1.02 -> 1.3942975 | R33: =((2)*1.04)-T33 -> 1.6455442 | S33: 0 | T33: =(0.3941*1.06)*1.04 -> 0.43445584 | U33: =M33-(Q33+R33+S33+T33) -> 0.82570246 | V33: 27 | W33: 0 | X33: =M33-N33-P33-O33-Q33-R33-S33-T33-U33+V33+W33 -> 27 | Y33: =X33-AO33 -> 27 | AC33: 0 | AE33: 0 | AH33: 30 | AI33: =AI32-AH33 -> 2957 | AK33: =N33+O33+P33+Q33+R33+S33+T33+U33+X33+AE33+AH33 -> 61.3 | AL33: =IF(L33<0,L33*-1,0) -> 11.007789 | AM33: =AK33+AL33 -> 72.307789 | AN33: =X33 -> 27 | AO33: 0 | AV33: 0.02 | AW33: 52 | AX33: 24 | AZ33: =SUM(N33,P33:U33) -> 4.3
A34: =A33+1 -> 20 | B34: 6901.23 | C34: 288140 | D34: =C34-C33 -> -38 | E34: =C34-152000 -> 136140 | F34: =D34/$D$2 -> -19.158054 | G34: 33 | H34: 1 | I34: =G34+H34 -> 34 | J34: =IF(L34>0,L34,0) -> 8.2419461 | K34: =I34+J34 -> 42.241946 | L34: =F34-(I34-AK34) -> 8.2419461 | M34: 3.4 | N34: 0 | O34: 0 | P34: 0 | Q34: =1001200/325851/1.9835*1.02 -> 1.5800461 | R34: =((2)*1.04)-T34 -> 1.7192947 | S34: 0 | T34: =(0.3272*1.06)*1.04 -> 0.36070528 | U34: =M34-(Q34+R34+S34+T34) -> -0.26004607 | V34: 28 | W34: 0 | X34: =M34-N34-P34-O34-Q34-R34-S34-T34-U34+V34+W34 -> 28 | Y34: =X34-AO34 -> 28 | AC34: 0 | AE34: 0 | AH34: 30 | AI34: =AI33-AH34 -> 2927 | AK34: =N34+O34+P34+Q34+R34+S34+T34+U34+X34+AE34+AH34 -> 61.4 | AL34: =IF(L34<0,L34*-1,0) -> 0 | AM34: =AK34+AL34 -> 61.4 | AN34: =X34 -> 28 | AO34: 0 | AV34: 0 | AW34: 50 | AX34: 28 | AZ34: =SUM(N34,P34:U34) -> 3.4
A35: =A34+1 -> 21 | B35: 6901.25 | C35: 288215 | D35: =C35-C34 -> 75 | E35: =C35-152000 -> 136215 | F35: =D35/$D$2 -> 37.811949 | G35: 32 | H35: 1.1 | I35: =G35+H35 -> 33.1 | J35: =IF(L35>0,L35,0) -> 65.611949 | K35: =I35+J35 -> 98.711949 | L35: =F35-(I35-AK35) -> 65.611949 | M35: 3.9 | N35: 0 | O35: 0 | P35: 0 | Q35: =964200/325851/1.9835*1.02 -> 1.5216544 | R35: =((2)*1.04)-T35 -> 1.7192947 | S35: 0 | T35: =(0.3272*1.06)*1.04 -> 0.36070528 | U35: =M35-(Q35+R35+S35+T35) -> 0.29834557 | V35: 27 | W35: 0 | X35: =M35-N35-P35-O35-Q35-R35-S35-T35-U35+V35+W35 -> 27 | Y35: =X35-AO35 -> 27 | AC35: 0 | AE35: 0 | AH35: 30 | AI35: =AI34-AH35 -> 2897 | AK35: =N35+O35+P35+Q35+R35+S35+T35+U35+X35+AE35+AH35 -> 60.9 | AL35: =IF(L35<0,L35*-1,0) -> 0 | AM35: =AK35+AL35 -> 60.9 | AN35: =X35 -> 27 | AO35: 0 | AV35: 0.07 | AW35: 40 | AX35: 28 | AZ35: =SUM(N35,P35:U35) -> 3.9
A36: =A35+1 -> 22 | B36: 6901.26 | C36: 288252 | D36: =C36-C35 -> 37 | E36: =C36-152000 -> 136252 | F36: =D36/$D$2 -> 18.653895 | G36: 32 | H36: 1.3 | I36: =G36+H36 -> 33.3 | J36: =IF(L36>0,L36,0) -> 46.953895 | K36: =I36+J36 -> 80.253895 | L36: =F36-(I36-AK36) -> 46.953895 | M36: 3.6 | N36: 0 | O36: 0 | P36: 0 | Q36: =1050600/325851/1.9835*1.02 -> 1.6580068 | R36: =((2)*1.04)-T36 -> 1.7192947 | S36: 0 | T36: =(0.3272*1.06)*1.04 -> 0.36070528 | U36: =M36-(Q36+R36+S36+T36) -> -0.13800679 | V36: 28 | W36: 0 | X36: =M36-N36-P36-O36-Q36-R36-S36-T36-U36+V36+W36 -> 28 | Y36: =X36-AO36 -> 28 | AC36: 0 | AE36: 0 | AH36: 30 | AI36: =AI35-AH36 -> 2867 | AK36: =N36+O36+P36+Q36+R36+S36+T36+U36+X36+AE36+AH36 -> 61.6 | AL36: =IF(L36<0,L36*-1,0) -> 0 | AM36: =AK36+AL36 -> 61.6 | AN36: =X36 -> 28 | AO36: 0 | AV36: 0.05 | AW36: 31 | AX36: 16 | AZ36: =SUM(N36,P36:U36) -> 3.6
A37: =A36+1 -> 23 | B37: 6901.27 | C37: 288290 | D37: =C37-C36 -> 38 | E37: =C37-152000 -> 136290 | F37: =D37/$D$2 -> 19.158054 | G37: 32 | H37: 1.5 | I37: =G37+H37 -> 33.5 | J37: =IF(L37>0,L37,0) -> 47.258054 | K37: =I37+J37 -> 80.758054 | L37: =F37-(I37-AK37) -> 47.258054 | M37: 3.6 | N37: 0 | O37: 0 | P37: 0 | Q37: =958100/325851/1.9835*1.02 -> 1.5120277 | R37: =((2)*1.04)-T37 -> 1.7192947 | S37: 0 | T37: =(0.3272*1.06)*1.04 -> 0.36070528 | U37: =M37-(Q37+R37+S37+T37) -> 0.0079722945 | V37: 28 | W37: 0 | X37: =M37-N37-P37-O37-Q37-R37-S37-T37-U37+V37+W37 -> 28 | Y37: =X37-AO37 -> 28 | AC37: 0 | AE37: 0 | AH37: 30 | AI37: =AI36-AH37 -> 2837 | AK37: =N37+O37+P37+Q37+R37+S37+T37+U37+X37+AE37+AH37 -> 61.6 | AL37: =IF(L37<0,L37*-1,0) -> 0 | AM37: =AK37+AL37 -> 61.6 | AN37: =X37 -> 28 | AO37: 0 | AV37: 0.05 | AW37: 36 | AX37: 14 | AZ37: =SUM(N37,P37:U37) -> 3.6
A38: =A37+1 -> 24 | B38: 6901.26 | C38: 288252 | D38: =C38-C37 -> -38 | E38: =C38-152000 -> 136252 | F38: =D38/$D$2 -> -19.158054 | G38: 34 | H38: 1.5 | I38: =G38+H38 -> 35.5 | J38: =IF(L38>0,L38,0) -> 7.6419461 | K38: =I38+J38 -> 43.141946 | L38: =F38-(I38-AK38) -> 7.6419461 | M38: 4.3 | N38: 0 | O38: 0 | P38: 0 | Q38: =884500/325851/1.9835*1.02 -> 1.3958757 | R38: =((2.1)*1.04)-T38 -> 1.8232947 | S38: 0 | T38: =(0.3272*1.06)*1.04 -> 0.36070528 | U38: =M38-(Q38+R38+S38+T38) -> 0.7201243 | V38: 28 | W38: 0 | X38: =M38-N38-P38-O38-Q38-R38-S38-T38-U38+V38+W38 -> 28 | Y38: =X38-AO38 -> 28 | AC38: 0 | AE38: 0 | AH38: 30 | AI38: =AI37-AH38 -> 2807 | AK38: =N38+O38+P38+Q38+R38+S38+T38+U38+X38+AE38+AH38 -> 62.3 | AL38: =IF(L38<0,L38*-1,0) -> 0 | AM38: =AK38+AL38 -> 62.3 | AN38: =X38 -> 28 | AO38: 0 | AV38: 0.07 | AW38: 37 | AX38: 26 | AZ38: =SUM(N38,P38:U38) -> 4.3
A39: =A38+1 -> 25 | B39: 6901.25 | C39: 288215 | D39: =C39-C38 -> -37 | E39: =C39-152000 -> 136215 | F39: =D39/$D$2 -> -18.653895 | G39: 34 | H39: 1.8 | I39: =G39+H39 -> 35.8 | J39: =IF(L39>0,L39,0) -> 7.0461054 | K39: =I39+J39 -> 42.846105 | L39: =F39-(I39-AK39) -> 7.0461054 | M39: 3.5 | N39: 0 | O39: 0 | P39: 0 | Q39: =957500/325851/1.9835*1.02 -> 1.5110808 | R39: =((2.1)*1.04)-T39 -> 1.8232947 | S39: 0 | T39: =(0.3272*1.06)*1.04 -> 0.36070528 | U39: =M39-(Q39+R39+S39+T39) -> -0.19508081 | V39: 28 | W39: 0 | X39: =M39-N39-P39-O39-Q39-R39-S39-T39-U39+V39+W39 -> 28 | Y39: =X39-AO39 -> 28 | AC39: 0 | AE39: 0 | AH39: 30 | AI39: =AI38-AH39 -> 2777 | AK39: =N39+O39+P39+Q39+R39+S39+T39+U39+X39+AE39+AH39 -> 61.5 | AL39: =IF(L39<0,L39*-1,0) -> 0 | AM39: =AK39+AL39 -> 61.5 | AN39: =X39 -> 28 | AO39: 0 | AV39: 0.14 | AW39: 51 | AX39: 15 | AZ39: =SUM(N39,P39:U39) -> 3.5
A40: =A39+1 -> 26 | B40: 6901.25 | C40: 288215 | D40: =C40-C39 -> 0 | E40: =C40-152000 -> 136215 | F40: =D40/$D$2 -> 0 | G40: 33 | H40: 1.8 | I40: =G40+H40 -> 34.8 | J40: =IF(L40>0,L40,0) -> 27.3 | K40: =I40+J40 -> 62.1 | L40: =F40-(I40-AK40) -> 27.3 | M40: 4.1 | N40: 0 | O40: 0 | P40: 0 | Q40: =889100/325851/1.9835*1.02 -> 1.4031352 | R40: =((2.1)*1.04)-T40 -> 1.8232947 | S40: 0 | T40: =(0.3272*1.06)*1.04 -> 0.36070528 | U40: =M40-(Q40+R40+S40+T40) -> 0.5128648 | V40: 28 | W40: 0 | X40: =M40-N40-P40-O40-Q40-R40-S40-T40-U40+V40+W40 -> 28 | Y40: =X40-AO40 -> 28 | AC40: 4.6 | AE40: 0 | AH40: 30 | AI40: =AI39-AH40 -> 2747 | AK40: =N40+O40+P40+Q40+R40+S40+T40+U40+X40+AE40+AH40 -> 62.1 | AL40: =IF(L40<0,L40*-1,0) -> 0 | AM40: =AK40+AL40 -> 62.1 | AN40: =X40 -> 28 | AO40: 0 | AV40: 0 | AW40: 46 | AX40: 24 | AZ40: =SUM(N40,P40:U40) -> 4.1
A41: =A40+1 -> 27 | B41: 6901.24 | C41: 288178 | D41: =C41-C40 -> -37 | E41: =C41-152000 -> 136178 | F41: =D41/$D$2 -> -18.653895 | G41: 33 | H41: 1.8 | I41: =G41+H41 -> 34.8 | J41: =IF(L41>0,L41,0) -> 8.1461054 | K41: =I41+J41 -> 42.946105 | L41: =F41-(I41-AK41) -> 8.1461054 | M41: 3.6 | N41: 0 | O41: 0 | P41: 0 | Q41: =978700/325851/1.9835*1.02 -> 1.5445376 | R41: =((2.1)*1.04)-T41 -> 1.762332 | S41: 0 | T41: =(0.3825*1.06)*1.04 -> 0.421668 | U41: =M41-(Q41+R41+S41+T41) -> -0.12853764 | V41: 28 | W41: 0 | X41: =M41-N41-P41-O41-Q41-R41-S41-T41-U41+V41+W41 -> 28 | Y41: =X41-AO41 -> 28 | AC41: 11.6 | AE41: 0 | AH41: 30 | AI41: =AI40-AH41 -> 2717 | AK41: =N41+O41+P41+Q41+R41+S41+T41+U41+X41+AE41+AH41 -> 61.6 | AL41: =IF(L41<0,L41*-1,0) -> 0 | AM41: =AK41+AL41 -> 61.6 | AN41: =X41 -> 28 | AO41: 0 | AV41: 0 | AW41: 39 | AX41: 14 | AZ41: =SUM(N41,P41:U41) -> 3.6
A42: =A41+1 -> 28 | B42: 6901.23 | C42: 288140 | D42: =C42-C41 -> -38 | E42: =C42-152000 -> 136140 | F42: =D42/$D$2 -> -19.158054 | G42: 33 | H42: 1.9 | I42: =G42+H42 -> 34.9 | J42: =IF(L42>0,L42,0) -> 7.9419461 | K42: =I42+J42 -> 42.841946 | L42: =F42-(I42-AK42) -> 7.9419461 | M42: 4 | N42: 0 | O42: 0 | P42: 0 | Q42: =916000/325851/1.9835*1.02 -> 1.4455875 | R42: =((2.1)*1.04)-T42 -> 1.762332 | S42: 0 | T42: =(0.3825*1.06)*1.04 -> 0.421668 | U42: =M42-(Q42+R42+S42+T42) -> 0.37041251 | V42: 28 | W42: 0 | X42: =M42-N42-P42-O42-Q42-R42-S42-T42-U42+V42+W42 -> 28 | Y42: =X42-AO42 -> 28 | AC42: 11.1 | AE42: 0 | AH42: 30 | AI42: =AI41-AH42 -> 2687 | AK42: =N42+O42+P42+Q42+R42+S42+T42+U42+X42+AE42+AH42 -> 62 | AL42: =IF(L42<0,L42*-1,0) -> 0 | AM42: =AK42+AL42 -> 62 | AN42: =X42 -> 28 | AO42: 0 | AV42: 0 | AW42: 39 | AX42: 10 | AZ42: =SUM(N42,P42:U42) -> 4
A43: =A42+1 -> 29 | B43: 6901.21 | C43: 288066 | D43: =C43-C42 -> -74 | E43: =C43-152000 -> 136066 | F43: =D43/$D$2 -> -37.307789 | G43: 33 | H43: 1.9 | I43: =G43+H43 -> 34.9 | J43: =IF(L43>0,L43,0) -> 0 | K43: =I43+J43 -> 34.9 | L43: =F43-(I43-AK43) -> -10.007789 | M43: 4.2 | N43: 0 | O43: 0 | P43: 0 | Q43: =1234100/325851/1.9835*1.02 -> 1.9475977 | R43: =((2.1)*1.04)-T43 -> 1.762332 | S43: 0 | T43: =(0.3825*1.06)*1.04 -> 0.421668 | U43: =M43-(Q43+R43+S43+T43) -> 0.068402264 | V43: 28 | W43: 0 | X43: =M43-N43-P43-O43-Q43-R43-S43-T43-U43+V43+W43 -> 28 | Y43: =X43-AO43 -> 28 | AC43: 0 | AE43: 0 | AH43: 30 | AI43: =AI42-AH43 -> 2657 | AK43: =N43+O43+P43+Q43+R43+S43+T43+U43+X43+AE43+AH43 -> 62.2 | AL43: =IF(L43<0,L43*-1,0) -> 10.007789 | AM43: =AK43+AL43 -> 72.207789 | AN43: =X43 -> 28 | AO43: 0 | AV43: 0 | AW43: 42 | AX43: 15 | AZ43: =SUM(N43,P43:U43) -> 4.2
A44: 30 | B44: 6901.2 | C44: 288028 | D44: =C44-C43 -> -38 | E44: =C44-152000 -> 136028 | F44: =D44/$D$2 -> -19.158054 | G44: 33 | H44: 2.1 | I44: =G44+H44 -> 35.1 | J44: =IF(L44>0,L44,0) -> 7.2419461 | K44: =I44+J44 -> 42.341946 | L44: =F44-(I44-AK44) -> 7.2419461 | M44: 3.5 | N44: 0 | O44: 0 | P44: 0 | Q44: =1111100/325851/1.9835*1.02 -> 1.753485 | R44: =((2.1)*1.04)-T44 -> 1.762332 | S44: 0 | T44: =(0.3825*1.06)*1.04 -> 0.421668 | U44: =M44-(Q44+R44+S44+T44) -> -0.43748501 | V44: 28 | W44: 0 | X44: =M44-N44-P44-O44-Q44-R44-S44-T44-U44+V44+W44 -> 28 | Y44: =X44-AO44 -> 28 | AC44: 3 | AE44: 0 | AH44: 30 | AI44: =AI43-AH44 -> 2627 | AK44: =N44+O44+P44+Q44+R44+S44+T44+U44+X44+AE44+AH44 -> 61.5 | AL44: =IF(L44<0,L44*-1,0) -> 0 | AM44: =AK44+AL44 -> 61.5 | AN44: =X44 -> 28 | AO44: 0 | AV44: 0 | AW44: 50 | AX44: 21 | AZ44: =SUM(N44,P44:U44) -> 3.5
A45: 31 | B45: 6901.18 | C45: 287954 | D45: =C45-C44 -> -74 | E45: =C45-152000 -> 135954 | F45: =D45/$D$2 -> -37.307789 | G45: 36 | H45: 1.9 | I45: =G45+H45 -> 37.9 | J45: =IF(L45>0,L45,0) -> 0 | K45: =I45+J45 -> 37.9 | L45: =F45-(I45-AK45) -> -13.307789 | M45: 3.9 | N45: 0 | O45: 0 | P45: 0 | Q45: =834200/325851/1.9835*1.02 -> 1.3164946 | R45: =((2.2)*1.04)-T45 -> 1.866332 | S45: 0 | T45: =(0.3825*1.06)*1.04 -> 0.421668 | U45: =M45-(Q45+R45+S45+T45) -> 0.29550536 | V45: 28 | W45: 0 | X45: =M45-N45-P45-O45-Q45-R45-S45-T45-U45+V45+W45 -> 28 | Y45: =X45-AO45 -> 28 | AC45: 0 | AE45: 0 | AH45: 30 | AI45: =AI44-AH45 -> 2597 | AK45: =N45+O45+P45+Q45+R45+S45+T45+U45+X45+AE45+AH45 -> 61.9 | AL45: =IF(L45<0,L45*-1,0) -> 13.307789 | AM45: =AK45+AL45 -> 75.207789 | AN45: =X45 -> 28 | AO45: 0 | AV45: 0 | AW45: 43 | AX45: 23 | AZ45: =SUM(N45,P45:U45) -> 3.9
X46: =M46-N46-O46-Q46-R46-S46+V46+W46 -> 0 | Y46: =N46-O46-P46-R46-S46-U46+W46+X46 -> 0 | AK46: =N46+O46+Q46+R46+S46+X46+AE46+AH46 -> 0
A47: MONTH / CFS | F47: =SUM(F15:F45) -> -714.89791 | G47: =SUM(G15:G45) -> 1101 | H47: =SUM(H15:H45) -> 33.97 | I47: =SUM(I15:I45) -> 1134.97 | J47: =SUM(J15:J45) -> 308.33415 | K47: =SUM(K15:K45) -> 1443.3042 | L47: =SUM(L15:L45) -> 188.23209 | M47: =SUM(M15:M45) -> 117.1 | ... O47: =SUM(O15:O45) -> 0 | Q47: =SUM(Q15:Q45) -> 49.3605 | R47: =SUM(R15:R45) -> 50.493876 | S47: =SUM(S15:S45) -> 0 | T47: =SUM(T15:T45) -> 13.258124 | U47: =SUM(U15:U45) -> 3.9874997 | V47: =SUM(V15:V45) -> 991 | W47: =SUM(W15:W45) -> 0 | X47: =SUM(X15:X45) -> 991 | Y47: =SUM(Y15:Y45) -> 991 | AC47: =SUM(AC15:AC45) -> 30.3 | AH47: =SUM(AH15:AH45) -> 930 | AJ47: =SUM(AJ15:AJ45) -> 0 | AK47: =SUM(AK15:AK45) -> 2038.1 | AL47: =SUM(AL15:AL45) -> 120.10206 | AM47: =SUM(AM15:AM45) -> 2158.2021 | AN47: =SUM(AN15:AN45) -> 991 | AO47: =SUM(AO15:AO45) -> 0 | AV47: =SUM(AV15:AV45) -> 0.51 | AW47: =AVERAGE(AW15:AW45) -> 44.225806 | AX47: =AVERAGE(AX15:AX45) -> 18.935484 | AY47: Avg | AZ47: =SUM(AZ15:AZ45) -> 117.1
A48: MONTH / AF | D48: =SUM(D15:D45) -> -1418 | F48: =F47*$D$2 -> -1418 | G48: =G47*$D$2 -> 2183.8335 | H48: =H47*$D$2 -> 67.379495 | I48: =I47*$D$2 -> 2251.213 | J48: =J47*$D$2 -> 611.58079 | K48: =K47*$D$2 -> 2862.7938 | L48: =L47*$D$2 -> 373.35836 | M48: =M47*$D$2 -> 232.26785 | ... O48: =O47*$D$2 -> 0 | Q48: =Q47*$D$2 -> 97.906552 | R48: =R47*$D$2 -> 100.1546 | S48: =S47*$D$2 -> 0 | T48: =T47*$D$2 -> 26.297489 | U48: =U47*$D$2 -> 7.9092056 | V48: =V47*$D$2 -> 1965.6485 | W48: =W47*$D$2 -> 0 | X48: =X47*$D$2 -> 1965.6485 | Y48: =Y47*$D$2 -> 1965.6485 | AC48: =AC47*$D$2 -> 60.10005 | AH48: =AH47*$D$2 -> 1844.655 | AJ48: =AJ47*$D$2 -> 0 | AK48: =AK47*$D$2 -> 4042.5714 | AL48: =AL47*$D$2 -> 238.22244 | AM48: =AM47*$D$2 -> 4280.7938 | AN48: =AN47*$D$2 -> 1965.6485 | AO48: =AO47*$D$2 -> 0 | AW48: =MAX(AW15:AW45) -> 53 | AX48: =MAX(AX15:AX45) -> 28 | AY48: HI | AZ48: =AZ47*$D$2 -> 232.26785
A50: SEASON / CFS | AW50: =MIN(AW15:AW45) -> 31 | AX50: =MIN(AX15:AX45) -> 10 | AY50: LO
A51: SEASON / AF
A53: YTD / CFS | F53: =F13+F47 -> -2852.0292 | G53: =G13+G47 -> 4461 | H53: =H13+H47 -> 68.08 | I53: =I13+I47 -> 4528.46 | J53: =J13+J47 -> 423.20856 | K53: =K13+K47 -> 4951.6686 | L53: =L13+L47 -> -147.88924 | M53: =M13+M47 -> 427.1 | N53: =N13+N47 -> 0 | O53: 0 | Q53: =Q13+Q47 -> 139.18607 | R53: =R13+R47 -> 148.55459 | S53: =S13+S47 -> 0 | T53: =T13+T47 -> 46.757414 | U53: =U13+U47 -> 3.4960973 | V53: =V13+V47 -> 3992 | W53: =W13+W47 -> 59.5 | X53: =X13+X47 -> 4140.6058 | Y53: =Y13+Y47 -> 3937.8088 | AC53: =AC13+AC47 -> 223 | AH53: =AH13+AH47 -> 2754 | AI53: =AI45 -> 2597 | AJ53: =AJ14+AJ47 -> 0 | AK53: =AK13+AK47 -> 7232.6 | AL53: =AL13+AL47 -> 571.0978 | AM53: =AM13+AM47 -> 7803.6978 | AN53: =AN13+AN47 -> 3937.8 | AO53: =AO13+AO47 -> 202.79707 | AV53: =AV13+AV47 -> 1.46 | AZ53: =AZ13+AZ47 -> 337.99417
A54: YTD / AF | D54: =D13+D48 -> -5657 | E54: =E45 -> 135954 | F54: =F53*$D$2 -> -5657 | G54: =G53*$D$2 -> 8848.3935 | H54: =H53*$D$2 -> 135.03668 | I54: =I53*$D$2 -> 8982.2004 | J54: =J53*$D$2 -> 839.43418 | K54: =K53*$D$2 -> 9821.6346 | L54: =L53*$D$2 -> -293.33831 | M54: =M53*$D$2 -> 847.15285 | ... O54: =O53*$D$2 -> 0 | Q54: =Q53*$D$2 -> 276.07557 | R54: =R53*$D$2 -> 294.65802 | S54: =S53*$D$2 -> 0 | T54: =T53*$D$2 -> 92.743331 | U54: =U53*$D$2 -> 6.934509 | V54: =V53*$D$2 -> 7918.132 | W54: =W53*$D$2 -> 118.01825 | X54: =X53*$D$2 -> 8212.8917 | Y54: =Y53*$D$2 -> 7810.6437 | AC54: =AC53*$D$2 -> 442.3205 | AH54: =AH53*$D$2 -> 5462.559 | AI54: =AI53*$D$2 -> 5151.1495 | AJ54: =AJ53*$D$2 -> 0 | AK54: =AK53*$D$2 -> 14345.862 | AL54: =AL53*$D$2 -> 1132.7725 | AM54: =AM53*$D$2 -> 15478.635 | AN54: =AN53*$D$2 -> 7810.6263 | AO54: =AO53*$D$2 -> 402.24799 | AZ54: =AZ53*$D$2 -> 670.41143

Sheet FEB
K1: MCPHEE RESERVOIR INFLOW/OUTFLOW TABULATION
A2: AF/cfs CONVERT FACTOR | D2: 1.9835 | K2: FEBRUARY "2012"
D4: RESERVOIR | I4: INFLOW | X4: OUTFLOW | AP4: ADJUSTMENTS | AW4: WEATHER
A5: DATE | B5: RESERV | C5: RESERV | D5: AC FT | E5: ACTIVE | F5: CONV TO | G5: DOLORES | H5: LOST | I5: RECORD | J5: CALC | K5: TOTAL | L5: CALC | M5: DOLORES TUNNEL | V5: LONE | W5: U | X5: TOTAL | Y5: TOTAL | Z5: MVI | AA5: MVI | AB5: MVI | AC5: TO EX & | AD5: MVI | AE5: DV CR | AF5: D/S SENIOR | AH5: BELOW | AI5: FISH | AJ5: SPILL | AK5: RECORD | AL5: CALC | AM5: TOTAL | AN5: NAR | AO5: MVI | AP5: MVI | AQ5: MVI | AR5: DIST. | AS5: U/S | AT5: TOTTEN | AU5: UTES | AV5: RAIN | AW5: MAX | AX5: MIN | AZ5: TOTAL
A6: FEB | B6: ELEV | D6: CHANGE | E6: CAP | F6: CFS | G6: RIVER | H6: CAN | I6: INFLOW | J6: INFLOW | K6: INFLOW | L6: INF/OTF | M6: TOT DIV | N6: WET | O6: UTE | P6: QUEST | Q6: MWC | R6: CORTEZ | T6: UTE | U6: F-BAY | V6: PINE | W6: LAT | X6: MVI | Y6: MVI | Z6: CALL | AA6: CALL | AB6: APR- | AC6: U/S EX | AD6: PROJ | AE6: CANAL | AF6: MVIC | AG6: PROJ | AH6: MCP | AI6: LEFT | AK6: OTF | AL6: OTF | AM6: OTF | AN6: FILL | AO6: STOCK | AP6: STORED | AQ6: STORED | AR6: CLASS | AS6: USERS | AT6: (FRESH | AU6: FROM | AW6: TMP | AX6: TMP | AZ6: TUNNEL
N7: LAND | O7: F&R | Q7: NON - | R7: NON - | S7: PROJ | T7: PROJ | U7: BAL | X7: WATER | Y7: IRRIG. | Z7: STOR | AA7: SPILLED | AB7: JUNE | AF7: 1.7 | AG7: 1.3 | AI7: 31798 | AP7: Apr - Jun | AQ7: EVAP | AR7: "B" | AS7: EXCH | AT7: WATER) | AU7: DWCD | AZ7: Misc.
Q8: PROJ | R8: PROJ | X8: USED | Y8: WATER | AA8: OR | AB8: (DIV+
R9: 4.2 | Y9: USED | AA9: USED | AB9: CALL)
C10: AC. Ft. | E10: AC FT | G10: CFS | H10: CFS | I10: CFS | J10: CFS | K10: CFS | L10: CFS | M10: CFS | N10: CFS | O10: CFS | P10: CFS | Q10: CFS | R10: CFS | S10: CFS | T10: CFS | U10: CFS | V10: CFS | W10: CFS | X10: 153400 | Y10: 150400 | AB10: 72000 | AC10: CFS | AD10: CFS | AE10: CFS | AF10: CFS | AG10: CFS | AH10: CFS | AI10: CFS | AJ10: CFS | AK10: CFS | AL10: CFS | AM10: CFS | AN10: CFS | AO10: CFS | AP10: CFS | AQ10: AC.FT. | AR10: CFS | AS10: CFS | AT10: CFS | AU10: CFS | AZ10: Outflow
N11: 1.03 | O11: 1.05 | P11: 1.02 | Q11: 1.02 | R11: 1.04 | T11: 1.04 | X11: CFS | Y11: CFS | Z11: CFS | AA11: CFS | AB11: Ac. Ft. | AZ11: CFS
A12: SEASON BAL
A13: YTD | B13: =JAN!B45 -> 6901.18 | C13: =JAN!C45 -> 287954 | D13: =JAN!D54 -> -5657 | E13: =JAN!E54 -> 135954 | F13: =JAN!F53 -> -2852.0292 | G13: =JAN!G53 -> 4461 | H13: =JAN!H53 -> 68.08 | I13: =JAN!I53 -> 4528.46 | J13: =JAN!J53 -> 423.20856 | K13: =JAN!K53 -> 4951.6686 | L13: =JAN!L53 -> -147.88924 | M13: =JAN!M53 -> 427.1 | ... Y13: =JAN!Y53 -> 3937.8088 | AC13: =JAN!AC53 -> 223 | AH13: =JAN!AH53 -> 2754 | AI13: =JAN!AI53 -> 2597 | AJ13: =JAN!AJ53 -> 0 | AK13: =JAN!AK53 -> 7232.6 | AL13: =JAN!AL53 -> 571.0978 | AM13: =JAN!AM53 -> 7803.6978 | AN13: =JAN!AN53 -> 3937.8 | AO13: =JAN!AO53 -> 202.79707 | AV13: =JAN!AV53 -> 1.46 | AZ13: =JAN!AZ53 -> 337.99417
A15: 1 | B15: 6901.17 | C15: 287916 | D15: =C15-C13 -> -38 | E15: =C15-152000 -> 135916 | F15: =D15/$D$2 -> -19.158054 | G15: 36 | H15: 1.9 | I15: =G15+H15 -> 37.9 | J15: =IF(L15>0,L15,0) -> 4.8419461 | K15: =I15+J15 -> 42.741946 | L15: =F15-(I15-AK15) -> 4.8419461 | M15: 3.9 | N15: 0 | O15: 0 | P15: 0 | Q15: =946700/325851/1.9835*1.02 -> 1.4940368 | R15: =((2.2)*1.04)-T15 -> 1.7117755 | S15: 0 | T15: =(0.5227*1.06)*1.04 -> 0.57622448 | U15: =M15-(Q15+R15+S15+T15) -> 0.11796323 | V15: 28 | W15: 0 | X15: =M15-N15-O15-P15-Q15-R15-S15-T15-U15+V15+W15 -> 28 | Y15: =X15-AO15 -> 28 | AC15: 4 | AE15: 0 | AH15: 30 | AI15: =AI13-AH15 -> 2567 | AK15: =N15+O15+P15+Q15+R15+S15+T15+U15+X15+AE15+AH15 -> 61.9 | AL15: =IF(L15<0,L15*-1,0) -> 0 | AM15: =AK15+AL15 -> 61.9 | AN15: =V15 -> 28 | AO15: 0 | AV15: 0 | AW15: 44 | AX15: 20 | AZ15: =SUM(N15,P15:U15) -> 3.9
A16: =A15+1 -> 2 | B16: 6901.17 | C16: 287916 | D16: =C16-C15 -> 0 | E16: =C16-152000 -> 135916 | F16: =D16/$D$2 -> 0 | G16: 36 | H16: 1.8 | I16: =G16+H16 -> 37.8 | J16: =IF(L16>0,L16,0) -> 24.1 | K16: =I16+J16 -> 61.9 | L16: =F16-(I16-AK16) -> 24.1 | M16: 3.9 | N16: 0 | O16: 0 | P16: 0 | Q16: =1026600/325851/1.9835*1.02 -> 1.6201311 | R16: =((1.9)*1.04)-T16 -> 1.3997755 | S16: 0 | T16: =(0.5227*1.06)*1.04 -> 0.57622448 | U16: =M16-(Q16+R16+S16+T16) -> 0.30386886 | V16: 28 | W16: 0 | X16: =M16-N16-O16-P16-Q16-R16-S16-T16-U16+V16+W16 -> 28 | Y16: =X16-AO16 -> 28 | AC16: 25.2 | AE16: 0 | AH16: 30 | AI16: =AI15-AH16 -> 2537 | AK16: =N16+O16+P16+Q16+R16+S16+T16+U16+X16+AE16+AH16 -> 61.9 | AL16: =IF(L16<0,L16*-1,0) -> 0 | AM16: =AK16+AL16 -> 61.9 | AN16: =V16 -> 28 | AO16: 0 | AV16: 0 | AW16: 40 | AX16: 23 | AZ16: =SUM(N16,P16:U16) -> 3.9
A17: =A16+1 -> 3 | B17: 6901.16 | C17: 287879 | D17: =C17-C16 -> -37 | E17: =C17-152000 -> 135879 | F17: =D17/$D$2 -> -18.653895 | G17: 34 | H17: 1.8 | I17: =G17+H17 -> 35.8 | J17: =IF(L17>0,L17,0) -> 7.4461054 | K17: =I17+J17 -> 43.246105 | L17: =F17-(I17-AK17) -> 7.4461054 | M17: 3.9 | N17: 0 | O17: 0 | P17: 0 | Q17: =930800/325851/1.9835*1.02 -> 1.4689441 | R17: =((1.9)*1.04)-T17 -> 1.5067083 | S17: 0 | T17: =(0.4257*1.06)*1.04 -> 0.46929168 | U17: =M17-(Q17+R17+S17+T17) -> 0.45505585 | V17: 28 | W17: 0 | X17: =M17-N17-O17-P17-Q17-R17-S17-T17-U17+V17+W17 -> 28 | Y17: =X17-AO17 -> 28 | AC17: 11.7 | AE17: 0 | AH17: 30 | AI17: =AI16-AH17 -> 2507 | AK17: =N17+O17+P17+Q17+R17+S17+T17+U17+X17+AE17+AH17 -> 61.9 | AL17: =IF(L17<0,L17*-1,0) -> 0 | AM17: =AK17+AL17 -> 61.9 | AN17: =V17 -> 28 | AO17: 0 | AV17: 0 | AW17: 39 | AX17: 20 | AZ17: =SUM(N17,P17:U17) -> 3.9
A18: =A17+1 -> 4 | B18: 6901.15 | C18: 287842 | D18: =C18-C17 -> -37 | E18: =C18-152000 -> 135842 | F18: =D18/$D$2 -> -18.653895 | G18: 33 | H18: 1.7 | I18: =G18+H18 -> 34.7 | J18: =IF(L18>0,L18,0) -> 8.5461054 | K18: =I18+J18 -> 43.246105 | L18: =F18-(I18-AK18) -> 8.5461054 | M18: 3.9 | N18: 0 | O18: 0 | P18: 0 | Q18: =1047100/325851/1.9835*1.02 -> 1.6524833 | R18: =((1.9)*1.04)-T18 -> 1.5067083 | S18: 0 | T18: =(0.4257*1.06)*1.04 -> 0.46929168 | U18: =M18-(Q18+R18+S18+T18) -> 0.27151674 | V18: 28 | W18: 0 | X18: =M18-N18-O18-P18-Q18-R18-S18-T18-U18+V18+W18 -> 28 | Y18: =X18-AO18 -> 28 | AC18: 11.5 | AE18: 0 | AH18: 30 | AI18: =AI17-AH18 -> 2477 | AK18: =N18+O18+P18+Q18+R18+S18+T18+U18+X18+AE18+AH18 -> 61.9 | AL18: =IF(L18<0,L18*-1,0) -> 0 | AM18: =AK18+AL18 -> 61.9 | AN18: =V18 -> 28 | AO18: 0 | AV18: 0 | AW18: 40 | AX18: 20 | AZ18: =SUM(N18,P18:U18) -> 3.9
A19: =A18+1 -> 5 | B19: 6901.16 | C19: 287879 | D19: =C19-C18 -> 37 | E19: =C19-152000 -> 135879 | F19: =D19/$D$2 -> 18.653895 | G19: 33 | H19: 1.6 | I19: =G19+H19 -> 34.6 | J19: =IF(L19>0,L19,0) -> 45.953895 | K19: =I19+J19 -> 80.553895 | L19: =F19-(I19-AK19) -> 45.953895 | M19: 3.9 | N19: 0 | O19: 0 | P19: 0 | Q19: =1012300/325851/1.9835*1.02 -> 1.5975636 | R19: =((1.9)*1.04)-T19 -> 1.5067083 | S19: 0 | T19: =(0.4257*1.06)*1.04 -> 0.46929168 | U19: =M19-(Q19+R19+S19+T19) -> 0.32643644 | V19: 28 | W19: 0 | X19: =M19-N19-O19-P19-Q19-R19-S19-T19-U19+V19+W19 -> 28 | Y19: =X19-AO19 -> 28 | AC19: 29.5 | AE19: 0 | AH19: 30 | AI19: =AI18-AH19 -> 2447 | AK19: =N19+O19+P19+Q19+R19+S19+T19+U19+X19+AE19+AH19 -> 61.9 | AL19: =IF(L19<0,L19*-1,0) -> 0 | AM19: =AK19+AL19 -> 61.9 | AN19: =V19 -> 28 | AO19: 0 | AV19: 0.03 | AW19: 35 | AX19: 23 | AZ19: =SUM(N19,P19:U19) -> 3.9
A20: =A19+1 -> 6 | B20: 6901.17 | C20: 287916 | D20: =C20-C19 -> 37 | E20: =C20-152000 -> 135916 | F20: =D20/$D$2 -> 18.653895 | G20: 33 | H20: 1.6 | I20: =G20+H20 -> 34.6 | J20: =IF(L20>0,L20,0) -> 47.853895 | K20: =I20+J20 -> 82.453895 | L20: =F20-(I20-AK20) -> 47.853895 | M20: 3.8 | N20: 0 | O20: 0 | P20: 0 | Q20: =971400/325851/1.9835*1.02 -> 1.5330171 | R20: =((1.9)*1.04)-T20 -> 1.5067083 | S20: 0 | T20: =(0.4257*1.06)*1.04 -> 0.46929168 | U20: =M20-(Q20+R20+S20+T20) -> 0.29098287 | V20: 30 | W20: 0 | X20: =M20-N20-O20-P20-Q20-R20-S20-T20-U20+V20+W20 -> 30 | Y20: =X20-AO20 -> 30 | AC20: 28.6 | AE20: 0 | AH20: 30 | AI20: =AI19-AH20 -> 2417 | AK20: =N20+O20+P20+Q20+R20+S20+T20+U20+X20+AE20+AH20 -> 63.8 | AL20: =IF(L20<0,L20*-1,0) -> 0 | AM20: =AK20+AL20 -> 63.8 | AN20: =V20 -> 30 | AO20: 0 | AV20: 0.07 | AW20: 33 | AX20: 14 | AZ20: =SUM(N20,P20:U20) -> 3.8
A21: =A20+1 -> 7 | B21: 6901.17 | C21: 287916 | D21: =C21-C20 -> 0 | E21: =C21-152000 -> 135916 | F21: =D21/$D$2 -> 0 | G21: 33 | H21: 1.6 | I21: =G21+H21 -> 34.6 | J21: =IF(L21>0,L21,0) -> 31.6 | K21: =I21+J21 -> 66.2 | L21: =F21-(I21-AK21) -> 31.6 | M21: 3.2 | N21: 0 | O21: 0 | P21: 0 | Q21: =985500/325851/1.9835*1.02 -> 1.5552691 | R21: =((1.9)*1.04)-T21 -> 1.5067083 | S21: 0 | T21: =(0.4257*1.06)*1.04 -> 0.46929168 | U21: =M21-(Q21+R21+S21+T21) -> -0.33126908 | V21: 33 | W21: 0 | X21: =M21-N21-O21-P21-Q21-R21-S21-T21-U21+V21+W21 -> 33 | Y21: =X21-AO21 -> 33 | AC21: 21 | AE21: 0 | AH21: 30 | AI21: =AI20-AH21 -> 2387 | AK21: =N21+O21+P21+Q21+R21+S21+T21+U21+X21+AE21+AH21 -> 66.2 | AL21: =IF(L21<0,L21*-1,0) -> 0 | AM21: =AK21+AL21 -> 66.2 | AN21: =V21 -> 33 | AO21: 0 | AV21: 0.07 | AW21: 44 | AX21: 12 | AZ21: =SUM(N21,P21:U21) -> 3.2
A22: =A21+1 -> 8 | B22: 6901.15 | C22: 287842 | D22: =C22-C21 -> -74 | E22: =C22-152000 -> 135842 | F22: =D22/$D$2 -> -37.307789 | G22: 34 | H22: 1.7 | I22: =G22+H22 -> 35.7 | J22: =IF(L22>0,L22,0) -> 0 | K22: =I22+J22 -> 35.7 | L22: =F22-(I22-AK22) -> -6.0077893 | M22: 4 | N22: 0 | O22: 0 | P22: 0 | Q22: =950400/325851/1.9835*1.02 -> 1.4998759 | R22: =((1.9)*1.04)-T22 -> 1.5067083 | S22: 0 | T22: =(0.4257*1.06)*1.04 -> 0.46929168 | U22: =M22-(Q22+R22+S22+T22) -> 0.52412407 | V22: 33 | W22: 0 | X22: =M22-N22-O22-P22-Q22-R22-S22-T22-U22+V22+W22 -> 33 | Y22: =X22-AO22 -> 33 | AC22: 0 | AE22: 0 | AH22: 30 | AI22: =AI21-AH22 -> 2357 | AK22: =N22+O22+P22+Q22+R22+S22+T22+U22+X22+AE22+AH22 -> 67 | AL22: =IF(L22<0,L22*-1,0) -> 6.0077893 | AM22: =AK22+AL22 -> 73.007789 | AN22: =V22 -> 33 | AO22: 0 | AV22: 0.01 | AW22: 49 | AX22: 20 | AZ22: =SUM(N22,P22:U22) -> 4
A23: =A22+1 -> 9 | B23: 6901.14 | C23: 287804 | D23: =C23-C22 -> -38 | E23: =C23-152000 -> 135804 | F23: =D23/$D$2 -> -19.158054 | G23: 33 | H23: 1.6 | I23: =G23+H23 -> 34.6 | J23: =IF(L23>0,L23,0) -> 14.241946 | K23: =I23+J23 -> 48.841946 | L23: =F23-(I23-AK23) -> 14.241946 | M23: 4 | N23: 0 | O23: 0 | P23: 0 | Q23: =872100/325851/1.9835*1.02 -> 1.3763066 | R23: =((1.9)*1.04)-T23 -> 1.5067083 | S23: 0 | T23: =(0.4257*1.06)*1.04 -> 0.46929168 | U23: =M23-(Q23+R23+S23+T23) -> 0.64769339 | V23: 34 | W23: 0 | X23: =M23-N23-O23-P23-Q23-R23-S23-T23-U23+V23+W23 -> 34 | Y23: =X23-AO23 -> 34 | AC23: 0 | AE23: 0 | AH23: 30 | AI23: =AI22-AH23 -> 2327 | AK23: =N23+O23+P23+Q23+R23+S23+T23+U23+X23+AE23+AH23 -> 68 | AL23: =IF(L23<0,L23*-1,0) -> 0 | AM23: =AK23+AL23 -> 68 | AN23: =V23 -> 34 | AO23: 0 | AV23: 0.01 | AW23: 41 | AX23: 25 | AZ23: =SUM(N23,P23:U23) -> 4
A24: =A23+1 -> 10 | B24: 6901.12 | C24: 287730 | D24: =C24-C23 -> -74 | E24: =C24-152000 -> 135730 | F24: =D24/$D$2 -> -37.307789 | G24: 32 | H24: 1.5 | I24: =G24+H24 -> 33.5 | J24: =IF(L24>0,L24,0) -> 0 | K24: =I24+J24 -> 33.5 | L24: =F24-(I24-AK24) -> -1.7077893 | M24: 3.1 | N24: 0 | O24: 0 | P24: 0 | Q24: =1007200/325851/1.9835*1.02 -> 1.589515 | R24: =((1.9)*1.04)-T24 -> 1.4628328 | S24: 0 | T24: =(0.4655*1.06)*1.04 -> 0.5131672 | U24: =M24-(Q24+R24+S24+T24) -> -0.46551498 | V24: 36 | W24: 0 | X24: =M24-N24-O24-P24-Q24-R24-S24-T24-U24+V24+W24 -> 36 | Y24: =X24-AO24 -> 36 | AC24: 0 | AE24: 0 | AH24: 30 | AI24: =AI23-AH24 -> 2297 | AK24: =N24+O24+P24+Q24+R24+S24+T24+U24+X24+AE24+AH24 -> 69.1 | AL24: =IF(L24<0,L24*-1,0) -> 1.7077893 | AM24: =AK24+AL24 -> 70.807789 | AN24: =V24 -> 36 | AO24: 0 | AV24: 0 | AW24: 44 | AX24: 19 | AZ24: =SUM(N24,P24:U24) -> 3.1
A25: =A24+1 -> 11 | B25: 6901.11 | C25: 287692 | D25: =C25-C24 -> -38 | E25: =C25-152000 -> 135692 | F25: =D25/$D$2 -> -19.158054 | G25: 32 | H25: 1.5 | I25: =G25+H25 -> 33.5 | J25: =IF(L25>0,L25,0) -> 16.541946 | K25: =I25+J25 -> 50.041946 | L25: =F25-(I25-AK25) -> 16.541946 | M25: 3.2 | N25: 0 | O25: 0 | P25: 0 | Q25: =979500/325851/1.9835*1.02 -> 1.5458002 | R25: =((1.9)*1.04)-T25 -> 1.4628328 | S25: 0 | T25: =(0.4655*1.06)*1.04 -> 0.5131672 | U25: =M25-(Q25+R25+S25+T25) -> -0.32180016 | V25: 36 | W25: 0 | X25: =M25-N25-O25-P25-Q25-R25-S25-T25-U25+V25+W25 -> 36 | Y25: =X25-AO25 -> 36 | AC25: 0 | AE25: 0 | AH25: 30 | AI25: =AI24-AH25 -> 2267 | AK25: =N25+O25+P25+Q25+R25+S25+T25+U25+X25+AE25+AH25 -> 69.2 | AL25: =IF(L25<0,L25*-1,0) -> 0 | AM25: =AK25+AL25 -> 69.2 | AN25: =V25 -> 36 | AO25: 0 | AV25: 0 | AW25: 48 | AX25: 23 | AZ25: =SUM(N25,P25:U25) -> 3.2
A26: =A25+1 -> 12 | B26: 6901.12 | C26: 287730 | D26: =C26-C25 -> 38 | E26: =C26-152000 -> 135730 | F26: =D26/$D$2 -> 19.158054 | G26: 33 | H26: 1.5 | I26: =G26+H26 -> 34.5 | J26: =IF(L26>0,L26,0) -> 54.858054 | K26: =I26+J26 -> 89.358054 | L26: =F26-(I26-AK26) -> 54.858054 | M26: 4.2 | N26: 0 | O26: 0 | P26: 0 | Q26: =1136500/325851/1.9835*1.02 -> 1.7935701 | R26: =((1.9)*1.04)-T26 -> 1.4628328 | S26: 0 | T26: =(0.4655*1.06)*1.04 -> 0.5131672 | U26: =M26-(Q26+R26+S26+T26) -> 0.43042993 | V26: 36 | W26: 0 | X26: =M26-N26-O26-P26-Q26-R26-S26-T26-U26+V26+W26 -> 36 | Y26: =X26-AO26 -> 36 | AC26: 0.7 | AE26: 0 | AH26: 30 | AI26: =AI25-AH26 -> 2237 | AK26: =N26+O26+P26+Q26+R26+S26+T26+U26+X26+AE26+AH26 -> 70.2 | AL26: =IF(L26<0,L26*-1,0) -> 0 | AM26: =AK26+AL26 -> 70.2 | AN26: =V26 -> 36 | AO26: 0 | AV26: 0.05 | AW26: 40 | AX26: 27 | AZ26: =SUM(N26,P26:U26) -> 4.2
A27: =A26+1 -> 13 | B27: 6901.13 | C27: 287767 | D27: =C27-C26 -> 37 | E27: =C27-152000 -> 135767 | F27: =D27/$D$2 -> 18.653895 | G27: 33 | H27: 1.5 | I27: =G27+H27 -> 34.5 | J27: =IF(L27>0,L27,0) -> 52.553895 | K27: =I27+J27 -> 87.053895 | L27: =F27-(I27-AK27) -> 52.553895 | M27: 3.4 | N27: 0 | O27: 0 | P27: 0 | Q27: =996600/325851/1.9835*1.02 -> 1.5727866 | R27: =((1.9)*1.04)-T27 -> 1.4628328 | S27: 0 | T27: =(0.4655*1.06)*1.04 -> 0.5131672 | U27: =M27-(Q27+R27+S27+T27) -> -0.14878657 | V27: 35 | W27: 0 | X27: =M27-N27-O27-P27-Q27-R27-S27-T27-U27+V27+W27 -> 35 | Y27: =X27-AO27 -> 35 | AC27: 16.3 | AE27: 0 | AH27: 30 | AI27: =AI26-AH27 -> 2207 | AK27: =N27+O27+P27+Q27+R27+S27+T27+U27+X27+AE27+AH27 -> 68.4 | AL27: =IF(L27<0,L27*-1,0) -> 0 | AM27: =AK27+AL27 -> 68.4 | AN27: =V27 -> 35 | AO27: 0 | AV27: 0.1 | AW27: 40 | AX27: 26 | AZ27: =SUM(N27,P27:U27) -> 3.4
A28: =A27+1 -> 14 | B28: 6901.14 | C28: 287804 | D28: =C28-C27 -> 37 | E28: =C28-152000 -> 135804 | F28: =D28/$D$2 -> 18.653895 | G28: 33 | H28: 1.5 | I28: =G28+H28 -> 34.5 | J28: =IF(L28>0,L28,0) -> 30.753895 | K28: =I28+J28 -> 65.253895 | L28: =F28-(I28-AK28) -> 30.753895 | M28: 3.6 | N28: 0 | O28: 0 | P28: 0 | Q28: =881500/325851/1.9835*1.02 -> 1.3911412 | R28: =((1.9)*1.04)-T28 -> 1.4628328 | S28: 0 | T28: =(0.4655*1.06)*1.04 -> 0.5131672 | U28: =M28-(Q28+R28+S28+T28) -> 0.23285876 | V28: 13 | W28: 0 | X28: =M28-N28-O28-P28-Q28-R28-S28-T28-U28+V28+W28 -> 13 | Y28: =X28-AO28 -> 13 | AC28: 40.3 | AE28: 0 | AH28: 30 | AI28: =AI27-AH28 -> 2177 | AK28: =N28+O28+P28+Q28+R28+S28+T28+U28+X28+AE28+AH28 -> 46.6 | AL28: =IF(L28<0,L28*-1,0) -> 0 | AM28: =AK28+AL28 -> 46.6 | AN28: =V28 -> 13 | AO28: 0 | AV28: 0.13 | AW28: 43 | AX28: 18 | AZ28: =SUM(N28,P28:U28) -> 3.6
A29: =A28+1 -> 15 | B29: 6901.14 | C29: 287804 | D29: =C29-C28 -> 0 | E29: =C29-152000 -> 135804 | F29: =D29/$D$2 -> 0 | G29: 33 | H29: 1.6 | I29: =G29+H29 -> 34.6 | J29: =IF(L29>0,L29,0) -> 0 | K29: =I29+J29 -> 34.6 | L29: =F29-(I29-AK29) -> -1 | M29: 3.6 | N29: 0 | O29: 0 | P29: 0 | Q29: =1050000/325851/1.9835*1.02 -> 1.6570599 | R29: =((1.9)*1.04)-T29 -> 1.4628328 | S29: 0 | T29: =(0.4655*1.06)*1.04 -> 0.5131672 | U29: =M29-(Q29+R29+S29+T29) -> -0.033059901 | V29: 0 | W29: 0 | X29: =M29-N29-O29-P29-Q29-R29-S29-T29-U29+V29+W29 -> 2.220446e-16 | Y29: =X29-AO29 -> 2.220446e-16 | AC29: 30.1 | AE29: 0 | AH29: 30 | AI29: =AI28-AH29 -> 2147 | AK29: =N29+O29+P29+Q29+R29+S29+T29+U29+X29+AE29+AH29 -> 33.6 | AL29: =IF(L29<0,L29*-1,0) -> 1 | AM29: =AK29+AL29 -> 34.6 | AN29: =V29 -> 0 | AO29: 0 | AV29: 0.03 | AW29: 38 | AX29: 12 | AZ29: =SUM(N29,P29:U29) -> 3.6
A30: =A29+1 -> 16 | B30: 6901.14 | C30: 287804 | D30: =C30-C29 -> 0 | E30: =C30-152000 -> 135804 | F30: =D30/$D$2 -> 0 | G30: 29 | H30: 1.6 | I30: =G30+H30 -> 30.6 | J30: =IF(L30>0,L30,0) -> 3 | K30: =I30+J30 -> 33.6 | L30: =F30-(I30-AK30) -> 3 | M30: 3.6 | N30: 0 | O30: 0 | P30: 0 | Q30: =752400/325851/1.9835*1.02 -> 1.1874018 | R30: =((1.9)*1.04)-T30 -> 1.4628328 | S30: 0 | T30: =(0.4655*1.06)*1.04 -> 0.5131672 | U30: =M30-(Q30+R30+S30+T30) -> 0.43659822 | V30: 0 | W30: 0 | X30: =M30-N30-O30-P30-Q30-R30-S30-T30-U30+V30+W30 -> 0 | Y30: =X30-AO30 -> 0 | AC30: 30.6 | AE30: 0 | AH30: 30 | AI30: =AI29-AH30 -> 2117 | AK30: =N30+O30+P30+Q30+R30+S30+T30+U30+X30+AE30+AH30 -> 33.6 | AL30: =IF(L30<0,L30*-1,0) -> 0 | AM30: =AK30+AL30 -> 33.6 | AN30: =V30 -> 0 | AO30: 0 | AV30: 0 | AW30: 48 | AX30: 15 | AZ30: =SUM(N30,P30:U30) -> 3.6
A31: =A30+1 -> 17 | B31: 6901.15 | C31: 287842 | D31: =C31-C30 -> 38 | E31: =C31-152000 -> 135842 | F31: =D31/$D$2 -> 19.158054 | G31: 29 | H31: 1.7 | I31: =G31+H31 -> 30.7 | J31: =IF(L31>0,L31,0) -> 22.058054 | K31: =I31+J31 -> 52.758054 | L31: =F31-(I31-AK31) -> 22.058054 | M31: 3.6 | N31: 0 | O31: 0 | P31: 0 | Q31: =941400/325851/1.9835*1.02 -> 1.4856726 | R31: =((1.9)*1.04)-T31 -> 1.4513678 | S31: 0 | T31: =(0.4759*1.06)*1.04 -> 0.52463216 | U31: =M31-(Q31+R31+S31+T31) -> 0.13832744 | V31: 0 | W31: 0 | X31: =M31-N31-O31-P31-Q31-R31-S31-T31-U31+V31+W31 -> 0 | Y31: =X31-AO31 -> 0 | AC31: 30.2 | AE31: 0 | AH31: 30 | AI31: =AI30-AH31 -> 2087 | AK31: =N31+O31+P31+Q31+R31+S31+T31+U31+X31+AE31+AH31 -> 33.6 | AL31: =IF(L31<0,L31*-1,0) -> 0 | AM31: =AK31+AL31 -> 33.6 | AN31: =V31 -> 0 | AO31: 0 | AV31: 0 | AW31: 43 | AX31: 19 | AZ31: =SUM(N31,P31:U31) -> 3.6
A32: =A31+1 -> 18 | B32: 6901.15 | C32: 287842 | D32: =C32-C31 -> 0 | E32: =C32-152000 -> 135842 | F32: =D32/$D$2 -> 0 | G32: 29 | H32: 1.8 | I32: =G32+H32 -> 30.8 | J32: =IF(L32>0,L32,0) -> 2.8 | K32: =I32+J32 -> 33.6 | L32: =F32-(I32-AK32) -> 2.8 | M32: 3.6 | N32: 0 | O32: 0 | P32: 0 | Q32: =997200/325851/1.9835*1.02 -> 1.5737335 | R32: =((1.9)*1.04)-T32 -> 1.4513678 | S32: 0 | T32: =(0.4759*1.06)*1.04 -> 0.52463216 | U32: =M32-(Q32+R32+S32+T32) -> 0.05026654 | V32: 0 | W32: 0 | X32: =M32-N32-O32-P32-Q32-R32-S32-T32-U32+V32+W32 -> 4.4408921e-16 | Y32: =X32-AO32 -> 4.4408921e-16 | AC32: 30.4 | AE32: 0 | AH32: 30 | AI32: =AI31-AH32 -> 2057 | AK32: =N32+O32+P32+Q32+R32+S32+T32+U32+X32+AE32+AH32 -> 33.6 | AL32: =IF(L32<0,L32*-1,0) -> 0 | AM32: =AK32+AL32 -> 33.6 | AN32: =V32 -> 0 | AO32: 0 | AV32: 0 | AW32: 45 | AX32: 14 | AZ32: =SUM(N32,P32:U32) -> 3.6
A33: =A32+1 -> 19 | B33: 6901.15 | C33: 287842 | D33: =C33-C32 -> 0 | E33: =C33-152000 -> 135842 | F33: =D33/$D$2 -> 0 | G33: 29 | H33: 2 | I33: =G33+H33 -> 31 | J33: =IF(L33>0,L33,0) -> 2.6 | K33: =I33+J33 -> 33.6 | L33: =F33-(I33-AK33) -> 2.6 | M33: 3.6 | N33: 0 | O33: 0 | P33: 0 | Q33: =1106600/325851/1.9835*1.02 -> 1.7463833 | R33: =((1.9)*1.04)-T33 -> 1.4513678 | S33: 0 | T33: =(0.4759*1.06)*1.04 -> 0.52463216 | U33: =M33-(Q33+R33+S33+T33) -> -0.12238332 | V33: 0 | W33: 0 | X33: =M33-N33-O33-P33-Q33-R33-S33-T33-U33+V33+W33 -> 0 | Y33: =X33-AO33 -> 0 | AC33: 30.3 | AE33: 0 | AH33: 30 | AI33: =AI32-AH33 -> 2027 | AK33: =N33+O33+P33+Q33+R33+S33+T33+U33+X33+AE33+AH33 -> 33.6 | AL33: =IF(L33<0,L33*-1,0) -> 0 | AM33: =AK33+AL33 -> 33.6 | AN33: =V33 -> 0 | AO33: 0 | AV33: 0.01 | AW33: 36 | AX33: 18 | AZ33: =SUM(N33,P33:U33) -> 3.6
A34: =A33+1 -> 20 | B34: 6901.16 | C34: 287879 | D34: =C34-C33 -> 37 | E34: =C34-152000 -> 135879 | F34: =D34/$D$2 -> 18.653895 | G34: 29 | H34: 1.9 | I34: =G34+H34 -> 30.9 | J34: =IF(L34>0,L34,0) -> 21.453895 | K34: =I34+J34 -> 52.353895 | L34: =F34-(I34-AK34) -> 21.453895 | M34: 3.7 | N34: 0 | O34: 0 | P34: 0 | Q34: =1028800/325851/1.9835*1.02 -> 1.6236031 | R34: =((1.9)*1.04)-T34 -> 1.4513678 | S34: 0 | T34: =(0.4759*1.06)*1.04 -> 0.52463216 | U34: =M34-(Q34+R34+S34+T34) -> 0.10039693 | V34: 0 | W34: 0 | X34: =M34-N34-O34-P34-Q34-R34-S34-T34-U34+V34+W34 -> 0 | Y34: =X34-AO34 -> 0 | AC34: 31.1 | AE34: 0 | AH34: 30 | AI34: =AI33-AH34 -> 1997 | AK34: =N34+O34+P34+Q34+R34+S34+T34+U34+X34+AE34+AH34 -> 33.7 | AL34: =IF(L34<0,L34*-1,0) -> 0 | AM34: =AK34+AL34 -> 33.7 | AN34: =V34 -> 0 | AO34: 0 | AV34: 0 | AW34: 33 | AX34: 14 | AZ34: =SUM(N34,P34:U34) -> 3.7
A35: =A34+1 -> 21 | B35: 6901.16 | C35: 287879 | D35: =C35-C34 -> 0 | E35: =C35-152000 -> 135879 | F35: =D35/$D$2 -> 0 | G35: 29 | H35: 2 | I35: =G35+H35 -> 31 | J35: =IF(L35>0,L35,0) -> 2.3 | K35: =I35+J35 -> 33.3 | L35: =F35-(I35-AK35) -> 2.3 | M35: 3.3 | N35: 0 | O35: 0 | P35: 0 | Q35: =792100/325851/1.9835*1.02 -> 1.2500544 | R35: =((1.9)*1.04)-T35 -> 1.4513678 | S35: 0 | T35: =(0.4759*1.06)*1.04 -> 0.52463216 | U35: =M35-(Q35+R35+S35+T35) -> 0.073945574 | V35: 0 | W35: 0 | X35: =M35-N35-O35-P35-Q35-R35-S35-T35-U35+V35+W35 -> 4.4408921e-16 | Y35: =X35-AO35 -> 4.4408921e-16 | AC35: 30.4 | AE35: 0 | AH35: 30 | AI35: =AI34-AH35 -> 1967 | AK35: =N35+O35+P35+Q35+R35+S35+T35+U35+X35+AE35+AH35 -> 33.3 | AL35: =IF(L35<0,L35*-1,0) -> 0 | AM35: =AK35+AL35 -> 33.3 | AN35: =V35 -> 0 | AO35: 0 | AV35: 0 | AW35: 39 | AX35: 16 | AZ35: =SUM(N35,P35:U35) -> 3.3
A36: =A35+1 -> 22 | B36: 6901.17 | C36: 287916 | D36: =C36-C35 -> 37 | E36: =C36-152000 -> 135916 | F36: =D36/$D$2 -> 18.653895 | G36: 29 | H36: 2.1 | I36: =G36+H36 -> 31.1 | J36: =IF(L36>0,L36,0) -> 20.453895 | K36: =I36+J36 -> 51.553895 | L36: =F36-(I36-AK36) -> 20.453895 | M36: 2.9 | N36: 0 | O36: 0 | P36: 0 | Q36: =1158700/325851/1.9835*1.02 -> 1.8286051 | R36: =((1.9)*1.04)-T36 -> 1.4513678 | S36: 0 | T36: =(0.4759*1.06)*1.04 -> 0.52463216 | U36: =M36-(Q36+R36+S36+T36) -> -0.90460505 | V36: 0 | W36: 0 | X36: =M36-N36-O36-P36-Q36-R36-S36-T36-U36+V36+W36 -> 0 | Y36: =X36-AO36 -> 0 | AC36: 33.3 | AE36: 0 | AH36: 30 | AI36: =AI35-AH36 -> 1937 | AK36: =N36+O36+P36+Q36+R36+S36+T36+U36+X36+AE36+AH36 -> 32.9 | AL36: =IF(L36<0,L36*-1,0) -> 0 | AM36: =AK36+AL36 -> 32.9 | AN36: =V36 -> 0 | AO36: 0 | AV36: 0 | AW36: 47 | AX36: 24 | AZ36: =SUM(N36,P36:U36) -> 2.9
A37: =A36+1 -> 23 | B37: 6901.17 | C37: 287916 | D37: =C37-C36 -> 0 | E37: =C37-152000 -> 135916 | F37: =D37/$D$2 -> 0 | G37: 30 | H37: 2 | I37: =G37+H37 -> 32 | J37: =IF(L37>0,L37,0) -> 19.5 | K37: =I37+J37 -> 51.5 | L37: =F37-(I37-AK37) -> 19.5 | M37: 4.5 | N37: 0 | O37: 0 | P37: 0 | Q37: =926100/325851/1.9835*1.02 -> 1.4615268 | R37: =((1.9)*1.04)-T37 -> 1.4513678 | S37: 0 | T37: =(0.4759*1.06)*1.04 -> 0.52463216 | U37: =M37-(Q37+R37+S37+T37) -> 1.0624732 | V37: 17 | W37: 0 | X37: =M37-N37-O37-P37-Q37-R37-S37-T37-U37+V37+W37 -> 17 | Y37: =X37-AO37 -> 17 | AC37: 16.2 | AE37: 0 | AH37: 30 | AI37: =AI36-AH37 -> 1907 | AK37: =N37+O37+P37+Q37+R37+S37+T37+U37+X37+AE37+AH37 -> 51.5 | AL37: =IF(L37<0,L37*-1,0) -> 0 | AM37: =AK37+AL37 -> 51.5 | AN37: =V37 -> 17 | AO37: 0 | AV37: 0 | AW37: 40 | AX37: 16 | AZ37: =SUM(N37,P37:U37) -> 4.5
A38: =A37+1 -> 24 | B38: 6901.16 | C38: 287879 | D38: =C38-C37 -> -37 | E38: =C38-152000 -> 135879 | F38: =D38/$D$2 -> -18.653895 | G38: 29 | H38: 1.8 | I38: =G38+H38 -> 30.8 | J38: =IF(L38>0,L38,0) -> 10.346105 | K38: =I38+J38 -> 41.146105 | L38: =F38-(I38-AK38) -> 10.346105 | M38: 3.8 | N38: 0 | O38: 0 | P38: 0 | Q38: =1012000/325851/1.9835*1.02 -> 1.5970901 | R38: =((1.9)*1.04)-T38 -> 1.5308509 | S38: 0 | T38: =(0.4038*1.06)*1.04 -> 0.44514912 | U38: =M38-(Q38+R38+S38+T38) -> 0.22690989 | V38: 26 | W38: 0 | X38: =M38-N38-O38-P38-Q38-R38-S38-T38-U38+V38+W38 -> 26 | Y38: =X38-AO38 -> 26 | AC38: 8.1 | AE38: 0 | AH38: 30 | AI38: =AI37-AH38 -> 1877 | AK38: =N38+O38+P38+Q38+R38+S38+T38+U38+X38+AE38+AH38 -> 59.8 | AL38: =IF(L38<0,L38*-1,0) -> 0 | AM38: =AK38+AL38 -> 59.8 | AN38: =V38 -> 26 | AO38: 0 | AV38: 0 | AW38: 43 | AX38: 15 | AZ38: =SUM(N38,P38:U38) -> 3.8
A39: =A38+1 -> 25 | B39: 6901.15 | C39: 287842 | D39: =C39-C38 -> -37 | E39: =C39-152000 -> 135842 | F39: =D39/$D$2 -> -18.653895 | G39: 29 | H39: 1.8 | I39: =G39+H39 -> 30.8 | J39: =IF(L39>0,L39,0) -> 10.546105 | K39: =I39+J39 -> 41.346105 | L39: =F39-(I39-AK39) -> 10.546105 | M39: 4 | N39: 0 | O39: 0 | P39: 0 | Q39: =922400/325851/1.9835*1.02 -> 1.4556877 | R39: =((1.9)*1.04)-T39 -> 1.5308509 | S39: 0 | T39: =(0.4038*1.06)*1.04 -> 0.44514912 | U39: =M39-(Q39+R39+S39+T39) -> 0.56831233 | V39: 26 | W39: 0 | X39: =M39-N39-O39-P39-Q39-R39-S39-T39-U39+V39+W39 -> 26 | Y39: =X39-AO39 -> 26 | AC39: 8.3 | AE39: 0 | AH39: 30 | AI39: =AI38-AH39 -> 1847 | AK39: =N39+O39+P39+Q39+R39+S39+T39+U39+X39+AE39+AH39 -> 60 | AL39: =IF(L39<0,L39*-1,0) -> 0 | AM39: =AK39+AL39 -> 60 | AN39: =V39 -> 26 | AO39: 0 | AV39: 0 | AW39: 51 | AX39: 21 | AZ39: =SUM(N39,P39:U39) -> 4
A40: =A39+1 -> 26 | B40: 6901.14 | C40: 287804 | D40: =C40-C39 -> -38 | E40: =C40-152000 -> 135804 | F40: =D40/$D$2 -> -19.158054 | G40: 23 | H40: 1.7 | I40: =G40+H40 -> 24.7 | J40: =IF(L40>0,L40,0) -> 16.141946 | K40: =I40+J40 -> 40.841946 | L40: =F40-(I40-AK40) -> 16.141946 | M40: 4 | N40: 0 | O40: 0 | P40: 0 | Q40: =1102800/325851/1.9835*1.02 -> 1.7403863 | R40: =((1.9)*1.04)-T40 -> 1.5308509 | S40: 0 | T40: =(0.4038*1.06)*1.04 -> 0.44514912 | U40: =M40-(Q40+R40+S40+T40) -> 0.28361366 | V40: 26 | W40: 0 | X40: =M40-N40-O40-P40-Q40-R40-S40-T40-U40+V40+W40 -> 26 | Y40: =X40-AO40 -> 26 | AC40: 7.6 | AE40: 0 | AH40: 30 | AI40: =AI39-AH40 -> 1817 | AK40: =N40+O40+P40+Q40+R40+S40+T40+U40+X40+AE40+AH40 -> 60 | AL40: =IF(L40<0,L40*-1,0) -> 0 | AM40: =AK40+AL40 -> 60 | AN40: =V40 -> 26 | AO40: 0 | AV40: 0 | AW40: 40 | AX40: 21 | AZ40: =SUM(N40,P40:U40) -> 4
A41: =A40+1 -> 27 | B41: 6901.14 | C41: 287804 | D41: =C41-C40 -> 0 | E41: =C41-152000 -> 135804 | F41: =D41/$D$2 -> 0 | G41: 22 | H41: 1.7 | I41: =G41+H41 -> 23.7 | J41: =IF(L41>0,L41,0) -> 40.1 | K41: =I41+J41 -> 63.8 | L41: =F41-(I41-AK41) -> 40.1 | M41: 3.8 | N41: 0 | O41: 0 | P41: 0 | Q41: =948500/325851/1.9835*1.02 -> 1.4968774 | R41: =((1.9)*1.04)-T41 -> 1.5308509 | S41: 0 | T41: =(0.4038*1.06)*1.04 -> 0.44514912 | U41: =M41-(Q41+R41+S41+T41) -> 0.32712256 | V41: 30 | W41: 0 | X41: =M41-N41-O41-P41-Q41-R41-S41-T41-U41+V41+W41 -> 30 | Y41: =X41-AO41 -> 30 | AC41: 14.8 | AE41: 0 | AH41: 30 | AI41: =AI40-AH41 -> 1787 | AK41: =N41+O41+P41+Q41+R41+S41+T41+U41+X41+AE41+AH41 -> 63.8 | AL41: =IF(L41<0,L41*-1,0) -> 0 | AM41: =AK41+AL41 -> 63.8 | AN41: =V41 -> 30 | AO41: 0 | AV41: 0.09 | AW41: 48 | AX41: 24 | AZ41: =SUM(N41,P41:U41) -> 3.8
A42: 28 | B42: 6901.15 | C42: 287842 | D42: =C42-C41 -> 38 | E42: =C42-152000 -> 135842 | F42: =D42/$D$2 -> 19.158054 | G42: 22 | H42: 1.8 | I42: =G42+H42 -> 23.8 | J42: =IF(L42>0,L42,0) -> 62.458054 | K42: =I42+J42 -> 86.258054 | L42: =F42-(I42-AK42) -> 62.458054 | M42: 4.1 | N42: 0 | O42: 0 | P42: 0 | Q42: =847500/325851/1.9835*1.02 -> 1.3374841 | R42: =((1.9)*1.04)-T42 -> 1.5308509 | S42: 0 | T42: =(0.4038*1.06)*1.04 -> 0.44514912 | U42: =M42-(Q42+R42+S42+T42) -> 0.78651594 | V42: 33 | W42: 0 | X42: =M42-N42-O42-P42-Q42-R42-S42-T42-U42+V42+W42 -> 33 | Y42: =X42-AO42 -> 33 | AC42: 25.1 | AE42: 0 | AH42: 30 | AI42: =AI41-AH42 -> 1757 | AK42: =N42+O42+P42+Q42+R42+S42+T42+U42+X42+AE42+AH42 -> 67.1 | AL42: =IF(L42<0,L42*-1,0) -> 0 | AM42: =AK42+AL42 -> 67.1 | AN42: =V42 -> 33 | AO42: 0 | AV42: 0.09 | AW42: 37 | AX42: 25 | AZ42: =SUM(N42,P42:U42) -> 4.1
A43: 29 | B43: 6901.17 | C43: 287916 | D43: =C43-C42 -> 74 | E43: =C43-152000 -> 135916 | F43: =D43/$D$2 -> 37.307789 | G43: 23 | H43: 1.8 | I43: =G43+H43 -> 24.8 | J43: =IF(L43>0,L43,0) -> 70.007789 | K43: =I43+J43 -> 94.807789 | L43: =F43-(I43-AK43) -> 70.007789 | M43: 3.5 | N43: 0 | O43: 0 | P43: 0 | Q43: =1170200/325851/1.9835*1.02 -> 1.8467538 | R43: =((2)*1.04)-T43 -> 1.6348509 | S43: 0 | T43: =(0.4038*1.06)*1.04 -> 0.44514912 | U43: =M43-(Q43+R43+S43+T43) -> -0.42675381 | V43: 24 | W43: 0 | X43: =M43-N43-O43-P43-Q43-R43-S43-T43-U43+V43+W43 -> 24 | Y43: =X43-AO43 -> 24 | AC43: 38.3 | AE43: 0 | AH43: 30 | AI43: =AI42-AH43 -> 1727 | AK43: =N43+O43+P43+Q43+R43+S43+T43+U43+X43+AE43+AH43 -> 57.5 | AL43: =IF(L43<0,L43*-1,0) -> 0 | AM43: =AK43+AL43 -> 57.5 | AN43: =V43 -> 24 | AO43: 0 | AV43: 0.1 | AW43: 37 | AX43: 22 | AZ43: =SUM(N43,P43:U43) -> 3.5
A45: MONTH / CFS | F45: =SUM(F15:F43) -> -19.158054 | G45: =SUM(G15:G43) -> 882 | H45: =SUM(H15:H43) -> 50.1 | I45: =SUM(I15:I43) -> 932.1 | J45: =SUM(J15:J43) -> 643.05752 | K45: =SUM(K15:K43) -> 1575.1575 | L45: =SUM(L15:L43) -> 634.34195 | M45: =SUM(M15:M43) -> 107.6 | ... Y45: =SUM(Y15:Y43) -> 608 | AC45: =SUM(AC15:AC43) -> 553.6 | AH45: =SUM(AH15:AH43) -> 870 | AJ45: =SUM(AJ15:AJ43) -> 0 | AK45: =SUM(AK15:AK43) -> 1585.6 | AL45: =SUM(AL15:AL43) -> 8.7155785 | AM45: =SUM(AM15:AM43) -> 1594.3156 | AN45: =SUM(AN15:AN43) -> 608 | AO45: =SUM(AO15:AO43) -> 0 | AV45: =SUM(AV15:AV43) -> 0.79 | AW45: =AVERAGE(AW15:AW43) -> 41.551724 | AX45: =AVERAGE(AX15:AX43) -> 19.517241 | AY45: AVE | AZ45: =SUM(AZ15:AZ43) -> 107.6
A46: MONTH / AF | D46: =SUM(D15:D42) -> -112 | F46: =F45*$D$2 -> -38 | G46: =G45*$D$2 -> 1749.447 | H46: =H45*$D$2 -> 99.37335 | I46: =I45*$D$2 -> 1848.8203 | J46: =J45*$D$2 -> 1275.5046 | K46: =K45*$D$2 -> 3124.325 | L46: =L45*$D$2 -> 1258.2172 | M46: =M45*$D$2 -> 213.4246 | ... O46: =O45*$D$2 -> 0 | Q46: =Q45*$D$2 -> 89.215371 | R46: =R45*$D$2 -> 85.978812 | S46: =S45*$D$2 -> 0 | T46: =T45*$D$2 -> 28.508808 | U46: =U45*$D$2 -> 9.7216086 | V46: =V45*$D$2 -> 1205.968 | W46: =W45*$D$2 -> 0 | X46: =X45*$D$2 -> 1205.968 | Y46: =Y45*$D$2 -> 1205.968 | AC46: =AC45*$D$2 -> 1098.0656 | AH46: =AH45*$D$2 -> 1725.645 | AJ46: =AJ45*$D$2 -> 0 | AK46: =AK45*$D$2 -> 3145.0376 | AL46: =AL45*$D$2 -> 17.28735 | AM46: =AM45*$D$2 -> 3162.325 | AN46: =AN45*$D$2 -> 1205.968 | AO46: =AO45*$D$2 -> 0 | AW46: =MAX(AW15:AW43) -> 51 | AX46: =MAX(AX15:AX43) -> 27 | AY46: HI | AZ46: =AZ45*$D$2 -> 213.4246
A48: SEASON / CFS | AW48: =MIN(AW15:AW42) -> 33 | AX48: =MIN(AX15:AX42) -> 12 | AY48: LO
A49: SEASON / AF
A51: YTD / CFS | F51: =F13+F45 -> -2871.1873 | G51: =G13+G45 -> 5343 | H51: =H13+H45 -> 118.18 | I51: =I13+I45 -> 5460.56 | J51: =J13+J45 -> 1066.2661 | K51: =K13+K45 -> 6526.8261 | L51: =L13+L45 -> 486.4527 | M51: =M13+M45 -> 534.7 | ... O51: =O13+O45 -> 0 | Q51: =Q13+Q45 -> 184.16483 | R51: =R13+R45 -> 191.9016 | S51: =S13+S45 -> 0 | T51: =T13+T45 -> 61.130395 | U51: =U13+U45 -> 8.3973368 | V51: =V13+V45 -> 4600 | W51: =W13+W45 -> 59.5 | X51: =X13+X45 -> 4748.6058 | Y51: =Y13+Y45 -> 4545.8088 | AC51: =AC13+AC45 -> 776.6 | AH51: =AH13+AH45 -> 3624 | AI51: =AI42 -> 1757 | AJ51: =AJ13+AJ45 -> 0 | AK51: =AK13+AK45 -> 8818.2 | AL51: =AL13+AL45 -> 579.81338 | AM51: =AM13+AM45 -> 9398.0134 | AN51: =AN13+AN45 -> 4545.8 | AO51: =AO13+AO45 -> 202.79707 | AV51: =AV13+AV45 -> 2.25 | AZ51: =AZ13+AZ45 -> 445.59417
A52: YTD / AF | D52: =D13+D46 -> -5769 | E52: =E42 -> 135842 | F52: =F51*$D$2 -> -5695 | G52: =G51*$D$2 -> 10597.841 | H52: =H51*$D$2 -> 234.41003 | I52: =I51*$D$2 -> 10831.021 | J52: =J51*$D$2 -> 2114.9388 | K52: =K51*$D$2 -> 12945.96 | L52: =L51*$D$2 -> 964.87894 | M52: =M51*$D$2 -> 1060.5774 | ... O52: =O51*$D$2 -> 0 | Q52: =Q51*$D$2 -> 365.29094 | R52: =R51*$D$2 -> 380.63683 | S52: =S51*$D$2 -> 0 | T52: =T51*$D$2 -> 121.25214 | U52: =U51*$D$2 -> 16.656118 | V52: =V51*$D$2 -> 9124.1 | W52: =W51*$D$2 -> 118.01825 | X52: =X51*$D$2 -> 9418.8597 | Y52: =Y51*$D$2 -> 9016.6117 | AC52: =AC51*$D$2 -> 1540.3861 | AH52: =AH51*$D$2 -> 7188.204 | AI52: =AI51*$D$2 -> 3485.0095 | AJ52: =AJ51*$D$2 -> 0 | AK52: =AK51*$D$2 -> 17490.9 | AL52: =AL51*$D$2 -> 1150.0598 | AM52: =AM51*$D$2 -> 18640.96 | AN52: =AN51*$D$2 -> 9016.5943 | AO52: =AO51*$D$2 -> 402.24799 | AZ52: =AZ51*$D$2 -> 883.83603

Sheet MAR
K1: MCPHEE RESERVOIR INFLOW/OUTFLOW TABULATION
A2: AF/cfs CONVERT FACTOR | D2: 1.9835 | K2: MARCH "2012"
D4: RESERVOIR | I4: INFLOW | X4: OUTFLOW | AP4: ADJUSTMENTS | AW4: WEATHER
A5: DATE | B5: RESERV | C5: RESERV | D5: AC FT | E5: ACTIVE | F5: CONV TO | G5: DOLORES | H5: LOST | I5: RECORD | J5: CALC | K5: TOTAL | L5: CALC | M5: DOLORES TUNNEL | V5: LONE | W5: U | X5: TOTAL | Y5: TOTAL | Z5: MVI | AA5: MVI | AB5: MVI | AC5: TO EX & | AD5: MVI | AE5: DV CR | AF5: D/S SENIOR | AH5: BELOW | AI5: FISH | AJ5: SPILL | AK5: RECORD | AL5: CALC | AM5: TOTAL | AN5: NAR | AO5: MVI | AP5: MVI | AQ5: MVI | AR5: DIST. | AS5: U/S | AT5: TOTTEN | AU5: UTES | AV5: RAIN | AW5: MAX | AX5: MIN | AZ5: TOTAL
A6: MAR | B6: ELEV | D6: CHANGE | E6: CAP | F6: CFS | G6: RIVER | H6: CAN | I6: INFLOW | J6: INFLOW | K6: INFLOW | L6: INF/OTF | M6: TOT DIV | N6: WET | O6: UTE | P6: QUEST | Q6: MWC | R6: CORTEZ | T6: UTE | U6: F-BAY | V6: PINE | W6: LAT | X6: MVI | Y6: MVI | Z6: CALL | AA6: CALL | AB6: APR- | AC6: U/S EX | AD6: PROJ | AE6: CANAL | AF6: MVIC | AG6: PROJ | AH6: MCP | AI6: LEFT | AK6: OTF | AL6: OTF | AM6: OTF | AN6: FILL | AO6: STOCK | AP6: STORED | AQ6: STORED | AR6: CLASS | AS6: USERS | AT6: (FRESH | AU6: FROM | AW6: TMP | AX6: TMP | AZ6: TUNNEL
N7: LAND | O7: F&R | Q7: NON - | R7: NON - | S7: PROJ | T7: PROJ | U7: BAL | X7: WATER | Y7: IRRIG. | Z7: STOR | AA7: SPILLED | AB7: JUNE | AF7: 1.7 | AG7: 1.3 | AI7: 31798 | AP7: Apr - Jun | AQ7: EVAP | AR7: "B" | AS7: EXCH | AT7: WATER) | AU7: DWCD | AZ7: Misc.
Q8: PROJ | R8: PROJ | X8: USED | Y8: WATER | AA8: OR | AB8: (DIV+
R9: 4.2 | Y9: USED | AA9: USED | AB9: CALL)
C10: AC. Ft. | E10: AC FT | G10: CFS | H10: CFS | I10: CFS | J10: CFS | K10: CFS | L10: CFS | M10: CFS | N10: CFS | O10: CFS | P10: CFS | Q10: CFS | R10: CFS | S10: CFS | T10: CFS | U10: CFS | V10: CFS | W10: CFS | X10: 153400 | Y10: 150400 | AB10: 72000 | AC10: CFS | AD10: CFS | AE10: CFS | AF10: CFS | AG10: CFS | AH10: CFS | AI10: CFS | AJ10: CFS | AK10: CFS | AL10: CFS | AM10: CFS | AN10: AC FT | AO10: CFS | AP10: CFS | AQ10: AC.FT. | AR10: CFS | AS10: CFS | AT10: CFS | AU10: CFS | AZ10: Outflow
N11: 1.03 | O11: 1.05 | P11: 1.02 | Q11: 1.02 | R11: 1.04 | T11: 1.04 | X11: CFS | Y11: CFS | Z11: CFS | AA11: CFS | AB11: Ac. Ft. | AZ11: CFS
A12: SEASON BAL
A13: YTD | B13: =FEB!B43 -> 6901.17 | C13: =FEB!C43 -> 287916 | D13: =FEB!D52 -> -5769 | E13: =FEB!E52 -> 135842 | F13: =FEB!F51 -> -2871.1873 | G13: =FEB!G51 -> 5343 | H13: =FEB!H51 -> 118.18 | I13: =FEB!I51 -> 5460.56 | J13: =FEB!J51 -> 1066.2661 | K13: =FEB!K51 -> 6526.8261 | L13: =FEB!L51 -> 486.4527 | M13: =FEB!M51 -> 534.7 | ... Y13: =FEB!Y51 -> 4545.8088 | AC13: =FEB!AC51 -> 776.6 | AH13: =FEB!AH51 -> 3624 | AI13: =FEB!AI43 -> 1727 | AJ13: =FEB!AJ51 -> 0 | AK13: =FEB!AK51 -> 8818.2 | AL13: =FEB!AL51 -> 579.81338 | AM13: =FEB!AM51 -> 9398.0134 | AN13: =FEB!AN51 -> 4545.8 | AO13: =FEB!AO51 -> 202.79707 | AV13: =FEB!AV51 -> 2.25 | AZ13: =FEB!AZ51 -> 445.59417
A15: 1 | B15: 6901.18 | C15: 287954 | D15: =C15-C13 -> 38 | E15: =C15-152000 -> 135954 | F15: =D15/$D$2 -> 19.158054 | G15: 26 | H15: 1.7 | I15: =G15+H15 -> 27.7 | J15: =IF(L15>0,L15,0) -> 25.358054 | K15: =I15+J15 -> 53.058054 | L15: =F15-(I15-AK15) -> 25.358054 | M15: 3.9 | N15: 0 | O15: 0 | P15: 0 | Q15: =952400/325851/1.9835*1.02 -> 1.5030322 | R15: =((2)*1.04)-T15 -> 1.4608922 | S15: 0 | T15: =(0.5616*1.06)*1.04 -> 0.61910784 | U15: =M15-(Q15+R15+S15+T15) -> 0.31696776 | V15: 0 | X15: =M15-N15-O15-P15-Q15-R15-S15-T15-U15+V15+W15 -> 0 | Y15: =X15-AO15 -> 0 | AC15: 38.9 | AE15: 0 | AH15: 30 | AI15: =AI13-AH15 -> 1697 | AK15: =N15+O15+P15+Q15+R15+S15+T15+U15+X15+AE15+AH15 -> 33.9 | AL15: =IF(L15<0,L15*-1,0) -> 0 | AM15: =AK15+AL15 -> 33.9 | AN15: =V15 -> 0 | AV15: 0 | AW15: 38 | AX15: 17 | AZ15: =SUM(N15,P15:U15) -> 3.9
A16: =A15+1 -> 2 | B16: 6901.18 | C16: 287954 | D16: =C16-C15 -> 0 | E16: =C16-152000 -> 135954 | F16: =D16/$D$2 -> 0 | G16: 29 | H16: 1.7 | I16: =G16+H16 -> 30.7 | J16: =IF(L16>0,L16,0) -> 3.2 | K16: =I16+J16 -> 33.9 | L16: =F16-(I16-AK16) -> 3.2 | M16: 3.9 | N16: 0 | O16: 0 | P16: 0 | Q16: =892700/325851/1.9835*1.02 -> 1.4088165 | R16: =((2)*1.04)-T16 -> 1.6438906 | S16: 0 | T16: =(0.3956*1.06)*1.04 -> 0.43610944 | U16: =M16-(Q16+R16+S16+T16) -> 0.41118345 | V16: 0 | X16: =M16-N16-O16-P16-Q16-R16-S16-T16-U16+V16+W16 -> 0 | Y16: =X16-AO16 -> 0 | AC16: 26.1 | AE16: 0 | AH16: 30 | AI16: =AI15-AH16 -> 1667 | AK16: =N16+O16+P16+Q16+R16+S16+T16+U16+X16+AE16+AH16 -> 33.9 | AL16: =IF(L16<0,L16*-1,0) -> 0 | AM16: =AK16+AL16 -> 33.9 | AN16: =V16 -> 0 | AV16: 0.04 | AW16: 30 | AX16: 8 | AZ16: =SUM(N16,P16:U16) -> 3.9
A17: =A16+1 -> 3 | B17: 6901.18 | C17: 287954 | D17: =C17-C16 -> 0 | E17: =C17-152000 -> 135954 | F17: =D17/$D$2 -> 0 | G17: 30 | H17: 1.8 | I17: =G17+H17 -> 31.8 | J17: =IF(L17>0,L17,0) -> 2.1 | K17: =I17+J17 -> 33.9 | L17: =F17-(I17-AK17) -> 2.1 | M17: 3.9 | N17: 0 | O17: 0 | P17: 0 | Q17: =949300/325851/1.9835*1.02 -> 1.49814 | R17: =((2)*1.04)-T17 -> 1.6438906 | S17: 0 | T17: =(0.3956*1.06)*1.04 -> 0.43610944 | U17: =M17-(Q17+R17+S17+T17) -> 0.32186003 | V17: 0 | X17: =M17-N17-O17-P17-Q17-R17-S17-T17-U17+V17+W17 -> 0 | Y17: =X17-AO17 -> 0 | AC17: 26.2 | AE17: 0 | AH17: 30 | AI17: =AI16-AH17 -> 1637 | AK17: =N17+O17+P17+Q17+R17+S17+T17+U17+X17+AE17+AH17 -> 33.9 | AL17: =IF(L17<0,L17*-1,0) -> 0 | AM17: =AK17+AL17 -> 33.9 | AN17: =V17 -> 0 | AV17: 0 | AW17: 37 | AX17: 6 | AZ17: =SUM(N17,P17:U17) -> 3.9
A18: =A17+1 -> 4 | B18: 6901.18 | C18: 287954 | D18: =C18-C17 -> 0 | E18: =C18-152000 -> 135954 | F18: =D18/$D$2 -> 0 | G18: 32 | H18: 1.9 | I18: =G18+H18 -> 33.9 | J18: =IF(L18>0,L18,0) -> 0 | K18: =I18+J18 -> 33.9 | L18: =F18-(I18-AK18) -> 0 | M18: 3.9 | N18: 0 | O18: 0 | P18: 0 | Q18: =1212900/325851/1.9835*1.02 -> 1.9141409 | R18: =((2)*1.04)-T18 -> 1.6438906 | S18: 0 | T18: =(0.3956*1.06)*1.04 -> 0.43610944 | U18: =M18-(Q18+R18+S18+T18) -> -0.094140908 | V18: 0 | X18: =M18-N18-O18-P18-Q18-R18-S18-T18-U18+V18+W18 -> 0 | Y18: =X18-AO18 -> 0 | AC18: 26.2 | AE18: 0 | AH18: 30 | AI18: =AI17-AH18 -> 1607 | AK18: =N18+O18+P18+Q18+R18+S18+T18+U18+X18+AE18+AH18 -> 33.9 | AL18: =IF(L18<0,L18*-1,0) -> 0 | AM18: =AK18+AL18 -> 33.9 | AN18: =V18 -> 0 | AV18: 0 | AW18: 49 | AX18: 16 | AZ18: =SUM(N18,P18:U18) -> 3.9
A19: =A18+1 -> 5 | B19: 6901.2 | C19: 288028 | D19: =C19-C18 -> 74 | E19: =C19-152000 -> 136028 | F19: =D19/$D$2 -> 37.307789 | G19: 39 | H19: 2 | I19: =G19+H19 -> 41 | J19: =IF(L19>0,L19,0) -> 29.607789 | K19: =I19+J19 -> 70.607789 | L19: =F19-(I19-AK19) -> 29.607789 | M19: 3.3 | N19: 0 | O19: 0 | P19: 0 | Q19: =934900/325851/1.9835*1.02 -> 1.4754146 | R19: =((2)*1.04)-T19 -> 1.6438906 | S19: 0 | T19: =(0.3956*1.06)*1.04 -> 0.43610944 | U19: =M19-(Q19+R19+S19+T19) -> -0.25541457 | V19: 0 | X19: =M19-N19-O19-P19-Q19-R19-S19-T19-U19+V19+W19 -> 0 | Y19: =X19-AO19 -> 0 | AC19: 39.3 | AE19: 0 | AH19: 30 | AI19: =AI18-AH19 -> 1577 | AK19: =N19+O19+P19+Q19+R19+S19+T19+U19+X19+AE19+AH19 -> 33.3 | AL19: =IF(L19<0,L19*-1,0) -> 0 | AM19: =AK19+AL19 -> 33.3 | AN19: =V19 -> 0 | AV19: 0 | AW19: 54 | AX19: 24 | AZ19: =SUM(N19,P19:U19) -> 3.3
A20: =A19+1 -> 6 | B20: 6901.22 | C20: 288103 | D20: =C20-C19 -> 75 | E20: =C20-152000 -> 136103 | F20: =D20/$D$2 -> 37.811949 | G20: 44 | H20: 2.2 | I20: =G20+H20 -> 46.2 | J20: =IF(L20>0,L20,0) -> 25.211949 | K20: =I20+J20 -> 71.411949 | L20: =F20-(I20-AK20) -> 25.211949 | M20: 3.6 | N20: 0 | O20: 0 | P20: 0 | Q20: =865500/325851/1.9835*1.02 -> 1.3658908 | R20: =((2)*1.04)-T20 -> 1.6438906 | S20: 0 | T20: =(0.3956*1.06)*1.04 -> 0.43610944 | U20: =M20-(Q20+R20+S20+T20) -> 0.1541092 | V20: 0 | X20: =M20-N20-O20-P20-Q20-R20-S20-T20-U20+V20+W20 -> 0 | Y20: =X20-AO20 -> 0 | AC20: 39.1 | AE20: 0 | AH20: 30 | AI20: =AI19-AH20 -> 1547 | AK20: =N20+O20+P20+Q20+R20+S20+T20+U20+X20+AE20+AH20 -> 33.6 | AL20: =IF(L20<0,L20*-1,0) -> 0 | AM20: =AK20+AL20 -> 33.6 | AN20: =V20 -> 0 | AV20: 0 | AW20: 53 | AX20: 32 | AZ20: =SUM(N20,P20:U20) -> 3.6
A21: =A20+1 -> 7 | B21: 6901.24 | C21: 288178 | D21: =C21-C20 -> 75 | E21: =C21-152000 -> 136178 | F21: =D21/$D$2 -> 37.811949 | G21: 48 | H21: 2.1 | I21: =G21+H21 -> 50.1 | J21: =IF(L21>0,L21,0) -> 25.511949 | K21: =I21+J21 -> 75.611949 | L21: =F21-(I21-AK21) -> 25.511949 | M21: 3.8 | N21: 0 | O21: 0 | P21: 0 | Q21: =991100/325851/1.9835*1.02 -> 1.5641067 | R21: =((2)*1.04)-T21 -> 1.6438906 | S21: 0 | T21: =(0.3956*1.06)*1.04 -> 0.43610944 | U21: =M21-(Q21+R21+S21+T21) -> 0.15589327 | V21: 0 | X21: =M21-N21-O21-P21-Q21-R21-S21-T21-U21+V21+W21 -> 0 | Y21: =X21-AO21 -> 0 | AC21: 40.4 | AE21: 0 | AH21: 34 | AI21: =AI20-AH21 -> 1513 | AK21: =N21+O21+P21+Q21+R21+S21+T21+U21+X21+AE21+AH21 -> 37.8 | AL21: =IF(L21<0,L21*-1,0) -> 0 | AM21: =AK21+AL21 -> 37.8 | AN21: =V21 -> 0 | AV21: 0.07 | AW21: 42 | AX21: 21 | AZ21: =SUM(N21,P21:U21) -> 3.8
A22: =A21+1 -> 8 | B22: 6901.25 | C22: 288215 | D22: =C22-C21 -> 37 | E22: =C22-152000 -> 136215 | F22: =D22/$D$2 -> 18.653895 | G22: 48 | H22: 2.1 | I22: =G22+H22 -> 50.1 | J22: =IF(L22>0,L22,0) -> 15.453895 | K22: =I22+J22 -> 65.553895 | L22: =F22-(I22-AK22) -> 15.453895 | M22: 3.9 | N22: 0 | O22: 0 | P22: 0 | Q22: =856700/325851/1.9835*1.02 -> 1.3520031 | R22: =((2)*1.04)-T22 -> 1.6438906 | S22: 0 | T22: =(0.3956*1.06)*1.04 -> 0.43610944 | U22: =M22-(Q22+R22+S22+T22) -> 0.46799694 | V22: 0 | X22: =M22-N22-O22-P22-Q22-R22-S22-T22-U22+V22+W22 -> 0 | Y22: =X22-AO22 -> 0 | AC22: 36 | AE22: 0 | AH22: 43 | AI22: =AI21-AH22 -> 1470 | AK22: =N22+O22+P22+Q22+R22+S22+T22+U22+X22+AE22+AH22 -> 46.9 | AL22: =IF(L22<0,L22*-1,0) -> 0 | AM22: =AK22+AL22 -> 46.9 | AN22: =V22 -> 0 | AV22: 0 | AW22: 47 | AX22: 22 | AZ22: =SUM(N22,P22:U22) -> 3.9
A23: =A22+1 -> 9 | B23: 6901.27 | C23: 288290 | D23: =C23-C22 -> 75 | E23: =C23-152000 -> 136290 | F23: =D23/$D$2 -> 37.811949 | G23: 51 | H23: 2.4 | I23: =G23+H23 -> 53.4 | J23: =IF(L23>0,L23,0) -> 31.311949 | K23: =I23+J23 -> 84.711949 | L23: =F23-(I23-AK23) -> 31.311949 | M23: 3.9 | N23: 0 | O23: 0 | P23: 0 | Q23: =1120000/325851/1.9835*1.02 -> 1.7675306 | R23: =((2)*1.04)-T23 -> 1.5836995 | S23: 0 | T23: =(0.4502*1.06)*1.04 -> 0.49630048 | U23: =M23-(Q23+R23+S23+T23) -> 0.052469439 | V23: 0 | X23: =M23-N23-O23-P23-Q23-R23-S23-T23-U23+V23+W23 -> 0 | Y23: =X23-AO23 -> 0 | AC23: 41.1 | AE23: 0 | AH23: 43 | AI23: =AI22-AH23 -> 1427 | AK23: =N23+O23+P23+Q23+R23+S23+T23+U23+X23+AE23+AH23 -> 46.9 | AL23: =IF(L23<0,L23*-1,0) -> 0 | AM23: =AK23+AL23 -> 46.9 | AN23: =V23 -> 0 | AV23: 0 | AW23: 49 | AX23: 21 | AZ23: =SUM(N23,P23:U23) -> 3.9
A24: =A23+1 -> 10 | B24: 6901.29 | C24: 288364 | D24: =C24-C23 -> 74 | E24: =C24-152000 -> 136364 | F24: =D24/$D$2 -> 37.307789 | G24: 62 | H24: 2.5 | I24: =G24+H24 -> 64.5 | J24: =IF(L24>0,L24,0) -> 19.707789 | K24: =I24+J24 -> 84.207789 | L24: =F24-(I24-AK24) -> 19.707789 | M24: 3.9 | N24: 0 | O24: 0 | P24: 0 | Q24: =1025700/325851/1.9835*1.02 -> 1.6187108 | R24: =((2)*1.04)-T24 -> 1.5836995 | S24: 0 | T24: =(0.4502*1.06)*1.04 -> 0.49630048 | U24: =M24-(Q24+R24+S24+T24) -> 0.2012892 | V24: 0 | X24: =M24-N24-O24-P24-Q24-R24-S24-T24-U24+V24+W24 -> 0 | Y24: =X24-AO24 -> 0 | AC24: 41.1 | AE24: 0 | AH24: 43 | AI24: =AI23-AH24 -> 1384 | AK24: =N24+O24+P24+Q24+R24+S24+T24+U24+X24+AE24+AH24 -> 46.9 | AL24: =IF(L24<0,L24*-1,0) -> 0 | AM24: =AK24+AL24 -> 46.9 | AN24: =V24 -> 0 | AV24: 0 | AW24: 51 | AX24: 24 | AZ24: =SUM(N24,P24:U24) -> 3.9
A25: =A24+1 -> 11 | B25: 6901.32 | C25: 288476 | D25: =C25-C24 -> 112 | E25: =C25-152000 -> 136476 | F25: =D25/$D$2 -> 56.465843 | G25: 79 | H25: 2.6 | I25: =G25+H25 -> 81.6 | J25: =IF(L25>0,L25,0) -> 21.765843 | K25: =I25+J25 -> 103.36584 | L25: =F25-(I25-AK25) -> 21.765843 | M25: 3.9 | N25: 0 | O25: 0 | P25: 0 | Q25: =1097700/325851/1.9835*1.02 -> 1.7323378 | R25: =((2)*1.04)-T25 -> 1.5836995 | S25: 0 | T25: =(0.4502*1.06)*1.04 -> 0.49630048 | U25: =M25-(Q25+R25+S25+T25) -> 0.087662235 | V25: 0 | X25: =M25-N25-O25-P25-Q25-R25-S25-T25-U25+V25+W25 -> 0 | Y25: =X25-AO25 -> 0 | AC25: 47.3 | AE25: 0 | AH25: 43 | AI25: =AI24-AH25 -> 1341 | AK25: =N25+O25+P25+Q25+R25+S25+T25+U25+X25+AE25+AH25 -> 46.9 | AL25: =IF(L25<0,L25*-1,0) -> 0 | AM25: =AK25+AL25 -> 46.9 | AN25: =V25 -> 0 | AV25: 0 | AW25: 54 | AX25: 24 | AZ25: =SUM(N25,P25:U25) -> 3.9
A26: =A25+1 -> 12 | B26: 6901.34 | C26: 288551 | D26: =C26-C25 -> 75 | E26: =C26-152000 -> 136551 | F26: =D26/$D$2 -> 37.811949 | G26: 92 | H26: 2.7 | I26: =G26+H26 -> 94.7 | J26: =IF(L26>0,L26,0) -> 0 | K26: =I26+J26 -> 94.7 | L26: =F26-(I26-AK26) -> -7.9880514 | M26: 3.9 | N26: 0 | O26: 0 | P26: 0 | Q26: =1120400/325851/1.9835*1.02 -> 1.7681618 | R26: =((2)*1.04)-T26 -> 1.5836995 | S26: 0 | T26: =(0.4502*1.06)*1.04 -> 0.49630048 | U26: =M26-(Q26+R26+S26+T26) -> 0.051838178 | V26: 0 | X26: =M26-N26-O26-P26-Q26-R26-S26-T26-U26+V26+W26 -> 0 | Y26: =X26-AO26 -> 0 | AC26: 49.4 | AE26: 0 | AH26: 45 | AI26: =AI25-AH26 -> 1296 | AK26: =N26+O26+P26+Q26+R26+S26+T26+U26+X26+AE26+AH26 -> 48.9 | AL26: =IF(L26<0,L26*-1,0) -> 7.9880514 | AM26: =AK26+AL26 -> 56.888051 | AN26: =V26 -> 0 | AV26: 0 | AW26: 55 | AX26: 26 | AZ26: =SUM(N26,P26:U26) -> 3.9
A27: =A26+1 -> 13 | B27: 6901.4 | C27: 288775 | D27: =C27-C26 -> 224 | E27: =C27-152000 -> 136775 | F27: =D27/$D$2 -> 112.93169 | G27: 109 | H27: 3.1 | I27: =G27+H27 -> 112.1 | J27: =IF(L27>0,L27,0) -> 50.831686 | K27: =I27+J27 -> 162.93169 | L27: =F27-(I27-AK27) -> 50.831686 | M27: 4 | N27: 0 | O27: 0 | P27: 0 | Q27: =773300/325851/1.9835*1.02 -> 1.2203852 | R27: =((2)*1.04)-T27 -> 1.5836995 | S27: 0 | T27: =(0.4502*1.06)*1.04 -> 0.49630048 | U27: =M27-(Q27+R27+S27+T27) -> 0.69961484 | V27: 0 | X27: =M27-N27-O27-P27-Q27-R27-S27-T27-U27+V27+W27 -> 0 | Y27: =X27-AO27 -> 0 | AC27: 56 | AE27: 0 | AH27: 46 | AI27: =AI26-AH27 -> 1250 | AK27: =N27+O27+P27+Q27+R27+S27+T27+U27+X27+AE27+AH27 -> 50 | AL27: =IF(L27<0,L27*-1,0) -> 0 | AM27: =AK27+AL27 -> 50 | AN27: =V27 -> 0 | AV27: 0 | AW27: 59 | AX27: 31 | AZ27: =SUM(N27,P27:U27) -> 4
A28: =A27+1 -> 14 | B28: 6901.45 | C28: 288962 | D28: =C28-C27 -> 187 | E28: =C28-152000 -> 136962 | F28: =D28/$D$2 -> 94.277792 | G28: 122 | H28: 3.1 | I28: =G28+H28 -> 125.1 | J28: =IF(L28>0,L28,0) -> 40.077792 | K28: =I28+J28 -> 165.17779 | L28: =F28-(I28-AK28) -> 40.077792 | M28: 3.9 | N28: 0 | O28: 0 | P28: 0 | Q28: =1176700/325851/1.9835*1.02 -> 1.8570118 | R28: =((2)*1.04)-T28 -> 1.5836995 | S28: 0 | T28: =(0.4502*1.06)*1.04 -> 0.49630048 | U28: =M28-(Q28+R28+S28+T28) -> -0.037011795 | V28: 21 | X28: =M28-N28-O28-P28-Q28-R28-S28-T28-U28+V28+W28 -> 21 | Y28: =X28-AO28 -> 21 | AC28: 47.7 | AE28: 0 | AH28: 46 | AI28: =AI27-AH28 -> 1204 | AK28: =N28+O28+P28+Q28+R28+S28+T28+U28+X28+AE28+AH28 -> 70.9 | AL28: =IF(L28<0,L28*-1,0) -> 0 | AM28: =AK28+AL28 -> 70.9 | AN28: =V28 -> 21 | AV28: 0 | AW28: 60 | AX28: 28 | AZ28: =SUM(N28,P28:U28) -> 3.9
A29: =A28+1 -> 15 | B29: 6901.52 | C29: 289223 | D29: =C29-C28 -> 261 | E29: =C29-152000 -> 137223 | F29: =D29/$D$2 -> 131.58558 | G29: 143 | H29: 3.5 | I29: =G29+H29 -> 146.5 | J29: =IF(L29>0,L29,0) -> 106.28558 | K29: =I29+J29 -> 252.78558 | L29: =F29-(I29-AK29) -> 106.28558 | M29: 4.2 | N29: 0 | O29: 0 | P29: 0 | Q29: =1131400/325851/1.9835*1.02 -> 1.7855215 | R29: =((2.3)*1.04)-T29 -> 1.8956995 | S29: 0 | T29: =(0.4502*1.06)*1.04 -> 0.49630048 | U29: =M29-(Q29+R29+S29+T29) -> 0.022478503 | V29: 71 | X29: =M29-N29-O29-P29-Q29-R29-S29-T29-U29+V29+W29 -> 71 | Y29: =X29-AO29 -> 71 | AC29: 41.5 | AE29: 0 | AH29: 46 | AI29: =AI28-AH29 -> 1158 | AK29: =N29+O29+P29+Q29+R29+S29+T29+U29+X29+AE29+AH29 -> 121.2 | AL29: =IF(L29<0,L29*-1,0) -> 0 | AM29: =AK29+AL29 -> 121.2 | AN29: =V29 -> 71 | AV29: 0 | AW29: 62 | AX29: 31 | AZ29: =SUM(N29,P29:U29) -> 4.2
A30: =A29+1 -> 16 | B30: 6901.65 | C30: 289708 | D30: =C30-C29 -> 485 | E30: =C30-152000 -> 137708 | F30: =D30/$D$2 -> 244.51727 | G30: 163 | H30: 3.7 | I30: =G30+H30 -> 166.7 | J30: =IF(L30>0,L30,0) -> 199.01727 | K30: =I30+J30 -> 365.71727 | L30: =F30-(I30-AK30) -> 199.01727 | M30: 4.2 | N30: 0 | O30: 0 | P30: 0 | Q30: =998100/325851/1.9835*1.02 -> 1.5751538 | R30: =((2.3)*1.04)-T30 -> 1.967135 | S30: 0 | T30: =(0.3854*1.06)*1.04 -> 0.42486496 | U30: =M30-(Q30+R30+S30+T30) -> 0.2328462 | V30: 71 | X30: =M30-N30-O30-P30-Q30-R30-S30-T30-U30+V30+W30 -> 71 | Y30: =X30-AO30 -> 71 | AC30: 97.8 | AE30: 0 | AH30: 46 | AI30: =AI29-AH30 -> 1112 | AK30: =N30+O30+P30+Q30+R30+S30+T30+U30+X30+AE30+AH30 -> 121.2 | AL30: =IF(L30<0,L30*-1,0) -> 0 | AM30: =AK30+AL30 -> 121.2 | AN30: =V30 -> 71 | AV30: 0 | AW30: 64 | AX30: 33 | AZ30: =SUM(N30,P30:U30) -> 4.2
A31: 17 | B31: 6901.79 | C31: 290231 | D31: =C31-C30 -> 523 | E31: =C31-152000 -> 138231 | F31: =D31/$D$2 -> 263.67532 | G31: 203 | H31: 4.5 | I31: =G31+H31 -> 207.5 | J31: =IF(L31>0,L31,0) -> 177.47532 | K31: =I31+J31 -> 384.97532 | L31: =F31-(I31-AK31) -> 177.47532 | M31: 4.3 | N31: 0 | O31: 0 | P31: 0 | Q31: =1010200/325851/1.9835*1.02 -> 1.5942494 | R31: =((2.3)*1.04)-T31 -> 1.967135 | S31: 0 | T31: =(0.3854*1.06)*1.04 -> 0.42486496 | U31: =M31-(Q31+R31+S31+T31) -> 0.31375056 | V31: 71 | X31: =M31-N31-O31-P31-Q31-R31-S31-T31-U31+V31+W31 -> 71 | Y31: =X31-AO31 -> 71 | AC31: 108.2 | AE31: 0 | AH31: 46 | AI31: =AI30-AH31 -> 1066 | AK31: =N31+O31+P31+Q31+R31+S31+T31+U31+X31+AE31+AH31 -> 121.3 | AL31: =IF(L31<0,L31*-1,0) -> 0 | AM31: =AK31+AL31 -> 121.3 | AN31: =V31 -> 71 | AV31: 0 | AW31: 60 | AX31: 36 | AZ31: =SUM(N31,P31:U31) -> 4.3
A32: =A31+1 -> 18 | B32: 6901.96 | C32: 290865 | D32: =C32-C31 -> 634 | E32: =C32-152000 -> 138865 | F32: =D32/$D$2 -> 319.63701 | G32: 215 | H32: 4.4 | I32: =G32+H32 -> 219.4 | J32: =IF(L32>0,L32,0) -> 221.33701 | K32: =I32+J32 -> 440.73701 | L32: =F32-(I32-AK32) -> 221.33701 | M32: 4.1 | N32: 0 | O32: 0 | P32: 0 | Q32: =1056800/325851/1.9835*1.02 -> 1.6677913 | R32: =((2.3)*1.04)-T32 -> 1.967135 | S32: 0 | T32: =(0.3854*1.06)*1.04 -> 0.42486496 | U32: =M32-(Q32+R32+S32+T32) -> 0.040208664 | V32: 71 | X32: =M32-N32-O32-P32-Q32-R32-S32-T32-U32+V32+W32 -> 71 | Y32: =X32-AO32 -> 71 | AC32: 128.3 | AE32: 0 | AH32: 46 | AI32: =AI31-AH32 -> 1020 | AK32: =N32+O32+P32+Q32+R32+S32+T32+U32+X32+AE32+AH32 -> 121.1 | AL32: =IF(L32<0,L32*-1,0) -> 0 | AM32: =AK32+AL32 -> 121.1 | AN32: =V32 -> 71 | AV32: 0.01 | AW32: 49 | AX32: 24 | AZ32: =SUM(N32,P32:U32) -> 4.1
A33: =A32+1 -> 19 | B33: 6901.96 | C33: 290865 | D33: =C33-C32 -> 0 | E33: =C33-152000 -> 138865 | F33: =D33/$D$2 -> 0 | G33: 160 | H33: 3.5 | I33: =G33+H33 -> 163.5 | J33: =IF(L33>0,L33,0) -> 0 | K33: =I33+J33 -> 163.5 | L33: =F33-(I33-AK33) -> -8.9 | M33: 3.6 | N33: 0 | O33: 0 | P33: 0 | Q33: =1035300/325851/1.9835*1.02 -> 1.6338611 | R33: =((2.3)*1.04)-T33 -> 1.967135 | S33: 0 | T33: =(0.3854*1.06)*1.04 -> 0.42486496 | U33: =M33-(Q33+R33+S33+T33) -> -0.42586106 | V33: 90 | X33: =M33-N33-O33-P33-Q33-R33-S33-T33-U33+V33+W33 -> 90 | Y33: =X33-AO33 -> 90 | AC33: 6.95 | AE33: 0 | AH33: 61 | AI33: =AI32-AH33 -> 959 | AK33: =N33+O33+P33+Q33+R33+S33+T33+U33+X33+AE33+AH33 -> 154.6 | AL33: =IF(L33<0,L33*-1,0) -> 8.9 | AM33: =AK33+AL33 -> 163.5 | AN33: =V33 -> 90 | AV33: 0.05 | AW33: 30 | AX33: 22 | AZ33: =SUM(N33,P33:U33) -> 3.6
A34: =A33+1 -> 20 | B34: 6901.97 | C34: 290902 | D34: =C34-C33 -> 37 | E34: =C34-152000 -> 138902 | F34: =D34/$D$2 -> 18.653895 | G34: 123 | H34: 3.6 | I34: =G34+H34 -> 126.6 | J34: =IF(L34>0,L34,0) -> 75.353895 | K34: =I34+J34 -> 201.95389 | L34: =F34-(I34-AK34) -> 75.353895 | M34: 4.3 | N34: 0 | O34: 0 | P34: 0 | Q34: =916400/325851/1.9835*1.02 -> 1.4462188 | R34: =((2.3)*1.04)-T34 -> 1.967135 | S34: 0 | T34: =(0.3854*1.06)*1.04 -> 0.42486496 | U34: =M34-(Q34+R34+S34+T34) -> 0.46178124 | V34: 102 | X34: =M34-N34-O34-P34-Q34-R34-S34-T34-U34+V34+W34 -> 102 | Y34: =X34-AO34 -> 102 | AE34: 0 | AH34: 77 | AI34: =AI33-AH34 -> 882 | AK34: =N34+O34+P34+Q34+R34+S34+T34+U34+X34+AE34+AH34 -> 183.3 | AL34: =IF(L34<0,L34*-1,0) -> 0 | AM34: =AK34+AL34 -> 183.3 | AN34: =V34 -> 102 | AV34: 0.01 | AW34: 42 | AX34: 17 | AZ34: =SUM(N34,P34:U34) -> 4.3
A35: =A34+1 -> 21 | B35: 6901.98 | C35: 290940 | D35: =C35-C34 -> 38 | E35: =C35-152000 -> 138940 | F35: =D35/$D$2 -> 19.158054 | G35: 130 | H35: 3.7 | I35: =G35+H35 -> 133.7 | J35: =IF(L35>0,L35,0) -> 71.958054 | K35: =I35+J35 -> 205.65805 | L35: =F35-(I35-AK35) -> 71.958054 | M35: 4.5 | N35: 0 | O35: 0 | P35: 0 | Q35: =973500/325851/1.9835*1.02 -> 1.5363313 | R35: =((2.3)*1.04)-T35 -> 1.967135 | S35: 0 | T35: =(0.3854*1.06)*1.04 -> 0.42486496 | U35: =M35-(Q35+R35+S35+T35) -> 0.57166875 | V35: 102 | X35: =M35-N35-O35-P35-Q35-R35-S35-T35-U35+V35+W35 -> 102 | Y35: =X35-AO35 -> 102 | AE35: 0 | AH35: 80 | AI35: =AI34-AH35 -> 802 | AK35: =N35+O35+P35+Q35+R35+S35+T35+U35+X35+AE35+AH35 -> 186.5 | AL35: =IF(L35<0,L35*-1,0) -> 0 | AM35: =AK35+AL35 -> 186.5 | AN35: =V35 -> 102 | AV35: 0 | AW35: 54 | AX35: 28 | AZ35: =SUM(N35,P35:U35) -> 4.5
A36: =A35+1 -> 22 | B36: 6902.04 | C36: 291165 | D36: =C36-C35 -> 225 | E36: =C36-152000 -> 139165 | F36: =D36/$D$2 -> 113.43585 | G36: 149 | H36: 3.8 | I36: =G36+H36 -> 152.8 | J36: =IF(L36>0,L36,0) -> 147.83585 | K36: =I36+J36 -> 300.63585 | L36: =F36-(I36-AK36) -> 147.83585 | M36: 6.2 | N36: 0 | O36: 0 | P36: 0 | Q36: =1049900/325851/1.9835*1.02 -> 1.6569021 | R36: =((2.3)*1.04)-T36 -> 1.967135 | S36: 0 | T36: =(0.3854*1.06)*1.04 -> 0.42486496 | U36: =M36-(Q36+R36+S36+T36) -> 2.1510979 | V36: 101 | X36: =M36-N36-O36-P36-Q36-R36-S36-T36-U36+V36+W36 -> 101 | Y36: =X36-AO36 -> 101 | AE36: 0 | AH36: 80 | AI36: =AI35-AH36 -> 722 | AK36: =N36+O36+P36+Q36+R36+S36+T36+U36+X36+AE36+AH36 -> 187.2 | AL36: =IF(L36<0,L36*-1,0) -> 0 | AM36: =AK36+AL36 -> 187.2 | AN36: =V36 -> 101 | AV36: 0 | AW36: 65 | AX36: 23 | AZ36: =SUM(N36,P36:U36) -> 6.2
A37: =A36+1 -> 23 | B37: 6902.22 | C37: 291842 | D37: =C37-C36 -> 677 | E37: =C37-152000 -> 139842 | F37: =D37/$D$2 -> 341.31586 | G37: 185 | H37: 3.8 | I37: =G37+H37 -> 188.8 | J37: =IF(L37>0,L37,0) -> 338.41586 | K37: =I37+J37 -> 527.21586 | L37: =F37-(I37-AK37) -> 338.41586 | M37: 5.9 | N37: 0 | O37: 0 | P37: 0 | Q37: =1016200/325851/1.9835*1.02 -> 1.6037184 | R37: =((2.3)*1.04)-T37 -> 1.967135 | S37: 0 | T37: =(0.3854*1.06)*1.04 -> 0.42486496 | U37: =M37-(Q37+R37+S37+T37) -> 1.9042816 | V37: 100 | X37: =M37-N37-O37-P37-Q37-R37-S37-T37-U37+V37+W37 -> 100 | Y37: =X37-AO37 -> 100 | AE37: 0 | AH37: 80 | AI37: =AI36-AH37 -> 642 | AK37: =N37+O37+P37+Q37+R37+S37+T37+U37+X37+AE37+AH37 -> 185.9 | AL37: =IF(L37<0,L37*-1,0) -> 0 | AM37: =AK37+AL37 -> 185.9 | AN37: =V37 -> 100 | AV37: 0 | AW37: 67 | AX37: 32 | AZ37: =SUM(N37,P37:U37) -> 5.9
A38: =A37+1 -> 24 | B38: 6902.44 | C38: 292670 | D38: =C38-C37 -> 828 | E38: =C38-152000 -> 140670 | F38: =D38/$D$2 -> 417.44391 | G38: 273 | H38: 5.3 | I38: =G38+H38 -> 278.3 | J38: =IF(L38>0,L38,0) -> 324.74391 | K38: =I38+J38 -> 603.04391 | L38: =F38-(I38-AK38) -> 324.74391 | M38: 5.6 | N38: 0 | O38: 0 | P38: 0 | Q38: =1066500/325851/1.9835*1.02 -> 1.6830994 | R38: =((2)*1.04)-T38 -> 1.4016933 | S38: 0 | T38: =(0.6153*1.06)*1.04 -> 0.67830672 | U38: =M38-(Q38+R38+S38+T38) -> 1.8369006 | V38: 100 | X38: =M38-N38-O38-P38-Q38-R38-S38-T38-U38+V38+W38 -> 100 | Y38: =X38-AO38 -> 100 | AE38: 0 | AH38: 80 | AI38: =AI37-AH38 -> 562 | AK38: =N38+O38+P38+Q38+R38+S38+T38+U38+X38+AE38+AH38 -> 185.6 | AL38: =IF(L38<0,L38*-1,0) -> 0 | AM38: =AK38+AL38 -> 185.6 | AN38: =V38 -> 100 | AV38: 0 | AW38: 68 | AX38: 34 | AZ38: =SUM(N38,P38:U38) -> 5.6
A39: =A38+1 -> 25 | B39: 6902.8 | C39: 294025 | D39: =C39-C38 -> 1355 | E39: =C39-152000 -> 142025 | F39: =D39/$D$2 -> 683.13587 | G39: 359 | H39: 5.2 | I39: =G39+H39 -> 364.2 | J39: =IF(L39>0,L39,0) -> 505.13587 | K39: =I39+J39 -> 869.33587 | L39: =F39-(I39-AK39) -> 505.13587 | M39: 6.2 | N39: 0 | O39: 0 | P39: 0 | Q39: =1161700/325851/1.9835*1.02 -> 1.8333395 | R39: =((1.7)*1.04)-T39 -> 1.0896933 | S39: 0 | T39: =(0.6153*1.06)*1.04 -> 0.67830672 | U39: =M39-(Q39+R39+S39+T39) -> 2.5986605 | V39: 100 | X39: =M39-N39-O39-P39-Q39-R39-S39-T39-U39+V39+W39 -> 100 | Y39: =X39-AO39 -> 100 | AE39: 0 | AH39: 80 | AI39: =AI38-AH39 -> 482 | AK39: =N39+O39+P39+Q39+R39+S39+T39+U39+X39+AE39+AH39 -> 186.2 | AL39: =IF(L39<0,L39*-1,0) -> 0 | AM39: =AK39+AL39 -> 186.2 | AN39: =V39 -> 100 | AV39: 0 | AW39: 69 | AX39: 37 | AZ39: =SUM(N39,P39:U39) -> 6.2
A40: =A39+1 -> 26 | B40: 6903.08 | C40: 295081 | D40: =C40-C39 -> 1056 | E40: =C40-152000 -> 143081 | F40: =D40/$D$2 -> 532.39224 | G40: 414 | H40: 10 | I40: =G40+H40 -> 424 | J40: =IF(L40>0,L40,0) -> 332.39224 | K40: =I40+J40 -> 756.39224 | L40: =F40-(I40-AK40) -> 332.39224 | M40: 44 | N40: 0 | O40: =(2.1*1.05) -> 2.205 | P40: 0 | Q40: =1060700/325851/1.9835*1.02 -> 1.6739461 | R40: =((1.9)*1.04)-T40 -> 1.2976933 | S40: 0 | T40: =(0.6153*1.06)*1.04 -> 0.67830672 | U40: 0 | V40: 100 | X40: =M40-N40-O40-P40-Q40-R40-S40-T40-U40+V40+W40 -> 138.14505 | Y40: =X40-AO40 -> 138.14505 | AE40: 0 | AH40: 80 | AI40: =AI39-AH40 -> 402 | AK40: =N40+O40+P40+Q40+R40+S40+T40+U40+X40+AE40+AH40 -> 224 | AL40: =IF(L40<0,L40*-1,0) -> 0 | AM40: =AK40+AL40 -> 224 | AN40: =V40 -> 100 | AV40: 0 | AW40: 63 | AX40: 34 | AZ40: =SUM(N40,P40:U40) -> 3.6499461
A41: =A40+1 -> 27 | B41: 6903.39 | C41: 296257 | D41: =C41-C40 -> 1176 | E41: =C41-152000 -> 144257 | F41: =D41/$D$2 -> 592.89135 | G41: 471 | H41: 20 | I41: =G41+H41 -> 491 | J41: =IF(L41>0,L41,0) -> 308.89135 | K41: =I41+J41 -> 799.89135 | L41: =F41-(I41-AK41) -> 308.89135 | M41: 27 | N41: 0 | O41: =9*1.05 -> 9.45 | P41: 0 | Q41: =1036300/325851/1.9835*1.02 -> 1.6354392 | R41: =((1.9)*1.04)-T41 -> 1.2976933 | S41: 0 | T41: =(0.6153*1.06)*1.04 -> 0.67830672 | U41: 0 | V41: 100 | X41: =M41-N41-O41-P41-Q41-R41-S41-T41-U41+V41+W41 -> 113.93856 | Y41: =X41-AO41 -> 113.93856 | AE41: 0 | AH41: 80 | AI41: =AI40-AH41 -> 322 | AK41: =N41+O41+P41+Q41+R41+S41+T41+U41+X41+AE41+AH41 -> 207 | AL41: =IF(L41<0,L41*-1,0) -> 0 | AM41: =AK41+AL41 -> 207 | AN41: =V41 -> 100 | AV41: 0 | AW41: 63 | AX41: 31 | AZ41: =SUM(N41,P41:U41) -> 3.6114392
A42: =A41+1 -> 28 | B42: 6903.75 | C42: 297623 | D42: =C42-C41 -> 1366 | E42: =C42-152000 -> 145623 | F42: =D42/$D$2 -> 688.68162 | G42: 581 | H42: 33 | I42: =G42+H42 -> 614 | J42: =IF(L42>0,L42,0) -> 229.68162 | K42: =I42+J42 -> 843.68162 | L42: =F42-(I42-AK42) -> 229.68162 | M42: 28 | N42: 0 | O42: =15*1.05 -> 15.75 | P42: 0 | Q42: =1093800/325851/1.9835*1.02 -> 1.726183 | R42: =((2)*1.04)-T42 -> 1.4016933 | S42: 0 | T42: =(0.6153*1.06)*1.04 -> 0.67830672 | U42: 0 | V42: 47 | X42: =M42-N42-O42-P42-Q42-R42-S42-T42-U42+V42+W42 -> 55.443817 | Y42: =X42-AO42 -> 55.443817 | AE42: 0 | AH42: 80 | AI42: =AI41-AH42 -> 242 | AK42: =N42+O42+P42+Q42+R42+S42+T42+U42+X42+AE42+AH42 -> 155 | AL42: =IF(L42<0,L42*-1,0) -> 0 | AM42: =AK42+AL42 -> 155 | AN42: =V42 -> 47 | AV42: 0 | AW42: 67 | AX42: 33 | AZ42: =SUM(N42,P42:U42) -> 3.806183
A43: =A42+1 -> 29 | B43: 6904.17 | C43: 299221 | D43: =C43-C42 -> 1598 | E43: =C43-152000 -> 147221 | F43: =D43/$D$2 -> 805.64658 | G43: 668 | H43: 57 | I43: =G43+H43 -> 725 | J43: =IF(L43>0,L43,0) -> 191.64658 | K43: =I43+J43 -> 916.64658 | L43: =F43-(I43-AK43) -> 191.64658 | M43: 36 | N43: 0 | O43: =16*1.05 -> 16.8 | P43: 0 | Q43: =1022600/325851/1.9835*1.02 -> 1.6138185 | R43: =((2)*1.04)-T43 -> 1.4016933 | S43: 0 | T43: =(0.6153*1.06)*1.04 -> 0.67830672 | U43: 0 | V43: 0 | X43: =M43-N43-O43-P43-Q43-R43-S43-T43-U43+V43+W43 -> 15.506181 | Y43: =X43-AO43 -> 15.506181 | AE43: 0 | AH43: 75 | AI43: =AI42-AH43 -> 167 | AK43: =N43+O43+P43+Q43+R43+S43+T43+U43+X43+AE43+AH43 -> 111 | AL43: =IF(L43<0,L43*-1,0) -> 0 | AM43: =AK43+AL43 -> 111 | AN43: =V43 -> 0 | AV43: 0 | AW43: 66 | AX43: 34 | AZ43: =SUM(N43,P43:U43) -> 3.6938185
A44: 30 | B44: 6904.66 | C44: 301095 | D44: =C44-C43 -> 1874 | E44: =C44-152000 -> 149095 | F44: =D44/$D$2 -> 944.79456 | G44: 774 | H44: 84 | I44: =G44+H44 -> 858 | J44: =IF(L44>0,L44,0) -> 166.19456 | K44: =I44+J44 -> 1024.1946 | L44: =F44-(I44-AK44) -> 166.19456 | M44: 6.4 | N44: 0 | O44: =0.01*1.05 -> 0.0105 | P44: 0 | Q44: =1116700/325851/1.9835*1.02 -> 1.7623227 | R44: =((2)*1.04)-T44 -> 1.5316662 | S44: 0 | T44: =(0.4974*1.06)*1.04 -> 0.54833376 | U44: =M44-(Q44+R44+S44+T44) -> 2.5576773 | V44: 0 | X44: =M44-N44-O44-P44-Q44-R44-S44-T44-U44+V44+W44 -> -0.0105 | Y44: =X44-AO44 -> -0.0105 | AE44: 0 | AH44: 73 | AI44: =AI43-AH44 -> 94 | AK44: =N44+O44+P44+Q44+R44+S44+T44+U44+X44+AE44+AH44 -> 79.4 | AL44: =IF(L44<0,L44*-1,0) -> 0 | AM44: =AK44+AL44 -> 79.4 | AN44: =V44 -> 0 | AV44: 0 | AW44: 69 | AX44: 27 | AZ44: =SUM(N44,P44:U44) -> 6.4
A45: 31 | B45: 6905.2 | C45: 303167 | D45: =C45-C44 -> 2072 | E45: =C45-152000 -> 151167 | F45: =D45/$D$2 -> 1044.6181 | G45: 899 | H45: 83 | I45: =G45+H45 -> 982 | J45: =IF(L45>0,L45,0) -> 141.4181 | K45: =I45+J45 -> 1123.4181 | L45: =F45-(I45-AK45) -> 141.4181 | M45: 5.8 | N45: 0 | O45: 0 | P45: 0 | Q45: =1194400/325851/1.9835*1.02 -> 1.8849451 | R45: =((2)*1.04)-T45 -> 1.5316662 | S45: 0 | T45: =(0.4974*1.06)*1.04 -> 0.54833376 | U45: =M45-(Q45+R45+S45+T45) -> 1.8350549 | V45: 0 | X45: =M45-N45-O45-P45-Q45-R45-S45-T45-U45+V45+W45 -> 0 | Y45: =X45-AO45 -> 0 | AE45: 0 | AH45: 73 | AI45: =AI44-AH45 -> 21 | AK45: =N45+O45+P45+Q45+R45+S45+T45+U45+X45+AE45+AH45 -> 78.8 | AL45: =IF(L45<0,L45*-1,0) -> 0 | AM45: =AK45+AL45 -> 78.8 | AN45: =V45 -> 0 | AV45: 0 | AW45: 72 | AX45: 33 | AZ45: =SUM(N45,P45:U45) -> 5.8
A47: MONTH / CFS | F47: =SUM(F15:F45) -> 7688.9337 | G47: =SUM(G15:G45) -> 6721 | H47: =SUM(H15:H45) -> 363.9 | I47: =SUM(I15:I45) -> 7084.9 | J47: =SUM(J15:J45) -> 3827.9218 | K47: =SUM(K15:K45) -> 10912.822 | L47: =SUM(L15:L45) -> 3811.0337 | M47: =SUM(M15:M45) -> 254 | ... O47: =SUM(O15:O45) -> 44.2155 | Q47: =SUM(Q15:Q45) -> 50.358524 | R47: =SUM(R15:R45) -> 51.056595 | S47: =SUM(S15:S45) -> 0 | T47: =SUM(T15:T45) -> 15.711405 | U47: =SUM(U15:U45) -> 16.634863 | V47: =SUM(V15:V45) -> 1247 | W47: =SUM(W15:W45) -> 0 | X47: =SUM(X15:X45) -> 1323.0231 | Y47: =SUM(Y15:Y45) -> 1323.0231 | AC47: =SUM(AC15:AC45) -> 937.55 | AH47: =SUM(AH15:AH45) -> 1706 | AJ47: =SUM(AJ15:AJ45) -> 0 | AK47: =SUM(AK15:AK45) -> 3207 | AL47: =SUM(AL15:AL45) -> 16.888051 | AM47: =SUM(AM15:AM45) -> 3223.8881 | AN47: =SUM(AN15:AN45) -> 1247 | AO47: =SUM(AO15:AO45) -> 0 | AV47: =SUM(AV15:AV45) -> 0.18 | AW47: =AVERAGE(AW15:AW45) -> 55.096774 | AX47: =AVERAGE(AX15:AX45) -> 26.096774 | AY47: AVE | AZ47: =SUM(AZ15:AZ45) -> 133.76139
A48: MONTH / AF | D48: =SUM(D15:D45) -> 15251 | F48: =F47*$D$2 -> 15251 | G48: =G47*$D$2 -> 13331.103 | H48: =H47*$D$2 -> 721.79565 | I48: =I47*$D$2 -> 14052.899 | J48: =J47*$D$2 -> 7592.6828 | K48: =K47*$D$2 -> 21645.582 | L48: =L47*$D$2 -> 7559.1853 | M48: =M47*$D$2 -> 503.809 | ... O48: =O47*$D$2 -> 87.701444 | Q48: =Q47*$D$2 -> 99.886132 | R48: =R47*$D$2 -> 101.27076 | S48: =S47*$D$2 -> 0 | T48: =T47*$D$2 -> 31.163571 | U48: =U47*$D$2 -> 32.995251 | V48: =V47*$D$2 -> 2473.4245 | W48: =W47*$D$2 -> 0 | X48: =X47*$D$2 -> 2624.2163 | Y48: =Y47*$D$2 -> 2624.2163 | AC48: =AC47*$D$2 -> 1859.6304 | AH48: =AH47*$D$2 -> 3383.851 | AJ48: =AJ47*$D$2 -> 0 | AK48: =AK47*$D$2 -> 6361.0845 | AL48: =AL47*$D$2 -> 33.49745 | AM48: =AM47*$D$2 -> 6394.5819 | AN48: =AN47*$D$2 -> 2473.4245 | AO48: =AO47*$D$2 -> 0 | AW48: =MAX(AW15:AW45) -> 72 | AX48: =MAX(AX15:AX45) -> 37 | AY48: HI | AZ48: =AZ47*$D$2 -> 265.31571
A50: SEASON / CFS | O50: =O47 -> 44.2155 | AW50: =MIN(AW15:AW45) -> 30 | AX50: =MIN(AX15:AX45) -> 6 | AY50: LO
A51: SEASON / AF | O51: =O50*D2 -> 87.701444
A53: YTD / CFS | F53: =F13+F47 -> 4817.7464 | G53: =G13+G47 -> 12064 | H53: =H13+H47 -> 482.08 | I53: =I13+I47 -> 12545.46 | J53: =J13+J47 -> 4894.1878 | K53: =K13+K47 -> 17439.648 | L53: =L13+L47 -> 4297.4864 | M53: =M13+M47 -> 788.7 | ... O53: =O13+O47 -> 44.2155 | Q53: =Q13+Q47 -> 234.52335 | R53: =R13+R47 -> 242.9582 | S53: =S13+S47 -> 0 | T53: =T13+T47 -> 76.8418 | U53: =U13+U47 -> 25.0322 | V53: =V13+V47 -> 5847 | W53: =W13+W47 -> 59.5 | X53: =X13+X47 -> 6071.6289 | Y53: =Y13+Y47 -> 5868.8319 | AC53: =AC13+AC47 -> 1714.15 | AH53: =AH13+AH47 -> 5330 | AI53: =AI45 -> 21 | AJ53: =AJ13+AJ47 -> 0 | AK53: =AK13+AK47 -> 12025.2 | AL53: =AL13+AL47 -> 596.70143 | AM53: =AM13+AM47 -> 12621.901 | AN53: =AN13+AN47 -> 5792.8 | AO53: =AO13+AO47 -> 202.79707 | AV53: =AV13+AV47 -> 2.43 | AZ53: =AZ13+AZ47 -> 579.35555
A54: YTD / AF | D54: =D13+D48 -> 9482 | E54: =E45 -> 151167 | F54: =F53*$D$2 -> 9556 | G54: =G53*$D$2 -> 23928.944 | H54: =H53*$D$2 -> 956.20568 | I54: =I53*$D$2 -> 24883.92 | J54: =J53*$D$2 -> 9707.6216 | K54: =K53*$D$2 -> 34591.541 | L54: =L53*$D$2 -> 8524.0643 | M54: =M53*$D$2 -> 1564.3864 | ... O54: =O53*$D$2 -> 87.701444 | Q54: =Q53*$D$2 -> 465.17707 | R54: =R53*$D$2 -> 481.90759 | S54: =S53*$D$2 -> 0 | T54: =T53*$D$2 -> 152.41571 | U54: =U53*$D$2 -> 49.651368 | V54: =V53*$D$2 -> 11597.524 | W54: =W53*$D$2 -> 118.01825 | X54: =X53*$D$2 -> 12043.076 | Y54: =Y53*$D$2 -> 11640.828 | AC54: =AC53*$D$2 -> 3400.0165 | AH54: =AH53*$D$2 -> 10572.055 | AI54: =AI53*$D$2 -> 41.6535 | AJ54: =AJ53*$D$2 -> 0 | AK54: =AK53*$D$2 -> 23851.984 | AL54: =AL53*$D$2 -> 1183.5573 | AM54: =AM53*$D$2 -> 25035.541 | AN54: =AN53*$D$2 -> 11490.019 | AO54: =AO53*$D$2 -> 402.24799 | AZ54: =AZ53*$D$2 -> 1149.1517

Sheet APR
K1: MCPHEE RESERVOIR INFLOW/OUTFLOW TABULATION
A2: AF/cfs CONVERT FACTOR | D2: 1.9835 | K2: Apr "2012"
D4: RESERVOIR | I4: INFLOW | X4: OUTFLOW | AP4: ADJUSTMENTS | AW4: WEATHER
A5: DATE | B5: RESERV | C5: RESERV | D5: AC FT | E5: ACTIVE | F5: CONV TO | G5: DOLORES | H5: LOST | I5: RECORD | J5: CALC | K5: TOTAL | L5: CALC | M5: DOLORES TUNNEL | V5: LONE | W5: U | X5: TOTAL | Y5: TOTAL | Z5: MVI | AA5: MVI | AB5: MVI | AC5: TO EX & | AD5: MVI | AE5: DV CR | AF5: D/S SENIOR | AH5: BELOW | AI5: FISH | AJ5: SPILL | AK5: RECORD | AL5: CALC | AM5: TOTAL | AN5: NAR | AO5: MVI | AP5: MVI | AQ5: MVI | AR5: DIST. | AS5: U/S | AT5: TOTTEN | AU5: UTES | AV5: RAIN | AW5: MAX | AX5: MIN | AZ5: TOTAL
A6: APR | B6: ELEV | D6: CHANGE | E6: CAP | F6: CFS | G6: RIVER | H6: CAN | I6: INFLOW | J6: INFLOW | K6: INFLOW | L6: INF/OTF | M6: TOT DIV | N6: WET | O6: UTE | P6: QUEST | Q6: MWC | R6: CORTEZ | T6: UTE | U6: F-BAY | V6: PINE | W6: LAT | X6: MVI | Y6: MVI | Z6: CALL | AA6: CALL | AB6: APR- | AC6: U/S EX | AD6: PROJ | AE6: CANAL | AF6: MVIC | AG6: PROJ | AH6: MCP | AI6: LEFT | AK6: OTF | AL6: OTF | AM6: OTF | AN6: FILL | AO6: STOCK | AP6: STORED | AQ6: STORED | AR6: CLASS | AS6: USERS | AT6: (FRESH | AU6: FROM | AW6: TMP | AX6: TMP | AZ6: TUNNEL
N7: LAND | O7: F&R | Q7: NON - | R7: NON - | S7: PROJ | T7: PROJ | U7: BAL | X7: WATER | Y7: IRRIG. | Z7: STOR | AA7: SPILLED | AB7: JUNE | AF7: 1.7 | AG7: 1.3 | AI7: 31798 | AP7: Apr - Jun | AQ7: EVAP | AR7: "B" | AS7: EXCH | AT7: WATER) | AU7: DWCD | AZ7: Misc.
Q8: PROJ | R8: PROJ | X8: USED | Y8: WATER | AA8: OR | AB8: (DIV+
R9: 4.2 | Y9: USED | AA9: USED | AB9: CALL)
C10: AC. Ft. | E10: AC FT | G10: CFS | H10: CFS | I10: CFS | J10: CFS | K10: CFS | L10: CFS | M10: CFS | N10: CFS | O10: CFS | P10: CFS | Q10: CFS | R10: CFS | S10: CFS | T10: CFS | U10: CFS | V10: CFS | W10: CFS | X10: 153400 | Y10: 150400 | Z10: CFS | AB10: 72000 | AC10: CFS | AD10: CFS | AE10: CFS | AF10: CFS | AG10: CFS | AH10: CFS | AI10: CFS | AJ10: CFS | AK10: CFS | AL10: CFS | AM10: CFS | AN10: AC FT | AO10: CFS | AP10: CFS | AQ10: AC.FT. | AR10: CFS | AS10: CFS | AT10: CFS | AU10: CFS | AZ10: Outflow
N11: 1.03 | O11: 1.05 | P11: 1.02 | Q11: 1.02 | R11: 1.04 | T11: 1.04 | X11: CFS | Y11: CFS | Z11: CFS | AA11: CFS | AB11: Ac. Ft. | AZ11: CFS
A12: SEASON BAL | O12: =MAR!O50 -> 44.2155
A13: YTD | B13: =MAR!B45 -> 6905.2 | C13: =MAR!C45 -> 303167 | D13: =MAR!D54 -> 9482 | E13: =MAR!E54 -> 151167 | F13: =MAR!F53 -> 4817.7464 | G13: =MAR!G53 -> 12064 | H13: =MAR!H53 -> 482.08 | I13: =MAR!I53 -> 12545.46 | J13: =MAR!J53 -> 4894.1878 | K13: =MAR!K53 -> 17439.648 | L13: =MAR!L53 -> 4297.4864 | M13: =MAR!M53 -> 788.7 | ... O13: =MAR!O53 -> 44.2155 | Q13: =MAR!Q53 -> 234.52335 | R13: =MAR!R53 -> 242.9582 | S13: =MAR!S53 -> 0 | T13: =MAR!T53 -> 76.8418 | U13: =MAR!U53 -> 25.0322 | V13: =MAR!V53 -> 5847 | W13: =MAR!W53 -> 59.5 | X13: =MAR!X53 -> 6071.6289 | Y13: =MAR!Y53 -> 5868.8319 | Z13: 0 | AC13: =MAR!AC53 -> 1714.15 | AE13: =MAR!AE53 -> 0 | AF13: =MAR!AF53 -> 0 | AG13: =MAR!AG53 -> 0 | AH13: =MAR!AH53 -> 5330 | AI13: =AI7/D2 -> 16031.258 | AJ13: =MAR!AJ53 -> 0 | AK13: =MAR!AK53 -> 12025.2 | AL13: =MAR!AL53 -> 596.70143 | AM13: =MAR!AM53 -> 12621.901 | AN13: =MAR!AN54 -> 11490.019 | AO13: =MAR!AO53 -> 202.79707 | AV13: =MAR!AV53 -> 2.43 | AZ13: =MAR!AZ53 -> 579.35555
A15: 1 | B15: 6905.81 | C15: 305519 | D15: =C15-C13 -> 2352 | E15: =C15-152000 -> 153519 | F15: =D15/$D$2 -> 1185.7827 | G15: 1040 | H15: 106 | I15: =G15+H15 -> 1146 | J15: =IF(L15>0,L15,0) -> 119.48271 | K15: =I15+J15 -> 1265.4827 | L15: =F15-(I15-AK15) -> 119.48271 | M15: 6.7 | N15: =(1.8299*1.03)/2 -> 0.9423985 | O15: 0 | P15: 0 | Q15: =1174700/325851/1.9835*1.02 -> 1.8538555 | R15: =(2*1.04)-T15 -> 1.5239494 | S15: 0 | T15: =(0.5044*1.06)*1.04 -> 0.55605056 | U15: =M15-(Q15+R15+S15+T15) -> 2.7661445 | V15: 0 | W15: 0 | X15: =M15-N15-O15-P15-Q15-R15-S15-T15-U15+V15+W15-AT15+AR15 -> -0.9423985 | Y15: =X15-AO15 -> -0.9423985 | Z15: =AP15 -> 795 | AB15: =AB13+(Y15+AP15)*1.9835 -> 1575.0133 | AC15: =AC13 -> 1714.15 | AF15: 1.7 | AG15: 1.3 | AH15: 73 | AI15: =AI13-50 -> 15981.258 | AJ15: 23 | AK15: =N15+O15+P15+Q15+R15+S15+T15+U15+X15+AE15+AH15 -> 79.7 | AL15: =IF(L15<0,L15*-1,0) -> 0 | AM15: =AK15+AL15 -> 79.7 | AN15: =V15 -> 0 | AP15: 795 | AQ15: =34.18*(Z15*1.9835+AC15*1.9835)/E15 -> 1.108074 | AT15: 0 | AV15: 0 | AW15: 68 | AX15: 29 | AZ15: =SUM(N15,P15:U15) -> 7.6423985
A16: =A15+1 -> 2 | B16: 6906.41 | C16: 307845 | D16: =C16-C15 -> 2326 | E16: =C16-152000 -> 155845 | F16: =D16/$D$2 -> 1172.6746 | G16: 1000 | H16: 96 | I16: =G16+H16 -> 1096 | J16: =IF(L16>0,L16,0) -> 210.67457 | K16: =I16+J16 -> 1306.6746 | L16: =F16-(I16-AK16) -> 210.67457 | M16: 41 | N16: =(1.8299*1.03)/2 -> 0.9423985 | O16: =4.5*1.05 -> 4.725 | P16: 0 | Q16: =1002100/325851/1.9835*1.02 -> 1.5814664 | R16: =(2*1.04)-T16 -> 1.5239494 | S16: 0 | T16: =(0.5044*1.06)*1.04 -> 0.55605056 | U16: 0 | V16: 33 | W16: 0 | X16: =M16-N16-O16-P16-Q16-R16-S16-T16-U16+V16+W16-AT16 -> 64.671135 | Y16: =X16-AO16 -> 64.671135 | Z16: =Z15+AP16 -> 1525.3289 | AB16: =AB15+(Y16+AP16-V16)*1.9835 -> 3086.4403 | AC16: =AC15-(AQ15/1.9835) -> 1713.5914 | AF16: 1.7 | AG16: 1.3 | AH16: 60 | AI16: =AI15-50 -> 15931.258 | AJ16: 10 | AK16: =N16+O16+P16+Q16+R16+S16+T16+U16+X16+AE16+AH16 -> 134 | AL16: =IF(L16<0,L16*-1,0) -> 0 | AM16: =AK16+AL16 -> 134 | AN16: =V16 -> 33 | AP16: =795-X16 -> 730.32886 | AQ16: =34.18*(Z16*1.9835+AC16*1.9835)/E16 -> 1.4090021 | AT16: 0 | AV16: 0 | AW16: 46 | AX16: 24 | AZ16: =SUM(N16,P16:U16) -> 4.6038649
A17: =A16+1 -> 3 | B17: 6906.76 | C17: 309205 | D17: =C17-C16 -> 1360 | E17: =C17-152000 -> 157205 | F17: =D17/$D$2 -> 685.65667 | G17: 689 | H17: 28 | I17: =G17+H17 -> 717 | J17: =IF(L17>0,L17,0) -> 138.65667 | K17: =I17+J17 -> 855.65667 | L17: =F17-(I17-AK17) -> 138.65667 | M17: 73 | N17: =(1.8299*1.03)/2 -> 0.9423985 | O17: =20*1.05 -> 21 | P17: 0 | Q17: =1032800/325851/1.9835*1.02 -> 1.6299157 | R17: =(2.1*1.04)-T17 -> 1.6279494 | S17: 0 | T17: =(0.5044*1.06)*1.04 -> 0.55605056 | U17: 0 | V17: 46 | W17: 0 | X17: =M17-N17-O17-P17-Q17-R17-S17-T17-U17+V17+W17-AT17 -> 93.243686 | Y17: =X17-AO17 -> 93.243686 | Z17: =Z16+AP17 -> 2144.1273 | AB17: =AB16+(Y17+AP17-V17)*1.9835 -> 4407.5348 | AC17: =AC16-(AQ16/1.9835) -> 1712.881 | AF17: 1.7 | AG17: 1.3 | AH17: 51 | AI17: =AI16-AH17 -> 15880.258 | AJ17: 0 | AK17: =N17+O17+P17+Q17+R17+S17+T17+U17+X17+AE17+AH17 -> 170 | AL17: =IF(L17<0,L17*-1,0) -> 0 | AM17: =AK17+AL17 -> 170 | AN17: =V17 -> 46 | AP17: =I17-Q17-R17-X17-AF17 -> 618.79845 | AQ17: =34.18*(Z17*1.9835+AC17*1.9835)/E17 -> 1.6633685 | AT17: 0 | AV17: 0 | AW17: 54 | AX17: 32 | AZ17: =SUM(N17,P17:U17) -> 4.7563142
A18: =A17+1 -> 4 | B18: 6906.98 | C18: 310060 | D18: =C18-C17 -> 855 | E18: =C18-152000 -> 158060 | F18: =D18/$D$2 -> 431.05621 | G18: 535 | H18: 11 | I18: =G18+H18 -> 546 | J18: =IF(L18>0,L18,0) -> 37.056214 | K18: =I18+J18 -> 583.05621 | L18: =F18-(I18-AK18) -> 37.056214 | M18: 68 | N18: =(1.8299*1.03)/2 -> 0.9423985 | O18: =39*1.05 -> 40.95 | P18: 0 | Q18: =1117300/325851/1.9835*1.02 -> 1.7632695 | R18: =(2.2*1.04)-T18 -> 1.7319494 | S18: 0 | T18: =(0.5044*1.06)*1.04 -> 0.55605056 | U18: 0 | V18: 33 | W18: 0 | X18: =M18-N18-O18-P18-Q18-R18-S18-T18-U18+V18+W18-AT18 -> 55.056332 | Y18: =X18-AO18 -> 55.056332 | Z18: =Z17+AP18 -> 2629.8758 | AB18: =AB17+(Y18+AP18-V18)*1.9835 -> 5414.7656 | AC18: =AC17-(AQ17/1.9835) -> 1712.0424 | AF18: 1.7 | AG18: 1.3 | AH18: 51 | AI18: =AI17-AH18 -> 15829.258 | AK18: =N18+O18+P18+Q18+R18+S18+T18+U18+X18+AE18+AH18 -> 152 | AL18: =IF(L18<0,L18*-1,0) -> 0 | AM18: =AK18+AL18 -> 152 | AN18: =V18 -> 33 | AP18: =I18-Q18-R18-X18-AF18 -> 485.74845 | AQ18: =34.18*(Z18*1.9835+AC18*1.9835)/E18 -> 1.8623612 | AT18: 0 | AV18: 0 | AW18: 62 | AX18: 30 | AZ18: =SUM(N18,P18:U18) -> 4.993668
A19: =A18+1 -> 5 | B19: 6907.25 | C19: 311117 | D19: =C19-C18 -> 1057 | E19: =C19-152000 -> 159117 | F19: =D19/$D$2 -> 532.8964 | G19: 530 | H19: 9.3 | I19: =G19+H19 -> 539.3 | J19: =IF(L19>0,L19,0) -> 129.5964 | K19: =I19+J19 -> 668.8964 | L19: =F19-(I19-AK19) -> 129.5964 | M19: 85 | N19: =(1.8299*1.03)/2 -> 0.9423985 | O19: =40*1.05 -> 42 | P19: 0 | Q19: =1137800/325851/1.9835*1.02 -> 1.7956217 | R19: =(2.3*1.04)-T19 -> 1.8359494 | S19: 0 | T19: =(0.5044*1.06)*1.04 -> 0.55605056 | U19: 0 | V19: 0 | W19: 0 | X19: =M19-N19-O19-P19-Q19-R19-S19-T19-U19+V19+W19-AT19 -> 37.86998 | Y19: =X19-AO19 -> 37.86998 | Z19: =Z18+AP19 -> 3125.9742 | AB19: =AB18+(Y19+AP19)*1.9835 -> 6473.892 | AC19: =AC18-(AQ18/1.9835) -> 1711.1035 | AF19: 1.7 | AG19: 1.3 | AH19: 51 | AI19: =AI18-AH19 -> 15778.258 | AK19: =N19+O19+P19+Q19+R19+S19+T19+U19+X19+AE19+AH19 -> 136 | AL19: =IF(L19<0,L19*-1,0) -> 0 | AM19: =AK19+AL19 -> 136 | AN19: =V19 -> 0 | AP19: =I19-Q19-R19-X19-AF19 -> 496.09845 | AQ19: =34.18*(Z19*1.9835+AC19*1.9835)/E19 -> 2.0609656 | AT19: 0 | AV19: 0 | AW19: 64 | AX19: 31 | AZ19: =SUM(N19,P19:U19) -> 5.1300202
A20: =A19+1 -> 6 | B20: 6907.49 | C20: 312058 | D20: =C20-C19 -> 941 | E20: =C20-152000 -> 160058 | F20: =D20/$D$2 -> 474.41391 | G20: 585 | H20: 10 | I20: =G20+H20 -> 595 | J20: =IF(L20>0,L20,0) -> 27.413915 | K20: =I20+J20 -> 622.41391 | L20: =F20-(I20-AK20) -> 27.413915 | M20: 97 | N20: =(1.8299*1.03)/2 -> 0.9423985 | O20: =63*1.05 -> 66.15 | P20: 0 | Q20: =1059600/325851/1.9835*1.02 -> 1.6722102 | R20: =(2.4*1.04)-T20 -> 1.9302483 | S20: 0 | T20: =(0.5132*1.06)*1.04 -> 0.56575168 | U20: 0 | V20: 0 | W20: 0 | X20: =M20-N20-O20-P20-Q20-R20-S20-T20-U20+V20+W20-AT20 -> 25.739391 | Y20: =X20-AO20 -> 25.739391 | Z20: =Z19+AP20 -> 3689.9324 | AB20: =AB19+(Y20+AP20)*1.9835 -> 7643.5571 | AC20: =AC19-(AQ19/1.9835) -> 1710.0644 | AF20: 1.7 | AG20: 1.3 | AH20: 51 | AI20: =AI19-AH20 -> 15727.258 | AK20: =N20+O20+P20+Q20+R20+S20+T20+U20+X20+AE20+AH20 -> 148 | AL20: =IF(L20<0,L20*-1,0) -> 0 | AM20: =AK20+AL20 -> 148 | AN20: =V20 -> 0 | AP20: =I20-Q20-R20-X20-AF20 -> 563.95815 | AQ20: =34.18*(Z20*1.9835+AC20*1.9835)/E20 -> 2.2872855 | AT20: 0 | AV20: 0 | AW20: 55 | AX20: 28 | AZ20: =SUM(N20,P20:U20) -> 5.1106087
A21: =A20+1 -> 7 | B21: 6907.75 | C21: 313076 | D21: =C21-C20 -> 1018 | E21: =C21-152000 -> 161076 | F21: =D21/$D$2 -> 513.23418 | G21: 587 | H21: 10 | I21: =G21+H21 -> 597 | J21: =IF(L21>0,L21,0) -> 51.234182 | K21: =I21+J21 -> 648.23418 | L21: =F21-(I21-AK21) -> 51.234182 | M21: 84 | N21: =(1.8299*1.03)/2 -> 0.9423985 | O21: =65*1.05 -> 68.25 | P21: 0 | Q21: =1206300/325851/1.9835*1.02 -> 1.9037251 | R21: =(2.7*1.04)-T21 -> 2.2422483 | S21: 0 | T21: =(0.5132*1.06)*1.04 -> 0.56575168 | U21: 0 | V21: 0 | W21: 0 | X21: =M21-N21-O21-P21-Q21-R21-S21-T21-U21+V21+W21-AT21 -> 10.095876 | Y21: =X21-AO21 -> 10.095876 | Z21: =Z20+AP21 -> 4270.9905 | AB21: =AB20+(Y21+AP21)*1.9835 -> 8816.1111 | AC21: =AC20-(AQ20/1.9835) -> 1708.9113 | AF21: 1.7 | AG21: 1.3 | AH21: 51 | AI21: =AI20-AH21 -> 15676.258 | AK21: =N21+O21+P21+Q21+R21+S21+T21+U21+X21+AE21+AH21 -> 135 | AL21: =IF(L21<0,L21*-1,0) -> 0 | AM21: =AK21+AL21 -> 135 | AN21: 0 | AP21: =I21-Q21-R21-X21-AF21 -> 581.05815 | AQ21: =34.18*(Z21*1.9835+AC21*1.9835)/E21 -> 2.5169088 | AT21: 0 | AV21: 0 | AW21: 62 | AX21: 27 | AZ21: =SUM(N21,P21:U21) -> 5.6541236
A22: =A21+1 -> 8 | B22: 6908.02 | C22: 314135 | D22: =C22-C21 -> 1059 | E22: =C22-152000 -> 162135 | F22: =D22/$D$2 -> 533.90471 | G22: 633 | H22: 8.9 | I22: =G22+H22 -> 641.9 | J22: =IF(L22>0,L22,0) -> 64.004714 | K22: =I22+J22 -> 705.90471 | L22: =F22-(I22-AK22) -> 64.004714 | M22: 120 | N22: =(1.8299*1.03)/2 -> 0.9423985 | O22: =80*1.05 -> 84 | P22: 0 | Q22: =1354900/325851/1.9835*1.02 -> 2.1382385 | R22: =(2.7*1.04)-T22 -> 2.2422483 | S22: 0 | T22: =(0.5132*1.06)*1.04 -> 0.56575168 | U22: 0 | V22: 0 | W22: 0 | X22: =M22-N22-O22-P22-Q22-R22-S22-T22-U22+V22+W22-AT22 -> 30.111363 | Y22: =X22-AO22 -> 30.111363 | Z22: =Z21+AP22 -> 4876.6987 | AB22: =AB21+(Y22+AP22)*1.9835 -> 10077.259 | AC22: =AC21-(AQ21/1.9835) -> 1707.6423 | AF22: 1.7 | AG22: 1.3 | AH22: 52 | AI22: =AI21-AH22 -> 15624.258 | AK22: =N22+O22+P22+Q22+R22+S22+T22+U22+X22+AE22+AH22 -> 172 | AL22: =IF(L22<0,L22*-1,0) -> 0 | AM22: =AK22+AL22 -> 172 | AN22: 0 | AP22: =I22-Q22-R22-X22-AF22 -> 605.70815 | AQ22: =34.18*(Z22*1.9835+AC22*1.9835)/E22 -> 2.7532129 | AT22: 0 | AV22: 0 | AW22: 68 | AX22: 34 | AZ22: =SUM(N22,P22:U22) -> 5.888637
A23: =A22+1 -> 9 | B23: 6908.33 | C23: 315359 | D23: =C23-C22 -> 1224 | E23: =C23-152000 -> 163359 | F23: =D23/$D$2 -> 617.091 | G23: 741 | H23: 14 | I23: =G23+H23 -> 755 | J23: =IF(L23>0,L23,0) -> 39.091001 | K23: =I23+J23 -> 794.091 | L23: =F23-(I23-AK23) -> 39.091001 | M23: 125 | N23: =(1.8299*1.03)/2 -> 0.9423985 | O23: =99*1.05 -> 103.95 | P23: 0 | Q23: =1355600/325851/1.9835*1.02 -> 2.1393432 | R23: =(2.7*1.04)-T23 -> 2.2422483 | S23: 0 | T23: =(0.5132*1.06)*1.04 -> 0.56575168 | U23: 0 | V23: 0 | W23: 0 | X23: =M23-N23-O23-P23-Q23-R23-S23-T23-U23+V23+W23-AT23 -> 15.160258 | Y23: =X23-AO23 -> 15.160258 | Z23: =Z22+AP23 -> 5610.4568 | AB23: =AB22+(Y23+AP23)*1.9835 -> 11562.739 | AC23: =AC22-(AQ22/1.9835) -> 1706.2543 | AF23: 1.7 | AG23: 1.3 | AH23: 52 | AI23: =AI22-AH23 -> 15572.258 | AK23: =N23+O23+P23+Q23+R23+S23+T23+U23+X23+AE23+AH23 -> 177 | AL23: =IF(L23<0,L23*-1,0) -> 0 | AM23: =AK23+AL23 -> 177 | AN23: 0 | AP23: =I23-Q23-R23-X23-AF23 -> 733.75815 | AQ23: =34.18*(Z23*1.9835+AC23*1.9835)/E23 -> 3.0365267 | AT23: 0 | AV23: 0 | AW23: 71 | AX23: 38 | AZ23: =SUM(N23,P23:U23) -> 5.8897417
A24: =A23+1 -> 10 | B24: 6908.72 | C24: 316899 | D24: =C24-C23 -> 1540 | E24: =C24-152000 -> 164899 | F24: =D24/$D$2 -> 776.40534 | G24: 902 | H24: 28 | I24: =G24+H24 -> 930 | J24: =IF(L24>0,L24,0) -> 17.405344 | K24: =I24+J24 -> 947.40534 | L24: =F24-(I24-AK24) -> 17.405344 | M24: 120 | N24: =(1.8299*1.03)/2 -> 0.9423985 | O24: =91*1.05 -> 95.55 | P24: 0 | Q24: =1156500/325851/1.9835*1.02 -> 1.8251331 | R24: =(2.7*1.04)-T24 -> 2.2422483 | S24: 0 | T24: =(0.5132*1.06)*1.04 -> 0.56575168 | U24: 0 | V24: 0 | W24: 0 | X24: =M24-N24-O24-P24-Q24-R24-S24-T24-U24+V24+W24-AT24 -> 18.874468 | Y24: =X24-AO24 -> 18.874468 | Z24: =Z23+AP24 -> 6386.5823 | AB24: =AB23+(Y24+AP24)*1.9835 -> 13139.621 | AC24: =AC23-(AQ23/1.9835) -> 1704.7234 | AF24: 1.7 | AG24: 1.3 | AH24: 51 | AI24: =AI23-AH24 -> 15521.258 | AK24: =N24+O24+P24+Q24+R24+S24+T24+U24+X24+AE24+AH24 -> 171 | AL24: =IF(L24<0,L24*-1,0) -> 0 | AM24: =AK24+AL24 -> 171 | AN24: 0 | AP24: =795-X24 -> 776.12553 | AQ24: =34.18*(Z24*1.9835+AC24*1.9835)/E24 -> 3.3266327 | AT24: 0 | AV24: 0 | AW24: 73 | AX24: 39 | AZ24: =SUM(N24,P24:U24) -> 5.5755316
A25: =A24+1 -> 11 | B25: 6909.14 | C25: 318563 | D25: =C25-C24 -> 1664 | E25: =C25-152000 -> 166563 | F25: =D25/$D$2 -> 838.9211 | G25: 985 | H25: 27 | I25: =G25+H25 -> 1012 | J25: =IF(L25>0,L25,0) -> 17.921099 | K25: =I25+J25 -> 1029.9211 | L25: =F25-(I25-AK25) -> 17.921099 | M25: 140 | N25: =(1.8299*1.03)/2 -> 0.9423985 | O25: =100*1.05 -> 105 | P25: 0 | Q25: =1229600/325851/1.9835*1.02 -> 1.9404961 | R25: =(2.7*1.04)-T25 -> 2.2422483 | S25: 0 | T25: =(0.5132*1.06)*1.04 -> 0.56575168 | U25: 0 | V25: 0 | W25: 0 | X25: =M25-N25-O25-P25-Q25-R25-S25-T25-U25+V25+W25-AT25 -> 29.309105 | Y25: =X25-AO25 -> 29.309105 | Z25: =Z24+AP25 -> 7152.2732 | AB25: =AB24+(Y25+AP25)*1.9835 -> 14716.504 | AC25: =AC24-(AQ24/1.9835) -> 1703.0462 | AF25: 1.7 | AG25: 1.3 | AH25: 51 | AI25: =AI24-AH25 -> 15470.258 | AK25: =N25+O25+P25+Q25+R25+S25+T25+U25+X25+AE25+AH25 -> 191 | AL25: =IF(L25<0,L25*-1,0) -> 0 | AM25: =AK25+AL25 -> 191 | AN25: 0 | AP25: =795-X25 -> 765.69089 | AQ25: =34.18*(Z25*1.9835+AC25*1.9835)/E25 -> 3.6043749 | AT25: 0 | AV25: 0 | AW25: 73 | AX25: 41 | AZ25: =SUM(N25,P25:U25) -> 5.6908946
A26: =A25+1 -> 12 | B26: 6909.59 | C26: 320354 | D26: =C26-C25 -> 1791 | E26: =C26-152000 -> 168354 | F26: =D26/$D$2 -> 902.94933 | G26: 1050 | H26: 38 | I26: =G26+H26 -> 1088 | J26: =IF(L26>0,L26,0) -> 8.949332 | K26: =I26+J26 -> 1096.9493 | L26: =F26-(I26-AK26) -> 8.949332 | M26: 143 | N26: =(1.8299*1.03)/2 -> 0.9423985 | O26: =107*1.05 -> 112.35 | P26: 0 | Q26: =795700/325851/1.9835*1.02 -> 1.2557358 | R26: =(2.9*1.04)-T26 -> 2.4502483 | S26: 0 | T26: =(0.5132*1.06)*1.04 -> 0.56575168 | U26: 0 | V26: 0 | W26: 0 | X26: =M26-N26-O26-P26-Q26-R26-S26-T26-U26+V26+W26-AT26 -> 25.435866 | Y26: =X26-AO26 -> 25.435866 | Z26: =Z25+AP26 -> 7921.8374 | AB26: =AB25+(Y26+AP26)*1.9835 -> 16293.386 | AC26: =AC25-(AQ25/1.9835) -> 1701.229 | AF26: 1.7 | AG26: 1.3 | AH26: 51 | AI26: =AI25-AH26 -> 15419.258 | AK26: =N26+O26+P26+Q26+R26+S26+T26+U26+X26+AE26+AH26 -> 194 | AL26: =IF(L26<0,L26*-1,0) -> 0 | AM26: =AK26+AL26 -> 194 | AN26: =AN25 -> 0 | AP26: =795-X26 -> 769.56413 | AQ26: =34.18*(Z26*1.9835+AC26*1.9835)/E26 -> 3.8752017 | AT26: 0 | AV26: 0.12 | AW26: 51 | AX26: 31 | AZ26: =SUM(N26,P26:U26) -> 5.2141343
A27: =A26+1 -> 13 | B27: 6909.91 | C27: 321628 | D27: =C27-C26 -> 1274 | E27: =C27-152000 -> 169628 | F27: =D27/$D$2 -> 642.29897 | G27: 765 | H27: 11 | I27: =G27+H27 -> 776 | J27: =IF(L27>0,L27,0) -> 52.298966 | K27: =I27+J27 -> 828.29897 | L27: =F27-(I27-AK27) -> 52.298966 | M27: 135 | N27: =(1.8299*1.03)/2 -> 0.9423985 | O27: =100*1.05 -> 105 | P27: 0 | Q27: =992500/325851/1.9835*1.02 -> 1.5663161 | R27: =(2.9*1.04)-T27 -> 2.3189525 | S27: 0 | T27: =(0.6323*1.06)*1.04 -> 0.69704752 | U27: 0 | V27: 0 | W27: 0 | X27: =M27-N27-O27-P27-Q27-R27-S27-T27-U27+V27+W27-AT27 -> 24.475285 | Y27: =X27-AO27 -> 24.475285 | Z27: =Z26+AP27 -> 8667.7768 | AB27: =AB26+(Y27+AP27)*1.9835 -> 17821.504 | AC27: =AC26-(AQ26/1.9835) -> 1699.2753 | AF27: 1.7 | AG27: 1.3 | AH27: 51 | AI27: =AI26-AH27 -> 15368.258 | AK27: =N27+O27+P27+Q27+R27+S27+T27+U27+X27+AE27+AH27 -> 186 | AL27: =IF(L27<0,L27*-1,0) -> 0 | AM27: =AK27+AL27 -> 186 | AN27: =AN26 -> 0 | AP27: =I27-Q27-R27-X27-AF27 -> 745.93945 | AQ27: =34.18*(Z27*1.9835+AC27*1.9835)/E27 -> 4.1434491 | AT27: 0 | AV27: 0 | AW27: 50 | AX27: 28 | AZ27: =SUM(N27,P27:U27) -> 5.5247146
A28: =A27+1 -> 14 | B28: 6910.16 | C28: 322629 | D28: =C28-C27 -> 1001 | E28: =C28-152000 -> 170629 | F28: =D28/$D$2 -> 504.66347 | G28: 625 | H28: 5.7 | I28: =G28+H28 -> 630.7 | J28: =IF(L28>0,L28,0) -> 51.963474 | K28: =I28+J28 -> 682.66347 | L28: =F28-(I28-AK28) -> 51.963474 | M28: 127 | N28: =(1.8299*1.03)/2 -> 0.9423985 | O28: =99*1.05 -> 103.95 | P28: 0 | Q28: =1069600/325851/1.9835*1.02 -> 1.6879917 | R28: =(2.9*1.04)-T28 -> 2.3189525 | S28: 0 | T28: =(0.6323*1.06)*1.04 -> 0.69704752 | U28: 0 | V28: 0 | W28: 0 | X28: =M28-N28-O28-P28-Q28-R28-S28-T28-U28+V28+W28-AT28 -> 17.40361 | Y28: =X28-AO28 -> 17.40361 | Z28: =Z27+AP28 -> 9275.3663 | AB28: =AB27+(Y28+AP28)*1.9835 -> 19061.178 | AC28: =AC27-(AQ27/1.9835) -> 1697.1864 | AF28: 1.7 | AG28: 1.3 | AH28: 51 | AI28: =AI27-AH28 -> 15317.258 | AK28: =N28+O28+P28+Q28+R28+S28+T28+U28+X28+AE28+AH28 -> 178 | AL28: =IF(L28<0,L28*-1,0) -> 0 | AM28: =AK28+AL28 -> 178 | AN28: =AN27 -> 0 | AP28: =I28-Q28-R28-X28-AF28 -> 607.58945 | AQ28: =34.18*(Z28*1.9835+AC28*1.9835)/E28 -> 4.3597249 | AT28: 0 | AV28: 0.04 | AW28: 43 | AX28: 24 | AZ28: =SUM(N28,P28:U28) -> 5.6463902
A29: =A28+1 -> 15 | B29: 6910.36 | C29: 323431 | D29: =C29-C28 -> 802 | E29: =C29-152000 -> 171431 | F29: =D29/$D$2 -> 404.33577 | G29: 519 | H29: 4.6 | I29: =G29+H29 -> 523.6 | J29: =IF(L29>0,L29,0) -> 49.73577 | K29: =I29+J29 -> 573.33577 | L29: =F29-(I29-AK29) -> 49.73577 | M29: 119 | N29: =(1.8299*1.03)/2 -> 0.9423985 | O29: =102*1.05 -> 107.1 | P29: 0 | Q29: =1091900/325851/1.9835*1.02 -> 1.7231845 | R29: =(2.9*1.04)-T29 -> 2.3189525 | S29: 0 | T29: =(0.6323*1.06)*1.04 -> 0.69704752 | U29: 0 | V29: 0 | W29: 0 | X29: =M29-N29-O29-P29-Q29-R29-S29-T29-U29+V29+W29-AT29 -> 6.218417 | Y29: =X29-AO29 -> 6.218417 | Z29: =Z28+AP29 -> 9787.0057 | AB29: =AB28+(Y29+AP29)*1.9835 -> 20088.349 | AC29: =AC28-(AQ28/1.9835) -> 1694.9884 | AF29: 1.7 | AG29: 1.3 | AH29: 50 | AI29: =AI28-AH29 -> 15267.258 | AK29: =N29+O29+P29+Q29+R29+S29+T29+U29+X29+AE29+AH29 -> 169 | AL29: =IF(L29<0,L29*-1,0) -> 0 | AM29: =AK29+AL29 -> 169 | AN29: =AN28 -> 0 | AP29: =I29-Q29-R29-X29-AF29 -> 511.63945 | AQ29: =34.18*(Z29*1.9835+AC29*1.9835)/E29 -> 4.5407984 | AT29: 0 | AV29: 0.16 | AW29: 51 | AX29: 27 | AZ29: =SUM(N29,P29:U29) -> 5.681583
A30: =A29+1 -> 16 | B30: 6910.52 | C30: 324073 | D30: =C30-C29 -> 642 | E30: =C30-152000 -> 172073 | F30: =D30/$D$2 -> 323.67028 | G30: 466 | H30: 4.1 | I30: =G30+H30 -> 470.1 | J30: =IF(L30>0,L30,0) -> 65.57028 | K30: =I30+J30 -> 535.67028 | L30: =F30-(I30-AK30) -> 65.57028 | M30: 138 | N30: =(1.8299*1.03)/2 -> 0.9423985 | O30: =105*1.05 -> 110.25 | P30: 0 | Q30: =1088200/325851/1.9835*1.02 -> 1.7173453 | R30: =(2.9*1.04)-T30 -> 2.3189525 | S30: 0 | T30: =(0.6323*1.06)*1.04 -> 0.69704752 | U30: 0 | V30: 24 | W30: 0 | X30: =M30-N30-O30-P30-Q30-R30-S30-T30-U30+V30+W30-AT30 -> 46.074256 | Y30: =X30-AO30 -> -0.15574382 | Z30: =Z29+AP30 -> 10205.295 | AB30: =AB29+(Y30+AP30)*1.9835 -> 20917.717 | AC30: =AC29-(AQ29/1.9835) -> 1692.6991 | AF30: 1.7 | AG30: 1.3 | AH30: 50 | AI30: =AI29-AH30 -> 15217.258 | AK30: =N30+O30+P30+Q30+R30+S30+T30+U30+X30+AE30+AH30 -> 212 | AL30: =IF(L30<0,L30*-1,0) -> 0 | AM30: =AK30+AL30 -> 212 | AN30: =AN29 -> 0 | AO30: =V30+13.97+8.26 -> 46.23 | AP30: =I30-Q30-R30-X30-AF30 -> 418.28945 | AQ30: =34.18*(Z30*1.9835+AC30*1.9835)/E30 -> 4.6877591 | AT30: 0 | AV30: 0 | AW30: 55 | AX30: 28 | AZ30: =SUM(N30,P30:U30) -> 5.6757438
A31: =A30+1 -> 17 | B31: 6910.66 | C31: 324635 | D31: =C31-C30 -> 562 | E31: =C31-152000 -> 172635 | F31: =D31/$D$2 -> 283.33753 | G31: 427 | H31: 3.7 | I31: =G31+H31 -> 430.7 | J31: =IF(L31>0,L31,0) -> 44.637535 | K31: =I31+J31 -> 475.33753 | L31: =F31-(I31-AK31) -> 44.637535 | M31: 115 | N31: =(1.8299*1.03)/2 -> 0.9423985 | O31: =77*1.05 -> 80.85 | P31: 0 | Q31: =982700/325851/1.9835*1.02 -> 1.5508503 | R31: =(2.9*1.04)-T31 -> 2.3189525 | S31: 0 | T31: =(0.6323*1.06)*1.04 -> 0.69704752 | U31: 0 | V31: 14 | W31: 13 | X31: =M31-N31-O31-P31-Q31-R31-S31-T31-U31+V31+W31-AT31 -> 55.640751 | Y31: =X31-AO31 -> 1.4407512 | Z31: =Z30+AP31 -> 10574.785 | AB31: =AB30+(Y31+AP31)*1.9835 -> 21653.457 | AC31: =AC30-(AQ30/1.9835) -> 1690.3357 | AF31: 1.7 | AG31: 1.3 | AH31: 50 | AI31: =AI30-AH31 -> 15167.258 | AK31: =N31+O31+P31+Q31+R31+S31+T31+U31+X31+AE31+AH31 -> 192 | AL31: =IF(L31<0,L31*-1,0) -> 0 | AM31: =AK31+AL31 -> 192 | AN31: =AN30 -> 0 | AO31: =V31+W31+14+13.2 -> 54.2 | AP31: =I31-Q31-R31-X31-AF31 -> 369.48945 | AQ31: =34.18*(Z31*1.9835+AC31*1.9835)/E31 -> 4.8166737 | AT31: 0 | AV31: 0 | AW31: 63 | AX31: 22 | AZ31: =SUM(N31,P31:U31) -> 5.5092488
A32: =A31+1 -> 18 | B32: 6910.82 | C32: 325277 | D32: =C32-C31 -> 642 | E32: =C32-152000 -> 173277 | F32: =D32/$D$2 -> 323.67028 | G32: 437 | H32: 3.5 | I32: =G32+H32 -> 440.5 | J32: =IF(L32>0,L32,0) -> 24.07028 | K32: =I32+J32 -> 464.57028 | L32: =F32-(I32-AK32) -> 24.07028 | M32: 81 | N32: =(1.8299*1.03)/2 -> 0.9423985 | O32: =23*1.05 -> 24.15 | P32: 0 | Q32: =1084600/325851/1.9835*1.02 -> 1.711664 | R32: =(2.9*1.04)-T32 -> 2.3189525 | S32: 0 | T32: =(0.6323*1.06)*1.04 -> 0.69704752 | U32: 0 | V32: 0 | W32: 9.9 | X32: =M32-N32-O32-P32-Q32-R32-S32-T32-U32+V32+W32-AT32 -> 61.079938 | Y32: =X32-AO32 -> 15.079938 | Z32: =Z31+AP32 -> 10948.474 | AB32: =AB31+(Y32+AP32)*1.9835 -> 22424.581 | AC32: =AC31-(AQ31/1.9835) -> 1687.9073 | AF32: 1.7 | AG32: 1.3 | AH32: 50 | AI32: =AI31-AH32 -> 15117.258 | AK32: =N32+O32+P32+Q32+R32+S32+T32+U32+X32+AE32+AH32 -> 140.9 | AL32: =IF(L32<0,L32*-1,0) -> 0 | AM32: =AK32+AL32 -> 140.9 | AN32: =AN31 -> 0 | AO32: =V32+W32+18.5+17.6 -> 46 | AP32: =I32-Q32-R32-X32-AF32 -> 373.68945 | AQ32: =34.18*(Z32*1.9835+AC32*1.9835)/E32 -> 4.9440866 | AT32: 0 | AV32: 0 | AW32: 68 | AX32: 37 | AZ32: =SUM(N32,P32:U32) -> 5.6700625
A33: =A32+1 -> 19 | B33: 6910.99 | C33: 325959 | D33: =C33-C32 -> 682 | E33: =C33-152000 -> 173959 | F33: =D33/$D$2 -> 343.83665 | G33: 448 | H33: 3.8 | I33: =G33+H33 -> 451.8 | J33: =IF(L33>0,L33,0) -> 37.036652 | K33: =I33+J33 -> 488.83665 | L33: =F33-(I33-AK33) -> 37.036652 | M33: 84 | N33: =(1.8299*1.03)/2 -> 0.9423985 | O33: =14*1.05 -> 14.7 | P33: 0 | Q33: =1016300/325851/1.9835*1.02 -> 1.6038762 | R33: =(2.9*1.04)-T33 -> 2.3189525 | S33: 0 | T33: =(0.6323*1.06)*1.04 -> 0.69704752 | U33: 0 | V33: 0 | W33: 11 | X33: =M33-N33-O33-P33-Q33-R33-S33-T33-U33+V33+W33-AT33 -> 74.737725 | Y33: =X33-AO33 -> 24.737725 | Z33: =Z32+AP33 -> 11319.913 | AB33: =AB32+(Y33+AP33)*1.9835 -> 23210.398 | AC33: =AC32-(AQ32/1.9835) -> 1685.4147 | AF33: 1.7 | AG33: 1.3 | AH33: 50 | AI33: =AI32-AH33 -> 15067.258 | AK33: =N33+O33+P33+Q33+R33+S33+T33+U33+X33+AE33+AH33 -> 145 | AL33: =IF(L33<0,L33*-1,0) -> 0 | AM33: =AK33+AL33 -> 145 | AN33: =AN32+(V33*1.9835) -> 0 | AO33: =V33+W33+19+20 -> 50 | AP33: =I33-Q33-R33-X33-AF33 -> 371.43945 | AQ33: =34.18*(Z33*1.9835+AC33*1.9835)/E33 -> 5.068491 | AT33: 0 | AV33: 0.03 | AW33: 65 | AX33: 41 | AZ33: =SUM(N33,P33:U33) -> 5.5622747
A34: =A33+1 -> 20 | B34: 6911.14 | C34: 326566 | D34: =C34-C33 -> 607 | E34: =C34-152000 -> 174566 | F34: =D34/$D$2 -> 306.0247 | G34: 467 | H34: 3.8 | I34: =G34+H34 -> 470.8 | J34: =IF(L34>0,L34,0) -> 31.224704 | K34: =I34+J34 -> 502.0247 | L34: =F34-(I34-AK34) -> 31.224704 | M34: 131 | N34: =(1.8299*1.03)/2 -> 0.9423985 | O34: =38*1.05 -> 39.9 | P34: 0 | Q34: =1115600/325851/1.9835*1.02 -> 1.7605867 | R34: =(2.9*1.04)-T34 -> 2.1314342 | S34: 0 | T34: =(0.8024*1.06)*1.04 -> 0.88456576 | U34: 0 | V34: 0 | W34: 15 | X34: =M34-N34-O34-P34-Q34-R34-S34-T34-U34+V34+W34-AT34 -> 100.38101 | Y34: =X34-AO34 -> 46.381015 | Z34: =Z33+AP34 -> 11684.74 | AB34: =AB33+(Y34+AP34)*1.9835 -> 24026.029 | AC34: =AC33-(AQ33/1.9835) -> 1682.8594 | AF34: 1.7 | AG34: 1.3 | AH34: 50 | AI34: =AI33-AH34 -> 15017.258 | AK34: =N34+O34+P34+Q34+R34+S34+T34+U34+X34+AE34+AH34 -> 196 | AL34: =IF(L34<0,L34*-1,0) -> 0 | AM34: =AK34+AL34 -> 196 | AN34: =AN33+(V34*1.9835) -> 0 | AO34: =V34+W34+19+20 -> 54 | AP34: =I34-Q34-R34-X34-AF34 -> 364.82696 | AQ34: =34.18*(Z34*1.9835+AC34*1.9835)/E34 -> 5.1915619 | AT34: 0 | AV34: 0 | AW34: 70 | AX34: 36 | AZ34: =SUM(N34,P34:U34) -> 5.7189852
A35: =A34+1 -> 21 | B35: 6911.34 | C35: 327375 | D35: =C35-C34 -> 809 | E35: =C35-152000 -> 175375 | F35: =D35/$D$2 -> 407.86489 | G35: 588 | H35: 4.3 | I35: =G35+H35 -> 592.3 | J35: =IF(L35>0,L35,0) -> 11.564885 | K35: =I35+J35 -> 603.86489 | L35: =F35-(I35-AK35) -> 11.564885 | M35: 130 | N35: =(1.8299*1.03)/2 -> 0.9423985 | O35: =58*1.05 -> 60.9 | P35: 0 | Q35: =1543500/325851/1.9835*1.02 -> 2.4358781 | R35: =(2.9*1.04)-T35 -> 2.1314342 | S35: 0 | T35: =(0.8024*1.06)*1.04 -> 0.88456576 | U35: 0 | V35: 0 | W35: 16 | X35: =M35-N35-O35-P35-Q35-R35-S35-T35-U35+V35+W35-AT35 -> 78.705723 | Y35: =X35-AO35 -> 23.305723 | Z35: =Z34+AP35 -> 12192.067 | AB35: =AB34+(Y35+AP35)*1.9835 -> 25078.539 | AC35: =AC34-(AQ34/1.9835) -> 1680.242 | AF35: 1.7 | AG35: 1.3 | AH35: 50 | AI35: =AI34-AH35 -> 14967.258 | AK35: =N35+O35+P35+Q35+R35+S35+T35+U35+X35+AE35+AH35 -> 196 | AL35: =IF(L35<0,L35*-1,0) -> 0 | AM35: =AK35+AL35 -> 196 | AN35: =AN34+(V35*1.9835) -> 0 | AO35: =V35+W35+19.4+20 -> 55.4 | AP35: =I35-Q35-R35-X35-AF35 -> 507.32696 | AQ35: =34.18*(Z35*1.9835+AC35*1.9835)/E35 -> 5.3627228 | AT35: 0 | AV35: 0 | AW35: 77 | AX35: 39 | AZ35: =SUM(N35,P35:U35) -> 6.3942766
A36: =A35+1 -> 22 | B36: 6911.67 | C36: 328709 | D36: =C36-C35 -> 1334 | E36: =C36-152000 -> 176709 | F36: =D36/$D$2 -> 672.54853 | G36: 822 | H36: 9.9 | I36: =G36+H36 -> 831.9 | J36: =IF(L36>0,L36,0) -> 59.648525 | K36: =I36+J36 -> 891.54853 | L36: =F36-(I36-AK36) -> 59.648525 | M36: 153 | N36: =(1.8299*1.03)/2 -> 0.9423985 | O36: =59*1.05 -> 61.95 | P36: 0 | Q36: =1702100/325851/1.9835*1.02 -> 2.686173 | R36: =(3.92*1.04)-T36 -> 3.1922342 | S36: 0 | T36: =(0.8024*1.06)*1.04 -> 0.88456576 | U36: 0 | V36: 0 | W36: 16 | X36: =M36-N36-O36-P36-Q36-R36-S36-T36-U36+V36+W36-AT36 -> 99.344628 | Y36: =X36-AO36 -> 42.344628 | Z36: =Z35+AP36 -> 12887.723 | AB36: =AB35+(Y36+AP36)*1.9835 -> 26542.362 | AC36: =AC35-(AQ35/1.9835) -> 1677.5384 | AF36: 1.7 | AG36: 1.3 | AH36: 50 | AI36: =AI35-AH36 -> 14917.258 | AK36: =N36+O36+P36+Q36+R36+S36+T36+U36+X36+AE36+AH36 -> 219 | AL36: =IF(L36<0,L36*-1,0) -> 0 | AM36: =AK36+AL36 -> 219 | AN36: =AN35+(V36*1.9835) -> 0 | AO36: =V36+W36+21+20 -> 57 | AP36: =795-X36 -> 695.65537 | AQ36: =34.18*(Z36*1.9835+AC36*1.9835)/E36 -> 5.5880961 | AT36: 0 | AV36: 0 | AW36: 80 | AX36: 43 | AZ36: =SUM(N36,P36:U36) -> 7.7053715
A37: =A36+1 -> 23 | B37: 6912.01 | C37: 330085 | D37: =C37-C36 -> 1376 | E37: =C37-152000 -> 178085 | F37: =D37/$D$2 -> 693.72322 | G37: 942 | H37: 11 | I37: =G37+H37 -> 953 | J37: =IF(L37>0,L37,0) -> 32.723217 | K37: =I37+J37 -> 985.72322 | L37: =F37-(I37-AK37) -> 32.723217 | M37: 168 | N37: =(1.8299*1.03)/2 -> 0.9423985 | O37: =58*1.05 -> 60.9 | P37: 0 | Q37: =1578900/325851/1.9835*1.02 -> 2.4917446 | R37: =(3.92*1.04)-T37 -> 3.1922342 | S37: 0 | T37: =(0.8024*1.06)*1.04 -> 0.88456576 | U37: 0 | V37: 0 | W37: 16 | X37: =M37-N37-O37-P37-Q37-R37-S37-T37-U37+V37+W37-AT37 -> 115.58906 | Y37: =X37-AO37 -> 108.58906 | Z37: =Z36+AP37 -> 13567.134 | AB37: =AB36+(Y37+AP37)*1.9835 -> 28105.36 | AC37: =AC36-(AQ36/1.9835) -> 1674.7211 | AE37: 58 | AF37: 1.7 | AG37: 1.3 | AH37: 50 | AI37: =AI36-AH37 -> 14867.258 | AK37: =N37+O37+P37+Q37+R37+S37+T37+U37+X37+AE37+AH37 -> 292 | AL37: =IF(L37<0,L37*-1,0) -> 0 | AM37: =AK37+AL37 -> 292 | AN37: =AN36+(V37*1.9835) -> 0 | AO37: 7 | AP37: =795-X37 -> 679.41094 | AQ37: =34.18*(Z37*1.9835+AC37*1.9835)/E37 -> 5.8024946 | AT37: 0 | AV37: 0 | AW37: 81 | AX37: 45 | AZ37: =SUM(N37,P37:U37) -> 7.5109431
A38: =A37+1 -> 24 | B38: 6912.35 | C38: 331471 | D38: =C38-C37 -> 1386 | E38: =C38-152000 -> 179471 | F38: =D38/$D$2 -> 698.76481 | G38: 1090 | H38: 9.8 | I38: =G38+H38 -> 1099.8 | J38: =IF(L38>0,L38,0) -> 0 | K38: =I38+J38 -> 1099.8 | L38: =F38-(I38-AK38) -> -7.0351903 | M38: 224 | N38: =(1.8299*1.03)/2 -> 0.9423985 | O38: =84*1.05 -> 88.2 | P38: 0 | Q38: =1373500/325851/1.9835*1.02 -> 2.1675922 | R38: =(4.5*1.04)-T38 -> 3.7954342 | S38: 0 | T38: =(0.8024*1.06)*1.04 -> 0.88456576 | U38: 0 | V38: 18 | W38: 18 | X38: =M38-N38-O38-P38-Q38-R38-S38-T38-U38+V38+W38-AT38 -> 164.01001 | Y38: =X38-AO38 -> 157.01001 | Z38: =Z37+AP38 -> 14198.124 | AB38: =AB37+(Y38+AP38)*1.9835 -> 29668.358 | AC38: =AC37-(AQ37/1.9835) -> 1671.7957 | AE38: 84 | AF38: 1.7 | AG38: 1.3 | AH38: 50 | AI38: =AI37-AH38 -> 14817.258 | AK38: =N38+O38+P38+Q38+R38+S38+T38+U38+X38+AE38+AH38 -> 394 | AL38: =IF(L38<0,L38*-1,0) -> 7.0351903 | AM38: =AK38+AL38 -> 401.03519 | AN38: =AN37 -> 0 | AO38: 7 | AP38: =795-X38 -> 630.98999 | AQ38: =34.18*(Z38*1.9835+AC38*1.9835)/E38 -> 5.9949381 | AT38: 0 | AV38: 0 | AW38: 80 | AX38: 44 | AZ38: =SUM(N38,P38:U38) -> 7.7899907
A39: =A38+1 -> 25 | B39: 6912.8 | C39: 333306 | D39: =C39-C38 -> 1835 | E39: =C39-152000 -> 181306 | F39: =D39/$D$2 -> 925.13234 | G39: 1300 | H39: 15 | I39: =G39+H39 -> 1315 | J39: =IF(L39>0,L39,0) -> 7.1323418 | K39: =I39+J39 -> 1322.1323 | L39: =F39-(I39-AK39) -> 7.1323418 | M39: 246 | N39: =(1.8299*1.03)/2 -> 0.9423985 | O39: =103*1.05 -> 108.15 | P39: 0 | Q39: =1215900/325851/1.9835*1.02 -> 1.9188754 | R39: =(4.5*1.04)-T39 -> 3.7954342 | S39: 0 | T39: =(0.8024*1.06)*1.04 -> 0.88456576 | U39: 0 | V39: 28 | W39: 33 | X39: =M39-N39-O39-P39-Q39-R39-S39-T39-U39+V39+W39-AT39 -> 191.30873 | Y39: =X39-AO39 -> 184.30873 | Z39: =Z38+AP39 -> 14801.815 | AB39: =AB38+(Y39+AP39)*1.9835 -> 31231.356 | AC39: =AC38-(AQ38/1.9835) -> 1668.7733 | AE39: 41 | AF39: 1.7 | AG39: 1.3 | AH39: 49 | AI39: =AI38-AH39 -> 14768.258 | AK39: =N39+O39+P39+Q39+R39+S39+T39+U39+X39+AE39+AH39 -> 397 | AL39: =IF(L39<0,L39*-1,0) -> 0 | AM39: =AK39+AL39 -> 397 | AN39: =AN38 -> 0 | AO39: 7 | AP39: =795-X39 -> 603.69127 | AQ39: =34.18*(Z39*1.9835+AC39*1.9835)/E39 -> 6.1588723 | AT39: 0 | AV39: 0 | AW39: 69 | AX39: 46 | AZ39: =SUM(N39,P39:U39) -> 7.5412739
A40: =A39+1 -> 26 | B40: 6913.24 | C40: 335108 | D40: =C40-C39 -> 1802 | E40: =C40-152000 -> 183108 | F40: =D40/$D$2 -> 908.49508 | G40: 1240 | H40: 12 | I40: =G40+H40 -> 1252 | J40: =IF(L40>0,L40,0) -> 65.495084 | K40: =I40+J40 -> 1317.4951 | L40: =F40-(I40-AK40) -> 65.495084 | M40: 265 | N40: =(1.8299*1.03)/2 -> 0.9423985 | O40: =108*1.05 -> 113.4 | P40: 0 | Q40: =1176300/325851/1.9835*1.02 -> 1.8563805 | R40: 4.2 | S40: =((5.5*1.04)-T40)-4.2 -> 0.63543424 | T40: =(0.8024*1.06)*1.04 -> 0.88456576 | U40: 0 | V40: 28 | W40: 45 | X40: =M40-N40-O40-P40-Q40-R40-S40-T40-U40+V40+W40-AT40 -> 216.08122 | Y40: =X40-AO40 -> 209.08122 | Z40: =Z39+AP40 -> 15380.734 | AB40: =AB39+(Y40+AP40)*1.9835 -> 32794.354 | AC40: =AC39-(AQ39/1.9835) -> 1665.6682 | AE40: 22 | AF40: 1.7 | AG40: 1.3 | AH40: 49 | AI40: =AI39-AH40 -> 14719.258 | AK40: =N40+O40+P40+Q40+R40+S40+T40+U40+X40+AE40+AH40 -> 409 | AL40: =IF(L40<0,L40*-1,0) -> 0 | AM40: =AK40+AL40 -> 409 | AN40: =AN39 -> 0 | AO40: 7 | AP40: =795-X40 -> 578.91878 | AQ40: =34.18*(Z40*1.9835+AC40*1.9835)/E40 -> 6.3114576 | AT40: 0 | AV40: 0.03 | AW40: 72 | AX40: 41 | AZ40: =SUM(N40,P40:U40) -> 8.518779
A41: =A40+1 -> 27 | B41: 6913.74 | C41: 337162 | D41: =C41-C40 -> 2054 | E41: =C41-152000 -> 185162 | F41: =D41/$D$2 -> 1035.5432 | G41: 1360 | H41: 30 | I41: =G41+H41 -> 1390 | J41: =IF(L41>0,L41,0) -> 26.543232 | K41: =I41+J41 -> 1416.5432 | L41: =F41-(I41-AK41) -> 26.543232 | M41: 230 | N41: =(1.8299*1.03)/2 -> 0.9423985 | O41: =97*1.05 -> 101.85 | P41: 0 | Q41: =1082800/325851/1.9835*1.02 -> 1.7088233 | R41: 4.2 | S41: =((6.5*1.04)-T41)-4.2 -> 1.700128 | T41: =(0.78*1.06)*1.04 -> 0.859872 | U41: 0 | V41: 28 | W41: 61 | X41: =M41-N41-O41-P41-Q41-R41-S41-T41-U41+V41+W41-AT41 -> 207.73878 | Y41: =X41-AO41 -> 200.73878 | Z41: =Z40+AP41 -> 15967.995 | AB41: =AB40+(Y41+AP41)*1.9835 -> 34357.352 | AC41: =AC40-(AQ40/1.9835) -> 1662.4863 | AE41: 13 | AF41: 1.7 | AG41: 1.3 | AH41: 49 | AI41: =AI40-AH41 -> 14670.258 | AK41: =N41+O41+P41+Q41+R41+S41+T41+U41+X41+AE41+AH41 -> 381 | AL41: =IF(L41<0,L41*-1,0) -> 0 | AM41: =AK41+AL41 -> 381 | AN41: =AN40 -> 0 | AO41: 7 | AP41: =795-X41 -> 587.26122 | AQ41: =34.18*(Z41*1.9835+AC41*1.9835)/E41 -> 6.455302 | AT41: 0 | AV41: 0.03 | AW41: 62 | AX41: 38 | AZ41: =SUM(N41,P41:U41) -> 9.4112218
A42: =A41+1 -> 28 | B42: 6914.15 | C42: 338852 | D42: =C42-C41 -> 1690 | E42: =C42-152000 -> 186852 | F42: =D42/$D$2 -> 852.02924 | G42: 1170 | H42: 105 | I42: =G42+H42 -> 1275 | J42: =IF(L42>0,L42,0) -> 9.0292412 | K42: =I42+J42 -> 1284.0292 | L42: =F42-(I42-AK42) -> 9.0292412 | M42: 275 | N42: =(1.8299*1.03)/2 -> 0.9423985 | O42: =111*1.05 -> 116.55 | P42: 0 | Q42: =1195400/325851/1.9835*1.02 -> 1.8865232 | R42: 4.2 | S42: =((6*1.04)-T42)-4.2 -> 1.180128 | T42: =(0.78*1.06)*1.04 -> 0.859872 | U42: 0 | V42: 28 | W42: 62 | X42: =M42-N42-O42-P42-Q42-R42-S42-T42-U42+V42+W42-AT42 -> 239.38108 | Y42: =X42-AO42 -> 232.38108 | Z42: =Z41+AP42 -> 16523.614 | AB42: =AB41+(Y42+AP42)*1.9835 -> 35920.35 | AC42: =AC41-(AQ41/1.9835) -> 1659.2318 | AE42: 18 | AF42: 1.7 | AG42: 1.3 | AH42: 49 | AI42: =AI41-AH42 -> 14621.258 | AK42: =N42+O42+P42+Q42+R42+S42+T42+U42+X42+AE42+AH42 -> 432 | AL42: =IF(L42<0,L42*-1,0) -> 0 | AM42: =AK42+AL42 -> 432 | AN42: =AN41 -> 0 | AO42: 7 | AP42: =795-X42 -> 555.61892 | AQ42: =34.18*(Z42*1.9835+AC42*1.9835)/E42 -> 6.5973324 | AT42: 0 | AV42: 0 | AW42: 61 | AX42: 37 | AZ42: =SUM(N42,P42:U42) -> 9.0689217
A43: =A42+1 -> 29 | B43: 6914.44 | C43: 340053 | D43: =C43-C42 -> 1201 | E43: =C43-152000 -> 188053 | F43: =D43/$D$2 -> 605.49534 | G43: 969 | H43: 76 | I43: =G43+H43 -> 1045 | J43: =IF(L43>0,L43,0) -> 8.4953365 | K43: =I43+J43 -> 1053.4953 | L43: =F43-(I43-AK43) -> 8.4953365 | M43: 272 | N43: =(1.8299*1.03)/2 -> 0.9423985 | O43: =109*1.05 -> 114.45 | P43: 0 | Q43: =1564000/325851/1.9835*1.02 -> 2.4682302 | R43: 4.2 | S43: =((6*1.04)-T43)-4.2 -> 1.180128 | T43: =(0.78*1.06)*1.04 -> 0.859872 | U43: 0 | V43: 28 | W43: 62 | X43: =M43-N43-O43-P43-Q43-R43-S43-T43-U43+V43+W43-AT43 -> 237.89937 | Y43: =X43-AO43 -> 230.89937 | Z43: =Z42+AP43 -> 17080.715 | AB43: =AB42+(Y43+AP43)*1.9835 -> 37483.348 | AC43: =AC42-(AQ42/1.9835) -> 1655.9056 | AE43: 37 | AF43: 1.7 | AG43: 1.3 | AH43: 49 | AI43: =AI42-AH43 -> 14572.258 | AK43: =N43+O43+P43+Q43+R43+S43+T43+U43+X43+AE43+AH43 -> 448 | AL43: =IF(L43<0,L43*-1,0) -> 0 | AM43: =AK43+AL43 -> 448 | AN43: =AN42 -> 0 | AO43: 7 | AP43: =795-X43 -> 557.10063 | AQ43: =34.18*(Z43*1.9835+AC43*1.9835)/E43 -> 6.7548429 | AT43: 0 | AV43: 0 | AW43: 63 | AX43: 34 | AZ43: =SUM(N43,P43:U43) -> 9.6506287
