Workbook

Sheet NOV
K1: MC PHEE RESERVOIR IN/OUT FLOW TABULATION
A2: AF/cfs CONVERT FACTOR | D2: 1.9835 | L2: NOVEMBER "97"
A4: DATE | B4: RESERV | C4: RESERV | D4: AC FT | E4: ACTIVE | F4: CONV TO | G4: DOLORES | H4: LOST | I4: RECORDED | J4: CALC | K4: TOTAL | L4: CALC | M4: DOLORES TUNNEL | P4: LONE | Q4: U | R4: TOTAL | S4: MVI | T4: DV CR | U4: BELOW | V4: REMAIN | W4: RECORDED | X4: CALC | Y4: TOTAL | Z4: RAIN | AA4: MAX | AB4: MIN | AC4: DATE
A5: "NOV" | B5: ELEV | C5: AC FT | D5: CHANGE | E5: CAP | F5: CFS | G5: RIVER | H5: CANYON | I5: INFLOW | J5: INFLOW | K5: INFLOW | L5: INF/OTF | M5: TOT DIV | N5: UTE F&R | O5: MVI,CTZ | P5: PINE | Q5: LATERAL | R5: MVI | S5: CALL | T5: CANAL | U5: MC PHEE | V5: RELEASE | W5: OUTFLOW | X5: OUTFLOW | Y5: OUTFLOW | AA5: TMP | AB5: TMP | AC5: "NOV"
A7: SEASON BAL | V7: =V6/D2 -> 0
A8: YTD | B8: 6912.85 | C8: 333510 | V8: 6148 | AD8: 13149 | AE8: 17902
A10: 1 | B10: 6912.85 | C10: 333510 | D10: =C10-C8 -> 0 | E10: =C10-152000 -> 181510 | F10: =D10/$D$2 -> 0 | G10: 166 | H10: 6 | I10: =G10+H10 -> 172 | J10: =IF(L10>0,L10,0) -> 0 | K10: =I10+J10 -> 172 | L10: =F10-(I10-W10) -> -62 | M10: 47 | N10: 0 | O10: =M10-N10 -> 47 | P10: 0 | Q10: 11 | R10: =SUM(O10:Q10) -> 58 | T10: 0 | U10: 52 | V10: =(V7+V8)-U10 -> 6096 | W10: =N10+R10+T10+U10 -> 110 | X10: =IF(L10<0,L10*-1,0) -> 62 | Y10: =W10+X10 -> 172 | Z10: 0 | AA10: 52 | AB10: 34 | AC10: 1 | AD10: 13243 | AF10: 7883
A11: =A10+1 -> 2 | B11: 6912.85 | C11: 333510 | D11: =C11-C10 -> 0 | E11: =C11-152000 -> 181510 | F11: =D11/$D$2 -> 0 | G11: 145 | H11: 4.9 | I11: =G11+H11 -> 149.9 | J11: =IF(L11>0,L11,0) -> 0 | K11: =I11+J11 -> 149.9 | L11: =F11-(I11-W11) -> -37.9 | M11: 49 | N11: 0 | O11: =M11-N11 -> 49 | P11: 0 | Q11: 11 | R11: =SUM(O11:Q11) -> 60 | T11: 0 | U11: 52 | V11: =V10-U11 -> 6044 | W11: =N11+R11+T11+U11 -> 112 | X11: =IF(L11<0,L11*-1,0) -> 37.9 | Y11: =W11+X11 -> 149.9 | Z11: 0 | AA11: 53 | AB11: 23 | AC11: =AC10+1 -> 2 | AD11: 13333 | AE11: 62
A12: =A11+1 -> 3 | B12: 6912.85 | C12: 333510 | D12: =C12-C11 -> 0 | E12: =C12-152000 -> 181510 | F12: =D12/$D$2 -> 0 | G12: 136 | H12: 4.5 | I12: =G12+H12 -> 140.5 | J12: =IF(L12>0,L12,0) -> 0 | K12: =I12+J12 -> 140.5 | L12: =F12-(I12-W12) -> -6.5 | M12: 71 | N12: =(11+11)*1.05 -> 23.1 | O12: =M12-N12 -> 47.9 | P12: 0 | Q12: 11 | R12: =SUM(O12:Q12) -> 58.9 | T12: 0 | U12: 52 | V12: =V11-U12 -> 5992 | W12: =N12+R12+T12+U12 -> 134 | X12: =IF(L12<0,L12*-1,0) -> 6.5 | Y12: =W12+X12 -> 140.5 | Z12: 0 | AA12: 57 | AB12: 24 | AC12: =AC11+1 -> 3 | AD12: 13456 | AE12: 159
A13: =A12+1 -> 4 | B13: 6912.86 | C13: 333550 | D13: =C13-C12 -> 40 | E13: =C13-152000 -> 181550 | F13: =D13/$D$2 -> 20.166373 | G13: 146 | H13: 5.2 | I13: =G13+H13 -> 151.2 | J13: =IF(L13>0,L13,0) -> 16.966373 | K13: =I13+J13 -> 168.16637 | L13: =F13-(I13-W13) -> 16.966373 | M13: 85 | N13: =(19+20)*1.05 -> 40.95 | O13: =M13-N13 -> 44.05 | P13: 0 | Q13: 11 | R13: =SUM(O13:Q13) -> 55.05 | T13: 0 | U13: 52 | V13: =V12-U13 -> 5940 | W13: =N13+R13+T13+U13 -> 148 | X13: =IF(L13<0,L13*-1,0) -> 0 | Y13: =W13+X13 -> 148 | Z13: 0 | AA13: 64 | AB13: 28 | AC13: =AC12+1 -> 4 | AD13: 13563 | AE13: 263
A14: =A13+1 -> 5 | B14: 6912.86 | C14: 333550 | D14: =C14-C13 -> 0 | E14: =C14-152000 -> 181550 | F14: =D14/$D$2 -> 0 | G14: 139 | H14: 5.1 | I14: =G14+H14 -> 144.1 | J14: =IF(L14>0,L14,0) -> 0 | K14: =I14+J14 -> 144.1 | L14: =F14-(I14-W14) -> -1.1 | M14: 80 | N14: =(21+22)*1.05 -> 45.15 | O14: =M14-N14 -> 34.85 | P14: 0 | Q14: 11 | R14: =SUM(O14:Q14) -> 45.85 | T14: 0 | U14: 52 | V14: =V13-U14 -> 5888 | W14: =N14+R14+T14+U14 -> 143 | X14: =IF(L14<0,L14*-1,0) -> 1.1 | Y14: =W14+X14 -> 144.1 | Z14: 0 | AA14: 65 | AB14: 33 | AC14: =AC13+1 -> 5 | AD14: 13678 | AE14: 367
A15: =A14+1 -> 6 | B15: 6912.86 | C15: 333550 | D15: =C15-C14 -> 0 | E15: =C15-152000 -> 181550 | F15: =D15/$D$2 -> 0 | G15: 137 | H15: 4.8 | I15: =G15+H15 -> 141.8 | J15: =IF(L15>0,L15,0) -> 0 | K15: =I15+J15 -> 141.8 | L15: =F15-(I15-W15) -> -12.8 | M15: 66 | N15: =(17+17)*1.05 -> 35.7 | O15: =M15-N15 -> 30.3 | P15: 0 | Q15: 11 | R15: =SUM(O15:Q15) -> 41.3 | T15: 0 | U15: 52 | V15: =V14-U15 -> 5836 | W15: =N15+R15+T15+U15 -> 129 | X15: =IF(L15<0,L15*-1,0) -> 12.8 | Y15: =W15+X15 -> 141.8 | Z15: 0 | AA15: 67 | AB15: 33 | AC15: =AC14+1 -> 6 | AD15: 13812 | AE15: 469
A16: =A15+1 -> 7 | B16: 6912.87 | C16: 333591 | D16: =C16-C15 -> 41 | E16: =C16-152000 -> 181591 | F16: =D16/$D$2 -> 20.670532 | G16: 134 | H16: 4.5 | I16: =G16+H16 -> 138.5 | J16: =IF(L16>0,L16,0) -> 0 | K16: =I16+J16 -> 138.5 | L16: =F16-(I16-W16) -> -7.8294681 | M16: 47 | N16: =(7.8+8)*1.05 -> 16.59 | O16: =M16-N16 -> 30.41 | P16: 0 | Q16: 11 | R16: =SUM(O16:Q16) -> 41.41 | T16: 0 | U16: 52 | V16: =V15-U16 -> 5784 | W16: =N16+R16+T16+U16 -> 110 | X16: =IF(L16<0,L16*-1,0) -> 7.8294681 | Y16: =W16+X16 -> 117.82947 | Z16: 0 | AA16: 62 | AB16: 33 | AC16: =AC15+1 -> 7 | AD16: 13968 | AE16: 587
A17: =A16+1 -> 8 | B17: 6912.88 | C17: 333632 | D17: =C17-C16 -> 41 | E17: =C17-152000 -> 181632 | F17: =D17/$D$2 -> 20.670532 | G17: 132 | H17: 4.4 | I17: =G17+H17 -> 136.4 | J17: =IF(L17>0,L17,0) -> 0 | K17: =I17+J17 -> 136.4 | L17: =F17-(I17-W17) -> -20.729468 | M17: 32 | N17: 0 | O17: =M17-N17 -> 32 | P17: 0 | Q17: 11 | R17: =SUM(O17:Q17) -> 43 | T17: 0 | U17: 52 | V17: =V16-U17 -> 5732 | W17: =N17+R17+T17+U17 -> 95 | X17: =IF(L17<0,L17*-1,0) -> 20.729468 | Y17: =W17+X17 -> 115.72947 | Z17: 0 | AA17: 58 | AB17: 33 | AC17: =AC16+1 -> 8 | AD17: 14117 | AE17: 707
A18: =A17+1 -> 9 | B18: 6912.93 | C18: 333836 | D18: =C18-C17 -> 204 | E18: =C18-152000 -> 181836 | F18: =D18/$D$2 -> 102.8485 | G18: 148 | H18: 5.4 | I18: =G18+H18 -> 153.4 | J18: =IF(L18>0,L18,0) -> 45.4485 | K18: =I18+J18 -> 198.8485 | L18: =F18-(I18-W18) -> 45.4485 | M18: 33 | N18: 0 | O18: =M18-N18 -> 33 | P18: 0 | Q18: 11 | R18: =SUM(O18:Q18) -> 44 | T18: 0 | U18: 52 | V18: =V17-U18 -> 5680 | W18: =N18+R18+T18+U18 -> 96 | X18: =IF(L18<0,L18*-1,0) -> 0 | Y18: =W18+X18 -> 96 | Z18: 0.43 | AA18: 42 | AB18: 30 | AC18: =AC17+1 -> 9 | AD18: 14264 | AE18: 826
A19: =A18+1 -> 10 | B19: 6912.96 | C19: 333958 | D19: =C19-C18 -> 122 | E19: =C19-152000 -> 181958 | F19: =D19/$D$2 -> 61.507436 | G19: 139 | H19: 5.3 | I19: =G19+H19 -> 144.3 | J19: =IF(L19>0,L19,0) -> 3.2074363 | K19: =I19+J19 -> 147.50744 | L19: =F19-(I19-W19) -> 3.2074363 | M19: 23 | N19: =(14+14)*1.05 -> 29.4 | O19: =M19-N19 -> -6.4 | P19: 0 | Q19: 11 | R19: =SUM(O19:Q19) -> 4.6 | T19: 0 | U19: 52 | V19: =V18-U19 -> 5628 | W19: =N19+R19+T19+U19 -> 86 | X19: =IF(L19<0,L19*-1,0) -> 0 | Y19: =W19+X19 -> 86 | Z19: 0 | AA19: 42 | AB19: 25 | AC19: =AC18+1 -> 10 | AD19: 14413 | AE19: 964
A20: =A19+1 -> 11 | B20: 6913 | C20: 334121 | D20: =C20-C19 -> 163 | E20: =C20-152000 -> 182121 | F20: =D20/$D$2 -> 82.177968 | G20: 142 | H20: 5.9 | I20: =G20+H20 -> 147.9 | J20: =IF(L20>0,L20,0) -> 12.277968 | K20: =I20+J20 -> 160.17797 | L20: =F20-(I20-W20) -> 12.277968 | M20: 19 | N20: =(23+23)*1.05 -> 48.3 | O20: =M20-N20 -> -29.3 | P20: 0 | Q20: 11 | R20: =SUM(O20:Q20) -> -18.3 | T20: 0 | U20: 48 | V20: =V19-U20 -> 5580 | W20: =N20+R20+T20+U20 -> 78 | X20: =IF(L20<0,L20*-1,0) -> 0 | Y20: =W20+X20 -> 78 | Z20: 0.48 | AA20: 49 | AB20: 36 | AC20: =AC19+1 -> 11 | AD20: 14571 | AE20: 1065
A21: =A20+1 -> 12 | B21: 6913.06 | C21: 334368 | D21: =C21-C20 -> 247 | E21: =C21-152000 -> 182368 | F21: =D21/$D$2 -> 124.52735 | G21: 149 | H21: 5.8 | I21: =G21+H21 -> 154.8 | J21: =IF(L21>0,L21,0) -> 39.727351 | K21: =I21+J21 -> 194.52735 | L21: =F21-(I21-W21) -> 39.727351 | M21: 19 | N21: =(8.6+8.6)*1.05 -> 18.06 | O21: =M21-N21 -> 0.94 | P21: 0 | Q21: 11 | R21: =SUM(O21:Q21) -> 11.94 | T21: 0 | U21: 40 | V21: =V20-U21 -> 5540 | W21: =N21+R21+T21+U21 -> 70 | X21: =IF(L21<0,L21*-1,0) -> 0 | Y21: =W21+X21 -> 70 | Z21: 0.01 | AA21: 44 | AB21: 27 | AC21: =AC20+1 -> 12 | AD21: 14696 | AE21: 1185
A22: =A21+1 -> 13 | B22: 6913.08 | C22: 334450 | D22: =C22-C21 -> 82 | E22: =C22-152000 -> 182450 | F22: =D22/$D$2 -> 41.341064 | G22: 144 | H22: 5.9 | I22: =G22+H22 -> 149.9 | J22: =IF(L22>0,L22,0) -> 0 | K22: =I22+J22 -> 149.9 | L22: =F22-(I22-W22) -> -38.558936 | M22: 19 | N22: 0 | O22: =M22-N22 -> 19 | P22: 0 | Q22: 11 | R22: =SUM(O22:Q22) -> 30 | T22: 0 | U22: 40 | V22: =V21-U22 -> 5500 | W22: =N22+R22+T22+U22 -> 70 | X22: =IF(L22<0,L22*-1,0) -> 38.558936 | Y22: =W22+X22 -> 108.55894 | Z22: 0 | AA22: 40 | AB22: 28 | AC22: =AC21+1 -> 13 | AD22: 14771 | AE22: 1299
A23: =A22+1 -> 14 | B23: 6913.1 | C23: 334532 | D23: =C23-C22 -> 82 | E23: =C23-152000 -> 182532 | F23: =D23/$D$2 -> 41.341064 | G23: 134 | H23: 5.3 | I23: =G23+H23 -> 139.3 | J23: =IF(L23>0,L23,0) -> 0 | K23: =I23+J23 -> 139.3 | L23: =F23-(I23-W23) -> -45.438936 | M23: 9.32 | N23: 0 | O23: =M23-N23 -> 9.32 | P23: 0 | Q23: 3.2 | R23: =SUM(O23:Q23) -> 12.52 | T23: 0 | U23: 40 | V23: =V22-U23 -> 5460 | W23: =N23+R23+T23+U23 -> 52.52 | X23: =IF(L23<0,L23*-1,0) -> 45.438936 | Y23: =W23+X23 -> 97.958936 | Z23: 0 | AA23: 36 | AB23: 30 | AC23: =AC22+1 -> 14 | AD23: 14842 | AE23: 1407
A24: =A23+1 -> 15 | B24: 6913.11 | C24: 334573 | D24: =C24-C23 -> 41 | E24: =C24-152000 -> 182573 | F24: =D24/$D$2 -> 20.670532 | G24: 102 | H24: 3.7 | I24: =G24 -> 102 | J24: =IF(L24>0,L24,0) -> 0 | K24: =I24+J24 -> 102 | L24: =F24-(I24-W24) -> -36.159468 | M24: 5.17 | N24: 0 | O24: =M24-N24 -> 5.17 | P24: 0 | Q24: 0 | R24: =SUM(O24:Q24) -> 5.17 | T24: 0 | U24: 40 | V24: =V23-U24 -> 5420 | W24: =N24+R24+T24+U24 -> 45.17 | X24: =IF(L24<0,L24*-1,0) -> 36.159468 | Y24: =W24+X24 -> 81.329468 | Z24: 0 | AA24: 40 | AB24: 12 | AC24: =AC23+1 -> 15 | AD24: 14927 | AE24: 1516
A25: =A24+1 -> 16 | B25: 6913.13 | C25: 334655 | D25: =C25-C24 -> 82 | E25: =C25-152000 -> 182655 | F25: =D25/$D$2 -> 41.341064 | G25: 63 | H25: 3.5 | I25: =G25+H25 -> 66.5 | J25: =IF(L25>0,L25,0) -> 19.601064 | K25: =I25+J25 -> 86.101064 | L25: =F25-(I25-W25) -> 19.601064 | M25: 4.76 | N25: 0 | O25: =M25-N25 -> 4.76 | P25: 0 | Q25: 0 | R25: =SUM(O25:Q25) -> 4.76 | T25: 0 | U25: 40 | V25: =V24-U25 -> 5380 | W25: =N25+R25+T25+U25 -> 44.76 | X25: =IF(L25<0,L25*-1,0) -> 0 | Y25: =W25+X25 -> 44.76 | Z25: 0 | AA25: 40 | AB25: 14 | AC25: =AC24+1 -> 16 | AD25: 15009 | AE25: 1615
A26: =A25+1 -> 17 | B26: 6913.14 | C26: 334697 | D26: =C26-C25 -> 42 | E26: =C26-152000 -> 182697 | F26: =D26/$D$2 -> 21.174691 | G26: 95 | H26: 3.8 | I26: =G26+H26 -> 98.8 | J26: =IF(L26>0,L26,0) -> 0 | K26: =I26+J26 -> 98.8 | L26: =F26-(I26-W26) -> -33.425309 | M26: 4.2 | N26: 0 | O26: =M26-N26 -> 4.2 | P26: 0 | Q26: 0 | R26: =SUM(O26:Q26) -> 4.2 | T26: 0 | U26: 40 | V26: =V25-U26 -> 5340 | W26: =N26+R26+T26+U26 -> 44.2 | X26: =IF(L26<0,L26*-1,0) -> 33.425309 | Y26: =W26+X26 -> 77.625309 | Z26: 0 | AA26: 43 | AB26: 16 | AC26: =AC25+1 -> 17 | AD26: 15112 | AE26: 1714
A27: =A26+1 -> 18 | B27: 6913.16 | C27: 334779 | D27: =C27-C26 -> 82 | E27: =C27-152000 -> 182779 | F27: =D27/$D$2 -> 41.341064 | G27: 110 | H27: 4 | I27: =G27+H27 -> 114 | J27: =IF(L27>0,L27,0) -> 0 | K27: =I27+J27 -> 114 | L27: =F27-(I27-W27) -> -29.658936 | M27: 3 | N27: 0 | O27: =M27-N27 -> 3 | P27: 0 | Q27: 0 | R27: =SUM(O27:Q27) -> 3 | T27: 0 | U27: 40 | V27: =V26-U27 -> 5300 | W27: =N27+R27+T27+U27 -> 43 | X27: =IF(L27<0,L27*-1,0) -> 29.658936 | Y27: =W27+X27 -> 72.658936 | Z27: 0 | AA27: 45 | AB27: 16 | AC27: =AC26+1 -> 18 | AD27: 15213 | AE27: 1812
A28: =A27+1 -> 19 | B28: 6913.2 | C28: 334943 | D28: =C28-C27 -> 164 | E28: =C28-152000 -> 182943 | F28: =D28/$D$2 -> 82.682128 | G28: 120 | H28: 4.1 | I28: =G28+H28 -> 124.1 | J28: =IF(L28>0,L28,0) -> 1.2621276 | K28: =I28+J28 -> 125.36213 | L28: =F28-(I28-W28) -> 1.2621276 | M28: 2.68 | N28: 0 | O28: =M28-N28 -> 2.68 | P28: 0 | Q28: 0 | R28: =SUM(O28:Q28) -> 2.68 | T28: 0 | U28: 40 | V28: =V27-U28 -> 5260 | W28: =N28+R28+T28+U28 -> 42.68 | X28: =IF(L28<0,L28*-1,0) -> 0 | Y28: =W28+X28 -> 42.68 | Z28: 0 | AA28: 53 | AB28: 24 | AC28: =AC27+1 -> 19 | AD28: 15295 | AE28: 1909
A29: =A28+1 -> 20 | B29: 6913.26 | C29: 335190 | D29: =C29-C28 -> 247 | E29: =C29-152000 -> 183190 | F29: =D29/$D$2 -> 124.52735 | G29: 115 | H29: 4 | I29: =G29+H29 -> 119 | J29: =IF(L29>0,L29,0) -> 48.197351 | K29: =I29+J29 -> 167.19735 | L29: =F29-(I29-W29) -> 48.197351 | M29: 2.67 | N29: 0 | O29: =M29-N29 -> 2.67 | P29: 0 | Q29: 0 | R29: =SUM(O29:Q29) -> 2.67 | T29: 0 | U29: 40 | V29: =V28-U29 -> 5220 | W29: =N29+R29+T29+U29 -> 42.67 | X29: =IF(L29<0,L29*-1,0) -> 0 | Y29: =W29+X29 -> 42.67 | Z29: 0 | AA29: 59 | AB29: 30 | AC29: =AC28+1 -> 20 | AD29: 15367 | AE29: 2006
A30: =A29+1 -> 21 | B30: 6913.28 | C30: 335272 | D30: =C30-C29 -> 82 | E30: =C30-152000 -> 183272 | F30: =D30/$D$2 -> 41.341064 | G30: 105 | H30: 4 | I30: =G30+H30 -> 109 | J30: =IF(L30>0,L30,0) -> 0 | K30: =I30+J30 -> 109 | L30: =F30-(I30-W30) -> -25.168936 | M30: 2.49 | N30: 0 | O30: =M30-N30 -> 2.49 | P30: 0 | Q30: 0 | R30: =SUM(O30:Q30) -> 2.49 | T30: 0 | U30: 40 | V30: =V29-U30 -> 5180 | W30: =N30+R30+T30+U30 -> 42.49 | X30: =IF(L30<0,L30*-1,0) -> 25.168936 | Y30: =W30+X30 -> 67.658936 | Z30: 0 | AA30: 48 | AB30: 19 | AC30: =AC29+1 -> 21 | AD30: 15445 | AE30: 2106 | AF30: 273.4
A31: =A30+1 -> 22 | B31: 6913.3 | C31: 335354 | D31: =C31-C30 -> 82 | E31: =C31-152000 -> 183354 | F31: =D31/$D$2 -> 41.341064 | G31: 103 | H31: 3.8 | I31: =G31+H31 -> 106.8 | J31: =IF(L31>0,L31,0) -> 0 | K31: =I31+J31 -> 106.8 | L31: =F31-(I31-W31) -> -22.978936 | M31: 2.49 | N31: 0 | O31: =M31-N31 -> 2.49 | P31: 0 | Q31: 0 | R31: =SUM(O31:Q31) -> 2.49 | T31: 0 | U31: 39.99 | V31: =V30-U31 -> 5140.01 | W31: =N31+R31+T31+U31 -> 42.48 | X31: =IF(L31<0,L31*-1,0) -> 22.978936 | Y31: =W31+X31 -> 65.458936 | Z31: 0 | AA31: 51 | AB31: 20 | AC31: =AC30+1 -> 22 | AD31: 15524 | AE31: 2203 | AF31: 249.63
A32: =A31+1 -> 23 | B32: 6913.31 | C32: 335395 | D32: =C32-C31 -> 41 | E32: =C32-152000 -> 183395 | F32: =D32/$D$2 -> 20.670532 | G32: 95 | H32: 3.7 | I32: =G32+H32 -> 98.7 | J32: =IF(L32>0,L32,0) -> 0 | K32: =I32+J32 -> 98.7 | L32: =F32-(I32-W32) -> -35.539468 | M32: 2.49 | N32: 0 | O32: =M32-N32 -> 2.49 | P32: 0 | Q32: 0 | R32: =SUM(O32:Q32) -> 2.49 | T32: 0 | U32: 40 | V32: =V31-U32 -> 5100.01 | W32: =N32+R32+T32+U32 -> 42.49 | X32: =IF(L32<0,L32*-1,0) -> 35.539468 | Y32: =W32+X32 -> 78.029468 | Z32: 0 | AA32: 54 | AB32: 21 | AC32: =AC31+1 -> 23 | AD32: 15607 | AE32: 2299 | AF32: 243.94
A33: =A32+1 -> 24 | B33: 6913.34 | C33: 335518 | D33: =C33-C32 -> 123 | E33: =C33-152000 -> 183518 | F33: =D33/$D$2 -> 62.011596 | G33: 100 | H33: 3.7 | I33: =G33+H33 -> 103.7 | J33: =IF(L33>0,L33,0) -> 0.80159566 | K33: =I33+J33 -> 104.5016 | L33: =F33-(I33-W33) -> 0.80159566 | M33: 2.49 | N33: 0 | O33: =M33-N33 -> 2.49 | P33: 0 | Q33: 0 | R33: =SUM(O33:Q33) -> 2.49 | T33: 0 | U33: 40 | V33: =V32-U33 -> 5060.01 | W33: =N33+R33+T33+U33 -> 42.49 | X33: =IF(L33<0,L33*-1,0) -> 0 | Y33: =W33+X33 -> 42.49 | Z33: 0 | AA33: 59 | AB33: 22 | AC33: =AC32+1 -> 24 | AD33: 15666 | AE33: 2395 | AF33: 243.15
A34: =A33+1 -> 25 | B34: 6913.36 | C34: 335601 | D34: =C34-C33 -> 83 | E34: =C34-152000 -> 183601 | F34: =D34/$D$2 -> 41.845223 | G34: 108 | H34: 3.7 | I34: =G34+H34 -> 111.7 | J34: =IF(L34>0,L34,0) -> 0 | K34: =I34+J34 -> 111.7 | L34: =F34-(I34-W34) -> -26.974777 | M34: 2.88 | N34: 0 | O34: =M34-N34 -> 2.88 | P34: 0 | Q34: 0 | R34: =SUM(O34:Q34) -> 2.88 | T34: 0 | U34: 40 | V34: =V33-U34 -> 5020.01 | W34: =N34+R34+T34+U34 -> 42.88 | X34: =IF(L34<0,L34*-1,0) -> 26.974777 | Y34: =W34+X34 -> 69.854777 | Z34: 0 | AA34: 54 | AB34: 36 | AC34: =AC33+1 -> 25 | AD34: 15726 | AE34: 2491 | AF34: 242.11
A35: =A34+1 -> 26 | B35: 6913.38 | C35: 335683 | D35: =C35-C34 -> 82 | E35: =C35-152000 -> 183683 | F35: =D35/$D$2 -> 41.341064 | G35: 115 | H35: 3.5 | I35: =G35+H35 -> 118.5 | J35: =IF(L35>0,L35,0) -> 0 | K35: =I35+J35 -> 118.5 | L35: =F35-(I35-W35) -> -33.178936 | M35: 2.98 | N35: 0 | O35: =M35-N35 -> 2.98 | P35: 0 | Q35: 0 | R35: =SUM(O35:Q35) -> 2.98 | T35: 0 | U35: 41 | V35: =V34-U35 -> 4979.01 | W35: =N35+R35+T35+U35 -> 43.98 | X35: =IF(L35<0,L35*-1,0) -> 33.178936 | Y35: =W35+X35 -> 77.158936 | Z35: 0 | AA35: 51 | AB35: 38 | AC35: =AC34+1 -> 26 | AD35: 15781 | AE35: 2589 | AF35: 244.72
A36: =A35+1 -> 27 | B36: 6913.45 | C36: 335970 | D36: =C36-C35 -> 287 | E36: =C36-152000 -> 183970 | F36: =D36/$D$2 -> 144.69372 | G36: 122 | H36: 4.1 | I36: =G36+H36 -> 126.1 | J36: =IF(L36>0,L36,0) -> 62.503723 | K36: =I36+J36 -> 188.60372 | L36: =F36-(I36-W36) -> 62.503723 | M36: 2.91 | N36: 0 | O36: =M36-N36 -> 2.91 | P36: 0 | Q36: 0 | R36: =SUM(O36:Q36) -> 2.91 | T36: 0 | U36: 41 | V36: =V35-U36 -> 4938.01 | W36: =N36+R36+T36+U36 -> 43.91 | X36: =IF(L36<0,L36*-1,0) -> 0 | Y36: =W36+X36 -> 43.91 | Z36: 0.15 | AA36: 48 | AB36: 34 | AC36: =AC35+1 -> 27 | AD36: 15841 | AE36: 2686 | AF36: 252.4
A37: =A36+1 -> 28 | B37: 6913.5 | C37: 336176 | D37: =C37-C36 -> 206 | E37: =C37-152000 -> 184176 | F37: =D37/$D$2 -> 103.85682 | G37: 106 | H37: 3.8 | I37: =G37+H37 -> 109.8 | J37: =IF(L37>0,L37,0) -> 37.836819 | K37: =I37+J37 -> 147.63682 | L37: =F37-(I37-W37) -> 37.836819 | M37: 2.78 | N37: 0 | O37: =M37-N37 -> 2.78 | P37: 0 | Q37: 0 | R37: =SUM(O37:Q37) -> 2.78 | T37: 0 | U37: 41 | V37: =V36-U37 -> 4897.01 | W37: =N37+R37+T37+U37 -> 43.78 | X37: =IF(L37<0,L37*-1,0) -> 0 | Y37: =W37+X37 -> 43.78 | Z37: 0.02 | AA37: 40 | AB37: 23 | AC37: =AC36+1 -> 28 | AD37: 804 | AE37: 2779 | AF37: 254.14
A38: =A37+1 -> 29 | B38: 6913.51 | C38: 336217 | D38: =C38-C37 -> 41 | E38: =C38-152000 -> 184217 | F38: =D38/$D$2 -> 20.670532 | G38: 93 | H38: 3.8 | I38: =G38+H38 -> 96.8 | J38: =IF(L38>0,L38,0) -> 0 | K38: =I38+J38 -> 96.8 | L38: =F38-(I38-W38) -> -32.349468 | M38: 2.78 | N38: 0 | O38: =M38-N38 -> 2.78 | P38: 0 | Q38: 0 | R38: =SUM(O38:Q38) -> 2.78 | T38: 0 | U38: 41 | V38: =V37-U38 -> 4856.01 | W38: =N38+R38+T38+U38 -> 43.78 | X38: =IF(L38<0,L38*-1,0) -> 32.349468 | Y38: =W38+X38 -> 76.129468 | Z38: 0 | AA38: 54 | AB38: 18 | AC38: =AC37+1 -> 29 | AD38: 862 | AE38: 2872 | AF38: 256.51
A39: 30 | B39: 6913.55 | C39: 336381 | D39: =C39-C38 -> 164 | E39: =C39-152000 -> 184381 | F39: =D39/$D$2 -> 82.682128 | G39: 98 | H39: 3.8 | I39: =G39+H39 -> 101.8 | J39: =IF(L39>0,L39,0) -> 25.032128 | K39: =I39+J39 -> 126.83213 | L39: =F39-(I39-W39) -> 25.032128 | M39: 3.15 | N39: 0 | O39: =M39-N39 -> 3.15 | P39: 0 | Q39: 0 | R39: =SUM(O39:Q39) -> 3.15 | T39: 0 | U39: 41 | V39: =V38-U39 -> 4815.01 | W39: =N39+R39+T39+U39 -> 44.15 | X39: =IF(L39<0,L39*-1,0) -> 0 | Y39: =W39+X39 -> 44.15 | Z39: 0 | AA39: 51 | AB39: 22 | AC39: 30 | AD39: 927 | AE39: 2965 | AF39: 248.45
A41: MONTH / CFS | F41: =SUM(F10:F39) -> 1447.4414 | G41: =SUM(G10:G39) -> 3641 | H41: =SUM(H10:H39) -> 134 | I41: =SUM(I10:I39) -> 3771.3 | J41: =SUM(J10:J39) -> 312.86244 | K41: =SUM(K10:K39) -> 4084.1624 | L41: =SUM(L10:L39) -> -195.42861 | M41: =SUM(M10:M39) -> 649.24 | ... R41: =SUM(R10:R39) -> 538.19 | T41: =SUM(T10:T39) -> 0 | U41: =SUM(U10:U39) -> 1332.99 | W41: =SUM(W10:W39) -> 2128.43 | X41: =SUM(X10:X39) -> 508.29104 | Y41: =SUM(Y10:Y39) -> 2636.721 | Z41: =SUM(Z10:Z39) -> 1.09 | AA41: =AVERAGE(AA10:AA39) -> 50.7 | AB41: =AVERAGE(AB10:AB39) -> 26.066667
A42: MONTH / AF | D42: =SUM(D10:D39) -> 2871 | F42: =F41*$D$2 -> 2871 | G42: =G41*$D$2 -> 7221.9235 | H42: =H41*$D$2 -> 265.789 | I42: =I41*$D$2 -> 7480.3736 | J42: =J41*$D$2 -> 620.56264 | K42: =K41*$D$2 -> 8100.9362 | L42: =L41*$D$2 -> -387.63265 | M42: =M41*$D$2 -> 1287.7675 | ... R42: =R41*$D$2 -> 1067.4999 | T42: =T41*$D$2 -> 0 | U42: =U41*$D$2 -> 2643.9857 | W42: =W41*$D$2 -> 4221.7409 | X42: =X41*$D$2 -> 1008.1953 | Y42: =Y41*$D$2 -> 5229.9362 | AA42: =MAX(AA10:AA39) -> 67 | AB42: =MAX(AB10:AB39) -> 38 | AC42: HI
A44: SEASON / CFS | AA44: =MIN(AA10:AA39) -> 36 | AB44: =MIN(AB10:AB39) -> 12 | AC44: LO
A45: SEASON / AF
A47: YTD / CFS | F47: =F8+F41 -> 1447.4414 | G47: =G8+G41 -> 3641 | H47: =H8+H41 -> 134 | I47: =I8+I41 -> 3771.3 | J47: =J8+J41 -> 312.86244 | K47: =K8+K41 -> 4084.1624 | L47: =L8+L41 -> -195.42861 | M47: =M8+M41 -> 649.24 | P47: =P8+P41 -> 0 | Q47: =Q8+Q41 -> 146.2 | R47: =R8+R41 -> 538.19 | T47: =T8+T41 -> 0 | U47: =U8+U41 -> 1332.99 | V47: =V39 -> 4815.01 | W47: =W8+W41 -> 2128.43 | X47: =X8+X41 -> 508.29104 | Y47: =Y8+Y41 -> 2636.721 | Z47: =Z8+Z41 -> 1.09
A48: YTD / AF | D48: =D8+D42 -> 2871 | E48: =E39 -> 184381 | F48: =F47*$D$2 -> 2871 | G48: =G47*$D$2 -> 7221.9235 | H48: =H47*$D$2 -> 265.789 | I48: =I47*$D$2 -> 7480.3736 | J48: =J47*$D$2 -> 620.56264 | K48: =K47*$D$2 -> 8100.9362 | L48: =L47*$D$2 -> -387.63265 | M48: =M47*$D$2 -> 1287.7675 | P48: =P47*$D$2 -> 0 | Q48: =Q47*$D$2 -> 289.9877 | R48: =R47*$D$2 -> 1067.4999 | S48: =S47*$D$2 -> 0 | T48: =T47*$D$2 -> 0 | U48: =U47*$D$2 -> 2643.9857 | V48: =V47*$D$2 -> 9550.5723 | W48: =W47*$D$2 -> 4221.7409 | ... Y48: =Y47*$D$2 -> 5229.9362

Sheet DEC
K1: MC PHEE RESERVOIR IN/OUT FLOW TABULATION
A2: AF/cfs CONVERT FACTOR | D2: 1.9835 | K2: DECEMBER "97"
A4: DATE | B4: RESERV | C4: RESERV | D4: AC FT | E4: ACTIVE | F4: CONV TO | G4: DOLORES | H4: LOST | I4: RECORDED | J4: CALC | K4: TOTAL | L4: CALC | M4: DOLORES TUNNEL | P4: LONE | Q4: U | R4: TOTAL | S4: MVI | T4: DV CR | U4: BELOW | V4: REMAIN | W4: RECORDED | X4: CALC | Y4: TOTAL | Z4: RAIN | AA4: MAX | AB4: MIN | AC4: DATE
A5: "DEC" | B5: ELEV | C5: AC FT | D5: CHANGE | E5: CAP | F5: CFS | G5: RIVER | H5: CANYON | I5: INFLOW | J5: INFLOW | K5: INFLOW | L5: INF/OTF | M5: TOT DIV | N5: UTE F&R | O5: MVI,CTZ | P5: PINE | Q5: LATERAL | R5: MVI | S5: CALL | T5: CANAL | U5: MC PHEE | V5: RELEASE | W5: OUTFLOW | X5: OUTFLOW | Y5: OUTFLOW | AA5: TMP | AB5: TMP | AC5: "DEC"
AD6: 741 | AE6: 742
A7: SEASON BAL
A8: YTD | B8: {=NOV!$B$39:$C$39} -> 6913.55 | C8: 336381 | D8: {=NOV!$D$48:$E$48} -> 2871 | E8: 184381 | F8: {=NOV!$F$47:$Z$47} -> 1447.4414 | G8: 3641 | H8: 134 | I8: 3771.3 | J8: 312.86244 | K8: 4084.1624 | L8: -195.42861 | M8: 649.24 | N8: 0 | O8: 0 | P8: 0 | Q8: 146.2 | R8: 538.19 | S8: 0 | T8: 0 | U8: 1332.99 | V8: 4815.01 | W8: 2128.43 | X8: 508.29104 | Y8: 2636.721 | Z8: 1.09 | AD8: 285 | AE8: 251 | AF8: 1207.63
A10: 1 | B10: 6913.61 | C10: 336628 | D10: =C10-C8 -> 247 | E10: =C10-152000 -> 184628 | F10: =D10/$D$2 -> 124.52735 | G10: 105 | H10: 3.8 | I10: =G10+H10 -> 108.8 | J10: =IF(L10>0,L10,0) -> 60.227351 | K10: =I10+J10 -> 169.02735 | L10: =F10-(I10-W10) -> 60.227351 | M10: 3.5 | N10: 0 | O10: =M10-N10 -> 3.5 | P10: 0 | Q10: 0 | R10: =SUM(O10:Q10) -> 3.5 | T10: 0 | U10: 41 | V10: =V8-U10 -> 4774.01 | W10: =R10+T10+N10+U10 -> 44.5 | X10: =IF(L10<0,L10*-1,0) -> 0 | Y10: =W10+X10 -> 44.5 | Z10: 0 | AA10: 45 | AB10: 33 | AC10: 1 | AD10: 303 | AE10: 273 | AF10: 1256.86
A11: =A10+1 -> 2 | B11: 6913.63 | C11: 336710 | D11: =C11-C10 -> 82 | E11: =C11-152000 -> 184710 | F11: =D11/$D$2 -> 41.341064 | G11: 104 | H11: 3.8 | I11: =G11+H11 -> 107.8 | J11: =IF(L11>0,L11,0) -> 0 | K11: =I11+J11 -> 107.8 | L11: =F11-(I11-W11) -> -22.358936 | M11: 3.1 | N11: 0 | O11: =M11-N11 -> 3.1 | P11: 0 | Q11: 0 | R11: =SUM(O11:Q11) -> 3.1 | T11: 0 | U11: 41 | V11: =V10-U11 -> 4733.01 | W11: =R11+T11+N11+U11 -> 44.1 | X11: =IF(L11<0,L11*-1,0) -> 22.358936 | Y11: =W11+X11 -> 66.458936 | Z11: 0 | AA11: 43 | AB11: 21 | AC11: =AC10+1 -> 2 | AD11: 306 | AE11: 300 | AF11: 1306.42
A12: =A11+1 -> 3 | B12: 6913.65 | C12: 336792 | D12: =C12-C11 -> 82 | E12: =C12-152000 -> 184792 | F12: =D12/$D$2 -> 41.341064 | G12: 103 | H12: 3.7 | I12: =G12+H12 -> 106.7 | J12: =IF(L12>0,L12,0) -> 0 | K12: =I12+J12 -> 106.7 | L12: =F12-(I12-W12) -> -21.278936 | M12: 3.08 | N12: 0 | O12: =M12-N12 -> 3.08 | P12: 0 | Q12: 0 | R12: =SUM(O12:Q12) -> 3.08 | T12: 0 | U12: 41 | V12: =V11-U12 -> 4692.01 | W12: =R12+T12+N12+U12 -> 44.08 | X12: =IF(L12<0,L12*-1,0) -> 21.278936 | Y12: =W12+X12 -> 65.358936 | Z12: 0 | AA12: 34 | AB12: 22 | AC12: =AC11+1 -> 3 | AD12: 316 | AE12: 341 | AF12: 1355.74
A13: =A12+1 -> 4 | B13: 6913.66 | C13: 336833 | D13: =C13-C12 -> 41 | E13: =C13-152000 -> 184833 | F13: =D13/$D$2 -> 20.670532 | G13: 82 | H13: 3.2 | I13: =G13+H13 -> 85.2 | J13: =IF(L13>0,L13,0) -> 0 | K13: =I13+J13 -> 85.2 | L13: =F13-(I13-W13) -> -20.449468 | M13: 3.08 | N13: 0 | O13: =M13-N13 -> 3.08 | P13: 0 | Q13: 0 | R13: =SUM(O13:Q13) -> 3.08 | T13: 0 | U13: 41 | V13: =V12-U13 -> 4651.01 | W13: =R13+T13+N13+U13 -> 44.08 | X13: =IF(L13<0,L13*-1,0) -> 20.449468 | Y13: =W13+X13 -> 64.529468 | Z13: 0 | AA13: 46 | AB13: 12 | AC13: =AC12+1 -> 4 | AD13: 316 | AE13: 395 | AF13: 1405.31
A14: =A13+1 -> 5 | B14: 6913.66 | C14: 336833 | D14: =C14-C13 -> 0 | E14: =C14-152000 -> 184833 | F14: =D14/$D$2 -> 0 | G14: 98 | H14: 3.2 | I14: =G14+H14 -> 101.2 | J14: =IF(L14>0,L14,0) -> 0 | K14: =I14+J14 -> 101.2 | L14: =F14-(I14-W14) -> -57.12 | M14: 3.08 | N14: 0 | O14: =M14-N14 -> 3.08 | P14: 0 | Q14: 0 | R14: =SUM(O14:Q14) -> 3.08 | T14: 0 | U14: 41 | V14: =V13-U14 -> 4610.01 | W14: =R14+T14+N14+U14 -> 44.08 | X14: =IF(L14<0,L14*-1,0) -> 57.12 | Y14: =W14+X14 -> 101.2 | Z14: 0 | AA14: 43 | AB14: 12 | AC14: =AC13+1 -> 5 | AD14: 316 | AE14: 466 | AF14: 1437.16
A15: =A14+1 -> 6 | B15: 6913.68 | C15: 336916 | D15: =C15-C14 -> 83 | E15: =C15-152000 -> 184916 | F15: =D15/$D$2 -> 41.845223 | G15: 95 | H15: 3.2 | I15: =G15 -> 95 | J15: =IF(L15>0,L15,0) -> 0 | K15: =I15+J15 -> 95 | L15: =F15-(I15-W15) -> -9.0747769 | M15: 3.08 | N15: 0 | O15: =M15-N15 -> 3.08 | P15: 0 | Q15: 0 | R15: =SUM(O15:Q15) -> 3.08 | T15: 0 | U15: 41 | V15: =V14-U15 -> 4569.01 | W15: =R15+T15+N15+U15 -> 44.08 | X15: =IF(L15<0,L15*-1,0) -> 9.0747769 | Y15: =W15+X15 -> 53.154777 | Z15: 0.11 | AA15: 48 | AB15: 10 | AC15: =AC14+1 -> 6 | AD15: 325 | AE15: 538 | AF15: 1467.01
A16: =A15+1 -> 7 | B16: 6913.73 | C16: 337121 | D16: =C16-C15 -> 205 | E16: =C16-152000 -> 185121 | F16: =D16/$D$2 -> 103.35266 | G16: 100 | H16: 3.2 | I16: =G16+H16 -> 103.2 | J16: =IF(L16>0,L16,0) -> 44.232659 | K16: =I16+J16 -> 147.43266 | L16: =F16-(I16-W16) -> 44.232659 | M16: 3.08 | N16: 0 | O16: =M16-N16 -> 3.08 | P16: 0 | Q16: 0 | R16: =SUM(O16:Q16) -> 3.08 | T16: 0 | U16: 41 | V16: =V15-U16 -> 4528.01 | W16: =R16+T16+N16+U16 -> 44.08 | X16: =IF(L16<0,L16*-1,0) -> 0 | Y16: =W16+X16 -> 44.08 | Z16: 0.56 | AA16: 37 | AB16: 28 | AC16: =AC15+1 -> 7 | AD16: 342 | AE16: 618 | AF16: 1496.64
A17: =A16+1 -> 8 | B17: 6913.78 | C17: 337327 | D17: =C17-C16 -> 206 | E17: =C17-152000 -> 185327 | F17: =D17/$D$2 -> 103.85682 | G17: 95 | H17: 3.3 | I17: =G17+H17 -> 98.3 | J17: =IF(L17>0,L17,0) -> 49.636819 | K17: =I17+J17 -> 147.93682 | L17: =F17-(I17-W17) -> 49.636819 | M17: 3.08 | N17: 0 | O17: =M17-N17 -> 3.08 | P17: 0 | Q17: 0 | R17: =SUM(O17:Q17) -> 3.08 | T17: 0 | U17: 41 | V17: =V16-U17 -> 4487.01 | W17: =R17+T17+N17+U17 -> 44.08 | X17: =IF(L17<0,L17*-1,0) -> 0 | Y17: =W17+X17 -> 44.08 | Z17: 0.16 | AA17: 35 | AB17: 30 | AC17: =AC16+1 -> 8 | AD17: 367 | AE17: 704 | AF17: 1526.51
A18: =A17+1 -> 9 | B18: 6913.8 | C18: 337409 | D18: =C18-C17 -> 82 | E18: =C18-152000 -> 185409 | F18: =D18/$D$2 -> 41.341064 | G18: 90 | H18: 3.5 | I18: =G18+H18 -> 93.5 | J18: =IF(L18>0,L18,0) -> 0 | K18: =I18+J18 -> 93.5 | L18: =F18-(I18-W18) -> -2.0789362 | M18: 3.08 | N18: 0 | O18: =M18-N18 -> 3.08 | P18: 0 | Q18: 0 | R18: =SUM(O18:Q18) -> 3.08 | T18: 0 | U18: 47 | V18: =V17-U18 -> 4440.01 | W18: =R18+T18+N18+U18 -> 50.08 | X18: =IF(L18<0,L18*-1,0) -> 2.0789362 | Y18: =W18+X18 -> 52.158936 | Z18: 0 | AA18: 37 | AB18: 16 | AC18: =AC17+1 -> 9 | AD18: 390 | AE18: 805 | AF18: 1561.24
A19: =A18+1 -> 10 | B19: 6913.81 | C19: 337450 | D19: =C19-C18 -> 41 | E19: =C19-152000 -> 185450 | F19: =D19/$D$2 -> 20.670532 | G19: 82 | H19: 3.7 | I19: =G19+H19 -> 85.7 | J19: =IF(L19>0,L19,0) -> 0 | K19: =I19+J19 -> 85.7 | L19: =F19-(I19-W19) -> -7.9494681 | M19: 3.08 | N19: 0 | O19: =M19-N19 -> 3.08 | P19: 0 | Q19: 0 | R19: =SUM(O19:Q19) -> 3.08 | T19: 0 | U19: 54 | V19: =V18-U19 -> 4386.01 | W19: =R19+T19+N19+U19 -> 57.08 | X19: =IF(L19<0,L19*-1,0) -> 7.9494681 | Y19: =W19+X19 -> 65.029468 | Z19: 0 | AA19: 25 | AB19: 17 | AC19: =AC18+1 -> 10 | AD19: 437 | AE19: 920 | AF19: 1600.39
A20: =A19+1 -> 11 | B20: 6913.82 | C20: 337491 | D20: =C20-C19 -> 41 | E20: =C20-152000 -> 185491 | F20: =D20/$D$2 -> 20.670532 | G20: 70 | H20: 3.9 | I20: =G20+H20 -> 73.9 | J20: =IF(L20>0,L20,0) -> 3.7705319 | K20: =I20+J20 -> 77.670532 | L20: =F20-(I20-W20) -> 3.7705319 | M20: 3 | N20: 0 | O20: =M20-N20 -> 3 | P20: 0 | Q20: 0 | R20: =SUM(O20:Q20) -> 3 | T20: 0 | U20: 54 | V20: =V19-U20 -> 4332.01 | W20: =R20+T20+N20+U20 -> 57 | X20: =IF(L20<0,L20*-1,0) -> 0 | Y20: =W20+X20 -> 57 | Z20: 0 | AA20: 32 | AB20: 12 | AC20: =AC19+1 -> 11 | AD20: 498 | AE20: 1048 | AF20: 1642
A21: =A20+1 -> 12 | B21: 6913.82 | C21: 337491 | D21: =C21-C20 -> 0 | E21: =C21-152000 -> 185491 | F21: =D21/$D$2 -> 0 | G21: 66 | H21: 4.2 | I21: =G21+H21 -> 70.2 | J21: =IF(L21>0,L21,0) -> 0 | K21: =I21+J21 -> 70.2 | L21: =F21-(I21-W21) -> -13.42 | M21: 2.78 | N21: 0 | O21: =M21-N21 -> 2.78 | P21: 0 | Q21: 0 | R21: =SUM(O21:Q21) -> 2.78 | T21: 0 | U21: 54 | V21: =V20-U21 -> 4278.01 | W21: =R21+T21+N21+U21 -> 56.78 | X21: =IF(L21<0,L21*-1,0) -> 13.42 | Y21: =W21+X21 -> 70.2 | Z21: 0 | AA21: 44 | AB21: 4 | AC21: =AC20+1 -> 12 | AD21: 572 | AE21: 1182 | AF21: 1683.42
A22: =A21+1 -> 13 | B22: 6913.83 | C22: 337532 | D22: =C22-C21 -> 41 | E22: =C22-152000 -> 185532 | F22: =D22/$D$2 -> 20.670532 | G22: 80 | H22: 4.4 | I22: =G22+H22 -> 84.4 | J22: =IF(L22>0,L22,0) -> 0 | K22: =I22+J22 -> 84.4 | L22: =F22-(I22-W22) -> -5.9494681 | M22: 2.78 | N22: 0 | O22: =M22-N22 -> 2.78 | P22: 0 | Q22: 0 | R22: =SUM(O22:Q22) -> 2.78 | T22: 0 | U22: 55 | V22: =V21-U22 -> 4223.01 | W22: =R22+T22+N22+U22 -> 57.78 | X22: =IF(L22<0,L22*-1,0) -> 5.9494681 | Y22: =W22+X22 -> 63.729468 | Z22: 0 | AA22: 47 | AB22: 7 | AC22: =AC21+1 -> 13 | AD22: 716 | AE22: 1339 | AF22: 1725.1
A23: =A22+1 -> 14 | B23: 6913.83 | C23: 337532 | D23: =C23-C22 -> 0 | E23: =C23-152000 -> 185532 | F23: =D23/$D$2 -> 0 | G23: 86 | H23: 4.6 | I23: =G23+H23 -> 90.6 | J23: =IF(L23>0,L23,0) -> 0 | K23: =I23+J23 -> 90.6 | L23: =F23-(I23-W23) -> -29.57 | M23: 3 | N23: 0 | O23: =M23-N23 -> 3 | P23: 0 | Q23: 0 | R23: =SUM(O23:Q23) -> 3 | T23: 0 | U23: 58.03 | V23: =V22-U23 -> 4164.98 | W23: =R23+T23+N23+U23 -> 61.03 | X23: =IF(L23<0,L23*-1,0) -> 29.57 | Y23: =W23+X23 -> 90.6 | Z23: 0 | AA23: 51 | AB23: 9 | AC23: =AC22+1 -> 14 | AD23: 901 | AE23: 1500 | AF23: 1766.22
A24: =A23+1 -> 15 | B24: 6913.84 | C24: 337573 | D24: =C24-C23 -> 41 | E24: =C24-152000 -> 185573 | F24: =D24/$D$2 -> 20.670532 | G24: 86 | H24: 4.9 | I24: =G24+H24 -> 90.9 | J24: =IF(L24>0,L24,0) -> 0 | K24: =I24+J24 -> 90.9 | L24: =F24-(I24-W24) -> -12.839468 | M24: 3.39 | N24: 0 | O24: =M24-N24 -> 3.39 | P24: 0 | Q24: 0 | R24: =SUM(O24:Q24) -> 3.39 | T24: 0 | U24: 54 | V24: =V23-U24 -> 4110.98 | W24: =R24+T24+N24+U24 -> 57.39 | X24: =IF(L24<0,L24*-1,0) -> 12.839468 | Y24: =W24+X24 -> 70.229468 | Z24: 0 | AA24: 49 | AB24: 19 | AC24: =AC23+1 -> 15 | AD24: 1075 | AE24: 1662 | AF24: 1807.54
A25: =A24+1 -> 16 | B25: 6913.85 | C25: 337614 | D25: =C25-C24 -> 41 | E25: =C25-152000 -> 185614 | F25: =D25/$D$2 -> 20.670532 | G25: 82 | H25: 4.6 | I25: =G25+H25 -> 86.6 | J25: =IF(L25>0,L25,0) -> 0 | K25: 78.2 | L25: =F25-(I25-W25) -> -8.5394681 | M25: 3.39 | N25: 0 | O25: =M25-N25 -> 3.39 | P25: 0 | Q25: 0 | R25: =SUM(O25:Q25) -> 3.39 | T25: 0 | U25: 54 | V25: =V24-U25 -> 4056.98 | W25: =R25+T25+N25+U25 -> 57.39 | X25: =IF(L25<0,L25*-1,0) -> 8.5394681 | Y25: =W25+X25 -> 65.929468 | Z25: 0 | AA25: 47 | AB25: 12 | AC25: =AC24+1 -> 16 | AD25: 1313 | AE25: 1828 | AF25: 1858.73
A26: =A25+1 -> 17 | B26: 6913.86 | C26: 337655 | D26: =C26-C25 -> 41 | E26: =C26-152000 -> 185655 | F26: =D26/$D$2 -> 20.670532 | G26: 85 | H26: 4.7 | I26: =G26+H26 -> 89.7 | J26: =IF(L26>0,L26,0) -> 0 | K26: =I26+J26 -> 89.7 | L26: =F26-(I26-W26) -> -11.639468 | M26: 3.39 | N26: 0 | O26: =M26-N26 -> 3.39 | P26: 0 | Q26: 0 | R26: =SUM(O26:Q26) -> 3.39 | T26: 0 | U26: 54 | V26: =V25-U26 -> 4002.98 | W26: =R26+T26+N26+U26 -> 57.39 | X26: =IF(L26<0,L26*-1,0) -> 11.639468 | Y26: =W26+X26 -> 69.029468 | Z26: 0 | AA26: 48 | AB26: 20 | AC26: =AC25+1 -> 17 | AD26: 1559 | AE26: 1968 | AF26: 1921.09
A27: =A26+1 -> 18 | B27: 6913.87 | C27: 337696 | D27: =C27-C26 -> 41 | E27: =C27-152000 -> 185696 | F27: =D27/$D$2 -> 20.670532 | G27: 85 | H27: 4.9 | I27: =G27+H27 -> 89.9 | J27: =IF(L27>0,L27,0) -> 0 | K27: =I27+J27 -> 89.9 | L27: =F27-(I27-W27) -> -11.839468 | M27: 3.39 | N27: 0 | O27: =M27-N27 -> 3.39 | P27: 0 | Q27: 0 | R27: =SUM(O27:Q27) -> 3.39 | T27: 0 | U27: 54 | V27: =V26-U27 -> 3948.98 | W27: =R27+T27+N27+U27 -> 57.39 | X27: =IF(L27<0,L27*-1,0) -> 11.839468 | Y27: =W27+X27 -> 69.229468 | Z27: 0 | AA27: 51 | AB27: 10 | AC27: =AC26+1 -> 18 | AD27: 1867 | AE27: 2133 | AF27: 1990.83
A28: =A27+1 -> 19 | B28: 6913.88 | C28: 337737 | D28: =C28-C27 -> 41 | E28: =C28-152000 -> 185737 | F28: =D28/$D$2 -> 20.670532 | G28: 80 | H28: 4.3 | I28: =G28+H28 -> 84.3 | J28: =IF(L28>0,L28,0) -> 0 | K28: =I28+J28 -> 84.3 | L28: =F28-(I28-W28) -> -6.2394681 | M28: 3.39 | N28: 0 | O28: =M28-N28 -> 3.39 | P28: 0 | Q28: 0 | R28: =SUM(O28:Q28) -> 3.39 | T28: 0 | U28: 54 | V28: =V27-U28 -> 3894.98 | W28: =R28+T28+N28+U28 -> 57.39 | X28: =IF(L28<0,L28*-1,0) -> 6.2394681 | Y28: =W28+X28 -> 63.629468 | Z28: 0 | AA28: 51 | AB28: 21 | AC28: =AC27+1 -> 19 | AD28: 2157 | AE28: 2304 | AF28: 2064.09
A29: =A28+1 -> 20 | B29: 6913.88 | C29: 337737 | D29: =C29-C28 -> 0 | E29: =C29-152000 -> 185737 | F29: =D29/$D$2 -> 0 | G29: 80 | H29: 4.2 | I29: =G29+H29 -> 84.2 | J29: =IF(L29>0,L29,0) -> 0 | K29: =I29+J29 -> 84.2 | L29: =F29-(I29-W29) -> -26.83 | M29: 3.39 | N29: 0 | O29: =M29-N29 -> 3.39 | P29: 0 | Q29: 0 | R29: =SUM(O29:Q29) -> 3.39 | T29: 0 | U29: 53.98 | V29: =V28-U29 -> 3841 | W29: =R29+T29+N29+U29 -> 57.37 | X29: =IF(L29<0,L29*-1,0) -> 26.83 | Y29: =W29+X29 -> 84.2 | Z29: 0 | AA29: 44 | AB29: 21 | AC29: =AC28+1 -> 20 | AD29: 2443 | AE29: 2474 | AF29: 2135.47
A30: =A29+1 -> 21 | B30: 6913.89 | C30: 337779 | D30: =C30-C29 -> 42 | E30: =C30-152000 -> 185779 | F30: =D30/$D$2 -> 21.174691 | G30: 80 | H30: 4.4 | I30: =G30+H30 -> 84.4 | J30: =IF(L30>0,L30,0) -> 0 | K30: =I30+J30 -> 84.4 | L30: =F30-(I30-W30) -> -5.8353088 | M30: 3.39 | N30: 0 | O30: =M30-N30 -> 3.39 | P30: 0 | Q30: 0 | R30: =SUM(O30:Q30) -> 3.39 | T30: 0 | U30: 54 | V30: =V29-U30 -> 3787 | W30: =R30+T30+N30+U30 -> 57.39 | X30: =IF(L30<0,L30*-1,0) -> 5.8353088 | Y30: =W30+X30 -> 63.225309 | Z30: 0 | AA30: 32 | AB30: 19 | AC30: =AC29+1 -> 21 | AD30: 2760 | AE30: 2645 | AF30: 2202.37
A31: =A30+1 -> 22 | B31: 6913.9 | C31: 337820 | D31: =C31-C30 -> 41 | E31: =C31-152000 -> 185820 | F31: =D31/$D$2 -> 20.670532 | G31: 85 | H31: 4.6 | I31: =G31+H31 -> 89.6 | J31: =IF(L31>0,L31,0) -> 0 | K31: =I31+J31 -> 89.6 | L31: =F31-(I31-W31) -> -18.539468 | M31: 3.39 | N31: 0 | O31: =M31-N31 -> 3.39 | P31: 0 | Q31: 0 | R31: =SUM(O31:Q31) -> 3.39 | T31: 0 | U31: 47 | V31: =V30-U31 -> 3740 | W31: =R31+T31+N31+U31 -> 50.39 | X31: =IF(L31<0,L31*-1,0) -> 18.539468 | Y31: =W31+X31 -> 68.929468 | Z31: 0 | AA31: 42 | AB31: 8 | AC31: =AC30+1 -> 22 | AD31: 3077 | AE31: 2820 | AF31: 2257.56
A32: =A31+1 -> 23 | B32: 6913.91 | C32: 337861 | D32: =C32-C31 -> 41 | E32: =C32-152000 -> 185861 | F32: =D32/$D$2 -> 20.670532 | G32: 82 | H32: 4.6 | I32: =G32+H32 -> 86.6 | J32: =IF(L32>0,L32,0) -> 0 | K32: =I32+J32 -> 86.6 | L32: =F32-(I32-W32) -> -20.579468 | M32: 3.39 | N32: 0 | O32: =M32-N32 -> 3.39 | P32: 0 | Q32: 0 | R32: =SUM(O32:Q32) -> 3.39 | T32: 0 | U32: 41.96 | V32: =V31-U32 -> 3698.04 | W32: =R32+T32+N32+U32 -> 45.35 | X32: =IF(L32<0,L32*-1,0) -> 20.579468 | Y32: =W32+X32 -> 65.929468 | Z32: 0 | AA32: 40 | AB32: 8 | AC32: =AC31+1 -> 23 | AD32: 3431 | AE32: 2986 | AF32: 2305.82
A33: =A32+1 -> 24 | B33: 6913.93 | C33: 337943 | D33: =C33-C32 -> 82 | E33: =C33-152000 -> 185943 | F33: =D33/$D$2 -> 41.341064 | G33: 78 | H33: 4.5 | I33: =G33+H33 -> 82.5 | J33: =IF(L33>0,L33,0) -> 3.2310638 | K33: =I33+J33 -> 85.731064 | L33: =F33-(I33-W33) -> 3.2310638 | M33: 3.39 | N33: 0 | O33: =M33-N33 -> 3.39 | P33: 0 | Q33: 0 | R33: =SUM(O33:Q33) -> 3.39 | T33: 0 | U33: 41 | V33: =V32-U33 -> 3657.04 | W33: =R33+T33+N33+U33 -> 44.39 | X33: =IF(L33<0,L33*-1,0) -> 0 | Y33: =W33+X33 -> 44.39 | Z33: 0.04 | AA33: 31 | AB33: 14 | AC33: =AC32+1 -> 24 | AD33: 3778 | AE33: 3159 | AF33: 2351.3
A34: =A33+1 -> 25 | B34: 6913.97 | C34: 338107 | D34: =C34-C33 -> 164 | E34: =C34-152000 -> 186107 | F34: =D34/$D$2 -> 82.682128 | G34: 70 | H34: 4.4 | I34: =G34+H34 -> 74.4 | J34: =IF(L34>0,L34,0) -> 52.672128 | K34: =I34+J34 -> 127.07213 | L34: =F34-(I34-W34) -> 52.672128 | M34: 3.39 | N34: 0 | O34: =M34-N34 -> 3.39 | P34: 0 | Q34: 0 | R34: =SUM(O34:Q34) -> 3.39 | T34: 0 | U34: 41 | V34: =V33-U34 -> 3616.04 | W34: =R34+T34+N34+U34 -> 44.39 | X34: =IF(L34<0,L34*-1,0) -> 0 | Y34: =W34+X34 -> 44.39 | Z34: 0.03 | AA34: 29 | AB34: 8 | AC34: =AC33+1 -> 25 | AD34: 4048 | AE34: 3332 | AF34: 2362.83
A35: =A34+1 -> 26 | B35: 6914.01 | C35: 338272 | D35: =C35-C34 -> 165 | E35: =C35-152000 -> 186272 | F35: =D35/$D$2 -> 83.186287 | G35: 60 | H35: 3.3 | I35: =G35+H35 -> 63.3 | J35: =IF(L35>0,L35,0) -> 64.276287 | K35: =I35+J35 -> 127.57629 | L35: =F35-(I35-W35) -> 64.276287 | M35: 3.39 | N35: 0 | O35: =M35-N35 -> 3.39 | P35: 0 | Q35: 0 | R35: =SUM(O35:Q35) -> 3.39 | T35: 0 | U35: 41 | V35: =V34-U35 -> 3575.04 | W35: =R35+T35+N35+U35 -> 44.39 | X35: =IF(L35<0,L35*-1,0) -> 0 | Y35: =W35+X35 -> 44.39 | Z35: 0 | AA35: 34 | AB35: 2 | AC35: =AC34+1 -> 26 | AD35: 4274 | AE35: 3506 | AF35: 2362.83
A36: =A35+1 -> 27 | B36: 6914.03 | C36: 338355 | D36: =C36-C35 -> 83 | E36: =C36-152000 -> 186355 | F36: =D36/$D$2 -> 41.845223 | G36: 62 | H36: 3.4 | I36: =G36+H36 -> 65.4 | J36: =IF(L36>0,L36,0) -> 22.295223 | K36: =I36+J36 -> 87.695223 | L36: =F36-(I36-W36) -> 22.295223 | M36: 4.85 | N36: 0 | O36: =M36-N36 -> 4.85 | P36: 0 | Q36: 0 | R36: =SUM(O36:Q36) -> 4.85 | T36: 0 | U36: 41 | V36: =V35-U36 -> 3534.04 | W36: =R36+T36+N36+U36 -> 45.85 | X36: =IF(L36<0,L36*-1,0) -> 0 | Y36: =W36+X36 -> 45.85 | Z36: 0 | AA36: 32 | AB36: 2 | AC36: =AC35+1 -> 27 | AD36: 4501 | AE36: 3671 | AF36: 2362.83
A37: =A36+1 -> 28 | B37: 6914.04 | C37: 338396 | D37: =C37-C36 -> 41 | E37: =C37-152000 -> 186396 | F37: =D37/$D$2 -> 20.670532 | G37: 64 | H37: 3.5 | I37: =G37+H37 -> 67.5 | J37: =IF(L37>0,L37,0) -> 0.46053189 | K37: =I37+J37 -> 67.960532 | L37: =F37-(I37-W37) -> 0.46053189 | M37: 6.29 | N37: 0 | O37: =M37-N37 -> 6.29 | P37: 0 | Q37: 0 | R37: =SUM(O37:Q37) -> 6.29 | T37: 0 | U37: 41 | V37: =V36-U37 -> 3493.04 | W37: =R37+T37+N37+U37 -> 47.29 | X37: =IF(L37<0,L37*-1,0) -> 0 | Y37: =W37+X37 -> 47.29 | Z37: 0 | AA37: 38 | AB37: 8 | AC37: =AC36+1 -> 28 | AD37: 4723 | AE37: 3836 | AF37: 2362.83
A38: =A37+1 -> 29 | B38: 6914.06 | C38: 338479 | D38: =C38-C37 -> 83 | E38: =C38-152000 -> 186479 | F38: =D38/$D$2 -> 41.845223 | G38: 70 | H38: 3.8 | I38: =G38+H38 -> 73.8 | J38: =IF(L38>0,L38,0) -> 15.335223 | K38: =I38+J38 -> 89.135223 | L38: =F38-(I38-W38) -> 15.335223 | M38: 6.29 | N38: 0 | O38: =M38-N38 -> 6.29 | P38: 0 | Q38: 0 | R38: =SUM(O38:Q38) -> 6.29 | T38: 0 | U38: 41 | V38: =V37-U38 -> 3452.04 | W38: =R38+T38+N38+U38 -> 47.29 | X38: =IF(L38<0,L38*-1,0) -> 0 | Y38: =W38+X38 -> 47.29 | Z38: 0 | AA38: 48 | AB38: 10 | AC38: =AC37+1 -> 29 | AD38: 4963 | AE38: 4000 | AF38: 2362.83
A39: 30 | B39: 6914.08 | C39: 338562 | D39: =C39-C38 -> 83 | E39: =C39-152000 -> 186562 | F39: =D39/$D$2 -> 41.845223 | G39: 72 | H39: 4.1 | I39: =G39+H39 -> 76.1 | J39: =IF(L39>0,L39,0) -> 13.035223 | K39: =I39+J39 -> 89.135223 | L39: =F39-(I39-W39) -> 13.035223 | M39: 6.29 | N39: 0 | O39: =M39-N39 -> 6.29 | P39: 0 | Q39: 0 | R39: =SUM(O39:Q39) -> 6.29 | T39: 0 | U39: 41 | V39: =V38-U39 -> 3411.04 | W39: =R39+T39+N39+U39 -> 47.29 | X39: =IF(L39<0,L39*-1,0) -> 0 | Y39: =W39+X39 -> 47.29 | Z39: 0 | AA39: 50 | AB39: 12 | AC39: 30 | AD39: 5210 | AE39: 4166 | AF39: 2362.83
A40: 31 | B40: 6914.09 | C40: 338603 | D40: =C40-C39 -> 41 | E40: =C40-152000 -> 186603 | F40: =D40/$D$2 -> 20.670532 | G40: 75 | H40: 4.3 | I40: =G40+H40 -> 79.3 | J40: =IF(L40>0,L40,0) -> 0 | K40: =I40+J40 -> 79.3 | L40: =F40-(I40-W40) -> -11.339468 | M40: 6.29 | N40: 0 | O40: =M40-N40 -> 6.29 | P40: 0 | Q40: 0 | R40: =SUM(O40:Q40) -> 6.29 | T40: 0 | U40: 41 | V40: =V39-U40 -> 3370.04 | W40: =R40+T40+N40+U40 -> 47.29 | X40: =IF(L40<0,L40*-1,0) -> 11.339468 | Y40: =W40+X40 -> 58.629468 | Z40: 0 | AA40: 50 | AB40: 12 | AC40: 31 | AD40: 5455 | AE40: 4334 | AF40: 2403.37
A42: MONTH / CFS | F42: =SUM(F10:F40) -> 1120.242 | G42: =SUM(G10:G40) -> 2552 | H42: =SUM(H10:H40) -> 124.2 | I42: =SUM(I10:I40) -> 2673 | J42: =SUM(J10:J40) -> 329.17304 | K42: =SUM(K10:K40) -> 2993.773 | L42: =SUM(L10:L40) -> 5.7019965 | M42: =SUM(M10:M40) -> 113.49 | ... R42: =SUM(R10:R40) -> 113.49 | T42: =SUM(T10:T40) -> 0 | U42: =SUM(U10:U40) -> 1444.97 | V42: =V40 -> 3370.04 | W42: =SUM(W10:W40) -> 1558.46 | X42: =SUM(X10:X40) -> 323.47104 | Y42: =SUM(Y10:Y40) -> 1881.931 | Z42: =SUM(Z10:Z40) -> 0.9 | AA42: =AVERAGE(AA10:AA40) -> 41.387097 | AB42: =AVERAGE(AB10:AB40) -> 14.16129
A43: MONTH / AF | D43: =SUM(D10:D40) -> 2222 | F43: =F42*$D$2 -> 2222 | G43: =G42*$D$2 -> 5061.892 | H43: =H42*$D$2 -> 246.3507 | I43: =I42*$D$2 -> 5301.8955 | J43: =J42*$D$2 -> 652.91472 | K43: =K42*$D$2 -> 5938.1488 | L43: =L42*$D$2 -> 11.30991 | M43: =M42*$D$2 -> 225.10742 | ... R43: =R42*$D$2 -> 225.10742 | T43: =T42*$D$2 -> 0 | U43: =U42*$D$2 -> 2866.098 | V43: =V42*$D$2 -> 6684.4743 | W43: =W42*$D$2 -> 3091.2054 | X43: =X42*$D$2 -> 641.60482 | Y43: =Y42*$D$2 -> 3732.8102 | AA43: =MAX(AA10:AA40) -> 51 | AB43: =MAX(AB10:AB40) -> 33 | AC43: HI
A45: SEASON / CFS | AA45: =MIN(AA10:AA40) -> 25 | AB45: =MIN(AB10:AB40) -> 2 | AC45: LO
A46: SEASON / AF
A48: YTD / CFS | F48: =F8+F42 -> 2567.6834 | G48: =G8+G42 -> 6193 | H48: =H8+H42 -> 258.2 | I48: =I8+I42 -> 6444.3 | J48: =J8+J42 -> 642.03548 | K48: =K8+K42 -> 7077.9355 | L48: =L8+L42 -> -189.72661 | M48: =M8+M42 -> 762.73 | ... R48: =R8+R42 -> 651.68 | T48: =T8+T42 -> 0 | U48: =U8+U42 -> 2777.96 | V48: =V40 -> 3370.04 | W48: =W8+W42 -> 3686.89 | X48: =X8+X42 -> 831.76209 | Y48: =Y8+Y42 -> 4518.6521 | Z48: =Z8+Z42 -> 1.99
A49: YTD / AF | D49: =D8+D43 -> 5093 | E49: =E40 -> 186603 | F49: =F48*$D$2 -> 5093 | G49: =G48*$D$2 -> 12283.816 | H49: =H48*$D$2 -> 512.1397 | I49: =I48*$D$2 -> 12782.269 | J49: =J48*$D$2 -> 1273.4774 | K49: =K48*$D$2 -> 14039.085 | L49: =L48*$D$2 -> -376.32274 | M49: =M48*$D$2 -> 1512.875 | ... U49: =U48*$D$2 -> 5510.0837 | V49: =V40*$D$2 -> 6684.4743 | W49: =W48*$D$2 -> 7312.9463 | X49: =X48*$D$2 -> 1649.8001 | Y49: =Y48*$D$2 -> 8962.7464
A51: ="JUN /9" -> JUN /9
B52: 6924.15 | C52: 381833 | E52: =C52-152000 -> 229833
A53: ="5/12/94 thru 6/9/94" -> 5/12/94 thru 6/9/94
B54: =B52-B21 -> 10.33 | D54: =C52-C22 -> 44301

Sheet JAN
K1: MC PHEE RESERVOIR IN/OUT FLOW TABULATION
A2: AF/cfs CONVERT FACTOR | D2: 1.9835 | K2: JANUARY "98"
A4: DATE | B4: RESERV | C4: RESERV | D4: AC FT | E4: ACTIVE | F4: CONV TO | G4: DOLORES | H4: LOST | I4: RECORDED | J4: CALC | K4: TOTAL | L4: CALC | M4: DOLORES TUNNEL | P4: LONE | Q4: U | R4: TOTAL | S4: MVI | T4: DV CR | U4: BELOW | V4: REMAIN | W4: RECORDED | X4: CALC | Y4: TOTAL | Z4: RAIN | AA4: MAX | AB4: MIN | AC4: DATE
A5: "JAN" | B5: ELEV | C5: AC FT | D5: CHANGE | E5: CAP | F5: CFS | G5: RIVER | H5: CANYON | I5: INFLOW | J5: INFLOW | K5: INFLOW | L5: INF/OTF | M5: TOT DIV | N5: UTE F&R | O5: MVI,CTZ | P5: PINE | Q5: LATERAL | R5: MVI | S5: CALL | T5: CANAL | U5: MC PHEE | V5: RELEASE | W5: OUTFLOW | X5: OUTFLOW | Y5: OUTFLOW | AA5: TMP | AB5: TMP | AC5: "JAN"
A7: SEASON BAL
A8: YTD | B8: {=DEC!$B$40:$C$40} -> 6914.09 | C8: 338603 | D8: {=DEC!$D$49:$E$49} -> 5093 | E8: 186603 | F8: {=DEC!$F$48:$Z$48} -> 2567.6834 | G8: 6193 | H8: 258.2 | I8: 6444.3 | J8: 642.03548 | K8: 7077.9355 | L8: -189.72661 | M8: 762.73 | N8: 0 | O8: 113.49 | P8: 0 | Q8: 146.2 | R8: 651.68 | S8: 0 | T8: 0 | U8: 2777.96 | V8: 3370.04 | W8: 3686.89 | X8: 831.76209 | Y8: 4518.6521 | Z8: 1.99
A10: 1 | B10: 6914.1 | C10: 338645 | D10: =C10-C8 -> 42 | E10: =C10-152000 -> 186645 | F10: =D10/$D$2 -> 21.174691 | G10: 80 | H10: 4.5 | I10: =G10+H10 -> 84.5 | J10: =IF(L10>0,L10,0) -> 0 | K10: =I10+J10 -> 84.5 | L10: =F10-(I10-W10) -> -16.035309 | M10: 6.29 | N10: 0 | O10: =M10-N10 -> 6.29 | P10: 0 | Q10: 0 | R10: =SUM(O10:Q10) -> 6.29 | T10: 0 | U10: 41 | V10: =V8-U10 -> 3329.04 | W10: =R10+T10+N10+U10 -> 47.29 | X10: =IF(L10<0,L10*-1,0) -> 16.035309 | Y10: =W10+X10 -> 63.325309 | Z10: 0 | AA10: 53 | AB10: 14 | AC10: 1
A11: =A10+1 -> 2 | B11: 6914.12 | C11: 338728 | D11: =C11-C10 -> 83 | E11: =C11-152000 -> 186728 | F11: =D11/$D$2 -> 41.845223 | G11: 85 | H11: 4.8 | I11: =G11+H11 -> 89.8 | J11: =IF(L11>0,L11,0) -> 0 | K11: =I11+J11 -> 89.8 | L11: =F11-(I11-W11) -> -0.66477691 | M11: 6.29 | N11: 0 | O11: =M11-N11 -> 6.29 | P11: 0 | Q11: 0 | R11: =SUM(O11:Q11) -> 6.29 | T11: 0 | U11: 41 | V11: =V10-U11 -> 3288.04 | W11: =R11+T11+N11+U11 -> 47.29 | X11: =IF(L11<0,L11*-1,0) -> 0.66477691 | Y11: =W11+X11 -> 47.954777 | Z11: 0 | AA11: 47 | AB11: 27 | AC11: =AC10+1 -> 2
A12: =A11+1 -> 3 | B12: 6914.16 | C12: 338893 | D12: =C12-C11 -> 165 | E12: =C12-152000 -> 186893 | F12: =D12/$D$2 -> 83.186287 | G12: 90 | H12: 4.8 | I12: =G12+H12 -> 94.8 | J12: =IF(L12>0,L12,0) -> 36.676287 | K12: =I12+J12 -> 131.47629 | L12: =F12-(I12-W12) -> 36.676287 | M12: 6.29 | N12: 0 | O12: =M12-N12 -> 6.29 | P12: 0 | Q12: 0 | R12: =SUM(O12:Q12) -> 6.29 | T12: 0 | U12: 42 | V12: =V11-U12 -> 3246.04 | W12: =R12+T12+N12+U12 -> 48.29 | X12: =IF(L12<0,L12*-1,0) -> 0 | Y12: =W12+X12 -> 48.29 | Z12: 0.04 | AA12: 40 | AB12: 25 | AC12: =AC11+1 -> 3
A13: =A12+1 -> 4 | B13: 6914.18 | C13: 338976 | D13: =C13-C12 -> 83 | E13: =C13-152000 -> 186976 | F13: =D13/$D$2 -> 41.845223 | G13: 80 | H13: 4.3 | I13: =G13+H13 -> 84.3 | J13: =IF(L13>0,L13,0) -> 4.8352231 | K13: =I13+J13 -> 89.135223 | L13: =F13-(I13-W13) -> 4.8352231 | M13: 6.29 | N13: 0 | O13: =M13-N13 -> 6.29 | P13: 0 | Q13: 0 | R13: =SUM(O13:Q13) -> 6.29 | T13: 0 | U13: 41 | V13: =V12-U13 -> 3205.04 | W13: =R13+T13+N13+U13 -> 47.29 | X13: =IF(L13<0,L13*-1,0) -> 0 | Y13: =W13+X13 -> 47.29 | Z13: 0.17 | AA13: 36 | AB13: 29 | AC13: =AC12+1 -> 4
A14: =A13+1 -> 5 | B14: 6914.24 | C14: 339225 | D14: =C14-C13 -> 249 | E14: =C14-152000 -> 187225 | F14: =D14/$D$2 -> 125.53567 | G14: 68 | H14: 3.9 | I14: =G14+H14 -> 71.9 | J14: =IF(L14>0,L14,0) -> 100.92567 | K14: =I14+J14 -> 172.82567 | L14: =F14-(I14-W14) -> 100.92567 | M14: 6.29 | N14: 0 | O14: =M14-N14 -> 6.29 | P14: 0 | Q14: 0 | R14: =SUM(O14:Q14) -> 6.29 | T14: 0 | U14: 41 | V14: =V13-U14 -> 3164.04 | W14: =R14+T14+N14+U14 -> 47.29 | X14: =IF(L14<0,L14*-1,0) -> 0 | Y14: =W14+X14 -> 47.29 | Z14: 0.25 | AA14: 30 | AB14: 8 | AC14: =AC13+1 -> 5
A15: =A14+1 -> 6 | B15: 6914.28 | C15: 339390 | D15: =C15-C14 -> 165 | E15: =C15-152000 -> 187390 | F15: =D15/$D$2 -> 83.186287 | G15: 60 | H15: 3.5 | I15: =G15+H15 -> 63.5 | J15: =IF(L15>0,L15,0) -> 66.976287 | K15: =I15+J15 -> 130.47629 | L15: =F15-(I15-W15) -> 66.976287 | M15: 6.29 | N15: 0 | O15: =M15-N15 -> 6.29 | P15: 0 | Q15: 0 | R15: =SUM(O15:Q15) -> 6.29 | T15: 0 | U15: 41 | V15: =V14-U15 -> 3123.04 | W15: =R15+T15+N15+U15 -> 47.29 | X15: =IF(L15<0,L15*-1,0) -> 0 | Y15: =W15+X15 -> 47.29 | Z15: 0.19 | AA15: 40 | AB15: 2 | AC15: =AC14+1 -> 6
A16: =A15+1 -> 7 | B16: 6914.31 | C16: 339515 | D16: =C16-C15 -> 125 | E16: =C16-152000 -> 187515 | F16: =D16/$D$2 -> 63.019914 | G16: 64 | H16: 3.6 | I16: =G16+H16 -> 67.6 | J16: =IF(L16>0,L16,0) -> 42.709914 | K16: =I16+J16 -> 110.30991 | L16: =F16-(I16-W16) -> 42.709914 | M16: 6.29 | N16: 0 | O16: =M16-N16 -> 6.29 | P16: 0 | Q16: 0 | R16: =SUM(O16:Q16) -> 6.29 | T16: 0 | U16: 41 | V16: =V15-U16 -> 3082.04 | W16: =R16+T16+N16+U16 -> 47.29 | X16: =IF(L16<0,L16*-1,0) -> 0 | Y16: =W16+X16 -> 47.29 | Z16: 0 | AA16: 38 | AB16: -4 | AC16: =AC15+1 -> 7
A17: =A16+1 -> 8 | B17: 6914.32 | C17: 339556 | D17: =C17-C16 -> 41 | E17: =C17-152000 -> 187556 | F17: =D17/$D$2 -> 20.670532 | G17: 66 | H17: 3.8 | I17: =G17+H17 -> 69.8 | J17: =IF(L17>0,L17,0) -> 0 | K17: =I17+J17 -> 69.8 | L17: =F17-(I17-W17) -> -1.8394681 | M17: 6.29 | N17: 0 | O17: =M17-N17 -> 6.29 | P17: 0 | Q17: 0 | R17: =SUM(O17:Q17) -> 6.29 | T17: 0 | U17: 41 | V17: =V16-U17 -> 3041.04 | W17: =R17+T17+N17+U17 -> 47.29 | X17: =IF(L17<0,L17*-1,0) -> 1.8394681 | Y17: =W17+X17 -> 49.129468 | Z17: 0 | AA17: 38 | AB17: -6 | AC17: =AC16+1 -> 8
A18: =A17+1 -> 9 | B18: 6914.33 | C18: 339597 | D18: =C18-C17 -> 41 | E18: =C18-152000 -> 187597 | F18: =D18/$D$2 -> 20.670532 | G18: 70 | H18: 4.1 | I18: =G18+H18 -> 74.1 | J18: =IF(L18>0,L18,0) -> 0 | K18: =I18+J18 -> 74.1 | L18: =F18-(I18-W18) -> -6.1394681 | M18: 6.29 | N18: 0 | O18: =M18-N18 -> 6.29 | P18: 0 | Q18: 0 | R18: =SUM(O18:Q18) -> 6.29 | T18: 0 | U18: 41 | V18: =V17-U18 -> 3000.04 | W18: =R18+T18+N18+U18 -> 47.29 | X18: =IF(L18<0,L18*-1,0) -> 6.1394681 | Y18: =W18+X18 -> 53.429468 | Z18: 0.08 | AA18: 44 | AB18: 12 | AC18: =AC17+1 -> 9
A19: =A18+1 -> 10 | B19: 6914.36 | C19: 339722 | D19: =C19-C18 -> 125 | E19: =C19-152000 -> 187722 | F19: =D19/$D$2 -> 63.019914 | G19: 78 | H19: 4.4 | I19: =G19+H19 -> 82.4 | J19: =IF(L19>0,L19,0) -> 27.909914 | K19: =I19+J19 -> 110.30991 | L19: =F19-(I19-W19) -> 27.909914 | M19: 6.29 | N19: 0 | O19: =M19-N19 -> 6.29 | P19: 0 | Q19: 0 | R19: =SUM(O19:Q19) -> 6.29 | T19: 0 | U19: 41 | V19: =V18-U19 -> 2959.04 | W19: =R19+T19+N19+U19 -> 47.29 | X19: =IF(L19<0,L19*-1,0) -> 0 | Y19: =W19+X19 -> 47.29 | Z19: 0.05 | AA19: 32 | AB19: 24 | AC19: =AC18+1 -> 10
A20: =A19+1 -> 11 | B20: 6914.41 | C20: 339929 | D20: =C20-C19 -> 207 | E20: =C20-152000 -> 187929 | F20: =D20/$D$2 -> 104.36098 | G20: 76 | H20: 4.3 | I20: =G20+H20 -> 80.3 | J20: =IF(L20>0,L20,0) -> 71.350978 | K20: =I20+J20 -> 151.65098 | L20: =F20-(I20-W20) -> 71.350978 | M20: 6.29 | N20: 0 | O20: =M20-N20 -> 6.29 | P20: 0 | Q20: 0 | R20: =SUM(O20:Q20) -> 6.29 | T20: 0 | U20: 41 | V20: =V19-U20 -> 2918.04 | W20: =R20+T20+N20+U20 -> 47.29 | X20: =IF(L20<0,L20*-1,0) -> 0 | Y20: =W20+X20 -> 47.29 | Z20: 0.03 | AA20: 30 | AB20: 15 | AC20: =AC19+1 -> 11
A21: =A20+1 -> 12 | B21: 6914.42 | C21: 339970 | D21: =C21-C20 -> 41 | E21: =C21-152000 -> 187970 | F21: =D21/$D$2 -> 20.670532 | G21: 74 | H21: 4.3 | I21: =G21+H21 -> 78.3 | J21: =IF(L21>0,L21,0) -> 0 | K21: =I21+J21 -> 78.3 | L21: =F21-(I21-W21) -> -10.339468 | M21: 6.29 | N21: 0 | O21: =M21-N21 -> 6.29 | P21: 0 | Q21: 0 | R21: =SUM(O21:Q21) -> 6.29 | T21: 0 | U21: 41 | V21: =V20-U21 -> 2877.04 | W21: =R21+T21+N21+U21 -> 47.29 | X21: =IF(L21<0,L21*-1,0) -> 10.339468 | Y21: =W21+X21 -> 57.629468 | Z21: 0 | AA21: 36 | AB21: 15 | AC21: =AC20+1 -> 12
A22: 13 | B22: 6914.43 | C22: 340012 | D22: =C22-C21 -> 42 | E22: =C22-152000 -> 188012 | F22: =D22/$D$2 -> 21.174691 | G22: 70 | H22: 4 | I22: =G22+H22 -> 74 | J22: =IF(L22>0,L22,0) -> 0 | K22: =I22+J22 -> 74 | L22: =F22-(I22-W22) -> -5.5353088 | M22: 6.29 | N22: 0 | O22: =M22-N22 -> 6.29 | P22: 0 | Q22: 0 | R22: =SUM(O22:Q22) -> 6.29 | T22: 0 | U22: 41 | V22: =V21-U22 -> 2836.04 | W22: =R22+T22+N22+U22 -> 47.29 | X22: =IF(L22<0,L22*-1,0) -> 5.5353088 | Y22: =W22+X22 -> 52.825309 | Z22: 0.12 | AA22: 34 | AB22: 24 | AC22: =AC21+1 -> 13
A23: =A22+1 -> 14 | B23: 6914.45 | C23: 340094 | D23: =C23-C22 -> 82 | E23: =C23-152000 -> 188094 | F23: =D23/$D$2 -> 41.341064 | G23: 60 | H23: 3.5 | I23: =G23+H23 -> 63.5 | J23: =IF(L23>0,L23,0) -> 25.131064 | K23: =I23+J23 -> 88.631064 | L23: =F23-(I23-W23) -> 25.131064 | M23: 6.29 | N23: 0 | O23: =M23-N23 -> 6.29 | P23: 0 | Q23: 0 | R23: =SUM(O23:Q23) -> 6.29 | T23: 0 | U23: 41 | V23: =V22-U23 -> 2795.04 | W23: =R23+T23+N23+U23 -> 47.29 | X23: =IF(L23<0,L23*-1,0) -> 0 | Y23: =W23+X23 -> 47.29 | Z23: 0 | AA23: 35 | AB23: 10 | AC23: =AC22+1 -> 14
A24: =A23+1 -> 15 | B24: 6914.46 | C24: 340136 | D24: =C24-C23 -> 42 | E24: =C24-152000 -> 188136 | F24: =D24/$D$2 -> 21.174691 | G24: 58 | H24: 3.4 | I24: =G24+H24 -> 61.4 | J24: =IF(L24>0,L24,0) -> 7.0646912 | K24: =I24+J24 -> 68.464691 | L24: =F24-(I24-W24) -> 7.0646912 | M24: 6.29 | N24: 0 | O24: =M24-N24 -> 6.29 | P24: 0 | Q24: 0 | R24: =SUM(O24:Q24) -> 6.29 | T24: 0 | U24: 41 | V24: =V23-U24 -> 2754.04 | W24: =R24+T24+N24+U24 -> 47.29 | X24: =IF(L24<0,L24*-1,0) -> 0 | Y24: =W24+X24 -> 47.29 | Z24: 0 | AA24: 42 | AB24: 9 | AC24: =AC23+1 -> 15
A25: =A24+1 -> 16 | B25: 6914.48 | C25: 340219 | D25: =C25-C24 -> 83 | E25: =C25-152000 -> 188219 | F25: =D25/$D$2 -> 41.845223 | G25: 60 | H25: 3.4 | I25: =G25+H25 -> 63.4 | J25: =IF(L25>0,L25,0) -> 25.735223 | K25: =I25+J25 -> 89.135223 | L25: =F25-(I25-W25) -> 25.735223 | M25: 6.29 | N25: 0 | O25: =M25-N25 -> 6.29 | P25: 0 | Q25: 0 | R25: =SUM(O25:Q25) -> 6.29 | T25: 0 | U25: 41 | V25: =V24-U25 -> 2713.04 | W25: =R25+T25+N25+U25 -> 47.29 | X25: =IF(L25<0,L25*-1,0) -> 0 | Y25: =W25+X25 -> 47.29 | Z25: 0 | AA25: 44 | AB25: 20 | AC25: =AC24+1 -> 16
A26: =A25+1 -> 17 | B26: 6914.51 | C26: 340343 | D26: =C26-C25 -> 124 | E26: =C26-152000 -> 188343 | F26: =D26/$D$2 -> 62.515755 | G26: 60 | H26: 3.6 | I26: =G26+H26 -> 63.6 | J26: =IF(L26>0,L26,0) -> 46.205755 | K26: =I26+J26 -> 109.80575 | L26: =F26-(I26-W26) -> 46.205755 | M26: 6.29 | N26: 0 | O26: =M26-N26 -> 6.29 | P26: 0 | Q26: 0 | R26: =SUM(O26:Q26) -> 6.29 | T26: 0 | U26: 41 | V26: =V25-U26 -> 2672.04 | W26: =R26+T26+N26+U26 -> 47.29 | X26: =IF(L26<0,L26*-1,0) -> 0 | Y26: =W26+X26 -> 47.29 | Z26: 0 | AA26: 43 | AB26: 22 | AC26: =AC25+1 -> 17
A27: =A26+1 -> 18 | B27: 6914.54 | C27: 340467 | D27: =C27-C26 -> 124 | E27: =C27-152000 -> 188467 | F27: =D27/$D$2 -> 62.515755 | G27: 62 | H27: 3.7 | I27: =G27+H27 -> 65.7 | J27: =IF(L27>0,L27,0) -> 44.105755 | K27: =I27+J27 -> 109.80575 | L27: =F27-(I27-W27) -> 44.105755 | M27: 6.29 | N27: 0 | O27: =M27-N27 -> 6.29 | P27: 0 | Q27: 0 | R27: =SUM(O27:Q27) -> 6.29 | T27: 0 | U27: 41 | V27: =V26-U27 -> 2631.04 | W27: =R27+T27+N27+U27 -> 47.29 | X27: =IF(L27<0,L27*-1,0) -> 0 | Y27: =W27+X27 -> 47.29 | Z27: 0 | AA27: 50 | AB27: 24 | AC27: =AC26+1 -> 18
A28: =A27+1 -> 19 | B28: 6914.56 | C28: 340550 | D28: =C28-C27 -> 83 | E28: =C28-152000 -> 188550 | F28: =D28/$D$2 -> 41.845223 | G28: 66 | H28: 3.8 | I28: =G28+H28 -> 69.8 | J28: =IF(L28>0,L28,0) -> 19.335223 | K28: =I28+J28 -> 89.135223 | L28: =F28-(I28-W28) -> 19.335223 | M28: 6.29 | N28: 0 | O28: =M28-N28 -> 6.29 | P28: 0 | Q28: 0 | R28: =SUM(O28:Q28) -> 6.29 | T28: 0 | U28: 41 | V28: =V27-U28 -> 2590.04 | W28: =R28+T28+N28+U28 -> 47.29 | X28: =IF(L28<0,L28*-1,0) -> 0 | Y28: =W28+X28 -> 47.29 | Z28: 0.13 | AA28: 45 | AB28: 28 | AC28: =AC27+1 -> 19
A29: =A28+1 -> 20 | B29: 6914.57 | C29: 340591 | D29: =C29-C28 -> 41 | E29: =C29-152000 -> 188591 | F29: =D29/$D$2 -> 20.670532 | G29: 62 | H29: 3.7 | I29: =G29+H29 -> 65.7 | J29: =IF(L29>0,L29,0) -> 2.2605319 | K29: =I29+J29 -> 67.960532 | L29: =F29-(I29-W29) -> 2.2605319 | M29: 6.29 | N29: 0 | O29: =M29-N29 -> 6.29 | P29: 0 | Q29: 0 | R29: =SUM(O29:Q29) -> 6.29 | T29: 0 | U29: 41 | V29: =V28-U29 -> 2549.04 | W29: =R29+T29+N29+U29 -> 47.29 | X29: =IF(L29<0,L29*-1,0) -> 0 | Y29: =W29+X29 -> 47.29 | Z29: 0 | AA29: 37 | AB29: 13 | AC29: =AC28+1 -> 20
A30: =A29+1 -> 21 | B30: 6914.58 | C30: 340633 | D30: =C30-C29 -> 42 | E30: =C30-152000 -> 188633 | F30: =D30/$D$2 -> 21.174691 | G30: 56 | H30: 3.4 | I30: =G30+H30 -> 59.4 | J30: =IF(L30>0,L30,0) -> 9.0646912 | K30: =I30+J30 -> 68.464691 | L30: =F30-(I30-W30) -> 9.0646912 | M30: 6.29 | N30: 0 | O30: =M30-N30 -> 6.29 | P30: 0 | Q30: 0 | R30: =SUM(O30:Q30) -> 6.29 | T30: 0 | U30: 41 | V30: =V29-U30 -> 2508.04 | W30: =R30+T30+N30+U30 -> 47.29 | X30: =IF(L30<0,L30*-1,0) -> 0 | Y30: =W30+X30 -> 47.29 | Z30: 0 | AA30: 36 | AB30: 10 | AC30: =AC29+1 -> 21
A31: =A30+1 -> 22 | B31: 6914.59 | C31: 340674 | D31: =C31-C30 -> 41 | E31: =C31-152000 -> 188674 | F31: =D31/$D$2 -> 20.670532 | G31: 56 | H31: 3.4 | I31: =G31+H31 -> 59.4 | J31: =IF(L31>0,L31,0) -> 8.5605319 | K31: =I31+J31 -> 67.960532 | L31: =F31-(I31-W31) -> 8.5605319 | M31: 6.29 | N31: 0 | O31: =M31-N31 -> 6.29 | P31: 0 | Q31: 0 | R31: =SUM(O31:Q31) -> 6.29 | T31: 0 | U31: 41 | V31: =V30-U31 -> 2467.04 | W31: =R31+T31+N31+U31 -> 47.29 | X31: =IF(L31<0,L31*-1,0) -> 0 | Y31: =W31+X31 -> 47.29 | Z31: 0 | AA31: 34 | AB31: 5 | AC31: =AC30+1 -> 22
A32: =A31+1 -> 23 | B32: 6914.6 | C32: 340716 | D32: =C32-C31 -> 42 | E32: =C32-152000 -> 188716 | F32: =D32/$D$2 -> 21.174691 | G32: 56 | H32: 3.4 | I32: =G32+H32 -> 59.4 | J32: =IF(L32>0,L32,0) -> 9.0646912 | K32: =I32+J32 -> 68.464691 | L32: =F32-(I32-W32) -> 9.0646912 | M32: 6.29 | N32: 0 | O32: =M32-N32 -> 6.29 | P32: 0 | Q32: 0 | R32: =SUM(O32:Q32) -> 6.29 | T32: 0 | U32: 41 | V32: =V31-U32 -> 2426.04 | W32: =R32+T32+N32+U32 -> 47.29 | X32: =IF(L32<0,L32*-1,0) -> 0 | Y32: =W32+X32 -> 47.29 | Z32: 0 | AA32: 42 | AB32: 12 | AC32: =AC31+1 -> 23
A33: =A32+1 -> 24 | B33: 6914.61 | C33: 340757 | D33: =C33-C32 -> 41 | E33: =C33-152000 -> 188757 | F33: =D33/$D$2 -> 20.670532 | G33: 56 | H33: 3.4 | I33: =G33+H33 -> 59.4 | J33: =IF(L33>0,L33,0) -> 8.5605319 | K33: =I33+J33 -> 67.960532 | L33: =F33-(I33-W33) -> 8.5605319 | M33: 6.29 | N33: 0 | O33: =M33-N33 -> 6.29 | P33: 0 | Q33: 0 | R33: =SUM(O33:Q33) -> 6.29 | T33: 0 | U33: 41 | V33: =V32-U33 -> 2385.04 | W33: =R33+T33+N33+U33 -> 47.29 | X33: =IF(L33<0,L33*-1,0) -> 0 | Y33: =W33+X33 -> 47.29 | Z33: 0 | AA33: 45 | AB33: 19 | AC33: =AC32+1 -> 24
A34: =A33+1 -> 25 | B34: 6914.62 | C34: 340798 | D34: =C34-C33 -> 41 | E34: =C34-152000 -> 188798 | F34: =D34/$D$2 -> 20.670532 | G34: 58 | H34: 3.5 | I34: =G34+H34 -> 61.5 | J34: =IF(L34>0,L34,0) -> 6.4605319 | K34: =I34+J34 -> 67.960532 | L34: =F34-(I34-W34) -> 6.4605319 | M34: 6.29 | N34: 0 | O34: =M34-N34 -> 6.29 | P34: 0 | Q34: 0 | R34: =SUM(O34:Q34) -> 6.29 | T34: 0 | U34: 41 | V34: =V33-U34 -> 2344.04 | W34: =R34+T34+N34+U34 -> 47.29 | X34: =IF(L34<0,L34*-1,0) -> 0 | Y34: =W34+X34 -> 47.29 | Z34: 0 | AA34: 44 | AB34: 18 | AC34: =AC33+1 -> 25
... A38: =A37+1 -> 29 | B38: 6914.66 | C38: 340964 | D38: =C38-C37 -> 41 | E38: =C38-152000 -> 188964 | F38: =D38/$D$2 -> 20.670532 | G38: 64 | H38: 4 | I38: =G38+H38 -> 68 | J38: =IF(L38>0,L38,0) -> 0.96053189 | K38: =I38+J38 -> 68.960532 | L38: =F38-(I38-W38) -> 0.96053189 | M38: 6.29 | N38: 0 | O38: =M38-N38 -> 6.29 | P38: 0 | Q38: 0 | R38: =SUM(O38:Q38) -> 6.29 | T38: 0 | U38: 42 | V38: =V37-U38 -> 2176.04 | W38: =R38+T38+N38+U38 -> 48.29 | X38: =IF(L38<0,L38*-1,0) -> 0 | Y38: =W38+X38 -> 48.29 | Z38: 0 | AA38: 53 | AB38: 21 | AC38: =AC37+1 -> 29
A39: 30 | B39: 6914.67 | C39: 341006 | D39: =C39-C38 -> 42 | E39: =C39-152000 -> 189006 | F39: =D39/$D$2 -> 21.174691 | G39: 64 | H39: 3.9 | I39: =G39+H39 -> 67.9 | J39: =IF(L39>0,L39,0) -> 1.5646912 | K39: =I39+J39 -> 69.464691 | L39: =F39-(I39-W39) -> 1.5646912 | M39: 6.29 | N39: 0 | O39: =M39-N39 -> 6.29 | P39: 0 | Q39: 0 | R39: =SUM(O39:Q39) -> 6.29 | T39: 0 | U39: 42 | V39: =V38-U39 -> 2134.04 | W39: =R39+T39+N39+U39 -> 48.29 | X39: =IF(L39<0,L39*-1,0) -> 0 | Y39: =W39+X39 -> 48.29 | Z39: 0 | AA39: 50 | AB39: 23 | AC39: 30
A40: 31 | B40: 6914.68 | C40: 341047 | D40: =C40-C39 -> 41 | E40: =C40-152000 -> 189047 | F40: =D40/$D$2 -> 20.670532 | G40: 62 | H40: 3.8 | I40: =G40+H40 -> 65.8 | J40: =IF(L40>0,L40,0) -> 3.1605319 | K40: =I40+J40 -> 68.960532 | L40: =F40-(I40-W40) -> 3.1605319 | M40: 6.29 | N40: 0 | O40: =M40-N40 -> 6.29 | P40: 0 | Q40: 0 | R40: =SUM(O40:Q40) -> 6.29 | T40: 0 | U40: 42 | V40: =V39-U40 -> 2092.04 | W40: =R40+T40+N40+U40 -> 48.29 | X40: =IF(L40<0,L40*-1,0) -> 0 | Y40: =W40+X40 -> 48.29 | Z40: 0 | AA40: 50 | AB40: 24 | AC40: 31
A42: MONTH / CFS | F42: =SUM(F10:F40) -> 1232.1654 | G42: =SUM(G10:G40) -> 2047 | H42: =SUM(H10:H40) -> 119.7 | I42: =SUM(I10:I40) -> 2166.7 | J42: =SUM(J10:J40) -> 579.00916 | K42: =SUM(K10:K40) -> 2745.7092 | L42: =SUM(L10:L40) -> 538.45536 | M42: =SUM(M10:M40) -> 194.99 | ... R42: =SUM(R10:R40) -> 194.99 | T42: =SUM(T10:T40) -> 0 | U42: =SUM(U10:U40) -> 1278 | W42: =SUM(W10:W40) -> 1472.99 | X42: =SUM(X10:X40) -> 40.553799 | Y42: =SUM(Y10:Y40) -> 1513.5438 | Z42: =SUM(Z10:Z40) -> 1.06 | AA42: =AVERAGE(AA10:AA40) -> 42 | AB42: =AVERAGE(AB10:AB40) -> 16.387097
A43: MONTH / AF | D43: =SUM(D10:D40) -> 2444 | F43: =F42*$D$2 -> 2444 | G43: =G42*$D$2 -> 4060.2245 | H43: =H42*$D$2 -> 237.42495 | I43: =I42*$D$2 -> 4297.6494 | J43: =J42*$D$2 -> 1148.4647 | K43: =K42*$D$2 -> 5446.1141 | L43: =L42*$D$2 -> 1068.0262 | M43: =M42*$D$2 -> 386.76267 | ... R43: =R42*$D$2 -> 386.76267 | T43: =T42*$D$2 -> 0 | U43: =U42*$D$2 -> 2534.913 | W43: =W42*$D$2 -> 2921.6757 | X43: =X42*$D$2 -> 80.43846 | Y43: =Y42*$D$2 -> 3002.1141 | AA43: =MAX(AA10:AA40) -> 55 | AB43: =MAX(AB10:AB40) -> 29 | AC43: HI
A45: SEASON / CFS | AA45: =MIN(AA10:AA40) -> 30 | AB45: =MIN(AB10:AB40) -> -6 | AC45: LO
A46: SEASON / AF
A48: YTD / CFS | F48: =F8+F42 -> 3799.8488 | G48: =G8+G42 -> 8240 | H48: =H8+H42 -> 377.9 | I48: =I8+I42 -> 8611 | J48: =J8+J42 -> 1221.0446 | K48: =K8+K42 -> 9823.6446 | L48: =L8+L42 -> 348.72875 | M48: =M8+M42 -> 957.72 | ... R48: =R8+R42 -> 846.67 | T48: =T8+T42 -> 0 | U48: =U8+U42 -> 4055.96 | V48: =V40 -> 2092.04 | W48: =W8+W42 -> 5159.88 | X48: =X8+X42 -> 872.31589 | Y48: =Y8+Y42 -> 6032.1959 | Z48: =Z8+Z42 -> 3.05
A49: YTD / AF | D49: =D8+D43 -> 7537 | E49: =E40 -> 189047 | F49: =F48*$D$2 -> 7537 | G49: =G48*$D$2 -> 16344.04 | H49: =H48*$D$2 -> 749.56465 | I49: =I48*$D$2 -> 17079.918 | J49: =J48*$D$2 -> 2421.942 | K49: =K48*$D$2 -> 19485.199 | L49: =L48*$D$2 -> 691.70348 | M49: =M48*$D$2 -> 1899.6376 | ... U49: =U48*$D$2 -> 8044.9967 | V49: =V40*$D$2 -> 4149.5613 | W49: =W48*$D$2 -> 10234.622 | X49: =X48*$D$2 -> 1730.2386 | Y49: =Y48*$D$2 -> 11964.861
A51: ="JUN /9" -> JUN /9 | V51: 2615
B52: 6924.15 | C52: 381833 | E52: =C52-152000 -> 229833 | V52: =V49-V51 -> 1534.5613
A53: ="5/12/94 thru 6/9/94" -> 5/12/94 thru 6/9/94
B54: =B52-B21 -> 9.73 | D54: =C52-C23 -> 41739

Sheet FEB
K1: MC PHEE RESERVOIR IN/OUT FLOW TABULATION
A2: AF/cfs CONVERT FACTOR | D2: 1.9835 | K2: FEBRUARY "98"
A4: DATE | B4: RESERV | C4: RESERV | D4: AC FT | E4: ACTIVE | F4: CONV TO | G4: DOLORES | H4: LOST | I4: RECORDED | J4: CALC | K4: TOTAL | L4: CALC | M4: DOLORES TUNNEL | P4: LONE | Q4: U | R4: TOTAL | S4: MVI | T4: DV CR | U4: BELOW | V4: REMAIN | W4: RECORDED | X4: CALC | Y4: TOTAL | Z4: RAIN | AA4: MAX | AB4: MIN | AC4: DATE
A5: FEB | B5: ELEV | C5: AC FT | D5: CHANGE | E5: CAP | F5: CFS | G5: RIVER | H5: CANYON | I5: INFLOW | J5: INFLOW | K5: INFLOW | L5: INF/OTF | M5: TOT DIV | N5: UTE F&R | O5: MVI,CTZ | P5: PINE | Q5: LATERAL | R5: MVI | S5: CALL | T5: CANAL | U5: MC PHEE | V5: RELEASE | W5: OUTFLOW | X5: OUTFLOW | Y5: OUTFLOW | AA5: TMP | AB5: TMP | AC5: FEB
A7: SEASON BAL
A8: YTD | B8: {=JAN!$B$40:$C$40} -> 6914.68 | C8: 341047 | D8: {=JAN!$D$49:$E$49} -> 7537 | E8: 189047 | F8: {=JAN!$F$48:$Z$48} -> 3799.8488 | G8: 8240 | H8: 377.9 | I8: 8611 | J8: 1221.0446 | K8: 9823.6446 | L8: 348.72875 | M8: 957.72 | N8: 0 | O8: 308.48 | P8: 0 | Q8: 146.2 | R8: 846.67 | S8: 0 | T8: 0 | U8: 4055.96 | V8: 2092.04 | W8: 5159.88 | X8: 872.31589 | Y8: 6032.1959 | Z8: 3.05
A10: 1 | B10: 6914.7 | C10: 341130 | D10: =C10-C8 -> 83 | E10: =C10-152000 -> 189130 | F10: =D10/$D$2 -> 41.845223 | G10: 58 | H10: 3.7 | I10: =G10+H10 -> 61.7 | J10: =IF(L10>0,L10,0) -> 28.435223 | K10: =I10+J10 -> 90.135223 | L10: =F10-(I10-W10) -> 28.435223 | M10: 6.29 | N10: 0 | O10: =M10-N10 -> 6.29 | P10: 0 | Q10: 0 | R10: =SUM(O10:Q10) -> 6.29 | T10: 0 | U10: 42 | V10: =V8-U10 -> 2050.04 | W10: =R10+T10+N10+U10 -> 48.29 | X10: =IF(L10<0,L10*-1,0) -> 0 | Y10: =W10+X10 -> 48.29 | Z10: 0.08 | AA10: 51 | AB10: 15 | AC10: 1
A11: =A10+1 -> 2 | B11: 6914.72 | C11: 341213 | D11: =C11-C10 -> 83 | E11: =C11-152000 -> 189213 | F11: =D11/$D$2 -> 41.845223 | G11: 60 | H11: 3.8 | I11: =G11+H11 -> 63.8 | J11: =IF(L11>0,L11,0) -> 26.335223 | K11: =I11+J11 -> 90.135223 | L11: =F11-(I11-W11) -> 26.335223 | M11: 6.29 | N11: 0 | O11: =M11-N11 -> 6.29 | P11: 0 | Q11: 0 | R11: =SUM(O11:Q11) -> 6.29 | T11: 0 | U11: 42 | V11: =V10-U11 -> 2008.04 | W11: =R11+T11+N11+U11 -> 48.29 | X11: =IF(L11<0,L11*-1,0) -> 0 | Y11: =W11+X11 -> 48.29 | Z11: 0 | AA11: 35 | AB11: 26 | AC11: =AC10+1 -> 2
A12: =A11+1 -> 3 | B12: 6914.74 | C12: 341295 | D12: =C12-C11 -> 82 | E12: =C12-152000 -> 189295 | F12: =D12/$D$2 -> 41.341064 | G12: 64 | H12: 4 | I12: =G12+H12 -> 68 | J12: =IF(L12>0,L12,0) -> 21.631064 | K12: =I12+J12 -> 89.631064 | L12: =F12-(I12-W12) -> 21.631064 | M12: 6.29 | N12: 0 | O12: =M12-N12 -> 6.29 | P12: 0 | Q12: 0 | R12: =SUM(O12:Q12) -> 6.29 | T12: 0 | U12: 42 | V12: =V11-U12 -> 1966.04 | W12: =R12+T12+N12+U12 -> 48.29 | X12: =IF(L12<0,L12*-1,0) -> 0 | Y12: =W12+X12 -> 48.29 | Z12: 0 | AA12: 49 | AB12: 17 | AC12: =AC11+1 -> 3
A13: =A12+1 -> 4 | B13: 6914.76 | C13: 341378 | D13: =C13-C12 -> 83 | E13: =C13-152000 -> 189378 | F13: =D13/$D$2 -> 41.845223 | G13: 64 | H13: 4 | I13: =G13+H13 -> 68 | J13: =IF(L13>0,L13,0) -> 22.135223 | K13: =I13+J13 -> 90.135223 | L13: =F13-(I13-W13) -> 22.135223 | M13: 6.29 | N13: 0 | O13: =M13-N13 -> 6.29 | P13: 0 | Q13: 0 | R13: =SUM(O13:Q13) -> 6.29 | T13: 0 | U13: 42 | V13: =V12-U13 -> 1924.04 | W13: =R13+T13+N13+U13 -> 48.29 | X13: =IF(L13<0,L13*-1,0) -> 0 | Y13: =W13+X13 -> 48.29 | Z13: 0.03 | AA13: 39 | AB13: 33 | AC13: =AC12+1 -> 4
A14: =A13+1 -> 5 | B14: 6914.77 | C14: 341420 | D14: =C14-C13 -> 42 | E14: =C14-152000 -> 189420 | F14: =D14/$D$2 -> 21.174691 | G14: 62 | H14: 4 | I14: =G14+H14 -> 66 | J14: =IF(L14>0,L14,0) -> 3.4646912 | K14: =I14+J14 -> 69.464691 | L14: =F14-(I14-W14) -> 3.4646912 | M14: 6.29 | N14: 0 | O14: =M14-N14 -> 6.29 | P14: 0 | Q14: 0 | R14: =SUM(O14:Q14) -> 6.29 | T14: 0 | U14: 42 | V14: =V13-U14 -> 1882.04 | W14: =R14+T14+N14+U14 -> 48.29 | X14: =IF(L14<0,L14*-1,0) -> 0 | Y14: =W14+X14 -> 48.29 | Z14: 0 | AA14: 38 | AB14: 29 | AC14: =AC13+1 -> 5
A15: =A14+1 -> 6 | B15: 6914.79 | C15: 341503 | D15: =C15-C14 -> 83 | E15: =C15-152000 -> 189503 | F15: =D15/$D$2 -> 41.845223 | G15: 62 | H15: 3.9 | I15: =G15+H15 -> 65.9 | J15: =IF(L15>0,L15,0) -> 23.235223 | K15: =I15+J15 -> 89.135223 | L15: =F15-(I15-W15) -> 23.235223 | M15: 6.29 | N15: 0 | O15: =M15-N15 -> 6.29 | P15: 0 | Q15: 0 | R15: =SUM(O15:Q15) -> 6.29 | T15: 0 | U15: 41 | V15: =V14-U15 -> 1841.04 | W15: =R15+T15+N15+U15 -> 47.29 | X15: =IF(L15<0,L15*-1,0) -> 0 | Y15: =W15+X15 -> 47.29 | Z15: 0.2 | AA15: 44 | AB15: 21 | AC15: =AC14+1 -> 6
A16: =A15+1 -> 7 | B16: 6914.83 | C16: 341668 | D16: =C16-C15 -> 165 | E16: =C16-152000 -> 189668 | F16: =D16/$D$2 -> 83.186287 | G16: 62 | H16: 3.9 | I16: =G16+H16 -> 65.9 | J16: =IF(L16>0,L16,0) -> 65.576287 | K16: =I16+J16 -> 131.47629 | L16: =F16-(I16-W16) -> 65.576287 | M16: 6.29 | N16: 0 | O16: =M16-N16 -> 6.29 | P16: 0 | Q16: 0 | R16: =SUM(O16:Q16) -> 6.29 | T16: 0 | U16: 42 | V16: =V15-U16 -> 1799.04 | W16: =R16+T16+N16+U16 -> 48.29 | X16: =IF(L16<0,L16*-1,0) -> 0 | Y16: =W16+X16 -> 48.29 | Z16: 0.22 | AA16: 35 | AB16: 22 | AC16: =AC15+1 -> 7
A17: =A16+1 -> 8 | B17: 6914.87 | C17: 341834 | D17: =C17-C16 -> 166 | E17: =C17-152000 -> 189834 | F17: =D17/$D$2 -> 83.690446 | G17: 60 | H17: 3.8 | I17: =G17+H17 -> 63.8 | J17: =IF(L17>0,L17,0) -> 68.180446 | K17: =I17+J17 -> 131.98045 | L17: =F17-(I17-W17) -> 68.180446 | M17: 6.29 | N17: 0 | O17: =M17-N17 -> 6.29 | P17: 0 | Q17: 0 | R17: =SUM(O17:Q17) -> 6.29 | T17: 0 | U17: 42 | V17: =V16-U17 -> 1757.04 | W17: =R17+T17+N17+U17 -> 48.29 | X17: =IF(L17<0,L17*-1,0) -> 0 | Y17: =W17+X17 -> 48.29 | Z17: 0.34 | AA17: 33 | AB17: 20 | AC17: =AC16+1 -> 8
A18: =A17+1 -> 9 | B18: 6914.89 | C18: 341917 | D18: =C18-C17 -> 83 | E18: =C18-152000 -> 189917 | F18: =D18/$D$2 -> 41.845223 | G18: 60 | H18: 3.7 | I18: =G18+H18 -> 63.7 | J18: =IF(L18>0,L18,0) -> 26.435223 | K18: =I18+J18 -> 90.135223 | L18: =F18-(I18-W18) -> 26.435223 | M18: 6.29 | N18: 0 | O18: =M18-N18 -> 6.29 | P18: 0 | Q18: 0 | R18: =SUM(O18:Q18) -> 6.29 | T18: 0 | U18: 42 | V18: =V17-U18 -> 1715.04 | W18: =R18+T18+N18+U18 -> 48.29 | X18: =IF(L18<0,L18*-1,0) -> 0 | Y18: =W18+X18 -> 48.29 | Z18: 0 | AA18: 36 | AB18: 15 | AC18: =AC17+1 -> 9
A19: =A18+1 -> 10 | B19: 6914.91 | C19: 342000 | D19: =C19-C18 -> 83 | E19: =C19-152000 -> 190000 | F19: =D19/$D$2 -> 41.845223 | G19: 58 | H19: 3.6 | I19: =G19+H19 -> 61.6 | J19: =IF(L19>0,L19,0) -> 28.535223 | K19: =I19+J19 -> 90.135223 | L19: =F19-(I19-W19) -> 28.535223 | M19: 6.29 | N19: 0 | O19: =M19-N19 -> 6.29 | P19: 0 | Q19: 0 | R19: =SUM(O19:Q19) -> 6.29 | T19: 0 | U19: 42 | V19: =V18-U19 -> 1673.04 | W19: =R19+T19+N19+U19 -> 48.29 | X19: =IF(L19<0,L19*-1,0) -> 0 | Y19: =W19+X19 -> 48.29 | Z19: 0 | AA19: 43 | AB19: 11 | AC19: =AC18+1 -> 10
A20: =A19+1 -> 11 | B20: 6914.92 | C20: 342041 | D20: =C20-C19 -> 41 | E20: =C20-152000 -> 190041 | F20: =D20/$D$2 -> 20.670532 | G20: 56 | H20: 3.6 | I20: =G20+H20 -> 59.6 | J20: =IF(L20>0,L20,0) -> 8.3605319 | K20: =I20+J20 -> 67.960532 | L20: =F20-(I20-W20) -> 8.3605319 | M20: 6.29 | N20: 0 | O20: =M20-N20 -> 6.29 | P20: 0 | Q20: 0 | R20: =SUM(O20:Q20) -> 6.29 | T20: 0 | U20: 41 | V20: =V19-U20 -> 1632.04 | W20: =R20+T20+N20+U20 -> 47.29 | X20: =IF(L20<0,L20*-1,0) -> 0 | Y20: =W20+X20 -> 47.29 | Z20: 0 | AA20: 41 | AB20: 14 | AC20: =AC19+1 -> 11
A21: =A20+1 -> 12 | B21: 6914.93 | C21: 342082 | D21: =C21-C20 -> 41 | E21: =C21-152000 -> 190082 | F21: =D21/$D$2 -> 20.670532 | G21: 56 | H21: 3.8 | I21: =G21+H21 -> 59.8 | J21: =IF(L21>0,L21,0) -> 9.1605319 | K21: =I21+J21 -> 68.960532 | L21: =F21-(I21-W21) -> 9.1605319 | M21: 6.29 | N21: 0 | O21: =M21-N21 -> 6.29 | P21: 0 | Q21: 0 | R21: =SUM(O21:Q21) -> 6.29 | T21: 0 | U21: 42 | V21: =V20-U21 -> 1590.04 | W21: =R21+T21+N21+U21 -> 48.29 | X21: =IF(L21<0,L21*-1,0) -> 0 | Y21: =W21+X21 -> 48.29 | Z21: 0 | AA21: 44 | AB21: 16 | AC21: =AC20+1 -> 12
A22: =A21+1 -> 13 | B22: 6914.94 | C22: 342124 | D22: =C22-C21 -> 42 | E22: =C22-152000 -> 190124 | F22: =D22/$D$2 -> 21.174691 | G22: 60 | H22: 4 | I22: =G22+H22 -> 64 | J22: =IF(L22>0,L22,0) -> 5.4646912 | K22: =I22+J22 -> 69.464691 | L22: =F22-(I22-W22) -> 5.4646912 | M22: 6.29 | N22: 0 | O22: =M22-N22 -> 6.29 | P22: 0 | Q22: 0 | R22: =SUM(O22:Q22) -> 6.29 | T22: 0 | U22: 42 | V22: =V21-U22 -> 1548.04 | W22: =R22+T22+N22+U22 -> 48.29 | X22: =IF(L22<0,L22*-1,0) -> 0 | Y22: =W22+X22 -> 48.29 | Z22: 0 | AA22: 42 | AB22: 13 | AC22: =AC21+1 -> 13
... A36: =A35+1 -> 27 | B36: 6915.19 | C36: 343165 | D36: =C36-C35 -> 41 | E36: =C36-152000 -> 191165 | F36: =D36/$D$2 -> 20.670532 | G36: 48 | H36: 5.7 | I36: =G36+H36 -> 53.7 | J36: =IF(L36>0,L36,0) -> 14.260532 | K36: =I36+J36 -> 67.960532 | L36: =F36-(I36-W36) -> 14.260532 | M36: 6.29 | N36: 0 | O36: =M36-N36 -> 6.29 | P36: 0 | Q36: 0 | R36: =SUM(O36:Q36) -> 6.29 | T36: 0 | U36: 41 | V36: =V35-U36 -> 964.04 | W36: =R36+T36+N36+U36 -> 47.29 | X36: =IF(L36<0,L36*-1,0) -> 0 | Y36: =W36+X36 -> 47.29 | Z36: 0 | AA36: 32 | AB36: 5 | AC36: =AC35+1 -> 27
A37: 28 | B37: 6915.2 | C37: 343207 | D37: =C37-C35 -> 83 | E37: =C37-152000 -> 191207 | F37: =D37/$D$2 -> 41.845223 | G37: 54 | H37: 7.8 | I37: =G37+H37 -> 61.8 | J37: =IF(L37>0,L37,0) -> 27.335223 | K37: =I37+J37 -> 89.135223 | L37: =F37-(I37-W37) -> 27.335223 | M37: 6.29 | N37: 0 | O37: =M37-N37 -> 6.29 | P37: 0 | Q37: 0 | R37: =SUM(O37:Q37) -> 6.29 | T37: 0 | U37: 41 | V37: =V35-U37 -> 964.04 | W37: =R37+T37+N37+U37 -> 47.29 | X37: =IF(L37<0,L37*-1,0) -> 0 | Y37: =W37+X37 -> 47.29 | Z37: 0 | AA37: 30 | AB37: 7 | AC37: 28
A39: MONTH / CFS | F39: =SUM(F10:F37) -> 1109.6547 | G39: =SUM(G10:G37) -> 1648 | H39: =SUM(H10:H37) -> 117.8 | I39: =SUM(I10:I37) -> 1765.8 | J39: =SUM(J10:J37) -> 688.97465 | K39: =SUM(K10:K37) -> 2454.7747 | L39: =SUM(L10:L37) -> 688.97465 | M39: =SUM(M10:M37) -> 176.12 | ... R39: =SUM(R10:R37) -> 176.12 | T39: =SUM(T10:T37) -> 0 | U39: =SUM(U10:U37) -> 1169 | W39: =SUM(W10:W37) -> 1345.12 | X39: =SUM(X10:X37) -> 0 | Y39: =SUM(Y10:Y37) -> 1345.12 | Z39: =SUM(Z10:Z37) -> 1.82 | AA39: =AVERAGE(AA10:AA37) -> 39.607143 | AB39: =AVERAGE(AB10:AB37) -> 19.071429
A40: MONTH / AF | D40: =SUM(D10:D37) -> 2201 | F40: =F39*$D$2 -> 2201 | G40: =G39*$D$2 -> 3268.808 | H40: =H39*$D$2 -> 233.6563 | I40: =I39*$D$2 -> 3502.4643 | J40: =J39*$D$2 -> 1366.5812 | K40: =K39*$D$2 -> 4869.0455 | L40: =L39*$D$2 -> 1366.5812 | M40: =M39*$D$2 -> 349.33402 | ... R40: =R39*$D$2 -> 349.33402 | T40: =T39*$D$2 -> 0 | U40: =U39*$D$2 -> 2318.7115 | V40: =V39*$D$2 -> 0 | W40: =W39*$D$2 -> 2668.0455 | X40: =X39*$D$2 -> 0 | Y40: =Y39*$D$2 -> 2668.0455 | AA40: =MAX(AA10:AA37) -> 51 | AB40: =MAX(AB10:AB37) -> 36 | AC40: HI
A42: SEASON / CFS | AA42: =MIN(AA10:AA37) -> 30 | AB42: =MIN(AB10:AB37) -> 5 | AC42: LO
A43: SEASON / AF
A45: YTD / CFS | F45: =F8+F39 -> 4909.5034 | G45: =G8+G39 -> 9888 | H45: =H8+H39 -> 495.7 | I45: =I8+I39 -> 10376.8 | J45: =J8+J39 -> 1910.0193 | K45: =K8+K39 -> 12278.419 | L45: =L8+L39 -> 1037.7034 | M45: =M8+M39 -> 1133.84 | ... R45: =R8+R39 -> 1022.79 | T45: =T8+T39 -> 0 | U45: =U8+U39 -> 5224.96 | V45: =V37 -> 964.04 | W45: =W8+W39 -> 6505 | X45: =X8+X39 -> 872.31589 | Y45: =Y8+Y39 -> 7377.3159 | Z45: =Z8+Z39 -> 4.87
A46: YTD / AF | D46: =D8+D40 -> 9738 | E46: =E37 -> 191207 | F46: =F45*$D$2 -> 9738 | G46: =G45*$D$2 -> 19612.848 | H46: =H45*$D$2 -> 983.22095 | I46: =I45*$D$2 -> 20582.383 | J46: =J45*$D$2 -> 3788.5233 | K46: =K45*$D$2 -> 24354.245 | L46: =L45*$D$2 -> 2058.2847 | M46: =M45*$D$2 -> 2248.9716 | ... Y46: =Y45*$D$2 -> 14632.906
A48: ="MAR 13" -> MAR 13
B49: 6896.75 | C49: 271746 | E49: =C49-152000 -> 119746 | G49: Max active capacity | I49: 229182
A50: ="2/13/97 thru 3/13/97" -> 2/13/97 thru 3/13/97 | G50: Below capacity | I50: =I49-E49 -> 109436
B51: =B49-B22 -> -18.19 | D51: =C49-C22 -> -70378 | G51: Season low | I51: =I50+D46 -> 119174

Sheet MAR
K1: MC PHEE RESERVOIR IN/OUT FLOW TABULATION
A2: AF/cfs CONVERT FACTOR | D2: 1.9835 | K2: MARCH "98"
A4: DATE | B4: RESERV | C4: RESERV | D4: AC FT | E4: ACTIVE | F4: CONV TO | G4: DOLORES | H4: LOST | I4: RECORDED | J4: CALC | K4: TOTAL | L4: CALC | M4: DOLORES TUNNEL | P4: LONE | Q4: U | R4: TOTAL | S4: MVI | T4: DV CR | U4: BELOW | V4: REMAIN | W4: RECORDED | X4: CALC | Y4: TOTAL | Z4: RAIN | AA4: MAX | AB4: MIN | AC4: DATE
A5: MAR | B5: ELEV | C5: AC FT | D5: CHANGE | E5: CAP | F5: CFS | G5: RIVER | H5: CANYON | I5: INFLOW | J5: INFLOW | K5: INFLOW | L5: INF/OTF | M5: TOT DIV | N5: UTE F&R | O5: MVI,CTZ | P5: PINE | Q5: LATERAL | R5: MVI | S5: CALL | T5: CANAL | U5: MC PHEE | V5: RELEASE | W5: OUTFLOW | X5: OUTFLOW | Y5: OUTFLOW | AA5: TMP | AB5: TMP | AC5: MAR
A7: SEASON BAL
A8: YTD | B8: {=FEB!$B$37:$C$37} -> 6915.2 | C8: 343207 | D8: {=FEB!$D$46:$E$46} -> 9738 | E8: 191207 | F8: {=FEB!$F$45:$Z$45} -> 4909.5034 | G8: 9888 | H8: 495.7 | I8: 10376.8 | J8: 1910.0193 | K8: 12278.419 | L8: 1037.7034 | M8: 1133.84 | N8: 0 | O8: 484.6 | P8: 0 | Q8: 146.2 | R8: 1022.79 | S8: 0 | T8: 0 | U8: 5224.96 | V8: 964.04 | W8: 6505 | X8: 872.31589 | Y8: 7377.3159 | Z8: 4.87
A10: 1 | B10: 6915.21 | C10: 343249 | D10: =C10-C8 -> 42 | E10: =C10-152000 -> 191249 | F10: =D10/$D$2 -> 21.174691 | G10: 56 | H10: 8.5 | I10: =G10+H10 -> 64.5 | J10: =IF(L10>0,L10,0) -> 3.9646912 | K10: =I10+J10 -> 68.464691 | L10: =F10-(I10-W10) -> 3.9646912 | M10: 6.29 | N10: 0 | O10: =M10-N10 -> 6.29 | P10: 0 | Q10: 0 | R10: =SUM(O10:Q10) -> 6.29 | T10: 0 | U10: 41 | V10: =V8-U10 -> 923.04 | W10: =R10+T10+N10+U10 -> 47.29 | X10: =IF(L10<0,L10*-1,0) -> 0 | Y10: =W10+X10 -> 47.29 | Z10: 0 | AA10: 36 | AB10: 4 | AC10: 1
A11: =A10+1 -> 2 | B11: 6915.22 | C11: 343291 | D11: =C11-C10 -> 42 | E11: =C11-152000 -> 191291 | F11: =D11/$D$2 -> 21.174691 | G11: 60 | H11: 6.1 | I11: =G11+H11 -> 66.1 | J11: =IF(L11>0,L11,0) -> 2.3646912 | K11: =I11+J11 -> 68.464691 | L11: =F11-(I11-W11) -> 2.3646912 | M11: 6.29 | N11: 0 | O11: =M11-N11 -> 6.29 | P11: 0 | Q11: 0 | R11: =SUM(O11:Q11) -> 6.29 | T11: 0 | U11: 41 | V11: =V10-U11 -> 882.04 | W11: =R11+T11+N11+U11 -> 47.29 | X11: =IF(L11<0,L11*-1,0) -> 0 | Y11: =W11+X11 -> 47.29 | Z11: 0 | AA11: 44 | AB11: 13 | AC11: =AC10+1 -> 2
A12: =A11+1 -> 3 | B12: 6915.23 | C12: 343332 | D12: =C12-C11 -> 41 | E12: =C12-152000 -> 191332 | F12: =D12/$D$2 -> 20.670532 | G12: 62 | H12: 5.4 | I12: =G12+H12 -> 67.4 | J12: =IF(L12>0,L12,0) -> 0.56053189 | K12: =I12+J12 -> 67.960532 | L12: =F12-(I12-W12) -> 0.56053189 | M12: 6.29 | N12: 0 | O12: =M12-N12 -> 6.29 | P12: 0 | Q12: 0 | R12: =SUM(O12:Q12) -> 6.29 | T12: 0 | U12: 41 | V12: =V11-U12 -> 841.04 | W12: =R12+T12+N12+U12 -> 47.29 | X12: =IF(L12<0,L12*-1,0) -> 0 | Y12: =W12+X12 -> 47.29 | Z12: 0 | AA12: 53 | AB12: 22 | AC12: =AC11+1 -> 3
A13: =A12+1 -> 4 | B13: 6915.26 | C13: 343458 | D13: =C13-C12 -> 126 | E13: =C13-152000 -> 191458 | F13: =D13/$D$2 -> 63.524074 | G13: 62 | H13: 5.6 | I13: =G13+H13 -> 67.6 | J13: =IF(L13>0,L13,0) -> 43.214074 | K13: =I13+J13 -> 110.81407 | L13: =F13-(I13-W13) -> 43.214074 | M13: 6.29 | N13: 0 | O13: =M13-N13 -> 6.29 | P13: 0 | Q13: 0 | R13: =SUM(O13:Q13) -> 6.29 | T13: 0 | U13: 41 | V13: =V12-U13 -> 800.04 | W13: =R13+T13+N13+U13 -> 47.29 | X13: =IF(L13<0,L13*-1,0) -> 0 | Y13: =W13+X13 -> 47.29 | Z13: 0 | AA13: 49 | AB13: 30 | AC13: =AC12+1 -> 4
A14: =A13+1 -> 5 | B14: 6915.28 | C14: 343541 | D14: =C14-C13 -> 83 | E14: =C14-152000 -> 191541 | F14: =D14/$D$2 -> 41.845223 | G14: 60 | H14: 4.7 | I14: =G14+H14 -> 64.7 | J14: =IF(L14>0,L14,0) -> 25.435223 | K14: =I14+J14 -> 90.135223 | L14: =F14-(I14-W14) -> 25.435223 | M14: 6.29 | N14: 0 | O14: =M14-N14 -> 6.29 | P14: 0 | Q14: 0 | R14: =SUM(O14:Q14) -> 6.29 | T14: 0 | U14: 42 | V14: =V13-U14 -> 758.04 | W14: =R14+T14+N14+U14 -> 48.29 | X14: =IF(L14<0,L14*-1,0) -> 0 | Y14: =W14+X14 -> 48.29 | Z14: 0 | AA14: 34 | AB14: 28 | AC14: =AC13+1 -> 5
A15: =A14+1 -> 6 | B15: 6915.38 | C15: 343959 | D15: =C15-C14 -> 418 | E15: =C15-152000 -> 191959 | F15: =D15/$D$2 -> 210.73859 | G15: 60 | H15: 4.9 | I15: =G15+H15 -> 64.9 | J15: =IF(L15>0,L15,0) -> 194.12859 | K15: =I15+J15 -> 259.02859 | L15: =F15-(I15-W15) -> 194.12859 | M15: 6.29 | N15: 0 | O15: =M15-N15 -> 6.29 | P15: 0 | Q15: 0 | R15: =SUM(O15:Q15) -> 6.29 | T15: 0 | U15: 42 | V15: =V14-U15 -> 716.04 | W15: =R15+T15+N15+U15 -> 48.29 | X15: =IF(L15<0,L15*-1,0) -> 0 | Y15: =W15+X15 -> 48.29 | Z15: 0.67 | AA15: 33 | AB15: 11 | AC15: =AC14+1 -> 6
A16: =A15+1 -> 7 | B16: 6915.42 | C16: 344126 | D16: =C16-C15 -> 167 | E16: =C16-152000 -> 192126 | F16: =D16/$D$2 -> 84.194605 | G16: 60 | H16: 6.5 | I16: =G16+H16 -> 66.5 | J16: =IF(L16>0,L16,0) -> 65.984605 | K16: =I16+J16 -> 132.48461 | L16: =F16-(I16-W16) -> 65.984605 | M16: 6.29 | N16: 0 | O16: =M16-N16 -> 6.29 | P16: 0 | Q16: 0 | R16: =SUM(O16:Q16) -> 6.29 | T16: 0 | U16: 42 | V16: =V15-U16 -> 674.04 | W16: =R16+T16+N16+U16 -> 48.29 | X16: =IF(L16<0,L16*-1,0) -> 0 | Y16: =W16+X16 -> 48.29 | Z16: 0.16 | AA16: 32 | AB16: 22 | AC16: =AC15+1 -> 7
A17: =A16+1 -> 8 | B17: 6915.43 | C17: 344167 | D17: =C17-C16 -> 41 | E17: =C17-152000 -> 192167 | F17: =D17/$D$2 -> 20.670532 | G17: 64 | H17: 8.5 | I17: =G17+H17 -> 72.5 | J17: =IF(L17>0,L17,0) -> 0 | K17: =I17+J17 -> 72.5 | L17: =F17-(I17-W17) -> -3.5394681 | M17: 6.29 | N17: 0 | O17: =M17-N17 -> 6.29 | P17: 0 | Q17: 0 | R17: =SUM(O17:Q17) -> 6.29 | T17: 0 | U17: 42 | V17: =V16-U17 -> 632.04 | W17: =R17+T17+N17+U17 -> 48.29 | X17: =IF(L17<0,L17*-1,0) -> 3.5394681 | Y17: =W17+X17 -> 51.829468 | Z17: 0 | AA17: 35 | AB17: 5 | AC17: =AC16+1 -> 8
A18: =A17+1 -> 9 | B18: 6915.44 | C18: 344209 | D18: =C18-C17 -> 42 | E18: =C18-152000 -> 192209 | F18: =D18/$D$2 -> 21.174691 | G18: 64 | H18: 8.2 | I18: =G18+H18 -> 72.2 | J18: =IF(L18>0,L18,0) -> 0 | K18: =I18+J18 -> 72.2 | L18: =F18-(I18-W18) -> -2.7353088 | M18: 6.29 | N18: 0 | O18: =M18-N18 -> 6.29 | P18: 0 | Q18: 0 | R18: =SUM(O18:Q18) -> 6.29 | T18: 0 | U18: 42 | V18: =V17-U18 -> 590.04 | W18: =R18+T18+N18+U18 -> 48.29 | X18: =IF(L18<0,L18*-1,0) -> 2.7353088 | Y18: =W18+X18 -> 51.025309 | Z18: 0 | AA18: 37 | AB18: 8 | AC18: =AC17+1 -> 9
A19: =A18+1 -> 10 | B19: 6915.45 | C19: 344251 | D19: =C19-C18 -> 42 | E19: =C19-152000 -> 192251 | F19: =D19/$D$2 -> 21.174691 | G19: 66 | H19: 8.9 | I19: =G19+H19 -> 74.9 | J19: =IF(L19>0,L19,0) -> 0 | K19: =I19+J19 -> 74.9 | L19: =F19-(I19-W19) -> -5.4353088 | M19: 6.29 | N19: 0 | O19: =M19-N19 -> 6.29 | P19: 0 | Q19: 0 | R19: =SUM(O19:Q19) -> 6.29 | T19: 0 | U19: 42 | V19: =V18-U19 -> 548.04 | W19: =R19+T19+N19+U19 -> 48.29 | X19: =IF(L19<0,L19*-1,0) -> 5.4353088 | Y19: =W19+X19 -> 53.725309 | Z19: 0 | AA19: 42 | AB19: 14 | AC19: =AC18+1 -> 10
A20: =A19+1 -> 11 | B20: 6915.46 | C20: 344292 | D20: =C20-C19 -> 41 | E20: =C20-152000 -> 192292 | F20: =D20/$D$2 -> 20.670532 | G20: 74 | H20: 8.8 | I20: =G20+H20 -> 82.8 | J20: =IF(L20>0,L20,0) -> 0 | K20: =I20+J20 -> 82.8 | L20: =F20-(I20-W20) -> -9.8394681 | M20: 6.29 | N20: 0 | O20: =M20-N20 -> 6.29 | P20: 0 | Q20: 0 | R20: =SUM(O20:Q20) -> 6.29 | T20: 0 | U20: 46 | V20: =V19-U20 -> 502.04 | W20: =R20+T20+N20+U20 -> 52.29 | X20: =IF(L20<0,L20*-1,0) -> 9.8394681 | Y20: =W20+X20 -> 62.129468 | Z20: 0 | AA20: 55 | AB20: 20 | AC20: =AC19+1 -> 11
A21: =A20+1 -> 12 | B21: 6915.49 | C21: 344418 | D21: =C21-C20 -> 126 | E21: =C21-152000 -> 192418 | F21: =D21/$D$2 -> 63.524074 | G21: 90 | H21: 9.5 | I21: =G21+H21 -> 99.5 | J21: =IF(L21>0,L21,0) -> 20.314074 | K21: =I21+J21 -> 119.81407 | L21: =F21-(I21-W21) -> 20.314074 | M21: 6.29 | N21: 0 | O21: =M21-N21 -> 6.29 | P21: 0 | Q21: 0 | R21: =SUM(O21:Q21) -> 6.29 | T21: 0 | U21: 50 | V21: =V20-U21 -> 452.04 | W21: =R21+T21+N21+U21 -> 56.29 | X21: =IF(L21<0,L21*-1,0) -> 0 | Y21: =W21+X21 -> 56.29 | Z21: 0 | AA21: 56 | AB21: 26 | AC21: =AC20+1 -> 12
A22: =A21+1 -> 13 | B22: 6915.53 | C22: 344585 | D22: =C22-C21 -> 167 | E22: =C22-152000 -> 192585 | F22: =D22/$D$2 -> 84.194605 | G22: 120 | H22: 11 | I22: =G22+H22 -> 131 | J22: =IF(L22>0,L22,0) -> 9.4846055 | K22: =I22+J22 -> 140.48461 | L22: =F22-(I22-W22) -> 9.4846055 | M22: 6.29 | N22: 0 | O22: =M22-N22 -> 6.29 | P22: 0 | Q22: 0 | R22: =SUM(O22:Q22) -> 6.29 | T22: 0 | U22: 50 | V22: =V21-U22 -> 402.04 | W22: =R22+T22+N22+U22 -> 56.29 | X22: =IF(L22<0,L22*-1,0) -> 0 | Y22: =W22+X22 -> 56.29 | Z22: 0 | AA22: 61 | AB22: 28 | AC22: =AC21+1 -> 13
... A32: =A31+1 -> 23 | B32: 6916 | C32: 346547 | D32: =C32-C31 -> 293 | E32: =C32-152000 -> 194547 | F32: =D32/$D$2 -> 147.71868 | G32: 279 | H32: 55 | I32: =G32+H32 -> 334 | J32: =IF(L32>0,L32,0) -> 6.7186791 | K32: =I32+J32 -> 340.71868 | L32: =F32-(I32-W32) -> 6.7186791 | M32: 30 | N32: 0 | O32: =M32-N32 -> 30 | P32: 113 | Q32: 0 | R32: =SUM(O32:Q32) -> 143 | T32: 0 | U32: 50 | V32: =V31-U32 -> -100.96 | W32: =R32+T32+N32+U32 -> 193 | X32: =IF(L32<0,L32*-1,0) -> 0 | Y32: =W32+X32 -> 193 | Z32: 0 | AA32: 70 | AB32: 19 | AC32: =AC31+1 -> 23
A33: =A32+1 -> 24 | B33: 6916.31 | C33: 347851 | D33: =C33-C32 -> 1304 | E33: =C33-152000 -> 195851 | F33: =D33/$D$2 -> 657.42375 | G33: 402 | H33: 86 | I33: =G33+H33 -> 488 | J33: =IF(L33>0,L33,0) -> 304.42375 | K33: =I33+J33 -> 792.42375 | L33: =F33-(I33-W33) -> 304.42375 | M33: 52 | N33: =(1.1+1.2)*1.05 -> 2.415 | O33: =M33-N33 -> 49.585 | P33: 33 | Q33: 0 | R33: =SUM(O33:Q33) -> 82.585 | T33: 0 | U33: 50 | V33: =V32-U33 -> -150.96 | W33: =R33+T33+N33+U33 -> 135 | X33: =IF(L33<0,L33*-1,0) -> 0 | Y33: =W33+X33 -> 135 | Z33: 0 | AA33: 70 | AB33: 11 | AC33: =AC32+1 -> 24
A34: =A33+1 -> 25 | B34: 6916.84 | C34: 350081 | D34: =C34-C33 -> 2230 | E34: =C34-152000 -> 198081 | F34: =D34/$D$2 -> 1124.2753 | G34: 577 | H34: 150 | I34: =G34+H34 -> 727 | J34: =IF(L34>0,L34,0) -> 502.27527 | K34: =I34+J34 -> 1229.2753 | L34: =F34-(I34-W34) -> 502.27527 | M34: 52 | N34: =(9.6+10)*1.05 -> 20.58 | O34: =M34-N34 -> 31.42 | P34: 0 | Q34: 0 | R34: =SUM(O34:Q34) -> 31.42 | T34: 0 | U34: 53 | V34: =V33-U34 -> -203.96 | W34: =R34+T34+N34+U34 -> 105 | X34: =IF(L34<0,L34*-1,0) -> 0 | Y34: =W34+X34 -> 105 | Z34: 0 | AA34: 72 | AB34: 12 | AC34: =AC33+1 -> 25
A35: =A34+1 -> 26 | B35: 6917.52 | C35: 352959 | D35: =C35-C34 -> 2878 | E35: =C35-152000 -> 200959 | F35: =D35/$D$2 -> 1450.9705 | G35: 743 | H35: 203 | I35: =G35+H35 -> 946 | J35: =IF(L35>0,L35,0) -> 599.97051 | K35: =I35+J35 -> 1545.9705 | L35: =F35-(I35-W35) -> 599.97051 | M35: 41 | N35: =(9+9.2)*1.05 -> 19.11 | O35: =M35-N35 -> 21.89 | P35: 0 | Q35: 0 | R35: =SUM(O35:Q35) -> 21.89 | T35: 0 | U35: 54 | V35: =V34-U35 -> -257.96 | W35: =R35+T35+N35+U35 -> 95 | X35: =IF(L35<0,L35*-1,0) -> 0 | Y35: =W35+X35 -> 95 | Z35: 0.62 | AA35: 57 | AB35: 14 | AC35: =AC34+1 -> 26
A36: =A35+1 -> 27 | B36: 6918.06 | C36: 355250 | D36: =C36-C35 -> 2291 | E36: =C36-152000 -> 203250 | F36: =D36/$D$2 -> 1155.029 | G36: 646 | H36: 147 | I36: =G36+H36 -> 793 | J36: =IF(L36>0,L36,0) -> 435.02899 | K36: =I36+J36 -> 1228.029 | L36: =F36-(I36-W36) -> 435.02899 | M36: 19 | N36: =(2.3+3.4)*1.05 -> 5.985 | O36: =M36-N36 -> 13.015 | P36: 0 | Q36: 0 | R36: =SUM(O36:Q36) -> 13.015 | T36: 0 | U36: 54 | V36: =V35-U36 -> -311.96 | W36: =R36+T36+N36+U36 -> 73 | X36: =IF(L36<0,L36*-1,0) -> 0 | Y36: =W36+X36 -> 73 | Z36: 0.2 | AA36: 42 | AB36: 30 | AC36: =AC35+1 -> 27
A37: =A36+1 -> 28 | B37: 6918.52 | C37: 357216 | D37: =C37-C36 -> 1966 | E37: =C37-152000 -> 205216 | F37: =D37/$D$2 -> 991.17721 | G37: 521 | H37: 108 | I37: =G37+H37 -> 629 | J37: =IF(L37>0,L37,0) -> 435.17721 | K37: =I37+J37 -> 1064.1772 | L37: =F37-(I37-W37) -> 435.17721 | M37: 19 | N37: =(4.6+2.7)*1.05 -> 7.665 | O37: =M37-N37 -> 11.335 | P37: 0 | Q37: 0 | R37: =SUM(O37:Q37) -> 11.335 | T37: 0 | U37: 54 | V37: =V36-U37 -> -365.96 | W37: =R37+T37+N37+U37 -> 73 | X37: =IF(L37<0,L37*-1,0) -> 0 | Y37: =W37+X37 -> 73 | Z37: 0.55 | AA37: 39 | AB37: 34 | AC37: =AC36+1 -> 28
A38: =A37+1 -> 29 | B38: 6918.77 | C38: 358284 | D38: =C38-C37 -> 1068 | E38: =C38-152000 -> 206284 | F38: =D38/$D$2 -> 538.44215 | G38: 433 | H38: 76 | I38: =G38+H38 -> 509 | J38: =IF(L38>0,L38,0) -> 102.44215 | K38: =I38+J38 -> 611.44215 | L38: =F38-(I38-W38) -> 102.44215 | M38: 19 | N38: =(1.3+2.5)*1.05 -> 3.99 | O38: =M38-N38 -> 15.01 | P38: 0 | Q38: 0 | R38: =SUM(O38:Q38) -> 15.01 | T38: 0 | U38: 54 | V38: =V37-U38 -> -419.96 | W38: =R38+T38+N38+U38 -> 73 | X38: =IF(L38<0,L38*-1,0) -> 0 | Y38: =W38+X38 -> 73 | Z38: 0.04 | AA38: 33 | AB38: 20 | AC38: =AC37+1 -> 29
A39: 30 | B39: 6919 | C39: 359267 | D39: =C39-C38 -> 983 | E39: =C39-152000 -> 207267 | F39: =D39/$D$2 -> 495.58861 | G39: 358 | H39: 79 | I39: =G39+H39 -> 437 | J39: =IF(L39>0,L39,0) -> 130.58861 | K39: =I39+J39 -> 567.58861 | L39: =F39-(I39-W39) -> 130.58861 | M39: 19 | N39: 0 | O39: =M39-N39 -> 19 | P39: 0 | Q39: 0 | R39: =SUM(O39:Q39) -> 19 | T39: 0 | U39: 53 | V39: =V38-U39 -> -472.96 | W39: =R39+T39+N39+U39 -> 72 | X39: =IF(L39<0,L39*-1,0) -> 0 | Y39: =W39+X39 -> 72 | Z39: 0.14 | AA39: 34 | AB39: 8 | AC39: 30
A40: 31 | B40: 6919.19 | C40: 360085 | D40: =C40-C39 -> 818 | E40: =C40-152000 -> 208085 | F40: =D40/$D$2 -> 412.40232 | G40: 377 | H40: 71 | I40: =G40+H40 -> 448 | J40: =IF(L40>0,L40,0) -> 113.87232 | K40: =I40+J40 -> 561.87232 | L40: =F40-(I40-W40) -> 113.87232 | M40: 9.47 | N40: 0 | O40: =M40-N40 -> 9.47 | P40: 0 | Q40: 0 | R40: =SUM(O40:Q40) -> 9.47 | T40: 0 | U40: 140 | V40: =V39-U40 -> -612.96 | W40: =R40+T40+N40+U40 -> 149.47 | X40: =IF(L40<0,L40*-1,0) -> 0 | Y40: =W40+X40 -> 149.47 | Z40: 0 | AA40: 46 | AB40: 20 | AC40: 31
A42: MONTH / CFS | F42: =SUM(F10:F40) -> 8509.2009 | G42: =SUM(G10:G40) -> 6785 | H42: =SUM(H10:H40) -> 1308.6 | I42: =SUM(I10:I40) -> 8093.6 | J42: =SUM(J10:J40) -> 3337.5067 | K42: =SUM(K10:K40) -> 11431.107 | L42: =SUM(L10:L40) -> 3177.7209 | M42: =SUM(M10:M40) -> 396.12 | ... R42: =SUM(R10:R40) -> 1125.375 | T42: =SUM(T10:T40) -> 0 | U42: =SUM(U10:U40) -> 1577 | W42: =SUM(W10:W40) -> 2762.12 | X42: =SUM(X10:X40) -> 159.78582 | Y42: =SUM(Y10:Y40) -> 2921.9058 | Z42: =SUM(Z10:Z40) -> 2.65 | AA42: =AVERAGE(AA10:AA40) -> 48.903226 | AB42: =AVERAGE(AB10:AB40) -> 19.516129
A43: MONTH / AF | D43: =SUM(D10:D40) -> 16878 | F43: =F42*$D$2 -> 16878 | G43: =G42*$D$2 -> 13458.048 | H43: =H42*$D$2 -> 2595.6081 | I43: =I42*$D$2 -> 16053.656 | J43: =J42*$D$2 -> 6619.9446 | K43: =K42*$D$2 -> 22673.6 | L43: =L42*$D$2 -> 6303.0094 | M43: =M42*$D$2 -> 785.70402 | ... R43: =R42*$D$2 -> 2232.1813 | T43: =T42*$D$2 -> 0 | U43: =U42*$D$2 -> 3127.9795 | W43: =W42*$D$2 -> 5478.665 | X43: =X42*$D$2 -> 316.93518 | Y43: =Y42*$D$2 -> 5795.6002 | AA43: =MAX(AA10:AA40) -> 72 | AB43: =MAX(AB10:AB40) -> 34 | AC43: HI
A45: SEASON / CFS | AA45: =MIN(AA10:AA40) -> 31 | AB45: =MIN(AB10:AB40) -> 4 | AC45: LO
A46: SEASON / AF
A48: YTD / CFS | F48: =F8+F42 -> 13418.704 | G48: =G8+G42 -> 16673 | H48: =H8+H42 -> 1804.3 | I48: =I8+I42 -> 18470.4 | J48: =J8+J42 -> 5247.526 | K48: =K8+K42 -> 23709.526 | L48: =L8+L42 -> 4215.4243 | M48: =M8+M42 -> 1529.96 | ... R48: =R8+R42 -> 2148.165 | T48: =T8+T42 -> 0 | U48: =U8+U42 -> 6801.96 | V48: =V40 -> -612.96 | W48: =W8+W42 -> 9267.12 | X48: =X8+X42 -> 1032.1017 | Y48: =Y8+Y42 -> 10299.222 | Z48: =Z8+Z42 -> 7.52
A49: YTD / AF | D49: =D8+D43 -> 26616 | E49: =E40 -> 208085 | F49: =F48*$D$2 -> 26616 | G49: =G48*$D$2 -> 33070.895 | H49: =H48*$D$2 -> 3578.829 | I49: =I48*$D$2 -> 36636.038 | J49: =J48*$D$2 -> 10408.468 | K49: =K48*$D$2 -> 47027.845 | L49: =L48*$D$2 -> 8361.2941 | M49: =M48*$D$2 -> 3034.6757 | ... Y49: =Y48*$D$2 -> 20428.506
A51: ="APR 10/97" -> APR 10/97
B52: 6916.24 | C52: 347556 | E52: =C52-152000 -> 195556
A53: ="3/13/97 thru 4/9/97" -> 3/13/97 thru 4/9/97
B54: =B52-B22 -> 0.71 | D54: =C52-C22 -> 2971

Sheet APR
K1: MC PHEE RESERVOIR IN/OUT FLOW TABULATION
A2: AF/cfs CONVERT FACTOR | D2: 1.9835 | K2: APRIL "98"
Y3: 5
A4: DATE | B4: RESERV | C4: RESERV | D4: AC FT | E4: ACTIVE | F4: CONV TO | G4: DOLORES | H4: LOST | I4: RECORDED | J4: CALC | K4: TOTAL | L4: CALC | M4: DOLORES TUNNEL | P4: MVI | Q4: U | R4: TOTAL | S4: MVI | T4: DV CR | U4: BELOW | V4: REMAIN | W4: RECORDED | X4: CALC | Y4: TOTAL | Z4: RAIN | AA4: MAX | AB4: MIN | AC4: DATE
A5: "APR" | B5: ELEV | C5: AC FT | D5: CHANGE | E5: CAP | F5: CFS | G5: RIVER | H5: CANYON | I5: INFLOW | J5: INFLOW | K5: INFLOW | L5: INF/OTF | M5: TOT DIV | N5: UTE F&R | O5: MVI/CTZ/MWC | P5: DIVER | Q5: LATERAL | R5: MVI | S5: CALL | T5: CANAL | U5: MC PHEE | V5: RELEASE | W5: OUTFLOW | X5: OUTFLOW | Y5: OUTFLOW | AA5: TMP | AB5: TMP | AC5: "APR"
V6: =25400+3900+3900+3300+150 -> 36650
A7: SEASON BAL
A8: YTD | B8: {=MAR!$B$40:$C$40} -> 6919.19 | C8: 360085 | D8: {=MAR!$D$49:$E$49} -> 26616 | E8: 208085 | F8: {=MAR!$F$48:$U$48} -> 13418.704 | G8: 16673 | H8: 1804.3 | I8: 18470.4 | J8: 5247.526 | K8: 23709.526 | L8: 4215.4243 | M8: 1529.96 | N8: 59.745 | O8: 820.975 | P8: 789 | Q8: 146.2 | R8: 2148.165 | S8: 0 | T8: 0 | U8: 6801.96 | V8: =V6/D2 -> 18477.439 | W8: {=MAR!$W$48:$Z$48} -> 9267.12 | X8: 1032.1017 | Y8: 10299.222 | Z8: 7.52
A10: 1 | B10: 6919.37 | C10: 360860 | D10: =C10-C8 -> 775 | E10: =C10-152000 -> 208860 | F10: =D10/$D$2 -> 390.72347 | G10: 343 | H10: 63 | I10: =G10+H10 -> 406 | J10: =IF(L10>0,L10,0) -> 212.72347 | K10: =I10+J10 -> 618.72347 | L10: =F10-(I10-W10) -> 212.72347 | M10: 10 | N10: 0 | O10: =M10-N10 -> 10 | P10: 0 | Q10: 0 | R10: =SUM(O10:Q10) -> 10 | T10: 0 | U10: 218 | V10: 18477 | W10: =N10+R10+T10+U10 -> 228 | X10: =IF(L10<0,L10*-1,0) -> 0 | Y10: =W10+X10 -> 228 | Z10: 0.31 | AA10: 50 | AB10: 29 | AC10: 1
A11: =A10+1 -> 2 | B11: 6919.42 | C11: 361075 | D11: =C11-C10 -> 215 | E11: =C11-152000 -> 209075 | F11: =D11/$D$2 -> 108.39425 | G11: 367 | H11: 64 | I11: =G11+H11 -> 431 | J11: =IF(L11>0,L11,0) -> 135.39425 | K11: =I11+J11 -> 566.39425 | L11: =F11-(I11-W11) -> 135.39425 | M11: 11 | N11: =(0.42)*1.05 -> 0.441 | O11: =M11-N11 -> 10.559 | P11: 0 | Q11: 0 | R11: =SUM(O11:Q11) -> 10.559 | T11: 0 | U11: 447 | V11: 18477 | W11: =N11+R11+T11+U11 -> 458 | X11: =IF(L11<0,L11*-1,0) -> 0 | Y11: =W11+X11 -> 458 | Z11: 0.04 | AA11: 35 | AB11: 21 | AC11: =AC10+1 -> 2
A12: =A11+1 -> 3 | B12: 6919.4 | C12: 360989 | D12: =C12-C11 -> -86 | E12: =C12-152000 -> 208989 | F12: =D12/$D$2 -> -43.357701 | G12: 329 | H12: 65 | I12: =G12+H12 -> 394 | J12: =IF(L12>0,L12,0) -> 188.2423 | K12: =I12+J12 -> 582.2423 | L12: =F12-(I12-W12) -> 188.2423 | M12: 9.6 | N12: 0 | O12: =M12-N12 -> 9.6 | P12: 0 | Q12: 0 | R12: =SUM(O12:Q12) -> 9.6 | T12: 0 | U12: 616 | V12: 18477 | W12: =N12+R12+T12+U12 -> 625.6 | X12: =IF(L12<0,L12*-1,0) -> 0 | Y12: =W12+X12 -> 625.6 | Z12: 0 | AA12: 54 | AB12: 26 | AC12: =AC11+1 -> 3
A13: =A12+1 -> 4 | B13: 6919.35 | C13: 360774 | D13: =C13-C12 -> -215 | E13: =C13-152000 -> 208774 | F13: =D13/$D$2 -> -108.39425 | G13: 352 | H13: 77 | I13: =G13+H13 -> 429 | J13: =IF(L13>0,L13,0) -> 212.60575 | K13: =I13+J13 -> 641.60575 | L13: =F13-(I13-W13) -> 212.60575 | M13: 11 | N13: 0 | O13: =M13-N13 -> 11 | P13: 0 | Q13: 0 | R13: =SUM(O13:Q13) -> 11 | T13: 0 | U13: 739 | V13: 18477 | W13: =N13+R13+T13+U13 -> 750 | X13: =IF(L13<0,L13*-1,0) -> 0 | Y13: =W13+X13 -> 750 | Z13: 0 | AA13: 56 | AB13: 32 | AC13: =AC12+1 -> 4
A14: =A13+1 -> 5 | B14: 6919.3 | C14: 360559 | D14: =C14-C13 -> -215 | E14: =C14-152000 -> 208559 | F14: =D14/$D$2 -> -108.39425 | G14: 381 | H14: 85 | I14: =G14+H14 -> 466 | J14: =IF(L14>0,L14,0) -> 274.60575 | K14: =I14+J14 -> 740.60575 | L14: =F14-(I14-W14) -> 274.60575 | M14: 13 | N14: 0 | O14: =M14-N14 -> 13 | P14: 0 | Q14: 0 | R14: =SUM(O14:Q14) -> 13 | T14: 0 | U14: 836 | V14: 18477 | W14: =N14+R14+T14+U14 -> 849 | X14: =IF(L14<0,L14*-1,0) -> 0 | Y14: =W14+X14 -> 849 | Z14: 0 | AA14: 54 | AB14: 24 | AC14: =AC13+1 -> 5
A15: =A14+1 -> 6 | B15: 6919.27 | C15: 360430 | D15: =C15-C14 -> -129 | E15: =C15-152000 -> 208430 | F15: =D15/$D$2 -> -65.036552 | G15: 428 | H15: 95 | I15: =G15+H15 -> 523 | J15: =IF(L15>0,L15,0) -> 260.96345 | K15: =I15+J15 -> 783.96345 | L15: =F15-(I15-W15) -> 260.96345 | M15: 13 | N15: 0 | O15: =M15-N15 -> 13 | P15: 0 | Q15: 0 | R15: =SUM(O15:Q15) -> 13 | T15: 0 | U15: 836 | V15: 18477 | W15: =N15+R15+T15+U15 -> 849 | X15: =IF(L15<0,L15*-1,0) -> 0 | Y15: =W15+X15 -> 849 | Z15: 0.11 | AA15: 44 | AB15: 30 | AC15: =AC14+1 -> 6
A16: =A15+1 -> 7 | B16: 6919.22 | C16: 360214 | D16: =C16-C15 -> -216 | E16: =C16-152000 -> 208214 | F16: =D16/$D$2 -> -108.89841 | G16: 400 | H16: 76 | I16: =G16+H16 -> 476 | J16: =IF(L16>0,L16,0) -> 260.10159 | K16: =I16+J16 -> 736.10159 | L16: =F16-(I16-W16) -> 260.10159 | M16: 13 | N16: =(1.5)*1.05 -> 1.575 | O16: =M16-N16 -> 11.425 | P16: 0 | Q16: 0 | R16: =SUM(O16:Q16) -> 11.425 | T16: 0 | U16: 832 | V16: 18477 | W16: =N16+R16+T16+U16 -> 845 | X16: =IF(L16<0,L16*-1,0) -> 0 | Y16: =W16+X16 -> 845 | Z16: 0.16 | AA16: 46 | AB16: 30 | AC16: =AC15+1 -> 7
A17: =A16+1 -> 8 | B17: 6919.07 | C17: 359568 | D17: =C17-C16 -> -646 | E17: =C17-152000 -> 207568 | F17: =D17/$D$2 -> -325.68692 | G17: 351 | H17: 62 | I17: =G17+H17 -> 413 | J17: =IF(L17>0,L17,0) -> 107.31308 | K17: =I17+J17 -> 520.31308 | L17: =F17-(I17-W17) -> 107.31308 | M17: 13 | N17: =(2.1)*1.05 -> 2.205 | O17: =M17-N17 -> 10.795 | P17: 0 | Q17: 0 | R17: =SUM(O17:Q17) -> 10.795 | T17: 0 | U17: 833 | V17: 18477 | W17: =N17+R17+T17+U17 -> 846 | X17: =IF(L17<0,L17*-1,0) -> 0 | Y17: =W17+X17 -> 846 | Z17: 0.02 | AA17: 48 | AB17: 26 | AC17: =AC16+1 -> 8
A18: =A17+1 -> 9 | B18: 6918.94 | C18: 359010 | D18: =C18-C17 -> -558 | E18: =C18-152000 -> 207010 | F18: =D18/$D$2 -> -281.3209 | G18: 335 | H18: 52 | I18: =G18+H18 -> 387 | J18: =IF(L18>0,L18,0) -> 178.6791 | K18: =I18+J18 -> 565.6791 | L18: =F18-(I18-W18) -> 178.6791 | M18: 16 | N18: =(5.5)*1.05 -> 5.775 | O18: =M18-N18 -> 10.225 | P18: 0 | Q18: 0 | R18: =SUM(O18:Q18) -> 10.225 | T18: 0 | U18: 831 | V18: 18477 | W18: =N18+R18+T18+U18 -> 847 | X18: =IF(L18<0,L18*-1,0) -> 0 | Y18: =W18+X18 -> 847 | Z18: 0 | AA18: 53 | AB18: 33 | AC18: =AC17+1 -> 9
A19: =A18+1 -> 10 | B19: 6918.87 | C19: 358711 | D19: =C19-C18 -> -299 | E19: =C19-152000 -> 206711 | F19: =D19/$D$2 -> -150.74363 | G19: 334 | H19: 53 | I19: =G19+H19 -> 387 | J19: =IF(L19>0,L19,0) -> 312.25637 | K19: =I19+J19 -> 699.25637 | L19: =F19-(I19-W19) -> 312.25637 | M19: 19 | N19: =(8.2)*1.05 -> 8.61 | O19: =M19-N19 -> 10.39 | P19: 0 | Q19: 0 | R19: =SUM(O19:Q19) -> 10.39 | T19: 0 | U19: 831 | V19: 18477 | W19: =N19+R19+T19+U19 -> 850 | X19: =IF(L19<0,L19*-1,0) -> 0 | Y19: =W19+X19 -> 850 | Z19: 0 | AA19: 67 | AB19: 34 | AC19: =AC18+1 -> 10
A20: =A19+1 -> 11 | B20: 6919.02 | C20: 359353 | D20: =C20-C19 -> 642 | E20: =C20-152000 -> 207353 | F20: =D20/$D$2 -> 323.67028 | G20: 480 | H20: 100 | I20: =G20+H20 -> 580 | J20: =IF(L20>0,L20,0) -> 596.67028 | K20: =I20+J20 -> 1176.6703 | L20: =F20-(I20-W20) -> 596.67028 | M20: 20 | N20: =(9.9)*1.05 -> 10.395 | O20: =M20-N20 -> 9.605 | P20: 0 | Q20: 0 | R20: =SUM(O20:Q20) -> 9.605 | T20: 0 | U20: 833 | V20: 18477 | W20: =N20+R20+T20+U20 -> 853 | X20: =IF(L20<0,L20*-1,0) -> 0 | Y20: =W20+X20 -> 853 | Z20: 0 | AA20: 73 | AB20: 43 | AC20: =AC19+1 -> 11
A21: =A20+1 -> 12 | B21: 6919.42 | C21: 361075 | D21: =C21-C20 -> 1722 | E21: =C21-152000 -> 209075 | F21: =D21/$D$2 -> 868.16234 | G21: 693 | H21: 196 | I21: =G21+H21 -> 889 | J21: =IF(L21>0,L21,0) -> 830.16234 | K21: =I21+J21 -> 1719.1623 | L21: =F21-(I21-W21) -> 830.16234 | M21: 18 | N21: =(2.5)*1.05 -> 2.625 | O21: =M21-N21 -> 15.375 | P21: 0 | Q21: 0 | R21: =SUM(O21:Q21) -> 15.375 | T21: 0 | U21: 833 | V21: 18477 | W21: =N21+R21+T21+U21 -> 851 | X21: =IF(L21<0,L21*-1,0) -> 0 | Y21: =W21+X21 -> 851 | Z21: 0.06 | AA21: 50 | AB21: 34 | AC21: =AC20+1 -> 12
A22: =A21+1 -> 13 | B22: 6919.55 | C22: 361635 | D22: =C22-C21 -> 560 | E22: =C22-152000 -> 209635 | F22: =D22/$D$2 -> 282.32922 | G22: 564 | H22: 127 | I22: =G22+H22 -> 691 | J22: =IF(L22>0,L22,0) -> 440.32922 | K22: =I22+J22 -> 1131.3292 | L22: =F22-(I22-W22) -> 440.32922 | M22: 19 | N22: =(6.8+6.5)*1.05 -> 13.965 | O22: =M22-N22 -> 5.035 | P22: 0 | Q22: 0 | R22: =SUM(O22:Q22) -> 5.035 | T22: 0 | U22: 830 | V22: 18477 | W22: =N22+R22+T22+U22 -> 849 | X22: =IF(L22<0,L22*-1,0) -> 0 | Y22: =W22+X22 -> 849 | Z22: 0 | AA22: 52 | AB22: 33 | AC22: =AC21+1 -> 13
A23: =A22+1 -> 14 | B23: 6919.6 | C23: 361851 | D23: =C23-C22 -> 216 | E23: =C23-152000 -> 209851 | F23: =D23/$D$2 -> 108.89841 | G23: 517 | H23: 93 | I23: =G23+H23 -> 610 | J23: =IF(L23>0,L23,0) -> 376.89841 | K23: =I23+J23 -> 986.89841 | L23: =F23-(I23-W23) -> 376.89841 | M23: 52 | N23: =(20+20)*1.05 -> 42 | O23: =M23-N23 -> 10 | P23: 0 | Q23: 0 | R23: =SUM(O23:Q23) -> 10 | T23: 0 | U23: 826 | V23: 18477 | W23: =N23+R23+T23+U23 -> 878 | X23: =IF(L23<0,L23*-1,0) -> 0 | Y23: =W23+X23 -> 878 | Z23: 0.01 | AA23: 50 | AB23: 32 | AC23: =AC22+1 -> 14
A24: =A23+1 -> 15 | B24: 6919.57 | C24: 361721 | D24: =C24-C23 -> -130 | E24: =C24-152000 -> 209721 | F24: =D24/$D$2 -> -65.540711 | G24: 465 | H24: 75 | I24: =G24+H24 -> 540 | J24: =IF(L24>0,L24,0) -> 307.45929 | K24: =I24+J24 -> 847.45929 | L24: =F24-(I24-W24) -> 307.45929 | M24: 93 | N24: =(35+34)*1.05 -> 72.45 | O24: =M24-N24 -> 20.55 | P24: 0 | Q24: 0 | R24: =SUM(O24:Q24) -> 20.55 | T24: 0 | U24: 820 | V24: 18477 | W24: =N24+R24+T24+U24 -> 913 | X24: =IF(L24<0,L24*-1,0) -> 0 | Y24: =W24+X24 -> 913 | Z24: 0.04 | AA24: 44 | AB24: 33 | AC24: =AC23+1 -> 15
A25: =A24+1 -> 16 | B25: 6919.49 | C25: 361377 | D25: =C25-C24 -> -344 | E25: =C25-152000 -> 209377 | F25: =D25/$D$2 -> -173.4308 | G25: 427 | H25: 53 | I25: =G25+H25 -> 480 | J25: =IF(L25>0,L25,0) -> 251.5692 | K25: =I25+J25 -> 731.5692 | L25: =F25-(I25-W25) -> 251.5692 | M25: 85 | N25: =(35+38)*1.05 -> 76.65 | O25: =M25-N25 -> 8.35 | P25: 0 | Q25: 0 | R25: =SUM(O25:Q25) -> 8.35 | T25: 0 | U25: 820 | V25: 18477 | W25: =N25+R25+T25+U25 -> 905 | X25: =IF(L25<0,L25*-1,0) -> 0 | Y25: =W25+X25 -> 905 | Z25: 0.05 | AA25: 41 | AB25: 28 | AC25: =AC24+1 -> 16
A26: =A25+1 -> 17 | B26: 6919.35 | C26: 360774 | D26: =C26-C25 -> -603 | E26: =C26-152000 -> 208774 | F26: =D26/$D$2 -> -304.00807 | G26: 390 | H26: 51 | I26: =G26+H26 -> 441 | J26: =IF(L26>0,L26,0) -> 172.99193 | K26: =I26+J26 -> 613.99193 | L26: =F26-(I26-W26) -> 172.99193 | M26: 99 | N26: =(35+36)*1.05 -> 74.55 | O26: =M26-N26 -> 24.45 | P26: 0 | Q26: 0 | R26: =SUM(O26:Q26) -> 24.45 | T26: 0 | U26: 819 | V26: 18477 | W26: =N26+R26+T26+U26 -> 918 | X26: =IF(L26<0,L26*-1,0) -> 0 | Y26: =W26+X26 -> 918 | Z26: 0 | AA26: 51 | AB26: 30 | AC26: =AC25+1 -> 17
A27: =A26+1 -> 18 | B27: 6919.25 | C27: 360300 | D27: =C27-C26 -> -474 | E27: =C27-152000 -> 208300 | F27: =D27/$D$2 -> -238.97151 | G27: 403 | H27: 60 | I27: =G27+H27 -> 463 | J27: =IF(L27>0,L27,0) -> 206.02849 | K27: =I27+J27 -> 669.02849 | L27: =F27-(I27-W27) -> 206.02849 | M27: 91 | N27: =(34+33)*1.05 -> 70.35 | O27: =M27-N27 -> 20.65 | P27: 0 | Q27: 0 | R27: =SUM(O27:Q27) -> 20.65 | T27: 0 | U27: 817 | V27: 18477 | W27: =N27+R27+T27+U27 -> 908 | X27: =IF(L27<0,L27*-1,0) -> 0 | Y27: =W27+X27 -> 908 | Z27: 0 | AA27: 51 | AB27: 32 | AC27: =AC26+1 -> 18
A28: =A27+1 -> 19 | B28: 6919.22 | C28: 360214 | D28: =C28-C27 -> -86 | E28: =C28-152000 -> 208214 | F28: =D28/$D$2 -> -43.357701 | G28: 401 | H28: 61 | I28: =G28+H28 -> 462 | J28: =IF(L28>0,L28,0) -> 391.6423 | K28: =I28+J28 -> 853.6423 | L28: =F28-(I28-W28) -> 391.6423 | M28: 80 | N28: =(30+30)*1.05 -> 63 | O28: =M28-N28 -> 17 | P28: 0 | Q28: 0 | R28: =SUM(O28:Q28) -> 17 | T28: 0 | U28: 817 | V28: 18477 | W28: =N28+R28+T28+U28 -> 897 | X28: =IF(L28<0,L28*-1,0) -> 0 | Y28: =W28+X28 -> 897 | Z28: 0 | AA28: 59 | AB28: 29 | AC28: =AC27+1 -> 19
A29: =A28+1 -> 20 | B29: 6912.35 | C29: 360774 | D29: =C29-C28 -> 560 | E29: =C29-152000 -> 208774 | F29: =D29/$D$2 -> 282.32922 | G29: 490 | H29: 69 | I29: =G29+H29 -> 559 | J29: =IF(L29>0,L29,0) -> 648.32922 | K29: =I29+J29 -> 1207.3292 | L29: =F29-(I29-W29) -> 648.32922 | M29: 78 | N29: =(28+29)*1.05 -> 59.85 | O29: =M29-N29 -> 18.15 | P29: 0 | Q29: 0 | R29: =SUM(O29:Q29) -> 18.15 | T29: 29 | U29: 818 | V29: 18477 | W29: =N29+R29+T29+U29 -> 925 | X29: =IF(L29<0,L29*-1,0) -> 0 | Y29: =W29+X29 -> 925 | Z29: 0 | AA29: 60 | AB29: 35 | AC29: =AC28+1 -> 20
A30: =A29+1 -> 21 | B30: 6919.65 | C30: 362066 | D30: =C30-C29 -> 1292 | E30: =C30-152000 -> 210066 | F30: =D30/$D$2 -> 651.37383 | G30: 645 | H30: 118 | I30: =G30+H30 -> 763 | J30: =IF(L30>0,L30,0) -> 808.37383 | K30: =I30+J30 -> 1571.3738 | L30: =F30-(I30-W30) -> 808.37383 | M30: 72 | N30: =(24+23)*1.05 -> 49.35 | O30: =M30-N30 -> 22.65 | P30: 0 | Q30: 0 | R30: =SUM(O30:Q30) -> 22.65 | T30: 29 | U30: 819 | V30: 18477 | W30: =N30+R30+T30+U30 -> 920 | X30: =IF(L30<0,L30*-1,0) -> 0 | Y30: =W30+X30 -> 920 | Z30: 0 | AA30: 67 | AB30: 33 | AC30: =AC29+1 -> 21
A31: =A30+1 -> 22 | B31: 6920.15 | C31: 364224 | D31: =C31-C30 -> 2158 | E31: =C31-152000 -> 212224 | F31: =D31/$D$2 -> 1087.9758 | G31: 866 | H31: 182 | I31: =G31+H31 -> 1048 | J31: =IF(L31>0,L31,0) -> 969.9758 | K31: =I31+J31 -> 2017.9758 | L31: =F31-(I31-W31) -> 969.9758 | M31: 85 | N31: =(25+27)*1.05 -> 54.6 | O31: =M31-N31 -> 30.4 | P31: 0 | Q31: 0 | R31: =SUM(O31:Q31) -> 30.4 | T31: 25 | U31: 820 | V31: 18477 | W31: =N31+R31+T31+U31 -> 930 | X31: =IF(L31<0,L31*-1,0) -> 0 | Y31: =W31+X31 -> 930 | Z31: 0 | AA31: 72 | AB31: 38 | AC31: =AC30+1 -> 22
A32: =A31+1 -> 23 | B32: 6920.85 | C32: 367264 | D32: =C32-C31 -> 3040 | E32: =C32-152000 -> 215264 | F32: =D32/$D$2 -> 1532.6443 | G32: 1220 | H32: 271 | I32: =G32+H32 -> 1491 | J32: =IF(L32>0,L32,0) -> 1145.4443 | K32: =I32+J32 -> 2636.4443 | L32: =F32-(I32-W32) -> 1145.4443 | M32: 99 | N32: =(28+28)*1.05 -> 58.8 | O32: =M32-N32 -> 40.2 | P32: 0 | Q32: 3.8 | R32: =SUM(O32:Q32) -> 44 | T32: 50 | U32: 951 | V32: 18477 | W32: =N32+R32+T32+U32 -> 1103.8 | X32: =IF(L32<0,L32*-1,0) -> 0 | Y32: =W32+X32 -> 1103.8 | Z32: 0 | AA32: 77 | AB32: 42 | AC32: =AC31+1 -> 23
A33: =A32+1 -> 24 | B33: 6921.7 | C33: 370980 | D33: =C33-C32 -> 3716 | E33: =C33-152000 -> 218980 | F33: =D33/$D$2 -> 1873.456 | G33: 1600 | H33: 373 | I33: =G33+H33 -> 1973 | J33: =IF(L33>0,L33,0) -> 1222.956 | K33: =I33+J33 -> 3195.956 | L33: =F33-(I33-W33) -> 1222.956 | M33: 115 | N33: =(31+31)*1.05 -> 65.1 | O33: =M33-N33 -> 49.9 | P33: 0 | Q33: 7.5 | R33: =SUM(O33:Q33) -> 57.4 | T33: 50 | U33: 1150 | V33: 18477 | W33: =N33+R33+T33+U33 -> 1322.5 | X33: =IF(L33<0,L33*-1,0) -> 0 | Y33: =W33+X33 -> 1322.5 | Z33: 0.07 | AA33: 67 | AB33: 40 | AC33: =AC32+1 -> 24
A34: =A33+1 -> 25 | B34: 6922.43 | C34: 374192 | D34: =C34-C33 -> 3212 | E34: =C34-152000 -> 222192 | F34: =D34/$D$2 -> 1619.3597 | G34: 1620 | H34: 333 | I34: =G34+H34 -> 1953 | J34: =IF(L34>0,L34,0) -> 1031.3597 | K34: =I34+J34 -> 2984.3597 | L34: =F34-(I34-W34) -> 1031.3597 | M34: 105 | N34: =(27+26)*1.05 -> 55.65 | O34: =M34-N34 -> 49.35 | P34: 0 | Q34: 8 | R34: =SUM(O34:Q34) -> 57.35 | T34: 2 | U34: 1250 | V34: 18477 | W34: =N34+R34+T34+U34 -> 1365 | X34: =IF(L34<0,L34*-1,0) -> 0 | Y34: =W34+X34 -> 1365 | Z34: 0 | AA34: 60 | AB34: 36 | AC34: =AC33+1 -> 25
A35: =A34+1 -> 26 | B35: 6922.7 | C35: 375384 | D35: =C35-C34 -> 1192 | E35: =C35-152000 -> 223384 | F35: =D35/$D$2 -> 600.9579 | G35: 1340 | H35: 212 | I35: =G35+H35 -> 1552 | J35: =IF(L35>0,L35,0) -> 780.2579 | K35: =I35+J35 -> 2332.2579 | L35: =F35-(I35-W35) -> 780.2579 | M35: 103 | N35: =(25+25)*1.05 -> 52.5 | O35: =M35-N35 -> 50.5 | P35: 0 | Q35: 8.3 | R35: =SUM(O35:Q35) -> 58.8 | T35: 0 | U35: 1620 | V35: 18477 | W35: =N35+R35+T35+U35 -> 1731.3 | X35: =IF(L35<0,L35*-1,0) -> 0 | Y35: =W35+X35 -> 1731.3 | Z35: 0.04 | AA35: 58 | AB35: 32 | AC35: =AC34+1 -> 26
A36: =A35+1 -> 27 | B36: 6922.62 | C36: 375031 | D36: =C36-C35 -> -353 | E36: =C36-152000 -> 223031 | F36: =D36/$D$2 -> -177.96824 | G36: 1120 | H36: 142.02 | I36: =G36+H36 -> 1262.02 | J36: =IF(L36>0,L36,0) -> 647.21176 | K36: =I36+J36 -> 1909.2318 | L36: =F36-(I36-W36) -> 647.21176 | M36: 99 | N36: =(25+25)*1.05 -> 52.5 | O36: =M36-N36 -> 46.5 | P36: 0 | Q36: 8.2 | R36: =SUM(O36:Q36) -> 54.7 | T36: 0 | U36: 1980 | V36: 18477 | W36: =N36+R36+T36+U36 -> 2087.2 | X36: =IF(L36<0,L36*-1,0) -> 0 | Y36: =W36+X36 -> 2087.2 | Z36: 0.05 | AA36: 57 | AB36: 35 | AC36: =AC35+1 -> 27
A37: =A36+1 -> 28 | B37: 6922.48 | C37: 374413 | D37: =C37-C36 -> -618 | E37: =C37-152000 -> 222413 | F37: =D37/$D$2 -> -311.57046 | G37: 1150 | H37: 165 | I37: =G37+H37 -> 1315 | J37: =IF(L37>0,L37,0) -> 800.62954 | K37: =I37+J37 -> 2115.6295 | L37: =F37-(I37-W37) -> 800.62954 | M37: 109 | N37: =(22+22)*1.05 -> 46.2 | O37: =M37-N37 -> 62.8 | P37: 0 | Q37: 8.2 | R37: =SUM(O37:Q37) -> 71 | T37: 0 | U37: 2310 | V37: 18477 | W37: =N37+R37+T37+U37 -> 2427.2 | X37: =IF(L37<0,L37*-1,0) -> 0 | Y37: =W37+X37 -> 2427.2 | Z37: 0.02 | AA37: 61 | AB37: 34 | AC37: =AC36+1 -> 28
A38: =A37+1 -> 29 | B38: 6922.18 | C38: 373088 | D38: =C38-C37 -> -1325 | E38: =C38-152000 -> 221088 | F38: =D38/$D$2 -> -668.01109 | G38: 1170 | H38: 170 | I38: =G38+H38 -> 1340 | J38: =IF(L38>0,L38,0) -> 715.98891 | K38: =I38+J38 -> 2055.9889 | L38: =F38-(I38-W38) -> 715.98891 | M38: 134 | N38: =(25+24)*1.05 -> 51.45 | O38: =M38-N38 -> 82.55 | P38: 0 | Q38: 10 | R38: =SUM(O38:Q38) -> 92.55 | T38: 0 | U38: 2580 | V38: 18477 | W38: =N38+R38+T38+U38 -> 2724 | X38: =IF(L38<0,L38*-1,0) -> 0 | Y38: =W38+X38 -> 2724 | Z38: 0 | AA38: 69 | AB38: 35 | AC38: =AC37+1 -> 29
A39: 30 | B39: 6921.95 | C39: 372075 | D39: =C39-C38 -> -1013 | E39: =C39-152000 -> 220075 | F39: =D39/$D$2 -> -510.71339 | G39: 1520 | H39: 276 | I39: =G39+H39 -> 1796 | J39: =IF(L39>0,L39,0) -> 754.28661 | K39: =I39+J39 -> 2550.2866 | L39: =F39-(I39-W39) -> 754.28661 | M39: 138 | N39: =(30+30)*1.05 -> 63 | O39: =M39-N39 -> 75 | P39: 0 | Q39: 13 | R39: =SUM(O39:Q39) -> 88 | T39: 0 | U39: 2910 | V39: 18477 | W39: =N39+R39+T39+U39 -> 3061 | X39: =IF(L39<0,L39*-1,0) -> 0 | Y39: =W39+X39 -> 3061 | Z39: 0 | AA39: 73 | AB39: 37 | AC39: 30
A41: MONTH / CFS | F41: =SUM(F10:F39) -> 6044.8702 | G41: =SUM(G10:G39) -> 20701 | H41: =SUM(H10:H39) -> 3819.02 | I41: =SUM(I10:I39) -> 24520.02 | J41: =SUM(J10:J39) -> 15241.45 | K41: =SUM(K10:K39) -> 39761.47 | L41: =SUM(L10:L39) -> 15241.45 | M41: =SUM(M10:M39) -> 1822.6 | ... R41: =SUM(R10:R39) -> 836.009 | T41: =SUM(T10:T39) -> 185 | U41: =SUM(U10:U39) -> 31642 | W41: =SUM(W10:W39) -> 33716.6 | X41: =SUM(X10:X39) -> 0 | Y41: =SUM(Y10:Y39) -> 33716.6 | Z41: =SUM(Z10:Z39) -> 0.98 | AA41: =AVERAGE(AA10:AA39) -> 56.633333 | AB41: =AVERAGE(AB10:AB39) -> 32.533333 | AC41: Avg
A42: MONTH / AF | D42: =SUM(D10:D39) -> 11990 | F42: =F41*$D$2 -> 11990 | G42: =G41*$D$2 -> 41060.433 | H42: =H41*$D$2 -> 7575.0262 | I42: =I41*$D$2 -> 48635.46 | J42: =J41*$D$2 -> 30231.416 | K42: =K41*$D$2 -> 78866.876 | L42: =L41*$D$2 -> 30231.416 | M42: =M41*$D$2 -> 3615.1271 | ... R42: =R41*$D$2 -> 1658.2239 | T42: =T41*$D$2 -> 366.9475 | U42: =U41*$D$2 -> 62761.907 | W42: =W41*$D$2 -> 66876.876 | X42: =X41*$D$2 -> 0 | Y42: =Y41*$D$2 -> 66876.876 | AA42: =MAX(AA10:AA39) -> 77 | AB42: =MAX(AB10:AB39) -> 43 | AC42: HI
A44: SEASON / CFS | F44: =F7+F41 -> 6044.8702 | G44: =G7+G41 -> 20701 | H44: =H7+H41 -> 3819.02 | I44: =I7+I41 -> 24520.02 | J44: =J7+J41 -> 15241.45 | K44: =K7+K41 -> 39761.47 | L44: =L7+L41 -> 15241.45 | M44: =M7+M41 -> 1822.6 | ... R44: =R7+R41 -> 836.009 | S44: =S39 -> 0 | T44: =T7+T41 -> 185 | U44: =U7+U41 -> 31642 | V44: 0 | W44: =W7+W41 -> 33716.6 | X44: =X7+X41 -> 0 | Y44: =Y7+Y41 -> 33716.6 | AA44: =MIN(AA10:AA39) -> 35 | AB44: =MIN(AB10:AB39) -> 21 | AC44: LO
A45: SEASON / AF | D45: =D7+D42 -> 11990 | F45: =F44*$D$2 -> 11990 | G45: =G44*$D$2 -> 41060.433 | H45: =H44*$D$2 -> 7575.0262 | I45: =I44*$D$2 -> 48635.46 | J45: =J44*$D$2 -> 30231.416 | K45: =K44*$D$2 -> 78866.876 | L45: =L44*$D$2 -> 30231.416 | M45: =M44*$D$2 -> 3615.1271 | ... U45: =U44*$D$2 -> 62761.907 | V45: 0 | W45: =W44*$D$2 -> 66876.876 | X45: =X44*$D$2 -> 0 | Y45: =Y44*$D$2 -> 66876.876
A47: YTD / CFS | F47: =F8+F41 -> 19463.574 | G47: =G8+G41 -> 37374 | H47: =H8+H41 -> 5623.32 | I47: =I8+I41 -> 42990.42 | J47: =J8+J41 -> 20488.976 | K47: =K8+K41 -> 63470.996 | L47: =L8+L41 -> 19456.874 | M47: =M8+M41 -> 3352.56 | ... R47: =R8+R41 -> 2984.174 | T47: =T8+T41 -> 185 | U47: =U8+U41 -> 38443.96 | W47: =W8+W41 -> 42983.72 | X47: =X8+X41 -> 1032.1017 | Y47: =Y8+Y41 -> 44015.822 | Z47: =Z8+Z41 -> 8.5
A48: YTD / AF | D48: =D8+D42 -> 38606 | E48: =E39 -> 220075 | F48: =F47*$D$2 -> 38606 | G48: =G47*$D$2 -> 74131.329 | H48: =H47*$D$2 -> 11153.855 | I48: =I47*$D$2 -> 85271.498 | J48: =J47*$D$2 -> 40639.884 | K48: =K47*$D$2 -> 125894.72 | L48: =L47*$D$2 -> 38592.711 | M48: =M47*$D$2 -> 6649.8028 | ... Y48: =Y47*$D$2 -> 87305.382
A50: ="4/10/97 thru 5/8/97" -> 4/10/97 thru 5/8/97 | Z50: 34790 | AA50: 56 | AB50: 32 | AC50: Avg
B51: {=MAY!$B$16:$C$16} -> 6920.72 | C51: 366699 | E51: =C51-152000 -> 214699 | AA51: 67 | AB51: 40 | AC51: hi
AA52: 36 | AB52: 22 | AC52: lo
B53: =B51-B19 -> 1.85 | D53: =C51-C19 -> 7988 | Z53: 35156 | AA53: 60 | AB53: 32 | AC53: Avg
AA54: 76 | AB54: 42 | AC54: hi
AA55: 41 | AB55: 21 | AC55: lo

Sheet MAY
K1: MC PHEE RESERVOIR IN/OUT FLOW TABULATION
A2: AF/cfs CONVERT FACTOR | D2: 1.9835 | K2: MAY "98"
A4: DATE | B4: RESERV | C4: RESERV | D4: AC FT | E4: ACTIVE | F4: CONV TO | G4: DOLORES | H4: LOST | I4: RECORDED | J4: CALC | K4: TOTAL | L4: CALC | M4: DOLORES TUNNEL | P4: LONE | Q4: U | R4: TOTAL | S4: MVI | T4: DV CR | U4: BELOW | V4: REMAIN | W4: RECORDED | X4: CALC | Y4: TOTAL | Z4: RAIN | AA4: MAX | AB4: MIN | AC4: DATE
A5: "MAY" | B5: ELEV | C5: AC FT | D5: CHANGE | E5: CAP | F5: CFS | G5: RIVER | H5: CANYON | I5: INFLOW | J5: INFLOW | K5: INFLOW | L5: INF/OTF | M5: TOT DIV | N5: UTE F&R | O5: MVI,CTZ | P5: PINE | Q5: LATERAL | R5: MVI | S5: CALL | T5: CANAL | U5: MC PHEE | V5: RELEASE | W5: OUTFLOW | X5: OUTFLOW | Y5: OUTFLOW | AA5: TMP | AB5: TMP | AC5: "MAY"
A7: SEASON BAL | F7: {=APR!$F$44:$Y$44} -> 6044.8702 | G7: 20701 | H7: 3819.02 | I7: 24520.02 | J7: 15241.45 | K7: 39761.47 | L7: 15241.45 | M7: 1822.6 | N7: 1053.591 | O7: 769.009 | P7: 0 | Q7: 67 | R7: 836.009 | S7: 0 | T7: 185 | U7: 31642 | V7: 0 | W7: 33716.6 | X7: 0 | Y7: 33716.6
A8: YTD | B8: {=APR!$B$39:$C$39} -> 6921.95 | C8: 372075 | D8: {=APR!$D$48:$E$48} -> 38606 | E8: 220075 | F8: {=APR!$F$47:$U$47} -> 19463.574 | G8: 37374 | H8: 5623.32 | I8: 42990.42 | J8: 20488.976 | K8: 63470.996 | L8: 19456.874 | M8: 3352.56 | N8: 1113.336 | O8: 1589.984 | P8: 789 | Q8: 213.2 | R8: 2984.174 | S8: 0 | T8: 185 | U8: 38443.96 | V8: =APR!$V$47 | W8: {=APR!$W$47:$Z$47} -> 42983.72 | X8: 1032.1017 | Y8: 44015.822 | Z8: 8.5
A10: 1 | B10: 6921.75 | C10: 371199 | D10: =C10-C8 -> -876 | E10: =C10-152000 -> 219199 | F10: =D10/$D$2 -> -441.64356 | G10: 1740 | H10: 338 | I10: =G10+H10 -> 2078 | J10: =IF(L10>0,L10) -> 801.35644 | K10: =I10+J10 -> 2879.3564 | L10: =F10-(I10-W10) -> 801.35644 | M10: 167 | N10: =(31+30)*1.05 -> 64.05 | O10: =M10-N10 -> 102.95 | P10: 0 | Q10: 12 | R10: =SUM(O10:Q10) -> 114.95 | T10: 12 | U10: 3130 | V10: 18477 | W10: =R10+T10+N10+U10 -> 3321 | X10: =IF(L10<0,L10*-1,0) -> 0 | Y10: =W10+X10 -> 3321 | Z10: 0 | AA10: 71 | AB10: 40 | AC10: 1
A11: =A10+1 -> 2 | B11: 6921.42 | C11: 369754 | D11: =C11-C10 -> -1445 | E11: =C11-152000 -> 217754 | F11: =D11/$D$2 -> -728.51021 | G11: 1790 | H11: 299 | I11: =G11+H11 -> 2089 | J11: =IF(L11>0,L11,0) -> 608.48979 | K11: =I11+J11 -> 2697.4898 | L11: =F11-(I11-W11) -> 608.48979 | M11: 175 | N11: =(34+35)*1.05 -> 72.45 | O11: =M11-N11 -> 102.55 | P11: 0 | Q11: 12 | R11: =SUM(O11:Q11) -> 114.55 | T11: 19 | U11: 3220 | V11: 18477 | W11: =R11+T11+N11+U11 -> 3426 | X11: =IF(L11<0,L11*-1,0) -> 0 | Y11: =W11+X11 -> 3426 | Z11: 0 | AA11: 75 | AB11: 40 | AC11: =AC10+1 -> 2
A12: =A11+1 -> 3 | B12: 6921.37 | C12: 369535 | D12: =C12-C11 -> -219 | E12: =C12-152000 -> 217535 | F12: =D12/$D$2 -> -110.41089 | G12: 2300 | H12: 359 | I12: =G12+H12 -> 2659 | J12: =IF(L12>0,L12,0) -> 656.58911 | K12: =I12+J12 -> 3315.5891 | L12: =F12-(I12-W12) -> 656.58911 | M12: 194 | N12: =(36+35)*1.05 -> 74.55 | O12: =M12-N12 -> 119.45 | P12: 0 | Q12: 12 | R12: =SUM(O12:Q12) -> 131.45 | T12: 0 | U12: 3220 | V12: 18477 | W12: =R12+T12+N12+U12 -> 3426 | X12: =IF(L12<0,L12*-1,0) -> 0 | Y12: =W12+X12 -> 3426 | Z12: 0 | AA12: 73 | AB12: 39 | AC12: =AC11+1 -> 3
A13: =A12+1 -> 4 | B13: 6921.37 | C13: 369535 | D13: =C13-C12 -> 0 | E13: =C13-152000 -> 217535 | F13: =D13/$D$2 -> 0 | G13: 2540 | H13: 329 | I13: =G13+H13 -> 2869 | J13: =IF(L13>0,L13,0) -> 587.1 | K13: =I13+J13 -> 3456.1 | L13: =F13-(I13-W13) -> 587.1 | M13: 210 | N13: =(35+35)*1.05 -> 73.5 | O13: =M13-N13 -> 136.5 | P13: 0 | Q13: 20 | R13: =SUM(O13:Q13) -> 156.5 | T13: 6.1 | U13: 3220 | V13: 18477 | W13: =R13+T13+N13+U13 -> 3456.1 | X13: =IF(L13<0,L13*-1,0) -> 0 | Y13: =W13+X13 -> 3456.1 | Z13: 0 | AA13: 71 | AB13: 39 | AC13: =AC12+1 -> 4
A14: =A13+1 -> 5 | B14: 6921.32 | C14: 369316 | D14: =C14-C13 -> -219 | E14: =C14-152000 -> 217316 | F14: =D14/$D$2 -> -110.41089 | G14: 2500.03 | H14: 262 | I14: =G14+H14 -> 2762.03 | J14: =IF(L14>0,L14,0) -> 638.55911 | K14: =I14+J14 -> 3400.5891 | L14: =F14-(I14-W14) -> 638.55911 | M14: 228 | N14: =(34+35)*1.05 -> 72.45 | O14: =M14-N14 -> 155.55 | P14: 0 | Q14: 37 | R14: =SUM(O14:Q14) -> 192.55 | T14: 26 | U14: 3220 | V14: 18477 | W14: =R14+T14+N14+U14 -> 3511 | X14: =IF(L14<0,L14*-1,0) -> 0 | Y14: =W14+X14 -> 3511 | Z14: 0.51 | AA14: 66 | AB14: 37 | AC14: =AC13+1 -> 5
A15: =A14+1 -> 6 | B15: 6921.18 | C15: 368703 | D15: =C15-C14 -> -613 | E15: =C15-152000 -> 216703 | F15: =D15/$D$2 -> -309.04966 | G15: 2400 | H15: 219 | I15: =G15+H15 -> 2619 | J15: =IF(L15>0,L15,0) -> 710.05034 | K15: =I15+J15 -> 3329.0503 | L15: =F15-(I15-W15) -> 710.05034 | M15: 242 | N15: =(37+37)*1.05 -> 77.7 | O15: =M15-N15 -> 164.3 | P15: 0 | Q15: 42 | R15: =SUM(O15:Q15) -> 206.3 | T15: 4.1 | U15: 3350 | V15: 18477 | W15: =R15+T15+N15+U15 -> 3638.1 | X15: =IF(L15<0,L15*-1,0) -> 0 | Y15: =W15+X15 -> 3638.1 | Z15: 0.26 | AA15: 59 | AB15: 39 | AC15: =AC14+1 -> 6
A16: =A15+1 -> 7 | B16: 6920.72 | C16: 366699 | D16: =C16-C15 -> -2004 | E16: =C16-152000 -> 214699 | F16: =D16/$D$2 -> -1010.3353 | G16: 1960 | H16: 158 | I16: =G16+H16 -> 2118 | J16: =IF(L16>0,L16,0) -> 527.86473 | K16: =I16+J16 -> 2645.8647 | L16: =F16-(I16-W16) -> 527.86473 | M16: 248 | N16: =(36+35)*1.05 -> 74.55 | O16: =M16-N16 -> 173.45 | P16: 0 | Q16: 44 | R16: =SUM(O16:Q16) -> 217.45 | T16: 4.2 | U16: 3360 | V16: 18477 | W16: =R16+T16+N16+U16 -> 3656.2 | X16: =IF(L16<0,L16*-1,0) -> 0 | Y16: =W16+X16 -> 3656.2 | Z16: 0 | AA16: 65 | AB16: 38 | AC16: =AC15+1 -> 7
A17: =A16+1 -> 8 | B17: 6920.35 | C17: 365093 | D17: =C17-C16 -> -1606 | E17: =C17-152000 -> 213093 | F17: =D17/$D$2 -> -809.67986 | G17: 1760 | H17: 124 | I17: =G17+H17 -> 1884 | J17: =IF(L17>0,L17,0) -> 418.32014 | K17: =I17+J17 -> 2302.3201 | L17: =F17-(I17-W17) -> 418.32014 | M17: 269 | N17: =(32+32)*1.05 -> 67.2 | O17: =M17-N17 -> 201.8 | P17: 0 | Q17: 46 | R17: =SUM(O17:Q17) -> 247.8 | T17: 17 | U17: 2780 | V17: 18477 | W17: =R17+T17+N17+U17 -> 3112 | X17: =IF(L17<0,L17*-1,0) -> 0 | Y17: =W17+X17 -> 3112 | Z17: 0 | AA17: 67 | AB17: 38 | AC17: =AC16+1 -> 8
A18: =A17+1 -> 9 | B18: 6920.09 | C18: 363964 | D18: =C18-C17 -> -1129 | E18: =C18-152000 -> 211964 | F18: =D18/$D$2 -> -569.19587 | G18: 1510 | H18: 81 | I18: =G18+H18 -> 1591 | J18: =IF(L18>0,L18,0) -> 367.80413 | K18: =I18+J18 -> 1958.8041 | L18: =F18-(I18-W18) -> 367.80413 | M18: 239 | N18: =(16+17)*1.05 -> 34.65 | O18: =M18-N18 -> 204.35 | P18: 0 | Q18: 48 | R18: =SUM(O18:Q18) -> 252.35 | T18: 31 | U18: 2210 | V18: 18477 | W18: =R18+T18+N18+U18 -> 2528 | X18: =IF(L18<0,L18*-1,0) -> 0 | Y18: =W18+X18 -> 2528 | Z18: 0 | AA18: 70 | AB18: 39 | AC18: =AC17+1 -> 9
A19: =A18+1 -> 10 | B19: 6920.02 | C19: 363660 | D19: =C19-C18 -> -304 | E19: =C19-152000 -> 211660 | F19: =D19/$D$2 -> -153.26443 | G19: 1660 | H19: 108 | I19: =G19+H19 -> 1768 | J19: =IF(L19>0,L19,0) -> 226.73557 | K19: =I19+J19 -> 1994.7356 | L19: =F19-(I19-W19) -> 226.73557 | M19: 242 | N19: =(9.5+10)*1.05 -> 20.475 | O19: =M19-N19 -> 221.525 | P19: 0 | Q19: 49 | R19: =SUM(O19:Q19) -> 270.525 | T19: 27 | U19: 1830 | V19: 18477 | W19: =R19+T19+N19+U19 -> 2148 | X19: =IF(L19<0,L19*-1,0) -> 0 | Y19: =W19+X19 -> 2148 | Z19: 0 | AA19: 70 | AB19: 40 | AC19: =AC18+1 -> 10
A20: =A19+1 -> 11 | B20: 6920.34 | C20: 365049 | D20: =C20-C19 -> 1389 | E20: =C20-152000 -> 213049 | F20: =D20/$D$2 -> 700.27729 | G20: 1990 | H20: 146 | I20: =G20+H20 -> 2136 | J20: =IF(L20>0,L20,0) -> 297.27729 | K20: =I20+J20 -> 2433.2773 | L20: =F20-(I20-W20) -> 297.27729 | M20: 264 | N20: =(22+24)*1.05 -> 48.3 | O20: =M20-N20 -> 215.7 | P20: 33 | Q20: 53 | R20: =SUM(O20:Q20) -> 301.7 | T20: 43 | U20: 1340 | V20: 18477 | W20: =R20+T20+N20+U20 -> 1733 | X20: =IF(L20<0,L20*-1,0) -> 0 | Y20: =W20+X20 -> 1733 | Z20: 0 | AA20: 66 | AB20: 36 | AC20: =AC19+1 -> 11
A21: =A20+1 -> 12 | B21: 6920.84 | C21: 367220 | D21: =C21-C20 -> 2171 | E21: =C21-152000 -> 215220 | F21: =D21/$D$2 -> 1094.5299 | G21: 2110 | H21: 150 | I21: =G21+H21 -> 2260 | J21: =IF(L21>0,L21,0) -> 246.52987 | K21: =I21+J21 -> 2506.5299 | L21: =F21-(I21-W21) -> 246.52987 | M21: 290 | N21: =(32+32)*1.05 -> 67.2 | O21: =M21-N21 -> 222.8 | P21: 46 | Q21: 54 | R21: =SUM(O21:Q21) -> 322.8 | T21: 59 | U21: 963 | V21: 18477 | W21: =R21+T21+N21+U21 -> 1412 | X21: =IF(L21<0,L21*-1,0) -> 0 | Y21: =W21+X21 -> 1412 | Z21: 0 | AA21: 69 | AB21: 40 | AC21: =AC20+1 -> 12
A22: =A21+1 -> 13 | B22: 6921.35 | C22: 369447 | D22: =C22-C21 -> 2227 | E22: =C22-152000 -> 217447 | F22: =D22/$D$2 -> 1122.7628 | G22: 2140 | H22: 156 | I22: =G22+H22 -> 2296 | J22: =IF(L22>0,L22,0) -> 127.76279 | K22: =I22+J22 -> 2423.7628 | L22: =F22-(I22-W22) -> 127.76279 | M22: 312 | N22: =(36+36)*1.05 -> 75.6 | O22: =M22-N22 -> 236.4 | P22: 46 | Q22: 55 | R22: =SUM(O22:Q22) -> 337.4 | T22: 51 | U22: 837 | V22: 18477 | W22: =R22+T22+N22+U22 -> 1301 | X22: =IF(L22<0,L22*-1,0) -> 0 | Y22: =W22+X22 -> 1301 | Z22: 0 | AA22: 66 | AB22: 42 | AC22: =AC21+1 -> 13
A23: =A22+1 -> 14 | B23: 6921.85 | C23: 371637 | D23: =C23-C22 -> 2190 | E23: =C23-152000 -> 219637 | F23: =D23/$D$2 -> 1104.1089 | G23: 2180 | H23: 137 | I23: =G23+H23 -> 2317 | J23: =IF(L23>0,L23,0) -> 129.1089 | K23: =I23+J23 -> 2446.1089 | L23: =F23-(I23-W23) -> 129.1089 | M23: 292 | N23: =(28+28)*1.05 -> 58.8 | O23: =M23-N23 -> 233.2 | P23: 78 | Q23: 55 | R23: =SUM(O23:Q23) -> 366.2 | T23: 78 | U23: 839 | V23: 18477 | W23: =R23+T23+N23+U23 -> 1342 | X23: =IF(L23<0,L23*-1,0) -> 0 | Y23: =W23+X23 -> 1342 | Z23: 0 | AA23: 67 | AB23: 35 | AC23: =AC22+1 -> 14
A24: =A23+1 -> 15 | B24: 6922 | C24: 372294 | D24: =C24-C23 -> 657 | E24: =C24-152000 -> 220294 | F24: =D24/$D$2 -> 331.23267 | G24: 1680 | H24: 71 | I24: =G24+H24 -> 1751 | J24: =IF(L24>0,L24,0) -> 180.23267 | K24: =I24+J24 -> 1931.2327 | L24: =F24-(I24-W24) -> 180.23267 | M24: 296 | N24: =(26+25)*1.05 -> 53.55 | O24: =M24-N24 -> 242.45 | P24: 107 | Q24: 53 | R24: =SUM(O24:Q24) -> 402.45 | T24: 74 | U24: 1070 | V24: 18477 | W24: =R24+T24+N24+U24 -> 1600 | X24: =IF(L24<0,L24*-1,0) -> 0 | Y24: =W24+X24 -> 1600 | Z24: 0 | AA24: 65 | AB24: 30 | AC24: =AC23+1 -> 15
A25: =A24+1 -> 16 | B25: 6922 | C25: 372294 | D25: =C25-C24 -> 0 | E25: =C25-152000 -> 220294 | F25: =D25/$D$2 -> 0 | G25: 1640 | H25: 65 | I25: =G25+H25 -> 1705 | J25: =IF(L25>0,L25,0) -> 36 | K25: =I25+J25 -> 1741 | L25: =F25-(I25-W25) -> 36 | M25: 268 | N25: =(13+12)*1.05 -> 26.25 | O25: =M25-N25 -> 241.75 | P25: 112 | Q25: 58 | R25: =SUM(O25:Q25) -> 411.75 | T25: 123 | U25: 1180 | V25: 18477 | W25: =R25+T25+N25+U25 -> 1741 | X25: =IF(L25<0,L25*-1,0) -> 0 | Y25: =W25+X25 -> 1741 | Z25: 0 | AA25: 76 | AB25: 39 | AC25: =AC24+1 -> 16
A26: =A25+1 -> 17 | B26: 6922.1 | C26: 372735 | D26: =C26-C25 -> 441 | E26: =C26-152000 -> 220735 | F26: =D26/$D$2 -> 222.33426 | G26: 1820 | H26: 69 | I26: =G26+H26 -> 1889 | J26: =IF(L26>0,L26,0) -> 102.33426 | K26: =I26+J26 -> 1991.3343 | L26: =F26-(I26-W26) -> 102.33426 | M26: 282 | N26: =(12+11)*1.05 -> 24.15 | O26: =M26-N26 -> 257.85 | P26: 113 | Q26: 62 | R26: =SUM(O26:Q26) -> 432.85 | T26: 122 | U26: 1190 | V26: 18477 | W26: =R26+T26+N26+U26 -> 1769 | X26: =IF(L26<0,L26*-1,0) -> 0 | Y26: =W26+X26 -> 1769 | Z26: 0 | AA26: 79 | AB26: 41 | AC26: =AC25+1 -> 17
A27: =A26+1 -> 18 | B27: 6922.43 | C27: 374192 | D27: =C27-C26 -> 1457 | E27: =C27-152000 -> 222192 | F27: =D27/$D$2 -> 734.56012 | G27: 2390 | H27: 116 | I27: =G27+H27 -> 2506 | J27: =IF(L27>0,L27,0) -> 18.560121 | K27: =I27+J27 -> 2524.5601 | L27: =F27-(I27-W27) -> 18.560121 | M27: 272 | N27: =(10+10)*1.05 -> 21 | O27: =M27-N27 -> 251 | P27: 110 | Q27: 64 | R27: =SUM(O27:Q27) -> 425 | T27: 154 | U27: 1190 | V27: 18477 | W27: =R27+T27+N27+U27 -> 1790 | X27: =IF(L27<0,L27*-1,0) -> 0 | Y27: =W27+X27 -> 1790 | Z27: 0 | AA27: 80 | AB27: 49 | AC27: =AC26+1 -> 18
A28: =A27+1 -> 19 | B28: 6922.88 | C28: 376179 | D28: =C28-C27 -> 1987 | E28: =C28-152000 -> 224179 | F28: =D28/$D$2 -> 1001.7646 | G28: 2660 | H28: 130 | I28: =G28+H28 -> 2790 | J28: =IF(L28>0,L28,0) -> 70.764558 | K28: =I28+J28 -> 2860.7646 | L28: =F28-(I28-W28) -> 70.764558 | M28: 312 | N28: =(24+23)*1.05 -> 49.35 | O28: =M28-N28 -> 262.65 | P28: 110 | Q28: 68 | R28: =SUM(O28:Q28) -> 440.65 | T28: 179 | U28: 1190 | V28: 18477 | W28: =R28+T28+N28+U28 -> 1859 | X28: =IF(L28<0,L28*-1,0) -> 0 | Y28: =W28+X28 -> 1859 | Z28: 0 | AA28: 78 | AB28: 48 | AC28: =AC27+1 -> 19
A29: =A28+1 -> 20 | B29: 6923.21 | C29: 377643 | D29: =C29-C28 -> 1464 | E29: =C29-152000 -> 225643 | F29: =D29/$D$2 -> 738.08924 | G29: 2690 | H29: 107 | I29: =G29+H29 -> 2797 | J29: =IF(L29>0,L29,0) -> 85.089236 | K29: =I29+J29 -> 2882.0892 | L29: =F29-(I29-W29) -> 85.089236 | M29: 307 | N29: =(28+28)*1.05 -> 58.8 | O29: =M29-N29 -> 248.2 | P29: 125 | Q29: 71 | R29: =SUM(O29:Q29) -> 444.2 | T29: 191 | U29: 1450 | V29: 18477 | W29: =R29+T29+N29+U29 -> 2144 | X29: =IF(L29<0,L29*-1,0) -> 0 | Y29: =W29+X29 -> 2144 | Z29: 0.11 | AA29: 75 | AB29: 51 | AC29: =AC28+1 -> 20
A30: =A29+1 -> 21 | B30: 6923.53 | C30: 379068 | D30: =C30-C29 -> 1425 | E30: =C30-152000 -> 227068 | F30: =D30/$D$2 -> 718.42702 | G30: 3100 | H30: 132 | I30: =G30+H30 -> 3232 | J30: =IF(L30>0,L30,0) -> 30.427023 | K30: =I30+J30 -> 3262.427 | L30: =F30-(I30-W30) -> 30.427023 | M30: 299 | N30: =(28+27)*1.05 -> 57.75 | O30: =M30-N30 -> 241.25 | P30: 131 | Q30: 73 | R30: =SUM(O30:Q30) -> 445.25 | T30: 171 | U30: 1870 | V30: 18477 | W30: =R30+T30+N30+U30 -> 2544 | X30: =IF(L30<0,L30*-1,0) -> 0 | Y30: =W30+X30 -> 2544 | Z30: 0 | AA30: 72 | AB30: 45 | AC30: =AC29+1 -> 21
A31: =A30+1 -> 22 | B31: 6923.56 | C31: 379201 | D31: =C31-C30 -> 133 | E31: =C31-152000 -> 227201 | F31: =D31/$D$2 -> 67.053189 | G31: 3030 | H31: 110 | I31: =G31+H31 -> 3140 | J31: =IF(L31>0,L31,0) -> 66.053189 | K31: =I31+J31 -> 3206.0532 | L31: =F31-(I31-W31) -> 66.053189 | M31: 317 | N31: =(28+30)*1.05 -> 60.9 | O31: =M31-N31 -> 256.1 | P31: 130 | Q31: 73 | R31: =SUM(O31:Q31) -> 459.1 | T31: 209 | U31: 2410 | V31: 18477 | W31: =R31+T31+N31+U31 -> 3139 | X31: =IF(L31<0,L31*-1,0) -> 0 | Y31: =W31+X31 -> 3139 | Z31: 0 | AA31: 68 | AB31: 38 | AC31: =AC30+1 -> 22
A32: =A31+1 -> 23 | B32: 6923.25 | C32: 377821 | D32: =C32-C31 -> -1380 | E32: =C32-152000 -> 225821 | F32: =D32/$D$2 -> -695.73985 | G32: 2410 | H32: 58 | I32: =G32+H32 -> 2468 | J32: =IF(L32>0,L32,0) -> 102.26015 | K32: =I32+J32 -> 2570.2601 | L32: =F32-(I32-W32) -> 102.26015 | M32: 289 | N32: =(16+17)*1.05 -> 34.65 | O32: =M32-N32 -> 254.35 | P32: 130 | Q32: 75 | R32: =SUM(O32:Q32) -> 459.35 | T32: 222 | U32: 2550 | V32: 18477 | W32: =R32+T32+N32+U32 -> 3266 | X32: =IF(L32<0,L32*-1,0) -> 0 | Y32: =W32+X32 -> 3266 | Z32: 0 | AA32: 70 | AB32: 38 | AC32: =AC31+1 -> 23
A33: =A32+1 -> 24 | B33: 6923.07 | C33: 377020 | D33: =C33-C32 -> -801 | E33: =C33-152000 -> 225020 | F33: =D33/$D$2 -> -403.83161 | G33: 2290 | H33: 56 | I33: =G33+H33 -> 2346 | J33: =IF(L33>0,L33,0) -> 116.16839 | K33: =I33+J33 -> 2462.1684 | L33: =F33-(I33-W33) -> 116.16839 | M33: 286 | N33: =(6.5+5.9)*1.05 -> 13.02 | O33: =M33-N33 -> 272.98 | P33: 130 | Q33: 77 | R33: =SUM(O33:Q33) -> 479.98 | T33: 203 | U33: 2170 | V33: 18477 | W33: =R33+T33+N33+U33 -> 2866 | X33: =IF(L33<0,L33*-1,0) -> 0 | Y33: =W33+X33 -> 2866 | Z33: 0 | AA33: 73 | AB33: 45 | AC33: =AC32+1 -> 24
A34: =A33+1 -> 25 | B34: 6922.83 | C34: 375958 | D34: =C34-C33 -> -1062 | E34: =C34-152000 -> 223958 | F34: =D34/$D$2 -> -535.41719 | G34: 2050 | H34: 73 | I34: =G34+H34 -> 2123 | J34: =IF(L34>0,L34,0) -> 0 | K34: =I34+J34 -> 2123 | L34: =F34-(I34-W34) -> -101.41719 | M34: 269 | N34: =(12+13)*1.05 -> 26.25 | O34: =M34-N34 -> 242.75 | P34: 130 | Q34: 76 | R34: =SUM(O34:Q34) -> 448.75 | T34: 212 | U34: 1870 | V34: 18477 | W34: =R34+T34+N34+U34 -> 2557 | X34: =IF(L34<0,L34*-1,0) -> 101.41719 | Y34: =W34+X34 -> 2658.4172 | Z34: 0 | AA34: 79 | AB34: 47 | AC34: =AC33+1 -> 25
A35: =A34+1 -> 26 | B35: 6922.87 | C35: 376135 | D35: =C35-C34 -> 177 | E35: =C35-152000 -> 224135 | F35: =D35/$D$2 -> 89.236199 | G35: 2160 | H35: 71 | I35: =G35+H35 -> 2231 | J35: =IF(L35>0,L35,0) -> 39.236199 | K35: =I35+J35 -> 2270.2362 | L35: =F35-(I35-W35) -> 39.236199 | M35: 318 | N35: =(23+23)*1.05 -> 48.3 | O35: =M35-N35 -> 269.7 | P35: 129 | Q35: 78 | R35: =SUM(O35:Q35) -> 476.7 | T35: 236 | U35: 1420 | V35: 18477 | W35: =R35+T35+N35+U35 -> 2181 | X35: =IF(L35<0,L35*-1,0) -> 0 | Y35: =W35+X35 -> 2181 | Z35: 0 | AA35: 78 | AB35: 50 | AC35: =AC34+1 -> 26
A36: =A35+1 -> 27 | B36: 6923.15 | C36: 377376 | D36: =C36-C35 -> 1241 | E36: =C36-152000 -> 225376 | F36: =D36/$D$2 -> 625.66171 | G36: 2350 | H36: 71 | I36: =G36+H36 -> 2421 | J36: =IF(L36>0,L36,0) -> 0 | K36: =I36+J36 -> 2421 | L36: =F36-(I36-W36) -> -0.3382909 | M36: 326 | N36: =(26+28)*1.05 -> 56.7 | O36: =M36-N36 -> 269.3 | P36: 130 | Q36: 83 | R36: =SUM(O36:Q36) -> 482.3 | T36: 216 | U36: 1040 | V36: 18477 | W36: =R36+T36+N36+U36 -> 1795 | X36: =IF(L36<0,L36*-1,0) -> 0.3382909 | Y36: =W36+X36 -> 1795.3383 | Z36: 0 | AA36: 79 | AB36: 42 | AC36: =AC35+1 -> 27
A37: 28 | B37: 6923.4 | C37: 378489 | D37: =C37-C36 -> 1113 | E37: =C37-152000 -> 226489 | F37: =D37/$D$2 -> 561.12932 | G37: 2520 | H37: 65 | I37: =G37+H37 -> 2585 | J37: =IF(L37>0,L37,0) -> 0 | K37: =I37+J37 -> 2585 | L37: =F37-(I37-W37) -> -144.87068 | M37: 327 | N37: =(25+25)*1.05 -> 52.5 | O37: =M37-N37 -> 274.5 | P37: 154 | Q37: 87 | R37: =SUM(O37:Q37) -> 515.5 | T37: 231 | U37: 1080 | V37: 18477 | W37: =R37+T37+N37+U37 -> 1879 | X37: =IF(L37<0,L37*-1,0) -> 144.87068 | Y37: =W37+X37 -> 2023.8707 | Z37: 0 | AA37: 83 | AB37: 47 | AC37: 28
A38: 29 | B38: 6923.61 | C38: 379424 | D38: =C38-C37 -> 935 | E38: =C38-152000 -> 227424 | F38: =D38/$D$2 -> 471.38896 | G38: 2540 | H38: 59 | I38: =G38+H38 -> 2599 | J38: =IF(L38>0,L38,0) -> 16.388959 | K38: =I38+J38 -> 2615.389 | L38: =F38-(I38-W38) -> 16.388959 | M38: 320 | N38: =(23+23)*1.05 -> 48.3 | O38: =M38-N38 -> 271.7 | P38: 169 | Q38: 87 | R38: =SUM(O38:Q38) -> 527.7 | T38: 208 | U38: 1360 | V38: 18477 | W38: =R38+T38+N38+U38 -> 2144 | X38: =IF(L38<0,L38*-1,0) -> 0 | Y38: =W38+X38 -> 2144 | Z38: 0 | AA38: 82 | AB38: 50 | AC38: 29
A39: 30 | B39: 6923.8 | C39: 380270 | D39: =C39-C38 -> 846 | E39: =C39-152000 -> 228270 | F39: =D39/$D$2 -> 426.51878 | G39: 2590 | H39: 52 | I39: =G39+H39 -> 2642 | J39: =IF(L39>0,L39,0) -> 26.51878 | K39: =I39+J39 -> 2668.5188 | L39: =F39-(I39-W39) -> 26.51878 | M39: 319 | N39: =(18+18)*1.05 -> 37.8 | O39: =M39-N39 -> 281.2 | P39: 169 | Q39: 83 | R39: =SUM(O39:Q39) -> 533.2 | T39: 211 | U39: 1460 | V39: 18477 | W39: =R39+T39+N39+U39 -> 2242 | X39: =IF(L39<0,L39*-1,0) -> 0 | Y39: =W39+X39 -> 2242 | Z39: 0 | AA39: 78 | AB39: 49 | AC39: 30
A40: 31 | B40: 6923.83 | C40: 380403 | D40: =C40-C39 -> 133 | E40: =C40-152000 -> 228403 | F40: =D40/$D$2 -> 67.053189 | G40: 2240 | H40: 42 | I40: =G40+H40 -> 2282 | J40: =IF(L40>0,L40,0) -> 44.053189 | K40: =I40+J40 -> 2326.0532 | L40: =F40-(I40-W40) -> 44.053189 | M40: 302 | N40: =(11+12)*1.05 -> 24.15 | O40: =M40-N40 -> 277.85 | P40: 169 | Q40: 76 | R40: =SUM(O40:Q40) -> 522.85 | T40: 182 | U40: 1530 | V40: 18477 | W40: =R40+T40+N40+U40 -> 2259 | X40: =IF(L40<0,L40*-1,0) -> 0 | Y40: =W40+X40 -> 2259 | Z40: 0 | AA40: 80 | AB40: 48 | AC40: 31
A42: MONTH / CFS | F42: =SUM(F10:F40) -> 4198.6388 | G42: =SUM(G10:G40) -> 68740.03 | H42: =SUM(H10:H40) -> 4213 | I42: =SUM(I10:I40) -> 72953.03 | J42: =SUM(J10:J40) -> 7277.6349 | K42: =SUM(K10:K40) -> 80230.665 | L42: =SUM(L10:L40) -> 7031.0088 | M42: =SUM(M10:M40) -> 8481 | ... R42: =SUM(R10:R40) -> 11140.105 | T42: =SUM(T10:T40) -> 3521.4 | U42: =SUM(U10:U40) -> 59549 | W42: =SUM(W10:W40) -> 75785.4 | X42: =SUM(X10:X40) -> 246.62617 | Y42: =SUM(Y10:Y40) -> 76032.026 | Z42: =SUM(Z10:Z40) -> 0.88 | AA42: =AVERAGE(AA10:AA40) -> 72.580645 | AB42: =AVERAGE(AB10:AB40) -> 41.903226
A43: MONTH / AF | D43: =SUM(D10:D40) -> 8328 | F43: =F42*$D$2 -> 8328 | G43: =G42*$D$2 -> 136345.85 | H43: =H42*$D$2 -> 8356.4855 | I43: =I42*$D$2 -> 144702.34 | J43: =J42*$D$2 -> 14435.189 | K43: =K42*$D$2 -> 159137.52 | L43: =L42*$D$2 -> 13946.006 | M43: =M42*$D$2 -> 16822.064 | ... R43: =R42*$D$2 -> 22096.398 | T43: =T42*$D$2 -> 6984.6969 | U43: =U42*$D$2 -> 118115.44 | W43: =W42*$D$2 -> 150320.34 | X43: =X42*$D$2 -> 489.183 | Y43: =Y42*$D$2 -> 150809.52 | AA43: =MAX(AA10:AA40) -> 83 | AB43: =MAX(AB10:AB40) -> 51 | AC43: HI
A45: SEASON / CFS | F45: =F7+F42 -> 10243.509 | G45: =G7+G42 -> 89441.03 | H45: =H7+H42 -> 8032.02 | I45: =I7+I42 -> 97473.05 | J45: =J7+J42 -> 22519.085 | K45: =K7+K42 -> 119992.14 | L45: =L7+L42 -> 22272.459 | M45: =M7+M42 -> 10303.6 | ... U45: =U7+U42 -> 91191 | W45: =W7+W42 -> 109502 | X45: =X7+X42 -> 246.62617 | Y45: =Y7+Y42 -> 109748.63 | AA45: =MIN(AA10:AA40) -> 59 | AB45: =MIN(AB10:AB40) -> 30 | AC45: LO
A46: SEASON / AF | F46: =F45*$D$2 -> 20318 | G46: =G45*$D$2 -> 177406.28 | H46: =H45*$D$2 -> 15931.512 | I46: =I45*$D$2 -> 193337.79 | J46: =J45*$D$2 -> 44666.605 | K46: =K45*$D$2 -> 238004.4 | L46: =L45*$D$2 -> 44177.422 | M46: =M45*$D$2 -> 20437.191 | ... U46: =U45*$D$2 -> 180877.35 | W46: =W45*$D$2 -> 217197.22 | X46: =X45*$D$2 -> 489.183 | Y46: =Y45*$D$2 -> 217686.4
A48: YTD / CFS | F48: =F8+F42 -> 23662.213 | G48: =G8+G42 -> 106114.03 | H48: =H8+H42 -> 9836.32 | I48: =I8+I42 -> 115943.45 | J48: =J8+J42 -> 27766.611 | K48: =K8+K42 -> 143701.66 | L48: =L8+L42 -> 26487.883 | M48: =M8+M42 -> 11833.56 | ... R48: =R8+R42 -> 14124.279 | T48: =T8+T42 -> 3706.4 | U48: =U8+U42 -> 97992.96 | V48: =V40 -> 18477 | W48: =W8+W42 -> 118769.12 | X48: =X8+X42 -> 1278.7279 | Y48: =Y8+Y42 -> 120047.85 | Z48: =Z8+Z42 -> 9.38
A49: YTD / AF | D49: =D8+D43 -> 46934 | E49: =E40 -> 228403 | F49: =F48*$D$2 -> 46934 | G49: =G48*$D$2 -> 210477.18 | H49: =H48*$D$2 -> 19510.341 | I49: =I48*$D$2 -> 229973.83 | J49: =J48*$D$2 -> 55075.073 | K49: =K48*$D$2 -> 285032.24 | L49: =L48*$D$2 -> 52538.716 | M49: =M48*$D$2 -> 23471.866 | ... Y49: =Y48*$D$2 -> 238114.91
A51: ="JUN 12" -> JUN 12
B52: 6923.71 | C52: 379869 | E52: =C52-152000 -> 227869 | L52: May 1996 use | N52: 2999 | R52: 33728 | T52: 14392 | Z52: 3.9 | AA52: 75 | AB52: 43
A53: ="5/8/97 thru 6/12/97" -> 5/8/97 thru 6/12/97 | L53: 97 decrease | N53: =N43-N52 -> 124.80423 | R53: =R43-R52 -> -11631.602 | T53: =T43-T52 -> -7407.3031 | Z53: =Z48-Z52 -> 5.48 | AA53: =AA42-AA52 -> -2.4193548 | AB53: =AB42-AB52 -> -1.0967742
B54: =B52-B17 -> 3.36 | D54: =C52-C17 -> 14776 | T54: Total | U54: =SUM(N53:T53) -> -18914.101

Sheet JUN
K1: MC PHEE RESERVOIR IN/OUT FLOW TABULATION
A2: AF/cfs CONVERT FACTOR | D2: 1.9835 | K2: JUNE "98"
A4: DATE | B4: RESERV | C4: RESERV | D4: AC FT | E4: ACTIVE | F4: CONV TO | G4: DOLORES | H4: LOST | I4: RECORDED | J4: CALC | K4: TOTAL | L4: CALC | M4: DOLORES TUNNEL | P4: MVI | Q4: U | R4: TOTAL | S4: MVI | T4: DV CR | U4: BELOW | V4: REMAIN | W4: RECORDED | X4: CALC | Y4: TOTAL | Z4: RAIN | AA4: MAX | AB4: MIN | AC4: DATE
A5: "JUN" | B5: ELEV | C5: AC FT | D5: CHANGE | E5: CAP | F5: CFS | G5: RIVER | H5: CANYON | I5: INFLOW | J5: INFLOW | K5: INFLOW | L5: INF/OTF | M5: TOT DIV | N5: UTE F&R | O5: MVI/CTZ/MWC | P5: DIVER | Q5: LATERAL | R5: MVI | S5: CALL | T5: CANAL | U5: MC PHEE | V5: RELEASE | W5: OUTFLOW | X5: OUTFLOW | Y5: OUTFLOW | AA5: TMP | AB5: TMP | AC5: "JUN"
A7: SEASON BAL | F7: {=MAY!$F$45:$Y$45} -> 10243.509 | G7: 89441.03 | H7: 8032.02 | I7: 97473.05 | J7: 22519.085 | K7: 119992.14 | L7: 22272.459 | M7: 10303.6 | N7: 2628.486 | O7: 7675.114 | P7: 2451 | Q7: 1850 | R7: 11976.114 | S7: 0 | T7: 3706.4 | U7: 91191 | V7: 0 | W7: 109502 | X7: 246.62617 | Y7: 109748.63
A8: YTD | B8: {=MAY!$B$40:$C$40} -> 6923.83 | C8: 380403 | D8: {=MAY!$D$49:$E$49} -> 46934 | E8: 228403 | F8: {=MAY!$F$48:$Z$48} -> 23662.213 | G8: 106114.03 | H8: 9836.32 | I8: 115943.45 | J8: 27766.611 | K8: 143701.66 | L8: 26487.883 | M8: 11833.56 | N8: 2688.231 | O8: 8496.089 | P8: 3240 | Q8: 1996.2 | R8: 14124.279 | S8: 0 | T8: 3706.4 | U8: 97992.96 | V8: 18477 | W8: 118769.12 | X8: 1278.7279 | Y8: 120047.85 | Z8: 9.38
N9: 0 | Q9: 0
A10: 1 | B10: 6923.88 | C10: 380626 | D10: =C10-C8 -> 223 | E10: =C10-152000 -> 228626 | F10: =D10/$D$2 -> 112.42753 | G10: 2110 | H10: 35 | I10: =G10+H10 -> 2145 | J10: =IF(L10>0,L10,0) -> 13.427527 | K10: =I10+J10 -> 2158.4275 | L10: =F10-(I10-W10) -> 13.427527 | M10: 303 | N10: =(14+15)*1.05 -> 30.45 | O10: =M10-N10 -> 272.55 | P10: 169 | Q10: 79 | R10: =SUM(O10:Q10) -> 520.55 | S10: 0 | T10: 195 | U10: 1300 | V10: 18477 | W10: =N10+R10+T10+U10 -> 2046 | X10: =IF(L10<0,L10*-1,0) -> 0 | Y10: =W10+X10 -> 2046 | Z10: 0 | AA10: 84 | AB10: 51 | AC10: 1
A11: =A10+1 -> 2 | B11: 6924.05 | C11: 381384 | D11: =C11-C10 -> 758 | E11: =C11-152000 -> 229384 | F11: =D11/$D$2 -> 382.15276 | G11: 2230 | H11: 31 | I11: =G11+H11 -> 2261 | J11: =IF(L11>0,L11,0) -> 29.15276 | K11: =I11+J11 -> 2290.1528 | L11: =F11-(I11-W11) -> 29.15276 | M11: 338 | N11: =(24+24)*1.05 -> 50.4 | O11: =M11-N11 -> 287.6 | P11: 170 | Q11: 82 | R11: =SUM(O11:Q11) -> 539.6 | T11: 198 | U11: 1120 | V11: 18477 | W11: =N11+R11+T11+U11 -> 1908 | X11: =IF(L11<0,L11*-1,0) -> 0 | Y11: =W11+X11 -> 1908 | Z11: 0 | AA11: 86 | AB11: 48 | AC11: =AC10+1 -> 2
A12: =A11+1 -> 3 | B12: 6924.18 | C12: 381967 | D12: =C12-C11 -> 583 | E12: =C12-152000 -> 229967 | F12: =D12/$D$2 -> 293.92488 | G12: 2190 | H12: 36 | I12: =G12+H12 -> 2226 | J12: =IF(L12>0,L12,0) -> 48.92488 | K12: =I12+J12 -> 2274.9249 | L12: =F12-(I12-W12) -> 48.92488 | M12: 324 | N12: =(26+26)*1.05 -> 54.6 | O12: =M12-N12 -> 269.4 | P12: 170 | Q12: 84 | R12: =SUM(O12:Q12) -> 523.4 | T12: 183 | U12: 1220 | V12: 18477 | W12: =N12+R12+T12+U12 -> 1981 | X12: =IF(L12<0,L12*-1,0) -> 0 | Y12: =W12+X12 -> 1981 | Z12: 0 | AA12: 81 | AB12: 52 | AC12: =AC11+1 -> 3
A13: =A12+1 -> 4 | B13: 6924.18 | C13: 381967 | D13: =C13-C12 -> 0 | E13: =C13-152000 -> 229967 | F13: =D13/$D$2 -> 0 | G13: 1870 | H13: 21 | I13: =G13+H13 -> 1891 | J13: =IF(L13>0,L13,0) -> 3 | K13: =I13+J13 -> 1894 | L13: =F13-(I13-W13) -> 3 | M13: 343 | N13: =(27+26)*1.05 -> 55.65 | O13: =M13-N13 -> 287.35 | P13: 331 | Q13: 85 | R13: =SUM(O13:Q13) -> 703.35 | T13: 150 | U13: 985 | V13: 18477 | W13: =N13+R13+T13+U13 -> 1894 | X13: =IF(L13<0,L13*-1,0) -> 0 | Y13: =W13+X13 -> 1894 | Z13: 0 | AA13: 64 | AB13: 44 | AC13: =AC12+1 -> 4
A14: =A13+1 -> 5 | B14: 6924.01 | C14: 381205 | D14: =C14-C13 -> -762 | E14: =C14-152000 -> 229205 | F14: =D14/$D$2 -> -384.1694 | G14: 1420 | H14: 18 | I14: =G14+H14 -> 1438 | J14: =IF(L14>0,L14,0) -> 0 | K14: =I14+J14 -> 1438 | L14: =F14-(I14-W14) -> -38.169398 | M14: 316 | N14: =(25+23)*1.05 -> 50.4 | O14: =M14-N14 -> 265.6 | P14: 406 | Q14: 85 | R14: =SUM(O14:Q14) -> 756.6 | T14: 171 | U14: 806 | V14: 18477 | W14: =N14+R14+T14+U14 -> 1784 | X14: =IF(L14<0,L14*-1,0) -> 38.169398 | Y14: =W14+X14 -> 1822.1694 | Z14: 0 | AA14: 69 | AB14: 37 | AC14: 5
A15: =A14+1 -> 6 | B15: 6923.72 | C15: 379914 | D15: =C15-C14 -> -1291 | E15: =C15-152000 -> 227914 | F15: =D15/$D$2 -> -650.86967 | G15: 1190 | H15: 13 | I15: =G15+H15 -> 1203 | J15: =IF(L15>0,L15,0) -> 0 | K15: =I15+J15 -> 1203 | L15: =F15-(I15-W15) -> -91.869675 | M15: 309 | N15: =(19+19)*1.05 -> 39.9 | O15: =M15-N15 -> 269.1 | P15: 409 | Q15: 88 | R15: =SUM(O15:Q15) -> 766.1 | T15: 150 | U15: 806 | V15: 18477 | W15: =N15+R15+T15+U15 -> 1762 | X15: =IF(L15<0,L15*-1,0) -> 91.869675 | Y15: =W15+X15 -> 1853.8697 | Z15: 0 | AA15: 79 | AB15: 47 | AC15: =AC14+1 -> 6
A16: =A15+1 -> 7 | B16: 6923.43 | C16: 378623 | D16: =C16-C15 -> -1291 | E16: =C16-152000 -> 226623 | F16: =D16/$D$2 -> -650.86967 | G16: 1110 | H16: 3.1 | I16: =G16+H16 -> 1113.1 | J16: =IF(L16>0,L16,0) -> 0 | K16: =I16+J16 -> 1113.1 | L16: =F16-(I16-W16) -> -32.969675 | M16: 305 | N16: =(17+18)*1.05 -> 36.75 | O16: =M16-N16 -> 268.25 | P16: 406 | Q16: 87 | R16: =SUM(O16:Q16) -> 761.25 | T16: 125 | U16: 808 | V16: 18477 | W16: =N16+R16+T16+U16 -> 1731 | X16: =IF(L16<0,L16*-1,0) -> 32.969675 | Y16: =W16+X16 -> 1763.9697 | Z16: 0 | AA16: 78 | AB16: 52 | AC16: =AC15+1 -> 7
A17: =A16+1 -> 8 | B17: 6923.13 | C17: 377287 | D17: =C17-C16 -> -1336 | E17: =C17-152000 -> 225287 | F17: =D17/$D$2 -> -673.55684 | G17: 1040 | H17: 2.1 | I17: =G17+H17 -> 1042.1 | J17: =IF(L17>0,L17,0) -> 30.343156 | K17: =I17+J17 -> 1072.4432 | L17: =F17-(I17-W17) -> 30.343156 | M17: 316 | N17: =(25+26)*1.05 -> 53.55 | O17: =M17-N17 -> 262.45 | P17: 404 | Q17: 86 | R17: =SUM(O17:Q17) -> 752.45 | T17: 132 | U17: 808 | V17: 18477 | W17: =N17+R17+T17+U17 -> 1746 | X17: =IF(L17<0,L17*-1,0) -> 0 | Y17: =W17+X17 -> 1746 | Z17: 0 | AA17: 72 | AB17: 39 | AC17: =AC16+1 -> 8
A18: =A17+1 -> 9 | B18: 6922.75 | C18: 375605 | D18: =C18-C17 -> -1682 | E18: =C18-152000 -> 223605 | F18: =D18/$D$2 -> -847.99597 | G18: 984 | H18: 1.7 | I18: =G18+H18 -> 985.7 | J18: =IF(L18>0,L18,0) -> 0 | K18: =I18+J18 -> 985.7 | L18: =F18-(I18-W18) -> -118.69597 | M18: 302 | N18: =(33+34)*1.05 -> 70.35 | O18: =M18-N18 -> 231.65 | P18: 405 | Q18: 86 | R18: =SUM(O18:Q18) -> 722.65 | T18: 115 | U18: 807 | V18: 18477 | W18: =N18+R18+T18+U18 -> 1715 | X18: =IF(L18<0,L18*-1,0) -> 118.69597 | Y18: =W18+X18 -> 1833.696 | Z18: 0 | AA18: 75 | AB18: 46 | AC18: =AC17+1 -> 9
A19: =A18+1 -> 10 | B19: 6922.4 | C19: 374060 | D19: =C19-C18 -> -1545 | E19: =C19-152000 -> 222060 | F19: =D19/$D$2 -> -778.92614 | G19: 947 | H19: 1.5 | I19: =G19+H19 -> 948.5 | J19: =IF(L19>0,L19,0) -> 0 | K19: =I19+J19 -> 948.5 | L19: =F19-(I19-W19) -> -60.426141 | M19: 272 | N19: =(31+31)*1.05 -> 65.1 | O19: =M19-N19 -> 206.9 | P19: 404 | Q19: 86 | R19: =SUM(O19:Q19) -> 696.9 | T19: 98 | U19: 807 | V19: 18477 | W19: =N19+R19+T19+U19 -> 1667 | X19: =IF(L19<0,L19*-1,0) -> 60.426141 | Y19: =W19+X19 -> 1727.4261 | Z19: 0 | AA19: 72 | AB19: 46 | AC19: =AC18+1 -> 10
A20: =A19+1 -> 11 | B20: 6922.12 | C20: 372823 | D20: =C20-C19 -> -1237 | E20: =C20-152000 -> 220823 | F20: =D20/$D$2 -> -623.64507 | G20: 873 | H20: 1.5 | I20: =G20+H20 -> 874.5 | J20: =IF(L20>0,L20,0) -> 44.854928 | K20: =I20+J20 -> 919.35493 | L20: =F20-(I20-W20) -> 44.854928 | M20: 269 | N20: =(28+29)*1.05 -> 59.85 | O20: =M20-N20 -> 209.15 | P20: 273 | Q20: 88 | R20: =SUM(O20:Q20) -> 570.15 | T20: 106 | U20: 807 | V20: 18477 | W20: =N20+R20+T20+U20 -> 1543 | X20: =IF(L20<0,L20*-1,0) -> 0 | Y20: =W20+X20 -> 1543 | Z20: 0 | AA20: 73 | AB20: 43 | AC20: =AC19+1 -> 11
A21: =A20+1 -> 12 | B21: 6921.9 | C21: 371856 | D21: =C21-C20 -> -967 | E21: =C21-152000 -> 219856 | F21: =D21/$D$2 -> -487.52206 | G21: 796 | H21: 1.3 | I21: =G21+H21 -> 797.3 | J21: =IF(L21>0,L21,0) -> 12.177943 | K21: =I21+J21 -> 809.47794 | L21: =F21-(I21-W21) -> 12.177943 | M21: 266 | N21: =(29+29)*1.05 -> 60.9 | O21: =M21-N21 -> 205.1 | P21: 168 | Q21: 74 | R21: =SUM(O21:Q21) -> 447.1 | T21: 96 | U21: 693 | V21: 18477 | W21: =N21+R21+T21+U21 -> 1297 | X21: =IF(L21<0,L21*-1,0) -> 0 | Y21: =W21+X21 -> 1297 | Z21: 0 | AA21: 80 | AB21: 45 | AC21: =AC20+1 -> 12
A22: =A21+1 -> 13 | B22: 6921.72 | C22: 371067 | D22: =C22-C21 -> -789 | E22: =C22-152000 -> 219067 | F22: =D22/$D$2 -> -397.7817 | G22: 892 | H22: 1.2 | I22: =G22+H22 -> 893.2 | J22: =IF(L22>0,L22,0) -> 0 | K22: =I22+J22 -> 893.2 | L22: =F22-(I22-W22) -> -76.981699 | M22: 258 | N22: =(24+25)*1.05 -> 51.45 | O22: =M22-N22 -> 206.55 | P22: 168 | Q22: 86 | R22: =SUM(O22:Q22) -> 460.55 | T22: 96 | U22: 606 | V22: 18477 | W22: =N22+R22+T22+U22 -> 1214 | X22: =IF(L22<0,L22*-1,0) -> 76.981699 | Y22: =W22+X22 -> 1290.9817 | Z22: 0 | AA22: 70 | AB22: 51 | AC22: =AC21+1 -> 13
A23: =A22+1 -> 14 | B23: 6921.65 | C23: 370761 | D23: =C23-C22 -> -306 | E23: =C23-152000 -> 218761 | F23: =D23/$D$2 -> -154.27275 | G23: 912 | H23: 1.1 | I23: =G23+H23 -> 913.1 | J23: =IF(L23>0,L23,0) -> 0 | K23: =I23+J23 -> 913.1 | L23: =F23-(I23-W23) -> -6.3727502 | M23: 250 | N23: =(23+21)*1.05 -> 46.2 | O23: =M23-N23 -> 203.8 | P23: 168 | Q23: 86 | R23: =SUM(O23:Q23) -> 457.8 | T23: 96 | U23: 461 | V23: 18477 | W23: =N23+R23+T23+U23 -> 1061 | X23: =IF(L23<0,L23*-1,0) -> 6.3727502 | Y23: =W23+X23 -> 1067.3728 | Z23: 0 | AA23: 75 | AB23: 45 | AC23: =AC22+1 -> 14
A24: =A23+1 -> 15 | B24: 6921.55 | C24: 370323 | D24: =C24-C23 -> -438 | E24: =C24-152000 -> 218323 | F24: =D24/$D$2 -> -220.82178 | G24: 907 | H24: 1.1 | I24: =G24+H24 -> 908.1 | J24: =IF(L24>0,L24,0) -> 0 | K24: =I24+J24 -> 908.1 | L24: =F24-(I24-W24) -> -110.92178 | M24: 261 | N24: =(25+25)*1.05 -> 52.5 | O24: =M24-N24 -> 208.5 | P24: 168 | Q24: 81 | R24: =SUM(O24:Q24) -> 457.5 | T24: 113 | U24: 395 | V24: 18477 | W24: =N24+R24+T24+U24 -> 1018 | X24: =IF(L24<0,L24*-1,0) -> 110.92178 | Y24: =W24+X24 -> 1128.9218 | Z24: 0 | AA24: 76 | AB24: 40 | AC24: =AC23+1 -> 15
A25: =A24+1 -> 16 | B25: 6921.55 | C25: 370323 | D25: =C25-C24 -> 0 | E25: =C25-152000 -> 218323 | F25: =D25/$D$2 -> 0 | G25: 919 | H25: 1 | I25: =G25+H25 -> 920 | J25: =IF(L25>0,L25,0) -> 0 | K25: =I25+J25 -> 920 | L25: =F25-(I25-W25) -> -80 | M25: 270 | N25: =(28+29)*1.05 -> 59.85 | O25: =M25-N25 -> 210.15 | P25: 169 | Q25: 53 | R25: =SUM(O25:Q25) -> 432.15 | T25: 69 | U25: 279 | V25: 18477 | W25: =N25+R25+T25+U25 -> 840 | X25: =IF(L25<0,L25*-1,0) -> 80 | Y25: =W25+X25 -> 920 | Z25: 0.03 | AA25: 83 | AB25: 46 | AC25: =AC24+1 -> 16
A26: =A25+1 -> 17 | B26: 6921.6 | C26: 370542 | D26: =C26-C25 -> 219 | E26: =C26-152000 -> 218542 | F26: =D26/$D$2 -> 110.41089 | G26: 924 | H26: 1 | I26: =G26+H26 -> 925 | J26: =IF(L26>0,L26,0) -> 11.41089 | K26: =I26+J26 -> 936.41089 | L26: =F26-(I26-W26) -> 11.41089 | M26: 269 | N26: =(33+33)*1.05 -> 69.3 | O26: =M26-N26 -> 199.7 | P26: 169 | Q26: 70 | R26: =SUM(O26:Q26) -> 438.7 | T26: 98 | U26: 220 | V26: 18477 | W26: =N26+R26+T26+U26 -> 826 | X26: =IF(L26<0,L26*-1,0) -> 0 | Y26: =W26+X26 -> 826 | Z26: 0 | AA26: 65 | AB26: 40 | AC26: =AC25+1 -> 17
A27: =A26+1 -> 18 | B27: 6921.6 | C27: 370542 | D27: =C27-C26 -> 0 | E27: =C27-152000 -> 218542 | F27: =D27/$D$2 -> 0 | G27: 806 | H27: 0 | I27: =G27+H27 -> 806 | J27: =IF(L27>0,L27,0) -> 0 | K27: =I27+J27 -> 806 | L27: =F27-(I27-W27) -> -7 | M27: 256 | N27: =(22+22)*1.05 -> 46.2 | O27: =M27-N27 -> 209.8 | P27: 168 | Q27: 69 | R27: =SUM(O27:Q27) -> 446.8 | S27: 0 | T27: 131 | U27: 175 | V27: =18477-120 -> 18357 | W27: =N27+R27+T27+U27 -> 799 | X27: =IF(L27<0,L27*-1,0) -> 7 | Y27: =W27+X27 -> 806 | Z27: 0 | AA27: 76 | AB27: 40 | AC27: =AC26+1 -> 18
A28: =A27+1 -> 19 | B28: 6921.59 | C28: 370498 | D28: =C28-C27 -> -44 | E28: =C28-152000 -> 218498 | F28: =D28/$D$2 -> -22.18301 | G28: 799 | H28: 0 | I28: =G28+H28 -> 799 | J28: =IF(L28>0,L28,0) -> 0 | K28: =I28+J28 -> 799 | L28: =F28-(I28-W28) -> -33.18301 | M28: 285 | N28: =(32+34)*1.05 -> 69.3 | O28: =M28-N28 -> 215.7 | P28: 168 | Q28: 69 | R28: =SUM(O28:Q28) -> 452.7 | S28: 0 | T28: 146 | U28: 120 | V28: =V27-U28 -> 18237 | W28: =N28+R28+T28+U28 -> 788 | X28: =IF(L28<0,L28*-1,0) -> 33.18301 | Y28: =W28+X28 -> 821.18301 | Z28: 0 | AA28: 86 | AB28: 48 | AC28: =AC27+1 -> 19
A29: =A28+1 -> 20 | B29: 6921.59 | C29: 370498 | D29: =C29-C28 -> 0 | E29: =C29-152000 -> 218498 | F29: =D29/$D$2 -> 0 | G29: 861 | H29: 0 | I29: =G29+H29 -> 861 | J29: =IF(L29>0,L29,0) -> 0 | K29: =I29+J29 -> 861 | L29: =F29-(I29-W29) -> -83 | M29: 265 | N29: =(26+27)*1.05 -> 55.65 | O29: =M29-N29 -> 209.35 | P29: 169 | Q29: 69 | R29: =SUM(O29:Q29) -> 447.35 | S29: 0 | T29: 157 | U29: 118 | V29: =V28-U29 -> 18119 | W29: =N29+R29+T29+U29 -> 778 | X29: =IF(L29<0,L29*-1,0) -> 83 | Y29: =W29+X29 -> 861 | Z29: 0 | AA29: 84 | AB29: 51 | AC29: =AC28+1 -> 20
A30: =A29+1 -> 21 | B30: 6921.58 | C30: 370454 | D30: =C30-C29 -> -44 | E30: =C30-152000 -> 218454 | F30: =D30/$D$2 -> -22.18301 | G30: 835 | H30: 0 | I30: =G30+H30 -> 835 | J30: =IF(L30>0,L30,0) -> 0 | K30: =I30+J30 -> 835 | L30: =F30-(I30-W30) -> -54.18301 | M30: 286 | N30: =(28+29)*1.05 -> 59.85 | O30: =M30-N30 -> 226.15 | P30: 168 | Q30: 69 | R30: =SUM(O30:Q30) -> 463.15 | S30: 0 | T30: 162 | U30: 118 | V30: =V29-U30 -> 18001 | W30: =N30+R30+T30+U30 -> 803 | X30: =IF(L30<0,L30*-1,0) -> 54.18301 | Y30: =W30+X30 -> 857.18301 | Z30: 0 | AA30: 85 | AB30: 52 | AC30: =AC29+1 -> 21
A31: =A30+1 -> 22 | B31: 6921.58 | C31: 370454 | D31: =C31-C30 -> 0 | E31: =C31-152000 -> 218454 | F31: =D31/$D$2 -> 0 | G31: 835 | H31: 0 | I31: =G31+H31 -> 835 | J31: =IF(L31>0,L31,0) -> 0 | K31: =I31+J31 -> 835 | L31: =F31-(I31-W31) -> -18 | M31: 273 | N31: =(31+31)*1.05 -> 65.1 | O31: =M31-N31 -> 207.9 | P31: 168 | Q31: 69 | R31: =SUM(O31:Q31) -> 444.9 | S31: 0 | T31: 189 | U31: 118 | V31: =V30-U31 -> 17883 | W31: =N31+R31+T31+U31 -> 817 | X31: =IF(L31<0,L31*-1,0) -> 18 | Y31: =W31+X31 -> 835 | Z31: 0 | AA31: 86 | AB31: 48 | AC31: =AC30+1 -> 22
A32: =A31+1 -> 23 | B32: 6921.58 | C32: 370454 | D32: =C32-C31 -> 0 | E32: =C32-152000 -> 218454 | F32: =D32/$D$2 -> 0 | G32: 809 | H32: 0 | I32: =G32+H32 -> 809 | J32: =IF(L32>0,L32,0) -> 53 | K32: =I32+J32 -> 862 | L32: =F32-(I32-W32) -> 53 | M32: 296 | N32: =(36+37)*1.05 -> 76.65 | O32: =M32-N32 -> 219.35 | P32: 167 | Q32: 69 | R32: =SUM(O32:Q32) -> 455.35 | S32: 0 | T32: 211 | U32: 119 | V32: =V31-U32 -> 17764 | W32: =N32+R32+T32+U32 -> 862 | X32: =IF(L32<0,L32*-1,0) -> 0 | Y32: =W32+X32 -> 862 | Z32: 0 | AA32: 86 | AB32: 48 | AC32: =AC31+1 -> 23
A33: =A32+1 -> 24 | B33: 6921.43 | C33: 369798 | D33: =C33-C32 -> -656 | E33: =C33-152000 -> 217798 | F33: =D33/$D$2 -> -330.72851 | G33: 749 | H33: 0 | I33: =G33+H33 -> 749 | J33: =IF(L33>0,L33,0) -> 0 | K33: =I33+J33 -> 749 | L33: =F33-(I33-W33) -> -200.72851 | M33: 313 | N33: =(41+40)*1.05 -> 85.05 | O33: =M33-N33 -> 227.95 | P33: 168 | Q33: 72 | R33: =SUM(O33:Q33) -> 467.95 | S33: 0 | T33: 206 | U33: 120 | V33: =V32-U33 -> 17644 | W33: =N33+R33+T33+U33 -> 879 | X33: =IF(L33<0,L33*-1,0) -> 200.72851 | Y33: =W33+X33 -> 1079.7285 | Z33: 0 | AA33: 85 | AB33: 49 | AC33: =AC32+1 -> 24
A34: =A33+1 -> 25 | B34: 6921.28 | C34: 369141 | D34: =C34-C33 -> -657 | E34: =C34-152000 -> 217141 | F34: =D34/$D$2 -> -331.23267 | G34: 673 | H34: 0 | I34: =G34+H34 -> 673 | J34: =IF(L34>0,L34,0) -> 0 | K34: =I34+J34 -> 673 | L34: =F34-(I34-W34) -> -83.23267 | M34: 319 | N34: =(39+39)*1.05 -> 81.9 | O34: =M34-N34 -> 237.1 | P34: 167 | Q34: 75 | R34: =SUM(O34:Q34) -> 479.1 | S34: 0 | T34: 240 | U34: 120 | V34: =V33-U34 -> 17524 | W34: =N34+R34+T34+U34 -> 921 | X34: =IF(L34<0,L34*-1,0) -> 83.23267 | Y34: =W34+X34 -> 1004.2327 | Z34: 0 | AA34: 89 | AB34: 50 | AC34: =AC33+1 -> 25
A35: =A34+1 -> 26 | B35: 6921.14 | C35: 368528 | D35: =C35-C34 -> -613 | E35: =C35-152000 -> 216528 | F35: =D35/$D$2 -> -309.04966 | G35: 634 | H35: 0 | I35: =G35+H35 -> 634 | J35: =IF(L35>0,L35,0) -> 0 | K35: =I35+J35 -> 634 | L35: =F35-(I35-W35) -> -8.0496597 | M35: 318 | N35: =(39+38)*1.05 -> 80.85 | O35: =M35-N35 -> 237.15 | P35: 168 | Q35: 76 | R35: =SUM(O35:Q35) -> 481.15 | S35: 0 | T35: 252 | U35: 121 | V35: =V34-U35 -> 17403 | W35: =N35+R35+T35+U35 -> 935 | X35: =IF(L35<0,L35*-1,0) -> 8.0496597 | Y35: =W35+X35 -> 943.04966 | Z35: 0 | AA35: 87 | AB35: 56 | AC35: =AC34+1 -> 26
A36: =A35+1 -> 27 | B36: 6920.99 | C36: 367871 | D36: =C36-C35 -> -657 | E36: =C36-152000 -> 215871 | F36: =D36/$D$2 -> -331.23267 | G36: 624 | H36: 0 | I36: =G36+H36 -> 624 | J36: =IF(L36>0,L36,0) -> 0 | K36: =I36+J36 -> 624 | L36: =F36-(I36-W36) -> -5.2326695 | M36: 320 | N36: =(36+35)*1.05 -> 74.55 | O36: =M36-N36 -> 245.45 | P36: 168 | Q36: 80 | R36: =SUM(O36:Q36) -> 493.45 | S36: 0 | T36: 261 | U36: 121 | V36: =V35-U36 -> 17282 | W36: =N36+R36+T36+U36 -> 950 | X36: =IF(L36<0,L36*-1,0) -> 5.2326695 | Y36: =W36+X36 -> 955.23267 | Z36: 0 | AA36: 91 | AB36: 53 | AC36: =AC35+1 -> 27
A37: =A36+1 -> 28 | B37: 6920.82 | C37: 367133 | D37: =C37-C36 -> -738 | E37: =C37-152000 -> 215133 | F37: =D37/$D$2 -> -372.06957 | G37: 609 | H37: 0 | I37: =G37+H37 -> 609 | J37: =IF(L37>0,L37,0) -> 0 | K37: =I37+J37 -> 609 | L37: =F37-(I37-W37) -> -49.069574 | M37: 309 | N37: =(34+34)*1.05 -> 71.4 | O37: =M37-N37 -> 237.6 | P37: 168 | Q37: 80 | R37: =SUM(O37:Q37) -> 485.6 | S37: 0 | T37: 253 | U37: 122 | V37: =V36-U37 -> 17160 | W37: =N37+R37+T37+U37 -> 932 | X37: =IF(L37<0,L37*-1,0) -> 49.069574 | Y37: =W37+X37 -> 981.06957 | Z37: 0 | AA37: 94 | AB37: 56 | AC37: =AC36+1 -> 28
A38: =A37+1 -> 29 | B38: 6920.6 | C38: 366178 | D38: =C38-C37 -> -955 | E38: =C38-152000 -> 214178 | F38: =D38/$D$2 -> -481.47215 | G38: 585 | H38: 0 | I38: =G38+H38 -> 585 | J38: =IF(L38>0,L38,0) -> 0 | K38: =I38+J38 -> 585 | L38: =F38-(I38-W38) -> -115.47215 | M38: 307 | N38: =(33+35)*1.05 -> 71.4 | O38: =M38-N38 -> 235.6 | P38: 167 | Q38: 80 | R38: =SUM(O38:Q38) -> 482.6 | S38: 0 | T38: 275 | U38: 122 | V38: =V37-U38 -> 17038 | W38: =N38+R38+T38+U38 -> 951 | X38: =IF(L38<0,L38*-1,0) -> 115.47215 | Y38: =W38+X38 -> 1066.4721 | Z38: 0 | AA38: 97 | AB38: 59 | AC38: =AC37+1 -> 29
A39: 30 | B39: 6920.4 | C39: 365310 | D39: =C39-C38 -> -868 | E39: =C39-152000 -> 213310 | F39: =D39/$D$2 -> -437.61028 | G39: 551 | H39: 0 | I39: =G39+H39 -> 551 | J39: =IF(L39>0,L39,0) -> 0 | K39: =I39+J39 -> 551 | L39: =F39-(I39-W39) -> -37.610285 | M39: 314 | N39: =(28+29)*1.05 -> 59.85 | O39: =M39-N39 -> 254.15 | P39: 167 | Q39: 80 | R39: =SUM(O39:Q39) -> 501.15 | S39: 0 | T39: 270 | U39: 120 | V39: =V38-U39 -> 16918 | W39: =N39+R39+T39+U39 -> 951 | X39: =IF(L39<0,L39*-1,0) -> 37.610285 | Y39: =W39+X39 -> 988.61028 | Z39: 0 | AA39: 97 | AB39: 60 | AC39: 30
A41: MONTH / CFS | F41: =SUM(F10:F39) -> -7609.2765 | G41: =SUM(G10:G39) -> 30684 | H41: =SUM(H10:H39) -> 170.6 | I41: =SUM(I10:I39) -> 30854.6 | J41: =SUM(J10:J39) -> 246.29208 | K41: =SUM(K10:K39) -> 31100.892 | L41: =SUM(L10:L39) -> -1064.8765 | M41: =SUM(M10:M39) -> 8832 | ... R41: =SUM(R10:R39) -> 16108.05 | S41: =S39 -> 0 | T41: =SUM(T10:T39) -> 4944 | U41: =SUM(U10:U39) -> 14542 | W41: =SUM(W10:W39) -> 37399 | X41: =SUM(X10:X39) -> 1311.1686 | Y41: =SUM(Y10:Y39) -> 38710.169 | Z41: =SUM(Z10:Z39) -> 0.03 | AA41: =AVERAGE(AA10:AA39) -> 80.833333 | AB41: =AVERAGE(AB10:AB39) -> 48.066667
A42: MONTH / AF | D42: =SUM(D10:D39) -> -15093 | F42: =F41*$D$2 -> -15093 | G42: =G41*$D$2 -> 60861.714 | H42: =H41*$D$2 -> 338.3851 | I42: =I41*$D$2 -> 61200.099 | J42: =J41*$D$2 -> 488.52035 | K42: =K41*$D$2 -> 61688.619 | L42: =L41*$D$2 -> -2112.1826 | M42: =M41*$D$2 -> 17518.272 | ... U42: =U41*$D$2 -> 28844.057 | W42: =W41*$D$2 -> 74180.917 | X42: =X41*$D$2 -> 2600.7029 | Y42: =Y41*$D$2 -> 76781.619 | AA42: =MAX(AA10:AA39) -> 97 | AB42: =MAX(AB10:AB39) -> 60 | AC42: HI
A44: SEASON / CFS | F44: =F7+F41 -> 2634.2324 | G44: =G7+G41 -> 120125.03 | H44: =H7+H41 -> 8202.62 | I44: =I7+I41 -> 128327.65 | J44: =J7+J41 -> 22765.377 | K44: =K7+K41 -> 151093.03 | L44: =L7+L41 -> 21207.582 | M44: =M7+M41 -> 19135.6 | ... R44: =R7+R41 -> 28084.164 | S44: =S39 -> 0 | T44: =T7+T41 -> 8650.4 | U44: =U7+U41 -> 105733 | V44: 0 | W44: =W7+W41 -> 146901 | X44: =X7+X41 -> 1557.7948 | Y44: =Y7+Y41 -> 148458.79 | AA44: =MIN(AA10:AA39) -> 64 | AB44: =MIN(AB10:AB39) -> 37 | AC44: LO
A45: SEASON / AF | D45: =D7+D42 -> -15093 | F45: =F44*$D$2 -> 5225 | G45: =G44*$D$2 -> 238268 | H45: =H44*$D$2 -> 16269.897 | I45: =I44*$D$2 -> 254537.89 | J45: =J44*$D$2 -> 45155.126 | K45: =K44*$D$2 -> 299693.02 | L45: =L44*$D$2 -> 42065.24 | M45: =M44*$D$2 -> 37955.463 | ... U45: =U44*$D$2 -> 209721.41 | V45: 0 | W45: =W44*$D$2 -> 291378.13 | X45: =X44*$D$2 -> 3089.8859 | Y45: =Y44*$D$2 -> 294468.02
A47: YTD / CFS | F47: =F8+F41 -> 16052.937 | G47: =G8+G41 -> 136798.03 | H47: =H8+H41 -> 10006.92 | I47: =I8+I41 -> 146798.05 | J47: =J8+J41 -> 28012.903 | K47: =K8+K41 -> 174802.55 | L47: =L8+L41 -> 25423.007 | M47: =M8+M41 -> 20665.56 | ... R47: =R8+R41 -> 30232.329 | S47: =S39 -> 0 | T47: =T8+T41 -> 8650.4 | U47: =U8+U41 -> 112534.96 | V47: =V39 -> 16918 | W47: =W8+W41 -> 156168.12 | X47: =X8+X41 -> 2589.8965 | Y47: =Y8+Y41 -> 158758.02 | Z47: =Z8+Z41 -> 9.41
A48: YTD / AF | D48: =D8+D42 -> 31841 | E48: =E39 -> 213310 | F48: =F47*$D$2 -> 31841 | G48: =G47*$D$2 -> 271338.89 | H48: =H47*$D$2 -> 19848.726 | I48: =I47*$D$2 -> 291173.93 | J48: =J47*$D$2 -> 55563.594 | K48: =K47*$D$2 -> 346720.86 | L48: =L47*$D$2 -> 50426.534 | M48: =M47*$D$2 -> 40990.138 | ... Y48: =Y47*$D$2 -> 314896.53
A50: ="6/12/97 thru 7/10/97" -> 6/12/97 thru 7/10/97 | G50: RUNOFF APR - JUN / 30 yr avg | K50: =67300+112800+78200 -> 258300 | R50: Non spill | S50: =72000-R45 -> 16295.061
B51: 6923.37 | C51: 378356 | E51: =C51-152000 -> 226356 | G51: RUNOFF APR - JUN / percent | K51: =K45/K50 -> 1.1602517 | P51: Add to MVI call | R51: Ctz/MW | S51: =1357+340 -> 1697
G52: RUNOFF MAR - JUN / 30 yr avg | K52: =19700+67300+112800+78200 -> 278000 | R52: Totten | S52: 3400
B53: =B51-B21 -> 1.47 | D53: =C51-C21 -> 6500 | G53: RUNOFF MAR - JUN / runoff | K53: =59486+K45 -> 359179.02 | R53: Grhog | S53: 2700
G54: RUNOFF MAR - JUN / percent | K54: =K53/K52 -> 1.2920109 | R54: Total | S54: =SUM(S50:S53) -> 24092.061
R55: cfs | S55: =S54/$D$2 -> 12146.237

Sheet JUL
K1: MC PHEE RESERVOIR IN/OUT FLOW TABULATION
A2: AF/cfs CONVERT FACTOR | D2: 1.9835 | K2: JULY "98"
A4: DATE | B4: RESERV | C4: RESERV | D4: AC FT | E4: ACTIVE | F4: CONV TO | G4: DOLORES | H4: LOST | I4: RECORDED | J4: CALC | K4: TOTAL | L4: CALC | M4: DOLORES TUNNEL | P4: LONE | Q4: U | R4: TOTAL | S4: MVI | T4: DV CR | U4: BELOW | V4: REMAIN | W4: RECORDED | X4: CALC | Y4: TOTAL | Z4: RAIN | AA4: MAX | AB4: MIN | AC4: DATE
A5: "JUL" | B5: ELEV | C5: AC FT | D5: CHANGE | E5: CAP | F5: CFS | G5: RIVER | H5: CANYON | I5: INFLOW | J5: INFLOW | K5: INFLOW | L5: INF/OTF | M5: TOT DIV | N5: UTE F&R | O5: MVI,CTZ | P5: PINE | Q5: LATERAL | R5: MVI | S5: CALL | T5: CANAL | U5: MC PHEE | V5: RELEASE | W5: OUTFLOW | X5: OUTFLOW | Y5: OUTFLOW | AA5: TMP | AB5: TMP | AC5: "JUL"
Q6: MVI non-project water 6/30 = | S6: =(JUN!$S$55) -> 12146.237
A7: SEASON BAL | F7: {=JUN!$F$44:$Y$44} -> 2634.2324 | G7: 120125.03 | H7: 8202.62 | I7: 128327.65 | J7: 22765.377 | K7: 151093.03 | L7: 21207.582 | M7: 19135.6 | N7: 4433.436 | O7: 14702.164 | P7: 9189 | Q7: 4193 | R7: 28084.164 | S7: 0 | T7: 8650.4 | U7: 105733 | V7: 0 | W7: 146901 | X7: 1557.7948 | Y7: 148458.79
A8: YTD | B8: {=JUN!$B$39:$C$39} -> 6920.4 | C8: 365310 | D8: {=JUN!$D$48:$E$48} -> 31841 | E8: 213310 | F8: {=JUN!$F$47:$Z$47} -> 16052.937 | G8: 136798.03 | H8: 10006.92 | I8: 146798.05 | J8: 28012.903 | K8: 174802.55 | L8: 25423.007 | M8: 20665.56 | N8: 4493.181 | O8: 15523.139 | P8: 9978 | Q8: 4339.2 | R8: 30232.329 | S8: 0 | T8: 8650.4 | U8: 112534.96 | V8: 16918 | W8: 156168.12 | X8: 2589.8965 | Y8: 158758.02 | Z8: 9.41
A10: 1 | B10: 6920.17 | C10: 364311 | D10: =C10-C8 -> -999 | E10: =C10-152000 -> 212311 | F10: =D10/$D$2 -> -503.65516 | G10: 507 | H10: 0 | I10: =G10+H10 -> 507 | J10: =IF(L10>0,L10,0) -> 0 | K10: =I10+J10 -> 507 | L10: =F10-(I10-W10) -> -47.655155 | M10: 320 | N10: =(30+31)*1.05 -> 64.05 | O10: =M10-N10 -> 255.95 | P10: 167 | Q10: 80 | R10: =SUM(O10:Q10) -> 502.95 | S10: =(I10-R10)+S6 -> 12150.287 | T10: 278 | U10: 118 | V10: =V8-U10 -> 16800 | W10: =R10+T10+N10+U10 -> 963 | X10: =IF(L10<0,L10*-1,0) -> 47.655155 | Y10: =W10+X10 -> 1010.6552 | Z10: 0 | AA10: 96 | AB10: 56 | AC10: 1
A11: =A10+1 -> 2 | B11: 6919.94 | C11: 363315 | D11: =C11-C10 -> -996 | E11: =C11-152000 -> 211315 | F11: =D11/$D$2 -> -502.14268 | G11: 476 | H11: 0 | I11: =G11+H11 -> 476 | J11: =IF(L11>0,L11,0) -> 6.8573229 | K11: =I11+J11 -> 482.85732 | L11: =F11-(I11-W11) -> 6.8573229 | M11: 326 | N11: =(34+33)*1.05 -> 70.35 | O11: =M11-N11 -> 255.65 | P11: 166 | Q11: 79 | R11: =SUM(O11:Q11) -> 500.65 | S11: =(I11-R11)+S10 -> 12125.637 | T11: 295 | U11: 119 | V11: =V10-U11 -> 16681 | W11: =R11+T11+N11+U11 -> 985 | X11: =IF(L11<0,L11*-1,0) -> 0 | Y11: =W11+X11 -> 985 | Z11: 0 | AA11: 93 | AB11: 59 | AC11: =AC10+1 -> 2
A12: =A11+1 -> 3 | B12: 6919.64 | C12: 362023 | D12: =C12-C11 -> -1292 | E12: =C12-152000 -> 210023 | F12: =D12/$D$2 -> -651.37383 | G12: 439 | H12: 0 | I12: =G12+H12 -> 439 | J12: =IF(L12>0,L12,0) -> 0 | K12: =I12+J12 -> 439 | L12: =F12-(I12-W12) -> -106.37383 | M12: 333 | N12: =(36+37)*1.05 -> 76.65 | O12: =M12-N12 -> 256.35 | P12: 168 | Q12: 79 | R12: =SUM(O12:Q12) -> 503.35 | S12: =(I12-R12)+S11 -> 12061.287 | T12: 284 | U12: 120 | V12: =V11-U12 -> 16561 | W12: =R12+T12+N12+U12 -> 984 | X12: =IF(L12<0,L12*-1,0) -> 106.37383 | Y12: =W12+X12 -> 1090.3738 | Z12: 0.06 | AA12: 93 | AB12: 60 | AC12: =AC11+1 -> 3
A13: =A12+1 -> 4 | B13: 6919.39 | C13: 360946 | D13: =C13-C12 -> -1077 | E13: =C13-152000 -> 208946 | F13: =D13/$D$2 -> -542.97958 | G13: 433 | H13: 0 | I13: =G13+H13 -> 433 | J13: =IF(L13>0,L13,0) -> 0 | K13: =I13+J13 -> 433 | L13: =F13-(I13-W13) -> -23.979582 | M13: 317 | N13: =(34+36)*1.05 -> 73.5 | O13: =M13-N13 -> 243.5 | P13: 169 | Q13: 80 | R13: =SUM(O13:Q13) -> 492.5 | S13: =(I13-R13)+S12 -> 12001.787 | T13: 267 | U13: 119 | V13: =V12-U13 -> 16442 | W13: =R13+T13+N13+U13 -> 952 | X13: =IF(L13<0,L13*-1,0) -> 23.979582 | Y13: =W13+X13 -> 975.97958 | Z13: 0 | AA13: 91 | AB13: 57 | AC13: =AC12+1 -> 4
A14: =A13+1 -> 5 | B14: 6919.14 | C14: 359870 | D14: =C14-C13 -> -1076 | E14: =C14-152000 -> 207870 | F14: =D14/$D$2 -> -542.47542 | G14: 409 | H14: 0 | I14: =G14+H14 -> 409 | J14: =IF(L14>0,L14,0) -> 0 | K14: =I14+J14 -> 409 | L14: =F14-(I14-W14) -> -7.4754222 | M14: 315 | N14: =(32+32)*1.05 -> 67.2 | O14: =M14-N14 -> 247.8 | P14: 169 | Q14: 80 | R14: =SUM(O14:Q14) -> 496.8 | S14: =(I14-R14)+S13 -> 11913.987 | T14: 261 | U14: 119 | V14: =V13-U14 -> 16323 | W14: =R14+T14+N14+U14 -> 944 | X14: =IF(L14<0,L14*-1,0) -> 7.4754222 | Y14: =W14+X14 -> 951.47542 | Z14: 0.02 | AA14: 90 | AB14: 61 | AC14: =AC13+1 -> 5
A15: =A14+1 -> 6 | B15: 6918.89 | C15: 358797 | D15: =C15-C14 -> -1073 | E15: =C15-152000 -> 206797 | F15: =D15/$D$2 -> -540.96294 | G15: 400 | H15: 0 | I15: =G15+H15 -> 400 | J15: =IF(L15>0,L15,0) -> 13.037056 | K15: =I15+J15 -> 413.03706 | L15: =F15-(I15-W15) -> 13.037056 | M15: 308 | N15: =(32+32)*1.05 -> 67.2 | O15: =M15-N15 -> 240.8 | P15: 169 | Q15: 79 | R15: =SUM(O15:Q15) -> 488.8 | S15: =(I15-R15)+S14 -> 11825.187 | T15: 279 | U15: 119 | V15: =V14-U15 -> 16204 | W15: =R15+T15+N15+U15 -> 954 | X15: =IF(L15<0,L15*-1,0) -> 0 | Y15: =W15+X15 -> 954 | Z15: 0 | AA15: 87 | AB15: 60 | AC15: =AC14+1 -> 6
A16: =A15+1 -> 7 | B16: 6918.57 | C16: 357429 | D16: =C16-C15 -> -1368 | E16: =C16-152000 -> 205429 | F16: =D16/$D$2 -> -689.68994 | G16: 384 | H16: 0 | I16: =G16+H16 -> 384 | J16: =IF(L16>0,L16,0) -> 0 | K16: =I16+J16 -> 384 | L16: =F16-(I16-W16) -> -115.68994 | M16: 309 | N16: =(31+32)*1.05 -> 66.15 | O16: =M16-N16 -> 242.85 | P16: 169 | Q16: 81 | R16: =SUM(O16:Q16) -> 492.85 | S16: =(I16-R16)+S15 -> 11716.337 | T16: 280 | U16: 119 | V16: =V15-U16 -> 16085 | W16: =R16+T16+N16+U16 -> 958 | X16: =IF(L16<0,L16*-1,0) -> 115.68994 | Y16: =W16+X16 -> 1073.6899 | Z16: 0.04 | AA16: 78 | AB16: 63 | AC16: =AC15+1 -> 7
A17: =A16+1 -> 8 | B17: 6918.28 | C17: 356361 | D17: =C17-C16 -> -1068 | E17: =C17-152000 -> 204361 | F17: =D17/$D$2 -> -538.44215 | G17: 452 | H17: 0 | I17: =G17+H17 -> 452 | J17: =IF(L17>0,L17,0) -> 0 | K17: =I17+J17 -> 452 | L17: =F17-(I17-W17) -> -56.442148 | M17: 302 | N17: =(35+31)*1.05 -> 69.3 | O17: =M17-N17 -> 232.7 | P17: 169 | Q17: 81 | R17: =SUM(O17:Q17) -> 482.7 | S17: =(I17-R17)+S16 -> 11685.637 | T17: 263 | U17: 119 | V17: =V16-U17 -> 15966 | W17: =R17+T17+N17+U17 -> 934 | X17: =IF(L17<0,L17*-1,0) -> 56.442148 | Y17: =W17+X17 -> 990.44215 | Z17: 0.02 | AA17: 85 | AB17: 52 | AC17: =AC16+1 -> 8
A18: =A17+1 -> 9 | B18: 6917.99 | C18: 354951 | D18: =C18-C17 -> -1410 | E18: =C18-152000 -> 202951 | F18: =D18/$D$2 -> -710.86463 | G18: 468 | H18: 0 | I18: =G18+H18 -> 468 | J18: =IF(L18>0,L18,0) -> 0 | K18: =I18+J18 -> 468 | L18: =F18-(I18-W18) -> -259.86463 | M18: 301 | N18: =(37+35)*1.05 -> 75.6 | O18: =M18-N18 -> 225.4 | P18: 169 | Q18: 81 | R18: =SUM(O18:Q18) -> 475.4 | S18: =(I18-R18)+S17 -> 11678.237 | T18: 249 | U18: 119 | V18: =V17-U18 -> 15847 | W18: =R18+T18+N18+U18 -> 919 | X18: =IF(L18<0,L18*-1,0) -> 259.86463 | Y18: =W18+X18 -> 1178.8646 | Z18: 0 | AA18: 79 | AB18: 57 | AC18: =AC17+1 -> 9
A19: =A18+1 -> 10 | B19: 6917.79 | C19: 354103 | D19: =C19-C18 -> -848 | E19: =C19-152000 -> 202103 | F19: =D19/$D$2 -> -427.5271 | G19: 453 | H19: 0 | I19: =G19+H19 -> 453 | J19: =IF(L19>0,L19,0) -> 8.4729014 | K19: =I19+J19 -> 461.4729 | L19: =F19-(I19-W19) -> 8.4729014 | M19: 297 | N19: =(33+34)*1.05 -> 70.35 | O19: =M19-N19 -> 226.65 | P19: 170 | Q19: 81 | R19: =SUM(O19:Q19) -> 477.65 | S19: =(I19-R19)+S18 -> 11653.587 | T19: 222 | U19: 119 | V19: =V18-U19 -> 15728 | W19: =R19+T19+N19+U19 -> 889 | X19: =IF(L19<0,L19*-1,0) -> 0 | Y19: =W19+X19 -> 889 | Z19: 0.17 | AA19: 87 | AB19: 56 | AC19: =AC18+1 -> 10
A20: =A19+1 -> 11 | B20: 6917.59 | C20: 353255 | D20: =C20-C19 -> -848 | E20: =C20-152000 -> 201255 | F20: =D20/$D$2 -> -427.5271 | G20: 428 | H20: 0 | I20: =G20+H20 -> 428 | J20: =IF(L20>0,L20,0) -> 0 | K20: =I20+J20 -> 428 | L20: =F20-(I20-W20) -> -10.527099 | M20: 257 | N20: =(28+26)*1.05 -> 56.7 | O20: =M20-N20 -> 200.3 | P20: 170 | Q20: 81 | R20: =SUM(O20:Q20) -> 451.3 | S20: =(I20-R20)+S19 -> 11630.287 | T20: 218 | U20: 119 | V20: =V19-U20 -> 15609 | W20: =R20+T20+N20+U20 -> 845 | X20: =IF(L20<0,L20*-1,0) -> 10.527099 | Y20: =W20+X20 -> 855.5271 | Z20: 0 | AA20: 93 | AB20: 55 | AC20: =AC19+1 -> 11
A21: =A20+1 -> 12 | B21: 6917.32 | C21: 352111 | D21: =C21-C20 -> -1144 | E21: =C21-152000 -> 200111 | F21: =D21/$D$2 -> -576.75826 | G21: 351 | H21: 0 | I21: =G21+H21 -> 351 | J21: =IF(L21>0,L21,0) -> 0 | K21: =I21+J21 -> 351 | L21: =F21-(I21-W21) -> -69.758256 | M21: 272 | N21: =(20+21)*1.05 -> 43.05 | O21: =M21-N21 -> 228.95 | P21: 170 | Q21: 80 | R21: =SUM(O21:Q21) -> 478.95 | S21: =(I21-R21)+S20 -> 11502.337 | T21: 217 | U21: 119 | V21: =V20-U21 -> 15490 | W21: =R21+T21+N21+U21 -> 858 | X21: =IF(L21<0,L21*-1,0) -> 69.758256 | Y21: =W21+X21 -> 927.75826 | Z21: 0 | AA21: 94 | AB21: 55 | AC21: =AC20+1 -> 12
A22: =A21+1 -> 13 | B22: 6917.02 | C22: 350839 | D22: =C22-C21 -> -1272 | E22: =C22-152000 -> 198839 | F22: =D22/$D$2 -> -641.29065 | G22: 310 | H22: 0 | I22: =G22+H22 -> 310 | J22: =IF(L22>0,L22,0) -> 0 | K22: =I22+J22 -> 310 | L22: =F22-(I22-W22) -> -57.290648 | M22: 278 | N22: =(28+27)*1.05 -> 57.75 | O22: =M22-N22 -> 220.25 | P22: 169 | Q22: 81 | R22: =SUM(O22:Q22) -> 470.25 | S22: =(I22-R22)+S21 -> 11342.087 | T22: 248 | U22: 118 | V22: =V21-U22 -> 15372 | W22: =R22+T22+N22+U22 -> 894 | X22: =IF(L22<0,L22*-1,0) -> 57.290648 | Y22: =W22+X22 -> 951.29065 | Z22: 0 | AA22: 94 | AB22: 59 | AC22: =AC21+1 -> 13
A23: =A22+1 -> 14 | B23: 6916.69 | C23: 349450 | D23: =C23-C22 -> -1389 | E23: =C23-152000 -> 197450 | F23: =D23/$D$2 -> -700.27729 | G23: 276 | H23: 0 | I23: =G23+H23 -> 276 | J23: =IF(L23>0,L23,0) -> 0 | K23: =I23+J23 -> 276 | L23: =F23-(I23-W23) -> -71.277288 | M23: 287 | N23: =(30+31)*1.05 -> 64.05 | O23: =M23-N23 -> 222.95 | P23: 169 | Q23: 84 | R23: =SUM(O23:Q23) -> 475.95 | S23: =(I23-R23)+S22 -> 11142.137 | T23: 247 | U23: 118 | V23: =V22-U23 -> 15254 | W23: =R23+T23+N23+U23 -> 905 | X23: =IF(L23<0,L23*-1,0) -> 71.277288 | Y23: =W23+X23 -> 976.27729 | Z23: 0 | AA23: 96 | AB23: 56 | AC23: =AC22+1 -> 14
A24: =A23+1 -> 15 | B24: 6916.37 | C24: 348103 | D24: =C24-C23 -> -1347 | E24: =C24-152000 -> 196103 | F24: =D24/$D$2 -> -679.1026 | G24: 247 | H24: 0 | I24: =G24+H24 -> 247 | J24: =IF(L24>0,L24,0) -> 0 | K24: =I24+J24 -> 247 | L24: =F24-(I24-W24) -> -17.102596 | M24: 296 | N24: =(26+27)*1.05 -> 55.65 | O24: =M24-N24 -> 240.35 | P24: 169 | Q24: 85 | R24: =SUM(O24:Q24) -> 494.35 | S24: =(I24-R24)+S23 -> 10894.787 | T24: 242 | U24: 117 | V24: =V23-U24 -> 15137 | W24: =R24+T24+N24+U24 -> 909 | X24: =IF(L24<0,L24*-1,0) -> 17.102596 | Y24: =W24+X24 -> 926.1026 | Z24: 0 | AA24: 100 | AB24: 59 | AC24: =AC23+1 -> 15
A25: =A24+1 -> 16 | B25: 6916.08 | C25: 346883 | D25: =C25-C24 -> -1220 | E25: =C25-152000 -> 194883 | F25: =D25/$D$2 -> -615.07436 | G25: 246 | H25: 0 | I25: =G25+H25 -> 246 | J25: =IF(L25>0,L25,0) -> 0 | K25: =I25+J25 -> 246 | L25: =F25-(I25-W25) -> -21.074363 | M25: 268 | N25: =(12+13)*1.05 -> 26.25 | O25: =M25-N25 -> 241.75 | P25: 169 | Q25: 86 | R25: =SUM(O25:Q25) -> 496.75 | S25: =(I25-R25)+S24 -> 10644.037 | T25: 221 | U25: 96 | V25: =V24-U25 -> 15041 | W25: =R25+T25+N25+U25 -> 840 | X25: =IF(L25<0,L25*-1,0) -> 21.074363 | Y25: =W25+X25 -> 861.07436 | Z25: 0 | AA25: 94 | AB25: 60 | AC25: =AC24+1 -> 16
A26: =A25+1 -> 17 | B26: 6915.79 | C26: 345670 | D26: =C26-C25 -> -1213 | E26: =C26-152000 -> 193670 | F26: =D26/$D$2 -> -611.54525 | G26: 246 | H26: 0 | I26: =G26+H26 -> 246 | J26: =IF(L26>0,L26,0) -> 0 | K26: =I26+J26 -> 246 | L26: =F26-(I26-W26) -> -16.545248 | M26: 289 | N26: =(19+18)*1.05 -> 38.85 | O26: =M26-N26 -> 250.15 | P26: 170 | Q26: 85 | R26: =SUM(O26:Q26) -> 505.15 | S26: =(I26-R26)+S25 -> 10384.887 | T26: 200 | U26: 97 | V26: =V25-U26 -> 14944 | W26: =R26+T26+N26+U26 -> 841 | X26: =IF(L26<0,L26*-1,0) -> 16.545248 | Y26: =W26+X26 -> 857.54525 | Z26: 0 | AA26: 95 | AB26: 53 | AC26: =AC25+1 -> 17
A27: =A26+1 -> 18 | B27: 6915.44 | C27: 344209 | D27: =C27-C26 -> -1461 | E27: =C27-152000 -> 192209 | F27: =D27/$D$2 -> -736.57676 | G27: 234 | H27: 0 | I27: =G27+H27 -> 234 | J27: =IF(L27>0,L27,0) -> 0 | K27: =I27+J27 -> 234 | L27: =F27-(I27-W27) -> -85.576758 | M27: 305 | N27: =(26+28)*1.05 -> 56.7 | O27: =M27-N27 -> 248.3 | P27: 168 | Q27: 84 | R27: =SUM(O27:Q27) -> 500.3 | S27: =(I27-R27)+S26 -> 10118.587 | T27: 232 | U27: 96 | V27: =V26-U27 -> 14848 | W27: =R27+T27+N27+U27 -> 885 | X27: =IF(L27<0,L27*-1,0) -> 85.576758 | Y27: =W27+X27 -> 970.57676 | Z27: 0 | AA27: 99 | AB27: 57 | AC27: =AC26+1 -> 18
A28: =A27+1 -> 19 | B28: 6915.16 | C28: 343040 | D28: =C28-C27 -> -1169 | E28: =C28-152000 -> 191040 | F28: =D28/$D$2 -> -589.36224 | G28: 229 | H28: 0 | I28: =G28+H28 -> 229 | J28: =IF(L28>0,L28,0) -> 7.6377615 | K28: =I28+J28 -> 236.63776 | L28: =F28-(I28-W28) -> 7.6377615 | M28: 289 | N28: =(22+22)*1.05 -> 46.2 | O28: =M28-N28 -> 242.8 | P28: 169 | Q28: 85 | R28: =SUM(O28:Q28) -> 496.8 | S28: =(I28-R28)+S27 -> 9850.7868 | T28: 187 | U28: 96 | V28: =V27-U28 -> 14752 | W28: =R28+T28+N28+U28 -> 826 | X28: =IF(L28<0,L28*-1,0) -> 0 | Y28: =W28+X28 -> 826 | Z28: 0 | AA28: 98 | AB28: 57 | AC28: =AC27+1 -> 19
A29: =A28+1 -> 20 | B29: 6914.86 | C29: 341792 | D29: =C29-C28 -> -1248 | E29: =C29-152000 -> 189792 | F29: =D29/$D$2 -> -629.19082 | G29: 224 | H29: 0 | I29: =G29+H29 -> 224 | J29: =IF(L29>0,L29,0) -> 0 | K29: =I29+J29 -> 224 | L29: =F29-(I29-W29) -> -47.190824 | M29: 279 | N29: =(23+24)*1.05 -> 49.35 | O29: =M29-N29 -> 229.65 | P29: 170 | Q29: 82 | R29: =SUM(O29:Q29) -> 481.65 | S29: =(I29-R29)+S28 -> 9593.1368 | T29: 180 | U29: 95 | V29: =V28-U29 -> 14657 | W29: =R29+T29+N29+U29 -> 806 | X29: =IF(L29<0,L29*-1,0) -> 47.190824 | Y29: =W29+X29 -> 853.19082 | Z29: 0.07 | AA29: 95 | AB29: 58 | AC29: =AC28+1 -> 20
A30: =A29+1 -> 21 | B30: 6914.54 | C30: 340467 | D30: =C30-C29 -> -1325 | E30: =C30-152000 -> 188467 | F30: =D30/$D$2 -> -668.01109 | G30: 219 | H30: 0 | I30: =G30+H30 -> 219 | J30: =IF(L30>0,L30,0) -> 0 | K30: =I30+J30 -> 219 | L30: =F30-(I30-W30) -> -59.011092 | M30: 292 | N30: =(28+32)*1.05 -> 63 | O30: =M30-N30 -> 229 | P30: 170 | Q30: 83 | R30: =SUM(O30:Q30) -> 482 | S30: =(I30-R30)+S29 -> 9330.1368 | T30: 187 | U30: 96 | V30: =V29-U30 -> 14561 | W30: =R30+T30+N30+U30 -> 828 | X30: =IF(L30<0,L30*-1,0) -> 59.011092 | Y30: =W30+X30 -> 887.01109 | Z30: 0.62 | AA30: 96 | AB30: 58 | AC30: =AC29+1 -> 21
A31: =A30+1 -> 22 | B31: 6914.22 | C31: 339142 | D31: =C31-C30 -> -1325 | E31: =C31-152000 -> 187142 | F31: =D31/$D$2 -> -668.01109 | G31: 207 | H31: 0 | I31: =G31+H31 -> 207 | J31: =IF(L31>0,L31,0) -> 0 | K31: =I31+J31 -> 207 | L31: =F31-(I31-W31) -> -53.011092 | M31: 284 | N31: =(32+33)*1.05 -> 68.25 | O31: =M31-N31 -> 215.75 | P31: 169 | Q31: 81 | R31: =SUM(O31:Q31) -> 465.75 | S31: =(I31-R31)+S30 -> 9071.3868 | T31: 193 | U31: 95 | V31: =V30-U31 -> 14466 | W31: =R31+T31+N31+U31 -> 822 | X31: =IF(L31<0,L31*-1,0) -> 53.011092 | Y31: =W31+X31 -> 875.01109 | Z31: 0 | AA31: 92 | AB31: 57 | AC31: =AC30+1 -> 22
A32: =A31+1 -> 23 | B32: 6914.01 | C32: 338231 | D32: =C32-C31 -> -911 | E32: =C32-152000 -> 186231 | F32: =D32/$D$2 -> -459.28914 | G32: 207 | H32: 0 | I32: =G32+H32 -> 207 | J32: =IF(L32>0,L32,0) -> 98.710865 | K32: =I32+J32 -> 305.71086 | L32: =F32-(I32-W32) -> 98.710865 | M32: 291 | N32: =(33+33)*1.05 -> 69.3 | O32: =M32-N32 -> 221.7 | P32: 171 | Q32: 80 | R32: =SUM(O32:Q32) -> 472.7 | S32: =(I32-R32)+S31 -> 8805.6868 | T32: 128 | U32: 95 | V32: =V31-U32 -> 14371 | W32: =R32+T32+N32+U32 -> 765 | X32: =IF(L32<0,L32*-1,0) -> 0 | Y32: =W32+X32 -> 765 | Z32: 1.03 | AA32: 82 | AB32: 57 | AC32: =AC31+1 -> 23
A33: =A32+1 -> 24 | B33: 6913.8 | C33: 337409 | D33: =C33-C32 -> -822 | E33: =C33-152000 -> 185409 | F33: =D33/$D$2 -> -414.41896 | G33: 244 | H33: 0 | I33: =G33+H33 -> 244 | J33: =IF(L33>0,L33,0) -> 64.581044 | K33: =I33+J33 -> 308.58104 | L33: =F33-(I33-W33) -> 64.581044 | M33: 255 | N33: =(29+30)*1.05 -> 61.95 | O33: =M33-N33 -> 193.05 | P33: 170 | Q33: 80 | R33: =SUM(O33:Q33) -> 443.05 | S33: =(I33-R33)+S32 -> 8606.6368 | T33: 123 | U33: 95 | V33: =V32-U33 -> 14276 | W33: =R33+T33+N33+U33 -> 723 | X33: =IF(L33<0,L33*-1,0) -> 0 | Y33: =W33+X33 -> 723 | Z33: 0.02 | AA33: 78 | AB33: 56 | AC33: =AC32+1 -> 24
A34: =A33+1 -> 25 | B34: 6913.56 | C34: 336422 | D34: =C34-C33 -> -987 | E34: =C34-152000 -> 184422 | F34: =D34/$D$2 -> -497.60524 | G34: 265 | H34: 0 | I34: =G34+H34 -> 265 | J34: =IF(L34>0,L34,0) -> 0 | K34: =I34+J34 -> 265 | L34: =F34-(I34-W34) -> -45.605243 | M34: 245 | N34: =(23+23)*1.05 -> 48.3 | O34: =M34-N34 -> 196.7 | P34: 170 | Q34: 80 | R34: =SUM(O34:Q34) -> 446.7 | S34: =(I34-R34)+S33 -> 8424.9368 | T34: 127 | U34: 95 | V34: =V33-U34 -> 14181 | W34: =R34+T34+N34+U34 -> 717 | X34: =IF(L34<0,L34*-1,0) -> 45.605243 | Y34: =W34+X34 -> 762.60524 | Z34: 0.02 | AA34: 83 | AB34: 58 | AC34: =AC33+1 -> 25
A35: =A34+1 -> 26 | B35: 6913.41 | C35: 335806 | D35: =C35-C34 -> -616 | E35: =C35-152000 -> 183806 | F35: =D35/$D$2 -> -310.56214 | G35: 368 | H35: 0 | I35: =G35+H35 -> 368 | J35: =IF(L35>0,L35,0) -> 22.437862 | K35: =I35+J35 -> 390.43786 | L35: =F35-(I35-W35) -> 22.437862 | M35: 238 | N35: =(21+20)*1.05 -> 43.05 | O35: =M35-N35 -> 194.95 | P35: 170 | Q35: 81 | R35: =SUM(O35:Q35) -> 445.95 | S35: =(I35-R35)+S34 -> 8346.9868 | T35: 117 | U35: 95 | V35: =V34-U35 -> 14086 | W35: =R35+T35+N35+U35 -> 701 | X35: =IF(L35<0,L35*-1,0) -> 0 | Y35: =W35+X35 -> 701 | Z35: 0.05 | AA35: 85 | AB35: 56 | AC35: =AC34+1 -> 26
A36: =A35+1 -> 27 | B36: 6913.21 | C36: 334984 | D36: =C36-C35 -> -822 | E36: =C36-152000 -> 182984 | F36: =D36/$D$2 -> -414.41896 | G36: 294 | H36: 0 | I36: =G36+H36 -> 294 | J36: =IF(L36>0,L36,0) -> 0 | K36: =I36+J36 -> 294 | L36: =F36-(I36-W36) -> -83.418956 | M36: 217 | N36: =+(18+19)*1.05 -> 38.85 | O36: =M36-N36 -> 178.15 | P36: 171 | Q36: 81 | R36: =SUM(O36:Q36) -> 430.15 | S36: =(I36-R36)+S35 -> 8210.8368 | T36: 61 | U36: 95 | V36: =V35-U36 -> 13991 | W36: =R36+T36+N36+U36 -> 625 | X36: =IF(L36<0,L36*-1,0) -> 83.418956 | Y36: =W36+X36 -> 708.41896 | Z36: 0 | AA36: 79 | AB36: 57 | AC36: =AC35+1 -> 27
A37: =A36+1 -> 28 | B37: 6913.13 | C37: 334614 | D37: =C37-C36 -> -370 | E37: =C37-152000 -> 182614 | F37: =D37/$D$2 -> -186.53895 | G37: 356 | H37: 0 | I37: =G37+H37 -> 356 | J37: =IF(L37>0,L37,0) -> 70.461054 | K37: =I37+J37 -> 426.46105 | L37: =F37-(I37-W37) -> 70.461054 | M37: 201 | N37: =(18+18)*1.05 -> 37.8 | O37: =M37-N37 -> 163.2 | P37: 170 | Q37: 75 | R37: =SUM(O37:Q37) -> 408.2 | S37: =(I37-R37)+S36 -> 8158.6368 | T37: 72 | U37: 95 | V37: =V36-U37 -> 13896 | W37: =R37+T37+N37+U37 -> 613 | X37: =IF(L37<0,L37*-1,0) -> 0 | Y37: =W37+X37 -> 613 | Z37: 0.2 | AA37: 82 | AB37: 58 | AC37: =AC36+1 -> 28
A38: =A37+1 -> 29 | B38: 6912.96 | C38: 333958 | D38: =C38-C37 -> -656 | E38: =C38-152000 -> 181958 | F38: =D38/$D$2 -> -330.72851 | G38: 369 | H38: 0 | I38: =G38+H38 -> 369 | J38: =IF(L38>0,L38,0) -> 0 | K38: =I38+J38 -> 369 | L38: =F38-(I38-W38) -> -83.72851 | M38: 215 | N38: =(19+18)*1.05 -> 38.85 | O38: =M38-N38 -> 176.15 | P38: 170 | Q38: 72 | R38: =SUM(O38:Q38) -> 418.15 | S38: =(I38-R38)+S37 -> 8109.4868 | T38: 64 | U38: 95 | V38: =V37-U38 -> 13801 | W38: =R38+T38+N38+U38 -> 616 | X38: =IF(L38<0,L38*-1,0) -> 83.72851 | Y38: =W38+X38 -> 699.72851 | Z38: 0.02 | AA38: 86 | AB38: 54 | AC38: =AC37+1 -> 29
A39: 30 | B39: 6912.81 | C39: 333347 | D39: =C39-C38 -> -611 | E39: =C39-152000 -> 181347 | F39: =D39/$D$2 -> -308.04134 | G39: 287 | H39: 0 | I39: =G39+H39 -> 287 | J39: =IF(L39>0,L39,0) -> 24.958659 | K39: =I39+J39 -> 311.95866 | L39: =F39-(I39-W39) -> 24.958659 | M39: 204 | N39: =(17+17)*1.05 -> 35.7 | O39: =M39-N39 -> 168.3 | P39: 170 | Q39: 72 | R39: =SUM(O39:Q39) -> 410.3 | S39: =(I39-R39)+S38 -> 7986.1868 | T39: 79 | U39: 95 | V39: =V38-U39 -> 13706 | W39: =R39+T39+N39+U39 -> 620 | X39: =IF(L39<0,L39*-1,0) -> 0 | Y39: =W39+X39 -> 620 | Z39: 0 | AA39: 88 | AB39: 55 | AC39: 30
A40: 31 | B40: 6912.65 | C40: 332694 | D40: =C40-C39 -> -653 | E40: =C40-152000 -> 180694 | F40: =D40/$D$2 -> -329.21603 | G40: 258 | H40: 0.06 | I40: =G40+H40 -> 258.06 | J40: =IF(L40>0,L40,0) -> 34.723968 | K40: =I40+J40 -> 292.78397 | L40: =F40-(I40-W40) -> 34.723968 | M40: 208 | N40: =(16+16)*1.05 -> 33.6 | O40: =M40-N40 -> 174.4 | P40: 170 | Q40: 69 | R40: =SUM(O40:Q40) -> 413.4 | S40: =(I40-R40)+S39 -> 7830.8468 | T40: 81 | U40: 94 | V40: =V39-U40 -> 13612 | W40: =R40+T40+N40+U40 -> 622 | X40: =IF(L40<0,L40*-1,0) -> 0 | Y40: =W40+X40 -> 622 | Z40: 0.03 | AA40: 88 | AB40: 58 | AC40: 31
N41: 0 | Z41: 0
A42: MONTH / CFS | F42: =SUM(F10:F40) -> -16443.66 | G42: =SUM(G10:G40) -> 10286 | H42: =SUM(H10:H40) -> 0.06 | I42: =SUM(I10:I40) -> 10286.06 | J42: =SUM(J10:J40) -> 351.87849 | K42: =SUM(K10:K40) -> 10637.938 | L42: =SUM(L10:L40) -> -986.7202 | M42: =SUM(M10:M40) -> 8598 | ... R42: =SUM(R10:R40) -> 14601.45 | T42: =SUM(T10:T40) -> 6102 | U42: =SUM(U10:U40) -> 3306 | V42: =V40 -> 13612 | W42: =SUM(W10:W40) -> 25743 | X42: =SUM(X10:X40) -> 1338.5987 | Y42: =SUM(Y10:Y40) -> 27081.599 | Z42: =SUM(Z10:Z40) -> 2.37 | AA42: =AVERAGE(AA10:AA40) -> 89.548387 | AB42: =AVERAGE(AB10:AB40) -> 57.225806
A43: MONTH / AF | D43: =SUM(D10:D40) -> -32616 | F43: =F42*$D$2 -> -32616 | G43: =G42*$D$2 -> 20402.281 | H43: =H42*$D$2 -> 0.11901 | I43: =I42*$D$2 -> 20402.4 | J43: =J42*$D$2 -> 697.95099 | K43: =K42*$D$2 -> 21100.351 | L43: =L42*$D$2 -> -1957.1595 | M43: =M42*$D$2 -> 17054.133 | ... R43: =R42*$D$2 -> 28961.976 | T43: =T42*$D$2 -> 12103.317 | U43: =U42*$D$2 -> 6557.451 | V43: =V42*$D$2 -> 26999.402 | W43: =W42*$D$2 -> 51061.24 | X43: =X42*$D$2 -> 2655.1105 | Y43: =Y42*$D$2 -> 53716.351 | AA43: =MAX(AA10:AA40) -> 100 | AB43: =MAX(AB10:AB40) -> 63 | AC43: HI
A45: SEASON / CFS | F45: =F7+F42 -> -13809.428 | G45: =G7+G42 -> 130411.03 | H45: =H7+H42 -> 8202.68 | I45: =I7+I42 -> 138613.71 | J45: =J7+J42 -> 23117.256 | K45: =K7+K42 -> 161730.97 | L45: =L7+L42 -> 20220.862 | M45: =M7+M42 -> 27733.6 | ... R45: =R7+R42 -> 42685.614 | S45: =S40 -> 7830.8468 | T45: =T7+T42 -> 14752.4 | U45: =U7+U42 -> 109039 | V45: =V7+V42 -> 13612 | W45: =W7+W42 -> 172644 | X45: =X7+X42 -> 2896.3935 | Y45: =Y7+Y42 -> 175540.39 | AA45: =MIN(AA10:AA40) -> 78 | AB45: =MIN(AB10:AB40) -> 52 | AC45: LO
A46: SEASON / AF | F46: =F45*$D$2 -> -27391 | G46: =G45*$D$2 -> 258670.28 | H46: =H45*$D$2 -> 16270.016 | I46: =I45*$D$2 -> 274940.29 | J46: =J45*$D$2 -> 45853.077 | K46: =K45*$D$2 -> 320793.37 | L46: =L45*$D$2 -> 40108.08 | M46: =M45*$D$2 -> 55009.596 | ... Y46: =Y45*$D$2 -> 348184.37
A48: YTD / CFS | F48: =F8+F42 -> -390.72347 | G48: =G8+G42 -> 147084.03 | H48: =H8+H42 -> 10006.98 | I48: =I8+I42 -> 157084.11 | J48: =J8+J42 -> 28364.782 | K48: =K8+K42 -> 185440.49 | L48: =L8+L42 -> 24436.287 | M48: =M8+M42 -> 29263.56 | ... R48: =R8+R42 -> 44833.779 | T48: =T8+T42 -> 14752.4 | U48: =U8+U42 -> 115840.96 | V48: =V40 -> 13612 | W48: =W8+W42 -> 181911.12 | X48: =X8+X42 -> 3928.4952 | Y48: =Y8+Y42 -> 185839.62 | Z48: =Z8+Z42 -> 11.78
A49: YTD / AF | D49: =D8+D43 -> -775 | E49: =E40 -> 180694 | F49: =F48*$D$2 -> -775 | G49: =G48*$D$2 -> 291741.17 | H49: =H48*$D$2 -> 19848.845 | I49: =I48*$D$2 -> 311576.33 | J49: =J48*$D$2 -> 56261.545 | K49: =K48*$D$2 -> 367821.22 | L49: =L48*$D$2 -> 48469.374 | M49: =M48*$D$2 -> 58044.271 | ... U49: =U48*$D$2 -> 229770.54 | V49: =V40*$D$2 -> 26999.402 | W49: =W48*$D$2 -> 360820.71 | X49: =X48*$D$2 -> 7792.1702 | Y49: =Y48*$D$2 -> 368612.88
A51: ="AUG / 12TH" -> AUG / 12TH | I51: 30 yr average | K51: 282600
B52: 6900.1 | C52: 283950 | E52: =C52-152000 -> 131950
A53: ="7/9/96 thru 8/13/96" -> 7/9/96 thru 8/13/96 | I53: 1996 Runoff = | K53: =K49/K51 -> 1.3015613
B54: =B52-B18 -> -17.89 | D54: =C52-C18 -> -71001

Sheet AUG
K1: MC PHEE RESERVOIR IN/OUT FLOW TABULATION
A2: AF/cfs CONVERT FACTOR | D2: 1.9835 | K2: AUGUST "98"
A4: DATE | B4: RESERV | C4: RESERV | D4: AC FT | E4: ACTIVE | F4: CONV TO | G4: DOLORES | H4: LOST | I4: RECORDED | J4: CALC | K4: TOTAL | L4: CALC | M4: DOLORES TUNNEL | P4: LONE | Q4: U | R4: TOTAL | S4: MVI | T4: DV CR | U4: BELOW | V4: REMAIN | W4: RECORDED | X4: CALC | Y4: TOTAL | Z4: RAIN | AA4: MAX | AB4: MIN | AC4: DATE
A5: "AUG" | B5: ELEV | C5: AC FT | D5: CHANGE | E5: CAP | F5: CFS | G5: RIVER | H5: CANYON | I5: INFLOW | J5: INFLOW | K5: INFLOW | L5: INF/OTF | M5: TOT DIV | N5: UTE F&R | O5: MVI,CTZ | P5: PINE | Q5: LATERAL | R5: MVI | S5: CALL | T5: CANAL | U5: MC PHEE | V5: RELEASE | W5: OUTFLOW | X5: OUTFLOW | Y5: OUTFLOW | AA5: TMP | AB5: TMP | AC5: "AUG"
A7: SEASON BAL | F7: {=JUL!$F$45:$Y$45} -> -13809.428 | G7: 130411.03 | H7: 8202.68 | I7: 138613.71 | J7: 23117.256 | K7: 161730.97 | L7: 20220.862 | M7: 27733.6 | N7: 6166.986 | O7: 21566.614 | P7: 14438 | Q7: 6681 | R7: 42685.614 | S7: 7830.8468 | T7: 14752.4 | U7: 109039 | V7: 13612 | W7: 172644 | X7: 2896.3935 | Y7: 175540.39
A8: YTD | B8: {=JUL!$B$40:$C$40} -> 6912.65 | C8: 332694 | D8: {=JUL!$D$49:$E$49} -> -775 | E8: 180694 | F8: {=JUL!$F$48:$Z$48} -> -390.72347 | G8: 147084.03 | H8: 10006.98 | I8: 157084.11 | J8: 28364.782 | K8: 185440.49 | L8: 24436.287 | M8: 29263.56 | N8: 6226.731 | O8: 22387.589 | P8: 15227 | Q8: 6827.2 | R8: 44833.779 | S8: 0 | T8: 14752.4 | U8: 115840.96 | V8: 13612 | W8: 181911.12 | X8: 3928.4952 | Y8: 185839.62 | Z8: 11.78
A10: 1 | B10: 6912.53 | C10: 332205 | D10: =C10-C8 -> -489 | E10: =C10-152000 -> 180205 | F10: =D10/$D$2 -> -246.5339 | G10: 357 | H10: 1.2 | I10: =G10+H10 -> 358.2 | J10: =IF(L10>0,L10,0) -> 0 | K10: =I10+J10 -> 358.2 | L10: =F10-(I10-W10) -> -90.733905 | M10: 145 | N10: 0 | O10: =M10-N10 -> 145 | P10: 140 | Q10: 65 | R10: =SUM(O10:Q10) -> 350 | S10: =(I10-R10)+S7 -> 7839.0468 | T10: 70 | U10: 94 | V10: =V8-U10 -> 13518 | W10: =R10+T10+N10+U10 -> 514 | X10: =IF(L10<0,L10*-1,0) -> 90.733905 | Y10: =W10+X10 -> 604.7339 | Z10: 0 | AA10: 82 | AB10: 56 | AC10: 1
A11: =A10+1 -> 2 | B11: 6912.45 | C11: 331879 | D11: =C11-C10 -> -326 | E11: =C11-152000 -> 179879 | F11: =D11/$D$2 -> -164.35594 | G11: 313 | H11: 1.3 | I11: =G11+H11 -> 314.3 | J11: =IF(L11>0,L11,0) -> 5.3440635 | K11: =I11+J11 -> 319.64406 | L11: =F11-(I11-W11) -> 5.3440635 | M11: 135 | N11: =0.56*1.05 -> 0.588 | O11: =M11-N11 -> 134.412 | P11: 126 | Q11: 62 | R11: =SUM(O11:Q11) -> 322.412 | S11: =(I11-R11)+S10 -> 7830.9348 | T11: 67 | U11: 94 | V11: =V10-U11 -> 13424 | W11: =R11+T11+N11+U11 -> 484 | X11: =IF(L11<0,L11*-1,0) -> 0 | Y11: =W11+X11 -> 484 | Z11: 0 | AA11: 86 | AB11: 54 | AC11: =AC10+1 -> 2
A12: =A11+1 -> 3 | B12: 6912.26 | C12: 331104 | D12: =C12-C11 -> -775 | E12: =C12-152000 -> 179104 | F12: =D12/$D$2 -> -390.72347 | G12: 252 | H12: 0 | I12: =G12+H12 -> 252 | J12: =IF(L12>0,L12,0) -> 0 | K12: =I12+J12 -> 252 | L12: =F12-(I12-W12) -> -80.723469 | M12: 180 | N12: =(14+14)*1.05 -> 29.4 | O12: =M12-N12 -> 150.6 | P12: 126 | Q12: 62 | R12: =SUM(O12:Q12) -> 338.6 | S12: =(I12-R12)+S11 -> 7744.3348 | T12: 100 | U12: 94 | V12: =V11-U12 -> 13330 | W12: =R12+T12+N12+U12 -> 562 | X12: =IF(L12<0,L12*-1,0) -> 80.723469 | Y12: =W12+X12 -> 642.72347 | Z12: 0 | AA12: 88 | AB12: 53 | AC12: =AC11+1 -> 3
A13: =A12+1 -> 4 | B13: 6912.06 | C13: 330289 | D13: =C13-C12 -> -815 | E13: =C13-152000 -> 178289 | F13: =D13/$D$2 -> -410.88984 | G13: 228 | H13: 0 | I13: =G13+H13 -> 228 | J13: =IF(L13>0,L13,0) -> 0 | K13: =I13+J13 -> 228 | L13: =F13-(I13-W13) -> -46.889841 | M13: 197 | N13: =(27+26)*1.05 -> 55.65 | O13: =M13-N13 -> 141.35 | P13: 125 | Q13: 63 | R13: =SUM(O13:Q13) -> 329.35 | S13: =(I13-R13)+S12 -> 7642.9848 | T13: 112 | U13: 95 | V13: =V12-U13 -> 13235 | W13: =R13+T13+N13+U13 -> 592 | X13: =IF(L13<0,L13*-1,0) -> 46.889841 | Y13: =W13+X13 -> 638.88984 | Z13: 0 | AA13: 86 | AB13: 54 | AC13: =AC12+1 -> 4
A14: =A13+1 -> 5 | B14: 6911.86 | C14: 329478 | D14: =C14-C13 -> -811 | E14: =C14-152000 -> 177478 | F14: =D14/$D$2 -> -408.8732 | G14: 212 | H14: 0.03 | I14: =G14+H14 -> 212.03 | J14: =IF(L14>0,L14,0) -> 0 | K14: =I14+J14 -> 212.03 | L14: =F14-(I14-W14) -> -24.903204 | M14: 195 | N14: =(24+24)*1.05 -> 50.4 | O14: =M14-N14 -> 144.6 | P14: 126 | Q14: 63 | R14: =SUM(O14:Q14) -> 333.6 | S14: =(I14-R14)+S13 -> 7521.4148 | T14: 117 | U14: 95 | V14: =V13-U14 -> 13140 | W14: =R14+T14+N14+U14 -> 596 | X14: =IF(L14<0,L14*-1,0) -> 24.903204 | Y14: =W14+X14 -> 620.9032 | Z14: 0 | AA14: 87 | AB14: 52 | AC14: =AC13+1 -> 5
A15: =A14+1 -> 6 | B15: 6911.62 | C15: 328507 | D15: =C15-C14 -> -971 | E15: =C15-152000 -> 176507 | F15: =D15/$D$2 -> -489.53869 | G15: 193 | H15: 0 | I15: =G15+H15 -> 193 | J15: =IF(L15>0,L15,0) -> 0 | K15: =I15+J15 -> 193 | L15: =F15-(I15-W15) -> -62.538694 | M15: 216 | N15: =(29+29)*1.05 -> 60.9 | O15: =M15-N15 -> 155.1 | P15: 126 | Q15: 63 | R15: =SUM(O15:Q15) -> 344.1 | S15: =(I15-R15)+S14 -> 7370.3148 | T15: 121 | U15: 94 | V15: =V14-U15 -> 13046 | W15: =R15+T15+N15+U15 -> 620 | X15: =IF(L15<0,L15*-1,0) -> 62.538694 | Y15: =W15+X15 -> 682.53869 | Z15: 0 | AA15: 90 | AB15: 53 | AC15: =AC14+1 -> 6
A16: =A15+1 -> 7 | B16: 6911.4 | C16: 327617 | D16: =C16-C15 -> -890 | E16: =C16-152000 -> 175617 | F16: =D16/$D$2 -> -448.70179 | G16: 183 | H16: 0 | I16: =G16+H16 -> 183 | J16: =IF(L16>0,L16,0) -> 23.29821 | K16: =I16+J16 -> 206.29821 | L16: =F16-(I16-W16) -> 23.29821 | M16: 232 | N16: =(32+33)*1.05 -> 68.25 | O16: =M16-N16 -> 163.75 | P16: 126 | Q16: 63 | R16: =SUM(O16:Q16) -> 352.75 | S16: =(I16-R16)+S15 -> 7200.5648 | T16: 140 | U16: 94 | V16: =V15-U16 -> 12952 | W16: =R16+T16+N16+U16 -> 655 | X16: =IF(L16<0,L16*-1,0) -> 0 | Y16: =W16+X16 -> 655 | Z16: 0 | AA16: 95 | AB16: 53 | AC16: =AC15+1 -> 7
A17: =A16+1 -> 8 | B17: 6911.1 | C17: 326404 | D17: =C17-C16 -> -1213 | E17: =C17-152000 -> 174404 | F17: =D17/$D$2 -> -611.54525 | G17: 173 | H17: 0 | I17: =G17+H17 -> 173 | J17: =IF(L17>0,L17,0) -> 0 | K17: =I17+J17 -> 173 | L17: =F17-(I17-W17) -> -137.54525 | M17: 234 | N17: =(30+30)*1.05 -> 63 | O17: =M17-N17 -> 171 | P17: 126 | Q17: 66 | R17: =SUM(O17:Q17) -> 363 | S17: =(I17-R17)+S16 -> 7010.5648 | T17: 127 | U17: 94 | V17: =V16-U17 -> 12858 | W17: =R17+T17+N17+U17 -> 647 | X17: =IF(L17<0,L17*-1,0) -> 137.54525 | Y17: =W17+X17 -> 784.54525 | Z17: 0 | AA17: 94 | AB17: 57 | AC17: =AC16+1 -> 8
A18: =A17+1 -> 9 | B18: 6910.83 | C18: 325317 | D18: =C18-C17 -> -1087 | E18: =C18-152000 -> 173317 | F18: =D18/$D$2 -> -548.02117 | G18: 172 | H18: 0 | I18: =G18+H18 -> 172 | J18: =IF(L18>0,L18,0) -> 0 | K18: =I18+J18 -> 172 | L18: =F18-(I18-W18) -> -27.021175 | M18: 250 | N18: =(33+34)*1.05 -> 70.35 | O18: =M18-N18 -> 179.65 | P18: 125 | Q18: 68 | R18: =SUM(O18:Q18) -> 372.65 | S18: =(I18-R18)+S17 -> 6809.9148 | T18: 156 | U18: 94 | V18: =V17-U18 -> 12764 | W18: =R18+T18+N18+U18 -> 693 | X18: =IF(L18<0,L18*-1,0) -> 27.021175 | Y18: =W18+X18 -> 720.02117 | Z18: 0 | AA18: 81 | AB18: 57 | AC18: =AC17+1 -> 9
A19: =A18+1 -> 10 | B19: 6910.53 | C19: 324113 | D19: =C19-C18 -> -1204 | E19: =C19-152000 -> 172113 | F19: =D19/$D$2 -> -607.00781 | G19: 167 | H19: 0 | I19: =G19+H19 -> 167 | J19: =IF(L19>0,L19,0) -> 0 | K19: =I19+J19 -> 167 | L19: =F19-(I19-W19) -> -54.007814 | M19: 260 | N19: =(35+35)*1.05 -> 73.5 | O19: =M19-N19 -> 186.5 | P19: 125 | Q19: 67 | R19: =SUM(O19:Q19) -> 378.5 | S19: =(I19-R19)+S18 -> 6598.4148 | T19: 174 | U19: 94 | V19: =V18-U19 -> 12670 | W19: =R19+T19+N19+U19 -> 720 | X19: =IF(L19<0,L19*-1,0) -> 54.007814 | Y19: =W19+X19 -> 774.00781 | Z19: 0 | AA19: 82 | AB19: 62 | AC19: =AC18+1 -> 10
A20: 11 | B20: 6910.27 | C20: 323070 | D20: =C20-C19 -> -1043 | E20: =C20-152000 -> 171070 | F20: =D20/$D$2 -> -525.83816 | G20: 171 | H20: 0 | I20: =G20+H20 -> 171 | J20: =IF(L20>0,L20,0) -> 43.161835 | K20: =I20+J20 -> 214.16184 | L20: =F20-(I20-W20) -> 43.161835 | M20: 266 | N20: =(33+34)*1.05 -> 70.35 | O20: =M20-N20 -> 195.65 | P20: 125 | Q20: 68 | R20: =SUM(O20:Q20) -> 388.65 | S20: =(I20-R20)+S19 -> 6380.7648 | T20: 186 | U20: 95 | V20: =V19-U20 -> 12575 | W20: =R20+T20+N20+U20 -> 740 | X20: =IF(L20<0,L20*-1,0) -> 0 | Y20: =W20+X20 -> 740 | Z20: 0 | AA20: 86 | AB20: 60 | AC20: 11
A21: 12 | B21: 6909.95 | C21: 321787 | D21: =C21-C20 -> -1283 | E21: =C21-152000 -> 169787 | F21: =D21/$D$2 -> -646.8364 | G21: 178 | H21: 0 | I21: =G21+H21 -> 178 | J21: =IF(L21>0,L21,0) -> 0 | K21: =I21+J21 -> 178 | L21: =F21-(I21-W21) -> -45.8364 | M21: 273 | N21: =(33+34)*1.05 -> 70.35 | O21: =M21-N21 -> 202.65 | P21: 124 | Q21: 71 | R21: =SUM(O21:Q21) -> 397.65 | S21: =(I21-R21)+S20 -> 6161.1148 | T21: 214 | U21: 97 | V21: =V20-U21 -> 12478 | W21: =R21+T21+N21+U21 -> 779 | X21: =IF(L21<0,L21*-1,0) -> 45.8364 | Y21: =W21+X21 -> 824.8364 | Z21: 0 | AA21: 88 | AB21: 52 | AC21: 12
A22: 13 | B22: 6909.61 | C22: 320434 | D22: =C22-C21 -> -1353 | E22: =C22-152000 -> 168434 | F22: =D22/$D$2 -> -682.12755 | G22: 162 | H22: 0 | I22: =G22+H22 -> 162 | J22: =IF(L22>0,L22,0) -> 0 | K22: =I22+J22 -> 162 | L22: =F22-(I22-W22) -> -44.127552 | M22: 286 | N22: =(38+38)*1.05 -> 79.8 | O22: =M22-N22 -> 206.2 | P22: 124 | Q22: 75 | R22: =SUM(O22:Q22) -> 405.2 | S22: =(I22-R22)+S21 -> 5917.9148 | T22: 215 | U22: 100 | V22: =V21-U22 -> 12378 | W22: =R22+T22+N22+U22 -> 800 | X22: =IF(L22<0,L22*-1,0) -> 44.127552 | Y22: =W22+X22 -> 844.12755 | Z22: 0.32 | AA22: 86 | AB22: 52 | AC22: 13
A23: 14 | B23: 6909.37 | C23: 319478 | D23: =C23-C22 -> -956 | E23: =C23-152000 -> 167478 | F23: =D23/$D$2 -> -481.9763 | G23: 164 | H23: 0 | I23: =G23+H23 -> 164 | J23: =IF(L23>0,L23,0) -> 119.0237 | K23: =I23+J23 -> 283.0237 | L23: =F23-(I23-W23) -> 119.0237 | M23: 255 | N23: =(26+26)*1.05 -> 54.6 | O23: =M23-N23 -> 200.4 | P23: 123 | Q23: 77 | R23: =SUM(O23:Q23) -> 400.4 | S23: =(I23-R23)+S22 -> 5681.5148 | T23: 213 | U23: 97 | V23: =V22-U23 -> 12281 | W23: =R23+T23+N23+U23 -> 765 | X23: =IF(L23<0,L23*-1,0) -> 0 | Y23: =W23+X23 -> 765 | Z23: 0 | AA23: 89 | AB23: 51 | AC23: 14
A24: 15 | B24: 6909.04 | C24: 318165 | D24: =C24-C23 -> -1313 | E24: =C24-152000 -> 166165 | F24: =D24/$D$2 -> -661.96118 | G24: 161 | H24: 1.8 | I24: =G24+H24 -> 162.8 | J24: =IF(L24>0,L24,0) -> 0 | K24: =I24+J24 -> 162.8 | L24: =F24-(I24-W24) -> -54.76118 | M24: 260 | N24: =(18+19)*1.05 -> 38.85 | O24: =M24-N24 -> 221.15 | P24: 124 | Q24: 77 | R24: =SUM(O24:Q24) -> 422.15 | S24: =(I24-R24)+S23 -> 5422.1648 | T24: 212 | U24: 97 | V24: =V23-U24 -> 12184 | W24: =R24+T24+N24+U24 -> 770 | X24: =IF(L24<0,L24*-1,0) -> 54.76118 | Y24: =W24+X24 -> 824.76118 | Z24: 0 | AA24: 91 | AB24: 53 | AC24: 15
A25: 16 | B25: 6908.69 | C25: 316871 | D25: =C25-C24 -> -1294 | E25: =C25-152000 -> 164871 | F25: =D25/$D$2 -> -652.38215 | G25: 151 | H25: 1.3 | I25: =G25+H25 -> 152.3 | J25: =IF(L25>0,L25,0) -> 0 | K25: =I25+J25 -> 152.3 | L25: =F25-(I25-W25) -> -42.682153 | M25: 243 | N25: =(16+17)*1.05 -> 34.65 | O25: =M25-N25 -> 208.35 | P25: 125 | Q25: 77 | R25: =SUM(O25:Q25) -> 410.35 | S25: =(I25-R25)+S24 -> 5164.1148 | T25: 220 | U25: 97 | V25: =V24-U25 -> 12087 | W25: =R25+T25+N25+U25 -> 762 | X25: =IF(L25<0,L25*-1,0) -> 42.682153 | Y25: =W25+X25 -> 804.68215 | Z25: 0 | AA25: 91 | AB25: 55 | AC25: 16
A26: 17 | B26: 6908.39 | C26: 315596 | D26: =C26-C25 -> -1275 | E26: =C26-152000 -> 163596 | F26: =D26/$D$2 -> -642.80313 | G26: 146 | H26: 0 | I26: =G26+H26 -> 146 | J26: =IF(L26>0,L26,0) -> 8.1968742 | K26: =I26+J26 -> 154.19687 | L26: =F26-(I26-W26) -> 8.1968742 | M26: 272 | N26: =(19+19)*1.05 -> 39.9 | O26: =M26-N26 -> 232.1 | P26: 126 | Q26: 76 | R26: =SUM(O26:Q26) -> 434.1 | S26: =(I26-R26)+S25 -> 4876.0148 | T26: 226 | U26: 97 | V26: =V25-U26 -> 11990 | W26: =R26+T26+N26+U26 -> 797 | X26: =IF(L26<0,L26*-1,0) -> 0 | Y26: =W26+X26 -> 797 | Z26: 0.02 | AA26: 89 | AB26: 55 | AC26: 17
A27: 18 | B27: 6908.02 | C27: 314135 | D27: =C27-C26 -> -1461 | E27: =C27-152000 -> 162135 | F27: =D27/$D$2 -> -736.57676 | G27: 148 | H27: 0 | I27: =G27+H27 -> 148 | J27: =IF(L27>0,L27,0) -> 0 | K27: =I27+J27 -> 148 | L27: =F27-(I27-W27) -> -74.576758 | M27: 266 | N27: =(28+28)*1.05 -> 58.8 | O27: =M27-N27 -> 207.2 | P27: 127 | Q27: 76 | R27: =SUM(O27:Q27) -> 410.2 | S27: =(I27-R27)+S26 -> 4613.8148 | T27: 244 | U27: 97 | V27: =V26-U27 -> 11893 | W27: =R27+T27+N27+U27 -> 810 | X27: =IF(L27<0,L27*-1,0) -> 74.576758 | Y27: =W27+X27 -> 884.57676 | Z27: 0 | AA27: 84 | AB27: 56 | AC27: 18
A28: 19 | B28: 6907.6 | C28: 312489 | D28: =C28-C27 -> -1646 | E28: =C28-152000 -> 160489 | F28: =D28/$D$2 -> -829.84623 | G28: 146 | H28: 0 | I28: =G28+H28 -> 146 | J28: =IF(L28>0,L28,0) -> 0 | K28: =I28+J28 -> 146 | L28: =F28-(I28-W28) -> -141.84623 | M28: 288 | N28: =(26+26)*1.05 -> 54.6 | O28: =M28-N28 -> 233.4 | P28: 127 | Q28: 76 | R28: =SUM(O28:Q28) -> 436.4 | S28: =(I28-R28)+S27 -> 4323.4148 | T28: 244 | U28: 99 | V28: =V27-U28 -> 11794 | W28: =R28+T28+N28+U28 -> 834 | X28: =IF(L28<0,L28*-1,0) -> 141.84623 | Y28: =W28+X28 -> 975.84623 | Z28: 0 | AA28: 87 | AB28: 52 | AC28: 19
A29: 20 | B29: 6907.27 | C29: 311196 | D29: =C29-C28 -> -1293 | E29: =C29-152000 -> 159196 | F29: =D29/$D$2 -> -651.87799 | G29: 146 | H29: 1.5 | I29: =G29+H29 -> 147.5 | J29: =IF(L29>0,L29,0) -> 41.622007 | K29: =I29+J29 -> 189.12201 | L29: =F29-(I29-W29) -> 41.622007 | M29: 296 | N29: =(30+31)*1.05 -> 64.05 | O29: =M29-N29 -> 231.95 | P29: 127 | Q29: 78 | R29: =SUM(O29:Q29) -> 436.95 | S29: =(I29-R29)+S28 -> 4033.9648 | T29: 240 | U29: 100 | V29: =V28-U29 -> 11694 | W29: =R29+T29+N29+U29 -> 841 | X29: =IF(L29<0,L29*-1,0) -> 0 | Y29: =W29+X29 -> 841 | Z29: 0.16 | AA29: 91 | AB29: 57 | AC29: 20
A30: 21 | B30: 6906.94 | C30: 309905 | D30: =C30-C29 -> -1291 | E30: =C30-152000 -> 157905 | F30: =D30/$D$2 -> -650.86967 | G30: 157 | H30: 1.3 | I30: =G30+H30 -> 158.3 | J30: =IF(L30>0,L30,0) -> 8.8303252 | K30: =I30+J30 -> 167.13033 | L30: =F30-(I30-W30) -> 8.8303252 | M30: 281 | N30: =(30+30)*1.05 -> 63 | O30: =M30-N30 -> 218 | P30: 127 | Q30: 78 | R30: =SUM(O30:Q30) -> 423 | S30: =(I30-R30)+S29 -> 3769.2648 | T30: 229 | U30: 103 | V30: =V29-U30 -> 11591 | W30: =R30+T30+N30+U30 -> 818 | X30: =IF(L30<0,L30*-1,0) -> 0 | Y30: =W30+X30 -> 818 | Z30: 0.02 | AA30: 81 | AB30: 56 | AC30: 21
A31: 22 | B31: 6906.61 | C31: 308622 | D31: =C31-C30 -> -1283 | E31: =C31-152000 -> 156622 | F31: =D31/$D$2 -> -646.8364 | G31: 166 | H31: 1 | I31: =G31+H31 -> 167 | J31: =IF(L31>0,L31,0) -> 0 | K31: =I31+J31 -> 167 | L31: =F31-(I31-W31) -> -17.8364 | M31: 251 | N31: =(21+21)*1.05 -> 44.1 | O31: =M31-N31 -> 206.9 | P31: 126 | Q31: 78 | R31: =SUM(O31:Q31) -> 410.9 | S31: =(I31-R31)+S30 -> 3525.3648 | T31: 239 | U31: 102 | V31: =V30-U31 -> 11489 | W31: =R31+T31+N31+U31 -> 796 | X31: =IF(L31<0,L31*-1,0) -> 17.8364 | Y31: =W31+X31 -> 813.8364 | Z31: 0 | AA31: 89 | AB31: 55 | AC31: 22
A32: 23 | B32: 6906.26 | C32: 307262 | D32: =C32-C31 -> -1360 | E32: =C32-152000 -> 155262 | F32: =D32/$D$2 -> -685.65667 | G32: 149 | H32: 0.01 | I32: =G32+H32 -> 149.01 | J32: =IF(L32>0,L32,0) -> 0 | K32: =I32+J32 -> 149.01 | L32: =F32-(I32-W32) -> -46.666668 | M32: 255 | N32: =(16+16)*1.05 -> 33.6 | O32: =M32-N32 -> 221.4 | P32: 126 | Q32: 79 | R32: =SUM(O32:Q32) -> 426.4 | S32: =(I32-R32)+S31 -> 3247.9748 | T32: 226 | U32: 102 | V32: =V31-U32 -> 11387 | W32: =R32+T32+N32+U32 -> 788 | X32: =IF(L32<0,L32*-1,0) -> 46.666668 | Y32: =W32+X32 -> 834.66667 | Z32: 0 | AA32: 93 | AB32: 55 | AC32: 23
A33: 24 | B33: 6905.92 | C33: 305943 | D33: =C33-C32 -> -1319 | E33: =C33-152000 -> 153943 | F33: =D33/$D$2 -> -664.98614 | G33: 136 | H33: 0 | I33: =G33+H33 -> 136 | J33: =IF(L33>0,L33,0) -> 0 | K33: =I33+J33 -> 136 | L33: =F33-(I33-W33) -> -26.986136 | M33: 238 | N33: =(17+16)*1.05 -> 34.65 | O33: =M33-N33 -> 203.35 | P33: 127 | Q33: 77 | R33: =SUM(O33:Q33) -> 407.35 | S33: =(I33-R33)+S32 -> 2976.6248 | T33: 230 | U33: 102 | V33: =V32-U33 -> 11285 | W33: =R33+T33+N33+U33 -> 774 | X33: =IF(L33<0,L33*-1,0) -> 26.986136 | Y33: =W33+X33 -> 800.98614 | Z33: 0.06 | AA33: 89 | AB33: 60 | AC33: 24
A34: 25 | B34: 6905.57 | C34: 304593 | D34: =C34-C33 -> -1350 | E34: =C34-152000 -> 152593 | F34: =D34/$D$2 -> -680.61507 | G34: 134 | H34: 0 | I34: =G34+H34 -> 134 | J34: =IF(L34>0,L34,0) -> 0 | K34: =I34+J34 -> 134 | L34: =F34-(I34-W34) -> -24.615074 | M34: 255 | N34: =(17+17)*1.05 -> 35.7 | O34: =M34-N34 -> 219.3 | P34: 127 | Q34: 76 | R34: =SUM(O34:Q34) -> 422.3 | S34: =(I34-R34)+S33 -> 2688.3248 | T34: 229 | U34: 103 | V34: =V33-U34 -> 11182 | W34: =R34+T34+N34+U34 -> 790 | X34: =IF(L34<0,L34*-1,0) -> 24.615074 | Y34: =W34+X34 -> 814.61507 | Z34: 0.07 | AA34: 82 | AB34: 56 | AC34: 25
A35: 26 | B35: 6905.27 | C35: 303051 | D35: =C35-C34 -> -1542 | E35: =C35-152000 -> 151051 | F35: =D35/$D$2 -> -777.41366 | G35: 187 | H35: 0 | I35: =G35+H35 -> 187 | J35: =IF(L35>0,L35,0) -> 0 | K35: =I35+J35 -> 187 | L35: =F35-(I35-W35) -> -161.41366 | M35: 254 | N35: =(20+20)*1.05 -> 42 | O35: =M35-N35 -> 212 | P35: 126 | Q35: 74 | R35: =SUM(O35:Q35) -> 412 | S35: =(I35-R35)+S34 -> 2463.3248 | T35: 246 | U35: 103 | V35: =V34-U35 -> 11079 | W35: =R35+T35+N35+U35 -> 803 | X35: =IF(L35<0,L35*-1,0) -> 161.41366 | Y35: =W35+X35 -> 964.41366 | Z35: 0 | AA35: 87 | AB35: 58 | AC35: 26
A36: 27 | B36: 6904.94 | C36: 302166 | D36: =C36-C35 -> -885 | E36: =C36-152000 -> 150166 | F36: =D36/$D$2 -> -446.18099 | G36: 176 | H36: 0 | I36: =G36+H36 -> 176 | J36: =IF(L36>0,L36,0) -> 184.81901 | K36: =I36+J36 -> 360.81901 | L36: =F36-(I36-W36) -> 184.81901 | M36: 267 | N36: =(19+19)*1.05 -> 39.9 | O36: =M36-N36 -> 227.1 | P36: 126 | Q36: 73 | R36: =SUM(O36:Q36) -> 426.1 | S36: =(I36-R36)+S35 -> 2213.2248 | T36: 238 | U36: 103 | V36: =V35-U36 -> 10976 | W36: =R36+T36+N36+U36 -> 807 | X36: =IF(L36<0,L36*-1,0) -> 0 | Y36: =W36+X36 -> 807 | Z36: 0 | AA36: 89 | AB36: 56 | AC36: 27
A37: 28 | B37: 6904.56 | C37: 300713 | D37: =C37-C36 -> -1453 | E37: =C37-152000 -> 148713 | F37: =D37/$D$2 -> -732.54348 | G37: 151 | H37: 0 | I37: =G37+H37 -> 151 | J37: =IF(L37>0,L37,0) -> 0 | K37: =I37+J37 -> 151 | L37: =F37-(I37-W37) -> -107.54348 | M37: 254 | N37: =(17+17)*1.05 -> 35.7 | O37: =M37-N37 -> 218.3 | P37: 126 | Q37: 71 | R37: =SUM(O37:Q37) -> 415.3 | S37: =(I37-R37)+S36 -> 1948.9248 | T37: 222 | U37: 103 | V37: =V36-U37 -> 10873 | W37: =R37+T37+N37+U37 -> 776 | X37: =IF(L37<0,L37*-1,0) -> 107.54348 | Y37: =W37+X37 -> 883.54348 | Z37: 0 | AA37: 91 | AB37: 53 | AC37: 28
A38: 29 | B38: 6904.23 | C38: 299541 | D38: =C38-C37 -> -1172 | E38: =C38-152000 -> 147541 | F38: =D38/$D$2 -> -590.87472 | G38: 136 | H38: 0 | I38: =G38+H38 -> 136 | J38: =IF(L38>0,L38,0) -> 46.125284 | K38: =I38+J38 -> 182.12528 | L38: =F38-(I38-W38) -> 46.125284 | M38: 253 | N38: =(17+16)*1.05 -> 34.65 | O38: =M38-N38 -> 218.35 | P38: 126 | Q38: 69 | R38: =SUM(O38:Q38) -> 413.35 | S38: =(I38-R38)+S37 -> 1671.5748 | T38: 221 | U38: 104 | V38: =V37-U38 -> 10769 | W38: =R38+T38+N38+U38 -> 773 | X38: =IF(L38<0,L38*-1,0) -> 0 | Y38: =W38+X38 -> 773 | Z38: 0 | AA38: 90 | AB38: 58 | AC38: 29
A39: 30 | B39: 6903.89 | C39: 298154 | D39: =C39-C38 -> -1387 | E39: =C39-152000 -> 146154 | F39: =D39/$D$2 -> -699.26897 | G39: 129 | H39: 0 | I39: =G39+H39 -> 129 | J39: =IF(L39>0,L39,0) -> 0 | K39: =I39+J39 -> 129 | L39: =F39-(I39-W39) -> -66.268969 | M39: 252 | N39: =(14+14)*1.05 -> 29.4 | O39: =M39-N39 -> 222.6 | P39: 125 | Q39: 70 | R39: =SUM(O39:Q39) -> 417.6 | S39: =(I39-R39)+S38 -> 1382.9748 | T39: 211 | U39: 104 | V39: =V38-U39 -> 10665 | W39: =R39+T39+N39+U39 -> 762 | X39: =IF(L39<0,L39*-1,0) -> 66.268969 | Y39: =W39+X39 -> 828.26897 | Z39: 0 | AA39: 94 | AB39: 55 | AC39: 30
A40: 31 | B40: 6903.53 | C40: 296788 | D40: =C40-C39 -> -1366 | E40: =C40-152000 -> 144788 | F40: =D40/$D$2 -> -688.68162 | G40: 125 | H40: 0 | I40: =G40+H40 -> 125 | J40: =IF(L40>0,L40,0) -> 0 | K40: =I40+J40 -> 125 | L40: =F40-(I40-W40) -> -44.681623 | M40: 257 | N40: =(16+15)*1.05 -> 32.55 | O40: =M40-N40 -> 224.45 | P40: 124 | Q40: 71 | R40: =SUM(O40:Q40) -> 419.45 | S40: =(I40-R40)+S39 -> 1088.5248 | T40: 214 | U40: 103 | V40: =V39-U40 -> 10562 | W40: =R40+T40+N40+U40 -> 769 | X40: =IF(L40<0,L40*-1,0) -> 44.681623 | Y40: =W40+X40 -> 813.68162 | Z40: 0 | AA40: 87 | AB40: 59 | AC40: 31
A42: MONTH / CFS | F42: =SUM(F10:F40) -> -18102.344 | G42: =SUM(G10:G40) -> 5469 | H42: =SUM(H10:H40) -> 9.44 | I42: =SUM(I10:I40) -> 5478.44 | J42: =SUM(J10:J40) -> 480.4213 | K42: =SUM(K10:K40) -> 5958.8613 | L42: =SUM(L10:L40) -> -943.78434 | M42: =SUM(M10:M40) -> 7566 | ... R42: =SUM(R10:R40) -> 12220.762 | T42: =SUM(T10:T40) -> 5903 | U42: =SUM(U10:U40) -> 3050 | W42: =SUM(W10:W40) -> 22637 | X42: =SUM(X10:X40) -> 1424.2056 | Y42: =SUM(Y10:Y40) -> 24061.206 | Z42: =SUM(Z10:Z40) -> 0.65 | AA42: =AVERAGE(AA10:AA40) -> 87.903226 | AB42: =AVERAGE(AB10:AB40) -> 55.322581
A43: MONTH / AF | D43: =SUM(D10:D40) -> -35906 | F43: =F42*$D$2 -> -35906 | G43: =G42*$D$2 -> 10847.762 | H43: =H42*$D$2 -> 18.72424 | I43: =I42*$D$2 -> 10866.486 | J43: =J42*$D$2 -> 952.91565 | K43: =K42*$D$2 -> 11819.401 | L43: =L42*$D$2 -> -1871.9962 | M43: =M42*$D$2 -> 15007.161 | ... R43: =R42*$D$2 -> 24239.881 | T43: =T42*$D$2 -> 11708.601 | U43: =U42*$D$2 -> 6049.675 | V43: =V42*$D$2 -> 0 | W43: =W42*$D$2 -> 44900.49 | X43: =X42*$D$2 -> 2824.9119 | Y43: =Y42*$D$2 -> 47725.401 | AA43: =MAX(AA10:AA40) -> 95 | AB43: =MAX(AB10:AB40) -> 62 | AC43: HI
A45: SEASON / CFS | F45: =F7+F42 -> -31911.772 | G45: =G7+G42 -> 135880.03 | H45: =H7+H42 -> 8212.12 | I45: =I7+I42 -> 144092.15 | J45: =J7+J42 -> 23597.677 | K45: =K7+K42 -> 167689.83 | L45: =L7+L42 -> 19277.078 | M45: =M7+M42 -> 35299.6 | ... R45: =R7+R42 -> 54906.376 | S45: =S40 -> 1088.5248 | T45: =T7+T42 -> 20655.4 | U45: =U7+U42 -> 112089 | W45: =W7+W42 -> 195281 | X45: =X7+X42 -> 4320.5991 | Y45: =Y7+Y42 -> 199601.6 | AA45: =MIN(AA10:AA40) -> 81 | AB45: =MIN(AB10:AB40) -> 51 | AC45: LO
