Workbook

Sheet NOV
K1: MCPHEE RESERVOIR INFLOW/OUTFLOW TABULATION
A2: AF/cfs CONVERT FACTOR | D2: 1.9835 | L2: NOVEMBER "2008"
D4: RESERVOIR | W4: INFLOW/OUTFLOW (CFS) | AP4: ADJUSTMENTS | AW4: WEATHER
A5: DATE | B5: RESERV | C5: RESERV | D5: AC FT | E5: ACTIVE | F5: CONV TO | G5: DOLORES | H5: LOST | I5: RECORD | J5: CALC | K5: TOTAL | L5: CALC | M5: DOLORES TUNNEL | U5: LONE | V5: U | W5: TOTAL | X5: TOTAL | Y5: TOTAL | Z5: TOTAl | AA5: MVI | AB5: MVI | AC5: TO EX & | AD5: MVI | AE5: DV CR | AF5: D/S SENIOR | AH5: BELOW | AI5: FISH | AJ5: SPILL | AK5: RECORD | AL5: CALC | AM5: TOTAL | AN5: NAR | AO5: MVI | AP5: MVI | AQ5: MVI | AR5: DIST. | AS5: U/S | AT5: TOTTEN | AU5: UTES | AV5: RAIN | AW5: MAX | AX5: MIN | AZ5: TOTAL
A6: NOV | B6: ELEV | D6: CHANGE | E6: CAP | F6: CFS | G6: RIVER | H6: CAN | I6: INFLOW | J6: INFLOW | K6: INFLOW | L6: INF/OTF | M6: TOT DIV | N6: WET | O6: UTE | P6: QUEST | Q6: MWC | R6: CTZ | S6: CTZ & | T6: F-BAY | U6: PINE | V6: LAT | W6: MVI | X6: MVI | Y6: MVI | Z6: MVI | AA6: CALL | AB6: APR- | AC6: U/S EX | AD6: PROJ | AE6: CANAL | AF6: MVIC | AG6: PROJ | AH6: MCP | AI6: LEFT | AK6: OTF | AL6: OTF | AM6: OTF | AN6: CALL | AO6: STOCK | AP6: STORED | AQ6: STORED | AR6: CLASS | AS6: USERS | AT6: (FRESH | AU6: FROM | AW6: TMP | AX6: TMP | AZ6: TUNNEL
N7: LAND | O7: F&R | S7: UTE | T7: SPILL | W7: 153400 | X7: IRRIG. | Y7: IRRIG. | Z7: 105500 | AB7: JUNE | AF7: 1.7 | AG7: 1.3 | AI7: 31798 | AP7: Apr - Jun | AQ7: EVAP | AR7: "B" | AS7: EXCH | AT7: WATER) | AU7: MVIC | AZ7: Misc.
C8: AC. Ft. | E8: AC FT | G8: CFS | H8: CFS | I8: CFS | J8: CFS | K8: CFS | L8: CFS | M8: CFS | N8: CFS | O8: CFS | P8: CFS | Q8: CFS | R8: CFS | S8: PROJ | T8: CFS | U8: CFS | V8: CFS | W8: CFS | X8: 150400 | Y8: 150400 | Z8: Ac. Ft. | AA8: CFS | AB8: 72000 | AC8: CFS | AD8: CFS | AE8: CFS | AF8: CFS | AG8: CFS | AH8: CFS | AI8: CFS | AJ8: CFS | AK8: CFS | AL8: CFS | AM8: CFS | AN8: AC FT | AO8: CFS | AP8: CFS | AQ8: AC.FT. | AR8: CFS | AS8: CFS | AT8: CFS | AU8: CFS | AZ8: Outflow
N9: 1.03 | O9: 1.05 | P9: 1.02 | Q9: 1.02 | R9: 1.04 | S9: CFS | X9: CFS | Y9: Ac. Ft. | AB9: Ac. Ft. | AZ9: CFS
A10: SEASON BAL
A11: YTD | B11: 6900.33 | C11: 284801 | AI11: 6078 | AO11: 0
A13: 1 | B13: 6900.32 | C13: 284764 | D13: =C13-C11 -> -37 | E13: =C13-152000 -> 132764 | F13: =D13/$D$2 -> -18.653895 | G13: 53 | H13: 0 | I13: =G13+H13 -> 53 | J13: =IF(L13>0,L13,0) -> 10.146105 | K13: =I13+J13 -> 63.146105 | L13: =F13-(I13-AK13) -> 10.146105 | M13: 4.8 | N13: 0 | O13: 0 | P13: 0 | Q13: =1.58*1.02 -> 1.6116 | R13: 2.61 | S13: 0 | T13: 0 | U13: 42 | V13: 0 | W13: =M13-N13-P13-O13-Q13-R13-S13-T13+U13+V13 -> 42.5784 | X13: =W13-AO13 -> 42.5784 | Y13: =X13*1.9835 -> 84.454256 | Z13: =W13*(26300/37500)*1.9835 -> 59.230585 | AE13: 0 | AH13: 35 | AI13: =AI11-AH13 -> 6043 | AK13: =N13+O13+P13+Q13+R13+S13+T13+W13+AE13+AH13 -> 81.8 | AL13: =IF(L13<0,L13*-1,0) -> 0 | AM13: =AK13+AL13 -> 81.8 | AN13: =U13*1.9835 -> 83.307 | AV13: 0 | AW13: 68 | AX13: 37 | AZ13: =SUM(N13,P13:T13) -> 4.2216
A14: =A13+1 -> 2 | B14: 6900.3 | C14: 284690 | D14: =C14-C13 -> -74 | E14: =C14-152000 -> 132690 | F14: =D14/$D$2 -> -37.307789 | G14: 54 | H14: 0 | I14: =G14+H14 -> 54 | J14: =IF(L14>0,L14,0) -> 0 | K14: =I14+J14 -> 54 | L14: =F14-(I14-AK14) -> -8.7077893 | M14: 4.6 | N14: 0 | O14: 0 | P14: 0 | Q14: =1.58*1.02 -> 1.6116 | R14: 2.52 | S14: 0 | T14: 0 | U14: 42 | V14: 0 | W14: =M14-N14-P14-O14-Q14-R14-S14-T14+U14+V14 -> 42.4684 | X14: =W14-AO14 -> 42.4684 | Y14: =Y13+(X14*1.9835) -> 168.69033 | Z14: =Z13+X14*(26300/37500)*1.9835 -> 118.30815 | AE14: 0 | AH14: 36 | AI14: =AI13-AH14 -> 6007 | AK14: =N14+O14+P14+Q14+R14+S14+T14+W14+AE14+AH14 -> 82.6 | AL14: =IF(L14<0,L14*-1,0) -> 8.7077893 | AM14: =AK14+AL14 -> 91.307789 | AN14: =(U14*1.9835)+AN13 -> 166.614 | AV14: 0 | AW14: 66 | AX14: 39 | AZ14: =SUM(N14,P14:T14) -> 4.1316
A15: =A14+1 -> 3 | B15: 6900.28 | C15: 284616 | D15: =C15-C14 -> -74 | E15: =C15-152000 -> 132616 | F15: =D15/$D$2 -> -37.307789 | G15: 62 | H15: 0 | I15: =G15+H15 -> 62 | J15: =IF(L15>0,L15,0) -> 0 | K15: =I15+J15 -> 62 | L15: =F15-(I15-AK15) -> -13.807789 | M15: 5.5 | N15: 0 | O15: 0 | P15: 0 | Q15: =1.58*1.02 -> 1.6116 | R15: 2.68 | S15: 0 | T15: 0 | U15: 44 | V15: 0 | W15: =M15-N15-P15-O15-Q15-R15-S15-T15+U15+V15 -> 45.2084 | X15: =W15-AO15 -> 45.2084 | Y15: =Y14+(X15*1.9835) -> 258.36119 | Z15: =Z14+X15*(26300/37500)*1.9835 -> 181.19731 | AE15: 0 | AH15: 36 | AI15: =AI14-AH15 -> 5971 | AK15: =N15+O15+P15+Q15+R15+S15+T15+W15+AE15+AH15 -> 85.5 | AL15: =IF(L15<0,L15*-1,0) -> 13.807789 | AM15: =AK15+AL15 -> 99.307789 | AN15: =(U15*1.9835)+AN14 -> 253.888 | AV15: 0 | AW15: 60 | AX15: 39 | AZ15: =SUM(N15,P15:T15) -> 4.2916
A16: =A15+1 -> 4 | B16: 6900.24 | C16: 284468 | D16: =C16-C15 -> -148 | E16: =C16-152000 -> 132468 | F16: =D16/$D$2 -> -74.615579 | G16: 61 | H16: 0 | I16: =G16+H16 -> 61 | J16: =IF(L16>0,L16,0) -> 0 | K16: =I16+J16 -> 61 | L16: =F16-(I16-AK16) -> -35.015579 | M16: 13 | N16: 0 | O16: 0 | P16: 0 | Q16: =1.58*1.02 -> 1.6116 | R16: 2.31 | S16: 0 | T16: 0 | U16: 46 | V16: 5.6 | W16: =M16-N16-P16-O16-Q16-R16-S16-T16+U16+V16 -> 60.6784 | X16: =W16-AO16 -> 13.74 | Y16: =Y15+(X16*1.9835) -> 285.61448 | Z16: =Z15+X16*(26300/37500)*1.9835 -> 200.31095 | AE16: 0 | AH16: 36 | AI16: =AI15-AH16 -> 5935 | AK16: =N16+O16+P16+Q16+R16+S16+T16+W16+AE16+AH16 -> 100.6 | AL16: =IF(L16<0,L16*-1,0) -> 35.015579 | AM16: =AK16+AL16 -> 135.61558 | AN16: =(U16-13.74)*1.9835+AN15 -> 317.87571 | AO16: =W16-13.74 -> 46.9384 | AV16: 0.02 | AW16: 53 | AX16: 28 | AZ16: =SUM(N16,P16:T16) -> 3.9216
A17: =A16+1 -> 5 | B17: 6900.19 | C17: 284283 | D17: =C17-C16 -> -185 | E17: =C17-152000 -> 132283 | F17: =D17/$D$2 -> -93.269473 | G17: 69 | H17: 0 | I17: =G17+H17 -> 69 | J17: =IF(L17>0,L17,0) -> 0 | K17: =I17+J17 -> 69 | L17: =F17-(I17-AK17) -> -31.269473 | M17: 34 | N17: 0 | O17: 0 | P17: 0 | Q17: =1.58*1.02 -> 1.6116 | R17: 2.25 | S17: 0 | T17: 0 | U17: 46 | V17: 15 | W17: =M17-N17-P17-O17-Q17-R17-S17-T17+U17+V17 -> 91.1384 | X17: =W17-AO17 -> 22 | Y17: =Y16+(X17*1.9835) -> 329.25148 | Z17: =Z16+X17*(26300/37500)*1.9835 -> 230.91504 | AE17: 0 | AH17: 36 | AI17: =AI16-AH17 -> 5899 | AK17: =N17+O17+P17+Q17+R17+S17+T17+W17+AE17+AH17 -> 131 | AL17: =IF(L17<0,L17*-1,0) -> 31.269473 | AM17: =AK17+AL17 -> 162.26947 | AN17: =(U17-22)*1.9835+AN16 -> 365.47971 | AO17: =W17-22 -> 69.1384 | AV17: 0.06 | AW17: 36 | AX17: 19 | AZ17: =SUM(N17,P17:T17) -> 3.8616
A18: =A17+1 -> 6 | B18: 6900.12 | C18: 284024 | D18: =C18-C17 -> -259 | E18: =C18-152000 -> 132024 | F18: =D18/$D$2 -> -130.57726 | G18: 47 | H18: 0 | I18: =G18+H18 -> 47 | J18: =IF(L18>0,L18,0) -> 0 | K18: =I18+J18 -> 47 | L18: =F18-(I18-AK18) -> -41.577262 | M18: 38 | N18: 0 | O18: 0 | P18: 0 | Q18: =1.58*1.02 -> 1.6116 | R18: 2.73 | S18: 0 | T18: 0 | U18: 46 | V18: 16 | W18: =M18-N18-P18-O18-Q18-R18-S18-T18+U18+V18 -> 95.6584 | X18: =W18-AO18 -> 21.96 | Y18: =Y17+(X18*1.9835) -> 372.80914 | Z18: =Z17+X18*(26300/37500)*1.9835 -> 261.46348 | AE18: 0 | AH18: 36 | AI18: =AI17-AH18 -> 5863 | AK18: =N18+O18+P18+Q18+R18+S18+T18+W18+AE18+AH18 -> 136 | AL18: =IF(L18<0,L18*-1,0) -> 41.577262 | AM18: =AK18+AL18 -> 177.57726 | AN18: =(U18-22)*1.9835+AN17 -> 413.08371 | AO18: =W18-21.96 -> 73.6984 | AV18: 0 | AW18: 37 | AX18: 9 | AZ18: =SUM(N18,P18:T18) -> 4.3416
A19: =A18+1 -> 7 | B19: 6900.08 | C19: 283876 | D19: =C19-C18 -> -148 | E19: =C19-152000 -> 131876 | F19: =D19/$D$2 -> -74.615579 | G19: 35 | H19: 0 | I19: =G19+H19 -> 35 | J19: =IF(L19>0,L19,0) -> 22.384421 | K19: =I19+J19 -> 57.384421 | L19: =F19-(I19-AK19) -> 22.384421 | M19: 38 | N19: 0 | O19: 0 | P19: 0 | Q19: =1.58*1.02 -> 1.6116 | R19: 2.18 | S19: 0 | T19: 0 | U19: 46 | V19: 12 | W19: =M19-N19-P19-O19-Q19-R19-S19-T19+U19+V19 -> 92.2084 | X19: =W19-AO19 -> 22.01 | Y19: =Y18+(X19*1.9835) -> 416.46597 | Z19: =Z18+X19*(26300/37500)*1.9835 -> 292.08147 | AE19: 0 | AH19: 36 | AI19: =AI18-AH19 -> 5827 | AK19: =N19+O19+P19+Q19+R19+S19+T19+W19+AE19+AH19 -> 132 | AL19: =IF(L19<0,L19*-1,0) -> 0 | AM19: =AK19+AL19 -> 132 | AN19: =(U19-22)*1.9835+AN18 -> 460.68771 | AO19: =W19-22.01 -> 70.1984 | AV19: 0 | AW19: 49 | AX19: 12 | AZ19: =SUM(N19,P19:T19) -> 3.7916
A20: =A19+1 -> 8 | B20: 6900.04 | C20: 283728 | D20: =C20-C19 -> -148 | E20: =C20-152000 -> 131728 | F20: =D20/$D$2 -> -74.615579 | G20: 67 | H20: 0 | I20: =G20+H20 -> 67 | J20: =IF(L20>0,L20,0) -> 0 | K20: =I20+J20 -> 67 | L20: =F20-(I20-AK20) -> -10.615579 | M20: 38 | N20: 0 | O20: 0 | P20: 0 | Q20: =1.58*1.02 -> 1.6116 | R20: 2.53 | S20: 0 | T20: 0 | U20: 45 | V20: 12 | W20: =M20-N20-P20-O20-Q20-R20-S20-T20+U20+V20 -> 90.8584 | X20: =W20-AO20 -> 21.96 | Y20: =Y19+(X20*1.9835) -> 460.02363 | Z20: =Z19+X20*(26300/37500)*1.9835 -> 322.62991 | AE20: 0 | AH20: 36 | AI20: =AI19-AH20 -> 5791 | AK20: =N20+O20+P20+Q20+R20+S20+T20+W20+AE20+AH20 -> 131 | AL20: =IF(L20<0,L20*-1,0) -> 10.615579 | AM20: =AK20+AL20 -> 141.61558 | AN20: =(U20-22)*1.9835+AN19 -> 506.30821 | AO20: =W20-21.96 -> 68.8984 | AV20: 0 | AW20: 53 | AX20: 25 | AZ20: =SUM(N20,P20:T20) -> 4.1416
A21: =A20+1 -> 9 | B21: 6900 | C21: 283580 | D21: =C21-C20 -> -148 | E21: =C21-152000 -> 131580 | F21: =D21/$D$2 -> -74.615579 | G21: 71 | H21: 0 | I21: =G21+H21 -> 71 | J21: =IF(L21>0,L21,0) -> 0 | K21: =I21+J21 -> 71 | L21: =F21-(I21-AK21) -> -14.615579 | M21: 38 | N21: 0 | O21: 0 | P21: 0 | Q21: =1.58*1.02 -> 1.6116 | R21: 2.36 | S21: 0 | T21: 0 | U21: 45 | V21: 12 | W21: =M21-N21-P21-O21-Q21-R21-S21-T21+U21+V21 -> 91.0284 | X21: =W21-AO21 -> 22.03 | Y21: =Y20+(X21*1.9835) -> 503.72014 | Z21: =Z20+X21*(26300/37500)*1.9835 -> 353.27572 | AE21: 0 | AH21: 36 | AI21: =AI20-AH21 -> 5755 | AK21: =N21+O21+P21+Q21+R21+S21+T21+W21+AE21+AH21 -> 131 | AL21: =IF(L21<0,L21*-1,0) -> 14.615579 | AM21: =AK21+AL21 -> 145.61558 | AN21: =(U21-22)*1.9835+AN20 -> 551.92871 | AO21: =W21-22.03 -> 68.9984 | AV21: 0 | AW21: 52 | AX21: 26 | AZ21: =SUM(N21,P21:T21) -> 3.9716
A22: =A21+1 -> 10 | B22: 6899.96 | C22: 283433 | D22: =C22-C21 -> -147 | E22: =C22-152000 -> 131433 | F22: =D22/$D$2 -> -74.111419 | G22: 69 | H22: 0 | I22: =G22+H22 -> 69 | J22: =IF(L22>0,L22,0) -> 0 | K22: =I22+J22 -> 69 | L22: =F22-(I22-AK22) -> -40.411419 | M22: 15 | N22: 0 | O22: 0 | P22: 0 | Q22: =1.58*1.02 -> 1.6116 | R22: 2.37 | S22: 0 | T22: 0 | U22: 48 | V22: 3.7 | W22: =M22-N22-P22-O22-Q22-R22-S22-T22+U22+V22 -> 62.7184 | X22: =W22-AO22 -> 7.32 | Y22: =Y21+(X22*1.9835) -> 518.23936 | Z22: =Z21+X22*(26300/37500)*1.9835 -> 363.45854 | AE22: 0 | AH22: 36 | AI22: =AI21-AH22 -> 5719 | AK22: =N22+O22+P22+Q22+R22+S22+T22+W22+AE22+AH22 -> 102.7 | AL22: =IF(L22<0,L22*-1,0) -> 40.411419 | AM22: =AK22+AL22 -> 143.11142 | AN22: =(U22-7.33)*1.9835+AN21 -> 632.59766 | AO22: =W22-7.32 -> 55.3984 | AV22: 0.12 | AW22: 40 | AX22: 27 | AZ22: =SUM(N22,P22:T22) -> 3.9816
A23: =A22+1 -> 11 | B23: 6899.92 | C23: 283286 | D23: =C23-C22 -> -147 | E23: =C23-152000 -> 131286 | F23: =D23/$D$2 -> -74.111419 | G23: 61 | H23: 0 | I23: =G23+H23 -> 61 | J23: =IF(L23>0,L23,0) -> 0 | K23: =I23+J23 -> 61 | L23: =F23-(I23-AK23) -> -34.911419 | M23: 3.2 | N23: 0 | O23: 0 | P23: 0 | Q23: =1.58*1.02 -> 1.6116 | R23: 1.79 | S23: 0 | T23: =M23-(Q23+R23+S23) -> -0.2016 | U23: 61 | V23: 0 | W23: =M23-N23-P23-O23-Q23-R23-S23-T23+U23+V23 -> 61 | X23: =W23-AO23 -> 61 | Y23: =Y22+(X23*1.9835) -> 639.23286 | Z23: =Z22+X23*(26300/37500)*1.9835 -> 448.31531 | AE23: 0 | AH23: 36 | AI23: =AI22-AH23 -> 5683 | AK23: =N23+O23+P23+Q23+R23+S23+T23+W23+AE23+AH23 -> 100.2 | AL23: =IF(L23<0,L23*-1,0) -> 34.911419 | AM23: =AK23+AL23 -> 135.11142 | AN23: =(U23*1.9835)+AN22 -> 753.59115 | AV23: 0 | AW23: 48 | AX23: 27 | AZ23: =SUM(N23,P23:T23) -> 3.2
A24: =A23+1 -> 12 | B24: 6899.88 | C24: 283139 | D24: =C24-C23 -> -147 | E24: =C24-152000 -> 131139 | F24: =D24/$D$2 -> -74.111419 | G24: 56 | H24: 0 | I24: =G24+H24 -> 56 | J24: =IF(L24>0,L24,0) -> 0 | K24: =I24+J24 -> 56 | L24: =F24-(I24-AK24) -> -28.711419 | M24: 3.4 | N24: 0 | O24: 0 | P24: 0 | Q24: =1.58*1.02 -> 1.6116 | R24: 2.31 | S24: 0 | T24: =M24-(Q24+R24+S24) -> -0.5216 | U24: 62 | V24: 0 | W24: =M24-N24-P24-O24-Q24-R24-S24-T24+U24+V24 -> 62 | X24: =W24-AO24 -> 62 | Y24: =Y23+(X24*1.9835) -> 762.20986 | Z24: =Z23+X24*(26300/37500)*1.9835 -> 534.56318 | AE24: 0 | AH24: 36 | AI24: =AI23-AH24 -> 5647 | AK24: =N24+O24+P24+Q24+R24+S24+T24+W24+AE24+AH24 -> 101.4 | AL24: =IF(L24<0,L24*-1,0) -> 28.711419 | AM24: =AK24+AL24 -> 130.11142 | AN24: =(U24*1.9835)+AN23 -> 876.56816 | AV24: 0 | AW24: 50 | AX24: 22 | AZ24: =SUM(N24,P24:T24) -> 3.4
A25: =A24+1 -> 13 | B25: 6899.84 | C25: 282992 | D25: =C25-C24 -> -147 | E25: =C25-152000 -> 130992 | F25: =D25/$D$2 -> -74.111419 | G25: 54 | H25: 0 | I25: =G25+H25 -> 54 | J25: =IF(L25>0,L25,0) -> 0 | K25: =I25+J25 -> 54 | L25: =F25-(I25-AK25) -> -27.611419 | M25: 3.5 | N25: 0 | O25: 0 | P25: 0 | Q25: =1.58*1.02 -> 1.6116 | R25: 2.88 | S25: 0 | T25: =M25-(Q25+R25+S25) -> -0.9916 | U25: 61 | V25: 0 | W25: =M25-N25-P25-O25-Q25-R25-S25-T25+U25+V25 -> 61 | X25: =W25-AO25 -> 61 | Y25: =Y24+(X25*1.9835) -> 883.20336 | Z25: =Z24+X25*(26300/37500)*1.9835 -> 619.41996 | AE25: 0 | AH25: 36 | AI25: =AI24-AH25 -> 5611 | AK25: =N25+O25+P25+Q25+R25+S25+T25+W25+AE25+AH25 -> 100.5 | AL25: =IF(L25<0,L25*-1,0) -> 27.611419 | AM25: =AK25+AL25 -> 128.11142 | AN25: =(U25*1.9835)+AN24 -> 997.56165 | AV25: 0 | AW25: 60 | AX25: 27 | AZ25: =SUM(N25,P25:T25) -> 3.5
A26: =A25+1 -> 14 | B26: 6899.79 | C26: 282808 | D26: =C26-C25 -> -184 | E26: =C26-152000 -> 130808 | F26: =D26/$D$2 -> -92.765314 | G26: 54 | H26: 0 | I26: =G26+H26 -> 54 | J26: =IF(L26>0,L26,0) -> 0 | K26: =I26+J26 -> 54 | L26: =F26-(I26-AK26) -> -45.065314 | M26: 3.7 | N26: 0 | O26: 0 | P26: 0 | Q26: =1.58*1.02 -> 1.6116 | R26: 3.96 | S26: 0 | T26: =M26-(Q26+R26+S26) -> -1.8716 | U26: 62 | V26: 0 | W26: =M26-N26-P26-O26-Q26-R26-S26-T26+U26+V26 -> 62 | X26: =W26-AO26 -> 62 | Y26: =Y25+(X26*1.9835) -> 1006.1804 | Z26: =Z25+X26*(26300/37500)*1.9835 -> 705.66783 | AE26: 0 | AH26: 36 | AI26: =AI25-AH26 -> 5575 | AK26: =N26+O26+P26+Q26+R26+S26+T26+W26+AE26+AH26 -> 101.7 | AL26: =IF(L26<0,L26*-1,0) -> 45.065314 | AM26: =AK26+AL26 -> 146.76531 | AN26: =(U26*1.9835)+AN25 -> 1120.5387 | AV26: 0 | AW26: 51 | AX26: 24 | AZ26: =SUM(N26,P26:T26) -> 3.7
A27: =A26+1 -> 15 | B27: 6899.74 | C27: 282625 | D27: =C27-C26 -> -183 | E27: =C27-152000 -> 130625 | F27: =D27/$D$2 -> -92.261155 | G27: 47 | H27: 0 | I27: =G27+H27 -> 47 | J27: =IF(L27>0,L27,0) -> 0 | K27: =I27+J27 -> 47 | L27: =F27-(I27-AK27) -> -37.561155 | M27: 3.7 | N27: 0 | O27: 0 | P27: 0 | Q27: =1.58*1.02 -> 1.6116 | R27: 2.53 | S27: 0 | T27: =M27-(Q27+R27+S27) -> -0.4416 | U27: 62 | V27: 0 | W27: =M27-N27-P27-O27-Q27-R27-S27-T27+U27+V27 -> 62 | X27: =W27-AO27 -> 62 | Y27: =Y26+(X27*1.9835) -> 1129.1574 | Z27: =Z26+X27*(26300/37500)*1.9835 -> 791.91569 | AE27: 0 | AH27: 36 | AI27: =AI26-AH27 -> 5539 | AK27: =N27+O27+P27+Q27+R27+S27+T27+W27+AE27+AH27 -> 101.7 | AL27: =IF(L27<0,L27*-1,0) -> 37.561155 | AM27: =AK27+AL27 -> 139.26115 | AN27: =(U27*1.9835)+AN26 -> 1243.5157 | AV27: 0 | AW27: 56 | AX27: 24 | AZ27: =SUM(N27,P27:T27) -> 3.7
A28: =A27+1 -> 16 | B28: 6899.69 | C28: 282441 | D28: =C28-C27 -> -184 | E28: =C28-152000 -> 130441 | F28: =D28/$D$2 -> -92.765314 | G28: 48 | H28: 0 | I28: =G28+H28 -> 48 | J28: =IF(L28>0,L28,0) -> 0 | K28: =I28+J28 -> 48 | L28: =F28-(I28-AK28) -> -39.065314 | M28: 3.7 | N28: 0 | O28: 0 | P28: 0 | Q28: =1.58*1.02 -> 1.6116 | R28: 2.49 | S28: 0 | T28: =M28-(Q28+R28+S28) -> -0.4016 | U28: 62 | V28: 0 | W28: =M28-N28-P28-O28-Q28-R28-S28-T28+U28+V28 -> 62 | X28: =W28-AO28 -> 62 | Y28: =Y27+(X28*1.9835) -> 1252.1344 | Z28: =Z27+X28*(26300/37500)*1.9835 -> 878.16356 | AE28: 0 | AH28: 36 | AI28: =AI27-AH28 -> 5503 | AK28: =N28+O28+P28+Q28+R28+S28+T28+W28+AE28+AH28 -> 101.7 | AL28: =IF(L28<0,L28*-1,0) -> 39.065314 | AM28: =AK28+AL28 -> 140.76531 | AN28: =(U28*1.9835)+AN27 -> 1366.4927 | AV28: 0 | AW28: 59 | AX28: 26 | AZ28: =SUM(N28,P28:T28) -> 3.7
A29: =A28+1 -> 17 | B29: 6899.67 | C29: 282368 | D29: =C29-C28 -> -73 | E29: =C29-152000 -> 130368 | F29: =D29/$D$2 -> -36.80363 | G29: 55 | H29: 0 | I29: =G29+H29 -> 55 | J29: =IF(L29>0,L29,0) -> 2.7963701 | K29: =I29+J29 -> 57.79637 | L29: =F29-(I29-AK29) -> 2.7963701 | M29: 3.6 | N29: 0 | O29: 0 | P29: 0 | Q29: =1.58*1.02 -> 1.6116 | R29: 2.22 | S29: 0 | T29: =M29-(Q29+R29+S29) -> -0.2316 | U29: 55 | V29: 0 | W29: =M29-N29-P29-O29-Q29-R29-S29-T29+U29+V29 -> 55 | X29: =W29-AO29 -> 55 | Y29: =Y28+(X29*1.9835) -> 1361.2269 | Z29: =Z28+X29*(26300/37500)*1.9835 -> 954.67377 | AE29: 0 | AH29: 36 | AI29: =AI28-AH29 -> 5467 | AK29: =N29+O29+P29+Q29+R29+S29+T29+W29+AE29+AH29 -> 94.6 | AL29: =IF(L29<0,L29*-1,0) -> 0 | AM29: =AK29+AL29 -> 94.6 | AN29: =(U29*1.9835)+AN28 -> 1475.5852 | AV29: 0 | AW29: 64 | AX29: 31 | AZ29: =SUM(N29,P29:T29) -> 3.6
A30: =A29+1 -> 18 | B30: 6899.65 | C30: 282294 | D30: =C30-C29 -> -74 | E30: =C30-152000 -> 130294 | F30: =D30/$D$2 -> -37.307789 | G30: 54 | H30: 0 | I30: =G30+H30 -> 54 | J30: =IF(L30>0,L30,0) -> 0.39221074 | K30: =I30+J30 -> 54.392211 | L30: =F30-(I30-AK30) -> 0.39221074 | M30: 3.7 | N30: 0 | O30: 0 | P30: 0 | Q30: =1.58*1.02 -> 1.6116 | R30: 2.71 | S30: 0 | T30: =M30-(Q30+R30+S30) -> -0.6216 | U30: 52 | V30: 0 | W30: =M30-N30-P30-O30-Q30-R30-S30-T30+U30+V30 -> 52 | X30: =W30-AO30 -> 52 | Y30: =Y29+(X30*1.9835) -> 1464.3689 | Z30: =Z29+X30*(26300/37500)*1.9835 -> 1027.0107 | AE30: 0 | AH30: 36 | AI30: =AI29-AH30 -> 5431 | AK30: =N30+O30+P30+Q30+R30+S30+T30+W30+AE30+AH30 -> 91.7 | AL30: =IF(L30<0,L30*-1,0) -> 0 | AM30: =AK30+AL30 -> 91.7 | AN30: =(U30*1.9835)+AN29 -> 1578.7272 | AV30: 0 | AW30: 65 | AX30: 32 | AZ30: =SUM(N30,P30:T30) -> 3.7
A31: =A30+1 -> 19 | B31: 6899.63 | C31: 282221 | D31: =C31-C30 -> -73 | E31: =C31-152000 -> 130221 | F31: =D31/$D$2 -> -36.80363 | G31: 50 | H31: 0 | I31: =G31+H31 -> 50 | J31: =IF(L31>0,L31,0) -> 4.8963701 | K31: =I31+J31 -> 54.89637 | L31: =F31-(I31-AK31) -> 4.8963701 | M31: 3.7 | N31: 0 | O31: 0 | P31: 0 | Q31: =1.58*1.02 -> 1.6116 | R31: 3.76 | S31: 0 | T31: =M31-(Q31+R31+S31) -> -1.6716 | U31: 52 | V31: 0 | W31: =M31-N31-P31-O31-Q31-R31-S31-T31+U31+V31 -> 52 | X31: =W31-AO31 -> 52 | Y31: =Y30+(X31*1.9835) -> 1567.5109 | Z31: =Z30+X31*(26300/37500)*1.9835 -> 1099.3476 | AE31: 0 | AH31: 36 | AI31: =AI30-AH31 -> 5395 | AK31: =N31+O31+P31+Q31+R31+S31+T31+W31+AE31+AH31 -> 91.7 | AL31: =IF(L31<0,L31*-1,0) -> 0 | AM31: =AK31+AL31 -> 91.7 | AN31: =(U31*1.9835)+AN30 -> 1681.8692 | AV31: 0 | AW31: 62 | AX31: 30 | AZ31: =SUM(N31,P31:T31) -> 3.7
A32: =A31+1 -> 20 | B32: 6899.6 | C32: 282110 | D32: =C32-C31 -> -111 | E32: =C32-152000 -> 130110 | F32: =D32/$D$2 -> -55.961684 | G32: 47 | H32: 0 | I32: =G32+H32 -> 47 | J32: =IF(L32>0,L32,0) -> 0 | K32: =I32+J32 -> 47 | L32: =F32-(I32-AK32) -> -15.161684 | M32: 3.8 | N32: 0 | O32: 0 | P32: 0 | Q32: =1.58*1.02 -> 1.6116 | R32: 1.76 | S32: 0 | T32: =M32-(Q32+R32+S32) -> 0.4284 | U32: 48 | V32: 0 | W32: =M32-N32-P32-O32-Q32-R32-S32-T32+U32+V32 -> 48 | X32: =W32-AO32 -> 48 | Y32: =Y31+(X32*1.9835) -> 1662.7189 | Z32: =Z31+X32*(26300/37500)*1.9835 -> 1166.1202 | AE32: 0 | AH32: 36 | AI32: =AI31-AH32 -> 5359 | AK32: =N32+O32+P32+Q32+R32+S32+T32+W32+AE32+AH32 -> 87.8 | AL32: =IF(L32<0,L32*-1,0) -> 15.161684 | AM32: =AK32+AL32 -> 102.96168 | AN32: =(U32*1.9835)+AN31 -> 1777.0772 | AV32: 0 | AW32: 58 | AX32: 26 | AZ32: =SUM(N32,P32:T32) -> 3.8
A33: =A32+1 -> 21 | B33: 6899.57 | C33: 282000 | D33: =C33-C32 -> -110 | E33: =C33-152000 -> 130000 | F33: =D33/$D$2 -> -55.457525 | G33: 48 | H33: 0 | I33: =G33+H33 -> 48 | J33: =IF(L33>0,L33,0) -> 0 | K33: =I33+J33 -> 48 | L33: =F33-(I33-AK33) -> -22.457525 | M33: 4 | N33: 0 | O33: 0 | P33: 0 | Q33: =1.58*1.02 -> 1.6116 | R33: 2.38 | S33: 0 | T33: =M33-(Q33+R33+S33) -> 0.0084 | U33: 41 | V33: 0 | W33: =M33-N33-P33-O33-Q33-R33-S33-T33+U33+V33 -> 41 | X33: =W33-AO33 -> 41 | Y33: =Y32+(X33*1.9835) -> 1744.0424 | Z33: =Z32+X33*(26300/37500)*1.9835 -> 1223.155 | AE33: 0 | AH33: 36 | AI33: =AI32-AH33 -> 5323 | AK33: =N33+O33+P33+Q33+R33+S33+T33+W33+AE33+AH33 -> 81 | AL33: =IF(L33<0,L33*-1,0) -> 22.457525 | AM33: =AK33+AL33 -> 103.45752 | AN33: =(U33*1.9835)+AN32 -> 1858.4007 | AV33: 0 | AW33: 51 | AX33: 22 | AZ33: =SUM(N33,P33:T33) -> 4
A34: =A33+1 -> 22 | B34: 6899.55 | C34: 281927 | D34: =C34-C33 -> -73 | E34: =C34-152000 -> 129927 | F34: =D34/$D$2 -> -36.80363 | G34: 42 | H34: 0 | I34: =G34+H34 -> 42 | J34: =IF(L34>0,L34,0) -> 2.1963701 | K34: =I34+J34 -> 44.19637 | L34: =F34-(I34-AK34) -> 2.1963701 | M34: 4 | N34: 0 | O34: 0 | P34: 0 | Q34: =1.58*1.02 -> 1.6116 | R34: 2.49 | S34: 0 | T34: =M34-(Q34+R34+S34) -> -0.1016 | U34: 41 | V34: 0 | W34: =M34-N34-P34-O34-Q34-R34-S34-T34+U34+V34 -> 41 | X34: =W34-AO34 -> 41 | Y34: =Y33+(X34*1.9835) -> 1825.3659 | Z34: =Z33+X34*(26300/37500)*1.9835 -> 1280.1899 | AE34: 0 | AH34: 36 | AI34: =AI33-AH34 -> 5287 | AK34: =N34+O34+P34+Q34+R34+S34+T34+W34+AE34+AH34 -> 81 | AL34: =IF(L34<0,L34*-1,0) -> 0 | AM34: =AK34+AL34 -> 81 | AN34: =(U34*1.9835)+AN33 -> 1939.7242 | AV34: 0 | AW34: 56 | AX34: 22 | AZ34: =SUM(N34,P34:T34) -> 4
... A41: =A40+1 -> 29 | B41: 6899.52 | C41: 281817 | D41: =C41-C40 -> -73 | E41: =C41-152000 -> 129817 | F41: =D41/$D$2 -> -36.80363 | G41: 57 | H41: 0 | I41: =G41+H41 -> 57 | J41: =IF(L41>0,L41,0) -> 0 | K41: =I41+J41 -> 57 | L41: =F41-(I41-AK41) -> -28.10363 | M41: 3.7 | N41: 0 | O41: 0 | P41: 0 | Q41: =1.58*1.02 -> 1.6116 | R41: 1.76 | S41: 0 | T41: =M41-(Q41+R41+S41) -> 0.3284 | U41: 26 | V41: 0 | W41: =M41-N41-P41-O41-Q41-R41-S41-T41+U41+V41 -> 26 | X41: =W41-AO41 -> 26 | Y41: =Y40+(X41*1.9835) -> 2249.8349 | Z41: =Z40+X41*(26300/37500)*1.9835 -> 1577.8842 | AE41: 0 | AH41: 36 | AI41: =AI40-AH41 -> 5035 | AK41: =N41+O41+P41+Q41+R41+S41+T41+W41+AE41+AH41 -> 65.7 | AL41: =IF(L41<0,L41*-1,0) -> 28.10363 | AM41: =AK41+AL41 -> 93.80363 | AN41: =(U41*1.9835)+AN40 -> 2364.1932 | AV41: 0 | AW41: 45 | AX41: 24 | AZ41: =SUM(N41,P41:T41) -> 3.7
A42: 30 | B42: 6899.5 | C42: 281743 | D42: =C42-C41 -> -74 | E42: =C42-152000 -> 129743 | F42: =D42/$D$2 -> -37.307789 | G42: 59 | H42: 0 | I42: =G42+H42 -> 59 | J42: =IF(L42>0,L42,0) -> 0 | K42: =I42+J42 -> 59 | L42: =F42-(I42-AK42) -> -30.607789 | M42: 3.7 | N42: 0 | O42: 0 | P42: 0 | Q42: =1.58*1.02 -> 1.6116 | R42: 2.47 | S42: 0 | T42: =M42-(Q42+R42+S42) -> -0.3816 | U42: 26 | V42: 0 | W42: =M42-N42-P42-O42-Q42-R42-S42-T42+U42+V42 -> 26 | X42: =W42-AO42 -> 26 | Y42: =Y41+(X42*1.9835) -> 2301.4059 | Z42: =Z41+X42*(26300/37500)*1.9835 -> 1614.0526 | AE42: 0 | AH42: 36 | AI42: =AI41-AH42 -> 4999 | AK42: =N42+O42+P42+Q42+R42+S42+T42+W42+AE42+AH42 -> 65.7 | AL42: =IF(L42<0,L42*-1,0) -> 30.607789 | AM42: =AK42+AL42 -> 96.307789 | AN42: =(U42*1.9835)+AN41 -> 2415.7642 | AV42: 0 | AW42: 47 | AX42: 28 | AZ42: =SUM(N42,P42:T42) -> 3.7
A44: MONTH / CFS | F44: =SUM(F13:F42) -> -1541.7192 | G44: =SUM(G13:G42) -> 1625 | H44: =SUM(H13:H42) -> 0 | I44: =SUM(I13:I42) -> 1625 | J44: =SUM(J13:J42) -> 201.43469 | K44: =SUM(K13:K42) -> 1826.4347 | L44: =SUM(L13:L42) -> -359.61918 | M44: =SUM(M13:M42) -> 302.8 | ... O44: =SUM(O13:O42) -> 0 | Q44: =SUM(Q13:Q42) -> 48.348 | R44: =SUM(R13:R42) -> 73.27 | S44: =SUM(S14:S42) -> 0 | T44: =SUM(T14:T42) -> -7.062 | U44: =SUM(U13:U42) -> 1349 | V44: =SUM(V13:V42) -> 76.3 | W44: =SUM(W13:W42) -> 1613.544 | X44: =SUM(X13:X42) -> 1160.2752 | AH44: =SUM(AH13:AH42) -> 1079 | AJ44: =SUM(AJ13:AJ42) -> 0 | AK44: =SUM(AK13:AK42) -> 2807.1 | AL44: =SUM(AL13:AL42) -> 561.05387 | AM44: =SUM(AM13:AM42) -> 3368.1539 | AO44: =SUM(AO13:AO42) -> 453.2688 | AV44: =SUM(AV13:AV42) -> 0.85 | AW44: =AVERAGE(AW13:AW42) -> 52.933333 | AX44: =AVERAGE(AX13:AX43) -> 25.8 | AY44: Avg | AZ44: =SUM(AZ13:AZ42) -> 114.556
A45: MONTH / AF | D45: =SUM(D13:D42) -> -3058 | F45: =F44*$D$2 -> -3058 | G45: =G44*$D$2 -> 3223.1875 | H45: =H44*$D$2 -> 0 | I45: =I44*$D$2 -> 3223.1875 | J45: =J44*$D$2 -> 399.5457 | K45: =K44*$D$2 -> 3622.7332 | L45: =L44*$D$2 -> -713.30465 | M45: =M44*$D$2 -> 600.6038 | ... O45: =O44*$D$2 -> 0 | Q45: =Q44*$D$2 -> 95.898258 | R45: =R44*$D$2 -> 145.33104 | S45: =S44*$D$2 -> 0 | T45: =T44*$D$2 -> -14.007477 | U45: =U44*$D$2 -> 2675.7415 | V45: =V44*$D$2 -> 151.34105 | W45: =W44*$D$2 -> 3200.4645 | X45: =X44*$D$2 -> 2301.4059 | AH45: =AH44*$D$2 -> 2140.1965 | AJ45: =AJ44*$D$2 -> 0 | AK45: =AK44*$D$2 -> 5567.8828 | AL45: =AL44*$D$2 -> 1112.8503 | AM45: =AM44*$D$2 -> 6680.7332 | AO45: =AO44*$D$2 -> 899.05866 | AW45: =MAX(AW13:AW42) -> 68 | AX45: =MAX(AX13:AX43) -> 39 | AY45: HI | AZ45: =AZ44*$D$2 -> 227.22183
A47: SEASON / CFS | AW47: =MIN(AW13:AW42) -> 36 | AX47: =MIN(AX13:AX43) -> 9 | AY47: LO
A48: SEASON / AF
A50: YTD / CFS | F50: =F11+F44 -> -1541.7192 | G50: =G11+G44 -> 1625 | H50: =H11+H44 -> 0 | I50: =I11+I44 -> 1625 | J50: =J11+J44 -> 201.43469 | K50: =K11+K44 -> 1826.4347 | L50: =L11+L44 -> -359.61918 | M50: =M11+M44 -> 302.8 | N50: =N11+N44 -> 0 | O50: 0 | Q50: =Q11+Q44 -> 48.348 | R50: =R11+R44 -> 73.27 | S50: =S11+S44 -> 0 | T50: =T11+T44 -> -7.062 | U50: =U11+U44 -> 1349 | V50: =V11+V44 -> 76.3 | W50: =W11+W44 -> 1613.544 | X50: =X11+X44 -> 1160.2752 | AH50: =AH11+AH44 -> 1079 | AI50: =AI42 -> 4999 | AJ50: =AJ11+AJ44 -> 0 | AK50: =AK11+AK44 -> 2807.1 | AL50: =AL11+AL44 -> 561.05387 | AM50: =AM11+AM44 -> 3368.1539 | AO50: =AO11+AO44 -> 453.2688 | AV50: =AV11+AV44 -> 0.85 | AZ50: =AZ11+AZ44 -> 114.556
A51: YTD / AF | D51: =D11+D45 -> -3058 | E51: =E42 -> 129743 | F51: =F50*$D$2 -> -3058 | G51: =G50*$D$2 -> 3223.1875 | H51: =H50*$D$2 -> 0 | I51: =I50*$D$2 -> 3223.1875 | J51: =J50*$D$2 -> 399.5457 | K51: =K50*$D$2 -> 3622.7332 | L51: =L50*$D$2 -> -713.30465 | M51: =M50*$D$2 -> 600.6038 | ... O51: =O50*$D$2 -> 0 | Q51: =Q50*$D$2 -> 95.898258 | R51: =R50*$D$2 -> 145.33104 | S51: =S50*$D$2 -> 0 | T51: =T50*$D$2 -> -14.007477 | U51: =U50*$D$2 -> 2675.7415 | V51: =V50*$D$2 -> 151.34105 | W51: =W50*$D$2 -> 3200.4645 | X51: =X50*$D$2 -> 2301.4059 | AH51: =AH50*$D$2 -> 2140.1965 | AI51: =AI50*$D$2 -> 9915.5165 | AJ51: =AJ50*$D$2 -> 0 | AK51: =AK50*$D$2 -> 5567.8828 | AL51: =AL50*$D$2 -> 1112.8503 | AM51: =AM50*$D$2 -> 6680.7332 | AN51: =AN42 -> 2415.7642 | AO51: =AO50*$D$2 -> 899.05866 | AZ51: =AZ50*$D$2 -> 227.22183

Sheet DEC
K1: MCPHEE RESERVOIR INFLOW/OUTFLOW TABULATION
A2: AF/cfs CONVERT FACTOR | D2: 1.9835 | K2: DECEMBER "2008"
D4: RESERVOIR | W4: INFLOW/OUTFLOW (CFS) | AP4: ADJUSTMENTS | AW4: WEATHER
A5: DATE | B5: RESERV | C5: RESERV | D5: AC FT | E5: ACTIVE | F5: CONV TO | G5: DOLORES | H5: LOST | I5: RECORD | J5: CALC | K5: TOTAL | L5: CALC | M5: DOLORES TUNNEL | U5: LONE | V5: U | W5: TOTAL | X5: TOTAL | Y5: TOTAL | Z5: TOTAl | AA5: MVI | AB5: MVI | AC5: TO EX & | AD5: MVI | AE5: DV CR | AF5: D/S SENIOR | AH5: BELOW | AI5: FISH | AJ5: SPILL | AK5: RECORD | AL5: CALC | AM5: TOTAL | AN5: NAR | AO5: MVI | AP5: MVI | AQ5: MVI | AR5: DIST. | AS5: U/S | AT5: TOTTEN | AU5: UTES | AV5: RAIN | AW5: MAX | AX5: MIN | AZ5: TOTAL
A6: DEC | B6: ELEV | D6: CHANGE | E6: CAP | F6: CFS | G6: RIVER | H6: CAN | I6: INFLOW | J6: INFLOW | K6: INFLOW | L6: INF/OTF | M6: TOT DIV | N6: WET | O6: UTE | P6: QUEST | Q6: MWC | R6: CTZ | S6: CTZ & | T6: F-BAY | U6: PINE | V6: LAT | W6: MVI | X6: MVI | Y6: MVI | Z6: MVI | AA6: CALL | AB6: APR- | AC6: U/S EX | AD6: PROJ | AE6: CANAL | AF6: MVIC | AG6: PROJ | AH6: MCP | AI6: LEFT | AK6: OTF | AL6: OTF | AM6: OTF | AN6: CALL | AO6: STOCK | AP6: STORED | AQ6: STORED | AR6: CLASS | AS6: USERS | AT6: (FRESH | AU6: FROM | AW6: TMP | AX6: TMP | AZ6: TUNNEL
N7: LAND | O7: F&R | S7: UTE | T7: SPILL | W7: 153400 | X7: IRRIG. | Y7: IRRIG. | Z7: 105500 | AB7: JUNE | AF7: 1.7 | AG7: 1.3 | AI7: 31798 | AP7: Apr - Jun | AQ7: EVAP | AR7: "B" | AS7: EXCH | AT7: WATER) | AU7: MVIC | AZ7: Misc.
C8: AC. Ft. | E8: AC FT | G8: CFS | H8: CFS | I8: CFS | J8: CFS | K8: CFS | L8: CFS | M8: CFS | N8: CFS | O8: CFS | P8: CFS | Q8: CFS | R8: CFS | S8: PROJ | T8: CFS | U8: CFS | V8: CFS | W8: CFS | X8: 150400 | Y8: 150400 | Z8: Ac. Ft. | AA8: CFS | AB8: 72000 | AC8: CFS | AD8: CFS | AE8: CFS | AF8: CFS | AG8: CFS | AH8: CFS | AI8: CFS | AJ8: CFS | AK8: CFS | AL8: CFS | AM8: CFS | AN8: AC FT | AO8: CFS | AP8: CFS | AQ8: AC.FT. | AR8: CFS | AS8: CFS | AT8: CFS | AU8: CFS | AZ8: Outflow
N9: 1.03 | O9: 1.05 | P9: 1.02 | Q9: 1.02 | R9: 1.04 | S9: CFS | X9: CFS | Y9: Ac. Ft. | AB9: Ac. Ft. | AZ9: CFS
A10: SEASON BAL
A11: YTD | B11: =NOV!B42 -> 6899.5 | C11: =NOV!C42 -> 281743 | D11: =NOV!D51 -> -3058 | E11: =NOV!E51 -> 129743 | F11: =NOV!F50 -> -1541.7192 | G11: =NOV!G50 -> 1625 | H11: =NOV!H50 -> 0 | I11: =NOV!I50 -> 1625 | J11: =NOV!J50 -> 201.43469 | K11: =NOV!K50 -> 1826.4347 | L11: =NOV!L50 -> -359.61918 | M11: =NOV!M50 -> 302.8 | ... O11: =NOV!O50 -> 0 | Q11: =NOV!Q50 -> 48.348 | R11: =NOV!R50 -> 73.27 | S11: =NOV!S50 -> 0 | T11: =NOV!T50 -> -7.062 | U11: =NOV!U50 -> 1349 | V11: =NOV!V50 -> 76.3 | W11: =NOV!W50 -> 1613.544 | X11: =NOV!X50 -> 1160.2752 | Y11: =NOV!Y42 -> 2301.4059 | Z11: =NOV!Z42 -> 1614.0526 | AH11: =NOV!AH50 -> 1079 | AI11: =NOV!AI50 -> 4999 | AJ11: =NOV!AJ50 -> 0 | AK11: =NOV!AK50 -> 2807.1 | AL11: =NOV!AL50 -> 561.05387 | AM11: =NOV!AM50 -> 3368.1539 | AN11: =NOV!AN51 -> 2415.7642 | AO11: =NOV!AO50 -> 453.2688 | AV11: =NOV!AV50 -> 0.85 | AZ11: =NOV!AZ50 -> 114.556
A13: 1 | B13: 6899.49 | C13: 281706 | D13: =C13-C11 -> -37 | E13: =C13-152000 -> 129706 | F13: =D13/$D$2 -> -18.653895 | G13: 54 | H13: 0.4 | I13: =G13+H13 -> 54.4 | J13: =IF(L13>0,L13,0) -> 0 | K13: =I13+J13 -> 54.4 | L13: =F13-(I13-AK13) -> -0.35389463 | M13: 3.7 | N13: 0 | O13: 0 | P13: 0 | Q13: =1.53*1.02 -> 1.5606 | R13: 2.47 | S13: 0 | T13: =M13-(Q13+R13+S13) -> -0.3306 | U13: 33 | V13: 0 | W13: =M13-N13-O13-P13-Q13-R13-S13-T13+U13+V13 -> 33 | X13: =W13-AO13 -> 33 | Y13: =Y11+(X13*1.9835) -> 2366.8614 | Z13: =Z11+X13*(26300/37500)*1.9835 -> 1659.9588 | AE13: 0 | AH13: 36 | AI13: =AI11-AH13 -> 4963 | AK13: =N13+O13+P13+Q13+R13+S13+T13+W13+AE13+AH13 -> 72.7 | AL13: =IF(L13<0,L13*-1,0) -> 0.35389463 | AM13: =AK13+AL13 -> 73.053895 | AN13: =AN11+(W13*1.9835) -> 2481.2197 | AO13: 0 | AV13: 0 | AW13: 53 | AX13: 28 | AZ13: =SUM(N13,P13:T13) -> 3.7
A14: =A13+1 -> 2 | B14: 6899.47 | C14: 281633 | D14: =C14-C13 -> -73 | E14: =C14-152000 -> 129633 | F14: =D14/$D$2 -> -36.80363 | G14: 50 | H14: 0.49 | I14: =G14+H14 -> 50.49 | J14: =IF(L14>0,L14,0) -> 0 | K14: =I14+J14 -> 50.49 | L14: =F14-(I14-AK14) -> -8.7936299 | M14: 3.5 | N14: 0 | O14: 0 | P14: 0 | Q14: =1.53*1.02 -> 1.5606 | R14: 2.19 | S14: 0 | T14: =M14-(Q14+R14+S14) -> -0.2506 | U14: 39 | V14: 0 | W14: =M14-N14-O14-P14-Q14-R14-S14-T14+U14+V14 -> 39 | X14: =W14-AO14 -> 39 | Y14: =Y13+(X14*1.9835) -> 2444.2179 | Z14: =Z13+X14*(26300/37500)*1.9835 -> 1714.2115 | AE14: 0 | AH14: 36 | AI14: =AI13-AH14 -> 4927 | AK14: =N14+O14+P14+Q14+R14+S14+T14+W14+AE14+AH14 -> 78.5 | AL14: =IF(L14<0,L14*-1,0) -> 8.7936299 | AM14: =AK14+AL14 -> 87.29363 | AN14: =AN13+(W14*1.9835) -> 2558.5762 | AO14: 0 | AV14: 0 | AW14: 51 | AX14: 28 | AZ14: =SUM(N14,P14:T14) -> 3.5
A15: =A14+1 -> 3 | B15: 6899.45 | C15: 281559 | D15: =C15-C14 -> -74 | E15: =C15-152000 -> 129559 | F15: =D15/$D$2 -> -37.307789 | G15: 55 | H15: 0.47 | I15: =G15+H15 -> 55.47 | J15: =IF(L15>0,L15,0) -> 0 | K15: =I15+J15 -> 55.47 | L15: =F15-(I15-AK15) -> -12.377789 | M15: 3.4 | N15: 0 | O15: 0 | P15: 0 | Q15: =1.53*1.02 -> 1.5606 | R15: 2.38 | S15: 0 | T15: =M15-(Q15+R15+S15) -> -0.5406 | U15: 41 | V15: 0 | W15: =M15-N15-O15-P15-Q15-R15-S15-T15+U15+V15 -> 41 | X15: =W15-AO15 -> 41 | Y15: =Y14+(X15*1.9835) -> 2525.5414 | Z15: =Z14+X15*(26300/37500)*1.9835 -> 1771.2463 | AE15: 0 | AH15: 36 | AI15: =AI14-AH15 -> 4891 | AK15: =N15+O15+P15+Q15+R15+S15+T15+W15+AE15+AH15 -> 80.4 | AL15: =IF(L15<0,L15*-1,0) -> 12.377789 | AM15: =AK15+AL15 -> 92.777789 | AN15: =AN14+(W15*1.9835) -> 2639.8997 | AO15: 0 | AV15: 0 | AW15: 45 | AX15: 22 | AZ15: =SUM(N15,P15:T15) -> 3.4
A16: =A15+1 -> 4 | B16: 6899.42 | C16: 281449 | D16: =C16-C15 -> -110 | E16: =C16-152000 -> 129449 | F16: =D16/$D$2 -> -55.457525 | G16: 35 | H16: 0.37 | I16: =G16+H16 -> 35.37 | J16: =IF(L16>0,L16,0) -> 0 | K16: =I16+J16 -> 35.37 | L16: =F16-(I16-AK16) -> -10.327525 | M16: 3.5 | N16: 0 | O16: 0 | P16: 0 | Q16: =1.53*1.02 -> 1.5606 | R16: 2.23 | S16: 0 | T16: =M16-(Q16+R16+S16) -> -0.2906 | U16: 41 | V16: 0 | W16: =M16-N16-O16-P16-Q16-R16-S16-T16+U16+V16 -> 41 | X16: =W16-AO16 -> 41 | Y16: =Y15+(X16*1.9835) -> 2606.8649 | Z16: =Z15+X16*(26300/37500)*1.9835 -> 1828.2812 | AE16: 0 | AH16: 36 | AI16: =AI15-AH16 -> 4855 | AK16: =N16+O16+P16+Q16+R16+S16+T16+W16+AE16+AH16 -> 80.5 | AL16: =IF(L16<0,L16*-1,0) -> 10.327525 | AM16: =AK16+AL16 -> 90.827525 | AN16: =AN15+(W16*1.9835) -> 2721.2232 | AO16: 0 | AV16: 0 | AW16: 42 | AX16: 21 | AZ16: =SUM(N16,P16:T16) -> 3.5
A17: =A16+1 -> 5 | B17: 6899.39 | C17: 281339 | D17: =C17-C16 -> -110 | E17: =C17-152000 -> 129339 | F17: =D17/$D$2 -> -55.457525 | G17: 35 | H17: 0.24 | I17: =G17+H17 -> 35.24 | J17: =IF(L17>0,L17,0) -> 0 | K17: =I17+J17 -> 35.24 | L17: =F17-(I17-AK17) -> -9.9975246 | M17: 3.7 | N17: 0 | O17: 0 | P17: 0 | Q17: =1.53*1.02 -> 1.5606 | R17: 2.56 | S17: 0 | T17: =M17-(Q17+R17+S17) -> -0.4206 | U17: 41 | V17: 0 | W17: =M17-N17-O17-P17-Q17-R17-S17-T17+U17+V17 -> 41 | X17: =W17-AO17 -> 41 | Y17: =Y16+(X17*1.9835) -> 2688.1884 | Z17: =Z16+X17*(26300/37500)*1.9835 -> 1885.3161 | AE17: 0 | AH17: 36 | AI17: =AI16-AH17 -> 4819 | AK17: =N17+O17+P17+Q17+R17+S17+T17+W17+AE17+AH17 -> 80.7 | AL17: =IF(L17<0,L17*-1,0) -> 9.9975246 | AM17: =AK17+AL17 -> 90.697525 | AN17: =AN16+(W17*1.9835) -> 2802.5467 | AO17: 0 | AV17: 0 | AW17: 43 | AX17: 19 | AZ17: =SUM(N17,P17:T17) -> 3.7
A18: =A17+1 -> 6 | B18: 6899.37 | C18: 281266 | D18: =C18-C17 -> -73 | E18: =C18-152000 -> 129266 | F18: =D18/$D$2 -> -36.80363 | G18: 43 | H18: 0.22 | I18: =G18+H18 -> 43.22 | J18: =IF(L18>0,L18,0) -> 0.67637005 | K18: =I18+J18 -> 43.89637 | L18: =F18-(I18-AK18) -> 0.67637005 | M18: 3.7 | N18: 0 | O18: 0 | P18: 0 | Q18: =1.53*1.02 -> 1.5606 | R18: 2.77 | S18: 0 | T18: =M18-(Q18+R18+S18) -> -0.6306 | U18: 41 | V18: 0 | W18: =M18-N18-O18-P18-Q18-R18-S18-T18+U18+V18 -> 41 | X18: =W18-AO18 -> 41 | Y18: =Y17+(X18*1.9835) -> 2769.5119 | Z18: =Z17+X18*(26300/37500)*1.9835 -> 1942.351 | AE18: 0 | AH18: 36 | AI18: =AI17-AH18 -> 4783 | AK18: =N18+O18+P18+Q18+R18+S18+T18+W18+AE18+AH18 -> 80.7 | AL18: =IF(L18<0,L18*-1,0) -> 0 | AM18: =AK18+AL18 -> 80.7 | AN18: =AN17+(W18*1.9835) -> 2883.8702 | AO18: 0 | AV18: 0 | AW18: 51 | AX18: 19 | AZ18: =SUM(N18,P18:T18) -> 3.7
A19: =A18+1 -> 7 | B19: 6899.36 | C19: 281229 | D19: =C19-C18 -> -37 | E19: =C19-152000 -> 129229 | F19: =D19/$D$2 -> -18.653895 | G19: 45 | H19: 0.27 | I19: =G19+H19 -> 45.27 | J19: =IF(L19>0,L19,0) -> 16.776105 | K19: =I19+J19 -> 62.046105 | L19: =F19-(I19-AK19) -> 16.776105 | M19: 3.7 | N19: 0 | O19: 0 | P19: 0 | Q19: =1.53*1.02 -> 1.5606 | R19: 2.53 | S19: 0 | T19: =M19-(Q19+R19+S19) -> -0.3906 | U19: 41 | V19: 0 | W19: =M19-N19-O19-P19-Q19-R19-S19-T19+U19+V19 -> 41 | X19: =W19-AO19 -> 41 | Y19: =Y18+(X19*1.9835) -> 2850.8354 | Z19: =Z18+X19*(26300/37500)*1.9835 -> 1999.3859 | AE19: 0 | AH19: 36 | AI19: =AI18-AH19 -> 4747 | AK19: =N19+O19+P19+Q19+R19+S19+T19+W19+AE19+AH19 -> 80.7 | AL19: =IF(L19<0,L19*-1,0) -> 0 | AM19: =AK19+AL19 -> 80.7 | AN19: =AN18+(W19*1.9835) -> 2965.1937 | AO19: 0 | AV19: 0 | AW19: 51 | AX19: 25 | AZ19: =SUM(N19,P19:T19) -> 3.7
A20: =A19+1 -> 8 | B20: 6899.41 | C20: 281412 | D20: =C20-C19 -> 183 | E20: =C20-152000 -> 129412 | F20: =D20/$D$2 -> 92.261155 | G20: 49 | H20: 0.52 | I20: =G20+H20 -> 49.52 | J20: =IF(L20>0,L20,0) -> 127.14115 | K20: =I20+J20 -> 176.66115 | L20: =F20-(I20-AK20) -> 127.14115 | M20: 3.4 | N20: 0 | O20: 0 | P20: 0 | Q20: =1.53*1.02 -> 1.5606 | R20: 2.34 | S20: 0 | T20: =M20-(Q20+R20+S20) -> -0.5006 | U20: 45 | V20: 0 | W20: =M20-N20-O20-P20-Q20-R20-S20-T20+U20+V20 -> 45 | X20: =W20-AO20 -> 45 | Y20: =Y19+(X20*1.9835) -> 2940.0929 | Z20: =Z19+X20*(26300/37500)*1.9835 -> 2061.9851 | AE20: 0 | AH20: 36 | AI20: =AI19-AH20 -> 4711 | AK20: =N20+O20+P20+Q20+R20+S20+T20+W20+AE20+AH20 -> 84.4 | AL20: =IF(L20<0,L20*-1,0) -> 0 | AM20: =AK20+AL20 -> 84.4 | AN20: =AN19+(W20*1.9835) -> 3054.4512 | AO20: 0 | AV20: 0.28 | AW20: 36 | AX20: 22 | AZ20: =SUM(N20,P20:T20) -> 3.4
A21: =A20+1 -> 9 | B21: 6899.39 | C21: 281339 | D21: =C21-C20 -> -73 | E21: =C21-152000 -> 129339 | F21: =D21/$D$2 -> -36.80363 | G21: 54 | H21: 0.53 | I21: =G21+H21 -> 54.53 | J21: =IF(L21>0,L21,0) -> 0 | K21: =I21+J21 -> 54.53 | L21: =F21-(I21-AK21) -> -4.2336299 | M21: 3.1 | N21: 0 | O21: 0 | P21: 0 | Q21: =1.53*1.02 -> 1.5606 | R21: 2.14 | S21: 0 | T21: =M21-(Q21+R21+S21) -> -0.6006 | U21: 48 | V21: 0 | W21: =M21-N21-O21-P21-Q21-R21-S21-T21+U21+V21 -> 48 | X21: =W21-AO21 -> 48 | Y21: =Y20+(X21*1.9835) -> 3035.3009 | Z21: =Z20+X21*(26300/37500)*1.9835 -> 2128.7577 | AE21: 0 | AH21: 36 | AI21: =AI20-AH21 -> 4675 | AK21: =N21+O21+P21+Q21+R21+S21+T21+W21+AE21+AH21 -> 87.1 | AL21: =IF(L21<0,L21*-1,0) -> 4.2336299 | AM21: =AK21+AL21 -> 91.33363 | AN21: =AN20+(W21*1.9835) -> 3149.6592 | AO21: 0 | AV21: 0.28 | AW21: 32 | AX21: 12 | AZ21: =SUM(N21,P21:T21) -> 3.1
A22: =A21+1 -> 10 | B22: 6899.37 | C22: 281266 | D22: =C22-C21 -> -73 | E22: =C22-152000 -> 129266 | F22: =D22/$D$2 -> -36.80363 | G22: 54 | H22: 0.34 | I22: =G22+H22 -> 54.34 | J22: =IF(L22>0,L22,0) -> 0 | K22: =I22+J22 -> 54.34 | L22: =F22-(I22-AK22) -> -3.8436299 | M22: 3.3 | N22: 0 | O22: 0 | P22: 0 | Q22: =1.53*1.02 -> 1.5606 | R22: 1.89 | S22: 0 | T22: =M22-(Q22+R22+S22) -> -0.1506 | U22: 48 | V22: 0 | W22: =M22-N22-O22-P22-Q22-R22-S22-T22+U22+V22 -> 48 | X22: =W22-AO22 -> 48 | Y22: =Y21+(X22*1.9835) -> 3130.5089 | Z22: =Z21+X22*(26300/37500)*1.9835 -> 2195.5302 | AE22: 0 | AH22: 36 | AI22: =AI21-AH22 -> 4639 | AK22: =N22+O22+P22+Q22+R22+S22+T22+W22+AE22+AH22 -> 87.3 | AL22: =IF(L22<0,L22*-1,0) -> 3.8436299 | AM22: =AK22+AL22 -> 91.14363 | AN22: =AN21+(W22*1.9835) -> 3244.8672 | AO22: 0 | AV22: 0 | AW22: 45 | AX22: 11 | AZ22: =SUM(N22,P22:T22) -> 3.3
A23: =A22+1 -> 11 | B23: 6899.35 | C23: 281192 | D23: =C23-C22 -> -74 | E23: =C23-152000 -> 129192 | F23: =D23/$D$2 -> -37.307789 | G23: 54 | H23: 0.34 | I23: =G23+H23 -> 54.34 | J23: =IF(L23>0,L23,0) -> 0 | K23: =I23+J23 -> 54.34 | L23: =F23-(I23-AK23) -> -4.3477893 | M23: 3.3 | N23: 0 | O23: 0 | P23: 0 | Q23: =1.53*1.02 -> 1.5606 | R23: 1.97 | S23: 0 | T23: =M23-(Q23+R23+S23) -> -0.2306 | U23: 48 | V23: 0 | W23: =M23-N23-O23-P23-Q23-R23-S23-T23+U23+V23 -> 48 | X23: =W23-AO23 -> 48 | Y23: =Y22+(X23*1.9835) -> 3225.7169 | Z23: =Z22+X23*(26300/37500)*1.9835 -> 2262.3028 | AE23: 0 | AH23: 36 | AI23: =AI22-AH23 -> 4603 | AK23: =N23+O23+P23+Q23+R23+S23+T23+W23+AE23+AH23 -> 87.3 | AL23: =IF(L23<0,L23*-1,0) -> 4.3477893 | AM23: =AK23+AL23 -> 91.647789 | AN23: =AN22+(W23*1.9835) -> 3340.0752 | AO23: 0 | AV23: 0 | AW23: 45 | AX23: 18 | AZ23: =SUM(N23,P23:T23) -> 3.3
A24: =A23+1 -> 12 | B24: 6899.33 | C24: 281119 | D24: =C24-C23 -> -73 | E24: =C24-152000 -> 129119 | F24: =D24/$D$2 -> -36.80363 | G24: 54 | H24: 0.32 | I24: =G24+H24 -> 54.32 | J24: =IF(L24>0,L24,0) -> 0 | K24: =I24+J24 -> 54.32 | L24: =F24-(I24-AK24) -> -4.0236299 | M24: 3.1 | N24: 0 | O24: 0 | P24: 0 | Q24: =1.53*1.02 -> 1.5606 | R24: 2.03 | S24: 0 | T24: =M24-(Q24+R24+S24) -> -0.4906 | U24: 48 | V24: 0 | W24: =M24-N24-O24-P24-Q24-R24-S24-T24+U24+V24 -> 48 | X24: =W24-AO24 -> 48 | Y24: =Y23+(X24*1.9835) -> 3320.9249 | Z24: =Z23+X24*(26300/37500)*1.9835 -> 2329.0753 | AE24: 0 | AH24: 36 | AI24: =AI23-AH24 -> 4567 | AK24: =N24+O24+P24+Q24+R24+S24+T24+W24+AE24+AH24 -> 87.1 | AL24: =IF(L24<0,L24*-1,0) -> 4.0236299 | AM24: =AK24+AL24 -> 91.12363 | AN24: =AN23+(W24*1.9835) -> 3435.2832 | AO24: 0 | AV24: 0 | AW24: 44 | AX24: 21 | AZ24: =SUM(N24,P24:T24) -> 3.1
A25: =A24+1 -> 13 | B25: 6899.31 | C25: 281045 | D25: =C25-C24 -> -74 | E25: =C25-152000 -> 129045 | F25: =D25/$D$2 -> -37.307789 | G25: 53 | H25: 0.47 | I25: =G25+H25 -> 53.47 | J25: =IF(L25>0,L25,0) -> 0 | K25: =I25+J25 -> 53.47 | L25: =F25-(I25-AK25) -> -3.6777893 | M25: 3.1 | N25: 0 | O25: 0 | P25: 0 | Q25: =1.53*1.02 -> 1.5606 | R25: 2.1 | S25: 0 | T25: =M25-(Q25+R25+S25) -> -0.5606 | U25: 48 | V25: 0 | W25: =M25-N25-O25-P25-Q25-R25-S25-T25+U25+V25 -> 48 | X25: =W25-AO25 -> 48 | Y25: =Y24+(X25*1.9835) -> 3416.1329 | Z25: =Z24+X25*(26300/37500)*1.9835 -> 2395.8478 | AE25: 0 | AH25: 36 | AI25: =AI24-AH25 -> 4531 | AK25: =N25+O25+P25+Q25+R25+S25+T25+W25+AE25+AH25 -> 87.1 | AL25: =IF(L25<0,L25*-1,0) -> 3.6777893 | AM25: =AK25+AL25 -> 90.777789 | AN25: =AN24+(W25*1.9835) -> 3530.4912 | AO25: 0 | AV25: 0 | AW25: 43 | AX25: 29 | AZ25: =SUM(N25,P25:T25) -> 3.1
... A41: =A40+1 -> 29 | B41: 6898.76 | C41: 279031 | D41: =C41-C40 -> -256 | E41: =C41-152000 -> 127031 | F41: =D41/$D$2 -> -129.06478 | G41: 28 | H41: 1.7 | I41: =G41+H41 -> 29.7 | J41: =IF(L41>0,L41,0) -> 14.335216 | K41: =I41+J41 -> 44.035216 | L41: =F41-(I41-AK41) -> 14.335216 | M41: 3.1 | N41: 0 | O41: 0 | P41: 0 | Q41: =1.53*1.02 -> 1.5606 | R41: 2.49 | S41: 0 | T41: =M41-(Q41+R41+S41) -> -0.9506 | U41: 134 | V41: 0 | W41: =M41-N41-O41-P41-Q41-R41-S41-T41+U41+V41 -> 134 | X41: =W41-AO41 -> 134 | Y41: =Y40+(X41*1.9835) -> 6200.9669 | Z41: =Z40+X41*(26300/37500)*1.9835 -> 4348.9448 | AE41: 0 | AH41: 36 | AI41: =AI40-AH41 -> 3955 | AK41: =N41+O41+P41+Q41+R41+S41+T41+W41+AE41+AH41 -> 173.1 | AL41: =IF(L41<0,L41*-1,0) -> 0 | AM41: =AK41+AL41 -> 173.1 | AN41: =AN40+(W41*1.9835) -> 6315.3252 | AO41: 0 | AV41: 0 | AW41: 34 | AX41: 8 | AZ41: =SUM(N41,P41:T41) -> 3.1
A42: 30 | B42: 6898.74 | C42: 278959 | D42: =C42-C41 -> -72 | E42: =C42-152000 -> 126959 | F42: =D42/$D$2 -> -36.299471 | G42: 28 | H42: 1.9 | I42: =G42+H42 -> 29.9 | J42: =IF(L42>0,L42,0) -> 14.900529 | K42: =I42+J42 -> 44.800529 | L42: =F42-(I42-AK42) -> 14.900529 | M42: 3.1 | N42: 0 | O42: 0 | P42: 0 | Q42: =1.53*1.02 -> 1.5606 | R42: 2.42 | S42: 0 | T42: =M42-(Q42+R42+S42) -> -0.8806 | U42: 42 | V42: 0 | W42: =M42-N42-O42-P42-Q42-R42-S42-T42+U42+V42 -> 42 | X42: =W42-AO42 -> 42 | Y42: =Y41+(X42*1.9835) -> 6284.2739 | Z42: =Z41+X42*(26300/37500)*1.9835 -> 4407.3707 | AE42: 0 | AH42: 36 | AI42: =AI41-AH42 -> 3919 | AK42: =N42+O42+P42+Q42+R42+S42+T42+W42+AE42+AH42 -> 81.1 | AL42: =IF(L42<0,L42*-1,0) -> 0 | AM42: =AK42+AL42 -> 81.1 | AN42: =AN41+(W42*1.9835) -> 6398.6322 | AO42: 0 | AV42: 0 | AW42: 38 | AX42: 9 | AZ42: =SUM(N42,P42:T42) -> 3.1
A43: 31 | B43: 6898.75 | C43: 278995 | D43: =C43-C42 -> 36 | E43: =C43-152000 -> 126995 | F43: =D43/$D$2 -> 18.149735 | G43: 28 | H43: 1.9 | I43: =G43+H43 -> 29.9 | J43: =IF(L43>0,L43,0) -> 27.349735 | K43: =I43+J43 -> 57.249735 | L43: =F43-(I43-AK43) -> 27.349735 | M43: 3.1 | N43: 0 | O43: 0 | P43: 0 | Q43: =1.53*1.02 -> 1.5606 | R43: 2.77 | S43: 0 | T43: =M43-(Q43+R43+S43) -> -1.2306 | U43: 0 | V43: 0 | W43: =M43-N43-O43-P43-Q43-R43-S43-T43+U43+V43 -> 0 | X43: =W43-AO43 -> 0 | Y43: =Y42+(X43*1.9835) -> 6284.2739 | Z43: =Z42+X43*(26300/37500)*1.9835 -> 4407.3707 | AE43: 0 | AH43: 36 | AI43: =AI42-AH43 -> 3883 | AK43: =N43+O43+P43+Q43+R43+S43+T43+W43+AE43+AH43 -> 39.1 | AL43: =IF(L43<0,L43*-1,0) -> 0 | AM43: =AK43+AL43 -> 39.1 | AN43: =AN42+(W43*1.9835) -> 6398.6322 | AO43: 0 | AV43: 0 | AW43: 36 | AX43: 9 | AZ43: =SUM(N43,P43:T43) -> 3.1
W44: =M44-N44-O44-Q44-R44-S44+U44+V44 -> 0 | X44: =N44-O44-P44-R44-S44-T44+V44+W44 -> 0 | AK44: =N44+O44+Q44+R44+S44+W44+AE44+AH44 -> 0
A45: MONTH / CFS | F45: =SUM(F13:F43) -> -1385.4298 | G45: =SUM(G13:G43) -> 1235 | H45: =SUM(H13:H43) -> 23.7 | I45: =SUM(I13:I43) -> 1258.7 | J45: =SUM(J13:J43) -> 650.2574 | K45: =SUM(K13:K43) -> 1908.9574 | L45: =SUM(L13:L43) -> 579.2702 | M45: =SUM(M13:M44) -> 99.4 | N45: =SUM(N13:N43) -> 0 | O45: =SUM(O13:O43) -> 0 | Q45: =SUM(Q13:Q43) -> 48.3786 | R45: =SUM(R13:R43) -> 69.95 | S45: =SUM(S13:S43) -> 0 | T45: =SUM(T13:T43) -> -18.9286 | U45: =SUM(U13:U43) -> 2008 | V45: =SUM(V13:V43) -> 0 | W45: =SUM(W13:W43) -> 2008 | X45: =SUM(X13:X43) -> 2008 | AH45: =SUM(AH13:AH44) -> 1116 | AJ45: =SUM(AJ14:AJ43) -> 0 | AK45: =SUM(AK13:AK44) -> 3223.4 | AL45: =SUM(AL13:AL43) -> 70.987194 | AM45: =SUM(AM13:AM43) -> 3294.3872 | AO45: =SUM(AO13:AO43) -> 0 | AV45: =SUM(AV13:AV43) -> 1.5 | AW45: =AVERAGE(AW13:AW43) -> 38.032258 | AX45: =AVERAGE(AX13:AX43) -> 14.935484 | AY45: Avg | AZ45: =SUM(AZ13:AZ43) -> 99.4
A46: MONTH / AF | D46: =SUM(D13:D43) -> -2748 | F46: =F45*$D$2 -> -2748 | G46: =G45*$D$2 -> 2449.6225 | H46: =H45*$D$2 -> 47.00895 | I46: =I45*$D$2 -> 2496.6314 | J46: =J45*$D$2 -> 1289.7856 | K46: =K45*$D$2 -> 3786.417 | L46: =L45*$D$2 -> 1148.9824 | M46: =M45*$D$2 -> 197.1599 | ... O46: =O45*$D$2 -> 0 | Q46: =Q45*$D$2 -> 95.958953 | R46: =R45*$D$2 -> 138.74582 | S46: =S45*$D$2 -> 0 | T46: =T45*$D$2 -> -37.544878 | U46: =U45*$D$2 -> 3982.868 | V46: =V45*$D$2 -> 0 | W46: =W45*$D$2 -> 3982.868 | X46: =X45*$D$2 -> 3982.868 | AH46: =AH45*$D$2 -> 2213.586 | AJ46: =AJ45*$D$2 -> 0 | AK46: =AK45*$D$2 -> 6393.6139 | AL46: =AL45*$D$2 -> 140.8031 | AM46: =AM45*$D$2 -> 6534.417 | AO46: =AO45*$D$2 -> 0 | AW46: =MAX(AW13:AW43) -> 53 | AX46: =MAX(AX13:AX43) -> 29 | AY46: HI | AZ46: =AZ45*$D$2 -> 197.1599
A48: SEASON / CFS | AW48: =MIN(AW13:AW43) -> 17 | AX48: =MIN(AX13:AX43) -> -4 | AY48: LO
A49: SEASON / AF
A51: YTD / CFS | F51: =F11+F45 -> -2927.149 | G51: =G11+G45 -> 2860 | H51: =H11+H45 -> 23.7 | I51: =I11+I45 -> 2883.7 | J51: =J11+J45 -> 851.69208 | K51: =K11+K45 -> 3735.3921 | L51: =L11+L45 -> 219.65102 | M51: =M11+M45 -> 402.2 | N51: =N11+N45 -> 0 | O51: 0 | Q51: =Q11+Q45 -> 96.7266 | R51: =R11+R45 -> 143.22 | S51: =S11+S45 -> 0 | T51: =T11+T45 -> -25.9906 | U51: =U11+U45 -> 3357 | V51: =V11+V45 -> 76.3 | W51: =W11+W45 -> 3621.544 | X51: =X11+X45 -> 3168.2752 | AH51: =AH11+AH45 -> 2195 | AI51: =AI43 -> 3883 | AJ51: =AJ12+AJ45 -> 0 | AK51: =AK11+AK45 -> 6030.5 | AL51: =AL11+AL45 -> 632.04106 | AM51: =AM11+AM45 -> 6662.5411 | AO51: =AO11+AO45 -> 453.2688 | AV51: =AV11+AV45 -> 2.35 | AZ51: =AZ11+AZ45 -> 213.956
A52: YTD / AF | D52: =D11+D46 -> -5806 | E52: =E43 -> 126995 | F52: =F51*$D$2 -> -5806 | G52: =G51*$D$2 -> 5672.81 | H52: =H51*$D$2 -> 47.00895 | I52: =I51*$D$2 -> 5719.8189 | J52: =J51*$D$2 -> 1689.3312 | K52: =K51*$D$2 -> 7409.1502 | L52: =L51*$D$2 -> 435.6778 | M52: =M51*$D$2 -> 797.7637 | ... O52: =O51*$D$2 -> 0 | Q52: =Q51*$D$2 -> 191.85721 | R52: =R51*$D$2 -> 284.07687 | S52: =S51*$D$2 -> 0 | T52: =T51*$D$2 -> -51.552355 | U52: =U51*$D$2 -> 6658.6095 | V52: =V51*$D$2 -> 151.34105 | W52: =W51*$D$2 -> 7183.3325 | X52: =X51*$D$2 -> 6284.2739 | AH52: =AH51*$D$2 -> 4353.7825 | AI52: =AI51*$D$2 -> 7701.9305 | AJ52: =AJ51*$D$2 -> 0 | AK52: =AK51*$D$2 -> 11961.497 | AL52: =AL51*$D$2 -> 1253.6535 | AM52: =AM51*$D$2 -> 13215.15 | AN52: =AN43 -> 6398.6322 | AO52: =AO51*$D$2 -> 899.05866 | AZ52: =AZ51*$D$2 -> 424.38173

Sheet JAN
K1: MCPHEE RESERVOIR INFLOW/OUTFLOW TABULATION
A2: AF/cfs CONVERT FACTOR | D2: 1.9835 | K2: JANUARY "2009"
D4: RESERVOIR | W4: INFLOW/OUTFLOW (CFS) | AP4: ADJUSTMENTS | AW4: WEATHER
A5: DATE | B5: RESERV | C5: RESERV | D5: AC FT | E5: ACTIVE | F5: CONV TO | G5: DOLORES | H5: LOST | I5: RECORD | J5: CALC | K5: TOTAL | L5: CALC | M5: DOLORES TUNNEL | U5: LONE | V5: U | W5: TOTAL | X5: TOTAL | Y5: TOTAL | Z5: TOTAl | AA5: MVI | AB5: MVI | AC5: TO EX & | AD5: MVI | AE5: DV CR | AF5: D/S SENIOR | AH5: BELOW | AI5: FISH | AJ5: SPILL | AK5: RECORD | AL5: CALC | AM5: TOTAL | AN5: NAR | AO5: MVI | AP5: MVI | AQ5: MVI | AR5: DIST. | AS5: U/S | AT5: TOTTEN | AU5: UTES | AV5: RAIN | AW5: MAX | AX5: MIN | AZ5: TOTAL
A6: JAN | B6: ELEV | D6: CHANGE | E6: CAP | F6: CFS | G6: RIVER | H6: CAN | I6: INFLOW | J6: INFLOW | K6: INFLOW | L6: INF/OTF | M6: TOT DIV | N6: WET | O6: UTE | P6: QUEST | Q6: MWC | R6: CTZ | S6: CTZ & | T6: F-BAY | U6: PINE | V6: LAT | W6: MVI | X6: MVI | Y6: MVI | Z6: MVI | AA6: CALL | AB6: APR- | AC6: U/S EX | AD6: PROJ | AE6: CANAL | AF6: MVIC | AG6: PROJ | AH6: MCP | AI6: LEFT | AK6: OTF | AL6: OTF | AM6: OTF | AN6: CALL | AO6: STOCK | AP6: STORED | AQ6: STORED | AR6: CLASS | AS6: USERS | AT6: (FRESH | AU6: FROM | AW6: TMP | AX6: TMP | AZ6: TUNNEL
N7: LAND | O7: F&R | S7: UTE | T7: SPILL | W7: 153400 | X7: IRRIG. | Y7: IRRIG. | Z7: 105500 | AB7: JUNE | AF7: 1.7 | AG7: 1.3 | AI7: 31798 | AP7: Apr - Jun | AQ7: EVAP | AR7: "B" | AS7: EXCH | AT7: WATER) | AU7: MVIC | AZ7: Outflow
C8: AC. Ft. | E8: AC FT | G8: CFS | H8: CFS | I8: CFS | J8: CFS | K8: CFS | L8: CFS | M8: CFS | N8: CFS | O8: CFS | P8: CFS | Q8: CFS | R8: CFS | S8: PROJ | T8: CFS | U8: CFS | V8: CFS | W8: CFS | X8: 150400 | Y8: 150400 | Z8: Ac. Ft. | AA8: CFS | AB8: 72000 | AC8: CFS | AD8: CFS | AE8: CFS | AF8: CFS | AG8: CFS | AH8: CFS | AI8: CFS | AJ8: CFS | AK8: CFS | AL8: CFS | AM8: CFS | AN8: AC FT | AO8: CFS | AP8: CFS | AQ8: AC.FT. | AR8: CFS | AS8: CFS | AT8: CFS | AU8: CFS | AZ8: CFS
N9: 1.03 | O9: 1.05 | P9: 1.02 | Q9: 1.02 | R9: 1.04 | S9: CFS | X9: CFS | Y9: Ac. Ft. | AB9: Ac. Ft.
A10: SEASON BAL
A11: YTD | B11: =DEC!B43 -> 6898.75 | C11: =DEC!C43 -> 278995 | D11: =DEC!D52 -> -5806 | E11: =DEC!E52 -> 126995 | F11: =DEC!F51 -> -2927.149 | G11: =DEC!G51 -> 2860 | H11: =DEC!H51 -> 23.7 | I11: =DEC!I51 -> 2883.7 | J11: =DEC!J51 -> 851.69208 | K11: =DEC!K51 -> 3735.3921 | L11: =DEC!L51 -> 219.65102 | M11: =DEC!M51 -> 402.2 | ... O11: =DEC!O51 -> 0 | Q11: =DEC!Q51 -> 96.7266 | R11: =DEC!R51 -> 143.22 | S11: =DEC!S51 -> 0 | T11: =DEC!T51 -> -25.9906 | U11: =DEC!U51 -> 3357 | V11: =DEC!V51 -> 76.3 | W11: =DEC!W51 -> 3621.544 | X11: =DEC!X51 -> 3168.2752 | Y11: =DEC!Y43 -> 6284.2739 | Z11: =DEC!Z43 -> 4407.3707 | AH11: =DEC!AH51 -> 2195 | AI11: =DEC!AI51 -> 3883 | AJ11: =DEC!AJ51 -> 0 | AK11: =DEC!AK51 -> 6030.5 | AL11: =DEC!AL51 -> 632.04106 | AM11: =DEC!AM51 -> 6662.5411 | AN11: =DEC!AN52 -> 6398.6322 | AO11: =DEC!AO51 -> 453.2688 | AV11: =DEC!AV51 -> 2.35 | AZ11: =DEC!AZ51 -> 213.956
A13: 1 | B13: 6898.76 | C13: 279031 | D13: =C13-C11 -> 36 | E13: =C13-152000 -> 127031 | F13: =D13/$D$2 -> 18.149735 | G13: 28 | H13: 1.9 | I13: =G13+H13 -> 29.9 | J13: =IF(L13>0,L13,0) -> 27.349735 | K13: =I13+J13 -> 57.249735 | L13: =F13-(I13-AK13) -> 27.349735 | M13: 3.1 | N13: 0 | O13: 0 | P13: 0 | Q13: =1.52*1.02 -> 1.5504 | R13: 2.49 | S13: 0 | T13: =M13-(Q13+R13+S13) -> -0.9404 | U13: 0 | V13: 0 | W13: =M13-N13-O13-P13-Q13-R13-S13-T13+U13+V13 -> 0 | X13: =W13-AO13 -> 0 | Y13: =Y11+(X13*1.9835) -> 6284.2739 | Z13: =Z11+X13*(26300/37500)*1.9835 -> 4407.3707 | AE13: 0 | AH13: 36 | AI13: =AI11-AH13 -> 3847 | AK13: =N13+O13+P13+Q13+R13+S13+T13+W13+AE13+AH13 -> 39.1 | AL13: =IF(L13<0,L13*-1,0) -> 0 | AM13: =AK13+AL13 -> 39.1 | AN13: =AN11+(W13*1.9835) -> 6398.6322 | AO13: 0 | AV13: 0 | AW13: 35 | AX13: 4 | AZ13: =SUM(N13,P13:T13) -> 3.1
A14: =A13+1 -> 2 | B14: 6898.78 | C14: 279104 | D14: =C14-C13 -> 73 | E14: =C14-152000 -> 127104 | F14: =D14/$D$2 -> 36.80363 | G14: 28 | H14: 1.9 | I14: =G14+H14 -> 29.9 | J14: =IF(L14>0,L14,0) -> 46.00363 | K14: =I14+J14 -> 75.90363 | L14: =F14-(I14-AK14) -> 46.00363 | M14: 3.1 | N14: 0 | O14: 0 | P14: 0 | Q14: =1.52*1.02 -> 1.5504 | R14: 2.51 | S14: 0 | T14: =M14-(Q14+R14+S14) -> -0.9604 | U14: 0 | V14: 0 | W14: =M14-N14-O14-P14-Q14-R14-S14-T14+U14+V14 -> 0 | X14: =W14-AO14 -> 0 | Y14: =Y13+(X14*1.9835) -> 6284.2739 | Z14: =Z13+X14*(26300/37500)*1.9835 -> 4407.3707 | AE14: 0 | AH14: 36 | AI14: =AI13-AH14 -> 3811 | AK14: =N14+O14+P14+Q14+R14+S14+T14+W14+AE14+AH14 -> 39.1 | AL14: =IF(L14<0,L14*-1,0) -> 0 | AM14: =AK14+AL14 -> 39.1 | AN14: =AN13+(W14*1.9835) -> 6398.6322 | AO14: 0 | AV14: 0 | AW14: 41 | AX14: 6 | AZ14: =SUM(N14,P14:T14) -> 3.1
A15: =A14+1 -> 3 | B15: 6898.8 | C15: 279177 | D15: =C15-C14 -> 73 | E15: =C15-152000 -> 127177 | F15: =D15/$D$2 -> 36.80363 | G15: 30 | H15: 1.6 | I15: =G15+H15 -> 31.6 | J15: =IF(L15>0,L15,0) -> 44.30363 | K15: =I15+J15 -> 75.90363 | L15: =F15-(I15-AK15) -> 44.30363 | M15: 3.1 | N15: 0 | O15: 0 | P15: 0 | Q15: =1.52*1.02 -> 1.5504 | R15: 2.62 | S15: 0 | T15: =M15-(Q15+R15+S15) -> -1.0704 | U15: 0 | V15: 0 | W15: =M15-N15-O15-P15-Q15-R15-S15-T15+U15+V15 -> 0 | X15: =W15-AO15 -> 0 | Y15: =Y14+(X15*1.9835) -> 6284.2739 | Z15: =Z14+X15*(26300/37500)*1.9835 -> 4407.3707 | AE15: 0 | AH15: 36 | AI15: =AI14-AH15 -> 3775 | AK15: =N15+O15+P15+Q15+R15+S15+T15+W15+AE15+AH15 -> 39.1 | AL15: =IF(L15<0,L15*-1,0) -> 0 | AM15: =AK15+AL15 -> 39.1 | AN15: =AN14+(W15*1.9835) -> 6398.6322 | AO15: 0 | AV15: 0.02 | AW15: 37 | AX15: 17 | AZ15: =SUM(N15,P15:T15) -> 3.1
A16: =A15+1 -> 4 | B16: 6898.81 | C16: 279214 | D16: =C16-C15 -> 37 | E16: =C16-152000 -> 127214 | F16: =D16/$D$2 -> 18.653895 | G16: 30 | H16: 1.5 | I16: =G16+H16 -> 31.5 | J16: =IF(L16>0,L16,0) -> 26.253895 | K16: =I16+J16 -> 57.753895 | L16: =F16-(I16-AK16) -> 26.253895 | M16: 3.1 | N16: 0 | O16: 0 | P16: 0 | Q16: =1.52*1.02 -> 1.5504 | R16: 2.45 | S16: 0 | T16: =M16-(Q16+R16+S16) -> -0.9004 | U16: 0 | V16: 0 | W16: =M16-N16-O16-P16-Q16-R16-S16-T16+U16+V16 -> 0 | X16: =W16-AO16 -> 0 | Y16: =Y15+(X16*1.9835) -> 6284.2739 | Z16: =Z15+X16*(26300/37500)*1.9835 -> 4407.3707 | AE16: 0 | AH16: 36 | AI16: =AI15-AH16 -> 3739 | AK16: =N16+O16+P16+Q16+R16+S16+T16+W16+AE16+AH16 -> 39.1 | AL16: =IF(L16<0,L16*-1,0) -> 0 | AM16: =AK16+AL16 -> 39.1 | AN16: =AN15+(W16*1.9835) -> 6398.6322 | AO16: 0 | AV16: 0.02 | AW16: 31 | AX16: 19 | AZ16: =SUM(N16,P16:T16) -> 3.1
A17: =A16+1 -> 5 | B17: 6898.82 | C17: 279250 | D17: =C17-C16 -> 36 | E17: =C17-152000 -> 127250 | F17: =D17/$D$2 -> 18.149735 | G17: 30 | H17: 1.3 | I17: =G17+H17 -> 31.3 | J17: =IF(L17>0,L17,0) -> 25.149735 | K17: =I17+J17 -> 56.449735 | L17: =F17-(I17-AK17) -> 25.149735 | M17: 3.3 | N17: 0 | O17: 0 | P17: 0 | Q17: =1.52*1.02 -> 1.5504 | R17: 2.46 | S17: 0 | T17: =M17-(Q17+R17+S17) -> -0.7104 | U17: 0 | V17: 0 | W17: =M17-N17-O17-P17-Q17-R17-S17-T17+U17+V17 -> 0 | X17: =W17-AO17 -> 0 | Y17: =Y16+(X17*1.9835) -> 6284.2739 | Z17: =Z16+X17*(26300/37500)*1.9835 -> 4407.3707 | AE17: 0 | AH17: 35 | AI17: =AI16-AH17 -> 3704 | AK17: =N17+O17+P17+Q17+R17+S17+T17+W17+AE17+AH17 -> 38.3 | AL17: =IF(L17<0,L17*-1,0) -> 0 | AM17: =AK17+AL17 -> 38.3 | AN17: =AN16+(W17*1.9835) -> 6398.6322 | AO17: 0 | AV17: 0 | AW17: 28 | AX17: 8 | AZ17: =SUM(N17,P17:T17) -> 3.3
A18: =A17+1 -> 6 | B18: 6898.83 | C18: 279287 | D18: =C18-C17 -> 37 | E18: =C18-152000 -> 127287 | F18: =D18/$D$2 -> 18.653895 | G18: 30 | H18: 1 | I18: =G18+H18 -> 31 | J18: =IF(L18>0,L18,0) -> 24.953895 | K18: =I18+J18 -> 55.953895 | L18: =F18-(I18-AK18) -> 24.953895 | M18: 3.3 | N18: 0 | O18: 0 | P18: 0 | Q18: =1.52*1.02 -> 1.5504 | R18: 2.37 | S18: 0 | T18: =M18-(Q18+R18+S18) -> -0.6204 | U18: 0 | V18: 0 | W18: =M18-N18-O18-P18-Q18-R18-S18-T18+U18+V18 -> 0 | X18: =W18-AO18 -> 0 | Y18: =Y17+(X18*1.9835) -> 6284.2739 | Z18: =Z17+X18*(26300/37500)*1.9835 -> 4407.3707 | AE18: 0 | AH18: 34 | AI18: =AI17-AH18 -> 3670 | AK18: =N18+O18+P18+Q18+R18+S18+T18+W18+AE18+AH18 -> 37.3 | AL18: =IF(L18<0,L18*-1,0) -> 0 | AM18: =AK18+AL18 -> 37.3 | AN18: =AN17+(W18*1.9835) -> 6398.6322 | AO18: 0 | AV18: 0 | AW18: 33 | AX18: -2 | AZ18: =SUM(N18,P18:T18) -> 3.3
A19: =A18+1 -> 7 | B19: 6898.83 | C19: 279287 | D19: =C19-C18 -> 0 | E19: =C19-152000 -> 127287 | F19: =D19/$D$2 -> 0 | G19: 29 | H19: 0.88 | I19: =G19+H19 -> 29.88 | J19: =IF(L19>0,L19,0) -> 38.42 | K19: =I19+J19 -> 68.3 | L19: =F19-(I19-AK19) -> 38.42 | M19: 3.3 | N19: 0 | O19: 0 | P19: 0 | Q19: =1.52*1.02 -> 1.5504 | R19: 2.25 | S19: 0 | T19: =M19-(Q19+R19+S19) -> -0.5004 | U19: 31 | V19: 0 | W19: =M19-N19-O19-P19-Q19-R19-S19-T19+U19+V19 -> 31 | X19: =W19-AO19 -> 31 | Y19: =Y18+(X19*1.9835) -> 6345.7624 | Z19: =Z18+X19*(26300/37500)*1.9835 -> 4450.4947 | AE19: 0 | AH19: 34 | AI19: =AI18-AH19 -> 3636 | AK19: =N19+O19+P19+Q19+R19+S19+T19+W19+AE19+AH19 -> 68.3 | AL19: =IF(L19<0,L19*-1,0) -> 0 | AM19: =AK19+AL19 -> 68.3 | AN19: =AN18+(W19*1.9835) -> 6460.1207 | AO19: 0 | AV19: 0 | AW19: 35 | AX19: -4 | AZ19: =SUM(N19,P19:T19) -> 3.3
A20: =A19+1 -> 8 | B20: 6898.81 | C20: 279214 | D20: =C20-C19 -> -73 | E20: =C20-152000 -> 127214 | F20: =D20/$D$2 -> -36.80363 | G20: 28 | H20: 0.83 | I20: =G20+H20 -> 28.83 | J20: =IF(L20>0,L20,0) -> 18.76637 | K20: =I20+J20 -> 47.59637 | L20: =F20-(I20-AK20) -> 18.76637 | M20: 3.4 | N20: 0 | O20: 0 | P20: 0 | Q20: =1.52*1.02 -> 1.5504 | R20: 2.42 | S20: 0 | T20: =M20-(Q20+R20+S20) -> -0.5704 | U20: 47 | V20: 0 | W20: =M20-N20-O20-P20-Q20-R20-S20-T20+U20+V20 -> 47 | X20: =W20-AO20 -> 47 | Y20: =Y19+(X20*1.9835) -> 6438.9869 | Z20: =Z19+X20*(26300/37500)*1.9835 -> 4515.8761 | AE20: 0 | AH20: 34 | AI20: =AI19-AH20 -> 3602 | AK20: =N20+O20+P20+Q20+R20+S20+T20+W20+AE20+AH20 -> 84.4 | AL20: =IF(L20<0,L20*-1,0) -> 0 | AM20: =AK20+AL20 -> 84.4 | AN20: =AN19+(W20*1.9835) -> 6553.3452 | AO20: 0 | AV20: 0 | AW20: 34 | AX20: 5 | AZ20: =SUM(N20,P20:T20) -> 3.4
A21: =A20+1 -> 9 | B21: 6898.8 | C21: 279177 | D21: =C21-C20 -> -37 | E21: =C21-152000 -> 127177 | F21: =D21/$D$2 -> -18.653895 | G21: 27 | H21: 0.75 | I21: =G21+H21 -> 27.75 | J21: =IF(L21>0,L21,0) -> 35.996105 | K21: =I21+J21 -> 63.746105 | L21: =F21-(I21-AK21) -> 35.996105 | M21: 3.4 | N21: 0 | O21: 0 | P21: 0 | Q21: =1.52*1.02 -> 1.5504 | R21: 2.57 | S21: 0 | T21: =M21-(Q21+R21+S21) -> -0.7204 | U21: 45 | V21: 0 | W21: =M21-N21-O21-P21-Q21-R21-S21-T21+U21+V21 -> 45 | X21: =W21-AO21 -> 45 | Y21: =Y20+(X21*1.9835) -> 6528.2444 | Z21: =Z20+X21*(26300/37500)*1.9835 -> 4578.4754 | AE21: 0 | AH21: 34 | AI21: =AI20-AH21 -> 3568 | AK21: =N21+O21+P21+Q21+R21+S21+T21+W21+AE21+AH21 -> 82.4 | AL21: =IF(L21<0,L21*-1,0) -> 0 | AM21: =AK21+AL21 -> 82.4 | AN21: =AN20+(W21*1.9835) -> 6642.6027 | AO21: 0 | AV21: 0 | AW21: 35 | AX21: 6 | AZ21: =SUM(N21,P21:T21) -> 3.4
A22: =A21+1 -> 10 | B22: 6898.79 | C22: 279141 | D22: =C22-C21 -> -36 | E22: =C22-152000 -> 127141 | F22: =D22/$D$2 -> -18.149735 | G22: 26 | H22: 0.75 | I22: =G22+H22 -> 26.75 | J22: =IF(L22>0,L22,0) -> 37.500265 | K22: =I22+J22 -> 64.250265 | L22: =F22-(I22-AK22) -> 37.500265 | M22: 3.4 | N22: 0 | O22: 0 | P22: 0 | Q22: =1.52*1.02 -> 1.5504 | R22: 2.38 | S22: 0 | T22: =M22-(Q22+R22+S22) -> -0.5304 | U22: 45 | V22: 0 | W22: =M22-N22-O22-P22-Q22-R22-S22-T22+U22+V22 -> 45 | X22: =W22-AO22 -> 45 | Y22: =Y21+(X22*1.9835) -> 6617.5019 | Z22: =Z21+X22*(26300/37500)*1.9835 -> 4641.0746 | AE22: 0 | AH22: 34 | AI22: =AI21-AH22 -> 3534 | AK22: =N22+O22+P22+Q22+R22+S22+T22+W22+AE22+AH22 -> 82.4 | AL22: =IF(L22<0,L22*-1,0) -> 0 | AM22: =AK22+AL22 -> 82.4 | AN22: =AN21+(W22*1.9835) -> 6731.8602 | AO22: 0 | AV22: 0 | AW22: 38 | AX22: 7 | AZ22: =SUM(N22,P22:T22) -> 3.4
A23: =A22+1 -> 11 | B23: 6898.77 | C23: 279068 | D23: =C23-C22 -> -73 | E23: =C23-152000 -> 127068 | F23: =D23/$D$2 -> -36.80363 | G23: 14 | H23: 0.66 | I23: =G23+H23 -> 14.66 | J23: =IF(L23>0,L23,0) -> 30.93637 | K23: =I23+J23 -> 45.59637 | L23: =F23-(I23-AK23) -> 30.93637 | M23: 3.4 | N23: 0 | O23: 0 | P23: 0 | Q23: =1.52*1.02 -> 1.5504 | R23: 2.31 | S23: 0 | T23: =M23-(Q23+R23+S23) -> -0.4604 | U23: 45 | V23: 0 | W23: =M23-N23-O23-P23-Q23-R23-S23-T23+U23+V23 -> 45 | X23: =W23-AO23 -> 45 | Y23: =Y22+(X23*1.9835) -> 6706.7594 | Z23: =Z22+X23*(26300/37500)*1.9835 -> 4703.6739 | AE23: 0 | AH23: 34 | AI23: =AI22-AH23 -> 3500 | AK23: =N23+O23+P23+Q23+R23+S23+T23+W23+AE23+AH23 -> 82.4 | AL23: =IF(L23<0,L23*-1,0) -> 0 | AM23: =AK23+AL23 -> 82.4 | AN23: =AN22+(W23*1.9835) -> 6821.1177 | AO23: 0 | AV23: 0 | AW23: 39 | AX23: 8 | AZ23: =SUM(N23,P23:T23) -> 3.4
A24: =A23+1 -> 12 | B24: 6898.74 | C24: 278959 | D24: =C24-C23 -> -109 | E24: =C24-152000 -> 126959 | F24: =D24/$D$2 -> -54.953365 | G24: 11 | H24: 0.61 | I24: =G24+H24 -> 11.61 | J24: =IF(L24>0,L24,0) -> 21.836635 | K24: =I24+J24 -> 33.446635 | L24: =F24-(I24-AK24) -> 21.836635 | M24: 3.4 | N24: 0 | O24: 0 | P24: 0 | Q24: =1.52*1.02 -> 1.5504 | R24: 2.27 | S24: 0 | T24: =M24-(Q24+R24+S24) -> -0.4204 | U24: 51 | V24: 0 | W24: =M24-N24-O24-P24-Q24-R24-S24-T24+U24+V24 -> 51 | X24: =W24-AO24 -> 51 | Y24: =Y23+(X24*1.9835) -> 6807.9179 | Z24: =Z23+X24*(26300/37500)*1.9835 -> 4774.6197 | AE24: 0 | AH24: 34 | AI24: =AI23-AH24 -> 3466 | AK24: =N24+O24+P24+Q24+R24+S24+T24+W24+AE24+AH24 -> 88.4 | AL24: =IF(L24<0,L24*-1,0) -> 0 | AM24: =AK24+AL24 -> 88.4 | AN24: =AN23+(W24*1.9835) -> 6922.2762 | AO24: 0 | AV24: 0 | AW24: 42 | AX24: 1 | AZ24: =SUM(N24,P24:T24) -> 3.4
A25: 13 | B25: 6898.71 | C25: 278849 | D25: =C25-C24 -> -110 | E25: =C25-152000 -> 126849 | F25: =D25/$D$2 -> -55.457525 | G25: 23 | H25: 0.66 | I25: =G25+H25 -> 23.66 | J25: =IF(L25>0,L25,0) -> 14.282475 | K25: =I25+J25 -> 37.942475 | L25: =F25-(I25-AK25) -> 14.282475 | M25: 3.4 | N25: 0 | O25: 0 | P25: 0 | Q25: =1.52*1.02 -> 1.5504 | R25: 2.23 | S25: 0 | T25: =M25-(Q25+R25+S25) -> -0.3804 | U25: 56 | V25: 0 | W25: =M25-N25-O25-P25-Q25-R25-S25-T25+U25+V25 -> 56 | X25: =W25-AO25 -> 56 | Y25: =Y24+(X25*1.9835) -> 6918.9939 | Z25: =Z24+X25*(26300/37500)*1.9835 -> 4852.521 | AE25: 0 | AH25: 34 | AI25: =AI24-AH25 -> 3432 | AK25: =N25+O25+P25+Q25+R25+S25+T25+W25+AE25+AH25 -> 93.4 | AL25: =IF(L25<0,L25*-1,0) -> 0 | AM25: =AK25+AL25 -> 93.4 | AN25: =AN24+(W25*1.9835) -> 7033.3522 | AO25: 0 | AV25: 0 | AW25: 35 | AX25: 3 | AZ25: =SUM(N25,P25:T25) -> 3.4
A26: =A25+1 -> 14 | B26: 6898.69 | C26: 278776 | D26: =C26-C25 -> -73 | E26: =C26-152000 -> 126776 | F26: =D26/$D$2 -> -36.80363 | G26: 24 | H26: 0.58 | I26: =G26+H26 -> 24.58 | J26: =IF(L26>0,L26,0) -> 31.81637 | K26: =I26+J26 -> 56.39637 | L26: =F26-(I26-AK26) -> 31.81637 | M26: 3.2 | N26: 0 | O26: 0 | P26: 0 | Q26: =1.52*1.02 -> 1.5504 | R26: 2.42 | S26: 0 | T26: =M26-(Q26+R26+S26) -> -0.7704 | U26: 56 | V26: 0 | W26: =M26-N26-O26-P26-Q26-R26-S26-T26+U26+V26 -> 56 | X26: =W26-AO26 -> 56 | Y26: =Y25+(X26*1.9835) -> 7030.0699 | Z26: =Z25+X26*(26300/37500)*1.9835 -> 4930.4223 | AE26: 0 | AH26: 34 | AI26: =AI25-AH26 -> 3398 | AK26: =N26+O26+P26+Q26+R26+S26+T26+W26+AE26+AH26 -> 93.2 | AL26: =IF(L26<0,L26*-1,0) -> 0 | AM26: =AK26+AL26 -> 93.2 | AN26: =AN25+(W26*1.9835) -> 7144.4282 | AO26: 0 | AV26: 0 | AW26: 36 | AX26: 7 | AZ26: =SUM(N26,P26:T26) -> 3.2
A27: =A26+1 -> 15 | B27: 6898.67 | C27: 278703 | D27: =C27-C26 -> -73 | E27: =C27-152000 -> 126703 | F27: =D27/$D$2 -> -36.80363 | G27: 24 | H27: 0.5 | I27: =G27+H27 -> 24.5 | J27: =IF(L27>0,L27,0) -> 31.79637 | K27: =I27+J27 -> 56.29637 | L27: =F27-(I27-AK27) -> 31.79637 | M27: 3.1 | N27: 0 | O27: 0 | P27: 0 | Q27: =1.52*1.02 -> 1.5504 | R27: 2.58 | S27: 0 | T27: =M27-(Q27+R27+S27) -> -1.0304 | U27: 56 | V27: 0 | W27: =M27-N27-O27-P27-Q27-R27-S27-T27+U27+V27 -> 56 | X27: =W27-AO27 -> 56 | Y27: =Y26+(X27*1.9835) -> 7141.1459 | Z27: =Z26+X27*(26300/37500)*1.9835 -> 5008.3236 | AE27: 0 | AH27: 34 | AI27: =AI26-AH27 -> 3364 | AK27: =N27+O27+P27+Q27+R27+S27+T27+W27+AE27+AH27 -> 93.1 | AL27: =IF(L27<0,L27*-1,0) -> 0 | AM27: =AK27+AL27 -> 93.1 | AN27: =AN26+(W27*1.9835) -> 7255.5042 | AO27: 0 | AV27: 0 | AW27: 41 | AX27: 8 | AZ27: =SUM(N27,P27:T27) -> 3.1
A28: =A27+1 -> 16 | B28: 6898.65 | C28: 278630 | D28: =C28-C27 -> -73 | E28: =C28-152000 -> 126630 | F28: =D28/$D$2 -> -36.80363 | G28: 24 | H28: 0.38 | I28: =G28+H28 -> 24.38 | J28: =IF(L28>0,L28,0) -> 32.21637 | K28: =I28+J28 -> 56.59637 | L28: =F28-(I28-AK28) -> 32.21637 | M28: 3.4 | N28: 0 | O28: 0 | P28: 0 | Q28: =1.52*1.02 -> 1.5504 | R28: 2.75 | S28: 0 | T28: =M28-(Q28+R28+S28) -> -0.9004 | U28: 56 | V28: 0 | W28: =M28-N28-O28-P28-Q28-R28-S28-T28+U28+V28 -> 56 | X28: =W28-AO28 -> 56 | Y28: =Y27+(X28*1.9835) -> 7252.2219 | Z28: =Z27+X28*(26300/37500)*1.9835 -> 5086.2249 | AE28: 0 | AH28: 34 | AI28: =AI27-AH28 -> 3330 | AK28: =N28+O28+P28+Q28+R28+S28+T28+W28+AE28+AH28 -> 93.4 | AL28: =IF(L28<0,L28*-1,0) -> 0 | AM28: =AK28+AL28 -> 93.4 | AN28: =AN27+(W28*1.9835) -> 7366.5802 | AO28: 0 | AV28: 0 | AW28: 41 | AX28: 10 | AZ28: =SUM(N28,P28:T28) -> 3.4
A29: =A28+1 -> 17 | B29: 6898.63 | C29: 278557 | D29: =C29-C28 -> -73 | E29: =C29-152000 -> 126557 | F29: =D29/$D$2 -> -36.80363 | G29: 24 | H29: 0.16 | I29: =G29+H29 -> 24.16 | J29: =IF(L29>0,L29,0) -> 33.03637 | K29: =I29+J29 -> 57.19637 | L29: =F29-(I29-AK29) -> 33.03637 | M29: 4 | N29: 0 | O29: 0 | P29: 0 | Q29: =1.52*1.02 -> 1.5504 | R29: 2.51 | S29: 0 | T29: =M29-(Q29+R29+S29) -> -0.0604 | U29: 56 | V29: 0 | W29: =M29-N29-O29-P29-Q29-R29-S29-T29+U29+V29 -> 56 | X29: =W29-AO29 -> 56 | Y29: =Y28+(X29*1.9835) -> 7363.2979 | Z29: =Z28+X29*(26300/37500)*1.9835 -> 5164.1262 | AE29: 0 | AH29: 34 | AI29: =AI28-AH29 -> 3296 | AK29: =N29+O29+P29+Q29+R29+S29+T29+W29+AE29+AH29 -> 94 | AL29: =IF(L29<0,L29*-1,0) -> 0 | AM29: =AK29+AL29 -> 94 | AN29: =AN28+(W29*1.9835) -> 7477.6562 | AO29: 0 | AV29: 0 | AW29: 43 | AX29: 10 | AZ29: =SUM(N29,P29:T29) -> 4
A30: =A29+1 -> 18 | B30: 6898.61 | C30: 278485 | D30: =C30-C29 -> -72 | E30: =C30-152000 -> 126485 | F30: =D30/$D$2 -> -36.299471 | G30: 24 | H30: 0.17 | I30: =G30+H30 -> 24.17 | J30: =IF(L30>0,L30,0) -> 33.530529 | K30: =I30+J30 -> 57.700529 | L30: =F30-(I30-AK30) -> 33.530529 | M30: 4 | N30: 0 | O30: 0 | P30: 0 | Q30: =1.52*1.02 -> 1.5504 | R30: 2.58 | S30: 0 | T30: =M30-(Q30+R30+S30) -> -0.1304 | U30: 56 | V30: 0 | W30: =M30-N30-O30-P30-Q30-R30-S30-T30+U30+V30 -> 56 | X30: =W30-AO30 -> 56 | Y30: =Y29+(X30*1.9835) -> 7474.3739 | Z30: =Z29+X30*(26300/37500)*1.9835 -> 5242.0275 | AE30: 0 | AH30: 34 | AI30: =AI29-AH30 -> 3262 | AK30: =N30+O30+P30+Q30+R30+S30+T30+W30+AE30+AH30 -> 94 | AL30: =IF(L30<0,L30*-1,0) -> 0 | AM30: =AK30+AL30 -> 94 | AN30: =AN29+(W30*1.9835) -> 7588.7322 | AO30: 0 | AV30: 0 | AW30: 45 | AX30: 11 | AZ30: =SUM(N30,P30:T30) -> 4
A31: =A30+1 -> 19 | B31: 6898.59 | C31: 278412 | D31: =C31-C30 -> -73 | E31: =C31-152000 -> 126412 | F31: =D31/$D$2 -> -36.80363 | G31: 27 | H31: 0.17 | I31: =G31+H31 -> 27.17 | J31: =IF(L31>0,L31,0) -> 29.62637 | K31: =I31+J31 -> 56.79637 | L31: =F31-(I31-AK31) -> 29.62637 | M31: 3.6 | N31: 0 | O31: 0 | P31: 0 | Q31: =1.52*1.02 -> 1.5504 | R31: 2.23 | S31: 0 | T31: =M31-(Q31+R31+S31) -> -0.1804 | U31: 56 | V31: 0 | W31: =M31-N31-O31-P31-Q31-R31-S31-T31+U31+V31 -> 56 | X31: =W31-AO31 -> 56 | Y31: =Y30+(X31*1.9835) -> 7585.4499 | Z31: =Z30+X31*(26300/37500)*1.9835 -> 5319.9288 | AE31: 0 | AH31: 34 | AI31: =AI30-AH31 -> 3228 | AK31: =N31+O31+P31+Q31+R31+S31+T31+W31+AE31+AH31 -> 93.6 | AL31: =IF(L31<0,L31*-1,0) -> 0 | AM31: =AK31+AL31 -> 93.6 | AN31: =AN30+(W31*1.9835) -> 7699.8082 | AO31: 0 | AV31: 0 | AW31: 48 | AX31: 13 | AZ31: =SUM(N31,P31:T31) -> 3.6
A32: =A31+1 -> 20 | B32: 6898.57 | C32: 278339 | D32: =C32-C31 -> -73 | E32: =C32-152000 -> 126339 | F32: =D32/$D$2 -> -36.80363 | G32: 32 | H32: 0.17 | I32: =G32+H32 -> 32.17 | J32: =IF(L32>0,L32,0) -> 24.42637 | K32: =I32+J32 -> 56.59637 | L32: =F32-(I32-AK32) -> 24.42637 | M32: 3.4 | N32: 0 | O32: 0 | P32: 0 | Q32: =1.52*1.02 -> 1.5504 | R32: 3.76 | S32: 0 | T32: =M32-(Q32+R32+S32) -> -1.9104 | U32: 56 | V32: 0 | W32: =M32-N32-O32-P32-Q32-R32-S32-T32+U32+V32 -> 56 | X32: =W32-AO32 -> 56 | Y32: =Y31+(X32*1.9835) -> 7696.5259 | Z32: =Z31+X32*(26300/37500)*1.9835 -> 5397.8301 | AE32: 0 | AH32: 34 | AI32: =AI31-AH32 -> 3194 | AK32: =N32+O32+P32+Q32+R32+S32+T32+W32+AE32+AH32 -> 93.4 | AL32: =IF(L32<0,L32*-1,0) -> 0 | AM32: =AK32+AL32 -> 93.4 | AN32: =AN31+(W32*1.9835) -> 7810.8842 | AO32: 0 | AV32: 0 | AW32: 56 | AX32: 18 | AZ32: =SUM(N32,P32:T32) -> 3.4
A33: =A32+1 -> 21 | B33: 6898.55 | C33: 278266 | D33: =C33-C32 -> -73 | E33: =C33-152000 -> 126266 | F33: =D33/$D$2 -> -36.80363 | G33: 42 | H33: 0.17 | I33: =G33+H33 -> 42.17 | J33: =IF(L33>0,L33,0) -> 14.52637 | K33: =I33+J33 -> 56.69637 | L33: =F33-(I33-AK33) -> 14.52637 | M33: 3.5 | N33: 0 | O33: 0 | P33: 0 | Q33: =1.52*1.02 -> 1.5504 | R33: 3.36 | S33: 0 | T33: =M33-(Q33+R33+S33) -> -1.4104 | U33: 56 | V33: 0 | W33: =M33-N33-O33-P33-Q33-R33-S33-T33+U33+V33 -> 56 | X33: =W33-AO33 -> 56 | Y33: =Y32+(X33*1.9835) -> 7807.6019 | Z33: =Z32+X33*(26300/37500)*1.9835 -> 5475.7314 | AE33: 0 | AH33: 34 | AI33: =AI32-AH33 -> 3160 | AK33: =N33+O33+P33+Q33+R33+S33+T33+W33+AE33+AH33 -> 93.5 | AL33: =IF(L33<0,L33*-1,0) -> 0 | AM33: =AK33+AL33 -> 93.5 | AN33: =AN32+(W33*1.9835) -> 7921.9602 | AO33: 0 | AV33: 0 | AW33: 53 | AX33: 19 | AZ33: =SUM(N33,P33:T33) -> 3.5
A34: =A33+1 -> 22 | B34: 6898.53 | C34: 278193 | D34: =C34-C33 -> -73 | E34: =C34-152000 -> 126193 | F34: =D34/$D$2 -> -36.80363 | G34: 48 | H34: 0.22 | I34: =G34+H34 -> 48.22 | J34: =IF(L34>0,L34,0) -> 8.9763701 | K34: =I34+J34 -> 57.19637 | L34: =F34-(I34-AK34) -> 8.9763701 | M34: 4 | N34: 0 | O34: 0 | P34: 0 | Q34: =1.52*1.02 -> 1.5504 | R34: 2.95 | S34: 0 | T34: =M34-(Q34+R34+S34) -> -0.5004 | U34: 56 | V34: 0 | W34: =M34-N34-O34-P34-Q34-R34-S34-T34+U34+V34 -> 56 | X34: =W34-AO34 -> 56 | Y34: =Y33+(X34*1.9835) -> 7918.6779 | Z34: =Z33+X34*(26300/37500)*1.9835 -> 5553.6327 | AE34: 0 | AH34: 34 | AI34: =AI33-AH34 -> 3126 | AK34: =N34+O34+P34+Q34+R34+S34+T34+W34+AE34+AH34 -> 94 | AL34: =IF(L34<0,L34*-1,0) -> 0 | AM34: =AK34+AL34 -> 94 | AN34: =AN33+(W34*1.9835) -> 8033.0362 | AO34: 0 | AV34: 0 | AW34: 52 | AX34: 24 | AZ34: =SUM(N34,P34:T34) -> 4
A35: =A34+1 -> 23 | B35: 6898.51 | C35: 278120 | D35: =C35-C34 -> -73 | E35: =C35-152000 -> 126120 | F35: =D35/$D$2 -> -36.80363 | G35: 58 | H35: 0.51 | I35: =G35+H35 -> 58.51 | J35: =IF(L35>0,L35,0) -> 0 | K35: =I35+J35 -> 58.51 | L35: =F35-(I35-AK35) -> -0.61362995 | M35: 3.7 | N35: 0 | O35: 0 | P35: 0 | Q35: =1.52*1.02 -> 1.5504 | R35: 2.49 | S35: 0 | T35: =M35-(Q35+R35+S35) -> -0.3404 | U35: 56 | V35: 0 | W35: =M35-N35-O35-P35-Q35-R35-S35-T35+U35+V35 -> 56 | X35: =W35-AO35 -> 56 | Y35: =Y34+(X35*1.9835) -> 8029.7539 | Z35: =Z34+X35*(26300/37500)*1.9835 -> 5631.534 | AE35: 0 | AH35: 35 | AI35: =AI34-AH35 -> 3091 | AK35: =N35+O35+P35+Q35+R35+S35+T35+W35+AE35+AH35 -> 94.7 | AL35: =IF(L35<0,L35*-1,0) -> 0.61362995 | AM35: =AK35+AL35 -> 95.31363 | AN35: =AN34+(W35*1.9835) -> 8144.1122 | AO35: 0 | AV35: 0.2 | AW35: 41 | AX35: 30 | AZ35: =SUM(N35,P35:T35) -> 3.7
A36: =A35+1 -> 24 | B36: 6898.53 | C36: 278193 | D36: =C36-C35 -> 73 | E36: =C36-152000 -> 126193 | F36: =D36/$D$2 -> 36.80363 | G36: 79 | H36: 1.5 | I36: =G36+H36 -> 80.5 | J36: =IF(L36>0,L36,0) -> 50.70363 | K36: =I36+J36 -> 131.20363 | L36: =F36-(I36-AK36) -> 50.70363 | M36: 3.4 | N36: 0 | O36: 0 | P36: 0 | Q36: =1.52*1.02 -> 1.5504 | R36: 2.23 | S36: 0 | T36: =M36-(Q36+R36+S36) -> -0.3804 | U36: 56 | V36: 0 | W36: =M36-N36-O36-P36-Q36-R36-S36-T36+U36+V36 -> 56 | X36: =W36-AO36 -> 56 | Y36: =Y35+(X36*1.9835) -> 8140.8299 | Z36: =Z35+X36*(26300/37500)*1.9835 -> 5709.4353 | AE36: 0 | AH36: 35 | AI36: =AI35-AH36 -> 3056 | AK36: =N36+O36+P36+Q36+R36+S36+T36+W36+AE36+AH36 -> 94.4 | AL36: =IF(L36<0,L36*-1,0) -> 0 | AM36: =AK36+AL36 -> 94.4 | AN36: =AN35+(W36*1.9835) -> 8255.1882 | AO36: 0 | AV36: 0.31 | AW36: 44 | AX36: 30 | AZ36: =SUM(N36,P36:T36) -> 3.4
A37: =A36+1 -> 25 | B37: 6898.55 | C37: 278266 | D37: =C37-C36 -> 73 | E37: =C37-152000 -> 126266 | F37: =D37/$D$2 -> 36.80363 | G37: 67 | H37: 1.5 | I37: =G37+H37 -> 68.5 | J37: =IF(L37>0,L37,0) -> 62.70363 | K37: =I37+J37 -> 131.20363 | L37: =F37-(I37-AK37) -> 62.70363 | M37: 3.4 | N37: 0 | O37: 0 | P37: 0 | Q37: =1.52*1.02 -> 1.5504 | R37: 2.41 | S37: 0 | T37: =M37-(Q37+R37+S37) -> -0.5604 | U37: 56 | V37: 0 | W37: =M37-N37-O37-P37-Q37-R37-S37-T37+U37+V37 -> 56 | X37: =W37-AO37 -> 56 | Y37: =Y36+(X37*1.9835) -> 8251.9059 | Z37: =Z36+X37*(26300/37500)*1.9835 -> 5787.3366 | AE37: 0 | AH37: 35 | AI37: =AI36-AH37 -> 3021 | AK37: =N37+O37+P37+Q37+R37+S37+T37+W37+AE37+AH37 -> 94.4 | AL37: =IF(L37<0,L37*-1,0) -> 0 | AM37: =AK37+AL37 -> 94.4 | AN37: =AN36+(W37*1.9835) -> 8366.2642 | AO37: 0 | AV37: 0.09 | AW37: 45 | AX37: 31 | AZ37: =SUM(N37,P37:T37) -> 3.4
... A41: =A40+1 -> 29 | B41: 6898.46 | C41: 277938 | D41: =C41-C40 -> -73 | E41: =C41-152000 -> 125938 | F41: =D41/$D$2 -> -36.80363 | G41: 43 | H41: 1.1 | I41: =G41+H41 -> 44.1 | J41: =IF(L41>0,L41,0) -> 12.79637 | K41: =I41+J41 -> 56.89637 | L41: =F41-(I41-AK41) -> 12.79637 | M41: 3.7 | N41: 0 | O41: 0 | P41: 0 | Q41: =1.52*1.02 -> 1.5504 | R41: 2.42 | S41: 0 | T41: =M41-(Q41+R41+S41) -> -0.2704 | U41: 56 | V41: 0 | W41: =M41-N41-O41-P41-Q41-R41-S41-T41+U41+V41 -> 56 | X41: =W41-AO41 -> 56 | Y41: =Y40+(X41*1.9835) -> 8696.2099 | Z41: =Z40+X41*(26300/37500)*1.9835 -> 6098.9418 | AE41: 0 | AH41: 34 | AI41: =AI40-AH41 -> 2884 | AK41: =N41+O41+P41+Q41+R41+S41+T41+W41+AE41+AH41 -> 93.7 | AL41: =IF(L41<0,L41*-1,0) -> 0 | AM41: =AK41+AL41 -> 93.7 | AN41: =AN40+(W41*1.9835) -> 8810.5682 | AO41: 0 | AV41: 0 | AW41: 35 | AX41: 8 | AZ41: =SUM(N41,P41:T41) -> 3.7
A42: 30 | B42: 6898.44 | C42: 277865 | D42: =C42-C41 -> -73 | E42: =C42-152000 -> 125865 | F42: =D42/$D$2 -> -36.80363 | G42: 48 | H42: 0.98 | I42: =G42+H42 -> 48.98 | J42: =IF(L42>0,L42,0) -> 7.0163701 | K42: =I42+J42 -> 55.99637 | L42: =F42-(I42-AK42) -> 7.0163701 | M42: 3.8 | N42: 0 | O42: 0 | P42: 0 | Q42: =1.52*1.02 -> 1.5504 | R42: 2.43 | S42: 0 | T42: =M42-(Q42+R42+S42) -> -0.1804 | U42: 55 | V42: 0 | W42: =M42-N42-O42-P42-Q42-R42-S42-T42+U42+V42 -> 55 | X42: =W42-AO42 -> 55 | Y42: =Y41+(X42*1.9835) -> 8805.3024 | Z42: =Z41+X42*(26300/37500)*1.9835 -> 6175.4521 | AE42: 0 | AH42: 34 | AI42: =AI41-AH42 -> 2850 | AK42: =N42+O42+P42+Q42+R42+S42+T42+W42+AE42+AH42 -> 92.8 | AL42: =IF(L42<0,L42*-1,0) -> 0 | AM42: =AK42+AL42 -> 92.8 | AN42: =AN41+(W42*1.9835) -> 8919.6607 | AO42: 0 | AV42: 0 | AW42: 44 | AX42: 9 | AZ42: =SUM(N42,P42:T42) -> 3.8
A43: 31 | B43: 6898.42 | C43: 277792 | D43: =C43-C42 -> -73 | E43: =C43-152000 -> 125792 | F43: =D43/$D$2 -> -36.80363 | G43: 55 | H43: 0.71 | I43: =G43+H43 -> 55.71 | J43: =IF(L43>0,L43,0) -> 1.4863701 | K43: =I43+J43 -> 57.19637 | L43: =F43-(I43-AK43) -> 1.4863701 | M43: 4 | N43: 0 | O43: 0 | P43: 0 | Q43: =1.52*1.02 -> 1.5504 | R43: 2.66 | S43: 0 | T43: =M43-(Q43+R43+S43) -> -0.2104 | U43: 55 | V43: 0 | W43: =M43-N43-O43-P43-Q43-R43-S43-T43+U43+V43 -> 55 | X43: =W43-AO43 -> 55 | Y43: =Y42+(X43*1.9835) -> 8914.3949 | Z43: =Z42+X43*(26300/37500)*1.9835 -> 6251.9623 | AE43: 0 | AH43: 35 | AI43: =AI42-AH43 -> 2815 | AK43: =N43+O43+P43+Q43+R43+S43+T43+W43+AE43+AH43 -> 94 | AL43: =IF(L43<0,L43*-1,0) -> 0 | AM43: =AK43+AL43 -> 94 | AN43: =AN42+(W43*1.9835) -> 9028.7532 | AO43: 0 | AV43: 0 | AW43: 46 | AX43: 16 | AZ43: =SUM(N43,P43:T43) -> 4
A45: MONTH / CFS | F45: =SUM(F13:F43) -> -606.50366 | G45: =SUM(G13:G43) -> 1120 | H45: =SUM(H13:H43) -> 26.96 | I45: =SUM(I13:I43) -> 1146.96 | J45: =SUM(J13:J43) -> 766.4106 | K45: =SUM(K13:K43) -> 1913.3706 | L45: =SUM(L13:L43) -> 748.33634 | M45: =SUM(M13:M43) -> 107.8 | ... O45: =SUM(O13:O43) -> 0 | Q45: =SUM(Q13:Q43) -> 48.0624 | R45: =SUM(R13:R43) -> 78.66 | S45: =SUM(S13:S43) -> 0 | T45: =SUM(T13:T43) -> -18.9224 | U45: =SUM(U13:U43) -> 1326 | V45: =SUM(V13:V43) -> 0 | W45: =SUM(W13:W43) -> 1326 | X45: =SUM(X13:X43) -> 1326 | AH45: =SUM(AH13:AH43) -> 1068 | AJ45: =SUM(AJ13:AJ43) -> 0 | AK45: =SUM(AK13:AK43) -> 2501.8 | AL45: =SUM(AL13:AL43) -> 18.074255 | AM45: =SUM(AM13:AM43) -> 2519.8743 | AO45: =SUM(AO13:AO43) -> 0 | AV45: =SUM(AV13:AV43) -> 0.92 | AW45: =AVERAGE(AW13:AW43) -> 39.677419 | AX45: =AVERAGE(AX13:AX43) -> 11.032258 | AY45: Avg | AZ45: =SUM(AZ13:AZ43) -> 107.8
A46: MONTH / AF | D46: =SUM(D13:D43) -> -1203 | F46: =F45*$D$2 -> -1203 | G46: =G45*$D$2 -> 2221.52 | H46: =H45*$D$2 -> 53.47516 | I46: =I45*$D$2 -> 2274.9952 | J46: =J45*$D$2 -> 1520.1754 | K46: =K45*$D$2 -> 3795.1706 | L46: =L45*$D$2 -> 1484.3251 | M46: =M45*$D$2 -> 213.8213 | ... O46: =O45*$D$2 -> 0 | Q46: =Q45*$D$2 -> 95.33177 | R46: =R45*$D$2 -> 156.02211 | S46: =S45*$D$2 -> 0 | T46: =T45*$D$2 -> -37.53258 | U46: =U45*$D$2 -> 2630.121 | V46: =V45*$D$2 -> 0 | W46: =W45*$D$2 -> 2630.121 | X46: =X45*$D$2 -> 2630.121 | AH46: =AH45*$D$2 -> 2118.378 | AJ46: =AJ45*$D$2 -> 0 | AK46: =AK45*$D$2 -> 4962.3203 | AL46: =AL45*$D$2 -> 35.850285 | AM46: =AM45*$D$2 -> 4998.1706 | AO46: =AO45*$D$2 -> 0 | AW46: =MAX(AW13:AW43) -> 56 | AX46: =MAX(AX13:AX43) -> 31 | AY46: HI | AZ46: =AZ45*$D$2 -> 213.8213
A48: SEASON / CFS | AW48: =MIN(AW13:AW43) -> 26 | AX48: =MIN(AX13:AX43) -> -4 | AY48: LO
A49: SEASON / AF
A51: YTD / CFS | F51: =F11+F45 -> -3533.6526 | G51: =G11+G45 -> 3980 | H51: =H11+H45 -> 50.66 | I51: =I11+I45 -> 4030.66 | J51: =J11+J45 -> 1618.1027 | K51: =K11+K45 -> 5648.7627 | L51: =L11+L45 -> 967.98737 | M51: =M11+M45 -> 510 | ... O51: =O11+O45 -> 0 | Q51: =Q11+Q45 -> 144.789 | R51: =R11+R45 -> 221.88 | S51: =S11+S45 -> 0 | T51: =T11+T45 -> -44.913 | U51: =U11+U45 -> 4683 | V51: =V11+V45 -> 76.3 | W51: =W11+W45 -> 4947.544 | X51: =X11+X45 -> 4494.2752 | AH51: =AH11+AH45 -> 3263 | AI51: =AI43 -> 2815 | AJ51: =AJ11+AJ45 -> 0 | AK51: =AK11+AK45 -> 8532.3 | AL51: =AL11+AL45 -> 650.11532 | AM51: =AM11+AM45 -> 9182.4153 | AO51: =AO11+AO45 -> 453.2688 | AV51: =AV11+AV45 -> 3.27 | AZ51: =AZ11+AZ45 -> 321.756
A52: YTD / AF | D52: =D11+D46 -> -7009 | E52: =E43 -> 125792 | F52: =F51*$D$2 -> -7009 | G52: =G51*$D$2 -> 7894.33 | H52: =H51*$D$2 -> 100.48411 | I52: =I51*$D$2 -> 7994.8141 | J52: =J51*$D$2 -> 3209.5067 | K52: =K51*$D$2 -> 11204.321 | L52: =L51*$D$2 -> 1920.0029 | M52: =M51*$D$2 -> 1011.585 | ... O52: =O51*$D$2 -> 0 | Q52: =Q51*$D$2 -> 287.18898 | R52: =R51*$D$2 -> 440.09898 | S52: =S51*$D$2 -> 0 | T52: =T51*$D$2 -> -89.084936 | U52: =U51*$D$2 -> 9288.7305 | V52: =V51*$D$2 -> 151.34105 | W52: =W51*$D$2 -> 9813.4535 | X52: =X51*$D$2 -> 8914.3949 | AH52: =AH51*$D$2 -> 6472.1605 | AI52: =AI51*$D$2 -> 5583.5525 | AJ52: =AJ51*$D$2 -> 0 | AK52: =AK51*$D$2 -> 16923.817 | AL52: =AL51*$D$2 -> 1289.5037 | AM52: =AM51*$D$2 -> 18213.321 | AN52: =AN43 -> 9028.7532 | AO52: =AO51*$D$2 -> 899.05866 | AZ52: =AZ51*$D$2 -> 638.20303

Sheet FEB
K1: MCPHEE RESERVOIR INFLOW/OUTFLOW TABULATION
A2: AF/cfs CONVERT FACTOR | D2: 1.9835 | K2: FEBRUARY "2009"
D4: RESERVOIR | W4: INFLOW/OUTFLOW (CFS) | AP4: ADJUSTMENTS | AW4: WEATHER
A5: DATE | B5: RESERV | C5: RESERV | D5: AC FT | E5: ACTIVE | F5: CONV TO | G5: DOLORES | H5: LOST | I5: RECORD | J5: CALC | K5: TOTAL | L5: CALC | M5: DOLORES TUNNEL | U5: LONE | V5: U | W5: TOTAL | X5: TOTAL | Y5: TOTAL | Z5: TOTAl | AA5: MVI | AB5: MVI | AC5: TO EX & | AD5: MVI | AE5: DV CR | AF5: D/S SENIOR | AH5: BELOW | AI5: FISH | AJ5: SPILL | AK5: RECORD | AL5: CALC | AM5: TOTAL | AN5: NAR | AO5: MVI | AP5: MVI | AQ5: MVI | AR5: DIST. | AS5: U/S | AT5: TOTTEN | AU5: UTES | AV5: RAIN | AW5: MAX | AX5: MIN | AZ5: TOTAL
A6: FEB | B6: ELEV | D6: CHANGE | E6: CAP | F6: CFS | G6: RIVER | H6: CAN | I6: INFLOW | J6: INFLOW | K6: INFLOW | L6: INF/OTF | M6: TOT DIV | N6: WET | O6: UTE | P6: QUEST | Q6: MWC | R6: CTZ | S6: CTZ & | T6: F-BAY | U6: PINE | V6: LAT | W6: MVI | X6: MVI | Y6: MVI | Z6: MVI | AA6: CALL | AB6: APR- | AC6: U/S EX | AD6: PROJ | AE6: CANAL | AF6: MVIC | AG6: PROJ | AH6: MCP | AI6: LEFT | AK6: OTF | AL6: OTF | AM6: OTF | AN6: CALL | AO6: STOCK | AP6: STORED | AQ6: STORED | AR6: CLASS | AS6: USERS | AT6: (FRESH | AU6: FROM | AW6: TMP | AX6: TMP | AZ6: TUNNEL
N7: LAND | O7: F&R | S7: UTE | T7: SPILL | W7: 153400 | X7: IRRIG. | Y7: IRRIG. | Z7: 105500 | AB7: JUNE | AF7: 1.7 | AG7: 1.3 | AI7: 31798 | AP7: Apr - Jun | AQ7: EVAP | AR7: "B" | AS7: EXCH | AT7: WATER) | AU7: MVIC | AZ7: Misc.
C8: AC. Ft. | E8: AC FT | G8: CFS | H8: CFS | I8: CFS | J8: CFS | K8: CFS | L8: CFS | M8: CFS | N8: CFS | O8: CFS | P8: CFS | Q8: CFS | R8: CFS | S8: PROJ | T8: CFS | U8: CFS | V8: CFS | W8: CFS | X8: 150400 | Y8: 150400 | Z8: Ac. Ft. | AA8: CFS | AB8: 72000 | AC8: CFS | AD8: CFS | AE8: CFS | AF8: CFS | AG8: CFS | AH8: CFS | AI8: CFS | AJ8: CFS | AK8: CFS | AL8: CFS | AM8: CFS | AN8: AC FT | AO8: CFS | AP8: CFS | AQ8: AC.FT. | AR8: CFS | AS8: CFS | AT8: CFS | AU8: CFS | AZ8: Outflow
N9: 1.03 | O9: 1.05 | P9: 1.02 | Q9: 1.02 | R9: 1.04 | S9: CFS | X9: CFS | Y9: Ac. Ft. | AB9: Ac. Ft. | AZ9: CFS
A10: SEASON BAL
A11: YTD | B11: =JAN!B43 -> 6898.42 | C11: =JAN!C43 -> 277792 | D11: =JAN!D52 -> -7009 | E11: =JAN!E52 -> 125792 | F11: =JAN!F51 -> -3533.6526 | G11: =JAN!G51 -> 3980 | H11: =JAN!H51 -> 50.66 | I11: =JAN!I51 -> 4030.66 | J11: =JAN!J51 -> 1618.1027 | K11: =JAN!K51 -> 5648.7627 | L11: =JAN!L51 -> 967.98737 | M11: =JAN!M51 -> 510 | ... O11: =JAN!O51 -> 0 | Q11: =JAN!Q51 -> 144.789 | R11: =JAN!R51 -> 221.88 | S11: =JAN!S51 -> 0 | T11: =JAN!T51 -> -44.913 | U11: =JAN!U51 -> 4683 | V11: =JAN!V51 -> 76.3 | W11: =JAN!W51 -> 4947.544 | X11: =JAN!X51 -> 4494.2752 | Y11: =JAN!Y43 -> 8914.3949 | Z11: =JAN!Z43 -> 6251.9623 | AH11: =JAN!AH51 -> 3263 | AI11: =JAN!AI51 -> 2815 | AJ11: =JAN!AJ51 -> 0 | AK11: =JAN!AK51 -> 8532.3 | AL11: =JAN!AL51 -> 650.11532 | AM11: =JAN!AM51 -> 9182.4153 | AN11: =JAN!AN52 -> 9028.7532 | AO11: =JAN!AO51 -> 453.2688 | AV11: =JAN!AV51 -> 3.27 | AZ11: =JAN!AZ51 -> 321.756
A13: 1 | B13: 6898.4 | C13: 277719 | D13: =C13-C11 -> -73 | E13: =C13-152000 -> 125719 | F13: =D13/$D$2 -> -36.80363 | G13: 39 | H13: 0.5 | I13: =G13+H13 -> 39.5 | J13: =IF(L13>0,L13,0) -> 16.69637 | K13: =I13+J13 -> 56.19637 | L13: =F13-(I13-AK13) -> 16.69637 | M13: 4 | N13: 0 | O13: 0 | P13: 0 | Q13: =1.49*1.02 -> 1.5198 | R13: 2.65 | S13: 0 | T13: =M13-(Q13+R13+S13) -> -0.1698 | U13: 55 | V13: 0 | W13: =M13-N13-O13-P13-Q13-R13-S13-T13+U13+V13 -> 55 | X13: =W13-AO13 -> 55 | Y13: =Y11+(X13*1.9835) -> 9023.4874 | Z13: =Z11+X13*(26300/37500)*1.9835 -> 6328.4725 | AE13: 0 | AH13: 34 | AI13: =AI11-AH13 -> 2781 | AK13: =N13+O13+P13+Q13+R13+S13+T13+W13+AE13+AH13 -> 93 | AL13: =IF(L13<0,L13*-1,0) -> 0 | AM13: =AK13+AL13 -> 93 | AN13: =AN11+(W13*1.9835) -> 9137.8457 | AO13: 0 | AV13: 0 | AW13: 48 | AX13: 15 | AZ13: =SUM(N13,P13:T13) -> 4
A14: =A13+1 -> 2 | B14: 6898.39 | C14: 277683 | D14: =C14-C13 -> -36 | E14: =C14-152000 -> 125683 | F14: =D14/$D$2 -> -18.149735 | G14: 36 | H14: 0.37 | I14: =G14+H14 -> 36.37 | J14: =IF(L14>0,L14,0) -> 38.180265 | K14: =I14+J14 -> 74.550265 | L14: =F14-(I14-AK14) -> 38.180265 | M14: 3.7 | N14: 0 | O14: 0 | P14: 0 | Q14: =1.49*1.02 -> 1.5198 | R14: 2.65 | S14: 0 | T14: =M14-(Q14+R14+S14) -> -0.4698 | U14: 55 | V14: 0 | W14: =M14-N14-O14-P14-Q14-R14-S14-T14+U14+V14 -> 55 | X14: =W14-AO14 -> 55 | Y14: =Y13+(X14*1.9835) -> 9132.5799 | Z14: =Z13+X14*(26300/37500)*1.9835 -> 6404.9827 | AE14: 0 | AH14: 34 | AI14: =AI13-AH14 -> 2747 | AK14: =N14+O14+P14+Q14+R14+S14+T14+W14+AE14+AH14 -> 92.7 | AL14: =IF(L14<0,L14*-1,0) -> 0 | AM14: =AK14+AL14 -> 92.7 | AN14: =AN13+(W14*1.9835) -> 9246.9382 | AO14: 0 | AV14: 0 | AW14: 49 | AX14: 13 | AZ14: =SUM(N14,P14:T14) -> 3.7
A15: =A14+1 -> 3 | B15: 6898.37 | C15: 277610 | D15: =C15-C14 -> -73 | E15: =C15-152000 -> 125610 | F15: =D15/$D$2 -> -36.80363 | G15: 48 | H15: 0.37 | I15: =G15+H15 -> 48.37 | J15: =IF(L15>0,L15,0) -> 7.5263701 | K15: =I15+J15 -> 55.89637 | L15: =F15-(I15-AK15) -> 7.5263701 | M15: 3.7 | N15: 0 | O15: 0 | P15: 0 | Q15: =1.49*1.02 -> 1.5198 | R15: 2.6 | S15: 0 | T15: =M15-(Q15+R15+S15) -> -0.4198 | U15: 55 | V15: 0 | W15: =M15-N15-O15-P15-Q15-R15-S15-T15+U15+V15 -> 55 | X15: =W15-AO15 -> 55 | Y15: =Y14+(X15*1.9835) -> 9241.6724 | Z15: =Z14+X15*(26300/37500)*1.9835 -> 6481.4929 | AE15: 0 | AH15: 34 | AI15: =AI14-AH15 -> 2713 | AK15: =N15+O15+P15+Q15+R15+S15+T15+W15+AE15+AH15 -> 92.7 | AL15: =IF(L15<0,L15*-1,0) -> 0 | AM15: =AK15+AL15 -> 92.7 | AN15: =AN14+(W15*1.9835) -> 9356.0307 | AO15: 0 | AV15: 0 | AW15: 51 | AX15: 16 | AZ15: =SUM(N15,P15:T15) -> 3.7
A16: =A15+1 -> 4 | B16: 6898.35 | C16: 277537 | D16: =C16-C15 -> -73 | E16: =C16-152000 -> 125537 | F16: =D16/$D$2 -> -36.80363 | G16: 59 | H16: 0.38 | I16: =G16+H16 -> 59.38 | J16: =IF(L16>0,L16,0) -> 0 | K16: =I16+J16 -> 59.38 | L16: =F16-(I16-AK16) -> -2.5836299 | M16: 3.6 | N16: 0 | O16: 0 | P16: 0 | Q16: =1.49*1.02 -> 1.5198 | R16: 2.55 | S16: 0 | T16: =M16-(Q16+R16+S16) -> -0.4698 | U16: 55 | V16: 0 | W16: =M16-N16-O16-P16-Q16-R16-S16-T16+U16+V16 -> 55 | X16: =W16-AO16 -> 55 | Y16: =Y15+(X16*1.9835) -> 9350.7649 | Z16: =Z15+X16*(26300/37500)*1.9835 -> 6558.0031 | AE16: 0 | AH16: 35 | AI16: =AI15-AH16 -> 2678 | AK16: =N16+O16+P16+Q16+R16+S16+T16+W16+AE16+AH16 -> 93.6 | AL16: =IF(L16<0,L16*-1,0) -> 2.5836299 | AM16: =AK16+AL16 -> 96.18363 | AN16: =AN15+(W16*1.9835) -> 9465.1232 | AO16: 0 | AV16: 0 | AW16: 54 | AX16: 20 | AZ16: =SUM(N16,P16:T16) -> 3.6
A17: =A16+1 -> 5 | B17: 6898.33 | C17: 277464 | D17: =C17-C16 -> -73 | E17: =C17-152000 -> 125464 | F17: =D17/$D$2 -> -36.80363 | G17: 61 | H17: 0.38 | I17: =G17+H17 -> 61.38 | J17: =IF(L17>0,L17,0) -> 0 | K17: =I17+J17 -> 61.38 | L17: =F17-(I17-AK17) -> -4.4836299 | M17: 3.7 | N17: 0 | O17: 0 | P17: 0 | Q17: =1.49*1.02 -> 1.5198 | R17: 1.94 | S17: 0 | T17: =M17-(Q17+R17+S17) -> 0.2402 | U17: 55 | V17: 0 | W17: =M17-N17-O17-P17-Q17-R17-S17-T17+U17+V17 -> 55 | X17: =W17-AO17 -> 55 | Y17: =Y16+(X17*1.9835) -> 9459.8574 | Z17: =Z16+X17*(26300/37500)*1.9835 -> 6634.5133 | AE17: 0 | AH17: 35 | AI17: =AI16-AH17 -> 2643 | AK17: =N17+O17+P17+Q17+R17+S17+T17+W17+AE17+AH17 -> 93.7 | AL17: =IF(L17<0,L17*-1,0) -> 4.4836299 | AM17: =AK17+AL17 -> 98.18363 | AN17: =AN16+(W17*1.9835) -> 9574.2157 | AO17: 0 | AV17: 0 | AW17: 53 | AX17: 23 | AZ17: =SUM(N17,P17:T17) -> 3.7
A18: =A17+1 -> 6 | B18: 6898.31 | C18: 277391 | D18: =C18-C17 -> -73 | E18: =C18-152000 -> 125391 | F18: =D18/$D$2 -> -36.80363 | G18: 64 | H18: 0.46 | I18: =G18+H18 -> 64.46 | J18: =IF(L18>0,L18,0) -> 0 | K18: =I18+J18 -> 64.46 | L18: =F18-(I18-AK18) -> -7.5636299 | M18: 3.7 | N18: 0 | O18: 0 | P18: 0 | Q18: =1.49*1.02 -> 1.5198 | R18: 2.77 | S18: 0 | T18: =M18-(Q18+R18+S18) -> -0.5898 | U18: 55 | V18: 0 | W18: =M18-N18-O18-P18-Q18-R18-S18-T18+U18+V18 -> 55 | X18: =W18-AO18 -> 55 | Y18: =Y17+(X18*1.9835) -> 9568.9499 | Z18: =Z17+X18*(26300/37500)*1.9835 -> 6711.0235 | AE18: 0 | AH18: 35 | AI18: =AI17-AH18 -> 2608 | AK18: =N18+O18+P18+Q18+R18+S18+T18+W18+AE18+AH18 -> 93.7 | AL18: =IF(L18<0,L18*-1,0) -> 7.5636299 | AM18: =AK18+AL18 -> 101.26363 | AN18: =AN17+(W18*1.9835) -> 9683.3082 | AO18: 0 | AV18: 0 | AW18: 48 | AX18: 26 | AZ18: =SUM(N18,P18:T18) -> 3.7
A19: =A18+1 -> 7 | B19: 6898.3 | C19: 277354 | D19: =C19-C18 -> -37 | E19: =C19-152000 -> 125354 | F19: =D19/$D$2 -> -18.653895 | G19: 65 | H19: 0.33 | I19: =G19+H19 -> 65.33 | J19: =IF(L19>0,L19,0) -> 9.7161054 | K19: =I19+J19 -> 75.046105 | L19: =F19-(I19-AK19) -> 9.7161054 | M19: 3.7 | N19: 0 | O19: 0 | P19: 0 | Q19: =1.49*1.02 -> 1.5198 | R19: 2.68 | S19: 0 | T19: =M19-(Q19+R19+S19) -> -0.4998 | U19: 55 | V19: 0 | W19: =M19-N19-O19-P19-Q19-R19-S19-T19+U19+V19 -> 55 | X19: =W19-AO19 -> 55 | Y19: =Y18+(X19*1.9835) -> 9678.0424 | Z19: =Z18+X19*(26300/37500)*1.9835 -> 6787.5337 | AE19: 0 | AH19: 35 | AI19: =AI18-AH19 -> 2573 | AK19: =N19+O19+P19+Q19+R19+S19+T19+W19+AE19+AH19 -> 93.7 | AL19: =IF(L19<0,L19*-1,0) -> 0 | AM19: =AK19+AL19 -> 93.7 | AN19: =AN18+(W19*1.9835) -> 9792.4007 | AO19: 0 | AV19: 0 | AW19: 49 | AX19: 24 | AZ19: =SUM(N19,P19:T19) -> 3.7
A20: =A19+1 -> 8 | B20: 6898.29 | C20: 277318 | D20: =C20-C19 -> -36 | E20: =C20-152000 -> 125318 | F20: =D20/$D$2 -> -18.149735 | G20: 50 | H20: 0.29 | I20: =G20+H20 -> 50.29 | J20: =IF(L20>0,L20,0) -> 25.260265 | K20: =I20+J20 -> 75.550265 | L20: =F20-(I20-AK20) -> 25.260265 | M20: 3.7 | N20: 0 | O20: 0 | P20: 0 | Q20: =1.49*1.02 -> 1.5198 | R20: 2.81 | S20: 0 | T20: =M20-(Q20+R20+S20) -> -0.6298 | U20: 55 | V20: 0 | W20: =M20-N20-O20-P20-Q20-R20-S20-T20+U20+V20 -> 55 | X20: =W20-AO20 -> 55 | Y20: =Y19+(X20*1.9835) -> 9787.1349 | Z20: =Z19+X20*(26300/37500)*1.9835 -> 6864.0439 | AE20: 0 | AH20: 35 | AI20: =AI19-AH20 -> 2538 | AK20: =N20+O20+P20+Q20+R20+S20+T20+W20+AE20+AH20 -> 93.7 | AL20: =IF(L20<0,L20*-1,0) -> 0 | AM20: =AK20+AL20 -> 93.7 | AN20: =AN19+(W20*1.9835) -> 9901.4932 | AO20: 0 | AV20: 0 | AW20: 45 | AX20: 22 | AZ20: =SUM(N20,P20:T20) -> 3.7
A21: =A20+1 -> 9 | B21: 6898.28 | C21: 277281 | D21: =C21-C20 -> -37 | E21: =C21-152000 -> 125281 | F21: =D21/$D$2 -> -18.653895 | G21: 56 | H21: 0.59 | I21: =G21+H21 -> 56.59 | J21: =IF(L21>0,L21,0) -> 18.456105 | K21: =I21+J21 -> 75.046105 | L21: =F21-(I21-AK21) -> 18.456105 | M21: 3.7 | N21: 0 | O21: 0 | P21: 0 | Q21: =1.49*1.02 -> 1.5198 | R21: 2.66 | S21: 0 | T21: =M21-(Q21+R21+S21) -> -0.4798 | U21: 55 | V21: 0 | W21: =M21-N21-O21-P21-Q21-R21-S21-T21+U21+V21 -> 55 | X21: =W21-AO21 -> 55 | Y21: =Y20+(X21*1.9835) -> 9896.2274 | Z21: =Z20+X21*(26300/37500)*1.9835 -> 6940.5541 | AE21: 0 | AH21: 35 | AI21: =AI20-AH21 -> 2503 | AK21: =N21+O21+P21+Q21+R21+S21+T21+W21+AE21+AH21 -> 93.7 | AL21: =IF(L21<0,L21*-1,0) -> 0 | AM21: =AK21+AL21 -> 93.7 | AN21: =AN20+(W21*1.9835) -> 10010.586 | AO21: 0 | AV21: 0.18 | AW21: 35 | AX21: 28 | AZ21: =SUM(N21,P21:T21) -> 3.7
A22: =A21+1 -> 10 | B22: 6898.27 | C22: 277245 | D22: =C22-C21 -> -36 | E22: =C22-152000 -> 125245 | F22: =D22/$D$2 -> -18.149735 | G22: 65 | H22: 1.3 | I22: =G22+H22 -> 66.3 | J22: =IF(L22>0,L22,0) -> 9.0502647 | K22: =I22+J22 -> 75.350265 | L22: =F22-(I22-AK22) -> 9.0502647 | M22: 3.5 | N22: 0 | O22: 0 | P22: 0 | Q22: =1.49*1.02 -> 1.5198 | R22: 2.37 | S22: 0 | T22: =M22-(Q22+R22+S22) -> -0.3898 | U22: 55 | V22: 0 | W22: =M22-N22-O22-P22-Q22-R22-S22-T22+U22+V22 -> 55 | X22: =W22-AO22 -> 55 | Y22: =Y21+(X22*1.9835) -> 10005.32 | Z22: =Z21+X22*(26300/37500)*1.9835 -> 7017.0643 | AE22: 0 | AH22: 35 | AI22: =AI21-AH22 -> 2468 | AK22: =N22+O22+P22+Q22+R22+S22+T22+W22+AE22+AH22 -> 93.5 | AL22: =IF(L22<0,L22*-1,0) -> 0 | AM22: =AK22+AL22 -> 93.5 | AN22: =AN21+(W22*1.9835) -> 10119.678 | AO22: 0 | AV22: 0.31 | AW22: 32 | AX22: 13 | AZ22: =SUM(N22,P22:T22) -> 3.5
A23: =A22+1 -> 11 | B23: 6898.26 | C23: 277209 | D23: =C23-C22 -> -36 | E23: =C23-152000 -> 125209 | F23: =D23/$D$2 -> -18.149735 | G23: 60 | H23: 1.2 | I23: =G23+H23 -> 61.2 | J23: =IF(L23>0,L23,0) -> 14.150265 | K23: =I23+J23 -> 75.350265 | L23: =F23-(I23-AK23) -> 14.150265 | M23: 3.5 | N23: 0 | O23: 0 | P23: 0 | Q23: =1.49*1.02 -> 1.5198 | R23: 2.16 | S23: 0 | T23: =M23-(Q23+R23+S23) -> -0.1798 | U23: 55 | V23: 0 | W23: =M23-N23-O23-P23-Q23-R23-S23-T23+U23+V23 -> 55 | X23: =W23-AO23 -> 55 | Y23: =Y22+(X23*1.9835) -> 10114.412 | Z23: =Z22+X23*(26300/37500)*1.9835 -> 7093.5745 | AE23: 0 | AH23: 35 | AI23: =AI22-AH23 -> 2433 | AK23: =N23+O23+P23+Q23+R23+S23+T23+W23+AE23+AH23 -> 93.5 | AL23: =IF(L23<0,L23*-1,0) -> 0 | AM23: =AK23+AL23 -> 93.5 | AN23: =AN22+(W23*1.9835) -> 10228.771 | AO23: 0 | AV23: 0 | AW23: 34 | AX23: 7 | AZ23: =SUM(N23,P23:T23) -> 3.5
A24: =A23+1 -> 12 | B24: 6898.25 | C24: 277172 | D24: =C24-C23 -> -37 | E24: =C24-152000 -> 125172 | F24: =D24/$D$2 -> -18.653895 | G24: 45 | H24: 1.1 | I24: =G24+H24 -> 46.1 | J24: =IF(L24>0,L24,0) -> 28.746105 | K24: =I24+J24 -> 74.846105 | L24: =F24-(I24-AK24) -> 28.746105 | M24: 3.5 | N24: 0 | O24: 0 | P24: 0 | Q24: =1.49*1.02 -> 1.5198 | R24: 2.23 | S24: 0 | T24: =M24-(Q24+R24+S24) -> -0.2498 | U24: 55 | V24: 0 | W24: =M24-N24-O24-P24-Q24-R24-S24-T24+U24+V24 -> 55 | X24: =W24-AO24 -> 55 | Y24: =Y23+(X24*1.9835) -> 10223.505 | Z24: =Z23+X24*(26300/37500)*1.9835 -> 7170.0847 | AE24: 0 | AH24: 35 | AI24: =AI23-AH24 -> 2398 | AK24: =N24+O24+P24+Q24+R24+S24+T24+W24+AE24+AH24 -> 93.5 | AL24: =IF(L24<0,L24*-1,0) -> 0 | AM24: =AK24+AL24 -> 93.5 | AN24: =AN23+(W24*1.9835) -> 10337.863 | AO24: 0 | AV24: 0 | AW24: 41 | AX24: 9 | AZ24: =SUM(N24,P24:T24) -> 3.5
A25: =A24+1 -> 13 | B25: 6898.24 | C25: 277136 | D25: =C25-C24 -> -36 | E25: =C25-152000 -> 125136 | F25: =D25/$D$2 -> -18.149735 | G25: 55 | H25: 0.81 | I25: =G25+H25 -> 55.81 | J25: =IF(L25>0,L25,0) -> 19.440265 | K25: =I25+J25 -> 75.250265 | L25: =F25-(I25-AK25) -> 19.440265 | M25: 3.4 | N25: 0 | O25: 0 | P25: 0 | Q25: =1.49*1.02 -> 1.5198 | R25: 2.57 | S25: 0 | T25: =M25-(Q25+R25+S25) -> -0.6898 | U25: 55 | V25: 0 | W25: =M25-N25-O25-P25-Q25-R25-S25-T25+U25+V25 -> 55 | X25: =W25-AO25 -> 55 | Y25: =Y24+(X25*1.9835) -> 10332.597 | Z25: =Z24+X25*(26300/37500)*1.9835 -> 7246.5949 | AE25: 0 | AH25: 35 | AI25: =AI24-AH25 -> 2363 | AK25: =N25+O25+P25+Q25+R25+S25+T25+W25+AE25+AH25 -> 93.4 | AL25: =IF(L25<0,L25*-1,0) -> 0 | AM25: =AK25+AL25 -> 93.4 | AN25: =AN24+(W25*1.9835) -> 10446.956 | AO25: 0 | AV25: 0 | AW25: 36 | AX25: 18 | AZ25: =SUM(N25,P25:T25) -> 3.4
... A39: =A38+1 -> 27 | B39: 6898 | C39: 276261 | D39: =C39-C38 -> 0 | E39: =C39-152000 -> 124261 | F39: =D39/$D$2 -> 0 | G39: 106 | H39: 2 | I39: =G39+H39 -> 108 | J39: =IF(L39>0,L39,0) -> 0 | K39: =I39+J39 -> 108 | L39: =F39-(I39-AK39) -> -13.6 | M39: 3.4 | N39: 0 | O39: 0 | P39: 0 | Q39: =1.49*1.02 -> 1.5198 | R39: 3.06 | S39: 0 | T39: =M39-(Q39+R39+S39) -> -1.1798 | U39: 56 | V39: 0 | W39: =M39-N39-O39-P39-Q39-R39-S39-T39+U39+V39 -> 56 | X39: =W39-AO39 -> 56 | Y39: =Y38+(X39*1.9835) -> 11996.754 | Z39: =Z38+X39*(26300/37500)*1.9835 -> 8413.7234 | AE39: 0 | AH39: 35 | AI39: =AI38-AH39 -> 1873 | AK39: =N39+O39+P39+Q39+R39+S39+T39+W39+AE39+AH39 -> 94.4 | AL39: =IF(L39<0,L39*-1,0) -> 13.6 | AM39: =AK39+AL39 -> 108 | AN39: =AN38+(W39*1.9835) -> 12111.112 | AO39: 0 | AV39: 0 | AW39: 45 | AX39: 27 | AZ39: =SUM(N39,P39:T39) -> 3.4
A40: 28 | B40: 6898 | C40: 276261 | D40: =C40-C39 -> 0 | E40: =C40-152000 -> 124261 | F40: =D40/$D$2 -> 0 | G40: 106 | H40: 2.2 | I40: =G40+H40 -> 108.2 | J40: =IF(L40>0,L40,0) -> 0 | K40: =I40+J40 -> 108.2 | L40: =F40-(I40-AK40) -> -12.8 | M40: 3.4 | N40: 0 | O40: 0 | P40: 0 | Q40: =1.49*1.02 -> 1.5198 | R40: 2.51 | S40: 0 | T40: =M40-(Q40+R40+S40) -> -0.6298 | U40: 56 | V40: 0 | W40: =M40-N40-O40-P40-Q40-R40-S40-T40+U40+V40 -> 56 | X40: =W40-AO40 -> 56 | Y40: =Y39+(X40*1.9835) -> 12107.83 | Z40: =Z39+X40*(26300/37500)*1.9835 -> 8491.6247 | AE40: 0 | AH40: 36 | AI40: =AI39-AH40 -> 1837 | AK40: =N40+O40+P40+Q40+R40+S40+T40+W40+AE40+AH40 -> 95.4 | AL40: =IF(L40<0,L40*-1,0) -> 12.8 | AM40: =AK40+AL40 -> 108.2 | AN40: =AN39+(W40*1.9835) -> 12222.188 | AO40: 0 | AV40: 0 | AW40: 51 | AX40: 24 | AZ40: =SUM(N40,P40:T40) -> 3.4
A42: MONTH / CFS | F42: =SUM(F13:F40) -> -771.86791 | G42: =SUM(G13:G40) -> 1731 | H42: =SUM(H13:H40) -> 22.47 | I42: =SUM(I13:I40) -> 1753.47 | J42: =SUM(J13:J40) -> 293.38096 | K42: =SUM(K13:K40) -> 2046.851 | L42: =SUM(L13:L40) -> 160.56209 | M42: =SUM(M13:M40) -> 97.9 | ... X42: =SUM(X13:X40) -> 1610 | AH42: =SUM(AH13:AH40) -> 978 | AJ42: =SUM(AJ13:AJ40) -> 0 | AK42: =SUM(AK13:AK40) -> 2685.9 | AL42: =SUM(AL13:AL40) -> 132.81887 | AM42: =SUM(AM13:AM40) -> 2818.7189 | AO42: =SUM(AO13:AO40) -> 0 | AV42: =SUM(AV13:AV40) -> 0.49 | AW42: =AVERAGE(AW13:AW40) -> 45.214286 | AX42: =AVERAGE(AX13:AX40) -> 19 | AY42: AVE | AZ42: =SUM(AZ13:AZ40) -> 97.9
A43: MONTH / AF | D43: =SUM(D13:D40) -> -1531 | F43: =F42*$D$2 -> -1531 | G43: =G42*$D$2 -> 3433.4385 | H43: =H42*$D$2 -> 44.569245 | I43: =I42*$D$2 -> 3478.0077 | J43: =J42*$D$2 -> 581.92114 | K43: =K42*$D$2 -> 4059.9289 | L43: =L42*$D$2 -> 318.4749 | M43: =M42*$D$2 -> 194.18465 | ... O43: =O42*$D$2 -> 0 | Q43: =Q42*$D$2 -> 84.406652 | R43: =R42*$D$2 -> 150.54765 | S43: =S42*$D$2 -> 0 | T43: =T42*$D$2 -> -40.769652 | U43: =U42*$D$2 -> 3193.435 | V43: =V42*$D$2 -> 0 | W43: =W42*$D$2 -> 3193.435 | X43: =X42*$D$2 -> 3193.435 | AH43: =AH42*$D$2 -> 1939.863 | AJ43: =AJ42*$D$2 -> 0 | AK43: =AK42*$D$2 -> 5327.4826 | AL43: =AL42*$D$2 -> 263.44623 | AM43: =AM42*$D$2 -> 5590.9289 | AO43: =AO42*$D$2 -> 0 | AW43: =MAX(AW13:AW40) -> 57 | AX43: =MAX(AX13:AX40) -> 33 | AY43: HI | AZ43: =AZ42*$D$2 -> 194.18465
A45: SEASON / CFS | AW45: =MIN(AW13:AW40) -> 32 | AX45: =MIN(AX13:AX40) -> 7 | AY45: LO
A46: SEASON / AF
A48: YTD / CFS | F48: =F11+F42 -> -4305.5205 | G48: =G11+G42 -> 5711 | H48: =H11+H42 -> 73.13 | I48: =I11+I42 -> 5784.13 | J48: =J11+J42 -> 1911.4836 | K48: =K11+K42 -> 7695.6136 | L48: =L11+L42 -> 1128.5495 | M48: =M11+M42 -> 607.9 | ... O48: =O11+O42 -> 0 | Q48: =Q11+Q42 -> 187.3434 | R48: =R11+R42 -> 297.78 | S48: =S11+S42 -> 0 | T48: =T11+T42 -> -65.4674 | U48: =U11+U42 -> 6293 | V48: =V11+V42 -> 76.3 | W48: =W11+W42 -> 6557.544 | X48: =X11+X42 -> 6104.2752 | AH48: =AH11+AH42 -> 4241 | AI48: =AI40 -> 1837 | AJ48: =AJ11+AJ42 -> 0 | AK48: =AK11+AK42 -> 11218.2 | AL48: =AL11+AL42 -> 782.93419 | AM48: =AM11+AM42 -> 12001.134 | AO48: =AO11+AO42 -> 453.2688 | AV48: =AV11+AV42 -> 3.76 | AZ48: =AZ11+AZ42 -> 419.656
A49: YTD / AF | D49: =D11+D43 -> -8540 | E49: =E40 -> 124261 | F49: =F48*$D$2 -> -8540 | G49: =G48*$D$2 -> 11327.769 | H49: =H48*$D$2 -> 145.05336 | I49: =I48*$D$2 -> 11472.822 | J49: =J48*$D$2 -> 3791.4278 | K49: =K48*$D$2 -> 15264.25 | L49: =L48*$D$2 -> 2238.4778 | M49: =M48*$D$2 -> 1205.7696 | ... O49: =O48*$D$2 -> 0 | Q49: =Q48*$D$2 -> 371.59563 | R49: =R48*$D$2 -> 590.64663 | S49: =S48*$D$2 -> 0 | T49: =T48*$D$2 -> -129.85459 | U49: =U48*$D$2 -> 12482.165 | V49: =V48*$D$2 -> 151.34105 | W49: =W48*$D$2 -> 13006.889 | X49: =X48*$D$2 -> 12107.83 | AH49: =AH48*$D$2 -> 8412.0235 | AI49: =AI48*$D$2 -> 3643.6895 | AJ49: =AJ48*$D$2 -> 0 | AK49: =AK48*$D$2 -> 22251.3 | AL49: =AL48*$D$2 -> 1552.95 | AM49: =AM48*$D$2 -> 23804.25 | AN49: =AN40 -> 12222.188 | AO49: =AO48*$D$2 -> 899.05866 | AZ49: =AZ48*$D$2 -> 832.38768

Sheet MAR
K1: MCPHEE RESERVOIR INFLOW/OUTFLOW TABULATION
A2: AF/cfs CONVERT FACTOR | D2: 1.9835 | K2: MARCH "2009"
D4: RESERVOIR | W4: INFLOW/OUTFLOW (CFS) | AP4: ADJUSTMENTS | AW4: WEATHER
A5: DATE | B5: RESERV | C5: RESERV | D5: AC FT | E5: ACTIVE | F5: CONV TO | G5: DOLORES | H5: LOST | I5: RECORD | J5: CALC | K5: TOTAL | L5: CALC | M5: DOLORES TUNNEL | U5: LONE | V5: U | W5: TOTAL | X5: TOTAL | Y5: TOTAL | Z5: TOTAl | AA5: MVI | AB5: MVI | AC5: TO EX & | AD5: MVI | AE5: DV CR | AF5: D/S SENIOR | AH5: BELOW | AI5: FISH | AJ5: SPILL | AK5: RECORD | AL5: CALC | AM5: TOTAL | AN5: NAR | AO5: MVI | AP5: MVI | AQ5: MVI | AR5: DIST. | AS5: U/S | AT5: TOTTEN | AU5: UTES | AV5: RAIN | AW5: MAX | AX5: MIN | AZ5: TOTAL
A6: MAR | B6: ELEV | D6: CHANGE | E6: CAP | F6: CFS | G6: RIVER | H6: CAN | I6: INFLOW | J6: INFLOW | K6: INFLOW | L6: INF/OTF | M6: TOT DIV | N6: WET | O6: UTE | P6: QUEST | Q6: MWC | R6: CTZ | S6: CTZ & | T6: F-BAY | U6: PINE | V6: LAT | W6: MVI | X6: MVI | Y6: MVI | Z6: MVI | AA6: CALL | AB6: APR- | AC6: U/S EX | AD6: PROJ | AE6: CANAL | AF6: MVIC | AG6: PROJ | AH6: MCP | AI6: LEFT | AK6: OTF | AL6: OTF | AM6: OTF | AN6: CALL | AO6: STOCK | AP6: STORED | AQ6: STORED | AR6: CLASS | AS6: USERS | AT6: (FRESH | AU6: FROM | AW6: TMP | AX6: TMP | AZ6: TUNNEL
N7: LAND | O7: F&R | S7: UTE | T7: SPILL | W7: 153400 | X7: IRRIG. | Y7: IRRIG. | Z7: 105500 | AB7: JUNE | AF7: 1.7 | AG7: 1.3 | AI7: 31798 | AP7: Apr - Jun | AQ7: EVAP | AR7: "B" | AS7: EXCH | AT7: WATER) | AU7: MVIC | AZ7: Misc.
C8: AC. Ft. | E8: AC FT | G8: CFS | H8: CFS | I8: CFS | J8: CFS | K8: CFS | L8: CFS | M8: CFS | N8: CFS | O8: CFS | P8: CFS | Q8: CFS | R8: CFS | S8: PROJ | T8: CFS | U8: CFS | V8: CFS | W8: CFS | X8: 150400 | Y8: 150400 | Z8: Ac. Ft. | AA8: CFS | AB8: 72000 | AC8: CFS | AD8: CFS | AE8: CFS | AF8: CFS | AG8: CFS | AH8: CFS | AI8: CFS | AJ8: CFS | AK8: CFS | AL8: CFS | AM8: CFS | AN8: AC FT | AO8: CFS | AP8: CFS | AQ8: AC.FT. | AR8: CFS | AS8: CFS | AT8: CFS | AU8: CFS | AZ8: Outflow
N9: 1.03 | O9: 1.05 | P9: 1.02 | Q9: 1.02 | R9: 1.04 | S9: CFS | X9: CFS | Y9: Ac. Ft. | AB9: Ac. Ft. | AZ9: CFS
A10: SEASON BAL
A11: YTD | B11: =FEB!B40 -> 6898 | C11: =FEB!C40 -> 276261 | D11: =FEB!D49 -> -8540 | E11: =FEB!E49 -> 124261 | F11: =FEB!F48 -> -4305.5205 | G11: =FEB!G48 -> 5711 | H11: =FEB!H48 -> 73.13 | I11: =FEB!I48 -> 5784.13 | J11: =FEB!J48 -> 1911.4836 | K11: =FEB!K48 -> 7695.6136 | L11: =FEB!L48 -> 1128.5495 | M11: =FEB!M48 -> 607.9 | ... O11: =FEB!O48 -> 0 | Q11: =FEB!Q48 -> 187.3434 | R11: =FEB!R48 -> 297.78 | S11: =FEB!S48 -> 0 | T11: =FEB!T48 -> -65.4674 | U11: =FEB!U48 -> 6293 | V11: =FEB!V48 -> 76.3 | W11: =FEB!W48 -> 6557.544 | X11: =FEB!X48 -> 6104.2752 | Y11: =FEB!Y40 -> 12107.83 | Z11: =FEB!Z40 -> 8491.6247 | AH11: =FEB!AH48 -> 4241 | AI11: =FEB!AI40 -> 1837 | AJ11: =FEB!AJ48 -> 0 | AK11: =FEB!AK48 -> 11218.2 | AL11: =FEB!AL48 -> 782.93419 | AM11: =FEB!AM48 -> 12001.134 | AN11: =FEB!AN49 -> 12222.188 | AO11: =FEB!AO48 -> 453.2688 | AV11: =FEB!AV48 -> 3.76 | AZ11: =FEB!AZ48 -> 419.656
A13: 1 | B13: 6898 | C13: 276261 | D13: =C13-C11 -> 0 | E13: =C13-152000 -> 124261 | F13: =D13/$D$2 -> 0 | G13: 108 | H13: 2.8 | I13: =G13+H13 -> 110.8 | J13: =IF(L13>0,L13,0) -> 0 | K13: =I13+J13 -> 110.8 | L13: =F13-(I13-AK13) -> -1.4 | M13: 3.4 | N13: 0 | O13: 0 | P13: 0 | Q13: =1.596*1.02 -> 1.62792 | R13: 2.03 | S13: 0 | T13: =M13-(Q13+R13+S13) -> -0.25792 | U13: 56 | V13: 0 | W13: =M13-N13-O13-P13-Q13-R13-S13-T13+U13+V13 -> 56 | X13: =W13-AO13 -> 56 | Y13: =Y11+(X13*1.9835) -> 12218.906 | Z13: =Z11+X13*(26300/37500)*1.9835 -> 8569.526 | AE13: 0 | AH13: 50 | AI13: =AI11-AH13 -> 1787 | AK13: =N13+O13+P13+Q13+R13+S13+T13+W13+AE13+AH13 -> 109.4 | AL13: =IF(L13<0,L13*-1,0) -> 1.4 | AM13: =AK13+AL13 -> 110.8 | AN13: =AN11+(W13*1.9835) -> 12333.264 | AV13: 0 | AW13: 60 | AX13: 25 | AZ13: =SUM(N13,P13:T13) -> 3.4
A14: =A13+1 -> 2 | B14: 6897.99 | C14: 276225 | D14: =C14-C13 -> -36 | E14: =C14-152000 -> 124225 | F14: =D14/$D$2 -> -18.149735 | G14: 117 | H14: 3.3 | I14: =G14+H14 -> 120.3 | J14: =IF(L14>0,L14,0) -> 0 | K14: =I14+J14 -> 120.3 | L14: =F14-(I14-AK14) -> -26.949735 | M14: 3.5 | N14: 0 | O14: 0 | P14: 0 | Q14: =1.596*1.02 -> 1.62792 | R14: 2.07 | S14: 0 | T14: =M14-(Q14+R14+S14) -> -0.19792 | U14: 56 | V14: 0 | W14: =M14-N14-O14-P14-Q14-R14-S14-T14+U14+V14 -> 56 | X14: =W14-AO14 -> 56 | Y14: =Y13+(X14*1.9835) -> 12329.982 | Z14: =Z13+X14*(26300/37500)*1.9835 -> 8647.4273 | AE14: 0 | AH14: 52 | AI14: =AI13-AH14 -> 1735 | AK14: =N14+O14+P14+Q14+R14+S14+T14+W14+AE14+AH14 -> 111.5 | AL14: =IF(L14<0,L14*-1,0) -> 26.949735 | AM14: =AK14+AL14 -> 138.44974 | AN14: =AN13+(W14*1.9835) -> 12444.34 | AV14: 0 | AW14: 65 | AX14: 32 | AZ14: =SUM(N14,P14:T14) -> 3.5
A15: =A14+1 -> 3 | B15: 6897.98 | C15: 276188 | D15: =C15-C14 -> -37 | E15: =C15-152000 -> 124188 | F15: =D15/$D$2 -> -18.653895 | G15: 108 | H15: 3.7 | I15: =G15+H15 -> 111.7 | J15: =IF(L15>0,L15,0) -> 0 | K15: =I15+J15 -> 111.7 | L15: =F15-(I15-AK15) -> -19.653895 | M15: 3.7 | N15: 0 | O15: 0 | P15: 0 | Q15: =1.596*1.02 -> 1.62792 | R15: 2.18 | S15: 0 | T15: =M15-(Q15+R15+S15) -> -0.10792 | U15: 56 | V15: 0 | W15: =M15-N15-O15-P15-Q15-R15-S15-T15+U15+V15 -> 56 | X15: =W15-AO15 -> 56 | Y15: =Y14+(X15*1.9835) -> 12441.058 | Z15: =Z14+X15*(26300/37500)*1.9835 -> 8725.3286 | AE15: 0 | AH15: 51 | AI15: =AI14-AH15 -> 1684 | AK15: =N15+O15+P15+Q15+R15+S15+T15+W15+AE15+AH15 -> 110.7 | AL15: =IF(L15<0,L15*-1,0) -> 19.653895 | AM15: =AK15+AL15 -> 130.35389 | AN15: =AN14+(W15*1.9835) -> 12555.416 | AV15: 0 | AW15: 59 | AX15: 38 | AZ15: =SUM(N15,P15:T15) -> 3.7
A16: =A15+1 -> 4 | B16: 6897.99 | C16: 276225 | D16: =C16-C15 -> 37 | E16: =C16-152000 -> 124225 | F16: =D16/$D$2 -> 18.653895 | G16: 117 | H16: 4.3 | I16: =G16+H16 -> 121.3 | J16: =IF(L16>0,L16,0) -> 8.0538946 | K16: =I16+J16 -> 129.35389 | L16: =F16-(I16-AK16) -> 8.0538946 | M16: 3.7 | N16: 0 | O16: 0 | P16: 0 | Q16: =1.596*1.02 -> 1.62792 | R16: 2.16 | S16: 0 | T16: =M16-(Q16+R16+S16) -> -0.08792 | U16: 56 | V16: 0 | W16: =M16-N16-O16-P16-Q16-R16-S16-T16+U16+V16 -> 56 | X16: =W16-AO16 -> 56 | Y16: =Y15+(X16*1.9835) -> 12552.134 | Z16: =Z15+X16*(26300/37500)*1.9835 -> 8803.2299 | AE16: 0 | AH16: 51 | AI16: =AI15-AH16 -> 1633 | AK16: =N16+O16+P16+Q16+R16+S16+T16+W16+AE16+AH16 -> 110.7 | AL16: =IF(L16<0,L16*-1,0) -> 0 | AM16: =AK16+AL16 -> 110.7 | AN16: =AN15+(W16*1.9835) -> 12666.492 | AV16: 0 | AW16: 61 | AX16: 38 | AZ16: =SUM(N16,P16:T16) -> 3.7
A17: =A16+1 -> 5 | B17: 6898 | C17: 276261 | D17: =C17-C16 -> 36 | E17: =C17-152000 -> 124261 | F17: =D17/$D$2 -> 18.149735 | G17: 118 | H17: 4.8 | I17: =G17+H17 -> 122.8 | J17: =IF(L17>0,L17,0) -> 5.8497353 | K17: =I17+J17 -> 128.64974 | L17: =F17-(I17-AK17) -> 5.8497353 | M17: 3.5 | N17: 0 | O17: 0 | P17: 0 | Q17: =1.596*1.02 -> 1.62792 | R17: 2.24 | S17: 0 | T17: =M17-(Q17+R17+S17) -> -0.36792 | U17: 56 | V17: 0 | W17: =M17-N17-O17-P17-Q17-R17-S17-T17+U17+V17 -> 56 | X17: =W17-AO17 -> 56 | Y17: =Y16+(X17*1.9835) -> 12663.21 | Z17: =Z16+X17*(26300/37500)*1.9835 -> 8881.1312 | AE17: 0 | AH17: 51 | AI17: =AI16-AH17 -> 1582 | AK17: =N17+O17+P17+Q17+R17+S17+T17+W17+AE17+AH17 -> 110.5 | AL17: =IF(L17<0,L17*-1,0) -> 0 | AM17: =AK17+AL17 -> 110.5 | AN17: =AN16+(W17*1.9835) -> 12777.568 | AV17: 0 | AW17: 53 | AX17: 34 | AZ17: =SUM(N17,P17:T17) -> 3.5
A18: =A17+1 -> 6 | B18: 6898.01 | C18: 276297 | D18: =C18-C17 -> 36 | E18: =C18-152000 -> 124297 | F18: =D18/$D$2 -> 18.149735 | G18: 118 | H18: 6.2 | I18: =G18+H18 -> 124.2 | J18: =IF(L18>0,L18,0) -> 4.3497353 | K18: =I18+J18 -> 128.54974 | L18: =F18-(I18-AK18) -> 4.3497353 | M18: 3.4 | N18: 0 | O18: 0 | P18: 0 | Q18: =1.596*1.02 -> 1.62792 | R18: 2.26 | S18: 0 | T18: =M18-(Q18+R18+S18) -> -0.48792 | U18: 56 | V18: 0 | W18: =M18-N18-O18-P18-Q18-R18-S18-T18+U18+V18 -> 56 | X18: =W18-AO18 -> 56 | Y18: =Y17+(X18*1.9835) -> 12774.286 | Z18: =Z17+X18*(26300/37500)*1.9835 -> 8959.0325 | AE18: 0 | AH18: 51 | AI18: =AI17-AH18 -> 1531 | AK18: =N18+O18+P18+Q18+R18+S18+T18+W18+AE18+AH18 -> 110.4 | AL18: =IF(L18<0,L18*-1,0) -> 0 | AM18: =AK18+AL18 -> 110.4 | AN18: =AN17+(W18*1.9835) -> 12888.644 | AV18: 0 | AW18: 48 | AX18: 34 | AZ18: =SUM(N18,P18:T18) -> 3.4
A19: =A18+1 -> 7 | B19: 6898.01 | C19: 276297 | D19: =C19-C18 -> 0 | E19: =C19-152000 -> 124297 | F19: =D19/$D$2 -> 0 | G19: 115 | H19: 5.8 | I19: =G19+H19 -> 120.8 | J19: =IF(L19>0,L19,0) -> 0 | K19: =I19+J19 -> 120.8 | L19: =F19-(I19-AK19) -> -10.3 | M19: 3.5 | N19: 0 | O19: 0 | P19: 0 | Q19: =1.596*1.02 -> 1.62792 | R19: 2.23 | S19: 0 | T19: =M19-(Q19+R19+S19) -> -0.35792 | U19: 56 | V19: 0 | W19: =M19-N19-O19-P19-Q19-R19-S19-T19+U19+V19 -> 56 | X19: =W19-AO19 -> 56 | Y19: =Y18+(X19*1.9835) -> 12885.362 | Z19: =Z18+X19*(26300/37500)*1.9835 -> 9036.9338 | AE19: 0 | AH19: 51 | AI19: =AI18-AH19 -> 1480 | AK19: =N19+O19+P19+Q19+R19+S19+T19+W19+AE19+AH19 -> 110.5 | AL19: =IF(L19<0,L19*-1,0) -> 10.3 | AM19: =AK19+AL19 -> 120.8 | AN19: =AN18+(W19*1.9835) -> 12999.72 | AV19: 0 | AW19: 37 | AX19: 21 | AZ19: =SUM(N19,P19:T19) -> 3.5
A20: =A19+1 -> 8 | B20: 6898.02 | C20: 276334 | D20: =C20-C19 -> 37 | E20: =C20-152000 -> 124334 | F20: =D20/$D$2 -> 18.653895 | G20: 91 | H20: 5.6 | I20: =G20+H20 -> 96.6 | J20: =IF(L20>0,L20,0) -> 33.053895 | K20: =I20+J20 -> 129.65389 | L20: =F20-(I20-AK20) -> 33.053895 | M20: 4 | N20: 0 | O20: 0 | P20: 0 | Q20: =1.596*1.02 -> 1.62792 | R20: 2.41 | S20: 0 | T20: =M20-(Q20+R20+S20) -> -0.03792 | U20: 56 | V20: 0 | W20: =M20-N20-O20-P20-Q20-R20-S20-T20+U20+V20 -> 56 | X20: =W20-AO20 -> 56 | Y20: =Y19+(X20*1.9835) -> 12996.438 | Z20: =Z19+X20*(26300/37500)*1.9835 -> 9114.8351 | AE20: 0 | AH20: 51 | AI20: =AI19-AH20 -> 1429 | AK20: =N20+O20+P20+Q20+R20+S20+T20+W20+AE20+AH20 -> 111 | AL20: =IF(L20<0,L20*-1,0) -> 0 | AM20: =AK20+AL20 -> 111 | AN20: =AN19+(W20*1.9835) -> 13110.796 | AV20: 0 | AW20: 49 | AX20: 17 | AZ20: =SUM(N20,P20:T20) -> 4
A21: =A20+1 -> 9 | B21: 6898.02 | C21: 276334 | D21: =C21-C20 -> 0 | E21: =C21-152000 -> 124334 | F21: =D21/$D$2 -> 0 | G21: 99 | H21: 4 | I21: =G21+H21 -> 103 | J21: =IF(L21>0,L21,0) -> 7.6 | K21: =I21+J21 -> 110.6 | L21: =F21-(I21-AK21) -> 7.6 | M21: 3.6 | N21: 0 | O21: 0 | P21: 0 | Q21: =1.596*1.02 -> 1.62792 | R21: 2.73 | S21: 0 | T21: =M21-(Q21+R21+S21) -> -0.75792 | U21: 56 | V21: 0 | W21: =M21-N21-O21-P21-Q21-R21-S21-T21+U21+V21 -> 56 | X21: =W21-AO21 -> 56 | Y21: =Y20+(X21*1.9835) -> 13107.514 | Z21: =Z20+X21*(26300/37500)*1.9835 -> 9192.7364 | AE21: 0 | AH21: 51 | AI21: =AI20-AH21 -> 1378 | AK21: =N21+O21+P21+Q21+R21+S21+T21+W21+AE21+AH21 -> 110.6 | AL21: =IF(L21<0,L21*-1,0) -> 0 | AM21: =AK21+AL21 -> 110.6 | AN21: =AN20+(W21*1.9835) -> 13221.872 | AV21: 0 | AW21: 50 | AX21: 31 | AZ21: =SUM(N21,P21:T21) -> 3.6
A22: =A21+1 -> 10 | B22: 6898.02 | C22: 276334 | D22: =C22-C21 -> 0 | E22: =C22-152000 -> 124334 | F22: =D22/$D$2 -> 0 | G22: 96 | H22: 3.5 | I22: =G22+H22 -> 99.5 | J22: =IF(L22>0,L22,0) -> 11.9 | K22: =I22+J22 -> 111.4 | L22: =F22-(I22-AK22) -> 11.9 | M22: 3.4 | N22: 0 | O22: 0 | P22: 0 | Q22: =1.596*1.02 -> 1.62792 | R22: 2.09 | S22: 0 | T22: =M22-(Q22+R22+S22) -> -0.31792 | U22: 56 | V22: 0 | W22: =M22-N22-O22-P22-Q22-R22-S22-T22+U22+V22 -> 56 | X22: =W22-AO22 -> 56 | Y22: =Y21+(X22*1.9835) -> 13218.59 | Z22: =Z21+X22*(26300/37500)*1.9835 -> 9270.6377 | AE22: 0 | AH22: 52 | AI22: =AI21-AH22 -> 1326 | AK22: =N22+O22+P22+Q22+R22+S22+T22+W22+AE22+AH22 -> 111.4 | AL22: =IF(L22<0,L22*-1,0) -> 0 | AM22: =AK22+AL22 -> 111.4 | AN22: =AN21+(W22*1.9835) -> 13332.948 | AV22: 0 | AW22: 41 | AX22: 22 | AZ22: =SUM(N22,P22:T22) -> 3.4
A23: =A22+1 -> 11 | B23: 6898.02 | C23: 276334 | D23: =C23-C22 -> 0 | E23: =C23-152000 -> 124334 | F23: =D23/$D$2 -> 0 | G23: 77 | H23: 2.8 | I23: =G23+H23 -> 79.8 | J23: =IF(L23>0,L23,0) -> 30.4 | K23: =I23+J23 -> 110.2 | L23: =F23-(I23-AK23) -> 30.4 | M23: 3.2 | N23: 0 | O23: 0 | P23: 0 | Q23: =1.596*1.02 -> 1.62792 | R23: 2.15 | S23: 0 | T23: =M23-(Q23+R23+S23) -> -0.57792 | U23: 55 | V23: 0 | W23: =M23-N23-O23-P23-Q23-R23-S23-T23+U23+V23 -> 55 | X23: =W23-AO23 -> 55 | Y23: =Y22+(X23*1.9835) -> 13327.682 | Z23: =Z22+X23*(26300/37500)*1.9835 -> 9347.1479 | AE23: 0 | AH23: 52 | AI23: =AI22-AH23 -> 1274 | AK23: =N23+O23+P23+Q23+R23+S23+T23+W23+AE23+AH23 -> 110.2 | AL23: =IF(L23<0,L23*-1,0) -> 0 | AM23: =AK23+AL23 -> 110.2 | AN23: =AN22+(W23*1.9835) -> 13442.041 | AV23: 0 | AW23: 56 | AX23: 15 | AZ23: =SUM(N23,P23:T23) -> 3.2
A24: =A23+1 -> 12 | B24: 6898.04 | C24: 276407 | D24: =C24-C23 -> 73 | E24: =C24-152000 -> 124407 | F24: =D24/$D$2 -> 36.80363 | G24: 92 | H24: 2.5 | I24: =G24+H24 -> 94.5 | J24: =IF(L24>0,L24,0) -> 30.50363 | K24: =I24+J24 -> 125.00363 | L24: =F24-(I24-AK24) -> 30.50363 | M24: 3.2 | N24: 0 | O24: 0 | P24: 0 | Q24: =1.596*1.02 -> 1.62792 | R24: 2.45 | S24: 0 | T24: =M24-(Q24+R24+S24) -> -0.87792 | U24: 32 | V24: 0 | W24: =M24-N24-O24-P24-Q24-R24-S24-T24+U24+V24 -> 32 | X24: =W24-AO24 -> 32 | Y24: =Y23+(X24*1.9835) -> 13391.154 | Z24: =Z23+X24*(26300/37500)*1.9835 -> 9391.6629 | AE24: 0 | AH24: 53 | AI24: =AI23-AH24 -> 1221 | AK24: =N24+O24+P24+Q24+R24+S24+T24+W24+AE24+AH24 -> 88.2 | AL24: =IF(L24<0,L24*-1,0) -> 0 | AM24: =AK24+AL24 -> 88.2 | AN24: =AN23+(W24*1.9835) -> 13505.513 | AV24: 0 | AW24: 52 | AX24: 25 | AZ24: =SUM(N24,P24:T24) -> 3.2
A25: =A24+1 -> 13 | B25: 6898.08 | C25: 276552 | D25: =C25-C24 -> 145 | E25: =C25-152000 -> 124552 | F25: =D25/$D$2 -> 73.103101 | G25: 99 | H25: 2.9 | I25: =G25+H25 -> 101.9 | J25: =IF(L25>0,L25,0) -> 26.603101 | K25: =I25+J25 -> 128.5031 | L25: =F25-(I25-AK25) -> 26.603101 | M25: 3.4 | N25: 0 | O25: 0 | P25: 0 | Q25: =1.596*1.02 -> 1.62792 | R25: 2.55 | S25: 0 | T25: =M25-(Q25+R25+S25) -> -0.77792 | U25: 0 | V25: 0 | W25: =M25-N25-O25-P25-Q25-R25-S25-T25+U25+V25 -> 0 | X25: =W25-AO25 -> 0 | Y25: =Y24+(X25*1.9835) -> 13391.154 | Z25: =Z24+X25*(26300/37500)*1.9835 -> 9391.6629 | AE25: 0 | AH25: 52 | AI25: =AI24-AH25 -> 1169 | AK25: =N25+O25+P25+Q25+R25+S25+T25+W25+AE25+AH25 -> 55.4 | AL25: =IF(L25<0,L25*-1,0) -> 0 | AM25: =AK25+AL25 -> 55.4 | AN25: =AN24+(W25*1.9835) -> 13505.513 | AV25: 0 | AW25: 51 | AX25: 30 | AZ25: =SUM(N25,P25:T25) -> 3.4
A26: =A25+1 -> 14 | B26: 6898.12 | C26: 276698 | D26: =C26-C25 -> 146 | E26: =C26-152000 -> 124698 | F26: =D26/$D$2 -> 73.60726 | G26: 103 | H26: 3 | I26: =G26+H26 -> 106 | J26: =IF(L26>0,L26,0) -> 23.00726 | K26: =I26+J26 -> 129.00726 | L26: =F26-(I26-AK26) -> 23.00726 | M26: 3.4 | N26: 0 | O26: 0 | P26: 0 | Q26: =1.596*1.02 -> 1.62792 | R26: 2.41 | S26: 0 | T26: =M26-(Q26+R26+S26) -> -0.63792 | U26: 0 | V26: 0 | W26: =M26-N26-O26-P26-Q26-R26-S26-T26+U26+V26 -> 0 | X26: =W26-AO26 -> 0 | Y26: =Y25+(X26*1.9835) -> 13391.154 | Z26: =Z25+X26*(26300/37500)*1.9835 -> 9391.6629 | AE26: 0 | AH26: 52 | AI26: =AI25-AH26 -> 1117 | AK26: =N26+O26+P26+Q26+R26+S26+T26+W26+AE26+AH26 -> 55.4 | AL26: =IF(L26<0,L26*-1,0) -> 0 | AM26: =AK26+AL26 -> 55.4 | AN26: =AN25+(W26*1.9835) -> 13505.513 | AV26: 0 | AW26: 49 | AX26: 26 | AZ26: =SUM(N26,P26:T26) -> 3.4
A27: =A26+1 -> 15 | B27: 6898.17 | C27: 276880 | D27: =C27-C26 -> 182 | E27: =C27-152000 -> 124880 | F27: =D27/$D$2 -> 91.756995 | G27: 101 | H27: 2.4 | I27: =G27+H27 -> 103.4 | J27: =IF(L27>0,L27,0) -> 43.756995 | K27: =I27+J27 -> 147.157 | L27: =F27-(I27-AK27) -> 43.756995 | M27: 3.4 | N27: 0 | O27: 0 | P27: 0 | Q27: =1.596*1.02 -> 1.62792 | R27: 2.43 | S27: 0 | T27: =M27-(Q27+R27+S27) -> -0.65792 | U27: 0 | V27: 0 | W27: =M27-N27-O27-P27-Q27-R27-S27-T27+U27+V27 -> 0 | X27: =W27-AO27 -> 0 | Y27: =Y26+(X27*1.9835) -> 13391.154 | Z27: =Z26+X27*(26300/37500)*1.9835 -> 9391.6629 | AE27: 0 | AH27: 52 | AI27: =AI26-AH27 -> 1065 | AK27: =N27+O27+P27+Q27+R27+S27+T27+W27+AE27+AH27 -> 55.4 | AL27: =IF(L27<0,L27*-1,0) -> 0 | AM27: =AK27+AL27 -> 55.4 | AN27: =AN26+(U27*1.9835) -> 13505.513 | AV27: 0 | AW27: 52 | AX27: 24 | AZ27: =SUM(N27,P27:T27) -> 3.4
A28: =A27+1 -> 16 | B28: 6898.22 | C28: 277063 | D28: =C28-C27 -> 183 | E28: =C28-152000 -> 125063 | F28: =D28/$D$2 -> 92.261155 | G28: 107 | H28: 2.7 | I28: =G28+H28 -> 109.7 | J28: =IF(L28>0,L28,0) -> 36.961155 | K28: =I28+J28 -> 146.66115 | L28: =F28-(I28-AK28) -> 36.961155 | M28: 3.4 | N28: 0 | O28: 0 | P28: 0 | Q28: =1.596*1.02 -> 1.62792 | R28: 2.62 | S28: 0 | T28: =M28-(Q28+R28+S28) -> -0.84792 | U28: 0 | V28: 0 | W28: =M28-N28-O28-P28-Q28-R28-S28-T28+U28+V28 -> 0 | X28: =W28-AO28 -> 0 | Y28: =Y27+(X28*1.9835) -> 13391.154 | Z28: =Z27+X28*(26300/37500)*1.9835 -> 9391.6629 | AE28: 0 | AH28: 51 | AI28: =AI27-AH28 -> 1014 | AK28: =N28+O28+P28+Q28+R28+S28+T28+W28+AE28+AH28 -> 54.4 | AL28: =IF(L28<0,L28*-1,0) -> 0 | AM28: =AK28+AL28 -> 54.4 | AN28: =AN27+(U28*1.9835) -> 13505.513 | AV28: 0 | AW28: 57 | AX28: 24 | AZ28: =SUM(N28,P28:T28) -> 3.4
A29: 17 | B29: 6898.31 | C29: 277391 | D29: =C29-C28 -> 328 | E29: =C29-152000 -> 125391 | F29: =D29/$D$2 -> 165.36426 | G29: 130 | H29: 4.1 | I29: =G29+H29 -> 134.1 | J29: =IF(L29>0,L29,0) -> 93.664255 | K29: =I29+J29 -> 227.76426 | L29: =F29-(I29-AK29) -> 93.664255 | M29: 3.4 | N29: 0 | O29: 0 | P29: 0 | Q29: =1.596*1.02 -> 1.62792 | R29: 3.33 | S29: 0 | T29: =M29-(Q29+R29+S29) -> -1.55792 | U29: 0 | V29: 0 | W29: =M29-N29-O29-P29-Q29-R29-S29-T29+U29+V29 -> 0 | X29: =W29-AO29 -> 0 | Y29: =Y28+(X29*1.9835) -> 13391.154 | Z29: =Z28+X29*(26300/37500)*1.9835 -> 9391.6629 | AE29: 0 | AH29: 59 | AI29: =AI28-AH29 -> 955 | AK29: =N29+O29+P29+Q29+R29+S29+T29+W29+AE29+AH29 -> 62.4 | AL29: =IF(L29<0,L29*-1,0) -> 0 | AM29: =AK29+AL29 -> 62.4 | AN29: =AN28+(U29*1.9835) -> 13505.513 | AV29: 0 | AW29: 62 | AX29: 26 | AZ29: =SUM(N29,P29:T29) -> 3.4
A30: =A29+1 -> 18 | B30: 6898.42 | C30: 277792 | D30: =C30-C29 -> 401 | E30: =C30-152000 -> 125792 | F30: =D30/$D$2 -> 202.16789 | G30: 169 | H30: 8.6 | I30: =G30+H30 -> 177.6 | J30: =IF(L30>0,L30,0) -> 103.96789 | K30: =I30+J30 -> 281.56789 | L30: =F30-(I30-AK30) -> 103.96789 | M30: 3.4 | N30: 0 | O30: 0 | P30: 0 | Q30: =1.596*1.02 -> 1.62792 | R30: 3.5 | S30: 0 | T30: =M30-(Q30+R30+S30) -> -1.72792 | U30: 0 | V30: 0 | W30: =M30-N30-O30-P30-Q30-R30-S30-T30+U30+V30 -> 0 | X30: =W30-AO30 -> 0 | Y30: =Y29+(X30*1.9835) -> 13391.154 | Z30: =Z29+X30*(26300/37500)*1.9835 -> 9391.6629 | AE30: 0 | AH30: 76 | AI30: =AI29-AH30 -> 879 | AK30: =N30+O30+P30+Q30+R30+S30+T30+W30+AE30+AH30 -> 79.4 | AL30: =IF(L30<0,L30*-1,0) -> 0 | AM30: =AK30+AL30 -> 79.4 | AN30: =AN29+(U30*1.9835) -> 13505.513 | AV30: 0 | AW30: 65 | AX30: 39 | AZ30: =SUM(N30,P30:T30) -> 3.4
A31: =A30+1 -> 19 | B31: 6898.55 | C31: 278266 | D31: =C31-C30 -> 474 | E31: =C31-152000 -> 126266 | F31: =D31/$D$2 -> 238.97151 | G31: 208 | H31: 18 | I31: =G31+H31 -> 226 | J31: =IF(L31>0,L31,0) -> 97.471515 | K31: =I31+J31 -> 323.47151 | L31: =F31-(I31-AK31) -> 97.471515 | M31: 4.5 | N31: 0 | O31: 0 | P31: 0 | Q31: =1.596*1.02 -> 1.62792 | R31: 3.15 | S31: 0 | T31: =M31-(Q31+R31+S31) -> -0.27792 | U31: 0 | V31: 0 | W31: =M31-N31-O31-P31-Q31-R31-S31-T31+U31+V31 -> 0 | X31: =W31-AO31 -> 0 | Y31: =Y30+(X31*1.9835) -> 13391.154 | Z31: =Z30+X31*(26300/37500)*1.9835 -> 9391.6629 | AE31: 0 | AH31: 80 | AI31: =AI30-AH31 -> 799 | AK31: =N31+O31+P31+Q31+R31+S31+T31+W31+AE31+AH31 -> 84.5 | AL31: =IF(L31<0,L31*-1,0) -> 0 | AM31: =AK31+AL31 -> 84.5 | AN31: =AN30+(U31*1.9835) -> 13505.513 | AV31: 0 | AW31: 66 | AX31: 33 | AZ31: =SUM(N31,P31:T31) -> 4.5
A32: =A31+1 -> 20 | B32: 6898.76 | C32: 279031 | D32: =C32-C31 -> 765 | E32: =C32-152000 -> 127031 | F32: =D32/$D$2 -> 385.68188 | G32: 254 | H32: 29 | I32: =G32+H32 -> 283 | J32: =IF(L32>0,L32,0) -> 189.28188 | K32: =I32+J32 -> 472.28188 | L32: =F32-(I32-AK32) -> 189.28188 | M32: 5.6 | N32: 0 | O32: 0 | P32: 0 | Q32: =1.596*1.02 -> 1.62792 | R32: 2.51 | S32: 0 | T32: =M32-(Q32+R32+S32) -> 1.46208 | U32: 0 | V32: 0 | W32: =M32-N32-O32-P32-Q32-R32-S32-T32+U32+V32 -> 0 | X32: =W32-AO32 -> 0 | Y32: =Y31+(X32*1.9835) -> 13391.154 | Z32: =Z31+X32*(26300/37500)*1.9835 -> 9391.6629 | AE32: 0 | AH32: 81 | AI32: =AI31-AH32 -> 718 | AK32: =N32+O32+P32+Q32+R32+S32+T32+W32+AE32+AH32 -> 86.6 | AL32: =IF(L32<0,L32*-1,0) -> 0 | AM32: =AK32+AL32 -> 86.6 | AN32: =AN31+(U32*1.9835) -> 13505.513 | AV32: 0 | AW32: 66 | AX32: 34 | AZ32: =SUM(N32,P32:T32) -> 5.6
A33: =A32+1 -> 21 | B33: 6898.97 | C33: 279797 | D33: =C33-C32 -> 766 | E33: =C33-152000 -> 127797 | F33: =D33/$D$2 -> 386.18603 | G33: 297 | H33: 37 | I33: =G33+H33 -> 334 | J33: =IF(L33>0,L33,0) -> 138.38603 | K33: =I33+J33 -> 472.38603 | L33: =F33-(I33-AK33) -> 138.38603 | M33: 5.2 | N33: 0 | O33: 0 | P33: 0 | Q33: =1.596*1.02 -> 1.62792 | R33: 2.45 | S33: 0 | T33: =M33-(Q33+R33+S33) -> 1.12208 | U33: 0 | V33: 0 | W33: =M33-N33-O33-P33-Q33-R33-S33-T33+U33+V33 -> 0 | X33: =W33-AO33 -> 0 | Y33: =Y32+(X33*1.9835) -> 13391.154 | Z33: =Z32+X33*(26300/37500)*1.9835 -> 9391.6629 | AE33: 0 | AH33: 81 | AI33: =AI32-AH33 -> 637 | AK33: =N33+O33+P33+Q33+R33+S33+T33+W33+AE33+AH33 -> 86.2 | AL33: =IF(L33<0,L33*-1,0) -> 0 | AM33: =AK33+AL33 -> 86.2 | AN33: =AN32+(U33*1.9835) -> 13505.513 | AV33: 0 | AW33: 66 | AX33: 31 | AZ33: =SUM(N33,P33:T33) -> 5.2
A34: =A33+1 -> 22 | B34: 6899.19 | C34: 280604 | D34: =C34-C33 -> 807 | E34: =C34-152000 -> 128604 | F34: =D34/$D$2 -> 406.85657 | G34: 345 | H34: 46 | I34: =G34+H34 -> 391 | J34: =IF(L34>0,L34,0) -> 102.05657 | K34: =I34+J34 -> 493.05657 | L34: =F34-(I34-AK34) -> 102.05657 | M34: 5.2 | N34: 0 | O34: 0 | P34: 0 | Q34: =1.596*1.02 -> 1.62792 | R34: 2.8 | S34: 0 | T34: =M34-(Q34+R34+S34) -> 0.77208 | U34: 0 | V34: 0 | W34: =M34-N34-O34-P34-Q34-R34-S34-T34+U34+V34 -> 0 | X34: =W34-AO34 -> 0 | Y34: =Y33+(X34*1.9835) -> 13391.154 | Z34: =Z33+X34*(26300/37500)*1.9835 -> 9391.6629 | AE34: 0 | AH34: 81 | AI34: =AI33-AH34 -> 556 | AK34: =N34+O34+P34+Q34+R34+S34+T34+W34+AE34+AH34 -> 86.2 | AL34: =IF(L34<0,L34*-1,0) -> 0 | AM34: =AK34+AL34 -> 86.2 | AN34: =AN33+(U34*1.9835) -> 13505.513 | AV34: 0.03 | AW34: 63 | AX34: 26 | AZ34: =SUM(N34,P34:T34) -> 5.2
A35: =A34+1 -> 23 | B35: 6899.42 | C35: 281449 | D35: =C35-C34 -> 845 | E35: =C35-152000 -> 129449 | F35: =D35/$D$2 -> 426.01462 | G35: 385 | H35: 50 | I35: =G35+H35 -> 435 | J35: =IF(L35>0,L35,0) -> 92.014621 | K35: =I35+J35 -> 527.01462 | L35: =F35-(I35-AK35) -> 92.014621 | M35: 20 | N35: 0 | O35: 0 | P35: 0 | Q35: =1.596*1.02 -> 1.62792 | R35: 2.83 | S35: 0 | T35: 0 | U35: 0 | V35: 0 | W35: =M35-N35-O35-P35-Q35-R35-S35-T35+U35+V35 -> 15.54208 | X35: =W35-AO35 -> 15.54208 | Y35: =Y34+(X35*1.9835) -> 13421.982 | Z35: =Z34+X35*(26300/37500)*1.9835 -> 9413.2834 | AE35: 0 | AH35: 81 | AI35: =AI34-AH35 -> 475 | AK35: =N35+O35+P35+Q35+R35+S35+T35+W35+AE35+AH35 -> 101 | AL35: =IF(L35<0,L35*-1,0) -> 0 | AM35: =AK35+AL35 -> 101 | AN35: =AN34+(U35*1.9835) -> 13505.513 | AV35: 0 | AW35: 43 | AX35: 25 | AZ35: =SUM(N35,P35:T35) -> 4.45792
A36: =A35+1 -> 24 | B36: 6899.57 | C36: 282000 | D36: =C36-C35 -> 551 | E36: =C36-152000 -> 130000 | F36: =D36/$D$2 -> 277.79178 | G36: 307 | H36: 37 | I36: =G36+H36 -> 344 | J36: =IF(L36>0,L36,0) -> 81.791782 | K36: =I36+J36 -> 425.79178 | L36: =F36-(I36-AK36) -> 81.791782 | M36: 28 | N36: 0 | O36: =(0.326+0.348)*1.05 -> 0.7077 | P36: 0 | Q36: =1.596*1.02 -> 1.62792 | R36: 2.66 | S36: 0 | T36: 0 | U36: 39 | V36: 0 | W36: =M36-N36-O36-P36-Q36-R36-S36-T36+U36+V36 -> 62.00438 | X36: =W36-AO36 -> 62.00438 | Y36: =Y35+(X36*1.9835) -> 13544.968 | Z36: =Z35+X36*(26300/37500)*1.9835 -> 9499.5374 | AE36: 0 | AH36: 81 | AI36: =AI35-AH36 -> 394 | AK36: =N36+O36+P36+Q36+R36+S36+T36+W36+AE36+AH36 -> 148 | AL36: =IF(L36<0,L36*-1,0) -> 0 | AM36: =AK36+AL36 -> 148 | AN36: =AN35+(U36*1.9835) -> 13582.869 | AV36: 0.02 | AW36: 51 | AX36: 20 | AZ36: =SUM(N36,P36:T36) -> 4.28792
A37: =A36+1 -> 25 | B37: 6899.68 | C37: 282404 | D37: =C37-C36 -> 404 | E37: =C37-152000 -> 130404 | F37: =D37/$D$2 -> 203.68036 | G37: 274 | H37: 38 | I37: =G37+H37 -> 312 | J37: =IF(L37>0,L37,0) -> 71.680363 | K37: =I37+J37 -> 383.68036 | L37: =F37-(I37-AK37) -> 71.680363 | M37: 27 | N37: 0 | O37: =(7.5+8.3)*1.05 -> 16.59 | P37: 0 | Q37: =1.596*1.02 -> 1.62792 | R37: 2.7 | S37: 0 | T37: 0 | U37: 72 | V37: 0 | W37: =M37-N37-O37-P37-Q37-R37-S37-T37+U37+V37 -> 78.08208 | X37: =W37-AO37 -> 78.08208 | Y37: =Y36+(X37*1.9835) -> 13699.844 | Z37: =Z36+X37*(26300/37500)*1.9835 -> 9608.157 | AE37: 0 | AH37: 81 | AI37: =AI36-AH37 -> 313 | AK37: =N37+O37+P37+Q37+R37+S37+T37+W37+AE37+AH37 -> 180 | AL37: =IF(L37<0,L37*-1,0) -> 0 | AM37: =AK37+AL37 -> 180 | AN37: =AN36+(U37*1.9835) -> 13725.681 | AV37: 0 | AW37: 47 | AX37: 23 | AZ37: =SUM(N37,P37:T37) -> 4.32792
A38: =A37+1 -> 26 | B38: 6899.78 | C38: 282772 | D38: =C38-C37 -> 368 | E38: =C38-152000 -> 130772 | F38: =D38/$D$2 -> 185.53063 | G38: 249 | H38: 33 | I38: =G38+H38 -> 282 | J38: =IF(L38>0,L38,0) -> 66.530628 | K38: =I38+J38 -> 348.53063 | L38: =F38-(I38-AK38) -> 66.530628 | M38: 25 | N38: 0 | O38: =(9+8.9)*1.05 -> 18.795 | P38: 0 | Q38: =1.596*1.02 -> 1.62792 | R38: 3.76 | S38: 0 | T38: 0 | U38: 57 | V38: 0 | W38: =M38-N38-O38-P38-Q38-R38-S38-T38+U38+V38 -> 57.81708 | X38: =W38-AO38 -> 57.81708 | Y38: =Y37+(X38*1.9835) -> 13814.524 | Z38: =Z37+X38*(26300/37500)*1.9835 -> 9688.586 | AE38: 0 | AH38: 81 | AI38: =AI37-AH38 -> 232 | AK38: =N38+O38+P38+Q38+R38+S38+T38+W38+AE38+AH38 -> 163 | AL38: =IF(L38<0,L38*-1,0) -> 0 | AM38: =AK38+AL38 -> 163 | AN38: =AN37+(U38*1.9835) -> 13838.741 | AV38: 0.03 | AW38: 40 | AX38: 24 | AZ38: =SUM(N38,P38:T38) -> 5.38792
A39: =A38+1 -> 27 | B39: 6899.81 | C39: 282882 | D39: =C39-C38 -> 110 | E39: =C39-152000 -> 130882 | F39: =D39/$D$2 -> 55.457525 | G39: 201 | H39: 23 | I39: =G39+H39 -> 224 | J39: =IF(L39>0,L39,0) -> 0 | K39: =I39+J39 -> 224 | L39: =F39-(I39-AK39) -> -33.342475 | M39: 5.2 | N39: 0 | O39: 0 | P39: 0 | Q39: =1.596*1.02 -> 1.62792 | R39: 3.75 | S39: 0 | T39: =M39-(Q39+R39+S39) -> -0.17792 | U39: 49 | V39: 0 | W39: =M39-N39-O39-P39-Q39-R39-S39-T39+U39+V39 -> 49 | X39: =W39-AO39 -> 49 | Y39: =Y38+(X39*1.9835) -> 13911.715 | Z39: =Z38+X39*(26300/37500)*1.9835 -> 9756.7496 | AE39: 0 | AH39: 81 | AI39: =AI38-AH39 -> 151 | AK39: =N39+O39+P39+Q39+R39+S39+T39+W39+AE39+AH39 -> 135.2 | AL39: =IF(L39<0,L39*-1,0) -> 33.342475 | AM39: =AK39+AL39 -> 168.54248 | AN39: =AN38+(U39*1.9835) -> 13935.932 | AV39: 0 | AW39: 41 | AX39: 20 | AZ39: =SUM(N39,P39:T39) -> 5.2
A40: =A39+1 -> 28 | B40: 6899.84 | C40: 282992 | D40: =C40-C39 -> 110 | E40: =C40-152000 -> 130992 | F40: =D40/$D$2 -> 55.457525 | G40: 192 | H40: 18 | I40: =G40+H40 -> 210 | J40: =IF(L40>0,L40,0) -> 0 | K40: =I40+J40 -> 210 | L40: =F40-(I40-AK40) -> -19.242475 | M40: 5.3 | N40: 0 | O40: 0 | P40: 0 | Q40: =1.596*1.02 -> 1.62792 | R40: 2.83 | S40: 0 | T40: =M40-(Q40+R40+S40) -> 0.84208 | U40: 49 | V40: 0 | W40: =M40-N40-O40-P40-Q40-R40-S40-T40+U40+V40 -> 49 | X40: =W40-AO40 -> 49 | Y40: =Y39+(X40*1.9835) -> 14008.907 | Z40: =Z39+X40*(26300/37500)*1.9835 -> 9824.9133 | AE40: 0 | AH40: 81 | AI40: =AI39-AH40 -> 70 | AK40: =N40+O40+P40+Q40+R40+S40+T40+W40+AE40+AH40 -> 135.3 | AL40: =IF(L40<0,L40*-1,0) -> 19.242475 | AM40: =AK40+AL40 -> 154.54248 | AN40: =AN39+(U40*1.9835) -> 14033.124 | AV40: 0 | AW40: 53 | AX40: 21 | AZ40: =SUM(N40,P40:T40) -> 5.3
A41: =A40+1 -> 29 | B41: 6899.87 | C41: 283102 | D41: =C41-C40 -> 110 | E41: =C41-152000 -> 131102 | F41: =D41/$D$2 -> 55.457525 | G41: 210 | H41: 21 | I41: =G41+H41 -> 231 | J41: =IF(L41>0,L41,0) -> 0 | K41: =I41+J41 -> 231 | L41: =F41-(I41-AK41) -> -40.342475 | M41: 5.2 | N41: 0 | O41: 0 | P41: 0 | Q41: =1.596*1.02 -> 1.62792 | R41: 2.72 | S41: 0 | T41: =M41-(Q41+R41+S41) -> 0.85208 | U41: 49 | V41: 0 | W41: =M41-N41-O41-P41-Q41-R41-S41-T41+U41+V41 -> 49 | X41: =W41-AO41 -> 49 | Y41: =Y40+(X41*1.9835) -> 14106.098 | Z41: =Z40+X41*(26300/37500)*1.9835 -> 9893.0769 | AE41: 0 | AH41: 81 | AI41: =AI40-AH41 -> -11 | AK41: =N41+O41+P41+Q41+R41+S41+T41+W41+AE41+AH41 -> 135.2 | AL41: =IF(L41<0,L41*-1,0) -> 40.342475 | AM41: =AK41+AL41 -> 175.54248 | AN41: =AN40+(U41*1.9835) -> 14130.315 | AV41: 0 | AW41: 56 | AX41: 23 | AZ41: =SUM(N41,P41:T41) -> 5.2
A42: 30 | B42: 6899.91 | C42: 283249 | D42: =C42-C41 -> 147 | E42: =C42-152000 -> 131249 | F42: =D42/$D$2 -> 74.111419 | G42: 222 | H42: 24 | I42: =G42+H42 -> 246 | J42: =IF(L42>0,L42,0) -> 42.111419 | K42: =I42+J42 -> 288.11142 | L42: =F42-(I42-AK42) -> 42.111419 | M42: 57 | N42: 0 | O42: =(5+4.2)*1.05 -> 9.66 | P42: 0 | Q42: =1.596*1.02 -> 1.62792 | R42: 2.57 | S42: 0 | T42: 0 | U42: 76 | V42: 0 | W42: =M42-N42-O42-P42-Q42-R42-S42-T42+U42+V42 -> 119.14208 | X42: =W42-AO42 -> 119.14208 | Y42: =Y41+(X42*1.9835) -> 14342.417 | Z42: =Z41+X42*(26300/37500)*1.9835 -> 10058.815 | AE42: 0 | AH42: 81 | AI42: =AI41-AH42 -> -92 | AK42: =N42+O42+P42+Q42+R42+S42+T42+W42+AE42+AH42 -> 214 | AL42: =IF(L42<0,L42*-1,0) -> 0 | AM42: =AK42+AL42 -> 214 | AN42: =AN41+(U42*1.9835) -> 14281.061 | AV42: 0.02 | AW42: 35 | AX42: 12 | AZ42: =SUM(N42,P42:T42) -> 4.19792
A43: 31 | B43: 6899.92 | C43: 283286 | D43: =C43-C42 -> 37 | E43: =C43-152000 -> 131286 | F43: =D43/$D$2 -> 18.653895 | G43: 180 | H43: 20 | I43: =G43+H43 -> 200 | J43: =IF(L43>0,L43,0) -> 53.653895 | K43: =I43+J43 -> 253.65389 | L43: =F43-(I43-AK43) -> 53.653895 | M43: 55 | N43: 0 | O43: =(1.5+1.5)*1.05 -> 3.15 | P43: 0 | Q43: =1.596*1.02 -> 1.62792 | R43: 2.6 | S43: 0 | T43: 0 | U43: 99 | V43: 0 | W43: =M43-N43-O43-P43-Q43-R43-S43-T43+U43+V43 -> 146.62208 | X43: =W43-AO43 -> 146.62208 | Y43: =Y42+(X43*1.9835) -> 14633.241 | Z43: =Z42+X43*(26300/37500)*1.9835 -> 10262.78 | AE43: 0 | AH43: 81 | AI43: =AI42-AH43 -> -173 | AK43: =N43+O43+P43+Q43+R43+S43+T43+W43+AE43+AH43 -> 235 | AL43: =IF(L43<0,L43*-1,0) -> 0 | AM43: =AK43+AL43 -> 235 | AN43: =AN42+(U43*1.9835) -> 14477.428 | AV43: 0 | AW43: 42 | AX43: 16 | AZ43: =SUM(N43,P43:T43) -> 4.22792
A45: MONTH / CFS | F45: =SUM(F13:F43) -> 3541.7192 | G45: =SUM(G13:G43) -> 5289 | H45: =SUM(H13:H43) -> 467 | I45: =SUM(I13:I43) -> 5756 | J45: =SUM(J13:J43) -> 1394.6502 | K45: =SUM(K13:K43) -> 7150.6502 | L45: =SUM(L13:L43) -> 1243.4192 | M45: =SUM(M13:M43) -> 310.7 | ... O45: =SUM(O13:O43) -> 48.9027 | Q45: =SUM(Q13:Q43) -> 50.46552 | R45: =SUM(R13:R43) -> 81.17 | S45: =SUM(S13:S43) -> 0 | T45: =SUM(T13:T43) -> -6.048 | U45: =SUM(U13:U43) -> 1137 | V45: =SUM(V13:V43) -> 0 | W45: =SUM(W13:W43) -> 1273.2098 | X45: =SUM(X13:X43) -> 1273.2098 | AH45: =SUM(AH13:AH43) -> 2010 | AJ45: =SUM(AJ13:AJ43) -> 0 | AK45: =SUM(AK13:AK43) -> 3457.7 | AL45: =SUM(AL13:AL43) -> 151.23106 | AM45: =SUM(AM13:AM43) -> 3608.9311 | AO45: =SUM(AO13:AO43) -> 0 | AV45: =SUM(AV13:AV43) -> 0.1 | AW45: =AVERAGE(AW13:AW43) -> 52.774194 | AX45: =AVERAGE(AX13:AX43) -> 26.096774 | AY45: AVE | AZ45: =SUM(AZ13:AZ43) -> 125.58752
A46: MONTH / AF | D46: =SUM(D13:D43) -> 7025 | F46: =F45*$D$2 -> 7025 | G46: =G45*$D$2 -> 10490.731 | H46: =H45*$D$2 -> 926.2945 | I46: =I45*$D$2 -> 11417.026 | J46: =J45*$D$2 -> 2766.2888 | K46: =K45*$D$2 -> 14183.315 | L46: =L45*$D$2 -> 2466.322 | M46: =M45*$D$2 -> 616.27345 | ... O46: =O45*$D$2 -> 96.998505 | Q46: =Q45*$D$2 -> 100.09836 | R46: =R45*$D$2 -> 161.0007 | S46: =S45*$D$2 -> 0 | T46: =T45*$D$2 -> -11.996208 | U46: =U45*$D$2 -> 2255.2395 | V46: =V45*$D$2 -> 0 | W46: =W45*$D$2 -> 2525.4116 | X46: =X45*$D$2 -> 2525.4116 | AH46: =AH45*$D$2 -> 3986.835 | AJ46: =AJ45*$D$2 -> 0 | AK46: =AK45*$D$2 -> 6858.348 | AL46: =AL45*$D$2 -> 299.9668 | AM46: =AM45*$D$2 -> 7158.3147 | AO46: =AO45*$D$2 -> 0 | AW46: =MAX(AW13:AW43) -> 66 | AX46: =MAX(AX13:AX43) -> 39 | AY46: HI | AZ46: =AZ45*$D$2 -> 249.10285
A48: SEASON / CFS | O48: =O45 -> 48.9027 | AW48: =MIN(AW13:AW43) -> 35 | AX48: =MIN(AX13:AX43) -> 12 | AY48: LO
A49: SEASON / AF | O49: =O48*D2 -> 96.998505
A51: YTD / CFS | F51: =F11+F45 -> -763.80136 | G51: =G11+G45 -> 11000 | H51: =H11+H45 -> 540.13 | I51: =I11+I45 -> 11540.13 | J51: =J11+J45 -> 3306.1339 | K51: =K11+K45 -> 14846.264 | L51: =L11+L45 -> 2371.9686 | M51: =M11+M45 -> 918.6 | ... O51: =O11+O45 -> 48.9027 | Q51: =Q11+Q45 -> 237.80892 | R51: =R11+R45 -> 378.95 | S51: =S11+S45 -> 0 | T51: =T11+T45 -> -71.5154 | U51: =U11+U45 -> 7430 | V51: =V11+V45 -> 76.3 | W51: =W11+W45 -> 7830.7538 | X51: =X11+X45 -> 7377.485 | AH51: =AH11+AH45 -> 6251 | AI51: =AI43 -> -173 | AJ51: =AJ11+AJ45 -> 0 | AK51: =AK11+AK45 -> 14675.9 | AL51: =AL11+AL45 -> 934.16525 | AM51: =AM11+AM45 -> 15610.065 | AO51: =AO11+AO45 -> 453.2688 | AV51: =AV11+AV45 -> 3.86 | AZ51: =AZ11+AZ45 -> 545.24352
A52: YTD / AF | D52: =D11+D46 -> -1515 | E52: =E43 -> 131286 | F52: =F51*$D$2 -> -1515 | G52: =G51*$D$2 -> 21818.5 | H52: =H51*$D$2 -> 1071.3479 | I52: =I51*$D$2 -> 22889.848 | J52: =J51*$D$2 -> 6557.7166 | K52: =K51*$D$2 -> 29447.564 | L52: =L51*$D$2 -> 4704.7998 | M52: =M51*$D$2 -> 1822.0431 | ... O52: =O51*$D$2 -> 96.998505 | Q52: =Q51*$D$2 -> 471.69399 | R52: =R51*$D$2 -> 751.64733 | S52: =S51*$D$2 -> 0 | T52: =T51*$D$2 -> -141.8508 | U52: =U51*$D$2 -> 14737.405 | V52: =V51*$D$2 -> 151.34105 | W52: =W51*$D$2 -> 15532.3 | X52: =X51*$D$2 -> 14633.241 | AH52: =AH51*$D$2 -> 12398.859 | AI52: =AI51*$D$2 -> -343.1455 | AJ52: =AJ51*$D$2 -> 0 | AK52: =AK51*$D$2 -> 29109.648 | AL52: =AL51*$D$2 -> 1852.9168 | AM52: =AM51*$D$2 -> 30962.564 | AN52: =AN43 -> 14477.428 | AO52: =AO51*$D$2 -> 899.05866 | AZ52: =AZ51*$D$2 -> 1081.4905

Sheet APR
K1: MCPHEE RESERVOIR INFLOW/OUTFLOW TABULATION
A2: AF/cfs CONVERT FACTOR | D2: 1.9835 | K2: APRIL "2009"
D4: RESERVOIR | W4: INFLOW/OUTFLOW (CFS) | AP4: ADJUSTMENTS | AW4: WEATHER
A5: DATE | B5: RESERV | C5: RESERV | D5: AC FT | E5: ACTIVE | F5: CONV TO | G5: DOLORES | H5: LOST | I5: RECORD | J5: CALC | K5: TOTAL | L5: CALC | M5: DOLORES TUNNEL | U5: LONE | V5: U | W5: TOTAL | X5: TOTAL | Y5: TOTAL | Z5: TOTAl | AA5: MVI | AB5: MVI | AC5: TO EX & | AD5: MVI | AE5: DV CR | AF5: D/S SENIOR | AH5: BELOW | AI5: FISH | AJ5: SPILL | AK5: RECORD | AL5: CALC | AM5: TOTAL | AN5: NAR | AO5: MVI | AP5: MVI | AQ5: MVI | AR5: DIST. | AS5: U/S | AT5: TOTTEN | AU5: UTES | AV5: RAIN | AW5: MAX | AX5: MIN | AZ5: TOTAL
A6: APR | B6: ELEV | D6: CHANGE | E6: CAP | F6: CFS | G6: RIVER | H6: CAN | I6: INFLOW | J6: INFLOW | K6: INFLOW | L6: INF/OTF | M6: TOT DIV | N6: WET | O6: UTE | P6: QUEST | Q6: MWC | R6: CTZ | S6: CTZ & | T6: F-BAY | U6: PINE | V6: LAT | W6: MVI | X6: MVI | Y6: MVI | Z6: MVI | AA6: CALL | AB6: APR- | AC6: U/S EX | AD6: PROJ | AE6: CANAL | AF6: MVIC | AG6: PROJ | AH6: MCP | AI6: LEFT | AK6: OTF | AL6: OTF | AM6: OTF | AN6: CALL | AO6: STOCK | AP6: STORED | AQ6: STORED | AR6: CLASS | AS6: USERS | AT6: (FRESH | AU6: FROM | AW6: TMP | AX6: TMP | AZ6: TUNNEL
N7: LAND | O7: F&R | S7: UTE | T7: SPILL | W7: 153400 | X7: IRRIG. | Y7: IRRIG. | Z7: 105500 | AB7: JUNE | AF7: 1.7 | AG7: 1.3 | AI7: 31798 | AP7: Apr - Jun | AQ7: EVAP | AR7: "B" | AS7: EXCH | AT7: WATER) | AU7: MVIC | AZ7: Misc.
C8: AC. Ft. | E8: AC FT | G8: CFS | H8: CFS | I8: CFS | J8: CFS | K8: CFS | L8: CFS | M8: CFS | N8: CFS | O8: CFS | P8: CFS | Q8: CFS | R8: CFS | S8: PROJ | T8: CFS | U8: CFS | V8: CFS | W8: CFS | X8: 150400 | Y8: 150400 | Z8: Ac. Ft. | AA8: CFS | AB8: 72000 | AC8: CFS | AD8: CFS | AE8: CFS | AF8: CFS | AG8: CFS | AH8: CFS | AI8: CFS | AJ8: CFS | AK8: CFS | AL8: CFS | AM8: CFS | AN8: AC FT | AO8: CFS | AP8: CFS | AQ8: AC.FT. | AR8: CFS | AS8: CFS | AT8: CFS | AU8: CFS | AZ8: Outflow
N9: 1.03 | O9: 1.05 | P9: 1.02 | Q9: 1.02 | R9: 1.04 | S9: CFS | X9: CFS | Y9: Ac. Ft. | AB9: Ac. Ft. | AZ9: CFS
A10: SEASON BAL | O10: =MAR!O48 -> 48.9027
A11: YTD | B11: =MAR!B43 -> 6899.92 | C11: =MAR!C43 -> 283286 | D11: =MAR!D52 -> -1515 | E11: =MAR!E52 -> 131286 | F11: =MAR!F51 -> -763.80136 | G11: =MAR!G51 -> 11000 | H11: =MAR!H51 -> 540.13 | I11: =MAR!I51 -> 11540.13 | J11: =MAR!J51 -> 3306.1339 | K11: =MAR!K51 -> 14846.264 | L11: =MAR!L51 -> 2371.9686 | M11: =MAR!M51 -> 918.6 | ... O11: =MAR!O51 -> 48.9027 | Q11: =MAR!Q51 -> 237.80892 | R11: =MAR!R51 -> 378.95 | S11: =MAR!S51 -> 0 | T11: =MAR!T51 -> -71.5154 | U11: =MAR!U51 -> 7430 | V11: =MAR!V51 -> 76.3 | W11: =MAR!W51 -> 7830.7538 | X11: =MAR!X51 -> 7377.485 | Y11: =MAR!Y43 -> 14633.241 | Z11: =MAR!Z43 -> 10262.78 | AA11: -4037 | AE11: =MAR!AE51 -> 0 | AF11: =MAR!AF51 -> 0 | AG11: =MAR!AG51 -> 0 | AH11: =MAR!AH51 -> 6251 | AI11: =AI7/D2 -> 16031.258 | AJ11: =MAR!AJ51 -> 0 | AK11: =MAR!AK51 -> 14675.9 | AL11: =MAR!AL51 -> 934.16525 | AM11: =MAR!AM51 -> 15610.065 | AN11: =MAR!AN52 -> 14477.428 | AO11: =MAR!AO51 -> 453.2688 | AV11: =MAR!AV51 -> 3.86 | AZ11: =MAR!AZ51 -> 545.24352
A13: 1 | B13: 6900.02 | C13: 283654 | D13: =C13-C11 -> 368 | E13: =C13-152000 -> 131654 | F13: =D13/$D$2 -> 185.53063 | G13: 209 | H13: 20 | I13: =G13+H13 -> 229 | J13: =IF(L13>0,L13,0) -> 54.530628 | K13: =I13+J13 -> 283.53063 | L13: =F13-(I13-AK13) -> 54.530628 | M13: 34 | N13: =1.8299*1.03 -> 1.884797 | O13: =(7.4+6.8)*1.05 -> 14.91 | P13: 0 | Q13: =1.599*1.02 -> 1.63098 | R13: 2.2 | S13: 0 | T13: 0 | U13: 0 | V13: 0 | W13: =M13-N13-O13-P13-Q13-R13-S13-T13+U13+V13 -> 13.374223 | X13: =W13-AO13 -> 13.374223 | Y13: =Y11+(X13*1.9835) -> 14659.769 | Z13: =Z11+X13*(26300/37500)*1.9835 -> 10281.385 | AA13: =AA11 -> -4037 | AB13: =+X13*1.9835 -> 26.527771 | AC13: =AP13 -> 210.0948 | AF13: 1.7 | AG13: 1.3 | AH13: 64 | AI13: =AI11-AH13 -> 15967.258 | AK13: =N13+O13+P13+Q13+R13+S13+T13+W13+AE13+AH13 -> 98 | AL13: =IF(L13<0,L13*-1,0) -> 0 | AM13: =AK13+AL13 -> 98 | AN13: =AN11+(U13*1.9835) -> 14477.428 | AP13: =I13-Q13-R13-W13-AF13 -> 210.0948 | AQ13: =29.8*(AC13*1.9835)/E13 -> 0.094325628 | AV13: 0.02 | AW13: 39 | AX13: 24 | AZ13: =SUM(N13,P13:T13) -> 5.715777
A14: =A13+1 -> 2 | B14: 6900.07 | C14: 283839 | D14: =C14-C13 -> 185 | E14: =C14-152000 -> 131839 | F14: =D14/$D$2 -> 93.269473 | G14: 148 | H14: 15 | I14: =G14+H14 -> 163 | J14: =IF(L14>0,L14,0) -> 21.269473 | K14: =I14+J14 -> 184.26947 | L14: =F14-(I14-AK14) -> 21.269473 | M14: 41 | N14: =1.8299*1.03 -> 1.884797 | O14: =(16+15)*1.05 -> 32.55 | P14: 0 | Q14: =1.599*1.02 -> 1.63098 | R14: 2.33 | S14: 0 | T14: 0 | U14: 0 | V14: 0 | W14: =M14-N14-O14-P14-Q14-R14-S14-T14+U14+V14 -> 2.604223 | X14: =W14-AO14 -> 2.604223 | Y14: =Y13+(X14*1.9835) -> 14664.935 | Z14: =Z13+X14*(26300/37500)*1.9835 -> 10285.008 | AA14: =AA13 -> -4037 | AB14: =AB13+(X14)*1.9835 -> 31.693248 | AC14: =AC13+AP14-(AQ13/1.9835) -> 364.78204 | AF14: 1.7 | AG14: 1.3 | AH14: 50 | AI14: =AI13-AH14 -> 15917.258 | AK14: =N14+O14+P14+Q14+R14+S14+T14+W14+AE14+AH14 -> 91 | AL14: =IF(L14<0,L14*-1,0) -> 0 | AM14: =AK14+AL14 -> 91 | AN14: =AN13+(U14*1.9835) -> 14477.428 | AP14: =I14-Q14-R14-W14-AF14 -> 154.7348 | AQ14: =29.8*(AC14*1.9835)/E14 -> 0.16354528 | AV14: 0 | AW14: 50 | AX14: 19 | AZ14: =SUM(N14,P14:T14) -> 5.845777
A15: =A14+1 -> 3 | B15: 6900.13 | C15: 284061 | D15: =C15-C14 -> 222 | E15: =C15-152000 -> 132061 | F15: =D15/$D$2 -> 111.92337 | G15: 201 | H15: 22 | I15: =G15+H15 -> 223 | J15: =IF(L15>0,L15,0) -> 19.123368 | K15: =I15+J15 -> 242.12337 | L15: =F15-(I15-AK15) -> 19.123368 | M15: 72 | N15: =1.8299*1.03 -> 1.884797 | O15: =(23+22)*1.05 -> 47.25 | P15: 0 | Q15: =1.599*1.02 -> 1.63098 | R15: 2.46 | S15: 0 | T15: 0 | U15: 9.2 | V15: 0 | W15: =M15-N15-O15-P15-Q15-R15-S15-T15+U15+V15 -> 27.974223 | X15: =W15-AO15 -> 27.974223 | Y15: =Y14+(X15*1.9835) -> 14720.422 | Z15: =Z14+X15*(26300/37500)*1.9835 -> 10323.922 | AA15: =AA14 -> -4037 | AB15: =AB14+(X15)*1.9835 -> 87.180119 | AC15: =AC14+AP15-(AQ14/1.9835) -> 553.93438 | AF15: 1.7 | AG15: 1.3 | AH15: 49 | AI15: =AI14-AH15 -> 15868.258 | AK15: =N15+O15+P15+Q15+R15+S15+T15+W15+AE15+AH15 -> 130.2 | AL15: =IF(L15<0,L15*-1,0) -> 0 | AM15: =AK15+AL15 -> 130.2 | AN15: =AN14 -> 14477.428 | AP15: =I15-Q15-R15-W15-AF15 -> 189.2348 | AQ15: =29.8*(AC15*1.9835)/E15 -> 0.24793179 | AV15: 0.09 | AW15: 56 | AX15: 30 | AZ15: =SUM(N15,P15:T15) -> 5.975777
A16: =A15+1 -> 4 | B16: 6900.25 | C16: 284505 | D16: =C16-C15 -> 444 | E16: =C16-152000 -> 132505 | F16: =D16/$D$2 -> 223.84674 | G16: 204 | H16: 26 | I16: =G16+H16 -> 230 | J16: =IF(L16>0,L16,0) -> 66.546736 | K16: =I16+J16 -> 296.54674 | L16: =F16-(I16-AK16) -> 66.546736 | M16: 18 | N16: =1.8299*1.03 -> 1.884797 | O16: =(11+11)*1.05 -> 23.1 | P16: 0 | Q16: =1.599*1.02 -> 1.63098 | R16: 2.39 | S16: 0 | T16: 0 | U16: 5.7 | V16: 0 | W16: =M16-N16-O16-P16-Q16-R16-S16-T16+U16+V16 -> -5.305777 | X16: =W16-AO16 -> -5.305777 | Y16: =Y15+(X16*1.9835) -> 14709.898 | Z16: =Z15+X16*(26300/37500)*1.9835 -> 10316.541 | AA16: =AA15 -> -4037 | AB16: =AB15+(X16)*1.9835 -> 76.65611 | AC16: =AC15+AP16-(AQ15/1.9835) -> 783.39418 | AF16: 1.7 | AG16: 1.3 | AH16: 49 | AI16: =AI15-AH16 -> 15819.258 | AK16: =N16+O16+P16+Q16+R16+S16+T16+W16+AE16+AH16 -> 72.7 | AL16: =IF(L16<0,L16*-1,0) -> 0 | AM16: =AK16+AL16 -> 72.7 | AN16: =AN15 -> 14477.428 | AP16: =I16-Q16-R16-W16-AF16 -> 229.5848 | AQ16: =29.8*(AC16*1.9835)/E16 -> 0.34945925 | AV16: 0.25 | AW16: 35 | AX16: 23 | AZ16: =SUM(N16,P16:T16) -> 5.905777
A17: =A16+1 -> 5 | B17: 6900.34 | C17: 284839 | D17: =C17-C16 -> 334 | E17: =C17-152000 -> 132839 | F17: =D17/$D$2 -> 168.38921 | G17: 169 | H17: 25 | I17: =G17+H17 -> 194 | J17: =IF(L17>0,L17,0) -> 27.889211 | K17: =I17+J17 -> 221.88921 | L17: =F17-(I17-AK17) -> 27.889211 | M17: 4.5 | N17: =1.8299*1.03 -> 1.884797 | O17: =0.14*1.05 -> 0.147 | P17: 0 | Q17: =1.599*1.02 -> 1.63098 | R17: 2.46 | S17: 0 | T17: 0 | U17: 0 | V17: 0 | W17: =M17-N17-O17-P17-Q17-R17-S17-T17+U17+V17 -> -1.622777 | X17: =W17-AO17 -> -1.622777 | Y17: =Y16+(X17*1.9835) -> 14706.679 | Z17: =Z16+X17*(26300/37500)*1.9835 -> 10314.284 | AA17: =AA16 -> -4037 | AB17: =AB16+(X17)*1.9835 -> 73.437332 | AC17: =AC16+AP17-(AQ16/1.9835) -> 973.0498 | AF17: 1.7 | AG17: 1.3 | AH17: 49 | AI17: =AI16-AH17 -> 15770.258 | AK17: =N17+O17+P17+Q17+R17+S17+T17+W17+AE17+AH17 -> 53.5 | AL17: =IF(L17<0,L17*-1,0) -> 0 | AM17: =AK17+AL17 -> 53.5 | AN17: =AN16 -> 14477.428 | AP17: =I17-Q17-R17-W17-AF17 -> 189.8318 | AQ17: =29.8*(AC17*1.9835)/E17 -> 0.43297013 | AV17: 0 | AW17: 42 | AX17: 18 | AZ17: =SUM(N17,P17:T17) -> 5.975777
A18: =A17+1 -> 6 | B18: 6900.41 | C18: 285098 | D18: =C18-C17 -> 259 | E18: =C18-152000 -> 133098 | F18: =D18/$D$2 -> 130.57726 | G18: 182 | H18: 26 | I18: =G18+H18 -> 208 | J18: =IF(L18>0,L18,0) -> 45.777262 | K18: =I18+J18 -> 253.77726 | L18: =F18-(I18-AK18) -> 45.777262 | M18: 63 | N18: =1.8299*1.03 -> 1.884797 | O18: =(16+17)*1.05 -> 34.65 | P18: 0 | Q18: =1.599*1.02 -> 1.63098 | R18: 2.48 | S18: 0 | T18: 0 | U18: 7.4 | V18: 3.8 | W18: =M18-N18-O18-P18-Q18-R18-S18-T18+U18+V18 -> 33.554223 | X18: =W18-AO18 -> 0 | Y18: =Y17+(X18*1.9835) -> 14706.679 | Z18: =Z17+X18*(26300/37500)*1.9835 -> 10314.284 | AA18: =AA17 -> -4037 | AB18: =AB17+(X18)*1.9835 -> 73.437332 | AC18: =AC17+AP18-(AQ17/1.9835) -> 1141.4663 | AF18: 1.7 | AG18: 1.3 | AH18: 49 | AI18: =AI17-AH18 -> 15721.258 | AK18: =N18+O18+P18+Q18+R18+S18+T18+W18+AE18+AH18 -> 123.2 | AL18: =IF(L18<0,L18*-1,0) -> 0 | AM18: =AK18+AL18 -> 123.2 | AN18: =AN17 -> 14477.428 | AO18: =W18 -> 33.554223 | AP18: =I18-Q18-R18-W18-AF18 -> 168.6348 | AQ18: =29.8*(AC18*1.9835)/E18 -> 0.50692071 | AV18: 0 | AW18: 56 | AX18: 21 | AZ18: =SUM(N18,P18:T18) -> 5.995777
A19: =A18+1 -> 7 | B19: 6900.46 | C19: 285283 | D19: =C19-C18 -> 185 | E19: =C19-152000 -> 133283 | F19: =D19/$D$2 -> 93.269473 | G19: 241 | H19: 35 | I19: =G19+H19 -> 276 | J19: =IF(L19>0,L19,0) -> 34.469473 | K19: =I19+J19 -> 310.46947 | L19: =F19-(I19-AK19) -> 34.469473 | M19: 136 | N19: =1.8299*1.03 -> 1.884797 | O19: =(41+40)*1.05 -> 85.05 | P19: 0 | Q19: =1.599*1.02 -> 1.63098 | R19: 2.7 | S19: 0 | T19: 0 | U19: 24 | V19: 9.2 | W19: =M19-N19-O19-P19-Q19-R19-S19-T19+U19+V19 -> 77.934223 | X19: =W19-AO19 -> 0 | Y19: =Y18+(X19*1.9835) -> 14706.679 | Z19: =Z18+X19*(26300/37500)*1.9835 -> 10314.284 | AA19: =AA18 -> -4037 | AB19: =AB18+(X19)*1.9835 -> 73.437332 | AC19: =AC18+AP19-(AQ18/1.9835) -> 1333.2455 | AF19: 1.7 | AG19: 1.3 | AH19: 48 | AI19: =AI18-AH19 -> 15673.258 | AK19: =N19+O19+P19+Q19+R19+S19+T19+W19+AE19+AH19 -> 217.2 | AL19: =IF(L19<0,L19*-1,0) -> 0 | AM19: =AK19+AL19 -> 217.2 | AN19: =AN18+(U19*1.9835) -> 14525.032 | AO19: =W19 -> 77.934223 | AP19: =I19-Q19-R19-W19-AF19 -> 192.0348 | AQ19: =29.8*(AC19*1.9835)/E19 -> 0.59126728 | AV19: 0 | AW19: 61 | AX19: 28 | AZ19: =SUM(N19,P19:T19) -> 6.215777
A20: =A19+1 -> 8 | B20: 6900.61 | C20: 285838 | D20: =C20-C19 -> 555 | E20: =C20-152000 -> 133838 | F20: =D20/$D$2 -> 279.80842 | G20: 384 | H20: 61 | I20: =G20+H20 -> 445 | J20: =IF(L20>0,L20,0) -> 35.808419 | K20: =I20+J20 -> 480.80842 | L20: =F20-(I20-AK20) -> 35.808419 | M20: 119 | N20: =1.8299*1.03 -> 1.884797 | O20: =(44+42)*1.05 -> 90.3 | P20: 0 | Q20: =1.599*1.02 -> 1.63098 | R20: 3.72 | S20: 0 | T20: 0 | U20: 23 | V20: 11 | W20: =M20-N20-O20-P20-Q20-R20-S20-T20+U20+V20 -> 55.464223 | X20: =W20-AO20 -> 0 | Y20: =Y19+(X20*1.9835) -> 14706.679 | Z20: =Z19+X20*(26300/37500)*1.9835 -> 10314.284 | AA20: =AA19+1.95 -> -4035.05 | AB20: =AB19+(X20)*1.9835 -> 73.437332 | AC20: =AC19+380.89-(AQ19/1.9835) -> 1713.8374 | AF20: 1.7 | AG20: 1.3 | AH20: 48 | AI20: =AI19-AH20 -> 15625.258 | AK20: =N20+O20+P20+Q20+R20+S20+T20+W20+AE20+AH20 -> 201 | AL20: =IF(L20<0,L20*-1,0) -> 0 | AM20: =AK20+AL20 -> 201 | AN20: =AN19+(U20*1.9835) -> 14570.652 | AO20: =W20 -> 55.464223 | AP20: =I20-Q20-R20-W20-AF20 -> 382.4848 | AQ20: =29.8*(AC20*1.9835)/E20 -> 0.75690027 | AV20: 0 | AW20: 62 | AX20: 33 | AZ20: =SUM(N20,P20:T20) -> 7.235777
A21: =A20+1 -> 9 | B21: 6900.88 | C21: 286838 | D21: =C21-C20 -> 1000 | E21: =C21-152000 -> 134838 | F21: =D21/$D$2 -> 504.15931 | G21: 535 | H21: 105 | I21: =G21+H21 -> 640 | J21: =IF(L21>0,L21,0) -> 57.159314 | K21: =I21+J21 -> 697.15931 | L21: =F21-(I21-AK21) -> 57.159314 | M21: 114 | N21: =1.8299*1.03 -> 1.884797 | O21: =(43+42)*1.05 -> 89.25 | P21: 0 | Q21: =1.599*1.02 -> 1.63098 | R21: 3.57 | S21: 0 | T21: 0 | U21: 21 | V21: 10 | W21: =M21-N21-O21-P21-Q21-R21-S21-T21+U21+V21 -> 48.664223 | X21: =W21-AO21 -> 0 | Y21: =Y20+(X21*1.9835) -> 14706.679 | Z21: =Z20+X21*(26300/37500)*1.9835 -> 10314.284 | AA21: =AA20+AP21 -> -3450.6152 | AB21: =AB20+(X211)*1.9835 -> 73.437332 | AC21: =AC20-(AQ20/1.9835) -> 1713.4558 | AF21: 1.7 | AG21: 1.3 | AH21: 48 | AI21: =AI20-AH21 -> 15577.258 | AK21: =N21+O21+P21+Q21+R21+S21+T21+W21+AE21+AH21 -> 193 | AL21: =IF(L21<0,L21*-1,0) -> 0 | AM21: =AK21+AL21 -> 193 | AN21: =AN20 -> 14570.652 | AO21: =W21 -> 48.664223 | AP21: =I21-Q21-R21-W21-AF21 -> 584.4348 | AQ21: =29.8*(AC21*1.9835)/E21 -> 0.75111958 | AV21: 0 | AW21: 54 | AX21: 28 | AZ21: =SUM(N21,P21:T21) -> 7.085777
A22: =A21+1 -> 10 | B22: 6901.12 | C22: 287730 | D22: =C22-C21 -> 892 | E22: =C22-152000 -> 135730 | F22: =D22/$D$2 -> 449.71011 | G22: 462 | H22: 70 | I22: =G22+H22 -> 532 | J22: =IF(L22>0,L22,0) -> 135.71011 | K22: =I22+J22 -> 667.71011 | L22: =F22-(I22-AK22) -> 135.71011 | M22: 139 | N22: =1.8299*1.03 -> 1.884797 | O22: =(51+42)*1.05 -> 97.65 | P22: 0 | Q22: =1.599*1.02 -> 1.63098 | R22: 2.63 | S22: 0 | T22: 0 | U22: 21 | V22: 10 | W22: =M22-N22-O22-P22-Q22-R22-S22-T22+U22+V22 -> 66.204223 | X22: =W22-AO22 -> 0 | Y22: =Y21+(X22*1.9835) -> 14706.679 | Z22: =Z21+X22*(26300/37500)*1.9835 -> 10314.284 | AA22: =AA21+AP22 -> -2990.7804 | AB22: =AB21+(X212)*1.9835 -> 73.437332 | AC22: =AC21-(AQ21/1.9835) -> 1713.0772 | AF22: 1.7 | AG22: 1.3 | AH22: 48 | AI22: =AI21-AH22 -> 15529.258 | AK22: =N22+O22+P22+Q22+R22+S22+T22+W22+AE22+AH22 -> 218 | AL22: =IF(L22<0,L22*-1,0) -> 0 | AM22: =AK22+AL22 -> 218 | AN22: =AN21 -> 14570.652 | AO22: =W22 -> 66.204223 | AP22: =I22-Q22-R22-W22-AF22 -> 459.8348 | AQ22: =29.8*(AC22*1.9835)/E22 -> 0.74601841 | AV22: 0 | AW22: 59 | AX22: 33 | AZ22: =SUM(N22,P22:T22) -> 6.145777
A23: =A22+1 -> 11 | B23: 6901.49 | C23: 289111 | D23: =C23-C22 -> 1381 | E23: =C23-152000 -> 137111 | F23: =D23/$D$2 -> 696.24401 | G23: 586 | H23: 96 | I23: =G23+H23 -> 682 | J23: =IF(L23>0,L23,0) -> 205.24401 | K23: =I23+J23 -> 887.24401 | L23: =F23-(I23-AK23) -> 205.24401 | M23: 111 | N23: =1.8299*1.03 -> 1.884797 | O23: =(47+43)*1.05 -> 94.5 | P23: 0 | Q23: =1.599*1.02 -> 1.63098 | R23: 2.4 | S23: 0 | T23: 0 | U23: 21 | V23: 10 | W23: =M23-N23-O23-P23-Q23-R23-S23-T23+U23+V23 -> 41.584223 | X23: =W23-AO23 -> 0 | Y23: =Y22+(X23*1.9835) -> 14706.679 | Z23: =Z22+X23*(26300/37500)*1.9835 -> 10314.284 | AA23: =AA22+AP23 -> -2356.0956 | AB23: =AB22+(X213)*1.9835 -> 73.437332 | AC23: =AC22-(AQ22/1.9835) -> 1712.701 | AF23: 1.7 | AG23: 1.3 | AH23: 49 | AI23: =AI22-AH23 -> 15480.258 | AK23: =N23+O23+P23+Q23+R23+S23+T23+W23+AE23+AH23 -> 191 | AL23: =IF(L23<0,L23*-1,0) -> 0 | AM23: =AK23+AL23 -> 191 | AN23: =AN22 -> 14570.652 | AO23: =W23 -> 41.584223 | AP23: =I23-Q23-R23-W23-AF23 -> 634.6848 | AQ23: =29.8*(AC23*1.9835)/E23 -> 0.73834227 | AV23: 0.54 | AW23: 51 | AX23: 32 | AZ23: =SUM(N23,P23:T23) -> 5.915777
A24: =A23+1 -> 12 | B24: 6901.76 | C24: 290119 | D24: =C24-C23 -> 1008 | E24: =C24-152000 -> 138119 | F24: =D24/$D$2 -> 508.19259 | G24: 485 | H24: 78 | I24: =G24+H24 -> 563 | J24: =IF(L24>0,L24,0) -> 130.19259 | K24: =I24+J24 -> 693.19259 | L24: =F24-(I24-AK24) -> 130.19259 | M24: 106 | N24: =1.8299*1.03 -> 1.884797 | O24: =(42+42)*1.05 -> 88.2 | P24: 0 | Q24: =1.599*1.02 -> 1.63098 | R24: 2.55 | S24: 0 | T24: 0 | U24: 21 | V24: 10 | W24: =M24-N24-O24-P24-Q24-R24-S24-T24+U24+V24 -> 42.734223 | X24: =W24-AO24 -> 0 | Y24: =Y23+(X24*1.9835) -> 14706.679 | Z24: =Z23+X24*(26300/37500)*1.9835 -> 10314.284 | AA24: =AA23+AP24 -> -1841.7108 | AB24: =AB23+(X214)*1.9835 -> 73.437332 | AC24: =AC23-(AQ23/1.9835) -> 1712.3288 | AF24: 1.7 | AG24: 1.3 | AH24: 48 | AI24: =AI23-AH24 -> 15432.258 | AK24: =N24+O24+P24+Q24+R24+S24+T24+W24+AE24+AH24 -> 185 | AL24: =IF(L24<0,L24*-1,0) -> 0 | AM24: =AK24+AL24 -> 185 | AN24: =AN23 -> 14570.652 | AO24: =W24 -> 42.734223 | AP24: =I24-Q24-R24-W24-AF24 -> 514.3848 | AQ24: =29.8*(AC24*1.9835)/E24 -> 0.73279451 | AV24: 0 | AW24: 52 | AX24: 32 | AZ24: =SUM(N24,P24:T24) -> 6.065777
A25: =A24+1 -> 13 | B25: 6902.07 | C25: 291278 | D25: =C25-C24 -> 1159 | E25: =C25-152000 -> 139278 | F25: =D25/$D$2 -> 584.32065 | G25: 469 | H25: 113 | I25: =G25+H25 -> 582 | J25: =IF(L25>0,L25,0) -> 178.32065 | K25: =I25+J25 -> 760.32065 | L25: =F25-(I25-AK25) -> 178.32065 | M25: 96 | N25: =1.8299*1.03 -> 1.884797 | O25: =(36+36)*1.05 -> 75.6 | P25: 0 | Q25: =1.599*1.02 -> 1.63098 | R25: 2.73 | S25: 0 | T25: 0 | U25: 21 | V25: 11 | W25: =M25-N25-O25-P25-Q25-R25-S25-T25+U25+V25 -> 46.154223 | X25: =W25-AO25 -> 0 | Y25: =Y24+(X25*1.9835) -> 14706.679 | Z25: =Z24+X25*(26300/37500)*1.9835 -> 10314.284 | AA25: =AA24+AP25 -> -1311.926 | AB25: =AB24+(X215)*1.9835 -> 73.437332 | AC25: =AC24-(AQ24/1.9835) -> 1711.9594 | AF25: 1.7 | AG25: 1.3 | AH25: 48 | AI25: =AI24-AH25 -> 15384.258 | AK25: =N25+O25+P25+Q25+R25+S25+T25+W25+AE25+AH25 -> 176 | AL25: =IF(L25<0,L25*-1,0) -> 0 | AM25: =AK25+AL25 -> 176 | AN25: =AN24 -> 14570.652 | AO25: =W25 -> 46.154223 | AP25: =I25-Q25-R25-W25-AF25 -> 529.7848 | AQ25: =29.8*(AC25*1.9835)/E25 -> 0.72653978 | AV25: 0 | AW25: 60 | AX25: 31 | AZ25: =SUM(N25,P25:T25) -> 6.245777
A26: =A25+1 -> 14 | B26: 6902.44 | C26: 292670 | D26: =C26-C25 -> 1392 | E26: =C26-152000 -> 140670 | F26: =D26/$D$2 -> 701.78977 | G26: 530 | H26: 131 | I26: =G26+H26 -> 661 | J26: =IF(L26>0,L26,0) -> 241.78977 | K26: =I26+J26 -> 902.78977 | L26: =F26-(I26-AK26) -> 241.78977 | M26: 122 | N26: =1.8299*1.03 -> 1.884797 | O26: =(47+45)*1.05 -> 96.6 | P26: 0 | Q26: =1.599*1.02 -> 1.63098 | R26: 2.64 | S26: 0 | T26: 0 | U26: 21 | V26: 10 | W26: =M26-N26-O26-P26-Q26-R26-S26-T26+U26+V26 -> 50.244223 | X26: =W26-AO26 -> 0 | Y26: =Y25+(X26*1.9835) -> 14706.679 | Z26: =Z25+X26*(26300/37500)*1.9835 -> 10314.284 | AA26: =AA25+AP26 -> -707.14122 | AB26: =AB25+(X216)*1.9835 -> 73.437332 | AC26: =AC25-(AQ25/1.9835) -> 1711.5931 | AF26: 1.7 | AG26: 1.3 | AH26: 48 | AI26: =AI25-AH26 -> 15336.258 | AK26: =N26+O26+P26+Q26+R26+S26+T26+W26+AE26+AH26 -> 201 | AL26: =IF(L26<0,L26*-1,0) -> 0 | AM26: =AK26+AL26 -> 201 | AN26: =AN25 -> 14570.652 | AO26: =W26 -> 50.244223 | AP26: =I26-Q26-R26-W26-AF26 -> 604.7848 | AQ26: =29.8*(AC26*1.9835)/E26 -> 0.71919639 | AV26: 0 | AW26: 61 | AX26: 37 | AZ26: =SUM(N26,P26:T26) -> 6.155777
A27: =A26+1 -> 15 | B27: 6902.75 | C27: 293837 | D27: =C27-C26 -> 1167 | E27: =C27-152000 -> 141837 | F27: =D27/$D$2 -> 588.35392 | G27: 519 | H27: 103 | I27: =G27+H27 -> 622 | J27: =IF(L27>0,L27,0) -> 149.35392 | K27: =I27+J27 -> 771.35392 | L27: =F27-(I27-AK27) -> 149.35392 | M27: 103 | N27: =1.8299*1.03 -> 1.884797 | O27: =(38+37)*1.05 -> 78.75 | P27: 0 | Q27: =1.599*1.02 -> 1.63098 | R27: 2.52 | S27: 0 | T27: 0 | U27: 21 | V27: 11 | W27: =M27-N27-O27-P27-Q27-R27-S27-T27+U27+V27 -> 50.214223 | X27: =W27-AO27 -> 0 | Y27: =Y26+(X27*1.9835) -> 14706.679 | Z27: =Z26+X27*(26300/37500)*1.9835 -> 10314.284 | AA27: =AA26+AP27 -> -141.20642 | AB27: =AB26+(X217)*1.9835 -> 73.437332 | AC27: =AC26-(AQ26/1.9835) -> 1711.2305 | AF27: 1.7 | AG27: 1.3 | AH27: 48 | AI27: =AI26-AH27 -> 15288.258 | AK27: =N27+O27+P27+Q27+R27+S27+T27+W27+AE27+AH27 -> 183 | AL27: =IF(L27<0,L27*-1,0) -> 0 | AM27: =AK27+AL27 -> 183 | AN27: =AN26 -> 14570.652 | AO27: =W27 -> 50.214223 | AP27: =I27-Q27-R27-W27-AF27 -> 565.9348 | AQ27: =29.8*(AC27*1.9835)/E27 -> 0.71312792 | AV27: 0 | AW27: 57 | AX27: 27 | AZ27: =SUM(N27,P27:T27) -> 6.035777
A28: =A27+1 -> 16 | B28: 6903.03 | C28: 294891 | D28: =C28-C27 -> 1054 | E28: =C28-152000 -> 142891 | F28: =D28/$D$2 -> 531.38392 | G28: 498 | H28: 94 | I28: =G28+H28 -> 592 | J28: =IF(L28>0,L28,0) -> 94.383917 | K28: =I28+J28 -> 686.38392 | L28: =F28-(I28-AK28) -> 94.383917 | M28: 75 | N28: =1.8299*1.03 -> 1.884797 | O28: =(26+25)*1.05 -> 53.55 | P28: 0 | Q28: =1.599*1.02 -> 1.63098 | R28: 2.45 | S28: 0 | T28: 0 | U28: 21 | V28: 11 | W28: =M28-N28-O28-P28-Q28-R28-S28-T28+U28+V28 -> 47.484223 | X28: =W28-AO28 -> 0 | Y28: =Y27+(X28*1.9835) -> 14706.679 | Z28: =Z27+X28*(26300/37500)*1.9835 -> 10314.284 | AA28: =AA27+AP28 -> 397.52838 | AB28: =AB27+(X28+546)*1.9835 -> 1156.4283 | AC28: =AC27-(AQ27/1.9835) -> 1710.8709 | AF28: 1.7 | AG28: 1.3 | AH28: 48 | AI28: =AI27-AH28 -> 15240.258 | AK28: =N28+O28+P28+Q28+R28+S28+T28+W28+AE28+AH28 -> 155 | AL28: =IF(L28<0,L28*-1,0) -> 0 | AM28: =AK28+AL28 -> 155 | AN28: =AN27 -> 14570.652 | AO28: =W28 -> 47.484223 | AP28: =I28-Q28-R28-W28-AF28 -> 538.7348 | AQ28: =29.8*(AA28*1.9835+AC28*1.9835)/E28 -> 0.8721606 | AV28: 0 | AW28: 41 | AX28: 20 | AZ28: =SUM(N28,P28:T28) -> 5.965777
A29: =A28+1 -> 17 | B29: 6903.25 | C29: 295726 | D29: =C29-C28 -> 835 | E29: =C29-152000 -> 143726 | F29: =D29/$D$2 -> 420.97303 | G29: 422 | H29: 67 | I29: =G29+H29 -> 489 | J29: =IF(L29>0,L29,0) -> 91.973027 | K29: =I29+J29 -> 580.97303 | L29: =F29-(I29-AK29) -> 91.973027 | M29: 80 | N29: =1.8299*1.03 -> 1.884797 | O29: =(26+26)*1.05 -> 54.6 | P29: 0 | Q29: =1.599*1.02 -> 1.63098 | R29: 2.55 | S29: 0 | T29: 0 | U29: 21 | V29: 11 | W29: =M29-N29-O29-P29-Q29-R29-S29-T29+U29+V29 -> 51.334223 | X29: =W29-AO29 -> 0 | Y29: =Y28+(X29*1.9835) -> 14706.679 | Z29: =Z28+X29*(26300/37500)*1.9835 -> 10314.284 | AA29: =AA28+AP29 -> 829.31317 | AB29: =AB28+(X29+AP29)*1.9835 -> 2012.8735 | AC29: =AC28-(AQ28/1.9835) -> 1710.4312 | AF29: 1.7 | AG29: 1.3 | AH29: 48 | AI29: =AI28-AH29 -> 15192.258 | AK29: =N29+O29+P29+Q29+R29+S29+T29+W29+AE29+AH29 -> 160 | AL29: =IF(L29<0,L29*-1,0) -> 0 | AM29: =AK29+AL29 -> 160 | AN29: =AN28 -> 14570.652 | AO29: =W29 -> 51.334223 | AP29: =I29-Q29-R29-W29-AF29 -> 431.7848 | AQ29: =29.8*(AA29*1.9835+AC29*1.9835)/E29 -> 1.0444873 | AV29: 0 | AW29: 50 | AX29: 29 | AZ29: =SUM(N29,P29:T29) -> 6.065777
A30: =A29+1 -> 18 | B30: 6903.44 | C30: 296447 | D30: =C30-C29 -> 721 | E30: =C30-152000 -> 144447 | F30: =D30/$D$2 -> 363.49887 | G30: 410 | H30: 69 | I30: =G30+H30 -> 479 | J30: =IF(L30>0,L30,0) -> 40.498866 | K30: =I30+J30 -> 519.49887 | L30: =F30-(I30-AK30) -> 40.498866 | M30: 76 | N30: =1.8299*1.03 -> 1.884797 | O30: =(27+27)*1.05 -> 56.7 | P30: 0 | Q30: =1.599*1.02 -> 1.63098 | R30: 2.64 | S30: 0 | T30: 0 | U30: 21 | V30: 11 | W30: =M30-N30-O30-P30-Q30-R30-S30-T30+U30+V30 -> 45.144223 | X30: =W30-AO30 -> 0 | Y30: =Y29+(X30*1.9835) -> 14706.679 | Z30: =Z29+X30*(26300/37500)*1.9835 -> 10314.284 | AA30: =AA29+AP30 -> 1257.198 | AB30: =AB29+(X30+AP30)*1.9835 -> 2861.583 | AC30: =AC29-(AQ29/1.9835) -> 1709.9047 | AF30: 1.7 | AG30: 1.3 | AH30: 48 | AI30: =AI29-AH30 -> 15144.258 | AK30: =N30+O30+P30+Q30+R30+S30+T30+W30+AE30+AH30 -> 156 | AL30: =IF(L30<0,L30*-1,0) -> 0 | AM30: =AK30+AL30 -> 156 | AN30: =AN29 -> 14570.652 | AO30: =W30 -> 45.144223 | AP30: =I30-Q30-R30-W30-AF30 -> 427.8848 | AQ30: =29.8*(AA30*1.9835+AC30*1.9835)/E30 -> 1.2141505 | AV30: 0 | AW30: 57 | AX30: 31 | AZ30: =SUM(N30,P30:T30) -> 6.155777
A31: =A30+1 -> 19 | B31: 6903.72 | C31: 297509 | D31: =C31-C30 -> 1062 | E31: =C31-152000 -> 145509 | F31: =D31/$D$2 -> 535.41719 | G31: 515 | H31: 101 | I31: =G31+H31 -> 616 | J31: =IF(L31>0,L31,0) -> 93.417192 | K31: =I31+J31 -> 709.41719 | L31: =F31-(I31-AK31) -> 93.417192 | M31: 93 | N31: =1.8299*1.03 -> 1.884797 | O31: =(27+28)*1.05 -> 57.75 | P31: 0 | Q31: =1.599*1.02 -> 1.63098 | R31: 2.54 | S31: 0 | T31: 0 | U31: 21 | V31: 11 | W31: =M31-N31-O31-P31-Q31-R31-S31-T31+U31+V31 -> 61.194223 | X31: =W31-AO31 -> 0 | Y31: =Y30+(X31*1.9835) -> 14706.679 | Z31: =Z30+X31*(26300/37500)*1.9835 -> 10314.284 | AA31: =AA30+AP31 -> 1806.1328 | AB31: =AB30+(X31+AP31)*1.98351 -> 3950.4006 | AC31: =AC30-(AQ30/1.9835) -> 1709.2925 | AF31: 1.7 | AG31: 1.3 | AH31: 49 | AI31: =AI30-AH31 -> 15095.258 | AK31: =N31+O31+P31+Q31+R31+S31+T31+W31+AE31+AH31 -> 174 | AL31: =IF(L31<0,L31*-1,0) -> 0 | AM31: =AK31+AL31 -> 174 | AN31: =AN30 -> 14570.652 | AO31: =W31 -> 61.194223 | AP31: =I31-Q31-R31-W31-AF31 -> 548.9348 | AQ31: =29.8*(AA31*1.9835+AC31*1.9835)/E31 -> 1.4280272 | AV31: 0 | AW31: 65 | AX31: 35 | AZ31: =SUM(N31,P31:T31) -> 6.055777
A32: =A31+1 -> 20 | B32: 6904.16 | C32: 299183 | D32: =C32-C31 -> 1674 | E32: =C32-152000 -> 147183 | F32: =D32/$D$2 -> 843.96269 | G32: 809 | H32: 180 | I32: =G32+H32 -> 989 | J32: =IF(L32>0,L32,0) -> 70.962692 | K32: =I32+J32 -> 1059.9627 | L32: =F32-(I32-AK32) -> 70.962692 | M32: 114 | N32: =1.8299*1.03 -> 1.884797 | O32: =(30+30)*1.05 -> 63 | P32: 0 | Q32: =1.599*1.02 -> 1.63098 | R32: 2.76 | S32: 0 | T32: 0 | U32: 22 | V32: 16 | W32: =M32-N32-O32-P32-Q32-R32-S32-T32+U32+V32 -> 82.724223 | X32: =W32-AO32 -> 0 | Y32: =Y31+(X32*1.9835) -> 14706.679 | Z32: =Z31+X32*(26300/37500)*1.9835 -> 10314.284 | AA32: =AA31+AP32 -> 2518.4085 | AB32: =AB31+(X32+AP32)*1.9835 -> 5363.1996 | AC32: =AC31-(AQ31/1.9835) -> 1708.5726 | AE32: 15 | AF32: 1.7 | AG32: 1.3 | AH32: 49 | AI32: =AI31-AH32 -> 15046.258 | AK32: =N32+O32+P32+Q32+R32+S32+T32+W32+AE32+AH32 -> 216 | AL32: =IF(L32<0,L32*-1,0) -> 0 | AM32: =AK32+AL32 -> 216 | AN32: =AN31 -> 14570.652 | AO32: =W32 -> 82.724223 | AP32: =795-W32 -> 712.27578 | AQ32: =29.8*(AA32*1.9835+AC32*1.9835)/E32 -> 1.6975443 | AV32: 0 | AW32: 68 | AX32: 36 | AZ32: =SUM(N32,P32:T32) -> 6.275777
A33: =A32+1 -> 21 | B33: 6904.86 | C33: 301860 | D33: =C33-C32 -> 2677 | E33: =C33-152000 -> 149860 | F33: =D33/$D$2 -> 1349.6345 | G33: 1230 | H33: 242 | I33: =G33+H33 -> 1472 | J33: =IF(L33>0,L33,0) -> 87.634484 | K33: =I33+J33 -> 1559.6345 | L33: =F33-(I33-AK33) -> 87.634484 | M33: 99 | N33: =1.8299*1.03 -> 1.884797 | O33: =(28+27)*1.05 -> 57.75 | P33: 0 | Q33: =1.599*1.02 -> 1.63098 | R33: 3.74 | S33: 0 | T33: 0 | U33: 20 | V33: 19 | W33: =M33-N33-O33-P33-Q33-R33-S33-T33+U33+V33 -> 72.994223 | X33: =W33-AO33 -> 66.494223 | Y33: =Y32+(X33*1.9835) -> 14838.57 | Z33: =Z32+X33*(26300/37500)*1.9835 -> 10406.784 | AA33: =AA32+AP33 -> 3240.4143 | AB33: =AB32+(AP33+X33)*1.9835 -> 6927.1894 | AC33: =AC32-(AQ32/1.9835) -> 1707.7167 | AE33: 23 | AF33: 1.7 | AG33: 1.3 | AH33: 49 | AI33: =AI32-AH33 -> 14997.258 | AK33: =N33+O33+P33+Q33+R33+S33+T33+W33+AE33+AH33 -> 210 | AL33: =IF(L33<0,L33*-1,0) -> 0 | AM33: =AK33+AL33 -> 210 | AN33: =AN32 -> 14570.652 | AO33: 6.5 | AP33: =795-W33 -> 722.00578 | AQ33: =29.8*(AA33*1.9835+AC33*1.9835)/E33 -> 1.951659 | AV33: 0 | AW33: 71 | AX33: 35 | AZ33: =SUM(N33,P33:T33) -> 7.255777
A34: =A33+1 -> 22 | B34: 6905.74 | C34: 305249 | D34: =C34-C33 -> 3389 | E34: =C34-152000 -> 153249 | F34: =D34/$D$2 -> 1708.5959 | G34: 1540 | H34: 254 | I34: =G34+H34 -> 1794 | J34: =IF(L34>0,L34,0) -> 136.59592 | K34: =I34+J34 -> 1930.5959 | L34: =F34-(I34-AK34) -> 136.59592 | M34: 100 | N34: =1.8299*1.03 -> 1.884797 | O34: =(23+23)*1.05 -> 48.3 | P34: 0 | Q34: =1.599*1.02 -> 1.63098 | R34: 3.64 | S34: 0 | T34: 0 | U34: 21 | V34: 23 | W34: =M34-N34-O34-P34-Q34-R34-S34-T34+U34+V34 -> 88.544223 | X34: =W34-AO34 -> 88.544223 | Y34: =Y33+(X34*1.9835) -> 15014.198 | Z34: =Z33+X34*(26300/37500)*1.9835 -> 10529.957 | AA34: =AA33+AP34 -> 3946.8701 | AB34: =AB33+(AP34+X34)*1.9835 -> 8504.0719 | AC34: =AC33-(AQ33/1.9835) -> 1706.7328 | AE34: 29 | AF34: 1.7 | AG34: 1.3 | AH34: 49 | AI34: =AI33-AH34 -> 14948.258 | AK34: =N34+O34+P34+Q34+R34+S34+T34+W34+AE34+AH34 -> 222 | AL34: =IF(L34<0,L34*-1,0) -> 0 | AM34: =AK34+AL34 -> 222 | AN34: =AN33 -> 14570.652 | AP34: =795-W34 -> 706.45578 | AQ34: =29.8*(AA34*1.9835+AC34*1.9835)/E34 -> 2.1806006 | AV34: 0 | AW34: 72 | AX34: 38 | AZ34: =SUM(N34,P34:T34) -> 7.155777
A35: =A34+1 -> 23 | B35: 6906.57 | C35: 308467 | D35: =C35-C34 -> 3218 | E35: =C35-152000 -> 156467 | F35: =D35/$D$2 -> 1622.3847 | G35: 1540 | H35: 181 | I35: =G35+H35 -> 1721 | J35: =IF(L35>0,L35,0) -> 145.38467 | K35: =I35+J35 -> 1866.3847 | L35: =F35-(I35-AK35) -> 145.38467 | M35: 111 | N35: =1.8299*1.03 -> 1.884797 | O35: =(23+23)*1.05 -> 48.3 | P35: 0 | Q35: =1.599*1.02 -> 1.63098 | R35: 4.2 | S35: 0.6 | T35: 0 | U35: 21 | V35: 33 | W35: =M35-N35-O35-P35-Q35-R35-S35-T35+U35+V35 -> 108.38422 | X35: =W35-AO35 -> 108.38422 | Y35: =Y34+(X35*1.9835) -> 15229.178 | Z35: =Z34+W35*(26300/37500)*1.9835 -> 10680.73 | AA35: =AA34+AP35 -> 4633.4859 | AB35: =AB34+(AP35+X35)*1.9835 -> 10080.954 | AC35: =AC34-(AQ34/1.9835) -> 1705.6334 | AE35: 30 | AF35: 1.7 | AG35: 1.3 | AH35: 49 | AI35: =AI34-AH35 -> 14899.258 | AK35: =N35+O35+P35+Q35+R35+S35+T35+W35+AE35+AH35 -> 244 | AL35: =IF(L35<0,L35*-1,0) -> 0 | AM35: =AK35+AL35 -> 244 | AN35: =AN34 -> 14570.652 | AP35: =795-W35 -> 686.61578 | AQ35: =29.8*(AA35*1.9835+AC35*1.9835)/E35 -> 2.3947194 | AV35: 0 | AW35: 71 | AX35: 40 | AZ35: =SUM(N35,P35:T35) -> 8.315777
A36: =A35+1 -> 24 | B36: 6907.47 | C36: 311979 | D36: =C36-C35 -> 3512 | E36: =C36-152000 -> 159979 | F36: =D36/$D$2 -> 1770.6075 | G36: 1720 | H36: 176 | I36: =G36+H36 -> 1896 | J36: =IF(L36>0,L36,0) -> 140.60751 | K36: =I36+J36 -> 2036.6075 | L36: =F36-(I36-AK36) -> 140.60751 | M36: 159 | N36: =1.8299*1.03 -> 1.884797 | O36: =(33+35)*1.05 -> 71.4 | P36: 0 | Q36: =1.599*1.02 -> 1.63098 | R36: 4.2 | S36: 1.21 | T36: 0 | U36: 21 | V36: 37 | W36: =M36-N36-O36-P36-Q36-R36-S36-T36+U36+V36 -> 136.67422 | X36: =W36-AO36 -> 136.67422 | Y36: =Y35+(X36*1.9835) -> 15500.271 | Z36: =Z35+W36*(26300/37500)*1.9835 -> 10870.857 | AA36: =AA35+AP36 -> 5291.8117 | AB36: =AB35+(AP36+X36)*1.9835 -> 11657.837 | AC36: =AC35-(AQ35/1.9835) -> 1704.4261 | AE36: 0 | AF36: 1.7 | AG36: 1.3 | AH36: 49 | AI36: =AI35-AH36 -> 14850.258 | AK36: =N36+O36+P36+Q36+R36+S36+T36+W36+AE36+AH36 -> 266 | AL36: =IF(L36<0,L36*-1,0) -> 0 | AM36: =AK36+AL36 -> 266 | AN36: =AN35 -> 14570.652 | AP36: =795-W36 -> 658.32578 | AQ36: =29.8*(AA36*1.9835+AC36*1.9835)/E36 -> 2.5849375 | AV36: 0 | AW36: 69 | AX36: 40 | AZ36: =SUM(N36,P36:T36) -> 8.925777
A37: =A36+1 -> 25 | B37: 6908.37 | C37: 315517 | D37: =C37-C36 -> 3538 | E37: =C37-152000 -> 163517 | F37: =D37/$D$2 -> 1783.7157 | G37: 1810 | H37: 192 | I37: =G37+H37 -> 2002 | J37: =IF(L37>0,L37,0) -> 55.715654 | K37: =I37+J37 -> 2057.7157 | L37: =F37-(I37-AK37) -> 55.715654 | M37: 166 | N37: =1.8299*1.03 -> 1.884797 | O37: =(35+33)*1.05 -> 71.4 | P37: 0 | Q37: =1.599*1.02 -> 1.63098 | R37: 4.2 | S37: 0.43 | T37: 0 | U37: 21 | V37: 38 | W37: =M37-N37-O37-P37-Q37-R37-S37-T37+U37+V37 -> 145.45422 | X37: =W37-AO37 -> 145.45422 | Y37: =Y36+(X37*1.9835) -> 15788.779 | Z37: =Z36+W37*(26300/37500)*1.9835 -> 11073.197 | AA37: =AA36+AP37 -> 5941.3574 | AB37: =AB36+(AP37+X37)*1.9835 -> 13234.719 | AC37: =AC36-(AQ36/1.9835) -> 1703.1229 | AE37: 0 | AF37: 1.7 | AG37: 1.3 | AH37: 49 | AI37: =AI36-AH37 -> 14801.258 | AK37: =N37+O37+P37+Q37+R37+S37+T37+W37+AE37+AH37 -> 274 | AL37: =IF(L37<0,L37*-1,0) -> 0 | AM37: =AK37+AL37 -> 274 | AN37: =AN36 -> 14570.652 | AP37: =795-W37 -> 649.54578 | AQ37: =29.8*(AA37*1.9835+AC37*1.9835)/E37 -> 2.7633349 | AV37: 0 | AW37: 64 | AX37: 33 | AZ37: =SUM(N37,P37:T37) -> 8.145777
A38: =A37+1 -> 26 | B38: 6909.2 | C38: 318802 | D38: =C38-C37 -> 3285 | E38: =C38-152000 -> 166802 | F38: =D38/$D$2 -> 1656.1633 | G38: 1600 | H38: 154 | I38: =G38+H38 -> 1754 | J38: =IF(L38>0,L38,0) -> 161.16335 | K38: =I38+J38 -> 1915.1633 | L38: =F38-(I38-AK38) -> 161.16335 | M38: 148 | N38: =1.8299*1.03 -> 1.884797 | O38: =(29+29)*1.05 -> 60.9 | P38: 0 | Q38: =1.599*1.02 -> 1.63098 | R38: 3.4 | S38: 0 | T38: 0 | U38: 22 | V38: 39 | W38: =M38-N38-O38-P38-Q38-R38-S38-T38+U38+V38 -> 141.18422 | X38: =W38-AO38 -> 141.18422 | Y38: =Y37+(X38*1.9835) -> 16068.818 | Z38: =Z37+W38*(26300/37500)*1.9835 -> 11269.598 | AA38: =AA37+AP38 -> 6595.1732 | AB38: =AB37+(AP38+X38)*1.9835 -> 14811.602 | AC38: =AC37-(AQ37/1.9835) -> 1701.7297 | AE38: 0 | AF38: 1.7 | AG38: 1.3 | AH38: 50 | AI38: =AI37-AH38 -> 14751.258 | AK38: =N38+O38+P38+Q38+R38+S38+T38+W38+AE38+AH38 -> 259 | AL38: =IF(L38<0,L38*-1,0) -> 0 | AM38: =AK38+AL38 -> 259 | AN38: =AN37 -> 14570.652 | AP38: =795-W38 -> 653.81578 | AQ38: =29.8*(AA38*1.9835+AC38*1.9835)/E38 -> 2.9401076 | AV38: 0 | AW38: 53 | AX38: 27 | AZ38: =SUM(N38,P38:T38) -> 6.915777
A39: =A38+1 -> 27 | B39: 6909.83 | C39: 321310 | D39: =C39-C38 -> 2508 | E39: =C39-152000 -> 169310 | F39: =D39/$D$2 -> 1264.4316 | G39: 1340 | H39: 93 | I39: =G39+H39 -> 1433 | J39: =IF(L39>0,L39,0) -> 156.43156 | K39: =I39+J39 -> 1589.4316 | L39: =F39-(I39-AK39) -> 156.43156 | M39: 156 | N39: =1.8299*1.03 -> 1.884797 | O39: =(25+25)*1.05 -> 52.5 | P39: 0 | Q39: =1.599*1.02 -> 1.63098 | R39: 4.2 | S39: 0.09 | T39: 0 | U39: 22 | V39: 39 | W39: =M39-N39-O39-P39-Q39-R39-S39-T39+U39+V39 -> 156.69422 | X39: =W39-AO39 -> 156.69422 | Y39: =Y38+(X39*1.9835) -> 16379.621 | Z39: =Z38+W39*(26300/37500)*1.9835 -> 11487.574 | AA39: =AA38+AP39 -> 7233.479 | AB39: =AB38+(AP39+X39)*1.9835 -> 16388.484 | AC39: =AC38-(AQ38/1.9835) -> 1700.2474 | AE39: 58 | AF39: 1.7 | AG39: 1.3 | AH39: 50 | AI39: =AI38-AH39 -> 14701.258 | AK39: =N39+O39+P39+Q39+R39+S39+T39+W39+AE39+AH39 -> 325 | AL39: =IF(L39<0,L39*-1,0) -> 0 | AM39: =AK39+AL39 -> 325 | AN39: =AN38 -> 14570.652 | AP39: =795-W39 -> 638.30578 | AQ39: =29.8*(AA39*1.9835+AC39*1.9835)/E39 -> 3.1188789 | AV39: 0 | AW39: 59 | AX39: 31 | AZ39: =SUM(N39,P39:T39) -> 7.805777
A40: =A39+1 -> 28 | B40: 6910.54 | C40: 324153 | D40: =C40-C39 -> 2843 | E40: =C40-152000 -> 172153 | F40: =D40/$D$2 -> 1433.3249 | G40: 1560 | H40: 114 | I40: =G40+H40 -> 1674 | J40: =IF(L40>0,L40,0) -> 80.124931 | K40: =I40+J40 -> 1754.1249 | L40: =F40-(I40-AK40) -> 80.124931 | M40: 193 | N40: =1.8299*1.03 -> 1.884797 | O40: =(33+33)*1.05 -> 69.3 | P40: 0 | Q40: =1.599*1.02 -> 1.63098 | R40: 4.2 | S40: 0.21 | T40: 0 | U40: 22 | V40: 47 | W40: =M40-N40-O40-P40-Q40-R40-S40-T40+U40+V40 -> 184.77422 | X40: =W40-AO40 -> 184.77422 | Y40: =Y39+(X40*1.9835) -> 16746.121 | Z40: =Z39+W40*(26300/37500)*1.9835 -> 11744.613 | AA40: =AA39+AP40 -> 7843.7048 | AB40: =AB39+(AP40+X40)*1.9835 -> 17965.367 | AC40: =AC39-(AQ39/1.9835) -> 1698.675 | AE40: 8.8 | AF40: 1.7 | AG40: 1.3 | AH40: 50 | AI40: =AI39-AH40 -> 14651.258 | AK40: =N40+O40+P40+Q40+R40+S40+T40+W40+AE40+AH40 -> 320.8 | AL40: =IF(L40<0,L40*-1,0) -> 0 | AM40: =AK40+AL40 -> 320.8 | AN40: =AN39 -> 14570.652 | AP40: =795-W40 -> 610.22578 | AQ40: =29.8*(AA40*1.9835+AC40*1.9835)/E40 -> 3.2763521 | AV40: 0 | AW40: 64 | AX40: 40 | AZ40: =SUM(N40,P40:T40) -> 7.925777
A41: =A40+1 -> 29 | B41: 6911.1 | C41: 326404 | D41: =C41-C40 -> 2251 | E41: =C41-152000 -> 174404 | F41: =D41/$D$2 -> 1134.8626 | G41: 1360 | H41: 80 | I41: =G41+H41 -> 1440 | J41: =IF(L41>0,L41,0) -> 80.862617 | K41: =I41+J41 -> 1520.8626 | L41: =F41-(I41-AK41) -> 80.862617 | M41: 228 | N41: =1.8299*1.03 -> 1.884797 | O41: =(39+40)*1.05 -> 82.95 | P41: 0 | Q41: =1.599*1.02 -> 1.63098 | R41: 4.2 | S41: 0.77 | T41: 0 | U41: 22 | V41: 57 | W41: =M41-N41-O41-P41-Q41-R41-S41-T41+U41+V41 -> 215.56422 | X41: =W41-AO41 -> 215.56422 | Y41: =Y40+(X41*1.9835) -> 17173.693 | Z41: =Z40+W41*(26300/37500)*1.9835 -> 12044.483 | AA41: =AA40+AP41 -> 8423.1405 | AB41: =AB40+(AP41+X41)*1.9835 -> 19542.249 | AC41: =AC40-(AQ40/1.9835) -> 1697.0232 | AE41: 29 | AF41: 1.7 | AG41: 1.3 | AH41: 50 | AI41: =AI40-AH41 -> 14601.258 | AK41: =N41+O41+P41+Q41+R41+S41+T41+W41+AE41+AH41 -> 386 | AL41: =IF(L41<0,L41*-1,0) -> 0 | AM41: =AK41+AL41 -> 386 | AN41: =AN40 -> 14570.652 | AP41: =795-W41 -> 579.43578 | AQ41: =29.8*(AA41*1.9835+AC41*1.9835)/E41 -> 3.4298851 | AV41: 0 | AW41: 66 | AX41: 34 | AZ41: =SUM(N41,P41:T41) -> 8.485777
A42: 30 | B42: 6912 | C42: 330044 | D42: =C42-C41 -> 3640 | E42: =C42-152000 -> 178044 | F42: =D42/$D$2 -> 1835.1399 | G42: 1840 | H42: 115 | I42: =G42+H42 -> 1955 | J42: =IF(L42>0,L42,0) -> 248.1399 | K42: =I42+J42 -> 2203.1399 | L42: =F42-(I42-AK42) -> 248.1399 | M42: 225 | N42: =1.8299*1.03 -> 1.884797 | O42: =(37+37)*1.05 -> 77.7 | P42: 0 | Q42: =1.599*1.02 -> 1.63098 | R42: 4.2 | S42: 1.83 | T42: 0 | U42: 22 | V42: 60 | W42: =M42-N42-O42-P42-Q42-R42-S42-T42+U42+V42-AT42 -> 219.75422 | X42: =W42-AO42 -> 219.75422 | Y42: =Y41+(X42*1.9835) -> 17609.575 | Z42: =Z41+W42*(26300/37500)*1.9835 -> 12350.182 | AA42: =AA41+AP42 -> 8998.3863 | AB42: =AB41+(AP42+X42)*1.9835 -> 21119.132 | AC42: =AC41-(AQ41/1.9835) -> 1695.294 | AE42: 11 | AF42: 1.7 | AG42: 1.3 | AH42: 50 | AI42: =AI41-AH42 -> 14551.258 | AK42: =N42+O42+P42+Q42+R42+S42+T42+W42+AE42+AH42+AT42 -> 368 | AL42: =IF(L42<0,L42*-1,0) -> 0 | AM42: =AK42+AL42 -> 368 | AN42: =AN41 -> 14570.652 | AP42: =795-W42 -> 575.24578 | AQ42: =29.8*(AA42*1.9835+AC42*1.9835)/E42 -> 3.5501632 | AV42: 0 | AW42: 68 | AX42: 36 | AZ42: =SUM(N42,P42:T42) -> 9.545777
A44: MONTH / CFS | F44: =SUM(F13:F42) -> 23573.481 | G44: =SUM(G13:G42) -> 23518 | H44: =SUM(H13:H42) -> 3038 | I44: =SUM(I13:I42) -> 26556 | J44: =SUM(J13:J42) -> 3087.0812 | K44: =SUM(K13:K42) -> 29643.081 | L44: =SUM(L13:L42) -> 3087.0812 | M44: =SUM(M13:M42) -> 3301.5 | ... X44: =SUM(X13:X42) -> 1500.5463 | AE44: =SUM(AE13:AE42) -> 203.8 | AF44: =SUM(AF13:AF42) -> 51 | AG44: =SUM(AG13:AG42) -> 39 | AH44: =SUM(AH13:AH42) -> 1480 | AJ44: =SUM(AJ13:AJ42) -> 0 | AK44: =SUM(AK13:AK42) -> 6069.6 | AL44: =SUM(AL13:AL42) -> 0 | AM44: =SUM(AM13:AM42) -> 6069.6 | AO44: =SUM(AO13:AO42) -> 807.13334 | AV44: =SUM(AV13:AV42) -> 0.9 | AW44: =AVERAGE(AW13:AW42) -> 57.766667 | AX44: =AVERAGE(AX13:AX42) -> 30.7 | AY44: AVG | AZ44: =SUM(AZ13:AZ42) -> 203.51331
A45: MONTH / AF | D45: =SUM(D13:D42) -> 46758 | F45: =F44*$D$2 -> 46758 | G45: =G44*$D$2 -> 46647.953 | H45: =H44*$D$2 -> 6025.873 | I45: =I44*$D$2 -> 52673.826 | J45: =J44*$D$2 -> 6123.2256 | K45: =K44*$D$2 -> 58797.052 | L45: =L44*$D$2 -> 6123.2256 | M45: =M44*$D$2 -> 6548.5252 | ... X45: =X44*$D$2 -> 2976.3337 | AE45: =AE44*$D$2 -> 404.2373 | AF45: =AF44*$D$2 -> 101.1585 | AG45: =AG44*$D$2 -> 77.3565 | AH45: =AH44*$D$2 -> 2935.58 | AJ45: =AJ44*$D$2 -> 0 | AK45: =AK44*$D$2 -> 12039.052 | AL45: =AL44*$D$2 -> 0 | AM45: =AM44*$D$2 -> 12039.052 | AO45: =AO44*$D$2 -> 1600.949 | AQ45: =SUM(AQ13:AQ42) -> 42.717467 | AW45: =MAX(AW13:AW42) -> 72 | AX45: =MAX(AX13:AX42) -> 40 | AY45: HI | AZ45: =AZ44*$D$2 -> 403.66865
A47: SEASON / CFS | F47: =F44 -> 23573.481 | G47: =G44 -> 23518 | H47: =H44 -> 3038 | I47: =I44 -> 26556 | J47: =J44 -> 3087.0812 | K47: =K44 -> 29643.081 | L47: =L44 -> 3087.0812 | M47: =M44 -> 3301.5 | N47: =N44 -> 56.54391 | O47: =O10+O44 -> 1923.5097 | P47: =P10+P44 -> 0 | U47: =U44 -> 536.3 | V47: =V44 -> 548 | W47: =W10+W44 -> 2307.6797 | X47: =X10+X44 -> 1500.5463 | AA47: =AA42 -> 8998.3863 | AC47: =AC42 -> 1695.294 | AE47: =AE44 -> 203.8 | AF47: =AF44 -> 51 | AG47: =AG44 -> 39 | AJ47: =AJ44 -> 0 | AK47: =AK44 -> 6069.6 | AL47: =AL44 -> 0 | AM47: =AM44 -> 6069.6 | AW47: =MIN(AW13:AW42) -> 35 | AX47: =MIN(AX13:AX42) -> 18 | AY47: LO | AZ47: =AZ44 -> 203.51331
A48: SEASON / AF | F48: =F47*$D$2 -> 46758 | G48: =G47*$D$2 -> 46647.953 | H48: =H47*$D$2 -> 6025.873 | I48: =I47*$D$2 -> 52673.826 | J48: =J47*$D$2 -> 6123.2256 | K48: =K47*$D$2 -> 58797.052 | L48: =L47*$D$2 -> 6123.2256 | M48: =M47*$D$2 -> 6548.5252 | ... P48: =P47*$D$2 -> 0 | U48: =U47*$D$2 -> 1063.7511 | V48: =V47*$D$2 -> 1086.958 | W48: =W47*$D$2 -> 4577.2827 | X48: =X47*$D$2 -> 2976.3337 | AA48: =AA47*$D$2 -> 17848.299 | AC48: =AC47*$D$2 -> 3362.6157 | AE48: =AE47*$D$2 -> 404.2373 | AF48: =AF47*$D$2 -> 101.1585 | AG48: =AG47*$D$2 -> 77.3565 | AJ48: =AJ47*$D$2 -> 0 | AK48: =AK47*$D$2 -> 12039.052 | AL48: =AL47*$D$2 -> 0 | AM48: =AM47*$D$2 -> 12039.052 | AQ48: =AQ45 -> 42.717467 | AZ48: =AZ47*$D$2 -> 403.66865
A50: YTD / CFS | F50: =F11+F44 -> 22809.68 | G50: =G11+G44 -> 34518 | H50: =H11+H44 -> 3578.13 | I50: =I11+I44 -> 38096.13 | J50: =J11+J44 -> 6393.2151 | K50: =K11+K44 -> 44489.345 | L50: =L11+L44 -> 5459.0499 | M50: =M11+M44 -> 4220.1 | ... O50: =O11+O44 -> 1923.5097 | Q50: =Q11+Q44 -> 286.73832 | R50: =R11+R44 -> 471.85 | S50: =S11+S44 -> 5.14 | T50: =T11+T44 -> -71.5154 | U50: =U11+U44 -> 7966.3 | V50: =V11+V44 -> 624.3 | W50: =W11+W44 -> 10138.433 | X50: =X11+X44 -> 8878.0313 | AH50: =AH11+AH44 -> 7731 | AI50: =AI42 -> 14551.258 | AJ50: =AJ11+AJ44 -> 0 | AK50: =AK11+AK44 -> 20745.5 | AL50: =AL11+AL44 -> 934.16525 | AM50: =AM11+AM44 -> 21679.665 | AO50: =AO11+AO44 -> 1260.4021 | AV50: =AV11+AV44 -> 4.76 | AZ50: =AZ11+AZ44 -> 748.75683
A51: YTD / AF | D51: =D11+D45 -> 45243 | E51: =E42 -> 178044 | F51: =F50*$D$2 -> 45243 | G51: =G50*$D$2 -> 68466.453 | H51: =H50*$D$2 -> 7097.2209 | I51: =I50*$D$2 -> 75563.674 | J51: =J50*$D$2 -> 12680.942 | K51: =K50*$D$2 -> 88244.616 | L51: =L50*$D$2 -> 10828.025 | M51: =M50*$D$2 -> 8370.5683 | ... O51: =O50*$D$2 -> 3815.2815 | Q51: =Q50*$D$2 -> 568.74546 | R51: =R50*$D$2 -> 935.91448 | S51: =S50*$D$2 -> 10.19519 | T51: =T50*$D$2 -> -141.8508 | U51: =U50*$D$2 -> 15801.156 | V51: =V50*$D$2 -> 1238.2991 | W51: =W50*$D$2 -> 20109.583 | X51: =X50*$D$2 -> 17609.575 | AH51: =AH50*$D$2 -> 15334.439 | AI51: =AI50*$D$2 -> 28862.42 | AJ51: =AJ50*$D$2 -> 0 | AK51: =AK50*$D$2 -> 41148.699 | AL51: =AL50*$D$2 -> 1852.9168 | AM51: =AM50*$D$2 -> 43001.616 | AN51: =AN42 -> 14570.652 | AO51: =AO50*$D$2 -> 2500.0077 | AQ51: =AQ45 -> 42.717467 | AZ51: =AZ50*$D$2 -> 1485.1592

Sheet MAY
K1: MCPHEE RESERVOIR INFLOW/OUTFLOW TABULATION
A2: AF/cfs CONVERT FACTOR | D2: 1.9835 | K2: MAY "2009"
D4: RESERVOIR | U4: INFLOW/OUTFLOW (CFS) | AP4: ADJUSTMENTS | AW4: WEATHER
A5: DATE | B5: RESERV | C5: RESERV | D5: AC FT | E5: ACTIVE | F5: CONV TO | G5: DOLORES | H5: LOST | I5: RECORD | J5: CALC | K5: TOTAL | L5: CALC | M5: DOLORES TUNNEL | U5: LONE | V5: U | W5: TOTAL | X5: TOTAL | Y5: TOTAL | Z5: TOTAL | AA5: MVI | AB5: MVI | AC5: TO EX & | AD5: MVI | AE5: DV CR | AF5: D/S SENIOR | AH5: BELOW | AI5: FISH | AJ5: SPILL | AK5: RECORD | AL5: CALC | AM5: TOTAL | AN5: NAR | AO5: MVI | AP5: MVI | AQ5: MVI | AR5: DIST. | AS5: U/S | AT5: TOTTEN | AU5: UTES | AV5: RAIN | AW5: MAX | AX5: MIN | AZ5: TOTAL
A6: MAY | B6: ELEV | D6: CHANGE | E6: CAP | F6: CFS | G6: RIVER | H6: CAN | I6: INFLOW | J6: INFLOW | K6: INFLOW | L6: INF/OTF | M6: TOT DIV | N6: WET | O6: UTE | P6: QUEST | Q6: MWC | R6: CTZ | S6: CTZ & | T6: F-BAY | U6: PINE | V6: LAT | W6: MVI | X6: MVI | Y6: MVI | Z6: MVI | AA6: CALL | AB6: APR- | AC6: U/S EX | AD6: PROJ | AE6: CANAL | AH6: MCP | AI6: LEFT | AK6: OTF | AL6: OTF | AM6: OTF | AN6: CALL | AO6: STOCK | AP6: STORED | AQ6: STORED | AR6: CLASS | AS6: USERS | AT6: (FRESH | AU6: FROM | AW6: TMP | AX6: TMP | AZ6: TUNNEL
N7: LAND | O7: F&R | S7: UTE | T7: SPILL | W7: 153400 | X7: IRRIG. | Y7: IRRIG. | Z7: 105500 | AB7: JUNE | AO7: CFS | AP7: Apr - Jun | AQ7: EVAP | AR7: "B" | AS7: EXCH | AT7: WATER) | AU7: MVIC | AZ7: Misc.
C8: AC FT | E8: AC FT | G8: CFS | H8: CFS | I8: CFS | J8: CFS | K8: CFS | L8: CFS | M8: CFS | N8: CFS | O8: CFS | P8: CFS | Q8: CFS | R8: CFS | S8: PROJ | T8: CFS | U8: CFS | V8: CFS | W8: CFS | X8: 150400 | Y8: 150400 | Z8: AC FT | AA8: CFS | AB8: 72000 | AC8: CFS | AD8: CFS | AE8: CFS | AF8: CFS | AG8: CFS | AH8: CFS | AI8: CFS | AJ8: CFS | AK8: CFS | AL8: CFS | AM8: CFS | AN8: AC FT | AO8: CFS | AP8: CFS | AQ8: AC.FT. | AR8: CFS | AS8: CFS | AT8: CFS | AU8: CFS | AZ8: Outflow
N9: 1.03 | O9: 1.05 | P9: 1.02 | Q9: 1.02 | R9: 1.04 | S9: CFS | X9: CFS | Y9: AC FT | AB9: AC FT | AZ9: CFS
A10: SEASON BAL | F10: =APR!F47 -> 23573.481 | G10: =APR!G47 -> 23518 | H10: =APR!H47 -> 3038 | I10: =APR!I47 -> 26556 | J10: =APR!J47 -> 3087.0812 | K10: =APR!K47 -> 29643.081 | L10: =APR!L47 -> 3087.0812 | M10: =APR!M47 -> 3301.5 | ... P10: =APR!P47 -> 0 | U10: =APR!U47 -> 536.3 | V10: =APR!V47 -> 548 | W10: =APR!W47 -> 2307.6797 | X10: =APR!X47 -> 1500.5463 | AA10: =APR!AA47 -> 8998.3863 | AB10: =APR!AB42 -> 21119.132 | AC10: =APR!AC47 -> 1695.294 | AE10: =APR!AE47 -> 203.8 | AF10: =APR!AF47 -> 51 | AG10: =APR!AG47 -> 39 | AJ10: =APR!AJ47 -> 0 | AK10: =APR!AK47 -> 6069.6 | AL10: =APR!AL47 -> 0 | AM10: =APR!AM47 -> 6069.6 | AQ10: =APR!AQ48 -> 42.717467 | AS10: =APR!AS47 -> 0
A11: YTD | B11: =APR!B42 -> 6912 | C11: =APR!C42 -> 330044 | D11: =APR!D51 -> 45243 | E11: =APR!E51 -> 178044 | F11: =APR!F50 -> 22809.68 | G11: =APR!G50 -> 34518 | H11: =APR!H50 -> 3578.13 | I11: =APR!I50 -> 38096.13 | J11: =APR!J50 -> 6393.2151 | K11: =APR!K50 -> 44489.345 | L11: =APR!L50 -> 5459.0499 | M11: =APR!M50 -> 4220.1 | ... O11: =APR!O50 -> 1923.5097 | Q11: =APR!Q50 -> 286.73832 | R11: =APR!R50 -> 471.85 | S11: =APR!S50 -> 5.14 | T11: =APR!T50 -> -71.5154 | U11: =APR!U50 -> 7966.3 | V11: =APR!V50 -> 624.3 | W11: =APR!W50 -> 10138.433 | X11: =APR!X50 -> 8878.0313 | Y11: =APR!Y42 -> 17609.575 | Z11: =APR!Z42 -> 12350.182 | AH11: =APR!AH50 -> 7731 | AI11: =APR!AI50 -> 14551.258 | AJ11: =APR!AJ50 -> 0 | AK11: =APR!AK50 -> 20745.5 | AL11: =APR!AL50 -> 934.16525 | AM11: =APR!AM50 -> 21679.665 | AN11: =APR!AN51 -> 14570.652 | AO11: =APR!AO50 -> 1260.4021 | AQ11: =APR!AQ51 -> 42.717467 | AS11: =APR!AS50 -> 0 | AV11: =APR!AV50 -> 4.76 | AZ11: =APR!AZ50 -> 748.75683
A13: 1 | B13: 6912.94 | C13: 333877 | D13: =C13-C11 -> 3833 | E13: =C13-152000 -> 181877 | F13: =D13/$D$2 -> 1932.4427 | G13: 2190 | H13: 118 | I13: =G13+H13 -> 2308 | J13: =IF(L13>0,L13,0) -> 77.442652 | K13: =I13+J13 -> 2385.4427 | L13: =F13-(I13-AK13) -> 77.442652 | M13: 249 | N13: =1.8299*1.03 -> 1.884797 | O13: =(40+36)*1.05 -> 79.8 | P13: 0 | Q13: =2.21*1.02 -> 2.2542 | R13: 4.2 | S13: 1.82 | T13: 0 | U13: 22 | V13: 62 | W13: =M13-N13-O13-P13-Q13-R13-S13-T13+U13+V13-AT13 -> 243.041 | X13: =W13-AO13 -> 243.041 | Y13: =Y11+(X13*1.9835) -> 18091.647 | Z13: =Z11+X13*(26300/37500)*1.9835 -> 12688.275 | AA13: =AA10+AP13 -> 9550.3453 | AB13: =AB10+(AP13+X13)*1.9835 -> 22696.014 | AC13: =AC10 -> 1695.294 | AE13: 39 | AF13: 1.7 | AG13: 1.3 | AH13: 81 | AI13: =AI11-AH13 -> 14470.258 | AK13: =N13+O13+P13+Q13+R13+S13+T13+W13+AE13+AH13+AT13 -> 453 | AL13: =IF(L13<0,L13*-1,0) -> 0 | AM13: =AK13+AL13 -> 453 | AN13: =AN11 -> 14570.652 | AP13: =795-W13 -> 551.959 | AQ13: =47.3*(AA10*1.9835+AP13*1.9835+AC13*1.9835)/E13 -> 5.8009579 | AV13: 0 | AW13: 71 | AX13: 41 | AZ13: =SUM(N13,P13:T13) -> 10.158997
A14: =A13+1 -> 2 | B14: 6914.13 | C14: 338769 | D14: =C14-C13 -> 4892 | E14: =C14-152000 -> 186769 | F14: =D14/$D$2 -> 2466.3474 | G14: 2530 | H14: 148 | I14: =G14+H14 -> 2678 | J14: =IF(L14>0,L14,0) -> 233.34737 | K14: =I14+J14 -> 2911.3474 | L14: =F14-(I14-AK14) -> 233.34737 | M14: 249 | N14: =1.8299*1.03 -> 1.884797 | O14: =(42+41)*1.05 -> 87.15 | P14: 0 | Q14: =2.21*1.02 -> 2.2542 | R14: 4.2 | S14: 0.21 | T14: 0 | U14: 22 | V14: 63 | W14: =M14-N14-O14-P14-Q14-R14-S14-T14+U14+V14-AT14 -> 238.301 | X14: =W14-AO14 -> 238.301 | Y14: =Y13+(X14*1.9835) -> 18564.317 | Z14: =Z13+X14*(26300/37500)*1.9835 -> 13019.774 | AA14: =AA13+AP14 -> 10107.044 | AB14: =AB13+(AP14+X14)*1.9835 -> 24272.897 | AC14: =AC13-(AQ13/1.9835) -> 1692.3694 | AE14: 30 | AF14: 1.7 | AG14: 1.3 | AH14: 81 | AI14: =AI13-AH14 -> 14389.258 | AK14: =N14+O14+P14+Q14+R14+S14+T14+W14+AE14+AH14+AT14 -> 445 | AL14: =IF(L14<0,L14*-1,0) -> 0 | AM14: =AK14+AL14 -> 445 | AN14: =AN13 -> 14570.652 | AP14: =795-W14 -> 556.699 | AQ14: =47.3*(AA13*1.9835+AP14*1.9835+AC14*1.9835)/E14 -> 5.9271918 | AV14: 0.41 | AW14: 55 | AX14: 40 | AZ14: =SUM(N14,P14:T14) -> 8.548997
A15: =A14+1 -> 3 | B15: 6914.98 | C15: 342289 | D15: =C15-C14 -> 3520 | E15: =C15-152000 -> 190289 | F15: =D15/$D$2 -> 1774.6408 | G15: 1890 | H15: 146 | I15: =G15+H15 -> 2036 | J15: =IF(L15>0,L15,0) -> 152.64079 | K15: =I15+J15 -> 2188.6408 | L15: =F15-(I15-AK15) -> 152.64079 | M15: 217 | N15: =1.8299*1.03 -> 1.884797 | O15: =(36+35)*1.05 -> 74.55 | P15: 0 | Q15: =2.21*1.02 -> 2.2542 | R15: 3.7 | S15: 0 | T15: 0 | U15: 22 | V15: 61 | W15: =M15-N15-O15-P15-Q15-R15-S15-T15+U15+V15-AT15 -> 217.611 | X15: =W15-AO15 -> 217.611 | Y15: =Y14+(X15*1.9835) -> 18995.948 | Z15: =Z14+X15*(26300/37500)*1.9835 -> 13322.492 | AA15: =AA14+AP15 -> 10684.433 | AB15: =AB14+(AP15+X15)*1.9835 -> 25849.779 | AC15: =AC14-(AQ14/1.9835) -> 1689.3812 | AE15: 33 | AF15: 1.7 | AG15: 1.3 | AH15: 81 | AI15: =AI14-AH15 -> 14308.258 | AK15: =N15+O15+P15+Q15+R15+S15+T15+W15+AE15+AH15+AT15 -> 414 | AL15: =IF(L15<0,L15*-1,0) -> 0 | AM15: =AK15+AL15 -> 414 | AN15: =AN14 -> 14570.652 | AP15: =795-W15 -> 577.389 | AQ15: =47.3*(AA14*1.9835+AP15*1.9835+AC15*1.9835)/E15 -> 6.1007505 | AV15: 0 | AW15: 62 | AX15: 38 | AZ15: =SUM(N15,P15:T15) -> 7.838997
A16: =A15+1 -> 4 | B16: 6915.61 | C16: 344919 | D16: =C16-C15 -> 2630 | E16: =C16-152000 -> 192919 | F16: =D16/$D$2 -> 1325.939 | G16: 1550 | H16: 104 | I16: =G16+H16 -> 1654 | J16: =IF(L16>0,L16,0) -> 99.938997 | K16: =I16+J16 -> 1753.939 | L16: =F16-(I16-AK16) -> 99.938997 | M16: 230 | N16: =1.8299*1.03 -> 1.884797 | O16: =(32+33)*1.05 -> 68.25 | P16: 0 | Q16: =2.21*1.02 -> 2.2542 | R16: 4.14 | S16: 0 | T16: 0 | U16: 22 | V16: 68 | W16: =M16-N16-O16-P16-Q16-R16-S16-T16+U16+V16-AT16 -> 243.471 | X16: =W16-AO16 -> 243.471 | Y16: =Y15+(X16*1.9835) -> 19478.873 | Z16: =Z15+X16*(26300/37500)*1.9835 -> 13661.183 | AA16: =AA15+AP16 -> 11235.962 | AB16: =AB15+(AP16+X16)*1.9835 -> 27426.662 | AC16: =AC15-(AQ15/1.9835) -> 1686.3054 | AE16: 27 | AF16: 1.7 | AG16: 1.3 | AH16: 81 | AI16: =AI15-AH16 -> 14227.258 | AK16: =N16+O16+P16+Q16+R16+S16+T16+W16+AE16+AH16+AT16 -> 428 | AL16: =IF(L16<0,L16*-1,0) -> 0 | AM16: =AK16+AL16 -> 428 | AN16: =AN15 -> 14570.652 | AP16: =795-W16 -> 551.529 | AQ16: =47.3*(AA15*1.9835+AP16*1.9835+AC16*1.9835)/E16 -> 6.2843024 | AV16: 0 | AW16: 64 | AX16: 44 | AZ16: =SUM(N16,P16:T16) -> 8.278997
A17: =A16+1 -> 5 | B17: 6916.2 | C17: 347388 | D17: =C17-C16 -> 2469 | E17: =C17-152000 -> 195388 | F17: =D17/$D$2 -> 1244.7693 | G17: 1530 | H17: 83 | I17: =G17+H17 -> 1613 | J17: =IF(L17>0,L17,0) -> 98.769347 | K17: =I17+J17 -> 1711.7693 | L17: =F17-(I17-AK17) -> 98.769347 | M17: 242 | N17: =1.8299*1.03 -> 1.884797 | O17: =(36+37)*1.05 -> 76.65 | P17: 0 | Q17: =2.21*1.02 -> 2.2542 | R17: 4.2 | S17: 0.15 | T17: 0 | U17: 23 | V17: 75 | W17: =M17-N17-O17-P17-Q17-R17-S17-T17+U17+V17-AT17 -> 254.861 | X17: =W17-AO17 -> 254.861 | Y17: =Y16+(X17*1.9835) -> 19984.39 | Z17: =Z16+X17*(26300/37500)*1.9835 -> 14015.719 | AA17: =AA16+AP17 -> 11776.101 | AB17: =AB16+(AP17+X17)*1.9835 -> 29003.544 | AC17: =AC16-(AQ16/1.9835) -> 1683.1371 | AE17: 46 | AF17: 1.7 | AG17: 1.3 | AH17: 81 | AI17: =AI16-AH17 -> 14146.258 | AK17: =N17+O17+P17+Q17+R17+S17+T17+W17+AE17+AH17+AT17 -> 467 | AL17: =IF(L17<0,L17*-1,0) -> 0 | AM17: =AK17+AL17 -> 467 | AN17: =AN16 -> 14570.652 | AP17: =795-W17 -> 540.139 | AQ17: =47.3*(AA16*1.9835+AP17*1.9835+AC17*1.9835)/E17 -> 6.462729 | AV17: 0 | AW17: 72 | AX17: 41 | AZ17: =SUM(N17,P17:T17) -> 8.488997
A18: =A17+1 -> 6 | B18: 6916.93 | C18: 350459 | D18: =C18-C17 -> 3071 | E18: =C18-152000 -> 198459 | F18: =D18/$D$2 -> 1548.2733 | G18: 1870 | H18: 95 | I18: =G18+H18 -> 1965 | J18: =IF(L18>0,L18,0) -> 94.273254 | K18: =I18+J18 -> 2059.2733 | L18: =F18-(I18-AK18) -> 94.273254 | M18: 265 | N18: =1.8299*1.03 -> 1.884797 | O18: =(35+34)*1.05 -> 72.45 | P18: 0 | Q18: =2.21*1.02 -> 2.2542 | R18: 4.2 | S18: 2.12 | T18: 0 | U18: 23 | V18: 75 | W18: =M18-N18-O18-P18-Q18-R18-S18-T18+U18+V18-AT18 -> 280.091 | X18: =W18-AO18 -> 280.091 | Y18: =Y17+(X18*1.9835) -> 20539.95 | Z18: =Z17+X18*(26300/37500)*1.9835 -> 14405.352 | AA18: =AA17+AP18 -> 12291.01 | AB18: =AB17+(AP18+X18)*1.9835 -> 30580.427 | AC18: =AC17-(AQ17/1.9835) -> 1679.8789 | AE18: 67 | AF18: 1.7 | AG18: 1.3 | AH18: 81 | AI18: =AI17-AH18 -> 14065.258 | AK18: =N18+O18+P18+Q18+R18+S18+T18+W18+AE18+AH18+AT18 -> 511 | AL18: =IF(L18<0,L18*-1,0) -> 0 | AM18: =AK18+AL18 -> 511 | AN18: =AN17 -> 14570.652 | AP18: =795-W18 -> 514.909 | AQ18: =47.3*(AA17*1.9835+AP18*1.9835+AC18*1.9835)/E18 -> 6.6046011 | AV18: 0 | AW18: 78 | AX18: 38 | AZ18: =SUM(N18,P18:T18) -> 10.458997
A19: =A18+1 -> 7 | B19: 6917.95 | C19: 354782 | D19: =C19-C18 -> 4323 | E19: =C19-152000 -> 202782 | F19: =D19/$D$2 -> 2179.4807 | G19: 2750 | H19: 126 | I19: =G19+H19 -> 2876 | J19: =IF(L19>0,L19,0) -> 0 | K19: =I19+J19 -> 2876 | L19: =F19-(I19-AK19) -> -123.51928 | M19: 299 | N19: =1.8299*1.03 -> 1.884797 | O19: =(34+36)*1.05 -> 73.5 | P19: 0 | Q19: =2.21*1.02 -> 2.2542 | R19: 4.2 | S19: 2.05 | T19: 0 | U19: 23 | V19: 76 | W19: =M19-N19-O19-P19-Q19-R19-S19-T19+U19+V19-AT19 -> 314.111 | X19: =W19-AO19 -> 314.111 | Y19: =Y18+(X19*1.9835) -> 21162.99 | Z19: =Z18+X19*(26300/37500)*1.9835 -> 14842.31 | AA19: =AA18+AP19 -> 12771.899 | AB19: =AB18+(AP19+X19)*1.9835 -> 32157.309 | AC19: =AC18-(AQ18/1.9835) -> 1676.5491 | AE19: 94 | AF19: 1.7 | AG19: 1.3 | AH19: 81 | AI19: =AI18-AH19 -> 13984.258 | AK19: =N19+O19+P19+Q19+R19+S19+T19+W19+AE19+AH19+AT19 -> 573 | AL19: =IF(L19<0,L19*-1,0) -> 123.51928 | AM19: =AK19+AL19 -> 696.51928 | AN19: =AN18 -> 14570.652 | AP19: =795-W19 -> 480.889 | AQ19: =47.3*(AA18*1.9835+AP19*1.9835+AC19*1.9835)/E19 -> 6.6847498 | AV19: 0 | AW19: 78 | AX19: 43 | AZ19: =SUM(N19,P19:T19) -> 10.388997
A20: =A19+1 -> 8 | B20: 6919.22 | C20: 360214 | D20: =C20-C19 -> 5432 | E20: =C20-152000 -> 208214 | F20: =D20/$D$2 -> 2738.5934 | G20: 3390 | H20: 124 | I20: =G20+H20 -> 3514 | J20: =IF(L20>0,L20,0) -> 0 | K20: =I20+J20 -> 3514 | L20: =F20-(I20-AK20) -> -143.4066 | M20: 287 | N20: =1.8299*1.03 -> 1.884797 | O20: =(34+32)*1.05 -> 69.3 | P20: 0 | Q20: =2.21*1.02 -> 2.2542 | R20: 4.2 | S20: 2.63 | T20: 0 | U20: 75 | V20: 76 | W20: =M20-N20-O20-P20-Q20-R20-S20-T20+U20+V20-AT20 -> 357.731 | X20: =W20-AO20 -> 357.731 | Y20: =Y19+(X20*1.9835) -> 21872.549 | Z20: =Z19+X20*(26300/37500)*1.9835 -> 15339.948 | AA20: =AA19+AP20 -> 13209.168 | AB20: =AB19+(AP20+X20)*1.9835 -> 33734.192 | AC20: =AC19-(AQ19/1.9835) -> 1673.1789 | AE20: 112 | AF20: 1.7 | AG20: 1.3 | AH20: 82 | AI20: =AI19-AH20 -> 13902.258 | AK20: =N20+O20+P20+Q20+R20+S20+T20+W20+AE20+AH20+AT20 -> 632 | AL20: =IF(L20<0,L20*-1,0) -> 143.4066 | AM20: =AK20+AL20 -> 775.4066 | AN20: =AN19 -> 14570.652 | AP20: =795-W20 -> 437.269 | AQ20: =47.3*(AA19*1.9835+AP20*1.9835+AC20*1.9835)/E20 -> 6.7058657 | AV20: 0 | AW20: 75 | AX20: 42 | AZ20: =SUM(N20,P20:T20) -> 10.968997
A21: =A20+1 -> 9 | B21: 6920.42 | C21: 365397 | D21: =C21-C20 -> 5183 | E21: =C21-152000 -> 213397 | F21: =D21/$D$2 -> 2613.0577 | G21: 3360 | H21: 93 | I21: =G21+H21 -> 3453 | J21: =IF(L21>0,L21,0) -> 0 | K21: =I21+J21 -> 3453 | L21: =F21-(I21-AK21) -> -155.94227 | M21: 298 | N21: =1.8299*1.03 -> 1.884797 | O21: =(35+34)*1.05 -> 72.45 | P21: 0 | Q21: =2.21*1.02 -> 2.2542 | R21: 4.2 | S21: 2.71 | T21: 0 | U21: 102 | V21: 75 | W21: =M21-N21-O21-P21-Q21-R21-S21-T21+U21+V21-AT21 -> 391.501 | X21: =W21-AO21 -> 391.501 | Y21: =Y20+(X21*1.9835) -> 22649.091 | Z21: =Z20+X21*(26300/37500)*1.9835 -> 15884.563 | AA21: =AA20+AP21 -> 13612.667 | AB21: =AB20+(AP21+X21)*1.9835 -> 35311.074 | AC21: =AC20-(AQ20/1.9835) -> 1669.7981 | AE21: 128 | AF21: 1.7 | AG21: 1.3 | AH21: 81 | AI21: =AI20-AH21 -> 13821.258 | AK21: =N21+O21+P21+Q21+R21+S21+T21+W21+AE21+AH21+AT21 -> 684 | AL21: =IF(L21<0,L21*-1,0) -> 155.94227 | AM21: =AK21+AL21 -> 839.94227 | AN21: =AN20 -> 14570.652 | AP21: =795-W21 -> 403.499 | AQ21: =47.3*(AA20*1.9835+AP21*1.9835+AC21*1.9835)/E21 -> 6.7189043 | AV21: 0 | AW21: 75 | AX21: 40 | AZ21: =SUM(N21,P21:T21) -> 11.048997
A22: =A21+1 -> 10 | B22: 6921.53 | C22: 370236 | D22: =C22-C21 -> 4839 | E22: =C22-152000 -> 218236 | F22: =D22/$D$2 -> 2439.6269 | G22: 3230 | H22: 71 | I22: =G22+H22 -> 3301 | J22: =IF(L22>0,L22,0) -> 0 | K22: =I22+J22 -> 3301 | L22: =F22-(I22-AK22) -> -157.37308 | M22: 314 | N22: =1.8299*1.03 -> 1.884797 | O22: =(40+42)*1.05 -> 86.1 | P22: 0 | Q22: =2.21*1.02 -> 2.2542 | R22: 4.2 | S22: 2.47 | T22: 0 | U22: 103 | V22: 76 | W22: =M22-N22-O22-P22-Q22-R22-S22-T22+U22+V22-AT22 -> 396.091 | X22: =W22-AO22 -> 396.091 | Y22: =Y21+(X22*1.9835) -> 23434.738 | Z22: =Z21+X22*(26300/37500)*1.9835 -> 16435.563 | AA22: =AA21+AP22 -> 14011.576 | AB22: =AB21+(AP22+X22)*1.9835 -> 36887.957 | AC22: =AC21-(AQ21/1.9835) -> 1666.4107 | AE22: 130 | AF22: 1.7 | AG22: 1.3 | AH22: 81 | AI22: =AI21-AH22 -> 13740.258 | AK22: =N22+O22+P22+Q22+R22+S22+T22+W22+AE22+AH22+AT22 -> 704 | AL22: =IF(L22<0,L22*-1,0) -> 157.37308 | AM22: =AK22+AL22 -> 861.37308 | AN22: =AN21 -> 14570.652 | AP22: =795-W22 -> 398.909 | AQ22: =47.3*(AA21*1.9835+AP22*1.9835+AC22*1.9835)/E22 -> 6.739959 | AV22: 0 | AW22: 75 | AX22: 45 | AZ22: =SUM(N22,P22:T22) -> 10.808997
A23: =A22+1 -> 11 | B23: 6922.72 | C23: 375472 | D23: =C23-C22 -> 5236 | E23: =C23-152000 -> 223472 | F23: =D23/$D$2 -> 2639.7782 | G23: 3330 | H23: 61 | I23: =G23+H23 -> 3391 | J23: =IF(L23>0,L23,0) -> 118.77817 | K23: =I23+J23 -> 3509.7782 | L23: =F23-(I23-AK23) -> 118.77817 | M23: 328 | N23: =1.8299*1.03 -> 1.884797 | O23: =(40+40)*1.05 -> 84 | P23: 0 | Q23: =2.21*1.02 -> 2.2542 | R23: 4.2 | S23: 2.46 | T23: 0 | U23: 125 | V23: 82 | W23: =M23-N23-O23-P23-Q23-R23-S23-T23+U23+V23-AT23 -> 419.8434 | X23: =W23-AO23 -> 419.8434 | Y23: =Y22+(X23*1.9835) -> 24267.497 | Z23: =Z22+X23*(26300/37500)*1.9835 -> 17019.605 | AA23: =AA22+AP23-AJ23 -> 14208.733 | AB23: =AB22+(AP23+X23)*1.9835-(AJ23*1.9835) -> 38111.776 | AC23: =AC22-(AQ22/1.9835) -> 1663.0127 | AE23: 157 | AF23: 1.7 | AG23: 1.3 | AH23: 178 | AI23: =AI22 -> 13740.258 | AJ23: =AH23 -> 178 | AK23: =N23+O23+P23+Q23+R23+S23+T23+W23+AE23+AH23+AT23 -> 870 | AL23: =IF(L23<0,L23*-1,0) -> 0 | AM23: =AK23+AL23 -> 870 | AN23: =AN22 -> 14570.652 | AP23: =795-W23 -> 375.1566 | AQ23: =47.3*(AA22*1.9835+AP23*1.9835+AC23*1.9835)/E23 -> 6.7381144 | AT23: =21.3-(N23*0.5) -> 20.357602 | AV23: 0 | AW23: 77 | AX23: 46 | AZ23: =SUM(N23,P23:T23) -> 10.798997
A24: =A23+1 -> 12 | B24: 6923.36 | C24: 378311 | D24: =C24-C23 -> 2839 | E24: =C24-152000 -> 226311 | F24: =D24/$D$2 -> 1431.3083 | G24: 3250 | H24: 47 | I24: =G24+H24 -> 3297 | J24: =IF(L24>0,L24,0) -> 106.30829 | K24: =I24+J24 -> 3403.3083 | L24: =F24-(I24-AK24) -> 106.30829 | M24: 366 | N24: =1.8299*1.03 -> 1.884797 | O24: =(40+42)*1.05 -> 86.1 | P24: 1.545 | Q24: =2.21*1.02 -> 2.2542 | R24: 4.2 | S24: 2.49 | T24: 0 | U24: 154 | V24: 83 | W24: =M24-N24-O24-P24-Q24-R24-S24-T24+U24+V24-AT24 -> 457.0134 | X24: =W24-AO24 -> 457.0134 | Y24: =Y23+(X24*1.9835) -> 25173.983 | Z24: =Z23+X24*(26300/37500)*1.9835 -> 17655.354 | AA24: =AA23+AP24-AJ24 -> 13366.719 | AB24: =AB23+(AP24+X24)*1.9835-(AJ24*1.9835) -> 37348.129 | AC24: =AC23-(AQ23/1.9835) -> 1659.6156 | AE24: 189 | AF24: 1.7 | AG24: 1.3 | AH24: 1180 | AI24: =AI23 -> 13740.258 | AJ24: =AH24 -> 1180 | AK24: =N24+O24+P24+Q24+R24+S24+T24+W24+AE24+AH24+AT24 -> 1972 | AL24: =IF(L24<0,L24*-1,0) -> 0 | AM24: =AK24+AL24 -> 1972 | AN24: =AN23 -> 14570.652 | AP24: =795-W24 -> 337.9866 | AQ24: =47.3*(AA23*1.9835+AP24*1.9835+AC24*1.9835)/E24 -> 6.7185027 | AT24: =50-(N24*0.5)-P24 -> 47.512602 | AV24: 0 | AW24: 78 | AX24: 44 | AZ24: =SUM(N24,P24:T24) -> 12.373997
A25: =A24+1 -> 13 | B25: 6923.5 | C25: 378934 | D25: =C25-C24 -> 623 | E25: =C25-152000 -> 226934 | F25: =D25/$D$2 -> 314.09125 | G25: 3040 | H25: 33 | I25: =G25+H25 -> 3073 | J25: =IF(L25>0,L25,0) -> 125.09125 | K25: =I25+J25 -> 3198.0913 | L25: =F25-(I25-AK25) -> 125.09125 | M25: 390 | N25: =1.8299*1.03 -> 1.884797 | O25: =(43+46)*1.05 -> 93.45 | P25: 3.71 | Q25: =2.21*1.02 -> 2.2542 | R25: 4.2 | S25: 2.8 | T25: 0 | U25: 149 | V25: 83 | W25: =M25-N25-O25-P25-Q25-R25-S25-T25+U25+V25-AT25 -> 468.4534 | X25: =W25-AO25 -> 468.4534 | Y25: =Y24+(X25*1.9835) -> 26103.161 | Z25: =Z24+X25*(26300/37500)*1.9835 -> 18307.017 | AA25: =AA24+AP25-AJ25 -> 11643.266 | AB25: =AB24+(AP25+X25)*1.9835-(AJ25*1.9835) -> 34858.836 | AC25: =AC24-(AQ24/1.9835) -> 1656.2284 | AE25: 212 | AF25: 1.7 | AG25: 1.3 | AH25: 2050 | AI25: =AI24 -> 13740.258 | AJ25: =AH25 -> 2050 | AK25: =N25+O25+P25+Q25+R25+S25+T25+W25+AE25+AH25+AT25 -> 2884 | AL25: =IF(L25<0,L25*-1,0) -> 0 | AM25: =AK25+AL25 -> 2884 | AN25: =AN24 -> 14570.652 | AP25: =795-W25 -> 326.5466 | AQ25: =47.3*(AA24*1.9835+AP25*1.9835+AC25*1.9835)/E25 -> 6.3458215 | AT25: =49.9-(N25*0.5)-P25 -> 45.247602 | AV25: 0 | AW25: 73 | AX25: 42 | AZ25: =SUM(N25,P25:T25) -> 14.848997
A26: =A25+1 -> 14 | B26: 6923.85 | C26: 380492 | D26: =C26-C25 -> 1558 | E26: =C26-152000 -> 228492 | F26: =D26/$D$2 -> 785.48021 | G26: 2830 | H26: 10 | I26: =G26+H26 -> 2840 | J26: =IF(L26>0,L26,0) -> 336.48021 | K26: =I26+J26 -> 3176.4802 | L26: =F26-(I26-AK26) -> 336.48021 | M26: 388 | N26: =1.8299*1.03 -> 1.884797 | O26: =(48+52)*1.05 -> 105 | P26: 2.11 | Q26: =2.21*1.02 -> 2.2542 | R26: 4.2 | S26: 3.11 | T26: 0 | U26: 148 | V26: 81 | W26: =M26-N26-O26-P26-Q26-R26-S26-T26+U26+V26-AT26 -> 450.8934 | X26: =W26-AO26 -> 450.8934 | Y26: =Y25+(X26*1.9835) -> 26997.508 | Z26: =Z25+X26*(26300/37500)*1.9835 -> 18934.252 | AA26: =AA25+AP26-AJ26 -> 10457.373 | AB26: =AB25+(AP26+X26)*1.9835-(AJ26*1.9835) -> 33400.964 | AC26: =AC25-(AQ25/1.9835) -> 1653.0291 | AE26: 244 | AF26: 1.7 | AG26: 1.3 | AH26: 1530 | AI26: =AI25 -> 13740.258 | AJ26: =AH26 -> 1530 | AK26: =N26+O26+P26+Q26+R26+S26+T26+W26+AE26+AH26+AT26 -> 2391 | AL26: =IF(L26<0,L26*-1,0) -> 0 | AM26: =AK26+AL26 -> 2391 | AN26: =AN25 -> 14570.652 | AP26: =795-W26 -> 344.1066 | AQ26: =47.3*(AA25*1.9835+AP26*1.9835+AC26*1.9835)/E26 -> 5.6007928 | AT26: =50.6-(N26*0.5)-P26 -> 47.547601 | AV26: 0 | AW26: 74 | AX26: 44 | AZ26: =SUM(N26,P26:T26) -> 13.558997
A27: =A26+1 -> 15 | B27: 6923.96 | C27: 380982 | D27: =C27-C26 -> 490 | E27: =C27-152000 -> 228982 | F27: =D27/$D$2 -> 247.03806 | G27: 2660 | H27: 5.9 | I27: =G27+H27 -> 2665.9 | J27: =IF(L27>0,L27,0) -> 296.13806 | K27: =I27+J27 -> 2962.0381 | L27: =F27-(I27-AK27) -> 296.13806 | M27: 385 | N27: =1.8299*1.03 -> 1.884797 | O27: =(48+47)*1.05 -> 99.75 | P27: 0 | Q27: =2.21*1.02 -> 2.2542 | R27: 4.2 | S27: 3.67 | T27: 0 | U27: 148 | V27: 79 | W27: =M27-N27-O27-P27-Q27-R27-S27-T27+U27+V27-AT27 -> 452.0834 | X27: =W27-AO27 -> 452.0834 | Y27: =Y26+(X27*1.9835) -> 27894.215 | Z27: =Z26+X27*(26300/37500)*1.9835 -> 19563.143 | AA27: =AA26+AP27-AJ27 -> 8717.0727 | AB27: =AB26+(AP27+X27)*1.9835-(AJ27*1.9835) -> 30845.786 | AC27: =AC26-(AQ26/1.9835) -> 1650.2054 | AE27: 273 | AF27: 1.7 | AG27: 1.3 | AH27: 1830 | AI27: =AI26 -> 13740.258 | AJ27: =AH27 -> 1830 | AK27: =N27+O27+P27+Q27+R27+S27+T27+W27+AE27+AH27+AT27 -> 2715 | AL27: =IF(L27<0,L27*-1,0) -> 0 | AM27: =AK27+AL27 -> 2715 | AN27: =AN26 -> 14570.652 | AP27: 89.7 | AQ27: =47.3*(AA26*1.9835+AP27*1.9835+AC27*1.9835)/E27 -> 4.9975244 | AT27: =49.1-(N27*0.5)-P27 -> 48.157601 | AV27: 0 | AW27: 74 | AX27: 45 | AZ27: =SUM(N27,P27:T27) -> 12.008997
A28: =A27+1 -> 16 | B28: 6923.96 | C28: 380982 | D28: =C28-C27 -> 0 | E28: =C28-152000 -> 228982 | F28: =D28/$D$2 -> 0 | G28: 2470 | H28: 5.7 | I28: =G28+H28 -> 2475.7 | J28: =IF(L28>0,L28,0) -> 304.3 | K28: =I28+J28 -> 2780 | L28: =F28-(I28-AK28) -> 304.3 | M28: 378 | N28: =1.8299*1.03 -> 1.884797 | O28: =(47+47)*1.05 -> 98.7 | P28: 0 | Q28: =2.21*1.02 -> 2.2542 | R28: 4.2 | S28: 3.51 | T28: 0 | U28: 148 | V28: 79 | W28: =M28-N28-O28-P28-Q28-R28-S28-T28+U28+V28-AT28 -> 446.1934 | X28: =W28-AO28 -> 446.1934 | Y28: =Y27+(X28*1.9835) -> 28779.24 | Z28: =Z27+X28*(26300/37500)*1.9835 -> 20183.84 | AA28: =AA27+AP28-AJ28 -> 6896.7727 | AB28: =AB27+(AP28+X28)*1.9835-(AJ28*1.9835) -> 28120.246 | AC28: =AC27-(AQ27/1.9835) -> 1647.6859 | AE28: 265 | AF28: 1.7 | AG28: 1.3 | AH28: 1910 | AI28: =AI27 -> 13740.258 | AJ28: =AH28 -> 1910 | AK28: =N28+O28+P28+Q28+R28+S28+T28+W28+AE28+AH28+AT28 -> 2780 | AL28: =IF(L28<0,L28*-1,0) -> 0 | AM28: =AK28+AL28 -> 2780 | AN28: =AN27 -> 14570.652 | AP28: 89.7 | AQ28: =47.3*(AA27*1.9835+AP28*1.9835+AC28*1.9835)/E28 -> 4.2834485 | AT28: =49.2-(N28*0.5)-P28 -> 48.257601 | AV28: 0 | AW28: 76 | AX28: 47 | AZ28: =SUM(N28,P28:T28) -> 11.848997
A29: =A28+1 -> 17 | B29: 6923.95 | C29: 380937 | D29: =C29-C28 -> -45 | E29: =C29-152000 -> 228937 | F29: =D29/$D$2 -> -22.687169 | G29: 2190 | H29: 2.9 | I29: =G29+H29 -> 2192.9 | J29: =IF(L29>0,L29,0) -> 290.41283 | K29: =I29+J29 -> 2483.3128 | L29: =F29-(I29-AK29) -> 290.41283 | M29: 380 | N29: =1.8299*1.03 -> 1.884797 | O29: =(48+49)*1.05 -> 101.85 | P29: 0 | Q29: =2.21*1.02 -> 2.2542 | R29: 4.2 | S29: 3.08 | T29: 0 | U29: 148 | V29: 78 | W29: =M29-N29-O29-P29-Q29-R29-S29-T29+U29+V29-AT29 -> 449.8734 | X29: =W29-AO29 -> 449.8734 | Y29: =Y28+(X29*1.9835) -> 29671.564 | Z29: =Z28+X29*(26300/37500)*1.9835 -> 20809.657 | AA29: =AA28+AP29-AJ29 -> 5359.1727 | AB29: =AB28+(AP29+X29)*1.9835-(AJ29*1.9835) -> 25962.74 | AC29: =AC28-(AQ28/1.9835) -> 1645.5263 | AE29: 250 | AF29: 1.7 | AG29: 1.3 | AH29: 1650 | AI29: =AI28 -> 13740.258 | AJ29: =AH29 -> 1650 | AK29: =N29+O29+P29+Q29+R29+S29+T29+W29+AE29+AH29+AT29 -> 2506 | AL29: =IF(L29<0,L29*-1,0) -> 0 | AM29: =AK29+AL29 -> 2506 | AN29: =AN28 -> 14570.652 | AP29: 112.4 | AQ29: =47.3*(AA28*1.9835+AP29*1.9835+AC29*1.9835)/E29 -> 3.5467398 | AT29: =43.8-(N29*0.5)-P29 -> 42.857602 | AV29: 0 | AW29: 79 | AX29: 44 | AZ29: =SUM(N29,P29:T29) -> 11.418997
A30: =A29+1 -> 18 | B30: 6924.16 | C30: 381878 | D30: =C30-C29 -> 941 | E30: =C30-152000 -> 229878 | F30: =D30/$D$2 -> 474.41391 | G30: 2270 | H30: 2 | I30: =G30+H30 -> 2272 | J30: =IF(L30>0,L30,0) -> 339.41391 | K30: =I30+J30 -> 2611.4139 | L30: =F30-(I30-AK30) -> 339.41391 | M30: 380 | N30: =1.8299*1.03 -> 1.884797 | O30: =(43+42)*1.05 -> 89.25 | P30: 0 | Q30: =2.21*1.02 -> 2.2542 | R30: 4.2 | S30: 3.49 | T30: 0 | U30: 148 | V30: 77 | W30: =M30-N30-O30-P30-Q30-R30-S30-T30+U30+V30-AT30 -> 459.7634 | X30: =W30-AO30 -> 459.7634 | Y30: =Y29+(X30*1.9835) -> 30583.504 | Z30: =Z29+X30*(26300/37500)*1.9835 -> 21449.231 | AA30: =AA29+AP30-AJ30 -> 4099.1727 | AB30: =AB29+(AP30+X30)*1.9835-(AJ30*1.9835) -> 24375.471 | AC30: =AC29-(AQ29/1.9835) -> 1643.7382 | AE30: 272 | AF30: 1.7 | AG30: 1.3 | AH30: 1260 | AI30: =AI29 -> 13740.258 | AJ30: =AH30 -> 1260 | AK30: =N30+O30+P30+Q30+R30+S30+T30+W30+AE30+AH30+AT30 -> 2137 | AL30: =IF(L30<0,L30*-1,0) -> 0 | AM30: =AK30+AL30 -> 2137 | AN30: =AN29 -> 14570.652 | AP30: 0 | AQ30: =47.3*(AA29*1.9835+AP30*1.9835+AC30*1.9835)/E30 -> 2.858081 | AT30: =45.1-(N30*0.5)-P30 -> 44.157601 | AV30: 0 | AW30: 83 | AX30: 51 | AZ30: =SUM(N30,P30:T30) -> 11.828997
A31: =A30+1 -> 19 | B31: 6924.24 | C31: 382237 | D31: =C31-C30 -> 359 | E31: =C31-152000 -> 230237 | F31: =D31/$D$2 -> 180.99319 | G31: 2270 | H31: 1.6 | I31: =G31+H31 -> 2271.6 | J31: =IF(L31>0,L31,0) -> 176.39319 | K31: =I31+J31 -> 2447.9932 | L31: =F31-(I31-AK31) -> 176.39319 | M31: 394 | N31: =1.8299*1.03 -> 1.884797 | O31: =(45+45)*1.05 -> 94.5 | P31: 0 | Q31: =2.21*1.02 -> 2.2542 | R31: 4.2 | S31: 3.87 | T31: 0 | U31: 149 | V31: 76 | W31: =M31-N31-O31-P31-Q31-R31-S31-T31+U31+V31-AT31 -> 464.9334 | X31: =W31-AO31 -> 464.9334 | Y31: =Y30+(X31*1.9835) -> 31505.7 | Z31: =Z30+X31*(26300/37500)*1.9835 -> 22095.997 | AA31: =AA30+AP31-AJ31 -> 2739.1727 | AB31: =AB30+(AP31+X31)*1.9835-(AJ31*1.9835) -> 22600.106 | AC31: =AC30-(AQ30/1.9835) -> 1642.2973 | AE31: 288 | AF31: 1.7 | AG31: 1.3 | AH31: 1360 | AI31: =AI30 -> 13740.258 | AJ31: =AH31 -> 1360 | AK31: =N31+O31+P31+Q31+R31+S31+T31+W31+AE31+AH31+AT31 -> 2267 | AL31: =IF(L31<0,L31*-1,0) -> 0 | AM31: =AK31+AL31 -> 2267 | AN31: =AN30 -> 14570.652 | AP31: 0 | AQ31: =47.3*(AA30*1.9835+AP31*1.9835+AC31*1.9835)/E31 -> 2.3395984 | AT31: =48.3-(N31*0.5)-P31 -> 47.357602 | AV31: 0.03 | AW31: 76 | AX31: 53 | AZ31: =SUM(N31,P31:T31) -> 12.208997
A32: =A31+1 -> 20 | B32: 6924.36 | C32: 382775 | D32: =C32-C31 -> 538 | E32: =C32-152000 -> 230775 | F32: =D32/$D$2 -> 271.23771 | G32: 2090 | H32: 1.2 | I32: =G32+H32 -> 2091.2 | J32: =IF(L32>0,L32,0) -> 417.03771 | K32: =I32+J32 -> 2508.2377 | L32: =F32-(I32-AK32) -> 417.03771 | M32: 351 | N32: =1.8299*1.03 -> 1.884797 | O32: =(44+45)*1.05 -> 93.45 | P32: 0 | Q32: =2.21*1.02 -> 2.2542 | R32: 4.2 | S32: 4 | T32: 0 | U32: 148 | V32: 76 | W32: =M32-N32-O32-P32-Q32-R32-S32-T32+U32+V32-AT32 -> 449.2534 | X32: =W32-AO32 -> 449.2534 | Y32: =Y31+(X32*1.9835) -> 32396.794 | Z32: =Z31+X32*(26300/37500)*1.9835 -> 22720.951 | AA32: =AA31+AP32-AJ32 -> 1369.1727 | AB32: =AB31+(AP32+X32)*1.9835-(AJ32*1.9835) -> 20773.805 | AC32: =AC31-(AQ31/1.9835) -> 1641.1177 | AE32: 292 | AF32: 1.7 | AG32: 1.3 | AH32: 1370 | AI32: =AI31 -> 13740.258 | AJ32: =AH32 -> 1370 | AK32: =N32+O32+P32+Q32+R32+S32+T32+W32+AE32+AH32+AT32 -> 2237 | AL32: =IF(L32<0,L32*-1,0) -> 0 | AM32: =AK32+AL32 -> 2237 | AN32: =AN31 -> 14570.652 | AP32: 0 | AQ32: =47.3*(AA31*1.9835+AP32*1.9835+AC32*1.9835)/E32 -> 1.7807686 | AT32: =20.9-(N32*0.5)-P32 -> 19.957601 | AV32: 0 | AW32: 76 | AX32: 48 | AZ32: =SUM(N32,P32:T32) -> 12.338997
A33: =A32+1 -> 21 | B33: 6924.31 | C33: 382551 | D33: =C33-C32 -> -224 | E33: =C33-152000 -> 230551 | F33: =D33/$D$2 -> -112.93169 | G33: 1800 | H33: 0.94 | I33: =G33+H33 -> 1800.94 | J33: =IF(L33>0,L33,0) -> 222.12831 | K33: =I33+J33 -> 2023.0683 | L33: =F33-(I33-AK33) -> 222.12831 | M33: 336 | N33: =1.8299*1.03 -> 1.884797 | O33: =(40+41)*1.05 -> 85.05 | P33: 0 | Q33: =2.21*1.02 -> 2.2542 | R33: 4.2 | S33: 3.54 | T33: 0 | U33: 149 | V33: 75 | W33: =M33-N33-O33-P33-Q33-R33-S33-T33+U33+V33-AT33 -> 463.071 | X33: =W33-AO33 -> 463.071 | Y33: =Y32+(X33*1.9835) -> 33315.295 | Z33: =Z32+X33*(26300/37500)*1.9835 -> 23365.127 | AA33: =AA32+AP33-AJ33 -> 79.172678 | AB33: =AB32+(AP33+X33)*1.9835-(AJ33*1.9835) -> 19133.592 | AC33: =AC32-(AQ32/1.9835) -> 1640.22 | AE33: 286 | AF33: 1.7 | AG33: 1.3 | AH33: 1290 | AI33: =AI32 -> 13740.258 | AJ33: =AH33 -> 1290 | AK33: =N33+O33+P33+Q33+R33+S33+T33+W33+AE33+AH33+AT33 -> 2136 | AL33: =IF(L33<0,L33*-1,0) -> 0 | AM33: =AK33+AL33 -> 2136 | AN33: =AN32 -> 14570.652 | AP33: 0 | AQ33: =47.3*(AA32*1.9835+AP33*1.9835+AC33*1.9835)/E33 -> 1.2246308 | AV33: 0.03 | AW33: 67 | AX33: 50 | AZ33: =SUM(N33,P33:T33) -> 11.878997
A34: =A33+1 -> 22 | B34: 6924.4 | C34: 382954 | D34: =C34-C33 -> 403 | E34: =C34-152000 -> 230954 | F34: =D34/$D$2 -> 203.1762 | G34: 1810 | H34: 1.1 | I34: =G34+H34 -> 1811.1 | J34: =IF(L34>0,L34,0) -> 330.0762 | K34: =I34+J34 -> 2141.1762 | L34: =F34-(I34-AK34) -> 330.0762 | M34: 289 | N34: =1.8299*1.03 -> 1.884797 | O34: =(38+36)*1.05 -> 77.7 | P34: 0 | Q34: =2.21*1.02 -> 2.2542 | R34: 3.56 | S34: 0 | T34: 0 | U34: 150 | V34: 74 | W34: =M34-N34-O34-P34-Q34-R34-S34-T34+U34+V34-AT34 -> 427.601 | X34: =W34-AO34 -> 427.601 | Y34: =Y33+(X34*1.9835) -> 34163.442 | Z34: =Z33+X34*(26300/37500)*1.9835 -> 23959.96 | AA34: =AA33+AP34-79 -> 0.172678 | AB34: =AB33+(AP34+X34)*1.9835-(AJ34*1.9835) -> 17621.373 | AC34: =AC33-(AQ33/1.9835) -> 1639.6025 | AE34: 235 | AF34: 1.7 | AG34: 1.3 | AH34: 1190 | AI34: =AI33 -> 13740.258 | AJ34: =AH34 -> 1190 | AK34: =N34+O34+P34+Q34+R34+S34+T34+W34+AE34+AH34+AT34 -> 1938 | AL34: =IF(L34<0,L34*-1,0) -> 0 | AM34: =AK34+AL34 -> 1938 | AN34: =AN33 -> 14570.652 | AP34: 0 | AQ34: =47.3*(AA33*1.9835+AP34*1.9835+AC34*1.9835)/E34 -> 0.69821141 | AV34: 0.23 | AW34: 62 | AX34: 48 | AZ34: =SUM(N34,P34:T34) -> 7.698997
