Workbook

Sheet NOV
K1: MCPHEE RESERVOIR INFLOW/OUTFLOW TABULATION
A2: AF/cfs CONVERT FACTOR | D2: 1.9835 | L2: NOVEMBER "2004"
D4: RESERVOIR | S4: INFLOW/OUTFLOW (CFS) | AG4: WEATHER | AK4: ADJUSTMENTS
A5: DATE | B5: RESERV | C5: RESERV | D5: AC FT | E5: ACTIVE | F5: CONV TO | G5: DOLORES | H5: LOST | I5: RECORD | J5: CALC | K5: TOTAL | L5: CALC | M5: DOLORES TUNNEL | S5: LONE | T5: U | U5: TOTAL | V5: MVI | W5: MVI | X5: DV CR | Y5: D/S SENIOR | AA5: BELOW | AB5: FISH | AC5: RECORD | AD5: CALC | AE5: TOTAL | AF5: RAIN | AG5: MAX | AH5: MIN | AI5: NAR. | AJ5: MVI | AK5: MVI | AL5: MVI | AM5: U/S | AN5: TOTTEN
A6: NOV | B6: ELEV | C6: AC FT | D6: CHANGE | E6: CAP | F6: CFS | G6: RIVER | H6: CAN | I6: INFLOW | J6: INFLOW | K6: INFLOW | L6: INF/OTF | M6: TOT DIV | N6: WET | O6: UTE | P6: MWC | Q6: CTZ | R6: CTZ & | S6: PINE | T6: LAT | U6: MVI | V6: CALL | W6: PROJ & | X6: CANAL | Y6: MVIC | Z6: PROJ | AA6: MCP | AB6: LEFT | AC6: OTF | AD6: OTF | AE6: OTF | AG6: TMP | AH6: TMP | AI6: CALL | AJ6: STOCK | AK6: STORED | AL6: STORED | AM6: USERS | AN6: (FRESH
E7: AC FT | N7: LAND | O7: F&R | R7: UTE | W7: TO EX & | AI7: AC.FT. | AJ7: CFS | AK7: Apr-Jun | AL7: EVAP | AM7: EXCH | AN7: WATER)
N8: 1.03 | O8: 1.05 | P8: 1.02 | Q8: 1.04 | R8: PROJ | W8: U/S EX | AL8: AC.FT
A9: SEASON BAL
A10: YTD | B10: 6876.98 | C10: 207246 | AB10: 4051 | AJ10: 352
A12: 1 | B12: 6877.03 | C12: 207391 | D12: =C12-C10 -> 145 | E12: =C12-152000 -> 55391 | F12: =D12/$D$2 -> 73.103101 | G12: 145 | H12: 0 | I12: =G12+H12 -> 145 | J12: =IF(L12>0,L12,0) -> 44.503101 | K12: =I12+J12 -> 189.5031 | L12: =F12-(I12-AC12) -> 44.503101 | M12: 5.4 | N12: 0 | O12: 0 | P12: =1.33*1.02 -> 1.3566 | Q12: =2.75*1.04 -> 2.86 | R12: 0 | S12: 80 | T12: 0 | U12: =M12-N12-O12-P12-Q12-R16+S12+T12 -> 81.1834 | X12: 0 | AA12: 31 | AB12: =AB10-AA12 -> 4020 | AC12: =N12+O12+P12+Q12+R16+U12+X12+AA12 -> 116.4 | AD12: =IF(L12<0,L12*-1,0) -> 0 | AE12: =AC12+AD12 -> 116.4 | AF12: 0 | AG12: 38 | AH12: 25 | AI12: =AI11+(U12*1.9835) -> 161.02727 | AJ12: 0
A13: =A12+1 -> 2 | B13: 6876.93 | C13: 207101 | D13: =C13-C12 -> -290 | E13: =C13-152000 -> 55101 | F13: =D13/$D$2 -> -146.2062 | G13: 113 | H13: 0 | I13: =G13+H13 -> 113 | J13: =IF(L13>0,L13,0) -> 0 | K13: =I13+J13 -> 113 | L13: =F13-(I13-AC13) -> -103.2062 | M13: 5 | N13: 0 | O13: 0 | P13: =1.33*1.02 -> 1.3566 | Q13: =2.07*1.04 -> 2.1528 | R13: 0 | S13: 123 | T13: 0 | U13: =M13-N13-O13-P13-Q13-R13+S13+T13 -> 124.4906 | X13: 0 | AA13: 28 | AB13: =AB12-AA13 -> 3992 | AC13: =N13+O13+P13+Q13+R17+U13+X13+AA13 -> 156 | AD13: =IF(L13<0,L13*-1,0) -> 103.2062 | AE13: =AC13+AD13 -> 259.2062 | AF13: 0 | AG13: 49 | AH13: 21 | AI13: =AI12+(U13*1.9835) -> 407.95438 | AJ13: 0
A14: =A13+1 -> 3 | B14: 6876.93 | C14: 207101 | D14: =C14-C13 -> 0 | E14: =C14-152000 -> 55101 | F14: =D14/$D$2 -> 0 | G14: 117 | H14: 0 | I14: =G14+H14 -> 117 | J14: =IF(L14>0,L14,0) -> 27.8 | K14: =I14+J14 -> 144.8 | L14: =F14-(I14-AC14) -> 27.8 | M14: 4.8 | N14: 0 | O14: 0 | P14: =1.33*1.02 -> 1.3566 | Q14: =2.73*1.04 -> 2.8392 | R14: 0 | S14: 112 | T14: 0 | U14: =M14-N14-O14-P14-Q14-R14+S14+T14 -> 112.6042 | X14: 0 | AA14: 28 | AB14: =AB13-AA14 -> 3964 | AC14: =N14+O14+P14+Q14+R18+U14+X14+AA14 -> 144.8 | AD14: =IF(L14<0,L14*-1,0) -> 0 | AE14: =AC14+AD14 -> 144.8 | AF14: 0 | AG14: 51 | AH14: 21 | AI14: =AI13+(U14*1.9835) -> 631.30481 | AJ14: 0
A15: =A14+1 -> 4 | B15: 6876.91 | C15: 207044 | D15: =C15-C14 -> -57 | E15: =C15-152000 -> 55044 | F15: =D15/$D$2 -> -28.737081 | G15: 122 | H15: 0 | I15: =G15+H15 -> 122 | J15: =IF(L15>0,L15,0) -> 0 | K15: =I15+J15 -> 122 | L15: =F15-(I15-AC15) -> -18.837081 | M15: 4.9 | N15: 0 | O15: 0 | P15: =1.33*1.02 -> 1.3566 | Q15: =2.62*1.04 -> 2.7248 | R15: 0 | S15: 99 | T15: 0 | U15: =M15-N15-O15-P15-Q15-R15+S15+T15 -> 99.8186 | X15: 0 | AA15: 28 | AB15: =AB14-AA15 -> 3936 | AC15: =N15+O15+P15+Q15+R19+U15+X15+AA15 -> 131.9 | AD15: =IF(L15<0,L15*-1,0) -> 18.837081 | AE15: =AC15+AD15 -> 150.73708 | AF15: 0 | AG15: 60 | AH15: 28 | AI15: =AI14+(U15*1.9835) -> 829.295 | AJ15: 0
A16: =A15+1 -> 5 | B16: 6876.9 | C16: 207015 | D16: =C16-C15 -> -29 | E16: =C16-152000 -> 55015 | F16: =D16/$D$2 -> -14.62062 | G16: 116 | H16: 0 | I16: =G16+H16 -> 116 | J16: =IF(L16>0,L16,0) -> 1.2793799 | K16: =I16+J16 -> 117.27938 | L16: =F16-(I16-AC16) -> 1.2793799 | M16: 4.9 | N16: 0 | O16: 0 | P16: =1.33*1.02 -> 1.3566 | Q16: =2.23*1.04 -> 2.3192 | R16: 0 | S16: 99 | T16: 0 | U16: =M16-N16-O16-P16-Q16-R16+S16+T16 -> 100.2242 | X16: 0 | AA16: 28 | AB16: =AB15-AA16 -> 3908 | AC16: =N16+O16+P16+Q16+R20+U16+X16+AA16 -> 131.9 | AD16: =IF(L16<0,L16*-1,0) -> 0 | AE16: =AC16+AD16 -> 131.9 | AF16: 0 | AG16: 63 | AH16: 31 | AI16: =AI15+(U16*1.9835) -> 1028.0897 | AJ16: 0
A17: =A16+1 -> 6 | B17: 6876.9 | C17: 207015 | D17: =C17-C16 -> 0 | E17: =C17-152000 -> 55015 | F17: =D17/$D$2 -> 0 | G17: 115 | H17: 0 | I17: =G17+H17 -> 115 | J17: =IF(L17>0,L17,0) -> 16.9 | K17: =I17+J17 -> 131.9 | L17: =F17-(I17-AC17) -> 16.9 | M17: 4.9 | N17: 0 | O17: 0 | P17: =1.33*1.02 -> 1.3566 | Q17: =2.07*1.04 -> 2.1528 | R17: 0 | S17: 99 | T17: 0 | U17: =M17-N17-O17-P17-Q17-R17+S17+T17 -> 100.3906 | X17: 0 | AA17: 28 | AB17: =AB16-AA17 -> 3880 | AC17: =N17+O17+P17+Q17+R21+U17+X17+AA17 -> 131.9 | AD17: =IF(L17<0,L17*-1,0) -> 0 | AE17: =AC17+AD17 -> 131.9 | AF17: 0 | AG17: 64 | AH17: 31 | AI17: =AI16+(U17*1.9835) -> 1227.2145 | AJ17: 0
A18: =A17+1 -> 7 | B18: 6876.81 | C18: 206755 | D18: =C18-C17 -> -260 | E18: =C18-152000 -> 54755 | F18: =D18/$D$2 -> -131.08142 | G18: 110 | H18: 0 | I18: =G18+H18 -> 110 | J18: =IF(L18>0,L18,0) -> 0 | K18: =I18+J18 -> 110 | L18: =F18-(I18-AC18) -> -108.88142 | M18: 5.2 | N18: 0 | O18: 0 | P18: =1.33*1.02 -> 1.3566 | Q18: =2.16*1.04 -> 2.2464 | R18: 0 | S18: 99 | T18: 0 | U18: =M18-N18-O18-P18-Q18-R18+S18+T18 -> 100.597 | X18: 0 | AA18: 28 | AB18: =AB17-AA18 -> 3852 | AC18: =N18+O18+P18+Q18+R22+U18+X18+AA18 -> 132.2 | AD18: =IF(L18<0,L18*-1,0) -> 108.88142 | AE18: =AC18+AD18 -> 241.08142 | AF18: 0 | AG18: 64 | AH18: 34 | AI18: =AI17+(U18*1.9835) -> 1426.7486 | AJ18: 0
A19: =A18+1 -> 8 | B19: 6876.8 | C19: 206726 | D19: =C19-C18 -> -29 | E19: =C19-152000 -> 54726 | F19: =D19/$D$2 -> -14.62062 | G19: 117 | H19: 0 | I19: =G19+H19 -> 117 | J19: =IF(L19>0,L19,0) -> 20.77938 | K19: =I19+J19 -> 137.77938 | L19: =F19-(I19-AC19) -> 20.77938 | M19: 5.4 | N19: 0 | O19: 0 | P19: =1.33*1.02 -> 1.3566 | Q19: =1.98*1.04 -> 2.0592 | R19: 0 | S19: 119 | T19: 0 | U19: =M19-N19-O19-P19-Q19-R19+S19+T19 -> 120.9842 | X19: 0 | AA19: 28 | AB19: =AB18-AA19 -> 3824 | AC19: =N19+O19+P19+Q19+R23+U19+X19+AA19 -> 152.4 | AD19: =IF(L19<0,L19*-1,0) -> 0 | AE19: =AC19+AD19 -> 152.4 | AF19: 0.08 | AG19: 59 | AH19: 43 | AI19: =AI18+(U19*1.9835) -> 1666.7208 | AJ19: 0
A20: =A19+1 -> 9 | B20: 6876.86 | C20: 206899 | D20: =C20-C19 -> 173 | E20: =C20-152000 -> 54899 | F20: =D20/$D$2 -> 87.219561 | G20: 153 | H20: 0 | I20: =G20+H20 -> 153 | J20: =IF(L20>0,L20,0) -> 101.51956 | K20: =I20+J20 -> 254.51956 | L20: =F20-(I20-AC20) -> 101.51956 | M20: 5.3 | N20: 0 | O20: 0 | P20: =1.33*1.02 -> 1.3566 | Q20: =2.03*1.04 -> 2.1112 | R20: 0 | S20: 135 | T20: 0 | U20: =M20-N20-O20-P20-Q20-R20+S20+T20 -> 136.8322 | X20: 0 | AA20: 27 | AB20: =AB19-AA20 -> 3797 | AC20: =N20+O20+P20+Q20+R24+U20+X20+AA20 -> 167.3 | AD20: =IF(L20<0,L20*-1,0) -> 0 | AE20: =AC20+AD20 -> 167.3 | AF20: 0.86 | AG20: 42 | AH20: 29 | AI20: =AI19+(U20*1.9835) -> 1938.1274 | AJ20: 0
A21: =A20+1 -> 10 | B21: 6876.86 | C21: 206899 | D21: =C21-C20 -> 0 | E21: =C21-152000 -> 54899 | F21: =D21/$D$2 -> 0 | G21: 140 | H21: 0 | I21: =G21+H21 -> 140 | J21: =IF(L21>0,L21,0) -> 12.4 | K21: =I21+J21 -> 152.4 | L21: =F21-(I21-AC21) -> 12.4 | M21: 5.4 | N21: 0 | O21: 0 | P21: =1.33*1.02 -> 1.3566 | Q21: =2.24*1.04 -> 2.3296 | R21: 0 | S21: 122 | T21: 0 | U21: =M21-N21-O21-P21-Q21-R21+S21+T21 -> 123.7138 | X21: 0 | AA21: 25 | AB21: =AB20-AA21 -> 3772 | AC21: =N21+O21+P21+Q21+R25+U21+X21+AA21 -> 152.4 | AD21: =IF(L21<0,L21*-1,0) -> 0 | AE21: =AC21+AD21 -> 152.4 | AF21: 0 | AG21: 51 | AH21: 28 | AI21: =AI20+(U21*1.9835) -> 2183.5138 | AJ21: 0
A22: =A21+1 -> 11 | B22: 6876.84 | C22: 206841 | D22: =C22-C21 -> -58 | E22: =C22-152000 -> 54841 | F22: =D22/$D$2 -> -29.24124 | G22: 142 | H22: 0 | I22: =G22+H22 -> 142 | J22: =IF(L22>0,L22,0) -> 0 | K22: =I22+J22 -> 142 | L22: =F22-(I22-AC22) -> -19.04124 | M22: 5.2 | N22: 0 | O22: 0 | P22: =1.33*1.02 -> 1.3566 | Q22: =2.01*1.04 -> 2.0904 | R22: 0 | S22: 122 | T22: 0 | U22: =M22-N22-O22-P22-Q22-R22+S22+T22 -> 123.753 | X22: 0 | AA22: 25 | AB22: =AB21-AA22 -> 3747 | AC22: =N22+O22+P22+Q22+R26+U22+X22+AA22 -> 152.2 | AD22: =IF(L22<0,L22*-1,0) -> 19.04124 | AE22: =AC22+AD22 -> 171.24124 | AF22: 0 | AG22: 50 | AH22: 33 | AI22: =AI21+(U22*1.9835) -> 2428.9778 | AJ22: 0
A23: =A22+1 -> 12 | B23: 6876.83 | C23: 206813 | D23: =C23-C22 -> -28 | E23: =C23-152000 -> 54813 | F23: =D23/$D$2 -> -14.116461 | G23: 138 | H23: 0.15 | I23: =G23+H23 -> 138.15 | J23: =IF(L23>0,L23,0) -> 0 | K23: =I23+J23 -> 138.15 | L23: =F23-(I23-AC23) -> -0.066460802 | M23: 5.2 | N23: 0 | O23: 0 | P23: =1.33*1.02 -> 1.3566 | Q23: =2.1*1.04 -> 2.184 | R23: 0 | S23: 122 | T23: 0 | U23: =M23-N23-O23-P23-Q23-R23+S23+T23 -> 123.6594 | X23: 0 | AA23: 25 | AB23: =AB22-AA23 -> 3722 | AC23: =N23+O23+P23+Q23+R27+U23+X23+AA23 -> 152.2 | AD23: =IF(L23<0,L23*-1,0) -> 0.066460802 | AE23: =AC23+AD23 -> 152.26646 | AF23: 0.01 | AG23: 43 | AH23: 36 | AI23: =AI22+(U23*1.9835) -> 2674.2563 | AJ23: 0
A24: =A23+1 -> 13 | B24: 6876.83 | C24: 206813 | D24: =C24-C23 -> 0 | E24: =C24-152000 -> 54813 | F24: =D24/$D$2 -> 0 | G24: 133 | H24: 0.3 | I24: =G24+H24 -> 133.3 | J24: =IF(L24>0,L24,0) -> 18.9 | K24: =I24+J24 -> 152.2 | L24: =F24-(I24-AC24) -> 18.9 | M24: 5.2 | N24: 0 | O24: 0 | P24: =1.33*1.02 -> 1.3566 | Q24: =2.1*1.04 -> 2.184 | R24: 0 | S24: 122 | T24: 0 | U24: =M24-N24-O24-P24-Q24-R24+S24+T24 -> 123.6594 | X24: 0 | AA24: 25 | AB24: =AB23-AA24 -> 3697 | AC24: =N24+O24+P24+Q24+R28+U24+X24+AA24 -> 152.2 | AD24: =IF(L24<0,L24*-1,0) -> 0 | AE24: =AC24+AD24 -> 152.2 | AF24: 0.01 | AG24: 41 | AH24: 31 | AI24: =AI23+(U24*1.9835) -> 2919.5347 | AJ24: 0
A25: =A24+1 -> 14 | B25: 6876.81 | C25: 206755 | D25: =C25-C24 -> -58 | E25: =C25-152000 -> 54755 | F25: =D25/$D$2 -> -29.24124 | G25: 125 | H25: 0.3 | I25: =G25+H25 -> 125.3 | J25: =IF(L25>0,L25,0) -> 0 | K25: =I25+J25 -> 125.3 | L25: =F25-(I25-AC25) -> -2.2412402 | M25: 5.3 | N25: 0 | O25: 0 | P25: =1.33*1.02 -> 1.3566 | Q25: =3.71*1.04 -> 3.8584 | R25: 0 | S25: 122 | T25: 0 | U25: =M25-N25-O25-P25-Q25-R25+S25+T25 -> 122.085 | X25: 0 | AA25: 25 | AB25: =AB24-AA25 -> 3672 | AC25: =N25+O25+P25+Q25+R29+U25+X25+AA25 -> 152.3 | AD25: =IF(L25<0,L25*-1,0) -> 2.2412402 | AE25: =AC25+AD25 -> 154.54124 | AF25: 0 | AG25: 46 | AH25: 26 | AI25: =AI24+(U25*1.9835) -> 3161.6903 | AJ25: 0
A26: =A25+1 -> 15 | B26: 6876.76 | C26: 206610 | D26: =C26-C25 -> -145 | E26: =C26-152000 -> 54610 | F26: =D26/$D$2 -> -73.103101 | G26: 114 | H26: 0.3 | I26: =G26+H26 -> 114.3 | J26: =IF(L26>0,L26,0) -> 0 | K26: =I26+J26 -> 114.3 | L26: =F26-(I26-AC26) -> -15.603101 | M26: 16 | N26: 0 | O26: 0 | P26: =1.33*1.02 -> 1.3566 | Q26: =3.21*1.04 -> 3.3384 | R26: 0 | S26: 122 | T26: 8.8 | U26: =M26-N26-O26-P26-Q26-R26+S26+T26 -> 142.105 | X26: 0 | AA26: 25 | AB26: =AB25-AA26 -> 3647 | AC26: =N26+O26+P26+Q26+R30+U26+X26+AA26 -> 171.8 | AD26: =IF(L26<0,L26*-1,0) -> 15.603101 | AE26: =AC26+AD26 -> 187.4031 | AF26: 0 | AG26: 50 | AH26: 46 | AI26: =AI25+(S26-17.81)*1.9835 -> 3368.3511 | AJ26: =U26-106.09 -> 36.015
A27: =A26+1 -> 16 | B27: 6876.72 | C27: 206495 | D27: =C27-C26 -> -115 | E27: =C27-152000 -> 54495 | F27: =D27/$D$2 -> -57.978321 | G27: 119 | H27: 0.29 | I27: =G27+H27 -> 119.29 | J27: =IF(L27>0,L27,0) -> 8.7316789 | K27: =I27+J27 -> 128.02168 | L27: =F27-(I27-AC27) -> 8.7316789 | M27: 28 | N27: 0 | O27: 0 | P27: =1.33*1.02 -> 1.3566 | Q27: =2.16*1.04 -> 2.2464 | R27: 0 | S27: 122 | T27: 11 | U27: =M27-N27-O27-P27-Q27-R27+S27+T27 -> 157.397 | X27: 0 | AA27: 25 | AB27: =AB26-AA27 -> 3622 | AC27: =N27+O27+P27+Q27+R31+U27+X27+AA27 -> 186 | AD27: =IF(L27<0,L27*-1,0) -> 0 | AE27: =AC27+AD27 -> 186 | AF27: 0 | AG27: 53 | AH27: 33 | AI27: =AI26+(S27-15.25)*1.9835 -> 3580.0898 | AJ27: =U27-108.63 -> 48.767
A28: =A27+1 -> 17 | B28: 6876.68 | C28: 206379 | D28: =C28-C27 -> -116 | E28: =C28-152000 -> 54379 | F28: =D28/$D$2 -> -58.48248 | G28: 114 | H28: 0.28 | I28: =G28+H28 -> 114.28 | J28: =IF(L28>0,L28,0) -> 10.63752 | K28: =I28+J28 -> 124.91752 | L28: =F28-(I28-AC28) -> 10.63752 | M28: 27 | N28: 0 | O28: 0 | P28: =1.33*1.02 -> 1.3566 | Q28: =2.1*1.04 -> 2.184 | R28: 0 | S28: 122 | T28: 9.4 | U28: =M28-N28-O28-P28-Q28-R28+S28+T28 -> 154.8594 | X28: 0 | AA28: 25 | AB28: =AB27-AA28 -> 3597 | AC28: =N28+O28+P28+Q28+R32+U28+X28+AA28 -> 183.4 | AD28: =IF(L28<0,L28*-1,0) -> 0 | AE28: =AC28+AD28 -> 183.4 | AF28: 0 | AG28: 56 | AH28: 29 | AI28: =AI27+(S28-14)*1.9835 -> 3794.3078 | AJ28: =U28-109.69 -> 45.1694
A29: =A28+1 -> 18 | B29: 6876.63 | C29: 206235 | D29: =C29-C28 -> -144 | E29: =C29-152000 -> 54235 | F29: =D29/$D$2 -> -72.598941 | G29: 109 | H29: 0.27 | I29: =G29+H29 -> 109.27 | J29: =IF(L29>0,L29,0) -> 0 | K29: =I29+J29 -> 109.27 | L29: =F29-(I29-AC29) -> -25.268941 | M29: 16 | N29: 0 | O29: 0 | P29: =1.33*1.02 -> 1.3566 | Q29: =2.39*1.04 -> 2.4856 | R29: 0 | S29: 110 | T29: 4.6 | U29: =M29-N29-O29-P29-Q29-R29+S29+T29 -> 126.7578 | X29: 0 | AA29: 26 | AB29: =AB28-AA29 -> 3571 | AC29: =N29+O29+P29+Q29+R33+U29+X29+AA29 -> 156.6 | AD29: =IF(L29<0,L29*-1,0) -> 25.268941 | AE29: =AC29+AD29 -> 181.86894 | AF29: 0 | AG29: 53 | AH29: 30 | AI29: =AI28+(S29-14*1.9835) -> 3876.5388 | AJ29: =U29-97.12 -> 29.6378
A30: =A29+1 -> 19 | B30: 6876.58 | C30: 206090 | D30: =C30-C29 -> -145 | E30: =C30-152000 -> 54090 | F30: =D30/$D$2 -> -73.103101 | G30: 107 | H30: 0.28 | I30: =G30+H30 -> 107.28 | J30: =IF(L30>0,L30,0) -> 0 | K30: =I30+J30 -> 107.28 | L30: =F30-(I30-AC30) -> -51.883101 | M30: 5.5 | N30: 0 | O30: 0 | P30: =1.33*1.02 -> 1.3566 | Q30: =2.05*1.04 -> 2.132 | R30: 0 | S30: 97 | T30: 0 | U30: =M30-N30-O30-P30-Q30-R30+S30+T30 -> 99.0114 | X30: 0 | AA30: 26 | AB30: =AB29-AA30 -> 3545 | AC30: =N30+O30+P30+Q30+R34+U30+X30+AA30 -> 128.5 | AD30: =IF(L30<0,L30*-1,0) -> 51.883101 | AE30: =AC30+AD30 -> 180.3831 | AF30: 0 | AG30: 50 | AH30: 28 | AI30: =AI29+(U30-5.83)*1.9835 -> 4061.3641 | AJ30: 5.83
A31: =A30+1 -> 20 | B31: 6876.65 | C31: 206293 | D31: =C31-C30 -> 203 | E31: =C31-152000 -> 54293 | F31: =D31/$D$2 -> 102.34434 | G31: 107 | H31: 0.32 | I31: =G31+H31 -> 107.32 | J31: =IF(L31>0,L31,0) -> 123.52434 | K31: =I31+J31 -> 230.84434 | L31: =F31-(I31-AC31) -> 123.52434 | M31: 5.5 | N31: 0 | O31: 0 | P31: =1.33*1.02 -> 1.3566 | Q31: =2.33*1.04 -> 2.4232 | R31: 0 | S31: 97 | T31: 0 | U31: =M31-N31-O31-P31-Q31-R31+S31+T31 -> 98.7202 | X31: 0 | AA31: 26 | AB31: =AB30-AA31 -> 3519 | AC31: =N31+O31+P31+Q31+R35+U31+X31+AA31 -> 128.5 | AD31: =IF(L31<0,L31*-1,0) -> 0 | AE31: =AC31+AD31 -> 128.5 | AF31: 0.67 | AG31: 44 | AH31: 29 | AI31: =AI30+(U31*1.9835) -> 4257.1756 | AJ31: 0
A32: =A31+1 -> 21 | B32: 6876.71 | C32: 206466 | D32: =C32-C31 -> 173 | E32: =C32-152000 -> 54466 | F32: =D32/$D$2 -> 87.219561 | G32: 107 | H32: 0.5 | I32: =G32+H32 -> 107.5 | J32: =IF(L32>0,L32,0) -> 108.21956 | K32: =I32+J32 -> 215.71956 | L32: =F32-(I32-AC32) -> 108.21956 | M32: 5.5 | N32: 0 | O32: 0 | P32: =1.33*1.02 -> 1.3566 | Q32: =2.4*1.04 -> 2.496 | R32: 0 | S32: 97 | T32: 0 | U32: =M32-N32-O32-P32-Q32-R32+S32+T32 -> 98.6474 | X32: 0 | AA32: 26 | AB32: =AB31-AA32 -> 3493 | AC32: =N32+O32+P32+Q32+R36+U32+X32+AA32 -> 128.5 | AD32: =IF(L32<0,L32*-1,0) -> 0 | AE32: =AC32+AD32 -> 128.5 | AF32: 0.26 | AG32: 40 | AH32: 31 | AI32: =AI31+(U32*1.9835) -> 4452.8427 | AJ32: 0
A33: =A32+1 -> 22 | B33: 6876.65 | C33: 206293 | D33: =C33-C32 -> -173 | E33: =C33-152000 -> 54293 | F33: =D33/$D$2 -> -87.219561 | G33: 104 | H33: 0.53 | I33: =G33+H33 -> 104.53 | J33: =IF(L33>0,L33,0) -> 0 | K33: =I33+J33 -> 104.53 | L33: =F33-(I33-AC33) -> -72.849561 | M33: 4.9 | N33: 0 | O33: 0 | P33: =1.33*1.02 -> 1.3566 | Q33: =2.07*1.04 -> 2.1528 | R33: 0 | S33: 88 | T33: 0 | U33: =M33-N33-O33-P33-Q33-R33+S33+T33 -> 89.3906 | X33: 0 | AA33: 26 | AB33: =AB32-AA33 -> 3467 | AC33: =N33+O33+P33+Q33+R37+U33+X33+AA33 -> 118.9 | AD33: =IF(L33<0,L33*-1,0) -> 72.849561 | AE33: =AC33+AD33 -> 191.74956 | AF33: 0 | AG33: 48 | AH33: 31 | AI33: =AI32+(U33*1.9835) -> 4630.149 | AJ33: 0
A34: =A33+1 -> 23 | B34: 6876.64 | C34: 206264 | D34: =C34-C33 -> -29 | E34: =C34-152000 -> 54264 | F34: =D34/$D$2 -> -14.62062 | G34: 103 | H34: 0.53 | I34: =G34+H34 -> 103.53 | J34: =IF(L34>0,L34,0) -> 8.5493799 | K34: =I34+J34 -> 112.07938 | L34: =F34-(I34-AC34) -> 8.5493799 | M34: 4.7 | N34: 0 | O34: 0 | P34: =1.33*1.02 -> 1.3566 | Q34: =2.34*1.04 -> 2.4336 | R34: 0 | S34: 96 | T34: 0 | U34: =M34-N34-O34-P34-Q34-R34+S34+T34 -> 96.9098 | X34: 0 | AA34: 26 | AB34: =AB33-AA34 -> 3441 | AC34: =N34+O34+P34+Q34+R38+U34+X34+AA34 -> 126.7 | AD34: =IF(L34<0,L34*-1,0) -> 0 | AE34: =AC34+AD34 -> 126.7 | AF34: 0 | AG34: 44 | AH34: 27 | AI34: =AI33+(U34*1.9835) -> 4822.3695 | AJ34: 0
A35: =A34+1 -> 24 | B35: 6876.63 | C35: 206235 | D35: =C35-C34 -> -29 | E35: =C35-152000 -> 54235 | F35: =D35/$D$2 -> -14.62062 | G35: 93 | H35: 0.4 | I35: =G35+H35 -> 93.4 | J35: =IF(L35>0,L35,0) -> 18.87938 | K35: =I35+J35 -> 112.27938 | L35: =F35-(I35-AC35) -> 18.87938 | M35: 4.9 | N35: 0 | O35: 0 | P35: =1.33*1.02 -> 1.3566 | Q35: =2.36*1.04 -> 2.4544 | R35: 0 | S35: 97 | T35: 0 | U35: =M35-N35-O35-P35-Q35-R35+S35+T35 -> 98.089 | X35: 0 | AA35: 25 | AB35: =AB34-AA35 -> 3416 | AC35: =N35+O35+P35+Q35+R39+U35+X35+AA35 -> 126.9 | AD35: =IF(L35<0,L35*-1,0) -> 0 | AE35: =AC35+AD35 -> 126.9 | AF35: 0 | AG35: 44 | AH35: 23 | AI35: =AI34+(U35*1.9835) -> 5016.9291 | AJ35: 0
A36: =A35+1 -> 25 | B36: 6876.61 | C36: 206177 | D36: =C36-C35 -> -58 | E36: =C36-152000 -> 54177 | F36: =D36/$D$2 -> -29.24124 | G36: 85 | H36: 0.32 | I36: =G36+H36 -> 85.32 | J36: =IF(L36>0,L36,0) -> 12.33876 | K36: =I36+J36 -> 97.65876 | L36: =F36-(I36-AC36) -> 12.33876 | M36: 4.9 | N36: 0 | O36: 0 | P36: =1.33*1.02 -> 1.3566 | Q36: =2.1*1.04 -> 2.184 | R36: 0 | S36: 97 | T36: 0 | U36: =M36-N36-O36-P36-Q36-R36+S36+T36 -> 98.3594 | X36: 0 | AA36: 25 | AB36: =AB35-AA36 -> 3391 | AC36: =N36+O36+P36+Q36+R40+U36+X36+AA36 -> 126.9 | AD36: =IF(L36<0,L36*-1,0) -> 0 | AE36: =AC36+AD36 -> 126.9 | AF36: 0 | AG36: 46 | AH36: 22 | AI36: =AI35+(U36*1.9835) -> 5212.0249 | AJ36: 0
A37: =A36+1 -> 26 | B37: 6876.6 | C37: 206148 | D37: =C37-C36 -> -29 | E37: =C37-152000 -> 54148 | F37: =D37/$D$2 -> -14.62062 | G37: 76 | H37: 0.35 | I37: =G37+H37 -> 76.35 | J37: =IF(L37>0,L37,0) -> 34.72938 | K37: =I37+J37 -> 111.07938 | L37: =F37-(I37-AC37) -> 34.72938 | M37: 4.7 | N37: 0 | O37: 0 | P37: =1.33*1.02 -> 1.3566 | Q37: =2.29*1.04 -> 2.3816 | R37: 0 | S37: 96 | T37: 0 | U37: =M37-N37-O37-P37-Q37-R37+S37+T37 -> 96.9618 | X37: 0 | AA37: 25 | AB37: =AB36-AA37 -> 3366 | AC37: =N37+O37+P37+Q37+R41+U37+X37+AA37 -> 125.7 | AD37: =IF(L37<0,L37*-1,0) -> 0 | AE37: =AC37+AD37 -> 125.7 | AF37: 0.04 | AG37: 39 | AH37: 21 | AI37: =AI36+(U37*1.9835) -> 5404.3487 | AJ37: 0
A38: =A37+1 -> 27 | B38: 6876.55 | C38: 206004 | D38: =C38-C37 -> -144 | E38: =C38-152000 -> 54004 | F38: =D38/$D$2 -> -72.598941 | G38: 76 | H38: 0.33 | I38: =G38+H38 -> 76.33 | J38: =IF(L38>0,L38,0) -> 0 | K38: =I38+J38 -> 76.33 | L38: =F38-(I38-AC38) -> -22.328941 | M38: 4.6 | N38: 0 | O38: 0 | P38: =1.33*1.02 -> 1.3566 | Q38: =2.47*1.04 -> 2.5688 | R38: 0 | S38: 96 | T38: 0 | U38: =M38-N38-O38-P38-Q38-R38+S38+T38 -> 96.6746 | X38: 0 | AA38: 26 | AB38: =AB37-AA38 -> 3340 | AC38: =N38+O38+P38+Q38+R42+U38+X38+AA38 -> 126.6 | AD38: =IF(L38<0,L38*-1,0) -> 22.328941 | AE38: =AC38+AD38 -> 148.92894 | AF38: 0 | AG38: 40 | AH38: 21 | AI38: =AI37+(U38*1.9835) -> 5596.1027 | AJ38: 0
A39: =A38+1 -> 28 | B39: 6876.5 | C39: 205859 | D39: =C39-C38 -> -145 | E39: =C39-152000 -> 53859 | F39: =D39/$D$2 -> -73.103101 | G39: 74 | H39: 0.36 | I39: =G39+H39 -> 74.36 | J39: =IF(L39>0,L39,0) -> 0 | K39: =I39+J39 -> 74.36 | L39: =F39-(I39-AC39) -> -20.763101 | M39: 4.7 | N39: 0 | O39: 0 | P39: =1.33*1.02 -> 1.3566 | Q39: =2.21*1.04 -> 2.2984 | R39: 0 | S39: 96 | T39: 0 | U39: =M39-N39-O39-P39-Q39-R39+S39+T39 -> 97.045 | X39: 0 | AA39: 26 | AB39: =AB38-AA39 -> 3314 | AC39: =N39+O39+P39+Q39+R43+U39+X39+AA39 -> 126.7 | AD39: =IF(L39<0,L39*-1,0) -> 20.763101 | AE39: =AC39+AD39 -> 147.4631 | AF39: 0.15 | AG39: 39 | AH39: 14 | AI39: =AI38+(U39*1.9835) -> 5788.5915 | AJ39: 0
A40: =A39+1 -> 29 | B40: 6876.47 | C40: 205773 | D40: =C40-C39 -> -86 | E40: =C40-152000 -> 53773 | F40: =D40/$D$2 -> -43.357701 | G40: 59 | H40: 0.3 | I40: =G40+H40 -> 59.3 | J40: =IF(L40>0,L40,0) -> 13.142299 | K40: =I40+J40 -> 72.442299 | L40: =F40-(I40-AC40) -> 13.142299 | M40: 4.8 | N40: 0 | O40: 0 | P40: =1.33*1.02 -> 1.3566 | Q40: =2.21*1.04 -> 2.2984 | R40: 0 | S40: 85 | T40: 0 | U40: =M40-N40-O40-P40-Q40-R40+S40+T40 -> 86.145 | X40: 0 | AA40: 26 | AB40: =AB39-AA40 -> 3288 | AC40: =N40+O40+P40+Q40+R44+U40+X40+AA40 -> 115.8 | AD40: =IF(L40<0,L40*-1,0) -> 0 | AE40: =AC40+AD40 -> 115.8 | AF40: 0 | AG40: 28 | AH40: 10 | AI40: =AI39+(U40*1.9835) -> 5959.4601 | AJ40: 0
A41: 30 | B41: 6876.4 | C41: 205571 | D41: =C41-C40 -> -202 | E41: =C41-152000 -> 53571 | F41: =D41/$D$2 -> -101.84018 | G41: 35 | H41: 0.22 | I41: =G41+H41 -> 35.22 | J41: =IF(L41>0,L41,0) -> 0 | K41: =I41+J41 -> 35.22 | L41: =F41-(I41-AC41) -> -27.660181 | M41: 4.4 | N41: 0 | O41: 0 | P41: =1.33*1.02 -> 1.3566 | Q41: =2.21*1.04 -> 2.2984 | R41: 0 | S41: 79 | T41: 0 | U41: =M41-N41-O41-P41-Q41-R41+S41+T41 -> 79.745 | X41: 0 | AA41: 26 | AB41: =AB40-AA41 -> 3262 | AC41: =N41+O41+P41+Q41+R45+U41+X41+AA41 -> 109.4 | AD41: =IF(L41<0,L41*-1,0) -> 27.660181 | AE41: =AC41+AD41 -> 137.06018 | AF41: 0 | AG41: 30 | AH41: 2 | AI41: =AI40+(U41*1.9835) -> 6117.6343 | AJ41: 0
A43: MONTH / CFS | F43: =SUM(F12:F41) -> -844.46685 | G43: =SUM(G12:G41) -> 3268 | H43: =SUM(H12:H41) -> 6.33 | I43: =SUM(I12:I41) -> 3274.33 | J43: =SUM(J12:J41) -> 582.83372 | K43: =SUM(K12:K41) -> 3857.1637 | L43: =SUM(L12:L41) -> 94.203148 | M43: =SUM(M12:M41) -> 218.2 | ... Q43: =SUM(Q12:Q41) -> 72.488 | R43: =SUM(R13:R41) -> 0 | S43: =SUM(S12:S41) -> 3172 | T43: =SUM(T12:T41) -> 33.8 | U43: =SUM(U12:U41) -> 3310.814 | AA43: =SUM(AA12:AA41) -> 789 | AC43: =SUM(AC12:AC41) -> 4213 | AD43: =SUM(AD12:AD41) -> 488.63057 | AE43: =SUM(AE12:AE41) -> 4701.6306 | AF43: =SUM(AF12:AF41) -> 2.08 | AG43: =AVERAGE(AG12:AG41) -> 47.5 | AH43: =AVERAGE(AH12:AH42) -> 27.133333 | AI43: Avg | AJ43: =SUM(AJ12:AJ41) -> 165.4192
A44: MONTH / AF | D44: =SUM(D12:D41) -> -1675 | F44: =F43*$D$2 -> -1675 | G44: =G43*$D$2 -> 6482.078 | H44: =H43*$D$2 -> 12.555555 | I44: =I43*$D$2 -> 6494.6336 | J44: =J43*$D$2 -> 1156.0507 | K44: =K43*$D$2 -> 7650.6842 | L44: =L43*$D$2 -> 186.85195 | M44: =M43*$D$2 -> 432.7997 | ... U44: =U43*$D$2 -> 6566.9996 | AA44: =AA43*$D$2 -> 1564.9815 | AC44: =AC43*$D$2 -> 8356.4855 | AD44: =AD43*$D$2 -> 969.19874 | AE44: =AE43*$D$2 -> 9325.6842 | AG44: =MAX(AG12:AG41) -> 64 | AH44: =MAX(AH12:AH42) -> 46 | AI44: HI | AJ44: =AJ43*$D$2 -> 328.10898
A46: SEASON / CFS | AG46: =MIN(AG12:AG41) -> 28 | AH46: =MIN(AH12:AH42) -> 2 | AI46: LO
A47: SEASON / AF
A49: YTD / CFS | F49: =F10+F43 -> -844.46685 | G49: =G10+G43 -> 3268 | H49: =H10+H43 -> 6.33 | I49: =I10+I43 -> 3274.33 | J49: =J10+J43 -> 582.83372 | K49: =K10+K43 -> 3857.1637 | L49: =L10+L43 -> 94.203148 | M49: =M10+M43 -> 218.2 | N49: =N10+N43 -> 0 | O49: 0 | P49: =P10+P43 -> 40.698 | Q49: =Q10+Q43 -> 72.488 | R49: =R10+R43 -> 0 | S49: =S10+S43 -> 3172 | T49: =T10+T43 -> 33.8 | U49: =U10+U43 -> 3310.814 | AA49: =AA10+AA43 -> 789 | AB49: =AB41 -> 3262 | AC49: =AC10+AC43 -> 4213 | AD49: =AD10+AD43 -> 488.63057 | AE49: =AE10+AE43 -> 4701.6306 | AF49: =AF10+AF43 -> 2.08 | AJ49: =AJ10+AJ43 -> 517.4192
A50: YTD / AF | D50: =D10+D44 -> -1675 | E50: =E41 -> 53571 | F50: =F49*$D$2 -> -1675 | G50: =G49*$D$2 -> 6482.078 | H50: =H49*$D$2 -> 12.555555 | I50: =I49*$D$2 -> 6494.6336 | J50: =J49*$D$2 -> 1156.0507 | K50: =K49*$D$2 -> 7650.6842 | L50: =L49*$D$2 -> 186.85195 | M50: =M49*$D$2 -> 432.7997 | ... U50: =U49*$D$2 -> 6566.9996 | AA50: =AA49*$D$2 -> 1564.9815 | AB50: =AB49*$D$2 -> 6470.177 | AC50: =AC49*$D$2 -> 8356.4855 | AD50: =AD49*$D$2 -> 969.19874 | AE50: =AE49*$D$2 -> 9325.6842 | AI50: =AI41 -> 6117.6343 | AJ50: =AJ49*$D$2 -> 1026.301

Sheet DEC
K1: MCPHEE RESERVOIR INFLOW/OUTFLOW TABULATION
A2: AF/cfs CONVERT FACTOR | D2: 1.9835 | K2: DECEMBER "2004"
D4: RESERVOIR | S4: INFLOW/OUTFLOW (CFS) | AG4: WEATHER | AK4: ADJUSTMENTS
A5: DATE | B5: RESERV | C5: RESERV | D5: AC FT | E5: ACTIVE | F5: CONV TO | G5: DOLORES | H5: LOST | I5: RECORD | J5: CALC | K5: TOTAL | L5: CALC | M5: DOLORES TUNNEL | S5: LONE | T5: U | U5: TOTAL | V5: MVI | W5: MVI | X5: DV CR | Y5: D/S SENIOR | AA5: BELOW | AB5: FISH | AC5: RECORD | AD5: CALC | AE5: TOTAL | AF5: RAIN | AG5: MAX | AH5: MIN | AI5: NAR | AJ5: MVI | AK5: MVI | AL5: MVI | AM5: U/S | AN5: TOTTEN
A6: DEC | B6: ELEV | C6: AC FT | D6: CHANGE | E6: CAP | F6: CFS | G6: RIVER | H6: CAN | I6: INFLOW | J6: INFLOW | K6: INFLOW | L6: INF/OTF | M6: TOT DIV | N6: WET | O6: UTE | P6: MWC | Q6: CTZ | R6: CTZ & | S6: PINE | T6: LAT | U6: MVI | V6: CALL | W6: PROJ & | X6: CANAL | AA6: MCP | AB6: LEFT | AC6: OTF | AD6: OTF | AE6: OTF | AG6: TMP | AH6: TMP | AI6: CALL | AJ6: STOCK | AK6: STORED | AL6: STORED | AM6: USERS | AN6: (FRESH
E7: AC FT | N7: LAND | O7: F&R | R7: UTE | W7: TO EX & | AI7: AC.FT. | AJ7: AC.FT. | AK7: Apr-Jun | AL7: EVAP | AM7: EXCH | AN7: WATER)
N8: 1.03 | O8: 1.05 | P8: 1.02 | Q8: 1.04 | R8: PROJ | W8: U/S EX | AL8: AC.FT.
A9: SEASON BAL
A10: YTD | B10: =NOV!B41 -> 6876.4 | C10: =NOV!C41 -> 205571 | D10: =NOV!D50 -> -1675 | E10: =NOV!E50 -> 53571 | F10: =NOV!F49 -> -844.46685 | G10: =NOV!G49 -> 3268 | H10: =NOV!H49 -> 6.33 | I10: =NOV!I49 -> 3274.33 | J10: =NOV!J49 -> 582.83372 | K10: =NOV!K49 -> 3857.1637 | L10: =NOV!L49 -> 94.203148 | M10: =NOV!M49 -> 218.2 | ... U10: =NOV!U49 -> 3310.814 | AA10: =NOV!AA49 -> 789 | AB10: =NOV!AB49 -> 3262 | AC10: =NOV!AC49 -> 4213 | AD10: =NOV!AD49 -> 488.63057 | AE10: =NOV!AE49 -> 4701.6306 | AF10: =NOV!AF49 -> 2.08 | AI10: =NOV!AI50 -> 6117.6343 | AJ10: =NOV!AJ49 -> 517.4192
A12: 1 | B12: 6876.36 | C12: 205455 | D12: =C12-C10 -> -116 | E12: =C12-152000 -> 53455 | F12: =D12/$D$2 -> -58.48248 | G12: 37 | H12: 0.14 | I12: =G12+H12 -> 37.14 | J12: =IF(L12>0,L12,0) -> 4.6775195 | K12: =I12+J12 -> 41.81752 | L12: =F12-(I12-AC12) -> 4.6775195 | M12: 4.3 | N12: 0 | O12: 0 | P12: =1.44*1.02 -> 1.4688 | Q12: =2.1*1.04 -> 2.184 | R12: 0 | S12: 71 | T12: 0 | U12: =M12-N12-O12-P12-Q12-R12+S12+T12 -> 71.6472 | AA12: 25 | AB12: =AB10-AA12 -> 3237 | AC12: =N12+O12+P12+Q12+R12+U12+X12+AA12 -> 100.3 | AD12: =IF(L12<0,L12*-1,0) -> 0 | AE12: =AC12+AD12 -> 100.3 | AF12: 0.03 | AG12: 34 | AH12: 2 | AI12: =AI10+(U12*1.9835) -> 6259.7465 | AJ12: 0
A13: =A12+1 -> 2 | B13: 6876.33 | C13: 205368 | D13: =C13-C12 -> -87 | E13: =C13-152000 -> 53368 | F13: =D13/$D$2 -> -43.86186 | G13: 39 | H13: 0.09 | I13: =G13+H13 -> 39.09 | J13: =IF(L13>0,L13,0) -> 6.3481397 | K13: =I13+J13 -> 45.43814 | L13: =F13-(I13-AC13) -> 6.3481397 | M13: 4.3 | N13: 0 | O13: 0 | P13: =1.44*1.02 -> 1.4688 | Q13: =2.4*1.04 -> 2.496 | R13: 0 | S13: 60 | T13: 0 | U13: =M13-N13-O13-P13-Q13-R13+S13+T13 -> 60.3352 | AA13: 25 | AB13: =AB12-AA13 -> 3212 | AC13: =N13+O13+P13+Q13+R13+U13+X13+AA13 -> 89.3 | AD13: =IF(L13<0,L13*-1,0) -> 0 | AE13: =AC13+AD13 -> 89.3 | AF13: 0 | AG13: 37 | AH13: 9 | AI13: =AI12+(U13*1.9835) -> 6379.4214 | AJ13: 0
A14: =A13+1 -> 3 | B14: 6876.3 | C14: 205282 | D14: =C14-C13 -> -86 | E14: =C14-152000 -> 53282 | F14: =D14/$D$2 -> -43.357701 | G14: 42 | H14: 0.05 | I14: =G14+H14 -> 42.05 | J14: =IF(L14>0,L14,0) -> 2.892299 | K14: =I14+J14 -> 44.942299 | L14: =F14-(I14-AC14) -> 2.892299 | M14: 4.3 | N14: 0 | O14: 0 | P14: =1.44*1.02 -> 1.4688 | Q14: =2.36*1.04 -> 2.4544 | R14: 0 | S14: 59 | T14: 0 | U14: =M14-N14-P14-Q14-R14+S14+T14 -> 59.3768 | AA14: 25 | AB14: =AB13-AA14 -> 3187 | AC14: =N14+O14+P14+Q14+R14+U14+X14+AA14 -> 88.3 | AD14: =IF(L14<0,L14*-1,0) -> 0 | AE14: =AC14+AD14 -> 88.3 | AF14: 0 | AG14: 38 | AH14: 10 | AI14: =AI13+(U14*1.9835) -> 6497.1953 | AJ14: 0
A15: =A14+1 -> 4 | B15: 6876.27 | C15: 205195 | D15: =C15-C14 -> -87 | E15: =C15-152000 -> 53195 | F15: =D15/$D$2 -> -43.86186 | G15: 55 | H15: 0.03 | I15: =G15+H15 -> 55.03 | J15: =IF(L15>0,L15,0) -> 0 | K15: =I15+J15 -> 55.03 | L15: =F15-(I15-AC15) -> -10.59186 | M15: 4.3 | N15: 0 | O15: 0 | P15: =1.44*1.02 -> 1.4688 | Q15: =2.08*1.04 -> 2.1632 | R15: 0 | S15: 59 | T15: 0 | U15: =M15-N15-P15-Q15-R15+S15+T15 -> 59.668 | AA15: 25 | AB15: =AB14-AA15 -> 3162 | AC15: =N15+O15+P15+Q15+R15+U15+X15+AA15 -> 88.3 | AD15: =IF(L15<0,L15*-1,0) -> 10.59186 | AE15: =AC15+AD15 -> 98.89186 | AF15: 0.03 | AG15: 44 | AH15: 14 | AI15: =AI14+(U15*1.9835) -> 6615.5468 | AJ15: 0
A16: =A15+1 -> 5 | B16: 6876.3 | C16: 205282 | D16: =C16-C15 -> 87 | E16: =C16-152000 -> 53282 | F16: =D16/$D$2 -> 43.86186 | G16: 61 | H16: 0.04 | I16: =G16+H16 -> 61.04 | J16: =IF(L16>0,L16,0) -> 70.12186 | K16: =I16+J16 -> 131.16186 | L16: =F16-(I16-AC16) -> 70.12186 | M16: 4.3 | N16: 0 | O16: 0 | P16: =1.44*1.02 -> 1.4688 | Q16: =2.34*1.04 -> 2.4336 | R16: 0 | S16: 59 | T16: 0 | U16: =M16-N16-P16-Q16-R16+S16+T16 -> 59.3976 | AA16: 24 | AB16: =AB15-AA16 -> 3138 | AC16: =N16+O16+P16+Q16+R16+U16+X16+AA16 -> 87.3 | AD16: =IF(L16<0,L16*-1,0) -> 0 | AE16: =AC16+AD16 -> 87.3 | AF16: 0.21 | AG16: 32 | AH16: 16 | AI16: =AI15+(U16*1.9835) -> 6733.3619 | AJ16: 0
A17: =A16+1 -> 6 | B17: 6876.34 | C17: 205397 | D17: =C17-C16 -> 115 | E17: =C17-152000 -> 53397 | F17: =D17/$D$2 -> 57.978321 | G17: 56 | H17: 0.1 | I17: =G17+H17 -> 56.1 | J17: =IF(L17>0,L17,0) -> 81.278321 | K17: =I17+J17 -> 137.37832 | L17: =F17-(I17-AC17) -> 81.278321 | M17: 4.4 | N17: 0 | O17: 0 | P17: =1.44*1.02 -> 1.4688 | Q17: =2.4*1.04 -> 2.496 | R17: 0 | S17: 51 | T17: 0 | U17: =M17-N17-P17-Q17-R17+S17+T17 -> 51.4352 | AA17: 24 | AB17: =AB16-AA17 -> 3114 | AC17: =N17+O17+P17+Q17+R17+U17+X17+AA17 -> 79.4 | AD17: =IF(L17<0,L17*-1,0) -> 0 | AE17: =AC17+AD17 -> 79.4 | AF17: 0 | AG17: 32 | AH17: 18 | AI17: =AI16+(U17*1.9835) -> 6835.3836 | AJ17: 0
A18: =A17+1 -> 7 | B18: 6876.33 | C18: 205368 | D18: =C18-C17 -> -29 | E18: =C18-152000 -> 53368 | F18: =D18/$D$2 -> -14.62062 | G18: 55 | H18: 0.18 | I18: =G18+H18 -> 55.18 | J18: =IF(L18>0,L18,0) -> 3.7993799 | K18: =I18+J18 -> 58.97938 | L18: =F18-(I18-AC18) -> 3.7993799 | M18: 4.6 | N18: 0 | O18: 0 | P18: =1.44*1.02 -> 1.4688 | Q18: =2.34*1.04 -> 2.4336 | R18: 0 | S18: 45 | T18: 0 | U18: =M18-N18-P18-Q18-R18+S18+T18 -> 45.6976 | AA18: 24 | AB18: =AB17-AA18 -> 3090 | AC18: =N18+O18+P18+Q18+R18+U18+X18+AA18 -> 73.6 | AD18: =IF(L18<0,L18*-1,0) -> 0 | AE18: =AC18+AD18 -> 73.6 | AF18: 0 | AG18: 31 | AH18: 23 | AI18: =AI17+(U18*1.9835) -> 6926.0248 | AJ18: 0
A19: =A18+1 -> 8 | B19: 6876.37 | C19: 205484 | D19: =C19-C18 -> 116 | E19: =C19-152000 -> 53484 | F19: =D19/$D$2 -> 58.48248 | G19: 57 | H19: 0.41 | I19: =G19+H19 -> 57.41 | J19: =IF(L19>0,L19,0) -> 76.67248 | K19: =I19+J19 -> 134.08248 | L19: =F19-(I19-AC19) -> 76.67248 | M19: 4.6 | N19: 0 | O19: 0 | P19: =1.44*1.02 -> 1.4688 | Q19: =2.31*1.04 -> 2.4024 | R19: 0 | S19: 47 | T19: 0 | U19: =M19-N19-P19-Q19-R19+S19+T19 -> 47.7288 | AA19: 24 | AB19: =AB18-AA19 -> 3066 | AC19: =N19+O19+P19+Q19+R19+U19+X19+AA19 -> 75.6 | AD19: =IF(L19<0,L19*-1,0) -> 0 | AE19: =AC19+AD19 -> 75.6 | AF19: 0.04 | AG19: 35 | AH19: 25 | AI19: =AI18+(U19*1.9835) -> 7020.6949 | AJ19: 0
A20: =A19+1 -> 9 | B20: 6876.41 | C20: 205599 | D20: =C20-C19 -> 115 | E20: =C20-152000 -> 53599 | F20: =D20/$D$2 -> 57.978321 | G20: 51 | H20: 0.43 | I20: =G20+H20 -> 51.43 | J20: =IF(L20>0,L20,0) -> 85.148321 | K20: =I20+J20 -> 136.57832 | L20: =F20-(I20-AC20) -> 85.148321 | M20: 4.6 | N20: 0 | O20: 0 | P20: =1.44*1.02 -> 1.4688 | Q20: =2.4*1.04 -> 2.496 | R20: 0 | S20: 51 | T20: 0 | U20: =M20-N20-P20-Q20-R20+S20+T20 -> 51.6352 | AA20: 23 | AB20: =AB19-AA20 -> 3043 | AC20: =N20+O20+P20+Q20+R20+U20+X20+AA20 -> 78.6 | AD20: =IF(L20<0,L20*-1,0) -> 0 | AE20: =AC20+AD20 -> 78.6 | AF20: 0 | AG20: 42 | AH20: 27 | AI20: =AI19+(U20*1.9835) -> 7123.1133 | AJ20: 0
A21: =A20+1 -> 10 | B21: 6876.4 | C21: 205571 | D21: =C21-C20 -> -28 | E21: =C21-152000 -> 53571 | F21: =D21/$D$2 -> -14.116461 | G21: 53 | H21: 0.05 | I21: =G21+H21 -> 53.05 | J21: =IF(L21>0,L21,0) -> 11.433539 | K21: =I21+J21 -> 64.483539 | L21: =F21-(I21-AC21) -> 11.433539 | M21: 4.6 | N21: 0 | O21: 0 | P21: =1.44*1.02 -> 1.4688 | Q21: =2.03*1.04 -> 2.1112 | R21: 0 | S21: 51 | T21: 0 | U21: =M21-N21-P21-Q21-R21+S21+T21 -> 52.02 | AA21: 23 | AB21: =AB20-AA21 -> 3020 | AC21: =N21+O21+P21+Q21+R21+U21+X21+AA21 -> 78.6 | AD21: =IF(L21<0,L21*-1,0) -> 0 | AE21: =AC21+AD21 -> 78.6 | AF21: 0 | AG21: 51 | AH21: 27 | AI21: =AI20+(U21*1.9835) -> 7226.295 | AJ21: 0
A22: =A21+1 -> 11 | B22: 6876.39 | C22: 205542 | D22: =C22-C21 -> -29 | E22: =C22-152000 -> 53542 | F22: =D22/$D$2 -> -14.62062 | G22: 58 | H22: 0.73 | I22: =G22+H22 -> 58.73 | J22: =IF(L22>0,L22,0) -> 5.2493799 | K22: =I22+J22 -> 63.97938 | L22: =F22-(I22-AC22) -> 5.2493799 | M22: 4.6 | N22: 0 | O22: 0 | P22: =1.44*1.02 -> 1.4688 | Q22: =2.15*1.04 -> 2.236 | R22: 0 | S22: 51 | T22: 0 | U22: =M22-N22-P22-Q22-R22+S22+T22 -> 51.8952 | AA22: 23 | AB22: =AB21-AA22 -> 2997 | AC22: =N22+O22+P22+Q22+R22+U22+X22+AA22 -> 78.6 | AD22: =IF(L22<0,L22*-1,0) -> 0 | AE22: =AC22+AD22 -> 78.6 | AF22: 0 | AG22: 52 | AH22: 26 | AI22: =AI21+(U22*1.9835) -> 7329.2291 | AJ22: 0
A23: =A22+1 -> 12 | B23: 6876.38 | C23: 205513 | D23: =C23-C22 -> -29 | E23: =C23-152000 -> 53513 | F23: =D23/$D$2 -> -14.62062 | G23: 64 | H23: 0.8 | I23: =G23+H23 -> 64.8 | J23: =IF(L23>0,L23,0) -> 0 | K23: =I23+J23 -> 64.8 | L23: =F23-(I23-AC23) -> -0.82062012 | M23: 4.6 | N23: 0 | O23: 0 | P23: =1.44*1.02 -> 1.4688 | Q23: =2.12*1.04 -> 2.2048 | R23: 0 | S23: 51 | T23: 0 | U23: =M23-N23-P23-Q23-R23+S23+T23 -> 51.9264 | AA23: 23 | AB23: =AB22-AA23 -> 2974 | AC23: =N23+O23+P23+Q23+R23+U23+X23+AA23 -> 78.6 | AD23: =IF(L23<0,L23*-1,0) -> 0.82062012 | AE23: =AC23+AD23 -> 79.42062 | AF23: 0 | AG23: 53 | AH23: 25 | AI23: =AI22+(U23*1.9835) -> 7432.2251 | AJ23: 0
A24: =A23+1 -> 13 | B24: 6876.37 | C24: 205484 | D24: =C24-C23 -> -29 | E24: =C24-152000 -> 53484 | F24: =D24/$D$2 -> -14.62062 | G24: 64 | H24: 0.79 | I24: =G24+H24 -> 64.79 | J24: =IF(L24>0,L24,0) -> 0.18937988 | K24: =I24+J24 -> 64.97938 | L24: =F24-(I24-AC24) -> 0.18937988 | M24: 4.6 | N24: 0 | O24: 0 | P24: =1.44*1.02 -> 1.4688 | Q24: =2*1.04 -> 2.08 | R24: 0 | S24: 51 | T24: 0 | U24: =M24-N24-P24-Q24-R24+S24+T24 -> 52.0512 | AA24: 24 | AB24: =AB23-AA24 -> 2950 | AC24: =N24+O24+P24+Q24+R24+U24+X24+AA24 -> 79.6 | AD24: =IF(L24<0,L24*-1,0) -> 0 | AE24: =AC24+AD24 -> 79.6 | AF24: 0 | AG24: 49 | AH24: 24 | AI24: =AI23+(U24*1.9835) -> 7535.4687 | AJ24: 0
A25: =A24+1 -> 14 | B25: 6876.36 | C25: 205455 | D25: =C25-C24 -> -29 | E25: =C25-152000 -> 53455 | F25: =D25/$D$2 -> -14.62062 | G25: 55 | H25: 0.77 | I25: =G25+H25 -> 55.77 | J25: =IF(L25>0,L25,0) -> 10.20938 | K25: =I25+J25 -> 65.97938 | L25: =F25-(I25-AC25) -> 10.20938 | M25: 4.6 | N25: 0 | O25: 0 | P25: =1.44*1.02 -> 1.4688 | Q25: =2.5*1.04 -> 2.6 | R25: 0 | S25: 51 | T25: 0 | U25: =M25-N25-P25-Q25-R25+S25+T25 -> 51.5312 | AA25: 25 | AB25: =AB24-AA25 -> 2925 | AC25: =N25+O25+P25+Q25+R25+U25+X25+AA25 -> 80.6 | AD25: =IF(L25<0,L25*-1,0) -> 0 | AE25: =AC25+AD25 -> 80.6 | AF25: 0 | AG25: 47 | AH25: 24 | AI25: =AI24+(U25*1.9835) -> 7637.6808 | AJ25: 0
A26: =A25+1 -> 15 | B26: 6876.36 | C26: 205455 | D26: =C26-C25 -> 0 | E26: =C26-152000 -> 53455 | F26: =D26/$D$2 -> 0 | G26: 55 | H26: 0.77 | I26: =G26+H26 -> 55.77 | J26: =IF(L26>0,L26,0) -> 24.13 | K26: =I26+J26 -> 79.9 | L26: =F26-(I26-AC26) -> 24.13 | M26: 4.9 | N26: 0 | O26: 0 | P26: =1.44*1.02 -> 1.4688 | Q26: =2.05*1.04 -> 2.132 | R26: 0 | S26: 51 | T26: 0 | U26: =M26-N26-P26-Q26-R26+S26+T26 -> 52.2992 | AA26: 24 | AB26: =AB25-AA26 -> 2901 | AC26: =N26+O26+P26+Q26+R26+U26+X26+AA26 -> 79.9 | AD26: =IF(L26<0,L26*-1,0) -> 0 | AE26: =AC26+AD26 -> 79.9 | AF26: 0 | AG26: 45 | AH26: 22 | AI26: =AI25+(U26*1.9835) -> 7741.4163 | AJ26: 0
A27: =A26+1 -> 16 | B27: 6876.36 | C27: 205455 | D27: =C27-C26 -> 0 | E27: =C27-152000 -> 53455 | F27: =D27/$D$2 -> 0 | G27: 45 | H27: 0.76 | I27: =G27+H27 -> 45.76 | J27: =IF(L27>0,L27,0) -> 35.44 | K27: =I27+J27 -> 81.2 | L27: =F27-(I27-AC27) -> 35.44 | M27: 5.2 | N27: 0 | O27: 0 | P27: =1.44*1.02 -> 1.4688 | Q27: =2.2*1.04 -> 2.288 | R27: 0 | S27: 51 | T27: 0 | U27: =M27-N27-P27-Q27-R27+S27+T27 -> 52.4432 | AA27: 25 | AB27: =AB26-AA27 -> 2876 | AC27: =N27+O27+P27+Q27+R27+U27+X27+AA27 -> 81.2 | AD27: =IF(L27<0,L27*-1,0) -> 0 | AE27: =AC27+AD27 -> 81.2 | AF27: 0 | AG27: 42 | AH27: 24 | AI27: =AI26+(U27*1.9835) -> 7845.4374 | AJ27: 0
A28: =A27+1 -> 17 | B28: 6876.35 | C28: 205426 | D28: =C28-C27 -> -29 | E28: =C28-152000 -> 53426 | F28: =D28/$D$2 -> -14.62062 | G28: 51 | H28: 0.68 | I28: =G28+H28 -> 51.68 | J28: =IF(L28>0,L28,0) -> 14.59938 | K28: =I28+J28 -> 66.27938 | L28: =F28-(I28-AC28) -> 14.59938 | M28: 4.9 | N28: 0 | O28: 0 | P28: =1.44*1.02 -> 1.4688 | Q28: =2.36*1.04 -> 2.4544 | R28: 0 | S28: 51 | T28: 0 | U28: =M28-N28-P28-Q28-R28+S28+T28 -> 51.9768 | AA28: 25 | AB28: =AB27-AA28 -> 2851 | AC28: =N28+O28+P28+Q28+R28+U28+X28+AA28 -> 80.9 | AD28: =IF(L28<0,L28*-1,0) -> 0 | AE28: =AC28+AD28 -> 80.9 | AF28: 0 | AG28: 41 | AH28: 19 | AI28: =AI27+(U28*1.9835) -> 7948.5334 | AJ28: 0
A29: =A28+1 -> 18 | B29: 6876.34 | C29: 205397 | D29: =C29-C28 -> -29 | E29: =C29-152000 -> 53397 | F29: =D29/$D$2 -> -14.62062 | G29: 45 | H29: 0.58 | I29: =G29+H29 -> 45.58 | J29: =IF(L29>0,L29,0) -> 20.69938 | K29: =I29+J29 -> 66.27938 | L29: =F29-(I29-AC29) -> 20.69938 | M29: 4.9 | N29: 0 | O29: 0 | P29: =1.44*1.02 -> 1.4688 | Q29: =2.27*1.04 -> 2.3608 | R29: 0 | S29: 51 | T29: 0 | U29: =M29-N29-P29-Q29-R29+S29+T29 -> 52.0704 | AA29: 25 | AB29: =AB28-AA29 -> 2826 | AC29: =N29+O29+P29+Q29+R29+U29+X29+AA29 -> 80.9 | AD29: =IF(L29<0,L29*-1,0) -> 0 | AE29: =AC29+AD29 -> 80.9 | AF29: 0 | AG29: 46 | AH29: 24 | AI29: =AI28+(U29*1.9835) -> 8051.815 | AJ29: 0
A30: =A29+1 -> 19 | B30: 6876.33 | C30: 205368 | D30: =C30-C29 -> -29 | E30: =C30-152000 -> 53368 | F30: =D30/$D$2 -> -14.62062 | G30: 45 | H30: 0.51 | I30: =G30+H30 -> 45.51 | J30: =IF(L30>0,L30,0) -> 20.76938 | K30: =I30+J30 -> 66.27938 | L30: =F30-(I30-AC30) -> 20.76938 | M30: 4.9 | N30: 0 | O30: 0 | P30: =1.44*1.02 -> 1.4688 | Q30: =2.18*1.04 -> 2.2672 | R30: 0 | S30: 51 | T30: 0 | U30: =M30-N30-P30-Q30-R30+S30+T30 -> 52.164 | AA30: 25 | AB30: =AB29-AA30 -> 2801 | AC30: =N30+O30+P30+Q30+R30+U30+X30+AA30 -> 80.9 | AD30: =IF(L30<0,L30*-1,0) -> 0 | AE30: =AC30+AD30 -> 80.9 | AF30: 0 | AG30: 48 | AH30: 22 | AI30: =AI29+(U30*1.9835) -> 8155.2823 | AJ30: 0
A31: =A30+1 -> 20 | B31: 6876.31 | C31: 205311 | D31: =C31-C30 -> -57 | E31: =C31-152000 -> 53311 | F31: =D31/$D$2 -> -28.737081 | G31: 50 | H31: 0.44 | I31: =G31+H31 -> 50.44 | J31: =IF(L31>0,L31,0) -> 1.7229191 | K31: =I31+J31 -> 52.162919 | L31: =F31-(I31-AC31) -> 1.7229191 | M31: 4.9 | N31: 0 | O31: 0 | P31: =1.44*1.02 -> 1.4688 | Q31: =2.39*1.04 -> 2.4856 | R31: 0 | S31: 51 | T31: 0 | U31: =M31-N31-P31-Q31-R31+S31+T31 -> 51.9456 | AA31: 25 | AB31: =AB30-AA31 -> 2776 | AC31: =N31+O31+P31+Q31+R31+U31+X31+AA31 -> 80.9 | AD31: =IF(L31<0,L31*-1,0) -> 0 | AE31: =AC31+AD31 -> 80.9 | AF31: 0 | AG31: 48 | AH31: 22 | AI31: =AI30+(U31*1.9835) -> 8258.3164 | AJ31: 0
A32: =A31+1 -> 21 | B32: 6876.28 | C32: 205224 | D32: =C32-C31 -> -87 | E32: =C32-152000 -> 53224 | F32: =D32/$D$2 -> -43.86186 | G32: 44 | H32: 0.43 | I32: =G32+H32 -> 44.43 | J32: =IF(L32>0,L32,0) -> 0 | K32: =I32+J32 -> 44.43 | L32: =F32-(I32-AC32) -> -1.4918603 | M32: 4.8 | N32: 0 | O32: 0 | P32: =1.44*1.02 -> 1.4688 | Q32: =2.18*1.04 -> 2.2672 | R32: 0 | S32: 57 | T32: 0 | U32: =M32-N32-P32-Q32-R32+S32+T32 -> 58.064 | AA32: 25 | AB32: =AB31-AA32 -> 2751 | AC32: =N32+O32+P32+Q32+R32+U32+X32+AA32 -> 86.8 | AD32: =IF(L32<0,L32*-1,0) -> 1.4918603 | AE32: =AC32+AD32 -> 88.29186 | AF32: 0 | AG32: 41 | AH32: 20 | AI32: =AI31+(U32*1.9835) -> 8373.4863 | AJ32: 0
A33: =A32+1 -> 22 | B33: 6876.26 | C33: 205166 | D33: =C33-C32 -> -58 | E33: =C33-152000 -> 53166 | F33: =D33/$D$2 -> -29.24124 | G33: 24 | H33: 0.34 | I33: =G33+H33 -> 24.34 | J33: =IF(L33>0,L33,0) -> 36.01876 | K33: =I33+J33 -> 60.35876 | L33: =F33-(I33-AC33) -> 36.01876 | M33: 4.6 | N33: 0 | O33: 0 | P33: =1.44*1.02 -> 1.4688 | Q33: =2.27*1.04 -> 2.3608 | R33: 0 | S33: 60 | T33: 0 | U33: =M33-N33-O33-P33-Q33-R33+S33+T33 -> 60.7704 | AA33: 25 | AB33: =AB32-AA33 -> 2726 | AC33: =N33+O33+P33+Q33+R33+U33+X33+AA33 -> 89.6 | AD33: =IF(L33<0,L33*-1,0) -> 0 | AE33: =AC33+AD33 -> 89.6 | AF33: 0 | AG33: 32 | AH33: 14 | AI33: =AI32+(U33*1.9835) -> 8494.0244 | AJ33: 0
A34: =A33+1 -> 23 | B34: 6876.23 | C34: 205080 | D34: =C34-C33 -> -86 | E34: =C34-152000 -> 53080 | F34: =D34/$D$2 -> -43.357701 | G34: 14 | H34: 0.34 | I34: =G34+H34 -> 14.34 | J34: =IF(L34>0,L34,0) -> 31.902299 | K34: =I34+J34 -> 46.242299 | L34: =F34-(I34-AC34) -> 31.902299 | M34: 4.6 | N34: 0 | O34: 0 | P34: =1.44*1.02 -> 1.4688 | Q34: =2.35*1.04 -> 2.444 | R34: 0 | S34: 60 | T34: 0 | U34: =M34-N34-O34-P34-Q34-R34+S34+T34 -> 60.6872 | AA34: 25 | AB34: =AB33-AA34 -> 2701 | AC34: =N34+O34+P34+Q34+R34+U34+X34+AA34 -> 89.6 | AD34: =IF(L34<0,L34*-1,0) -> 0 | AE34: =AC34+AD34 -> 89.6 | AF34: 0 | AG34: 26 | AH34: 7 | AI34: =AI33+(U34*1.9835) -> 8614.3975 | AJ34: 0
A35: =A34+1 -> 24 | B35: 6876.2 | C35: 204993 | D35: =C35-C34 -> -87 | E35: =C35-152000 -> 52993 | F35: =D35/$D$2 -> -43.86186 | G35: 22 | H35: 0.34 | I35: =G35+H35 -> 22.34 | J35: =IF(L35>0,L35,0) -> 23.69814 | K35: =I35+J35 -> 46.03814 | L35: =F35-(I35-AC35) -> 23.69814 | M35: 4.9 | N35: 0 | O35: 0 | P35: =1.44*1.02 -> 1.4688 | Q35: =1.99*1.04 -> 2.0696 | R35: 0 | S35: 60 | T35: 0 | U35: =M35-N35-O35-P35-Q35-R35+S35+T35 -> 61.3616 | AA35: 25 | AB35: =AB34-AA35 -> 2676 | AC35: =N35+O35+P35+Q35+R35+U35+X35+AA35 -> 89.9 | AD35: =IF(L35<0,L35*-1,0) -> 0 | AE35: =AC35+AD35 -> 89.9 | AF35: 0 | AG35: 33 | AH35: 6 | AI35: =AI34+(U35*1.9835) -> 8736.1082 | AJ35: 0
A36: =A35+1 -> 25 | B36: 6876.17 | C36: 204906 | D36: =C36-C35 -> -87 | E36: =C36-152000 -> 52906 | F36: =D36/$D$2 -> -43.86186 | G36: 30 | H36: 0.18 | I36: =G36+H36 -> 30.18 | J36: =IF(L36>0,L36,0) -> 15.85814 | K36: =I36+J36 -> 46.03814 | L36: =F36-(I36-AC36) -> 15.85814 | M36: 4.9 | N36: 0 | O36: 0 | P36: =1.44*1.02 -> 1.4688 | Q36: =2.38*1.04 -> 2.4752 | R36: 0 | S36: 60 | T36: 0 | U36: =M36-N36-O36-P36-Q36-R36+S36+T36 -> 60.956 | AA36: 25 | AB36: =AB35-AA36 -> 2651 | AC36: =N36+O36+P36+Q36+R36+U36+X36+AA36 -> 89.9 | AD36: =IF(L36<0,L36*-1,0) -> 0 | AE36: =AC36+AD36 -> 89.9 | AF36: 0 | AG36: 43 | AH36: 6 | AI36: =AI35+(U36*1.9835) -> 8857.0144 | AJ36: 0
A37: =A36+1 -> 26 | B37: 6876.13 | C37: 204791 | D37: =C37-C36 -> -115 | E37: =C37-152000 -> 52791 | F37: =D37/$D$2 -> -57.978321 | G37: 36 | H37: 0.09 | I37: =G37+H37 -> 36.09 | J37: =IF(L37>0,L37,0) -> 0 | K37: =I37+J37 -> 36.09 | L37: =F37-(I37-AC37) -> -3.9683211 | M37: 5.1 | N37: 0 | O37: 0 | P37: =1.44*1.02 -> 1.4688 | Q37: =2.08*1.04 -> 2.1632 | R37: 0 | S37: 60 | T37: 0 | U37: =M37-N37-O37-P37-Q37-R37+S37+T37 -> 61.468 | AA37: 25 | AB37: =AB36-AA37 -> 2626 | AC37: =N37+O37+P37+Q37+R37+U37+X37+AA37 -> 90.1 | AD37: =IF(L37<0,L37*-1,0) -> 3.9683211 | AE37: =AC37+AD37 -> 94.068321 | AF37: 0 | AG37: 51 | AH37: 20 | AI37: =AI36+(U37*1.9835) -> 8978.9362 | AJ37: 0
A38: =A37+1 -> 27 | B38: 6876.12 | C38: 204762 | D38: =C38-C37 -> -29 | E38: =C38-152000 -> 52762 | F38: =D38/$D$2 -> -14.62062 | G38: 42 | H38: 0.05 | I38: =G38+H38 -> 42.05 | J38: =IF(L38>0,L38,0) -> 33.52938 | K38: =I38+J38 -> 75.57938 | L38: =F38-(I38-AC38) -> 33.52938 | M38: 5.2 | N38: 0 | O38: 0 | P38: =1.44*1.02 -> 1.4688 | Q38: =1.93*1.04 -> 2.0072 | R38: 0 | S38: 60 | T38: 0 | U38: =M38-N38-O38-P38-Q38-R38+S38+T38 -> 61.724 | AA38: 25 | AB38: =AB37-AA38 -> 2601 | AC38: =N38+O38+P38+Q38+R38+U38+X38+AA38 -> 90.2 | AD38: =IF(L38<0,L38*-1,0) -> 0 | AE38: =AC38+AD38 -> 90.2 | AF38: 0 | AG38: 50 | AH38: 28 | AI38: =AI37+(U38*1.9835) -> 9101.3658 | AJ38: 0
A39: =A38+1 -> 28 | B39: 6876.11 | C39: 204733 | D39: =C39-C38 -> -29 | E39: =C39-152000 -> 52733 | F39: =D39/$D$2 -> -14.62062 | G39: 64 | H39: 0.1 | I39: =G39+H39 -> 64.1 | J39: =IF(L39>0,L39,0) -> 11.27938 | K39: =I39+J39 -> 75.37938 | L39: =F39-(I39-AC39) -> 11.27938 | M39: 5 | N39: 0 | O39: 0 | P39: =1.44*1.02 -> 1.4688 | Q39: =2.14*1.04 -> 2.2256 | R39: 0 | S39: 60 | T39: 0 | U39: =M39-N39-O39-P39-Q39-R39+S39+T39 -> 61.3056 | AA39: 25 | AB39: =AB38-AA39 -> 2576 | AC39: =N39+O39+P39+Q39+R39+U39+X39+AA39 -> 90 | AD39: =IF(L39<0,L39*-1,0) -> 0 | AE39: =AC39+AD39 -> 90 | AF39: 0.02 | AG39: 51 | AH39: 28 | AI39: =AI38+(U39*1.9835) -> 9222.9654 | AJ39: 0
A40: =A39+1 -> 29 | B40: 6876.18 | C40: 204935 | D40: =C40-C39 -> 202 | E40: =C40-152000 -> 52935 | F40: =D40/$D$2 -> 101.84018 | G40: 98 | H40: 0.43 | I40: =G40+H40 -> 98.43 | J40: =IF(L40>0,L40,0) -> 94.010181 | K40: =I40+J40 -> 192.44018 | L40: =F40-(I40-AC40) -> 94.010181 | M40: 4.6 | N40: 0 | O40: 0 | P40: =1.44*1.02 -> 1.4688 | Q40: =2.39*1.04 -> 2.4856 | R40: 0 | S40: 60 | T40: 0 | U40: =M40-N40-O40-P40-Q40-R40+S40+T40 -> 60.6456 | AA40: 26 | AB40: =AB39-AA40 -> 2550 | AC40: =N40+O40+P40+Q40+R40+U40+X40+AA40 -> 90.6 | AD40: =IF(L40<0,L40*-1,0) -> 0 | AE40: =AC40+AD40 -> 90.6 | AF40: 0.58 | AG40: 46 | AH40: 32 | AI40: =AI39+(U40*1.9835) -> 9343.256 | AJ40: 0
A41: 30 | B41: 6876.21 | C41: 205022 | D41: =C41-C40 -> 87 | E41: =C41-152000 -> 53022 | F41: =D41/$D$2 -> 43.86186 | G41: 76 | H41: 0.98 | I41: =G41+H41 -> 76.98 | J41: =IF(L41>0,L41,0) -> 56.48186 | K41: =I41+J41 -> 133.46186 | L41: =F41-(I41-AC41) -> 56.48186 | M41: 4.6 | N41: 0 | O41: 0 | P41: =1.44*1.02 -> 1.4688 | Q41: =2.51*1.04 -> 2.6104 | R41: 0 | S41: 60 | T41: 0 | U41: =M41-N41-O41-P41-Q41-R41+S41+T41 -> 60.5208 | AA41: 25 | AB41: =AB40-AA41 -> 2525 | AC41: =N41+O41+P41+Q41+R41+U41+X41+AA41 -> 89.6 | AD41: =IF(L41<0,L41*-1,0) -> 0 | AE41: =AC41+AD41 -> 89.6 | AF41: 0 | AG41: 42 | AH41: 29 | AI41: =AI40+(U41*1.9835) -> 9463.299 | AJ41: 0
A42: 31 | B42: 6876.25 | C42: 205137 | D42: =C42-C41 -> 115 | E42: =C42-152000 -> 53137 | F42: =D42/$D$2 -> 57.978321 | G42: 64 | H42: 0.78 | I42: =G42+H42 -> 64.78 | J42: =IF(L42>0,L42,0) -> 82.998321 | K42: =I42+J42 -> 147.77832 | L42: =F42-(I42-AC42) -> 82.998321 | M42: 4.8 | N42: 0 | O42: 0 | P42: =1.44*1.02 -> 1.4688 | Q42: =2.41*1.04 -> 2.5064 | R42: 0 | S42: 60 | T42: 0 | U42: =M42-N42-O42-P42-Q42-R42+S42+T42 -> 60.8248 | AA42: 25 | AB42: =AB41-AA42 -> 2500 | AC42: =N42+O42+P42+Q42+R42+U42+X42+AA42 -> 89.8 | AD42: =IF(L42<0,L42*-1,0) -> 0 | AE42: =AC42+AD42 -> 89.8 | AF42: 0 | AG42: 45 | AH42: 32 | AI42: =AI41+(U42*1.9835) -> 9583.945 | AJ42: 0
U43: =M43-N43-O43-P43-Q43-R43+S43+T43 -> 0 | AC43: =N43+O43+P43+Q43+R43+U43+X43+AA43 -> 0
A44: MONTH / CFS | F44: =SUM(F12:F42) -> -218.80514 | G44: =SUM(G12:G42) -> 1552 | H44: =SUM(H12:H42) -> 12.41 | I44: =SUM(I12:I42) -> 1564.41 | J44: =SUM(J12:J42) -> 861.15752 | K44: =SUM(K12:K42) -> 2425.5675 | L44: =SUM(L12:L42) -> 844.28486 | M44: =SUM(M12:M43) -> 145.5 | N44: =SUM(N12:N42) -> 0 | O44: =SUM(O12:O42) -> 0 | P44: =SUM(P12:P42) -> 45.5328 | Q44: =SUM(Q12:Q42) -> 72.3944 | R44: =SUM(R12:R42) -> 0 | S44: =SUM(S12:S43) -> 1720 | T44: =SUM(T12:T42) -> 0 | U44: =SUM(U12:U43) -> 1747.5728 | AA44: =SUM(AA12:AA42) -> 762 | AC44: =SUM(AC12:AC43) -> 2627.5 | AD44: =SUM(AD12:AD42) -> 16.872662 | AE44: =SUM(AE12:AE42) -> 2644.3727 | AF44: =SUM(AF12:AF42) -> 0.91 | AG44: =AVERAGE(AG12:AG42) -> 42.16129 | AH44: =AVERAGE(AH12:AH42) -> 20.16129 | AI44: Avg | AJ44: =SUM(AJ12:AJ42) -> 0
A45: MONTH / AF | D45: =SUM(D12:D42) -> -434 | F45: =F44*$D$2 -> -434 | G45: =G44*$D$2 -> 3078.392 | H45: =H44*$D$2 -> 24.615235 | I45: =I44*$D$2 -> 3103.0072 | J45: =J44*$D$2 -> 1708.1059 | K45: =K44*$D$2 -> 4811.1132 | L45: =L44*$D$2 -> 1674.639 | M45: =M44*$D$2 -> 288.59925 | ... U45: =U44*$D$2 -> 3466.3106 | AA45: =AA44*$D$2 -> 1511.427 | AC45: =AC44*$D$2 -> 5211.6462 | AD45: =AD44*$D$2 -> 33.466925 | AE45: =AE44*$D$2 -> 5245.1132 | AG45: =MAX(AG12:AG42) -> 53 | AH45: =MAX(AH12:AH42) -> 32 | AI45: HI | AJ45: =AJ44*$D$2 -> 0
A47: SEASON / CFS | AG47: =MIN(AG12:AG42) -> 26 | AH47: =MIN(AH12:AH42) -> 2 | AI47: LO
A48: SEASON / AF
A50: YTD / CFS | F50: =F10+F44 -> -1063.272 | G50: =G10+G44 -> 4820 | H50: =H10+H44 -> 18.74 | I50: =I10+I44 -> 4838.74 | J50: =J10+J44 -> 1443.9912 | K50: =K10+K44 -> 6282.7312 | L50: =L10+L44 -> 938.48801 | M50: =M10+M44 -> 363.7 | N50: =N10+N44 -> 0 | O50: 0 | P50: =P10+P44 -> 86.2308 | Q50: =Q10+Q44 -> 144.8824 | R50: =R10+R44 -> 0 | S50: =S10+S44 -> 4892 | T50: =T10+T44 -> 33.8 | U50: =U10+U44 -> 5058.3868 | AA50: =AA10+AA44 -> 1551 | AB50: =AB42 -> 2500 | AC50: =AC10+AC44 -> 6840.5 | AD50: =AD10+AD44 -> 505.50323 | AE50: =AE10+AE44 -> 7346.0032 | AF50: =AF10+AF44 -> 2.99 | AJ50: =AJ10+AJ44 -> 517.4192
A51: YTD / AF | D51: =D10+D45 -> -2109 | E51: =E42 -> 53137 | F51: =F50*$D$2 -> -2109 | G51: =G50*$D$2 -> 9560.47 | H51: =H50*$D$2 -> 37.17079 | I51: =I50*$D$2 -> 9597.6408 | J51: =J50*$D$2 -> 2864.1566 | K51: =K50*$D$2 -> 12461.797 | L51: =L50*$D$2 -> 1861.491 | M51: =M50*$D$2 -> 721.39895 | ... U51: =U50*$D$2 -> 10033.31 | AA51: =AA50*$D$2 -> 3076.4085 | AB51: =AB50*$D$2 -> 4958.75 | AC51: =AC50*$D$2 -> 13568.132 | AD51: =AD50*$D$2 -> 1002.6657 | AE51: =AE50*$D$2 -> 14570.797 | AI51: =AI42 -> 9583.945 | AJ51: =AJ50*$D$2 -> 1026.301

Sheet JAN
K1: MCPHEE RESERVOIR INFLOW/OUTFLOW TABULATION
A2: AF/cfs CONVERT FACTOR | D2: 1.9835 | K2: JANUARY "2005"
D4: RESERVOIR | S4: INFLOW/OUTFLOW (CFS) | AG4: WEATHER | AK4: ADJUSTMENTS
A5: DATE | B5: RESERV | C5: RESERV | D5: AC FT | E5: ACTIVE | F5: CONV TO | G5: DOLORES | H5: LOST | I5: RECORD | J5: CALC | K5: TOTAL | L5: CALC | M5: DOLORES TUNNEL | S5: LONE | T5: U | U5: TOTAL | V5: MVI | W5: MVI | X5: DV CR | Y5: D/S SENIOR | AA5: BELOW | AB5: FISH | AC5: RECORD | AD5: CALC | AE5: TOTAL | AF5: RAIN | AG5: MAX | AH5: MIN | AI5: NAR | AJ5: MVI | AK5: MVI | AL5: MVI | AM5: U/S | AN5: TOTTEN
A6: JAN | B6: ELEV | C6: AC FT | D6: CHANGE | E6: CAP | F6: CFS | G6: RIVER | H6: CAN | I6: INFLOW | J6: INFLOW | K6: INFLOW | L6: INF/OTF | M6: TOT DIV | N6: WET | O6: UTE | P6: MWC | Q6: CTZ | R6: CTZ & | S6: PINE | T6: LAT | U6: MVI | V6: CALL | W6: PROJ & | X6: CANAL | AA6: MCP | AB6: LEFT | AC6: OTF | AD6: OTF | AE6: OTF | AG6: TMP | AH6: TMP | AI6: CALL | AJ6: STOCK | AK6: STORED | AL6: STORED | AM6: USERS | AN6: (FRESH
E7: AC FT | N7: LAND | O7: F&R | R7: UTE | W7: TO EX & | AI7: AC.FT. | AJ7: AC.FT. | AK7: Apr-Jun | AL7: EVAP | AM7: EXCH | AN7: WATER)
N8: 1.03 | O8: 1.05 | P8: 1.02 | Q8: 1.04 | R8: PROJ | W8: U/S EX | AL8: AC.FT.
A9: SEASON BAL
A10: YTD | B10: =DEC!B42 -> 6876.25 | C10: =DEC!C42 -> 205137 | D10: =DEC!D51 -> -2109 | E10: =DEC!E51 -> 53137 | F10: =DEC!F50 -> -1063.272 | G10: =DEC!G50 -> 4820 | H10: =DEC!H50 -> 18.74 | I10: =DEC!I50 -> 4838.74 | J10: =DEC!J50 -> 1443.9912 | K10: =DEC!K50 -> 6282.7312 | L10: =DEC!L50 -> 938.48801 | M10: =DEC!M50 -> 363.7 | ... U10: =DEC!U50 -> 5058.3868 | AA10: =DEC!AA50 -> 1551 | AB10: =DEC!AB50 -> 2500 | AC10: =DEC!AC50 -> 6840.5 | AD10: =DEC!AD50 -> 505.50323 | AE10: =DEC!AE50 -> 7346.0032 | AF10: =DEC!AF50 -> 2.99 | AI10: =DEC!AI51 -> 9583.945
A12: 1 | B12: 6876.26 | C12: 205166 | D12: =C12-C10 -> 29 | E12: =C12-152000 -> 53166 | F12: =D12/$D$2 -> 14.62062 | G12: 50 | H12: 1 | I12: =G12+H12 -> 51 | J12: =IF(L12>0,L12,0) -> 53.52062 | K12: =I12+J12 -> 104.52062 | L12: =F12-(I12-AC12) -> 53.52062 | M12: 4.9 | N12: 0 | O12: 0 | P12: =1.55*1.02 -> 1.581 | Q12: =4.2 -> 4.2 | R12: 0.97 | S12: 60 | U12: =M12-N12-O12-P12-Q12-R12+S12+T12 -> 58.149 | AA12: 25 | AB12: =AB10-AA12 -> 2475 | AC12: =N12+O12+P12+Q12+R12+U12+X12+AA12 -> 89.9 | AD12: =IF(L12<0,L12*-1,0) -> 0 | AE12: =AC12+AD12 -> 89.9 | AF12: 0 | AG12: 43 | AH12: 26.25 | AI12: =AI10+(U12*1.9835) -> 9699.2835 | AJ12: 0
A13: =A12+1 -> 2 | B13: 6876.23 | C13: 205080 | D13: =C13-C12 -> -86 | E13: =C13-152000 -> 53080 | F13: =D13/$D$2 -> -43.357701 | G13: 50 | H13: 1.1 | I13: =G13+H13 -> 51.1 | J13: =IF(L13>0,L13,0) -> 0 | K13: =I13+J13 -> 51.1 | L13: =F13-(I13-AC13) -> -4.557701 | M13: 4.9 | N13: 0 | O13: 0 | P13: =1.55*1.02 -> 1.581 | Q13: =2.2*1.04 -> 2.288 | R13: 0 | S13: 60 | U13: =M13-N13-O13-P13-Q13-R13+S13+T13 -> 61.031 | AA13: 25 | AB13: =AB12-AA13 -> 2450 | AC13: =N13+O13+P13+Q13+R13+U13+X13+AA13 -> 89.9 | AD13: =IF(L13<0,L13*-1,0) -> 4.557701 | AE13: =AC13+AD13 -> 94.457701 | AF13: 0 | AG13: 45 | AH13: 25 | AI13: =AI12+(U13*1.9835) -> 9820.3385 | AJ13: 0
A14: =A13+1 -> 3 | B14: 6876.22 | C14: 205051 | D14: =C14-C13 -> -29 | E14: =C14-152000 -> 53051 | F14: =D14/$D$2 -> -14.62062 | G14: 57 | H14: 1.2 | I14: =G14+H14 -> 58.2 | J14: =IF(L14>0,L14,0) -> 20.07938 | K14: =I14+J14 -> 78.27938 | L14: =F14-(I14-AC14) -> 20.07938 | M14: 4.9 | N14: 0 | O14: 0 | P14: =1.55*1.02 -> 1.581 | Q14: =2.47*1.04 -> 2.5688 | R14: 0 | S14: 63 | U14: =M14-N14-O14-P14-Q14-R14+S14+T14 -> 63.7502 | AA14: 25 | AB14: =AB13-AA14 -> 2425 | AC14: =N14+O14+P14+Q14+R14+U14+X14+AA14 -> 92.9 | AD14: =IF(L14<0,L14*-1,0) -> 0 | AE14: =AC14+AD14 -> 92.9 | AF14: 0.06 | AG14: 41 | AH14: 29 | AI14: =AI13+(U14*1.9835) -> 9946.787 | AJ14: 0
A15: =A14+1 -> 4 | B15: 6876.3 | C15: 205282 | D15: =C15-C14 -> 231 | E15: =C15-152000 -> 53282 | F15: =D15/$D$2 -> 116.4608 | G15: 47 | H15: 1.3 | I15: =G15+H15 -> 48.3 | J15: =IF(L15>0,L15,0) -> 172.0608 | K15: =I15+J15 -> 220.3608 | L15: =F15-(I15-AC15) -> 172.0608 | M15: 4.9 | N15: 0 | O15: 0 | P15: =1.55*1.02 -> 1.581 | Q15: =2.41*1.04 -> 2.5064 | R15: 0 | S15: 74 | U15: =M15-N15-O15-P15-Q15-R15+S15+T15 -> 74.8126 | AA15: 25 | AB15: =AB14-AA15 -> 2400 | AC15: =N15+O15+P15+Q15+R15+U15+X15+AA15 -> 103.9 | AD15: =IF(L15<0,L15*-1,0) -> 0 | AE15: =AC15+AD15 -> 103.9 | AF15: 0.6 | AG15: 39 | AH15: 28 | AI15: =AI14+(U15*1.9835) -> 10095.178 | AJ15: 0
A16: =A15+1 -> 5 | B16: 6876.31 | C16: 205311 | D16: =C16-C15 -> 29 | E16: =C16-152000 -> 53311 | F16: =D16/$D$2 -> 14.62062 | G16: 51 | H16: 2.5 | I16: =G16+H16 -> 53.5 | J16: =IF(L16>0,L16,0) -> 66.22062 | K16: =I16+J16 -> 119.72062 | L16: =F16-(I16-AC16) -> 66.22062 | M16: 5.1 | N16: 0 | O16: 0 | P16: =1.55*1.02 -> 1.581 | Q16: =2.13*1.04 -> 2.2152 | R16: 0 | S16: 76 | U16: =M16-N16-O16-P16-Q16-R16+S16+T16 -> 77.3038 | AA16: 24 | AB16: =AB15-AA16 -> 2376 | AC16: =N16+O16+P16+Q16+R16+U16+X16+AA16 -> 105.1 | AD16: =IF(L16<0,L16*-1,0) -> 0 | AE16: =AC16+AD16 -> 105.1 | AF16: 0.45 | AG16: 31 | AH16: 23 | AI16: =AI15+(U16*1.9835) -> 10248.51 | AJ16: 0
A17: =A16+1 -> 6 | B17: 6876.28 | C17: 205224 | D17: =C17-C16 -> -87 | E17: =C17-152000 -> 53224 | F17: =D17/$D$2 -> -43.86186 | G17: 42 | H17: 1.7 | I17: =G17+H17 -> 43.7 | J17: =IF(L17>0,L17,0) -> 17.63814 | K17: =I17+J17 -> 61.33814 | L17: =F17-(I17-AC17) -> 17.63814 | M17: 5.2 | N17: 0 | O17: 0 | P17: =1.55*1.02 -> 1.581 | Q17: =2.39*1.04 -> 2.4856 | R17: 0 | S17: 76 | U17: =M17-N17-O17-P17-Q17-R17+S17+T17 -> 77.1334 | AA17: 24 | AB17: =AB16-AA17 -> 2352 | AC17: =N17+O17+P17+Q17+R17+U17+X17+AA17 -> 105.2 | AD17: =IF(L17<0,L17*-1,0) -> 0 | AE17: =AC17+AD17 -> 105.2 | AF17: 0.06 | AG17: 28 | AH17: 12 | AI17: =AI16+(U17*1.9835) -> 10401.504 | AJ17: 0
A18: =A17+1 -> 7 | B18: 6876.26 | C18: 205166 | D18: =C18-C17 -> -58 | E18: =C18-152000 -> 53166 | F18: =D18/$D$2 -> -29.24124 | G18: 44 | H18: 1.4 | I18: =G18+H18 -> 45.4 | J18: =IF(L18>0,L18,0) -> 30.55876 | K18: =I18+J18 -> 75.95876 | L18: =F18-(I18-AC18) -> 30.55876 | M18: 5.2 | N18: 0 | O18: 0 | P18: =1.55*1.02 -> 1.581 | Q18: =2.63*1.04 -> 2.7352 | R18: 0 | S18: 76 | U18: =M18-N18-O18-P18-Q18-R18+S18+T18 -> 76.8838 | AA18: 24 | AB18: =AB17-AA18 -> 2328 | AC18: =N18+O18+P18+Q18+R18+U18+X18+AA18 -> 105.2 | AD18: =IF(L18<0,L18*-1,0) -> 0 | AE18: =AC18+AD18 -> 105.2 | AF18: 0.06 | AG18: 28 | AH18: 12 | AI18: =AI17+(U18*1.9835) -> 10554.003 | AJ18: 0
A19: =A18+1 -> 8 | B19: 6876.28 | C19: 205224 | D19: =C19-C18 -> 58 | E19: =C19-152000 -> 53224 | F19: =D19/$D$2 -> 29.24124 | G19: 41 | H19: 1.2 | I19: =G19+H19 -> 42.2 | J19: =IF(L19>0,L19,0) -> 92.04124 | K19: =I19+J19 -> 134.24124 | L19: =F19-(I19-AC19) -> 92.04124 | M19: 5 | N19: 0 | O19: 0 | P19: =1.55*1.02 -> 1.581 | Q19: =1.91*1.04 -> 1.9864 | R19: 0 | S19: 76 | U19: =M19-N19-O19-P19-Q19-R19+S19+T19 -> 77.4326 | AA19: 24 | AB19: =AB18-AA19 -> 2304 | AC19: =N19+O19+P19+Q19+R19+U19+X19+AA19 -> 105 | AD19: =IF(L19<0,L19*-1,0) -> 0 | AE19: =AC19+AD19 -> 105 | AF19: 0.23 | AG19: 38 | AH19: 26 | AI19: =AI18+(U19*1.9835) -> 10707.591 | AJ19: 0
A20: =A19+1 -> 9 | B20: 6876.3 | C20: 205282 | D20: =C20-C19 -> 58 | E20: =C20-152000 -> 53282 | F20: =D20/$D$2 -> 29.24124 | G20: 72 | H20: 1.3 | I20: =G20+H20 -> 73.3 | J20: =IF(L20>0,L20,0) -> 61.94124 | K20: =I20+J20 -> 135.24124 | L20: =F20-(I20-AC20) -> 61.94124 | M20: 5 | N20: 0 | O20: 0 | P20: =1.55*1.02 -> 1.581 | Q20: =2.33*1.04 -> 2.4232 | R20: 0 | S20: 76 | U20: =M20-N20-O20-P20-Q20-R20+S20+T20 -> 76.9958 | AA20: 25 | AB20: =AB19-AA20 -> 2279 | AC20: =N20+O20+P20+Q20+R20+U20+X20+AA20 -> 106 | AD20: =IF(L20<0,L20*-1,0) -> 0 | AE20: =AC20+AD20 -> 106 | AF20: 0.46 | AG20: 41 | AH20: 34 | AI20: =AI19+(U20*1.9835) -> 10860.312 | AJ20: 0
A21: =A20+1 -> 10 | B21: 6876.41 | C21: 205599 | D21: =C21-C20 -> 317 | E21: =C21-152000 -> 53599 | F21: =D21/$D$2 -> 159.8185 | G21: 103 | H21: 2.2 | I21: =G21+H21 -> 105.2 | J21: =IF(L21>0,L21,0) -> 162.0185 | K21: =I21+J21 -> 267.2185 | L21: =F21-(I21-AC21) -> 162.0185 | M21: 5.4 | N21: 0 | O21: 0 | P21: =1.55*1.02 -> 1.581 | Q21: =2.3*1.04 -> 2.392 | R21: 0 | S21: 77 | U21: =M21-N21-O21-P21-Q21-R21+S21+T21 -> 78.427 | AA21: 25 | AB21: =AB20-AA21 -> 2254 | AC21: =N21+O21+P21+Q21+R21+U21+X21+AA21 -> 107.4 | AD21: =IF(L21<0,L21*-1,0) -> 0 | AE21: =AC21+AD21 -> 107.4 | AF21: 0.72 | AG21: 45 | AH21: 34 | AI21: =AI20+(U21*1.9835) -> 11015.872 | AJ21: 0
A22: =A21+1 -> 11 | B22: 6876.55 | C22: 206004 | D22: =C22-C21 -> 405 | E22: =C22-152000 -> 54004 | F22: =D22/$D$2 -> 204.18452 | G22: 74 | H22: 6.6 | I22: =G22+H22 -> 80.6 | J22: =IF(L22>0,L22,0) -> 231.88452 | K22: =I22+J22 -> 312.48452 | L22: =F22-(I22-AC22) -> 231.88452 | M22: 5.3 | N22: 0 | O22: 0 | P22: =1.55*1.02 -> 1.581 | Q22: =2.41*1.04 -> 2.5064 | R22: 0 | S22: 77 | U22: =M22-N22-O22-P22-Q22-R22+S22+T22 -> 78.2126 | AA22: 26 | AB22: =AB21-AA22 -> 2228 | AC22: =N22+O22+P22+Q22+R22+U22+X22+AA22 -> 108.3 | AD22: =IF(L22<0,L22*-1,0) -> 0 | AE22: =AC22+AD22 -> 108.3 | AF22: 0.61 | AG22: 43 | AH22: 25 | AI22: =AI21+(U22*1.9835) -> 11171.006 | AJ22: 0
A23: =A22+1 -> 12 | B23: 6876.65 | C23: 206293 | D23: =C23-C22 -> 289 | E23: =C23-152000 -> 54293 | F23: =D23/$D$2 -> 145.70204 | G23: 47 | H23: 10 | I23: =G23+H23 -> 57 | J23: =IF(L23>0,L23,0) -> 209.70204 | K23: =I23+J23 -> 266.70204 | L23: =F23-(I23-AC23) -> 209.70204 | M23: 5 | N23: 0 | O23: 0 | P23: =1.55*1.02 -> 1.581 | Q23: =2.34*1.04 -> 2.4336 | R23: 0 | S23: 91 | U23: =M23-N23-O23-P23-Q23-R23+S23+T23 -> 91.9854 | AA23: 25 | AB23: =AB22-AA23 -> 2203 | AC23: =N23+O23+P23+Q23+R23+U23+X23+AA23 -> 121 | AD23: =IF(L23<0,L23*-1,0) -> 0 | AE23: =AC23+AD23 -> 121 | AF23: 0 | AG23: 34 | AH23: 19 | AI23: =AI22+(U23*1.9835) -> 11353.459 | AJ23: 0
A24: 13 | B24: 6876.73 | C24: 206524 | D24: =C24-C23 -> 231 | E24: =C24-152000 -> 54524 | F24: =D24/$D$2 -> 116.4608 | G24: 52 | H24: 12 | I24: =G24+H24 -> 64 | J24: =IF(L24>0,L24,0) -> 179.7608 | K24: =I24+J24 -> 243.7608 | L24: =F24-(I24-AC24) -> 179.7608 | M24: 4.3 | N24: 0 | O24: 0 | P24: =1.55*1.02 -> 1.581 | Q24: =2.22*1.04 -> 2.3088 | R24: 0 | S24: 99 | U24: =M24-N24-O24-P24-Q24-R24+S24+T24 -> 99.4102 | AA24: 24 | AB24: =AB23-AA24 -> 2179 | AC24: =N24+O24+P24+Q24+R24+U24+X24+AA24 -> 127.3 | AD24: =IF(L24<0,L24*-1,0) -> 0 | AE24: =AC24+AD24 -> 127.3 | AF24: 0 | AG24: 37 | AH24: 9 | AI24: =AI23+(U24*1.9835) -> 11550.64 | AJ24: 0
A25: =A24+1 -> 14 | B25: 6876.77 | C25: 206639 | D25: =C25-C24 -> 115 | E25: =C25-152000 -> 54639 | F25: =D25/$D$2 -> 57.978321 | G25: 53 | H25: 10 | I25: =G25+H25 -> 63 | J25: =IF(L25>0,L25,0) -> 121.97832 | K25: =I25+J25 -> 184.97832 | L25: =F25-(I25-AC25) -> 121.97832 | M25: 4 | N25: 0 | O25: 0 | P25: =1.55*1.02 -> 1.581 | Q25: =2.34*1.04 -> 2.4336 | R25: 0 | S25: 99 | U25: =M25-N25-O25-P25-Q25-R25+S25+T25 -> 98.9854 | AA25: 24 | AB25: =AB24-AA25 -> 2155 | AC25: =N25+O25+P25+Q25+R25+U25+X25+AA25 -> 127 | AD25: =IF(L25<0,L25*-1,0) -> 0 | AE25: =AC25+AD25 -> 127 | AF25: 0 | AG25: 43 | AH25: 18 | AI25: =AI24+(U25*1.9835) -> 11746.977 | AJ25: 0
A26: =A25+1 -> 15 | B26: 6876.76 | C26: 206610 | D26: =C26-C25 -> -29 | E26: =C26-152000 -> 54610 | F26: =D26/$D$2 -> -14.62062 | G26: 50 | H26: 6.9 | I26: =G26+H26 -> 56.9 | J26: =IF(L26>0,L26,0) -> 55.47938 | K26: =I26+J26 -> 112.37938 | L26: =F26-(I26-AC26) -> 55.47938 | M26: 4 | N26: 0 | O26: 0 | P26: =1.55*1.02 -> 1.581 | Q26: =1.95*1.04 -> 2.028 | R26: 0 | S26: 99 | U26: =M26-N26-O26-P26-Q26-R26+S26+T26 -> 99.391 | AA26: 24 | AB26: =AB25-AA26 -> 2131 | AC26: =N26+O26+P26+Q26+R26+U26+X26+AA26 -> 127 | AD26: =IF(L26<0,L26*-1,0) -> 0 | AE26: =AC26+AD26 -> 127 | AF26: 0 | AG26: 45 | AH26: 18 | AI26: =AI25+(U26*1.9835) -> 11944.119 | AJ26: 0
A27: =A26+1 -> 16 | B27: 6876.75 | C27: 206581 | D27: =C27-C26 -> -29 | E27: =C27-152000 -> 54581 | F27: =D27/$D$2 -> -14.62062 | G27: 52 | H27: 6.1 | I27: =G27+H27 -> 58.1 | J27: =IF(L27>0,L27,0) -> 54.47938 | K27: =I27+J27 -> 112.57938 | L27: =F27-(I27-AC27) -> 54.47938 | M27: 4.2 | N27: 0 | O27: 0 | P27: =1.55*1.02 -> 1.581 | Q27: =2.24*1.04 -> 2.3296 | R27: 0 | S27: 99 | U27: =M27-N27-O27-P27-Q27-R27+S27+T27 -> 99.2894 | AA27: 24 | AB27: =AB26-AA27 -> 2107 | AC27: =N27+O27+P27+Q27+R27+U27+X27+AA27 -> 127.2 | AD27: =IF(L27<0,L27*-1,0) -> 0 | AE27: =AC27+AD27 -> 127.2 | AF27: 0 | AG27: 46 | AH27: 23 | AI27: =AI26+(U27*1.9835) -> 12141.06 | AJ27: 0
A28: =A27+1 -> 17 | B28: 6876.74 | C28: 206553 | D28: =C28-C27 -> -28 | E28: =C28-152000 -> 54553 | F28: =D28/$D$2 -> -14.116461 | G28: 52 | H28: 5.8 | I28: =G28+H28 -> 57.8 | J28: =IF(L28>0,L28,0) -> 57.283539 | K28: =I28+J28 -> 115.08354 | L28: =F28-(I28-AC28) -> 57.283539 | M28: 5.2 | N28: 0 | O28: 0 | P28: =1.55*1.02 -> 1.581 | Q28: =2.29*1.04 -> 2.3816 | R28: 0 | S28: 99 | U28: =M28-N28-O28-P28-Q28-R28+S28+T28 -> 100.2374 | AA28: 25 | AB28: =AB27-AA28 -> 2082 | AC28: =N28+O28+P28+Q28+R28+U28+X28+AA28 -> 129.2 | AD28: =IF(L28<0,L28*-1,0) -> 0 | AE28: =AC28+AD28 -> 129.2 | AF28: 0 | AG28: 50 | AH28: 25 | AI28: =AI27+(U28*1.9835) -> 12339.881 | AJ28: 0
A29: =A28+1 -> 18 | B29: 6876.72 | C29: 206495 | D29: =C29-C28 -> -58 | E29: =C29-152000 -> 54495 | F29: =D29/$D$2 -> -29.24124 | G29: 52 | H29: 4.6 | I29: =G29+H29 -> 56.6 | J29: =IF(L29>0,L29,0) -> 43.35876 | K29: =I29+J29 -> 99.95876 | L29: =F29-(I29-AC29) -> 43.35876 | M29: 5.2 | N29: 0 | O29: 0 | P29: =1.55*1.02 -> 1.581 | Q29: =2.32*1.04 -> 2.4128 | R29: 0 | S29: 99 | U29: =M29-N29-O29-P29-Q29-R29+S29+T29 -> 100.2062 | AA29: 25 | AB29: =AB28-AA29 -> 2057 | AC29: =N29+O29+P29+Q29+R29+U29+X29+AA29 -> 129.2 | AD29: =IF(L29<0,L29*-1,0) -> 0 | AE29: =AC29+AD29 -> 129.2 | AF29: 0 | AG29: 50 | AH29: 25 | AI29: =AI28+(U29*1.9835) -> 12538.64 | AJ29: 0
A30: =A29+1 -> 19 | B30: 6876.7 | C30: 206437 | D30: =C30-C29 -> -58 | E30: =C30-152000 -> 54437 | F30: =D30/$D$2 -> -29.24124 | G30: 64 | H30: 4.5 | I30: =G30+H30 -> 68.5 | J30: =IF(L30>0,L30,0) -> 31.35876 | K30: =I30+J30 -> 99.85876 | L30: =F30-(I30-AC30) -> 31.35876 | M30: 5.1 | N30: 0 | O30: 0 | P30: =1.55*1.02 -> 1.581 | Q30: =2.26*1.04 -> 2.3504 | R30: 0 | S30: 99 | U30: =M30-N30-O30-P30-Q30-R30+S30+T30 -> 100.1686 | AA30: 25 | AB30: =AB29-AA30 -> 2032 | AC30: =N30+O30+P30+Q30+R30+U30+X30+AA30 -> 129.1 | AD30: =IF(L30<0,L30*-1,0) -> 0 | AE30: =AC30+AD30 -> 129.1 | AF30: 0 | AG30: 52 | AH30: 26 | AI30: =AI29+(U30*1.9835) -> 12737.324 | AJ30: 0
A31: =A30+1 -> 20 | B31: 6876.68 | C31: 206379 | D31: =C31-C30 -> -58 | E31: =C31-152000 -> 54379 | F31: =D31/$D$2 -> -29.24124 | G31: 74 | H31: 4.5 | I31: =G31+H31 -> 78.5 | J31: =IF(L31>0,L31,0) -> 21.25876 | K31: =I31+J31 -> 99.75876 | L31: =F31-(I31-AC31) -> 21.25876 | M31: 5 | N31: 0 | O31: 0 | P31: =1.55*1.02 -> 1.581 | Q31: =2.8*1.04 -> 2.912 | R31: 0 | S31: 99 | U31: =M31-N31-O31-P31-Q31-R31+S31+T31 -> 99.507 | AA31: 25 | AB31: =AB30-AA31 -> 2007 | AC31: =N31+O31+P31+Q31+R31+U31+X31+AA31 -> 129 | AD31: =IF(L31<0,L31*-1,0) -> 0 | AE31: =AC31+AD31 -> 129 | AF31: 0 | AG31: 55 | AH31: 28 | AI31: =AI30+(U31*1.9835) -> 12934.696 | AJ31: 0
A32: =A31+1 -> 21 | B32: 6876.66 | C32: 206321 | D32: =C32-C31 -> -58 | E32: =C32-152000 -> 54321 | F32: =D32/$D$2 -> -29.24124 | G32: 81 | H32: 4.5 | I32: =G32+H32 -> 85.5 | J32: =IF(L32>0,L32,0) -> 14.45876 | K32: =I32+J32 -> 99.95876 | L32: =F32-(I32-AC32) -> 14.45876 | M32: 5.2 | N32: 0 | O32: 0 | P32: =1.55*1.02 -> 1.581 | Q32: =3.3*1.04 -> 3.432 | R32: 0 | S32: 99 | U32: =M32-N32-O32-P32-Q32-R32+S32+T32 -> 99.187 | AA32: 25 | AB32: =AB31-AA32 -> 1982 | AC32: =N32+O32+P32+Q32+R32+U32+X32+AA32 -> 129.2 | AD32: =IF(L32<0,L32*-1,0) -> 0 | AE32: =AC32+AD32 -> 129.2 | AF32: 0 | AG32: 58 | AH32: 29 | AI32: =AI31+(U32*1.9835) -> 13131.434 | AJ32: 0
A33: =A32+1 -> 22 | B33: 6876.64 | C33: 206264 | D33: =C33-C32 -> -57 | E33: =C33-152000 -> 54264 | F33: =D33/$D$2 -> -28.737081 | G33: 81 | H33: 4.5 | I33: =G33+H33 -> 85.5 | J33: =IF(L33>0,L33,0) -> 14.962919 | K33: =I33+J33 -> 100.46292 | L33: =F33-(I33-AC33) -> 14.962919 | M33: 5.2 | N33: 0 | O33: 0 | P33: =1.55*1.02 -> 1.581 | Q33: =2.61*1.04 -> 2.7144 | R33: 0 | S33: 99 | U33: =M33-N33-O33-P33-Q33-R33+S33+T33 -> 99.9046 | AA33: 25 | AB33: =AB32-AA33 -> 1957 | AC33: =N33+O33+P33+Q33+R33+U33+X33+AA33 -> 129.2 | AD33: =IF(L33<0,L33*-1,0) -> 0 | AE33: =AC33+AD33 -> 129.2 | AF33: 0 | AG33: 53 | AH33: 29 | AI33: =AI32+(U33*1.9835) -> 13329.594 | AJ33: 0
A34: =A33+1 -> 23 | B34: 6876.63 | C34: 206235 | D34: =C34-C33 -> -29 | E34: =C34-152000 -> 54235 | F34: =D34/$D$2 -> -14.62062 | G34: 88 | H34: 4.5 | I34: =G34+H34 -> 92.5 | J34: =IF(L34>0,L34,0) -> 22.07938 | K34: =I34+J34 -> 114.57938 | L34: =F34-(I34-AC34) -> 22.07938 | M34: 5.2 | N34: 0 | O34: 0 | P34: =1.55*1.02 -> 1.581 | Q34: =2.24*1.04 -> 2.3296 | R34: 0 | S34: 99 | U34: =M34-N34-O34-P34-Q34-R34+S34+T34 -> 100.2894 | AA34: 25 | AB34: =AB33-AA34 -> 1932 | AC34: =N34+O34+P34+Q34+R34+U34+X34+AA34 -> 129.2 | AD34: =IF(L34<0,L34*-1,0) -> 0 | AE34: =AC34+AD34 -> 129.2 | AF34: 0 | AG34: 52 | AH34: 28 | AI34: =AI33+(U34*1.9835) -> 13528.518 | AJ34: 0
A35: =A34+1 -> 24 | B35: 6876.63 | C35: 206235 | D35: =C35-C34 -> 0 | E35: =C35-152000 -> 54235 | F35: =D35/$D$2 -> 0 | G35: 94 | H35: 4.8 | I35: =G35+H35 -> 98.8 | J35: =IF(L35>0,L35,0) -> 30.2 | K35: =I35+J35 -> 129 | L35: =F35-(I35-AC35) -> 30.2 | M35: 5 | N35: 0 | O35: 0 | P35: =1.55*1.02 -> 1.581 | Q35: =2.54*1.04 -> 2.6416 | R35: 0 | S35: 99 | U35: =M35-N35-O35-P35-Q35-R35+S35+T35 -> 99.7774 | AA35: 25 | AB35: =AB34-AA35 -> 1907 | AC35: =N35+O35+P35+Q35+R35+U35+X35+AA35 -> 129 | AD35: =IF(L35<0,L35*-1,0) -> 0 | AE35: =AC35+AD35 -> 129 | AF35: 0 | AG35: 50 | AH35: 27 | AI35: =AI34+(U35*1.9835) -> 13726.427 | AJ35: 0
A36: =A35+1 -> 25 | B36: 6876.61 | C36: 206177 | D36: =C36-C35 -> -58 | E36: =C36-152000 -> 54177 | F36: =D36/$D$2 -> -29.24124 | G36: 94 | H36: 5.1 | I36: =G36+H36 -> 99.1 | J36: =IF(L36>0,L36,0) -> 0.55875977 | K36: =I36+J36 -> 99.65876 | L36: =F36-(I36-AC36) -> 0.55875977 | M36: 4.9 | N36: 0 | O36: 0 | P36: =1.55*1.02 -> 1.581 | Q36: =2.56*1.04 -> 2.6624 | R36: 0 | S36: 99 | U36: =M36-N36-O36-P36-Q36-R36+S36+T36 -> 99.6566 | AA36: 25 | AB36: =AB35-AA36 -> 1882 | AC36: =N36+O36+P36+Q36+R36+U36+X36+AA36 -> 128.9 | AD36: =IF(L36<0,L36*-1,0) -> 0 | AE36: =AC36+AD36 -> 128.9 | AF36: 0 | AG36: 48 | AH36: 29 | AI36: =AI35+(U36*1.9835) -> 13924.096 | AJ36: 0
A37: =A36+1 -> 26 | B37: 6876.63 | C37: 206235 | D37: =C37-C36 -> 58 | E37: =C37-152000 -> 54235 | F37: =D37/$D$2 -> 29.24124 | G37: 94 | H37: 5.5 | I37: =G37+H37 -> 99.5 | J37: =IF(L37>0,L37,0) -> 58.64124 | K37: =I37+J37 -> 158.14124 | L37: =F37-(I37-AC37) -> 58.64124 | M37: 4.9 | N37: 0 | O37: 0 | P37: =1.55*1.02 -> 1.581 | Q37: =2.37*1.04 -> 2.4648 | R37: 0 | S37: 99 | U37: =M37-N37-O37-P37-Q37-R37+S37+T37 -> 99.8542 | AA37: 25 | AB37: =AB36-AA37 -> 1857 | AC37: =N37+O37+P37+Q37+R37+U37+X37+AA37 -> 128.9 | AD37: =IF(L37<0,L37*-1,0) -> 0 | AE37: =AC37+AD37 -> 128.9 | AF37: 0.18 | AG37: 48 | AH37: 30 | AI37: =AI36+(U37*1.9835) -> 14122.156 | AJ37: 0
A38: =A37+1 -> 27 | B38: 6876.74 | C38: 206553 | D38: =C38-C37 -> 318 | E38: =C38-152000 -> 54553 | F38: =D38/$D$2 -> 160.32266 | G38: 84 | H38: 5.8 | I38: =G38+H38 -> 89.8 | J38: =IF(L38>0,L38,0) -> 144.22266 | K38: =I38+J38 -> 234.02266 | L38: =F38-(I38-AC38) -> 144.22266 | M38: 4.7 | N38: 0 | O38: 0 | P38: =1.55*1.02 -> 1.581 | Q38: =2.69*1.04 -> 2.7976 | R38: 0 | S38: 44 | U38: =M38-N38-O38-P38-Q38-R38+S38+T38 -> 44.3214 | AA38: 25 | AB38: =AB37-AA38 -> 1832 | AC38: =N38+O38+P38+Q38+R38+U38+X38+AA38 -> 73.7 | AD38: =IF(L38<0,L38*-1,0) -> 0 | AE38: =AC38+AD38 -> 73.7 | AF38: 0.19 | AG38: 43 | AH38: 31 | AI38: =AI37+(U38*1.9835) -> 14210.068 | AJ38: 0
A39: =A38+1 -> 28 | B39: 6876.83 | C39: 206803 | D39: =C39-C38 -> 250 | E39: =C39-152000 -> 54803 | F39: =D39/$D$2 -> 126.03983 | G39: 74 | H39: 6.5 | I39: =G39+H39 -> 80.5 | J39: =IF(L39>0,L39,0) -> 75.939829 | K39: =I39+J39 -> 156.43983 | L39: =F39-(I39-AC39) -> 75.939829 | M39: 4.4 | N39: 0 | O39: 0 | P39: =1.55*1.02 -> 1.581 | Q39: =2.4*1.04 -> 2.496 | R39: 0 | S39: 0 | U39: =M39-N39-O39-P39-Q39-R39+S39+T39 -> 0.323 | AA39: 26 | AB39: =AB38-AA39 -> 1806 | AC39: =N39+O39+P39+Q39+R39+U39+X39+AA39 -> 30.4 | AD39: =IF(L39<0,L39*-1,0) -> 0 | AE39: =AC39+AD39 -> 30.4 | AF39: 0.02 | AG39: 38 | AH39: 28 | AI39: =AI38+(U39*1.9835) -> 14210.709 | AJ39: 0
A40: =A39+1 -> 29 | B40: 6876.9 | C40: 207015 | D40: =C40-C39 -> 212 | E40: =C40-152000 -> 55015 | F40: =D40/$D$2 -> 106.88177 | G40: 73 | H40: 5.5 | I40: =G40+H40 -> 78.5 | J40: =IF(L40>0,L40,0) -> 58.681775 | K40: =I40+J40 -> 137.18177 | L40: =F40-(I40-AC40) -> 58.681775 | M40: 4.3 | N40: 0 | O40: 0 | P40: =1.55*1.02 -> 1.581 | Q40: =3.66*1.04 -> 3.8064 | R40: 0 | S40: 0 | U40: =M40-N40-O40-P40-Q40-R40+S40+T40 -> -1.0874 | AA40: 26 | AB40: =AB39-AA40 -> 1780 | AC40: =N40+O40+P40+Q40+R40+U40+X40+AA40 -> 30.3 | AD40: =IF(L40<0,L40*-1,0) -> 0 | AE40: =AC40+AD40 -> 30.3 | AF40: 0 | AG40: 46 | AH40: 27 | AI40: =AI39+(U40*1.9835) -> 14208.552 | AJ40: 0
A41: 30 | B41: 6876.98 | C41: 207246 | D41: =C41-C40 -> 231 | E41: =C41-152000 -> 55246 | F41: =D41/$D$2 -> 116.4608 | G41: 66 | H41: 5.3 | I41: =G41+H41 -> 71.3 | J41: =IF(L41>0,L41,0) -> 75.460802 | K41: =I41+J41 -> 146.7608 | L41: =F41-(I41-AC41) -> 75.460802 | M41: 4.3 | N41: 0 | O41: 0 | P41: =1.55*1.02 -> 1.581 | Q41: =2.88*1.04 -> 2.9952 | R41: 0 | S41: 0 | U41: =M41-N41-O41-P41-Q41-R41+S41+T41 -> -0.2762 | AA41: 26 | AB41: =AB40-AA41 -> 1754 | AC41: =N41+O41+P41+Q41+R41+U41+X41+AA41 -> 30.3 | AD41: =IF(L41<0,L41*-1,0) -> 0 | AE41: =AC41+AD41 -> 30.3 | AF41: 0 | AG41: 41 | AH41: 25 | AI41: =AI40+(U41*1.9835) -> 14208.004 | AJ41: 0
A42: 31 | B42: 6877.06 | C42: 207479 | D42: =C42-C41 -> 233 | E42: =C42-152000 -> 55479 | F42: =D42/$D$2 -> 117.46912 | G42: 65 | H42: 4.7 | I42: =G42+H42 -> 69.7 | J42: =IF(L42>0,L42,0) -> 77.06912 | K42: =I42+J42 -> 146.76912 | L42: =F42-(I42-AC42) -> 77.06912 | M42: 4.3 | N42: 0 | O42: 0 | P42: =1.55*1.02 -> 1.581 | Q42: =2.6*1.04 -> 2.704 | R42: 0 | S42: 0 | U42: =M42-N42-O42-P42-Q42-R42+S42+T42 -> 0.015 | AA42: 25 | AB42: =AB41-AA42 -> 1729 | AC42: =N42+O42+P42+Q42+R42+U42+X42+AA42 -> 29.3 | AD42: =IF(L42<0,L42*-1,0) -> 0 | AE42: =AC42+AD42 -> 29.3 | AF42: 0.04 | AG42: 41 | AH42: 25 | AI42: =AI41+(U42*1.9835) -> 14208.034 | AJ42: 0
A44: MONTH / CFS | F44: =SUM(F12:F42) -> 1180.7411 | G44: =SUM(G12:G42) -> 2021 | H44: =SUM(H12:H42) -> 142.6 | I44: =SUM(I12:I42) -> 2163.6 | J44: =SUM(J12:J42) -> 2254.8988 | K44: =SUM(K12:K42) -> 4418.4988 | L44: =SUM(L12:L42) -> 2250.3411 | M44: =SUM(M12:M42) -> 150.2 | ... U44: =SUM(U12:U42) -> 2331.2774 | AA44: =SUM(AA12:AA42) -> 771 | AC44: =SUM(AC12:AC42) -> 3233.2 | AD44: =SUM(AD12:AD42) -> 4.557701 | AE44: =SUM(AE12:AE42) -> 3237.7577 | AF44: =SUM(AF12:AF42) -> 3.68 | AG44: =AVERAGE(AG12:AG42) -> 43.612903 | AH44: =AVERAGE(AH12:AH42) -> 24.943548 | AI44: AVE | AJ44: =SUM(AJ12:AJ42) -> 0
A45: MONTH / AF | D45: =SUM(D12:D42) -> 2342 | F45: =F44*$D$2 -> 2342 | G45: =G44*$D$2 -> 4008.6535 | H45: =H44*$D$2 -> 282.8471 | I45: =I44*$D$2 -> 4291.5006 | J45: =J44*$D$2 -> 4472.5918 | K45: =K44*$D$2 -> 8764.0924 | L45: =L44*$D$2 -> 4463.5516 | M45: =M44*$D$2 -> 297.9217 | ... U45: =U44*$D$2 -> 4624.0887 | AA45: =AA44*$D$2 -> 1529.2785 | AC45: =AC44*$D$2 -> 6413.0522 | AD45: =AD44*$D$2 -> 9.0402 | AE45: =AE44*$D$2 -> 6422.0924 | AG45: =MAX(AG12:AG42) -> 58 | AH45: =MAX(AH12:AH42) -> 34 | AI45: HI | AJ45: =AJ44*$D$2 -> 0
A47: SEASON / CFS | AG47: =MIN(AG12:AG42) -> 28 | AH47: =MIN(AH12:AH42) -> 9 | AI47: LO
A48: SEASON / AF
A50: YTD / CFS | F50: =F10+F44 -> 117.46912 | G50: =G10+G44 -> 6841 | H50: =H10+H44 -> 161.34 | I50: =I10+I44 -> 7002.34 | J50: =J10+J44 -> 3698.8901 | K50: =K10+K44 -> 10701.23 | L50: =L10+L44 -> 3188.8291 | M50: =M10+M44 -> 513.9 | ... U50: =U10+U44 -> 7389.6642 | AA50: =AA10+AA44 -> 2322 | AB50: =AB42 -> 1729 | AC50: =AC10+AC44 -> 10073.7 | AD50: =AD10+AD44 -> 510.06094 | AE50: =AE10+AE44 -> 10583.761 | AF50: =AF10+AF44 -> 6.67 | AJ50: =AJ10+AJ44 -> 0
A51: YTD / AF | D51: =D10+D45 -> 233 | E51: =E42 -> 55479 | F51: =F50*$D$2 -> 233 | G51: =G50*$D$2 -> 13569.123 | H51: =H50*$D$2 -> 320.01789 | I51: =I50*$D$2 -> 13889.141 | J51: =J50*$D$2 -> 7336.7484 | K51: =K50*$D$2 -> 21225.89 | L51: =L50*$D$2 -> 6325.0426 | M51: =M50*$D$2 -> 1019.3207 | ... U51: =U50*$D$2 -> 14657.399 | AA51: =AA50*$D$2 -> 4605.687 | AB51: =AB50*$D$2 -> 3429.4715 | AC51: =AC50*$D$2 -> 19981.184 | AD51: =AD50*$D$2 -> 1011.7059 | AE51: =AE50*$D$2 -> 20992.89 | AI51: =AI42 -> 14208.034 | AJ51: =AJ50*$D$2 -> 0

Sheet FEB
K1: MCPHEE RESERVOIR INFLOW/OUTFLOW TABULATION
A2: AF/cfs CONVERT FACTOR | D2: 1.9835 | K2: FEBRUARY "2005"
D4: RESERVOIR | S4: INFLOW/OUTFLOW (CFS) | AG4: WEATHER | AK4: ADJUSTMENTS
A5: DATE | B5: RESERV | C5: RESERV | D5: AC FT | E5: ACTIVE | F5: CONV TO | G5: DOLORES | H5: LOST | I5: RECORD | J5: CALC | K5: TOTAL | L5: CALC | M5: DOLORES TUNNEL | S5: LONE | T5: U | U5: TOTAL | V5: MVI | W5: MVI | X5: DV CR | Y5: D/S SENIOR | AA5: BELOW | AB5: FISH | AC5: RECORD | AD5: CALC | AE5: TOTAL | AF5: RAIN | AG5: MAX | AH5: MIN | AI5: NAR | AJ5: MVI | AK5: MVI | AL5: MVI | AM5: U/S | AN5: TOTTEN
A6: FEB | B6: ELEV | C6: AC FT | D6: CHANGE | E6: CAP | F6: CFS | G6: RIVER | H6: CAN | I6: INFLOW | J6: INFLOW | K6: INFLOW | L6: INF/OTF | M6: TOT DIV | N6: WET | O6: UTE | P6: MWC | Q6: CTZ | R6: CTZ & | S6: PINE | T6: LAT | U6: MVI | V6: CALL | W6: PROJ & | X6: CANAL | AA6: MCP | AB6: LEFT | AC6: OTF | AD6: OTF | AE6: OTF | AG6: TMP | AH6: TMP | AI6: CALL | AJ6: STOCK | AK6: STORED | AL6: STORED | AM6: USERS | AN6: (FRESH
E7: AC FT | N7: LAND | O7: F&R | R7: UTE | W7: TO EX & | AK7: Apr-Jun | AL7: EVAP | AM7: EXCH | AN7: WATER)
N8: 1.03 | O8: 1.05 | P8: 1.02 | Q8: 1.04 | R8: PROJ | W8: U/S EX | AL8: AC.FT
A9: SEASON BAL
A10: YTD | B10: =JAN!B42 -> 6877.06 | C10: =JAN!C42 -> 207479 | D10: =JAN!D51 -> 233 | E10: =JAN!E51 -> 55479 | F10: =JAN!F50 -> 117.46912 | G10: =JAN!G50 -> 6841 | H10: =JAN!H50 -> 161.34 | I10: =JAN!I50 -> 7002.34 | J10: =JAN!J50 -> 3698.8901 | K10: =JAN!K50 -> 10701.23 | L10: =JAN!L50 -> 3188.8291 | M10: =JAN!M50 -> 513.9 | ... U10: =JAN!U50 -> 7389.6642 | AA10: =JAN!AA50 -> 2322 | AB10: =JAN!AB50 -> 1729 | AC10: =JAN!AC50 -> 10073.7 | AD10: =JAN!AD50 -> 510.06094 | AE10: =JAN!AE50 -> 10583.761 | AF10: =JAN!AF50 -> 6.67 | AI10: =JAN!AI51 -> 14208.034 | AJ10: =JAN!AJ51 -> 0
A12: 1 | B12: 6877.16 | C12: 207771 | D12: =C12-C10 -> 292 | E12: =C12-152000 -> 55771 | F12: =D12/$D$2 -> 147.21452 | G12: 56 | H12: 4.4 | I12: =G12+H12 -> 60.4 | J12: =IF(L12>0,L12,0) -> 115.91452 | K12: =I12+J12 -> 176.31452 | L12: =F12-(I12-AC12) -> 115.91452 | M12: 4.1 | N12: 0 | O12: 0 | P12: =1.29*1.02 -> 1.3158 | Q12: =2.45*1.04 -> 2.548 | R12: 0 | S12: 0 | U12: =M12-N12-O12-P12-Q12-R12+S12+T12 -> 0.2362 | AA12: 25 | AB12: =AB10-AA12 -> 1704 | AC12: =N12+O12+P12+Q12+R12+U12+X12+AA12 -> 29.1 | AD12: =IF(L12<0,L12*-1,0) -> 0 | AE12: =AC12+AD12 -> 29.1 | AF12: 0.16 | AG12: 38 | AH12: 19 | AI12: =AI10+(U12*1.9835) -> 14208.502 | AJ12: 0
A13: =A12+1 -> 2 | B13: 6877.2 | C13: 207888 | D13: =C13-C12 -> 117 | E13: =C13-152000 -> 55888 | F13: =D13/$D$2 -> 58.98664 | G13: 51 | H13: 4.4 | I13: =G13+H13 -> 55.4 | J13: =IF(L13>0,L13,0) -> 32.58664 | K13: =I13+J13 -> 87.98664 | L13: =F13-(I13-AC13) -> 32.58664 | M13: 4 | N13: 0 | O13: 0 | P13: =1.29*1.02 -> 1.3158 | Q13: =2.66*1.04 -> 2.7664 | R13: 0 | S13: 0 | U13: =M13-N13-O13-P13-Q13-R13+S13+T13 -> -0.0822 | AA13: 25 | AB13: =AB12-AA13 -> 1679 | AC13: =N13+O13+P13+Q13+R13+U13+X13+AA13 -> 29 | AD13: =IF(L13<0,L13*-1,0) -> 0 | AE13: =AC13+AD13 -> 29 | AF13: 0 | AG13: 42 | AH13: 15 | AI13: =AI12+(U13*1.9835) -> 14208.339 | AJ13: 0
A14: =A13+1 -> 3 | B14: 6877.23 | C14: 207975 | D14: =C14-C13 -> 87 | E14: =C14-152000 -> 55975 | F14: =D14/$D$2 -> 43.86186 | G14: 52 | H14: 4.4 | I14: =G14+H14 -> 56.4 | J14: =IF(L14>0,L14,0) -> 16.46186 | K14: =I14+J14 -> 72.86186 | L14: =F14-(I14-AC14) -> 16.46186 | M14: 4 | N14: 0 | O14: 0 | P14: =1.29*1.02 -> 1.3158 | Q14: =2.39*1.04 -> 2.4856 | R14: 0 | S14: 0 | U14: =M14-N14-O14-P14-Q14-R14+S14+T14 -> 0.1986 | AA14: 25 | AB14: =AB13-AA14 -> 1654 | AC14: =N14+O14+P14+Q14+R14+U14+X14+AA14 -> 29 | AD14: =IF(L14<0,L14*-1,0) -> 0 | AE14: =AC14+AD14 -> 29 | AF14: 0 | AG14: 46 | AH14: 18 | AI14: =AI13+(U14*1.9835) -> 14208.733 | AJ14: 0
A15: =A14+1 -> 4 | B15: 6877.25 | C15: 208034 | D15: =C15-C14 -> 59 | E15: =C15-152000 -> 56034 | F15: =D15/$D$2 -> 29.7454 | G15: 61 | H15: 4.2 | I15: =G15+H15 -> 65.2 | J15: =IF(L15>0,L15,0) -> 0 | K15: =I15+J15 -> 65.2 | L15: =F15-(I15-AC15) -> -6.4546005 | M15: 4 | N15: 0 | O15: 0 | P15: =1.29*1.02 -> 1.3158 | Q15: =2.52*1.04 -> 2.6208 | R15: 0 | S15: 0 | U15: =M15-N15-O15-P15-Q15-R15+S15+T15 -> 0.0634 | AA15: 25 | AB15: =AB14-AA15 -> 1629 | AC15: =N15+O15+P15+Q15+R15+U15+X15+AA15 -> 29 | AD15: =IF(L15<0,L15*-1,0) -> 6.4546005 | AE15: =AC15+AD15 -> 35.4546 | AF15: 0 | AG15: 48 | AH15: 21 | AI15: =AI14+(U15*1.9835) -> 14208.859 | AJ15: 0
A16: =A15+1 -> 5 | B16: 6877.28 | C16: 208121 | D16: =C16-C15 -> 87 | E16: =C16-152000 -> 56121 | F16: =D16/$D$2 -> 43.86186 | G16: 68 | H16: 3.6 | I16: =G16+H16 -> 71.6 | J16: =IF(L16>0,L16,0) -> 1.2618603 | K16: =I16+J16 -> 72.86186 | L16: =F16-(I16-AC16) -> 1.2618603 | M16: 4 | N16: 0 | O16: 0 | P16: =1.29*1.02 -> 1.3158 | Q16: =2.55*1.04 -> 2.652 | R16: 0 | S16: 0 | U16: =M16-N16-O16-P16-Q16-R16+S16+T16 -> 0.0322 | AA16: 25 | AB16: =AB15-AA16 -> 1604 | AC16: =N16+O16+P16+Q16+R16+U16+X16+AA16 -> 29 | AD16: =IF(L16<0,L16*-1,0) -> 0 | AE16: =AC16+AD16 -> 29 | AF16: 0 | AG16: 47 | AH16: 24 | AI16: =AI15+(U16*1.9835) -> 14208.923 | AJ16: 0
A17: =A16+1 -> 6 | B17: 6877.31 | C17: 208209 | D17: =C17-C16 -> 88 | E17: =C17-152000 -> 56209 | F17: =D17/$D$2 -> 44.36602 | G17: 98 | H17: 3.6 | I17: =G17+H17 -> 101.6 | J17: =IF(L17>0,L17,0) -> 0 | K17: =I17+J17 -> 101.6 | L17: =F17-(I17-AC17) -> -28.23398 | M17: 4 | N17: 0 | O17: 0 | P17: =1.29*1.02 -> 1.3158 | Q17: =2.41*1.04 -> 2.5064 | R17: 0 | S17: 0 | U17: =M17-N17-O17-P17-Q17-R17+S17+T17 -> 0.1778 | AA17: 25 | AB17: =AB16-AA17 -> 1579 | AC17: =N17+O17+P17+Q17+R17+U17+X17+AA17 -> 29 | AD17: =IF(L17<0,L17*-1,0) -> 28.23398 | AE17: =AC17+AD17 -> 57.23398 | AF17: 0 | AG17: 45 | AH17: 24 | AI17: =AI16+(U17*1.9835) -> 14209.275 | AJ17: 0
A18: =A17+1 -> 7 | B18: 6877.43 | C18: 208560 | D18: =C18-C17 -> 351 | E18: =C18-152000 -> 56560 | F18: =D18/$D$2 -> 176.95992 | G18: 106 | H18: 3.8 | I18: =G18+H18 -> 109.8 | J18: =IF(L18>0,L18,0) -> 96.159919 | K18: =I18+J18 -> 205.95992 | L18: =F18-(I18-AC18) -> 96.159919 | M18: 4 | N18: 0 | O18: 0 | P18: =1.29*1.02 -> 1.3158 | Q18: =2.33*1.04 -> 2.4232 | R18: 0 | S18: 0 | U18: =M18-N18-O18-P18-Q18-R18+S18+T18 -> 0.261 | AA18: 25 | AB18: =AB17-AA18 -> 1554 | AC18: =N18+O18+P18+Q18+R18+U18+X18+AA18 -> 29 | AD18: =IF(L18<0,L18*-1,0) -> 0 | AE18: =AC18+AD18 -> 29 | AF18: 0.81 | AG18: 37 | AH18: 28 | AI18: =AI17+(U18*1.9835) -> 14209.793 | AJ18: 0
A19: =A18+1 -> 8 | B19: 6877.53 | C19: 208793 | D19: =C19-C18 -> 233 | E19: =C19-152000 -> 56793 | F19: =D19/$D$2 -> 117.46912 | G19: 93 | H19: 4.2 | I19: =G19+H19 -> 97.2 | J19: =IF(L19>0,L19,0) -> 49.26912 | K19: =I19+J19 -> 146.46912 | L19: =F19-(I19-AC19) -> 49.26912 | M19: 4 | N19: 0 | O19: 0 | P19: =1.29*1.02 -> 1.3158 | Q19: =2.2*1.04 -> 2.288 | R19: 0 | S19: 0 | U19: =M19-N19-O19-P19-Q19-R19+S19+T19 -> 0.3962 | AA19: 25 | AB19: =AB18-AA19 -> 1529 | AC19: =N19+O19+P19+Q19+R19+U19+X19+AA19 -> 29 | AD19: =IF(L19<0,L19*-1,0) -> 0 | AE19: =AC19+AD19 -> 29 | AF19: 0 | AG19: 36 | AH19: 11 | AI19: =AI18+(U19*1.9835) -> 14210.579 | AJ19: 0
A20: =A19+1 -> 9 | B20: 6877.56 | C20: 208939 | D20: =C20-C19 -> 146 | E20: =C20-152000 -> 56939 | F20: =D20/$D$2 -> 73.60726 | G20: 72 | H20: 5.1 | I20: =G20+H20 -> 77.1 | J20: =IF(L20>0,L20,0) -> 25.50726 | K20: =I20+J20 -> 102.60726 | L20: =F20-(I20-AC20) -> 25.50726 | M20: 4 | N20: 0 | O20: 0 | P20: =1.29*1.02 -> 1.3158 | Q20: =2.44*1.04 -> 2.5376 | R20: 0 | S20: 0 | U20: =M20-N20-O20-P20-Q20-R20+S20+T20 -> 0.1466 | AA20: 25 | AB20: =AB19-AA20 -> 1504 | AC20: =N20+O20+P20+Q20+R20+U20+X20+AA20 -> 29 | AD20: =IF(L20<0,L20*-1,0) -> 0 | AE20: =AC20+AD20 -> 29 | AF20: 0 | AG20: 42 | AH20: 8 | AI20: =AI19+(U20*1.9835) -> 14210.87 | AJ20: 0
A21: =A20+1 -> 10 | B21: 6877.6 | C21: 209056 | D21: =C21-C20 -> 117 | E21: =C21-152000 -> 57056 | F21: =D21/$D$2 -> 58.98664 | G21: 56 | H21: 5 | I21: =G21+H21 -> 61 | J21: =IF(L21>0,L21,0) -> 26.98664 | K21: =I21+J21 -> 87.98664 | L21: =F21-(I21-AC21) -> 26.98664 | M21: 4 | N21: 0 | O21: 0 | P21: =1.29*1.02 -> 1.3158 | Q21: =2.23*1.04 -> 2.3192 | R21: 0 | S21: 0 | U21: =M21-N21-O21-P21-Q21-R21+S21+T21 -> 0.365 | AA21: 25 | AB21: =AB20-AA21 -> 1479 | AC21: =N21+O21+P21+Q21+R21+U21+X21+AA21 -> 29 | AD21: =IF(L21<0,L21*-1,0) -> 0 | AE21: =AC21+AD21 -> 29 | AF21: 0 | AG21: 51 | AH21: 18 | AI21: =AI20+(U21*1.9835) -> 14211.594 | AJ21: 0
A22: =A21+1 -> 11 | B22: 6877.66 | C22: 209232 | D22: =C22-C21 -> 176 | E22: =C22-152000 -> 57232 | F22: =D22/$D$2 -> 88.732039 | G22: 94 | H22: 3.2 | I22: =G22+H22 -> 97.2 | J22: =IF(L22>0,L22,0) -> 20.632039 | K22: =I22+J22 -> 117.83204 | L22: =F22-(I22-AC22) -> 20.632039 | M22: 4.1 | N22: 0 | O22: 0 | P22: =1.29*1.02 -> 1.3158 | Q22: =2.25*1.04 -> 2.34 | R22: 0 | S22: 0 | U22: =M22-N22-O22-P22-Q22-R22+S22+T22 -> 0.4442 | AA22: 25 | AB22: =AB21-AA22 -> 1454 | AC22: =N22+O22+P22+Q22+R22+U22+X22+AA22 -> 29.1 | AD22: =IF(L22<0,L22*-1,0) -> 0 | AE22: =AC22+AD22 -> 29.1 | AF22: 0.3 | AG22: 43 | AH22: 32 | AI22: =AI21+(U22*1.9835) -> 14212.475 | AJ22: 0
A23: =A22+1 -> 12 | B23: 6877.85 | C23: 209787 | D23: =C23-C22 -> 555 | E23: =C23-152000 -> 57787 | F23: =D23/$D$2 -> 279.80842 | G23: 126 | H23: 8.3 | I23: =G23+H23 -> 134.3 | J23: =IF(L23>0,L23,0) -> 175.60842 | K23: =I23+J23 -> 309.90842 | L23: =F23-(I23-AC23) -> 175.60842 | M23: 4.1 | N23: 0 | O23: 0 | P23: =1.29*1.02 -> 1.3158 | Q23: =2.37*1.04 -> 2.4648 | R23: 0 | S23: 0 | U23: =M23-N23-O23-P23-Q23-R23+S23+T23 -> 0.3194 | AA23: 26 | AB23: =AB22-AA23 -> 1428 | AC23: =N23+O23+P23+Q23+R23+U23+X23+AA23 -> 30.1 | AD23: =IF(L23<0,L23*-1,0) -> 0 | AE23: =AC23+AD23 -> 30.1 | AF23: 0.39 | AG23: 40 | AH23: 33 | AI23: =AI22+(U23*1.9835) -> 14213.108 | AJ23: 0
A24: =A23+1 -> 13 | B24: 6878.03 | C24: 210313 | D24: =C24-C23 -> 526 | E24: =C24-152000 -> 58313 | F24: =D24/$D$2 -> 265.1878 | G24: 109 | H24: 34 | I24: =G24+H24 -> 143 | J24: =IF(L24>0,L24,0) -> 151.1878 | K24: =I24+J24 -> 294.1878 | L24: =F24-(I24-AC24) -> 151.1878 | M24: 4 | N24: 0 | O24: 0 | P24: =1.29*1.02 -> 1.3158 | Q24: =2.13*1.04 -> 2.2152 | R24: 0 | S24: 0 | U24: =M24-N24-O24-P24-Q24-R24+S24+T24 -> 0.469 | AA24: 25 | AB24: =AB23-AA24 -> 1403 | AC24: =N24+O24+P24+Q24+R24+U24+X24+AA24 -> 29 | AD24: =IF(L24<0,L24*-1,0) -> 0 | AE24: =AC24+AD24 -> 29 | AF24: 0 | AG24: 48 | AH24: 29 | AI24: =AI23+(U24*1.9835) -> 14214.039 | AJ24: 0
A25: =A24+1 -> 14 | B25: 6878.18 | C25: 210757 | D25: =C25-C24 -> 444 | E25: =C25-152000 -> 58757 | F25: =D25/$D$2 -> 223.84674 | G25: 102 | H25: 35 | I25: =G25+H25 -> 137 | J25: =IF(L25>0,L25,0) -> 115.84674 | K25: =I25+J25 -> 252.84674 | L25: =F25-(I25-AC25) -> 115.84674 | M25: 4 | N25: 0 | O25: 0 | P25: =1.29*1.02 -> 1.3158 | Q25: =2.52*1.04 -> 2.6208 | R25: 0 | S25: 0 | U25: =M25-N25-O25-P25-Q25-R25+S25+T25 -> 0.0634 | AA25: 25 | AB25: =AB24-AA25 -> 1378 | AC25: =N25+O25+P25+Q25+R25+U25+X25+AA25 -> 29 | AD25: =IF(L25<0,L25*-1,0) -> 0 | AE25: =AC25+AD25 -> 29 | AF25: 0 | AG25: 45 | AH25: 31 | AI25: =AI24+(U25*1.9835) -> 14214.164 | AJ25: 0
A26: =A25+1 -> 15 | B26: 6878.29 | C26: 211081 | D26: =C26-C25 -> 324 | E26: =C26-152000 -> 59081 | F26: =D26/$D$2 -> 163.34762 | G26: 105 | H26: 30 | I26: =G26+H26 -> 135 | J26: =IF(L26>0,L26,0) -> 57.347618 | K26: =I26+J26 -> 192.34762 | L26: =F26-(I26-AC26) -> 57.347618 | M26: 4 | N26: 0 | O26: 0 | P26: =1.29*1.02 -> 1.3158 | Q26: =2.33*1.04 -> 2.4232 | R26: 0 | S26: 0 | U26: =M26-N26-O26-P26-Q26-R26+S26+T26 -> 0.261 | AA26: 25 | AB26: =AB25-AA26 -> 1353 | AC26: =N26+O26+P26+Q26+R26+U26+X26+AA26 -> 29 | AD26: =IF(L26<0,L26*-1,0) -> 0 | AE26: =AC26+AD26 -> 29 | AF26: 0 | AG26: 46 | AH26: 33 | AI26: =AI25+(U26*1.9835) -> 14214.682 | AJ26: 0
A27: =A26+1 -> 16 | B27: 6878.48 | C27: 211643 | D27: =C27-C26 -> 562 | E27: =C27-152000 -> 59643 | F27: =D27/$D$2 -> 283.33753 | G27: 121 | H27: 23 | I27: =G27+H27 -> 144 | J27: =IF(L27>0,L27,0) -> 168.33753 | K27: =I27+J27 -> 312.33753 | L27: =F27-(I27-AC27) -> 168.33753 | M27: 4 | N27: 0 | O27: 0 | P27: =1.29*1.02 -> 1.3158 | Q27: =3.3*1.04 -> 3.432 | R27: 0 | S27: 0 | U27: =M27-N27-O27-P27-Q27-R27+S27+T27 -> -0.7478 | AA27: 25 | AB27: =AB26-AA27 -> 1328 | AC27: =N27+O27+P27+Q27+R27+U27+X27+AA27 -> 29 | AD27: =IF(L27<0,L27*-1,0) -> 0 | AE27: =AC27+AD27 -> 29 | AF27: 0.37 | AG27: 43 | AH27: 31 | AI27: =AI26+(U27*1.9835) -> 14213.199 | AJ27: 0
A28: =A27+1 -> 17 | B28: 6878.65 | C28: 212145 | D28: =C28-C27 -> 502 | E28: =C28-152000 -> 60145 | F28: =D28/$D$2 -> 253.08798 | G28: 112 | H28: 36 | I28: =G28+H28 -> 148 | J28: =IF(L28>0,L28,0) -> 134.08798 | K28: =I28+J28 -> 282.08798 | L28: =F28-(I28-AC28) -> 134.08798 | M28: 4 | N28: 0 | O28: 0 | P28: =1.29*1.02 -> 1.3158 | Q28: =2.71*1.04 -> 2.8184 | R28: 0 | S28: 0 | U28: =M28-N28-O28-P28-Q28-R28+S28+T28 -> -0.1342 | AA28: 25 | AB28: =AB27-AA28 -> 1303 | AC28: =N28+O28+P28+Q28+R28+U28+X28+AA28 -> 29 | AD28: =IF(L28<0,L28*-1,0) -> 0 | AE28: =AC28+AD28 -> 29 | AF28: 0 | AG28: 48 | AH28: 28 | AI28: =AI27+(U28*1.9835) -> 14212.933 | AJ28: 0
A29: =A28+1 -> 18 | B29: 6878.82 | C29: 212647 | D29: =C29-C28 -> 502 | E29: =C29-152000 -> 60647 | F29: =D29/$D$2 -> 253.08798 | G29: 115 | H29: 32 | I29: =G29+H29 -> 147 | J29: =IF(L29>0,L29,0) -> 135.08798 | K29: =I29+J29 -> 282.08798 | L29: =F29-(I29-AC29) -> 135.08798 | M29: 4 | N29: 0 | O29: 0 | P29: =1.29*1.02 -> 1.3158 | Q29: =2.27*1.04 -> 2.3608 | R29: 0 | S29: 0 | U29: =M29-N29-O29-P29-Q29-R29+S29+T29 -> 0.3234 | AA29: 25 | AB29: =AB28-AA29 -> 1278 | AC29: =N29+O29+P29+Q29+R29+U29+X29+AA29 -> 29 | AD29: =IF(L29<0,L29*-1,0) -> 0 | AE29: =AC29+AD29 -> 29 | AF29: 0.24 | AG29: 38 | AH29: 30 | AI29: =AI28+(U29*1.9835) -> 14213.574 | AJ29: 0
A30: =A29+1 -> 19 | B30: 6879 | C30: 213179 | D30: =C30-C29 -> 532 | E30: =C30-152000 -> 61179 | F30: =D30/$D$2 -> 268.21276 | G30: 133 | H30: 27 | I30: =G30+H30 -> 160 | J30: =IF(L30>0,L30,0) -> 137.21276 | K30: =I30+J30 -> 297.21276 | L30: =F30-(I30-AC30) -> 137.21276 | M30: 4 | N30: 0 | O30: 0 | P30: =1.29*1.02 -> 1.3158 | Q30: =2.43*1.04 -> 2.5272 | R30: 0 | S30: 0 | U30: =M30-N30-O30-P30-Q30-R30+S30+T30 -> 0.157 | AA30: 25 | AB30: =AB29-AA30 -> 1253 | AC30: =N30+O30+P30+Q30+R30+U30+X30+AA30 -> 29 | AD30: =IF(L30<0,L30*-1,0) -> 0 | AE30: =AC30+AD30 -> 29 | AF30: 0.25 | AG30: 40 | AH30: 37 | AI30: =AI29+(U30*1.9835) -> 14213.885 | AJ30: 0
A31: =A30+1 -> 20 | B31: 6879.18 | C31: 213716 | D31: =C31-C30 -> 537 | E31: =C31-152000 -> 61716 | F31: =D31/$D$2 -> 270.73355 | G31: 132 | H31: 28 | I31: =G31+H31 -> 160 | J31: =IF(L31>0,L31,0) -> 139.73355 | K31: =I31+J31 -> 299.73355 | L31: =F31-(I31-AC31) -> 139.73355 | M31: 4 | N31: 0 | O31: 0 | P31: =1.29*1.02 -> 1.3158 | Q31: =2.24*1.04 -> 2.3296 | R31: 0 | S31: 0 | U31: =M31-N31-O31-P31-Q31-R31+S31+T31 -> 0.3546 | AA31: 25 | AB31: =AB30-AA31 -> 1228 | AC31: =N31+O31+P31+Q31+R31+U31+X31+AA31 -> 29 | AD31: =IF(L31<0,L31*-1,0) -> 0 | AE31: =AC31+AD31 -> 29 | AF31: 0.24 | AG31: 45 | AH31: 30 | AI31: =AI30+(U31*1.9835) -> 14214.589 | AJ31: 0
A32: =A31+1 -> 21 | B32: 6879.26 | C32: 213955 | D32: =C32-C31 -> 239 | E32: =C32-152000 -> 61955 | F32: =D32/$D$2 -> 120.49408 | G32: 121 | H32: 29 | I32: =G32+H32 -> 150 | J32: =IF(L32>0,L32,0) -> 0 | K32: =I32+J32 -> 150 | L32: =F32-(I32-AC32) -> -0.50592387 | M32: 4 | N32: 0 | O32: 0 | P32: =1.29*1.02 -> 1.3158 | Q32: =2.42*1.04 -> 2.5168 | R32: 0 | S32: 0 | U32: =M32-N32-O32-P32-Q32-R32+S32+T32 -> 0.1674 | AA32: 25 | AB32: =AB31-AA32 -> 1203 | AC32: =N32+O32+P32+Q32+R32+U32+X32+AA32 -> 29 | AD32: =IF(L32<0,L32*-1,0) -> 0.50592387 | AE32: =AC32+AD32 -> 29.505924 | AF32: 0 | AG32: 47 | AH32: 27 | AI32: =AI31+(U32*1.9835) -> 14214.921 | AJ32: 0
A33: =A32+1 -> 22 | B33: 6879.38 | C33: 214313 | D33: =C33-C32 -> 358 | E33: =C33-152000 -> 62313 | F33: =D33/$D$2 -> 180.48903 | G33: 119 | H33: 19 | I33: =G33+H33 -> 138 | J33: =IF(L33>0,L33,0) -> 71.489035 | K33: =I33+J33 -> 209.48903 | L33: =F33-(I33-AC33) -> 71.489035 | M33: 4 | N33: 0 | O33: 0 | P33: =1.29*1.02 -> 1.3158 | Q33: =2.2*1.04 -> 2.288 | R33: 0 | S33: 0 | U33: =M33-N33-O33-P33-Q33-R33+S33+T33 -> 0.3962 | AA33: 25 | AB33: =AB32-AA33 -> 1178 | AC33: =N33+O33+P33+Q33+R33+U33+X33+AA33 -> 29 | AD33: =IF(L33<0,L33*-1,0) -> 0 | AE33: =AC33+AD33 -> 29 | AF33: 0.23 | AG33: 50 | AH33: 32 | AI33: =AI32+(U33*1.9835) -> 14215.707 | AJ33: 0
A34: =A33+1 -> 23 | B34: 6879.53 | C34: 214761 | D34: =C34-C33 -> 448 | E34: =C34-152000 -> 62761 | F34: =D34/$D$2 -> 225.86337 | G34: 122 | H34: 20 | I34: =G34+H34 -> 142 | J34: =IF(L34>0,L34,0) -> 112.86337 | K34: =I34+J34 -> 254.86337 | L34: =F34-(I34-AC34) -> 112.86337 | M34: 4 | N34: 0 | O34: 0 | P34: =1.29*1.02 -> 1.3158 | Q34: =2.3*1.04 -> 2.392 | R34: 0 | S34: 0 | U34: =M34-N34-O34-P34-Q34-R34+S34+T34 -> 0.2922 | AA34: 25 | AB34: =AB33-AA34 -> 1153 | AC34: =N34+O34+P34+Q34+R34+U34+X34+AA34 -> 29 | AD34: =IF(L34<0,L34*-1,0) -> 0 | AE34: =AC34+AD34 -> 29 | AF34: 0.08 | AG34: 46 | AH34: 30 | AI34: =AI33+(U34*1.9835) -> 14216.286 | AJ34: 0
A35: =A34+1 -> 24 | B35: 6879.66 | C35: 215149 | D35: =C35-C34 -> 388 | E35: =C35-152000 -> 63149 | F35: =D35/$D$2 -> 195.61381 | G35: 106 | H35: 22 | I35: =G35+H35 -> 128 | J35: =IF(L35>0,L35,0) -> 95.613814 | K35: =I35+J35 -> 223.61381 | L35: =F35-(I35-AC35) -> 95.613814 | M35: 4 | N35: 0 | O35: 0 | P35: =1.29*1.02 -> 1.3158 | Q35: =2.2*1.04 -> 2.288 | R35: 0 | S35: 0 | U35: =M35-N35-O35-P35-Q35-R35+S35+T35 -> 0.3962 | AA35: 24 | AB35: =AB34-AA35 -> 1129 | AC35: =N35+O35+P35+Q35+R35+U35+X35+AA35 -> 28 | AD35: =IF(L35<0,L35*-1,0) -> 0 | AE35: =AC35+AD35 -> 28 | AF35: 0.2 | AG35: 47 | AH35: 27 | AI35: =AI34+(U35*1.9835) -> 14217.072 | AJ35: 0
A36: =A35+1 -> 25 | B36: 6879.78 | C36: 215508 | D36: =C36-C35 -> 359 | E36: =C36-152000 -> 63508 | F36: =D36/$D$2 -> 180.99319 | G36: 107 | H36: 17 | I36: =G36+H36 -> 124 | J36: =IF(L36>0,L36,0) -> 84.993194 | K36: =I36+J36 -> 208.99319 | L36: =F36-(I36-AC36) -> 84.993194 | M36: 4 | N36: 0 | O36: 0 | P36: =1.29*1.02 -> 1.3158 | Q36: =2.24*1.04 -> 2.3296 | R36: 0 | S36: 0 | U36: =M36-N36-O36-P36-Q36-R36+S36+T36 -> 0.3546 | AA36: 24 | AB36: =AB35-AA36 -> 1105 | AC36: =N36+O36+P36+Q36+R36+U36+X36+AA36 -> 28 | AD36: =IF(L36<0,L36*-1,0) -> 0 | AE36: =AC36+AD36 -> 28 | AF36: 0 | AG36: 38 | AH36: 27 | AI36: =AI35+(U36*1.9835) -> 14217.775 | AJ36: 0
A37: =A36+1 -> 26 | B37: 6879.88 | C37: 215806 | D37: =C37-C36 -> 298 | E37: =C37-152000 -> 63806 | F37: =D37/$D$2 -> 150.23948 | G37: 103 | H37: 19 | I37: =G37+H37 -> 122 | J37: =IF(L37>0,L37,0) -> 56.239476 | K37: =I37+J37 -> 178.23948 | L37: =F37-(I37-AC37) -> 56.239476 | M37: 4 | N37: 0 | O37: 0 | P37: =1.29*1.02 -> 1.3158 | Q37: =2.17*1.04 -> 2.2568 | R37: 0 | S37: 0 | U37: =M37-N37-O37-P37-Q37-R37+S37+T37 -> 0.4274 | AA37: 24 | AB37: =AB36-AA37 -> 1081 | AC37: =N37+O37+P37+Q37+R37+U37+X37+AA37 -> 28 | AD37: =IF(L37<0,L37*-1,0) -> 0 | AE37: =AC37+AD37 -> 28 | AF37: 0 | AG37: 41 | AH37: 23 | AI37: =AI36+(U37*1.9835) -> 14218.623 | AJ37: 0
A38: =A37+1 -> 27 | B38: 6879.97 | C38: 216075 | D38: =C38-C37 -> 269 | E38: =C38-152000 -> 64075 | F38: =D38/$D$2 -> 135.61886 | G38: 96 | H38: 19 | I38: =G38+H38 -> 115 | J38: =IF(L38>0,L38,0) -> 48.818856 | K38: =I38+J38 -> 163.81886 | L38: =F38-(I38-AC38) -> 48.818856 | M38: 4.2 | N38: 0 | O38: 0 | P38: =1.29*1.02 -> 1.3158 | Q38: =2.28*1.04 -> 2.3712 | R38: 0 | S38: 0 | U38: =M38-N38-O38-P38-Q38-R38+S38+T38 -> 0.513 | AA38: 24 | AB38: =AB37-AA38 -> 1057 | AC38: =N38+O38+P38+Q38+R38+U38+X38+AA38 -> 28.2 | AD38: =IF(L38<0,L38*-1,0) -> 0 | AE38: =AC38+AD38 -> 28.2 | AF38: 0 | AG38: 46 | AH38: 21 | AI38: =AI37+(U38*1.9835) -> 14219.641 | AJ38: 0
A39: 28 | B39: 6880.05 | C39: 216316 | D39: =C39-C38 -> 241 | E39: =C39-152000 -> 64316 | F39: =D39/$D$2 -> 121.50239 | G39: 98 | H39: 20 | I39: =G39+H39 -> 118 | J39: =IF(L39>0,L39,0) -> 31.802395 | K39: =I39+J39 -> 149.80239 | L39: =F39-(I39-AC39) -> 31.802395 | M39: 4.3 | N39: 0 | O39: 0 | P39: =1.29*1.02 -> 1.3158 | Q39: =2.32*1.04 -> 2.4128 | R39: 0 | S39: 0 | U39: =M39-N39-O39-P39-Q39-R39+S39+T39 -> 0.5714 | AA39: 24 | AB39: =AB38-AA39 -> 1033 | AC39: =N39+O39+P39+Q39+R39+U39+X39+AA39 -> 28.3 | AD39: =IF(L39<0,L39*-1,0) -> 0 | AE39: =AC39+AD39 -> 28.3 | AF39: 0 | AG39: 48 | AH39: 23 | AI39: =AI38+(U39*1.9835) -> 14220.774 | AJ39: 0
A41: MONTH / CFS | F41: =SUM(F12:F39) -> 4455.2559 | G41: =SUM(G12:G39) -> 2734 | H41: =SUM(H12:H39) -> 464.2 | I41: =SUM(I12:I39) -> 3198.2 | J41: =SUM(J12:J39) -> 2101.0504 | K41: =SUM(K12:K39) -> 5299.2504 | L41: =SUM(L12:L39) -> 2065.8559 | M41: =SUM(M12:M39) -> 112.8 | ... U41: =SUM(U12:U39) -> 6.4232 | AA41: =SUM(AA12:AA39) -> 696 | AC41: =SUM(AC12:AC39) -> 808.8 | AD41: =SUM(AD12:AD39) -> 35.194505 | AE41: =SUM(AE12:AE39) -> 843.9945 | AF41: =SUM(AF12:AF39) -> 3.27 | AG41: =AVERAGE(AG12:AG39) -> 43.964286 | AH41: =AVERAGE(AH12:AH39) -> 25.357143 | AI41: AVE | AJ41: =SUM(AJ12:AJ39) -> 0
A42: MONTH / AF | D42: =SUM(D12:D39) -> 8837 | F42: =F41*$D$2 -> 8837 | G42: =G41*$D$2 -> 5422.889 | H42: =H41*$D$2 -> 920.7407 | I42: =I41*$D$2 -> 6343.6297 | J42: =J41*$D$2 -> 4167.4334 | K42: =K41*$D$2 -> 10511.063 | L42: =L41*$D$2 -> 4097.6251 | M42: =M41*$D$2 -> 223.7388 | ... U42: =U41*$D$2 -> 12.740417 | AA42: =AA41*$D$2 -> 1380.516 | AC42: =AC41*$D$2 -> 1604.2548 | AD42: =AD41*$D$2 -> 69.8083 | AE42: =AE41*$D$2 -> 1674.0631 | AG42: =MAX(AG12:AG39) -> 51 | AH42: =MAX(AH12:AH39) -> 37 | AI42: HI | AJ42: =AJ41*$D$2 -> 0
A44: SEASON / CFS | AG44: =MIN(AG12:AG39) -> 36 | AH44: =MIN(AH12:AH39) -> 8 | AI44: LO
A45: SEASON / AF
A47: YTD / CFS | F47: =F10+F41 -> 4572.725 | G47: =G10+G41 -> 9575 | H47: =H10+H41 -> 625.54 | I47: =I10+I41 -> 10200.54 | J47: =J10+J41 -> 5799.9404 | K47: =K10+K41 -> 16000.48 | L47: =L10+L41 -> 5254.685 | M47: =M10+M41 -> 626.7 | ... U47: =U10+U41 -> 7396.0874 | AA47: =AA10+AA41 -> 3018 | AB47: =AB39 -> 1033 | AC47: =AC10+AC41 -> 10882.5 | AD47: =AD10+AD41 -> 545.25544 | AE47: =AE10+AE41 -> 11427.755 | AF47: =AF10+AF41 -> 9.94 | AJ47: =AJ10+AJ41 -> 0
A48: YTD / AF | D48: =D10+D42 -> 9070 | E48: =E39 -> 64316 | F48: =F47*$D$2 -> 9070 | G48: =G47*$D$2 -> 18992.013 | H48: =H47*$D$2 -> 1240.7586 | I48: =I47*$D$2 -> 20232.771 | J48: =J47*$D$2 -> 11504.182 | K48: =K47*$D$2 -> 31736.953 | L48: =L47*$D$2 -> 10422.668 | M48: =M47*$D$2 -> 1243.0594 | ... U48: =U47*$D$2 -> 14670.139 | AA48: =AA47*$D$2 -> 5986.203 | AB48: =AB47*$D$2 -> 2048.9555 | AC48: =AC47*$D$2 -> 21585.439 | AD48: =AD47*$D$2 -> 1081.5142 | AE48: =AE47*$D$2 -> 22666.953 | AI48: =AI39 -> 14220.774 | AJ48: =AJ47*$D$2 -> 0

Sheet MAR
K1: MCPHEE RESERVOIR INFLOW/OUTFLOW TABULATION
A2: AF/cfs CONVERT FACTOR | D2: 1.9835 | K2: MARCH "2005"
D4: RESERVOIR | S4: INFLOW/OUTFLOW (CFS) | AG4: WEATHER | AK4: ADJUSTMENTS
A5: DATE | B5: RESERV | C5: RESERV | D5: AC FT | E5: ACTIVE | F5: CONV TO | G5: DOLORES | H5: LOST | I5: RECORD | J5: CALC | K5: TOTAL | L5: CALC | M5: DOLORES TUNNEL | S5: LONE | T5: U | U5: TOTAL | V5: MVI | W5: MVI | X5: DV CR | Y5: D/S SENIOR | AA5: BELOW | AB5: FISH | AC5: RECORD | AD5: CALC | AE5: TOTAL | AF5: RAIN | AG5: MAX | AH5: MIN | AI5: NAR | AJ5: MVI | AK5: MVI | AL5: MVI | AM5: U/S | AN5: TOTTEN
A6: MAR | B6: ELEV | C6: AC FT | D6: CHANGE | E6: CAP | F6: CFS | G6: RIVER | H6: CAN | I6: INFLOW | J6: INFLOW | K6: INFLOW | L6: INF/OTF | M6: TOT DIV | N6: WET | O6: UTE | P6: MWC | Q6: CTZ | R6: CTX & | S6: PINE | T6: LAT | U6: MVI | V6: CALL | W6: PROJ & | X6: CANAL | AA6: MCP | AB6: LEFT | AC6: OTF | AD6: OTF | AE6: OTF | AG6: TMP | AH6: TMP | AI6: CALL | AJ6: STOCK | AK6: STORED | AL6: STORED | AM6: USERS | AN6: (FRESH
E7: AC FT | N7: LAND | O7: F&R | R7: UTE | W7: TO EX & | AI7: AC.FT. | AJ7: CFS | AK7: Apr-Jun | AL7: EVAP | AM7: EXCH | AN7: WATER)
N8: 1.03 | O8: 1.05 | P8: 1.02 | Q8: 1.04 | R8: PROJ | W8: U/S EX | AL8: AC.FT.
A9: SEASON BAL
A10: YTD | B10: =FEB!B39 -> 6880.05 | C10: =FEB!C39 -> 216316 | D10: =FEB!D48 -> 9070 | E10: =FEB!E48 -> 64316 | F10: =FEB!F47 -> 4572.725 | G10: =FEB!G47 -> 9575 | H10: =FEB!H47 -> 625.54 | I10: =FEB!I47 -> 10200.54 | J10: =FEB!J47 -> 5799.9404 | K10: =FEB!K47 -> 16000.48 | L10: =FEB!L47 -> 5254.685 | M10: =FEB!M47 -> 626.7 | ... U10: =FEB!U47 -> 7396.0874 | AA10: =FEB!AA47 -> 3018 | AB10: =FEB!AB47 -> 1033 | AC10: =FEB!AC47 -> 10882.5 | AD10: =FEB!AD47 -> 545.25544 | AE10: =FEB!AE47 -> 11427.755 | AF10: =FEB!AF47 -> 9.94 | AI10: =FEB!AI48 -> 14220.774 | AJ10: =FEB!AJ48 -> 0
A12: 1 | B12: 6880.14 | C12: 216588 | D12: =C12-C10 -> 272 | E12: =C12-152000 -> 64588 | F12: =D12/$D$2 -> 137.13133 | G12: 108 | H12: 18 | I12: =G12+H12 -> 126 | J12: =IF(L12>0,L12,0) -> 39.431334 | K12: =I12+J12 -> 165.43133 | L12: =F12-(I12-AC12) -> 39.431334 | M12: 4.3 | N12: 0 | O12: 0 | P12: =1.31*1.02 -> 1.3362 | Q12: =2.15*1.04 -> 2.236 | R12: 0 | S12: 0 | U12: =M12-N12-O12-P12-Q12-R12+S12+T12 -> 0.7278 | AA12: 24 | AB12: =AB10-AA12 -> 1009 | AC12: =N12+O12+P12+Q12+R12+U12+X12+AA12 -> 28.3 | AD12: =IF(L12<0,L12*-1,0) -> 0 | AE12: =AC12+AD12 -> 28.3 | AF12: 0 | AG12: 49 | AH12: 27 | AI12: =AI10+(U12*1.9835) -> 14222.218
A13: =A12+1 -> 2 | B13: 6880.23 | C13: 216860 | D13: =C13-C12 -> 272 | E13: =C13-152000 -> 64860 | F13: =D13/$D$2 -> 137.13133 | G13: 100 | H13: 18 | I13: =G13+H13 -> 118 | J13: =IF(L13>0,L13,0) -> 47.431334 | K13: =I13+J13 -> 165.43133 | L13: =F13-(I13-AC13) -> 47.431334 | M13: 4.3 | N13: 0 | O13: 0 | P13: =1.31*1.02 -> 1.3362 | Q13: =2.2*1.04 -> 2.288 | R13: 0 | S13: 0 | U13: =M13-N13-O13-P13-Q13-R13+S13+T13 -> 0.6758 | AA13: 24 | AB13: =AB12-AA13 -> 985 | AC13: =N13+O13+P13+Q13+R13+U13+X13+AA13 -> 28.3 | AD13: =IF(L13<0,L13*-1,0) -> 0 | AE13: =AC13+AD13 -> 28.3 | AF13: 0 | AG13: 51 | AH13: 22 | AI13: =AI12+(U13*1.9835) -> 14223.558
A14: =A13+1 -> 3 | B14: 6880.31 | C14: 217102 | D14: =C14-C13 -> 242 | E14: =C14-152000 -> 65102 | F14: =D14/$D$2 -> 122.00655 | G14: 108 | H14: 16 | I14: =G14+H14 -> 124 | J14: =IF(L14>0,L14,0) -> 26.306554 | K14: =I14+J14 -> 150.30655 | L14: =F14-(I14-AC14) -> 26.306554 | M14: 4.3 | N14: 0 | O14: 0 | P14: =1.31*1.02 -> 1.3362 | Q14: =3.88*1.04 -> 4.0352 | R14: 0 | S14: 0 | U14: =M14-N14-O14-P14-Q14-R14+S14+T14 -> -1.0714 | AA14: 24 | AB14: =AB13-AA14 -> 961 | AC14: =N14+O14+P14+Q14+R14+U14+X14+AA14 -> 28.3 | AD14: =IF(L14<0,L14*-1,0) -> 0 | AE14: =AC14+AD14 -> 28.3 | AF14: 0 | AG14: 47 | AH14: 28 | AI14: =AI13+(U14*1.9835) -> 14221.433
A15: =A14+1 -> 4 | B15: 6880.41 | C15: 217404 | D15: =C15-C14 -> 302 | E15: =C15-152000 -> 65404 | F15: =D15/$D$2 -> 152.25611 | G15: 100 | H15: 18 | I15: =G15+H15 -> 118 | J15: =IF(L15>0,L15,0) -> 62.556113 | K15: =I15+J15 -> 180.55611 | L15: =F15-(I15-AC15) -> 62.556113 | M15: 4.3 | N15: 0 | O15: 0 | P15: =1.31*1.02 -> 1.3362 | Q15: =2.1*1.04 -> 2.184 | R15: 0 | S15: 0 | U15: =M15-N15-O15-P15-Q15-R15+S15+T15 -> 0.7798 | AA15: 24 | AB15: =AB14-AA15 -> 937 | AC15: =N15+O15+P15+Q15+R15+U15+X15+AA15 -> 28.3 | AD15: =IF(L15<0,L15*-1,0) -> 0 | AE15: =AC15+AD15 -> 28.3 | AF15: 0 | AG15: 50 | AH15: 25 | AI15: =AI14+(U15*1.9835) -> 14222.98
A16: =A15+1 -> 5 | B16: 6880.51 | C16: 217707 | D16: =C16-C15 -> 303 | E16: =C16-152000 -> 65707 | F16: =D16/$D$2 -> 152.76027 | G16: 117 | H16: 23 | I16: =G16+H16 -> 140 | J16: =IF(L16>0,L16,0) -> 41.060272 | K16: =I16+J16 -> 181.06027 | L16: =F16-(I16-AC16) -> 41.060272 | M16: 4.3 | N16: 0 | O16: 0 | P16: =1.31*1.02 -> 1.3362 | Q16: =2.16*1.04 -> 2.2464 | R16: 0 | S16: 0 | U16: =M16-N16-O16-P16-Q16-R16+S16+T16 -> 0.7174 | AA16: 24 | AB16: =AB15-AA16 -> 913 | AC16: =N16+O16+P16+Q16+R16+U16+X16+AA16 -> 28.3 | AD16: =IF(L16<0,L16*-1,0) -> 0 | AE16: =AC16+AD16 -> 28.3 | AF16: 0 | AG16: 47 | AH16: 31 | AI16: =AI15+(U16*1.9835) -> 14224.403
A17: =A16+1 -> 6 | B17: 6880.64 | C17: 218100 | D17: =C17-C16 -> 393 | E17: =C17-152000 -> 66100 | F17: =D17/$D$2 -> 198.13461 | G17: 120 | H17: 29 | I17: =G17+H17 -> 149 | J17: =IF(L17>0,L17,0) -> 77.434611 | K17: =I17+J17 -> 226.43461 | L17: =F17-(I17-AC17) -> 77.434611 | M17: 4.3 | N17: 0 | O17: 0 | P17: =1.31*1.02 -> 1.3362 | Q17: =2.79*1.04 -> 2.9016 | R17: 0 | S17: 0 | U17: =M17-N17-O17-P17-Q17-R17+S17+T17 -> 0.0622 | AA17: 24 | AB17: =AB16-AA17 -> 889 | AC17: =N17+O17+P17+Q17+R17+U17+X17+AA17 -> 28.3 | AD17: =IF(L17<0,L17*-1,0) -> 0 | AE17: =AC17+AD17 -> 28.3 | AF17: 0 | AG17: 56 | AH17: 29 | AI17: =AI16+(U17*1.9835) -> 14224.526
A18: =A17+1 -> 7 | B18: 6880.79 | C18: 218553 | D18: =C18-C17 -> 453 | E18: =C18-152000 -> 66553 | F18: =D18/$D$2 -> 228.38417 | G18: 136 | H18: 41 | I18: =G18+H18 -> 177 | J18: =IF(L18>0,L18,0) -> 81.184169 | K18: =I18+J18 -> 258.18417 | L18: =F18-(I18-AC18) -> 81.184169 | M18: 5.8 | N18: 0 | O18: 0 | P18: =1.31*1.02 -> 1.3362 | Q18: =2.22*1.04 -> 2.3088 | R18: 0 | S18: 0 | U18: =M18-N18-O18-P18-Q18-R18+S18+T18 -> 2.155 | AA18: 24 | AB18: =AB17-AA18 -> 865 | AC18: =N18+O18+P18+Q18+R18+U18+X18+AA18 -> 29.8 | AD18: =IF(L18<0,L18*-1,0) -> 0 | AE18: =AC18+AD18 -> 29.8 | AF18: 0 | AG18: 56 | AH18: 25 | AI18: =AI17+(U18*1.9835) -> 14228.801
A19: =A18+1 -> 8 | B19: 6881.01 | C19: 219219 | D19: =C19-C18 -> 666 | E19: =C19-152000 -> 67219 | F19: =D19/$D$2 -> 335.7701 | G19: 161 | H19: 52 | I19: =G19+H19 -> 213 | J19: =IF(L19>0,L19,0) -> 155.9701 | K19: =I19+J19 -> 368.9701 | L19: =F19-(I19-AC19) -> 155.9701 | M19: 5.2 | N19: 0 | O19: 0 | P19: =1.31*1.02 -> 1.3362 | Q19: =2.18*1.04 -> 2.2672 | R19: 0 | S19: 0 | U19: =M19-N19-O19-P19-Q19-R19+S19+T19 -> 1.5966 | AA19: 28 | AB19: =AB18-AA19 -> 837 | AC19: =N19+O19+P19+Q19+R19+U19+X19+AA19 -> 33.2 | AD19: =IF(L19<0,L19*-1,0) -> 0 | AE19: =AC19+AD19 -> 33.2 | AF19: 0 | AG19: 55 | AH19: 28 | AI19: =AI18+(U19*1.9835) -> 14231.967
A20: =A19+1 -> 9 | B20: 6881.24 | C20: 219924 | D20: =C20-C19 -> 705 | E20: =C20-152000 -> 67924 | F20: =D20/$D$2 -> 355.43232 | G20: 193 | H20: 69 | I20: =G20+H20 -> 262 | J20: =IF(L20>0,L20,0) -> 134.63232 | K20: =I20+J20 -> 396.63232 | L20: =F20-(I20-AC20) -> 134.63232 | M20: 5.2 | N20: 0 | O20: 0 | P20: =1.31*1.02 -> 1.3362 | Q20: =2.27*1.04 -> 2.3608 | R20: 0 | S20: 0 | U20: =M20-N20-O20-P20-Q20-R20+S20+T20 -> 1.503 | AA20: 36 | AB20: =AB19-AA20 -> 801 | AC20: =N20+O20+P20+Q20+R20+U20+X20+AA20 -> 41.2 | AD20: =IF(L20<0,L20*-1,0) -> 0 | AE20: =AC20+AD20 -> 41.2 | AF20: 0 | AG20: 61 | AH20: 28 | AI20: =AI19+(U20*1.9835) -> 14234.949
A21: =A20+1 -> 10 | B21: 6881.61 | C21: 221058 | D21: =C21-C20 -> 1134 | E21: =C21-152000 -> 69058 | F21: =D21/$D$2 -> 571.71666 | G21: 259 | H21: 100 | I21: =G21+H21 -> 359 | J21: =IF(L21>0,L21,0) -> 253.91666 | K21: =I21+J21 -> 612.91666 | L21: =F21-(I21-AC21) -> 253.91666 | M21: 5.2 | N21: 0 | O21: 0 | P21: =1.31*1.02 -> 1.3362 | Q21: =1.95*1.04 -> 2.028 | R21: 0 | S21: 0 | U21: =M21-N21-O21-P21-Q21-R21+S21+T21 -> 1.8358 | AA21: 36 | AB21: =AB20-AA21 -> 765 | AC21: =N21+O21+P21+Q21+R21+U21+X21+AA21 -> 41.2 | AD21: =IF(L21<0,L21*-1,0) -> 0 | AE21: =AC21+AD21 -> 41.2 | AF21: 0 | AG21: 60 | AH21: 30 | AI21: =AI20+(U21*1.9835) -> 14238.59
A22: =A21+1 -> 11 | B22: 6882.02 | C22: 222315 | D22: =C22-C21 -> 1257 | E22: =C22-152000 -> 70315 | F22: =D22/$D$2 -> 633.72826 | G22: 321 | H22: 119 | I22: =G22+H22 -> 440 | J22: =IF(L22>0,L22,0) -> 234.92826 | K22: =I22+J22 -> 674.92826 | L22: =F22-(I22-AC22) -> 234.92826 | M22: 5.2 | N22: 0 | O22: 0 | P22: =1.31*1.02 -> 1.3362 | Q22: =1.89*1.04 -> 1.9656 | R22: 0 | S22: 0 | U22: =M22-N22-O22-P22-Q22-R22+S22+T22 -> 1.8982 | AA22: 36 | AB22: =AB21-AA22 -> 729 | AC22: =N22+O22+P22+Q22+R22+U22+X22+AA22 -> 41.2 | AD22: =IF(L22<0,L22*-1,0) -> 0 | AE22: =AC22+AD22 -> 41.2 | AF22: 0 | AG22: 61 | AH22: 33 | AI22: =AI21+(U22*1.9835) -> 14242.355
A23: =A22+1 -> 12 | B23: 6882.51 | C23: 223837 | D23: =C23-C22 -> 1522 | E23: =C23-152000 -> 71837 | F23: =D23/$D$2 -> 767.33048 | G23: 378 | H23: 138 | I23: =G23+H23 -> 516 | J23: =IF(L23>0,L23,0) -> 292.53048 | K23: =I23+J23 -> 808.53048 | L23: =F23-(I23-AC23) -> 292.53048 | M23: 5.2 | N23: 0 | O23: 0 | P23: =1.31*1.02 -> 1.3362 | Q23: =2.07*1.04 -> 2.1528 | R23: 0 | S23: 0 | U23: =M23-N23-O23-P23-Q23-R23+S23+T23 -> 1.711 | AA23: 36 | AB23: =AB22-AA23 -> 693 | AC23: =N23+O23+P23+Q23+R23+U23+X23+AA23 -> 41.2 | AD23: =IF(L23<0,L23*-1,0) -> 0 | AE23: =AC23+AD23 -> 41.2 | AF23: 0 | AG23: 62 | AH23: 30 | AI23: =AI22+(U23*1.9835) -> 14245.749
A24: =A23+1 -> 13 | B24: 6883.1 | C24: 225674 | D24: =C24-C23 -> 1837 | E24: =C24-152000 -> 73674 | F24: =D24/$D$2 -> 926.14066 | G24: 445 | H24: 158 | I24: =G24+H24 -> 603 | J24: =IF(L24>0,L24,0) -> 364.34066 | K24: =I24+J24 -> 967.34066 | L24: =F24-(I24-AC24) -> 364.34066 | M24: 5.2 | N24: 0 | O24: 0 | P24: =1.31*1.02 -> 1.3362 | Q24: =1.98*1.04 -> 2.0592 | R24: 0 | S24: 0 | U24: =M24-N24-O24-P24-Q24-R24+S24+T24 -> 1.8046 | AA24: 36 | AB24: =AB23-AA24 -> 657 | AC24: =N24+O24+P24+Q24+R24+U24+X24+AA24 -> 41.2 | AD24: =IF(L24<0,L24*-1,0) -> 0 | AE24: =AC24+AD24 -> 41.2 | AF24: 0 | AG24: 51 | AH24: 31 | AI24: =AI23+(U24*1.9835) -> 14249.328
A25: =A24+1 -> 14 | B25: 6883.67 | C25: 227467 | D25: =C25-C24 -> 1793 | E25: =C25-152000 -> 75467 | F25: =D25/$D$2 -> 903.95765 | G25: 416 | H25: 128 | I25: =G25+H25 -> 544 | J25: =IF(L25>0,L25,0) -> 401.15765 | K25: =I25+J25 -> 945.15765 | L25: =F25-(I25-AC25) -> 401.15765 | M25: 5.2 | N25: 0 | O25: 0 | P25: =1.31*1.02 -> 1.3362 | Q25: =2.75*1.04 -> 2.86 | R25: 0 | S25: 0 | U25: =M25-N25-O25-P25-Q25-R25+S25+T25 -> 1.0038 | AA25: 36 | AB25: =AB24-AA25 -> 621 | AC25: =N25+O25+P25+Q25+R25+U25+X25+AA25 -> 41.2 | AD25: =IF(L25<0,L25*-1,0) -> 0 | AE25: =AC25+AD25 -> 41.2 | AF25: 0 | AG25: 41 | AH25: 23 | AI25: =AI24+(U25*1.9835) -> 14251.319
A26: =A25+1 -> 15 | B26: 6883.99 | C26: 228473 | D26: =C26-C25 -> 1006 | E26: =C26-152000 -> 76473 | F26: =D26/$D$2 -> 507.18427 | G26: 328 | H26: 96 | I26: =G26+H26 -> 424 | J26: =IF(L26>0,L26,0) -> 124.38427 | K26: =I26+J26 -> 548.38427 | L26: =F26-(I26-AC26) -> 124.38427 | M26: 5.2 | N26: 0 | O26: 0 | P26: =1.31*1.02 -> 1.3362 | Q26: =2.65*1.04 -> 2.756 | R26: 0 | S26: 0 | U26: =M26-N26-O26-P26-Q26-R26+S26+T26 -> 1.1078 | AA26: 36 | AB26: =AB25-AA26 -> 585 | AC26: =N26+O26+P26+Q26+R26+U26+X26+AA26 -> 41.2 | AD26: =IF(L26<0,L26*-1,0) -> 0 | AE26: =AC26+AD26 -> 41.2 | AF26: 0 | AG26: 42 | AH26: 20 | AI26: =AI25+(U26*1.9835) -> 14253.517
A27: =A26+1 -> 16 | B27: 6884.25 | C27: 229301 | D27: =C27-C26 -> 828 | E27: =C27-152000 -> 77301 | F27: =D27/$D$2 -> 417.44391 | G27: 279 | H27: 70 | I27: =G27+H27 -> 349 | J27: =IF(L27>0,L27,0) -> 109.64391 | K27: =I27+J27 -> 458.64391 | L27: =F27-(I27-AC27) -> 109.64391 | M27: 5.2 | N27: 0 | O27: 0 | P27: =1.31*1.02 -> 1.3362 | Q27: =2.06*1.04 -> 2.1424 | R27: 0 | S27: 0 | U27: =M27-N27-O27-P27-Q27-R27+S27+T27 -> 1.7214 | AA27: 36 | AB27: =AB26-AA27 -> 549 | AC27: =N27+O27+P27+Q27+R27+U27+X27+AA27 -> 41.2 | AD27: =IF(L27<0,L27*-1,0) -> 0 | AE27: =AC27+AD27 -> 41.2 | AF27: 0 | AG27: 46 | AH27: 15 | AI27: =AI26+(U27*1.9835) -> 14256.931
A28: 17 | B28: 6884.5 | C28: 230097 | D28: =C28-C27 -> 796 | E28: =C28-152000 -> 78097 | F28: =D28/$D$2 -> 401.31081 | G28: 264 | H28: 52 | I28: =G28+H28 -> 316 | J28: =IF(L28>0,L28,0) -> 126.51081 | K28: =I28+J28 -> 442.51081 | L28: =F28-(I28-AC28) -> 126.51081 | M28: 5.2 | N28: 0 | O28: 0 | P28: =1.31*1.02 -> 1.3362 | Q28: =2.18*1.04 -> 2.2672 | R28: 0 | S28: 0 | U28: =M28-N28-O28-P28-Q28-R28+S28+T28 -> 1.5966 | AA28: 36 | AB28: =AB27-AA28 -> 513 | AC28: =N28+O28+P28+Q28+R28+U28+X28+AA28 -> 41.2 | AD28: =IF(L28<0,L28*-1,0) -> 0 | AE28: =AC28+AD28 -> 41.2 | AF28: 0 | AG28: 51 | AH28: 18 | AI28: =AI27+(U28*1.9835) -> 14260.098
A29: =A28+1 -> 18 | B29: 6884.75 | C29: 230893 | D29: =C29-C28 -> 796 | E29: =C29-152000 -> 78893 | F29: =D29/$D$2 -> 401.31081 | G29: 244 | H29: 43 | I29: =G29+H29 -> 287 | J29: =IF(L29>0,L29,0) -> 155.51081 | K29: =I29+J29 -> 442.51081 | L29: =F29-(I29-AC29) -> 155.51081 | M29: 5.2 | N29: 0 | O29: 0 | P29: =1.31*1.02 -> 1.3362 | Q29: =2.13*1.04 -> 2.2152 | R29: 0 | S29: 0 | U29: =M29-N29-O29-P29-Q29-R29+S29+T29 -> 1.6486 | AA29: 36 | AB29: =AB28-AA29 -> 477 | AC29: =N29+O29+P29+Q29+R29+U29+X29+AA29 -> 41.2 | AD29: =IF(L29<0,L29*-1,0) -> 0 | AE29: =AC29+AD29 -> 41.2 | AF29: 0 | AG29: 50 | AH29: 27 | AI29: =AI28+(U29*1.9835) -> 14263.368
A30: =A29+1 -> 19 | B30: 6884.99 | C30: 231658 | D30: =C30-C29 -> 765 | E30: =C30-152000 -> 79658 | F30: =D30/$D$2 -> 385.68188 | G30: 220 | H30: 39 | I30: =G30+H30 -> 259 | J30: =IF(L30>0,L30,0) -> 167.88188 | K30: =I30+J30 -> 426.88188 | L30: =F30-(I30-AC30) -> 167.88188 | M30: 5.2 | N30: 0 | O30: 0 | P30: =1.31*1.02 -> 1.3362 | Q30: =2.05*1.04 -> 2.132 | R30: 0 | S30: 0 | U30: =M30-N30-O30-P30-Q30-R30+S30+T30 -> 1.7318 | AA30: 36 | AB30: =AB29-AA30 -> 441 | AC30: =N30+O30+P30+Q30+R30+U30+X30+AA30 -> 41.2 | AD30: =IF(L30<0,L30*-1,0) -> 0 | AE30: =AC30+AD30 -> 41.2 | AF30: 0.2 | AG30: 43 | AH30: 27 | AI30: =AI29+(U30*1.9835) -> 14266.803
A31: =A30+1 -> 20 | B31: 6885.22 | C31: 232399 | D31: =C31-C30 -> 741 | E31: =C31-152000 -> 80399 | F31: =D31/$D$2 -> 373.58205 | G31: 226 | H31: 36 | I31: =G31+H31 -> 262 | J31: =IF(L31>0,L31,0) -> 152.78205 | K31: =I31+J31 -> 414.78205 | L31: =F31-(I31-AC31) -> 152.78205 | M31: 5.2 | N31: 0 | O31: 0 | P31: =1.31*1.02 -> 1.3362 | Q31: =2.24*1.04 -> 2.3296 | R31: 0 | S31: 0 | U31: =M31-N31-O31-P31-Q31-R31+S31+T31 -> 1.5342 | AA31: 36 | AB31: =AB30-AA31 -> 405 | AC31: =N31+O31+P31+Q31+R31+U31+X31+AA31 -> 41.2 | AD31: =IF(L31<0,L31*-1,0) -> 0 | AE31: =AC31+AD31 -> 41.2 | AF31: 0.4 | AG31: 41 | AH31: 26 | AI31: =AI30+(U31*1.9835) -> 14269.846
A32: =A31+1 -> 21 | B32: 6885.37 | C32: 232882 | D32: =C32-C31 -> 483 | E32: =C32-152000 -> 80882 | F32: =D32/$D$2 -> 243.50895 | G32: 199 | H32: 42 | I32: =G32+H32 -> 241 | J32: =IF(L32>0,L32,0) -> 43.708949 | K32: =I32+J32 -> 284.70895 | L32: =F32-(I32-AC32) -> 43.708949 | M32: 5.2 | N32: 0 | O32: 0 | P32: =1.31*1.02 -> 1.3362 | Q32: =2.22*1.04 -> 2.3088 | R32: 0 | S32: 0 | U32: =M32-N32-O32-P32-Q32-R32+S32+T32 -> 1.555 | AA32: 36 | AB32: =AB31-AA32 -> 369 | AC32: =N32+O32+P32+Q32+R32+U32+X32+AA32 -> 41.2 | AD32: =IF(L32<0,L32*-1,0) -> 0 | AE32: =AC32+AD32 -> 41.2 | AF32: 0 | AG32: 43 | AH32: 21 | AI32: =AI31+(U32*1.9835) -> 14272.93
A33: =A32+1 -> 22 | B33: 6885.52 | C33: 233365 | D33: =C33-C32 -> 483 | E33: =C33-152000 -> 81365 | F33: =D33/$D$2 -> 243.50895 | G33: 184 | H33: 33 | I33: =G33+H33 -> 217 | J33: =IF(L33>0,L33,0) -> 83.608949 | K33: =I33+J33 -> 300.60895 | L33: =F33-(I33-AC33) -> 83.608949 | M33: 6.1 | N33: 0 | O33: 0 | P33: =1.31*1.02 -> 1.3362 | Q33: =2.12*1.04 -> 2.2048 | R33: 0 | S33: 15 | U33: =M33-N33-O33-P33-Q33-R33+S33+T33 -> 17.559 | AA33: 36 | AB33: =AB32-AA33 -> 333 | AC33: =N33+O33+P33+Q33+R33+U33+X33+AA33 -> 57.1 | AD33: =IF(L33<0,L33*-1,0) -> 0 | AE33: =AC33+AD33 -> 57.1 | AF33: 0 | AG33: 50 | AH33: 24 | AI33: =AI32+(U33*1.9835) -> 14307.759
A34: =A33+1 -> 23 | B34: 6885.78 | C34: 234203 | D34: =C34-C33 -> 838 | E34: =C34-152000 -> 82203 | F34: =D34/$D$2 -> 422.48551 | G34: 228 | H34: 46 | I34: =G34+H34 -> 274 | J34: =IF(L34>0,L34,0) -> 217.38551 | K34: =I34+J34 -> 491.38551 | L34: =F34-(I34-AC34) -> 217.38551 | M34: 8.9 | N34: 0 | O34: 0 | P34: =1.31*1.02 -> 1.3362 | Q34: =2.17*1.04 -> 2.2568 | R34: 0 | S34: 24 | U34: =M34-N34-O34-P34-Q34-R34+S34+T34 -> 29.307 | AA34: 36 | AB34: =AB33-AA34 -> 297 | AC34: =N34+O34+P34+Q34+R34+U34+X34+AA34 -> 68.9 | AD34: =IF(L34<0,L34*-1,0) -> 0 | AE34: =AC34+AD34 -> 68.9 | AF34: 0.25 | AG34: 48 | AH34: 25 | AI34: =AI33+(U34*1.9835) -> 14365.889
A35: =A34+1 -> 24 | B35: 6886 | C35: 234912 | D35: =C35-C34 -> 709 | E35: =C35-152000 -> 82912 | F35: =D35/$D$2 -> 357.44895 | G35: 208 | H35: 46 | I35: =G35+H35 -> 254 | J35: =IF(L35>0,L35,0) -> 171.84895 | K35: =I35+J35 -> 425.84895 | L35: =F35-(I35-AC35) -> 171.84895 | M35: 7.4 | N35: 0 | O35: 0 | P35: =1.31*1.02 -> 1.3362 | Q35: =2.24*1.04 -> 2.3296 | R35: 0 | S35: 25 | U35: =M35-N35-O35-P35-Q35-R35+S35+T35 -> 28.7342 | AA35: 36 | AB35: =AB34-AA35 -> 261 | AC35: =N35+O35+P35+Q35+R35+U35+X35+AA35 -> 68.4 | AD35: =IF(L35<0,L35*-1,0) -> 0 | AE35: =AC35+AD35 -> 68.4 | AF35: 0 | AG35: 46 | AH35: 31 | AI35: =AI34+(S35*1.9835) -> 14415.476
A36: =A35+1 -> 25 | B36: 6886.23 | C36: 235662 | D36: =C36-C35 -> 750 | E36: =C36-152000 -> 83662 | F36: =D36/$D$2 -> 378.11949 | G36: 203 | H36: 40 | I36: =G36+H36 -> 243 | J36: =IF(L36>0,L36,0) -> 202.51949 | K36: =I36+J36 -> 445.51949 | L36: =F36-(I36-AC36) -> 202.51949 | M36: 6.4 | N36: 0 | O36: 0 | P36: =1.31*1.02 -> 1.3362 | Q36: =2.32*1.04 -> 2.4128 | R36: 0 | S36: 25 | U36: =M36-N36-O36-P36-Q36-R36+S36+T36 -> 27.651 | AA36: 36 | AB36: =AB35-AA36 -> 225 | AC36: =N36+O36+P36+Q36+R36+U36+X36+AA36 -> 67.4 | AD36: =IF(L36<0,L36*-1,0) -> 0 | AE36: =AC36+AD36 -> 67.4 | AF36: 0.25 | AG36: 38 | AH36: 27 | AI36: =AI35+(S36*1.9835) -> 14465.064
A37: =A36+1 -> 26 | B37: 6886.43 | C37: 236314 | D37: =C37-C36 -> 652 | E37: =C37-152000 -> 84314 | F37: =D37/$D$2 -> 328.71187 | G37: 190 | H37: 37 | I37: =G37+H37 -> 227 | J37: =IF(L37>0,L37,0) -> 169.01187 | K37: =I37+J37 -> 396.01187 | L37: =F37-(I37-AC37) -> 169.01187 | M37: 6.3 | N37: 0 | O37: 0 | P37: =1.31*1.02 -> 1.3362 | Q37: =2.37*1.04 -> 2.4648 | R37: 0 | S37: 25 | U37: =M37-N37-O37-P37-Q37-R37+S37+T37 -> 27.499 | AA37: 36 | AB37: =AB36-AA37 -> 189 | AC37: =N37+O37+P37+Q37+R37+U37+X37+AA37 -> 67.3 | AD37: =IF(L37<0,L37*-1,0) -> 0 | AE37: =AC37+AD37 -> 67.3 | AF37: 0 | AG37: 45 | AH37: 23 | AI37: =AI36+(S37*1.9835) -> 14514.651
A38: =A37+1 -> 27 | B38: 6886.58 | C38: 236803 | D38: =C38-C37 -> 489 | E38: =C38-152000 -> 84803 | F38: =D38/$D$2 -> 246.5339 | G38: 194 | H38: 43 | I38: =G38+H38 -> 237 | J38: =IF(L38>0,L38,0) -> 77.033905 | K38: =I38+J38 -> 314.0339 | L38: =F38-(I38-AC38) -> 77.033905 | M38: 6.5 | N38: 0 | O38: 0 | P38: =1.31*1.02 -> 1.3362 | Q38: =2.24*1.04 -> 2.3296 | R38: 0 | S38: 25 | U38: =M38-N38-O38-P38-Q38-R38+S38+T38 -> 27.8342 | AA38: 36 | AB38: =AB37-AA38 -> 153 | AC38: =N38+O38+P38+Q38+R38+U38+X38+AA38 -> 67.5 | AD38: =IF(L38<0,L38*-1,0) -> 0 | AE38: =AC38+AD38 -> 67.5 | AF38: 0 | AG38: 54 | AH38: 23 | AI38: =AI37+(S38*1.9835) -> 14564.239
A39: =A38+1 -> 28 | B39: 6886.78 | C39: 237455 | D39: =C39-C38 -> 652 | E39: =C39-152000 -> 85455 | F39: =D39/$D$2 -> 328.71187 | G39: 243 | H39: 58 | I39: =G39+H39 -> 301 | J39: =IF(L39>0,L39,0) -> 110.31187 | K39: =I39+J39 -> 411.31187 | L39: =F39-(I39-AC39) -> 110.31187 | M39: 6.6 | N39: 0 | O39: 0 | P39: =1.31*1.02 -> 1.3362 | Q39: =2.42*1.04 -> 2.5168 | R39: 0 | S39: 40 | U39: =M39-N39-O39-P39-Q39-R39+S39+T39 -> 42.747 | AA39: 36 | AB39: =AB38-AA39 -> 117 | AC39: =N39+O39+P39+Q39+R39+U39+X39+AA39 -> 82.6 | AD39: =IF(L39<0,L39*-1,0) -> 0 | AE39: =AC39+AD39 -> 82.6 | AF39: 0 | AG39: 57 | AH39: 35 | AI39: =AI38+(S39*1.9835) -> 14643.579
A40: =A39+1 -> 29 | B40: 6887.1 | C40: 238502 | D40: =C40-C39 -> 1047 | E40: =C40-152000 -> 86502 | F40: =D40/$D$2 -> 527.8548 | G40: 254 | H40: 61 | I40: =G40+H40 -> 315 | J40: =IF(L40>0,L40,0) -> 305.8548 | K40: =I40+J40 -> 620.8548 | L40: =F40-(I40-AC40) -> 305.8548 | M40: 6 | N40: 0 | O40: 0 | P40: =1.31*1.02 -> 1.3362 | Q40: =2.31*1.04 -> 2.4024 | R40: 0 | S40: 51 | U40: =M40-N40-O40-P40-Q40-R40+S40+T40 -> 53.2614 | AA40: 36 | AB40: =AB39-AA40 -> 81 | AC40: =N40+O40+P40+Q40+R40+U40+X40+AA40 -> 93 | AD40: =IF(L40<0,L40*-1,0) -> 0 | AE40: =AC40+AD40 -> 93 | AF40: 0.09 | AG40: 44 | AH40: 28 | AI40: =AI39+(S40*1.9835) -> 14744.737
A41: 30 | B41: 6887.3 | C41: 239162 | D41: =C41-C40 -> 660 | E41: =C41-152000 -> 87162 | F41: =D41/$D$2 -> 332.74515 | G41: 244 | H41: 52 | I41: =G41+H41 -> 296 | J41: =IF(L41>0,L41,0) -> 113.14515 | K41: =I41+J41 -> 409.14515 | L41: =F41-(I41-AC41) -> 113.14515 | M41: 5.4 | N41: 0 | O41: 0 | P41: =1.31*1.02 -> 1.3362 | Q41: =2.32*1.04 -> 2.4128 | R41: 0 | S41: 35 | U41: =M41-N41-O41-P41-Q41-R41+S41+T41 -> 36.651 | AA41: 36 | AB41: =AB40-AA41 -> 45 | AC41: =N41+O41+P41+Q41+R41+U41+X41+AA41 -> 76.4 | AD41: =IF(L41<0,L41*-1,0) -> 0 | AE41: =AC41+AD41 -> 76.4 | AF41: 0.16 | AG41: 38 | AH41: 28 | AI41: =AI40+(S41*1.9835) -> 14814.16
A42: 31 | B42: 6887.5 | C42: 239821 | D42: =C42-C41 -> 659 | E42: =C42-152000 -> 87821 | F42: =D42/$D$2 -> 332.24099 | G42: 213 | H42: 43 | I42: =G42+H42 -> 256 | J42: =IF(L42>0,L42,0) -> 117.54099 | K42: =I42+J42 -> 373.54099 | L42: =F42-(I42-AC42) -> 117.54099 | M42: 5.3 | N42: 0 | O42: 0 | P42: =1.31*1.02 -> 1.3362 | Q42: =2.34*1.04 -> 2.4336 | R42: 0 | S42: 0 | U42: =M42-N42-O42-P42-Q42-R42+S42+T42 -> 1.5302 | AA42: 36 | AB42: =AB41-AA42 -> 9 | AC42: =N42+O42+P42+Q42+R42+U42+X42+AA42 -> 41.3 | AD42: =IF(L42<0,L42*-1,0) -> 0 | AE42: =AC42+AD42 -> 41.3 | AF42: 0 | AG42: 46 | AH42: 21 | AI42: =AI41+(S42*1.9835) -> 14814.16
A44: MONTH / CFS | F44: =SUM(F12:F42) -> 11850.265 | G44: =SUM(G12:G42) -> 6883 | H44: =SUM(H12:H42) -> 1764 | I44: =SUM(I12:I42) -> 8647 | J44: =SUM(J12:J42) -> 4661.5647 | K44: =SUM(K12:K42) -> 13308.565 | L44: =SUM(L12:L42) -> 4661.5647 | M44: =SUM(M12:M42) -> 169.3 | ... U44: =SUM(U12:U42) -> 319.069 | AA44: =SUM(AA12:AA42) -> 1024 | AC44: =SUM(AC12:AC42) -> 1458.3 | AD44: =SUM(AD12:AD42) -> 0 | AE44: =SUM(AE12:AE42) -> 1458.3 | AF44: =SUM(AF12:AF42) -> 1.35 | AG44: =AVERAGE(AG12:AG42) -> 49.322581 | AH44: =AVERAGE(AH12:AH42) -> 26.096774 | AI44: AVE | AJ44: =SUM(AJ12:AJ42) -> 0
A45: MONTH / AF | D45: =SUM(D12:D42) -> 23505 | F45: =F44*$D$2 -> 23505 | G45: =G44*$D$2 -> 13652.431 | H45: =H44*$D$2 -> 3498.894 | I45: =I44*$D$2 -> 17151.324 | J45: =J44*$D$2 -> 9246.2136 | K45: =K44*$D$2 -> 26397.538 | L45: =L44*$D$2 -> 9246.2136 | M45: =M44*$D$2 -> 335.80655 | ... U45: =U44*$D$2 -> 632.87336 | AA45: =AA44*$D$2 -> 2031.104 | AC45: =AC44*$D$2 -> 2892.5381 | AD45: =AD44*$D$2 -> 0 | AE45: =AE44*$D$2 -> 2892.5381 | AG45: =MAX(AG12:AG42) -> 62 | AH45: =MAX(AH12:AH42) -> 35 | AI45: HI | AJ45: =AJ44*$D$2 -> 0
A47: SEASON / CFS | O47: =O44 -> 0 | AG47: =MIN(AG12:AG42) -> 38 | AH47: =MIN(AH12:AH42) -> 15 | AI47: LO
A48: SEASON / AF | O48: =O47*D2 -> 0 | U48: =U47*D2 -> 0
A50: YTD / CFS | F50: =F10+F44 -> 16422.99 | G50: =G10+G44 -> 16458 | H50: =H10+H44 -> 2389.54 | I50: =I10+I44 -> 18847.54 | J50: =J10+J44 -> 10461.505 | K50: =K10+K44 -> 29309.045 | L50: =L10+L44 -> 9916.2497 | M50: =M10+M44 -> 796 | ... U50: =U10+U44 -> 7715.1564 | AA50: =AA10+AA44 -> 4042 | AB50: =AB42 -> 9 | AC50: =AC10+AC44 -> 12340.8 | AD50: =AD10+AD44 -> 545.25544 | AE50: =AE10+AE44 -> 12886.055 | AF50: =AF10+AF44 -> 11.29 | AJ50: =AJ10+AJ44 -> 0
A51: YTD / AF | D51: =D10+D45 -> 32575 | E51: =E42 -> 87821 | F51: =F50*$D$2 -> 32575 | G51: =G50*$D$2 -> 32644.443 | H51: =H50*$D$2 -> 4739.6526 | I51: =I50*$D$2 -> 37384.096 | J51: =J50*$D$2 -> 20750.395 | K51: =K50*$D$2 -> 58134.491 | L51: =L50*$D$2 -> 19668.881 | M51: =M50*$D$2 -> 1578.866 | ... U51: =U50*$D$2 -> 15303.013 | AA51: =AA50*$D$2 -> 8017.307 | AB51: =AB50*$D$2 -> 17.8515 | AC51: =AC50*$D$2 -> 24477.977 | AD51: =AD50*$D$2 -> 1081.5142 | AE51: =AE50*$D$2 -> 25559.491 | AI51: =AI42 -> 14814.16 | AJ51: =AJ50*$D$2 -> 0

Sheet APR
K1: MCPHEE RESERVOIR INFLOW/OUTFLOW TABULATION
A2: AF/cfs CONVERT FACTOR | D2: 1.9835 | K2: APRIL "2005"
D4: RESERVOIR | U4: INFLOW/OUTFLOW (CFS) | AG4: WEATHER | AK4: ADJUSTMENTS
A5: DATE | B5: RESERV | C5: RESERV | D5: AC FT | E5: ACTIVE | F5: CONV TO | G5: DOLORES | H5: LOST | I5: RECORD | J5: CALC | K5: TOTAL | L5: CALC | M5: DOLORES TUNNEL | S5: LONE | T5: U | U5: TOTAL | V5: MVI | W5: MVI | X5: DV CR | Y5: D/S SENIOR | AA5: BELOW | AB5: FISH | AC5: RECORD | AD5: CALC | AE5: TOTAL | AF5: RAIN | AG5: MAX | AH5: MIN | AI5: NAR | AJ5: MVI | AK5: MVI | AL5: MVI | AM5: U/S | AN5: TOTTEN
A6: APR | B6: ELEV | C6: AC FT | D6: CHANGE | E6: CAP | F6: CFS | G6: RIVER | H6: CAN | I6: INFLOW | J6: INFLOW | K6: INFLOW | L6: INF/OTF | M6: TOT DIV | N6: WET | O6: UTE | P6: MWC | Q6: CTZ | R6: CTZ & | S6: PINE | T6: LAT | U6: MVI | V6: CALL | W6: PROJ & | X6: CANAL | Y6: MVIC | Z6: PROJ | AA6: MCP | AB6: LEFT | AC6: OTF | AD6: OTF | AE6: OTF | AG6: TMP | AH6: TMP | AI6: CALL | AJ6: STOCK | AK6: STORED | AL6: STORED | AM6: USERS | AN6: (FRESH
E7: AC FT | N7: LAND | O7: F&R | R7: UTE | W7: TO EX & | AI7: AC FT | AJ7: CFS | AK7: Apr - Jun | AL7: EVAP | AM7: EXCH | AN7: WATER)
N8: 1.03 | O8: 1.05 | P8: 1.02 | Q8: 1.04 | R8: PROJ | W8: U/S EX | Y8: 1.7 | Z8: 1.3 | AB8: 30638 | AL8: AC.FT.
A9: SEASON BAL | O9: =MAR!O47 -> 0 | U9: =MAR!U47 -> 0
A10: YTD | B10: =MAR!B42 -> 6887.5 | C10: =MAR!C42 -> 239821 | D10: =MAR!D51 -> 32575 | E10: =MAR!E51 -> 87821 | F10: =MAR!F50 -> 16422.99 | G10: =MAR!G50 -> 16458 | H10: =MAR!H50 -> 2389.54 | I10: =MAR!I50 -> 18847.54 | J10: =MAR!J50 -> 10461.505 | K10: =MAR!K50 -> 29309.045 | L10: =MAR!L50 -> 9916.2497 | M10: =MAR!M50 -> 796 | ... U10: =MAR!U50 -> 7715.1564 | X10: =MAR!X50 -> 0 | AA10: =MAR!AA50 -> 4042 | AB10: =AB8/D2 -> 15446.433 | AC10: =MAR!AC50 -> 12340.8 | AD10: =MAR!AD50 -> 545.25544 | AE10: =MAR!AE50 -> 12886.055 | AF10: =MAR!AF50 -> 11.29 | AI10: =MAR!AI51 -> 14814.16 | AJ10: =MAR!AJ50 -> 0
A12: 1 | B12: 6887.7 | C12: 240480 | D12: =C12-C10 -> 659 | E12: =C12-152000 -> 88480 | F12: =D12/$D$2 -> 332.24099 | G12: 206 | H12: 44 | I12: =G12+H12 -> 250 | J12: =IF(L12>0,L12,0) -> 129.64099 | K12: =I12+J12 -> 379.64099 | L12: =F12-(I12-AC12) -> 129.64099 | M12: 5.4 | N12: 0 | O12: 0 | P12: =1.43*1.02 -> 1.4586 | Q12: =2.37*1.04 -> 2.4648 | R12: 0 | S12: 0 | T12: 0 | U12: =M12-N12-O12-P12-Q12-R12+S12+T12 -> 1.4766 | V12: =V9+AK12-(AL12/1.9835) -> 244.51762 | X12: 0 | Y12: 1.7 | Z12: 1.3 | AA12: 42 | AB12: =AB10-AA12 -> 15404.433 | AC12: =N12+O12+P12+Q12+R12+U12+X12+AA12 -> 47.4 | AD12: =IF(L12<0,L12*-1,0) -> 0 | AE12: =AC12+AD12 -> 47.4 | AF12: 0 | AG12: 57 | AH12: 15 | AI12: =AI10 -> 14814.16 | AK12: =I12-P12-Q12-U12 -> 244.6 | AL12: =29.8*(AK12*1.9835)/E12 -> 0.16340292
A13: =A12+1 -> 2 | B13: 6888.05 | C13: 241636 | D13: =C13-C12 -> 1156 | E13: =C13-152000 -> 89636 | F13: =D13/$D$2 -> 582.80817 | G13: 261 | H13: 61 | I13: =G13+H13 -> 322 | J13: =IF(L13>0,L13,0) -> 312.30817 | K13: =I13+J13 -> 634.30817 | L13: =F13-(I13-AC13) -> 312.30817 | M13: 5.5 | N13: 0 | O13: 0 | P13: =1.43*1.02 -> 1.4586 | Q13: =2.18*1.04 -> 2.2672 | R13: 0 | S13: 0 | T13: 0 | U13: =M13-N13-O13-P13-Q13-R13+S13+T13 -> 1.7742 | V13: =V12+AK13-(AL13/1.9835) -> 560.83111 | X13: 0 | Y13: 1.7 | Z13: 1.3 | AA13: 46 | AB13: =AB12-AA13 -> 15358.433 | AC13: =N13+O13+P13+Q13+R13+U13+X13+AA13 -> 51.5 | AD13: =IF(L13<0,L13*-1,0) -> 0 | AE13: =AC13+AD13 -> 51.5 | AF13: 0 | AG13: 64 | AH13: 19 | AI13: =AI12 -> 14814.16 | AK13: =I13-P13-Q13-U13 -> 316.5 | AL13: =29.8*(V12*1.9835+AK13*1.9835)/E13 -> 0.36994955
A14: =A13+1 -> 3 | B14: 6888.6 | C14: 243468 | D14: =C14-C13 -> 1832 | E14: =C14-152000 -> 91468 | F14: =D14/$D$2 -> 923.61986 | G14: 379 | H14: 114 | I14: =G14+H14 -> 493 | J14: =IF(L14>0,L14,0) -> 481.91986 | K14: =I14+J14 -> 974.91986 | L14: =F14-(I14-AC14) -> 481.91986 | M14: 5.3 | N14: 0 | O14: 0 | P14: =1.43*1.02 -> 1.4586 | Q14: =2.34*1.04 -> 2.4336 | R14: 0 | S14: 0 | T14: 0 | U14: =M14-N14-O14-P14-Q14-R14+S14+T14 -> 1.4078 | V14: =V13+AK14-(AL14/1.9835) -> 1048.1895 | X14: 0 | Y14: 1.7 | Z14: 1.3 | AA14: 46 | AB14: =AB13-AA14 -> 15312.433 | AC14: =N14+O14+P14+Q14+R14+U14+X14+AA14 -> 51.3 | AD14: =IF(L14<0,L14*-1,0) -> 0 | AE14: =AC14+AD14 -> 51.3 | AF14: 0 | AG14: 68 | AH14: 34 | AI14: =AI12 -> 14814.16 | AK14: =I14-P14-Q14-U14 -> 487.7 | AL14: =29.8*(V13*1.9835+AK14*1.9835)/E14 -> 0.67758004
A15: =A14+1 -> 4 | B15: 6889.26 | C15: 245677 | D15: =C15-C14 -> 2209 | E15: =C15-152000 -> 93677 | F15: =D15/$D$2 -> 1113.6879 | G15: 535 | H15: 185 | I15: =G15+H15 -> 720 | J15: =IF(L15>0,L15,0) -> 465.68793 | K15: =I15+J15 -> 1185.6879 | L15: =F15-(I15-AC15) -> 465.68793 | M15: 26 | N15: 0 | O15: 0 | P15: =1.43*1.02 -> 1.4586 | Q15: =2.5*1.04 -> 2.6 | R15: 0 | S15: 0 | T15: 0 | U15: =M15-N15-O15-P15-Q15-R15+S15+T15 -> 21.9414 | V15: =V14+AK15-(AL15/1.9835) -> 1741.6353 | X15: 0 | Y15: 1.7 | Z15: 1.3 | AA15: 46 | AB15: =AB14-AA15 -> 15266.433 | AC15: =N15+O15+P15+Q15+R15+U15+X15+AA15 -> 72 | AD15: =IF(L15<0,L15*-1,0) -> 0 | AE15: =AC15+AD15 -> 72 | AF15: 0.06 | AG15: 57 | AH15: 42 | AI15: =AI13 -> 14814.16 | AK15: =I15-P15-Q15-U15 -> 694 | AL15: =29.8*(V14*1.9835+AK15*1.9835)/E15 -> 1.0992865
A16: =A15+1 -> 5 | B16: 6889.91 | C16: 247865 | D16: =C16-C15 -> 2188 | E16: =C16-152000 -> 95865 | F16: =D16/$D$2 -> 1103.1006 | G16: 537 | H16: 163 | I16: =G16+H16 -> 700 | J16: =IF(L16>0,L16,0) -> 493.10058 | K16: =I16+J16 -> 1193.1006 | L16: =F16-(I16-AC16) -> 493.10058 | M16: 44 | N16: 0 | O16: =(0.89+10)*1.05 -> 11.4345 | P16: =1.43*1.02 -> 1.4586 | Q16: =2.29*1.04 -> 2.3816 | R16: 0 | S16: 0 | T16: 0 | U16: =M16-N16-O16-P16-Q16-R16+S16+T16 -> 28.7253 | V16: =V15+AK16-(AL16/1.9835) -> 2408.3209 | X16: 0 | Y16: 1.7 | Z16: 1.3 | AA16: 46 | AB16: =AB15-AA16 -> 15220.433 | AC16: =N16+O16+P16+Q16+R16+U16+X16+AA16 -> 90 | AD16: =IF(L16<0,L16*-1,0) -> 0 | AE16: =AC16+AD16 -> 90 | AF16: 0 | AG16: 50 | AH16: 28 | AI16: =AI14 -> 14814.16 | AK16: =I16-P16-Q16-U16 -> 667.4345 | AL16: =29.8*(V15*1.9835+AK16*1.9835)/E16 -> 1.4853807
A17: =A16+1 -> 6 | B17: 6890.68 | C17: 250481 | D17: =C17-C16 -> 2616 | E17: =C17-152000 -> 98481 | F17: =D17/$D$2 -> 1318.8808 | G17: 581 | H17: 187 | I17: =G17+H17 -> 768 | J17: =IF(L17>0,L17,0) -> 642.88077 | K17: =I17+J17 -> 1410.8808 | L17: =F17-(I17-AC17) -> 642.88077 | M17: 44 | N17: 0 | O17: =13*1.05 -> 13.65 | P17: =1.43*1.02 -> 1.4586 | Q17: =2.38*1.04 -> 2.4752 | R17: 0 | S17: 0 | T17: 0 | U17: =M17-N17-O17-P17-Q17-R17+S17+T17 -> 26.4162 | V17: =V16+AK17-(AL17/1.9835) -> 3145.019 | X17: 0 | Y17: 1.7 | Z17: 1.3 | AA17: 48 | AB17: =AB16-AA17 -> 15172.433 | AC17: =N17+O17+P17+Q17+R17+U17+X17+AA17 -> 92 | AD17: =IF(L17<0,L17*-1,0) -> 0 | AE17: =AC17+AD17 -> 92 | AF17: 0 | AG17: 68 | AH17: 21 | AI17: =AI15 -> 14814.16 | AK17: =I17-P17-Q17-U17 -> 737.65 | AL17: =29.8*(V16*1.9835+AK17*1.9835)/E17 -> 1.8882119
A18: =A17+1 -> 7 | B18: 6891.91 | C18: 254694 | D18: =C18-C17 -> 4213 | E18: =C18-152000 -> 102694 | F18: =D18/$D$2 -> 2124.0232 | G18: 831 | H18: 272 | I18: =G18+H18 -> 1103 | J18: =IF(L18>0,L18,0) -> 1078.3232 | K18: =I18+J18 -> 2181.3232 | L18: =F18-(I18-AC18) -> 1078.3232 | M18: 6.3 | N18: 0 | O18: 0 | P18: =1.43*1.02 -> 1.4586 | Q18: =2.33*1.04 -> 2.4232 | R18: 0 | S18: 0 | T18: 0 | U18: =M18-N18-O18-P18-Q18-R18+S18+T18 -> 2.4182 | V18: =V17+AK18-(AL18/1.9835) -> 3936.4581 | X18: 0 | Y18: 1.7 | Z18: 1.3 | AA18: 51 | AB18: =AB17-AA18 -> 15121.433 | AC18: =N18+O18+P18+Q18+R18+U18+X18+AA18 -> 57.3 | AD18: =IF(L18<0,L18*-1,0) -> 0 | AE18: =AC18+AD18 -> 57.3 | AF18: 0 | AG18: 69 | AH18: 35 | AI18: =AI16 -> 14814.16 | AK18: =795-U18 -> 792.5818 | AL18: =29.8*(V17*1.9835+AK18*1.9835)/E18 -> 2.2663923
A19: =A18+1 -> 8 | B19: 6893.54 | C19: 260358 | D19: =C19-C18 -> 5664 | E19: =C19-152000 -> 108358 | F19: =D19/$D$2 -> 2855.5584 | G19: 1120 | H19: 361 | I19: =G19+H19 -> 1481 | J19: =IF(L19>0,L19,0) -> 1431.8584 | K19: =I19+J19 -> 2912.8584 | L19: =F19-(I19-AC19) -> 1431.8584 | M19: 6.3 | N19: 0 | O19: 0 | P19: =1.43*1.02 -> 1.4586 | Q19: =2.31*1.04 -> 2.4024 | R19: 0 | S19: 0 | T19: 0 | U19: =M19-N19-O19-P19-Q19-R19+S19+T19 -> 2.439 | V19: =V18+AK19-(AL19/1.9835) -> 4727.7186 | X19: 0 | Y19: 1.7 | Z19: 1.3 | AA19: 51 | AB19: =AB18-AA19 -> 15070.433 | AC19: =N19+O19+P19+Q19+R19+U19+X19+AA19 -> 57.3 | AD19: =IF(L19<0,L19*-1,0) -> 0 | AE19: =AC19+AD19 -> 57.3 | AF19: 0 | AG19: 58 | AH19: 31 | AI19: =AI17 -> 14814.16 | AK19: =795-U19 -> 792.561 | AL19: =29.8*(V18*1.9835+AK19*1.9835)/E19 -> 2.5796368
A20: =A19+1 -> 9 | B20: 6894.85 | C20: 264966 | D20: =C20-C19 -> 4608 | E20: =C20-152000 -> 112966 | F20: =D20/$D$2 -> 2323.1661 | G20: 1020 | H20: 313 | I20: =G20+H20 -> 1333 | J20: =IF(L20>0,L20,0) -> 1047.4661 | K20: =I20+J20 -> 2380.4661 | L20: =F20-(I20-AC20) -> 1047.4661 | M20: 6.3 | N20: 0 | O20: =1.2*1.05 -> 1.26 | P20: =1.43*1.02 -> 1.4586 | Q20: =2.42*1.04 -> 2.5168 | R20: 0 | S20: 0 | T20: 0 | U20: =M20-N20-O20-P20-Q20-R20+S20+T20 -> 1.0646 | V20: =V19+AK20-(AL20/1.9835) -> 5520.1974 | X20: 0 | Y20: 1.7 | Z20: 1.3 | AA20: 51 | AB20: =AB19-AA20 -> 15019.433 | AC20: =N20+O20+P20+Q20+R20+U20+X20+AA20 -> 57.3 | AD20: =IF(L20<0,L20*-1,0) -> 0 | AE20: =AC20+AD20 -> 57.3 | AF20: 0 | AG20: 50 | AH20: 26 | AI20: =AI18 -> 14814.16 | AK20: =795-U20 -> 793.9354 | AL20: =29.8*(V19*1.9835+AK20*1.9835)/E20 -> 2.8891488
A21: =A20+1 -> 10 | B21: 6895.64 | C21: 267773 | D21: =C21-C20 -> 2807 | E21: =C21-152000 -> 115773 | F21: =D21/$D$2 -> 1415.1752 | G21: 761 | H21: 163 | I21: =G21+H21 -> 924 | J21: =IF(L21>0,L21,0) -> 549.5752 | K21: =I21+J21 -> 1473.5752 | L21: =F21-(I21-AC21) -> 549.5752 | M21: 6.4 | N21: 0 | O21: =2.2*1.05 -> 2.31 | P21: =1.43*1.02 -> 1.4586 | Q21: =2.31*1.04 -> 2.4024 | R21: 0 | S21: 0 | T21: 0 | U21: =M21-N21-O21-P21-Q21-R21+S21+T21 -> 0.229 | V21: =V20+AK21-(AL21/1.9835) -> 6313.3429 | X21: 0 | Y21: 1.7 | Z21: 1.3 | AA21: 52 | AB21: =AB20-AA21 -> 14967.433 | AC21: =N21+O21+P21+Q21+R21+U21+X21+AA21 -> 58.4 | AD21: =IF(L21<0,L21*-1,0) -> 0 | AE21: =AC21+AD21 -> 58.4 | AF21: 0 | AG21: 48 | AH21: 24 | AI21: =AI19 -> 14814.16 | AK21: =795-U21 -> 794.771 | AL21: =29.8*(V20*1.9835+AK21*1.9835)/E21 -> 3.2241286
A22: =A21+1 -> 11 | B22: 6896.29 | C22: 270095 | D22: =C22-C21 -> 2322 | E22: =C22-152000 -> 118095 | F22: =D22/$D$2 -> 1170.6579 | G22: 653 | H22: 120 | I22: =G22+H22 -> 773 | J22: =IF(L22>0,L22,0) -> 491.65793 | K22: =I22+J22 -> 1264.6579 | L22: =F22-(I22-AC22) -> 491.65793 | M22: 42 | N22: 0 | O22: =(6.4+11)*1.05 -> 18.27 | P22: =1.43*1.02 -> 1.4586 | Q22: =2.27*1.04 -> 2.3608 | R22: 0 | S22: 0 | T22: 0 | U22: =M22-N22-O22-P22-Q22-R22+S22+T22 -> 19.9106 | V22: =V21+AK22-(AL22/1.9835) -> 7060.8307 | X22: 0 | Y22: 1.7 | Z22: 1.3 | AA22: 52 | AB22: =AB21-AA22 -> 14915.433 | AC22: =N22+O22+P22+Q22+R22+U22+X22+AA22 -> 94 | AD22: =IF(L22<0,L22*-1,0) -> 0 | AE22: =AC22+AD22 -> 94 | AF22: 0 | AG22: 52 | AH22: 27 | AI22: =AI20 -> 14814.16 | AK22: =I22-P22-Q22-U22 -> 749.27 | AL22: =29.8*(V21*1.9835+AK22*1.9835)/E22 -> 3.5349426
A23: =A22+1 -> 12 | B23: 6897.05 | C23: 272824 | D23: =C23-C22 -> 2729 | E23: =C23-152000 -> 120824 | F23: =D23/$D$2 -> 1375.8508 | G23: 712 | H23: 150 | I23: =G23+H23 -> 862 | J23: =IF(L23>0,L23,0) -> 660.85077 | K23: =I23+J23 -> 1522.8508 | L23: =F23-(I23-AC23) -> 660.85077 | M23: 95 | N23: 0 | O23: =(24+24)*1.05 -> 50.4 | P23: =1.43*1.02 -> 1.4586 | Q23: =2.43*1.04 -> 2.5272 | R23: 0 | S23: 0 | T23: 0 | U23: =M23-N23-O23-P23-Q23-R23+S23+T23 -> 40.6142 | V23: =V22+AK23-(AL23/1.9835) -> 7813.289 | X23: 0 | Y23: 1.7 | Z23: 1.3 | AA23: 52 | AB23: =AB22-AA23 -> 14863.433 | AC23: =N23+O23+P23+Q23+R23+U23+X23+AA23 -> 147 | AD23: =IF(L23<0,L23*-1,0) -> 0 | AE23: =AC23+AD23 -> 147 | AF23: 0 | AG23: 62 | AH23: 28 | AI23: =AI21 -> 14814.16 | AK23: =795-U23 -> 754.3858 | AL23: =29.8*(V22*1.9835+AK23*1.9835)/E23 -> 3.8232815
A24: =A23+1 -> 13 | B24: 6898.13 | C24: 276735 | D24: =C24-C23 -> 3911 | E24: =C24-152000 -> 124735 | F24: =D24/$D$2 -> 1971.7671 | G24: 948 | H24: 236 | I24: =G24+H24 -> 1184 | J24: =IF(L24>0,L24,0) -> 942.76708 | K24: =I24+J24 -> 2126.7671 | L24: =F24-(I24-AC24) -> 942.76708 | M24: 100 | N24: 0 | O24: =(32+32)*1.05 -> 67.2 | P24: =1.43*1.02 -> 1.4586 | Q24: =2.3*1.04 -> 2.392 | R24: 0 | S24: 0 | T24: 0 | U24: =M24-N24-O24-P24-Q24-R24+S24+T24 -> 28.9494 | V24: =V23+AK24-(AL24/1.9835) -> 8577.2899 | X24: 0 | Y24: 1.7 | Z24: 1.3 | AA24: 55 | AB24: =AB23-AA24 -> 14808.433 | AC24: =N24+O24+P24+Q24+R24+U24+X24+AA24 -> 155 | AD24: =IF(L24<0,L24*-1,0) -> 0 | AE24: =AC24+AD24 -> 155 | AF24: 0 | AG24: 69 | AH24: 34 | AI24: =AI22 -> 14814.16 | AK24: =795-U24 -> 766.0506 | AL24: =29.8*(V23*1.9835+AK24*1.9835)/E24 -> 4.0655003
A25: =A24+1 -> 14 | B25: 6899.68 | C25: 282404 | D25: =C25-C24 -> 5669 | E25: =C25-152000 -> 130404 | F25: =D25/$D$2 -> 2858.0792 | G25: 1310 | H25: 370 | I25: =G25+H25 -> 1680 | J25: =IF(L25>0,L25,0) -> 1335.0792 | K25: =I25+J25 -> 3015.0792 | L25: =F25-(I25-AC25) -> 1335.0792 | M25: 105 | N25: 0 | O25: =(37+37)*1.05 -> 77.7 | P25: =1.43*1.02 -> 1.4586 | Q25: =2.64*1.04 -> 2.7456 | R25: 0 | S25: 0 | T25: 0 | U25: =M25-N25-O25-P25-Q25-R25+S25+T25 -> 23.0958 | V25: =V24+AK25-(AL25/1.9835) -> 9347.0577 | X25: 0 | Y25: 1.7 | Z25: 1.3 | AA25: 52 | AB25: =AB24-AA25 -> 14756.433 | AC25: =N25+O25+P25+Q25+R25+U25+X25+AA25 -> 157 | AD25: =IF(L25<0,L25*-1,0) -> 0 | AE25: =AC25+AD25 -> 157 | AF25: 0 | AG25: 67 | AH25: 35 | AI25: =AI23 -> 14814.16 | AK25: =795-U25 -> 771.9042 | AL25: =29.8*(V24*1.9835+AK25*1.9835)/E25 -> 4.2377149
A26: =A25+1 -> 15 | B26: 6901.33 | C26: 288514 | D26: =C26-C25 -> 6110 | E26: =C26-152000 -> 136514 | F26: =D26/$D$2 -> 3080.4134 | G26: 1590 | H26: 424 | I26: =G26+H26 -> 2014 | J26: =IF(L26>0,L26,0) -> 1219.4134 | K26: =I26+J26 -> 3233.4134 | L26: =F26-(I26-AC26) -> 1219.4134 | M26: 101 | N26: 0 | O26: =(36+35)*1.05 -> 74.55 | P26: =1.43*1.02 -> 1.4586 | Q26: 4.2 | R26: 1.11 | S26: 0 | T26: 0 | U26: =M26-N26-O26-P26-Q26-R26+S26+T26 -> 19.6814 | V26: =V25+AK26-(AL26/1.9835) -> 10120.167 | X26: 0 | Y26: 1.7 | Z26: 1.3 | AA26: 52 | AB26: =AB25-AA26 -> 14704.433 | AC26: =N26+O26+P26+Q26+R26+U26+X26+AA26 -> 153 | AD26: =IF(L26<0,L26*-1,0) -> 0 | AE26: =AC26+AD26 -> 153 | AF26: 0 | AG26: 70 | AH26: 38 | AI26: =AI24 -> 14814.16 | AK26: =795-U26 -> 775.3186 | AL26: =29.8*(V25*1.9835+AK26*1.9835)/E26 -> 4.3828212
A27: =A26+1 -> 16 | B27: 6902.99 | C27: 294740 | D27: =C27-C26 -> 6226 | E27: =C27-152000 -> 142740 | F27: =D27/$D$2 -> 3138.8959 | G27: 1710 | H27: 399 | I27: =G27+H27 -> 2109 | J27: =IF(L27>0,L27,0) -> 1199.8959 | K27: =I27+J27 -> 3308.8959 | L27: =F27-(I27-AC27) -> 1199.8959 | M27: 118 | N27: 0 | O27: =(36+37)*1.05 -> 76.65 | P27: =1.43*1.02 -> 1.4586 | Q27: 4.2 | R27: 0.07 | S27: 0 | T27: 0 | U27: =M27-N27-O27-P27-Q27-R27+S27+T27 -> 35.6214 | V27: =V26+AK27-(AL27/1.9835) -> 10877.274 | X27: 0 | Y27: 1.7 | Z27: 1.3 | AA27: 52 | AB27: =AB26-AA27 -> 14652.433 | AC27: =N27+O27+P27+Q27+R27+U27+X27+AA27 -> 170 | AD27: =IF(L27<0,L27*-1,0) -> 0 | AE27: =AC27+AD27 -> 170 | AF27: 0 | AG27: 71 | AH27: 36 | AI27: =AI25 -> 14814.16 | AK27: =795-U27 -> 759.3786 | AL27: =29.8*(V26*1.9835+AK27*1.9835)/E27 -> 4.5051942
A28: =A27+1 -> 17 | B28: 6904.74 | C28: 301401 | D28: =C28-C27 -> 6661 | E28: =C28-152000 -> 149401 | F28: =D28/$D$2 -> 3358.2052 | G28: 2020 | H28: 423 | I28: =G28+H28 -> 2443 | J28: =IF(L28>0,L28,0) -> 1102.2052 | K28: =I28+J28 -> 3545.2052 | L28: =F28-(I28-AC28) -> 1102.2052 | M28: 135 | N28: 0 | O28: =(40+42)*1.05 -> 86.1 | P28: =1.43*1.02 -> 1.4586 | Q28: =3.94*1.04 -> 4.0976 | R28: 0 | S28: 0 | T28: 0 | U28: =M28-N28-O28-P28-Q28-R28+S28+T28 -> 43.3438 | V28: =V27+AK28-(AL28/1.9835) -> 11626.611 | X28: 0 | Y28: 1.7 | Z28: 1.3 | AA28: 52 | AB28: =AB27-AA28 -> 14600.433 | AC28: =N28+O28+P28+Q28+R28+U28+X28+AA28 -> 187 | AD28: =IF(L28<0,L28*-1,0) -> 0 | AE28: =AC28+AD28 -> 187 | AF28: 0 | AG28: 67 | AH28: 38 | AI28: =AI26 -> 14814.16 | AK28: =795-U28 -> 751.6562 | AL28: =29.8*(V27*1.9835+AK28*1.9835)/E28 -> 4.6008145
A29: =A28+1 -> 18 | B29: 6906.45 | C29: 308000 | D29: =C29-C28 -> 6599 | E29: =C29-152000 -> 156000 | F29: =D29/$D$2 -> 3326.9473 | G29: 2250 | H29: 444 | I29: =G29+H29 -> 2694 | J29: =IF(L29>0,L29,0) -> 1009.3473 | K29: =I29+J29 -> 3703.3473 | L29: =F29-(I29-AC29) -> 1009.3473 | M29: 155 | N29: 0 | O29: =(40+43)*1.05 -> 87.15 | P29: =1.43*1.02 -> 1.4586 | Q29: =3.96*1.04 -> 4.1184 | R29: 0 | S29: 0 | T29: 9.4 | U29: =M29-N29-O29-P29-Q29-R29+S29+T29 -> 71.673 | V29: =V28+AK29-(AL29/1.9835) -> 11412.43 | X29: 0 | Y29: 1.7 | Z29: 1.3 | AA29: 212 | AB29: =AB28 -> 14600.433 | AC29: =N29+O29+P29+Q29+R29+U29+X29+AA29 -> 376.4 | AD29: =IF(L29<0,L29*-1,0) -> 0 | AE29: =AC29+AD29 -> 376.4 | AF29: 0 | AG29: 67 | AH29: 37 | AI29: =AI27 -> 14814.16 | AK29: =-AA29 -> -212 | AL29: =29.8*(V28*1.9835+AK29*1.9835)/E29 -> 4.3249886
A30: =A29+1 -> 19 | B30: 6907.91 | C30: 313742 | D30: =C30-C29 -> 5742 | E30: =C30-152000 -> 161742 | F30: =D30/$D$2 -> 2894.8828 | G30: 2120 | H30: 373 | I30: =G30+H30 -> 2493 | J30: =IF(L30>0,L30,0) -> 1044.8828 | K30: =I30+J30 -> 3537.8828 | L30: =F30-(I30-AC30) -> 1044.8828 | M30: 171 | N30: 0 | O30: =(42+45)*1.05 -> 91.35 | P30: =1.43*1.02 -> 1.4586 | Q30: =4*1.04 -> 4.16 | R30: 0 | S30: 0 | T30: 16 | U30: =M30-N30-O30-P30-Q30-R30+S30+T30 -> 90.0314 | V30: =V29+AK30-(AL30/1.9835) -> 10954.411 | X30: 0 | Y30: 1.7 | Z30: 1.3 | AA30: 456 | AB30: =AB29 -> 14600.433 | AC30: =N30+O30+P30+Q30+R30+U30+X30+AA30 -> 643 | AD30: =IF(L30<0,L30*-1,0) -> 0 | AE30: =AC30+AD30 -> 643 | AF30: 0 | AG30: 67 | AH30: 38 | AI30: =AI28 -> 14814.16 | AK30: =-AA30 -> -456 | AL30: =29.8*(V29*1.9835+AK30*1.9835)/E30 -> 4.0040061
A31: =A30+1 -> 20 | B31: 6909.13 | C31: 318523 | D31: =C31-C30 -> 4781 | E31: =C31-152000 -> 166523 | F31: =D31/$D$2 -> 2410.3857 | G31: 2010 | H31: 348 | I31: =G31+H31 -> 2358 | J31: =IF(L31>0,L31,0) -> 712.38568 | K31: =I31+J31 -> 3070.3857 | L31: =F31-(I31-AC31) -> 712.38568 | M31: 165 | N31: 0 | O31: =(46+49)*1.05 -> 99.75 | P31: =1.43*1.02 -> 1.4586 | Q31: =3.81*1.04 -> 3.9624 | R31: 0 | S31: 0 | T31: 18 | U31: =M31-N31-O31-P31-Q31-R31+S31+T31 -> 77.829 | V31: =V30+AK31-(AL31/1.9835) -> 10494.533 | X31: 19 | Y31: 1.7 | Z31: 1.3 | AA31: 458 | AB31: =AB30 -> 14600.433 | AC31: =N31+O31+P31+Q31+R31+U31+X31+AA31 -> 660 | AD31: =IF(L31<0,L31*-1,0) -> 0 | AE31: =AC31+AD31 -> 660 | AF31: 0 | AG31: 53 | AH31: 32 | AI31: =AI29 -> 14814.16 | AK31: =-AA31 -> -458 | AL31: =29.8*(V30*1.9835+AK31*1.9835)/E31 -> 3.7257618
A32: =A31+1 -> 21 | B32: 6909.98 | C32: 321907 | D32: =C32-C31 -> 3384 | E32: =C32-152000 -> 169907 | F32: =D32/$D$2 -> 1706.0751 | G32: 1640 | H32: 228 | I32: =G32+H32 -> 1868 | J32: =IF(L32>0,L32,0) -> 512.07512 | K32: =I32+J32 -> 2380.0751 | L32: =F32-(I32-AC32) -> 512.07512 | M32: 182 | N32: 0 | O32: =(46+47)*1.05 -> 97.65 | P32: =1.43*1.02 -> 1.4586 | Q32: 4.2 | R32: 0.28 | S32: 0 | T32: 21 | U32: =M32-N32-O32-P32-Q32-R32+S32+T32 -> 99.4114 | V32: =V31+AK32-(AL32/1.9835) -> 10032.773 | X32: 11 | Y32: 1.7 | Z32: 1.3 | AA32: 460 | AB32: =AB31 -> 14600.433 | AC32: =N32+O32+P32+Q32+R32+U32+X32+AA32 -> 674 | AD32: =IF(L32<0,L32*-1,0) -> 0 | AE32: =AC32+AD32 -> 674 | AF32: 0 | AG32: 57 | AH32: 30 | AI32: =AI30 -> 14814.16 | AK32: =-AA32 -> -460 | AL32: =29.8*(V31*1.9835+AK32*1.9835)/E32 -> 3.4908755
A33: =A32+1 -> 22 | B33: 6910.75 | C33: 324996 | D33: =C33-C32 -> 3089 | E33: =C33-152000 -> 172996 | F33: =D33/$D$2 -> 1557.3481 | G33: 1650 | H33: 217 | I33: =G33+H33 -> 1867 | J33: =IF(L33>0,L33,0) -> 505.29812 | K33: =I33+J33 -> 2372.2981 | L33: =F33-(I33-AC33) -> 505.29812 | M33: 183 | N33: 0 | O33: =(44+45)*1.05 -> 93.45 | P33: =1.43*1.02 -> 1.4586 | Q33: 4.2 | R33: 0.24 | S33: 19.95 | T33: 21 | U33: =M33-N33-O33-P33-Q33-R33+S33+T33 -> 124.6014 | V33: =V32+AK33-(AL33/1.9835) -> 9452.1446 | X33: 12 | Y33: 1.7 | Z33: 1.3 | AA33: 579 | AB33: =AB32 -> 14600.433 | AC33: =N33+O33+P33+Q33+R33+U33+X33+AA33 -> 814.95 | AD33: =IF(L33<0,L33*-1,0) -> 0 | AE33: =AC33+AD33 -> 814.95 | AF33: 0 | AG33: 63 | AH33: 31 | AI33: =AI31 -> 14814.16 | AK33: =-AA33 -> -579 | AL33: =29.8*(V32*1.9835+AK33*1.9835)/E33 -> 3.230112
A34: =A33+1 -> 23 | B34: 6911.46 | C34: 327860 | D34: =C34-C33 -> 2864 | E34: =C34-152000 -> 175860 | F34: =D34/$D$2 -> 1443.9123 | G34: 1700 | H34: 218 | I34: =G34+H34 -> 1918 | J34: =IF(L34>0,L34,0) -> 478.91228 | K34: =I34+J34 -> 2396.9123 | L34: =F34-(I34-AC34) -> 478.91228 | M34: 178 | N34: 0 | O34: =(43+42)*1.05 -> 89.25 | P34: =1.43*1.02 -> 1.4586 | Q34: =4.02*1.04 -> 4.1808 | R34: 0 | S34: 52 | T34: 22 | U34: =M34-N34-O34-P34-Q34-R34+S34+T34 -> 157.1106 | V34: =V33+AK34-(AL34/1.9835) -> 8778.6567 | X34: 29 | Y34: 1.7 | Z34: 1.3 | AA34: 672 | AB34: =AB33 -> 14600.433 | AC34: =N34+O34+P34+Q34+R34+U34+X34+AA34 -> 953 | AD34: =IF(L34<0,L34*-1,0) -> 0 | AE34: =AC34+AD34 -> 953 | AF34: 0.01 | AG34: 68 | AH34: 38 | AI34: =AI32 -> 14814.16 | AK34: =-AA34 -> -672 | AL34: =29.8*(V33*1.9835+AK34*1.9835)/E34 -> 2.9510942
A35: =A34+1 -> 24 | B35: 6913 | C35: 334121 | D35: =C35-C34 -> 6261 | E35: =C35-152000 -> 182121 | F35: =D35/$D$2 -> 3156.5415 | G35: 2440 | H35: 458 | I35: =G35+H35 -> 2898 | J35: =IF(L35>0,L35,0) -> 1180.5415 | K35: =I35+J35 -> 4078.5415 | L35: =F35-(I35-AC35) -> 1180.5415 | M35: 163 | N35: 0 | O35: =(40+40)*1.05 -> 84 | P35: =1.43*1.02 -> 1.4586 | Q35: =4*1.04 -> 4.16 | R35: 0 | S35: 52 | T35: 24 | U35: =M35-N35-O35-P35-Q35-R35+S35+T35 -> 149.3814 | V35: =V34+AK35-(AL35/1.9835) -> 8105.3303 | X35: 11 | Y35: 1.7 | Z35: 1.3 | AA35: 672 | AB35: =AB34 -> 14600.433 | AC35: =N35+O35+P35+Q35+R35+U35+X35+AA35 -> 922 | AD35: =IF(L35<0,L35*-1,0) -> 0 | AE35: =AC35+AD35 -> 922 | AF35: 0.98 | AG35: 51 | AH35: 33 | AI35: =AI33 -> 14814.16 | AK35: =-AA35 -> -672 | AL35: =29.8*(V34*1.9835+AK35*1.9835)/E35 -> 2.6310568
A36: =A35+1 -> 25 | B36: 6914.18 | C36: 338976 | D36: =C36-C35 -> 4855 | E36: =C36-152000 -> 186976 | F36: =D36/$D$2 -> 2447.6935 | G36: 1980 | H36: 354 | I36: =G36+H36 -> 2334 | J36: =IF(L36>0,L36,0) -> 990.69347 | K36: =I36+J36 -> 3324.6935 | L36: =F36-(I36-AC36) -> 990.69347 | M36: 134 | N36: 0 | O36: =(39+40)*1.05 -> 82.95 | P36: =1.43*1.02 -> 1.4586 | Q36: =3.89*1.04 -> 4.0456 | R36: 0 | S36: 46 | T36: 25 | U36: =M36-N36-O36-P36-Q36-R36+S36+T36 -> 116.5458 | V36: =V35+AK36-(AL36/1.9835) -> 7432.1456 | X36: 0 | Y36: 1.7 | Z36: 1.3 | AA36: 672 | AB36: =AB35 -> 14600.433 | AC36: =N36+O36+P36+Q36+R36+U36+X36+AA36 -> 877 | AD36: =IF(L36<0,L36*-1,0) -> 0 | AE36: =AC36+AD36 -> 877 | AF36: 0.06 | AG36: 53 | AH36: 34 | AI36: =AI34 -> 14814.16 | AK36: =-AA36 -> -672 | AL36: =29.8*(V35*1.9835+AK36*1.9835)/E36 -> 2.3498819
A37: =A36+1 -> 26 | B37: 6914.99 | C37: 342331 | D37: =C37-C36 -> 3355 | E37: =C37-152000 -> 190331 | F37: =D37/$D$2 -> 1691.4545 | G37: 1650 | H37: 264 | I37: =G37+H37 -> 1914 | J37: =IF(L37>0,L37,0) -> 662.4545 | K37: =I37+J37 -> 2576.4545 | L37: =F37-(I37-AC37) -> 662.4545 | M37: 81 | N37: 0 | O37: =(13+15)*1.05 -> 29.4 | P37: =1.43*1.02 -> 1.4586 | Q37: =3.94*1.04 -> 4.0976 | R37: 0 | S37: 46 | T37: 23 | U37: =M37-N37-O37-P37-Q37-R37+S37+T37 -> 115.0438 | V37: =V36+AK37-(AL37/1.9835) -> 6707.0953 | X37: 11 | Y37: 1.7 | Z37: 1.3 | AA37: 724 | AB37: =AB36 -> 14600.433 | AC37: =N37+O37+P37+Q37+R37+U37+X37+AA37 -> 885 | AD37: =IF(L37<0,L37*-1,0) -> 0 | AE37: =AC37+AD37 -> 885 | AF37: 0 | AG37: 60 | AH37: 35 | AI37: =AI35 -> 14814.16 | AK37: =-AA37 -> -724 | AL37: =29.8*(V36*1.9835+AK37*1.9835)/E37 -> 2.0832501
A38: =A37+1 -> 27 | B38: 6915.64 | C38: 345044 | D38: =C38-C37 -> 2713 | E38: =C38-152000 -> 193044 | F38: =D38/$D$2 -> 1367.7842 | G38: 1560 | H38: 207 | I38: =G38+H38 -> 1767 | J38: =IF(L38>0,L38,0) -> 511.78422 | K38: =I38+J38 -> 2278.7842 | L38: =F38-(I38-AC38) -> 511.78422 | M38: 54 | N38: 0 | O38: =3.9*1.05 -> 4.095 | P38: =1.43*1.02 -> 1.4586 | Q38: =2.66*1.04 -> 2.7664 | R38: 0 | S38: 46 | T38: 23 | U38: =M38-N38-O38-P38-Q38-R38+S38+T38 -> 114.68 | V38: =V37+AK38-(AL38/1.9835) -> 5918.1815 | X38: 0 | Y38: 1.7 | Z38: 1.3 | AA38: 788 | AB38: =AB37 -> 14600.433 | AC38: =N38+O38+P38+Q38+R38+U38+X38+AA38 -> 911 | AD38: =IF(L38<0,L38*-1,0) -> 0 | AE38: =AC38+AD38 -> 911 | AF38: 0.21 | AG38: 55 | AH38: 36 | AI38: =AI36 -> 14814.16 | AK38: =-AA38 -> -788 | AL38: =29.8*(V37*1.9835+AK38*1.9835)/E38 -> 1.8123726
A39: =A38+1 -> 28 | B39: 6916.21 | C39: 347430 | D39: =C39-C38 -> 2386 | E39: =C39-152000 -> 195430 | F39: =D39/$D$2 -> 1202.9241 | G39: 1420 | H39: 157 | I39: =G39+H39 -> 1577 | J39: =IF(L39>0,L39,0) -> 544.62412 | K39: =I39+J39 -> 2121.6241 | L39: =F39-(I39-AC39) -> 544.62412 | M39: 53 | N39: 0 | O39: =6.1*1.05 -> 6.405 | P39: =1.43*1.02 -> 1.4586 | Q39: =2.62*1.04 -> 2.7248 | R39: 0 | S39: 46 | T39: 23 | U39: =M39-N39-O39-P39-Q39-R39+S39+T39 -> 111.4116 | V39: =V38+AK39-(AL39/1.9835) -> 5129.3993 | X39: 8.7 | Y39: 1.7 | Z39: 1.3 | AA39: 788 | AB39: =AB38 -> 14600.433 | AC39: =N39+O39+P39+Q39+R39+U39+X39+AA39 -> 918.7 | AD39: =IF(L39<0,L39*-1,0) -> 0 | AE39: =AC39+AD39 -> 918.7 | AF39: 0.22 | AG39: 52 | AH39: 33 | AI39: =AI37 -> 14814.16 | AK39: =-AA39 -> -788 | AL39: =29.8*(V38*1.9835+AK39*1.9835)/E39 -> 1.5516364
A40: =A39+1 -> 29 | B40: 6916.71 | C40: 349534 | D40: =C40-C39 -> 2104 | E40: =C40-152000 -> 197534 | F40: =D40/$D$2 -> 1060.7512 | G40: 1330 | H40: 150 | I40: =G40+H40 -> 1480 | J40: =IF(L40>0,L40,0) -> 589.7512 | K40: =I40+J40 -> 2069.7512 | L40: =F40-(I40-AC40) -> 589.7512 | M40: 56 | N40: 0 | O40: =(0.94+6.1)*1.05 -> 7.392 | P40: =1.43*1.02 -> 1.4586 | Q40: =2.59*1.04 -> 2.6936 | R40: 0 | S40: 42 | T40: 22 | U40: =M40-N40-O40-P40-Q40-R40+S40+T40 -> 108.4558 | V40: =V39+AK40-(AL40/1.9835) -> 4249.7581 | X40: 10 | Y40: 1.7 | Z40: 1.3 | AA40: 879 | AB40: =AB39 -> 14600.433 | AC40: =N40+O40+P40+Q40+R40+U40+X40+AA40 -> 1009 | AD40: =IF(L40<0,L40*-1,0) -> 0 | AE40: =AC40+AD40 -> 1009 | AF40: 0.05 | AG40: 52 | AH40: 34 | AI40: =AI38 -> 14814.16 | AK40: =-AA40 -> -879 | AL40: =29.8*(V39*1.9835+AK40*1.9835)/E40 -> 1.2718513
A41: 30 | B41: 6916.99 | C41: 350712 | D41: =C41-C40 -> 1178 | E41: =C41-152000 -> 198712 | F41: =D41/$D$2 -> 593.89967 | G41: 1210 | H41: 144 | I41: =G41+H41 -> 1354 | J41: =IF(L41>0,L41,0) -> 440.89967 | K41: =I41+J41 -> 1794.8997 | L41: =F41-(I41-AC41) -> 440.89967 | M41: 55 | N41: 0 | O41: =(2.6+6)*1.05 -> 9.03 | P41: =1.43*1.02 -> 1.4586 | Q41: =2.54*1.04 -> 2.6416 | R41: 0 | S41: 36 | T41: 22 | U41: =M41-N41-O41-P41-Q41-R41+S41+T41 -> 99.8698 | V41: =V40+AK41-(AL41/1.9835) -> 3179.2812 | X41: 18 | Y41: 1.7 | Z41: 1.3 | AA41: 1070 | AB41: =AB40 -> 14600.433 | AC41: =N41+O41+P41+Q41+R41+U41+X41+AA41 -> 1201 | AD41: =IF(L41<0,L41*-1,0) -> 0 | AE41: =AC41+AD41 -> 1201 | AF41: 0 | AG41: 55 | AH41: 30 | AI41: =AI39 -> 14814.16 | AK41: =-AA41 -> -1070 | AL41: =29.8*(V40*1.9835+AK41*1.9835)/E41 -> 0.94584169
A43: MONTH / CFS | F43: =SUM(F12:F41) -> 55906.731 | G43: =SUM(G12:G41) -> 38134 | H43: =SUM(H12:H41) -> 7547 | I43: =SUM(I12:I41) -> 45681 | J43: =SUM(J12:J41) -> 22768.281 | K43: =SUM(K12:K41) -> 68449.281 | L43: =SUM(L12:L41) -> 22768.281 | M43: =SUM(M12:M41) -> 2481.5 | ... U43: =SUM(U12:U41) -> 1735.1539 | X43: =SUM(X12:X41) -> 129.7 | Y43: =SUM(Y12:Y41) -> 51 | Z43: =SUM(Z12:Z41) -> 39 | AA43: =SUM(AA12:AA41) -> 9276 | AC43: =SUM(AC12:AC41) -> 12542.55 | AD43: =SUM(AD12:AD41) -> 0 | AE43: =SUM(AE12:AE41) -> 12542.55 | AF43: =SUM(AF12:AF41) -> 1.59 | AG43: =AVERAGE(AG12:AG41) -> 60 | AH43: =AVERAGE(AH12:AH41) -> 31.733333 | AI43: AVG | AJ43: =SUM(AJ12:AJ41) -> 0
A44: MONTH / AF | D44: =SUM(D12:D41) -> 110891 | F44: =F43*$D$2 -> 110891 | G44: =G43*$D$2 -> 75638.789 | H44: =H43*$D$2 -> 14969.475 | I44: =I43*$D$2 -> 90608.264 | J44: =J43*$D$2 -> 45160.884 | K44: =K43*$D$2 -> 135769.15 | L44: =L43*$D$2 -> 45160.884 | M44: =M43*$D$2 -> 4922.0553 | ... U44: =U43*$D$2 -> 3441.6778 | X44: =X43*$D$2 -> 257.25995 | Y44: =Y43*$D$2 -> 101.1585 | Z44: =Z43*$D$2 -> 77.3565 | AA44: =AA43*$D$2 -> 18398.946 | AC44: =AC43*$D$2 -> 24878.148 | AD44: =AD43*$D$2 -> 0 | AE44: =AE43*$D$2 -> 24878.148 | AG44: =MAX(AG12:AG41) -> 71 | AH44: =MAX(AH12:AH41) -> 42 | AI44: HI | AJ44: =AJ43*$D$2 -> 0 | AL44: =SUM(AL12:AL41) -> 80.166116
A46: SEASON / CFS | F46: =F43 -> 55906.731 | G46: =G43 -> 38134 | H46: =H43 -> 7547 | I46: =I43 -> 45681 | J46: =J43 -> 22768.281 | K46: =K43 -> 68449.281 | L46: =L43 -> 22768.281 | M46: =M43 -> 2481.5 | N46: =N43 -> 0 | O46: =O9+O43 -> 1261.3965 | S46: =S43 -> 385.95 | T46: =T43 -> 269.4 | U46: =U9+U43 -> 1735.1539 | V46: =V41 -> 3179.2812 | X46: =X43 -> 129.7 | Y46: =Y43 -> 51 | Z46: =Z43 -> 39 | AC46: =AC43 -> 12542.55 | AD46: =AD43 -> 0 | AE46: =AE43 -> 12542.55 | AG46: =MIN(AG12:AG41) -> 48 | AH46: =MIN(AH12:AH41) -> 15 | AI46: LO
A47: SEASON / AF | F47: =F46*$D$2 -> 110891 | G47: =G46*$D$2 -> 75638.789 | H47: =H46*$D$2 -> 14969.475 | I47: =I46*$D$2 -> 90608.264 | J47: =J46*$D$2 -> 45160.884 | K47: =K46*$D$2 -> 135769.15 | L47: =L46*$D$2 -> 45160.884 | M47: =M46*$D$2 -> 4922.0553 | ... O47: =O46*$D$2 -> 2501.98 | S47: =S46*$D$2 -> 765.53183 | T47: =T46*$D$2 -> 534.3549 | U47: =U46*$D$2 -> 3441.6778 | V47: =V46*$D$2 -> 6306.1043 | X47: =X46*$D$2 -> 257.25995 | Y47: =Y46*$D$2 -> 101.1585 | Z47: =Z46*$D$2 -> 77.3565 | AC47: =AC46*$D$2 -> 24878.148 | AD47: =AD46*$D$2 -> 0 | AE47: =AE46*$D$2 -> 24878.148 | AL47: =AL44 -> 80.166116
A49: YTD / CFS | F49: =F10+F43 -> 72329.72 | G49: =G10+G43 -> 54592 | H49: =H10+H43 -> 9936.54 | I49: =I10+I43 -> 64528.54 | J49: =J10+J43 -> 33229.786 | K49: =K10+K43 -> 97758.326 | L49: =L10+L43 -> 32684.53 | M49: =M10+M43 -> 3277.5 | ... U49: =U10+U43 -> 9450.3103 | AA49: =AA10+AA43 -> 13318 | AB49: =AB41 -> 14600.433 | AC49: =AC10+AC43 -> 24883.35 | AD49: =AD10+AD43 -> 545.25544 | AE49: =AE10+AE43 -> 25428.605 | AF49: =AF10+AF43 -> 12.88 | AJ49: =AJ10+AJ43 -> 0
A50: YTD / AF | D50: =D10+D44 -> 143466 | E50: =E41 -> 198712 | F50: =F49*$D$2 -> 143466 | G50: =G49*$D$2 -> 108283.23 | H50: =H49*$D$2 -> 19709.127 | I50: =I49*$D$2 -> 127992.36 | J50: =J49*$D$2 -> 65911.28 | K50: =K49*$D$2 -> 193903.64 | L50: =L49*$D$2 -> 64829.766 | M50: =M49*$D$2 -> 6500.9213 | ... U50: =U49*$D$2 -> 18744.69 | AA50: =AA49*$D$2 -> 26416.253 | AB50: =AB49*$D$2 -> 28959.959 | AC50: =AC49*$D$2 -> 49356.125 | AD50: =AD49*$D$2 -> 1081.5142 | AE50: =AE49*$D$2 -> 50437.639 | AI50: =AI41 -> 14814.16 | AJ50: =AJ49*$D$2 -> 0 | AL50: =AL44 -> 80.166116

Sheet MAY
K1: MCPHEE RESERVOIR INFLOW/OUTFLOW TABULATION
A2: AF/cfs CONVERT FACTOR | D2: 1.9835 | K2: MAY "2005"
D4: RESERVOIR | S4: INFLOW/OUTFLOW (CFS) | AG4: WEATHER | AK4: ADJUSTMENTS
A5: DATE | B5: RESERV | C5: RESERV | D5: AC FT | E5: ACTIVE | F5: CONV TO | G5: DOLORES | H5: LOST | I5: RECORD | J5: CALC | K5: TOTAL | L5: CALC | M5: DOLORES TUNNEL | S5: LONE | T5: U | U5: TOTAL | V5: MVI | W5: MVI | X5: DV CR | Y5: D/S SENIOR | AA5: BELOW | AB5: FISH | AC5: RECORD | AD5: CALC | AE5: TOTAL | AF5: RAIN | AG5: MAX | AH5: MIN | AI5: NAR | AJ5: MVI | AK5: MVI | AL5: MVI | AM5: U/S | AN5: TOTTEN
A6: MAY | B6: ELEV | C6: AC FT | D6: CHANGE | E6: CAP | F6: CFS | G6: RIVER | H6: CAN | I6: INFLOW | J6: INFLOW | K6: INFLOW | L6: INF/OTF | M6: TOT DIV | N6: WET | O6: UTE | P6: MWC | Q6: CTZ | R6: CTZ & | S6: PINE | T6: LAT | U6: MVI | V6: CALL | W6: PROJ & | X6: CANAL | AA6: MCP | AB6: LEFT | AC6: OTF | AD6: OTF | AE6: OTF | AG6: TMP | AH6: TMP | AI6: CALL | AJ6: STOCK | AK6: STORED | AL6: STORED | AM6: USERS | AN6: (FRESH
E7: AC FT | N7: LAND | O7: F&R | R7: UTE | W7: TO EX & | AI7: AC FT | AJ7: AC.FT. | AK7: Apr - Jun | AL7: EVAP | AM7: EXCH | AN7: WATER)
N8: 1.03 | O8: 1.05 | P8: 1.02 | Q8: 1.04 | R8: PROJ | W8: U/S EX | AL8: AC.FT.
A9: SEASON BAL | F9: =APR!F46 -> 55906.731 | G9: =APR!G46 -> 38134 | H9: =APR!H46 -> 7547 | I9: =APR!I46 -> 45681 | J9: =APR!J46 -> 22768.281 | K9: =APR!K46 -> 68449.281 | L9: =APR!L46 -> 22768.281 | M9: =APR!M46 -> 2481.5 | ... O9: =APR!O46 -> 1261.3965 | S9: =APR!S46 -> 385.95 | T9: =APR!T46 -> 269.4 | U9: =APR!U46 -> 1735.1539 | V9: =APR!V46 -> 3179.2812 | X9: =APR!X46 -> 129.7 | Y9: =APR!Y46 -> 51 | Z9: =APR!Z46 -> 39 | AC9: =APR!AC46 -> 12542.55 | AD9: =APR!AD46 -> 0 | AE9: =APR!AE46 -> 12542.55 | AL9: =APR!AL47 -> 80.166116 | AM9: =APR!AM46 -> 0
A10: YTD | B10: =APR!B41 -> 6916.99 | C10: =APR!C41 -> 350712 | D10: =APR!D50 -> 143466 | E10: =APR!E50 -> 198712 | F10: =APR!F49 -> 72329.72 | G10: =APR!G49 -> 54592 | H10: =APR!H49 -> 9936.54 | I10: =APR!I49 -> 64528.54 | J10: =APR!J49 -> 33229.786 | K10: =APR!K49 -> 97758.326 | L10: =APR!L49 -> 32684.53 | M10: =APR!M49 -> 3277.5 | ... U10: =APR!U49 -> 9450.3103 | X10: =APR!X49 -> 0 | AA10: =APR!AA49 -> 13318 | AB10: =APR!AB49 -> 14600.433 | AC10: =APR!AC49 -> 24883.35 | AD10: =APR!AD49 -> 545.25544 | AE10: =APR!AE49 -> 25428.605 | AF10: =APR!AF49 -> 12.88 | AI10: =APR!AI50 -> 14814.16 | AJ10: =APR!AJ49 -> 0 | AL10: =APR!AL50 -> 80.166116 | AM10: =APR!AM49 -> 0
A12: 1 | B12: 6917.11 | C12: 351220 | D12: =C12-C10 -> 508 | E12: =C12-152000 -> 199220 | F12: =D12/$D$2 -> 256.11293 | G12: 1120 | H12: 115 | I12: =G12+H12 -> 1235 | J12: =IF(L12>0,L12,0) -> 302.11293 | K12: =I12+J12 -> 1537.1129 | L12: =F12-(I12-AC12) -> 302.11293 | M12: 52 | N12: =2.1*1.03 -> 2.163 | O12: =(0.77+2.3)*1.05 -> 3.2235 | P12: =1.86*1.02 -> 1.8972 | Q12: 2.75 | R12: 0 | S12: 37 | T12: 22 | U12: =M12-N12-O12-P12-Q12-R12+S12+T12-AN12 -> 100.9663 | V12: =V9+AK12-(AL12/1.9835) -> 2008.8042 | X12: 0 | Y12: 1.7 | Z12: 1.3 | AA12: 1170 | AB12: =AB10 -> 14600.433 | AC12: =N12+O12+P12+Q12+R12+U12+X12+AA12 -> 1281 | AD12: =IF(L12<0,L12*-1,0) -> 0 | AE12: =AC12+AD12 -> 1281 | AF12: 0.01 | AG12: 55 | AH12: 37 | AI12: =AI10 -> 14814.16 | AK12: =-AA12 -> -1170 | AL12: =47.3*(V9*1.9835+AK12*1.9835)/E12 -> 0.94623963
A13: =A12+1 -> 2 | B13: 6917.29 | C13: 351983 | D13: =C13-C12 -> 763 | E13: =C13-152000 -> 199983 | F13: =D13/$D$2 -> 384.67356 | G13: 1090 | H13: 137 | I13: =G13+H13 -> 1227 | J13: =IF(L13>0,L13,0) -> 437.67356 | K13: =I13+J13 -> 1664.6736 | L13: =F13-(I13-AC13) -> 437.67356 | M13: 52 | N13: =2.1*1.03 -> 2.163 | O13: =1.9*1.05 -> 1.995 | P13: =1.86*1.02 -> 1.8972 | Q13: 3.1 | R13: 0 | S13: 36 | T13: 22 | U13: =M13-N13-O13-P13-Q13-R13+S13+T13-AN13 -> 100.8448 | V13: =V12+AK13-(AL13/1.9835) -> 838.60576 | X13: 0 | Y13: 1.7 | Z13: 1.3 | AA13: 1170 | AB13: =AB12 -> 14600.433 | AC13: =N13+O13+P13+Q13+R13+U13+X13+AA13 -> 1280 | AD13: =IF(L13<0,L13*-1,0) -> 0 | AE13: =AC13+AD13 -> 1280 | AF13: 0.1 | AG13: 57 | AH13: 34 | AI13: =AI12 -> 14814.16 | AK13: =-AA13 -> -1170 | AL13: =47.3*(V12*1.9835+AK13*1.9835)/E13 -> 0.39351459
A14: =A13+1 -> 3 | B14: 6917.51 | C14: 352916 | D14: =C14-C13 -> 933 | E14: =C14-152000 -> 200916 | F14: =D14/$D$2 -> 470.38064 | G14: 1090 | H14: 179 | I14: =G14+H14 -> 1269 | J14: =IF(L14>0,L14,0) -> 472.18064 | K14: =I14+J14 -> 1741.1806 | L14: =F14-(I14-AC14) -> 472.18064 | M14: 44 | N14: =2.1*1.03 -> 2.163 | O14: =(0.08+3.3)*1.05 -> 3.549 | P14: =1.86*1.02 -> 1.8972 | Q14: 4.02 | R14: 0 | S14: 24 | T14: 23 | U14: =M14-N14-O14-P14-Q14-R14+S14+T14-AN14 -> 79.3708 | V14: 0 | X14: 9.8 | Y14: 1.7 | Z14: 1.3 | AA14: 1170 | AB14: =AB13 -> 14600.433 | AC14: =N14+O14+P14+Q14+R14+U14+X14+AA14 -> 1270.8 | AD14: =IF(L14<0,L14*-1,0) -> 0 | AE14: =AC14+AD14 -> 1270.8 | AF14: 0.05 | AG14: 55 | AH14: 38 | AI14: =AI13 -> 14814.16 | AK14: =-AA14 -> -1170 | AL14: =47.3*(V13*1.9835+AK14*1.9835)/E14 -> -0.15474755
A15: =A14+1 -> 4 | B15: 6917.71 | C15: 353764 | D15: =C15-C14 -> 848 | E15: =C15-152000 -> 201764 | F15: =D15/$D$2 -> 427.5271 | G15: 1080 | H15: 158 | I15: =G15+H15 -> 1238 | J15: =IF(L15>0,L15,0) -> 434.5571 | K15: =I15+J15 -> 1672.5571 | L15: =F15-(I15-AC15) -> 434.5571 | M15: 37 | N15: =2.1*1.03 -> 2.163 | O15: =1.4*1.05 -> 1.47 | P15: =1.86*1.02 -> 1.8972 | Q15: 4.2 | R15: 1.27 | S15: 14 | T15: 24 | U15: =M15-N15-O15-P15-Q15-R15+S15+T15-AN15 -> 63.9998 | V15: =V14+AK15-(AL15/1.9835) -> 0 | X15: 0.03 | Y15: 1.7 | Z15: 1.3 | AA15: 1170 | AB15: =AB14 -> 14600.433 | AC15: =N15+O15+P15+Q15+R15+U15+X15+AA15 -> 1245.03 | AD15: =IF(L15<0,L15*-1,0) -> 0 | AE15: =AC15+AD15 -> 1245.03 | AF15: 0 | AG15: 62 | AH15: 35 | AI15: =AI14 -> 14814.16 | AL15: =47.3*(V14*1.9835+AK15*1.9835)/E15 -> 0
A16: =A15+1 -> 5 | B16: 6917.81 | C16: 354188 | D16: =C16-C15 -> 424 | E16: =C16-152000 -> 202188 | F16: =D16/$D$2 -> 213.76355 | G16: 1120 | H16: 144 | I16: =G16+H16 -> 1264 | J16: =IF(L16>0,L16,0) -> 212.76355 | K16: =I16+J16 -> 1476.7635 | L16: =F16-(I16-AC16) -> 212.76355 | M16: 54 | N16: =2.1*1.03 -> 2.163 | O16: =1.4*1.05 -> 1.47 | P16: =1.86*1.02 -> 1.8972 | Q16: 2.95 | R16: 0 | S16: 14 | T16: 25 | U16: =M16-N16-O16-P16-Q16-R16+S16+T16-AN16 -> 84.5198 | V16: =V15+AK16-(AL16/1.9835) -> 0 | X16: 0 | Y16: 1.7 | Z16: 1.3 | AA16: 1170 | AB16: =AB15 -> 14600.433 | AC16: =N16+O16+P16+Q16+R16+U16+X16+AA16 -> 1263 | AD16: =IF(L16<0,L16*-1,0) -> 0 | AE16: =AC16+AD16 -> 1263 | AF16: 0 | AG16: 68 | AH16: 43 | AI16: =AI15 -> 14814.16 | AL16: =47.3*(V15*1.9835+AK16*1.9835)/E16 -> 0
A17: =A16+1 -> 6 | B17: 6918.02 | C17: 355079 | D17: =C17-C16 -> 891 | E17: =C17-152000 -> 203079 | F17: =D17/$D$2 -> 449.20595 | G17: 1270 | H17: 182 | I17: =G17+H17 -> 1452 | J17: =IF(L17>0,L17,0) -> 528.50595 | K17: =I17+J17 -> 1980.5059 | L17: =F17-(I17-AC17) -> 528.50595 | M17: 119 | N17: =2.1*1.03 -> 2.163 | O17: =(23+24)*1.05 -> 49.35 | P17: =1.86*1.02 -> 1.8972 | Q17: 2.98 | R17: 0 | S17: 6.3 | T17: 26 | U17: =M17-N17-O17-P17-Q17-R17+S17+T17-AN17 -> 94.9098 | V17: =V16+AK17-(AL17/1.9835) -> 0 | X17: 0 | Y17: 1.7 | Z17: 1.3 | AA17: 1380 | AB17: =AB16 -> 14600.433 | AC17: =N17+O17+P17+Q17+R17+U17+X17+AA17 -> 1531.3 | AD17: =IF(L17<0,L17*-1,0) -> 0 | AE17: =AC17+AD17 -> 1531.3 | AF17: 0.04 | AG17: 61 | AH17: 40 | AI17: =AI16 -> 14814.16 | AL17: =47.3*(V16*1.9835+AK17*1.9835)/E17 -> 0
A18: =A17+1 -> 7 | B18: 6918.02 | C18: 355079 | D18: =C18-C17 -> 0 | E18: =C18-152000 -> 203079 | F18: =D18/$D$2 -> 0 | G18: 1340 | H18: 181 | I18: =G18+H18 -> 1521 | J18: =IF(L18>0,L18,0) -> 445 | K18: =I18+J18 -> 1966 | L18: =F18-(I18-AC18) -> 445 | M18: 129 | N18: =2.1*1.03 -> 2.163 | O18: =(36+36)*1.05 -> 75.6 | P18: =1.86*1.02 -> 1.8972 | Q18: 2.95 | R18: 0 | S18: 0 | T18: 27 | U18: =M18-N18-O18-P18-Q18-R18+S18+T18-AN18 -> 73.3898 | V18: =V17+AK18-(AL18/1.9835) -> 0 | X18: 10 | Y18: 1.7 | Z18: 1.3 | AA18: 1800 | AB18: =AB17 -> 14600.433 | AC18: =N18+O18+P18+Q18+R18+U18+X18+AA18 -> 1966 | AD18: =IF(L18<0,L18*-1,0) -> 0 | AE18: =AC18+AD18 -> 1966 | AF18: 0.12 | AG18: 54 | AH18: 33 | AI18: =AI17 -> 14814.16 | AL18: =47.3*(V17*1.9835+AK18*1.9835)/E18 -> 0
A19: =A18+1 -> 8 | B19: 6917.79 | C19: 354103 | D19: =C19-C18 -> -976 | E19: =C19-152000 -> 202103 | F19: =D19/$D$2 -> -492.05949 | G19: 1190 | H19: 142 | I19: =G19+H19 -> 1332 | J19: =IF(L19>0,L19,0) -> 383.54051 | K19: =I19+J19 -> 1715.5405 | L19: =F19-(I19-AC19) -> 383.54051 | M19: 130 | N19: =2.1*1.03 -> 2.163 | O19: =(37+37)*1.05 -> 77.7 | P19: =1.86*1.02 -> 1.8972 | Q19: 3.56 | R19: 0 | S19: 0 | T19: 26 | U19: =M19-N19-O19-P19-Q19-R19+S19+T19-AN19 -> 70.6798 | V19: =V18+AK19-(AL19/1.9835) -> 0 | X19: 1.6 | Y19: 1.7 | Z19: 1.3 | AA19: 2050 | AB19: =AB18 -> 14600.433 | AC19: =N19+O19+P19+Q19+R19+U19+X19+AA19 -> 2207.6 | AD19: =IF(L19<0,L19*-1,0) -> 0 | AE19: =AC19+AD19 -> 2207.6 | AF19: 0 | AG19: 63 | AH19: 34 | AI19: =AI18 -> 14814.16 | AL19: =47.3*(V18*1.9835+AK19*1.9835)/E19 -> 0
A20: =A19+1 -> 9 | B20: 6917.82 | C20: 354231 | D20: =C20-C19 -> 128 | E20: =C20-152000 -> 202231 | F20: =D20/$D$2 -> 64.532392 | G20: 1280 | H20: 178 | I20: =G20+H20 -> 1458 | J20: =IF(L20>0,L20,0) -> 332.23239 | K20: =I20+J20 -> 1790.2324 | L20: =F20-(I20-AC20) -> 332.23239 | M20: 138 | N20: =2.1*1.03 -> 2.163 | O20: =(36+35)*1.05 -> 74.55 | P20: =1.86*1.02 -> 1.8972 | Q20: 3.98 | R20: 0 | S20: 0 | T20: 28 | U20: =M20-N20-O20-P20-Q20-R20+S20+T20-AN20 -> 83.4098 | V20: =V19+AK20-(AL20/1.9835) -> 0 | X20: 9.7 | Y20: 1.7 | Z20: 1.3 | AA20: 1550 | AB20: =AB19 -> 14600.433 | AC20: =N20+O20+P20+Q20+R20+U20+X20+AA20 -> 1725.7 | AD20: =IF(L20<0,L20*-1,0) -> 0 | AE20: =AC20+AD20 -> 1725.7 | AF20: 0 | AG20: 68 | AH20: 38 | AI20: =AI19 -> 14814.16 | AL20: =47.3*(V19*1.9835+AK20*1.9835)/E20 -> 0
A21: =A20+1 -> 10 | B21: 6918 | C21: 354994 | D21: =C21-C20 -> 763 | E21: =C21-152000 -> 202994 | F21: =D21/$D$2 -> 384.67356 | G21: 1680 | H21: 262 | I21: =G21+H21 -> 1942 | J21: =IF(L21>0,L21,0) -> 376.67356 | K21: =I21+J21 -> 2318.6736 | L21: =F21-(I21-AC21) -> 376.67356 | M21: 182 | N21: =2.1*1.03 -> 2.163 | O21: =(42+43)*1.05 -> 89.25 | P21: =1.86*1.02 -> 1.8972 | Q21: 3.89 | R21: 0 | S21: 0 | T21: 31 | U21: =M21-N21-O21-P21-Q21-R21+S21+T21-AN21 -> 115.7998 | V21: =V20+AK21-(AL21/1.9835) -> 0 | X21: 11 | Y21: 1.7 | Z21: 1.3 | AA21: 1710 | AB21: =AB20 -> 14600.433 | AC21: =N21+O21+P21+Q21+R21+U21+X21+AA21 -> 1934 | AD21: =IF(L21<0,L21*-1,0) -> 0 | AE21: =AC21+AD21 -> 1934 | AF21: 0 | AG21: 68 | AH21: 42 | AI21: =AI20 -> 14814.16 | AL21: =47.3*(V20*1.9835+AK21*1.9835)/E21 -> 0
A22: =A21+1 -> 11 | B22: 6918.1 | C22: 355421 | D22: =C22-C21 -> 427 | E22: =C22-152000 -> 203421 | F22: =D22/$D$2 -> 215.27603 | G22: 1790 | H22: 233 | I22: =G22+H22 -> 2023 | J22: =IF(L22>0,L22,0) -> 487.27603 | K22: =I22+J22 -> 2510.276 | L22: =F22-(I22-AC22) -> 487.27603 | M22: 178 | N22: =2.1*1.03 -> 2.163 | O22: =(47+48)*1.05 -> 99.75 | P22: =1.86*1.02 -> 1.8972 | Q22: 3.9 | R22: 0 | S22: 0 | T22: 41 | U22: =M22-N22-O22-P22-Q22-R22+S22+T22-AN22 -> 111.2898 | V22: =V21+AK22-(AL22/1.9835) -> 0 | X22: 6 | Y22: 1.7 | Z22: 1.3 | AA22: 2070 | AB22: =AB21 -> 14600.433 | AC22: =N22+O22+P22+Q22+R22+U22+X22+AA22 -> 2295 | AD22: =IF(L22<0,L22*-1,0) -> 0 | AE22: =AC22+AD22 -> 2295 | AF22: 0 | AG22: 55 | AH22: 28 | AI22: =AI21 -> 14814.16 | AL22: =47.3*(V21*1.9835+AK22*1.9835)/E22 -> 0
A23: =A22+1 -> 12 | B23: 6918.04 | C23: 355165 | D23: =C23-C22 -> -256 | E23: =C23-152000 -> 203165 | F23: =D23/$D$2 -> -129.06478 | G23: 1550 | H23: 143 | I23: =G23+H23 -> 1693 | J23: =IF(L23>0,L23,0) -> 448.73522 | K23: =I23+J23 -> 2141.7352 | L23: =F23-(I23-AC23) -> 448.73522 | M23: 146 | N23: =2.1*1.03 -> 2.163 | O23: =(43+42)*1.05 -> 89.25 | P23: =1.86*1.02 -> 1.8972 | Q23: 4.2 | R23: 0.64 | S23: 0 | T23: 48 | U23: =M23-N23-O23-P23-Q23-R23+S23+T23-AN23 -> 95.8498 | V23: =V22+AK23-(AL23/1.9835) -> 0 | X23: 6.8 | Y23: 1.7 | Z23: 1.3 | AA23: 2070 | AB23: =AB22 -> 14600.433 | AC23: =N23+O23+P23+Q23+R23+U23+X23+AA23 -> 2270.8 | AD23: =IF(L23<0,L23*-1,0) -> 0 | AE23: =AC23+AD23 -> 2270.8 | AF23: 0 | AG23: 60 | AH23: 32 | AI23: =AI22 -> 14814.16 | AL23: =47.3*(V22*1.9835+AK23*1.9835)/E23 -> 0
A24: =A23+1 -> 13 | B24: 6917.89 | C24: 354427 | D24: =C24-C23 -> -738 | E24: =C24-152000 -> 202427 | F24: =D24/$D$2 -> -372.06957 | G24: 1570 | H24: 146 | I24: =G24+H24 -> 1716 | J24: =IF(L24>0,L24,0) -> 220.03043 | K24: =I24+J24 -> 1936.0304 | L24: =F24-(I24-AC24) -> 220.03043 | M24: 179 | N24: =2.1*1.03 -> 2.163 | O24: =(49+45)*1.05 -> 98.7 | P24: =1.86*1.02 -> 1.8972 | Q24: 4.2 | R24: 0.86 | S24: 0 | T24: 52 | U24: =M24-N24-O24-P24-Q24-R24+S24+T24-AN24 -> 123.1798 | V24: =V23+AK24-(AL24/1.9835) -> 0 | X24: 7.1 | Y24: 1.7 | Z24: 1.3 | AA24: 2070 | AB24: =AB23 -> 14600.433 | AC24: =N24+O24+P24+Q24+R24+U24+X24+AA24 -> 2308.1 | AD24: =IF(L24<0,L24*-1,0) -> 0 | AE24: =AC24+AD24 -> 2308.1 | AF24: 0 | AG24: 65 | AH24: 34 | AI24: =AI23 -> 14814.16 | AL24: =47.3*(V23*1.9835+AK24*1.9835)/E24 -> 0
A25: =A24+1 -> 14 | B25: 6917.92 | C25: 354655 | D25: =C25-C24 -> 228 | E25: =C25-152000 -> 202655 | F25: =D25/$D$2 -> 114.94832 | G25: 1860 | H25: 202 | I25: =G25+H25 -> 2062 | J25: =IF(L25>0,L25,0) -> 425.94832 | K25: =I25+J25 -> 2487.9483 | L25: =F25-(I25-AC25) -> 425.94832 | M25: 193 | N25: =2.1*1.03 -> 2.163 | O25: =(46+45)*1.05 -> 95.55 | P25: =1.86*1.02 -> 1.8972 | Q25: 4.2 | R25: 0.7 | S25: 54 | T25: 56 | U25: =M25-N25-O25-P25-Q25-R25+S25+T25-AN25 -> 198.4898 | V25: =V24+AK25-(AL25/1.9835) -> 0 | X25: 0 | Y25: 1.7 | Z25: 1.3 | AA25: 2070 | AB25: =AB24 -> 14600.433 | AC25: =N25+O25+P25+Q25+R25+U25+X25+AA25 -> 2373 | AD25: =IF(L25<0,L25*-1,0) -> 0 | AE25: =AC25+AD25 -> 2373 | AF25: 0 | AG25: 66 | AH25: 40 | AI25: =AI24 -> 14814.16 | AL25: =47.3*(V24*1.9835+AK25*1.9835)/E25 -> 0
A26: =A25+1 -> 15 | B26: 6917.85 | C26: 354358 | D26: =C26-C25 -> -297 | E26: =C26-152000 -> 202358 | F26: =D26/$D$2 -> -149.73532 | G26: 1860 | H26: 159 | I26: =G26+H26 -> 2019 | J26: =IF(L26>0,L26,0) -> 291.26468 | K26: =I26+J26 -> 2310.2647 | L26: =F26-(I26-AC26) -> 291.26468 | M26: 205 | N26: =2.1*1.03 -> 2.163 | O26: =(43+43)*1.05 -> 90.3 | P26: =1.86*1.02 -> 1.8972 | Q26: 4.2 | R26: 0.81 | S26: 110 | T26: 58 | U26: =M26-N26-O26-P26-Q26-R26+S26+T26-AN26 -> 273.6298 | V26: =V25+AK26-(AL26/1.9835) -> 0 | X26: 17 | Y26: 1.7 | Z26: 1.3 | AA26: 2070 | AB26: =AB25 -> 14600.433 | AC26: =N26+O26+P26+Q26+R26+U26+X26+AA26 -> 2460 | AD26: =IF(L26<0,L26*-1,0) -> 0 | AE26: =AC26+AD26 -> 2460 | AF26: 0 | AG26: 71 | AH26: 43 | AI26: =AI25 -> 14814.16 | AL26: =47.3*(V25*1.9835+AK26*1.9835)/E26 -> 0
A27: =A26+1 -> 16 | B27: 6917.96 | C27: 354824 | D27: =C27-C26 -> 466 | E27: =C27-152000 -> 202824 | F27: =D27/$D$2 -> 234.93824 | G27: 2210 | H27: 171 | I27: =G27+H27 -> 2381 | J27: =IF(L27>0,L27,0) -> 311.03824 | K27: =I27+J27 -> 2692.0382 | L27: =F27-(I27-AC27) -> 311.03824 | M27: 215 | N27: =2.1*1.03 -> 2.163 | O27: =(40+35)*1.05 -> 78.75 | P27: =1.86*1.02 -> 1.8972 | Q27: 4.2 | R27: 1.26 | S27: 111 | T27: 64 | U27: =M27-N27-O27-P27-Q27-R27+S27+T27-AN27 -> 301.7298 | V27: =V26+AK27-(AL27/1.9835) -> 0 | X27: 7.1 | Y27: 1.7 | Z27: 1.3 | AA27: 2060 | AB27: =AB26 -> 14600.433 | AC27: =N27+O27+P27+Q27+R27+U27+X27+AA27 -> 2457.1 | AD27: =IF(L27<0,L27*-1,0) -> 0 | AE27: =AC27+AD27 -> 2457.1 | AF27: 0 | AG27: 76 | AH27: 44 | AI27: =AI26 -> 14814.16 | AL27: =47.3*(V26*1.9835+AK27*1.9835)/E27 -> 0
A28: =A27+1 -> 17 | B28: 6918.32 | C28: 356361 | D28: =C28-C27 -> 1537 | E28: =C28-152000 -> 204361 | F28: =D28/$D$2 -> 774.89287 | G28: 2700 | H28: 219 | I28: =G28+H28 -> 2919 | J28: =IF(L28>0,L28,0) -> 372.89287 | K28: =I28+J28 -> 3291.8929 | L28: =F28-(I28-AC28) -> 372.89287 | M28: 242 | N28: =2.1*1.03 -> 2.163 | O28: =(40+39)*1.05 -> 82.95 | P28: =1.86*1.02 -> 1.8972 | Q28: 4.2 | R28: 1.57 | S28: 123 | T28: 71 | U28: =M28-N28-O28-P28-Q28-R28+S28+T28-AN28 -> 343.2198 | V28: =V27+AK28-(AL28/1.9835) -> 0 | X28: 21 | Y28: 1.7 | Z28: 1.3 | AA28: 2060 | AB28: =AB27 -> 14600.433 | AC28: =N28+O28+P28+Q28+R28+U28+X28+AA28 -> 2517 | AD28: =IF(L28<0,L28*-1,0) -> 0 | AE28: =AC28+AD28 -> 2517 | AF28: 0 | AG28: 65 | AH28: 43 | AI28: =AI27 -> 14814.16 | AL28: =47.3*(V27*1.9835+AK28*1.9835)/E28 -> 0
A29: =A28+1 -> 18 | B29: 6918.72 | C29: 358070 | D29: =C29-C28 -> 1709 | E29: =C29-152000 -> 206070 | F29: =D29/$D$2 -> 861.60827 | G29: 2860 | H29: 202 | I29: =G29+H29 -> 3062 | J29: =IF(L29>0,L29,0) -> 337.66827 | K29: =I29+J29 -> 3399.6683 | L29: =F29-(I29-AC29) -> 337.66827 | M29: 255 | N29: =2.1*1.03 -> 2.163 | O29: =(38+34)*1.05 -> 75.6 | P29: =1.86*1.02 -> 1.8972 | Q29: 4.2 | R29: 1.4 | S29: 134 | T29: 71 | U29: =M29-N29-O29-P29-Q29-R29+S29+T29-AN29-AN29 -> 357.7998 | V29: =V28+AK29-(AL29/1.9835) -> 0 | X29: 35 | Y29: 1.7 | Z29: 1.3 | AA29: 2060 | AB29: =AB28 -> 14600.433 | AC29: =N29+O29+P29+Q29+R29+U29+X29+AA29 -> 2538.06 | AD29: =IF(L29<0,L29*-1,0) -> 0 | AE29: =AC29+AD29 -> 2538.06 | AF29: 0 | AG29: 70 | AH29: 38 | AI29: =AI28 -> 14814.16 | AL29: =47.3*(V28*1.9835+AK29*1.9835)/E29 -> 0 | AN29: 8.47
A30: =A29+1 -> 19 | B30: 6919 | C30: 359267 | D30: =C30-C29 -> 1197 | E30: =C30-152000 -> 207267 | F30: =D30/$D$2 -> 603.4787 | G30: 3180 | H30: 197 | I30: =G30+H30 -> 3377 | J30: =IF(L30>0,L30,0) -> 233.3287 | K30: =I30+J30 -> 3610.3287 | L30: =F30-(I30-AC30) -> 233.3287 | M30: 260 | N30: =2.1*1.03 -> 2.163 | O30: =(35+31)*1.05 -> 69.3 | P30: =1.86*1.02 -> 1.8972 | Q30: 4.2 | R30: 2.72 | S30: 140 | T30: 71 | U30: =M30-N30-O30-P30-Q30-R30+S30+T30-AN30 -> 373.5698 | V30: =V29+AK30-(AL30/1.9835) -> 0 | X30: 63 | Y30: 1.7 | Z30: 1.3 | AA30: 2490 | AB30: =AB29 -> 14600.433 | AC30: =N30+O30+P30+Q30+R30+U30+X30+AA30 -> 3006.85 | AD30: =IF(L30<0,L30*-1,0) -> 0 | AE30: =AC30+AD30 -> 3006.85 | AF30: 0 | AG30: 78 | AH30: 45 | AI30: =AI29 -> 14814.16 | AL30: =47.3*(V29*1.9835+AK30*1.9835)/E30 -> 0 | AN30: 17.15
A31: =A30+1 -> 20 | B31: 6919.44 | C31: 361162 | D31: =C31-C30 -> 1895 | E31: =C31-152000 -> 209162 | F31: =D31/$D$2 -> 955.3819 | G31: 3850 | H31: 238 | I31: =G31+H31 -> 4088 | J31: =IF(L31>0,L31,0) -> 381.4419 | K31: =I31+J31 -> 4469.4419 | L31: =F31-(I31-AC31) -> 381.4419 | M31: 287 | N31: =2.1*1.03 -> 2.163 | O31: =(38+39)*1.05 -> 80.85 | P31: =1.86*1.02 -> 1.8972 | Q31: 4.2 | R31: 4.09 | S31: 148 | T31: 72 | U31: =M31-N31-O31-P31-Q31-R31+S31+T31-AN31 -> 393.8598 | V31: =V30+AK31-(AL31/1.9835) -> 0 | X31: 67 | Y31: 1.7 | Z31: 1.3 | AA31: 2960 | AB31: =AB30 -> 14600.433 | AC31: =N31+O31+P31+Q31+R31+U31+X31+AA31 -> 3514.06 | AD31: =IF(L31<0,L31*-1,0) -> 0 | AE31: =AC31+AD31 -> 3514.06 | AF31: 0 | AG31: 84 | AH31: 50 | AI31: =AI30 -> 14814.16 | AL31: =47.3*(V30*1.9835+AK31*1.9835)/E31 -> 0 | AN31: 19.94
A32: =A31+1 -> 21 | B32: 6919.97 | C32: 363444 | D32: =C32-C31 -> 2282 | E32: =C32-152000 -> 211444 | F32: =D32/$D$2 -> 1150.4916 | G32: 4500 | H32: 257 | I32: =G32+H32 -> 4757 | J32: =IF(L32>0,L32,0) -> 243.51156 | K32: =I32+J32 -> 5000.5116 | L32: =F32-(I32-AC32) -> 243.51156 | M32: 303 | N32: =2.1*1.03 -> 2.163 | O32: =(41+41)*1.05 -> 86.1 | P32: =1.86*1.02 -> 1.8972 | Q32: 4.2 | R32: 4.44 | S32: 158 | T32: 73 | U32: =M32-N32-O32-P32-Q32-R32+S32+T32-AN32 -> 415.2198 | V32: =V31+AK32-(AL32/1.9835) -> 0 | X32: 86 | Y32: 1.7 | Z32: 1.3 | AA32: 3250 | AB32: =AB31 -> 14600.433 | AC32: =N32+O32+P32+Q32+R32+U32+X32+AA32 -> 3850.02 | AD32: =IF(L32<0,L32*-1,0) -> 0 | AE32: =AC32+AD32 -> 3850.02 | AF32: 0 | AG32: 82 | AH32: 49+ | AI32: =AI31 -> 14814.16 | AL32: =47.3*(V31*1.9835+AK32*1.9835)/E32 -> 0 | AN32: 19.98
A33: =A32+1 -> 22 | B33: 6920.22 | C33: 364528 | D33: =C33-C32 -> 1084 | E33: =C33-152000 -> 212528 | F33: =D33/$D$2 -> 546.5087 | G33: 4710 | H33: 217 | I33: =G33+H33 -> 4927 | J33: =IF(L33>0,L33,0) -> 226.3787 | K33: =I33+J33 -> 5153.3787 | L33: =F33-(I33-AC33) -> 226.3787 | M33: 297 | N33: =2.1*1.03 -> 2.163 | O33: =(40+38)*1.05 -> 81.9 | P33: =1.86*1.02 -> 1.8972 | Q33: 4.2 | R33: 5.38 | S33: 162 | T33: 74 | U33: =M33-N33-O33-P33-Q33-R33+S33+T33-AN33 -> 417.3298 | V33: =V32+AK33-(AL33/1.9835) -> 0 | X33: 74 | Y33: 1.7 | Z33: 1.3 | AA33: 4020 | AB33: =AB32 -> 14600.433 | AC33: =N33+O33+P33+Q33+R33+U33+X33+AA33 -> 4606.87 | AD33: =IF(L33<0,L33*-1,0) -> 0 | AE33: =AC33+AD33 -> 4606.87 | AF33: 0 | AG33: 84 | AH33: 49 | AI33: =AI32 -> 14814.16 | AL33: =47.3*(V32*1.9835+AK33*1.9835)/E33 -> 0 | AN33: 20.13
A34: =A33+1 -> 23 | B34: 6920.53 | C34: 365874 | D34: =C34-C33 -> 1346 | E34: =C34-152000 -> 213874 | F34: =D34/$D$2 -> 678.59844 | G34: 4890 | H34: 205 | I34: =G34+H34 -> 5095 | J34: =IF(L34>0,L34,0) -> 396.10844 | K34: =I34+J34 -> 5491.1084 | L34: =F34-(I34-AC34) -> 396.10844 | M34: 289 | N34: =2.1*1.03 -> 2.163 | O34: =(32+31)*1.05 -> 66.15 | P34: =1.86*1.02 -> 1.8972 | Q34: 4.2 | R34: 5.61 | S34: 166 | T34: 74 | U34: =M34-N34-O34-P34-Q34-R34+S34+T34-AN34 -> 427.4898 | V34: =V33+AK34-(AL34/1.9835) -> 0 | X34: 105 | Y34: 1.7 | Z34: 1.3 | AA34: 4200 | AB34: =AB33 -> 14600.433 | AC34: =N34+O34+P34+Q34+R34+U34+X34+AA34 -> 4812.51 | AD34: =IF(L34<0,L34*-1,0) -> 0 | AE34: =AC34+AD34 -> 4812.51 | AF34: 0 | AG34: 83 | AH34: 49 | AI34: =AI33 -> 14814.16 | AL34: =47.3*(V33*1.9835+AK34*1.9835)/E34 -> 0 | AN34: 21.49
A35: =A34+1 -> 24 | B35: 6920.63 | C35: 366308 | D35: =C35-C34 -> 434 | E35: =C35-152000 -> 214308 | F35: =D35/$D$2 -> 218.80514 | G35: 4860 | H35: 177 | I35: =G35+H35 -> 5037 | J35: =IF(L35>0,L35,0) -> 247.84514 | K35: =I35+J35 -> 5284.8451 | L35: =F35-(I35-AC35) -> 247.84514 | M35: 301 | N35: =2.1*1.03 -> 2.163 | O35: =(32+31)*1.05 -> 66.15 | P35: =1.86*1.02 -> 1.8972 | Q35: 4.2 | R35: 3.74 | S35: 178 | T35: 74 | U35: =M35-N35-O35-P35-Q35-R35+S35+T35-AN35 -> 453.8898 | V35: =V34+AK35-(AL35/1.9835) -> 0 | X35: 154 | Y35: 1.7 | Z35: 1.3 | AA35: 4380 | AB35: =AB34 -> 14600.433 | AC35: =N35+O35+P35+Q35+R35+U35+X35+AA35 -> 5066.04 | AD35: =IF(L35<0,L35*-1,0) -> 0 | AE35: =AC35+AD35 -> 5066.04 | AF35: 0 | AG35: 83 | AH35: 50 | AI35: =AI34 -> 14814.16 | AL35: =47.3*(V34*1.9835+AK35*1.9835)/E35 -> 0 | AN35: 20.96
A36: =A35+1 -> 25 | B36: 6920.58 | C36: 366091 | D36: =C36-C35 -> -217 | E36: =C36-152000 -> 214091 | F36: =D36/$D$2 -> -109.40257 | G36: 4570 | H36: 150 | I36: =G36+H36 -> 4720 | J36: =IF(L36>0,L36,0) -> 395.82743 | K36: =I36+J36 -> 5115.8274 | L36: =F36-(I36-AC36) -> 395.82743 | M36: 283 | N36: =2.1*1.03 -> 2.163 | O36: =(30+27)*1.05 -> 59.85 | P36: =1.86*1.02 -> 1.8972 | Q36: 4.2 | R36: 3.83 | S36: 181 | T36: 73 | U36: =M36-N36-O36-P36-Q36-R36+S36+T36-AN36 -> 444.2898 | V36: =V35+AK36-(AL36/1.9835) -> 0 | X36: 179 | Y36: 1.7 | Z36: 1.3 | AA36: 4530 | AB36: =AB35 -> 14600.433 | AC36: =N36+O36+P36+Q36+R36+U36+X36+AA36 -> 5225.23 | AD36: =IF(L36<0,L36*-1,0) -> 0 | AE36: =AC36+AD36 -> 5225.23 | AF36: 0 | AG36: 79 | AH36: 50 | AI36: =AI35 -> 14814.16 | AL36: =47.3*(V35*1.9835+AK36*1.9835)/E36 -> 0 | AN36: 20.77
A37: =A36+1 -> 26 | B37: 6920.45 | C37: 365527 | D37: =C37-C36 -> -564 | E37: =C37-152000 -> 213527 | F37: =D37/$D$2 -> -284.34585 | G37: 4210 | H37: 119 | I37: =G37+H37 -> 4329 | J37: =IF(L37>0,L37,0) -> 344.62415 | K37: =I37+J37 -> 4673.6241 | L37: =F37-(I37-AC37) -> 344.62415 | M37: 317 | N37: =2.1*1.03 -> 2.163 | O37: =(33+33)*1.05 -> 69.3 | P37: =1.86*1.02 -> 1.8972 | Q37: 4.2 | R37: 4.45 | S37: 181 | T37: 75 | U37: =M37-N37-O37-P37-Q37-R37+S37+T37-AN37 -> 470.9598 | V37: =V36+AK37-(AL37/1.9835) -> 0 | X37: 195 | Y37: 1.7 | Z37: 1.3 | AA37: 4210 | AB37: =AB36 -> 14600.433 | AC37: =N37+O37+P37+Q37+R37+U37+X37+AA37 -> 4957.97 | AD37: =IF(L37<0,L37*-1,0) -> 0 | AE37: =AC37+AD37 -> 4957.97 | AF37: 0 | AG37: 78 | AH37: 49 | AI37: =AI36 -> 14814.16 | AL37: =47.3*(V36*1.9835+AK37*1.9835)/E37 -> 0 | AN37: 20.03
A38: =A37+1 -> 27 | B38: 6920.35 | C38: 365093 | D38: =C38-C37 -> -434 | E38: =C38-152000 -> 213093 | F38: =D38/$D$2 -> -218.80514 | G38: 3670 | H38: 91 | I38: =G38+H38 -> 3761 | J38: =IF(L38>0,L38,0) -> 264.03486 | K38: =I38+J38 -> 4025.0349 | L38: =F38-(I38-AC38) -> 264.03486 | M38: 322 | N38: =2.1*1.03 -> 2.163 | O38: =(40+41)*1.05 -> 85.05 | P38: =1.86*1.02 -> 1.8972 | Q38: 4.2 | R38: 5.13 | S38: 145 | T38: 77 | U38: =M38-N38-O38-P38-Q38-R38+S38+T38-AN38 -> 424.3998 | V38: =V37+AK38-(AL38/1.9835) -> 0 | X38: 221 | Y38: 1.7 | Z38: 1.3 | AA38: 3500 | AB38: =AB37 -> 14600.433 | AC38: =N38+O38+P38+Q38+R38+U38+X38+AA38 -> 4243.84 | AD38: =IF(L38<0,L38*-1,0) -> 0 | AE38: =AC38+AD38 -> 4243.84 | AF38: 0 | AG38: 77 | AH38: 47 | AI38: =AI37 -> 14814.16 | AL38: =47.3*(V37*1.9835+AK38*1.9835)/E38 -> 0 | AN38: 21.16
A39: 28 | B39: 6920.83 | C39: 367177 | D39: =C39-C38 -> 2084 | E39: =C39-152000 -> 215177 | F39: =D39/$D$2 -> 1050.668 | G39: 3090 | H39: 68 | I39: =G39+H39 -> 3158 | J39: =IF(L39>0,L39,0) -> 406.50801 | K39: =I39+J39 -> 3564.508 | L39: =F39-(I39-AC39) -> 406.50801 | M39: 301 | N39: =2.1*1.03 -> 2.163 | O39: =(37+38)*1.05 -> 78.75 | P39: =1.86*1.02 -> 1.8972 | Q39: 4.2 | R39: 5.68 | S39: 120 | T39: 78 | U39: =M39-N39-O39-P39-Q39-R39+S39+T39-AN39 -> 386.1498 | V39: =V38+AK39-(AL39/1.9835) -> 0 | X39: 195 | Y39: 1.7 | Z39: 1.3 | AA39: 1840 | AB39: =AB38 -> 14600.433 | AC39: =N39+O39+P39+Q39+R39+U39+X39+AA39 -> 2513.84 | AD39: =IF(L39<0,L39*-1,0) -> 0 | AE39: =AC39+AD39 -> 2513.84 | AF39: 0 | AG39: 76 | AH39: 45 | AI39: =AI38 -> 14814.16 | AL39: =47.3*(V38*1.9835+AK39*1.9835)/E39 -> 0 | AN39: 20.16
A40: 29 | B40: 6921.32 | C40: 369316 | D40: =C40-C39 -> 2139 | E40: =C40-152000 -> 217316 | F40: =D40/$D$2 -> 1078.3968 | G40: 2750 | H40: 42 | I40: =G40+H40 -> 2792 | J40: =IF(L40>0,L40,0) -> 93.526773 | K40: =I40+J40 -> 2885.5268 | L40: =F40-(I40-AC40) -> 93.526773 | M40: 319 | N40: =2.1*1.03 -> 2.163 | O40: =(38+38)*1.05 -> 79.8 | P40: =1.86*1.02 -> 1.8972 | Q40: 4.2 | R40: 0.44 | S40: 108 | T40: 76 | U40: =M40-N40-O40-P40-Q40-R40+S40+T40-AN40 -> 394.6298 | V40: =V39+AK40-(AL40/1.9835) -> 0 | X40: 184 | Y40: 1.7 | Z40: 1.3 | AA40: 1140 | AB40: =AB39 -> 14600.433 | AC40: =N40+O40+P40+Q40+R40+U40+X40+AA40 -> 1807.13 | AD40: =IF(L40<0,L40*-1,0) -> 0 | AE40: =AC40+AD40 -> 1807.13 | AF40: 0 | AG40: 77 | AH40: 44 | AI40: =AI39 -> 14814.16 | AL40: =47.3*(V39*1.9835+AK40*1.9835)/E40 -> 0 | AN40: 19.87
A41: 30 | B41: 6921.85 | C41: 371637 | D41: =C41-C40 -> 2321 | E41: =C41-152000 -> 219637 | F41: =D41/$D$2 -> 1170.1538 | G41: 2660 | H41: 37 | I41: =G41+H41 -> 2697 | J41: =IF(L41>0,L41,0) -> 282.54377 | K41: =I41+J41 -> 2979.5438 | L41: =F41-(I41-AC41) -> 282.54377 | M41: 321 | N41: =2.1*1.03 -> 2.163 | O41: =(42+43)*1.05 -> 89.25 | P41: =1.86*1.02 -> 1.8972 | Q41: 4.2 | R41: 2.09 | S41: 98 | T41: 75 | U41: =M41-N41-O41-P41-Q41-R41+S41+T41-AN41 -> 373.7898 | V41: =V40+AK41-(AL41/1.9835) -> 0 | X41: 216 | Y41: 1.7 | Z41: 1.3 | AA41: 1120 | AB41: =AB40 -> 14600.433 | AC41: =N41+O41+P41+Q41+R41+U41+X41+AA41 -> 1809.39 | AD41: =IF(L41<0,L41*-1,0) -> 0 | AE41: =AC41+AD41 -> 1809.39 | AF41: 0 | AG41: 72 | AH41: 49 | AI41: =AI40 -> 14814.16 | AL41: =47.3*(V40*1.9835+AK41*1.9835)/E41 -> 0 | AN41: 20.61
A42: 31 | B42: 6922.18 | C42: 373088 | D42: =C42-C41 -> 1451 | E42: =C42-152000 -> 221088 | F42: =D42/$D$2 -> 731.53517 | G42: 2220 | H42: 29 | I42: =G42+H42 -> 2249 | J42: =IF(L42>0,L42,0) -> 85.875165 | K42: =I42+J42 -> 2334.8752 | L42: =F42-(I42-AC42) -> 85.875165 | M42: 310 | N42: =2.1*1.03 -> 2.163 | O42: =(40+40)*1.05 -> 84 | P42: =1.86*1.02 -> 1.8972 | Q42: 4.2 | R42: 4.59 | S42: 98 | T42: 74 | U42: =M42-N42-O42-P42-Q42-R42+S42+T42-AN42 -> 364.4898 | V42: =V41+AK42-(AL42/1.9835) -> 0 | X42: 193 | Y42: 1.7 | Z42: 1.3 | AA42: 949 | AB42: =AB41 -> 14600.433 | AC42: =N42+O42+P42+Q42+R42+U42+X42+AA42 -> 1603.34 | AD42: =IF(L42<0,L42*-1,0) -> 0 | AE42: =AC42+AD42 -> 1603.34 | AF42: 0 | AG42: 70 | AH42: 39 | AI42: =AI41 -> 14814.16 | AL42: =47.3*(V41*1.9835+AK42*1.9835)/E42 -> 0 | AN42: 20.66
A44: MONTH / CFS | F44: =SUM(F12:F42) -> 11281.069 | G44: =SUM(G12:G42) -> 77820 | H44: =SUM(H12:H42) -> 4980 | I44: =SUM(I12:I42) -> 82800 | J44: =SUM(J12:J42) -> 10421.649 | K44: =SUM(K12:K42) -> 93221.649 | L44: =SUM(L12:L42) -> 10421.649 | M44: =SUM(M12:M42) -> 6460 | ... U44: =SUM(U12:U42) -> 8013.1463 | X44: =SUM(X12:X42) -> 2074.13 | Y44: =SUM(Y12:Y42) -> 52.7 | Z44: =SUM(Z12:Z42) -> 40.3 | AA44: =SUM(AA12:AA42) -> 69459 | AC44: =SUM(AC12:AC42) -> 81940.58 | AD44: =SUM(AD12:AD42) -> 0 | AE44: =SUM(AE12:AE42) -> 81940.58 | AF44: =SUM(AF12:AF42) -> 0.32 | AG44: =AVERAGE(AG12:AG42) -> 69.741935 | AH44: =AVERAGE(AH12:AH42) -> 41.4 | AI44: AVG | AJ44: =SUM(AJ12:AJ42) -> 0 | AM44: =SUM(AM12:AM42) -> 0 | AN44: =SUM(AN12:AN42) -> 271.38
A45: MONTH / AF | D45: =SUM(D12:D42) -> 22376 | F45: =F44*$D$2 -> 22376 | G45: =G44*$D$2 -> 154355.97 | H45: =H44*$D$2 -> 9877.83 | I45: =I44*$D$2 -> 164233.8 | J45: =J44*$D$2 -> 20671.34 | K45: =K44*$D$2 -> 184905.14 | L45: =L44*$D$2 -> 20671.34 | M45: =M44*$D$2 -> 12813.41 | ... U45: =U44*$D$2 -> 15894.076 | X45: =X44*$D$2 -> 4114.0369 | Y45: =Y44*$D$2 -> 104.53045 | Z45: =Z44*$D$2 -> 79.93505 | AA45: =AA44*$D$2 -> 137771.93 | AC45: =AC44*$D$2 -> 162529.14 | AD45: =AD44*$D$2 -> 0 | AE45: =AE44*$D$2 -> 162529.14 | AG45: =MAX(AG12:AG42) -> 84 | AH45: =MAX(AH12:AH42) -> 50 | AI45: HI | AJ45: =AJ44*$D$2 -> 0 | AL45: =SUM(AL12:AL42) -> 1.1850067 | AM45: =AM44*$D$2 -> 0 | AN45: =AN44*$D$2 -> 538.28223
A47: SEASON / CFS | F47: =F9+F44 -> 67187.799 | G47: =G9+G44 -> 115954 | H47: =H9+H44 -> 12527 | I47: =I9+I44 -> 128481 | J47: =J9+J44 -> 33189.929 | K47: =K9+K44 -> 161670.93 | L47: =L9+L44 -> 33189.929 | M47: =M9+M44 -> 8941.5 | ... O47: =O9+O44 -> 3346.854 | S47: =S9+S44 -> 2932.25 | T47: =T9+T44 -> 1950.4 | U47: =U9+U44 -> 9748.3002 | V47: =V42+V44 -> 0 | X47: =X9+X44 -> 2203.83 | Y47: =Y9+Y44 -> 103.7 | Z47: =Z9+Z44 -> 79.3 | AC47: =AC9+AC44 -> 94483.13 | AD47: =AD9+AD44 -> 0 | AE47: =AE9+AE44 -> 94483.13 | AG47: =MIN(AG12:AG42) -> 54 | AH47: =MIN(AH12:AH42) -> 28 | AI47: LO | AM47: =AM9+AM44 -> 0 | AN47: =AN9+AN44 -> 271.38
A48: SEASON / AF | F48: =F47*$D$2 -> 133267 | G48: =G47*$D$2 -> 229994.76 | H48: =H47*$D$2 -> 24847.304 | I48: =I47*$D$2 -> 254842.06 | J48: =J47*$D$2 -> 65832.225 | K48: =K47*$D$2 -> 320674.29 | L48: =L47*$D$2 -> 65832.225 | M48: =M47*$D$2 -> 17735.465 | ... O48: =O47*$D$2 -> 6638.4849 | S48: =S47*$D$2 -> 5816.1179 | T48: =T47*$D$2 -> 3868.6184 | U48: =U47*$D$2 -> 19335.753 | V48: =V47*$D$2 -> 0 | X48: =X47*$D$2 -> 4371.2968 | Y48: =Y47*$D$2 -> 205.68895 | Z48: =Z47*$D$2 -> 157.29155 | AC48: =AC47*$D$2 -> 187407.29 | AD48: =AD47*$D$2 -> 0 | AE48: =AE47*$D$2 -> 187407.29 | AL48: =AL9+AL45 -> 81.351123 | AM48: =AM47*$D$2 -> 0 | AN48: =AN47*$D$2 -> 538.28223
A50: YTD / CFS | F50: =F10+F44 -> 83610.789 | G50: =G10+G44 -> 132412 | H50: =H10+H44 -> 14916.54 | I50: =I10+I44 -> 147328.54 | J50: =J10+J44 -> 43651.434 | K50: =K10+K44 -> 190979.97 | L50: =L10+L44 -> 43106.179 | M50: =M10+M44 -> 9737.5 | ... U50: =U10+U44 -> 17463.457 | AA50: =AA10+AA44 -> 82777 | AB50: =AB42 -> 14600.433 | AC50: =AC10+AC44 -> 106823.93 | AD50: =AD10+AD44 -> 545.25544 | AE50: =AE10+AE44 -> 107369.19 | AF50: =AF10+AF44 -> 13.2 | AJ50: =AJ10+AJ44 -> 0 | AM50: =AM10+AM44 -> 0
A51: YTD / AF | D51: =D10+D45 -> 165842 | E51: =E42 -> 221088 | F51: =F50*$D$2 -> 165842 | G51: =G50*$D$2 -> 262639.2 | H51: =H50*$D$2 -> 29586.957 | I51: =I50*$D$2 -> 292226.16 | J51: =J50*$D$2 -> 86582.62 | K51: =K50*$D$2 -> 378808.78 | L51: =L50*$D$2 -> 85501.106 | M51: =M50*$D$2 -> 19314.331 | ... U51: =U50*$D$2 -> 34638.766 | AA51: =AA50*$D$2 -> 164188.18 | AB51: =AB50*$D$2 -> 28959.959 | AC51: =AC50*$D$2 -> 211885.27 | AD51: =AD50*$D$2 -> 1081.5142 | AE51: =AE50*$D$2 -> 212966.78 | AI51: =AI42 -> 14814.16 | AJ51: =AJ50*$D$2 -> 0 | AL51: =AL10+AL45 -> 81.351123 | AM51: =AM50*$D$2 -> 0

Sheet JUN
K1: MCPHEE RESERVOIR INFLOW/OUTFLOW TABULATION
A2: AF/cfs CONVERT FACTOR | D2: 1.9835 | K2: JUNE "2005"
D4: RESERVOIR | S4: INFLOW/OUTFLOW (CFS) | AG4: WEATHER | AK4: ADJUSTMENTS
A5: DATE | B5: RESERV | C5: RESERV | D5: AC FT | E5: ACTIVE | F5: CONV TO | G5: DOLORES | H5: LOST | I5: RECORD | J5: CALC | K5: TOTAL | L5: CALC | M5: DOLORES TUNNEL | S5: LONE | T5: U | U5: TOTAL | V5: MVI | W5: MVI | X5: DV CR | Y5: D/S SENIOR | AA5: BELOW | AB5: FISH | AC5: RECORD | AD5: CALC | AE5: TOTAL | AF5: RAIN | AG5: MAX | AH5: MIN | AI5: NAR | AJ5: MVI | AK5: MVI | AL5: MVI | AM5: U/S | AN5: TOTTEN
A6: JUN | B6: ELEV | C6: AC FT | D6: CHANGE | E6: CAP | F6: CFS | G6: RIVER | H6: CAN | I6: INFLOW | J6: INFLOW | K6: INFLOW | L6: INF/OTF | M6: TOT DIV | N6: WET | O6: UTE | P6: MWC | Q6: CTZ | R6: CTZ & | S6: PINE | T6: LAT | U6: MVI | V6: CALL | W6: PROJ & | X6: CANAL | Y6: MVIC | Z6: PROJ | AA6: MCP | AB6: LEFT | AC6: OTF | AD6: OTF | AE6: OTF | AG6: TMP | AH6: TMP | AI6: CALL | AJ6: STOCK | AK6: STORED | AL6: STORED | AM6: USERS | AN6: (FRESH
E7: AC FT | N7: LAND | O7: F&R | R7: UTE | W7: TO EX & | AI7: AC FT | AJ7: AC.FT. | AK7: Apr - Jun | AL7: EVAP | AM7: EXCH | AN7: WATER)
N8: 1.03 | O8: 1.05 | P8: 1.02 | Q8: 1.04 | R8: PROJ | W8: U/S EX | AK8: July-Oct | AL8: AC.FT.
A9: SEASON BAL | F9: =MAY!F47 -> 67187.799 | G9: =MAY!G47 -> 115954 | H9: =MAY!H47 -> 12527 | I9: =MAY!I47 -> 128481 | J9: =MAY!J47 -> 33189.929 | K9: =MAY!K47 -> 161670.93 | L9: =MAY!L47 -> 33189.929 | M9: =MAY!M47 -> 8941.5 | ... O9: =MAY!O47 -> 3346.854 | S9: =MAY!S47 -> 2932.25 | T9: =MAY!T47 -> 1950.4 | U9: =MAY!U47 -> 9748.3002 | V9: =MAY!V47 -> 0 | X9: =MAY!X47 -> 2203.83 | Y9: =MAY!Y47 -> 103.7 | Z9: =MAY!Z47 -> 79.3 | AC9: =MAY!AC47 -> 94483.13 | AD9: =MAY!AD47 -> 0 | AE9: =MAY!AE47 -> 94483.13 | AL9: =MAY!AL48 -> 81.351123 | AM9: =MAY!AM47 -> 0 | AN9: =MAY!AN47 -> 271.38
A10: YTD | B10: =MAY!B42 -> 6922.18 | C10: =MAY!C42 -> 373088 | D10: =MAY!D51 -> 165842 | E10: =MAY!E51 -> 221088 | F10: =MAY!F50 -> 83610.789 | G10: =MAY!G50 -> 132412 | H10: =MAY!H50 -> 14916.54 | I10: =MAY!I50 -> 147328.54 | J10: =MAY!J50 -> 43651.434 | K10: =MAY!K50 -> 190979.97 | L10: =MAY!L50 -> 43106.179 | M10: =MAY!M50 -> 9737.5 | ... U10: =MAY!U50 -> 17463.457 | X10: =MAY!X50 -> 0 | AA10: =MAY!AA50 -> 82777 | AB10: =MAY!AB50 -> 14600.433 | AC10: =MAY!AC50 -> 106823.93 | AD10: =MAY!AD50 -> 545.25544 | AE10: =MAY!AE50 -> 107369.19 | AF10: =MAY!AF50 -> 13.2 | AI10: =MAY!AI51 -> 14814.16 | AJ10: =MAY!AJ50 -> 0 | AL10: =MAY!AL51 -> 81.351123 | AM10: =MAY!AM50 -> 0 | AN10: =MAY!AN50 -> 0
O11: 0 | T11: 0
A12: 1 | B12: 6922.48 | C12: 374413 | D12: =C12-C10 -> 1325 | E12: =C12-152000 -> 222413 | F12: =D12/$D$2 -> 668.01109 | G12: 2120 | H12: 23 | I12: =G12+H12 -> 2143 | J12: =IF(L12>0,L12,0) -> 130.34109 | K12: =I12+J12 -> 2273.3411 | L12: =F12-(I12-AC12) -> 130.34109 | M12: 313 | N12: =2.1*1.03 -> 2.163 | O12: =(41+43)*1.05 -> 88.2 | P12: =2.58*1.02 -> 2.6316 | Q12: 4.2 | R12: 5.45 | S12: 211 | T12: 74 | U12: =M12-N12-O12-P12-Q12-R12+S12+T12-AN12 -> 474.6854 | V12: 0 | X12: 204 | Y12: 1.7 | Z12: 1.3 | AA12: 824 | AB12: =AB10 -> 14600.433 | AC12: =N12+O12+P12+Q12+R12+U12+X12+AA12 -> 1605.33 | AD12: =IF(L12<0,L12*-1,0) -> 0 | AE12: =AC12+AD12 -> 1605.33 | AF12: 0 | AG12: 77 | AH12: 44 | AI12: =AI10+(111*1.9835) -> 15034.328 | AK12: 0 | AL12: =64*(V9*1.9835+AK12*1.9835)/E12 -> 0 | AN12: 20.67
A13: =A12+1 -> 2 | B13: 6922.86 | C13: 376091 | D13: =C13-C12 -> 1678 | E13: =C13-152000 -> 224091 | F13: =D13/$D$2 -> 845.97933 | G13: 2200 | H13: 20 | I13: =G13+H13 -> 2220 | J13: =IF(L13>0,L13,0) -> 125.01933 | K13: =I13+J13 -> 2345.0193 | L13: =F13-(I13-AC13) -> 125.01933 | M13: 280 | N13: =2.1*1.03 -> 2.163 | O13: =(32+33)*1.05 -> 68.25 | P13: =2.58*1.02 -> 2.6316 | Q13: 4.2 | R13: 4.47 | S13: 270 | T13: 75 | U13: =M13-N13-O13-P13-Q13-R13+S13+T13-AN13 -> 532.3254 | V13: 0 | X13: 174 | Y13: 1.7 | Z13: 1.3 | AA13: 711 | AB13: =AB12 -> 14600.433 | AC13: =N13+O13+P13+Q13+R13+U13+X13+AA13 -> 1499.04 | AD13: =IF(L13<0,L13*-1,0) -> 0 | AE13: =AC13+AD13 -> 1499.04 | AF13: 0 | AG13: 44 | AH13: 48 | AI13: =AI12+(167*1.9835) -> 15365.573 | AK13: 0 | AL13: =64*(V12*1.9835+AK13*1.9835)/E13 -> 0 | AN13: 10.96
A14: =A13+1 -> 3 | B14: 6923.31 | C14: 378089 | D14: =C14-C13 -> 1998 | E14: =C14-152000 -> 226089 | F14: =D14/$D$2 -> 1007.3103 | G14: 2250 | H14: 20 | I14: =G14+H14 -> 2270 | J14: =IF(L14>0,L14,0) -> 323.31031 | K14: =I14+J14 -> 2593.3103 | L14: =F14-(I14-AC14) -> 323.31031 | M14: 256 | N14: =2.1*1.03 -> 2.163 | O14: =(27+27)*1.05 -> 56.7 | P14: =2.58*1.02 -> 2.6316 | Q14: 4.2 | R14: 2.14 | S14: 274 | T14: 77 | U14: =M14-N14-O14-P14-Q14-R14+S14+T14-AN14 -> 539.1654 | V14: 0 | X14: 163 | Y14: 1.7 | Z14: 1.3 | AA14: 816 | AB14: =AB13 -> 14600.433 | AC14: =N14+O14+P14+Q14+R14+U14+X14+AA14 -> 1586 | AD14: =IF(L14<0,L14*-1,0) -> 0 | AE14: =AC14+AD14 -> 1586 | AF14: 0.09 | AG14: 63 | AH14: 35 | AI14: =AI13+(167*1.9835) -> 15696.817 | AK14: 0 | AL14: =64*(V11*1.9835+AK14*1.9835)/E14 -> 0
A15: =A14+1 -> 4 | B15: 6923.48 | C15: 378845 | D15: =C15-C14 -> 756 | E15: =C15-152000 -> 226845 | F15: =D15/$D$2 -> 381.14444 | G15: 1720 | H15: 19 | I15: =G15+H15 -> 1739 | J15: =IF(L15>0,L15,0) -> 199.14444 | K15: =I15+J15 -> 1938.1444 | L15: =F15-(I15-AC15) -> 199.14444 | M15: 260 | N15: =2.1*1.03 -> 2.163 | O15: =(41+41)*1.05 -> 86.1 | P15: =2.58*1.02 -> 2.6316 | Q15: 4.2 | R15: 1.04 | S15: 275 | T15: 77 | U15: =M15-N15-O15-P15-Q15-R15+S15+T15-AN15 -> 515.8654 | V15: 0 | X15: 128 | Y15: 1.7 | Z15: 1.3 | AA15: 817 | AB15: =AB14 -> 14600.433 | AC15: =N15+O15+P15+Q15+R15+U15+X15+AA15 -> 1557 | AD15: =IF(L15<0,L15*-1,0) -> 0 | AE15: =AC15+AD15 -> 1557 | AF15: 0 | AG15: 66 | AH15: 32 | AI15: =AI14+(167*1.9835) -> 16028.062 | AK15: 0 | AL15: =64*(V12*1.9835+AK15*1.9835)/E15 -> 0
A16: =A15+1 -> 5 | B16: 6923.48 | C16: 378845 | D16: =C16-C15 -> 0 | E16: =C16-152000 -> 226845 | F16: =D16/$D$2 -> 0 | G16: 1430 | H16: 6.4 | I16: =G16+H16 -> 1436.4 | J16: =IF(L16>0,L16,0) -> 136.6 | K16: =I16+J16 -> 1573 | L16: =F16-(I16-AC16) -> 136.6 | M16: 256 | N16: =2.1*1.03 -> 2.163 | O16: =(40+40)*1.05 -> 84 | P16: =2.58*1.02 -> 2.6316 | Q16: 4.2 | R16: 5.14 | S16: 275 | T16: 77 | U16: =M16-N16-O16-P16-Q16-R16+S16+T16-AN16 -> 509.8654 | V16: 0 | X16: 149 | Y16: 1.7 | Z16: 1.3 | AA16: 816 | AB16: =AB15 -> 14600.433 | AC16: =N16+O16+P16+Q16+R16+U16+X16+AA16 -> 1573 | AD16: =IF(L16<0,L16*-1,0) -> 0 | AE16: =AC16+AD16 -> 1573 | AF16: 0 | AG16: 45 | AH16: 42 | AI16: =AI15+(167*1.9835) -> 16359.306 | AK16: 0 | AL16: =64*(V13*1.9835+AK16*1.9835)/E16 -> 0
A17: =A16+1 -> 6 | B17: 6923.48 | C17: 378845 | D17: =C17-C16 -> 0 | E17: =C17-152000 -> 226845 | F17: =D17/$D$2 -> 0 | G17: 1430 | H17: 4.4 | I17: =G17+H17 -> 1434.4 | J17: =IF(L17>0,L17,0) -> 39.6 | K17: =I17+J17 -> 1474 | L17: =F17-(I17-AC17) -> 39.6 | M17: 256 | N17: =2.1*1.03 -> 2.163 | O17: =(36+37)*1.05 -> 76.65 | P17: =2.58*1.02 -> 2.6316 | Q17: 4.2 | R17: 3.71 | S17: 291 | T17: 77 | U17: =M17-N17-O17-P17-Q17-R17+S17+T17-AN17 -> 534.6454 | V17: 0 | X17: 148 | Y17: 1.7 | Z17: 1.3 | AA17: 702 | AB17: =AB16 -> 14600.433 | AC17: =N17+O17+P17+Q17+R17+U17+X17+AA17 -> 1474 | AD17: =IF(L17<0,L17*-1,0) -> 0 | AE17: =AC17+AD17 -> 1474 | AF17: 0 | AG17: 45 | AH17: 47 | AI17: =AI16+(54.45*1.9835) -> 16467.308 | AK17: 0 | AL17: =64*(V14*1.9835+AK17*1.9835)/E17 -> 0
A18: =A17+1 -> 7 | B18: 6923.57 | C18: 379246 | D18: =C18-C17 -> 401 | E18: =C18-152000 -> 227246 | F18: =D18/$D$2 -> 202.16789 | G18: 1480 | H18: 4 | I18: =G18+H18 -> 1484 | J18: =IF(L18>0,L18,0) -> 63.167885 | K18: =I18+J18 -> 1547.1679 | L18: =F18-(I18-AC18) -> 63.167885 | M18: 251 | N18: =2.1*1.03 -> 2.163 | O18: =(31+32)*1.05 -> 66.15 | P18: =2.58*1.02 -> 2.6316 | Q18: 4.2 | R18: 4.14 | S18: 304 | T18: 79 | U18: =M18-N18-O18-P18-Q18-R18+S18+T18-AN18 -> 554.7154 | V18: 0 | X18: 147 | Y18: 1.7 | Z18: 1.3 | AA18: 564 | AB18: =AB17 -> 14600.433 | AC18: =N18+O18+P18+Q18+R18+U18+X18+AA18 -> 1345 | AD18: =IF(L18<0,L18*-1,0) -> 0 | AE18: =AC18+AD18 -> 1345 | AF18: 0 | AG18: 72 | AH18: 45 | AI18: =AI17 -> 16467.308 | AK18: 0 | AL18: =64*(V15*1.9835+AK18*1.9835)/E18 -> 0
A19: =A18+1 -> 8 | B19: 6923.7 | C19: 379824 | D19: =C19-C18 -> 578 | E19: =C19-152000 -> 227824 | F19: =D19/$D$2 -> 291.40408 | G19: 1510 | H19: 3.7 | I19: =G19+H19 -> 1513.7 | J19: =IF(L19>0,L19,0) -> 161.70408 | K19: =I19+J19 -> 1675.4041 | L19: =F19-(I19-AC19) -> 161.70408 | M19: 288 | N19: =2.1*1.03 -> 2.163 | O19: =(44+47)*1.05 -> 95.55 | P19: =2.58*1.02 -> 2.6316 | Q19: 4.2 | R19: 4.67 | S19: 319 | T19: 79 | U19: =M19-N19-O19-P19-Q19-R19+S19+T19-AN19 -> 576.7854 | V19: 0 | X19: 147 | Y19: 1.7 | Z19: 1.3 | AA19: 551 | AB19: =AB18 -> 14600.433 | AC19: =N19+O19+P19+Q19+R19+U19+X19+AA19 -> 1384 | AD19: =IF(L19<0,L19*-1,0) -> 0 | AE19: =AC19+AD19 -> 1384 | AF19: 0 | AG19: 74 | AH19: 39 | AI19: =AI18 -> 16467.308 | AK19: 0 | AL19: =64*(V16*1.9835+AK19*1.9835)/E19 -> 0
A20: =A19+1 -> 9 | B20: 6923.86 | C20: 380537 | D20: =C20-C19 -> 713 | E20: =C20-152000 -> 228537 | F20: =D20/$D$2 -> 359.46559 | G20: 1500 | H20: 3.4 | I20: =G20+H20 -> 1503.4 | J20: =IF(L20>0,L20,0) -> 84.065591 | K20: =I20+J20 -> 1587.4656 | L20: =F20-(I20-AC20) -> 84.065591 | M20: 291 | N20: =2.1*1.03 -> 2.163 | O20: =(49+50)*1.05 -> 103.95 | P20: =2.58*1.02 -> 2.6316 | Q20: 4.2 | R20: 3.89 | S20: 382 | T20: 78 | U20: =M20-N20-O20-P20-Q20-R20+S20+T20-AN20 -> 634.1654 | V20: 0 | X20: 123 | Y20: 1.7 | Z20: 1.3 | AA20: 354 | AB20: =AB19 -> 14600.433 | AC20: =N20+O20+P20+Q20+R20+U20+X20+AA20 -> 1228 | AD20: =IF(L20<0,L20*-1,0) -> 0 | AE20: =AC20+AD20 -> 1228 | AF20: 0 | AG20: 68 | AH20: 42 | AI20: =AI19 -> 16467.308 | AK20: 0 | AL20: =64*(V17*1.9835+AK20*1.9835)/E20 -> 0
A21: =A20+1 -> 10 | B21: 6923.94 | C21: 380893 | D21: =C21-C20 -> 356 | E21: =C21-152000 -> 228893 | F21: =D21/$D$2 -> 179.48072 | G21: 1300 | H21: 3.4 | I21: =G21+H21 -> 1303.4 | J21: =IF(L21>0,L21,0) -> 91.080716 | K21: =I21+J21 -> 1394.4807 | L21: =F21-(I21-AC21) -> 91.080716 | M21: 291 | N21: =2.1*1.03 -> 2.163 | O21: =(44+47)*1.05 -> 95.55 | P21: =2.58*1.02 -> 2.6316 | Q21: 4.2 | R21: 3.49 | S21: 392 | T21: 78 | U21: =M21-N21-O21-P21-Q21-R21+S21+T21-AN21 -> 652.9654 | V21: 0 | X21: 132 | Y21: 1.7 | Z21: 1.3 | AA21: 322 | AB21: =AB20 -> 14600.433 | AC21: =N21+O21+P21+Q21+R21+U21+X21+AA21 -> 1215 | AD21: =IF(L21<0,L21*-1,0) -> 0 | AE21: =AC21+AD21 -> 1215 | AF21: 0.04 | AG21: 66 | AH21: 45 | AI21: =AI20 -> 16467.308 | AK21: 0 | AL21: =64*(V18*1.9835+AK21*1.9835)/E21 -> 0
A22: =A21+1 -> 11 | B22: 6924.01 | C22: 381205 | D22: =C22-C21 -> 312 | E22: =C22-152000 -> 229205 | F22: =D22/$D$2 -> 157.29771 | G22: 1170 | H22: 3.3 | I22: =G22+H22 -> 1173.3 | J22: =IF(L22>0,L22,0) -> 94.997706 | K22: =I22+J22 -> 1268.2977 | L22: =F22-(I22-AC22) -> 94.997706 | M22: 304 | N22: =2.1*1.03 -> 2.163 | O22: =(46+49)*1.05 -> 99.75 | P22: =2.58*1.02 -> 2.6316 | Q22: 4.2 | R22: 1.47 | S22: 181 | T22: 78 | U22: =M22-N22-O22-P22-Q22-R22+S22+T22-AN22 -> 452.7854 | V22: 0 | X22: 95 | Y22: 1.7 | Z22: 1.3 | AA22: 453 | AB22: =AB21 -> 14600.433 | AC22: =N22+O22+P22+Q22+R22+U22+X22+AA22 -> 1111 | AD22: =IF(L22<0,L22*-1,0) -> 0 | AE22: =AC22+AD22 -> 1111 | AF22: 0.04 | AG22: 69 | AH22: 40 | AI22: =AI21 -> 16467.308 | AK22: 0 | AL22: =64*(V19*1.9835+AK22*1.9835)/E22 -> 0
A23: =A22+1 -> 12 | B23: 6924.03 | C23: 381294 | D23: =C23-C22 -> 89 | E23: =C23-152000 -> 229294 | F23: =D23/$D$2 -> 44.870179 | G23: 1170 | H23: 3.5 | I23: =G23+H23 -> 1173.5 | J23: =IF(L23>0,L23,0) -> 63.370179 | K23: =I23+J23 -> 1236.8702 | L23: =F23-(I23-AC23) -> 63.370179 | M23: 274 | N23: =2.1*1.03 -> 2.163 | O23: =(49+42)*1.05 -> 95.55 | P23: =2.58*1.02 -> 2.6316 | Q23: 4.2 | R23: 0.34 | S23: 164 | T23: 78 | U23: =M23-N23-O23-P23-Q23-R23+S23+T23-AN23 -> 411.1154 | V23: 0 | X23: 38 | Y23: 1.7 | Z23: 1.3 | AA23: 638 | AB23: =AB22 -> 14600.433 | AC23: =N23+O23+P23+Q23+R23+U23+X23+AA23 -> 1192 | AD23: =IF(L23<0,L23*-1,0) -> 0 | AE23: =AC23+AD23 -> 1192 | AF23: 0 | AG23: 66 | AH23: 43 | AI23: =AI22 -> 16467.308 | AK23: 0 | AL23: =64*(V20*1.9835+AK23*1.9835)/E23 -> 0
A24: =A23+1 -> 13 | B24: 6923.93 | C24: 380848 | D24: =C24-C23 -> -446 | E24: =C24-152000 -> 228848 | F24: =D24/$D$2 -> -224.85505 | G24: 1030 | H24: 3.2 | I24: =G24+H24 -> 1033.2 | J24: =IF(L24>0,L24,0) -> 0 | K24: =I24+J24 -> 1033.2 | L24: =F24-(I24-AC24) -> -30.055054 | M24: 269 | N24: =2.1*1.03 -> 2.163 | O24: =(45+41)*1.05 -> 90.3 | P24: =2.58*1.02 -> 2.6316 | Q24: 4.2 | R24: 5.53 | S24: 168 | T24: 78 | U24: =M24-N24-O24-P24-Q24-R24+S24+T24-AN24 -> 410.1754 | V24: 0 | X24: 71 | Y24: 1.7 | Z24: 1.3 | AA24: 642 | AB24: =AB23 -> 14600.433 | AC24: =N24+O24+P24+Q24+R24+U24+X24+AA24 -> 1228 | AD24: =IF(L24<0,L24*-1,0) -> 30.055054 | AE24: =AC24+AD24 -> 1258.0551 | AF24: 0 | AG24: 73 | AH24: 42 | AI24: =AI23 -> 16467.308 | AK24: 0 | AL24: =64*(V21*1.9835+AK24*1.9835)/E24 -> 0
A25: =A24+1 -> 14 | B25: 6923.9 | C25: 380715 | D25: =C25-C24 -> -133 | E25: =C25-152000 -> 228715 | F25: =D25/$D$2 -> -67.053189 | G25: 1000 | H25: 3 | I25: =G25+H25 -> 1003 | J25: =IF(L25>0,L25,0) -> 55.946811 | K25: =I25+J25 -> 1058.9468 | L25: =F25-(I25-AC25) -> 55.946811 | M25: 269 | N25: =2.1*1.03 -> 2.163 | O25: =(36+37)*1.05 -> 76.65 | P25: =2.58*1.02 -> 2.6316 | Q25: 4.2 | R25: 4.66 | S25: 148 | T25: 78 | U25: =M25-N25-O25-P25-Q25-R25+S25+T25-AN25 -> 404.6954 | V25: 0 | X25: 62 | Y25: 1.7 | Z25: 1.3 | AA25: 569 | AB25: =AB24 -> 14600.433 | AC25: =N25+O25+P25+Q25+R25+U25+X25+AA25 -> 1126 | AD25: =IF(L25<0,L25*-1,0) -> 0 | AE25: =AC25+AD25 -> 1126 | AF25: 0 | AG25: 80 | AH25: 40 | AI25: =AI24 -> 16467.308 | AK25: 0 | AL25: =64*(V22*1.9835+AK25*1.9835)/E25 -> 0
A26: =A25+1 -> 15 | B26: 6924.03 | C26: 381294 | D26: =C26-C25 -> 579 | E26: =C26-152000 -> 229294 | F26: =D26/$D$2 -> 291.90824 | G26: 1160 | H26: 2.9 | I26: =G26+H26 -> 1162.9 | J26: =IF(L26>0,L26,0) -> 95.008243 | K26: =I26+J26 -> 1257.9082 | L26: =F26-(I26-AC26) -> 95.008243 | M26: 250 | N26: =2.1*1.03 -> 2.163 | O26: =(31+29)*1.05 -> 63 | P26: =2.58*1.02 -> 2.6316 | Q26: 4.2 | R26: 4.9 | S26: 141 | T26: 77 | U26: =M26-N26-O26-P26-Q26-R26+S26+T26-AN26 -> 391.1054 | V26: 0 | X26: 61 | Y26: 1.7 | Z26: 1.3 | AA26: 437 | AB26: =AB25 -> 14600.433 | AC26: =N26+O26+P26+Q26+R26+U26+X26+AA26 -> 966 | AD26: =IF(L26<0,L26*-1,0) -> 0 | AE26: =AC26+AD26 -> 966 | AF26: 0 | AG26: 83 | AH26: 53 | AI26: =AI25 -> 16467.308 | AK26: 0 | AL26: =64*(V23*1.9835+AK26*1.9835)/E26 -> 0
A27: =A26+1 -> 16 | B27: 6924.13 | C27: 381743 | D27: =C27-C26 -> 449 | E27: =C27-152000 -> 229743 | F27: =D27/$D$2 -> 226.36753 | G27: 1360 | H27: 2.8 | I27: =G27+H27 -> 1362.8 | J27: =IF(L27>0,L27,0) -> 86.567532 | K27: =I27+J27 -> 1449.3675 | L27: =F27-(I27-AC27) -> 86.567532 | M27: 288 | N27: =2.1*1.03 -> 2.163 | O27: =(35+36)*1.05 -> 74.55 | P27: =2.58*1.02 -> 2.6316 | Q27: 4.2 | R27: 3.21 | S27: 148 | T27: 77 | U27: =M27-N27-O27-P27-Q27-R27+S27+T27-AN27 -> 426.2454 | V27: 0 | X27: 68 | Y27: 1.7 | Z27: 1.3 | AA27: 642 | AB27: =AB26 -> 14600.433 | AC27: =N27+O27+P27+Q27+R27+U27+X27+AA27 -> 1223 | AD27: =IF(L27<0,L27*-1,0) -> 0 | AE27: =AC27+AD27 -> 1223 | AF27: 0 | AG27: 82 | AH27: 49 | AI27: =AI26 -> 16467.308 | AK27: 0 | AL27: =64*(V24*1.9835+AK27*1.9835)/E27 -> 0
A28: =A27+1 -> 17 | B28: 6924.03 | C28: 381294 | D28: =C28-C27 -> -449 | E28: =C28-152000 -> 229294 | F28: =D28/$D$2 -> -226.36753 | G28: 1480 | H28: 2.8 | I28: =G28+H28 -> 1482.8 | J28: =IF(L28>0,L28,0) -> 16.832468 | K28: =I28+J28 -> 1499.6325 | L28: =F28-(I28-AC28) -> 16.832468 | M28: 301 | N28: =2.1*1.03 -> 2.163 | O28: =(41+42)*1.05 -> 87.15 | P28: =2.58*1.02 -> 2.6316 | Q28: 4.2 | R28: 5.05 | S28: 149 | T28: 76 | U28: =M28-N28-O28-P28-Q28-R28+S28+T28-AN28 -> 424.8054 | V28: 0 | X28: 60 | Y28: 1.7 | Z28: 1.3 | AA28: 1140 | AB28: =AB27 -> 14600.433 | AC28: =N28+O28+P28+Q28+R28+U28+X28+AA28 -> 1726 | AD28: =IF(L28<0,L28*-1,0) -> 0 | AE28: =AC28+AD28 -> 1726 | AF28: 0 | AG28: 82 | AH28: 50 | AI28: =AI27 -> 16467.308 | AK28: 0 | AL28: =64*(V25*1.9835+AK28*1.9835)/E28 -> 0
A29: =A28+1 -> 18 | B29: 6924.01 | C29: 381205 | D29: =C29-C28 -> -89 | E29: =C29-152000 -> 229205 | F29: =D29/$D$2 -> -44.870179 | G29: 1460 | H29: 2.6 | I29: =G29+H29 -> 1462.6 | J29: =IF(L29>0,L29,0) -> 69.529821 | K29: =I29+J29 -> 1532.1298 | L29: =F29-(I29-AC29) -> 69.529821 | M29: 279 | N29: =2.1*1.03 -> 2.163 | O29: =(33+31)*1.05 -> 67.2 | P29: =2.58*1.02 -> 2.6316 | Q29: 4.2 | R29: 5.42 | S29: 149 | T29: 76 | U29: =M29-N29-O29-P29-Q29-R29+S29+T29-AN29 -> 422.3854 | V29: 0 | X29: 63 | Y29: 1.7 | Z29: 1.3 | AA29: 1010 | AB29: =AB28 -> 14600.433 | AC29: =N29+O29+P29+Q29+R29+U29+X29+AA29 -> 1577 | AD29: =IF(L29<0,L29*-1,0) -> 0 | AE29: =AC29+AD29 -> 1577 | AF29: 0 | AG29: 83 | AH29: 47 | AI29: =AI28 -> 16467.308 | AK29: 0 | AL29: =64*(V26*1.9835+AK29*1.9835)/E29 -> 0
A30: =A29+1 -> 19 | B30: 6924.09 | C30: 381519 | D30: =C30-C29 -> 314 | E30: =C30-152000 -> 229519 | F30: =D30/$D$2 -> 158.30602 | G30: 1510 | H30: 2.3 | I30: =G30+H30 -> 1512.3 | J30: =IF(L30>0,L30,0) -> 53.006025 | K30: =I30+J30 -> 1565.306 | L30: =F30-(I30-AC30) -> 53.006025 | M30: 285 | N30: =2.1*1.03 -> 2.163 | O30: =(28+29)*1.05 -> 59.85 | P30: =2.58*1.02 -> 2.6316 | Q30: 4.2 | R30: 5.64 | S30: 149 | T30: 76 | U30: =M30-N30-O30-P30-Q30-R30+S30+T30-AN30 -> 435.5154 | V30: 0 | X30: 78 | Y30: 1.7 | Z30: 1.3 | AA30: 819 | AB30: =AB29 -> 14600.433 | AC30: =N30+O30+P30+Q30+R30+U30+X30+AA30 -> 1407 | AD30: =IF(L30<0,L30*-1,0) -> 0 | AE30: =AC30+AD30 -> 1407 | AF30: 0 | AG30: 84 | AH30: 47 | AI30: =AI29 -> 16467.308 | AK30: 0 | AL30: =64*(V27*1.9835+AK30*1.9835)/E30 -> 0
A31: =A30+1 -> 20 | B31: 6924.08 | C31: 381519 | D31: =C31-C30 -> 0 | E31: =C31-152000 -> 229519 | F31: =D31/$D$2 -> 0 | G31: 1420 | H31: 2.1 | I31: =G31+H31 -> 1422.1 | J31: =IF(L31>0,L31,0) -> 63.9 | K31: =I31+J31 -> 1486 | L31: =F31-(I31-AC31) -> 63.9 | M31: 282 | N31: =2.1*1.03 -> 2.163 | O31: =(31+31)*1.05 -> 65.1 | P31: =2.58*1.02 -> 2.6316 | Q31: 4.2 | R31: 5.54 | S31: 149 | T31: 76 | U31: =M31-N31-O31-P31-Q31-R31+S31+T31-AN31 -> 427.3654 | V31: 0 | X31: 129 | Y31: 1.7 | Z31: 1.3 | AA31: 850 | AB31: =AB30 -> 14600.433 | AC31: =N31+O31+P31+Q31+R31+U31+X31+AA31 -> 1486 | AD31: =IF(L31<0,L31*-1,0) -> 0 | AE31: =AC31+AD31 -> 1486 | AF31: 0 | AG31: 88 | AH31: 54 | AI31: =AI30 -> 16467.308 | AK31: 0 | AL31: =64*(V28*1.9835+AK31*1.9835)/E31 -> 0
