Workbook

Sheet NOV
K1: MC PHEE RESERVOIR IN/OUT FLOW TABULATION
A2: AF/cfs CONVERT FACTOR | D2: 1.9835 | L2: NOVEMBER "1886"
A4: DATE | B4: RESERV | C4: RESERV | D4: AC FT | E4: ACTIVE | F4: CONV TO | G4: DOLORES | H4: LOST | I4: RECORDED | J4: CALC | K4: TOTAL | L4: CALC | M4: TUNNEL | Q4: LONE | R4: U | S4: TOTAL | T4: MVI | U4: DV CR | V4: BELOW | W4: RECORDED | X4: CALC | Y4: TOTAL | Z4: RAIN | AA4: MAX | AB4: MIN | AC4: DATE
A5: "NOV" | B5: ELEV | C5: AC FT | D5: CHANGE | E5: CAP | F5: CFS | G5: RIVER | H5: CANYON | I5: INFLOW | J5: INFLOW | K5: INFLOW | L5: INF/OTF | M5: TOT DIV | N5: WETLAND | O5: UTE F&R | P5: MVI,CTZ | Q5: PINE | R5: LAT | S5: MVI | T5: CALL | U5: CANAL | V5: MC PHEE | W5: OUTFLOW | X5: OUTFLOW | Y5: OUTFLOW | AA5: TMP | AB5: TMP | AC5: "NOV"
A7: SEASON BAL
A8: YTD | B8: 6901.78 | C8: 290193
A10: 1 | B10: 6902.05 | C10: 291203 | D10: =C10-C8 -> 1010 | E10: =C10-152000 -> 139203 | F10: =D10/$D$2 -> 509.20091 | G10: 320 | H10: 29 | I10: =G10+H10 -> 349 | J10: =IF(L10>0,L10,0) -> 365.20091 | K10: =I10+J10 -> 714.20091 | L10: =F10-(I10-W10) -> 365.20091 | M10: 34 | N10: 0 | O10: 0 | P10: =M10-(N10+O10) -> 34 | Q10: 0 | R10: 14 | S10: =SUM(P10:R10) -> 48 | U10: 0 | V10: 157 | W10: =N10+O10+S10+U10+V10 -> 205 | X10: =IF(L10<0,L10*-1,0) -> 0 | Y10: =W10+X10 -> 205 | Z10: 0.3 | AA10: 48 | AB10: 32 | AC10: 1
A11: =A10+1 -> 2 | B11: 6902.2 | C11: 291767 | D11: =C11-C10 -> 564 | E11: =C11-152000 -> 139767 | F11: =D11/$D$2 -> 284.34585 | G11: 302 | H11: 39 | I11: =G11+H11 -> 341 | J11: =IF(L11>0,L11,0) -> 147.34585 | K11: =I11+J11 -> 488.34585 | L11: =F11-(I11-W11) -> 147.34585 | M11: 34 | N11: 0 | O11: 0 | P11: =M11-(N11+O11) -> 34 | Q11: 0 | R11: 14 | S11: =SUM(P11:R11) -> 48 | U11: 0 | V11: 156 | W11: =N11+O11+S11+U11+V11 -> 204 | X11: =IF(L11<0,L11*-1,0) -> 0 | Y11: =W11+X11 -> 204 | Z11: 0.01 | AA11: 44 | AB11: 36 | AC11: =AC10+1 -> 2
A12: =A11+1 -> 3 | B12: 6902.25 | C12: 291955 | D12: =C12-C11 -> 188 | E12: =C12-152000 -> 139955 | F12: =D12/$D$2 -> 94.781951 | G12: 334 | H12: 34 | I12: =G12+H12 -> 368 | J12: =IF(L12>0,L12,0) -> 73.781951 | K12: =I12+J12 -> 441.78195 | L12: =F12-(I12-W12) -> 73.781951 | M12: 34 | N12: 0 | O12: 0 | P12: =M12-(N12+O12) -> 34 | Q12: 0 | R12: 14 | S12: =SUM(P12:R12) -> 48 | U12: 0 | V12: 299 | W12: =N12+O12+S12+U12+V12 -> 347 | X12: =IF(L12<0,L12*-1,0) -> 0 | Y12: =W12+X12 -> 347 | Z12: 0 | AA12: 45 | AB12: 30 | AC12: =AC11+1 -> 3
A13: =A12+1 -> 4 | B13: 6902.23 | C13: 291880 | D13: =C13-C12 -> -75 | E13: =C13-152000 -> 139880 | F13: =D13/$D$2 -> -37.811949 | G13: 345 | H13: 35 | I13: =G13+H13 -> 380 | J13: =IF(L13>0,L13,0) -> 72.188051 | K13: =I13+J13 -> 452.18805 | L13: =F13-(I13-W13) -> 72.188051 | M13: 35 | N13: 0 | O13: 0 | P13: =M13-(N13+O13) -> 35 | Q13: 0 | R13: 13 | S13: =SUM(P13:R13) -> 48 | U13: 0 | V13: 442 | W13: =N13+O13+S13+U13+V13 -> 490 | X13: =IF(L13<0,L13*-1,0) -> 0 | Y13: =W13+X13 -> 490 | Z13: 0 | AA13: 46 | AB13: 29 | AC13: =AC12+1 -> 4
A14: =A13+1 -> 5 | B14: 6902.17 | C14: 291654 | D14: =C14-C13 -> -226 | E14: =C14-152000 -> 139654 | F14: =D14/$D$2 -> -113.94001 | G14: 323 | H14: 33 | I14: =G14+H14 -> 356 | J14: =IF(L14>0,L14,0) -> 40.059995 | K14: =I14+J14 -> 396.05999 | L14: =F14-(I14-W14) -> 40.059995 | M14: 34 | N14: 0 | O14: 0 | P14: =M14-(N14+O14) -> 34 | Q14: 0 | R14: 14 | S14: =SUM(P14:R14) -> 48 | U14: 0 | V14: 462 | W14: =N14+O14+S14+U14+V14 -> 510 | X14: =IF(L14<0,L14*-1,0) -> 0 | Y14: =W14+X14 -> 510 | Z14: 0 | AA14: 50 | AB14: 23 | AC14: =AC13+1 -> 5
A15: =A14+1 -> 6 | B15: 6902.12 | C15: 291466 | D15: =C15-C14 -> -188 | E15: =C15-152000 -> 139466 | F15: =D15/$D$2 -> -94.781951 | G15: 330 | H15: 30 | I15: =G15+H15 -> 360 | J15: =IF(L15>0,L15,0) -> 56.218049 | K15: =I15+J15 -> 416.21805 | L15: =F15-(I15-W15) -> 56.218049 | M15: 34 | N15: 0 | O15: 0 | P15: =M15-(N15+O15) -> 34 | Q15: 0 | R15: 14 | S15: =SUM(P15:R15) -> 48 | U15: 1 | V15: 462 | W15: =N15+O15+S15+U15+V15 -> 511 | X15: =IF(L15<0,L15*-1,0) -> 0 | Y15: =W15+X15 -> 511 | Z15: 0.28 | AA15: 50 | AB15: 27 | AC15: =AC14+1 -> 6
A16: =A15+1 -> 7 | B16: 6902 | C16: 291014 | D16: =C16-C15 -> -452 | E16: =C16-152000 -> 139014 | F16: =D16/$D$2 -> -227.88001 | G16: 329 | H16: 28 | I16: =G16+H16 -> 357 | J16: =IF(L16>0,L16,0) -> 0 | K16: =I16+J16 -> 357 | L16: =F16-(I16-W16) -> -77.88001 | M16: 31 | N16: 0 | O16: 0 | P16: =M16-(N16+O16) -> 31 | Q16: 0 | R16: 14 | S16: =SUM(P16:R16) -> 45 | U16: 0 | V16: 462 | W16: =N16+O16+S16+U16+V16 -> 507 | X16: =IF(L16<0,L16*-1,0) -> 77.88001 | Y16: =W16+X16 -> 584.88001 | Z16: 0.01 | AA16: 30 | AB16: 14 | AC16: =AC15+1 -> 7
A17: =A16+1 -> 8 | B17: 6901.95 | C17: 290828 | D17: =C17-C16 -> -186 | E17: =C17-152000 -> 138828 | F17: =D17/$D$2 -> -93.773632 | G17: 293 | H17: 21 | I17: =G17+H17 -> 314 | J17: =IF(L17>0,L17,0) -> 97.226368 | K17: =I17+J17 -> 411.22637 | L17: =F17-(I17-W17) -> 97.226368 | M17: 30 | N17: 0 | O17: 0 | P17: =M17-(N17+O17) -> 30 | Q17: 0 | R17: 13 | S17: =SUM(P17:R17) -> 43 | U17: 0 | V17: 462 | W17: =N17+O17+S17+U17+V17 -> 505 | X17: =IF(L17<0,L17*-1,0) -> 0 | Y17: =W17+X17 -> 505 | Z17: 0 | AA17: 28 | AB17: 10 | AC17: =AC16+1 -> 8
A18: =A17+1 -> 9 | B18: 6901.87 | C18: 290529 | D18: =C18-C17 -> -299 | E18: =C18-152000 -> 138529 | F18: =D18/$D$2 -> -150.74363 | G18: 311 | H18: 26 | I18: =G18+H18 -> 337 | J18: =IF(L18>0,L18,0) -> 16.256365 | K18: =I18+J18 -> 353.25637 | L18: =F18-(I18-W18) -> 16.256365 | M18: 30 | N18: 0 | O18: 0 | P18: =M18-(N18+O18) -> 30 | Q18: 0 | R18: 13 | S18: =SUM(P18:R18) -> 43 | U18: 0 | V18: 461 | W18: =N18+O18+S18+U18+V18 -> 504 | X18: =IF(L18<0,L18*-1,0) -> 0 | Y18: =W18+X18 -> 504 | Z18: 0 | AA18: 34 | AB18: 16 | AC18: =AC17+1 -> 9
A19: =A18+1 -> 10 | B19: 6901.78 | C19: 290193 | D19: =C19-C18 -> -336 | E19: =C19-152000 -> 138193 | F19: =D19/$D$2 -> -169.39753 | G19: 250 | H19: 28 | I19: =G19+H19 -> 278 | J19: =IF(L19>0,L19,0) -> 0 | K19: =I19+J19 -> 278 | L19: =F19-(I19-W19) -> -157.39753 | M19: 30 | N19: 0 | O19: 0 | P19: =M19-(N19+O19) -> 30 | Q19: 0 | R19: 13 | S19: =SUM(P19:R19) -> 43 | U19: 0 | V19: 247 | W19: =N19+O19+S19+U19+V19 -> 290 | X19: =IF(L19<0,L19*-1,0) -> 157.39753 | Y19: =W19+X19 -> 447.39753 | Z19: 0 | AA19: 36 | AB19: 9 | AC19: =AC18+1 -> 10
A20: =A19+1 -> 11 | B20: 6901.89 | C20: 290604 | D20: =C20-C19 -> 411 | E20: =C20-152000 -> 138604 | F20: =D20/$D$2 -> 207.20948 | G20: 223 | H20: 29 | I20: =G20+H20 -> 252 | J20: =IF(L20>0,L20,0) -> 87.209478 | K20: =I20+J20 -> 339.20948 | L20: =F20-(I20-W20) -> 87.209478 | M20: 19 | N20: 0 | O20: 0 | P20: =M20-(N20+O20) -> 19 | Q20: 0 | R20: 13 | S20: =SUM(P20:R20) -> 32 | U20: 0 | V20: 100 | W20: =N20+O20+S20+U20+V20 -> 132 | X20: =IF(L20<0,L20*-1,0) -> 0 | Y20: =W20+X20 -> 132 | Z20: 0 | AA20: 44 | AB20: 12 | AC20: =AC19+1 -> 11
A21: =A20+1 -> 12 | B21: 6902 | C21: 291014 | D21: =C21-C20 -> 410 | E21: =C21-152000 -> 139014 | F21: =D21/$D$2 -> 206.70532 | G21: 268 | H21: 26 | I21: =G21+H21 -> 294 | J21: =IF(L21>0,L21,0) -> 42.705319 | K21: =I21+J21 -> 336.70532 | L21: =F21-(I21-W21) -> 42.705319 | M21: 16 | N21: 0 | O21: 0 | P21: =M21-(N21+O21) -> 16 | Q21: 0 | R21: 14 | S21: =SUM(P21:R21) -> 30 | U21: 0 | V21: 100 | W21: =N21+O21+S21+U21+V21 -> 130 | X21: =IF(L21<0,L21*-1,0) -> 0 | Y21: =W21+X21 -> 130 | Z21: 0 | AA21: 57 | AB21: 19 | AC21: =AC20+1 -> 12
A22: =A21+1 -> 13 | B22: 6902.08 | C22: 291315 | D22: =C22-C21 -> 301 | E22: =C22-152000 -> 139315 | F22: =D22/$D$2 -> 151.75195 | G22: 260 | H22: 22 | I22: =G22+H22 -> 282 | J22: =IF(L22>0,L22,0) -> 28.751954 | K22: =I22+J22 -> 310.75195 | L22: =F22-(I22-W22) -> 28.751954 | M22: 21 | N22: 0 | O22: 0 | P22: =M22-(N22+O22) -> 21 | Q22: 0 | R22: 13 | S22: =SUM(P22:R22) -> 34 | U22: 0 | V22: 125 | W22: =N22+O22+S22+U22+V22 -> 159 | X22: =IF(L22<0,L22*-1,0) -> 0 | Y22: =W22+X22 -> 159 | Z22: 0 | AA22: 59 | AB22: 20 | AC22: =AC21+1 -> 13
... A38: =A37+1 -> 29 | B38: 6902.87 | C38: 294288 | D38: =C38-C37 -> 0 | E38: =C38-152000 -> 142288 | F38: =D38/$D$2 -> 0 | G38: 313 | H38: 34 | I38: =G38+H38 -> 347 | J38: =IF(L38>0,L38,0) -> 1 | K38: =I38+J38 -> 348 | L38: =F38-(I38-W38) -> 1 | M38: 24 | N38: 0 | O38: 0 | P38: =M38-(N38+O38) -> 24 | Q38: 0 | R38: 11 | S38: =SUM(P38:R38) -> 35 | U38: 0 | V38: 313 | W38: =N38+O38+S38+U38+V38 -> 348 | X38: =IF(L38<0,L38*-1,0) -> 0 | Y38: =W38+X38 -> 348 | Z38: 0 | AA38: 44 | AB38: 28 | AC38: =AC37+1 -> 29
A39: 30 | B39: 6902.88 | C39: 294326 | D39: =C39-C38 -> 38 | E39: =C39-152000 -> 142326 | F39: =D39/$D$2 -> 19.158054 | G39: 323 | H39: 29 | I39: =G39+H39 -> 352 | J39: =IF(L39>0,L39,0) -> 15.158054 | K39: =I39+J39 -> 367.15805 | L39: =F39-(I39-W39) -> 15.158054 | M39: 24 | N39: 0 | O39: 0 | P39: =M39-(N39+O39) -> 24 | Q39: 0 | R39: 11 | S39: =SUM(P39:R39) -> 35 | U39: 0 | V39: 313 | W39: =N39+O39+S39+U39+V39 -> 348 | X39: =IF(L39<0,L39*-1,0) -> 0 | Y39: =W39+X39 -> 348 | Z39: 0 | AA39: 36 | AB39: 24 | AC39: 30
A41: MONTH / CFS | F41: =SUM(F10:F39) -> 2083.6904 | G41: =SUM(G10:G39) -> 9938 | H41: =SUM(H10:H39) -> 1326 | I41: =SUM(I10:I39) -> 11264 | J41: =SUM(J10:J39) -> 2833.4038 | K41: =SUM(K10:K39) -> 14097.404 | L41: =SUM(L10:L39) -> 2473.6904 | M41: =SUM(M10:M39) -> 789 | ... S41: =SUM(S10:S39) -> 1792 | U41: =SUM(U10:U39) -> 1 | V41: =SUM(V10:V39) -> 9861 | W41: =SUM(W10:W39) -> 11654 | X41: =SUM(X10:X39) -> 359.71339 | Y41: =SUM(Y10:Y39) -> 12013.713 | Z41: =SUM(Z10:Z39) -> 2.06 | AA41: =AVERAGE(AA10:AA39) -> 44.1 | AB41: =AVERAGE(AB10:AB39) -> 22.966667 | AC41: Avg
A42: MONTH / AF | D42: =SUM(D10:D39) -> 4133 | F42: =F41*$D$2 -> 4133 | G42: =G41*$D$2 -> 19712.023 | H42: =H41*$D$2 -> 2630.121 | I42: =I41*$D$2 -> 22342.144 | J42: =J41*$D$2 -> 5620.0565 | K42: =K41*$D$2 -> 27962.2 | L42: =L41*$D$2 -> 4906.565 | M42: =M41*$D$2 -> 1564.9815 | ... S42: =S41*$D$2 -> 3554.432 | U42: =U41*$D$2 -> 1.9835 | V42: =V41*$D$2 -> 19559.293 | W42: =W41*$D$2 -> 23115.709 | X42: =X41*$D$2 -> 713.4915 | Y42: =Y41*$D$2 -> 23829.2 | AA42: =MAX(AA10:AA39) -> 59 | AB42: =MAX(AB10:AB39) -> 36 | AC42: HI
A44: SEASON / CFS | AA44: =MIN(AA10:AA39) -> 28 | AB44: =MIN(AB10:AB39) -> 9 | AC44: LO
A45: SEASON / AF
A47: YTD / CFS | F47: =F8+F41 -> 2083.6904 | G47: =G8+G41 -> 9938 | H47: =H8+H41 -> 1326 | I47: =I8+I41 -> 11264 | J47: =J8+J41 -> 2833.4038 | K47: =K8+K41 -> 14097.404 | L47: =L8+L41 -> 2473.6904 | M47: =M8+M41 -> 789 | ... S47: =S8+S41 -> 1792 | U47: =U8+U41 -> 1 | V47: =V8+V41 -> 9861 | W47: =W8+W41 -> 11654 | X47: =X8+X41 -> 359.71339 | Y47: =Y8+Y41 -> 12013.713 | Z47: =Z8+Z41 -> 2.06
A48: YTD / AF | D48: =D8+D42 -> 4133 | E48: =E39 -> 142326 | F48: =F47*$D$2 -> 4133 | G48: =G47*$D$2 -> 19712.023 | H48: =H47*$D$2 -> 2630.121 | I48: =I47*$D$2 -> 22342.144 | J48: =J47*$D$2 -> 5620.0565 | K48: =K47*$D$2 -> 27962.2 | L48: =L47*$D$2 -> 4906.565 | M48: =M47*$D$2 -> 1564.9815 | ... Y48: =Y47*$D$2 -> 23829.2

Sheet DEC
K1: MC PHEE RESERVOIR IN/OUT FLOW TABULATION
A2: AF/cfs CONVERT FACTOR | D2: 1.9835 | K2: DECEMBER "1886"
A4: DATE | B4: RESERV | C4: RESERV | D4: AC FT | E4: ACTIVE | F4: CONV TO | G4: DOLORES | H4: LOST | I4: RECORDED | J4: CALC | K4: TOTAL | L4: CALC | M4: TUNNEL | Q4: LONE | R4: U | S4: TOTAL | T4: MVI | U4: DV CR | V4: BELOW | W4: RECORDED | X4: CALC | Y4: TOTAL | Z4: RAIN | AA4: MAX | AB4: MIN | AC4: DATE
A5: "DEC" | B5: ELEV | C5: AC FT | D5: CHANGE | E5: CAP | F5: CFS | G5: RIVER | H5: CANYON | I5: INFLOW | J5: INFLOW | K5: INFLOW | L5: INF/OTF | M5: TOT DIV | N5: WETLAND | O5: UTE F&R | P5: MVI,CTZ | Q5: PINE | R5: LAT | S5: MVI | T5: CALL | U5: CANAL | V5: MC PHEE | W5: OUTFLOW | X5: OUTFLOW | Y5: OUTFLOW | AA5: TMP | AB5: TMP | AC5: "DEC"
A7: SEASON BAL
A8: YTD | B8: =NOV!B39 -> 6902.88 | C8: =NOV!C39 -> 294326 | D8: =NOV!$D$48 -> 4133 | E8: =NOV!$E$39 -> 142326 | F8: =NOV!F47 -> 2083.6904 | G8: =NOV!G47 -> 9938 | H8: =NOV!H47 -> 1326 | I8: =NOV!I47 -> 11264 | J8: =NOV!J47 -> 2833.4038 | K8: =NOV!K47 -> 14097.404 | L8: =NOV!L47 -> 2473.6904 | M8: =NOV!M47 -> 789 | ... Z8: =NOV!Z47 -> 2.06
A10: 1 | B10: 6902.84 | C10: 294175 | D10: =C10-C8 -> -151 | E10: =C10-152000 -> 142175 | F10: =D10/$D$2 -> -76.128056 | G10: 247 | H10: 25 | I10: =G10+H10 -> 272 | J10: =IF(L10>0,L10,0) -> 0 | K10: =I10+J10 -> 272 | L10: =F10-(I10-W10) -> -2.1280565 | M10: 24 | N10: 0 | O10: 0 | P10: =M10-(N10+O10) -> 24 | Q10: 0 | R10: 10 | S10: =SUM(P10:R10) -> 34 | U10: 0 | V10: 312 | W10: =N10+O10+S10+U10+V10 -> 346 | X10: =IF(L10<0,L10*-1,0) -> 2.1280565 | Y10: =W10+X10 -> 348.12806 | Z10: 0 | AA10: 46 | AB10: 22 | AC10: 1
A11: =A10+1 -> 2 | B11: 6902.8 | C11: 294025 | D11: =C11-C10 -> -150 | E11: =C11-152000 -> 142025 | F11: =D11/$D$2 -> -75.623897 | G11: 250 | H11: 30 | I11: =G11+H11 -> 280 | J11: =IF(L11>0,L11,0) -> 0 | K11: =I11+J11 -> 280 | L11: =F11-(I11-W11) -> -7.6238972 | M11: 24 | N11: 0 | O11: 0 | P11: =M11-(N11+O11) -> 24 | Q11: 0 | R11: 11 | S11: =SUM(P11:R11) -> 35 | U11: 0 | V11: 313 | W11: =N11+O11+S11+U11+V11 -> 348 | X11: =IF(L11<0,L11*-1,0) -> 7.6238972 | Y11: =W11+X11 -> 355.6239 | Z11: 0 | AA11: 45 | AB11: 15 | AC11: =AC10+1 -> 2
A12: =A11+1 -> 3 | B12: 6902.82 | C12: 294100 | D12: =C12-C11 -> 75 | E12: =C12-152000 -> 142100 | F12: =D12/$D$2 -> 37.811949 | G12: 261 | H12: 30 | I12: =G12+H12 -> 291 | J12: =IF(L12>0,L12,0) -> 94.811949 | K12: =I12+J12 -> 385.81195 | L12: =F12-(I12-W12) -> 94.811949 | M12: 24 | N12: 0 | O12: 0 | P12: =M12-(N12+O12) -> 24 | Q12: 0 | R12: 11 | S12: =SUM(P12:R12) -> 35 | U12: 0 | V12: 313 | W12: =N12+O12+S12+U12+V12 -> 348 | X12: =IF(L12<0,L12*-1,0) -> 0 | Y12: =W12+X12 -> 348 | Z12: 0 | AA12: 46 | AB12: 21 | AC12: =AC11+1 -> 3
A13: =A12+1 -> 4 | B13: 6902.77 | C13: 293912 | D13: =C13-C12 -> -188 | E13: =C13-152000 -> 141912 | F13: =D13/$D$2 -> -94.781951 | G13: 269 | H13: 27 | I13: =G13+H13 -> 296 | J13: =IF(L13>0,L13,0) -> 0 | K13: =I13+J13 -> 296 | L13: =F13-(I13-W13) -> -42.781951 | M13: 24 | N13: 0 | O13: 0 | P13: =M13-(N13+O13) -> 24 | Q13: 0 | R13: 11 | S13: =SUM(P13:R13) -> 35 | U13: 0 | V13: 313 | W13: =N13+O13+S13+U13+V13 -> 348 | X13: =IF(L13<0,L13*-1,0) -> 42.781951 | Y13: =W13+X13 -> 390.78195 | Z13: 0 | AA13: 46 | AB13: 22 | AC13: =AC12+1 -> 4
A14: =A13+1 -> 5 | B14: 6902.77 | C14: 293912 | D14: =C14-C13 -> 0 | E14: =C14-152000 -> 141912 | F14: =D14/$D$2 -> 0 | G14: 271 | H14: 24 | I14: =G14+H14 -> 295 | J14: =IF(L14>0,L14,0) -> 53 | K14: =I14+J14 -> 348 | L14: =F14-(I14-W14) -> 53 | M14: 24 | N14: 0 | O14: 0 | P14: =M14-(N14+O14) -> 24 | Q14: 0 | R14: 11 | S14: =SUM(P14:R14) -> 35 | U14: 0 | V14: 313 | W14: =N14+O14+S14+U14+V14 -> 348 | X14: =IF(L14<0,L14*-1,0) -> 0 | Y14: =W14+X14 -> 348 | Z14: 0 | AA14: 48 | AB14: 29 | AC14: =AC13+1 -> 5
A15: =A14+1 -> 6 | B15: 6902.76 | C15: 293874 | D15: =C15-C14 -> -38 | E15: =C15-152000 -> 141874 | F15: =D15/$D$2 -> -19.158054 | G15: 266 | H15: 19 | I15: =G15+H15 -> 285 | J15: =IF(L15>0,L15,0) -> 31.841946 | K15: =I15+J15 -> 316.84195 | L15: =F15-(I15-W15) -> 31.841946 | M15: 15 | N15: 0 | O15: 0 | P15: =M15-(N15+O15) -> 15 | Q15: 0 | R15: 8 | S15: =SUM(P15:R15) -> 23 | U15: 0 | V15: 313 | W15: =N15+O15+S15+U15+V15 -> 336 | X15: =IF(L15<0,L15*-1,0) -> 0 | Y15: =W15+X15 -> 336 | Z15: 0.57 | AA15: 32 | AB15: 30 | AC15: =AC14+1 -> 6
A16: =A15+1 -> 7 | B16: 6902.76 | C16: 293874 | D16: =C16-C15 -> 0 | E16: =C16-152000 -> 141874 | F16: =D16/$D$2 -> 0 | G16: 252 | H16: 18 | I16: =G16+H16 -> 270 | J16: =IF(L16>0,L16,0) -> 52 | K16: =I16+J16 -> 322 | L16: =F16-(I16-W16) -> 52 | M16: 9 | N16: 0 | O16: 0 | P16: =M16-(N16+O16) -> 9 | Q16: 0 | R16: 0 | S16: =SUM(P16:R16) -> 9 | U16: 0 | V16: 313 | W16: =N16+O16+S16+U16+V16 -> 322 | X16: =IF(L16<0,L16*-1,0) -> 0 | Y16: =W16+X16 -> 322 | Z16: 0 | AA16: 40 | AB16: 27 | AC16: =AC15+1 -> 7
A17: =A16+1 -> 8 | B17: 6902.74 | C17: 293799 | D17: =C17-C16 -> -75 | E17: =C17-152000 -> 141799 | F17: =D17/$D$2 -> -37.811949 | G17: 225 | H17: 18 | I17: =G17+H17 -> 243 | J17: =IF(L17>0,L17,0) -> 39.188051 | K17: =I17+J17 -> 282.18805 | L17: =F17-(I17-W17) -> 39.188051 | M17: 7 | N17: 0 | O17: 0 | P17: =M17-(N17+O17) -> 7 | Q17: 0 | R17: 0 | S17: =SUM(P17:R17) -> 7 | U17: 0 | V17: 313 | W17: =N17+O17+S17+U17+V17 -> 320 | X17: =IF(L17<0,L17*-1,0) -> 0 | Y17: =W17+X17 -> 320 | Z17: 0 | AA17: 35 | AB17: 23 | AC17: =AC16+1 -> 8
A18: =A17+1 -> 9 | B18: 6902.72 | C18: 293724 | D18: =C18-C17 -> -75 | E18: =C18-152000 -> 141724 | F18: =D18/$D$2 -> -37.811949 | G18: 229 | H18: 17 | I18: =G18+H18 -> 246 | J18: =IF(L18>0,L18,0) -> 0 | K18: =I18+J18 -> 246 | L18: =F18-(I18-W18) -> -147.81195 | M18: 5 | N18: 0 | O18: 0 | P18: =M18-(N18+O18) -> 5 | Q18: 0 | R18: 0 | S18: =SUM(P18:R18) -> 5 | U18: 0 | V18: 131 | W18: =N18+O18+S18+U18+V18 -> 136 | X18: =IF(L18<0,L18*-1,0) -> 147.81195 | Y18: =W18+X18 -> 283.81195 | Z18: 0 | AA18: 26 | AB18: 20 | AC18: =AC17+1 -> 9
A19: =A18+1 -> 10 | B19: 6902.69 | C19: 293611 | D19: =C19-C18 -> -113 | E19: =C19-152000 -> 141611 | F19: =D19/$D$2 -> -56.970003 | G19: 149 | H19: 16 | I19: =G19+H19 -> 165 | J19: =IF(L19>0,L19,0) -> 8.0299975 | K19: =I19+J19 -> 173.03 | L19: =F19-(I19-W19) -> 8.0299975 | M19: 4 | N19: 0 | O19: 0 | P19: =M19-(N19+O19) -> 4 | Q19: 0 | R19: 0 | S19: =SUM(P19:R19) -> 4 | U19: 0 | V19: 226 | W19: =N19+O19+S19+U19+V19 -> 230 | X19: =IF(L19<0,L19*-1,0) -> 0 | Y19: =W19+X19 -> 230 | Z19: 0 | AA19: 26 | AB19: 4 | AC19: =AC18+1 -> 10
A20: =A19+1 -> 11 | B20: 6902.67 | C20: 293536 | D20: =C20-C19 -> -75 | E20: =C20-152000 -> 141536 | F20: =D20/$D$2 -> -37.811949 | G20: 130 | H20: 12 | I20: =G20+H20 -> 142 | J20: =IF(L20>0,L20,0) -> 3.1880514 | K20: =I20+J20 -> 145.18805 | L20: =F20-(I20-W20) -> 3.1880514 | M20: 4 | N20: 0 | O20: 0 | P20: =M20-(N20+O20) -> 4 | Q20: 0 | R20: 0 | S20: =SUM(P20:R20) -> 4 | U20: 0 | V20: 179 | W20: =N20+O20+S20+U20+V20 -> 183 | X20: =IF(L20<0,L20*-1,0) -> 0 | Y20: =W20+X20 -> 183 | Z20: 0 | AA20: 32 | AB20: 4 | AC20: =AC19+1 -> 11
A21: =A20+1 -> 12 | B21: 6902.67 | C21: 293536 | D21: =C21-C20 -> 0 | E21: =C21-152000 -> 141536 | F21: =D21/$D$2 -> 0 | G21: 180 | H21: 18 | I21: =G21+H21 -> 198 | J21: =IF(L21>0,L21,0) -> 0 | K21: =I21+J21 -> 198 | L21: =F21-(I21-W21) -> -15 | M21: 4 | N21: 0 | O21: 0 | P21: =M21-(N21+O21) -> 4 | Q21: 0 | R21: 0 | S21: =SUM(P21:R21) -> 4 | U21: 0 | V21: 179 | W21: =N21+O21+S21+U21+V21 -> 183 | X21: =IF(L21<0,L21*-1,0) -> 15 | Y21: =W21+X21 -> 198 | Z21: 0 | AA21: 45 | AB21: 8 | AC21: =AC20+1 -> 12
A22: =A21+1 -> 13 | B22: 6902.68 | C22: 293573 | D22: =C22-C21 -> 37 | E22: =C22-152000 -> 141573 | F22: =D22/$D$2 -> 18.653895 | G22: 209 | H22: 16 | I22: =G22+H22 -> 225 | J22: =IF(L22>0,L22,0) -> 0 | K22: =I22+J22 -> 225 | L22: =F22-(I22-W22) -> -23.346105 | M22: 4 | N22: 0 | O22: 0 | P22: =M22-(N22+O22) -> 4 | Q22: 0 | R22: 0 | S22: =SUM(P22:R22) -> 4 | U22: 0 | V22: 179 | W22: =N22+O22+S22+U22+V22 -> 183 | X22: =IF(L22<0,L22*-1,0) -> 23.346105 | Y22: =W22+X22 -> 206.34611 | Z22: 0 | AA22: 46 | AB22: 11 | AC22: =AC21+1 -> 13
... A38: =A37+1 -> 29 | B38: 6902.65 | C38: 293460 | D38: =C38-C37 -> 75 | E38: =C38-152000 -> 141460 | F38: =D38/$D$2 -> 37.811949 | G38: 177 | H38: 10 | I38: =G38+H38 -> 187 | J38: =IF(L38>0,L38,0) -> 0 | K38: =I38+J38 -> 187 | L38: =F38-(I38-W38) -> -0.18805142 | M38: 4 | N38: 0 | O38: 0 | P38: =M38-(N38+O38) -> 4 | Q38: 0 | R38: 0 | S38: =SUM(P38:R38) -> 4 | U38: 0 | V38: 145 | W38: =N38+O38+S38+U38+V38 -> 149 | X38: =IF(L38<0,L38*-1,0) -> 0.18805142 | Y38: =W38+X38 -> 149.18805 | Z38: 0 | AA38: 40 | AB38: 12 | AC38: =AC37+1 -> 29
A39: 30 | B39: 6902.64 | C39: 293423 | D39: =C39-C38 -> -37 | E39: =C39-152000 -> 141423 | F39: =D39/$D$2 -> -18.653895 | G39: 96 | H39: 11 | I39: =G39+H39 -> 107 | J39: =IF(L39>0,L39,0) -> 0.34610537 | K39: =I39+J39 -> 107.34611 | L39: =F39-(I39-W39) -> 0.34610537 | M39: 4 | N39: 0 | O39: 0 | P39: =M39-(N39+O39) -> 4 | Q39: 0 | R39: 0 | S39: =SUM(P39:R39) -> 4 | U39: 0 | V39: 122 | W39: =N39+O39+S39+U39+V39 -> 126 | X39: =IF(L39<0,L39*-1,0) -> 0 | Y39: =W39+X39 -> 126 | Z39: 0 | AA39: 40 | AB39: 14 | AC39: 30
A40: 31 | B40: 6902.63 | C40: 293385 | D40: =C40-C39 -> -38 | E40: =C40-152000 -> 141385 | F40: =D40/$D$2 -> -19.158054 | G40: 100 | H40: 7 | I40: =G40+H40 -> 107 | J40: =IF(L40>0,L40,0) -> 0 | K40: =I40+J40 -> 107 | L40: =F40-(I40-W40) -> -0.15805395 | M40: 4 | N40: 0 | O40: 0 | P40: =M40-(N40+O40) -> 4 | Q40: 0 | R40: 0 | S40: =SUM(P40:R40) -> 4 | U40: 0 | V40: 122 | W40: =N40+O40+S40+U40+V40 -> 126 | X40: =IF(L40<0,L40*-1,0) -> 0.15805395 | Y40: =W40+X40 -> 126.15805 | Z40: 0 | AA40: 38 | AB40: 11 | AC40: 31
A42: MONTH / CFS | F42: =SUM(F10:F40) -> -474.41391 | G42: =SUM(G10:G40) -> 6146 | H42: =SUM(H10:H40) -> 465 | I42: =SUM(I10:I40) -> 6611 | J42: =SUM(J10:J40) -> 352.3761 | K42: =SUM(K10:K40) -> 6963.3761 | L42: =SUM(L10:L40) -> -284.41391 | M42: =SUM(M10:M40) -> 245 | ... S42: =SUM(S10:S40) -> 307 | U42: =SUM(U10:U40) -> 0 | V42: =SUM(V10:V40) -> 6494 | W42: =SUM(W10:W40) -> 6801 | X42: =SUM(X10:X40) -> 636.79002 | Y42: =SUM(Y10:Y40) -> 7437.79 | Z42: =SUM(Z10:Z40) -> 0.57 | AA42: =AVERAGE(AA10:AA40) -> 39.354839 | AB42: =AVERAGE(AB10:AB40) -> 17.064516 | AC42: Avg
A43: MONTH / AF | D43: =SUM(D10:D40) -> -941 | F43: =F42*$D$2 -> -941 | G43: =G42*$D$2 -> 12190.591 | H43: =H42*$D$2 -> 922.3275 | I43: =I42*$D$2 -> 13112.918 | J43: =J42*$D$2 -> 698.938 | K43: =K42*$D$2 -> 13811.856 | L43: =L42*$D$2 -> -564.135 | M43: =M42*$D$2 -> 485.9575 | ... S43: =S42*$D$2 -> 608.9345 | U43: =U42*$D$2 -> 0 | V43: =V42*$D$2 -> 12880.849 | W43: =W42*$D$2 -> 13489.783 | X43: =X42*$D$2 -> 1263.073 | Y43: =Y42*$D$2 -> 14752.856 | AA43: =MAX(AA10:AA40) -> 48 | AB43: =MAX(AB10:AB40) -> 30 | AC43: HI
A45: SEASON / CFS | AA45: =MIN(AA10:AA40) -> 26 | AB45: =MIN(AB10:AB40) -> 4 | AC45: LO
A46: SEASON / AF
A48: YTD / CFS | F48: =F8+F42 -> 1609.2765 | G48: =G8+G42 -> 16084 | H48: =H8+H42 -> 1791 | I48: =I8+I42 -> 17875 | J48: =J8+J42 -> 3185.7799 | K48: =K8+K42 -> 21060.78 | L48: =L8+L42 -> 2189.2765 | M48: =M8+M42 -> 1034 | ... S48: =S8+S42 -> 2099 | U48: =U8+U42 -> 1 | V48: =V8+V42 -> 16355 | W48: =W8+W42 -> 18455 | X48: =X8+X42 -> 996.5034 | Y48: =Y8+Y42 -> 19451.503 | Z48: =Z8+Z42 -> 2.63
A49: YTD / AF | D49: =D8+D43 -> 3192 | E49: =E40 -> 141385 | F49: =F48*$D$2 -> 3192 | G49: =G48*$D$2 -> 31902.614 | H49: =H48*$D$2 -> 3552.4485 | I49: =I48*$D$2 -> 35455.062 | J49: =J48*$D$2 -> 6318.9945 | K49: =K48*$D$2 -> 41774.057 | L49: =L48*$D$2 -> 4342.43 | M49: =M48*$D$2 -> 2050.939 | ... Y49: =Y48*$D$2 -> 38582.057

Sheet JAN
K1: MC PHEE RESERVOIR IN/OUT FLOW TABULATION
A2: AF/cfs CONVERT FACTOR | D2: 1.9835 | K2: JANUARY "1887"
A4: DATE | B4: RESERV | C4: RESERV | D4: AC FT | E4: ACTIVE | F4: CONV TO | G4: DOLORES | H4: LOST | I4: RECORDED | J4: CALC | K4: TOTAL | L4: CALC | M4: TUNNEL | Q4: LONE | R4: U | S4: TOTAL | T4: MVI | U4: DV CR | V4: BELOW | W4: RECORDED | X4: CALC | Y4: TOTAL | Z4: RAIN | AA4: MAX | AB4: MIN | AC4: DATE
A5: "JAN" | B5: ELEV | C5: AC FT | D5: CHANGE | E5: CAP | F5: CFS | G5: RIVER | H5: CANYON | I5: INFLOW | J5: INFLOW | K5: INFLOW | L5: INF/OTF | M5: TOT DIV | N5: WETLAND | O5: UTE F&R | P5: MVI,CTZ | Q5: PINE | R5: LAT | S5: MVI | T5: CALL | U5: CANAL | V5: MC PHEE | W5: OUTFLOW | X5: OUTFLOW | Y5: OUTFLOW | AA5: TMP | AB5: TMP | AC5: "JAN"
A7: SEASON BAL
A8: YTD | B8: =DEC!B40 -> 6902.63 | C8: =DEC!C40 -> 293385 | D8: =DEC!$D$49 -> 3192 | E8: =DEC!$E$40 -> 141385 | F8: =DEC!F48 -> 1609.2765 | G8: =DEC!G48 -> 16084 | H8: =DEC!H48 -> 1791 | I8: =DEC!I48 -> 17875 | J8: =DEC!J48 -> 3185.7799 | K8: =DEC!K48 -> 21060.78 | L8: =DEC!L48 -> 2189.2765 | M8: =DEC!M48 -> 1034 | ... Z8: =DEC!Z48 -> 2.63
A10: 1 | B10: 6902.64 | C10: 293423 | D10: =C10-C8 -> 38 | E10: =C10-152000 -> 141423 | F10: =D10/$D$2 -> 19.158054 | G10: 140 | H10: 4 | I10: =G10+H10 -> 144 | J10: =IF(L10>0,L10,0) -> 5.1580539 | K10: =I10+J10 -> 149.15805 | L10: =F10-(I10-W10) -> 5.1580539 | M10: 4 | N10: 0 | O10: 0 | P10: =M10-(N10+O10) -> 4 | Q10: 0 | R10: 0 | S10: =SUM(P10:R10) -> 4 | U10: 0 | V10: 126 | W10: =N10+O10+S10+U10+V10 -> 130 | X10: =IF(L10<0,L10*-1,0) -> 0 | Y10: =W10+X10 -> 130 | Z10: 0 | AA10: 38 | AB10: 10 | AC10: 1
A11: =A10+1 -> 2 | B11: 6902.65 | C11: 293460 | D11: =C11-C10 -> 37 | E11: =C11-152000 -> 141460 | F11: =D11/$D$2 -> 18.653895 | G11: 144 | H11: 2 | I11: =G11+H11 -> 146 | J11: =IF(L11>0,L11,0) -> 3.6538946 | K11: =I11+J11 -> 149.65389 | L11: =F11-(I11-W11) -> 3.6538946 | M11: 4 | N11: 0 | O11: 0 | P11: =M11-(N11+O11) -> 4 | Q11: 0 | R11: 0 | S11: =SUM(P11:R11) -> 4 | U11: 0 | V11: 127 | W11: =N11+O11+S11+U11+V11 -> 131 | X11: =IF(L11<0,L11*-1,0) -> 0 | Y11: =W11+X11 -> 131 | Z11: 0 | AA11: 40 | AB11: 12 | AC11: =AC10+1 -> 2
A12: =A11+1 -> 3 | B12: 6902.67 | C12: 293536 | D12: =C12-C11 -> 76 | E12: =C12-152000 -> 141536 | F12: =D12/$D$2 -> 38.316108 | G12: 151 | H12: 14 | I12: =G12+H12 -> 165 | J12: =IF(L12>0,L12,0) -> 4.3161079 | K12: =I12+J12 -> 169.31611 | L12: =F12-(I12-W12) -> 4.3161079 | M12: 4 | N12: 0 | O12: 0 | P12: =M12-(N12+O12) -> 4 | Q12: 0 | R12: 0 | S12: =SUM(P12:R12) -> 4 | U12: 0 | V12: 127 | W12: =N12+O12+S12+U12+V12 -> 131 | X12: =IF(L12<0,L12*-1,0) -> 0 | Y12: =W12+X12 -> 131 | Z12: 0 | AA12: 44 | AB12: 13 | AC12: =AC11+1 -> 3
A13: =A12+1 -> 4 | B13: 6902.69 | C13: 293611 | D13: =C13-C12 -> 75 | E13: =C13-152000 -> 141611 | F13: =D13/$D$2 -> 37.811949 | G13: 162 | H13: 3 | I13: =G13+H13 -> 165 | J13: =IF(L13>0,L13,0) -> 3.8119486 | K13: =I13+J13 -> 168.81195 | L13: =F13-(I13-W13) -> 3.8119486 | M13: 4 | N13: 0 | O13: 0 | P13: =M13-(N13+O13) -> 4 | Q13: 0 | R13: 0 | S13: =SUM(P13:R13) -> 4 | U13: 0 | V13: 127 | W13: =N13+O13+S13+U13+V13 -> 131 | X13: =IF(L13<0,L13*-1,0) -> 0 | Y13: =W13+X13 -> 131 | Z13: 0 | AA13: 47 | AB13: 26 | AC13: =AC12+1 -> 4
A14: =A13+1 -> 5 | B14: 6902.68 | C14: 293573 | D14: =C14-C13 -> -38 | E14: =C14-152000 -> 141573 | F14: =D14/$D$2 -> -19.158054 | G14: 105 | H14: 3 | I14: =G14+H14 -> 108 | J14: =IF(L14>0,L14,0) -> 3.8419461 | K14: =I14+J14 -> 111.84195 | L14: =F14-(I14-W14) -> 3.8419461 | M14: 4 | N14: 0 | O14: 0 | P14: =M14-(N14+O14) -> 4 | Q14: 0 | R14: 0 | S14: =SUM(P14:R14) -> 4 | U14: 0 | V14: 127 | W14: =N14+O14+S14+U14+V14 -> 131 | X14: =IF(L14<0,L14*-1,0) -> 0 | Y14: =W14+X14 -> 131 | Z14: 0.07 | AA14: 40 | AB14: 34 | AC14: =AC13+1 -> 5
A15: =A14+1 -> 6 | B15: 6902.68 | C15: 293573 | D15: =C15-C14 -> 0 | E15: =C15-152000 -> 141573 | F15: =D15/$D$2 -> 0 | G15: 124 | H15: 3 | I15: =G15+H15 -> 127 | J15: =IF(L15>0,L15,0) -> 4 | K15: =I15+J15 -> 131 | L15: =F15-(I15-W15) -> 4 | M15: 4 | N15: 0 | O15: 0 | P15: =M15-(N15+O15) -> 4 | Q15: 0 | R15: 0 | S15: =SUM(P15:R15) -> 4 | U15: 0 | V15: 127 | W15: =N15+O15+S15+U15+V15 -> 131 | X15: =IF(L15<0,L15*-1,0) -> 0 | Y15: =W15+X15 -> 131 | Z15: 0 | AA15: 30 | AB15: 22 | AC15: =AC14+1 -> 6
A16: =A15+1 -> 7 | B16: 6902.69 | C16: 293611 | D16: =C16-C15 -> 38 | E16: =C16-152000 -> 141611 | F16: =D16/$D$2 -> 19.158054 | G16: 142 | H16: 4 | I16: =G16+H16 -> 146 | J16: =IF(L16>0,L16,0) -> 4.1580539 | K16: =I16+J16 -> 150.15805 | L16: =F16-(I16-W16) -> 4.1580539 | M16: 4 | N16: 0 | O16: 0 | P16: =M16-(N16+O16) -> 4 | Q16: 0 | R16: 0 | S16: =SUM(P16:R16) -> 4 | U16: 0 | V16: 127 | W16: =N16+O16+S16+U16+V16 -> 131 | X16: =IF(L16<0,L16*-1,0) -> 0 | Y16: =W16+X16 -> 131 | Z16: 0.42 | AA16: 32 | AB16: 18 | AC16: =AC15+1 -> 7
A17: =A16+1 -> 8 | B17: 6902.7 | C17: 293649 | D17: =C17-C16 -> 38 | E17: =C17-152000 -> 141649 | F17: =D17/$D$2 -> 19.158054 | G17: 142 | H17: 4 | I17: 36 | J17: =IF(L17>0,L17,0) -> 114.15805 | K17: =I17+J17 -> 150.15805 | L17: =F17-(I17-W17) -> 114.15805 | M17: 4 | N17: 0 | O17: 0 | P17: =M17-(N17+O17) -> 4 | Q17: 0 | R17: 0 | S17: =SUM(P17:R17) -> 4 | U17: 0 | V17: 127 | W17: =N17+O17+S17+U17+V17 -> 131 | X17: =IF(L17<0,L17*-1,0) -> 0 | Y17: =W17+X17 -> 131 | Z17: 0 | AA17: 29 | AB17: 19 | AC17: =AC16+1 -> 8
A18: =A17+1 -> 9 | B18: 6902.69 | C18: 293611 | D18: =C18-C17 -> -38 | E18: =C18-152000 -> 141611 | F18: =D18/$D$2 -> -19.158054 | G18: 97 | H18: 11 | I18: 36 | J18: =IF(L18>0,L18,0) -> 75.841946 | K18: =I18+J18 -> 111.84195 | L18: =F18-(I18-W18) -> 75.841946 | M18: 4 | N18: 0 | O18: 0 | P18: =M18-(N18+O18) -> 4 | Q18: 0 | R18: 0 | S18: =SUM(P18:R18) -> 4 | U18: 0 | V18: 127 | W18: =N18+O18+S18+U18+V18 -> 131 | X18: =IF(L18<0,L18*-1,0) -> 0 | Y18: =W18+X18 -> 131 | Z18: 0 | AA18: 32 | AB18: -2 | AC18: =AC17+1 -> 9
A19: =A18+1 -> 10 | B19: 6902.683 | C19: 293573 | D19: =C19-C18 -> -38 | E19: =C19-152000 -> 141573 | F19: =D19/$D$2 -> -19.158054 | G19: 96 | H19: 12 | I19: 49.6 | J19: =IF(L19>0,L19,0) -> 62.241946 | K19: =I19+J19 -> 111.84195 | L19: =F19-(I19-W19) -> 62.241946 | M19: 4 | N19: 0 | O19: 0 | P19: =M19-(N19+O19) -> 4 | Q19: 0 | R19: 0 | S19: =SUM(P19:R19) -> 4 | U19: 0 | V19: 127 | W19: =N19+O19+S19+U19+V19 -> 131 | X19: =IF(L19<0,L19*-1,0) -> 0 | Y19: =W19+X19 -> 131 | Z19: 0 | AA19: 36 | AB19: 0 | AC19: =AC18+1 -> 10
A20: =A19+1 -> 11 | B20: 6902.67 | C20: 293536 | D20: =C20-C19 -> -37 | E20: =C20-152000 -> 141536 | F20: =D20/$D$2 -> -18.653895 | G20: 101 | H20: 6 | I20: 31.1 | J20: =IF(L20>0,L20,0) -> 81.246105 | K20: =I20+J20 -> 112.34611 | L20: =F20-(I20-W20) -> 81.246105 | M20: 4 | N20: 0 | O20: 0 | P20: =M20-(N20+O20) -> 4 | Q20: 0 | R20: 0 | S20: =SUM(P20:R20) -> 4 | U20: 0 | V20: 127 | W20: =N20+O20+S20+U20+V20 -> 131 | X20: =IF(L20<0,L20*-1,0) -> 0 | Y20: =W20+X20 -> 131 | Z20: 0 | AA20: 40 | AB20: 10 | AC20: =AC19+1 -> 11
A21: =A20+1 -> 12 | B21: 6902.68 | C21: 293573 | D21: =C21-C20 -> 37 | E21: =C21-152000 -> 141573 | F21: =D21/$D$2 -> 18.653895 | G21: 141 | H21: 5 | I21: 34.1 | J21: =IF(L21>0,L21,0) -> 115.55389 | K21: =I21+J21 -> 149.65389 | L21: =F21-(I21-W21) -> 115.55389 | M21: 4 | N21: 0 | O21: 0 | P21: =M21-(N21+O21) -> 4 | Q21: 0 | R21: 0 | S21: =SUM(P21:R21) -> 4 | U21: 0 | V21: 127 | W21: =N21+O21+S21+U21+V21 -> 131 | X21: =IF(L21<0,L21*-1,0) -> 0 | Y21: =W21+X21 -> 131 | Z21: 0 | AA21: 48 | AB21: 10 | AC21: =AC20+1 -> 12
A22: 13 | B22: 6902.69 | C22: 293611 | D22: =C22-C21 -> 38 | E22: =C22-152000 -> 141611 | F22: =D22/$D$2 -> 19.158054 | G22: 143 | H22: 4 | I22: 34.1 | J22: =IF(L22>0,L22,0) -> 117.05805 | K22: =I22+J22 -> 151.15805 | L22: =F22-(I22-W22) -> 117.05805 | M22: 4 | N22: 0 | O22: 0 | P22: =M22-(N22+O22) -> 4 | Q22: 0 | R22: 0 | S22: =SUM(P22:R22) -> 4 | U22: 0 | V22: 128 | W22: =N22+O22+S22+U22+V22 -> 132 | X22: =IF(L22<0,L22*-1,0) -> 0 | Y22: =W22+X22 -> 132 | Z22: 0 | AA22: 46 | AB22: 12 | AC22: =AC21+1 -> 13
A23: =A22+1 -> 14 | B23: 6902.72 | C23: 293724 | D23: =C23-C22 -> 113 | E23: =C23-152000 -> 141724 | F23: =D23/$D$2 -> 56.970003 | G23: 181 | H23: 4 | I23: =G23+H23 -> 185 | J23: =IF(L23>0,L23,0) -> 3.9700025 | K23: =I23+J23 -> 188.97 | L23: =F23-(I23-W23) -> 3.9700025 | M23: 4 | N23: 0 | O23: 0 | P23: =M23-(N23+O23) -> 4 | Q23: 0 | R23: 0 | S23: =SUM(P23:R23) -> 4 | U23: 0 | V23: 128 | W23: =N23+O23+S23+U23+V23 -> 132 | X23: =IF(L23<0,L23*-1,0) -> 0 | Y23: =W23+X23 -> 132 | Z23: 0 | AA23: 32 | AB23: 10 | AC23: =AC22+1 -> 14
A24: =A23+1 -> 15 | B24: 6902.75 | C24: 293799 | D24: =C24-C23 -> 75 | E24: =C24-152000 -> 141799 | F24: =D24/$D$2 -> 37.811949 | G24: 182 | H24: 4 | I24: =G24+H24 -> 186 | J24: =IF(L24>0,L24,0) -> 0 | K24: =I24+J24 -> 186 | L24: =F24-(I24-W24) -> -15.188051 | M24: 4 | N24: 0 | O24: 0 | P24: =M24-(N24+O24) -> 4 | Q24: 0 | R24: 0 | S24: =SUM(P24:R24) -> 4 | U24: 0 | V24: 129 | W24: =N24+O24+S24+U24+V24 -> 133 | X24: =IF(L24<0,L24*-1,0) -> 15.188051 | Y24: =W24+X24 -> 148.18805 | Z24: 0.15 | AA24: 31 | AB24: 11 | AC24: =AC23+1 -> 15
A25: =A24+1 -> 16 | B25: 6902.73 | C25: 293761 | D25: =C25-C24 -> -38 | E25: =C25-152000 -> 141761 | F25: =D25/$D$2 -> -19.158054 | G25: 86 | H25: 5 | I25: =G25+H25 -> 91 | J25: =IF(L25>0,L25,0) -> 22.841946 | K25: =I25+J25 -> 113.84195 | L25: =F25-(I25-W25) -> 22.841946 | M25: 4 | N25: 0 | O25: 0 | P25: =M25-(N25+O25) -> 4 | Q25: 0 | R25: 0 | S25: =SUM(P25:R25) -> 4 | U25: 0 | V25: 129 | W25: =N25+O25+S25+U25+V25 -> 133 | X25: =IF(L25<0,L25*-1,0) -> 0 | Y25: =W25+X25 -> 133 | Z25: 0 | AA25: 22 | AB25: 14 | AC25: =AC24+1 -> 16
A26: =A25+1 -> 17 | B26: 6902.71 | C26: 293686 | D26: =C26-C25 -> -75 | E26: =C26-152000 -> 141686 | F26: =D26/$D$2 -> -37.811949 | G26: 85 | H26: 5 | I26: =G26+H26 -> 90 | J26: =IF(L26>0,L26,0) -> 5.1880514 | K26: =I26+J26 -> 95.188051 | L26: =F26-(I26-W26) -> 5.1880514 | M26: 4 | N26: 0 | O26: 0 | P26: =M26-(N26+O26) -> 4 | Q26: 0 | R26: 0 | S26: =SUM(P26:R26) -> 4 | U26: 0 | V26: 129 | W26: =N26+O26+S26+U26+V26 -> 133 | X26: =IF(L26<0,L26*-1,0) -> 0 | Y26: =W26+X26 -> 133 | Z26: 0 | AA26: 23 | AB26: -4 | AC26: =AC25+1 -> 17
A27: =A26+1 -> 18 | B27: 6902.7 | C27: 293649 | D27: =C27-C26 -> -37 | E27: =C27-152000 -> 141649 | F27: =D27/$D$2 -> -18.653895 | G27: 106 | H27: 5 | I27: =G27+H27 -> 111 | J27: =IF(L27>0,L27,0) -> 3.3461054 | K27: =I27+J27 -> 114.34611 | L27: =F27-(I27-W27) -> 3.3461054 | M27: 4 | N27: 0 | O27: 0 | P27: =M27-(N27+O27) -> 4 | Q27: 0 | R27: 0 | S27: =SUM(P27:R27) -> 4 | U27: 0 | V27: 129 | W27: =N27+O27+S27+U27+V27 -> 133 | X27: =IF(L27<0,L27*-1,0) -> 0 | Y27: =W27+X27 -> 133 | Z27: 0.27 | AA27: 30 | AB27: -6 | AC27: =AC26+1 -> 18
A28: =A27+1 -> 19 | B28: 6902.72 | C28: 293724 | D28: =C28-C27 -> 75 | E28: =C28-152000 -> 141724 | F28: =D28/$D$2 -> 37.811949 | G28: 163 | H28: 4 | I28: =G28+H28 -> 167 | J28: =IF(L28>0,L28,0) -> 3.8119486 | K28: =I28+J28 -> 170.81195 | L28: =F28-(I28-W28) -> 3.8119486 | M28: 4 | N28: 0 | O28: 0 | P28: =M28-(N28+O28) -> 4 | Q28: 0 | R28: 0 | S28: =SUM(P28:R28) -> 4 | U28: 0 | V28: 129 | W28: =N28+O28+S28+U28+V28 -> 133 | X28: =IF(L28<0,L28*-1,0) -> 0 | Y28: =W28+X28 -> 133 | Z28: 0.04 | AA28: 24 | AB28: 11 | AC28: =AC27+1 -> 19
A29: =A28+1 -> 20 | B29: 6902.71 | C29: 293686 | D29: =C29-C28 -> -38 | E29: =C29-152000 -> 141686 | F29: =D29/$D$2 -> -19.158054 | G29: 108 | H29: 3 | I29: =G29+H29 -> 111 | J29: =IF(L29>0,L29,0) -> 4.8419461 | K29: =I29+J29 -> 115.84195 | L29: =F29-(I29-W29) -> 4.8419461 | M29: 5 | N29: 0 | O29: 0 | P29: =M29-(N29+O29) -> 5 | Q29: 0 | R29: 0 | S29: =SUM(P29:R29) -> 5 | U29: 0 | V29: 130 | W29: =N29+O29+S29+U29+V29 -> 135 | X29: =IF(L29<0,L29*-1,0) -> 0 | Y29: =W29+X29 -> 135 | Z29: 0 | AA29: 28 | AB29: 6 | AC29: =AC28+1 -> 20
A30: =A29+1 -> 21 | B30: 6902.69 | C30: 293611 | D30: =C30-C29 -> -75 | E30: =C30-152000 -> 141611 | F30: =D30/$D$2 -> -37.811949 | G30: 90 | H30: 3 | I30: =G30+H30 -> 93 | J30: =IF(L30>0,L30,0) -> 4.1880514 | K30: =I30+J30 -> 97.188051 | L30: =F30-(I30-W30) -> 4.1880514 | M30: 5 | N30: 0 | O30: 0 | P30: =M30-(N30+O30) -> 5 | Q30: 0 | R30: 0 | S30: =SUM(P30:R30) -> 5 | U30: 0 | V30: 130 | W30: =N30+O30+S30+U30+V30 -> 135 | X30: =IF(L30<0,L30*-1,0) -> 0 | Y30: =W30+X30 -> 135 | Z30: 0 | AA30: 38 | AB30: -4 | AC30: =AC29+1 -> 21
A31: =A30+1 -> 22 | B31: 6902.67 | C31: 293536 | D31: =C31-C30 -> -75 | E31: =C31-152000 -> 141536 | F31: =D31/$D$2 -> -37.811949 | G31: 89 | H31: 3 | I31: =G31+H31 -> 92 | J31: =IF(L31>0,L31,0) -> 5.1880514 | K31: =I31+J31 -> 97.188051 | L31: =F31-(I31-W31) -> 5.1880514 | M31: 5 | N31: 0 | O31: 0 | P31: =M31-(N31+O31) -> 5 | Q31: 0 | R31: 0 | S31: =SUM(P31:R31) -> 5 | U31: 0 | V31: 130 | W31: =N31+O31+S31+U31+V31 -> 135 | X31: =IF(L31<0,L31*-1,0) -> 0 | Y31: =W31+X31 -> 135 | Z31: 0 | AA31: 37 | AB31: 0 | AC31: =AC30+1 -> 22
A32: =A31+1 -> 23 | B32: 6902.68 | C32: 293573 | D32: =C32-C31 -> 37 | E32: =C32-152000 -> 141573 | F32: =D32/$D$2 -> 18.653895 | G32: 147 | H32: 2 | I32: =G32+H32 -> 149 | J32: =IF(L32>0,L32,0) -> 4.6538946 | K32: =I32+J32 -> 153.65389 | L32: =F32-(I32-W32) -> 4.6538946 | M32: 5 | N32: 0 | O32: 0 | P32: =M32-(N32+O32) -> 5 | Q32: 0 | R32: 0 | S32: =SUM(P32:R32) -> 5 | U32: 0 | V32: 130 | W32: =N32+O32+S32+U32+V32 -> 135 | X32: =IF(L32<0,L32*-1,0) -> 0 | Y32: =W32+X32 -> 135 | Z32: 0 | AA32: 41 | AB32: 8 | AC32: =AC31+1 -> 23
A33: =A32+1 -> 24 | B33: 6902.69 | C33: 293611 | D33: =C33-C32 -> 38 | E33: =C33-152000 -> 141611 | F33: =D33/$D$2 -> 19.158054 | G33: 148 | H33: 2 | I33: =G33+H33 -> 150 | J33: =IF(L33>0,L33,0) -> 4.1580539 | K33: =I33+J33 -> 154.15805 | L33: =F33-(I33-W33) -> 4.1580539 | M33: 5 | N33: 0 | O33: 0 | P33: =M33-(N33+O33) -> 5 | Q33: 0 | R33: 0 | S33: =SUM(P33:R33) -> 5 | U33: 0 | V33: 130 | W33: =N33+O33+S33+U33+V33 -> 135 | X33: =IF(L33<0,L33*-1,0) -> 0 | Y33: =W33+X33 -> 135 | Z33: 0 | AA33: 47 | AB33: 11 | AC33: =AC32+1 -> 24
A34: =A33+1 -> 25 | B34: 6902.7 | C34: 293649 | D34: =C34-C33 -> 38 | E34: =C34-152000 -> 141649 | F34: =D34/$D$2 -> 19.158054 | G34: 148 | H34: 1 | I34: =G34+H34 -> 149 | J34: =IF(L34>0,L34,0) -> 5.1580539 | K34: =I34+J34 -> 154.15805 | L34: =F34-(I34-W34) -> 5.1580539 | M34: 5 | N34: 0 | O34: 0 | P34: =M34-(N34+O34) -> 5 | Q34: 0 | R34: 0 | S34: =SUM(P34:R34) -> 5 | U34: 0 | V34: 130 | W34: =N34+O34+S34+U34+V34 -> 135 | X34: =IF(L34<0,L34*-1,0) -> 0 | Y34: =W34+X34 -> 135 | Z34: 0 | AA34: 49 | AB34: 17 | AC34: =AC33+1 -> 25
... A38: =A37+1 -> 29 | B38: 6902.71 | C38: 293686 | D38: =C38-C37 -> 37 | E38: =C38-152000 -> 141686 | F38: =D38/$D$2 -> 18.653895 | G38: 147 | H38: 1 | I38: =G38+H38 -> 148 | J38: =IF(L38>0,L38,0) -> 5.6538946 | K38: =I38+J38 -> 153.65389 | L38: =F38-(I38-W38) -> 5.6538946 | M38: 5 | N38: 0 | O38: 0 | P38: =M38-(N38+O38) -> 5 | Q38: 0 | R38: 0 | S38: =SUM(P38:R38) -> 5 | U38: 0 | V38: 130 | W38: =N38+O38+S38+U38+V38 -> 135 | X38: =IF(L38<0,L38*-1,0) -> 0 | Y38: =W38+X38 -> 135 | Z38: 0 | AA38: 44 | AB38: 22 | AC38: =AC37+1 -> 29
A39: 30 | B39: 6902.7 | C39: 293649 | D39: =C39-C38 -> -37 | E39: =C39-152000 -> 141649 | F39: =D39/$D$2 -> -18.653895 | G39: 110 | H39: 1 | I39: =G39+H39 -> 111 | J39: =IF(L39>0,L39,0) -> 5.3461054 | K39: =I39+J39 -> 116.34611 | L39: =F39-(I39-W39) -> 5.3461054 | M39: 5 | N39: 0 | O39: 0 | P39: =M39-(N39+O39) -> 5 | Q39: 0 | R39: 0 | S39: =SUM(P39:R39) -> 5 | U39: 0 | V39: 130 | W39: =N39+O39+S39+U39+V39 -> 135 | X39: =IF(L39<0,L39*-1,0) -> 0 | Y39: =W39+X39 -> 135 | Z39: 0 | AA39: 47 | AB39: 22 | AC39: 30
A40: 31 | B40: 6902.68 | C40: 293573 | D40: =C40-C39 -> -76 | E40: =C40-152000 -> 141573 | F40: =D40/$D$2 -> -38.316108 | G40: 100 | H40: 1 | I40: =G40+H40 -> 101 | J40: =IF(L40>0,L40,0) -> 15.683892 | K40: =I40+J40 -> 116.68389 | L40: =F40-(I40-W40) -> 15.683892 | M40: 15 | N40: 0 | O40: 0 | P40: =M40-(N40+O40) -> 15 | Q40: 0 | R40: 0 | S40: =SUM(P40:R40) -> 15 | U40: 0 | V40: 140 | W40: =N40+O40+S40+U40+V40 -> 155 | X40: =IF(L40<0,L40*-1,0) -> 0 | Y40: =W40+X40 -> 155 | Z40: 0 | AA40: 42 | AB40: 30 | AC40: 31
AA41: 39
A42: MONTH / CFS | F42: =SUM(F10:F40) -> 94.781951 | G42: =SUM(G10:G40) -> 3964 | H42: =SUM(H10:H40) -> 122 | I42: =SUM(I10:I40) -> 3544.9 | J42: =SUM(J10:J40) -> 705.07 | K42: =SUM(K10:K40) -> 4249.97 | L42: =SUM(L10:L40) -> 689.88195 | M42: =SUM(M10:M40) -> 146 | ... S42: =SUM(S10:S40) -> 146 | U42: =SUM(U10:U40) -> 0 | V42: =SUM(V10:V40) -> 3994 | W42: =SUM(W10:W40) -> 4140 | X42: =SUM(X10:X40) -> 15.188051 | Y42: =SUM(Y10:Y40) -> 4155.1881 | Z42: =SUM(Z10:Z40) -> 1.08 | AA42: =AVERAGE(AA10:AA40) -> 38.258065 | AB42: =AVERAGE(AB10:AB40) -> 13.032258 | AC42: AVE
A43: MONTH / AF | D43: =SUM(D10:D40) -> 188 | F43: =F42*$D$2 -> 188 | G43: =G42*$D$2 -> 7862.594 | H43: =H42*$D$2 -> 241.987 | I43: =I42*$D$2 -> 7031.3092 | J43: =J42*$D$2 -> 1398.5064 | K43: =K42*$D$2 -> 8429.8155 | L43: =L42*$D$2 -> 1368.3809 | M43: =M42*$D$2 -> 289.591 | ... S43: =S42*$D$2 -> 289.591 | U43: =U42*$D$2 -> 0 | V43: =V42*$D$2 -> 7922.099 | W43: =W42*$D$2 -> 8211.69 | X43: =X42*$D$2 -> 30.1255 | Y43: =Y42*$D$2 -> 8241.8155 | AA43: =MAX(AA10:AA40) -> 55 | AB43: =MAX(AB10:AB40) -> 34 | AC43: HI
A45: SEASON / CFS | AA45: =MIN(AA10:AA40) -> 22 | AB45: =MIN(AB10:AB40) -> -6 | AC45: LO
A46: SEASON / AF
A48: YTD / CFS | F48: =F8+F42 -> 1704.0585 | G48: =G8+G42 -> 20048 | H48: =H8+H42 -> 1913 | I48: =I8+I42 -> 21419.9 | J48: =J8+J42 -> 3890.8499 | K48: =K8+K42 -> 25310.75 | L48: =L8+L42 -> 2879.1585 | M48: =M8+M42 -> 1180 | ... S48: =S8+S42 -> 2245 | U48: =U8+U42 -> 1 | V48: =V8+V42 -> 20349 | W48: =W8+W42 -> 22595 | X48: =X8+X42 -> 1011.6915 | Y48: =Y8+Y42 -> 23606.691 | Z48: =Z8+Z42 -> 3.71
A49: YTD / AF | D49: =D8+D43 -> 3380 | E49: =E40 -> 141573 | F49: =F48*$D$2 -> 3380 | G49: =G48*$D$2 -> 39765.208 | H49: =H48*$D$2 -> 3794.4355 | I49: =I48*$D$2 -> 42486.372 | J49: =J48*$D$2 -> 7717.5009 | K49: =K48*$D$2 -> 50203.872 | L49: =L48*$D$2 -> 5710.8108 | M49: =M48*$D$2 -> 2340.53 | ... Y49: =Y48*$D$2 -> 46823.872

Sheet FEB
K1: MC PHEE RESERVOIR IN/OUT FLOW TABULATION
A2: AF/cfs CONVERT FACTOR | D2: 1.9835 | K2: FEBRUARY "1887"
A4: DATE | B4: RESERV | C4: RESERV | D4: AC FT | E4: ACTIVE | F4: CONV TO | G4: DOLORES | H4: LOST | I4: RECORDED | J4: CALC | K4: TOTAL | L4: CALC | M4: TUNNEL | Q4: LONE | R4: U | S4: TOTAL | T4: MVI | U4: DV CR | V4: BELOW | W4: RECORDED | X4: CALC | Y4: TOTAL | Z4: RAIN | AA4: MAX | AB4: MIN | AC4: DATE
A5: FEB | B5: ELEV | C5: AC FT | D5: CHANGE | E5: CAP | F5: CFS | G5: RIVER | H5: CANYON | I5: INFLOW | J5: INFLOW | K5: INFLOW | L5: INF/OTF | M5: TOT DIV | N5: WETLAND | O5: UTE F&R | P5: MVI,CTZ | Q5: PINE | R5: LAT | S5: MVI | T5: CALL | U5: CANAL | V5: MC PHEE | W5: OUTFLOW | X5: OUTFLOW | Y5: OUTFLOW | AA5: TMP | AB5: TMP | AC5: FEB
A7: SEASON BAL
A8: YTD | B8: =JAN!B40 -> 6902.68 | C8: =JAN!C40 -> 293573 | D8: =JAN!$D$49 -> 3380 | E8: =JAN!$E$40 -> 141573 | F8: =JAN!F48 -> 1704.0585 | G8: =JAN!G48 -> 20048 | H8: =JAN!H48 -> 1913 | I8: =JAN!I48 -> 21419.9 | J8: =JAN!J48 -> 3890.8499 | K8: =JAN!K48 -> 25310.75 | L8: =JAN!L48 -> 2879.1585 | M8: =JAN!M48 -> 1180 | ... Z8: =JAN!Z48 -> 3.71
A10: 1 | B10: 6902.66 | C10: 293498 | D10: =C10-C8 -> -75 | E10: =C10-152000 -> 141498 | F10: =D10/$D$2 -> -37.811949 | G10: 107 | H10: 0 | I10: =G10+H10 -> 107 | J10: =IF(L10>0,L10,0) -> 0.18805142 | K10: =I10+J10 -> 107.18805 | L10: =F10-(I10-W10) -> 0.18805142 | M10: 20 | N10: 0 | O10: 0 | P10: =M10-(N10+O10) -> 20 | Q10: 0 | R10: 0 | S10: =SUM(P10:R10) -> 20 | U10: 0 | V10: 125 | W10: =N10+O10+S10+U10+V10 -> 145 | X10: =IF(L10<0,L10*-1,0) -> 0 | Y10: =W10+X10 -> 145 | Z10: 0 | AA10: 53 | AB10: 22 | AC10: 1
A11: =A10+1 -> 2 | B11: 6902.65 | C11: 293460 | D11: =C11-C10 -> -38 | E11: =C11-152000 -> 141460 | F11: =D11/$D$2 -> -19.158054 | G11: 126 | H11: 0 | I11: =G11+H11 -> 126 | J11: =IF(L11>0,L11,0) -> 0 | K11: =I11+J11 -> 126 | L11: =F11-(I11-W11) -> -0.15805395 | M11: 20 | N11: 0 | O11: 0 | P11: =M11-(N11+O11) -> 20 | Q11: 0 | R11: 0 | S11: =SUM(P11:R11) -> 20 | U11: 0 | V11: 125 | W11: =N11+O11+S11+U11+V11 -> 145 | X11: =IF(L11<0,L11*-1,0) -> 0.15805395 | Y11: =W11+X11 -> 145.15805 | Z11: 0 | AA11: 53 | AB11: 26 | AC11: =AC10+1 -> 2
A12: =A11+1 -> 3 | B12: 6902.64 | C12: 293423 | D12: =C12-C11 -> -37 | E12: =C12-152000 -> 141423 | F12: =D12/$D$2 -> -18.653895 | G12: 124 | H12: 0 | I12: =G12+H12 -> 124 | J12: =IF(L12>0,L12,0) -> 0.34610537 | K12: =I12+J12 -> 124.34611 | L12: =F12-(I12-W12) -> 0.34610537 | M12: 20 | N12: 0 | O12: 0 | P12: =M12-(N12+O12) -> 20 | Q12: 0 | R12: 0 | S12: =SUM(P12:R12) -> 20 | U12: 0 | V12: 123 | W12: =N12+O12+S12+U12+V12 -> 143 | X12: =IF(L12<0,L12*-1,0) -> 0 | Y12: =W12+X12 -> 143 | Z12: 0 | AA12: 52 | AB12: 25 | AC12: =AC11+1 -> 3
A13: =A12+1 -> 4 | B13: 6902.62 | C13: 293347 | D13: =C13-C12 -> -76 | E13: =C13-152000 -> 141347 | F13: =D13/$D$2 -> -38.316108 | G13: 117 | H13: 0 | I13: =G13+H13 -> 117 | J13: =IF(L13>0,L13,0) -> 0 | K13: =I13+J13 -> 117 | L13: =F13-(I13-W13) -> -0.31610789 | M13: 30 | N13: 0 | O13: 0 | P13: =M13-(N13+O13) -> 30 | Q13: 0 | R13: 0 | S13: =SUM(P13:R13) -> 30 | U13: 0 | V13: 125 | W13: =N13+O13+S13+U13+V13 -> 155 | X13: =IF(L13<0,L13*-1,0) -> 0.31610789 | Y13: =W13+X13 -> 155.31611 | Z13: 0 | AA13: 46 | AB13: 30 | AC13: =AC12+1 -> 4
A14: =A13+1 -> 5 | B14: 6902.61 | C14: 293310 | D14: =C14-C13 -> -37 | E14: =C14-152000 -> 141310 | F14: =D14/$D$2 -> -18.653895 | G14: 118 | H14: 0 | I14: =G14+H14 -> 118 | J14: =IF(L14>0,L14,0) -> 0.34610537 | K14: =I14+J14 -> 118.34611 | L14: =F14-(I14-W14) -> 0.34610537 | M14: 12 | N14: 0 | O14: 0 | P14: =M14-(N14+O14) -> 12 | Q14: 0 | R14: 0 | S14: =SUM(P14:R14) -> 12 | U14: 0 | V14: 125 | W14: =N14+O14+S14+U14+V14 -> 137 | X14: =IF(L14<0,L14*-1,0) -> 0 | Y14: =W14+X14 -> 137 | Z14: 0 | AA14: 57 | AB14: 22 | AC14: =AC13+1 -> 5
A15: =A14+1 -> 6 | B15: 6902.61 | C15: 293310 | D15: =C15-C14 -> 0 | E15: =C15-152000 -> 141310 | F15: =D15/$D$2 -> 0 | G15: 128 | H15: 0 | I15: =G15+H15 -> 128 | J15: =IF(L15>0,L15,0) -> 1 | K15: =I15+J15 -> 129 | L15: =F15-(I15-W15) -> 1 | M15: 4 | N15: 0 | O15: 0 | P15: =M15-(N15+O15) -> 4 | Q15: 0 | R15: 0 | S15: =SUM(P15:R15) -> 4 | U15: 0 | V15: 125 | W15: =N15+O15+S15+U15+V15 -> 129 | X15: =IF(L15<0,L15*-1,0) -> 0 | Y15: =W15+X15 -> 129 | Z15: 0 | AA15: 50 | AB15: 24 | AC15: =AC14+1 -> 6
A16: =A15+1 -> 7 | B16: 6902.61 | C16: 293310 | D16: =C16-C15 -> 0 | E16: =C16-152000 -> 141310 | F16: =D16/$D$2 -> 0 | G16: 128 | H16: 0 | I16: =G16+H16 -> 128 | J16: =IF(L16>0,L16,0) -> 0 | K16: =I16+J16 -> 128 | L16: =F16-(I16-W16) -> 0 | M16: 4 | N16: 0 | O16: 0 | P16: =M16-(N16+O16) -> 4 | Q16: 0 | R16: 0 | S16: =SUM(P16:R16) -> 4 | U16: 0 | V16: 124 | W16: =N16+O16+S16+U16+V16 -> 128 | X16: =IF(L16<0,L16*-1,0) -> 0 | Y16: =W16+X16 -> 128 | Z16: 0 | AA16: 52 | AB16: 20 | AC16: =AC15+1 -> 7
A17: =A16+1 -> 8 | B17: 6902.62 | C17: 293347 | D17: =C17-C16 -> 37 | E17: =C17-152000 -> 141347 | F17: =D17/$D$2 -> 18.653895 | G17: 147 | H17: 0 | I17: =G17+H17 -> 147 | J17: =IF(L17>0,L17,0) -> 0 | K17: =I17+J17 -> 147 | L17: =F17-(I17-W17) -> -0.34610537 | M17: 4 | N17: 0 | O17: 0 | P17: =M17-(N17+O17) -> 4 | Q17: 0 | R17: 0 | S17: =SUM(P17:R17) -> 4 | U17: 0 | V17: 124 | W17: =N17+O17+S17+U17+V17 -> 128 | X17: =IF(L17<0,L17*-1,0) -> 0.34610537 | Y17: =W17+X17 -> 128.34611 | Z17: 0 | AA17: 54 | AB17: 22 | AC17: =AC16+1 -> 8
A18: =A17+1 -> 9 | B18: 6902.64 | C18: 293423 | D18: =C18-C17 -> 76 | E18: =C18-152000 -> 141423 | F18: =D18/$D$2 -> 38.316108 | G18: 146 | H18: 0 | I18: =G18+H18 -> 146 | J18: =IF(L18>0,L18,0) -> 0.31610789 | K18: =I18+J18 -> 146.31611 | L18: =F18-(I18-W18) -> 0.31610789 | M18: 4 | N18: 0 | O18: 0 | P18: =M18-(N18+O18) -> 4 | Q18: 0 | R18: 0 | S18: =SUM(P18:R18) -> 4 | U18: 0 | V18: 104 | W18: =N18+O18+S18+U18+V18 -> 108 | X18: =IF(L18<0,L18*-1,0) -> 0 | Y18: =W18+X18 -> 108 | Z18: 0 | AA18: 51 | AB18: 24 | AC18: =AC17+1 -> 9
A19: =A18+1 -> 10 | B19: 6902.72 | C19: 293724 | D19: =C19-C18 -> 301 | E19: =C19-152000 -> 141724 | F19: =D19/$D$2 -> 151.75195 | G19: 229 | H19: 0 | I19: =G19+H19 -> 229 | J19: =IF(L19>0,L19,0) -> 0.75195362 | K19: =I19+J19 -> 229.75195 | L19: =F19-(I19-W19) -> 0.75195362 | M19: 4 | N19: 0 | O19: 0 | P19: =M19-(N19+O19) -> 4 | Q19: 0 | R19: 0 | S19: =SUM(P19:R19) -> 4 | U19: 0 | V19: 74 | W19: =N19+O19+S19+U19+V19 -> 78 | X19: =IF(L19<0,L19*-1,0) -> 0 | Y19: =W19+X19 -> 78 | Z19: 0 | AA19: 42 | AB19: 20 | AC19: =AC18+1 -> 10
A20: =A19+1 -> 11 | B20: 6902.74 | C20: 293799 | D20: =C20-C19 -> 75 | E20: =C20-152000 -> 141799 | F20: =D20/$D$2 -> 37.811949 | G20: 113 | H20: 0 | I20: =G20+H20 -> 113 | J20: =IF(L20>0,L20,0) -> 0 | K20: =I20+J20 -> 113 | L20: =F20-(I20-W20) -> -0.18805142 | M20: 4 | N20: 0 | O20: 0 | P20: =M20-(N20+O20) -> 4 | Q20: 0 | R20: 0 | S20: =SUM(P20:R20) -> 4 | U20: 0 | V20: 71 | W20: =N20+O20+S20+U20+V20 -> 75 | X20: =IF(L20<0,L20*-1,0) -> 0.18805142 | Y20: =W20+X20 -> 75.188051 | Z20: 0 | AA20: 48 | AB20: 26 | AC20: =AC19+1 -> 11
A21: =A20+1 -> 12 | B21: 6902.79 | C21: 293987 | D21: =C21-C20 -> 188 | E21: =C21-152000 -> 141987 | F21: =D21/$D$2 -> 94.781951 | G21: 174 | H21: 0 | I21: =G21+H21 -> 174 | J21: =IF(L21>0,L21,0) -> 0.7819511 | K21: =I21+J21 -> 174.78195 | L21: =F21-(I21-W21) -> 0.7819511 | M21: 4 | N21: 0 | O21: 0 | P21: =M21-(N21+O21) -> 4 | Q21: 0 | R21: 0 | S21: =SUM(P21:R21) -> 4 | U21: 0 | V21: 76 | W21: =N21+O21+S21+U21+V21 -> 80 | X21: =IF(L21<0,L21*-1,0) -> 0 | Y21: =W21+X21 -> 80 | Z21: 0 | AA21: 49 | AB21: 28 | AC21: =AC20+1 -> 12
A22: =A21+1 -> 13 | B22: 6902.84 | C22: 294175 | D22: =C22-C21 -> 188 | E22: =C22-152000 -> 142175 | F22: =D22/$D$2 -> 94.781951 | G22: 198 | H22: 0 | I22: =G22+H22 -> 198 | J22: =IF(L22>0,L22,0) -> 0 | K22: =I22+J22 -> 198 | L22: =F22-(I22-W22) -> -0.2180489 | M22: 4 | N22: 0 | O22: 0 | P22: =M22-(N22+O22) -> 4 | Q22: 0 | R22: 0 | S22: =SUM(P22:R22) -> 4 | U22: 0 | V22: 99 | W22: =N22+O22+S22+U22+V22 -> 103 | X22: =IF(L22<0,L22*-1,0) -> 0.2180489 | Y22: =W22+X22 -> 103.21805 | Z22: 0 | AA22: 48 | AB22: 30 | AC22: =AC21+1 -> 13
... A36: =A35+1 -> 27 | B36: 6902.74 | C36: 293799 | D36: =C36-C35 -> -151 | E36: =C36-152000 -> 141799 | F36: =D36/$D$2 -> -76.128056 | G36: 93 | H36: 0 | I36: =G36+H36 -> 93 | J36: =IF(L36>0,L36,0) -> 0 | K36: =I36+J36 -> 93 | L36: =F36-(I36-W36) -> -0.12805647 | M36: 5 | N36: 0 | O36: 0 | P36: =M36-(N36+O36) -> 5 | Q36: 0 | R36: 0 | S36: =SUM(P36:R36) -> 5 | U36: 0 | V36: 164 | W36: =N36+O36+S36+U36+V36 -> 169 | X36: =IF(L36<0,L36*-1,0) -> 0.12805647 | Y36: =W36+X36 -> 169.12806 | Z36: 0 | AA36: 29 | AB36: 7 | AC36: =AC35+1 -> 27
A37: 28 | B37: 6902.7 | C37: 293649 | D37: =C37-C36 -> -150 | E37: =C37-152000 -> 141649 | F37: =D37/$D$2 -> -75.623897 | G37: 92 | H37: 0 | I37: =G37+H37 -> 92 | J37: =IF(L37>0,L37,0) -> 0.37610285 | K37: =I37+J37 -> 92.376103 | L37: =F37-(I37-W37) -> 0.37610285 | M37: 5 | N37: 0 | O37: 0 | P37: =M37-(N37+O37) -> 5 | Q37: 0 | R37: 0 | S37: =SUM(P37:R37) -> 5 | U37: 0 | V37: 163 | W37: =N37+O37+S37+U37+V37 -> 168 | X37: =IF(L37<0,L37*-1,0) -> 0 | Y37: =W37+X37 -> 168 | Z37: 0 | AA37: 37 | AB37: 5 | AC37: 28
A39: MONTH / CFS | F39: =SUM(F10:F37) -> 38.316108 | G39: =SUM(G10:G37) -> 4079 | H39: =SUM(H10:H37) -> 0 | I39: =SUM(I10:I37) -> 4079 | J39: =SUM(J10:J37) -> 10.234686 | K39: =SUM(K10:K37) -> 4089.2347 | L39: =SUM(L10:L37) -> 8.3161079 | M39: =SUM(M10:M37) -> 199 | ... S39: =SUM(S10:S37) -> 199 | U39: =SUM(U10:U37) -> 0 | V39: =SUM(V10:V37) -> 3850 | W39: =SUM(W10:W37) -> 4049 | X39: =SUM(X10:X37) -> 1.9185783 | Y39: =SUM(Y10:Y37) -> 4050.9186 | Z39: =SUM(Z10:Z37) -> 1.82 | AA39: =AVERAGE(AA10:AA37) -> 42.714286 | AB39: =AVERAGE(AB10:AB37) -> 21.035714 | AC39: AVE
A40: MONTH / AF | D40: =SUM(D10:D37) -> 76 | F40: =F39*$D$2 -> 76 | G40: =G39*$D$2 -> 8090.6965 | H40: =H39*$D$2 -> 0 | I40: =I39*$D$2 -> 8090.6965 | J40: =J39*$D$2 -> 20.3005 | K40: =K39*$D$2 -> 8110.997 | L40: =L39*$D$2 -> 16.495 | M40: =M39*$D$2 -> 394.7165 | ... S40: =S39*$D$2 -> 394.7165 | U40: =U39*$D$2 -> 0 | V40: =V39*$D$2 -> 7636.475 | W40: =W39*$D$2 -> 8031.1915 | X40: =X39*$D$2 -> 3.8055 | Y40: =Y39*$D$2 -> 8034.997 | AA40: =MAX(AA10:AA37) -> 57 | AB40: =MAX(AB10:AB37) -> 30 | AC40: HI
A42: SEASON / CFS | AA42: =MIN(AA10:AA37) -> 29 | AB42: =MIN(AB10:AB37) -> 5 | AC42: LO
A43: SEASON / AF
A45: YTD / CFS | F45: =F8+F39 -> 1742.3746 | G45: =G8+G39 -> 24127 | H45: =H8+H39 -> 1913 | I45: =I8+I39 -> 25498.9 | J45: =J8+J39 -> 3901.0846 | K45: =K8+K39 -> 29399.985 | L45: =L8+L39 -> 2887.4746 | M45: =M8+M39 -> 1379 | ... S45: =S8+S39 -> 2444 | U45: =U8+U39 -> 1 | V45: =V8+V39 -> 24199 | W45: =W8+W39 -> 26644 | X45: =X8+X39 -> 1013.61 | Y45: =Y8+Y39 -> 27657.61 | Z45: =Z8+Z39 -> 5.53
A46: YTD / AF | D46: =D8+D40 -> 3456 | E46: =E37 -> 141649 | F46: =F45*$D$2 -> 3456 | G46: =G45*$D$2 -> 47855.904 | H46: =H45*$D$2 -> 3794.4355 | I46: =I45*$D$2 -> 50577.068 | J46: =J45*$D$2 -> 7737.8013 | K46: =K45*$D$2 -> 58314.87 | L46: =L45*$D$2 -> 5727.3058 | M46: =M45*$D$2 -> 2735.2465 | ... Y46: =Y45*$D$2 -> 54858.87

Sheet MAR
K1: MC PHEE RESERVOIR IN/OUT FLOW TABULATION
A2: AF/cfs CONVERT FACTOR | D2: 1.9835 | K2: MARCH "1887"
A4: DATE | B4: RESERV | C4: RESERV | D4: AC FT | E4: ACTIVE | F4: CONV TO | G4: DOLORES | H4: LOST | I4: RECORDED | J4: CALC | K4: TOTAL | L4: CALC | M4: TUNNEL | Q4: LONE | R4: U | S4: TOTAL | T4: MVI | U4: DV CR | V4: BELOW | W4: RECORDED | X4: CALC | Y4: TOTAL | Z4: RAIN | AA4: MAX | AB4: MIN | AC4: DATE
A5: MAR | B5: ELEV | C5: AC FT | D5: CHANGE | E5: CAP | F5: CFS | G5: RIVER | H5: CANYON | I5: INFLOW | J5: INFLOW | K5: INFLOW | L5: INF/OTF | M5: TOT DIV | N5: WETLAND | O5: UTE F&R | P5: MVI,CTZ | Q5: PINE | R5: LAT | S5: MVI | T5: CALL | U5: CANAL | V5: MC PHEE | W5: OUTFLOW | X5: OUTFLOW | Y5: OUTFLOW | AA5: TMP | AB5: TMP | AC5: MAR
A7: SEASON BAL
A8: YTD | B8: =FEB!B37 -> 6902.7 | C8: =FEB!C37 -> 293649 | D8: =FEB!$D$46 -> 3456 | E8: =FEB!$E$37 -> 141649 | F8: =FEB!F45 -> 1742.3746 | G8: =FEB!G45 -> 24127 | H8: =FEB!H45 -> 1913 | I8: =FEB!I45 -> 25498.9 | J8: =FEB!J45 -> 3901.0846 | K8: =FEB!K45 -> 29399.985 | L8: =FEB!L45 -> 2887.4746 | M8: =FEB!M45 -> 1379 | ... Z8: =FEB!Z45 -> 5.53
A10: 1 | B10: 6902.66 | C10: 293498 | D10: =C10-C8 -> -151 | E10: =C10-152000 -> 141498 | F10: =D10/$D$2 -> -76.128056 | G10: 88 | H10: 5 | I10: =G10+H10 -> 93 | J10: =IF(L10>0,L10,0) -> 0 | K10: =I10+J10 -> 93 | L10: =F10-(I10-W10) -> -0.12805647 | M10: 5 | N10: 0 | O10: 0 | P10: =M10-(N10+O10) -> 5 | Q10: 0 | R10: 0 | S10: =SUM(P10:R10) -> 5 | U10: 0 | V10: 164 | W10: =N10+O10+S10+U10+V10 -> 169 | X10: =IF(L10<0,L10*-1,0) -> 0.12805647 | Y10: =W10+X10 -> 169.12806 | Z10: 0 | AA10: 40 | AB10: 7 | AC10: 1
A11: =A10+1 -> 2 | B11: 6902.66 | C11: 293498 | D11: =C11-C10 -> 0 | E11: =C11-152000 -> 141498 | F11: =D11/$D$2 -> 0 | G11: 144 | H11: 6 | I11: =G11+H11 -> 150 | J11: =IF(L11>0,L11,0) -> 1 | K11: =I11+J11 -> 151 | L11: =F11-(I11-W11) -> 1 | M11: 5 | N11: 0 | O11: 0 | P11: =M11-(N11+O11) -> 5 | Q11: 0 | R11: 0 | S11: =SUM(P11:R11) -> 5 | U11: 0 | V11: 146 | W11: =N11+O11+S11+U11+V11 -> 151 | X11: =IF(L11<0,L11*-1,0) -> 0 | Y11: =W11+X11 -> 151 | Z11: 0 | AA11: 41 | AB11: 18 | AC11: =AC10+1 -> 2
A12: =A11+1 -> 3 | B12: 6902.69 | C12: 293611 | D12: =C12-C11 -> 113 | E12: =C12-152000 -> 141611 | F12: =D12/$D$2 -> 56.970003 | G12: 169 | H12: 18 | I12: =G12+H12 -> 187 | J12: =IF(L12>0,L12,0) -> 0 | K12: =I12+J12 -> 187 | L12: =F12-(I12-W12) -> -0.029997479 | M12: 5 | N12: 0 | O12: 0 | P12: =M12-(N12+O12) -> 5 | Q12: 0 | R12: 0 | S12: =SUM(P12:R12) -> 5 | U12: 0 | V12: 125 | W12: =N12+O12+S12+U12+V12 -> 130 | X12: =IF(L12<0,L12*-1,0) -> 0.029997479 | Y12: =W12+X12 -> 130.03 | Z12: 0 | AA12: 44 | AB12: 19 | AC12: =AC11+1 -> 3
A13: =A12+1 -> 4 | B13: 6902.71 | C13: 293686 | D13: =C13-C12 -> 75 | E13: =C13-152000 -> 141686 | F13: =D13/$D$2 -> 37.811949 | G13: 135 | H13: 34 | I13: =G13+H13 -> 169 | J13: =IF(L13>0,L13,0) -> 0 | K13: =I13+J13 -> 169 | L13: =F13-(I13-W13) -> -0.18805142 | M13: 5 | N13: 0 | O13: 0 | P13: =M13-(N13+O13) -> 5 | Q13: 0 | R13: 0 | S13: =SUM(P13:R13) -> 5 | U13: 0 | V13: 126 | W13: =N13+O13+S13+U13+V13 -> 131 | X13: =IF(L13<0,L13*-1,0) -> 0.18805142 | Y13: =W13+X13 -> 131.18805 | Z13: 0 | AA13: 56 | AB13: 22 | AC13: =AC12+1 -> 4
A14: =A13+1 -> 5 | B14: 6902.74 | C14: 293799 | D14: =C14-C13 -> 113 | E14: =C14-152000 -> 141799 | F14: =D14/$D$2 -> 56.970003 | G14: 140 | H14: 48 | I14: =G14+H14 -> 188 | J14: =IF(L14>0,L14,0) -> 0 | K14: =I14+J14 -> 188 | L14: =F14-(I14-W14) -> -0.029997479 | M14: 5 | N14: 0 | O14: 0 | P14: =M14-(N14+O14) -> 5 | Q14: 0 | R14: 0 | S14: =SUM(P14:R14) -> 5 | U14: 0 | V14: 126 | W14: =N14+O14+S14+U14+V14 -> 131 | X14: =IF(L14<0,L14*-1,0) -> 0.029997479 | Y14: =W14+X14 -> 131.03 | Z14: 0 | AA14: 60 | AB14: 26 | AC14: =AC13+1 -> 5
A15: =A14+1 -> 6 | B15: 6902.83 | C15: 294138 | D15: =C15-C14 -> 339 | E15: =C15-152000 -> 142138 | F15: =D15/$D$2 -> 170.91001 | G15: 273 | H15: 61 | I15: =G15+H15 -> 334 | J15: =IF(L15>0,L15,0) -> 0 | K15: =I15+J15 -> 334 | L15: =F15-(I15-W15) -> -0.089992438 | M15: 5 | N15: 0 | O15: 0 | P15: =M15-(N15+O15) -> 5 | Q15: 0 | R15: 0 | S15: =SUM(P15:R15) -> 5 | U15: 0 | V15: 158 | W15: =N15+O15+S15+U15+V15 -> 163 | X15: =IF(L15<0,L15*-1,0) -> 0.089992438 | Y15: =W15+X15 -> 163.08999 | Z15: 0 | AA15: 60 | AB15: 24 | AC15: =AC14+1 -> 6
A16: =A15+1 -> 7 | B16: 6902.95 | C16: 294589 | D16: =C16-C15 -> 451 | E16: =C16-152000 -> 142589 | F16: =D16/$D$2 -> 227.37585 | G16: 218 | H16: 80 | I16: =G16+H16 -> 298 | J16: =IF(L16>0,L16,0) -> 131.37585 | K16: =I16+J16 -> 429.37585 | L16: =F16-(I16-W16) -> 131.37585 | M16: 5 | N16: 0 | O16: 0 | P16: =M16-(N16+O16) -> 5 | Q16: 0 | R16: 0 | S16: =SUM(P16:R16) -> 5 | U16: 0 | V16: 197 | W16: =N16+O16+S16+U16+V16 -> 202 | X16: =IF(L16<0,L16*-1,0) -> 0 | Y16: =W16+X16 -> 202 | Z16: 0 | AA16: 58 | AB16: 27 | AC16: =AC15+1 -> 7
A17: =A16+1 -> 8 | B17: 6902.99 | C17: 294740 | D17: =C17-C16 -> 151 | E17: =C17-152000 -> 142740 | F17: =D17/$D$2 -> 76.128056 | G17: 239 | H17: 55 | I17: =G17+H17 -> 294 | J17: =IF(L17>0,L17,0) -> 98.128056 | K17: =I17+J17 -> 392.12806 | L17: =F17-(I17-W17) -> 98.128056 | M17: 5 | N17: 0 | O17: 0 | P17: =M17-(N17+O17) -> 5 | Q17: 0 | R17: 0 | S17: =SUM(P17:R17) -> 5 | U17: 0 | V17: 311 | W17: =N17+O17+S17+U17+V17 -> 316 | X17: =IF(L17<0,L17*-1,0) -> 0 | Y17: =W17+X17 -> 316 | Z17: 0.7 | AA17: 41 | AB17: 33 | AC17: =AC16+1 -> 8
A18: =A17+1 -> 9 | B18: 6902.94 | C18: 294552 | D18: =C18-C17 -> -188 | E18: =C18-152000 -> 142552 | F18: =D18/$D$2 -> -94.781951 | G18: 221 | H18: 50 | I18: =G18+H18 -> 271 | J18: =IF(L18>0,L18,0) -> 105.21805 | K18: =I18+J18 -> 376.21805 | L18: =F18-(I18-W18) -> 105.21805 | M18: 5 | N18: 0 | O18: 0 | P18: =M18-(N18+O18) -> 5 | Q18: 0 | R18: 0 | S18: =SUM(P18:R18) -> 5 | U18: 0 | V18: 466 | W18: =N18+O18+S18+U18+V18 -> 471 | X18: =IF(L18<0,L18*-1,0) -> 0 | Y18: =W18+X18 -> 471 | Z18: 0.15 | AA18: 40 | AB18: 30 | AC18: =AC17+1 -> 9
A19: =A18+1 -> 10 | B19: 6902.84 | C19: 294175 | D19: =C19-C18 -> -377 | E19: =C19-152000 -> 142175 | F19: =D19/$D$2 -> -190.06806 | G19: 218 | H19: 67 | I19: =G19+H19 -> 285 | J19: =IF(L19>0,L19,0) -> 129.93194 | K19: =I19+J19 -> 414.93194 | L19: =F19-(I19-W19) -> 129.93194 | M19: 5 | N19: 0 | O19: 0 | P19: =M19-(N19+O19) -> 5 | Q19: 0 | R19: 0 | S19: =SUM(P19:R19) -> 5 | U19: 0 | V19: 600 | W19: =N19+O19+S19+U19+V19 -> 605 | X19: =IF(L19<0,L19*-1,0) -> 0 | Y19: =W19+X19 -> 605 | Z19: 0 | AA19: 50 | AB19: 24 | AC19: =AC18+1 -> 10
A20: =A19+1 -> 11 | B20: 6902.83 | C20: 294138 | D20: =C20-C19 -> -37 | E20: =C20-152000 -> 142138 | F20: =D20/$D$2 -> -18.653895 | G20: 213 | H20: 74 | I20: =G20+H20 -> 287 | J20: =IF(L20>0,L20,0) -> 200.34611 | K20: =I20+J20 -> 487.34611 | L20: =F20-(I20-W20) -> 200.34611 | M20: 5 | N20: 0 | O20: 0 | P20: =M20-(N20+O20) -> 5 | Q20: 0 | R20: 0 | S20: =SUM(P20:R20) -> 5 | U20: 0 | V20: 501 | W20: =N20+O20+S20+U20+V20 -> 506 | X20: =IF(L20<0,L20*-1,0) -> 0 | Y20: =W20+X20 -> 506 | Z20: 0 | AA20: 50 | AB20: 24 | AC20: =AC19+1 -> 11
A21: =A20+1 -> 12 | B21: 6902.83 | C21: 294138 | D21: =C21-C20 -> 0 | E21: =C21-152000 -> 142138 | F21: =D21/$D$2 -> 0 | G21: 224 | H21: 58 | I21: =G21+H21 -> 282 | J21: =IF(L21>0,L21,0) -> 170 | K21: =I21+J21 -> 452 | L21: =F21-(I21-W21) -> 170 | M21: 5 | N21: 0 | O21: 0 | P21: =M21-(N21+O21) -> 5 | Q21: 0 | R21: 0 | S21: =SUM(P21:R21) -> 5 | U21: 0 | V21: 447 | W21: =N21+O21+S21+U21+V21 -> 452 | X21: =IF(L21<0,L21*-1,0) -> 0 | Y21: =W21+X21 -> 452 | Z21: 0 | AA21: 54 | AB21: 26 | AC21: =AC20+1 -> 12
A22: =A21+1 -> 13 | B22: 6902.9 | C22: 294401 | D22: =C22-C21 -> 263 | E22: =C22-152000 -> 142401 | F22: =D22/$D$2 -> 132.5939 | G22: 246 | H22: 80 | I22: =G22+H22 -> 326 | J22: =IF(L22>0,L22,0) -> 256.5939 | K22: =I22+J22 -> 582.5939 | L22: =F22-(I22-W22) -> 256.5939 | M22: 5 | N22: 0 | O22: 0 | P22: =M22-(N22+O22) -> 5 | Q22: 0 | R22: 0 | S22: =SUM(P22:R22) -> 5 | U22: 0 | V22: 445 | W22: =N22+O22+S22+U22+V22 -> 450 | X22: =IF(L22<0,L22*-1,0) -> 0 | Y22: =W22+X22 -> 450 | Z22: 0 | AA22: 59 | AB22: 31 | AC22: =AC21+1 -> 13
... A38: =A37+1 -> 29 | B38: 6902 | C38: 291014 | D38: =C38-C37 -> -377 | E38: =C38-152000 -> 139014 | F38: =D38/$D$2 -> -190.06806 | G38: 177 | H38: 28 | I38: =G38+H38 -> 205 | J38: =IF(L38>0,L38,0) -> 14.931938 | K38: =I38+J38 -> 219.93194 | L38: =F38-(I38-W38) -> 14.931938 | M38: 5 | N38: 0 | O38: 0 | P38: =M38-(N38+O38) -> 5 | Q38: 281 | R38: 0 | S38: =SUM(P38:R38) -> 286 | U38: 0 | V38: 124 | W38: =N38+O38+S38+U38+V38 -> 410 | X38: =IF(L38<0,L38*-1,0) -> 0 | Y38: =W38+X38 -> 410 | Z38: 0 | AA38: 35 | AB38: 19 | AC38: =AC37+1 -> 29
A39: 30 | B39: 6901.98 | C39: 290940 | D39: =C39-C38 -> -74 | E39: =C39-152000 -> 138940 | F39: =D39/$D$2 -> -37.307789 | G39: 159 | H39: 34 | I39: =G39+H39 -> 193 | J39: =IF(L39>0,L39,0) -> 139.69221 | K39: =I39+J39 -> 332.69221 | L39: =F39-(I39-W39) -> 139.69221 | M39: 5 | N39: 0 | O39: 0 | P39: =M39-(N39+O39) -> 5 | Q39: 241 | R39: 0 | S39: =SUM(P39:R39) -> 246 | U39: 0 | V39: 124 | W39: =N39+O39+S39+U39+V39 -> 370 | X39: =IF(L39<0,L39*-1,0) -> 0 | Y39: =W39+X39 -> 370 | Z39: 0 | AA39: 46 | AB39: 9 | AC39: 30
A40: 31 | B40: 6902.02 | C40: 291090 | D40: =C40-C39 -> 150 | E40: =C40-152000 -> 139090 | F40: =D40/$D$2 -> 75.623897 | G40: 181 | H40: 29 | I40: =G40+H40 -> 210 | J40: =IF(L40>0,L40,0) -> 141.6239 | K40: =I40+J40 -> 351.6239 | L40: =F40-(I40-W40) -> 141.6239 | M40: 10 | N40: 0 | O40: 0 | P40: =M40-(N40+O40) -> 10 | Q40: 141 | R40: 0 | S40: =SUM(P40:R40) -> 151 | U40: 0 | V40: 125 | W40: =N40+O40+S40+U40+V40 -> 276 | X40: =IF(L40<0,L40*-1,0) -> 0 | Y40: =W40+X40 -> 276 | Z40: 0 | AA40: 57 | AB40: 19 | AC40: 31
A42: MONTH / CFS | F42: =SUM(F10:F40) -> -1290.1437 | G42: =SUM(G10:G40) -> 6323 | H42: =SUM(H10:H40) -> 1498 | I42: =SUM(I10:I40) -> 7821 | J42: =SUM(J10:J40) -> 2933.3602 | K42: =SUM(K10:K40) -> 10754.36 | L42: =SUM(L10:L40) -> 2840.8563 | M42: =SUM(M10:M40) -> 187 | ... S42: =SUM(S10:S40) -> 1848.92 | U42: =SUM(U10:U40) -> 0 | V42: =SUM(V10:V40) -> 10103 | W42: =SUM(W10:W40) -> 11952 | X42: =SUM(X10:X40) -> 92.503907 | Y42: =SUM(Y10:Y40) -> 12044.504 | Z42: =SUM(Z10:Z40) -> 1.22 | AA42: =AVERAGE(AA10:AA40) -> 46.354839 | AB42: =AVERAGE(AB10:AB40) -> 22.612903 | AC42: AVE
A43: MONTH / AF | D43: =SUM(D10:D40) -> -2559 | F43: =F42*$D$2 -> -2559 | G43: =G42*$D$2 -> 12541.671 | H43: =H42*$D$2 -> 2971.283 | I43: =I42*$D$2 -> 15512.953 | J43: =J42*$D$2 -> 5818.32 | K43: =K42*$D$2 -> 21331.273 | L43: =L42*$D$2 -> 5634.8385 | M43: =M42*$D$2 -> 370.9145 | ... S43: =S42*$D$2 -> 3667.3328 | U43: =U42*$D$2 -> 0 | V43: =V42*$D$2 -> 20039.301 | W43: =W42*$D$2 -> 23706.792 | X43: =X42*$D$2 -> 183.4815 | Y43: =Y42*$D$2 -> 23890.273 | AA43: =MAX(AA10:AA40) -> 60 | AB43: =MAX(AB10:AB40) -> 37 | AC43: HI
A45: SEASON / CFS | AA45: =MIN(AA10:AA40) -> 34 | AB45: =MIN(AB10:AB40) -> 7 | AC45: LO
A46: SEASON / AF
A48: YTD / CFS | F48: =F8+F42 -> 452.2309 | G48: =G8+G42 -> 30450 | H48: =H8+H42 -> 3411 | I48: =I8+I42 -> 33319.9 | J48: =J8+J42 -> 6834.4448 | K48: =K8+K42 -> 40154.345 | L48: =L8+L42 -> 5728.3309 | M48: =M8+M42 -> 1566 | ... S48: =S8+S42 -> 4292.92 | U48: =U8+U42 -> 1 | V48: =V8+V42 -> 34302 | W48: =W8+W42 -> 38596 | X48: =X8+X42 -> 1106.1139 | Y48: =Y8+Y42 -> 39702.114 | Z48: =Z8+Z42 -> 6.75
A49: YTD / AF | D49: =D8+D43 -> 897 | E49: =E40 -> 139090 | F49: =F48*$D$2 -> 897 | G49: =G48*$D$2 -> 60397.575 | H49: =H48*$D$2 -> 6765.7185 | I49: =I48*$D$2 -> 66090.022 | J49: =J48*$D$2 -> 13556.121 | K49: =K48*$D$2 -> 79646.143 | L49: =L48*$D$2 -> 11362.144 | M49: =M48*$D$2 -> 3106.161 | ... Y49: =Y48*$D$2 -> 78749.143

Sheet APR
K1: MC PHEE RESERVOIR IN/OUT FLOW TABULATION
A2: AF/cfs CONVERT FACTOR | D2: 1.9835 | K2: APRIL "1887"
X3: 5
A4: DATE | B4: RESERV | C4: RESERV | D4: AC FT | E4: ACTIVE | F4: CONV TO | G4: DOLORES | H4: LOST | I4: RECORDED | J4: CALC | K4: TOTAL | L4: CALC | M4: TUNNEL | Q4: LONE | R4: U | S4: TOTAL | T4: MVI | U4: DV CR | V4: BELOW | W4: RECORDED | X4: CALC | Y4: TOTAL | Z4: RAIN | AA4: MAX | AB4: MIN | AC4: DATE | AD4: MVI CALL
A5: "APR" | B5: ELEV | C5: AC FT | D5: CHANGE | E5: CAP | F5: CFS | G5: RIVER | H5: CANYON | I5: INFLOW | J5: INFLOW | K5: INFLOW | L5: INF/OTF | M5: TOT DIV | N5: WETLAND | O5: UTE F&R | P5: MVI/CTZ/MWC | Q5: PINE | R5: LAT | S5: MVI | T5: CALL | U5: CANAL | V5: MC PHEE | W5: OUTFLOW | X5: OUTFLOW | Y5: OUTFLOW | AA5: TMP | AB5: TMP | AC5: "APR" | AD5: Apr - Jun
A7: SEASON BAL
A8: YTD | B8: =MAR!B40 -> 6902.02 | C8: =MAR!C40 -> 291090 | D8: =MAR!D49 -> 897 | E8: =MAR!E49 -> 139090 | F8: =MAR!F48 -> 452.2309 | G8: =MAR!G48 -> 30450 | H8: =MAR!H48 -> 3411 | I8: =MAR!I48 -> 33319.9 | J8: =MAR!J48 -> 6834.4448 | K8: =MAR!K48 -> 40154.345 | L8: =MAR!L48 -> 5728.3309 | M8: =MAR!M48 -> 1566 | ... Z8: =MAR!Z48 -> 6.75
A10: 1 | B10: 6902.17 | C10: 291654 | D10: =C10-C8 -> 564 | E10: =C10-152000 -> 139654 | F10: =D10/$D$2 -> 284.34585 | G10: 202 | H10: 39 | I10: =G10+H10 -> 241 | J10: =IF(L10>0,L10,0) -> 131.34585 | K10: =I10+J10 -> 372.34585 | L10: =F10-(I10-W10) -> 131.34585 | M10: 14 | N10: 0 | O10: 0 | P10: =M10-(N10+O10) -> 14 | Q10: 0 | R10: 0 | S10: =SUM(P10:R10) -> 14 | T10: 0 | U10: =U9 -> 0 | V10: 74 | W10: =N10+O10+S10+U10+V10 -> 88 | X10: =IF(L10<0,L10*-1,0) -> 0 | Y10: =W10+X10 -> 88 | Z10: 0 | AA10: 60 | AB10: 24 | AC10: 1 | AD10: =IF(I10>S10,I10-S10,I10-S10) -> 227
A11: =A10+1 -> 2 | B11: 6902.29 | C11: 292106 | D11: =C11-C10 -> 452 | E11: =C11-152000 -> 140106 | F11: =D11/$D$2 -> 227.88001 | G11: 232 | H11: 52 | I11: =G11+H11 -> 284 | J11: =IF(L11>0,L11,0) -> 133.88001 | K11: =I11+J11 -> 417.88001 | L11: =F11-(I11-W11) -> 133.88001 | M11: 18 | N11: 0 | O11: 0 | P11: =M11-(N11+O11) -> 18 | Q11: 0 | R11: 0 | S11: =SUM(P11:R11) -> 18 | T11: =T10 -> 0 | U11: 0 | V11: 172 | W11: =N11+O11+S11+U11+V11 -> 190 | X11: =IF(L11<0,L11*-1,0) -> 0 | Y11: =W11+X11 -> 190 | Z11: 0 | AA11: 59 | AB11: 30 | AC11: =AC10+1 -> 2 | AD11: =IF(I11>S11,I11-S11,I11-S11) -> 266
A12: =A11+1 -> 3 | B12: 6902.49 | C12: 292858 | D12: =C12-C11 -> 752 | E12: =C12-152000 -> 140858 | F12: =D12/$D$2 -> 379.1278 | G12: 296 | H12: 109 | I12: =G12+H12 -> 405 | J12: =IF(L12>0,L12,0) -> 231.1278 | K12: =I12+J12 -> 636.1278 | L12: =F12-(I12-W12) -> 231.1278 | M12: 19 | N12: 0 | O12: 0 | P12: =M12-(N12+O12) -> 19 | Q12: 0 | R12: 0 | S12: =SUM(P12:R12) -> 19 | T12: =T11 -> 0 | U12: 0 | V12: 238 | W12: =N12+O12+S12+U12+V12 -> 257 | X12: =IF(L12<0,L12*-1,0) -> 0 | Y12: =W12+X12 -> 257 | Z12: 0 | AA12: 64 | AB12: 24 | AC12: =AC11+1 -> 3 | AD12: =IF(I12>S12,I12-S12,I12-S12) -> 386
A13: =A12+1 -> 4 | B13: 6902.56 | C13: 293122 | D13: =C13-C12 -> 264 | E13: =C13-152000 -> 141122 | F13: =D13/$D$2 -> 133.09806 | G13: 384 | H13: 133 | I13: =G13+H13 -> 517 | J13: =IF(L13>0,L13,0) -> 287.09806 | K13: =I13+J13 -> 804.09806 | L13: =F13-(I13-W13) -> 287.09806 | M13: 16 | N13: 0 | O13: 0 | P13: =M13-(N13+O13) -> 16 | Q13: 0 | R13: 0 | S13: =SUM(P13:R13) -> 16 | T13: =T12 -> 0 | U13: 16 | V13: 639 | W13: =N13+O13+S13+U13+V13 -> 671 | X13: =IF(L13<0,L13*-1,0) -> 0 | Y13: =W13+X13 -> 671 | Z13: 0 | AA13: 54 | AB13: 32 | AC13: =AC12+1 -> 4 | AD13: =IF(I13>S13,I13-S13,I13-S13) -> 501
A14: =A13+1 -> 5 | B14: 6902.52 | C14: 292971 | D14: =C14-C13 -> -151 | E14: =C14-152000 -> 140971 | F14: =D14/$D$2 -> -76.128056 | G14: 342 | H14: 105 | I14: =G14+H14 -> 447 | J14: =IF(L14>0,L14,0) -> 340.87194 | K14: =I14+J14 -> 787.87194 | L14: =F14-(I14-W14) -> 340.87194 | M14: 16 | N14: 0 | O14: 0 | P14: =M14-(N14+O14) -> 16 | Q14: 0 | R14: 0 | S14: =SUM(P14:R14) -> 16 | T14: =T13 -> 0 | U14: 13 | V14: 835 | W14: =N14+O14+S14+U14+V14 -> 864 | X14: =IF(L14<0,L14*-1,0) -> 0 | Y14: =W14+X14 -> 864 | Z14: 0.08 | AA14: 45 | AB14: 27 | AC14: =AC13+1 -> 5 | AD14: =IF(I14>S14,I14-S14,I14-S14) -> 431
A15: =A14+1 -> 6 | B15: 6902.52 | C15: 292971 | D15: =C15-C14 -> 0 | E15: =C15-152000 -> 140971 | F15: =D15/$D$2 -> 0 | G15: 314 | H15: 85 | I15: =G15+H15 -> 399 | J15: =IF(L15>0,L15,0) -> 431 | K15: =I15+J15 -> 830 | L15: =F15-(I15-W15) -> 431 | M15: 16 | N15: 0 | O15: 0 | P15: =M15-(N15+O15) -> 16 | Q15: 0 | R15: 0 | S15: =SUM(P15:R15) -> 16 | T15: =T14 -> 0 | U15: 13 | V15: 801 | W15: =N15+O15+S15+U15+V15 -> 830 | X15: =IF(L15<0,L15*-1,0) -> 0 | Y15: =W15+X15 -> 830 | Z15: 0.3 | AA15: 50 | AB15: 25 | AC15: =AC14+1 -> 6 | AD15: =IF(I15>S15,I15-S15,I15-S15) -> 383
A16: =A15+1 -> 7 | B16: 6902.58 | C16: 293197 | D16: =C16-C15 -> 226 | E16: =C16-152000 -> 141197 | F16: =D16/$D$2 -> 113.94001 | G16: 308 | H16: 84 | I16: =G16+H16 -> 392 | J16: =IF(L16>0,L16,0) -> 551.94001 | K16: =I16+J16 -> 943.94001 | L16: =F16-(I16-W16) -> 551.94001 | M16: 16 | N16: 0 | O16: 0 | P16: =M16-(N16+O16) -> 16 | Q16: 0 | R16: 0 | S16: =SUM(P16:R16) -> 16 | T16: =T15 -> 0 | U16: 13 | V16: 801 | W16: =N16+O16+S16+U16+V16 -> 830 | X16: =IF(L16<0,L16*-1,0) -> 0 | Y16: =W16+X16 -> 830 | Z16: 0 | AA16: 53 | AB16: 25 | AC16: =AC15+1 -> 7 | AD16: =IF(I16>S16,I16-S16,I16-S16) -> 376
A17: =A16+1 -> 8 | B17: 6902.85 | C17: 294213 | D17: =C17-C16 -> 1016 | E17: =C17-152000 -> 142213 | F17: =D17/$D$2 -> 512.22586 | G17: 348 | H17: 109 | I17: =G17+H17 -> 457 | J17: =IF(L17>0,L17,0) -> 885.22586 | K17: =I17+J17 -> 1342.2259 | L17: =F17-(I17-W17) -> 885.22586 | M17: 16 | N17: 0 | O17: 0 | P17: =M17-(N17+O17) -> 16 | Q17: 0 | R17: 0 | S17: =SUM(P17:R17) -> 16 | T17: =T16 -> 0 | U17: 13 | V17: 801 | W17: =N17+O17+S17+U17+V17 -> 830 | X17: =IF(L17<0,L17*-1,0) -> 0 | Y17: =W17+X17 -> 830 | Z17: 0 | AA17: 57 | AB17: 27 | AC17: =AC16+1 -> 8 | AD17: =IF(I17>S17,I17-S17,I17-S17) -> 441
A18: =A17+1 -> 9 | B18: 6903.1 | C18: 295157 | D18: =C18-C17 -> 944 | E18: =C18-152000 -> 143157 | F18: =D18/$D$2 -> 475.92639 | G18: 452 | H18: 185 | I18: =G18+H18 -> 637 | J18: =IF(L18>0,L18,0) -> 1053.9264 | K18: =I18+J18 -> 1690.9264 | L18: =F18-(I18-W18) -> 1053.9264 | M18: 19 | N18: 0 | O18: 0 | P18: =M18-(N18+O18) -> 19 | Q18: 0 | R18: 7 | S18: =SUM(P18:R18) -> 26 | T18: =T17 -> 0 | U18: 17 | V18: 1172 | W18: =N18+O18+S18+U18+V18 -> 1215 | X18: =IF(L18<0,L18*-1,0) -> 0 | Y18: =W18+X18 -> 1215 | Z18: 0 | AA18: 60 | AB18: 29 | AC18: =AC17+1 -> 9 | AD18: =IF(I18>S18,I18-S18,I18-S18) -> 611
A19: =A18+1 -> 10 | B19: 6902.94 | C19: 294552 | D19: =C19-C18 -> -605 | E19: =C19-152000 -> 142552 | F19: =D19/$D$2 -> -305.01639 | G19: 543 | H19: 255 | I19: =G19+H19 -> 798 | J19: =IF(L19>0,L19,0) -> 961.98361 | K19: =I19+J19 -> 1759.9836 | L19: =F19-(I19-W19) -> 961.98361 | M19: 25 | N19: 0 | O19: 0 | P19: =M19-(N19+O19) -> 25 | Q19: 0 | R19: 10 | S19: =SUM(P19:R19) -> 35 | T19: =T18 -> 0 | U19: 12 | V19: 2018 | W19: =N19+O19+S19+U19+V19 -> 2065 | X19: =IF(L19<0,L19*-1,0) -> 0 | Y19: =W19+X19 -> 2065 | Z19: 0 | AA19: 59 | AB19: 28 | AC19: =AC18+1 -> 10 | AD19: =IF(I19>S19,I19-S19,I19-S19) -> 763
A20: =A19+1 -> 11 | B20: 6902.6 | C20: 293272 | D20: =C20-C19 -> -1280 | E20: =C20-152000 -> 141272 | F20: =D20/$D$2 -> -645.32392 | G20: 621 | H20: 277 | I20: =G20+H20 -> 898 | J20: =IF(L20>0,L20,0) -> 1125.6761 | K20: =I20+J20 -> 2023.6761 | L20: =F20-(I20-W20) -> 1125.6761 | M20: 28 | N20: 0 | O20: 0 | P20: =M20-(N20+O20) -> 28 | Q20: 0 | R20: 10 | S20: =SUM(P20:R20) -> 38 | T20: =T19 -> 0 | U20: 0 | V20: 2631 | W20: =N20+O20+S20+U20+V20 -> 2669 | X20: =IF(L20<0,L20*-1,0) -> 0 | Y20: =W20+X20 -> 2669 | Z20: 0.04 | AA20: 60 | AB20: 33 | AC20: =AC19+1 -> 11 | AD20: =IF(I20>S20,I20-S20,I20-S20) -> 860
A21: =A20+1 -> 12 | B21: 6902.37 | C21: 292407 | D21: =C21-C20 -> -865 | E21: =C21-152000 -> 140407 | F21: =D21/$D$2 -> -436.09781 | G21: 631 | H21: 287 | I21: =G21+H21 -> 918 | J21: =IF(L21>0,L21,0) -> 1002.9022 | K21: =I21+J21 -> 1920.9022 | L21: =F21-(I21-W21) -> 1002.9022 | M21: 27 | N21: 0 | O21: 0 | P21: =M21-(N21+O21) -> 27 | Q21: 0 | R21: 11 | S21: =SUM(P21:R21) -> 38 | T21: =T20 -> 0 | U21: 0 | V21: 2319 | W21: =N21+O21+S21+U21+V21 -> 2357 | X21: =IF(L21<0,L21*-1,0) -> 0 | Y21: =W21+X21 -> 2357 | Z21: 0.1 | AA21: 57 | AB21: 26 | AC21: =AC20+1 -> 12 | AD21: =IF(I21>S21,I21-S21,I21-S21) -> 880
A22: =A21+1 -> 13 | B22: 6902.4 | C22: 292520 | D22: =C22-C21 -> 113 | E22: =C22-152000 -> 140520 | F22: =D22/$D$2 -> 56.970003 | G22: 505 | H22: 191 | I22: =G22+H22 -> 696 | J22: =IF(L22>0,L22,0) -> 898.97 | K22: =I22+J22 -> 1594.97 | L22: =F22-(I22-W22) -> 898.97 | M22: 27 | N22: 0 | O22: 0 | P22: =M22-(N22+O22) -> 27 | Q22: 0 | R22: 11 | S22: =SUM(P22:R22) -> 38 | T22: =T21 -> 0 | U22: 0 | V22: 1500 | W22: =N22+O22+S22+U22+V22 -> 1538 | X22: =IF(L22<0,L22*-1,0) -> 0 | Y22: =W22+X22 -> 1538 | Z22: 0 | AA22: 47 | AB22: 27 | AC22: =AC21+1 -> 13 | AD22: =IF(I22>S22,I22-S22,I22-S22) -> 658
... A38: =A37+1 -> 29 | B38: 6911.1 | C38: 326404 | D38: =C38-C37 -> 2612 | E38: =C38-152000 -> 174404 | F38: =D38/$D$2 -> 1316.8641 | G38: 2496 | H38: 336 | I38: =G38+H38 -> 2832 | J38: =IF(L38>0,L38,0) -> 834.86413 | K38: =I38+J38 -> 3666.8641 | L38: =F38-(I38-W38) -> 834.86413 | M38: 113 | N38: 0 | O38: 0 | P38: =M38-(N38+O38) -> 113 | Q38: 118 | R38: 3 | S38: =SUM(P38:R38) -> 234 | T38: =T37 -> 0 | U38: 4 | V38: 2112 | W38: =N38+O38+S38+U38+V38 -> 2350 | X38: =IF(L38<0,L38*-1,0) -> 0 | Y38: =W38+X38 -> 2350 | Z38: 0 | AA38: 72 | AB38: 39 | AC38: =AC37+1 -> 29 | AD38: =IF(I38>S38,I38-S38,I38-S38) -> 2598
A39: 30 | B39: 6911.8 | C39: 329235 | D39: =C39-C38 -> 2831 | E39: =C39-152000 -> 177235 | F39: =D39/$D$2 -> 1427.275 | G39: 2574 | H39: 335 | I39: =G39+H39 -> 2909 | J39: =IF(L39>0,L39,0) -> 763.27502 | K39: =I39+J39 -> 3672.275 | L39: =F39-(I39-W39) -> 763.27502 | M39: 124 | N39: 0 | O39: 0 | P39: =M39-(N39+O39) -> 124 | Q39: 118 | R39: 1 | S39: =SUM(P39:R39) -> 243 | T39: =T38 -> 0 | U39: 0 | V39: 2002 | W39: =N39+O39+S39+U39+V39 -> 2245 | X39: =IF(L39<0,L39*-1,0) -> 0 | Y39: =W39+X39 -> 2245 | Z39: 0 | AA39: 70 | AB39: 42 | AC39: 30 | AD39: =IF(I39>S39,I39-S39,I39-S39) -> 2666
A41: MONTH / CFS | F41: =SUM(F10:F39) -> 19231.157 | G41: =SUM(G10:G39) -> 35458 | H41: =SUM(H10:H39) -> 8180 | I41: =SUM(I10:I39) -> 43638 | J41: =SUM(J10:J39) -> 24660.157 | K41: =SUM(K10:K39) -> 68298.157 | L41: =SUM(L10:L39) -> 24660.157 | M41: =SUM(M10:M39) -> 1222 | ... S41: =SUM(S10:S39) -> 2010 | U41: =SUM(U10:U39) -> 113 | V41: =SUM(V10:V39) -> 46944 | W41: =SUM(W10:W39) -> 49067 | X41: =SUM(X10:X39) -> 0 | Y41: =SUM(Y10:Y39) -> 49067 | Z41: =SUM(Z10:Z39) -> 0.66 | AA41: =AVERAGE(AA10:AA39) -> 63.1 | AB41: =AVERAGE(AB10:AB39) -> 32.233333 | AC41: Avg | AD41: =SUM(AD10:AD39) -> 41628
A42: MONTH / AF | D42: =SUM(D10:D39) -> 38145 | F42: =F41*$D$2 -> 38145 | G42: =G41*$D$2 -> 70330.943 | H42: =H41*$D$2 -> 16225.03 | I42: =I41*$D$2 -> 86555.973 | J42: =J41*$D$2 -> 48913.421 | K42: =K41*$D$2 -> 135469.39 | L42: =L41*$D$2 -> 48913.421 | M42: =M41*$D$2 -> 2423.837 | ... S42: =S41*$D$2 -> 3986.835 | U42: =U41*$D$2 -> 224.1355 | V42: =V41*$D$2 -> 93113.424 | W42: =W41*$D$2 -> 97324.394 | X42: =X41*$D$2 -> 0 | Y42: =Y41*$D$2 -> 97324.394 | AA42: =MAX(AA10:AA39) -> 74 | AB42: =MAX(AB10:AB39) -> 45 | AC42: HI
A44: SEASON / CFS | F44: =F7+F41 -> 19231.157 | G44: =G7+G41 -> 35458 | H44: =H7+H41 -> 8180 | I44: =I7+I41 -> 43638 | J44: =J7+J41 -> 24660.157 | K44: =K7+K41 -> 68298.157 | L44: =L7+L41 -> 24660.157 | M44: =M7+M41 -> 1222 | ... S44: =S7+S41 -> 2010 | T44: =T39 -> 0 | U44: =U7+U41 -> 113 | V44: =V7+V41 -> 46944 | W44: =W7+W41 -> 49067 | X44: =X7+X41 -> 0 | Y44: =Y7+Y41 -> 49067 | AA44: =MIN(AA10:AA39) -> 45 | AB44: =MIN(AB10:AB39) -> 18 | AC44: LO
A45: SEASON / AF | F45: =F44*$D$2 -> 38145 | G45: =G44*$D$2 -> 70330.943 | H45: =H44*$D$2 -> 16225.03 | I45: =I44*$D$2 -> 86555.973 | J45: =J44*$D$2 -> 48913.421 | K45: =K44*$D$2 -> 135469.39 | L45: =L44*$D$2 -> 48913.421 | M45: =M44*$D$2 -> 2423.837 | ... Y45: =Y44*$D$2 -> 97324.394
A47: YTD / CFS | F47: =F8+F41 -> 19683.388 | G47: =G8+G41 -> 65908 | H47: =H8+H41 -> 11591 | I47: =I8+I41 -> 76957.9 | J47: =J8+J41 -> 31494.602 | K47: =K8+K41 -> 108452.5 | L47: =L8+L41 -> 30388.488 | M47: =M8+M41 -> 2788 | ... S47: =S8+S41 -> 6302.92 | U47: =U8+U41 -> 114 | V47: =V8+V41 -> 81246 | W47: =W8+W41 -> 87663 | X47: =X8+X41 -> 1106.1139 | Y47: =Y8+Y41 -> 88769.114 | Z47: =Z8+Z41 -> 7.41
A48: YTD / AF | D48: =D8+D42 -> 39042 | E48: =E39 -> 177235 | F48: =F47*$D$2 -> 39042 | G48: =G47*$D$2 -> 130728.52 | H48: =H47*$D$2 -> 22990.749 | I48: =I47*$D$2 -> 152645.99 | J48: =J47*$D$2 -> 62469.543 | K48: =K47*$D$2 -> 215115.54 | L48: =L47*$D$2 -> 60275.566 | M48: =M47*$D$2 -> 5529.998 | ... Y48: =Y47*$D$2 -> 176073.54
Z50: 34790 | AA50: 56 | AB50: 32 | AC50: Avg
AA51: 67 | AB51: 40 | AC51: hi
AA52: 36 | AB52: 22 | AC52: lo
Z53: 35156 | AA53: 60 | AB53: 32 | AC53: Avg
Z54: 76 | AA54: 42 | AB54: hi
Z55: 41 | AA55: 21 | AB55: lo

Sheet MAY
K1: MC PHEE RESERVOIR IN/OUT FLOW TABULATION
A2: AF/cfs CONVERT FACTOR | D2: 1.9835 | K2: MAY "1887"
A4: DATE | B4: RESERV | C4: RESERV | D4: AC FT | E4: ACTIVE | F4: CONV TO | G4: DOLORES | H4: LOST | I4: RECORDED | J4: CALC | K4: TOTAL | L4: CALC | M4: TUNNEL | Q4: LONE | R4: U | S4: TOTAL | T4: MVI | U4: DV CR | V4: BELOW | W4: RECORDED | X4: CALC | Y4: TOTAL | Z4: RAIN | AA4: MAX | AB4: MIN | AC4: DATE
A5: "MAY" | B5: ELEV | C5: AC FT | D5: CHANGE | E5: CAP | F5: CFS | G5: RIVER | H5: CANYON | I5: INFLOW | J5: INFLOW | K5: INFLOW | L5: INF/OTF | M5: TOT DIV | N5: WETLAND | O5: UTE F&R | P5: MVI,CTZ | Q5: PINE | R5: LAT | S5: MVI | T5: CALL | U5: CANAL | V5: MC PHEE | W5: OUTFLOW | X5: OUTFLOW | Y5: OUTFLOW | AA5: TMP | AB5: TMP | AC5: "MAY"
A7: SEASON BAL | F7: =APR!F44 -> 19231.157 | G7: =APR!G44 -> 35458 | H7: =APR!H44 -> 8180 | I7: =APR!I44 -> 43638 | J7: =APR!J44 -> 24660.157 | K7: =APR!K44 -> 68298.157 | L7: =APR!L44 -> 24660.157 | M7: =APR!M44 -> 1222 | ... Y7: =APR!Y44 -> 49067
A8: YTD | B8: =APR!B39 -> 6911.8 | C8: =APR!C39 -> 329235 | D8: =APR!D48 -> 39042 | E8: =APR!E48 -> 177235 | F8: =APR!F47 -> 19683.388 | G8: =APR!G47 -> 65908 | H8: =APR!H47 -> 11591 | I8: =APR!I47 -> 76957.9 | J8: =APR!J47 -> 31494.602 | K8: =APR!K47 -> 108452.5 | L8: =APR!L47 -> 30388.488 | M8: =APR!M47 -> 2788 | ... Z8: =APR!Z47 -> 7.41
A10: 1 | B10: 6912.33 | C10: 331390 | D10: =C10-C8 -> 2155 | E10: =C10-152000 -> 179390 | F10: =D10/$D$2 -> 1086.4633 | G10: 2413 | H10: 322 | I10: =G10+H10 -> 2735 | J10: =IF(L10>0,L10,0) -> 687.46332 | K10: =I10+J10 -> 3422.4633 | L10: =F10-(I10-W10) -> 687.46332 | M10: 138 | N10: 0 | O10: 0 | P10: =M10-(N10+O10) -> 138 | Q10: 148 | R10: 48 | S10: =SUM(P10:R10) -> 334 | T10: =T7 -> 0 | U10: 0 | V10: 2002 | W10: =N10+O10+S10+U10+V10 -> 2336 | X10: =IF(L10<0,L10*-1,0) -> 0 | Y10: =W10+X10 -> 2336 | Z10: 0 | AA10: 65 | AB10: 46 | AC10: 1 | AD10: =IF(I10>S10,I10-S10,I10-S10) -> 2401
A11: =A10+1 -> 2 | B11: 6912.81 | C11: 333347 | D11: =C11-C10 -> 1957 | E11: =C11-152000 -> 181347 | F11: =D11/$D$2 -> 986.63978 | G11: 2590 | H11: 321 | I11: =G11+H11 -> 2911 | J11: =IF(L11>0,L11,0) -> 443.63978 | K11: =I11+J11 -> 3354.6398 | L11: =F11-(I11-W11) -> 443.63978 | M11: 147 | N11: 0 | O11: 0 | P11: =M11-(N11+O11) -> 147 | Q11: 162 | R11: 57 | S11: =SUM(P11:R11) -> 366 | T11: =T10 -> 0 | U11: 0 | V11: 2002 | W11: =N11+O11+S11+U11+V11 -> 2368 | X11: =IF(L11<0,L11*-1,0) -> 0 | Y11: =W11+X11 -> 2368 | Z11: 0 | AA11: 58 | AB11: 42 | AC11: =AC10+1 -> 2 | AD11: =IF(I11>S11,I11-S11,I11-S11) -> 2545
A12: =A11+1 -> 3 | B12: 6912.99 | C12: 334081 | D12: =C12-C11 -> 734 | E12: =C12-152000 -> 182081 | F12: =D12/$D$2 -> 370.05294 | G12: 2035 | H12: 210 | I12: =G12+H12 -> 2245 | J12: =IF(L12>0,L12,0) -> 524.05294 | K12: =I12+J12 -> 2769.0529 | L12: =F12-(I12-W12) -> 524.05294 | M12: 147 | N12: 0 | O12: 0 | P12: =M12-(N12+O12) -> 147 | Q12: 162 | R12: 61 | S12: =SUM(P12:R12) -> 370 | T12: =T11 -> 0 | U12: 27 | V12: 2002 | W12: =N12+O12+S12+U12+V12 -> 2399 | X12: =IF(L12<0,L12*-1,0) -> 0 | Y12: =W12+X12 -> 2399 | Z12: 0 | AA12: 60 | AB12: 38 | AC12: =AC11+1 -> 3 | AD12: =IF(I12>S12,I12-S12,I12-S12) -> 1875
A13: =A12+1 -> 4 | B13: 6913.14 | C13: 334697 | D13: =C13-C12 -> 616 | E13: =C13-152000 -> 182697 | F13: =D13/$D$2 -> 310.56214 | G13: 1971 | H13: 200 | I13: =G13+H13 -> 2171 | J13: =IF(L13>0,L13,0) -> 528.56214 | K13: =I13+J13 -> 2699.5621 | L13: =F13-(I13-W13) -> 528.56214 | M13: 147 | N13: 0 | O13: 0 | P13: =M13-(N13+O13) -> 147 | Q13: 176 | R13: 64 | S13: =SUM(P13:R13) -> 387 | T13: =T12 -> 0 | U13: 0 | V13: 2002 | W13: =N13+O13+S13+U13+V13 -> 2389 | X13: =IF(L13<0,L13*-1,0) -> 0 | Y13: =W13+X13 -> 2389 | Z13: 0 | AA13: 68 | AB13: 39 | AC13: =AC12+1 -> 4 | AD13: =IF(I13>S13,I13-S13,I13-S13) -> 1784
A14: =A13+1 -> 5 | B14: 6913.37 | C14: 335642 | D14: =C14-C13 -> 945 | E14: =C14-152000 -> 183642 | F14: =D14/$D$2 -> 476.43055 | G14: 2086 | H14: 243 | I14: =G14+H14 -> 2329 | J14: =IF(L14>0,L14,0) -> 574.43055 | K14: =I14+J14 -> 2903.4306 | L14: =F14-(I14-W14) -> 574.43055 | M14: 157 | N14: 0 | O14: 0 | P14: =M14-(N14+O14) -> 157 | Q14: 185 | R14: 66 | S14: =SUM(P14:R14) -> 408 | T14: =T13 -> 0 | U14: 17 | V14: 2002 | W14: =N14+O14+S14+U14+V14 -> 2427 | X14: =IF(L14<0,L14*-1,0) -> 0 | Y14: =W14+X14 -> 2427 | Z14: 0.03 | AA14: 68 | AB14: 37 | AC14: =AC13+1 -> 5 | AD14: =IF(I14>S14,I14-S14,I14-S14) -> 1921
A15: =A14+1 -> 6 | B15: 6913.72 | C15: 337080 | D15: =C15-C14 -> 1438 | E15: =C15-152000 -> 185080 | F15: =D15/$D$2 -> 724.98109 | G15: 2205 | H15: 240 | I15: =G15+H15 -> 2445 | J15: =IF(L15>0,L15,0) -> 702.98109 | K15: =I15+J15 -> 3147.9811 | L15: =F15-(I15-W15) -> 702.98109 | M15: 166 | N15: 0 | O15: 0 | P15: =M15-(N15+O15) -> 166 | Q15: 185 | R15: 70 | S15: =SUM(P15:R15) -> 421 | T15: =T14 -> 0 | U15: 0 | V15: 2002 | W15: =N15+O15+S15+U15+V15 -> 2423 | X15: =IF(L15<0,L15*-1,0) -> 0 | Y15: =W15+X15 -> 2423 | Z15: 0 | AA15: 65 | AB15: 38 | AC15: =AC14+1 -> 6 | AD15: =IF(I15>S15,I15-S15,I15-S15) -> 2024
A16: =A15+1 -> 7 | B16: 6914.16 | C16: 338893 | D16: =C16-C15 -> 1813 | E16: =C16-152000 -> 186893 | F16: =D16/$D$2 -> 914.04084 | G16: 2315 | H16: 252 | I16: =G16+H16 -> 2567 | J16: =IF(L16>0,L16,0) -> 763.04084 | K16: =I16+J16 -> 3330.0408 | L16: =F16-(I16-W16) -> 763.04084 | M16: 167 | N16: 0 | O16: 0 | P16: =M16-(N16+O16) -> 167 | Q16: 174 | R16: 73 | S16: =SUM(P16:R16) -> 414 | T16: =T15 -> 0 | U16: 0 | V16: 2002 | W16: =N16+O16+S16+U16+V16 -> 2416 | X16: =IF(L16<0,L16*-1,0) -> 0 | Y16: =W16+X16 -> 2416 | Z16: 0.01 | AA16: 72 | AB16: 41 | AC16: =AC15+1 -> 7 | AD16: =IF(I16>S16,I16-S16,I16-S16) -> 2153
A17: =A16+1 -> 8 | B17: 6914.51 | C17: 340343 | D17: =C17-C16 -> 1450 | E17: =C17-152000 -> 188343 | F17: =D17/$D$2 -> 731.03101 | G17: 2599 | H17: 277 | I17: =G17+H17 -> 2876 | J17: =IF(L17>0,L17,0) -> 271.03101 | K17: =I17+J17 -> 3147.031 | L17: =F17-(I17-W17) -> 271.03101 | M17: 167 | N17: 0 | O17: 0 | P17: =M17-(N17+O17) -> 167 | Q17: 162 | R17: 85 | S17: =SUM(P17:R17) -> 414 | T17: =T16 -> 0 | U17: 0 | V17: 2002 | W17: =N17+O17+S17+U17+V17 -> 2416 | X17: =IF(L17<0,L17*-1,0) -> 0 | Y17: =W17+X17 -> 2416 | Z17: 0 | AA17: 71 | AB17: 42 | AC17: =AC16+1 -> 8 | AD17: =IF(I17>S17,I17-S17,I17-S17) -> 2462
A18: =A17+1 -> 9 | B18: 6914.71 | C18: 341171 | D18: =C18-C17 -> 828 | E18: =C18-152000 -> 189171 | F18: =D18/$D$2 -> 417.44391 | G18: 2576 | H18: 225 | I18: =G18+H18 -> 2801 | J18: =IF(L18>0,L18,0) -> 40.443912 | K18: =I18+J18 -> 2841.4439 | L18: =F18-(I18-W18) -> 40.443912 | M18: 168 | N18: 0 | O18: 0 | P18: =M18-(N18+O18) -> 168 | Q18: 163 | R18: 91 | S18: =SUM(P18:R18) -> 422 | T18: =T17 -> 0 | U18: 0 | V18: 2002 | W18: =N18+O18+S18+U18+V18 -> 2424 | X18: =IF(L18<0,L18*-1,0) -> 0 | Y18: =W18+X18 -> 2424 | Z18: 0 | AA18: 71 | AB18: 44 | AC18: =AC17+1 -> 9 | AD18: =IF(I18>S18,I18-S18,I18-S18) -> 2379
A19: =A18+1 -> 10 | B19: 6915.05 | C19: 342581 | D19: =C19-C18 -> 1410 | E19: =C19-152000 -> 190581 | F19: =D19/$D$2 -> 710.86463 | G19: 2549 | H19: 181 | I19: =G19+H19 -> 2730 | J19: =IF(L19>0,L19,0) -> 404.86463 | K19: =I19+J19 -> 3134.8646 | L19: =F19-(I19-W19) -> 404.86463 | M19: 168 | N19: 0 | O19: 0 | P19: =M19-(N19+O19) -> 168 | Q19: 163 | R19: 91 | S19: =SUM(P19:R19) -> 422 | T19: =T18 -> 0 | U19: 0 | V19: 2002 | W19: =N19+O19+S19+U19+V19 -> 2424 | X19: =IF(L19<0,L19*-1,0) -> 0 | Y19: =W19+X19 -> 2424 | Z19: 0.02 | AA19: 72 | AB19: 42 | AC19: =AC18+1 -> 10 | AD19: =IF(I19>S19,I19-S19,I19-S19) -> 2308
A20: =A19+1 -> 11 | B20: 6915.38 | C20: 343959 | D20: =C20-C19 -> 1378 | E20: =C20-152000 -> 191959 | F20: =D20/$D$2 -> 694.73154 | G20: 2468 | H20: 149 | I20: =G20+H20 -> 2617 | J20: =IF(L20>0,L20,0) -> 490.73154 | K20: =I20+J20 -> 3107.7315 | L20: =F20-(I20-W20) -> 490.73154 | M20: 169 | N20: 0 | O20: 0 | P20: =M20-(N20+O20) -> 169 | Q20: 143 | R20: 99 | S20: =SUM(P20:R20) -> 411 | T20: =T19 -> 0 | U20: 0 | V20: 2002 | W20: =N20+O20+S20+U20+V20 -> 2413 | X20: =IF(L20<0,L20*-1,0) -> 0 | Y20: =W20+X20 -> 2413 | Z20: 0.01 | AA20: 70 | AB20: 42 | AC20: =AC19+1 -> 11 | AD20: =IF(I20>S20,I20-S20,I20-S20) -> 2206
A21: =A20+1 -> 12 | B21: 6915.76 | C21: 345545 | D21: =C21-C20 -> 1586 | E21: =C21-152000 -> 193545 | F21: =D21/$D$2 -> 799.59667 | G21: 2444 | H21: 133 | I21: =G21+H21 -> 2577 | J21: =IF(L21>0,L21,0) -> 576.59667 | K21: =I21+J21 -> 3153.5967 | L21: =F21-(I21-W21) -> 576.59667 | M21: 169 | N21: 0 | O21: 0 | P21: =M21-(N21+O21) -> 169 | Q21: 92 | R21: 91 | S21: =SUM(P21:R21) -> 352 | T21: =T20 -> 0 | U21: 0 | V21: 2002 | W21: =N21+O21+S21+U21+V21 -> 2354 | X21: =IF(L21<0,L21*-1,0) -> 0 | Y21: =W21+X21 -> 2354 | Z21: 0.01 | AA21: 70 | AB21: 42 | AC21: =AC20+1 -> 12 | AD21: =IF(I21>S21,I21-S21,I21-S21) -> 2225
A22: =A21+1 -> 13 | B22: 6916.04 | C22: 346715 | D22: =C22-C21 -> 1170 | E22: =C22-152000 -> 194715 | F22: =D22/$D$2 -> 589.8664 | G22: 2507 | H22: 126 | I22: =G22+H22 -> 2633 | J22: =IF(L22>0,L22,0) -> 351.8664 | K22: =I22+J22 -> 2984.8664 | L22: =F22-(I22-W22) -> 351.8664 | M22: 182 | N22: 0 | O22: 0 | P22: =M22-(N22+O22) -> 182 | Q22: 125 | R22: 86 | S22: =SUM(P22:R22) -> 393 | T22: =T21 -> 0 | U22: 0 | V22: 2002 | W22: =N22+O22+S22+U22+V22 -> 2395 | X22: =IF(L22<0,L22*-1,0) -> 0 | Y22: =W22+X22 -> 2395 | Z22: 0.02 | AA22: 73 | AB22: 42 | AC22: =AC21+1 -> 13 | AD22: =IF(I22>S22,I22-S22,I22-S22) -> 2240
... A36: =A35+1 -> 27 | B36: 6918.56 | C36: 357387 | D36: =C36-C35 -> -213 | E36: =C36-152000 -> 205387 | F36: =D36/$D$2 -> -107.38593 | G36: 1267 | H36: 54 | I36: =G36+H36 -> 1321 | J36: =IF(L36>0,L36,0) -> 219.61407 | K36: =I36+J36 -> 1540.6141 | L36: =F36-(I36-W36) -> 219.61407 | M36: 197 | N36: 0 | O36: 0 | P36: =M36-(N36+O36) -> 197 | Q36: 163 | R36: 87 | S36: =SUM(P36:R36) -> 447 | T36: =T35 -> 0 | U36: 0 | V36: 1201 | W36: =N36+O36+S36+U36+V36 -> 1648 | X36: =IF(L36<0,L36*-1,0) -> 0 | Y36: =W36+X36 -> 1648 | Z36: 0 | AA36: 60 | AB36: 32 | AC36: =AC35+1 -> 27 | AD36: =IF(I36>S36,I36-S36,I36-S36) -> 874
A37: 28 | B37: 6918.45 | C37: 356917 | D37: =C37-C36 -> -470 | E37: =C37-152000 -> 204917 | F37: =D37/$D$2 -> -236.95488 | G37: 1139 | H37: 37 | I37: =G37+H37 -> 1176 | J37: =IF(L37>0,L37,0) -> 235.04512 | K37: =I37+J37 -> 1411.0451 | L37: =F37-(I37-W37) -> 235.04512 | M37: 193 | N37: 0 | O37: 0 | P37: =M37-(N37+O37) -> 193 | Q37: 163 | R37: 86 | S37: =SUM(P37:R37) -> 442 | T37: =T36 -> 0 | U37: 0 | V37: 1206 | W37: =N37+O37+S37+U37+V37 -> 1648 | X37: =IF(L37<0,L37*-1,0) -> 0 | Y37: =W37+X37 -> 1648 | Z37: 0 | AA37: 63 | AB37: 32 | AC37: 28 | AD37: =IF(I37>S37,I37-S37,I37-S37) -> 734
A38: 29 | B38: 6918.15 | C38: 355635 | D38: =C38-C37 -> -1282 | E38: =C38-152000 -> 203635 | F38: =D38/$D$2 -> -646.33224 | G38: 1042 | H38: 25 | I38: =G38+H38 -> 1067 | J38: =IF(L38>0,L38,0) -> 0 | K38: =I38+J38 -> 1067 | L38: =F38-(I38-W38) -> -76.332241 | M38: 191 | N38: 0 | O38: 0 | P38: =M38-(N38+O38) -> 191 | Q38: 164 | R38: 81 | S38: =SUM(P38:R38) -> 436 | T38: =T37 -> 0 | U38: 0 | V38: 1201 | W38: =N38+O38+S38+U38+V38 -> 1637 | X38: =IF(L38<0,L38*-1,0) -> 76.332241 | Y38: =W38+X38 -> 1713.3322 | Z38: 0 | AA38: 64 | AB38: 35 | AC38: 29 | AD38: =IF(I38>S38,I38-S38,I38-S38) -> 631
A39: 30 | B39: 6918.06 | C39: 355250 | D39: =C39-C38 -> -385 | E39: =C39-152000 -> 203250 | F39: =D39/$D$2 -> -194.10134 | G39: 947 | H39: 21 | I39: =G39+H39 -> 968 | J39: =IF(L39>0,L39,0) -> 475.89866 | K39: =I39+J39 -> 1443.8987 | L39: =F39-(I39-W39) -> 475.89866 | M39: 191 | N39: 0 | O39: 0 | P39: =M39-(N39+O39) -> 191 | Q39: 164 | R39: 82 | S39: =SUM(P39:R39) -> 437 | T39: =T38 -> 0 | U39: 0 | V39: 1201 | W39: =N39+O39+S39+U39+V39 -> 1638 | X39: =IF(L39<0,L39*-1,0) -> 0 | Y39: =W39+X39 -> 1638 | Z39: 0 | AA39: 70 | AB39: 39 | AC39: 30 | AD39: =IF(I39>S39,I39-S39,I39-S39) -> 531
A40: 31 | B40: 6917.88 | C40: 354485 | D40: =C40-C39 -> -765 | E40: =C40-152000 -> 202485 | F40: =D40/$D$2 -> -385.68188 | G40: 967 | H40: 16 | I40: =G40+H40 -> 983 | J40: =IF(L40>0,L40,0) -> 267.31812 | K40: =I40+J40 -> 1250.3181 | L40: =F40-(I40-W40) -> 267.31812 | M40: 190 | N40: 0 | O40: 0 | P40: =M40-(N40+O40) -> 190 | Q40: 164 | R40: 81 | S40: =SUM(P40:R40) -> 435 | T40: =T39 -> 0 | U40: 0 | V40: 1201 | W40: =N40+O40+S40+U40+V40 -> 1636 | X40: =IF(L40<0,L40*-1,0) -> 0 | Y40: =W40+X40 -> 1636 | Z40: 0 | AA40: 75 | AB40: 42 | AC40: 31 | AD40: =IF(I40>S40,I40-S40,I40-S40) -> 548
A42: MONTH / CFS | F42: =SUM(F10:F40) -> 12730.023 | G42: =SUM(G10:G40) -> 68593 | H42: =SUM(H10:H40) -> 4454 | I42: =SUM(I10:I40) -> 73047 | J42: =SUM(J10:J40) -> 12907.355 | K42: =SUM(K10:K40) -> 85954.355 | L42: =SUM(L10:L40) -> 12831.023 | M42: =SUM(M10:M40) -> 5528 | ... S42: =SUM(S10:S40) -> 13083 | U42: =SUM(U10:U40) -> 76 | V42: =SUM(V10:V40) -> 59989 | W42: =SUM(W10:W40) -> 73148 | X42: =SUM(X10:X40) -> 76.332241 | Y42: =SUM(Y10:Y40) -> 73224.332 | Z42: =SUM(Z10:Z40) -> 1.39 | AA42: =AVERAGE(AA10:AA40) -> 67.387097 | AB42: =AVERAGE(AB10:AB40) -> 40.354839 | AC42: AVG
A43: MONTH / AF | D43: =SUM(D10:D40) -> 25250 | F43: =F42*$D$2 -> 25250 | G43: =G42*$D$2 -> 136054.22 | H43: =H42*$D$2 -> 8834.509 | I43: =I42*$D$2 -> 144888.72 | J43: =J42*$D$2 -> 25601.738 | K43: =K42*$D$2 -> 170490.46 | L43: =L42*$D$2 -> 25450.334 | M43: =M42*$D$2 -> 10964.788 | ... S43: =S42*$D$2 -> 25950.13 | U43: =U42*$D$2 -> 150.746 | V43: =V42*$D$2 -> 118988.18 | W43: =W42*$D$2 -> 145089.06 | X43: =X42*$D$2 -> 151.405 | Y43: =Y42*$D$2 -> 145240.46 | AA43: =MAX(AA10:AA40) -> 75 | AB43: =MAX(AB10:AB40) -> 46 | AC43: HI
A45: SEASON / CFS | F45: =F7+F42 -> 31961.18 | G45: =G7+G42 -> 104051 | H45: =H7+H42 -> 12634 | I45: =I7+I42 -> 116685 | J45: =J7+J42 -> 37567.512 | K45: =K7+K42 -> 154252.51 | L45: =L7+L42 -> 37491.18 | M45: =M7+M42 -> 6750 | ... S45: =S7+S42 -> 15093 | T45: =T40+T42 -> 0 | U45: =U7+U42 -> 189 | V45: =V7+V42 -> 106933 | W45: =W7+W42 -> 122215 | X45: =X7+X42 -> 76.332241 | Y45: =Y7+Y42 -> 122291.33 | AA45: =MIN(AA10:AA40) -> 57 | AB45: =MIN(AB10:AB40) -> 32 | AC45: LO
A46: SEASON / AF | F46: =F45*$D$2 -> 63395 | G46: =G45*$D$2 -> 206385.16 | H46: =H45*$D$2 -> 25059.539 | I46: =I45*$D$2 -> 231444.7 | J46: =J45*$D$2 -> 74515.16 | K46: =K45*$D$2 -> 305959.86 | L46: =L45*$D$2 -> 74363.755 | M46: =M45*$D$2 -> 13388.625 | ... Y46: =Y45*$D$2 -> 242564.86
A48: YTD / CFS | F48: =F8+F42 -> 32413.411 | G48: =G8+G42 -> 134501 | H48: =H8+H42 -> 16045 | I48: =I8+I42 -> 150004.9 | J48: =J8+J42 -> 44401.957 | K48: =K8+K42 -> 194406.86 | L48: =L8+L42 -> 43219.511 | M48: =M8+M42 -> 8316 | ... S48: =S8+S42 -> 19385.92 | U48: =U8+U42 -> 190 | V48: =V8+V42 -> 141235 | W48: =W8+W42 -> 160811 | X48: =X8+X42 -> 1182.4462 | Y48: =Y8+Y42 -> 161993.45 | Z48: =Z8+Z42 -> 8.8
A49: YTD / AF | D49: =D8+D43 -> 64292 | E49: =E40 -> 202485 | F49: =F48*$D$2 -> 64292 | G49: =G48*$D$2 -> 266782.73 | H49: =H48*$D$2 -> 31825.257 | I49: =I48*$D$2 -> 297534.72 | J49: =J48*$D$2 -> 88071.281 | K49: =K48*$D$2 -> 385606 | L49: =L48*$D$2 -> 85725.899 | M49: =M48*$D$2 -> 16494.786 | ... Y49: =Y48*$D$2 -> 321314
G51: =7308+2932 -> 10240 | T51: -15086
B52: Slack (to cover evap & M&I) | E52: =E40-((O53+U53+#REF!+(T53*-1))) -> #REF! | F52: =2932/210 -> 13.961905 | G52: =7308/210 -> 34.8 | O52: 6289 | T52: =F52*F53 -> 823.75238 | U52: 14805
B53: Should be | E53: =G51-G53 -> 7363.0476 | F53: 59 | G53: =(F52*F53)+(G52*F53) -> 2876.9524 | I53: Remaining / based on 44,000 runoff | O53: =O52-O49 -> 6289 | T53: =T51+T52-T46 -> -14262.248 | U53: =U52-U49 -> 14428.135
D54: Diff | E54: =E52-E53 -> #REF! | F54: Daily M&I & Evap

Sheet JUN
K1: MC PHEE RESERVOIR IN/OUT FLOW TABULATION
A2: AF/cfs CONVERT FACTOR | D2: 1.9835 | K2: JUNE "1887"
A4: DATE | B4: RESERV | C4: RESERV | D4: AC FT | E4: ACTIVE | F4: CONV TO | G4: DOLORES | H4: LOST | I4: RECORDED | J4: CALC | K4: TOTAL | L4: CALC | M4: TUNNEL | Q4: LONE | R4: U | S4: TOTAL | T4: MVI | U4: DV CR | V4: BELOW | W4: RECORDED | X4: CALC | Y4: TOTAL | Z4: RAIN | AA4: MAX | AB4: MIN | AC4: DATE | AD4: MVIC
A5: "JUN" | B5: ELEV | C5: AC FT | D5: CHANGE | E5: CAP | F5: CFS | G5: RIVER | H5: CANYON | I5: INFLOW | J5: INFLOW | K5: INFLOW | L5: INF/OTF | M5: TOT DIV | N5: WETLAND | O5: UTE F&R | P5: MVI/CTZ/MWC | Q5: PINE | R5: LAT | S5: MVI | T5: CALL | U5: CANAL | V5: MC PHEE | W5: OUTFLOW | X5: OUTFLOW | Y5: OUTFLOW | AA5: TMP | AB5: TMP | AC5: "JUN" | AD5: Daily Call
A7: SEASON BAL | F7: =MAY!F45 -> 31961.18 | G7: =MAY!G45 -> 104051 | H7: =MAY!H45 -> 12634 | I7: =MAY!I45 -> 116685 | J7: =MAY!J45 -> 37567.512 | K7: =MAY!K45 -> 154252.51 | L7: =MAY!L45 -> 37491.18 | M7: =MAY!M45 -> 6750 | ... Y7: =MAY!Y45 -> 122291.33
A8: YTD | B8: =MAY!B40 -> 6917.88 | C8: =MAY!C40 -> 354485 | D8: =MAY!D49 -> 64292 | E8: =MAY!E49 -> 202485 | F8: =MAY!F48 -> 32413.411 | G8: =MAY!G48 -> 134501 | H8: =MAY!H48 -> 16045 | I8: =MAY!I48 -> 150004.9 | J8: =MAY!J48 -> 44401.957 | K8: =MAY!K48 -> 194406.86 | L8: =MAY!L48 -> 43219.511 | M8: =MAY!M48 -> 8316 | ... Z8: =MAY!Z48 -> 8.8
O9: 0 | R9: 0
A10: 1 | B10: 6917.88 | C10: 354485 | D10: =C10-C8 -> 0 | E10: =C10-152000 -> 202485 | F10: =D10/$D$2 -> 0 | G10: 1286 | H10: 20 | I10: =G10+H10 -> 1306 | J10: =IF(L10>0,L10,0) -> 352 | K10: =I10+J10 -> 1658 | L10: =F10-(I10-W10) -> 352 | M10: 199 | N10: 0 | O10: 0 | P10: =M10-(N10+O10) -> 199 | Q10: 164 | R10: 94 | S10: =SUM(P10:R10) -> 457 | T10: =T7 -> 0 | U10: 0 | V10: 1201 | W10: =N10+O10+S10+U10+V10 -> 1658 | X10: =IF(L10<0,L10*-1,0) -> 0 | Y10: =W10+X10 -> 1658 | Z10: 0 | AA10: 77 | AB10: 42 | AC10: 1 | AD10: =IF(I10>S10,I10-S10,I10-S10) -> 849
A11: =A10+1 -> 2 | B11: 6918.11 | C11: 355464 | D11: =C11-C10 -> 979 | E11: =C11-152000 -> 203464 | F11: =D11/$D$2 -> 493.57197 | G11: 1757 | H11: 23 | I11: =G11+H11 -> 1780 | J11: =IF(L11>0,L11,0) -> 370.57197 | K11: =I11+J11 -> 2150.572 | L11: =F11-(I11-W11) -> 370.57197 | M11: 206 | N11: 0 | O11: 0 | P11: =M11-(N11+O11) -> 206 | Q11: 164 | R11: 86 | S11: =SUM(P11:R11) -> 456 | T11: =T10 -> 0 | U11: 0 | V11: 1201 | W11: =N11+O11+S11+U11+V11 -> 1657 | X11: =IF(L11<0,L11*-1,0) -> 0 | Y11: =W11+X11 -> 1657 | Z11: 0 | AA11: 79 | AB11: 42 | AC11: =AC10+1 -> 2 | AD11: =IF(I11>S11,I11-S11,I11-S11) -> 1324
A12: =A11+1 -> 3 | B12: 6918.48 | C12: 357045 | D12: =C12-C11 -> 1581 | E12: =C12-152000 -> 205045 | F12: =D12/$D$2 -> 797.07588 | G12: 2111 | H12: 2 | I12: =G12+H12 -> 2113 | J12: =IF(L12>0,L12,0) -> 347.07588 | K12: =I12+J12 -> 2460.0759 | L12: =F12-(I12-W12) -> 347.07588 | M12: 212 | N12: 0 | O12: 0 | P12: =M12-(N12+O12) -> 212 | Q12: 164 | R12: 86 | S12: =SUM(P12:R12) -> 462 | T12: =T11 -> 0 | U12: 0 | V12: 1201 | W12: =N12+O12+S12+U12+V12 -> 1663 | X12: =IF(L12<0,L12*-1,0) -> 0 | Y12: =W12+X12 -> 1663 | Z12: 0 | AA12: 83 | AB12: 40 | AC12: =AC11+1 -> 3 | AD12: =IF(I12>S12,I12-S12,I12-S12) -> 1651
A13: =A12+1 -> 4 | B13: 6919.07 | C13: 359568 | D13: =C13-C12 -> 2523 | E13: =C13-152000 -> 207568 | F13: =D13/$D$2 -> 1271.994 | G13: 2455 | H13: 0 | I13: =G13+H13 -> 2455 | J13: =IF(L13>0,L13,0) -> 484.99395 | K13: =I13+J13 -> 2939.994 | L13: =F13-(I13-W13) -> 484.99395 | M13: 217 | N13: 0 | O13: 0 | P13: =M13-(N13+O13) -> 217 | Q13: 164 | R13: 86 | S13: =SUM(P13:R13) -> 467 | T13: =T12 -> 0 | U13: 0 | V13: 1201 | W13: =N13+O13+S13+U13+V13 -> 1668 | X13: =IF(L13<0,L13*-1,0) -> 0 | Y13: =W13+X13 -> 1668 | Z13: 0.02 | AA13: 82 | AB13: 40 | AC13: =AC12+1 -> 4 | AD13: =IF(I13>S13,I13-S13,I13-S13) -> 1988
A14: =A13+1 -> 5 | B14: 6919.45 | C14: 361205 | D14: =C14-C13 -> 1637 | E14: =C14-152000 -> 209205 | F14: =D14/$D$2 -> 825.3088 | G14: 2378 | H14: 0 | I14: =G14+H14 -> 2378 | J14: =IF(L14>0,L14,0) -> 117.3088 | K14: =I14+J14 -> 2495.3088 | L14: =F14-(I14-W14) -> 117.3088 | M14: 218 | N14: 0 | O14: 0 | P14: =M14-(N14+O14) -> 218 | Q14: 165 | R14: 86 | S14: =SUM(P14:R14) -> 469 | T14: =T13 -> 0 | U14: 0 | V14: 1201 | W14: =N14+O14+S14+U14+V14 -> 1670 | X14: =IF(L14<0,L14*-1,0) -> 0 | Y14: =W14+X14 -> 1670 | Z14: 0 | AA14: 80 | AB14: 47 | AC14: 5 | AD14: =IF(I14>S14,I14-S14,I14-S14) -> 1909
A15: =A14+1 -> 6 | B15: 6920.07 | C15: 363877 | D15: =C15-C14 -> 2672 | E15: =C15-152000 -> 211877 | F15: =D15/$D$2 -> 1347.1137 | G15: 2612 | H15: 0 | I15: =G15+H15 -> 2612 | J15: =IF(L15>0,L15,0) -> 406.11369 | K15: =I15+J15 -> 3018.1137 | L15: =F15-(I15-W15) -> 406.11369 | M15: 218 | N15: 0 | O15: 0 | P15: =M15-(N15+O15) -> 218 | Q15: 165 | R15: 87 | S15: =SUM(P15:R15) -> 470 | T15: =T14 -> 0 | U15: 0 | V15: 1201 | W15: =N15+O15+S15+U15+V15 -> 1671 | X15: =IF(L15<0,L15*-1,0) -> 0 | Y15: =W15+X15 -> 1671 | Z15: 0.03 | AA15: 80 | AB15: 52 | AC15: =AC14+1 -> 6 | AD15: =IF(I15>S15,I15-S15,I15-S15) -> 2142
A16: =A15+1 -> 7 | B16: 6920.65 | C16: 366439 | D16: =C16-C15 -> 2562 | E16: =C16-152000 -> 214439 | F16: =D16/$D$2 -> 1291.6562 | G16: 2812 | H16: 0 | I16: =G16+H16 -> 2812 | J16: =IF(L16>0,L16,0) -> 152.65616 | K16: =I16+J16 -> 2964.6562 | L16: =F16-(I16-W16) -> 152.65616 | M16: 219 | N16: 0 | O16: 0 | P16: =M16-(N16+O16) -> 219 | Q16: 166 | R16: 87 | S16: =SUM(P16:R16) -> 472 | T16: =T15 -> 0 | U16: 0 | V16: 1201 | W16: =N16+O16+S16+U16+V16 -> 1673 | X16: =IF(L16<0,L16*-1,0) -> 0 | Y16: =W16+X16 -> 1673 | Z16: 0.01 | AA16: 74 | AB16: 50 | AC16: =AC15+1 -> 7 | AD16: =IF(I16>S16,I16-S16,I16-S16) -> 2340
A17: =A16+1 -> 8 | B17: 6921.32 | C17: 369316 | D17: =C17-C16 -> 2877 | E17: =C17-152000 -> 217316 | F17: =D17/$D$2 -> 1450.4663 | G17: 2501 | H17: 0 | I17: =G17+H17 -> 2501 | J17: =IF(L17>0,L17,0) -> 621.46635 | K17: =I17+J17 -> 3122.4663 | L17: =F17-(I17-W17) -> 621.46635 | M17: 219 | N17: 0 | O17: 0 | P17: =M17-(N17+O17) -> 219 | Q17: 167 | R17: 85 | S17: =SUM(P17:R17) -> 471 | T17: =T16 -> 0 | U17: 0 | V17: 1201 | W17: =N17+O17+S17+U17+V17 -> 1672 | X17: =IF(L17<0,L17*-1,0) -> 0 | Y17: =W17+X17 -> 1672 | Z17: 0.47 | AA17: 71 | AB17: 52 | AC17: =AC16+1 -> 8 | AD17: =IF(I17>S17,I17-S17,I17-S17) -> 2030
A18: =A17+1 -> 9 | B18: 6922.06 | C18: 372558 | D18: =C18-C17 -> 3242 | E18: =C18-152000 -> 220558 | F18: =D18/$D$2 -> 1634.4845 | G18: 2891 | H18: 0 | I18: =G18+H18 -> 2891 | J18: =IF(L18>0,L18,0) -> 413.4845 | K18: =I18+J18 -> 3304.4845 | L18: =F18-(I18-W18) -> 413.4845 | M18: 216 | N18: 0 | O18: 0 | P18: =M18-(N18+O18) -> 216 | Q18: 168 | R18: 85 | S18: =SUM(P18:R18) -> 469 | T18: =T17 -> 0 | U18: 0 | V18: 1201 | W18: =N18+O18+S18+U18+V18 -> 1670 | X18: =IF(L18<0,L18*-1,0) -> 0 | Y18: =W18+X18 -> 1670 | Z18: 0 | AA18: 76 | AB18: 50 | AC18: =AC17+1 -> 9 | AD18: =IF(I18>S18,I18-S18,I18-S18) -> 2422
A19: =A18+1 -> 10 | B19: 6922.2 | C19: 373177 | D19: =C19-C18 -> 619 | E19: =C19-152000 -> 221177 | F19: =D19/$D$2 -> 312.07462 | G19: 2783 | H19: 0 | I19: =G19+H19 -> 2783 | J19: =IF(L19>0,L19,0) -> 0 | K19: =I19+J19 -> 2783 | L19: =F19-(I19-W19) -> -309.92538 | M19: 202 | N19: 0 | O19: 0 | P19: =M19-(N19+O19) -> 202 | Q19: 168 | R19: 85 | S19: =SUM(P19:R19) -> 455 | T19: =T18 -> 0 | U19: 27 | V19: 1679 | W19: =N19+O19+S19+U19+V19 -> 2161 | X19: =IF(L19<0,L19*-1,0) -> 309.92538 | Y19: =W19+X19 -> 2470.9254 | Z19: 0 | AA19: 80 | AB19: 49 | AC19: =AC18+1 -> 10 | AD19: =IF(I19>S19,I19-S19,I19-S19) -> 2328
A20: =A19+1 -> 11 | B20: 6922.25 | C20: 373397 | D20: =C20-C19 -> 220 | E20: =C20-152000 -> 221397 | F20: =D20/$D$2 -> 110.91505 | G20: 2507 | H20: 0 | I20: =G20+H20 -> 2507 | J20: =IF(L20>0,L20,0) -> 66.915049 | K20: =I20+J20 -> 2573.915 | L20: =F20-(I20-W20) -> 66.915049 | M20: 200 | N20: 0 | O20: 0 | P20: =M20-(N20+O20) -> 200 | Q20: 169 | R20: 85 | S20: =SUM(P20:R20) -> 454 | T20: =T19 -> 0 | U20: 7 | V20: 2002 | W20: =N20+O20+S20+U20+V20 -> 2463 | X20: =IF(L20<0,L20*-1,0) -> 0 | Y20: =W20+X20 -> 2463 | Z20: 0 | AA20: 83 | AB20: 56 | AC20: =AC19+1 -> 11 | AD20: =IF(I20>S20,I20-S20,I20-S20) -> 2053
A21: =A20+1 -> 12 | B21: 6922.52 | C21: 374589 | D21: =C21-C20 -> 1192 | E21: =C21-152000 -> 222589 | F21: =D21/$D$2 -> 600.9579 | G21: 2327 | H21: 0 | I21: =G21+H21 -> 2327 | J21: =IF(L21>0,L21,0) -> 449.9579 | K21: =I21+J21 -> 2776.9579 | L21: =F21-(I21-W21) -> 449.9579 | M21: 200 | N21: 0 | O21: 0 | P21: =M21-(N21+O21) -> 200 | Q21: 170 | R21: 85 | S21: =SUM(P21:R21) -> 455 | T21: =T20 -> 0 | U21: 0 | V21: 1721 | W21: =N21+O21+S21+U21+V21 -> 2176 | X21: =IF(L21<0,L21*-1,0) -> 0 | Y21: =W21+X21 -> 2176 | Z21: 0 | AA21: 85 | AB21: 51 | AC21: =AC20+1 -> 12 | AD21: =IF(I21>S21,I21-S21,I21-S21) -> 1872
A22: =A21+1 -> 13 | B22: 6922.7 | C22: 375384 | D22: =C22-C21 -> 795 | E22: =C22-152000 -> 223384 | F22: =D22/$D$2 -> 400.80665 | G22: 2349 | H22: 0 | I22: =G22+H22 -> 2349 | J22: =IF(L22>0,L22,0) -> 108.80665 | K22: =I22+J22 -> 2457.8067 | L22: =F22-(I22-W22) -> 108.80665 | M22: 200 | N22: 0 | O22: 0 | P22: =M22-(N22+O22) -> 200 | Q22: 172 | R22: 84 | S22: =SUM(P22:R22) -> 456 | T22: =T21 -> 0 | U22: 0 | V22: 1601 | W22: =N22+O22+S22+U22+V22 -> 2057 | X22: =IF(L22<0,L22*-1,0) -> 0 | Y22: =W22+X22 -> 2057 | Z22: 0 | AA22: 87 | AB22: 53 | AC22: =AC21+1 -> 13 | AD22: =IF(I22>S22,I22-S22,I22-S22) -> 1893
A23: =A22+1 -> 14 | B23: 6922.95 | C23: 376488 | D23: =C23-C22 -> 1104 | E23: =C23-152000 -> 224488 | F23: =D23/$D$2 -> 556.59188 | G23: 2412 | H23: 0 | I23: =G23+H23 -> 2412 | J23: =IF(L23>0,L23,0) -> 201.59188 | K23: =I23+J23 -> 2613.5919 | L23: =F23-(I23-W23) -> 201.59188 | M23: 200 | N23: 0 | O23: 0 | P23: =M23-(N23+O23) -> 200 | Q23: 172 | R23: 84 | S23: =SUM(P23:R23) -> 456 | T23: =T22 -> 0 | U23: 0 | V23: 1601 | W23: =N23+O23+S23+U23+V23 -> 2057 | X23: =IF(L23<0,L23*-1,0) -> 0 | Y23: =W23+X23 -> 2057 | Z23: 0 | AA23: 87 | AB23: 51 | AC23: =AC22+1 -> 14 | AD23: =IF(I23>S23,I23-S23,I23-S23) -> 1956
A24: =A23+1 -> 15 | B24: 6923.14 | C24: 377332 | D24: =C24-C23 -> 844 | E24: =C24-152000 -> 225332 | F24: =D24/$D$2 -> 425.51046 | G24: 2394 | H24: 0 | I24: =G24+H24 -> 2394 | J24: =IF(L24>0,L24,0) -> 173.51046 | K24: =I24+J24 -> 2567.5105 | L24: =F24-(I24-W24) -> 173.51046 | M24: 200 | N24: 0 | O24: 0 | P24: =M24-(N24+O24) -> 200 | Q24: 168 | R24: 85 | S24: =SUM(P24:R24) -> 453 | T24: =T23 -> 0 | U24: 0 | V24: 1689 | W24: =N24+O24+S24+U24+V24 -> 2142 | X24: =IF(L24<0,L24*-1,0) -> 0 | Y24: =W24+X24 -> 2142 | Z24: 0.27 | AA24: 83 | AB24: 53 | AC24: =AC23+1 -> 15 | AD24: =IF(I24>S24,I24-S24,I24-S24) -> 1941
A25: =A24+1 -> 16 | B25: 6923.21 | C25: 377643 | D25: =C25-C24 -> 311 | E25: =C25-152000 -> 225643 | F25: =D25/$D$2 -> 156.79355 | G25: 2397 | H25: 0 | I25: =G25+H25 -> 2397 | J25: =IF(L25>0,L25,0) -> 0 | K25: =I25+J25 -> 2397 | L25: =F25-(I25-W25) -> -4.2064532 | M25: 200 | N25: 0 | O25: 0 | P25: =M25-(N25+O25) -> 200 | Q25: 151 | R25: 83 | S25: =SUM(P25:R25) -> 434 | T25: =T24 -> 0 | U25: 0 | V25: 1802 | W25: =N25+O25+S25+U25+V25 -> 2236 | X25: =IF(L25<0,L25*-1,0) -> 4.2064532 | Y25: =W25+X25 -> 2240.2065 | Z25: 0 | AA25: 76 | AB25: 50 | AC25: =AC24+1 -> 16 | AD25: =IF(I25>S25,I25-S25,I25-S25) -> 1963
A26: =A25+1 -> 17 | B26: 6923.12 | C26: 377243 | D26: =C26-C25 -> -400 | E26: =C26-152000 -> 225243 | F26: =D26/$D$2 -> -201.66373 | G26: 2031 | H26: 0 | I26: =G26+H26 -> 2031 | J26: =IF(L26>0,L26,0) -> 10.336274 | K26: =I26+J26 -> 2041.3363 | L26: =F26-(I26-W26) -> 10.336274 | M26: 200 | N26: 0 | O26: 0 | P26: =M26-(N26+O26) -> 200 | Q26: 159 | R26: 82 | S26: =SUM(P26:R26) -> 441 | T26: =T25 -> 0 | U26: 0 | V26: 1802 | W26: =N26+O26+S26+U26+V26 -> 2243 | X26: =IF(L26<0,L26*-1,0) -> 0 | Y26: =W26+X26 -> 2243 | Z26: 0 | AA26: 81 | AB26: 52 | AC26: =AC25+1 -> 17 | AD26: =IF(I26>S26,I26-S26,I26-S26) -> 1590
... A38: =A37+1 -> 29 | B38: 6923.03 | C38: 376842 | D38: =C38-C37 -> 310 | E38: =C38-152000 -> 224842 | F38: =D38/$D$2 -> 156.28939 | G38: 1317 | H38: 0 | I38: =G38+H38 -> 1317 | J38: =IF(L38>0,L38,0) -> 0 | K38: =I38+J38 -> 1317 | L38: =F38-(I38-W38) -> -10.710613 | M38: 215 | N38: 0 | O38: 0 | P38: =M38-(N38+O38) -> 215 | Q38: 135 | R38: 86 | S38: =SUM(P38:R38) -> 436 | T38: =T37 -> 0 | U38: 0 | V38: 714 | W38: =N38+O38+S38+U38+V38 -> 1150 | X38: =IF(L38<0,L38*-1,0) -> 10.710613 | Y38: =W38+X38 -> 1160.7106 | Z38: 0.17 | AA38: 74 | AB38: 50 | AC38: =AC37+1 -> 29 | AD38: =IF(I38>S38,I38-S38,I38-S38) -> 881
A39: 30 | B39: 6923.14 | C39: 377332 | D39: =C39-C38 -> 490 | E39: =C39-152000 -> 225332 | F39: =D39/$D$2 -> 247.03806 | G39: 1179 | H39: 0 | I39: =G39+H39 -> 1179 | J39: =IF(L39>0,L39,0) -> 1.038064 | K39: =I39+J39 -> 1180.0381 | L39: =F39-(I39-W39) -> 1.038064 | M39: 218 | N39: 0 | O39: 0 | P39: =M39-(N39+O39) -> 218 | Q39: 129 | R39: 86 | S39: =SUM(P39:R39) -> 433 | T39: =T38 -> 0 | U39: 0 | V39: 500 | W39: =N39+O39+S39+U39+V39 -> 933 | X39: =IF(L39<0,L39*-1,0) -> 0 | Y39: =W39+X39 -> 933 | Z39: 0 | AA39: 82 | AB39: 50 | AC39: 30 | AD39: =IF(I39>S39,I39-S39,I39-S39) -> 746
H40: 0.29
A41: MONTH / CFS | F41: =SUM(F10:F39) -> 11518.528 | G41: =SUM(G10:G39) -> 58550 | H41: =SUM(H10:H39) -> 45 | I41: =SUM(I10:I39) -> 58595 | J41: =SUM(J10:J39) -> 5599.2312 | K41: =SUM(K10:K39) -> 64194.231 | L41: =SUM(L10:L39) -> 4871.5279 | M41: =SUM(M10:M39) -> 6205 | ... S41: =SUM(S10:S39) -> 13580 | U41: =SUM(U10:U39) -> 87 | V41: =SUM(V10:V39) -> 38281 | W41: =SUM(W10:W39) -> 51948 | X41: =SUM(X10:X39) -> 727.7033 | Y41: =SUM(Y10:Y39) -> 52675.703 | Z41: =SUM(Z10:Z39) -> 0.97 | AA41: =AVERAGE(AA10:AA39) -> 81.166667 | AB41: =AVERAGE(AB10:AB39) -> 49.066667 | AC41: AVG
A42: MONTH / AF | D42: =SUM(D10:D39) -> 22847 | F42: =F41*$D$2 -> 22847 | G42: =G41*$D$2 -> 116133.93 | H42: =H41*$D$2 -> 89.2575 | I42: =I41*$D$2 -> 116223.18 | J42: =J41*$D$2 -> 11106.075 | K42: =K41*$D$2 -> 127329.26 | L42: =L41*$D$2 -> 9662.6755 | M42: =M41*$D$2 -> 12307.618 | ... S42: =S41*$D$2 -> 26935.93 | U42: =U41*$D$2 -> 172.5645 | V42: =V41*$D$2 -> 75930.364 | W42: =W41*$D$2 -> 103038.86 | X42: =X41*$D$2 -> 1443.3995 | Y42: =Y41*$D$2 -> 104482.26 | AA42: =MAX(AA10:AA39) -> 87 | AB42: =MAX(AB10:AB39) -> 56 | AC42: HI
A44: SEASON / CFS | F44: =F7+F41 -> 43479.708 | G44: =G7+G41 -> 162601 | H44: =H7+H41 -> 12679 | I44: =I7+I41 -> 175280 | J44: =J7+J41 -> 43166.743 | K44: =K7+K41 -> 218446.74 | L44: =L7+L41 -> 42362.708 | M44: =M7+M41 -> 12955 | ... S44: =S7+S41 -> 28673 | T44: =T39 -> 0 | U44: =U7+U41 -> 276 | V44: =V7+V41 -> 145214 | W44: =W7+W41 -> 174163 | X44: =X7+X41 -> 804.03554 | Y44: =Y7+Y41 -> 174967.04 | AA44: =MIN(AA10:AA39) -> 71 | AB44: =MIN(AB10:AB39) -> 40 | AC44: LO
A45: SEASON / AF | F45: =F44*$D$2 -> 86242 | G45: =G44*$D$2 -> 322519.08 | H45: =H44*$D$2 -> 25148.797 | I45: =I44*$D$2 -> 347667.88 | J45: =J44*$D$2 -> 85621.235 | K45: =K44*$D$2 -> 433289.11 | L45: =L44*$D$2 -> 84026.431 | M45: =M44*$D$2 -> 25696.243 | ... Y45: =Y44*$D$2 -> 347047.11
A47: YTD / CFS | F47: =F8+F41 -> 43931.938 | G47: =G8+G41 -> 193051 | H47: =H8+H41 -> 16090 | I47: =I8+I41 -> 208599.9 | J47: =J8+J41 -> 50001.188 | K47: =K8+K41 -> 258601.09 | L47: =L8+L41 -> 48091.038 | M47: =M8+M41 -> 14521 | ... S47: =S8+S41 -> 32965.92 | T47: =T39 -> 0 | U47: =U8+U41 -> 277 | V47: =V8+V41 -> 179516 | W47: =W8+W41 -> 212759 | X47: =X8+X41 -> 1910.1495 | Y47: =Y8+Y41 -> 214669.15 | Z47: =Z8+Z41 -> 9.77
A48: YTD / AF | D48: =D8+D42 -> 87139 | E48: =E39 -> 225332 | F48: =F47*$D$2 -> 87139 | G48: =G47*$D$2 -> 382916.66 | H48: =H47*$D$2 -> 31914.515 | I48: =I47*$D$2 -> 413757.9 | J48: =J47*$D$2 -> 99177.356 | K48: =K47*$D$2 -> 512935.26 | L48: =L47*$D$2 -> 95388.575 | M48: =M47*$D$2 -> 28802.404 | ... Y48: =Y47*$D$2 -> 425796.26
B50: Active Storage | E50: =E39 -> 225332 | H50: Apr 1 thru Oct 31 evap & M&I | L50: =3500+2932 -> 6432
B51: Users Balance | E51: =L53+O53+T53+U53+#REF! -> #REF! | H51: AF / day | L51: =L50/210 -> 30.628571 | P51: Days since 4/1 | S51: 91 | T51: 14832
H52: Day left to Oct 31 | L52: =210-S51 -> 119 | O52: 6289 | P52: M&I thru MVIC sys / day | S52: =2932/210 -> 13.961905 | T52: =S51*S52 -> 1270.5333 | U52: =14562+1946+600+15+25 -> 17148
B53: Slack | E53: =E50-E51 -> #REF! | H53: Remaining / based on 44,000 runoff | L53: =L52*L51 -> 3644.8 | O53: =O52-O48 -> 6289 | T53: =(T51+T52)+T45 -> 16102.533 | U53: =U52-U48 -> 16598.571

Sheet JUL
K1: MC PHEE RESERVOIR IN/OUT FLOW TABULATION
A2: AF/cfs CONVERT FACTOR | D2: 1.9835 | K2: JULY "1887"
A4: DATE | B4: RESERV | C4: RESERV | D4: AC FT | E4: ACTIVE | F4: CONV TO | G4: DOLORES | H4: LOST | I4: RECORDED | J4: CALC | K4: TOTAL | L4: CALC | M4: TUNNEL | Q4: LONE | R4: U | S4: TOTAL | T4: MVI | U4: DV CR | V4: BELOW | W4: RECORDED | X4: CALC | Y4: TOTAL | Z4: RAIN | AA4: MAX | AB4: MIN | AC4: DATE
A5: "JUL" | B5: ELEV | C5: AC FT | D5: CHANGE | E5: CAP | F5: CFS | G5: RIVER | H5: CANYON | I5: INFLOW | J5: INFLOW | K5: INFLOW | L5: INF/OTF | M5: TOT DIV | N5: WETLAND | O5: UTE F&R | P5: MVI,CTZ | Q5: PINE | R5: LAT | S5: MVI | T5: CALL | U5: CANAL | V5: MC PHEE | W5: OUTFLOW | X5: OUTFLOW | Y5: OUTFLOW | AA5: TMP | AB5: TMP | AC5: "JUL"
A7: SEASON BAL | F7: =JUN!F44 -> 43479.708 | G7: =JUN!G44 -> 162601 | H7: =JUN!H44 -> 12679 | I7: =JUN!I44 -> 175280 | J7: =JUN!J44 -> 43166.743 | K7: =JUN!K44 -> 218446.74 | L7: =JUN!L44 -> 42362.708 | M7: =JUN!M44 -> 12955 | ... Y7: =JUN!Y44 -> 174967.04
A8: YTD | B8: =JUN!B39 -> 6923.14 | C8: =JUN!C39 -> 377332 | D8: =JUN!D48 -> 87139 | E8: =JUN!E48 -> 225332 | F8: =JUN!F47 -> 43931.938 | G8: =JUN!G47 -> 193051 | H8: =JUN!H47 -> 16090 | I8: =JUN!I47 -> 208599.9 | J8: =JUN!J47 -> 50001.188 | K8: =JUN!K47 -> 258601.09 | L8: =JUN!L47 -> 48091.038 | M8: =JUN!M47 -> 14521 | ... Z8: =JUN!Z47 -> 9.77
A10: 1 | B10: 6923.26 | C10: 377866 | D10: =C10-C8 -> 534 | E10: =C10-152000 -> 225866 | F10: =D10/$D$2 -> 269.22107 | G10: 928 | H10: 0 | I10: =G10+H10 -> 928 | J10: =IF(L10>0,L10,0) -> 65.221074 | K10: =I10+J10 -> 993.22107 | L10: =F10-(I10-W10) -> 65.221074 | M10: 218 | N10: 0 | O10: 0 | P10: =M10-(N10+O10) -> 218 | Q10: 151 | R10: 86 | S10: =SUM(P10:R10) -> 455 | T10: =(I10-S10)+T7 -> 473 | U10: 0 | V10: 269 | W10: =N10+O10+S10+U10+V10 -> 724 | X10: =IF(L10<0,L10*-1,0) -> 0 | Y10: =W10+X10 -> 724 | Z10: 0 | AA10: 85 | AB10: 53 | AC10: 1 | AD10: =IF(I10>S10,I10-S10,I10-S10) -> 473
A11: =A10+1 -> 2 | B11: 6923.33 | C11: 378178 | D11: =C11-C10 -> 312 | E11: =C11-152000 -> 226178 | F11: =D11/$D$2 -> 157.29771 | G11: 832 | H11: 0 | I11: =G11+H11 -> 832 | J11: =IF(L11>0,L11,0) -> 0 | K11: =I11+J11 -> 832 | L11: =F11-(I11-W11) -> -22.702294 | M11: 218 | N11: 0 | O11: 0 | P11: =M11-(N11+O11) -> 218 | Q11: 161 | R11: 88 | S11: =SUM(P11:R11) -> 467 | T11: =(I11-S11)+T10 -> 838 | U11: 0 | V11: 185 | W11: =N11+O11+S11+U11+V11 -> 652 | X11: =IF(L11<0,L11*-1,0) -> 22.702294 | Y11: =W11+X11 -> 674.70229 | Z11: 0 | AA11: 85 | AB11: 57 | AC11: =AC10+1 -> 2 | AD11: =IF(I11>S11,I11-S11,I11-S11) -> 365
A12: =A11+1 -> 3 | B12: 6923.33 | C12: 378178 | D12: =C12-C11 -> 0 | E12: =C12-152000 -> 226178 | F12: =D12/$D$2 -> 0 | G12: 752 | H12: 0 | I12: =G12+H12 -> 752 | J12: =IF(L12>0,L12,0) -> 0 | K12: =I12+J12 -> 752 | L12: =F12-(I12-W12) -> -102 | M12: 218 | N12: 0 | O12: 0 | P12: =M12-(N12+O12) -> 218 | Q12: 158 | R12: 90 | S12: =SUM(P12:R12) -> 466 | T12: =(I12-S12)+T11 -> 1124 | U12: 0 | V12: 184 | W12: =N12+O12+S12+U12+V12 -> 650 | X12: =IF(L12<0,L12*-1,0) -> 102 | Y12: =W12+X12 -> 752 | Z12: 0 | AA12: 84 | AB12: 49 | AC12: =AC11+1 -> 3 | AD12: =IF(I12>S12,I12-S12,I12-S12) -> 286
A13: =A12+1 -> 4 | B13: 6923.32 | C13: 378133 | D13: =C13-C12 -> -45 | E13: =C13-152000 -> 226133 | F13: =D13/$D$2 -> -22.687169 | G13: 689 | H13: 0 | I13: =G13+H13 -> 689 | J13: =IF(L13>0,L13,0) -> 0 | K13: =I13+J13 -> 689 | L13: =F13-(I13-W13) -> -52.687169 | M13: 218 | N13: 0 | O13: 0 | P13: =M13-(N13+O13) -> 218 | Q13: 165 | R13: 90 | S13: =SUM(P13:R13) -> 473 | T13: =(I13-S13)+T12 -> 1340 | U13: 0 | V13: 186 | W13: =N13+O13+S13+U13+V13 -> 659 | X13: =IF(L13<0,L13*-1,0) -> 52.687169 | Y13: =W13+X13 -> 711.68717 | Z13: 0 | AA13: 80 | AB13: 47 | AC13: =AC12+1 -> 4 | AD13: =IF(I13>S13,I13-S13,I13-S13) -> 216
A14: =A13+1 -> 5 | B14: 6923.31 | C14: 378089 | D14: =C14-C13 -> -44 | E14: =C14-152000 -> 226089 | F14: =D14/$D$2 -> -22.18301 | G14: 625 | H14: 0 | I14: =G14+H14 -> 625 | J14: =IF(L14>0,L14,0) -> 8.8169902 | K14: =I14+J14 -> 633.81699 | L14: =F14-(I14-W14) -> 8.8169902 | M14: 218 | N14: 0 | O14: 0 | P14: =M14-(N14+O14) -> 218 | Q14: 159 | R14: 92 | S14: =SUM(P14:R14) -> 469 | T14: =(I14-S14)+T13 -> 1496 | U14: 0 | V14: 187 | W14: =N14+O14+S14+U14+V14 -> 656 | X14: =IF(L14<0,L14*-1,0) -> 0 | Y14: =W14+X14 -> 656 | Z14: 0 | AA14: 82 | AB14: 48 | AC14: =AC13+1 -> 5 | AD14: =IF(I14>S14,I14-S14,I14-S14) -> 156
A15: =A14+1 -> 6 | B15: 6923.28 | C15: 377955 | D15: =C15-C14 -> -134 | E15: =C15-152000 -> 225955 | F15: =D15/$D$2 -> -67.557348 | G15: 588 | H15: 0 | I15: =G15+H15 -> 588 | J15: =IF(L15>0,L15,0) -> 0 | K15: =I15+J15 -> 588 | L15: =F15-(I15-W15) -> -2.5573481 | M15: 218 | N15: 0 | O15: 0 | P15: =M15-(N15+O15) -> 218 | Q15: 159 | R15: 87 | S15: =SUM(P15:R15) -> 464 | T15: =(I15-S15)+T14 -> 1620 | U15: 0 | V15: 189 | W15: =N15+O15+S15+U15+V15 -> 653 | X15: =IF(L15<0,L15*-1,0) -> 2.5573481 | Y15: =W15+X15 -> 655.55735 | Z15: 0 | AA15: 84 | AB15: 50 | AC15: =AC14+1 -> 6 | AD15: =IF(I15>S15,I15-S15,I15-S15) -> 124
A16: =A15+1 -> 7 | B16: 6923.25 | C16: 377821 | D16: =C16-C15 -> -134 | E16: =C16-152000 -> 225821 | F16: =D16/$D$2 -> -67.557348 | G16: 544 | H16: 0 | I16: =G16+H16 -> 544 | J16: =IF(L16>0,L16,0) -> 45.442652 | K16: =I16+J16 -> 589.44265 | L16: =F16-(I16-W16) -> 45.442652 | M16: 218 | N16: 0 | O16: 0 | P16: =M16-(N16+O16) -> 218 | Q16: 156 | R16: 96 | S16: =SUM(P16:R16) -> 470 | T16: =(I16-S16)+T15 -> 1694 | U16: 0 | V16: 187 | W16: =N16+O16+S16+U16+V16 -> 657 | X16: =IF(L16<0,L16*-1,0) -> 0 | Y16: =W16+X16 -> 657 | Z16: 0 | AA16: 86 | AB16: 50 | AC16: =AC15+1 -> 7 | AD16: =IF(I16>S16,I16-S16,I16-S16) -> 74
A17: =A16+1 -> 8 | B17: 6923.18 | C17: 377510 | D17: =C17-C16 -> -311 | E17: =C17-152000 -> 225510 | F17: =D17/$D$2 -> -156.79355 | G17: 492 | H17: 0 | I17: =G17+H17 -> 492 | J17: =IF(L17>0,L17,0) -> 18.206453 | K17: =I17+J17 -> 510.20645 | L17: =F17-(I17-W17) -> 18.206453 | M17: 220 | N17: 0 | O17: 0 | P17: =M17-(N17+O17) -> 220 | Q17: 159 | R17: 101 | S17: =SUM(P17:R17) -> 480 | T17: =(I17-S17)+T16 -> 1706 | U17: 0 | V17: 187 | W17: =N17+O17+S17+U17+V17 -> 667 | X17: =IF(L17<0,L17*-1,0) -> 0 | Y17: =W17+X17 -> 667 | Z17: 0 | AA17: 87 | AB17: 54 | AC17: =AC16+1 -> 8 | AD17: =IF(I17>S17,I17-S17,I17-S17) -> 12
A18: =A17+1 -> 9 | B18: 6923.04 | C18: 376887 | D18: =C18-C17 -> -623 | E18: =C18-152000 -> 224887 | F18: =D18/$D$2 -> -314.09125 | G18: 470 | H18: 0 | I18: =G18+H18 -> 470 | J18: =IF(L18>0,L18,0) -> 0 | K18: =I18+J18 -> 470 | L18: =F18-(I18-W18) -> -71.091253 | M18: 225 | N18: 0 | O18: 0 | P18: =M18-(N18+O18) -> 225 | Q18: 165 | R18: 92 | S18: =SUM(P18:R18) -> 482 | T18: =(I18-S18)+T17 -> 1694 | U18: 40 | V18: 191 | W18: =N18+O18+S18+U18+V18 -> 713 | X18: =IF(L18<0,L18*-1,0) -> 71.091253 | Y18: =W18+X18 -> 784.09125 | Z18: 0 | AA18: 85 | AB18: 51 | AC18: =AC17+1 -> 9 | AD18: =IF(I18>S18,I18-S18,I18-S18) -> -12
A19: =A18+1 -> 10 | B19: 6922.92 | C19: 376355 | D19: =C19-C18 -> -532 | E19: =C19-152000 -> 224355 | F19: =D19/$D$2 -> -268.21276 | G19: 459 | H19: 0 | I19: =G19+H19 -> 459 | J19: =IF(L19>0,L19,0) -> 0 | K19: =I19+J19 -> 459 | L19: =F19-(I19-W19) -> -5.2127552 | M19: 225 | N19: 0 | O19: 0 | P19: =M19-(N19+O19) -> 225 | Q19: 167 | R19: 98 | S19: =SUM(P19:R19) -> 490 | T19: =(I19-S19)+T18 -> 1663 | U19: 40 | V19: 192 | W19: =N19+O19+S19+U19+V19 -> 722 | X19: =IF(L19<0,L19*-1,0) -> 5.2127552 | Y19: =W19+X19 -> 727.21276 | Z19: 0 | AA19: 84 | AB19: 50 | AC19: =AC18+1 -> 10 | AD19: =IF(I19>S19,I19-S19,I19-S19) -> -31
A20: =A19+1 -> 11 | B20: 6922.79 | C20: 375782 | D20: =C20-C19 -> -573 | E20: =C20-152000 -> 223782 | F20: =D20/$D$2 -> -288.88329 | G20: 438 | H20: 0 | I20: =G20+H20 -> 438 | J20: =IF(L20>0,L20,0) -> 0 | K20: =I20+J20 -> 438 | L20: =F20-(I20-W20) -> -39.883287 | M20: 235 | N20: 0 | O20: 0 | P20: =M20-(N20+O20) -> 235 | Q20: 169 | R20: 91 | S20: =SUM(P20:R20) -> 495 | T20: =(I20-S20)+T19 -> 1606 | U20: 1 | V20: 191 | W20: =N20+O20+S20+U20+V20 -> 687 | X20: =IF(L20<0,L20*-1,0) -> 39.883287 | Y20: =W20+X20 -> 726.88329 | Z20: 0 | AA20: 86 | AB20: 50 | AC20: =AC19+1 -> 11 | AD20: =IF(I20>S20,I20-S20,I20-S20) -> -57
A21: =A20+1 -> 12 | B21: 6922.62 | C21: 375031 | D21: =C21-C20 -> -751 | E21: =C21-152000 -> 223031 | F21: =D21/$D$2 -> -378.62365 | G21: 419 | H21: 0 | I21: =G21+H21 -> 419 | J21: =IF(L21>0,L21,0) -> 0 | K21: =I21+J21 -> 419 | L21: =F21-(I21-W21) -> -113.62365 | M21: 235 | N21: 0 | O21: 0 | P21: =M21-(N21+O21) -> 235 | Q21: 168 | R21: 90 | S21: =SUM(P21:R21) -> 493 | T21: =(I21-S21)+T20 -> 1532 | U21: 0 | V21: 191 | W21: =N21+O21+S21+U21+V21 -> 684 | X21: =IF(L21<0,L21*-1,0) -> 113.62365 | Y21: =W21+X21 -> 797.62365 | Z21: 0 | AA21: 79 | AB21: 51 | AC21: =AC20+1 -> 12 | AD21: =IF(I21>S21,I21-S21,I21-S21) -> -74
A22: =A21+1 -> 13 | B22: 6922.54 | C22: 374678 | D22: =C22-C21 -> -353 | E22: =C22-152000 -> 222678 | F22: =D22/$D$2 -> -177.96824 | G22: 412 | H22: 0 | I22: =G22+H22 -> 412 | J22: =IF(L22>0,L22,0) -> 129.03176 | K22: =I22+J22 -> 541.03176 | L22: =F22-(I22-W22) -> 129.03176 | M22: 235 | N22: 0 | O22: 0 | P22: =M22-(N22+O22) -> 235 | Q22: 168 | R22: 91 | S22: =SUM(P22:R22) -> 494 | T22: =(I22-S22)+T21 -> 1450 | U22: 33 | V22: 192 | W22: =N22+O22+S22+U22+V22 -> 719 | X22: =IF(L22<0,L22*-1,0) -> 0 | Y22: =W22+X22 -> 719 | Z22: 0 | AA22: 85 | AB22: 50 | AC22: =AC21+1 -> 13 | AD22: =IF(I22>S22,I22-S22,I22-S22) -> -82
... A38: =A37+1 -> 29 | B38: 6920.68 | C38: 366525 | D38: =C38-C37 -> -521 | E38: =C38-152000 -> 214525 | F38: =D38/$D$2 -> -262.667 | G38: 389 | H38: 0 | I38: =G38+H38 -> 389 | J38: =IF(L38>0,L38,0) -> 31.332997 | K38: =I38+J38 -> 420.333 | L38: =F38-(I38-W38) -> 31.332997 | M38: 206 | N38: 0 | O38: 0 | P38: =M38-(N38+O38) -> 206 | Q38: 171 | R38: 85 | S38: =SUM(P38:R38) -> 462 | T38: =(I38-S38)+T37 -> 1245 | U38: 29 | V38: 192 | W38: =N38+O38+S38+U38+V38 -> 683 | X38: =IF(L38<0,L38*-1,0) -> 0 | Y38: =W38+X38 -> 683 | Z38: 0 | AA38: 74 | AB38: 58 | AC38: =AC37+1 -> 29 | AD38: =IF(I38>S38,I38-S38,I38-S38) -> -73
A39: 30 | B39: 6920.54 | C39: 365918 | D39: =C39-C38 -> -607 | E39: =C39-152000 -> 213918 | F39: =D39/$D$2 -> -306.0247 | G39: 423 | H39: 0 | I39: =G39+H39 -> 423 | J39: =IF(L39>0,L39,0) -> 0 | K39: =I39+J39 -> 423 | L39: =F39-(I39-W39) -> -80.024704 | M39: 201 | N39: 0 | O39: 0 | P39: =M39-(N39+O39) -> 201 | Q39: 171 | R39: 84 | S39: =SUM(P39:R39) -> 456 | T39: =(I39-S39)+T38 -> 1212 | U39: 0 | V39: 193 | W39: =N39+O39+S39+U39+V39 -> 649 | X39: =IF(L39<0,L39*-1,0) -> 80.024704 | Y39: =W39+X39 -> 729.0247 | Z39: 0.02 | AA39: 81 | AB39: 56 | AC39: 30 | AD39: =IF(I39>S39,I39-S39,I39-S39) -> -33
A40: 31 | B40: 6920.46 | C40: 365570 | D40: =C40-C39 -> -348 | E40: =C40-152000 -> 213570 | F40: =D40/$D$2 -> -175.44744 | G40: 414 | H40: 0 | I40: =G40+H40 -> 414 | J40: =IF(L40>0,L40,0) -> 66.552559 | K40: =I40+J40 -> 480.55256 | L40: =F40-(I40-W40) -> 66.552559 | M40: 201 | N40: 0 | O40: 0 | P40: =M40-(N40+O40) -> 201 | Q40: 171 | R40: 82 | S40: =SUM(P40:R40) -> 454 | T40: =(I40-S40)+T39 -> 1172 | U40: 12 | V40: 190 | W40: =N40+O40+S40+U40+V40 -> 656 | X40: =IF(L40<0,L40*-1,0) -> 0 | Y40: =W40+X40 -> 656 | Z40: 0 | AA40: 84 | AB40: 57 | AC40: 31 | AD40: =IF(I40>S40,I40-S40,I40-S40) -> -40
O41: 0 | Z41: 0
A42: MONTH / CFS | F42: =SUM(F10:F40) -> -5929.9219 | G42: =SUM(G10:G40) -> 15866 | H42: =SUM(H10:H40) -> 0 | I42: =SUM(I10:I40) -> 15866 | J42: =SUM(J10:J40) -> 1086.4684 | K42: =SUM(K10:K40) -> 16952.468 | L42: =SUM(L10:L40) -> -829.92186 | M42: =SUM(M10:M40) -> 6792 | ... S42: =SUM(S10:S40) -> 14694 | U42: =SUM(U10:U40) -> 271 | V42: =SUM(V10:V40) -> 6001 | W42: =SUM(W10:W40) -> 20966 | X42: =SUM(X10:X40) -> 1916.3902 | Y42: =SUM(Y10:Y40) -> 22882.39 | Z42: =SUM(Z10:Z40) -> 1.32 | AA42: =AVERAGE(AA10:AA40) -> 83.677419 | AB42: =AVERAGE(AB10:AB40) -> 51.935484 | AC42: AVG
A43: MONTH / AF | D43: =SUM(D10:D40) -> -11762 | F43: =F42*$D$2 -> -11762 | G43: =G42*$D$2 -> 31470.211 | H43: =H42*$D$2 -> 0 | I43: =I42*$D$2 -> 31470.211 | J43: =J42*$D$2 -> 2155.01 | K43: =K42*$D$2 -> 33625.221 | L43: =L42*$D$2 -> -1646.15 | M43: =M42*$D$2 -> 13471.932 | ... S43: =S42*$D$2 -> 29145.549 | U43: =U42*$D$2 -> 537.5285 | V43: =V42*$D$2 -> 11902.984 | W43: =W42*$D$2 -> 41586.061 | X43: =X42*$D$2 -> 3801.16 | Y43: =Y42*$D$2 -> 45387.221 | AA43: =MAX(AA10:AA40) -> 92 | AB43: =MAX(AB10:AB40) -> 59 | AC43: HI
A45: SEASON / CFS | F45: =F7+F42 -> 37549.786 | G45: =G7+G42 -> 178467 | H45: =H7+H42 -> 12679 | I45: =I7+I42 -> 191146 | J45: =J7+J42 -> 44253.211 | K45: =K7+K42 -> 235399.21 | L45: =L7+L42 -> 41532.786 | M45: =M7+M42 -> 19747 | ... S45: =S7+S42 -> 43367 | T45: =T40 -> 1172 | U45: =U7+U42 -> 547 | V45: =V7+V42 -> 151215 | W45: =W7+W42 -> 195129 | X45: =X7+X42 -> 2720.4258 | Y45: =Y7+Y42 -> 197849.43 | AA45: =MIN(AA10:AA40) -> 73 | AB45: =MIN(AB10:AB40) -> 46 | AC45: LO
A46: SEASON / AF | F46: =F45*$D$2 -> 74480 | G46: =G45*$D$2 -> 353989.29 | H46: =H45*$D$2 -> 25148.797 | I46: =I45*$D$2 -> 379138.09 | J46: =J45*$D$2 -> 87776.245 | K46: =K45*$D$2 -> 466914.34 | L46: =L45*$D$2 -> 82380.28 | M46: =M45*$D$2 -> 39168.175 | ... Y46: =Y45*$D$2 -> 392434.34
A48: YTD / CFS | F48: =F8+F42 -> 38002.017 | G48: =G8+G42 -> 208917 | H48: =H8+H42 -> 16090 | I48: =I8+I42 -> 224465.9 | J48: =J8+J42 -> 51087.656 | K48: =K8+K42 -> 275553.56 | L48: =L8+L42 -> 47261.117 | M48: =M8+M42 -> 21313 | ... S48: =S8+S42 -> 47659.92 | T48: =T45 -> 1172 | U48: =U8+U42 -> 548 | V48: =V8+V42 -> 185517 | W48: =W8+W42 -> 233725 | X48: =X8+X42 -> 3826.5397 | Y48: =Y8+Y42 -> 237551.54 | Z48: =Z8+Z42 -> 11.09
A49: YTD / AF | D49: =D8+D43 -> 75377 | E49: =E40 -> 213570 | F49: =F48*$D$2 -> 75377 | G49: =G48*$D$2 -> 414386.87 | H49: =H48*$D$2 -> 31914.515 | I49: =I48*$D$2 -> 445228.11 | J49: =J48*$D$2 -> 101332.37 | K49: =K48*$D$2 -> 546560.48 | L49: =L48*$D$2 -> 93742.425 | M49: =M48*$D$2 -> 42274.336 | ... Y49: =Y48*$D$2 -> 471183.48

Sheet AUG
K1: MC PHEE RESERVOIR IN/OUT FLOW TABULATION
A2: AF/cfs CONVERT FACTOR | D2: 1.9835 | K2: AUGUST "1887"
A4: DATE | B4: RESERV | C4: RESERV | D4: AC FT | E4: ACTIVE | F4: CONV TO | G4: DOLORES | H4: LOST | I4: RECORDED | J4: CALC | K4: TOTAL | L4: CALC | M4: TUNNEL | Q4: LONE | R4: U | S4: TOTAL | T4: MVI | U4: DV CR | V4: BELOW | W4: RECORDED | X4: CALC | Y4: TOTAL | Z4: RAIN | AA4: MAX | AB4: MIN | AC4: DATE | AD4: MVIC
A5: "AUG" | B5: ELEV | C5: AC FT | D5: CHANGE | E5: CAP | F5: CFS | G5: RIVER | H5: CANYON | I5: INFLOW | J5: INFLOW | K5: INFLOW | L5: INF/OTF | M5: TOT DIV | N5: WETLAND | O5: UTE F&R | P5: MVI,CTZ | Q5: PINE | R5: LAT | S5: MVI | T5: CALL | U5: CANAL | V5: MC PHEE | W5: OUTFLOW | X5: OUTFLOW | Y5: OUTFLOW | AA5: TMP | AB5: TMP | AC5: "AUG" | AD5: DAILY
A7: SEASON BAL | F7: =JUL!F45 -> 37549.786 | G7: =JUL!G45 -> 178467 | H7: =JUL!H45 -> 12679 | I7: =JUL!I45 -> 191146 | J7: =JUL!J45 -> 44253.211 | K7: =JUL!K45 -> 235399.21 | L7: =JUL!L45 -> 41532.786 | M7: =JUL!M45 -> 19747 | ... Y7: =JUL!Y45 -> 197849.43
A8: YTD | B8: =JUL!B40 -> 6920.46 | C8: =JUL!C40 -> 365570 | D8: =JUL!D49 -> 75377 | E8: =JUL!E49 -> 213570 | F8: =JUL!F48 -> 38002.017 | G8: =JUL!G48 -> 208917 | H8: =JUL!H48 -> 16090 | I8: =JUL!I48 -> 224465.9 | J8: =JUL!J48 -> 51087.656 | K8: =JUL!K48 -> 275553.56 | L8: =JUL!L48 -> 47261.117 | M8: =JUL!M48 -> 21313 | ... Z8: =JUL!Z48 -> 11.09
A10: 1 | B10: 6920.39 | C10: 365266 | D10: =C10-C8 -> -304 | E10: =C10-152000 -> 213266 | F10: =D10/$D$2 -> -153.26443 | G10: 403 | H10: 0 | I10: =G10+H10 -> 403 | J10: =IF(L10>0,L10,0) -> 93.735568 | K10: =I10+J10 -> 496.73557 | L10: =F10-(I10-W10) -> 93.735568 | M10: 201 | N10: 0 | O10: 0 | P10: =M10-(N10+O10) -> 201 | Q10: 171 | R10: 87 | S10: =SUM(P10:R10) -> 459 | T10: =(I10-S10)+T7 -> 1116 | U10: 0 | V10: 191 | W10: =N10+O10+S10+U10+V10 -> 650 | X10: =IF(L10<0,L10*-1,0) -> 0 | Y10: =W10+X10 -> 650 | Z10: 0 | AA10: 85 | AB10: 55 | AC10: 1 | AD10: =IF(I10>S10,I10-S10,I10-S10) -> -56
A11: =A10+1 -> 2 | B11: 6920.31 | C11: 364919 | D11: =C11-C10 -> -347 | E11: =C11-152000 -> 212919 | F11: =D11/$D$2 -> -174.94328 | G11: 452 | H11: 0 | I11: =G11+H11 -> 452 | J11: =IF(L11>0,L11,0) -> 17.056718 | K11: =I11+J11 -> 469.05672 | L11: =F11-(I11-W11) -> 17.056718 | M11: 201 | N11: 0 | O11: 0 | P11: =M11-(N11+O11) -> 201 | Q11: 171 | R11: 90 | S11: =SUM(P11:R11) -> 462 | T11: =(I11-S11)+T10 -> 1106 | U11: 0 | V11: 182 | W11: =N11+O11+S11+U11+V11 -> 644 | X11: =IF(L11<0,L11*-1,0) -> 0 | Y11: =W11+X11 -> 644 | Z11: 0.6 | AA11: 87 | AB11: 54 | AC11: =AC10+1 -> 2 | AD11: =IF(I11>S11,I11-S11,I11-S11) -> -10
A12: =A11+1 -> 3 | B12: 6920.19 | C12: 364398 | D12: =C12-C11 -> -521 | E12: =C12-152000 -> 212398 | F12: =D12/$D$2 -> -262.667 | G12: 417 | H12: 0 | I12: =G12+H12 -> 417 | J12: =IF(L12>0,L12,0) -> 0 | K12: =I12+J12 -> 417 | L12: =F12-(I12-W12) -> -7.6670028 | M12: 201 | N12: 0 | O12: 0 | P12: =M12-(N12+O12) -> 201 | Q12: 171 | R12: 90 | S12: =SUM(P12:R12) -> 462 | T12: =(I12-S12)+T11 -> 1061 | U12: 19 | V12: 191 | W12: =N12+O12+S12+U12+V12 -> 672 | X12: =IF(L12<0,L12*-1,0) -> 7.6670028 | Y12: =W12+X12 -> 679.667 | Z12: 0.06 | AA12: 84 | AB12: 55 | AC12: =AC11+1 -> 3 | AD12: =IF(I12>S12,I12-S12,I12-S12) -> -45
A13: =A12+1 -> 4 | B13: 6920.05 | C13: 363790 | D13: =C13-C12 -> -608 | E13: =C13-152000 -> 211790 | F13: =D13/$D$2 -> -306.52886 | G13: 409 | H13: 0 | I13: =G13+H13 -> 409 | J13: =IF(L13>0,L13,0) -> 0 | K13: =I13+J13 -> 409 | L13: =F13-(I13-W13) -> -69.528863 | M13: 185 | N13: 0 | O13: 0 | P13: =M13-(N13+O13) -> 185 | Q13: 171 | R13: 88 | S13: =SUM(P13:R13) -> 444 | T13: =(I13-S13)+T12 -> 1026 | U13: 11 | V13: 191 | W13: =N13+O13+S13+U13+V13 -> 646 | X13: =IF(L13<0,L13*-1,0) -> 69.528863 | Y13: =W13+X13 -> 715.52886 | Z13: 0.01 | AA13: 86 | AB13: 55 | AC13: =AC12+1 -> 4 | AD13: =IF(I13>S13,I13-S13,I13-S13) -> -35
A14: =A13+1 -> 5 | B14: 6919.95 | C14: 363358 | D14: =C14-C13 -> -432 | E14: =C14-152000 -> 211358 | F14: =D14/$D$2 -> -217.79682 | G14: 382 | H14: 0 | I14: =G14+H14 -> 382 | J14: =IF(L14>0,L14,0) -> 36.203176 | K14: =I14+J14 -> 418.20318 | L14: =F14-(I14-W14) -> 36.203176 | M14: 178 | N14: 0 | O14: 0 | P14: =M14-(N14+O14) -> 178 | Q14: 171 | R14: 82 | S14: =SUM(P14:R14) -> 431 | T14: =(I14-S14)+T13 -> 977 | U14: 14 | V14: 191 | W14: =N14+O14+S14+U14+V14 -> 636 | X14: =IF(L14<0,L14*-1,0) -> 0 | Y14: =W14+X14 -> 636 | Z14: 0.01 | AA14: 86 | AB14: 55 | AC14: =AC13+1 -> 5 | AD14: =IF(I14>S14,I14-S14,I14-S14) -> -49
A15: =A14+1 -> 6 | B15: 6919.84 | C15: 362884 | D15: =C15-C14 -> -474 | E15: =C15-152000 -> 210884 | F15: =D15/$D$2 -> -238.97151 | G15: 352 | H15: 0 | I15: =G15+H15 -> 352 | J15: =IF(L15>0,L15,0) -> 16.028485 | K15: =I15+J15 -> 368.02849 | L15: =F15-(I15-W15) -> 16.028485 | M15: 161 | N15: 0 | O15: 0 | P15: =M15-(N15+O15) -> 161 | Q15: 171 | R15: 81 | S15: =SUM(P15:R15) -> 413 | T15: =(I15-S15)+T14 -> 916 | U15: 0 | V15: 194 | W15: =N15+O15+S15+U15+V15 -> 607 | X15: =IF(L15<0,L15*-1,0) -> 0 | Y15: =W15+X15 -> 607 | Z15: 0.62 | AA15: 83 | AB15: 57 | AC15: =AC14+1 -> 6 | AD15: =IF(I15>S15,I15-S15,I15-S15) -> -61
A16: =A15+1 -> 7 | B16: 6919.74 | C16: 362453 | D16: =C16-C15 -> -431 | E16: =C16-152000 -> 210453 | F16: =D16/$D$2 -> -217.29266 | G16: 474 | H16: 0 | I16: =G16+H16 -> 474 | J16: =IF(L16>0,L16,0) -> 0 | K16: =I16+J16 -> 474 | L16: =F16-(I16-W16) -> -70.292664 | M16: 153 | N16: 0 | O16: 0 | P16: =M16-(N16+O16) -> 153 | Q16: 171 | R16: 77 | S16: =SUM(P16:R16) -> 401 | T16: =(I16-S16)+T15 -> 989 | U16: 28 | V16: 192 | W16: =N16+O16+S16+U16+V16 -> 621 | X16: =IF(L16<0,L16*-1,0) -> 70.292664 | Y16: =W16+X16 -> 691.29266 | Z16: 0.17 | AA16: 85 | AB16: 59 | AC16: =AC15+1 -> 7 | AD16: =IF(I16>S16,I16-S16,I16-S16) -> 73
A17: =A16+1 -> 8 | B17: 6919.67 | C17: 362152 | D17: =C17-C16 -> -301 | E17: =C17-152000 -> 210152 | F17: =D17/$D$2 -> -151.75195 | G17: 508 | H17: 0 | I17: =G17+H17 -> 508 | J17: =IF(L17>0,L17,0) -> 0 | K17: =I17+J17 -> 508 | L17: =F17-(I17-W17) -> -77.751954 | M17: 147 | N17: 0 | O17: 0 | P17: =M17-(N17+O17) -> 147 | Q17: 171 | R17: 75 | S17: =SUM(P17:R17) -> 393 | T17: =(I17-S17)+T16 -> 1104 | U17: 0 | V17: 189 | W17: =N17+O17+S17+U17+V17 -> 582 | X17: =IF(L17<0,L17*-1,0) -> 77.751954 | Y17: =W17+X17 -> 659.75195 | Z17: 0.18 | AA17: 86 | AB17: 58 | AC17: =AC16+1 -> 8 | AD17: =IF(I17>S17,I17-S17,I17-S17) -> 115
A18: =A17+1 -> 9 | B18: 6919.61 | C18: 361894 | D18: =C18-C17 -> -258 | E18: =C18-152000 -> 209894 | F18: =D18/$D$2 -> -130.0731 | G18: 412 | H18: 0 | I18: =G18+H18 -> 412 | J18: =IF(L18>0,L18,0) -> 36.926897 | K18: =I18+J18 -> 448.9269 | L18: =F18-(I18-W18) -> 36.926897 | M18: 147 | N18: 0 | O18: 0 | P18: =M18-(N18+O18) -> 147 | Q18: 171 | R18: 73 | S18: =SUM(P18:R18) -> 391 | T18: =(I18-S18)+T17 -> 1125 | U18: 0 | V18: 188 | W18: =N18+O18+S18+U18+V18 -> 579 | X18: =IF(L18<0,L18*-1,0) -> 0 | Y18: =W18+X18 -> 579 | Z18: 0 | AA18: 84 | AB18: 57 | AC18: =AC17+1 -> 9 | AD18: =IF(I18>S18,I18-S18,I18-S18) -> 21
A19: =A18+1 -> 10 | B19: 6919.55 | C19: 361635 | D19: =C19-C18 -> -259 | E19: =C19-152000 -> 209635 | F19: =D19/$D$2 -> -130.57726 | G19: 376 | H19: 0 | I19: =G19+H19 -> 376 | J19: 0 | K19: =I19+J19 -> 376 | L19: =F19-(I19-W19) -> 77.422738 | M19: 130 | N19: 0 | O19: 0 | P19: =M19-(N19+O19) -> 130 | Q19: 170 | R19: 74 | S19: =SUM(P19:R19) -> 374 | T19: =(I19-S19)+T18 -> 1127 | U19: 17 | V19: 193 | W19: =N19+O19+S19+U19+V19 -> 584 | X19: =IF(L19<0,L19*-1,0) -> 0 | Y19: =W19+X19 -> 584 | Z19: 0 | AA19: 81 | AB19: 54 | AC19: =AC18+1 -> 10 | AD19: =IF(I19>S19,I19-S19,I19-S19) -> 2
A20: 11 | B20: 6919.48 | C20: 361334 | D20: =C20-C19 -> -301 | E20: =C20-152000 -> 209334 | F20: =D20/$D$2 -> -151.75195 | G20: 351 | H20: 0 | I20: =G20+H20 -> 351 | J20: =IF(L20>0,L20,0) -> 47.248046 | K20: =I20+J20 -> 398.24805 | L20: =F20-(I20-W20) -> 47.248046 | M20: 114 | N20: 0 | O20: 0 | P20: =M20-(N20+O20) -> 114 | Q20: 171 | R20: 73 | S20: =SUM(P20:R20) -> 358 | T20: =(I20-S20)+T19 -> 1120 | U20: 0 | V20: 192 | W20: =N20+O20+S20+U20+V20 -> 550 | X20: =IF(L20<0,L20*-1,0) -> 0 | Y20: =W20+X20 -> 550 | Z20: 0 | AA20: 83 | AB20: 56 | AC20: 11 | AD20: =IF(I20>S20,I20-S20,I20-S20) -> -7
A21: 12 | B21: 6919.35 | C21: 360774 | D21: =C21-C20 -> -560 | E21: =C21-152000 -> 208774 | F21: =D21/$D$2 -> -282.32922 | G21: 331 | H21: 0 | I21: =G21+H21 -> 331 | J21: =IF(L21>0,L21,0) -> 0 | K21: =I21+J21 -> 331 | L21: =F21-(I21-W21) -> -55.329216 | M21: 109 | N21: 0 | O21: 0 | P21: =M21-(N21+O21) -> 109 | Q21: 170 | R21: 75 | S21: =SUM(P21:R21) -> 354 | T21: =(I21-S21)+T20 -> 1097 | U21: 16 | V21: 188 | W21: =N21+O21+S21+U21+V21 -> 558 | X21: =IF(L21<0,L21*-1,0) -> 55.329216 | Y21: =W21+X21 -> 613.32922 | Z21: 0 | AA21: 82 | AB21: 57 | AC21: 12 | AD21: =IF(I21>S21,I21-S21,I21-S21) -> -23
A22: 13 | B22: 6919.22 | C22: 360214 | D22: =C22-C21 -> -560 | E22: =C22-152000 -> 208214 | F22: =D22/$D$2 -> -282.32922 | G22: 319 | H22: 0 | I22: =G22+H22 -> 319 | J22: =IF(L22>0,L22,0) -> 0 | K22: =I22+J22 -> 319 | L22: =F22-(I22-W22) -> -86.329216 | M22: 109 | N22: 0 | O22: 0 | P22: =M22-(N22+O22) -> 109 | Q22: 151 | R22: 74 | S22: =SUM(P22:R22) -> 334 | T22: =(I22-S22)+T21 -> 1082 | U22: 0 | V22: 181 | W22: =N22+O22+S22+U22+V22 -> 515 | X22: =IF(L22<0,L22*-1,0) -> 86.329216 | Y22: =W22+X22 -> 601.32922 | Z22: 0 | AA22: 78 | AB22: 58 | AC22: 13 | AD22: =IF(I22>S22,I22-S22,I22-S22) -> -15
A23: 14 | B23: 6919.07 | C23: 359568 | D23: =C23-C22 -> -646 | E23: =C23-152000 -> 207568 | F23: =D23/$D$2 -> -325.68692 | G23: 309 | H23: 0 | I23: =G23+H23 -> 309 | J23: =IF(L23>0,L23,0) -> 0 | K23: =I23+J23 -> 309 | L23: =F23-(I23-W23) -> -100.68692 | M23: 120 | N23: 0 | O23: 0 | P23: =M23-(N23+O23) -> 120 | Q23: 142 | R23: 74 | S23: =SUM(P23:R23) -> 336 | T23: =(I23-S23)+T22 -> 1055 | U23: 14 | V23: 184 | W23: =N23+O23+S23+U23+V23 -> 534 | X23: =IF(L23<0,L23*-1,0) -> 100.68692 | Y23: =W23+X23 -> 634.68692 | Z23: 0 | AA23: 78 | AB23: 52 | AC23: 14 | AD23: =IF(I23>S23,I23-S23,I23-S23) -> -27
A24: 15 | B24: 6918.91 | C24: 358882 | D24: =C24-C23 -> -686 | E24: =C24-152000 -> 206882 | F24: =D24/$D$2 -> -345.85329 | G24: 297 | H24: 0 | I24: =G24+H24 -> 297 | J24: =IF(L24>0,L24,0) -> 0 | K24: =I24+J24 -> 297 | L24: =F24-(I24-W24) -> -114.85329 | M24: 128 | N24: 0 | O24: 0 | P24: =M24-(N24+O24) -> 128 | Q24: 142 | R24: 74 | S24: =SUM(P24:R24) -> 344 | T24: =(I24-S24)+T23 -> 1008 | U24: 0 | V24: 184 | W24: =N24+O24+S24+U24+V24 -> 528 | X24: =IF(L24<0,L24*-1,0) -> 114.85329 | Y24: =W24+X24 -> 642.85329 | Z24: 0 | AA24: 79 | AB24: 51 | AC24: 15 | AD24: =IF(I24>S24,I24-S24,I24-S24) -> -47
A25: 16 | B25: 6918.76 | C25: 358241 | D25: =C25-C24 -> -641 | E25: =C25-152000 -> 206241 | F25: =D25/$D$2 -> -323.16612 | G25: 286 | H25: 0 | I25: =G25+H25 -> 286 | J25: =IF(L25>0,L25,0) -> 0 | K25: =I25+J25 -> 286 | L25: =F25-(I25-W25) -> -424.16612 | M25: 128 | N25: 0 | O25: 0 | P25: =M25-(N25+O25) -> 128 | Q25: 142 | R25: 74 | S25: 0 | T25: =(I25-S25)+T24 -> 1294 | U25: 0 | V25: 185 | W25: =N25+O25+S25+U25+V25 -> 185 | X25: =IF(L25<0,L25*-1,0) -> 424.16612 | Y25: =W25+X25 -> 609.16612 | Z25: 0 | AA25: 80 | AB25: 56 | AC25: 16 | AD25: =IF(I25>S25,I25-S25,I25-S25) -> 286
A26: 17 | B26: 6918.62 | C26: 357643 | D26: =C26-C25 -> -598 | E26: =C26-152000 -> 205643 | F26: =D26/$D$2 -> -301.48727 | G26: 276 | H26: 0 | I26: =G26+H26 -> 276 | J26: =IF(L26>0,L26,0) -> 0 | K26: =I26+J26 -> 276 | L26: =F26-(I26-W26) -> -32.48727 | M26: 128 | N26: 0 | O26: 0 | P26: =M26-(N26+O26) -> 128 | Q26: 143 | R26: 74 | S26: =SUM(P26:R26) -> 345 | T26: =(I26-S26)+T25 -> 1225 | U26: 18 | V26: 182 | W26: =N26+O26+S26+U26+V26 -> 545 | X26: =IF(L26<0,L26*-1,0) -> 32.48727 | Y26: =W26+X26 -> 577.48727 | Z26: 0 | AA26: 83 | AB26: 58 | AC26: 17 | AD26: =IF(I26>S26,I26-S26,I26-S26) -> -69
A27: 18 | B27: 6918.51 | C27: 357173 | D27: =C27-C26 -> -470 | E27: =C27-152000 -> 205173 | F27: =D27/$D$2 -> -236.95488 | G27: 270 | H27: 0 | I27: =G27+H27 -> 270 | J27: =IF(L27>0,L27,0) -> 52.045122 | K27: =I27+J27 -> 322.04512 | L27: =F27-(I27-W27) -> 52.045122 | M27: 137 | N27: 0 | O27: 0 | P27: =M27-(N27+O27) -> 137 | Q27: 147 | R27: 75 | S27: =SUM(P27:R27) -> 359 | T27: =(I27-S27)+T26 -> 1136 | U27: 19 | V27: 181 | W27: =N27+O27+S27+U27+V27 -> 559 | X27: =IF(L27<0,L27*-1,0) -> 0 | Y27: =W27+X27 -> 559 | Z27: 0 | AA27: 85 | AB27: 48 | AC27: 18 | AD27: =IF(I27>S27,I27-S27,I27-S27) -> -89
A28: 19 | B28: 6918.39 | C28: 356660 | D28: =C28-C27 -> -513 | E28: =C28-152000 -> 204660 | F28: =D28/$D$2 -> -258.63373 | G28: 263 | H28: 0 | I28: =G28+H28 -> 263 | J28: =IF(L28>0,L28,0) -> 37.366272 | K28: =I28+J28 -> 300.36627 | L28: =F28-(I28-W28) -> 37.366272 | M28: 152 | N28: 0 | O28: 0 | P28: =M28-(N28+O28) -> 152 | Q28: 147 | R28: 77 | S28: =SUM(P28:R28) -> 376 | T28: =(I28-S28)+T27 -> 1023 | U28: 0 | V28: 183 | W28: =N28+O28+S28+U28+V28 -> 559 | X28: =IF(L28<0,L28*-1,0) -> 0 | Y28: =W28+X28 -> 559 | Z28: 0 | AA28: 87 | AB28: 50 | AC28: 19 | AD28: =IF(I28>S28,I28-S28,I28-S28) -> -113
A29: 20 | B29: 6918.22 | C29: 355891 | D29: =C29-C28 -> -769 | E29: =C29-152000 -> 203891 | F29: =D29/$D$2 -> -387.69851 | G29: 258 | H29: 0 | I29: =G29+H29 -> 258 | J29: =IF(L29>0,L29,0) -> 0 | K29: =I29+J29 -> 258 | L29: =F29-(I29-W29) -> -77.698513 | M29: 167 | N29: 0 | O29: 0 | P29: =M29-(N29+O29) -> 167 | Q29: 147 | R29: 75 | S29: =SUM(P29:R29) -> 389 | T29: =(I29-S29)+T28 -> 892 | U29: 0 | V29: 179 | W29: =N29+O29+S29+U29+V29 -> 568 | X29: =IF(L29<0,L29*-1,0) -> 77.698513 | Y29: =W29+X29 -> 645.69851 | Z29: 0.03 | AA29: 84 | AB29: 57 | AC29: 20 | AD29: =IF(I29>S29,I29-S29,I29-S29) -> -131
A30: 21 | B30: 6918.04 | C30: 355165 | D30: =C30-C29 -> -726 | E30: =C30-152000 -> 203165 | F30: =D30/$D$2 -> -366.01966 | G30: 256 | H30: 0 | I30: =G30+H30 -> 256 | J30: =IF(L30>0,L30,0) -> 0 | K30: =I30+J30 -> 256 | L30: =F30-(I30-W30) -> -26.019662 | M30: 166 | N30: 0 | O30: 0 | P30: =M30-(N30+O30) -> 166 | Q30: 146 | R30: 76 | S30: =SUM(P30:R30) -> 388 | T30: =(I30-S30)+T29 -> 760 | U30: 27 | V30: 181 | W30: =N30+O30+S30+U30+V30 -> 596 | X30: =IF(L30<0,L30*-1,0) -> 26.019662 | Y30: =W30+X30 -> 622.01966 | Z30: 0.18 | AA30: 82 | AB30: 56 | AC30: 21 | AD30: =IF(I30>S30,I30-S30,I30-S30) -> -132
A31: 22 | B31: 6917.87 | C31: 354443 | D31: =C31-C30 -> -722 | E31: =C31-152000 -> 202443 | F31: =D31/$D$2 -> -364.00302 | G31: 139 | H31: 0 | I31: =G31+H31 -> 139 | J31: =IF(L31>0,L31,0) -> 64.996975 | K31: =I31+J31 -> 203.99698 | L31: =F31-(I31-W31) -> 64.996975 | M31: 166 | N31: 0 | O31: 0 | P31: =M31-(N31+O31) -> 166 | Q31: 146 | R31: 76 | S31: =SUM(P31:R31) -> 388 | T31: =(I31-S31)+T30 -> 511 | U31: 0 | V31: 180 | W31: =N31+O31+S31+U31+V31 -> 568 | X31: =IF(L31<0,L31*-1,0) -> 0 | Y31: =W31+X31 -> 568 | Z31: 0.37 | AA31: 82 | AB31: 49 | AC31: 22 | AD31: =IF(I31>S31,I31-S31,I31-S31) -> -249
A32: 23 | B32: 6917.72 | C32: 353807 | D32: =C32-C31 -> -636 | E32: =C32-152000 -> 201807 | F32: =D32/$D$2 -> -320.64532 | G32: 281 | H32: 0 | I32: =G32+H32 -> 281 | J32: =IF(L32>0,L32,0) -> 0 | K32: =I32+J32 -> 281 | L32: =F32-(I32-W32) -> -39.645324 | M32: 166 | N32: 0 | O32: 0 | P32: =M32-(N32+O32) -> 166 | Q32: 145 | R32: 75 | S32: =SUM(P32:R32) -> 386 | T32: =(I32-S32)+T31 -> 406 | U32: 0 | V32: 176 | W32: =N32+O32+S32+U32+V32 -> 562 | X32: =IF(L32<0,L32*-1,0) -> 39.645324 | Y32: =W32+X32 -> 601.64532 | Z32: 0.34 | AA32: 81 | AB32: 45 | AC32: 23 | AD32: =IF(I32>S32,I32-S32,I32-S32) -> -105
A33: 24 | B33: 6917.85 | C33: 354358 | D33: =C33-C32 -> 551 | E33: =C33-152000 -> 202358 | F33: =D33/$D$2 -> 277.79178 | G33: 581 | H33: 0 | I33: =G33+H33 -> 581 | J33: =IF(L33>0,L33,0) -> 236.79178 | K33: =I33+J33 -> 817.79178 | L33: =F33-(I33-W33) -> 236.79178 | M33: 135 | N33: 0 | O33: 0 | P33: =M33-(N33+O33) -> 135 | Q33: 145 | R33: 62 | S33: =SUM(P33:R33) -> 342 | T33: =(I33-S33)+T32 -> 645 | U33: 24 | V33: 174 | W33: =N33+O33+S33+U33+V33 -> 540 | X33: =IF(L33<0,L33*-1,0) -> 0 | Y33: =W33+X33 -> 540 | Z33: 0.31 | AA33: 78 | AB33: 55 | AC33: 24 | AD33: =IF(I33>S33,I33-S33,I33-S33) -> 239
A34: 25 | B34: 6917.91 | C34: 354612 | D34: =C34-C33 -> 254 | E34: =C34-152000 -> 202612 | F34: =D34/$D$2 -> 128.05647 | G34: 708 | H34: 0 | I34: =G34+H34 -> 708 | J34: =IF(L34>0,L34,0) -> 0 | K34: =I34+J34 -> 708 | L34: =F34-(I34-W34) -> -104.94353 | M34: 103 | N34: 0 | O34: 0 | P34: =M34-(N34+O34) -> 103 | Q34: 145 | R34: 51 | S34: =SUM(P34:R34) -> 299 | T34: =(I34-S34)+T33 -> 1054 | U34: 0 | V34: 176 | W34: =N34+O34+S34+U34+V34 -> 475 | X34: =IF(L34<0,L34*-1,0) -> 104.94353 | Y34: =W34+X34 -> 579.94353 | Z34: 0.21 | AA34: 77 | AB34: 50 | AC34: 25 | AD34: =IF(I34>S34,I34-S34,I34-S34) -> 409
A35: 26 | B35: 6917.9 | C35: 354570 | D35: =C35-C34 -> -42 | E35: =C35-152000 -> 202570 | F35: =D35/$D$2 -> -21.174691 | G35: 533 | H35: 0 | I35: =G35+H35 -> 533 | J35: =IF(L35>0,L35,0) -> 0 | K35: =I35+J35 -> 533 | L35: =F35-(I35-W35) -> -83.174691 | M35: 95 | N35: 0 | O35: 0 | P35: =M35-(N35+O35) -> 95 | Q35: 137 | R35: 60 | S35: =SUM(P35:R35) -> 292 | T35: =(I35-S35)+T34 -> 1295 | U35: 0 | V35: 179 | W35: =N35+O35+S35+U35+V35 -> 471 | X35: =IF(L35<0,L35*-1,0) -> 83.174691 | Y35: =W35+X35 -> 554.17469 | Z35: 0 | AA35: 70 | AB35: 44 | AC35: 26 | AD35: =IF(I35>S35,I35-S35,I35-S35) -> 241
A36: 27 | B36: 6917.79 | C36: 354103 | D36: =C36-C35 -> -467 | E36: =C36-152000 -> 202103 | F36: =D36/$D$2 -> -235.4424 | G36: 369 | H36: 0 | I36: =G36+H36 -> 369 | J36: =IF(L36>0,L36,0) -> 0 | K36: =I36+J36 -> 369 | L36: =F36-(I36-W36) -> -124.4424 | M36: 103 | N36: 0 | O36: 0 | P36: =M36-(N36+O36) -> 103 | Q36: 133 | R36: 65 | S36: =SUM(P36:R36) -> 301 | T36: =(I36-S36)+T35 -> 1363 | U36: 0 | V36: 179 | W36: =N36+O36+S36+U36+V36 -> 480 | X36: =IF(L36<0,L36*-1,0) -> 124.4424 | Y36: =W36+X36 -> 604.4424 | Z36: 0 | AA36: 72 | AB36: 44 | AC36: 27 | AD36: =IF(I36>S36,I36-S36,I36-S36) -> 68
A37: 28 | B37: 6917.7 | C37: 353772 | D37: =C37-C36 -> -331 | E37: =C37-152000 -> 201772 | F37: =D37/$D$2 -> -166.87673 | G37: 294 | H37: 0 | I37: =G37+H37 -> 294 | J37: =IF(L37>0,L37,0) -> 35.123267 | K37: =I37+J37 -> 329.12327 | L37: =F37-(I37-W37) -> 35.123267 | M37: 108 | N37: 0 | O37: 0 | P37: =M37-(N37+O37) -> 108 | Q37: 132 | R37: 65 | S37: =SUM(P37:R37) -> 305 | T37: =(I37-S37)+T36 -> 1352 | U37: 15 | V37: 176 | W37: =N37+O37+S37+U37+V37 -> 496 | X37: =IF(L37<0,L37*-1,0) -> 0 | Y37: =W37+X37 -> 496 | Z37: 0 | AA37: 76 | AB37: 45 | AC37: 28 | AD37: =IF(I37>S37,I37-S37,I37-S37) -> -11
... A40: 31 | B40: 6917.26 | C40: 351856 | D40: =C40-C39 -> -679 | E40: =C40-152000 -> 199856 | F40: =D40/$D$2 -> -342.32417 | G40: 195 | H40: 0 | I40: =G40+H40 -> 195 | J40: =IF(L40>0,L40,0) -> 0 | K40: =I40+J40 -> 195 | L40: =F40-(I40-W40) -> -34.324174 | M40: 107 | N40: 0 | O40: 0 | P40: =M40-(N40+O40) -> 107 | Q40: 131 | R40: 66 | S40: =SUM(P40:R40) -> 304 | T40: =(I40-S40)+T39 -> 1109 | U40: 22 | V40: 177 | W40: =N40+O40+S40+U40+V40 -> 503 | X40: =IF(L40<0,L40*-1,0) -> 34.324174 | Y40: =W40+X40 -> 537.32417 | Z40: 0 | AA40: 83 | AB40: 49 | AC40: 31 | AD40: =IF(I40>S40,I40-S40,I40-S40) -> -109
A42: MONTH / CFS | F42: =SUM(F10:F40) -> -6914.0408 | G42: =SUM(G10:G40) -> 10975 | H42: =SUM(H10:H40) -> 0 | I42: =SUM(I10:I40) -> 10975 | J42: =SUM(J10:J40) -> 673.52231 | K42: =SUM(K10:K40) -> 11648.522 | L42: =SUM(L10:L40) -> -912.04084 | M42: =SUM(M10:M40) -> 4359 | ... S42: =SUM(S10:S40) -> 11038 | U42: =SUM(U10:U40) -> 244 | V42: =SUM(V10:V40) -> 5695 | W42: =SUM(W10:W40) -> 16977 | X42: =SUM(X10:X40) -> 1662.9859 | Y42: =SUM(Y10:Y40) -> 18639.986 | Z42: =SUM(Z10:Z40) -> 3.09 | AA42: =AVERAGE(AA10:AA40) -> 81.483871 | AB42: =AVERAGE(AB10:AB40) -> 52.870968 | AC42: AVG
A43: MONTH / AF | D43: =SUM(D10:D40) -> -13714 | F43: =F42*$D$2 -> -13714 | G43: =G42*$D$2 -> 21768.912 | H43: =H42*$D$2 -> 0 | I43: =I42*$D$2 -> 21768.912 | J43: =J42*$D$2 -> 1335.9315 | K43: =K42*$D$2 -> 23104.844 | L43: =L42*$D$2 -> -1809.033 | M43: =M42*$D$2 -> 8646.0765 | ... S43: =S42*$D$2 -> 21893.873 | U43: =U42*$D$2 -> 483.974 | V43: =V42*$D$2 -> 11296.032 | W43: =W42*$D$2 -> 33673.88 | X43: =X42*$D$2 -> 3298.5325 | Y43: =Y42*$D$2 -> 36972.412 | AA43: =MAX(AA10:AA40) -> 87 | AB43: =MAX(AB10:AB40) -> 59 | AC43: HI
A45: SEASON / CFS | F45: =F7+F42 -> 30635.745 | G45: =G7+G42 -> 189442 | H45: =H7+H42 -> 12679 | I45: =I7+I42 -> 202121 | J45: =J7+J42 -> 44926.734 | K45: =K7+K42 -> 247047.73 | L45: =L7+L42 -> 40620.745 | M45: =M7+M42 -> 24106 | ... S45: =S7+S42 -> 54405 | T45: =T40 -> 1109 | U45: =U7+U42 -> 791 | V45: =V7+V42 -> 156910 | W45: =W7+W42 -> 212106 | X45: =X7+X42 -> 4383.4116 | Y45: =Y7+Y42 -> 216489.41 | AA45: =MIN(AA10:AA40) -> 70 | AB45: =MIN(AB10:AB40) -> 44 | AC45: LO
A46: SEASON / AF | F46: =F45*$D$2 -> 60766 | G46: =G45*$D$2 -> 375758.21 | H46: =H45*$D$2 -> 25148.797 | I46: =I45*$D$2 -> 400907 | J46: =J45*$D$2 -> 89112.177 | K46: =K45*$D$2 -> 490019.18 | L46: =L45*$D$2 -> 80571.247 | M46: =M45*$D$2 -> 47814.251 | ... Y46: =Y45*$D$2 -> 429406.75
A48: YTD / CFS | F48: =F8+F42 -> 31087.976 | G48: =G8+G42 -> 219892 | H48: =H8+H42 -> 16090 | I48: =I8+I42 -> 235440.9 | J48: =J8+J42 -> 51761.179 | K48: =K8+K42 -> 287202.08 | L48: =L8+L42 -> 46349.076 | M48: =M8+M42 -> 25672 | ... S48: =S8+S42 -> 58697.92 | T48: =T45 -> 1109 | U48: =U8+U42 -> 792 | V48: =V8+V42 -> 191212 | W48: =W8+W42 -> 250702 | X48: =X8+X42 -> 5489.5256 | Y48: =Y8+Y42 -> 256191.53 | Z48: =Z8+Z42 -> 14.18
A49: YTD / AF | D49: =D8+D43 -> 61663 | E49: =E40 -> 199856 | F49: =F48*$D$2 -> 61663 | G49: =G48*$D$2 -> 436155.78 | H49: =H48*$D$2 -> 31914.515 | I49: =I48*$D$2 -> 466997.03 | J49: =J48*$D$2 -> 102668.3 | K49: =K48*$D$2 -> 569665.32 | L49: =L48*$D$2 -> 91933.392 | M49: =M48*$D$2 -> 50920.412 | ... Y49: =Y48*$D$2 -> 508155.89
B51: Active Storage | E51: 5698 | H51: Apr 1 thru Oct 31 evap & M&I | L51: =3500+2932 -> 6432 | W51: # days to Mar 31
B52: Users Balance | E52: =L54+O54+T54+U54+#REF! -> #REF! | H52: AF / day | L52: =L51/210 -> 30.628571 | P52: Days since 4/1 | S52: 148 | T52: =16268+1368+4 -> 17640
H53: Day left to Oct 31 | L53: =214-S52 -> 66 | O53: 6289 | P53: M&I thru MVIC sys / day | S53: =2932/210 -> 13.961905 | T53: =S52*S53 -> 2066.3619 | U53: =14562+1946+600+15+25 -> 17148
B54: Slack | E54: =E51-E52 -> #REF! | H54: Remaining / based on 44,000 runoff | L54: =L53*L52 -> 2021.4857 | O54: =O53-O49 -> 6289 | T54: =(T52+T53)+T46 -> 21906.063 | U54: =U53-U49 -> 15577.068 | Y54: =DAYS360(7/24/2002,3/31/2003,FALSE()) -> 0

Sheet SEP
K1: MC PHEE RESERVOIR IN/OUT FLOW TABULATION
A2: AF/cfs CONVERT FACTOR | D2: 1.9835 | K2: SEPTEMBER "1887"
A4: DATE | B4: RESERV | C4: RESERV | D4: AC FT | E4: ACTIVE | F4: CONV TO | G4: DOLORES | H4: LOST | I4: RECORDED | J4: CALC | K4: TOTAL | L4: CALC | M4: TUNNEL | Q4: LONE | R4: U | S4: TOTAL | T4: MVI | U4: DV CR | V4: BELOW | W4: RECORDED | X4: CALC | Y4: TOTAL | Z4: RAIN | AA4: MAX | AB4: MIN | AC4: DATE | AD4: MVI CALL
A5: "SEP" | B5: ELEV | C5: AC FT | D5: CHANGE | E5: CAP | F5: CFS | G5: RIVER | H5: CANYON | I5: INFLOW | J5: INFLOW | K5: INFLOW | L5: INF/OTF | M5: TOT DIV | N5: WETLAND | O5: UTE F&R | P5: MVI,CTZ | Q5: PINE | R5: LAT | S5: MVI | T5: CALL | U5: CANAL | V5: MC PHEE | W5: OUTFLOW | X5: OUTFLOW | Y5: OUTFLOW | AA5: TMP | AB5: TMP | AC5: "SEP" | AD5: APR/OCT
A7: SEASON BAL | F7: =AUG!F45 -> 30635.745 | G7: =AUG!G45 -> 189442 | H7: =AUG!H45 -> 12679 | I7: =AUG!I45 -> 202121 | J7: =AUG!J45 -> 44926.734 | K7: =AUG!K45 -> 247047.73 | L7: =AUG!L45 -> 40620.745 | M7: =AUG!M45 -> 24106 | ... Y7: =AUG!Y45 -> 216489.41
A8: YTD | B8: =AUG!B40 -> 6917.26 | C8: =AUG!C40 -> 351856 | D8: =AUG!D49 -> 61663 | E8: =AUG!E49 -> 199856 | F8: =AUG!F48 -> 31087.976 | G8: =AUG!G48 -> 219892 | H8: =AUG!H48 -> 16090 | I8: =AUG!I48 -> 235440.9 | J8: =AUG!J48 -> 51761.179 | K8: =AUG!K48 -> 287202.08 | L8: =AUG!L48 -> 46349.076 | M8: =AUG!M48 -> 25672 | ... Z8: =AUG!Z48 -> 14.18
AA9: 0
A10: 1 | B10: 6917.14 | C10: 351347 | D10: =C10-C8 -> -509 | E10: =C10-151978 -> 199369 | F10: =D10/$D$2 -> -256.61709 | G10: 175 | H10: 0 | I10: =G10+H10 -> 175 | J10: =IF(L10>0,L10,0) -> 41.382909 | K10: =I10+J10 -> 216.38291 | L10: =F10-(I10-W10) -> 41.382909 | M10: 107 | N10: 0 | O10: 0 | P10: =M10-(N10+O10) -> 107 | Q10: 131 | R10: 55 | S10: =SUM(P10:R10) -> 293 | T10: =(I10-S10)+T7 -> 991 | U10: 0 | V10: 180 | W10: =N10+O10+S10+U10+V10 -> 473 | X10: =IF(L10<0,L10*-1,0) -> 0 | Y10: =W10+X10 -> 473 | Z10: 0 | AA10: 84 | AB10: 52 | AC10: 1 | AD10: =IF(I10>S10,I10-S10,I10-S10) -> -118
A11: 2 | B11: 6916.98 | C11: 350670 | D11: =C11-C10 -> -677 | E11: =C11-151978 -> 198692 | F11: =D11/$D$2 -> -341.31586 | G11: 168 | H11: 0 | I11: =G11+H11 -> 168 | J11: =IF(L11>0,L11,0) -> 0 | K11: =I11+J11 -> 168 | L11: =F11-(I11-W11) -> -46.315856 | M11: 106 | N11: 0 | O11: 0 | P11: =M11-(N11+O11) -> 106 | Q11: 115 | R11: 65 | S11: =SUM(P11:R11) -> 286 | T11: =(I11-S11)+T10 -> 873 | U11: 0 | V11: 177 | W11: =N11+O11+S11+U11+V11 -> 463 | X11: =IF(L11<0,L11*-1,0) -> 46.315856 | Y11: =W11+X11 -> 509.31586 | Z11: 0 | AA11: 82 | AB11: 51 | AC11: 2 | AD11: =IF(I11>S11,I11-S11,I11-S11) -> -118
A12: 3 | B12: 6916.84 | C12: 350081 | D12: =C12-C11 -> -589 | E12: =C12-151978 -> 198103 | F12: =D12/$D$2 -> -296.94984 | G12: 168 | H12: 0 | I12: =G12+H12 -> 168 | J12: =IF(L12>0,L12,0) -> 12.050164 | K12: =I12+J12 -> 180.05016 | L12: =F12-(I12-W12) -> 12.050164 | M12: 106 | N12: 0 | O12: 0 | P12: =M12-(N12+O12) -> 106 | Q12: 115 | R12: 64 | S12: =SUM(P12:R12) -> 285 | T12: =(I12-S12)+T11 -> 756 | U12: 13 | V12: 179 | W12: =N12+O12+S12+U12+V12 -> 477 | X12: =IF(L12<0,L12*-1,0) -> 0 | Y12: =W12+X12 -> 477 | Z12: 0 | AA12: 79 | AB12: 55 | AC12: 3 | AD12: =IF(I12>S12,I12-S12,I12-S12) -> -117
A13: 4 | B13: 6916.59 | C13: 349029 | D13: =C13-C12 -> -1052 | E13: =C13-151978 -> 197051 | F13: =D13/$D$2 -> -530.3756 | G13: 160 | H13: 0 | I13: =G13+H13 -> 160 | J13: =IF(L13>0,L13,0) -> 0 | K13: =I13+J13 -> 160 | L13: =F13-(I13-W13) -> -210.3756 | M13: 116 | N13: 0 | O13: 0 | P13: =M13-(N13+O13) -> 116 | Q13: 114 | R13: 65 | S13: =SUM(P13:R13) -> 295 | T13: =(I13-S13)+T12 -> 621 | U13: 8 | V13: 177 | W13: =N13+O13+S13+U13+V13 -> 480 | X13: =IF(L13<0,L13*-1,0) -> 210.3756 | Y13: =W13+X13 -> 690.3756 | Z13: 0 | AA13: 77 | AB13: 55 | AC13: 4 | AD13: =IF(I13>S13,I13-S13,I13-S13) -> -135
A14: 5 | B14: 6916.35 | C14: 348019 | D14: =C14-C13 -> -1010 | E14: =C14-151978 -> 196041 | F14: =D14/$D$2 -> -509.20091 | G14: 161 | H14: 0 | I14: =G14+H14 -> 161 | J14: =IF(L14>0,L14,0) -> 0 | K14: =I14+J14 -> 161 | L14: =F14-(I14-W14) -> -186.20091 | M14: 126 | N14: 0 | O14: 0 | P14: =M14-(N14+O14) -> 126 | Q14: 114 | R14: 66 | S14: =SUM(P14:R14) -> 306 | T14: =(I14-S14)+T13 -> 476 | U14: 0 | V14: 178 | W14: =N14+O14+S14+U14+V14 -> 484 | X14: =IF(L14<0,L14*-1,0) -> 186.20091 | Y14: =W14+X14 -> 670.20091 | Z14: 0 | AA14: 76 | AB14: 47 | AC14: 5 | AD14: =IF(I14>S14,I14-S14,I14-S14) -> -145
A15: 6 | B15: 6916.2 | C15: 347388 | D15: =C15-C14 -> -631 | E15: =C15-151978 -> 195410 | F15: =D15/$D$2 -> -318.12453 | G15: 149 | H15: 0 | I15: =G15+H15 -> 149 | J15: =IF(L15>0,L15,0) -> 12.875473 | K15: =I15+J15 -> 161.87547 | L15: =F15-(I15-W15) -> 12.875473 | M15: 126 | N15: 0 | O15: 0 | P15: =M15-(N15+O15) -> 126 | Q15: 113 | R15: 64 | S15: =SUM(P15:R15) -> 303 | T15: =(I15-S15)+T14 -> 322 | U15: 0 | V15: 177 | W15: =N15+O15+S15+U15+V15 -> 480 | X15: =IF(L15<0,L15*-1,0) -> 0 | Y15: =W15+X15 -> 480 | Z15: 0 | AA15: 76 | AB15: 46 | AC15: 6 | AD15: =IF(I15>S15,I15-S15,I15-S15) -> -154
A16: 7 | B16: 6916.05 | C16: 346757 | D16: =C16-C15 -> -631 | E16: =C16-151978 -> 194779 | F16: =D16/$D$2 -> -318.12453 | G16: 141 | H16: 0 | I16: =G16+H16 -> 141 | J16: =IF(L16>0,L16,0) -> 21.875473 | K16: =I16+J16 -> 162.87547 | L16: =F16-(I16-W16) -> 21.875473 | M16: 126 | N16: 0 | O16: 0 | P16: =M16-(N16+O16) -> 126 | Q16: 113 | R16: 64 | S16: =SUM(P16:R16) -> 303 | T16: =(I16-S16)+T15 -> 160 | U16: 0 | V16: 178 | W16: =N16+O16+S16+U16+V16 -> 481 | X16: =IF(L16<0,L16*-1,0) -> 0 | Y16: =W16+X16 -> 481 | Z16: 0 | AA16: 76 | AB16: 46 | AC16: 7 | AD16: =IF(I16>S16,I16-S16,I16-S16) -> -162
A17: 8 | B17: 6915.86 | C17: 345962 | D17: =C17-C16 -> -795 | E17: =C17-151978 -> 193984 | F17: =D17/$D$2 -> -400.80665 | G17: 139 | H17: 0 | I17: =G17+H17 -> 139 | J17: =IF(L17>0,L17,0) -> 0 | K17: =I17+J17 -> 139 | L17: =F17-(I17-W17) -> -36.806655 | M17: 126 | N17: 0 | O17: 0 | P17: =M17-(N17+O17) -> 126 | Q17: 113 | R17: 64 | S17: =SUM(P17:R17) -> 303 | T17: =(I17-S17)+T16 -> -4 | U17: 25 | V17: 175 | W17: =N17+O17+S17+U17+V17 -> 503 | X17: =IF(L17<0,L17*-1,0) -> 36.806655 | Y17: =W17+X17 -> 539.80665 | Z17: 0 | AA17: 76 | AB17: 44 | AC17: 8 | AD17: =IF(I17>S17,I17-S17,I17-S17) -> -164
A18: 9 | B18: 6915.65 | C18: 345086 | D18: =C18-C17 -> -876 | E18: =C18-151978 -> 193108 | F18: =D18/$D$2 -> -441.64356 | G18: 135 | H18: 0 | I18: =G18+H18 -> 135 | J18: =IF(L18>0,L18,0) -> 0 | K18: =I18+J18 -> 135 | L18: =F18-(I18-W18) -> -98.643559 | M18: 126 | N18: 0 | O18: 0 | P18: =M18-(N18+O18) -> 126 | Q18: 112 | R18: 64 | S18: =SUM(P18:R18) -> 302 | T18: =(I18-S18)+T17 -> -171 | U18: 0 | V18: 176 | W18: =N18+O18+S18+U18+V18 -> 478 | X18: =IF(L18<0,L18*-1,0) -> 98.643559 | Y18: =W18+X18 -> 576.64356 | Z18: 0 | AA18: 78 | AB18: 45 | AC18: 9 | AD18: =IF(I18>S18,I18-S18,I18-S18) -> -167
A19: 10 | B19: 6915.47 | C19: 344334 | D19: =C19-C18 -> -752 | E19: =C19-151978 -> 192356 | F19: =D19/$D$2 -> -379.1278 | G19: 129 | H19: 0.01 | I19: =G19+H19 -> 129.01 | J19: =IF(L19>0,L19,0) -> 0 | K19: =I19+J19 -> 129.01 | L19: =F19-(I19-W19) -> -10.137804 | M19: 125 | N19: 0 | O19: 0 | P19: =M19-(N19+O19) -> 125 | Q19: 112 | R19: 63 | S19: =SUM(P19:R19) -> 300 | T19: =(I19-S19)+T18 -> -341.99 | U19: 24 | V19: 174 | W19: =N19+O19+S19+U19+V19 -> 498 | X19: =IF(L19<0,L19*-1,0) -> 10.137804 | Y19: =W19+X19 -> 508.1378 | Z19: 0.03 | AA19: 78 | AB19: 45 | AC19: 10 | AD19: =IF(I19>S19,I19-S19,I19-S19) -> -170.99
A20: 11 | B20: 6915.25 | C20: 343416 | D20: =C20-C19 -> -918 | E20: =C20-151978 -> 191438 | F20: =D20/$D$2 -> -462.81825 | G20: 119 | H20: 0 | I20: =G20+H20 -> 119 | J20: =IF(L20>0,L20,0) -> 0 | K20: =I20+J20 -> 119 | L20: =F20-(I20-W20) -> -105.81825 | M20: 125 | N20: 0 | O20: 0 | P20: =M20-(N20+O20) -> 125 | Q20: 112 | R20: 64 | S20: =SUM(P20:R20) -> 301 | T20: =(I20-S20)+T19 -> -523.99 | U20: 0 | V20: 175 | W20: =N20+O20+S20+U20+V20 -> 476 | X20: =IF(L20<0,L20*-1,0) -> 105.81825 | Y20: =W20+X20 -> 581.81825 | Z20: 0 | AA20: 79 | AB20: 45 | AC20: 11 | AD20: =IF(I20>S20,I20-S20,I20-S20) -> -182
A21: 12 | B21: 6915.02 | C21: 342456 | D21: =C21-C20 -> -960 | E21: =C21-151978 -> 190478 | F21: =D21/$D$2 -> -483.99294 | G21: 116 | H21: 0 | I21: =G21+H21 -> 116 | J21: =IF(L21>0,L21,0) -> 0 | K21: =I21+J21 -> 116 | L21: =F21-(I21-W21) -> -120.99294 | M21: 125 | N21: 0 | O21: 0 | P21: =M21-(N21+O21) -> 125 | Q21: 111 | R21: 64 | S21: =SUM(P21:R21) -> 300 | T21: =(I21-S21)+T20 -> -707.99 | U21: 0 | V21: 179 | W21: =N21+O21+S21+U21+V21 -> 479 | X21: =IF(L21<0,L21*-1,0) -> 120.99294 | Y21: =W21+X21 -> 599.99294 | Z21: 0 | AA21: 79 | AB21: 46 | AC21: 12 | AD21: =IF(I21>S21,I21-S21,I21-S21) -> -184
A22: 13 | B22: 6914.83 | C22: 341668 | D22: =C22-C21 -> -788 | E22: =C22-151978 -> 189690 | F22: =D22/$D$2 -> -397.27754 | G22: 111 | H22: 0.01 | I22: =G22+H22 -> 111.01 | J22: =IF(L22>0,L22,0) -> 0 | K22: =I22+J22 -> 111.01 | L22: =F22-(I22-W22) -> -27.28754 | M22: 125 | N22: 0 | O22: 0 | P22: =M22-(N22+O22) -> 125 | Q22: 111 | R22: 64 | S22: =SUM(P22:R22) -> 300 | T22: =(I22-S22)+T21 -> -896.98 | U22: 0 | V22: 181 | W22: =N22+O22+S22+U22+V22 -> 481 | X22: =IF(L22<0,L22*-1,0) -> 27.28754 | Y22: =W22+X22 -> 508.28754 | Z22: 0.35 | AA22: 72 | AB22: 47 | AC22: 13 | AD22: =IF(I22>S22,I22-S22,I22-S22) -> -188.99
... A39: 30 | B39: 6912.7 | C39: 332898 | D39: =C39-C38 -> -489 | E39: =C39-151978 -> 180920 | F39: =D39/$D$2 -> -246.5339 | G39: 90 | H39: 0 | I39: =G39+H39 -> 90 | J39: =IF(L39>0,L39,0) -> 0 | K39: =I39+J39 -> 90 | L39: =F39-(I39-W39) -> -26.533905 | M39: 104 | N39: 0 | O39: 0 | P39: =M39-(N39+O39) -> 104 | Q39: 63 | R39: 54 | S39: =SUM(P39:R39) -> 221 | T39: =(I39-S39)+T38 -> -3581.97 | U39: 9 | V39: 80 | W39: =N39+O39+S39+U39+V39 -> 310 | X39: =IF(L39<0,L39*-1,0) -> 26.533905 | Y39: =W39+X39 -> 336.5339 | Z39: 0 | AA39: 74 | AB39: 42 | AC39: 30 | AD39: =IF(I39>S39,I39-S39,I39-S39) -> -131
A41: MONTH / CFS | F41: =SUM(F10:F39) -> -9557.8523 | G41: =SUM(G10:G39) -> 3646 | H41: =SUM(H10:H39) -> 0.03 | I41: =SUM(I10:I39) -> 3646.03 | J41: =SUM(J10:J39) -> 399.99168 | K41: =SUM(K10:K39) -> 4046.0217 | L41: =SUM(L10:L39) -> -1399.8823 | M41: =SUM(M10:M39) -> 3631 | ... S41: =SUM(S10:S39) -> 8337 | U41: =SUM(U10:U39) -> 199 | V41: =SUM(V10:V40) -> 3268 | W41: =SUM(W10:W39) -> 11804 | X41: =SUM(X10:X39) -> 1799.874 | Y41: =SUM(Y10:Y39) -> 13603.874 | Z41: =SUM(Z10:Z39) -> 0.38 | AA41: =AVERAGE(AA10:AA39) -> 75.9 | AB41: =AVERAGE(AB10:AB39) -> 43.566667 | AC41: AVG
A42: MONTH / AF | D42: =SUM(D10:D40) -> -18958 | F42: =F41*$D$2 -> -18958 | G42: =G41*$D$2 -> 7231.841 | H42: =H41*$D$2 -> 0.059505 | I42: =I41*$D$2 -> 7231.9005 | J42: =J41*$D$2 -> 793.3835 | K42: =K41*$D$2 -> 8025.284 | L42: =L41*$D$2 -> -2776.6665 | M42: =M41*$D$2 -> 7202.0885 | ... S42: =S41*$D$2 -> 16536.44 | U42: =U41*$D$2 -> 394.7165 | V42: =V41*$D$2 -> 6482.078 | W42: =W41*$D$2 -> 23413.234 | X42: =X41*$D$2 -> 3570.05 | Y42: =Y41*$D$2 -> 26983.284 | AA42: =MAX(AA10:AA39) -> 84 | AB42: =MAX(AB10:AB39) -> 55 | AC42: HI
A44: SEASON / CFS | F44: =F7+F41 -> 21077.893 | G44: =G7+G41 -> 193088 | H44: =H7+H41 -> 12679.03 | I44: =I7+I41 -> 205767.03 | J44: =J7+J41 -> 45326.725 | K44: =K7+K41 -> 251093.76 | L44: =L7+L41 -> 39220.863 | M44: =M7+M41 -> 27737 | ... S44: =S7+S41 -> 62742 | T44: =T39 -> -3581.97 | U44: =U7+U41 -> 990 | V44: =V7+V41 -> 160178 | W44: =W7+W41 -> 223910 | X44: =X7+X41 -> 6183.2856 | Y44: =Y7+Y41 -> 230093.29 | AA44: =MIN(AA10:AA39) -> 71 | AB44: =MIN(AB10:AB39) -> 33 | AC44: LO
A45: SEASON / AF | F45: =F44*$D$2 -> 41808 | G45: =G44*$D$2 -> 382990.05 | H45: =H44*$D$2 -> 25148.856 | I45: =I44*$D$2 -> 408138.9 | J45: =J44*$D$2 -> 89905.56 | K45: =K44*$D$2 -> 498044.46 | L45: =L44*$D$2 -> 77794.581 | M45: =M44*$D$2 -> 55016.34 | ... Y45: =Y44*$D$2 -> 456390.03
A47: YTD / CFS | F47: =F8+F41 -> 21530.124 | G47: =G8+G41 -> 223538 | H47: =H8+H41 -> 16090.03 | I47: =I8+I41 -> 239086.93 | J47: =J8+J41 -> 52161.17 | K47: =K8+K41 -> 291248.1 | L47: =L8+L41 -> 44949.194 | M47: =M8+M41 -> 29303 | ... S47: =S8+S41 -> 67034.92 | T47: =T44 -> -3581.97 | U47: =U8+U41 -> 991 | V47: =V8+V41 -> 194480 | W47: =W8+W41 -> 262506 | X47: =X8+X41 -> 7289.3995 | Y47: =Y8+Y41 -> 269795.4 | Z47: =Z8+Z41 -> 14.56
A48: YTD / AF | D48: =D8+D42 -> 42705 | E48: =E39 -> 180920 | F48: =F47*$D$2 -> 42705 | G48: =G47*$D$2 -> 443387.62 | H48: =H47*$D$2 -> 31914.575 | I48: =I47*$D$2 -> 474228.93 | J48: =J47*$D$2 -> 103461.68 | K48: =K47*$D$2 -> 577690.61 | L48: =L47*$D$2 -> 89156.725 | M48: =M47*$D$2 -> 58122.501 | ... Y48: =Y47*$D$2 -> 535139.18
B50: Active Storage | E50: 7391 | H50: Apr 1 thru Oct 31 evap & M&I | L50: 10240 | W50: # days to Mar 31
B51: Users Balance | E51: =L53+O53+T53+U53+#REF! -> #REF! | H51: AF / day | L51: =L50/210 -> 48.761905 | P51: Days since 4/1 | S51: 183 | T51: =16268+1368+4 -> 17640
H52: Day left to Oct 31 | L52: =214-S51 -> 31 | N52: Ute Avail | O52: 6289 | P52: M&I thru MVIC sys / day | S52: =2932/210 -> 13.961905 | T52: =S51*S52 -> 2555.0286 | U52: =14562+1946+600+15+25+3 -> 17151
B53: Slack | E53: =E50-E51 -> #REF! | H53: Remaining / based on 44,000 runoff | L53: =L52*L51 -> 1511.619 | N53: Ute Left | O53: =O52-O48 -> 6289 | T53: =(T51+T52)+T45 -> 13090.191 | U53: =U52-U48 -> 15185.352 | Y53: =DAYS360(7/24/2002,3/31/2003,FALSE()) -> 0

Sheet OCT
K1: MC PHEE RESERVOIR IN/OUT FLOW TABULATION
A2: AF/cfs CONVERT FACTOR | D2: 1.9835 | K2: OCTOBER "1887"
A4: DATE | B4: RESERV | C4: RESERV | D4: AC FT | E4: ACTIVE | F4: CONV TO | G4: DOLORES | H4: LOST | I4: RECORDED | J4: CALC | K4: TOTAL | L4: CALC | M4: TUNNEL | Q4: LONE | R4: U | S4: TOTAL | T4: MVI | U4: DV CR | V4: BELOW | W4: RECORDED | X4: CALC | Y4: TOTAL | Z4: RAIN | AA4: MAX | AB4: MIN | AC4: DATE | AD4: MVI CALL
A5: "OCT" | B5: ELEV | C5: AC FT | D5: CHANGE | E5: CAP | F5: CFS | G5: RIVER | H5: CANYON | I5: INFLOW | J5: INFLOW | K5: INFLOW | L5: INF/OTF | M5: TOT DIV | N5: WETLAND | O5: UTE F&R | P5: MVI,CTZ | Q5: PINE | R5: LAT | S5: MVI | T5: CALL | U5: CANAL | V5: MC PHEE | W5: OUTFLOW | X5: OUTFLOW | Y5: OUTFLOW | AA5: TMP | AB5: TMP | AC5: "OCT" | AD5: APR/OCT
A7: SEASON BAL | F7: =SEP!F44 -> 21077.893 | G7: =SEP!G44 -> 193088 | H7: =SEP!H44 -> 12679.03 | I7: =SEP!I44 -> 205767.03 | J7: =SEP!J44 -> 45326.725 | K7: =SEP!K44 -> 251093.76 | L7: =SEP!L44 -> 39220.863 | M7: =SEP!M44 -> 27737 | ... Y7: =SEP!Y44 -> 230093.29
A8: YTD | B8: =SEP!B39 -> 6912.7 | C8: =SEP!C39 -> 332898 | D8: =SEP!D48 -> 42705 | E8: =SEP!E48 -> 180920 | F8: =SEP!F47 -> 21530.124 | G8: =SEP!G47 -> 223538 | H8: =SEP!H47 -> 16090.03 | I8: =SEP!I47 -> 239086.93 | J8: =SEP!J47 -> 52161.17 | K8: =SEP!K47 -> 291248.1 | L8: =SEP!L47 -> 44949.194 | M8: =SEP!M47 -> 29303 | ... Z8: =SEP!Z47 -> 14.56
A10: 1 | B10: 6912.61 | C10: 332531 | D10: =C10-C8 -> -367 | E10: =C10-152000 -> 180531 | F10: =D10/$D$2 -> -185.02647 | G10: 86 | H10: 0 | I10: =G10+H10 -> 86 | J10: =IF(L10>0,L10,0) -> 23.973532 | K10: =I10+J10 -> 109.97353 | L10: =F10-(I10-W10) -> 23.973532 | M10: 97 | N10: 0 | O10: 0 | P10: =M10-(N10+O10) -> 97 | Q10: 64 | R10: 56 | S10: =SUM(P10:R10) -> 217 | T10: =(I10-S10)+T7 -> -3712.97 | U10: 0 | V10: 78 | W10: =N10+O10+S10+U10+V10 -> 295 | X10: =IF(L10<0,L10*-1,0) -> 0 | Y10: =W10+X10 -> 295 | Z10: 0 | AA10: 77 | AB10: 40 | AC10: 1 | AD10: =IF(I10>S10,I10-S10,I10-S10) -> -131
A11: =A10+1 -> 2 | B11: 6912.46 | C11: 331920 | D11: =C11-C10 -> -611 | E11: =C11-152000 -> 179920 | F11: =D11/$D$2 -> -308.04134 | G11: 85 | H11: 0 | I11: =G11+H11 -> 85 | J11: =IF(L11>0,L11,0) -> 0 | K11: =I11+J11 -> 85 | L11: =F11-(I11-W11) -> -88.041341 | M11: 97 | N11: 0 | O11: 0 | P11: =M11-(N11+O11) -> 97 | Q11: 64 | R11: 56 | S11: =SUM(P11:R11) -> 217 | T11: =(I11-S11)+T10 -> -3844.97 | U11: 10 | V11: 78 | W11: =N11+O11+S11+U11+V11 -> 305 | X11: =IF(L11<0,L11*-1,0) -> 88.041341 | Y11: =W11+X11 -> 393.04134 | Z11: 0 | AA11: 78 | AB11: 42 | AC11: =AC10+1 -> 2 | AD11: =IF(I11>S11,I11-S11,I11-S11) -> -132
A12: =A11+1 -> 3 | B12: 6912.31 | C12: 331308 | D12: =C12-C11 -> -612 | E12: =C12-152000 -> 179308 | F12: =D12/$D$2 -> -308.5455 | G12: 84 | H12: 0 | I12: =G12+H12 -> 84 | J12: =IF(L12>0,L12,0) -> 0 | K12: =I12+J12 -> 84 | L12: =F12-(I12-W12) -> -99.5455 | M12: 97 | N12: 0 | O12: 0 | P12: =M12-(N12+O12) -> 97 | Q12: 64 | R12: 55 | S12: =SUM(P12:R12) -> 216 | T12: =(I12-S12)+T11 -> -3976.97 | U12: 0 | V12: 77 | W12: =N12+O12+S12+U12+V12 -> 293 | X12: =IF(L12<0,L12*-1,0) -> 99.5455 | Y12: =W12+X12 -> 392.5455 | Z12: 0 | AA12: 79 | AB12: 42 | AC12: =AC11+1 -> 3 | AD12: =IF(I12>S12,I12-S12,I12-S12) -> -132
A13: =A12+1 -> 4 | B13: 6912.17 | C13: 330737 | D13: =C13-C12 -> -571 | E13: =C13-152000 -> 178737 | F13: =D13/$D$2 -> -287.87497 | G13: 84 | H13: 0 | I13: =G13+H13 -> 84 | J13: =IF(L13>0,L13,0) -> 0 | K13: =I13+J13 -> 84 | L13: =F13-(I13-W13) -> -79.874968 | M13: 96 | N13: 0 | O13: 0 | P13: =M13-(N13+O13) -> 96 | Q13: 64 | R13: 55 | S13: =SUM(P13:R13) -> 215 | T13: =(I13-S13)+T12 -> -4107.97 | U13: 0 | V13: 77 | W13: =N13+O13+S13+U13+V13 -> 292 | X13: =IF(L13<0,L13*-1,0) -> 79.874968 | Y13: =W13+X13 -> 371.87497 | Z13: 0 | AA13: 79 | AB13: 40 | AC13: =AC12+1 -> 4 | AD13: =IF(I13>S13,I13-S13,I13-S13) -> -131
A14: =A13+1 -> 5 | B14: 6912.05 | C14: 330248 | D14: =C14-C13 -> -489 | E14: =C14-152000 -> 178248 | F14: =D14/$D$2 -> -246.5339 | G14: 82 | H14: 0 | I14: =G14+H14 -> 82 | J14: =IF(L14>0,L14,0) -> 0 | K14: =I14+J14 -> 82 | L14: =F14-(I14-W14) -> -43.533905 | M14: 88 | N14: 0 | O14: 0 | P14: =M14-(N14+O14) -> 88 | Q14: 54 | R14: 55 | S14: =SUM(P14:R14) -> 197 | T14: =(I14-S14)+T13 -> -4222.97 | U14: 11 | V14: 77 | W14: =N14+O14+S14+U14+V14 -> 285 | X14: =IF(L14<0,L14*-1,0) -> 43.533905 | Y14: =W14+X14 -> 328.5339 | Z14: 0 | AA14: 79 | AB14: 40 | AC14: =AC13+1 -> 5 | AD14: =IF(I14>S14,I14-S14,I14-S14) -> -115
A15: =A14+1 -> 6 | B15: 6911.99 | C15: 330004 | D15: =C15-C14 -> -244 | E15: =C15-152000 -> 178004 | F15: =D15/$D$2 -> -123.01487 | G15: 78 | H15: 0 | I15: =G15+H15 -> 78 | J15: =IF(L15>0,L15,0) -> 59.985127 | K15: =I15+J15 -> 137.98513 | L15: =F15-(I15-W15) -> 59.985127 | M15: 77 | N15: 0 | O15: 0 | P15: =M15-(N15+O15) -> 77 | Q15: 49 | R15: 55 | S15: =SUM(P15:R15) -> 181 | T15: =(I15-S15)+T14 -> -4325.97 | U15: 0 | V15: 80 | W15: =N15+O15+S15+U15+V15 -> 261 | X15: =IF(L15<0,L15*-1,0) -> 0 | Y15: =W15+X15 -> 261 | Z15: 0 | AA15: 78 | AB15: 40 | AC15: =AC14+1 -> 6 | AD15: =IF(I15>S15,I15-S15,I15-S15) -> -103
A16: =A15+1 -> 7 | B16: 6911.89 | C16: 329599 | D16: =C16-C15 -> -405 | E16: =C16-152000 -> 177599 | F16: =D16/$D$2 -> -204.18452 | G16: 76 | H16: 0 | I16: =G16+H16 -> 76 | J16: =IF(L16>0,L16,0) -> 0 | K16: =I16+J16 -> 76 | L16: =F16-(I16-W16) -> -11.184522 | M16: 77 | N16: 0 | O16: 0 | P16: =M16-(N16+O16) -> 77 | Q16: 49 | R16: 55 | S16: =SUM(P16:R16) -> 181 | T16: =(I16-S16)+T15 -> -4430.97 | U16: 11 | V16: 77 | W16: =N16+O16+S16+U16+V16 -> 269 | X16: =IF(L16<0,L16*-1,0) -> 11.184522 | Y16: =W16+X16 -> 280.18452 | Z16: 0 | AA16: 78 | AB16: 40 | AC16: =AC15+1 -> 7 | AD16: =IF(I16>S16,I16-S16,I16-S16) -> -105
A17: =A16+1 -> 8 | B17: 6911.78 | C17: 329154 | D17: =C17-C16 -> -445 | E17: =C17-152000 -> 177154 | F17: =D17/$D$2 -> -224.35089 | G17: 72 | H17: 0 | I17: =G17+H17 -> 72 | J17: =IF(L17>0,L17,0) -> 0 | K17: =I17+J17 -> 72 | L17: =F17-(I17-W17) -> -38.350895 | M17: 77 | N17: 0 | O17: 0 | P17: =M17-(N17+O17) -> 77 | Q17: 49 | R17: 55 | S17: =SUM(P17:R17) -> 181 | T17: =(I17-S17)+T16 -> -4539.97 | U17: 0 | V17: 77 | W17: =N17+O17+S17+U17+V17 -> 258 | X17: =IF(L17<0,L17*-1,0) -> 38.350895 | Y17: =W17+X17 -> 296.35089 | Z17: 0 | AA17: 78 | AB17: 40 | AC17: =AC16+1 -> 8 | AD17: =IF(I17>S17,I17-S17,I17-S17) -> -109
A18: =A17+1 -> 9 | B18: 6911.64 | C18: 328588 | D18: =C18-C17 -> -566 | E18: =C18-152000 -> 176588 | F18: =D18/$D$2 -> -285.35417 | G18: 70 | H18: 0 | I18: =G18+H18 -> 70 | J18: =IF(L18>0,L18,0) -> 0 | K18: =I18+J18 -> 70 | L18: =F18-(I18-W18) -> -82.354172 | M18: 73 | N18: 0 | O18: 0 | P18: =M18-(N18+O18) -> 73 | Q18: 48 | R18: 55 | S18: =SUM(P18:R18) -> 176 | T18: =(I18-S18)+T17 -> -4645.97 | U18: 20 | V18: 77 | W18: =N18+O18+S18+U18+V18 -> 273 | X18: =IF(L18<0,L18*-1,0) -> 82.354172 | Y18: =W18+X18 -> 355.35417 | Z18: 0 | AA18: 73 | AB18: 39 | AC18: =AC17+1 -> 9 | AD18: =IF(I18>S18,I18-S18,I18-S18) -> -106
A19: =A18+1 -> 10 | B19: 6911.51 | C19: 328062 | D19: =C19-C18 -> -526 | E19: =C19-152000 -> 176062 | F19: =D19/$D$2 -> -265.1878 | G19: 70 | H19: 0 | I19: =G19+H19 -> 70 | J19: =IF(L19>0,L19,0) -> 0 | K19: =I19+J19 -> 70 | L19: =F19-(I19-W19) -> -83.187799 | M19: 70 | N19: 0 | O19: 0 | P19: =M19-(N19+O19) -> 70 | Q19: 48 | R19: 56 | S19: =SUM(P19:R19) -> 174 | T19: =(I19-S19)+T18 -> -4749.97 | U19: 0 | V19: 78 | W19: =N19+O19+S19+U19+V19 -> 252 | X19: =IF(L19<0,L19*-1,0) -> 83.187799 | Y19: =W19+X19 -> 335.1878 | Z19: 0 | AA19: 73 | AB19: 41 | AC19: =AC18+1 -> 10 | AD19: =IF(I19>S19,I19-S19,I19-S19) -> -104
A20: =A19+1 -> 11 | B20: 6911.43 | C20: 327739 | D20: =C20-C19 -> -323 | E20: =C20-152000 -> 175739 | F20: =D20/$D$2 -> -162.84346 | G20: 70 | H20: 0 | I20: =G20+H20 -> 70 | J20: =IF(L20>0,L20,0) -> 0 | K20: =I20+J20 -> 70 | L20: =F20-(I20-W20) -> -21.843459 | M20: 70 | N20: 0 | O20: 0 | P20: =M20-(N20+O20) -> 70 | Q20: 48 | R20: 16 | S20: =SUM(P20:R20) -> 134 | T20: =(I20-S20)+T19 -> -4813.97 | U20: 0 | V20: 77 | W20: =N20+O20+S20+U20+V20 -> 211 | X20: =IF(L20<0,L20*-1,0) -> 21.843459 | Y20: =W20+X20 -> 232.84346 | Z20: 0 | AA20: 74 | AB20: 41 | AC20: =AC19+1 -> 11 | AD20: =IF(I20>S20,I20-S20,I20-S20) -> -64
A21: =A20+1 -> 12 | B21: 6911.37 | C21: 327496 | D21: =C21-C20 -> -243 | E21: =C21-152000 -> 175496 | F21: =D21/$D$2 -> -122.51071 | G21: 85 | H21: 0 | I21: =G21+H21 -> 85 | J21: =IF(L21>0,L21,0) -> 6.4892866 | K21: =I21+J21 -> 91.489287 | L21: =F21-(I21-W21) -> 6.4892866 | M21: 75 | N21: 0 | O21: 0 | P21: =M21-(N21+O21) -> 75 | Q21: 48 | R21: 0 | S21: =SUM(P21:R21) -> 123 | T21: =(I21-S21)+T20 -> -4851.97 | U21: 15 | V21: 76 | W21: =N21+O21+S21+U21+V21 -> 214 | X21: =IF(L21<0,L21*-1,0) -> 0 | Y21: =W21+X21 -> 214 | Z21: 0.26 | AA21: 76 | AB21: 42 | AC21: =AC20+1 -> 12 | AD21: =IF(I21>S21,I21-S21,I21-S21) -> -38
A22: =A21+1 -> 13 | B22: 6911.34 | C22: 327375 | D22: =C22-C21 -> -121 | E22: =C22-152000 -> 175375 | F22: =D22/$D$2 -> -61.003277 | G22: 89 | H22: 0 | I22: =G22+H22 -> 89 | J22: =IF(L22>0,L22,0) -> 52.996723 | K22: =I22+J22 -> 141.99672 | L22: =F22-(I22-W22) -> 52.996723 | M22: 78 | N22: 0 | O22: 0 | P22: =M22-(N22+O22) -> 78 | Q22: 48 | R22: 0 | S22: =SUM(P22:R22) -> 126 | T22: =(I22-S22)+T21 -> -4888.97 | U22: 0 | V22: 77 | W22: =N22+O22+S22+U22+V22 -> 203 | X22: =IF(L22<0,L22*-1,0) -> 0 | Y22: =W22+X22 -> 203 | Z22: 0.57 | AA22: 69 | AB22: 43 | AC22: =AC21+1 -> 13 | AD22: =IF(I22>S22,I22-S22,I22-S22) -> -37
... A25: =A24+1 -> 16 | B25: 6911.23 | C25: 326930 | D25: =C25-C24 -> -162 | E25: =C25-152000 -> 174930 | F25: =D25/$D$2 -> -81.673809 | G25: 115 | H25: 0 | I25: =G25+H25 -> 115 | J25: =IF(L25>0,L25,0) -> 0 | K25: =I25+J25 -> 115 | L25: =F25-(I25-W25) -> -13.673809 | M25: 58 | N25: 0 | O25: 0 | P25: =M25-(N25+O25) -> 58 | Q25: 48 | R25: 0 | S25: =SUM(P25:R25) -> 106 | T25: =(I25-S25)+T24 -> -4828.97 | U25: 0 | V25: 77 | W25: =N25+O25+S25+U25+V25 -> 183 | X25: =IF(L25<0,L25*-1,0) -> 13.673809 | Y25: =W25+X25 -> 196.67381 | Z25: 0 | AA25: 63 | AB25: 34 | AC25: =AC24+1 -> 16 | AD25: =IF(I25>S25,I25-S25,I25-S25) -> 9
A26: =A25+1 -> 17 | B26: 6911.18 | C26: 326727 | D26: =C26-C25 -> -203 | E26: =C26-152000 -> 174727 | F26: =D26/$D$2 -> -102.34434 | G26: 101 | H26: 0 | I26: =G26+H26 -> 101 | J26: =IF(L26>0,L26,0) -> 0 | K26: =I26+J26 -> 101 | L26: =F26-(I26-W26) -> -24.344341 | M26: 54 | N26: 0 | O26: 0 | P26: =M26-(N26+O26) -> 54 | Q26: 48 | R26: 0 | S26: =SUM(P26:R26) -> 102 | T26: =(I26-S26)+T25 -> -4829.97 | U26: 0 | V26: 77 | W26: =N26+O26+S26+U26+V26 -> 179 | X26: =IF(L26<0,L26*-1,0) -> 24.344341 | Y26: =W26+X26 -> 203.34434 | Z26: 0 | AA26: 62 | AB26: 34 | AC26: =AC25+1 -> 17 | AD26: 0
A27: =A26+1 -> 18 | B27: 6911.09 | C27: 326363 | D27: =C27-C26 -> -364 | E27: =C27-152000 -> 174363 | F27: =D27/$D$2 -> -183.51399 | G27: 95 | H27: 0 | I27: =G27+H27 -> 95 | J27: =IF(L27>0,L27,0) -> 0 | K27: =I27+J27 -> 95 | L27: =F27-(I27-W27) -> -100.51399 | M27: 54 | N27: 0 | O27: 0 | P27: =M27-(N27+O27) -> 54 | Q27: 48 | R27: 0 | S27: =SUM(P27:R27) -> 102 | T27: =(I27-S27)+T26 -> -4836.97 | U27: 0 | V27: 76 | W27: =N27+O27+S27+U27+V27 -> 178 | X27: =IF(L27<0,L27*-1,0) -> 100.51399 | Y27: =W27+X27 -> 278.51399 | Z27: 0 | AA27: 63 | AB27: 33 | AC27: =AC26+1 -> 18 | AD27: 0
A28: =A27+1 -> 19 | B28: 6911.04 | C28: 326161 | D28: =C28-C27 -> -202 | E28: =C28-152000 -> 174161 | F28: =D28/$D$2 -> -101.84018 | G28: 91 | H28: 0 | I28: =G28+H28 -> 91 | J28: =IF(L28>0,L28,0) -> 0 | K28: =I28+J28 -> 91 | L28: =F28-(I28-W28) -> -17.840181 | M28: 50 | N28: 0 | O28: 0 | P28: =M28-(N28+O28) -> 50 | Q28: 48 | R28: 0 | S28: =SUM(P28:R28) -> 98 | T28: =(I28-S28)+T27 -> -4843.97 | U28: 0 | V28: 77 | W28: =N28+O28+S28+U28+V28 -> 175 | X28: =IF(L28<0,L28*-1,0) -> 17.840181 | Y28: =W28+X28 -> 192.84018 | Z28: 0 | AA28: 65 | AB28: 33 | AC28: =AC27+1 -> 19 | AD28: 0
A29: =A28+1 -> 20 | B29: 6911.01 | C29: 326040 | D29: =C29-C28 -> -121 | E29: =C29-152000 -> 174040 | F29: =D29/$D$2 -> -61.003277 | G29: 86 | H29: 0 | I29: =G29+H29 -> 86 | J29: =IF(L29>0,L29,0) -> 11.996723 | K29: =I29+J29 -> 97.996723 | L29: =F29-(I29-W29) -> 11.996723 | M29: 35 | N29: 0 | O29: 0 | P29: =M29-(N29+O29) -> 35 | Q29: 48 | R29: 0 | S29: =SUM(P29:R29) -> 83 | T29: =(I29-S29)+T28 -> -4840.97 | U29: 0 | V29: 76 | W29: =N29+O29+S29+U29+V29 -> 159 | X29: =IF(L29<0,L29*-1,0) -> 0 | Y29: =W29+X29 -> 159 | Z29: 0 | AA29: 64 | AB29: 35 | AC29: =AC28+1 -> 20 | AD29: 0
A30: =A29+1 -> 21 | B30: 6910.98 | C30: 325919 | D30: =C30-C29 -> -121 | E30: =C30-152000 -> 173919 | F30: =D30/$D$2 -> -61.003277 | G30: 82 | H30: 0 | I30: =G30+H30 -> 82 | J30: =IF(L30>0,L30,0) -> 11.996723 | K30: =I30+J30 -> 93.996723 | L30: =F30-(I30-W30) -> 11.996723 | M30: 30 | N30: 0 | O30: 0 | P30: =M30-(N30+O30) -> 30 | Q30: 48 | R30: 0 | S30: =SUM(P30:R30) -> 78 | T30: =(I30-S30)+T29 -> -4836.97 | U30: 0 | V30: 77 | W30: =N30+O30+S30+U30+V30 -> 155 | X30: =IF(L30<0,L30*-1,0) -> 0 | Y30: =W30+X30 -> 155 | Z30: 0 | AA30: 65 | AB30: 31 | AC30: =AC29+1 -> 21 | AD30: 0
A31: =A30+1 -> 22 | B31: 6910.93 | C31: 325718 | D31: =C31-C30 -> -201 | E31: =C31-152000 -> 173718 | F31: =D31/$D$2 -> -101.33602 | G31: 78 | H31: 0 | I31: =G31+H31 -> 78 | J31: =IF(L31>0,L31,0) -> 0 | K31: =I31+J31 -> 78 | L31: =F31-(I31-W31) -> -28.336022 | M31: 27 | N31: 0 | O31: 0 | P31: =M31-(N31+O31) -> 27 | Q31: 48 | R31: 0 | S31: =SUM(P31:R31) -> 75 | T31: =(I31-S31)+T30 -> -4833.97 | U31: 0 | V31: 76 | W31: =N31+O31+S31+U31+V31 -> 151 | X31: =IF(L31<0,L31*-1,0) -> 28.336022 | Y31: =W31+X31 -> 179.33602 | Z31: 0 | AA31: 56 | AB31: 30 | AC31: =AC30+1 -> 22 | AD31: 0
A32: =A31+1 -> 23 | B32: 6910.94 | C32: 325759 | D32: =C32-C31 -> 41 | E32: =C32-152000 -> 173759 | F32: =D32/$D$2 -> 20.670532 | G32: 81 | H32: 0 | I32: =G32+H32 -> 81 | J32: =IF(L32>0,L32,0) -> 109.67053 | K32: =I32+J32 -> 190.67053 | L32: =F32-(I32-W32) -> 109.67053 | M32: 46 | N32: 0 | O32: 0 | P32: =M32-(N32+O32) -> 46 | Q32: 48 | R32: 0 | S32: =SUM(P32:R32) -> 94 | T32: =(I32-S32)+T31 -> -4846.97 | U32: 0 | V32: 76 | W32: =N32+O32+S32+U32+V32 -> 170 | X32: =IF(L32<0,L32*-1,0) -> 0 | Y32: =W32+X32 -> 170 | Z32: 0 | AA32: 59 | AB32: 32 | AC32: =AC31+1 -> 23 | AD32: 0
A33: =A32+1 -> 24 | B33: 6910.95 | C33: 325799 | D33: =C33-C32 -> 40 | E33: =C33-152000 -> 173799 | F33: =D33/$D$2 -> 20.166373 | G33: 87 | H33: 0 | I33: =G33+H33 -> 87 | J33: =IF(L33>0,L33,0) -> 102.16637 | K33: =I33+J33 -> 189.16637 | L33: =F33-(I33-W33) -> 102.16637 | M33: 46 | N33: 0 | O33: 0 | P33: =M33-(N33+O33) -> 46 | Q33: 48 | R33: 0 | S33: =SUM(P33:R33) -> 94 | T33: =(I33-S33)+T32 -> -4853.97 | U33: 0 | V33: 75 | W33: =N33+O33+S33+U33+V33 -> 169 | X33: =IF(L33<0,L33*-1,0) -> 0 | Y33: =W33+X33 -> 169 | Z33: 0.8 | AA33: 61 | AB33: 40 | AC33: =AC32+1 -> 24 | AD33: 0
A34: 25 | B34: 6910.9 | C34: 325598 | D34: =C34-C33 -> -201 | E34: =C34-152000 -> 173598 | F34: =D34/$D$2 -> -101.33602 | G34: 125 | H34: 0 | I34: =G34+H34 -> 125 | J34: =IF(L34>0,L34,0) -> 0 | K34: =I34+J34 -> 125 | L34: =F34-(I34-W34) -> -56.336022 | M34: 46 | N34: 0 | O34: 0 | P34: =M34-(N34+O34) -> 46 | Q34: 48 | R34: 0 | S34: =SUM(P34:R34) -> 94 | T34: =(I34-S34)+T33 -> -4822.97 | U34: 0 | V34: 76 | W34: =N34+O34+S34+U34+V34 -> 170 | X34: =IF(L34<0,L34*-1,0) -> 56.336022 | Y34: =W34+X34 -> 226.33602 | Z34: 0 | AA34: 56 | AB34: 41 | AC34: 25 | AD34: 0
A35: 26 | B35: 6910.88 | C35: 325518 | D35: =C35-C34 -> -80 | E35: =C35-152000 -> 173518 | F35: =D35/$D$2 -> -40.332745 | G35: 140 | H35: 0 | I35: =G35+H35 -> 140 | J35: =IF(L35>0,L35,0) -> 0 | K35: =I35+J35 -> 140 | L35: =F35-(I35-W35) -> -48.332745 | M35: 38 | N35: 0 | O35: 0 | P35: =M35-(N35+O35) -> 38 | Q35: 18 | R35: 0 | S35: =SUM(P35:R35) -> 56 | T35: =(I35-S35)+T34 -> -4738.97 | U35: 0 | V35: 76 | W35: =N35+O35+S35+U35+V35 -> 132 | X35: =IF(L35<0,L35*-1,0) -> 48.332745 | Y35: =W35+X35 -> 180.33275 | Z35: 0 | AA35: 58 | AB35: 34 | AC35: 26 | AD35: 0
A36: 27 | B36: 6910.92 | C36: 325678 | D36: =C36-C35 -> 160 | E36: =C36-152000 -> 173678 | F36: =D36/$D$2 -> 80.66549 | G36: 118 | H36: 0 | I36: =G36+H36 -> 118 | J36: =IF(L36>0,L36,0) -> 71.66549 | K36: =I36+J36 -> 189.66549 | L36: =F36-(I36-W36) -> 71.66549 | M36: 33 | N36: 0 | O36: 0 | P36: =M36-(N36+O36) -> 33 | Q36: 0 | R36: 0 | S36: =SUM(P36:R36) -> 33 | T36: =(I36-S36)+T35 -> -4653.97 | U36: 0 | V36: 76 | W36: =N36+O36+S36+U36+V36 -> 109 | X36: =IF(L36<0,L36*-1,0) -> 0 | Y36: =W36+X36 -> 109 | Z36: 0 | AA36: 60 | AB36: 34 | AC36: 27 | AD36: 0
A37: 28 | B37: 6910.9 | C37: 325598 | D37: =C37-C36 -> -80 | E37: =C37-152000 -> 173598 | F37: =D37/$D$2 -> -40.332745 | G37: 108 | H37: 0 | I37: =G37+H37 -> 108 | J37: =IF(L37>0,L37,0) -> 0 | K37: =I37+J37 -> 108 | L37: =F37-(I37-W37) -> -42.332745 | M37: 30 | N37: 0 | O37: 0 | P37: =M37-(N37+O37) -> 30 | Q37: 0 | R37: 0 | S37: =SUM(P37:R37) -> 30 | T37: =(I37-S37)+T36 -> -4575.97 | U37: 0 | V37: 76 | W37: =N37+O37+S37+U37+V37 -> 106 | X37: =IF(L37<0,L37*-1,0) -> 42.332745 | Y37: =W37+X37 -> 148.33275 | Z37: 0 | AA37: 62 | AB37: 33 | AC37: 28 | AD37: 0
A38: 29 | B38: 6910.96 | C38: 325839 | D38: =C38-C37 -> 241 | E38: =C38-152000 -> 173839 | F38: =D38/$D$2 -> 121.50239 | G38: 108 | H38: 0 | I38: =G38+H38 -> 108 | J38: =IF(L38>0,L38,0) -> 117.50239 | K38: =I38+J38 -> 225.50239 | L38: =F38-(I38-W38) -> 117.50239 | M38: 30 | N38: 0 | O38: 0 | P38: =M38-(N38+O38) -> 30 | Q38: 0 | R38: 0 | S38: =SUM(P38:R38) -> 30 | T38: =(I38-S38)+T37 -> -4497.97 | U38: 0 | V38: 74 | W38: =N38+O38+S38+U38+V38 -> 104 | X38: =IF(L38<0,L38*-1,0) -> 0 | Y38: =W38+X38 -> 104 | Z38: 0.99 | AA38: 63 | AB38: 34 | AC38: 29 | AD38: 0
A39: 30 | B39: 6910.99 | C39: 325959 | D39: =C39-C38 -> 120 | E39: =C39-152000 -> 173959 | F39: =D39/$D$2 -> 60.499118 | G39: 167 | H39: 0 | I39: =G39+H39 -> 167 | J39: =IF(L39>0,L39,0) -> 0 | K39: =I39+J39 -> 167 | L39: =F39-(I39-W39) -> -1.5008823 | M39: 30 | N39: 0 | O39: 0 | P39: =M39-(N39+O39) -> 30 | Q39: 0 | R39: 0 | S39: =SUM(P39:R39) -> 30 | T39: =(I39-S39)+T38 -> -4360.97 | U39: 0 | V39: 75 | W39: =N39+O39+S39+U39+V39 -> 105 | X39: =IF(L39<0,L39*-1,0) -> 1.5008823 | Y39: =W39+X39 -> 106.50088 | Z39: 0 | AA39: 64 | AB39: 35 | AC39: 30 | AD39: 0
A40: 31 | B40: 6911.03 | C40: 326121 | D40: =C40-C39 -> 162 | E40: =C40-152000 -> 174121 | F40: =D40/$D$2 -> 81.673809 | G40: 153 | H40: 0 | I40: =G40+H40 -> 153 | J40: =IF(L40>0,L40,0) -> 32.673809 | K40: =I40+J40 -> 185.67381 | L40: =F40-(I40-W40) -> 32.673809 | M40: 30 | N40: 0 | O40: 0 | P40: =M40-(N40+O40) -> 30 | Q40: 0 | R40: 0 | S40: =SUM(P40:R40) -> 30 | T40: =(I40-S40)+T39 -> -4237.97 | U40: 0 | V40: 74 | W40: =N40+O40+S40+U40+V40 -> 104 | X40: =IF(L40<0,L40*-1,0) -> 0 | Y40: =W40+X40 -> 104 | Z40: 0.16 | AA40: 64 | AB40: 32 | AC40: 31 | AD40: 0
H41: 0 | M41: 0 | R41: 0 | V41: 0
A42: MONTH / CFS | F42: =SUM(F10:F40) -> -3416.6877 | G42: =SUM(G10:G40) -> 3061 | H42: =SUM(H10:H40) -> 0 | I42: =SUM(I10:I40) -> 3061 | J42: =SUM(J10:J40) -> 641.44618 | K42: =SUM(K10:K40) -> 3702.4462 | L42: =SUM(L10:L40) -> -318.68767 | M42: =SUM(M10:M40) -> 1857 | ... S42: =SUM(S10:S40) -> 3717 | U42: =SUM(U10:U40) -> 75 | V42: =SUM(V10:V40) -> 2367 | W42: =SUM(W10:W40) -> 6159 | X42: =SUM(X10:X40) -> 960.13385 | Y42: =SUM(Y10:Y40) -> 7119.1339 | Z42: =SUM(Z10:Z40) -> 3.27 | AA42: =AVERAGE(AA10:AA40) -> 67.451613 | AB42: =AVERAGE(AB10:AB40) -> 37.129032 | AC42: AVG
A43: MONTH / AF | D43: =SUM(D10:D40) -> -6777 | F43: =F42*$D$2 -> -6777 | G43: =G42*$D$2 -> 6071.4935 | H43: =H42*$D$2 -> 0 | I43: =I42*$D$2 -> 6071.4935 | J43: =J42*$D$2 -> 1272.3085 | K43: =K42*$D$2 -> 7343.802 | L43: =L42*$D$2 -> -632.117 | M43: =M42*$D$2 -> 3683.3595 | ... S43: =S42*$D$2 -> 7372.6695 | U43: =U42*$D$2 -> 148.7625 | V43: =V42*$D$2 -> 4694.9445 | W43: =W42*$D$2 -> 12216.377 | X43: =X42*$D$2 -> 1904.4255 | Y43: =Y42*$D$2 -> 14120.802 | AA43: =MAX(AA10:AA40) -> 79 | AB43: =MAX(AB10:AB40) -> 43 | AC43: HI
A45: SEASON / CFS | F45: =F7+F42 -> 17661.205 | G45: =G7+G42 -> 196149 | H45: =H7+H42 -> 12679.03 | I45: =I7+I42 -> 208828.03 | J45: =J7+J42 -> 45968.172 | K45: =K7+K42 -> 254796.2 | L45: =L7+L42 -> 38902.175 | M45: =M7+M42 -> 29594 | ... S45: =S7+S42 -> 66459 | T45: =T40 -> -4237.97 | U45: =U7+U42 -> 1065 | V45: =V7+V42 -> 162545 | W45: =W7+W42 -> 230069 | X45: =X7+X42 -> 7143.4195 | Y45: =Y7+Y42 -> 237212.42 | AA45: =MIN(AA10:AA40) -> 56 | AB45: =MIN(AB10:AB40) -> 30 | AC45: LO
A46: SEASON / AF | F46: =F45*$D$2 -> 35031 | G46: =G45*$D$2 -> 389061.54 | H46: =H45*$D$2 -> 25148.856 | I46: =I45*$D$2 -> 414210.4 | J46: =J45*$D$2 -> 91177.868 | K46: =K45*$D$2 -> 505388.27 | L46: =L45*$D$2 -> 77162.464 | M46: =M45*$D$2 -> 58699.699 | ... Y46: =Y45*$D$2 -> 470510.83
A48: YTD / CFS | F48: =F8+F42 -> 18113.436 | G48: =G8+G42 -> 226599 | H48: =H8+H42 -> 16090.03 | I48: =I8+I42 -> 242147.93 | J48: =J8+J42 -> 52802.617 | K48: =K8+K42 -> 294950.55 | L48: =L8+L42 -> 44630.506 | M48: =M8+M42 -> 31160 | ... S48: =S8+S42 -> 70751.92 | T48: =T45 -> -4237.97 | U48: =U8+U42 -> 1066 | V48: =V8+V42 -> 196847 | W48: =W8+W42 -> 268665 | X48: =X8+X42 -> 8249.5334 | Y48: =Y8+Y42 -> 276914.53 | Z48: =Z8+Z42 -> 17.83
A49: YTD / AF | D49: =D8+D43 -> 35928 | E49: =E40 -> 174121 | F49: =F48*$D$2 -> 35928 | G49: =G48*$D$2 -> 449459.12 | H49: =H48*$D$2 -> 31914.575 | I49: =I48*$D$2 -> 480300.42 | J49: =J48*$D$2 -> 104733.99 | K49: =K48*$D$2 -> 585034.41 | L49: =L48*$D$2 -> 88524.608 | M49: =M48*$D$2 -> 61805.86 | ... Y49: =Y48*$D$2 -> 549259.98
