Workbook

Sheet NOV
K1: MC PHEE RESERVOIR IN/OUT FLOW TABULATION
A2: AF/cfs CONVERT FACTOR | D2: 1.983 | L2: NOVEMBER "94"
A4: DATE | B4: RESERV | C4: RESERV | D4: AC FT | E4: ACTIVE | F4: CONV TO | G4: DOLORES | H4: LOST | I4: RECORDED | J4: CALC | K4: TOTAL | L4: CALC | M4: DOLORES TUNNEL | P4: MVI | Q4: U | R4: TOTAL | S4: MVI | T4: DV CR | U4: BELOW | V4: REMAIN | W4: RECORDED | X4: CALC | Y4: TOTAL | Z4: RAIN | AA4: MAX | AB4: MIN | AC4: DATE
A5: "NOV" | B5: ELEV | C5: AC FT | D5: CHANGE | E5: CAP | F5: CFS | G5: RIVER | H5: CANYON | I5: INFLOW | J5: INFLOW | K5: INFLOW | L5: INF/OTF | M5: TOT DIV | N5: UTE F&R | O5: MVI,CTZ,MWC | P5: DIVER | Q5: LATERAL | R5: MVI | S5: CALL | T5: CANAL | U5: MC PHEE | V5: RELEASE | W5: OUTFLOW | X5: OUTFLOW | Y5: OUTFLOW | AA5: TMP | AB5: TMP | AC5: "NOV"
A7: SEASON BAL
A8: YTD | B8: 6895.3 | C8: 266563 | V8: =(25400+3900+285)/1.9835 -> 14915.553 | AD8: 13149 | AE8: 17902
A10: 1 | B10: 6895.14 | C10: 265995 | D10: =C10-C8 -> -568 | E10: =C10-152000 -> 113995 | F10: =D10/$D$2 -> -286.43469 | G10: 51.29 | H10: 0 | I10: =G10+H10 -> 51.29 | J10: =IF(L10>0,L10,0) -> 0 | K10: =I10+J10 -> 51.29 | L10: =F10-(I10-W10) -> -22.864695 | M10: 22.48 | N10: 11 | O10: =M10-N10 -> 11.48 | P10: 252.19 | R10: =SUM(O10:Q10) -> 263.67 | U10: 40.19 | V10: =V8-U10 -> 14875.363 | W10: =N10+R10+T10+U10 -> 314.86 | X10: =IF(L10<0,L10*-1,0) -> 22.864695 | Y10: =W10+X10 -> 337.72469 | Z10: 0 | AA10: 56 | AB10: 19 | AC10: 1 | AD10: 13243 | AF10: 7883
A11: =A10+1 -> 2 | B11: 6895 | C11: 265496 | D11: =C11-C10 -> -499 | E11: =C11-152000 -> 113496 | F11: =D11/$D$2 -> -251.63893 | G11: 53.62 | H11: 0 | I11: =G11+H11 -> 53.62 | J11: =IF(L11>0,L11,0) -> 9.4010691 | K11: =I11+J11 -> 63.021069 | L11: =F11-(I11-W11) -> 9.4010691 | M11: 22.47 | N11: 11 | O11: =M11-N11 -> 11.47 | P11: 252.62 | R11: =SUM(O11:Q11) -> 264.09 | U11: 39.57 | V11: =V10-U11 -> 14835.793 | W11: =N11+R11+T11+U11 -> 314.66 | X11: =IF(L11<0,L11*-1,0) -> 0 | Y11: =W11+X11 -> 314.66 | Z11: 0.08 | AA11: 50 | AB11: 24 | AC11: =AC10+1 -> 2 | AD11: 13333 | AE11: 62
A12: =A11+1 -> 3 | B12: 6895.02 | C12: 265567 | D12: =C12-C11 -> 71 | E12: =C12-152000 -> 113567 | F12: =D12/$D$2 -> 35.804337 | G12: 61.66 | H12: 0 | I12: =G12+H12 -> 61.66 | J12: =IF(L12>0,L12,0) -> 206.64434 | K12: =I12+J12 -> 268.30434 | L12: =F12-(I12-W12) -> 206.64434 | M12: 16.97 | N12: 10 | O12: =M12-N12 -> 6.97 | P12: 175.55 | R12: =SUM(O12:Q12) -> 182.52 | U12: 39.98 | V12: =V11-U12 -> 14795.813 | W12: =N12+R12+T12+U12 -> 232.5 | X12: =IF(L12<0,L12*-1,0) -> 0 | Y12: =W12+X12 -> 232.5 | Z12: 0 | AA12: 48 | AB12: 22 | AC12: =AC11+1 -> 3 | AD12: 13456 | AE12: 159
A13: =A12+1 -> 4 | B13: 6895.03 | C13: 265602 | D13: =C13-C12 -> 35 | E13: =C13-152000 -> 113602 | F13: =D13/$D$2 -> 17.650025 | G13: 57.02 | H13: 0 | I13: =G13+H13 -> 57.02 | J13: =IF(L13>0,L13,0) -> 7.1200252 | K13: =I13+J13 -> 64.140025 | L13: =F13-(I13-W13) -> 7.1200252 | M13: 6.89 | N13: 10 | O13: =M13-N13 -> -3.11 | R13: =SUM(O13:Q13) -> -3.11 | U13: 39.6 | V13: =V12-U13 -> 14756.213 | W13: =N13+R13+T13+U13 -> 46.49 | X13: =IF(L13<0,L13*-1,0) -> 0 | Y13: =W13+X13 -> 46.49 | Z13: 0.21 | AA13: 50 | AB13: 20 | AC13: =AC12+1 -> 4 | AD13: 13563 | AE13: 263
A14: =A13+1 -> 5 | B14: 6895.04 | C14: 265639 | D14: =C14-C13 -> 37 | E14: =C14-152000 -> 113639 | F14: =D14/$D$2 -> 18.658598 | G14: 48.21 | H14: 0 | I14: =G14+H14 -> 48.21 | J14: =IF(L14>0,L14,0) -> 16.258598 | K14: =I14+J14 -> 64.468598 | L14: =F14-(I14-W14) -> 16.258598 | M14: 6.21 | N14: 10 | O14: =M14-N14 -> -3.79 | R14: =SUM(O14:Q14) -> -3.79 | U14: 39.6 | V14: =V13-U14 -> 14716.613 | W14: =N14+R14+T14+U14 -> 45.81 | X14: =IF(L14<0,L14*-1,0) -> 0 | Y14: =W14+X14 -> 45.81 | Z14: 0 | AA14: 40 | AB14: 10 | AC14: =AC13+1 -> 5 | AD14: 13678 | AE14: 367
A15: =A14+1 -> 6 | B15: 6895.05 | C15: 265673 | D15: =C15-C14 -> 34 | E15: =C15-152000 -> 113673 | F15: =D15/$D$2 -> 17.145739 | G15: 60.63 | H15: 0 | I15: =G15+H15 -> 60.63 | J15: =IF(L15>0,L15,0) -> 2.4057388 | K15: =I15+J15 -> 63.035739 | L15: =F15-(I15-W15) -> 2.4057388 | M15: 6.29 | N15: 10 | O15: =M15-N15 -> -3.71 | R15: =SUM(O15:Q15) -> -3.71 | U15: 39.6 | V15: =V14-U15 -> 14677.013 | W15: =N15+R15+T15+U15 -> 45.89 | X15: =IF(L15<0,L15*-1,0) -> 0 | Y15: =W15+X15 -> 45.89 | Z15: 0 | AA15: 46 | AB15: 9 | AC15: =AC14+1 -> 6 | AD15: 13812 | AE15: 469
A16: =A15+1 -> 7 | B16: 6895.07 | C16: 265745 | D16: =C16-C15 -> 72 | E16: =C16-152000 -> 113745 | F16: =D16/$D$2 -> 36.308623 | G16: 60.25 | H16: 0 | I16: =G16+H16 -> 60.25 | J16: =IF(L16>0,L16,0) -> 22.068623 | K16: =I16+J16 -> 82.318623 | L16: =F16-(I16-W16) -> 22.068623 | M16: 6.44 | N16: 19 | O16: =M16-N16 -> -12.56 | R16: =SUM(O16:Q16) -> -12.56 | U16: 39.57 | V16: =V15-U16 -> 14637.443 | W16: =N16+R16+T16+U16 -> 46.01 | X16: =IF(L16<0,L16*-1,0) -> 0 | Y16: =W16+X16 -> 46.01 | Z16: 0 | AA16: 47 | AB16: 15 | AC16: =AC15+1 -> 7 | AD16: 13968 | AE16: 587
A17: =A16+1 -> 8 | B17: 6895.08 | C17: 265781 | D17: =C17-C16 -> 36 | E17: =C17-152000 -> 113781 | F17: =D17/$D$2 -> 18.154312 | G17: 73 | H17: 0 | I17: =G17+H17 -> 73 | J17: =IF(L17>0,L17,0) -> 0 | K17: =I17+J17 -> 73 | L17: =F17-(I17-W17) -> -9.6056884 | M17: 5.56 | N17: 11 | O17: =M17-N17 -> -5.44 | R17: =SUM(O17:Q17) -> -5.44 | U17: 39.68 | V17: =V16-U17 -> 14597.763 | W17: =N17+R17+T17+U17 -> 45.24 | X17: =IF(L17<0,L17*-1,0) -> 9.6056884 | Y17: =W17+X17 -> 54.845688 | Z17: 0 | AA17: 50 | AB17: 16 | AC17: =AC16+1 -> 8 | AD17: 14117 | AE17: 707
A18: =A17+1 -> 9 | B18: 6895.1 | C18: 265852 | D18: =C18-C17 -> 71 | E18: =C18-152000 -> 113852 | F18: =D18/$D$2 -> 35.804337 | G18: 70.58 | H18: 0 | I18: =G18+H18 -> 70.58 | J18: =IF(L18>0,L18,0) -> 10.174337 | K18: =I18+J18 -> 80.754337 | L18: =F18-(I18-W18) -> 10.174337 | M18: 5.38 | N18: 6 | O18: =M18-N18 -> -0.62 | R18: =SUM(O18:Q18) -> -0.62 | U18: 39.57 | V18: =V17-U18 -> 14558.193 | W18: =N18+R18+T18+U18 -> 44.95 | X18: =IF(L18<0,L18*-1,0) -> 0 | Y18: =W18+X18 -> 44.95 | Z18: 0 | AA18: 52 | AB18: 20 | AC18: =AC17+1 -> 9 | AD18: 14264 | AE18: 826
A19: =A18+1 -> 10 | B19: 6895.12 | C19: 265924 | D19: =C19-C18 -> 72 | E19: =C19-152000 -> 113924 | F19: =D19/$D$2 -> 36.308623 | G19: 60.61 | H19: 0 | I19: =G19+H19 -> 60.61 | J19: =IF(L19>0,L19,0) -> 20.898623 | K19: =I19+J19 -> 81.508623 | L19: =F19-(I19-W19) -> 20.898623 | M19: 5.6 | N19: 6 | O19: =M19-N19 -> -0.4 | R19: =SUM(O19:Q19) -> -0.4 | U19: 39.6 | V19: =V18-U19 -> 14518.593 | W19: =N19+R19+T19+U19 -> 45.2 | X19: =IF(L19<0,L19*-1,0) -> 0 | Y19: =W19+X19 -> 45.2 | Z19: 0 | AA19: 54 | AB19: 21 | AC19: =AC18+1 -> 10 | AD19: 14413 | AE19: 964
A20: =A19+1 -> 11 | B20: 6895.17 | C20: 266101 | D20: =C20-C19 -> 177 | E20: =C20-152000 -> 114101 | F20: =D20/$D$2 -> 89.258699 | G20: 62.74 | H20: 0 | I20: =G20+H20 -> 62.74 | J20: =IF(L20>0,L20,0) -> 72.008699 | K20: =I20+J20 -> 134.7487 | L20: =F20-(I20-W20) -> 72.008699 | M20: 5.89 | N20: 14 | O20: =M20-N20 -> -8.11 | R20: =SUM(O20:Q20) -> -8.11 | U20: 39.6 | V20: =V19-U20 -> 14478.993 | W20: =N20+R20+T20+U20 -> 45.49 | X20: =IF(L20<0,L20*-1,0) -> 0 | Y20: =W20+X20 -> 45.49 | Z20: 0 | AA20: 40 | AB20: 26 | AC20: =AC19+1 -> 11 | AD20: 14571 | AE20: 1065
A21: =A20+1 -> 12 | B21: 6895.25 | C21: 266386 | D21: =C21-C20 -> 285 | E21: =C21-152000 -> 114386 | F21: =D21/$D$2 -> 143.72163 | G21: 89.9 | H21: 0 | I21: =G21+H21 -> 89.9 | J21: =IF(L21>0,L21,0) -> 99.901634 | K21: =I21+J21 -> 189.80163 | L21: =F21-(I21-W21) -> 99.901634 | M21: 5.89 | N21: 5.5 | O21: =M21-N21 -> 0.39 | R21: =SUM(O21:Q21) -> 0.39 | U21: 40.19 | V21: =V20-U21 -> 14438.803 | W21: =N21+R21+T21+U21 -> 46.08 | X21: =IF(L21<0,L21*-1,0) -> 0 | Y21: =W21+X21 -> 46.08 | Z21: 0.83 | AA21: 40 | AB21: 23 | AC21: =AC20+1 -> 12 | AD21: 14696 | AE21: 1185
A22: =A21+1 -> 13 | B22: 6895.32 | C22: 266634 | D22: =C22-C21 -> 248 | E22: =C22-152000 -> 114634 | F22: =D22/$D$2 -> 125.06304 | G22: 95.72 | H22: 0 | I22: =G22+H22 -> 95.72 | J22: =IF(L22>0,L22,0) -> 74.253036 | K22: =I22+J22 -> 169.97304 | L22: =F22-(I22-W22) -> 74.253036 | M22: 5.31 | N22: 0.5 | O22: =M22-N22 -> 4.81 | R22: =SUM(O22:Q22) -> 4.81 | U22: 39.6 | V22: =V21-U22 -> 14399.203 | W22: =N22+R22+T22+U22 -> 44.91 | X22: =IF(L22<0,L22*-1,0) -> 0 | Y22: =W22+X22 -> 44.91 | Z22: 0.21 | AA22: 35 | AB22: 17 | AC22: =AC21+1 -> 13 | AD22: 14771 | AE22: 1299
A23: =A22+1 -> 14 | B23: 6895.29 | C23: 266528 | D23: =C23-C22 -> -106 | E23: =C23-152000 -> 114528 | F23: =D23/$D$2 -> -53.454362 | G23: 76.14 | H23: 0 | I23: =G23+H23 -> 76.14 | J23: =IF(L23>0,L23,0) -> 0 | K23: =I23+J23 -> 76.14 | L23: =F23-(I23-W23) -> -86.914362 | M23: 3.08 | O23: =M23-N23 -> 3.08 | R23: =SUM(O23:Q23) -> 3.08 | U23: 39.6 | V23: =V22-U23 -> 14359.603 | W23: =N23+R23+T23+U23 -> 42.68 | X23: =IF(L23<0,L23*-1,0) -> 86.914362 | Y23: =W23+X23 -> 129.59436 | Z23: 0 | AA23: 49 | AB23: 23 | AC23: =AC22+1 -> 14 | AD23: 14842 | AE23: 1407
A24: =A23+1 -> 15 | B24: 6895.29 | C24: 266528 | D24: =C24-C23 -> 0 | E24: =C24-152000 -> 114528 | F24: =D24/$D$2 -> 0 | G24: 59.43 | H24: FROZE | I24: =G24 -> 59.43 | J24: =IF(L24>0,L24,0) -> 0 | K24: =I24+J24 -> 59.43 | L24: =F24-(I24-W24) -> -15.9 | M24: 3.93 | O24: =M24-N24 -> 3.93 | R24: =SUM(O24:Q24) -> 3.93 | U24: 39.6 | V24: =V23-U24 -> 14320.003 | W24: =N24+R24+T24+U24 -> 43.53 | X24: =IF(L24<0,L24*-1,0) -> 15.9 | Y24: =W24+X24 -> 59.43 | Z24: 0 | AA24: 46 | AB24: 20 | AC24: =AC23+1 -> 15 | AD24: 14927 | AE24: 1516
A25: =A24+1 -> 16 | B25: 6895.31 | C25: 266600 | D25: =C25-C24 -> 72 | E25: =C25-152000 -> 114600 | F25: =D25/$D$2 -> 36.308623 | G25: 81.2 | H25: 0 | I25: =G25+H25 -> 81.2 | J25: =IF(L25>0,L25,0) -> 0 | K25: =I25+J25 -> 81.2 | L25: =F25-(I25-W25) -> -0.011376702 | M25: 5.31 | O25: =M25-N25 -> 5.31 | R25: =SUM(O25:Q25) -> 5.31 | U25: 39.57 | V25: =V24-U25 -> 14280.433 | W25: =N25+R25+T25+U25 -> 44.88 | X25: =IF(L25<0,L25*-1,0) -> 0.011376702 | Y25: =W25+X25 -> 44.891377 | Z25: 0.03 | AA25: 44 | AB25: 18 | AC25: =AC24+1 -> 16 | AD25: 15009 | AE25: 1615
A26: =A25+1 -> 17 | B26: 6895.31 | C26: 266600 | D26: =C26-C25 -> 0 | E26: =C26-152000 -> 114600 | F26: =D26/$D$2 -> 0 | G26: 45.6 | H26: 0 | I26: =G26+H26 -> 45.6 | J26: =IF(L26>0,L26,0) -> 0 | K26: =I26+J26 -> 45.6 | L26: =F26-(I26-W26) -> -0.04 | M26: 5.96 | O26: =M26-N26 -> 5.96 | R26: =SUM(O26:Q26) -> 5.96 | U26: 39.6 | V26: =V25-U26 -> 14240.833 | W26: =N26+R26+T26+U26 -> 45.56 | X26: =IF(L26<0,L26*-1,0) -> 0.04 | Y26: =W26+X26 -> 45.6 | Z26: 0 | AA26: 48 | AB26: 20 | AC26: =AC25+1 -> 17 | AD26: 15112 | AE26: 1714
A27: =A26+1 -> 18 | B27: 6895.34 | C27: 266706 | D27: =C27-C26 -> 106 | E27: =C27-152000 -> 114706 | F27: =D27/$D$2 -> 53.454362 | G27: 98.9 | H27: 0 | I27: =G27+H27 -> 98.9 | J27: =IF(L27>0,L27,0) -> 0.044362078 | K27: =I27+J27 -> 98.944362 | L27: =F27-(I27-W27) -> 0.044362078 | M27: 5.89 | O27: =M27-N27 -> 5.89 | R27: =SUM(O27:Q27) -> 5.89 | U27: 39.6 | V27: =V26-U27 -> 14201.233 | W27: =N27+R27+T27+U27 -> 45.49 | X27: =IF(L27<0,L27*-1,0) -> 0 | Y27: =W27+X27 -> 45.49 | Z27: 0 | AA27: 50 | AB27: 21 | AC27: =AC26+1 -> 18 | AD27: 15213 | AE27: 1812
A28: =A27+1 -> 19 | B28: 6895.35 | C28: 266742 | D28: =C28-C27 -> 36 | E28: =C28-152000 -> 114742 | F28: =D28/$D$2 -> 18.154312 | G28: 63.6 | H28: 0 | I28: =G28+H28 -> 63.6 | J28: =IF(L28>0,L28,0) -> 0.044311649 | K28: =I28+J28 -> 63.644312 | L28: =F28-(I28-W28) -> 0.044311649 | M28: 5.89 | O28: =M28-N28 -> 5.89 | R28: =SUM(O28:Q28) -> 5.89 | U28: 39.6 | V28: =V27-U28 -> 14161.633 | W28: =N28+R28+T28+U28 -> 45.49 | X28: =IF(L28<0,L28*-1,0) -> 0 | Y28: =W28+X28 -> 45.49 | Z28: 0.37 | AA28: 48 | AB28: 18 | AC28: =AC27+1 -> 19 | AD28: 15295 | AE28: 1909
A29: =A28+1 -> 20 | B29: 6895.39 | C29: 266885 | D29: =C29-C28 -> 143 | E29: =C29-152000 -> 114885 | F29: =D29/$D$2 -> 72.11296 | G29: 117.6 | H29: 0 | I29: =G29+H29 -> 117.6 | J29: =IF(L29>0,L29,0) -> 0.0029601614 | K29: =I29+J29 -> 117.60296 | L29: =F29-(I29-W29) -> 0.0029601614 | M29: 5.89 | O29: =M29-N29 -> 5.89 | R29: =SUM(O29:Q29) -> 5.89 | U29: 39.6 | V29: =V28-U29 -> 14122.033 | W29: =N29+R29+T29+U29 -> 45.49 | X29: =IF(L29<0,L29*-1,0) -> 0 | Y29: =W29+X29 -> 45.49 | Z29: 0.03 | AA29: 50 | AB29: 16 | AC29: =AC28+1 -> 20 | AD29: 15367 | AE29: 2006
A30: =A29+1 -> 21 | B30: 6895.4 | C30: 266919 | D30: =C30-C29 -> 34 | E30: =C30-152000 -> 114919 | F30: =D30/$D$2 -> 17.145739 | G30: 62.2 | H30: 0 | I30: =G30+H30 -> 62.2 | J30: =IF(L30>0,L30,0) -> 0 | K30: =I30+J30 -> 62.2 | L30: =F30-(I30-W30) -> -0.03426122 | M30: 5.42 | O30: =M30-N30 -> 5.42 | R30: =SUM(O30:Q30) -> 5.42 | U30: 39.6 | V30: =V29-U30 -> 14082.433 | W30: =N30+R30+T30+U30 -> 45.02 | X30: =IF(L30<0,L30*-1,0) -> 0.03426122 | Y30: =W30+X30 -> 45.054261 | Z30: 0 | AA30: 51 | AB30: 16 | AC30: =AC29+1 -> 21 | AD30: 15445 | AE30: 2106 | AF30: 273.4
A31: =A30+1 -> 22 | B31: 6895.4 | C31: 266919 | D31: =C31-C30 -> 0 | E31: =C31-152000 -> 114919 | F31: =D31/$D$2 -> 0 | G31: 43.4 | H31: 0 | I31: =G31+H31 -> 43.4 | J31: =IF(L31>0,L31,0) -> 0 | K31: =I31+J31 -> 43.4 | L31: =F31-(I31-W31) -> -0.04 | M31: 3.76 | O31: =M31-N31 -> 3.76 | R31: =SUM(O31:Q31) -> 3.76 | U31: 39.6 | V31: =V30-U31 -> 14042.833 | W31: =N31+R31+T31+U31 -> 43.36 | X31: =IF(L31<0,L31*-1,0) -> 0.04 | Y31: =W31+X31 -> 43.4 | Z31: 0 | AA31: 44 | AB31: 38 | AC31: =AC30+1 -> 22 | AD31: 15524 | AE31: 2203 | AF31: 249.63
A32: =A31+1 -> 23 | B32: 6895.4 | C32: 266919 | D32: =C32-C31 -> 0 | E32: =C32-152000 -> 114919 | F32: =D32/$D$2 -> 0 | G32: 45.2 | H32: 0 | I32: 45.1 | J32: =IF(L32>0,L32,0) -> 0.05 | K32: =I32+J32 -> 45.15 | L32: =F32-(I32-W32) -> 0.05 | M32: 5.55 | O32: =M32-N32 -> 5.55 | R32: =SUM(O32:Q32) -> 5.55 | U32: 39.6 | V32: =V31-U32 -> 14003.233 | W32: =N32+R32+T32+U32 -> 45.15 | X32: =IF(L32<0,L32*-1,0) -> 0 | Y32: =W32+X32 -> 45.15 | Z32: 0 | AA32: 52 | AB32: 43 | AC32: =AC31+1 -> 23 | AD32: 15607 | AE32: 2299 | AF32: 243.94
A33: =A32+1 -> 24 | B33: 6895.4 | C33: 266919 | D33: =C33-C32 -> 0 | E33: =C33-152000 -> 114919 | F33: =D33/$D$2 -> 0 | G33: 44.3 | H33: 0 | I33: =G33+H33 -> 44.3 | J33: =IF(L33>0,L33,0) -> 0 | K33: =I33+J33 -> 44.3 | L33: =F33-(I33-W33) -> -0.03 | M33: 4.67 | O33: =M33-N33 -> 4.67 | R33: =SUM(O33:Q33) -> 4.67 | U33: 39.6 | V33: =V32-U33 -> 13963.633 | W33: =N33+R33+T33+U33 -> 44.27 | X33: =IF(L33<0,L33*-1,0) -> 0.03 | Y33: =W33+X33 -> 44.3 | Z33: 0 | AA33: 38 | AB33: 22 | AC33: =AC32+1 -> 24 | AD33: 15666 | AE33: 2395 | AF33: 243.15
A34: =A33+1 -> 25 | B34: 6895.39 | C34: 266885 | D34: =C34-C33 -> -34 | E34: =C34-152000 -> 114885 | F34: =D34/$D$2 -> -17.145739 | G34: 27.6 | H34: 0 | I34: =G34+H34 -> 27.6 | J34: =IF(L34>0,L34,0) -> 0 | K34: =I34+J34 -> 27.6 | L34: =F34-(I34-W34) -> -0.01573878 | M34: 5.13 | O34: =M34-N34 -> 5.13 | R34: =SUM(O34:Q34) -> 5.13 | U34: 39.6 | V34: =V33-U34 -> 13924.033 | W34: =N34+R34+T34+U34 -> 44.73 | X34: =IF(L34<0,L34*-1,0) -> 0.01573878 | Y34: =W34+X34 -> 44.745739 | Z34: 0 | AA34: 33 | AB34: 6 | AC34: =AC33+1 -> 25 | AD34: 15726 | AE34: 2491 | AF34: 242.11
A35: =A34+1 -> 26 | B35: 6895.39 | C35: 266885 | D35: =C35-C34 -> 0 | E35: =C35-152000 -> 114885 | F35: =D35/$D$2 -> 0 | G35: 44.5 | H35: 0 | I35: =G35+H35 -> 44.5 | J35: =IF(L35>0,L35,0) -> 0 | K35: =I35+J35 -> 44.5 | L35: =F35-(I35-W35) -> 0 | M35: 4.9 | O35: =M35-N35 -> 4.9 | R35: =SUM(O35:Q35) -> 4.9 | U35: 39.6 | V35: =V34-U35 -> 13884.433 | W35: =N35+R35+T35+U35 -> 44.5 | X35: =IF(L35<0,L35*-1,0) -> 0 | Y35: =W35+X35 -> 44.5 | Z35: 0.03 | AA35: 40 | AB35: 3 | AC35: =AC34+1 -> 26 | AD35: 15781 | AE35: 2589 | AF35: 244.72
A36: =A35+1 -> 27 | B36: 6895.4 | C36: 266919 | D36: =C36-C35 -> 34 | E36: =C36-152000 -> 114919 | F36: =D36/$D$2 -> 17.145739 | G36: 61.7 | H36: 0 | I36: =G36+H36 -> 61.7 | J36: =IF(L36>0,L36,0) -> 0 | K36: =I36+J36 -> 61.7 | L36: =F36-(I36-W36) -> -0.03426122 | M36: 4.92 | O36: =M36-N36 -> 4.92 | R36: =SUM(O36:Q36) -> 4.92 | U36: 39.6 | V36: =V35-U36 -> 13844.833 | W36: =N36+R36+T36+U36 -> 44.52 | X36: =IF(L36<0,L36*-1,0) -> 0.03426122 | Y36: =W36+X36 -> 44.554261 | Z36: 0 | AA36: 44 | AB36: 7 | AC36: =AC35+1 -> 27 | AD36: 15841 | AE36: 2686 | AF36: 252.4
A37: =A36+1 -> 28 | B37: 6895.39 | C37: 266885 | D37: =C37-C36 -> -34 | E37: =C37-152000 -> 114885 | F37: =D37/$D$2 -> -17.145739 | G37: 27 | H37: 0 | I37: =G37+H37 -> 27 | J37: =IF(L37>0,L37,0) -> 0.04426122 | K37: =I37+J37 -> 27.044261 | L37: =F37-(I37-W37) -> 0.04426122 | M37: 4.59 | O37: =M37-N37 -> 4.59 | R37: =SUM(O37:Q37) -> 4.59 | U37: 39.6 | V37: =V36-U37 -> 13805.233 | W37: =N37+R37+T37+U37 -> 44.19 | X37: =IF(L37<0,L37*-1,0) -> 0 | Y37: =W37+X37 -> 44.19 | Z37: 0 | AA37: 50 | AB37: 12 | AC37: =AC36+1 -> 28 | AD37: 804 | AE37: 2779 | AF37: 254.14
A38: =A37+1 -> 29 | B38: 6895.37 | C38: 266813 | D38: =C38-C37 -> -72 | E38: =C38-152000 -> 114813 | F38: =D38/$D$2 -> -36.308623 | G38: 7.1 | H38: 0 | I38: =G38+H38 -> 7.1 | J38: =IF(L38>0,L38,0) -> 0 | K38: =I38+J38 -> 7.1 | L38: =F38-(I38-W38) -> -0.008623298 | M38: 3.8 | O38: =M38-N38 -> 3.8 | R38: =SUM(O38:Q38) -> 3.8 | U38: 39.6 | V38: =V37-U38 -> 13765.633 | W38: =N38+R38+T38+U38 -> 43.4 | X38: =IF(L38<0,L38*-1,0) -> 0.008623298 | Y38: =W38+X38 -> 43.408623 | Z38: 0 | AA38: 52 | AB38: 17 | AC38: =AC37+1 -> 29 | AD38: 862 | AE38: 2872 | AF38: 256.51
A39: 30 | B39: 6895.37 | C39: 266813 | D39: =C39-C38 -> 0 | E39: =C39-152000 -> 114813 | F39: =D39/$D$2 -> 0 | G39: 44 | H39: 0 | I39: =G39+H39 -> 44 | J39: =IF(L39>0,L39,0) -> 0.03 | K39: =I39+J39 -> 44.03 | L39: =F39-(I39-W39) -> 0.03 | M39: 4.43 | O39: =M39-N39 -> 4.43 | R39: =SUM(O39:Q39) -> 4.43 | U39: 39.6 | V39: =V38-U39 -> 13726.033 | W39: =N39+R39+T39+U39 -> 44.03 | X39: =IF(L39<0,L39*-1,0) -> 0 | Y39: =W39+X39 -> 44.03 | Z39: 0 | AA39: 48 | AB39: 20 | AC39: 30 | AD39: 927 | AE39: 2965 | AF39: 248.45
AA40: 73
A41: MONTH / CFS | F41: =SUM(F10:F39) -> 126.07161 | G41: =SUM(G10:G39) -> 1794.7 | H41: =SUM(H10:H39) -> 0 | I41: =SUM(I10:I39) -> 1794.6 | J41: =SUM(J10:J39) -> 541.35062 | K41: =SUM(K10:K39) -> 2335.9506 | L41: =SUM(L10:L39) -> 405.85161 | M41: =SUM(M10:M39) -> 204.5 | ... R41: =SUM(R10:R39) -> 760.86 | T41: =SUM(T10:T39) -> 0 | U41: =SUM(U10:U39) -> 1189.52 | W41: =SUM(W10:W39) -> 2074.38 | X41: =SUM(X10:X39) -> 135.49901 | Y41: =SUM(Y10:Y39) -> 2209.879 | Z41: =SUM(Z10:Z39) -> 1.79 | AA41: =AVERAGE(AA10:AA39) -> 46.5 | AB41: =AVERAGE(AB10:AB39) -> 18.733333
A42: MONTH / AF | D42: =SUM(D10:D39) -> 250 | F42: =F41*$D$2 -> 250 | G42: =G41*$D$2 -> 3558.8901 | H42: =H41*$D$2 -> 0 | I42: =I41*$D$2 -> 3558.6918 | J42: =J41*$D$2 -> 1073.4983 | K42: =K41*$D$2 -> 4632.1901 | L42: =L41*$D$2 -> 804.80374 | M42: =M41*$D$2 -> 405.5235 | ... R42: =R41*$D$2 -> 1508.7854 | T42: =T41*$D$2 -> 0 | U42: =U41*$D$2 -> 2358.8182 | W42: =W41*$D$2 -> 4113.4955 | X42: =X41*$D$2 -> 268.69453 | Y42: =Y41*$D$2 -> 4382.1901 | AA42: 82 | AB42: 54 | AC42: HI
A44: SEASON / CFS | AA44: 59 | AB44: 32 | AC44: LO
A45: SEASON / AF
A47: YTD / CFS | F47: =F8+F41 -> 126.07161 | G47: =G8+G41 -> 1794.7 | H47: =H8+H41 -> 0 | I47: =I8+I41 -> 1794.6 | J47: =J8+J41 -> 541.35062 | K47: =K8+K41 -> 2335.9506 | L47: =L8+L41 -> 405.85161 | M47: =M8+M41 -> 204.5 | P47: =P8+P41 -> 680.36 | Q47: =Q8+Q41 -> 0 | R47: =R8+R41 -> 760.86 | T47: =T8+T41 -> 0 | U47: =U8+U41 -> 1189.52 | V47: =V39 -> 13726.033 | W47: =W8+W41 -> 2074.38 | X47: =X8+X41 -> 135.49901 | Y47: =Y8+Y41 -> 2209.879 | Z47: =Z8+Z41 -> 1.79
A48: YTD / AF | D48: =D8+D42 -> 250 | E48: =E39 -> 114813 | F48: =F47*$D$2 -> 250 | G48: =G47*$D$2 -> 3558.8901 | H48: =H47*$D$2 -> 0 | I48: =I47*$D$2 -> 3558.6918 | J48: =J47*$D$2 -> 1073.4983 | K48: =K47*$D$2 -> 4632.1901 | L48: =L47*$D$2 -> 804.80374 | M48: =M47*$D$2 -> 405.5235 | P48: =P47*$D$2 -> 1349.1539 | Q48: =Q47*$D$2 -> 0 | R48: =R47*$D$2 -> 1508.7854 | S48: =S47*$D$2 -> 0 | T48: =T47*$D$2 -> 0 | U48: =U47*$D$2 -> 2358.8182 | V48: =V47*$D$2 -> 27218.724 | W48: =W47*$D$2 -> 4113.4955 | ... Y48: =Y47*$D$2 -> 4382.1901

Sheet DEC
K1: MC PHEE RESERVOIR IN/OUT FLOW TABULATION
A2: AF/cfs CONVERT FACTOR | D2: 1.983 | K2: DECEMBER "94"
A4: DATE | B4: RESERV | C4: RESERV | D4: AC FT | E4: ACTIVE | F4: CONV TO | G4: DOLORES | H4: LOST | I4: RECORDED | J4: CALC | K4: TOTAL | L4: CALC | M4: DOLORES TUNNEL | P4: LONE | Q4: U | R4: TOTAL | S4: MVI | T4: DV CR | U4: BELOW | V4: REMAIN | W4: RECORDED | X4: CALC | Y4: TOTAL | Z4: RAIN | AA4: MAX | AB4: MIN | AC4: DATE
A5: "DEC" | B5: ELEV | C5: AC FT | D5: CHANGE | E5: CAP | F5: CFS | G5: RIVER | H5: CANYON | I5: INFLOW | J5: INFLOW | K5: INFLOW | L5: INF/OTF | M5: TOT DIV | N5: UTE F&R | O5: MVI,CTZ | P5: PINE | Q5: LATERAL | R5: MVI | S5: CALL | T5: CANAL | U5: MC PHEE | V5: RELEASE | W5: OUTFLOW | X5: OUTFLOW | Y5: OUTFLOW | AA5: TMP | AB5: TMP | AC5: "DEC"
AD6: 741 | AE6: 742
A7: SEASON BAL
A8: YTD | B8: {=NOV!$B$39:$C$39} -> 6895.37 | C8: 266813 | D8: {=NOV!$D$48:$E$48} -> 250 | E8: 114813 | F8: {=NOV!$F$47:$Z$47} -> 126.07161 | G8: 1794.7 | H8: 0 | I8: 1794.6 | J8: 541.35062 | K8: 2335.9506 | L8: 405.85161 | M8: 204.5 | N8: 0 | O8: 0 | P8: 680.36 | Q8: 0 | R8: 760.86 | S8: 0 | T8: 0 | U8: 1189.52 | V8: 13726.033 | W8: 2074.38 | X8: 135.49901 | Y8: 2209.879 | Z8: 1.79 | AD8: 285 | AE8: 251 | AF8: 1207.63
A10: 1 | B10: 6895.42 | C10: 266991 | D10: =C10-C8 -> 178 | E10: =C10-152000 -> 114991 | F10: =D10/$D$2 -> 89.762985 | G10: 130.44299 | H10: 0 | I10: =G10+H10 -> 130.44299 | J10: =IF(L10>0,L10,0) -> 0 | K10: =I10+J10 -> 130.44299 | L10: =F10-(I10-W10) -> 0 | M10: 5.02 | N10: 0 | O10: =M10-N10 -> 5.02 | P10: 0 | Q10: 0 | R10: =SUM(O10:Q10) -> 5.02 | T10: 0 | U10: 35.66 | V10: =V8-U10 -> 13690.373 | W10: =R10+T10+N10+U10 -> 40.68 | X10: =IF(L10<0,L10*-1,0) -> 0 | Y10: =W10+X10 -> 40.68 | Z10: 0 | AA10: 54 | AB10: 36 | AC10: 1 | AD10: 303 | AE10: 273 | AF10: 1256.86
A11: =A10+1 -> 2 | B11: 6895.42 | C11: 266991 | D11: =C11-C10 -> 0 | E11: =C11-152000 -> 114991 | F11: =D11/$D$2 -> 0 | G11: 39.47 | H11: 0 | I11: =G11+H11 -> 39.47 | J11: =IF(L11>0,L11,0) -> 0 | K11: =I11+J11 -> 39.47 | L11: =F11-(I11-W11) -> 0 | M11: 4.76 | N11: 0 | O11: =M11-N11 -> 4.76 | P11: 0 | Q11: 0 | R11: =SUM(O11:Q11) -> 4.76 | T11: 0 | U11: 34.71 | V11: =V10-U11 -> 13655.663 | W11: =R11+T11+N11+U11 -> 39.47 | X11: =IF(L11<0,L11*-1,0) -> 0 | Y11: =W11+X11 -> 39.47 | Z11: 0 | AA11: 61 | AB11: 36 | AC11: =AC10+1 -> 2 | AD11: 306 | AE11: 300 | AF11: 1306.42
A12: =A11+1 -> 3 | B12: 6895.42 | C12: 266991 | D12: =C12-C11 -> 0 | E12: =C12-152000 -> 114991 | F12: =D12/$D$2 -> 0 | G12: 39.6 | H12: 0 | I12: =G12+H12 -> 39.6 | J12: =IF(L12>0,L12,0) -> 0 | K12: =I12+J12 -> 39.6 | L12: =F12-(I12-W12) -> 0 | M12: 4.76 | N12: 0 | O12: =M12-N12 -> 4.76 | P12: 0 | Q12: 0 | R12: =SUM(O12:Q12) -> 4.76 | T12: 0 | U12: 34.84 | V12: =V11-U12 -> 13620.823 | W12: =R12+T12+N12+U12 -> 39.6 | X12: =IF(L12<0,L12*-1,0) -> 0 | Y12: =W12+X12 -> 39.6 | Z12: 0 | AA12: 62 | AB12: 38 | AC12: =AC11+1 -> 3 | AD12: 316 | AE12: 341 | AF12: 1355.74
A13: =A12+1 -> 4 | B13: 6895.44 | C13: 267062 | D13: =C13-C12 -> 71 | E13: =C13-152000 -> 115062 | F13: =D13/$D$2 -> 35.804337 | G13: 75.434337 | H13: 0 | I13: =G13+H13 -> 75.434337 | J13: =IF(L13>0,L13,0) -> 0 | K13: =I13+J13 -> 75.434337 | L13: =F13-(I13-W13) -> 0 | M13: 4.76 | N13: 0 | O13: =M13-N13 -> 4.76 | P13: 0 | Q13: 0 | R13: =SUM(O13:Q13) -> 4.76 | T13: 0 | U13: 34.87 | V13: =V12-U13 -> 13585.953 | W13: =R13+T13+N13+U13 -> 39.63 | X13: =IF(L13<0,L13*-1,0) -> 0 | Y13: =W13+X13 -> 39.63 | Z13: 0 | AA13: 70 | AB13: 39 | AC13: =AC12+1 -> 4 | AD13: 316 | AE13: 395 | AF13: 1405.31
A14: =A13+1 -> 5 | B14: 6895.55 | C14: 267453 | D14: =C14-C13 -> 391 | E14: =C14-152000 -> 115453 | F14: =D14/$D$2 -> 197.176 | G14: 236.836 | H14: 0 | I14: =G14+H14 -> 236.836 | J14: =IF(L14>0,L14,0) -> 0 | K14: =I14+J14 -> 236.836 | L14: =F14-(I14-W14) -> 0 | M14: 4.76 | N14: 0 | O14: =M14-N14 -> 4.76 | P14: 0 | Q14: 0 | R14: =SUM(O14:Q14) -> 4.76 | T14: 0 | U14: 34.9 | V14: =V13-U14 -> 13551.053 | W14: =R14+T14+N14+U14 -> 39.66 | X14: =IF(L14<0,L14*-1,0) -> 0 | Y14: =W14+X14 -> 39.66 | Z14: 1.04 | AA14: 76 | AB14: 43 | AC14: =AC13+1 -> 5 | AD14: 316 | AE14: 466 | AF14: 1437.16
A15: =A14+1 -> 6 | B15: 6895.55 | C15: 267453 | D15: =C15-C14 -> 0 | E15: =C15-152000 -> 115453 | F15: =D15/$D$2 -> 0 | G15: 40.05 | H15: 0 | I15: =G15+H15 -> 40.05 | J15: =IF(L15>0,L15,0) -> 0 | K15: =I15+J15 -> 40.05 | L15: =F15-(I15-W15) -> 0 | M15: 4.76 | N15: 0 | O15: =M15-N15 -> 4.76 | P15: 0 | Q15: 0 | R15: =SUM(O15:Q15) -> 4.76 | T15: 0 | U15: 35.29 | V15: =V14-U15 -> 13515.763 | W15: =R15+T15+N15+U15 -> 40.05 | X15: =IF(L15<0,L15*-1,0) -> 0 | Y15: =W15+X15 -> 40.05 | Z15: 0.04 | AA15: 73 | AB15: 39 | AC15: =AC14+1 -> 6 | AD15: 325 | AE15: 538 | AF15: 1467.01
A16: =A15+1 -> 7 | B16: 6895.6 | C16: 267632 | D16: =C16-C15 -> 179 | E16: =C16-152000 -> 115632 | F16: =D16/$D$2 -> 90.267272 | G16: 129.95727 | H16: 0 | I16: =G16+H16 -> 129.95727 | J16: =IF(L16>0,L16,0) -> 0 | K16: =I16+J16 -> 129.95727 | L16: =F16-(I16-W16) -> 0 | M16: 4.76 | N16: 0 | O16: =M16-N16 -> 4.76 | P16: 0 | Q16: 0 | R16: =SUM(O16:Q16) -> 4.76 | T16: 0 | U16: 34.93 | V16: =V15-U16 -> 13480.833 | W16: =R16+T16+N16+U16 -> 39.69 | X16: =IF(L16<0,L16*-1,0) -> 0 | Y16: =W16+X16 -> 39.69 | Z16: 0.08 | AA16: 74 | AB16: 37 | AC16: =AC15+1 -> 7 | AD16: 342 | AE16: 618 | AF16: 1496.64
A17: =A16+1 -> 8 | B17: 6895.58 | C17: 267561 | D17: =C17-C16 -> -71 | E17: =C17-152000 -> 115561 | F17: =D17/$D$2 -> -35.804337 | G17: 3.8556631 | H17: 0 | I17: =G17+H17 -> 3.8556631 | J17: =IF(L17>0,L17,0) -> 0 | K17: =I17+J17 -> 3.8556631 | L17: =F17-(I17-W17) -> 0 | M17: 4.76 | N17: 0 | O17: =M17-N17 -> 4.76 | P17: 0 | Q17: 0 | R17: =SUM(O17:Q17) -> 4.76 | T17: 0 | U17: 34.9 | V17: =V16-U17 -> 13445.933 | W17: =R17+T17+N17+U17 -> 39.66 | X17: =IF(L17<0,L17*-1,0) -> 0 | Y17: =W17+X17 -> 39.66 | Z17: 0 | AA17: 69 | AB17: 34 | AC17: =AC16+1 -> 8 | AD17: 367 | AE17: 704 | AF17: 1526.51
A18: =A17+1 -> 9 | B18: 6895.57 | C18: 267524 | D18: =C18-C17 -> -37 | E18: =C18-152000 -> 115524 | F18: =D18/$D$2 -> -18.658598 | G18: 21.001402 | H18: 0 | I18: =G18+H18 -> 21.001402 | J18: =IF(L18>0,L18,0) -> 0 | K18: =I18+J18 -> 21.001402 | L18: =F18-(I18-W18) -> 0 | M18: 4.76 | N18: 0 | O18: =M18-N18 -> 4.76 | P18: 0 | Q18: 0 | R18: =SUM(O18:Q18) -> 4.76 | T18: 0 | U18: 34.9 | V18: =V17-U18 -> 13411.033 | W18: =R18+T18+N18+U18 -> 39.66 | X18: =IF(L18<0,L18*-1,0) -> 0 | Y18: =W18+X18 -> 39.66 | Z18: 0 | AA18: 66 | AB18: 44 | AC18: =AC17+1 -> 9 | AD18: 390 | AE18: 805 | AF18: 1561.24
A19: =A18+1 -> 10 | B19: 6895.58 | C19: 267561 | D19: =C19-C18 -> 37 | E19: =C19-152000 -> 115561 | F19: =D19/$D$2 -> 18.658598 | G19: 58.318598 | H19: 0 | I19: =G19+H19 -> 58.318598 | J19: =IF(L19>0,L19,0) -> 0 | K19: =I19+J19 -> 58.318598 | L19: =F19-(I19-W19) -> 0 | M19: 4.76 | N19: 0 | O19: =M19-N19 -> 4.76 | P19: 0 | Q19: 0 | R19: =SUM(O19:Q19) -> 4.76 | T19: 0 | U19: 34.9 | V19: =V18-U19 -> 13376.133 | W19: =R19+T19+N19+U19 -> 39.66 | X19: =IF(L19<0,L19*-1,0) -> 0 | Y19: =W19+X19 -> 39.66 | Z19: 0 | AA19: 66 | AB19: 36 | AC19: =AC18+1 -> 10 | AD19: 437 | AE19: 920 | AF19: 1600.39
A20: =A19+1 -> 11 | B20: 6895.57 | C20: 267524 | D20: =C20-C19 -> -37 | E20: =C20-152000 -> 115524 | F20: =D20/$D$2 -> -18.658598 | G20: 21.001402 | H20: 0 | I20: =G20+H20 -> 21.001402 | J20: =IF(L20>0,L20,0) -> 0 | K20: =I20+J20 -> 21.001402 | L20: =F20-(I20-W20) -> 0 | M20: 4.76 | N20: 0 | O20: =M20-N20 -> 4.76 | P20: 0 | Q20: 0 | R20: =SUM(O20:Q20) -> 4.76 | T20: 0 | U20: 34.9 | V20: =V19-U20 -> 13341.233 | W20: =R20+T20+N20+U20 -> 39.66 | X20: =IF(L20<0,L20*-1,0) -> 0 | Y20: =W20+X20 -> 39.66 | Z20: 0 | AA20: 68 | AB20: 40 | AC20: =AC19+1 -> 11 | AD20: 498 | AE20: 1048 | AF20: 1642
A21: =A20+1 -> 12 | B21: 6895.6 | C21: 267632 | D21: =C21-C20 -> 108 | E21: =C21-152000 -> 115632 | F21: =D21/$D$2 -> 54.462935 | G21: 94.122935 | H21: 0 | I21: =G21+H21 -> 94.122935 | J21: =IF(L21>0,L21,0) -> 0 | K21: =I21+J21 -> 94.122935 | L21: =F21-(I21-W21) -> 0 | M21: 4.76 | N21: 0 | O21: =M21-N21 -> 4.76 | P21: 0 | Q21: 0 | R21: =SUM(O21:Q21) -> 4.76 | T21: 0 | U21: 34.9 | V21: =V20-U21 -> 13306.333 | W21: =R21+T21+N21+U21 -> 39.66 | X21: =IF(L21<0,L21*-1,0) -> 0 | Y21: =W21+X21 -> 39.66 | Z21: 0 | AA21: 68 | AB21: 42 | AC21: =AC20+1 -> 12 | AD21: 572 | AE21: 1182 | AF21: 1683.42
A22: =A21+1 -> 13 | B22: 6895.62 | C22: 267703 | D22: =C22-C21 -> 71 | E22: =C22-152000 -> 115703 | F22: =D22/$D$2 -> 35.804337 | G22: 75.464337 | H22: 0 | I22: =G22+H22 -> 75.464337 | J22: =IF(L22>0,L22,0) -> 0 | K22: =I22+J22 -> 75.464337 | L22: =F22-(I22-W22) -> 0 | M22: 4.76 | N22: 0 | O22: =M22-N22 -> 4.76 | P22: 0 | Q22: 0 | R22: =SUM(O22:Q22) -> 4.76 | T22: 0 | U22: 34.9 | V22: =V21-U22 -> 13271.433 | W22: =R22+T22+N22+U22 -> 39.66 | X22: =IF(L22<0,L22*-1,0) -> 0 | Y22: =W22+X22 -> 39.66 | Z22: 0.07 | AA22: 63 | AB22: 38 | AC22: =AC21+1 -> 13 | AD22: 716 | AE22: 1339 | AF22: 1725.1
... A38: =A37+1 -> 29 | B38: 6895.79 | C38: 268308 | D38: =C38-C37 -> 0 | E38: =C38-152000 -> 116308 | F38: =D38/$D$2 -> 0 | G38: 34.83 | H38: 0 | I38: =G38+H38 -> 34.83 | J38: =IF(L38>0,L38,0) -> 0 | K38: =I38+J38 -> 34.83 | L38: =F38-(I38-W38) -> 0 | M38: 5.13 | N38: 0 | O38: =M38-N38 -> 5.13 | P38: 0 | Q38: 0 | R38: =SUM(O38:Q38) -> 5.13 | T38: 0 | U38: 29.7 | V38: =V37-U38 -> 12788.233 | W38: =R38+T38+N38+U38 -> 34.83 | X38: =IF(L38<0,L38*-1,0) -> 0 | Y38: =W38+X38 -> 34.83 | Z38: 0 | AA38: 78 | AB38: 44 | AC38: =AC37+1 -> 29 | AD38: 4963 | AE38: 4000 | AF38: 2362.83
A39: 30 | B39: 6895.77 | C39: 268237 | D39: =C39-C38 -> -71 | E39: =C39-152000 -> 116237 | F39: =D39/$D$2 -> -35.804337 | G39: 0 | H39: 0 | I39: =G39+H39 -> 0 | J39: =IF(L39>0,L39,0) -> 0 | K39: =I39+J39 -> 0 | L39: =F39-(I39-W39) -> -0.74433686 | M39: 5.36 | N39: 0 | O39: =M39-N39 -> 5.36 | P39: 0 | Q39: 0 | R39: =SUM(O39:Q39) -> 5.36 | T39: 0 | U39: 29.7 | V39: =V38-U39 -> 12758.533 | W39: =R39+T39+N39+U39 -> 35.06 | X39: =IF(L39<0,L39*-1,0) -> 0.74433686 | Y39: =W39+X39 -> 35.804337 | Z39: 0 | AA39: 84 | AB39: 46 | AC39: 30 | AD39: 5210 | AE39: 4166 | AF39: 2362.83
A40: 31 | B40: 6895.8 | C40: 268343 | D40: =C40-C39 -> 106 | E40: =C40-152000 -> 116343 | F40: =D40/$D$2 -> 53.454362 | G40: 88.664362 | H40: 0 | I40: =G40+H40 -> 88.664362 | J40: =IF(L40>0,L40,0) -> 0 | K40: =I40+J40 -> 88.664362 | L40: =F40-(I40-W40) -> 0 | M40: 5.51 | N40: 0 | O40: =M40-N40 -> 5.51 | P40: 0 | Q40: 0 | R40: =SUM(O40:Q40) -> 5.51 | T40: 0 | U40: 29.7 | V40: =V39-U40 -> 12728.833 | W40: =R40+T40+N40+U40 -> 35.21 | X40: =IF(L40<0,L40*-1,0) -> 0 | Y40: =W40+X40 -> 35.21 | Z40: 0 | AA40: 82 | AB40: 46 | AC40: 31 | AD40: 5455 | AE40: 4334 | AF40: 2403.37
AA41: 73
A42: MONTH / CFS | F42: =SUM(F10:F40) -> 771.55825 | G42: =SUM(G10:G40) -> 1921.7169 | H42: =SUM(H10:H40) -> 0 | I42: =SUM(I10:I40) -> 1921.7169 | J42: =SUM(J10:J40) -> 0 | K42: =SUM(K10:K40) -> 1921.7169 | L42: =SUM(L10:L40) -> -2.2486737 | M42: =SUM(M10:M40) -> 150.71 | ... R42: =SUM(R10:R40) -> 150.71 | T42: =SUM(T10:T40) -> 0 | U42: =SUM(U10:U40) -> 997.2 | V42: =V40 -> 12728.833 | W42: =SUM(W10:W40) -> 1147.91 | X42: =SUM(X10:X40) -> 2.2486737 | Y42: =SUM(Y10:Y40) -> 1150.1587 | Z42: =SUM(Z10:Z40) -> 1.23 | AA42: =AVERAGE(AA10:AA40) -> 71.451613 | AB42: =AVERAGE(AB10:AB40) -> 40.16129
A43: MONTH / AF | D43: =SUM(D10:D40) -> 1530 | F43: =F42*$D$2 -> 1530 | G43: =G42*$D$2 -> 3810.7647 | H43: =H42*$D$2 -> 0 | I43: =I42*$D$2 -> 3810.7647 | J43: =J42*$D$2 -> 0 | K43: =K42*$D$2 -> 3810.7647 | L43: =L42*$D$2 -> -4.45912 | M43: =M42*$D$2 -> 298.85793 | ... R43: =R42*$D$2 -> 298.85793 | T43: =T42*$D$2 -> 0 | U43: =U42*$D$2 -> 1977.4476 | V43: =V42*$D$2 -> 25241.276 | W43: =W42*$D$2 -> 2276.3055 | X43: =X42*$D$2 -> 4.45912 | Y43: =Y42*$D$2 -> 2280.7647 | AA43: =MAX(AA10:AA40) -> 84 | AB43: =MAX(AB10:AB40) -> 48 | AC43: HI
A45: SEASON / CFS | AA45: =MIN(AA10:AA40) -> 54 | AB45: =MIN(AB10:AB40) -> 30 | AC45: LO
A46: SEASON / AF
A48: YTD / CFS | F48: =F8+F42 -> 897.62985 | G48: =G8+G42 -> 3716.4169 | H48: =H8+H42 -> 0 | I48: =I8+I42 -> 3716.3169 | J48: =J8+J42 -> 541.35062 | K48: =K8+K42 -> 4257.6675 | L48: =L8+L42 -> 403.60293 | M48: =M8+M42 -> 355.21 | ... R48: =R8+R42 -> 911.57 | T48: =T8+T42 -> 0 | U48: =U8+U42 -> 2186.72 | V48: =V40 -> 12728.833 | W48: =W8+W42 -> 3222.29 | X48: =X8+X42 -> 137.74768 | Y48: =Y8+Y42 -> 3360.0377 | Z48: =Z8+Z42 -> 3.02
A49: YTD / AF | D49: =D8+D43 -> 1780 | E49: =E40 -> 116343 | F49: =F48*$D$2 -> 1780 | G49: =G48*$D$2 -> 7369.6547 | H49: =H48*$D$2 -> 0 | I49: =I48*$D$2 -> 7369.4564 | J49: =J48*$D$2 -> 1073.4983 | K49: =K48*$D$2 -> 8442.9547 | L49: =L48*$D$2 -> 800.34462 | M49: =M48*$D$2 -> 704.38143 | ... U49: =U48*$D$2 -> 4336.2658 | V49: =V40*$D$2 -> 25241.276 | W49: =W48*$D$2 -> 6389.8011 | X49: =X48*$D$2 -> 273.15365 | Y49: =Y48*$D$2 -> 6662.9547
A51: ="JUN /9" -> JUN /9
B52: 6924.15 | C52: 381833 | E52: =C52-152000 -> 229833
A53: ="5/12/94 thru 6/9/94" -> 5/12/94 thru 6/9/94
B54: =B52-B21 -> 28.55 | D54: =C52-C22 -> 114130

Sheet JAN
K1: MC PHEE RESERVOIR IN/OUT FLOW TABULATION
A2: AF/cfs CONVERT FACTOR | D2: 1.983 | K2: JANUARY "95"
A4: DATE | B4: RESERV | C4: RESERV | D4: AC FT | E4: ACTIVE | F4: CONV TO | G4: DOLORES | H4: LOST | I4: RECORDED | J4: CALC | K4: TOTAL | L4: CALC | M4: DOLORES TUNNEL | P4: LONE | Q4: U | R4: TOTAL | S4: MVI | T4: DV CR | U4: BELOW | V4: REMAIN | W4: RECORDED | X4: CALC | Y4: TOTAL | Z4: RAIN | AA4: MAX | AB4: MIN | AC4: DATE
A5: "JAN" | B5: ELEV | C5: AC FT | D5: CHANGE | E5: CAP | F5: CFS | G5: RIVER | H5: CANYON | I5: INFLOW | J5: INFLOW | K5: INFLOW | L5: INF/OTF | M5: TOT DIV | N5: UTE F&R | O5: MVI,CTZ | P5: PINE | Q5: LATERAL | R5: MVI | S5: CALL | T5: CANAL | U5: MC PHEE | V5: RELEASE | W5: OUTFLOW | X5: OUTFLOW | Y5: OUTFLOW | AA5: TMP | AB5: TMP | AC5: "JAN"
AD6: 741 | AE6: 742
A7: SEASON BAL
A8: YTD | B8: {=DEC!$B$40:$C$40} -> 6895.8 | C8: 268343 | D8: {=DEC!$D$49:$E$49} -> 1780 | E8: 116343 | F8: {=DEC!$F$48:$Z$48} -> 897.62985 | G8: 3716.4169 | H8: 0 | I8: 3716.3169 | J8: 541.35062 | K8: 4257.6675 | L8: 403.60293 | M8: 355.21 | N8: 0 | O8: 150.71 | P8: 680.36 | Q8: 0 | R8: 911.57 | S8: 0 | T8: 0 | U8: 2186.72 | V8: 12728.833 | W8: 3222.29 | X8: 137.74768 | Y8: 3360.0377 | Z8: 3.02 | AD8: 285 | AE8: 251 | AF8: 1207.63
A10: 1 | B10: 6895.79 | C10: 268308 | D10: =C10-C8 -> -35 | E10: =C10-152000 -> 116308 | F10: =D10/$D$2 -> -17.650025 | G10: 17.559975 | H10: 0 | I10: =G10+H10 -> 17.559975 | J10: =IF(L10>0,L10,0) -> 0 | K10: =I10+J10 -> 17.559975 | L10: =F10-(I10-W10) -> 0 | M10: 5.51 | N10: 0 | O10: =M10-N10 -> 5.51 | P10: 0 | Q10: 0 | R10: =SUM(O10:Q10) -> 5.51 | T10: 0 | U10: 29.7 | V10: =V8-U10 -> 12699.133 | W10: =R10+T10+N10+U10 -> 35.21 | X10: =IF(L10<0,L10*-1,0) -> 0 | Y10: =W10+X10 -> 35.21 | Z10: 0 | AA10: 54 | AB10: 36 | AC10: 1 | AD10: 303 | AE10: 273 | AF10: 1256.86
A11: =A10+1 -> 2 | B11: 6895.79 | C11: 268308 | D11: =C11-C10 -> 0 | E11: =C11-152000 -> 116308 | F11: =D11/$D$2 -> 0 | G11: 35.21 | H11: 0 | I11: =G11+H11 -> 35.21 | J11: =IF(L11>0,L11,0) -> 0 | K11: =I11+J11 -> 35.21 | L11: =F11-(I11-W11) -> 0 | M11: 5.51 | N11: 0 | O11: =M11-N11 -> 5.51 | P11: 0 | Q11: 0 | R11: =SUM(O11:Q11) -> 5.51 | T11: 0 | U11: 29.7 | V11: =V10-U11 -> 12669.433 | W11: =R11+T11+N11+U11 -> 35.21 | X11: =IF(L11<0,L11*-1,0) -> 0 | Y11: =W11+X11 -> 35.21 | Z11: 0 | AA11: 61 | AB11: 36 | AC11: =AC10+1 -> 2 | AD11: 306 | AE11: 300 | AF11: 1306.42
A12: =A11+1 -> 3 | B12: 6895.8 | C12: 268343 | D12: =C12-C11 -> 35 | E12: =C12-152000 -> 116343 | F12: =D12/$D$2 -> 17.650025 | G12: 51.720025 | H12: 0 | I12: =G12+H12 -> 51.720025 | J12: =IF(L12>0,L12,0) -> 0 | K12: =I12+J12 -> 51.720025 | L12: =F12-(I12-W12) -> 0 | M12: 4.37 | N12: 0 | O12: =M12-N12 -> 4.37 | P12: 0 | Q12: 0 | R12: =SUM(O12:Q12) -> 4.37 | T12: 0 | U12: 29.7 | V12: =V11-U12 -> 12639.733 | W12: =R12+T12+N12+U12 -> 34.07 | X12: =IF(L12<0,L12*-1,0) -> 0 | Y12: =W12+X12 -> 34.07 | Z12: 0 | AA12: 62 | AB12: 38 | AC12: =AC11+1 -> 3 | AD12: 316 | AE12: 341 | AF12: 1355.74
A13: =A12+1 -> 4 | B13: 6895.97 | C13: 268949 | D13: =C13-C12 -> 606 | E13: =C13-152000 -> 116949 | F13: =D13/$D$2 -> 305.59758 | G13: 339.01758 | H13: 0 | I13: =G13+H13 -> 339.01758 | J13: =IF(L13>0,L13,0) -> 0 | K13: =I13+J13 -> 339.01758 | L13: =F13-(I13-W13) -> 0 | M13: 3.72 | N13: 0 | O13: =M13-N13 -> 3.72 | P13: 0 | Q13: 0 | R13: =SUM(O13:Q13) -> 3.72 | T13: 0 | U13: 29.7 | V13: =V12-U13 -> 12610.033 | W13: =R13+T13+N13+U13 -> 33.42 | X13: =IF(L13<0,L13*-1,0) -> 0 | Y13: =W13+X13 -> 33.42 | Z13: 1.2 | AA13: 70 | AB13: 39 | AC13: =AC12+1 -> 4 | AD13: 316 | AE13: 395 | AF13: 1405.31
A14: =A13+1 -> 5 | B14: 6895.97 | C14: 268949 | D14: =C14-C13 -> 0 | E14: =C14-152000 -> 116949 | F14: =D14/$D$2 -> 0 | G14: 33.42 | H14: 0 | I14: =G14+H14 -> 33.42 | J14: =IF(L14>0,L14,0) -> 0 | K14: =I14+J14 -> 33.42 | L14: =F14-(I14-W14) -> 0 | M14: 3.72 | N14: 0 | O14: =M14-N14 -> 3.72 | P14: 0 | Q14: 0 | R14: =SUM(O14:Q14) -> 3.72 | T14: 0 | U14: 29.7 | V14: =V13-U14 -> 12580.333 | W14: =R14+T14+N14+U14 -> 33.42 | X14: =IF(L14<0,L14*-1,0) -> 0 | Y14: =W14+X14 -> 33.42 | Z14: 0.35 | AA14: 76 | AB14: 43 | AC14: =AC13+1 -> 5 | AD14: 316 | AE14: 466 | AF14: 1437.16
A15: =A14+1 -> 6 | B15: 6895.98 | C15: 268984 | D15: =C15-C14 -> 35 | E15: =C15-152000 -> 116984 | F15: =D15/$D$2 -> 17.650025 | G15: 51.070025 | H15: 0 | I15: =G15+H15 -> 51.070025 | J15: =IF(L15>0,L15,0) -> 0 | K15: =I15+J15 -> 51.070025 | L15: =F15-(I15-W15) -> 0 | M15: 3.72 | N15: 0 | O15: =M15-N15 -> 3.72 | P15: 0 | Q15: 0 | R15: =SUM(O15:Q15) -> 3.72 | T15: 0 | U15: 29.7 | V15: =V14-U15 -> 12550.633 | W15: =R15+T15+N15+U15 -> 33.42 | X15: =IF(L15<0,L15*-1,0) -> 0 | Y15: =W15+X15 -> 33.42 | Z15: 0.15 | AA15: 73 | AB15: 39 | AC15: =AC14+1 -> 6 | AD15: 325 | AE15: 538 | AF15: 1467.01
A16: =A15+1 -> 7 | B16: 6895.99 | C16: 269020 | D16: =C16-C15 -> 36 | E16: =C16-152000 -> 117020 | F16: =D16/$D$2 -> 18.154312 | G16: 51.834312 | H16: 0 | I16: =G16+H16 -> 51.834312 | J16: =IF(L16>0,L16,0) -> 0 | K16: =I16+J16 -> 51.834312 | L16: =F16-(I16-W16) -> 0 | M16: 3.98 | N16: 0 | O16: =M16-N16 -> 3.98 | P16: 0 | Q16: 0 | R16: =SUM(O16:Q16) -> 3.98 | T16: 0 | U16: 29.7 | V16: =V15-U16 -> 12520.933 | W16: =R16+T16+N16+U16 -> 33.68 | X16: =IF(L16<0,L16*-1,0) -> 0 | Y16: =W16+X16 -> 33.68 | Z16: 0.11 | AA16: 74 | AB16: 37 | AC16: =AC15+1 -> 7 | AD16: 342 | AE16: 618 | AF16: 1496.64
A17: =A16+1 -> 8 | B17: 6895.99 | C17: 269020 | D17: =C17-C16 -> 0 | E17: =C17-152000 -> 117020 | F17: =D17/$D$2 -> 0 | G17: 34.1 | H17: 0 | I17: =G17+H17 -> 34.1 | J17: =IF(L17>0,L17,0) -> 0 | K17: =I17+J17 -> 34.1 | L17: =F17-(I17-W17) -> 0 | M17: 4.4 | N17: 0 | O17: =M17-N17 -> 4.4 | P17: 0 | Q17: 0 | R17: =SUM(O17:Q17) -> 4.4 | T17: 0 | U17: 29.7 | V17: =V16-U17 -> 12491.233 | W17: =R17+T17+N17+U17 -> 34.1 | X17: =IF(L17<0,L17*-1,0) -> 0 | Y17: =W17+X17 -> 34.1 | Z17: 0.1 | AA17: 69 | AB17: 34 | AC17: =AC16+1 -> 8 | AD17: 367 | AE17: 704 | AF17: 1526.51
A18: =A17+1 -> 9 | B18: 6896 | C18: 269055 | D18: =C18-C17 -> 35 | E18: =C18-152000 -> 117055 | F18: =D18/$D$2 -> 17.650025 | G18: 51.750025 | H18: 0 | I18: =G18+H18 -> 51.750025 | J18: =IF(L18>0,L18,0) -> 0 | K18: =I18+J18 -> 51.750025 | L18: =F18-(I18-W18) -> 0 | M18: 4.4 | N18: 0 | O18: =M18-N18 -> 4.4 | P18: 0 | Q18: 0 | R18: =SUM(O18:Q18) -> 4.4 | T18: 0 | U18: 29.7 | V18: =V17-U18 -> 12461.533 | W18: =R18+T18+N18+U18 -> 34.1 | X18: =IF(L18<0,L18*-1,0) -> 0 | Y18: =W18+X18 -> 34.1 | Z18: 0 | AA18: 66 | AB18: 44 | AC18: =AC17+1 -> 9 | AD18: 390 | AE18: 805 | AF18: 1561.24
A19: =A18+1 -> 10 | B19: 6896.02 | C19: 269127 | D19: =C19-C18 -> 72 | E19: =C19-152000 -> 117127 | F19: =D19/$D$2 -> 36.308623 | G19: 70.408623 | H19: 0 | I19: =G19+H19 -> 70.408623 | J19: =IF(L19>0,L19,0) -> 0 | K19: =I19+J19 -> 70.408623 | L19: =F19-(I19-W19) -> 0 | M19: 4.4 | N19: 0 | O19: =M19-N19 -> 4.4 | P19: 0 | Q19: 0 | R19: =SUM(O19:Q19) -> 4.4 | T19: 0 | U19: 29.7 | V19: =V18-U19 -> 12431.833 | W19: =R19+T19+N19+U19 -> 34.1 | X19: =IF(L19<0,L19*-1,0) -> 0 | Y19: =W19+X19 -> 34.1 | Z19: 0 | AA19: 66 | AB19: 36 | AC19: =AC18+1 -> 10 | AD19: 437 | AE19: 920 | AF19: 1600.39
A20: =A19+1 -> 11 | B20: 6896.09 | C20: 269377 | D20: =C20-C19 -> 250 | E20: =C20-152000 -> 117377 | F20: =D20/$D$2 -> 126.07161 | G20: 159.90161 | H20: 0 | I20: =G20+H20 -> 159.90161 | J20: =IF(L20>0,L20,0) -> 0 | K20: =I20+J20 -> 159.90161 | L20: =F20-(I20-W20) -> 0 | M20: 4.13 | N20: 0 | O20: =M20-N20 -> 4.13 | P20: 0 | Q20: 0 | R20: =SUM(O20:Q20) -> 4.13 | T20: 0 | U20: 29.7 | V20: =V19-U20 -> 12402.133 | W20: =R20+T20+N20+U20 -> 33.83 | X20: =IF(L20<0,L20*-1,0) -> 0 | Y20: =W20+X20 -> 33.83 | Z20: 0.4 | AA20: 68 | AB20: 40 | AC20: =AC19+1 -> 11 | AD20: 498 | AE20: 1048 | AF20: 1642
A21: =A20+1 -> 12 | B21: 6896.09 | C21: 269377 | D21: =C21-C20 -> 0 | E21: =C21-152000 -> 117377 | F21: =D21/$D$2 -> 0 | G21: 33.09 | H21: 0 | I21: =G21+H21 -> 33.09 | J21: =IF(L21>0,L21,0) -> 0 | K21: =I21+J21 -> 33.09 | L21: =F21-(I21-W21) -> 0 | M21: 3.39 | N21: 0 | O21: =M21-N21 -> 3.39 | P21: 0 | Q21: 0 | R21: =SUM(O21:Q21) -> 3.39 | T21: 0 | U21: 29.7 | V21: =V20-U21 -> 12372.433 | W21: =R21+T21+N21+U21 -> 33.09 | X21: =IF(L21<0,L21*-1,0) -> 0 | Y21: =W21+X21 -> 33.09 | Z21: 0 | AA21: 68 | AB21: 42 | AC21: =AC20+1 -> 12 | AD21: 572 | AE21: 1182 | AF21: 1683.42
A22: =A21+1 -> 13 | B22: 6896.09 | C22: 269377 | D22: =C22-C21 -> 0 | E22: =C22-152000 -> 117377 | F22: =D22/$D$2 -> 0 | G22: 33.35 | H22: 0 | I22: =G22+H22 -> 33.35 | J22: =IF(L22>0,L22,0) -> 0 | K22: =I22+J22 -> 33.35 | L22: =F22-(I22-W22) -> 0 | M22: 3.65 | N22: 0 | O22: =M22-N22 -> 3.65 | P22: 0 | Q22: 0 | R22: =SUM(O22:Q22) -> 3.65 | T22: 0 | U22: 29.7 | V22: =V21-U22 -> 12342.733 | W22: =R22+T22+N22+U22 -> 33.35 | X22: =IF(L22<0,L22*-1,0) -> 0 | Y22: =W22+X22 -> 33.35 | Z22: 0 | AA22: 63 | AB22: 38 | AC22: =AC21+1 -> 13 | AD22: 716 | AE22: 1339 | AF22: 1725.1
... A38: =A37+1 -> 29 | B38: 6896.3 | C38: 270131 | D38: =C38-C37 -> 0 | E38: =C38-152000 -> 118131 | F38: =D38/$D$2 -> 0 | G38: 33.76 | H38: 0 | I38: =G38+H38 -> 33.76 | J38: =IF(L38>0,L38,0) -> 0 | K38: =I38+J38 -> 33.76 | L38: =F38-(I38-W38) -> 0 | M38: 4.06 | N38: 0 | O38: =M38-N38 -> 4.06 | P38: 0 | Q38: 0 | R38: =SUM(O38:Q38) -> 4.06 | T38: 0 | U38: 29.7 | V38: =V37-U38 -> 11867.533 | W38: =R38+T38+N38+U38 -> 33.76 | X38: =IF(L38<0,L38*-1,0) -> 0 | Y38: =W38+X38 -> 33.76 | Z38: 0 | AA38: 78 | AB38: 44 | AC38: =AC37+1 -> 29 | AD38: 4963 | AE38: 4000 | AF38: 2362.83
A39: 30 | B39: 6896.32 | C39: 270203 | D39: =C39-C38 -> 72 | E39: =C39-152000 -> 118203 | F39: =D39/$D$2 -> 36.308623 | G39: 69.828623 | H39: 0 | I39: =G39+H39 -> 69.828623 | J39: =IF(L39>0,L39,0) -> 0 | K39: =I39+J39 -> 69.828623 | L39: =F39-(I39-W39) -> 0 | M39: 3.82 | N39: 0 | O39: =M39-N39 -> 3.82 | P39: 0 | Q39: 0 | R39: =SUM(O39:Q39) -> 3.82 | T39: 0 | U39: 29.7 | V39: =V38-U39 -> 11837.833 | W39: =R39+T39+N39+U39 -> 33.52 | X39: =IF(L39<0,L39*-1,0) -> 0 | Y39: =W39+X39 -> 33.52 | Z39: 0 | AA39: 84 | AB39: 46 | AC39: 30 | AD39: 5210 | AE39: 4166 | AF39: 2362.83
A40: 31 | B40: 6896.32 | C40: 270203 | D40: =C40-C39 -> 0 | E40: =C40-152000 -> 118203 | F40: =D40/$D$2 -> 0 | G40: 33.42 | H40: 0 | I40: =G40+H40 -> 33.42 | J40: =IF(L40>0,L40,0) -> 0 | K40: =I40+J40 -> 33.42 | L40: =F40-(I40-W40) -> 0 | M40: 3.72 | N40: 0 | O40: =M40-N40 -> 3.72 | P40: 0 | Q40: 0 | R40: =SUM(O40:Q40) -> 3.72 | T40: 0 | U40: 29.7 | V40: =V39-U40 -> 11808.133 | W40: =R40+T40+N40+U40 -> 33.42 | X40: =IF(L40<0,L40*-1,0) -> 0 | Y40: =W40+X40 -> 33.42 | Z40: 0 | AA40: 82 | AB40: 46 | AC40: 31 | AD40: 5455 | AE40: 4334 | AF40: 2403.37
AA41: 73
A42: MONTH / CFS | F42: =SUM(F10:F40) -> 937.97277 | G42: =SUM(G10:G40) -> 1994.3328 | H42: =SUM(H10:H40) -> 0 | I42: =SUM(I10:I40) -> 1994.3328 | J42: =SUM(J10:J40) -> 0 | K42: =SUM(K10:K40) -> 1994.3328 | L42: =SUM(L10:L40) -> 0 | M42: =SUM(M10:M40) -> 135.66 | ... R42: =SUM(R10:R40) -> 135.66 | T42: =SUM(T10:T40) -> 0 | U42: =SUM(U10:U40) -> 920.7 | W42: =SUM(W10:W40) -> 1056.36 | X42: =SUM(X10:X40) -> 0 | Y42: =SUM(Y10:Y40) -> 1056.36 | Z42: =SUM(Z10:Z40) -> 3.25 | AA42: =AVERAGE(AA10:AA40) -> 71.451613 | AB42: =AVERAGE(AB10:AB40) -> 40.16129
A43: MONTH / AF | D43: =SUM(D10:D40) -> 1860 | F43: =F42*$D$2 -> 1860 | G43: =G42*$D$2 -> 3954.7619 | H43: =H42*$D$2 -> 0 | I43: =I42*$D$2 -> 3954.7619 | J43: =J42*$D$2 -> 0 | K43: =K42*$D$2 -> 3954.7619 | L43: =L42*$D$2 -> 0 | M43: =M42*$D$2 -> 269.01378 | ... R43: =R42*$D$2 -> 269.01378 | T43: =T42*$D$2 -> 0 | U43: =U42*$D$2 -> 1825.7481 | W43: =W42*$D$2 -> 2094.7619 | X43: =X42*$D$2 -> 0 | Y43: =Y42*$D$2 -> 2094.7619 | AA43: =MAX(AA10:AA40) -> 84 | AB43: =MAX(AB10:AB40) -> 48 | AC43: HI
A45: SEASON / CFS | AA45: =MIN(AA10:AA40) -> 54 | AB45: =MIN(AB10:AB40) -> 30 | AC45: LO
A46: SEASON / AF
A48: YTD / CFS | F48: =F8+F42 -> 1835.6026 | G48: =G8+G42 -> 5710.7497 | H48: =H8+H42 -> 0 | I48: =I8+I42 -> 5710.6497 | J48: =J8+J42 -> 541.35062 | K48: =K8+K42 -> 6252.0003 | L48: =L8+L42 -> 403.60293 | M48: =M8+M42 -> 490.87 | ... R48: =R8+R42 -> 1047.23 | T48: =T8+T42 -> 0 | U48: =U8+U42 -> 3107.42 | V48: =V40 -> 11808.133 | W48: =W8+W42 -> 4278.65 | X48: =X8+X42 -> 137.74768 | Y48: =Y8+Y42 -> 4416.3977 | Z48: =Z8+Z42 -> 6.27
A49: YTD / AF | D49: =D8+D43 -> 3640 | E49: =E40 -> 118203 | F49: =F48*$D$2 -> 3640 | G49: =G48*$D$2 -> 11324.417 | H49: =H48*$D$2 -> 0 | I49: =I48*$D$2 -> 11324.218 | J49: =J48*$D$2 -> 1073.4983 | K49: =K48*$D$2 -> 12397.717 | L49: =L48*$D$2 -> 800.34462 | M49: =M48*$D$2 -> 973.39521 | ... U49: =U48*$D$2 -> 6162.0139 | V49: =V40*$D$2 -> 23415.528 | W49: =W48*$D$2 -> 8484.5629 | X49: =X48*$D$2 -> 273.15365 | Y49: =Y48*$D$2 -> 8757.7166
A51: ="JUN /9" -> JUN /9
B52: 6924.15 | C52: 381833 | E52: =C52-152000 -> 229833
A53: ="5/12/94 thru 6/9/94" -> 5/12/94 thru 6/9/94
B54: =B52-B21 -> 28.06 | D54: =C52-C23 -> 112419

Sheet FEB
K1: MC PHEE RESERVOIR IN/OUT FLOW TABULATION
A2: AF/cfs CONVERT FACTOR | D2: 1.983 | K2: FEBRUARY "95"
A4: DATE | B4: RESERV | C4: RESERV | D4: AC FT | E4: ACTIVE | F4: CONV TO | G4: DOLORES | H4: LOST | I4: RECORDED | J4: CALC | K4: TOTAL | L4: CALC | M4: DOLORES TUNNEL | P4: LONE | Q4: U | R4: TOTAL | S4: MVI | T4: DV CR | U4: BELOW | V4: REMAIN | W4: RECORDED | X4: CALC | Y4: TOTAL | Z4: RAIN | AA4: MAX | AB4: MIN | AC4: DATE
A5: FEB | B5: ELEV | C5: AC FT | D5: CHANGE | E5: CAP | F5: CFS | G5: RIVER | H5: CANYON | I5: INFLOW | J5: INFLOW | K5: INFLOW | L5: INF/OTF | M5: TOT DIV | N5: UTE F&R | O5: MVI,CTZ | P5: PINE | Q5: LATERAL | R5: MVI | S5: CALL | T5: CANAL | U5: MC PHEE | V5: RELEASE | W5: OUTFLOW | X5: OUTFLOW | Y5: OUTFLOW | AA5: TMP | AB5: TMP | AC5: FEB
AD6: 741 | AE6: 742
A7: SEASON BAL
A8: YTD | B8: {=JAN!$B$40:$C$40} -> 6896.32 | C8: 270203 | D8: {=JAN!$D$49:$E$49} -> 3640 | E8: 118203 | F8: {=JAN!$F$48:$Z$48} -> 1835.6026 | G8: 5710.7497 | H8: 0 | I8: 5710.6497 | J8: 541.35062 | K8: 6252.0003 | L8: 403.60293 | M8: 490.87 | N8: 0 | O8: 286.37 | P8: 680.36 | Q8: 0 | R8: 1047.23 | S8: 0 | T8: 0 | U8: 3107.42 | V8: 11808.133 | W8: 4278.65 | X8: 137.74768 | Y8: 4416.3977 | Z8: 6.27 | AD8: 285 | AE8: 251 | AF8: 1207.63
A10: 1 | B10: 6896.32 | C10: 270203 | D10: =C10-C8 -> 0 | E10: =C10-152000 -> 118203 | F10: =D10/$D$2 -> 0 | G10: 32.99 | H10: 0 | I10: =G10+H10 -> 32.99 | J10: =IF(L10>0,L10,0) -> 0 | K10: =I10+J10 -> 32.99 | L10: =F10-(I10-W10) -> 0 | M10: 3.29 | N10: 0 | O10: =M10-N10 -> 3.29 | P10: 0 | Q10: 0 | R10: =SUM(O10:Q10) -> 3.29 | T10: 0 | U10: 29.7 | V10: =V8-U10 -> 11778.433 | W10: =R10+T10+N10+U10 -> 32.99 | X10: =IF(L10<0,L10*-1,0) -> 0 | Y10: =W10+X10 -> 32.99 | Z10: 0 | AA10: 54 | AB10: 36 | AC10: 1 | AD10: 303 | AE10: 273 | AF10: 1256.86
A11: =A10+1 -> 2 | B11: 6896.33 | C11: 270239 | D11: =C11-C10 -> 36 | E11: =C11-152000 -> 118239 | F11: =D11/$D$2 -> 18.154312 | G11: 50.934312 | H11: 0 | I11: =G11+H11 -> 50.934312 | J11: =IF(L11>0,L11,0) -> 0 | K11: =I11+J11 -> 50.934312 | L11: =F11-(I11-W11) -> 0 | M11: 3.08 | N11: 0 | O11: =M11-N11 -> 3.08 | P11: 0 | Q11: 0 | R11: =SUM(O11:Q11) -> 3.08 | T11: 0 | U11: 29.7 | V11: =V10-U11 -> 11748.733 | W11: =R11+T11+N11+U11 -> 32.78 | X11: =IF(L11<0,L11*-1,0) -> 0 | Y11: =W11+X11 -> 32.78 | Z11: 0 | AA11: 61 | AB11: 36 | AC11: =AC10+1 -> 2 | AD11: 306 | AE11: 300 | AF11: 1306.42
A12: =A11+1 -> 3 | B12: 6896.35 | C12: 270311 | D12: =C12-C11 -> 72 | E12: =C12-152000 -> 118311 | F12: =D12/$D$2 -> 36.308623 | G12: 69.088623 | H12: 0 | I12: =G12+H12 -> 69.088623 | J12: =IF(L12>0,L12,0) -> 0 | K12: =I12+J12 -> 69.088623 | L12: =F12-(I12-W12) -> 0 | M12: 3.08 | N12: 0 | O12: =M12-N12 -> 3.08 | P12: 0 | Q12: 0 | R12: =SUM(O12:Q12) -> 3.08 | T12: 0 | U12: 29.7 | V12: =V11-U12 -> 11719.033 | W12: =R12+T12+N12+U12 -> 32.78 | X12: =IF(L12<0,L12*-1,0) -> 0 | Y12: =W12+X12 -> 32.78 | Z12: 0 | AA12: 62 | AB12: 38 | AC12: =AC11+1 -> 3 | AD12: 316 | AE12: 341 | AF12: 1355.74
A13: =A12+1 -> 4 | B13: 6896.37 | C13: 270383 | D13: =C13-C12 -> 72 | E13: =C13-152000 -> 118383 | F13: =D13/$D$2 -> 36.308623 | G13: 69.088623 | H13: 0 | I13: =G13+H13 -> 69.088623 | J13: =IF(L13>0,L13,0) -> 0 | K13: =I13+J13 -> 69.088623 | L13: =F13-(I13-W13) -> 0 | M13: 3.08 | N13: 0 | O13: =M13-N13 -> 3.08 | P13: 0 | Q13: 0 | R13: =SUM(O13:Q13) -> 3.08 | T13: 0 | U13: 29.7 | V13: =V12-U13 -> 11689.333 | W13: =R13+T13+N13+U13 -> 32.78 | X13: =IF(L13<0,L13*-1,0) -> 0 | Y13: =W13+X13 -> 32.78 | Z13: 0 | AA13: 70 | AB13: 39 | AC13: =AC12+1 -> 4 | AD13: 316 | AE13: 395 | AF13: 1405.31
A14: =A13+1 -> 5 | B14: 6896.39 | C14: 270455 | D14: =C14-C13 -> 72 | E14: =C14-152000 -> 118455 | F14: =D14/$D$2 -> 36.308623 | G14: 69.088623 | H14: 0 | I14: =G14+H14 -> 69.088623 | J14: =IF(L14>0,L14,0) -> 0 | K14: =I14+J14 -> 69.088623 | L14: =F14-(I14-W14) -> 0 | M14: 3.08 | N14: 0 | O14: =M14-N14 -> 3.08 | P14: 0 | Q14: 0 | R14: =SUM(O14:Q14) -> 3.08 | T14: 0 | U14: 29.7 | V14: =V13-U14 -> 11659.633 | W14: =R14+T14+N14+U14 -> 32.78 | X14: =IF(L14<0,L14*-1,0) -> 0 | Y14: =W14+X14 -> 32.78 | Z14: 0 | AA14: 76 | AB14: 43 | AC14: =AC13+1 -> 5 | AD14: 316 | AE14: 466 | AF14: 1437.16
A15: =A14+1 -> 6 | B15: 6896.42 | C15: 270562 | D15: =C15-C14 -> 107 | E15: =C15-152000 -> 118562 | F15: =D15/$D$2 -> 53.958649 | G15: 86.878649 | H15: 0 | I15: =G15+H15 -> 86.878649 | J15: =IF(L15>0,L15,0) -> 0 | K15: =I15+J15 -> 86.878649 | L15: =F15-(I15-W15) -> 0 | M15: 3.22 | N15: 0 | O15: =M15-N15 -> 3.22 | P15: 0 | Q15: 0 | R15: =SUM(O15:Q15) -> 3.22 | T15: 0 | U15: 29.7 | V15: =V14-U15 -> 11629.933 | W15: =R15+T15+N15+U15 -> 32.92 | X15: =IF(L15<0,L15*-1,0) -> 0 | Y15: =W15+X15 -> 32.92 | Z15: 0 | AA15: 73 | AB15: 39 | AC15: =AC14+1 -> 6 | AD15: 325 | AE15: 538 | AF15: 1467.01
A16: =A15+1 -> 7 | B16: 6896.44 | C16: 270634 | D16: =C16-C15 -> 72 | E16: =C16-152000 -> 118634 | F16: =D16/$D$2 -> 36.308623 | G16: 69.398623 | H16: 0 | I16: =G16+H16 -> 69.398623 | J16: =IF(L16>0,L16,0) -> 0 | K16: =I16+J16 -> 69.398623 | L16: =F16-(I16-W16) -> 0 | M16: 3.39 | N16: 0 | O16: =M16-N16 -> 3.39 | P16: 0 | Q16: 0 | R16: =SUM(O16:Q16) -> 3.39 | T16: 0 | U16: 29.7 | V16: =V15-U16 -> 11600.233 | W16: =R16+T16+N16+U16 -> 33.09 | X16: =IF(L16<0,L16*-1,0) -> 0 | Y16: =W16+X16 -> 33.09 | Z16: 0 | AA16: 74 | AB16: 37 | AC16: =AC15+1 -> 7 | AD16: 342 | AE16: 618 | AF16: 1496.64
A17: =A16+1 -> 8 | B17: 6896.47 | C17: 270742 | D17: =C17-C16 -> 108 | E17: =C17-152000 -> 118742 | F17: =D17/$D$2 -> 54.462935 | G17: 87.642935 | H17: 0 | I17: =G17+H17 -> 87.642935 | J17: =IF(L17>0,L17,0) -> 0 | K17: =I17+J17 -> 87.642935 | L17: =F17-(I17-W17) -> 0 | M17: 3.48 | N17: 0 | O17: =M17-N17 -> 3.48 | P17: 0 | Q17: 0 | R17: =SUM(O17:Q17) -> 3.48 | T17: 0 | U17: 29.7 | V17: =V16-U17 -> 11570.533 | W17: =R17+T17+N17+U17 -> 33.18 | X17: =IF(L17<0,L17*-1,0) -> 0 | Y17: =W17+X17 -> 33.18 | Z17: 0.08 | AA17: 69 | AB17: 34 | AC17: =AC16+1 -> 8 | AD17: 367 | AE17: 704 | AF17: 1526.51
A18: =A17+1 -> 9 | B18: 6896.48 | C18: 270777 | D18: =C18-C17 -> 35 | E18: =C18-152000 -> 118777 | F18: =D18/$D$2 -> 17.650025 | G18: 51.230025 | H18: 0 | I18: =G18+H18 -> 51.230025 | J18: =IF(L18>0,L18,0) -> 0 | K18: =I18+J18 -> 51.230025 | L18: =F18-(I18-W18) -> 0 | M18: 3.88 | N18: 0 | O18: =M18-N18 -> 3.88 | P18: 0 | Q18: 0 | R18: =SUM(O18:Q18) -> 3.88 | T18: 0 | U18: 29.7 | V18: =V17-U18 -> 11540.833 | W18: =R18+T18+N18+U18 -> 33.58 | X18: =IF(L18<0,L18*-1,0) -> 0 | Y18: =W18+X18 -> 33.58 | Z18: 0 | AA18: 66 | AB18: 44 | AC18: =AC17+1 -> 9 | AD18: 390 | AE18: 805 | AF18: 1561.24
A19: =A18+1 -> 10 | B19: 6896.5 | C19: 270849 | D19: =C19-C18 -> 72 | E19: =C19-152000 -> 118849 | F19: =D19/$D$2 -> 36.308623 | G19: 71.058623 | H19: 0 | I19: =G19+H19 -> 71.058623 | J19: =IF(L19>0,L19,0) -> 0 | K19: =I19+J19 -> 71.058623 | L19: =F19-(I19-W19) -> 0 | M19: 5.05 | N19: 0 | O19: =M19-N19 -> 5.05 | P19: 0 | Q19: 0 | R19: =SUM(O19:Q19) -> 5.05 | T19: 0 | U19: 29.7 | V19: =V18-U19 -> 11511.133 | W19: =R19+T19+N19+U19 -> 34.75 | X19: =IF(L19<0,L19*-1,0) -> 0 | Y19: =W19+X19 -> 34.75 | Z19: 0 | AA19: 66 | AB19: 36 | AC19: =AC18+1 -> 10 | AD19: 437 | AE19: 920 | AF19: 1600.39
A20: =A19+1 -> 11 | B20: 6896.54 | C20: 270993 | D20: =C20-C19 -> 144 | E20: =C20-152000 -> 118993 | F20: =D20/$D$2 -> 72.617247 | G20: 107.44725 | H20: 0 | I20: =G20+H20 -> 107.44725 | J20: =IF(L20>0,L20,0) -> 0 | K20: =I20+J20 -> 107.44725 | L20: =F20-(I20-W20) -> 0 | M20: 5.13 | N20: 0 | O20: =M20-N20 -> 5.13 | P20: 0 | Q20: 0 | R20: =SUM(O20:Q20) -> 5.13 | T20: 0 | U20: 29.7 | V20: =V19-U20 -> 11481.433 | W20: =R20+T20+N20+U20 -> 34.83 | X20: =IF(L20<0,L20*-1,0) -> 0 | Y20: =W20+X20 -> 34.83 | Z20: 0 | AA20: 68 | AB20: 40 | AC20: =AC19+1 -> 11 | AD20: 498 | AE20: 1048 | AF20: 1642
A21: =A20+1 -> 12 | B21: 6896.55 | C21: 271028 | D21: =C21-C20 -> 35 | E21: =C21-152000 -> 119028 | F21: =D21/$D$2 -> 17.650025 | G21: 52.130025 | H21: 0 | I21: =G21+H21 -> 52.130025 | J21: =IF(L21>0,L21,0) -> 0 | K21: =I21+J21 -> 52.130025 | L21: =F21-(I21-W21) -> 0 | M21: 4.78 | N21: 0 | O21: =M21-N21 -> 4.78 | P21: 0 | Q21: 0 | R21: =SUM(O21:Q21) -> 4.78 | T21: 0 | U21: 29.7 | V21: =V20-U21 -> 11451.733 | W21: =R21+T21+N21+U21 -> 34.48 | X21: =IF(L21<0,L21*-1,0) -> 0 | Y21: =W21+X21 -> 34.48 | Z21: 0 | AA21: 68 | AB21: 42 | AC21: =AC20+1 -> 12 | AD21: 572 | AE21: 1182 | AF21: 1683.42
A22: =A21+1 -> 13 | B22: 6896.55 | C22: 271028 | D22: =C22-C21 -> 0 | E22: =C22-152000 -> 119028 | F22: =D22/$D$2 -> 0 | G22: 34.13 | H22: 0 | I22: =G22+H22 -> 34.13 | J22: =IF(L22>0,L22,0) -> 0 | K22: =I22+J22 -> 34.13 | L22: =F22-(I22-W22) -> 0 | M22: 4.4 | N22: 0 | O22: =M22-N22 -> 4.4 | P22: 0 | Q22: 0 | R22: =SUM(O22:Q22) -> 4.4 | T22: 0 | U22: 29.73 | V22: =V21-U22 -> 11422.003 | W22: =R22+T22+N22+U22 -> 34.13 | X22: =IF(L22<0,L22*-1,0) -> 0 | Y22: =W22+X22 -> 34.13 | Z22: 0.11 | AA22: 63 | AB22: 38 | AC22: =AC21+1 -> 13 | AD22: 716 | AE22: 1339 | AF22: 1725.1
... A37: =A36+1 -> 28 | B37: 6897.44 | C37: 274235 | D37: =C37-C36 -> 543 | E37: =C37-152000 -> 122235 | F37: =D37/$D$2 -> 273.82753 | G37: 308.76753 | H37: 0 | I37: =G37+H37 -> 308.76753 | J37: =IF(L37>0,L37,0) -> 0 | K37: =I37+J37 -> 308.76753 | L37: =F37-(I37-W37) -> 0 | M37: 5.24 | N37: 0 | O37: =M37-N37 -> 5.24 | P37: 0 | Q37: 0 | R37: =SUM(O37:Q37) -> 5.24 | T37: 0 | U37: 29.7 | V37: =V36-U37 -> 10976.233 | W37: =R37+T37+N37+U37 -> 34.94 | X37: =IF(L37<0,L37*-1,0) -> 0 | Y37: =W37+X37 -> 34.94 | Z37: 0.62 | AA37: 78 | AB37: 45 | AC37: =AC36+1 -> 28 | AD37: 4723 | AE37: 3836 | AF37: 2362.83
AA38: 73
A39: MONTH / CFS | F39: =SUM(F10:F37) -> 2033.2829 | G39: =SUM(G10:G37) -> 2997.2229 | H39: =SUM(H10:H37) -> 0 | I39: =SUM(I10:I37) -> 2997.2229 | J39: =SUM(J10:J37) -> 6.9 | K39: =SUM(K10:K37) -> 3004.1229 | L39: =SUM(L10:L37) -> -0.84 | M39: =SUM(M10:M37) -> 131.2 | ... R39: =SUM(R10:R37) -> 131.2 | T39: =SUM(T10:T37) -> 0 | U39: =SUM(U10:U37) -> 831.9 | W39: =SUM(W10:W37) -> 963.1 | X39: =SUM(X10:X37) -> 7.74 | Y39: =SUM(Y10:Y37) -> 970.84 | Z39: =SUM(Z10:Z37) -> 1.09 | AA39: =AVERAGE(AA10:AA37) -> 70.392857 | AB39: =AVERAGE(AB10:AB37) -> 39.607143
A40: MONTH / AF | D40: =SUM(D10:D37) -> 4032 | F40: =F39*$D$2 -> 4032 | G40: =G39*$D$2 -> 5943.493 | H40: =H39*$D$2 -> 0 | I40: =I39*$D$2 -> 5943.493 | J40: =J39*$D$2 -> 13.6827 | K40: =K39*$D$2 -> 5957.1757 | L40: =L39*$D$2 -> -1.66572 | M40: =M39*$D$2 -> 260.1696 | ... R40: =R39*$D$2 -> 260.1696 | T40: =T39*$D$2 -> 0 | U40: =U39*$D$2 -> 1649.6577 | V40: =V39*$D$2 -> 0 | W40: =W39*$D$2 -> 1909.8273 | X40: =X39*$D$2 -> 15.34842 | Y40: =Y39*$D$2 -> 1925.1757 | AA40: =MAX(AA10:AA37) -> 80 | AB40: =MAX(AB10:AB37) -> 48 | AC40: HI
A42: SEASON / CFS | AA42: =MIN(AA10:AA37) -> 54 | AB42: =MIN(AB10:AB37) -> 30 | AC42: LO
A43: SEASON / AF
A45: YTD / CFS | F45: =F8+F39 -> 3868.8855 | G45: =G8+G39 -> 8707.9726 | H45: =H8+H39 -> 0 | I45: =I8+I39 -> 8707.8726 | J45: =J8+J39 -> 548.25062 | K45: =K8+K39 -> 9256.1232 | L45: =L8+L39 -> 402.76293 | M45: =M8+M39 -> 622.07 | ... R45: =R8+R39 -> 1178.43 | T45: =T8+T39 -> 0 | U45: =U8+U39 -> 3939.32 | V45: =V37 -> 10976.233 | W45: =W8+W39 -> 5241.75 | X45: =X8+X39 -> 145.48768 | Y45: =Y8+Y39 -> 5387.2377 | Z45: =Z8+Z39 -> 7.36
A46: YTD / AF | D46: =D8+D40 -> 7672 | E46: =E37 -> 122235 | F46: =F45*$D$2 -> 7672 | G46: =G45*$D$2 -> 17267.91 | H46: =H45*$D$2 -> 0 | I46: =I45*$D$2 -> 17267.711 | J46: =J45*$D$2 -> 1087.181 | K46: =K45*$D$2 -> 18354.892 | L46: =L45*$D$2 -> 798.6789 | M46: =M45*$D$2 -> 1233.5648 | ... Y46: =Y45*$D$2 -> 10682.892
A48: ="JUN /9" -> JUN /9
B49: 6924.15 | C49: 381833 | E49: =C49-152000 -> 229833
A50: ="5/12/94 thru 6/9/94" -> 5/12/94 thru 6/9/94
B51: =B49-B21 -> 27.6 | D51: =C49-C22 -> 110805

Sheet MAR
K1: MC PHEE RESERVOIR IN/OUT FLOW TABULATION
A2: AF/cfs CONVERT FACTOR | D2: 1.983 | K2: MARCH "95"
A4: DATE | B4: RESERV | C4: RESERV | D4: AC FT | E4: ACTIVE | F4: CONV TO | G4: DOLORES | H4: LOST | I4: RECORDED | J4: CALC | K4: TOTAL | L4: CALC | M4: DOLORES TUNNEL | P4: LONE | Q4: U | R4: TOTAL | S4: MVI | T4: DV CR | U4: BELOW | V4: REMAIN | W4: RECORDED | X4: CALC | Y4: TOTAL | Z4: RAIN | AA4: MAX | AB4: MIN | AC4: DATE
A5: MAR | B5: ELEV | C5: AC FT | D5: CHANGE | E5: CAP | F5: CFS | G5: RIVER | H5: CANYON | I5: INFLOW | J5: INFLOW | K5: INFLOW | L5: INF/OTF | M5: TOT DIV | N5: UTE F&R | O5: MVI,CTZ | P5: PINE | Q5: LATERAL | R5: MVI | S5: CALL | T5: CANAL | U5: MC PHEE | V5: RELEASE | W5: OUTFLOW | X5: OUTFLOW | Y5: OUTFLOW | AA5: TMP | AB5: TMP | AC5: MAR
AD6: 741 | AE6: 742
A7: SEASON BAL
A8: YTD | B8: {=FEB!$B$37:$C$37} -> 6897.44 | C8: 274235 | D8: {=FEB!$D$46:$E$46} -> 7672 | E8: 122235 | F8: {=FEB!$F$45:$Z$45} -> 3868.8855 | G8: 8707.9726 | H8: 0 | I8: 8707.8726 | J8: 548.25062 | K8: 9256.1232 | L8: 402.76293 | M8: 622.07 | N8: 0 | O8: 417.57 | P8: 680.36 | Q8: 0 | R8: 1178.43 | S8: 0 | T8: 0 | U8: 3939.32 | V8: 10976.233 | W8: 5241.75 | X8: 145.48768 | Y8: 5387.2377 | Z8: 7.36 | AD8: 285 | AE8: 251 | AF8: 1207.63
A10: 1 | B10: 6897.63 | C10: 274922 | D10: =C10-C8 -> 687 | E10: =C10-152000 -> 122922 | F10: =D10/$D$2 -> 346.44478 | G10: 120.21 | H10: 10.26 | I10: =G10+H10 -> 130.47 | J10: =IF(L10>0,L10,0) -> 257.87478 | K10: =I10+J10 -> 388.34478 | L10: =F10-(I10-W10) -> 257.87478 | M10: 4.9 | N10: 0 | O10: =M10-N10 -> 4.9 | P10: 0 | Q10: 0 | R10: =SUM(O10:Q10) -> 4.9 | T10: 0 | U10: 37 | V10: =V8-U10 -> 10939.233 | W10: =R10+T10+N10+U10 -> 41.9 | X10: =IF(L10<0,L10*-1,0) -> 0 | Y10: =W10+X10 -> 41.9 | Z10: 1.23 | AA10: 39 | AB10: 36 | AC10: 1 | AD10: 303 | AE10: 273 | AF10: 1256.86
A11: =A10+1 -> 2 | B11: 6897.75 | C11: 275356 | D11: =C11-C10 -> 434 | E11: =C11-152000 -> 123356 | F11: =D11/$D$2 -> 218.86031 | G11: 125.27 | H11: 10.64 | I11: =G11+H11 -> 135.91 | J11: =IF(L11>0,L11,0) -> 126.14031 | K11: =I11+J11 -> 262.05031 | L11: =F11-(I11-W11) -> 126.14031 | M11: 4.01 | N11: 0 | O11: =M11-N11 -> 4.01 | P11: 0 | Q11: 0 | R11: =SUM(O11:Q11) -> 4.01 | T11: 0 | U11: 39.18 | V11: =V10-U11 -> 10900.053 | W11: =R11+T11+N11+U11 -> 43.19 | X11: =IF(L11<0,L11*-1,0) -> 0 | Y11: =W11+X11 -> 43.19 | Z11: 0.32 | AA11: 45 | AB11: 34 | AC11: =AC10+1 -> 2 | AD11: 306 | AE11: 300 | AF11: 1306.42
A12: =A11+1 -> 3 | B12: 6897.88 | C12: 275827 | D12: =C12-C11 -> 471 | E12: =C12-152000 -> 123827 | F12: =D12/$D$2 -> 237.51891 | G12: 113.48 | H12: 10.59 | I12: =G12+H12 -> 124.07 | J12: =IF(L12>0,L12,0) -> 156.10891 | K12: =I12+J12 -> 280.17891 | L12: =F12-(I12-W12) -> 156.10891 | M12: 3.72 | N12: 0 | O12: =M12-N12 -> 3.72 | P12: 0 | Q12: 0 | R12: =SUM(O12:Q12) -> 3.72 | T12: 0 | U12: 38.94 | V12: =V11-U12 -> 10861.113 | W12: =R12+T12+N12+U12 -> 42.66 | X12: =IF(L12<0,L12*-1,0) -> 0 | Y12: =W12+X12 -> 42.66 | Z12: 0 | AA12: 43 | AB12: 35 | AC12: =AC11+1 -> 3 | AD12: 316 | AE12: 341 | AF12: 1355.74
A13: =A12+1 -> 4 | B13: 6897.98 | C13: 276188 | D13: =C13-C12 -> 361 | E13: =C13-152000 -> 124188 | F13: =D13/$D$2 -> 182.0474 | G13: 111.8 | H13: 11.85 | I13: =G13+H13 -> 123.65 | J13: =IF(L13>0,L13,0) -> 101.3574 | K13: =I13+J13 -> 225.0074 | L13: =F13-(I13-W13) -> 101.3574 | M13: 3.72 | N13: 0 | O13: =M13-N13 -> 3.72 | P13: 0 | Q13: 0 | R13: =SUM(O13:Q13) -> 3.72 | T13: 0 | U13: 39.24 | V13: =V12-U13 -> 10821.873 | W13: =R13+T13+N13+U13 -> 42.96 | X13: =IF(L13<0,L13*-1,0) -> 0 | Y13: =W13+X13 -> 42.96 | Z13: 0.28 | AA13: 44 | AB13: 34 | AC13: =AC12+1 -> 4 | AD13: 316 | AE13: 395 | AF13: 1405.31
A14: =A13+1 -> 5 | B14: 6898.22 | C14: 277063 | D14: =C14-C13 -> 875 | E14: =C14-152000 -> 125063 | F14: =D14/$D$2 -> 441.25063 | G14: 107.78 | H14: 14.16 | I14: =G14+H14 -> 121.94 | J14: =IF(L14>0,L14,0) -> 362.61063 | K14: =I14+J14 -> 484.55063 | L14: =F14-(I14-W14) -> 362.61063 | M14: 3.72 | N14: 0 | O14: =M14-N14 -> 3.72 | P14: 0 | Q14: 0 | R14: =SUM(O14:Q14) -> 3.72 | T14: 0 | U14: 39.58 | V14: =V13-U14 -> 10782.293 | W14: =R14+T14+N14+U14 -> 43.3 | X14: =IF(L14<0,L14*-1,0) -> 0 | Y14: =W14+X14 -> 43.3 | Z14: 0.81 | AA14: 41 | AB14: 34 | AC14: =AC13+1 -> 5 | AD14: 316 | AE14: 466 | AF14: 1437.16
A15: =A14+1 -> 6 | B15: 6898.23 | C15: 277099 | D15: =C15-C14 -> 36 | E15: =C15-152000 -> 125099 | F15: =D15/$D$2 -> 18.154312 | G15: 122.65 | H15: 30.51 | I15: =G15+H15 -> 153.16 | J15: =IF(L15>0,L15,0) -> 0 | K15: =I15+J15 -> 153.16 | L15: =F15-(I15-W15) -> -91.575688 | M15: 3.43 | N15: 0 | O15: =M15-N15 -> 3.43 | P15: 0 | Q15: 0 | R15: =SUM(O15:Q15) -> 3.43 | T15: 0 | U15: 40 | V15: =V14-U15 -> 10742.293 | W15: =R15+T15+N15+U15 -> 43.43 | X15: =IF(L15<0,L15*-1,0) -> 91.575688 | Y15: =W15+X15 -> 135.00569 | Z15: 0 | AA15: 35 | AB15: 33 | AC15: =AC14+1 -> 6 | AD15: 325 | AE15: 538 | AF15: 1467.01
A16: =A15+1 -> 7 | B16: 6898.4 | C16: 277719 | D16: =C16-C15 -> 620 | E16: =C16-152000 -> 125719 | F16: =D16/$D$2 -> 312.65759 | G16: 103.27 | H16: 45.62 | I16: =G16+H16 -> 148.89 | J16: =IF(L16>0,L16,0) -> 206.44759 | K16: =I16+J16 -> 355.33759 | L16: =F16-(I16-W16) -> 206.44759 | M16: 3.08 | N16: 0 | O16: =M16-N16 -> 3.08 | P16: 0 | Q16: 0 | R16: =SUM(O16:Q16) -> 3.08 | T16: 0 | U16: 39.6 | V16: =V15-U16 -> 10702.693 | W16: =R16+T16+N16+U16 -> 42.68 | X16: =IF(L16<0,L16*-1,0) -> 0 | Y16: =W16+X16 -> 42.68 | Z16: 0 | AA16: 41 | AB16: 32 | AC16: =AC15+1 -> 7 | AD16: 342 | AE16: 618 | AF16: 1496.64
A17: =A16+1 -> 8 | B17: 6898.48 | C17: 278011 | D17: =C17-C16 -> 292 | E17: =C17-152000 -> 126011 | F17: =D17/$D$2 -> 147.25164 | G17: 88.31 | H17: 33.14 | I17: =G17+H17 -> 121.45 | J17: =IF(L17>0,L17,0) -> 67.681639 | K17: =I17+J17 -> 189.13164 | L17: =F17-(I17-W17) -> 67.681639 | M17: 3.08 | N17: 0 | O17: =M17-N17 -> 3.08 | P17: 0 | Q17: 0 | R17: =SUM(O17:Q17) -> 3.08 | T17: 0 | U17: 38.8 | V17: =V16-U17 -> 10663.893 | W17: =R17+T17+N17+U17 -> 41.88 | X17: =IF(L17<0,L17*-1,0) -> 0 | Y17: =W17+X17 -> 41.88 | Z17: 0 | AA17: 52 | AB17: 15 | AC17: =AC16+1 -> 8 | AD17: 367 | AE17: 704 | AF17: 1526.51
A18: =A17+1 -> 9 | B18: 6898.59 | C18: 278412 | D18: =C18-C17 -> 401 | E18: =C18-152000 -> 126412 | F18: =D18/$D$2 -> 202.21886 | G18: 91 | H18: 24.44 | I18: =G18+H18 -> 115.44 | J18: =IF(L18>0,L18,0) -> 128.65886 | K18: =I18+J18 -> 244.09886 | L18: =F18-(I18-W18) -> 128.65886 | M18: 3.08 | N18: 0 | O18: =M18-N18 -> 3.08 | P18: 0 | Q18: 0 | R18: =SUM(O18:Q18) -> 3.08 | T18: 0 | U18: 38.8 | V18: =V17-U18 -> 10625.093 | W18: =R18+T18+N18+U18 -> 41.88 | X18: =IF(L18<0,L18*-1,0) -> 0 | Y18: =W18+X18 -> 41.88 | Z18: 0 | AA18: 59 | AB18: 22 | AC18: =AC17+1 -> 9 | AD18: 390 | AE18: 805 | AF18: 1561.24
A19: =A18+1 -> 10 | B19: 6898.68 | C19: 278740 | D19: =C19-C18 -> 328 | E19: =C19-152000 -> 126740 | F19: =D19/$D$2 -> 165.40595 | G19: 97.96 | H19: 26.91 | I19: =G19+H19 -> 124.87 | J19: =IF(L19>0,L19,0) -> 82.415951 | K19: =I19+J19 -> 207.28595 | L19: =F19-(I19-W19) -> 82.415951 | M19: 3.08 | N19: 0 | O19: =M19-N19 -> 3.08 | P19: 0 | Q19: 0 | R19: =SUM(O19:Q19) -> 3.08 | T19: 0 | U19: 38.8 | V19: =V18-U19 -> 10586.293 | W19: =R19+T19+N19+U19 -> 41.88 | X19: =IF(L19<0,L19*-1,0) -> 0 | Y19: =W19+X19 -> 41.88 | Z19: 0 | AA19: 62 | AB19: 27 | AC19: =AC18+1 -> 10 | AD19: 437 | AE19: 920 | AF19: 1600.39
A20: =A19+1 -> 11 | B20: 6898.97 | C20: 279797 | D20: =C20-C19 -> 1057 | E20: =C20-152000 -> 127797 | F20: =D20/$D$2 -> 533.03076 | G20: 142.93 | H20: 40.65 | I20: =G20+H20 -> 183.58 | J20: =IF(L20>0,L20,0) -> 391.69076 | K20: =I20+J20 -> 575.27076 | L20: =F20-(I20-W20) -> 391.69076 | M20: 3.08 | N20: 0 | O20: =M20-N20 -> 3.08 | P20: 0 | Q20: 0 | R20: =SUM(O20:Q20) -> 3.08 | T20: 0 | U20: 39.16 | V20: =V19-U20 -> 10547.133 | W20: =R20+T20+N20+U20 -> 42.24 | X20: =IF(L20<0,L20*-1,0) -> 0 | Y20: =W20+X20 -> 42.24 | Z20: 0.4 | AA20: 53 | AB20: 28 | AC20: =AC19+1 -> 11 | AD20: 498 | AE20: 1048 | AF20: 1642
A21: =A20+1 -> 12 | B21: 6899.32 | C21: 281082 | D21: =C21-C20 -> 1285 | E21: =C21-152000 -> 129082 | F21: =D21/$D$2 -> 648.00807 | G21: 204.24 | H21: 80.98 | I21: =G21+H21 -> 285.22 | J21: =IF(L21>0,L21,0) -> 404.83807 | K21: =I21+J21 -> 690.05807 | L21: =F21-(I21-W21) -> 404.83807 | M21: 3.08 | N21: 0 | O21: =M21-N21 -> 3.08 | P21: 0 | Q21: 0 | R21: =SUM(O21:Q21) -> 3.08 | T21: 0 | U21: 38.97 | V21: =V20-U21 -> 10508.163 | W21: =R21+T21+N21+U21 -> 42.05 | X21: =IF(L21<0,L21*-1,0) -> 0 | Y21: =W21+X21 -> 42.05 | Z21: 0.08 | AA21: 51 | AB21: 40 | AC21: =AC20+1 -> 12 | AD21: 572 | AE21: 1182 | AF21: 1683.42
A22: =A21+1 -> 13 | B22: 6899.6 | C22: 282110 | D22: =C22-C21 -> 1028 | E22: =C22-152000 -> 130110 | F22: =D22/$D$2 -> 518.40645 | G22: 172.78 | H22: 71.23 | I22: =G22+H22 -> 244.01 | J22: =IF(L22>0,L22,0) -> 319.04645 | K22: =I22+J22 -> 563.05645 | L22: =F22-(I22-W22) -> 319.04645 | M22: 3.08 | N22: 0 | O22: =M22-N22 -> 3.08 | P22: 0 | Q22: 0 | R22: =SUM(O22:Q22) -> 3.08 | T22: 0 | U22: 41.57 | V22: =V21-U22 -> 10466.593 | W22: =R22+T22+N22+U22 -> 44.65 | X22: =IF(L22<0,L22*-1,0) -> 0 | Y22: =W22+X22 -> 44.65 | Z22: 0 | AA22: 53 | AB22: 29 | AC22: =AC21+1 -> 13 | AD22: 716 | AE22: 1339 | AF22: 1725.1
... A38: =A37+1 -> 29 | B38: 6906.59 | C38: 308544 | D38: =C38-C37 -> 622 | E38: =C38-152000 -> 156544 | F38: =D38/$D$2 -> 313.66616 | G38: 218.39 | H38: 45.1 | I38: =G38+H38 -> 263.49 | J38: =IF(L38>0,L38,0) -> 236.56616 | K38: =I38+J38 -> 500.05616 | L38: =F38-(I38-W38) -> 236.56616 | M38: 26.27 | N38: 0 | O38: =M38-N38 -> 26.27 | P38: 120.52 | Q38: 0 | R38: =SUM(O38:Q38) -> 146.79 | T38: 0 | U38: 39.6 | V38: =V37-U38 -> 9812.0333 | W38: =R38+T38+N38+U38 -> 186.39 | X38: =IF(L38<0,L38*-1,0) -> 0 | Y38: =W38+X38 -> 186.39 | Z38: 0.01 | AA38: 40 | AB38: 33 | AC38: =AC37+1 -> 29 | AD38: 4963 | AE38: 4000 | AF38: 2362.83
A39: 30 | B39: 6906.71 | C39: 309011 | D39: =C39-C38 -> 467 | E39: =C39-152000 -> 157011 | F39: =D39/$D$2 -> 235.50177 | G39: 180.29 | H39: 40.35 | I39: =G39+H39 -> 220.64 | J39: =IF(L39>0,L39,0) -> 103.73177 | K39: =I39+J39 -> 324.37177 | L39: =F39-(I39-W39) -> 103.73177 | M39: 49.34 | N39: 0 | O39: =M39-N39 -> 49.34 | P39: 0 | Q39: 0 | R39: =SUM(O39:Q39) -> 49.34 | T39: 0 | U39: 39.53 | V39: =V38-U39 -> 9772.5033 | W39: =R39+T39+N39+U39 -> 88.87 | X39: =IF(L39<0,L39*-1,0) -> 0 | Y39: =W39+X39 -> 88.87 | Z39: 0 | AA39: 50 | AB39: 30 | AC39: 30 | AD39: 5210 | AE39: 4166 | AF39: 2362.83
A40: 31 | B40: 6906.87 | C40: 309438 | D40: =C40-C39 -> 427 | E40: =C40-152000 -> 157438 | F40: =D40/$D$2 -> 215.33031 | G40: 182.97 | H40: 38.59 | I40: =G40+H40 -> 221.56 | J40: =IF(L40>0,L40,0) -> 104.21031 | K40: =I40+J40 -> 325.77031 | L40: =F40-(I40-W40) -> 104.21031 | M40: 70.85 | N40: 15.63 | O40: =M40-N40 -> 55.22 | P40: 0 | Q40: 0 | R40: =SUM(O40:Q40) -> 55.22 | T40: 0 | U40: 39.59 | V40: =V39-U40 -> 9732.9133 | W40: =R40+T40+N40+U40 -> 110.44 | X40: =IF(L40<0,L40*-1,0) -> 0 | Y40: =W40+X40 -> 110.44 | Z40: 0 | AA40: 55 | AB40: 19 | AC40: 31 | AD40: 5455 | AE40: 4334 | AF40: 2403.37
AA41: 73 | AB41: 23
A42: MONTH / CFS | F42: =SUM(F10:F40) -> 17752.395 | G42: =SUM(G10:G40) -> 7080.97 | H42: =SUM(H10:H40) -> 2384.81 | I42: =SUM(I10:I40) -> 9465.78 | J42: =SUM(J10:J40) -> 11795.831 | K42: =SUM(K10:K40) -> 21261.611 | L42: =SUM(L10:L40) -> 11704.255 | M42: =SUM(M10:M40) -> 280.38 | ... R42: =SUM(R10:R40) -> 2158.69 | T42: =SUM(T10:T40) -> 0 | U42: =SUM(U10:U40) -> 1243.32 | W42: =SUM(W10:W40) -> 3417.64 | X42: =SUM(X10:X40) -> 91.575688 | Y42: =SUM(Y10:Y40) -> 3509.2157 | Z42: =SUM(Z10:Z40) -> 3.69 | AA42: =AVERAGE(AA10:AA40) -> 52.16129 | AB42: =AVERAGE(AB10:AB40) -> 30.193548
A43: MONTH / AF | D43: =SUM(D10:D40) -> 35203 | F43: =F42*$D$2 -> 35203 | G43: =G42*$D$2 -> 14041.564 | H43: =H42*$D$2 -> 4729.0782 | I43: =I42*$D$2 -> 18770.642 | J43: =J42*$D$2 -> 23391.133 | K43: =K42*$D$2 -> 42161.775 | L43: =L42*$D$2 -> 23209.538 | M43: =M42*$D$2 -> 555.99354 | ... R43: =R42*$D$2 -> 4280.6823 | T43: =T42*$D$2 -> 0 | U43: =U42*$D$2 -> 2465.5036 | W43: =W42*$D$2 -> 6777.1801 | X43: =X42*$D$2 -> 181.59459 | Y43: =Y42*$D$2 -> 6958.7747 | AA43: =MAX(AA10:AA40) -> 67 | AB43: =MAX(AB10:AB40) -> 40 | AC43: HI
A45: SEASON / CFS | AA45: =MIN(AA10:AA40) -> 35 | AB45: =MIN(AB10:AB40) -> 15 | AC45: LO
A46: SEASON / AF
A48: YTD / CFS | F48: =F8+F42 -> 21621.281 | G48: =G8+G42 -> 15788.943 | H48: =H8+H42 -> 2384.81 | I48: =I8+I42 -> 18173.653 | J48: =J8+J42 -> 12344.082 | K48: =K8+K42 -> 30517.734 | L48: =L8+L42 -> 12107.018 | M48: =M8+M42 -> 902.45 | ... R48: =R8+R42 -> 3337.12 | T48: =T8+T42 -> 0 | U48: =U8+U42 -> 5182.64 | V48: =V29 -> 10173.283 | W48: =W8+W42 -> 8659.39 | X48: =X8+X42 -> 237.06337 | Y48: =Y8+Y42 -> 8896.4534 | Z48: =Z8+Z42 -> 11.05
A49: YTD / AF | D49: =D8+D43 -> 42875 | E49: =E40 -> 157438 | F49: =F48*$D$2 -> 42875 | G49: =G48*$D$2 -> 31309.473 | H49: =H48*$D$2 -> 4729.0782 | I49: =I48*$D$2 -> 36038.353 | J49: =J48*$D$2 -> 24478.314 | K49: =K48*$D$2 -> 60516.667 | L49: =L48*$D$2 -> 24008.217 | M49: =M48*$D$2 -> 1789.5584 | ... Y49: =Y48*$D$2 -> 17641.667
A51: ="APR /11" -> APR /11
B52: 6911.66 | C52: 328669 | E52: =C52-152000 -> 176669
A53: ="3/9/95 thru 4/11/95" -> 3/9/95 thru 4/11/95
B54: =B52-B18 -> 13.07 | D54: =C52-C18 -> 50257

Sheet APR
K1: MC PHEE RESERVOIR IN/OUT FLOW TABULATION
A2: AF/cfs CONVERT FACTOR | D2: 1.983 | K2: APRIL "95"
A4: DATE | B4: RESERV | C4: RESERV | D4: AC FT | E4: ACTIVE | F4: CONV TO | G4: DOLORES | H4: LOST | I4: RECORDED | J4: CALC | K4: TOTAL | L4: CALC | M4: DOLORES TUNNEL | P4: MVI | Q4: U | R4: TOTAL | S4: MVI | T4: DV CR | U4: BELOW | V4: REMAIN | W4: RECORDED | X4: CALC | Y4: TOTAL | Z4: RAIN | AA4: MAX | AB4: MIN | AC4: DATE
A5: "APR" | B5: ELEV | C5: AC FT | D5: CHANGE | E5: CAP | F5: CFS | G5: RIVER | H5: CANYON | I5: INFLOW | J5: INFLOW | K5: INFLOW | L5: INF/OTF | M5: TOT DIV | N5: UTE F&R | O5: MVI/CTZ/MWC | P5: DIVER | Q5: LATERAL | R5: MVI | S5: CALL | T5: CANAL | U5: MC PHEE | V5: RELEASE | W5: OUTFLOW | X5: OUTFLOW | Y5: OUTFLOW | AA5: TMP | AB5: TMP | AC5: "APR"
A7: SEASON BAL
A8: YTD | B8: {=MAR!$B$40:$C$40} -> 6906.87 | C8: 309438 | D8: {=MAR!$D$49:$E$49} -> 42875 | E8: 157438 | F8: {=MAR!$F$48:$Z$48} -> 21621.281 | G8: 15788.943 | H8: 2384.81 | I8: 18173.653 | J8: 12344.082 | K8: 30517.734 | L8: 12107.018 | M8: 902.45 | N8: 15.63 | O8: 682.32 | P8: 2574.3 | Q8: 0 | R8: 3337.12 | S8: 0 | T8: 0 | U8: 5182.64 | V8: 10173.283 | W8: 8659.39 | X8: 237.06337 | Y8: 8896.4534 | Z8: 11.05 | AD8: 13149 | AE8: 17902
A10: 1 | B10: 6907.06 | C10: 310373 | D10: =C10-C8 -> 935 | E10: =C10-152000 -> 158373 | F10: =D10/$D$2 -> 471.50782 | G10: 190.64 | H10: 40.58 | I10: =G10+H10 -> 231.22 | J10: =IF(L10>0,L10,0) -> 327.82782 | K10: =I10+J10 -> 559.04782 | L10: =F10-(I10-W10) -> 327.82782 | M10: 47.86 | N10: 21 | O10: =M10-N10 -> 26.86 | P10: 0 | Q10: 0 | R10: =SUM(O10:Q10) -> 26.86 | U10: 39.68 | V10: =V8-U10 -> 10133.603 | W10: =N10+R10+T10+U10 -> 87.54 | X10: =IF(L10<0,L10*-1,0) -> 0 | Y10: =W10+X10 -> 87.54 | Z10: 0 | AA10: 59 | AB10: 22 | AC10: 1 | AD10: 13243 | AF10: 7883 | AG10: 0
A11: =A10+1 -> 2 | B11: 6907.24 | C11: 311078 | D11: =C11-C10 -> 705 | E11: =C11-152000 -> 159078 | F11: =D11/$D$2 -> 355.52194 | G11: 202.82 | H11: 45.96 | I11: =G11+H11 -> 248.78 | J11: =IF(L11>0,L11,0) -> 160.90194 | K11: =I11+J11 -> 409.68194 | L11: =F11-(I11-W11) -> 160.90194 | M11: 14.4 | N11: 8.1 | O11: =M11-N11 -> 6.3 | P11: 0 | Q11: 0 | R11: =SUM(O11:Q11) -> 6.3 | U11: 39.76 | V11: =V10-U11 -> 10093.843 | W11: =N11+R11+T11+U11 -> 54.16 | X11: =IF(L11<0,L11*-1,0) -> 0 | Y11: =W11+X11 -> 54.16 | Z11: 0 | AA11: 60 | AB11: 30 | AC11: =AC10+1 -> 2 | AD11: 13333 | AE11: 62 | AG11: 0
A12: =A11+1 -> 3 | B12: 6907.45 | C12: 311901 | D12: =C12-C11 -> 823 | E12: =C12-152000 -> 159901 | F12: =D12/$D$2 -> 415.02774 | G12: 189.67 | H12: 42.66 | I12: =G12+H12 -> 232.33 | J12: =IF(L12>0,L12,0) -> 261.54774 | K12: =I12+J12 -> 493.87774 | L12: =F12-(I12-W12) -> 261.54774 | M12: 23.19 | N12: =(4.52+4.51)*1.05 -> 9.4815 | O12: =M12-N12 -> 13.7085 | P12: 0 | Q12: 0 | R12: =SUM(O12:Q12) -> 13.7085 | T12: 12 | U12: 43.66 | V12: =V11-U12 -> 10050.183 | W12: =N12+R12+T12+U12 -> 78.85 | X12: =IF(L12<0,L12*-1,0) -> 0 | Y12: =W12+X12 -> 78.85 | Z12: 0 | AA12: 59 | AB12: 32 | AC12: =AC11+1 -> 3 | AD12: 13456 | AE12: 159 | AG12: 0
A13: =A12+1 -> 4 | B13: 6907.84 | C13: 313429 | D13: =C13-C12 -> 1528 | E13: =C13-152000 -> 161429 | F13: =D13/$D$2 -> 770.54967 | G13: 236.02 | H13: 63.24 | I13: =G13+H13 -> 299.26 | J13: =IF(L13>0,L13,0) -> 554.66255 | K13: =I13+J13 -> 853.92255 | L13: =F13-(I13-W13) -> 554.66255 | M13: 18.94 | N13: =(3.63+4.04)*1.05 -> 8.0535 | O13: =M13-N13 -> 10.8865 | P13: 0 | Q13: 0 | R13: =SUM(O13:Q13) -> 10.8865 | T13: =31/D2 -> 15.632879 | U13: 48.8 | V13: =V12-U13 -> 10001.383 | W13: =N13+R13+T13+U13 -> 83.372879 | X13: =IF(L13<0,L13*-1,0) -> 0 | Y13: =W13+X13 -> 83.372879 | Z13: 0 | AA13: 64 | AB13: 32 | AC13: =AC12+1 -> 4 | AD13: 13563 | AE13: 263 | AG13: 13
A14: =A13+1 -> 5 | B14: 6908.4 | C14: 315636 | D14: =C14-C13 -> 2207 | E14: =C14-152000 -> 163636 | F14: =D14/$D$2 -> 1112.9602 | G14: 335.28 | H14: 112.2 | I14: =G14+H14 -> 447.48 | J14: =IF(L14>0,L14,0) -> 764.43592 | K14: =I14+J14 -> 1211.9159 | L14: =F14-(I14-W14) -> 764.43592 | M14: 18.89 | N14: =21/D2 -> 10.590015 | O14: =M14-N14 -> 8.2999849 | P14: 0 | Q14: 0 | R14: =SUM(O14:Q14) -> 8.2999849 | T14: =31/D2 -> 15.632879 | U14: 48.8 | V14: =V13-U14 -> 9952.5833 | W14: =N14+R14+T15+U14 -> 98.955759 | X14: =IF(L14<0,L14*-1,0) -> 0 | Y14: =W14+X14 -> 98.955759 | Z14: 0 | AA14: 65 | AB14: 30 | AC14: =AC13+1 -> 5 | AD14: 13678 | AE14: 367 | AG14: 13
A15: =A14+1 -> 6 | B15: 6909.1 | C15: 318403 | D15: =C15-C14 -> 2767 | E15: =C15-152000 -> 166403 | F15: =D15/$D$2 -> 1395.3606 | G15: 436.85 | H15: 174.1 | I15: =G15+H15 -> 610.95 | J15: =IF(L15>0,L15,0) -> 879.2606 | K15: =I15+J15 -> 1490.2106 | L15: =F15-(I15-W15) -> 879.2606 | M15: 24.87 | N15: =38/D2 -> 19.162885 | O15: =M15-N15 -> 5.7071155 | P15: 0 | Q15: 0 | R15: =SUM(O15:Q15) -> 5.7071155 | T15: =62/D2 -> 31.265759 | U15: 48.8 | V15: =V14-U15 -> 9903.7833 | W15: =N15+R15+T16+U15 -> 94.85003 | X15: =IF(L15<0,L15*-1,0) -> 0 | Y15: =W15+X15 -> 94.85003 | Z15: 0 | AA15: 64 | AB15: 36 | AC15: =AC14+1 -> 6 | AD15: 13812 | AE15: 469 | AG15: 15
A16: =A15+1 -> 7 | B16: 6909.77 | C16: 321071 | D16: =C16-C15 -> 2668 | E16: =C16-152000 -> 169071 | F16: =D16/$D$2 -> 1345.4362 | G16: 517.07 | H16: 203.17 | I16: =G16+H16 -> 720.24 | J16: =IF(L16>0,L16,0) -> 732.43623 | K16: =I16+J16 -> 1452.6762 | L16: =F16-(I16-W16) -> 732.43623 | M16: 40.79 | N16: =43/D2 -> 21.684317 | O16: =M16-N16 -> 19.105683 | P16: 0 | Q16: 0 | R16: =SUM(O16:Q16) -> 19.105683 | T16: =42/D2 -> 21.18003 | U16: 48.8 | V16: =V15-U16 -> 9854.9833 | W16: =N16+R16+T17+U16 -> 107.24003 | X16: =IF(L16<0,L16*-1,0) -> 0 | Y16: =W16+X16 -> 107.24003 | Z16: 0 | AA16: 66 | AB16: 35 | AC16: =AC15+1 -> 7 | AD16: 13968 | AE16: 587 | AG16: 15
A17: =A16+1 -> 8 | B17: 6910.55 | C17: 324194 | D17: =C17-C16 -> 3123 | E17: =C17-152000 -> 172194 | F17: =D17/$D$2 -> 1574.8865 | G17: 614.63 | H17: 231.51 | I17: =G17+H17 -> 846.14 | J17: =IF(L17>0,L17,0) -> 852.23512 | K17: =I17+J17 -> 1698.3751 | L17: =F17-(I17-W17) -> 852.23512 | M17: 66.62 | N17: =(11.96+12.3)*1.05 -> 25.473 | O17: =M17-N17 -> 41.147 | P17: 0 | Q17: 0 | R17: =SUM(O17:Q17) -> 41.147 | T17: =35/D2 -> 17.650025 | U17: 48.8 | V17: =V16-U17 -> 9806.1833 | W17: =N17+R17+T18+U17 -> 123.48858 | X17: =IF(L17<0,L17*-1,0) -> 0 | Y17: =W17+X17 -> 123.48858 | Z17: 0 | AA17: 59 | AB17: 33 | AC17: =AC16+1 -> 8 | AD17: 14117 | AE17: 707 | AG17: 15
A18: =A17+1 -> 9 | B18: 6911.22 | C18: 326889 | D18: =C18-C17 -> 2695 | E18: =C18-152000 -> 174889 | F18: =D18/$D$2 -> 1359.0519 | G18: 684.3 | H18: 256.37 | I18: =G18+H18 -> 940.67 | J18: =IF(L18>0,L18,0) -> 546.59052 | K18: =I18+J18 -> 1487.2605 | L18: =F18-(I18-W18) -> 546.59052 | M18: 70.4 | N18: =(13.5+13.92)*1.05 -> 28.791 | O18: =M18-N18 -> 41.609 | P18: 0 | Q18: 0 | R18: =SUM(O18:Q18) -> 41.609 | T18: =16/D2 -> 8.068583 | U18: 49.74 | V18: =V17-U18 -> 9756.4433 | W18: =N18+R18+T18+U18 -> 128.20858 | X18: =IF(L18<0,L18*-1,0) -> 0 | Y18: =W18+X18 -> 128.20858 | Z18: 0.24 | AA18: 41 | AB18: 31 | AC18: =AC17+1 -> 9 | AD18: 14264 | AE18: 826 | AG18: 24
A19: =A18+1 -> 10 | B19: 6911.66 | C19: 328669 | D19: =C19-C18 -> 1780 | E19: =C19-152000 -> 176669 | F19: =D19/$D$2 -> 897.62985 | G19: 492.58 | H19: 148.56 | I19: =G19+H19 -> 641.14 | J19: =IF(L19>0,L19,0) -> 372.64985 | K19: =I19+J19 -> 1013.7899 | L19: =F19-(I19-W19) -> 372.64985 | M19: 66.21 | N19: =(16.05+16.41)*1.05 -> 34.083 | O19: =M19-N19 -> 32.127 | P19: 0 | Q19: 0 | R19: =SUM(O19:Q19) -> 32.127 | T19: 0 | U19: 49.95 | V19: =V18-U19 -> 9706.4933 | W19: =N19+R19+T19+U19 -> 116.16 | X19: =IF(L19<0,L19*-1,0) -> 0 | Y19: =W19+X19 -> 116.16 | Z19: 0 | AA19: 43 | AB19: 29 | AC19: =AC18+1 -> 10 | AD19: 14413 | AE19: 964 | AG19: 23
A20: =A19+1 -> 11 | B20: 6911.96 | C20: 329882 | D20: =C20-C19 -> 1213 | E20: =C20-152000 -> 177882 | F20: =D20/$D$2 -> 611.69945 | G20: 400.81 | H20: 103.06 | I20: =G20+H20 -> 503.87 | J20: =IF(L20>0,L20,0) -> 293.88945 | K20: =I20+J20 -> 797.75945 | L20: =F20-(I20-W20) -> 293.88945 | M20: 67.55 | N20: 39 | O20: =M20-N20 -> 28.55 | P20: 0 | Q20: 0 | R20: =SUM(O20:Q20) -> 28.55 | T20: 0 | U20: 118.51 | V20: 9706 | W20: =N20+R20+T20+U20 -> 186.06 | X20: =IF(L20<0,L20*-1,0) -> 0 | Y20: =W20+X20 -> 186.06 | Z20: 0 | AA20: 50 | AB20: 24 | AC20: =AC19+1 -> 11 | AD20: 14571 | AE20: 1065 | AG20: 23
A21: =A20+1 -> 12 | B21: 6912.26 | C21: 331104 | D21: =C21-C20 -> 1222 | E21: =C21-152000 -> 179104 | F21: =D21/$D$2 -> 616.23802 | G21: 362.11 | H21: 75.25 | I21: =G21+H21 -> 437.36 | J21: =IF(L21>0,L21,0) -> 486.26802 | K21: =I21+J21 -> 923.62802 | L21: =F21-(I21-W21) -> 486.26802 | M21: 59.56 | N21: =(21.06+21.12)*1.05 -> 44.289 | O21: =M21-N21 -> 15.271 | P21: 0 | Q21: 0 | R21: =SUM(O21:Q21) -> 15.271 | T21: 0 | U21: 247.83 | V21: 9706 | W21: =N21+R21+T21+U21 -> 307.39 | X21: =IF(L21<0,L21*-1,0) -> 0 | Y21: =W21+X21 -> 307.39 | Z21: 0 | AA21: 62 | AB21: 30 | AC21: =AC20+1 -> 12 | AD21: 14696 | AE21: 1185 | AG21: 23
A22: =A21+1 -> 13 | B22: 6912.58 | C22: 332409 | D22: =C22-C21 -> 1305 | E22: =C22-152000 -> 180409 | F22: =D22/$D$2 -> 658.0938 | G22: 444.98 | H22: 119.75 | I22: =G22+H22 -> 564.73 | J22: =IF(L22>0,L22,0) -> 520.7438 | K22: =I22+J22 -> 1085.4738 | L22: =F22-(I22-W22) -> 520.7438 | M22: 55.36 | N22: =(19.11+19.91)*1.05 -> 40.971 | O22: =M22-N22 -> 14.389 | P22: 0 | Q22: 0 | R22: =SUM(O22:Q22) -> 14.389 | T22: 0 | U22: 372.02 | V22: 9706 | W22: =N22+R22+T22+U22 -> 427.38 | X22: =IF(L22<0,L22*-1,0) -> 0 | Y22: =W22+X22 -> 427.38 | Z22: 0 | AA22: 67 | AB22: 40 | AC22: =AC21+1 -> 13 | AD22: 14771 | AE22: 1299 | AG22: 28
A23: =A22+1 -> 14 | B23: 6912.9 | C23: 333714 | D23: =C23-C22 -> 1305 | E23: =C23-152000 -> 181714 | F23: =D23/$D$2 -> 658.0938 | G23: 648.59 | H23: 195.22 | I23: =G23+H23 -> 843.81 | J23: =IF(L23>0,L23,0) -> 434.6338 | K23: =I23+J23 -> 1278.4438 | L23: =F23-(I23-W23) -> 434.6338 | M23: 57.83 | N23: =(18.37+17.72)*1.05 -> 37.8945 | O23: =M23-N23 -> 19.9355 | P23: 0 | Q23: 0 | R23: =SUM(O23:Q23) -> 19.9355 | T23: 0 | U23: 562.52 | V23: 9706 | W23: =N23+R23+T23+U23 -> 620.35 | X23: =IF(L23<0,L23*-1,0) -> 0 | Y23: =W23+X23 -> 620.35 | Z23: 0 | AA23: 63 | AB23: 38 | AC23: =AC22+1 -> 14 | AD23: 14842 | AE23: 1407 | AG23: 29
A24: =A23+1 -> 15 | B24: 6913.05 | C24: 334327 | D24: =C24-C23 -> 613 | E24: =C24-152000 -> 182327 | F24: =D24/$D$2 -> 309.12758 | G24: 696.97 | H24: 174.38 | I24: =G24+H24 -> 871.35 | J24: =IF(L24>0,L24,0) -> 109.90758 | K24: =I24+J24 -> 981.25758 | L24: =F24-(I24-W24) -> 109.90758 | M24: 48.33 | N24: =(16.57+16.08)*1.05 -> 34.2825 | O24: =M24-N24 -> 14.0475 | P24: 0 | Q24: 0 | R24: =SUM(O24:Q24) -> 14.0475 | T24: 0 | U24: 623.8 | V24: 9706 | W24: =N24+R24+T24+U24 -> 672.13 | X24: =IF(L24<0,L24*-1,0) -> 0 | Y24: =W24+X24 -> 672.13 | Z24: 0 | AA24: 52 | AB24: 37 | AC24: =AC23+1 -> 15 | AD24: 14927 | AE24: 1516 | AG24: 28
A25: =A24+1 -> 16 | B25: 6913.21 | C25: 334984 | D25: =C25-C24 -> 657 | E25: =C25-152000 -> 182984 | F25: =D25/$D$2 -> 331.31619 | G25: 572.02 | H25: 99.74 | I25: =G25+H25 -> 671.76 | J25: =IF(L25>0,L25,0) -> 432.63619 | K25: =I25+J25 -> 1104.3962 | L25: =F25-(I25-W25) -> 432.63619 | M25: 56.52 | N25: =(15.81+16.01)*1.05 -> 33.411 | O25: =M25-N25 -> 23.109 | P25: 0 | Q25: 0 | R25: =SUM(O25:Q25) -> 23.109 | T25: 0 | U25: 716.56 | V25: 9706 | W25: =N25+R25+T25+U25 -> 773.08 | X25: =IF(L25<0,L25*-1,0) -> 0 | Y25: =W25+X25 -> 773.08 | Z25: 0 | AA25: 58 | AB25: 39 | AC25: =AC24+1 -> 16 | AD25: 15009 | AE25: 1615 | AG25: 28
A26: =A25+1 -> 17 | B26: 6913.2 | C26: 334943 | D26: =C26-C25 -> -41 | E26: =C26-152000 -> 182943 | F26: =D26/$D$2 -> -20.675744 | G26: 595.65 | H26: 99.02 | I26: =G26+H26 -> 694.67 | J26: =IF(L26>0,L26,0) -> 130.03426 | K26: =I26+J26 -> 824.70426 | L26: =F26-(I26-W26) -> 130.03426 | M26: 64.91 | N26: =(15.47+16.05)*1.05 -> 33.096 | O26: =M26-N26 -> 31.814 | P26: 0 | Q26: 0 | R26: =SUM(O26:Q26) -> 31.814 | T26: 2.5 | U26: 777.97 | V26: 9706 | W26: =N26+R26+T26+U26 -> 845.38 | X26: =IF(L26<0,L26*-1,0) -> 0 | Y26: =W26+X26 -> 845.38 | Z26: 0.29 | AA26: 36 | AB26: 24 | AC26: =AC25+1 -> 17 | AD26: 15112 | AE26: 1714 | AG26: 12
A27: =A26+1 -> 18 | B27: 6913.16 | C27: 334779 | D27: =C27-C26 -> -164 | E27: =C27-152000 -> 182779 | F27: =D27/$D$2 -> -82.702975 | G27: 510.49 | H27: 73.65 | I27: =G27+H27 -> 584.14 | J27: =IF(L27>0,L27,0) -> 206.66702 | K27: =I27+J27 -> 790.80702 | L27: =F27-(I27-W27) -> 206.66702 | M27: 67.84 | N27: =(15.76+15.6)*1.05 -> 32.928 | O27: =M27-N27 -> 34.912 | P27: 0 | Q27: 0 | R27: =SUM(O27:Q27) -> 34.912 | T27: 1 | U27: 804.67 | V27: 9706 | W27: =N27+R27+T27+U27 -> 873.51 | X27: =IF(L27<0,L27*-1,0) -> 0 | Y27: =W27+X27 -> 873.51 | Z27: 0.08 | AA27: 45 | AB27: 32 | AC27: =AC26+1 -> 18 | AD27: 15213 | AE27: 1812 | AG27: 11
A28: =A27+1 -> 19 | B28: 6913.14 | C28: 334697 | D28: =C28-C27 -> -82 | E28: =C28-152000 -> 182697 | F28: =D28/$D$2 -> -41.351488 | G28: 473.91 | H28: 62.35 | I28: =G28+H28 -> 536.26 | J28: =IF(L28>0,L28,0) -> 336.72851 | K28: =I28+J28 -> 872.98851 | L28: =F28-(I28-W28) -> 336.72851 | M28: 71.56 | N28: =(15.74+15.59)*1.05 -> 32.8965 | O28: =M28-N28 -> 38.6635 | P28: 0 | Q28: 0 | R28: =SUM(O28:Q28) -> 38.6635 | T28: 15 | U28: 827.78 | V28: 9706 | W28: =N28+R28+T28+U28 -> 914.34 | X28: =IF(L28<0,L28*-1,0) -> 0 | Y28: =W28+X28 -> 914.34 | Z28: 0.06 | AA28: 47 | AB28: 32 | AC28: =AC27+1 -> 19 | AD28: 15295 | AE28: 1909 | AG28: 26
A29: =A28+1 -> 20 | B29: 6913.11 | C29: 334573 | D29: =C29-C28 -> -124 | E29: =C29-152000 -> 182573 | F29: =D29/$D$2 -> -62.531518 | G29: 439.42 | H29: 57.56 | I29: =G29+H29 -> 496.98 | J29: =IF(L29>0,L29,0) -> 341.31848 | K29: =I29+J29 -> 838.29848 | L29: =F29-(I29-W29) -> 341.31848 | M29: 69.65 | N29: =(15.54+17.56)*1.05 -> 34.755 | O29: =M29-N29 -> 34.895 | P29: 0 | Q29: 0 | R29: =SUM(O29:Q29) -> 34.895 | T29: 15 | U29: 816.18 | V29: 9706 | W29: =N29+R29+T29+U29 -> 900.83 | X29: =IF(L29<0,L29*-1,0) -> 0 | Y29: =W29+X29 -> 900.83 | Z29: 0 | AA29: 42 | AB29: 28 | AC29: =AC28+1 -> 20 | AD29: 15367 | AE29: 2006 | AG29: 28
A30: =A29+1 -> 21 | B30: 6913.08 | C30: 334450 | D30: =C30-C29 -> -123 | E30: =C30-152000 -> 182450 | F30: =D30/$D$2 -> -62.027231 | G30: 413.88 | H30: 54.91 | I30: =G30+H30 -> 468.79 | J30: =IF(L30>0,L30,0) -> 324.56277 | K30: =I30+J30 -> 793.35277 | L30: =F30-(I30-W30) -> 324.56277 | M30: 47.42 | N30: =(10.57+11.79)*1.05 -> 23.478 | O30: =M30-N30 -> 23.942 | P30: 0 | Q30: 0 | R30: =SUM(O30:Q30) -> 23.942 | T30: 0 | U30: 807.96 | V30: 9706 | W30: =N30+R30+T30+U30 -> 855.38 | X30: =IF(L30<0,L30*-1,0) -> 0 | Y30: =W30+X30 -> 855.38 | Z30: 0 | AA30: 37 | AB30: 30 | AC30: =AC29+1 -> 21 | AD30: 15445 | AE30: 2106 | AF30: 273.4 | AG30: 29
A31: =A30+1 -> 22 | B31: 6913.01 | C31: 334162 | D31: =C31-C30 -> -288 | E31: =C31-152000 -> 182162 | F31: =D31/$D$2 -> -145.23449 | G31: 396.71 | H31: 65.05 | I31: =G31+H31 -> 461.76 | J31: =IF(L31>0,L31,0) -> 241.15551 | K31: =I31+J31 -> 702.91551 | L31: =F31-(I31-W31) -> 241.15551 | M31: 36.66 | N31: =(5.13+5.44)*1.05 -> 11.0985 | O31: =M31-N31 -> 25.5615 | P31: 0 | Q31: 0 | R31: =SUM(O31:Q31) -> 25.5615 | T31: 8.1 | U31: 803.39 | V31: 9706 | W31: =N31+R31+T31+U31 -> 848.15 | X31: =IF(L31<0,L31*-1,0) -> 0 | Y31: =W31+X31 -> 848.15 | Z31: 0.65 | AA31: 42 | AB31: 28 | AC31: =AC30+1 -> 22 | AD31: 15524 | AE31: 2203 | AF31: 249.63 | AG31: 28
A32: =A31+1 -> 23 | B32: 6913.01 | C32: 334162 | D32: =C32-C31 -> 0 | E32: =C32-152000 -> 182162 | F32: =D32/$D$2 -> 0 | G32: 386.17 | H32: 75.44 | I32: =G32+H32 -> 461.61 | J32: =IF(L32>0,L32,0) -> 377.87 | K32: =I32+J32 -> 839.48 | L32: =F32-(I32-W32) -> 377.87 | M32: 37.3 | N32: =(4.98+5.41)*1.05 -> 10.9095 | O32: =M32-N32 -> 26.3905 | P32: 0 | Q32: 0 | R32: =SUM(O32:Q32) -> 26.3905 | T32: 0 | U32: 802.18 | V32: 9706 | W32: =N32+R32+T32+U32 -> 839.48 | X32: =IF(L32<0,L32*-1,0) -> 0 | Y32: =W32+X32 -> 839.48 | Z32: 0.01 | AA32: 51 | AB32: 24 | AC32: =AC31+1 -> 23 | AD32: 15607 | AE32: 2299 | AF32: 243.94 | AG32: 31
A33: =A32+1 -> 24 | B33: 6913.01 | C33: 334162 | D33: =C33-C32 -> 0 | E33: =C33-152000 -> 182162 | F33: =D33/$D$2 -> 0 | G33: 405.82 | H33: 81.58 | I33: =G33+H33 -> 487.4 | J33: =IF(L33>0,L33,0) -> 349.18 | K33: =I33+J33 -> 836.58 | L33: =F33-(I33-W33) -> 349.18 | M33: 37.3 | N33: =(5.5+5.84)*1.05 -> 11.907 | O33: =M33-N33 -> 25.393 | P33: 0 | Q33: 0 | R33: =SUM(O33:Q33) -> 25.393 | T33: 0 | U33: 799.28 | V33: 9706 | W33: =N33+R33+T33+U33 -> 836.58 | X33: =IF(L33<0,L33*-1,0) -> 0 | Y33: =W33+X33 -> 836.58 | Z33: 0 | AA33: 55 | AB33: 27 | AC33: =AC32+1 -> 24 | AD33: 15666 | AE33: 2395 | AF33: 243.15 | AG33: 31
A34: =A33+1 -> 25 | B34: 6913.16 | C34: 334779 | D34: =C34-C33 -> 617 | E34: =C34-152000 -> 182779 | F34: =D34/$D$2 -> 311.14473 | G34: 471.42 | H34: 86.69 | I34: =G34+H34 -> 558.11 | J34: =IF(L34>0,L34,0) -> 590.99473 | K34: =I34+J34 -> 1149.1047 | L34: =F34-(I34-W34) -> 590.99473 | M34: 36.51 | N34: =(4.83+5.07)*1.05 -> 10.395 | O34: =M34-N34 -> 26.115 | P34: 0 | Q34: 0 | R34: =SUM(O34:Q34) -> 26.115 | T34: 2.5 | U34: 798.95 | V34: 9706 | W34: =N34+R34+T34+U34 -> 837.96 | X34: =IF(L34<0,L34*-1,0) -> 0 | Y34: =W34+X34 -> 837.96 | Z34: 0 | AA34: 62 | AB34: 31 | AC34: =AC33+1 -> 25 | AD34: 15726 | AE34: 2491 | AF34: 242.11 | AG34: 31
A35: =A34+1 -> 26 | B35: 6913.36 | C35: 335601 | D35: =C35-C34 -> 822 | E35: =C35-152000 -> 183601 | F35: =D35/$D$2 -> 414.52345 | G35: 591.54 | H35: 132.84 | I35: =G35+H35 -> 724.38 | J35: =IF(L35>0,L35,0) -> 535.17345 | K35: =I35+J35 -> 1259.5534 | L35: =F35-(I35-W35) -> 535.17345 | M35: 37.16 | N35: =(4.07+4.14)*1.05 -> 8.6205 | O35: =M35-N35 -> 28.5395 | P35: 0 | Q35: 0 | R35: =SUM(O35:Q35) -> 28.5395 | T35: 6 | U35: 801.87 | V35: 9706 | W35: =N35+R35+T35+U35 -> 845.03 | X35: =IF(L35<0,L35*-1,0) -> 0 | Y35: =W35+X35 -> 845.03 | Z35: 0 | AA35: 61 | AB35: 34 | AC35: =AC34+1 -> 26 | AD35: 15781 | AE35: 2589 | AF35: 244.72 | AG35: 27
A36: =A35+1 -> 27 | B36: 6913.48 | C36: 336094 | D36: =C36-C35 -> 493 | E36: =C36-152000 -> 184094 | F36: =D36/$D$2 -> 248.61321 | G36: 647.75 | H36: 166.36 | I36: =G36+H36 -> 814.11 | J36: =IF(L36>0,L36,0) -> 362.65321 | K36: =I36+J36 -> 1176.7632 | L36: =F36-(I36-W36) -> 362.65321 | M36: 38.45 | N36: =(3.71+4.02)*1.05 -> 8.1165 | O36: =M36-N36 -> 30.3335 | P36: 0 | Q36: 0 | R36: =SUM(O36:Q36) -> 30.3335 | T36: 4.5 | U36: 885.2 | V36: 9706 | W36: =N36+R36+T36+U36 -> 928.15 | X36: =IF(L36<0,L36*-1,0) -> 0 | Y36: =W36+X36 -> 928.15 | Z36: 0 | AA36: 67 | AB36: 33 | AC36: =AC35+1 -> 27 | AD36: 15841 | AE36: 2686 | AF36: 252.4 | AG36: 0
A37: =A36+1 -> 28 | B37: 6913.73 | C37: 337121 | D37: =C37-C36 -> 1027 | E37: =C37-152000 -> 185121 | F37: =D37/$D$2 -> 517.90217 | G37: 710.51 | H37: 182.81 | I37: =G37+H37 -> 893.32 | J37: =IF(L37>0,L37,0) -> 657.99217 | K37: =I37+J37 -> 1551.3122 | L37: =F37-(I37-W37) -> 657.99217 | M37: 57.92 | N37: =(6.6+7.86)*1.05 -> 15.183 | O37: =M37-N37 -> 42.737 | P37: 0 | Q37: 0 | R37: =SUM(O37:Q37) -> 42.737 | T37: 3.5 | U37: 971.99 | V37: 9706 | W37: =N37+R37+T37+U37 -> 1033.41 | X37: =IF(L37<0,L37*-1,0) -> 0 | Y37: =W37+X37 -> 1033.41 | Z37: 0 | AA37: 66 | AB37: 39 | AC37: =AC36+1 -> 28 | AD37: 804 | AE37: 2779 | AF37: 254.14 | AG37: 0
A38: =A37+1 -> 29 | B38: 6913.98 | C38: 338148 | D38: =C38-C37 -> 1027 | E38: =C38-152000 -> 186148 | F38: =D38/$D$2 -> 517.90217 | G38: 869.79 | H38: 184.53 | I38: =G38+H38 -> 1054.32 | J38: =IF(L38>0,L38,0) -> 538.29217 | K38: =I38+J38 -> 1592.6122 | L38: =F38-(I38-W38) -> 538.29217 | M38: 72.7 | N38: =(7.86+8.74)*1.05 -> 17.43 | O38: =M38-N38 -> 55.27 | P38: 0 | Q38: 0 | R38: =SUM(O38:Q38) -> 55.27 | T38: 9.1 | U38: 992.91 | V38: 9706 | W38: =N38+R38+T38+U38 -> 1074.71 | X38: =IF(L38<0,L38*-1,0) -> 0 | Y38: =W38+X38 -> 1074.71 | Z38: 0 | AA38: 67 | AB38: 39 | AC38: =AC37+1 -> 29 | AD38: 862 | AE38: 2872 | AF38: 256.51 | AG38: 21
A39: 30 | B39: 6914.36 | C39: 339722 | D39: =C39-C38 -> 1574 | E39: =C39-152000 -> 187722 | F39: =D39/$D$2 -> 793.74685 | G39: 1107.66 | H39: 251.98 | I39: =G39+H39 -> 1359.64 | J39: =IF(L39>0,L39,0) -> 509.78685 | K39: =I39+J39 -> 1869.4268 | L39: =F39-(I39-W39) -> 509.78685 | M39: 74.94 | N39: =(7.78+8.75)*1.05 -> 17.3565 | O39: =M39-N39 -> 57.5835 | P39: 0 | Q39: 0 | R39: =SUM(O39:Q39) -> 57.5835 | T39: 0 | U39: 1000.74 | V39: 9706 | W39: =N39+R39+T39+U39 -> 1075.68 | X39: =IF(L39<0,L39*-1,0) -> 0 | Y39: =W39+X39 -> 1075.68 | Z39: 0.03 | AA39: 60 | AB39: 37 | AC39: 30 | AD39: 927 | AE39: 2965 | AF39: 248.45 | AG39: 24
AA40: 73
A41: MONTH / CFS | F41: =SUM(F10:F39) -> 15271.81 | G41: =SUM(G10:G39) -> 15046.06 | H41: =SUM(H10:H39) -> 3660.52 | I41: =SUM(I10:I39) -> 18706.58 | J41: =SUM(J10:J39) -> 13233.036 | K41: =SUM(K10:K39) -> 31939.616 | L41: =SUM(L10:L39) -> 13233.036 | M41: =SUM(M10:M39) -> 1487.64 | ... R41: =SUM(R10:R39) -> 803.20278 | T41: =SUM(T10:T39) -> 188.63016 | U41: =SUM(U10:U39) -> 14999.1 | W41: =SUM(W10:W39) -> 16667.806 | X41: =SUM(X10:X39) -> 0 | Y41: =SUM(Y10:Y39) -> 16667.806 | Z41: =SUM(Z10:Z39) -> 1.36 | AA41: =AVERAGE(AA10:AA39) -> 55.666667 | AB41: =AVERAGE(AB10:AB39) -> 31.866667
A42: MONTH / AF | D42: =SUM(D10:D39) -> 30284 | F42: =F41*$D$2 -> 30284 | G42: =G41*$D$2 -> 29836.337 | H42: =H41*$D$2 -> 7258.8112 | I42: =I41*$D$2 -> 37095.148 | J42: =J41*$D$2 -> 26241.111 | K42: =K41*$D$2 -> 63336.259 | L42: =L41*$D$2 -> 26241.111 | M42: =M41*$D$2 -> 2949.9901 | ... R42: =R41*$D$2 -> 1592.7511 | T42: =T41*$D$2 -> 374.0536 | U42: =U41*$D$2 -> 29743.215 | W42: =W41*$D$2 -> 33052.259 | X42: =X41*$D$2 -> 0 | Y42: =Y41*$D$2 -> 33052.259 | AA42: =MAX(AA10:AA39) -> 67 | AB42: =MAX(AB10:AB39) -> 40 | AC42: HI
A44: SEASON / CFS | F44: =F7+F41 -> 15271.81 | G44: =G7+G41 -> 15046.06 | H44: =H7+H41 -> 3660.52 | I44: =I7+I41 -> 18706.58 | J44: =J7+J41 -> 13233.036 | K44: =K7+K41 -> 31939.616 | L44: =L7+L41 -> 13233.036 | M44: =M7+M41 -> 1487.64 | ... R44: =R7+R41 -> 803.20278 | S44: =S39 -> 0 | T44: =T7+T41 -> 188.63016 | U44: =U7+U41 -> 14999.1 | V44: 0 | W44: =W7+W41 -> 16667.806 | X44: =X7+X41 -> 0 | Y44: =Y7+Y41 -> 16667.806 | AA44: =MIN(AA10:AA39) -> 36 | AB44: =MIN(AB10:AB39) -> 22 | AC44: LO
A45: SEASON / AF | D45: =D7+D42 -> 30284 | F45: =F44*$D$2 -> 30284 | G45: =G44*$D$2 -> 29836.337 | H45: =H44*$D$2 -> 7258.8112 | I45: =I44*$D$2 -> 37095.148 | J45: =J44*$D$2 -> 26241.111 | K45: =K44*$D$2 -> 63336.259 | L45: =L44*$D$2 -> 26241.111 | M45: =M44*$D$2 -> 2949.9901 | ... U45: =U44*$D$2 -> 29743.215 | V45: 0 | W45: =W44*$D$2 -> 33052.259 | X45: =X44*$D$2 -> 0 | Y45: =Y44*$D$2 -> 33052.259
A47: YTD / CFS | F47: =F8+F41 -> 36893.091 | G47: =G8+G41 -> 30835.003 | H47: =H8+H41 -> 6045.33 | I47: =I8+I41 -> 36880.233 | J47: =J8+J41 -> 25577.118 | K47: =K8+K41 -> 62457.351 | L47: =L8+L41 -> 25340.055 | M47: =M8+M41 -> 2390.09 | ... R47: =R8+R41 -> 4140.3228 | T47: =T8+T41 -> 188.63016 | U47: =U8+U41 -> 20181.74 | V47: =V39 -> 9706 | W47: =W8+W41 -> 25327.196 | X47: =X8+X41 -> 237.06337 | Y47: =Y8+Y41 -> 25564.259 | Z47: =Z8+Z41 -> 12.41
A48: YTD / AF | D48: =D8+D42 -> 73159 | E48: =E39 -> 187722 | F48: =F47*$D$2 -> 73159 | G48: =G47*$D$2 -> 61145.81 | H48: =H47*$D$2 -> 11987.889 | I48: =I47*$D$2 -> 73133.501 | J48: =J47*$D$2 -> 50719.425 | K48: =K47*$D$2 -> 123852.93 | L48: =L47*$D$2 -> 50249.328 | M48: =M47*$D$2 -> 4739.5485 | ... Y48: =Y47*$D$2 -> 50693.926
A50: ="4/13/95 thru 5/11/95" -> 4/13/95 thru 5/11/95
B51: 6915.01 | C51: 342414 | E51: =C51-152000 -> 190414
B53: =B51-B22 -> 2.43 | D53: =C51-C22 -> 10005

Sheet MAY
K1: MC PHEE RESERVOIR IN/OUT FLOW TABULATION
A2: AF/cfs CONVERT FACTOR | D2: 1.983 | K2: MAY "95"
A4: DATE | B4: RESERV | C4: RESERV | D4: AC FT | E4: ACTIVE | F4: CONV TO | G4: DOLORES | H4: LOST | I4: RECORDED | J4: CALC | K4: TOTAL | L4: CALC | M4: DOLORES TUNNEL | P4: LONE | Q4: U | R4: TOTAL | S4: MVI | T4: DV CR | U4: BELOW | V4: REMAIN | W4: RECORDED | X4: CALC | Y4: TOTAL | Z4: RAIN | AA4: MAX | AB4: MIN | AC4: DATE
A5: "MAY" | B5: ELEV | C5: AC FT | D5: CHANGE | E5: CAP | F5: CFS | G5: RIVER | H5: CANYON | I5: INFLOW | J5: INFLOW | K5: INFLOW | L5: INF/OTF | M5: TOT DIV | N5: UTE F&R | O5: MVI,CTZ | P5: PINE | Q5: LATERAL | R5: MVI | S5: CALL | T5: CANAL | U5: MC PHEE | V5: RELEASE | W5: OUTFLOW | X5: OUTFLOW | Y5: OUTFLOW | AA5: TMP | AB5: TMP | AC5: "MAY"
AD6: 741 | AE6: 742
A7: SEASON BAL | F7: {=APR!$F$44:$Y$44} -> 15271.81 | G7: 15046.06 | H7: 3660.52 | I7: 18706.58 | J7: 13233.036 | K7: 31939.616 | L7: 13233.036 | M7: 1487.64 | N7: 684.43722 | O7: 803.20278 | P7: 0 | Q7: 0 | R7: 803.20278 | S7: 0 | T7: 188.63016 | U7: 14999.1 | V7: 0 | W7: 16667.806 | X7: 0 | Y7: 16667.806
A8: YTD | B8: {=APR!$B$39:$C$39} -> 6914.36 | C8: 339722 | D8: {=APR!$D$48:$E$48} -> 73159 | E8: 187722 | F8: {=APR!$F$47:$Z$47} -> 36893.091 | G8: 30835.003 | H8: 6045.33 | I8: 36880.233 | J8: 25577.118 | K8: 62457.351 | L8: 25340.055 | M8: 2390.09 | N8: 700.06722 | O8: 1485.5228 | P8: 2574.3 | Q8: 0 | R8: 4140.3228 | S8: 0 | T8: 188.63016 | U8: 20181.74 | V8: 9706 | W8: 25327.196 | X8: 237.06337 | Y8: 25564.259 | Z8: 12.41 | AD8: 285 | AE8: 251 | AF8: 1207.63
A10: 1 | B10: 6914.59 | C10: 340674 | D10: =C10-C8 -> 952 | E10: =C10-152000 -> 188674 | F10: =D10/$D$2 -> 480.08069 | G10: 1085.17 | H10: 241.49 | I10: =G10+H10 -> 1326.66 | J10: =IF(L10>0,L10) -> 332.07069 | K10: =I10+J10 -> 1658.7307 | L10: =F10-(I10-W10) -> 332.07069 | M10: 75.14 | N10: =(7.84+8.74)*1.05 -> 17.409 | O10: =M10-N10 -> 57.731 | P10: 13.75 | Q10: 0 | R10: =SUM(O10:Q10) -> 71.481 | T10: 7.38 | U10: 1082.38 | V10: 9706 | W10: =R10+T10+N10+U10 -> 1178.65 | Y10: =W10+X10 -> 1178.65 | Z10: 0.04 | AA10: 65 | AB10: 34 | AC10: 1 | AD10: 303 | AE10: 273 | AF10: 1256.86
A11: =A10+1 -> 2 | B11: 6914.94 | C11: 342124 | D11: =C11-C10 -> 1450 | E11: =C11-152000 -> 190124 | F11: =D11/$D$2 -> 731.21533 | G11: 1077.6 | H11: 244.69 | I11: =G11+H11 -> 1322.29 | J11: =IF(L11>0,L11) -> 760.91533 | K11: =I11+J11 -> 2083.2053 | L11: =F11-(I11-W11) -> 760.91533 | M11: 97.52 | N11: =(6.51+7.42)*1.05 -> 14.6265 | O11: =M11-N11 -> 82.8935 | P11: 15.21 | Q11: 11.42 | R11: =SUM(O11:Q11) -> 109.5235 | T11: 20.06 | U11: 1207.78 | V11: 9706 | W11: =R11+T11+N11+U11 -> 1351.99 | Y11: =W11+X11 -> 1351.99 | Z11: 0.17 | AA11: 55 | AB11: 44 | AC11: =AC10+1 -> 2 | AD11: 306 | AE11: 300 | AF11: 1306.42
A12: =A11+1 -> 3 | B12: 6915.14 | C12: 342957 | D12: =C12-C11 -> 833 | E12: =C12-152000 -> 190957 | F12: =D12/$D$2 -> 420.0706 | G12: 1099.25 | H12: 278.48 | I12: =G12+H12 -> 1377.73 | J12: =IF(L12>0,L12) -> 373.8506 | K12: =I12+J12 -> 1751.5806 | L12: =F12-(I12-W12) -> 373.8506 | M12: 96.03 | N12: =(6.26+6.38)*1.05 -> 13.272 | O12: =M12-N12 -> 82.758 | P12: 18.57 | Q12: 10.35 | R12: =SUM(O12:Q12) -> 111.678 | T12: 0 | U12: 1206.56 | V12: 9706 | W12: =R12+T12+N12+U12 -> 1331.51 | Y12: =W12+X12 -> 1331.51 | Z12: 0 | AA12: 60 | AB12: 31 | AC12: =AC11+1 -> 3 | AD12: 316 | AE12: 341 | AF12: 1355.74
A13: =A12+1 -> 4 | B13: 6915.34 | C13: 343792 | D13: =C13-C12 -> 835 | E13: =C13-152000 -> 191792 | F13: =D13/$D$2 -> 421.07917 | G13: 1090.25 | H13: 247.29 | I13: =G13+H13 -> 1337.54 | J13: =IF(L13>0,L13) -> 526.38917 | K13: =I13+J13 -> 1863.9292 | L13: =F13-(I13-W13) -> 526.38917 | M13: 128.27 | N13: =(7.35+7.3)*1.05 -> 15.3825 | O13: =M13-N13 -> 112.8875 | P13: 20.75 | Q13: 12.73 | R13: =SUM(O13:Q13) -> 146.3675 | T13: 8.31 | U13: 1272.79 | V13: 9706 | W13: =R13+T13+N13+U13 -> 1442.85 | Y13: =W13+X13 -> 1442.85 | Z13: 0.13 | AA13: 69 | AB13: 36 | AC13: =AC12+1 -> 4 | AD13: 316 | AE13: 395 | AF13: 1405.31
A14: =A13+1 -> 5 | B14: 6915.59 | C14: 344835 | D14: =C14-C13 -> 1043 | E14: =C14-152000 -> 192835 | F14: =D14/$D$2 -> 525.97075 | G14: 1326.51 | H14: 309.62 | I14: =G14+H14 -> 1636.13 | J14: =IF(L14>0,L14) -> 639.83075 | K14: =I14+J14 -> 2275.9608 | L14: =F14-(I14-W14) -> 639.83075 | M14: 170.21 | N14: =(13.75+14.75)*1.05 -> 29.925 | O14: =M14-N14 -> 140.285 | P14: 20.77 | Q14: 14.33 | R14: =SUM(O14:Q14) -> 175.385 | T14: 11.77 | U14: 1532.91 | V14: 9706 | W14: =R14+T14+N14+U14 -> 1749.99 | Y14: =W14+X14 -> 1749.99 | Z14: 0.03 | AA14: 52 | AB14: 40 | AC14: =AC13+1 -> 5 | AD14: 316 | AE14: 466 | AF14: 1437.16
A15: =A14+1 -> 6 | B15: 6915.63 | C15: 345002 | D15: =C15-C14 -> 167 | E15: =C15-152000 -> 193002 | F15: =D15/$D$2 -> 84.215835 | G15: 1199.92 | H15: 263.32 | I15: =G15+H15 -> 1463.24 | J15: =IF(L15>0,L15) -> 425.12583 | K15: =I15+J15 -> 1888.3658 | L15: =F15-(I15-W15) -> 425.12583 | M15: 147.05 | N15: =(12.89+13.41)*1.05 -> 27.615 | O15: =M15-N15 -> 119.435 | P15: 20.86 | Q15: 14.26 | R15: =SUM(O15:Q15) -> 154.555 | T15: 20.68 | U15: 1601.3 | V15: 9706 | W15: =R15+T15+N15+U15 -> 1804.15 | Y15: =W15+X15 -> 1804.15 | Z15: 0 | AA15: 48 | AB15: 31 | AC15: =AC14+1 -> 6 | AD15: 325 | AE15: 538 | AF15: 1467.01
A16: =A15+1 -> 7 | B16: 6915.59 | C16: 344835 | D16: =C16-C15 -> -167 | E16: =C16-152000 -> 192835 | F16: =D16/$D$2 -> -84.215835 | G16: 979.99 | H16: 155.79 | I16: =G16+H16 -> 1135.78 | J16: =IF(L16>0,L16) -> 555.51417 | K16: =I16+J16 -> 1691.2942 | L16: =F16-(I16-W16) -> 555.51417 | M16: 140.38 | N16: =(14.47+14.93)*1.05 -> 30.87 | O16: =M16-N16 -> 109.51 | P16: 20.99 | Q16: 14.14 | R16: =SUM(O16:Q16) -> 144.64 | T16: 0 | U16: 1600 | V16: 9706 | W16: =R16+T16+N16+U16 -> 1775.51 | Y16: =W16+X16 -> 1775.51 | Z16: 0.51 | AA16: 48 | AB16: 31 | AC16: =AC15+1 -> 7 | AD16: 342 | AE16: 618 | AF16: 1496.64
A17: =A16+1 -> 8 | B17: 6915.43 | C17: 344167 | D17: =C17-C16 -> -668 | E17: =C17-152000 -> 192167 | F17: =D17/$D$2 -> -336.86334 | G17: 870.63 | H17: 127.43 | I17: =G17+H17 -> 998.06 | J17: =IF(L17>0,L17) -> 374.17666 | K17: =I17+J17 -> 1372.2367 | L17: =F17-(I17-W17) -> 374.17666 | M17: 74.22 | N17: =(0.16+2.69)*1.05 -> 2.9925 | O17: =M17-N17 -> 71.2275 | P17: 20.89 | Q17: 10.96 | R17: =SUM(O17:Q17) -> 103.0775 | T17: 0 | U17: 1603.03 | V17: 9706 | W17: =R17+T17+N17+U17 -> 1709.1 | Y17: =W17+X17 -> 1709.1 | Z17: 0 | AA17: 54 | AB17: 32 | AC17: =AC16+1 -> 8 | AD17: 367 | AE17: 704 | AF17: 1526.51
A18: =A17+1 -> 9 | B18: 6915.23 | C18: 343332 | D18: =C18-C17 -> -835 | E18: =C18-152000 -> 191332 | F18: =D18/$D$2 -> -421.07917 | G18: 818.87 | H18: 113.54 | I18: =G18+H18 -> 932.41 | J18: =IF(L18>0,L18) -> 368.66083 | K18: =I18+J18 -> 1301.0708 | L18: =F18-(I18-W18) -> 368.66083 | M18: 85.33 | N18: =(0.16+2.21)*1.05 -> 2.4885 | O18: =M18-N18 -> 82.8415 | P18: 20.87 | Q18: 12.47 | R18: =SUM(O18:Q18) -> 116.1815 | T18: 0 | U18: 1603.48 | V18: 9706 | W18: =R18+T18+N18+U18 -> 1722.15 | Y18: =W18+X18 -> 1722.15 | Z18: 0 | AA18: 63 | AB18: 38 | AC18: =AC17+1 -> 9 | AD18: 390 | AE18: 805 | AF18: 1561.24
A19: =A18+1 -> 10 | B19: 6915.01 | C19: 342414 | D19: =C19-C18 -> -918 | E19: =C19-152000 -> 190414 | F19: =D19/$D$2 -> -462.93495 | G19: 912.45 | H19: 156.02 | I19: =G19+H19 -> 1068.47 | J19: =IF(L19>0,L19) -> 301.81505 | K19: =I19+J19 -> 1370.2851 | L19: =F19-(I19-W19) -> 301.81505 | M19: 113.67 | N19: =(0.17+0.55)*1.05 -> 0.756 | O19: =M19-N19 -> 112.914 | P19: 31.42 | Q19: 14.58 | R19: =SUM(O19:Q19) -> 158.914 | T19: 4.22 | U19: 1669.33 | V19: 9706 | W19: =R19+T19+N19+U19 -> 1833.22 | Y19: =W19+X19 -> 1833.22 | Z19: 0 | AA19: 66 | AB19: 40 | AC19: =AC18+1 -> 10 | AD19: 437 | AE19: 920 | AF19: 1600.39
A20: =A19+1 -> 11 | B20: 6914.79 | C20: 341503 | D20: =C20-C19 -> -911 | E20: =C20-152000 -> 189503 | F20: =D20/$D$2 -> -459.40494 | G20: 1011.51 | H20: 169.22 | I20: =G20+H20 -> 1180.73 | J20: =IF(L20>0,L20) -> 436.80506 | K20: =I20+J20 -> 1617.5351 | L20: =F20-(I20-W20) -> 436.80506 | M20: 121.91 | N20: =(1.14+1.52)*1.0505 -> 2.79433 | O20: =M20-N20 -> 119.11567 | P20: 40.48 | Q20: 17.23 | R20: =SUM(O20:Q20) -> 176.82567 | T20: 9.32 | U20: 1888 | V20: 9706 | W20: =R20+T20+N20+U20 -> 2076.94 | Y20: =W20+X20 -> 2076.94 | Z20: 0 | AA20: 65 | AB20: 42 | AC20: =AC19+1 -> 11 | AD20: 498 | AE20: 1048 | AF20: 1642
A21: =A20+1 -> 12 | B21: 6914.51 | C21: 340343 | D21: =C21-C20 -> -1160 | E21: =C21-152000 -> 188343 | F21: =D21/$D$2 -> -584.97226 | G21: 1109.15 | H21: 179.01 | I21: =G21+H21 -> 1288.16 | J21: =IF(L21>0,L21) -> 304.95774 | K21: =I21+J21 -> 1593.1177 | L21: =F21-(I21-W21) -> 304.95774 | M21: 128.31 | N21: =(6.52+6.57)*1.05 -> 13.7445 | O21: =M21-N21 -> 114.5655 | P21: 39.88 | Q21: 21.75 | R21: =SUM(O21:Q21) -> 176.1955 | T21: 6.07 | U21: 1982.08 | V21: 9706 | W21: =R21+T21+N21+U21 -> 2178.09 | Y21: =W21+X21 -> 2178.09 | Z21: 0 | AA21: 61 | AB21: 45 | AC21: =AC20+1 -> 12 | AD21: 572 | AE21: 1182 | AF21: 1683.42
A22: =A21+1 -> 13 | B22: 6914.21 | C22: 339100 | D22: =C22-C21 -> -1243 | E22: =C22-152000 -> 187100 | F22: =D22/$D$2 -> -626.82804 | G22: 1023.1 | H22: 119.01 | I22: =G22+H22 -> 1142.11 | J22: =IF(L22>0,L22) -> 453.39196 | K22: =I22+J22 -> 1595.502 | L22: =F22-(I22-W22) -> 453.39196 | M22: 147.97 | N22: =(9.92+10.54)*1.05 -> 21.483 | O22: =M22-N22 -> 126.487 | P22: 39.77 | Q22: 27.25 | R22: =SUM(O22:Q22) -> 193.507 | T22: 4.65 | U22: 2002.69 | V22: 9706 | W22: =R22+T22+N22+U22 -> 2222.33 | Y22: =W22+X22 -> 2222.33 | Z22: 0 | AA22: 68 | AB22: 40 | AC22: =AC21+1 -> 13 | AD22: 716 | AE22: 1339 | AF22: 1725.1
A23: =A22+1 -> 14 | B23: 6913.93 | C23: 337943 | D23: =C23-C22 -> -1157 | E23: =C23-152000 -> 185943 | F23: =D23/$D$2 -> -583.4594 | G23: 1016.22 | H23: 110.59 | I23: =G23+H23 -> 1126.81 | J23: =IF(L23>0,L23) -> 514.4006 | K23: =I23+J23 -> 1641.2106 | L23: =F23-(I23-W23) -> 514.4006 | M23: 155.86 | N23: =(12.11+11.79)*1.05 -> 25.095 | O23: =M23-N23 -> 130.765 | P23: 39.57 | Q23: 30.84 | R23: =SUM(O23:Q23) -> 201.175 | T23: 0 | U23: 1998.4 | V23: 9706 | W23: =R23+T23+N23+U23 -> 2224.67 | Y23: =W23+X23 -> 2224.67 | Z23: 0 | AA23: 72 | AB23: 40 | AC23: =AC22+1 -> 14 | AD23: 901 | AE23: 1500 | AF23: 1766.22
A24: =A23+1 -> 15 | B24: 6914.01 | C24: 338272 | D24: =C24-C23 -> 329 | E24: =C24-152000 -> 186272 | F24: =D24/$D$2 -> 165.91024 | G24: 1475.17 | H24: 268.66 | I24: =G24+H24 -> 1743.83 | J24: =IF(L24>0,L24) -> 738.88024 | K24: =I24+J24 -> 2482.7102 | L24: =F24-(I24-W24) -> 738.88024 | M24: 179.2 | N24: =(13.15+11.75)*1.05 -> 26.145 | O24: =M24-N24 -> 153.055 | P24: 39.68 | Q24: 40.42 | R24: =SUM(O24:Q24) -> 233.155 | T24: 8.97 | U24: 2048.53 | V24: 9706 | W24: =R24+T24+N24+U24 -> 2316.8 | Y24: =W24+X24 -> 2316.8 | Z24: 0 | AA24: 75 | AB24: 40 | AC24: =AC23+1 -> 15 | AD24: 1075 | AE24: 1662 | AF24: 1807.54
A25: =A24+1 -> 16 | B25: 6914.18 | C25: 338976 | D25: =C25-C24 -> 704 | E25: =C25-152000 -> 186976 | F25: =D25/$D$2 -> 355.01765 | G25: 2007.63 | H25: 364.54 | I25: =G25+H25 -> 2372.17 | J25: =IF(L25>0,L25) -> 633.08765 | K25: =I25+J25 -> 3005.2577 | L25: =F25-(I25-W25) -> 633.08765 | M25: 236.76 | N25: =(13.01+12.34)*1.05 -> 26.6175 | O25: =M25-N25 -> 210.1425 | P25: 48.8 | Q25: 52.79 | R25: =SUM(O25:Q25) -> 311.7325 | T25: 17.1 | U25: 2294.79 | V25: 9706 | W25: =R25+T25+N25+U25 -> 2650.24 | Y25: =W25+X25 -> 2650.24 | Z25: 0.38 | AA25: 69 | AB25: 44 | AC25: =AC24+1 -> 16 | AD25: 1313 | AE25: 1828 | AF25: 1858.73
A26: =A25+1 -> 17 | B26: 6914.14 | C26: 338810 | D26: =C26-C25 -> -166 | E26: =C26-152000 -> 186810 | F26: =D26/$D$2 -> -83.711548 | G26: 1953.22 | H26: 313.17 | I26: =G26+H26 -> 2266.39 | J26: =IF(L26>0,L26) -> 417.14845 | K26: =I26+J26 -> 2683.5385 | L26: =F26-(I26-W26) -> 417.14845 | M26: 245.29 | N26: =(21.64+21.58)*1.05 -> 45.381 | O26: =M26-N26 -> 199.909 | P26: 61.9 | Q26: 62.12 | R26: =SUM(O26:Q26) -> 323.929 | T26: 14.82 | U26: 2383.12 | V26: 9706 | W26: =R26+T26+N26+U26 -> 2767.25 | Y26: =W26+X26 -> 2767.25 | Z26: 0.03 | AA26: 50 | AB26: 35 | AC26: =AC25+1 -> 17 | AD26: 1559 | AE26: 1968 | AF26: 1921.09
A27: =A26+1 -> 18 | B27: 6913.95 | C27: 338025 | D27: =C27-C26 -> -785 | E27: =C27-152000 -> 186025 | F27: =D27/$D$2 -> -395.86485 | G27: 1617.36 | H27: 195.96 | I27: =G27+H27 -> 1813.32 | J27: =IF(L27>0,L27) -> 535.71515 | K27: =I27+J27 -> 2349.0351 | L27: =F27-(I27-W27) -> 535.71515 | M27: 201.19 | N27: =(16.3+16.62)*1.05 -> 34.566 | O27: =M27-N27 -> 166.624 | P27: 61.64 | Q27: 63.21 | R27: =SUM(O27:Q27) -> 291.474 | T27: 29.52 | U27: 2389.34 | V27: 9706 | W27: =R27+T27+N27+U27 -> 2744.9 | Y27: =W27+X27 -> 2744.9 | Z27: 0 | AA27: 60 | AB27: 37 | AC27: =AC26+1 -> 18 | AD27: 1867 | AE27: 2133 | AF27: 1990.83
A28: =A27+1 -> 19 | B28: 6913.76 | C28: 337244 | D28: =C28-C27 -> -781 | E28: =C28-152000 -> 185244 | F28: =D28/$D$2 -> -393.84771 | G28: 1747.72 | H28: 227.62 | I28: =G28+H28 -> 1975.34 | J28: =IF(L28>0,L28) -> 470.19229 | K28: =I28+J28 -> 2445.5323 | L28: =F28-(I28-W28) -> 470.19229 | M28: 219.85 | N28: =(15.7+15.82)*1.05 -> 33.096 | O28: =M28-N28 -> 186.754 | P28: 91.45 | Q28: 65.11 | R28: =SUM(O28:Q28) -> 343.314 | T28: 17.61 | U28: 2445.36 | V28: 9706 | W28: =R28+T28+N28+U28 -> 2839.38 | Y28: =W28+X28 -> 2839.38 | Z28: 0 | AA28: 66 | AB28: 37 | AC28: =AC27+1 -> 19 | AD28: 2157 | AE28: 2304 | AF28: 2064.09
A29: =A28+1 -> 20 | B29: 6913.56 | C29: 336422 | D29: =C29-C28 -> -822 | E29: =C29-152000 -> 184422 | F29: =D29/$D$2 -> -414.52345 | G29: 1938.59 | H29: 267.07 | I29: =G29+H29 -> 2205.66 | J29: =IF(L29>0,L29) -> 443.07655 | K29: =I29+J29 -> 2648.7366 | L29: =F29-(I29-W29) -> 443.07655 | M29: 209.63 | N29: =+(15.48+15.23)*1.05 -> 32.2455 | O29: =M29-N29 -> 177.3845 | P29: 101.55 | Q29: 68.79 | R29: =SUM(O29:Q29) -> 347.7245 | T29: 25.45 | U29: 2657.84 | V29: 9706 | W29: =R29+T29+N29+U29 -> 3063.26 | Y29: =W29+X29 -> 3063.26 | Z29: 0 | AA29: 71 | AB29: 38 | AC29: =AC28+1 -> 20 | AD29: 2443 | AE29: 2474 | AF29: 2135.47
A30: =A29+1 -> 21 | B30: 6913.58 | C30: 336505 | D30: =C30-C29 -> 83 | E30: =C30-152000 -> 184505 | F30: =D30/$D$2 -> 41.855774 | G30: 2286.77 | H30: 297.41 | I30: =G30+H30 -> 2584.18 | J30: =IF(L30>0,L30) -> 599.32577 | K30: =I30+J30 -> 3183.5058 | L30: =F30-(I30-W30) -> 599.32577 | M30: 197.69 | N30: =(13.79+13.66)*1.05 -> 28.8225 | O30: =M30-N30 -> 168.8675 | P30: 102.51 | Q30: 70.3 | R30: =SUM(O30:Q30) -> 341.6775 | T30: 28.02 | U30: 2743.13 | V30: 9706 | W30: =R30+T30+N30+U30 -> 3141.65 | Y30: =W30+X30 -> 3141.65 | Z30: 0 | AA30: 75 | AB30: 40 | AC30: =AC29+1 -> 21 | AD30: 2760 | AE30: 2645 | AF30: 2202.37
A31: =A30+1 -> 22 | B31: 6913.7 | C31: 336998 | D31: =C31-C30 -> 493 | E31: =C31-152000 -> 184998 | F31: =D31/$D$2 -> 248.61321 | G31: 2668.81 | H31: 320.81 | I31: =G31+H31 -> 2989.62 | J31: =IF(L31>0,L31) -> 480.32321 | K31: =I31+J31 -> 3469.9432 | L31: =F31-(I31-W31) -> 480.32321 | M31: 204.07 | N31: =(11.06+11.49)*1.05 -> 23.6775 | O31: =M31-N31 -> 180.3925 | P31: 123.95 | Q31: 73.03 | R31: =SUM(O31:Q31) -> 377.3725 | T31: 47.55 | U31: 2772.73 | V31: 9706 | W31: =R31+T31+N31+U31 -> 3221.33 | Y31: =W31+X31 -> 3221.33 | Z31: 0 | AA31: 73 | AB31: 41 | AC31: =AC30+1 -> 22 | AD31: 3077 | AE31: 2820 | AF31: 2257.56
A32: =A31+1 -> 23 | B32: 6913.68 | C32: 336916 | D32: =C32-C31 -> -82 | E32: =C32-152000 -> 184916 | F32: =D32/$D$2 -> -41.351488 | G32: 2651.39 | H32: 274.22 | I32: =G32+H32 -> 2925.61 | J32: =IF(L32>0,L32) -> 430.23851 | K32: =I32+J32 -> 3355.8485 | L32: =F32-(I32-W32) -> 430.23851 | M32: 214.52 | N32: =((9.24+10.43)*1.05) -> 20.6535 | O32: =M32-N32 -> 193.8665 | P32: 133.73 | Q32: 76.13 | R32: =SUM(O32:Q32) -> 403.7265 | T32: 60.26 | U32: 2912.56 | V32: 9706 | W32: =R32+T32+N32+U32 -> 3397.2 | Y32: =W32+X32 -> 3397.2 | Z32: 0 | AA32: 64 | AB32: 37 | AC32: =AC31+1 -> 23 | AD32: 3431 | AE32: 2986 | AF32: 2305.82
A33: =A32+1 -> 24 | B33: 6913.45 | C33: 335970 | D33: =C33-C32 -> -946 | E33: =C33-152000 -> 183970 | F33: =D33/$D$2 -> -477.05497 | G33: 2148.55 | H33: 162.59 | I33: =G33+H33 -> 2311.14 | J33: =IF(L33>0,L33) -> 523.60503 | K33: =I33+J33 -> 2834.745 | L33: =F33-(I33-W33) -> 523.60503 | M33: 225.91 | N33: =((9.15+10.17)*1.05) -> 20.286 | O33: =M33-N33 -> 205.624 | P33: 133.44 | Q33: 78.16 | R33: =SUM(O33:Q33) -> 417.224 | T33: 78.46 | U33: 2795.83 | V33: 9706 | W33: =R33+T33+N33+U33 -> 3311.8 | Y33: =W33+X33 -> 3311.8 | Z33: 0.01 | AA33: 63 | AB33: 41 | AC33: =AC32+1 -> 24 | AD33: 3778 | AE33: 3159 | AF33: 2351.3
A34: =A33+1 -> 25 | B34: 6913 | C34: 334121 | D34: =C34-C33 -> -1849 | E34: =C34-152000 -> 182121 | F34: =D34/$D$2 -> -932.42562 | G34: 1907.74 | H34: 141.35 | I34: =G34+H34 -> 2049.09 | J34: =IF(L34>0,L34) -> 336.60438 | K34: =I34+J34 -> 2385.6944 | L34: =F34-(I34-W34) -> 336.60438 | M34: 223.59 | N34: =((9.51+8.78)*1.05) -> 19.2045 | O34: =M34-N34 -> 204.3855 | P34: 133.3 | Q34: 79.76 | R34: =SUM(O34:Q34) -> 417.4455 | T34: 87.47 | U34: 2794 | V34: 9706 | W34: =R34+T34+N34+U34 -> 3318.12 | Y34: =W34+X34 -> 3318.12 | Z34: 0.03 | AA34: 61 | AB34: 39 | AC34: =AC33+1 -> 25 | AD34: 4048 | AE34: 3332 | AF34: 2362.83
A35: =A34+1 -> 26 | B35: 6912.36 | C35: 331512 | D35: =C35-C34 -> -2609 | E35: =C35-152000 -> 179512 | F35: =D35/$D$2 -> -1315.6833 | G35: 1602.01 | H35: 103.62 | I35: =G35+H35 -> 1705.63 | J35: =IF(L35>0,L35) -> 326.25669 | K35: =I35+J35 -> 2031.8867 | L35: =F35-(I35-W35) -> 326.25669 | M35: 217.53 | N35: =(6.85+6.86)*1.05 -> 14.3955 | O35: =M35-N35 -> 203.1345 | P35: 172.81 | Q35: 81.82 | R35: =SUM(O35:Q35) -> 457.7645 | T35: 85.1 | U35: 2790.31 | V35: 9706 | W35: =R35+T35+N35+U35 -> 3347.57 | Y35: =W35+X35 -> 3347.57 | Z35: 0.05 | AA35: 61 | AB35: 37 | AC35: =AC34+1 -> 26 | AD35: 4274 | AE35: 3506 | AF35: 2362.83
A36: =A35+1 -> 27 | B36: 6911.68 | C36: 328750 | D36: =C36-C35 -> -2762 | E36: =C36-152000 -> 176750 | F36: =D36/$D$2 -> -1392.8391 | G36: 1524.34 | H36: 91.41 | I36: =G36+H36 -> 1615.75 | J36: =IF(L36>0,L36) -> 350.25087 | K36: =I36+J36 -> 1966.0009 | L36: =F36-(I36-W36) -> 350.25087 | M36: 204.45 | N36: =(0.88+0.66)*1.05 -> 1.617 | O36: =M36-N36 -> 202.833 | P36: 185.68 | Q36: 82.39 | R36: =SUM(O36:Q36) -> 470.903 | T36: 96.58 | U36: 2789.74 | V36: 9706 | W36: =R36+T36+N36+U36 -> 3358.84 | Y36: =W36+X36 -> 3358.84 | Z36: 0 | AA36: 61 | AB36: 33 | AC36: =AC35+1 -> 27 | AD36: 4501 | AE36: 3671 | AF36: 2362.83
A37: =A36+1 -> 28 | B37: 6911.03 | C37: 326525 | D37: =C37-C36 -> -2225 | E37: =C37-152000 -> 174525 | F37: =D37/$D$2 -> -1122.0373 | G37: 1486.73 | H37: 101.3 | I37: =G37+H37 -> 1588.03 | J37: =IF(L37>0,L37) -> 654.11268 | K37: =I37+J37 -> 2242.1427 | L37: =F37-(I37-W37) -> 654.11268 | M37: 201.71 | N37: =((AF37-AF36)*1.05)/$D$2 -> 0 | O37: =M37-N37 -> 201.71 | P37: 184.92 | Q37: 81.68 | R37: =SUM(O37:Q37) -> 468.31 | T37: 106.14 | U37: 2789.73 | V37: 9706 | W37: =R37+T37+N37+U37 -> 3364.18 | Y37: =W37+X37 -> 3364.18 | Z37: 0 | AA37: 61 | AB37: 34 | AC37: =AC36+1 -> 28 | AD37: 4723 | AE37: 3836 | AF37: 2362.83
A38: =A37+1 -> 29 | B38: 6910.37 | C38: 323471 | D38: =C38-C37 -> -3054 | E38: =C38-152000 -> 171471 | F38: =D38/$D$2 -> -1540.0908 | G38: 1379.89 | H38: 77.39 | I38: =G38+H38 -> 1457.28 | J38: =IF(L38>0,L38) -> 319.84923 | K38: =I38+J38 -> 1777.1292 | L38: =F38-(I38-W38) -> 319.84923 | M38: 190.19 | N38: =((AF38-AF37)*1.05)/$D$2 -> 0 | O38: =M38-N38 -> 190.19 | P38: 184.74 | Q38: 81.08 | R38: =SUM(O38:Q38) -> 456.01 | T38: 72.03 | U38: 2789.18 | V38: 9706 | W38: =R38+T38+N38+U38 -> 3317.22 | Y38: =W38+X38 -> 3317.22 | Z38: 0.9 | AA38: 61 | AB38: 34 | AC38: =AC37+1 -> 29 | AD38: 4963 | AE38: 4000 | AF38: 2362.83
A39: 30 | B39: 6909.73 | C39: 320912 | D39: =C39-C38 -> -2559 | E39: =C39-152000 -> 168912 | F39: =D39/$D$2 -> -1290.469 | G39: 1306.62 | H39: 56.46 | I39: =G39+H39 -> 1363.08 | J39: =IF(L39>0,L39) -> 511.29101 | K39: =I39+J39 -> 1874.371 | L39: =F39-(I39-W39) -> 511.29101 | M39: 181.18 | N39: =(1.56+1.47)*1.05 -> 3.1815 | O39: =M39-N39 -> 177.9985 | P39: 154.27 | Q39: 81.41 | R39: =SUM(O39:Q39) -> 413.6785 | T39: 47.11 | U39: 2700.87 | V39: 9706 | W39: =R39+T39+N39+U39 -> 3164.84 | Y39: =W39+X39 -> 3164.84 | Z39: 0.19 | AA39: 61 | AB39: 35 | AC39: 30 | AD39: 5210 | AE39: 4166 | AF39: 2362.83
A40: 31 | B40: 6909.3 | C40: 319200 | D40: =C40-C39 -> -1712 | E40: =C40-152000 -> 167200 | F40: =D40/$D$2 -> -863.33838 | G40: 1376.57 | H40: 55.74 | I40: =G40+H40 -> 1432.31 | J40: =IF(L40>0,L40) -> 468.62162 | K40: =I40+J40 -> 1900.9316 | L40: =F40-(I40-W40) -> 468.62162 | M40: 195.68 | N40: =(3.17+2.72)*1.05 -> 6.1845 | O40: =M40-N40 -> 189.4955 | P40: 133.86 | Q40: 81.73 | R40: =SUM(O40:Q40) -> 405.0855 | T40: 54.22 | U40: 2298.78 | V40: 9706 | W40: =R40+T40+N40+U40 -> 2764.27 | Y40: =W40+X40 -> 2764.27 | Z40: 0 | AA40: 78 | AB40: 37 | AC40: 31 | AD40: 5455 | AE40: 4334 | AF40: 2403.37
AA41: 73
A42: MONTH / CFS | F42: =SUM(F10:F40) -> -10348.966 | G42: =SUM(G10:G40) -> 45699.73 | H42: =SUM(H10:H40) -> 6034.82 | I42: =SUM(I10:I40) -> 51734.55 | J42: =SUM(J10:J40) -> 14606.484 | K42: =SUM(K10:K40) -> 66341.034 | L42: =SUM(L10:L40) -> 14606.484 | M42: =SUM(M10:M40) -> 5230.31 | ... R42: =SUM(R10:R40) -> 8520.0327 | T42: =SUM(T10:T40) -> 968.87 | U42: =SUM(U10:U40) -> 66646.57 | V42: =V40 -> 9706 | W42: =SUM(W10:W40) -> 76690 | X42: =SUM(X10:X40) -> 0 | Y42: =SUM(Y10:Y40) -> 76690 | Z42: =SUM(Z10:Z40) -> 2.47 | AA42: =AVERAGE(AA10:AA40) -> 63.096774 | AB42: =AVERAGE(AB10:AB40) -> 37.516129
A43: MONTH / AF | D43: =SUM(D10:D40) -> -20522 | F43: =F42*$D$2 -> -20522 | G43: =G42*$D$2 -> 90622.565 | H43: =H42*$D$2 -> 11967.048 | I43: =I42*$D$2 -> 102589.61 | J43: =J42*$D$2 -> 28964.657 | K43: =K42*$D$2 -> 131554.27 | L43: =L42*$D$2 -> 28964.657 | M43: =M42*$D$2 -> 10371.705 | ... R43: =R42*$D$2 -> 16895.225 | T43: =T42*$D$2 -> 1921.2692 | U43: =U42*$D$2 -> 132160.15 | V43: =V42*$D$2 -> 19246.998 | W43: =W42*$D$2 -> 152076.27 | X43: =X42*$D$2 -> 0 | Y43: =Y42*$D$2 -> 152076.27 | AA43: =MAX(AA10:AA40) -> 78 | AB43: =MAX(AB10:AB40) -> 45 | AC43: HI
A45: SEASON / CFS | F45: =F7+F42 -> 4922.8442 | G45: =G7+G42 -> 60745.79 | H45: =H7+H42 -> 9695.34 | I45: =I7+I42 -> 70441.13 | J45: =J7+J42 -> 27839.52 | K45: =K7+K42 -> 98280.65 | L45: =L7+L42 -> 27839.52 | M45: =M7+M42 -> 6717.95 | ... Y45: =Y7+Y42 -> 93357.806 | AA45: =MIN(AA10:AA40) -> 48 | AB45: =MIN(AB10:AB40) -> 31 | AC45: LO
A46: SEASON / AF | F46: =F45*$D$2 -> 9762 | G46: =G45*$D$2 -> 120458.9 | H46: =H45*$D$2 -> 19225.859 | I46: =I45*$D$2 -> 139684.76 | J46: =J45*$D$2 -> 55205.768 | K46: =K45*$D$2 -> 194890.53 | L46: =L45*$D$2 -> 55205.768 | M46: =M45*$D$2 -> 13321.695 | ... Y46: =Y45*$D$2 -> 185128.53
A48: YTD / CFS | F48: =F8+F42 -> 26544.125 | G48: =G8+G42 -> 76534.733 | H48: =H8+H42 -> 12080.15 | I48: =I8+I42 -> 88614.783 | J48: =J8+J42 -> 40183.602 | K48: =K8+K42 -> 128798.38 | L48: =L8+L42 -> 39946.538 | M48: =M8+M42 -> 7620.4 | ... R48: =R8+R42 -> 12660.355 | T48: =T8+T42 -> 1157.5002 | U48: =U8+U42 -> 86828.31 | V48: =V40 -> 9706 | W48: =W8+W42 -> 102017.2 | X48: =X8+X42 -> 237.06337 | Y48: =Y8+Y42 -> 102254.26 | Z48: =Z8+Z42 -> 14.88
A49: YTD / AF | D49: =D8+D43 -> 52637 | E49: =E40 -> 167200 | F49: =F48*$D$2 -> 52637 | G49: =G48*$D$2 -> 151768.37 | H49: =H48*$D$2 -> 23954.937 | I49: =I48*$D$2 -> 175723.11 | J49: =J48*$D$2 -> 79684.082 | K49: =K48*$D$2 -> 255407.2 | L49: =L48*$D$2 -> 79213.986 | M49: =M48*$D$2 -> 15111.253 | ... U49: =U48*$D$2 -> 172180.54 | V49: =V40*$D$2 -> 19246.998 | W49: =W48*$D$2 -> 202300.1 | X49: =X48*$D$2 -> 470.09666 | Y49: =Y48*$D$2 -> 202770.2
A51: ="JUN /8" -> JUN /8
B52: 6913.2 | C52: 335025 | E52: =C52-152000 -> 183025
A53: ="5/11/95 thru 6/8/95" -> 5/11/95 thru 6/8/95
B54: =B52-B20 -> -1.59 | D54: =C52-C20 -> -6478

Sheet JUN
K1: MC PHEE RESERVOIR IN/OUT FLOW TABULATION
A2: AF/cfs CONVERT FACTOR | D2: 1.983 | K2: JUNE "95"
A4: DATE | B4: RESERV | C4: RESERV | D4: AC FT | E4: ACTIVE | F4: CONV TO | G4: DOLORES | H4: LOST | I4: RECORDED | J4: CALC | K4: TOTAL | L4: CALC | M4: DOLORES TUNNEL | P4: MVI | Q4: U | R4: TOTAL | S4: MVI | T4: DV CR | U4: BELOW | V4: REMAIN | W4: RECORDED | X4: CALC | Y4: TOTAL | Z4: RAIN | AA4: MAX | AB4: MIN | AC4: DATE
A5: "JUN" | B5: ELEV | C5: AC FT | D5: CHANGE | E5: CAP | F5: CFS | G5: RIVER | H5: CANYON | I5: INFLOW | J5: INFLOW | K5: INFLOW | L5: INF/OTF | M5: TOT DIV | N5: UTE F&R | O5: MVI/CTZ/MWC | P5: DIVER | Q5: LATERAL | R5: MVI | S5: CALL | T5: CANAL | U5: MC PHEE | V5: RELEASE | W5: OUTFLOW | X5: OUTFLOW | Y5: OUTFLOW | AA5: TMP | AB5: TMP | AC5: "JUN"
A7: SEASON BAL | F7: {=MAY!$F$45:$Y$45} -> 4922.8442 | G7: 60745.79 | H7: 9695.34 | I7: 70441.13 | J7: 27839.52 | K7: 98280.65 | L7: 27839.52 | M7: 6717.95 | N7: 1238.9645 | O7: 5478.9855 | P7: 2412.01 | Q7: 1432.24 | R7: 9323.2355 | S7: 0 | T7: 1157.5002 | U7: 81645.67 | V7: 9706 | W7: 93357.806 | X7: 0 | Y7: 93357.806
A8: YTD | B8: {=MAY!$B$40:$C$40} -> 6909.3 | C8: 319200 | D8: {=MAY!$D$49:$E$49} -> 52637 | E8: 167200 | F8: {=MAY!$F$48:$Z$48} -> 26544.125 | G8: 76534.733 | H8: 12080.15 | I8: 88614.783 | J8: 40183.602 | K8: 128798.38 | L8: 39946.538 | M8: 7620.4 | N8: 1254.5945 | O8: 6161.3055 | P8: 4986.31 | Q8: 1432.24 | R8: 12660.355 | S8: 0 | T8: 1157.5002 | U8: 86828.31 | V8: 9706 | W8: 102017.2 | X8: 237.06337 | Y8: 102254.26 | Z8: 14.88
A10: 1 | B10: 6909.25 | C10: 319001 | D10: =C10-C8 -> -199 | E10: =C10-152000 -> 167001 | F10: =D10/$D$2 -> -100.353 | G10: 1623.76 | H10: 94.13 | I10: =G10+H10 -> 1717.89 | J10: =IF(L10>0,L10,0) -> 593.967 | K10: =I10+J10 -> 2311.857 | L10: =F10-(I10-W10) -> 593.967 | M10: 219.09 | N10: =(4.53+6.32)*1.05 -> 11.3925 | O10: =M10-N10 -> 207.6975 | P10: 133.63 | Q10: 81.75 | R10: =SUM(O10:Q10) -> 423.0775 | T10: 89.72 | U10: 1888.02 | V10: 9706 | W10: =N10+R10+T10+U10 -> 2412.21 | X10: =IF(L10<0,L10*-1,0) -> 0 | Y10: =W10+X10 -> 2412.21 | Z10: 0 | AA10: 78 | AB10: 46 | AC10: 1
A11: =A10+1 -> 2 | B11: 6909.3 | C11: 319200 | D11: =C11-C10 -> 199 | E11: =C11-152000 -> 167200 | F11: =D11/$D$2 -> 100.353 | G11: 2203.42 | H11: 142.91 | I11: =G11+H11 -> 2346.33 | J11: =IF(L11>0,L11,0) -> 0 | K11: =I11+J11 -> 2346.33 | L11: =F11-(I11-W11) -> -102.727 | M11: 217.87 | N11: =(8.44+10.72)*1.05 -> 20.118 | O11: =M11-N11 -> 197.752 | P11: 133.59 | Q11: 82.32 | R11: =SUM(O11:Q11) -> 413.662 | T11: 86.26 | U11: 1623.21 | V11: 9706 | W11: =N11+R11+T11+U11 -> 2143.25 | X11: =IF(L11<0,L11*-1,0) -> 102.727 | Y11: =W11+X11 -> 2245.977 | Z11: 0 | AA11: 75 | AB11: 36 | AC11: =AC10+1 -> 2
A12: =A11+1 -> 3 | B12: 6909.9 | C12: 321588 | D12: =C12-C11 -> 2388 | E12: =C12-152000 -> 169588 | F12: =D12/$D$2 -> 1204.236 | G12: 2515.16 | H12: 142.78 | I12: =G12+H12 -> 2657.94 | J12: =IF(L12>0,L12,0) -> 686.61601 | K12: =I12+J12 -> 3344.556 | L12: =F12-(I12-W12) -> 686.61601 | M12: 230.46 | N12: =(8.67+8.46)*1.05 -> 17.9865 | O12: =M12-N12 -> 212.4735 | P12: 133.65 | Q12: 82.81 | R12: =SUM(O12:Q12) -> 428.9335 | T12: 87.31 | U12: 1606.09 | V12: 9706 | W12: =N12+R12+T12+U12 -> 2140.32 | X12: =IF(L12<0,L12*-1,0) -> 0 | Y12: =W12+X12 -> 2140.32 | Z12: 0 | AA12: 73 | AB12: 37 | AC12: =AC11+1 -> 3
A13: =A12+1 -> 4 | B13: 6910.55 | C13: 324194 | D13: =C13-C12 -> 2606 | E13: =C13-152000 -> 172194 | F13: =D13/$D$2 -> 1314.1704 | G13: 2692.05 | H13: 207.91 | I13: =G13+H13 -> 2899.96 | J13: =IF(L13>0,L13,0) -> 549.71045 | K13: =I13+J13 -> 3449.6704 | L13: =F13-(I13-W13) -> 549.71045 | M13: 222.54 | N13: =(8.37+8.7)*1.05 -> 17.9235 | O13: =M13-N13 -> 204.6165 | P13: 134.26 | Q13: 83.22 | R13: =SUM(O13:Q13) -> 422.0965 | T13: 86.13 | U13: 1609.35 | V13: 9706 | W13: =N13+R13+T13+U13 -> 2135.5 | X13: =IF(L13<0,L13*-1,0) -> 0 | Y13: =W13+X13 -> 2135.5 | Z13: 0 | AA13: 66 | AB13: 40 | AC13: =AC12+1 -> 4
A14: =A13+1 -> 5 | B14: 6911.47 | C14: 327900 | D14: =C14-C13 -> 3706 | E14: =C14-152000 -> 175900 | F14: =D14/$D$2 -> 1868.8855 | G14: 3144.93 | H14: 221.64 | I14: =G14+H14 -> 3366.57 | J14: =IF(L14>0,L14,0) -> 624.46553 | K14: =I14+J14 -> 3991.0355 | L14: =F14-(I14-W14) -> 624.46553 | M14: 208.86 | N14: =(8.93+9.19)*1.05 -> 19.026 | O14: =M14-N14 -> 189.834 | P14: 135.06 | Q14: 84.02 | R14: =SUM(O14:Q14) -> 408.914 | T14: 81.71 | U14: 1612.5 | V14: 9706 | W14: =N14+R14+T14+U14 -> 2122.15 | X14: =IF(L14<0,L14*-1,0) -> 0 | Y14: =W14+X14 -> 2122.15 | Z14: 0 | AA14: 78 | AB14: 45 | AC14: =AC13+1 -> 5
A15: =A14+1 -> 6 | B15: 6912.5 | C15: 332083 | D15: =C15-C14 -> 4183 | E15: =C15-152000 -> 180083 | F15: =D15/$D$2 -> 2109.4302 | G15: 3546.71 | H15: 229.59 | I15: =G15+H15 -> 3776.3 | J15: =IF(L15>0,L15,0) -> 285.33016 | K15: =I15+J15 -> 4061.6302 | L15: =F15-(I15-W15) -> 285.33016 | M15: 212.7 | N15: =(3.79+3.79)*1.05 -> 7.959 | O15: =M15-N15 -> 204.741 | P15: 136.2 | Q15: 85.09 | R15: =SUM(O15:Q15) -> 426.031 | T15: 90.79 | U15: 1427.42 | V15: 9706 | W15: =N15+R15+T15+U15 -> 1952.2 | X15: =IF(L15<0,L15*-1,0) -> 0 | Y15: =W15+X15 -> 1952.2 | Z15: 0 | AA15: 76 | AB15: 46 | AC15: =AC14+1 -> 6
A16: =A15+1 -> 7 | B16: 6913.2 | C16: 335025 | D16: =C16-C15 -> 2942 | E16: =C16-152000 -> 183025 | F16: =D16/$D$2 -> 1483.6107 | G16: 3400.07 | H16: 190.05 | I16: =G16+H16 -> 3590.12 | J16: =IF(L16>0,L16,0) -> 0 | K16: =I16+J16 -> 3590.12 | L16: =F16-(I16-W16) -> -121.54931 | M16: 219.42 | N16: 0 | O16: =M16-N16 -> 219.42 | P16: 137.11 | Q16: 86.2 | R16: =SUM(O16:Q16) -> 442.73 | T16: 73.11 | U16: 1469.12 | V16: 9706 | W16: =N16+R16+T16+U16 -> 1984.96 | X16: =IF(L16<0,L16*-1,0) -> 121.54931 | Y16: =W16+X16 -> 2106.5093 | Z16: 0 | AA16: 75 | AB16: 45 | AC16: =AC15+1 -> 7
A17: =A16+1 -> 8 | B17: 6913.73 | C17: 337121 | D17: =C17-C16 -> 2096 | E17: =C17-152000 -> 185121 | F17: =D17/$D$2 -> 1056.9844 | G17: 2955.11 | H17: 150.24 | I17: =G17+H17 -> 3105.35 | J17: =IF(L17>0,L17,0) -> 44.484367 | K17: =I17+J17 -> 3149.8344 | L17: =F17-(I17-W17) -> 44.484367 | M17: 228.3 | N17: =(6.12+6.12)*1.05 -> 12.852 | O17: =M17-N17 -> 215.448 | P17: 137.83 | Q17: 87.03 | R17: =SUM(O17:Q17) -> 440.308 | T17: 86.48 | U17: 1553.21 | V17: 9706 | W17: =N17+R17+T17+U17 -> 2092.85 | X17: =IF(L17<0,L17*-1,0) -> 0 | Y17: =W17+X17 -> 2092.85 | Z17: 0 | AA17: 68 | AB17: 33 | AC17: =AC16+1 -> 8
A18: =A17+1 -> 9 | B18: 6914.18 | C18: 339390 | D18: =C18-C17 -> 2269 | E18: =C18-152000 -> 187390 | F18: =D18/$D$2 -> 1144.2259 | G18: 2518.2 | H18: 114.37 | I18: =G18+H18 -> 2632.57 | J18: =IF(L18>0,L18,0) -> 497.55592 | K18: =I18+J18 -> 3130.1259 | L18: =F18-(I18-W18) -> 497.55592 | M18: 228.8 | N18: =(6.21+5.23)*1.05 -> 12.012 | O18: =M18-N18 -> 216.788 | P18: 138.52 | Q18: 87.74 | R18: =SUM(O18:Q18) -> 443.048 | T18: 53.65 | U18: 1477.19 | V18: 9706 | W18: =N18+R18+T18+U18 -> 1985.9 | X18: =IF(L18<0,L18*-1,0) -> 0 | Y18: =W18+X18 -> 1985.9 | Z18: 0 | AA18: 75 | AB18: 32 | AC18: =AC17+1 -> 9
A19: =A18+1 -> 10 | B19: 6914.76 | C19: 341378 | D19: =C19-C18 -> 1988 | E19: =C19-152000 -> 189378 | F19: =D19/$D$2 -> 1002.5214 | G19: 2475.6 | H19: 106.01 | I19: =G19+H19 -> 2581.61 | J19: =IF(L19>0,L19,0) -> 153.05143 | K19: =I19+J19 -> 2734.6614 | L19: =F19-(I19-W19) -> 153.05143 | M19: 227.29 | N19: =(7.94+8.48)*1.05 -> 17.241 | O19: =M19-N19 -> 210.049 | P19: 138.85 | Q19: 89.83 | R19: =SUM(O19:Q19) -> 438.729 | T19: 61.41 | U19: 1214.76 | V19: 9706 | W19: =N19+R19+T19+U19 -> 1732.14 | X19: =IF(L19<0,L19*-1,0) -> 0 | Y19: =W19+X19 -> 1732.14 | Z19: 0 | AA19: 76 | AB19: 38 | AC19: =AC18+1 -> 10
A20: =A19+1 -> 11 | B20: 6915.34 | C20: 343792 | D20: =C20-C19 -> 2414 | E20: =C20-152000 -> 191792 | F20: =D20/$D$2 -> 1217.3475 | G20: 2634.13 | H20: 105.78 | I20: =G20+H20 -> 2739.91 | J20: =IF(L20>0,L20,0) -> 217.05745 | K20: =I20+J20 -> 2956.9675 | L20: =F20-(I20-W20) -> 217.05745 | M20: 243.6 | N20: =(9.11+7.52)*1.05 -> 17.4615 | O20: =M20-N20 -> 226.1385 | P20: 139.21 | Q20: 91.25 | R20: =SUM(O20:Q20) -> 456.5985 | T20: 61.38 | U20: 1204.18 | V20: 9706 | W20: =N20+R20+T20+U20 -> 1739.62 | X20: =IF(L20<0,L20*-1,0) -> 0 | Y20: =W20+X20 -> 1739.62 | Z20: 0 | AA20: 80 | AB20: 43 | AC20: =AC19+1 -> 11
A21: =A20+1 -> 12 | B21: 6916.31 | C21: 347851 | D21: =C21-C20 -> 4059 | E21: =C21-152000 -> 195851 | F21: =D21/$D$2 -> 2046.8986 | G21: 3126.35 | H21: 115.35 | I21: =G21+H21 -> 3241.7 | J21: =IF(L21>0,L21,0) -> 541.04864 | K21: =I21+J21 -> 3782.7486 | L21: =F21-(I21-W21) -> 541.04864 | M21: 231.97 | N21: =(11.56+11.99)*1.05 -> 24.7275 | O21: =M21-N21 -> 207.2425 | P21: 137.93 | Q21: 91.29 | R21: =SUM(O21:Q21) -> 436.4625 | T21: 68.22 | U21: 1206.44 | V21: 9706 | W21: =N21+R21+T21+U21 -> 1735.85 | X21: =IF(L21<0,L21*-1,0) -> 0 | Y21: =W21+X21 -> 1735.85 | Z21: 0 | AA21: 84 | AB21: 56 | AC21: =AC20+1 -> 12
A22: =A21+1 -> 13 | B22: 6917.39 | C22: 352407 | D22: =C22-C21 -> 4556 | E22: =C22-152000 -> 200407 | F22: =D22/$D$2 -> 2297.529 | G22: 3532.67 | H22: 122.92 | I22: =G22+H22 -> 3655.59 | J22: =IF(L22>0,L22,0) -> 371.979 | K22: =I22+J22 -> 4027.569 | L22: =F22-(I22-W22) -> 371.979 | M22: 235.67 | N22: =(12.24+11.57)*1.05 -> 25.0005 | O22: =M22-N22 -> 210.6695 | P22: 136.05 | Q22: 92.49 | R22: =SUM(O22:Q22) -> 439.2095 | T22: 52.76 | U22: 1213.07 | V22: 9706 | W22: =N22+R22+T22+U22 -> 1730.04 | X22: =IF(L22<0,L22*-1,0) -> 0 | Y22: =W22+X22 -> 1730.04 | Z22: 0 | AA22: 86 | AB22: 50 | AC22: =AC21+1 -> 13
A23: =A22+1 -> 14 | B23: 6918.59 | C23: 357515 | D23: =C23-C22 -> 5108 | E23: =C23-152000 -> 205515 | F23: =D23/$D$2 -> 2575.8951 | G23: 3380.36 | H23: 113.5 | I23: =G23+H23 -> 3493.86 | J23: =IF(L23>0,L23,0) -> 827.14511 | K23: =I23+J23 -> 4321.0051 | L23: =F23-(I23-W23) -> 827.14511 | M23: 253.99 | N23: =(17.28+19.21)*1.05 -> 38.3145 | O23: =M23-N23 -> 215.6755 | P23: 137.26 | Q23: 90.95 | R23: =SUM(O23:Q23) -> 443.8855 | T23: 58.1 | U23: 1204.81 | V23: 9706 | W23: =N23+R23+T23+U23 -> 1745.11 | X23: =IF(L23<0,L23*-1,0) -> 0 | Y23: =W23+X23 -> 1745.11 | Z23: 0.03 | AA23: 85 | AB23: 50 | AC23: =AC22+1 -> 14
A24: =A23+1 -> 15 | B24: 6919.94 | C24: 363315 | D24: =C24-C23 -> 5800 | E24: =C24-152000 -> 211315 | F24: =D24/$D$2 -> 2924.8613 | G24: 3595.55 | H24: 106.14 | I24: =G24+H24 -> 3701.69 | J24: =IF(L24>0,L24,0) -> 812.01132 | K24: =I24+J24 -> 4513.7013 | L24: =F24-(I24-W24) -> 812.01132 | M24: 264.98 | N24: =((21.04+21.6)*1.05) -> 44.772 | O24: =M24-N24 -> 220.208 | P24: 133.4 | Q24: 88.77 | R24: =SUM(O24:Q24) -> 442.378 | T24: 56.26 | U24: 1045.43 | V24: 9706 | W24: =N24+R24+T24+U24 -> 1588.84 | X24: =IF(L24<0,L24*-1,0) -> 0 | Y24: =W24+X24 -> 1588.84 | Z24: 0 | AA24: 82 | AB24: 55 | AC24: =AC23+1 -> 15
A25: =A24+1 -> 16 | B25: 6920.84 | C25: 367220 | D25: =C25-C24 -> 3905 | E25: =C25-152000 -> 215220 | F25: =D25/$D$2 -> 1969.2385 | G25: 3648.32 | H25: 96.22 | I25: =G25+H25 -> 3744.54 | J25: =IF(L25>0,L25,0) -> 146.92853 | K25: =I25+J25 -> 3891.4685 | L25: =F25-(I25-W25) -> 146.92853 | M25: 252.21 | N25: =(20.74+20.26)*1.05 -> 43.05 | O25: =M25-N25 -> 209.16 | P25: 133.13 | Q25: 86.38 | R25: =SUM(O25:Q25) -> 428.67 | T25: 52.9 | U25: 1397.61 | V25: 9706 | W25: =N25+R25+T25+U25 -> 1922.23 | X25: =IF(L25<0,L25*-1,0) -> 0 | Y25: =W25+X25 -> 1922.23 | Z25: 0 | AA25: 76 | AB25: 50 | AC25: =AC24+1 -> 16
A26: =A25+1 -> 17 | B26: 6921.43 | C26: 369798 | D26: =C26-C25 -> 2578 | E26: =C26-152000 -> 217798 | F26: =D26/$D$2 -> 1300.0504 | G26: 3435.08 | H26: 163.52 | I26: =G26+H26 -> 3598.6 | J26: =IF(L26>0,L26,0) -> 1.3104286 | K26: =I26+J26 -> 3599.9104 | L26: =F26-(I26-W26) -> 1.3104286 | M26: 233.7 | N26: =(11.7+11.82)*1.05 -> 24.696 | O26: =M26-N26 -> 209.004 | P26: 133.99 | Q26: 83.83 | R26: =SUM(O26:Q26) -> 426.824 | T26: 37.92 | U26: 1810.42 | V26: 9706 | W26: =N26+R26+T26+U26 -> 2299.86 | X26: =IF(L26<0,L26*-1,0) -> 0 | Y26: =W26+X26 -> 2299.86 | Z26: 0.88 | AA26: 71 | AB26: 45 | AC26: =AC25+1 -> 17
A27: =A26+1 -> 18 | B27: 6922.45 | C27: 374280 | D27: =C27-C26 -> 4482 | E27: =C27-152000 -> 222280 | F27: =D27/$D$2 -> 2260.2118 | G27: 3576.7 | H27: 197.06 | I27: =G27+H27 -> 3773.76 | J27: =IF(L27>0,L27,0) -> 1748.5518 | K27: =I27+J27 -> 5522.3118 | L27: =F27-(I27-W27) -> 1748.5518 | M27: 219.95 | N27: =(11.1+11.06)*1.05 -> 23.268 | O27: =M27-N27 -> 196.682 | P27: 135.04 | Q27: 85.04 | R27: =SUM(O27:Q27) -> 416.762 | T27: 37.99 | U27: 2784.08 | V27: 9706 | W27: =N27+R27+T27+U27 -> 3262.1 | X27: =IF(L27<0,L27*-1,0) -> 0 | Y27: =W27+X27 -> 3262.1 | Z27: 0 | AA27: 72 | AB27: 32 | AC27: =AC26+1 -> 18
A28: =A27+1 -> 19 | B28: 6922.43 | C28: 374292 | D28: =C28-C27 -> 12 | E28: =C28-152000 -> 222292 | F28: =D28/$D$2 -> 6.0514372 | G28: 2687.74 | H28: 89.85 | I28: =G28+H28 -> 2777.59 | J28: =IF(L28>0,L28,0) -> 866.27144 | K28: =I28+J28 -> 3643.8614 | L28: =F28-(I28-W28) -> 866.27144 | M28: 215.61 | N28: =(9.48+8.2)*1.05 -> 18.564 | O28: =M28-N28 -> 197.046 | P28: 135.05 | Q28: 82.73 | R28: =SUM(O28:Q28) -> 414.826 | T28: 42.41 | U28: 3162.01 | V28: 9706 | W28: =N28+R28+T28+U28 -> 3637.81 | X28: =IF(L28<0,L28*-1,0) -> 0 | Y28: =W28+X28 -> 3637.81 | Z28: 0 | AA28: 80 | AB28: 43 | AC28: =AC27+1 -> 19
A29: =A28+1 -> 20 | B29: 6922.37 | C29: 373927 | D29: =C29-C28 -> -365 | E29: =C29-152000 -> 221927 | F29: =D29/$D$2 -> -184.06455 | G29: 2649.42 | H29: 45.83 | I29: =G29+H29 -> 2695.25 | J29: =IF(L29>0,L29,0) -> 781.56545 | K29: =I29+J29 -> 3476.8155 | L29: =F29-(I29-W29) -> 781.56545 | M29: 228.1 | N29: =(9.2+9.44)*1.05 -> 19.572 | O29: =M29-N29 -> 208.528 | P29: 134.73 | Q29: 81.18 | R29: =SUM(O29:Q29) -> 424.438 | T29: 56.85 | U29: 3160.02 | V29: 9706 | W29: =N29+R29+T29+U29 -> 3660.88 | X29: =IF(L29<0,L29*-1,0) -> 0 | Y29: =W29+X29 -> 3660.88 | Z29: 0 | AA29: 82 | AB29: 45 | AC29: =AC28+1 -> 20
A30: =A29+1 -> 21 | B30: 6922.23 | C30: 373309 | D30: =C30-C29 -> -618 | E30: =C30-152000 -> 221309 | F30: =D30/$D$2 -> -311.64902 | G30: 2495.27 | H30: 7.73 | I30: =G30+H30 -> 2503 | J30: =IF(L30>0,L30,0) -> 853.95098 | K30: =I30+J30 -> 3356.951 | L30: =F30-(I30-W30) -> 853.95098 | M30: 231.76 | N30: =(12.09+12.35)*1.05 -> 25.662 | O30: =M30-N30 -> 206.098 | P30: 134.57 | Q30: 81.09 | R30: =SUM(O30:Q30) -> 421.758 | T30: 66.55 | U30: 3154.63 | V30: 9706 | W30: =N30+R30+T30+U30 -> 3668.6 | X30: =IF(L30<0,L30*-1,0) -> 0 | Y30: =W30+X30 -> 3668.6 | Z30: 0 | AA30: 82 | AB30: 45 | AC30: =AC29+1 -> 21
A31: =A30+1 -> 22 | B31: 6922.18 | C31: 373088 | D31: =C31-C30 -> -221 | E31: =C31-152000 -> 221088 | F31: =D31/$D$2 -> -111.4473 | G31: 2300.54 | H31: 5.12 | I31: =G31+H31 -> 2305.66 | J31: =IF(L31>0,L31,0) -> 1197.9127 | K31: =I31+J31 -> 3503.5727 | L31: =F31-(I31-W31) -> 1197.9127 | M31: 240.07 | N31: =(17.5+17.35)*1.05 -> 36.5925 | O31: =M31-N31 -> 203.4775 | P31: 134.28 | Q31: 81.02 | R31: =SUM(O31:Q31) -> 418.7775 | T31: 70.29 | U31: 3089.36 | V31: 9706 | W31: =N31+R31+T31+U31 -> 3615.02 | X31: =IF(L31<0,L31*-1,0) -> 0 | Y31: =W31+X31 -> 3615.02 | Z31: 0 | AA31: 78 | AB31: 42 | AC31: =AC30+1 -> 22
A32: =A31+1 -> 23 | B32: 6922.2 | C32: 373177 | D32: =C32-C31 -> 89 | E32: =C32-152000 -> 221177 | F32: =D32/$D$2 -> 44.881493 | G32: 2229.09 | H32: 3.93 | I32: =G32+H32 -> 2233.02 | J32: =IF(L32>0,L32,0) -> 925.99149 | K32: =I32+J32 -> 3159.0115 | L32: =F32-(I32-W32) -> 925.99149 | M32: 271.38 | N32: =(19.87+19.87)*1.05 -> 41.727 | O32: =M32-N32 -> 229.653 | P32: 134.13 | Q32: 80.88 | R32: =SUM(O32:Q32) -> 444.663 | T32: 74.96 | U32: 2552.78 | V32: 9706 | W32: =N32+R32+T32+U32 -> 3114.13 | X32: =IF(L32<0,L32*-1,0) -> 0 | Y32: =W32+X32 -> 3114.13 | Z32: 0 | AA32: 78 | AB32: 43 | AC32: =AC31+1 -> 23
A33: =A32+1 -> 24 | B33: 6922.5 | C33: 374501 | D33: =C33-C32 -> 1324 | E33: =C33-152000 -> 222501 | F33: =D33/$D$2 -> 667.67524 | G33: 2101.03 | H33: 3.26 | I33: =G33+H33 -> 2104.29 | J33: =IF(L33>0,L33,0) -> 881.44524 | K33: =I33+J33 -> 2985.7352 | L33: =F33-(I33-W33) -> 881.44524 | M33: 248.74 | N33: =(17.37+17.37)*1.05 -> 36.477 | O33: =M33-N33 -> 212.263 | P33: 134.21 | Q33: 80.96 | R33: =SUM(O33:Q33) -> 427.433 | T33: 90.21 | U33: 1763.94 | V33: 9706 | W33: =N33+R33+T33+U33 -> 2318.06 | X33: =IF(L33<0,L33*-1,0) -> 0 | Y33: =W33+X33 -> 2318.06 | Z33: 0 | AA33: 80 | AB33: 45 | AC33: =AC32+1 -> 24
A34: =A33+1 -> 25 | B34: 6922.92 | C34: 376355 | D34: =C34-C33 -> 1854 | E34: =C34-152000 -> 224355 | F34: =D34/$D$2 -> 934.94705 | G34: 2070.36 | H34: 2.62 | I34: =G34+H34 -> 2072.98 | J34: =IF(L34>0,L34,0) -> 898.25705 | K34: =I34+J34 -> 2971.237 | L34: =F34-(I34-W34) -> 898.25705 | M34: 250.51 | N34: =(18.41+18.41)*1.05 -> 38.661 | O34: =M34-N34 -> 211.849 | P34: 134.57 | Q34: 81.23 | R34: =SUM(O34:Q34) -> 427.649 | T34: 91.92 | U34: 1478.06 | V34: 9706 | W34: =N34+R34+T34+U34 -> 2036.29 | X34: =IF(L34<0,L34*-1,0) -> 0 | Y34: =W34+X34 -> 2036.29 | Z34: 0 | AA34: 82 | AB34: 46 | AC34: =AC33+1 -> 25
A35: =A34+1 -> 26 | B35: 6923.35 | C35: 378267 | D35: =C35-C34 -> 1912 | E35: =C35-152000 -> 226267 | F35: =D35/$D$2 -> 964.19566 | G35: 2056.58 | H35: 2.19 | I35: =G35+H35 -> 2058.77 | J35: =IF(L35>0,L35,0) -> 701.39566 | K35: =I35+J35 -> 2760.1657 | L35: =F35-(I35-W35) -> 701.39566 | M35: 268.13 | N35: =(15.77+15.03)*1.05 -> 32.34 | O35: =M35-N35 -> 235.79 | P35: 135.05 | Q35: 81.52 | R35: =SUM(O35:Q35) -> 452.36 | T35: 104.61 | U35: 1206.66 | V35: 9706 | W35: =N35+R35+T35+U35 -> 1795.97 | X35: =IF(L35<0,L35*-1,0) -> 0 | Y35: =W35+X35 -> 1795.97 | Z35: 0 | AA35: 85 | AB35: 50 | AC35: =AC34+1 -> 26
A36: =A35+1 -> 27 | B36: 6923.58 | C36: 379290 | D36: =C36-C35 -> 1023 | E36: =C36-152000 -> 227290 | F36: =D36/$D$2 -> 515.88502 | G36: 1978.34 | H36: 2.1 | I36: =G36+H36 -> 1980.44 | J36: =IF(L36>0,L36,0) -> 503.98502 | K36: =I36+J36 -> 2484.425 | L36: =F36-(I36-W36) -> 503.98502 | M36: 266.79 | N36: =(15.63+16.8)*1.05 -> 34.0515 | O36: =M36-N36 -> 232.7385 | P36: 135.14 | Q36: 81.84 | R36: =SUM(O36:Q36) -> 449.7185 | T36: 109.93 | U36: 1374.84 | V36: 9706 | W36: =N36+R36+T36+U36 -> 1968.54 | X36: =IF(L36<0,L36*-1,0) -> 0 | Y36: =W36+X36 -> 1968.54 | Z36: 0.02 | AA36: 88 | AB36: 50 | AC36: =AC35+1 -> 27
A37: =A36+1 -> 28 | B37: 6923.73 | C37: 379958 | D37: =C37-C36 -> 668 | E37: =C37-152000 -> 227958 | F37: =D37/$D$2 -> 336.86334 | G37: 1654.17 | H37: 1.85 | I37: =G37+H37 -> 1656.02 | J37: =IF(L37>0,L37,0) -> 648.57334 | K37: =I37+J37 -> 2304.5933 | L37: =F37-(I37-W37) -> 648.57334 | M37: 264.69 | N37: =(14.92+15.21)*1.05 -> 31.6365 | O37: =M37-N37 -> 233.0535 | P37: 135.4 | Q37: 81.7 | R37: =SUM(O37:Q37) -> 450.1535 | T37: 121.58 | U37: 1364.36 | V37: 9706 | W37: =N37+R37+T37+U37 -> 1967.73 | X37: =IF(L37<0,L37*-1,0) -> 0 | Y37: =W37+X37 -> 1967.73 | Z37: 0 | AA37: 81 | AB37: 51 | AC37: =AC36+1 -> 28
A38: =A37+1 -> 29 | B38: 6924.03 | C38: 381294 | D38: =C38-C37 -> 1336 | E38: =C38-152000 -> 229294 | F38: =D38/$D$2 -> 673.72668 | G38: 1901.14 | H38: 1.59 | I38: =G38+H38 -> 1902.73 | J38: =IF(L38>0,L38,0) -> 584.39668 | K38: =I38+J38 -> 2487.1267 | L38: =F38-(I38-W38) -> 584.39668 | M38: 269.93 | N38: =(13.96+14.64)*1.05 -> 30.03 | O38: =M38-N38 -> 239.9 | P38: 135.43 | Q38: 81.74 | R38: =SUM(O38:Q38) -> 457.07 | T38: 135.62 | U38: 1190.68 | V38: 9706 | W38: =N38+R38+T38+U38 -> 1813.4 | X38: =IF(L38<0,L38*-1,0) -> 0 | Y38: =W38+X38 -> 1813.4 | Z38: 0 | AA38: 81 | AB38: 52 | AC38: =AC37+1 -> 29
A39: 30 | B39: 6924.15 | C39: 381833 | D39: =C39-C38 -> 539 | E39: =C39-152000 -> 229833 | F39: =D39/$D$2 -> 271.81039 | G39: 2136.95 | H39: 1.43 | I39: =G39+H39 -> 2138.38 | J39: =IF(L39>0,L39,0) -> 221.44039 | K39: =I39+J39 -> 2359.8204 | L39: =F39-(I39-W39) -> 221.44039 | M39: 276.39 | N39: =(15.48+16.49)*1.05 -> 33.5685 | O39: =M39-N39 -> 242.8215 | P39: 136.05 | Q39: 82.04 | R39: =SUM(O39:Q39) -> 460.9115 | T39: 111.89 | U39: 1481.64 | V39: 9706 | W39: =N39+R39+T39+U39 -> 2088.01 | X39: =IF(L39<0,L39*-1,0) -> 0 | Y39: =W39+X39 -> 2088.01 | Z39: 0 | AA39: 80 | AB39: 50 | AC39: 30
AA40: 73
A41: MONTH / CFS | F41: =SUM(F10:F39) -> 31584.972 | G41: =SUM(G10:G39) -> 80264.8 | H41: =SUM(H10:H39) -> 2787.62 | I41: =SUM(I10:I39) -> 83052.42 | J41: =SUM(J10:J39) -> 17166.399 | K41: =SUM(K10:K39) -> 100218.82 | L41: =SUM(L10:L39) -> 16942.122 | M41: =SUM(M10:M39) -> 7183.5 | ... R41: =SUM(R10:R39) -> 13028.077 | T41: =SUM(T10:T39) -> 2298.92 | U41: =SUM(U10:U39) -> 52325.89 | W41: =SUM(W10:W39) -> 68409.57 | X41: =SUM(X10:X39) -> 224.27631 | Y41: =SUM(Y10:Y39) -> 68633.846 | Z41: =SUM(Z10:Z39) -> 0.93 | AA41: =AVERAGE(AA10:AA39) -> 78.433333 | AB41: =AVERAGE(AB10:AB39) -> 44.7
A42: MONTH / AF | D42: =SUM(D10:D39) -> 62633 | F42: =F41*$D$2 -> 62633 | G42: =G41*$D$2 -> 159165.1 | H42: =H41*$D$2 -> 5527.8505 | I42: =I41*$D$2 -> 164692.95 | J42: =J41*$D$2 -> 34040.968 | K42: =K41*$D$2 -> 198733.92 | L42: =L41*$D$2 -> 33596.228 | M42: =M41*$D$2 -> 14244.88 | ... R42: =R41*$D$2 -> 25834.678 | T42: =T41*$D$2 -> 4558.7584 | U42: =U41*$D$2 -> 103762.24 | W42: =W41*$D$2 -> 135656.18 | X42: =X41*$D$2 -> 444.73992 | Y42: =Y41*$D$2 -> 136100.92 | AA42: =MAX(AA10:AA39) -> 88 | AB42: =MAX(AB10:AB39) -> 56 | AC42: HI
A44: SEASON / CFS | F44: =F7+F41 -> 36507.816 | G44: =G7+G41 -> 141010.59 | H44: =H7+H41 -> 12482.96 | I44: =I7+I41 -> 153493.55 | J44: =J7+J41 -> 45005.919 | K44: =K7+K41 -> 198499.47 | L44: =L7+L41 -> 44781.642 | M44: =M7+M41 -> 13901.45 | ... R44: =R7+R41 -> 22351.313 | S44: =S39+S54 -> 3966.708 | T44: =T7+T41 -> 3456.4202 | U44: =U7+U41 -> 133971.56 | V44: 0 | W44: =W7+W41 -> 161767.38 | X44: =X7+X41 -> 224.27631 | Y44: =Y7+Y41 -> 161991.65 | AA44: =MIN(AA10:AA39) -> 66 | AB44: =MIN(AB10:AB39) -> 32 | AC44: LO
A45: SEASON / AF | D45: =D7+D42 -> 62633 | F45: =F44*$D$2 -> 72395 | G45: =G44*$D$2 -> 279624 | H45: =H44*$D$2 -> 24753.71 | I45: =I44*$D$2 -> 304377.71 | J45: =J44*$D$2 -> 89246.737 | K45: =K44*$D$2 -> 393624.45 | L45: =L44*$D$2 -> 88801.997 | M45: =M44*$D$2 -> 27566.575 | ... U45: =U44*$D$2 -> 265665.6 | V45: 0 | W45: =W44*$D$2 -> 320784.71 | X45: =X44*$D$2 -> 444.73992 | Y45: =Y44*$D$2 -> 321229.45
A47: YTD / CFS | F47: =F8+F41 -> 58129.097 | G47: =G8+G41 -> 156799.53 | H47: =H8+H41 -> 14867.77 | I47: =I8+I41 -> 171667.2 | J47: =J8+J41 -> 57350 | K47: =K8+K41 -> 229017.2 | L47: =L8+L41 -> 56888.661 | M47: =M8+M41 -> 14803.9 | ... R47: =R8+R41 -> 25688.433 | T47: =T8+T41 -> 3456.4202 | U47: =U8+U41 -> 139154.2 | V47: =V39 -> 9706 | W47: =W8+W41 -> 170426.77 | X47: =X8+X41 -> 461.33968 | Y47: =Y8+Y41 -> 170888.11 | Z47: =Z8+Z41 -> 15.81
A48: YTD / AF | D48: =D8+D42 -> 115270 | E48: =E39 -> 229833 | F48: =F47*$D$2 -> 115270 | G48: =G47*$D$2 -> 310933.47 | H48: =H47*$D$2 -> 29482.788 | I48: =I47*$D$2 -> 340416.06 | J48: =J47*$D$2 -> 113725.05 | K48: =K47*$D$2 -> 454141.11 | L48: =L47*$D$2 -> 112810.21 | M48: =M47*$D$2 -> 29356.134 | ... Y48: =Y47*$D$2 -> 338871.11
A50: ="6/8/95 thru 7/17/95" -> 6/8/95 thru 7/17/95 | R50: Ctz/MW | S50: =((78+55+76+45+72+71+126+192)+(42+44+46+41+43+41+55+65))*1.9835 -> 2165.982
B51: 6924.1 | C51: 381608 | E51: =C51-152000 -> 229608 | G51: ="152% RUNOFF APR - JUN" -> 152% RUNOFF APR - JUN | P51: Add to MVI call | R51: Totten | S51: 3400
R52: Grhog | S52: 2300
B53: =B51-B17 -> 10.37 | D53: =C51-C17 -> 44487 | R53: Total | S53: =SUM(S50:S52) -> 7865.982
R54: cfs | S54: =S53/$D$2 -> 3966.708

Sheet JUL
K1: MC PHEE RESERVOIR IN/OUT FLOW TABULATION
A2: AF/cfs CONVERT FACTOR | D2: 1.983 | K2: JULY "95"
A4: DATE | B4: RESERV | C4: RESERV | D4: AC FT | E4: ACTIVE | F4: CONV TO | G4: DOLORES | H4: LOST | I4: RECORDED | J4: CALC | K4: TOTAL | L4: CALC | M4: DOLORES TUNNEL | P4: LONE | Q4: U | R4: TOTAL | S4: MVI | T4: DV CR | U4: BELOW | V4: REMAIN | W4: RECORDED | X4: CALC | Y4: TOTAL | Z4: RAIN | AA4: MAX | AB4: MIN | AC4: DATE
A5: "JUL" | B5: ELEV | C5: AC FT | D5: CHANGE | E5: CAP | F5: CFS | G5: RIVER | H5: CANYON | I5: INFLOW | J5: INFLOW | K5: INFLOW | L5: INF/OTF | M5: TOT DIV | N5: UTE F&R | O5: MVI,CTZ | P5: PINE | Q5: LATERAL | R5: MVI | S5: CALL | T5: CANAL | U5: MC PHEE | V5: RELEASE | W5: OUTFLOW | X5: OUTFLOW | Y5: OUTFLOW | AA5: TMP | AB5: TMP | AC5: "JUL"
AD6: 741 | AE6: 742
A7: SEASON BAL | F7: {=JUN!$F$44:$Y$44} -> 36507.816 | G7: 141010.59 | H7: 12482.96 | I7: 153493.55 | J7: 45005.919 | K7: 198499.47 | L7: 44781.642 | M7: 13901.45 | N7: 1995.647 | O7: 11905.803 | P7: 6475.33 | Q7: 3970.18 | R7: 22351.313 | S7: 3966.708 | T7: 3456.4202 | U7: 133971.56 | V7: 0 | W7: 161767.38 | X7: 224.27631 | Y7: 161991.65
A8: YTD | B8: {=JUN!$B$39:$C$39} -> 6924.15 | C8: 381833 | D8: {=JUN!$D$48:$E$48} -> 115270 | E8: 229833 | F8: {=JUN!$F$47:$Z$47} -> 58129.097 | G8: 156799.53 | H8: 14867.77 | I8: 171667.2 | J8: 57350 | K8: 229017.2 | L8: 56888.661 | M8: 14803.9 | N8: 2011.277 | O8: 12588.123 | P8: 9049.63 | Q8: 3970.18 | R8: 25688.433 | S8: 0 | T8: 3456.4202 | U8: 139154.2 | V8: 9706 | W8: 170426.77 | X8: 461.33968 | Y8: 170888.11 | Z8: 15.81 | AD8: 13634 | AE8: 9147 | AF8: 1728.98
A10: 1 | B10: 6924.22 | C10: 382147 | D10: =C10-C8 -> 314 | E10: =C10-152000 -> 230147 | F10: =D10/$D$2 -> 158.34594 | G10: 2292.93 | H10: 0 | I10: =G10+H10 -> 2292.93 | J10: =IF(L10>0,L10,0) -> 385.11594 | K10: =I10+J10 -> 2678.0459 | L10: =F10-(I10-W10) -> 385.11594 | M10: 257.75 | N10: =(14.44+14.14)*1.05 -> 30.009 | O10: =M10-N10 -> 227.741 | P10: 136.26 | Q10: 82.21 | R10: =SUM(O10:Q10) -> 446.211 | T10: 79.38 | U10: 1964.1 | W10: =R10+T10+N10+U10 -> 2519.7 | X10: =IF(L10<0,L10*-1,0) -> 0 | Y10: =W10+X10 -> 2519.7 | Z10: 1.07 | AA10: 80 | AB10: 52 | AC10: 1 | AD10: 14117 | AE10: 9322 | AF10: 1766.81
A11: =A10+1 -> 2 | B11: 6924.11 | C11: 381653 | D11: =C11-C10 -> -494 | E11: =C11-152000 -> 229653 | F11: =D11/$D$2 -> -249.1175 | G11: 2073.76 | H11: 0 | I11: =G11+H11 -> 2073.76 | J11: =IF(L11>0,L11,0) -> 556.5925 | K11: =I11+J11 -> 2630.3525 | L11: =F11-(I11-W11) -> 556.5925 | M11: 265.56 | N11: =(14+14.08)*1.05 -> 29.484 | O11: =M11-N11 -> 236.076 | P11: 136.3 | Q11: 82.02 | R11: =SUM(O11:Q11) -> 454.396 | T11: 128.81 | U11: 2266.78 | W11: =R11+T11+N11+U11 -> 2879.47 | X11: =IF(L11<0,L11*-1,0) -> 0 | Y11: =W11+X11 -> 2879.47 | Z11: 0 | AA11: 76 | AB11: 48 | AC11: =AC10+1 -> 2 | AD11: 14582 | AE11: 9504 | AF11: 1804.29
A12: =A11+1 -> 3 | B12: 6924.25 | C12: 382281 | D12: =C12-C11 -> 628 | E12: =C12-152000 -> 230281 | F12: =D12/$D$2 -> 316.69188 | G12: 1808.58 | H12: 0 | I12: =G12+H12 -> 1808.58 | J12: =IF(L12>0,L12,0) -> 591.55188 | K12: =I12+J12 -> 2400.1319 | L12: =F12-(I12-W12) -> 591.55188 | M12: 280.05 | N12: =(16.18+14.47)*1.05 -> 32.1825 | O12: =M12-N12 -> 247.8675 | P12: 136.3 | Q12: 81.99 | R12: =SUM(O12:Q12) -> 466.1575 | T12: 128.09 | U12: 1457.01 | W12: =R12+T12+N12+U12 -> 2083.44 | X12: =IF(L12<0,L12*-1,0) -> 0 | Y12: =W12+X12 -> 2083.44 | Z12: 0.21 | AA12: 76 | AB12: 47 | AC12: =AC11+1 -> 3 | AD12: 15094 | AE12: 9699 | AF12: 1842.13
A13: =A12+1 -> 4 | B13: 6924.15 | C13: 381833 | D13: =C13-C12 -> -448 | E13: =C13-152000 -> 229833 | F13: =D13/$D$2 -> -225.92032 | G13: 1566.18 | H13: 0 | I13: =G13+H13 -> 1566.18 | J13: =IF(L13>0,L13,0) -> 131.39968 | K13: =I13+J13 -> 1697.5797 | L13: =F13-(I13-W13) -> 131.39968 | M13: 273.04 | N13: =(14.49+15.98)*1.05 -> 31.9935 | O13: =M13-N13 -> 241.0465 | P13: 136.3 | Q13: 82.05 | R13: =SUM(O13:Q13) -> 459.3965 | T13: 125.11 | U13: 1307 | W13: =R13+T13+N13+U13 -> 1923.5 | X13: =IF(L13<0,L13*-1,0) -> 0 | Y13: =W13+X13 -> 1923.5 | Z13: 0 | AA13: 70 | AB13: 40 | AC13: =AC12+1 -> 4 | AD13: 15565 | AE13: 9876 | AF13: 1859.79
A14: =A13+1 -> 5 | B14: 6924.06 | C14: 381429 | D14: =C14-C13 -> -404 | E14: =C14-152000 -> 229429 | F14: =D14/$D$2 -> -203.73172 | G14: 1332.55 | H14: 0 | I14: =G14+H14 -> 1332.55 | J14: =IF(L14>0,L14,0) -> 0 | K14: =I14+J14 -> 1332.55 | L14: =F14-(I14-W14) -> -13.20172 | M14: 266.6 | N14: =(14.8+14.83)*1.05 -> 31.1115 | O14: =M14-N14 -> 235.4885 | P14: 136.3 | Q14: 82.01 | R14: =SUM(O14:Q14) -> 453.7985 | T14: 142.07 | U14: 896.1 | W14: =R14+T14+N14+U14 -> 1523.08 | X14: =IF(L14<0,L14*-1,0) -> 13.20172 | Y14: =W14+X14 -> 1536.2817 | Z14: 0 | AA14: 80 | AB14: 44 | AC14: =AC13+1 -> 5 | AD14: 16027 | AE14: 10042 | AF14: 1917.1
A15: =A14+1 -> 6 | B15: 6924.11 | C15: 381653 | D15: =C15-C14 -> 224 | E15: =C15-152000 -> 229653 | F15: =D15/$D$2 -> 112.96016 | G15: 1391.33 | H15: 0 | I15: =G15+H15 -> 1391.33 | J15: =IF(L15>0,L15,0) -> 177.10016 | K15: =I15+J15 -> 1568.4302 | L15: =F15-(I15-W15) -> 177.10016 | M15: 267.51 | N15: =(14.51+15.19)*1.05 -> 31.185 | O15: =M15-N15 -> 236.325 | P15: 136.3 | Q15: 81.9 | R15: =SUM(O15:Q15) -> 454.525 | T15: 156.32 | U15: 813.44 | W15: =R15+T15+N15+U15 -> 1455.47 | X15: =IF(L15<0,L15*-1,0) -> 0 | Y15: =W15+X15 -> 1455.47 | Z15: 0 | AA15: 88 | AB15: 50 | AC15: =AC14+1 -> 6 | AD15: 16542 | AE15: 10224 | AF15: 1954.03
A16: =A15+1 -> 7 | B16: 6924.19 | C16: 382012 | D16: =C16-C15 -> 359 | E16: =C16-152000 -> 230012 | F16: =D16/$D$2 -> 181.03883 | G16: 1507.2 | H16: 0 | I16: =G16+H16 -> 1507.2 | J16: =IF(L16>0,L16,0) -> 231.08883 | K16: =I16+J16 -> 1738.2888 | L16: =F16-(I16-W16) -> 231.08883 | M16: 287.34 | N16: =(17.4+17.17)*1.05 -> 36.2985 | O16: =M16-N16 -> 251.0415 | P16: 136.3 | Q16: 81.93 | R16: =SUM(O16:Q16) -> 469.2715 | T16: 173.24 | U16: 878.44 | W16: =R16+T16+N16+U16 -> 1557.25 | X16: =IF(L16<0,L16*-1,0) -> 0 | Y16: =W16+X16 -> 1557.25 | Z16: 0 | AA16: 90 | AB16: 45 | AC16: =AC15+1 -> 7 | AD16: 17072 | AE16: 10417 | AF16: 1992.84
A17: =A16+1 -> 8 | B17: 6924.22 | C17: 382148 | D17: =C17-C16 -> 136 | E17: =C17-152000 -> 230148 | F17: =D17/$D$2 -> 68.582955 | G17: 1461.42 | H17: 0 | I17: =G17+H17 -> 1461.42 | J17: =IF(L17>0,L17,0) -> 221.90296 | K17: =I17+J17 -> 1683.323 | L17: =F17-(I17-W17) -> 221.90296 | M17: 291.77 | N17: =(19.79+19.88)*1.05 -> 41.6535 | O17: =M17-N17 -> 250.1165 | P17: 136.3 | Q17: 81.84 | R17: =SUM(O17:Q17) -> 468.2565 | T17: 178.34 | U17: 926.49 | W17: =R17+T17+N17+U17 -> 1614.74 | X17: =IF(L17<0,L17*-1,0) -> 0 | Y17: =W17+X17 -> 1614.74 | Z17: 0 | AA17: 92 | AB17: 52 | AC17: =AC16+1 -> 8 | AD17: 17504 | AE17: 10583 | AF17: 2020.67
A18: =A17+1 -> 9 | B18: 6924.25 | C18: 382282 | D18: =C18-C17 -> 134 | E18: =C18-152000 -> 230282 | F18: =D18/$D$2 -> 67.574382 | G18: 1482.61 | H18: 0 | I18: =G18+H18 -> 1482.61 | J18: =IF(L18>0,L18,0) -> 164.37438 | K18: =I18+J18 -> 1646.9844 | L18: =F18-(I18-W18) -> 164.37438 | M18: 297.71 | N18: =(15.26+15.66)*1.05 -> 32.466 | O18: =M18-N18 -> 265.244 | P18: 136.3 | Q18: 81.96 | R18: =SUM(O18:Q18) -> 483.504 | T18: 172.41 | U18: 891.03 | W18: =R18+T18+N18+U18 -> 1579.41 | X18: =IF(L18<0,L18*-1,0) -> 0 | Y18: =W18+X18 -> 1579.41 | Z18: 0 | AA18: 92 | AB18: 58 | AC18: =AC17+1 -> 9 | AD18: 17966 | AE18: 10763 | AF18: 2048.09
A19: =A18+1 -> 10 | B19: 6924.17 | C19: 381922 | D19: =C19-C18 -> -360 | E19: =C19-152000 -> 229922 | F19: =D19/$D$2 -> -181.54312 | G19: 1561.3 | H19: 0 | I19: =G19+H19 -> 1561.3 | J19: =IF(L19>0,L19,0) -> 240.63688 | K19: =I19+J19 -> 1801.9369 | L19: =F19-(I19-W19) -> 240.63688 | M19: 320.28 | N19: =(15.26+15.67)*1.05 -> 32.4765 | O19: =M19-N19 -> 287.8035 | P19: 400 | Q19: 83.71 | R19: =SUM(O19:Q19) -> 771.5135 | T19: 190.75 | U19: 988.74 | W19: =R19+T19+N19+U19 -> 1983.48 | X19: =IF(L19<0,L19*-1,0) -> 0 | Y19: =W19+X19 -> 1983.48 | Z19: 0 | AA19: 91 | AB19: 60 | AC19: =AC18+1 -> 10 | AD19: 18428 | AE19: 10941 | AF19: 2067.19
A20: =A19+1 -> 11 | B20: 6924.05 | C20: 381383 | D20: =C20-C19 -> -539 | E20: =C20-152000 -> 229383 | F20: =D20/$D$2 -> -271.81039 | G20: 1404.47 | H20: 0 | I20: =G20+H20 -> 1404.47 | J20: =IF(L20>0,L20,0) -> 204.25961 | K20: =I20+J20 -> 1608.7296 | L20: =F20-(I20-W20) -> 204.25961 | M20: 336.8 | N20: =(16.96+16.15)*1.05 -> 34.7655 | O20: =M20-N20 -> 302.0345 | P20: 400 | Q20: 84.62 | R20: =SUM(O20:Q20) -> 786.6545 | T20: 230.64 | U20: 828.48 | W20: =R20+T20+N20+U20 -> 1880.54 | X20: =IF(L20<0,L20*-1,0) -> 0 | Y20: =W20+X20 -> 1880.54 | Z20: 0 | AA20: 90 | AB20: 61 | AC20: =AC19+1 -> 11 | AD20: 18870 | AE20: 11125 | AF20: 2084.88
A21: =A20+1 -> 12 | B21: 6923.95 | C21: 380938 | D21: =C21-C20 -> -445 | E21: =C21-152000 -> 228938 | F21: =D21/$D$2 -> -224.40746 | G21: 1329.47 | H21: 0 | I21: =G21+H21 -> 1329.47 | J21: =IF(L21>0,L21,0) -> 168.50254 | K21: =I21+J21 -> 1497.9725 | L21: =F21-(I21-W21) -> 168.50254 | M21: 337.14 | N21: =(16.34+16.35)*1.05 -> 34.3245 | O21: =M21-N21 -> 302.8155 | P21: 400 | Q21: 84.68 | R21: =SUM(O21:Q21) -> 787.4955 | T21: 223.97 | U21: 676.59 | W21: =R21+T21+N21+U21 -> 1722.38 | X21: =IF(L21<0,L21*-1,0) -> 0 | Y21: =W21+X21 -> 1722.38 | Z21: 0 | AA21: 89 | AB21: 60 | AC21: =AC20+1 -> 12 | AD21: 19293 | AE21: 11305 | AF21: 2107.07
A22: =A21+1 -> 13 | B22: 6923.92 | C22: 380804 | D22: =C22-C21 -> -134 | E22: =C22-152000 -> 228804 | F22: =D22/$D$2 -> -67.574382 | G22: 1229.07 | H22: 0 | I22: =G22+H22 -> 1229.07 | J22: =IF(L22>0,L22,0) -> 333.16562 | K22: =I22+J22 -> 1562.2356 | L22: =F22-(I22-W22) -> 333.16562 | M22: 323.61 | N22: =(17.59+18.4)*1.05 -> 37.7895 | O22: =M22-N22 -> 285.8205 | P22: 401.64 | Q22: 84.58 | R22: =SUM(O22:Q22) -> 772.0405 | T22: 219.04 | U22: 600.94 | W22: =R22+T22+N22+U22 -> 1629.81 | X22: =IF(L22<0,L22*-1,0) -> 0 | Y22: =W22+X22 -> 1629.81 | Z22: 0.8 | AA22: 85 | AB22: 54 | AC22: =AC21+1 -> 13 | AD22: 19704 | AE22: 11483 | AF22: 2132.08
A23: =A22+1 -> 14 | B23: 6923.99 | C23: 381117 | D23: =C23-C22 -> 313 | E23: =C23-152000 -> 229117 | F23: =D23/$D$2 -> 157.84165 | G23: 1388.04 | H23: 0 | I23: =G23+H23 -> 1388.04 | J23: =IF(L23>0,L23,0) -> 131.90165 | K23: =I23+J23 -> 1519.9417 | L23: =F23-(I23-W23) -> 131.90165 | M23: 273.93 | N23: =(20.05+20.01)*1.05 -> 42.063 | O23: =M23-N23 -> 231.867 | P23: 400.47 | Q23: 84.78 | R23: =SUM(O23:Q23) -> 717.117 | T23: 208.35 | U23: 394.57 | W23: =R23+T23+N23+U23 -> 1362.1 | X23: =IF(L23<0,L23*-1,0) -> 0 | Y23: =W23+X23 -> 1362.1 | Z23: 0 | AA23: 83 | AB23: 55 | AC23: =AC22+1 -> 14 | AD23: 20107 | AE23: 11662 | AF23: 2155.29
A24: =A23+1 -> 15 | B24: 6924.03 | C24: 381294 | D24: =C24-C23 -> 177 | E24: =C24-152000 -> 229294 | F24: =D24/$D$2 -> 89.258699 | G24: 1116.6 | H24: 0 | I24: =G24+H24 -> 1116.6 | J24: =IF(L24>0,L24,0) -> 142.5887 | K24: =I24+J24 -> 1259.1887 | L24: =F24-(I24-W24) -> 142.5887 | M24: 287.55 | N24: =(17.93+17.36)*1.05 -> 37.0545 | O24: =M24-N24 -> 250.4955 | P24: 197.6 | Q24: 87.21 | R24: =SUM(O24:Q24) -> 535.3055 | T24: 214.56 | U24: 383.01 | W24: =R24+T24+N24+U24 -> 1169.93 | X24: =IF(L24<0,L24*-1,0) -> 0 | Y24: =W24+X24 -> 1169.93 | Z24: 0 | AA24: 86 | AB24: 54 | AC24: =AC23+1 -> 15 | AD24: 20490 | AE24: 11839 | AF24: 2183.36
A25: =A24+1 -> 16 | B25: 6924.03 | C25: 381294 | D25: =C25-C24 -> 0 | E25: =C25-152000 -> 229294 | F25: =D25/$D$2 -> 0 | G25: 998.11 | H25: 0 | I25: =G25+H25 -> 998.11 | J25: =IF(L25>0,L25,0) -> 0 | K25: =I25+J25 -> 998.11 | L25: =F25-(I25-W25) -> -33.98 | M25: 275.4 | N25: =(16.32+16.88)*1.05 -> 34.86 | O25: =M25-N25 -> 240.54 | P25: 145.77 | Q25: 87.95 | R25: =SUM(O25:Q25) -> 474.26 | T25: 205.03 | U25: 249.98 | W25: =R25+T25+N25+U25 -> 964.13 | X25: =IF(L25<0,L25*-1,0) -> 33.98 | Y25: =W25+X25 -> 998.11 | Z25: 0 | AA25: 84 | AB25: 54 | AC25: =AC24+1 -> 16 | AD25: 20872 | AE25: 12016 | AF25: 2221
A26: =A25+1 -> 17 | B26: 6924.12 | C26: 381699 | D26: =C26-C25 -> 405 | E26: =C26-152000 -> 229699 | F26: =D26/$D$2 -> 204.23601 | G26: 938.26 | H26: 0 | I26: =G26+H26 -> 938.26 | J26: =IF(L26>0,L26,0) -> 161.84601 | K26: =I26+J26 -> 1100.106 | L26: =F26-(I26-W26) -> 161.84601 | M26: 263.2 | N26: =(16.08+16.23)*1.05 -> 33.9255 | O26: =M26-N26 -> 229.2745 | P26: 146.13 | Q26: 87.99 | R26: =SUM(O26:Q26) -> 463.3945 | T26: 199.06 | U26: 199.49 | W26: =R26+T26+N26+U26 -> 895.87 | X26: =IF(L26<0,L26*-1,0) -> 0 | Y26: =W26+X26 -> 895.87 | Z26: 0.14 | AA26: 69 | AB26: 53 | AC26: =AC25+1 -> 17 | AD26: 21265 | AE26: 12197 | AF26: 2265.77
A27: =A26+1 -> 18 | B27: 6924.16 | C27: 381879 | D27: =C27-C26 -> 180 | E27: =C27-152000 -> 229879 | F27: =D27/$D$2 -> 90.771558 | G27: 873.9 | H27: 0 | I27: =G27+H27 -> 873.9 | J27: =IF(L27>0,L27,0) -> 115.46156 | K27: =I27+J27 -> 989.36156 | L27: =F27-(I27-W27) -> 115.46156 | M27: 258.91 | N27: =(13.57+14.16)*1.05 -> 29.1165 | O27: =M27-N27 -> 229.7935 | P27: 145.94 | Q27: 88.04 | R27: =SUM(O27:Q27) -> 463.7735 | T27: 205.9 | U27: 199.8 | W27: =R27+T27+N27+U27 -> 898.59 | X27: =IF(L27<0,L27*-1,0) -> 0 | Y27: =W27+X27 -> 898.59 | Z27: 0 | AA27: 75 | AB27: 55 | AC27: =AC26+1 -> 18 | AD27: 21641 | AE27: 12377 | AF27: 2316.88
A28: =A27+1 -> 19 | B28: 6924.18 | C28: 381968 | D28: =C28-C27 -> 89 | E28: =C28-152000 -> 229968 | F28: =D28/$D$2 -> 44.881493 | G28: 826.85 | H28: 0 | I28: =G28+H28 -> 826.85 | J28: =IF(L28>0,L28,0) -> 147.86149 | K28: =I28+J28 -> 974.71149 | L28: =F28-(I28-W28) -> 147.86149 | M28: 274.48 | N28: =(18.11+18.7)*1.05 -> 38.6505 | O28: =M28-N28 -> 235.8295 | P28: 159.58 | Q28: 87.86 | R28: =SUM(O28:Q28) -> 483.2695 | T28: 208.11 | U28: 199.8 | W28: =R28+T28+N28+U28 -> 929.83 | X28: =IF(L28<0,L28*-1,0) -> 0 | Y28: =W28+X28 -> 929.83 | Z28: 0 | AA28: 80 | AB28: 54 | AC28: =AC27+1 -> 19 | AD28: 22021 | AE28: =AE27+$AH$31 -> 12557 | AF28: 2348.11
A29: =A28+1 -> 20 | B29: 6924.15 | C29: 381833 | D29: =C29-C28 -> -135 | E29: =C29-152000 -> 229833 | F29: =D29/$D$2 -> -68.078669 | G29: 744.75 | H29: 0 | I29: =G29+H29 -> 744.75 | J29: =IF(L29>0,L29,0) -> 119.39133 | K29: =I29+J29 -> 864.14133 | L29: =F29-(I29-W29) -> 119.39133 | M29: 272.03 | N29: =(15.08+15.4)*1.05 -> 32.004 | O29: =M29-N29 -> 240.026 | P29: 167.41 | Q29: 87.98 | R29: =SUM(O29:Q29) -> 495.416 | T29: 205 | U29: 199.8 | V29: =V8-U29 -> 9506.2 | W29: =R29+T29+N29+U29 -> 932.22 | X29: =IF(L29<0,L29*-1,0) -> 0 | Y29: =W29+X29 -> 932.22 | Z29: 0 | AA29: 85 | AB29: 56 | AC29: =AC28+1 -> 20 | AD29: 22407 | AE29: =AE28+$AH$31 -> 12737 | AF29: 2383.86
A30: =A29+1 -> 21 | B30: 6924.02 | C30: 381250 | D30: =C30-C29 -> -583 | E30: =C30-152000 -> 229250 | F30: =D30/$D$2 -> -293.99899 | G30: 669.94 | H30: 0 | I30: =G30+H30 -> 669.94 | J30: =IF(L30>0,L30,0) -> 0 | K30: =I30+J30 -> 669.94 | L30: =F30-(I30-W30) -> -31.758991 | M30: 270.03 | N30: =(13.45+13.72)*1.05 -> 28.5285 | O30: =M30-N30 -> 241.5015 | P30: 167.62 | Q30: 97.74 | R30: =SUM(O30:Q30) -> 506.8615 | T30: 196.99 | U30: 199.8 | V30: =V29-U30 -> 9306.4 | W30: =R30+T30+N30+U30 -> 932.18 | X30: =IF(L30<0,L30*-1,0) -> 31.758991 | Y30: =W30+X30 -> 963.93899 | Z30: 0 | AA30: 85 | AB30: 52 | AC30: =AC29+1 -> 21 | AD30: 22776 | AE30: 12906 | AF30: 2435.45
A31: =A30+1 -> 22 | B31: 6923.96 | C31: 380982 | D31: =C31-C30 -> -268 | E31: =C31-152000 -> 228982 | F31: =D31/$D$2 -> -135.14876 | G31: 609.92 | H31: 0 | I31: =G31+H31 -> 609.92 | J31: =IF(L31>0,L31,0) -> 131.54124 | K31: =I31+J31 -> 741.46124 | L31: =F31-(I31-W31) -> 131.54124 | M31: 266.51 | N31: =(12.98+11.51)*1.05 -> 25.7145 | O31: =M31-N31 -> 240.7955 | P31: 167.49 | Q31: 87.55 | R31: =SUM(O31:Q31) -> 495.8355 | T31: 191.49 | U31: 163.57 | V31: =V30-U31 -> 9142.83 | W31: =R31+T31+N31+U31 -> 876.61 | X31: =IF(L31<0,L31*-1,0) -> 0 | Y31: =W31+X31 -> 876.61 | Z31: 0 | AA31: 84 | AB31: 51 | AC31: =AC30+1 -> 22 | AD31: 23161 | AE31: =AE30+$AH$31 -> 13086 | AF31: 2489.26 | AG31: =AD30-AD29 -> 369 | AH31: =AE27-AE26 -> 180 | AI31: =AF30-AF29 -> 51.59
A32: =A31+1 -> 23 | B32: 6923.85 | C32: 380493 | D32: =C32-C31 -> -489 | E32: =C32-152000 -> 228493 | F32: =D32/$D$2 -> -246.59607 | G32: 561.86 | H32: 0 | I32: =G32+H32 -> 561.86 | J32: =IF(L32>0,L32,0) -> 40.033933 | K32: =I32+J32 -> 601.89393 | L32: =F32-(I32-W32) -> 40.033933 | M32: 264.27 | N32: =(12.55+12.05)*1.05 -> 25.83 | O32: =M32-N32 -> 238.44 | P32: 167.54 | Q32: 87.51 | R32: =SUM(O32:Q32) -> 493.49 | T32: 179.08 | U32: 150.09 | V32: =V31-U32 -> 8992.74 | W32: =R32+T32+N32+U32 -> 848.49 | X32: =IF(L32<0,L32*-1,0) -> 0 | Y32: =W32+X32 -> 848.49 | Z32: 0 | AA32: 84 | AB32: 56 | AC32: =AC31+1 -> 23 | AD32: 23475 | AE32: =AE31+$AH$31 -> 13266 | AF32: 2541.2
A33: =A32+1 -> 24 | B33: 6923.62 | C33: 379469 | D33: =C33-C32 -> -1024 | E33: =C33-152000 -> 227469 | F33: =D33/$D$2 -> -516.38931 | G33: 488.25 | H33: 0 | I33: =G33+H33 -> 488.25 | J33: =IF(L33>0,L33,0) -> 0 | K33: =I33+J33 -> 488.25 | L33: =F33-(I33-W33) -> -136.30931 | M33: 264.44 | N33: =(14.34+15.54)*1.05 -> 31.374 | O33: =M33-N33 -> 233.066 | P33: 188.91 | Q33: 87.18 | R33: =SUM(O33:Q33) -> 509.156 | S33: =(I33-R33)+S7 -> 3945.802 | T33: 183.61 | U33: 144.19 | V33: =V32-U33 -> 8848.55 | W33: =R33+T33+N33+U33 -> 868.33 | X33: =IF(L33<0,L33*-1,0) -> 136.30931 | Y33: =W33+X33 -> 1004.6393 | Z33: 0 | AA33: 86 | AB33: 51 | AC33: =AC32+1 -> 24 | AD33: 23836 | AE33: =AE32+$AH$31 -> 13446 | AF33: 2594.21
A34: =A33+1 -> 25 | B34: 6923.39 | C34: 378446 | D34: =C34-C33 -> -1023 | E34: =C34-152000 -> 226446 | F34: =D34/$D$2 -> -515.88502 | G34: 457.51 | H34: 0 | I34: =G34+H34 -> 457.51 | J34: =IF(L34>0,L34,0) -> 0 | K34: =I34+J34 -> 457.51 | L34: =F34-(I34-W34) -> -117.01502 | M34: 257.57 | N34: =(14.26+13.76)*1.05 -> 29.421 | O34: =M34-N34 -> 228.149 | P34: 194.82 | Q34: 86.97 | R34: =SUM(O34:Q34) -> 509.939 | S34: =(I34-R34)+S33 -> 3893.373 | T34: 172.92 | U34: 144.1 | V34: =V33-U34 -> 8704.45 | W34: =R34+T34+N34+U34 -> 856.38 | X34: =IF(L34<0,L34*-1,0) -> 117.01502 | Y34: =W34+X34 -> 973.39502 | Z34: 0 | AA34: 92 | AB34: 52 | AC34: =AC33+1 -> 25 | AD34: 24193 | AE34: 13629 | AF34: 2647.7
A35: =A34+1 -> 26 | B35: 6923.24 | C35: 377778 | D35: =C35-C34 -> -668 | E35: =C35-152000 -> 225778 | F35: =D35/$D$2 -> -336.86334 | G35: 421.15 | H35: 0 | I35: =G35+H35 -> 421.15 | J35: =IF(L35>0,L35,0) -> 120.72666 | K35: =I35+J35 -> 541.87666 | L35: =F35-(I35-W35) -> 120.72666 | M35: 265.4 | N35: =(11.37+10.97)*1.05 -> 23.457 | O35: =M35-N35 -> 241.943 | P35: 196.35 | Q35: 86.67 | R35: =SUM(O35:Q35) -> 524.963 | S35: =(I35-R35)+S34 -> 3789.56 | T35: 186.22 | U35: 144.1 | V35: =V34-U35 -> 8560.35 | W35: =R35+T35+N35+U35 -> 878.74 | X35: =IF(L35<0,L35*-1,0) -> 0 | Y35: =W35+X35 -> 878.74 | Z35: 0 | AA35: 91 | AB35: 52 | AC35: =AC34+1 -> 26 | AD35: 24577 | AE35: 13806 | AF35: 2690.03
A36: =A35+1 -> 27 | B36: 6923.05 | C36: 376931 | D36: =C36-C35 -> -847 | E36: =C36-152000 -> 224931 | F36: =D36/$D$2 -> -427.13061 | G36: 381.54 | H36: 0 | I36: =G36+H36 -> 381.54 | J36: =IF(L36>0,L36,0) -> 54.54939 | K36: =I36+J36 -> 436.08939 | L36: =F36-(I36-W36) -> 54.54939 | M36: 277.86 | N36: =(16.94+17.69)*1.05 -> 36.3615 | O36: =M36-N36 -> 241.4985 | P36: 167.06 | Q36: 86.73 | R36: =SUM(O36:Q36) -> 495.2885 | S36: =(I36-R36)+S35 -> 3675.8115 | T36: 187.47 | U36: 144.1 | V36: =V35-U36 -> 8416.25 | W36: =R36+T36+N36+U36 -> 863.22 | X36: =IF(L36<0,L36*-1,0) -> 0 | Y36: =W36+X36 -> 863.22 | Z36: 0 | AA36: 94 | AB36: 54 | AC36: =AC35+1 -> 27 | AD36: 24943 | AE36: 13985 | AF36: 2737.63
A37: =A36+1 -> 28 | B37: 6922.85 | C37: 376047 | D37: =C37-C36 -> -884 | E37: =C37-152000 -> 224047 | F37: =D37/$D$2 -> -445.78921 | G37: 367.17 | H37: 0 | I37: =G37+H37 -> 367.17 | J37: =IF(L37>0,L37,0) -> 53.030792 | K37: =I37+J37 -> 420.20079 | L37: =F37-(I37-W37) -> 53.030792 | M37: 280.71 | N37: =(17.53+17.86)*1.05 -> 37.1595 | O37: =M37-N37 -> 243.5505 | P37: 156.68 | Q37: 87.11 | R37: =SUM(O37:Q37) -> 487.3405 | S37: =(I37-R37)+S36 -> 3555.641 | T37: 196.94 | U37: 144.55 | V37: =V36-U37 -> 8271.7 | W37: =R37+T37+N37+U37 -> 865.99 | X37: =IF(L37<0,L37*-1,0) -> 0 | Y37: =W37+X37 -> 865.99 | Z37: 0 | AA37: 96 | AB37: 57 | AC37: =AC36+1 -> 28 | AD37: 25267 | AE37: 14163 | AF37: 2790.54
A38: =A37+1 -> 29 | B38: 6922.6 | C38: 374943 | D38: =C38-C37 -> -1104 | E38: =C38-152000 -> 222943 | F38: =D38/$D$2 -> -556.73222 | G38: 346.68 | H38: 0 | I38: =G38+H38 -> 346.68 | J38: =IF(L38>0,L38,0) -> 0 | K38: =I38+J38 -> 346.68 | L38: =F38-(I38-W38) -> -28.712224 | M38: 299.93 | N38: =(19.23+19.42)*1.05 -> 40.5825 | O38: =M38-N38 -> 259.3475 | P38: 157.04 | Q38: 88.09 | R38: =SUM(O38:Q38) -> 504.4775 | S38: =(I38-R38)+S37 -> 3397.8435 | T38: 184.24 | U38: 145.4 | V38: =V37-U38 -> 8126.3 | W38: =R38+T38+N38+U38 -> 874.7 | X38: =IF(L38<0,L38*-1,0) -> 28.712224 | Y38: =W38+X38 -> 903.41222 | Z38: 0 | AA38: 96 | AB38: 60 | AC38: =AC37+1 -> 29 | AD38: 25611 | AE38: 14343 | AF38: 2846.34
A39: 30 | B39: 6922.35 | C39: 373840 | D39: =C39-C38 -> -1103 | E39: =C39-152000 -> 221840 | F39: =D39/$D$2 -> -556.22794 | G39: 330.1 | H39: 0 | I39: =G39+H39 -> 330.1 | J39: =IF(L39>0,L39,0) -> 0 | K39: =I39+J39 -> 330.1 | L39: =F39-(I39-W39) -> -33.667937 | M39: 283.64 | N39: =(19.86+19.89)*1.05 -> 41.7375 | O39: =M39-N39 -> 241.9025 | P39: 156.67 | Q39: 87.9 | R39: =SUM(O39:Q39) -> 486.4725 | S39: =(I39-R39)+S38 -> 3241.471 | T39: 179.05 | U39: 145.4 | V39: =V38-U39 -> 7980.9 | W39: =R39+T39+N39+U39 -> 852.66 | X39: =IF(L39<0,L39*-1,0) -> 33.667937 | Y39: =W39+X39 -> 886.32794 | Z39: 0 | AA39: 93 | AB39: 64 | AC39: 30 | AD39: 25963 | AE39: 14525 | AF39: 2905.66
A40: 31 | B40: 6922.1 | C40: 372736 | D40: =C40-C39 -> -1104 | E40: =C40-152000 -> 220736 | F40: =D40/$D$2 -> -556.73222 | G40: 324.01 | H40: 0 | I40: =G40+H40 -> 324.01 | J40: =IF(L40>0,L40,0) -> 0 | K40: =I40+J40 -> 324.01 | L40: =F40-(I40-W40) -> -6.6722239 | M40: 293.27 | N40: =(21.14+21.81)*1.05 -> 45.0975 | O40: =M40-N40 -> 248.1725 | P40: 156.23 | Q40: 87.6 | R40: =SUM(O40:Q40) -> 492.0025 | S40: =(I40-R40)+S39 -> 3073.4785 | T40: 191.57 | U40: 145.4 | V40: =V39-U40 -> 7835.5 | W40: =R40+T40+N40+U40 -> 874.07 | X40: =IF(L40<0,L40*-1,0) -> 6.6722239 | Y40: =W40+X40 -> 880.74222 | Z40: 0 | AA40: 87 | AB40: 59 | AC40: 31 | AD40: 26327 | AE40: 14703 | AF40: 2963.64
AA41: 73
A42: MONTH / CFS | F42: =SUM(F10:F40) -> -4587.4937 | G42: =SUM(G10:G40) -> 32285.51 | H42: =SUM(H10:H40) -> 0 | I42: =SUM(I10:I40) -> 32285.51 | J42: =SUM(J10:J40) -> 4624.6237 | K42: =SUM(K10:K40) -> 36910.134 | L42: =SUM(L10:L40) -> 4223.3063 | M42: =SUM(M10:M40) -> 8734.29 | ... R42: =SUM(R10:R40) -> 16411.583 | T42: =SUM(T10:T40) -> 5643.76 | U42: =SUM(U10:U40) -> 17992.29 | V42: =V40 -> 7835.5 | W42: =SUM(W10:W40) -> 41096.31 | X42: =SUM(X10:X40) -> 401.31743 | Y42: =SUM(Y10:Y40) -> 41497.627 | Z42: =SUM(Z10:Z40) -> 2.22 | AA42: =AVERAGE(AA10:AA40) -> 85.451613 | AB42: =AVERAGE(AB10:AB40) -> 53.548387
A43: MONTH / AF | D43: =SUM(D10:D40) -> -9097 | F43: =F42*$D$2 -> -9097 | G43: =G42*$D$2 -> 64022.166 | H43: =H42*$D$2 -> 0 | I43: =I42*$D$2 -> 64022.166 | J43: =J42*$D$2 -> 9170.6289 | K43: =K42*$D$2 -> 73192.795 | L43: =L42*$D$2 -> 8374.8164 | M43: =M42*$D$2 -> 17320.097 | ... R43: =R42*$D$2 -> 32544.169 | T43: =T42*$D$2 -> 11191.576 | U43: =U42*$D$2 -> 35678.711 | V43: =V42*$D$2 -> 15537.797 | W43: =W42*$D$2 -> 81493.983 | X43: =X42*$D$2 -> 795.81246 | Y43: =Y42*$D$2 -> 82289.795 | AA43: =MAX(AA10:AA40) -> 96 | AB43: =MAX(AB10:AB40) -> 64 | AC43: HI
A45: SEASON / CFS | F45: =F7+F42 -> 31920.323 | G45: =G7+G42 -> 173296.1 | H45: =H7+H42 -> 12482.96 | I45: =I7+I42 -> 185779.06 | J45: =J7+J42 -> 49630.542 | K45: =K7+K42 -> 235409.6 | L45: =L7+L42 -> 49004.949 | M45: =M7+M42 -> 22635.74 | ... R45: =R7+R42 -> 38762.896 | S45: =S40 -> 3073.4785 | T45: =T7+T42 -> 9100.1802 | U45: =U7+U42 -> 151963.85 | V45: =V7+V42 -> 7835.5 | W45: =W7+W42 -> 202863.69 | X45: =X7+X42 -> 625.59374 | Y45: =Y7+Y42 -> 203489.28 | AA45: =MIN(AA10:AA40) -> 69 | AB45: =MIN(AB10:AB40) -> 40 | AC45: LO
A46: SEASON / AF | F46: =F45*$D$2 -> 63298 | G46: =G45*$D$2 -> 343646.17 | H46: =H45*$D$2 -> 24753.71 | I46: =I45*$D$2 -> 368399.88 | J46: =J45*$D$2 -> 98417.365 | K46: =K45*$D$2 -> 466817.24 | L46: =L45*$D$2 -> 97176.813 | M46: =M45*$D$2 -> 44886.672 | ... Y46: =Y45*$D$2 -> 403519.24
A48: YTD / CFS | F48: =F8+F42 -> 53541.604 | G48: =G8+G42 -> 189085.04 | H48: =H8+H42 -> 14867.77 | I48: =I8+I42 -> 203952.71 | J48: =J8+J42 -> 61974.624 | K48: =K8+K42 -> 265927.34 | L48: =L8+L42 -> 61111.967 | M48: =M8+M42 -> 23538.19 | ... R48: =R8+R42 -> 42100.016 | T48: =T8+T42 -> 9100.1802 | U48: =U8+U42 -> 157146.49 | V48: =V40 -> 7835.5 | W48: =W8+W42 -> 211523.08 | X48: =X8+X42 -> 862.65711 | Y48: =Y8+Y42 -> 212385.73 | Z48: =Z8+Z42 -> 18.03
A49: YTD / AF | D49: =D8+D43 -> 106173 | E49: =E40 -> 220736 | F49: =F48*$D$2 -> 106173 | G49: =G48*$D$2 -> 374955.64 | H49: =H48*$D$2 -> 29482.788 | I49: =I48*$D$2 -> 404438.23 | J49: =J48*$D$2 -> 122895.68 | K49: =K48*$D$2 -> 527333.91 | L49: =L48*$D$2 -> 121185.03 | M49: =M48*$D$2 -> 46676.231 | ... U49: =U48*$D$2 -> 311621.49 | V49: =V40*$D$2 -> 15537.797 | W49: =W48*$D$2 -> 419450.26 | X49: =X48*$D$2 -> 1710.649 | Y49: =Y48*$D$2 -> 421160.91
A51: ="AUG /9" -> AUG /9 | T51: Spilled | U51: 296709
B52: 6920.17 | C52: 364311 | E52: =C52-152000 -> 212311 | K52: Runoff = 165% 30yr avg
A53: ="7/13/95 thru 8/10/95" -> 7/13/95 thru 8/10/95
B54: =B52-B22 -> -3.75 | D54: =C52-C22 -> -16493

Sheet AUG
K1: MC PHEE RESERVOIR IN/OUT FLOW TABULATION
A2: AF/cfs CONVERT FACTOR | D2: 1.983 | K2: AUGUST "95"
A4: DATE | B4: RESERV | C4: RESERV | D4: AC FT | E4: ACTIVE | F4: CONV TO | G4: DOLORES | H4: LOST | I4: RECORDED | J4: CALC | K4: TOTAL | L4: CALC | M4: DOLORES TUNNEL | P4: LONE | Q4: U | R4: TOTAL | S4: MVI | T4: DV CR | U4: BELOW | V4: REMAIN | W4: RECORDED | X4: CALC | Y4: TOTAL | Z4: RAIN | AA4: MAX | AB4: MIN | AC4: DATE
A5: "AUG" | B5: ELEV | C5: AC FT | D5: CHANGE | E5: CAP | F5: CFS | G5: RIVER | H5: CANYON | I5: INFLOW | J5: INFLOW | K5: INFLOW | L5: INF/OTF | M5: TOT DIV | N5: UTE F&R | O5: MVI,CTZ | P5: PINE | Q5: LATERAL | R5: MVI | S5: CALL | T5: CANAL | U5: MC PHEE | V5: RELEASE | W5: OUTFLOW | X5: OUTFLOW | Y5: OUTFLOW | AA5: TMP | AB5: TMP | AC5: "AUG" | AG5: EDS
AD6: 741 | AE6: 742 | AF6: Total | AG6: gT #1 | AH6: GT #2
A7: SEASON BAL | F7: {=JUL!$F$45:$Y$45} -> 31920.323 | G7: 173296.1 | H7: 12482.96 | I7: 185779.06 | J7: 49630.542 | K7: 235409.6 | L7: 49004.949 | M7: 22635.74 | N7: 3044.324 | O7: 19591.416 | P7: 12542.94 | Q7: 6628.54 | R7: 38762.896 | S7: 3073.4785 | T7: 9100.1802 | U7: 151963.85 | V7: 7835.5 | W7: 202863.69 | X7: 625.59374 | Y7: 203489.28 | AF7: Ute
A8: YTD | B8: {=JUL!$B$40:$C$40} -> 6922.1 | C8: 372736 | D8: {=JUL!$D$49:$E$49} -> 106173 | E8: 220736 | F8: {=JUL!$F$48:$Z$48} -> 53541.604 | G8: 189085.04 | H8: 14867.77 | I8: 203952.71 | J8: 61974.624 | K8: 265927.34 | L8: 61111.967 | M8: 23538.19 | N8: 3059.954 | O8: 20273.736 | P8: 15117.24 | Q8: 6628.54 | R8: 42100.016 | S8: 0 | T8: 9100.1802 | U8: 157146.49 | V8: 7835.5 | W8: 211523.08 | X8: 862.65711 | Y8: 212385.73 | Z8: 18.03 | AD8: 26327 | AE8: 14703 | AF8: 2963.64 | AG8: 2963.64 | AH8: 0
A10: 1 | B10: 6921.85 | C10: 371637 | D10: =C10-C8 -> -1099 | E10: =C10-152000 -> 219637 | F10: =D10/$D$2 -> -554.21079 | G10: 334 | H10: 0 | I10: =G10+H10 -> 334 | J10: =IF(L10>0,L10,0) -> 0 | K10: =I10+J10 -> 334 | L10: =F10-(I10-W10) -> -14.110792 | M10: 293.3 | N10: =(21.14+21.81)*1.05 -> 45.0975 | O10: =M10-N10 -> 248.2025 | P10: 156.2 | Q10: 87.6 | R10: =SUM(O10:Q10) -> 492.0025 | S10: =(I10-R10)+S7 -> 2915.476 | T10: 191.6 | U10: 145.4 | V10: =V8-U10 -> 7690.1 | W10: =R10+T10+N10+U10 -> 874.1 | X10: =IF(L10<0,L10*-1,0) -> 14.110792 | Y10: =W10+X10 -> 888.21079 | Z10: 0 | AA10: 87 | AB10: 54 | AC10: 1 | AD10: 26690 | AE10: 14883 | AF10: =(AG10+AH10)-(AG8+AH8) -> 59.94 | AG10: 3023.32 | AH10: 0.26
A11: =A10+1 -> 2 | B11: 6921.64 | C11: 370717 | D11: =C11-C10 -> -920 | E11: =C11-152000 -> 218717 | F11: =D11/$D$2 -> -463.94352 | G11: 314.11 | H11: 0 | I11: =G11+H11 -> 314.11 | J11: =IF(L11>0,L11,0) -> 14.98648 | K11: =I11+J11 -> 329.09648 | L11: =F11-(I11-W11) -> 14.98648 | M11: 289.22 | N11: =(18.99+17.22)*1.05 -> 38.0205 | O11: =M11-N11 -> 251.1995 | P11: 111.66 | Q11: 88.23 | R11: =SUM(O11:Q11) -> 451.0895 | S11: =(I11-R11)+S10 -> 2778.4965 | T11: 190.53 | U11: 113.4 | V11: =V10-U11 -> 7576.7 | W11: =R11+T11+N11+U11 -> 793.04 | X11: =IF(L11<0,L11*-1,0) -> 0 | Y11: =W11+X11 -> 793.04 | Z11: 0 | AA11: 91 | AB11: 55 | AC11: =AC10+1 -> 2 | AD11: 27072 | AE11: 15062 | AF11: =(AG11+AH11)-(AG10+AH10) -> 61.77 | AG11: 3065.96 | AH11: 19.39
A12: =A11+1 -> 3 | B12: 6921.45 | C12: 369885 | D12: =C12-C11 -> -832 | E12: =C12-152000 -> 217885 | F12: =D12/$D$2 -> -419.56631 | G12: 294.21 | H12: 0 | I12: =G12+H12 -> 294.21 | J12: =IF(L12>0,L12,0) -> 54.303686 | K12: =I12+J12 -> 348.51369 | L12: =F12-(I12-W12) -> 54.303686 | M12: 279.14 | N12: =(20.82+19.06)*1.05 -> 41.874 | O12: =M12-N12 -> 237.266 | P12: 108.69 | Q12: 75.96 | R12: =SUM(O12:Q12) -> 421.916 | S12: =(I12-R12)+S11 -> 2650.7905 | T12: 189.93 | U12: 114.36 | V12: =V11-U12 -> 7462.34 | W12: =R12+T12+N12+U12 -> 768.08 | X12: =IF(L12<0,L12*-1,0) -> 0 | Y12: =W12+X12 -> 768.08 | Z12: 0 | AA12: 92 | AB12: 56 | AC12: =AC11+1 -> 3 | AD12: 27469 | AE12: 15243 | AF12: =(AG12+AH12)-(AG11+AH11) -> 51.58 | AG12: 3093.46 | AH12: 43.47
A13: =A12+1 -> 4 | B13: 6921.23 | C13: 368922 | D13: =C13-C12 -> -963 | E13: =C13-152000 -> 216922 | F13: =D13/$D$2 -> -485.62784 | G13: 284.03 | H13: 0 | I13: =G13+H13 -> 284.03 | J13: =IF(L13>0,L13,0) -> 18.282163 | K13: =I13+J13 -> 302.31216 | L13: =F13-(I13-W13) -> 18.282163 | M13: 280 | N13: =(17.04+16.3)*1.05 -> 35.007 | O13: =M13-N13 -> 244.993 | P13: 107.07 | Q13: 85.67 | R13: =SUM(O13:Q13) -> 437.733 | S13: =(I13-R13)+S12 -> 2497.0875 | T13: 200.6 | U13: 114.6 | V13: =V12-U13 -> 7347.74 | W13: =R13+T13+N13+U13 -> 787.94 | X13: =IF(L13<0,L13*-1,0) -> 0 | Y13: =W13+X13 -> 787.94 | Z13: 0 | AA13: 91 | AB13: 57 | AC13: =AC12+1 -> 4 | AD13: 27857 | AE13: 15417 | AF13: =(AG13+AH13)-(AG12+AH12) -> 57.32 | AG13: 3121.69 | AH13: 72.56
A14: =A13+1 -> 5 | B14: 6921 | C14: 367915 | D14: =C14-C13 -> -1007 | E14: =C14-152000 -> 215915 | F14: =D14/$D$2 -> -507.81644 | G14: 275.92 | H14: 0 | I14: =G14+H14 -> 275.92 | J14: =IF(L14>0,L14,0) -> 0 | K14: =I14+J14 -> 275.92 | L14: =F14-(I14-W14) -> -8.4664397 | M14: 287.2 | N14: =(16.26+17.05)*1.05 -> 34.9755 | O14: =M14-N14 -> 252.2245 | P14: 107.07 | Q14: 91.58 | R14: =SUM(O14:Q14) -> 450.8745 | S14: =(I14-R14)+S13 -> 2322.133 | T14: 174.82 | U14: 114.6 | V14: =V13-U14 -> 7233.14 | W14: =R14+T14+N14+U14 -> 775.27 | X14: =IF(L14<0,L14*-1,0) -> 8.4664397 | Y14: =W14+X14 -> 783.73644 | Z14: 0 | AA14: 91 | AB14: 57 | AC14: =AC13+1 -> 5 | AD14: 28260 | AE14: 15594 | AF14: =(AG14+AH14)-(AG13+AH13) -> 52.16 | AG14: 3147.72 | AH14: 98.69
A15: =A14+1 -> 6 | B15: 6920.75 | C15: 366786 | D15: =C15-C14 -> -1129 | E15: =C15-152000 -> 214786 | F15: =D15/$D$2 -> -569.33938 | G15: 264.41 | H15: 0 | I15: =G15+H15 -> 264.41 | J15: =IF(L15>0,L15,0) -> 0 | K15: =I15+J15 -> 264.41 | L15: =F15-(I15-W15) -> -29.989385 | M15: 300.22 | N15: =(17.12+17.17)*1.05 -> 36.0045 | O15: =M15-N15 -> 264.2155 | P15: 106.43 | Q15: 91.25 | R15: =SUM(O15:Q15) -> 461.8955 | S15: =(I15-R15)+S14 -> 2124.6475 | T15: 190.9 | U15: 114.96 | V15: =V14-U15 -> 7118.18 | W15: =R15+T15+N15+U15 -> 803.76 | X15: =IF(L15<0,L15*-1,0) -> 29.989385 | Y15: =W15+X15 -> 833.74938 | Z15: 0 | AA15: 92 | AB15: 56 | AC15: =AC14+1 -> 6 | AD15: 28673 | AE15: 15777 | AF15: =(AG15+AH15)-(AG14+AH14) -> 54.75 | AG15: 3174.17 | AH15: 126.99
A16: =A15+1 -> 7 | B16: 6920.49 | C16: 365701 | D16: =C16-C15 -> -1085 | E16: =C16-152000 -> 213701 | F16: =D16/$D$2 -> -547.15078 | G16: 255.28 | H16: 0 | I16: =G16+H16 -> 255.28 | J16: =IF(L16>0,L16,0) -> 0 | K16: =I16+J16 -> 255.28 | L16: =F16-(I16-W16) -> -11.450782 | M16: 288.73 | N16: =(19.94+20.06)*1.05 -> 42 | O16: =M16-N16 -> 246.73 | P16: 106.39 | Q16: 90.94 | R16: =SUM(O16:Q16) -> 444.06 | S16: =(I16-R16)+S15 -> 1935.8675 | T16: 192.72 | U16: 112.2 | V16: =V15-U16 -> 7005.98 | W16: =R16+T16+N16+U16 -> 790.98 | X16: =IF(L16<0,L16*-1,0) -> 11.450782 | Y16: =W16+X16 -> 802.43078 | Z16: 0 | AA16: 94 | AB16: 61 | AC16: =AC15+1 -> 7 | AD16: 29064 | AE16: 15957 | AF16: =(AG16+AH16)-(AG15+AH15) -> 74.33 | AG16: 3210.45 | AH16: 165.04
A17: =A16+1 -> 8 | B17: 6920.25 | C17: 364659 | D17: =C17-C16 -> -1042 | E17: =C17-152000 -> 212659 | F17: =D17/$D$2 -> -525.46646 | G17: 246.37 | H17: 0 | I17: =G17+H17 -> 246.37 | J17: =IF(L17>0,L17,0) -> 0 | K17: =I17+J17 -> 246.37 | L17: =F17-(I17-W17) -> -0.25646495 | M17: 277.83 | N17: =(14.81+15.44)*1.05 -> 31.7625 | O17: =M17-N17 -> 246.0675 | P17: 106.38 | Q17: 89.63 | R17: =SUM(O17:Q17) -> 442.0775 | S17: =(I17-R17)+S16 -> 1740.16 | T17: 185.54 | U17: 112.2 | V17: =V16-U17 -> 6893.78 | W17: =R17+T17+N17+U17 -> 771.58 | X17: =IF(L17<0,L17*-1,0) -> 0.25646495 | Y17: =W17+X17 -> 771.83646 | Z17: 0 | AA17: 92 | AB17: 62 | AC17: =AC16+1 -> 8 | AD17: 29474 | AE17: 16141 | AF17: =(AG17+AH17)-(AG16+AH16) -> 66.56 | AG17: 3243.24 | AH17: 198.81
A18: =A17+1 -> 9 | B18: 6920.02 | C18: 363660 | D18: =C18-C17 -> -999 | E18: =C18-152000 -> 211660 | F18: =D18/$D$2 -> -503.78215 | G18: 244.24 | H18: 0 | I18: =G18+H18 -> 244.24 | J18: =IF(L18>0,L18,0) -> 36.217852 | K18: =I18+J18 -> 280.45785 | L18: =F18-(I18-W18) -> 36.217852 | M18: 281.58 | N18: =(17.16+17.53)*1.05 -> 36.4245 | O18: =M18-N18 -> 245.1555 | P18: 105.96 | Q18: 91.05 | R18: =SUM(O18:Q18) -> 442.1655 | S18: =(I18-R18)+S17 -> 1542.2345 | T18: 195.84 | U18: 109.81 | V18: =V17-U18 -> 6783.97 | W18: =R18+T18+N18+U18 -> 784.24 | X18: =IF(L18<0,L18*-1,0) -> 0 | Y18: =W18+X18 -> 784.24 | Z18: 0.06 | AA18: 93 | AB18: 61 | AC18: =AC17+1 -> 9 | AD18: 29844 | AE18: 16318 | AF18: =(AG18+AH18)-(AG17+AH17) -> 65.16 | AG18: 3275.89 | AH18: 231.32
A19: =A18+1 -> 10 | B19: 6919.75 | C19: 362497 | D19: =C19-C18 -> -1163 | E19: =C19-152000 -> 210497 | F19: =D19/$D$2 -> -586.48512 | G19: 238.72 | H19: 0 | I19: =G19+H19 -> 238.72 | J19: =IF(L19>0,L19,0) -> 0 | K19: =I19+J19 -> 238.72 | L19: =F19-(I19-W19) -> -10.885124 | M19: 295.97 | N19: =(20.76+19.54)*1.05 -> 42.315 | O19: =M19-N19 -> 253.655 | P19: 105.52 | Q19: 91.18 | R19: =SUM(O19:Q19) -> 450.355 | S19: =(I19-R19)+S18 -> 1330.5995 | T19: 211.74 | U19: 109.91 | V19: =V18-U19 -> 6674.06 | W19: =R19+T19+N19+U19 -> 814.32 | X19: =IF(L19<0,L19*-1,0) -> 10.885124 | Y19: =W19+X19 -> 825.20512 | Z19: 0.15 | AA19: 91 | AB19: 64 | AC19: =AC18+1 -> 10 | AD19: 30244 | AE19: 16496 | AF19: =(AG19+AH19)-(AG18+AH18) -> 63.4 | AG19: 3308.31 | AH19: 262.3
A20: =A19+1 -> 11 | B20: 6919.49 | C20: 361377 | D20: =C20-C19 -> -1120 | E20: =C20-152000 -> 209377 | F20: =D20/$D$2 -> -564.80081 | G20: 243.15 | H20: 0 | I20: =G20+H20 -> 243.15 | J20: =IF(L20>0,L20,0) -> 0 | K20: =I20+J20 -> 243.15 | L20: =F20-(I20-W20) -> -8.2808069 | M20: 285.5 | N20: 42.85 | O20: =M20-N20 -> 242.65 | P20: 105.38 | Q20: 90.86 | R20: =SUM(O20:Q20) -> 438.89 | S20: =(I20-R20)+S19 -> 1134.8595 | T20: 207.71 | U20: 110.22 | V20: =V19-U20 -> 6563.84 | W20: =R20+T20+N20+U20 -> 799.67 | X20: =IF(L20<0,L20*-1,0) -> 8.2808069 | Y20: =W20+X20 -> 807.95081 | Z20: 0.03 | AA20: 89 | AB20: 60 | AC20: =AC19+1 -> 11 | AD20: 30659 | AE20: 16676 | AF20: =(AG20+AH20)-(AG19+AH19) -> 64.77 | AG20: 3339.87 | AH20: 295.51
A21: =A20+1 -> 12 | B21: 6919.24 | C21: 360300 | D21: =C21-C20 -> -1077 | E21: =C21-152000 -> 208300 | F21: =D21/$D$2 -> -543.11649 | G21: 240.01 | H21: 0 | I21: =G21+H21 -> 240.01 | J21: =IF(L21>0,L21,0) -> 0.69350983 | K21: =I21+J21 -> 240.70351 | L21: =F21-(I21-W21) -> 0.69350983 | M21: 287.68 | N21: 39.32 | O21: =M21-N21 -> 248.36 | P21: 105.47 | Q21: 90.86 | R21: =SUM(O21:Q21) -> 444.69 | S21: =(I21-R21)+S20 -> 930.17952 | T21: 189.05 | U21: 110.76 | V21: =V20-U21 -> 6453.08 | W21: =R21+T21+N21+U21 -> 783.82 | X21: =IF(L21<0,L21*-1,0) -> 0 | Y21: =W21+X21 -> 783.82 | Z21: 0 | AA21: 86 | AB21: 60 | AC21: =AC20+1 -> 12 | AD21: 31063 | AE21: 16853 | AF21: =(AG21+AH21)-(AG20+AH20) -> 50.68 | AG21: 3365.06 | AH21: 321
A22: =A21+1 -> 13 | B22: 6919 | C22: 359267 | D22: =C22-C21 -> -1033 | E22: =C22-152000 -> 207267 | F22: =D22/$D$2 -> -520.92789 | G22: 239.05 | H22: 0 | I22: =G22+H22 -> 239.05 | J22: =IF(L22>0,L22,0) -> 17.442113 | K22: =I22+J22 -> 256.49211 | L22: =F22-(I22-W22) -> 17.442113 | M22: 278.92 | N22: 38.82 | O22: =M22-N22 -> 240.1 | P22: 105.37 | Q22: 90.86 | R22: =SUM(O22:Q22) -> 436.33 | S22: =(I22-R22)+S21 -> 732.89952 | T22: 191.58 | U22: 110.69 | V22: =V21-U22 -> 6342.39 | W22: =R22+T22+N22+U22 -> 777.42 | X22: =IF(L22<0,L22*-1,0) -> 0 | Y22: =W22+X22 -> 777.42 | Z22: 0.02 | AA22: 86 | AB22: 56 | AC22: =AC21+1 -> 13 | AD22: 31473 | AE22: 17017 | AF22: =(AG22+AH22)-(AG21+AH21) -> 32.4 | AG22: 3380.9 | AH22: 337.56
A23: =A22+1 -> 14 | B23: 6918.69 | C23: 357942 | D23: =C23-C22 -> -1325 | E23: =C23-152000 -> 205942 | F23: =D23/$D$2 -> -668.17953 | G23: 229.95 | H23: 0 | I23: =G23+H23 -> 229.95 | J23: =IF(L23>0,L23,0) -> 0 | K23: =I23+J23 -> 229.95 | L23: =F23-(I23-W23) -> -110.01953 | M23: 277.92 | N23: 38.82 | O23: =M23-N23 -> 239.1 | P23: 105.22 | Q23: 90.86 | R23: =SUM(O23:Q23) -> 435.18 | S23: =(I23-R23)+S22 -> 527.66952 | T23: 201.66 | U23: 112.45 | V23: =V22-U23 -> 6229.94 | W23: =R23+T23+N23+U23 -> 788.11 | X23: =IF(L23<0,L23*-1,0) -> 110.01953 | Y23: =W23+X23 -> 898.12953 | Z23: 0 | AA23: 82 | AB23: 58 | AC23: =AC22+1 -> 14 | AD23: 31884 | AE23: 17222 | AF23: =(AG23+AH23)-(AG22+AH22) -> 29.28 | AG23: 3397.48 | AH23: 350.26
A24: =A23+1 -> 15 | B24: 6918.42 | C24: 356788 | D24: =C24-C23 -> -1154 | E24: =C24-152000 -> 204788 | F24: =D24/$D$2 -> -581.94655 | G24: 218.62 | H24: 0 | I24: 92 | J24: =IF(L24>0,L24,0) -> 126.29345 | K24: =I24+J24 -> 218.29345 | L24: =F24-(I24-W24) -> 126.29345 | M24: 277.57 | N24: 33.27 | O24: =M24-N24 -> 244.3 | P24: 106.15 | Q24: 90.86 | R24: =SUM(O24:Q24) -> 441.31 | S24: =(I24-R24)+S23 -> 178.35952 | T24: 213.25 | U24: 112.41 | V24: =V23-U24 -> 6117.53 | W24: =R24+T24+N24+U24 -> 800.24 | X24: =IF(L24<0,L24*-1,0) -> 0 | Y24: =W24+X24 -> 800.24 | Z24: 0 | AA24: 89 | AB24: 52 | AC24: =AC23+1 -> 15 | AD24: 32234 | AE24: 17391 | AF24: =(AG24+AH24)-(AG23+AH23) -> 46.46 | AG24: 3418 | AH24: 376.2
A25: =A24+1 -> 16 | B25: 6918.12 | C25: 355506 | D25: =C25-C24 -> -1282 | E25: =C25-152000 -> 203506 | F25: =D25/$D$2 -> -646.49521 | G25: 202.94 | H25: 0 | I25: =G25+H25 -> 202.94 | J25: =IF(L25>0,L25,0) -> 0 | K25: =I25+J25 -> 202.94 | L25: =F25-(I25-W25) -> -36.045209 | M25: 281.45 | N25: =(14.78+14.87)*1.05 -> 31.1325 | O25: =M25-N25 -> 250.3175 | P25: 106.06 | Q25: 90.86 | R25: =SUM(O25:Q25) -> 447.2375 | S25: =(I25-R25)+S24 -> -65.937982 | T25: 222.82 | U25: 112.2 | V25: =V24-U25 -> 6005.33 | W25: =R25+T25+N25+U25 -> 813.39 | X25: =IF(L25<0,L25*-1,0) -> 36.045209 | Y25: =W25+X25 -> 849.43521 | Z25: 0.02 | AA25: 81 | AB25: 52 | AC25: =AC24+1 -> 16 | AD25: 32611 | AE25: 17560 | AF25: =(AG25+AH25)-(AG24+AH24) -> 41.96 | AG25: 3438.91 | AH25: 397.25
A26: =A25+1 -> 17 | B26: 6917.84 | C26: 354315 | D26: =C26-C25 -> -1191 | E26: =C26-152000 -> 202315 | F26: =D26/$D$2 -> -600.60514 | G26: 197.55 | H26: 0 | I26: =G26+H26 -> 197.55 | J26: =IF(L26>0,L26,0) -> 13.874856 | K26: =I26+J26 -> 211.42486 | L26: =F26-(I26-W26) -> 13.874856 | M26: 286.78 | N26: 42.34 | O26: =M26-N26 -> 244.44 | P26: 106.59 | Q26: 91.39 | R26: =SUM(O26:Q26) -> 442.42 | S26: =(I26-R26)+S25 -> -310.80798 | T26: 215.07 | U26: 112.2 | V26: =V25-U26 -> 5893.13 | W26: =R26+T26+N26+U26 -> 812.03 | X26: =IF(L26<0,L26*-1,0) -> 0 | Y26: =W26+X26 -> 812.03 | Z26: 0 | AA26: 84 | AB26: 54 | AC26: =AC25+1 -> 17 | AD26: 32970 | AE26: 17724 | AF26: =(AG26+AH26)-(AG25+AH25) -> 39.86 | AG26: 3458.63 | AH26: 417.39
A27: =A26+1 -> 18 | B27: 6917.54 | C27: 353086 | D27: =C27-C26 -> -1229 | E27: =C27-152000 -> 201086 | F27: =D27/$D$2 -> -619.76803 | G27: 194.44 | H27: 0 | I27: =G27+H27 -> 194.44 | J27: =IF(L27>0,L27,0) -> 0 | K27: =I27+J27 -> 194.44 | L27: =F27-(I27-W27) -> -6.2980282 | M27: 281.9 | N27: 43.86 | O27: =M27-N27 -> 238.04 | P27: 107.49 | Q27: 91.64 | R27: =SUM(O27:Q27) -> 437.17 | S27: =(I27-R27)+S26 -> -553.53798 | T27: 214.68 | U27: 112.2 | V27: =V26-U27 -> 5780.93 | W27: =R27+T27+N27+U27 -> 807.91 | X27: =IF(L27<0,L27*-1,0) -> 6.2980282 | Y27: =W27+X27 -> 814.20803 | Z27: 0 | AA27: 87 | AB27: 52 | AC27: =AC26+1 -> 18 | AD27: 33323 | AE27: 17898 | AF27: =(AG27+AH27)-(AG26+AH26) -> 50.29 | AG27: 3482.82 | AH27: 443.49
A28: =A27+1 -> 19 | B28: 6917.33 | C28: 352153 | D28: =C28-C27 -> -933 | E28: =C28-152000 -> 200153 | F28: =D28/$D$2 -> -470.49924 | G28: 186.23 | H28: 0 | I28: =G28+H28 -> 186.23 | J28: =IF(L28>0,L28,0) -> 125.35076 | K28: =I28+J28 -> 311.58076 | L28: =F28-(I28-W28) -> 125.35076 | M28: 268.06 | N28: 41.34 | O28: =M28-N28 -> 226.72 | P28: 107.27 | Q28: 91.47 | R28: =SUM(O28:Q28) -> 425.46 | S28: =(I28-R28)+S27 -> -792.76798 | T28: 202.92 | U28: 112.36 | V28: =V27-U28 -> 5668.57 | W28: =R28+T28+N28+U28 -> 782.08 | X28: =IF(L28<0,L28*-1,0) -> 0 | Y28: =W28+X28 -> 782.08 | Z28: 0.75 | AA28: 86 | AB28: 53 | AC28: =AC27+1 -> 19 | AD28: 33616 | AE28: 18046 | AF28: =(AG28+AH28)-(AG27+AH27) -> 39.65 | AG28: 3502 | AH28: 463.96
A29: =A28+1 -> 20 | B29: 6917.14 | C29: 351347 | D29: =C29-C28 -> -806 | E29: =C29-152000 -> 199347 | F29: =D29/$D$2 -> -406.45487 | G29: 276.33 | H29: 0 | I29: =G29+H29 -> 276.33 | J29: =IF(L29>0,L29,0) -> 23.475134 | K29: =I29+J29 -> 299.80513 | L29: =F29-(I29-W29) -> 23.475134 | M29: 232.43 | N29: 29.74 | O29: =M29-N29 -> 202.69 | P29: 107.76 | Q29: 91.71 | R29: =SUM(O29:Q29) -> 402.16 | S29: =(I29-R29)+S28 -> -918.59798 | T29: 162.62 | U29: 111.74 | V29: =V28-U29 -> 5556.83 | W29: =R29+T29+N29+U29 -> 706.26 | X29: =IF(L29<0,L29*-1,0) -> 0 | Y29: =W29+X29 -> 706.26 | Z29: 0 | AA29: 82 | AB29: 55 | AC29: =AC28+1 -> 20 | AD29: 33914 | AE29: 18203 | AF29: =(AG29+AH29)-(AG28+AH28) -> 37.62 | AG29: 3520 | AH29: 483.58
A30: =A29+1 -> 21 | B30: 6917.01 | C30: 350796 | D30: =C30-C29 -> -551 | E30: =C30-152000 -> 198796 | F30: =D30/$D$2 -> -277.86183 | G30: 296.98 | H30: 0 | I30: =G30+H30 -> 296.98 | J30: =IF(L30>0,L30,0) -> 122.94817 | K30: =I30+J30 -> 419.92817 | L30: =F30-(I30-W30) -> 122.94817 | M30: 223.46 | N30: 29.74 | O30: =M30-N30 -> 193.72 | P30: 107.66 | Q30: 91.53 | R30: =SUM(O30:Q30) -> 392.91 | S30: =(I30-R30)+S29 -> -1014.528 | T30: 163.93 | U30: 111.21 | V30: =V29-U30 -> 5445.62 | W30: =R30+T30+N30+U30 -> 697.79 | X30: =IF(L30<0,L30*-1,0) -> 0 | Y30: =W30+X30 -> 697.79 | Z30: 0.4 | AA30: 87 | AB30: 60 | AC30: =AC29+1 -> 21 | AD30: 34229 | AE30: 18362 | AF30: =(AG30+AH30)-(AG29+AH29) -> 38.91 | AG30: 3539 | AH30: 503.49
A31: =A30+1 -> 22 | B31: 6916.87 | C31: 350207 | D31: =C31-C30 -> -589 | E31: =C31-152000 -> 198207 | F31: =D31/$D$2 -> -297.02471 | G31: 354.63 | H31: 0 | I31: =G31+H31 -> 354.63 | J31: =IF(L31>0,L31,0) -> 76.06529 | K31: =I31+J31 -> 430.69529 | L31: =F31-(I31-W31) -> 76.06529 | M31: 239.5 | N31: 29.74 | O31: =M31-N31 -> 209.76 | P31: 107.59 | Q31: 91.26 | R31: =SUM(O31:Q31) -> 408.61 | S31: =(I31-R31)+S30 -> -1068.508 | T31: 178.23 | U31: 111.14 | V31: =V30-U31 -> 5334.48 | W31: =R31+T31+N31+U31 -> 727.72 | X31: =IF(L31<0,L31*-1,0) -> 0 | Y31: =W31+X31 -> 727.72 | Z31: 0.01 | AA31: 84 | AB31: 56 | AC31: =AC30+1 -> 22 | AD31: 34532 | AE31: 18519 | AF31: =(AG31+AH31)-(AG30+AH30) -> 37.84 | AG31: 3557 | AH31: 523.33 | AI31: =AF30-AF29 -> 1.29
A32: =A31+1 -> 23 | B32: 6916.67 | C32: 349365 | D32: =C32-C31 -> -842 | E32: =C32-152000 -> 197365 | F32: =D32/$D$2 -> -424.60918 | G32: 319.05 | H32: 0 | I32: =G32+H32 -> 319.05 | J32: =IF(L32>0,L32,0) -> 0 | K32: =I32+J32 -> 319.05 | L32: =F32-(I32-W32) -> -38.239178 | M32: 231.88 | N32: =(21.62+26.05)*1.05 -> 50.0535 | O32: =M32-N32 -> 181.8265 | P32: 110.32 | Q32: 91.22 | R32: =SUM(O32:Q32) -> 383.3665 | S32: =(I32-R32)+S31 -> -1132.8245 | T32: 161 | U32: 111 | V32: =V31-U32 -> 5223.48 | W32: =R32+T32+N32+U32 -> 705.42 | X32: =IF(L32<0,L32*-1,0) -> 38.239178 | Y32: =W32+X32 -> 743.65918 | Z32: 0.07 | AA32: 84 | AB32: 55 | AC32: =AC31+1 -> 23 | AD32: 34828 | AE32: 18670 | AF32: =(AG32+AH32)-(AG31+AH31) -> 38.83 | AG32: 3576 | AH32: 543.16
A33: =A32+1 -> 24 | B33: 6916.47 | C33: 348524 | D33: =C33-C32 -> -841 | E33: =C33-152000 -> 196524 | F33: =D33/$D$2 -> -424.10489 | G33: 288.23 | H33: 0 | I33: =G33+H33 -> 288.23 | J33: =IF(L33>0,L33,0) -> 0 | K33: =I33+J33 -> 288.23 | L33: =F33-(I33-W33) -> -0.81489158 | M33: 228.75 | N33: =(21.62+26.05)*1.05 -> 50.0535 | O33: =M33-N33 -> 178.6965 | P33: 112.54 | Q33: 90.93 | R33: =SUM(O33:Q33) -> 382.1665 | S33: =(I33-R33)+S32 -> -1226.761 | T33: 167.31 | U33: 111.99 | V33: =V32-U33 -> 5111.49 | W33: =R33+T33+N33+U33 -> 711.52 | X33: =IF(L33<0,L33*-1,0) -> 0.81489158 | Y33: =W33+X33 -> 712.33489 | Z33: 0.13 | AA33: 79 | AB33: 54 | AC33: =AC32+1 -> 24 | AD33: 35133 | AE33: 18824 | AF33: =(AG33+AH33)-(AG32+AH32) -> 38.27 | AG33: 3594.8 | AH33: 562.63
A34: =A33+1 -> 25 | B34: 6916.37 | C34: 348103 | D34: =C34-C33 -> -421 | E34: =C34-152000 -> 196103 | F34: =D34/$D$2 -> -212.30459 | G34: 283.51 | H34: 0 | I34: =G34+H34 -> 283.51 | J34: =IF(L34>0,L34,0) -> 177.11541 | K34: =I34+J34 -> 460.62541 | L34: =F34-(I34-W34) -> 177.11541 | M34: 207.54 | N34: =(16.99+17.54)*1.05 -> 36.2565 | O34: =M34-N34 -> 171.2835 | P34: 113.12 | Q34: 90.87 | R34: =SUM(O34:Q34) -> 375.2735 | S34: =(I34-R34)+S33 -> -1318.5245 | T34: 148.06 | U34: 113.34 | V34: =V33-U34 -> 4998.15 | W34: =R34+T34+N34+U34 -> 672.93 | X34: =IF(L34<0,L34*-1,0) -> 0 | Y34: =W34+X34 -> 672.93 | Z34: 0.23 | AA34: 81 | AB34: 56 | AC34: =AC33+1 -> 25 | AD34: 35439 | AE34: 18978 | AF34: =(AG34+AH34)-(AG33+AH33) -> 37.94 | AG34: 3613.7 | AH34: 581.67
A35: =A34+1 -> 26 | B35: 6916.27 | C35: 347683 | D35: =C35-C34 -> -420 | E35: =C35-152000 -> 195683 | F35: =D35/$D$2 -> -211.8003 | G35: 414.32 | H35: 0 | I35: =G35+H35 -> 414.32 | J35: =IF(L35>0,L35,0) -> 25.169697 | K35: =I35+J35 -> 439.4897 | L35: =F35-(I35-W35) -> 25.169697 | M35: 206.02 | N35: =(16.27+16.73)*1.05 -> 34.65 | O35: =M35-N35 -> 171.37 | P35: 113.35 | Q35: 90.96 | R35: =SUM(O35:Q35) -> 375.68 | S35: =(I35-R35)+S34 -> -1279.8845 | T35: 128.25 | U35: 112.71 | V35: =V34-U35 -> 4885.44 | W35: =R35+T35+N35+U35 -> 651.29 | X35: =IF(L35<0,L35*-1,0) -> 0 | Y35: =W35+X35 -> 651.29 | Z35: 0.03 | AA35: 86 | AB35: 53 | AC35: =AC34+1 -> 26 | AD35: 35759 | AE35: 19127 | AF35: =(AG35+AH35)-(AG34+AH34) -> 36.76 | AG35: 3632.53 | AH35: 599.6
A36: =A35+1 -> 27 | B36: 6916.16 | C36: 347220 | D36: =C36-C35 -> -463 | E36: =C36-152000 -> 195220 | F36: =D36/$D$2 -> -233.48462 | G36: 363.14 | H36: 0 | I36: =G36+H36 -> 363.14 | J36: =IF(L36>0,L36,0) -> 39.505381 | K36: =I36+J36 -> 402.64538 | L36: =F36-(I36-W36) -> 39.505381 | M36: 201.48 | N36: =(14.62+14.49)*1.05 -> 30.5655 | O36: =M36-N36 -> 170.9145 | P36: 113.92 | Q36: 90.92 | R36: =SUM(O36:Q36) -> 375.7545 | S36: =(I36-R36)+S35 -> -1292.499 | T36: 117.51 | U36: 112.3 | V36: =V35-U36 -> 4773.14 | W36: =R36+T36+N36+U36 -> 636.13 | X36: =IF(L36<0,L36*-1,0) -> 0 | Y36: =W36+X36 -> 636.13 | Z36: 0.32 | AA36: 84 | AB36: 57 | AC36: =AC35+1 -> 27 | AD36: 36043 | AE36: 19278 | AF36: =(AG36+AH36)-(AG35+AH35) -> 39.71 | AG36: 3652.19 | AH36: 619.65
A37: =A36+1 -> 28 | B37: 6916.04 | C37: 346715 | D37: =C37-C36 -> -505 | E37: =C37-152000 -> 194715 | F37: =D37/$D$2 -> -254.66465 | G37: 332.29 | H37: 0 | I37: =G37+H37 -> 332.29 | J37: =IF(L37>0,L37,0) -> 78.931266 | K37: =I37+J37 -> 411.22127 | L37: =F37-(I37-W37) -> 78.931266 | M37: 209.3 | N37: =(16.76+16.8)*1.05 -> 35.238 | O37: =M37-N38 -> 169.988 | P37: 112.93 | Q37: 90.74 | R37: =SUM(O37:Q37) -> 373.658 | S37: =(I37-R37)+S36 -> -1333.867 | T37: =(AD37-AD36)/$D$2 -> 140.69592 | U37: 112.22 | V37: =V36-U37 -> 4660.92 | W37: =R37+T37+N38+U37 -> 665.88592 | X37: =IF(L37<0,L37*-1,0) -> 0 | Y37: =W37+X37 -> 665.88592 | Z37: 0 | AA37: 83 | AB37: 55 | AC37: =AC36+1 -> 28 | AD37: 36322 | AE37: 19426 | AF37: =(AG37+AH37)-(AG36+AH36) -> 33.14 | AG37: 3667.79 | AH37: 637.19
A38: =A37+1 -> 29 | B38: 6915.91 | C38: 346171 | D38: =C38-C37 -> -544 | E38: =C38-152000 -> 194171 | F38: =D38/$D$2 -> -274.33182 | G38: 343.65 | H38: 0 | I38: =G38+H38 -> 343.65 | J38: =IF(L38>0,L38,0) -> 31.945522 | K38: =I38+J38 -> 375.59552 | L38: =F38-(I38-W38) -> 31.945522 | M38: 219.45 | N38: =(19.37+18.07)*1.05 -> 39.312 | O38: =M38-N38 -> 180.138 | P38: 88.08 | Q38: 90.51 | R38: =SUM(O38:Q38) -> 358.728 | S38: =(I38-R38)+S37 -> -1348.945 | T38: =(AD38-AD37)/$D$2 -> 139.68734 | U38: 112.2 | V38: =V37-U38 -> 4548.72 | W38: =R38+T38+N38+U38 -> 649.92734 | X38: =IF(L38<0,L38*-1,0) -> 0 | Y38: =W38+X38 -> 649.92734 | Z38: 0 | AA38: 86 | AB38: 57 | AC38: =AC37+1 -> 29 | AD38: 36599 | AE38: 19573 | AF38: =(AG38+AH38)-(AG37+AH37) -> 31.43 | AG38: 3683.12 | AH38: 653.29
A39: 30 | B39: 6915.73 | C39: 345420 | D39: =C39-C38 -> -751 | E39: =C39-152000 -> 193420 | F39: =D39/$D$2 -> -378.71911 | G39: 287.18 | H39: 0 | I39: =G39+H39 -> 287.18 | J39: =IF(L39>0,L39,0) -> 0 | K39: =I39+J39 -> 287.18 | L39: =F39-(I39-W39) -> -39.119112 | M39: 206.69 | N39: =(17.17+18.2)*1.05 -> 37.1385 | O39: =M39-N39 -> 169.5515 | P39: 78.61 | Q39: 86.86 | R39: =SUM(O39:Q39) -> 335.0215 | S39: =(I39-R39)+S38 -> -1396.7865 | T39: 142.42 | U39: 112.2 | V39: =V38-U39 -> 4436.52 | W39: =R39+T39+N39+U39 -> 626.78 | X39: =IF(L39<0,L39*-1,0) -> 39.119112 | Y39: =W39+X39 -> 665.89911 | Z39: 0 | AA39: 88 | AB39: 56 | AC39: 30 | AD39: 36880 | AE39: 19721 | AF39: =(AG39+AH39)-(AG38+AH38) -> 32.7 | AG39: 3699.36 | AH39: 669.75
A40: 31 | B40: 6915.55 | C40: 344668 | D40: =C40-C39 -> -752 | E40: =C40-152000 -> 192668 | F40: =D40/$D$2 -> -379.2234 | G40: 252.72 | H40: 0 | I40: =G40+H40 -> 252.72 | J40: =IF(L40>0,L40,0) -> 7.2166011 | K40: =I40+J40 -> 259.9366 | L40: =F40-(I40-W40) -> 7.2166011 | M40: 221.39 | N40: =(18.84+19.43)*1.05 -> 40.1835 | O40: =M40-N40 -> 181.2065 | P40: 79.85 | Q40: 82.12 | R40: =SUM(O40:Q40) -> 343.1765 | S40: =(I40-R40)+S39 -> -1487.243 | T40: 149.62 | U40: 106.18 | V40: =V39-U40 -> 4330.34 | W40: =R40+T40+N40+U40 -> 639.16 | X40: =IF(L40<0,L40*-1,0) -> 0 | Y40: =W40+X40 -> 639.16 | Z40: 0 | AA40: 92 | AB40: 55 | AC40: 31 | AD40: 37136 | AE40: 19854 | AF40: =(AG40+AH40)-(AG39+AH39) -> 35.03 | AG40: 3715.57 | AH40: 688.57
AA41: 73
A42: MONTH / CFS | F42: =SUM(F10:F40) -> -14154.312 | G42: =SUM(G10:G40) -> 8515.26 | H42: =SUM(H10:H40) -> 0 | I42: =SUM(I10:I40) -> 8388.64 | J42: =SUM(J10:J40) -> 989.81735 | K42: =SUM(K10:K40) -> 9378.4573 | L42: =SUM(L10:L40) -> 675.84161 | M42: =SUM(M10:M40) -> 8026.86 | ... R42: =SUM(R10:R40) -> 12949.362 | T42: =SUM(T10:T40) -> 5582.2933 | U42: =SUM(U10:U40) -> 3505.16 | W42: =SUM(W10:W40) -> 23218.793 | X42: =SUM(X10:X40) -> 313.97574 | Y42: =SUM(Y10:Y40) -> 23532.769 | Z42: =SUM(Z10:Z40) -> 2.22 | AA42: =AVERAGE(AA10:AA40) -> 87.096774 | AB42: =AVERAGE(AB10:AB40) -> 56.419355
A43: MONTH / AF | D43: =SUM(D10:D40) -> -28068 | F43: =F42*$D$2 -> -28068 | G43: =G42*$D$2 -> 16885.761 | H43: =H42*$D$2 -> 0 | I43: =I42*$D$2 -> 16634.673 | J43: =J42*$D$2 -> 1962.8078 | K43: =K42*$D$2 -> 18597.481 | L43: =L42*$D$2 -> 1340.1939 | M43: =M42*$D$2 -> 15917.263 | ... R43: =R42*$D$2 -> 25678.584 | T43: =T42*$D$2 -> 11069.688 | U43: =U42*$D$2 -> 6950.7323 | V43: =V42*$D$2 -> 0 | W43: =W42*$D$2 -> 46042.867 | X43: =X42*$D$2 -> 622.61389 | Y43: =Y42*$D$2 -> 46665.481 | AA43: =MAX(AA10:AA40) -> 94 | AB43: =MAX(AB10:AB40) -> 64 | AC43: HI
A45: SEASON / CFS | F45: =F7+F42 -> 17766.011 | G45: =G7+G42 -> 181811.36 | H45: =H7+H42 -> 12482.96 | I45: =I7+I42 -> 194167.7 | J45: =J7+J42 -> 50620.36 | K45: =K7+K42 -> 244788.06 | L45: =L7+L42 -> 49680.79 | M45: =M7+M42 -> 30662.6 | ... R45: =R7+R42 -> 51712.257 | S45: =S40 -> -1487.243 | T45: =T7+T42 -> 14682.473 | U45: =U7+U42 -> 155469.01 | W45: =W7+W42 -> 226082.48 | X45: =X7+X42 -> 939.56948 | Y45: =Y7+Y42 -> 227022.05 | AA45: =MIN(AA10:AA40) -> 79 | AB45: =MIN(AB10:AB40) -> 52 | AC45: LO
A46: SEASON / AF | F46: =F45*$D$2 -> 35230 | G46: =G45*$D$2 -> 360531.93 | H46: =H45*$D$2 -> 24753.71 | I46: =I45*$D$2 -> 385034.55 | J46: =J45*$D$2 -> 100380.17 | K46: =K45*$D$2 -> 485414.72 | L46: =L45*$D$2 -> 98517.007 | M46: =M45*$D$2 -> 60803.936 | ... Y46: =Y45*$D$2 -> 450184.72
A48: YTD / CFS | F48: =F8+F42 -> 39387.292 | G48: =G8+G42 -> 197600.3 | H48: =H8+H42 -> 14867.77 | I48: =I8+I42 -> 212341.35 | J48: =J8+J42 -> 62964.441 | K48: =K8+K42 -> 275305.79 | L48: =L8+L42 -> 61787.809 | M48: =M8+M42 -> 31565.05 | ... R48: =R8+R42 -> 55049.377 | T48: =T8+T42 -> 14682.473 | U48: =U8+U42 -> 160651.65 | V48: =V40 -> 4330.34 | W48: =W8+W42 -> 234741.87 | X48: =X8+X42 -> 1176.6328 | Y48: =Y8+Y42 -> 235918.5 | Z48: =Z8+Z42 -> 20.25
A49: YTD / AF | D49: =D8+D43 -> 78105 | E49: =E40 -> 192668 | F49: =F48*$D$2 -> 78105 | G49: =G48*$D$2 -> 391841.4 | H49: =H48*$D$2 -> 29482.788 | I49: =I48*$D$2 -> 421072.9 | J49: =J48*$D$2 -> 124858.49 | K49: =K48*$D$2 -> 545931.39 | L49: =L48*$D$2 -> 122525.22 | M49: =M48*$D$2 -> 62593.494 | ... Y49: =Y48*$D$2 -> 467826.39
A51: ="SEP /11" -> SEP /11
B52: 6913.95 | C52: 338025 | E52: =C52-152000 -> 186025
A53: ="8/8/94 thru9/11/95" -> 8/8/94 thru9/11/95 | P53: ="1994" -> 1994 | R53: 115017 | S53: -37412
B54: =B52-B17 -> -6.3 | D54: =C52-C17 -> -26634

Sheet SEP
K1: MC PHEE RESERVOIR IN/OUT FLOW TABULATION
A2: AF/cfs CONVERT FACTOR | D2: 1.983 | K2: SEPTEMBER "95"
A4: DATE | B4: RESERV | C4: RESERV | D4: AC FT | E4: ACTIVE | F4: CONV TO | G4: DOLORES | H4: LOST | I4: RECORDED | J4: CALC | K4: TOTAL | L4: CALC | M4: DOLORES TUNNEL | P4: LONE | Q4: U | R4: TOTAL | S4: MVI | T4: DV CR | U4: BELOW | V4: REMAIN | W4: RECORDED | X4: CALC | Y4: TOTAL | Z4: RAIN | AA4: MAX | AB4: MIN | AC4: DATE
A5: "SEP" | B5: ELEV | C5: AC FT | D5: CHANGE | E5: CAP | F5: CFS | G5: RIVER | H5: CANYON | I5: INFLOW | J5: INFLOW | K5: INFLOW | L5: INF/OTF | M5: TOT DIV | N5: UTE F&R | O5: MVI,CTZ | P5: PINE | Q5: LATERAL | R5: MVI | S5: CALL | T5: CANAL | U5: MC PHEE | V5: RELEASE | W5: OUTFLOW | X5: OUTFLOW | Y5: OUTFLOW | AA5: TMP | AB5: TMP | AC5: "SEP" | AG5: EDS
A7: SEASON BAL | F7: {=AUG!$F$45:$Y$45} -> 17766.011 | G7: 181811.36 | H7: 12482.96 | I7: 194167.7 | J7: 50620.36 | K7: 244788.06 | L7: 49680.79 | M7: 30662.6 | N7: 4222.2285 | O7: 26436.297 | P7: 15865.04 | Q7: 9410.92 | R7: 51712.257 | S7: -1487.243 | T7: 14682.473 | U7: 155469.01 | V7: 0 | W7: 226082.48 | X7: 939.56948 | Y7: 227022.05
A8: YTD | B8: {=AUG!$B$40:$C$40} -> 6915.55 | C8: 344668 | D8: {=AUG!$D$49:$E$49} -> 78105 | E8: 192668 | F8: {=AUG!$F$48:$Z$48} -> 39387.292 | G8: 197600.3 | H8: 14867.77 | I8: 212341.35 | J8: 62964.441 | K8: 275305.79 | L8: 61787.809 | M8: 31565.05 | N8: 4237.8585 | O8: 27118.617 | P8: 18439.34 | Q8: 9410.92 | R8: 55049.377 | S8: 0 | T8: 14682.473 | U8: 160651.65 | V8: 4330.34 | W8: 234741.87 | X8: 1176.6328 | Y8: 235918.5 | Z8: 20.25
A10: 1 | B10: 6915.46 | C10: 344292 | D10: =C10-C8 -> -376 | E10: =C10-152000 -> 192292 | F10: =D10/$D$2 -> -189.6117 | G10: 230.28 | H10: 0 | I10: =G10+H10 -> 230.28 | J10: =IF(L10>0,L10,0) -> 194.0683 | K10: =I10+J10 -> 424.3483 | L10: =F10-(I10-W10) -> 194.0683 | M10: 225.53 | N10: =(21.04+21.06)*1.05 -> 44.205 | O10: =M10-N10 -> 181.325 | P10: 80.44 | Q10: 80.64 | R10: =SUM(O10:Q10) -> 342.405 | S10: =(I10-R10)+S7 -> -1599.368 | T10: 131.15 | U10: 96.2 | V10: =V8-U10 -> 4234.14 | W10: =R10+T10+N10+U10 -> 613.96 | X10: =IF(L10<0,L10*-1,0) -> 0 | Y10: =W10+X10 -> 613.96 | Z10: 0 | AA10: 92 | AB10: 55 | AC10: 1
A11: =A10+1 -> 2 | B11: 6915.23 | C11: 343332 | D11: =C11-C10 -> -960 | E11: =C11-152000 -> 191332 | F11: =D11/$D$2 -> -484.11498 | G11: 220.38 | H11: 0 | I11: =G11+H11 -> 220.38 | J11: =IF(L11>0,L11,0) -> 0 | K11: =I11+J11 -> 220.38 | L11: =F11-(I11-W11) -> -127.70498 | M11: 222.91 | N11: =(25.92+26.33)*1.05 -> 54.8625 | O11: =M11-N11 -> 168.0475 | P11: 80.51 | Q11: 80.56 | R11: =SUM(O11:Q11) -> 329.1175 | S11: =(I11-R11)+S10 -> -1708.1055 | T11: 107.99 | U11: 84.82 | V11: =V10-U11 -> 4149.32 | W11: =R11+T11+N11+U11 -> 576.79 | X11: =IF(L11<0,L11*-1,0) -> 127.70498 | Y11: =W11+X11 -> 704.49498 | Z11: 0 | AA11: 90 | AB11: 60 | AC11: =AC10+1 -> 2
A12: =A11+1 -> 3 | B12: 6915.07 | C12: 342664 | D12: =C12-C11 -> -668 | E12: =C12-152000 -> 190664 | F12: =D12/$D$2 -> -336.86334 | G12: 208.92 | H12: 0 | I12: =G12+H12 -> 208.92 | J12: =IF(L12>0,L12,0) -> 36.516662 | K12: =I12+J12 -> 245.43666 | L12: =F12-(I12-W12) -> 36.516662 | M12: 224.55 | N12: =(20.85+21.16)*1.05 -> 44.1105 | O12: =M12-N12 -> 180.4395 | P12: 80.29 | Q12: 80.42 | R12: =SUM(O12:Q12) -> 341.1495 | S12: =(I12-R12)+S11 -> -1840.335 | T12: 112.02 | U12: 85.02 | V12: =V11-U12 -> 4064.3 | W12: =R12+T12+N12+U12 -> 582.3 | X12: =IF(L12<0,L12*-1,0) -> 0 | Y12: =W12+X12 -> 582.3 | Z12: 0 | AA12: 88 | AB12: 58 | AC12: =AC11+1 -> 3
A13: =A12+1 -> 4 | B13: 6914.9 | C13: 341958 | D13: =C13-C12 -> -706 | E13: =C13-152000 -> 189958 | F13: =D13/$D$2 -> -356.02622 | G13: 197.04 | H13: 0 | I13: =G13+H13 -> 197.04 | J13: =IF(L13>0,L13,0) -> 32.313777 | K13: =I13+J13 -> 229.35378 | L13: =F13-(I13-W13) -> 32.313777 | M13: 222.08 | N13: =(17.65+18.96)*1.05 -> 38.4405 | O13: =M13-N13 -> 183.6395 | P13: 80.24 | Q13: 80.2 | R13: =SUM(O13:Q13) -> 344.0795 | S13: =(I13-R13)+S12 -> -1987.3745 | T13: 117.53 | U13: 85.33 | V13: =V12-U13 -> 3978.97 | W13: =R13+T13+N13+U13 -> 585.38 | X13: =IF(L13<0,L13*-1,0) -> 0 | Y13: =W13+X13 -> 585.38 | Z13: 0 | AA13: 91 | AB13: 59 | AC13: =AC12+1 -> 4
A14: =A13+1 -> 5 | B14: 6914.66 | C14: 340965 | D14: =C14-C13 -> -993 | E14: =C14-152000 -> 188965 | F14: =D14/$D$2 -> -500.75643 | G14: 185.35 | H14: 0 | I14: =G14+H14 -> 185.35 | J14: =IF(L14>0,L14,0) -> 0 | K14: =I14+J14 -> 185.35 | L14: =F14-(I14-W14) -> -85.26643 | M14: 233.38 | N14: =(17.18+17.37)*1.05 -> 36.2775 | O14: =M14-N14 -> 197.1025 | P14: 80.23 | Q14: 79.98 | R14: =SUM(O14:Q14) -> 357.3125 | S14: =(I14-R14)+S13 -> -2159.337 | T14: 121.65 | U14: 85.6 | V14: =V13-U14 -> 3893.37 | W14: =R14+T14+N14+U14 -> 600.84 | X14: =IF(L14<0,L14*-1,0) -> 85.26643 | Y14: =W14+X14 -> 686.10643 | Z14: 0 | AA14: 87 | AB14: 57 | AC14: =AC13+1 -> 5
A15: =A14+1 -> 6 | B15: 6914.45 | C15: 340095 | D15: =C15-C14 -> -870 | E15: =C15-152000 -> 188095 | F15: =D15/$D$2 -> -438.7292 | G15: 181.54 | H15: 0 | I15: =G15+H15 -> 181.54 | J15: =IF(L15>0,L15,0) -> 0 | K15: =I15+J15 -> 181.54 | L15: =F15-(I15-W15) -> -12.459198 | M15: 243.81 | N15: =(17.35+17.34)*1.05 -> 36.4245 | O15: =M15-N15 -> 207.3855 | P15: 80.04 | Q15: 80.6 | R15: =SUM(O15:Q15) -> 368.0255 | S15: =(I15-R15)+S14 -> -2345.8225 | T15: 117.53 | U15: 85.83 | V15: =V14-U15 -> 3807.54 | W15: =R15+T15+N15+U15 -> 607.81 | X15: =IF(L15<0,L15*-1,0) -> 12.459198 | Y15: =W15+X15 -> 620.2692 | Z15: 0 | AA15: 85 | AB15: 60 | AC15: =AC14+1 -> 6
A16: =A15+1 -> 7 | B16: 6914.23 | C16: 339183 | D16: =C16-C15 -> -912 | E16: =C16-152000 -> 187183 | F16: =D16/$D$2 -> -459.90923 | G16: 192.3 | H16: 0 | I16: =G16+H16 -> 192.3 | J16: =IF(L16>0,L16,0) -> 0 | K16: =I16+J16 -> 192.3 | L16: =F16-(I16-W16) -> -43.229228 | M16: 244.01 | N16: =(16.57+16.51)*1.05 -> 34.734 | O16: =M16-N16 -> 209.276 | P16: 79.98 | Q16: 80.57 | R16: =SUM(O16:Q16) -> 369.826 | S16: =(I16-R16)+S15 -> -2523.3485 | T16: 119.36 | U16: 85.06 | V16: =V15-U16 -> 3722.48 | W16: =R16+T16+N16+U16 -> 608.98 | X16: =IF(L16<0,L16*-1,0) -> 43.229228 | Y16: =W16+X16 -> 652.20923 | Z16: 0.17 | AA16: 81 | AB16: 57 | AC16: =AC15+1 -> 7
A17: =A16+1 -> 8 | B17: 6914.18 | C17: 338977 | D17: =C17-C16 -> -206 | E17: =C17-152000 -> 186977 | F17: =D17/$D$2 -> -103.88301 | G17: 215.82 | H17: 0 | I17: =G17+H17 -> 215.82 | J17: =IF(L17>0,L17,0) -> 222.25699 | K17: =I17+J17 -> 438.07699 | L17: =F17-(I17-W17) -> 222.25699 | M17: 218.32 | N17: =(9.13+9.71)*1.05 -> 19.782 | O17: =M17-N17 -> 198.538 | P17: 80.34 | Q17: 80.54 | R17: =SUM(O17:Q17) -> 359.418 | S17: =(I17-R17)+S16 -> -2666.9465 | T17: 73.13 | U17: 89.63 | V17: =V16-U17 -> 3632.85 | W17: =R17+T17+N17+U17 -> 541.96 | X17: =IF(L17<0,L17*-1,0) -> 0 | Y17: =W17+X17 -> 541.96 | Z17: 0.75 | AA17: 75 | AB17: 52 | AC17: =AC16+1 -> 8
