Workbook

Sheet NOV
K1: MC PHEE RESERVOIR IN/OUT FLOW TABULATION
A2: AF/cfs CONVERT FACTOR | D2: 1.9835 | L2: NOVEMBER "1989"
A4: DATE | B4: RESERV | C4: RESERV | D4: AC FT | E4: ACTIVE | F4: CONV TO | G4: DOLORES | H4: LOST | I4: RECORDED | J4: CALC | K4: TOTAL | L4: CALC | M4: TUNNEL | Q4: LONE | R4: U | S4: TOTAL | T4: MVI | U4: DV CR | V4: BELOW | W4: RECORDED | X4: CALC | Y4: TOTAL | Z4: RAIN | AA4: MAX | AB4: MIN | AC4: DATE
A5: "NOV" | B5: ELEV | C5: AC FT | D5: CHANGE | E5: CAP | F5: CFS | G5: RIVER | H5: CANYON | I5: INFLOW | J5: INFLOW | K5: INFLOW | L5: INF/OTF | M5: TOT DIV | N5: WETLAND | O5: UTE F&R | P5: MVI,CTZ | Q5: PINE | R5: LAT | S5: MVI | T5: CALL | U5: CANAL | V5: MC PHEE | W5: OUTFLOW | X5: OUTFLOW | Y5: OUTFLOW | AA5: TMP | AB5: TMP | AC5: "NOV"
A7: SEASON BAL
A8: YTD | B8: 6903.45 | C8: 296485
A10: 1 | B10: 6903.38 | C10: 296219 | D10: =C10-C8 -> -266 | E10: =C10-152000 -> 144219 | F10: =D10/$D$2 -> -134.10638 | G10: 52.08 | H10: 0 | I10: =G10+H10 -> 52.08 | J10: =IF(L10>0,L10,0) -> 0 | K10: =I10+J10 -> 52.08 | L10: =F10-(I10-W10) -> -82.816378 | M10: 29 | N10: 0 | O10: 0 | P10: =M10-(N10+O10) -> 29 | Q10: 0 | R10: 0 | S10: =SUM(P10:R10) -> 29 | U10: 0 | V10: 74.37 | W10: =N10+O10+S10+U10+V10 -> 103.37 | X10: =IF(L10<0,L10*-1,0) -> 82.816378 | Y10: =W10+X10 -> 186.18638 | Z10: 0 | AA10: 34 | AB10: 21 | AC10: 1
A11: =A10+1 -> 2 | B11: 6903.32 | C11: 295991 | D11: =C11-C10 -> -228 | E11: =C11-152000 -> 143991 | F11: =D11/$D$2 -> -114.94832 | G11: 57.93 | H11: 0 | I11: =G11+H11 -> 57.93 | J11: =IF(L11>0,L11,0) -> 0 | K11: =I11+J11 -> 57.93 | L11: =F11-(I11-W11) -> -69.508324 | M11: 29 | N11: 0 | O11: 0 | P11: =M11-(N11+O11) -> 29 | Q11: 0 | R11: 0 | S11: =SUM(P11:R11) -> 29 | U11: 0 | V11: 74.37 | W11: =N11+O11+S11+U11+V11 -> 103.37 | X11: =IF(L11<0,L11*-1,0) -> 69.508324 | Y11: =W11+X11 -> 172.87832 | Z11: 0 | AA11: 44 | AB11: 14 | AC11: =AC10+1 -> 2
A12: =A11+1 -> 3 | B12: 6903.27 | C12: 295802 | D12: =C12-C11 -> -189 | E12: =C12-152000 -> 143802 | F12: =D12/$D$2 -> -95.28611 | G12: 52.68 | H12: 0 | I12: =G12+H12 -> 52.68 | J12: =IF(L12>0,L12,0) -> 0 | K12: =I12+J12 -> 52.68 | L12: =F12-(I12-W12) -> -44.59611 | M12: 29 | N12: 0 | O12: 0 | P12: =M12-(N12+O12) -> 29 | Q12: 0 | R12: 0 | S12: =SUM(P12:R12) -> 29 | U12: 0 | V12: 74.37 | W12: =N12+O12+S12+U12+V12 -> 103.37 | X12: =IF(L12<0,L12*-1,0) -> 44.59611 | Y12: =W12+X12 -> 147.96611 | Z12: 0 | AA12: 54 | AB12: 18 | AC12: =AC11+1 -> 3
A13: =A12+1 -> 4 | B13: 6903.23 | C13: 295650 | D13: =C13-C12 -> -152 | E13: =C13-152000 -> 143650 | F13: =D13/$D$2 -> -76.632216 | G13: 46.86 | H13: 0 | I13: =G13+H13 -> 46.86 | J13: =IF(L13>0,L13,0) -> 0 | K13: =I13+J13 -> 46.86 | L13: =F13-(I13-W13) -> -20.122216 | M13: 29 | N13: 0 | O13: 0 | P13: =M13-(N13+O13) -> 29 | Q13: 0 | R13: 0 | S13: =SUM(P13:R13) -> 29 | U13: 0 | V13: 74.37 | W13: =N13+O13+S13+U13+V13 -> 103.37 | X13: =IF(L13<0,L13*-1,0) -> 20.122216 | Y13: =W13+X13 -> 123.49222 | Z13: 0 | AA13: 52 | AB13: 20 | AC13: =AC12+1 -> 4
A14: =A13+1 -> 5 | B14: 6903.19 | C14: 295498 | D14: =C14-C13 -> -152 | E14: =C14-152000 -> 143498 | F14: =D14/$D$2 -> -76.632216 | G14: 47.84 | H14: 0 | I14: =G14+H14 -> 47.84 | J14: =IF(L14>0,L14,0) -> 0 | K14: =I14+J14 -> 47.84 | L14: =F14-(I14-W14) -> -21.102216 | M14: 29 | N14: 0 | O14: 0 | P14: =M14-(N14+O14) -> 29 | Q14: 0 | R14: 0 | S14: =SUM(P14:R14) -> 29 | U14: 0 | V14: 74.37 | W14: =N14+O14+S14+U14+V14 -> 103.37 | X14: =IF(L14<0,L14*-1,0) -> 21.102216 | Y14: =W14+X14 -> 124.47222 | Z14: 0.02 | AA14: 48 | AB14: 20 | AC14: =AC13+1 -> 5
A15: =A14+1 -> 6 | B15: 6903.16 | C15: 295384 | D15: =C15-C14 -> -114 | E15: =C15-152000 -> 143384 | F15: =D15/$D$2 -> -57.474162 | G15: 51.95 | H15: 0 | I15: =G15+H15 -> 51.95 | J15: =IF(L15>0,L15,0) -> 0 | K15: =I15+J15 -> 51.95 | L15: =F15-(I15-W15) -> -6.0441618 | M15: 29 | N15: 0 | O15: 0 | P15: =M15-(N15+O15) -> 29 | Q15: 0 | R15: 0 | S15: =SUM(P15:R15) -> 29 | U15: 0 | V15: 74.38 | W15: =N15+O15+S15+U15+V15 -> 103.38 | X15: =IF(L15<0,L15*-1,0) -> 6.0441618 | Y15: =W15+X15 -> 109.42416 | Z15: 0.01 | AA15: 46 | AB15: 21 | AC15: =AC14+1 -> 6
A16: =A15+1 -> 7 | B16: 6903.11 | C16: 295195 | D16: =C16-C15 -> -189 | E16: =C16-152000 -> 143195 | F16: =D16/$D$2 -> -95.28611 | G16: 47.15 | H16: 0 | I16: =G16+H16 -> 47.15 | J16: =IF(L16>0,L16,0) -> 0 | K16: =I16+J16 -> 47.15 | L16: =F16-(I16-W16) -> -39.05611 | M16: 29 | N16: 0 | O16: 0 | P16: =M16-(N16+O16) -> 29 | Q16: 0 | R16: 0 | S16: =SUM(P16:R16) -> 29 | U16: 0 | V16: 74.38 | W16: =N16+O16+S16+U16+V16 -> 103.38 | X16: =IF(L16<0,L16*-1,0) -> 39.05611 | Y16: =W16+X16 -> 142.43611 | Z16: 0 | AA16: 44 | AB16: 20 | AC16: =AC15+1 -> 7
A17: =A16+1 -> 8 | B17: 6903.07 | C17: 295043 | D17: =C17-C16 -> -152 | E17: =C17-152000 -> 143043 | F17: =D17/$D$2 -> -76.632216 | G17: 42.36 | H17: 0 | I17: =G17+H17 -> 42.36 | J17: =IF(L17>0,L17,0) -> 0 | K17: =I17+J17 -> 42.36 | L17: =F17-(I17-W17) -> -11.532216 | M17: 29 | N17: 0 | O17: 0 | P17: =M17-(N17+O17) -> 29 | Q17: 0 | R17: 0 | S17: =SUM(P17:R17) -> 29 | U17: 0 | V17: 78.46 | W17: =N17+O17+S17+U17+V17 -> 107.46 | X17: =IF(L17<0,L17*-1,0) -> 11.532216 | Y17: =W17+X17 -> 118.99222 | Z17: 0.03 | AA17: 45 | AB17: 25 | AC17: =AC16+1 -> 8
A18: =A17+1 -> 9 | B18: 6903.02 | C18: 294853 | D18: =C18-C17 -> -190 | E18: =C18-152000 -> 142853 | F18: =D18/$D$2 -> -95.79027 | G18: 39.38 | H18: 0 | I18: =G18+H18 -> 39.38 | J18: =IF(L18>0,L18,0) -> 0 | K18: =I18+J18 -> 39.38 | L18: =F18-(I18-W18) -> -27.67027 | M18: 29 | N18: 0 | O18: 0 | P18: =M18-(N18+O18) -> 29 | Q18: 0 | R18: 0 | S18: =SUM(P18:R18) -> 29 | U18: 0 | V18: 78.5 | W18: =N18+O18+S18+U18+V18 -> 107.5 | X18: =IF(L18<0,L18*-1,0) -> 27.67027 | Y18: =W18+X18 -> 135.17027 | Z18: 0 | AA18: 46 | AB18: 23 | AC18: =AC17+1 -> 9
A19: =A18+1 -> 10 | B19: 6902.97 | C19: 294665 | D19: =C19-C18 -> -188 | E19: =C19-152000 -> 142665 | F19: =D19/$D$2 -> -94.781951 | G19: 45.8 | H19: 0 | I19: =G19+H19 -> 45.8 | J19: =IF(L19>0,L19,0) -> 0 | K19: =I19+J19 -> 45.8 | L19: =F19-(I19-W19) -> -33.091951 | M19: 29 | N19: 0 | O19: 0 | P19: =M19-(N19+O19) -> 29 | Q19: 0 | R19: 0 | S19: =SUM(P19:R19) -> 29 | U19: 0 | V19: 78.49 | W19: =N19+O19+S19+U19+V19 -> 107.49 | X19: =IF(L19<0,L19*-1,0) -> 33.091951 | Y19: =W19+X19 -> 140.58195 | Z19: 0 | AA19: 45 | AB19: 24 | AC19: =AC18+1 -> 10
A20: =A19+1 -> 11 | B20: 6902.92 | C20: 294476 | D20: =C20-C19 -> -189 | E20: =C20-152000 -> 142476 | F20: =D20/$D$2 -> -95.28611 | G20: 48.33 | H20: 0 | I20: =G20+H20 -> 48.33 | J20: =IF(L20>0,L20,0) -> 0 | K20: =I20+J20 -> 48.33 | L20: =F20-(I20-W20) -> -36.11611 | M20: 29 | N20: 0 | O20: 0 | P20: =M20-(N20+O20) -> 29 | Q20: 0 | R20: 0 | S20: =SUM(P20:R20) -> 29 | U20: 0 | V20: 78.5 | W20: =N20+O20+S20+U20+V20 -> 107.5 | X20: =IF(L20<0,L20*-1,0) -> 36.11611 | Y20: =W20+X20 -> 143.61611 | Z20: 0 | AA20: 45 | AB20: 23 | AC20: =AC19+1 -> 11
A21: =A20+1 -> 12 | B21: 6902.86 | C21: 294251 | D21: =C21-C20 -> -225 | E21: =C21-152000 -> 142251 | F21: =D21/$D$2 -> -113.43585 | G21: 46.22 | H21: 0 | I21: =G21+H21 -> 46.22 | J21: =IF(L21>0,L21,0) -> 0 | K21: =I21+J21 -> 46.22 | L21: =F21-(I21-W21) -> -52.165846 | M21: 29 | N21: 0 | O21: 0 | P21: =M21-(N21+O21) -> 29 | Q21: 0 | R21: 0 | S21: =SUM(P21:R21) -> 29 | U21: 0 | V21: 78.49 | W21: =N21+O21+S21+U21+V21 -> 107.49 | X21: =IF(L21<0,L21*-1,0) -> 52.165846 | Y21: =W21+X21 -> 159.65585 | Z21: 0 | AA21: 47 | AB21: 24 | AC21: =AC20+1 -> 12
A22: =A21+1 -> 13 | B22: 6902.82 | C22: 294100 | D22: =C22-C21 -> -151 | E22: =C22-152000 -> 142100 | F22: =D22/$D$2 -> -76.128056 | G22: 43.47 | H22: 0 | I22: =G22+H22 -> 43.47 | J22: =IF(L22>0,L22,0) -> 0 | K22: =I22+J22 -> 43.47 | L22: =F22-(I22-W22) -> -11.978056 | M22: 29 | N22: 0 | O22: 0 | P22: =M22-(N22+O22) -> 29 | Q22: 0 | R22: 0 | S22: =SUM(P22:R22) -> 29 | U22: 0 | V22: 78.62 | W22: =N22+O22+S22+U22+V22 -> 107.62 | X22: =IF(L22<0,L22*-1,0) -> 11.978056 | Y22: =W22+X22 -> 119.59806 | Z22: 0 | AA22: 46 | AB22: 22 | AC22: =AC21+1 -> 13
... A38: =A37+1 -> 29 | B38: 6900.65 | C38: 285986 | D38: =C38-C37 -> -270 | E38: =C38-152000 -> 133986 | F38: =D38/$D$2 -> -136.12301 | G38: 28 | H38: 0 | I38: =G38+H38 -> 28 | J38: =IF(L38>0,L38,0) -> 10.526985 | K38: =I38+J38 -> 38.526985 | L38: =F38-(I38-W38) -> 10.526985 | M38: 5.13 | N38: 0 | O38: 0 | P38: =M38-(N38+O38) -> 5.13 | Q38: 90.87 | R38: 0 | S38: =SUM(P38:R38) -> 96 | U38: 0 | V38: 78.65 | W38: =N38+O38+S38+U38+V38 -> 174.65 | X38: =IF(L38<0,L38*-1,0) -> 0 | Y38: =W38+X38 -> 174.65 | Z38: 0.04 | AA38: 40 | AB38: 27 | AC38: =AC37+1 -> 29
A39: 30 | B39: 6900.6 | C39: 285801 | D39: =C39-C38 -> -185 | E39: =C39-152000 -> 133801 | F39: =D39/$D$2 -> -93.269473 | G39: 28 | H39: 0 | I39: =G39+H39 -> 28 | J39: =IF(L39>0,L39,0) -> 0 | K39: =I39+J39 -> 28 | L39: =F39-(I39-W39) -> -37.629473 | M39: 5.13 | N39: 0 | O39: 0 | P39: =M39-(N39+O39) -> 5.13 | Q39: 0 | R39: 0 | S39: =SUM(P39:R39) -> 5.13 | U39: 0 | V39: 78.51 | W39: =N39+O39+S39+U39+V39 -> 83.64 | X39: =IF(L39<0,L39*-1,0) -> 37.629473 | Y39: =W39+X39 -> 121.26947 | Z39: 0.12 | AA39: 50 | AB39: 33 | AC39: 30
A41: MONTH / CFS | F41: =SUM(F10:F39) -> -5386.4381 | G41: =SUM(G10:G39) -> 1320.62 | H41: =SUM(H10:H39) -> 0 | I41: =SUM(I10:I39) -> 1320.62 | J41: =SUM(J10:J39) -> 184.80309 | K41: =SUM(K10:K39) -> 1505.4231 | L41: =SUM(L10:L39) -> -1096.4681 | M41: =SUM(M10:M39) -> 617.79 | ... S41: =SUM(S10:S39) -> 3282.25 | U41: =SUM(U10:U39) -> 0 | V41: =SUM(V10:V39) -> 2328.34 | W41: =SUM(W10:W39) -> 5610.59 | X41: =SUM(X10:X39) -> 1281.2712 | Y41: =SUM(Y10:Y39) -> 6891.8612 | Z41: =SUM(Z10:Z39) -> 1.92 | AA41: =AVERAGE(AA10:AA39) -> 46.066667 | AB41: =AVERAGE(AB10:AB39) -> 21.733333 | AC41: Avg
A42: MONTH / AF | D42: =SUM(D10:D39) -> -10684 | F42: =F41*$D$2 -> -10684 | G42: =G41*$D$2 -> 2619.4498 | H42: =H41*$D$2 -> 0 | I42: =I41*$D$2 -> 2619.4498 | J42: =J41*$D$2 -> 366.55692 | K42: =K41*$D$2 -> 2986.0067 | L42: =L41*$D$2 -> -2174.8445 | M42: =M41*$D$2 -> 1225.3865 | ... S42: =S41*$D$2 -> 6510.3429 | U42: =U41*$D$2 -> 0 | V42: =V41*$D$2 -> 4618.2624 | W42: =W41*$D$2 -> 11128.605 | X42: =X41*$D$2 -> 2541.4014 | Y42: =Y41*$D$2 -> 13670.007 | AA42: =MAX(AA10:AA39) -> 59 | AB42: =MAX(AB10:AB39) -> 33 | AC42: HI
A44: SEASON / CFS | AA44: =MIN(AA10:AA39) -> 34 | AB44: =MIN(AB10:AB39) -> 14 | AC44: LO
A45: SEASON / AF
A47: YTD / CFS | F47: =F8+F41 -> -5386.4381 | G47: =G8+G41 -> 1320.62 | H47: =H8+H41 -> 0 | I47: =I8+I41 -> 1320.62 | J47: =J8+J41 -> 184.80309 | K47: =K8+K41 -> 1505.4231 | L47: =L8+L41 -> -1096.4681 | M47: =M8+M41 -> 617.79 | ... S47: =S8+S41 -> 3282.25 | U47: =U8+U41 -> 0 | V47: =V8+V41 -> 2328.34 | W47: =W8+W41 -> 5610.59 | X47: =X8+X41 -> 1281.2712 | Y47: =Y8+Y41 -> 6891.8612 | Z47: =Z8+Z41 -> 1.92
A48: YTD / AF | D48: =D8+D42 -> -10684 | E48: =E39 -> 133801 | F48: =F47*$D$2 -> -10684 | G48: =G47*$D$2 -> 2619.4498 | H48: =H47*$D$2 -> 0 | I48: =I47*$D$2 -> 2619.4498 | J48: =J47*$D$2 -> 366.55692 | K48: =K47*$D$2 -> 2986.0067 | L48: =L47*$D$2 -> -2174.8445 | M48: =M47*$D$2 -> 1225.3865 | ... Y48: =Y47*$D$2 -> 13670.007

Sheet DEC
K1: MC PHEE RESERVOIR IN/OUT FLOW TABULATION
A2: AF/cfs CONVERT FACTOR | D2: 1.9835 | K2: DECEMBER "1989"
A4: DATE | B4: RESERV | C4: RESERV | D4: AC FT | E4: ACTIVE | F4: CONV TO | G4: DOLORES | H4: LOST | I4: RECORDED | J4: CALC | K4: TOTAL | L4: CALC | M4: TUNNEL | Q4: LONE | R4: U | S4: TOTAL | T4: MVI | U4: DV CR | V4: BELOW | W4: RECORDED | X4: CALC | Y4: TOTAL | Z4: RAIN | AA4: MAX | AB4: MIN | AC4: DATE
A5: "DEC" | B5: ELEV | C5: AC FT | D5: CHANGE | E5: CAP | F5: CFS | G5: RIVER | H5: CANYON | I5: INFLOW | J5: INFLOW | K5: INFLOW | L5: INF/OTF | M5: TOT DIV | N5: WETLAND | O5: UTE F&R | P5: MVI,CTZ | Q5: PINE | R5: LAT | S5: MVI | T5: CALL | U5: CANAL | V5: MC PHEE | W5: OUTFLOW | X5: OUTFLOW | Y5: OUTFLOW | AA5: TMP | AB5: TMP | AC5: "DEC"
A7: SEASON BAL
A8: YTD | B8: =NOV!B39 -> 6900.6 | C8: =NOV!C39 -> 285801 | D8: =NOV!$D$48 -> -10684 | E8: =NOV!$E$39 -> 133801 | F8: =NOV!F47 -> -5386.4381 | G8: =NOV!G47 -> 1320.62 | H8: =NOV!H47 -> 0 | I8: =NOV!I47 -> 1320.62 | J8: =NOV!J47 -> 184.80309 | K8: =NOV!K47 -> 1505.4231 | L8: =NOV!L47 -> -1096.4681 | M8: =NOV!M47 -> 617.79 | ... Z8: =NOV!Z47 -> 1.92
A10: 1 | B10: 6900.57 | C10: 285690 | D10: =C10-C8 -> -111 | E10: =C10-152000 -> 133690 | F10: =D10/$D$2 -> -55.961684 | G10: 32.8 | H10: 0 | I10: =G10+H10 -> 32.8 | J10: =IF(L10>0,L10,0) -> 0 | K10: =I10+J10 -> 32.8 | L10: =F10-(I10-W10) -> -4.9816839 | M10: 5.13 | N10: 0 | O10: 0 | P10: =M10-(N10+O10) -> 5.13 | Q10: 0 | R10: 0 | S10: =SUM(P10:R10) -> 5.13 | U10: 0 | V10: 78.65 | W10: =N10+O10+S10+U10+V10 -> 83.78 | X10: =IF(L10<0,L10*-1,0) -> 4.9816839 | Y10: =W10+X10 -> 88.761684 | Z10: 0 | AA10: 40 | AB10: 13 | AC10: 1
A11: =A10+1 -> 2 | B11: 6900.55 | C11: 285616 | D11: =C11-C10 -> -74 | E11: =C11-152000 -> 133616 | F11: =D11/$D$2 -> -37.307789 | G11: 46.4 | H11: 0 | I11: =G11+H11 -> 46.4 | J11: =IF(L11>0,L11,0) -> 0 | K11: =I11+J11 -> 46.4 | L11: =F11-(I11-W11) -> -0.0077892614 | M11: 5.13 | N11: 0 | O11: 0 | P11: =M11-(N11+O11) -> 5.13 | Q11: 0 | R11: 0 | S11: =SUM(P11:R11) -> 5.13 | U11: 0 | V11: 78.57 | W11: =N11+O11+S11+U11+V11 -> 83.7 | X11: =IF(L11<0,L11*-1,0) -> 0.0077892614 | Y11: =W11+X11 -> 83.707789 | Z11: 0 | AA11: 40 | AB11: 13 | AC11: =AC10+1 -> 2
A12: =A11+1 -> 3 | B12: 6900.52 | C12: 285505 | D12: =C12-C11 -> -111 | E12: =C12-152000 -> 133505 | F12: =D12/$D$2 -> -55.961684 | G12: 28 | H12: 0 | I12: =G12+H12 -> 28 | J12: =IF(L12>0,L12,0) -> 0.028316108 | K12: =I12+J12 -> 28.028316 | L12: =F12-(I12-W12) -> 0.028316108 | M12: 5.13 | N12: 0 | O12: 0 | P12: =M12-(N12+O12) -> 5.13 | Q12: 0 | R12: 0 | S12: =SUM(P12:R12) -> 5.13 | U12: 0 | V12: 78.86 | W12: =N12+O12+S12+U12+V12 -> 83.99 | X12: =IF(L12<0,L12*-1,0) -> 0 | Y12: =W12+X12 -> 83.99 | Z12: 0 | AA12: 43 | AB12: 14 | AC12: =AC11+1 -> 3
A13: =A12+1 -> 4 | B13: 6900.48 | C13: 285357 | D13: =C13-C12 -> -148 | E13: =C13-152000 -> 133357 | F13: =D13/$D$2 -> -74.615579 | G13: 9.6 | H13: 0 | I13: =G13+H13 -> 9.6 | J13: =IF(L13>0,L13,0) -> 0 | K13: =I13+J13 -> 9.6 | L13: =F13-(I13-W13) -> -0.045578523 | M13: 5.13 | N13: 0 | O13: 0 | P13: =M13-(N13+O13) -> 5.13 | Q13: 0 | R13: 0 | S13: =SUM(P13:R13) -> 5.13 | U13: 0 | V13: 79.04 | W13: =N13+O13+S13+U13+V13 -> 84.17 | X13: =IF(L13<0,L13*-1,0) -> 0.045578523 | Y13: =W13+X13 -> 84.215579 | Z13: 0 | AA13: 44 | AB13: 17 | AC13: =AC12+1 -> 4
A14: =A13+1 -> 5 | B14: 6900.45 | C14: 285246 | D14: =C14-C13 -> -111 | E14: =C14-152000 -> 133246 | F14: =D14/$D$2 -> -55.961684 | G14: 28.1 | H14: 0 | I14: =G14+H14 -> 28.1 | J14: =IF(L14>0,L14,0) -> 0.018316108 | K14: =I14+J14 -> 28.118316 | L14: =F14-(I14-W14) -> 0.018316108 | M14: 5.13 | N14: 0 | O14: 0 | P14: =M14-(N14+O14) -> 5.13 | Q14: 0 | R14: 0 | S14: =SUM(P14:R14) -> 5.13 | U14: 0 | V14: 78.95 | W14: =N14+O14+S14+U14+V14 -> 84.08 | X14: =IF(L14<0,L14*-1,0) -> 0 | Y14: =W14+X14 -> 84.08 | Z14: 0 | AA14: 41 | AB14: 18 | AC14: =AC13+1 -> 5
A15: =A14+1 -> 6 | B15: 6900.41 | C15: 285098 | D15: =C15-C14 -> -148 | E15: =C15-152000 -> 133098 | F15: =D15/$D$2 -> -74.615579 | G15: 9.4 | H15: 0 | I15: =G15+H15 -> 9.4 | J15: =IF(L15>0,L15,0) -> 0.034421477 | K15: =I15+J15 -> 9.4344215 | L15: =F15-(I15-W15) -> 0.034421477 | M15: 5.13 | N15: 0 | O15: 0 | P15: =M15-(N15+O15) -> 5.13 | Q15: 0 | R15: 0 | S15: =SUM(P15:R15) -> 5.13 | U15: 0 | V15: 78.92 | W15: =N15+O15+S15+U15+V15 -> 84.05 | X15: =IF(L15<0,L15*-1,0) -> 0 | Y15: =W15+X15 -> 84.05 | Z15: 0 | AA15: 36 | AB15: 21 | AC15: =AC14+1 -> 6
A16: =A15+1 -> 7 | B16: 6900.37 | C16: 284950 | D16: =C16-C15 -> -148 | E16: =C16-152000 -> 132950 | F16: =D16/$D$2 -> -74.615579 | G16: 9.4 | H16: 0 | I16: =G16+H16 -> 9.4 | J16: =IF(L16>0,L16,0) -> 0 | K16: =I16+J16 -> 9.4 | L16: =F16-(I16-W16) -> -0.0055785228 | M16: 5.13 | N16: 0 | O16: 0 | P16: =M16-(N16+O16) -> 5.13 | Q16: 0 | R16: 0 | S16: =SUM(P16:R16) -> 5.13 | U16: 0 | V16: 78.88 | W16: =N16+O16+S16+U16+V16 -> 84.01 | X16: =IF(L16<0,L16*-1,0) -> 0.0055785228 | Y16: =W16+X16 -> 84.015579 | Z16: 0 | AA16: 40 | AB16: 19 | AC16: =AC15+1 -> 7
A17: =A16+1 -> 8 | B17: 6900.33 | C17: 284801 | D17: =C17-C16 -> -149 | E17: =C17-152000 -> 132801 | F17: =D17/$D$2 -> -75.119738 | G17: 9.1 | H17: 0 | I17: =G17+H17 -> 9.1 | J17: =IF(L17>0,L17,0) -> 0 | K17: =I17+J17 -> 9.1 | L17: =F17-(I17-W17) -> -0.019737837 | M17: 5.13 | N17: 0 | O17: 0 | P17: =M17-(N17+O17) -> 5.13 | Q17: 0 | R17: 0 | S17: =SUM(P17:R17) -> 5.13 | U17: 0 | V17: 79.07 | W17: =N17+O17+S17+U17+V17 -> 84.2 | X17: =IF(L17<0,L17*-1,0) -> 0.019737837 | Y17: =W17+X17 -> 84.219738 | Z17: 0 | AA17: 38 | AB17: 17 | AC17: =AC16+1 -> 8
A18: =A17+1 -> 9 | B18: 6900.29 | C18: 284653 | D18: =C18-C17 -> -148 | E18: =C18-152000 -> 132653 | F18: =D18/$D$2 -> -74.615579 | G18: 9.3 | H18: 0 | I18: =G18+H18 -> 9.3 | J18: =IF(L18>0,L18,0) -> 0.014421477 | K18: =I18+J18 -> 9.3144215 | L18: =F18-(I18-W18) -> 0.014421477 | M18: 5.13 | N18: 0 | O18: 0 | P18: =M18-(N18+O18) -> 5.13 | Q18: 0 | R18: 0 | S18: =SUM(P18:R18) -> 5.13 | U18: 0 | V18: 78.8 | W18: =N18+O18+S18+U18+V18 -> 83.93 | X18: =IF(L18<0,L18*-1,0) -> 0 | Y18: =W18+X18 -> 83.93 | Z18: 0 | AA18: 37 | AB18: 15 | AC18: =AC17+1 -> 9
A19: =A18+1 -> 10 | B19: 6900.25 | C19: 284505 | D19: =C19-C18 -> -148 | E19: =C19-152000 -> 132505 | F19: =D19/$D$2 -> -74.615579 | G19: 9.7 | H19: 0 | I19: =G19+H19 -> 9.7 | J19: =IF(L19>0,L19,0) -> 0.014421477 | K19: =I19+J19 -> 9.7144215 | L19: =F19-(I19-W19) -> 0.014421477 | M19: 5.13 | N19: 0 | O19: 0 | P19: =M19-(N19+O19) -> 5.13 | Q19: 0 | R19: 0 | S19: =SUM(P19:R19) -> 5.13 | U19: 0 | V19: 79.2 | W19: =N19+O19+S19+U19+V19 -> 84.33 | X19: =IF(L19<0,L19*-1,0) -> 0 | Y19: =W19+X19 -> 84.33 | Z19: 0 | AA19: 21 | AB19: 12 | AC19: =AC18+1 -> 10
A20: =A19+1 -> 11 | B20: 6900.21 | C20: 284320 | D20: =C20-C19 -> -185 | E20: =C20-152000 -> 132320 | F20: =D20/$D$2 -> -93.269473 | G20: 0 | H20: 0 | I20: =G20+H20 -> 0 | J20: =IF(L20>0,L20,0) -> 0 | K20: =I20+J20 -> 0 | L20: =F20-(I20-W20) -> -9.1194732 | M20: 5.13 | N20: 0 | O20: 0 | P20: =M20-(N20+O20) -> 5.13 | Q20: 0 | R20: 0 | S20: =SUM(P20:R20) -> 5.13 | U20: 0 | V20: 79.02 | W20: =N20+O20+S20+U20+V20 -> 84.15 | X20: =IF(L20<0,L20*-1,0) -> 9.1194732 | Y20: =W20+X20 -> 93.269473 | Z20: 0 | AA20: 28 | AB20: 5 | AC20: =AC19+1 -> 11
A21: =A20+1 -> 12 | B21: 6900.17 | C21: 284209 | D21: =C21-C20 -> -111 | E21: =C21-152000 -> 132209 | F21: =D21/$D$2 -> -55.961684 | G21: 28.3 | H21: 0 | I21: =G21+H21 -> 28.3 | J21: =IF(L21>0,L21,0) -> 0 | K21: =I21+J21 -> 28.3 | L21: =F21-(I21-W21) -> -0.041683892 | M21: 4.92 | N21: 0 | O21: 0 | P21: =M21-(N21+O21) -> 4.92 | Q21: 0 | R21: 0 | S21: =SUM(P21:R21) -> 4.92 | U21: 0 | V21: 79.3 | W21: =N21+O21+S21+U21+V21 -> 84.22 | X21: =IF(L21<0,L21*-1,0) -> 0.041683892 | Y21: =W21+X21 -> 84.261684 | Z21: 0.2 | AA21: 29 | AB21: 8 | AC21: =AC20+1 -> 12
A22: =A21+1 -> 13 | B22: 6900.13 | C22: 284061 | D22: =C22-C21 -> -148 | E22: =C22-152000 -> 132061 | F22: =D22/$D$2 -> -74.615579 | G22: 9.5 | H22: 0 | I22: =G22+H22 -> 9.5 | J22: =IF(L22>0,L22,0) -> 0 | K22: =I22+J22 -> 9.5 | L22: =F22-(I22-W22) -> -0.015578523 | M22: 4.76 | N22: 0 | O22: 0 | P22: =M22-(N22+O22) -> 4.76 | Q22: 0 | R22: 0 | S22: =SUM(P22:R22) -> 4.76 | U22: 0 | V22: 79.34 | W22: =N22+O22+S22+U22+V22 -> 84.1 | X22: =IF(L22<0,L22*-1,0) -> 0.015578523 | Y22: =W22+X22 -> 84.115579 | Z22: 0 | AA22: 28 | AB22: 7 | AC22: =AC21+1 -> 13
... A38: =A37+1 -> 29 | B38: 6899.48 | C38: 281670 | D38: =C38-C37 -> -147 | E38: =C38-152000 -> 129670 | F38: =D38/$D$2 -> -74.111419 | G38: 6 | H38: 0 | I38: =G38+H38 -> 6 | J38: =IF(L38>0,L38,0) -> 0.018580792 | K38: =I38+J38 -> 6.0185808 | L38: =F38-(I38-W38) -> 0.018580792 | M38: 5.13 | N38: 0 | O38: 0 | P38: =M38-(N38+O38) -> 5.13 | Q38: 0 | R38: 0 | S38: =SUM(P38:R38) -> 5.13 | U38: 0 | V38: 75 | W38: =N38+O38+S38+U38+V38 -> 80.13 | X38: =IF(L38<0,L38*-1,0) -> 0 | Y38: =W38+X38 -> 80.13 | Z38: 0 | AA38: 46 | AB38: 19 | AC38: =AC37+1 -> 29
A39: 30 | B39: 6899.44 | C39: 281523 | D39: =C39-C38 -> -147 | E39: =C39-152000 -> 129523 | F39: =D39/$D$2 -> -74.111419 | G39: 6 | H39: 0 | I39: =G39+H39 -> 6 | J39: =IF(L39>0,L39,0) -> 0.018580792 | K39: =I39+J39 -> 6.0185808 | L39: =F39-(I39-W39) -> 0.018580792 | M39: 5.13 | N39: 0 | O39: 0 | P39: =M39-(N39+O39) -> 5.13 | Q39: 0 | R39: 0 | S39: =SUM(P39:R39) -> 5.13 | U39: 0 | V39: 75 | W39: =N39+O39+S39+U39+V39 -> 80.13 | X39: =IF(L39<0,L39*-1,0) -> 0 | Y39: =W39+X39 -> 80.13 | Z39: 0 | AA39: 47 | AB39: 8 | AC39: 30
A40: 31 | B40: 6899.4 | C40: 281376 | D40: =C40-C39 -> -147 | E40: =C40-152000 -> 129376 | F40: =D40/$D$2 -> -74.111419 | G40: 6 | H40: 0 | I40: =G40+H40 -> 6 | J40: =IF(L40>0,L40,0) -> 0.018580792 | K40: =I40+J40 -> 6.0185808 | L40: =F40-(I40-W40) -> 0.018580792 | M40: 5.13 | N40: 0 | O40: 0 | P40: =M40-(N40+O40) -> 5.13 | Q40: 0 | R40: 0 | S40: =SUM(P40:R40) -> 5.13 | U40: 0 | V40: 75 | W40: =N40+O40+S40+U40+V40 -> 80.13 | X40: =IF(L40<0,L40*-1,0) -> 0 | Y40: =W40+X40 -> 80.13 | Z40: 0 | AA40: 40 | AB40: 6 | AC40: 31
A42: MONTH / CFS | F42: =SUM(F10:F40) -> -2230.905 | G42: =SUM(G10:G40) -> 369.3 | H42: =SUM(H10:H40) -> 0 | I42: =SUM(I10:I40) -> 369.3 | J42: =SUM(J10:J40) -> 0.30022435 | K42: =SUM(K10:K40) -> 369.60022 | L42: =SUM(L10:L40) -> -54.224966 | M42: =SUM(M10:M40) -> 155.17 | ... S42: =SUM(S10:S40) -> 155.17 | U42: =SUM(U10:U40) -> 0 | V42: =SUM(V10:V40) -> 2390.81 | W42: =SUM(W10:W40) -> 2545.98 | X42: =SUM(X10:X40) -> 54.52519 | Y42: =SUM(Y10:Y40) -> 2600.5052 | Z42: =SUM(Z10:Z40) -> 0.2 | AA42: =AVERAGE(AA10:AA40) -> 39.483871 | AB42: =AVERAGE(AB10:AB40) -> 11.129032 | AC42: Avg
A43: MONTH / AF | D43: =SUM(D10:D40) -> -4425 | F43: =F42*$D$2 -> -4425 | G43: =G42*$D$2 -> 732.50655 | H43: =H42*$D$2 -> 0 | I43: =I42*$D$2 -> 732.50655 | J43: =J42*$D$2 -> 0.595495 | K43: =K42*$D$2 -> 733.10204 | L43: =L42*$D$2 -> -107.55522 | M43: =M42*$D$2 -> 307.7797 | ... S43: =S42*$D$2 -> 307.7797 | U43: =U42*$D$2 -> 0 | V43: =V42*$D$2 -> 4742.1716 | W43: =W42*$D$2 -> 5049.9513 | X43: =X42*$D$2 -> 108.15072 | Y43: =Y42*$D$2 -> 5158.102 | AA43: =MAX(AA10:AA40) -> 62 | AB43: =MAX(AB10:AB40) -> 21 | AC43: HI
A45: SEASON / CFS | AA45: =MIN(AA10:AA40) -> 21 | AB45: =MIN(AB10:AB40) -> 2 | AC45: LO
A46: SEASON / AF
A48: YTD / CFS | F48: =F8+F42 -> -7617.3431 | G48: =G8+G42 -> 1689.92 | H48: =H8+H42 -> 0 | I48: =I8+I42 -> 1689.92 | J48: =J8+J42 -> 185.10331 | K48: =K8+K42 -> 1875.0233 | L48: =L8+L42 -> -1150.6931 | M48: =M8+M42 -> 772.96 | ... S48: =S8+S42 -> 3437.42 | U48: =U8+U42 -> 0 | V48: =V8+V42 -> 4719.15 | W48: =W8+W42 -> 8156.57 | X48: =X8+X42 -> 1335.7964 | Y48: =Y8+Y42 -> 9492.3664 | Z48: =Z8+Z42 -> 2.12
A49: YTD / AF | D49: =D8+D43 -> -15109 | E49: =E40 -> 129376 | F49: =F48*$D$2 -> -15109 | G49: =G48*$D$2 -> 3351.9563 | H49: =H48*$D$2 -> 0 | I49: =I48*$D$2 -> 3351.9563 | J49: =J48*$D$2 -> 367.15242 | K49: =K48*$D$2 -> 3719.1087 | L49: =L48*$D$2 -> -2282.3997 | M49: =M48*$D$2 -> 1533.1662 | ... Y49: =Y48*$D$2 -> 18828.109

Sheet JAN
K1: MC PHEE RESERVOIR IN/OUT FLOW TABULATION
A2: AF/cfs CONVERT FACTOR | D2: 1.9835 | K2: JANUARY "1990"
A4: DATE | B4: RESERV | C4: RESERV | D4: AC FT | E4: ACTIVE | F4: CONV TO | G4: DOLORES | H4: LOST | I4: RECORDED | J4: CALC | K4: TOTAL | L4: CALC | M4: TUNNEL | Q4: LONE | R4: U | S4: TOTAL | T4: MVI | U4: DV CR | V4: BELOW | W4: RECORDED | X4: CALC | Y4: TOTAL | Z4: RAIN | AA4: MAX | AB4: MIN | AC4: DATE
A5: "JAN" | B5: ELEV | C5: AC FT | D5: CHANGE | E5: CAP | F5: CFS | G5: RIVER | H5: CANYON | I5: INFLOW | J5: INFLOW | K5: INFLOW | L5: INF/OTF | M5: TOT DIV | N5: WETLAND | O5: UTE F&R | P5: MVI,CTZ | Q5: PINE | R5: LAT | S5: MVI | T5: CALL | U5: CANAL | V5: MC PHEE | W5: OUTFLOW | X5: OUTFLOW | Y5: OUTFLOW | AA5: TMP | AB5: TMP | AC5: "JAN"
A7: SEASON BAL
A8: YTD | B8: =DEC!B40 -> 6899.4 | C8: =DEC!C40 -> 281376 | D8: =DEC!$D$49 -> -15109 | E8: =DEC!$E$40 -> 129376 | F8: =DEC!F48 -> -7617.3431 | G8: =DEC!G48 -> 1689.92 | H8: =DEC!H48 -> 0 | I8: =DEC!I48 -> 1689.92 | J8: =DEC!J48 -> 185.10331 | K8: =DEC!K48 -> 1875.0233 | L8: =DEC!L48 -> -1150.6931 | M8: =DEC!M48 -> 772.96 | ... Z8: =DEC!Z48 -> 2.12
A10: 1 | B10: 6899.36 | C10: 281229 | D10: =C10-C8 -> -147 | E10: =C10-152000 -> 129229 | F10: =D10/$D$2 -> -74.111419 | G10: 6.38 | H10: 0 | I10: =G10+H10 -> 6.38 | J10: =IF(L10>0,L10,0) -> 0.018580792 | K10: =I10+J10 -> 6.3985808 | L10: =F10-(I10-W10) -> 0.018580792 | M10: 5.13 | N10: 0 | O10: 0 | P10: =M10-(N10+O10) -> 5.13 | Q10: 0 | R10: 0 | S10: =SUM(P10:R10) -> 5.13 | U10: 0 | V10: 75.38 | W10: =N10+O10+S10+U10+V10 -> 80.51 | X10: =IF(L10<0,L10*-1,0) -> 0 | Y10: =W10+X10 -> 80.51 | Z10: 0 | AA10: 43 | AB10: 10 | AC10: 1
A11: =A10+1 -> 2 | B11: 6899.32 | C11: 281082 | D11: =C11-C10 -> -147 | E11: =C11-152000 -> 129082 | F11: =D11/$D$2 -> -74.111419 | G11: 6.38 | H11: 0 | I11: =G11+H11 -> 6.38 | J11: =IF(L11>0,L11,0) -> 0.018580792 | K11: =I11+J11 -> 6.3985808 | L11: =F11-(I11-W11) -> 0.018580792 | M11: 5.13 | N11: 0 | O11: 0 | P11: =M11-(N11+O11) -> 5.13 | Q11: 0 | R11: 0 | S11: =SUM(P11:R11) -> 5.13 | U11: 0 | V11: 75.38 | W11: =N11+O11+S11+U11+V11 -> 80.51 | X11: =IF(L11<0,L11*-1,0) -> 0 | Y11: =W11+X11 -> 80.51 | Z11: 0.16 | AA11: 40 | AB11: 9 | AC11: =AC10+1 -> 2
A12: =A11+1 -> 3 | B12: 6899.28 | C12: 280935 | D12: =C12-C11 -> -147 | E12: =C12-152000 -> 128935 | F12: =D12/$D$2 -> -74.111419 | G12: 7.79 | H12: 0 | I12: =G12+H12 -> 7.79 | J12: =IF(L12>0,L12,0) -> 0.018580792 | K12: =I12+J12 -> 7.8085808 | L12: =F12-(I12-W12) -> 0.018580792 | M12: 5.13 | N12: 0 | O12: 0 | P12: =M12-(N12+O12) -> 5.13 | Q12: 0 | R12: 0 | S12: =SUM(P12:R12) -> 5.13 | U12: 0 | V12: 76.79 | W12: =N12+O12+S12+U12+V12 -> 81.92 | X12: =IF(L12<0,L12*-1,0) -> 0 | Y12: =W12+X12 -> 81.92 | Z12: 0 | AA12: 25 | AB12: 16 | AC12: =AC11+1 -> 3
A13: =A12+1 -> 4 | B13: 6899.25 | C13: 280825 | D13: =C13-C12 -> -110 | E13: =C13-152000 -> 128825 | F13: =D13/$D$2 -> -55.457525 | G13: 28.12 | H13: 0 | I13: =G13+H13 -> 28.12 | J13: =IF(L13>0,L13,0) -> 0.012475422 | K13: =I13+J13 -> 28.132475 | L13: =F13-(I13-W13) -> 0.012475422 | M13: 5.13 | N13: 0 | O13: 0 | P13: =M13-(N13+O13) -> 5.13 | Q13: 0 | R13: 0 | S13: =SUM(P13:R13) -> 5.13 | U13: 0 | V13: 78.46 | W13: =N13+O13+S13+U13+V13 -> 83.59 | X13: =IF(L13<0,L13*-1,0) -> 0 | Y13: =W13+X13 -> 83.59 | Z13: 0 | AA13: 23 | AB13: -4 | AC13: =AC12+1 -> 4
A14: =A13+1 -> 5 | B14: 6899.22 | C14: 280715 | D14: =C14-C13 -> -110 | E14: =C14-152000 -> 128715 | F14: =D14/$D$2 -> -55.457525 | G14: 28.12 | H14: 0 | I14: =G14+H14 -> 28.12 | J14: =IF(L14>0,L14,0) -> 0.012475422 | K14: =I14+J14 -> 28.132475 | L14: =F14-(I14-W14) -> 0.012475422 | M14: 5.13 | N14: 0 | O14: 0 | P14: =M14-(N14+O14) -> 5.13 | Q14: 0 | R14: 0 | S14: =SUM(P14:R14) -> 5.13 | U14: 0 | V14: 78.46 | W14: =N14+O14+S14+U14+V14 -> 83.59 | X14: =IF(L14<0,L14*-1,0) -> 0 | Y14: =W14+X14 -> 83.59 | Z14: 0 | AA14: 28 | AB14: -2 | AC14: =AC13+1 -> 5
A15: =A14+1 -> 6 | B15: 6899.18 | C15: 280568 | D15: =C15-C14 -> -147 | E15: =C15-152000 -> 128568 | F15: =D15/$D$2 -> -74.111419 | G15: 9.456 | H15: 0 | I15: =G15+H15 -> 9.456 | J15: =IF(L15>0,L15,0) -> 0.022580792 | K15: =I15+J15 -> 9.4785808 | L15: =F15-(I15-W15) -> 0.022580792 | M15: 5.13 | N15: 0 | O15: 0 | P15: =M15-(N15+O15) -> 5.13 | Q15: 0 | R15: 0 | S15: =SUM(P15:R15) -> 5.13 | U15: 0 | V15: 78.46 | W15: =N15+O15+S15+U15+V15 -> 83.59 | X15: =IF(L15<0,L15*-1,0) -> 0 | Y15: =W15+X15 -> 83.59 | Z15: 0 | AA15: 33 | AB15: 3 | AC15: =AC14+1 -> 6
A16: =A15+1 -> 7 | B16: 6899.14 | C16: 280421 | D16: =C16-C15 -> -147 | E16: =C16-152000 -> 128421 | F16: =D16/$D$2 -> -74.111419 | G16: 9.46 | H16: 0 | I16: =G16+H16 -> 9.46 | J16: =IF(L16>0,L16,0) -> 0.018580792 | K16: =I16+J16 -> 9.4785808 | L16: =F16-(I16-W16) -> 0.018580792 | M16: 5.13 | N16: 0 | O16: 0 | P16: =M16-(N16+O16) -> 5.13 | Q16: 0 | R16: 0 | S16: =SUM(P16:R16) -> 5.13 | U16: 0 | V16: 78.46 | W16: =N16+O16+S16+U16+V16 -> 83.59 | X16: =IF(L16<0,L16*-1,0) -> 0 | Y16: =W16+X16 -> 83.59 | Z16: 0 | AA16: 38 | AB16: 8 | AC16: =AC15+1 -> 7
A17: =A16+1 -> 8 | B17: 6899.1 | C17: 280274 | D17: =C17-C16 -> -147 | E17: =C17-152000 -> 128274 | F17: =D17/$D$2 -> -74.111419 | G17: 9.46 | H17: 0 | I17: =G17+H17 -> 9.46 | J17: =IF(L17>0,L17,0) -> 0.018580792 | K17: =I17+J17 -> 9.4785808 | L17: =F17-(I17-W17) -> 0.018580792 | M17: 5.13 | N17: 0 | O17: 0 | P17: =M17-(N17+O17) -> 5.13 | Q17: 0 | R17: 0 | S17: =SUM(P17:R17) -> 5.13 | U17: 0 | V17: 78.46 | W17: =N17+O17+S17+U17+V17 -> 83.59 | X17: =IF(L17<0,L17*-1,0) -> 0 | Y17: =W17+X17 -> 83.59 | Z17: 0 | AA17: 43 | AB17: 10 | AC17: =AC16+1 -> 8
A18: =A17+1 -> 9 | B18: 6899.07 | C18: 280164 | D18: =C18-C17 -> -110 | E18: =C18-152000 -> 128164 | F18: =D18/$D$2 -> -55.457525 | G18: 28.12 | H18: 0 | I18: 27.61 | J18: =IF(L18>0,L18,0) -> 0.52247542 | K18: =I18+J18 -> 28.132475 | L18: =F18-(I18-W18) -> 0.52247542 | M18: 5.13 | N18: 0 | O18: 0 | P18: =M18-(N18+O18) -> 5.13 | Q18: 0 | R18: 0 | S18: =SUM(P18:R18) -> 5.13 | U18: 0 | V18: 78.46 | W18: =N18+O18+S18+U18+V18 -> 83.59 | X18: =IF(L18<0,L18*-1,0) -> 0 | Y18: =W18+X18 -> 83.59 | Z18: 0 | AA18: 52 | AB18: 15 | AC18: =AC17+1 -> 9
A19: =A18+1 -> 10 | B19: 6899.04 | C19: 280053 | D19: =C19-C18 -> -111 | E19: =C19-152000 -> 128053 | F19: =D19/$D$2 -> -55.961684 | G19: 0 | H19: 0 | I19: 28.15 | J19: =IF(L19>0,L19,0) -> 0 | K19: =I19+J19 -> 28.15 | L19: =F19-(I19-W19) -> -0.52168389 | M19: 5.13 | N19: 0 | O19: 0 | P19: =M19-(N19+O19) -> 5.13 | Q19: 0 | R19: 0 | S19: =SUM(P19:R19) -> 5.13 | U19: 0 | V19: 78.46 | W19: =N19+O19+S19+U19+V19 -> 83.59 | X19: =IF(L19<0,L19*-1,0) -> 0.52168389 | Y19: =W19+X19 -> 84.111684 | Z19: 0 | AA19: 54 | AB19: 20 | AC19: =AC18+1 -> 10
A20: =A19+1 -> 11 | B20: 6899.01 | C20: 279943 | D20: =C20-C19 -> -110 | E20: =C20-152000 -> 127943 | F20: =D20/$D$2 -> -55.457525 | G20: 0 | H20: 0 | I20: 9.99 | J20: =IF(L20>0,L20,0) -> 18.172475 | K20: =I20+J20 -> 28.162475 | L20: =F20-(I20-W20) -> 18.172475 | M20: 5.13 | N20: 0 | O20: 0 | P20: =M20-(N20+O20) -> 5.13 | Q20: 0 | R20: 0 | S20: =SUM(P20:R20) -> 5.13 | U20: 0 | V20: 78.49 | W20: =N20+O20+S20+U20+V20 -> 83.62 | X20: =IF(L20<0,L20*-1,0) -> 0 | Y20: =W20+X20 -> 83.62 | Z20: 0 | AA20: 54 | AB20: 20 | AC20: =AC19+1 -> 11
A21: =A20+1 -> 12 | B21: 6898.97 | C21: 279797 | D21: =C21-C20 -> -146 | E21: =C21-152000 -> 127797 | F21: =D21/$D$2 -> -73.60726 | G21: 0 | H21: 0 | I21: 10.42 | J21: =IF(L21>0,L21,0) -> 0 | K21: =I21+J21 -> 10.42 | L21: =F21-(I21-W21) -> -0.40725989 | M21: 5.13 | N21: 0 | O21: 0 | P21: =M21-(N21+O21) -> 5.13 | Q21: 0 | R21: 0 | S21: =SUM(P21:R21) -> 5.13 | U21: 0 | V21: 78.49 | W21: =N21+O21+S21+U21+V21 -> 83.62 | X21: =IF(L21<0,L21*-1,0) -> 0.40725989 | Y21: =W21+X21 -> 84.02726 | Z21: 0 | AA21: 51 | AB21: 20 | AC21: =AC20+1 -> 12
A22: 13 | B22: 6898.93 | C22: 279651 | D22: =C22-C21 -> -146 | E22: =C22-152000 -> 127651 | F22: =D22/$D$2 -> -73.60726 | G22: 0 | H22: 0 | I22: 10.66 | J22: =IF(L22>0,L22,0) -> 0 | K22: =I22+J22 -> 10.66 | L22: =F22-(I22-W22) -> -0.21725989 | M22: 5.13 | N22: 0 | O22: 0 | P22: =M22-(N22+O22) -> 5.13 | Q22: 0 | R22: 0 | S22: =SUM(P22:R22) -> 5.13 | U22: 0 | V22: 78.92 | W22: =N22+O22+S22+U22+V22 -> 84.05 | X22: =IF(L22<0,L22*-1,0) -> 0.21725989 | Y22: =W22+X22 -> 84.26726 | Z22: 0 | AA22: 47 | AB22: 19 | AC22: =AC21+1 -> 13
A23: =A22+1 -> 14 | B23: 6898.89 | C23: 279505 | D23: =C23-C22 -> -146 | E23: =C23-152000 -> 127505 | F23: =D23/$D$2 -> -73.60726 | G23: 10.7 | H23: 0 | I23: 11.46 | J23: =IF(L23>0,L23,0) -> 0 | K23: =I23+J23 -> 11.46 | L23: =F23-(I23-W23) -> -0.77725989 | M23: 5.13 | N23: 0 | O23: 0 | P23: =M23-(N23+O23) -> 5.13 | Q23: 0 | R23: 0 | S23: =SUM(P23:R23) -> 5.13 | U23: 0 | V23: 79.16 | W23: =N23+O23+S23+U23+V23 -> 84.29 | X23: =IF(L23<0,L23*-1,0) -> 0.77725989 | Y23: =W23+X23 -> 85.06726 | Z23: 0 | AA23: 41 | AB23: 17 | AC23: =AC22+1 -> 14
A24: =A23+1 -> 15 | B24: 6898.85 | C24: 279360 | D24: =C24-C23 -> -145 | E24: =C24-152000 -> 127360 | F24: =D24/$D$2 -> -73.103101 | G24: 11.5 | H24: 0 | I24: 10.52 | J24: =IF(L24>0,L24,0) -> 0.95689942 | K24: =I24+J24 -> 11.476899 | L24: =F24-(I24-W24) -> 0.95689942 | M24: 5.13 | N24: 0 | O24: 0 | P24: =M24-(N24+O24) -> 5.13 | Q24: 0 | R24: 0 | S24: =SUM(P24:R24) -> 5.13 | U24: 0 | V24: 79.45 | W24: =N24+O24+S24+U24+V24 -> 84.58 | X24: =IF(L24<0,L24*-1,0) -> 0 | Y24: =W24+X24 -> 84.58 | Z24: 0.15 | AA24: 33 | AB24: 16 | AC24: =AC23+1 -> 15
A25: =A24+1 -> 16 | B25: 6898.81 | C25: 279214 | D25: =C25-C24 -> -146 | E25: =C25-152000 -> 127214 | F25: =D25/$D$2 -> -73.60726 | G25: 0 | H25: 0 | I25: 10.02 | J25: =IF(L25>0,L25,0) -> 0.52274011 | K25: =I25+J25 -> 10.54274 | L25: =F25-(I25-W25) -> 0.52274011 | M25: 5.13 | N25: 0 | O25: 0 | P25: =M25-(N25+O25) -> 5.13 | Q25: 0 | R25: 0 | S25: =SUM(P25:R25) -> 5.13 | U25: 0 | V25: 79.02 | W25: =N25+O25+S25+U25+V25 -> 84.15 | X25: =IF(L25<0,L25*-1,0) -> 0 | Y25: =W25+X25 -> 84.15 | Z25: 0 | AA25: 35 | AB25: 11 | AC25: =AC24+1 -> 16
A26: =A25+1 -> 17 | B26: 6898.77 | C26: 279068 | D26: =C26-C25 -> -146 | E26: =C26-152000 -> 127068 | F26: =D26/$D$2 -> -73.60726 | G26: 0 | H26: 0 | I26: 28.45 | J26: =IF(L26>0,L26,0) -> 0 | K26: =I26+J26 -> 28.45 | L26: =F26-(I26-W26) -> -18.40726 | M26: 4.92 | N26: 0 | O26: 0 | P26: =M26-(N26+O26) -> 4.92 | Q26: 0 | R26: 0 | S26: =SUM(P26:R26) -> 4.92 | U26: 0 | V26: 78.73 | W26: =N26+O26+S26+U26+V26 -> 83.65 | X26: =IF(L26<0,L26*-1,0) -> 18.40726 | Y26: =W26+X26 -> 102.05726 | Z26: 0 | AA26: 32 | AB26: 11 | AC26: =AC25+1 -> 17
A27: =A26+1 -> 18 | B27: 6898.74 | C27: 278959 | D27: =C27-C26 -> -109 | E27: =C27-152000 -> 126959 | F27: =D27/$D$2 -> -54.953365 | G27: 0 | H27: 0 | I27: 46.42 | J27: =IF(L27>0,L27,0) -> 0 | K27: =I27+J27 -> 46.42 | L27: =F27-(I27-W27) -> -17.953365 | M27: 4.76 | N27: 0 | O27: 0 | P27: =M27-(N27+O27) -> 4.76 | Q27: 0 | R27: 0 | S27: =SUM(P27:R27) -> 4.76 | U27: 0 | V27: 78.66 | W27: =N27+O27+S27+U27+V27 -> 83.42 | X27: =IF(L27<0,L27*-1,0) -> 17.953365 | Y27: =W27+X27 -> 101.37337 | Z27: 0.28 | AA27: 32 | AB27: 10 | AC27: =AC26+1 -> 18
A28: =A27+1 -> 19 | B28: 6898.72 | C28: 278886 | D28: =C28-C27 -> -73 | E28: =C28-152000 -> 126886 | F28: =D28/$D$2 -> -36.80363 | G28: 0 | H28: 0 | I28: 27.75 | J28: =IF(L28>0,L28,0) -> 18.67637 | K28: =I28+J28 -> 46.42637 | L28: =F28-(I28-W28) -> 18.67637 | M28: 4.76 | N28: 0 | O28: 0 | P28: =M28-(N28+O28) -> 4.76 | Q28: 0 | R28: 0 | S28: =SUM(P28:R28) -> 4.76 | U28: 0 | V28: 78.47 | W28: =N28+O28+S28+U28+V28 -> 83.23 | X28: =IF(L28<0,L28*-1,0) -> 0 | Y28: =W28+X28 -> 83.23 | Z28: 0.17 | AA28: 31 | AB28: 19 | AC28: =AC27+1 -> 19
A29: =A28+1 -> 20 | B29: 6898.69 | C29: 278776 | D29: =C29-C28 -> -110 | E29: =C29-152000 -> 126776 | F29: =D29/$D$2 -> -55.457525 | G29: 0 | H29: 0 | I29: 46.41 | J29: =IF(L29>0,L29,0) -> 0 | K29: =I29+J29 -> 46.41 | L29: =F29-(I29-W29) -> -18.647525 | M29: 4.76 | N29: 0 | O29: 0 | P29: =M29-(N29+O29) -> 4.76 | Q29: 0 | R29: 0 | S29: =SUM(P29:R29) -> 4.76 | U29: 0 | V29: 78.46 | W29: =N29+O29+S29+U29+V29 -> 83.22 | X29: =IF(L29<0,L29*-1,0) -> 18.647525 | Y29: =W29+X29 -> 101.86752 | Z29: 0 | AA29: 28 | AB29: 21 | AC29: =AC28+1 -> 20
A30: =A29+1 -> 21 | B30: 6898.67 | C30: 278703 | D30: =C30-C29 -> -73 | E30: =C30-152000 -> 126703 | F30: =D30/$D$2 -> -36.80363 | G30: 0 | H30: 0 | I30: 28.25 | J30: =IF(L30>0,L30,0) -> 18.16637 | K30: =I30+J30 -> 46.41637 | L30: =F30-(I30-W30) -> 18.16637 | M30: 4.76 | N30: 0 | O30: 0 | P30: =M30-(N30+O30) -> 4.76 | Q30: 0 | R30: 0 | S30: =SUM(P30:R30) -> 4.76 | U30: 0 | V30: 78.46 | W30: =N30+O30+S30+U30+V30 -> 83.22 | X30: =IF(L30<0,L30*-1,0) -> 0 | Y30: =W30+X30 -> 83.22 | Z30: 0 | AA30: 34 | AB30: 11 | AC30: =AC29+1 -> 21
A31: =A30+1 -> 22 | B31: 6898.64 | C31: 278594 | D31: =C31-C30 -> -109 | E31: =C31-152000 -> 126594 | F31: =D31/$D$2 -> -54.953365 | G31: 0 | H31: 0 | I31: 9.59 | J31: =IF(L31>0,L31,0) -> 18.676635 | K31: =I31+J31 -> 28.266635 | L31: =F31-(I31-W31) -> 18.676635 | M31: 4.76 | N31: 0 | O31: 0 | P31: =M31-(N31+O31) -> 4.76 | Q31: 0 | R31: 0 | S31: =SUM(P31:R31) -> 4.76 | U31: 0 | V31: 78.46 | W31: =N31+O31+S31+U31+V31 -> 83.22 | X31: =IF(L31<0,L31*-1,0) -> 0 | Y31: =W31+X31 -> 83.22 | Z31: 0 | AA31: 34 | AB31: 16 | AC31: =AC30+1 -> 22
A32: =A31+1 -> 23 | B32: 6898.6 | C32: 278448 | D32: =C32-C31 -> -146 | E32: =C32-152000 -> 126448 | F32: =D32/$D$2 -> -73.60726 | G32: 0 | H32: 0 | I32: 9.61 | J32: =IF(L32>0,L32,0) -> 0.022740106 | K32: =I32+J32 -> 9.6327401 | L32: =F32-(I32-W32) -> 0.022740106 | M32: 4.78 | N32: 0 | O32: 0 | P32: =M32-(N32+O32) -> 4.78 | Q32: 0 | R32: 0 | S32: =SUM(P32:R32) -> 4.78 | U32: 0 | V32: 78.46 | W32: =N32+O32+S32+U32+V32 -> 83.24 | X32: =IF(L32<0,L32*-1,0) -> 0 | Y32: =W32+X32 -> 83.24 | Z32: 0 | AA32: 33 | AB32: 4 | AC32: =AC31+1 -> 23
A33: =A32+1 -> 24 | B33: 6898.56 | C33: 278302 | D33: =C33-C32 -> -146 | E33: =C33-152000 -> 126302 | F33: =D33/$D$2 -> -73.60726 | G33: 0 | H33: 0 | I33: 9.61 | J33: =IF(L33>0,L33,0) -> 0.022740106 | K33: =I33+J33 -> 9.6327401 | L33: =F33-(I33-W33) -> 0.022740106 | M33: 4.78 | N33: 0 | O33: 0 | P33: =M33-(N33+O33) -> 4.78 | Q33: 0 | R33: 0 | S33: =SUM(P33:R33) -> 4.78 | U33: 0 | V33: 78.46 | W33: =N33+O33+S33+U33+V33 -> 83.24 | X33: =IF(L33<0,L33*-1,0) -> 0 | Y33: =W33+X33 -> 83.24 | Z33: 0 | AA33: 30 | AB33: 5 | AC33: =AC32+1 -> 24
A34: =A33+1 -> 25 | B34: 6898.52 | C34: 278156 | D34: =C34-C33 -> -146 | E34: =C34-152000 -> 126156 | F34: =D34/$D$2 -> -73.60726 | G34: 0 | H34: 0 | I34: 10.11 | J34: =IF(L34>0,L34,0) -> 0 | K34: 9.61 | L34: =F34-(I34-W34) -> -0.47725989 | M34: 4.78 | N34: 0 | O34: 0 | P34: =M34-(N34+O34) -> 4.78 | Q34: 0 | R34: 0 | S34: =SUM(P34:R34) -> 4.78 | U34: 0 | V34: 78.46 | W34: =N34+O34+S34+U34+V34 -> 83.24 | X34: =IF(L34<0,L34*-1,0) -> 0.47725989 | Y34: =W34+X34 -> 83.71726 | Z34: 0 | AA34: 28 | AB34: 3 | AC34: =AC33+1 -> 25
A35: =A34+1 -> 26 | B35: 6898.48 | C35: 278011 | D35: =C35-C34 -> -145 | E35: =C35-152000 -> 126011 | F35: =D35/$D$2 -> -73.103101 | G35: 0 | H35: 0 | I35: 27.79 | J35: =IF(L35>0,L35,0) -> 0 | K35: 10.11 | L35: =F35-(I35-W35) -> -17.663101 | M35: 4.77 | N35: 0 | O35: 0 | P35: =M35-(N35+O35) -> 4.77 | Q35: 0 | R35: 0 | S35: =SUM(P35:R35) -> 4.77 | U35: 0 | V35: 78.46 | W35: =N35+O35+S35+U35+V35 -> 83.23 | X35: =IF(L35<0,L35*-1,0) -> 17.663101 | Y35: =W35+X35 -> 100.8931 | Z35: 0 | AA35: 29 | AB35: 4 | AC35: =AC34+1 -> 26
A36: =A35+1 -> 27 | B36: 6898.45 | C36: 277901 | D36: =C36-C35 -> -110 | E36: =C36-152000 -> 125901 | F36: =D36/$D$2 -> -55.457525 | G36: 0 | H36: 0 | I36: 9.68 | J36: =IF(L36>0,L36,0) -> 18.122475 | K36: 27.79 | L36: =F36-(I36-W36) -> 18.122475 | M36: 4.8 | N36: 0 | O36: 0 | P36: =M36-(N36+O36) -> 4.8 | Q36: 0 | R36: 0 | S36: =SUM(P36:R36) -> 4.8 | U36: 0 | V36: 78.46 | W36: =N36+O36+S36+U36+V36 -> 83.26 | X36: =IF(L36<0,L36*-1,0) -> 0 | Y36: =W36+X36 -> 83.26 | Z36: 0 | AA36: 31 | AB36: -1 | AC36: =AC35+1 -> 27
A37: =A36+1 -> 28 | B37: 6898.41 | C37: 277755 | D37: =C37-C36 -> -146 | E37: =C37-152000 -> 125755 | F37: =D37/$D$2 -> -73.60726 | G37: 0 | H37: 0 | I37: 28.25 | J37: =IF(L37>0,L37,0) -> 0 | K37: 9.68 | L37: =F37-(I37-W37) -> -18.54726 | M37: 4.85 | N37: 0 | O37: 0 | P37: =M37-(N37+O37) -> 4.85 | Q37: 0 | R37: 0 | S37: =SUM(P37:R37) -> 4.85 | U37: 0 | V37: 78.46 | W37: =N37+O37+S37+U37+V37 -> 83.31 | X37: =IF(L37<0,L37*-1,0) -> 18.54726 | Y37: =W37+X37 -> 101.85726 | Z37: 0 | AA37: 33 | AB37: 5 | AC37: =AC36+1 -> 28
A38: =A37+1 -> 29 | B38: 6898.38 | C38: 277646 | D38: =C38-C37 -> -109 | E38: =C38-152000 -> 125646 | F38: =D38/$D$2 -> -54.953365 | G38: 0 | H38: 0 | I38: 9.63 | J38: =IF(L38>0,L38,0) -> 18.636635 | K38: 28.25 | L38: =F38-(I38-W38) -> 18.636635 | M38: 4.76 | N38: 0 | O38: 0 | P38: =M38-(N38+O38) -> 4.76 | Q38: 0 | R38: 0 | S38: =SUM(P38:R38) -> 4.76 | U38: 0 | V38: 78.46 | W38: =N38+O38+S38+U38+V38 -> 83.22 | X38: =IF(L38<0,L38*-1,0) -> 0 | Y38: =W38+X38 -> 83.22 | Z38: 0 | AA38: 33 | AB38: 4 | AC38: =AC37+1 -> 29
A39: 30 | B39: 3898.34 | C39: 277500 | D39: =C39-C38 -> -146 | E39: =C39-152000 -> 125500 | F39: =D39/$D$2 -> -73.60726 | G39: 0 | H39: 0 | I39: 46.43 | J39: =IF(L39>0,L39,0) -> 0 | K39: 9.63 | L39: =F39-(I39-W39) -> -36.77726 | M39: 4.8 | N39: 0 | O39: 0 | P39: =M39-(N39+O39) -> 4.8 | Q39: 0 | R39: 0 | S39: =SUM(P39:R39) -> 4.8 | U39: 0 | V39: 78.46 | W39: =N39+O39+S39+U39+V39 -> 83.26 | X39: =IF(L39<0,L39*-1,0) -> 36.77726 | Y39: =W39+X39 -> 120.03726 | Z39: 0 | AA39: 40 | AB39: 7 | AC39: 30
A40: 31 | B40: 6898.32 | C40: 277427 | D40: =C40-C39 -> -73 | E40: =C40-152000 -> 125427 | F40: =D40/$D$2 -> -36.80363 | G40: 0 | H40: 0 | I40: =G40+H40 -> 0 | J40: =IF(L40>0,L40,0) -> 46.43637 | K40: 46.43 | L40: =F40-(I40-W40) -> 46.43637 | M40: 4.78 | N40: 0 | O40: 0 | P40: =M40-(N40+O40) -> 4.78 | Q40: 0 | R40: 0 | S40: =SUM(P40:R40) -> 4.78 | U40: 0 | V40: 78.46 | W40: =N40+O40+S40+U40+V40 -> 83.24 | X40: =IF(L40<0,L40*-1,0) -> 0 | Y40: =W40+X40 -> 83.24 | Z40: 0.1 | AA40: 33 | AB40: 10 | AC40: 31
AA41: 39
A42: MONTH / CFS | F42: =SUM(F10:F40) -> -1990.9251 | G42: =SUM(G10:G40) -> 155.486 | H42: =SUM(H10:H40) -> 0 | I42: =SUM(I10:I40) -> 561.976 | J42: =SUM(J10:J40) -> 159.07536 | K42: =SUM(K10:K40) -> 647.46588 | L42: =SUM(L10:L40) -> 28.678868 | M42: =SUM(M10:M40) -> 153.9 | ... S42: =SUM(S10:S40) -> 153.9 | U42: =SUM(U10:U40) -> 0 | V42: =SUM(V10:V40) -> 2427.68 | W42: =SUM(W10:W40) -> 2581.58 | X42: =SUM(X10:X40) -> 130.39649 | Y42: =SUM(Y10:Y40) -> 2711.9765 | Z42: =SUM(Z10:Z40) -> 0.86 | AA42: =AVERAGE(AA10:AA40) -> 36.16129 | AB42: =AVERAGE(AB10:AB40) -> 10.225806 | AC42: AVE
A43: MONTH / AF | D43: =SUM(D10:D40) -> -3949 | F43: =F42*$D$2 -> -3949 | G43: =G42*$D$2 -> 308.40648 | H43: =H42*$D$2 -> 0 | I43: =I42*$D$2 -> 1114.6794 | J43: =J42*$D$2 -> 315.52598 | K43: =K42*$D$2 -> 1284.2486 | L43: =L42*$D$2 -> 56.884534 | M43: =M42*$D$2 -> 305.26065 | ... S43: =S42*$D$2 -> 305.26065 | U43: =U42*$D$2 -> 0 | V43: =V42*$D$2 -> 4815.3033 | W43: =W42*$D$2 -> 5120.5639 | X43: =X42*$D$2 -> 258.64144 | Y43: =Y42*$D$2 -> 5379.2054 | AA43: =MAX(AA10:AA40) -> 54 | AB43: =MAX(AB10:AB40) -> 21 | AC43: HI
A45: SEASON / CFS | AA45: =MIN(AA10:AA40) -> 23 | AB45: =MIN(AB10:AB40) -> -4 | AC45: LO
A46: SEASON / AF
A48: YTD / CFS | F48: =F8+F42 -> -9608.2682 | G48: =G8+G42 -> 1845.406 | H48: =H8+H42 -> 0 | I48: =I8+I42 -> 2251.896 | J48: =J8+J42 -> 344.17867 | K48: =K8+K42 -> 2522.4892 | L48: =L8+L42 -> -1122.0142 | M48: =M8+M42 -> 926.86 | ... S48: =S8+S42 -> 3591.32 | U48: =U8+U42 -> 0 | V48: =V8+V42 -> 7146.83 | W48: =W8+W42 -> 10738.15 | X48: =X8+X42 -> 1466.1929 | Y48: =Y8+Y42 -> 12204.343 | Z48: =Z8+Z42 -> 2.98
A49: YTD / AF | D49: =D8+D43 -> -19058 | E49: =E40 -> 125427 | F49: =F48*$D$2 -> -19058 | G49: =G48*$D$2 -> 3660.3628 | H49: =H48*$D$2 -> 0 | I49: =I48*$D$2 -> 4466.6357 | J49: =J48*$D$2 -> 682.6784 | K49: =K48*$D$2 -> 5003.3573 | L49: =L48*$D$2 -> -2225.5152 | M49: =M48*$D$2 -> 1838.4268 | ... Y49: =Y48*$D$2 -> 24207.314

Sheet FEB
K1: MC PHEE RESERVOIR IN/OUT FLOW TABULATION
A2: AF/cfs CONVERT FACTOR | D2: 1.9835 | K2: FEBRUARY "1990"
A4: DATE | B4: RESERV | C4: RESERV | D4: AC FT | E4: ACTIVE | F4: CONV TO | G4: DOLORES | H4: LOST | I4: RECORDED | J4: CALC | K4: TOTAL | L4: CALC | M4: TUNNEL | Q4: LONE | R4: U | S4: TOTAL | T4: MVI | U4: DV CR | V4: BELOW | W4: RECORDED | X4: CALC | Y4: TOTAL | Z4: RAIN | AA4: MAX | AB4: MIN | AC4: DATE
A5: FEB | B5: ELEV | C5: AC FT | D5: CHANGE | E5: CAP | F5: CFS | G5: RIVER | H5: CANYON | I5: INFLOW | J5: INFLOW | K5: INFLOW | L5: INF/OTF | M5: TOT DIV | N5: WETLAND | O5: UTE F&R | P5: MVI,CTZ | Q5: PINE | R5: LAT | S5: MVI | T5: CALL | U5: CANAL | V5: MC PHEE | W5: OUTFLOW | X5: OUTFLOW | Y5: OUTFLOW | AA5: TMP | AB5: TMP | AC5: FEB
A7: SEASON BAL
A8: YTD | B8: =JAN!B40 -> 6898.32 | C8: =JAN!C40 -> 277427 | D8: =JAN!$D$49 -> -19058 | E8: =JAN!$E$40 -> 125427 | F8: =JAN!F48 -> -9608.2682 | G8: =JAN!G48 -> 1845.406 | H8: =JAN!H48 -> 0 | I8: =JAN!I48 -> 2251.896 | J8: =JAN!J48 -> 344.17867 | K8: =JAN!K48 -> 2522.4892 | L8: =JAN!L48 -> -1122.0142 | M8: =JAN!M48 -> 926.86 | ... Z8: =JAN!Z48 -> 2.98
A10: 1 | B10: 6898.31 | C10: 277391 | D10: =C10-C8 -> -36 | E10: =C10-152000 -> 125391 | F10: =D10/$D$2 -> -18.149735 | G10: 65.07 | H10: 0 | I10: =G10+H10 -> 65.07 | J10: =IF(L10>0,L10,0) -> 0.00026468364 | K10: =I10+J10 -> 65.070265 | L10: =F10-(I10-W10) -> 0.00026468364 | M10: 4.76 | N10: 0 | O10: 0 | P10: =M10-(N10+O10) -> 4.76 | Q10: 0 | R10: 0 | S10: =SUM(P10:R10) -> 4.76 | U10: 0 | V10: 78.46 | W10: =N10+O10+S10+U10+V10 -> 83.22 | X10: =IF(L10<0,L10*-1,0) -> 0 | Y10: =W10+X10 -> 83.22 | Z10: 0.43 | AA10: 33 | AB10: 15 | AC10: 1
A11: =A10+1 -> 2 | B11: 6898.28 | C11: 277281 | D11: =C11-C10 -> -110 | E11: =C11-152000 -> 125281 | F11: =D11/$D$2 -> -55.457525 | G11: 27.75 | H11: 0 | I11: =G11+H11 -> 27.75 | J11: =IF(L11>0,L11,0) -> 0.012475422 | K11: =I11+J11 -> 27.762475 | L11: =F11-(I11-W11) -> 0.012475422 | M11: 4.76 | N11: 0 | O11: 0 | P11: =M11-(N11+O11) -> 4.76 | Q11: 0 | R11: 0 | S11: =SUM(P11:R11) -> 4.76 | U11: 0 | V11: 78.46 | W11: =N11+O11+S11+U11+V11 -> 83.22 | X11: =IF(L11<0,L11*-1,0) -> 0 | Y11: =W11+X11 -> 83.22 | Z11: 0 | AA11: 35 | AB11: 16 | AC11: =AC10+1 -> 2
A12: =A11+1 -> 3 | B12: 6898.25 | C12: 277172 | D12: =C12-C11 -> -109 | E12: =C12-152000 -> 125172 | F12: =D12/$D$2 -> -54.953365 | G12: 28.25 | H12: 0 | I12: =G12+H12 -> 28.25 | J12: =IF(L12>0,L12,0) -> 0.016634737 | K12: =I12+J12 -> 28.266635 | L12: =F12-(I12-W12) -> 0.016634737 | M12: 4.76 | N12: 0 | O12: 0 | P12: =M12-(N12+O12) -> 4.76 | Q12: 0 | R12: 0 | S12: =SUM(P12:R12) -> 4.76 | U12: 0 | V12: 78.46 | W12: =N12+O12+S12+U12+V12 -> 83.22 | X12: =IF(L12<0,L12*-1,0) -> 0 | Y12: =W12+X12 -> 83.22 | Z12: 0 | AA12: 38 | AB12: 12 | AC12: =AC11+1 -> 3
A13: =A12+1 -> 4 | B13: 6898.21 | C13: 277026 | D13: =C13-C12 -> -146 | E13: =C13-152000 -> 125026 | F13: =D13/$D$2 -> -73.60726 | G13: 9.59 | H13: 0 | I13: =G13+H13 -> 9.59 | J13: =IF(L13>0,L13,0) -> 0.022740106 | K13: =I13+J13 -> 9.6127401 | L13: =F13-(I13-W13) -> 0.022740106 | M13: 4.76 | N13: 0 | O13: 0 | P13: =M13-(N13+O13) -> 4.76 | Q13: 0 | R13: 0 | S13: =SUM(P13:R13) -> 4.76 | U13: 0 | V13: 78.46 | W13: =N13+O13+S13+U13+V13 -> 83.22 | X13: =IF(L13<0,L13*-1,0) -> 0 | Y13: =W13+X13 -> 83.22 | Z13: 0 | AA13: 42 | AB13: 9 | AC13: =AC12+1 -> 4
A14: =A13+1 -> 5 | B14: 6898.17 | C14: 276880 | D14: =C14-C13 -> -146 | E14: =C14-152000 -> 124880 | F14: =D14/$D$2 -> -73.60726 | G14: 9.59 | H14: 0 | I14: =G14+H14 -> 9.59 | J14: =IF(L14>0,L14,0) -> 0.022740106 | K14: =I14+J14 -> 9.6127401 | L14: =F14-(I14-W14) -> 0.022740106 | M14: 4.76 | N14: 0 | O14: 0 | P14: =M14-(N14+O14) -> 4.76 | Q14: 0 | R14: 0 | S14: =SUM(P14:R14) -> 4.76 | U14: 0 | V14: 78.46 | W14: =N14+O14+S14+U14+V14 -> 83.22 | X14: =IF(L14<0,L14*-1,0) -> 0 | Y14: =W14+X14 -> 83.22 | Z14: 0 | AA14: 38 | AB14: 3 | AC14: =AC13+1 -> 5
A15: =A14+1 -> 6 | B15: 6898.14 | C15: 276771 | D15: =C15-C14 -> -109 | E15: =C15-152000 -> 124771 | F15: =D15/$D$2 -> -54.953365 | G15: 28.25 | H15: 0 | I15: =G15+H15 -> 28.25 | J15: =IF(L15>0,L15,0) -> 0.016634737 | K15: =I15+J15 -> 28.266635 | L15: =F15-(I15-W15) -> 0.016634737 | M15: 4.76 | N15: 0 | O15: 0 | P15: =M15-(N15+O15) -> 4.76 | Q15: 0 | R15: 0 | S15: =SUM(P15:R15) -> 4.76 | U15: 0 | V15: 78.46 | W15: =N15+O15+S15+U15+V15 -> 83.22 | X15: =IF(L15<0,L15*-1,0) -> 0 | Y15: =W15+X15 -> 83.22 | Z15: 0 | AA15: 43 | AB15: 6 | AC15: =AC14+1 -> 6
A16: =A15+1 -> 7 | B16: 6898.1 | C16: 276625 | D16: =C16-C15 -> -146 | E16: =C16-152000 -> 124625 | F16: =D16/$D$2 -> -73.60726 | G16: 9.59 | H16: 0 | I16: =G16+H16 -> 9.59 | J16: =IF(L16>0,L16,0) -> 0.022740106 | K16: =I16+J16 -> 9.6127401 | L16: =F16-(I16-W16) -> 0.022740106 | M16: 4.76 | N16: 0 | O16: 0 | P16: =M16-(N16+O16) -> 4.76 | Q16: 0 | R16: 0 | S16: =SUM(P16:R16) -> 4.76 | U16: 0 | V16: 78.46 | W16: =N16+O16+S16+U16+V16 -> 83.22 | X16: =IF(L16<0,L16*-1,0) -> 0 | Y16: =W16+X16 -> 83.22 | Z16: 0 | AA16: 44 | AB16: 7 | AC16: =AC15+1 -> 7
A17: =A16+1 -> 8 | B17: 6898.07 | C17: 276516 | D17: =C17-C16 -> -109 | E17: =C17-152000 -> 124516 | F17: =D17/$D$2 -> -54.953365 | G17: 28.25 | H17: 0 | I17: =G17+H17 -> 28.25 | J17: =IF(L17>0,L17,0) -> 0.016634737 | K17: =I17+J17 -> 28.266635 | L17: =F17-(I17-W17) -> 0.016634737 | M17: 4.76 | N17: 0 | O17: 0 | P17: =M17-(N17+O17) -> 4.76 | Q17: 0 | R17: 0 | S17: =SUM(P17:R17) -> 4.76 | U17: 0 | V17: 78.46 | W17: =N17+O17+S17+U17+V17 -> 83.22 | X17: =IF(L17<0,L17*-1,0) -> 0 | Y17: =W17+X17 -> 83.22 | Z17: 0.17 | AA17: 33 | AB17: 12 | AC17: =AC16+1 -> 8
A18: =A17+1 -> 9 | B18: 6898.03 | C18: 276370 | D18: =C18-C17 -> -146 | E18: =C18-152000 -> 124370 | F18: =D18/$D$2 -> -73.60726 | G18: 9.13 | H18: 0 | I18: =G18+H18 -> 9.13 | J18: =IF(L18>0,L18,0) -> 0.022740106 | K18: =I18+J18 -> 9.1527401 | L18: =F18-(I18-W18) -> 0.022740106 | M18: 4.76 | N18: 0 | O18: 0 | P18: =M18-(N18+O18) -> 4.76 | Q18: 0 | R18: 0 | S18: =SUM(P18:R18) -> 4.76 | U18: 0 | V18: 78 | W18: =N18+O18+S18+U18+V18 -> 82.76 | X18: =IF(L18<0,L18*-1,0) -> 0 | Y18: =W18+X18 -> 82.76 | Z18: 0 | AA18: 36 | AB18: 2 | AC18: =AC17+1 -> 9
A19: =A18+1 -> 10 | B19: 6898 | C19: 276261 | D19: =C19-C18 -> -109 | E19: =C19-152000 -> 124261 | F19: =D19/$D$2 -> -54.953365 | G19: 28.25 | H19: 0 | I19: =G19+H19 -> 28.25 | J19: =IF(L19>0,L19,0) -> 0.016634737 | K19: =I19+J19 -> 28.266635 | L19: =F19-(I19-W19) -> 0.016634737 | M19: 4.76 | N19: 0 | O19: 0 | P19: =M19-(N19+O19) -> 4.76 | Q19: 0 | R19: 0 | S19: =SUM(P19:R19) -> 4.76 | U19: 0 | V19: 78.46 | W19: =N19+O19+S19+U19+V19 -> 83.22 | X19: =IF(L19<0,L19*-1,0) -> 0 | Y19: =W19+X19 -> 83.22 | Z19: 0 | AA19: 41 | AB19: 8 | AC19: =AC18+1 -> 10
A20: =A19+1 -> 11 | B20: 6897.97 | C20: 276152 | D20: =C20-C19 -> -109 | E20: =C20-152000 -> 124152 | F20: =D20/$D$2 -> -54.953365 | G20: 27.79 | H20: 0 | I20: =G20+H20 -> 27.79 | J20: =IF(L20>0,L20,0) -> 0.016634737 | K20: =I20+J20 -> 27.806635 | L20: =F20-(I20-W20) -> 0.016634737 | M20: 4.76 | N20: 0 | O20: 0 | P20: =M20-(N20+O20) -> 4.76 | Q20: 0 | R20: 0 | S20: =SUM(P20:R20) -> 4.76 | U20: 0 | V20: 78 | W20: =N20+O20+S20+U20+V20 -> 82.76 | X20: =IF(L20<0,L20*-1,0) -> 0 | Y20: =W20+X20 -> 82.76 | Z20: 0 | AA20: 48 | AB20: 14 | AC20: =AC19+1 -> 11
A21: =A20+1 -> 12 | B21: 6897.95 | C21: 276080 | D21: =C21-C20 -> -72 | E21: =C21-152000 -> 124080 | F21: =D21/$D$2 -> -36.299471 | G21: 45.85 | H21: 0 | I21: =G21+H21 -> 45.85 | J21: =IF(L21>0,L21,0) -> 0.010529367 | K21: =I21+J21 -> 45.860529 | L21: =F21-(I21-W21) -> 0.010529367 | M21: 4.76 | N21: 0 | O21: 0 | P21: =M21-(N21+O21) -> 4.76 | Q21: 0 | R21: 0 | S21: =SUM(P21:R21) -> 4.76 | U21: 0 | V21: 77.4 | W21: =N21+O21+S21+U21+V21 -> 82.16 | X21: =IF(L21<0,L21*-1,0) -> 0 | Y21: =W21+X21 -> 82.16 | Z21: 0 | AA21: 45 | AB21: 18 | AC21: =AC20+1 -> 12
A22: =A21+1 -> 13 | B22: 6897.92 | C22: 275951 | D22: =C22-C21 -> -129 | E22: =C22-152000 -> 123951 | F22: =D22/$D$2 -> -65.036552 | G22: 17.14 | H22: 0 | I22: =G22+H22 -> 17.14 | J22: =IF(L22>0,L22,0) -> 0.01344845 | K22: =I22+J22 -> 17.153448 | L22: =F22-(I22-W22) -> 0.01344845 | M22: 4.76 | N22: 0 | O22: 0 | P22: =M22-(N22+O22) -> 4.76 | Q22: 0 | R22: 0 | S22: =SUM(P22:R22) -> 4.76 | U22: 0 | V22: 77.43 | W22: =N22+O22+S22+U22+V22 -> 82.19 | X22: =IF(L22<0,L22*-1,0) -> 0 | Y22: =W22+X22 -> 82.19 | Z22: 0 | AA22: 39 | AB22: 21 | AC22: =AC21+1 -> 13
... A36: =A35+1 -> 27 | B36: 6897.54 | C36: 274597 | D36: =C36-C35 -> 0 | E36: =C36-152000 -> 122597 | F36: =D36/$D$2 -> 0 | G36: 117.24 | H36: 0 | I36: =G36+H36 -> 117.24 | J36: =IF(L36>0,L36,0) -> 0 | K36: =I36+J36 -> 117.24 | L36: =F36-(I36-W36) -> 0 | M36: 39.79 | N36: 0 | O36: 0 | P36: =M36-(N36+O36) -> 39.79 | Q36: 0 | R36: 0 | S36: =SUM(P36:R36) -> 39.79 | U36: 0 | V36: 77.45 | W36: =N36+O36+S36+U36+V36 -> 117.24 | X36: =IF(L36<0,L36*-1,0) -> 0 | Y36: =W36+X36 -> 117.24 | Z36: 0.3 | AA36: 47 | AB36: 24 | AC36: =AC35+1 -> 27
A37: 28 | B37: 6897.51 | C37: 274488 | D37: =C37-C36 -> -109 | E37: =C37-152000 -> 122488 | F37: =D37/$D$2 -> -54.953365 | G37: 62.34 | H37: 0 | I37: =G37+H37 -> 62.34 | J37: =IF(L37>0,L37,0) -> 0.016634737 | K37: =I37+J37 -> 62.356635 | L37: =F37-(I37-W37) -> 0.016634737 | M37: 39.91 | N37: 0 | O37: 0 | P37: =M37-(N37+O37) -> 39.91 | Q37: 0 | R37: 0 | S37: =SUM(P37:R37) -> 39.91 | U37: 0 | V37: 77.4 | W37: =N37+O37+S37+U37+V37 -> 117.31 | X37: =IF(L37<0,L37*-1,0) -> 0 | Y37: =W37+X37 -> 117.31 | Z37: 0.16 | AA37: 39 | AB37: 29 | AC37: 28
A39: MONTH / CFS | F39: =SUM(F10:F37) -> -1481.7242 | G39: =SUM(G10:G37) -> 1037.46 | H39: =SUM(H10:H37) -> 0 | I39: =SUM(I10:I37) -> 1037.46 | J39: =SUM(J10:J37) -> 0.3448122 | K39: =SUM(K10:K37) -> 1037.8048 | L39: =SUM(L10:L37) -> -93.194225 | M39: =SUM(M10:M37) -> 247.9 | ... S39: =SUM(S10:S37) -> 247.9 | U39: =SUM(U10:U37) -> 0 | V39: =SUM(V10:V37) -> 2178.09 | W39: =SUM(W10:W37) -> 2425.99 | X39: =SUM(X10:X37) -> 93.539037 | Y39: =SUM(Y10:Y37) -> 2519.529 | Z39: =SUM(Z10:Z37) -> 2.19 | AA39: =AVERAGE(AA10:AA37) -> 40.071429 | AB39: =AVERAGE(AB10:AB37) -> 12.571429 | AC39: AVE
A40: MONTH / AF | D40: =SUM(D10:D37) -> -2939 | F40: =F39*$D$2 -> -2939 | G40: =G39*$D$2 -> 2057.8019 | H40: =H39*$D$2 -> 0 | I40: =I39*$D$2 -> 2057.8019 | J40: =J39*$D$2 -> 0.683935 | K40: =K39*$D$2 -> 2058.4858 | L40: =L39*$D$2 -> -184.85074 | M40: =M39*$D$2 -> 491.70965 | ... S40: =S39*$D$2 -> 491.70965 | U40: =U39*$D$2 -> 0 | V40: =V39*$D$2 -> 4320.2415 | W40: =W39*$D$2 -> 4811.9512 | X40: =X39*$D$2 -> 185.53468 | Y40: =Y39*$D$2 -> 4997.4858 | AA40: =MAX(AA10:AA37) -> 55 | AB40: =MAX(AB10:AB37) -> 29 | AC40: HI
A42: SEASON / CFS | AA42: =MIN(AA10:AA37) -> 26 | AB42: =MIN(AB10:AB37) -> -8 | AC42: LO
A43: SEASON / AF
A45: YTD / CFS | F45: =F8+F39 -> -11089.992 | G45: =G8+G39 -> 2882.866 | H45: =H8+H39 -> 0 | I45: =I8+I39 -> 3289.356 | J45: =J8+J39 -> 344.52349 | K45: =K8+K39 -> 3560.294 | L45: =L8+L39 -> -1215.2084 | M45: =M8+M39 -> 1174.76 | ... S45: =S8+S39 -> 3839.22 | U45: =U8+U39 -> 0 | V45: =V8+V39 -> 9324.92 | W45: =W8+W39 -> 13164.14 | X45: =X8+X39 -> 1559.7319 | Y45: =Y8+Y39 -> 14723.872 | Z45: =Z8+Z39 -> 5.17
A46: YTD / AF | D46: =D8+D40 -> -21997 | E46: =E37 -> 122488 | F46: =F45*$D$2 -> -21997 | G46: =G45*$D$2 -> 5718.1647 | H46: =H45*$D$2 -> 0 | I46: =I45*$D$2 -> 6524.4376 | J46: =J45*$D$2 -> 683.36233 | K46: =K45*$D$2 -> 7061.8432 | L46: =L45*$D$2 -> -2410.3659 | M46: =M45*$D$2 -> 2330.1365 | ... Y46: =Y45*$D$2 -> 29204.8

Sheet MAR
K1: MC PHEE RESERVOIR IN/OUT FLOW TABULATION
A2: AF/cfs CONVERT FACTOR | D2: 1.9835 | K2: MARCH "1990"
A4: DATE | B4: RESERV | C4: RESERV | D4: AC FT | E4: ACTIVE | F4: CONV TO | G4: DOLORES | H4: LOST | I4: RECORDED | J4: CALC | K4: TOTAL | L4: CALC | M4: TUNNEL | Q4: LONE | R4: U | S4: TOTAL | T4: MVI | U4: DV CR | V4: BELOW | W4: RECORDED | X4: CALC | Y4: TOTAL | Z4: RAIN | AA4: MAX | AB4: MIN | AC4: DATE
A5: MAR | B5: ELEV | C5: AC FT | D5: CHANGE | E5: CAP | F5: CFS | G5: RIVER | H5: CANYON | I5: INFLOW | J5: INFLOW | K5: INFLOW | L5: INF/OTF | M5: TOT DIV | N5: WETLAND | O5: UTE F&R | P5: MVI,CTZ | Q5: PINE | R5: LAT | S5: MVI | T5: CALL | U5: CANAL | V5: MC PHEE | W5: OUTFLOW | X5: OUTFLOW | Y5: OUTFLOW | AA5: TMP | AB5: TMP | AC5: MAR
A7: SEASON BAL
A8: YTD | B8: =FEB!B37 -> 6897.51 | C8: =FEB!C37 -> 274488 | D8: =FEB!$D$46 -> -21997 | E8: =FEB!$E$37 -> 122488 | F8: =FEB!F45 -> -11089.992 | G8: =FEB!G45 -> 2882.866 | H8: =FEB!H45 -> 0 | I8: =FEB!I45 -> 3289.356 | J8: =FEB!J45 -> 344.52349 | K8: =FEB!K45 -> 3560.294 | L8: =FEB!L45 -> -1215.2084 | M8: =FEB!M45 -> 1174.76 | ... Z8: =FEB!Z45 -> 5.17
A10: 1 | B10: 6897.45 | C10: 274271 | D10: =C10-C8 -> -217 | E10: =C10-152000 -> 122271 | F10: =D10/$D$2 -> -109.40257 | G10: 7.57 | H10: 0 | I10: =G10+H10 -> 7.57 | J10: =IF(L10>0,L10,0) -> 0.027428787 | K10: =I10+J10 -> 7.5974288 | L10: =F10-(I10-W10) -> 0.027428787 | M10: 39.6 | N10: 0 | O10: 0 | P10: =M10-(N10+O10) -> 39.6 | Q10: 0 | R10: 0 | S10: =SUM(P10:R10) -> 39.6 | U10: 0 | V10: 77.4 | W10: =N10+O10+S10+U10+V10 -> 117 | X10: =IF(L10<0,L10*-1,0) -> 0 | Y10: =W10+X10 -> 117 | Z10: 0.05 | AA10: 44 | AB10: 22 | AC10: 1
A11: =A10+1 -> 2 | B11: 6897.42 | C11: 274163 | D11: =C11-C10 -> -108 | E11: =C11-152000 -> 122163 | F11: =D11/$D$2 -> -54.449206 | G11: 50.39 | H11: 0 | I11: =G11+H11 -> 50.39 | J11: =IF(L11>0,L11,0) -> 0.010794051 | K11: =I11+J11 -> 50.400794 | L11: =F11-(I11-W11) -> 0.010794051 | M11: 39.64 | N11: 0 | O11: 0 | P11: =M11-(N11+O11) -> 39.64 | Q11: 0 | R11: 0 | S11: =SUM(P11:R11) -> 39.64 | U11: 0 | V11: 65.21 | W11: =N11+O11+S11+U11+V11 -> 104.85 | X11: =IF(L11<0,L11*-1,0) -> 0 | Y11: =W11+X11 -> 104.85 | Z11: 0 | AA11: 43 | AB11: 23 | AC11: =AC10+1 -> 2
A12: =A11+1 -> 3 | B12: 6897.4 | C12: 274090 | D12: =C12-C11 -> -73 | E12: =C12-152000 -> 122090 | F12: =D12/$D$2 -> -36.80363 | G12: 25.88 | H12: 0 | I12: =G12+H12 -> 25.88 | J12: =IF(L12>0,L12,0) -> 0.0063700529 | K12: =I12+J12 -> 25.88637 | L12: =F12-(I12-W12) -> 0.0063700529 | M12: 19.88 | N12: 0 | O12: 0 | P12: =M12-(N12+O12) -> 19.88 | Q12: 0 | R12: 0 | S12: =SUM(P12:R12) -> 19.88 | U12: 0 | V12: 42.81 | W12: =N12+O12+S12+U12+V12 -> 62.69 | X12: =IF(L12<0,L12*-1,0) -> 0 | Y12: =W12+X12 -> 62.69 | Z12: 0 | AA12: 44 | AB12: 22 | AC12: =AC11+1 -> 3
A13: =A12+1 -> 4 | B13: 6897.43 | C13: 274199 | D13: =C13-C12 -> 109 | E13: =C13-152000 -> 122199 | F13: =D13/$D$2 -> 54.953365 | G13: 96.2 | H13: 0 | I13: =G13+H13 -> 96.2 | J13: =IF(L13>0,L13,0) -> 0 | K13: =I13+J13 -> 96.2 | L13: =F13-(I13-W13) -> -0.016634737 | M13: 5.13 | N13: 0 | O13: 0 | P13: =M13-(N13+O13) -> 5.13 | Q13: 0 | R13: 0 | S13: =SUM(P13:R13) -> 5.13 | U13: 0 | V13: 36.1 | W13: =N13+O13+S13+U13+V13 -> 41.23 | X13: =IF(L13<0,L13*-1,0) -> 0.016634737 | Y13: =W13+X13 -> 41.246635 | Z13: 0 | AA13: 45 | AB13: 21 | AC13: =AC12+1 -> 4
A14: =A13+1 -> 5 | B14: 6897.5 | C14: 274452 | D14: =C14-C13 -> 253 | E14: =C14-152000 -> 122452 | F14: =D14/$D$2 -> 127.55231 | G14: 157.22 | H14: 0 | I14: =G14+H14 -> 157.22 | J14: =IF(L14>0,L14,0) -> 0 | K14: =I14+J14 -> 157.22 | L14: =F14-(I14-W14) -> -0.027693471 | M14: 4.88 | N14: 0 | O14: 0 | P14: =M14-(N14+O14) -> 4.88 | Q14: 0 | R14: 0 | S14: =SUM(P14:R14) -> 4.88 | U14: 0 | V14: 24.76 | W14: =N14+O14+S14+U14+V14 -> 29.64 | X14: =IF(L14<0,L14*-1,0) -> 0.027693471 | Y14: =W14+X14 -> 29.667693 | Z14: 0.22 | AA14: 43 | AB14: 23 | AC14: =AC13+1 -> 5
A15: =A14+1 -> 6 | B15: 6897.51 | C15: 274488 | D15: =C15-C14 -> 36 | E15: =C15-152000 -> 122488 | F15: =D15/$D$2 -> 18.149735 | G15: 42.07 | H15: 0 | I15: =G15+H15 -> 42.07 | J15: =IF(L15>0,L15,0) -> 0 | K15: =I15+J15 -> 42.07 | L15: =F15-(I15-W15) -> -0.00026468364 | M15: 4.76 | N15: 0 | O15: 0 | P15: =M15-(N15+O15) -> 4.76 | Q15: 0 | R15: 0 | S15: =SUM(P15:R15) -> 4.76 | U15: 0 | V15: 19.16 | W15: =N15+O15+S15+U15+V15 -> 23.92 | X15: =IF(L15<0,L15*-1,0) -> 0.00026468364 | Y15: =W15+X15 -> 23.920265 | Z15: 0.16 | AA15: 39 | AB15: 22 | AC15: =AC14+1 -> 6
A16: =A15+1 -> 7 | B16: 6897.51 | C16: 274488 | D16: =C16-C15 -> 0 | E16: =C16-152000 -> 122488 | F16: =D16/$D$2 -> 0 | G16: 25.06 | H16: 0 | I16: =G16+H16 -> 25.06 | J16: =IF(L16>0,L16,0) -> 0 | K16: =I16+J16 -> 25.06 | L16: =F16-(I16-W16) -> 0 | M16: 4.76 | N16: 0 | O16: 0 | P16: =M16-(N16+O16) -> 4.76 | Q16: 0 | R16: 0 | S16: =SUM(P16:R16) -> 4.76 | U16: 0 | V16: 20.3 | W16: =N16+O16+S16+U16+V16 -> 25.06 | X16: =IF(L16<0,L16*-1,0) -> 0 | Y16: =W16+X16 -> 25.06 | Z16: 0 | AA16: 41 | AB16: 19 | AC16: =AC15+1 -> 7
A17: =A16+1 -> 8 | B17: 6897.53 | C17: 274560 | D17: =C17-C16 -> 72 | E17: =C17-152000 -> 122560 | F17: =D17/$D$2 -> 36.299471 | G17: 61.37 | H17: 0 | I17: =G17+H17 -> 61.37 | J17: =IF(L17>0,L17,0) -> 0 | K17: =I17+J17 -> 61.37 | L17: =F17-(I17-W17) -> -0.010529367 | M17: 4.76 | N17: 0 | O17: 0 | P17: =M17-(N17+O17) -> 4.76 | Q17: 0 | R17: 0 | S17: =SUM(P17:R17) -> 4.76 | U17: 0 | V17: 20.3 | W17: =N17+O17+S17+U17+V17 -> 25.06 | X17: =IF(L17<0,L17*-1,0) -> 0.010529367 | Y17: =W17+X17 -> 25.070529 | Z17: 0 | AA17: 53 | AB17: 23 | AC17: =AC16+1 -> 8
A18: =A17+1 -> 9 | B18: 6897.55 | C18: 274633 | D18: =C18-C17 -> 73 | E18: =C18-152000 -> 122633 | F18: =D18/$D$2 -> 36.80363 | G18: 61.87 | H18: 0 | I18: =G18+H18 -> 61.87 | J18: =IF(L18>0,L18,0) -> 0 | K18: =I18+J18 -> 61.87 | L18: =F18-(I18-W18) -> -0.0063700529 | M18: 4.76 | N18: 0 | O18: 0 | P18: =M18-(N18+O18) -> 4.76 | Q18: 0 | R18: 0 | S18: =SUM(P18:R18) -> 4.76 | U18: 0 | V18: 20.3 | W18: =N18+O18+S18+U18+V18 -> 25.06 | X18: =IF(L18<0,L18*-1,0) -> 0.0063700529 | Y18: =W18+X18 -> 25.06637 | Z18: 0 | AA18: 54 | AB18: 24 | AC18: =AC17+1 -> 9
A19: =A18+1 -> 10 | B19: 6897.57 | C19: 274705 | D19: =C19-C18 -> 72 | E19: =C19-152000 -> 122705 | F19: =D19/$D$2 -> 36.299471 | G19: 61.43 | H19: 0 | I19: =G19+H19 -> 61.43 | J19: =IF(L19>0,L19,0) -> 0 | K19: =I19+J19 -> 61.43 | L19: =F19-(I19-W19) -> -0.010529367 | M19: 4.76 | N19: 0 | O19: 0 | P19: =M19-(N19+O19) -> 4.76 | Q19: 0 | R19: 0 | S19: =SUM(P19:R19) -> 4.76 | U19: 0 | V19: 20.36 | W19: =N19+O19+S19+U19+V19 -> 25.12 | X19: =IF(L19<0,L19*-1,0) -> 0.010529367 | Y19: =W19+X19 -> 25.130529 | Z19: 0.2 | AA19: 49 | AB19: 20 | AC19: =AC18+1 -> 10
A20: =A19+1 -> 11 | B20: 6897.64 | C20: 274958 | D20: =C20-C19 -> 253 | E20: =C20-152000 -> 122958 | F20: =D20/$D$2 -> 127.55231 | G20: 152.8 | H20: 0 | I20: =G20+H20 -> 152.8 | J20: =IF(L20>0,L20,0) -> 0 | K20: =I20+J20 -> 152.8 | L20: =F20-(I20-W20) -> -0.027693471 | M20: 4.76 | N20: 0 | O20: 0 | P20: =M20-(N20+O20) -> 4.76 | Q20: 0 | R20: 0 | S20: =SUM(P20:R20) -> 4.76 | U20: 0 | V20: 20.46 | W20: =N20+O20+S20+U20+V20 -> 25.22 | X20: =IF(L20<0,L20*-1,0) -> 0.027693471 | Y20: =W20+X20 -> 25.247693 | Z20: 0.49 | AA20: 38 | AB20: 33 | AC20: =AC19+1 -> 11
A21: =A20+1 -> 12 | B21: 6897.6 | C21: 274814 | D21: =C21-C20 -> -144 | E21: =C21-152000 -> 122814 | F21: =D21/$D$2 -> -72.598941 | G21: 52.69 | H21: 0 | I21: =G21+H21 -> 52.69 | J21: =IF(L21>0,L21,0) -> 0.021058735 | K21: =I21+J21 -> 52.711059 | L21: =F21-(I21-W21) -> 0.021058735 | M21: 4.76 | N21: 0 | O21: 0 | P21: =M21-(N21+O21) -> 4.76 | Q21: 91.42 | R21: 8.82 | S21: =SUM(P21:R21) -> 105 | U21: 0 | V21: 20.31 | W21: =N21+O21+S21+U21+V21 -> 125.31 | X21: =IF(L21<0,L21*-1,0) -> 0 | Y21: =W21+X21 -> 125.31 | Z21: 0.11 | AA21: 34 | AB21: 28 | AC21: =AC20+1 -> 12
A22: =A21+1 -> 13 | B22: 6897.52 | C22: 274524 | D22: =C22-C21 -> -290 | E22: =C22-152000 -> 122524 | F22: =D22/$D$2 -> -146.2062 | G22: 42.06 | H22: 0 | I22: =G22+H22 -> 42.06 | J22: =IF(L22>0,L22,0) -> 0.03379884 | K22: =I22+J22 -> 42.093799 | L22: =F22-(I22-W22) -> 0.03379884 | M22: 4.76 | N22: 0 | O22: 0 | P22: =M22-(N22+O22) -> 4.76 | Q22: 149.36 | R22: 13.88 | S22: =SUM(P22:R22) -> 168 | U22: 0 | V22: 20.3 | W22: =N22+O22+S22+U22+V22 -> 188.3 | X22: =IF(L22<0,L22*-1,0) -> 0 | Y22: =W22+X22 -> 188.3 | Z22: 0 | AA22: 33 | AB22: 22 | AC22: =AC21+1 -> 13
... A38: =A37+1 -> 29 | B38: 6897.16 | C38: 273222 | D38: =C38-C37 -> -470 | E38: =C38-152000 -> 121222 | F38: =D38/$D$2 -> -236.95488 | G38: 82.11 | H38: 0 | I38: =G38+H38 -> 82.11 | J38: =IF(L38>0,L38,0) -> 0.055122259 | K38: =I38+J38 -> 82.165122 | L38: =F38-(I38-W38) -> 0.055122259 | M38: 4.06 | N38: 0 | O38: 0 | P38: =M38-(N38+O38) -> 4.06 | Q38: 294.78 | R38: 0 | S38: =SUM(P38:R38) -> 298.84 | U38: 0 | V38: 20.28 | W38: =N38+O38+S38+U38+V38 -> 319.12 | X38: =IF(L38<0,L38*-1,0) -> 0 | Y38: =W38+X38 -> 319.12 | Z38: 0 | AA38: 45 | AB38: 30 | AC38: =AC37+1 -> 29
A39: 30 | B39: 6897.1 | C39: 273005 | D39: =C39-C38 -> -217 | E39: =C39-152000 -> 121005 | F39: =D39/$D$2 -> -109.40257 | G39: 107.86 | H39: 0 | I39: =G39+H39 -> 107.86 | J39: =IF(L39>0,L39,0) -> 0.027428787 | K39: =I39+J39 -> 107.88743 | L39: =F39-(I39-W39) -> 0.027428787 | M39: 4.06 | N39: 0 | O39: 0 | P39: =M39-(N39+O39) -> 4.06 | Q39: 192.93 | R39: 0 | S39: =SUM(P39:R39) -> 196.99 | U39: 0 | V39: 20.3 | W39: =N39+O39+S39+U39+V39 -> 217.29 | X39: =IF(L39<0,L39*-1,0) -> 0 | Y39: =W39+X39 -> 217.29 | Z39: 0 | AA39: 48 | AB39: 29 | AC39: 30
A40: 31 | B40: 6897.14 | C40: 273150 | D40: =C40-C39 -> 145 | E40: =C40-152000 -> 121150 | F40: =D40/$D$2 -> 73.103101 | G40: 97.47 | H40: 0 | I40: =G40+H40 -> 97.47 | J40: =IF(L40>0,L40,0) -> 0 | K40: =I40+J40 -> 97.47 | L40: =F40-(I40-W40) -> -0.01689942 | M40: 4.06 | N40: 0 | O40: 0 | P40: =M40-(N40+O40) -> 4.06 | Q40: 0 | R40: 0 | S40: =SUM(P40:R40) -> 4.06 | U40: 0 | V40: 20.29 | W40: =N40+O40+S40+U40+V40 -> 24.35 | X40: =IF(L40<0,L40*-1,0) -> 0.01689942 | Y40: =W40+X40 -> 24.366899 | Z40: 0 | AA40: 52 | AB40: 31 | AC40: 31
A42: MONTH / CFS | F42: =SUM(F10:F40) -> -674.56516 | G42: =SUM(G10:G40) -> 2243.29 | H42: =SUM(H10:H40) -> 0 | I42: =SUM(I10:I40) -> 2243.29 | J42: =SUM(J10:J40) -> 0.38426771 | K42: =SUM(K10:K40) -> 2243.6743 | L42: =SUM(L10:L40) -> -4.2651626 | M42: =SUM(M10:M40) -> 226.88 | ... S42: =SUM(S10:S40) -> 2140.4 | U42: =SUM(U10:U40) -> 0 | V42: =SUM(V10:V40) -> 773.11 | W42: =SUM(W10:W40) -> 2913.59 | X42: =SUM(X10:X40) -> 4.6494303 | Y42: =SUM(Y10:Y40) -> 2918.2394 | Z42: =SUM(Z10:Z40) -> 1.23 | AA42: =AVERAGE(AA10:AA40) -> 48.967742 | AB42: =AVERAGE(AB10:AB40) -> 24.290323 | AC42: AVE
A43: MONTH / AF | D43: =SUM(D10:D40) -> -1338 | F43: =F42*$D$2 -> -1338 | G43: =G42*$D$2 -> 4449.5657 | H43: =H42*$D$2 -> 0 | I43: =I42*$D$2 -> 4449.5657 | J43: =J42*$D$2 -> 0.762195 | K43: =K42*$D$2 -> 4450.3279 | L43: =L42*$D$2 -> -8.45995 | M43: =M42*$D$2 -> 450.01648 | ... S43: =S42*$D$2 -> 4245.4834 | U43: =U42*$D$2 -> 0 | V43: =V42*$D$2 -> 1533.4637 | W43: =W42*$D$2 -> 5779.1058 | X43: =X42*$D$2 -> 9.222145 | Y43: =Y42*$D$2 -> 5788.3279 | AA43: =MAX(AA10:AA40) -> 64 | AB43: =MAX(AB10:AB40) -> 33 | AC43: HI
A45: SEASON / CFS | AA45: =MIN(AA10:AA40) -> 30 | AB45: =MIN(AB10:AB40) -> 9 | AC45: LO
A46: SEASON / AF
A48: YTD / CFS | F48: =F8+F42 -> -11764.558 | G48: =G8+G42 -> 5126.156 | H48: =H8+H42 -> 0 | I48: =I8+I42 -> 5532.646 | J48: =J8+J42 -> 344.90775 | K48: =K8+K42 -> 5803.9683 | L48: =L8+L42 -> -1219.4736 | M48: =M8+M42 -> 1401.64 | ... S48: =S8+S42 -> 5979.62 | U48: =U8+U42 -> 0 | V48: =V8+V42 -> 10098.03 | W48: =W8+W42 -> 16077.73 | X48: =X8+X42 -> 1564.3814 | Y48: =Y8+Y42 -> 17642.111 | Z48: =Z8+Z42 -> 6.4
A49: YTD / AF | D49: =D8+D43 -> -23335 | E49: =E40 -> 121150 | F49: =F48*$D$2 -> -23335 | G49: =G48*$D$2 -> 10167.73 | H49: =H48*$D$2 -> 0 | I49: =I48*$D$2 -> 10974.003 | J49: =J48*$D$2 -> 684.12453 | K49: =K48*$D$2 -> 11512.171 | L49: =L48*$D$2 -> -2418.8259 | M49: =M48*$D$2 -> 2780.1529 | ... Y49: =Y48*$D$2 -> 34993.128

Sheet APR
K1: MC PHEE RESERVOIR IN/OUT FLOW TABULATION
A2: AF/cfs CONVERT FACTOR | D2: 1.9835 | K2: APRIL "1990"
X3: 5
A4: DATE | B4: RESERV | C4: RESERV | D4: AC FT | E4: ACTIVE | F4: CONV TO | G4: DOLORES | H4: LOST | I4: RECORDED | J4: CALC | K4: TOTAL | L4: CALC | M4: TUNNEL | Q4: LONE | R4: U | S4: TOTAL | T4: MVI | U4: DV CR | V4: BELOW | W4: RECORDED | X4: CALC | Y4: TOTAL | Z4: RAIN | AA4: MAX | AB4: MIN | AC4: DATE
A5: "APR" | B5: ELEV | C5: AC FT | D5: CHANGE | E5: CAP | F5: CFS | G5: RIVER | H5: CANYON | I5: INFLOW | J5: INFLOW | K5: INFLOW | L5: INF/OTF | M5: TOT DIV | N5: WETLAND | O5: UTE F&R | P5: MVI/CTZ/MWC | Q5: PINE | R5: LAT | S5: MVI | T5: CALL | U5: CANAL | V5: MC PHEE | W5: OUTFLOW | X5: OUTFLOW | Y5: OUTFLOW | AA5: TMP | AB5: TMP | AC5: "APR"
A7: SEASON BAL
A8: YTD | B8: =MAR!B40 -> 6897.14 | C8: =MAR!C40 -> 273150 | D8: =MAR!D49 -> -23335 | E8: =MAR!E49 -> 121150 | F8: =MAR!F48 -> -11764.558 | G8: =MAR!G48 -> 5126.156 | H8: =MAR!H48 -> 0 | I8: =MAR!I48 -> 5532.646 | J8: =MAR!J48 -> 344.90775 | K8: =MAR!K48 -> 5803.9683 | L8: =MAR!L48 -> -1219.4736 | M8: =MAR!M48 -> 1401.64 | ... Z8: =MAR!Z48 -> 6.4
A10: 1 | B10: 6897.18 | C10: 273294 | D10: =C10-C8 -> 144 | E10: =C10-152000 -> 121294 | F10: =D10/$D$2 -> 72.598941 | G10: 107.68 | H10: 0 | I10: =G10+H10 -> 107.68 | J10: =IF(L10>0,L10,0) -> 0 | K10: =I10+J10 -> 107.68 | L10: =F10-(I10-W10) -> -10.691059 | M10: 4.12 | N10: 0 | O10: 0 | P10: =M10-(N10+O10) -> 4.12 | Q10: 0 | R10: 0 | S10: =SUM(P10:R10) -> 4.12 | T10: =I10-S10 -> 103.56 | U10: 0 | V10: 20.27 | W10: =N10+O10+S10+U10+V10 -> 24.39 | X10: =IF(L10<0,L10*-1,0) -> 10.691059 | Y10: =W10+X10 -> 35.081059 | Z10: 0.23 | AA10: 58 | AB10: 27 | AC10: 1
A11: =A10+1 -> 2 | B11: 6897.22 | C11: 273439 | D11: =C11-C10 -> 145 | E11: =C11-152000 -> 121439 | F11: =D11/$D$2 -> 73.103101 | G11: 112.22 | H11: 0 | I11: =G11+H11 -> 112.22 | J11: =IF(L11>0,L11,0) -> 0 | K11: =I11+J11 -> 112.22 | L11: =F11-(I11-W11) -> -15.006899 | M11: 3.82 | N11: 0 | O11: 0 | P11: =M11-(N11+O11) -> 3.82 | Q11: 0 | R11: 0 | S11: =SUM(P11:R11) -> 3.82 | T11: =(I11-S11)+T10 -> 211.96 | U11: 0 | V11: 20.29 | W11: =N11+O11+S11+U11+V11 -> 24.11 | X11: =IF(L11<0,L11*-1,0) -> 15.006899 | Y11: =W11+X11 -> 39.116899 | Z11: 0.03 | AA11: 58 | AB11: 27 | AC11: =AC10+1 -> 2
A12: =A11+1 -> 3 | B12: 6897.29 | C12: 273692 | D12: =C12-C11 -> 253 | E12: =C12-152000 -> 121692 | F12: =D12/$D$2 -> 127.55231 | G12: 125.34 | H12: 28.38 | I12: =G12+H12 -> 153.72 | J12: =IF(L12>0,L12,0) -> 0 | K12: =I12+J12 -> 153.72 | L12: =F12-(I12-W12) -> -0.027693471 | M12: 5.84 | N12: 0 | O12: 0 | P12: =M12-(N12+O12) -> 5.84 | Q12: 0 | R12: 0 | S12: =SUM(P12:R12) -> 5.84 | T12: =(I12-S12)+T11 -> 359.84 | U12: 0 | V12: 20.3 | W12: =N12+O12+S12+U12+V12 -> 26.14 | X12: =IF(L12<0,L12*-1,0) -> 0.027693471 | Y12: =W12+X12 -> 26.167693 | Z12: 0 | AA12: 57 | AB12: 28 | AC12: =AC11+1 -> 3
A13: =A12+1 -> 4 | B13: 6897.33 | C13: 273837 | D13: =C13-C12 -> 145 | E13: =C13-152000 -> 121837 | F13: =D13/$D$2 -> 73.103101 | G13: 131.26 | H13: 0 | I13: =G13+H13 -> 131.26 | J13: =IF(L13>0,L13,0) -> 0 | K13: =I13+J13 -> 131.26 | L13: =F13-(I13-W13) -> -31.656899 | M13: 6.2 | N13: 0 | O13: 0 | P13: =M13-(N13+O13) -> 6.2 | Q13: 0 | R13: 0 | S13: =SUM(P13:R13) -> 6.2 | T13: =(I13-S13)+T12 -> 484.9 | U13: 0 | V13: 20.3 | W13: =N13+O13+S13+U13+V13 -> 26.5 | X13: =IF(L13<0,L13*-1,0) -> 31.656899 | Y13: =W13+X13 -> 58.156899 | Z13: 0 | AA13: 58 | AB13: 30 | AC13: =AC12+1 -> 4
A14: =A13+1 -> 5 | B14: 6897.36 | C14: 273946 | D14: =C14-C13 -> 109 | E14: =C14-152000 -> 121946 | F14: =D14/$D$2 -> 54.953365 | G14: 89.2 | H14: 0 | I14: =G14+H14 -> 89.2 | J14: =IF(L14>0,L14,0) -> 0 | K14: =I14+J14 -> 89.2 | L14: =F14-(I14-W14) -> -8.2966347 | M14: 5.64 | N14: 0 | O14: 0 | P14: =M14-(N14+O14) -> 5.64 | Q14: 0 | R14: 0 | S14: =SUM(P14:R14) -> 5.64 | T14: =(I14-S14)+T13 -> 568.46 | U14: 0 | V14: 20.31 | W14: =N14+O14+S14+U14+V14 -> 25.95 | X14: =IF(L14<0,L14*-1,0) -> 8.2966347 | Y14: =W14+X14 -> 34.246635 | Z14: 0.11 | AA14: 55 | AB14: 39 | AC14: =AC13+1 -> 5
A15: =A14+1 -> 6 | B15: 6897.4 | C15: 274090 | D15: =C15-C14 -> 144 | E15: =C15-152000 -> 122090 | F15: =D15/$D$2 -> 72.598941 | G15: 82.43 | H15: 16.23 | I15: =G15+H15 -> 98.66 | J15: =IF(L15>0,L15,0) -> 0 | K15: =I15+J15 -> 98.66 | L15: =F15-(I15-W15) -> -0.021058735 | M15: 5.74 | N15: 0 | O15: 0 | P15: =M15-(N15+O15) -> 5.74 | Q15: 0 | R15: 0 | S15: =SUM(P15:R15) -> 5.74 | T15: =(I15-S15)+T14 -> 661.38 | U15: 0 | V15: 20.3 | W15: =N15+O15+S15+U15+V15 -> 26.04 | X15: =IF(L15<0,L15*-1,0) -> 0.021058735 | Y15: =W15+X15 -> 26.061059 | Z15: 0 | AA15: 53 | AB15: 26 | AC15: =AC14+1 -> 6
A16: =A15+1 -> 7 | B16: 6897.45 | C16: 274271 | D16: =C16-C15 -> 181 | E16: =C16-152000 -> 122271 | F16: =D16/$D$2 -> 91.252836 | G16: 81.98 | H16: 37.85 | I16: =G16+H16 -> 119.83 | J16: =IF(L16>0,L16,0) -> 0 | K16: =I16+J16 -> 119.83 | L16: =F16-(I16-W16) -> -0.027164104 | M16: 8.25 | N16: 0 | O16: 0 | P16: =M16-(N16+O16) -> 8.25 | Q16: 0 | R16: 0 | S16: =SUM(P16:R16) -> 8.25 | T16: =(I16-S16)+T15 -> 772.96 | U16: 0 | V16: 20.3 | W16: =N16+O16+S16+U16+V16 -> 28.55 | X16: =IF(L16<0,L16*-1,0) -> 0.027164104 | Y16: =W16+X16 -> 28.577164 | Z16: 0.08 | AA16: 51 | AB16: 26 | AC16: =AC15+1 -> 7
A17: =A16+1 -> 8 | B17: 6897.53 | C17: 274560 | D17: =C17-C16 -> 289 | E17: =C17-152000 -> 122560 | F17: =D17/$D$2 -> 145.70204 | G17: 95.71 | H17: 79.71 | I17: =G17+H17 -> 175.42 | J17: =IF(L17>0,L17,0) -> 0 | K17: =I17+J17 -> 175.42 | L17: =F17-(I17-W17) -> -0.037958155 | M17: 9.34 | N17: 0 | O17: 0 | P17: =M17-(N17+O17) -> 9.34 | Q17: 0 | R17: 0 | S17: =SUM(P17:R17) -> 9.34 | T17: =(I17-S17)+T16 -> 939.04 | U17: 0 | V17: 20.34 | W17: =N17+O17+S17+U17+V17 -> 29.68 | X17: =IF(L17<0,L17*-1,0) -> 0.037958155 | Y17: =W17+X17 -> 29.717958 | Z17: 0.2 | AA17: 59 | AB17: 27 | AC17: =AC16+1 -> 8
A18: =A17+1 -> 9 | B18: 6897.56 | C18: 274669 | D18: =C18-C17 -> 109 | E18: =C18-152000 -> 122669 | F18: =D18/$D$2 -> 54.953365 | G18: 99.15 | H18: 0 | I18: =G18+H18 -> 99.15 | J18: =IF(L18>0,L18,0) -> 0 | K18: =I18+J18 -> 99.15 | L18: =F18-(I18-W18) -> -13.936635 | M18: 9.93 | N18: 0 | O18: 0 | P18: =M18-(N18+O18) -> 9.93 | Q18: 0 | R18: 0 | S18: =SUM(P18:R18) -> 9.93 | T18: =(I18-S18)+T17 -> 1028.26 | U18: 0 | V18: 20.33 | W18: =N18+O18+S18+U18+V18 -> 30.26 | X18: =IF(L18<0,L18*-1,0) -> 13.936635 | Y18: =W18+X18 -> 44.196635 | Z18: 0 | AA18: 49 | AB18: 27 | AC18: =AC17+1 -> 9
A19: =A18+1 -> 10 | B19: 6897.6 | C19: 274814 | D19: =C19-C18 -> 145 | E19: =C19-152000 -> 122814 | F19: =D19/$D$2 -> 73.103101 | G19: 88.82 | H19: 13.89 | I19: =G19+H19 -> 102.71 | J19: =IF(L19>0,L19,0) -> 0 | K19: =I19+J19 -> 102.71 | L19: =F19-(I19-W19) -> -0.01689942 | M19: 9.26 | N19: 0 | O19: 0 | P19: =M19-(N19+O19) -> 9.26 | Q19: 0 | R19: 0 | S19: =SUM(P19:R19) -> 9.26 | T19: =(I19-S19)+T18 -> 1121.71 | U19: 0 | V19: 20.33 | W19: =N19+O19+S19+U19+V19 -> 29.59 | X19: =IF(L19<0,L19*-1,0) -> 0.01689942 | Y19: =W19+X19 -> 29.606899 | Z19: 0 | AA19: 60 | AB19: 26 | AC19: =AC18+1 -> 10
A20: =A19+1 -> 11 | B20: 6897.64 | C20: 274958 | D20: =C20-C19 -> 144 | E20: =C20-152000 -> 122958 | F20: =D20/$D$2 -> 72.598941 | G20: 92.68 | H20: 13.743 | I20: =G20+H20 -> 106.423 | J20: =IF(L20>0,L20,0) -> 0 | K20: =I20+J20 -> 106.423 | L20: =F20-(I20-W20) -> -0.024058735 | M20: 13.48 | N20: 0 | O20: 0 | P20: =M20-(N20+O20) -> 13.48 | Q20: 0 | R20: 0 | S20: =SUM(P20:R20) -> 13.48 | T20: =(I20-S20)+T19 -> 1214.653 | U20: 0 | V20: 20.32 | W20: =N20+O20+S20+U20+V20 -> 33.8 | X20: =IF(L20<0,L20*-1,0) -> 0.024058735 | Y20: =W20+X20 -> 33.824059 | Z20: 0 | AA20: 63 | AB20: 30 | AC20: =AC19+1 -> 11
A21: =A20+1 -> 12 | B21: 6897.69 | C21: 275139 | D21: =C21-C20 -> 181 | E21: =C21-152000 -> 123139 | F21: =D21/$D$2 -> 91.252836 | G21: 108.68 | H21: 27.49 | I21: =G21+H21 -> 136.17 | J21: =IF(L21>0,L21,0) -> 0 | K21: =I21+J21 -> 136.17 | L21: =F21-(I21-W21) -> -0.027164104 | M21: 24.55 | N21: 0 | O21: 0 | P21: =M21-(N21+O21) -> 24.55 | Q21: 0 | R21: 0 | S21: =SUM(P21:R21) -> 24.55 | T21: =(I21-S21)+T20 -> 1326.273 | U21: 0 | V21: 20.34 | W21: =N21+O21+S21+U21+V21 -> 44.89 | X21: =IF(L21<0,L21*-1,0) -> 0.027164104 | Y21: =W21+X21 -> 44.917164 | Z21: 0 | AA21: 62 | AB21: 30 | AC21: =AC20+1 -> 12
A22: =A21+1 -> 13 | B22: 6897.74 | C22: 275320 | D22: =C22-C21 -> 181 | E22: =C22-152000 -> 123320 | F22: =D22/$D$2 -> 91.252836 | G22: 124.17 | H22: 11.49 | I22: =G22+H22 -> 135.66 | J22: =IF(L22>0,L22,0) -> 0 | K22: =I22+J22 -> 135.66 | L22: =F22-(I22-W22) -> -0.027164104 | M22: 24.07 | N22: 0 | O22: 0 | P22: =M22-(N22+O22) -> 24.07 | Q22: 0 | R22: 0 | S22: =SUM(P22:R22) -> 24.07 | T22: =(I22-S22)+T21 -> 1437.863 | U22: 0 | V22: 20.31 | W22: =N22+O22+S22+U22+V22 -> 44.38 | X22: =IF(L22<0,L22*-1,0) -> 0.027164104 | Y22: =W22+X22 -> 44.407164 | Z22: 0 | AA22: 62 | AB22: 33 | AC22: =AC21+1 -> 13
... A38: =A37+1 -> 29 | B38: 6898.71 | C38: 278849 | D38: =C38-C37 -> -292 | E38: =C38-152000 -> 126849 | F38: =D38/$D$2 -> -147.21452 | G38: 349.14 | H38: 0 | I38: =G38+H38 -> 349.14 | J38: =IF(L38>0,L38,0) -> 0 | K38: =I38+J38 -> 349.14 | L38: =F38-(I38-W38) -> -40.76452 | M38: 142.96 | N38: 0 | O38: 0 | P38: =M38-(N38+O38) -> 142.96 | Q38: 250.01 | R38: 30.03 | S38: =SUM(P38:R38) -> 423 | T38: =(I38-S38)+T37 -> 3843.653 | U38: 13 | V38: 19.59 | W38: =N38+O38+S38+U38+V38 -> 455.59 | X38: =IF(L38<0,L38*-1,0) -> 40.76452 | Y38: =W38+X38 -> 496.35452 | Z38: 0.21 | AA38: 46 | AB38: 28 | AC38: =AC37+1 -> 29
A39: 30 | B39: 6898.67 | C39: 278703 | D39: =C39-C38 -> -146 | E39: =C39-152000 -> 126703 | F39: =D39/$D$2 -> -73.60726 | G39: 318.99 | H39: 50.03 | I39: =G39+H39 -> 369.02 | J39: =IF(L39>0,L39,0) -> 0.022740106 | K39: =I39+J39 -> 369.04274 | L39: =F39-(I39-W39) -> 0.022740106 | M39: 142.86 | N39: 0 | O39: 0 | P39: =M39-(N39+O39) -> 142.86 | Q39: 250 | R39: 30.14 | S39: =SUM(P39:R39) -> 423 | T39: =(I39-S39)+T38 -> 3789.673 | U39: 0 | V39: 19.65 | W39: =N39+O39+S39+U39+V39 -> 442.65 | X39: =IF(L39<0,L39*-1,0) -> 0 | Y39: =W39+X39 -> 442.65 | Z39: 0.34 | AA39: 46 | AB39: 28 | AC39: 30
A41: MONTH / CFS | F41: =SUM(F10:F39) -> 2799.5967 | G41: =SUM(G10:G39) -> 5884.77 | H41: =SUM(H10:H39) -> 812.073 | I41: =SUM(I10:I39) -> 6696.843 | J41: =SUM(J10:J39) -> 0.091489791 | K41: =SUM(K10:K39) -> 6696.9345 | L41: =SUM(L10:L39) -> -218.32633 | M41: =SUM(M10:M39) -> 1746.08 | ... S41: =SUM(S10:S39) -> 2907.17 | U41: =SUM(U10:U39) -> 162 | V41: =SUM(V10:V39) -> 609.75 | W41: =SUM(W10:W39) -> 3678.92 | X41: =SUM(X10:X39) -> 218.41782 | Y41: =SUM(Y10:Y39) -> 3897.3378 | Z41: =SUM(Z10:Z39) -> 2.61 | AA41: =AVERAGE(AA10:AA39) -> 56.7 | AB41: =AVERAGE(AB10:AB39) -> 30.066667 | AC41: Avg
A42: MONTH / AF | D42: =SUM(D10:D39) -> 5553 | F42: =F41*$D$2 -> 5553 | G42: =G41*$D$2 -> 11672.441 | H42: =H41*$D$2 -> 1610.7468 | I42: =I41*$D$2 -> 13283.188 | J42: =J41*$D$2 -> 0.18147 | K42: =K41*$D$2 -> 13283.37 | L42: =L41*$D$2 -> -433.05027 | M42: =M41*$D$2 -> 3463.3497 | ... S42: =S41*$D$2 -> 5766.3717 | U42: =U41*$D$2 -> 321.327 | V42: =V41*$D$2 -> 1209.4391 | W42: =W41*$D$2 -> 7297.1378 | X42: =X41*$D$2 -> 433.23174 | Y42: =Y41*$D$2 -> 7730.3696 | AA42: =MAX(AA10:AA39) -> 68 | AB42: =MAX(AB10:AB39) -> 39 | AC42: HI
A44: SEASON / CFS | F44: =F7+F41 -> 2799.5967 | G44: =G7+G41 -> 5884.77 | H44: =H7+H41 -> 812.073 | I44: =I7+I41 -> 6696.843 | J44: =J7+J41 -> 0.091489791 | K44: =K7+K41 -> 6696.9345 | L44: =L7+L41 -> -218.32633 | M44: =M7+M41 -> 1746.08 | ... S44: =S7+S41 -> 2907.17 | T44: =T39 -> 3789.673 | U44: =U7+U41 -> 162 | V44: =V7+V41 -> 609.75 | W44: =W7+W41 -> 3678.92 | X44: =X7+X41 -> 218.41782 | Y44: =Y7+Y41 -> 3897.3378 | AA44: =MIN(AA10:AA39) -> 46 | AB44: =MIN(AB10:AB39) -> 24 | AC44: LO
A45: SEASON / AF | F45: =F44*$D$2 -> 5553 | G45: =G44*$D$2 -> 11672.441 | H45: =H44*$D$2 -> 1610.7468 | I45: =I44*$D$2 -> 13283.188 | J45: =J44*$D$2 -> 0.18147 | K45: =K44*$D$2 -> 13283.37 | L45: =L44*$D$2 -> -433.05027 | M45: =M44*$D$2 -> 3463.3497 | ... Y45: =Y44*$D$2 -> 7730.3696
A47: YTD / CFS | F47: =F8+F41 -> -8964.9609 | G47: =G8+G41 -> 11010.926 | H47: =H8+H41 -> 812.073 | I47: =I8+I41 -> 12229.489 | J47: =J8+J41 -> 344.99924 | K47: =K8+K41 -> 12500.903 | L47: =L8+L41 -> -1437.7999 | M47: =M8+M41 -> 3147.72 | ... S47: =S8+S41 -> 8886.79 | U47: =U8+U41 -> 162 | V47: =V8+V41 -> 10707.78 | W47: =W8+W41 -> 19756.65 | X47: =X8+X41 -> 1782.7992 | Y47: =Y8+Y41 -> 21539.449 | Z47: =Z8+Z41 -> 9.01
A48: YTD / AF | D48: =D8+D42 -> -17782 | E48: =E39 -> 126703 | F48: =F47*$D$2 -> -17782 | G48: =G47*$D$2 -> 21840.172 | H48: =H47*$D$2 -> 1610.7468 | I48: =I47*$D$2 -> 24257.191 | J48: =J47*$D$2 -> 684.306 | K48: =K47*$D$2 -> 24795.541 | L48: =L47*$D$2 -> -2851.8762 | M48: =M47*$D$2 -> 6243.5026 | ... Y48: =Y47*$D$2 -> 42723.497

Sheet MAY
K1: MC PHEE RESERVOIR IN/OUT FLOW TABULATION
A2: AF/cfs CONVERT FACTOR | D2: 1.9835 | K2: MAY "1990"
A4: DATE | B4: RESERV | C4: RESERV | D4: AC FT | E4: ACTIVE | F4: CONV TO | G4: DOLORES | H4: LOST | I4: RECORDED | J4: CALC | K4: TOTAL | L4: CALC | M4: TUNNEL | Q4: LONE | R4: U | S4: TOTAL | T4: MVI | U4: DV CR | V4: BELOW | W4: RECORDED | X4: CALC | Y4: TOTAL | Z4: RAIN | AA4: MAX | AB4: MIN | AC4: DATE
A5: "MAY" | B5: ELEV | C5: AC FT | D5: CHANGE | E5: CAP | F5: CFS | G5: RIVER | H5: CANYON | I5: INFLOW | J5: INFLOW | K5: INFLOW | L5: INF/OTF | M5: TOT DIV | N5: WETLAND | O5: UTE F&R | P5: MVI,CTZ | Q5: PINE | R5: LAT | S5: MVI | T5: CALL | U5: CANAL | V5: MC PHEE | W5: OUTFLOW | X5: OUTFLOW | Y5: OUTFLOW | AA5: TMP | AB5: TMP | AC5: "MAY"
A7: SEASON BAL | F7: =APR!F44 -> 2799.5967 | G7: =APR!G44 -> 5884.77 | H7: =APR!H44 -> 812.073 | I7: =APR!I44 -> 6696.843 | J7: =APR!J44 -> 0.091489791 | K7: =APR!K44 -> 6696.9345 | L7: =APR!L44 -> -218.32633 | M7: =APR!M44 -> 1746.08 | ... Y7: =APR!Y44 -> 3897.3378
A8: YTD | B8: =APR!B39 -> 6898.67 | C8: =APR!C39 -> 278703 | D8: =APR!D48 -> -17782 | E8: =APR!E48 -> 126703 | F8: =APR!F47 -> -8964.9609 | G8: =APR!G47 -> 11010.926 | H8: =APR!H47 -> 812.073 | I8: =APR!I47 -> 12229.489 | J8: =APR!J47 -> 344.99924 | K8: =APR!K47 -> 12500.903 | L8: =APR!L47 -> -1437.7999 | M8: =APR!M47 -> 3147.72 | ... Z8: =APR!Z47 -> 9.01
A10: 1 | B10: 6898.71 | C10: 278849 | D10: =C10-C8 -> 146 | E10: =C10-152000 -> 126849 | F10: =D10/$D$2 -> 73.60726 | G10: 289.46 | H10: 3.7 | I10: =G10+H10 -> 293.16 | J10: =IF(L10>0,L10,0) -> 166.18726 | K10: =I10+J10 -> 459.34726 | L10: =F10-(I10-W10) -> 166.18726 | M10: 142.85 | N10: 0 | O10: 0 | P10: =M10-(N10+O10) -> 142.85 | Q10: 197.42 | R10: 24.73 | S10: =SUM(P10:R10) -> 365 | T10: =(I10-S10)+T7 -> 3717.833 | U10: 0 | V10: 20.74 | W10: =N10+O10+S10+U10+V10 -> 385.74 | X10: =IF(L10<0,L10*-1,0) -> 0 | Y10: =W10+X10 -> 385.74 | Z10: 0.38 | AA10: 46 | AB10: 30 | AC10: 1
A11: =A10+1 -> 2 | B11: 6898.84 | C11: 279323 | D11: =C11-C10 -> 474 | E11: =C11-152000 -> 127323 | F11: =D11/$D$2 -> 238.97151 | G11: 304.46 | H11: 7.2 | I11: =G11+H11 -> 311.66 | J11: =IF(L11>0,L11,0) -> 90.231515 | K11: =I11+J11 -> 401.89151 | L11: =F11-(I11-W11) -> 90.231515 | M11: 119.75 | N11: 0 | O11: 0 | P11: =M11-(N11+O11) -> 119.75 | Q11: 0 | R11: 15.25 | S11: =SUM(P11:R11) -> 135 | T11: =(I11-S11)+T10 -> 3894.493 | U11: 7 | V11: 20.92 | W11: =N11+O11+S11+U11+V11 -> 162.92 | X11: =IF(L11<0,L11*-1,0) -> 0 | Y11: =W11+X11 -> 162.92 | Z11: 0.073 | AA11: 51 | AB11: 33 | AC11: =AC10+1 -> 2
A12: =A11+1 -> 3 | B12: 6898.96 | C12: 279761 | D12: =C12-C11 -> 438 | E12: =C12-152000 -> 127761 | F12: =D12/$D$2 -> 220.82178 | G12: 309.53 | H12: 5.4 | I12: =G12+H12 -> 314.93 | J12: =IF(L12>0,L12,0) -> 58.78178 | K12: =I12+J12 -> 373.71178 | L12: =F12-(I12-W12) -> 58.78178 | M12: 105.23 | N12: 0 | O12: 0 | P12: =M12-(N12+O12) -> 105.23 | Q12: 0 | R12: 16.77 | S12: =SUM(P12:R12) -> 122 | T12: =(I12-S12)+T11 -> 4087.423 | U12: 10 | V12: 20.89 | W12: =N12+O12+S12+U12+V12 -> 152.89 | X12: =IF(L12<0,L12*-1,0) -> 0 | Y12: =W12+X12 -> 152.89 | Z12: 0 | AA12: 62 | AB12: 32 | AC12: =AC11+1 -> 3
A13: =A12+1 -> 4 | B13: 6899.13 | C13: 280384 | D13: =C13-C12 -> 623 | E13: =C13-152000 -> 128384 | F13: =D13/$D$2 -> 314.09125 | G13: 379.94 | H13: 27 | I13: =G13+H13 -> 406.94 | J13: =IF(L13>0,L13,0) -> 70.561253 | K13: =I13+J13 -> 477.50125 | L13: =F13-(I13-W13) -> 70.561253 | M13: 105.31 | N13: 0 | O13: 0 | P13: =M13-(N13+O13) -> 105.31 | Q13: 0 | R13: 26.69 | S13: =SUM(P13:R13) -> 132 | T13: =(I13-S13)+T12 -> 4362.363 | U13: 11 | V13: 20.41 | W13: =N13+O13+S13+U13+V13 -> 163.41 | X13: =IF(L13<0,L13*-1,0) -> 0 | Y13: =W13+X13 -> 163.41 | Z13: 0 | AA13: 63 | AB13: 33 | AC13: =AC12+1 -> 4
A14: =A13+1 -> 5 | B14: 6899.3 | C14: 281008 | D14: =C14-C13 -> 624 | E14: =C14-152000 -> 129008 | F14: =D14/$D$2 -> 314.59541 | G14: 399.03 | H14: 31 | I14: =G14+H14 -> 430.03 | J14: =IF(L14>0,L14,0) -> 74.265412 | K14: =I14+J14 -> 504.29541 | L14: =F14-(I14-W14) -> 74.265412 | M14: 107.4 | N14: 0 | O14: 0 | P14: =M14-(N14+O14) -> 107.4 | Q14: 0 | R14: 29.6 | S14: =SUM(P14:R14) -> 137 | T14: =(I14-S14)+T13 -> 4655.393 | U14: 33 | V14: 19.7 | W14: =N14+O14+S14+U14+V14 -> 189.7 | X14: =IF(L14<0,L14*-1,0) -> 0 | Y14: =W14+X14 -> 189.7 | Z14: 0 | AA14: 66 | AB14: 29 | AC14: =AC13+1 -> 5
A15: =A14+1 -> 6 | B15: 6899.47 | C15: 281633 | D15: =C15-C14 -> 625 | E15: =C15-152000 -> 129633 | F15: =D15/$D$2 -> 315.09957 | G15: 450.97 | H15: 13 | I15: =G15+H15 -> 463.97 | J15: =IF(L15>0,L15,0) -> 51.829571 | K15: =I15+J15 -> 515.79957 | L15: =F15-(I15-W15) -> 51.829571 | M15: 107.41 | N15: 0 | O15: 0 | P15: =M15-(N15+O15) -> 107.41 | Q15: 0 | R15: 29.59 | S15: =SUM(P15:R15) -> 137 | T15: =(I15-S15)+T14 -> 4982.363 | U15: 44 | V15: 19.7 | W15: =N15+O15+S15+U15+V15 -> 200.7 | X15: =IF(L15<0,L15*-1,0) -> 0 | Y15: =W15+X15 -> 200.7 | Z15: 0 | AA15: 68 | AB15: 34 | AC15: =AC14+1 -> 6
A16: =A15+1 -> 7 | B16: 6899.69 | C16: 282441 | D16: =C16-C15 -> 808 | E16: =C16-152000 -> 130441 | F16: =D16/$D$2 -> 407.36073 | G16: 577.02 | H16: 20 | I16: =G16+H16 -> 597.02 | J16: =IF(L16>0,L16,0) -> 34.040726 | K16: =I16+J16 -> 631.06073 | L16: =F16-(I16-W16) -> 34.040726 | M16: 113.35 | N16: 0 | O16: 0 | P16: =M16-(N16+O16) -> 113.35 | Q16: 0 | R16: 31.65 | S16: =SUM(P16:R16) -> 145 | T16: =(I16-S16)+T15 -> 5434.383 | U16: 59 | V16: 19.7 | W16: =N16+O16+S16+U16+V16 -> 223.7 | X16: =IF(L16<0,L16*-1,0) -> 0 | Y16: =W16+X16 -> 223.7 | Z16: 0 | AA16: 66 | AB16: 38 | AC16: =AC15+1 -> 7
A17: =A16+1 -> 8 | B17: 6899.95 | C17: 283396 | D17: =C17-C16 -> 955 | E17: =C17-152000 -> 131396 | F17: =D17/$D$2 -> 481.47215 | G17: 697.31 | H17: 35 | I17: =G17+H17 -> 732.31 | J17: =IF(L17>0,L17,0) -> 49.862145 | K17: =I17+J17 -> 782.17215 | L17: =F17-(I17-W17) -> 49.862145 | M17: 148.8 | N17: 0 | O17: 0 | P17: =M17-(N17+O17) -> 148.8 | Q17: 0 | R17: 55.2 | S17: =SUM(P17:R17) -> 204 | T17: =(I17-S17)+T16 -> 5962.693 | U17: 77 | V17: 19.7 | W17: =N17+O17+S17+U17+V17 -> 300.7 | X17: =IF(L17<0,L17*-1,0) -> 0 | Y17: =W17+X17 -> 300.7 | Z17: 0 | AA17: 66 | AB17: 35 | AC17: =AC16+1 -> 8
A18: =A17+1 -> 9 | B18: 6900.14 | C18: 284098 | D18: =C18-C17 -> 702 | E18: =C18-152000 -> 132098 | F18: =D18/$D$2 -> 353.91984 | G18: 724.65 | H18: 20 | I18: =G18+H18 -> 744.65 | J18: =IF(L18>0,L18,0) -> 0 | K18: =I18+J18 -> 744.65 | L18: =F18-(I18-W18) -> -32.030161 | M18: 160.21 | N18: 0 | O18: 0 | P18: =M18-(N18+O18) -> 160.21 | Q18: 59.4 | R18: 64.39 | S18: =SUM(P18:R18) -> 284 | T18: =(I18-S18)+T17 -> 6423.343 | U18: 55 | V18: 19.7 | W18: =N18+O18+S18+U18+V18 -> 358.7 | X18: =IF(L18<0,L18*-1,0) -> 32.030161 | Y18: =W18+X18 -> 390.73016 | Z18: 0 | AA18: 59 | AB18: 31 | AC18: =AC17+1 -> 9
A19: =A18+1 -> 10 | B19: 6900.29 | C19: 284653 | D19: =C19-C18 -> 555 | E19: =C19-152000 -> 132653 | F19: =D19/$D$2 -> 279.80842 | G19: 698.24 | H19: 9.2 | I19: =G19+H19 -> 707.44 | J19: =IF(L19>0,L19,0) -> 12.828419 | K19: =I19+J19 -> 720.26842 | L19: =F19-(I19-W19) -> 12.828419 | M19: 175.19 | N19: 0 | O19: 0 | P19: =M19-(N19+O19) -> 175.19 | Q19: 112.3 | R19: 64.28 | S19: =SUM(P19:R19) -> 351.77 | T19: =(I19-S19)+T18 -> 6779.013 | U19: 69 | V19: 19.69 | W19: =N19+O19+S19+U19+V19 -> 440.46 | X19: =IF(L19<0,L19*-1,0) -> 0 | Y19: =W19+X19 -> 440.46 | Z19: 0 | AA19: 63 | AB19: 34 | AC19: =AC18+1 -> 10
A20: =A19+1 -> 11 | B20: 6900.39 | C20: 285024 | D20: =C20-C19 -> 371 | E20: =C20-152000 -> 133024 | F20: =D20/$D$2 -> 187.04311 | G20: 785.81 | H20: 6.9 | I20: =G20+H20 -> 792.71 | J20: =IF(L20>0,L20,0) -> 0 | K20: =I20+J20 -> 792.71 | L20: =F20-(I20-W20) -> -159.97689 | M20: 183.79 | N20: 0 | O20: 0 | P20: =M20-(N20+O20) -> 183.79 | Q20: 117.47 | R20: 64.74 | S20: =SUM(P20:R20) -> 366 | T20: =(I20-S20)+T19 -> 7205.723 | U20: 60 | V20: 19.69 | W20: =N20+O20+S20+U20+V20 -> 445.69 | X20: =IF(L20<0,L20*-1,0) -> 159.97689 | Y20: =W20+X20 -> 605.66689 | Z20: 0 | AA20: 65 | AB20: 34 | AC20: =AC19+1 -> 11
A21: =A20+1 -> 12 | B21: 6900.49 | C21: 285394 | D21: =C21-C20 -> 370 | E21: =C21-152000 -> 133394 | F21: =D21/$D$2 -> 186.53895 | G21: 632.21 | H21: 4.2 | I21: =G21+H21 -> 636.41 | J21: =IF(L21>0,L21,0) -> 29.818946 | K21: =I21+J21 -> 666.22895 | L21: =F21-(I21-W21) -> 29.818946 | M21: 194.42 | N21: 0 | O21: 0 | P21: =M21-(N21+O21) -> 194.42 | Q21: 117.3 | R21: 65.28 | S21: =SUM(P21:R21) -> 377 | T21: =(I21-S21)+T20 -> 7465.133 | U21: 83 | V21: 19.69 | W21: =N21+O21+S21+U21+V21 -> 479.69 | X21: =IF(L21<0,L21*-1,0) -> 0 | Y21: =W21+X21 -> 479.69 | Z21: 0 | AA21: 68 | AB21: 33 | AC21: =AC20+1 -> 12
A22: =A21+1 -> 13 | B22: 6900.59 | C22: 285764 | D22: =C22-C21 -> 370 | E22: =C22-152000 -> 133764 | F22: =D22/$D$2 -> 186.53895 | G22: 592.72 | H22: 2.6 | I22: =G22+H22 -> 595.32 | J22: =IF(L22>0,L22,0) -> 70.918946 | K22: =I22+J22 -> 666.23895 | L22: =F22-(I22-W22) -> 70.918946 | M22: 194.51 | N22: 0 | O22: 0 | P22: =M22-(N22+O22) -> 194.51 | Q22: 117.18 | R22: 65.31 | S22: =SUM(P22:R22) -> 377 | T22: =(I22-S22)+T21 -> 7683.453 | U22: 83 | V22: 19.7 | W22: =N22+O22+S22+U22+V22 -> 479.7 | X22: =IF(L22<0,L22*-1,0) -> 0 | Y22: =W22+X22 -> 479.7 | Z22: 0 | AA22: 69 | AB22: 38 | AC22: =AC21+1 -> 13
... A36: =A35+1 -> 27 | B36: 6903.46 | C36: 296523 | D36: =C36-C35 -> 949 | E36: =C36-152000 -> 144523 | F36: =D36/$D$2 -> 478.44719 | G36: 1084.48 | H36: 0 | I36: =G36+H36 -> 1084.48 | J36: =IF(L36>0,L36,0) -> 48.837189 | K36: =I36+J36 -> 1133.3172 | L36: =F36-(I36-W36) -> 48.837189 | M36: 245.33 | N36: 0 | O36: 0 | P36: =M36-(N36+O36) -> 245.33 | Q36: 215.12 | R36: 82.55 | S36: =SUM(P36:R36) -> 543 | T36: =(I36-S36)+T35 -> 15133.053 | U36: 92 | V36: 19.87 | W36: =N36+O36+S36+U36+V36 -> 654.87 | X36: =IF(L36<0,L36*-1,0) -> 0 | Y36: =W36+X36 -> 654.87 | Z36: 0 | AA36: 73 | AB36: 36 | AC36: =AC35+1 -> 27
A37: 28 | B37: 6903.71 | C37: 297471 | D37: =C37-C36 -> 948 | E37: =C37-152000 -> 145471 | F37: =D37/$D$2 -> 477.94303 | G37: 1088.99 | H37: 0 | I37: =G37+H37 -> 1088.99 | J37: =IF(L37>0,L37,0) -> 0 | K37: =I37+J37 -> 1088.99 | L37: =F37-(I37-W37) -> -18.18697 | M37: 245.48 | N37: 0 | O37: 0 | P37: =M37-(N37+O37) -> 245.48 | Q37: 158.48 | R37: 80.04 | S37: =SUM(P37:R37) -> 484 | T37: =(I37-S37)+T36 -> 15738.043 | U37: 89 | V37: 19.86 | W37: =N37+O37+S37+U37+V37 -> 592.86 | X37: =IF(L37<0,L37*-1,0) -> 18.18697 | Y37: =W37+X37 -> 611.04697 | Z37: 0.24 | AA37: 70 | AB37: 38 | AC37: 28
A38: 29 | B38: 6903.98 | C38: 298495 | D38: =C38-C37 -> 1024 | E38: =C38-152000 -> 146495 | F38: =D38/$D$2 -> 516.25914 | G38: 1142.32 | H38: 0 | I38: =G38+H38 -> 1142.32 | J38: =IF(L38>0,L38,0) -> 0 | K38: =I38+J38 -> 1142.32 | L38: =F38-(I38-W38) -> -33.890862 | M38: 245.52 | N38: 0 | O38: 0 | P38: =M38-(N38+O38) -> 245.52 | Q38: 159.84 | R38: 82.64 | S38: =SUM(P38:R38) -> 488 | T38: =(I38-S38)+T37 -> 16392.363 | U38: 84 | V38: 20.17 | W38: =N38+O38+S38+U38+V38 -> 592.17 | X38: =IF(L38<0,L38*-1,0) -> 33.890862 | Y38: =W38+X38 -> 626.06086 | Z38: 0.03 | AA38: 68 | AB38: 40 | AC38: 29
A39: 30 | B39: 6904.05 | C39: 298762 | D39: =C39-C38 -> 267 | E39: =C39-152000 -> 146762 | F39: =D39/$D$2 -> 134.61054 | G39: 883.18 | H39: 0 | I39: =G39+H39 -> 883.18 | J39: =IF(L39>0,L39,0) -> 0 | K39: =I39+J39 -> 883.18 | L39: =F39-(I39-W39) -> -155.39946 | M39: 245.78 | N39: 0 | O39: 0 | P39: =M39-(N39+O39) -> 245.78 | Q39: 160.44 | R39: 82.78 | S39: =SUM(P39:R39) -> 489 | T39: =(I39-S39)+T38 -> 16786.543 | U39: 84 | V39: 20.17 | W39: =N39+O39+S39+U39+V39 -> 593.17 | X39: =IF(L39<0,L39*-1,0) -> 155.39946 | Y39: =W39+X39 -> 748.56946 | Z39: 0 | AA39: 66 | AB39: 34 | AC39: 30
A40: 31 | B40: 6904.09 | C40: 298915 | D40: =C40-C39 -> 153 | E40: =C40-152000 -> 146915 | F40: =D40/$D$2 -> 77.136375 | G40: 740.42 | H40: 0 | I40: =G40+H40 -> 740.42 | J40: =IF(L40>0,L40,0) -> 0 | K40: =I40+J40 -> 740.42 | L40: =F40-(I40-W40) -> -74.173625 | M40: 246.24 | N40: 0 | O40: 0 | P40: =M40-(N40+O40) -> 246.24 | Q40: 160.57 | R40: 83.19 | S40: =SUM(P40:R40) -> 490 | T40: =(I40-S40)+T39 -> 17036.963 | U40: 79 | V40: 20.11 | W40: =N40+O40+S40+U40+V40 -> 589.11 | X40: =IF(L40<0,L40*-1,0) -> 74.173625 | Y40: =W40+X40 -> 663.28362 | Z40: 0 | AA40: 69 | AB40: 35 | AC40: 31
A42: MONTH / CFS | F42: =SUM(F10:F40) -> 10190.068 | G42: =SUM(G10:G40) -> 25033.51 | H42: =SUM(H10:H40) -> 185.55 | I42: =SUM(I10:I40) -> 25219.06 | J42: =SUM(J10:J40) -> 947.19536 | K42: =SUM(K10:K40) -> 26166.255 | L42: =SUM(L10:L40) -> -196.44194 | M42: =SUM(M10:M40) -> 6042.56 | ... S42: =SUM(S10:S40) -> 11971.77 | U42: =SUM(U10:U40) -> 2244 | V42: =SUM(V10:V40) -> 616.78 | W42: =SUM(W10:W40) -> 14832.55 | X42: =SUM(X10:X40) -> 1143.6373 | Y42: =SUM(Y10:Y40) -> 15976.187 | Z42: =SUM(Z10:Z40) -> 0.793 | AA42: =AVERAGE(AA10:AA40) -> 66.516129 | AB42: =AVERAGE(AB10:AB40) -> 34.580645 | AC42: AVG
A43: MONTH / AF | D43: =SUM(D10:D40) -> 20212 | F43: =F42*$D$2 -> 20212 | G43: =G42*$D$2 -> 49653.967 | H43: =H42*$D$2 -> 368.03843 | I43: =I42*$D$2 -> 50022.006 | J43: =J42*$D$2 -> 1878.762 | K43: =K42*$D$2 -> 51900.768 | L43: =L42*$D$2 -> -389.64258 | M43: =M42*$D$2 -> 11985.418 | ... S43: =S42*$D$2 -> 23746.006 | U43: =U42*$D$2 -> 4450.974 | V43: =V42*$D$2 -> 1223.3831 | W43: =W42*$D$2 -> 29420.363 | X43: =X42*$D$2 -> 2268.4046 | Y43: =Y42*$D$2 -> 31688.768 | AA43: =MAX(AA10:AA40) -> 76 | AB43: =MAX(AB10:AB40) -> 40 | AC43: HI
A45: SEASON / CFS | F45: =F7+F42 -> 12989.665 | G45: =G7+G42 -> 30918.28 | H45: =H7+H42 -> 997.623 | I45: =I7+I42 -> 31915.903 | J45: =J7+J42 -> 947.28685 | K45: =K7+K42 -> 32863.19 | L45: =L7+L42 -> -414.76827 | M45: =M7+M42 -> 7788.64 | ... S45: =S7+S42 -> 14878.94 | T45: =T40+T42 -> 17036.963 | U45: =U7+U42 -> 2406 | V45: =V7+V42 -> 1226.53 | W45: =W7+W42 -> 18511.47 | X45: =X7+X42 -> 1362.0551 | Y45: =Y7+Y42 -> 19873.525 | AA45: =MIN(AA10:AA40) -> 46 | AB45: =MIN(AB10:AB40) -> 29 | AC45: LO
A46: SEASON / AF | F46: =F45*$D$2 -> 25765 | G46: =G45*$D$2 -> 61326.408 | H46: =H45*$D$2 -> 1978.7852 | I46: =I45*$D$2 -> 63305.194 | J46: =J45*$D$2 -> 1878.9435 | K46: =K45*$D$2 -> 65184.137 | L46: =L45*$D$2 -> -822.69286 | M46: =M45*$D$2 -> 15448.767 | ... Y46: =Y45*$D$2 -> 39419.137
A48: YTD / CFS | F48: =F8+F42 -> 1225.1071 | G48: =G8+G42 -> 36044.436 | H48: =H8+H42 -> 997.623 | I48: =I8+I42 -> 37448.549 | J48: =J8+J42 -> 1292.1946 | K48: =K8+K42 -> 38667.158 | L48: =L8+L42 -> -1634.2419 | M48: =M8+M42 -> 9190.28 | ... S48: =S8+S42 -> 20858.56 | U48: =U8+U42 -> 2406 | V48: =V8+V42 -> 11324.56 | W48: =W8+W42 -> 34589.2 | X48: =X8+X42 -> 2926.4365 | Y48: =Y8+Y42 -> 37515.636 | Z48: =Z8+Z42 -> 9.803
A49: YTD / AF | D49: =D8+D43 -> 2430 | E49: =E40 -> 146915 | F49: =F48*$D$2 -> 2430 | G49: =G48*$D$2 -> 71494.139 | H49: =H48*$D$2 -> 1978.7852 | I49: =I48*$D$2 -> 74279.197 | J49: =J48*$D$2 -> 2563.068 | K49: =K48*$D$2 -> 76696.308 | L49: =L48*$D$2 -> -3241.5187 | M49: =M48*$D$2 -> 18228.92 | ... Y49: =Y48*$D$2 -> 74412.265
D51: Diff | E51: =#REF!-#REF! -> #REF! | F51: Daily M&I & Evap

Sheet JUN
K1: MC PHEE RESERVOIR IN/OUT FLOW TABULATION
A2: AF/cfs CONVERT FACTOR | D2: 1.9835 | K2: JUNE "1990"
A4: DATE | B4: RESERV | C4: RESERV | D4: AC FT | E4: ACTIVE | F4: CONV TO | G4: DOLORES | H4: LOST | I4: RECORDED | J4: CALC | K4: TOTAL | L4: CALC | M4: TUNNEL | Q4: LONE | R4: U | S4: TOTAL | T4: MVI | U4: DV CR | V4: BELOW | W4: FISH | X4: RECORDED | Y4: CALC | Z4: TOTAL | AA4: RAIN | AB4: MAX | AC4: MIN | AD4: DATE
A5: "JUN" | B5: ELEV | C5: AC FT | D5: CHANGE | E5: CAP | F5: CFS | G5: RIVER | H5: CANYON | I5: INFLOW | J5: INFLOW | K5: INFLOW | L5: INF/OTF | M5: TOT DIV | N5: WETLAND | O5: UTE F&R | P5: MVI/CTZ/MWC | Q5: PINE | R5: LAT | S5: MVI | T5: CALL | U5: CANAL | V5: MC PHEE | W5: LOAN | X5: OUTFLOW | Y5: OUTFLOW | Z5: OUTFLOW | AB5: TMP | AC5: TMP | AD5: "JUN"
A7: SEASON BAL | F7: =MAY!F45 -> 12989.665 | G7: =MAY!G45 -> 30918.28 | H7: =MAY!H45 -> 997.623 | I7: =MAY!I45 -> 31915.903 | J7: =MAY!J45 -> 947.28685 | K7: =MAY!K45 -> 32863.19 | L7: =MAY!L45 -> -414.76827 | M7: =MAY!M45 -> 7788.64 | ... V7: =MAY!V45 -> 1226.53 | X7: =MAY!W45 -> 18511.47 | Y7: =MAY!X45 -> 1362.0551 | Z7: =MAY!Y45 -> 19873.525
A8: YTD | B8: =MAY!B40 -> 6904.09 | C8: =MAY!C40 -> 298915 | D8: =MAY!D49 -> 2430 | E8: =MAY!E49 -> 146915 | F8: =MAY!F48 -> 1225.1071 | G8: =MAY!G48 -> 36044.436 | H8: =MAY!H48 -> 997.623 | I8: =MAY!I48 -> 37448.549 | J8: =MAY!J48 -> 1292.1946 | K8: =MAY!K48 -> 38667.158 | L8: =MAY!L48 -> -1634.2419 | M8: =MAY!M48 -> 9190.28 | ... V8: =MAY!V48 -> 11324.56 | X8: =MAY!W48 -> 34589.2 | Y8: =MAY!X48 -> 2926.4365 | Z8: =MAY!Y48 -> 37515.636 | AA8: =MAY!Z48 -> 9.803
O9: 0 | R9: 0
A10: 1 | B10: 6904.13 | C10: 298956 | D10: =C10-C8 -> 41 | E10: =C10-152000 -> 146956 | F10: =D10/$D$2 -> 20.670532 | G10: 804.57 | H10: 3.7 | I10: =G10+H10 -> 808.27 | J10: =IF(L10>0,L10,0) -> 0 | K10: =I10+J10 -> 808.27 | L10: =F10-(I10-X10) -> -193.45947 | M10: 246.53 | N10: 0 | O10: 0 | P10: =M10-(N10+O10) -> 246.53 | Q10: 183.58 | R10: 74.89 | S10: =SUM(P10:R10) -> 505 | T10: =(I10-S10)+T7 -> 17340.233 | U10: 69 | V10: 20.14 | W10: 0 | X10: =N10+O10+S10+U10+V10 -> 594.14 | Y10: =IF(L10<0,L10*-1,0) -> 193.45947 | Z10: =X10+Y10 -> 787.59947 | AA10: 0 | AB10: 65 | AC10: 38 | AD10: 1
A11: =A10+1 -> 2 | B11: 6914.16 | C11: 299071 | D11: =C11-C10 -> 115 | E11: =C11-152000 -> 147071 | F11: =D11/$D$2 -> 57.978321 | G11: 671.09 | H11: 7.2 | I11: =G11+H11 -> 678.29 | J11: =IF(L11>0,L11,0) -> 0 | K11: =I11+J11 -> 678.29 | L11: =F11-(I11-X11) -> -16.101679 | M11: 246.46 | N11: 0 | O11: 0 | P11: =M11-(N11+O11) -> 246.46 | Q11: 195.99 | R11: 82.55 | S11: =SUM(P11:R11) -> 525 | T11: =(I11-S11)+T10 -> 17493.523 | U11: 59 | V11: 20.21 | W11: 0 | X11: =N11+O11+S11+U11+V11 -> 604.21 | Y11: =IF(L11<0,L11*-1,0) -> 16.101679 | Z11: =X11+Y11 -> 620.31168 | AA11: 0 | AB11: 73 | AC11: 26 | AD11: =AD10+1 -> 2
A12: =A11+1 -> 3 | B12: 6904.19 | C12: 299185 | D12: =C12-C11 -> 114 | E12: =C12-152000 -> 147185 | F12: =D12/$D$2 -> 57.474162 | G12: 786.57 | H12: 5.43 | I12: =G12+H12 -> 792 | J12: =IF(L12>0,L12,0) -> 0 | K12: =I12+J12 -> 792 | L12: =F12-(I12-X12) -> -108.33584 | M12: 246.43 | N12: 0 | O12: 0 | P12: =M12-(N12+O12) -> 246.43 | Q12: 196.29 | R12: 83.28 | S12: =SUM(P12:R12) -> 526 | T12: =(I12-S12)+T11 -> 17759.523 | U12: 80 | V12: 20.19 | W12: 0 | X12: =N12+O12+S12+U12+V12 -> 626.19 | Y12: =IF(L12<0,L12*-1,0) -> 108.33584 | Z12: =X12+Y12 -> 734.52584 | AA12: 0 | AB12: 78 | AC12: 31 | AD12: =AD11+1 -> 3
A13: =A12+1 -> 4 | B13: 6904.45 | C13: 300178 | D13: =C13-C12 -> 993 | E13: =C13-152000 -> 148178 | F13: =D13/$D$2 -> 500.6302 | G13: 1132.69 | H13: 27 | I13: =G13+H13 -> 1159.69 | J13: =IF(L13>0,L13,0) -> 0 | K13: =I13+J13 -> 1159.69 | L13: =F13-(I13-X13) -> -34.019801 | M13: 246.67 | N13: 0 | O13: 0 | P13: =M13-(N13+O13) -> 246.67 | Q13: 196.79 | R13: 82.54 | S13: =SUM(P13:R13) -> 526 | T13: =(I13-S13)+T12 -> 18393.213 | U13: 79 | V13: 20.04 | W13: 0 | X13: =N13+O13+S13+U13+V13 -> 625.04 | Y13: =IF(L13<0,L13*-1,0) -> 34.019801 | Z13: =X13+Y13 -> 659.0598 | AA13: 0 | AB13: 88 | AC13: 33 | AD13: =AD12+1 -> 4
A14: =A13+1 -> 5 | B14: 6904.82 | C14: 301595 | D14: =C14-C13 -> 1417 | E14: =C14-152000 -> 149595 | F14: =D14/$D$2 -> 714.39375 | G14: 1382.48 | H14: 31 | I14: =G14+H14 -> 1413.48 | J14: =IF(L14>0,L14,0) -> 0 | K14: =I14+J14 -> 1413.48 | L14: =F14-(I14-X14) -> -98.963252 | M14: 247.55 | N14: 0 | O14: 0 | P14: =M14-(N14+O14) -> 247.55 | Q14: 168.7 | R14: 82.753 | S14: =SUM(P14:R14) -> 499.003 | T14: =(I14-S14)+T13 -> 19307.69 | U14: 81 | V14: 20.12 | W14: 0 | X14: =N14+O14+S14+U14+V14 -> 600.123 | Y14: =IF(L14<0,L14*-1,0) -> 98.963252 | Z14: =X14+Y14 -> 699.08625 | AA14: 0 | AB14: 89 | AC14: 45 | AD14: 5
A15: =A14+1 -> 6 | B15: 6905.17 | C15: 302939 | D15: =C15-C14 -> 1344 | E15: =C15-152000 -> 150939 | F15: =D15/$D$2 -> 677.59012 | G15: 1420.23 | H15: 13 | I15: =G15+H15 -> 1433.23 | J15: =IF(L15>0,L15,0) -> 0 | K15: =I15+J15 -> 1433.23 | L15: =F15-(I15-X15) -> -165.45988 | M15: 248.55 | N15: 0 | O15: 0 | P15: =M15-(N15+O15) -> 248.55 | Q15: 160.98 | R15: 75.47 | S15: =SUM(P15:R15) -> 485 | T15: =(I15-S15)+T14 -> 20255.92 | U15: 85 | V15: 20.18 | W15: 0 | X15: =N15+O15+S15+U15+V15 -> 590.18 | Y15: =IF(L15<0,L15*-1,0) -> 165.45988 | Z15: =X15+Y15 -> 755.63988 | AA15: 0 | AB15: 87 | AC15: 42 | AD15: =AD14+1 -> 6
A16: =A15+1 -> 7 | B16: 6905.48 | C16: 304132 | D16: =C16-C15 -> 1193 | E16: =C16-152000 -> 152132 | F16: =D16/$D$2 -> 601.46206 | G16: 1428.98 | H16: 20 | I16: =G16+H16 -> 1448.98 | J16: =IF(L16>0,L16,0) -> 0 | K16: =I16+J16 -> 1448.98 | L16: =F16-(I16-X16) -> -248.27794 | M16: 249.27 | N16: 0 | O16: 0 | P16: =M16-(N16+O16) -> 249.27 | Q16: 161.29 | R16: 84.44 | S16: =SUM(P16:R16) -> 495 | T16: =(I16-S16)+T15 -> 21209.9 | U16: 84 | V16: 20.24 | W16: 0 | X16: =N16+O16+S16+U16+V16 -> 599.24 | Y16: =IF(L16<0,L16*-1,0) -> 248.27794 | Z16: =X16+Y16 -> 847.51794 | AA16: 0 | AB16: 86 | AC16: 42 | AD16: =AD15+1 -> 7
A17: =A16+1 -> 8 | B17: 6905.78 | C17: 305290 | D17: =C17-C16 -> 1158 | E17: =C17-152000 -> 153290 | F17: =D17/$D$2 -> 583.81649 | G17: 1267.77 | H17: 35 | I17: =G17+H17 -> 1302.77 | J17: =IF(L17>0,L17,0) -> 0 | K17: =I17+J17 -> 1302.77 | L17: =F17-(I17-X17) -> -139.80351 | M17: 249.76 | N17: 0 | O17: 0 | P17: =M17-(N17+O17) -> 249.76 | Q17: 132.72 | R17: 87.52 | S17: =SUM(P17:R17) -> 470 | T17: =(I17-S17)+T16 -> 22042.67 | U17: 89 | V17: 20.15 | W17: 0 | X17: =N17+O17+S17+U17+V17 -> 579.15 | Y17: =IF(L17<0,L17*-1,0) -> 139.80351 | Z17: =X17+Y17 -> 718.95351 | AA17: 0 | AB17: 76 | AC17: 42 | AD17: =AD16+1 -> 8
A18: =A17+1 -> 9 | B18: 6906.08 | C18: 306451 | D18: =C18-C17 -> 1161 | E18: =C18-152000 -> 154451 | F18: =D18/$D$2 -> 585.32896 | G18: 1343.91 | H18: 20 | I18: =G18+H18 -> 1363.91 | J18: =IF(L18>0,L18,0) -> 0 | K18: =I18+J18 -> 1363.91 | L18: =F18-(I18-X18) -> -173.50104 | M18: 250 | N18: 0 | O18: 0 | P18: =M18-(N18+O18) -> 250 | Q18: 161.83 | R18: 86 | S18: =SUM(P18:R18) -> 497.83 | T18: =(I18-S18)+T17 -> 22908.75 | U18: 87 | V18: 20.25 | W18: 0 | X18: =N18+O18+S18+U18+V18 -> 605.08 | Y18: =IF(L18<0,L18*-1,0) -> 173.50104 | Z18: =X18+Y18 -> 778.58104 | AA18: 0.1 | AB18: 69 | AC18: 44 | AD18: =AD17+1 -> 9
A19: =A18+1 -> 10 | B19: 6906.37 | C19: 307576 | D19: =C19-C18 -> 1125 | E19: =C19-152000 -> 155576 | F19: =D19/$D$2 -> 567.17923 | G19: 1289.99 | H19: 9.2 | I19: =G19+H19 -> 1299.19 | J19: =IF(L19>0,L19,0) -> 0 | K19: =I19+J19 -> 1299.19 | L19: =F19-(I19-X19) -> -125.64077 | M19: 250.13 | N19: 0 | O19: 0 | P19: =M19-(N19+O19) -> 250.13 | Q19: 162.37 | R19: 88.5 | S19: =SUM(P19:R19) -> 501 | T19: =(I19-S19)+T18 -> 23706.94 | U19: 85 | V19: 20.37 | W19: 0 | X19: =N19+O19+S19+U19+V19 -> 606.37 | Y19: =IF(L19<0,L19*-1,0) -> 125.64077 | Z19: =X19+Y19 -> 732.01077 | AA19: 0.36 | AB19: 72 | AC19: 46 | AD19: =AD18+1 -> 10
A20: =A19+1 -> 11 | B20: 6906.67 | C20: 308742 | D20: =C20-C19 -> 1166 | E20: =C20-152000 -> 156742 | F20: =D20/$D$2 -> 587.84976 | G20: 1326.39 | H20: 6.9 | I20: =G20+H20 -> 1333.29 | J20: =IF(L20>0,L20,0) -> 0 | K20: =I20+J20 -> 1333.29 | L20: =F20-(I20-X20) -> -140.20024 | M20: 247.72 | N20: 0 | O20: 0 | P20: =M20-(N20+O20) -> 247.72 | Q20: 162.8 | R20: 89.48 | S20: =SUM(P20:R20) -> 500 | T20: =(I20-S20)+T19 -> 24540.23 | U20: 85 | V20: 20.24 | W20: 0 | X20: =N20+O20+S20+U20+V20 -> 605.24 | Y20: =IF(L20<0,L20*-1,0) -> 140.20024 | Z20: =X20+Y20 -> 745.44024 | AA20: 0.06 | AB20: 74 | AC20: 45 | AD20: =AD19+1 -> 11
A21: =A20+1 -> 12 | B21: 6906.82 | C21: 309326 | D21: =C21-C20 -> 584 | E21: =C21-152000 -> 157326 | F21: =D21/$D$2 -> 294.42904 | G21: 1121.05 | H21: 4.2 | I21: =G21+H21 -> 1125.25 | J21: =IF(L21>0,L21,0) -> 0 | K21: =I21+J21 -> 1125.25 | L21: =F21-(I21-X21) -> -234.24096 | M21: 242.15 | N21: 0 | O21: 0 | P21: =M21-(N21+O21) -> 242.15 | Q21: 165.9 | R21: 86.26 | S21: =SUM(P21:R21) -> 494.31 | T21: =(I21-S21)+T20 -> 25171.17 | U21: 82 | V21: 20.27 | W21: 0 | X21: =N21+O21+S21+U21+V21 -> 596.58 | Y21: =IF(L21<0,L21*-1,0) -> 234.24096 | Z21: =X21+Y21 -> 830.82096 | AA21: 0 | AB21: 75 | AC21: 48 | AD21: =AD20+1 -> 12
A22: =A21+1 -> 13 | B22: 6906.93 | C22: 309755 | D22: =C22-C21 -> 429 | E22: =C22-152000 -> 157755 | F22: =D22/$D$2 -> 216.28435 | G22: 933.09 | H22: 2.6 | I22: =G22+H22 -> 935.69 | J22: =IF(L22>0,L22,0) -> 0 | K22: =I22+J22 -> 935.69 | L22: =F22-(I22-X22) -> -140.19565 | M22: 239.11 | N22: 0 | O22: 0 | P22: =M22-(N22+O22) -> 239.11 | Q22: 163.64 | R22: 86.25 | S22: =SUM(P22:R22) -> 489 | T22: =(I22-S22)+T21 -> 25617.86 | U22: 70 | V22: 20.21 | W22: 0 | X22: =N22+O22+S22+U22+V22 -> 579.21 | Y22: =IF(L22<0,L22*-1,0) -> 140.19565 | Z22: =X22+Y22 -> 719.40565 | AA22: 0 | AB22: 79 | AC22: 50 | AD22: =AD21+1 -> 13
A23: =A22+1 -> 14 | B23: 6906.97 | C23: 309911 | D23: =C23-C22 -> 156 | E23: =C23-152000 -> 157911 | F23: =D23/$D$2 -> 78.648853 | G23: 792.14 | H23: 0 | I23: =G23+H23 -> 792.14 | J23: =IF(L23>0,L23,0) -> 0 | K23: =I23+J23 -> 792.14 | L23: =F23-(I23-X23) -> -143.25115 | M23: 236.1 | N23: 0 | O23: 0 | P23: =M23-(N23+O23) -> 236.1 | Q23: 163.99 | R23: 85.91 | S23: =SUM(P23:R23) -> 486 | T23: =(I23-S23)+T22 -> 25924 | U23: 64 | V23: 20.24 | W23: 0 | X23: =N23+O23+S23+U23+V23 -> 570.24 | Y23: =IF(L23<0,L23*-1,0) -> 143.25115 | Z23: =X23+Y23 -> 713.49115 | AA23: 0 | AB23: 78 | AC23: 41 | AD23: =AD22+1 -> 14
A24: =A23+1 -> 15 | B24: 6906.9 | C24: 309638 | D24: =C24-C23 -> -273 | E24: =C24-152000 -> 157638 | F24: =D24/$D$2 -> -137.63549 | G24: 676.81 | H24: 0 | I24: =G24+H24 -> 676.81 | J24: =IF(L24>0,L24,0) -> 0 | K24: =I24+J24 -> 676.81 | L24: =F24-(I24-X24) -> -226.74549 | M24: 232.98 | N24: 0 | O24: 0 | P24: =M24-(N24+O24) -> 232.98 | Q24: 163.69 | R24: 85.33 | S24: =SUM(P24:R24) -> 482 | T24: =(I24-S24)+T23 -> 26118.81 | U24: 77 | V24: 28.7 | W24: 8.7 | X24: =N24+O24+S24+U24+V24 -> 587.7 | Y24: =IF(L24<0,L24*-1,0) -> 226.74549 | Z24: =X24+Y24 -> 814.44549 | AA24: 0 | AB24: 77 | AC24: 34 | AD24: =AD23+1 -> 15
A25: =A24+1 -> 16 | B25: 6906.82 | C25: 309326 | D25: =C25-C24 -> -312 | E25: =C25-152000 -> 157326 | F25: =D25/$D$2 -> -157.29771 | G25: 559.5 | H25: 0 | I25: =G25+H25 -> 559.5 | J25: =IF(L25>0,L25,0) -> 0 | K25: =I25+J25 -> 559.5 | L25: =F25-(I25-X25) -> -119.94771 | M25: 232.58 | N25: 0 | O25: 0 | P25: =M25-(N25+O25) -> 232.58 | Q25: 163.69 | R25: 85.73 | S25: =SUM(P25:R25) -> 482 | T25: =(I25-S25)+T24 -> 26196.31 | U25: 80 | V25: 34.85 | W25: 14.85 | X25: =N25+O25+S25+U25+V25 -> 596.85 | Y25: =IF(L25<0,L25*-1,0) -> 119.94771 | Z25: =X25+Y25 -> 716.79771 | AA25: 0 | AB25: 79 | AC25: 34 | AD25: =AD24+1 -> 16
A26: =A25+1 -> 17 | B26: 6906.74 | C26: 309014 | D26: =C26-C25 -> -312 | E26: =C26-152000 -> 157014 | F26: =D26/$D$2 -> -157.29771 | G26: 497.62 | H26: 0 | I26: =G26+H26 -> 497.62 | J26: =IF(L26>0,L26,0) -> 0 | K26: =I26+J26 -> 497.62 | L26: =F26-(I26-X26) -> -52.107706 | M26: 232.36 | N26: 0 | O26: 0 | P26: =M26-(N26+O26) -> 232.36 | Q26: 163.09 | R26: 85.55 | S26: =SUM(P26:R26) -> 481 | T26: =(I26-S26)+T25 -> 26212.93 | U26: 87 | V26: 34.81 | W26: 14.81 | X26: =N26+O26+S26+U26+V26 -> 602.81 | Y26: =IF(L26<0,L26*-1,0) -> 52.107706 | Z26: =X26+Y26 -> 654.91771 | AA26: 0 | AB26: 78 | AC26: 33 | AD26: =AD25+1 -> 17
... A38: =A37+1 -> 29 | B38: 6904.18 | C38: 299260 | D38: =C38-C37 -> -1147 | E38: =C38-152000 -> 147260 | F38: =D38/$D$2 -> -578.27073 | G38: 212.55 | H38: 0 | I38: =G38+H38 -> 212.55 | J38: =IF(L38>0,L38,0) -> 0 | K38: =I38+J38 -> 212.55 | L38: =F38-(I38-X38) -> -72.140734 | M38: 257.5 | N38: 0 | O38: 0 | P38: =M38-(N38+O38) -> 257.5 | Q38: 180.14 | R38: 86.36 | S38: =SUM(P38:R38) -> 524 | T38: =(I38-S38)+T37 -> 24325.99 | U38: 145 | V38: 49.68 | W38: 29.68 | X38: =N38+O38+S38+U38+V38 -> 718.68 | Y38: =IF(L38<0,L38*-1,0) -> 72.140734 | Z38: =X38+Y38 -> 790.82073 | AA38: 0 | AB38: 94 | AC38: 55 | AD38: =AD37+1 -> 29
A39: 30 | B39: 6903.88 | C39: 298116 | D39: =C39-C38 -> -1144 | E39: =C39-152000 -> 146116 | F39: =D39/$D$2 -> -576.75826 | G39: 198.47 | H39: 0 | I39: =G39+H39 -> 198.47 | J39: =IF(L39>0,L39,0) -> 0 | K39: =I39+J39 -> 198.47 | L39: =F39-(I39-X39) -> -57.528256 | M39: 256.82 | N39: 0 | O39: 0 | P39: =M39-(N39+O39) -> 256.82 | Q39: 179.4 | R39: 86.78 | S39: =SUM(P39:R39) -> 523 | T39: =(I39-S39)+T38 -> 24001.46 | U39: 145 | V39: 49.7 | W39: 29.7 | X39: =N39+O39+S39+U39+V39 -> 717.7 | Y39: =IF(L39<0,L39*-1,0) -> 57.528256 | Z39: =X39+Y39 -> 775.22826 | AA39: 0 | AB39: 92 | AC39: 62 | AD39: 30
H40: 0.29
A41: MONTH / CFS | F41: =SUM(F10:F39) -> -402.82329 | G41: =SUM(G10:G39) -> 21754.41 | H41: =SUM(H10:H39) -> 185.23 | I41: =SUM(I10:I39) -> 21939.64 | J41: =SUM(J10:J39) -> 384.35866 | K41: =SUM(K10:K39) -> 22323.999 | L41: =SUM(L10:L39) -> -3453.5003 | M41: =SUM(M10:M39) -> 7323.67 | ... S41: =SUM(S10:S39) -> 14975.143 | U41: =SUM(U10:U39) -> 2940 | V41: =SUM(V10:V39) -> 973.82 | W41: =SUM(W10:W39) -> 397.91 | X41: =SUM(X10:X39) -> 18888.963 | Y41: =SUM(Y10:Y39) -> 3837.859 | Z41: =SUM(Z10:Z39) -> 22726.822 | AA41: =SUM(AA10:AA39) -> 0.52 | AB41: =AVERAGE(AB10:AB39) -> 82.266667 | AC41: =AVERAGE(AC10:AC39) -> 44.233333 | AD41: AVG
A42: MONTH / AF | D42: =SUM(D10:D39) -> -799 | F42: =F41*$D$2 -> -799 | G42: =G41*$D$2 -> 43149.872 | H42: =H41*$D$2 -> 367.40371 | I42: =I41*$D$2 -> 43517.276 | J42: =J41*$D$2 -> 762.37541 | K42: =K41*$D$2 -> 44279.651 | L42: =L41*$D$2 -> -6850.0178 | M42: =M41*$D$2 -> 14526.499 | ... S42: =S41*$D$2 -> 29703.196 | U42: =U41*$D$2 -> 5831.49 | V42: =V41*$D$2 -> 1931.572 | W42: =W41*$D$2 -> 789.25449 | X42: =X41*$D$2 -> 37466.258 | Y42: =Y41*$D$2 -> 7612.3932 | Z42: =Z41*$D$2 -> 45078.651 | AB42: =MAX(AB10:AB39) -> 94 | AC42: =MAX(AC10:AC39) -> 62 | AD42: HI
A44: SEASON / CFS | F44: =F7+F41 -> 12586.841 | G44: =G7+G41 -> 52672.69 | H44: =H7+H41 -> 1182.853 | I44: =I7+I41 -> 53855.543 | J44: =J7+J41 -> 1331.6455 | K44: =K7+K41 -> 55187.189 | L44: =L7+L41 -> -3868.2686 | M44: =M7+M41 -> 15112.31 | ... S44: =S7+S41 -> 29854.083 | T44: =T39 -> 24001.46 | U44: =U7+U41 -> 5346 | V44: =V7+V41 -> 2200.35 | W44: =W41 -> 397.91 | X44: =X7+X41 -> 37400.433 | Y44: =Y7+Y41 -> 5199.9141 | Z44: =Z7+Z41 -> 42600.347 | AB44: =MIN(AB10:AB39) -> 65 | AC44: =MIN(AC10:AC39) -> 26 | AD44: LO
A45: SEASON / AF | F45: =F44*$D$2 -> 24966 | G45: =G44*$D$2 -> 104476.28 | H45: =H44*$D$2 -> 2346.1889 | I45: =I44*$D$2 -> 106822.47 | J45: =J44*$D$2 -> 2641.3189 | K45: =K44*$D$2 -> 109463.79 | L45: =L44*$D$2 -> -7672.7107 | M45: =M44*$D$2 -> 29975.267 | ... V45: =V44*$D$2 -> 4364.3942 | W45: =W42 -> 789.25449 | X45: =X44*$D$2 -> 74183.759 | Y45: =Y44*$D$2 -> 10314.03 | Z45: =Z44*$D$2 -> 84497.788
A47: YTD / CFS | F47: =F8+F41 -> 822.28384 | G47: =G8+G41 -> 57798.846 | H47: =H8+H41 -> 1182.853 | I47: =I8+I41 -> 59388.189 | J47: =J8+J41 -> 1676.5533 | K47: =K8+K41 -> 60991.157 | L47: =L8+L41 -> -5087.7422 | M47: =M8+M41 -> 16513.95 | ... S47: =S8+S41 -> 35833.703 | T47: =T39 -> 24001.46 | U47: =U8+U41 -> 5346 | V47: =V8+V41 -> 12298.38 | W47: =W44 -> 397.91 | X47: =X8+X41 -> 53478.163 | Y47: =Y8+Y41 -> 6764.2954 | Z47: =Z8+Z41 -> 60242.458 | AA47: =AA8+AA41 -> 10.323
A48: YTD / AF | D48: =D8+D42 -> 1631 | E48: =E39 -> 146116 | F48: =F47*$D$2 -> 1631 | G48: =G47*$D$2 -> 114644.01 | H48: =H47*$D$2 -> 2346.1889 | I48: =I47*$D$2 -> 117796.47 | J48: =J47*$D$2 -> 3325.4434 | K48: =K47*$D$2 -> 120975.96 | L48: =L47*$D$2 -> -10091.537 | M48: =M47*$D$2 -> 32755.42 | ... V48: =V47*$D$2 -> 24393.837 | W48: =W45 -> 789.25449 | X48: =X47*$D$2 -> 106073.94 | Y48: =Y47*$D$2 -> 13416.98 | Z48: =Z47*$D$2 -> 119490.92

Sheet JUL
K1: MC PHEE RESERVOIR IN/OUT FLOW TABULATION
A2: AF/cfs CONVERT FACTOR | D2: 1.9835 | K2: JULY "1990"
A4: DATE | B4: RESERV | C4: RESERV | D4: AC FT | E4: ACTIVE | F4: CONV TO | G4: DOLORES | H4: LOST | I4: RECORDED | J4: CALC | K4: TOTAL | L4: CALC | M4: TUNNEL | Q4: LONE | R4: U | S4: TOTAL | T4: MVI | U4: DV CR | V4: BELOW | W4: FISH | X4: RECORDED | Y4: CALC | Z4: TOTAL | AA4: RAIN | AB4: MAX | AC4: MIN | AD4: DATE
A5: "JUL" | B5: ELEV | C5: AC FT | D5: CHANGE | E5: CAP | F5: CFS | G5: RIVER | H5: CANYON | I5: INFLOW | J5: INFLOW | K5: INFLOW | L5: INF/OTF | M5: TOT DIV | N5: WETLAND | O5: UTE F&R | P5: MVI,CTZ | Q5: PINE | R5: LAT | S5: MVI | T5: CALL | U5: CANAL | V5: MC PHEE | W5: LOAN | X5: OUTFLOW | Y5: OUTFLOW | Z5: OUTFLOW | AB5: TMP | AC5: TMP | AD5: "JUL"
A7: SEASON BAL | F7: =JUN!F44 -> 12586.841 | G7: =JUN!G44 -> 52672.69 | H7: =JUN!H44 -> 1182.853 | I7: =JUN!I44 -> 53855.543 | J7: =JUN!J44 -> 1331.6455 | K7: =JUN!K44 -> 55187.189 | L7: =JUN!L44 -> -3868.2686 | M7: =JUN!M44 -> 15112.31 | ... Z7: =JUN!Z44 -> 42600.347
A8: YTD | B8: =JUN!B39 -> 6903.88 | C8: =JUN!C39 -> 298116 | D8: =JUN!D48 -> 1631 | E8: =JUN!E48 -> 146116 | F8: =JUN!F47 -> 822.28384 | G8: =JUN!G47 -> 57798.846 | H8: =JUN!H47 -> 1182.853 | I8: =JUN!I47 -> 59388.189 | J8: =JUN!J47 -> 1676.5533 | K8: =JUN!K47 -> 60991.157 | L8: =JUN!L47 -> -5087.7422 | M8: =JUN!M47 -> 16513.95 | ... V8: =JUN!V47 -> 12298.38 | W8: =JUN!W48 -> 789.25449 | X8: =JUN!X47 -> 53478.163 | Y8: =JUN!Y47 -> 6764.2954 | Z8: =JUN!Z47 -> 60242.458 | AA8: =JUN!AA47 -> 10.323
A10: 1 | B10: 6903.58 | C10: 296978 | D10: =C10-C8 -> -1138 | E10: =C10-152000 -> 144978 | F10: =D10/$D$2 -> -573.7333 | G10: 193.8 | H10: 0 | I10: =G10+H10 -> 193.8 | J10: =IF(L10>0,L10,0) -> 0 | K10: =I10+J10 -> 193.8 | L10: =F10-(I10-X10) -> -43.8333 | M10: 256.71 | N10: 0 | O10: 0 | P10: =M10-(N10+O10) -> 256.71 | Q10: 178.72 | R10: 86.57 | S10: =SUM(P10:R10) -> 522 | T10: =(I10-S10)+T7 -> 23673.26 | U10: 152 | V10: 49.7 | W10: =V10-20 -> 29.7 | X10: =N10+O10+S10+U10+V10 -> 723.7 | Y10: =IF(L10<0,L10*-1,0) -> 43.8333 | Z10: =X10+Y10 -> 767.5333 | AA10: ` | AB10: 92 | AC10: 60 | AD10: 1
A11: =A10+1 -> 2 | B11: 6903.3 | C11: 295916 | D11: =C11-C10 -> -1062 | E11: =C11-152000 -> 143916 | F11: =D11/$D$2 -> -535.41719 | G11: 183.66 | H11: 0 | I11: =G11+H11 -> 183.66 | J11: =IF(L11>0,L11,0) -> 0 | K11: =I11+J11 -> 183.66 | L11: =F11-(I11-X11) -> -46.397192 | M11: 255.83 | N11: 0 | O11: 0 | P11: =M11-(N11+O11) -> 255.83 | Q11: 174.45 | R11: 85.72 | S11: =SUM(P11:R11) -> 516 | T11: =(I11-S11)+T10 -> 23340.92 | U11: 107 | V11: 49.68 | W11: =V11-20 -> 29.68 | X11: =N11+O11+S11+U11+V11 -> 672.68 | Y11: =IF(L11<0,L11*-1,0) -> 46.397192 | Z11: =X11+Y11 -> 719.07719 | AA11: 0.05 | AB11: 89 | AC11: 61 | AD11: =AD10+1 -> 2
A12: =A11+1 -> 3 | B12: 6903.06 | C12: 295005 | D12: =C12-C11 -> -911 | E12: =C12-152000 -> 143005 | F12: =D12/$D$2 -> -459.28914 | G12: 200.65 | H12: 0 | I12: =G12+H12 -> 200.65 | J12: =IF(L12>0,L12,0) -> 32.750865 | K12: =I12+J12 -> 233.40086 | L12: =F12-(I12-X12) -> 32.750865 | M12: 255.1 | N12: 0 | O12: 0 | P12: =M12-(N12+O12) -> 255.1 | Q12: 169.65 | R12: 84.25 | S12: =SUM(P12:R12) -> 509 | T12: =(I12-S12)+T11 -> 23032.57 | U12: 134 | V12: 49.69 | W12: =V12-20 -> 29.69 | X12: =N12+O12+S12+U12+V12 -> 692.69 | Y12: =IF(L12<0,L12*-1,0) -> 0 | Z12: =X12+Y12 -> 692.69 | AA12: 0 | AB12: 87 | AC12: 57 | AD12: =AD11+1 -> 3
A13: =A12+1 -> 4 | B13: 6902.82 | C13: 294100 | D13: =C13-C12 -> -905 | E13: =C13-152000 -> 142100 | F13: =D13/$D$2 -> -456.26418 | G13: 258.49 | H13: 0 | I13: =G13+H13 -> 258.49 | J13: =IF(L13>0,L13,0) -> 0 | K13: =I13+J13 -> 258.49 | L13: =F13-(I13-X13) -> -45.064179 | M13: 254.08 | N13: 0 | O13: 0 | P13: =M13-(N13+O13) -> 254.08 | Q13: 169.78 | R13: 79.14 | S13: =SUM(P13:R13) -> 503 | T13: =(I13-S13)+T12 -> 22788.06 | U13: 117 | V13: 49.69 | W13: =V13-20 -> 29.69 | X13: =N13+O13+S13+U13+V13 -> 669.69 | Y13: =IF(L13<0,L13*-1,0) -> 45.064179 | Z13: =X13+Y13 -> 714.75418 | AA13: 0 | AB13: 86 | AC13: 56 | AD13: =AD12+1 -> 4
A14: =A13+1 -> 5 | B14: 6902.58 | C14: 293197 | D14: =C14-C13 -> -903 | E14: =C14-152000 -> 141197 | F14: =D14/$D$2 -> -455.25586 | G14: 208.52 | H14: 0 | I14: =G14+H14 -> 208.52 | J14: =IF(L14>0,L14,0) -> 0 | K14: =I14+J14 -> 208.52 | L14: =F14-(I14-X14) -> -0.035860852 | M14: 249.35 | N14: 0 | O14: 0 | P14: =M14-(N14+O14) -> 249.35 | Q14: 168.76 | R14: 65.89 | S14: =SUM(P14:R14) -> 484 | T14: =(I14-S14)+T13 -> 22512.58 | U14: 130 | V14: 49.74 | W14: =V14-20 -> 29.74 | X14: =N14+O14+S14+U14+V14 -> 663.74 | Y14: =IF(L14<0,L14*-1,0) -> 0.035860852 | Z14: =X14+Y14 -> 663.77586 | AA14: 0.17 | AB14: 81 | AC14: 56 | AD14: =AD13+1 -> 5
A15: =A14+1 -> 6 | B15: 6902.51 | C15: 292934 | D15: =C15-C14 -> -263 | E15: =C15-152000 -> 140934 | F15: =D15/$D$2 -> -132.5939 | G15: 395.52 | H15: 0 | I15: =G15+H15 -> 395.52 | J15: =IF(L15>0,L15,0) -> 129.6261 | K15: =I15+J15 -> 525.1461 | L15: =F15-(I15-X15) -> 129.6261 | M15: 234.73 | N15: 0 | O15: 0 | P15: =M15-(N15+O15) -> 234.73 | Q15: 164.9 | R15: 81.37 | S15: =SUM(P15:R15) -> 481 | T15: =(I15-S15)+T14 -> 22427.1 | U15: 127 | V15: 49.74 | W15: =V15-20 -> 29.74 | X15: =N15+O15+S15+U15+V15 -> 657.74 | Y15: =IF(L15<0,L15*-1,0) -> 0 | Z15: =X15+Y15 -> 657.74 | AA15: 0.1 | AB15: 78 | AC15: 52 | AD15: =AD14+1 -> 6
A16: =A15+1 -> 7 | B16: 6902.48 | C16: 292821 | D16: =C16-C15 -> -113 | E16: =C16-152000 -> 140821 | F16: =D16/$D$2 -> -56.970003 | G16: 506.53 | H16: 0 | I16: =G16+H16 -> 506.53 | J16: =IF(L16>0,L16,0) -> 45.519997 | K16: =I16+J16 -> 552.05 | L16: =F16-(I16-X16) -> 45.519997 | M16: 234.41 | N16: 0 | O16: 0 | P16: =M16-(N16+O16) -> 234.41 | Q16: 164.01 | R16: 82.58 | S16: =SUM(P16:R16) -> 481 | T16: =(I16-S16)+T15 -> 22452.63 | U16: 78 | V16: 50.02 | W16: =V16-20 -> 30.02 | X16: =N16+O16+S16+U16+V16 -> 609.02 | Y16: =IF(L16<0,L16*-1,0) -> 0 | Z16: =X16+Y16 -> 609.02 | AA16: 0.4 | AB16: 76 | AC16: 54 | AD16: =AD15+1 -> 7
A17: =A16+1 -> 8 | B17: 6902.44 | C17: 292670 | D17: =C17-C16 -> -151 | E17: =C17-152000 -> 140670 | F17: =D17/$D$2 -> -76.128056 | G17: 444.48 | H17: 0 | I17: =G17+H17 -> 444.48 | J17: =IF(L17>0,L17,0) -> 14.111944 | K17: =I17+J17 -> 458.59194 | L17: =F17-(I17-X17) -> 14.111944 | M17: 234.65 | N17: 0 | O17: 0 | P17: =M17-(N17+O17) -> 234.65 | Q17: 164.83 | R17: 47.52 | S17: =SUM(P17:R17) -> 447 | T17: =(I17-S17)+T16 -> 22450.11 | U17: 38 | V17: 49.72 | W17: =V17-20 -> 29.72 | X17: =N17+O17+S17+U17+V17 -> 534.72 | Y17: =IF(L17<0,L17*-1,0) -> 0 | Z17: =X17+Y17 -> 534.72 | AA17: 0 | AB17: 73 | AC17: 54 | AD17: =AD16+1 -> 8
A18: =A17+1 -> 9 | B18: 6902.38 | C18: 292444 | D18: =C18-C17 -> -226 | E18: =C18-152000 -> 140444 | F18: =D18/$D$2 -> -113.94001 | G18: 405.64 | H18: 0 | I18: =G18+H18 -> 405.64 | J18: =IF(L18>0,L18,0) -> 10.119995 | K18: =I18+J18 -> 415.75999 | L18: =F18-(I18-X18) -> 10.119995 | M18: 224.16 | N18: 0 | O18: 0 | P18: =M18-(N18+O18) -> 224.16 | Q18: 142.43 | R18: 54.41 | S18: =SUM(P18:R18) -> 421 | T18: =(I18-S18)+T17 -> 22434.75 | U18: 59 | V18: 49.7 | W18: =V18-20 -> 29.7 | X18: =N18+O18+S18+U18+V18 -> 529.7 | Y18: =IF(L18<0,L18*-1,0) -> 0 | Z18: =X18+Y18 -> 529.7 | AA18: 0 | AB18: 76 | AC18: 52 | AD18: =AD17+1 -> 9
A19: =A18+1 -> 10 | B19: 6902.25 | C19: 291955 | D19: =C19-C18 -> -489 | E19: =C19-152000 -> 139955 | F19: =D19/$D$2 -> -246.5339 | G19: 360.92 | H19: 0 | I19: =G19+H19 -> 360.92 | J19: =IF(L19>0,L19,0) -> 0 | K19: =I19+J19 -> 360.92 | L19: =F19-(I19-X19) -> -65.743905 | M19: 217.01 | N19: 0 | O19: 0 | P19: =M19-(N19+O19) -> 217.01 | Q19: 125.09 | R19: 76.9 | S19: =SUM(P19:R19) -> 419 | T19: =(I19-S19)+T18 -> 22376.67 | U19: 73 | V19: 49.71 | W19: =V19-20 -> 29.71 | X19: =N19+O19+S19+U19+V19 -> 541.71 | Y19: =IF(L19<0,L19*-1,0) -> 65.743905 | Z19: =X19+Y19 -> 607.4539 | AA19: 0 | AB19: 79 | AC19: 51 | AD19: =AD18+1 -> 10
A20: =A19+1 -> 11 | B20: 6902.08 | C20: 291315 | D20: =C20-C19 -> -640 | E20: =C20-152000 -> 139315 | F20: =D20/$D$2 -> -322.66196 | G20: 293.18 | H20: 0 | I20: =G20+H20 -> 293.18 | J20: =IF(L20>0,L20,0) -> 0 | K20: =I20+J20 -> 293.18 | L20: =F20-(I20-X20) -> -45.131961 | M20: 216.81 | N20: 0 | O20: 0 | P20: =M20-(N20+O20) -> 216.81 | Q20: 124.74 | R20: 76.45 | S20: =SUM(P20:R20) -> 418 | T20: =(I20-S20)+T19 -> 22251.85 | U20: 103 | V20: 49.71 | W20: =V20-20 -> 29.71 | X20: =N20+O20+S20+U20+V20 -> 570.71 | Y20: =IF(L20<0,L20*-1,0) -> 45.131961 | Z20: =X20+Y20 -> 615.84196 | AA20: 0 | AB20: 85 | AC20: 52 | AD20: =AD19+1 -> 11
A21: =A20+1 -> 12 | B21: 6901.88 | C21: 290567 | D21: =C21-C20 -> -748 | E21: =C21-152000 -> 138567 | F21: =D21/$D$2 -> -377.11117 | G21: 250.15 | H21: 0 | I21: =G21+H21 -> 250.15 | J21: =IF(L21>0,L21,0) -> 0 | K21: =I21+J21 -> 250.15 | L21: =F21-(I21-X21) -> -78.471167 | M21: 216.3 | N21: 0 | O21: 0 | P21: =M21-(N21+O21) -> 216.3 | Q21: 124.53 | R21: 46.17 | S21: =SUM(P21:R21) -> 387 | T21: =(I21-S21)+T20 -> 22115 | U21: 112 | V21: 49.79 | W21: =V21-20 -> 29.79 | X21: =N21+O21+S21+U21+V21 -> 548.79 | Y21: =IF(L21<0,L21*-1,0) -> 78.471167 | Z21: =X21+Y21 -> 627.26117 | AA21: 0 | AB21: 85 | AC21: 55 | AD21: =AD20+1 -> 12
A22: =A21+1 -> 13 | B22: 6901.72 | C22: 289969 | D22: =C22-C21 -> -598 | E22: =C22-152000 -> 137969 | F22: =D22/$D$2 -> -301.48727 | G22: 226.99 | H22: 0 | I22: =G22+H22 -> 226.99 | J22: =IF(L22>0,L22,0) -> 33.56273 | K22: =I22+J22 -> 260.55273 | L22: =F22-(I22-X22) -> 33.56273 | M22: 215.86 | N22: 0 | O22: 0 | P22: =M22-(N22+O22) -> 215.86 | Q22: 124.42 | R22: 76.72 | S22: =SUM(P22:R22) -> 417 | T22: =(I22-S22)+T21 -> 21924.99 | U22: 95 | V22: 50.04 | W22: =V22-20 -> 30.04 | X22: =N22+O22+S22+U22+V22 -> 562.04 | Y22: =IF(L22<0,L22*-1,0) -> 0 | Z22: =X22+Y22 -> 562.04 | AA22: 0 | AB22: 86 | AC22: 54 | AD22: =AD21+1 -> 13
... A38: =A37+1 -> 29 | B38: 6898.19 | C38: 276953 | D38: =C38-C37 -> -1021 | E38: =C38-152000 -> 124953 | F38: =D38/$D$2 -> -514.74666 | G38: 99.99 | H38: 0 | I38: =G38+H38 -> 99.99 | J38: =IF(L38>0,L38,0) -> 0 | K38: =I38+J38 -> 99.99 | L38: =F38-(I38-X38) -> -37.03666 | M38: 189.04 | N38: 0 | O38: 0 | P38: =M38-(N38+O38) -> 189.04 | Q38: 164.62 | R38: 81.34 | S38: =SUM(P38:R38) -> 435 | T38: =(I38-S38)+T37 -> 18032.61 | U38: 91 | V38: 51.7 | W38: =V38-20 -> 31.7 | X38: =N38+O38+S38+U38+V38 -> 577.7 | Y38: =IF(L38<0,L38*-1,0) -> 37.03666 | Z38: =X38+Y38 -> 614.73666 | AA38: 0 | AB38: 84 | AC38: 49 | AD38: =AD37+1 -> 29
A39: 30 | B39: 6897.92 | C39: 275971 | D39: =C39-C38 -> -982 | E39: =C39-152000 -> 123971 | F39: =D39/$D$2 -> -495.08445 | G39: 107.02 | H39: 0 | I39: =G39+H39 -> 107.02 | J39: =IF(L39>0,L39,0) -> 0 | K39: =I39+J39 -> 107.02 | L39: =F39-(I39-X39) -> -22.044447 | M39: 188.44 | N39: 0 | O39: 0 | P39: =M39-(N39+O39) -> 188.44 | Q39: 179.4 | R39: 67.16 | S39: =SUM(P39:R39) -> 435 | T39: =(I39-S39)+T38 -> 17704.63 | U39: 93 | V39: 52.06 | W39: =V39-20 -> 32.06 | X39: =N39+O39+S39+U39+V39 -> 580.06 | Y39: =IF(L39<0,L39*-1,0) -> 22.044447 | Z39: =X39+Y39 -> 602.10445 | AA39: 0 | AB39: 82 | AC39: 48 | AD39: 30
A40: 31 | B40: 6897.62 | C40: 274886 | D40: =C40-C39 -> -1085 | E40: =C40-152000 -> 122886 | F40: =D40/$D$2 -> -547.01286 | G40: 104.52 | H40: 0 | I40: =G40+H40 -> 104.52 | J40: =IF(L40>0,L40,0) -> 0 | K40: =I40+J40 -> 104.52 | L40: =F40-(I40-X40) -> -84.642856 | M40: 193.8 | N40: 0 | O40: 0 | P40: =M40-(N40+O40) -> 193.8 | Q40: 164.32 | R40: 63.44 | S40: =SUM(P40:R40) -> 421.56 | T40: =(I40-S40)+T39 -> 17387.59 | U40: 93 | V40: 52.33 | W40: =V40-20 -> 32.33 | X40: =N40+O40+S40+U40+V40 -> 566.89 | Y40: =IF(L40<0,L40*-1,0) -> 84.642856 | Z40: =X40+Y40 -> 651.53286 | AA40: 0.14 | AB40: 83 | AC40: 50 | AD40: 31
O41: 0 | AA41: 0
A42: MONTH / CFS | F42: =SUM(F10:F40) -> -11711.621 | G42: =SUM(G10:G40) -> 6726.59 | H42: =SUM(H10:H40) -> 0 | I42: =SUM(I10:I40) -> 6726.59 | J42: =SUM(J10:J40) -> 725.65996 | K42: =SUM(K10:K40) -> 7452.25 | L42: =SUM(L10:L40) -> -561.58087 | M42: =SUM(M10:M40) -> 6381.07 | ... S42: =SUM(S10:S40) -> 13340.46 | U42: =SUM(U10:U40) -> 2922 | V42: =SUM(V10:V40) -> 1614.17 | W42: =SUM(W10:W41) -> 994.17 | X42: =SUM(X10:X40) -> 17876.63 | Y42: =SUM(Y10:Y40) -> 1287.2408 | Z42: =SUM(Z10:Z40) -> 19163.871 | AA42: =SUM(AA10:AA40) -> 1.77 | AB42: =AVERAGE(AB10:AB40) -> 82.677419 | AC42: =AVERAGE(AC10:AC40) -> 53.258065 | AD42: AVG
A43: MONTH / AF | D43: =SUM(D10:D40) -> -23230 | F43: =F42*$D$2 -> -23230 | G43: =G42*$D$2 -> 13342.191 | H43: =H42*$D$2 -> 0 | I43: =I42*$D$2 -> 13342.191 | J43: =J42*$D$2 -> 1439.3465 | K43: =K42*$D$2 -> 14781.538 | L43: =L42*$D$2 -> -1113.8957 | M43: =M42*$D$2 -> 12656.852 | ... S43: =S42*$D$2 -> 26460.802 | U43: =U42*$D$2 -> 5795.787 | V43: =V42*$D$2 -> 3201.7062 | W43: =W42*$D$2 -> 1971.9362 | X43: =X42*$D$2 -> 35458.296 | Y43: =Y42*$D$2 -> 2553.2422 | Z43: =Z42*$D$2 -> 38011.538 | AB43: =MAX(AB10:AB40) -> 92 | AC43: =MAX(AC10:AC40) -> 61 | AD43: HI
A45: SEASON / CFS | F45: =F7+F42 -> 875.22057 | G45: =G7+G42 -> 59399.28 | H45: =H7+H42 -> 1182.853 | I45: =I7+I42 -> 60582.133 | J45: =J7+J42 -> 2057.3055 | K45: =K7+K42 -> 62639.438 | L45: =L7+L42 -> -4429.8494 | M45: =M7+M42 -> 21493.38 | ... S45: =S7+S42 -> 43194.543 | T45: =T40 -> 17387.59 | U45: =U7+U42 -> 8268 | V45: =V7+V42 -> 3814.52 | W45: =W42+W7 -> 1392.08 | X45: =X7+X42 -> 55277.063 | Y45: =Y7+Y42 -> 6487.1549 | Z45: =Z7+Z42 -> 61764.218 | AB45: =MIN(AB10:AB40) -> 73 | AC45: =MIN(AC10:AC40) -> 48 | AD45: LO
A46: SEASON / AF | F46: =F45*$D$2 -> 1736 | G46: =G45*$D$2 -> 117818.47 | H46: =H45*$D$2 -> 2346.1889 | I46: =I45*$D$2 -> 120164.66 | J46: =J45*$D$2 -> 4080.6654 | K46: =K45*$D$2 -> 124245.33 | L46: =L45*$D$2 -> -8786.6063 | M46: =M45*$D$2 -> 42632.119 | ... Z46: =Z45*$D$2 -> 122509.33
A48: YTD / CFS | F48: =F8+F42 -> -10889.337 | G48: =G8+G42 -> 64525.436 | H48: =H8+H42 -> 1182.853 | I48: =I8+I42 -> 66114.779 | J48: =J8+J42 -> 2402.2132 | K48: =K8+K42 -> 68443.407 | L48: =L8+L42 -> -5649.323 | M48: =M8+M42 -> 22895.02 | ... S48: =S8+S42 -> 49174.163 | T48: =T45 -> 17387.59 | U48: =U8+U42 -> 8268 | V48: =V8+V42 -> 13912.55 | W48: =W45 -> 1392.08 | X48: =X8+X42 -> 71354.793 | Y48: =Y8+Y42 -> 8051.5362 | Z48: =Z8+Z42 -> 79406.329 | AA48: =AA8+AA42 -> 12.093
A49: YTD / AF | D49: =D8+D43 -> -21599 | E49: =E40 -> 122886 | F49: =F48*$D$2 -> -21599 | G49: =G48*$D$2 -> 127986.2 | H49: =H48*$D$2 -> 2346.1889 | I49: =I48*$D$2 -> 131138.66 | J49: =J48*$D$2 -> 4764.7899 | K49: =K48*$D$2 -> 135757.5 | L49: =L48*$D$2 -> -11205.432 | M49: =M48*$D$2 -> 45412.272 | ... Z49: =Z48*$D$2 -> 157502.45

Sheet AUG
K1: MC PHEE RESERVOIR IN/OUT FLOW TABULATION
A2: AF/cfs CONVERT FACTOR | D2: 1.9835 | K2: AUGUST "1990"
A4: DATE | B4: RESERV | C4: RESERV | D4: AC FT | E4: ACTIVE | F4: CONV TO | G4: DOLORES | H4: LOST | I4: RECORDED | J4: CALC | K4: TOTAL | L4: CALC | M4: TUNNEL | Q4: LONE | R4: U | S4: TOTAL | T4: MVI | U4: DV CR | V4: BELOW | W4: FISH | X4: RECORDED | Y4: CALC | Z4: TOTAL | AA4: RAIN | AB4: MAX | AC4: MIN | AD4: DATE
A5: "AUG" | B5: ELEV | C5: AC FT | D5: CHANGE | E5: CAP | F5: CFS | G5: RIVER | H5: CANYON | I5: INFLOW | J5: INFLOW | K5: INFLOW | L5: INF/OTF | M5: TOT DIV | N5: WETLAND | O5: UTE F&R | P5: MVI,CTZ | Q5: PINE | R5: LAT | S5: MVI | T5: CALL | U5: CANAL | V5: MC PHEE | W5: LOAN | X5: OUTFLOW | Y5: OUTFLOW | Z5: OUTFLOW | AB5: TMP | AC5: TMP | AD5: "AUG"
A7: SEASON BAL | F7: =JUL!F45 -> 875.22057 | G7: =JUL!G45 -> 59399.28 | H7: =JUL!H45 -> 1182.853 | I7: =JUL!I45 -> 60582.133 | J7: =JUL!J45 -> 2057.3055 | K7: =JUL!K45 -> 62639.438 | L7: =JUL!L45 -> -4429.8494 | M7: =JUL!M45 -> 21493.38 | ... Z7: =JUL!Z45 -> 61764.218
A8: YTD | B8: =JUL!B40 -> 6897.62 | C8: =JUL!C40 -> 274886 | D8: =JUL!D49 -> -21599 | E8: =JUL!E49 -> 122886 | F8: =JUL!F48 -> -10889.337 | G8: =JUL!G48 -> 64525.436 | H8: =JUL!H48 -> 1182.853 | I8: =JUL!I48 -> 66114.779 | J8: =JUL!J48 -> 2402.2132 | K8: =JUL!K48 -> 68443.407 | L8: =JUL!L48 -> -5649.323 | M8: =JUL!M48 -> 22895.02 | ... V8: =JUL!V48 -> 13912.55 | W8: =JUL!W49 -> 2761.1907 | X8: =JUL!X48 -> 71354.793 | Y8: =JUL!Y48 -> 8051.5362 | Z8: =JUL!Z48 -> 79406.329 | AA8: =JUL!AA48 -> 12.093
A10: 1 | B10: 6897.34 | C10: 273873 | D10: =C10-C8 -> -1013 | E10: =C10-152000 -> 121873 | F10: =D10/$D$2 -> -510.71339 | G10: 101.71 | H10: 0 | I10: =G10+H10 -> 101.71 | J10: =IF(L10>0,L10,0) -> 0 | K10: =I10+J10 -> 101.71 | L10: =F10-(I10-X10) -> -3.0833854 | M10: 197.16 | N10: 0 | O10: 0 | P10: =M10-(N10+O10) -> 197.16 | Q10: 162.89 | R10: 81.95 | S10: =SUM(P10:R10) -> 442 | T10: =(I10-S10)+T7 -> 17047.3 | U10: 115 | V10: 52.34 | W10: =V10-20 -> 32.34 | X10: =N10+O10+S10+U10+V10 -> 609.34 | Y10: =IF(L10<0,L10*-1,0) -> 3.0833854 | Z10: =X10+Y10 -> 612.42339 | AA10: 0.02 | AB10: 83 | AC10: 52 | AD10: 1
A11: =A10+1 -> 2 | B11: 6897 | C11: 272643 | D11: =C11-C10 -> -1230 | E11: =C11-152000 -> 120643 | F11: =D11/$D$2 -> -620.11596 | G11: 97.95 | H11: 0 | I11: =G11+H11 -> 97.95 | J11: =IF(L11>0,L11,0) -> 0 | K11: =I11+J11 -> 97.95 | L11: =F11-(I11-X11) -> -101.69596 | M11: 197.07 | N11: 0 | O11: 0 | P11: =M11-(N11+O11) -> 197.07 | Q11: 162.52 | R11: 82.41 | S11: =SUM(P11:R11) -> 442 | T11: =(I11-S11)+T10 -> 16703.25 | U11: 122 | V11: 52.37 | W11: =V11-20 -> 32.37 | X11: =N11+O11+S11+U11+V11 -> 616.37 | Y11: =IF(L11<0,L11*-1,0) -> 101.69596 | Z11: =X11+Y11 -> 718.06596 | AA11: 0 | AB11: 78 | AC11: 53 | AD11: =AD10+1 -> 2
A12: =A11+1 -> 3 | B12: 6896.69 | C12: 271531 | D12: =C12-C11 -> -1112 | E12: =C12-152000 -> 119531 | F12: =D12/$D$2 -> -560.62516 | G12: 96.24 | H12: 0 | I12: =G12+H12 -> 96.24 | J12: =IF(L12>0,L12,0) -> 0 | K12: =I12+J12 -> 96.24 | L12: =F12-(I12-X12) -> -61.515158 | M12: 196.94 | N12: 0 | O12: 0 | P12: =M12-(N12+O12) -> 196.94 | Q12: 129.19 | R12: 83.87 | S12: =SUM(P12:R12) -> 410 | T12: =(I12-S12)+T11 -> 16389.49 | U12: 133 | V12: 52.35 | W12: =V12-20 -> 32.35 | X12: =N12+O12+S12+U12+V12 -> 595.35 | Y12: =IF(L12<0,L12*-1,0) -> 61.515158 | Z12: =X12+Y12 -> 656.86516 | AA12: 0 | AB12: 81 | AC12: 48 | AD12: =AD11+1 -> 3
A13: =A12+1 -> 4 | B13: 6896.38 | C13: 270418 | D13: =C13-C12 -> -1113 | E13: =C13-152000 -> 118418 | F13: =D13/$D$2 -> -561.12932 | G13: 91.34 | H13: 0 | I13: =G13+H13 -> 91.34 | J13: =IF(L13>0,L13,0) -> 0 | K13: =I13+J13 -> 91.34 | L13: =F13-(I13-X13) -> -30.069317 | M13: 196.99 | N13: 0 | O13: 0 | P13: =M13-(N13+O13) -> 196.99 | Q13: 160.85 | R13: 82.16 | S13: =SUM(P13:R13) -> 440 | T13: =(I13-S13)+T12 -> 16040.83 | U13: 130 | V13: 52.4 | W13: =V13-20 -> 32.4 | X13: =N13+O13+S13+U13+V13 -> 622.4 | Y13: =IF(L13<0,L13*-1,0) -> 30.069317 | Z13: =X13+Y13 -> 652.46932 | AA13: 0.38 | AB13: 83 | AC13: 52 | AD13: =AD12+1 -> 4
A14: =A13+1 -> 5 | B14: 6896.08 | C14: 269342 | D14: =C14-C13 -> -1076 | E14: =C14-152000 -> 117342 | F14: =D14/$D$2 -> -542.47542 | G14: 88.62 | H14: 0 | I14: =G14+H14 -> 88.62 | J14: =IF(L14>0,L14,0) -> 0 | K14: =I14+J14 -> 88.62 | L14: =F14-(I14-X14) -> -17.625422 | M14: 196.12 | N14: 0 | O14: 0 | P14: =M14-(N14+O14) -> 196.12 | Q14: 160.9 | R14: 81.98 | S14: =SUM(P14:R14) -> 439 | T14: =(I14-S14)+T13 -> 15690.45 | U14: 122 | V14: 52.47 | W14: =V14-20 -> 32.47 | X14: =N14+O14+S14+U14+V14 -> 613.47 | Y14: =IF(L14<0,L14*-1,0) -> 17.625422 | Z14: =X14+Y14 -> 631.09542 | AA14: 0.25 | AB14: 83 | AC14: 50 | AD14: =AD13+1 -> 5
A15: =A14+1 -> 6 | B15: 6895.78 | C15: 268272 | D15: =C15-C14 -> -1070 | E15: =C15-152000 -> 116272 | F15: =D15/$D$2 -> -539.45047 | G15: 147.37 | H15: 0 | I15: =G15+H15 -> 147.37 | J15: =IF(L15>0,L15,0) -> 0 | K15: =I15+J15 -> 147.37 | L15: =F15-(I15-X15) -> -57.390466 | M15: 195.1 | N15: 0 | O15: 0 | P15: =M15-(N15+O15) -> 195.1 | Q15: 160.23 | R15: 81.67 | S15: =SUM(P15:R15) -> 437 | T15: =(I15-S15)+T14 -> 15400.82 | U15: 140 | V15: 52.43 | W15: =V15-20 -> 32.43 | X15: =N15+O15+S15+U15+V15 -> 629.43 | Y15: =IF(L15<0,L15*-1,0) -> 57.390466 | Z15: =X15+Y15 -> 686.82047 | AA15: 0 | AB15: 81 | AC15: 47 | AD15: =AD14+1 -> 6
A16: =A15+1 -> 7 | B16: 6895.5 | C16: 267275 | D16: =C16-C15 -> -997 | E16: =C16-152000 -> 115275 | F16: =D16/$D$2 -> -502.64684 | G16: 146.66 | H16: 0 | I16: =G16+H16 -> 146.66 | J16: =IF(L16>0,L16,0) -> 0 | K16: =I16+J16 -> 146.66 | L16: =F16-(I16-X16) -> -46.926836 | M16: 194.25 | N16: 0 | O16: 0 | P16: =M16-(N16+O16) -> 194.25 | Q16: 160.59 | R16: 80.16 | S16: =SUM(P16:R16) -> 435 | T16: =(I16-S16)+T15 -> 15112.48 | U16: 115 | V16: 52.38 | W16: =V16-20 -> 32.38 | X16: =N16+O16+S16+U16+V16 -> 602.38 | Y16: =IF(L16<0,L16*-1,0) -> 46.926836 | Z16: =X16+Y16 -> 649.30684 | AA16: 0 | AB16: 83 | AC16: 47 | AD16: =AD15+1 -> 7
A17: =A16+1 -> 8 | B17: 6895.18 | C17: 266136 | D17: =C17-C16 -> -1139 | E17: =C17-152000 -> 114136 | F17: =D17/$D$2 -> -574.23746 | G17: 140.16 | H17: 0 | I17: =G17+H17 -> 140.16 | J17: =IF(L17>0,L17,0) -> 0 | K17: =I17+J17 -> 140.16 | L17: =F17-(I17-X17) -> -96.977459 | M17: 193.86 | N17: 0 | O17: 0 | P17: =M17-(N17+O17) -> 193.86 | Q17: 159.68 | R17: 79.46 | S17: =SUM(P17:R17) -> 433 | T17: =(I17-S17)+T16 -> 14819.64 | U17: 132 | V17: 52.42 | W17: =V17-20 -> 32.42 | X17: =N17+O17+S17+U17+V17 -> 617.42 | Y17: =IF(L17<0,L17*-1,0) -> 96.977459 | Z17: =X17+Y17 -> 714.39746 | AA17: 0 | AB17: 85 | AC17: 50 | AD17: =AD16+1 -> 8
A18: =A17+1 -> 9 | B18: 6894.88 | C18: 265072 | D18: =C18-C17 -> -1064 | E18: =C18-152000 -> 113072 | F18: =D18/$D$2 -> -536.42551 | G18: 140.26 | H18: 0 | I18: =G18+H18 -> 140.26 | J18: =IF(L18>0,L18,0) -> 0 | K18: =I18+J18 -> 140.26 | L18: =F18-(I18-X18) -> -50.24551 | M18: 193.12 | N18: 0 | O18: 0 | P18: =M18-(N18+O18) -> 193.12 | Q18: 169.33 | R18: 79.55 | S18: =SUM(P18:R18) -> 442 | T18: =(I18-S18)+T17 -> 14517.9 | U18: 132 | V18: 52.44 | W18: =V18-20 -> 32.44 | X18: =N18+O18+S18+U18+V18 -> 626.44 | Y18: =IF(L18<0,L18*-1,0) -> 50.24551 | Z18: =X18+Y18 -> 676.68551 | AA18: 0 | AB18: 84 | AC18: 53 | AD18: =AD17+1 -> 9
A19: =A18+1 -> 10 | B19: 6894.6 | C19: 264084 | D19: =C19-C18 -> -988 | E19: =C19-152000 -> 112084 | F19: =D19/$D$2 -> -498.1094 | G19: 138.66 | H19: 0 | I19: =G19+H19 -> 138.66 | J19: 0 | K19: =I19+J19 -> 138.66 | L19: =F19-(I19-X19) -> -15.309403 | M19: 192.79 | N19: 0 | O19: 0 | P19: =M19-(N19+O19) -> 192.79 | Q19: 158.87 | R19: 79.34 | S19: =SUM(P19:R19) -> 431 | T19: =(I19-S19)+T18 -> 14225.56 | U19: 138 | V19: 52.46 | W19: =V19-20 -> 32.46 | X19: =N19+O19+S19+U19+V19 -> 621.46 | Y19: =IF(L19<0,L19*-1,0) -> 15.309403 | Z19: =X19+Y19 -> 636.7694 | AA19: 0 | AB19: 83 | AC19: 56 | AD19: =AD18+1 -> 10
A20: 11 | B20: 6894.32 | C20: 263096 | D20: =C20-C19 -> -988 | E20: =C20-152000 -> 111096 | F20: =D20/$D$2 -> -498.1094 | G20: 138.26 | H20: 0 | I20: =G20+H20 -> 138.26 | J20: =IF(L20>0,L20,0) -> 0 | K20: =I20+J20 -> 138.26 | L20: =F20-(I20-X20) -> -25.849403 | M20: 192.03 | N20: 0 | O20: 0 | P20: =M20-(N20+O20) -> 192.03 | Q20: 158.63 | R20: 79.34 | S20: =SUM(P20:R20) -> 430 | T20: =(I20-S20)+T19 -> 13933.82 | U20: 128 | V20: 52.52 | W20: =V20-20 -> 32.52 | X20: =N20+O20+S20+U20+V20 -> 610.52 | Y20: =IF(L20<0,L20*-1,0) -> 25.849403 | Z20: =X20+Y20 -> 636.3694 | AA20: 0 | AB20: 82 | AC20: 53 | AD20: 11
A21: 12 | B21: 6894.03 | C21: 262073 | D21: =C21-C20 -> -1023 | E21: =C21-152000 -> 110073 | F21: =D21/$D$2 -> -515.75498 | G21: 137.66 | H21: 0 | I21: =G21+H21 -> 137.66 | J21: =IF(L21>0,L21,0) -> 0 | K21: =I21+J21 -> 137.66 | L21: =F21-(I21-X21) -> -34.744979 | M21: 191.67 | N21: 0 | O21: 0 | P21: =M21-(N21+O21) -> 191.67 | Q21: 157.89 | R21: 80.44 | S21: =SUM(P21:R21) -> 430 | T21: =(I21-S21)+T20 -> 13641.48 | U21: 136 | V21: 52.67 | W21: =V21-20 -> 32.67 | X21: =N21+O21+S21+U21+V21 -> 618.67 | Y21: =IF(L21<0,L21*-1,0) -> 34.744979 | Z21: =X21+Y21 -> 653.41498 | AA21: 0.18 | AB21: 84 | AC21: 53 | AD21: 12
A22: 13 | B22: 6894.02 | C22: 262037 | D22: =C22-C21 -> -36 | E22: =C22-152000 -> 110037 | F22: =D22/$D$2 -> -18.149735 | G22: 149.02 | H22: 0 | I22: =G22+H22 -> 149.02 | J22: =IF(L22>0,L22,0) -> 339.09026 | K22: =I22+J22 -> 488.11026 | L22: =F22-(I22-X22) -> 339.09026 | M22: 127.29 | N22: 0 | O22: 0 | P22: =M22-(N22+O22) -> 127.29 | Q22: 158.3 | R22: 62.41 | S22: =SUM(P22:R22) -> 348 | T22: =(I22-S22)+T21 -> 13442.5 | U22: 105 | V22: 53.26 | W22: =V22-20 -> 33.26 | X22: =N22+O22+S22+U22+V22 -> 506.26 | Y22: =IF(L22<0,L22*-1,0) -> 0 | Z22: =X22+Y22 -> 506.26 | AA22: 2.31 | AB22: 64 | AC22: 54 | AD22: 13
A23: 14 | B23: 6893.99 | C23: 261932 | D23: =C23-C22 -> -105 | E23: =C23-152000 -> 109932 | F23: =D23/$D$2 -> -52.936728 | G23: 198.83 | H23: 0 | I23: =G23+H23 -> 198.83 | J23: =IF(L23>0,L23,0) -> 131.92327 | K23: =I23+J23 -> 330.75327 | L23: =F23-(I23-X23) -> 131.92327 | M23: 82.77 | N23: 0 | O23: 0 | P23: =M23-(N23+O23) -> 82.77 | Q23: 159.31 | R23: 48.92 | S23: =SUM(P23:R23) -> 291 | T23: =(I23-S23)+T22 -> 13350.33 | U23: 39 | V23: 53.69 | W23: =V23-20 -> 33.69 | X23: =N23+O23+S23+U23+V23 -> 383.69 | Y23: =IF(L23<0,L23*-1,0) -> 0 | Z23: =X23+Y23 -> 383.69 | AA23: 1.19 | AB23: 61 | AC23: 51 | AD23: 14
A24: 15 | B24: 6893.94 | C24: 261757 | D24: =C24-C23 -> -175 | E24: =C24-152000 -> 109757 | F24: =D24/$D$2 -> -88.22788 | G24: 309.79 | H24: 0 | I24: =G24+H24 -> 309.79 | J24: =IF(L24>0,L24,0) -> 38.32212 | K24: =I24+J24 -> 348.11212 | L24: =F24-(I24-X24) -> 38.32212 | M24: 130.07 | N24: 0 | O24: 0 | P24: =M24-(N24+O24) -> 130.07 | Q24: 158.47 | R24: 55.46 | S24: =SUM(P24:R24) -> 344 | T24: =(I24-S24)+T23 -> 13316.12 | U24: 39 | V24: 53.34 | W24: =V24-20 -> 33.34 | X24: =N24+O24+S24+U24+V24 -> 436.34 | Y24: =IF(L24<0,L24*-1,0) -> 0 | Z24: =X24+Y24 -> 436.34 | AA24: 0.5 | AB24: 66 | AC24: 52 | AD24: 15
A25: 16 | B25: 6893.87 | C25: 261512 | D25: =C25-C24 -> -245 | E25: =C25-152000 -> 109512 | F25: =D25/$D$2 -> -123.51903 | G25: 351.21 | H25: 0 | I25: =G25+H25 -> 351.21 | J25: =IF(L25>0,L25,0) -> 0 | K25: =I25+J25 -> 351.21 | L25: =F25-(I25-X25) -> -37.139032 | M25: 130.05 | N25: 0 | O25: 0 | P25: =M25-(N25+O25) -> 130.05 | Q25: 158.76 | R25: 52.19 | S25: =SUM(P25:R25) -> 341 | T25: =(I25-S25)+T24 -> 13326.33 | U25: 43 | V25: 53.59 | W25: =V25-20 -> 33.59 | X25: =N25+O25+S25+U25+V25 -> 437.59 | Y25: =IF(L25<0,L25*-1,0) -> 37.139032 | Z25: =X25+Y25 -> 474.72903 | AA25: 0.55 | AB25: 69 | AC25: 52 | AD25: 16
A26: 17 | B26: 6893.8 | C26: 261267 | D26: =C26-C25 -> -245 | E26: =C26-152000 -> 109267 | F26: =D26/$D$2 -> -123.51903 | G26: 351.76 | H26: 0 | I26: =G26+H26 -> 351.76 | J26: =IF(L26>0,L26,0) -> 0 | K26: =I26+J26 -> 351.76 | L26: =F26-(I26-X26) -> -53.079032 | M26: 110.55 | N26: 0 | O26: 0 | P26: =M26-(N26+O26) -> 110.55 | Q26: 157.93 | R26: 58.52 | S26: =SUM(P26:R26) -> 327 | T26: =(I26-S26)+T25 -> 13351.09 | U26: 42 | V26: 53.2 | W26: =V26-20 -> 33.2 | X26: =N26+O26+S26+U26+V26 -> 422.2 | Y26: =IF(L26<0,L26*-1,0) -> 53.079032 | Z26: =X26+Y26 -> 475.27903 | AA26: 0 | AB26: 76 | AC26: 51 | AD26: 17
A27: 18 | B27: 6893.73 | C27: 261022 | D27: =C27-C26 -> -245 | E27: =C27-152000 -> 109022 | F27: =D27/$D$2 -> -123.51903 | G27: 312.67 | H27: 0 | I27: =G27+H27 -> 312.67 | J27: =IF(L27>0,L27,0) -> 0 | K27: =I27+J27 -> 312.67 | L27: =F27-(I27-X27) -> -1.439032 | M27: 99.03 | N27: 0 | O27: 0 | P27: =M27-(N27+O27) -> 99.03 | Q27: 157.7 | R27: 59.27 | S27: =SUM(P27:R27) -> 316 | T27: =(I27-S27)+T26 -> 13347.76 | U27: 65 | V27: 53.75 | W27: =V27-20 -> 33.75 | X27: =N27+O27+S27+U27+V27 -> 434.75 | Y27: =IF(L27<0,L27*-1,0) -> 1.439032 | Z27: =X27+Y27 -> 436.18903 | AA27: 0 | AB27: 77 | AC27: 50 | AD27: 18
A28: 19 | B28: 6893.65 | C28: 260743 | D28: =C28-C27 -> -279 | E28: =C28-152000 -> 108743 | F28: =D28/$D$2 -> -140.66045 | G28: 257.51 | H28: 0 | I28: =G28+H28 -> 257.51 | J28: =IF(L28>0,L28,0) -> 47.709551 | K28: =I28+J28 -> 305.21955 | L28: =F28-(I28-X28) -> 47.709551 | M28: 99.01 | N28: 0 | O28: 0 | P28: =M28-(N28+O28) -> 99.01 | Q28: 157.27 | R28: 60.72 | S28: =SUM(P28:R28) -> 317 | T28: =(I28-S28)+T27 -> 13288.27 | U28: 75 | V28: 53.88 | W28: =V28-20 -> 33.88 | X28: =N28+O28+S28+U28+V28 -> 445.88 | Y28: =IF(L28<0,L28*-1,0) -> 0 | Z28: =X28+Y28 -> 445.88 | AA28: 0.02 | AB28: 76 | AC28: 48 | AD28: 19
A29: 20 | B29: 6893.52 | C29: 260288 | D29: =C29-C28 -> -455 | E29: =C29-152000 -> 108288 | F29: =D29/$D$2 -> -229.39249 | G29: 228.81 | H29: 0 | I29: =G29+H29 -> 228.81 | J29: =IF(L29>0,L29,0) -> 11.887512 | K29: =I29+J29 -> 240.69751 | L29: =F29-(I29-X29) -> 11.887512 | M29: 98.97 | N29: 0 | O29: 0 | P29: =M29-(N29+O29) -> 98.97 | Q29: 156.73 | R29: 58.3 | S29: =SUM(P29:R29) -> 314 | T29: =(I29-S29)+T28 -> 13203.08 | U29: 102 | V29: 54.09 | W29: =V29-20 -> 34.09 | X29: =N29+O29+S29+U29+V29 -> 470.09 | Y29: =IF(L29<0,L29*-1,0) -> 0 | Z29: =X29+Y29 -> 470.09 | AA29: 0.02 | AB29: 76 | AC29: 53 | AD29: 20
A30: 21 | B30: 6893.34 | C30: 259658 | D30: =C30-C29 -> -630 | E30: =C30-152000 -> 107658 | F30: =D30/$D$2 -> -317.62037 | G30: 248.07 | H30: 0 | I30: =G30+H30 -> 248.07 | J30: =IF(L30>0,L30,0) -> 0 | K30: =I30+J30 -> 248.07 | L30: =F30-(I30-X30) -> -53.870368 | M30: 116.53 | N30: 0 | O30: 0 | P30: =M30-(N30+O30) -> 116.53 | Q30: 156.22 | R30: 68.25 | S30: =SUM(P30:R30) -> 341 | T30: =(I30-S30)+T29 -> 13110.15 | U30: 117 | V30: 53.82 | W30: =V30-20 -> 33.82 | X30: =N30+O30+S30+U30+V30 -> 511.82 | Y30: =IF(L30<0,L30*-1,0) -> 53.870368 | Z30: =X30+Y30 -> 565.69037 | AA30: 0 | AB30: 75 | AC30: 52 | AD30: 21
A31: 22 | B31: 6893.14 | C31: 258959 | D31: =C31-C30 -> -699 | E31: =C31-152000 -> 106959 | F31: =D31/$D$2 -> -352.40736 | G31: 227.71 | H31: 0 | I31: =G31+H31 -> 227.71 | J31: =IF(L31>0,L31,0) -> 0 | K31: =I31+J31 -> 227.71 | L31: =F31-(I31-X31) -> -72.377361 | M31: 126.71 | N31: 0 | O31: 0 | P31: =M31-(N31+O31) -> 126.71 | Q31: 156.38 | R31: 67.91 | S31: =SUM(P31:R31) -> 351 | T31: =(I31-S31)+T30 -> 12986.86 | U31: 103 | V31: 53.74 | W31: =V31-20 -> 33.74 | X31: =N31+O31+S31+U31+V31 -> 507.74 | Y31: =IF(L31<0,L31*-1,0) -> 72.377361 | Z31: =X31+Y31 -> 580.11736 | AA31: 0 | AB31: 77 | AC31: 50 | AD31: 22
... A40: 31 | B40: 6890.96 | C40: 251433 | D40: =C40-C39 -> -891 | E40: =C40-152000 -> 99433 | F40: =D40/$D$2 -> -449.20595 | G40: 147.63 | H40: 0 | I40: =G40+H40 -> 147.63 | J40: =IF(L40>0,L40,0) -> 0 | K40: =I40+J40 -> 147.63 | L40: =F40-(I40-X40) -> -21.325949 | M40: 174.87 | N40: 0 | O40: 0 | P40: =M40-(N40+O40) -> 174.87 | Q40: 153.04 | R40: 72.09 | S40: =SUM(P40:R40) -> 400 | T40: =(I40-S40)+T39 -> 11214.66 | U40: 124 | V40: 51.51 | W40: =V40-20 -> 31.51 | X40: =N40+O40+S40+U40+V40 -> 575.51 | Y40: =IF(L40<0,L40*-1,0) -> 21.325949 | Z40: =X40+Y40 -> 596.83595 | AA40: 0 | AB40: 85 | AC40: 54 | AD40: 31
A42: MONTH / CFS | F42: =SUM(F10:F40) -> -11824.048 | G42: =SUM(G10:G40) -> 5658.07 | H42: =SUM(H10:H40) -> 0 | I42: =SUM(I10:I40) -> 5658.07 | J42: =SUM(J10:J40) -> 568.93272 | K42: =SUM(K10:K40) -> 6227.0027 | L42: =SUM(L10:L40) -> -633.1884 | M42: =SUM(M10:M40) -> 4766.39 | ... S42: =SUM(S10:S40) -> 11831 | U42: =SUM(U10:U40) -> 3386 | V42: =SUM(V10:V40) -> 1631.93 | W42: =SUM(W10:W40) -> 1011.93 | X42: =SUM(X10:X40) -> 16848.93 | Y42: =SUM(Y10:Y40) -> 1202.1211 | Z42: =SUM(Z10:Z40) -> 18051.051 | AA42: =SUM(AA10:AA40) -> 5.42 | AB42: =AVERAGE(AB10:AB40) -> 78.677419 | AC42: =AVERAGE(AC10:AC40) -> 51.032258 | AD42: AVG
A43: MONTH / AF | D43: =SUM(D10:D40) -> -23453 | F43: =F42*$D$2 -> -23453 | G43: =G42*$D$2 -> 11222.782 | H43: =H42*$D$2 -> 0 | I43: =I42*$D$2 -> 11222.782 | J43: =J42*$D$2 -> 1128.478 | K43: =K42*$D$2 -> 12351.26 | L43: =L42*$D$2 -> -1255.9292 | M43: =M42*$D$2 -> 9454.1346 | ... S43: =S42*$D$2 -> 23466.788 | U43: =U42*$D$2 -> 6716.131 | V43: =V42*$D$2 -> 3236.9332 | W43: =W42*$D$2 -> 2007.1632 | X43: =X42*$D$2 -> 33419.853 | Y43: =Y42*$D$2 -> 2384.4072 | Z43: =Z42*$D$2 -> 35804.26 | AB43: =MAX(AB10:AB40) -> 86 | AC43: =MAX(AC10:AC40) -> 56 | AD43: HI
A45: SEASON / CFS | F45: =F7+F42 -> -10948.828 | G45: =G7+G42 -> 65057.35 | H45: =H7+H42 -> 1182.853 | I45: =I7+I42 -> 66240.203 | J45: =J7+J42 -> 2626.2382 | K45: =K7+K42 -> 68866.441 | L45: =L7+L42 -> -5063.0378 | M45: =M7+M42 -> 26259.77 | ... S45: =S7+S42 -> 55025.543 | T45: =T40 -> 11214.66 | U45: =U7+U42 -> 11654 | V45: =V7+V42 -> 5446.45 | W45: =W7+W42 -> 2404.01 | X45: =X7+X42 -> 72125.993 | Y45: =Y7+Y42 -> 7689.276 | Z45: =Z7+Z42 -> 79815.269 | AB45: =MIN(AB10:AB40) -> 61 | AC45: =MIN(AC10:AC40) -> 47 | AD45: LO
A46: SEASON / AF | F46: =F45*$D$2 -> -21717 | G46: =G45*$D$2 -> 129041.25 | H46: =H45*$D$2 -> 2346.1889 | I46: =I45*$D$2 -> 131387.44 | J46: =J45*$D$2 -> 5209.1434 | K46: =K45*$D$2 -> 136596.59 | L46: =L45*$D$2 -> -10042.536 | M46: =M45*$D$2 -> 52086.254 | ... Z46: =Z45*$D$2 -> 158313.59
A48: YTD / CFS | F48: =F8+F42 -> -22713.385 | G48: =G8+G42 -> 70183.506 | H48: =H8+H42 -> 1182.853 | I48: =I8+I42 -> 71772.849 | J48: =J8+J42 -> 2971.1459 | K48: =K8+K42 -> 74670.409 | L48: =L8+L42 -> -6282.5114 | M48: =M8+M42 -> 27661.41 | ... S48: =S8+S42 -> 61005.163 | T48: =T45 -> 11214.66 | U48: =U8+U42 -> 11654 | V48: =V8+V42 -> 15544.48 | W48: =W45 -> 2404.01 | X48: =X8+X42 -> 88203.723 | Y48: =Y8+Y42 -> 9253.6574 | Z48: =Z8+Z42 -> 97457.38 | AA48: =AA8+AA42 -> 17.513
A49: YTD / AF | D49: =D8+D43 -> -45052 | E49: =E40 -> 99433 | F49: =F48*$D$2 -> -45052 | G49: =G48*$D$2 -> 139208.98 | H49: =H48*$D$2 -> 2346.1889 | I49: =I48*$D$2 -> 142361.45 | J49: =J48*$D$2 -> 5893.268 | K49: =K48*$D$2 -> 148108.76 | L49: =L48*$D$2 -> -12461.361 | M49: =M48*$D$2 -> 54866.407 | ... Z49: =Z48*$D$2 -> 193306.71

Sheet SEP
K1: MC PHEE RESERVOIR IN/OUT FLOW TABULATION
A2: AF/cfs CONVERT FACTOR | D2: 1.9835 | K2: SEPTEMBER "1990"
A4: DATE | B4: RESERV | C4: RESERV | D4: AC FT | E4: ACTIVE | F4: CONV TO | G4: DOLORES | H4: LOST | I4: RECORDED | J4: CALC | K4: TOTAL | L4: CALC | M4: TUNNEL | Q4: LONE | R4: U | S4: TOTAL | T4: MVI | U4: DV CR | V4: BELOW | W4: FISH | X4: RECORDED | Y4: CALC | Z4: TOTAL | AA4: RAIN | AB4: MAX | AC4: MIN | AD4: DATE
A5: "SEP" | B5: ELEV | C5: AC FT | D5: CHANGE | E5: CAP | F5: CFS | G5: RIVER | H5: CANYON | I5: INFLOW | J5: INFLOW | K5: INFLOW | L5: INF/OTF | M5: TOT DIV | N5: WETLAND | O5: UTE F&R | P5: MVI,CTZ | Q5: PINE | R5: LAT | S5: MVI | T5: CALL | U5: CANAL | V5: MC PHEE | W5: LOAN | X5: OUTFLOW | Y5: OUTFLOW | Z5: OUTFLOW | AB5: TMP | AC5: TMP | AD5: "SEP"
A7: SEASON BAL | F7: =AUG!F45 -> -10948.828 | G7: =AUG!G45 -> 65057.35 | H7: =AUG!H45 -> 1182.853 | I7: =AUG!I45 -> 66240.203 | J7: =AUG!J45 -> 2626.2382 | K7: =AUG!K45 -> 68866.441 | L7: =AUG!L45 -> -5063.0378 | M7: =AUG!M45 -> 26259.77 | ... Z7: =AUG!Z45 -> 79815.269
A8: YTD | B8: =AUG!B40 -> 6890.96 | C8: =AUG!C40 -> 251433 | D8: =AUG!D49 -> -45052 | E8: =AUG!E49 -> 99433 | F8: =AUG!F48 -> -22713.385 | G8: =AUG!G48 -> 70183.506 | H8: =AUG!H48 -> 1182.853 | I8: =AUG!I48 -> 71772.849 | J8: =AUG!J48 -> 2971.1459 | K8: =AUG!K48 -> 74670.409 | L8: =AUG!L48 -> -6282.5114 | M8: =AUG!M48 -> 27661.41 | ... V8: =AUG!V48 -> 15544.48 | W8: =AUG!W49 -> 4768.3538 | X8: =AUG!X48 -> 88203.723 | Y8: =AUG!Y48 -> 9253.6574 | Z8: =AUG!Z48 -> 97457.38 | AA8: =AUG!AA48 -> 17.513
AB9: 0
A10: 1 | B10: 6890.7 | C10: 250549 | D10: =C10-C8 -> -884 | E10: =C10-151978 -> 98571 | F10: =D10/$D$2 -> -445.67683 | G10: 143 | H10: 0 | I10: =G10+H10 -> 143 | J10: =IF(L10>0,L10,0) -> 0 | K10: =I10+J10 -> 143 | L10: =F10-(I10-X10) -> -38.176834 | M10: 174.38 | N10: 0 | O10: 0 | P10: =M10-(N10+O10) -> 174.38 | Q10: 152.81 | R10: 73.81 | S10: =SUM(P10:R10) -> 401 | T10: =(I10-S10)+T7 -> 10956.66 | U10: 98 | V10: 51.5 | W10: =V10-20 -> 31.5 | X10: =N10+O10+S10+U10+V10 -> 550.5 | Y10: =IF(L10<0,L10*-1,0) -> 38.176834 | Z10: =X10+Y10 -> 588.67683 | AA10: 0 | AB10: 86 | AC10: 53 | AD10: 1
A11: 2 | B11: 6890.43 | C11: 249630 | D11: =C11-C10 -> -919 | E11: =C11-151978 -> 97652 | F11: =D11/$D$2 -> -463.32241 | G11: 140.18 | H11: 0 | I11: =G11+H11 -> 140.18 | J11: =IF(L11>0,L11,0) -> 0 | K11: =I11+J11 -> 140.18 | L11: =F11-(I11-X11) -> -48.93241 | M11: 173.78 | N11: 0 | O11: 0 | P11: =M11-(N11+O11) -> 173.78 | Q11: 152.42 | R11: 73.8 | S11: =SUM(P11:R11) -> 400 | T11: =(I11-S11)+T10 -> 10696.84 | U11: 103 | V11: 51.57 | W11: =V11-20 -> 31.57 | X11: =N11+O11+S11+U11+V11 -> 554.57 | Y11: =IF(L11<0,L11*-1,0) -> 48.93241 | Z11: =X11+Y11 -> 603.50241 | AA11: 0.2 | AB11: 85 | AC11: 55 | AD11: 2
A12: 3 | B12: 6890.16 | C12: 248712 | D12: =C12-C11 -> -918 | E12: =C12-151978 -> 96734 | F12: =D12/$D$2 -> -462.81825 | G12: 139.1 | H12: 0 | I12: =G12+H12 -> 139.1 | J12: =IF(L12>0,L12,0) -> 0 | K12: =I12+J12 -> 139.1 | L12: =F12-(I12-X12) -> -45.258251 | M12: 173.6 | N12: 0 | O12: 0 | P12: =M12-(N12+O12) -> 173.6 | Q12: 151.79 | R12: 73.61 | S12: =SUM(P12:R12) -> 399 | T12: =(I12-S12)+T11 -> 10436.94 | U12: 106 | V12: 51.66 | W12: =V12-20 -> 31.66 | X12: =N12+O12+S12+U12+V12 -> 556.66 | Y12: =IF(L12<0,L12*-1,0) -> 45.258251 | Z12: =X12+Y12 -> 601.91825 | AA12: 0 | AB12: 84 | AC12: 53 | AD12: 3
A13: 4 | B13: 6889.96 | C13: 248033 | D13: =C13-C12 -> -679 | E13: =C13-151978 -> 96055 | F13: =D13/$D$2 -> -342.32417 | G13: 153.94 | H13: 0 | I13: =G13+H13 -> 153.94 | J13: =IF(L13>0,L13,0) -> 63.235826 | K13: =I13+J13 -> 217.17583 | L13: =F13-(I13-X13) -> 63.235826 | M13: 173.6 | N13: 0 | O13: 0 | P13: =M13-(N13+O13) -> 173.6 | Q13: 151.17 | R13: 73.23 | S13: =SUM(P13:R13) -> 398 | T13: =(I13-S13)+T12 -> 10192.88 | U13: 120 | V13: 41.5 | W13: =V13-20 -> 21.5 | X13: =N13+O13+S13+U13+V13 -> 559.5 | Y13: =IF(L13<0,L13*-1,0) -> 0 | Z13: =X13+Y13 -> 559.5 | AA13: 0.21 | AB13: 76 | AC13: 52 | AD13: 4
A14: 5 | B14: 6889.75 | C14: 247326 | D14: =C14-C13 -> -707 | E14: =C14-151978 -> 95348 | F14: =D14/$D$2 -> -356.44064 | G14: 180.01 | H14: 0 | I14: =G14+H14 -> 180.01 | J14: =IF(L14>0,L14,0) -> 0 | K14: =I14+J14 -> 180.01 | L14: =F14-(I14-X14) -> -33.590635 | M14: 173.48 | N14: 0 | O14: 0 | P14: =M14-(N14+O14) -> 173.48 | Q14: 151.44 | R14: 74.08 | S14: =SUM(P14:R14) -> 399 | T14: =(I14-S14)+T13 -> 9973.89 | U14: 72 | V14: 31.86 | W14: =V14-20 -> 11.86 | X14: =N14+O14+S14+U14+V14 -> 502.86 | Y14: =IF(L14<0,L14*-1,0) -> 33.590635 | Z14: =X14+Y14 -> 536.45064 | AA14: 0.02 | AB14: 73 | AC14: 52 | AD14: 5
A15: 6 | B15: 6889.61 | C15: 246855 | D15: =C15-C14 -> -471 | E15: =C15-151978 -> 94877 | F15: =D15/$D$2 -> -237.45904 | G15: 205.54 | H15: 0 | I15: =G15+H15 -> 205.54 | J15: =IF(L15>0,L15,0) -> 9.8609629 | K15: =I15+J15 -> 215.40096 | L15: =F15-(I15-X15) -> 9.8609629 | M15: 157.95 | N15: 0 | O15: 0 | P15: =M15-(N15+O15) -> 157.95 | Q15: 101.54 | R15: 73.51 | S15: =SUM(P15:R15) -> 333 | T15: =(I15-S15)+T14 -> 9846.43 | U15: 88 | V15: 31.86 | W15: =V15-20 -> 11.86 | X15: =N15+O15+S15+U15+V15 -> 452.86 | Y15: =IF(L15<0,L15*-1,0) -> 0 | Z15: =X15+Y15 -> 452.86 | AA15: 0 | AB15: 76 | AC15: 50 | AD15: 6
A16: 7 | B16: 6889.46 | C16: 246350 | D16: =C16-C15 -> -505 | E16: =C16-151978 -> 94372 | F16: =D16/$D$2 -> -254.60045 | G16: 190.54 | H16: 0 | I16: =G16+H16 -> 190.54 | J16: =IF(L16>0,L16,0) -> 0 | K16: =I16+J16 -> 190.54 | L16: =F16-(I16-X16) -> -34.240454 | M16: 151.9 | N16: 0 | O16: 0 | P16: =M16-(N16+O16) -> 151.9 | Q16: 78.16 | R16: 73.94 | S16: =SUM(P16:R16) -> 304 | T16: =(I16-S16)+T15 -> 9732.97 | U16: 75 | V16: 31.9 | W16: =V16-20 -> 11.9 | X16: =N16+O16+S16+U16+V16 -> 410.9 | Y16: =IF(L16<0,L16*-1,0) -> 34.240454 | Z16: =X16+Y16 -> 445.14045 | AA16: 0 | AB16: 78 | AC16: 50 | AD16: 7
A17: 8 | B17: 6889.31 | C17: 245845 | D17: =C17-C16 -> -505 | E17: =C17-151978 -> 93867 | F17: =D17/$D$2 -> -254.60045 | G17: 204.28 | H17: 0 | I17: =G17+H17 -> 204.28 | J17: =IF(L17>0,L17,0) -> 0 | K17: =I17+J17 -> 204.28 | L17: =F17-(I17-X17) -> -45.970454 | M17: 151.9 | N17: 0 | O17: 0 | P17: =M17-(N17+O17) -> 151.9 | Q17: 77.97 | R17: 73.13 | S17: =SUM(P17:R17) -> 303 | T17: =(I17-S17)+T16 -> 9634.25 | U17: 78 | V17: 31.91 | W17: =V17-20 -> 11.91 | X17: =N17+O17+S17+U17+V17 -> 412.91 | Y17: =IF(L17<0,L17*-1,0) -> 45.970454 | Z17: =X17+Y17 -> 458.88045 | AA17: 0 | AB17: 81 | AC17: 50 | AD17: 8
A18: 9 | B18: 6889.16 | C18: 245340 | D18: =C18-C17 -> -505 | E18: =C18-151978 -> 93362 | F18: =D18/$D$2 -> -254.60045 | G18: 188.22 | H18: 0 | I18: =G18+H18 -> 188.22 | J18: =IF(L18>0,L18,0) -> 0 | K18: =I18+J18 -> 188.22 | L18: =F18-(I18-X18) -> -42.920454 | M18: 151.85 | N18: 0 | O18: 0 | P18: =M18-(N18+O18) -> 151.85 | Q18: 77.88 | R18: 72.27 | S18: =SUM(P18:R18) -> 302 | T18: =(I18-S18)+T17 -> 9520.47 | U18: 66 | V18: 31.9 | W18: =V18-20 -> 11.9 | X18: =N18+O18+S18+U18+V18 -> 399.9 | Y18: =IF(L18<0,L18*-1,0) -> 42.920454 | Z18: =X18+Y18 -> 442.82045 | AA18: 0 | AB18: 80 | AC18: 50 | AD18: 9
A19: 10 | B19: 6889.02 | C19: 244869 | D19: =C19-C18 -> -471 | E19: =C19-151978 -> 92891 | F19: =D19/$D$2 -> -237.45904 | G19: 172.06 | H19: 0.01 | I19: =G19+H19 -> 172.07 | J19: =IF(L19>0,L19,0) -> 0 | K19: =I19+J19 -> 172.07 | L19: =F19-(I19-X19) -> -6.6390371 | M19: 151.39 | N19: 0 | O19: 0 | P19: =M19-(N19+O19) -> 151.39 | Q19: 77.66 | R19: 72.95 | S19: =SUM(P19:R19) -> 302 | T19: =(I19-S19)+T18 -> 9390.54 | U19: 69 | V19: 31.89 | W19: =V19-20 -> 11.89 | X19: =N19+O19+S19+U19+V19 -> 402.89 | Y19: =IF(L19<0,L19*-1,0) -> 6.6390371 | Z19: =X19+Y19 -> 409.52904 | AA19: 0 | AB19: 81 | AC19: 49 | AD19: 10
A20: 11 | B20: 3888.83 | C20: 244235 | D20: =C20-C19 -> -634 | E20: =C20-151978 -> 92257 | F20: =D20/$D$2 -> -319.63701 | G20: 163.9 | H20: 0 | I20: =G20+H20 -> 163.9 | J20: =IF(L20>0,L20,0) -> 0 | K20: =I20+J20 -> 163.9 | L20: =F20-(I20-X20) -> -84.547005 | M20: 151.46 | N20: 0 | O20: 0 | P20: =M20-(N20+O20) -> 151.46 | Q20: 77.45 | R20: 73.09 | S20: =SUM(P20:R20) -> 302 | T20: =(I20-S20)+T19 -> 9252.44 | U20: 65 | V20: 31.99 | W20: =V20-20 -> 11.99 | X20: =N20+O20+S20+U20+V20 -> 398.99 | Y20: =IF(L20<0,L20*-1,0) -> 84.547005 | Z20: =X20+Y20 -> 483.53701 | AA20: 0 | AB20: 86 | AC20: 50 | AD20: 11
A21: 12 | B21: 6888.65 | C21: 243635 | D21: =C21-C20 -> -600 | E21: =C21-151978 -> 91657 | F21: =D21/$D$2 -> -302.49559 | G21: 153.13 | H21: 0 | I21: =G21+H21 -> 153.13 | J21: =IF(L21>0,L21,0) -> 0 | K21: =I21+J21 -> 153.13 | L21: =F21-(I21-X21) -> -44.835589 | M21: 150.74 | N21: 0 | O21: 0 | P21: =M21-(N21+O21) -> 150.74 | Q21: 77.64 | R21: 72.62 | S21: =SUM(P21:R21) -> 301 | T21: =(I21-S21)+T20 -> 9104.57 | U21: 78 | V21: 31.79 | W21: =V21-20 -> 11.79 | X21: =N21+O21+S21+U21+V21 -> 410.79 | Y21: =IF(L21<0,L21*-1,0) -> 44.835589 | Z21: =X21+Y21 -> 455.62559 | AA21: 0 | AB21: 85 | AC21: 53 | AD21: 12
A22: 13 | B22: 6888.59 | C22: 243402 | D22: =C22-C21 -> -233 | E22: =C22-151978 -> 91424 | F22: =D22/$D$2 -> -117.46912 | G22: 146.05 | H22: 0.01 | I22: =G22+H22 -> 146.06 | J22: =IF(L22>0,L22,0) -> 135.99088 | K22: =I22+J22 -> 282.05088 | L22: =F22-(I22-X22) -> 135.99088 | M22: 150.61 | N22: 0 | O22: 0 | P22: =M22-(N22+O22) -> 150.61 | Q22: 79.06 | R22: 72.33 | S22: =SUM(P22:R22) -> 302 | T22: =(I22-S22)+T21 -> 8948.63 | U22: 66 | V22: 31.52 | W22: =V22-20 -> 11.52 | X22: =N22+O22+S22+U22+V22 -> 399.52 | Y22: =IF(L22<0,L22*-1,0) -> 0 | Z22: =X22+Y22 -> 399.52 | AA22: 0 | AB22: 86 | AC22: 52 | AD22: 13
... A39: 30 | B39: 6887.32 | C39: 239227 | D39: =C39-C38 -> 65 | E39: =C39-151978 -> 87249 | F39: =D39/$D$2 -> 32.770355 | G39: 229.28 | H39: 0 | I39: =G39+H39 -> 229.28 | J39: =IF(L39>0,L39,0) -> 0 | K39: =I39+J39 -> 229.28 | L39: =F39-(I39-X39) -> -0.50964457 | M39: 95.7 | N39: 0 | O39: 0 | P39: =M39-(N39+O39) -> 95.7 | Q39: 52 | R39: 1.3 | S39: =SUM(P39:R39) -> 149 | T39: =(I39-S39)+T38 -> 8232.82 | U39: 18 | V39: 29 | W39: =V39-20 -> 9 | X39: =N39+O39+S39+U39+V39 -> 196 | Y39: =IF(L39<0,L39*-1,0) -> 0.50964457 | Z39: =X39+Y39 -> 196.50964 | AA39: 0.22 | AB39: 66 | AC39: 42 | AD39: 30
A41: MONTH / CFS | F41: =SUM(F10:F39) -> -6153.7686 | G41: =SUM(G10:G39) -> 5218.13 | H41: =SUM(H10:H39) -> 0.03 | I41: =SUM(I10:I39) -> 5218.16 | J41: =SUM(J10:J39) -> 224.10198 | K41: =SUM(K10:K39) -> 5442.262 | L41: =SUM(L10:L39) -> -538.09859 | M41: =SUM(M10:M39) -> 3847.67 | ... S41: =SUM(S10:S39) -> 8200 | U41: =SUM(U10:U39) -> 1630 | V41: =SUM(V10:V40) -> 1003.83 | W41: =SUM(W10:W39) -> 403.83 | X41: =SUM(X10:X39) -> 10833.83 | Y41: =SUM(Y10:Y39) -> 762.20057 | Z41: =SUM(Z10:Z39) -> 11596.031 | AA41: =SUM(AA10:AA39) -> 2.41 | AB41: =AVERAGE(AB10:AB39) -> 76.266667 | AC41: =AVERAGE(AC10:AC39) -> 48.366667 | AD41: AVG
A42: MONTH / AF | D42: =SUM(D10:D40) -> -12206 | F42: =F41*$D$2 -> -12206 | G42: =G41*$D$2 -> 10350.161 | H42: =H41*$D$2 -> 0.059505 | I42: =I41*$D$2 -> 10350.22 | J42: =J41*$D$2 -> 444.50628 | K42: =K41*$D$2 -> 10794.727 | L42: =L41*$D$2 -> -1067.3186 | M42: =M41*$D$2 -> 7631.8534 | ... S42: =S41*$D$2 -> 16264.7 | U42: =U41*$D$2 -> 3233.105 | V42: =V41*$D$2 -> 1991.0968 | W42: =W41*$D$2 -> 800.9968 | X42: =X41*$D$2 -> 21488.902 | Y42: =Y41*$D$2 -> 1511.8248 | Z42: =Z41*$D$2 -> 23000.727 | AB42: =MAX(AB10:AB39) -> 86 | AC42: =MAX(AC10:AC39) -> 55 | AD42: HI
A44: SEASON / CFS | F44: =F7+F41 -> -17102.596 | G44: =G7+G41 -> 70275.48 | H44: =H7+H41 -> 1182.883 | I44: =I7+I41 -> 71458.363 | J44: =J7+J41 -> 2850.3402 | K44: =K7+K41 -> 74308.703 | L44: =L7+L41 -> -5601.1364 | M44: =M7+M41 -> 30107.44 | ... S44: =S7+S41 -> 63225.543 | T44: =T39 -> 8232.82 | U44: =U7+U41 -> 13284 | V44: =V7+V41 -> 6450.28 | W44: =W7+W42 -> 3205.0068 | X44: =X7+X41 -> 82959.823 | Y44: =Y7+Y41 -> 8451.4766 | Z44: =Z7+Z41 -> 91411.3 | AB44: =MIN(AB10:AB39) -> 64 | AC44: =MIN(AC10:AC39) -> 39 | AD44: LO
A45: SEASON / AF | F45: =F44*$D$2 -> -33923 | G45: =G44*$D$2 -> 139391.41 | H45: =H44*$D$2 -> 2346.2484 | I45: =I44*$D$2 -> 141737.66 | J45: =J44*$D$2 -> 5653.6497 | K45: =K44*$D$2 -> 147391.31 | L45: =L44*$D$2 -> -11109.854 | M45: =M44*$D$2 -> 59718.107 | ... Z45: =Z44*$D$2 -> 181314.31
A47: YTD / CFS | F47: =F8+F41 -> -28867.154 | G47: =G8+G41 -> 75401.636 | H47: =H8+H41 -> 1182.883 | I47: =I8+I41 -> 76991.009 | J47: =J8+J41 -> 3195.2479 | K47: =K8+K41 -> 80112.671 | L47: =L8+L41 -> -6820.61 | M47: =M8+M41 -> 31509.08 | ... S47: =S8+S41 -> 69205.163 | T47: =T44 -> 8232.82 | U47: =U8+U41 -> 13284 | V47: =V8+V41 -> 16548.31 | W47: =W44 -> 3205.0068 | X47: =X8+X41 -> 99037.553 | Y47: =Y8+Y41 -> 10015.858 | Z47: =Z8+Z41 -> 109053.41 | AA47: =AA8+AA41 -> 19.923
A48: YTD / AF | D48: =D8+D42 -> -57258 | E48: =E39 -> 87249 | F48: =F47*$D$2 -> -57258 | G48: =G47*$D$2 -> 149559.15 | H48: =H47*$D$2 -> 2346.2484 | I48: =I47*$D$2 -> 152711.67 | J48: =J47*$D$2 -> 6337.7742 | K48: =K47*$D$2 -> 158903.48 | L48: =L47*$D$2 -> -13528.68 | M48: =M47*$D$2 -> 62498.26 | ... Z48: =Z47*$D$2 -> 216307.44

Sheet OCT
K1: MC PHEE RESERVOIR IN/OUT FLOW TABULATION
A2: AF/cfs CONVERT FACTOR | D2: 1.9835 | K2: OCTOBER "1990"
A4: DATE | B4: RESERV | C4: RESERV | D4: AC FT | E4: ACTIVE | F4: CONV TO | G4: DOLORES | H4: LOST | I4: RECORDED | J4: CALC | K4: TOTAL | L4: CALC | M4: TUNNEL | Q4: LONE | R4: U | S4: TOTAL | T4: MVI | U4: DV CR | V4: BELOW | W4: FISH | X4: RECORDED | Y4: CALC | Z4: TOTAL | AA4: RAIN | AB4: MAX | AC4: MIN | AD4: DATE
A5: "OCT" | B5: ELEV | C5: AC FT | D5: CHANGE | E5: CAP | F5: CFS | G5: RIVER | H5: CANYON | I5: INFLOW | J5: INFLOW | K5: INFLOW | L5: INF/OTF | M5: TOT DIV | N5: WETLAND | O5: UTE F&R | P5: MVI,CTZ | Q5: PINE | R5: LAT | S5: MVI | T5: CALL | U5: CANAL | V5: MC PHEE | W5: LOAN | X5: OUTFLOW | Y5: OUTFLOW | Z5: OUTFLOW | AB5: TMP | AC5: TMP | AD5: "OCT"
A7: SEASON BAL | F7: =SEP!F44 -> -17102.596 | G7: =SEP!G44 -> 70275.48 | H7: =SEP!H44 -> 1182.883 | I7: =SEP!I44 -> 71458.363 | J7: =SEP!J44 -> 2850.3402 | K7: =SEP!K44 -> 74308.703 | L7: =SEP!L44 -> -5601.1364 | M7: =SEP!M44 -> 30107.44 | ... Z7: =SEP!Z44 -> 91411.3
A8: YTD | B8: =SEP!B39 -> 6887.32 | C8: =SEP!C39 -> 239227 | D8: =SEP!D48 -> -57258 | E8: =SEP!E48 -> 87249 | F8: =SEP!F47 -> -28867.154 | G8: =SEP!G47 -> 75401.636 | H8: =SEP!H47 -> 1182.883 | I8: =SEP!I47 -> 76991.009 | J8: =SEP!J47 -> 3195.2479 | K8: =SEP!K47 -> 80112.671 | L8: =SEP!L47 -> -6820.61 | M8: =SEP!M47 -> 31509.08 | ... V8: =SEP!V47 -> 16548.31 | W8: =SEP!W48 -> 6357.131 | X8: =SEP!X47 -> 99037.553 | Y8: =SEP!Y47 -> 10015.858 | Z8: =SEP!Z47 -> 109053.41 | AA8: =SEP!AA47 -> 19.923
A10: 1 | B10: 6887.39 | C10: 239458 | D10: =C10-C8 -> 231 | E10: =C10-152000 -> 87458 | F10: =D10/$D$2 -> 116.4608 | G10: 275.49 | H10: 0 | I10: =G10+H10 -> 275.49 | J10: =IF(L10>0,L10,0) -> 0 | K10: =I10+J10 -> 275.49 | L10: =F10-(I10-X10) -> -0.029198387 | M10: 77.57 | N10: 0 | O10: 0 | P10: =M10-(N10+O10) -> 77.57 | Q10: 0 | R10: 32.43 | S10: =SUM(P10:R10) -> 110 | T10: =(I10-S10)+T7 -> 8398.31 | U10: 20 | V10: 29 | W10: =V10-20 -> 9 | X10: =N10+O10+S10+U10+V10 -> 159 | Y10: =IF(L10<0,L10*-1,0) -> 0.029198387 | Z10: =X10+Y10 -> 159.0292 | AA10: 0.51 | AB10: 68 | AC10: 47 | AD10: 1
A11: =A10+1 -> 2 | B11: 6887.45 | C11: 239656 | D11: =C11-C10 -> 198 | E11: =C11-152000 -> 87656 | F11: =D11/$D$2 -> 99.823544 | G11: 250.85 | H11: 0 | I11: =G11+H11 -> 250.85 | J11: =IF(L11>0,L11,0) -> 0 | K11: =I11+J11 -> 250.85 | L11: =F11-(I11-X11) -> -0.02645576 | M11: 77.57 | N11: 0 | O11: 0 | P11: =M11-(N11+O11) -> 77.57 | Q11: 0 | R11: 30.43 | S11: =SUM(P11:R11) -> 108 | T11: =(I11-S11)+T10 -> 8541.16 | U11: 14 | V11: 29 | W11: =V11-20 -> 9 | X11: =N11+O11+S11+U11+V11 -> 151 | Y11: =IF(L11<0,L11*-1,0) -> 0.02645576 | Z11: =X11+Y11 -> 151.02646 | AA11: 0.04 | AB11: 54 | AC11: 46 | AD11: =AD10+1 -> 2
A12: =A11+1 -> 3 | B12: 6887.5 | C12: 239821 | D12: =C12-C11 -> 165 | E12: =C12-152000 -> 87821 | F12: =D12/$D$2 -> 83.186287 | G12: 322.17 | H12: 0 | I12: =G12+H12 -> 322.17 | J12: =IF(L12>0,L12,0) -> 0 | K12: =I12+J12 -> 322.17 | L12: =F12-(I12-X12) -> -94.953713 | M12: 77.57 | N12: 0 | O12: 0 | P12: =M12-(N12+O12) -> 77.57 | Q12: 0 | R12: 25.43 | S12: =SUM(P12:R12) -> 103 | T12: =(I12-S12)+T11 -> 8760.33 | U12: 12 | V12: 29.03 | W12: =V12-20 -> 9.03 | X12: =N12+O12+S12+U12+V12 -> 144.03 | Y12: =IF(L12<0,L12*-1,0) -> 94.953713 | Z12: =X12+Y12 -> 238.98371 | AA12: 0 | AB12: 59 | AC12: 39 | AD12: =AD11+1 -> 3
A13: =A12+1 -> 4 | B13: 6887.553 | C13: 239986 | D13: =C13-C12 -> 165 | E13: =C13-152000 -> 87986 | F13: =D13/$D$2 -> 83.186287 | G13: 262.42 | H13: 0 | I13: =G13+H13 -> 262.42 | J13: =IF(L13>0,L13,0) -> 0 | K13: =I13+J13 -> 262.42 | L13: =F13-(I13-X13) -> -18.133713 | M13: 70.42 | N13: 0 | O13: 0 | P13: =M13-(N13+O13) -> 70.42 | Q13: 0 | R13: 25.58 | S13: =SUM(P13:R13) -> 96 | T13: =(I13-S13)+T12 -> 8926.75 | U13: 36 | V13: 29.1 | W13: =V13-20 -> 9.1 | X13: =N13+O13+S13+U13+V13 -> 161.1 | Y13: =IF(L13<0,L13*-1,0) -> 18.133713 | Z13: =X13+Y13 -> 179.23371 | AA13: 0 | AB13: 69 | AC13: 34 | AD13: =AD12+1 -> 4
A14: =A13+1 -> 5 | B14: 6887.6 | C14: 240151 | D14: =C14-C13 -> 165 | E14: =C14-152000 -> 88151 | F14: =D14/$D$2 -> 83.186287 | G14: 228.19 | H14: 0 | I14: =G14+H14 -> 228.19 | J14: =IF(L14>0,L14,0) -> 0 | K14: =I14+J14 -> 228.19 | L14: =F14-(I14-X14) -> -3.4437131 | M14: 67.3 | N14: 0 | O14: 0 | P14: =M14-(N14+O14) -> 67.3 | Q14: 0 | R14: 24.7 | S14: =SUM(P14:R14) -> 92 | T14: =(I14-S14)+T13 -> 9062.94 | U14: 21 | V14: 28.56 | W14: =V14-20 -> 8.56 | X14: =N14+O14+S14+U14+V14 -> 141.56 | Y14: =IF(L14<0,L14*-1,0) -> 3.4437131 | Z14: =X14+Y14 -> 145.00371 | AA14: 0 | AB14: 70 | AC14: 38 | AD14: =AD13+1 -> 5
A15: =A14+1 -> 6 | B15: 6887.64 | C15: 240282 | D15: =C15-C14 -> 131 | E15: =C15-152000 -> 88282 | F15: =D15/$D$2 -> 66.04487 | G15: 206.96 | H15: 0 | I15: =G15+H15 -> 206.96 | J15: =IF(L15>0,L15,0) -> 0 | K15: =I15+J15 -> 206.96 | L15: =F15-(I15-X15) -> -2.4051298 | M15: 67.3 | N15: 0 | O15: 0 | P15: =M15-(N15+O15) -> 67.3 | Q15: 0 | R15: 25.7 | S15: =SUM(P15:R15) -> 93 | T15: =(I15-S15)+T14 -> 9176.9 | U15: 18 | V15: 27.51 | W15: =V15-20 -> 7.51 | X15: =N15+O15+S15+U15+V15 -> 138.51 | Y15: =IF(L15<0,L15*-1,0) -> 2.4051298 | Z15: =X15+Y15 -> 140.91513 | AA15: 0 | AB15: 67 | AC15: 39 | AD15: =AD14+1 -> 6
A16: =A15+1 -> 7 | B16: 6887.68 | C16: 240414 | D16: =C16-C15 -> 132 | E16: =C16-152000 -> 88414 | F16: =D16/$D$2 -> 66.549029 | G16: 198.53 | H16: 0 | I16: =G16+H16 -> 198.53 | J16: =IF(L16>0,L16,0) -> 0 | K16: =I16+J16 -> 198.53 | L16: =F16-(I16-X16) -> -8.3209705 | M16: 67.22 | N16: 0 | O16: 0 | P16: =M16-(N16+O16) -> 67.22 | Q16: 0 | R16: 26.78 | S16: =SUM(P16:R16) -> 94 | T16: =(I16-S16)+T15 -> 9281.43 | U16: 2 | V16: 27.66 | W16: =V16-20 -> 7.66 | X16: =N16+O16+S16+U16+V16 -> 123.66 | Y16: =IF(L16<0,L16*-1,0) -> 8.3209705 | Z16: =X16+Y16 -> 131.98097 | AA16: 0.36 | AB16: 56 | AC16: 46 | AD16: =AD15+1 -> 7
A17: =A16+1 -> 8 | B17: 6887.74 | C17: 240612 | D17: =C17-C16 -> 198 | E17: =C17-152000 -> 88612 | F17: =D17/$D$2 -> 99.823544 | G17: 304.23 | H17: 0 | I17: =G17+H17 -> 304.23 | J17: =IF(L17>0,L17,0) -> 0 | K17: =I17+J17 -> 304.23 | L17: =F17-(I17-X17) -> -83.356456 | M17: 64.78 | N17: 0 | O17: 0 | P17: =M17-(N17+O17) -> 64.78 | Q17: 0 | R17: 24.22 | S17: =SUM(P17:R17) -> 89 | T17: =(I17-S17)+T16 -> 9496.66 | U17: 5 | V17: 27.05 | W17: =V17-20 -> 7.05 | X17: =N17+O17+S17+U17+V17 -> 121.05 | Y17: =IF(L17<0,L17*-1,0) -> 83.356456 | Z17: =X17+Y17 -> 204.40646 | AA17: 0 | AB17: 44 | AC17: 30 | AD17: =AD16+1 -> 8
A18: =A17+1 -> 9 | B18: 6887.8 | C18: 240810 | D18: =C18-C17 -> 198 | E18: =C18-152000 -> 88810 | F18: =D18/$D$2 -> 99.823544 | G18: 271.11 | H18: 0 | I18: =G18+H18 -> 271.11 | J18: =IF(L18>0,L18,0) -> 0 | K18: =I18+J18 -> 271.11 | L18: =F18-(I18-X18) -> -58.386456 | M18: 61.6 | N18: 0 | O18: 0 | P18: =M18-(N18+O18) -> 61.6 | Q18: 0 | R18: 19.4 | S18: =SUM(P18:R18) -> 81 | T18: =(I18-S18)+T17 -> 9686.77 | U18: 0 | V18: 31.9 | W18: =V18-20 -> 11.9 | X18: =N18+O18+S18+U18+V18 -> 112.9 | Y18: =IF(L18<0,L18*-1,0) -> 58.386456 | Z18: =X18+Y18 -> 171.28646 | AA18: 0 | AB18: 52 | AC18: 24 | AD18: =AD17+1 -> 9
A19: =A18+1 -> 10 | B19: 6887.87 | C19: 241041 | D19: =C19-C18 -> 231 | E19: =C19-152000 -> 89041 | F19: =D19/$D$2 -> 116.4608 | G19: 233.95 | H19: 0 | I19: =G19+H19 -> 233.95 | J19: =IF(L19>0,L19,0) -> 0 | K19: =I19+J19 -> 233.95 | L19: =F19-(I19-X19) -> -5.5491984 | M19: 59.5 | N19: 0 | O19: 0 | P19: =M19-(N19+O19) -> 59.5 | Q19: 0 | R19: 20.54 | S19: =SUM(P19:R19) -> 80.04 | T19: =(I19-S19)+T18 -> 9840.68 | U19: 0 | V19: 31.9 | W19: =V19-20 -> 11.9 | X19: =N19+O19+S19+U19+V19 -> 111.94 | Y19: =IF(L19<0,L19*-1,0) -> 5.5491984 | Z19: =X19+Y19 -> 117.4892 | AA19: 0 | AB19: 56 | AC19: 22 | AD19: =AD18+1 -> 10
A20: =A19+1 -> 11 | B20: 6887.92 | C20: 241205 | D20: =C20-C19 -> 164 | E20: =C20-152000 -> 89205 | F20: =D20/$D$2 -> 82.682128 | G20: 218.99 | H20: 0 | I20: =G20+H20 -> 218.99 | J20: =IF(L20>0,L20,0) -> 0 | K20: =I20+J20 -> 218.99 | L20: =F20-(I20-X20) -> -28.407872 | M20: 55.25 | N20: 0 | O20: 0 | P20: =M20-(N20+O20) -> 55.25 | Q20: 0 | R20: 20.75 | S20: =SUM(P20:R20) -> 76 | T20: =(I20-S20)+T19 -> 9983.67 | U20: 0 | V20: 31.9 | W20: =V20-20 -> 11.9 | X20: =N20+O20+S20+U20+V20 -> 107.9 | Y20: =IF(L20<0,L20*-1,0) -> 28.407872 | Z20: =X20+Y20 -> 136.30787 | AA20: 0 | AB20: 59 | AC20: 25 | AD20: =AD19+1 -> 11
A21: =A20+1 -> 12 | B21: 6887.95 | C21: 241304 | D21: =C21-C20 -> 99 | E21: =C21-152000 -> 89304 | F21: =D21/$D$2 -> 49.911772 | G21: 203.93 | H21: 0 | I21: =G21+H21 -> 203.93 | J21: =IF(L21>0,L21,0) -> 0 | K21: =I21+J21 -> 203.93 | L21: =F21-(I21-X21) -> -47.118228 | M21: 55.49 | N21: 0 | O21: 0 | P21: =M21-(N21+O21) -> 55.49 | Q21: 0 | R21: 19.51 | S21: =SUM(P21:R21) -> 75 | T21: =(I21-S21)+T20 -> 10112.6 | U21: 0 | V21: 31.9 | W21: =V21-20 -> 11.9 | X21: =N21+O21+S21+U21+V21 -> 106.9 | Y21: =IF(L21<0,L21*-1,0) -> 47.118228 | Z21: =X21+Y21 -> 154.01823 | AA21: 0 | AB21: 61 | AC21: 26 | AD21: =AD20+1 -> 12
A22: =A21+1 -> 13 | B22: 6887.95 | C22: 241304 | D22: =C22-C21 -> 0 | E22: =C22-152000 -> 89304 | F22: =D22/$D$2 -> 0 | G22: 188 | H22: 0 | I22: =G22+H22 -> 188 | J22: =IF(L22>0,L22,0) -> 0 | K22: =I22+J22 -> 188 | L22: =F22-(I22-X22) -> -80.1 | M22: 55.53 | N22: 0 | O22: 0 | P22: =M22-(N22+O22) -> 55.53 | Q22: 0 | R22: 20.47 | S22: =SUM(P22:R22) -> 76 | T22: =(I22-S22)+T21 -> 10224.6 | U22: 0 | V22: 31.9 | W22: =V22-20 -> 11.9 | X22: =N22+O22+S22+U22+V22 -> 107.9 | Y22: =IF(L22<0,L22*-1,0) -> 80.1 | Z22: =X22+Y22 -> 188 | AA22: 0 | AB22: 60 | AC22: 25 | AD22: =AD21+1 -> 13
... A33: =A32+1 -> 24 | B33: 6887.14 | C33: 238634 | D33: =C33-C32 -> 99 | E33: =C33-152000 -> 86634 | F33: =D33/$D$2 -> 49.911772 | G33: 129 | H33: 0 | I33: =G33+H33 -> 129 | J33: =IF(L33>0,L33,0) -> 22.911772 | K33: =I33+J33 -> 151.91177 | L33: =F33-(I33-X33) -> 22.911772 | M33: 48.8 | N33: 0 | O33: 0 | P33: =M33-(N33+O33) -> 48.8 | Q33: 0 | R33: 21.2 | S33: =SUM(P33:R33) -> 70 | T33: =(I33-S33)+T32 -> 9271.41 | U33: 0 | V33: 32 | W33: =V33-20 -> 12 | X33: =N33+O33+S33+U33+V33 -> 102 | Y33: =IF(L33<0,L33*-1,0) -> 0 | Z33: =X33+Y33 -> 102 | AA33: 0 | AB33: 63 | AC33: 29 | AD33: =AD32+1 -> 24
A34: 25 | B34: 6887.15 | C34: 238667 | D34: =C34-C33 -> 33 | E34: =C34-152000 -> 86667 | F34: =D34/$D$2 -> 16.637257 | G34: 128.36 | H34: 0 | I34: =G34+H34 -> 128.36 | J34: =IF(L34>0,L34,0) -> 0 | K34: =I34+J34 -> 128.36 | L34: =F34-(I34-X34) -> -11.002743 | M34: 48.8 | N34: 0 | O34: 0 | P34: =M34-(N34+O34) -> 48.8 | Q34: 0 | R34: 21.2 | S34: =SUM(P34:R34) -> 70 | T34: =(I34-S34)+T33 -> 9329.77 | U34: 0 | V34: 30.72 | W34: =V34-20 -> 10.72 | X34: =N34+O34+S34+U34+V34 -> 100.72 | Y34: =IF(L34<0,L34*-1,0) -> 11.002743 | Z34: =X34+Y34 -> 111.72274 | AA34: 0 | AB34: 62 | AC34: 29 | AD34: 25
A35: 26 | B35: 6887.16 | C35: 238700 | D35: =C35-C34 -> 33 | E35: =C35-152000 -> 86700 | F35: =D35/$D$2 -> 16.637257 | G35: 131.23 | H35: 0 | I35: =G35+H35 -> 131.23 | J35: =IF(L35>0,L35,0) -> 0 | K35: =I35+J35 -> 131.23 | L35: =F35-(I35-X35) -> -15.092743 | M35: 48.8 | N35: 0 | O35: 0 | P35: =M35-(N35+O35) -> 48.8 | Q35: 0 | R35: 20.2 | S35: =SUM(P35:R35) -> 69 | T35: =(I35-S35)+T34 -> 9392 | U35: 0 | V35: 30.5 | W35: =V35-20 -> 10.5 | X35: =N35+O35+S35+U35+V35 -> 99.5 | Y35: =IF(L35<0,L35*-1,0) -> 15.092743 | Z35: =X35+Y35 -> 114.59274 | AA35: 0 | AB35: 67 | AC35: 25 | AD35: 26
A36: 27 | B36: 6887.17 | C36: 238733 | D36: =C36-C35 -> 33 | E36: =C36-152000 -> 86733 | F36: =D36/$D$2 -> 16.637257 | G36: 129.37 | H36: 0 | I36: =G36+H36 -> 129.37 | J36: =IF(L36>0,L36,0) -> 0 | K36: =I36+J36 -> 129.37 | L36: =F36-(I36-X36) -> -14.332743 | M36: 48.8 | N36: 0 | O36: 0 | P36: =M36-(N36+O36) -> 48.8 | Q36: 0 | R36: 19.2 | S36: =SUM(P36:R36) -> 68 | T36: =(I36-S36)+T35 -> 9453.37 | U36: 0 | V36: 30.4 | W36: =V36-20 -> 10.4 | X36: =N36+O36+S36+U36+V36 -> 98.4 | Y36: =IF(L36<0,L36*-1,0) -> 14.332743 | Z36: =X36+Y36 -> 112.73274 | AA36: 0 | AB36: 64 | AC36: 28 | AD36: 27
A37: 28 | B37: 6887.18 | C37: 238766 | D37: =C37-C36 -> 33 | E37: =C37-152000 -> 86766 | F37: =D37/$D$2 -> 16.637257 | G37: 125.97 | H37: 0 | I37: =G37+H37 -> 125.97 | J37: =IF(L37>0,L37,0) -> 0 | K37: =I37+J37 -> 125.97 | L37: =F37-(I37-X37) -> -10.002743 | M37: 48.8 | N37: 0 | O37: 0 | P37: =M37-(N37+O37) -> 48.8 | Q37: 0 | R37: 20.2 | S37: =SUM(P37:R37) -> 69 | T37: =(I37-S37)+T36 -> 9510.34 | U37: 0 | V37: 30.33 | W37: =V37-20 -> 10.33 | X37: =N37+O37+S37+U37+V37 -> 99.33 | Y37: =IF(L37<0,L37*-1,0) -> 10.002743 | Z37: =X37+Y37 -> 109.33274 | AA37: 0 | AB37: 66 | AC37: 30 | AD37: 28
A38: 29 | B38: 6887.19 | C38: 238799 | D38: =C38-C37 -> 33 | E38: =C38-152000 -> 86799 | F38: =D38/$D$2 -> 16.637257 | G38: 124.28 | H38: 0 | I38: =G38+H38 -> 124.28 | J38: =IF(L38>0,L38,0) -> 0 | K38: =I38+J38 -> 124.28 | L38: =F38-(I38-X38) -> -8.1427426 | M38: 48.8 | N38: 0 | O38: 0 | P38: =M38-(N38+O38) -> 48.8 | Q38: 0 | R38: 20.2 | S38: =SUM(P38:R38) -> 69 | T38: =(I38-S38)+T37 -> 9565.62 | U38: 0 | V38: 30.5 | W38: =V38-20 -> 10.5 | X38: =N38+O38+S38+U38+V38 -> 99.5 | Y38: =IF(L38<0,L38*-1,0) -> 8.1427426 | Z38: =X38+Y38 -> 107.64274 | AA38: 0 | AB38: 64 | AC38: 34 | AD38: 29
A39: 30 | B39: 6887.2 | C39: 238832 | D39: =C39-C38 -> 33 | E39: =C39-152000 -> 86832 | F39: =D39/$D$2 -> 16.637257 | G39: 118.98 | H39: 0 | I39: =G39+H39 -> 118.98 | J39: =IF(L39>0,L39,0) -> 0 | K39: =I39+J39 -> 118.98 | L39: =F39-(I39-X39) -> -3.8427426 | M39: 48.8 | N39: 0 | O39: 0 | P39: =M39-(N39+O39) -> 48.8 | Q39: 0 | R39: 19.2 | S39: =SUM(P39:R39) -> 68 | T39: =(I39-S39)+T38 -> 9616.6 | U39: 0 | V39: 30.5 | W39: =V39-20 -> 10.5 | X39: =N39+O39+S39+U39+V39 -> 98.5 | Y39: =IF(L39<0,L39*-1,0) -> 3.8427426 | Z39: =X39+Y39 -> 102.34274 | AA39: 0 | AB39: 66 | AC39: 33 | AD39: 30
A40: 31 | B40: 6887.21 | C40: 238865 | D40: =C40-C39 -> 33 | E40: =C40-152000 -> 86865 | F40: =D40/$D$2 -> 16.637257 | G40: 115.2 | H40: 0 | I40: =G40+H40 -> 115.2 | J40: =IF(L40>0,L40,0) -> 0.90725737 | K40: =I40+J40 -> 116.10726 | L40: =F40-(I40-X40) -> 0.90725737 | M40: 48.8 | N40: 0 | O40: 0 | P40: =M40-(N40+O40) -> 48.8 | Q40: 0 | R40: 20.2 | S40: =SUM(P40:R40) -> 69 | T40: =(I40-S40)+T39 -> 9662.8 | U40: 0 | V40: 30.47 | W40: =V40-20 -> 10.47 | X40: =N40+O40+S40+U40+V40 -> 99.47 | Y40: =IF(L40<0,L40*-1,0) -> 0 | Z40: =X40+Y40 -> 99.47 | AA40: 0 | AB40: 62 | AC40: 35 | AD40: 31
H41: 0 | M41: 0 | R41: 0 | V41: 0
A42: MONTH / CFS | F42: =SUM(F10:F40) -> -182.50567 | G42: =SUM(G10:G40) -> 5575.82 | H42: =SUM(H10:H40) -> 0 | I42: =SUM(I10:I40) -> 5575.82 | J42: =SUM(J10:J40) -> 188.24175 | K42: =SUM(K10:K40) -> 5764.0618 | L42: =SUM(L10:L40) -> -502.74567 | M42: =SUM(M10:M40) -> 1790.17 | ... S42: =SUM(S10:S40) -> 4145.84 | U42: =SUM(U10:U40) -> 158 | V42: =SUM(V10:V40) -> 951.74 | W42: =SUM(W10:W40) -> 331.74 | X42: =SUM(X10:X40) -> 5255.58 | Y42: =SUM(Y10:Y40) -> 690.98743 | Z42: =SUM(Z10:Z40) -> 5946.5674 | AA42: =SUM(AA10:AA40) -> 1.31 | AB42: =AVERAGE(AB10:AB40) -> 61.258065 | AC42: =AVERAGE(AC10:AC40) -> 29.870968 | AD42: AVG
A43: MONTH / AF | D43: =SUM(D10:D40) -> -362 | F43: =F42*$D$2 -> -362 | G43: =G42*$D$2 -> 11059.639 | H43: =H42*$D$2 -> 0 | I43: =I42*$D$2 -> 11059.639 | J43: =J42*$D$2 -> 373.37752 | K43: =K42*$D$2 -> 11433.016 | L43: =L42*$D$2 -> -997.19604 | M43: =M42*$D$2 -> 3550.8022 | ... S43: =S42*$D$2 -> 8223.2736 | U43: =U42*$D$2 -> 313.393 | V43: =V42*$D$2 -> 1887.7763 | W43: =W42*$D$2 -> 658.00629 | X43: =X42*$D$2 -> 10424.443 | Y43: =Y42*$D$2 -> 1370.5736 | Z43: =Z42*$D$2 -> 11795.016 | AB43: =MAX(AB10:AB40) -> 70 | AC43: =MAX(AC10:AC40) -> 47 | AD43: HI
A45: SEASON / CFS | F45: =F7+F42 -> -17285.102 | G45: =G7+G42 -> 75851.3 | H45: =H7+H42 -> 1182.883 | I45: =I7+I42 -> 77034.183 | J45: =J7+J42 -> 3038.5819 | K45: =K7+K42 -> 80072.765 | L45: =L7+L42 -> -6103.8821 | M45: =M7+M42 -> 31897.61 | ... S45: =S7+S42 -> 67371.383 | T45: =T40 -> 9662.8 | U45: =U7+U42 -> 13442 | V45: =V7+V42 -> 7402.02 | W45: =W7+W42 -> 3536.7468 | X45: =X7+X42 -> 88215.403 | Y45: =Y7+Y42 -> 9142.464 | Z45: =Z7+Z42 -> 97357.867 | AB45: =MIN(AB10:AB40) -> 44 | AC45: =MIN(AC10:AC40) -> 21 | AD45: LO
A46: SEASON / AF | F46: =F45*$D$2 -> -34285 | G46: =G45*$D$2 -> 150451.05 | H46: =H45*$D$2 -> 2346.2484 | I46: =I45*$D$2 -> 152797.3 | J46: =J45*$D$2 -> 6027.0272 | K46: =K45*$D$2 -> 158824.33 | L46: =L45*$D$2 -> -12107.05 | M46: =M45*$D$2 -> 63268.909 | ... Z46: =Z45*$D$2 -> 193109.33
A48: YTD / CFS | F48: =F8+F42 -> -29049.66 | G48: =G8+G42 -> 80977.456 | H48: =H8+H42 -> 1182.883 | I48: =I8+I42 -> 82566.829 | J48: =J8+J42 -> 3383.4897 | K48: =K8+K42 -> 85876.733 | L48: =L8+L42 -> -7323.3557 | M48: =M8+M42 -> 33299.25 | ... S48: =S8+S42 -> 73351.003 | T48: =T45 -> 9662.8 | U48: =U8+U42 -> 13442 | V48: =V8+V42 -> 17500.05 | W48: =W45 -> 3536.7468 | X48: =X8+X42 -> 104293.13 | Y48: =Y8+Y42 -> 10706.845 | Z48: =Z8+Z42 -> 114999.98 | AA48: =AA8+AA42 -> 21.233
A49: YTD / AF | D49: =D8+D43 -> -57620 | E49: =E40 -> 86865 | F49: =F48*$D$2 -> -57620 | G49: =G48*$D$2 -> 160618.78 | H49: =H48*$D$2 -> 2346.2484 | I49: =I48*$D$2 -> 163771.31 | J49: =J48*$D$2 -> 6711.1518 | K49: =K48*$D$2 -> 170336.5 | L49: =L48*$D$2 -> -14525.876 | M49: =M48*$D$2 -> 66049.062 | ... Z49: =Z48*$D$2 -> 228102.46
