Workbook

Sheet NOV
K1: MC PHEE RESERVOIR IN/OUT FLOW TABULATION
A2: AF/cfs CONVERT FACTOR | D2: 1.9835 | L2: NOVEMBER "1887"
A4: DATE | B4: RESERV | C4: RESERV | D4: AC FT | E4: ACTIVE | F4: CONV TO | G4: DOLORES | H4: LOST | I4: RECORDED | J4: CALC | K4: TOTAL | L4: CALC | M4: TUNNEL | Q4: LONE | R4: U | S4: TOTAL | T4: MVI | U4: DV CR | V4: BELOW | W4: RECORDED | X4: CALC | Y4: TOTAL | Z4: RAIN | AA4: MAX | AB4: MIN | AC4: DATE
A5: "NOV" | B5: ELEV | C5: AC FT | D5: CHANGE | E5: CAP | F5: CFS | G5: RIVER | H5: CANYON | I5: INFLOW | J5: INFLOW | K5: INFLOW | L5: INF/OTF | M5: TOT DIV | N5: WETLAND | O5: UTE F&R | P5: MVI,CTZ | Q5: PINE | R5: LAT | S5: MVI | T5: CALL | U5: CANAL | V5: MC PHEE | W5: OUTFLOW | X5: OUTFLOW | Y5: OUTFLOW | AA5: TMP | AB5: TMP | AC5: "NOV"
A7: SEASON BAL
A8: YTD | B8: 6911.03 | C8: 326121
A10: 1 | B10: 6911.08 | C10: 326323 | D10: =C10-C8 -> 202 | E10: =C10-152000 -> 174323 | F10: =D10/$D$2 -> 101.84018 | G10: 142 | H10: 0 | I10: =G10+H10 -> 142 | J10: =IF(L10>0,L10,0) -> 62.840181 | K10: =I10+J10 -> 204.84018 | L10: =F10-(I10-W10) -> 62.840181 | M10: 30 | O10: 0 | P10: =M10-(N10+O10) -> 30 | Q10: 0 | R10: 0 | S10: =SUM(P10:R10) -> 30 | U10: 0 | V10: 73 | W10: =N10+O10+S10+U10+V10 -> 103 | X10: =IF(L10<0,L10*-1,0) -> 0 | Y10: =W10+X10 -> 103 | Z10: 0.72 | AA10: 61 | AB10: 32 | AC10: 1
A11: =A10+1 -> 2 | B11: 6911.08 | C11: 326323 | D11: =C11-C10 -> 0 | E11: =C11-152000 -> 174323 | F11: =D11/$D$2 -> 0 | G11: 199 | H11: 0 | I11: =G11+H11 -> 199 | J11: =IF(L11>0,L11,0) -> 0 | K11: =I11+J11 -> 199 | L11: =F11-(I11-W11) -> -96 | M11: 29 | O11: 0 | P11: =M11-(N11+O11) -> 29 | Q11: 0 | R11: 0 | S11: =SUM(P11:R11) -> 29 | U11: 0 | V11: 74 | W11: =N11+O11+S11+U11+V11 -> 103 | X11: =IF(L11<0,L11*-1,0) -> 96 | Y11: =W11+X11 -> 199 | Z11: 0.04 | AA11: 53 | AB11: 38 | AC11: =AC10+1 -> 2
A12: =A11+1 -> 3 | B12: 6911.2 | C12: 326808 | D12: =C12-C11 -> 485 | E12: =C12-152000 -> 174808 | F12: =D12/$D$2 -> 244.51727 | G12: 179 | H12: 0 | I12: =G12+H12 -> 179 | J12: =IF(L12>0,L12,0) -> 170.51727 | K12: =I12+J12 -> 349.51727 | L12: =F12-(I12-W12) -> 170.51727 | M12: 28 | O12: 0 | P12: =M12-(N12+O12) -> 28 | Q12: 0 | R12: 0 | S12: =SUM(P12:R12) -> 28 | U12: 0 | V12: 77 | W12: =N12+O12+S12+U12+V12 -> 105 | X12: =IF(L12<0,L12*-1,0) -> 0 | Y12: =W12+X12 -> 105 | Z12: 0 | AA12: 53 | AB12: 37 | AC12: =AC11+1 -> 3
A13: =A12+1 -> 4 | B13: 6911.21 | C13: 326849 | D13: =C13-C12 -> 41 | E13: =C13-152000 -> 174849 | F13: =D13/$D$2 -> 20.670532 | G13: 162 | H13: 0 | I13: =G13+H13 -> 162 | J13: =IF(L13>0,L13,0) -> 0 | K13: =I13+J13 -> 162 | L13: =F13-(I13-W13) -> -31.329468 | M13: 28 | O13: 0 | P13: =M13-(N13+O13) -> 28 | Q13: 0 | R13: 0 | S13: =SUM(P13:R13) -> 28 | U13: 0 | V13: 82 | W13: =N13+O13+S13+U13+V13 -> 110 | X13: =IF(L13<0,L13*-1,0) -> 31.329468 | Y13: =W13+X13 -> 141.32947 | Z13: 0 | AA13: 52 | AB13: 33 | AC13: =AC12+1 -> 4
A14: =A13+1 -> 5 | B14: 6911.29 | C14: 327172 | D14: =C14-C13 -> 323 | E14: =C14-152000 -> 175172 | F14: =D14/$D$2 -> 162.84346 | G14: 151 | H14: 0 | I14: =G14+H14 -> 151 | J14: =IF(L14>0,L14,0) -> 121.84346 | K14: =I14+J14 -> 272.84346 | L14: =F14-(I14-W14) -> 121.84346 | M14: 28 | O14: 0 | P14: =M14-(N14+O14) -> 28 | Q14: 0 | R14: 0 | S14: =SUM(P14:R14) -> 28 | U14: 0 | V14: 82 | W14: =N14+O14+S14+U14+V14 -> 110 | X14: =IF(L14<0,L14*-1,0) -> 0 | Y14: =W14+X14 -> 110 | Z14: 0.02 | AA14: 58 | AB14: 33 | AC14: =AC13+1 -> 5
A15: =A14+1 -> 6 | B15: 6911.49 | C15: 327981 | D15: =C15-C14 -> 809 | E15: =C15-152000 -> 175981 | F15: =D15/$D$2 -> 407.86489 | G15: 263 | H15: 0 | I15: =G15+H15 -> 263 | J15: =IF(L15>0,L15,0) -> 253.86489 | K15: =I15+J15 -> 516.86489 | L15: =F15-(I15-W15) -> 253.86489 | M15: 28 | O15: 0 | P15: =M15-(N15+O15) -> 28 | Q15: 0 | R15: 0 | S15: =SUM(P15:R15) -> 28 | U15: 0 | V15: 81 | W15: =N15+O15+S15+U15+V15 -> 109 | X15: =IF(L15<0,L15*-1,0) -> 0 | Y15: =W15+X15 -> 109 | Z15: 1.12 | AA15: 59 | AB15: 32 | AC15: =AC14+1 -> 6
A16: =A15+1 -> 7 | B16: 6911.63 | C16: 328548 | D16: =C16-C15 -> 567 | E16: =C16-152000 -> 176548 | F16: =D16/$D$2 -> 285.85833 | G16: 268 | H16: 0 | I16: =G16+H16 -> 268 | J16: =IF(L16>0,L16,0) -> 126.85833 | K16: =I16+J16 -> 394.85833 | L16: =F16-(I16-W16) -> 126.85833 | M16: 28 | O16: 0 | P16: =M16-(N16+O16) -> 28 | Q16: 0 | R16: 0 | S16: =SUM(P16:R16) -> 28 | U16: 0 | V16: 81 | W16: =N16+O16+S16+U16+V16 -> 109 | X16: =IF(L16<0,L16*-1,0) -> 0 | Y16: =W16+X16 -> 109 | Z16: 0.41 | AA16: 62 | AB16: 31 | AC16: =AC15+1 -> 7
A17: =A16+1 -> 8 | B17: 6911.7 | C17: 328831 | D17: =C17-C16 -> 283 | E17: =C17-152000 -> 176831 | F17: =D17/$D$2 -> 142.67709 | G17: 208 | H17: 0 | I17: =G17+H17 -> 208 | J17: =IF(L17>0,L17,0) -> 43.677086 | K17: =I17+J17 -> 251.67709 | L17: =F17-(I17-W17) -> 43.677086 | M17: 28 | O17: 0 | P17: =M17-(N17+O17) -> 28 | Q17: 0 | R17: 0 | S17: =SUM(P17:R17) -> 28 | U17: 0 | V17: 81 | W17: =N17+O17+S17+U17+V17 -> 109 | X17: =IF(L17<0,L17*-1,0) -> 0 | Y17: =W17+X17 -> 109 | Z17: 0 | AA17: 65 | AB17: 28 | AC17: =AC16+1 -> 8
A18: =A17+1 -> 9 | B18: 6911.72 | C18: 328912 | D18: =C18-C17 -> 81 | E18: =C18-152000 -> 176912 | F18: =D18/$D$2 -> 40.836904 | G18: 183 | H18: 0 | I18: =G18+H18 -> 183 | J18: =IF(L18>0,L18,0) -> 0 | K18: =I18+J18 -> 183 | L18: =F18-(I18-W18) -> -33.163096 | M18: 28 | O18: 0 | P18: =M18-(N18+O18) -> 28 | Q18: 0 | R18: 0 | S18: =SUM(P18:R18) -> 28 | U18: 0 | V18: 81 | W18: =N18+O18+S18+U18+V18 -> 109 | X18: =IF(L18<0,L18*-1,0) -> 33.163096 | Y18: =W18+X18 -> 142.1631 | Z18: 0 | AA18: 64 | AB18: 29 | AC18: =AC17+1 -> 9
A19: =A18+1 -> 10 | B19: 6911.73 | C19: 328952 | D19: =C19-C18 -> 40 | E19: =C19-152000 -> 176952 | F19: =D19/$D$2 -> 20.166373 | G19: 170 | H19: 0 | I19: =G19+H19 -> 170 | J19: =IF(L19>0,L19,0) -> 0 | K19: =I19+J19 -> 170 | L19: =F19-(I19-W19) -> -41.833627 | M19: 28 | O19: 0 | P19: =M19-(N19+O19) -> 28 | Q19: 0 | R19: 0 | S19: =SUM(P19:R19) -> 28 | U19: 0 | V19: 80 | W19: =N19+O19+S19+U19+V19 -> 108 | X19: =IF(L19<0,L19*-1,0) -> 41.833627 | Y19: =W19+X19 -> 149.83363 | Z19: 0 | AA19: 63 | AB19: 30 | AC19: =AC18+1 -> 10
A20: =A19+1 -> 11 | B20: 6911.73 | C20: 328952 | D20: =C20-C19 -> 0 | E20: =C20-152000 -> 176952 | F20: =D20/$D$2 -> 0 | G20: 160 | H20: 0 | I20: =G20+H20 -> 160 | J20: =IF(L20>0,L20,0) -> 0 | K20: =I20+J20 -> 160 | L20: =F20-(I20-W20) -> -53 | M20: 28 | O20: 0 | P20: =M20-(N20+O20) -> 28 | Q20: 0 | R20: 0 | S20: =SUM(P20:R20) -> 28 | U20: 0 | V20: 79 | W20: =N20+O20+S20+U20+V20 -> 107 | X20: =IF(L20<0,L20*-1,0) -> 53 | Y20: =W20+X20 -> 160 | Z20: 0 | AA20: 52 | AB20: 30 | AC20: =AC19+1 -> 11
A21: =A20+1 -> 12 | B21: 6911.72 | C21: 328912 | D21: =C21-C20 -> -40 | E21: =C21-152000 -> 176912 | F21: =D21/$D$2 -> -20.166373 | G21: 135 | H21: 0 | I21: =G21+H21 -> 135 | J21: =IF(L21>0,L21,0) -> 0 | K21: =I21+J21 -> 135 | L21: =F21-(I21-W21) -> -29.166373 | M21: 28 | O21: 0 | P21: =M21-(N21+O21) -> 28 | Q21: 17 | R21: 0 | S21: =SUM(P21:R21) -> 45 | U21: 0 | V21: 81 | W21: =N21+O21+S21+U21+V21 -> 126 | X21: =IF(L21<0,L21*-1,0) -> 29.166373 | Y21: =W21+X21 -> 155.16637 | Z21: 0 | AA21: 50 | AB21: 26 | AC21: =AC20+1 -> 12
A22: =A21+1 -> 13 | B22: 6911.7 | C22: 328831 | D22: =C22-C21 -> -81 | E22: =C22-152000 -> 176831 | F22: =D22/$D$2 -> -40.836904 | G22: 129 | H22: 0 | I22: =G22+H22 -> 129 | J22: =IF(L22>0,L22,0) -> 1.1630955 | K22: =I22+J22 -> 130.1631 | L22: =F22-(I22-W22) -> 1.1630955 | M22: 27 | O22: 0 | P22: =M22-(N22+O22) -> 27 | Q22: 47 | R22: 17 | S22: =SUM(P22:R22) -> 91 | U22: 0 | V22: 80 | W22: =N22+O22+S22+U22+V22 -> 171 | X22: =IF(L22<0,L22*-1,0) -> 0 | Y22: =W22+X22 -> 171 | Z22: 0 | AA22: 51 | AB22: 26 | AC22: =AC21+1 -> 13
... A38: =A37+1 -> 29 | B38: 6911.26 | C38: 327051 | D38: =C38-C37 -> -81 | E38: =C38-152000 -> 175051 | F38: =D38/$D$2 -> -40.836904 | G38: 102 | H38: 0 | I38: =G38+H38 -> 102 | J38: =IF(L38>0,L38,0) -> 0 | K38: =I38+J38 -> 102 | L38: =F38-(I38-W38) -> -55.836904 | M38: 5 | O38: 0 | P38: =M38-(N38+O38) -> 5 | Q38: 0 | R38: 2 | S38: =SUM(P38:R38) -> 7 | U38: 0 | V38: 80 | W38: =N38+O38+S38+U38+V38 -> 87 | X38: =IF(L38<0,L38*-1,0) -> 55.836904 | Y38: =W38+X38 -> 142.8369 | Z38: 0 | AA38: 43 | AB38: 15 | AC38: =AC37+1 -> 29
A39: 30 | B39: 6911.24 | C39: 326970 | D39: =C39-C38 -> -81 | E39: =C39-152000 -> 174970 | F39: =D39/$D$2 -> -40.836904 | G39: 129 | H39: 0 | I39: =G39+H39 -> 129 | J39: =IF(L39>0,L39,0) -> 0 | K39: =I39+J39 -> 129 | L39: =F39-(I39-W39) -> -83.836904 | M39: 5 | O39: 0 | P39: =M39-(N39+O39) -> 5 | Q39: 0 | R39: 0 | S39: =SUM(P39:R39) -> 5 | U39: 0 | V39: 81 | W39: =N39+O39+S39+U39+V39 -> 86 | X39: =IF(L39<0,L39*-1,0) -> 83.836904 | Y39: =W39+X39 -> 169.8369 | Z39: 0 | AA39: 39 | AB39: 16 | AC39: 30
A41: MONTH / CFS | F41: =SUM(F10:F39) -> 428.03126 | G41: =SUM(G10:G39) -> 4084 | H41: =SUM(H10:H39) -> 0 | I41: =SUM(I10:I39) -> 4084 | J41: =SUM(J10:J39) -> 897.76431 | K41: =SUM(K10:K39) -> 4981.7643 | L41: =SUM(L10:L39) -> 10.031258 | M41: =SUM(M10:M39) -> 651 | ... S41: =SUM(S10:S39) -> 1288 | U41: =SUM(U10:U39) -> 0 | V41: =SUM(V10:V39) -> 2378 | W41: =SUM(W10:W39) -> 3666 | X41: =SUM(X10:X39) -> 887.73305 | Y41: =SUM(Y10:Y39) -> 4553.733 | Z41: =SUM(Z10:Z39) -> 3.05 | AA41: =AVERAGE(AA10:AA39) -> 51.266667 | AB41: =AVERAGE(AB10:AB39) -> 22.6 | AC41: AVE
A42: MONTH / AF | D42: =SUM(D10:D39) -> 849 | F42: =F41*$D$2 -> 849 | G42: =G41*$D$2 -> 8100.614 | H42: =H41*$D$2 -> 0 | I42: =I41*$D$2 -> 8100.614 | J42: =J41*$D$2 -> 1780.7155 | K42: =K41*$D$2 -> 9881.3295 | L42: =L41*$D$2 -> 19.897 | M42: =M41*$D$2 -> 1291.2585 | ... S42: =S41*$D$2 -> 2554.748 | U42: =U41*$D$2 -> 0 | V42: =V41*$D$2 -> 4716.763 | W42: =W41*$D$2 -> 7271.511 | X42: =X41*$D$2 -> 1760.8185 | Y42: =Y41*$D$2 -> 9032.3295 | AA42: =MAX(AA10:AA39) -> 65 | AB42: =MAX(AB10:AB39) -> 38 | AC42: HI
A44: SEASON / CFS | AA44: =MIN(AA10:AA39) -> 39 | AB44: =MIN(AB10:AB39) -> 8 | AC44: LO
A45: SEASON / AF
A47: YTD / CFS | F47: =F8+F41 -> 428.03126 | G47: =G8+G41 -> 4084 | H47: =H8+H41 -> 0 | I47: =I8+I41 -> 4084 | J47: =J8+J41 -> 897.76431 | K47: =K8+K41 -> 4981.7643 | L47: =L8+L41 -> 10.031258 | M47: =M8+M41 -> 651 | ... S47: =S8+S41 -> 1288 | U47: =U8+U41 -> 0 | V47: =V8+V41 -> 2378 | W47: =W8+W41 -> 3666 | X47: =X8+X41 -> 887.73305 | Y47: =Y8+Y41 -> 4553.733 | Z47: =Z8+Z41 -> 3.05
A48: YTD / AF | D48: =D8+D42 -> 849 | E48: =E39 -> 174970 | F48: =F47*$D$2 -> 849 | G48: =G47*$D$2 -> 8100.614 | H48: =H47*$D$2 -> 0 | I48: =I47*$D$2 -> 8100.614 | J48: =J47*$D$2 -> 1780.7155 | K48: =K47*$D$2 -> 9881.3295 | L48: =L47*$D$2 -> 19.897 | M48: =M47*$D$2 -> 1291.2585 | ... Y48: =Y47*$D$2 -> 9032.3295

Sheet DEC
K1: MC PHEE RESERVOIR IN/OUT FLOW TABULATION
A2: AF/cfs CONVERT FACTOR | D2: 1.9835 | K2: DECEMBER "1987"
A4: DATE | B4: RESERV | C4: RESERV | D4: AC FT | E4: ACTIVE | F4: CONV TO | G4: DOLORES | H4: LOST | I4: RECORDED | J4: CALC | K4: TOTAL | L4: CALC | M4: TUNNEL | Q4: LONE | R4: U | S4: TOTAL | T4: MVI | U4: DV CR | V4: BELOW | W4: RECORDED | X4: CALC | Y4: TOTAL | Z4: RAIN | AA4: MAX | AB4: MIN | AC4: DATE
A5: "DEC" | B5: ELEV | C5: AC FT | D5: CHANGE | E5: CAP | F5: CFS | G5: RIVER | H5: CANYON | I5: INFLOW | J5: INFLOW | K5: INFLOW | L5: INF/OTF | M5: TOT DIV | N5: WETLAND | O5: UTE F&R | P5: MVI,CTZ | Q5: PINE | R5: LAT | S5: MVI | T5: CALL | U5: CANAL | V5: MC PHEE | W5: OUTFLOW | X5: OUTFLOW | Y5: OUTFLOW | AA5: TMP | AB5: TMP | AC5: "DEC"
A7: SEASON BAL
A8: YTD | B8: =NOV!B39 -> 6911.24 | C8: =NOV!C39 -> 326970 | D8: =NOV!$D$48 -> 849 | E8: =NOV!$E$39 -> 174970 | F8: =NOV!F47 -> 428.03126 | G8: =NOV!G47 -> 4084 | H8: =NOV!H47 -> 0 | I8: =NOV!I47 -> 4084 | J8: =NOV!J47 -> 897.76431 | K8: =NOV!K47 -> 4981.7643 | L8: =NOV!L47 -> 10.031258 | M8: =NOV!M47 -> 651 | ... Z8: =NOV!Z47 -> 3.05
A10: 1 | B10: 6911.25 | C10: 327011 | D10: =C10-C8 -> 41 | E10: =C10-152000 -> 175011 | F10: =D10/$D$2 -> 20.670532 | G10: 106 | H10: 0 | I10: =G10+H10 -> 106 | J10: =IF(L10>0,L10,0) -> 0.67053189 | K10: =I10+J10 -> 106.67053 | L10: =F10-(I10-W10) -> 0.67053189 | M10: 5 | O10: 0 | P10: =M10-(N10+O10) -> 5 | Q10: 0 | R10: 0 | S10: =SUM(P10:R10) -> 5 | U10: 0 | V10: 81 | W10: =N10+O10+S10+U10+V10 -> 86 | X10: =IF(L10<0,L10*-1,0) -> 0 | Y10: =W10+X10 -> 86 | Z10: 0 | AA10: 42 | AB10: 14 | AC10: 1
A11: =A10+1 -> 2 | B11: 6911.27 | C11: 327092 | D11: =C11-C10 -> 81 | E11: =C11-152000 -> 175092 | F11: =D11/$D$2 -> 40.836904 | G11: 125 | H11: 0 | I11: =G11+H11 -> 125 | J11: =IF(L11>0,L11,0) -> 0 | K11: =I11+J11 -> 125 | L11: =F11-(I11-W11) -> -0.16309554 | M11: 4 | O11: 0 | P11: =M11-(N11+O11) -> 4 | Q11: 0 | R11: 0 | S11: =SUM(P11:R11) -> 4 | U11: 0 | V11: 80 | W11: =N11+O11+S11+U11+V11 -> 84 | X11: =IF(L11<0,L11*-1,0) -> 0.16309554 | Y11: =W11+X11 -> 84.163096 | Z11: 0 | AA11: 44 | AB11: 15 | AC11: =AC10+1 -> 2
A12: =A11+1 -> 3 | B12: 6911.28 | C12: 327132 | D12: =C12-C11 -> 40 | E12: =C12-152000 -> 175132 | F12: =D12/$D$2 -> 20.166373 | G12: 105 | H12: 0 | I12: =G12+H12 -> 105 | J12: =IF(L12>0,L12,0) -> 0 | K12: =I12+J12 -> 105 | L12: =F12-(I12-W12) -> -0.83362743 | M12: 4 | O12: 0 | P12: =M12-(N12+O12) -> 4 | Q12: 0 | R12: 0 | S12: =SUM(P12:R12) -> 4 | U12: 0 | V12: 80 | W12: =N12+O12+S12+U12+V12 -> 84 | X12: =IF(L12<0,L12*-1,0) -> 0.83362743 | Y12: =W12+X12 -> 84.833627 | Z12: 0 | AA12: 53 | AB12: 19 | AC12: =AC11+1 -> 3
A13: =A12+1 -> 4 | B13: 6911.29 | C13: 327172 | D13: =C13-C12 -> 40 | E13: =C13-152000 -> 175172 | F13: =D13/$D$2 -> 20.166373 | G13: 105 | H13: 0 | I13: =G13+H13 -> 105 | J13: =IF(L13>0,L13,0) -> 0 | K13: =I13+J13 -> 105 | L13: =F13-(I13-W13) -> -0.83362743 | M13: 4 | O13: 0 | P13: =M13-(N13+O13) -> 4 | Q13: 0 | R13: 0 | S13: =SUM(P13:R13) -> 4 | U13: 0 | V13: 80 | W13: =N13+O13+S13+U13+V13 -> 84 | X13: =IF(L13<0,L13*-1,0) -> 0.83362743 | Y13: =W13+X13 -> 84.833627 | Z13: 0.03 | AA13: 40 | AB13: 14 | AC13: =AC12+1 -> 4
A14: =A13+1 -> 5 | B14: 6911.31 | C14: 327253 | D14: =C14-C13 -> 81 | E14: =C14-152000 -> 175253 | F14: =D14/$D$2 -> 40.836904 | G14: 125 | H14: 0 | I14: =G14+H14 -> 125 | J14: =IF(L14>0,L14,0) -> 0.83690446 | K14: =I14+J14 -> 125.8369 | L14: =F14-(I14-W14) -> 0.83690446 | M14: 5 | O14: 0 | P14: =M14-(N14+O14) -> 5 | Q14: 0 | R14: 0 | S14: =SUM(P14:R14) -> 5 | U14: 0 | V14: 80 | W14: =N14+O14+S14+U14+V14 -> 85 | X14: =IF(L14<0,L14*-1,0) -> 0 | Y14: =W14+X14 -> 85 | Z14: 0 | AA14: 41 | AB14: 21 | AC14: =AC13+1 -> 5
A15: =A14+1 -> 6 | B15: 6911.32 | C15: 327294 | D15: =C15-C14 -> 41 | E15: =C15-152000 -> 175294 | F15: =D15/$D$2 -> 20.670532 | G15: 105 | H15: 0 | I15: =G15+H15 -> 105 | J15: =IF(L15>0,L15,0) -> 0.67053189 | K15: =I15+J15 -> 105.67053 | L15: =F15-(I15-W15) -> 0.67053189 | M15: 5 | O15: 0 | P15: =M15-(N15+O15) -> 5 | Q15: 0 | R15: 0 | S15: =SUM(P15:R15) -> 5 | U15: 0 | V15: 80 | W15: =N15+O15+S15+U15+V15 -> 85 | X15: =IF(L15<0,L15*-1,0) -> 0 | Y15: =W15+X15 -> 85 | Z15: 0 | AA15: 41 | AB15: 24 | AC15: =AC14+1 -> 6
A16: =A15+1 -> 7 | B16: 6911.33 | C16: 327334 | D16: =C16-C15 -> 40 | E16: =C16-152000 -> 175334 | F16: =D16/$D$2 -> 20.166373 | G16: 99 | H16: 0 | I16: =G16+H16 -> 99 | J16: =IF(L16>0,L16,0) -> 0.16637257 | K16: =I16+J16 -> 99.166373 | L16: =F16-(I16-W16) -> 0.16637257 | M16: 5 | O16: 0 | P16: =M16-(N16+O16) -> 5 | Q16: 0 | R16: 0 | S16: =SUM(P16:R16) -> 5 | U16: 0 | V16: 74 | W16: =N16+O16+S16+U16+V16 -> 79 | X16: =IF(L16<0,L16*-1,0) -> 0 | Y16: =W16+X16 -> 79 | Z16: 0 | AA16: 50 | AB16: 15 | AC16: =AC15+1 -> 7
A17: =A16+1 -> 8 | B17: 6911.32 | C17: 327294 | D17: =C17-C16 -> -40 | E17: =C17-152000 -> 175294 | F17: =D17/$D$2 -> -20.166373 | G17: 59 | H17: 0 | I17: =G17+H17 -> 59 | J17: =IF(L17>0,L17,0) -> 0 | K17: =I17+J17 -> 59 | L17: =F17-(I17-W17) -> -0.16637257 | M17: 4 | O17: 0 | P17: =M17-(N17+O17) -> 4 | Q17: 0 | R17: 0 | S17: =SUM(P17:R17) -> 4 | U17: 0 | V17: 75 | W17: =N17+O17+S17+U17+V17 -> 79 | X17: =IF(L17<0,L17*-1,0) -> 0.16637257 | Y17: =W17+X17 -> 79.166373 | Z17: 0 | AA17: 51 | AB17: 17 | AC17: =AC16+1 -> 8
A18: =A17+1 -> 9 | B18: 6911.31 | C18: 327253 | D18: =C18-C17 -> -41 | E18: =C18-152000 -> 175253 | F18: =D18/$D$2 -> -20.670532 | G18: 63 | H18: 0 | I18: =G18+H18 -> 63 | J18: =IF(L18>0,L18,0) -> 0 | K18: =I18+J18 -> 63 | L18: =F18-(I18-W18) -> -0.67053189 | M18: 4 | O18: 0 | P18: =M18-(N18+O18) -> 4 | Q18: 0 | R18: 0 | S18: =SUM(P18:R18) -> 4 | U18: 0 | V18: 79 | W18: =N18+O18+S18+U18+V18 -> 83 | X18: =IF(L18<0,L18*-1,0) -> 0.67053189 | Y18: =W18+X18 -> 83.670532 | Z18: 0 | AA18: 51 | AB18: 18 | AC18: =AC17+1 -> 9
A19: =A18+1 -> 10 | B19: 6911.3 | C19: 327213 | D19: =C19-C18 -> -40 | E19: =C19-152000 -> 175213 | F19: =D19/$D$2 -> -20.166373 | G19: 61 | H19: 0 | I19: =G19+H19 -> 61 | J19: =IF(L19>0,L19,0) -> 0 | K19: =I19+J19 -> 61 | L19: =F19-(I19-W19) -> -1.1663726 | M19: 4 | O19: 0 | P19: =M19-(N19+O19) -> 4 | Q19: 0 | R19: 0 | S19: =SUM(P19:R19) -> 4 | U19: 0 | V19: 76 | W19: =N19+O19+S19+U19+V19 -> 80 | X19: =IF(L19<0,L19*-1,0) -> 1.1663726 | Y19: =W19+X19 -> 81.166373 | Z19: 0 | AA19: 51 | AB19: 19 | AC19: =AC18+1 -> 10
A20: =A19+1 -> 11 | B20: 6911.29 | C20: 327172 | D20: =C20-C19 -> -41 | E20: =C20-152000 -> 175172 | F20: =D20/$D$2 -> -20.670532 | G20: 64 | H20: 0 | I20: =G20+H20 -> 64 | J20: =IF(L20>0,L20,0) -> 0 | K20: =I20+J20 -> 64 | L20: =F20-(I20-W20) -> -1.6705319 | M20: 4 | O20: 0 | P20: =M20-(N20+O20) -> 4 | Q20: 0 | R20: 0 | S20: =SUM(P20:R20) -> 4 | U20: 0 | V20: 79 | W20: =N20+O20+S20+U20+V20 -> 83 | X20: =IF(L20<0,L20*-1,0) -> 1.6705319 | Y20: =W20+X20 -> 84.670532 | Z20: 0 | AA20: 42 | AB20: 19 | AC20: =AC19+1 -> 11
A21: =A20+1 -> 12 | B21: 6911.27 | C21: 327092 | D21: =C21-C20 -> -80 | E21: =C21-152000 -> 175092 | F21: =D21/$D$2 -> -40.332745 | G21: 42 | H21: 0 | I21: =G21+H21 -> 42 | J21: =IF(L21>0,L21,0) -> 0.66725485 | K21: =I21+J21 -> 42.667255 | L21: =F21-(I21-W21) -> 0.66725485 | M21: 4 | O21: 0 | P21: =M21-(N21+O21) -> 4 | Q21: 0 | R21: 0 | S21: =SUM(P21:R21) -> 4 | U21: 0 | V21: 79 | W21: =N21+O21+S21+U21+V21 -> 83 | X21: =IF(L21<0,L21*-1,0) -> 0 | Y21: =W21+X21 -> 83 | Z21: 0 | AA21: 30 | AB21: 16 | AC21: =AC20+1 -> 12
A22: =A21+1 -> 13 | B22: 6911.25 | C22: 327011 | D22: =C22-C21 -> -81 | E22: =C22-152000 -> 175011 | F22: =D22/$D$2 -> -40.836904 | G22: 42 | H22: 0 | I22: =G22+H22 -> 42 | J22: =IF(L22>0,L22,0) -> 0 | K22: =I22+J22 -> 42 | L22: =F22-(I22-W22) -> -0.83690446 | M22: 4 | O22: 0 | P22: =M22-(N22+O22) -> 4 | Q22: 0 | R22: 0 | S22: =SUM(P22:R22) -> 4 | U22: 0 | V22: 78 | W22: =N22+O22+S22+U22+V22 -> 82 | X22: =IF(L22<0,L22*-1,0) -> 0.83690446 | Y22: =W22+X22 -> 82.836904 | Z22: 0.15 | AA22: 19 | AB22: 13 | AC22: =AC21+1 -> 13
... A38: =A37+1 -> 29 | B38: 6911.1 | C38: 326404 | D38: =C38-C37 -> -40 | E38: =C38-152000 -> 174404 | F38: =D38/$D$2 -> -20.166373 | G38: 59 | H38: 0 | I38: =G38+H38 -> 59 | J38: =IF(L38>0,L38,0) -> 0 | K38: =I38+J38 -> 59 | L38: =F38-(I38-W38) -> -0.16637257 | M38: 4 | O38: 0 | P38: =M38-(N38+O38) -> 4 | Q38: 0 | R38: 0 | S38: =SUM(P38:R38) -> 4 | U38: 0 | V38: 75 | W38: =N38+O38+S38+U38+V38 -> 79 | X38: =IF(L38<0,L38*-1,0) -> 0.16637257 | Y38: =W38+X38 -> 79.166373 | Z38: 0.1 | AA38: 34 | AB38: 16 | AC38: =AC37+1 -> 29
A39: 30 | B39: 6911.08 | C39: 326323 | D39: =C39-C38 -> -81 | E39: =C39-152000 -> 174323 | F39: =D39/$D$2 -> -40.836904 | G39: 42 | H39: 0 | I39: =G39+H39 -> 42 | J39: =IF(L39>0,L39,0) -> 0.16309554 | K39: =I39+J39 -> 42.163096 | L39: =F39-(I39-W39) -> 0.16309554 | M39: 4 | O39: 0 | P39: =M39-(N39+O39) -> 4 | Q39: 0 | R39: 0 | S39: =SUM(P39:R39) -> 4 | U39: 0 | V39: 79 | W39: =N39+O39+S39+U39+V39 -> 83 | X39: =IF(L39<0,L39*-1,0) -> 0 | Y39: =W39+X39 -> 83 | Z39: 0.01 | AA39: 26 | AB39: 16 | AC39: 30
A40: 31 | B40: 6911.06 | C40: 326242 | D40: =C40-C39 -> -81 | E40: =C40-152000 -> 174242 | F40: =D40/$D$2 -> -40.836904 | G40: 44 | H40: 0 | I40: =G40+H40 -> 44 | J40: =IF(L40>0,L40,0) -> 0 | K40: =I40+J40 -> 44 | L40: =F40-(I40-W40) -> -0.83690446 | M40: 4 | O40: 0 | P40: =M40-(N40+O40) -> 4 | Q40: 0 | R40: 0 | S40: =SUM(P40:R40) -> 4 | U40: 0 | V40: 80 | W40: =N40+O40+S40+U40+V40 -> 84 | X40: =IF(L40<0,L40*-1,0) -> 0.83690446 | Y40: =W40+X40 -> 84.836904 | Z40: 0 | AA40: 28 | AB40: 0 | AC40: 31
A42: MONTH / CFS | F42: =SUM(F10:F40) -> -367.02798 | G42: =SUM(G10:G40) -> 2216 | H42: =SUM(H10:H40) -> 0 | I42: =SUM(I10:I40) -> 2216 | J42: =SUM(J10:J40) -> 4.1746912 | K42: =SUM(K10:K40) -> 2220.1747 | L42: =SUM(L10:L40) -> -14.027981 | M42: =SUM(M10:M40) -> 131 | ... S42: =SUM(S10:S40) -> 131 | U42: =SUM(U10:U40) -> 0 | V42: =SUM(V10:V40) -> 2438 | W42: =SUM(W10:W40) -> 2569 | X42: =SUM(X10:X40) -> 18.202672 | Y42: =SUM(Y10:Y40) -> 2587.2027 | Z42: =SUM(Z10:Z40) -> 1.09 | AA42: =AVERAGE(AA10:AA40) -> 36.032258 | AB42: =AVERAGE(AB10:AB40) -> 14.516129 | AC42: AVE
A43: MONTH / AF | D43: =SUM(D10:D40) -> -728 | F43: =F42*$D$2 -> -728 | G43: =G42*$D$2 -> 4395.436 | H43: =H42*$D$2 -> 0 | I43: =I42*$D$2 -> 4395.436 | J43: =J42*$D$2 -> 8.2805 | K43: =K42*$D$2 -> 4403.7165 | L43: =L42*$D$2 -> -27.8245 | M43: =M42*$D$2 -> 259.8385 | ... S43: =S42*$D$2 -> 259.8385 | U43: =U42*$D$2 -> 0 | V43: =V42*$D$2 -> 4835.773 | W43: =W42*$D$2 -> 5095.6115 | X43: =X42*$D$2 -> 36.105 | Y43: =Y42*$D$2 -> 5131.7165 | AA43: =MAX(AA10:AA40) -> 53 | AB43: =MAX(AB10:AB40) -> 29 | AC43: HI
A45: SEASON / CFS | AA45: =MIN(AA10:AA40) -> 19 | AB45: =MIN(AB10:AB40) -> 0 | AC45: LO
A46: SEASON / AF
A48: YTD / CFS | F48: =F8+F42 -> 61.003277 | G48: =G8+G42 -> 6300 | H48: =H8+H42 -> 0 | I48: =I8+I42 -> 6300 | J48: =J8+J42 -> 901.939 | K48: =K8+K42 -> 7201.939 | L48: =L8+L42 -> -3.996723 | M48: =M8+M42 -> 782 | ... S48: =S8+S42 -> 1419 | U48: =U8+U42 -> 0 | V48: =V8+V42 -> 4816 | W48: =W8+W42 -> 6235 | X48: =X8+X42 -> 905.93572 | Y48: =Y8+Y42 -> 7140.9357 | Z48: =Z8+Z42 -> 4.14
A49: YTD / AF | D49: =D8+D43 -> 121 | E49: =E40 -> 174242 | F49: =F48*$D$2 -> 121 | G49: =G48*$D$2 -> 12496.05 | H49: =H48*$D$2 -> 0 | I49: =I48*$D$2 -> 12496.05 | J49: =J48*$D$2 -> 1788.996 | K49: =K48*$D$2 -> 14285.046 | L49: =L48*$D$2 -> -7.9275 | M49: =M48*$D$2 -> 1551.097 | ... Y49: =Y48*$D$2 -> 14164.046

Sheet JAN
K1: MC PHEE RESERVOIR IN/OUT FLOW TABULATION
A2: AF/cfs CONVERT FACTOR | D2: 1.9835 | K2: JANUARY "1988"
A4: DATE | B4: RESERV | C4: RESERV | D4: AC FT | E4: ACTIVE | F4: CONV TO | G4: DOLORES | H4: LOST | I4: RECORDED | J4: CALC | K4: TOTAL | L4: CALC | M4: TUNNEL | Q4: LONE | R4: U | S4: TOTAL | T4: MVI | U4: DV CR | V4: BELOW | W4: RECORDED | X4: CALC | Y4: TOTAL | Z4: RAIN | AA4: MAX | AB4: MIN | AC4: DATE
A5: "JAN" | B5: ELEV | C5: AC FT | D5: CHANGE | E5: CAP | F5: CFS | G5: RIVER | H5: CANYON | I5: INFLOW | J5: INFLOW | K5: INFLOW | L5: INF/OTF | M5: TOT DIV | N5: WETLAND | O5: UTE F&R | P5: MVI,CTZ | Q5: PINE | R5: LAT | S5: MVI | T5: CALL | U5: CANAL | V5: MC PHEE | W5: OUTFLOW | X5: OUTFLOW | Y5: OUTFLOW | AA5: TMP | AB5: TMP | AC5: "JAN"
A7: SEASON BAL
A8: YTD | B8: =DEC!B40 -> 6911.06 | C8: =DEC!C40 -> 326242 | D8: =DEC!$D$49 -> 121 | E8: =DEC!$E$40 -> 174242 | F8: =DEC!F48 -> 61.003277 | G8: =DEC!G48 -> 6300 | H8: =DEC!H48 -> 0 | I8: =DEC!I48 -> 6300 | J8: =DEC!J48 -> 901.939 | K8: =DEC!K48 -> 7201.939 | L8: =DEC!L48 -> -3.996723 | M8: =DEC!M48 -> 782 | ... Z8: =DEC!Z48 -> 4.14
A10: 1 | B10: 6911.05 | C10: 326202 | D10: =C10-C8 -> -40 | E10: =C10-152000 -> 174202 | F10: =D10/$D$2 -> -20.166373 | G10: 64 | H10: 0 | I10: =G10+H10 -> 64 | J10: =IF(L10>0,L10,0) -> 0 | K10: =I10+J10 -> 64 | L10: =F10-(I10-W10) -> -0.16637257 | M10: 5 | O10: 0 | P10: =M10-(N10+O10) -> 5 | Q10: 0 | R10: 0 | S10: =SUM(P10:R10) -> 5 | U10: 0 | V10: 79 | W10: =N10+O10+S10+U10+V10 -> 84 | X10: =IF(L10<0,L10*-1,0) -> 0.16637257 | Y10: =W10+X10 -> 84.166373 | Z10: 0 | AA10: 28 | AB10: -1 | AC10: 1
A11: =A10+1 -> 2 | B11: 6911.04 | C11: 326161 | D11: =C11-C10 -> -41 | E11: =C11-152000 -> 174161 | F11: =D11/$D$2 -> -20.670532 | G11: 64 | H11: 0 | I11: =G11+H11 -> 64 | J11: =IF(L11>0,L11,0) -> 0 | K11: =I11+J11 -> 64 | L11: =F11-(I11-W11) -> -0.67053189 | M11: 5 | O11: 0 | P11: =M11-(N11+O11) -> 5 | Q11: 0 | R11: 0 | S11: =SUM(P11:R11) -> 5 | U11: 0 | V11: 79 | W11: =N11+O11+S11+U11+V11 -> 84 | X11: =IF(L11<0,L11*-1,0) -> 0.67053189 | Y11: =W11+X11 -> 84.670532 | Z11: 0 | AA11: 26 | AB11: 0 | AC11: =AC10+1 -> 2
A12: =A11+1 -> 3 | B12: 6911.03 | C12: 326121 | D12: =C12-C11 -> -40 | E12: =C12-152000 -> 174121 | F12: =D12/$D$2 -> -20.166373 | G12: 63 | H12: 0 | I12: =G12+H12 -> 63 | J12: =IF(L12>0,L12,0) -> 0.83362743 | K12: =I12+J12 -> 63.833627 | L12: =F12-(I12-W12) -> 0.83362743 | M12: 5 | O12: 0 | P12: =M12-(N12+O12) -> 5 | Q12: 0 | R12: 0 | S12: =SUM(P12:R12) -> 5 | U12: 0 | V12: 79 | W12: =N12+O12+S12+U12+V12 -> 84 | X12: =IF(L12<0,L12*-1,0) -> 0 | Y12: =W12+X12 -> 84 | Z12: 0 | AA12: 30 | AB12: -3 | AC12: =AC11+1 -> 3
A13: =A12+1 -> 4 | B13: 6911.02 | C13: 326080 | D13: =C13-C12 -> -41 | E13: =C13-152000 -> 174080 | F13: =D13/$D$2 -> -20.670532 | G13: 63 | H13: 0 | I13: =G13+H13 -> 63 | J13: =IF(L13>0,L13,0) -> 0.32946811 | K13: =I13+J13 -> 63.329468 | L13: =F13-(I13-W13) -> 0.32946811 | M13: 5 | O13: 0 | P13: =M13-(N13+O13) -> 5 | Q13: 0 | R13: 0 | S13: =SUM(P13:R13) -> 5 | U13: 0 | V13: 79 | W13: =N13+O13+S13+U13+V13 -> 84 | X13: =IF(L13<0,L13*-1,0) -> 0 | Y13: =W13+X13 -> 84 | Z13: 0.18 | AA13: 27 | AB13: 20 | AC13: =AC12+1 -> 4
A14: =A13+1 -> 5 | B14: 6911.01 | C14: 326040 | D14: =C14-C13 -> -40 | E14: =C14-152000 -> 174040 | F14: =D14/$D$2 -> -20.166373 | G14: 58 | H14: 0 | I14: =G14+H14 -> 58 | J14: =IF(L14>0,L14,0) -> 0.83362743 | K14: =I14+J14 -> 58.833627 | L14: =F14-(I14-W14) -> 0.83362743 | M14: 5 | O14: 0 | P14: =M14-(N14+O14) -> 5 | Q14: 0 | R14: 0 | S14: =SUM(P14:R14) -> 5 | U14: 0 | V14: 74 | W14: =N14+O14+S14+U14+V14 -> 79 | X14: =IF(L14<0,L14*-1,0) -> 0 | Y14: =W14+X14 -> 79 | Z14: 0.43 | AA14: 35 | AB14: 20 | AC14: =AC13+1 -> 5
A15: =A14+1 -> 6 | B15: 6911 | C15: 325999 | D15: =C15-C14 -> -41 | E15: =C15-152000 -> 173999 | F15: =D15/$D$2 -> -20.670532 | G15: 59 | H15: 0 | I15: =G15+H15 -> 59 | J15: =IF(L15>0,L15,0) -> 0 | K15: =I15+J15 -> 59 | L15: =F15-(I15-W15) -> -0.67053189 | M15: 4 | O15: 0 | P15: =M15-(N15+O15) -> 4 | Q15: 0 | R15: 0 | S15: =SUM(P15:R15) -> 4 | U15: 0 | V15: 75 | W15: =N15+O15+S15+U15+V15 -> 79 | X15: =IF(L15<0,L15*-1,0) -> 0.67053189 | Y15: =W15+X15 -> 79.670532 | Z15: 0.49 | AA15: 33 | AB15: 21 | AC15: =AC14+1 -> 6
A16: =A15+1 -> 7 | B16: 6910.99 | C16: 325959 | D16: =C16-C15 -> -40 | E16: =C16-152000 -> 173959 | F16: =D16/$D$2 -> -20.166373 | G16: 59 | H16: 0 | I16: =G16+H16 -> 59 | J16: =IF(L16>0,L16,0) -> 0 | K16: =I16+J16 -> 59 | L16: =F16-(I16-W16) -> -0.16637257 | M16: 4 | O16: 0 | P16: =M16-(N16+O16) -> 4 | Q16: 0 | R16: 0 | S16: =SUM(P16:R16) -> 4 | U16: 0 | V16: 75 | W16: =N16+O16+S16+U16+V16 -> 79 | X16: =IF(L16<0,L16*-1,0) -> 0.16637257 | Y16: =W16+X16 -> 79.166373 | Z16: 0 | AA16: 36 | AB16: 10 | AC16: =AC15+1 -> 7
A17: =A16+1 -> 8 | B17: 6910.98 | C17: 325919 | D17: =C17-C16 -> -40 | E17: =C17-152000 -> 173919 | F17: =D17/$D$2 -> -20.166373 | G17: 59 | H17: 0 | I17: =G17+H17 -> 59 | J17: =IF(L17>0,L17,0) -> 0 | K17: =I17+J17 -> 59 | L17: =F17-(I17-W17) -> -0.16637257 | M17: 4 | O17: 0 | P17: =M17-(N17+O17) -> 4 | Q17: 0 | R17: 0 | S17: =SUM(P17:R17) -> 4 | U17: 0 | V17: 75 | W17: =N17+O17+S17+U17+V17 -> 79 | X17: =IF(L17<0,L17*-1,0) -> 0.16637257 | Y17: =W17+X17 -> 79.166373 | Z17: 0.09 | AA17: 32 | AB17: 5 | AC17: =AC16+1 -> 8
A18: =A17+1 -> 9 | B18: 6910.97 | C18: 325879 | D18: =C18-C17 -> -40 | E18: =C18-152000 -> 173879 | F18: =D18/$D$2 -> -20.166373 | G18: 59 | H18: 0 | I18: =G18+H18 -> 59 | J18: =IF(L18>0,L18,0) -> 0 | K18: =I18+J18 -> 59 | L18: =F18-(I18-W18) -> -0.16637257 | M18: 4 | O18: 0 | P18: =M18-(N18+O18) -> 4 | Q18: 0 | R18: 0 | S18: =SUM(P18:R18) -> 4 | U18: 0 | V18: 75 | W18: =N18+O18+S18+U18+V18 -> 79 | X18: =IF(L18<0,L18*-1,0) -> 0.16637257 | Y18: =W18+X18 -> 79.166373 | Z18: 0 | AA18: 34 | AB18: 5 | AC18: =AC17+1 -> 9
A19: =A18+1 -> 10 | B19: 6910.96 | C19: 325839 | D19: =C19-C18 -> -40 | E19: =C19-152000 -> 173839 | F19: =D19/$D$2 -> -20.166373 | G19: 59 | H19: 0 | I19: =G19+H19 -> 59 | J19: =IF(L19>0,L19,0) -> 0 | K19: =I19+J19 -> 59 | L19: =F19-(I19-W19) -> -0.16637257 | M19: 4 | O19: 0 | P19: =M19-(N19+O19) -> 4 | Q19: 0 | R19: 0 | S19: =SUM(P19:R19) -> 4 | U19: 0 | V19: 75 | W19: =N19+O19+S19+U19+V19 -> 79 | X19: =IF(L19<0,L19*-1,0) -> 0.16637257 | Y19: =W19+X19 -> 79.166373 | Z19: 0 | AA19: 36 | AB19: 14 | AC19: =AC18+1 -> 10
A20: =A19+1 -> 11 | B20: 6910.95 | C20: 325799 | D20: =C20-C19 -> -40 | E20: =C20-152000 -> 173799 | F20: =D20/$D$2 -> -20.166373 | G20: 60 | H20: 0 | I20: =G20+H20 -> 60 | J20: =IF(L20>0,L20,0) -> 0 | K20: =I20+J20 -> 60 | L20: =F20-(I20-W20) -> -0.16637257 | M20: 4 | O20: 0 | P20: =M20-(N20+O20) -> 4 | Q20: 0 | R20: 0 | S20: =SUM(P20:R20) -> 4 | U20: 0 | V20: 76 | W20: =N20+O20+S20+U20+V20 -> 80 | X20: =IF(L20<0,L20*-1,0) -> 0.16637257 | Y20: =W20+X20 -> 80.166373 | Z20: 0 | AA20: 40 | AB20: 22 | AC20: =AC19+1 -> 11
A21: =A20+1 -> 12 | B21: 6910.94 | C21: 325759 | D21: =C21-C20 -> -40 | E21: =C21-152000 -> 173759 | F21: =D21/$D$2 -> -20.166373 | G21: 60 | H21: 0 | I21: =G21+H21 -> 60 | J21: =IF(L21>0,L21,0) -> 0 | K21: =I21+J21 -> 60 | L21: =F21-(I21-W21) -> -0.16637257 | M21: 4 | O21: 0 | P21: =M21-(N21+O21) -> 4 | Q21: 0 | R21: 0 | S21: =SUM(P21:R21) -> 4 | U21: 0 | V21: 76 | W21: =N21+O21+S21+U21+V21 -> 80 | X21: =IF(L21<0,L21*-1,0) -> 0.16637257 | Y21: =W21+X21 -> 80.166373 | Z21: 0 | AA21: 31 | AB21: 3 | AC21: =AC20+1 -> 12
A22: 13 | B22: 6910.93 | C22: 325718 | D22: =C22-C21 -> -41 | E22: =C22-152000 -> 173718 | F22: =D22/$D$2 -> -20.670532 | G22: 61 | H22: 0 | I22: =G22+H22 -> 61 | J22: =IF(L22>0,L22,0) -> 0.32946811 | K22: =I22+J22 -> 61.329468 | L22: =F22-(I22-W22) -> 0.32946811 | M22: 4 | O22: 0 | P22: =M22-(N22+O22) -> 4 | Q22: 0 | R22: 0 | S22: =SUM(P22:R22) -> 4 | U22: 0 | V22: 78 | W22: =N22+O22+S22+U22+V22 -> 82 | X22: =IF(L22<0,L22*-1,0) -> 0 | Y22: =W22+X22 -> 82 | Z22: 0 | AA22: 35 | AB22: 1 | AC22: =AC21+1 -> 13
A23: =A22+1 -> 14 | B23: 6910.92 | C23: 325678 | D23: =C23-C22 -> -40 | E23: =C23-152000 -> 173678 | F23: =D23/$D$2 -> -20.166373 | G23: 62 | H23: 0 | I23: =G23+H23 -> 62 | J23: =IF(L23>0,L23,0) -> 0 | K23: =I23+J23 -> 62 | L23: =F23-(I23-W23) -> -0.16637257 | M23: 4 | O23: 0 | P23: =M23-(N23+O23) -> 4 | Q23: 0 | R23: 0 | S23: =SUM(P23:R23) -> 4 | U23: 0 | V23: 78 | W23: =N23+O23+S23+U23+V23 -> 82 | X23: =IF(L23<0,L23*-1,0) -> 0.16637257 | Y23: =W23+X23 -> 82.166373 | Z23: 0 | AA23: 36 | AB23: 2 | AC23: =AC22+1 -> 14
A24: =A23+1 -> 15 | B24: 6910.91 | C24: 325638 | D24: =C24-C23 -> -40 | E24: =C24-152000 -> 173638 | F24: =D24/$D$2 -> -20.166373 | G24: 62 | H24: 0 | I24: =G24+H24 -> 62 | J24: =IF(L24>0,L24,0) -> 0 | K24: =I24+J24 -> 62 | L24: =F24-(I24-W24) -> -0.16637257 | M24: 4 | O24: 0 | P24: =M24-(N24+O24) -> 4 | Q24: 0 | R24: 0 | S24: =SUM(P24:R24) -> 4 | U24: 0 | V24: 78 | W24: =N24+O24+S24+U24+V24 -> 82 | X24: =IF(L24<0,L24*-1,0) -> 0.16637257 | Y24: =W24+X24 -> 82.166373 | Z24: 0.04 | AA24: 34 | AB24: 7 | AC24: =AC23+1 -> 15
A25: =A24+1 -> 16 | B25: 6910.9 | C25: 325598 | D25: =C25-C24 -> -40 | E25: =C25-152000 -> 173598 | F25: =D25/$D$2 -> -20.166373 | G25: 62 | H25: 0 | I25: =G25+H25 -> 62 | J25: =IF(L25>0,L25,0) -> 0 | K25: =I25+J25 -> 62 | L25: =F25-(I25-W25) -> -0.16637257 | M25: 4 | O25: 0 | P25: =M25-(N25+O25) -> 4 | Q25: 0 | R25: 0 | S25: =SUM(P25:R25) -> 4 | U25: 0 | V25: 78 | W25: =N25+O25+S25+U25+V25 -> 82 | X25: =IF(L25<0,L25*-1,0) -> 0.16637257 | Y25: =W25+X25 -> 82.166373 | Z25: 0.1 | AA25: 32 | AB25: 12 | AC25: =AC24+1 -> 16
A26: =A25+1 -> 17 | B26: 6910.89 | C26: 325558 | D26: =C26-C25 -> -40 | E26: =C26-152000 -> 173558 | F26: =D26/$D$2 -> -20.166373 | G26: 62 | H26: 0 | I26: =G26+H26 -> 62 | J26: =IF(L26>0,L26,0) -> 0 | K26: =I26+J26 -> 62 | L26: =F26-(I26-W26) -> -0.16637257 | M26: 4 | O26: 0 | P26: =M26-(N26+O26) -> 4 | Q26: 0 | R26: 0 | S26: =SUM(P26:R26) -> 4 | U26: 0 | V26: 78 | W26: =N26+O26+S26+U26+V26 -> 82 | X26: =IF(L26<0,L26*-1,0) -> 0.16637257 | Y26: =W26+X26 -> 82.166373 | Z26: 0.67 | AA26: 30 | AB26: 14 | AC26: =AC25+1 -> 17
A27: =A26+1 -> 18 | B27: 6910.88 | C27: 325518 | D27: =C27-C26 -> -40 | E27: =C27-152000 -> 173518 | F27: =D27/$D$2 -> -20.166373 | G27: 62 | H27: 0 | I27: =G27+H27 -> 62 | J27: =IF(L27>0,L27,0) -> 0 | K27: =I27+J27 -> 62 | L27: =F27-(I27-W27) -> -0.16637257 | M27: 4 | N27: 0 | O27: 0 | P27: =M27-(N27+O27) -> 4 | Q27: 0 | R27: 0 | S27: =SUM(P27:R27) -> 4 | U27: 0 | V27: 78 | W27: =N27+O27+S27+U27+V27 -> 82 | X27: =IF(L27<0,L27*-1,0) -> 0.16637257 | Y27: =W27+X27 -> 82.166373 | Z27: 0 | AA27: 30 | AB27: 22 | AC27: =AC26+1 -> 18
A28: =A27+1 -> 19 | B28: 6910.87 | C28: 325478 | D28: =C28-C27 -> -40 | E28: =C28-152000 -> 173478 | F28: =D28/$D$2 -> -20.166373 | G28: 62 | H28: 0 | I28: =G28+H28 -> 62 | J28: =IF(L28>0,L28,0) -> 0 | K28: =I28+J28 -> 62 | L28: =F28-(I28-W28) -> -0.16637257 | M28: 4 | N28: 0 | O28: 0 | P28: =M28-(N28+O28) -> 4 | Q28: 0 | R28: 0 | S28: =SUM(P28:R28) -> 4 | U28: 0 | V28: 78 | W28: =N28+O28+S28+U28+V28 -> 82 | X28: =IF(L28<0,L28*-1,0) -> 0.16637257 | Y28: =W28+X28 -> 82.166373 | Z28: 0 | AA28: 24 | AB28: 10 | AC28: =AC27+1 -> 19
A29: =A28+1 -> 20 | B29: 6910.86 | C29: 325438 | D29: =C29-C28 -> -40 | E29: =C29-152000 -> 173438 | F29: =D29/$D$2 -> -20.166373 | G29: 62 | H29: 0 | I29: =G29+H29 -> 62 | J29: =IF(L29>0,L29,0) -> 0 | K29: =I29+J29 -> 62 | L29: =F29-(I29-W29) -> -0.16637257 | M29: 4 | N29: 0 | O29: 0 | P29: =M29-(N29+O29) -> 4 | Q29: 0 | R29: 0 | S29: =SUM(P29:R29) -> 4 | U29: 0 | V29: 78 | W29: =N29+O29+S29+U29+V29 -> 82 | X29: =IF(L29<0,L29*-1,0) -> 0.16637257 | Y29: =W29+X29 -> 82.166373 | Z29: 0 | AA29: 20 | AB29: -1 | AC29: =AC28+1 -> 20
A30: =A29+1 -> 21 | B30: 6910.85 | C30: 325397 | D30: =C30-C29 -> -41 | E30: =C30-152000 -> 173397 | F30: =D30/$D$2 -> -20.670532 | G30: 62 | H30: 0 | I30: =G30+H30 -> 62 | J30: =IF(L30>0,L30,0) -> 0 | K30: =I30+J30 -> 62 | L30: =F30-(I30-W30) -> -0.67053189 | M30: 4 | N30: 0 | O30: 0 | P30: =M30-(N30+O30) -> 4 | Q30: 0 | R30: 0 | S30: =SUM(P30:R30) -> 4 | U30: 0 | V30: 78 | W30: =N30+O30+S30+U30+V30 -> 82 | X30: =IF(L30<0,L30*-1,0) -> 0.67053189 | Y30: =W30+X30 -> 82.670532 | Z30: 0 | AA30: 20 | AB30: 0 | AC30: =AC29+1 -> 21
A31: =A30+1 -> 22 | B31: 6910.84 | C31: 325357 | D31: =C31-C30 -> -40 | E31: =C31-152000 -> 173357 | F31: =D31/$D$2 -> -20.166373 | G31: 62 | H31: 0 | I31: =G31+H31 -> 62 | J31: =IF(L31>0,L31,0) -> 0 | K31: =I31+J31 -> 62 | L31: =F31-(I31-W31) -> -0.16637257 | M31: 4 | N31: 0 | O31: 0 | P31: =M31-(N31+O31) -> 4 | Q31: 0 | R31: 0 | S31: =SUM(P31:R31) -> 4 | U31: 0 | V31: 78 | W31: =N31+O31+S31+U31+V31 -> 82 | X31: =IF(L31<0,L31*-1,0) -> 0.16637257 | Y31: =W31+X31 -> 82.166373 | Z31: 0 | AA31: 22 | AB31: -4 | AC31: =AC30+1 -> 22
A32: =A31+1 -> 23 | B32: 6910.83 | C32: 325317 | D32: =C32-C31 -> -40 | E32: =C32-152000 -> 173317 | F32: =D32/$D$2 -> -20.166373 | G32: 62 | H32: 0 | I32: =G32+H32 -> 62 | J32: =IF(L32>0,L32,0) -> 0 | K32: =I32+J32 -> 62 | L32: =F32-(I32-W32) -> -0.16637257 | M32: 4 | N32: 0 | O32: 0 | P32: =M32-(N32+O32) -> 4 | Q32: 0 | R32: 0 | S32: =SUM(P32:R32) -> 4 | U32: 0 | V32: 78 | W32: =N32+O32+S32+U32+V32 -> 82 | X32: =IF(L32<0,L32*-1,0) -> 0.16637257 | Y32: =W32+X32 -> 82.166373 | Z32: 0 | AA32: 24 | AB32: 10 | AC32: =AC31+1 -> 23
A33: =A32+1 -> 24 | B33: 6910.82 | C33: 325277 | D33: =C33-C32 -> -40 | E33: =C33-152000 -> 173277 | F33: =D33/$D$2 -> -20.166373 | G33: 62 | H33: 0 | I33: =G33+H33 -> 62 | J33: =IF(L33>0,L33,0) -> 0 | K33: =I33+J33 -> 62 | L33: =F33-(I33-W33) -> -0.16637257 | M33: 4 | N33: 0 | O33: 0 | P33: =M33-(N33+O33) -> 4 | Q33: 0 | R33: 0 | S33: =SUM(P33:R33) -> 4 | U33: 0 | V33: 78 | W33: =N33+O33+S33+U33+V33 -> 82 | X33: =IF(L33<0,L33*-1,0) -> 0.16637257 | Y33: =W33+X33 -> 82.166373 | Z33: 0 | AA33: 25 | AB33: 6 | AC33: =AC32+1 -> 24
A34: =A33+1 -> 25 | B34: 6910.81 | C34: 325237 | D34: =C34-C33 -> -40 | E34: =C34-152000 -> 173237 | F34: =D34/$D$2 -> -20.166373 | G34: 62 | H34: 0 | I34: =G34+H34 -> 62 | J34: =IF(L34>0,L34,0) -> 0 | K34: =I34+J34 -> 62 | L34: =F34-(I34-W34) -> -0.16637257 | M34: 4 | N34: 0 | O34: 0 | P34: =M34-(N34+O34) -> 4 | Q34: 0 | R34: 0 | S34: =SUM(P34:R34) -> 4 | U34: 0 | V34: 78 | W34: =N34+O34+S34+U34+V34 -> 82 | X34: =IF(L34<0,L34*-1,0) -> 0.16637257 | Y34: =W34+X34 -> 82.166373 | Z34: 0 | AA34: 29 | AB34: -3 | AC34: =AC33+1 -> 25
A35: =A34+1 -> 26 | B35: 6910.8 | C35: 325197 | D35: =C35-C34 -> -40 | E35: =C35-152000 -> 173197 | F35: =D35/$D$2 -> -20.166373 | G35: 62 | H35: 0 | I35: =G35+H35 -> 62 | J35: =IF(L35>0,L35,0) -> 0.83362743 | K35: =I35+J35 -> 62.833627 | L35: =F35-(I35-W35) -> 0.83362743 | M35: 4 | N35: 0 | O35: 0 | P35: =M35-(N35+O35) -> 4 | Q35: 0 | R35: 0 | S35: =SUM(P35:R35) -> 4 | U35: 0 | V35: 79 | W35: =N35+O35+S35+U35+V35 -> 83 | X35: =IF(L35<0,L35*-1,0) -> 0 | Y35: =W35+X35 -> 83 | Z35: 0 | AA35: 34 | AB35: 1 | AC35: =AC34+1 -> 26
A36: =A35+1 -> 27 | B36: 6910.78 | C36: 325117 | D36: =C36-C35 -> -80 | E36: =C36-152000 -> 173117 | F36: =D36/$D$2 -> -40.332745 | G36: 45 | H36: 0 | I36: =G36+H36 -> 45 | J36: =IF(L36>0,L36,0) -> 0 | K36: =I36+J36 -> 45 | L36: =F36-(I36-W36) -> -0.33274515 | M36: 4 | N36: 0 | O36: 0 | P36: =M36-(N36+O36) -> 4 | Q36: 0 | R36: 0 | S36: =SUM(P36:R36) -> 4 | U36: 0 | V36: 81 | W36: =N36+O36+S36+U36+V36 -> 85 | X36: =IF(L36<0,L36*-1,0) -> 0.33274515 | Y36: =W36+X36 -> 85.332745 | Z36: 0 | AA36: 48 | AB36: 1 | AC36: =AC35+1 -> 27
A37: =A36+1 -> 28 | B37: 6910.77 | C37: 325076 | D37: =C37-C36 -> -41 | E37: =C37-152000 -> 173076 | F37: =D37/$D$2 -> -20.670532 | G37: 65 | H37: 0 | I37: =G37+H37 -> 65 | J37: =IF(L37>0,L37,0) -> 0 | K37: =I37+J37 -> 65 | L37: =F37-(I37-W37) -> -0.67053189 | M37: 4 | N37: 0 | O37: 0 | P37: =M37-(N37+O37) -> 4 | Q37: 0 | R37: 0 | S37: =SUM(P37:R37) -> 4 | U37: 0 | V37: 81 | W37: =N37+O37+S37+U37+V37 -> 85 | X37: =IF(L37<0,L37*-1,0) -> 0.67053189 | Y37: =W37+X37 -> 85.670532 | Z37: 0 | AA37: 48 | AB37: 12 | AC37: =AC36+1 -> 28
A38: =A37+1 -> 29 | B38: 6910.76 | C38: 325036 | D38: =C38-C37 -> -40 | E38: =C38-152000 -> 173036 | F38: =D38/$D$2 -> -20.166373 | G38: 64 | H38: 0 | I38: =G38+H38 -> 64 | J38: =IF(L38>0,L38,0) -> 0.83362743 | K38: =I38+J38 -> 64.833627 | L38: =F38-(I38-W38) -> 0.83362743 | M38: 4 | O38: 0 | P38: =M38-(N38+O38) -> 4 | Q38: 0 | R38: 0 | S38: =SUM(P38:R38) -> 4 | U38: 0 | V38: 81 | W38: =N38+O38+S38+U38+V38 -> 85 | X38: =IF(L38<0,L38*-1,0) -> 0 | Y38: =W38+X38 -> 85 | Z38: 0 | AA38: 49 | AB38: 22 | AC38: =AC37+1 -> 29
A39: 30 | B39: 6910.75 | C39: 324996 | D39: =C39-C38 -> -40 | E39: =C39-152000 -> 172996 | F39: =D39/$D$2 -> -20.166373 | G39: 63 | H39: 0 | I39: =G39+H39 -> 63 | J39: =IF(L39>0,L39,0) -> 0 | K39: =I39+J39 -> 63 | L39: =F39-(I39-W39) -> -0.16637257 | M39: 4 | O39: 0 | P39: =M39-(N39+O39) -> 4 | Q39: 0 | R39: 0 | S39: =SUM(P39:R39) -> 4 | U39: 0 | V39: 79 | W39: =N39+O39+S39+U39+V39 -> 83 | X39: =IF(L39<0,L39*-1,0) -> 0.16637257 | Y39: =W39+X39 -> 83.166373 | Z39: 0 | AA39: 43 | AB39: 21 | AC39: 30
A40: 31 | B40: 6910.74 | C40: 324956 | D40: =C40-C39 -> -40 | E40: =C40-152000 -> 172956 | F40: =D40/$D$2 -> -20.166373 | G40: 63 | H40: 0 | I40: =G40+H40 -> 63 | J40: =IF(L40>0,L40,0) -> 0 | K40: =I40+J40 -> 63 | L40: =F40-(I40-W40) -> -0.16637257 | M40: 4 | O40: 0 | P40: =M40-(N40+O40) -> 4 | Q40: 0 | R40: 0 | S40: =SUM(P40:R40) -> 4 | U40: 0 | V40: 79 | W40: =N40+O40+S40+U40+V40 -> 83 | X40: =IF(L40<0,L40*-1,0) -> 0.16637257 | Y40: =W40+X40 -> 83.166373 | Z40: 0 | AA40: 40 | AB40: 18 | AC40: 31
AA41: 39
A42: MONTH / CFS | F42: =SUM(F10:F40) -> -648.34888 | G42: =SUM(G10:G40) -> 1894 | H42: =SUM(H10:H40) -> 0 | I42: =SUM(I10:I40) -> 1894 | J42: =SUM(J10:J40) -> 3.9934459 | K42: =SUM(K10:K40) -> 1897.9934 | L42: =SUM(L10:L40) -> -2.3488782 | M42: =SUM(M10:M41) -> 129 | N42: =SUM(N10:N40) -> 0 | O42: =SUM(O10:O40) -> 0 | P42: =SUM(P10:P40) -> 129 | Q42: =SUM(Q10:Q40) -> 0 | R42: =SUM(R10:R40) -> 0 | S42: =SUM(S10:S40) -> 129 | U42: =SUM(U10:U40) -> 0 | V42: =SUM(V10:V40) -> 2411 | W42: =SUM(W10:W40) -> 2540 | X42: =SUM(X10:X40) -> 6.3423242 | Y42: =SUM(Y10:Y40) -> 2546.3423 | Z42: =SUM(Z10:Z40) -> 2 | AA42: =AVERAGE(AA10:AA40) -> 32.612903 | AB42: =AVERAGE(AB10:AB40) -> 8.6129032 | AC42: AVE
A43: MONTH / AF | D43: =SUM(D10:D40) -> -1286 | F43: =F42*$D$2 -> -1286 | G43: =G42*$D$2 -> 3756.749 | H43: =H42*$D$2 -> 0 | I43: =I42*$D$2 -> 3756.749 | J43: =J42*$D$2 -> 7.921 | K43: =K42*$D$2 -> 3764.67 | L43: =L42*$D$2 -> -4.659 | M43: =M42*$D$2 -> 255.8715 | ... S43: =S42*$D$2 -> 255.8715 | U43: =U42*$D$2 -> 0 | V43: =V42*$D$2 -> 4782.2185 | W43: =W42*$D$2 -> 5038.09 | X43: =X42*$D$2 -> 12.58 | Y43: =Y42*$D$2 -> 5050.67 | AA43: =MAX(AA10:AA40) -> 49 | AB43: =MAX(AB10:AB40) -> 22 | AC43: HI
A45: SEASON / CFS | AA45: =MIN(AA10:AA40) -> 20 | AB45: =MIN(AB10:AB40) -> -4 | AC45: LO
A46: SEASON / AF
A48: YTD / CFS | F48: =F8+F42 -> -587.3456 | G48: =G8+G42 -> 8194 | H48: =H8+H42 -> 0 | I48: =I8+I42 -> 8194 | J48: =J8+J42 -> 905.93244 | K48: =K8+K42 -> 9099.9324 | L48: =L8+L42 -> -6.3456012 | M48: =M8+M42 -> 911 | ... S48: =S8+S42 -> 1548 | U48: =U8+U42 -> 0 | V48: =V8+V42 -> 7227 | W48: =W8+W42 -> 8775 | X48: =X8+X42 -> 912.27804 | Y48: =Y8+Y42 -> 9687.278 | Z48: =Z8+Z42 -> 6.14
A49: YTD / AF | D49: =D8+D43 -> -1165 | E49: =E40 -> 172956 | F49: =F48*$D$2 -> -1165 | G49: =G48*$D$2 -> 16252.799 | H49: =H48*$D$2 -> 0 | I49: =I48*$D$2 -> 16252.799 | J49: =J48*$D$2 -> 1796.917 | K49: =K48*$D$2 -> 18049.716 | L49: =L48*$D$2 -> -12.5865 | M49: =M48*$D$2 -> 1806.9685 | ... Y49: =Y48*$D$2 -> 19214.716

Sheet FEB
K1: MC PHEE RESERVOIR IN/OUT FLOW TABULATION
A2: AF/cfs CONVERT FACTOR | D2: 1.9835 | K2: FEBRUARY "1988"
A4: DATE | B4: RESERV | C4: RESERV | D4: AC FT | E4: ACTIVE | F4: CONV TO | G4: DOLORES | H4: LOST | I4: RECORDED | J4: CALC | K4: TOTAL | L4: CALC | M4: TUNNEL | Q4: LONE | R4: U | S4: TOTAL | T4: MVI | U4: DV CR | V4: BELOW | W4: RECORDED | X4: CALC | Y4: TOTAL | Z4: RAIN | AA4: MAX | AB4: MIN | AC4: DATE
A5: FEB | B5: ELEV | C5: AC FT | D5: CHANGE | E5: CAP | F5: CFS | G5: RIVER | H5: CANYON | I5: INFLOW | J5: INFLOW | K5: INFLOW | L5: INF/OTF | M5: TOT DIV | N5: WETLAND | O5: UTE F&R | P5: MVI,CTZ | Q5: PINE | R5: LAT | S5: MVI | T5: CALL | U5: CANAL | V5: MC PHEE | W5: OUTFLOW | X5: OUTFLOW | Y5: OUTFLOW | AA5: TMP | AB5: TMP | AC5: FEB
A7: SEASON BAL
A8: YTD | B8: =JAN!B40 -> 6910.74 | C8: =JAN!C40 -> 324956 | D8: =JAN!$D$49 -> -1165 | E8: =JAN!$E$40 -> 172956 | F8: =JAN!F48 -> -587.3456 | G8: =JAN!G48 -> 8194 | H8: =JAN!H48 -> 0 | I8: =JAN!I48 -> 8194 | J8: =JAN!J48 -> 905.93244 | K8: =JAN!K48 -> 9099.9324 | L8: =JAN!L48 -> -6.3456012 | M8: =JAN!M48 -> 911 | ... Z8: =JAN!Z48 -> 6.14
A10: 1 | B10: 6910.73 | C10: 324916 | D10: =C10-C8 -> -40 | E10: =C10-152000 -> 172916 | F10: =D10/$D$2 -> -20.166373 | G10: 64 | H10: 0 | I10: =G10+H10 -> 64 | J10: =IF(L10>0,L10,0) -> 0 | K10: =I10+J10 -> 64 | L10: =F10-(I10-W10) -> -0.16637257 | M10: 5 | N10: 0 | O10: 0 | P10: =M10-(N10+O10) -> 5 | Q10: 0 | R10: 0 | S10: =SUM(P10:R10) -> 5 | U10: 0 | V10: 79 | W10: =N10+O10+S10+U10+V10 -> 84 | X10: =IF(L10<0,L10*-1,0) -> 0.16637257 | Y10: =W10+X10 -> 84.166373 | Z10: 0.1 | AA10: 38 | AB10: 16 | AC10: 1
A11: =A10+1 -> 2 | B11: 6910.72 | C11: 324876 | D11: =C11-C10 -> -40 | E11: =C11-152000 -> 172876 | F11: =D11/$D$2 -> -20.166373 | G11: 64 | H11: 0 | I11: =G11+H11 -> 64 | J11: =IF(L11>0,L11,0) -> 0 | K11: =I11+J11 -> 64 | L11: =F11-(I11-W11) -> -0.16637257 | M11: 5 | N11: 0 | O11: 0 | P11: =M11-(N11+O11) -> 5 | Q11: 0 | R11: 0 | S11: =SUM(P11:R11) -> 5 | U11: 0 | V11: 79 | W11: =N11+O11+S11+U11+V11 -> 84 | X11: =IF(L11<0,L11*-1,0) -> 0.16637257 | Y11: =W11+X11 -> 84.166373 | Z11: 0.53 | AA11: 34 | AB11: 26 | AC11: =AC10+1 -> 2
A12: =A11+1 -> 3 | B12: 6910.71 | C12: 324836 | D12: =C12-C11 -> -40 | E12: =C12-152000 -> 172836 | F12: =D12/$D$2 -> -20.166373 | G12: 63 | H12: 0 | I12: =G12+H12 -> 63 | J12: =IF(L12>0,L12,0) -> 0.83362743 | K12: =I12+J12 -> 63.833627 | L12: =F12-(I12-W12) -> 0.83362743 | M12: 5 | N12: 0 | O12: 0 | P12: =M12-(N12+O12) -> 5 | Q12: 0 | R12: 0 | S12: =SUM(P12:R12) -> 5 | U12: 0 | V12: 79 | W12: =N12+O12+S12+U12+V12 -> 84 | X12: =IF(L12<0,L12*-1,0) -> 0 | Y12: =W12+X12 -> 84 | Z12: 0 | AA12: 36 | AB12: 24 | AC12: =AC11+1 -> 3
A13: =A12+1 -> 4 | B13: 6910.7 | C13: 324796 | D13: =C13-C12 -> -40 | E13: =C13-152000 -> 172796 | F13: =D13/$D$2 -> -20.166373 | G13: 63 | H13: 0 | I13: =G13+H13 -> 63 | J13: =IF(L13>0,L13,0) -> 0.83362743 | K13: =I13+J13 -> 63.833627 | L13: =F13-(I13-W13) -> 0.83362743 | M13: 5 | N13: 0 | O13: 0 | P13: =M13-(N13+O13) -> 5 | Q13: 0 | R13: 0 | S13: =SUM(P13:R13) -> 5 | U13: 0 | V13: 79 | W13: =N13+O13+S13+U13+V13 -> 84 | X13: =IF(L13<0,L13*-1,0) -> 0 | Y13: =W13+X13 -> 84 | Z13: 0 | AA13: 39 | AB13: 4 | AC13: =AC12+1 -> 4
A14: =A13+1 -> 5 | B14: 6910.69 | C14: 324755 | D14: =C14-C13 -> -41 | E14: =C14-152000 -> 172755 | F14: =D14/$D$2 -> -20.670532 | G14: 63 | H14: 0 | I14: =G14+H14 -> 63 | J14: =IF(L14>0,L14,0) -> 0 | K14: =I14+J14 -> 63 | L14: =F14-(I14-W14) -> -0.67053189 | M14: 4 | N14: 0 | O14: 0 | P14: =M14-(N14+O14) -> 4 | Q14: 0 | R14: 0 | S14: =SUM(P14:R14) -> 4 | U14: 0 | V14: 79 | W14: =N14+O14+S14+U14+V14 -> 83 | X14: =IF(L14<0,L14*-1,0) -> 0.67053189 | Y14: =W14+X14 -> 83.670532 | Z14: 0 | AA14: 39 | AB14: 5 | AC14: =AC13+1 -> 5
A15: =A14+1 -> 6 | B15: 6910.68 | C15: 324715 | D15: =C15-C14 -> -40 | E15: =C15-152000 -> 172715 | F15: =D15/$D$2 -> -20.166373 | G15: 63 | H15: 0 | I15: =G15+H15 -> 63 | J15: =IF(L15>0,L15,0) -> 0 | K15: =I15+J15 -> 63 | L15: =F15-(I15-W15) -> -0.16637257 | M15: 4 | N15: 0 | O15: 0 | P15: =M15-(N15+O15) -> 4 | Q15: 0 | R15: 0 | S15: =SUM(P15:R15) -> 4 | U15: 0 | V15: 79 | W15: =N15+O15+S15+U15+V15 -> 83 | X15: =IF(L15<0,L15*-1,0) -> 0.16637257 | Y15: =W15+X15 -> 83.166373 | Z15: 0 | AA15: 38 | AB15: 7 | AC15: =AC14+1 -> 6
A16: =A15+1 -> 7 | B16: 6910.67 | C16: 324675 | D16: =C16-C15 -> -40 | E16: =C16-152000 -> 172675 | F16: =D16/$D$2 -> -20.166373 | G16: 63 | H16: 0 | I16: =G16+H16 -> 63 | J16: =IF(L16>0,L16,0) -> 0 | K16: =I16+J16 -> 63 | L16: =F16-(I16-W16) -> -0.16637257 | M16: 4 | N16: 0 | O16: 0 | P16: =M16-(N16+O16) -> 4 | Q16: 0 | R16: 0 | S16: =SUM(P16:R16) -> 4 | U16: 0 | V16: 79 | W16: =N16+O16+S16+U16+V16 -> 83 | X16: =IF(L16<0,L16*-1,0) -> 0.16637257 | Y16: =W16+X16 -> 83.166373 | Z16: 0 | AA16: 40 | AB16: 6 | AC16: =AC15+1 -> 7
A17: =A16+1 -> 8 | B17: 6910.66 | C17: 324635 | D17: =C17-C16 -> -40 | E17: =C17-152000 -> 172635 | F17: =D17/$D$2 -> -20.166373 | G17: 62 | H17: 0 | I17: =G17+H17 -> 62 | J17: =IF(L17>0,L17,0) -> 0 | K17: =I17+J17 -> 62 | L17: =F17-(I17-W17) -> -0.16637257 | M17: 4 | N17: 0 | O17: 0 | P17: =M17-(N17+O17) -> 4 | Q17: 0 | R17: 0 | S17: =SUM(P17:R17) -> 4 | U17: 0 | V17: 78 | W17: =N17+O17+S17+U17+V17 -> 82 | X17: =IF(L17<0,L17*-1,0) -> 0.16637257 | Y17: =W17+X17 -> 82.166373 | Z17: 0 | AA17: 39 | AB17: 0 | AC17: =AC16+1 -> 8
A18: =A17+1 -> 9 | B18: 6910.65 | C18: 324595 | D18: =C18-C17 -> -40 | E18: =C18-152000 -> 172595 | F18: =D18/$D$2 -> -20.166373 | G18: 61 | H18: 0 | I18: =G18+H18 -> 61 | J18: =IF(L18>0,L18,0) -> 0 | K18: =I18+J18 -> 61 | L18: =F18-(I18-W18) -> -0.16637257 | M18: 4 | N18: 0 | O18: 0 | P18: =M18-(N18+O18) -> 4 | Q18: 0 | R18: 0 | S18: =SUM(P18:R18) -> 4 | U18: 0 | V18: 77 | W18: =N18+O18+S18+U18+V18 -> 81 | X18: =IF(L18<0,L18*-1,0) -> 0.16637257 | Y18: =W18+X18 -> 81.166373 | Z18: 0 | AA18: 43 | AB18: 8 | AC18: =AC17+1 -> 9
A19: =A18+1 -> 10 | B19: 6910.64 | C19: 324555 | D19: =C19-C18 -> -40 | E19: =C19-152000 -> 172555 | F19: =D19/$D$2 -> -20.166373 | G19: 61 | H19: 0 | I19: =G19+H19 -> 61 | J19: =IF(L19>0,L19,0) -> 0 | K19: =I19+J19 -> 61 | L19: =F19-(I19-W19) -> -0.16637257 | M19: 4 | N19: 0 | O19: 0 | P19: =M19-(N19+O19) -> 4 | Q19: 0 | R19: 0 | S19: =SUM(P19:R19) -> 4 | U19: 0 | V19: 77 | W19: =N19+O19+S19+U19+V19 -> 81 | X19: =IF(L19<0,L19*-1,0) -> 0.16637257 | Y19: =W19+X19 -> 81.166373 | Z19: 0 | AA19: 37 | AB19: 14 | AC19: =AC18+1 -> 10
A20: =A19+1 -> 11 | B20: 6910.63 | C20: 324515 | D20: =C20-C19 -> -40 | E20: =C20-152000 -> 172515 | F20: =D20/$D$2 -> -20.166373 | G20: 61 | H20: 0 | I20: =G20+H20 -> 61 | J20: =IF(L20>0,L20,0) -> 0 | K20: =I20+J20 -> 61 | L20: =F20-(I20-W20) -> -0.16637257 | M20: 4 | N20: 0 | O20: 0 | P20: =M20-(N20+O20) -> 4 | Q20: 0 | R20: 0 | S20: =SUM(P20:R20) -> 4 | U20: 0 | V20: 77 | W20: =N20+O20+S20+U20+V20 -> 81 | X20: =IF(L20<0,L20*-1,0) -> 0.16637257 | Y20: =W20+X20 -> 81.166373 | Z20: 0 | AA20: 43 | AB20: 6 | AC20: =AC19+1 -> 11
A21: =A20+1 -> 12 | B21: 6910.62 | C21: 324474 | D21: =C21-C20 -> -41 | E21: =C21-152000 -> 172474 | F21: =D21/$D$2 -> -20.670532 | G21: 61 | H21: 0 | I21: =G21+H21 -> 61 | J21: =IF(L21>0,L21,0) -> 0.32946811 | K21: =I21+J21 -> 61.329468 | L21: =F21-(I21-W21) -> 0.32946811 | M21: 5 | N21: 0 | O21: 0 | P21: =M21-(N21+O21) -> 5 | Q21: 0 | R21: 0 | S21: =SUM(P21:R21) -> 5 | U21: 0 | V21: 77 | W21: =N21+O21+S21+U21+V21 -> 82 | X21: =IF(L21<0,L21*-1,0) -> 0 | Y21: =W21+X21 -> 82 | Z21: 0 | AA21: 44 | AB21: 12 | AC21: =AC20+1 -> 12
A22: =A21+1 -> 13 | B22: 6910.61 | C22: 324434 | D22: =C22-C21 -> -40 | E22: =C22-152000 -> 172434 | F22: =D22/$D$2 -> -20.166373 | G22: 61 | H22: 0 | I22: =G22+H22 -> 61 | J22: =IF(L22>0,L22,0) -> 0.83362743 | K22: =I22+J22 -> 61.833627 | L22: =F22-(I22-W22) -> 0.83362743 | M22: 5 | N22: 0 | O22: 0 | P22: =M22-(N22+O22) -> 5 | Q22: 0 | R22: 0 | S22: =SUM(P22:R22) -> 5 | U22: 0 | V22: 77 | W22: =N22+O22+S22+U22+V22 -> 82 | X22: =IF(L22<0,L22*-1,0) -> 0 | Y22: =W22+X22 -> 82 | Z22: 0 | AA22: 45 | AB22: 10 | AC22: =AC21+1 -> 13
... A36: =A35+1 -> 27 | B36: 6910.59 | C36: 324354 | D36: =C36-C35 -> 80 | E36: =C36-152000 -> 172354 | F36: =D36/$D$2 -> 40.332745 | G36: 122 | H36: 0 | I36: =G36+H36 -> 122 | J36: =IF(L36>0,L36,0) -> 0 | K36: =I36+J36 -> 122 | L36: =F36-(I36-W36) -> -0.66725485 | M36: 4 | N36: 0 | O36: 0 | P36: =M36-(N36+O36) -> 4 | Q36: 0 | R36: 0 | S36: =SUM(P36:R36) -> 4 | U36: 0 | V36: 77 | W36: =N36+O36+S36+U36+V36 -> 81 | X36: =IF(L36<0,L36*-1,0) -> 0.66725485 | Y36: =W36+X36 -> 81.667255 | Z36: 0 | AA36: 54 | AB36: 23 | AC36: =AC35+1 -> 27
A37: 28 | B37: 6910.62 | C37: 324474 | D37: =C37-C36 -> 120 | E37: =C37-152000 -> 172474 | F37: =D37/$D$2 -> 60.499118 | G37: 142 | H37: 0 | I37: =G37+H37 -> 142 | J37: =IF(L37>0,L37,0) -> 0 | K37: =I37-J37 -> 142 | L37: =F37-(I37-W37) -> -0.50088228 | M37: 4 | N37: 0 | O37: 0 | P37: =M37-(N37+O37) -> 4 | Q37: 0 | R37: 0 | S37: =SUM(P37:R37) -> 4 | U37: 0 | V37: 77 | W37: =N37+O37+S37+U37+V37 -> 81 | X37: =IF(L37<0,L37*-1,0) -> 0.50088228 | Y37: =W37+X37 -> 81.500882 | Z37: 0 | AA37: 53 | AB37: 34 | AC37: 28
A38: 29 | B38: 6910.65 | C38: 324595 | D38: =C38-C37 -> 121 | E38: =C38-152000 -> 172595 | F38: =D38/$D$2 -> 61.003277 | G38: 142 | H38: 0 | I38: =G38+H38 -> 142 | J38: =IF(L38>0,L38,0) -> 0.0032770355 | K38: =I38+J38 -> 142.00328 | L38: =F38-(I38-W38) -> 0.0032770355 | M38: 4 | N38: 0 | O38: 0 | P38: =M38-(N38+O38) -> 4 | Q38: 0 | R38: 0 | S38: =SUM(P38:R38) -> 4 | U38: 0 | V38: 77 | W38: =N38+O38+S38+U38+V38 -> 81 | X38: =IF(L38<0,L38*-1,0) -> 0 | Y38: =W38+X38 -> 81 | Z38: 0.02 | AA38: 53 | AB38: 24 | AC38: 29
A40: MONTH / CFS | F40: =SUM(F10:F38) -> -182.00151 | G40: =SUM(G10:G38) -> 2189 | H40: =SUM(H10:H39) -> 0 | I40: =SUM(I10:I38) -> 2189 | J40: =SUM(J10:J38) -> 5.5008823 | K40: =SUM(K10:K38) -> 2194.5009 | L40: =SUM(L10:L38) -> -1.0015125 | M40: =SUM(M10:M38) -> 123 | N40: =SUM(N10:N38) -> 0 | O40: =SUM(O10:O38) -> 0 | P40: =SUM(P10:P38) -> 123 | ... S40: =SUM(S10:S38) -> 123 | U40: =SUM(U10:U38) -> 0 | V40: =SUM(V10:V38) -> 2247 | W40: =SUM(W10:W38) -> 2370 | X40: =SUM(X10:X38) -> 6.5023948 | Y40: =SUM(Y10:Y38) -> 2376.5024 | Z40: =SUM(Z10:Z38) -> 0.65 | AA40: =AVERAGE(AA10:AA38) -> 42.862069 | AB40: =AVERAGE(AB10:AB38) -> 12.793103 | AC40: AVE
A41: MONTH / AF | D41: =SUM(D10:D38) -> -361 | F41: =F40*$D$2 -> -361 | G41: =G40*$D$2 -> 4341.8815 | H41: =H40*$D$2 -> 0 | I41: =I40*$D$2 -> 4341.8815 | J41: =J40*$D$2 -> 10.911 | K41: =K40*$D$2 -> 4352.7925 | L41: =L40*$D$2 -> -1.9865 | M41: =M40*$D$2 -> 243.9705 | ... S41: =S40*$D$2 -> 243.9705 | U41: =U40*$D$2 -> 0 | V41: =V40*$D$2 -> 4456.9245 | W41: =W40*$D$2 -> 4700.895 | X41: =X40*$D$2 -> 12.8975 | Y41: =Y40*$D$2 -> 4713.7925 | AA41: =MAX(AA10:AA38) -> 54 | AB41: =MAX(AB10:AB38) -> 34 | AC41: HI
A43: SEASON / CFS | AA43: =MIN(AA10:AA38) -> 34 | AB43: =MIN(AB10:AB38) -> 0 | AC43: LO
A44: SEASON / AF
A46: YTD / CFS | F46: =F8+F40 -> -769.34711 | G46: =G8+G40 -> 10383 | H46: =H8+H40 -> 0 | I46: =I8+I40 -> 10383 | J46: =J8+J40 -> 911.43332 | K46: =K8+K40 -> 11294.433 | L46: =L8+L40 -> -7.3471137 | M46: =M8+M40 -> 1034 | ... S46: =S8+S40 -> 1671 | U46: =U8+U40 -> 0 | V46: =V8+V40 -> 9474 | W46: =W8+W40 -> 11145 | X46: =X8+X40 -> 918.78044 | Y46: =Y8+Y40 -> 12063.78 | Z46: =Z8+Z40 -> 6.79
A47: YTD / AF | D47: =D8+D41 -> -1526 | E47: =E38 -> 172595 | F47: =F46*$D$2 -> -1526 | G47: =G46*$D$2 -> 20594.68 | H47: =H46*$D$2 -> 0 | I47: =I46*$D$2 -> 20594.68 | J47: =J46*$D$2 -> 1807.828 | K47: =K46*$D$2 -> 22402.508 | L47: =L46*$D$2 -> -14.573 | M47: =M46*$D$2 -> 2050.939 | ... Y47: =Y46*$D$2 -> 23928.508

Sheet MAR
K1: MC PHEE RESERVOIR IN/OUT FLOW TABULATION
A2: AF/cfs CONVERT FACTOR | D2: 1.9835 | K2: MARCH "1988"
A4: DATE | B4: RESERV | C4: RESERV | D4: AC FT | E4: ACTIVE | F4: CONV TO | G4: DOLORES | H4: LOST | I4: RECORDED | J4: CALC | K4: TOTAL | L4: CALC | M4: TUNNEL | Q4: LONE | R4: U | S4: TOTAL | T4: MVI | U4: DV CR | V4: BELOW | W4: RECORDED | X4: CALC | Y4: TOTAL | Z4: RAIN | AA4: MAX | AB4: MIN | AC4: DATE
A5: MAR | B5: ELEV | C5: AC FT | D5: CHANGE | E5: CAP | F5: CFS | G5: RIVER | H5: CANYON | I5: INFLOW | J5: INFLOW | K5: INFLOW | L5: INF/OTF | M5: TOT DIV | N5: WETLAND | O5: UTE F&R | P5: MVI,CTZ | Q5: PINE | R5: LAT | S5: MVI | T5: CALL | U5: CANAL | V5: MC PHEE | W5: OUTFLOW | X5: OUTFLOW | Y5: OUTFLOW | AA5: TMP | AB5: TMP | AC5: MAR
A7: SEASON BAL
A8: YTD | B8: =FEB!B38 -> 6910.65 | C8: =FEB!C38 -> 324595 | D8: =FEB!$D$47 -> -1526 | E8: =FEB!$E$47 -> 172595 | F8: =FEB!F46 -> -769.34711 | G8: =FEB!G46 -> 10383 | H8: =FEB!H46 -> 0 | I8: =FEB!I46 -> 10383 | J8: =FEB!J46 -> 911.43332 | K8: =FEB!K46 -> 11294.433 | L8: =FEB!L46 -> -7.3471137 | M8: =FEB!M46 -> 1034 | ... Z8: =FEB!Z46 -> 6.79
A10: 1 | B10: 6910.69 | C10: 324755 | D10: =C10-C8 -> 160 | E10: =C10-152000 -> 172755 | F10: =D10/$D$2 -> 80.66549 | G10: 162 | H10: 0 | I10: =G10+H10 -> 162 | J10: =IF(L10>0,L10,0) -> 0 | K10: =I10+J10 -> 162 | L10: =F10-(I10-W10) -> -1.3345097 | M10: 4 | N10: 0 | O10: 0 | P10: =M10-(N10+O10) -> 4 | Q10: 0 | R10: 0 | S10: =SUM(P10:R10) -> 4 | U10: 0 | V10: 76 | W10: =N10+O10+S10+U10+V10 -> 80 | X10: =IF(L10<0,L10*-1,0) -> 1.3345097 | Y10: =W10+X10 -> 81.33451 | Z10: 0 | AA10: 49 | AB10: 25 | AC10: 1
A11: =A10+1 -> 2 | B11: 6910.75 | C11: 324996 | D11: =C11-C10 -> 241 | E11: =C11-152000 -> 172996 | F11: =D11/$D$2 -> 121.50239 | G11: 205 | H11: 0 | I11: =G11+H11 -> 205 | J11: =IF(L11>0,L11,0) -> 0 | K11: =I11+J11 -> 205 | L11: =F11-(I11-W11) -> -1.4976052 | M11: 6 | N11: 0 | O11: 0 | P11: =M11-(N11+O11) -> 6 | Q11: 0 | R11: 0 | S11: =SUM(P11:R11) -> 6 | U11: 0 | V11: 76 | W11: =N11+O11+S11+U11+V11 -> 82 | X11: =IF(L11<0,L11*-1,0) -> 1.4976052 | Y11: =W11+X11 -> 83.497605 | Z11: 0 | AA11: 46 | AB11: 24 | AC11: =AC10+1 -> 2
A12: =A11+1 -> 3 | B12: 6910.8 | C12: 325197 | D12: =C12-C11 -> 201 | E12: =C12-152000 -> 173197 | F12: =D12/$D$2 -> 101.33602 | G12: 188 | H12: 0 | I12: =G12+H12 -> 188 | J12: =IF(L12>0,L12,0) -> 0 | K12: =I12+J12 -> 188 | L12: =F12-(I12-W12) -> -0.66397782 | M12: 9 | N12: 0 | O12: 0 | P12: =M12-(N12+O12) -> 9 | Q12: 0 | R12: 0 | S12: =SUM(P12:R12) -> 9 | U12: 0 | V12: 77 | W12: =N12+O12+S12+U12+V12 -> 86 | X12: =IF(L12<0,L12*-1,0) -> 0.66397782 | Y12: =W12+X12 -> 86.663978 | Z12: 0 | AA12: 44 | AB12: 21 | AC12: =AC11+1 -> 3
A13: =A12+1 -> 4 | B13: 6910.86 | C13: 325438 | D13: =C13-C12 -> 241 | E13: =C13-152000 -> 173438 | F13: =D13/$D$2 -> 121.50239 | G13: 210 | H13: 0 | I13: =G13+H13 -> 210 | J13: =IF(L13>0,L13,0) -> 0 | K13: =I13+J13 -> 210 | L13: =F13-(I13-W13) -> -1.4976052 | M13: 11 | N13: 0 | O13: 0 | P13: =M13-(N13+O13) -> 11 | Q13: 0 | R13: 0 | S13: =SUM(P13:R13) -> 11 | U13: 0 | V13: 76 | W13: =N13+O13+S13+U13+V13 -> 87 | X13: =IF(L13<0,L13*-1,0) -> 1.4976052 | Y13: =W13+X13 -> 88.497605 | Z13: 0 | AA13: 51 | AB13: 19 | AC13: =AC12+1 -> 4
A14: =A13+1 -> 5 | B14: 6910.93 | C14: 325718 | D14: =C14-C13 -> 280 | E14: =C14-152000 -> 173718 | F14: =D14/$D$2 -> 141.16461 | G14: 233 | H14: 0 | I14: =G14+H14 -> 233 | J14: =IF(L14>0,L14,0) -> 0 | K14: =I14+J14 -> 233 | L14: =F14-(I14-W14) -> -0.83539198 | M14: 14 | N14: 0 | O14: 0 | P14: =M14-(N14+O14) -> 14 | Q14: 0 | R14: 0 | S14: =SUM(P14:R14) -> 14 | U14: 0 | V14: 77 | W14: =N14+O14+S14+U14+V14 -> 91 | X14: =IF(L14<0,L14*-1,0) -> 0.83539198 | Y14: =W14+X14 -> 91.835392 | Z14: 0 | AA14: 56 | AB14: 20 | AC14: =AC13+1 -> 5
A15: =A14+1 -> 6 | B15: 6911.01 | C15: 326040 | D15: =C15-C14 -> 322 | E15: =C15-152000 -> 174040 | F15: =D15/$D$2 -> 162.3393 | G15: 128 | H15: 0 | I15: =G15+H15 -> 128 | J15: =IF(L15>0,L15,0) -> 124.3393 | K15: =I15+J15 -> 252.3393 | L15: =F15-(I15-W15) -> 124.3393 | M15: 14 | N15: 0 | O15: 0 | P15: =M15-(N15+O15) -> 14 | Q15: 0 | R15: 0 | S15: =SUM(P15:R15) -> 14 | U15: 0 | V15: 76 | W15: =N15+O15+S15+U15+V15 -> 90 | X15: =IF(L15<0,L15*-1,0) -> 0 | Y15: =W15+X15 -> 90 | Z15: 0.02 | AA15: 48 | AB15: 22 | AC15: =AC14+1 -> 6
A16: =A15+1 -> 7 | B16: 6911.02 | C16: 326080 | D16: =C16-C15 -> 40 | E16: =C16-152000 -> 174080 | F16: =D16/$D$2 -> 20.166373 | G16: 123 | H16: 0 | I16: =G16+H16 -> 123 | J16: =IF(L16>0,L16,0) -> 0 | K16: =I16+J16 -> 123 | L16: =F16-(I16-W16) -> -8.8336274 | M16: 17 | N16: 0 | O16: 0 | P16: =M16-(N16+O16) -> 17 | Q16: 0 | R16: 0 | S16: =SUM(P16:R16) -> 17 | U16: 0 | V16: 77 | W16: =N16+O16+S16+U16+V16 -> 94 | X16: =IF(L16<0,L16*-1,0) -> 8.8336274 | Y16: =W16+X16 -> 102.83363 | Z16: 0 | AA16: 34 | AB16: 18 | AC16: =AC15+1 -> 7
A17: =A16+1 -> 8 | B17: 6911.03 | C17: 326121 | D17: =C17-C16 -> 41 | E17: =C17-152000 -> 174121 | F17: =D17/$D$2 -> 20.670532 | G17: 95 | H17: 0 | I17: =G17+H17 -> 95 | J17: =IF(L17>0,L17,0) -> 20.670532 | K17: =I17+J17 -> 115.67053 | L17: =F17-(I17-W17) -> 20.670532 | M17: 19 | N17: 0 | O17: 0 | P17: =M17-(N17+O17) -> 19 | Q17: 0 | R17: 0 | S17: =SUM(P17:R17) -> 19 | U17: 0 | V17: 76 | W17: =N17+O17+S17+U17+V17 -> 95 | X17: =IF(L17<0,L17*-1,0) -> 0 | Y17: =W17+X17 -> 95 | Z17: 0 | AA17: 39 | AB17: 10 | AC17: =AC16+1 -> 8
A18: =A17+1 -> 9 | B18: 6911.04 | C18: 326161 | D18: =C18-C17 -> 40 | E18: =C18-152000 -> 174161 | F18: =D18/$D$2 -> 20.166373 | G18: 96 | H18: 0 | I18: =G18+H18 -> 96 | J18: =IF(L18>0,L18,0) -> 18.166373 | K18: =I18+J18 -> 114.16637 | L18: =F18-(I18-W18) -> 18.166373 | M18: 19 | N18: 0 | O18: 0 | P18: =M18-(N18+O18) -> 19 | Q18: 0 | R18: 0 | S18: =SUM(P18:R18) -> 19 | U18: 0 | V18: 75 | W18: =N18+O18+S18+U18+V18 -> 94 | X18: =IF(L18<0,L18*-1,0) -> 0 | Y18: =W18+X18 -> 94 | Z18: 0.03 | AA18: 42 | AB18: 13 | AC18: =AC17+1 -> 9
A19: =A18+1 -> 10 | B19: 6911.05 | C19: 326202 | D19: =C19-C18 -> 41 | E19: =C19-152000 -> 174202 | F19: =D19/$D$2 -> 20.670532 | G19: 118 | H19: 0 | I19: =G19+H19 -> 118 | J19: =IF(L19>0,L19,0) -> 0 | K19: =I19+J19 -> 118 | L19: =F19-(I19-W19) -> -2.3294681 | M19: 19 | N19: 0 | O19: 0 | P19: =M19-(N19+O19) -> 19 | Q19: 0 | R19: 0 | S19: =SUM(P19:R19) -> 19 | U19: 0 | V19: 76 | W19: =N19+O19+S19+U19+V19 -> 95 | X19: =IF(L19<0,L19*-1,0) -> 2.3294681 | Y19: =W19+X19 -> 97.329468 | Z19: 0.22 | AA19: 30 | AB19: 20 | AC19: =AC18+1 -> 10
A20: =A19+1 -> 11 | B20: 6911.07 | C20: 326283 | D20: =C20-C19 -> 81 | E20: =C20-152000 -> 174283 | F20: =D20/$D$2 -> 40.836904 | G20: 95 | H20: 0 | I20: =G20+H20 -> 95 | J20: =IF(L20>0,L20,0) -> 36.836904 | K20: =I20+J20 -> 131.8369 | L20: =F20-(I20-W20) -> 36.836904 | M20: 15 | N20: 0 | O20: 0 | P20: =M20-(N20+O20) -> 15 | Q20: 0 | R20: 0 | S20: =SUM(P20:R20) -> 15 | U20: 0 | V20: 76 | W20: =N20+O20+S20+U20+V20 -> 91 | X20: =IF(L20<0,L20*-1,0) -> 0 | Y20: =W20+X20 -> 91 | Z20: 0 | AA20: 32 | AB20: 9 | AC20: =AC19+1 -> 11
A21: =A20+1 -> 12 | B21: 6911.08 | C21: 326323 | D21: =C21-C20 -> 40 | E21: =C21-152000 -> 174323 | F21: =D21/$D$2 -> 20.166373 | G21: 81 | H21: 0 | I21: =G21+H21 -> 81 | J21: =IF(L21>0,L21,0) -> 28.166373 | K21: =I21+J21 -> 109.16637 | L21: =F21-(I21-W21) -> 28.166373 | M21: 13 | N21: 0 | O21: 0 | P21: =M21-(N21+O21) -> 13 | Q21: 0 | R21: 0 | S21: =SUM(P21:R21) -> 13 | U21: 0 | V21: 76 | W21: =N21+O21+S21+U21+V21 -> 89 | X21: =IF(L21<0,L21*-1,0) -> 0 | Y21: =W21+X21 -> 89 | Z21: 0 | AA21: 31 | AB21: 12 | AC21: =AC20+1 -> 12
A22: =A21+1 -> 13 | B22: 6911.09 | C22: 326363 | D22: =C22-C21 -> 40 | E22: =C22-152000 -> 174363 | F22: =D22/$D$2 -> 20.166373 | G22: 99 | H22: 0 | I22: =G22+H22 -> 99 | J22: =IF(L22>0,L22,0) -> 11.166373 | K22: =I22+J22 -> 110.16637 | L22: =F22-(I22-W22) -> 11.166373 | M22: 13 | N22: 0 | O22: 0 | P22: =M22-(N22+O22) -> 13 | Q22: 0 | R22: 0 | S22: =SUM(P22:R22) -> 13 | U22: 0 | V22: 77 | W22: =N22+O22+S22+U22+V22 -> 90 | X22: =IF(L22<0,L22*-1,0) -> 0 | Y22: =W22+X22 -> 90 | Z22: 0 | AA22: 33 | AB22: 14 | AC22: =AC21+1 -> 13
... A38: =A37+1 -> 29 | B38: 6912.5 | C38: 332083 | D38: =C38-C37 -> -244 | E38: =C38-152000 -> 180083 | F38: =D38/$D$2 -> -123.01487 | G38: 248 | H38: 35 | I38: =G38+H38 -> 283 | J38: =IF(L38>0,L38,0) -> 41.985127 | K38: =I38+J38 -> 324.98513 | L38: =F38-(I38-W38) -> 41.985127 | M38: 4 | N38: 0 | O38: 0 | P38: =M38-(N38+O38) -> 4 | Q38: 341 | R38: 22 | S38: =SUM(P38:R38) -> 367 | U38: 0 | V38: 81 | W38: =N38+O38+S38+U38+V38 -> 448 | X38: =IF(L38<0,L38*-1,0) -> 0 | Y38: =W38+X38 -> 448 | Z38: 0 | AA38: 44 | AB38: 8 | AC38: =AC37+1 -> 29
A39: 30 | B39: 6912.39 | C39: 331634 | D39: =C39-C38 -> -449 | E39: =C39-152000 -> 179634 | F39: =D39/$D$2 -> -226.36753 | G39: 249 | H39: 32 | I39: =G39+H39 -> 281 | J39: =IF(L39>0,L39,0) -> 0 | K39: =I39+J39 -> 281 | L39: =F39-(I39-W39) -> -61.367532 | M39: 4 | N39: 0 | O39: 0 | P39: =M39-(N39+O39) -> 4 | Q39: 352 | R39: 10 | S39: =SUM(P39:R39) -> 366 | U39: 0 | V39: 80 | W39: =N39+O39+S39+U39+V39 -> 446 | X39: =IF(L39<0,L39*-1,0) -> 61.367532 | Y39: =W39+X39 -> 507.36753 | Z39: 0.02 | AA39: 41 | AB39: 3 | AC39: 30
A40: 31 | B40: 6912.37 | C40: 331553 | D40: =C40-C39 -> -81 | E40: =C40-152000 -> 179553 | F40: =D40/$D$2 -> -40.836904 | G40: 207 | H40: 23 | I40: =G40+H40 -> 230 | J40: =IF(L40>0,L40,0) -> 162.1631 | K40: =I40+J40 -> 392.1631 | L40: =F40-(I40-W40) -> 162.1631 | M40: 4 | N40: 0 | O40: 0 | P40: =M40-(N40+O40) -> 4 | Q40: 348 | R40: 10 | S40: =SUM(P40:R40) -> 362 | U40: 0 | V40: 71 | W40: =N40+O40+S40+U40+V40 -> 433 | X40: =IF(L40<0,L40*-1,0) -> 0 | Y40: =W40+X40 -> 433 | Z40: 0.13 | AA40: 35 | AB40: 20 | AC40: 31
A42: MONTH / CFS | F42: =SUM(F10:F40) -> 3507.9405 | G42: =SUM(G10:G40) -> 4942 | H42: =SUM(H10:H40) -> 206 | I42: =SUM(I10:I40) -> 5148 | J42: =SUM(J10:J40) -> 2446.3002 | K42: =SUM(K10:K40) -> 7594.3002 | L42: =SUM(L10:L40) -> 2348.9405 | M42: =SUM(M10:M40) -> 285 | ... S42: =SUM(S10:S40) -> 1604 | U42: =SUM(U10:U40) -> 0 | V42: =SUM(V10:V40) -> 2385 | W42: =SUM(W10:W40) -> 3989 | X42: =SUM(X10:X40) -> 97.359718 | Y42: =SUM(Y10:Y40) -> 4086.3597 | Z42: =SUM(Z10:Z40) -> 0.5 | AA42: =AVERAGE(AA10:AA40) -> 45.645161 | AB42: =AVERAGE(AB10:AB40) -> 17.451613 | AC42: AVE
A43: MONTH / AF | D43: =SUM(D10:D40) -> 6958 | F43: =F42*$D$2 -> 6958 | G43: =G42*$D$2 -> 9802.457 | H43: =H42*$D$2 -> 408.601 | I43: =I42*$D$2 -> 10211.058 | J43: =J42*$D$2 -> 4852.2365 | K43: =K42*$D$2 -> 15063.294 | L43: =L42*$D$2 -> 4659.1235 | M43: =M42*$D$2 -> 565.2975 | ... S43: =S42*$D$2 -> 3181.534 | U43: =U42*$D$2 -> 0 | V43: =V42*$D$2 -> 4730.6475 | W43: =W42*$D$2 -> 7912.1815 | X43: =X42*$D$2 -> 193.113 | Y43: =Y42*$D$2 -> 8105.2945 | AA43: =MAX(AA10:AA40) -> 63 | AB43: =MAX(AB10:AB40) -> 26 | AC43: HI
A45: SEASON / CFS | AA45: =MIN(AA10:AA40) -> 30 | AB45: =MIN(AB10:AB40) -> 3 | AC45: LO
A46: SEASON / AF
A48: YTD / CFS | F48: =F8+F42 -> 2738.5934 | G48: =G8+G42 -> 15325 | H48: =H8+H42 -> 206 | I48: =I8+I42 -> 15531 | J48: =J8+J42 -> 3357.7336 | K48: =K8+K42 -> 18888.734 | L48: =L8+L42 -> 2341.5934 | M48: =M8+M42 -> 1319 | ... S48: =S8+S42 -> 3275 | U48: =U8+U42 -> 0 | V48: =V8+V42 -> 11859 | W48: =W8+W42 -> 15134 | X48: =X8+X42 -> 1016.1402 | Y48: =Y8+Y42 -> 16150.14 | Z48: =Z8+Z42 -> 7.29
A49: YTD / AF | D49: =D8+D43 -> 5432 | E49: =E40 -> 179553 | F49: =F48*$D$2 -> 5432 | G49: =G48*$D$2 -> 30397.138 | H49: =H48*$D$2 -> 408.601 | I49: =I48*$D$2 -> 30805.738 | J49: =J48*$D$2 -> 6660.0645 | K49: =K48*$D$2 -> 37465.803 | L49: =L48*$D$2 -> 4644.5505 | M49: =M48*$D$2 -> 2616.2365 | ... Y49: =Y48*$D$2 -> 32033.803

Sheet APR
K1: MC PHEE RESERVOIR IN/OUT FLOW TABULATION
A2: AF/cfs CONVERT FACTOR | D2: 1.9835 | K2: APRIL "1988"
X3: 5
A4: DATE | B4: RESERV | C4: RESERV | D4: AC FT | E4: ACTIVE | F4: CONV TO | G4: DOLORES | H4: LOST | I4: RECORDED | J4: CALC | K4: TOTAL | L4: CALC | M4: TUNNEL | Q4: LONE | R4: U | S4: TOTAL | T4: MVI | U4: DV CR | V4: BELOW | W4: RECORDED | X4: CALC | Y4: TOTAL | Z4: RAIN | AA4: MAX | AB4: MIN | AC4: DATE
A5: "APR" | B5: ELEV | C5: AC FT | D5: CHANGE | E5: CAP | F5: CFS | G5: RIVER | H5: CANYON | I5: INFLOW | J5: INFLOW | K5: INFLOW | L5: INF/OTF | M5: TOT DIV | N5: WETLAND | O5: UTE F&R | P5: MVI/CTZ/MWC | Q5: PINE | R5: LAT | S5: MVI | T5: CALL | U5: CANAL | V5: MC PHEE | W5: OUTFLOW | X5: OUTFLOW | Y5: OUTFLOW | AA5: TMP | AB5: TMP | AC5: "APR"
A7: SEASON BAL
A8: YTD | B8: =MAR!B40 -> 6912.37 | C8: =MAR!C40 -> 331553 | D8: =MAR!D49 -> 5432 | E8: =MAR!E49 -> 179553 | F8: =MAR!F48 -> 2738.5934 | G8: =MAR!G48 -> 15325 | H8: =MAR!H48 -> 206 | I8: =MAR!I48 -> 15531 | J8: =MAR!J48 -> 3357.7336 | K8: =MAR!K48 -> 18888.734 | L8: =MAR!L48 -> 2341.5934 | M8: =MAR!M48 -> 1319 | ... Z8: =MAR!Z48 -> 7.29
A10: 1 | B10: 6912.4 | C10: 331675 | D10: =C10-C8 -> 122 | E10: =C10-152000 -> 179675 | F10: =D10/$D$2 -> 61.507436 | G10: 169 | H10: 12 | I10: =G10+H10 -> 181 | J10: =IF(L10>0,L10,0) -> 225.50744 | K10: =I10+J10 -> 406.50744 | L10: =F10-(I10-W10) -> 225.50744 | M10: 4 | N10: 0 | O10: 0 | P10: =M10-(N10+O10) -> 4 | Q10: 236 | R10: 27 | S10: =SUM(P10:R10) -> 267 | T10: =I10-S10 -> -86 | U10: 0 | V10: 78 | W10: =N10+O10+S10+U10+V10 -> 345 | X10: =IF(L10<0,L10*-1,0) -> 0 | Y10: =W10+X10 -> 345 | Z10: 0 | AA10: 40 | AB10: 14 | AC10: 1
A11: =A10+1 -> 2 | B11: 6912.43 | C11: 331797 | D11: =C11-C10 -> 122 | E11: =C11-152000 -> 179797 | F11: =D11/$D$2 -> 61.507436 | G11: 191 | H11: 15 | I11: =G11+H11 -> 206 | J11: =IF(L11>0,L11,0) -> 58.507436 | K11: =I11+J11 -> 264.50744 | L11: =F11-(I11-W11) -> 58.507436 | M11: 4 | N11: 0 | O11: 0 | P11: =M11-(N11+O11) -> 4 | Q11: 117 | R11: 0 | S11: =SUM(P11:R11) -> 121 | T11: =(I11-S11)+T10 -> -1 | U11: 0 | V11: 82 | W11: =N11+O11+S11+U11+V11 -> 203 | X11: =IF(L11<0,L11*-1,0) -> 0 | Y11: =W11+X11 -> 203 | Z11: 0 | AA11: 52 | AB11: 21 | AC11: =AC10+1 -> 2
A12: =A11+1 -> 3 | B12: 6912.47 | C12: 331960 | D12: =C12-C11 -> 163 | E12: =C12-152000 -> 179960 | F12: =D12/$D$2 -> 82.177968 | G12: 207 | H12: 16 | I12: =G12+H12 -> 223 | J12: =IF(L12>0,L12,0) -> 62.177968 | K12: =I12+J12 -> 285.17797 | L12: =F12-(I12-W12) -> 62.177968 | M12: 4 | N12: 0 | O12: 0 | P12: =M12-(N12+O12) -> 4 | Q12: 117 | R12: 0 | S12: =SUM(P12:R12) -> 121 | T12: =(I12-S12)+T11 -> 101 | U12: 0 | V12: 82 | W12: =N12+O12+S12+U12+V12 -> 203 | X12: =IF(L12<0,L12*-1,0) -> 0 | Y12: =W12+X12 -> 203 | Z12: 0 | AA12: 59 | AB12: 22 | AC12: =AC11+1 -> 3
A13: =A12+1 -> 4 | B13: 6912.55 | C13: 332287 | D13: =C13-C12 -> 327 | E13: =C13-152000 -> 180287 | F13: =D13/$D$2 -> 164.8601 | G13: 237 | H13: 20 | I13: =G13+H13 -> 257 | J13: =IF(L13>0,L13,0) -> 120.8601 | K13: =I13+J13 -> 377.8601 | L13: =F13-(I13-W13) -> 120.8601 | M13: 13 | N13: 0 | O13: 0 | P13: =M13-(N13+O13) -> 13 | Q13: 117 | R13: 0 | S13: =SUM(P13:R13) -> 130 | T13: =(I13-S13)+T12 -> 228 | U13: 0 | V13: 83 | W13: =N13+O13+S13+U13+V13 -> 213 | X13: =IF(L13<0,L13*-1,0) -> 0 | Y13: =W13+X13 -> 213 | Z13: 0 | AA13: 50 | AB13: 22 | AC13: =AC12+1 -> 4
A14: =A13+1 -> 5 | B14: 6912.73 | C14: 330020 | D14: =C14-C13 -> -2267 | E14: =C14-152000 -> 178020 | F14: =D14/$D$2 -> -1142.9292 | G14: 245 | H14: 18 | I14: =G14+H14 -> 263 | J14: =IF(L14>0,L14,0) -> 0 | K14: =I14+J14 -> 263 | L14: =F14-(I14-W14) -> -1230.9292 | M14: 18 | N14: 0 | O14: 0 | P14: =M14-(N14+O14) -> 18 | Q14: 75 | R14: 0 | S14: =SUM(P14:R14) -> 93 | T14: =(I14-S14)+T13 -> 398 | U14: 0 | V14: 82 | W14: =N14+O14+S14+U14+V14 -> 175 | X14: =IF(L14<0,L14*-1,0) -> 1230.9292 | Y14: =W14+X14 -> 1405.9292 | Z14: 0 | AA14: 56 | AB14: 10 | AC14: =AC13+1 -> 5
A15: =A14+1 -> 6 | B15: 6912.87 | C15: 333591 | D15: =C15-C14 -> 3571 | E15: =C15-152000 -> 181591 | F15: =D15/$D$2 -> 1800.3529 | G15: 290 | H15: 26 | I15: =G15+H15 -> 316 | J15: =IF(L15>0,L15,0) -> 1589.3529 | K15: =I15+J15 -> 1905.3529 | L15: =F15-(I15-W15) -> 1589.3529 | M15: 22 | N15: 0 | O15: 0 | P15: =M15-(N15+O15) -> 22 | Q15: 0 | R15: 0 | S15: =SUM(P15:R15) -> 22 | T15: =(I15-S15)+T14 -> 692 | U15: 0 | V15: 83 | W15: =N15+O15+S15+U15+V15 -> 105 | X15: =IF(L15<0,L15*-1,0) -> 0 | Y15: =W15+X15 -> 105 | Z15: 0 | AA15: 63 | AB15: 25 | AC15: =AC14+1 -> 6
A16: =A15+1 -> 7 | B16: 6913.25 | C16: 335149 | D16: =C16-C15 -> 1558 | E16: =C16-152000 -> 183149 | F16: =D16/$D$2 -> 785.48021 | G16: 423 | H16: 42 | I16: =G16+H16 -> 465 | J16: =IF(L16>0,L16,0) -> 440.48021 | K16: =I16+J16 -> 905.48021 | L16: =F16-(I16-W16) -> 440.48021 | M16: 35 | N16: 0 | O16: 0 | P16: =M16-(N16+O16) -> 35 | Q16: 0 | R16: 0 | S16: =SUM(P16:R16) -> 35 | T16: =(I16-S16)+T15 -> 1122 | U16: 0 | V16: 85 | W16: =N16+O16+S16+U16+V16 -> 120 | X16: =IF(L16<0,L16*-1,0) -> 0 | Y16: =W16+X16 -> 120 | Z16: 0 | AA16: 68 | AB16: 29 | AC16: =AC15+1 -> 7
A17: =A16+1 -> 8 | B17: 6913.5 | C17: 336176 | D17: =C17-C16 -> 1027 | E17: =C17-152000 -> 184176 | F17: =D17/$D$2 -> 517.77162 | G17: 586 | H17: 73 | I17: =G17+H17 -> 659 | J17: =IF(L17>0,L17,0) -> 0 | K17: =I17+J17 -> 659 | L17: =F17-(I17-W17) -> -14.228384 | M17: 41 | N17: 0 | O17: 0 | P17: =M17-(N17+O17) -> 41 | Q17: 0 | R17: 0 | S17: =SUM(P17:R17) -> 41 | T17: =(I17-S17)+T16 -> 1740 | U17: 0 | V17: 86 | W17: =N17+O17+S17+U17+V17 -> 127 | X17: =IF(L17<0,L17*-1,0) -> 14.228384 | Y17: =W17+X17 -> 141.22838 | Z17: 0 | AA17: 62 | AB17: 32 | AC17: =AC16+1 -> 8
A18: =A17+1 -> 9 | B18: 6913.95 | C18: 338025 | D18: =C18-C17 -> 1849 | E18: =C18-152000 -> 186025 | F18: =D18/$D$2 -> 932.19057 | G18: 596 | H18: 66 | I18: =G18+H18 -> 662 | J18: =IF(L18>0,L18,0) -> 400.19057 | K18: =I18+J18 -> 1062.1906 | L18: =F18-(I18-W18) -> 400.19057 | M18: 43 | N18: 0 | O18: 0 | P18: =M18-(N18+O18) -> 43 | Q18: 0 | R18: 0 | S18: =SUM(P18:R18) -> 43 | T18: =(I18-S18)+T17 -> 2359 | U18: 0 | V18: 87 | W18: =N18+O18+S18+U18+V18 -> 130 | X18: =IF(L18<0,L18*-1,0) -> 0 | Y18: =W18+X18 -> 130 | Z18: 0 | AA18: 61 | AB18: 20 | AC18: =AC17+1 -> 9
A19: =A18+1 -> 10 | B19: 6914.26 | C19: 339307 | D19: =C19-C18 -> 1282 | E19: =C19-152000 -> 187307 | F19: =D19/$D$2 -> 646.33224 | G19: 522 | H19: 44 | I19: =G19+H19 -> 566 | J19: =IF(L19>0,L19,0) -> 210.33224 | K19: =I19+J19 -> 776.33224 | L19: =F19-(I19-W19) -> 210.33224 | M19: 43 | N19: 0 | O19: 0 | P19: =M19-(N19+O19) -> 43 | Q19: 0 | R19: 0 | S19: =SUM(P19:R19) -> 43 | T19: =(I19-S19)+T18 -> 2882 | U19: 0 | V19: 87 | W19: =N19+O19+S19+U19+V19 -> 130 | X19: =IF(L19<0,L19*-1,0) -> 0 | Y19: =W19+X19 -> 130 | Z19: 0 | AA19: 62 | AB19: 22 | AC19: =AC18+1 -> 10
A20: =A19+1 -> 11 | B20: 6914.57 | C20: 340591 | D20: =C20-C19 -> 1284 | E20: =C20-152000 -> 188591 | F20: =D20/$D$2 -> 647.34056 | G20: 521 | H20: 36 | I20: =G20+H20 -> 557 | J20: =IF(L20>0,L20,0) -> 226.34056 | K20: =I20+J20 -> 783.34056 | L20: =F20-(I20-W20) -> 226.34056 | M20: 49 | N20: 0 | O20: 0 | P20: =M20-(N20+O20) -> 49 | Q20: 0 | R20: 0 | S20: =SUM(P20:R20) -> 49 | T20: =(I20-S20)+T19 -> 3390 | U20: 0 | V20: 87 | W20: =N20+O20+S20+U20+V20 -> 136 | X20: =IF(L20<0,L20*-1,0) -> 0 | Y20: =W20+X20 -> 136 | Z20: 0 | AA20: 69 | AB20: 24 | AC20: =AC19+1 -> 11
A21: =A20+1 -> 12 | B21: 6915 | C21: 342372 | D21: =C21-C20 -> 1781 | E21: =C21-152000 -> 190372 | F21: =D21/$D$2 -> 897.90774 | G21: 632 | H21: 47 | I21: =G21+H21 -> 679 | J21: =IF(L21>0,L21,0) -> 358.90774 | K21: =I21+J21 -> 1037.9077 | L21: =F21-(I21-W21) -> 358.90774 | M21: 53 | N21: 0 | O21: 0 | P21: =M21-(N21+O21) -> 53 | Q21: 0 | R21: 0 | S21: =SUM(P21:R21) -> 53 | T21: =(I21-S21)+T20 -> 4016 | U21: 0 | V21: 87 | W21: =N21+O21+S21+U21+V21 -> 140 | X21: =IF(L21<0,L21*-1,0) -> 0 | Y21: =W21+X21 -> 140 | Z21: 0 | AA21: 69 | AB21: 32 | AC21: =AC20+1 -> 12
A22: =A21+1 -> 13 | B22: 6915.43 | C22: 344167 | D22: =C22-C21 -> 1795 | E22: =C22-152000 -> 192167 | F22: =D22/$D$2 -> 904.96597 | G22: 811 | H22: 61 | I22: =G22+H22 -> 872 | J22: =IF(L22>0,L22,0) -> 172.96597 | K22: =I22+J22 -> 1044.966 | L22: =F22-(I22-W22) -> 172.96597 | M22: 53 | N22: 0 | O22: 0 | P22: =M22-(N22+O22) -> 53 | Q22: 0 | R22: 0 | S22: =SUM(P22:R22) -> 53 | T22: =(I22-S22)+T21 -> 4835 | U22: 0 | V22: 87 | W22: =N22+O22+S22+U22+V22 -> 140 | X22: =IF(L22<0,L22*-1,0) -> 0 | Y22: =W22+X22 -> 140 | Z22: 0 | AA22: 71 | AB22: 36 | AC22: =AC21+1 -> 13
... A36: =A35+1 -> 27 | B36: 6920.36 | C36: 365136 | D36: =C36-C35 -> 1433 | E36: =C36-152000 -> 213136 | F36: =D36/$D$2 -> 722.4603 | G36: 626 | H36: 59 | I36: =G36+H36 -> 685 | J36: =IF(L36>0,L36,0) -> 275.4603 | K36: =I36+J36 -> 960.4603 | L36: =F36-(I36-W36) -> 275.4603 | M36: 69 | N36: 0 | O36: 0 | P36: =M36-(N36+O36) -> 69 | Q36: 72 | R36: 10 | S36: =SUM(P36:R36) -> 151 | T36: =(I36-S36)+T35 -> 12842 | U36: 4 | V36: 83 | W36: =N36+O36+S36+U36+V36 -> 238 | X36: =IF(L36<0,L36*-1,0) -> 0 | Y36: =W36+X36 -> 238 | Z36: 0 | AA36: 63 | AB36: 31 | AC36: =AC35+1 -> 27
A37: =A36+1 -> 28 | B37: 6920.66 | C37: 366439 | D37: =C37-C36 -> 1303 | E37: =C37-152000 -> 214439 | F37: =D37/$D$2 -> 656.91959 | G37: 710 | H37: 54 | I37: =G37+H37 -> 764 | J37: =IF(L37>0,L37,0) -> 238.91959 | K37: =I37+J37 -> 1002.9196 | L37: =F37-(I37-W37) -> 238.91959 | M37: 70 | N37: 0 | O37: 0 | P37: =M37-(N37+O37) -> 70 | Q37: 72 | R37: 18 | S37: =SUM(P37:R37) -> 160 | T37: =T36 -> 12842 | U37: 27 | V37: 159 | W37: =N37+O37+S37+U37+V37 -> 346 | X37: =IF(L37<0,L37*-1,0) -> 0 | Y37: =W37+X37 -> 346 | Z37: 0.06 | AA37: 59 | AB37: 42 | AC37: =AC36+1 -> 28
A38: =A37+1 -> 29 | B38: 6921 | C38: 367915 | D38: =C38-C37 -> 1476 | E38: =C38-152000 -> 215915 | F38: =D38/$D$2 -> 744.13915 | G38: 780 | H38: 63 | I38: =G38+H38 -> 843 | J38: =IF(L38>0,L38,0) -> 316.13915 | K38: =I38+J38 -> 1159.1391 | L38: =F38-(I38-W38) -> 316.13915 | M38: 75 | N38: 0 | O38: 0 | P38: =M38-(N38+O38) -> 75 | Q38: 73 | R38: 26 | S38: =SUM(P38:R38) -> 174 | T38: =T37 -> 12842 | U38: 11 | V38: 230 | W38: =N38+O38+S38+U38+V38 -> 415 | X38: =IF(L38<0,L38*-1,0) -> 0 | Y38: =W38+X38 -> 415 | Z38: 0 | AA38: 60 | AB38: 32 | AC38: =AC37+1 -> 29
A39: 30 | B39: 6921.3 | C39: 369228 | D39: =C39-C38 -> 1313 | E39: =C39-152000 -> 217228 | F39: =D39/$D$2 -> 661.96118 | G39: 886 | H39: 104 | I39: =G39+H39 -> 990 | J39: =IF(L39>0,L39,0) -> 95.96118 | K39: =I39+J39 -> 1085.9612 | L39: =F39-(I39-W39) -> 95.96118 | M39: 95 | N39: 0 | O39: 0 | P39: =M39-(N39+O39) -> 95 | Q39: 73 | R39: 27 | S39: =SUM(P39:R39) -> 195 | T39: =T38 -> 12842 | U39: 0 | V39: 229 | W39: =N39+O39+S39+U39+V39 -> 424 | X39: =IF(L39<0,L39*-1,0) -> 0 | Y39: =W39+X39 -> 424 | Z39: 0 | AA39: 55 | AB39: 28 | AC39: 30
A41: MONTH / CFS | F41: =SUM(F10:F39) -> 18994.202 | G41: =SUM(G10:G39) -> 16757 | H41: =SUM(H10:H39) -> 1331 | I41: =SUM(I10:I39) -> 18088 | J41: =SUM(J10:J39) -> 8477.6862 | K41: =SUM(K10:K39) -> 26565.686 | L41: =SUM(L10:L39) -> 7131.2022 | M41: =SUM(M10:M39) -> 1564 | ... S41: =SUM(S10:S39) -> 3178 | U41: =SUM(U10:U39) -> 143 | V41: =SUM(V10:V39) -> 2904 | W41: =SUM(W10:W39) -> 6225 | X41: =SUM(X10:X39) -> 1346.484 | Y41: =SUM(Y10:Y39) -> 7571.484 | Z41: =SUM(Z10:Z39) -> 2.15 | AA41: =AVERAGE(AA10:AA39) -> 55.8 | AB41: =AVERAGE(AB10:AB39) -> 27.666667 | AC41: Avg
A42: MONTH / AF | D42: =SUM(D10:D39) -> 37675 | F42: =F41*$D$2 -> 37675 | G42: =G41*$D$2 -> 33237.51 | H42: =H41*$D$2 -> 2640.0385 | I42: =I41*$D$2 -> 35877.548 | J42: =J41*$D$2 -> 16815.49 | K42: =K41*$D$2 -> 52693.039 | L42: =L41*$D$2 -> 14144.739 | M42: =M41*$D$2 -> 3102.194 | ... S42: =S41*$D$2 -> 6303.563 | U42: =U41*$D$2 -> 283.6405 | V42: =V41*$D$2 -> 5760.084 | W42: =W41*$D$2 -> 12347.288 | X42: =X41*$D$2 -> 2670.751 | Y42: =Y41*$D$2 -> 15018.039 | AA42: =MAX(AA10:AA39) -> 71 | AB42: =MAX(AB10:AB39) -> 42 | AC42: HI
A44: SEASON / CFS | F44: =F7+F41 -> 18994.202 | G44: =G7+G41 -> 16757 | H44: =H7+H41 -> 1331 | I44: =I7+I41 -> 18088 | J44: =J7+J41 -> 8477.6862 | K44: =K7+K41 -> 26565.686 | L44: =L7+L41 -> 7131.2022 | M44: =M7+M41 -> 1564 | ... S44: =S7+S41 -> 3178 | T44: =T39 -> 12842 | U44: =U7+U41 -> 143 | V44: =V7+V41 -> 2904 | W44: =W7+W41 -> 6225 | X44: =X7+X41 -> 1346.484 | Y44: =Y7+Y41 -> 7571.484 | AA44: =MIN(AA10:AA39) -> 37 | AB44: =MIN(AB10:AB39) -> 10 | AC44: LO
A45: SEASON / AF | F45: =F44*$D$2 -> 37675 | G45: =G44*$D$2 -> 33237.51 | H45: =H44*$D$2 -> 2640.0385 | I45: =I44*$D$2 -> 35877.548 | J45: =J44*$D$2 -> 16815.49 | K45: =K44*$D$2 -> 52693.039 | L45: =L44*$D$2 -> 14144.739 | M45: =M44*$D$2 -> 3102.194 | ... Y45: =Y44*$D$2 -> 15018.039
A47: YTD / CFS | F47: =F8+F41 -> 21732.796 | G47: =G8+G41 -> 32082 | H47: =H8+H41 -> 1537 | I47: =I8+I41 -> 33619 | J47: =J8+J41 -> 11835.42 | K47: =K8+K41 -> 45454.42 | L47: =L8+L41 -> 9472.7956 | M47: =M8+M41 -> 2883 | ... S47: =S8+S41 -> 6453 | U47: =U8+U41 -> 143 | V47: =V8+V41 -> 14763 | W47: =W8+W41 -> 21359 | X47: =X8+X41 -> 2362.6241 | Y47: =Y8+Y41 -> 23721.624 | Z47: =Z8+Z41 -> 9.44
A48: YTD / AF | D48: =D8+D42 -> 43107 | E48: =E39 -> 217228 | F48: =F47*$D$2 -> 43107 | G48: =G47*$D$2 -> 63634.647 | H48: =H47*$D$2 -> 3048.6395 | I48: =I47*$D$2 -> 66683.287 | J48: =J47*$D$2 -> 23475.555 | K48: =K47*$D$2 -> 90158.841 | L48: =L47*$D$2 -> 18789.29 | M48: =M47*$D$2 -> 5718.4305 | ... Y48: =Y47*$D$2 -> 47051.842
Z50: 34790 | AA50: 56 | AB50: 32 | AC50: Avg
AA51: 67 | AB51: 40 | AC51: hi
AA52: 36 | AB52: 22 | AC52: lo
Z53: 35156 | AA53: 60 | AB53: 32 | AC53: Avg
Z54: 76 | AA54: 42 | AB54: hi
Z55: 41 | AA55: 21 | AB55: lo

Sheet MAY
K1: MC PHEE RESERVOIR IN/OUT FLOW TABULATION
A2: AF/cfs CONVERT FACTOR | D2: 1.9835 | K2: MAY "1988"
A4: DATE | B4: RESERV | C4: RESERV | D4: AC FT | E4: ACTIVE | F4: CONV TO | G4: DOLORES | H4: LOST | I4: RECORDED | J4: CALC | K4: TOTAL | L4: CALC | M4: TUNNEL | Q4: LONE | R4: U | S4: TOTAL | T4: MVI | U4: DV CR | V4: BELOW | W4: RECORDED | X4: CALC | Y4: TOTAL | Z4: RAIN | AA4: MAX | AB4: MIN | AC4: DATE
A5: "MAY" | B5: ELEV | C5: AC FT | D5: CHANGE | E5: CAP | F5: CFS | G5: RIVER | H5: CANYON | I5: INFLOW | J5: INFLOW | K5: INFLOW | L5: INF/OTF | M5: TOT DIV | N5: WETLAND | O5: UTE F&R | P5: MVI,CTZ | Q5: PINE | R5: LAT | S5: MVI | T5: CALL | U5: CANAL | V5: MC PHEE | W5: OUTFLOW | X5: OUTFLOW | Y5: OUTFLOW | AA5: TMP | AB5: TMP | AC5: "MAY"
A7: SEASON BAL | F7: =APR!F44 -> 18994.202 | G7: =APR!G44 -> 16757 | H7: =APR!H44 -> 1331 | I7: =APR!I44 -> 18088 | J7: =APR!J44 -> 8477.6862 | K7: =APR!K44 -> 26565.686 | L7: =APR!L44 -> 7131.2022 | M7: =APR!M44 -> 1564 | ... Y7: =APR!Y44 -> 7571.484
A8: YTD | B8: =APR!B39 -> 6921.3 | C8: =APR!C39 -> 369228 | D8: =APR!D48 -> 43107 | E8: =APR!E48 -> 217228 | F8: =APR!F47 -> 21732.796 | G8: =APR!G47 -> 32082 | H8: =APR!H47 -> 1537 | I8: =APR!I47 -> 33619 | J8: =APR!J47 -> 11835.42 | K8: =APR!K47 -> 45454.42 | L8: =APR!L47 -> 9472.7956 | M8: =APR!M47 -> 2883 | ... S8: =APR!S47 -> 6453 | T8: =APR!T45 -> 25472.107 | U8: =APR!U47 -> 143 | V8: =APR!V47 -> 14763 | W8: =APR!W47 -> 21359 | X8: =APR!X47 -> 2362.6241 | Y8: =APR!Y47 -> 23721.624 | Z8: =APR!Z47 -> 9.44
A10: 1 | B10: 6921.76 | C10: 371243 | D10: =C10-C8 -> 2015 | E10: =C10-152000 -> 219243 | F10: =D10/$D$2 -> 1015.881 | G10: 1075 | H10: 111 | I10: =G10+H10 -> 1186 | J10: =IF(L10>0,L10) -> 253.88102 | K10: =I10+J10 -> 1439.881 | L10: =F10-(I10-W10) -> 253.88102 | M10: 95 | N10: 0 | O10: 0 | P10: =M10-(N10+O10) -> 95 | Q10: 73 | R10: 28 | S10: =SUM(P10:R10) -> 196 | T10: =T7 -> 12842 | U10: 0 | V10: 228 | W10: =N10+O10+S10+U10+V10 -> 424 | X10: =IF(L10<0,L10*-1,0) -> 0 | Y10: =W10+X10 -> 424 | Z10: 0 | AA10: 45 | AB10: 26 | AC10: 1
A11: =A10+1 -> 2 | B11: 6921.62 | C11: 370630 | D11: =C11-C10 -> -613 | E11: =C11-152000 -> 218630 | F11: =D11/$D$2 -> -309.04966 | G11: 859 | H11: 68 | I11: =G11+H11 -> 927 | J11: =IF(L11>0,L11,0) -> 0 | K11: =I11+J11 -> 927 | L11: =F11-(I11-W11) -> -262.04966 | M11: 107 | N11: 0 | O11: 0 | P11: =M11-(N11+O11) -> 107 | Q11: 98 | R11: 27 | S11: =SUM(P11:R11) -> 232 | T11: =T10 -> 12842 | U11: 6 | V11: 736 | W11: =N11+O11+S11+U11+V11 -> 974 | X11: =IF(L11<0,L11*-1,0) -> 262.04966 | Y11: =W11+X11 -> 1236.0497 | Z11: 0 | AA11: 61 | AB11: 20 | AC11: =AC10+1 -> 2
A12: =A11+1 -> 3 | B12: 6921.35 | C12: 369447 | D12: =C12-C11 -> -1183 | E12: =C12-152000 -> 217447 | F12: =D12/$D$2 -> -596.42047 | G12: 734 | H12: 56 | I12: =G12+H12 -> 790 | J12: =IF(L12>0,L12,0) -> 77.579531 | K12: =I12+J12 -> 867.57953 | L12: =F12-(I12-W12) -> 77.579531 | M12: 120 | N12: 0 | O12: 0 | P12: =M12-(N12+O12) -> 120 | Q12: 112 | R12: 28 | S12: =SUM(P12:R12) -> 260 | T12: =T11 -> 12842 | U12: 3 | V12: 1201 | W12: =N12+O12+S12+U12+V12 -> 1464 | X12: =IF(L12<0,L12*-1,0) -> 0 | Y12: =W12+X12 -> 1464 | Z12: 0 | AA12: 64 | AB12: 24 | AC12: =AC11+1 -> 3
A13: =A12+1 -> 4 | B13: 6921.08 | C13: 368265 | D13: =C13-C12 -> -1182 | E13: =C13-152000 -> 216265 | F13: =D13/$D$2 -> -595.91631 | G13: 699 | H13: 53 | I13: =G13+H13 -> 752 | J13: =IF(L13>0,L13,0) -> 124.08369 | K13: =I13+J13 -> 876.08369 | L13: =F13-(I13-W13) -> 124.08369 | M13: 119 | N13: 0 | O13: 0 | P13: =M13-(N13+O13) -> 119 | Q13: 112 | R13: 36 | S13: =SUM(P13:R13) -> 267 | T13: =T12 -> 12842 | U13: 4 | V13: 1201 | W13: =N13+O13+S13+U13+V13 -> 1472 | X13: =IF(L13<0,L13*-1,0) -> 0 | Y13: =W13+X13 -> 1472 | Z13: 0 | AA13: 69 | AB13: 28 | AC13: =AC12+1 -> 4
A14: =A13+1 -> 5 | B14: 6920.77 | C14: 366916 | D14: =C14-C13 -> -1349 | E14: =C14-152000 -> 214916 | F14: =D14/$D$2 -> -680.11092 | G14: 788 | H14: 60 | I14: =G14+H14 -> 848 | J14: =IF(L14>0,L14,0) -> 9.889085 | K14: =I14+J14 -> 857.88908 | L14: =F14-(I14-W14) -> 9.889085 | M14: 133 | N14: 0 | O14: 0 | P14: =M14-(N14+O14) -> 133 | Q14: 117 | R14: 81 | S14: =SUM(P14:R14) -> 331 | T14: =T13 -> 12842 | U14: 6 | V14: 1201 | W14: =N14+O14+S14+U14+V14 -> 1538 | X14: =IF(L14<0,L14*-1,0) -> 0 | Y14: =W14+X14 -> 1538 | Z14: 0 | AA14: 67 | AB14: 29 | AC14: =AC13+1 -> 5
A15: =A14+1 -> 6 | B15: 6920.47 | C15: 365614 | D15: =C15-C14 -> -1302 | E15: =C15-152000 -> 213614 | F15: =D15/$D$2 -> -656.41543 | G15: 833 | H15: 55 | I15: =G15+H15 -> 888 | J15: =IF(L15>0,L15,0) -> 0 | K15: =I15+J15 -> 888 | L15: =F15-(I15-W15) -> -5.4154273 | M15: 164 | N15: 0 | O15: 0 | P15: =M15-(N15+O15) -> 164 | Q15: 127 | R15: 47 | S15: =SUM(P15:R15) -> 338 | T15: =T14 -> 12842 | U15: 0 | V15: 1201 | W15: =N15+O15+S15+U15+V15 -> 1539 | X15: =IF(L15<0,L15*-1,0) -> 5.4154273 | Y15: =W15+X15 -> 1544.4154 | Z15: 0 | AA15: 52 | AB15: 38 | AC15: =AC14+1 -> 6
A16: =A15+1 -> 7 | B16: 6920.17 | C16: 364311 | D16: =C16-C15 -> -1303 | E16: =C16-152000 -> 212311 | F16: =D16/$D$2 -> -656.91959 | G16: 711 | H16: 43 | I16: =G16+H16 -> 754 | J16: =IF(L16>0,L16,0) -> 138.08041 | K16: =I16+J16 -> 892.08041 | L16: =F16-(I16-W16) -> 138.08041 | M16: 175 | N16: 0 | O16: 0 | P16: =M16-(N16+O16) -> 175 | Q16: 127 | R16: 46 | S16: =SUM(P16:R16) -> 348 | T16: =T15 -> 12842 | U16: 0 | V16: 1201 | W16: =N16+O16+S16+U16+V16 -> 1549 | X16: =IF(L16<0,L16*-1,0) -> 0 | Y16: =W16+X16 -> 1549 | Z16: 0 | AA16: 55 | AB16: 27 | AC16: =AC15+1 -> 7
A17: =A16+1 -> 8 | B17: 6919.87 | C17: 363013 | D17: =C17-C16 -> -1298 | E17: =C17-152000 -> 211013 | F17: =D17/$D$2 -> -654.39879 | G17: 684 | H17: 36 | I17: =G17+H17 -> 720 | J17: =IF(L17>0,L17,0) -> 172.60121 | K17: =I17+J17 -> 892.60121 | L17: =F17-(I17-W17) -> 172.60121 | M17: 174 | N17: 0 | O17: 0 | P17: =M17-(N17+O17) -> 174 | Q17: 126 | R17: 46 | S17: =SUM(P17:R17) -> 346 | T17: =T16 -> 12842 | U17: 0 | V17: 1201 | W17: =N17+O17+S17+U17+V17 -> 1547 | X17: =IF(L17<0,L17*-1,0) -> 0 | Y17: =W17+X17 -> 1547 | Z17: 0 | AA17: 63 | AB17: 29 | AC17: =AC16+1 -> 8
A18: =A17+1 -> 9 | B18: 6919.61 | C18: 361894 | D18: =C18-C17 -> -1119 | E18: =C18-152000 -> 209894 | F18: =D18/$D$2 -> -564.15427 | G18: 611 | H18: 28 | I18: =G18+H18 -> 639 | J18: =IF(L18>0,L18,0) -> 7.8457272 | K18: =I18+J18 -> 646.84573 | L18: =F18-(I18-W18) -> 7.8457272 | M18: 174 | N18: 0 | O18: 0 | P18: =M18-(N18+O18) -> 174 | Q18: 140 | R18: 47 | S18: =SUM(P18:R18) -> 361 | T18: =T17 -> 12842 | U18: 15 | V18: 835 | W18: =N18+O18+S18+U18+V18 -> 1211 | X18: =IF(L18<0,L18*-1,0) -> 0 | Y18: =W18+X18 -> 1211 | Z18: 0 | AA18: 60 | AB18: 32 | AC18: =AC17+1 -> 9
A19: =A18+1 -> 10 | B19: 6919.68 | C19: 362195 | D19: =C19-C18 -> 301 | E19: =C19-152000 -> 210195 | F19: =D19/$D$2 -> 151.75195 | G19: 678 | H19: 28 | I19: =G19+H19 -> 706 | J19: =IF(L19>0,L19,0) -> 188.75195 | K19: =I19+J19 -> 894.75195 | L19: =F19-(I19-W19) -> 188.75195 | M19: 174 | N19: 0 | O19: 0 | P19: =M19-(N19+O19) -> 174 | Q19: 152 | R19: 55 | S19: =SUM(P19:R19) -> 381 | T19: =T18 -> 12842 | U19: 8 | V19: 354 | W19: =N19+O19+S19+U19+V19 -> 743 | X19: =IF(L19<0,L19*-1,0) -> 0 | Y19: =W19+X19 -> 743 | Z19: 0 | AA19: 68 | AB19: 34 | AC19: =AC18+1 -> 10
A20: =A19+1 -> 11 | B20: 6919.87 | C20: 363013 | D20: =C20-C19 -> 818 | E20: =C20-152000 -> 211013 | F20: =D20/$D$2 -> 412.40232 | G20: 896 | H20: 34 | I20: =G20+H20 -> 930 | J20: =IF(L20>0,L20,0) -> 101.40232 | K20: =I20+J20 -> 1031.4023 | L20: =F20-(I20-W20) -> 101.40232 | M20: 178 | N20: 0 | O20: 0 | P20: =M20-(N20+O20) -> 178 | Q20: 164 | R20: 69 | S20: =SUM(P20:R20) -> 411 | T20: =T19 -> 12842 | U20: 15 | V20: 193 | W20: =N20+O20+S20+U20+V20 -> 619 | X20: =IF(L20<0,L20*-1,0) -> 0 | Y20: =W20+X20 -> 619 | Z20: 0 | AA20: 72 | AB20: 35 | AC20: =AC19+1 -> 11
A21: =A20+1 -> 12 | B21: 6920.21 | C21: 364485 | D21: =C21-C20 -> 1472 | E21: =C21-152000 -> 212485 | F21: =D21/$D$2 -> 742.12251 | G21: 1169 | H21: 40 | I21: =G21+H21 -> 1209 | J21: =IF(L21>0,L21,0) -> 189.12251 | K21: =I21+J21 -> 1398.1225 | L21: =F21-(I21-W21) -> 189.12251 | M21: 191 | N21: 0 | O21: 0 | P21: =M21-(N21+O21) -> 191 | Q21: 175 | R21: 74 | S21: =SUM(P21:R21) -> 440 | T21: =T20 -> 12842 | U21: 22 | V21: 194 | W21: =N21+O21+S21+U21+V21 -> 656 | X21: =IF(L21<0,L21*-1,0) -> 0 | Y21: =W21+X21 -> 656 | Z21: 0 | AA21: 76 | AB21: 34 | AC21: =AC20+1 -> 12
A22: =A21+1 -> 13 | B22: 6920.6 | C22: 366178 | D22: =C22-C21 -> 1693 | E22: =C22-152000 -> 214178 | F22: =D22/$D$2 -> 853.54172 | G22: 1429 | H22: 42 | I22: =G22+H22 -> 1471 | J22: =IF(L22>0,L22,0) -> 42.541719 | K22: =I22+J22 -> 1513.5417 | L22: =F22-(I22-W22) -> 42.541719 | M22: 209 | N22: 0 | O22: 0 | P22: =M22-(N22+O22) -> 209 | Q22: 176 | R22: 73 | S22: =SUM(P22:R22) -> 458 | T22: =T21 -> 12842 | U22: 8 | V22: 194 | W22: =N22+O22+S22+U22+V22 -> 660 | X22: =IF(L22<0,L22*-1,0) -> 0 | Y22: =W22+X22 -> 660 | Z22: 0 | AA22: 77 | AB22: 40 | AC22: =AC21+1 -> 13
... A36: =A35+1 -> 27 | B36: 6923.38 | C36: 378400 | D36: =C36-C35 -> 89 | E36: =C36-152000 -> 226400 | F36: =D36/$D$2 -> 44.870179 | G36: 1083 | H36: 0 | I36: =G36+H36 -> 1083 | J36: =IF(L36>0,L36,0) -> 138.87018 | K36: =I36+J36 -> 1221.8702 | L36: =F36-(I36-W36) -> 138.87018 | M36: 245 | N36: 0 | O36: 0 | P36: =M36-(N36+O36) -> 245 | Q36: 212 | R36: 91 | S36: =SUM(P36:R36) -> 548 | T36: =T35 -> 12842 | U36: 29 | V36: 600 | W36: =N36+O36+S36+U36+V36 -> 1177 | X36: =IF(L36<0,L36*-1,0) -> 0 | Y36: =W36+X36 -> 1177 | Z36: 0 | AA36: 75 | AB36: 46 | AC36: =AC35+1 -> 27
A37: 28 | B37: 6923.35 | C37: 378267 | D37: =C37-C36 -> -133 | E37: =C37-152000 -> 226267 | F37: =D37/$D$2 -> -67.053189 | G37: 1262 | H37: 0 | I37: =G37+H37 -> 1262 | J37: =IF(L37>0,L37,0) -> 0 | K37: =I37+J37 -> 1262 | L37: =F37-(I37-W37) -> -117.05319 | M37: 245 | N37: 0 | O37: 0 | P37: =M37-(N37+O37) -> 245 | Q37: 162 | R37: 92 | S37: =SUM(P37:R37) -> 499 | T37: =T36 -> 12842 | U37: 15 | V37: 698 | W37: =N37+O37+S37+U37+V37 -> 1212 | X37: =IF(L37<0,L37*-1,0) -> 117.05319 | Y37: =W37+X37 -> 1329.0532 | Z37: 0 | AA37: 73 | AB37: 44 | AC37: 28
A38: 29 | B38: 6923.32 | C38: 378133 | D38: =C38-C37 -> -134 | E38: =C38-152000 -> 226133 | F38: =D38/$D$2 -> -67.557348 | G38: 1303 | H38: 0 | I38: =G38+H38 -> 1303 | J38: =IF(L38>0,L38,0) -> 0 | K38: =I38+J38 -> 1303 | L38: =F38-(I38-W38) -> -38.557348 | M38: 245 | N38: 0 | O38: 0 | P38: =M38-(N38+O38) -> 245 | Q38: 162 | R38: 91 | S38: =SUM(P38:R38) -> 498 | T38: =T37 -> 12842 | U38: 33 | V38: 801 | W38: =N38+O38+S38+U38+V38 -> 1332 | X38: =IF(L38<0,L38*-1,0) -> 38.557348 | Y38: =W38+X38 -> 1370.5573 | Z38: 0 | AA38: 73 | AB38: 41 | AC38: 29
A39: 30 | B39: 6923.38 | C39: 378400 | D39: =C39-C38 -> 267 | E39: =C39-152000 -> 226400 | F39: =D39/$D$2 -> 134.61054 | G39: 1317 | H39: 0 | I39: =G39+H39 -> 1317 | J39: =IF(L39>0,L39,0) -> 57.610537 | K39: =I39+J39 -> 1374.6105 | L39: =F39-(I39-W39) -> 57.610537 | M39: 244 | N39: 0 | O39: 0 | P39: =M39-(N39+O39) -> 244 | Q39: 162 | R39: 92 | S39: =SUM(P39:R39) -> 498 | T39: =T38 -> 12842 | U39: 26 | V39: 716 | W39: =N39+O39+S39+U39+V39 -> 1240 | X39: =IF(L39<0,L39*-1,0) -> 0 | Y39: =W39+X39 -> 1240 | Z39: 0 | AA39: 63 | AB39: 27 | AC39: 30
A40: 31 | B40: 6923.3 | C40: 378044 | D40: =C40-C39 -> -356 | E40: =C40-152000 -> 226044 | F40: =D40/$D$2 -> -179.48072 | G40: 999 | H40: 2 | I40: =G40+H40 -> 1001 | J40: =IF(L40>0,L40,0) -> 0 | K40: =I40+J40 -> 1001 | L40: =F40-(I40-W40) -> -53.480716 | M40: 244 | N40: 0 | O40: 0 | P40: =M40-(N40+O40) -> 244 | Q40: 162 | R40: 91 | S40: =SUM(P40:R40) -> 497 | T40: =T39 -> 12842 | U40: 30 | V40: 600 | W40: =N40+O40+S40+U40+V40 -> 1127 | X40: =IF(L40<0,L40*-1,0) -> 53.480716 | Y40: =W40+X40 -> 1180.4807 | Z40: 0 | AA40: 66 | AB40: 27 | AC40: 31
A42: MONTH / CFS | F42: =SUM(F10:F40) -> 4444.6685 | G42: =SUM(G10:G40) -> 36002 | H42: =SUM(H10:H40) -> 946 | I42: =SUM(I10:I40) -> 36948 | J42: =SUM(J10:J40) -> 2920.1712 | K42: =SUM(K10:K40) -> 39868.171 | L42: =SUM(L10:L40) -> 2044.6685 | M42: =SUM(M10:M40) -> 6189 | ... S42: =SUM(S10:S40) -> 13269 | U42: =SUM(U10:U40) -> 499 | V42: =SUM(V10:V40) -> 20780 | W42: =SUM(W10:W40) -> 34548 | X42: =SUM(X10:X40) -> 875.50265 | Y42: =SUM(Y10:Y40) -> 35423.503 | Z42: =SUM(Z10:Z40) -> 0.69 | AA42: =AVERAGE(AA10:AA40) -> 67.258065 | AB42: =AVERAGE(AB10:AB40) -> 34.129032 | AC42: AVG
A43: MONTH / AF | D43: =SUM(D10:D40) -> 8816 | F43: =F42*$D$2 -> 8816 | G43: =G42*$D$2 -> 71409.967 | H43: =H42*$D$2 -> 1876.391 | I43: =I42*$D$2 -> 73286.358 | J43: =J42*$D$2 -> 5792.1595 | K43: =K42*$D$2 -> 79078.518 | L43: =L42*$D$2 -> 4055.6 | M43: =M42*$D$2 -> 12275.881 | ... S43: =S42*$D$2 -> 26319.061 | U43: =U42*$D$2 -> 989.7665 | V43: =V42*$D$2 -> 41217.13 | W43: =W42*$D$2 -> 68525.958 | X43: =X42*$D$2 -> 1736.5595 | Y43: =Y42*$D$2 -> 70262.518 | AA43: =MAX(AA10:AA40) -> 79 | AB43: =MAX(AB10:AB40) -> 46 | AC43: HI
A45: SEASON / CFS | F45: =F7+F42 -> 23438.871 | G45: =G7+G42 -> 52759 | H45: =H7+H42 -> 2277 | I45: =I7+I42 -> 55036 | J45: =J7+J42 -> 11397.857 | K45: =K7+K42 -> 66433.857 | L45: =L7+L42 -> 9175.8707 | M45: =M7+M42 -> 7753 | ... Y45: =Y7+Y42 -> 42994.987 | AA45: =MIN(AA10:AA40) -> 45 | AB45: =MIN(AB10:AB40) -> 20 | AC45: LO
A46: SEASON / AF | F46: =F45*$D$2 -> 46491 | G46: =G45*$D$2 -> 104647.48 | H46: =H45*$D$2 -> 4516.4295 | I46: =I45*$D$2 -> 109163.91 | J46: =J45*$D$2 -> 22607.65 | K46: =K45*$D$2 -> 131771.56 | L46: =L45*$D$2 -> 18200.339 | M46: =M45*$D$2 -> 15378.076 | ... Y46: =Y45*$D$2 -> 85280.556
A48: YTD / CFS | F48: =F8+F42 -> 26177.464 | G48: =G8+G42 -> 68084 | H48: =H8+H42 -> 2483 | I48: =I8+I42 -> 70567 | J48: =J8+J42 -> 14755.591 | K48: =K8+K42 -> 85322.591 | L48: =L8+L42 -> 11517.464 | M48: =M8+M42 -> 9072 | ... S48: =S8+S42 -> 19722 | U48: =U8+U42 -> 642 | V48: =V8+V42 -> 35543 | W48: =W8+W42 -> 55907 | X48: =X8+X42 -> 3238.1268 | Y48: =Y8+Y42 -> 59145.127 | Z48: =Z8+Z42 -> 10.13
A49: YTD / AF | D49: =D8+D43 -> 51923 | E49: =E40 -> 226044 | F49: =F48*$D$2 -> 51923 | G49: =G48*$D$2 -> 135044.61 | H49: =H48*$D$2 -> 4925.0305 | I49: =I48*$D$2 -> 139969.64 | J49: =J48*$D$2 -> 29267.714 | K49: =K48*$D$2 -> 169237.36 | L49: =L48*$D$2 -> 22844.89 | M49: =M48*$D$2 -> 17994.312 | ... Y49: =Y48*$D$2 -> 117314.36

Sheet JUN
K1: MC PHEE RESERVOIR IN/OUT FLOW TABULATION
A2: AF/cfs CONVERT FACTOR | D2: 1.9835 | K2: JUNE "1988"
A4: DATE | B4: RESERV | C4: RESERV | D4: AC FT | E4: ACTIVE | F4: CONV TO | G4: DOLORES | H4: LOST | I4: RECORDED | J4: CALC | K4: TOTAL | L4: CALC | M4: TUNNEL | Q4: LONE | R4: U | S4: TOTAL | T4: MVI | U4: DV CR | V4: BELOW | W4: RECORDED | X4: CALC | Y4: TOTAL | Z4: RAIN | AA4: MAX | AB4: MIN | AC4: DATE
A5: "JUN" | B5: ELEV | C5: AC FT | D5: CHANGE | E5: CAP | F5: CFS | G5: RIVER | H5: CANYON | I5: INFLOW | J5: INFLOW | K5: INFLOW | L5: INF/OTF | M5: TOT DIV | N5: WETLAND | O5: UTE F&R | P5: MVI/CTZ/MWC | Q5: PINE | R5: LAT | S5: MVI | T5: CALL | U5: CANAL | V5: MC PHEE | W5: OUTFLOW | X5: OUTFLOW | Y5: OUTFLOW | AA5: TMP | AB5: TMP | AC5: "JUN"
A7: SEASON BAL | F7: =MAY!F45 -> 23438.871 | G7: =MAY!G45 -> 52759 | H7: =MAY!H45 -> 2277 | I7: =MAY!I45 -> 55036 | J7: =MAY!J45 -> 11397.857 | K7: =MAY!K45 -> 66433.857 | L7: =MAY!L45 -> 9175.8707 | M7: =MAY!M45 -> 7753 | ... Y7: =MAY!Y45 -> 42994.987
A8: YTD | B8: =MAY!B40 -> 6923.3 | C8: =MAY!C40 -> 378044 | D8: =MAY!D49 -> 51923 | E8: =MAY!E49 -> 226044 | F8: =MAY!F48 -> 26177.464 | G8: =MAY!G48 -> 68084 | H8: =MAY!H48 -> 2483 | I8: =MAY!I48 -> 70567 | J8: =MAY!J48 -> 14755.591 | K8: =MAY!K48 -> 85322.591 | L8: =MAY!L48 -> 11517.464 | M8: =MAY!M48 -> 9072 | ... S8: =MAY!S48 -> 19722 | T8: =MAY!T46 -> 25472.107 | U8: =MAY!U48 -> 642 | V8: =MAY!V48 -> 35543 | W8: =MAY!W48 -> 55907 | X8: =MAY!X48 -> 3238.1268 | Y8: =MAY!Y48 -> 59145.127 | Z8: =MAY!Z48 -> 10.13
O9: 0 | R9: 0
A10: 1 | B10: 6923.16 | C10: 377421 | D10: =C10-C8 -> -623 | E10: =C10-152000 -> 225421 | F10: =D10/$D$2 -> -314.09125 | G10: 821 | H10: 0 | I10: =G10+H10 -> 821 | J10: =IF(L10>0,L10,0) -> 0 | K10: =I10+J10 -> 821 | L10: =F10-(I10-W10) -> -9.0912528 | M10: 244 | N10: 0 | O10: 0 | P10: =M10-(N10+O10) -> 244 | Q10: 162 | R10: 91 | S10: =SUM(P10:R10) -> 497 | T10: =T7 -> 12842 | U10: 29 | V10: 600 | W10: =N10+O10+S10+U10+V10 -> 1126 | X10: =IF(L10<0,L10*-1,0) -> 9.0912528 | Y10: =W10+X10 -> 1135.0913 | Z10: 0 | AA10: 76 | AB10: 31 | AC10: 1
A11: =A10+1 -> 2 | B11: 6922.99 | C11: 376665 | D11: =C11-C10 -> -756 | E11: =C11-152000 -> 224665 | F11: =D11/$D$2 -> -381.14444 | G11: 750 | H11: 0 | I11: =G11+H11 -> 750 | J11: =IF(L11>0,L11,0) -> 0 | K11: =I11+J11 -> 750 | L11: =F11-(I11-W11) -> -7.1444416 | M11: 244 | N11: 0 | O11: 0 | P11: =M11-(N11+O11) -> 244 | Q11: 162 | R11: 92 | S11: =SUM(P11:R11) -> 498 | T11: =T10 -> 12842 | U11: 26 | V11: 600 | W11: =N11+O11+S11+U11+V11 -> 1124 | X11: =IF(L11<0,L11*-1,0) -> 7.1444416 | Y11: =W11+X11 -> 1131.1444 | Z11: 0 | AA11: 76 | AB11: 31 | AC11: =AC10+1 -> 2
A12: =A11+1 -> 3 | B12: 6923.02 | C12: 376798 | D12: =C12-C11 -> 133 | E12: =C12-152000 -> 224798 | F12: =D12/$D$2 -> 67.053189 | G12: 914 | H12: 0 | I12: =G12+H12 -> 914 | J12: =IF(L12>0,L12,0) -> 283.05319 | K12: =I12+J12 -> 1197.0532 | L12: =F12-(I12-W12) -> 283.05319 | M12: 244 | N12: 0 | O12: 0 | P12: =M12-(N12+O12) -> 244 | Q12: 162 | R12: 92 | S12: =SUM(P12:R12) -> 498 | T12: =T11 -> 12842 | U12: 32 | V12: 600 | W12: =N12+O12+S12+U12+V12 -> 1130 | X12: =IF(L12<0,L12*-1,0) -> 0 | Y12: =W12+X12 -> 1130 | Z12: 0 | AA12: 76 | AB12: 34 | AC12: =AC11+1 -> 3
A13: =A12+1 -> 4 | B13: 6923.05 | C13: 376931 | D13: =C13-C12 -> 133 | E13: =C13-152000 -> 224931 | F13: =D13/$D$2 -> 67.053189 | G13: 1153 | H13: 0 | I13: =G13+H13 -> 1153 | J13: =IF(L13>0,L13,0) -> 53.053189 | K13: =I13+J13 -> 1206.0532 | L13: =F13-(I13-W13) -> 53.053189 | M13: 244 | N13: 0 | O13: 0 | P13: =M13-(N13+O13) -> 244 | Q13: 162 | R13: 92 | S13: =SUM(P13:R13) -> 498 | T13: =T12 -> 12842 | U13: 41 | V13: 600 | W13: =N13+O13+S13+U13+V13 -> 1139 | X13: =IF(L13<0,L13*-1,0) -> 0 | Y13: =W13+X13 -> 1139 | Z13: 0 | AA13: 77 | AB13: 37 | AC13: =AC12+1 -> 4
A14: =A13+1 -> 5 | B14: 6923.07 | C14: 377020 | D14: =C14-C13 -> 89 | E14: =C14-152000 -> 225020 | F14: =D14/$D$2 -> 44.870179 | G14: 1260 | H14: 0 | I14: =G14+H14 -> 1260 | J14: =IF(L14>0,L14,0) -> 0 | K14: =I14+J14 -> 1260 | L14: =F14-(I14-W14) -> -99.129821 | M14: 244 | N14: 0 | O14: 0 | P14: =M14-(N14+O14) -> 244 | Q14: 164 | R14: 92 | S14: =SUM(P14:R14) -> 500 | T14: =T13 -> 12842 | U14: 16 | V14: 600 | W14: =N14+O14+S14+U14+V14 -> 1116 | X14: =IF(L14<0,L14*-1,0) -> 99.129821 | Y14: =W14+X14 -> 1215.1298 | Z14: 0 | AA14: 83 | AB14: 42 | AC14: 5
A15: =A14+1 -> 6 | B15: 6923.14 | C15: 377332 | D15: =C15-C14 -> 312 | E15: =C15-152000 -> 225332 | F15: =D15/$D$2 -> 157.29771 | G15: 1390 | H15: 0 | I15: =G15+H15 -> 1390 | J15: =IF(L15>0,L15,0) -> 0 | K15: =I15+J15 -> 1390 | L15: =F15-(I15-W15) -> -101.70229 | M15: 244 | N15: 0 | O15: 0 | P15: =M15-(N15+O15) -> 244 | Q15: 166 | R15: 91 | S15: =SUM(P15:R15) -> 501 | T15: =T14 -> 12842 | U15: 30 | V15: 600 | W15: =N15+O15+S15+U15+V15 -> 1131 | X15: =IF(L15<0,L15*-1,0) -> 101.70229 | Y15: =W15+X15 -> 1232.7023 | Z15: 0 | AA15: 83 | AB15: 47 | AC15: =AC14+1 -> 6
A16: =A15+1 -> 7 | B16: 6923.2 | C16: 377599 | D16: =C16-C15 -> 267 | E16: =C16-152000 -> 225599 | F16: =D16/$D$2 -> 134.61054 | G16: 1382 | H16: 0 | I16: =G16+H16 -> 1382 | J16: =IF(L16>0,L16,0) -> 0 | K16: =I16+J16 -> 1382 | L16: =F16-(I16-W16) -> -97.389463 | M16: 244 | N16: 0 | O16: 0 | P16: =M16-(N16+O16) -> 244 | Q16: 182 | R16: 92 | S16: =SUM(P16:R16) -> 518 | T16: =T15 -> 12842 | U16: 32 | V16: 600 | W16: =N16+O16+S16+U16+V16 -> 1150 | X16: =IF(L16<0,L16*-1,0) -> 97.389463 | Y16: =W16+X16 -> 1247.3895 | Z16: 0 | AA16: 77 | AB16: 41 | AC16: =AC15+1 -> 7
A17: =A16+1 -> 8 | B17: 6923.32 | C17: 378133 | D17: =C17-C16 -> 534 | E17: =C17-152000 -> 226133 | F17: =D17/$D$2 -> 269.22107 | G17: 1258 | H17: 0 | I17: =G17+H17 -> 1258 | J17: =IF(L17>0,L17,0) -> 62.221074 | K17: =I17+J17 -> 1320.2211 | L17: =F17-(I17-W17) -> 62.221074 | M17: 238 | N17: 0 | O17: 0 | P17: =M17-(N17+O17) -> 238 | Q17: 189 | R17: 92 | S17: =SUM(P17:R17) -> 519 | T17: =T16 -> 12842 | U17: 35 | V17: 497 | W17: =N17+O17+S17+U17+V17 -> 1051 | X17: =IF(L17<0,L17*-1,0) -> 0 | Y17: =W17+X17 -> 1051 | Z17: 0.09 | AA17: 78 | AB17: 40 | AC17: =AC16+1 -> 8
A18: =A17+1 -> 9 | B18: 6923.46 | C18: 378756 | D18: =C18-C17 -> 623 | E18: =C18-152000 -> 226756 | F18: =D18/$D$2 -> 314.09125 | G18: 1118 | H18: 0 | I18: =G18+H18 -> 1118 | J18: =IF(L18>0,L18,0) -> 51.091253 | K18: =I18+J18 -> 1169.0913 | L18: =F18-(I18-W18) -> 51.091253 | M18: 240 | N18: 0 | O18: 0 | P18: =M18-(N18+O18) -> 240 | Q18: 199 | R18: 91 | S18: =SUM(P18:R18) -> 530 | T18: =T17 -> 12842 | U18: 24 | V18: 301 | W18: =N18+O18+S18+U18+V18 -> 855 | X18: =IF(L18<0,L18*-1,0) -> 0 | Y18: =W18+X18 -> 855 | Z18: 0 | AA18: 76 | AB18: 40 | AC18: =AC17+1 -> 9
A19: =A18+1 -> 10 | B19: 6923.63 | C19: 379513 | D19: =C19-C18 -> 757 | E19: =C19-152000 -> 227513 | F19: =D19/$D$2 -> 381.6486 | G19: 1057 | H19: 0 | I19: =G19+H19 -> 1057 | J19: =IF(L19>0,L19,0) -> 89.648601 | K19: =I19+J19 -> 1146.6486 | L19: =F19-(I19-W19) -> 89.648601 | M19: 244 | N19: 0 | O19: 0 | P19: =M19-(N19+O19) -> 244 | Q19: 199 | R19: 92 | S19: =SUM(P19:R19) -> 535 | T19: =T18 -> 12842 | U19: 30 | V19: 200 | W19: =N19+O19+S19+U19+V19 -> 765 | X19: =IF(L19<0,L19*-1,0) -> 0 | Y19: =W19+X19 -> 765 | Z19: 0 | AA19: 78 | AB19: 41 | AC19: =AC18+1 -> 10
A20: =A19+1 -> 11 | B20: 6923.74 | C20: 380003 | D20: =C20-C19 -> 490 | E20: =C20-152000 -> 228003 | F20: =D20/$D$2 -> 247.03806 | G20: 1078 | H20: 0 | I20: =G20+H20 -> 1078 | J20: =IF(L20>0,L20,0) -> 0 | K20: =I20+J20 -> 1078 | L20: =F20-(I20-W20) -> -81.961936 | M20: 244 | N20: 0 | O20: 0 | P20: =M20-(N20+O20) -> 244 | Q20: 199 | R20: 92 | S20: =SUM(P20:R20) -> 535 | T20: =T19 -> 12842 | U20: 14 | V20: 200 | W20: =N20+O20+S20+U20+V20 -> 749 | X20: =IF(L20<0,L20*-1,0) -> 81.961936 | Y20: =W20+X20 -> 830.96194 | Z20: 0 | AA20: 78 | AB20: 42 | AC20: =AC19+1 -> 11
A21: =A20+1 -> 12 | B21: 6923.82 | C21: 380359 | D21: =C21-C20 -> 356 | E21: =C21-152000 -> 228359 | F21: =D21/$D$2 -> 179.48072 | G21: 949 | H21: 5 | I21: =G21+H21 -> 954 | J21: =IF(L21>0,L21,0) -> 0 | K21: =I21+J21 -> 954 | L21: =F21-(I21-W21) -> -16.519284 | M21: 244 | N21: 0 | O21: 0 | P21: =M21-(N21+O21) -> 244 | Q21: 200 | R21: 91 | S21: =SUM(P21:R21) -> 535 | T21: =T20 -> 12842 | U21: 22 | V21: 201 | W21: =N21+O21+S21+U21+V21 -> 758 | X21: =IF(L21<0,L21*-1,0) -> 16.519284 | Y21: =W21+X21 -> 774.51928 | Z21: 0 | AA21: 81 | AB21: 41 | AC21: =AC20+1 -> 12
A22: =A21+1 -> 13 | B22: 6923.79 | C22: 380225 | D22: =C22-C21 -> -134 | E22: =C22-152000 -> 228225 | F22: =D22/$D$2 -> -67.557348 | G22: 838 | H22: 5 | I22: =G22+H22 -> 843 | J22: =IF(L22>0,L22,0) -> 0 | K22: =I22+J22 -> 843 | L22: =F22-(I22-W22) -> -92.557348 | M22: 244 | N22: 0 | O22: 0 | P22: =M22-(N22+O22) -> 244 | Q22: 201 | R22: 92 | S22: =SUM(P22:R22) -> 537 | T22: =T21 -> 12842 | U22: 14 | V22: 267 | W22: =N22+O22+S22+U22+V22 -> 818 | X22: =IF(L22<0,L22*-1,0) -> 92.557348 | Y22: =W22+X22 -> 910.55735 | Z22: 0 | AA22: 82 | AB22: 40 | AC22: =AC21+1 -> 13
A23: =A22+1 -> 14 | B23: 6923.69 | C23: 379780 | D23: =C23-C22 -> -445 | E23: =C23-152000 -> 227780 | F23: =D23/$D$2 -> -224.35089 | G23: 664 | H23: 5 | I23: =G23+H23 -> 669 | J23: =IF(L23>0,L23,0) -> 0 | K23: =I23+J23 -> 669 | L23: =F23-(I23-W23) -> -58.350895 | M23: 244 | N23: 0 | O23: 0 | P23: =M23-(N23+O23) -> 244 | Q23: 200 | R23: 91 | S23: =SUM(P23:R23) -> 535 | T23: =T22 -> 12842 | U23: 19 | V23: 281 | W23: =N23+O23+S23+U23+V23 -> 835 | X23: =IF(L23<0,L23*-1,0) -> 58.350895 | Y23: =W23+X23 -> 893.35089 | Z23: 0 | AA23: 79 | AB23: 44 | AC23: =AC22+1 -> 14
A24: =A23+1 -> 15 | B24: 6923.67 | C24: 379691 | D24: =C24-C23 -> -89 | E24: =C24-152000 -> 227691 | F24: =D24/$D$2 -> -44.870179 | G24: 605 | H24: 5 | I24: =G24+H24 -> 610 | J24: =IF(L24>0,L24,0) -> 54.129821 | K24: =I24+J24 -> 664.12982 | L24: =F24-(I24-W24) -> 54.129821 | M24: 244 | N24: 0 | O24: 0 | P24: =M24-(N24+O24) -> 244 | Q24: 200 | R24: 91 | S24: =SUM(P24:R24) -> 535 | T24: =T23 -> 12842 | U24: 13 | V24: 161 | W24: =N24+O24+S24+U24+V24 -> 709 | X24: =IF(L24<0,L24*-1,0) -> 0 | Y24: =W24+X24 -> 709 | Z24: 0 | AA24: 83 | AB24: 38 | AC24: =AC23+1 -> 15
A25: =A24+1 -> 16 | B25: 6923.65 | C25: 379602 | D25: =C25-C24 -> -89 | E25: =C25-152000 -> 227602 | F25: =D25/$D$2 -> -44.870179 | G25: 611 | H25: 4 | I25: =G25+H25 -> 615 | J25: =IF(L25>0,L25,0) -> 0 | K25: =I25+J25 -> 615 | L25: =F25-(I25-W25) -> -6.870179 | M25: 244 | N25: 0 | O25: 0 | P25: =M25-(N25+O25) -> 244 | Q25: 200 | R25: 90 | S25: =SUM(P25:R25) -> 534 | T25: =T24 -> 12842 | U25: 22 | V25: 97 | W25: =N25+O25+S25+U25+V25 -> 653 | X25: =IF(L25<0,L25*-1,0) -> 6.870179 | Y25: =W25+X25 -> 659.87018 | Z25: 0 | AA25: 82 | AB25: 47 | AC25: =AC24+1 -> 16
A26: =A25+1 -> 17 | B26: 6923.65 | C26: 379602 | D26: =C26-C25 -> 0 | E26: =C26-152000 -> 227602 | F26: =D26/$D$2 -> 0 | G26: 598 | H26: 4 | I26: =G26+H26 -> 602 | J26: =IF(L26>0,L26,0) -> 26 | K26: =I26+J26 -> 628 | L26: =F26-(I26-W26) -> 26 | M26: 244 | N26: 0 | O26: 0 | P26: =M26-(N26+O26) -> 244 | Q26: 200 | R26: 90 | S26: =SUM(P26:R26) -> 534 | T26: =(I26-S26)+T25 -> 12910 | U26: 15 | V26: 79 | W26: =N26+O26+S26+U26+V26 -> 628 | X26: =IF(L26<0,L26*-1,0) -> 0 | Y26: =W26+X26 -> 628 | Z26: 0 | AA26: 83 | AB26: 47 | AC26: =AC25+1 -> 17
A27: =A26+1 -> 18 | B27: 6923.65 | C27: 379602 | D27: =C27-C26 -> 0 | E27: =C27-152000 -> 227602 | F27: =D27/$D$2 -> 0 | G27: 602 | H27: 5 | I27: =G27+H27 -> 607 | J27: =IF(L27>0,L27,0) -> 13 | K27: =I27+J27 -> 620 | L27: =F27-(I27-W27) -> 13 | M27: 244 | N27: 0 | O27: 0 | P27: =M27-(N27+O27) -> 244 | Q27: 192 | R27: 90 | S27: =SUM(P27:R27) -> 526 | T27: =(I27-S27)+T26 -> 12991 | U27: 15 | V27: 79 | W27: =N27+O27+S27+U27+V27 -> 620 | X27: =IF(L27<0,L27*-1,0) -> 0 | Y27: =W27+X27 -> 620 | Z27: 0 | AA27: 86 | AB27: 49 | AC27: =AC26+1 -> 18
A28: =A27+1 -> 19 | B28: 6923.65 | C28: 379602 | D28: =C28-C27 -> 0 | E28: =C28-152000 -> 227602 | F28: =D28/$D$2 -> 0 | G28: 639 | H28: 6 | I28: =G28+H28 -> 645 | J28: =IF(L28>0,L28,0) -> 0 | K28: =I28+J28 -> 645 | L28: =F28-(I28-W28) -> -33 | M28: 244 | N28: 0 | O28: 0 | P28: =M28-(N28+O28) -> 244 | Q28: 177 | R28: 90 | S28: =SUM(P28:R28) -> 511 | T28: =(I28-S28)+T27 -> 13125 | U28: 22 | V28: 79 | W28: =N28+O28+S28+U28+V28 -> 612 | X28: =IF(L28<0,L28*-1,0) -> 33 | Y28: =W28+X28 -> 645 | Z28: 0 | AA28: 87 | AB28: 51 | AC28: =AC27+1 -> 19
A29: =A28+1 -> 20 | B29: 6923.65 | C29: 379602 | D29: =C29-C28 -> 0 | E29: =C29-152000 -> 227602 | F29: =D29/$D$2 -> 0 | G29: 595 | H29: 6 | I29: =G29+H29 -> 601 | J29: =IF(L29>0,L29,0) -> 0 | K29: =I29+J29 -> 601 | L29: =F29-(I29-W29) -> -5 | M29: 245 | N29: 0 | O29: 0 | P29: =M29-(N29+O29) -> 245 | Q29: 177 | R29: 90 | S29: =SUM(P29:R29) -> 512 | T29: =(I29-S29)+T28 -> 13214 | U29: 4 | V29: 80 | W29: =N29+O29+S29+U29+V29 -> 596 | X29: =IF(L29<0,L29*-1,0) -> 5 | Y29: =W29+X29 -> 601 | Z29: 0 | AA29: 86 | AB29: 52 | AC29: =AC28+1 -> 20
A30: =A29+1 -> 21 | B30: 6923.62 | C30: 379468 | D30: =C30-C29 -> -134 | E30: =C30-152000 -> 227468 | F30: =D30/$D$2 -> -67.557348 | G30: 565 | H30: 6 | I30: =G30+H30 -> 571 | J30: =IF(L30>0,L30,0) -> 0 | K30: =I30+J30 -> 571 | L30: =F30-(I30-W30) -> -41.557348 | M30: 245 | N30: 0 | O30: 0 | P30: =M30-(N30+O30) -> 245 | Q30: 176 | R30: 90 | S30: =SUM(P30:R30) -> 511 | T30: =(I30-S30)+T29 -> 13274 | U30: 6 | V30: 80 | W30: =N30+O30+S30+U30+V30 -> 597 | X30: =IF(L30<0,L30*-1,0) -> 41.557348 | Y30: =W30+X30 -> 638.55735 | Z30: 0 | AA30: 88 | AB30: 48 | AC30: =AC29+1 -> 21
A31: =A30+1 -> 22 | B31: 6923.59 | C31: 379335 | D31: =C31-C30 -> -133 | E31: =C31-152000 -> 227335 | F31: =D31/$D$2 -> -67.053189 | G31: 507 | H31: 7 | I31: =G31+H31 -> 514 | J31: =IF(L31>0,L31,0) -> 16.946811 | K31: =I31+J31 -> 530.94681 | L31: =F31-(I31-W31) -> 16.946811 | M31: 245 | N31: 0 | O31: 0 | P31: =M31-(N31+O31) -> 245 | Q31: 166 | R31: 90 | S31: =SUM(P31:R31) -> 501 | T31: =(I31-S31)+T30 -> 13287 | U31: 17 | V31: 80 | W31: =N31+O31+S31+U31+V31 -> 598 | X31: =IF(L31<0,L31*-1,0) -> 0 | Y31: =W31+X31 -> 598 | Z31: 0 | AA31: 88 | AB31: 49 | AC31: =AC30+1 -> 22
A32: =A31+1 -> 23 | B32: 6923.56 | C32: 379201 | D32: =C32-C31 -> -134 | E32: =C32-152000 -> 227201 | F32: =D32/$D$2 -> -67.557348 | G32: 502 | H32: 8 | I32: =G32+H32 -> 510 | J32: =IF(L32>0,L32,0) -> 18.442652 | K32: =I32+J32 -> 528.44265 | L32: =F32-(I32-W32) -> 18.442652 | M32: 244 | N32: 0 | O32: 0 | P32: =M32-(N32+O32) -> 244 | Q32: 160 | R32: 90 | S32: =SUM(P32:R32) -> 494 | T32: =(I32-S32)+T31 -> 13303 | U32: 22 | V32: 80 | W32: =N32+O32+S32+U32+V32 -> 596 | X32: =IF(L32<0,L32*-1,0) -> 0 | Y32: =W32+X32 -> 596 | Z32: 0 | AA32: 90 | AB32: 55 | AC32: =AC31+1 -> 23
A33: =A32+1 -> 24 | B33: 6923.53 | C33: 379068 | D33: =C33-C32 -> -133 | E33: =C33-152000 -> 227068 | F33: =D33/$D$2 -> -67.053189 | G33: 506 | H33: 7 | I33: =G33+H33 -> 513 | J33: =IF(L33>0,L33,0) -> 19.946811 | K33: =I33+J33 -> 532.94681 | L33: =F33-(I33-W33) -> 19.946811 | M33: 244 | N33: 0 | O33: 0 | P33: =M33-(N33+O33) -> 244 | Q33: 160 | R33: 90 | S33: =SUM(P33:R33) -> 494 | T33: =(I33-S33)+T32 -> 13322 | U33: 26 | V33: 80 | W33: =N33+O33+S33+U33+V33 -> 600 | X33: =IF(L33<0,L33*-1,0) -> 0 | Y33: =W33+X33 -> 600 | Z33: 0 | AA33: 95 | AB33: 53 | AC33: =AC32+1 -> 24
A34: =A33+1 -> 25 | B34: 6923.5 | C34: 378934 | D34: =C34-C33 -> -134 | E34: =C34-152000 -> 226934 | F34: =D34/$D$2 -> -67.557348 | G34: 547 | H34: 7 | I34: =G34+H34 -> 554 | J34: =IF(L34>0,L34,0) -> 0 | K34: =I34+J34 -> 554 | L34: =F34-(I34-W34) -> -29.557348 | M34: 242 | N34: 0 | O34: 0 | P34: =M34-(N34+O34) -> 242 | Q34: 160 | R34: 90 | S34: =SUM(P34:R34) -> 492 | T34: =(I34-S34)+T33 -> 13384 | U34: 20 | V34: 80 | W34: =N34+O34+S34+U34+V34 -> 592 | X34: =IF(L34<0,L34*-1,0) -> 29.557348 | Y34: =W34+X34 -> 621.55735 | Z34: 0.68 | AA34: 86 | AB34: 51 | AC34: =AC33+1 -> 25
A35: =A34+1 -> 26 | B35: 6923.47 | C35: 378801 | D35: =C35-C34 -> -133 | E35: =C35-152000 -> 226801 | F35: =D35/$D$2 -> -67.053189 | G35: 495 | H35: 8 | I35: =G35+H35 -> 503 | J35: =IF(L35>0,L35,0) -> 22.946811 | K35: =I35+J35 -> 525.94681 | L35: =F35-(I35-W35) -> 22.946811 | M35: 235 | N35: 0 | O35: 0 | P35: =M35-(N35+O35) -> 235 | Q35: 160 | R35: 90 | S35: =SUM(P35:R35) -> 485 | T35: =(I35-S35)+T34 -> 13402 | U35: 28 | V35: 80 | W35: =N35+O35+S35+U35+V35 -> 593 | X35: =IF(L35<0,L35*-1,0) -> 0 | Y35: =W35+X35 -> 593 | Z35: 0 | AA35: 86 | AB35: 51 | AC35: =AC34+1 -> 26
A36: =A35+1 -> 27 | B36: 6923.45 | C36: 378712 | D36: =C36-C35 -> -89 | E36: =C36-152000 -> 226712 | F36: =D36/$D$2 -> -44.870179 | G36: 442 | H36: 10 | I36: =G36+H36 -> 452 | J36: =IF(L36>0,L36,0) -> 94.129821 | K36: =I36+J36 -> 546.12982 | L36: =F36-(I36-W36) -> 94.129821 | M36: 235 | N36: 0 | O36: 0 | P36: =M36-(N36+O36) -> 235 | Q36: 160 | R36: 90 | S36: =SUM(P36:R36) -> 485 | T36: =(I36-S36)+T35 -> 13369 | U36: 26 | V36: 80 | W36: =N36+O36+S36+U36+V36 -> 591 | X36: =IF(L36<0,L36*-1,0) -> 0 | Y36: =W36+X36 -> 591 | Z36: 0.66 | AA36: 73 | AB36: 50 | AC36: =AC35+1 -> 27
A37: =A36+1 -> 28 | B37: 6923.51 | C37: 378979 | D37: =C37-C36 -> 267 | E37: =C37-152000 -> 226979 | F37: =D37/$D$2 -> 134.61054 | G37: 582 | H37: 13 | I37: =G37+H37 -> 595 | J37: =IF(L37>0,L37,0) -> 111.61054 | K37: =I37+J37 -> 706.61054 | L37: =F37-(I37-W37) -> 111.61054 | M37: 222 | N37: 0 | O37: 0 | P37: =M37-(N37+O37) -> 222 | Q37: 160 | R37: 88 | S37: =SUM(P37:R37) -> 470 | T37: =(I37-S37)+T36 -> 13494 | U37: 22 | V37: 80 | W37: =N37+O37+S37+U37+V37 -> 572 | X37: =IF(L37<0,L37*-1,0) -> 0 | Y37: =W37+X37 -> 572 | Z37: 0.29 | AA37: 66 | AB37: 50 | AC37: =AC36+1 -> 28
A38: =A37+1 -> 29 | B38: 6923.55 | C38: 379157 | D38: =C38-C37 -> 178 | E38: =C38-152000 -> 227157 | F38: =D38/$D$2 -> 89.740358 | G38: 559 | H38: 14 | I38: =G38+H38 -> 573 | J38: =IF(L38>0,L38,0) -> 38.740358 | K38: =I38+J38 -> 611.74036 | L38: =F38-(I38-W38) -> 38.740358 | M38: 192 | N38: 0 | O38: 0 | P38: =M38-(N38+O38) -> 192 | Q38: 147 | R38: 87 | S38: =SUM(P38:R38) -> 426 | T38: =(I38-S38)+T37 -> 13641 | U38: 16 | V38: 80 | W38: =N38+O38+S38+U38+V38 -> 522 | X38: =IF(L38<0,L38*-1,0) -> 0 | Y38: =W38+X38 -> 522 | Z38: 0.1 | AA38: 76 | AB38: 42 | AC38: =AC37+1 -> 29
A39: 30 | B39: 6923.51 | C39: 378979 | D39: =C39-C38 -> -178 | E39: =C39-152000 -> 226979 | F39: =D39/$D$2 -> -89.740358 | G39: 470 | H39: 12 | I39: =G39+H39 -> 482 | J39: =IF(L39>0,L39,0) -> 0 | K39: =I39+J39 -> 482 | L39: =F39-(I39-W39) -> -58.740358 | M39: 185 | N39: 0 | O39: 0 | P39: =M39-(N39+O39) -> 185 | Q39: 136 | R39: 87 | S39: =SUM(P39:R39) -> 408 | T39: =(I39-S39)+T38 -> 13715 | U39: 26 | V39: 79 | W39: =N39+O39+S39+U39+V39 -> 513 | X39: =IF(L39<0,L39*-1,0) -> 58.740358 | Y39: =W39+X39 -> 571.74036 | Z39: 0 | AA39: 79 | AB39: 52 | AC39: 30
A41: MONTH / CFS | F41: =SUM(F10:F39) -> 471.38896 | G41: =SUM(G10:G39) -> 23457 | H41: =SUM(H10:H39) -> 137 | I41: =SUM(I10:I39) -> 23594 | J41: =SUM(J10:J39) -> 954.96093 | K41: =SUM(K10:K39) -> 24548.961 | L41: =SUM(L10:L39) -> 216.38896 | M41: =SUM(M10:M39) -> 7160 | ... S41: =SUM(S10:S39) -> 15154 | U41: =SUM(U10:U39) -> 664 | V41: =SUM(V10:V39) -> 7521 | W41: =SUM(W10:W39) -> 23339 | X41: =SUM(X10:X39) -> 738.57197 | Y41: =SUM(Y10:Y39) -> 24077.572 | Z41: =SUM(Z10:Z39) -> 1.82 | AA41: =AVERAGE(AA10:AA39) -> 81.133333 | AB41: =AVERAGE(AB10:AB39) -> 44.533333 | AC41: AVG
A42: MONTH / AF | D42: =SUM(D10:D39) -> 935 | F42: =F41*$D$2 -> 935 | G42: =G41*$D$2 -> 46526.959 | H42: =H41*$D$2 -> 271.7395 | I42: =I41*$D$2 -> 46798.699 | J42: =J41*$D$2 -> 1894.165 | K42: =K41*$D$2 -> 48692.864 | L42: =L41*$D$2 -> 429.2075 | M42: =M41*$D$2 -> 14201.86 | ... S42: =S41*$D$2 -> 30057.959 | U42: =U41*$D$2 -> 1317.044 | V42: =V41*$D$2 -> 14917.904 | W42: =W41*$D$2 -> 46292.906 | X42: =X41*$D$2 -> 1464.9575 | Y42: =Y41*$D$2 -> 47757.864 | AA42: =MAX(AA10:AA39) -> 95 | AB42: =MAX(AB10:AB39) -> 55 | AC42: HI
A44: SEASON / CFS | F44: =F7+F41 -> 23910.26 | G44: =G7+G41 -> 76216 | H44: =H7+H41 -> 2414 | I44: =I7+I41 -> 78630 | J44: =J7+J41 -> 12352.818 | K44: =K7+K41 -> 90982.818 | L44: =L7+L41 -> 9392.2596 | M44: =M7+M41 -> 14913 | ... S44: =S7+S41 -> 31601 | T44: =T39 -> 13715 | U44: =U7+U41 -> 1306 | V44: =V7+V41 -> 31205 | W44: =W7+W41 -> 64112 | X44: =X7+X41 -> 2960.5586 | Y44: =Y7+Y41 -> 67072.559 | AA44: =MIN(AA10:AA39) -> 66 | AB44: =MIN(AB10:AB39) -> 31 | AC44: LO
A45: SEASON / AF | F45: =F44*$D$2 -> 47426 | G45: =G44*$D$2 -> 151174.44 | H45: =H44*$D$2 -> 4788.169 | I45: =I44*$D$2 -> 155962.61 | J45: =J44*$D$2 -> 24501.815 | K45: =K44*$D$2 -> 180464.42 | L45: =L44*$D$2 -> 18629.547 | M45: =M44*$D$2 -> 29579.935 | ... Y45: =Y44*$D$2 -> 133038.42
A47: YTD / CFS | F47: =F8+F41 -> 26648.853 | G47: =G8+G41 -> 91541 | H47: =H8+H41 -> 2620 | I47: =I8+I41 -> 94161 | J47: =J8+J41 -> 15710.552 | K47: =K8+K41 -> 109871.55 | L47: =L8+L41 -> 11733.853 | M47: =M8+M41 -> 16232 | ... S47: =S8+S41 -> 34876 | T47: =T39 -> 13715 | U47: =U8+U41 -> 1306 | V47: =V8+V41 -> 43064 | W47: =W8+W41 -> 79246 | X47: =X8+X41 -> 3976.6988 | Y47: =Y8+Y41 -> 83222.699 | Z47: =Z8+Z41 -> 11.95
A48: YTD / AF | D48: =D8+D42 -> 52858 | E48: =E39 -> 226979 | F48: =F47*$D$2 -> 52858 | G48: =G47*$D$2 -> 181571.57 | H48: =H47*$D$2 -> 5196.77 | I48: =I47*$D$2 -> 186768.34 | J48: =J47*$D$2 -> 31161.879 | K48: =K47*$D$2 -> 217930.22 | L48: =L47*$D$2 -> 23274.097 | M48: =M47*$D$2 -> 32196.172 | ... Y48: =Y47*$D$2 -> 165072.22

Sheet JUL
K1: MC PHEE RESERVOIR IN/OUT FLOW TABULATION
A2: AF/cfs CONVERT FACTOR | D2: 1.9835 | K2: JULY "1988"
A4: DATE | B4: RESERV | C4: RESERV | D4: AC FT | E4: ACTIVE | F4: CONV TO | G4: DOLORES | H4: LOST | I4: RECORDED | J4: CALC | K4: TOTAL | L4: CALC | M4: TUNNEL | Q4: LONE | R4: U | S4: TOTAL | T4: MVI | U4: DV CR | V4: BELOW | W4: RECORDED | X4: CALC | Y4: TOTAL | Z4: RAIN | AA4: MAX | AB4: MIN | AC4: DATE
A5: "JUL" | B5: ELEV | C5: AC FT | D5: CHANGE | E5: CAP | F5: CFS | G5: RIVER | H5: CANYON | I5: INFLOW | J5: INFLOW | K5: INFLOW | L5: INF/OTF | M5: TOT DIV | N5: WETLAND | O5: UTE F&R | P5: MVI,CTZ | Q5: PINE | R5: LAT | S5: MVI | T5: CALL | U5: CANAL | V5: MC PHEE | W5: OUTFLOW | X5: OUTFLOW | Y5: OUTFLOW | AA5: TMP | AB5: TMP | AC5: "JUL"
A7: SEASON BAL | F7: =JUN!F44 -> 23910.26 | G7: =JUN!G44 -> 76216 | H7: =JUN!H44 -> 2414 | I7: =JUN!I44 -> 78630 | J7: =JUN!J44 -> 12352.818 | K7: =JUN!K44 -> 90982.818 | L7: =JUN!L44 -> 9392.2596 | M7: =JUN!M44 -> 14913 | ... Y7: =JUN!Y44 -> 67072.559
A8: YTD | B8: =JUN!B39 -> 6923.51 | C8: =JUN!C39 -> 378979 | D8: =JUN!D48 -> 52858 | E8: =JUN!E48 -> 226979 | F8: =JUN!F47 -> 26648.853 | G8: =JUN!G47 -> 91541 | H8: =JUN!H47 -> 2620 | I8: =JUN!I47 -> 94161 | J8: =JUN!J47 -> 15710.552 | K8: =JUN!K47 -> 109871.55 | L8: =JUN!L47 -> 11733.853 | M8: =JUN!M47 -> 16232 | ... S8: =JUN!S47 -> 34876 | T8: =JUN!T45 -> 27203.702 | U8: =JUN!U47 -> 1306 | V8: =JUN!V47 -> 43064 | W8: =JUN!W47 -> 79246 | X8: =JUN!X47 -> 3976.6988 | Y8: =JUN!Y47 -> 83222.699 | Z8: =JUN!Z47 -> 11.95
A10: 1 | B10: 6923.46 | C10: 378756 | D10: =C10-C8 -> -223 | E10: =C10-152000 -> 226756 | F10: =D10/$D$2 -> -112.42753 | G10: 408 | H10: 0 | I10: =G10+H10 -> 408 | J10: =IF(L10>0,L10,0) -> 0 | K10: =I10+J10 -> 408 | L10: =F10-(I10-W10) -> -8.4275271 | M10: 185 | N10: 0 | O10: 0 | P10: =M10-(N10+O10) -> 185 | Q10: 136 | R10: 86 | S10: =SUM(P10:R10) -> 407 | T10: =(I10-S10)+T7 -> 13716 | U10: 26 | V10: 79 | W10: =N10+O10+S10+U10+V10 -> 512 | X10: =IF(L10<0,L10*-1,0) -> 8.4275271 | Y10: =W10+X10 -> 520.42753 | Z10: 0 | AA10: 82 | AB10: 49 | AC10: 1
A11: =A10+1 -> 2 | B11: 6923.38 | C11: 378400 | D11: =C11-C10 -> -356 | E11: =C11-152000 -> 226400 | F11: =D11/$D$2 -> -179.48072 | G11: 376 | H11: 0 | I11: =G11+H11 -> 376 | J11: =IF(L11>0,L11,0) -> 0 | K11: =I11+J11 -> 376 | L11: =F11-(I11-W11) -> -43.480716 | M11: 185 | N11: 0 | O11: 0 | P11: =M11-(N11+O11) -> 185 | Q11: 136 | R11: 87 | S11: =SUM(P11:R11) -> 408 | T11: =(I11-S11)+T10 -> 13684 | U11: 26 | V11: 78 | W11: =N11+O11+S11+U11+V11 -> 512 | X11: =IF(L11<0,L11*-1,0) -> 43.480716 | Y11: =W11+X11 -> 555.48072 | Z11: 0 | AA11: 79 | AB11: 51 | AC11: =AC10+1 -> 2
A12: =A11+1 -> 3 | B12: 6923.35 | C12: 378267 | D12: =C12-C11 -> -133 | E12: =C12-152000 -> 226267 | F12: =D12/$D$2 -> -67.053189 | G12: 362 | H12: 0 | I12: =G12+H12 -> 362 | J12: =IF(L12>0,L12,0) -> 70.946811 | K12: =I12+J12 -> 432.94681 | L12: =F12-(I12-W12) -> 70.946811 | M12: 185 | N12: 0 | O12: 0 | P12: =M12-(N12+O12) -> 185 | Q12: 136 | R12: 86 | S12: =SUM(P12:R12) -> 407 | T12: =(I12-S12)+T11 -> 13639 | U12: 15 | V12: 78 | W12: =N12+O12+S12+U12+V12 -> 500 | X12: =IF(L12<0,L12*-1,0) -> 0 | Y12: =W12+X12 -> 500 | Z12: 0 | AA12: 80 | AB12: 51 | AC12: =AC11+1 -> 3
A13: =A12+1 -> 4 | B13: 6923.36 | C13: 378311 | D13: =C13-C12 -> 44 | E13: =C13-152000 -> 226311 | F13: =D13/$D$2 -> 22.18301 | G13: 509 | H13: 0 | I13: =G13+H13 -> 509 | J13: =IF(L13>0,L13,0) -> 27.18301 | K13: =I13+J13 -> 536.18301 | L13: =F13-(I13-W13) -> 27.18301 | M13: 185 | N13: 0 | O13: 0 | P13: =M13-(N13+O13) -> 185 | Q13: 136 | R13: 87 | S13: =SUM(P13:R13) -> 408 | T13: =(I13-S13)+T12 -> 13740 | U13: 28 | V13: 78 | W13: =N13+O13+S13+U13+V13 -> 514 | X13: =IF(L13<0,L13*-1,0) -> 0 | Y13: =W13+X13 -> 514 | Z13: 0.27 | AA13: 82 | AB13: 50 | AC13: =AC12+1 -> 4
A14: =A13+1 -> 5 | B14: 6923.3 | C14: 378044 | D14: =C14-C13 -> -267 | E14: =C14-152000 -> 226044 | F14: =D14/$D$2 -> -134.61054 | G14: 405 | H14: 0 | I14: =G14+H14 -> 405 | J14: =IF(L14>0,L14,0) -> 0 | K14: =I14+J14 -> 405 | L14: =F14-(I14-W14) -> -41.610537 | M14: 180 | N14: 0 | O14: 0 | P14: =M14-(N14+O14) -> 180 | Q14: 136 | R14: 84 | S14: =SUM(P14:R14) -> 400 | T14: =(I14-S14)+T13 -> 13745 | U14: 20 | V14: 78 | W14: =N14+O14+S14+U14+V14 -> 498 | X14: =IF(L14<0,L14*-1,0) -> 41.610537 | Y14: =W14+X14 -> 539.61054 | Z14: 0 | AA14: 78 | AB14: 50 | AC14: =AC13+1 -> 5
A15: =A14+1 -> 6 | B15: 6923.23 | C15: 377732 | D15: =C15-C14 -> -312 | E15: =C15-152000 -> 225732 | F15: =D15/$D$2 -> -157.29771 | G15: 363 | H15: 0 | I15: =G15+H15 -> 363 | J15: =IF(L15>0,L15,0) -> 0 | K15: =I15+J15 -> 363 | L15: =F15-(I15-W15) -> -33.297706 | M15: 168 | N15: 0 | O15: 0 | P15: =M15-(N15+O15) -> 168 | Q15: 136 | R15: 85 | S15: =SUM(P15:R15) -> 389 | T15: =(I15-S15)+T14 -> 13719 | U15: 20 | V15: 78 | W15: =N15+O15+S15+U15+V15 -> 487 | X15: =IF(L15<0,L15*-1,0) -> 33.297706 | Y15: =W15+X15 -> 520.29771 | Z15: 0.03 | AA15: 81 | AB15: 41 | AC15: =AC14+1 -> 6
A16: =A15+1 -> 7 | B16: 6923.13 | C16: 377287 | D16: =C16-C15 -> -445 | E16: =C16-152000 -> 225287 | F16: =D16/$D$2 -> -224.35089 | G16: 332 | H16: 0 | I16: =G16+H16 -> 332 | J16: =IF(L16>0,L16,0) -> 0 | K16: =I16+J16 -> 332 | L16: =F16-(I16-W16) -> -54.350895 | M16: 173 | N16: 0 | O16: 0 | P16: =M16-(N16+O16) -> 173 | Q16: 136 | R16: 85 | S16: =SUM(P16:R16) -> 394 | T16: =(I16-S16)+T15 -> 13657 | U16: 30 | V16: 78 | W16: =N16+O16+S16+U16+V16 -> 502 | X16: =IF(L16<0,L16*-1,0) -> 54.350895 | Y16: =W16+X16 -> 556.35089 | Z16: 0 | AA16: 84 | AB16: 41 | AC16: =AC15+1 -> 7
A17: =A16+1 -> 8 | B17: 6923.02 | C17: 376798 | D17: =C17-C16 -> -489 | E17: =C17-152000 -> 224798 | F17: =D17/$D$2 -> -246.5339 | G17: 304 | H17: 0 | I17: =G17+H17 -> 304 | J17: =IF(L17>0,L17,0) -> 0 | K17: =I17+J17 -> 304 | L17: =F17-(I17-W17) -> -41.533905 | M17: 182 | N17: 0 | O17: 0 | P17: =M17-(N17+O17) -> 182 | Q17: 136 | R17: 82 | S17: =SUM(P17:R17) -> 400 | T17: =(I17-S17)+T16 -> 13561 | U17: 31 | V17: 78 | W17: =N17+O17+S17+U17+V17 -> 509 | X17: =IF(L17<0,L17*-1,0) -> 41.533905 | Y17: =W17+X17 -> 550.5339 | Z17: 0 | AA17: 85 | AB17: 50 | AC17: =AC16+1 -> 8
A18: =A17+1 -> 9 | B18: 6922.9 | C18: 376267 | D18: =C18-C17 -> -531 | E18: =C18-152000 -> 224267 | F18: =D18/$D$2 -> -267.7086 | G18: 284 | H18: 0 | I18: =G18+H18 -> 284 | J18: =IF(L18>0,L18,0) -> 0 | K18: =I18+J18 -> 284 | L18: =F18-(I18-W18) -> -30.708596 | M18: 182 | N18: 0 | O18: 0 | P18: =M18-(N18+O18) -> 182 | Q18: 136 | R18: 83 | S18: =SUM(P18:R18) -> 401 | T18: =(I18-S18)+T17 -> 13444 | U18: 42 | V18: 78 | W18: =N18+O18+S18+U18+V18 -> 521 | X18: =IF(L18<0,L18*-1,0) -> 30.708596 | Y18: =W18+X18 -> 551.7086 | Z18: 0 | AA18: 84 | AB18: 50 | AC18: =AC17+1 -> 9
A19: =A18+1 -> 10 | B19: 6922.79 | C19: 375782 | D19: =C19-C18 -> -485 | E19: =C19-152000 -> 223782 | F19: =D19/$D$2 -> -244.51727 | G19: 312 | H19: 0 | I19: =G19+H19 -> 312 | J19: =IF(L19>0,L19,0) -> 0 | K19: =I19+J19 -> 312 | L19: =F19-(I19-W19) -> -51.517267 | M19: 182 | N19: 0 | O19: 0 | P19: =M19-(N19+O19) -> 182 | Q19: 136 | R19: 82 | S19: =SUM(P19:R19) -> 400 | T19: =(I19-S19)+T18 -> 13356 | U19: 27 | V19: 78 | W19: =N19+O19+S19+U19+V19 -> 505 | X19: =IF(L19<0,L19*-1,0) -> 51.517267 | Y19: =W19+X19 -> 556.51727 | Z19: 0 | AA19: 80 | AB19: 49 | AC19: =AC18+1 -> 10
A20: =A19+1 -> 11 | B20: 6922.71 | C20: 375428 | D20: =C20-C19 -> -354 | E20: =C20-152000 -> 223428 | F20: =D20/$D$2 -> -178.4724 | G20: 354 | H20: 0 | I20: =G20+H20 -> 354 | J20: =IF(L20>0,L20,0) -> 0 | K20: =I20+J20 -> 354 | L20: =F20-(I20-W20) -> -12.472397 | M20: 189 | N20: 0 | O20: 0 | P20: =M20-(N20+O20) -> 189 | Q20: 136 | R20: 82 | S20: =SUM(P20:R20) -> 407 | T20: =(I20-S20)+T19 -> 13303 | U20: 35 | V20: 78 | W20: =N20+O20+S20+U20+V20 -> 520 | X20: =IF(L20<0,L20*-1,0) -> 12.472397 | Y20: =W20+X20 -> 532.4724 | Z20: 0.09 | AA20: 81 | AB20: 47 | AC20: =AC19+1 -> 11
A21: =A20+1 -> 12 | B21: 6922.55 | C21: 374722 | D21: =C21-C20 -> -706 | E21: =C21-152000 -> 222722 | F21: =D21/$D$2 -> -355.93648 | G21: 275 | H21: 0 | I21: =G21+H21 -> 275 | J21: =IF(L21>0,L21,0) -> 0 | K21: =I21+J21 -> 275 | L21: =F21-(I21-W21) -> -91.936476 | M21: 196 | N21: 0 | O21: 0 | P21: =M21-(N21+O21) -> 196 | Q21: 136 | R21: 82 | S21: =SUM(P21:R21) -> 414 | T21: =(I21-S21)+T20 -> 13164 | U21: 47 | V21: 78 | W21: =N21+O21+S21+U21+V21 -> 539 | X21: =IF(L21<0,L21*-1,0) -> 91.936476 | Y21: =W21+X21 -> 630.93648 | Z21: 0.02 | AA21: 83 | AB21: 51 | AC21: =AC20+1 -> 12
A22: =A21+1 -> 13 | B22: 6922.4 | C22: 374060 | D22: =C22-C21 -> -662 | E22: =C22-152000 -> 222060 | F22: =D22/$D$2 -> -333.75347 | G22: 244 | H22: 0 | I22: =G22+H22 -> 244 | J22: =IF(L22>0,L22,0) -> 0 | K22: =I22+J22 -> 244 | L22: =F22-(I22-W22) -> -35.753466 | M22: 204 | N22: 0 | O22: 0 | P22: =M22-(N22+O22) -> 204 | Q22: 136 | R22: 83 | S22: =SUM(P22:R22) -> 423 | T22: =(I22-S22)+T21 -> 12985 | U22: 41 | V22: 78 | W22: =N22+O22+S22+U22+V22 -> 542 | X22: =IF(L22<0,L22*-1,0) -> 35.753466 | Y22: =W22+X22 -> 577.75347 | Z22: 0 | AA22: 86 | AB22: 54 | AC22: =AC21+1 -> 13
... A38: =A37+1 -> 29 | B38: 6919.58 | C38: 361764 | D38: =C38-C37 -> -733 | E38: =C38-152000 -> 209764 | F38: =D38/$D$2 -> -369.54878 | G38: 203 | H38: 0 | I38: =G38+H38 -> 203 | J38: =IF(L38>0,L38,0) -> 0 | K38: =I38+J38 -> 203 | L38: =F38-(I38-W38) -> -10.548777 | M38: 217 | N38: 0 | O38: 0 | P38: =M38-(N38+O38) -> 217 | Q38: 135 | R38: 87 | S38: =SUM(P38:R38) -> 439 | T38: =(I38-S38)+T37 -> 9478 | U38: 43 | V38: 80 | W38: =N38+O38+S38+U38+V38 -> 562 | X38: =IF(L38<0,L38*-1,0) -> 10.548777 | Y38: =W38+X38 -> 572.54878 | Z38: 0 | AA38: 81 | AB38: 51 | AC38: =AC37+1 -> 29
A39: 30 | B39: 6919.41 | C39: 361032 | D39: =C39-C38 -> -732 | E39: =C39-152000 -> 209032 | F39: =D39/$D$2 -> -369.04462 | G39: 191 | H39: 0 | I39: =G39+H39 -> 191 | J39: =IF(L39>0,L39,0) -> 0 | K39: =I39+J39 -> 191 | L39: =F39-(I39-W39) -> -2.0446181 | M39: 216 | N39: 0 | O39: 0 | P39: =M39-(N39+O39) -> 216 | Q39: 135 | R39: 86 | S39: =SUM(P39:R39) -> 437 | T39: =(I39-S39)+T38 -> 9232 | U39: 41 | V39: 80 | W39: =N39+O39+S39+U39+V39 -> 558 | X39: =IF(L39<0,L39*-1,0) -> 2.0446181 | Y39: =W39+X39 -> 560.04462 | Z39: 0.38 | AA39: 80 | AB39: 52 | AC39: 30
A40: 31 | B40: 6919.25 | C40: 360343 | D40: =C40-C39 -> -689 | E40: =C40-152000 -> 208343 | F40: =D40/$D$2 -> -347.36577 | G40: 201 | H40: 0 | I40: =G40+H40 -> 201 | J40: =IF(L40>0,L40,0) -> 9.6342324 | K40: =I40+J40 -> 210.63423 | L40: =F40-(I40-W40) -> 9.6342324 | M40: 216 | N40: 0 | O40: 0 | P40: =M40-(N40+O40) -> 216 | Q40: 135 | R40: 86 | S40: =SUM(P40:R40) -> 437 | T40: =(I40-S40)+T39 -> 8996 | U40: 42 | V40: 79 | W40: =N40+O40+S40+U40+V40 -> 558 | X40: =IF(L40<0,L40*-1,0) -> 0 | Y40: =W40+X40 -> 558 | Z40: 0.5 | AA40: 79 | AB40: 52 | AC40: 31
O41: 0 | Z41: .
A42: MONTH / CFS | F42: =SUM(F10:F40) -> -9395.513 | G42: =SUM(G10:G40) -> 8327 | H42: =SUM(H10:H40) -> 0 | I42: =SUM(I10:I40) -> 8327 | J42: =SUM(J10:J40) -> 113.71944 | K42: =SUM(K10:K40) -> 8440.7194 | L42: =SUM(L10:L40) -> -1023.513 | M42: =SUM(M10:M40) -> 6236 | ... S42: =SUM(S10:S40) -> 13046 | U42: =SUM(U10:U40) -> 1204 | V42: =SUM(V10:V40) -> 2449 | W42: =SUM(W10:W40) -> 16699 | X42: =SUM(X10:X40) -> 1137.2324 | Y42: =SUM(Y10:Y40) -> 17836.232 | Z42: =SUM(Z10:Z40) -> 1.66 | AA42: =AVERAGE(AA10:AA40) -> 83.193548 | AB42: =AVERAGE(AB10:AB40) -> 49.354839 | AC42: AVG
A43: MONTH / AF | D43: =SUM(D10:D40) -> -18636 | F43: =F42*$D$2 -> -18636 | G43: =G42*$D$2 -> 16516.605 | H43: =H42*$D$2 -> 0 | I43: =I42*$D$2 -> 16516.605 | J43: =J42*$D$2 -> 225.5625 | K43: =K42*$D$2 -> 16742.167 | L43: =L42*$D$2 -> -2030.138 | M43: =M42*$D$2 -> 12369.106 | ... S43: =S42*$D$2 -> 25876.741 | U43: =U42*$D$2 -> 2388.134 | V43: =V42*$D$2 -> 4857.5915 | W43: =W42*$D$2 -> 33122.467 | X43: =X42*$D$2 -> 2255.7005 | Y43: =Y42*$D$2 -> 35378.167 | AA43: =MAX(AA10:AA40) -> 88 | AB43: =MAX(AB10:AB40) -> 54 | AC43: HI
A45: SEASON / CFS | F45: =F7+F42 -> 14514.747 | G45: =G7+G42 -> 84543 | H45: =H7+H42 -> 2414 | I45: =I7+I42 -> 86957 | J45: =J7+J42 -> 12466.538 | K45: =K7+K42 -> 99423.538 | L45: =L7+L42 -> 8368.7467 | M45: =M7+M42 -> 21149 | ... S45: =S7+S42 -> 44647 | T45: =T40 -> 8996 | U45: =U7+U42 -> 2510 | V45: =V7+V42 -> 33654 | W45: =W7+W42 -> 80811 | X45: =X7+X42 -> 4097.791 | Y45: =Y7+Y42 -> 84908.791 | AA45: =MIN(AA10:AA40) -> 78 | AB45: =MIN(AB10:AB40) -> 41 | AC45: LO
A46: SEASON / AF | F46: =F45*$D$2 -> 28790 | G46: =G45*$D$2 -> 167691.04 | H46: =H45*$D$2 -> 4788.169 | I46: =I45*$D$2 -> 172479.21 | J46: =J45*$D$2 -> 24727.377 | K46: =K45*$D$2 -> 197206.59 | L46: =L45*$D$2 -> 16599.409 | M46: =M45*$D$2 -> 41949.041 | ... Y46: =Y45*$D$2 -> 168416.59
A48: YTD / CFS | F48: =F8+F42 -> 17253.34 | G48: =G8+G42 -> 99868 | H48: =H8+H42 -> 2620 | I48: =I8+I42 -> 102488 | J48: =J8+J42 -> 15824.271 | K48: =K8+K42 -> 118312.27 | L48: =L8+L42 -> 10710.34 | M48: =M8+M42 -> 22468 | ... S48: =S8+S42 -> 47922 | T48: =T45 -> 8996 | U48: =U8+U42 -> 2510 | V48: =V8+V42 -> 45513 | W48: =W8+W42 -> 95945 | X48: =X8+X42 -> 5113.9312 | Y48: =Y8+Y42 -> 101058.93 | Z48: =Z8+Z42 -> 13.61
A49: YTD / AF | D49: =D8+D43 -> 34222 | E49: =E40 -> 208343 | F49: =F48*$D$2 -> 34222 | G49: =G48*$D$2 -> 198088.18 | H49: =H48*$D$2 -> 5196.77 | I49: =I48*$D$2 -> 203284.95 | J49: =J48*$D$2 -> 31387.442 | K49: =K48*$D$2 -> 234672.39 | L49: =L48*$D$2 -> 21243.96 | M49: =M48*$D$2 -> 44565.278 | ... Y49: =Y48*$D$2 -> 200450.39

Sheet AUG
K1: MC PHEE RESERVOIR IN/OUT FLOW TABULATION
A2: AF/cfs CONVERT FACTOR | D2: 1.9835 | K2: AUGUST "1988"
A4: DATE | B4: RESERV | C4: RESERV | D4: AC FT | E4: ACTIVE | F4: CONV TO | G4: DOLORES | H4: LOST | I4: RECORDED | J4: CALC | K4: TOTAL | L4: CALC | M4: TUNNEL | Q4: LONE | R4: U | S4: TOTAL | T4: MVI | U4: DV CR | V4: BELOW | W4: RECORDED | X4: CALC | Y4: TOTAL | Z4: RAIN | AA4: MAX | AB4: MIN | AC4: DATE
A5: "AUG" | B5: ELEV | C5: AC FT | D5: CHANGE | E5: CAP | F5: CFS | G5: RIVER | H5: CANYON | I5: INFLOW | J5: INFLOW | K5: INFLOW | L5: INF/OTF | M5: TOT DIV | N5: WETLAND | O5: UTE F&R | P5: MVI,CTZ | Q5: PINE | R5: LAT | S5: MVI | T5: CALL | U5: CANAL | V5: MC PHEE | W5: OUTFLOW | X5: OUTFLOW | Y5: OUTFLOW | AA5: TMP | AB5: TMP | AC5: "AUG"
A7: SEASON BAL | F7: =JUL!F45 -> 14514.747 | G7: =JUL!G45 -> 84543 | H7: =JUL!H45 -> 2414 | I7: =JUL!I45 -> 86957 | J7: =JUL!J45 -> 12466.538 | K7: =JUL!K45 -> 99423.538 | L7: =JUL!L45 -> 8368.7467 | M7: =JUL!M45 -> 21149 | ... Y7: =JUL!Y45 -> 84908.791
A8: YTD | B8: =JUL!B40 -> 6919.25 | C8: =JUL!C40 -> 360343 | D8: =JUL!D49 -> 34222 | E8: =JUL!E49 -> 208343 | F8: =JUL!F48 -> 17253.34 | G8: =JUL!G48 -> 99868 | H8: =JUL!H48 -> 2620 | I8: =JUL!I48 -> 102488 | J8: =JUL!J48 -> 15824.271 | K8: =JUL!K48 -> 118312.27 | L8: =JUL!L48 -> 10710.34 | M8: =JUL!M48 -> 22468 | ... S8: =JUL!S48 -> 47922 | T8: =JUL!T46 -> 17843.566 | U8: =JUL!U48 -> 2510 | V8: =JUL!V48 -> 45513 | W8: =JUL!W48 -> 95945 | X8: =JUL!X48 -> 5113.9312 | Y8: =JUL!Y48 -> 101058.93 | Z8: =JUL!Z48 -> 13.61
A10: 1 | B10: 6919.13 | C10: 359827 | D10: =C10-C8 -> -516 | E10: =C10-152000 -> 207827 | F10: =D10/$D$2 -> -260.14621 | G10: 305 | H10: 0 | I10: =G10+H10 -> 305 | J10: =IF(L10>0,L10,0) -> 0 | K10: =I10+J10 -> 305 | L10: =F10-(I10-W10) -> -5.1462062 | M10: 216 | N10: 0 | O10: 0 | P10: =M10-(N10+O10) -> 216 | Q10: 135 | R10: 86 | S10: =SUM(P10:R10) -> 437 | T10: =(I10-S10)+T7 -> 8864 | U10: 44 | V10: 79 | W10: =N10+O10+S10+U10+V10 -> 560 | X10: =IF(L10<0,L10*-1,0) -> 5.1462062 | Y10: =W10+X10 -> 565.14621 | Z10: 0 | AA10: 79 | AB10: 50 | AC10: 1
A11: =A10+1 -> 2 | B11: 6918.98 | C11: 359181 | D11: =C11-C10 -> -646 | E11: =C11-152000 -> 207181 | F11: =D11/$D$2 -> -325.68692 | G11: 273 | H11: 0 | I11: =G11+H11 -> 273 | J11: =IF(L11>0,L11,0) -> 0 | K11: =I11+J11 -> 273 | L11: =F11-(I11-W11) -> -41.686917 | M11: 216 | N11: 0 | O11: 0 | P11: =M11-(N11+O11) -> 216 | Q11: 135 | R11: 86 | S11: =SUM(P11:R11) -> 437 | T11: =(I11-S11)+T10 -> 8700 | U11: 42 | V11: 78 | W11: =N11+O11+S11+U11+V11 -> 557 | X11: =IF(L11<0,L11*-1,0) -> 41.686917 | Y11: =W11+X11 -> 598.68692 | Z11: 0 | AA11: 81 | AB11: 50 | AC11: =AC10+1 -> 2
A12: =A11+1 -> 3 | B12: 6918.85 | C12: 358626 | D12: =C12-C11 -> -555 | E12: =C12-152000 -> 206626 | F12: =D12/$D$2 -> -279.80842 | G12: 267 | H12: 0 | I12: =G12+H12 -> 267 | J12: =IF(L12>0,L12,0) -> 9.1915805 | K12: =I12+J12 -> 276.19158 | L12: =F12-(I12-W12) -> 9.1915805 | M12: 216 | N12: 0 | O12: 0 | P12: =M12-(N12+O12) -> 216 | Q12: 135 | R12: 87 | S12: =SUM(P12:R12) -> 438 | T12: =(I12-S12)+T11 -> 8529 | U12: 40 | V12: 78 | W12: =N12+O12+S12+U12+V12 -> 556 | X12: =IF(L12<0,L12*-1,0) -> 0 | Y12: =W12+X12 -> 556 | Z12: 0 | AA12: 81 | AB12: 44 | AC12: =AC11+1 -> 3
A13: =A12+1 -> 4 | B13: 6918.68 | C13: 357899 | D13: =C13-C12 -> -727 | E13: =C13-152000 -> 205899 | F13: =D13/$D$2 -> -366.52382 | G13: 229 | H13: 0 | I13: =G13+H13 -> 229 | J13: =IF(L13>0,L13,0) -> 0 | K13: =I13+J13 -> 229 | L13: =F13-(I13-W13) -> -47.523822 | M13: 208 | N13: 0 | O13: 0 | P13: =M13-(N13+O13) -> 208 | Q13: 135 | R13: 86 | S13: =SUM(P13:R13) -> 429 | T13: =(I13-S13)+T12 -> 8329 | U13: 41 | V13: 78 | W13: =N13+O13+S13+U13+V13 -> 548 | X13: =IF(L13<0,L13*-1,0) -> 47.523822 | Y13: =W13+X13 -> 595.52382 | Z13: 0 | AA13: 82 | AB13: 44 | AC13: =AC12+1 -> 4
A14: =A13+1 -> 5 | B14: 6918.55 | C14: 357344 | D14: =C14-C13 -> -555 | E14: =C14-152000 -> 205344 | F14: =D14/$D$2 -> -279.80842 | G14: 201 | H14: 0 | I14: =G14+H14 -> 201 | J14: =IF(L14>0,L14,0) -> 59.191581 | K14: =I14+J14 -> 260.19158 | L14: =F14-(I14-W14) -> 59.191581 | M14: 204 | N14: 0 | O14: 0 | P14: =M14-(N14+O14) -> 204 | Q14: 135 | R14: 86 | S14: =SUM(P14:R14) -> 425 | T14: =(I14-S14)+T13 -> 8105 | U14: 37 | V14: 78 | W14: =N14+O14+S14+U14+V14 -> 540 | X14: =IF(L14<0,L14*-1,0) -> 0 | Y14: =W14+X14 -> 540 | Z14: 0 | AA14: 84 | AB14: 45 | AC14: =AC13+1 -> 5
A15: =A14+1 -> 6 | B15: 6918.45 | C15: 356917 | D15: =C15-C14 -> -427 | E15: =C15-152000 -> 204917 | F15: =D15/$D$2 -> -215.27603 | G15: 208 | H15: 0 | I15: =G15+H15 -> 208 | J15: =IF(L15>0,L15,0) -> 114.72397 | K15: =I15+J15 -> 322.72397 | L15: =F15-(I15-W15) -> 114.72397 | M15: 203 | N15: 0 | O15: 0 | P15: =M15-(N15+O15) -> 203 | Q15: 135 | R15: 85 | S15: =SUM(P15:R15) -> 423 | T15: =(I15-S15)+T14 -> 7890 | U15: 38 | V15: 77 | W15: =N15+O15+S15+U15+V15 -> 538 | X15: =IF(L15<0,L15*-1,0) -> 0 | Y15: =W15+X15 -> 538 | Z15: 0 | AA15: 82 | AB15: 50 | AC15: =AC14+1 -> 6
A16: =A15+1 -> 7 | B16: 6918.3 | C16: 356272 | D16: =C16-C15 -> -645 | E16: =C16-152000 -> 204272 | F16: =D16/$D$2 -> -325.18276 | G16: 298 | H16: 0 | I16: =G16+H16 -> 298 | J16: =IF(L16>0,L16,0) -> 0 | K16: =I16+J16 -> 298 | L16: =F16-(I16-W16) -> -101.18276 | M16: 186 | N16: 0 | O16: 0 | P16: =M16-(N16+O16) -> 186 | Q16: 135 | R16: 86 | S16: =SUM(P16:R16) -> 407 | T16: =(I16-S16)+T15 -> 7781 | U16: 38 | V16: 77 | W16: =N16+O16+S16+U16+V16 -> 522 | X16: =IF(L16<0,L16*-1,0) -> 101.18276 | Y16: =W16+X16 -> 623.18276 | Z16: 0.65 | AA16: 81 | AB16: 49 | AC16: =AC15+1 -> 7
A17: =A16+1 -> 8 | B17: 6918.13 | C17: 355549 | D17: =C17-C16 -> -723 | E17: =C17-152000 -> 203549 | F17: =D17/$D$2 -> -364.50718 | G17: 302 | H17: 0 | I17: =G17+H17 -> 302 | J17: =IF(L17>0,L17,0) -> 0 | K17: =I17+J17 -> 302 | L17: =F17-(I17-W17) -> -167.50718 | M17: 175 | N17: 0 | O17: 0 | P17: =M17-(N17+O17) -> 175 | Q17: 135 | R17: 83 | S17: =SUM(P17:R17) -> 393 | T17: =(I17-S17)+T16 -> 7690 | U17: 29 | V17: 77 | W17: =N17+O17+S17+U17+V17 -> 499 | X17: =IF(L17<0,L17*-1,0) -> 167.50718 | Y17: =W17+X17 -> 666.50718 | Z17: 0.1 | AA17: 84 | AB17: 51 | AC17: =AC16+1 -> 8
A18: =A17+1 -> 9 | B18: 6917.99 | C18: 354951 | D18: =C18-C17 -> -598 | E18: =C18-152000 -> 202951 | F18: =D18/$D$2 -> -301.48727 | G18: 230 | H18: 0 | I18: =G18+H18 -> 230 | J18: =IF(L18>0,L18,0) -> 0 | K18: =I18+J18 -> 230 | L18: =F18-(I18-W18) -> -40.48727 | M18: 169 | N18: 0 | O18: 0 | P18: =M18-(N18+O18) -> 169 | Q18: 135 | R18: 82 | S18: =SUM(P18:R18) -> 386 | T18: =(I18-S18)+T17 -> 7534 | U18: 28 | V18: 77 | W18: =N18+O18+S18+U18+V18 -> 491 | X18: =IF(L18<0,L18*-1,0) -> 40.48727 | Y18: =W18+X18 -> 531.48727 | Z18: 0 | AA18: 84 | AB18: 49 | AC18: =AC17+1 -> 9
A19: =A18+1 -> 10 | B19: 6917.84 | C19: 354315 | D19: =C19-C18 -> -636 | E19: =C19-152000 -> 202315 | F19: =D19/$D$2 -> -320.64532 | G19: 203 | H19: 0 | I19: =G19+H19 -> 203 | J19: =IF(L19>0,L19,0) -> 0 | K19: =I19+J19 -> 203 | L19: =F19-(I19-W19) -> -32.645324 | M19: 169 | N19: 0 | O19: 0 | P19: =M19-(N19+O19) -> 169 | Q19: 135 | R19: 82 | S19: =SUM(P19:R19) -> 386 | T19: =(I19-S19)+T18 -> 7351 | U19: 28 | V19: 77 | W19: =N19+O19+S19+U19+V19 -> 491 | X19: =IF(L19<0,L19*-1,0) -> 32.645324 | Y19: =W19+X19 -> 523.64532 | Z19: 0.01 | AA19: 83 | AB19: 48 | AC19: =AC18+1 -> 10
A20: 11 | B20: 6917.67 | C20: 353595 | D20: =C20-C19 -> -720 | E20: =C20-152000 -> 201595 | F20: =D20/$D$2 -> -362.99471 | G20: 188 | H20: 0 | I20: =G20+H20 -> 188 | J20: =IF(L20>0,L20,0) -> 0 | K20: =I20+J20 -> 188 | L20: =F20-(I20-W20) -> -62.994706 | M20: 169 | N20: 0 | O20: 0 | P20: =M20-(N20+O20) -> 169 | Q20: 135 | R20: 81 | S20: =SUM(P20:R20) -> 385 | T20: =(I20-S20)+T19 -> 7154 | U20: 26 | V20: 77 | W20: =N20+O20+S20+U20+V20 -> 488 | X20: =IF(L20<0,L20*-1,0) -> 62.994706 | Y20: =W20+X20 -> 550.99471 | Z20: 0.07 | AA20: 82 | AB20: 48 | AC20: 11
A21: 12 | B21: 6917.52 | C21: 352959 | D21: =C21-C20 -> -636 | E21: =C21-152000 -> 200959 | F21: =D21/$D$2 -> -320.64532 | G21: 181 | H21: 0 | I21: =G21+H21 -> 181 | J21: =IF(L21>0,L21,0) -> 0 | K21: =I21+J21 -> 181 | L21: =F21-(I21-W21) -> -13.645324 | M21: 169 | N21: 0 | O21: 0 | P21: =M21-(N21+O21) -> 169 | Q21: 135 | R21: 80 | S21: =SUM(P21:R21) -> 384 | T21: =(I21-S21)+T20 -> 6951 | U21: 26 | V21: 78 | W21: =N21+O21+S21+U21+V21 -> 488 | X21: =IF(L21<0,L21*-1,0) -> 13.645324 | Y21: =W21+X21 -> 501.64532 | Z21: 0 | AA21: 83 | AB21: 45 | AC21: 12
A22: 13 | B22: 6917.37 | C22: 352323 | D22: =C22-C21 -> -636 | E22: =C22-152000 -> 200323 | F22: =D22/$D$2 -> -320.64532 | G22: 184 | H22: 0 | I22: =G22+H22 -> 184 | J22: =IF(L22>0,L22,0) -> 0 | K22: =I22+J22 -> 184 | L22: =F22-(I22-W22) -> -17.645324 | M22: 168 | N22: 0 | O22: 0 | P22: =M22-(N22+O22) -> 168 | Q22: 134 | R22: 79 | S22: =SUM(P22:R22) -> 381 | T22: =(I22-S22)+T21 -> 6754 | U22: 28 | V22: 78 | W22: =N22+O22+S22+U22+V22 -> 487 | X22: =IF(L22<0,L22*-1,0) -> 17.645324 | Y22: =W22+X22 -> 504.64532 | Z22: 0 | AA22: 82 | AB22: 46 | AC22: 13
A23: 14 | B23: 6917.22 | C23: 351687 | D23: =C23-C22 -> -636 | E23: =C23-152000 -> 199687 | F23: =D23/$D$2 -> -320.64532 | G23: 170 | H23: 0 | I23: =G23+H23 -> 170 | J23: =IF(L23>0,L23,0) -> 0 | K23: =I23+J23 -> 170 | L23: =F23-(I23-W23) -> -2.6453239 | M23: 168 | N23: 0 | O23: 0 | P23: =M23-(N23+O23) -> 168 | Q23: 134 | R23: 79 | S23: =SUM(P23:R23) -> 381 | T23: =(I23-S23)+T22 -> 6543 | U23: 30 | V23: 77 | W23: =N23+O23+S23+U23+V23 -> 488 | X23: =IF(L23<0,L23*-1,0) -> 2.6453239 | Y23: =W23+X23 -> 490.64532 | Z23: 0 | AA23: 87 | AB23: 43 | AC23: 14
A24: 15 | B24: 6917.05 | C24: 350966 | D24: =C24-C23 -> -721 | E24: =C24-152000 -> 198966 | F24: =D24/$D$2 -> -363.49887 | G24: 164 | H24: 0 | I24: =G24+H24 -> 164 | J24: =IF(L24>0,L24,0) -> 0 | K24: =I24+J24 -> 164 | L24: =F24-(I24-W24) -> -33.498866 | M24: 168 | N24: 0 | O24: 0 | P24: =M24-(N24+O24) -> 168 | Q24: 134 | R24: 79 | S24: =SUM(P24:R24) -> 381 | T24: =(I24-S24)+T23 -> 6326 | U24: 35 | V24: 78 | W24: =N24+O24+S24+U24+V24 -> 494 | X24: =IF(L24<0,L24*-1,0) -> 33.498866 | Y24: =W24+X24 -> 527.49887 | Z24: 0.13 | AA24: 86 | AB24: 50 | AC24: 15
A25: 16 | B25: 6916.88 | C25: 350249 | D25: =C25-C24 -> -717 | E25: =C25-152000 -> 198249 | F25: =D25/$D$2 -> -361.48223 | G25: 173 | H25: 0 | I25: =G25+H25 -> 173 | J25: =IF(L25>0,L25,0) -> 0 | K25: =I25+J25 -> 173 | L25: =F25-(I25-W25) -> -38.482228 | M25: 168 | N25: 0 | O25: 0 | P25: =M25-(N25+O25) -> 168 | Q25: 134 | R25: 79 | S25: =SUM(P25:R25) -> 381 | T25: =(I25-S25)+T24 -> 6118 | U25: 36 | V25: 79 | W25: =N25+O25+S25+U25+V25 -> 496 | X25: =IF(L25<0,L25*-1,0) -> 38.482228 | Y25: =W25+X25 -> 534.48223 | Z25: 0.03 | AA25: 84 | AB25: 49 | AC25: 16
A26: 17 | B26: 6916.77 | C26: 349786 | D26: =C26-C25 -> -463 | E26: =C26-152000 -> 197786 | F26: =D26/$D$2 -> -233.42576 | G26: 223 | H26: 0 | I26: =G26+H26 -> 223 | J26: =IF(L26>0,L26,0) -> 39.574237 | K26: =I26+J26 -> 262.57424 | L26: =F26-(I26-W26) -> 39.574237 | M26: 168 | N26: 0 | O26: 0 | P26: =M26-(N26+O26) -> 168 | Q26: 133 | R26: 79 | S26: =SUM(P26:R26) -> 380 | T26: =(I26-S26)+T25 -> 5961 | U26: 37 | V26: 79 | W26: =N26+O26+S26+U26+V26 -> 496 | X26: =IF(L26<0,L26*-1,0) -> 0 | Y26: =W26+X26 -> 496 | Z26: 0 | AA26: 83 | AB26: 48 | AC26: 17
A27: 18 | B27: 6916.62 | C27: 349155 | D27: =C27-C26 -> -631 | E27: =C27-152000 -> 197155 | F27: =D27/$D$2 -> -318.12453 | G27: 203 | H27: 0 | I27: =G27+H27 -> 203 | J27: =IF(L27>0,L27,0) -> 0 | K27: =I27+J27 -> 203 | L27: =F27-(I27-W27) -> -26.124527 | M27: 164 | N27: 0 | O27: 0 | P27: =M27-(N27+O27) -> 164 | Q27: 133 | R27: 77 | S27: =SUM(P27:R27) -> 374 | T27: =(I27-S27)+T26 -> 5790 | U27: 43 | V27: 78 | W27: =N27+O27+S27+U27+V27 -> 495 | X27: =IF(L27<0,L27*-1,0) -> 26.124527 | Y27: =W27+X27 -> 521.12453 | Z27: 0 | AA27: 85 | AB27: 47 | AC27: 18
A28: 19 | B28: 6916.46 | C28: 348482 | D28: =C28-C27 -> -673 | E28: =C28-152000 -> 196482 | F28: =D28/$D$2 -> -339.29922 | G28: 182 | H28: 0 | I28: =G28+H28 -> 182 | J28: =IF(L28>0,L28,0) -> 0 | K28: =I28+J28 -> 182 | L28: =F28-(I28-W28) -> -44.299219 | M28: 157 | N28: 0 | O28: 0 | P28: =M28-(N28+O28) -> 157 | Q28: 133 | R28: 77 | S28: =SUM(P28:R28) -> 367 | T28: =(I28-S28)+T27 -> 5605 | U28: 31 | V28: 79 | W28: =N28+O28+S28+U28+V28 -> 477 | X28: =IF(L28<0,L28*-1,0) -> 44.299219 | Y28: =W28+X28 -> 521.29922 | Z28: 0 | AA28: 84 | AB28: 49 | AC28: 19
A29: 20 | B29: 6916.3 | C29: 347809 | D29: =C29-C28 -> -673 | E29: =C29-152000 -> 195809 | F29: =D29/$D$2 -> -339.29922 | G29: 175 | H29: 0 | I29: =G29+H29 -> 175 | J29: =IF(L29>0,L29,0) -> 0 | K29: =I29+J29 -> 175 | L29: =F29-(I29-W29) -> -35.299219 | M29: 157 | N29: 0 | O29: 0 | P29: =M29-(N29+O29) -> 157 | Q29: 133 | R29: 77 | S29: =SUM(P29:R29) -> 367 | T29: =(I29-S29)+T28 -> 5413 | U29: 33 | V29: 79 | W29: =N29+O29+S29+U29+V29 -> 479 | X29: =IF(L29<0,L29*-1,0) -> 35.299219 | Y29: =W29+X29 -> 514.29922 | Z29: 0 | AA29: 86 | AB29: 48 | AC29: 20
A30: 21 | B30: 6916.15 | C30: 347178 | D30: =C30-C29 -> -631 | E30: =C30-152000 -> 195178 | F30: =D30/$D$2 -> -318.12453 | G30: 163 | H30: 0 | I30: =G30+H30 -> 163 | J30: =IF(L30>0,L30,0) -> 0 | K30: =I30+J30 -> 163 | L30: =F30-(I30-W30) -> -0.12452735 | M30: 157 | N30: 0 | O30: 0 | P30: =M30-(N30+O30) -> 157 | Q30: 133 | R30: 76 | S30: =SUM(P30:R30) -> 366 | T30: =(I30-S30)+T29 -> 5210 | U30: 35 | V30: 80 | W30: =N30+O30+S30+U30+V30 -> 481 | X30: =IF(L30<0,L30*-1,0) -> 0.12452735 | Y30: =W30+X30 -> 481.12453 | Z30: 0.1 | AA30: 86 | AB30: 50 | AC30: 21
A31: 22 | B31: 6916.04 | C31: 346715 | D31: =C31-C30 -> -463 | E31: =C31-152000 -> 194715 | F31: =D31/$D$2 -> -233.42576 | G31: 192 | H31: 0 | I31: =G31+H31 -> 192 | J31: =IF(L31>0,L31,0) -> 53.574237 | K31: =I31+J31 -> 245.57424 | L31: =F31-(I31-W31) -> 53.574237 | M31: 151 | N31: 0 | O31: 0 | P31: =M31-(N31+O31) -> 151 | Q31: 133 | R31: 77 | S31: =SUM(P31:R31) -> 361 | T31: =(I31-S31)+T30 -> 5041 | U31: 38 | V31: 80 | W31: =N31+O31+S31+U31+V31 -> 479 | X31: =IF(L31<0,L31*-1,0) -> 0 | Y31: =W31+X31 -> 479 | Z31: 0 | AA31: 85 | AB31: 49 | AC31: 22
... A40: 31 | B40: 6915.41 | C40: 344084 | D40: =C40-C39 -> -83 | E40: =C40-152000 -> 192084 | F40: =D40/$D$2 -> -41.845223 | G40: 349 | H40: 0 | I40: =G40+H40 -> 349 | J40: =IF(L40>0,L40,0) -> 40.154777 | K40: =I40+J40 -> 389.15478 | L40: =F40-(I40-W40) -> 40.154777 | M40: 143 | N40: 0 | O40: 0 | P40: =M40-(N40+O40) -> 143 | Q40: 119 | R40: 68 | S40: =SUM(P40:R40) -> 330 | T40: =(I40-S40)+T39 -> 4562 | U40: 21 | V40: 80 | W40: =N40+O40+S40+U40+V40 -> 431 | X40: =IF(L40<0,L40*-1,0) -> 0 | Y40: =W40+X40 -> 431 | Z40: 0.13 | AA40: 83 | AB40: 46 | AC40: 31
A42: MONTH / CFS | F42: =SUM(F10:F40) -> -8197.1263 | G42: =SUM(G10:G40) -> 7332 | H42: =SUM(H10:H40) -> 0 | I42: =SUM(I10:I40) -> 7332 | J42: =SUM(J10:J40) -> 521.52407 | K42: =SUM(K10:K40) -> 7853.5241 | L42: =SUM(L10:L40) -> -284.12629 | M42: =SUM(M10:M40) -> 5282 | ... S42: =SUM(S10:S40) -> 11766 | U42: =SUM(U10:U40) -> 1041 | V42: =SUM(V10:V40) -> 2438 | W42: =SUM(W10:W40) -> 15245 | X42: =SUM(X10:X40) -> 805.65037 | Y42: =SUM(Y10:Y40) -> 16050.65 | Z42: =SUM(Z10:Z40) -> 1.94 | AA42: =AVERAGE(AA10:AA40) -> 83.129032 | AB42: =AVERAGE(AB10:AB40) -> 47.967742 | AC42: AVG
A43: MONTH / AF | D43: =SUM(D10:D40) -> -16259 | F43: =F42*$D$2 -> -16259 | G43: =G42*$D$2 -> 14543.022 | H43: =H42*$D$2 -> 0 | I43: =I42*$D$2 -> 14543.022 | J43: =J42*$D$2 -> 1034.443 | K43: =K42*$D$2 -> 15577.465 | L43: =L42*$D$2 -> -563.5645 | M43: =M42*$D$2 -> 10476.847 | ... S43: =S42*$D$2 -> 23337.861 | U43: =U42*$D$2 -> 2064.8235 | V43: =V42*$D$2 -> 4835.773 | W43: =W42*$D$2 -> 30238.458 | X43: =X42*$D$2 -> 1598.0075 | Y43: =Y42*$D$2 -> 31836.465 | AA43: =MAX(AA10:AA40) -> 87 | AB43: =MAX(AB10:AB40) -> 52 | AC43: HI
A45: SEASON / CFS | F45: =F7+F42 -> 6317.6204 | G45: =G7+G42 -> 91875 | H45: =H7+H42 -> 2414 | I45: =I7+I42 -> 94289 | J45: =J7+J42 -> 12988.062 | K45: =K7+K42 -> 107277.06 | L45: =L7+L42 -> 8084.6204 | M45: =M7+M42 -> 26431 | ... S45: =S7+S42 -> 56413 | T45: =T40 -> 4562 | U45: =U7+U42 -> 3551 | V45: =V7+V42 -> 36092 | W45: =W7+W42 -> 96056 | X45: =X7+X42 -> 4903.4414 | Y45: =Y7+Y42 -> 100959.44 | AA45: =MIN(AA10:AA40) -> 79 | AB45: =MIN(AB10:AB40) -> 43 | AC45: LO
A46: SEASON / AF | F46: =F45*$D$2 -> 12531 | G46: =G45*$D$2 -> 182234.06 | H46: =H45*$D$2 -> 4788.169 | I46: =I45*$D$2 -> 187022.23 | J46: =J45*$D$2 -> 25761.821 | K46: =K45*$D$2 -> 212784.05 | L46: =L45*$D$2 -> 16035.844 | M46: =M45*$D$2 -> 52425.889 | ... Y46: =Y45*$D$2 -> 200253.05
A48: YTD / CFS | F48: =F8+F42 -> 9056.2138 | G48: =G8+G42 -> 107200 | H48: =H8+H42 -> 2620 | I48: =I8+I42 -> 109820 | J48: =J8+J42 -> 16345.795 | K48: =K8+K42 -> 126165.8 | L48: =L8+L42 -> 10426.214 | M48: =M8+M42 -> 27750 | ... S48: =S8+S42 -> 59688 | T48: =T45 -> 4562 | U48: =U8+U42 -> 3551 | V48: =V8+V42 -> 47951 | W48: =W8+W42 -> 111190 | X48: =X8+X42 -> 5919.5815 | Y48: =Y8+Y42 -> 117109.58 | Z48: =Z8+Z42 -> 15.55
A49: YTD / AF | D49: =D8+D43 -> 17963 | E49: =E40 -> 192084 | F49: =F48*$D$2 -> 17963 | G49: =G48*$D$2 -> 212631.2 | H49: =H48*$D$2 -> 5196.77 | I49: =I48*$D$2 -> 217827.97 | J49: =J48*$D$2 -> 32421.885 | K49: =K48*$D$2 -> 250249.86 | L49: =L48*$D$2 -> 20680.395 | M49: =M48*$D$2 -> 55042.125 | ... Y49: =Y48*$D$2 -> 232286.86

Sheet SEP
K1: MC PHEE RESERVOIR IN/OUT FLOW TABULATION
A2: AF/cfs CONVERT FACTOR | D2: 1.9835 | K2: SEPTEMBER "1988"
A4: DATE | B4: RESERV | C4: RESERV | D4: AC FT | E4: ACTIVE | F4: CONV TO | G4: DOLORES | H4: LOST | I4: RECORDED | J4: CALC | K4: TOTAL | L4: CALC | M4: TUNNEL | Q4: LONE | R4: U | S4: TOTAL | T4: MVI | U4: DV CR | V4: BELOW | W4: RECORDED | X4: CALC | Y4: TOTAL | Z4: RAIN | AA4: MAX | AB4: MIN | AC4: DATE
A5: "SEP" | B5: ELEV | C5: AC FT | D5: CHANGE | E5: CAP | F5: CFS | G5: RIVER | H5: CANYON | I5: INFLOW | J5: INFLOW | K5: INFLOW | L5: INF/OTF | M5: TOT DIV | N5: WETLAND | O5: UTE F&R | P5: MVI,CTZ | Q5: PINE | R5: LAT | S5: MVI | T5: CALL | U5: CANAL | V5: MC PHEE | W5: OUTFLOW | X5: OUTFLOW | Y5: OUTFLOW | AA5: TMP | AB5: TMP | AC5: "SEP"
A7: SEASON BAL | F7: =AUG!F45 -> 6317.6204 | G7: =AUG!G45 -> 91875 | H7: =AUG!H45 -> 2414 | I7: =AUG!I45 -> 94289 | J7: =AUG!J45 -> 12988.062 | K7: =AUG!K45 -> 107277.06 | L7: =AUG!L45 -> 8084.6204 | M7: =AUG!M45 -> 26431 | ... Y7: =AUG!Y45 -> 100959.44
A8: YTD | B8: =AUG!B40 -> 6915.41 | C8: =AUG!C40 -> 344084 | D8: =AUG!D49 -> 17963 | E8: =AUG!E49 -> 192084 | F8: =AUG!F48 -> 9056.2138 | G8: =AUG!G48 -> 107200 | H8: =AUG!H48 -> 2620 | I8: =AUG!I48 -> 109820 | J8: =AUG!J48 -> 16345.795 | K8: =AUG!K48 -> 126165.8 | L8: =AUG!L48 -> 10426.214 | M8: =AUG!M48 -> 27750 | ... S8: =AUG!S48 -> 59688 | T8: =AUG!T46 -> 9048.727 | U8: =AUG!U48 -> 3551 | V8: =AUG!V48 -> 47951 | W8: =AUG!W48 -> 111190 | X8: =AUG!X48 -> 5919.5815 | Y8: =AUG!Y48 -> 117109.58 | Z8: =AUG!Z48 -> 15.55
AA9: 0
A10: 1 | B10: 6915.36 | C10: 343875 | D10: =C10-C8 -> -209 | E10: =C10-151978 -> 191897 | F10: =D10/$D$2 -> -105.3693 | G10: 359 | H10: 0 | I10: =G10+H10 -> 359 | J10: =IF(L10>0,L10,0) -> 0 | K10: =I10+J10 -> 359 | L10: =F10-(I10-W10) -> -29.369297 | M10: 139 | N10: 0 | O10: 0 | P10: =M10-(N10+O10) -> 139 | Q10: 119 | R10: 68 | S10: =SUM(P10:R10) -> 326 | T10: =(I10-S10)+T7 -> 4595 | U10: 29 | V10: 80 | W10: =N10+O10+S10+U10+V10 -> 435 | X10: =IF(L10<0,L10*-1,0) -> 29.369297 | Y10: =W10+X10 -> 464.3693 | Z10: 0 | AA10: 80 | AB10: 46 | AC10: 1
A11: 2 | B11: 6915.29 | C11: 343583 | D11: =C11-C10 -> -292 | E11: =C11-151978 -> 191605 | F11: =D11/$D$2 -> -147.21452 | G11: 309 | H11: 0 | I11: =G11+H11 -> 309 | J11: =IF(L11>0,L11,0) -> 0 | K11: =I11+J11 -> 309 | L11: =F11-(I11-W11) -> -28.21452 | M11: 131 | N11: 0 | O11: 0 | P11: =M11-(N11+O11) -> 131 | Q11: 118 | R11: 70 | S11: =SUM(P11:R11) -> 319 | T11: =(I11-S11)+T10 -> 4585 | U11: 29 | V11: 80 | W11: =N11+O11+S11+U11+V11 -> 428 | X11: =IF(L11<0,L11*-1,0) -> 28.21452 | Y11: =W11+X11 -> 456.21452 | Z11: 0 | AA11: 80 | AB11: 45 | AC11: 2
A12: 3 | B12: 6915.22 | C12: 343291 | D12: =C12-C11 -> -292 | E12: =C12-151978 -> 191313 | F12: =D12/$D$2 -> -147.21452 | G12: 264 | H12: 0 | I12: =G12+H12 -> 264 | J12: =IF(L12>0,L12,0) -> 14.78548 | K12: =I12+J12 -> 278.78548 | L12: =F12-(I12-W12) -> 14.78548 | M12: 131 | N12: 0 | O12: 0 | P12: =M12-(N12+O12) -> 131 | Q12: 118 | R12: 72 | S12: =SUM(P12:R12) -> 321 | T12: =(I12-S12)+T11 -> 4528 | U12: 25 | V12: 80 | W12: =N12+O12+S12+U12+V12 -> 426 | X12: =IF(L12<0,L12*-1,0) -> 0 | Y12: =W12+X12 -> 426 | Z12: 0 | AA12: 79 | AB12: 44 | AC12: 3
A13: 4 | B13: 6915.12 | C13: 342873 | D13: =C13-C12 -> -418 | E13: =C13-151978 -> 190895 | F13: =D13/$D$2 -> -210.73859 | G13: 240 | H13: 0 | I13: =G13+H13 -> 240 | J13: =IF(L13>0,L13,0) -> 0 | K13: =I13+J13 -> 240 | L13: =F13-(I13-W13) -> -27.738593 | M13: 131 | N13: 0 | O13: 0 | P13: =M13-(N13+O13) -> 131 | Q13: 118 | R13: 71 | S13: =SUM(P13:R13) -> 320 | T13: =(I13-S13)+T12 -> 4448 | U13: 23 | V13: 80 | W13: =N13+O13+S13+U13+V13 -> 423 | X13: =IF(L13<0,L13*-1,0) -> 27.738593 | Y13: =W13+X13 -> 450.73859 | Z13: 0 | AA13: 80 | AB13: 43 | AC13: 4
A14: 5 | B14: 6915.02 | C14: 342456 | D14: =C14-C13 -> -417 | E14: =C14-151978 -> 190478 | F14: =D14/$D$2 -> -210.23443 | G14: 239 | H14: 0 | I14: =G14+H14 -> 239 | J14: =IF(L14>0,L14,0) -> 0 | K14: =I14+J14 -> 239 | L14: =F14-(I14-W14) -> -24.234434 | M14: 130 | N14: 0 | O14: 0 | P14: =M14-(N14+O14) -> 130 | Q14: 117 | R14: 72 | S14: =SUM(P14:R14) -> 319 | T14: =(I14-S14)+T13 -> 4368 | U14: 26 | V14: 80 | W14: =N14+O14+S14+U14+V14 -> 425 | X14: =IF(L14<0,L14*-1,0) -> 24.234434 | Y14: =W14+X14 -> 449.23443 | Z14: 0 | AA14: 81 | AB14: 43 | AC14: 5
A15: 6 | B15: 6914.9 | C15: 341958 | D15: =C15-C14 -> -498 | E15: =C15-151978 -> 189980 | F15: =D15/$D$2 -> -251.07134 | G15: 217 | H15: 0 | I15: =G15+H15 -> 217 | J15: =IF(L15>0,L15,0) -> 0 | K15: =I15+J15 -> 217 | L15: =F15-(I15-W15) -> -50.071339 | M15: 121 | N15: 0 | O15: 0 | P15: =M15-(N15+O15) -> 121 | Q15: 118 | R15: 71 | S15: =SUM(P15:R15) -> 310 | T15: =(I15-S15)+T14 -> 4275 | U15: 28 | V15: 80 | W15: =N15+O15+S15+U15+V15 -> 418 | X15: =IF(L15<0,L15*-1,0) -> 50.071339 | Y15: =W15+X15 -> 468.07134 | Z15: 0 | AA15: 80 | AB15: 44 | AC15: 6
A16: 7 | B16: 6914.79 | C16: 341503 | D16: =C16-C15 -> -455 | E16: =C16-151978 -> 189525 | F16: =D16/$D$2 -> -229.39249 | G16: 201 | H16: 0 | I16: =G16+H16 -> 201 | J16: =IF(L16>0,L16,0) -> 0 | K16: =I16+J16 -> 201 | L16: =F16-(I16-W16) -> -17.392488 | M16: 118 | N16: 0 | O16: 0 | P16: =M16-(N16+O16) -> 118 | Q16: 118 | R16: 72 | S16: =SUM(P16:R16) -> 308 | T16: =(I16-S16)+T15 -> 4168 | U16: 25 | V16: 80 | W16: =N16+O16+S16+U16+V16 -> 413 | X16: =IF(L16<0,L16*-1,0) -> 17.392488 | Y16: =W16+X16 -> 430.39249 | Z16: 0 | AA16: 79 | AB16: 44 | AC16: 7
A17: 8 | B17: 6914.63 | C17: 340840 | D17: =C17-C16 -> -663 | E17: =C17-151978 -> 188862 | F17: =D17/$D$2 -> -334.25763 | G17: 190 | H17: 0 | I17: =G17+H17 -> 190 | J17: =IF(L17>0,L17,0) -> 0 | K17: =I17+J17 -> 190 | L17: =F17-(I17-W17) -> -103.25763 | M17: 118 | N17: 0 | O17: 0 | P17: =M17-(N17+O17) -> 118 | Q17: 118 | R17: 70 | S17: =SUM(P17:R17) -> 306 | T17: =(I17-S17)+T16 -> 4052 | U17: 35 | V17: 80 | W17: =N17+O17+S17+U17+V17 -> 421 | X17: =IF(L17<0,L17*-1,0) -> 103.25763 | Y17: =W17+X17 -> 524.25763 | Z17: 0 | AA17: 84 | AB17: 45 | AC17: 8
A18: 9 | B18: 6914.55 | C18: 340509 | D18: =C18-C17 -> -331 | E18: =C18-151978 -> 188531 | F18: =D18/$D$2 -> -166.87673 | G18: 182 | H18: 0 | I18: =G18+H18 -> 182 | J18: =IF(L18>0,L18,0) -> 69.123267 | K18: =I18+J18 -> 251.12327 | L18: =F18-(I18-W18) -> 69.123267 | M18: 118 | N18: 0 | O18: 0 | P18: =M18-(N18+O18) -> 118 | Q18: 118 | R18: 71 | S18: =SUM(P18:R18) -> 307 | T18: =(I18-S18)+T17 -> 3927 | U18: 31 | V18: 80 | W18: =N18+O18+S18+U18+V18 -> 418 | X18: =IF(L18<0,L18*-1,0) -> 0 | Y18: =W18+X18 -> 418 | Z18: 0 | AA18: 79 | AB18: 47 | AC18: 9
A19: 10 | B19: 6914.5 | C19: 340301 | D19: =C19-C18 -> -208 | E19: =C19-151978 -> 188323 | F19: =D19/$D$2 -> -104.86514 | G19: 177 | H19: 0 | I19: =G19+H19 -> 177 | J19: =IF(L19>0,L19,0) -> 132.13486 | K19: =I19+J19 -> 309.13486 | L19: =F19-(I19-W19) -> 132.13486 | M19: 118 | N19: 0 | O19: 0 | P19: =M19-(N19+O19) -> 118 | Q19: 117 | R19: 70 | S19: =SUM(P19:R19) -> 305 | T19: =(I19-S19)+T18 -> 3799 | U19: 29 | V19: 80 | W19: =N19+O19+S19+U19+V19 -> 414 | X19: =IF(L19<0,L19*-1,0) -> 0 | Y19: =W19+X19 -> 414 | Z19: 0.13 | AA19: 78 | AB19: 45 | AC19: 10
A20: 11 | B20: 6914.47 | C20: 340177 | D20: =C20-C19 -> -124 | E20: =C20-151978 -> 188199 | F20: =D20/$D$2 -> -62.515755 | G20: 211 | H20: 0 | I20: =G20+H20 -> 211 | J20: =IF(L20>0,L20,0) -> 153.48425 | K20: =I20+J20 -> 364.48425 | L20: =F20-(I20-W20) -> 153.48425 | M20: 118 | N20: 0 | O20: 0 | P20: =M20-(N20+O20) -> 118 | Q20: 117 | R20: 71 | S20: =SUM(P20:R20) -> 306 | T20: =(I20-S20)+T19 -> 3704 | U20: 41 | V20: 80 | W20: =N20+O20+S20+U20+V20 -> 427 | X20: =IF(L20<0,L20*-1,0) -> 0 | Y20: =W20+X20 -> 427 | Z20: 0.74 | AA20: 79 | AB20: 42 | AC20: 11
A21: 12 | B21: 6914.48 | C21: 340219 | D21: =C21-C20 -> 42 | E21: =C21-151978 -> 188241 | F21: =D21/$D$2 -> 21.174691 | G21: 352 | H21: 0 | I21: =G21+H21 -> 352 | J21: =IF(L21>0,L21,0) -> 67.174691 | K21: =I21+J21 -> 419.17469 | L21: =F21-(I21-W21) -> 67.174691 | M21: 111 | N21: 0 | O21: 0 | P21: =M21-(N21+O21) -> 111 | Q21: 117 | R21: 67 | S21: =SUM(P21:R21) -> 295 | T21: =(I21-S21)+T20 -> 3761 | U21: 22 | V21: 81 | W21: =N21+O21+S21+U21+V21 -> 398 | X21: =IF(L21<0,L21*-1,0) -> 0 | Y21: =W21+X21 -> 398 | Z21: 0.53 | AA21: 65 | AB21: 46 | AC21: 12
A22: 13 | B22: 6914.58 | C22: 340633 | D22: =C22-C21 -> 414 | E22: =C22-151978 -> 188655 | F22: =D22/$D$2 -> 208.72196 | G22: 587 | H22: 0 | I22: =G22+H22 -> 587 | J22: =IF(L22>0,L22,0) -> 1.7219561 | K22: =I22+J22 -> 588.72196 | L22: =F22-(I22-W22) -> 1.7219561 | M22: 99 | N22: 0 | O22: 0 | P22: =M22-(N22+O22) -> 99 | Q22: 117 | R22: 66 | S22: =SUM(P22:R22) -> 282 | T22: =(I22-S22)+T21 -> 4066 | U22: 17 | V22: 81 | W22: =N22+O22+S22+U22+V22 -> 380 | X22: =IF(L22<0,L22*-1,0) -> 0 | Y22: =W22+X22 -> 380 | Z22: 0 | AA22: 62 | AB22: 39 | AC22: 13
... A39: 30 | B39: 6913.37 | C39: 335642 | D39: =C39-C38 -> -411 | E39: =C39-151978 -> 183664 | F39: =D39/$D$2 -> -207.20948 | G39: 136 | H39: 0 | I39: =G39+H39 -> 136 | J39: =IF(L39>0,L39,0) -> 0 | K39: =I39+J39 -> 136 | L39: =F39-(I39-W39) -> -25.209478 | M39: 74 | N39: 0 | O39: 0 | P39: =M39-(N39+O39) -> 74 | Q39: 114 | R39: 39 | S39: =SUM(P39:R39) -> 227 | T39: =(I39-S39)+T38 -> 3721 | U39: 13 | V39: 78 | W39: =N39+O39+S39+U39+V39 -> 318 | X39: =IF(L39<0,L39*-1,0) -> 25.209478 | Y39: =W39+X39 -> 343.20948 | Z39: 0 | AA39: 70 | AB39: 39 | AC39: 30
A41: MONTH / CFS | F41: =SUM(F10:F39) -> -4256.1129 | G41: =SUM(G10:G39) -> 7375 | H41: =SUM(H10:H39) -> 0 | I41: =SUM(I10:I39) -> 7375 | J41: =SUM(J10:J39) -> 485.97404 | K41: =SUM(K10:K39) -> 7860.974 | L41: =SUM(L10:L39) -> -371.11293 | M41: =SUM(M10:M39) -> 2912 | ... S41: =SUM(S10:S39) -> 8216 | U41: =SUM(U10:U39) -> 679 | V41: =SUM(V10:V40) -> 2365 | W41: =SUM(W10:W39) -> 11260 | X41: =SUM(X10:X39) -> 857.08697 | Y41: =SUM(Y10:Y39) -> 12117.087 | Z41: =SUM(Z10:Z39) -> 1.53 | AA41: =AVERAGE(AA10:AA39) -> 71.4 | AB41: =AVERAGE(AB10:AB39) -> 40.466667 | AC41: AVG
A42: MONTH / AF | D42: =SUM(D10:D40) -> -8442 | F42: =F41*$D$2 -> -8442 | G42: =G41*$D$2 -> 14628.312 | H42: =H41*$D$2 -> 0 | I42: =I41*$D$2 -> 14628.312 | J42: =J41*$D$2 -> 963.9295 | K42: =K41*$D$2 -> 15592.242 | L42: =L41*$D$2 -> -736.1025 | M42: =M41*$D$2 -> 5775.952 | ... S42: =S41*$D$2 -> 16296.436 | U42: =U41*$D$2 -> 1346.7965 | V42: =V41*$D$2 -> 4690.9775 | W42: =W41*$D$2 -> 22334.21 | X42: =X41*$D$2 -> 1700.032 | Y42: =Y41*$D$2 -> 24034.242 | AA42: =MAX(AA10:AA39) -> 84 | AB42: =MAX(AB10:AB39) -> 48 | AC42: HI
A44: SEASON / CFS | F44: =F7+F41 -> 2061.5074 | G44: =G7+G41 -> 99250 | H44: =H7+H41 -> 2414 | I44: =I7+I41 -> 101664 | J44: =J7+J41 -> 13474.036 | K44: =K7+K41 -> 115138.04 | L44: =L7+L41 -> 7713.5074 | M44: =M7+M41 -> 29343 | ... S44: =S7+S41 -> 64629 | T44: =T39 -> 3721 | U44: =U7+U41 -> 4230 | V44: =V7+V41 -> 38457 | W44: =W7+W41 -> 107316 | X44: =X7+X41 -> 5760.5284 | Y44: =Y7+Y41 -> 113076.53 | AA44: =MIN(AA10:AA39) -> 59 | AB44: =MIN(AB10:AB39) -> 31 | AC44: LO
A45: SEASON / AF | F45: =F44*$D$2 -> 4089 | G45: =G44*$D$2 -> 196862.38 | H45: =H44*$D$2 -> 4788.169 | I45: =I44*$D$2 -> 201650.54 | J45: =J44*$D$2 -> 26725.75 | K45: =K44*$D$2 -> 228376.29 | L45: =L44*$D$2 -> 15299.742 | M45: =M44*$D$2 -> 58201.84 | ... Y45: =Y44*$D$2 -> 224287.29
A47: YTD / CFS | F47: =F8+F41 -> 4800.1008 | G47: =G8+G41 -> 114575 | H47: =H8+H41 -> 2620 | I47: =I8+I41 -> 117195 | J47: =J8+J41 -> 16831.769 | K47: =K8+K41 -> 134026.77 | L47: =L8+L41 -> 10055.101 | M47: =M8+M41 -> 30662 | ... S47: =S8+S41 -> 67904 | T47: =T44 -> 3721 | U47: =U8+U41 -> 4230 | V47: =V8+V41 -> 50316 | W47: =W8+W41 -> 122450 | X47: =X8+X41 -> 6776.6685 | Y47: =Y8+Y41 -> 129226.67 | Z47: =Z8+Z41 -> 17.08
A48: YTD / AF | D48: =D8+D42 -> 9521 | E48: =E39 -> 183664 | F48: =F47*$D$2 -> 9521 | G48: =G47*$D$2 -> 227259.51 | H48: =H47*$D$2 -> 5196.77 | I48: =I47*$D$2 -> 232456.28 | J48: =J47*$D$2 -> 33385.815 | K48: =K47*$D$2 -> 265842.1 | L48: =L47*$D$2 -> 19944.292 | M48: =M47*$D$2 -> 60818.077 | ... Y48: =Y47*$D$2 -> 256321.1

Sheet OCT
K1: MC PHEE RESERVOIR IN/OUT FLOW TABULATION
A2: AF/cfs CONVERT FACTOR | D2: 1.9835 | K2: OCTOBER "1988"
A4: DATE | B4: RESERV | C4: RESERV | D4: AC FT | E4: ACTIVE | F4: CONV TO | G4: DOLORES | H4: LOST | I4: RECORDED | J4: CALC | K4: TOTAL | L4: CALC | M4: TUNNEL | Q4: LONE | R4: U | S4: TOTAL | T4: MVI | U4: DV CR | V4: BELOW | W4: RECORDED | X4: CALC | Y4: TOTAL | Z4: RAIN | AA4: MAX | AB4: MIN | AC4: DATE
A5: "OCT" | B5: ELEV | C5: AC FT | D5: CHANGE | E5: CAP | F5: CFS | G5: RIVER | H5: CANYON | I5: INFLOW | J5: INFLOW | K5: INFLOW | L5: INF/OTF | M5: TOT DIV | N5: WETLAND | O5: UTE F&R | P5: MVI,CTZ | Q5: PINE | R5: LAT | S5: MVI | T5: CALL | U5: CANAL | V5: MC PHEE | W5: OUTFLOW | X5: OUTFLOW | Y5: OUTFLOW | AA5: TMP | AB5: TMP | AC5: "OCT"
A7: SEASON BAL | F7: =SEP!F44 -> 2061.5074 | G7: =SEP!G44 -> 99250 | H7: =SEP!H44 -> 2414 | I7: =SEP!I44 -> 101664 | J7: =SEP!J44 -> 13474.036 | K7: =SEP!K44 -> 115138.04 | L7: =SEP!L44 -> 7713.5074 | M7: =SEP!M44 -> 29343 | N7: =[1]SEP!N44 -> 204.87 | O7: =[1]SEP!O44 -> 11053.401 | P7: =[1]SEP!P44 -> 37513.029 | Q7: =SEP!Q44 -> 23311 | R7: =SEP!R44 -> 11975 | S7: =SEP!S44 -> 64629 | T7: =SEP!T44 -> 3721 | U7: =SEP!U44 -> 4230 | V7: =SEP!V44 -> 38457 | W7: =SEP!W44 -> 107316 | X7: =SEP!X44 -> 5760.5284 | Y7: =SEP!Y44 -> 113076.53
A8: YTD | B8: =SEP!B39 -> 6913.37 | C8: =SEP!C39 -> 335642 | D8: =SEP!D48 -> 9521 | E8: =SEP!E48 -> 183664 | F8: =SEP!F47 -> 4800.1008 | G8: =SEP!G47 -> 114575 | H8: =SEP!H47 -> 2620 | I8: =SEP!I47 -> 117195 | J8: =SEP!J47 -> 16831.769 | K8: =SEP!K47 -> 134026.77 | L8: =SEP!L47 -> 10055.101 | M8: =SEP!M47 -> 30662 | N8: =[1]SEP!N47 -> 271.25 | O8: =[1]SEP!O47 -> 11494.742 | P8: =[1]SEP!P47 -> 39444.068 | Q8: =SEP!Q47 -> 25071 | R8: =SEP!R47 -> 12171 | S8: =SEP!S47 -> 67904 | T8: =SEP!T45 -> 7380.6035 | U8: =SEP!U47 -> 4230 | V8: =SEP!V47 -> 50316 | W8: =SEP!W47 -> 122450 | X8: =SEP!X47 -> 6776.6685 | Y8: =SEP!Y47 -> 129226.67 | Z8: =SEP!Z47 -> 17.08
A10: 1 | B10: 6913.27 | C10: 335231 | D10: =C10-C8 -> -411 | E10: =C10-152000 -> 183231 | F10: =D10/$D$2 -> -207.20948 | G10: 130 | H10: 0 | I10: =G10+H10 -> 130 | J10: =IF(L10>0,L10,0) -> 0 | K10: =I10+J10 -> 130 | L10: =F10-(I10-W10) -> -33.209478 | M10: 73 | N10: 0 | O10: 0 | P10: =M10-(N10+O10) -> 73 | Q10: 114 | R10: 39 | S10: =SUM(P10:R10) -> 226 | T10: =(I10-S10)+T7 -> 3625 | U10: 0 | V10: 78 | W10: =N10+O10+S10+U10+V10 -> 304 | X10: =IF(L10<0,L10*-1,0) -> 33.209478 | Y10: =W10+X10 -> 337.20948 | Z10: 0 | AA10: 73 | AB10: 38 | AC10: 1
A11: =A10+1 -> 2 | B11: 6913.17 | C11: 334820 | D11: =C11-C10 -> -411 | E11: =C11-152000 -> 182820 | F11: =D11/$D$2 -> -207.20948 | G11: 125 | H11: 0 | I11: =G11+H11 -> 125 | J11: =IF(L11>0,L11,0) -> 0 | K11: =I11+J11 -> 125 | L11: =F11-(I11-W11) -> -28.209478 | M11: 73 | N11: 0 | O11: 0 | P11: =M11-(N11+O11) -> 73 | Q11: 114 | R11: 39 | S11: =SUM(P11:R11) -> 226 | T11: =(I11-S11)+T10 -> 3524 | U11: 0 | V11: 78 | W11: =N11+O11+S11+U11+V11 -> 304 | X11: =IF(L11<0,L11*-1,0) -> 28.209478 | Y11: =W11+X11 -> 332.20948 | Z11: 0 | AA11: 73 | AB11: 40 | AC11: =AC10+1 -> 2
A12: =A11+1 -> 3 | B12: 6913.09 | C12: 334491 | D12: =C12-C11 -> -329 | E12: =C12-152000 -> 182491 | F12: =D12/$D$2 -> -165.86841 | G12: 118 | H12: 0 | I12: =G12+H12 -> 118 | J12: =IF(L12>0,L12,0) -> 0 | K12: =I12+J12 -> 118 | L12: =F12-(I12-W12) -> -5.8684144 | M12: 73 | N12: 0 | O12: 0 | P12: =M12-(N12+O12) -> 73 | Q12: 88 | R12: 39 | S12: =SUM(P12:R12) -> 200 | T12: =(I12-S12)+T11 -> 3442 | U12: 0 | V12: 78 | W12: =N12+O12+S12+U12+V12 -> 278 | X12: =IF(L12<0,L12*-1,0) -> 5.8684144 | Y12: =W12+X12 -> 283.86841 | Z12: 0 | AA12: 74 | AB12: 40 | AC12: =AC11+1 -> 3
A13: =A12+1 -> 4 | B13: 6913.041 | C13: 334162 | D13: =C13-C12 -> -329 | E13: =C13-152000 -> 182162 | F13: =D13/$D$2 -> -165.86841 | G13: 115 | H13: 0 | I13: =G13+H13 -> 115 | J13: =IF(L13>0,L13,0) -> 0 | K13: =I13+J13 -> 115 | L13: =F13-(I13-W13) -> -41.868414 | M13: 73 | N13: 0 | O13: 0 | P13: =M13-(N13+O13) -> 73 | Q13: 66 | R13: 39 | S13: =SUM(P13:R13) -> 178 | T13: =(I13-S13)+T12 -> 3379 | U13: 0 | V13: 61 | W13: =N13+O13+S13+U13+V13 -> 239 | X13: =IF(L13<0,L13*-1,0) -> 41.868414 | Y13: =W13+X13 -> 280.86841 | Z13: 0 | AA13: 68 | AB13: 44 | AC13: =AC12+1 -> 4
A14: =A13+1 -> 5 | B14: 6912.94 | C14: 333877 | D14: =C14-C13 -> -285 | E14: =C14-152000 -> 181877 | F14: =D14/$D$2 -> -143.6854 | G14: 114 | H14: 0 | I14: =G14+H14 -> 114 | J14: =IF(L14>0,L14,0) -> 0 | K14: =I14+J14 -> 114 | L14: =F14-(I14-W14) -> -29.685405 | M14: 73 | N14: 0 | O14: 0 | P14: =M14-(N14+O14) -> 73 | Q14: 67 | R14: 39 | S14: =SUM(P14:R14) -> 179 | T14: =(I14-S14)+T13 -> 3314 | U14: 0 | V14: 49 | W14: =N14+O14+S14+U14+V14 -> 228 | X14: =IF(L14<0,L14*-1,0) -> 29.685405 | Y14: =W14+X14 -> 257.6854 | Z14: 0.05 | AA14: 68 | AB14: 40 | AC14: =AC13+1 -> 5
A15: =A14+1 -> 6 | B15: 6912.89 | C15: 333673 | D15: =C15-C14 -> -204 | E15: =C15-152000 -> 181673 | F15: =D15/$D$2 -> -102.8485 | G15: 119 | H15: 0 | I15: =G15+H15 -> 119 | J15: =IF(L15>0,L15,0) -> 7.1514999 | K15: =I15+J15 -> 126.1515 | L15: =F15-(I15-W15) -> 7.1514999 | M15: 73 | N15: 0 | O15: 0 | P15: =M15-(N15+O15) -> 73 | Q15: 67 | R15: 39 | S15: =SUM(P15:R15) -> 179 | T15: =(I15-S15)+T14 -> 3254 | U15: 0 | V15: 50 | W15: =N15+O15+S15+U15+V15 -> 229 | X15: =IF(L15<0,L15*-1,0) -> 0 | Y15: =W15+X15 -> 229 | Z15: 0 | AA15: 66 | AB15: 42 | AC15: =AC14+1 -> 6
A16: =A15+1 -> 7 | B16: 6912.82 | C16: 333387 | D16: =C16-C15 -> -286 | E16: =C16-152000 -> 181387 | F16: =D16/$D$2 -> -144.18956 | G16: 141 | H16: 0 | I16: =G16+H16 -> 141 | J16: =IF(L16>0,L16,0) -> 0 | K16: =I16+J16 -> 141 | L16: =F16-(I16-W16) -> -33.189564 | M16: 73 | N16: 0 | O16: 0 | P16: =M16-(N16+O16) -> 73 | Q16: 67 | R16: 39 | S16: =SUM(P16:R16) -> 179 | T16: =(I16-S16)+T15 -> 3216 | U16: 10 | V16: 63 | W16: =N16+O16+S16+U16+V16 -> 252 | X16: =IF(L16<0,L16*-1,0) -> 33.189564 | Y16: =W16+X16 -> 285.18956 | Z16: 0 | AA16: 65 | AB16: 39 | AC16: =AC15+1 -> 7
A17: =A16+1 -> 8 | B17: 6912.75 | C17: 333102 | D17: =C17-C16 -> -285 | E17: =C17-152000 -> 181102 | F17: =D17/$D$2 -> -143.6854 | G17: 150 | H17: 0 | I17: =G17+H17 -> 150 | J17: =IF(L17>0,L17,0) -> 0 | K17: =I17+J17 -> 150 | L17: =F17-(I17-W17) -> -37.685405 | M17: 73 | N17: 0 | O17: 0 | P17: =M17-(N17+O17) -> 73 | Q17: 67 | R17: 39 | S17: =SUM(P17:R17) -> 179 | T17: =(I17-S17)+T16 -> 3187 | U17: 0 | V17: 77 | W17: =N17+O17+S17+U17+V17 -> 256 | X17: =IF(L17<0,L17*-1,0) -> 37.685405 | Y17: =W17+X17 -> 293.6854 | Z17: 0 | AA17: 60 | AB17: 35 | AC17: =AC16+1 -> 8
A18: =A17+1 -> 9 | B18: 6912.69 | C18: 332857 | D18: =C18-C17 -> -245 | E18: =C18-152000 -> 180857 | F18: =D18/$D$2 -> -123.51903 | G18: 139 | H18: 0 | I18: =G18+H18 -> 139 | J18: =IF(L18>0,L18,0) -> 0 | K18: =I18+J18 -> 139 | L18: =F18-(I18-W18) -> -5.519032 | M18: 73 | N18: 0 | O18: 0 | P18: =M18-(N18+O18) -> 73 | Q18: 67 | R18: 39 | S18: =SUM(P18:R18) -> 179 | T18: =(I18-S18)+T17 -> 3147 | U18: 0 | V18: 78 | W18: =N18+O18+S18+U18+V18 -> 257 | X18: =IF(L18<0,L18*-1,0) -> 5.519032 | Y18: =W18+X18 -> 262.51903 | Z18: 0.1 | AA18: 66 | AB18: 32 | AC18: =AC17+1 -> 9
A19: =A18+1 -> 10 | B19: 6912.62 | C19: 332572 | D19: =C19-C18 -> -285 | E19: =C19-152000 -> 180572 | F19: =D19/$D$2 -> -143.6854 | G19: 132 | H19: 0 | I19: =G19+H19 -> 132 | J19: =IF(L19>0,L19,0) -> 0 | K19: =I19+J19 -> 132 | L19: =F19-(I19-W19) -> -4.6854046 | M19: 73 | N19: 0 | O19: 0 | P19: =M19-(N19+O19) -> 73 | Q19: 67 | R19: 39 | S19: =SUM(P19:R19) -> 179 | T19: =(I19-S19)+T18 -> 3100 | U19: 14 | V19: 78 | W19: =N19+O19+S19+U19+V19 -> 271 | X19: =IF(L19<0,L19*-1,0) -> 4.6854046 | Y19: =W19+X19 -> 275.6854 | Z19: 0 | AA19: 65 | AB19: 32 | AC19: =AC18+1 -> 10
A20: =A19+1 -> 11 | B20: 6912.54 | C20: 332246 | D20: =C20-C19 -> -326 | E20: =C20-152000 -> 180246 | F20: =D20/$D$2 -> -164.35594 | G20: 120 | H20: 0 | I20: =G20+H20 -> 120 | J20: =IF(L20>0,L20,0) -> 0 | K20: =I20+J20 -> 120 | L20: =F20-(I20-W20) -> -27.355936 | M20: 73 | N20: 0 | O20: 0 | P20: =M20-(N20+O20) -> 73 | Q20: 67 | R20: 39 | S20: =SUM(P20:R20) -> 179 | T20: =(I20-S20)+T19 -> 3041 | U20: 0 | V20: 78 | W20: =N20+O20+S20+U20+V20 -> 257 | X20: =IF(L20<0,L20*-1,0) -> 27.355936 | Y20: =W20+X20 -> 284.35594 | Z20: 0 | AA20: 65 | AB20: 32 | AC20: =AC19+1 -> 11
A21: =A20+1 -> 12 | B21: 6912.41 | C21: 331716 | D21: =C21-C20 -> -530 | E21: =C21-152000 -> 179716 | F21: =D21/$D$2 -> -267.20444 | G21: 114 | H21: 0 | I21: =G21+H21 -> 114 | J21: =IF(L21>0,L21,0) -> 0 | K21: =I21+J21 -> 114 | L21: =F21-(I21-W21) -> -92.204437 | M21: 73 | N21: 0 | O21: 0 | P21: =M21-(N21+O21) -> 73 | Q21: 67 | R21: 39 | S21: =SUM(P21:R21) -> 179 | T21: =(I21-S21)+T20 -> 2976 | U21: 32 | V21: 78 | W21: =N21+O21+S21+U21+V21 -> 289 | X21: =IF(L21<0,L21*-1,0) -> 92.204437 | Y21: =W21+X21 -> 381.20444 | Z21: 0 | AA21: 65 | AB21: 33 | AC21: =AC20+1 -> 12
A22: =A21+1 -> 13 | B22: 6912.24 | C22: 331023 | D22: =C22-C21 -> -693 | E22: =C22-152000 -> 179023 | F22: =D22/$D$2 -> -349.3824 | G22: 110 | H22: 0 | I22: =G22+H22 -> 110 | J22: =IF(L22>0,L22,0) -> 0 | K22: =I22+J22 -> 110 | L22: =F22-(I22-W22) -> -41.382405 | M22: 73 | N22: 0 | O22: 0 | P22: =M22-(N22+O22) -> 73 | Q22: 193 | R22: 39 | S22: =SUM(P22:R22) -> 305 | T22: =(I22-S22)+T21 -> 2781 | U22: 35 | V22: 78 | W22: =N22+O22+S22+U22+V22 -> 418 | X22: =IF(L22<0,L22*-1,0) -> 41.382405 | Y22: =W22+X22 -> 459.3824 | Z22: 0 | AA22: 70 | AB22: 37 | AC22: =AC21+1 -> 13
... A33: =A32+1 -> 24 | B33: 6911.09 | C33: 326363 | D33: =C33-C32 -> -284 | E33: =C33-152000 -> 174363 | F33: =D33/$D$2 -> -143.18125 | G33: 78 | H33: 0 | I33: =G33+H33 -> 78 | J33: =IF(L33>0,L33,0) -> 0 | K33: =I33+J33 -> 78 | L33: =F33-(I33-W33) -> -28.181245 | M33: 59 | N33: 0 | O33: 0 | P33: =M33-(N33+O33) -> 59 | Q33: 0 | R33: 36 | S33: =SUM(P33:R33) -> 95 | T33: =(I33-S33)+T32 -> 1659.02 | U33: 20 | V33: 78 | W33: =N33+O33+S33+U33+V33 -> 193 | X33: =IF(L33<0,L33*-1,0) -> 28.181245 | Y33: =W33+X33 -> 221.18125 | Z33: 0 | AA33: 72 | AB33: 35 | AC33: =AC32+1 -> 24
A34: 25 | B34: 6911.04 | C34: 326161 | D34: =C34-C33 -> -202 | E34: =C34-152000 -> 174161 | F34: =D34/$D$2 -> -101.84018 | G34: 77 | H34: 0 | I34: =G34+H34 -> 77 | J34: =IF(L34>0,L34,0) -> 18.159819 | K34: =I34+J34 -> 95.159819 | L34: =F34-(I34-W34) -> 18.159819 | M34: 59 | N34: 0 | O34: 0 | P34: =M34-(N34+O34) -> 59 | Q34: 0 | R34: 36 | S34: =SUM(P34:R34) -> 95 | T34: =(I34-S34)+T33 -> 1641.02 | U34: 24 | V34: 78 | W34: =N34+O34+S34+U34+V34 -> 197 | X34: =IF(L34<0,L34*-1,0) -> 0 | Y34: =W34+X34 -> 197 | Z34: 0 | AA34: 70 | AB34: 35 | AC34: 25
A35: 26 | B35: 6910.99 | C35: 325959 | D35: =C35-C34 -> -202 | E35: =C35-152000 -> 173959 | F35: =D35/$D$2 -> -101.84018 | G35: 75 | H35: 0 | I35: =G35+H35 -> 75 | J35: =IF(L35>0,L35,0) -> 0 | K35: =I35+J35 -> 75 | L35: =F35-(I35-W35) -> -5.8401815 | M35: 59 | N35: 0 | O35: 0 | P35: =M35-(N35+O35) -> 59 | Q35: 0 | R35: 34 | S35: =SUM(P35:R35) -> 93 | T35: =(I35-S35)+T34 -> 1623.02 | U35: 0 | V35: 78 | W35: =N35+O35+S35+U35+V35 -> 171 | X35: =IF(L35<0,L35*-1,0) -> 5.8401815 | Y35: =W35+X35 -> 176.84018 | Z35: 0 | AA35: 66 | AB35: 34 | AC35: 26
A36: 27 | B36: 6910.94 | C36: 325759 | D36: =C36-C35 -> -200 | E36: =C36-152000 -> 173759 | F36: =D36/$D$2 -> -100.83186 | G36: 74 | H36: 0 | I36: =G36+H36 -> 74 | J36: =IF(L36>0,L36,0) -> 0 | K36: =I36+J36 -> 74 | L36: =F36-(I36-W36) -> -5.8318629 | M36: 59 | N36: 0 | O36: 0 | P36: =M36-(N36+O36) -> 59 | Q36: 0 | R36: 32 | S36: =SUM(P36:R36) -> 91 | T36: =(I36-S36)+T35 -> 1606.02 | U36: 0 | V36: 78 | W36: =N36+O36+S36+U36+V36 -> 169 | X36: =IF(L36<0,L36*-1,0) -> 5.8318629 | Y36: =W36+X36 -> 174.83186 | Z36: 0 | AA36: 63 | AB36: 32 | AC36: 27
A37: 28 | B37: 6910.89 | C37: 325558 | D37: =C37-C36 -> -201 | E37: =C37-152000 -> 173558 | F37: =D37/$D$2 -> -101.33602 | G37: 73 | H37: 0 | I37: =G37+H37 -> 73 | J37: =IF(L37>0,L37,0) -> 0 | K37: =I37+J37 -> 73 | L37: =F37-(I37-W37) -> -6.3360222 | M37: 59 | N37: 0 | O37: 0 | P37: =M37-(N37+O37) -> 59 | Q37: 0 | R37: 31 | S37: =SUM(P37:R37) -> 90 | T37: =(I37-S37)+T36 -> 1589.02 | U37: 0 | V37: 78 | W37: =N37+O37+S37+U37+V37 -> 168 | X37: =IF(L37<0,L37*-1,0) -> 6.3360222 | Y37: =W37+X37 -> 174.33602 | Z37: 0 | AA37: 61 | AB37: 33 | AC37: 28
A38: 29 | B38: 6910.84 | C38: 325357 | D38: =C38-C37 -> -201 | E38: =C38-152000 -> 173357 | F38: =D38/$D$2 -> -101.33602 | G38: 72 | H38: 0 | I38: =G38+H38 -> 72 | J38: =IF(L38>0,L38,0) -> 0 | K38: =I38+J38 -> 72 | L38: =F38-(I38-W38) -> -6.3360222 | M38: 59 | N38: 0 | O38: 0 | P38: =M38-(N38+O38) -> 59 | Q38: 0 | R38: 30 | S38: =SUM(P38:R38) -> 89 | T38: =(I38-S38)+T37 -> 1572.02 | U38: 0 | V38: 78 | W38: =N38+O38+S38+U38+V38 -> 167 | X38: =IF(L38<0,L38*-1,0) -> 6.3360222 | Y38: =W38+X38 -> 173.33602 | Z38: 0.26 | AA38: 62 | AB38: 35 | AC38: 29
A39: 30 | B39: 6910.8 | C39: 325197 | D39: =C39-C38 -> -160 | E39: =C39-152000 -> 173197 | F39: =D39/$D$2 -> -80.66549 | G39: 81 | H39: 0 | I39: =G39+H39 -> 81 | J39: =IF(L39>0,L39,0) -> 5.3345097 | K39: =I39+J39 -> 86.33451 | L39: =F39-(I39-W39) -> 5.3345097 | M39: 59 | N39: 0 | O39: 0 | P39: =M39-(N39+O39) -> 59 | Q39: 0 | R39: 30 | S39: =SUM(P39:R39) -> 89 | T39: =(I39-S39)+T38 -> 1564.02 | U39: 0 | V39: 78 | W39: =N39+O39+S39+U39+V39 -> 167 | X39: =IF(L39<0,L39*-1,0) -> 0 | Y39: =W39+X39 -> 167 | Z39: 0 | AA39: 62 | AB39: 37 | AC39: 30
A40: 31 | B40: 6910.74 | C40: 324956 | D40: =C40-C39 -> -241 | E40: =C40-152000 -> 172956 | F40: =D40/$D$2 -> -121.50239 | G40: 80 | H40: 0 | I40: =G40+H40 -> 80 | J40: =IF(L40>0,L40,0) -> 0 | K40: =I40+J40 -> 80 | L40: =F40-(I40-W40) -> -34.502395 | M40: 59 | N40: 0 | O40: 0 | P40: =M40-(N40+O40) -> 59 | Q40: 0 | R40: 30 | S40: =SUM(P40:R40) -> 89 | T40: =(I40-S40)+T39 -> 1555.02 | U40: 0 | V40: 78 | W40: =N40+O40+S40+U40+V40 -> 167 | X40: =IF(L40<0,L40*-1,0) -> 34.502395 | Y40: =W40+X40 -> 201.50239 | Z40: 0 | AA40: 63 | AB40: 34 | AC40: 31
H41: 0 | M41: 0 | R41: 0 | V41: 0
A42: MONTH / CFS | F42: =SUM(F10:F40) -> -5387.4464 | G42: =SUM(G10:G40) -> 3155 | H42: =SUM(H10:H40) -> 0.02 | I42: =SUM(I10:I40) -> 3155.02 | J42: =SUM(J10:J40) -> 228.87295 | K42: =SUM(K10:K40) -> 3383.893 | L42: =SUM(L10:L40) -> -687.46643 | M42: =SUM(M10:M40) -> 2066 | ... S42: =SUM(S10:S40) -> 5321 | U42: =SUM(U10:U40) -> 208 | V42: =SUM(V10:V40) -> 2326 | W42: =SUM(W10:W40) -> 7855 | X42: =SUM(X10:X40) -> 916.33938 | Y42: =SUM(Y10:Y40) -> 8771.3394 | Z42: =SUM(Z10:Z40) -> 0.41 | AA42: =AVERAGE(AA10:AA40) -> 66.580645 | AB42: =AVERAGE(AB10:AB40) -> 36.290323 | AC42: AVG
A43: MONTH / AF | D43: =SUM(D10:D40) -> -10686 | F43: =F42*$D$2 -> -10686 | G43: =G42*$D$2 -> 6257.9425 | H43: =H42*$D$2 -> 0.03967 | I43: =I42*$D$2 -> 6257.9822 | J43: =J42*$D$2 -> 453.9695 | K43: =K42*$D$2 -> 6711.9517 | L43: =L42*$D$2 -> -1363.5897 | M43: =M42*$D$2 -> 4097.911 | ... S43: =S42*$D$2 -> 10554.203 | U43: =U42*$D$2 -> 412.568 | V43: =V42*$D$2 -> 4613.621 | W43: =W42*$D$2 -> 15580.392 | X43: =X42*$D$2 -> 1817.5592 | Y43: =Y42*$D$2 -> 17397.952 | AA43: =MAX(AA10:AA40) -> 74 | AB43: =MAX(AB10:AB40) -> 44 | AC43: HI
A45: SEASON / CFS | F45: =F7+F42 -> -3325.939 | G45: =G7+G42 -> 102405 | H45: =H7+H42 -> 2414.02 | I45: =I7+I42 -> 104819.02 | J45: =J7+J42 -> 13702.909 | K45: =K7+K42 -> 118521.93 | L45: =L7+L42 -> 7026.041 | M45: =M7+M42 -> 31409 | ... S45: =S7+S42 -> 69950 | T45: =T40 -> 1555.02 | U45: =U7+U42 -> 4438 | V45: =V7+V42 -> 40783 | W45: =W7+W42 -> 115171 | X45: =X7+X42 -> 6676.8677 | Y45: =Y7+Y42 -> 121847.87 | AA45: =MIN(AA10:AA40) -> 56 | AB45: =MIN(AB10:AB40) -> 32 | AC45: LO
A46: SEASON / AF | F46: =F45*$D$2 -> -6597 | G46: =G45*$D$2 -> 203120.32 | H46: =H45*$D$2 -> 4788.2087 | I46: =I45*$D$2 -> 207908.53 | J46: =J45*$D$2 -> 27179.719 | K46: =K45*$D$2 -> 235088.25 | L46: =L45*$D$2 -> 13936.152 | M46: =M45*$D$2 -> 62299.751 | ... Y46: =Y45*$D$2 -> 241685.25
A48: YTD / CFS | F48: =F8+F42 -> -587.3456 | G48: =G8+G42 -> 117730 | H48: =H8+H42 -> 2620.02 | I48: =I8+I42 -> 120350.02 | J48: =J8+J42 -> 17060.642 | K48: =K8+K42 -> 137410.66 | L48: =L8+L42 -> 9367.6344 | M48: =M8+M42 -> 32728 | ... S48: =S8+S42 -> 73225 | T48: =T45 -> 1555.02 | U48: =U8+U42 -> 4438 | V48: =V8+V42 -> 52642 | W48: =W8+W42 -> 130305 | X48: =X8+X42 -> 7693.0079 | Y48: =Y8+Y42 -> 137998.01 | Z48: =Z8+Z42 -> 17.49
A49: YTD / AF | D49: =D8+D43 -> -1165 | E49: =E40 -> 172956 | F49: =F48*$D$2 -> -1165 | G49: =G48*$D$2 -> 233517.45 | H49: =H48*$D$2 -> 5196.8097 | I49: =I48*$D$2 -> 238714.26 | J49: =J48*$D$2 -> 33839.784 | K49: =K48*$D$2 -> 272554.05 | L49: =L48*$D$2 -> 18580.703 | M49: =M48*$D$2 -> 64915.988 | ... Y49: =Y48*$D$2 -> 273719.05
K51: =SUM(K10:K24) -> 1871.428 | L51: =K51*$D$2 -> 3711.9775 | P51: =N49+O49+P49 -> 105673.07 | R51: Ctz | S51: 3588 | U51: ="spill =" -> spill = | V51: =V49-#REF! -> #REF! | W51: ="= total pool" -> = total pool
R52: Utes
R53: MWC
Q54: Total MVIC
