Workbook

Sheet NOV
K1: MCPHEE RESERVOIR INFLOW/OUTFLOW TABULATION
A2: AF/cfs CONVERT FACTOR | D2: 1.9835 | L2: NOVEMBER "2005"
D4: RESERVOIR | T4: INFLOW/OUTFLOW (CFS) | AH4: WEATHER | AL4: ADJUSTMENTS
A5: DATE | B5: RESERV | C5: RESERV | D5: AC FT | E5: ACTIVE | F5: CONV TO | G5: DOLORES | H5: LOST | I5: RECORD | J5: CALC | K5: TOTAL | L5: CALC | M5: DOLORES TUNNEL | T5: LONE | U5: U | V5: TOTAL | W5: MVI | X5: MVI | Y5: DV CR | Z5: D/S SENIOR | AB5: BELOW | AC5: FISH | AD5: RECORD | AE5: CALC | AF5: TOTAL | AG5: RAIN | AH5: MAX | AI5: MIN | AJ5: NAR. | AK5: MVI | AL5: MVI | AM5: MVI | AN5: U/S | AO5: TOTTEN
A6: NOV | B6: ELEV | C6: AC FT | D6: CHANGE | E6: CAP | F6: CFS | G6: RIVER | H6: CAN | I6: INFLOW | J6: INFLOW | K6: INFLOW | L6: INF/OTF | M6: TOT DIV | N6: WET | O6: UTE | P6: QUEST | Q6: MWC | R6: CTZ | S6: CTZ & | T6: PINE | U6: LAT | V6: MVI | W6: CALL | X6: PROJ & | Y6: CANAL | Z6: MVIC | AA6: PROJ | AB6: MCP | AC6: LEFT | AD6: OTF | AE6: OTF | AF6: OTF | AH6: TMP | AI6: TMP | AJ6: CALL | AK6: STOCK | AL6: STORED | AM6: STORED | AN6: USERS | AO6: (FRESH
E7: AC FT | N7: LAND | O7: F&R | S7: UTE | X7: TO EX & | AJ7: AC.FT. | AK7: CFS | AL7: Apr-Jun | AM7: EVAP | AN7: EXCH | AO7: WATER)
N8: 1.03 | O8: 1.05 | P8: 1.02 | Q8: 1.02 | R8: 1.04 | S8: PROJ | X8: U/S EX | AJ8: TOTAL | AM8: AC.FT
A9: SEASON BAL
A10: YTD | B10: 6904.21 | C10: 299374 | AC10: 5492 | AK10: 0
A12: 1 | B12: 6904.19 | C12: 299298 | D12: =C12-C10 -> -76 | E12: =C12-152000 -> 147298 | F12: =D12/$D$2 -> -38.316108 | G12: 96 | H12: 2.23 | I12: =G12+H12 -> 98.23 | J12: =IF(L12>0,L12,0) -> 0 | K12: =I12+J12 -> 98.23 | L12: =F12-(I12-AD12) -> -34.546108 | M12: 26 | N12: 0 | O12: 0 | Q12: =1.38*1.02 -> 1.4076 | R12: =2.42*1.04 -> 2.5168 | S12: 0 | T12: 32 | U12: 13 | V12: =M12-N12-O12-Q12-R12-S16+T12+U12 -> 67.0756 | Y12: 0 | AB12: 31 | AC12: =AC10-AB12 -> 5461 | AD12: =N12+O12+Q12+R12+S16+V12+Y12+AB12 -> 102 | AE12: =IF(L12<0,L12*-1,0) -> 34.546108 | AF12: =AD12+AE12 -> 136.54611 | AG12: 0 | AH12: 60 | AI12: 30 | AJ12: =(T12-17)*1.98353 -> 29.75295 | AK12: =V12-(T12-17) -> 52.0756
A13: =A12+1 -> 2 | B13: 6904.16 | C13: 299183 | D13: =C13-C12 -> -115 | E13: =C13-152000 -> 147183 | F13: =D13/$D$2 -> -57.978321 | G13: 98 | H13: 1.79 | I13: =G13+H13 -> 99.79 | J13: =IF(L13>0,L13,0) -> 0 | K13: =I13+J13 -> 99.79 | L13: =F13-(I13-AD13) -> -49.768321 | M13: 26 | N13: 0 | O13: 0 | Q13: =1.38*1.02 -> 1.4076 | R13: =2.34*1.04 -> 2.4336 | S13: 0 | T13: 42 | U13: 13 | V13: =M13-N13-O13-Q13-R13-S13+T13+U13 -> 77.1588 | Y13: 0 | AB13: 27 | AC13: =AC12-AB13 -> 5434 | AD13: =N13+O13+Q13+R13+S17+V13+Y13+AB13 -> 108 | AE13: =IF(L13<0,L13*-1,0) -> 49.768321 | AF13: =AD13+AE13 -> 157.76832 | AG13: 0 | AH13: 62 | AI13: 36 | AJ13: =(T13-19)*1.9835+AJ12 -> 75.37345 | AK13: =V13-(T13-19) -> 54.1588
A14: =A13+1 -> 3 | B14: 6904.14 | C14: 299107 | D14: =C14-C13 -> -76 | E14: =C14-152000 -> 147107 | F14: =D14/$D$2 -> -38.316108 | G14: 99 | H14: 1.6 | I14: =G14+H14 -> 100.6 | J14: =IF(L14>0,L14,0) -> 0 | K14: =I14+J14 -> 100.6 | L14: =F14-(I14-AD14) -> -14.916108 | M14: 26 | N14: 0 | O14: 0 | Q14: =1.38*1.02 -> 1.4076 | R14: =2.41*1.04 -> 2.5064 | S14: 0 | T14: 59 | U14: 12 | V14: =M14-N14-O14-Q14-R14-S14+T14+U14 -> 93.086 | Y14: 0 | AB14: 27 | AC14: =AC13-AB14 -> 5407 | AD14: =N14+O14+Q14+R14+S18+V14+Y14+AB14 -> 124 | AE14: =IF(L14<0,L14*-1,0) -> 14.916108 | AF14: =AD14+AE14 -> 138.91611 | AG14: 0 | AH14: 59 | AI14: 39 | AJ14: =(T14-17)*1.9835+AJ13 -> 158.68045 | AK14: =V14-(T14-17) -> 51.086
A15: =A14+1 -> 4 | B15: 6904.13 | C15: 299068 | D15: =C15-C14 -> -39 | E15: =C15-152000 -> 147068 | F15: =D15/$D$2 -> -19.662213 | G15: 98 | H15: 1.9 | I15: =G15+H15 -> 99.9 | J15: =IF(L15>0,L15,0) -> 12.437787 | K15: =I15+J15 -> 112.33779 | L15: =F15-(I15-AD15) -> 12.437787 | M15: 26 | N15: 0 | O15: 0 | Q15: =1.38*1.02 -> 1.4076 | R15: =2.37*1.04 -> 2.4648 | S15: 0 | T15: 69 | U15: 11 | V15: =M15-N15-O15-Q15-R15-S15+T15+U15 -> 102.1276 | Y15: 0 | AB15: 26 | AC15: =AC14-AB15 -> 5381 | AD15: =N15+O15+Q15+R15+S19+V15+Y15+AB15 -> 132 | AE15: =IF(L15<0,L15*-1,0) -> 0 | AF15: =AD15+AE15 -> 132 | AG15: 0 | AH15: 56 | AI15: 31 | AJ15: =(T15-16)*1.9835+AJ14 -> 263.80595 | AK15: =V15-(T15-16) -> 49.1276
A16: =A15+1 -> 5 | B16: 6904.11 | C16: 298992 | D16: =C16-C15 -> -76 | E16: =C16-152000 -> 146992 | F16: =D16/$D$2 -> -38.316108 | G16: 89 | H16: 1.83 | I16: =G16+H16 -> 90.83 | J16: =IF(L16>0,L16,0) -> 0.85389211 | K16: =I16+J16 -> 91.683892 | L16: =F16-(I16-AD16) -> 0.85389211 | M16: 25 | N16: 0 | O16: 0 | Q16: =1.38*1.02 -> 1.4076 | R16: =2.23*1.04 -> 2.3192 | S16: 0 | T16: 68 | U16: 11 | V16: =M16-N16-O16-Q16-R16-S16+T16+U16 -> 100.2732 | Y16: 0 | AB16: 26 | AC16: =AC15-AB16 -> 5355 | AD16: =N16+O16+Q16+R16+S20+V16+Y16+AB16 -> 130 | AE16: =IF(L16<0,L16*-1,0) -> 0 | AF16: =AD16+AE16 -> 130 | AG16: 0 | AH16: 51 | AI16: 29 | AJ16: =(T16-15)*1.9835+AJ15 -> 368.93145 | AK16: =V16-(T16-15) -> 47.2732
A17: =A16+1 -> 6 | B17: 6904.09 | C17: 298915 | D17: =C17-C16 -> -77 | E17: =C17-152000 -> 146915 | F17: =D17/$D$2 -> -38.820267 | G17: 83 | H17: 1.6 | I17: =G17+H17 -> 84.6 | J17: =IF(L17>0,L17,0) -> 6.5797328 | K17: =I17+J17 -> 91.179733 | L17: =F17-(I17-AD17) -> 6.5797328 | M17: 25 | N17: 0 | O17: 0 | Q17: =1.38*1.02 -> 1.4076 | R17: =2.42*1.04 -> 2.5168 | S17: 0 | T17: 68 | U17: 11 | V17: =M17-N17-O17-Q17-R17-S17+T17+U17 -> 100.0756 | Y17: 0 | AB17: 26 | AC17: =AC16-AB17 -> 5329 | AD17: =N17+O17+Q17+R17+S21+V17+Y17+AB17 -> 130 | AE17: =IF(L17<0,L17*-1,0) -> 0 | AF17: =AD17+AE17 -> 130 | AG17: 0 | AH17: 59 | AI17: 32 | AJ17: =(T17-14)*1.9835+AJ16 -> 476.04045 | AK17: =V17-(T17-14) -> 46.0756
A18: =A17+1 -> 7 | B18: 6904.07 | C18: 298839 | D18: =C18-C17 -> -76 | E18: =C18-152000 -> 146839 | F18: =D18/$D$2 -> -38.316108 | G18: 81 | H18: 1.32 | I18: =G18+H18 -> 82.32 | J18: =IF(L18>0,L18,0) -> 0.36389211 | K18: =I18+J18 -> 82.683892 | L18: =F18-(I18-AD18) -> 0.36389211 | M18: 25 | N18: 0 | O18: 0 | Q18: =1.38*1.02 -> 1.4076 | R18: =2.75*1.04 -> 2.86 | S18: 0 | T18: 60 | U18: 11 | V18: =M18-N18-O18-Q18-R18-S18+T18+U18 -> 91.7324 | Y18: 0 | AB18: 25 | AC18: =AC17-AB18 -> 5304 | AD18: =N18+O18+Q18+R18+S22+V18+Y18+AB18 -> 121 | AE18: =IF(L18<0,L18*-1,0) -> 0 | AF18: =AD18+AE18 -> 121 | AG18: 0 | AH18: 60 | AI18: 42 | AJ18: =(T18-12)*1.9835+AJ17 -> 571.24845 | AK18: =V18-(T18-12) -> 43.7324
A19: =A18+1 -> 8 | B19: 6904.04 | C19: 298724 | D19: =C19-C18 -> -115 | E19: =C19-152000 -> 146724 | F19: =D19/$D$2 -> -57.978321 | G19: 84 | H19: 1.743 | I19: =G19+H19 -> 85.743 | J19: =IF(L19>0,L19,0) -> 0 | K19: =I19+J19 -> 85.743 | L19: =F19-(I19-AD19) -> -28.721321 | M19: 25 | N19: 0 | O19: 0 | Q19: =1.38*1.02 -> 1.4076 | R19: =2.25*1.04 -> 2.34 | S19: 0 | T19: 54 | U19: 11 | V19: =M19-N19-O19-Q19-R19-S19+T19+U19 -> 86.2524 | Y19: 0 | AB19: 25 | AC19: =AC18-AB19 -> 5279 | AD19: =N19+O19+Q19+R19+S23+V19+Y19+AB19 -> 115 | AE19: =IF(L19<0,L19*-1,0) -> 28.721321 | AF19: =AD19+AE19 -> 143.72132 | AG19: 0 | AH19: 59 | AI19: 41 | AJ19: =(T19-11)*1.9835+AJ18 -> 656.53895 | AK19: =V19-(T19-11) -> 43.2524
A20: =A19+1 -> 9 | B20: 6904.02 | C20: 298648 | D20: =C20-C19 -> -76 | E20: =C20-152000 -> 146648 | F20: =D20/$D$2 -> -38.316108 | G20: 82 | H20: 1.8 | I20: =G20+H20 -> 83.8 | J20: =IF(L20>0,L20,0) -> 0 | K20: =I20+J20 -> 83.8 | L20: =F20-(I20-AD20) -> -6.1161079 | M20: 25 | N20: 0 | O20: 0 | Q20: =1.38*1.02 -> 1.4076 | R20: =2.25*1.04 -> 2.34 | S20: 0 | T20: 55 | U20: 11 | V20: =M20-N20-O20-Q20-R20-S20+T20+U20 -> 87.2524 | Y20: 0 | AB20: 25 | AC20: =AC19-AB20 -> 5254 | AD20: =N20+O20+Q20+R20+S24+V20+Y20+AB20 -> 116 | AE20: =IF(L20<0,L20*-1,0) -> 6.1161079 | AF20: =AD20+AE20 -> 122.11611 | AG20: 0 | AH20: 66 | AI20: 40 | AJ20: =(T20-10)*1.9835+AJ19 -> 745.79645 | AK20: =V20-(T20-10) -> 42.2524
A21: =A20+1 -> 10 | B21: 6904.01 | C21: 298609 | D21: =C21-C20 -> -39 | E21: =C21-152000 -> 146609 | F21: =D21/$D$2 -> -19.662213 | G21: 80 | H21: 1.8 | I21: =G21+H21 -> 81.8 | J21: =IF(L21>0,L21,0) -> 6.5377867 | K21: =I21+J21 -> 88.337787 | L21: =F21-(I21-AD21) -> 6.5377867 | M21: 24 | N21: 0 | O21: 0 | Q21: =1.38*1.02 -> 1.4076 | R21: =2.12*1.04 -> 2.2048 | S21: 0 | T21: 48 | U21: 11 | V21: =M21-N21-O21-Q21-R21-S21+T21+U21 -> 79.3876 | Y21: 0 | AB21: 25 | AC21: =AC20-AB21 -> 5229 | AD21: =N21+O21+Q21+R21+S25+V21+Y21+AB21 -> 108 | AE21: =IF(L21<0,L21*-1,0) -> 0 | AF21: =AD21+AE21 -> 108 | AG21: 0 | AH21: 69 | AI21: 43 | AJ21: =(T21-13)*1.9835+AJ20 -> 815.21895 | AK21: =V21-(T21-13) -> 44.3876
A22: =A21+1 -> 11 | B22: 6904 | C22: 298571 | D22: =C22-C21 -> -38 | E22: =C22-152000 -> 146571 | F22: =D22/$D$2 -> -19.158054 | G22: 81 | H22: 1.9 | I22: =G22+H22 -> 82.9 | J22: =IF(L22>0,L22,0) -> 2.9419461 | K22: =I22+J22 -> 85.841946 | L22: =F22-(I22-AD22) -> 2.9419461 | M22: 24 | N22: 0 | O22: 0 | Q22: =1.38*1.02 -> 1.4076 | R22: =2*1.04 -> 2.08 | S22: 0 | T22: 45 | U22: 11 | V22: =M22-N22-O22-Q22-R22-S22+T22+U22 -> 76.5124 | Y22: 0 | AB22: 25 | AC22: =AC21-AB22 -> 5204 | AD22: =N22+O22+Q22+R22+S26+V22+Y22+AB22 -> 105 | AE22: =IF(L22<0,L22*-1,0) -> 0 | AF22: =AD22+AE22 -> 105 | AG22: 0 | AH22: 58 | AI22: 35 | AJ22: =(T22-13)*1.9835+AJ21 -> 878.69095 | AK22: =V22-(T22-13) -> 44.5124
A23: =A22+1 -> 12 | B23: 6903.99 | C23: 298533 | D23: =C23-C22 -> -38 | E23: =C23-152000 -> 146533 | F23: =D23/$D$2 -> -19.158054 | G23: 98 | H23: 2.6 | I23: =G23+H23 -> 100.6 | J23: =IF(L23>0,L23,0) -> 0 | K23: =I23+J23 -> 100.6 | L23: =F23-(I23-AD23) -> -14.798054 | M23: 24 | N23: 0 | O23: 0 | Q23: =1.38*1.02 -> 1.4076 | R23: =2.17*1.04 -> 2.2568 | S23: 0 | T23: 44.96 | U23: 11 | V23: =M23-N23-O23-Q23-R23-S23+T23+U23 -> 76.2956 | Y23: 0 | AB23: 25 | AC23: =AC22-AB23 -> 5179 | AD23: =N23+O23+Q23+R23+S27+V23+Y23+AB23 -> 104.96 | AE23: =IF(L23<0,L23*-1,0) -> 14.798054 | AF23: =AD23+AE23 -> 119.75805 | AG23: 0.01 | AH23: 52 | AI23: 33 | AJ23: =(T23-13)*1.9835+AJ22 -> 942.08361 | AK23: =V23-(T23-13) -> 44.3356
A24: =A23+1 -> 13 | B24: 6903.97 | C24: 298457 | D24: =C24-C23 -> -76 | E24: =C24-152000 -> 146457 | F24: =D24/$D$2 -> -38.316108 | G24: 91 | H24: 2.6 | I24: =G24+H24 -> 93.6 | J24: =IF(L24>0,L24,0) -> 0 | K24: =I24+J24 -> 93.6 | L24: =F24-(I24-AD24) -> -26.916108 | M24: 24 | N24: 0 | O24: 0 | Q24: =1.38*1.02 -> 1.4076 | R24: =2.33*1.04 -> 2.4232 | S24: 0 | T24: 45 | U24: 11 | V24: =M24-N24-O24-Q24-R24-S24+T24+U24 -> 76.1692 | Y24: 0 | AB24: 25 | AC24: =AC23-AB24 -> 5154 | AD24: =N24+O24+Q24+R24+S28+V24+Y24+AB24 -> 105 | AE24: =IF(L24<0,L24*-1,0) -> 26.916108 | AF24: =AD24+AE24 -> 131.91611 | AG24: 0 | AH24: 53 | AI24: 32 | AJ24: =(T24-13)*1.9835+AJ23 -> 1005.5556 | AK24: =V24-(T24-13) -> 44.1692
A25: =A24+1 -> 14 | B25: 6903.95 | C25: 298381 | D25: =C25-C24 -> -76 | E25: =C25-152000 -> 146381 | F25: =D25/$D$2 -> -38.316108 | G25: 82 | H25: 2.1 | I25: =G25+H25 -> 84.1 | J25: =IF(L25>0,L25,0) -> 0 | K25: =I25+J25 -> 84.1 | L25: =F25-(I25-AD25) -> -27.946108 | M25: 11 | N25: 0 | O25: 0 | Q25: =1.38*1.02 -> 1.4076 | R25: =1.94*1.04 -> 2.0176 | S25: 0 | T25: 55 | U25: 3.47 | V25: =M25-N25-O25-Q25-R25-S25+T25+U25 -> 66.0448 | Y25: 0 | AB25: 25 | AC25: =AC24-AB25 -> 5129 | AD25: =N25+O25+Q25+R25+S29+V25+Y25+AB25 -> 94.47 | AE25: =IF(L25<0,L25*-1,0) -> 27.946108 | AF25: =AD25+AE25 -> 122.41611 | AG25: 0 | AH25: 55 | AI25: 28 | AJ25: =(T25-5)*1.9835+AJ24 -> 1104.7306 | AK25: =V25-(T25-5) -> 16.0448
A26: =A25+1 -> 15 | B26: 6903.93 | C26: 298306 | D26: =C26-C25 -> -75 | E26: =C26-152000 -> 146306 | F26: =D26/$D$2 -> -37.811949 | G26: 83 | H26: 2.1 | I26: =G26+H26 -> 85.1 | J26: =IF(L26>0,L26,0) -> 0 | K26: =I26+J26 -> 85.1 | L26: =F26-(I26-AD26) -> -13.811949 | M26: 5.1 | N26: 0 | O26: 0 | Q26: =1.38*1.02 -> 1.4076 | R26: =2.16*1.04 -> 2.2464 | S26: 0 | T26: 80 | U26: 0 | V26: =M26-N26-O26-Q26-R26-S26+T26+U26 -> 81.446 | Y26: 0 | AB26: 24 | AC26: =AC25-AB26 -> 5105 | AD26: =N26+O26+Q26+R26+S30+V26+Y26+AB26 -> 109.1 | AE26: =IF(L26<0,L26*-1,0) -> 13.811949 | AF26: =AD26+AE26 -> 122.91195 | AG26: 0 | AH26: 37 | AI26: 21 | AJ26: =V26*1.9835+AJ25 -> 1266.2788
A27: =A26+1 -> 16 | B27: 6903.91 | C27: 298230 | D27: =C27-C26 -> -76 | E27: =C27-152000 -> 146230 | F27: =D27/$D$2 -> -38.316108 | G27: 55 | H27: 1.7 | I27: =G27+H27 -> 56.7 | J27: =IF(L27>0,L27,0) -> 13.683892 | K27: =I27+J27 -> 70.383892 | L27: =F27-(I27-AD27) -> 13.683892 | M27: 4.7 | N27: 0 | O27: 0 | Q27: =1.38*1.02 -> 1.4076 | R27: =2.22*1.04 -> 2.3088 | S27: 0 | T27: 80 | U27: 0 | V27: =M27-N27-O27-Q27-R27-S27+T27+U27 -> 80.9836 | Y27: 0 | AB27: 24 | AC27: =AC26-AB27 -> 5081 | AD27: =N27+O27+Q27+R27+S31+V27+Y27+AB27 -> 108.7 | AE27: =IF(L27<0,L27*-1,0) -> 0 | AF27: =AD27+AE27 -> 108.7 | AG27: 0 | AH27: 47 | AI27: 18 | AJ27: =V27*1.9835+AJ26 -> 1426.9097
A28: =A27+1 -> 17 | B28: 6903.89 | C28: 298154 | D28: =C28-C27 -> -76 | E28: =C28-152000 -> 146154 | F28: =D28/$D$2 -> -38.316108 | G28: 66 | H28: 1.2 | I28: =G28+H28 -> 67.2 | J28: =IF(L28>0,L28,0) -> 0 | K28: =I28+J28 -> 67.2 | L28: =F28-(I28-AD28) -> -9.9161079 | M28: 4.6 | N28: 0 | O28: 0 | Q28: =1.38*1.02 -> 1.4076 | R28: =2.05*1.04 -> 2.132 | S28: 0 | T28: 67 | U28: 0 | V28: =M28-N28-O28-Q28-R28-S28+T28+U28 -> 68.0604 | Y28: 0 | AB28: 24 | AC28: =AC27-AB28 -> 5057 | AD28: =N28+O28+Q28+R28+S32+V28+Y28+AB28 -> 95.6 | AE28: =IF(L28<0,L28*-1,0) -> 9.9161079 | AF28: =AD28+AE28 -> 105.51611 | AG28: 0 | AH28: 51 | AI28: 24 | AJ28: =V28*1.9835+AJ27 -> 1561.9075
A29: =A28+1 -> 18 | B29: 6903.86 | C29: 298040 | D29: =C29-C28 -> -114 | E29: =C29-152000 -> 146040 | F29: =D29/$D$2 -> -57.474162 | G29: 66 | H29: 0.85 | I29: =G29+H29 -> 66.85 | J29: =IF(L29>0,L29,0) -> 0 | K29: =I29+J29 -> 66.85 | L29: =F29-(I29-AD29) -> -36.024162 | M29: 4.3 | N29: 0 | O29: 0 | Q29: =1.38*1.02 -> 1.4076 | R29: =2.21*1.04 -> 2.2984 | S29: 0 | T29: 60 | U29: 0 | V29: =M29-N29-O29-Q29-R29-S29+T29+U29 -> 60.594 | Y29: 0 | AB29: 24 | AC29: =AC28-AB29 -> 5033 | AD29: =N29+O29+Q29+R29+S33+V29+Y29+AB29 -> 88.3 | AE29: =IF(L29<0,L29*-1,0) -> 36.024162 | AF29: =AD29+AE29 -> 124.32416 | AG29: 0 | AH29: 49 | AI29: 25 | AJ29: =V29*1.9835+AJ28 -> 1682.0957
A30: =A29+1 -> 19 | B30: 6903.84 | C30: 297964 | D30: =C30-C29 -> -76 | E30: =C30-152000 -> 145964 | F30: =D30/$D$2 -> -38.316108 | G30: 58 | H30: 1 | I30: =G30+H30 -> 59 | J30: =IF(L30>0,L30,0) -> 0 | K30: =I30+J30 -> 59 | L30: =F30-(I30-AD30) -> -9.3161079 | M30: 4 | N30: 0 | O30: 0 | Q30: =1.38*1.02 -> 1.4076 | R30: =2.34*1.04 -> 2.4336 | S30: 0 | T30: 60 | U30: 0 | V30: =M30-N30-O30-Q30-R30-S30+T30+U30 -> 60.1588 | Y30: 0 | AB30: 24 | AC30: =AC29-AB30 -> 5009 | AD30: =N30+O30+Q30+R30+S34+V30+Y30+AB30 -> 88 | AE30: =IF(L30<0,L30*-1,0) -> 9.3161079 | AF30: =AD30+AE30 -> 97.316108 | AG30: 0 | AH30: 49 | AI30: 25 | AJ30: =V30*1.9835+AJ29 -> 1801.4207
A31: =A30+1 -> 20 | B31: 6903.81 | C31: 297850 | D31: =C31-C30 -> -114 | E31: =C31-152000 -> 145850 | F31: =D31/$D$2 -> -57.474162 | G31: 61 | H31: 1.2 | I31: =G31+H31 -> 62.2 | J31: =IF(L31>0,L31,0) -> 0 | K31: =I31+J31 -> 62.2 | L31: =F31-(I31-AD31) -> -31.674162 | M31: 4 | N31: 0 | O31: 0 | Q31: =1.38*1.02 -> 1.4076 | R31: =2.15*1.04 -> 2.236 | S31: 0 | T31: 60 | U31: 0 | V31: =M31-N31-O31-Q31-R31-S31+T31+U31 -> 60.3564 | Y31: 0 | AB31: 24 | AC31: =AC30-AB31 -> 4985 | AD31: =N31+O31+Q31+R31+S35+V31+Y31+AB31 -> 88 | AE31: =IF(L31<0,L31*-1,0) -> 31.674162 | AF31: =AD31+AE31 -> 119.67416 | AG31: 0 | AH31: 53 | AI31: 26 | AJ31: =V31*1.9835+AJ30 -> 1921.1376
A32: =A31+1 -> 21 | B32: 6903.79 | C32: 297774 | D32: =C32-C31 -> -76 | E32: =C32-152000 -> 145774 | F32: =D32/$D$2 -> -38.316108 | G32: 57 | H32: 1.1 | I32: =G32+H32 -> 58.1 | J32: =IF(L32>0,L32,0) -> 0 | K32: =I32+J32 -> 58.1 | L32: =F32-(I32-AD32) -> -8.4161079 | M32: 4 | N32: 0 | O32: 0 | Q32: =1.38*1.02 -> 1.4076 | R32: =2.14*1.04 -> 2.2256 | S32: 0 | T32: 60 | U32: 0 | V32: =M32-N32-O32-Q32-R32-S32+T32+U32 -> 60.3668 | Y32: 0 | AB32: 24 | AC32: =AC31-AB32 -> 4961 | AD32: =N32+O32+Q32+R32+S36+V32+Y32+AB32 -> 88 | AE32: =IF(L32<0,L32*-1,0) -> 8.4161079 | AF32: =AD32+AE32 -> 96.416108 | AG32: 0 | AH32: 57 | AI32: 25 | AJ32: =V32*1.9835+AJ31 -> 2040.8752
A33: =A32+1 -> 22 | B33: 6903.76 | C33: 297661 | D33: =C33-C32 -> -113 | E33: =C33-152000 -> 145661 | F33: =D33/$D$2 -> -56.970003 | G33: 60 | H33: 1.1 | I33: =G33+H33 -> 61.1 | J33: =IF(L33>0,L33,0) -> 0 | K33: =I33+J33 -> 61.1 | L33: =F33-(I33-AD33) -> -30.070003 | M33: 4 | N33: 0 | O33: 0 | Q33: =1.38*1.02 -> 1.4076 | R33: =2.14*1.04 -> 2.2256 | S33: 0 | T33: 60 | U33: 0 | V33: =M33-N33-O33-Q33-R33-S33+T33+U33 -> 60.3668 | Y33: 0 | AB33: 24 | AC33: =AC32-AB33 -> 4937 | AD33: =N33+O33+Q33+R33+S37+V33+Y33+AB33 -> 88 | AE33: =IF(L33<0,L33*-1,0) -> 30.070003 | AF33: =AD33+AE33 -> 118.07 | AG33: 0 | AH33: 58 | AI33: 27 | AJ33: =V33*1.9835+AJ32 -> 2160.6127
A34: =A33+1 -> 23 | B34: 6903.73 | C34: 297547 | D34: =C34-C33 -> -114 | E34: =C34-152000 -> 145547 | F34: =D34/$D$2 -> -57.474162 | G34: 55 | H34: 1.1 | I34: =G34+H34 -> 56.1 | J34: =IF(L34>0,L34,0) -> 0 | K34: =I34+J34 -> 56.1 | L34: =F34-(I34-AD34) -> -26.574162 | M34: 4 | N34: 0 | O34: 0 | Q34: =1.38*1.02 -> 1.4076 | R34: =2.11*1.04 -> 2.1944 | S34: 0 | T34: 60 | U34: 0 | V34: =M34-N34-O34-Q34-R34-S34+T34+U34 -> 60.398 | Y34: 0 | AB34: 23 | AC34: =AC33-AB34 -> 4914 | AD34: =N34+O34+Q34+R34+S38+V34+Y34+AB34 -> 87 | AE34: =IF(L34<0,L34*-1,0) -> 26.574162 | AF34: =AD34+AE34 -> 113.57416 | AG34: 0 | AH34: 53 | AI34: 27 | AJ34: =V34*1.9835+AJ33 -> 2280.4122
A35: =A34+1 -> 24 | B35: 6903.7 | C35: 297433 | D35: =C35-C34 -> -114 | E35: =C35-152000 -> 145433 | F35: =D35/$D$2 -> -57.474162 | G35: 59 | H35: 0.94 | I35: =G35+H35 -> 59.94 | J35: =IF(L35>0,L35,0) -> 0 | K35: =I35+J35 -> 59.94 | L35: =F35-(I35-AD35) -> -30.414162 | M35: 4 | N35: 0 | O35: 0 | Q35: =1.38*1.02 -> 1.4076 | R35: =2.18*1.04 -> 2.2672 | S35: 0 | T35: 60 | U35: 0 | V35: =M35-N35-O35-Q35-R35-S35+T35+U35 -> 60.3252 | Y35: 0 | AB35: 23 | AC35: =AC34-AB35 -> 4891 | AD35: =N35+O35+Q35+R35+S39+V35+Y35+AB35 -> 87 | AE35: =IF(L35<0,L35*-1,0) -> 30.414162 | AF35: =AD35+AE35 -> 117.41416 | AG35: 0 | AH35: 53 | AI35: 24 | AJ35: =V35*1.9835+AJ34 -> 2400.0672
A36: =A35+1 -> 25 | B36: 6903.67 | C36: 297319 | D36: =C36-C35 -> -114 | E36: =C36-152000 -> 145319 | F36: =D36/$D$2 -> -57.474162 | G36: 58 | H36: 0.73 | I36: =G36+H36 -> 58.73 | J36: =IF(L36>0,L36,0) -> 0 | K36: =I36+J36 -> 58.73 | L36: =F36-(I36-AD36) -> -28.204162 | M36: 4 | N36: 0 | O36: 0 | Q36: =1.38*1.02 -> 1.4076 | R36: =2.18*1.04 -> 2.2672 | S36: 0 | T36: 61 | U36: 0 | V36: =M36-N36-O36-Q36-R36-S36+T36+U36 -> 61.3252 | Y36: 0 | AB36: 23 | AC36: =AC35-AB36 -> 4868 | AD36: =N36+O36+Q36+R36+S40+V36+Y36+AB36 -> 88 | AE36: =IF(L36<0,L36*-1,0) -> 28.204162 | AF36: =AD36+AE36 -> 116.20416 | AG36: 0 | AH36: 53 | AI36: 24 | AJ36: =V36*1.9835+AJ35 -> 2521.7057
A37: =A36+1 -> 26 | B37: 6903.64 | C37: 297205 | D37: =C37-C36 -> -114 | E37: =C37-152000 -> 145205 | F37: =D37/$D$2 -> -57.474162 | G37: 57 | H37: 0.89 | I37: =G37+H37 -> 57.89 | J37: =IF(L37>0,L37,0) -> 0 | K37: =I37+J37 -> 57.89 | L37: =F37-(I37-AD37) -> -27.364162 | M37: 4 | N37: 0 | O37: 0 | Q37: =1.38*1.02 -> 1.4076 | R37: =2.1*1.04 -> 2.184 | S37: 0 | T37: 61 | U37: 0 | V37: =M37-N37-O37-Q37-R37-S37+T37+U37 -> 61.4084 | Y37: 0 | AB37: 23 | AC37: =AC36-AB37 -> 4845 | AD37: =N37+O37+Q37+R37+S41+V37+Y37+AB37 -> 88 | AE37: =IF(L37<0,L37*-1,0) -> 27.364162 | AF37: =AD37+AE37 -> 115.36416 | AG37: 0 | AH37: 46 | AI37: 24 | AJ37: =V37*1.9835+AJ36 -> 2643.5093
A38: =A37+1 -> 27 | B38: 6903.61 | C38: 297092 | D38: =C38-C37 -> -113 | E38: =C38-152000 -> 145092 | F38: =D38/$D$2 -> -56.970003 | G38: 54 | H38: 1.1 | I38: =G38+H38 -> 55.1 | J38: =IF(L38>0,L38,0) -> 0 | K38: =I38+J38 -> 55.1 | L38: =F38-(I38-AD38) -> -25.070003 | M38: 4 | N38: 0 | O38: 0 | Q38: =1.38*1.02 -> 1.4076 | R38: =2.16*1.04 -> 2.2464 | S38: 0 | T38: 61 | U38: 0 | V38: =M38-N38-O38-Q38-R38-S38+T38+U38 -> 61.346 | Y38: 0 | AB38: 22 | AC38: =AC37-AB38 -> 4823 | AD38: =N38+O38+Q38+R38+S42+V38+Y38+AB38 -> 87 | AE38: =IF(L38<0,L38*-1,0) -> 25.070003 | AF38: =AD38+AE38 -> 112.07 | AG38: 0 | AH38: 31 | AI38: 14 | AJ38: =V38*1.9835+AJ37 -> 2765.1891
A39: =A38+1 -> 28 | B39: 6903.58 | C39: 296978 | D39: =C39-C38 -> -114 | E39: =C39-152000 -> 144978 | F39: =D39/$D$2 -> -57.474162 | G39: 47 | H39: 0.97 | I39: =G39+H39 -> 47.97 | J39: =IF(L39>0,L39,0) -> 0 | K39: =I39+J39 -> 47.97 | L39: =F39-(I39-AD39) -> -18.444162 | M39: 4 | N39: 0 | O39: 0 | Q39: =1.38*1.02 -> 1.4076 | R39: =2.21*1.04 -> 2.2984 | S39: 0 | T39: 61 | U39: 0 | V39: =M39-N39-O39-Q39-R39-S39+T39+U39 -> 61.294 | Y39: 0 | AB39: 22 | AC39: =AC38-AB39 -> 4801 | AD39: =N39+O39+Q39+R39+S43+V39+Y39+AB39 -> 87 | AE39: =IF(L39<0,L39*-1,0) -> 18.444162 | AF39: =AD39+AE39 -> 105.44416 | AG39: 0 | AH39: 25 | AI39: 12 | AJ39: =V39*1.9835+AJ38 -> 2886.7657
A40: =A39+1 -> 29 | B40: 6903.55 | C40: 296864 | D40: =C40-C39 -> -114 | E40: =C40-152000 -> 144864 | F40: =D40/$D$2 -> -57.474162 | G40: 46 | H40: 0.68 | I40: =G40+H40 -> 46.68 | J40: =IF(L40>0,L40,0) -> 0 | K40: =I40+J40 -> 46.68 | L40: =F40-(I40-AD40) -> -21.654162 | M40: 4.5 | N40: 0 | O40: 0 | Q40: =1.38*1.02 -> 1.4076 | R40: =2.1*1.04 -> 2.184 | S40: 0 | T40: 57 | U40: 0 | V40: =M40-N40-O40-Q40-R40-S40+T40+U40 -> 57.9084 | Y40: 0 | AB40: 21 | AC40: =AC39-AB40 -> 4780 | AD40: =N40+O40+Q40+R40+S44+V40+Y40+AB40 -> 82.5 | AE40: =IF(L40<0,L40*-1,0) -> 21.654162 | AF40: =AD40+AE40 -> 104.15416 | AG40: 0 | AH40: 40 | AI40: 17 | AJ40: =V40*1.9835+AJ39 -> 3001.627
A41: 30 | B41: 6903.53 | C41: 296788 | D41: =C41-C40 -> -76 | E41: =C41-152000 -> 144788 | F41: =D41/$D$2 -> -38.316108 | G41: 51 | H41: 0.87 | I41: =G41+H41 -> 51.87 | J41: =IF(L41>0,L41,0) -> 0 | K41: =I41+J41 -> 51.87 | L41: =F41-(I41-AD41) -> -14.236108 | M41: 5 | N41: 0 | O41: 0 | Q41: =1.38*1.02 -> 1.4076 | R41: =2.21*1.04 -> 2.2984 | S41: 0 | T41: 48.95 | U41: 0 | V41: =M41-N41-O41-Q41-R41-S41+T41+U41 -> 50.244 | Y41: 0 | AB41: 22 | AC41: =AC40-AB41 -> 4758 | AD41: =N41+O41+Q41+R41+S45+V41+Y41+AB41 -> 75.95 | AE41: =IF(L41<0,L41*-1,0) -> 14.236108 | AF41: =AD41+AE41 -> 90.186108 | AG41: 0 | AH41: 42 | AI41: 26 | AJ41: =V41*1.9835+AJ40 -> 3101.286
A43: MONTH / CFS | F43: =SUM(F12:F41) -> -1303.756 | G43: =SUM(G12:G41) -> 2175 | H43: =SUM(H12:H41) -> 44.343 | I43: =SUM(I12:I41) -> 2219.343 | J43: =SUM(J12:J41) -> 43.398929 | K43: =SUM(K12:K41) -> 2262.7419 | L43: =SUM(L12:L41) -> -491.51899 | M43: =SUM(M12:M41) -> 404.2 | ... O43: =SUM(O12:O41) -> 0 | Q43: =SUM(Q12:Q41) -> 42.228 | R43: =SUM(R12:R41) -> 69.3264 | S43: =SUM(S13:S41) -> 0 | T43: =SUM(T12:T41) -> 1741.91 | U43: =SUM(U12:U41) -> 151.47 | V43: =SUM(V12:V41) -> 2186.0256 | AB43: =SUM(AB12:AB41) -> 734 | AD43: =SUM(AD12:AD41) -> 3031.58 | AE43: =SUM(AE12:AE41) -> 534.91792 | AF43: =SUM(AF12:AF41) -> 3566.4979 | AG43: =SUM(AG12:AG41) -> 0.01 | AH43: =AVERAGE(AH12:AH41) -> 52.1 | AI43: =AVERAGE(AI12:AI42) -> 28.333333 | AJ43: Avg | AK43: =SUM(AK12:AK41) -> 622.4836
A44: MONTH / AF | D44: =SUM(D12:D41) -> -2586 | F44: =F43*$D$2 -> -2586 | G44: =G43*$D$2 -> 4314.1125 | H44: =H43*$D$2 -> 87.954341 | I44: =I43*$D$2 -> 4402.0668 | J44: =J43*$D$2 -> 86.081775 | K44: =K43*$D$2 -> 4488.1486 | L44: =L43*$D$2 -> -974.92791 | M44: =M43*$D$2 -> 801.7307 | ... O44: =O43*$D$2 -> 0 | Q44: =Q43*$D$2 -> 83.759238 | R44: =R43*$D$2 -> 137.50891 | S44: =S43*$D$2 -> 0 | T44: =T43*$D$2 -> 3455.0785 | U44: =U43*$D$2 -> 300.44074 | V44: =V43*$D$2 -> 4335.9818 | AB44: =AB43*$D$2 -> 1455.889 | AD44: =AD43*$D$2 -> 6013.1389 | AE44: =AE43*$D$2 -> 1061.0097 | AF44: =AF43*$D$2 -> 7074.1486 | AH44: =MAX(AH12:AH41) -> 69 | AI44: =MAX(AI12:AI42) -> 43 | AJ44: HI | AK44: =AK43*$D$2 -> 1234.6962
A46: SEASON / CFS | AH46: =MIN(AH12:AH41) -> 25 | AI46: =MIN(AI12:AI42) -> 12 | AJ46: LO
A47: SEASON / AF
A49: YTD / CFS | F49: =F10+F43 -> -1303.756 | G49: =G10+G43 -> 2175 | H49: =H10+H43 -> 44.343 | I49: =I10+I43 -> 2219.343 | J49: =J10+J43 -> 43.398929 | K49: =K10+K43 -> 2262.7419 | L49: =L10+L43 -> -491.51899 | M49: =M10+M43 -> 404.2 | N49: =N10+N43 -> 0 | O49: 0 | Q49: =Q10+Q43 -> 42.228 | R49: =R10+R43 -> 69.3264 | S49: =S10+S43 -> 0 | T49: =T10+T43 -> 1741.91 | U49: =U10+U43 -> 151.47 | V49: =V10+V43 -> 2186.0256 | AB49: =AB10+AB43 -> 734 | AC49: =AC41 -> 4758 | AD49: =AD10+AD43 -> 3031.58 | AE49: =AE10+AE43 -> 534.91792 | AF49: =AF10+AF43 -> 3566.4979 | AG49: =AG10+AG43 -> 0.01 | AK49: =AK10+AK43 -> 622.4836
A50: YTD / AF | D50: =D10+D44 -> -2586 | E50: =E41 -> 144788 | F50: =F49*$D$2 -> -2586 | G50: =G49*$D$2 -> 4314.1125 | H50: =H49*$D$2 -> 87.954341 | I50: =I49*$D$2 -> 4402.0668 | J50: =J49*$D$2 -> 86.081775 | K50: =K49*$D$2 -> 4488.1486 | L50: =L49*$D$2 -> -974.92791 | M50: =M49*$D$2 -> 801.7307 | ... O50: =O49*$D$2 -> 0 | Q50: =Q49*$D$2 -> 83.759238 | R50: =R49*$D$2 -> 137.50891 | S50: =S49*$D$2 -> 0 | T50: =T49*$D$2 -> 3455.0785 | U50: =U49*$D$2 -> 300.44074 | V50: =V49*$D$2 -> 4335.9818 | AB50: =AB49*$D$2 -> 1455.889 | AC50: =AC49*$D$2 -> 9437.493 | AD50: =AD49*$D$2 -> 6013.1389 | AE50: =AE49*$D$2 -> 1061.0097 | AF50: =AF49*$D$2 -> 7074.1486 | AJ50: =AJ41 -> 3101.286 | AK50: =AK49*$D$2 -> 1234.6962

Sheet DEC
K1: MCPHEE RESERVOIR INFLOW/OUTFLOW TABULATION
A2: AF/cfs CONVERT FACTOR | D2: 1.9835 | K2: DECEMBER "2005"
D4: RESERVOIR | T4: INFLOW/OUTFLOW (CFS) | AH4: WEATHER | AL4: ADJUSTMENTS
A5: DATE | B5: RESERV | C5: RESERV | D5: AC FT | E5: ACTIVE | F5: CONV TO | G5: DOLORES | H5: LOST | I5: RECORD | J5: CALC | K5: TOTAL | L5: CALC | M5: DOLORES TUNNEL | T5: LONE | U5: U | V5: TOTAL | W5: MVI | X5: MVI | Y5: DV CR | Z5: D/S SENIOR | AB5: BELOW | AC5: FISH | AD5: RECORD | AE5: CALC | AF5: TOTAL | AG5: RAIN | AH5: MAX | AI5: MIN | AJ5: NAR | AK5: MVI | AL5: MVI | AM5: MVI | AN5: U/S | AO5: TOTTEN
A6: DEC | B6: ELEV | C6: AC FT | D6: CHANGE | E6: CAP | F6: CFS | G6: RIVER | H6: CAN | I6: INFLOW | J6: INFLOW | K6: INFLOW | L6: INF/OTF | M6: TOT DIV | N6: WET | O6: UTE | P6: QUEST | Q6: MWC | R6: CTZ | S6: CTZ & | T6: PINE | U6: LAT | V6: MVI | W6: CALL | X6: PROJ & | Y6: CANAL | AB6: MCP | AC6: LEFT | AD6: OTF | AE6: OTF | AF6: OTF | AH6: TMP | AI6: TMP | AJ6: CALL | AK6: STOCK | AL6: STORED | AM6: STORED | AN6: USERS | AO6: (FRESH
E7: AC FT | N7: LAND | O7: F&R | S7: UTE | X7: TO EX & | AJ7: AC.FT. | AK7: AC.FT. | AL7: Apr-Jun | AM7: EVAP | AN7: EXCH | AO7: WATER)
N8: 1.03 | O8: 1.05 | P8: 1.02 | Q8: 1.02 | R8: 1.04 | S8: PROJ | X8: U/S EX | AM8: AC.FT.
A9: SEASON BAL
A10: YTD | B10: =NOV!B41 -> 6903.53 | C10: =NOV!C41 -> 296788 | D10: =NOV!D50 -> -2586 | E10: =NOV!E50 -> 144788 | F10: =NOV!F49 -> -1303.756 | G10: =NOV!G49 -> 2175 | H10: =NOV!H49 -> 44.343 | I10: =NOV!I49 -> 2219.343 | J10: =NOV!J49 -> 43.398929 | K10: =NOV!K49 -> 2262.7419 | L10: =NOV!L49 -> -491.51899 | M10: =NOV!M49 -> 404.2 | ... O10: =NOV!O49 -> 0 | Q10: =NOV!Q49 -> 42.228 | R10: =NOV!R49 -> 69.3264 | S10: =NOV!S49 -> 0 | T10: =NOV!T49 -> 1741.91 | U10: =NOV!U49 -> 151.47 | V10: =NOV!V49 -> 2186.0256 | AB10: =NOV!AB49 -> 734 | AC10: =NOV!AC49 -> 4758 | AD10: =NOV!AD49 -> 3031.58 | AE10: =NOV!AE49 -> 534.91792 | AF10: =NOV!AF49 -> 3566.4979 | AG10: =NOV!AG49 -> 0.01 | AJ10: =NOV!AJ50 -> 3101.286 | AK10: =NOV!AK49 -> 622.4836
A12: 1 | B12: 6903.51 | C12: 296712 | D12: =C12-C10 -> -76 | E12: =C12-152000 -> 144712 | F12: =D12/$D$2 -> -38.316108 | G12: 52 | H12: 0.93 | I12: =G12+H12 -> 52.93 | J12: =IF(L12>0,L12,0) -> 0 | K12: =I12+J12 -> 52.93 | L12: =F12-(I12-AD12) -> -14.166108 | M12: 5.1 | N12: 0 | O12: 0 | Q12: =1.51*1.02 -> 1.5402 | R12: =2.15*1.04 -> 2.236 | S12: 0 | T12: 48.98 | U12: 0 | V12: =M12-N12-O12-Q12-R12-S12+T12+U12 -> 50.3038 | Y12: 0 | AB12: 23 | AC12: =AC10-AB12 -> 4735 | AD12: =N12+O12+Q12+R12+S12+V12+Y12+AB12 -> 77.08 | AE12: =IF(L12<0,L12*-1,0) -> 14.166108 | AF12: =AD12+AE12 -> 91.246108 | AG12: 0 | AH12: 48 | AI12: 25 | AJ12: =AJ10+(V12*1.9835) -> 3201.0636 | AK12: 0
A13: =A12+1 -> 2 | B13: 6903.49 | C13: 296636 | D13: =C13-C12 -> -76 | E13: =C13-152000 -> 144636 | F13: =D13/$D$2 -> -38.316108 | G13: 52 | H13: 1.2 | I13: =G13+H13 -> 53.2 | J13: =IF(L13>0,L13,0) -> 0 | K13: =I13+J13 -> 53.2 | L13: =F13-(I13-AD13) -> -13.606108 | M13: 4.9 | N13: 0 | O13: 0 | Q13: =1.51*1.02 -> 1.5402 | R13: =2.11*1.04 -> 2.1944 | S13: 0 | T13: 49.01 | U13: 0 | V13: =M13-N13-O13-Q13-R13-S13+T13+U13 -> 50.1754 | Y13: 0 | AB13: 24 | AC13: =AC12-AB13 -> 4711 | AD13: =N13+O13+Q13+R13+S13+V13+Y13+AB13 -> 77.91 | AE13: =IF(L13<0,L13*-1,0) -> 13.606108 | AF13: =AD13+AE13 -> 91.516108 | AG13: 0 | AH13: 48 | AI13: 30 | AJ13: =AJ12+(V13*1.9835) -> 3300.5865 | AK13: 0
A14: =A13+1 -> 3 | B14: 6903.46 | C14: 296523 | D14: =C14-C13 -> -113 | E14: =C14-152000 -> 144523 | F14: =D14/$D$2 -> -56.970003 | G14: 53 | H14: 1.5 | I14: =G14+H14 -> 54.5 | J14: =IF(L14>0,L14,0) -> 0 | K14: =I14+J14 -> 54.5 | L14: =F14-(I14-AD14) -> -33.570003 | M14: 4.9 | N14: 0 | O14: 0 | Q14: =1.51*1.02 -> 1.5402 | R14: =2.41*1.04 -> 2.5064 | S14: 0 | T14: 49 | U14: 0 | V14: =M14-N14-Q14-R14-S14+T14+U14 -> 49.8534 | Y14: 0 | AB14: 24 | AC14: =AC13-AB14 -> 4687 | AD14: =N14+O14+Q14+R14+S14+V14+Y14+AB14 -> 77.9 | AE14: =IF(L14<0,L14*-1,0) -> 33.570003 | AF14: =AD14+AE14 -> 111.47 | AG14: 0.12 | AH14: 42 | AI14: 20 | AJ14: =AJ13+(V14*1.9835) -> 3399.4707 | AK14: 0
A15: =A14+1 -> 4 | B15: 6903.43 | C15: 296409 | D15: =C15-C14 -> -114 | E15: =C15-152000 -> 144409 | F15: =D15/$D$2 -> -57.474162 | G15: 50 | H15: 1.2 | I15: =G15+H15 -> 51.2 | J15: =IF(L15>0,L15,0) -> 0 | K15: =I15+J15 -> 51.2 | L15: =F15-(I15-AD15) -> -30.774162 | M15: 4.9 | N15: 0 | O15: 0 | Q15: =1.51*1.02 -> 1.5402 | R15: =2.22*1.04 -> 2.3088 | S15: 0 | T15: 49 | U15: 0 | V15: =M15-N15-Q15-R15-S15+T15+U15 -> 50.051 | Y15: 0 | AB15: 24 | AC15: =AC14-AB15 -> 4663 | AD15: =N15+O15+Q15+R15+S15+V15+Y15+AB15 -> 77.9 | AE15: =IF(L15<0,L15*-1,0) -> 30.774162 | AF15: =AD15+AE15 -> 108.67416 | AG15: 0 | AH15: 27 | AI15: 9 | AJ15: =AJ14+(V15*1.9835) -> 3498.7469 | AK15: 0
A16: =A15+1 -> 5 | B16: 6903.4 | C16: 296295 | D16: =C16-C15 -> -114 | E16: =C16-152000 -> 144295 | F16: =D16/$D$2 -> -57.474162 | G16: 43 | H16: 0.89 | I16: =G16+H16 -> 43.89 | J16: =IF(L16>0,L16,0) -> 0 | K16: =I16+J16 -> 43.89 | L16: =F16-(I16-AD16) -> -23.464162 | M16: 4.9 | N16: 0 | O16: 0 | Q16: =1.51*1.02 -> 1.5402 | R16: =2.16*1.04 -> 2.2464 | S16: 0 | T16: 49 | U16: 0 | V16: =M16-N16-Q16-R16-S16+T16+U16 -> 50.1134 | Y16: 0 | AB16: 24 | AC16: =AC15-AB16 -> 4639 | AD16: =N16+O16+Q16+R16+S16+V16+Y16+AB16 -> 77.9 | AE16: =IF(L16<0,L16*-1,0) -> 23.464162 | AF16: =AD16+AE16 -> 101.36416 | AG16: 0 | AH16: 30 | AI16: 5 | AJ16: =AJ15+(V16*1.9835) -> 3598.1468 | AK16: 0
A17: =A16+1 -> 6 | B17: 6903.37 | C17: 296181 | D17: =C17-C16 -> -114 | E17: =C17-152000 -> 144181 | F17: =D17/$D$2 -> -57.474162 | G17: 42 | H17: 0.53 | I17: =G17+H17 -> 42.53 | J17: =IF(L17>0,L17,0) -> 0 | K17: =I17+J17 -> 42.53 | L17: =F17-(I17-AD17) -> -22.104162 | M17: 4.9 | N17: 0 | O17: 0 | Q17: =1.51*1.02 -> 1.5402 | R17: =3.13*1.04 -> 3.2552 | S17: 0 | T17: 49 | U17: 0 | V17: =M17-N17-Q17-R17-S17+T17+U17 -> 49.1046 | Y17: 0 | AB17: 24 | AC17: =AC16-AB17 -> 4615 | AD17: =N17+O17+Q17+R17+S17+V17+Y17+AB17 -> 77.9 | AE17: =IF(L17<0,L17*-1,0) -> 22.104162 | AF17: =AD17+AE17 -> 100.00416 | AG17: 0 | AH17: 33 | AI17: 11 | AJ17: =AJ16+(V17*1.9835) -> 3695.5458 | AK17: 0
A18: =A17+1 -> 7 | B18: 6903.33 | C18: 296029 | D18: =C18-C17 -> -152 | E18: =C18-152000 -> 144029 | F18: =D18/$D$2 -> -76.632216 | G18: 44 | H18: 0.38 | I18: =G18+H18 -> 44.38 | J18: =IF(L18>0,L18,0) -> 0 | K18: =I18+J18 -> 44.38 | L18: =F18-(I18-AD18) -> -24.112216 | M18: 4.9 | N18: 0 | O18: 0 | Q18: =1.51*1.02 -> 1.5402 | R18: =2.44*1.04 -> 2.5376 | S18: 0 | T18: 69 | U18: 0 | V18: =M18-N18-Q18-R18-S18+T18+U18 -> 69.8222 | Y18: 0 | AB18: 23 | AC18: =AC17-AB18 -> 4592 | AD18: =N18+O18+Q18+R18+S18+V18+Y18+AB18 -> 96.9 | AE18: =IF(L18<0,L18*-1,0) -> 24.112216 | AF18: =AD18+AE18 -> 121.01222 | AG18: 0 | AH18: 25 | AI18: 6 | AJ18: =AJ17+(V18*1.9835) -> 3834.0381 | AK18: 0
A19: =A18+1 -> 8 | B19: 6903.28 | C19: 295840 | D19: =C19-C18 -> -189 | E19: =C19-152000 -> 143840 | F19: =D19/$D$2 -> -95.28611 | G19: 39 | H19: 0.15 | I19: =G19+H19 -> 39.15 | J19: =IF(L19>0,L19,0) -> 0 | K19: =I19+J19 -> 39.15 | L19: =F19-(I19-AD19) -> -9.5361104 | M19: 4.9 | N19: 0 | O19: 0 | Q19: =1.51*1.02 -> 1.5402 | R19: =2.15*1.04 -> 2.236 | S19: 0 | T19: 97 | U19: 0 | V19: =M19-N19-Q19-R19-S19+T19+U19 -> 98.1238 | Y19: 0 | AB19: 23 | AC19: =AC18-AB19 -> 4569 | AD19: =N19+O19+Q19+R19+S19+V19+Y19+AB19 -> 124.9 | AE19: =IF(L19<0,L19*-1,0) -> 9.5361104 | AF19: =AD19+AE19 -> 134.43611 | AG19: 0 | AH19: 30 | AI19: 0 | AJ19: =AJ18+(V19*1.9835) -> 4028.6667 | AK19: 0
A20: =A19+1 -> 9 | B20: 6903.23 | C20: 295650 | D20: =C20-C19 -> -190 | E20: =C20-152000 -> 143650 | F20: =D20/$D$2 -> -95.79027 | G20: 41 | H20: 0.08 | I20: =G20+H20 -> 41.08 | J20: =IF(L20>0,L20,0) -> 0 | K20: =I20+J20 -> 41.08 | L20: =F20-(I20-AD20) -> -11.97027 | M20: 4.9 | N20: 0 | O20: 0 | Q20: =1.51*1.02 -> 1.5402 | R20: =2.29*1.04 -> 2.3816 | S20: 0 | T20: 97 | U20: 0 | V20: =M20-N20-Q20-R20-S20+T20+U20 -> 97.9782 | Y20: 0 | AB20: 23 | AC20: =AC19-AB20 -> 4546 | AD20: =N20+O20+Q20+R20+S20+V20+Y20+AB20 -> 124.9 | AE20: =IF(L20<0,L20*-1,0) -> 11.97027 | AF20: =AD20+AE20 -> 136.87027 | AG20: 0 | AH20: 40 | AI20: 12 | AJ20: =AJ19+(V20*1.9835) -> 4223.0064 | AK20: 0
A21: =A20+1 -> 10 | B21: 6903.18 | C21: 295460 | D21: =C21-C20 -> -190 | E21: =C21-152000 -> 143460 | F21: =D21/$D$2 -> -95.79027 | G21: 40 | H21: 0.06 | I21: =G21+H21 -> 40.06 | J21: =IF(L21>0,L21,0) -> 0 | K21: =I21+J21 -> 40.06 | L21: =F21-(I21-AD21) -> -10.95027 | M21: 4.9 | N21: 0 | O21: 0 | Q21: =1.51*1.02 -> 1.5402 | R21: =2.1*1.04 -> 2.184 | S21: 0 | T21: 97 | U21: 0 | V21: =M21-N21-Q21-R21-S21+T21+U21 -> 98.1758 | Y21: 0 | AB21: 23 | AC21: =AC20-AB21 -> 4523 | AD21: =N21+O21+Q21+R21+S21+V21+Y21+AB21 -> 124.9 | AE21: =IF(L21<0,L21*-1,0) -> 10.95027 | AF21: =AD21+AE21 -> 135.85027 | AG21: 0 | AH21: 43 | AI21: 15 | AJ21: =AJ20+(V21*1.9835) -> 4417.7381 | AK21: 0
A22: =A21+1 -> 11 | B22: 6903.13 | C22: 295271 | D22: =C22-C21 -> -189 | E22: =C22-152000 -> 143271 | F22: =D22/$D$2 -> -95.28611 | G22: 40 | H22: 0.13 | I22: =G22+H22 -> 40.13 | J22: =IF(L22>0,L22,0) -> 0 | K22: =I22+J22 -> 40.13 | L22: =F22-(I22-AD22) -> -10.51611 | M22: 4.9 | N22: 0 | O22: 0 | Q22: =1.51*1.02 -> 1.5402 | R22: =2.2*1.04 -> 2.288 | S22: 0 | T22: 97 | U22: 0 | V22: =M22-N22-Q22-R22-S22+T22+U22 -> 98.0718 | Y22: 0 | AB22: 23 | AC22: =AC21-AB22 -> 4500 | AD22: =N22+O22+Q22+R22+S22+V22+Y22+AB22 -> 124.9 | AE22: =IF(L22<0,L22*-1,0) -> 10.51611 | AF22: =AD22+AE22 -> 135.41611 | AG22: 0 | AH22: 46 | AI22: 17 | AJ22: =AJ21+(V22*1.9835) -> 4612.2635 | AK22: 0
A23: =A22+1 -> 12 | B23: 6903.08 | C23: 295081 | D23: =C23-C22 -> -190 | E23: =C23-152000 -> 143081 | F23: =D23/$D$2 -> -95.79027 | G23: 42 | H23: 0.15 | I23: =G23+H23 -> 42.15 | J23: =IF(L23>0,L23,0) -> 0 | K23: =I23+J23 -> 42.15 | L23: =F23-(I23-AD23) -> -13.04027 | M23: 4.9 | N23: 0 | O23: 0 | Q23: =1.51*1.02 -> 1.5402 | R23: =2.38*1.04 -> 2.4752 | S23: 0 | T23: 97 | U23: 0 | V23: =M23-N23-Q23-R23-S23+T23+U23 -> 97.8846 | Y23: 0 | AB23: 23 | AC23: =AC22-AB23 -> 4477 | AD23: =N23+O23+Q23+R23+S23+V23+Y23+AB23 -> 124.9 | AE23: =IF(L23<0,L23*-1,0) -> 13.04027 | AF23: =AD23+AE23 -> 137.94027 | AG23: 0 | AH23: 43 | AI23: 21 | AJ23: =AJ22+(V23*1.9835) -> 4806.4177 | AK23: 0
A24: =A23+1 -> 13 | B24: 6903.02 | C24: 294853 | D24: =C24-C23 -> -228 | E24: =C24-152000 -> 142853 | F24: =D24/$D$2 -> -114.94832 | G24: 43 | H24: 0.17 | I24: =G24+H24 -> 43.17 | J24: =IF(L24>0,L24,0) -> 0 | K24: =I24+J24 -> 43.17 | L24: =F24-(I24-AD24) -> -34.218324 | M24: 4.9 | N24: 0 | O24: 0 | Q24: =1.51*1.02 -> 1.5402 | R24: =2.12*1.04 -> 2.2048 | S24: 0 | T24: 96 | U24: 0 | V24: =M24-N24-Q24-R24-S24+T24+U24 -> 97.155 | Y24: 0 | AB24: 23 | AC24: =AC23-AB24 -> 4454 | AD24: =N24+O24+Q24+R24+S24+V24+Y24+AB24 -> 123.9 | AE24: =IF(L24<0,L24*-1,0) -> 34.218324 | AF24: =AD24+AE24 -> 158.11832 | AG24: 0.02 | AH24: 40 | AI24: 20 | AJ24: =AJ23+(V24*1.9835) -> 4999.1246 | AK24: 0
A25: =A24+1 -> 14 | B25: 6902.96 | C25: 294627 | D25: =C25-C24 -> -226 | E25: =C25-152000 -> 142627 | F25: =D25/$D$2 -> -113.94001 | G25: 40 | H25: 0.18 | I25: =G25+H25 -> 40.18 | J25: =IF(L25>0,L25,0) -> 0 | K25: =I25+J25 -> 40.18 | L25: =F25-(I25-AD25) -> -30.220005 | M25: 4.9 | N25: 0 | O25: 0 | Q25: =1.51*1.02 -> 1.5402 | R25: =2.16*1.04 -> 2.2464 | S25: 0 | T25: 96 | U25: 0 | V25: =M25-N25-Q25-R25-S25+T25+U25 -> 97.1134 | Y25: 0 | AB25: 23 | AC25: =AC24-AB25 -> 4431 | AD25: =N25+O25+Q25+R25+S25+V25+Y25+AB25 -> 123.9 | AE25: =IF(L25<0,L25*-1,0) -> 30.220005 | AF25: =AD25+AE25 -> 154.12001 | AG25: 0 | AH25: 32 | AI25: 14 | AJ25: =AJ24+(V25*1.9835) -> 5191.749 | AK25: 0
A26: =A25+1 -> 15 | B26: 6902.91 | C26: 294439 | D26: =C26-C25 -> -188 | E26: =C26-152000 -> 142439 | F26: =D26/$D$2 -> -94.781951 | G26: 34 | H26: 0.18 | I26: =G26+H26 -> 34.18 | J26: =IF(L26>0,L26,0) -> 0 | K26: =I26+J26 -> 34.18 | L26: =F26-(I26-AD26) -> -5.0619511 | M26: 4.9 | N26: 0 | O26: 0 | Q26: =1.51*1.02 -> 1.5402 | R26: =2.35*1.04 -> 2.444 | S26: 0 | T26: 96 | U26: 0 | V26: =M26-N26-Q26-R26-S26+T26+U26 -> 96.9158 | Y26: 0 | AB26: 23 | AC26: =AC25-AB26 -> 4408 | AD26: =N26+O26+Q26+R26+S26+V26+Y26+AB26 -> 123.9 | AE26: =IF(L26<0,L26*-1,0) -> 5.0619511 | AF26: =AD26+AE26 -> 128.96195 | AG26: 0 | AH26: 33 | AI26: 3 | AJ26: =AJ25+(V26*1.9835) -> 5383.9815 | AK26: 0
A27: =A26+1 -> 16 | B27: 6902.86 | C27: 294251 | D27: =C27-C26 -> -188 | E27: =C27-152000 -> 142251 | F27: =D27/$D$2 -> -94.781951 | G27: 28 | H27: 0.16 | I27: =G27+H27 -> 28.16 | J27: =IF(L27>0,L27,0) -> 0.9580489 | K27: =I27+J27 -> 29.118049 | L27: =F27-(I27-AD27) -> 0.9580489 | M27: 4.9 | N27: 0 | O27: 0 | Q27: =1.51*1.02 -> 1.5402 | R27: =2.18*1.04 -> 2.2672 | S27: 0 | T27: 96 | U27: 0 | V27: =M27-N27-Q27-R27-S27+T27+U27 -> 97.0926 | Y27: 0 | AB27: 23 | AC27: =AC26-AB27 -> 4385 | AD27: =N27+O27+Q27+R27+S27+V27+Y27+AB27 -> 123.9 | AE27: =IF(L27<0,L27*-1,0) -> 0 | AF27: =AD27+AE27 -> 123.9 | AG27: 0 | AH27: 32 | AI27: 1 | AJ27: =AJ26+(V27*1.9835) -> 5576.5647 | AK27: 0
A28: =A27+1 -> 17 | B28: 6902.82 | C28: 294100 | D28: =C28-C27 -> -151 | E28: =C28-152000 -> 142100 | F28: =D28/$D$2 -> -76.128056 | G28: 27 | H28: 0.11 | I28: =G28+H28 -> 27.11 | J28: =IF(L28>0,L28,0) -> 20.661944 | K28: =I28+J28 -> 47.771944 | L28: =F28-(I28-AD28) -> 20.661944 | M28: 4.9 | N28: 0 | O28: 0 | Q28: =1.51*1.02 -> 1.5402 | R28: =1.97*1.04 -> 2.0488 | S28: 0 | T28: 96 | U28: 0 | V28: =M28-N28-Q28-R28-S28+T28+U28 -> 97.311 | Y28: 0 | AB28: 23 | AC28: =AC27-AB28 -> 4362 | AD28: =N28+O28+Q28+R28+S28+V28+Y28+AB28 -> 123.9 | AE28: =IF(L28<0,L28*-1,0) -> 0 | AF28: =AD28+AE28 -> 123.9 | AG28: 0 | AH28: 35 | AI28: 11 | AJ28: =AJ27+(V28*1.9835) -> 5769.5811 | AK28: 0
A29: =A28+1 -> 18 | B29: 6902.78 | C29: 293950 | D29: =C29-C28 -> -150 | E29: =C29-152000 -> 141950 | F29: =D29/$D$2 -> -75.623897 | G29: 29 | H29: 0.08 | I29: =G29+H29 -> 29.08 | J29: =IF(L29>0,L29,0) -> 19.196103 | K29: =I29+J29 -> 48.276103 | L29: =F29-(I29-AD29) -> 19.196103 | M29: 4.9 | N29: 0 | O29: 0 | Q29: =1.51*1.02 -> 1.5402 | R29: =2.49*1.04 -> 2.5896 | S29: 0 | T29: 96 | U29: 0 | V29: =M29-N29-Q29-R29-S29+T29+U29 -> 96.7702 | Y29: 0 | AB29: 23 | AC29: =AC28-AB29 -> 4339 | AD29: =N29+O29+Q29+R29+S29+V29+Y29+AB29 -> 123.9 | AE29: =IF(L29<0,L29*-1,0) -> 0 | AF29: =AD29+AE29 -> 123.9 | AG29: 0.06 | AH29: 41 | AI29: 20 | AJ29: =AJ28+(V29*1.9835) -> 5961.5247 | AK29: 0
A30: =A29+1 -> 19 | B30: 6902.74 | C30: 293799 | D30: =C30-C29 -> -151 | E30: =C30-152000 -> 141799 | F30: =D30/$D$2 -> -76.128056 | G30: 40 | H30: 0.1 | I30: =G30+H30 -> 40.1 | J30: =IF(L30>0,L30,0) -> 0 | K30: =I30+J30 -> 40.1 | L30: =F30-(I30-AD30) -> -35.328056 | M30: 4.9 | N30: 0 | O30: 0 | Q30: =1.51*1.02 -> 1.5402 | R30: =2.2*1.04 -> 2.288 | S30: 0 | T30: 53 | U30: 0 | V30: =M30-N30-Q30-R30-S30+T30+U30 -> 54.0718 | Y30: 0 | AB30: 23 | AC30: =AC29-AB30 -> 4316 | AD30: =N30+O30+Q30+R30+S30+V30+Y30+AB30 -> 80.9 | AE30: =IF(L30<0,L30*-1,0) -> 35.328056 | AF30: =AD30+AE30 -> 116.22806 | AG30: 0 | AH30: 44 | AI30: 27 | AJ30: =AJ29+(V30*1.9835) -> 6068.7762 | AK30: 0
A31: =A30+1 -> 20 | B31: 6902.74 | C31: 293799 | D31: =C31-C30 -> 0 | E31: =C31-152000 -> 141799 | F31: =D31/$D$2 -> 0 | G31: 45 | H31: 0.14 | I31: =G31+H31 -> 45.14 | J31: =IF(L31>0,L31,0) -> 8.8 | K31: =I31+J31 -> 53.94 | L31: =F31-(I31-AD31) -> 8.8 | M31: 4.9 | N31: 0 | O31: 0 | Q31: =1.51*1.02 -> 1.5402 | R31: =2.22*1.04 -> 2.3088 | S31: 0 | T31: 26.04 | U31: 0 | V31: =M31-N31-Q31-R31-S31+T31+U31 -> 27.091 | Y31: 0 | AB31: 23 | AC31: =AC30-AB31 -> 4293 | AD31: =N31+O31+Q31+R31+S31+V31+Y31+AB31 -> 53.94 | AE31: =IF(L31<0,L31*-1,0) -> 0 | AF31: =AD31+AE31 -> 53.94 | AG31: 0.11 | AH31: 41 | AI31: 25 | AJ31: =AJ30+(V31*1.9835) -> 6122.5112 | AK31: 0
A32: =A31+1 -> 21 | B32: 6902.73 | C32: 293761 | D32: =C32-C31 -> -38 | E32: =C32-152000 -> 141761 | F32: =D32/$D$2 -> -19.158054 | G32: 43 | H32: 0.17 | I32: =G32+H32 -> 43.17 | J32: =IF(L32>0,L32,0) -> 0 | K32: =I32+J32 -> 43.17 | L32: =F32-(I32-AD32) -> -9.3280539 | M32: 5 | N32: 0 | O32: 0 | Q32: =1.51*1.02 -> 1.5402 | R32: =3.39*1.04 -> 3.5256 | S32: 0 | T32: 25 | U32: 0 | V32: =M32-N32-Q32-R32-S32+T32+U32 -> 24.9342 | Y32: 0 | AB32: 23 | AC32: =AC31-AB32 -> 4270 | AD32: =N32+O32+Q32+R32+S32+V32+Y32+AB32 -> 53 | AE32: =IF(L32<0,L32*-1,0) -> 9.3280539 | AF32: =AD32+AE32 -> 62.328054 | AG32: 0 | AH32: 54 | AI32: 26 | AJ32: =AJ31+(V32*1.9835) -> 6171.9681 | AK32: 0
A33: =A32+1 -> 22 | B33: 6902.72 | C33: 293724 | D33: =C33-C32 -> -37 | E33: =C33-152000 -> 141724 | F33: =D33/$D$2 -> -18.653895 | G33: 42 | H33: 0.27 | I33: =G33+H33 -> 42.27 | J33: =IF(L33>0,L33,0) -> 0 | K33: =I33+J33 -> 42.27 | L33: =F33-(I33-AD33) -> -7.7238946 | M33: 5.2 | N33: 0 | O33: 0 | Q33: =1.51*1.02 -> 1.5402 | R33: =2.6*1.04 -> 2.704 | S33: 0 | T33: 25 | U33: 0 | V33: =M33-N33-O33-Q33-R33-S33+T33+U33 -> 25.9558 | Y33: 0 | AB33: 23 | AC33: =AC32-AB33 -> 4247 | AD33: =N33+O33+Q33+R33+S33+V33+Y33+AB33 -> 53.2 | AE33: =IF(L33<0,L33*-1,0) -> 7.7238946 | AF33: =AD33+AE33 -> 60.923895 | AG33: 0 | AH33: 56 | AI33: 29 | AJ33: =AJ32+(V33*1.9835) -> 6223.4515 | AK33: 0
A34: =A33+1 -> 23 | B34: 6902.71 | C34: 293686 | D34: =C34-C33 -> -38 | E34: =C34-152000 -> 141686 | F34: =D34/$D$2 -> -19.158054 | G34: 43 | H34: 0.44 | I34: =G34+H34 -> 43.44 | J34: =IF(L34>0,L34,0) -> 0 | K34: =I34+J34 -> 43.44 | L34: =F34-(I34-AD34) -> -9.5980539 | M34: 5 | N34: 0 | O34: 0 | Q34: =1.51*1.02 -> 1.5402 | R34: =3.38*1.04 -> 3.5152 | S34: 0 | T34: 25 | U34: 0 | V34: =M34-N34-O34-Q34-R34-S34+T34+U34 -> 24.9446 | Y34: 0 | AB34: 23 | AC34: =AC33-AB34 -> 4224 | AD34: =N34+O34+Q34+R34+S34+V34+Y34+AB34 -> 53 | AE34: =IF(L34<0,L34*-1,0) -> 9.5980539 | AF34: =AD34+AE34 -> 62.598054 | AG34: 0 | AH34: 53 | AI34: 30 | AJ34: =AJ33+(V34*1.9835) -> 6272.9291 | AK34: 0
A35: =A34+1 -> 24 | B35: 6902.7 | C35: 293649 | D35: =C35-C34 -> -37 | E35: =C35-152000 -> 141649 | F35: =D35/$D$2 -> -18.653895 | G35: 41 | H35: 0.65 | I35: =G35+H35 -> 41.65 | J35: =IF(L35>0,L35,0) -> 0 | K35: =I35+J35 -> 41.65 | L35: =F35-(I35-AD35) -> -7.4038946 | M35: 4.9 | N35: 0 | O35: 0 | Q35: =1.51*1.02 -> 1.5402 | R35: =2.74*1.04 -> 2.8496 | S35: 0 | T35: 25 | U35: 0 | V35: =M35-N35-O35-Q35-R35-S35+T35+U35 -> 25.5102 | Y35: 0 | AB35: 23 | AC35: =AC34-AB35 -> 4201 | AD35: =N35+O35+Q35+R35+S35+V35+Y35+AB35 -> 52.9 | AE35: =IF(L35<0,L35*-1,0) -> 7.4038946 | AF35: =AD35+AE35 -> 60.303895 | AG35: 0 | AH35: 53 | AI35: 30 | AJ35: =AJ34+(V35*1.9835) -> 6323.5286 | AK35: 0
A36: =A35+1 -> 25 | B36: 6902.69 | C36: 293611 | D36: =C36-C35 -> -38 | E36: =C36-152000 -> 141611 | F36: =D36/$D$2 -> -19.158054 | G36: 40 | H36: 1 | I36: =G36+H36 -> 41 | J36: =IF(L36>0,L36,0) -> 0 | K36: =I36+J36 -> 41 | L36: =F36-(I36-AD36) -> -7.0580539 | M36: 5.1 | N36: 0 | O36: 0 | Q36: =1.51*1.02 -> 1.5402 | R36: =2.55*1.04 -> 2.652 | S36: 0 | T36: 25 | U36: 0 | V36: =M36-N36-O36-Q36-R36-S36+T36+U36 -> 25.9078 | Y36: 0 | AB36: 23 | AC36: =AC35-AB36 -> 4178 | AD36: =N36+O36+Q36+R36+S36+V36+Y36+AB36 -> 53.1 | AE36: =IF(L36<0,L36*-1,0) -> 7.0580539 | AF36: =AD36+AE36 -> 60.158054 | AG36: 0 | AH36: 54 | AI36: 27 | AJ36: =AJ35+(V36*1.9835) -> 6374.9167 | AK36: 0
A37: =A36+1 -> 26 | B37: 6902.68 | C37: 293573 | D37: =C37-C36 -> -38 | E37: =C37-152000 -> 141573 | F37: =D37/$D$2 -> -19.158054 | G37: 39 | H37: 1.8 | I37: =G37+H37 -> 40.8 | J37: =IF(L37>0,L37,0) -> 0 | K37: =I37+J37 -> 40.8 | L37: =F37-(I37-AD37) -> -7.7580539 | M37: 5.2 | N37: 0 | O37: 0 | Q37: =1.51*1.02 -> 1.5402 | R37: =2.13*1.04 -> 2.2152 | S37: 0 | T37: 25 | U37: 0 | V37: =M37-N37-O37-Q37-R37-S37+T37+U37 -> 26.4446 | Y37: 0 | AB37: 22 | AC37: =AC36-AB37 -> 4156 | AD37: =N37+O37+Q37+R37+S37+V37+Y37+AB37 -> 52.2 | AE37: =IF(L37<0,L37*-1,0) -> 7.7580539 | AF37: =AD37+AE37 -> 59.958054 | AG37: 0.01 | AH37: 54 | AI37: 26 | AJ37: =AJ36+(V37*1.9835) -> 6427.3696 | AK37: 0
A38: =A37+1 -> 27 | B38: 6902.67 | C38: 293536 | D38: =C38-C37 -> -37 | E38: =C38-152000 -> 141536 | F38: =D38/$D$2 -> -18.653895 | G38: 39 | H38: 2.1 | I38: =G38+H38 -> 41.1 | J38: =IF(L38>0,L38,0) -> 0 | K38: =I38+J38 -> 41.1 | L38: =F38-(I38-AD38) -> -7.5538946 | M38: 5.2 | N38: 0 | O38: 0 | Q38: =1.51*1.02 -> 1.5402 | R38: =2.34*1.04 -> 2.4336 | S38: 0 | T38: 25 | U38: 0 | V38: =M38-N38-O38-Q38-R38-S38+T38+U38 -> 26.2262 | Y38: 0 | AB38: 22 | AC38: =AC37-AB38 -> 4134 | AD38: =N38+O38+Q38+R38+S38+V38+Y38+AB38 -> 52.2 | AE38: =IF(L38<0,L38*-1,0) -> 7.5538946 | AF38: =AD38+AE38 -> 59.753895 | AG38: 0 | AH38: 44 | AI38: 24 | AJ38: =AJ37+(V38*1.9835) -> 6479.3892 | AK38: 0
A39: =A38+1 -> 28 | B39: 6902.66 | C39: 293498 | D39: =C39-C38 -> -38 | E39: =C39-152000 -> 141498 | F39: =D39/$D$2 -> -19.158054 | G39: 39 | H39: 2.1 | I39: =G39+H39 -> 41.1 | J39: =IF(L39>0,L39,0) -> 0 | K39: =I39+J39 -> 41.1 | L39: =F39-(I39-AD39) -> -8.1580539 | M39: 5.1 | N39: 0 | O39: 0 | Q39: =1.51*1.02 -> 1.5402 | R39: =2.27*1.04 -> 2.3608 | S39: 0 | T39: 25 | U39: 0 | V39: =M39-N39-O39-Q39-R39-S39+T39+U39 -> 26.199 | Y39: 0 | AB39: 22 | AC39: =AC38-AB39 -> 4112 | AD39: =N39+O39+Q39+R39+S39+V39+Y39+AB39 -> 52.1 | AE39: =IF(L39<0,L39*-1,0) -> 8.1580539 | AF39: =AD39+AE39 -> 60.258054 | AG39: 0.01 | AH39: 51 | AI39: 25 | AJ39: =AJ38+(V39*1.9835) -> 6531.3549 | AK39: 0
A40: =A39+1 -> 29 | B40: 6902.65 | C40: 293460 | D40: =C40-C39 -> -38 | E40: =C40-152000 -> 141460 | F40: =D40/$D$2 -> -19.158054 | G40: 42 | H40: 2 | I40: =G40+H40 -> 44 | J40: =IF(L40>0,L40,0) -> 0 | K40: =I40+J40 -> 44 | L40: =F40-(I40-AD40) -> -11.458054 | M40: 4.7 | N40: 0 | O40: 0 | Q40: =1.51*1.02 -> 1.5402 | R40: =2.29*1.04 -> 2.3816 | S40: 0 | T40: 25 | U40: 0 | V40: =M40-N40-O40-Q40-R40-S40+T40+U40 -> 25.7782 | Y40: 0 | AB40: 22 | AC40: =AC39-AB40 -> 4090 | AD40: =N40+O40+Q40+R40+S40+V40+Y40+AB40 -> 51.7 | AE40: =IF(L40<0,L40*-1,0) -> 11.458054 | AF40: =AD40+AE40 -> 63.158054 | AG40: 0 | AH40: 43 | AI40: 23 | AJ40: =AJ39+(V40*1.9835) -> 6582.486 | AK40: 0
A41: 30 | B41: 6902.64 | C41: 293423 | D41: =C41-C40 -> -37 | E41: =C41-152000 -> 141423 | F41: =D41/$D$2 -> -18.653895 | G41: 42 | H41: 1.9 | I41: =G41+H41 -> 43.9 | J41: =IF(L41>0,L41,0) -> 0 | K41: =I41+J41 -> 43.9 | L41: =F41-(I41-AD41) -> -10.953895 | M41: 4.6 | N41: 0 | O41: 0 | Q41: =1.51*1.02 -> 1.5402 | R41: =2.18*1.04 -> 2.2672 | S41: 0 | T41: 25 | U41: 0 | V41: =M41-N41-O41-Q41-R41-S41+T41+U41 -> 25.7926 | Y41: 0 | AB41: 22 | AC41: =AC40-AB41 -> 4068 | AD41: =N41+O41+Q41+R41+S41+V41+Y41+AB41 -> 51.6 | AE41: =IF(L41<0,L41*-1,0) -> 10.953895 | AF41: =AD41+AE41 -> 62.553895 | AG41: 0 | AH41: 44 | AI41: 18 | AJ41: =AJ40+(V41*1.9835) -> 6633.6456 | AK41: 0
A42: 31 | B42: 6902.64 | C42: 293423 | D42: =C42-C41 -> 0 | E42: =C42-152000 -> 141423 | F42: =D42/$D$2 -> 0 | G42: 42 | H42: 1.9 | I42: =G42+H42 -> 43.9 | J42: =IF(L42>0,L42,0) -> 8 | K42: =I42+J42 -> 51.9 | L42: =F42-(I42-AD42) -> 8 | M42: 4.9 | N42: 0 | O42: 0 | Q42: =1.51*1.02 -> 1.5402 | R42: =3.2*1.04 -> 3.328 | S42: 0 | T42: 25 | U42: 0 | V42: =M42-N42-O42-Q42-R42-S42+T42+U42 -> 25.0318 | Y42: 0 | AB42: 22 | AC42: =AC41-AB42 -> 4046 | AD42: =N42+O42+Q42+R42+S42+V42+Y42+AB42 -> 51.9 | AE42: =IF(L42<0,L42*-1,0) -> 0 | AF42: =AD42+AE42 -> 51.9 | AG42: 0.06 | AH42: 49 | AI42: 30 | AJ42: =AJ41+(V42*1.9835) -> 6683.2962 | AK42: 0
V43: =M43-N43-O43-Q43-R43-S43+T43+U43 -> 0 | AD43: =N43+O43+Q43+R43+S43+V43+Y43+AB43 -> 0
A44: MONTH / CFS | F44: =SUM(F12:F42) -> -1696.4961 | G44: =SUM(G12:G42) -> 1276 | H44: =SUM(H12:H42) -> 22.65 | I44: =SUM(I12:I42) -> 1298.65 | J44: =SUM(J12:J42) -> 57.616095 | K44: =SUM(K12:K42) -> 1356.2661 | L44: =SUM(L12:L42) -> -352.01609 | M44: =SUM(M12:M43) -> 153.1 | N44: =SUM(N12:N42) -> 0 | O44: =SUM(O12:O42) -> 0 | Q44: =SUM(Q12:Q42) -> 47.7462 | R44: =SUM(R12:R42) -> 77.48 | S44: =SUM(S12:S42) -> 0 | T44: =SUM(T12:T42) -> 1778.03 | U44: =SUM(U12:U42) -> 0 | V44: =SUM(V12:V43) -> 1805.9038 | AB44: =SUM(AB12:AB43) -> 712 | AD44: =SUM(AD12:AD43) -> 2643.13 | AE44: =SUM(AE12:AE42) -> 409.63219 | AF44: =SUM(AF12:AF42) -> 3052.7622 | AG44: =SUM(AG12:AG42) -> 0.39 | AH44: =AVERAGE(AH12:AH42) -> 42.193548 | AI44: =AVERAGE(AI12:AI42) -> 18.709677 | AJ44: Avg | AK44: =SUM(AK12:AK42) -> 0
A45: MONTH / AF | D45: =SUM(D12:D42) -> -3365 | F45: =F44*$D$2 -> -3365 | G45: =G44*$D$2 -> 2530.946 | H45: =H44*$D$2 -> 44.926275 | I45: =I44*$D$2 -> 2575.8723 | J45: =J44*$D$2 -> 114.28153 | K45: =K44*$D$2 -> 2690.1538 | L45: =L44*$D$2 -> -698.22392 | M45: =M44*$D$2 -> 303.67385 | ... O45: =O44*$D$2 -> 0 | Q45: =Q44*$D$2 -> 94.704588 | R45: =R44*$D$2 -> 153.68158 | S45: =S44*$D$2 -> 0 | T45: =T44*$D$2 -> 3526.7225 | U45: =U44*$D$2 -> 0 | V45: =V44*$D$2 -> 3582.0102 | AB45: =AB44*$D$2 -> 1412.252 | AD45: =AD44*$D$2 -> 5242.6484 | AE45: =AE44*$D$2 -> 812.50545 | AF45: =AF44*$D$2 -> 6055.1538 | AH45: =MAX(AH12:AH42) -> 56 | AI45: =MAX(AI12:AI42) -> 30 | AJ45: HI | AK45: =AK44*$D$2 -> 0
A47: SEASON / CFS | AH47: =MIN(AH12:AH42) -> 25 | AI47: =MIN(AI12:AI42) -> 0 | AJ47: LO
A48: SEASON / AF
A50: YTD / CFS | F50: =F10+F44 -> -3000.2521 | G50: =G10+G44 -> 3451 | H50: =H10+H44 -> 66.993 | I50: =I10+I44 -> 3517.993 | J50: =J10+J44 -> 101.01502 | K50: =K10+K44 -> 3619.008 | L50: =L10+L44 -> -843.53508 | M50: =M10+M44 -> 557.3 | N50: =N10+N44 -> 0 | O50: 0 | Q50: =Q10+Q44 -> 89.9742 | R50: =R10+R44 -> 146.8064 | S50: =S10+S44 -> 0 | T50: =T10+T44 -> 3519.94 | U50: =U10+U44 -> 151.47 | V50: =V10+V44 -> 3991.9294 | AB50: =AB10+AB44 -> 1446 | AC50: =AC42 -> 4046 | AD50: =AD10+AD44 -> 5674.71 | AE50: =AE10+AE44 -> 944.5501 | AF50: =AF10+AF44 -> 6619.2601 | AG50: =AG10+AG44 -> 0.4 | AK50: =AK10+AK44 -> 622.4836
A51: YTD / AF | D51: =D10+D45 -> -5951 | E51: =E42 -> 141423 | F51: =F50*$D$2 -> -5951 | G51: =G50*$D$2 -> 6845.0585 | H51: =H50*$D$2 -> 132.88062 | I51: =I50*$D$2 -> 6977.9391 | J51: =J50*$D$2 -> 200.3633 | K51: =K50*$D$2 -> 7178.3024 | L51: =L50*$D$2 -> -1673.1518 | M51: =M50*$D$2 -> 1105.4045 | ... O51: =O50*$D$2 -> 0 | Q51: =Q50*$D$2 -> 178.46383 | R51: =R50*$D$2 -> 291.19049 | S51: =S50*$D$2 -> 0 | T51: =T50*$D$2 -> 6981.801 | U51: =U50*$D$2 -> 300.44074 | V51: =V50*$D$2 -> 7917.992 | AB51: =AB50*$D$2 -> 2868.141 | AC51: =AC50*$D$2 -> 8025.241 | AD51: =AD50*$D$2 -> 11255.787 | AE51: =AE50*$D$2 -> 1873.5151 | AF51: =AF50*$D$2 -> 13129.302 | AJ51: =AJ42 -> 6683.2962 | AK51: =AK50*$D$2 -> 1234.6962

Sheet JAN
K1: MCPHEE RESERVOIR INFLOW/OUTFLOW TABULATION
A2: AF/cfs CONVERT FACTOR | D2: 1.9835 | K2: JANUARY "2006"
D4: RESERVOIR | T4: INFLOW/OUTFLOW (CFS) | AH4: WEATHER | AL4: ADJUSTMENTS
A5: DATE | B5: RESERV | C5: RESERV | D5: AC FT | E5: ACTIVE | F5: CONV TO | G5: DOLORES | H5: LOST | I5: RECORD | J5: CALC | K5: TOTAL | L5: CALC | M5: DOLORES TUNNEL | T5: LONE | U5: U | V5: TOTAL | W5: MVI | X5: MVI | Y5: DV CR | Z5: D/S SENIOR | AB5: BELOW | AC5: FISH | AD5: RECORD | AE5: CALC | AF5: TOTAL | AG5: RAIN | AH5: MAX | AI5: MIN | AJ5: NAR | AK5: MVI | AL5: MVI | AM5: MVI | AN5: U/S | AO5: TOTTEN
A6: JAN | B6: ELEV | C6: AC FT | D6: CHANGE | E6: CAP | F6: CFS | G6: RIVER | H6: CAN | I6: INFLOW | J6: INFLOW | K6: INFLOW | L6: INF/OTF | M6: TOT DIV | N6: WET | O6: UTE | P6: QUEST | Q6: MWC | R6: CTZ | S6: CTZ & | T6: PINE | U6: LAT | V6: MVI | W6: CALL | X6: PROJ & | Y6: CANAL | AB6: MCP | AC6: LEFT | AD6: OTF | AE6: OTF | AF6: OTF | AH6: TMP | AI6: TMP | AJ6: CALL | AK6: STOCK | AL6: STORED | AM6: STORED | AN6: USERS | AO6: (FRESH
E7: AC FT | N7: LAND | O7: F&R | S7: UTE | X7: TO EX & | AJ7: AC.FT. | AK7: AC.FT. | AL7: Apr-Jun | AM7: EVAP | AN7: EXCH | AO7: WATER)
N8: 1.03 | O8: 1.05 | P8: 1.02 | Q8: 1.02 | R8: 1.04 | S8: PROJ | X8: U/S EX | AM8: AC.FT.
A9: SEASON BAL
A10: YTD | B10: =DEC!B42 -> 6902.64 | C10: =DEC!C42 -> 293423 | D10: =DEC!D51 -> -5951 | E10: =DEC!E51 -> 141423 | F10: =DEC!F50 -> -3000.2521 | G10: =DEC!G50 -> 3451 | H10: =DEC!H50 -> 66.993 | I10: =DEC!I50 -> 3517.993 | J10: =DEC!J50 -> 101.01502 | K10: =DEC!K50 -> 3619.008 | L10: =DEC!L50 -> -843.53508 | M10: =DEC!M50 -> 557.3 | ... O10: =DEC!O50 -> 0 | Q10: =DEC!Q50 -> 89.9742 | R10: =DEC!R50 -> 146.8064 | S10: =DEC!S50 -> 0 | T10: =DEC!T50 -> 3519.94 | U10: =DEC!U50 -> 151.47 | V10: =DEC!V50 -> 3991.9294 | AB10: =DEC!AB50 -> 1446 | AC10: =DEC!AC50 -> 4046 | AD10: =DEC!AD50 -> 5674.71 | AE10: =DEC!AE50 -> 944.5501 | AF10: =DEC!AF50 -> 6619.2601 | AG10: =DEC!AG50 -> 0.4 | AJ10: =DEC!AJ51 -> 6683.2962
A12: 1 | B12: 6902.64 | C12: 293423 | D12: =C12-C10 -> 0 | E12: =C12-152000 -> 141423 | F12: =D12/$D$2 -> 0 | G12: 44 | H12: 2 | I12: =G12+H12 -> 46 | J12: =IF(L12>0,L12,0) -> 5.7 | K12: =I12+J12 -> 51.7 | L12: =F12-(I12-AD12) -> 5.7 | M12: 4.7 | N12: 0 | O12: 0 | Q12: =1.4*1.02 -> 1.428 | R12: =3.08*1.04 -> 3.2032 | S12: 0 | T12: 25 | U12: 0 | V12: =M12-N12-O12-Q12-R12-S12+T12+U12 -> 25.0688 | Y12: 0 | AB12: 22 | AC12: =AC10-AB12 -> 4024 | AD12: =N12+O12+Q12+R12+S12+V12+Y12+AB12 -> 51.7 | AE12: =IF(L12<0,L12*-1,0) -> 0 | AF12: =AD12+AE12 -> 51.7 | AG12: 0.11 | AH12: 41 | AI12: 25 | AJ12: =AJ10+(V12*1.9835) -> 6733.0202 | AK12: 0
A13: =A12+1 -> 2 | B13: 6902.63 | C13: 293385 | D13: =C13-C12 -> -38 | E13: =C13-152000 -> 141385 | F13: =D13/$D$2 -> -19.158054 | G13: 42 | H13: 2 | I13: =G13+H13 -> 44 | J13: =IF(L13>0,L13,0) -> 0 | K13: =I13+J13 -> 44 | L13: =F13-(I13-AD13) -> -11.558054 | M13: 4.6 | N13: 0 | O13: 0 | Q13: =1.4*1.02 -> 1.428 | R13: =2.55*1.04 -> 2.652 | S13: 0 | T13: 25 | U13: 0 | V13: =M13-N13-O13-Q13-R13-S13+T13+U13 -> 25.52 | Y13: 0 | AB13: 22 | AC13: =AC12-AB13 -> 4002 | AD13: =N13+O13+Q13+R13+S13+V13+Y13+AB13 -> 51.6 | AE13: =IF(L13<0,L13*-1,0) -> 11.558054 | AF13: =AD13+AE13 -> 63.158054 | AG13: 0 | AH13: 49 | AI13: 26 | AJ13: =AJ12+(V13*1.9835) -> 6783.6391 | AK13: 0
A14: =A13+1 -> 3 | B14: 6902.63 | C14: 293385 | D14: =C14-C13 -> 0 | E14: =C14-152000 -> 141385 | F14: =D14/$D$2 -> 0 | G14: 40 | H14: 2 | I14: =G14+H14 -> 42 | J14: =IF(L14>0,L14,0) -> 9.6 | K14: =I14+J14 -> 51.6 | L14: =F14-(I14-AD14) -> 9.6 | M14: 4.6 | N14: 0 | O14: 0 | Q14: =1.4*1.02 -> 1.428 | R14: =2.22*1.04 -> 2.3088 | S14: 0 | T14: 25 | U14: 0 | V14: =M14-N14-O14-Q14-R14-S14+T14+U14 -> 25.8632 | Y14: 0 | AB14: 22 | AC14: =AC13-AB14 -> 3980 | AD14: =N14+O14+Q14+R14+S14+V14+Y14+AB14 -> 51.6 | AE14: =IF(L14<0,L14*-1,0) -> 0 | AF14: =AD14+AE14 -> 51.6 | AG14: 0.01 | AH14: 45 | AI14: 27 | AJ14: =AJ13+(V14*1.9835) -> 6834.9387 | AK14: 0
A15: =A14+1 -> 4 | B15: 6902.63 | C15: 293385 | D15: =C15-C14 -> 0 | E15: =C15-152000 -> 141385 | F15: =D15/$D$2 -> 0 | G15: 40 | H15: 1.9 | I15: =G15+H15 -> 41.9 | J15: =IF(L15>0,L15,0) -> 9.7 | K15: =I15+J15 -> 51.6 | L15: =F15-(I15-AD15) -> 9.7 | M15: 4.6 | N15: 0 | O15: 0 | Q15: =1.4*1.02 -> 1.428 | R15: =2.28*1.04 -> 2.3712 | S15: 0 | T15: 25 | U15: 0 | V15: =M15-N15-O15-Q15-R15-S15+T15+U15 -> 25.8008 | Y15: 0 | AB15: 22 | AC15: =AC14-AB15 -> 3958 | AD15: =N15+O15+Q15+R15+S15+V15+Y15+AB15 -> 51.6 | AE15: =IF(L15<0,L15*-1,0) -> 0 | AF15: =AD15+AE15 -> 51.6 | AG15: 0 | AH15: 45 | AI15: 26 | AJ15: =AJ14+(V15*1.9835) -> 6886.1146 | AK15: 0
A16: =A15+1 -> 5 | B16: 6902.64 | C16: 293423 | D16: =C16-C15 -> 38 | E16: =C16-152000 -> 141423 | F16: =D16/$D$2 -> 19.158054 | G16: 38 | H16: 1.8 | I16: =G16+H16 -> 39.8 | J16: =IF(L16>0,L16,0) -> 31.058054 | K16: =I16+J16 -> 70.858054 | L16: =F16-(I16-AD16) -> 31.058054 | M16: 4.7 | N16: 0 | O16: 0 | Q16: =1.4*1.02 -> 1.428 | R16: =2.2*1.04 -> 2.288 | S16: 0 | T16: 25 | U16: 0 | V16: =M16-N16-O16-Q16-R16-S16+T16+U16 -> 25.984 | Y16: 0 | AB16: 22 | AC16: =AC15-AB16 -> 3936 | AD16: =N16+O16+Q16+R16+S16+V16+Y16+AB16 -> 51.7 | AE16: =IF(L16<0,L16*-1,0) -> 0 | AF16: =AD16+AE16 -> 51.7 | AG16: 0 | AH16: 50 | AI16: 31 | AJ16: =AJ15+(V16*1.9835) -> 6937.6539 | AK16: 0
A17: =A16+1 -> 6 | B17: 6902.64 | C17: 293423 | D17: =C17-C16 -> 0 | E17: =C17-152000 -> 141423 | F17: =D17/$D$2 -> 0 | G17: 37 | H17: 1.7 | I17: =G17+H17 -> 38.7 | J17: =IF(L17>0,L17,0) -> 13.2 | K17: =I17+J17 -> 51.9 | L17: =F17-(I17-AD17) -> 13.2 | M17: 4.9 | N17: 0 | O17: 0 | Q17: =1.4*1.02 -> 1.428 | R17: =2.67*1.04 -> 2.7768 | S17: 0 | T17: 25 | U17: 0 | V17: =M17-N17-O17-Q17-R17-S17+T17+U17 -> 25.6952 | Y17: 0 | AB17: 22 | AC17: =AC16-AB17 -> 3914 | AD17: =N17+O17+Q17+R17+S17+V17+Y17+AB17 -> 51.9 | AE17: =IF(L17<0,L17*-1,0) -> 0 | AF17: =AD17+AE17 -> 51.9 | AG17: 0 | AH17: 54 | AI17: 26 | AJ17: =AJ16+(V17*1.9835) -> 6988.6203 | AK17: 0
A18: =A17+1 -> 7 | B18: 6902.65 | C18: 293460 | D18: =C18-C17 -> 37 | E18: =C18-152000 -> 141460 | F18: =D18/$D$2 -> 18.653895 | G18: 38 | H18: 1.8 | I18: =G18+H18 -> 39.8 | J18: =IF(L18>0,L18,0) -> 30.753895 | K18: =I18+J18 -> 70.553895 | L18: =F18-(I18-AD18) -> 30.753895 | M18: 4.9 | N18: 0 | O18: 0 | Q18: =1.4*1.02 -> 1.428 | R18: =2.29*1.04 -> 2.3816 | S18: 0 | T18: 25 | U18: 0 | V18: =M18-N18-O18-Q18-R18-S18+T18+U18 -> 26.0904 | Y18: 0 | AB18: 22 | AC18: =AC17-AB18 -> 3892 | AD18: =N18+O18+Q18+R18+S18+V18+Y18+AB18 -> 51.9 | AE18: =IF(L18<0,L18*-1,0) -> 0 | AF18: =AD18+AE18 -> 51.9 | AG18: 0 | AH18: 54 | AI18: 27 | AJ18: =AJ17+(V18*1.9835) -> 7040.3706 | AK18: 0
A19: =A18+1 -> 8 | B19: 6902.64 | C19: 293423 | D19: =C19-C18 -> -37 | E19: =C19-152000 -> 141423 | F19: =D19/$D$2 -> -18.653895 | G19: 38 | H19: 1.7 | I19: =G19+H19 -> 39.7 | J19: =IF(L19>0,L19,0) -> 0 | K19: =I19+J19 -> 39.7 | L19: =F19-(I19-AD19) -> -6.7538946 | M19: 4.6 | N19: 0 | O19: 0 | Q19: =1.4*1.02 -> 1.428 | R19: =2.11*1.04 -> 2.1944 | S19: 0 | T19: 25 | U19: 0 | V19: =M19-N19-O19-Q19-R19-S19+T19+U19 -> 25.9776 | Y19: 0 | AB19: 22 | AC19: =AC18-AB19 -> 3870 | AD19: =N19+O19+Q19+R19+S19+V19+Y19+AB19 -> 51.6 | AE19: =IF(L19<0,L19*-1,0) -> 6.7538946 | AF19: =AD19+AE19 -> 58.353895 | AG19: 0 | AH19: 45 | AI19: 21 | AJ19: =AJ18+(V19*1.9835) -> 7091.8972 | AK19: 0
A20: =A19+1 -> 9 | B20: 6902.63 | C20: 293385 | D20: =C20-C19 -> -38 | E20: =C20-152000 -> 141385 | F20: =D20/$D$2 -> -19.158054 | G20: 38 | H20: 1.6 | I20: =G20+H20 -> 39.6 | J20: =IF(L20>0,L20,0) -> 0 | K20: =I20+J20 -> 39.6 | L20: =F20-(I20-AD20) -> -7.0580539 | M20: 4.7 | N20: 0 | O20: 0 | Q20: =1.4*1.02 -> 1.428 | R20: =2.27*1.04 -> 2.3608 | S20: 0 | T20: 25 | U20: 0 | V20: =M20-N20-O20-Q20-R20-S20+T20+U20 -> 25.9112 | Y20: 0 | AB20: 22 | AC20: =AC19-AB20 -> 3848 | AD20: =N20+O20+Q20+R20+S20+V20+Y20+AB20 -> 51.7 | AE20: =IF(L20<0,L20*-1,0) -> 7.0580539 | AF20: =AD20+AE20 -> 58.758054 | AG20: 0 | AH20: 40 | AI20: 18 | AJ20: =AJ19+(V20*1.9835) -> 7143.2921 | AK20: 0
A21: =A20+1 -> 10 | B21: 6903.63 | C21: 293385 | D21: =C21-C20 -> 0 | E21: =C21-152000 -> 141385 | F21: =D21/$D$2 -> 0 | G21: 30 | H21: 1.6 | I21: =G21+H21 -> 31.6 | J21: =IF(L21>0,L21,0) -> 20.2 | K21: =I21+J21 -> 51.8 | L21: =F21-(I21-AD21) -> 20.2 | M21: 4.8 | N21: 0 | O21: 0 | Q21: =1.4*1.02 -> 1.428 | R21: =2.15*1.04 -> 2.236 | S21: 0 | T21: 25 | U21: 0 | V21: =M21-N21-O21-Q21-R21-S21+T21+U21 -> 26.136 | Y21: 0 | AB21: 22 | AC21: =AC20-AB21 -> 3826 | AD21: =N21+O21+Q21+R21+S21+V21+Y21+AB21 -> 51.8 | AE21: =IF(L21<0,L21*-1,0) -> 0 | AF21: =AD21+AE21 -> 51.8 | AG21: 0 | AH21: 46 | AI21: 15 | AJ21: =AJ20+(V21*1.9835) -> 7195.1328 | AK21: 0
A22: =A21+1 -> 11 | B22: 6902.62 | C22: 293347 | D22: =C22-C21 -> -38 | E22: =C22-152000 -> 141347 | F22: =D22/$D$2 -> -19.158054 | G22: 28 | H22: 1.5 | I22: =G22+H22 -> 29.5 | J22: =IF(L22>0,L22,0) -> 2.9419461 | K22: =I22+J22 -> 32.441946 | L22: =F22-(I22-AD22) -> 2.9419461 | M22: 4.6 | N22: 0 | O22: 0 | Q22: =1.4*1.02 -> 1.428 | R22: =2.24*1.04 -> 2.3296 | S22: 0 | T22: 25 | U22: 0 | V22: =M22-N22-O22-Q22-R22-S22+T22+U22 -> 25.8424 | Y22: 0 | AB22: 22 | AC22: =AC21-AB22 -> 3804 | AD22: =N22+O22+Q22+R22+S22+V22+Y22+AB22 -> 51.6 | AE22: =IF(L22<0,L22*-1,0) -> 0 | AF22: =AD22+AE22 -> 51.6 | AG22: 0 | AH22: 49 | AI22: 21 | AJ22: =AJ21+(V22*1.9835) -> 7246.3912 | AK22: 0
A23: =A22+1 -> 12 | B23: 6902.61 | C23: 293310 | D23: =C23-C22 -> -37 | E23: =C23-152000 -> 141310 | F23: =D23/$D$2 -> -18.653895 | G23: 34 | H23: 1.4 | I23: =G23+H23 -> 35.4 | J23: =IF(L23>0,L23,0) -> 0 | K23: =I23+J23 -> 35.4 | L23: =F23-(I23-AD23) -> -2.4538946 | M23: 4.6 | N23: 0 | O23: 0 | Q23: =1.4*1.02 -> 1.428 | R23: =2.53*1.04 -> 2.6312 | S23: 0 | T23: 25 | U23: 0 | V23: =M23-N23-O23-Q23-R23-S23+T23+U23 -> 25.5408 | Y23: 0 | AB23: 22 | AC23: =AC22-AB23 -> 3782 | AD23: =N23+O23+Q23+R23+S23+V23+Y23+AB23 -> 51.6 | AE23: =IF(L23<0,L23*-1,0) -> 2.4538946 | AF23: =AD23+AE23 -> 54.053895 | AG23: 0 | AH23: 39 | AI23: 23 | AJ23: =AJ22+(V23*1.9835) -> 7297.0514 | AK23: 0
A24: 13 | B24: 6902.6 | C24: 293272 | D24: =C24-C23 -> -38 | E24: =C24-152000 -> 141272 | F24: =D24/$D$2 -> -19.158054 | G24: 34 | H24: 1.4 | I24: =G24+H24 -> 35.4 | J24: =IF(L24>0,L24,0) -> 0 | K24: =I24+J24 -> 35.4 | L24: =F24-(I24-AD24) -> -2.7580539 | M24: 4.8 | N24: 0 | O24: 0 | Q24: =1.4*1.02 -> 1.428 | R24: =2.33*1.04 -> 2.4232 | S24: 0 | T24: 25 | U24: 0 | V24: =M24-N24-O24-Q24-R24-S24+T24+U24 -> 25.9488 | Y24: 0 | AB24: 22 | AC24: =AC23-AB24 -> 3760 | AD24: =N24+O24+Q24+R24+S24+V24+Y24+AB24 -> 51.8 | AE24: =IF(L24<0,L24*-1,0) -> 2.7580539 | AF24: =AD24+AE24 -> 54.558054 | AG24: 0 | AH24: 46 | AI24: 17 | AJ24: =AJ23+(V24*1.9835) -> 7348.5208 | AK24: 0
A25: =A24+1 -> 14 | B25: 6902.59 | C25: 293235 | D25: =C25-C24 -> -37 | E25: =C25-152000 -> 141235 | F25: =D25/$D$2 -> -18.653895 | G25: 32 | H25: 1.6 | I25: =G25+H25 -> 33.6 | J25: =IF(L25>0,L25,0) -> 0 | K25: =I25+J25 -> 33.6 | L25: =F25-(I25-AD25) -> -0.55389463 | M25: 4.7 | N25: 0 | O25: 0 | Q25: =1.4*1.02 -> 1.428 | R25: =2.58*1.04 -> 2.6832 | S25: 0 | T25: 25 | U25: 0 | V25: =M25-N25-O25-Q25-R25-S25+T25+U25 -> 25.5888 | Y25: 0 | AB25: 22 | AC25: =AC24-AB25 -> 3738 | AD25: =N25+O25+Q25+R25+S25+V25+Y25+AB25 -> 51.7 | AE25: =IF(L25<0,L25*-1,0) -> 0.55389463 | AF25: =AD25+AE25 -> 52.253895 | AG25: 0 | AH25: 54 | AI25: 25 | AJ25: =AJ24+(V25*1.9835) -> 7399.2762 | AK25: 0
A26: =A25+1 -> 15 | B26: 6902.59 | C26: 293235 | D26: =C26-C25 -> 0 | E26: =C26-152000 -> 141235 | F26: =D26/$D$2 -> 0 | G26: 38 | H26: 1.6 | I26: =G26+H26 -> 39.6 | J26: =IF(L26>0,L26,0) -> 12 | K26: =I26+J26 -> 51.6 | L26: =F26-(I26-AD26) -> 12 | M26: 4.6 | N26: 0 | O26: 0 | Q26: =1.4*1.02 -> 1.428 | R26: =2.22*1.04 -> 2.3088 | S26: 0 | T26: 25 | U26: 0 | V26: =M26-N26-O26-Q26-R26-S26+T26+U26 -> 25.8632 | Y26: 0 | AB26: 22 | AC26: =AC25-AB26 -> 3716 | AD26: =N26+O26+Q26+R26+S26+V26+Y26+AB26 -> 51.6 | AE26: =IF(L26<0,L26*-1,0) -> 0 | AF26: =AD26+AE26 -> 51.6 | AG26: 0.01 | AH26: 43 | AI26: 21 | AJ26: =AJ25+(V26*1.9835) -> 7450.5759 | AK26: 0
A27: =A26+1 -> 16 | B27: 6902.58 | C27: 293197 | D27: =C27-C26 -> -38 | E27: =C27-152000 -> 141197 | F27: =D27/$D$2 -> -19.158054 | G27: 36 | H27: 1.6 | I27: =G27+H27 -> 37.6 | J27: =IF(L27>0,L27,0) -> 0 | K27: =I27+J27 -> 37.6 | L27: =F27-(I27-AD27) -> -5.1580539 | M27: 4.6 | N27: 0 | O27: 0 | Q27: =1.4*1.02 -> 1.428 | R27: =2.16*1.04 -> 2.2464 | S27: 0 | T27: 25 | U27: 0 | V27: =M27-N27-O27-Q27-R27-S27+T27+U27 -> 25.9256 | Y27: 0 | AB27: 22 | AC27: =AC26-AB27 -> 3694 | AD27: =N27+O27+Q27+R27+S27+V27+Y27+AB27 -> 51.6 | AE27: =IF(L27<0,L27*-1,0) -> 5.1580539 | AF27: =AD27+AE27 -> 56.758054 | AG27: 0 | AH27: 32 | AI27: 16 | AJ27: =AJ26+(V27*1.9835) -> 7501.9993 | AK27: 0
A28: =A27+1 -> 17 | B28: 6902.57 | C28: 293159 | D28: =C28-C27 -> -38 | E28: =C28-152000 -> 141159 | F28: =D28/$D$2 -> -19.158054 | G28: 32 | H28: 1.7 | I28: =G28+H28 -> 33.7 | J28: =IF(L28>0,L28,0) -> 0 | K28: =I28+J28 -> 33.7 | L28: =F28-(I28-AD28) -> -1.2580539 | M28: 4.6 | N28: 0 | O28: 0 | Q28: =1.4*1.02 -> 1.428 | R28: =2.54*1.04 -> 2.6416 | S28: 0 | T28: 25 | U28: 0 | V28: =M28-N28-O28-Q28-R28-S28+T28+U28 -> 25.5304 | Y28: 0 | AB28: 22 | AC28: =AC27-AB28 -> 3672 | AD28: =N28+O28+Q28+R28+S28+V28+Y28+AB28 -> 51.6 | AE28: =IF(L28<0,L28*-1,0) -> 1.2580539 | AF28: =AD28+AE28 -> 52.858054 | AG28: 0 | AH28: 43 | AI28: 14 | AJ28: =AJ27+(V28*1.9835) -> 7552.6389 | AK28: 0
A29: =A28+1 -> 18 | B29: 6902.57 | C29: 293159 | D29: =C29-C28 -> 0 | E29: =C29-152000 -> 141159 | F29: =D29/$D$2 -> 0 | G29: 32 | H29: 1.7 | I29: =G29+H29 -> 33.7 | J29: =IF(L29>0,L29,0) -> 17.9 | K29: =I29+J29 -> 51.6 | L29: =F29-(I29-AD29) -> 17.9 | M29: 4.6 | N29: 0 | O29: 0 | Q29: =1.4*1.02 -> 1.428 | R29: =2.41*1.04 -> 2.5064 | S29: 0 | T29: 25 | U29: 0 | V29: =M29-N29-O29-Q29-R29-S29+T29+U29 -> 25.6656 | Y29: 0 | AB29: 22 | AC29: =AC28-AB29 -> 3650 | AD29: =N29+O29+Q29+R29+S29+V29+Y29+AB29 -> 51.6 | AE29: =IF(L29<0,L29*-1,0) -> 0 | AF29: =AD29+AE29 -> 51.6 | AG29: 0 | AH29: 46 | AI29: 22 | AJ29: =AJ28+(V29*1.9835) -> 7603.5466 | AK29: 0
A30: =A29+1 -> 19 | B30: 6902.57 | C30: 293159 | D30: =C30-C29 -> 0 | E30: =C30-152000 -> 141159 | F30: =D30/$D$2 -> 0 | G30: 31 | H30: 1.8 | I30: =G30+H30 -> 32.8 | J30: =IF(L30>0,L30,0) -> 18.8 | K30: =I30+J30 -> 51.6 | L30: =F30-(I30-AD30) -> 18.8 | M30: 4.6 | N30: 0 | O30: 0 | Q30: =1.4*1.02 -> 1.428 | R30: =2.15*1.04 -> 2.236 | S30: 0 | T30: 25 | U30: 0 | V30: =M30-N30-O30-Q30-R30-S30+T30+U30 -> 25.936 | Y30: 0 | AB30: 22 | AC30: =AC29-AB30 -> 3628 | AD30: =N30+O30+Q30+R30+S30+V30+Y30+AB30 -> 51.6 | AE30: =IF(L30<0,L30*-1,0) -> 0 | AF30: =AD30+AE30 -> 51.6 | AG30: 0.07 | AH30: 37 | AI30: 20 | AJ30: =AJ29+(V30*1.9835) -> 7654.9906 | AK30: 0
A31: =A30+1 -> 20 | B31: 6902.58 | C31: 293197 | D31: =C31-C30 -> 38 | E31: =C31-152000 -> 141197 | F31: =D31/$D$2 -> 19.158054 | G31: 31 | H31: 1.9 | I31: =G31+H31 -> 32.9 | J31: =IF(L31>0,L31,0) -> 36.858054 | K31: =I31+J31 -> 69.758054 | L31: =F31-(I31-AD31) -> 36.858054 | M31: 4.6 | N31: 0 | O31: 0 | Q31: =1.4*1.02 -> 1.428 | R31: =2.5*1.04 -> 2.6 | S31: 0 | T31: 25 | U31: 0 | V31: =M31-N31-O31-Q31-R31-S31+T31+U31 -> 25.572 | Y31: 0 | AB31: 21 | AC31: =AC30-AB31 -> 3607 | AD31: =N31+O31+Q31+R31+S31+V31+Y31+AB31 -> 50.6 | AE31: =IF(L31<0,L31*-1,0) -> 0 | AF31: =AD31+AE31 -> 50.6 | AG31: 0 | AH31: 34 | AI31: 7 | AJ31: =AJ30+(V31*1.9835) -> 7705.7127 | AK31: 0
A32: =A31+1 -> 21 | B32: 6902.57 | C32: 293159 | D32: =C32-C31 -> -38 | E32: =C32-152000 -> 141159 | F32: =D32/$D$2 -> -19.158054 | G32: 30 | H32: 2 | I32: =G32+H32 -> 32 | J32: =IF(L32>0,L32,0) -> 0 | K32: =I32+J32 -> 32 | L32: =F32-(I32-AD32) -> -0.55805395 | M32: 4.6 | N32: 0 | O32: 0 | Q32: =1.4*1.02 -> 1.428 | R32: =2.48*1.04 -> 2.5792 | S32: 0 | T32: 25 | U32: 0 | V32: =M32-N32-O32-Q32-R32-S32+T32+U32 -> 25.5928 | Y32: 0 | AB32: 21 | AC32: =AC31-AB32 -> 3586 | AD32: =N32+O32+Q32+R32+S32+V32+Y32+AB32 -> 50.6 | AE32: =IF(L32<0,L32*-1,0) -> 0.55805395 | AF32: =AD32+AE32 -> 51.158054 | AG32: 0 | AH32: 37 | AI32: 11 | AJ32: =AJ31+(V32*1.9835) -> 7756.476 | AK32: 0
A33: =A32+1 -> 22 | B33: 6902.56 | C33: 293122 | D33: =C33-C32 -> -37 | E33: =C33-152000 -> 141122 | F33: =D33/$D$2 -> -18.653895 | G33: 29 | H33: 2.1 | I33: =G33+H33 -> 31.1 | J33: =IF(L33>0,L33,0) -> 0.84610537 | K33: =I33+J33 -> 31.946105 | L33: =F33-(I33-AD33) -> 0.84610537 | M33: 4.6 | N33: 0 | O33: 0 | Q33: =1.4*1.02 -> 1.428 | R33: =2.34*1.04 -> 2.4336 | S33: 0 | T33: 25 | U33: 0 | V33: =M33-N33-O33-Q33-R33-S33+T33+U33 -> 25.7384 | Y33: 0 | AB33: 21 | AC33: =AC32-AB33 -> 3565 | AD33: =N33+O33+Q33+R33+S33+V33+Y33+AB33 -> 50.6 | AE33: =IF(L33<0,L33*-1,0) -> 0 | AF33: =AD33+AE33 -> 50.6 | AG33: 0 | AH33: 38 | AI33: 12 | AJ33: =AJ32+(V33*1.9835) -> 7807.5281 | AK33: 0
A34: =A33+1 -> 23 | B34: 6902.55 | C34: 293084 | D34: =C34-C33 -> -38 | E34: =C34-152000 -> 141084 | F34: =D34/$D$2 -> -19.158054 | G34: 32 | H34: 2.1 | I34: =G34+H34 -> 34.1 | J34: =IF(L34>0,L34,0) -> 0 | K34: =I34+J34 -> 34.1 | L34: =F34-(I34-AD34) -> -2.5580539 | M34: 4.7 | N34: 0 | O34: 0 | Q34: =1.4*1.02 -> 1.428 | R34: =2.11*1.04 -> 2.1944 | S34: 0 | T34: 25 | U34: 0 | V34: =M34-N34-O34-Q34-R34-S34+T34+U34 -> 26.0776 | Y34: 0 | AB34: 21 | AC34: =AC33-AB34 -> 3544 | AD34: =N34+O34+Q34+R34+S34+V34+Y34+AB34 -> 50.7 | AE34: =IF(L34<0,L34*-1,0) -> 2.5580539 | AF34: =AD34+AE34 -> 53.258054 | AG34: 0 | AH34: 41 | AI34: 10 | AJ34: =AJ33+(V34*1.9835) -> 7859.253 | AK34: 0
A35: =A34+1 -> 24 | B35: 6902.54 | C35: 293046 | D35: =C35-C34 -> -38 | E35: =C35-152000 -> 141046 | F35: =D35/$D$2 -> -19.158054 | G35: 34 | H35: 2 | I35: =G35+H35 -> 36 | J35: =IF(L35>0,L35,0) -> 0 | K35: =I35+J35 -> 36 | L35: =F35-(I35-AD35) -> -4.2580539 | M35: 4.9 | N35: 0 | O35: 0 | Q35: =1.4*1.02 -> 1.428 | R35: =2.83*1.04 -> 2.9432 | S35: 0 | T35: 25 | U35: 0 | V35: =M35-N35-O35-Q35-R35-S35+T35+U35 -> 25.5288 | Y35: 0 | AB35: 21 | AC35: =AC34-AB35 -> 3523 | AD35: =N35+O35+Q35+R35+S35+V35+Y35+AB35 -> 50.9 | AE35: =IF(L35<0,L35*-1,0) -> 4.2580539 | AF35: =AD35+AE35 -> 55.158054 | AG35: 0 | AH35: 48 | AI35: 18 | AJ35: =AJ34+(V35*1.9835) -> 7909.8894 | AK35: 0
A36: =A35+1 -> 25 | B36: 6902.55 | C36: 293084 | D36: =C36-C35 -> 38 | E36: =C36-152000 -> 141084 | F36: =D36/$D$2 -> 19.158054 | G36: 38 | H36: 1.8 | I36: =G36+H36 -> 39.8 | J36: =IF(L36>0,L36,0) -> 31.158054 | K36: =I36+J36 -> 70.958054 | L36: =F36-(I36-AD36) -> 31.158054 | M36: 4.8 | N36: 0 | O36: 0 | Q36: =1.4*1.02 -> 1.428 | R36: =2.67*1.04 -> 2.7768 | S36: 0 | T36: 25 | U36: 0 | V36: =M36-N36-O36-Q36-R36-S36+T36+U36 -> 25.5952 | Y36: 0 | AB36: 22 | AC36: =AC35-AB36 -> 3501 | AD36: =N36+O36+Q36+R36+S36+V36+Y36+AB36 -> 51.8 | AE36: =IF(L36<0,L36*-1,0) -> 0 | AF36: =AD36+AE36 -> 51.8 | AG36: 0.38 | AH36: 46 | AI36: 26 | AJ36: =AJ35+(V36*1.9835) -> 7960.6575 | AK36: 0
A37: =A36+1 -> 26 | B37: 6902.54 | C37: 293046 | D37: =C37-C36 -> -38 | E37: =C37-152000 -> 141046 | F37: =D37/$D$2 -> -19.158054 | G37: 39 | H37: 1.6 | I37: =G37+H37 -> 40.6 | J37: =IF(L37>0,L37,0) -> 0 | K37: =I37+J37 -> 40.6 | L37: =F37-(I37-AD37) -> -8.1580539 | M37: 4.6 | N37: 0 | O37: 0 | Q37: =1.4*1.02 -> 1.428 | R37: =2.35*1.04 -> 2.444 | S37: 0 | T37: 25 | U37: 0 | V37: =M37-N37-O37-Q37-R37-S37+T37+U37 -> 25.728 | Y37: 0 | AB37: 22 | AC37: =AC36-AB37 -> 3479 | AD37: =N37+O37+Q37+R37+S37+V37+Y37+AB37 -> 51.6 | AE37: =IF(L37<0,L37*-1,0) -> 8.1580539 | AF37: =AD37+AE37 -> 59.758054 | AG37: 0.01 | AH37: 41 | AI37: 21 | AJ37: =AJ36+(V37*1.9835) -> 8011.689 | AK37: 0
A38: =A37+1 -> 27 | B38: 6902.53 | C38: 293009 | D38: =C38-C37 -> -37 | E38: =C38-152000 -> 141009 | F38: =D38/$D$2 -> -18.653895 | G38: 37 | H38: 1.7 | I38: =G38+H38 -> 38.7 | J38: =IF(L38>0,L38,0) -> 0 | K38: =I38+J38 -> 38.7 | L38: =F38-(I38-AD38) -> -6.0538946 | M38: 4.3 | N38: 0 | O38: 0 | Q38: =1.4*1.02 -> 1.428 | R38: =3.07*1.04 -> 3.1928 | S38: 0 | T38: 25 | U38: 0 | V38: =M38-N38-O38-Q38-R38-S38+T38+U38 -> 24.6792 | Y38: 0 | AB38: 22 | AC38: =AC37-AB38 -> 3457 | AD38: =N38+O38+Q38+R38+S38+V38+Y38+AB38 -> 51.3 | AE38: =IF(L38<0,L38*-1,0) -> 6.0538946 | AF38: =AD38+AE38 -> 57.353895 | AG38: 0 | AH38: 39 | AI38: 18 | AJ38: =AJ37+(V38*1.9835) -> 8060.6402 | AK38: 0
A39: =A38+1 -> 28 | B39: 6902.52 | C39: 292971 | D39: =C39-C38 -> -38 | E39: =C39-152000 -> 140971 | F39: =D39/$D$2 -> -19.158054 | G39: 37 | H39: 1.7 | I39: =G39+H39 -> 38.7 | J39: =IF(L39>0,L39,0) -> 0 | K39: =I39+J39 -> 38.7 | L39: =F39-(I39-AD39) -> -6.3580539 | M39: 4.5 | N39: 0 | O39: 0 | Q39: =1.4*1.02 -> 1.428 | R39: =2.48*1.04 -> 2.5792 | S39: 0 | T39: 25 | U39: 0 | V39: =M39-N39-O39-Q39-R39-S39+T39+U39 -> 25.4928 | Y39: 0 | AB39: 22 | AC39: =AC38-AB39 -> 3435 | AD39: =N39+O39+Q39+R39+S39+V39+Y39+AB39 -> 51.5 | AE39: =IF(L39<0,L39*-1,0) -> 6.3580539 | AF39: =AD39+AE39 -> 57.858054 | AG39: 0 | AH39: 36 | AI39: 11 | AJ39: =AJ38+(V39*1.9835) -> 8111.2051 | AK39: 0
A40: =A39+1 -> 29 | B40: 6902.51 | C40: 292934 | D40: =C40-C39 -> -37 | E40: =C40-152000 -> 140934 | F40: =D40/$D$2 -> -18.653895 | G40: 39 | H40: 1.7 | I40: =G40+H40 -> 40.7 | J40: =IF(L40>0,L40,0) -> 0 | K40: =I40+J40 -> 40.7 | L40: =F40-(I40-AD40) -> -7.7538946 | M40: 4.6 | N40: 0 | O40: 0 | Q40: =1.4*1.02 -> 1.428 | R40: =2.85*1.04 -> 2.964 | S40: 0 | T40: 25 | U40: 0 | V40: =M40-N40-O40-Q40-R40-S40+T40+U40 -> 25.208 | Y40: 0 | AB40: 22 | AC40: =AC39-AB40 -> 3413 | AD40: =N40+O40+Q40+R40+S40+V40+Y40+AB40 -> 51.6 | AE40: =IF(L40<0,L40*-1,0) -> 7.7538946 | AF40: =AD40+AE40 -> 59.353895 | AG40: 0 | AH40: 40 | AI40: 22 | AJ40: =AJ39+(V40*1.9835) -> 8161.2052 | AK40: 0
A41: 30 | B41: 6902.5 | C41: 292896 | D41: =C41-C40 -> -38 | E41: =C41-152000 -> 140896 | F41: =D41/$D$2 -> -19.158054 | G41: 38 | H41: 1.8 | I41: =G41+H41 -> 39.8 | J41: =IF(L41>0,L41,0) -> 0 | K41: =I41+J41 -> 39.8 | L41: =F41-(I41-AD41) -> -7.6580539 | M41: 4.3 | N41: 0 | O41: 0 | Q41: =1.4*1.02 -> 1.428 | R41: =3.19*1.04 -> 3.3176 | S41: 0 | T41: 25 | U41: 0 | V41: =M41-N41-O41-Q41-R41-S41+T41+U41 -> 24.5544 | Y41: 0 | AB41: 22 | AC41: =AC40-AB41 -> 3391 | AD41: =N41+O41+Q41+R41+S41+V41+Y41+AB41 -> 51.3 | AE41: =IF(L41<0,L41*-1,0) -> 7.6580539 | AF41: =AD41+AE41 -> 58.958054 | AG41: 0 | AH41: 46 | AI41: 21 | AJ41: =AJ40+(V41*1.9835) -> 8209.9089 | AK41: 0
A42: 31 | B42: 6902.49 | C42: 292858 | D42: =C42-C41 -> -38 | E42: =C42-152000 -> 140858 | F42: =D42/$D$2 -> -19.158054 | G42: 37 | H42: 1.8 | I42: =G42+H42 -> 38.8 | J42: =IF(L42>0,L42,0) -> 0 | K42: =I42+J42 -> 38.8 | L42: =F42-(I42-AD42) -> -6.6580539 | M42: 4.3 | N42: 0 | O42: 0 | Q42: =1.4*1.02 -> 1.428 | R42: =2.96*1.04 -> 3.0784 | S42: 0 | T42: 25 | U42: 0 | V42: =M42-N42-O42-Q42-R42-S42+T42+U42 -> 24.7936 | Y42: 0 | AB42: 22 | AC42: =AC41-AB42 -> 3369 | AD42: =N42+O42+Q42+R42+S42+V42+Y42+AB42 -> 51.3 | AE42: =IF(L42<0,L42*-1,0) -> 6.6580539 | AF42: =AD42+AE42 -> 57.958054 | AG42: 0 | AH42: 47 | AI42: 21 | AJ42: =AJ41+(V42*1.9835) -> 8259.087 | AK42: 0
A44: MONTH / CFS | F44: =SUM(F12:F42) -> -284.85001 | G44: =SUM(G12:G42) -> 1103 | H44: =SUM(H12:H42) -> 54.6 | I44: =SUM(I12:I42) -> 1157.6 | J44: =SUM(J12:J42) -> 240.71611 | K44: =SUM(K12:K42) -> 1398.3161 | L44: =SUM(L12:L42) -> 153.14999 | M44: =SUM(M12:M42) -> 143.6 | ... O44: =SUM(O12:O42) -> 0 | Q44: =SUM(Q12:Q42) -> 44.268 | R44: =SUM(R12:R42) -> 79.8824 | S44: =SUM(S12:S42) -> 0 | T44: =SUM(T12:T42) -> 775 | U44: =SUM(U12:U42) -> 0 | V44: =SUM(V12:V42) -> 794.4496 | AB44: =SUM(AB12:AB42) -> 677 | AD44: =SUM(AD12:AD42) -> 1595.6 | AE44: =SUM(AE12:AE42) -> 87.56612 | AF44: =SUM(AF12:AF42) -> 1683.1661 | AG44: =SUM(AG12:AG42) -> 0.59 | AH44: =AVERAGE(AH12:AH42) -> 43.580645 | AI44: =AVERAGE(AI12:AI42) -> 19.967742 | AJ44: AVE | AK44: =SUM(AK12:AK42) -> 0
A45: MONTH / AF | D45: =SUM(D12:D42) -> -565 | F45: =F44*$D$2 -> -565 | G45: =G44*$D$2 -> 2187.8005 | H45: =H44*$D$2 -> 108.2991 | I45: =I44*$D$2 -> 2296.0996 | J45: =J44*$D$2 -> 477.4604 | K45: =K44*$D$2 -> 2773.56 | L45: =L44*$D$2 -> 303.773 | M45: =M44*$D$2 -> 284.8306 | ... O45: =O44*$D$2 -> 0 | Q45: =Q44*$D$2 -> 87.805578 | R45: =R44*$D$2 -> 158.44674 | S45: =S44*$D$2 -> 0 | T45: =T44*$D$2 -> 1537.2125 | U45: =U44*$D$2 -> 0 | V45: =V44*$D$2 -> 1575.7908 | AB45: =AB44*$D$2 -> 1342.8295 | AD45: =AD44*$D$2 -> 3164.8726 | AE45: =AE44*$D$2 -> 173.6874 | AF45: =AF44*$D$2 -> 3338.56 | AH45: =MAX(AH12:AH42) -> 54 | AI45: =MAX(AI12:AI42) -> 31 | AJ45: HI | AK45: =AK44*$D$2 -> 0
A47: SEASON / CFS | AH47: =MIN(AH12:AH42) -> 32 | AI47: =MIN(AI12:AI42) -> 7 | AJ47: LO
A48: SEASON / AF
A50: YTD / CFS | F50: =F10+F44 -> -3285.1021 | G50: =G10+G44 -> 4554 | H50: =H10+H44 -> 121.593 | I50: =I10+I44 -> 4675.593 | J50: =J10+J44 -> 341.73113 | K50: =K10+K44 -> 5017.3241 | L50: =L10+L44 -> -690.38509 | M50: =M10+M44 -> 700.9 | ... O50: =O10+O44 -> 0 | Q50: =Q10+Q44 -> 134.2422 | R50: =R10+R44 -> 226.6888 | S50: =S10+S44 -> 0 | T50: =T10+T44 -> 4294.94 | U50: =U10+U44 -> 151.47 | V50: =V10+V44 -> 4786.379 | AB50: =AB10+AB44 -> 2123 | AC50: =AC42 -> 3369 | AD50: =AD10+AD44 -> 7270.31 | AE50: =AE10+AE44 -> 1032.1162 | AF50: =AF10+AF44 -> 8302.4262 | AG50: =AG10+AG44 -> 0.99 | AK50: =AK10+AK44 -> 0
A51: YTD / AF | D51: =D10+D45 -> -6516 | E51: =E42 -> 140858 | F51: =F50*$D$2 -> -6516 | G51: =G50*$D$2 -> 9032.859 | H51: =H50*$D$2 -> 241.17972 | I51: =I50*$D$2 -> 9274.0387 | J51: =J50*$D$2 -> 677.8237 | K51: =K50*$D$2 -> 9951.8624 | L51: =L50*$D$2 -> -1369.3788 | M51: =M50*$D$2 -> 1390.2351 | ... O51: =O50*$D$2 -> 0 | Q51: =Q50*$D$2 -> 266.2694 | R51: =R50*$D$2 -> 449.63723 | S51: =S50*$D$2 -> 0 | T51: =T50*$D$2 -> 8519.0135 | U51: =U50*$D$2 -> 300.44074 | V51: =V50*$D$2 -> 9493.7827 | AB51: =AB50*$D$2 -> 4210.9705 | AC51: =AC50*$D$2 -> 6682.4115 | AD51: =AD50*$D$2 -> 14420.66 | AE51: =AE50*$D$2 -> 2047.2025 | AF51: =AF50*$D$2 -> 16467.862 | AJ51: =AJ42 -> 8259.087 | AK51: =AK50*$D$2 -> 0

Sheet FEB
K1: MCPHEE RESERVOIR INFLOW/OUTFLOW TABULATION
A2: AF/cfs CONVERT FACTOR | D2: 1.9835 | K2: FEBRUARY "2006"
D4: RESERVOIR | T4: INFLOW/OUTFLOW (CFS) | AH4: WEATHER | AL4: ADJUSTMENTS
A5: DATE | B5: RESERV | C5: RESERV | D5: AC FT | E5: ACTIVE | F5: CONV TO | G5: DOLORES | H5: LOST | I5: RECORD | J5: CALC | K5: TOTAL | L5: CALC | M5: DOLORES TUNNEL | T5: LONE | U5: U | V5: TOTAL | W5: MVI | X5: MVI | Y5: DV CR | Z5: D/S SENIOR | AB5: BELOW | AC5: FISH | AD5: RECORD | AE5: CALC | AF5: TOTAL | AG5: RAIN | AH5: MAX | AI5: MIN | AJ5: NAR | AK5: MVI | AL5: MVI | AM5: MVI | AN5: U/S | AO5: TOTTEN
A6: FEB | B6: ELEV | C6: AC FT | D6: CHANGE | E6: CAP | F6: CFS | G6: RIVER | H6: CAN | I6: INFLOW | J6: INFLOW | K6: INFLOW | L6: INF/OTF | M6: TOT DIV | N6: WET | O6: UTE | P6: QUEST | Q6: MWC | R6: CTZ | S6: CTZ & | T6: PINE | U6: LAT | V6: MVI | W6: CALL | X6: PROJ & | Y6: CANAL | AB6: MCP | AC6: LEFT | AD6: OTF | AE6: OTF | AF6: OTF | AH6: TMP | AI6: TMP | AJ6: CALL | AK6: STOCK | AL6: STORED | AM6: STORED | AN6: USERS | AO6: (FRESH
E7: AC FT | N7: LAND | O7: F&R | S7: UTE | X7: TO EX & | AL7: Apr-Jun | AM7: EVAP | AN7: EXCH | AO7: WATER)
N8: 1.03 | O8: 1.05 | P8: 1.02 | Q8: 1.02 | R8: 1.04 | S8: PROJ | X8: U/S EX | AM8: AC.FT
A9: SEASON BAL
A10: YTD | B10: =JAN!B42 -> 6902.49 | C10: =JAN!C42 -> 292858 | D10: =JAN!D51 -> -6516 | E10: =JAN!E51 -> 140858 | F10: =JAN!F50 -> -3285.1021 | G10: =JAN!G50 -> 4554 | H10: =JAN!H50 -> 121.593 | I10: =JAN!I50 -> 4675.593 | J10: =JAN!J50 -> 341.73113 | K10: =JAN!K50 -> 5017.3241 | L10: =JAN!L50 -> -690.38509 | M10: =JAN!M50 -> 700.9 | ... O10: =JAN!O50 -> 0 | Q10: =JAN!Q50 -> 134.2422 | R10: =JAN!R50 -> 226.6888 | S10: =JAN!S50 -> 0 | T10: =JAN!T50 -> 4294.94 | U10: =JAN!U50 -> 151.47 | V10: =JAN!V50 -> 4786.379 | AB10: =JAN!AB50 -> 2123 | AC10: =JAN!AC50 -> 3369 | AD10: =JAN!AD50 -> 7270.31 | AE10: =JAN!AE50 -> 1032.1162 | AF10: =JAN!AF50 -> 8302.4262 | AG10: =JAN!AG50 -> 0.99 | AJ10: =JAN!AJ51 -> 8259.087 | AK10: =JAN!AK51 -> 0
A12: 1 | B12: 6902.49 | C12: 292858 | D12: =C12-C10 -> 0 | E12: =C12-152000 -> 140858 | F12: =D12/$D$2 -> 0 | G12: 36 | H12: 1.8 | I12: =G12+H12 -> 37.8 | J12: =IF(L12>0,L12,0) -> 13.5 | K12: =I12+J12 -> 51.3 | L12: =F12-(I12-AD12) -> 13.5 | M12: 4.3 | N12: 0 | O12: 0 | Q12: =1.42*1.02 -> 1.4484 | R12: =3.28*1.04 -> 3.4112 | S12: 0 | T12: 25 | U12: 0 | V12: =M12-N12-O12-Q12-R12-S12+T12+U12 -> 24.4404 | Y12: 0 | AB12: 22 | AC12: =AC10-AB12 -> 3347 | AD12: =N12+O12+Q12+R12+S12+V12+Y12+AB12 -> 51.3 | AE12: =IF(L12<0,L12*-1,0) -> 0 | AF12: =AD12+AE12 -> 51.3 | AG12: 0 | AH12: 47 | AI12: 25 | AJ12: =AJ10+(V12*1.9835) -> 8307.5645 | AK12: 0
A13: =A12+1 -> 2 | B13: 6902.48 | C13: 292821 | D13: =C13-C12 -> -37 | E13: =C13-152000 -> 140821 | F13: =D13/$D$2 -> -18.653895 | G13: 35 | H13: 1.6 | I13: =G13+H13 -> 36.6 | J13: =IF(L13>0,L13,0) -> 0 | K13: =I13+J13 -> 36.6 | L13: =F13-(I13-AD13) -> -3.9538946 | M13: 4.3 | N13: 0 | O13: 0 | Q13: =1.42*1.02 -> 1.4484 | R13: =3*1.04 -> 3.12 | S13: 0 | T13: 25 | U13: 0 | V13: =M13-N13-O13-Q13-R13-S13+T13+U13 -> 24.7316 | Y13: 0 | AB13: 22 | AC13: =AC12-AB13 -> 3325 | AD13: =N13+O13+Q13+R13+S13+V13+Y13+AB13 -> 51.3 | AE13: =IF(L13<0,L13*-1,0) -> 3.9538946 | AF13: =AD13+AE13 -> 55.253895 | AG13: 0 | AH13: 48 | AI13: 28 | AJ13: =AJ12+(V13*1.9835) -> 8356.6196 | AK13: 0
A14: =A13+1 -> 3 | B14: 6902.47 | C14: 292783 | D14: =C14-C13 -> -38 | E14: =C14-152000 -> 140783 | F14: =D14/$D$2 -> -19.158054 | G14: 35 | H14: 1.4 | I14: =G14+H14 -> 36.4 | J14: =IF(L14>0,L14,0) -> 0 | K14: =I14+J14 -> 36.4 | L14: =F14-(I14-AD14) -> -4.2580539 | M14: 4.3 | N14: 0 | O14: 0 | Q14: =1.42*1.02 -> 1.4484 | R14: =3.28*1.04 -> 3.4112 | S14: 0 | T14: 25 | U14: 0 | V14: =M14-N14-O14-Q14-R14-S14+T14+U14 -> 24.4404 | Y14: 0 | AB14: 22 | AC14: =AC13-AB14 -> 3303 | AD14: =N14+O14+Q14+R14+S14+V14+Y14+AB14 -> 51.3 | AE14: =IF(L14<0,L14*-1,0) -> 4.2580539 | AF14: =AD14+AE14 -> 55.558054 | AG14: 0 | AH14: 42 | AI14: 19 | AJ14: =AJ13+(V14*1.9835) -> 8405.0972 | AK14: 0
A15: =A14+1 -> 4 | B15: 6902.46 | C15: 292745 | D15: =C15-C14 -> -38 | E15: =C15-152000 -> 140745 | F15: =D15/$D$2 -> -19.158054 | G15: 33 | H15: 1.3 | I15: =G15+H15 -> 34.3 | J15: =IF(L15>0,L15,0) -> 0 | K15: =I15+J15 -> 34.3 | L15: =F15-(I15-AD15) -> -2.1580539 | M15: 4.3 | N15: 0 | O15: 0 | Q15: =1.42*1.02 -> 1.4484 | R15: =3.07*1.04 -> 3.1928 | S15: 0 | T15: 25 | U15: 0 | V15: =M15-N15-O15-Q15-R15-S15+T15+U15 -> 24.6588 | Y15: 0 | AB15: 22 | AC15: =AC14-AB15 -> 3281 | AD15: =N15+O15+Q15+R15+S15+V15+Y15+AB15 -> 51.3 | AE15: =IF(L15<0,L15*-1,0) -> 2.1580539 | AF15: =AD15+AE15 -> 53.458054 | AG15: 0 | AH15: 48 | AI15: 22 | AJ15: =AJ14+(V15*1.9835) -> 8454.0079 | AK15: 0
A16: =A15+1 -> 5 | B16: 6902.45 | C16: 292708 | D16: =C16-C15 -> -37 | E16: =C16-152000 -> 140708 | F16: =D16/$D$2 -> -18.653895 | G16: 32 | H16: 1.2 | I16: =G16+H16 -> 33.2 | J16: =IF(L16>0,L16,0) -> 0 | K16: =I16+J16 -> 33.2 | L16: =F16-(I16-AD16) -> -0.55389463 | M16: 4.3 | N16: 0 | O16: 0 | Q16: =1.42*1.02 -> 1.4484 | R16: =3.06*1.06 -> 3.2436 | S16: 0 | T16: 25 | U16: 0 | V16: =M16-N16-O16-Q16-R16-S16+T16+U16 -> 24.608 | Y16: 0 | AB16: 22 | AC16: =AC15-AB16 -> 3259 | AD16: =N16+O16+Q16+R16+S16+V16+Y16+AB16 -> 51.3 | AE16: =IF(L16<0,L16*-1,0) -> 0.55389463 | AF16: =AD16+AE16 -> 51.853895 | AG16: 0 | AH16: 38 | AI16: 21 | AJ16: =AJ15+(V16*1.9835) -> 8502.8179 | AK16: 0
A17: =A16+1 -> 6 | B17: 6902.43 | C17: 292632 | D17: =C17-C16 -> -76 | E17: =C17-152000 -> 140632 | F17: =D17/$D$2 -> -38.316108 | G17: 32 | H17: 1.1 | I17: =G17+H17 -> 33.1 | J17: =IF(L17>0,L17,0) -> 0 | K17: =I17+J17 -> 33.1 | L17: =F17-(I17-AD17) -> -2.0161079 | M17: 4.4 | N17: 0 | O17: 0 | Q17: =1.42*1.02 -> 1.4484 | R17: =2.23*1.04 -> 2.3192 | S17: 0 | T17: 41 | U17: 0 | V17: =M17-N17-O17-Q17-R17-S17+T17+U17 -> 41.6324 | Y17: 0 | AB17: 24 | AC17: =AC16-AB17 -> 3235 | AD17: =N17+O17+Q17+R17+S17+V17+Y17+AB17 -> 69.4 | AE17: =IF(L17<0,L17*-1,0) -> 2.0161079 | AF17: =AD17+AE17 -> 71.416108 | AG17: 0 | AH17: 47 | AI17: 14 | AJ17: =AJ16+(V17*1.9835) -> 8585.3957 | AK17: 0
A18: =A17+1 -> 7 | B18: 6902.41 | C18: 292557 | D18: =C18-C17 -> -75 | E18: =C18-152000 -> 140557 | F18: =D18/$D$2 -> -37.811949 | G18: 28 | H18: 1 | I18: =G18+H18 -> 29 | J18: =IF(L18>0,L18,0) -> 15.188051 | K18: =I18+J18 -> 44.188051 | L18: =F18-(I18-AD18) -> 15.188051 | M18: 4 | N18: 0 | O18: 0 | Q18: =1.42*1.02 -> 1.4484 | R18: =3.13*1.04 -> 3.2552 | S18: 0 | T18: 53 | U18: 0 | V18: =M18-N18-O18-Q18-R18-S18+T18+U18 -> 52.2964 | Y18: 0 | AB18: 25 | AC18: =AC17-AB18 -> 3210 | AD18: =N18+O18+Q18+R18+S18+V18+Y18+AB18 -> 82 | AE18: =IF(L18<0,L18*-1,0) -> 0 | AF18: =AD18+AE18 -> 82 | AG18: 0 | AH18: 53 | AI18: 19 | AJ18: =AJ17+(V18*1.9835) -> 8689.1256 | AK18: 0
A19: =A18+1 -> 8 | B19: 6902.39 | C19: 292482 | D19: =C19-C18 -> -75 | E19: =C19-152000 -> 140482 | F19: =D19/$D$2 -> -37.811949 | G19: 30 | H19: 0.91 | I19: =G19+H19 -> 30.91 | J19: =IF(L19>0,L19,0) -> 14.478051 | K19: =I19+J19 -> 45.388051 | L19: =F19-(I19-AD19) -> 14.478051 | M19: 4.2 | N19: 0 | O19: 0 | Q19: =1.42*1.02 -> 1.4484 | R19: =3.31*1.04 -> 3.4424 | S19: 0 | T19: 54 | U19: 0 | V19: =M19-N19-O19-Q19-R19-S19+T19+U19 -> 53.3092 | Y19: 0 | AB19: 25 | AC19: =AC18-AB19 -> 3185 | AD19: =N19+O19+Q19+R19+S19+V19+Y19+AB19 -> 83.2 | AE19: =IF(L19<0,L19*-1,0) -> 0 | AF19: =AD19+AE19 -> 83.2 | AG19: 0 | AH19: 54 | AI19: 21 | AJ19: =AJ18+(V19*1.9835) -> 8794.8644 | AK19: 0
A20: =A19+1 -> 9 | B20: 6902.36 | C20: 292369 | D20: =C20-C19 -> -113 | E20: =C20-152000 -> 140369 | F20: =D20/$D$2 -> -56.970003 | G20: 31 | H20: 0.93 | I20: =G20+H20 -> 31.93 | J20: =IF(L20>0,L20,0) -> 0 | K20: =I20+J20 -> 31.93 | L20: =F20-(I20-AD20) -> -3.5000025 | M20: 5.4 | N20: 0 | O20: 0 | Q20: =1.42*1.02 -> 1.4484 | R20: =3.52*1.04 -> 3.6608 | S20: 0 | T20: 55 | U20: 0 | V20: =M20-N20-O20-Q20-R20-S20+T20+U20 -> 55.2908 | Y20: 0 | AB20: 25 | AC20: =AC19-AB20 -> 3160 | AD20: =N20+O20+Q20+R20+S20+V20+Y20+AB20 -> 85.4 | AE20: =IF(L20<0,L20*-1,0) -> 3.5000025 | AF20: =AD20+AE20 -> 88.900003 | AG20: 0 | AH20: 55 | AI20: 24 | AJ20: =AJ19+(V20*1.9835) -> 8904.5337 | AK20: 0
A21: =A20+1 -> 10 | B21: 6902.33 | C21: 292256 | D21: =C21-C20 -> -113 | E21: =C21-152000 -> 140256 | F21: =D21/$D$2 -> -56.970003 | G21: 32 | H21: 0.97 | I21: =G21+H21 -> 32.97 | J21: =IF(L21>0,L21,0) -> 0 | K21: =I21+J21 -> 32.97 | L21: =F21-(I21-AD21) -> -4.7400025 | M21: 5.2 | N21: 0 | O21: 0 | Q21: =1.42*1.02 -> 1.4484 | R21: =3.93*1.04 -> 4.0872 | S21: 0 | T21: 55 | U21: 0 | V21: =M21-N21-O21-Q21-R21-S21+T21+U21 -> 54.6644 | Y21: 0 | AB21: 25 | AC21: =AC20-AB21 -> 3135 | AD21: =N21+O21+Q21+R21+S21+V21+Y21+AB21 -> 85.2 | AE21: =IF(L21<0,L21*-1,0) -> 4.7400025 | AF21: =AD21+AE21 -> 89.940003 | AG21: 0 | AH21: 40 | AI21: 17 | AJ21: =AJ20+(V21*1.9835) -> 9012.9606 | AK21: 0
A22: =A21+1 -> 11 | B22: 6902.29 | C22: 292106 | D22: =C22-C21 -> -150 | E22: =C22-152000 -> 140106 | F22: =D22/$D$2 -> -75.623897 | G22: 29 | H22: 0.8 | I22: =G22+H22 -> 29.8 | J22: =IF(L22>0,L22,0) -> 0 | K22: =I22+J22 -> 29.8 | L22: =F22-(I22-AD22) -> -20.323897 | M22: 5.1 | N22: 0 | O22: 0 | Q22: =1.42*1.02 -> 1.4484 | R22: 4.2 | S22: 1.22 | T22: 55 | U22: 0 | V22: =M22-N22-O22-Q22-R22-S22+T22+U22 -> 53.2316 | Y22: 0 | AB22: 25 | AC22: =AC21-AB22 -> 3110 | AD22: =N22+O22+Q22+R22+S22+V22+Y22+AB22 -> 85.1 | AE22: =IF(L22<0,L22*-1,0) -> 20.323897 | AF22: =AD22+AE22 -> 105.4239 | AG22: 0 | AH22: 38 | AI22: 5 | AJ22: =AJ21+(V22*1.9835) -> 9118.5455 | AK22: 0
A23: =A22+1 -> 12 | B23: 6902.26 | C23: 291993 | D23: =C23-C22 -> -113 | E23: =C23-152000 -> 139993 | F23: =D23/$D$2 -> -56.970003 | G23: 27 | H23: 0.76 | I23: =G23+H23 -> 27.76 | J23: =IF(L23>0,L23,0) -> 0.36999748 | K23: =I23+J23 -> 28.129997 | L23: =F23-(I23-AD23) -> 0.36999748 | M23: 5.1 | N23: 0 | O23: 0 | Q23: =1.42*1.02 -> 1.4484 | R23: =3.06*1.04 -> 3.1824 | S23: 0 | T23: 55 | U23: 0 | V23: =M23-N23-O23-Q23-R23-S23+T23+U23 -> 55.4692 | Y23: 0 | AB23: 25 | AC23: =AC22-AB23 -> 3085 | AD23: =N23+O23+Q23+R23+S23+V23+Y23+AB23 -> 85.1 | AE23: =IF(L23<0,L23*-1,0) -> 0 | AF23: =AD23+AE23 -> 85.1 | AG23: 0 | AH23: 46 | AI23: 14 | AJ23: =AJ22+(V23*1.9835) -> 9228.5686 | AK23: 0
A24: =A23+1 -> 13 | B24: 6902.23 | C24: 291880 | D24: =C24-C23 -> -113 | E24: =C24-152000 -> 139880 | F24: =D24/$D$2 -> -56.970003 | G24: 32 | H24: 0.73 | I24: =G24+H24 -> 32.73 | J24: =IF(L24>0,L24,0) -> 0 | K24: =I24+J24 -> 32.73 | L24: =F24-(I24-AD24) -> -12.500003 | M24: 5.2 | N24: 0 | O24: 0 | Q24: =1.42*1.02 -> 1.4484 | R24: =2.97*1.04 -> 3.0888 | S24: 0 | T24: 47 | U24: 0 | V24: =M24-N24-O24-Q24-R24-S24+T24+U24 -> 47.6628 | Y24: 0 | AB24: 25 | AC24: =AC23-AB24 -> 3060 | AD24: =N24+O24+Q24+R24+S24+V24+Y24+AB24 -> 77.2 | AE24: =IF(L24<0,L24*-1,0) -> 12.500003 | AF24: =AD24+AE24 -> 89.700003 | AG24: 0 | AH24: 44 | AI24: 19 | AJ24: =AJ23+(V24*1.9835) -> 9323.1078 | AK24: 0
A25: =A24+1 -> 14 | B25: 6902.21 | C25: 291805 | D25: =C25-C24 -> -75 | E25: =C25-152000 -> 139805 | F25: =D25/$D$2 -> -37.811949 | G25: 32 | H25: 0.69 | I25: =G25+H25 -> 32.69 | J25: =IF(L25>0,L25,0) -> 1.5980514 | K25: =I25+J25 -> 34.288051 | L25: =F25-(I25-AD25) -> 1.5980514 | M25: 5.1 | N25: 0 | O25: 0 | Q25: =1.42*1.02 -> 1.4484 | R25: =2.97*1.04 -> 3.0888 | S25: 0 | T25: 42 | U25: 0 | V25: =M25-N25-O25-Q25-R25-S25+T25+U25 -> 42.5628 | Y25: 0 | AB25: 25 | AC25: =AC24-AB25 -> 3035 | AD25: =N25+O25+Q25+R25+S25+V25+Y25+AB25 -> 72.1 | AE25: =IF(L25<0,L25*-1,0) -> 0 | AF25: =AD25+AE25 -> 72.1 | AG25: 0 | AH25: 50 | AI25: 20 | AJ25: =AJ24+(V25*1.9835) -> 9407.5311 | AK25: 0
A26: =A25+1 -> 15 | B26: 6902.2 | C26: 291767 | D26: =C26-C25 -> -38 | E26: =C26-152000 -> 139767 | F26: =D26/$D$2 -> -19.158054 | G26: 35 | H26: 0.77 | I26: =G26+H26 -> 35.77 | J26: =IF(L26>0,L26,0) -> 16.071946 | K26: =I26+J26 -> 51.841946 | L26: =F26-(I26-AD26) -> 16.071946 | M26: 5 | N26: 0 | O26: 0 | Q26: =1.42*1.02 -> 1.4484 | R26: =2.95*1.04 -> 3.068 | S26: 0 | T26: 41 | U26: 0 | V26: =M26-N26-O26-Q26-R26-S26+T26+U26 -> 41.4836 | Y26: 0 | AB26: 25 | AC26: =AC25-AB26 -> 3010 | AD26: =N26+O26+Q26+R26+S26+V26+Y26+AB26 -> 71 | AE26: =IF(L26<0,L26*-1,0) -> 0 | AF26: =AD26+AE26 -> 71 | AG26: 0.02 | AH26: 53 | AI26: 21 | AJ26: =AJ25+(V26*1.9835) -> 9489.8138 | AK26: 0
A27: =A26+1 -> 16 | B27: 6902.19 | C27: 291729 | D27: =C27-C26 -> -38 | E27: =C27-152000 -> 139729 | F27: =D27/$D$2 -> -19.158054 | G27: 37 | H27: 0.91 | I27: =G27+H27 -> 37.91 | J27: =IF(L27>0,L27,0) -> 12.931946 | K27: =I27+J27 -> 50.841946 | L27: =F27-(I27-AD27) -> 12.931946 | M27: 5 | N27: 0 | O27: 0 | Q27: =1.42*1.02 -> 1.4484 | R27: =2.62*1.04 -> 2.7248 | S27: 0 | T27: 40 | U27: 0 | V27: =M27-N27-O27-Q27-R27-S27+T27+U27 -> 40.8268 | Y27: 0 | AB27: 25 | AC27: =AC26-AB27 -> 2985 | AD27: =N27+O27+Q27+R27+S27+V27+Y27+AB27 -> 70 | AE27: =IF(L27<0,L27*-1,0) -> 0 | AF27: =AD27+AE27 -> 70 | AG27: 0 | AH27: 31 | AI27: 10 | AJ27: =AJ26+(V27*1.9835) -> 9570.7938 | AK27: 0
A28: =A27+1 -> 17 | B28: 6902.17 | C28: 291654 | D28: =C28-C27 -> -75 | E28: =C28-152000 -> 139654 | F28: =D28/$D$2 -> -37.811949 | G28: 36 | H28: 1 | I28: =G28+H28 -> 37 | J28: =IF(L28>0,L28,0) -> 0 | K28: =I28+J28 -> 37 | L28: =F28-(I28-AD28) -> -5.9119486 | M28: 4.9 | N28: 0 | O28: 0 | Q28: =1.42*1.02 -> 1.4484 | R28: =2.39*1.04 -> 2.4856 | S28: 0 | T28: 40 | U28: 0 | V28: =M28-N28-O28-Q28-R28-S28+T28+U28 -> 40.966 | Y28: 0 | AB28: 24 | AC28: =AC27-AB28 -> 2961 | AD28: =N28+O28+Q28+R28+S28+V28+Y28+AB28 -> 68.9 | AE28: =IF(L28<0,L28*-1,0) -> 5.9119486 | AF28: =AD28+AE28 -> 74.811949 | AG28: 0 | AH28: 41 | AI28: 21 | AJ28: =AJ27+(V28*1.9835) -> 9652.0498 | AK28: 0
A29: =A28+1 -> 18 | B29: 6902.15 | C29: 291579 | D29: =C29-C28 -> -75 | E29: =C29-152000 -> 139579 | F29: =D29/$D$2 -> -37.811949 | G29: 40 | H29: 0.98 | I29: =G29+H29 -> 40.98 | J29: =IF(L29>0,L29,0) -> 0 | K29: =I29+J29 -> 40.98 | L29: =F29-(I29-AD29) -> -9.8919486 | M29: 4.9 | N29: 0 | O29: 0 | Q29: =1.42*1.02 -> 1.4484 | R29: =2.37*1.04 -> 2.4648 | S29: 0 | T29: 40 | U29: 0 | V29: =M29-N29-O29-Q29-R29-S29+T29+U29 -> 40.9868 | Y29: 0 | AB29: 24 | AC29: =AC28-AB29 -> 2937 | AD29: =N29+O29+Q29+R29+S29+V29+Y29+AB29 -> 68.9 | AE29: =IF(L29<0,L29*-1,0) -> 9.8919486 | AF29: =AD29+AE29 -> 78.791949 | AG29: 0 | AH29: 48 | AI29: 25 | AJ29: =AJ28+(V29*1.9835) -> 9733.3472 | AK29: 0
A30: =A29+1 -> 19 | B30: 6902.13 | C30: 291504 | D30: =C30-C29 -> -75 | E30: =C30-152000 -> 139504 | F30: =D30/$D$2 -> -37.811949 | G30: 39 | H30: 1 | I30: =G30+H30 -> 40 | J30: =IF(L30>0,L30,0) -> 0 | K30: =I30+J30 -> 40 | L30: =F30-(I30-AD30) -> -8.9119486 | M30: 4.9 | N30: 0 | O30: 0 | Q30: =1.42*1.02 -> 1.4484 | R30: =2.66*1.04 -> 2.7664 | S30: 0 | T30: 40 | U30: 0 | V30: =M30-N30-O30-Q30-R30-S30+T30+U30 -> 40.6852 | Y30: 0 | AB30: 24 | AC30: =AC29-AB30 -> 2913 | AD30: =N30+O30+Q30+R30+S30+V30+Y30+AB30 -> 68.9 | AE30: =IF(L30<0,L30*-1,0) -> 8.9119486 | AF30: =AD30+AE30 -> 77.811949 | AG30: 0 | AH30: 40 | AI30: 19 | AJ30: =AJ29+(V30*1.9835) -> 9814.0462 | AK30: 0
A31: =A30+1 -> 20 | B31: 6902.11 | C31: 291428 | D31: =C31-C30 -> -76 | E31: =C31-152000 -> 139428 | F31: =D31/$D$2 -> -38.316108 | G31: 39 | H31: 0.99 | I31: =G31+H31 -> 39.99 | J31: =IF(L31>0,L31,0) -> 0 | K31: =I31+J31 -> 39.99 | L31: =F31-(I31-AD31) -> -9.4061079 | M31: 4.9 | N31: 0 | O31: 0 | Q31: =1.42*1.02 -> 1.4484 | R31: =2.55*1.04 -> 2.652 | S31: 0 | T31: 40 | U31: 0 | V31: =M31-N31-O31-Q31-R31-S31+T31+U31 -> 40.7996 | Y31: 0 | AB31: 24 | AC31: =AC30-AB31 -> 2889 | AD31: =N31+O31+Q31+R31+S31+V31+Y31+AB31 -> 68.9 | AE31: =IF(L31<0,L31*-1,0) -> 9.4061079 | AF31: =AD31+AE31 -> 78.306108 | AG31: 0 | AH31: 39 | AI31: 20 | AJ31: =AJ30+(V31*1.9835) -> 9894.9723 | AK31: 0
A32: =A31+1 -> 21 | B32: 6902.09 | C32: 291353 | D32: =C32-C31 -> -75 | E32: =C32-152000 -> 139353 | F32: =D32/$D$2 -> -37.811949 | G32: 40 | H32: 0.99 | I32: =G32+H32 -> 40.99 | J32: =IF(L32>0,L32,0) -> 0 | K32: =I32+J32 -> 40.99 | L32: =F32-(I32-AD32) -> -9.9019486 | M32: 4.9 | N32: 0 | O32: 0 | Q32: =1.42*1.02 -> 1.4484 | R32: =2.41*1.04 -> 2.5064 | S32: 0 | T32: 40 | U32: 0 | V32: =M32-N32-O32-Q32-R32-S32+T32+U32 -> 40.9452 | Y32: 0 | AB32: 24 | AC32: =AC31-AB32 -> 2865 | AD32: =N32+O32+Q32+R32+S32+V32+Y32+AB32 -> 68.9 | AE32: =IF(L32<0,L32*-1,0) -> 9.9019486 | AF32: =AD32+AE32 -> 78.801949 | AG32: 0 | AH32: 40 | AI32: 19 | AJ32: =AJ31+(V32*1.9835) -> 9976.1871 | AK32: 0
A33: =A32+1 -> 22 | B33: 6902.09 | C33: 291353 | D33: =C33-C32 -> 0 | E33: =C33-152000 -> 139353 | F33: =D33/$D$2 -> 0 | G33: 44 | H33: 0.95 | I33: =G33+H33 -> 44.95 | J33: =IF(L33>0,L33,0) -> 0 | K33: =I33+J33 -> 44.95 | L33: =F33-(I33-AD33) -> -3.05 | M33: 4.9 | N33: 0 | O33: 0 | Q33: =1.42*1.02 -> 1.4484 | R33: =2.49*1.04 -> 2.5896 | S33: 0 | T33: 13 | U33: 0 | V33: =M33-N33-O33-Q33-R33-S33+T33+U33 -> 13.862 | Y33: 0 | AB33: 24 | AC33: =AC32-AB33 -> 2841 | AD33: =N33+O33+Q33+R33+S33+V33+Y33+AB33 -> 41.9 | AE33: =IF(L33<0,L33*-1,0) -> 3.05 | AF33: =AD33+AE33 -> 44.95 | AG33: 0 | AH33: 44 | AI33: 13 | AJ33: =AJ32+(V33*1.9835) -> 10003.682 | AK33: 0
A34: =A33+1 -> 23 | B34: 6902.09 | C34: 291353 | D34: =C34-C33 -> 0 | E34: =C34-152000 -> 139353 | F34: =D34/$D$2 -> 0 | G34: 39 | H34: 0.95 | I34: =G34+H34 -> 39.95 | J34: =IF(L34>0,L34,0) -> 0 | K34: =I34+J34 -> 39.95 | L34: =F34-(I34-AD34) -> -11.05 | M34: 4.9 | N34: 0 | O34: 0 | Q34: =1.42*1.02 -> 1.4484 | R34: =2.44*1.04 -> 2.5376 | S34: 0 | T34: 0 | U34: 0 | V34: =M34-N34-O34-Q34-R34-S34+T34+U34 -> 0.914 | Y34: 0 | AB34: 24 | AC34: =AC33-AB34 -> 2817 | AD34: =N34+O34+Q34+R34+S34+V34+Y34+AB34 -> 28.9 | AE34: =IF(L34<0,L34*-1,0) -> 11.05 | AF34: =AD34+AE34 -> 39.95 | AG34: 0 | AH34: 50 | AI34: 18 | AJ34: =AJ33+(V34*1.9835) -> 10005.495 | AK34: 0
A35: =A34+1 -> 24 | B35: 6902.09 | C35: 291353 | D35: =C35-C34 -> 0 | E35: =C35-152000 -> 139353 | F35: =D35/$D$2 -> 0 | G35: 43 | H35: 1 | I35: =G35+H35 -> 44 | J35: =IF(L35>0,L35,0) -> 0 | K35: =I35+J35 -> 44 | L35: =F35-(I35-AD35) -> -15.1 | M35: 4.9 | N35: 0 | O35: 0 | Q35: =1.42*1.02 -> 1.4484 | R35: =2.83*1.04 -> 2.9432 | S35: 0 | T35: 0 | U35: 0 | V35: =M35-N35-O35-Q35-R35-S35+T35+U35 -> 0.5084 | Y35: 0 | AB35: 24 | AC35: =AC34-AB35 -> 2793 | AD35: =N35+O35+Q35+R35+S35+V35+Y35+AB35 -> 28.9 | AE35: =IF(L35<0,L35*-1,0) -> 15.1 | AF35: =AD35+AE35 -> 44 | AG35: 0 | AH35: 51 | AI35: 22 | AJ35: =AJ34+(V35*1.9835) -> 10006.504 | AK35: 0
A36: =A35+1 -> 25 | B36: 6902.1 | C36: 291391 | D36: =C36-C35 -> 38 | E36: =C36-152000 -> 139391 | F36: =D36/$D$2 -> 19.158054 | G36: 44 | H36: 1 | I36: =G36+H36 -> 45 | J36: =IF(L36>0,L36,0) -> 3.0580539 | K36: =I36+J36 -> 48.058054 | L36: =F36-(I36-AD36) -> 3.0580539 | M36: 4.9 | N36: 0 | O36: 0 | Q36: =1.42*1.02 -> 1.4484 | R36: =2.37*1.04 -> 2.4648 | S36: 0 | T36: 0 | U36: 0 | V36: =M36-N36-O36-Q36-R36-S36+T36+U36 -> 0.9868 | Y36: 0 | AB36: 24 | AC36: =AC35-AB36 -> 2769 | AD36: =N36+O36+Q36+R36+S36+V36+Y36+AB36 -> 28.9 | AE36: =IF(L36<0,L36*-1,0) -> 0 | AF36: =AD36+AE36 -> 28.9 | AG36: 0 | AH36: 53 | AI36: 25 | AJ36: =AJ35+(V36*1.9835) -> 10008.461 | AK36: 0
A37: =A36+1 -> 26 | B37: 6902.11 | C37: 291428 | D37: =C37-C36 -> 37 | E37: =C37-152000 -> 139428 | F37: =D37/$D$2 -> 18.653895 | G37: 46 | H37: 1 | I37: =G37+H37 -> 47 | J37: =IF(L37>0,L37,0) -> 0.55389463 | K37: =I37+J37 -> 47.553895 | L37: =F37-(I37-AD37) -> 0.55389463 | M37: 4.9 | N37: 0 | O37: 0 | Q37: =1.42*1.02 -> 1.4484 | R37: =2.55*1.04 -> 2.652 | S37: 0 | T37: 0 | U37: 0 | V37: =M37-N37-O37-Q37-R37-S37+T37+U37 -> 0.7996 | Y37: 0 | AB37: 24 | AC37: =AC36-AB37 -> 2745 | AD37: =N37+O37+Q37+R37+S37+V37+Y37+AB37 -> 28.9 | AE37: =IF(L37<0,L37*-1,0) -> 0 | AF37: =AD37+AE37 -> 28.9 | AG37: 0 | AH37: 59 | AI37: 27 | AJ37: =AJ36+(V37*1.9835) -> 10010.047 | AK37: 0
A38: =A37+1 -> 27 | B38: 6902.12 | C38: 291466 | D38: =C38-C37 -> 38 | E38: =C38-152000 -> 139466 | F38: =D38/$D$2 -> 19.158054 | G38: 48 | H38: 1.1 | I38: =G38+H38 -> 49.1 | J38: =IF(L38>0,L38,0) -> 19.058054 | K38: =I38+J38 -> 68.158054 | L38: =F38-(I38-AD38) -> 19.058054 | M38: 5 | N38: 0 | O38: 0 | Q38: =1.42*1.02 -> 1.4484 | R38: 4.2 | S38: 0.11 | T38: 20 | U38: 0 | V38: =M38-N38-O38-Q38-R38-S38+T38+U38 -> 19.2416 | Y38: 0 | AB38: 24 | AC38: =AC37-AB38 -> 2721 | AD38: =N38+O38+Q38+R38+S38+V38+Y38+AB38 -> 49 | AE38: =IF(L38<0,L38*-1,0) -> 0 | AF38: =AD38+AE38 -> 49 | AG38: 0 | AH38: 59 | AI38: 30 | AJ38: =AJ37+(V38*1.9835) -> 10048.213 | AK38: 0
A39: 28 | B39: 6902.13 | C39: 291504 | D39: =C39-C38 -> 38 | E39: =C39-152000 -> 139504 | F39: =D39/$D$2 -> 19.158054 | G39: 52 | H39: 1.2 | I39: =G39+H39 -> 53.2 | J39: =IF(L39>0,L39,0) -> 40.058054 | K39: =I39+J39 -> 93.258054 | L39: =F39-(I39-AD39) -> 40.058054 | M39: 5.1 | N39: 0 | O39: 0 | Q39: =1.42*1.02 -> 1.4484 | R39: =3.02*1.04 -> 3.1408 | S39: 0 | T39: 45 | U39: 0 | V39: =M39-N39-O39-Q39-R39-S39+T39+U39 -> 45.5108 | Y39: 0 | AB39: 24 | AC39: =AC38-AB39 -> 2697 | AD39: =N39+O39+Q39+R39+S39+V39+Y39+AB39 -> 74.1 | AE39: =IF(L39<0,L39*-1,0) -> 0 | AF39: =AD39+AE39 -> 74.1 | AG39: 0 | AH39: 56 | AI39: 36 | AJ39: =AJ38+(V39*1.9835) -> 10138.483 | AK39: 0
A41: MONTH / CFS | F41: =SUM(F12:F39) -> -682.63171 | G41: =SUM(G12:G39) -> 1026 | H41: =SUM(H12:H39) -> 29.03 | I41: =SUM(I12:I39) -> 1055.03 | J41: =SUM(J12:J39) -> 136.8661 | K41: =SUM(K12:K39) -> 1191.8961 | L41: =SUM(L12:L39) -> 9.6382884 | M41: =SUM(M12:M39) -> 134.3 | ... O41: =SUM(O12:O39) -> 0 | Q41: =SUM(Q12:Q39) -> 40.5552 | R41: =SUM(R12:R39) -> 85.8996 | S41: =SUM(S12:S39) -> 1.33 | T41: =SUM(T12:T39) -> 941 | U41: =SUM(U12:U39) -> 0 | V41: =SUM(V12:V39) -> 947.5152 | AB41: =SUM(AB12:AB39) -> 672 | AD41: =SUM(AD12:AD39) -> 1747.3 | AE41: =SUM(AE12:AE39) -> 127.22781 | AF41: =SUM(AF12:AF39) -> 1874.5278 | AG41: =SUM(AG12:AG39) -> 0.02 | AH41: =AVERAGE(AH12:AH39) -> 46.928571 | AI41: =AVERAGE(AI12:AI39) -> 20.5 | AJ41: AVE | AK41: =SUM(AK12:AK39) -> 0
A42: MONTH / AF | D42: =SUM(D12:D39) -> -1354 | F42: =F41*$D$2 -> -1354 | G42: =G41*$D$2 -> 2035.071 | H42: =H41*$D$2 -> 57.581005 | I42: =I41*$D$2 -> 2092.652 | J42: =J41*$D$2 -> 271.47391 | K42: =K41*$D$2 -> 2364.1259 | L42: =L41*$D$2 -> 19.117545 | M42: =M41*$D$2 -> 266.38405 | ... O42: =O41*$D$2 -> 0 | Q42: =Q41*$D$2 -> 80.441239 | R42: =R41*$D$2 -> 170.38186 | S42: =S41*$D$2 -> 2.638055 | T42: =T41*$D$2 -> 1866.4735 | U42: =U41*$D$2 -> 0 | V42: =V41*$D$2 -> 1879.3964 | AB42: =AB41*$D$2 -> 1332.912 | AD42: =AD41*$D$2 -> 3465.7695 | AE42: =AE41*$D$2 -> 252.35637 | AF42: =AF41*$D$2 -> 3718.1259 | AH42: =MAX(AH12:AH39) -> 59 | AI42: =MAX(AI12:AI39) -> 36 | AJ42: HI | AK42: =AK41*$D$2 -> 0
A44: SEASON / CFS | AH44: =MIN(AH12:AH39) -> 31 | AI44: =MIN(AI12:AI39) -> 5 | AJ44: LO
A45: SEASON / AF
A47: YTD / CFS | F47: =F10+F41 -> -3967.7338 | G47: =G10+G41 -> 5580 | H47: =H10+H41 -> 150.623 | I47: =I10+I41 -> 5730.623 | J47: =J10+J41 -> 478.59723 | K47: =K10+K41 -> 6209.2202 | L47: =L10+L41 -> -680.7468 | M47: =M10+M41 -> 835.2 | ... O47: =O10+O41 -> 0 | Q47: =Q10+Q41 -> 174.7974 | R47: =R10+R41 -> 312.5884 | S47: =S10+S41 -> 1.33 | T47: =T10+T41 -> 5235.94 | U47: =U10+U41 -> 151.47 | V47: =V10+V41 -> 5733.8942 | AB47: =AB10+AB41 -> 2795 | AC47: =AC39 -> 2697 | AD47: =AD10+AD41 -> 9017.61 | AE47: =AE10+AE41 -> 1159.344 | AF47: =AF10+AF41 -> 10176.954 | AG47: =AG10+AG41 -> 1.01 | AK47: =AK10+AK41 -> 0
A48: YTD / AF | D48: =D10+D42 -> -7870 | E48: =E39 -> 139504 | F48: =F47*$D$2 -> -7870 | G48: =G47*$D$2 -> 11067.93 | H48: =H47*$D$2 -> 298.76072 | I48: =I47*$D$2 -> 11366.691 | J48: =J47*$D$2 -> 949.29761 | K48: =K47*$D$2 -> 12315.988 | L48: =L47*$D$2 -> -1350.2613 | M48: =M47*$D$2 -> 1656.6192 | ... O48: =O47*$D$2 -> 0 | Q48: =Q47*$D$2 -> 346.71064 | R48: =R47*$D$2 -> 620.01909 | S48: =S47*$D$2 -> 2.638055 | T48: =T47*$D$2 -> 10385.487 | U48: =U47*$D$2 -> 300.44074 | V48: =V47*$D$2 -> 11373.179 | AB48: =AB47*$D$2 -> 5543.8825 | AC48: =AC47*$D$2 -> 5349.4995 | AD48: =AD47*$D$2 -> 17886.429 | AE48: =AE47*$D$2 -> 2299.5589 | AF48: =AF47*$D$2 -> 20185.988 | AJ48: =AJ39 -> 10138.483 | AK48: =AK47*$D$2 -> 0

Sheet MAR
K1: MCPHEE RESERVOIR INFLOW/OUTFLOW TABULATION
A2: AF/cfs CONVERT FACTOR | D2: 1.9835 | K2: MARCH "2006"
D4: RESERVOIR | T4: INFLOW/OUTFLOW (CFS) | AH4: WEATHER | AL4: ADJUSTMENTS
A5: DATE | B5: RESERV | C5: RESERV | D5: AC FT | E5: ACTIVE | F5: CONV TO | G5: DOLORES | H5: LOST | I5: RECORD | J5: CALC | K5: TOTAL | L5: CALC | M5: DOLORES TUNNEL | T5: LONE | U5: U | V5: TOTAL | W5: MVI | X5: MVI | Y5: DV CR | Z5: D/S SENIOR | AB5: BELOW | AC5: FISH | AD5: RECORD | AE5: CALC | AF5: TOTAL | AG5: RAIN | AH5: MAX | AI5: MIN | AJ5: NAR | AK5: MVI | AL5: MVI | AM5: MVI | AN5: U/S | AO5: TOTTEN
A6: MAR | B6: ELEV | C6: AC FT | D6: CHANGE | E6: CAP | F6: CFS | G6: RIVER | H6: CAN | I6: INFLOW | J6: INFLOW | K6: INFLOW | L6: INF/OTF | M6: TOT DIV | N6: WET | O6: UTE | P6: QUEST | Q6: MWC | R6: CTZ | S6: CTX & | T6: PINE | U6: LAT | V6: MVI | W6: CALL | X6: PROJ & | Y6: CANAL | AB6: MCP | AC6: LEFT | AD6: OTF | AE6: OTF | AF6: OTF | AH6: TMP | AI6: TMP | AJ6: CALL | AK6: STOCK | AL6: STORED | AM6: STORED | AN6: USERS | AO6: (FRESH
E7: AC FT | N7: LAND | O7: F&R | S7: UTE | X7: TO EX & | AJ7: AC.FT. | AK7: CFS | AL7: Apr-Jun | AM7: EVAP | AN7: EXCH | AO7: WATER)
N8: 1.03 | O8: 1.05 | P8: 1.02 | Q8: 1.02 | R8: 1.04 | S8: PROJ | X8: U/S EX | AM8: AC.FT.
A9: SEASON BAL
A10: YTD | B10: =FEB!B39 -> 6902.13 | C10: =FEB!C39 -> 291504 | D10: =FEB!D48 -> -7870 | E10: =FEB!E48 -> 139504 | F10: =FEB!F47 -> -3967.7338 | G10: =FEB!G47 -> 5580 | H10: =FEB!H47 -> 150.623 | I10: =FEB!I47 -> 5730.623 | J10: =FEB!J47 -> 478.59723 | K10: =FEB!K47 -> 6209.2202 | L10: =FEB!L47 -> -680.7468 | M10: =FEB!M47 -> 835.2 | ... O10: =FEB!O47 -> 0 | Q10: =FEB!Q47 -> 174.7974 | R10: =FEB!R47 -> 312.5884 | S10: =FEB!S47 -> 1.33 | T10: =FEB!T47 -> 5235.94 | U10: =FEB!U47 -> 151.47 | V10: =FEB!V47 -> 5733.8942 | AB10: =FEB!AB47 -> 2795 | AC10: =FEB!AC47 -> 2697 | AD10: =FEB!AD47 -> 9017.61 | AE10: =FEB!AE47 -> 1159.344 | AF10: =FEB!AF47 -> 10176.954 | AG10: =FEB!AG47 -> 1.01 | AJ10: =FEB!AJ48 -> 10138.483 | AK10: =FEB!AK48 -> 0
A12: 1 | B12: 6902.14 | C12: 291541 | D12: =C12-C10 -> 37 | E12: =C12-152000 -> 139541 | F12: =D12/$D$2 -> 18.653895 | G12: 59 | H12: 1.5 | I12: =G12+H12 -> 60.5 | J12: =IF(L12>0,L12,0) -> 32.053895 | K12: =I12+J12 -> 92.553895 | L12: =F12-(I12-AD12) -> 32.053895 | M12: 4.9 | N12: 0 | O12: 0 | Q12: =1.52*1.02 -> 1.5504 | R12: 3.08 | S12: 0 | T12: 45 | U12: 0 | V12: =M12-N12-O12-Q12-R12-S12+T12+U12 -> 45.2696 | Y12: 0 | AB12: 24 | AC12: =AC10-AB12 -> 2673 | AD12: =N12+O12+Q12+R12+S12+V12+Y12+AB12 -> 73.9 | AE12: =IF(L12<0,L12*-1,0) -> 0 | AF12: =AD12+AE12 -> 73.9 | AG12: 0 | AH12: 53 | AI12: 30 | AJ12: =AJ10+(V12*1.9835) -> 10228.276
A13: =A12+1 -> 2 | B13: 6904.14 | C13: 291541 | D13: =C13-C12 -> 0 | E13: =C13-152000 -> 139541 | F13: =D13/$D$2 -> 0 | G13: 66 | H13: 1.7 | I13: =G13+H13 -> 67.7 | J13: =IF(L13>0,L13,0) -> 29.7 | K13: =I13+J13 -> 97.4 | L13: =F13-(I13-AD13) -> 29.7 | M13: 5.4 | N13: 0 | O13: 0 | Q13: =1.52*1.02 -> 1.5504 | R13: 2.33 | S13: 0 | T13: 63 | U13: 0 | V13: =M13-N13-O13-Q13-R13-S13+T13+U13 -> 64.5196 | Y13: 0 | AB13: 29 | AC13: =AC12-AB13 -> 2644 | AD13: =N13+O13+Q13+R13+S13+V13+Y13+AB13 -> 97.4 | AE13: =IF(L13<0,L13*-1,0) -> 0 | AF13: =AD13+AE13 -> 97.4 | AG13: 0 | AH13: 55 | AI13: 31 | AJ13: =AJ12+(V13*1.9835) -> 10356.25
A14: =A13+1 -> 3 | B14: 6902.13 | C14: 291504 | D14: =C14-C13 -> -37 | E14: =C14-152000 -> 139504 | F14: =D14/$D$2 -> -18.653895 | G14: 60 | H14: 1.9 | I14: =G14+H14 -> 61.9 | J14: =IF(L14>0,L14,0) -> 32.446105 | K14: =I14+J14 -> 94.346105 | L14: =F14-(I14-AD14) -> 32.446105 | M14: 6 | N14: 0 | O14: 0 | Q14: =1.52*1.02 -> 1.5504 | R14: 2.16 | S14: 0 | T14: 75 | U14: 0 | V14: =M14-N14-O14-Q14-R14-S14+T14+U14 -> 77.2896 | Y14: 0 | AB14: 32 | AC14: =AC13-AB14 -> 2612 | AD14: =N14+O14+Q14+R14+S14+V14+Y14+AB14 -> 113 | AE14: =IF(L14<0,L14*-1,0) -> 0 | AF14: =AD14+AE14 -> 113 | AG14: 0 | AH14: 60 | AI14: 30 | AJ14: =AJ13+(V14*1.9835) -> 10509.554
A15: =A14+1 -> 4 | B15: 6902.12 | C15: 291466 | D15: =C15-C14 -> -38 | E15: =C15-152000 -> 139466 | F15: =D15/$D$2 -> -19.158054 | G15: 60 | H15: 2 | I15: =G15+H15 -> 62 | J15: =IF(L15>0,L15,0) -> 33.141946 | K15: =I15+J15 -> 95.141946 | L15: =F15-(I15-AD15) -> 33.141946 | M15: 6.3 | N15: 0 | O15: 0 | Q15: =1.52*1.02 -> 1.5504 | R15: 2.95 | S15: 0 | T15: 76 | U15: 0 | V15: =M15-N15-O15-Q15-R15-S15+T15+U15 -> 77.7996 | Y15: 0 | AB15: 32 | AC15: =AC14-AB15 -> 2580 | AD15: =N15+O15+Q15+R15+S15+V15+Y15+AB15 -> 114.3 | AE15: =IF(L15<0,L15*-1,0) -> 0 | AF15: =AD15+AE15 -> 114.3 | AG15: 0 | AH15: 60 | AI15: 30 | AJ15: =AJ14+(V15*1.9835) -> 10663.87
A16: =A15+1 -> 5 | B16: 6902.11 | C16: 291428 | D16: =C16-C15 -> -38 | E16: =C16-152000 -> 139428 | F16: =D16/$D$2 -> -19.158054 | G16: 59 | H16: 2 | I16: =G16+H16 -> 61 | J16: =IF(L16>0,L16,0) -> 34.141946 | K16: =I16+J16 -> 95.141946 | L16: =F16-(I16-AD16) -> 34.141946 | M16: 6.3 | N16: 0 | O16: 0 | Q16: =1.52*1.02 -> 1.5504 | R16: 2.98 | S16: 0 | T16: 76 | U16: 0 | V16: =M16-N16-O16-Q16-R16-S16+T16+U16 -> 77.7696 | Y16: 0 | AB16: 32 | AC16: =AC15-AB16 -> 2548 | AD16: =N16+O16+Q16+R16+S16+V16+Y16+AB16 -> 114.3 | AE16: =IF(L16<0,L16*-1,0) -> 0 | AF16: =AD16+AE16 -> 114.3 | AG16: 0 | AH16: 59 | AI16: 25 | AJ16: =AJ15+(V16*1.9835) -> 10818.126
A17: =A16+1 -> 6 | B17: 6902.1 | C17: 291391 | D17: =C17-C16 -> -37 | E17: =C17-152000 -> 139391 | F17: =D17/$D$2 -> -18.653895 | G17: 57 | H17: 2.1 | I17: =G17+H17 -> 59.1 | J17: =IF(L17>0,L17,0) -> 47.446105 | K17: =I17+J17 -> 106.54611 | L17: =F17-(I17-AD17) -> 47.446105 | M17: 6.2 | N17: 0 | O17: 0 | Q17: =1.52*1.02 -> 1.5504 | R17: 4.46 | S17: 0.26 | T17: 87 | U17: 0 | V17: =M17-N17-O17-Q17-R17-S17+T17+U17 -> 86.9296 | Y17: 0 | AB17: 32 | AC17: =AC16-AB17 -> 2516 | AD17: =N17+O17+Q17+R17+S17+V17+Y17+AB17 -> 125.2 | AE17: =IF(L17<0,L17*-1,0) -> 0 | AF17: =AD17+AE17 -> 125.2 | AG17: 0 | AH17: 63 | AI17: 33 | AJ17: =AJ16+(V17*1.9835) -> 10990.551
A18: =A17+1 -> 7 | B18: 6902.09 | C18: 291353 | D18: =C18-C17 -> -38 | E18: =C18-152000 -> 139353 | F18: =D18/$D$2 -> -19.158054 | G18: 62 | H18: 2.3 | I18: =G18+H18 -> 64.3 | J18: =IF(L18>0,L18,0) -> 45.841946 | K18: =I18+J18 -> 110.14195 | L18: =F18-(I18-AD18) -> 45.841946 | M18: 6.3 | N18: 0 | O18: 0 | Q18: =1.52*1.02 -> 1.5504 | R18: 3.57 | S18: 0 | T18: 91 | U18: 0 | V18: =M18-N18-O18-Q18-R18-S18+T18+U18 -> 92.1796 | Y18: 0 | AB18: 32 | AC18: =AC17-AB18 -> 2484 | AD18: =N18+O18+Q18+R18+S18+V18+Y18+AB18 -> 129.3 | AE18: =IF(L18<0,L18*-1,0) -> 0 | AF18: =AD18+AE18 -> 129.3 | AG18: 0.02 | AH18: 55 | AI18: 30 | AJ18: =AJ17+(V18*1.9835) -> 11173.389
A19: =A18+1 -> 8 | B19: 6902.08 | C19: 291315 | D19: =C19-C18 -> -38 | E19: =C19-152000 -> 139315 | F19: =D19/$D$2 -> -19.158054 | G19: 72 | H19: 2.5 | I19: =G19+H19 -> 74.5 | J19: =IF(L19>0,L19,0) -> 33.641946 | K19: =I19+J19 -> 108.14195 | L19: =F19-(I19-AD19) -> 33.641946 | M19: 6.3 | N19: 0 | O19: 0 | Q19: =1.52*1.02 -> 1.5504 | R19: 2.62 | S19: 0 | T19: 89 | U19: 0 | V19: =M19-N19-O19-Q19-R19-S19+T19+U19 -> 91.1296 | Y19: 0 | AB19: 32 | AC19: =AC18-AB19 -> 2452 | AD19: =N19+O19+Q19+R19+S19+V19+Y19+AB19 -> 127.3 | AE19: =IF(L19<0,L19*-1,0) -> 0 | AF19: =AD19+AE19 -> 127.3 | AG19: 0.74 | AH19: 37 | AI19: 23 | AJ19: =AJ18+(V19*1.9835) -> 11354.144
A20: =A19+1 -> 9 | B20: 6902.06 | C20: 291240 | D20: =C20-C19 -> -75 | E20: =C20-152000 -> 139240 | F20: =D20/$D$2 -> -37.811949 | G20: 61 | H20: 1.9 | I20: =G20+H20 -> 62.9 | J20: =IF(L20>0,L20,0) -> 26.388051 | K20: =I20+J20 -> 89.288051 | L20: =F20-(I20-AD20) -> 26.388051 | M20: 6.1 | N20: 0 | O20: 0 | Q20: =1.52*1.02 -> 1.5504 | R20: 2.51 | S20: 0 | T20: 89 | U20: 0 | V20: =M20-N20-O20-Q20-R20-S20+T20+U20 -> 91.0396 | Y20: 0 | AB20: 32 | AC20: =AC19-AB20 -> 2420 | AD20: =N20+O20+Q20+R20+S20+V20+Y20+AB20 -> 127.1 | AE20: =IF(L20<0,L20*-1,0) -> 0 | AF20: =AD20+AE20 -> 127.1 | AG20: 0.1 | AH20: 37 | AI20: 16 | AJ20: =AJ19+(V20*1.9835) -> 11534.721
A21: =A20+1 -> 10 | B21: 6902.04 | C21: 291165 | D21: =C21-C20 -> -75 | E21: =C21-152000 -> 139165 | F21: =D21/$D$2 -> -37.811949 | G21: 54 | H21: 1.9 | I21: =G21+H21 -> 55.9 | J21: =IF(L21>0,L21,0) -> 32.188051 | K21: =I21+J21 -> 88.088051 | L21: =F21-(I21-AD21) -> 32.188051 | M21: 5.9 | N21: 0 | O21: 0 | Q21: =1.52*1.02 -> 1.5504 | R21: 2.44 | S21: 0 | T21: 88 | U21: 0 | V21: =M21-N21-O21-Q21-R21-S21+T21+U21 -> 89.9096 | Y21: 0 | AB21: 32 | AC21: =AC20-AB21 -> 2388 | AD21: =N21+O21+Q21+R21+S21+V21+Y21+AB21 -> 125.9 | AE21: =IF(L21<0,L21*-1,0) -> 0 | AF21: =AD21+AE21 -> 125.9 | AG21: 0 | AH21: 32 | AI21: 17 | AJ21: =AJ20+(V21*1.9835) -> 11713.057
A22: =A21+1 -> 11 | B22: 6902.03 | C22: 291127 | D22: =C22-C21 -> -38 | E22: =C22-152000 -> 139127 | F22: =D22/$D$2 -> -19.158054 | G22: 50 | H22: 1.8 | I22: =G22+H22 -> 51.8 | J22: =IF(L22>0,L22,0) -> 54.941946 | K22: =I22+J22 -> 106.74195 | L22: =F22-(I22-AD22) -> 54.941946 | M22: 5.9 | N22: 0 | O22: 0 | Q22: =1.52*1.02 -> 1.5504 | R22: 2.26 | S22: 0 | T22: 88 | U22: 0 | V22: =M22-N22-O22-Q22-R22-S22+T22+U22 -> 90.0896 | Y22: 0 | AB22: 32 | AC22: =AC21-AB22 -> 2356 | AD22: =N22+O22+Q22+R22+S22+V22+Y22+AB22 -> 125.9 | AE22: =IF(L22<0,L22*-1,0) -> 0 | AF22: =AD22+AE22 -> 125.9 | AG22: 0.06 | AH22: 30 | AI22: 17 | AJ22: =AJ21+(V22*1.9835) -> 11891.75
A23: =A22+1 -> 12 | B23: 6902.02 | C23: 291090 | D23: =C23-C22 -> -37 | E23: =C23-152000 -> 139090 | F23: =D23/$D$2 -> -18.653895 | G23: 43 | H23: 1.7 | I23: =G23+H23 -> 44.7 | J23: =IF(L23>0,L23,0) -> 63.546105 | K23: =I23+J23 -> 108.24611 | L23: =F23-(I23-AD23) -> 63.546105 | M23: 5.9 | N23: 0 | O23: 0 | Q23: =1.52*1.02 -> 1.5504 | R23: 2.49 | S23: 0 | T23: 89 | U23: 0 | V23: =M23-N23-O23-Q23-R23-S23+T23+U23 -> 90.8596 | Y23: 0 | AB23: 32 | AC23: =AC22-AB23 -> 2324 | AD23: =N23+O23+Q23+R23+S23+V23+Y23+AB23 -> 126.9 | AE23: =IF(L23<0,L23*-1,0) -> 0 | AF23: =AD23+AE23 -> 126.9 | AG23: 0.28 | AH23: 27 | AI23: 19 | AJ23: =AJ22+(V23*1.9835) -> 12071.97
A24: =A23+1 -> 13 | B24: 6902 | C24: 291014 | D24: =C24-C23 -> -76 | E24: =C24-152000 -> 139014 | F24: =D24/$D$2 -> -38.316108 | G24: 47 | H24: 1.7 | I24: =G24+H24 -> 48.7 | J24: =IF(L24>0,L24,0) -> 26.683892 | K24: =I24+J24 -> 75.383892 | L24: =F24-(I24-AD24) -> 26.683892 | M24: 5.7 | N24: 0 | O24: 0 | Q24: =1.52*1.02 -> 1.5504 | R24: 2.55 | S24: 0 | T24: 76 | U24: 0 | V24: =M24-N24-O24-Q24-R24-S24+T24+U24 -> 77.5996 | Y24: 0 | AB24: 32 | AC24: =AC23-AB24 -> 2292 | AD24: =N24+O24+Q24+R24+S24+V24+Y24+AB24 -> 113.7 | AE24: =IF(L24<0,L24*-1,0) -> 0 | AF24: =AD24+AE24 -> 113.7 | AG24: 0.01 | AH24: 34 | AI24: 13 | AJ24: =AJ23+(V24*1.9835) -> 12225.889
... A27: =A26+1 -> 16 | B27: 6901.94 | C27: 290790 | D27: =C27-C26 -> -112 | E27: =C27-152000 -> 138790 | F27: =D27/$D$2 -> -56.465843 | G27: 51 | H27: 1.7 | I27: =G27+H27 -> 52.7 | J27: =IF(L27>0,L27,0) -> 0 | K27: =I27+J27 -> 52.7 | L27: =F27-(I27-AD27) -> -4.6658432 | M27: 5.5 | N27: 0 | O27: 0 | Q27: =1.52*1.02 -> 1.5504 | R27: 4.2 | S27: 1.05 | T27: 64 | U27: 0 | V27: =M27-N27-O27-Q27-R27-S27+T27+U27 -> 62.6996 | Y27: 0 | AB27: 35 | AC27: =AC26-AB27 -> 2193 | AD27: =N27+O27+Q27+R27+S27+V27+Y27+AB27 -> 104.5 | AE27: =IF(L27<0,L27*-1,0) -> 4.6658432 | AF27: =AD27+AE27 -> 109.16584 | AG27: 0 | AH27: 49 | AI27: 23 | AJ27: =AJ26+(V27*1.9835) -> 12608.622
A28: 17 | B28: 6901.91 | C28: 290678 | D28: =C28-C27 -> -112 | E28: =C28-152000 -> 138678 | F28: =D28/$D$2 -> -56.465843 | G28: 60 | H28: 1.6 | I28: =G28+H28 -> 61.6 | J28: =IF(L28>0,L28,0) -> 0 | K28: =I28+J28 -> 61.6 | L28: =F28-(I28-AD28) -> -11.565843 | M28: 5.5 | N28: 0 | O28: 0 | Q28: =1.52*1.02 -> 1.5504 | R28: 4.2 | S28: 0 | T28: 64 | U28: 0 | V28: =M28-N28-O28-Q28-R28-S28+T28+U28 -> 63.7496 | Y28: 0 | AB28: 37 | AC28: =AC27-AB28 -> 2156 | AD28: =N28+O28+Q28+R28+S28+V28+Y28+AB28 -> 106.5 | AE28: =IF(L28<0,L28*-1,0) -> 11.565843 | AF28: =AD28+AE28 -> 118.06584 | AG28: 0 | AH28: 52 | AI28: 35 | AJ28: =AJ27+(V28*1.9835) -> 12735.07
A29: =A28+1 -> 18 | B29: 6901.88 | C29: 290567 | D29: =C29-C28 -> -111 | E29: =C29-152000 -> 138567 | F29: =D29/$D$2 -> -55.961684 | G29: 66 | H29: 1.8 | I29: =G29+H29 -> 67.8 | J29: =IF(L29>0,L29,0) -> 0 | K29: =I29+J29 -> 67.8 | L29: =F29-(I29-AD29) -> -16.261684 | M29: 5.5 | N29: 0 | O29: 0 | Q29: =1.52*1.02 -> 1.5504 | R29: 2.5 | S29: 0 | T29: 64 | U29: 0 | V29: =M29-N29-O29-Q29-R29-S29+T29+U29 -> 65.4496 | Y29: 0 | AB29: 38 | AC29: =AC28-AB29 -> 2118 | AD29: =N29+O29+Q29+R29+S29+V29+Y29+AB29 -> 107.5 | AE29: =IF(L29<0,L29*-1,0) -> 16.261684 | AF29: =AD29+AE29 -> 123.76168 | AG29: 0 | AH29: 48 | AI29: 32 | AJ29: =AJ28+(V29*1.9835) -> 12864.889
A30: =A29+1 -> 19 | B30: 6901.85 | C30: 290455 | D30: =C30-C29 -> -112 | E30: =C30-152000 -> 138455 | F30: =D30/$D$2 -> -56.465843 | G30: 64 | H30: 1.6 | I30: =G30+H30 -> 65.6 | J30: =IF(L30>0,L30,0) -> 0 | K30: =I30+J30 -> 65.6 | L30: =F30-(I30-AD30) -> -14.565843 | M30: 5.5 | N30: 0 | O30: 0 | Q30: =1.52*1.02 -> 1.5504 | R30: 2.68 | S30: 0 | T30: 64 | U30: 0 | V30: =M30-N30-O30-Q30-R30-S30+T30+U30 -> 65.2696 | Y30: 0 | AB30: 38 | AC30: =AC29-AB30 -> 2080 | AD30: =N30+O30+Q30+R30+S30+V30+Y30+AB30 -> 107.5 | AE30: =IF(L30<0,L30*-1,0) -> 14.565843 | AF30: =AD30+AE30 -> 122.06584 | AG30: 0 | AH30: 40 | AI30: 21 | AJ30: =AJ29+(V30*1.9835) -> 12994.351
A31: =A30+1 -> 20 | B31: 6901.82 | C31: 290343 | D31: =C31-C30 -> -112 | E31: =C31-152000 -> 138343 | F31: =D31/$D$2 -> -56.465843 | G31: 55 | H31: 1.4 | I31: =G31+H31 -> 56.4 | J31: =IF(L31>0,L31,0) -> 6.1341568 | K31: =I31+J31 -> 62.534157 | L31: =F31-(I31-AD31) -> 6.1341568 | M31: 21 | N31: 0 | O31: 0 | Q31: =1.52*1.02 -> 1.5504 | R31: 2.48 | S31: 0 | T31: 59 | U31: 0 | V31: =M31-N31-O31-Q31-R31-S31+T31+U31 -> 75.9696 | Y31: 0 | AB31: 39 | AC31: =AC30-AB31 -> 2041 | AD31: =N31+O31+Q31+R31+S31+V31+Y31+AB31 -> 119 | AE31: =IF(L31<0,L31*-1,0) -> 0 | AF31: =AD31+AE31 -> 119 | AG31: 0 | AH31: 43 | AI31: 18 | AJ31: =AJ30+(T31*1.9835) -> 13111.378
A32: =A31+1 -> 21 | B32: 6901.79 | C32: 290231 | D32: =C32-C31 -> -112 | E32: =C32-152000 -> 138231 | F32: =D32/$D$2 -> -56.465843 | G32: 48 | H32: 1.5 | I32: =G32+H32 -> 49.5 | J32: =IF(L32>0,L32,0) -> 9.0341568 | K32: =I32+J32 -> 58.534157 | L32: =F32-(I32-AD32) -> 9.0341568 | M32: 21 | N32: 0 | O32: 0 | Q32: =1.52*1.02 -> 1.5504 | R32: 2.76 | S32: 0 | T32: 54 | U32: 0 | V32: =M32-N32-O32-Q32-R32-S32+T32+U32 -> 70.6896 | Y32: 0 | AB32: 40 | AC32: =AC31-AB32 -> 2001 | AD32: =N32+O32+Q32+R32+S32+V32+Y32+AB32 -> 115 | AE32: =IF(L32<0,L32*-1,0) -> 0 | AF32: =AD32+AE32 -> 115 | AG32: 0 | AH32: 40 | AI32: 28 | AJ32: =AJ31+(T32*1.9835) -> 13218.487
A33: =A32+1 -> 22 | B33: 6901.75 | C33: 290081 | D33: =C33-C32 -> -150 | E33: =C33-152000 -> 138081 | F33: =D33/$D$2 -> -75.623897 | G33: 51 | H33: 1.4 | I33: =G33+H33 -> 52.4 | J33: =IF(L33>0,L33,0) -> 0 | K33: =I33+J33 -> 52.4 | L33: =F33-(I33-AD33) -> -0.023897151 | M33: 34 | N33: 0 | O33: =(4+3.61)*1.05 -> 7.9905 | Q33: =1.52*1.02 -> 1.5504 | R33: 2.51 | S33: 0 | T33: 54 | U33: 0 | V33: =M33-N33-O33-Q33-R33-S33+T33+U33 -> 75.9491 | Y33: 0 | AB33: 40 | AC33: =AC32-AB33 -> 1961 | AD33: =N33+O33+Q33+R33+S33+V33+Y33+AB33 -> 128 | AE33: =IF(L33<0,L33*-1,0) -> 0.023897151 | AF33: =AD33+AE33 -> 128.0239 | AG33: 0 | AH33: 48 | AI33: 25 | AJ33: =AJ32+(T33*1.9835) -> 13325.596
A34: =A33+1 -> 23 | B34: 6901.71 | C34: 289932 | D34: =C34-C33 -> -149 | E34: =C34-152000 -> 137932 | F34: =D34/$D$2 -> -75.119738 | G34: 58 | H34: 1.5 | I34: =G34+H34 -> 59.5 | J34: =IF(L34>0,L34,0) -> 0 | K34: =I34+J34 -> 59.5 | L34: =F34-(I34-AD34) -> -3.6197378 | M34: 43 | N34: 0 | O34: =(10.96+11.24)*1.05 -> 23.31 | Q34: =1.52*1.02 -> 1.5504 | R34: 2.35 | S34: 0 | T34: 48 | U34: 0 | V34: =M34-N34-O34-Q34-R34-S34+T34+U34 -> 63.7896 | Y34: 0 | AB34: 40 | AC34: =AC33-AB34 -> 1921 | AD34: =N34+O34+Q34+R34+S34+V34+Y34+AB34 -> 131 | AE34: =IF(L34<0,L34*-1,0) -> 3.6197378 | AF34: =AD34+AE34 -> 134.61974 | AG34: 0 | AH34: 52 | AI34: 24 | AJ34: =AJ33+(T34*1.9835) -> 13420.804
A35: =A34+1 -> 24 | B35: 6901.7 | C35: 289895 | D35: =C35-C34 -> -37 | E35: =C35-152000 -> 137895 | F35: =D35/$D$2 -> -18.653895 | G35: 64 | H35: 2 | I35: =G35+H35 -> 66 | J35: =IF(L35>0,L35,0) -> 7.7461054 | K35: =I35+J35 -> 73.746105 | L35: =F35-(I35-AD35) -> 7.7461054 | M35: 7.4 | N35: 0 | O35: 0 | Q35: =1.52*1.02 -> 1.5504 | R35: 3.89 | S35: 0 | T35: 45 | U35: 0 | V35: =M35-N35-O35-Q35-R35-S35+T35+U35 -> 46.9596 | Y35: 0 | AB35: 40 | AC35: =AC34-AB35 -> 1881 | AD35: =N35+O35+Q35+R35+S35+V35+Y35+AB35 -> 92.4 | AE35: =IF(L35<0,L35*-1,0) -> 0 | AF35: =AD35+AE35 -> 92.4 | AG35: 0 | AH35: 56 | AI35: 27 | AJ35: =AJ34+(T35*1.9835) -> 13510.061
A36: =A35+1 -> 25 | B36: 6901.69 | C36: 289857 | D36: =C36-C35 -> -38 | E36: =C36-152000 -> 137857 | F36: =D36/$D$2 -> -19.158054 | G36: 78 | H36: 2.9 | I36: =G36+H36 -> 80.9 | J36: =IF(L36>0,L36,0) -> 0 | K36: =I36+J36 -> 80.9 | L36: =F36-(I36-AD36) -> -7.6580539 | M36: 7.4 | N36: 0 | O36: 0 | Q36: =1.52*1.02 -> 1.5504 | R36: 3.47 | S36: 0 | T36: 45 | U36: 0 | V36: =M36-N36-O36-Q36-R36-S36+T36+U36 -> 47.3796 | Y36: 0 | AB36: 40 | AC36: =AC35-AB36 -> 1841 | AD36: =N36+O36+Q36+R36+S36+V36+Y36+AB36 -> 92.4 | AE36: =IF(L36<0,L36*-1,0) -> 7.6580539 | AF36: =AD36+AE36 -> 100.05805 | AG36: 0 | AH36: 61 | AI36: 31 | AJ36: =AJ35+(T36*1.9835) -> 13599.319
A37: =A36+1 -> 26 | B37: 6901.7 | C37: 289895 | D37: =C37-C36 -> 38 | E37: =C37-152000 -> 137895 | F37: =D37/$D$2 -> 19.158054 | G37: 99 | H37: 3.9 | I37: =G37+H37 -> 102.9 | J37: =IF(L37>0,L37,0) -> 8.6580539 | K37: =I37+J37 -> 111.55805 | L37: =F37-(I37-AD37) -> 8.6580539 | M37: 7.4 | N37: 0 | O37: 0 | Q37: =1.52*1.02 -> 1.5504 | R37: 4.2 | S37: 0.11 | T37: 45 | U37: 0 | V37: =M37-N37-O37-Q37-R37-S37+T37+U37 -> 46.5396 | Y37: 0 | AB37: 40 | AC37: =AC36-AB37 -> 1801 | AD37: =N37+O37+Q37+R37+S37+V37+Y37+AB37 -> 92.4 | AE37: =IF(L37<0,L37*-1,0) -> 0 | AF37: =AD37+AE37 -> 92.4 | AG37: 0 | AH37: 51 | AI37: 27 | AJ37: =AJ36+(T37*1.9835) -> 13688.576
A38: =A37+1 -> 27 | B38: 6901.69 | C38: 289857 | D38: =C38-C37 -> -38 | E38: =C38-152000 -> 137857 | F38: =D38/$D$2 -> -19.158054 | G38: 102 | H38: 3.5 | I38: =G38+H38 -> 105.5 | J38: =IF(L38>0,L38,0) -> 2.3419461 | K38: =I38+J38 -> 107.84195 | L38: =F38-(I38-AD38) -> 2.3419461 | M38: 25 | N38: 0 | O38: =(2.51+5.16)*1.05 -> 8.0535 | Q38: =1.52*1.02 -> 1.5504 | R38: 3.65 | S38: 0 | T38: 62 | U38: 0 | V38: =M38-N38-O38-Q38-R38-S38+T38+U38 -> 73.7461 | Y38: 0 | AB38: 40 | AC38: =AC37-AB38 -> 1761 | AD38: =N38+O38+Q38+R38+S38+V38+Y38+AB38 -> 127 | AE38: =IF(L38<0,L38*-1,0) -> 0 | AF38: =AD38+AE38 -> 127 | AG38: 0 | AH38: 57 | AI38: 26 | AJ38: =AJ37+(T38*1.9835) -> 13811.553
A39: =A38+1 -> 28 | B39: 6901.72 | C39: 289969 | D39: =C39-C38 -> 112 | E39: =C39-152000 -> 137969 | F39: =D39/$D$2 -> 56.465843 | G39: 105 | H39: 4.5 | I39: =G39+H39 -> 109.5 | J39: =IF(L39>0,L39,0) -> 100.96584 | K39: =I39+J39 -> 210.46584 | L39: =F39-(I39-AD39) -> 100.96584 | M39: 38 | N39: 0 | O39: =(3.87+2.55)*1.05 -> 6.741 | Q39: =1.52*1.02 -> 1.5504 | R39: 2.97 | S39: 0 | T39: 76 | U39: 0 | V39: =M39-N39-O39-Q39-R39-S39+T39+U39 -> 102.7386 | Y39: 0 | AB39: 40 | AC39: =AC38-AB39 -> 1721 | AD39: =N39+O39+Q39+R39+S39+V39+Y39+AB39 -> 154 | AE39: =IF(L39<0,L39*-1,0) -> 0 | AF39: =AD39+AE39 -> 154 | AG39: 0.31 | AH39: 51 | AI39: 38 | AJ39: =AJ38+(T39*1.9835) -> 13962.299
A40: =A39+1 -> 29 | B40: 6901.79 | C40: 290231 | D40: =C40-C39 -> 262 | E40: =C40-152000 -> 138231 | F40: =D40/$D$2 -> 132.08974 | G40: 121 | H40: 5.4 | I40: =G40+H40 -> 126.4 | J40: =IF(L40>0,L40,0) -> 138.68974 | K40: =I40+J40 -> 265.08974 | L40: =F40-(I40-AD40) -> 138.68974 | M40: 51 | N40: 0 | O40: =(7.22+8.37)*1.05 -> 16.3695 | Q40: =1.52*1.02 -> 1.5504 | R40: 2.46 | S40: 0 | T40: 42 | U40: 0 | V40: =M40-N40-O40-Q40-R40-S40+T40+U40 -> 72.6201 | Y40: 0 | AB40: 40 | AC40: =AC39-AB40 -> 1681 | AD40: =N40+O40+Q40+R40+S40+V40+Y40+AB40 -> 133 | AE40: =IF(L40<0,L40*-1,0) -> 0 | AF40: =AD40+AE40 -> 133 | AG40: 0.5 | AH40: 49 | AI40: 30 | AJ40: =AJ39+(T40*1.9835) -> 14045.606
A41: 30 | B41: 6901.872 | C41: 290529 | D41: =C41-C40 -> 298 | E41: =C41-152000 -> 138529 | F41: =D41/$D$2 -> 150.23948 | G41: 116 | H41: 5 | I41: =G41+H41 -> 121 | J41: =IF(L41>0,L41,0) -> 120.23948 | K41: =I41+J41 -> 241.23948 | L41: =F41-(I41-AD41) -> 120.23948 | M41: 51 | N41: 0 | O41: =(8.55+13.45)*1.05 -> 23.1 | Q41: =1.52*1.02 -> 1.5504 | R41: 2.26 | S41: 0 | T41: 0 | U41: 0 | V41: =M41-N41-O41-Q41-R41-S41+T41+U41 -> 24.0896 | Y41: 0 | AB41: 40 | AC41: =AC40-AB41 -> 1641 | AD41: =N41+O41+Q41+R41+S41+V41+Y41+AB41 -> 91 | AE41: =IF(L41<0,L41*-1,0) -> 0 | AF41: =AD41+AE41 -> 91 | AG41: 0.05 | AH41: 45 | AI41: 28 | AJ41: =AJ40+(T41*1.9835) -> 14045.606
A42: 31 | B42: 6901.94 | C42: 290790 | D42: =C42-C41 -> 261 | E42: =C42-152000 -> 138790 | F42: =D42/$D$2 -> 131.58558 | G42: 104 | H42: 4.5 | I42: =G42+H42 -> 108.5 | J42: =IF(L42>0,L42,0) -> 104.08558 | K42: =I42+J42 -> 212.58558 | L42: =F42-(I42-AD42) -> 104.08558 | M42: 41 | N42: 0 | O42: =(8.48+13.43)*1.05 -> 23.0055 | Q42: =1.52*1.02 -> 1.5504 | R42: 2.72 | S42: 0 | T42: 0 | U42: 0 | V42: =M42-N42-O42-Q42-R42-S42+T42+U42 -> 13.7241 | Y42: 0 | AB42: 40 | AC42: =AC41-AB42 -> 1601 | AD42: =N42+O42+Q42+R42+S42+V42+Y42+AB42 -> 81 | AE42: =IF(L42<0,L42*-1,0) -> 0 | AF42: =AD42+AE42 -> 81 | AG42: 0.06 | AH42: 56 | AI42: 29 | AJ42: =AJ41+(T42*1.9835) -> 14045.606
A44: MONTH / CFS | F44: =SUM(F12:F42) -> -359.96975 | G44: =SUM(G12:G42) -> 2072 | H44: =SUM(H12:H42) -> 72.2 | I44: =SUM(I12:I42) -> 2144.2 | J44: =SUM(J12:J42) -> 1053.5912 | K44: =SUM(K12:K42) -> 3197.7912 | L44: =SUM(L12:L42) -> 995.23025 | M44: =SUM(M12:M42) -> 457.4 | ... O44: =SUM(O12:O42) -> 108.57 | Q44: =SUM(Q12:Q42) -> 48.0624 | R44: =SUM(R12:R42) -> 91.34 | S44: =SUM(S12:S42) -> 1.42 | T44: =SUM(T12:T42) -> 1946 | U44: =SUM(U12:U42) -> 0 | V44: =SUM(V12:V42) -> 2154.0076 | AB44: =SUM(AB12:AB42) -> 1096 | AD44: =SUM(AD12:AD42) -> 3499.4 | AE44: =SUM(AE12:AE42) -> 58.360902 | AF44: =SUM(AF12:AF42) -> 3557.7609 | AG44: =SUM(AG12:AG42) -> 2.13 | AH44: =AVERAGE(AH12:AH42) -> 47.903226 | AI44: =AVERAGE(AI12:AI42) -> 25.677419 | AJ44: AVE | AK44: =SUM(AK12:AK42) -> 0
A45: MONTH / AF | D45: =SUM(D12:D42) -> -714 | F45: =F44*$D$2 -> -714 | G45: =G44*$D$2 -> 4109.812 | H45: =H44*$D$2 -> 143.2087 | I45: =I44*$D$2 -> 4253.0207 | J45: =J44*$D$2 -> 2089.798 | K45: =K44*$D$2 -> 6342.8188 | L45: =L44*$D$2 -> 1974.0392 | M45: =M44*$D$2 -> 907.2529 | ... O45: =O44*$D$2 -> 215.34859 | Q45: =Q44*$D$2 -> 95.33177 | R45: =R44*$D$2 -> 181.17289 | S45: =S44*$D$2 -> 2.81657 | T45: =T44*$D$2 -> 3859.891 | U45: =U44*$D$2 -> 0 | V45: =V44*$D$2 -> 4272.4741 | AB45: =AB44*$D$2 -> 2173.916 | AD45: =AD44*$D$2 -> 6941.0599 | AE45: =AE44*$D$2 -> 115.75885 | AF45: =AF44*$D$2 -> 7056.8188 | AH45: =MAX(AH12:AH42) -> 63 | AI45: =MAX(AI12:AI42) -> 38 | AJ45: HI | AK45: =AK44*$D$2 -> 0
A47: SEASON / CFS | O47: =O44 -> 108.57 | AH47: =MIN(AH12:AH42) -> 27 | AI47: =MIN(AI12:AI42) -> 13 | AJ47: LO
A48: SEASON / AF | O48: =O47*D2 -> 215.34859 | V48: =V47*D2 -> 0
A50: YTD / CFS | F50: =F10+F44 -> -4327.7036 | G50: =G10+G44 -> 7652 | H50: =H10+H44 -> 222.823 | I50: =I10+I44 -> 7874.823 | J50: =J10+J44 -> 1532.1884 | K50: =K10+K44 -> 9407.0114 | L50: =L10+L44 -> 314.48345 | M50: =M10+M44 -> 1292.6 | ... O50: =O10+O44 -> 108.57 | Q50: =Q10+Q44 -> 222.8598 | R50: =R10+R44 -> 403.9284 | S50: =S10+S44 -> 2.75 | T50: =T10+T44 -> 7181.94 | U50: =U10+U44 -> 151.47 | V50: =V10+V44 -> 7887.9018 | AB50: =AB10+AB44 -> 3891 | AC50: =AC42 -> 1601 | AD50: =AD10+AD44 -> 12517.01 | AE50: =AE10+AE44 -> 1217.7049 | AF50: =AF10+AF44 -> 13734.715 | AG50: =AG10+AG44 -> 3.14 | AK50: =AK10+AK44 -> 0
A51: YTD / AF | D51: =D10+D45 -> -8584 | E51: =E42 -> 138790 | F51: =F50*$D$2 -> -8584 | G51: =G50*$D$2 -> 15177.742 | H51: =H50*$D$2 -> 441.96942 | I51: =I50*$D$2 -> 15619.711 | J51: =J50*$D$2 -> 3039.0957 | K51: =K50*$D$2 -> 18658.807 | L51: =L50*$D$2 -> 623.77791 | M51: =M50*$D$2 -> 2563.8721 | ... O51: =O50*$D$2 -> 215.34859 | Q51: =Q50*$D$2 -> 442.04241 | R51: =R50*$D$2 -> 801.19198 | S51: =S50*$D$2 -> 5.454625 | T51: =T50*$D$2 -> 14245.378 | U51: =U50*$D$2 -> 300.44074 | V51: =V50*$D$2 -> 15645.653 | AB51: =AB50*$D$2 -> 7717.7985 | AC51: =AC50*$D$2 -> 3175.5835 | AD51: =AD50*$D$2 -> 24827.489 | AE51: =AE50*$D$2 -> 2415.3177 | AF51: =AF50*$D$2 -> 27242.807 | AJ51: =AJ42 -> 14045.606 | AK51: =AK50*$D$2 -> 0

Sheet APR
K1: MCPHEE RESERVOIR INFLOW/OUTFLOW TABULATION
A2: AF/cfs CONVERT FACTOR | D2: 1.9835 | K2: APRIL "2006"
D4: RESERVOIR | V4: INFLOW/OUTFLOW (CFS) | AI4: WEATHER | AM4: ADJUSTMENTS
A5: DATE | B5: RESERV | C5: RESERV | D5: AC FT | E5: ACTIVE | F5: CONV TO | G5: DOLORES | H5: LOST | I5: RECORD | J5: CALC | K5: TOTAL | L5: CALC | M5: DOLORES TUNNEL | T5: LONE | U5: U | V5: TOTAL | W5: MVI | X5: TO EX & | Y5: MVI | Z5: DV CR | AA5: D/S SENIOR | AC5: BELOW | AD5: FISH | AE5: RECORD | AF5: CALC | AG5: TOTAL | AH5: RAIN | AI5: MAX | AJ5: MIN | AK5: NAR | AL5: MVI | AM5: MVI | AN5: MVI | AO5: U/S | AP5: TOTTEN
A6: APR | B6: ELEV | C6: AC FT | D6: CHANGE | E6: CAP | F6: CFS | G6: RIVER | H6: CAN | I6: INFLOW | J6: INFLOW | K6: INFLOW | L6: INF/OTF | M6: TOT DIV | N6: WET | O6: UTE | P6: QUEST | Q6: MWC | R6: CTZ | S6: CTZ & | T6: PINE | U6: LAT | V6: MVI | W6: CALL | X6: U/S EX | Y6: PROJ | Z6: CANAL | AA6: MVIC | AB6: PROJ | AC6: MCP | AD6: LEFT | AE6: OTF | AF6: OTF | AG6: OTF | AI6: TMP | AJ6: TMP | AK6: CALL | AL6: STOCK | AM6: STORED | AN6: STORED | AO6: USERS | AP6: (FRESH
E7: AC FT | N7: LAND | O7: F&R | S7: UTE | AK7: AC FT | AL7: CFS | AM7: Apr - Jun | AN7: EVAP | AO7: EXCH | AP7: WATER)
N8: 1.03 | O8: 1.05 | P8: 1.02 | Q8: 1.02 | R8: 1.04 | S8: PROJ | AA8: 1.7 | AB8: 1.3 | AD8: 31798 | AN8: AC.FT.
A9: SEASON BAL | O9: =MAR!O47 -> 108.57 | V9: =MAR!V47 -> 0
A10: YTD | B10: =MAR!B42 -> 6901.94 | C10: =MAR!C42 -> 290790 | D10: =MAR!D51 -> -8584 | E10: =MAR!E51 -> 138790 | F10: =MAR!F50 -> -4327.7036 | G10: =MAR!G50 -> 7652 | H10: =MAR!H50 -> 222.823 | I10: =MAR!I50 -> 7874.823 | J10: =MAR!J50 -> 1532.1884 | K10: =MAR!K50 -> 9407.0114 | L10: =MAR!L50 -> 314.48345 | M10: =MAR!M50 -> 1292.6 | ... O10: =MAR!O50 -> 108.57 | Q10: =MAR!Q50 -> 222.8598 | R10: =MAR!R50 -> 403.9284 | S10: =MAR!S50 -> 2.75 | T10: =MAR!T50 -> 7181.94 | U10: =MAR!U50 -> 151.47 | V10: =MAR!V50 -> 7887.9018 | Z10: =MAR!Y50 -> 0 | AC10: =MAR!AB50 -> 3891 | AD10: =AD8/D2 -> 16031.258 | AE10: =MAR!AD50 -> 12517.01 | AF10: =MAR!AE50 -> 1217.7049 | AG10: =MAR!AF50 -> 13734.715 | AH10: =MAR!AG50 -> 3.14 | AK10: =MAR!AJ51 -> 14045.606 | AL10: =MAR!AK50 -> 0
A12: 1 | B12: 6902.02 | C12: 291090 | D12: =C12-C10 -> 300 | E12: =C12-152000 -> 139090 | F12: =D12/$D$2 -> 151.24779 | G12: 139 | H12: 6.9 | I12: =G12+H12 -> 145.9 | J12: =IF(L12>0,L12,0) -> 67.347794 | K12: =I12+J12 -> 213.24779 | L12: =F12-(I12-AE12) -> 67.347794 | M12: 22 | N12: =1.8299*1.03 -> 1.884797 | O12: =(8.47+13.39)*1.05 -> 22.953 | Q12: =1.67*1.02 -> 1.7034 | R12: =2.43*1.04 -> 2.5272 | S12: 0 | T12: 0 | U12: 0 | V12: =M12-N12-O12-Q12-R12-S12+T12+U12 -> -7.068397 | W12: =W9+AM12-(AN12/1.9835) -> 146.63904 | X12: 1714.14 | Z12: 0 | AA12: 1.7 | AB12: 1.3 | AC12: 40 | AD12: =AD10-AC12 -> 15991.258 | AE12: =N12+O12+Q12+R12+S12+V12+Z12+AC12 -> 62 | AF12: =IF(L12<0,L12*-1,0) -> 0 | AG12: =AE12+AF12 -> 62 | AH12: 0.41 | AI12: 44 | AJ12: 32 | AK12: =AK10 -> 14045.606 | AM12: =I12-Q12-R12-V12-AA12 -> 147.0378 | AN12: =29.8*(AM12*1.9835+X12*1.9835)/E12 -> 0.79093433
A13: =A12+1 -> 2 | B13: 6902.09 | C13: 291353 | D13: =C13-C12 -> 263 | E13: =C13-152000 -> 139353 | F13: =D13/$D$2 -> 132.5939 | G13: 125 | H13: 6.8 | I13: =G13+H13 -> 131.8 | J13: =IF(L13>0,L13,0) -> 69.4939 | K13: =I13+J13 -> 201.2939 | L13: =F13-(I13-AE13) -> 69.4939 | M13: 23 | N13: =1.8299*1.03 -> 1.884797 | O13: =(8.45+13.32)*1.05 -> 22.8585 | Q13: =1.67*1.02 -> 1.7034 | R13: =2.2*1.04 -> 2.288 | S13: 0 | T13: 0 | U13: 3.7 | V13: =M13-N13-O13-Q13-R13-S13+T13+U13 -> -2.034697 | W13: =W12+AM13-(AN13/1.9835) -> 274.35702 | X13: =X12 -> 1714.14 | Z13: 0 | AA13: 1.7 | AB13: 1.3 | AC13: 42 | AD13: =AD12-AC13 -> 15949.258 | AE13: =N13+O13+Q13+R13+S13+V13+Z13+AC13 -> 68.7 | AF13: =IF(L13<0,L13*-1,0) -> 0 | AG13: =AE13+AF13 -> 68.7 | AH13: 0 | AI13: 55 | AJ13: 28 | AK13: =AK12 -> 14045.606 | AL13: =V13 -> -2.034697 | AM13: =I13-Q13-R13-V13-AA13 -> 128.1433 | AN13: =29.8*(W12*1.9835+AM13*1.9835+X12*1.9835)/E13 -> 0.84362603
A14: =A13+1 -> 3 | B14: 6902.12 | C14: 291466 | D14: =C14-C13 -> 113 | E14: =C14-152000 -> 139466 | F14: =D14/$D$2 -> 56.970003 | G14: 131 | H14: 7 | I14: =G14+H14 -> 138 | J14: =IF(L14>0,L14,0) -> 62.370003 | K14: =I14+J14 -> 200.37 | L14: =F14-(I14-AE14) -> 62.370003 | M14: 93 | N14: =1.8299*1.03 -> 1.884797 | O14: =(17.23+19.69)*1.05 -> 38.766 | Q14: =1.67*1.02 -> 1.7034 | R14: =3.75*1.04 -> 3.9 | S14: 0 | T14: 0 | U14: 5.4 | V14: =M14-N14-O14-Q14-R14-S14+T14+U14 -> 52.145803 | W14: =W13+AM14-(AN14/1.9835) -> 352.46614 | X14: =X13 -> 1714.14 | Z14: 0 | AA14: 1.7 | AB14: 1.3 | AC14: 45 | AD14: =AD13-AC14 -> 15904.258 | AE14: =N14+O14+Q14+R14+S14+V14+Z14+AC14 -> 143.4 | AF14: =IF(L14<0,L14*-1,0) -> 0 | AG14: =AE14+AF14 -> 143.4 | AH14: 0 | AI14: 65 | AJ14: 36 | AK14: =AK12 -> 14045.606 | AL14: =V14 -> 52.145803 | AM14: =I14-Q14-R14-V14-AA14 -> 78.550797 | AN14: =29.8*(W13*1.9835+AM14*1.9835+X13*1.9835)/E14 -> 0.87605353
A15: =A14+1 -> 4 | B15: 6902.22 | C15: 291842 | D15: =C15-C14 -> 376 | E15: =C15-152000 -> 139842 | F15: =D15/$D$2 -> 189.5639 | G15: 152 | H15: 8.9 | I15: =G15+H15 -> 160.9 | J15: =IF(L15>0,L15,0) -> 158.5639 | K15: =I15+J15 -> 319.4639 | L15: =F15-(I15-AE15) -> 158.5639 | M15: 78 | N15: 1.88 | O15: =(22.75+23.91+7.51)*1.05 -> 56.8785 | Q15: =1.67*1.02 -> 1.7034 | R15: =3.36*1.04 -> 3.4944 | S15: 0 | T15: 0 | U15: 6.9 | V15: =M15-N15-O15-Q15-R15-S15+T15+U15 -> 20.9437 | W15: =W14+AM15-(AN15/1.9835) -> 485.0559 | X15: =X14 -> 1714.14 | Z15: 0 | AA15: 1.7 | AB15: 1.3 | AC15: 45 | AD15: =AD14-AC15 -> 15859.258 | AE15: =N15+O15+Q15+R15+S15+V15+Z15+AC15 -> 129.9 | AF15: =IF(L15<0,L15*-1,0) -> 0 | AG15: =AE15+AF15 -> 129.9 | AH15: 0 | AI15: 64 | AJ15: 44 | AK15: =AK13 -> 14045.606 | AL15: =V15 -> 20.9437 | AM15: =I15-Q15-R15-V15-AA15 -> 133.0585 | AN15: =29.8*(W14*1.9835+AM15*1.9835+X14*1.9835)/E15 -> 0.92975242
A16: =A15+1 -> 5 | B16: 6902.36 | C16: 292369 | D16: =C16-C15 -> 527 | E16: =C16-152000 -> 140369 | F16: =D16/$D$2 -> 265.69196 | G16: 182 | H16: 14 | I16: =G16+H16 -> 196 | J16: =IF(L16>0,L16,0) -> 215.89196 | K16: =I16+J16 -> 411.89196 | L16: =F16-(I16-AE16) -> 215.89196 | M16: 97 | N16: 1.88 | O16: =(27.58+28.98)*1.05 -> 59.388 | Q16: =1.67*1.02 -> 1.7034 | R16: =2.99*1.04 -> 3.1096 | S16: 0 | T16: 0 | U16: 6.2 | V16: =M16-N16-O16-Q16-R16-S16+T16+U16 -> 37.119 | W16: =W15+AM16-(AN16/1.9835) -> 636.92467 | X16: =X15 -> 1714.14 | Z16: 0 | AA16: 1.7 | AB16: 1.3 | AC16: 43 | AD16: =AD15-AC16 -> 15816.258 | AE16: =N16+O16+Q16+R16+S16+V16+Z16+AC16 -> 146.2 | AF16: =IF(L16<0,L16*-1,0) -> 0 | AG16: =AE16+AF16 -> 146.2 | AH16: 0.2 | AI16: 56 | AJ16: 30 | AK16: =AK14 -> 14045.606 | AL16: =V16 -> 37.119 | AM16: =I16-Q16-R16-V16-AA16 -> 152.368 | AN16: =29.8*(W15*1.9835+AM16*1.9835+X15*1.9835)/E16 -> 0.99022537
A17: =A16+1 -> 6 | B17: 6902.48 | C17: 292821 | D17: =C17-C16 -> 452 | E17: =C17-152000 -> 140821 | F17: =D17/$D$2 -> 227.88001 | G17: 209 | H17: 9.9 | I17: =G17+H17 -> 218.9 | J17: =IF(L17>0,L17,0) -> 157.28001 | K17: =I17+J17 -> 376.18001 | L17: =F17-(I17-AE17) -> 157.28001 | M17: 100 | N17: 1.88 | O17: =(40+41.12)*1.05 -> 85.176 | Q17: =1.67*1.02 -> 1.7034 | R17: =2.46*1.04 -> 2.5584 | S17: 0 | T17: 0 | U17: 5.3 | V17: =M17-N17-O17-Q17-R17-S17+T17+U17 -> 13.9822 | W17: =W16+AM17-(AN17/1.9835) -> 835.34104 | X17: =X16 -> 1714.14 | Z17: 0 | AA17: 1.7 | AB17: 1.3 | AC17: 43 | AD17: =AD16-AC17 -> 15773.258 | AE17: =N17+O17+Q17+R17+S17+V17+Z17+AC17 -> 148.3 | AF17: =IF(L17<0,L17*-1,0) -> 0 | AG17: =AE17+AF17 -> 148.3 | AH17: 0.2 | AI17: 40 | AJ17: 27 | AK17: =AK15 -> 14045.606 | AL17: =V17 -> 13.9822 | AM17: =I17-Q17-R17-V17-AA17 -> 198.956 | AN17: =29.8*(W16*1.9835+AM17*1.9835+X16*1.9835)/E17 -> 1.0703474
A18: =A17+1 -> 7 | B18: 6902.56 | C18: 293122 | D18: =C18-C17 -> 301 | E18: =C18-152000 -> 141122 | F18: =D18/$D$2 -> 151.75195 | G18: 183 | H18: 6.5 | I18: =G18+H18 -> 189.5 | J18: =IF(L18>0,L18,0) -> 98.651954 | K18: =I18+J18 -> 288.15195 | L18: =F18-(I18-AE18) -> 98.651954 | M18: 89 | N18: 1.88 | O18: =(42.26+41.62)*1.05 -> 88.074 | Q18: =1.67*1.02 -> 1.7034 | R18: =2.54*1.04 -> 2.6416 | S18: 0 | T18: 0 | U18: 2.4 | V18: =M18-N18-O18-Q18-R18-S18+T18+U18 -> -2.899 | W18: =W17+AM18-(AN18/1.9835) -> 1021.1173 | X18: =X17 -> 1714.14 | Z18: 0 | AA18: 1.7 | AB18: 1.3 | AC18: 45 | AD18: =AD17-AC18 -> 15728.258 | AE18: =N18+O18+Q18+R18+S18+V18+Z18+AC18 -> 136.4 | AF18: =IF(L18<0,L18*-1,0) -> 0 | AG18: =AE18+AF18 -> 136.4 | AH18: 0 | AI18: 59 | AJ18: 28 | AK18: =AK16 -> 14045.606 | AL18: =V18 -> -2.899 | AM18: =I18-Q18-R18-V18-AA18 -> 186.354 | AN18: =29.8*(W17*1.9835+AM18*1.9835+X17*1.9835)/E18 -> 1.1458919
A19: =A18+1 -> 8 | B19: 6902.67 | C19: 293536 | D19: =C19-C18 -> 414 | E19: =C19-152000 -> 141536 | F19: =D19/$D$2 -> 208.72196 | G19: 212 | H19: 9.9 | I19: =G19+H19 -> 221.9 | J19: =IF(L19>0,L19,0) -> 125.82196 | K19: =I19+J19 -> 347.72196 | L19: =F19-(I19-AE19) -> 125.82196 | M19: 94 | N19: 1.88 | O19: =(44.11+44.11)*1.05 -> 92.631 | Q19: =1.67*1.02 -> 1.7034 | R19: =3.99*1.04 -> 4.1496 | S19: 0 | T19: 0 | U19: 0 | V19: =M19-N19-O19-Q19-R19-S19+T19+U19 -> -6.364 | W19: =W18+AM19-(AN19/1.9835) -> 1241.206 | X19: =X18 -> 1714.14 | Z19: 0 | AA19: 1.7 | AB19: 1.3 | AC19: 45 | AD19: =AD18-AC19 -> 15683.258 | AE19: =N19+O19+Q19+R19+S19+V19+Z19+AC19 -> 139 | AF19: =IF(L19<0,L19*-1,0) -> 0 | AG19: =AE19+AF19 -> 139 | AH19: 0 | AI19: 64 | AJ19: 34 | AK19: =AK17 -> 14045.606 | AM19: =I19-Q19-R19-V19-AA19 -> 220.711 | AN19: =29.8*(W18*1.9835+AM19*1.9835+X18*1.9835)/E19 -> 1.2344722
A20: =A19+1 -> 9 | B20: 6902.81 | C20: 294062 | D20: =C20-C19 -> 526 | E20: =C20-152000 -> 142062 | F20: =D20/$D$2 -> 265.1878 | G20: 261 | H20: 11 | I20: =G20+H20 -> 272 | J20: =IF(L20>0,L20,0) -> 144.1878 | K20: =I20+J20 -> 416.1878 | L20: =F20-(I20-AE20) -> 144.1878 | M20: 107 | N20: 1.88 | O20: =(49.74+49.94)*1.05 -> 104.664 | Q20: =1.67*1.02 -> 1.7034 | R20: =3.44*1.04 -> 3.5776 | S20: 0 | T20: 0 | U20: 0 | V20: =M20-N20-O20-Q20-R20-S20+T20+U20 -> -4.825 | W20: =W19+AM20-(AN20/1.9835) -> 1510.3734 | X20: =X19 -> 1714.14 | Z20: 0 | AA20: 1.7 | AB20: 1.3 | AC20: 44 | AD20: =AD19-AC20 -> 15639.258 | AE20: =N20+O20+Q20+R20+S20+V20+Z20+AC20 -> 151 | AF20: =IF(L20<0,L20*-1,0) -> 0 | AG20: =AE20+AF20 -> 151 | AH20: 0 | AI20: 69 | AJ20: 35 | AK20: =AK18 -> 14045.606 | AM20: =I20-Q20-R20-V20-AA20 -> 269.844 | AN20: =29.8*(W19*1.9835+AM20*1.9835+X19*1.9835)/E20 -> 1.3419176
A21: =A20+1 -> 10 | B21: 6902.99 | C21: 294740 | D21: =C21-C20 -> 678 | E21: =C21-152000 -> 142740 | F21: =D21/$D$2 -> 341.82002 | G21: 350 | H21: 14 | I21: =G21+H21 -> 364 | J21: =IF(L21>0,L21,0) -> 132.82002 | K21: =I21+J21 -> 496.82002 | L21: =F21-(I21-AE21) -> 132.82002 | M21: 111 | N21: 1.88 | O21: =(51.66+50.82)*1.05 -> 107.604 | Q21: =1.67*1.02 -> 1.7034 | R21: =4.01*1.04 -> 4.1704 | S21: 0 | T21: 0 | U21: 0 | V21: =M21-N21-O21-Q21-R21-S21+T21+U21 -> -4.3578 | W21: =W20+AM21-(AN21/1.9835) -> 1870.4089 | X21: =X20 -> 1714.14 | Z21: 0 | AA21: 1.7 | AB21: 1.3 | AC21: 44 | AD21: =AD20-AC21 -> 15595.258 | AE21: =N21+O21+Q21+R21+S21+V21+Z21+AC21 -> 155 | AF21: =IF(L21<0,L21*-1,0) -> 0 | AG21: =AE21+AF21 -> 155 | AH21: 0 | AI21: 62 | AJ21: 35 | AK21: =AK19 -> 14045.606 | AM21: =I21-Q21-R21-V21-AA21 -> 360.784 | AN21: =29.8*(W20*1.9835+AM21*1.9835+X20*1.9835)/E21 -> 1.4846633
A22: =A21+1 -> 11 | B22: 6903.16 | C22: 295384 | D22: =C22-C21 -> 644 | E22: =C22-152000 -> 143384 | F22: =D22/$D$2 -> 324.6786 | G22: 401 | H22: 13 | I22: =G22+H22 -> 414 | J22: =IF(L22>0,L22,0) -> 72.678598 | K22: =I22+J22 -> 486.6786 | L22: =F22-(I22-AE22) -> 72.678598 | M22: 117 | N22: 1.88 | O22: =(51.13+51.99)*1.05 -> 108.276 | Q22: =1.67*1.02 -> 1.7034 | R22: =3.44*1.04 -> 3.5776 | S22: 0 | T22: 0 | U22: 0 | V22: =M22-N22-O22-Q22-R22-S22+T22+U22 -> 1.563 | W22: =W21+AM22-(AN22/1.9835) -> 2275.0357 | X22: =X21 -> 1714.14 | Z22: 0 | AA22: 1.7 | AB22: 1.3 | AC22: 45 | AD22: =AD21-AC22 -> 15550.258 | AE22: =N22+O22+Q22+R22+S22+V22+Z22+AC22 -> 162 | AF22: =IF(L22<0,L22*-1,0) -> 0 | AG22: =AE22+AF22 -> 162 | AH22: 0 | AI22: 56 | AJ22: 38 | AK22: =AK20 -> 14045.606 | AM22: =I22-Q22-R22-V22-AA22 -> 405.456 | AN22: =29.8*(W21*1.9835+AM22*1.9835+X21*1.9835)/E22 -> 1.6448307
A23: =A22+1 -> 12 | B23: 6903.36 | C23: 296143 | D23: =C23-C22 -> 759 | E23: =C23-152000 -> 144143 | F23: =D23/$D$2 -> 382.65692 | G23: 407 | H23: 11 | I23: =G23+H23 -> 418 | J23: =IF(L23>0,L23,0) -> 114.65692 | K23: =I23+J23 -> 532.65692 | L23: =F23-(I23-AE23) -> 114.65692 | M23: 106 | N23: 1.88 | O23: =(47.89+48.19)*1.05 -> 100.884 | Q23: =1.67*1.02 -> 1.7034 | R23: =3.63*1.04 -> 3.7752 | S23: 0 | T23: 0 | U23: 0 | V23: =M23-N23-O23-Q23-R23-S23+T23+U23 -> -2.2426 | W23: =W22+AM23-(AN23/1.9835) -> 2687.1895 | X23: =X22 -> 1714.14 | Z23: 0 | AA23: 1.7 | AB23: 1.3 | AC23: 44 | AD23: =AD22-AC23 -> 15506.258 | AE23: =N23+O23+Q23+R23+S23+V23+Z23+AC23 -> 150 | AF23: =IF(L23<0,L23*-1,0) -> 0 | AG23: =AE23+AF23 -> 150 | AH23: 0 | AI23: 68 | AJ23: 37 | AK23: =AK21 -> 14045.606 | AM23: =I23-Q23-R23-V23-AA23 -> 413.064 | AN23: =29.8*(W22*1.9835+AM23*1.9835+X22*1.9835)/E23 -> 1.8052136
A24: =A23+1 -> 13 | B24: 6903.56 | C24: 296902 | D24: =C24-C23 -> 759 | E24: =C24-152000 -> 144902 | F24: =D24/$D$2 -> 382.65692 | G24: 529 | H24: 24 | I24: =G24+H24 -> 553 | J24: =IF(L24>0,L24,0) -> 16.65692 | K24: =I24+J24 -> 569.65692 | L24: =F24-(I24-AE24) -> 16.65692 | M24: 99 | N24: 1.88 | O24: =(39.02+43.97)*1.05 -> 87.1395 | Q24: =1.67*1.02 -> 1.7034 | R24: =3.62*1.04 -> 3.7648 | S24: 0 | T24: 43 | U24: 0 | V24: =M24-N24-O24-Q24-R24-S24+T24+U24 -> 47.5123 | W24: =W23+AM24-(AN24/1.9835) -> 3184.5014 | X24: =X23 -> 1714.14 | Z24: 0 | AA24: 1.7 | AB24: 1.3 | AC24: 45 | AD24: =AD23-AC24 -> 15461.258 | AE24: =N24+O24+Q24+R24+S24+V24+Z24+AC24 -> 187 | AF24: =IF(L24<0,L24*-1,0) -> 0 | AG24: =AE24+AF24 -> 187 | AH24: 0 | AI24: 71 | AJ24: 37 | AK24: =AK22 -> 14045.606 | AM24: =I24-Q24-R24-V24-AA24 -> 498.3195 | AN24: =29.8*(W23*1.9835+AM24*1.9835+X23*1.9835)/E24 -> 1.9986606
A25: =A24+1 -> 14 | B25: 6903.9 | C25: 298192 | D25: =C25-C24 -> 1290 | E25: =C25-152000 -> 146192 | F25: =D25/$D$2 -> 650.36552 | G25: 677 | H25: 61 | I25: =G25+H25 -> 738 | J25: =IF(L25>0,L25,0) -> 117.36552 | K25: =I25+J25 -> 855.36552 | L25: =F25-(I25-AE25) -> 117.36552 | M25: 84 | N25: 1.88 | O25: =(34.12+37.53)*1.05 -> 75.2325 | Q25: =1.67*1.02 -> 1.7034 | R25: 4.2 | S25: 0.32 | T25: 76 | U25: 0 | V25: =M25-N25-O25-Q25-R25-S25+T25+U25 -> 76.6641 | W25: =W24+AM25-(AN25/1.9835) -> 3837.1021 | X25: =X24 -> 1714.14 | Z25: 0 | AA25: 1.7 | AB25: 1.3 | AC25: 45 | AD25: =AD24-AC25 -> 15416.258 | AE25: =N25+O25+Q25+R25+S25+V25+Z25+AC25 -> 205 | AF25: =IF(L25<0,L25*-1,0) -> 0 | AG25: =AE25+AF25 -> 205 | AH25: 0 | AI25: 70 | AJ25: 41 | AK25: =AK23 -> 14045.606 | AM25: =I25-Q25-R25-V25-AA25 -> 653.7325 | AN25: =29.8*(W24*1.9835+AM25*1.9835+X24*1.9835)/E25 -> 2.2449339
A26: =A25+1 -> 15 | B26: 6904.3 | C26: 299718 | D26: =C26-C25 -> 1526 | E26: =C26-152000 -> 147718 | F26: =D26/$D$2 -> 769.34711 | G26: 755 | H26: 65 | I26: =G26+H26 -> 820 | J26: =IF(L26>0,L26,0) -> 134.34711 | K26: =I26+J26 -> 954.34711 | L26: =F26-(I26-AE26) -> 134.34711 | M26: 64 | N26: 1.88 | O26: =(26.17+25.22)*1.05 -> 53.9595 | Q26: =1.67*1.02 -> 1.7034 | R26: 4.2 | S26: 0.73 | T26: 76 | U26: 0 | V26: =M26-N26-O26-Q26-R26-S26+T26+U26 -> 77.5271 | W26: =W25+AM26-(AN26/1.9835) -> 4553.3104 | X26: =X25 -> 1714.14 | Z26: 0 | AA26: 1.7 | AB26: 1.3 | AC26: 45 | AD26: =AD25-AC26 -> 15371.258 | AE26: =N26+O26+Q26+R26+S26+V26+Z26+AC26 -> 185 | AF26: =IF(L26<0,L26*-1,0) -> 0 | AG26: =AE26+AF26 -> 185 | AH26: 0.02 | AI26: 57 | AJ26: 35 | AK26: =AK24 -> 14045.606 | AM26: =795-V26 -> 717.4729 | AN26: =29.8*(W25*1.9835+AM26*1.9835+X25*1.9835)/E26 -> 2.5083814
A27: =A26+1 -> 16 | B27: 6904.65 | C27: 301057 | D27: =C27-C26 -> 1339 | E27: =C27-152000 -> 149057 | F27: =D27/$D$2 -> 675.06932 | G27: 601 | H27: 38 | I27: =G27+H27 -> 639 | J27: =IF(L27>0,L27,0) -> 229.16932 | K27: =I27+J27 -> 868.16932 | L27: =F27-(I27-AE27) -> 229.16932 | M27: 59 | N27: 1.88 | O27: =(18.6+20.31)*1.05 -> 40.8555 | Q27: =1.67*1.02 -> 1.7034 | R27: 4.2 | S27: 0.73 | T27: 87 | U27: 2.1 | V27: =M27-N27-O27-Q27-R27-S27+T27+U27 -> 98.7311 | W27: =W26+AM27-(AN27/1.9835) -> 5084.6164 | X27: =X26 -> 1714.14 | Z27: 0 | AA27: 1.7 | AB27: 1.3 | AC27: 45 | AD27: =AD26-AC27 -> 15326.258 | AE27: =N27+O27+Q27+R27+S27+V27+Z27+AC27 -> 193.1 | AF27: =IF(L27<0,L27*-1,0) -> 0 | AG27: =AE27+AF27 -> 193.1 | AH27: 0 | AI27: 66 | AJ27: 35 | AK27: =AK25 -> 14045.606 | AM27: =I27-Q27-R27-V27-AA27 -> 532.6655 | AN27: =29.8*(W26*1.9835+AM27*1.9835+X26*1.9835)/E27 -> 2.6965744
A28: =A27+1 -> 17 | B28: 6905 | C28: 302396 | D28: =C28-C27 -> 1339 | E28: =C28-152000 -> 150396 | F28: =D28/$D$2 -> 675.06932 | G28: 722 | H28: 52 | I28: =G28+H28 -> 774 | J28: =IF(L28>0,L28,0) -> 132.86932 | K28: =I28+J28 -> 906.86932 | L28: =F28-(I28-AE28) -> 132.86932 | M28: 73 | N28: 1.88 | O28: =(18.68+19.11)*1.05 -> 39.6795 | Q28: =1.67*1.02 -> 1.7034 | R28: =3.57*1.04 -> 3.7128 | S28: 0 | T28: 101 | U28: 6.5 | V28: =M28-N28-O28-Q28-R28-S28+T28+U28 -> 133.5243 | W28: =W27+AM28-(AN28/1.9835) -> 5716.5032 | X28: =X27 -> 1714.14 | Z28: 6.3 | AA28: 1.7 | AB28: 1.3 | AC28: 45 | AD28: =AD27-AC28 -> 15281.258 | AE28: =N28+O28+Q28+R28+S28+V28+Z28+AC28 -> 231.8 | AF28: =IF(L28<0,L28*-1,0) -> 0 | AG28: =AE28+AF28 -> 231.8 | AH28: 0 | AI28: 65 | AJ28: 32 | AK28: =AK26 -> 14045.606 | AM28: =I28-Q28-R28-V28-AA28 -> 633.3595 | AN28: =29.8*(W27*1.9835+AM28*1.9835+X27*1.9835)/E28 -> 2.9209536
A29: =A28+1 -> 18 | B29: 6905.35 | C29: 303745 | D29: =C29-C28 -> 1349 | E29: =C29-152000 -> 151745 | F29: =D29/$D$2 -> 680.11092 | G29: 829 | H29: 63 | I29: =G29+H29 -> 892 | J29: =IF(L29>0,L29,0) -> 25.910915 | K29: =I29+J29 -> 917.91092 | L29: =F29-(I29-AE29) -> 25.910915 | M29: 84 | N29: 1.88 | O29: =(22.38+20.36)*1.05 -> 44.877 | Q29: =1.67*1.02 -> 1.7034 | R29: =3.6*1.04 -> 3.744 | S29: 0 | T29: 101 | U29: 7.8 | V29: =M29-N29-O29-Q29-R29-S29+T29+U29 -> 140.5956 | W29: =W28+AM29-(AN29/1.9835) -> 6369.3199 | X29: =X28 -> 1714.14 | Z29: 0 | AA29: 1.7 | AB29: 1.3 | AC29: 45 | AD29: =AD28-AC29 -> 15236.258 | AE29: =N29+O29+Q29+R29+S29+V29+Z29+AC29 -> 237.8 | AF29: =IF(L29<0,L29*-1,0) -> 0 | AG29: =AE29+AF29 -> 237.8 | AH29: 0 | AI29: 48 | AJ29: 24 | AK29: =AK27 -> 14045.606 | AM29: =795-V29 -> 654.4044 | AN29: =29.8*(W28*1.9835+AM29*1.9835+X28*1.9835)/E29 -> 3.1493191
A30: =A29+1 -> 19 | B30: 6905.6 | C30: 304709 | D30: =C30-C29 -> 964 | E30: =C30-152000 -> 152709 | F30: =D30/$D$2 -> 486.00958 | G30: 720 | H30: 33 | I30: =G30+H30 -> 753 | J30: =IF(L30>0,L30,0) -> 2.709579 | K30: =I30+J30 -> 755.70958 | L30: =F30-(I30-AE30) -> 2.709579 | M30: 100 | N30: 1.88 | O30: =(25.69+26.81)*1.05 -> 55.125 | Q30: =1.67*1.02 -> 1.7034 | R30: =3.88*1.04 -> 4.0352 | S30: 0 | T30: 101 | U30: 7.7 | V30: =M30-N30-O30-Q30-R30-S30+T30+U30 -> 145.9564 | W30: =W29+AM30-(AN30/1.9835) -> 6967.2304 | X30: =X29 -> 1714.14 | Z30: 16 | AA30: 1.7 | AB30: 1.3 | AC30: 45 | AD30: =AD29-AC30 -> 15191.258 | AE30: =N30+O30+Q30+R30+S30+V30+Z30+AC30 -> 269.7 | AF30: =IF(L30<0,L30*-1,0) -> 0 | AG30: =AE30+AF30 -> 269.7 | AH30: 0 | AI30: 57 | AJ30: 25 | AK30: =AK28 -> 14045.606 | AM30: =I30-Q30-R30-V30-AA30 -> 599.605 | AN30: =29.8*(W29*1.9835+AM30*1.9835+X29*1.9835)/E30 -> 3.36091
A31: =A30+1 -> 20 | B31: 6905.94 | C31: 306020 | D31: =C31-C30 -> 1311 | E31: =C31-152000 -> 154020 | F31: =D31/$D$2 -> 660.95286 | G31: 765 | H31: 31 | I31: =G31+H31 -> 796 | J31: =IF(L31>0,L31,0) -> 82.752861 | K31: =I31+J31 -> 878.75286 | L31: =F31-(I31-AE31) -> 82.752861 | M31: 95 | N31: 1.88 | O31: =(24.86+27.79)*1.05 -> 55.2825 | Q31: =1.67*1.02 -> 1.7034 | R31: 4.2 | S31: 2.03 | T31: 42 | U31: 9.8 | V31: =M31-N31-O31-Q31-R31-S31+T31+U31 -> 81.7041 | W31: =W30+AM31-(AN31/1.9835) -> 7672.1065 | X31: =X30 -> 1714.14 | Z31: 26 | AA31: 1.7 | AB31: 1.3 | AC31: 45 | AD31: =AD30-AC31 -> 15146.258 | AE31: =N31+O31+Q31+R31+S31+V31+Z31+AC31 -> 217.8 | AF31: =IF(L31<0,L31*-1,0) -> 0 | AG31: =AE31+AF31 -> 217.8 | AH31: 0 | AI31: 62 | AJ31: 28 | AK31: =AK29 -> 14045.606 | AM31: =I31-Q31-R31-V31-AA31 -> 706.6925 | AN31: =29.8*(W30*1.9835+AM31*1.9835+X30*1.9835)/E31 -> 3.6028596
A32: =A31+1 -> 21 | B32: 6906.32 | C32: 307495 | D32: =C32-C31 -> 1475 | E32: =C32-152000 -> 155495 | F32: =D32/$D$2 -> 743.63499 | G32: 841 | H32: 34 | I32: =G32+H32 -> 875 | J32: =IF(L32>0,L32,0) -> 38.634989 | K32: =I32+J32 -> 913.63499 | L32: =F32-(I32-AE32) -> 38.634989 | M32: 86 | N32: 1.88 | O32: =+(24.63+25.93)*1.05 -> 53.088 | Q32: =1.67*1.02 -> 1.7034 | R32: 4.2 | S32: 0.98 | T32: 0 | U32: 16 | V32: =M32-N32-O32-Q32-R32-S32+T32+U32 -> 40.1486 | W32: =W31+AM32-(AN32/1.9835) -> 8425.0144 | X32: =X31 -> 1714.14 | Z32: 23 | AA32: 1.7 | AB32: 1.3 | AC32: 45 | AD32: =AD31-AC32 -> 15101.258 | AE32: =N32+O32+Q32+R32+S32+V32+Z32+AC32 -> 170 | AF32: =IF(L32<0,L32*-1,0) -> 0 | AG32: =AE32+AF32 -> 170 | AH32: 0 | AI32: 69 | AJ32: 33 | AK32: =AK30 -> 14045.606 | AM32: =795-V32 -> 754.8514 | AN32: =29.8*(W31*1.9835+AM32*1.9835+X31*1.9835)/E32 -> 3.8549346
A33: =A32+1 -> 22 | B33: 6906.8 | C33: 309361 | D33: =C33-C32 -> 1866 | E33: =C33-152000 -> 157361 | F33: =D33/$D$2 -> 940.76128 | G33: 928 | H33: 43 | I33: =G33+H33 -> 971 | J33: =IF(L33>0,L33,0) -> 147.76128 | K33: =I33+J33 -> 1118.7613 | L33: =F33-(I33-AE33) -> 147.76128 | M33: 82 | N33: 1.88 | O33: =(15.36+24.46)*1.05 -> 41.811 | Q33: =1.67*1.02 -> 1.7034 | R33: 4.2 | S33: 2.12 | T33: 0 | U33: 25 | V33: =M33-N33-O33-Q33-R33-S33+T33+U33 -> 55.2856 | W33: =W32+AM33-(AN33/1.9835) -> 9162.6687 | X33: =X32 -> 1714.14 | Z33: 26 | AA33: 1.7 | AB33: 1.3 | AC33: 45 | AD33: =AD32-AC33 -> 15056.258 | AE33: =N33+O33+Q33+R33+S33+V33+Z33+AC33 -> 178 | AF33: =IF(L33<0,L33*-1,0) -> 0 | AG33: =AE33+AF33 -> 178 | AH33: 0 | AI33: 76 | AJ33: 42 | AK33: =AK31 -> 14045.606 | AM33: =795-V33 -> 739.7144 | AN33: =29.8*(W32*1.9835+AM33*1.9835+X32*1.9835)/E33 -> 4.0863457
A34: =A33+1 -> 23 | B34: 6907.31 | C34: 311352 | D34: =C34-C33 -> 1991 | E34: =C34-152000 -> 159352 | F34: =D34/$D$2 -> 1003.7812 | G34: 1040 | H34: 46 | I34: =G34+H34 -> 1086 | J34: =IF(L34>0,L34,0) -> 95.081195 | K34: =I34+J34 -> 1181.0812 | L34: =F34-(I34-AE34) -> 95.081195 | M34: 95 | N34: 1.88 | O34: =(10.07+17.97)*1.05 -> 29.442 | Q34: =1.67*1.02 -> 1.7034 | R34: 4.2 | S34: 2.42 | T34: 0 | U34: 28 | V34: =M34-N34-O34-Q34-R34-S34+T34+U34 -> 83.3546 | W34: =W33+AM34-(AN34/1.9835) -> 9872.1469 | X34: =X33 -> 1714.14 | Z34: 9.3 | AA34: 1.7 | AB34: 1.3 | AC34: 45 | AD34: =AD33-AC34 -> 15011.258 | AE34: =N34+O34+Q34+R34+S34+V34+Z34+AC34 -> 177.3 | AF34: =IF(L34<0,L34*-1,0) -> 0 | AG34: =AE34+AF34 -> 177.3 | AH34: 0 | AI34: 71 | AJ34: 38 | AK34: =AK32 -> 14045.606 | AM34: =795-V34 -> 711.6454 | AN34: =29.8*(W33*1.9835+AM34*1.9835+X33*1.9835)/E34 -> 4.2984953
A35: =A34+1 -> 24 | B35: 6907.78 | C35: 313194 | D35: =C35-C34 -> 1842 | E35: =C35-152000 -> 161194 | F35: =D35/$D$2 -> 928.66146 | G35: 1130 | H35: 58 | I35: =G35+H35 -> 1188 | J35: =IF(L35>0,L35,0) -> 0 | K35: =I35+J35 -> 1188 | L35: =F35-(I35-AE35) -> -52.338543 | M35: 118 | N35: 1.88 | O35: =(14.94+16.46)*1.05 -> 32.97 | Q35: =1.67*1.02 -> 1.7034 | R35: 4.2 | S35: 1.44 | T35: 0 | U35: 31 | V35: =M35-N35-O35-Q35-R35-S35+T35+U35 -> 106.8066 | W35: =W34+AM35-(AN35/1.9835) -> 10558.071 | X35: =X34 -> 1714.14 | Z35: 13 | AA35: 1.7 | AB35: 1.3 | AC35: 45 | AD35: =AD34-AC35 -> 14966.258 | AE35: =N35+O35+Q35+R35+S35+V35+Z35+AC35 -> 207 | AF35: =IF(L35<0,L35*-1,0) -> 52.338543 | AG35: =AE35+AF35 -> 259.33854 | AH35: 0 | AI35: 55 | AJ35: 28 | AK35: =AK33 -> 14045.606 | AM35: =795-V35 -> 688.1934 | AN35: =29.8*(W34*1.9835+AM35*1.9835+X34*1.9835)/E35 -> 4.5009347
A36: =A35+1 -> 25 | B36: 6908.11 | C36: 314490 | D36: =C36-C35 -> 1296 | E36: =C36-152000 -> 162490 | F36: =D36/$D$2 -> 653.39047 | G36: 838 | H36: 23 | I36: =G36+H36 -> 861 | J36: =IF(L36>0,L36,0) -> 59.390471 | K36: =I36+J36 -> 920.39047 | L36: =F36-(I36-AE36) -> 59.390471 | M36: 178 | N36: 1.88 | O36: =(31.37+32.89)*1.05 -> 67.473 | Q36: =1.67*1.02 -> 1.7034 | R36: 4.2 | S36: 1.78 | T36: 0 | U36: 32 | V36: =M36-N36-O36-Q36-R36-S36+T36+U36 -> 132.9636 | W36: =W35+AM36-(AN36/1.9835) -> 11217.735 | X36: =X35 -> 1714.14 | Z36: 12 | AA36: 1.7 | AB36: 1.3 | AC36: 45 | AD36: =AD35-AC36 -> 14921.258 | AE36: =N36+O36+Q36+R36+S36+V36+Z36+AC36 -> 267 | AF36: =IF(L36<0,L36*-1,0) -> 0 | AG36: =AE36+AF36 -> 267 | AH36: 0 | AI36: 63 | AJ36: 32 | AK36: =AK34 -> 14045.606 | AM36: =795-V36 -> 662.0364 | AN36: =29.8*(W35*1.9835+AM36*1.9835+X35*1.9835)/E36 -> 4.7050365
A37: =A36+1 -> 26 | B37: 6908.42 | C37: 315715 | D37: =C37-C36 -> 1225 | E37: =C37-152000 -> 163715 | F37: =D37/$D$2 -> 617.59516 | G37: 863 | H37: 20 | I37: =G37+H37 -> 883 | J37: =IF(L37>0,L37,0) -> 52.59516 | K37: =I37+J37 -> 935.59516 | L37: =F37-(I37-AE37) -> 52.59516 | M37: 222 | N37: 1.88 | O37: =(47.17+49.95)*1.05 -> 101.976 | Q37: =1.67*1.02 -> 1.7034 | R37: 4.2 | S37: 1.51 | T37: 0 | U37: 34 | V37: =M37-N37-O37-Q37-R37-S37+T37+U37 -> 144.7306 | W37: =W36+AM37-(AN37/1.9835) -> 11865.533 | X37: =X36 -> 1714.14 | Z37: 17 | AA37: 1.7 | AB37: 1.3 | AC37: 45 | AD37: =AD36-AC37 -> 14876.258 | AE37: =N37+O37+Q37+R37+S37+V37+Z37+AC37 -> 318 | AF37: =IF(L37<0,L37*-1,0) -> 0 | AG37: =AE37+AF37 -> 318 | AH37: 0 | AI37: 69 | AJ37: 35 | AK37: =AK35 -> 14045.606 | AM37: =795-V37 -> 650.2694 | AN37: =29.8*(W36*1.9835+AM37*1.9835+X36*1.9835)/E37 -> 4.9037504
A38: =A37+1 -> 27 | B38: 6908.9 | C38: 317610 | D38: =C38-C37 -> 1895 | E38: =C38-152000 -> 165610 | F38: =D38/$D$2 -> 955.3819 | G38: 1060 | H38: 28 | I38: =G38+H38 -> 1088 | J38: =IF(L38>0,L38,0) -> 174.3819 | K38: =I38+J38 -> 1262.3819 | L38: =F38-(I38-AE38) -> 174.3819 | M38: 210 | N38: 1.88 | O38: =(47.15+48.98)*1.05 -> 100.9365 | Q38: =1.67*1.02 -> 1.7034 | R38: 4.2 | S38: 1.84 | T38: 0 | U38: 36 | V38: =M38-N38-O38-Q38-R38-S38+T38+U38 -> 135.4401 | W38: =W37+AM38-(AN38/1.9835) -> 12522.53 | X38: =X37 -> 1714.14 | Z38: 16 | AA38: 1.7 | AB38: 1.3 | AC38: 45 | AD38: =AD37-AC38 -> 14831.258 | AE38: =N38+O38+Q38+R38+S38+V38+Z38+AC38 -> 307 | AF38: =IF(L38<0,L38*-1,0) -> 0 | AG38: =AE38+AF38 -> 307 | AH38: 0 | AI38: 73 | AJ38: 41 | AK38: =AK36 -> 14045.606 | AM38: =795-V38 -> 659.5599 | AN38: =29.8*(W37*1.9835+AM38*1.9835+X37*1.9835)/E38 -> 5.0821619
A39: =A38+1 -> 28 | B39: 6909.4 | C39: 319598 | D39: =C39-C38 -> 1988 | E39: =C39-152000 -> 167598 | F39: =D39/$D$2 -> 1002.2687 | G39: 1190 | H39: 40 | I39: =G39+H39 -> 1230 | J39: =IF(L39>0,L39,0) -> 71.268717 | K39: =I39+J39 -> 1301.2687 | L39: =F39-(I39-AE39) -> 71.268717 | M39: 198 | N39: 1.88 | O39: =(34.88+32.06)*1.05 -> 70.287 | Q39: =1.67*1.02 -> 1.7034 | R39: 4.2 | S39: 2.63 | T39: 0 | U39: 35 | V39: =M39-N39-O39-Q39-R39-S39+T39+U39 -> 152.2996 | W39: =W38+AM39-(AN39/1.9835) -> 13162.585 | X39: =X38 -> 1714.14 | Z39: 21 | AA39: 1.7 | AB39: 1.3 | AC39: 45 | AD39: =AD38-AC39 -> 14786.258 | AE39: =N39+O39+Q39+R39+S39+V39+Z39+AC39 -> 299 | AF39: =IF(L39<0,L39*-1,0) -> 0 | AG39: =AE39+AF39 -> 299 | AH39: 0 | AI39: 66 | AJ39: 45 | AK39: =AK37 -> 14045.606 | AM39: =795-V39 -> 642.7004 | AN39: =29.8*(W38*1.9835+AM39*1.9835+X38*1.9835)/E39 -> 5.247642
A40: =A39+1 -> 29 | B40: 6909.88 | C40: 321509 | D40: =C40-C39 -> 1911 | E40: =C40-152000 -> 169509 | F40: =D40/$D$2 -> 963.44845 | G40: 1140 | H40: 29 | I40: =G40+H40 -> 1169 | J40: =IF(L40>0,L40,0) -> 85.44845 | K40: =I40+J40 -> 1254.4484 | L40: =F40-(I40-AE40) -> 85.44845 | M40: 212 | N40: 1.88 | O40: =(29.86+31.77)*1.05 -> 64.7115 | Q40: =1.67*1.02 -> 1.7034 | R40: 4.2 | S40: 1.04 | T40: 0 | U40: 34 | V40: =M40-N40-O40-Q40-R40-S40+T40+U40 -> 172.4651 | W40: =W39+AM40-(AN40/1.9835) -> 13782.395 | X40: =X39 -> 1714.14 | Z40: 0 | AA40: 1.7 | AB40: 1.3 | AC40: 45 | AD40: =AD39-AC40 -> 14741.258 | AE40: =N40+O40+Q40+R40+S40+V40+Z40+AC40 -> 291 | AF40: =IF(L40<0,L40*-1,0) -> 0 | AG40: =AE40+AF40 -> 291 | AH40: 0 | AI40: 63 | AJ40: 30 | AK40: =AK38 -> 14045.606 | AM40: =795-V40 -> 622.5349 | AN40: =29.8*(W39*1.9835+AM40*1.9835+X39*1.9835)/E40 -> 5.4046387
A41: 30 | B41: 6910.36 | C41: 323431 | D41: =C41-C40 -> 1922 | E41: =C41-152000 -> 171431 | F41: =D41/$D$2 -> 968.9942 | G41: 1110 | H41: 28 | I41: =G41+H41 -> 1138 | J41: =IF(L41>0,L41,0) -> 117.9942 | K41: =I41+J41 -> 1255.9942 | L41: =F41-(I41-AE41) -> 117.9942 | M41: 207 | N41: 1.88 | O41: =(29.13+29)*1.05 -> 61.0365 | Q41: =1.67*1.02 -> 1.7034 | R41: 4.2 | S41: 2.66 | T41: 0 | U41: 35 | V41: =M41-N41-O41-Q41-R41-S41+T41+U41 -> 170.5201 | W41: =W40+AM41-(AN41/1.9835) -> 14404.073 | X41: =X40 -> 1714.14 | Z41: 0 | AA41: 1.7 | AB41: 1.3 | AC41: 45 | AD41: =AD40-AC41 -> 14696.258 | AE41: =N41+O41+Q41+R41+S41+V41+Z41+AC41 -> 287 | AF41: =IF(L41<0,L41*-1,0) -> 0 | AG41: =AE41+AF41 -> 287 | AH41: 0 | AI41: 70 | AJ41: 34 | AK41: =AK39 -> 14045.606 | AM41: =795-V41 -> 624.4799 | AN41: =29.8*(W40*1.9835+AM41*1.9835+X40*1.9835)/E41 -> 5.5584217
A43: MONTH / CFS | F43: =SUM(F12:F41) -> 16456.264 | G43: =SUM(G12:G41) -> 18490 | H43: =SUM(H12:H41) -> 834.9 | I43: =SUM(I12:I41) -> 19324.9 | J43: =SUM(J12:J41) -> 3004.1027 | K43: =SUM(K12:K41) -> 22329.003 | L43: =SUM(L12:L41) -> 2951.7642 | M43: =SUM(M12:M41) -> 3303 | ... V43: =SUM(V12:V41) -> 2092.1917 | Z43: =SUM(Z12:Z41) -> 185.6 | AA43: =SUM(AA12:AA41) -> 51 | AB43: =SUM(AB12:AB41) -> 39 | AC43: =SUM(AC12:AC41) -> 1335 | AE43: =SUM(AE12:AE41) -> 5820.4 | AF43: =SUM(AF12:AF41) -> 52.338543 | AG43: =SUM(AG12:AG41) -> 5872.7385 | AH43: =SUM(AH12:AH41) -> 0.83 | AI43: =AVERAGE(AI12:AI41) -> 62.433333 | AJ43: =AVERAGE(AJ12:AJ41) -> 33.966667 | AK43: AVG | AL43: =SUM(AL12:AL41) -> 119.25701
A44: MONTH / AF | D44: =SUM(D12:D41) -> 32641 | F44: =F43*$D$2 -> 32641 | G44: =G43*$D$2 -> 36674.915 | H44: =H43*$D$2 -> 1656.0241 | I44: =I43*$D$2 -> 38330.939 | J44: =J43*$D$2 -> 5958.6377 | K44: =K43*$D$2 -> 44289.577 | L44: =L43*$D$2 -> 5854.8242 | M44: =M43*$D$2 -> 6551.5005 | ... V44: =V43*$D$2 -> 4149.8623 | Z44: =Z43*$D$2 -> 368.1376 | AA44: =AA43*$D$2 -> 101.1585 | AB44: =AB43*$D$2 -> 77.3565 | AC44: =AC43*$D$2 -> 2647.9725 | AE44: =AE43*$D$2 -> 11544.763 | AF44: =AF43*$D$2 -> 103.8135 | AG44: =AG43*$D$2 -> 11648.577 | AI44: =MAX(AI12:AI41) -> 76 | AJ44: =MAX(AJ12:AJ41) -> 45 | AK44: HI | AL44: =AL43*$D$2 -> 236.54627 | AN44: =SUM(AN12:AN41) -> 84.282882
A46: SEASON / CFS | F46: =F43 -> 16456.264 | G46: =G43 -> 18490 | H46: =H43 -> 834.9 | I46: =I43 -> 19324.9 | J46: =J43 -> 3004.1027 | K46: =K43 -> 22329.003 | L46: =L43 -> 2951.7642 | M46: =M43 -> 3303 | N46: =N43 -> 56.414391 | O46: =O9+O43 -> 2072.6055 | P46: =P9+P43 -> 0 | T46: =T43 -> 627 | U46: =U43 -> 369.8 | V46: =V9+V43 -> 2092.1917 | W46: =W41 -> 14404.073 | X46: =X41 -> 1714.14 | Z46: =Z43 -> 185.6 | AA46: =AA43 -> 51 | AB46: =AB43 -> 39 | AE46: =AE43 -> 5820.4 | AF46: =AF43 -> 52.338543 | AG46: =AG43 -> 5872.7385 | AI46: =MIN(AI12:AI41) -> 40 | AJ46: =MIN(AJ12:AJ41) -> 24 | AK46: LO
A47: SEASON / AF | F47: =F46*$D$2 -> 32641 | G47: =G46*$D$2 -> 36674.915 | H47: =H46*$D$2 -> 1656.0241 | I47: =I46*$D$2 -> 38330.939 | J47: =J46*$D$2 -> 5958.6377 | K47: =K46*$D$2 -> 44289.577 | L47: =L46*$D$2 -> 5854.8242 | M47: =M46*$D$2 -> 6551.5005 | ... P47: =P46*$D$2 -> 0 | T47: =T46*$D$2 -> 1243.6545 | U47: =U46*$D$2 -> 733.4983 | V47: =V46*$D$2 -> 4149.8623 | W47: =W46*$D$2 -> 28570.478 | X47: =X46*$D$2 -> 3399.9967 | Z47: =Z46*$D$2 -> 368.1376 | AA47: =AA46*$D$2 -> 101.1585 | AB47: =AB46*$D$2 -> 77.3565 | AE47: =AE46*$D$2 -> 11544.763 | AF47: =AF46*$D$2 -> 103.8135 | AG47: =AG46*$D$2 -> 11648.577 | AN47: =AN44 -> 84.282882
A49: YTD / CFS | F49: =F10+F43 -> 12128.561 | G49: =G10+G43 -> 26142 | H49: =H10+H43 -> 1057.723 | I49: =I10+I43 -> 27199.723 | J49: =J10+J43 -> 4536.2911 | K49: =K10+K43 -> 31736.014 | L49: =L10+L43 -> 3266.2476 | M49: =M10+M43 -> 4595.6 | ... O49: =O10+O43 -> 2072.6055 | Q49: =Q10+Q43 -> 273.9618 | R49: =R10+R43 -> 517.7548 | S49: =S10+S43 -> 24.98 | T49: =T10+T43 -> 7808.94 | U49: =U10+U43 -> 521.27 | V49: =V10+V43 -> 9980.0935 | AC49: =AC10+AC43 -> 5226 | AD49: =AD41 -> 14696.258 | AE49: =AE10+AE43 -> 18337.41 | AF49: =AF10+AF43 -> 1270.0435 | AG49: =AG10+AG43 -> 19607.453 | AH49: =AH10+AH43 -> 3.97 | AL49: =AL10+AL43 -> 119.25701
A50: YTD / AF | D50: =D10+D44 -> 24057 | E50: =E41 -> 171431 | F50: =F49*$D$2 -> 24057 | G50: =G49*$D$2 -> 51852.657 | H50: =H49*$D$2 -> 2097.9936 | I50: =I49*$D$2 -> 53950.651 | J50: =J49*$D$2 -> 8997.7334 | K50: =K49*$D$2 -> 62948.384 | L50: =L49*$D$2 -> 6478.6022 | M50: =M49*$D$2 -> 9115.3726 | ... O50: =O49*$D$2 -> 4111.013 | Q50: =Q49*$D$2 -> 543.40323 | R50: =R49*$D$2 -> 1026.9666 | S50: =S49*$D$2 -> 49.54783 | T50: =T49*$D$2 -> 15489.032 | U50: =U49*$D$2 -> 1033.939 | V50: =V49*$D$2 -> 19795.515 | AC50: =AC49*$D$2 -> 10365.771 | AD50: =AD49*$D$2 -> 29150.028 | AE50: =AE49*$D$2 -> 36372.253 | AF50: =AF49*$D$2 -> 2519.1312 | AG50: =AG49*$D$2 -> 38891.384 | AK50: =AK41 -> 14045.606 | AL50: =AL49*$D$2 -> 236.54627 | AN50: =AN44 -> 84.282882

Sheet MAY
K1: MCPHEE RESERVOIR INFLOW/OUTFLOW TABULATION
A2: AF/cfs CONVERT FACTOR | D2: 1.9835 | K2: MAY "2006"
D4: RESERVOIR | T4: INFLOW/OUTFLOW (CFS) | AI4: WEATHER | AM4: ADJUSTMENTS
A5: DATE | B5: RESERV | C5: RESERV | D5: AC FT | E5: ACTIVE | F5: CONV TO | G5: DOLORES | H5: LOST | I5: RECORD | J5: CALC | K5: TOTAL | L5: CALC | M5: DOLORES TUNNEL | T5: LONE | U5: U | V5: TOTAL | W5: MVI | X5: TO EX & | Y5: MVI | Z5: DV CR | AA5: D/S SENIOR | AC5: BELOW | AD5: FISH | AE5: RECORD | AF5: CALC | AG5: TOTAL | AH5: RAIN | AI5: MAX | AJ5: MIN | AK5: NAR | AL5: MVI | AM5: MVI | AN5: MVI | AO5: U/S | AP5: TOTTEN
A6: MAY | B6: ELEV | C6: AC FT | D6: CHANGE | E6: CAP | F6: CFS | G6: RIVER | H6: CAN | I6: INFLOW | J6: INFLOW | K6: INFLOW | L6: INF/OTF | M6: TOT DIV | N6: WET | O6: UTE | P6: QUEST | Q6: MWC | R6: CTZ | S6: CTZ & | T6: PINE | U6: LAT | V6: MVI | W6: CALL | X6: U/S EX | Y6: PROJ | Z6: CANAL | AC6: MCP | AD6: LEFT | AE6: OTF | AF6: OTF | AG6: OTF | AI6: TMP | AJ6: TMP | AK6: CALL | AL6: STOCK | AM6: STORED | AN6: STORED | AO6: USERS | AP6: (FRESH
E7: AC FT | N7: LAND | O7: F&R | S7: UTE | AK7: AC FT | AL7: AC.FT. | AM7: Apr - Jun | AN7: EVAP | AO7: EXCH | AP7: WATER)
N8: 1.03 | O8: 1.05 | P8: 1.02 | Q8: 1.02 | R8: 1.04 | S8: PROJ | AN8: AC.FT.
A9: SEASON BAL | F9: =APR!F46 -> 16456.264 | G9: =APR!G46 -> 18490 | H9: =APR!H46 -> 834.9 | I9: =APR!I46 -> 19324.9 | J9: =APR!J46 -> 3004.1027 | K9: =APR!K46 -> 22329.003 | L9: =APR!L46 -> 2951.7642 | M9: =APR!M46 -> 3303 | ... P9: =APR!P46 -> 0 | T9: =APR!T46 -> 627 | U9: =APR!U46 -> 369.8 | V9: =APR!V46 -> 2092.1917 | W9: =APR!W46 -> 14404.073 | X9: =APR!X46 -> 1714.14 | Z9: =APR!Z46 -> 185.6 | AA9: =APR!AA46 -> 51 | AB9: =APR!AB46 -> 39 | AE9: =APR!AE46 -> 5820.4 | AF9: =APR!AF46 -> 52.338543 | AG9: =APR!AG46 -> 5872.7385 | AN9: =APR!AN47 -> 84.282882 | AO9: =APR!AO46 -> 0
A10: YTD | B10: =APR!B41 -> 6910.36 | C10: =APR!C41 -> 323431 | D10: =APR!D50 -> 24057 | E10: =APR!E50 -> 171431 | F10: =APR!F49 -> 12128.561 | G10: =APR!G49 -> 26142 | H10: =APR!H49 -> 1057.723 | I10: =APR!I49 -> 27199.723 | J10: =APR!J49 -> 4536.2911 | K10: =APR!K49 -> 31736.014 | L10: =APR!L49 -> 3266.2476 | M10: =APR!M49 -> 4595.6 | ... O10: =APR!O49 -> 2072.6055 | Q10: =APR!Q49 -> 273.9618 | R10: =APR!R49 -> 517.7548 | S10: =APR!S49 -> 24.98 | T10: =APR!T49 -> 7808.94 | U10: =APR!U49 -> 521.27 | V10: =APR!V49 -> 9980.0935 | AC10: =APR!AC49 -> 5226 | AD10: =APR!AD49 -> 14696.258 | AE10: =APR!AE49 -> 18337.41 | AF10: =APR!AF49 -> 1270.0435 | AG10: =APR!AG49 -> 19607.453 | AH10: =APR!AH49 -> 3.97 | AK10: =APR!AK50 -> 14045.606 | AL10: =APR!AL49 -> 119.25701 | AN10: =APR!AN50 -> 84.282882 | AO10: =APR!AO49 -> 0
A12: 1 | B12: 6910.81 | C12: 325237 | D12: =C12-C10 -> 1806 | E12: =C12-152000 -> 173237 | F12: =D12/$D$2 -> 910.51172 | G12: 1130 | H12: 26 | I12: =G12+H12 -> 1156 | J12: =IF(L12>0,L12,0) -> 67.379522 | K12: =I12+J12 -> 1223.3795 | L12: =F12-(I12-AE12) -> 67.379522 | M12: 212 | N12: =1.8299*1.03 -> 1.884797 | O12: =(34.87+35.17)*1.05 -> 73.542 | P12: =1.11*1.02 -> 1.1322 | Q12: =2.26*1.02 -> 2.3052 | R12: 4.2 | S12: 3.12 | T12: 0 | U12: 40 | V12: =M12-N12-O12-P12-Q12-R12-S12+T12+U12-AP12 -> 165.8158 | W12: =W9+AM12-(AN12/1.9835) -> 15028.684 | X12: =X9 -> 1714.14 | Z12: 15 | AA12: 1.7 | AB12: 1.3 | AC12: 47 | AD12: =AD10-AC12 -> 14649.258 | AE12: =N12+O12+Q12+R12+S12+V12+Z12+AC12 -> 312.8678 | AF12: =IF(L12<0,L12*-1,0) -> 0 | AG12: =AE12+AF12 -> 312.8678 | AH12: 0 | AI12: 69 | AJ12: 36 | AK12: =AK10 -> 14045.606 | AM12: =795-V12 -> 629.1842 | AN12: =47.3*(W9*1.9835+AM12*1.9835+X12*1.9835)/E12 -> 9.0698479
A13: =A12+1 -> 2 | B13: 6911.22 | C13: 326889 | D13: =C13-C12 -> 1652 | E13: =C13-152000 -> 174889 | F13: =D13/$D$2 -> 832.87119 | G13: 1260 | H13: 28 | I13: =G13+H13 -> 1288 | J13: =IF(L13>0,L13,0) -> 0 | K13: =I13+J13 -> 1288 | L13: =F13-(I13-AE13) -> -18.261013 | M13: 275 | N13: 1.88 | O13: =(44.62+46.84)*1.05 -> 96.033 | P13: =1.11*1.02 -> 1.1322 | Q13: =2.26*1.02 -> 2.3052 | R13: 4.2 | S13: 3.58 | T13: 54 | U13: 43 | V13: =M13-N13-O13-P13-Q13-R13-S13+T13+U13-AP13 -> 262.8696 | W13: =W12+AM13-(AN13/1.9835) -> 15556.143 | X13: =X12 -> 1714.14 | Z13: 16 | AA13: 1.7 | AB13: 1.3 | AC13: 50 | AD13: =AD12-AC13 -> 14599.258 | AE13: =N13+O13+Q13+R13+S13+V13+Z13+AC13 -> 436.8678 | AF13: =IF(L13<0,L13*-1,0) -> 18.261013 | AG13: =AE13+AF13 -> 455.12881 | AH13: 0 | AI13: 72 | AJ13: 42 | AK13: =AK12 -> 14045.606 | AM13: =795-V13 -> 532.1304 | AN13: =47.3*(W12*1.9835+AM13*1.9835+X13*1.9835)/E13 -> 9.2671836
A14: =A13+1 -> 3 | B14: 6911.6 | C14: 328426 | D14: =C14-C13 -> 1537 | E14: =C14-152000 -> 176426 | F14: =D14/$D$2 -> 774.89287 | G14: 1210 | H14: 23 | I14: =G14+H14 -> 1233 | J14: =IF(L14>0,L14,0) -> 77.892866 | K14: =I14+J14 -> 1310.8929 | L14: =F14-(I14-AE14) -> 77.892866 | M14: 307 | N14: 1.88 | O14: =(50.41+52.63)*1.05 -> 108.192 | Q14: =2.26*1.02 -> 2.3052 | R14: 4.2 | S14: 2.36 | T14: 112 | U14: 48 | V14: =M14-N14-O14-P14-Q14-R14-S14+T14+U14-AP14 -> 348.0628 | W14: =W13+AM14-(AN14/1.9835) -> 15998.33 | X14: =X13 -> 1714.14 | Z14: 18 | AA14: 1.7 | AB14: 1.3 | AC14: 51 | AD14: =AD13-AC14 -> 14548.258 | AE14: =N14+O14+Q14+R14+S14+V14+Z14+AC14 -> 536 | AF14: =IF(L14<0,L14*-1,0) -> 0 | AG14: =AE14+AF14 -> 536 | AH14: 0 | AI14: 72 | AJ14: 41 | AK14: =AK13 -> 14045.606 | AM14: =795-V14 -> 446.9372 | AN14: =47.3*(W13*1.9835+AM14*1.9835+X14*1.9835)/E14 -> 9.4216362
A15: =A14+1 -> 4 | B15: 6911.97 | C15: 329923 | D15: =C15-C14 -> 1497 | E15: =C15-152000 -> 177923 | F15: =D15/$D$2 -> 754.72649 | G15: 1300 | H15: 19 | I15: =G15+H15 -> 1319 | J15: =IF(L15>0,L15,0) -> 0 | K15: =I15+J15 -> 1319 | L15: =F15-(I15-AE15) -> -21.273506 | M15: 270 | N15: 1.88 | O15: =(42.22+42.48)*1.05 -> 88.935 | Q15: =2.26*1.02 -> 2.3052 | R15: 4.2 | S15: 1.4 | T15: 120 | U15: 54 | V15: =M15-N15-O15-P15-Q15-R15-S15+T15+U15-AP15 -> 345.2798 | W15: =W14+AM15-(AN15/1.9835) -> 16443.222 | X15: =X14 -> 1714.14 | Z15: 48 | AA15: 1.7 | AB15: 1.3 | AC15: 51 | AD15: =AD14-AC15 -> 14497.258 | AE15: =N15+O15+Q15+R15+S15+V15+Z15+AC15 -> 543 | AF15: =IF(L15<0,L15*-1,0) -> 21.273506 | AG15: =AE15+AF15 -> 564.27351 | AH15: 0 | AI15: 71 | AJ15: 44 | AK15: =AK14 -> 14045.606 | AM15: =795-V15 -> 449.7202 | AN15: =47.3*(W14*1.9835+AM15*1.9835+X15*1.9835)/E15 -> 9.5769995
A16: =A15+1 -> 5 | B16: 6912.31 | C16: 331308 | D16: =C16-C15 -> 1385 | E16: =C16-152000 -> 179308 | F16: =D16/$D$2 -> 698.26065 | G16: 1260 | H16: 17 | I16: =G16+H16 -> 1277 | J16: =IF(L16>0,L16,0) -> 0 | K16: =I16+J16 -> 1277 | L16: =F16-(I16-AE16) -> -17.73935 | M16: 276 | N16: 1.88 | O16: =(41.39+40.88)*1.05 -> 86.3835 | Q16: =2.26*1.02 -> 2.3052 | R16: 4.2 | S16: 3.93 | T16: 124 | U16: 57 | V16: =M16-N16-O16-P16-Q16-R16-S16+T16+U16-AP16 -> 358.3013 | W16: =W15+AM16-(AN16/1.9835) -> 16875.015 | X16: =X15 -> 1714.14 | Z16: 53 | AA16: 1.7 | AB16: 1.3 | AC16: 51 | AD16: =AD15-AC16 -> 14446.258 | AE16: =N16+O16+Q16+R16+S16+V16+Z16+AC16 -> 561 | AF16: =IF(L16<0,L16*-1,0) -> 17.73935 | AG16: =AE16+AF16 -> 578.73935 | AH16: 0 | AI16: 64 | AJ16: 39 | AK16: =AK15 -> 14045.606 | AM16: =795-V16 -> 436.6987 | AN16: =47.3*(W15*1.9835+AM16*1.9835+X16*1.9835)/E16 -> 9.7289935
A17: =A16+1 -> 6 | B17: 6912.55 | C17: 332287 | D17: =C17-C16 -> 979 | E17: =C17-152000 -> 180287 | F17: =D17/$D$2 -> 493.57197 | G17: 1030 | H17: 15 | I17: =G17+H17 -> 1045 | J17: =IF(L17>0,L17,0) -> 20.571969 | K17: =I17+J17 -> 1065.572 | L17: =F17-(I17-AE17) -> 20.571969 | M17: 283 | N17: 1.88 | O17: =(47.65+43.16)*1.05 -> 95.3505 | Q17: =2.26*1.02 -> 2.3052 | R17: 4.2 | S17: 3.78 | T17: 125 | U17: 60 | V17: =M17-N17-O17-P17-Q17-R17-S17+T17+U17-AP17 -> 360.4843 | W17: =W16+AM17-(AN17/1.9835) -> 17304.54 | X17: =X16 -> 1714.14 | Z17: 53 | AA17: 1.7 | AB17: 1.3 | AC17: 51 | AD17: =AD16-AC17 -> 14395.258 | AE17: =N17+O17+Q17+R17+S17+V17+Z17+AC17 -> 572 | AF17: =IF(L17<0,L17*-1,0) -> 0 | AG17: =AE17+AF17 -> 572 | AH17: 0 | AI17: 66 | AJ17: 35 | AK17: =AK16 -> 14045.606 | AM17: =795-V17 -> 434.5157 | AN17: =47.3*(W16*1.9835+AM17*1.9835+X17*1.9835)/E17 -> 9.8997279
A18: =A17+1 -> 7 | B18: 6912.76 | C18: 333143 | D18: =C18-C17 -> 856 | E18: =C18-152000 -> 181143 | F18: =D18/$D$2 -> 431.56037 | G18: 1030 | H18: 13 | I18: =G18+H18 -> 1043 | J18: =IF(L18>0,L18,0) -> 0 | K18: =I18+J18 -> 1043 | L18: =F18-(I18-AE18) -> -11.439627 | M18: 285 | N18: 1.88 | O18: =(47.04+44.18)*1.05 -> 95.781 | Q18: =2.26*1.02 -> 2.3052 | R18: 4.2 | S18: 1.3 | T18: 124 | U18: 62 | V18: =M18-N18-O18-P18-Q18-R18-S18+T18+U18-AP18 -> 365.5338 | W18: =W17+AM18-(AN18/1.9835) -> 17728.928 | X18: =X17 -> 1714.14 | Z18: 78 | AA18: 1.7 | AB18: 1.3 | AC18: 51 | AD18: =AD17-AC18 -> 14344.258 | AE18: =N18+O18+Q18+R18+S18+V18+Z18+AC18 -> 600 | AF18: =IF(L18<0,L18*-1,0) -> 11.439627 | AG18: =AE18+AF18 -> 611.43963 | AH18: 0 | AI18: 68 | AJ18: 38 | AK18: =AK17 -> 14045.606 | AM18: =795-V18 -> 429.4662 | AN18: =47.3*(W17*1.9835+AM18*1.9835+X18*1.9835)/E18 -> 10.072795
A19: =A18+1 -> 8 | B19: 6912.93 | C19: 333836 | D19: =C19-C18 -> 693 | E19: =C19-152000 -> 181836 | F19: =D19/$D$2 -> 349.3824 | G19: 1020 | H19: 5.1 | I19: =G19+H19 -> 1025.1 | J19: =IF(L19>0,L19,0) -> 0 | K19: =I19+J19 -> 1025.1 | L19: =F19-(I19-AE19) -> -28.717595 | M19: 296 | N19: 1.88 | O19: =(45.11+49.39)*1.05 -> 99.225 | Q19: =2.26*1.02 -> 2.3052 | R19: 4.2 | S19: 2.99 | T19: 130 | U19: 66 | V19: =M19-N19-O19-P19-Q19-R19-S19+T19+U19-AP19 -> 381.3998 | W19: =W18+AM19-(AN19/1.9835) -> 18137.363 | X19: =X18 -> 1714.14 | Z19: 104 | AA19: 1.7 | AB19: 1.3 | AC19: 51 | AD19: =AD18-AC19 -> 14293.258 | AE19: =N19+O19+Q19+R19+S19+V19+Z19+AC19 -> 647 | AF19: =IF(L19<0,L19*-1,0) -> 28.717595 | AG19: =AE19+AF19 -> 675.7176 | AH19: 0 | AI19: 72 | AJ19: 41 | AK19: =AK18 -> 14045.606 | AM19: =795-V19 -> 413.6002 | AN19: =47.3*(W18*1.9835+AM19*1.9835+X19*1.9835)/E19 -> 10.245186
A20: =A19+1 -> 9 | B20: 6913.1 | C20: 334532 | D20: =C20-C19 -> 696 | E20: =C20-152000 -> 182532 | F20: =D20/$D$2 -> 350.89488 | G20: 1020 | H20: 2.8 | I20: =G20+H20 -> 1022.8 | J20: =IF(L20>0,L20,0) -> 5.0948828 | K20: =I20+J20 -> 1027.8949 | L20: =F20-(I20-AE20) -> 5.0948828 | M20: 300 | N20: 1.88 | O20: =(44.7+46.75)*1.05 -> 96.0225 | Q20: =2.26*1.02 -> 2.3052 | R20: 4.2 | S20: 0.75 | T20: 136 | U20: 71 | V20: =M20-N20-O20-P20-Q20-R20-S20+T20+U20-AP20 -> 401.8423 | W20: =W19+AM20-(AN20/1.9835) -> 18525.275 | X20: =X19 -> 1714.14 | Z20: 119 | AA20: 1.7 | AB20: 1.3 | AC20: 51 | AD20: =AD19-AC20 -> 14242.258 | AE20: =N20+O20+Q20+R20+S20+V20+Z20+AC20 -> 677 | AF20: =IF(L20<0,L20*-1,0) -> 0 | AG20: =AE20+AF20 -> 677 | AH20: 0.1 | AI20: 56 | AJ20: 37 | AK20: =AK19 -> 14045.606 | AM20: =795-V20 -> 393.1577 | AN20: =47.3*(W19*1.9835+AM20*1.9835+X20*1.9835)/E20 -> 10.405545
A21: =A20+1 -> 10 | B21: 6913.12 | C21: 334614 | D21: =C21-C20 -> 82 | E21: =C21-152000 -> 182614 | F21: =D21/$D$2 -> 41.341064 | G21: 830 | H21: 2.2 | I21: =G21+H21 -> 832.2 | J21: =IF(L21>0,L21,0) -> 0 | K21: =I21+J21 -> 832.2 | L21: =F21-(I21-AE21) -> -77.858936 | M21: 281 | N21: 1.88 | O21: =(43.31+45.64)*1.05 -> 93.3975 | Q21: =2.26*1.02 -> 2.3052 | R21: 4.2 | S21: 1.38 | T21: 196 | U21: 70 | V21: =M21-N21-O21-P21-Q21-R21-S21+T21+U21-AP21 -> 443.8373 | W21: =W20+AM21-(AN21/1.9835) -> 18871.104 | X21: =X20 -> 1714.14 | Z21: 115 | AA21: 1.7 | AB21: 1.3 | AC21: 51 | AD21: =AD20-AC21 -> 14191.258 | AE21: =N21+O21+Q21+R21+S21+V21+Z21+AC21 -> 713 | AF21: =IF(L21<0,L21*-1,0) -> 77.858936 | AG21: =AE21+AF21 -> 790.85894 | AH21: 0 | AI21: 63 | AJ21: 30 | AK21: =AK20 -> 14045.606 | AM21: =795-V21 -> 351.1627 | AN21: =47.3*(W20*1.9835+AM21*1.9835+X21*1.9835)/E21 -> 10.57859
A22: =A21+1 -> 11 | B22: 6913.12 | C22: 334614 | D22: =C22-C21 -> 0 | E22: =C22-152000 -> 182614 | F22: =D22/$D$2 -> 0 | G22: 759 | H22: 1.61 | I22: =G22+H22 -> 760.61 | J22: =IF(L22>0,L22,0) -> 0.39 | K22: =I22+J22 -> 761 | L22: =F22-(I22-AE22) -> 0.39 | M22: 282 | N22: 1.88 | O22: =(40.51+43.3)*1.05 -> 88.0005 | Q22: =2.26*1.02 -> 2.3052 | R22: 4.2 | S22: 1.85 | T22: 238 | U22: 67 | V22: =M22-N22-O22-P22-Q22-R22-S22+T22+U22-AP22 -> 488.7643 | W22: =W21+AM22-(AN22/1.9835) -> 19129.344 | X22: =X21 -> 1714.14 | Z22: 123 | AA22: 1.7 | AB22: 1.3 | AC22: 51 | AD22: =AD21-AC22 -> 14140.258 | AE22: =N22+O22+Q22+R22+S22+V22+Z22+AC22 -> 761 | AF22: =IF(L22<0,L22*-1,0) -> 0 | AG22: =AE22+AF22 -> 761 | AH22: 0 | AI22: 68 | AJ22: 34 | AK22: =AK21 -> 14045.606 | AM22: =I22-Q22-R22-V22-AA22 -> 263.6405 | AN22: =47.3*(W21*1.9835+AM22*1.9835+X22*1.9835)/E22 -> 10.711298
A23: =A22+1 -> 12 | B23: 6913.17 | C23: 334820 | D23: =C23-C22 -> 206 | E23: =C23-152000 -> 182820 | F23: =D23/$D$2 -> 103.85682 | G23: 814 | H23: 1.2 | I23: =G23+H23 -> 815.2 | J23: =IF(L23>0,L23,0) -> 91.656819 | K23: =I23+J23 -> 906.85682 | L23: =F23-(I23-AE23) -> 91.656819 | M23: 288 | N23: 1.88 | O23: =(38.4+40.44)*1.05 -> 82.782 | Q23: =2.26*1.02 -> 2.3052 | R23: 4.2 | S23: 3.47 | T23: 240 | U23: 68 | V23: =M23-N23-O23-P23-Q23-R23-S23+T23+U23-AP23 -> 501.3628 | W23: =W22+AM23-(AN23/1.9835) -> 19417.513 | X23: =X22 -> 1714.14 | Z23: 156 | AA23: 1.7 | AB23: 1.3 | AC23: 51 | AD23: =AD22-AC23 -> 14089.258 | AE23: =N23+O23+Q23+R23+S23+V23+Z23+AC23 -> 803 | AF23: =IF(L23<0,L23*-1,0) -> 0 | AG23: =AE23+AF23 -> 803 | AH23: 0 | AI23: 76 | AJ23: 39 | AK23: =AK22 -> 14045.606 | AM23: =795-V23 -> 293.6372 | AN23: =47.3*(W22*1.9835+AM23*1.9835+X23*1.9835)/E23 -> 10.847146
A24: =A23+1 -> 13 | B24: 6913.3 | C24: 335354 | D24: =C24-C23 -> 534 | E24: =C24-152000 -> 183354 | F24: =D24/$D$2 -> 269.22107 | G24: 1040 | H24: 0.99 | I24: =G24+H24 -> 1040.99 | J24: =IF(L24>0,L24,0) -> 67.231074 | K24: =I24+J24 -> 1108.2211 | L24: =F24-(I24-AE24) -> 67.231074 | M24: 314 | N24: 1.88 | O24: =(40.27+39.38)*1.05 -> 83.6325 | Q24: =2.26*1.02 -> 2.3052 | R24: 4.2 | S24: 3.97 | T24: 243 | U24: 70 | V24: =M24-N24-O24-P24-Q24-R24-S24+T24+U24-AP24 -> 531.0123 | W24: =W23+AM24-(AN24/1.9835) -> 19675.981 | X24: =X23 -> 1714.14 | Z24: 161 | AA24: 1.7 | AB24: 1.3 | AC24: 51 | AD24: =AD23-AC24 -> 14038.258 | AE24: =N24+O24+Q24+R24+S24+V24+Z24+AC24 -> 839 | AF24: =IF(L24<0,L24*-1,0) -> 0 | AG24: =AE24+AF24 -> 839 | AH24: 0 | AI24: 80 | AJ24: 47 | AK24: =AK23 -> 14045.606 | AM24: =795-V24 -> 263.9877 | AN24: =47.3*(W23*1.9835+AM24*1.9835+X24*1.9835)/E24 -> 10.947835
A25: =A24+1 -> 14 | B25: 6913.46 | C25: 336012 | D25: =C25-C24 -> 658 | E25: =C25-152000 -> 184012 | F25: =D25/$D$2 -> 331.73683 | G25: 1130 | H25: 0.89 | I25: =G25+H25 -> 1130.89 | J25: =IF(L25>0,L25,0) -> 67.846829 | K25: =I25+J25 -> 1198.7368 | L25: =F25-(I25-AE25) -> 67.846829 | M25: 332 | N25: 1.88 | O25: =(43.63+44.96)*1.05 -> 93.0195 | Q25: =2.26*1.02 -> 2.3052 | R25: 4.2 | S25: 5.09 | T25: 243 | U25: 70 | V25: =M25-N25-O25-P25-Q25-R25-S25+T25+U25-AP25 -> 538.5053 | W25: =W24+AM25-(AN25/1.9835) -> 19926.911 | X25: =X24 -> 1714.14 | Z25: 171 | AA25: 1.7 | AB25: 1.3 | AC25: 51 | AD25: =AD24-AC25 -> 13987.258 | AE25: =N25+O25+Q25+R25+S25+V25+Z25+AC25 -> 867 | AF25: =IF(L25<0,L25*-1,0) -> 0 | AG25: =AE25+AF25 -> 867 | AH25: 0.03 | AI25: 80 | AJ25: 51 | AK25: =AK24 -> 14045.606 | AM25: =795-V25 -> 256.4947 | AN25: =47.3*(W24*1.9835+AM25*1.9835+X25*1.9835)/E25 -> 11.036648
A26: =A25+1 -> 15 | B26: 6913.71 | C26: 337039 | D26: =C26-C25 -> 1027 | E26: =C26-152000 -> 185039 | F26: =D26/$D$2 -> 517.77162 | G26: 1370 | H26: 0.83 | I26: =G26+H26 -> 1370.83 | J26: =IF(L26>0,L26,0) -> 0 | K26: =I26+J26 -> 1370.83 | L26: =F26-(I26-AE26) -> -2.0583842 | M26: 314 | N26: 1.88 | O26: =(45.63+47.83)*1.05 -> 98.133 | Q26: =2.26*1.02 -> 2.3052 | R26: 4.2 | S26: 2.23 | T26: 244 | U26: 69 | V26: =M26-N26-O26-P26-Q26-R26-S26+T26+U26-AP26 -> 518.2518 | W26: =W25+AM26-(AN26/1.9835) -> 20198.057 | X26: =X25 -> 1714.14 | Z26: 173 | AA26: 1.7 | AB26: 1.3 | AC26: 51 | AD26: =AD25-AC26 -> 13936.258 | AE26: =N26+O26+Q26+R26+S26+V26+Z26+AC26 -> 851 | AF26: =IF(L26<0,L26*-1,0) -> 2.0583842 | AG26: =AE26+AF26 -> 853.05838 | AH26: 0.09 | AI26: 74 | AJ26: 47 | AK26: =AK25 -> 14045.606 | AM26: =795-V26 -> 276.7482 | AN26: =47.3*(W25*1.9835+AM26*1.9835+X26*1.9835)/E26 -> 11.11289
A27: =A26+1 -> 16 | B27: 6913.97 | C27: 338107 | D27: =C27-C26 -> 1068 | E27: =C27-152000 -> 186107 | F27: =D27/$D$2 -> 538.44215 | G27: 1440 | H27: 1 | I27: =G27+H27 -> 1441 | J27: =IF(L27>0,L27,0) -> 0 | K27: =I27+J27 -> 1441 | L27: =F27-(I27-AE27) -> -51.557852 | M27: 276 | N27: 1.88 | O27: =(39.63+37.9)*1.05 -> 81.4065 | Q27: =2.26*1.02 -> 2.3052 | R27: 4.2 | S27: 2.94 | T27: 244 | U27: 69 | V27: =M27-N27-O27-P27-Q27-R27-S27+T27+U27-AP27 -> 496.2683 | W27: =W26+AM27-(AN27/1.9835) -> 20491.144 | X27: =X26 -> 1714.14 | Z27: 211 | AA27: 1.7 | AB27: 1.3 | AC27: 51 | AD27: =AD26-AC27 -> 13885.258 | AE27: =N27+O27+Q27+R27+S27+V27+Z27+AC27 -> 851 | AF27: =IF(L27<0,L27*-1,0) -> 51.557852 | AG27: =AE27+AF27 -> 902.55785 | AH27: 0 | AI27: 78 | AJ27: 44 | AK27: =AK26 -> 14045.606 | AM27: =795-V27 -> 298.7317 | AN27: =47.3*(W26*1.9835+AM27*1.9835+X27*1.9835)/E27 -> 11.196889
A28: =A27+1 -> 17 | B28: 6914.21 | C28: 339100 | D28: =C28-C27 -> 993 | E28: =C28-152000 -> 187100 | F28: =D28/$D$2 -> 500.6302 | G28: 1480 | H28: 0.85 | I28: =G28+H28 -> 1480.85 | J28: =IF(L28>0,L28,0) -> 0 | K28: =I28+J28 -> 1480.85 | L28: =F28-(I28-AE28) -> -91.219801 | M28: 312 | N28: 1.88 | O28: =(38.73+38.54)*1.05 -> 81.1335 | Q28: =2.26*1.02 -> 2.3052 | R28: 4.2 | S28: 2.96 | T28: 244 | U28: 69 | V28: =M28-N28-O28-P28-Q28-R28-S28+T28+U28-AP28 -> 532.5213 | W28: =W27+AM28-(AN28/1.9835) -> 20747.942 | X28: =X27 -> 1714.14 | Z28: 213 | AA28: 1.7 | AB28: 1.3 | AC28: 51 | AD28: =AD27-AC28 -> 13834.258 | AE28: =N28+O28+Q28+R28+S28+V28+Z28+AC28 -> 889 | AF28: =IF(L28<0,L28*-1,0) -> 91.219801 | AG28: =AE28+AF28 -> 980.2198 | AH28: 0 | AI28: 82 | AJ28: 46 | AK28: =AK27 -> 14045.606 | AM28: =795-V28 -> 262.4787 | AN28: =47.3*(W27*1.9835+AM28*1.9835+X28*1.9835)/E28 -> 11.26625
A29: =A28+1 -> 18 | B29: 6914.42 | C29: 339970 | D29: =C29-C28 -> 870 | E29: =C29-152000 -> 187970 | F29: =D29/$D$2 -> 438.6186 | G29: 1420 | H29: 0.62 | I29: =G29+H29 -> 1420.62 | J29: =IF(L29>0,L29,0) -> 0 | K29: =I29+J29 -> 1420.62 | L29: =F29-(I29-AE29) -> -91.001397 | M29: 311 | N29: 1.88 | O29: =(40.84+42.35)*1.05 -> 87.3495 | Q29: =2.26*1.02 -> 2.3052 | R29: 4.2 | S29: 3.93 | T29: 222 | U29: 70 | V29: =M29-N29-O29-P29-Q29-R29-S29+T29+U29-AP29 -> 503.3353 | W29: =W28+AM29-(AN29/1.9835) -> 21033.881 | X29: =X28 -> 1714.14 | Z29: 237 | AA29: 1.7 | AB29: 1.3 | AC29: 51 | AD29: =AD28-AC29 -> 13783.258 | AE29: =N29+O29+Q29+R29+S29+V29+Z29+AC29 -> 891 | AF29: =IF(L29<0,L29*-1,0) -> 91.001397 | AG29: =AE29+AF29 -> 982.0014 | AH29: 0 | AI29: 83 | AJ29: 47 | AK29: =AK28 -> 14045.606 | AM29: =795-V29 -> 291.6647 | AN29: =47.3*(W28*1.9835+AM29*1.9835+X29*1.9835)/E29 -> 11.356846
A30: =A29+1 -> 19 | B30: 6914.67 | C30: 341006 | D30: =C30-C29 -> 1036 | E30: =C30-152000 -> 189006 | F30: =D30/$D$2 -> 522.30905 | G30: 1350 | H30: 0.51 | I30: =G30+H30 -> 1350.51 | J30: =IF(L30>0,L30,0) -> 38.79905 | K30: =I30+J30 -> 1389.309 | L30: =F30-(I30-AE30) -> 38.79905 | M30: 327 | N30: 1.88 | O30: =(40.88+42.27)*1.05 -> 87.3075 | Q30: =2.26*1.02 -> 2.3052 | R30: 4.2 | S30: 4.84 | T30: 198 | U30: 70 | V30: =M30-N30-O30-P30-Q30-R30-S30+T30+U30-AP30 -> 494.4673 | W30: =W29+AM30-(AN30/1.9835) -> 21328.646 | X30: =X29 -> 1714.14 | Z30: 221 | AA30: 1.7 | AB30: 1.3 | AC30: 51 | AD30: =AD29-AC30 -> 13732.258 | AE30: =N30+O30+Q30+R30+S30+V30+Z30+AC30 -> 867 | AF30: =IF(L30<0,L30*-1,0) -> 0 | AG30: =AE30+AF30 -> 867 | AH30: 0 | AI30: 82 | AJ30: 48 | AK30: =AK29 -> 14045.606 | AM30: =795-V30 -> 300.5327 | AN30: =47.3*(W29*1.9835+AM30*1.9835+X30*1.9835)/E30 -> 11.440933
A31: =A30+1 -> 20 | B31: 6914.86 | C31: 341792 | D31: =C31-C30 -> 786 | E31: =C31-152000 -> 189792 | F31: =D31/$D$2 -> 396.26922 | G31: 1280 | H31: 0.45 | I31: =G31+H31 -> 1280.45 | J31: =IF(L31>0,L31,0) -> 9.8192211 | K31: =I31+J31 -> 1290.2692 | L31: =F31-(I31-AE31) -> 9.8192211 | M31: 329 | N31: 1.88 | O31: =(43.38+42.11)*1.05 -> 89.7645 | Q31: =2.26*1.02 -> 2.3052 | R31: 4.2 | S31: 4.94 | T31: 179 | U31: 73 | V31: =M31-N31-O31-P31-Q31-R31-S31+T31+U31-AP31 -> 477.9103 | W31: =W30+AM31-(AN31/1.9835) -> 21639.914 | X31: =X30 -> 1714.14 | Z31: 262 | AA31: 1.7 | AB31: 1.3 | AC31: 51 | AD31: =AD30-AC31 -> 13681.258 | AE31: =N31+O31+Q31+R31+S31+V31+Z31+AC31 -> 894 | AF31: =IF(L31<0,L31*-1,0) -> 0 | AG31: =AE31+AF31 -> 894 | AH31: 0 | AI31: 80 | AJ31: 49 | AK31: =AK30 -> 14045.606 | AM31: =795-V31 -> 317.0897 | AN31: =47.3*(W30*1.9835+AM31*1.9835+X31*1.9835)/E31 -> 11.547447
A32: =A31+1 -> 21 | B32: 6915.17 | C32: 343082 | D32: =C32-C31 -> 1290 | E32: =C32-152000 -> 191082 | F32: =D32/$D$2 -> 650.36552 | G32: 1460 | H32: 0.38 | I32: =G32+H32 -> 1460.38 | J32: =IF(L32>0,L32,0) -> 29.985516 | K32: =I32+J32 -> 1490.3655 | L32: =F32-(I32-AE32) -> 29.985516 | M32: 325 | N32: 1.88 | O32: =(40.44+40.82)*1.05 -> 85.323 | Q32: =2.26*1.02 -> 2.3052 | R32: 4.2 | S32: 3.13 | T32: 164 | U32: 76 | V32: =M32-N32-O32-P32-Q32-R32-S32+T32+U32-AP32 -> 468.1618 | W32: =W31+AM32-(AN32/1.9835) -> 21960.89 | X32: =X31 -> 1714.14 | Z32: 224 | AA32: 1.7 | AB32: 1.3 | AC32: 51 | AD32: =AD31-AC32 -> 13630.258 | AE32: =N32+O32+Q32+R32+S32+V32+Z32+AC32 -> 840 | AF32: =IF(L32<0,L32*-1,0) -> 0 | AG32: =AE32+AF32 -> 840 | AH32: 0 | AI32: 80 | AJ32: 47 | AK32: =AK31 -> 14045.606 | AM32: =795-V32 -> 326.8382 | AN32: =47.3*(W31*1.9835+AM32*1.9835+X32*1.9835)/E32 -> 11.627106
A33: =A32+1 -> 22 | B33: 6915.42 | C33: 344126 | D33: =C33-C32 -> 1044 | E33: =C33-152000 -> 192126 | F33: =D33/$D$2 -> 526.34232 | G33: 1490 | H33: 0.35 | I33: =G33+H33 -> 1490.35 | J33: =IF(L33>0,L33,0) -> 0 | K33: =I33+J33 -> 1490.35 | L33: =F33-(I33-AE33) -> -106.00768 | M33: 315 | N33: 1.88 | O33: =(39+39.33)*1.05 -> 82.2465 | Q33: =2.26*1.02 -> 2.3052 | R33: 4.2 | S33: 3.28 | T33: 164 | U33: 77 | V33: =M33-N33-O33-P33-Q33-R33-S33+T33+U33-AP33 -> 462.0883 | W33: =W32+AM33-(AN33/1.9835) -> 22287.891 | X33: =X32 -> 1714.14 | Z33: 251 | AA33: 1.7 | AB33: 1.3 | AC33: 51 | AD33: =AD32-AC33 -> 13579.258 | AE33: =N33+O33+Q33+R33+S33+V33+Z33+AC33 -> 858 | AF33: =IF(L33<0,L33*-1,0) -> 106.00768 | AG33: =AE33+AF33 -> 964.00768 | AH33: 0 | AI33: 74 | AJ33: 47 | AK33: =AK32 -> 14045.606 | AM33: =795-V33 -> 332.9117 | AN33: =47.3*(W32*1.9835+AM33*1.9835+X33*1.9835)/E33 -> 11.723631
A34: =A33+1 -> 23 | B34: 6915.65 | C34: 345086 | D34: =C34-C33 -> 960 | E34: =C34-152000 -> 193086 | F34: =D34/$D$2 -> 483.99294 | G34: 1420 | H34: 0.32 | I34: =G34+H34 -> 1420.32 | J34: =IF(L34>0,L34,0) -> 0 | K34: =I34+J34 -> 1420.32 | L34: =F34-(I34-AE34) -> -79.327058 | M34: 304 | N34: 1.88 | O34: =(37.17+37.84)*1.05 -> 78.7605 | Q34: =2.26*1.02 -> 2.3052 | R34: 4.2 | S34: 3.97 | T34: 165 | U34: 77 | V34: =M34-N34-O34-P34-Q34-R34-S34+T34+U34-AP34 -> 454.8843 | W34: =W33-199.6-(AN34/1.9835) -> 22082.412 | X34: =X33 -> 1714.14 | Z34: 260 | AA34: 1.7 | AB34: 1.3 | AC34: 51 | AD34: =AD33-AC34 -> 13528.258 | AE34: =N34+O34+Q34+R34+S34+V34+Z34+AC34 -> 857 | AF34: =IF(L34<0,L34*-1,0) -> 79.327058 | AG34: =AE34+AF34 -> 936.32706 | AH34: 0 | AI34: 70 | AJ34: 37 | AK34: =AK33 -> 14045.606 | AN34: =47.3*(W33*1.9835+AM34*1.9835+X34*1.9835)/E34 -> 11.662471
A35: =A34+1 -> 24 | B35: 6915.8 | C35: 345712 | D35: =C35-C34 -> 626 | E35: =C35-152000 -> 193712 | F35: =D35/$D$2 -> 315.60373 | G35: 1250 | H35: 0.28 | I35: =G35+H35 -> 1250.28 | J35: =IF(L35>0,L35,0) -> 0 | K35: =I35+J35 -> 1250.28 | L35: =F35-(I35-AE35) -> -26.676269 | M35: 342 | N35: 1.88 | O35: =(40.86+39.92)*1.05 -> 84.819 | Q35: =2.26*1.02 -> 2.3052 | R35: 4.2 | S35: 4.74 | T35: 165 | U35: 76 | V35: =M35-N35-O35-P35-Q35-R35-S35+T35+U35-AP35 -> 485.0558 | W35: =W34-V35-(AN35/1.9835) -> 21591.545 | X35: =X34 -> 1714.14 | Z35: 274 | AA35: 1.7 | AB35: 1.3 | AC35: 51 | AD35: =AD34-AC35 -> 13477.258 | AE35: =N35+O35+Q35+R35+S35+V35+Z35+AC35 -> 908 | AF35: =IF(L35<0,L35*-1,0) -> 26.676269 | AG35: =AE35+AF35 -> 934.67627 | AH35: 0 | AI35: 80 | AJ35: 46 | AK35: =AK34 -> 14045.606 | AN35: =47.3*(W34*1.9835+AM35*1.9835+X35*1.9835)/E35 -> 11.525263
A36: =A35+1 -> 25 | B36: 6915.95 | C36: 346338 | D36: =C36-C35 -> 626 | E36: =C36-152000 -> 194338 | F36: =D36/$D$2 -> 315.60373 | G36: 1240 | H36: 0.23 | I36: =G36+H36 -> 1240.23 | J36: =IF(L36>0,L36,0) -> 0 | K36: =I36+J36 -> 1240.23 | L36: =F36-(I36-AE36) -> -31.626269 | M36: 322 | N36: 1.88 | O36: =(45.65+46.73)*1.05 -> 96.999 | Q36: =2.26*1.02 -> 2.3052 | R36: 4.2 | S36: 4.68 | T36: 165 | U36: 78 | V36: =M36-N36-O36-P36-Q36-R36-S36+T36+U36-AP36 -> 454.9358 | W36: =W35-V36-(AN36/1.9835) -> 21130.937 | X36: =X35 -> 1714.14 | Z36: 277 | AA36: 1.7 | AB36: 1.3 | AC36: 51 | AD36: =AD35-AC36 -> 13426.258 | AE36: =N36+O36+Q36+R36+S36+V36+Z36+AC36 -> 893 | AF36: =IF(L36<0,L36*-1,0) -> 31.626269 | AG36: =AE36+AF36 -> 924.62627 | AH36: 0 | AI36: 83 | AJ36: 48 | AK36: =AK35 -> 14045.606 | AN36: =47.3*(W35*1.9835+AM36*1.9835+X36*1.9835)/E36 -> 11.251165
A37: =A36+1 -> 26 | B37: 6916.01 | C37: 346589 | D37: =C37-C36 -> 251 | E37: =C37-152000 -> 194589 | F37: =D37/$D$2 -> 126.54399 | G37: 1090 | H37: 0.2 | I37: =G37+H37 -> 1090.2 | J37: =IF(L37>0,L37,0) -> 0 | K37: =I37+J37 -> 1090.2 | L37: =F37-(I37-AE37) -> -52.656012 | M37: 334 | N37: 1.88 | O37: =(42.72+41.88)*1.05 -> 88.83 | Q37: =2.26*1.02 -> 2.3052 | R37: 4.2 | S37: 4.54 | T37: 165 | U37: 78 | V37: =M37-N37-O37-P37-Q37-R37-S37+T37+U37-AP37 -> 475.2448 | W37: =W36-V37-(AN37/1.9835) -> 20650.139 | X37: =X36 -> 1714.14 | Z37: 283 | AA37: 1.7 | AB37: 1.3 | AC37: 51 | AD37: =AD36-AC37 -> 13375.258 | AE37: =N37+O37+Q37+R37+S37+V37+Z37+AC37 -> 911 | AF37: =IF(L37<0,L37*-1,0) -> 52.656012 | AG37: =AE37+AF37 -> 963.65601 | AH37: 0 | AI37: 79 | AJ37: 47 | AK37: =AK36 -> 14045.606 | AN37: =47.3*(W36*1.9835+AM37*1.9835+X37*1.9835)/E37 -> 11.014574
A38: =A37+1 -> 27 | B38: 6916.03 | C38: 346673 | D38: =C38-C37 -> 84 | E38: =C38-152000 -> 194673 | F38: =D38/$D$2 -> 42.349382 | G38: 1040 | H38: 0.16 | I38: =G38+H38 -> 1040.16 | J38: =IF(L38>0,L38,0) -> 0 | K38: =I38+J38 -> 1040.16 | L38: =F38-(I38-AE38) -> -119.81062 | M38: 311 | N38: 1.88 | O38: =(39.4+41.22)*1.05 -> 84.651 | Q38: =2.26*1.02 -> 2.3052 | R38: 4.2 | S38: 3.7 | T38: 165 | U38: 79 | V38: =M38-N38-O38-P38-Q38-R38-S38+T38+U38-AP38 -> 458.2638 | W38: =W37-V38-(AN38/1.9835) -> 20186.442 | X38: =X37 -> 1714.14 | Z38: 272 | AA38: 1.7 | AB38: 1.3 | AC38: 51 | AD38: =AD37-AC38 -> 13324.258 | AE38: =N38+O38+Q38+R38+S38+V38+Z38+AC38 -> 878 | AF38: =IF(L38<0,L38*-1,0) -> 119.81062 | AG38: =AE38+AF38 -> 997.81062 | AH38: 0 | AI38: 77 | AJ38: 50 | AK38: =AK37 -> 14045.606 | AN38: =47.3*(W37*1.9835+AM38*1.9835+X38*1.9835)/E38 -> 10.778108
A39: 28 | B39: 6916.01 | C39: 346589 | D39: =C39-C38 -> -84 | E39: =C39-152000 -> 194589 | F39: =D39/$D$2 -> -42.349382 | G39: 877 | H39: 0.13 | I39: =G39+H39 -> 877.13 | J39: =IF(L39>0,L39,0) -> 0 | K39: =I39+J39 -> 877.13 | L39: =F39-(I39-AE39) -> -69.479382 | M39: 312 | N39: 1.88 | O39: =(35.64+37.36)*1.05 -> 76.65 | Q39: =2.26*1.02 -> 2.3052 | R39: 4.2 | S39: 2.58 | T39: 166 | U39: 79 | V39: =M39-N39-O39-P39-Q39-R39-S39+T39+U39-AP39 -> 469.3848 | W39: =W38-V39-(AN39/1.9835) -> 19711.733 | X39: =X38 -> 1714.14 | Z39: 241 | AA39: 1.7 | AB39: 1.3 | AC39: 52 | AD39: =AD38-AC39 -> 13272.258 | AE39: =N39+O39+Q39+R39+S39+V39+Z39+AC39 -> 850 | AF39: =IF(L39<0,L39*-1,0) -> 69.479382 | AG39: =AE39+AF39 -> 919.47938 | AH39: 0 | AI39: 65 | AJ39: 40 | AK39: =AK38 -> 14045.606 | AN39: =47.3*(W38*1.9835+AM39*1.9835+X39*1.9835)/E39 -> 10.559192
A40: 29 | B40: 6915.92 | C40: 346213 | D40: =C40-C39 -> -376 | E40: =C40-152000 -> 194213 | F40: =D40/$D$2 -> -189.5639 | G40: 707 | H40: 0.1 | I40: =G40+H40 -> 707.1 | J40: =IF(L40>0,L40,0) -> 0 | K40: =I40+J40 -> 707.1 | L40: =F40-(I40-AE40) -> -83.663902 | M40: 305 | N40: 1.88 | O40: =(36.11+36.85)*1.05 -> 76.608 | Q40: =2.26*1.02 -> 2.3052 | R40: 4.2 | S40: 3.2 | T40: 173 | U40: 78 | V40: =M40-N40-O40-P40-Q40-R40-S40+T40+U40-AP40 -> 467.8068 | W40: =W39-V40-(AN40/1.9835) -> 19238.708 | X40: =X39 -> 1714.14 | Z40: 205 | AA40: 1.7 | AB40: 1.3 | AC40: 52 | AD40: =AD39-AC40 -> 13220.258 | AE40: =N40+O40+Q40+R40+S40+V40+Z40+AC40 -> 813 | AF40: =IF(L40<0,L40*-1,0) -> 83.663902 | AG40: =AE40+AF40 -> 896.6639 | AH40: 0 | AI40: 67 | AJ40: 32 | AK40: =AK39 -> 14045.606 | AN40: =47.3*(W39*1.9835+AM40*1.9835+X40*1.9835)/E40 -> 10.350315
A41: 30 | B41: 6915.76 | C41: 345545 | D41: =C41-C40 -> -668 | E41: =C41-152000 -> 193545 | F41: =D41/$D$2 -> -336.77842 | G41: 598 | H41: 0.08 | I41: =G41+H41 -> 598.08 | J41: =IF(L41>0,L41,0) -> 0 | K41: =I41+J41 -> 598.08 | L41: =F41-(I41-AE41) -> -105.85842 | M41: 290 | N41: 1.88 | O41: =(33.33+33.86)*1.05 -> 70.5495 | Q41: =2.26*1.02 -> 2.3052 | R41: 4.2 | S41: 4.95 | T41: 180 | U41: 79 | V41: =M41-N41-O41-P41-Q41-R41-S41+T41+U41-AP41 -> 465.1153 | W41: =W40-V41-(AN41/1.9835) -> 18768.472 | X41: =X40 -> 1714.14 | Z41: 228 | AA41: 1.7 | AB41: 1.3 | AC41: 52 | AD41: =AD40-AC41 -> 13168.258 | AE41: =N41+O41+Q41+R41+S41+V41+Z41+AC41 -> 829 | AF41: =IF(L41<0,L41*-1,0) -> 105.85842 | AG41: =AE41+AF41 -> 934.85842 | AH41: 0 | AI41: 74 | AJ41: 39 | AK41: =AK40 -> 14045.606 | AN41: =47.3*(W40*1.9835+AM41*1.9835+X41*1.9835)/E41 -> 10.156743
A42: 31 | B42: 6915.6 | C42: 344877 | D42: =C42-C41 -> -668 | E42: =C42-152000 -> 192877 | F42: =D42/$D$2 -> -336.77842 | G42: 576 | H42: 0.05 | I42: =G42+H42 -> 576.05 | J42: =IF(L42>0,L42,0) -> 0 | K42: =I42+J42 -> 576.05 | L42: =F42-(I42-AE42) -> -97.828422 | M42: 287 | N42: 1.88 | O42: =(30.01+31.41)*1.05 -> 64.491 | Q42: =2.26*1.02 -> 2.3052 | R42: 4.2 | S42: 4.51 | T42: 186 | U42: 80 | V42: =M42-N42-O42-P42-Q42-R42-S42+T42+U42-AP42 -> 475.6138 | W42: =W41-V42-(AN42/1.9835) -> 18287.835 | X42: =X41 -> 1714.14 | Z42: 210 | AA42: 1.7 | AB42: 1.3 | AC42: 52 | AD42: =AD41-AC42 -> 13116.258 | AE42: =N42+O42+Q42+R42+S42+V42+Z42+AC42 -> 815 | AF42: =IF(L42<0,L42*-1,0) -> 97.828422 | AG42: =AE42+AF42 -> 912.82842 | AH42: 0 | AI42: 78 | AJ42: 45 | AK42: =AK41 -> 14045.606 | AN42: =47.3*(W41*1.9835+AM42*1.9835+X42*1.9835)/E42 -> 9.9631862
A44: MONTH / CFS | F44: =SUM(F12:F42) -> 10812.201 | G44: =SUM(G12:G42) -> 34921 | H44: =SUM(H12:H42) -> 162.33 | I44: =SUM(I12:I42) -> 35083.33 | J44: =SUM(J12:J42) -> 476.66775 | K44: =SUM(K12:K42) -> 35559.998 | L44: =SUM(L12:L42) -> -707.39374 | M44: =SUM(M12:M42) -> 9317 | ... V44: =SUM(V12:V42) -> 13652.381 | Z44: =SUM(Z12:Z42) -> 5272 | AA44: =SUM(AA12:AA42) -> 52.7 | AB44: =SUM(AB12:AB42) -> 40.3 | AC44: =SUM(AC12:AC42) -> 1580 | AE44: =SUM(AE12:AE42) -> 23563.736 | AF44: =SUM(AF12:AF42) -> 1184.0615 | AG44: =SUM(AG12:AG42) -> 24747.797 | AH44: =SUM(AH12:AH42) -> 0.22 | AI44: =AVERAGE(AI12:AI42) -> 73.645161 | AJ44: =AVERAGE(AJ12:AJ42) -> 42.354839 | AK44: AVG | AL44: =SUM(AL12:AL42) -> 0 | AO44: =SUM(AO12:AO42) -> 0 | AP44: =SUM(AP12:AP42) -> 0
A45: MONTH / AF | D45: =SUM(D12:D42) -> 21446 | F45: =F44*$D$2 -> 21446 | G45: =G44*$D$2 -> 69265.803 | H45: =H44*$D$2 -> 321.98156 | I45: =I44*$D$2 -> 69587.785 | J45: =J44*$D$2 -> 945.47048 | K45: =K44*$D$2 -> 70533.256 | L45: =L44*$D$2 -> -1403.1155 | M45: =M44*$D$2 -> 18480.269 | ... V45: =V44*$D$2 -> 27079.498 | Z45: =Z44*$D$2 -> 10457.012 | AA45: =AA44*$D$2 -> 104.53045 | AB45: =AB44*$D$2 -> 79.93505 | AC45: =AC44*$D$2 -> 3133.93 | AE45: =AE44*$D$2 -> 46738.67 | AF45: =AF44*$D$2 -> 2348.586 | AG45: =AG44*$D$2 -> 49087.256 | AI45: =MAX(AI12:AI42) -> 83 | AJ45: =MAX(AJ12:AJ42) -> 51 | AK45: HI | AL45: =AL44*$D$2 -> 0 | AN45: =SUM(AN12:AN42) -> 330.34244 | AO45: =AO44*$D$2 -> 0 | AP45: =AP44*$D$2 -> 0
A47: SEASON / CFS | F47: =F9+F44 -> 27268.465 | G47: =G9+G44 -> 53411 | H47: =H9+H44 -> 997.23 | I47: =I9+I44 -> 54408.23 | J47: =J9+J44 -> 3480.7705 | K47: =K9+K44 -> 57889 | L47: =L9+L44 -> 2244.3704 | M47: =M9+M44 -> 12620 | ... P47: =P9+P44 -> 2.2644 | T47: =T9+T44 -> 5901 | U47: =U9+U44 -> 2492.8 | V47: =V9+V44 -> 15744.573 | W47: =W42+W44 -> 18287.835 | X47: =X42+X44 -> 1714.14 | Z47: =Z9+Z44 -> 5457.6 | AA47: =AA9+AA44 -> 103.7 | AB47: =AB9+AB44 -> 79.3 | AE47: =AE9+AE44 -> 29384.136 | AF47: =AF9+AF44 -> 1236.4 | AG47: =AG9+AG44 -> 30620.536 | AI47: =MIN(AI12:AI42) -> 56 | AJ47: =MIN(AJ12:AJ42) -> 30 | AK47: LO | AO47: =AO9+AO44 -> 0 | AP47: =AP9+AP44 -> 0
A48: SEASON / AF | F48: =F47*$D$2 -> 54087 | G48: =G47*$D$2 -> 105940.72 | H48: =H47*$D$2 -> 1978.0057 | I48: =I47*$D$2 -> 107918.72 | J48: =J47*$D$2 -> 6904.1082 | K48: =K47*$D$2 -> 114822.83 | L48: =L47*$D$2 -> 4451.7088 | M48: =M47*$D$2 -> 25031.77 | ... P48: =P47*$D$2 -> 4.4914374 | T48: =T47*$D$2 -> 11704.633 | U48: =U47*$D$2 -> 4944.4688 | V48: =V47*$D$2 -> 31229.36 | W48: =W47*$D$2 -> 36273.922 | X48: =X47*$D$2 -> 3399.9967 | Z48: =Z47*$D$2 -> 10825.15 | AA48: =AA47*$D$2 -> 205.68895 | AB48: =AB47*$D$2 -> 157.29155 | AE48: =AE47*$D$2 -> 58283.433 | AF48: =AF47*$D$2 -> 2452.3995 | AG48: =AG47*$D$2 -> 60735.832 | AN48: =AN9+AN45 -> 414.62532 | AO48: =AO47*$D$2 -> 0 | AP48: =AP47*$D$2 -> 0
A50: YTD / CFS | F50: =F10+F44 -> 22940.761 | G50: =G10+G44 -> 61063 | H50: =H10+H44 -> 1220.053 | I50: =I10+I44 -> 62283.053 | J50: =J10+J44 -> 5012.9589 | K50: =K10+K44 -> 67296.012 | L50: =L10+L44 -> 2558.8539 | M50: =M10+M44 -> 13912.6 | ... V50: =V10+V44 -> 23632.475 | AC50: =AC10+AC44 -> 6806 | AD50: =AD42 -> 13116.258 | AE50: =AE10+AE44 -> 41901.146 | AF50: =AF10+AF44 -> 2454.105 | AG50: =AG10+AG44 -> 44355.251 | AH50: =AH10+AH44 -> 4.19 | AL50: =AL10+AL44 -> 119.25701 | AO50: =AO10+AO44 -> 0
A51: YTD / AF | D51: =D10+D45 -> 45503 | E51: =E42 -> 192877 | F51: =F50*$D$2 -> 45503 | G51: =G50*$D$2 -> 121118.46 | H51: =H50*$D$2 -> 2419.9751 | I51: =I50*$D$2 -> 123538.44 | J51: =J50*$D$2 -> 9943.2039 | K51: =K50*$D$2 -> 133481.64 | L51: =L50*$D$2 -> 5075.4867 | M51: =M50*$D$2 -> 27595.642 | ... V51: =V50*$D$2 -> 46875.013 | AC51: =AC50*$D$2 -> 13499.701 | AD51: =AD50*$D$2 -> 26016.097 | AE51: =AE50*$D$2 -> 83110.922 | AF51: =AF50*$D$2 -> 4867.7172 | AG51: =AG50*$D$2 -> 87978.64 | AK51: =AK42 -> 14045.606 | AL51: =AL50*$D$2 -> 236.54627 | AN51: =AN10+AN45 -> 414.62532 | AO51: =AO50*$D$2 -> 0

Sheet JUN
K1: MCPHEE RESERVOIR INFLOW/OUTFLOW TABULATION
A2: AF/cfs CONVERT FACTOR | D2: 1.9835 | K2: JUNE "2006"
D4: RESERVOIR | T4: INFLOW/OUTFLOW (CFS) | AI4: WEATHER | AM4: ADJUSTMENTS
A5: DATE | B5: RESERV | C5: RESERV | D5: AC FT | E5: ACTIVE | F5: CONV TO | G5: DOLORES | H5: LOST | I5: RECORD | J5: CALC | K5: TOTAL | L5: CALC | M5: DOLORES TUNNEL | T5: LONE | U5: U | V5: TOTAL | W5: MVI | X5: TO EX & | Y5: MVI | Z5: DV CR | AA5: D/S SENIOR | AC5: BELOW | AD5: FISH | AE5: RECORD | AF5: CALC | AG5: TOTAL | AH5: RAIN | AI5: MAX | AJ5: MIN | AK5: NAR | AL5: MVI | AM5: MVI | AN5: MVI | AO5: U/S | AP5: TOTTEN
A6: JUN | B6: ELEV | C6: AC FT | D6: CHANGE | E6: CAP | F6: CFS | G6: RIVER | H6: CAN | I6: INFLOW | J6: INFLOW | K6: INFLOW | L6: INF/OTF | M6: TOT DIV | N6: WET | O6: UTE | P6: QUEST | Q6: MWC | R6: CTZ | S6: CTZ & | T6: PINE | U6: LAT | V6: MVI | W6: CALL | X6: U/S EX | Y6: PROJ | Z6: CANAL | AA6: MVIC | AB6: PROJ | AC6: MCP | AD6: LEFT | AE6: OTF | AF6: OTF | AG6: OTF | AI6: TMP | AJ6: TMP | AK6: CALL | AL6: STOCK | AM6: STORED | AN6: STORED | AO6: USERS | AP6: (FRESH
E7: AC FT | N7: LAND | O7: F&R | S7: UTE | AK7: AC FT | AL7: AC.FT. | AM7: Apr - Jun | AN7: EVAP | AO7: EXCH | AP7: WATER)
N8: 1.03 | O8: 1.05 | P8: 1.02 | Q8: 1.02 | R8: 1.04 | S8: PROJ | AM8: July-Oct | AN8: AC.FT.
A9: SEASON BAL | F9: =MAY!F47 -> 27268.465 | G9: =MAY!G47 -> 53411 | H9: =MAY!H47 -> 997.23 | I9: =MAY!I47 -> 54408.23 | J9: =MAY!J47 -> 3480.7705 | K9: =MAY!K47 -> 57889 | L9: =MAY!L47 -> 2244.3704 | M9: =MAY!M47 -> 12620 | ... P9: =MAY!P47 -> 2.2644 | T9: =MAY!T47 -> 5901 | U9: =MAY!U47 -> 2492.8 | V9: =MAY!V47 -> 15744.573 | W9: =MAY!W47 -> 18287.835 | Z9: =MAY!Z47 -> 5457.6 | AA9: =MAY!AA47 -> 103.7 | AB9: =MAY!AB47 -> 79.3 | AE9: =MAY!AE47 -> 29384.136 | AF9: =MAY!AF47 -> 1236.4 | AG9: =MAY!AG47 -> 30620.536 | AN9: =MAY!AN48 -> 414.62532 | AO9: =MAY!AO47 -> 0 | AP9: =MAY!AP47 -> 0
A10: YTD | B10: =MAY!B42 -> 6915.6 | C10: =MAY!C42 -> 344877 | D10: =MAY!D51 -> 45503 | E10: =MAY!E51 -> 192877 | F10: =MAY!F50 -> 22940.761 | G10: =MAY!G50 -> 61063 | H10: =MAY!H50 -> 1220.053 | I10: =MAY!I50 -> 62283.053 | J10: =MAY!J50 -> 5012.9589 | K10: =MAY!K50 -> 67296.012 | L10: =MAY!L50 -> 2558.8539 | M10: =MAY!M50 -> 13912.6 | ... O10: =MAY!O50 -> 4767.924 | Q10: =MAY!Q50 -> 345.423 | R10: =MAY!R50 -> 647.9548 | S10: =MAY!S50 -> 129.07 | T10: =MAY!T50 -> 13082.94 | U10: =MAY!U50 -> 2644.27 | V10: =MAY!V50 -> 23632.475 | AC10: =MAY!AC50 -> 6806 | AD10: =MAY!AD50 -> 13116.258 | AE10: =MAY!AE50 -> 41901.146 | AF10: =MAY!AF50 -> 2454.105 | AG10: =MAY!AG50 -> 44355.251 | AH10: =MAY!AH50 -> 4.19 | AK10: =MAY!AK51 -> 14045.606 | AL10: =MAY!AL51 -> 236.54627 | AN10: =MAY!AN51 -> 414.62532 | AO10: =MAY!AO50 -> 0 | AP10: =MAY!AP50 -> 0
O11: 0 | U11: 0
A12: 1 | B12: 6915.44 | C12: 344209 | D12: =C12-C10 -> -668 | E12: =C12-152000 -> 192209 | F12: =D12/$D$2 -> -336.77842 | G12: 573 | H12: 0.03 | I12: =G12+H12 -> 573.03 | J12: =IF(L12>0,L12,0) -> 0 | K12: =I12+J12 -> 573.03 | L12: =F12-(I12-AE12) -> -47.808422 | M12: 323 | N12: =1.8299*1.03 -> 1.884797 | O12: =(42.65+42.74)*1.05 -> 89.6595 | Q12: =2.63*1.02 -> 2.6826 | R12: 4.2 | S12: 6.13 | T12: 187 | U12: 80 | V12: =M12-N12-O12-Q12-R12-S12+T12+U12-AP12 -> 485.4431 | W12: =W9-V12-(AN12/1.9835) -> 17795.732 | X12: 1714.14 | Z12: 206 | AA12: 1.7 | AB12: 1.3 | AC12: 66 | AD12: =AD10-AC12 -> 13050.258 | AE12: =N12+O12+Q12+R12+S12+V12+Z12+AC12 -> 862 | AF12: =IF(L12<0,L12*-1,0) -> 47.808422 | AG12: =AE12+AF12 -> 909.80842 | AH12: 0 | AI12: 84 | AJ12: 48 | AK12: =AK10+(111*1.9835) -> 14265.775 | AN12: =64*(W9*1.9835+X12*1.9835+AM12*1.9835)/E12 -> 13.21026
A13: =A12+1 -> 2 | B13: 6915.29 | C13: 343583 | D13: =C13-C12 -> -626 | E13: =C13-152000 -> 191583 | F13: =D13/$D$2 -> -315.60373 | G13: 589 | H13: 0.02 | I13: =G13+H13 -> 589.02 | J13: =IF(L13>0,L13,0) -> 0 | K13: =I13+J13 -> 589.02 | L13: =F13-(I13-AE13) -> -31.623731 | M13: 307 | N13: =1.8299*1.03 -> 1.884797 | O13: =(43.77+46.04)*1.05 -> 94.3005 | Q13: =2.63*1.02 -> 2.6826 | R13: 4.2 | S13: 4.31 | T13: 186 | U13: 80 | V13: =M13-N13-O13-Q13-R13-S13+T13+U13-AP13 -> 465.6221 | W13: =W12-V13-(AN13/1.9835) -> 17323.593 | X13: =X12+AO13 -> 1714.14 | Z13: 225 | AA13: 1.7 | AB13: 1.3 | AC13: 75 | AD13: =AD12-AC13 -> 12975.258 | AE13: =N13+O13+Q13+R13+S13+V13+Z13+AC13 -> 873 | AF13: =IF(L13<0,L13*-1,0) -> 31.623731 | AG13: =AE13+AF13 -> 904.62373 | AH13: 0 | AI13: 85 | AJ13: 53 | AK13: =AK12+(167*1.9835) -> 14597.019 | AN13: =64*(W12*1.9835+X13*1.9835+AM13*1.9835)/E13 -> 12.927354
A14: =A13+1 -> 3 | B14: 6915.14 | C14: 342957 | D14: =C14-C13 -> -626 | E14: =C14-152000 -> 190957 | F14: =D14/$D$2 -> -315.60373 | G14: 574 | H14: 0.02 | I14: =G14+H14 -> 574.02 | J14: =IF(L14>0,L14,0) -> 0 | K14: =I14+J14 -> 574.02 | L14: =F14-(I14-AE14) -> -48.623731 | M14: 298 | N14: =1.8299*1.03 -> 1.884797 | O14: =(41.72+38.1)*1.05 -> 83.811 | Q14: =2.63*1.02 -> 2.6826 | R14: 4.2 | S14: 4.07 | T14: 186 | U14: 81 | V14: =M14-N14-O14-Q14-R14-S14+T14+U14-AP14 -> 468.3516 | W14: =W13-V14-(AN14/1.9835) -> 16848.861 | X14: =X13+AO14 -> 1714.14 | Z14: 201 | AA14: 1.7 | AB14: 1.3 | AC14: 75 | AD14: =AD13-AC14 -> 12900.258 | AE14: =N14+O14+Q14+R14+S14+V14+Z14+AC14 -> 841 | AF14: =IF(L14<0,L14*-1,0) -> 48.623731 | AG14: =AE14+AF14 -> 889.62373 | AH14: 0 | AI14: 85 | AJ14: 50 | AK14: =AK13+(167*1.9835) -> 14928.264 | AN14: =64*(W13*1.9835+X14*1.9835+AM14*1.9835)/E14 -> 12.655865
A15: =A14+1 -> 4 | B15: 6914.98 | C15: 342289 | D15: =C15-C14 -> -668 | E15: =C15-152000 -> 190289 | F15: =D15/$D$2 -> -336.77842 | G15: 570 | H15: 0.01 | I15: =G15+H15 -> 570.01 | J15: =IF(L15>0,L15,0) -> 0 | K15: =I15+J15 -> 570.01 | L15: =F15-(I15-AE15) -> -41.788422 | M15: 315 | N15: =1.8299*1.03 -> 1.884797 | O15: =(40.6+41.4)*1.05 -> 86.1 | Q15: =2.63*1.02 -> 2.6826 | R15: 4.2 | S15: 4.43 | T15: 186 | U15: 81 | V15: =M15-N15-O15-Q15-R15-S15+T15+U15-AP15 -> 482.7026 | W15: =W14-V15-(AN15/1.9835) -> 16359.915 | X15: =X14+AO15 -> 1714.14 | Z15: 208 | AA15: 1.7 | AB15: 1.3 | AC15: 75 | AD15: =AD14-AC15 -> 12825.258 | AE15: =N15+O15+Q15+R15+S15+V15+Z15+AC15 -> 865 | AF15: =IF(L15<0,L15*-1,0) -> 41.788422 | AG15: =AE15+AF15 -> 906.78842 | AH15: 0 | AI15: 87 | AJ15: 51 | AK15: =AK14+(167*1.9835) -> 15259.508 | AN15: =64*(W14*1.9835+X15*1.9835+AM15*1.9835)/E15 -> 12.383593
A16: =A15+1 -> 5 | B16: 6914.82 | C16: 341627 | D16: =C16-C15 -> -662 | E16: =C16-152000 -> 189627 | F16: =D16/$D$2 -> -333.75347 | G16: 554 | H16: 0.01 | I16: =G16+H16 -> 554.01 | J16: =IF(L16>0,L16,0) -> 0 | K16: =I16+J16 -> 554.01 | L16: =F16-(I16-AE16) -> -78.763466 | M16: 290 | N16: =1.8299*1.03 -> 1.884797 | O16: =(39.94+41.56)*1.05 -> 85.575 | Q16: =2.63*1.02 -> 2.6826 | R16: 4.2 | S16: 5.49 | T16: 185 | U16: 80 | V16: =M16-N16-O16-Q16-R16-S16+T16+U16-AP16 -> 455.1676 | W16: =W15-V16-(AN16/1.9835) -> 15898.647 | X16: =X15+AO16 -> 1714.14 | Z16: 181 | AA16: 1.7 | AB16: 1.3 | AC16: 73 | AD16: =AD15-AC16 -> 12752.258 | AE16: =N16+O16+Q16+R16+S16+V16+Z16+AC16 -> 809 | AF16: =IF(L16<0,L16*-1,0) -> 78.763466 | AG16: =AE16+AF16 -> 887.76347 | AH16: 0 | AI16: 89 | AJ16: 52 | AK16: =AK15+(167*1.9835) -> 15590.753 | AN16: =64*(W15*1.9835+X16*1.9835+AM16*1.9835)/E16 -> 12.099505
A17: =A16+1 -> 6 | B17: 6914.64 | C17: 340881 | D17: =C17-C16 -> -746 | E17: =C17-152000 -> 188881 | F17: =D17/$D$2 -> -376.10285 | G17: 533 | H17: 0.01 | I17: =G17+H17 -> 533.01 | J17: =IF(L17>0,L17,0) -> 0 | K17: =I17+J17 -> 533.01 | L17: =F17-(I17-AE17) -> -110.11285 | M17: 296 | N17: =1.8299*1.03 -> 1.884797 | O17: =(44.07+44.9)*1.05 -> 93.4185 | Q17: =2.63*1.02 -> 2.6826 | R17: 4.2 | S17: 4.89 | T17: 184 | U17: 79 | V17: =M17-N17-O17-Q17-R17-S17+T17+U17-AP17 -> 451.9241 | W17: =W16-V17-(AN17/1.9835) -> 15440.755 | X17: =X16+AO17 -> 1714.14 | Z17: 168 | AA17: 1.7 | AB17: 1.3 | AC17: 72 | AD17: =AD16-AC17 -> 12680.258 | AE17: =N17+O17+Q17+R17+S17+V17+Z17+AC17 -> 799 | AF17: =IF(L17<0,L17*-1,0) -> 110.11285 | AG17: =AE17+AF17 -> 909.11285 | AH17: 0 | AI17: 92 | AJ17: 59 | AK17: =AK16+(54.45*1.9835) -> 15698.754 | AN17: =64*(W16*1.9835+X17*1.9835+AM17*1.9835)/E17 -> 11.837282
A18: =A17+1 -> 7 | B18: 6914.48 | C18: 340219 | D18: =C18-C17 -> -662 | E18: =C18-152000 -> 188219 | F18: =D18/$D$2 -> -333.75347 | G18: 488 | H18: 0.01 | I18: =G18+H18 -> 488.01 | J18: =IF(L18>0,L18,0) -> 0 | K18: =I18+J18 -> 488.01 | L18: =F18-(I18-AE18) -> -24.763466 | M18: 304 | N18: =1.8299*1.03 -> 1.884797 | O18: =(44.27+45.45)*1.05 -> 94.206 | Q18: =2.63*1.02 -> 2.6826 | R18: 4.2 | S18: 4.96 | T18: 185 | U18: 78 | V18: =M18-N18-O18-Q18-R18-S18+T18+U18-AP18 -> 459.0666 | W18: =W17-V18-(AN18/1.9835) -> 14975.855 | X18: =X17+AO18 -> 1714.14 | Z18: 158 | AA18: 1.7 | AB18: 1.3 | AC18: 72 | AD18: =AD17-AC18 -> 12608.258 | AE18: =N18+O18+Q18+R18+S18+V18+Z18+AC18 -> 797 | AF18: =IF(L18<0,L18*-1,0) -> 24.763466 | AG18: =AE18+AF18 -> 821.76347 | AH18: 0.01 | AI18: 87 | AJ18: 55 | AK18: =AK17 -> 15698.754 | AN18: =64*(W17*1.9835+X18*1.9835+AM18*1.9835)/E18 -> 11.570091
