Workbook

Sheet NOV
K1: MCPHEE RESERVOIR INFLOW/OUTFLOW TABULATION
A2: AF/cfs CONVERT FACTOR | D2: 1.9835 | L2: NOVEMBER "2015"
D4: RESERVOIR | I4: INFLOW | X4: OUTFLOW | AP4: ADJUSTMENTS | AW4: WEATHER
A5: DATE | B5: RESERV | C5: RESERV | D5: AC FT | E5: ACTIVE | F5: CONV TO | G5: DOLORES | H5: LOST | I5: RECORD | J5: CALC | K5: TOTAL | L5: CALC | M5: DOLORES TUNNEL | V5: LONE | W5: U | X5: TOTAL | Y5: TOTAL | Z5: MVI | AA5: MVI | AB5: MVI | AC5: TO EX & | AD5: MVI | AE5: DV CR | AF5: D/S SENIOR | AH5: BELOW | AI5: FISH | AJ5: SPILL | AK5: RECORD | AL5: CALC | AM5: TOTAL | AN5: NAR | AO5: MVI | AP5: MVI | AQ5: MVI | AR5: DIST. | AS5: U/S | AT5: TOTTEN | AU5: UF&R | AV5: RAIN | AW5: MAX | AX5: MIN | AZ5: TOTAL | BA5: GRNDHOG | BB5: GRNDHOG
A6: NOV | B6: ELEV | D6: CHANGE | E6: CAP | F6: CFS | G6: RIVER | H6: CAN | I6: INFLOW | J6: INFLOW | K6: INFLOW | L6: INF/OTF | M6: TOT DIV | N6: WET | O6: UTE | P6: QUEST | Q6: MWC | R6: CORTEZ | T6: UTE | U6: F-BAY | V6: PINE | W6: LAT | X6: MVI | Y6: MVI | Z6: CALL | AA6: CALL | AB6: APR- | AC6: U/S EX | AD6: PROJ | AE6: CANAL | AF6: MVIC | AG6: PROJ | AH6: MCP | AI6: LEFT | AK6: OTF | AL6: OTF | AM6: OTF | AN6: FILL | AO6: STOCK | AP6: STORED | AQ6: STORED | AR6: CLASS | AS6: USERS | AT6: (FRESH | AU6: LEASE | AW6: TMP | AX6: TMP | AZ6: TUNNEL | BA6: DISCHARGE | BB6: CAPACITY
N7: LAND | O7: F&R | Q7: NON - | R7: NON - | S7: PROJ | T7: PROJ | U7: BAL | X7: WATER | Y7: IRRIG. | Z7: STOR | AA7: SPILLED | AB7: JUNE | AF7: 1.7 | AG7: 1.3 | AP7: Apr - Jun | AQ7: EVAP | AR7: "B" | AS7: EXCH | AT7: WATER) | AU7: WATER | AZ7: Misc.
Q8: PROJ | R8: PROJ | X8: USED | Y8: WATER | AA8: OR | AB8: (DIV+
R9: 4.2 | Y9: USED | AA9: USED | AB9: CALL) | BB9: FP = 3960
C10: AC. Ft. | E10: AC FT | G10: CFS | H10: CFS | I10: CFS | J10: CFS | K10: CFS | L10: CFS | M10: CFS | N10: CFS | O10: CFS | P10: CFS | Q10: CFS | R10: CFS | S10: CFS | T10: CFS | U10: CFS | V10: CFS | W10: CFS | X10: 153400 | Y10: 150400 | AB10: 72000 | AC10: CFS | AD10: CFS | AE10: CFS | AF10: CFS | AG10: CFS | AH10: CFS | AI10: CFS | AJ10: CFS | AK10: CFS | AL10: CFS | AM10: CFS | AN10: CFS | AO10: CFS | AP10: CFS | AQ10: AC.FT. | AR10: CFS | AS10: CFS | AT10: CFS | AU10: CFS | AZ10: Outflow | BA10: CFS | BB10: AC FT
N11: 1.03 | O11: 1.05 | P11: 1.02 | Q11: 1.02 | R11: 1.04 | T11: 1.04 | X11: CFS | Y11: CFS | Z11: CFS | AA11: CFS | AB11: Ac. Ft. | AZ11: CFS
A12: SEASON BAL
A13: YTD | B13: 6888.51 | C13: 243168 | AI13: 5218.2579
A15: 1 | B15: 6888.49 | C15: 243069 | D15: =C15-C13 -> -99 | E15: =C15-152000 -> 91069 | F15: =D15/$D$2 -> -49.911772 | G15: 91 | H15: 0 | I15: =G15+H15 -> 91 | J15: =IF(L15>0,L15,0) -> 0 | K15: =I15+J15 -> 91 | L15: =F15-(I15-AK15) -> -32.641772 | M15: 7.57 | N15: 0 | O15: =0*1.05 -> 0 | P15: 0 | Q15: =1220300/325851/1.9835*1.02 -> 1.9258192 | R15: =IF(((2.5*1.04)-T15)>=4.2,4.2,(2.5*1.04)-T15) -> 1.9650176 | S15: =IF(((2.5*1.04)-T15)>=4.2,((2.5*1.04)-T15)-4.2,0) -> 0 | T15: =(0.576*1.06)*1.04 -> 0.6349824 | U15: =M15-(Q15+R15+S15+T15) -> 3.0441808 | V15: 70.5 | W15: 0 | X15: =M15-N15-O15-P15-Q15-R15-S15-T15-U15+V15+W15-AU15+AR15 -> 70.5 | Y15: =X15-AO15 -> 70.5 | AE15: 0 | AH15: 30.2 | AI15: =AI13-AH15 -> 5188.0579 | AK15: =N15+O15+P15+Q15+R15+S15+T15+U15+X15+AE15+AH15 -> 108.27 | AL15: =IF(L15<0,L15*-1,0) -> 32.641772 | AM15: =AK15+AL15 -> 140.91177 | AN15: =V15 -> 70.5 | AV15: 0 | AW15: 67 | AX15: 34 | AZ15: =SUM(N15,P15:U15) -> 7.57 | BA15: 0.081 | BB15: 18583
A16: =A15+1 -> 2 | B16: 6888.47 | C16: 243035 | D16: =C16-C15 -> -34 | E16: =C16-152000 -> 91035 | F16: =D16/$D$2 -> -17.141417 | G16: 87 | H16: 0 | I16: =G16+H16 -> 87 | J16: =IF(L16>0,L16,0) -> 1.9685833 | K16: =I16+J16 -> 88.968583 | L16: =F16-(I16-AK16) -> 1.9685833 | M16: 5.51 | N16: 0 | O16: =0*1.05 -> 0 | P16: 0 | Q16: =968000/325851/1.9835*1.02 -> 1.5276514 | R16: =IF(((2.6*1.04)-T16)>=4.2,4.2,(2.6*1.04)-T16) -> 2.0690176 | S16: =IF(((2.6*1.04)-T16)>=4.2,((2.6*1.04)-T16)-4.2,0) -> 0 | T16: =(0.576*1.06)*1.04 -> 0.6349824 | U16: =M16-(Q16+R16+S16+T16) -> 1.2783486 | V16: 70.5 | W16: 0 | X16: =M16-N16-O16-P16-Q16-R16-S16-T16-U16+V16+W16-AU16+AR16 -> 70.5 | Y16: =X16-AO16 -> 70.5 | AE16: 0 | AH16: 30.1 | AI16: =AI15-AH16 -> 5157.9579 | AK16: =N16+O16+P16+Q16+R16+S16+T16+U16+X16+AE16+AH16 -> 106.11 | AL16: =IF(L16<0,L16*-1,0) -> 0 | AM16: =AK16+AL16 -> 106.11 | AN16: =V16 -> 70.5 | AV16: 0 | AW16: 68 | AX16: 38 | AZ16: =SUM(N16,P16:U16) -> 5.51 | BA16: 0.159 | BB16: 18573
A17: =A16+1 -> 3 | B17: 6888.44 | C17: 242935 | D17: =C17-C16 -> -100 | E17: =C17-152000 -> 90935 | F17: =D17/$D$2 -> -50.415931 | G17: 85 | H17: 0 | I17: =G17+H17 -> 85 | J17: =IF(L17>0,L17,0) -> 0 | K17: =I17+J17 -> 85 | L17: =F17-(I17-AK17) -> -31.648931 | M17: 3.12 | N17: 0 | O17: =0*1.05 -> 0 | P17: 0 | Q17: =948200/325851/1.9835*1.02 -> 1.496404 | R17: =IF(((2.5*1.04)-T17)>=4.2,4.2,(2.5*1.04)-T17) -> 1.9650176 | S17: =IF(((2.5*1.04)-T17)>=4.2,((2.5*1.04)-T17)-4.2,0) -> 0 | T17: =(0.576*1.06)*1.04 -> 0.6349824 | U17: =M17-(Q17+R17+S17+T17) -> -0.976404 | V17: 70.5 | W17: 0.047 | X17: =M17-N17-O17-P17-Q17-R17-S17-T17-U17+V17+W17-AU17+AR17 -> 70.547 | Y17: =X17-AO17 -> 70.547 | AE17: 0 | AH17: 30.1 | AI17: =AI16-AH17 -> 5127.8579 | AK17: =N17+O17+P17+Q17+R17+S17+T17+U17+X17+AE17+AH17 -> 103.767 | AL17: =IF(L17<0,L17*-1,0) -> 31.648931 | AM17: =AK17+AL17 -> 135.41593 | AN17: =V17 -> 70.5 | AV17: 0.01 | AW17: 67 | AX17: 41 | AZ17: =SUM(N17,P17:U17) -> 3.12 | BA17: 0.189 | BB17: 18583
A18: =A17+1 -> 4 | B18: 6888.46 | C18: 243002 | D18: =C18-C17 -> 67 | E18: =C18-152000 -> 91002 | F18: =D18/$D$2 -> 33.778674 | G18: 104 | H18: 0 | I18: =G18+H18 -> 104 | J18: =IF(L18>0,L18,0) -> 35.248674 | K18: =I18+J18 -> 139.24867 | L18: =F18-(I18-AK18) -> 35.248674 | M18: 4.17 | N18: 0 | O18: =0*1.05 -> 0 | P18: 0 | Q18: =838000/325851/1.9835*1.02 -> 1.3224916 | R18: =IF(((2.4*1.04)-T18)>=4.2,4.2,(2.4*1.04)-T18) -> 1.8610176 | S18: =IF(((2.4*1.04)-T18)>=4.2,((2.4*1.04)-T18)-4.2,0) -> 0 | T18: =(0.576*1.06)*1.04 -> 0.6349824 | U18: =M18-(Q18+R18+S18+T18) -> 0.35150838 | V18: 70.9 | W18: 0 | X18: =M18-N18-O18-P18-Q18-R18-S18-T18-U18+V18+W18-AU18+AR18 -> 70.9 | Y18: =X18-AO18 -> 70.9 | AE18: 0 | AH18: 30.4 | AI18: =AI17-AH18 -> 5097.4579 | AK18: =N18+O18+P18+Q18+R18+S18+T18+U18+X18+AE18+AH18 -> 105.47 | AL18: =IF(L18<0,L18*-1,0) -> 0 | AM18: =AK18+AL18 -> 105.47 | AN18: =V18 -> 70.9 | AV18: 0.41 | AW18: 49 | AX18: 30 | AZ18: =SUM(N18,P18:U18) -> 4.17 | BA18: 0.191 | BB18: 18571
A19: =A18+1 -> 5 | B19: 6888.46 | C19: 243002 | D19: =C19-C18 -> 0 | E19: =C19-152000 -> 91002 | F19: =D19/$D$2 -> 0 | G19: 99 | H19: 0 | I19: =G19+H19 -> 99 | J19: =IF(L19>0,L19,0) -> 23.22 | K19: =I19+J19 -> 122.22 | L19: =F19-(I19-AK19) -> 23.22 | M19: 2.72 | N19: 0 | O19: =0*1.05 -> 0 | P19: 0 | Q19: =843700/325851/1.9835*1.02 -> 1.3314871 | R19: =IF(((1.9*1.04)-T19)>=4.2,4.2,(1.9*1.04)-T19) -> 1.3410176 | S19: =IF(((1.9*1.04)-T19)>=4.2,((1.9*1.04)-T19)-4.2,0) -> 0 | T19: =(0.576*1.06)*1.04 -> 0.6349824 | U19: =M19-(Q19+R19+S19+T19) -> -0.58748708 | V19: 89.4 | W19: 0 | X19: =M19-N19-O19-P19-Q19-R19-S19-T19-U19+V19+W19-AU19+AR19 -> 89.4 | Y19: =X19-AO19 -> 89.4 | AE19: 0 | AH19: 30.1 | AI19: =AI18-AH19 -> 5067.3579 | AK19: =N19+O19+P19+Q19+R19+S19+T19+U19+X19+AE19+AH19 -> 122.22 | AL19: =IF(L19<0,L19*-1,0) -> 0 | AM19: =AK19+AL19 -> 122.22 | AN19: =V19 -> 89.4 | AV19: 0.05 | AW19: 43 | AX19: 30 | AZ19: =SUM(N19,P19:U19) -> 2.72 | BA19: 0.267 | BB19: 18677
A20: =A19+1 -> 6 | B20: 6888.42 | C20: 242869 | D20: =C20-C19 -> -133 | E20: =C20-152000 -> 90869 | F20: =D20/$D$2 -> -67.053189 | G20: 92 | H20: 0 | I20: =G20+H20 -> 92 | J20: =IF(L20>0,L20,0) -> 0 | K20: =I20+J20 -> 92 | L20: =F20-(I20-AK20) -> -26.353189 | M20: 2.9 | N20: 0 | O20: =0*1.05 -> 0 | P20: 0 | Q20: =880900/325851/1.9835*1.02 -> 1.3901943 | R20: =IF(((2*1.04)-T20)>=4.2,4.2,(2*1.04)-T20) -> 1.5010195 | S20: =IF(((2*1.04)-T20)>=4.2,((2*1.04)-T20)-4.2,0) -> 0 | T20: =(0.5252*1.06)*1.04 -> 0.57898048 | U20: =M20-(Q20+R20+S20+T20) -> -0.57019435 | V20: 99.7 | W20: 0 | X20: =M20-N20-O20-P20-Q20-R20-S20-T20-U20+V20+W20-AU20+AR20 -> 99.7 | Y20: =X20-AO20 -> 99.7 | AE20: 0 | AH20: 30.1 | AI20: =AI19-AH20 -> 5037.2579 | AK20: =N20+O20+P20+Q20+R20+S20+T20+U20+X20+AE20+AH20 -> 132.7 | AL20: =IF(L20<0,L20*-1,0) -> 26.353189 | AM20: =AK20+AL20 -> 159.05319 | AN20: =V20 -> 99.7 | AV20: 0 | AW20: 46 | AX20: 30 | AZ20: =SUM(N20,P20:U20) -> 2.9 | BA20: 0.186 | BB20: 18645
A21: =A20+1 -> 7 | B21: 6888.37 | C21: 242702 | D21: =C21-C20 -> -167 | E21: =C21-152000 -> 90702 | F21: =D21/$D$2 -> -84.194605 | G21: 79 | H21: 0 | I21: =G21+H21 -> 79 | J21: =IF(L21>0,L21,0) -> 0 | K21: =I21+J21 -> 79 | L21: =F21-(I21-AK21) -> -29.784605 | M21: 3.61 | N21: 0 | O21: =0*1.05 -> 0 | P21: 0 | Q21: =967500/325851/1.9835*1.02 -> 1.5268623 | R21: =IF(((1.7*1.04)-T21)>=4.2,4.2,(1.7*1.04)-T21) -> 1.1890195 | S21: =IF(((1.7*1.04)-T21)>=4.2,((1.7*1.04)-T21)-4.2,0) -> 0 | T21: =(0.5252*1.06)*1.04 -> 0.57898048 | U21: =M21-(Q21+R21+S21+T21) -> 0.31513766 | V21: 99.7 | W21: 0 | X21: =M21-N21-O21-P21-Q21-R21-S21-T21-U21+V21+W21-AU21+AR21 -> 99.7 | Y21: =X21-AO21 -> 99.7 | AE21: 0 | AH21: 30.1 | AI21: =AI20-AH21 -> 5007.1579 | AK21: =N21+O21+P21+Q21+R21+S21+T21+U21+X21+AE21+AH21 -> 133.41 | AL21: =IF(L21<0,L21*-1,0) -> 29.784605 | AM21: =AK21+AL21 -> 163.19461 | AN21: =V21 -> 99.7 | AV21: 0 | AW21: 48 | AX21: 29 | AZ21: =SUM(N21,P21:U21) -> 3.61 | BA21: 0.291 | BB21: 18639
A22: =A21+1 -> 8 | B22: 6888.32 | C22: 242535 | D22: =C22-C21 -> -167 | E22: =C22-152000 -> 90535 | F22: =D22/$D$2 -> -84.194605 | G22: 73 | H22: 0 | I22: =G22+H22 -> 73 | J22: =IF(L22>0,L22,0) -> 0 | K22: =I22+J22 -> 73 | L22: =F22-(I22-AK22) -> -25.084605 | M22: 2.31 | N22: 0 | O22: =0*1.05 -> 0 | P22: 0 | Q22: =977300/325851/1.9835*1.02 -> 1.5423282 | R22: =IF(((1.7*1.04)-T22)>=4.2,4.2,(1.7*1.04)-T22) -> 1.1890195 | S22: =IF(((1.7*1.04)-T22)>=4.2,((1.7*1.04)-T22)-4.2,0) -> 0 | T22: =(0.5252*1.06)*1.04 -> 0.57898048 | U22: =M22-(Q22+R22+S22+T22) -> -1.0003282 | V22: 99.7 | W22: 0 | X22: =M22-N22-O22-P22-Q22-R22-S22-T22-U22+V22+W22-AU22+AR22 -> 99.7 | Y22: =X22-AO22 -> 99.7 | AE22: 0 | AH22: 30.1 | AI22: =AI21-AH22 -> 4977.0579 | AK22: =N22+O22+P22+Q22+R22+S22+T22+U22+X22+AE22+AH22 -> 132.11 | AL22: =IF(L22<0,L22*-1,0) -> 25.084605 | AM22: =AK22+AL22 -> 157.19461 | AN22: =V22 -> 99.7 | AV22: 0 | AW22: 53 | AX22: 25 | AZ22: =SUM(N22,P22:U22) -> 2.31 | BA22: 0.11 | BB22: 18649
A23: =A22+1 -> 9 | B23: 6888.29 | C23: 242435 | D23: =C23-C22 -> -100 | E23: =C23-152000 -> 90435 | F23: =D23/$D$2 -> -50.415931 | G23: 80 | H23: 0 | I23: =G23+H23 -> 80 | J23: =IF(L23>0,L23,0) -> 2.6640686 | K23: =I23+J23 -> 82.664069 | L23: =F23-(I23-AK23) -> 2.6640686 | M23: 3.28 | N23: 0 | O23: =0*1.05 -> 0 | P23: 0 | Q23: =1069700/325851/1.9835*1.02 -> 1.6881495 | R23: =IF(((1.6*1.04)-T23)>=4.2,4.2,(1.6*1.04)-T23) -> 1.0850195 | S23: =IF(((1.6*1.04)-T23)>=4.2,((1.6*1.04)-T23)-4.2,0) -> 0 | T23: =(0.5252*1.06)*1.04 -> 0.57898048 | U23: =M23-(Q23+R23+S23+T23) -> -0.072149501 | V23: 99.7 | W23: 0 | X23: =M23-N23-O23-P23-Q23-R23-S23-T23-U23+V23+W23-AU23+AR23 -> 99.7 | Y23: =X23-AO23 -> 99.7 | AE23: 0 | AH23: 30.1 | AI23: =AI22-AH23 -> 4946.9579 | AK23: =N23+O23+P23+Q23+R23+S23+T23+U23+X23+AE23+AH23 -> 133.08 | AL23: =IF(L23<0,L23*-1,0) -> 0 | AM23: =AK23+AL23 -> 133.08 | AN23: =V23 -> 99.7 | AV23: 0 | AW23: 59 | AX23: 25 | AZ23: =SUM(N23,P23:U23) -> 3.28 | BA23: 0.005 | BB23: 18637
A24: =A23+1 -> 10 | B24: 6888.26 | C24: 242335 | D24: =C24-C23 -> -100 | E24: =C24-152000 -> 90335 | F24: =D24/$D$2 -> -50.415931 | G24: 86 | H24: 0 | I24: =G24+H24 -> 86 | J24: =IF(L24>0,L24,0) -> 0 | K24: =I24+J24 -> 86 | L24: =F24-(I24-AK24) -> -3.7359314 | M24: 2.68 | N24: 0 | O24: =0*1.05 -> 0 | P24: 0 | Q24: =838100/325851/1.9835*1.02 -> 1.3226494 | R24: =IF(((1.9*1.04)-T24)>=4.2,4.2,(1.9*1.04)-T24) -> 1.3970195 | S24: =IF(((1.9*1.04)-T24)>=4.2,((1.9*1.04)-T24)-4.2,0) -> 0 | T24: =(0.5252*1.06)*1.04 -> 0.57898048 | U24: =M24-(Q24+R24+S24+T24) -> -0.61864943 | V24: 99.7 | W24: 0 | X24: =M24-N24-O24-P24-Q24-R24-S24-T24-U24+V24+W24-AU24+AR24 -> 99.7 | Y24: =X24-AO24 -> 99.7 | AE24: 0 | AH24: 30.3 | AI24: =AI23-AH24 -> 4916.6579 | AK24: =N24+O24+P24+Q24+R24+S24+T24+U24+X24+AE24+AH24 -> 132.68 | AL24: =IF(L24<0,L24*-1,0) -> 3.7359314 | AM24: =AK24+AL24 -> 136.41593 | AN24: =V24 -> 99.7 | AV24: 0.087 | AW24: 57 | AX24: 27 | AZ24: =SUM(N24,P24:U24) -> 2.68 | BA24: 0.111 | BB24: 18618
A25: =A24+1 -> 11 | B25: 6888.26 | C25: 242335 | D25: =C25-C24 -> 0 | E25: =C25-152000 -> 90335 | F25: =D25/$D$2 -> 0 | G25: 88 | H25: 0 | I25: =G25+H25 -> 88 | J25: =IF(L25>0,L25,0) -> 45.46 | K25: =I25+J25 -> 133.46 | L25: =F25-(I25-AK25) -> 45.46 | M25: 3.46 | N25: 0 | O25: =2.35*1.05 -> 2.4675 | P25: 0 | Q25: =1020500/325851/1.9835*1.02 -> 1.6105044 | R25: =IF(((2*1.04)-T25)>=4.2,4.2,(2*1.04)-T25) -> 1.5010195 | S25: =IF(((2*1.04)-T25)>=4.2,((2*1.04)-T25)-4.2,0) -> 0 | T25: =(0.5252*1.06)*1.04 -> 0.57898048 | U25: =M25-(Q25+R25+S25+T25) -> -0.23050441 | V25: 99.7 | W25: 0 | X25: =M25-N25-O25-P25-Q25-R25-S25-T25-U25+V25+W25-AU25+AR25 -> 97.2325 | Y25: =X25-AO25 -> 97.2325 | AE25: 0 | AH25: 30.3 | AI25: =AI24-AH25 -> 4886.3579 | AK25: =N25+O25+P25+Q25+R25+S25+T25+U25+X25+AE25+AH25 -> 133.46 | AL25: =IF(L25<0,L25*-1,0) -> 0 | AM25: =AK25+AL25 -> 133.46 | AN25: =V25 -> 99.7 | AV25: 0.203 | AW25: 42 | AX25: 21 | AZ25: =SUM(N25,P25:U25) -> 3.46 | BA25: 0.157 | BB25: 18663
A26: =A25+1 -> 12 | B26: 6888.18 | C26: 242069 | D26: =C26-C25 -> -266 | E26: =C26-152000 -> 90069 | F26: =D26/$D$2 -> -134.10638 | G26: 66 | H26: 0 | I26: =G26+H26 -> 66 | J26: =IF(L26>0,L26,0) -> 0 | K26: =I26+J26 -> 66 | L26: =F26-(I26-AK26) -> -67.206378 | M26: 3 | N26: 0 | O26: =0*1.05 -> 0 | P26: 0 | Q26: =860100/325851/1.9835*1.02 -> 1.3573688 | R26: =IF(((2.2*1.04)-T26)>=4.2,4.2,(2.2*1.04)-T26) -> 1.7090195 | S26: =IF(((2.2*1.04)-T26)>=4.2,((2.2*1.04)-T26)-4.2,0) -> 0 | T26: =(0.5252*1.06)*1.04 -> 0.57898048 | U26: =M26-(Q26+R26+S26+T26) -> -0.64536878 | V26: 99.7 | W26: 0 | X26: =M26-N26-O26-P26-Q26-R26-S26-T26-U26+V26+W26-AU26+AR26 -> 99.7 | Y26: =X26-AO26 -> 99.7 | AE26: 0 | AH26: 30.2 | AI26: =AI25-AH26 -> 4856.1579 | AK26: =N26+O26+P26+Q26+R26+S26+T26+U26+X26+AE26+AH26 -> 132.9 | AL26: =IF(L26<0,L26*-1,0) -> 67.206378 | AM26: =AK26+AL26 -> 200.10638 | AN26: =V26 -> 99.7 | AV26: 0.02 | AW26: 51 | AX26: 19 | AZ26: =SUM(N26,P26:U26) -> 3 | BA26: 0.162 | BB26: 18665
A27: =A26+1 -> 13 | B27: 6888.14 | C27: 241936 | D27: =C27-C26 -> -133 | E27: =C27-152000 -> 89936 | F27: =D27/$D$2 -> -67.053189 | G27: 67 | H27: 0 | I27: =G27+H27 -> 67 | J27: =IF(L27>0,L27,0) -> 0 | K27: =I27+J27 -> 67 | L27: =F27-(I27-AK27) -> -0.42318881 | M27: 3.73 | N27: 0 | O27: =0*1.05 -> 0 | P27: 0 | Q27: =1111800/325851/1.9835*1.02 -> 1.7545897 | R27: =IF(((2.1*1.04)-T27)>=4.2,4.2,(2.1*1.04)-T27) -> 1.6783291 | S27: =IF(((2.1*1.04)-T27)>=4.2,((2.1*1.04)-T27)-4.2,0) -> 0 | T27: =(0.4587*1.06)*1.04 -> 0.50567088 | U27: =M27-(Q27+R27+S27+T27) -> -0.20858971 | V27: 99.7 | W27: 0 | X27: =M27-N27-O27-P27-Q27-R27-S27-T27-U27+V27+W27-AU27+AR27 -> 99.7 | Y27: =X27-AO27 -> 99.7 | AE27: 0 | AH27: 30.2 | AI27: =AI26-AH27 -> 4825.9579 | AK27: =N27+O27+P27+Q27+R27+S27+T27+U27+X27+AE27+AH27 -> 133.63 | AL27: =IF(L27<0,L27*-1,0) -> 0.42318881 | AM27: =AK27+AL27 -> 134.05319 | AN27: =V27 -> 99.7 | AV27: 0 | AW27: 58 | AX27: 26 | AZ27: =SUM(N27,P27:U27) -> 3.73 | BA27: 0.187 | BB27: 18640
A28: =A27+1 -> 14 | B28: 6888.08 | C28: 241736 | D28: =C28-C27 -> -200 | E28: =C28-152000 -> 89736 | F28: =D28/$D$2 -> -100.83186 | G28: 64 | H28: 0 | I28: =G28+H28 -> 64 | J28: =IF(L28>0,L28,0) -> 0 | K28: =I28+J28 -> 64 | L28: =F28-(I28-AK28) -> -32.231863 | M28: 2.8 | N28: 0 | O28: =0*1.05 -> 0 | P28: 0 | Q28: =811400/325851/1.9835*1.02 -> 1.2805128 | R28: =IF(((2.2*1.04)-T28)>=4.2,4.2,(2.2*1.04)-T28) -> 1.7823291 | S28: =IF(((2.2*1.04)-T28)>=4.2,((2.2*1.04)-T28)-4.2,0) -> 0 | T28: =(0.4587*1.06)*1.04 -> 0.50567088 | U28: =M28-(Q28+R28+S28+T28) -> -0.76851277 | V28: 99.7 | W28: 0 | X28: =M28-N28-O28-P28-Q28-R28-S28-T28-U28+V28+W28-AU28+AR28 -> 99.7 | Y28: =X28-AO28 -> 99.7 | AE28: 0 | AH28: 30.1 | AI28: =AI27-AH28 -> 4795.8579 | AK28: =N28+O28+P28+Q28+R28+S28+T28+U28+X28+AE28+AH28 -> 132.6 | AL28: =IF(L28<0,L28*-1,0) -> 32.231863 | AM28: =AK28+AL28 -> 164.83186 | AN28: =V28 -> 99.7 | AV28: 0 | AW28: 60 | AX28: 28 | AZ28: =SUM(N28,P28:U28) -> 2.8 | BA28: 0.274 | BB28: 18638
A29: =A28+1 -> 15 | B29: 6888.05 | C29: 241636 | D29: =C29-C28 -> -100 | E29: =C29-152000 -> 89636 | F29: =D29/$D$2 -> -50.415931 | G29: 67 | H29: 0 | I29: =G29+H29 -> 67 | J29: =IF(L29>0,L29,0) -> 16.174069 | K29: =I29+J29 -> 83.174069 | L29: =F29-(I29-AK29) -> 16.174069 | M29: 3.79 | N29: 0 | O29: =0*1.05 -> 0 | P29: 0 | Q29: =1092100/325851/1.9835*1.02 -> 1.7235001 | R29: =IF(((2.1*1.04)-T29)>=4.2,4.2,(2.1*1.04)-T29) -> 1.6783291 | S29: =IF(((2.1*1.04)-T29)>=4.2,((2.1*1.04)-T29)-4.2,0) -> 0 | T29: =(0.4587*1.06)*1.04 -> 0.50567088 | U29: =M29-(Q29+R29+S29+T29) -> -0.11750011 | V29: 99.7 | W29: 0 | X29: =M29-N29-O29-P29-Q29-R29-S29-T29-U29+V29+W29-AU29+AR29 -> 99.7 | Y29: =X29-AO29 -> 99.7 | AE29: 0 | AH29: 30.1 | AI29: =AI28-AH29 -> 4765.7579 | AK29: =N29+O29+P29+Q29+R29+S29+T29+U29+X29+AE29+AH29 -> 133.59 | AL29: =IF(L29<0,L29*-1,0) -> 0 | AM29: =AK29+AL29 -> 133.59 | AN29: =V29 -> 99.7 | AV29: 0.27 | AW29: 56 | AX29: 29 | AZ29: =SUM(N29,P29:U29) -> 3.79 | BA29: 0.296 | BB29: 18639
A30: =A29+1 -> 16 | B30: 6888.08 | C30: 241736 | D30: =C30-C29 -> 100 | E30: =C30-152000 -> 89736 | F30: =D30/$D$2 -> 50.415931 | G30: 66 | H30: 0 | I30: =G30+H30 -> 66 | J30: =IF(L30>0,L30,0) -> 117.56593 | K30: =I30+J30 -> 183.56593 | L30: =F30-(I30-AK30) -> 117.56593 | M30: 3.05 | N30: 0 | O30: =0*1.05 -> 0 | P30: 0 | Q30: =906600/325851/1.9835*1.02 -> 1.4307529 | R30: =IF(((1.6*1.04)-T30)>=4.2,4.2,(1.6*1.04)-T30) -> 1.1583291 | S30: =IF(((1.6*1.04)-T30)>=4.2,((1.6*1.04)-T30)-4.2,0) -> 0 | T30: =(0.4587*1.06)*1.04 -> 0.50567088 | U30: =M30-(Q30+R30+S30+T30) -> -0.044752863 | V30: 99.7 | W30: 0 | X30: =M30-N30-O30-P30-Q30-R30-S30-T30-U30+V30+W30-AU30+AR30 -> 99.7 | Y30: =X30-AO30 -> 99.7 | AE30: 0 | AH30: 30.4 | AI30: =AI29-AH30 -> 4735.3579 | AK30: =N30+O30+P30+Q30+R30+S30+T30+U30+X30+AE30+AH30 -> 133.15 | AL30: =IF(L30<0,L30*-1,0) -> 0 | AM30: =AK30+AL30 -> 133.15 | AN30: =V30 -> 99.7 | AV30: 0.945 | AW30: 41 | AX30: 26 | AZ30: =SUM(N30,P30:U30) -> 3.05 | BA30: 0.237 | BB30: 18681
A31: =A30+1 -> 17 | B31: 6888.02 | C31: 241536 | D31: =C31-C30 -> -200 | E31: =C31-152000 -> 89536 | F31: =D31/$D$2 -> -100.83186 | G31: 70 | H31: 0 | I31: =G31+H31 -> 70 | J31: =IF(L31>0,L31,0) -> 0 | K31: =I31+J31 -> 70 | L31: =F31-(I31-AK31) -> -38.451863 | M31: 2.58 | N31: 0 | O31: =0*1.05 -> 0 | P31: 0 | Q31: =1046600/325851/1.9835*1.02 -> 1.6516942 | R31: =IF(((2.2*1.04)-T31)>=4.2,4.2,(2.2*1.04)-T31) -> 1.7823291 | S31: =IF(((2.2*1.04)-T31)>=4.2,((2.2*1.04)-T31)-4.2,0) -> 0 | T31: =(0.4587*1.06)*1.04 -> 0.50567088 | U31: =M31-(Q31+R31+S31+T31) -> -1.3596942 | V31: 99.7 | W31: 0 | X31: =M31-N31-O31-P31-Q31-R31-S31-T31-U31+V31+W31-AU31+AR31 -> 99.7 | Y31: =X31-AO31 -> 99.7 | AE31: 0 | AH31: 30.1 | AI31: =AI30-AH31 -> 4705.2579 | AK31: =N31+O31+P31+Q31+R31+S31+T31+U31+X31+AE31+AH31 -> 132.38 | AL31: =IF(L31<0,L31*-1,0) -> 38.451863 | AM31: =AK31+AL31 -> 170.83186 | AN31: =V31 -> 99.7 | AV31: 0 | AW31: 34 | AX31: 21 | AZ31: =SUM(N31,P31:U31) -> 2.58 | BA31: 0.172 | BB31: 18713
A32: =A31+1 -> 18 | B32: 6888.02 | C32: 241536 | D32: =C32-C31 -> 0 | E32: =C32-152000 -> 89536 | F32: =D32/$D$2 -> 0 | G32: 77.3 | H32: 0 | I32: =G32+H32 -> 77.3 | J32: =IF(L32>0,L32,0) -> 0.01 | K32: =I32+J32 -> 77.31 | L32: =F32-(I32-AK32) -> 0.01 | M32: 4.01 | N32: 0 | O32: =0*1.05 -> 0 | P32: 0 | Q32: =1088400/325851/1.9835*1.02 -> 1.7176609 | R32: =IF(((2.2*1.04)-T32)>=4.2,4.2,(2.2*1.04)-T32) -> 1.7823291 | S32: =IF(((2.2*1.04)-T32)>=4.2,((2.2*1.04)-T32)-4.2,0) -> 0 | T32: =(0.4587*1.06)*1.04 -> 0.50567088 | U32: =M32-(Q32+R32+S32+T32) -> 0.0043390516 | V32: 43.2 | W32: 0 | X32: =M32-N32-O32-P32-Q32-R32-S32-T32-U32+V32+W32-AU32+AR32 -> 43.2 | Y32: =X32-AO32 -> 43.2 | AE32: 0 | AH32: 30.1 | AI32: =AI31-AH32 -> 4675.1579 | AK32: =N32+O32+P32+Q32+R32+S32+T32+U32+X32+AE32+AH32 -> 77.31 | AL32: =IF(L32<0,L32*-1,0) -> 0 | AM32: =AK32+AL32 -> 77.31 | AN32: =V32 -> 43.2 | AV32: 0 | AW32: 48 | AX32: 19 | AZ32: =SUM(N32,P32:U32) -> 4.01 | BA32: 0.164 | BB32: 18715
A33: =A32+1 -> 19 | B33: 6888.02 | C33: 241536 | D33: =C33-C32 -> 0 | E33: =C33-152000 -> 89536 | F33: =D33/$D$2 -> 0 | G33: 33.68 | H33: 0 | I33: =G33+H33 -> 33.68 | J33: =IF(L33>0,L33,0) -> 0 | K33: =I33+J33 -> 33.68 | L33: =F33-(I33-AK33) -> 0 | M33: 3.58 | N33: 0 | O33: =0*1.05 -> 0 | P33: 0 | Q33: =989300/325851/1.9835*1.02 -> 1.5612661 | R33: =IF(((1.9*1.04)-T33)>=4.2,4.2,(1.9*1.04)-T33) -> 1.4703291 | S33: =IF(((1.9*1.04)-T33)>=4.2,((1.9*1.04)-T33)-4.2,0) -> 0 | T33: =(0.4587*1.06)*1.04 -> 0.50567088 | U33: =M33-(Q33+R33+S33+T33) -> 0.042733943 | V33: 0 | W33: 0 | X33: =M33-N33-O33-P33-Q33-R33-S33-T33-U33+V33+W33-AU33+AR33 -> 4.4408921e-16 | Y33: =X33-AO33 -> 4.4408921e-16 | AE33: 0 | AH33: 30.1 | AI33: =AI32-AH33 -> 4645.0579 | AK33: =N33+O33+P33+Q33+R33+S33+T33+U33+X33+AE33+AH33 -> 33.68 | AL33: =IF(L33<0,L33*-1,0) -> 0 | AM33: =AK33+AL33 -> 33.68 | AN33: =V33 -> 0 | AV33: 0 | AW33: 55 | AX33: 27 | AZ33: =SUM(N33,P33:U33) -> 3.58 | BA33: 0.162 | BB33: 18725
A34: =A33+1 -> 20 | B34: 6888.07 | C34: 241702 | D34: =C34-C33 -> 166 | E34: =C34-152000 -> 89702 | F34: =D34/$D$2 -> 83.690446 | G34: 116.34045 | H34: 0 | I34: =G34+H34 -> 116.34045 | J34: =IF(L34>0,L34,0) -> 0 | K34: =I34+J34 -> 116.34045 | L34: =F34-(I34-AK34) -> 0 | M34: 2.55 | N34: 0 | O34: =0*1.05 -> 0 | P34: 0 | Q34: =856700/325851/1.9835*1.02 -> 1.3520031 | R34: =IF(((2*1.04)-T34)>=4.2,4.2,(2*1.04)-T34) -> 1.5854634 | S34: =IF(((2*1.04)-T34)>=4.2,((2*1.04)-T34)-4.2,0) -> 0 | T34: =(0.4486*1.06)*1.04 -> 0.49453664 | U34: =M34-(Q34+R34+S34+T34) -> -0.88200306 | V34: 0 | W34: 0 | X34: =M34-N34-O34-P34-Q34-R34-S34-T34-U34+V34+W34-AU34+AR34 -> 0 | Y34: =X34-AO34 -> 0 | AE34: 0 | AH34: 30.1 | AI34: =AI33-AH34 -> 4614.9579 | AK34: =N34+O34+P34+Q34+R34+S34+T34+U34+X34+AE34+AH34 -> 32.65 | AL34: =IF(L34<0,L34*-1,0) -> 0 | AM34: =AK34+AL34 -> 32.65 | AN34: =V34 -> 0 | AV34: 0 | AW34: 55 | AX34: 27 | AZ34: =SUM(N34,P34:U34) -> 2.55 | BA34: 0.165 | BB34: 18718
A35: =A34+1 -> 21 | B35: 6888.11 | C35: 241836 | D35: =C35-C34 -> 134 | E35: =C35-152000 -> 89836 | F35: =D35/$D$2 -> 67.557348 | G35: 101.08735 | H35: 0 | I35: =G35+H35 -> 101.08735 | J35: =IF(L35>0,L35,0) -> 0 | K35: =I35+J35 -> 101.08735 | L35: =F35-(I35-AK35) -> 0 | M35: 3.43 | N35: 0 | O35: =0*1.05 -> 0 | P35: 0 | Q35: =1018090/325851/1.9835*1.02 -> 1.6067011 | R35: =IF(((2*1.04)-T35)>=4.2,4.2,(2*1.04)-T35) -> 1.5854634 | S35: =IF(((2*1.04)-T35)>=4.2,((2*1.04)-T35)-4.2,0) -> 0 | T35: =(0.4486*1.06)*1.04 -> 0.49453664 | U35: =M35-(Q35+R35+S35+T35) -> -0.25670106 | V35: 0 | W35: 0 | X35: =M35-N35-O35-P35-Q35-R35-S35-T35-U35+V35+W35-AU35+AR35 -> 0 | Y35: =X35-AO35 -> 0 | AE35: 0 | AH35: 30.1 | AI35: =AI34-AH35 -> 4584.8579 | AK35: =N35+O35+P35+Q35+R35+S35+T35+U35+X35+AE35+AH35 -> 33.53 | AL35: =IF(L35<0,L35*-1,0) -> 0 | AM35: =AK35+AL35 -> 33.53 | AN35: =V35 -> 0 | AV35: 0 | AW35: 52 | AX35: 21 | AZ35: =SUM(N35,P35:U35) -> 3.43 | BA35: 0.162 | BB35: 18697
A36: =A35+1 -> 22 | B36: 6888.09 | C36: 241769 | D36: =C36-C35 -> -67 | E36: =C36-152000 -> 89769 | F36: =D36/$D$2 -> -33.778674 | G36: 0 | H36: 0 | I36: =G36+H36 -> 0 | J36: =IF(L36>0,L36,0) -> 0 | K36: =I36+J36 -> 0 | L36: =F36-(I36-AK36) -> -0.42867406 | M36: 3.25 | N36: 0 | O36: =0*1.05 -> 0 | P36: 0 | Q36: =1036310/325851/1.9835*1.02 -> 1.635455 | R36: =IF(((1.9*1.04)-T36)>=4.2,4.2,(1.9*1.04)-T36) -> 1.4814634 | S36: =IF(((1.9*1.04)-T36)>=4.2,((1.9*1.04)-T36)-4.2,0) -> 0 | T36: =(0.4486*1.06)*1.04 -> 0.49453664 | U36: =M36-(Q36+R36+S36+T36) -> -0.361455 | V36: 0 | W36: 0 | X36: =M36-N36-O36-P36-Q36-R36-S36-T36-U36+V36+W36-AU36+AR36 -> 0 | Y36: =X36-AO36 -> 0 | AC36: 0 | AE36: 0 | AH36: 30.1 | AI36: =AI35-AH36 -> 4554.7579 | AK36: =N36+O36+P36+Q36+R36+S36+T36+U36+X36+AE36+AH36 -> 33.35 | AL36: =IF(L36<0,L36*-1,0) -> 0.42867406 | AM36: =AK36+AL36 -> 33.778674 | AN36: =V36 -> 0 | AV36: 0 | AW36: 52 | AX36: 21 | AZ36: =SUM(N36,P36:U36) -> 3.25 | BA36: 0.162 | BB36: 18694
A37: =A36+1 -> 23 | B37: 6888.11 | C37: 241836 | D37: =C37-C36 -> 67 | E37: =C37-152000 -> 89836 | F37: =D37/$D$2 -> 33.778674 | G37: 67.1 | H37: 0 | I37: =G37+H37 -> 67.1 | J37: =IF(L37>0,L37,0) -> 0 | K37: =I37+J37 -> 67.1 | L37: =F37-(I37-AK37) -> -0.001325939 | M37: 3.22 | N37: 0 | O37: =0*1.05 -> 0 | P37: 0 | Q37: =957800/325851/1.9835*1.02 -> 1.5115543 | R37: =IF(((1.9*1.04)-T37)>=4.2,4.2,(1.9*1.04)-T37) -> 1.4814634 | S37: =IF(((1.9*1.04)-T37)>=4.2,((1.9*1.04)-T37)-4.2,0) -> 0 | T37: =(0.4486*1.06)*1.04 -> 0.49453664 | U37: =M37-(Q37+R37+S37+T37) -> -0.26755426 | V37: 0 | W37: 0 | X37: =M37-N37-O37-P37-Q37-R37-S37-T37-U37+V37+W37-AU37+AR37 -> 0 | Y37: =X37-AO37 -> 0 | AC37: 61.106982 | AE37: 0 | AH37: 30.1 | AI37: =AI36-AH37 -> 4524.6579 | AK37: =N37+O37+P37+Q37+R37+S37+T37+U37+X37+AE37+AH37 -> 33.32 | AL37: =IF(L37<0,L37*-1,0) -> 0.001325939 | AM37: =AK37+AL37 -> 33.321326 | AN37: =V37 -> 0 | AV37: 0 | AW37: 58 | AX37: 21 | AZ37: =SUM(N37,P37:U37) -> 3.22 | BA37: 0.162 | BB37: 18711
A38: =A37+1 -> 24 | B38: 6888.13 | C38: 241902 | D38: =C38-C37 -> 66 | E38: =C38-152000 -> 89902 | F38: =D38/$D$2 -> 33.274515 | G38: 66.834515 | H38: 0 | I38: =G38+H38 -> 66.834515 | J38: =IF(L38>0,L38,0) -> 0 | K38: =I38+J38 -> 66.834515 | L38: =F38-(I38-AK38) -> 0 | M38: 3.46 | N38: 0 | O38: =0*1.05 -> 0 | P38: 0 | Q38: =1001100/325851/1.9835*1.02 -> 1.5798883 | R38: =IF(((1.9*1.04)-T38)>=4.2,4.2,(1.9*1.04)-T38) -> 1.4814634 | S38: =IF(((1.9*1.04)-T38)>=4.2,((1.9*1.04)-T38)-4.2,0) -> 0 | T38: =(0.4486*1.06)*1.04 -> 0.49453664 | U38: =M38-(Q38+R38+S38+T38) -> -0.095888254 | V38: 0 | W38: 0 | X38: =M38-N38-O38-P38-Q38-R38-S38-T38-U38+V38+W38-AU38+AR38 -> 0 | Y38: =X38-AO38 -> 0 | AC38: 0 | AE38: 0 | AH38: 30.1 | AI38: =AI37-AH38 -> 4494.5579 | AK38: =N38+O38+P38+Q38+R38+S38+T38+U38+X38+AE38+AH38 -> 33.56 | AL38: =IF(L38<0,L38*-1,0) -> 0 | AM38: =AK38+AL38 -> 33.56 | AN38: =V38 -> 0 | AV38: 0 | AW38: 56 | AX38: 29 | AZ38: =SUM(N38,P38:U38) -> 3.46 | BA38: 0.162 | BB38: 18718
A39: =A38+1 -> 25 | B39: 6888.16 | C39: 242002 | D39: =C39-C38 -> 100 | E39: =C39-152000 -> 90002 | F39: =D39/$D$2 -> 50.415931 | G39: 83.305931 | H39: 0 | I39: =G39+H39 -> 83.305931 | J39: =IF(L39>0,L39,0) -> 0 | K39: =I39+J39 -> 83.305931 | L39: =F39-(I39-AK39) -> 0 | M39: 2.79 | N39: 0 | O39: =0*1.05 -> 0 | P39: 0 | Q39: =988600/325851/1.9835*1.02 -> 1.5601614 | R39: =IF(((1.9*1.04)-T39)>=4.2,4.2,(1.9*1.04)-T39) -> 1.4814634 | S39: =IF(((1.9*1.04)-T39)>=4.2,((1.9*1.04)-T39)-4.2,0) -> 0 | T39: =(0.4486*1.06)*1.04 -> 0.49453664 | U39: =M39-(Q39+R39+S39+T39) -> -0.74616135 | V39: 0 | W39: 0 | X39: =M39-N39-O39-P39-Q39-R39-S39-T39-U39+V39+W39-AU39+AR39 -> 0 | Y39: =X39-AO39 -> 0 | AC39: 77.264307 | AE39: 0 | AH39: 30.1 | AI39: =AI38-AH39 -> 4464.4579 | AK39: =N39+O39+P39+Q39+R39+S39+T39+U39+X39+AE39+AH39 -> 32.89 | AL39: =IF(L39<0,L39*-1,0) -> 0 | AM39: =AK39+AL39 -> 32.89 | AN39: =V39 -> 0 | AV39: 0 | AW39: 53 | AX39: 34 | AZ39: =SUM(N39,P39:U39) -> 2.79 | BA39: 0.164 | BB39: 18760
A40: =A39+1 -> 26 | B40: 6888.17 | C40: 242036 | D40: =C40-C39 -> 34 | E40: =C40-152000 -> 90036 | F40: =D40/$D$2 -> 17.141417 | G40: 51.121417 | H40: 0 | I40: =G40+H40 -> 51.121417 | J40: =IF(L40>0,L40,0) -> 0 | K40: =I40+J40 -> 51.121417 | L40: =F40-(I40-AK40) -> 0 | M40: 3.88 | N40: 0 | O40: =0*1.05 -> 0 | P40: 0 | Q40: =903900/325851/1.9835*1.02 -> 1.4264919 | R40: =IF(((2*1.04)-T40)>=4.2,4.2,(2*1.04)-T40) -> 1.5854634 | S40: =IF(((2*1.04)-T40)>=4.2,((2*1.04)-T40)-4.2,0) -> 0 | T40: =(0.4486*1.06)*1.04 -> 0.49453664 | U40: =M40-(Q40+R40+S40+T40) -> 0.37350815 | V40: 0 | W40: 0 | X40: =M40-N40-O40-P40-Q40-R40-S40-T40-U40+V40+W40-AU40+AR40 -> 0 | Y40: =X40-AO40 -> 0 | AC40: 45.109461 | AE40: 0 | AH40: 30.1 | AI40: =AI39-AH40 -> 4434.3579 | AK40: =N40+O40+P40+Q40+R40+S40+T40+U40+X40+AE40+AH40 -> 33.98 | AL40: =IF(L40<0,L40*-1,0) -> 0 | AM40: =AK40+AL40 -> 33.98 | AN40: =V40 -> 0 | AV40: 0 | AW40: 49 | AX40: 29 | AZ40: =SUM(N40,P40:U40) -> 3.88 | BA40: 0.162 | BB40: 18729
A41: =A40+1 -> 27 | B41: 6888.22 | C41: 242202 | D41: =C41-C40 -> 166 | E41: =C41-152000 -> 90202 | F41: =D41/$D$2 -> 83.690446 | G41: 117.69045 | H41: 0 | I41: =G41+H41 -> 117.69045 | J41: =IF(L41>0,L41,0) -> 0 | K41: =I41+J41 -> 117.69045 | L41: =F41-(I41-AK41) -> 0 | M41: 3.9 | N41: 0 | O41: =0*1.05 -> 0 | P41: 0 | Q41: =967700/325851/1.9835*1.02 -> 1.527178 | R41: =IF(((1.9*1.04)-T41)>=4.2,4.2,(1.9*1.04)-T41) -> 1.4843296 | S41: =IF(((1.9*1.04)-T41)>=4.2,((1.9*1.04)-T41)-4.2,0) -> 0 | T41: =(0.446*1.06)*1.04 -> 0.4916704 | U41: =M41-(Q41+R41+S41+T41) -> 0.39682203 | V41: 0 | W41: 0 | X41: =M41-N41-O41-P41-Q41-R41-S41-T41-U41+V41+W41-AU41+AR41 -> 0 | Y41: =X41-AO41 -> 0 | AC41: 111.67894 | AE41: 0 | AH41: 30.1 | AI41: =AI40-AH41 -> 4404.2579 | AK41: =N41+O41+P41+Q41+R41+S41+T41+U41+X41+AE41+AH41 -> 34 | AL41: =IF(L41<0,L41*-1,0) -> 0 | AM41: =AK41+AL41 -> 34 | AN41: =V41 -> 0 | AV41: 0.04 | AW41: 52 | AX41: 23 | AZ41: =SUM(N41,P41:U41) -> 3.9 | BA41: 0.162 | BB41: 18716
A42: =A41+1 -> 28 | B42: 6888.23 | C42: 242236 | D42: =C42-C41 -> 34 | E42: =C42-152000 -> 90236 | F42: =D42/$D$2 -> 17.141417 | G42: 50.121417 | H42: 0 | I42: =G42+H42 -> 50.121417 | J42: =IF(L42>0,L42,0) -> 0 | K42: =I42+J42 -> 50.121417 | L42: =F42-(I42-AK42) -> 0 | M42: 2.78 | N42: 0 | O42: =0*1.05 -> 0 | P42: 0 | Q42: =1010300/325851/1.9835*1.02 -> 1.5944073 | R42: =IF(((1.9*1.04)-T42)>=4.2,4.2,(1.9*1.04)-T42) -> 1.4843296 | S42: =IF(((1.9*1.04)-T42)>=4.2,((1.9*1.04)-T42)-4.2,0) -> 0 | T42: =(0.446*1.06)*1.04 -> 0.4916704 | U42: =M42-(Q42+R42+S42+T42) -> -0.79040725 | V42: 0 | W42: 0 | X42: =M42-N42-O42-P42-Q42-R42-S42-T42-U42+V42+W42-AU42+AR42 -> 0 | Y42: =X42-AO42 -> 0 | AC42: 44.04268 | AE42: 0 | AH42: 30.2 | AI42: =AI41-AH42 -> 4374.0579 | AK42: =N42+O42+P42+Q42+R42+S42+T42+U42+X42+AE42+AH42 -> 32.98 | AL42: =IF(L42<0,L42*-1,0) -> 0 | AM42: =AK42+AL42 -> 32.98 | AN42: =V42 -> 0 | AV42: 0 | AW42: 44 | AX42: 20 | AZ42: =SUM(N42,P42:U42) -> 2.78 | BA42: 0.162 | BB42: 18736
A43: =A42+1 -> 29 | B43: 6888.27 | C43: 242369 | D43: =C43-C42 -> 133 | E43: =C43-152000 -> 90369 | F43: =D43/$D$2 -> 67.053189 | G43: 101.33319 | H43: 0 | I43: =G43+H43 -> 101.33319 | J43: =IF(L43>0,L43,0) -> 0 | K43: =I43+J43 -> 101.33319 | L43: =F43-(I43-AK43) -> 0 | M43: 4.08 | N43: 0 | O43: =0*1.05 -> 0 | P43: 0 | Q43: =992800/325851/1.9835*1.02 -> 1.5667896 | R43: =IF(((2*1.04)-T43)>=4.2,4.2,(2*1.04)-T43) -> 1.5883296 | S43: =IF(((2*1.04)-T43)>=4.2,((2*1.04)-T43)-4.2,0) -> 0 | T43: =(0.446*1.06)*1.04 -> 0.4916704 | U43: =M43-(Q43+R43+S43+T43) -> 0.43321041 | V43: 0 | W43: 0 | X43: =M43-N43-O43-P43-Q43-R43-S43-T43-U43+V43+W43-AU43+AR43 -> 0 | Y43: =X43-AO43 -> 0 | AC43: 95.17807 | AE43: 0 | AH43: 30.2 | AI43: =AI42-AH43 -> 4343.8579 | AK43: =N43+O43+P43+Q43+R43+S43+T43+U43+X43+AE43+AH43 -> 34.28 | AL43: =IF(L43<0,L43*-1,0) -> 0 | AM43: =AK43+AL43 -> 34.28 | AN43: =V43 -> 0 | AV43: 0 | AW43: 39 | AX43: 21 | AZ43: =SUM(N43,P43:U43) -> 4.08 | BA43: 0.162 | BB43: 18733
A44: 30 | B44: 6888.27 | C44: 242369 | D44: =C44-C43 -> 0 | E44: =C44-152000 -> 90369 | F44: =D44/$D$2 -> 0 | G44: 33.84 | H44: 0 | I44: =G44+H44 -> 33.84 | J44: =IF(L44>0,L44,0) -> 0 | K44: =I44+J44 -> 33.84 | L44: =F44-(I44-AK44) -> 0 | M44: 3.34 | N44: 0 | O44: =0*1.05 -> 0 | P44: 0 | Q44: =814700/325851/1.9835*1.02 -> 1.2857207 | R44: =IF(((1.9*1.04)-T44)>=4.2,4.2,(1.9*1.04)-T44) -> 1.4843296 | S44: =IF(((1.9*1.04)-T44)>=4.2,((1.9*1.04)-T44)-4.2,0) -> 0 | T44: =(0.446*1.06)*1.04 -> 0.4916704 | U44: =M44-(Q44+R44+S44+T44) -> 0.078279332 | V44: 0 | W44: 0 | X44: =M44-N44-O44-P44-Q44-R44-S44-T44-U44+V44+W44-AU44+AR44 -> -3.8857806e-16 | Y44: =X44-AO44 -> -3.8857806e-16 | AC44: 28.06995 | AE44: 0 | AH44: 30.5 | AI44: =AI43-AH44 -> 4313.3579 | AK44: =N44+O44+P44+Q44+R44+S44+T44+U44+X44+AE44+AH44 -> 33.84 | AL44: =IF(L44<0,L44*-1,0) -> 0 | AM44: =AK44+AL44 -> 33.84 | AN44: =V44 -> 0 | AV44: 0 | AW44: 41 | AX44: 9 | AZ44: =SUM(N44,P44:U44) -> 3.34 | BA44: 0.162 | BB44: 18730
AW45: 4
A46: MONTH / CFS | F46: =SUM(F15:F44) -> -402.82329 | G46: =SUM(G15:G44) -> 2263.7547 | H46: =SUM(H15:H44) -> 0 | I46: =SUM(I15:I44) -> 2263.7547 | J46: =SUM(J15:J44) -> 242.31133 | K46: =SUM(K15:K44) -> 2506.066 | L46: =SUM(L15:L44) -> -45.681001 | M46: =SUM(M15:M44) -> 104.55 | ... Y46: =SUM(Y15:Y44) -> 1608.9795 | AC46: =SUM(AC15:AC44) -> 462.45039 | AE46: =SUM(AE15:AE44) -> 0 | AF46: =SUM(AF15:AF44) -> 0 | AG46: =SUM(AG15:AG44) -> 0 | AH46: =SUM(AH15:AH44) -> 904.9 | AJ46: =SUM(AJ15:AJ44) -> 0 | AK46: =SUM(AK15:AK44) -> 2620.897 | AL46: =SUM(AL15:AL44) -> 287.99233 | AM46: =SUM(AM15:AM44) -> 2908.8893 | AN46: =SUM(AN15:AN44) -> 1611.4 | AO46: =SUM(AO15:AO44) -> 0 | AU46: =SUM(AU15:AU44) -> 0 | AV46: =SUM(AV15:AV44) -> 2.035 | AW46: =AVERAGE(AW15:AW44) -> 51.766667 | AX46: =AVERAGE(AX15:AX44) -> 26 | AY46: Avg | AZ46: =SUM(AZ15:AZ44) -> 104.55 | BA46: =SUM(BA14:BA44) -> 5.188
A47: MONTH / AF | D47: =SUM(D15:D44) -> -799 | F47: =F46*$D$2 -> -799 | G47: =G46*$D$2 -> 4490.1575 | H47: =H46*$D$2 -> 0 | I47: =I46*$D$2 -> 4490.1575 | J47: =J46*$D$2 -> 480.62451 | K47: =K46*$D$2 -> 4970.782 | L47: =L46*$D$2 -> -90.608265 | M47: =M46*$D$2 -> 207.37492 | ... Y47: =Y46*$D$2 -> 3191.4108 | AC47: =AC46*$D$2 -> 917.27035 | AE47: =AE46*$D$2 -> 0 | AF47: =AF46*$D$2 -> 0 | AG47: =AG46*$D$2 -> 0 | AH47: =AH46*$D$2 -> 1794.8691 | AJ47: =AJ46*$D$2 -> 0 | AK47: =AK46*$D$2 -> 5198.5492 | AL47: =AL46*$D$2 -> 571.23278 | AM47: =AM46*$D$2 -> 5769.782 | AN47: =AN46*$D$2 -> 3196.2119 | AO47: =AO46*$D$2 -> 0 | AU47: =AU46*$D$2 -> 0 | AW47: =MAX(AW15:AW44) -> 68 | AX47: =MAX(AX15:AX44) -> 41 | AY47: HI | AZ47: =AZ46*$D$2 -> 207.37492 | BA47: =BA46*$D$2 -> 10.290398
A49: SEASON / CFS | AW49: =MIN(AW15:AW44) -> 34 | AX49: =MIN(AX15:AX44) -> 9 | AY49: LO
A50: SEASON / AF
A52: YTD / CFS | F52: =F13+F46 -> -402.82329 | G52: =G13+G46 -> 2263.7547 | H52: =H13+H46 -> 0 | I52: =I13+I46 -> 2263.7547 | J52: =J13+J46 -> 242.31133 | K52: =K13+K46 -> 2506.066 | L52: =L13+L46 -> -45.681001 | M52: =M13+M46 -> 104.55 | ... Y52: =Y13+Y46 -> 1608.9795 | AC52: =AC13+AC46 -> 462.45039 | AE52: =AE13+AE46 -> 0 | AF52: =AF13+AF46 -> 0 | AG52: =AG13+AG46 -> 0 | AH52: =AH13+AH46 -> 904.9 | AI52: =AI44 -> 4313.3579 | AJ52: =AJ13+AJ46 -> 0 | AK52: =AK13+AK46 -> 2620.897 | AL52: =AL13+AL46 -> 287.99233 | AM52: =AM13+AM46 -> 2908.8893 | AN52: =AN13+AN46 -> 1611.4 | AO52: =AO13+AO46 -> 0 | AV52: =AV13+AV46 -> 2.035 | AZ52: =AZ13+AZ46 -> 104.55 | BA52: =BA13+BA46 -> 5.188
A53: YTD / AF | D53: =D13+D47 -> -799 | E53: =E44 -> 90369 | F53: =F52*$D$2 -> -799 | G53: =G52*$D$2 -> 4490.1575 | H53: =H52*$D$2 -> 0 | I53: =I52*$D$2 -> 4490.1575 | J53: =J52*$D$2 -> 480.62451 | K53: =K52*$D$2 -> 4970.782 | L53: =L52*$D$2 -> -90.608265 | M53: =M52*$D$2 -> 207.37492 | ... Y53: =Y52*$D$2 -> 3191.4108 | AC53: =AC52*$D$2 -> 917.27035 | AE53: =AE52*$D$2 -> 0 | AF53: =AF52*$D$2 -> 0 | AG53: =AG52*$D$2 -> 0 | AH53: =AH52*$D$2 -> 1794.8691 | AI53: =AI52*$D$2 -> 8555.5453 | AJ53: =AJ52*$D$2 -> 0 | AK53: =AK52*$D$2 -> 5198.5492 | AL53: =AL52*$D$2 -> 571.23278 | ... AO53: =AO52*$D$2 -> 0 | AZ53: =AZ52*$D$2 -> 207.37492 | BA53: =BA52*$D$2 -> 10.290398

Sheet DEC
K1: MCPHEE RESERVOIR INFLOW/OUTFLOW TABULATION
A2: AF/cfs CONVERT FACTOR | D2: 1.9835 | K2: DECEMBER "2015"
D4: RESERVOIR | I4: INFLOW | X4: OUTFLOW | AP4: ADJUSTMENTS | AW4: WEATHER
A5: DATE | B5: RESERV | C5: RESERV | D5: AC FT | E5: ACTIVE | F5: CONV TO | G5: DOLORES | H5: LOST | I5: RECORD | J5: CALC | K5: TOTAL | L5: CALC | M5: DOLORES TUNNEL | V5: LONE | W5: U | X5: TOTAL | Y5: TOTAL | Z5: MVI | AA5: MVI | AB5: MVI | AC5: TO EX & | AD5: MVI | AE5: DV CR | AF5: D/S SENIOR | AH5: BELOW | AI5: FISH | AJ5: SPILL | AK5: RECORD | AL5: CALC | AM5: TOTAL | AN5: NAR | AO5: MVI | AP5: MVI | AQ5: MVI | AR5: DIST. | AS5: U/S | AT5: TOTTEN | AU5: UF&R | AV5: RAIN | AW5: MAX | AX5: MIN | AZ5: TOTAL | BA5: GRNDHOG | BB5: GRNDHOG
A6: DEC | B6: ELEV | D6: CHANGE | E6: CAP | F6: CFS | G6: RIVER | H6: CAN | I6: INFLOW | J6: INFLOW | K6: INFLOW | L6: INF/OTF | M6: TOT DIV | N6: WET | O6: UTE | P6: QUEST | Q6: MWC | R6: CORTEZ | T6: UTE | U6: F-BAY | V6: PINE | W6: LAT | X6: MVI | Y6: MVI | Z6: CALL | AA6: CALL | AB6: APR- | AC6: U/S EX | AD6: PROJ | AE6: CANAL | AF6: MVIC | AG6: PROJ | AH6: MCP | AI6: LEFT | AK6: OTF | AL6: OTF | AM6: OTF | AN6: FILLL | AO6: STOCK | AP6: STORED | AQ6: STORED | AR6: CLASS | AS6: USERS | AT6: (FRESH | AU6: LEASE | AW6: TMP | AX6: TMP | AZ6: TUNNEL | BA6: DISCHARGE | BB6: CAPACITY
N7: LAND | O7: F&R | Q7: NON - | R7: NON - | S7: PROJ | T7: PROJ | U7: BAL | X7: WATER | Y7: IRRIG. | Z7: STOR | AA7: SPILLED | AB7: JUNE | AF7: 1.7 | AG7: 1.3 | AP7: Apr - Jun | AQ7: EVAP | AR7: "B" | AS7: EXCH | AT7: WATER) | AU7: WATER | AZ7: Misc.
Q8: PROJ | R8: PROJ | X8: USED | Y8: WATER | AA8: OR | AB8: (DIV+
R9: 4.2 | Y9: USED | AA9: USED | AB9: CALL) | BB9: FP = 3960
C10: AC. Ft. | E10: AC FT | G10: CFS | H10: CFS | I10: CFS | J10: CFS | K10: CFS | L10: CFS | M10: CFS | N10: CFS | O10: CFS | P10: CFS | Q10: CFS | R10: CFS | S10: CFS | T10: CFS | U10: CFS | V10: CFS | W10: CFS | X10: 153400 | Y10: 150400 | AB10: 72000 | AC10: CFS | AD10: CFS | AE10: CFS | AF10: CFS | AG10: CFS | AH10: CFS | AI10: CFS | AJ10: CFS | AK10: CFS | AL10: CFS | AM10: CFS | AN10: CFS | AO10: CFS | AP10: CFS | AQ10: AC.FT. | AR10: CFS | AS10: CFS | AT10: CFS | AU10: CFS | AZ10: Outflow | BA10: CFS | BB10: AC FT
N11: 1.03 | O11: 1.05 | P11: 1.02 | Q11: 1.02 | R11: 1.04 | T11: 1.04 | X11: CFS | Y11: CFS | Z11: CFS | AA11: CFS | AB11: Ac. Ft. | AZ11: CFS
A12: SEASON BAL
A13: YTD | B13: =NOV!B44 -> 6888.27 | C13: =NOV!C44 -> 242369 | D13: =NOV!D53 -> -799 | E13: =NOV!E53 -> 90369 | F13: =NOV!F52 -> -402.82329 | G13: =NOV!G52 -> 2263.7547 | H13: =NOV!H52 -> 0 | I13: =NOV!I52 -> 2263.7547 | J13: =NOV!J52 -> 242.31133 | K13: =NOV!K52 -> 2506.066 | L13: =NOV!L52 -> -45.681001 | M13: =NOV!M52 -> 104.55 | ... Y13: =NOV!Y52 -> 1608.9795 | AC13: =NOV!AC52 -> 462.45039 | AH13: =NOV!AH52 -> 904.9 | AI13: =NOV!AI52 -> 4313.3579 | AK13: =NOV!AK52 -> 2620.897 | AL13: =NOV!AL52 -> 287.99233 | AM13: =NOV!AM52 -> 2908.8893 | AN13: =NOV!AN52 -> 1611.4 | AO13: =NOV!AO52 -> 0 | AV13: =NOV!AV52 -> 2.035 | AZ13: =NOV!AZ52 -> 104.55 | BA13: =NOV!BA52 -> 5.188
A15: 1 | B15: 6888.27 | C15: 242369 | D15: =C15-C13 -> 0 | E15: =C15-152000 -> 90369 | F15: =D15/$D$2 -> 0 | G15: 33.85 | H15: 0 | I15: =G15+H15 -> 33.85 | J15: =IF(L15>0,L15,0) -> 0 | K15: =I15+J15 -> 33.85 | L15: =F15-(I15-AK15) -> 0 | M15: 3.45 | N15: 0 | O15: =0*1.05 -> 0 | P15: 0 | Q15: =1105500/325851/1.9835*1.02 -> 1.7446474 | R15: =IF(((1.9*1.04)-T15)>=4.2,4.2,(1.9*1.04)-T15) -> 1.1899888 | S15: =IF(((1.9*1.04)-T15)>=4.2,((1.9*1.04)-T15)-4.2,0) -> 0 | T15: =(0.713*1.06)*1.04 -> 0.7860112 | U15: =M15-(Q15+R15+S15+T15) -> -0.27064735 | V15: 0 | W15: 0 | X15: =M15-N15-P15-O15-Q15-R15-S15-T15-U15+V15+W15 -> 0 | Y15: =X15-AO15 -> 0 | AC15: 27.915364 | AE15: 0 | AH15: 30.4 | AI15: =AI13-AH15 -> 4282.9579 | AK15: =N15+O15+P15+Q15+R15+S15+T15+U15+X15+AE15+AH15 -> 33.85 | AL15: =IF(L15<0,L15*-1,0) -> 0 | AM15: =AK15+AL15 -> 33.85 | AV15: 0.04 | AW15: 44 | AX15: 12 | AZ15: =SUM(N15,P15:U15) -> 3.45 | BA15: 0.162 | BB15: 18732
A16: =A15+1 -> 2 | B16: 6888.25 | C16: 242302 | D16: =C16-C15 -> -67 | E16: =C16-152000 -> 90302 | F16: =D16/$D$2 -> -33.778674 | G16: 0.68132594 | H16: 0 | I16: =G16+H16 -> 0.68132594 | J16: =IF(L16>0,L16,0) -> 0 | K16: =I16+J16 -> 0.68132594 | L16: =F16-(I16-AK16) -> 0 | M16: 4.06 | N16: 0 | O16: =0*1.05 -> 0 | P16: 0 | Q16: =1004700/325851/1.9835*1.02 -> 1.5855696 | R16: =IF(((2*1.04)-T16)>=4.2,4.2,(2*1.04)-T16) -> 1.2939888 | S16: =IF(((2*1.04)-T16)>=4.2,((2*1.04)-T16)-4.2,0) -> 0 | T16: =(0.713*1.06)*1.04 -> 0.7860112 | U16: =M16-(Q16+R16+S16+T16) -> 0.3944304 | V16: 0 | W16: 0 | X16: =M16-N16-P16-O16-Q16-R16-S16-T16-U16+V16+W16 -> 0 | Y16: =X16-AO16 -> 0 | AC16: 0 | AE16: 0 | AH16: 30.4 | AI16: =AI15-AH16 -> 4252.5579 | AK16: =N16+O16+P16+Q16+R16+S16+T16+U16+X16+AE16+AH16 -> 34.46 | AL16: =IF(L16<0,L16*-1,0) -> 0 | AM16: =AK16+AL16 -> 34.46 | AV16: 0 | AW16: 48 | AX16: 14 | AZ16: =SUM(N16,P16:U16) -> 4.06 | BA16: 0.162 | BB16: 18758
A17: =A16+1 -> 3 | B17: 6888.25 | C17: 242302 | D17: =C17-C16 -> 0 | E17: =C17-152000 -> 90302 | F17: =D17/$D$2 -> 0 | G17: 34.26 | H17: 0 | I17: =G17+H17 -> 34.26 | J17: =IF(L17>0,L17,0) -> 0 | K17: =I17+J17 -> 34.26 | L17: =F17-(I17-AK17) -> 0 | M17: 4.06 | N17: 0 | O17: =0*1.05 -> 0 | P17: 0 | Q17: =1008100/325851/1.9835*1.02 -> 1.5909353 | R17: =IF(((1.9*1.04)-T17)>=4.2,4.2,(1.9*1.04)-T17) -> 1.1899888 | S17: =IF(((1.9*1.04)-T17)>=4.2,((1.9*1.04)-T17)-4.2,0) -> 0 | T17: =(0.713*1.06)*1.04 -> 0.7860112 | U17: =M17-(Q17+R17+S17+T17) -> 0.49306468 | V17: 0 | W17: 0 | X17: =M17-N17-P17-O17-Q17-R17-S17-T17-U17+V17+W17 -> 0 | Y17: =X17-AO17 -> 0 | AC17: 28.479076 | AE17: 0 | AH17: 30.2 | AI17: =AI16-AH17 -> 4222.3579 | AK17: =N17+O17+P17+Q17+R17+S17+T17+U17+X17+AE17+AH17 -> 34.26 | AL17: =IF(L17<0,L17*-1,0) -> 0 | AM17: =AK17+AL17 -> 34.26 | AV17: 0 | AW17: 52 | AX17: 21 | AZ17: =SUM(N17,P17:U17) -> 4.06 | BA17: 0.162 | BB17: 18808
A18: =A17+1 -> 4 | B18: 6888.26 | C18: 242335 | D18: =C18-C17 -> 33 | E18: =C18-152000 -> 90335 | F18: =D18/$D$2 -> 16.637257 | G18: 50.997257 | H18: 0 | I18: =G18+H18 -> 50.997257 | J18: =IF(L18>0,L18,0) -> 0 | K18: =I18+J18 -> 50.997257 | L18: =F18-(I18-AK18) -> 0 | M18: 4.06 | N18: 0 | O18: =0*1.05 -> 0 | P18: 0 | Q18: =1042800/325851/1.9835*1.02 -> 1.6456972 | R18: =IF(((2*1.04)-T18)>=4.2,4.2,(2*1.04)-T18) -> 1.5367373 | S18: =IF(((2*1.04)-T18)>=4.2,((2*1.04)-T18)-4.2,0) -> 0 | T18: =(0.4928*1.06)*1.04 -> 0.54326272 | U18: =M18-(Q18+R18+S18+T18) -> 0.3343028 | V18: 0 | W18: 0 | X18: =M18-N18-P18-O18-Q18-R18-S18-T18-U18+V18+W18 -> 0 | Y18: =X18-AO18 -> 0 | AC18: 44.814823 | AE18: 0 | AH18: 30.3 | AI18: =AI17-AH18 -> 4192.0579 | AK18: =N18+O18+P18+Q18+R18+S18+T18+U18+X18+AE18+AH18 -> 34.36 | AL18: =IF(L18<0,L18*-1,0) -> 0 | AM18: =AK18+AL18 -> 34.36 | AV18: 0 | AW18: 56 | AX18: 27 | AZ18: =SUM(N18,P18:U18) -> 4.06 | BA18: 0.221 | BB18: 18772
A19: =A18+1 -> 5 | B19: 6888.31 | C19: 242502 | D19: =C19-C18 -> 167 | E19: =C19-152000 -> 90502 | F19: =D19/$D$2 -> 84.194605 | G19: 118.16461 | H19: 0 | I19: =G19+H19 -> 118.16461 | J19: =IF(L19>0,L19,0) -> 0 | K19: =I19+J19 -> 118.16461 | L19: =F19-(I19-AK19) -> 0 | M19: 3.37 | N19: 0 | O19: =0*1.05 -> 0 | P19: 0 | Q19: =975300/325851/1.9835*1.02 -> 1.5391719 | R19: =IF(((2*1.04)-T19)>=4.2,4.2,(2*1.04)-T19) -> 1.5367373 | S19: =IF(((2*1.04)-T19)>=4.2,((2*1.04)-T19)-4.2,0) -> 0 | T19: =(0.4928*1.06)*1.04 -> 0.54326272 | U19: =M19-(Q19+R19+S19+T19) -> -0.24917192 | V19: 0 | W19: 0 | X19: =M19-N19-P19-O19-Q19-R19-S19-T19-U19+V19+W19 -> 0 | Y19: =X19-AO19 -> 0 | AC19: 112.0887 | AE19: 0 | AH19: 30.6 | AI19: =AI18-AH19 -> 4161.4579 | AK19: =N19+O19+P19+Q19+R19+S19+T19+U19+X19+AE19+AH19 -> 33.97 | AL19: =IF(L19<0,L19*-1,0) -> 0 | AM19: =AK19+AL19 -> 33.97 | AV19: 0.01 | AW19: 48 | AX19: 21 | AZ19: =SUM(N19,P19:U19) -> 3.37 | BA19: 0.487 | BB19: 18775
A20: =A19+1 -> 6 | B20: 6888.32 | C20: 242535 | D20: =C20-C19 -> 33 | E20: =C20-152000 -> 90535 | F20: =D20/$D$2 -> 16.637257 | G20: 51.387257 | H20: 0 | I20: =G20+H20 -> 51.387257 | J20: =IF(L20>0,L20,0) -> 0 | K20: =I20+J20 -> 51.387257 | L20: =F20-(I20-AK20) -> 0 | M20: 4.15 | N20: 0 | O20: =0*1.05 -> 0 | P20: 0 | Q20: =1092700/325851/1.9835*1.02 -> 1.724447 | R20: =IF(((2.2*1.04)-T20)>=4.2,4.2,(2.2*1.04)-T20) -> 1.7447373 | S20: =IF(((2.2*1.04)-T20)>=4.2,((2.2*1.04)-T20)-4.2,0) -> 0 | T20: =(0.4928*1.06)*1.04 -> 0.54326272 | U20: =M20-(Q20+R20+S20+T20) -> 0.137553 | V20: 0 | W20: 0 | X20: =M20-N20-P20-O20-Q20-R20-S20-T20-U20+V20+W20 -> 0 | Y20: =X20-AO20 -> 0 | AC20: 0 | AE20: 0 | AH20: 30.6 | AI20: =AI19-AH20 -> 4130.8579 | AK20: =N20+O20+P20+Q20+R20+S20+T20+U20+X20+AE20+AH20 -> 34.75 | AL20: =IF(L20<0,L20*-1,0) -> 0 | AM20: =AK20+AL20 -> 34.75 | AV20: 0 | AW20: 51 | AX20: 21 | AZ20: =SUM(N20,P20:U20) -> 4.15 | BA20: 0.487 | BB20: 18746
A21: =A20+1 -> 7 | B21: 6888.32 | C21: 242535 | D21: =C21-C20 -> 0 | E21: =C21-152000 -> 90535 | F21: =D21/$D$2 -> 0 | G21: 34.99 | H21: 0 | I21: =G21+H21 -> 34.99 | J21: =IF(L21>0,L21,0) -> 0 | K21: =I21+J21 -> 34.99 | L21: =F21-(I21-AK21) -> 0 | M21: 4.29 | N21: 0 | O21: =0*1.05 -> 0 | P21: 0 | Q21: =1020600/325851/1.9835*1.02 -> 1.6106622 | R21: =IF(((2.3*1.04)-T21)>=4.2,4.2,(2.3*1.04)-T21) -> 1.8487373 | S21: =IF(((2.3*1.04)-T21)>=4.2,((2.3*1.04)-T21)-4.2,0) -> 0 | T21: =(0.4928*1.06)*1.04 -> 0.54326272 | U21: =M21-(Q21+R21+S21+T21) -> 0.28733778 | V21: 0 | W21: 0 | X21: =M21-N21-P21-O21-Q21-R21-S21-T21-U21+V21+W21 -> 0 | Y21: =X21-AO21 -> 0 | AC21: 28.5306 | AE21: 0 | AH21: 30.7 | AI21: =AI20-AH21 -> 4100.1579 | AK21: =N21+O21+P21+Q21+R21+S21+T21+U21+X21+AE21+AH21 -> 34.99 | AL21: =IF(L21<0,L21*-1,0) -> 0 | AM21: =AK21+AL21 -> 34.99 | AV21: 0 | AW21: 58 | AX21: 23 | AZ21: =SUM(N21,P21:U21) -> 4.29 | BA21: 0.487 | BB21: 18665
A22: =A21+1 -> 8 | B22: 6888.32 | C22: 242535 | D22: =C22-C21 -> 0 | E22: =C22-152000 -> 90535 | F22: =D22/$D$2 -> 0 | G22: 33.911 | H22: 0.049 | I22: =G22+H22 -> 33.96 | J22: =IF(L22>0,L22,0) -> 0 | K22: =I22+J22 -> 33.96 | L22: =F22-(I22-AK22) -> 0 | M22: 3.46 | N22: 0 | O22: =0*1.05 -> 0 | P22: 0 | Q22: =832000/325851/1.9835*1.02 -> 1.3130227 | R22: =IF(((2.3*1.04)-T22)>=4.2,4.2,(2.3*1.04)-T22) -> 1.8487373 | S22: =IF(((2.3*1.04)-T22)>=4.2,((2.3*1.04)-T22)-4.2,0) -> 0 | T22: =(0.4928*1.06)*1.04 -> 0.54326272 | U22: =M22-(Q22+R22+S22+T22) -> -0.2450227 | V22: 0 | W22: 0 | X22: =M22-N22-P22-O22-Q22-R22-S22-T22-U22+V22+W22 -> 0 | Y22: =X22-AO22 -> 0 | AC22: 27.74924 | AE22: 0 | AH22: 30.5 | AI22: =AI21-AH22 -> 4069.6579 | AK22: =N22+O22+P22+Q22+R22+S22+T22+U22+X22+AE22+AH22 -> 33.96 | AL22: =IF(L22<0,L22*-1,0) -> 0 | AM22: =AK22+AL22 -> 33.96 | AV22: 0 | AW22: 60 | AX22: 27 | AZ22: =SUM(N22,P22:U22) -> 3.46 | BA22: 0.499 | BB22: 18657
A23: =A22+1 -> 9 | B23: 6888.34 | C23: 242602 | D23: =C23-C22 -> 67 | E23: =C23-152000 -> 90602 | F23: =D23/$D$2 -> 33.778674 | G23: 67.908674 | H23: 1.31 | I23: =G23+H23 -> 69.218674 | J23: =IF(L23>0,L23,0) -> 0 | K23: =I23+J23 -> 69.218674 | L23: =F23-(I23-AK23) -> 0 | M23: 3.72 | N23: 0 | O23: =0*1.05 -> 0 | P23: 0 | Q23: =912700/325851/1.9835*1.02 -> 1.4403796 | R23: =IF(((2.2*1.04)-T23)>=4.2,4.2,(2.2*1.04)-T23) -> 1.7447373 | S23: =IF(((2.2*1.04)-T23)>=4.2,((2.2*1.04)-T23)-4.2,0) -> 0 | T23: =(0.4928*1.06)*1.04 -> 0.54326272 | U23: =M23-(Q23+R23+S23+T23) -> -0.0083795917 | V23: 1.12 | W23: 0 | X23: =M23-N23-P23-O23-Q23-R23-S23-T23-U23+V23+W23 -> 1.12 | Y23: =X23-AO23 -> 1.12 | AC23: 61.723557 | AE23: 0 | AH23: 30.6 | AI23: =AI22-AH23 -> 4039.0579 | AK23: =N23+O23+P23+Q23+R23+S23+T23+U23+X23+AE23+AH23 -> 35.44 | AL23: =IF(L23<0,L23*-1,0) -> 0 | AM23: =AK23+AL23 -> 35.44 | AV23: 0 | AW23: 57 | AX23: 27 | AZ23: =SUM(N23,P23:U23) -> 3.72 | BA23: 0.65 | BB23: 18686
A24: =A23+1 -> 10 | B24: 6888.36 | C24: 242669 | D24: =C24-C23 -> 67 | E24: =C24-152000 -> 90669 | F24: =D24/$D$2 -> 33.778674 | G24: 67.598674 | H24: 0 | I24: =G24+H24 -> 67.598674 | J24: =IF(L24>0,L24,0) -> 0 | K24: =I24+J24 -> 67.598674 | L24: =F24-(I24-AK24) -> 0 | M24: 3.72 | N24: 0 | O24: =0*1.05 -> 0 | P24: 0 | Q24: =1083000/325851/1.9835*1.02 -> 1.7091389 | R24: =IF(((2.2*1.04)-T24)>=4.2,4.2,(2.2*1.04)-T24) -> 1.7447373 | S24: =IF(((2.2*1.04)-T24)>=4.2,((2.2*1.04)-T24)-4.2,0) -> 0 | T24: =(0.4928*1.06)*1.04 -> 0.54326272 | U24: =M24-(Q24+R24+S24+T24) -> -0.27713893 | V24: 0 | W24: 0 | X24: =M24-N24-P24-O24-Q24-R24-S24-T24-U24+V24+W24 -> 0 | Y24: =X24-AO24 -> 0 | AC24: 61.144798 | AE24: 0 | AH24: 30.1 | AI24: =AI23-AH24 -> 4008.9579 | AK24: =N24+O24+P24+Q24+R24+S24+T24+U24+X24+AE24+AH24 -> 33.82 | AL24: =IF(L24<0,L24*-1,0) -> 0 | AM24: =AK24+AL24 -> 33.82 | AV24: 0 | AW24: 55 | AX24: 29 | AZ24: =SUM(N24,P24:U24) -> 3.72 | BA24: 0.65 | BB24: 18702
A25: =A24+1 -> 11 | B25: 6888.38 | C25: 242735 | D25: =C25-C24 -> 66 | E25: =C25-152000 -> 90735 | F25: =D25/$D$2 -> 33.274515 | G25: 68.034515 | H25: 0 | I25: =G25+H25 -> 68.034515 | J25: =IF(L25>0,L25,0) -> 0 | K25: =I25+J25 -> 68.034515 | L25: =F25-(I25-AK25) -> 0 | M25: 4.66 | N25: 0 | O25: =0*1.05 -> 0 | P25: 0 | Q25: =863500/325851/1.9835*1.02 -> 1.3627345 | R25: =IF(((2.3*1.04)-T25)>=4.2,4.2,(2.3*1.04)-T25) -> 1.8459813 | S25: =IF(((2.3*1.04)-T25)>=4.2,((2.3*1.04)-T25)-4.2,0) -> 0 | T25: =(0.4953*1.06)*1.04 -> 0.54601872 | U25: =M25-(Q25+R25+S25+T25) -> 0.9052655 | V25: 0 | W25: 0 | X25: =M25-N25-P25-O25-Q25-R25-S25-T25-U25+V25+W25 -> 0 | Y25: =X25-AO25 -> 0 | AC25: 61.825799 | AE25: 0 | AH25: 30.1 | AI25: =AI24-AH25 -> 3978.8579 | AK25: =N25+O25+P25+Q25+R25+S25+T25+U25+X25+AE25+AH25 -> 34.76 | AL25: =IF(L25<0,L25*-1,0) -> 0 | AM25: =AK25+AL25 -> 34.76 | AV25: 0 | AW25: 53 | AX25: 31 | AZ25: =SUM(N25,P25:U25) -> 4.66 | BA25: 0.645 | BB25: 18743
A26: =A25+1 -> 12 | B26: 6888.43 | C26: 242902 | D26: =C26-C25 -> 167 | E26: =C26-152000 -> 90902 | F26: =D26/$D$2 -> 84.194605 | G26: 118.26461 | H26: 0 | I26: =G26+H26 -> 118.26461 | J26: =IF(L26>0,L26,0) -> 0 | K26: =I26+J26 -> 118.26461 | L26: =F26-(I26-AK26) -> 0 | M26: 3.87 | N26: 0 | O26: =0*1.05 -> 0 | P26: 0 | Q26: =911300/325851/1.9835*1.02 -> 1.4381702 | R26: =IF(((2.3*1.04)-T26)>=4.2,4.2,(2.3*1.04)-T26) -> 1.8459813 | S26: =IF(((2.3*1.04)-T26)>=4.2,((2.3*1.04)-T26)-4.2,0) -> 0 | T26: =(0.4953*1.06)*1.04 -> 0.54601872 | U26: =M26-(Q26+R26+S26+T26) -> 0.039829822 | V26: 0 | W26: 0 | X26: =M26-N26-P26-O26-Q26-R26-S26-T26-U26+V26+W26 -> 5.5511151e-16 | Y26: =X26-AO26 -> 5.5511151e-16 | AC26: 111.98045 | AE26: 0 | AH26: 30.2 | AI26: =AI25-AH26 -> 3948.6579 | AK26: =N26+O26+P26+Q26+R26+S26+T26+U26+X26+AE26+AH26 -> 34.07 | AL26: =IF(L26<0,L26*-1,0) -> 0 | AM26: =AK26+AL26 -> 34.07 | AV26: 0.11 | AW26: 38 | AX26: 26 | AZ26: =SUM(N26,P26:U26) -> 3.87 | BA26: 0.577 | BB26: 18762
A27: =A26+1 -> 13 | B27: 6888.45 | C27: 242969 | D27: =C27-C26 -> 67 | E27: =C27-152000 -> 90969 | F27: =D27/$D$2 -> 33.778674 | G27: 67.658674 | H27: 0 | I27: =G27+H27 -> 67.658674 | J27: =IF(L27>0,L27,0) -> 0 | K27: =I27+J27 -> 67.658674 | L27: =F27-(I27-AK27) -> 0 | M27: 3.68 | N27: 0 | O27: =0*1.05 -> 0 | P27: 0 | Q27: =1052800/325851/1.9835*1.02 -> 1.6614787 | R27: =IF(((2.3*1.04)-T27)>=4.2,4.2,(2.3*1.04)-T27) -> 1.8459813 | S27: =IF(((2.3*1.04)-T27)>=4.2,((2.3*1.04)-T27)-4.2,0) -> 0 | T27: =(0.4953*1.06)*1.04 -> 0.54601872 | U27: =M27-(Q27+R27+S27+T27) -> -0.37347873 | V27: 0 | W27: 0 | X27: =M27-N27-P27-O27-Q27-R27-S27-T27-U27+V27+W27 -> 0 | Y27: =X27-AO27 -> 0 | AC27: 0 | AE27: 0 | AH27: 30.2 | AI27: =AI26-AH27 -> 3918.4579 | AK27: =N27+O27+P27+Q27+R27+S27+T27+U27+X27+AE27+AH27 -> 33.88 | AL27: =IF(L27<0,L27*-1,0) -> 0 | AM27: =AK27+AL27 -> 33.88 | AV27: 0 | AW27: 42 | AX27: 17 | AZ27: =SUM(N27,P27:U27) -> 3.68 | BA27: 0.487 | BB27: 18821
A28: =A27+1 -> 14 | B28: 6888.49 | C28: 243102 | D28: =C28-C27 -> 133 | E28: =C28-152000 -> 91102 | F28: =D28/$D$2 -> 67.053189 | G28: 102.17319 | H28: 0 | I28: =G28+H28 -> 102.17319 | J28: =IF(L28>0,L28,0) -> 0 | K28: =I28+J28 -> 102.17319 | L28: =F28-(I28-AK28) -> 0 | M28: 4.62 | N28: 0 | O28: =9.36*1.05 -> 9.828 | P28: 0 | Q28: =867200/325851/1.9835*1.02 -> 1.3685737 | R28: =IF(((2.3*1.04)-T28)>=4.2,4.2,(2.3*1.04)-T28) -> 1.8459813 | S28: =IF(((2.3*1.04)-T28)>=4.2,((2.3*1.04)-T28)-4.2,0) -> 0 | T28: =(0.4953*1.06)*1.04 -> 0.54601872 | U28: =M28-(Q28+R28+S28+T28) -> 0.85942634 | V28: 0 | W28: 0 | X28: =M28-N28-P28-O28-Q28-R28-S28-T28-U28+V28+W28 -> -9.828 | Y28: =X28-AO28 -> -9.828 | AC28: 95.958634 | AE28: 0 | AH28: 30.5 | AI28: =AI27-AH28 -> 3887.9579 | AK28: =N28+O28+P28+Q28+R28+S28+T28+U28+X28+AE28+AH28 -> 35.12 | AL28: =IF(L28<0,L28*-1,0) -> 0 | AM28: =AK28+AL28 -> 35.12 | AV28: 0.695 | AW28: 37 | AX28: 20 | AZ28: =SUM(N28,P28:U28) -> 4.62 | BA28: 0.487 | BB28: 18819
A29: =A28+1 -> 15 | B29: 6888.49 | C29: 243102 | D29: =C29-C28 -> 0 | E29: =C29-152000 -> 91102 | F29: =D29/$D$2 -> 0 | G29: 34.06 | H29: 0 | I29: =G29+H29 -> 34.06 | J29: =IF(L29>0,L29,0) -> 0 | K29: =I29+J29 -> 34.06 | L29: =F29-(I29-AK29) -> 0 | M29: 3.76 | N29: 0 | O29: =10.4*1.05 -> 10.92 | P29: 0 | Q29: =1001300/325851/1.9835*1.02 -> 1.5802039 | R29: =IF(((2.2*1.04)-T29)>=4.2,4.2,(2.2*1.04)-T29) -> 1.7419813 | S29: =IF(((2.2*1.04)-T29)>=4.2,((2.2*1.04)-T29)-4.2,0) -> 0 | T29: =(0.4953*1.06)*1.04 -> 0.54601872 | U29: =M29-(Q29+R29+S29+T29) -> -0.10820388 | V29: 0 | W29: 0 | X29: =M29-N29-P29-O29-Q29-R29-S29-T29-U29+V29+W29 -> -10.92 | Y29: =X29-AO29 -> -10.92 | AC29: 27.737815 | AE29: 0 | AH29: 30.3 | AI29: =AI28-AH29 -> 3857.6579 | AK29: =N29+O29+P29+Q29+R29+S29+T29+U29+X29+AE29+AH29 -> 34.06 | AL29: =IF(L29<0,L29*-1,0) -> 0 | AM29: =AK29+AL29 -> 34.06 | AV29: 0 | AW29: 29 | AX29: 8 | AZ29: =SUM(N29,P29:U29) -> 3.76 | BA29: 0.487 | BB29: 18790
A30: =A29+1 -> 16 | B30: 6888.498 | C30: 243135 | D30: =C30-C29 -> 33 | E30: =C30-152000 -> 91135 | F30: =D30/$D$2 -> 16.637257 | G30: 50.987257 | H30: 0 | I30: =G30+H30 -> 50.987257 | J30: =IF(L30>0,L30,0) -> 0 | K30: =I30+J30 -> 50.987257 | L30: =F30-(I30-AK30) -> 0 | M30: 4.15 | N30: 0 | O30: =0.019*1.05 -> 0.01995 | P30: 0 | Q30: =1043700/325851/1.9835*1.02 -> 1.6471175 | R30: =IF(((2.3*1.04)-T30)>=4.2,4.2,(2.3*1.04)-T30) -> 1.8459813 | S30: =IF(((2.3*1.04)-T30)>=4.2,((2.3*1.04)-T30)-4.2,0) -> 0 | T30: =(0.4953*1.06)*1.04 -> 0.54601872 | U30: =M30-(Q30+R30+S30+T30) -> 0.11088246 | V30: 0 | W30: 0 | X30: =M30-N30-P30-O30-Q30-R30-S30-T30-U30+V30+W30 -> -0.01995 | Y30: =X30-AO30 -> -0.01995 | AC30: 44.494159 | AE30: 0 | AH30: 30.2 | AI30: =AI29-AH30 -> 3827.4579 | AK30: =N30+O30+P30+Q30+R30+S30+T30+U30+X30+AE30+AH30 -> 34.35 | AL30: =IF(L30<0,L30*-1,0) -> 0 | AM30: =AK30+AL30 -> 34.35 | AV30: 0 | AW30: 22 | AX30: 7 | AZ30: =SUM(N30,P30:U30) -> 4.15 | BA30: 0.487 | BB30: 18798
A31: =A30+1 -> 17 | B31: 6888.506 | C31: 243168 | D31: =C31-C30 -> 33 | E31: =C31-152000 -> 91168 | F31: =D31/$D$2 -> 16.637257 | G31: 51.177257 | H31: 0 | I31: =G31+H31 -> 51.177257 | J31: =IF(L31>0,L31,0) -> 0 | K31: =I31+J31 -> 51.177257 | L31: =F31-(I31-AK31) -> 0 | M31: 4.14 | N31: 0 | O31: =0.039*1.05 -> 0.04095 | P31: 0 | Q31: =941800/325851/1.9835*1.02 -> 1.4863038 | R31: =IF(((2.2*1.04)-T31)>=4.2,4.2,(2.2*1.04)-T31) -> 1.7419813 | S31: =IF(((2.2*1.04)-T31)>=4.2,((2.2*1.04)-T31)-4.2,0) -> 0 | T31: =(0.4953*1.06)*1.04 -> 0.54601872 | U31: =M31-(Q31+R31+S31+T31) -> 0.36569618 | V31: 0 | W31: 0 | X31: =M31-N31-P31-O31-Q31-R31-S31-T31-U31+V31+W31 -> -0.04095 | Y31: =X31-AO31 -> -0.04095 | AC31: 44.948972 | AE31: 0 | AH31: 30.4 | AI31: =AI30-AH31 -> 3797.0579 | AK31: =N31+O31+P31+Q31+R31+S31+T31+U31+X31+AE31+AH31 -> 34.54 | AL31: =IF(L31<0,L31*-1,0) -> 0 | AM31: =AK31+AL31 -> 34.54 | AV31: 0 | AW31: 24 | AX31: 9 | AZ31: =SUM(N31,P31:U31) -> 4.14 | BA31: 0.487 | BB31: 18814
A32: =A31+1 -> 18 | B32: 6888.514 | C32: 243168 | D32: =C32-C31 -> 0 | E32: =C32-152000 -> 91168 | F32: =D32/$D$2 -> 0 | G32: 34.61 | H32: 0 | I32: =G32+H32 -> 34.61 | J32: =IF(L32>0,L32,0) -> 0 | K32: =I32+J32 -> 34.61 | L32: =F32-(I32-AK32) -> 0 | M32: 4.01 | N32: 0 | O32: =0.016*1.05 -> 0.0168 | P32: 0 | Q32: =953000/325851/1.9835*1.02 -> 1.5039791 | R32: =IF(((2.2*1.04)-T32)>=4.2,4.2,(2.2*1.04)-T32) -> 1.64034 | S32: =IF(((2.2*1.04)-T32)>=4.2,((2.2*1.04)-T32)-4.2,0) -> 0 | T32: =(0.5875*1.06)*1.04 -> 0.64766 | U32: =M32-(Q32+R32+S32+T32) -> 0.21802087 | V32: 0 | W32: 0 | X32: =M32-N32-P32-O32-Q32-R32-S32-T32-U32+V32+W32 -> -0.0168 | Y32: =X32-AO32 -> -0.0168 | AC32: 28.465681 | AE32: 0 | AH32: 30.6 | AI32: =AI31-AH32 -> 3766.4579 | AK32: =N32+O32+P32+Q32+R32+S32+T32+U32+X32+AE32+AH32 -> 34.61 | AL32: =IF(L32<0,L32*-1,0) -> 0 | AM32: =AK32+AL32 -> 34.61 | AV32: 0.12 | AW32: 43 | AX32: 11 | AZ32: =SUM(N32,P32:U32) -> 4.01 | BA32: 0.487 | BB32: 18812
A33: =A32+1 -> 19 | B33: 6888.522 | C33: 243202 | D33: =C33-C32 -> 34 | E33: =C33-152000 -> 91202 | F33: =D33/$D$2 -> 17.141417 | G33: 51.741417 | H33: 0 | I33: =G33+H33 -> 51.741417 | J33: =IF(L33>0,L33,0) -> 0 | K33: =I33+J33 -> 51.741417 | L33: =F33-(I33-AK33) -> 0 | M33: 4.1 | N33: 0 | O33: =0.458*1.05 -> 0.4809 | P33: 0 | Q33: =1019200/325851/1.9835*1.02 -> 1.6084528 | R33: =IF(((2.3*1.04)-T33)>=4.2,4.2,(2.3*1.04)-T33) -> 1.74434 | S33: =IF(((2.3*1.04)-T33)>=4.2,((2.3*1.04)-T33)-4.2,0) -> 0 | T33: =(0.5875*1.06)*1.04 -> 0.64766 | U33: =M33-(Q33+R33+S33+T33) -> 0.09954719 | V33: 0 | W33: 0 | X33: =M33-N33-P33-O33-Q33-R33-S33-T33-U33+V33+W33 -> -0.4809 | Y33: =X33-AO33 -> -0.4809 | AC33: 45.388624 | AE33: 0 | AH33: 30.5 | AI33: =AI32-AH33 -> 3735.9579 | AK33: =N33+O33+P33+Q33+R33+S33+T33+U33+X33+AE33+AH33 -> 34.6 | AL33: =IF(L33<0,L33*-1,0) -> 0 | AM33: =AK33+AL33 -> 34.6 | AV33: 0.04 | AW33: 53 | AX33: 21 | AZ33: =SUM(N33,P33:U33) -> 4.1 | BA33: 0.487 | BB33: 18846
A34: =A33+1 -> 20 | B34: 6888.53 | C34: 243235 | D34: =C34-C33 -> 33 | E34: =C34-152000 -> 91235 | F34: =D34/$D$2 -> 16.637257 | G34: 51.767257 | H34: 0 | I34: =G34+H34 -> 51.767257 | J34: =IF(L34>0,L34,0) -> 0 | K34: =I34+J34 -> 51.767257 | L34: =F34-(I34-AK34) -> 0 | M34: 4.43 | N34: 0 | O34: =0*1.05 -> 0 | P34: 0 | Q34: =1079400/325851/1.9835*1.02 -> 1.7034576 | R34: =IF(((2.2*1.04)-T34)>=4.2,4.2,(2.2*1.04)-T34) -> 1.64034 | S34: =IF(((2.2*1.04)-T34)>=4.2,((2.2*1.04)-T34)-4.2,0) -> 0 | T34: =(0.5875*1.06)*1.04 -> 0.64766 | U34: =M34-(Q34+R34+S34+T34) -> 0.43854242 | V34: 0 | W34: 0 | X34: =M34-N34-P34-O34-Q34-R34-S34-T34-U34+V34+W34 -> 0 | Y34: =X34-AO34 -> 0 | AC34: 45.42346 | AE34: 0 | AH34: 30.7 | AI34: =AI33-AH34 -> 3705.2579 | AK34: =N34+O34+P34+Q34+R34+S34+T34+U34+X34+AE34+AH34 -> 35.13 | AL34: =IF(L34<0,L34*-1,0) -> 0 | AM34: =AK34+AL34 -> 35.13 | AV34: 0.1 | AW34: 48 | AX34: 28 | AZ34: =SUM(N34,P34:U34) -> 4.43 | BA34: 0.487 | BB34: 18858
A35: =A34+1 -> 21 | B35: 6888.56 | C35: 243335 | D35: =C35-C34 -> 100 | E35: =C35-152000 -> 91335 | F35: =D35/$D$2 -> 50.415931 | G35: 85.405931 | H35: 0 | I35: =G35+H35 -> 85.405931 | J35: =IF(L35>0,L35,0) -> 0 | K35: =I35+J35 -> 85.405931 | L35: =F35-(I35-AK35) -> 0 | M35: 4.19 | N35: 0 | O35: =0*1.05 -> 0 | P35: 0 | Q35: =963900/325851/1.9835*1.02 -> 1.521181 | R35: =IF(((2.2*1.04)-T35)>=4.2,4.2,(2.2*1.04)-T35) -> 1.64034 | S35: =IF(((2.2*1.04)-T35)>=4.2,((2.2*1.04)-T35)-4.2,0) -> 0 | T35: =(0.5875*1.06)*1.04 -> 0.64766 | U35: =M35-(Q35+R35+S35+T35) -> 0.38081901 | V35: 0 | W35: 0 | X35: =M35-N35-P35-O35-Q35-R35-S35-T35-U35+V35+W35 -> 0 | Y35: =X35-AO35 -> 0 | AC35: 79.24441 | AE35: 0 | AH35: 30.8 | AI35: =AI34-AH35 -> 3674.4579 | AK35: =N35+O35+P35+Q35+R35+S35+T35+U35+X35+AE35+AH35 -> 34.99 | AL35: =IF(L35<0,L35*-1,0) -> 0 | AM35: =AK35+AL35 -> 34.99 | AV35: 0.1 | AW35: 39 | AX35: 26 | AZ35: =SUM(N35,P35:U35) -> 4.19 | BA35: 0.487 | BB35: 18861
A36: =A35+1 -> 22 | B36: 6888.64 | C36: 243602 | D36: =C36-C35 -> 267 | E36: =C36-152000 -> 91602 | F36: =D36/$D$2 -> 134.61054 | G36: 168.74054 | H36: 0 | I36: =G36+H36 -> 168.74054 | J36: =IF(L36>0,L36,0) -> 0 | K36: =I36+J36 -> 168.74054 | L36: =F36-(I36-AK36) -> 0 | M36: 3.33 | N36: 0 | O36: =0*1.05 -> 0 | P36: 0 | Q36: =951000/325851/1.9835*1.02 -> 1.5008228 | R36: =IF(((1.9*1.04)-T36)>=4.2,4.2,(1.9*1.04)-T36) -> 1.32834 | S36: =IF(((1.9*1.04)-T36)>=4.2,((1.9*1.04)-T36)-4.2,0) -> 0 | T36: =(0.5875*1.06)*1.04 -> 0.64766 | U36: =M36-(Q36+R36+S36+T36) -> -0.14682282 | V36: 0 | W36: 0 | X36: =M36-N36-P36-O36-Q36-R36-S36-T36-U36+V36+W36 -> 0 | Y36: =X36-AO36 -> 0 | AC36: 162.91137 | AE36: 0 | AH36: 30.8 | AI36: =AI35-AH36 -> 3643.6579 | AK36: =N36+O36+P36+Q36+R36+S36+T36+U36+X36+AE36+AH36 -> 34.13 | AL36: =IF(L36<0,L36*-1,0) -> 0 | AM36: =AK36+AL36 -> 34.13 | AV36: 0.68 | AW36: 38 | AX36: 29 | AZ36: =SUM(N36,P36:U36) -> 3.33 | BA36: 0.487 | BB36: 18872
A37: =A36+1 -> 23 | B37: 6888.64 | C37: 243602 | D37: =C37-C36 -> 0 | E37: =C37-152000 -> 91602 | F37: =D37/$D$2 -> 0 | G37: 34.19 | H37: 0 | I37: =G37+H37 -> 34.19 | J37: =IF(L37>0,L37,0) -> 0 | K37: =I37+J37 -> 34.19 | L37: =F37-(I37-AK37) -> 0 | M37: 3.39 | N37: 0 | O37: =0*1.05 -> 0 | P37: 0 | Q37: =865500/325851/1.9835*1.02 -> 1.3658908 | R37: =IF(((1.9*1.04)-T37)>=4.2,4.2,(1.9*1.04)-T37) -> 1.32834 | S37: =IF(((1.9*1.04)-T37)>=4.2,((1.9*1.04)-T37)-4.2,0) -> 0 | T37: =(0.5875*1.06)*1.04 -> 0.64766 | U37: =M37-(Q37+R37+S37+T37) -> 0.048109196 | V37: 0 | W37: 0 | X37: =M37-N37-P37-O37-Q37-R37-S37-T37-U37+V37+W37 -> 0 | Y37: =X37-AO37 -> 0 | AC37: 28.495769 | AE37: 0 | AH37: 30.8 | AI37: =AI36-AH37 -> 3612.8579 | AK37: =N37+O37+P37+Q37+R37+S37+T37+U37+X37+AE37+AH37 -> 34.19 | AL37: =IF(L37<0,L37*-1,0) -> 0 | AM37: =AK37+AL37 -> 34.19 | AV37: 0.16964286 | AW37: 34 | AX37: 8 | AZ37: =SUM(N37,P37:U37) -> 3.39 | BA37: 0.487 | BB37: 18868
A38: =A37+1 -> 24 | B38: 6888.64 | C38: 243602 | D38: =C38-C37 -> 0 | E38: =C38-152000 -> 91602 | F38: =D38/$D$2 -> 0 | G38: 34.65 | H38: 0 | I38: =G38+H38 -> 34.65 | J38: =IF(L38>0,L38,0) -> 0 | K38: =I38+J38 -> 34.65 | L38: =F38-(I38-AK38) -> 0 | M38: 3.85 | N38: 0 | O38: =0*1.05 -> 0 | P38: 0 | Q38: =857200/325851/1.9835*1.02 -> 1.3527921 | R38: =IF(((2*1.04)-T38)>=4.2,4.2,(2*1.04)-T38) -> 1.43234 | S38: =IF(((2*1.04)-T38)>=4.2,((2*1.04)-T38)-4.2,0) -> 0 | T38: =(0.5875*1.06)*1.04 -> 0.64766 | U38: =M38-(Q38+R38+S38+T38) -> 0.41720786 | V38: 0 | W38: 0 | X38: =M38-N38-P38-O38-Q38-R38-S38-T38-U38+V38+W38 -> 0 | Y38: =X38-AO38 -> 0 | AC38: 28.864868 | AE38: 0 | AH38: 30.8 | AI38: =AI37-AH38 -> 3582.0579 | AK38: =N38+O38+P38+Q38+R38+S38+T38+U38+X38+AE38+AH38 -> 34.65 | AL38: =IF(L38<0,L38*-1,0) -> 0 | AM38: =AK38+AL38 -> 34.65 | AV38: 0.20357143 | AW38: 33 | AX38: 3 | AZ38: =SUM(N38,P38:U38) -> 3.85 | BA38: 0.487 | BB38: 18958
A39: =A38+1 -> 25 | B39: 6888.67 | C39: 243702 | D39: =C39-C38 -> 100 | E39: =C39-152000 -> 91702 | F39: =D39/$D$2 -> 50.415931 | G39: 85.075931 | H39: 0 | I39: =G39+H39 -> 85.075931 | J39: =IF(L39>0,L39,0) -> 0 | K39: =I39+J39 -> 85.075931 | L39: =F39-(I39-AK39) -> 0 | M39: 3.86 | N39: 0 | O39: =0*1.05 -> 0 | P39: 0 | Q39: =1029400/325851/1.9835*1.02 -> 1.62455 | R39: =IF(((1.8*1.04)-T39)>=4.2,4.2,(1.8*1.04)-T39) -> 1.2370176 | S39: =IF(((1.8*1.04)-T39)>=4.2,((1.8*1.04)-T39)-4.2,0) -> 0 | T39: =(0.576*1.06)*1.04 -> 0.6349824 | U39: =M39-(Q39+R39+S39+T39) -> 0.36345004 | V39: 0 | W39: 0 | X39: =M39-N39-P39-O39-Q39-R39-S39-T39-U39+V39+W39 -> 0 | Y39: =X39-AO39 -> 0 | AC39: 53.44 | AE39: 0 | AH39: 30.8 | AI39: =AI38-AH39 -> 3551.2579 | AK39: =N39+O39+P39+Q39+R39+S39+T39+U39+X39+AE39+AH39 -> 34.66 | AL39: =IF(L39<0,L39*-1,0) -> 0 | AM39: =AK39+AL39 -> 34.66 | AV39: 0.10178571 | AW39: 34 | AX39: 13 | AZ39: =SUM(N39,P39:U39) -> 3.86 | BA39: 0.487 | BB39: 18906
A40: =A39+1 -> 26 | B40: 6888.69 | C40: 243768 | D40: =C40-C39 -> 66 | E40: =C40-152000 -> 91768 | F40: =D40/$D$2 -> 33.274515 | G40: 67.284515 | H40: 0 | I40: =G40+H40 -> 67.284515 | J40: =IF(L40>0,L40,0) -> 0 | K40: =I40+J40 -> 67.284515 | L40: =F40-(I40-AK40) -> 0 | M40: 3.21 | N40: 0 | O40: =0*1.05 -> 0 | P40: 0 | Q40: =915600/325851/1.9835*1.02 -> 1.4449562 | R40: =IF(((1.8*1.04)-T40)>=4.2,4.2,(1.8*1.04)-T40) -> 1.2370176 | S40: =IF(((1.8*1.04)-T40)>=4.2,((1.8*1.04)-T40)-4.2,0) -> 0 | T40: =(0.576*1.06)*1.04 -> 0.6349824 | U40: =M40-(Q40+R40+S40+T40) -> -0.10695623 | V40: 0 | W40: 0 | X40: =M40-N40-P40-O40-Q40-R40-S40-T40-U40+V40+W40 -> 0 | Y40: =X40-AO40 -> 0 | AE40: 0 | AH40: 30.8 | AI40: =AI39-AH40 -> 3520.4579 | AK40: =N40+O40+P40+Q40+R40+S40+T40+U40+X40+AE40+AH40 -> 34.01 | AL40: =IF(L40<0,L40*-1,0) -> 0 | AM40: =AK40+AL40 -> 34.01 | AV40: 0 | AW40: 24 | AX40: 7 | AZ40: =SUM(N40,P40:U40) -> 3.21 | BA40: 0.487 | BB40: 18925
A41: =A40+1 -> 27 | B41: 6888.69 | C41: 243768 | D41: =C41-C40 -> 0 | E41: =C41-152000 -> 91768 | F41: =D41/$D$2 -> 0 | G41: 35.24 | H41: 0 | I41: =G41+H41 -> 35.24 | J41: =IF(L41>0,L41,0) -> 0 | K41: =I41+J41 -> 35.24 | L41: =F41-(I41-AK41) -> 0 | M41: 4.44 | N41: 0 | O41: =0*1.05 -> 0 | P41: 0 | Q41: =1128000/325851/1.9835*1.02 -> 1.7801558 | R41: =IF(((1.9*1.04)-T41)>=4.2,4.2,(1.9*1.04)-T41) -> 1.3410176 | S41: =IF(((1.9*1.04)-T41)>=4.2,((1.9*1.04)-T41)-4.2,0) -> 0 | T41: =(0.576*1.06)*1.04 -> 0.6349824 | U41: =M41-(Q41+R41+S41+T41) -> 0.68384422 | V41: 0 | W41: 0 | X41: =M41-N41-P41-O41-Q41-R41-S41-T41-U41+V41+W41 -> 0 | Y41: =X41-AO41 -> 0 | AE41: 0 | AH41: 30.8 | AI41: =AI40-AH41 -> 3489.6579 | AK41: =N41+O41+P41+Q41+R41+S41+T41+U41+X41+AE41+AH41 -> 35.24 | AL41: =IF(L41<0,L41*-1,0) -> 0 | AM41: =AK41+AL41 -> 35.24 | AV41: 0 | AW41: 27 | AX41: 2 | AZ41: =SUM(N41,P41:U41) -> 4.44 | BA41: 0.487 | BB41: 18904
A42: =A41+1 -> 28 | B42: 6888.69 | C42: 243768 | D42: =C42-C41 -> 0 | E42: =C42-152000 -> 91768 | F42: =D42/$D$2 -> 0 | G42: 34.24 | H42: 0 | I42: =G42+H42 -> 34.24 | J42: =IF(L42>0,L42,0) -> 0 | K42: =I42+J42 -> 34.24 | L42: =F42-(I42-AK42) -> 0 | M42: 3.44 | N42: 0 | O42: =0*1.05 -> 0 | P42: 0 | Q42: =1063000/325851/1.9835*1.02 -> 1.6775759 | R42: =IF(((1.8*1.04)-T42)>=4.2,4.2,(1.8*1.04)-T42) -> 1.2370176 | S42: =IF(((1.8*1.04)-T42)>=4.2,((1.8*1.04)-T42)-4.2,0) -> 0 | T42: =(0.576*1.06)*1.04 -> 0.6349824 | U42: =M42-(Q42+R42+S42+T42) -> -0.10957588 | V42: 0 | W42: 0 | X42: =M42-N42-P42-O42-Q42-R42-S42-T42-U42+V42+W42 -> 0 | Y42: =X42-AO42 -> 0 | AE42: 0 | AH42: 30.8 | AI42: =AI41-AH42 -> 3458.8579 | AK42: =N42+O42+P42+Q42+R42+S42+T42+U42+X42+AE42+AH42 -> 34.24 | AL42: =IF(L42<0,L42*-1,0) -> 0 | AM42: =AK42+AL42 -> 34.24 | AV42: 0 | AW42: 32 | AX42: 2 | AZ42: =SUM(N42,P42:U42) -> 3.44 | BA42: 0.487 | BB42: 19046
A43: =A42+1 -> 29 | B43: 6888.71 | C43: 243835 | D43: =C43-C42 -> 67 | E43: =C43-152000 -> 91835 | F43: =D43/$D$2 -> 33.778674 | G43: 68.768674 | H43: 0 | I43: =G43+H43 -> 68.768674 | J43: =IF(L43>0,L43,0) -> 0 | K43: =I43+J43 -> 68.768674 | L43: =F43-(I43-AK43) -> 0 | M43: 4.19 | N43: 0 | O43: =0*1.05 -> 0 | P43: 0 | Q43: =1100600/325851/1.9835*1.02 -> 1.7369144 | R43: =IF(((1.9*1.04)-T43)>=4.2,4.2,(1.9*1.04)-T43) -> 1.3410176 | S43: =IF(((1.9*1.04)-T43)>=4.2,((1.9*1.04)-T43)-4.2,0) -> 0 | T43: =(0.576*1.06)*1.04 -> 0.6349824 | U43: =M43-(Q43+R43+S43+T43) -> 0.47708559 | V43: 0 | W43: 0 | X43: =M43-N43-P43-O43-Q43-R43-S43-T43-U43+V43+W43 -> 0 | Y43: =X43-AO43 -> 0 | AE43: 0 | AH43: 30.8 | AI43: =AI42-AH43 -> 3428.0579 | AK43: =N43+O43+P43+Q43+R43+S43+T43+U43+X43+AE43+AH43 -> 34.99 | AL43: =IF(L43<0,L43*-1,0) -> 0 | AM43: =AK43+AL43 -> 34.99 | AV43: 0.02 | AW43: 34 | AX43: 2 | AZ43: =SUM(N43,P43:U43) -> 4.19 | BA43: 0.487 | BB43: 19083
A44: 30 | B44: 6888.73 | C44: 243902 | D44: =C44-C43 -> 67 | E44: =C44-152000 -> 91902 | F44: =D44/$D$2 -> 33.778674 | G44: 68.228674 | H44: 0 | I44: =G44+H44 -> 68.228674 | J44: =IF(L44>0,L44,0) -> 0 | K44: =I44+J44 -> 68.228674 | L44: =F44-(I44-AK44) -> 0 | M44: 3.65 | N44: 0 | O44: =0*1.05 -> 0 | P44: 0 | Q44: =1029800/325851/1.9835*1.02 -> 1.6251812 | R44: =IF(((2*1.04)-T44)>=4.2,4.2,(2*1.04)-T44) -> 1.4450176 | S44: =IF(((2*1.04)-T44)>=4.2,((2*1.04)-T44)-4.2,0) -> 0 | T44: =(0.576*1.06)*1.04 -> 0.6349824 | U44: =M44-(Q44+R44+S44+T44) -> -0.055181224 | V44: 0 | W44: 0 | X44: =M44-N44-P44-O44-Q44-R44-S44-T44-U44+V44+W44 -> 0 | Y44: =X44-AO44 -> 0 | AE44: 0 | AH44: 30.8 | AI44: =AI43-AH44 -> 3397.2579 | AK44: =N44+O44+P44+Q44+R44+S44+T44+U44+X44+AE44+AH44 -> 34.45 | AL44: =IF(L44<0,L44*-1,0) -> 0 | AM44: =AK44+AL44 -> 34.45 | AV44: 0.01 | AW44: 34 | AX44: 9 | AZ44: =SUM(N44,P44:U44) -> 3.65 | BA44: 0.487 | BB44: 19114
A45: 31 | B45: 6888.76 | C45: 244002 | D45: =C45-C44 -> 100 | E45: =C45-152000 -> 92002 | F45: =D45/$D$2 -> 50.415931 | G45: 85.905931 | H45: 0 | I45: =G45+H45 -> 85.905931 | J45: =IF(L45>0,L45,0) -> 0 | K45: =I45+J45 -> 85.905931 | L45: =F45-(I45-AK45) -> 0 | M45: 4.69 | N45: 0 | O45: =0*1.05 -> 0 | P45: 0 | Q45: =1017000/325851/1.9835*1.02 -> 1.6049809 | R45: =IF(((2.4*1.04)-T44)>=4.2,4.2,(2.4*1.04)-T44) -> 1.8610176 | S45: =IF(((2.4*1.04)-T44)>=4.2,((2.4*1.04)-T44)-4.2,0) -> 0 | T45: =(0.576*1.06)*1.04 -> 0.6349824 | U45: =M45-(Q45+R45+S45+T45) -> 0.58901912 | V45: 0 | W45: 0 | X45: =M45-N45-P45-O45-Q45-R45-S45-T45-U45+V45+W45 -> 0 | Y45: =X45-AO45 -> 0 | AE45: 0 | AH45: 30.8 | AI45: =AI44-AH45 -> 3366.4579 | AK45: =N45+O45+P45+Q45+R45+S45+T45+U45+X45+AE45+AH45 -> 35.49 | AL45: =IF(L45<0,L45*-1,0) -> 0 | AM45: =AK45+AL45 -> 35.49 | AV45: 0 | AW45: 32 | AX45: 7 | AZ45: =SUM(N45,P45:U45) -> 4.69 | BA45: 0.487 | BB45: 19010
X46: =M46-N46-O46-Q46-R46-S46+V46+W46 -> 0 | Y46: =N46-O46-P46-R46-S46-U46+W46+X46 -> 0 | AK46: =N46+O46+Q46+R46+S46+X46+AE46+AH46 -> 0
A47: MONTH / CFS | F47: =SUM(F15:F45) -> 823.29216 | G47: =SUM(G15:G45) -> 1891.9532 | H47: =SUM(H15:H45) -> 1.359 | I47: =SUM(I15:I45) -> 1893.3122 | J47: =SUM(J15:J45) -> 0 | K47: =SUM(K15:K45) -> 1893.3122 | L47: =SUM(L15:L45) -> 0 | M47: =SUM(M15:M45) -> 122 | N47: =SUM(N15:N45) -> 0 | O47: =SUM(O15:O45)-SUM(O28:O33) -> 0 | Q47: =SUM(Q15:Q45) -> 48.499145 | R47: =SUM(R15:R45) -> 48.8465 | S47: =SUM(S15:S45) -> 0 | T47: =SUM(T15:T45) -> 18.9615 | U47: =SUM(U15:U45) -> 5.6928552 | V47: =SUM(V15:V45) -> 1.12 | W47: =SUM(W15:W45) -> 0 | X47: =SUM(X15:X45) -> -20.1866 | Y47: =SUM(Y15:Y45) -> -20.1866 | AC47: =SUM(AC15:AC45) -> 1251.6262 | AH47: =SUM(AH15:AH45) -> 946.9 | AJ47: =SUM(AJ15:AJ45) -> 0 | AK47: =SUM(AK15:AK45) -> 1070.02 | AL47: =SUM(AL15:AL45) -> 0 | AM47: =SUM(AM15:AM45) -> 1070.02 | AN47: =SUM(AN15:AN45) -> 0 | AO47: =SUM(AO15:AO45) -> 0 | AV47: =SUM(AV15:AV45) -> 2.4 | AW47: =AVERAGE(AW15:AW45) -> 41.258065 | AX47: =AVERAGE(AX15:AX45) -> 16.387097 | AY47: Avg | AZ47: =SUM(AZ15:AZ45) -> 122 | BA47: =SUM(BA15:BA45) -> 14.442
A48: MONTH / AF | D48: =SUM(D15:D45) -> 1633 | F48: =F47*$D$2 -> 1633 | G48: =G47*$D$2 -> 3752.6891 | H48: =H47*$D$2 -> 2.6955765 | I48: =I47*$D$2 -> 3755.3847 | J48: =J47*$D$2 -> 0 | K48: =K47*$D$2 -> 3755.3847 | L48: =L47*$D$2 -> 0 | M48: =M47*$D$2 -> 241.987 | ... O48: =O47*$D$2 -> 0 | Q48: =Q47*$D$2 -> 96.198054 | R48: =R47*$D$2 -> 96.887032 | S48: =S47*$D$2 -> 0 | T48: =T47*$D$2 -> 37.610136 | U48: =U47*$D$2 -> 11.291778 | V48: =V47*$D$2 -> 2.22152 | W48: =W47*$D$2 -> 0 | X48: =X47*$D$2 -> -40.040121 | Y48: =Y47*$D$2 -> -40.040121 | AC48: =AC47*$D$2 -> 2482.6005 | AH48: =AH47*$D$2 -> 1878.1762 | AJ48: =AJ47*$D$2 -> 0 | AK48: =AK47*$D$2 -> 2122.3847 | AL48: =AL47*$D$2 -> 0 | AM48: =AM47*$D$2 -> 2122.3847 | AN48: =AN47*$D$2 -> 0 | AO48: =AO47*$D$2 -> 0 | AW48: =MAX(AW15:AW45) -> 60 | AX48: =MAX(AX15:AX45) -> 31 | AY48: HI | AZ48: =AZ47*$D$2 -> 241.987 | BA48: =BA47*D2 -> 28.645707
A50: SEASON / CFS | AW50: =MIN(AW15:AW45) -> 22 | AX50: =MIN(AX15:AX45) -> 2 | AY50: LO
A51: SEASON / AF
A53: YTD / CFS | F53: =F13+F47 -> 420.46887 | G53: =G13+G47 -> 4155.7079 | H53: =H13+H47 -> 1.359 | I53: =I13+I47 -> 4157.0669 | J53: =J13+J47 -> 242.31133 | K53: =K13+K47 -> 4399.3782 | L53: =L13+L47 -> -45.681001 | M53: =M13+M47 -> 226.55 | N53: =N13+N47 -> 0 | O53: 0 | Q53: =Q13+Q47 -> 94.307382 | R53: =R13+R47 -> 95.67459 | S53: =S13+S47 -> 0 | T53: =T13+T47 -> 35.15741 | U53: =U13+U47 -> 1.4106179 | V53: =V13+V47 -> 1612.52 | W53: =W13+W47 -> 0.047 | X53: =X13+X47 -> 1588.7929 | Y53: =Y13+Y47 -> 1588.7929 | AC53: =AC13+AC47 -> 1714.0766 | AH53: =AH13+AH47 -> 1851.8 | AI53: =AI45 -> 3366.4579 | AJ53: =AJ14+AJ47 -> 0 | AK53: =AK13+AK47 -> 3690.917 | AL53: =AL13+AL47 -> 287.99233 | AM53: =AM13+AM47 -> 3978.9093 | AN53: =AN13+AN47 -> 1611.4 | AO53: =AO13+AO47 -> 0 | AV53: =AV13+AV47 -> 4.435 | AZ53: =AZ13+AZ47 -> 226.55 | BA53: =BA47+BA13 -> 19.63
A54: YTD / AF | D54: =D13+D48 -> 834 | E54: =E45 -> 92002 | F54: =F53*$D$2 -> 834 | G54: =G53*$D$2 -> 8242.8466 | H54: =H53*$D$2 -> 2.6955765 | I54: =I53*$D$2 -> 8245.5421 | J54: =J53*$D$2 -> 480.62451 | K54: =K53*$D$2 -> 8726.1666 | L54: =L53*$D$2 -> -90.608265 | M54: =M53*$D$2 -> 449.36192 | ... O54: =O53*$D$2 -> 0 | Q54: =Q53*$D$2 -> 187.05869 | R54: =R53*$D$2 -> 189.77055 | S54: =S53*$D$2 -> 0 | T54: =T53*$D$2 -> 69.734723 | U54: =U53*$D$2 -> 2.7979605 | V54: =V53*$D$2 -> 3198.4334 | W54: =W53*$D$2 -> 0.0932245 | X54: =X53*$D$2 -> 3151.3707 | Y54: =Y53*$D$2 -> 3151.3707 | AC54: =AC53*$D$2 -> 3399.8709 | AH54: =AH53*$D$2 -> 3673.0453 | AI54: =AI53*$D$2 -> 6677.3692 | AJ54: =AJ53*$D$2 -> 0 | AK54: =AK53*$D$2 -> 7320.9339 | AL54: =AL53*$D$2 -> 571.23278 | AM54: =AM53*$D$2 -> 7892.1667 | AN54: =AN53*$D$2 -> 3196.2119 | AO54: =AO53*$D$2 -> 0 | AZ54: =AZ53*$D$2 -> 449.36192 | BA54: =BA53*D2 -> 38.936105

Sheet JAN
K1: MCPHEE RESERVOIR INFLOW/OUTFLOW TABULATION
A2: AF/cfs CONVERT FACTOR | D2: 1.9835 | K2: JANUARY "2016"
D4: RESERVOIR | I4: INFLOW | X4: OUTFLOW | AP4: ADJUSTMENTS | AW4: WEATHER
A5: DATE | B5: RESERV | C5: RESERV | D5: AC FT | E5: ACTIVE | F5: CONV TO | G5: DOLORES | H5: LOST | I5: RECORD | J5: CALC | K5: TOTAL | L5: CALC | M5: DOLORES TUNNEL | V5: LONE | W5: U | X5: TOTAL | Y5: TOTAL | Z5: MVI | AA5: MVI | AB5: MVI | AC5: TO EX & | AD5: MVI | AE5: DV CR | AF5: D/S SENIOR | AH5: BELOW | AI5: FISH | AJ5: SPILL | AK5: RECORD | AL5: CALC | AM5: TOTAL | AN5: NAR | AO5: MVI | AP5: MVI | AQ5: MVI | AR5: DIST. | AS5: U/S | AT5: TOTTEN | AU5: UF&R | AV5: RAIN | AW5: MAX | AX5: MIN | AZ5: TOTAL | BA5: GRNDHOG | BB5: GRNDHOG
A6: JAN | B6: ELEV | D6: CHANGE | E6: CAP | F6: CFS | G6: RIVER | H6: CAN | I6: INFLOW | J6: INFLOW | K6: INFLOW | L6: INF/OTF | M6: TOT DIV | N6: WET | O6: UTE | P6: QUEST | Q6: MWC | R6: CORTEZ | T6: UTE | U6: F-BAY | V6: PINE | W6: LAT | X6: MVI | Y6: MVI | Z6: CALL | AA6: CALL | AB6: APR- | AC6: U/S EX | AD6: PROJ | AE6: CANAL | AF6: MVIC | AG6: PROJ | AH6: MCP | AI6: LEFT | AK6: OTF | AL6: OTF | AM6: OTF | AN6: FILL | AO6: STOCK | AP6: STORED | AQ6: STORED | AR6: CLASS | AS6: USERS | AT6: (FRESH | AU6: LEASE | AW6: TMP | AX6: TMP | AZ6: TUNNEL | BA6: DISCHARGE | BB6: CAPACITY
N7: LAND | O7: F&R | Q7: NON - | R7: NON - | S7: PROJ | T7: PROJ | U7: BAL | X7: WATER | Y7: IRRIG. | Z7: STOR | AA7: SPILLED | AB7: JUNE | AF7: 1.7 | AG7: 1.3 | AP7: Apr - Jun | AQ7: EVAP | AR7: "B" | AS7: EXCH | AT7: WATER) | AU7: WATER | AZ7: Misc.
Q8: PROJ | R8: PROJ | X8: USED | Y8: WATER | AA8: OR | AB8: (DIV+
R9: 4.2 | Y9: USED | AA9: USED | AB9: CALL) | BB9: FP = 3960
C10: AC. Ft. | E10: AC FT | G10: CFS | H10: CFS | I10: CFS | J10: CFS | K10: CFS | L10: CFS | M10: CFS | N10: CFS | O10: CFS | P10: CFS | Q10: CFS | R10: CFS | S10: CFS | T10: CFS | U10: CFS | V10: CFS | W10: CFS | X10: 153400 | Y10: 150400 | AB10: 72000 | AC10: CFS | AD10: CFS | AE10: CFS | AF10: CFS | AG10: CFS | AH10: CFS | AI10: CFS | AJ10: CFS | AK10: CFS | AL10: CFS | AM10: CFS | AN10: CFS | AO10: CFS | AP10: CFS | AQ10: AC.FT. | AR10: CFS | AS10: CFS | AT10: CFS | AU10: CFS | AZ10: Outflow | BA10: CFS | BB10: AC FT
N11: 1.03 | O11: 1.05 | P11: 1.02 | Q11: 1.02 | R11: 1.04 | T11: 1.04 | X11: CFS | Y11: CFS | Z11: CFS | AA11: CFS | AB11: Ac. Ft. | AZ11: CFS
A12: SEASON BAL
A13: YTD | B13: =DEC!B45 -> 6888.76 | C13: =DEC!C45 -> 244002 | D13: =DEC!D54 -> 834 | E13: =DEC!E54 -> 92002 | F13: =DEC!F53 -> 420.46887 | G13: =DEC!G53 -> 4155.7079 | H13: =DEC!H53 -> 1.359 | I13: =DEC!I53 -> 4157.0669 | J13: =DEC!J53 -> 242.31133 | K13: =DEC!K53 -> 4399.3782 | L13: =DEC!L53 -> -45.681001 | M13: =DEC!M53 -> 226.55 | ... Y13: =DEC!Y53 -> 1588.7929 | AC13: =DEC!AC53 -> 1714.0766 | AH13: =DEC!AH53 -> 1851.8 | AI13: =DEC!AI53 -> 3366.4579 | AK13: =DEC!AK53 -> 3690.917 | AL13: =DEC!AL53 -> 287.99233 | AM13: =DEC!AM53 -> 3978.9093 | AN13: =DEC!AN53 -> 1611.4 | AO13: =DEC!AO53 -> 0 | AV13: =DEC!AV53 -> 4.435 | AZ13: =DEC!AZ53 -> 226.55 | BA13: =DEC!BA53 -> 19.63
A15: 1 | B15: 6888.78 | C15: 244068 | D15: =C15-C13 -> 66 | E15: =C15-152000 -> 92068 | F15: =D15/$D$2 -> 33.274515 | G15: 67.764515 | H15: 0 | I15: =G15+H15 -> 67.764515 | J15: =IF(L15>0,L15,0) -> 0 | K15: =I15+J15 -> 67.764515 | L15: =F15-(I15-AK15) -> 0 | M15: 3.69 | N15: 0 | O15: =0*1.05 -> 0 | P15: 0 | Q15: =995600/325851/1.9835*1.02 -> 1.5712084 | R15: =IF(((2.5*1.04)-T15)>=4.2,4.2,(2.5*1.04)-T15) -> 2.0140744 | S15: =IF(((2.5*1.04)-T15)>=4.2,((2.5*1.04)-T15)-4.2,0) -> 0 | T15: =(0.5315*1.06)*1.04 -> 0.5859256 | U15: =M15-(Q15+R15+S15+T15) -> -0.48120842 | V15: 0 | W15: 0 | X15: =M15-N15-P15-O15-Q15-R15-S15-T15-U15+V15+W15 -> 0 | Y15: =X15-AO15 -> 0 | AE15: 0 | AH15: 30.8 | AI15: =AI13-AH15 -> 3335.6579 | AK15: =N15+O15+P15+Q15+R15+S15+T15+U15+X15+AE15+AH15 -> 34.49 | AL15: =IF(L15<0,L15*-1,0) -> 0 | AM15: =AK15+AL15 -> 34.49 | AV15: 0 | AW15: 40 | AX15: 7 | AZ15: =SUM(N15,P15:U15) -> 3.69 | BA15: 0.487 | BB15: 19009
A16: =A15+1 -> 2 | B16: 6888.78 | C16: 244068 | D16: =C16-C15 -> 0 | E16: =C16-152000 -> 92068 | F16: =D16/$D$2 -> 0 | G16: 35.13 | H16: 0 | I16: =G16+H16 -> 35.13 | J16: =IF(L16>0,L16,0) -> 0 | K16: =I16+J16 -> 35.13 | L16: =F16-(I16-AK16) -> 0 | M16: 4.33 | N16: 0 | O16: =0*1.05 -> 0 | P16: 0 | Q16: =982800/325851/1.9835*1.02 -> 1.5510081 | R16: =IF(((2.5*1.04)-T16)>=4.2,4.2,(2.5*1.04)-T16) -> 2.0140744 | S16: =IF(((2.5*1.04)-T16)>=4.2,((2.5*1.04)-T16)-4.2,0) -> 0 | T16: =(0.5315*1.06)*1.04 -> 0.5859256 | U16: =M16-(Q16+R16+S16+T16) -> 0.17899193 | V16: 0 | W16: 0 | X16: =M16-N16-P16-O16-Q16-R16-S16-T16-U16+V16+W16 -> 0 | Y16: =X16-AO16 -> 0 | AE16: 0 | AH16: 30.8 | AI16: =AI15-AH16 -> 3304.8579 | AK16: =N16+O16+P16+Q16+R16+S16+T16+U16+X16+AE16+AH16 -> 35.13 | AL16: =IF(L16<0,L16*-1,0) -> 0 | AM16: =AK16+AL16 -> 35.13 | AV16: 0 | AW16: 39 | AX16: 12 | AZ16: =SUM(N16,P16:U16) -> 4.33 | BA16: 0.487 | BB16: 18947
A17: =A16+1 -> 3 | B17: 6888.85 | C17: 244301 | D17: =C17-C16 -> 233 | E17: =C17-152000 -> 92301 | F17: =D17/$D$2 -> 117.46912 | G17: 152.02912 | H17: 0 | I17: =G17+H17 -> 152.02912 | J17: =IF(L17>0,L17,0) -> 0 | K17: =I17+J17 -> 152.02912 | L17: =F17-(I17-AK17) -> 0 | M17: 3.76 | N17: 0 | O17: =0*1.05 -> 0 | P17: 0 | Q17: =1080000/325851/1.9835*1.02 -> 1.7044045 | R17: =IF(((2.5*1.04)-T17)>=4.2,4.2,(2.5*1.04)-T17) -> 2.0140744 | S17: =IF(((2.5*1.04)-T17)>=4.2,((2.5*1.04)-T17)-4.2,0) -> 0 | T17: =(0.5315*1.06)*1.04 -> 0.5859256 | U17: =M17-(Q17+R17+S17+T17) -> -0.54440447 | V17: 0 | W17: 0 | X17: =M17-N17-P17-O17-Q17-R17-S17-T17-U17+V17+W17 -> 0 | Y17: =X17-AO17 -> 0 | AE17: 0 | AH17: 30.8 | AI17: =AI16-AH17 -> 3274.0579 | AK17: =N17+O17+P17+Q17+R17+S17+T17+U17+X17+AE17+AH17 -> 34.56 | AL17: =IF(L17<0,L17*-1,0) -> 0 | AM17: =AK17+AL17 -> 34.56 | AV17: 0 | AW17: 51 | AX17: 13 | AZ17: =SUM(N17,P17:U17) -> 3.76 | BA17: 0.487 | BB17: 18975
A18: =A17+1 -> 4 | B18: 6888.85 | C18: 244301 | D18: =C18-C17 -> 0 | E18: =C18-152000 -> 92301 | F18: =D18/$D$2 -> 0 | G18: 35.34 | H18: 0 | I18: =G18+H18 -> 35.34 | J18: =IF(L18>0,L18,0) -> 0 | K18: =I18+J18 -> 35.34 | L18: =F18-(I18-AK18) -> 0 | M18: 4.54 | N18: 0 | O18: =0*1.05 -> 0 | P18: 0 | Q18: =1082300/325851/1.9835*1.02 -> 1.7080342 | R18: =IF(((2.4*1.04)-T18)>=4.2,4.2,(2.4*1.04)-T18) -> 1.9100744 | S18: =IF(((2.4*1.04)-T18)>=4.2,((2.4*1.04)-T18)-4.2,0) -> 0 | T18: =(0.5315*1.06)*1.04 -> 0.5859256 | U18: =M18-(Q18+R18+S18+T18) -> 0.33596578 | V18: 0 | W18: 0 | X18: =M18-N18-P18-O18-Q18-R18-S18-T18-U18+V18+W18 -> 0 | Y18: =X18-AO18 -> 0 | AE18: 0 | AH18: 30.8 | AI18: =AI17-AH18 -> 3243.2579 | AK18: =N18+O18+P18+Q18+R18+S18+T18+U18+X18+AE18+AH18 -> 35.34 | AL18: =IF(L18<0,L18*-1,0) -> 0 | AM18: =AK18+AL18 -> 35.34 | AV18: 0.17 | AW18: 49 | AX18: 20 | AZ18: =SUM(N18,P18:U18) -> 4.54 | BA18: 0.487 | BB18: 18972
A19: =A18+1 -> 5 | B19: 6888.9 | C19: 244468 | D19: =C19-C18 -> 167 | E19: =C19-152000 -> 92468 | F19: =D19/$D$2 -> 84.194605 | G19: 118.93461 | H19: 0 | I19: =G19+H19 -> 118.93461 | J19: =IF(L19>0,L19,0) -> 0 | K19: =I19+J19 -> 118.93461 | L19: =F19-(I19-AK19) -> 0 | M19: 3.94 | N19: 0 | O19: =0*1.05 -> 0 | P19: 0 | Q19: =1034500/325851/1.9835*1.02 -> 1.6325985 | R19: =IF(((2.5*1.04)-T19)>=4.2,4.2,(2.5*1.04)-T19) -> 2.0140744 | S19: =IF(((2.5*1.04)-T19)>=4.2,((2.5*1.04)-T19)-4.2,0) -> 0 | T19: =(0.5315*1.06)*1.04 -> 0.5859256 | U19: =M19-(Q19+R19+S19+T19) -> -0.29259854 | V19: 0 | W19: 0 | X19: =M19-N19-P19-O19-Q19-R19-S19-T19-U19+V19+W19 -> 0 | Y19: =X19-AO19 -> 0 | AE19: 0 | AH19: 30.8 | AI19: =AI18-AH19 -> 3212.4579 | AK19: =N19+O19+P19+Q19+R19+S19+T19+U19+X19+AE19+AH19 -> 34.74 | AL19: =IF(L19<0,L19*-1,0) -> 0 | AM19: =AK19+AL19 -> 34.74 | AV19: 0.06 | AW19: 40 | AX19: 28 | AZ19: =SUM(N19,P19:U19) -> 3.94 | BA19: 0.487 | BB19: 18979
A20: =A19+1 -> 6 | B20: 6888.96 | C20: 244668 | D20: =C20-C19 -> 200 | E20: =C20-152000 -> 92668 | F20: =D20/$D$2 -> 100.83186 | G20: 135.20186 | H20: 0 | I20: =G20+H20 -> 135.20186 | J20: =IF(L20>0,L20,0) -> 0 | K20: =I20+J20 -> 135.20186 | L20: =F20-(I20-AK20) -> 0 | M20: 3.57 | N20: 0 | O20: =0*1.05 -> 0 | P20: 0 | Q20: =897100/325851/1.9835*1.02 -> 1.4157604 | R20: =IF(((2.5*1.04)-T20)>=4.2,4.2,(2.5*1.04)-T20) -> 2.0140744 | S20: =IF(((2.5*1.04)-T20)>=4.2,((2.5*1.04)-T20)-4.2,0) -> 0 | T20: =(0.5315*1.06)*1.04 -> 0.5859256 | U20: =M20-(Q20+R20+S20+T20) -> -0.44576042 | V20: 0 | W20: 0 | X20: =M20-N20-P20-O20-Q20-R20-S20-T20-U20+V20+W20 -> 0 | Y20: =X20-AO20 -> 0 | AE20: 0 | AH20: 30.8 | AI20: =AI19-AH20 -> 3181.6579 | AK20: =N20+O20+P20+Q20+R20+S20+T20+U20+X20+AE20+AH20 -> 34.37 | AL20: =IF(L20<0,L20*-1,0) -> 0 | AM20: =AK20+AL20 -> 34.37 | AV20: 0.12 | AW20: 39 | AX20: 29 | AZ20: =SUM(N20,P20:U20) -> 3.57 | BA20: 0.487 | BB20: 18991
A21: =A20+1 -> 7 | B21: 6889.01 | C21: 244835 | D21: =C21-C20 -> 167 | E21: =C21-152000 -> 92835 | F21: =D21/$D$2 -> 84.194605 | G21: 118.83461 | H21: 0 | I21: =G21+H21 -> 118.83461 | J21: =IF(L21>0,L21,0) -> 0 | K21: =I21+J21 -> 118.83461 | L21: =F21-(I21-AK21) -> 0 | M21: 4.24 | N21: 0 | O21: =0*1.05 -> 0 | P21: 0 | Q21: =1090500/325851/1.9835*1.02 -> 1.7209751 | R21: =IF(((2.6*1.04)-T21)>=4.2,4.2,(2.6*1.04)-T21) -> 2.1180744 | S21: =IF(((2.6*1.04)-T21)>=4.2,((2.6*1.04)-T21)-4.2,0) -> 0 | T21: =(0.5315*1.06)*1.04 -> 0.5859256 | U21: =M21-(Q21+R21+S21+T21) -> -0.18497507 | V21: 0 | W21: 0 | X21: =M21-N21-P21-O21-Q21-R21-S21-T21-U21+V21+W21 -> 0 | Y21: =X21-AO21 -> 0 | AE21: 0 | AH21: 30.4 | AI21: =AI20-AH21 -> 3151.2579 | AK21: =N21+O21+P21+Q21+R21+S21+T21+U21+X21+AE21+AH21 -> 34.64 | AL21: =IF(L21<0,L21*-1,0) -> 0 | AM21: =AK21+AL21 -> 34.64 | AV21: 0.24 | AW21: 42 | AX21: 24 | AZ21: =SUM(N21,P21:U21) -> 4.24 | BA21: 0.487 | BB21: 19026
A22: =A21+1 -> 8 | B22: 6889.04 | C22: 244936 | D22: =C22-C21 -> 101 | E22: =C22-152000 -> 92936 | F22: =D22/$D$2 -> 50.920091 | G22: 84.410091 | H22: 0 | I22: =G22+H22 -> 84.410091 | J22: =IF(L22>0,L22,0) -> 0 | K22: =I22+J22 -> 84.410091 | L22: =F22-(I22-AK22) -> 0 | M22: 3.39 | N22: 0 | O22: =0*1.05 -> 0 | P22: 0 | Q22: =734100/325851/1.9835*1.02 -> 1.1585216 | R22: =IF(((2.2*1.04)-T22)>=4.2,4.2,(2.2*1.04)-T22) -> 1.7297446 | S22: =IF(((2.2*1.04)-T22)>=4.2,((2.2*1.04)-T22)-4.2,0) -> 0 | T22: =(0.5064*1.06)*1.04 -> 0.55825536 | U22: =M22-(Q22+R22+S22+T22) -> -0.056521593 | V22: 0 | W22: 0 | X22: =M22-N22-P22-O22-Q22-R22-S22-T22-U22+V22+W22 -> 0 | Y22: =X22-AO22 -> 0 | AE22: 0 | AH22: 30.1 | AI22: =AI21-AH22 -> 3121.1579 | AK22: =N22+O22+P22+Q22+R22+S22+T22+U22+X22+AE22+AH22 -> 33.49 | AL22: =IF(L22<0,L22*-1,0) -> 0 | AM22: =AK22+AL22 -> 33.49 | AV22: 0.43 | AW22: 42 | AX22: 13 | AZ22: =SUM(N22,P22:U22) -> 3.39 | BA22: 0.487 | BB22: 19039
A23: =A22+1 -> 9 | B23: 6889.04 | C23: 244936 | D23: =C23-C22 -> 0 | E23: =C23-152000 -> 92936 | F23: =D23/$D$2 -> 0 | G23: 33.49 | H23: 0 | I23: =G23+H23 -> 33.49 | J23: =IF(L23>0,L23,0) -> 0 | K23: =I23+J23 -> 33.49 | L23: =F23-(I23-AK23) -> 0 | M23: 3.39 | N23: 0 | O23: =0*1.05 -> 0 | P23: 0 | Q23: =991900/325851/1.9835*1.02 -> 1.5653693 | R23: =IF(((2.3*1.04)-T23)>=4.2,4.2,(2.3*1.04)-T23) -> 1.8337446 | S23: =IF(((2.3*1.04)-T23)>=4.2,((2.3*1.04)-T23)-4.2,0) -> 0 | T23: =(0.5064*1.06)*1.04 -> 0.55825536 | U23: =M23-(Q23+R23+S23+T23) -> -0.56736925 | V23: 0 | W23: 0 | X23: =M23-N23-P23-O23-Q23-R23-S23-T23-U23+V23+W23 -> 0 | Y23: =X23-AO23 -> 0 | AE23: 0 | AH23: 30.1 | AI23: =AI22-AH23 -> 3091.0579 | AK23: =N23+O23+P23+Q23+R23+S23+T23+U23+X23+AE23+AH23 -> 33.49 | AL23: =IF(L23<0,L23*-1,0) -> 0 | AM23: =AK23+AL23 -> 33.49 | AV23: 0 | AW23: 43 | AX23: 6 | AZ23: =SUM(N23,P23:U23) -> 3.39 | BA23: 0.487 | BB23: 19034
A24: =A23+1 -> 10 | B24: 6889.05 | C24: 244970 | D24: =C24-C23 -> 34 | E24: =C24-152000 -> 92970 | F24: =D24/$D$2 -> 17.141417 | G24: 51.581417 | H24: 0 | I24: =G24+H24 -> 51.581417 | J24: =IF(L24>0,L24,0) -> 0 | K24: =I24+J24 -> 51.581417 | L24: =F24-(I24-AK24) -> 0 | M24: 4.34 | N24: 0 | O24: =0*1.05 -> 0 | P24: 0 | Q24: =1073200/325851/1.9835*1.02 -> 1.693673 | R24: =IF(((2.2*1.04)-T24)>=4.2,4.2,(2.2*1.04)-T24) -> 1.7297446 | S24: =IF(((2.2*1.04)-T24)>=4.2,((2.2*1.04)-T24)-4.2,0) -> 0 | T24: =(0.5064*1.06)*1.04 -> 0.55825536 | U24: =M24-(Q24+R24+S24+T24) -> 0.35832697 | V24: 0 | W24: 0 | X24: =M24-N24-P24-O24-Q24-R24-S24-T24-U24+V24+W24 -> 0 | Y24: =X24-AO24 -> 0 | AE24: 0 | AH24: 30.1 | AI24: =AI23-AH24 -> 3060.9579 | AK24: =N24+O24+P24+Q24+R24+S24+T24+U24+X24+AE24+AH24 -> 34.44 | AL24: =IF(L24<0,L24*-1,0) -> 0 | AM24: =AK24+AL24 -> 34.44 | AV24: 0 | AW24: 35 | AX24: 3 | AZ24: =SUM(N24,P24:U24) -> 4.34 | BA24: 0.487 | BB24: 19040
A25: =A24+1 -> 11 | B25: 6889.06 | C25: 245003 | D25: =C25-C24 -> 33 | E25: =C25-152000 -> 93003 | F25: =D25/$D$2 -> 16.637257 | G25: 50.107257 | H25: 0 | I25: =G25+H25 -> 50.107257 | J25: =IF(L25>0,L25,0) -> 0 | K25: =I25+J25 -> 50.107257 | L25: =F25-(I25-AK25) -> 0 | M25: 3.37 | N25: 0 | O25: =0*1.05 -> 0 | P25: 0 | Q25: =1001800/325851/1.9835*1.02 -> 1.580993 | R25: =IF(((2.2*1.04)-T25)>=4.2,4.2,(2.2*1.04)-T25) -> 1.7297446 | S25: =IF(((2.2*1.04)-T25)>=4.2,((2.2*1.04)-T25)-4.2,0) -> 0 | T25: =(0.5064*1.06)*1.04 -> 0.55825536 | U25: =M25-(Q25+R25+S25+T25) -> -0.49899296 | V25: 0 | W25: 0 | X25: =M25-N25-P25-O25-Q25-R25-S25-T25-U25+V25+W25 -> 0 | Y25: =X25-AO25 -> 0 | AE25: 0 | AH25: 30.1 | AI25: =AI24-AH25 -> 3030.8579 | AK25: =N25+O25+P25+Q25+R25+S25+T25+U25+X25+AE25+AH25 -> 33.47 | AL25: =IF(L25<0,L25*-1,0) -> 0 | AM25: =AK25+AL25 -> 33.47 | AV25: 0 | AW25: 29 | AX25: -6 | AZ25: =SUM(N25,P25:U25) -> 3.37 | BA25: 0.487 | BB25: 19038
A26: =A25+1 -> 12 | B26: 6889.08 | C26: 245071 | D26: =C26-C25 -> 68 | E26: =C26-152000 -> 93071 | F26: =D26/$D$2 -> 34.282833 | G26: 68.352833 | H26: 0 | I26: =G26+H26 -> 68.352833 | J26: =IF(L26>0,L26,0) -> 0 | K26: =I26+J26 -> 68.352833 | L26: =F26-(I26-AK26) -> 0 | M26: 3.97 | N26: 0 | O26: =0*1.05 -> 0 | P26: 0 | Q26: =912200/325851/1.9835*1.02 -> 1.4395905 | R26: =IF(((2*1.04)-T26)>=4.2,4.2,(2*1.04)-T26) -> 1.5217446 | S26: =IF(((2*1.04)-T26)>=4.2,((2*1.04)-T26)-4.2,0) -> 0 | T26: =(0.5064*1.06)*1.04 -> 0.55825536 | U26: =M26-(Q26+R26+S26+T26) -> 0.45040948 | V26: 0 | W26: 0 | X26: =M26-N26-P26-O26-Q26-R26-S26-T26-U26+V26+W26 -> 0 | Y26: =X26-AO26 -> 0 | AE26: 0 | AH26: 30.1 | AI26: =AI25-AH26 -> 3000.7579 | AK26: =N26+O26+P26+Q26+R26+S26+T26+U26+X26+AE26+AH26 -> 34.07 | AL26: =IF(L26<0,L26*-1,0) -> 0 | AM26: =AK26+AL26 -> 34.07 | AV26: 0.02 | AW26: 31 | AX26: 1 | AZ26: =SUM(N26,P26:U26) -> 3.97 | BA26: 0.487 | BB26: 19025
A27: =A26+1 -> 13 | B27: 6889.08 | C27: 245071 | D27: =C27-C26 -> 0 | E27: =C27-152000 -> 93071 | F27: =D27/$D$2 -> 0 | G27: 33.89 | H27: 0 | I27: =G27+H27 -> 33.89 | J27: =IF(L27>0,L27,0) -> 0 | K27: =I27+J27 -> 33.89 | L27: =F27-(I27-AK27) -> 0 | M27: 3.39 | N27: 0 | O27: =0*1.05 -> 0 | P27: 0 | Q27: =961400/325851/1.9835*1.02 -> 1.5172356 | R27: =IF(((2.1*1.04)-T27)>=4.2,4.2,(2.1*1.04)-T27) -> 1.6257446 | S27: =IF(((2.1*1.04)-T27)>=4.2,((2.1*1.04)-T27)-4.2,0) -> 0 | T27: =(0.5064*1.06)*1.04 -> 0.55825536 | U27: =M27-(Q27+R27+S27+T27) -> -0.31123561 | V27: 0 | W27: 0 | X27: =M27-N27-P27-O27-Q27-R27-S27-T27-U27+V27+W27 -> 0 | Y27: =X27-AO27 -> 0 | AE27: 0 | AH27: 30.5 | AI27: =AI26-AH27 -> 2970.2579 | AK27: =N27+O27+P27+Q27+R27+S27+T27+U27+X27+AE27+AH27 -> 33.89 | AL27: =IF(L27<0,L27*-1,0) -> 0 | AM27: =AK27+AL27 -> 33.89 | AV27: 0 | AW27: 35 | AX27: 1 | AZ27: =SUM(N27,P27:U27) -> 3.39 | BA27: 0.487 | BB27: 19038
A28: =A27+1 -> 14 | B28: 6889.09 | C28: 245104 | D28: =C28-C27 -> 33 | E28: =C28-152000 -> 93104 | F28: =D28/$D$2 -> 16.637257 | G28: 50.237257 | H28: 0 | I28: =G28+H28 -> 50.237257 | J28: =IF(L28>0,L28,0) -> 0 | K28: =I28+J28 -> 50.237257 | L28: =F28-(I28-AK28) -> 0 | M28: 3.5 | N28: 0 | O28: =0*1.05 -> 0 | P28: 0 | Q28: =973200/325851/1.9835*1.02 -> 1.5358578 | R28: =IF(((2.2*1.04)-T28)>=4.2,4.2,(2.2*1.04)-T28) -> 1.7297446 | S28: =IF(((2.2*1.04)-T28)>=4.2,((2.2*1.04)-T28)-4.2,0) -> 0 | T28: =(0.5064*1.06)*1.04 -> 0.55825536 | U28: =M28-(Q28+R28+S28+T28) -> -0.3238578 | V28: 0 | W28: 0 | X28: =M28-N28-P28-O28-Q28-R28-S28-T28-U28+V28+W28 -> 0 | Y28: =X28-AO28 -> 0 | AE28: 0 | AH28: 30.1 | AI28: =AI27-AH28 -> 2940.1579 | AK28: =N28+O28+P28+Q28+R28+S28+T28+U28+X28+AE28+AH28 -> 33.6 | AL28: =IF(L28<0,L28*-1,0) -> 0 | AM28: =AK28+AL28 -> 33.6 | AV28: 0 | AW28: 33 | AX28: 9 | AZ28: =SUM(N28,P28:U28) -> 3.5 | BA28: 0.487 | BB28: 19060
A29: =A28+1 -> 15 | B29: 6889.09 | C29: 245104 | D29: =C29-C28 -> 0 | E29: =C29-152000 -> 93104 | F29: =D29/$D$2 -> 0 | G29: 34.06 | H29: 0 | I29: =G29+H29 -> 34.06 | J29: =IF(L29>0,L29,0) -> 0 | K29: =I29+J29 -> 34.06 | L29: =F29-(I29-AK29) -> 0 | M29: 3.96 | N29: 0 | O29: =0*1.05 -> 0 | P29: 0 | Q29: =949100/325851/1.9835*1.02 -> 1.4978243 | R29: =IF(((2.2*1.04)-T29)>=4.2,4.2,(2.2*1.04)-T29) -> 1.7850851 | S29: =IF(((2.2*1.04)-T29)>=4.2,((2.2*1.04)-T29)-4.2,0) -> 0 | T29: =(0.4562*1.06)*1.04 -> 0.50291488 | U29: =M29-(Q29+R29+S29+T29) -> 0.17417567 | V29: 0 | W29: 0 | X29: =M29-N29-P29-O29-Q29-R29-S29-T29-U29+V29+W29 -> 0 | Y29: =X29-AO29 -> 0 | AE29: 0 | AH29: 30.1 | AI29: =AI28-AH29 -> 2910.0579 | AK29: =N29+O29+P29+Q29+R29+S29+T29+U29+X29+AE29+AH29 -> 34.06 | AL29: =IF(L29<0,L29*-1,0) -> 0 | AM29: =AK29+AL29 -> 34.06 | AV29: 0.01 | AW29: 31 | AX29: 10 | AZ29: =SUM(N29,P29:U29) -> 3.96 | BA29: 0.487 | BB29: 19065
A30: =A29+1 -> 16 | B30: 6889.16 | C30: 245340 | D30: =C30-C29 -> 236 | E30: =C30-152000 -> 93340 | F30: =D30/$D$2 -> 118.9816 | G30: 152.5016 | H30: 0 | I30: =G30+H30 -> 152.5016 | J30: =IF(L30>0,L30,0) -> 0 | K30: =I30+J30 -> 152.5016 | L30: =F30-(I30-AK30) -> 0 | M30: 3.42 | N30: 0 | O30: =0*1.05 -> 0 | P30: 0 | Q30: =1267200/325851/1.9835*1.02 -> 1.9998346 | R30: =IF(((2.1*1.04)-T30)>=4.2,4.2,(2.1*1.04)-T30) -> 1.6810851 | S30: =IF(((2.1*1.04)-T30)>=4.2,((2.1*1.04)-T30)-4.2,0) -> 0 | T30: =(0.4562*1.06)*1.04 -> 0.50291488 | U30: =M30-(Q30+R30+S30+T30) -> -0.76383458 | V30: 0 | W30: 0 | X30: =M30-N30-P30-O30-Q30-R30-S30-T30-U30+V30+W30 -> 0 | Y30: =X30-AO30 -> 0 | AE30: 0 | AH30: 30.1 | AI30: =AI29-AH30 -> 2879.9579 | AK30: =N30+O30+P30+Q30+R30+S30+T30+U30+X30+AE30+AH30 -> 33.52 | AL30: =IF(L30<0,L30*-1,0) -> 0 | AM30: =AK30+AL30 -> 33.52 | AV30: 0 | AW30: 33 | AX30: 3 | AZ30: =SUM(N30,P30:U30) -> 3.42 | BA30: 0.487 | BB30: 19062
A31: =A30+1 -> 17 | B31: 6889.16 | C31: 245340 | D31: =C31-C30 -> 0 | E31: =C31-152000 -> 93340 | F31: =D31/$D$2 -> 0 | G31: 34.06 | H31: 0 | I31: =G31+H31 -> 34.06 | J31: =IF(L31>0,L31,0) -> 0 | K31: =I31+J31 -> 34.06 | L31: =F31-(I31-AK31) -> 0 | M31: 3.96 | N31: 0 | O31: =0*1.05 -> 0 | P31: 0 | Q31: =733900/325851/1.9835*1.02 -> 1.158206 | R31: =IF(((2.2*1.04)-T31)>=4.2,4.2,(2.2*1.04)-T31) -> 1.7850851 | S31: =IF(((2.2*1.04)-T31)>=4.2,((2.2*1.04)-T31)-4.2,0) -> 0 | T31: =(0.4562*1.06)*1.04 -> 0.50291488 | U31: =M31-(Q31+R31+S31+T31) -> 0.51379404 | V31: 0 | W31: 0 | X31: =M31-N31-P31-O31-Q31-R31-S31-T31-U31+V31+W31 -> 0 | Y31: =X31-AO31 -> 0 | AE31: 0 | AH31: 30.1 | AI31: =AI30-AH31 -> 2849.8579 | AK31: =N31+O31+P31+Q31+R31+S31+T31+U31+X31+AE31+AH31 -> 34.06 | AL31: =IF(L31<0,L31*-1,0) -> 0 | AM31: =AK31+AL31 -> 34.06 | AV31: 0 | AW31: 40 | AX31: 14 | AZ31: =SUM(N31,P31:U31) -> 3.96 | BA31: 0.487 | BB31: 19065
A32: =A31+1 -> 18 | B32: 6889.2 | C32: 245475 | D32: =C32-C31 -> 135 | E32: =C32-152000 -> 93475 | F32: =D32/$D$2 -> 68.061507 | G32: 101.67151 | H32: 0 | I32: =G32+H32 -> 101.67151 | J32: =IF(L32>0,L32,0) -> 0 | K32: =I32+J32 -> 101.67151 | L32: =F32-(I32-AK32) -> 0 | M32: 3.61 | N32: 0 | O32: =0*1.05 -> 0 | P32: 0 | Q32: =1078400/325851/1.9835*1.02 -> 1.7018794 | R32: =IF(((2*1.04)-T32)>=4.2,4.2,(2*1.04)-T32) -> 1.5770851 | S32: =IF(((2*1.04)-T32)>=4.2,((2*1.04)-T32)-4.2,0) -> 0 | T32: =(0.4562*1.06)*1.04 -> 0.50291488 | U32: =M32-(Q32+R32+S32+T32) -> -0.17187943 | V32: 0 | W32: 0 | X32: =M32-N32-P32-O32-Q32-R32-S32-T32-U32+V32+W32 -> 0 | Y32: =X32-AO32 -> 0 | AE32: 0 | AH32: 30 | AI32: =AI31-AH32 -> 2819.8579 | AK32: =N32+O32+P32+Q32+R32+S32+T32+U32+X32+AE32+AH32 -> 33.61 | AL32: =IF(L32<0,L32*-1,0) -> 0 | AM32: =AK32+AL32 -> 33.61 | AV32: 0 | AW32: 44 | AX32: 12 | AZ32: =SUM(N32,P32:U32) -> 3.61 | BA32: 0.487 | BB32: 19060
A33: =A32+1 -> 19 | B33: 6889.23 | C33: 245576 | D33: =C33-C32 -> 101 | E33: =C33-152000 -> 93576 | F33: =D33/$D$2 -> 50.920091 | G33: 84.770091 | H33: 0 | I33: =G33+H33 -> 84.770091 | J33: =IF(L33>0,L33,0) -> 0 | K33: =I33+J33 -> 84.770091 | L33: =F33-(I33-AK33) -> 0 | M33: 3.75 | N33: 0 | O33: =0*1.05 -> 0 | P33: 0 | Q33: =972100/325851/1.9835*1.02 -> 1.5341218 | R33: =IF(((2*1.04)-T33)>=4.2,4.2,(2*1.04)-T33) -> 1.5770851 | S33: =IF(((2*1.04)-T33)>=4.2,((2*1.04)-T33)-4.2,0) -> 0 | T33: =(0.4562*1.06)*1.04 -> 0.50291488 | U33: =M33-(Q33+R33+S33+T33) -> 0.13587816 | V33: 0 | W33: 0 | X33: =M33-N33-P33-O33-Q33-R33-S33-T33-U33+V33+W33 -> 0 | Y33: =X33-AO33 -> 0 | AE33: 0 | AH33: 30.1 | AI33: =AI32-AH33 -> 2789.7579 | AK33: =N33+O33+P33+Q33+R33+S33+T33+U33+X33+AE33+AH33 -> 33.85 | AL33: =IF(L33<0,L33*-1,0) -> 0 | AM33: =AK33+AL33 -> 33.85 | AV33: 0.01 | AW33: 41 | AX33: 24 | AZ33: =SUM(N33,P33:U33) -> 3.75 | BA33: 0.487 | BB33: 19066
A34: =A33+1 -> 20 | B34: 6889.27 | C34: 245710 | D34: =C34-C33 -> 134 | E34: =C34-152000 -> 93710 | F34: =D34/$D$2 -> 67.557348 | G34: 100.73735 | H34: 0 | I34: =G34+H34 -> 100.73735 | J34: =IF(L34>0,L34,0) -> 0 | K34: =I34+J34 -> 100.73735 | L34: =F34-(I34-AK34) -> 0 | M34: 3.08 | N34: 0 | O34: =0*1.05 -> 0 | P34: 0 | Q34: =921300/325851/1.9835*1.02 -> 1.4539517 | R34: =IF(((2.1*1.04)-T34)>=4.2,4.2,(2.1*1.04)-T34) -> 1.6810851 | S34: =IF(((2.1*1.04)-T34)>=4.2,((2.1*1.04)-T34)-4.2,0) -> 0 | T34: =(0.4562*1.06)*1.04 -> 0.50291488 | U34: =M34-(Q34+R34+S34+T34) -> -0.5579517 | V34: 0 | W34: 0 | X34: =M34-N34-P34-O34-Q34-R34-S34-T34-U34+V34+W34 -> 0 | Y34: =X34-AO34 -> 0 | AE34: 0 | AH34: 30.1 | AI34: =AI33-AH34 -> 2759.6579 | AK34: =N34+O34+P34+Q34+R34+S34+T34+U34+X34+AE34+AH34 -> 33.18 | AL34: =IF(L34<0,L34*-1,0) -> 0 | AM34: =AK34+AL34 -> 33.18 | AV34: 0.2 | AW34: 37 | AX34: 22 | AZ34: =SUM(N34,P34:U34) -> 3.08 | BA34: 0.487 | BB34: 19082
A35: =A34+1 -> 21 | B35: 6889.28 | C35: 245744 | D35: =C35-C34 -> 34 | E35: =C35-152000 -> 93744 | F35: =D35/$D$2 -> 17.141417 | G35: 51.311417 | H35: 0 | I35: =G35+H35 -> 51.311417 | J35: =IF(L35>0,L35,0) -> 0 | K35: =I35+J35 -> 51.311417 | L35: =F35-(I35-AK35) -> 0 | M35: 4.07 | N35: 0 | O35: =0*1.05 -> 0 | P35: 0 | Q35: =948800/325851/1.9835*1.02 -> 1.4973509 | R35: =IF(((1.8*1.04)-T35)>=4.2,4.2,(1.8*1.04)-T35) -> 1.3690851 | S35: =IF(((1.8*1.04)-T35)>=4.2,((1.8*1.04)-T35)-4.2,0) -> 0 | T35: =(0.4562*1.06)*1.04 -> 0.50291488 | U35: =M35-(Q35+R35+S35+T35) -> 0.70064911 | V35: 0 | W35: 0 | X35: =M35-N35-P35-O35-Q35-R35-S35-T35-U35+V35+W35 -> 0 | Y35: =X35-AO35 -> 0 | AE35: 0 | AH35: 30.1 | AI35: =AI34-AH35 -> 2729.5579 | AK35: =N35+O35+P35+Q35+R35+S35+T35+U35+X35+AE35+AH35 -> 34.17 | AL35: =IF(L35<0,L35*-1,0) -> 0 | AM35: =AK35+AL35 -> 34.17 | AV35: 0 | AW35: 36 | AX35: 6 | AZ35: =SUM(N35,P35:U35) -> 4.07 | BA35: 0.487 | BB35: 19089
A36: =A35+1 -> 22 | B36: 6889.28 | C36: 245744 | D36: =C36-C35 -> 0 | E36: =C36-152000 -> 93744 | F36: =D36/$D$2 -> 0 | G36: 33.15 | H36: 0 | I36: =G36+H36 -> 33.15 | J36: =IF(L36>0,L36,0) -> 0 | K36: =I36+J36 -> 33.15 | L36: =F36-(I36-AK36) -> 0 | M36: 3.05 | N36: 0 | O36: =0*1.05 -> 0 | P36: 0 | Q36: =1115200/325851/1.9835*1.02 -> 1.7599554 | R36: =IF(((2.1*1.04)-T36)>=4.2,4.2,(2.1*1.04)-T36) -> 1.684723 | S36: =IF(((2.1*1.04)-T36)>=4.2,((2.1*1.04)-T36)-4.2,0) -> 0 | T36: =(0.4529*1.06)*1.04 -> 0.49927696 | U36: =M36-(Q36+R36+S36+T36) -> -0.89395543 | V36: 0 | W36: 0 | X36: =M36-N36-P36-O36-Q36-R36-S36-T36-U36+V36+W36 -> 0 | Y36: =X36-AO36 -> 0 | AE36: 0 | AH36: 30.1 | AI36: =AI35-AH36 -> 2699.4579 | AK36: =N36+O36+P36+Q36+R36+S36+T36+U36+X36+AE36+AH36 -> 33.15 | AL36: =IF(L36<0,L36*-1,0) -> 0 | AM36: =AK36+AL36 -> 33.15 | AV36: 0 | AW36: 42 | AX36: 10 | AZ36: =SUM(N36,P36:U36) -> 3.05 | BA36: 0.487 | BB36: 19095
A37: =A36+1 -> 23 | B37: 6889.33 | C37: 245912 | D37: =C37-C36 -> 168 | E37: =C37-152000 -> 93912 | F37: =D37/$D$2 -> 84.698765 | G37: 119.13876 | H37: 0 | I37: =G37+H37 -> 119.13876 | J37: =IF(L37>0,L37,0) -> 0 | K37: =I37+J37 -> 119.13876 | L37: =F37-(I37-AK37) -> 0 | M37: 4.34 | N37: 0 | O37: =0*1.05 -> 0 | P37: 0 | Q37: =1150800/325851/1.9835*1.02 -> 1.8161377 | R37: =IF(((1.9*1.04)-T37)>=4.2,4.2,(1.9*1.04)-T37) -> 1.476723 | S37: =IF(((1.9*1.04)-T37)>=4.2,((1.9*1.04)-T37)-4.2,0) -> 0 | T37: =(0.4529*1.06)*1.04 -> 0.49927696 | U37: =M37-(Q37+R37+S37+T37) -> 0.54786235 | V37: 0 | W37: 0 | X37: =M37-N37-P37-O37-Q37-R37-S37-T37-U37+V37+W37 -> 0 | Y37: =X37-AO37 -> 0 | AE37: 0 | AH37: 30.1 | AI37: =AI36-AH37 -> 2669.3579 | AK37: =N37+O37+P37+Q37+R37+S37+T37+U37+X37+AE37+AH37 -> 34.44 | AL37: =IF(L37<0,L37*-1,0) -> 0 | AM37: =AK37+AL37 -> 34.44 | AV37: 0 | AW37: 54 | AX37: 14 | AZ37: =SUM(N37,P37:U37) -> 4.34 | BA37: 0.487 | BB37: 19121
A38: =A37+1 -> 24 | B38: 6889.36 | C38: 246013 | D38: =C38-C37 -> 101 | E38: =C38-152000 -> 94013 | F38: =D38/$D$2 -> 50.920091 | G38: 84.280091 | H38: 0 | I38: =G38+H38 -> 84.280091 | J38: =IF(L38>0,L38,0) -> 0 | K38: =I38+J38 -> 84.280091 | L38: =F38-(I38-AK38) -> 0 | M38: 3.26 | N38: 0 | O38: =0*1.05 -> 0 | P38: 0 | Q38: =1173700/325851/1.9835*1.02 -> 1.8522773 | R38: =IF(((2*1.04)-T38)>=4.2,4.2,(2*1.04)-T38) -> 1.580723 | S38: =IF(((2*1.04)-T38)>=4.2,((2*1.04)-T38)-4.2,0) -> 0 | T38: =(0.4529*1.06)*1.04 -> 0.49927696 | U38: =M38-(Q38+R38+S38+T38) -> -0.67227734 | V38: 0 | W38: 0 | X38: =M38-N38-P38-O38-Q38-R38-S38-T38-U38+V38+W38 -> 0 | Y38: =X38-AO38 -> 0 | AE38: 0 | AH38: 30.1 | AI38: =AI37-AH38 -> 2639.2579 | AK38: =N38+O38+P38+Q38+R38+S38+T38+U38+X38+AE38+AH38 -> 33.36 | AL38: =IF(L38<0,L38*-1,0) -> 0 | AM38: =AK38+AL38 -> 33.36 | AV38: 0.26 | AW38: 39 | AX38: 14 | AZ38: =SUM(N38,P38:U38) -> 3.26 | BA38: 0.487 | BB38: 19090
A39: =A38+1 -> 25 | B39: 6889.39 | C39: 246114 | D39: =C39-C38 -> 101 | E39: =C39-152000 -> 94114 | F39: =D39/$D$2 -> 50.920091 | G39: 85.350091 | H39: 0 | I39: =G39+H39 -> 85.350091 | J39: =IF(L39>0,L39,0) -> 0 | K39: =I39+J39 -> 85.350091 | L39: =F39-(I39-AK39) -> 0 | M39: 4.43 | N39: 0 | O39: =0*1.05 -> 0 | P39: 0 | Q39: =1148200/325851/1.9835*1.02 -> 1.8120345 | R39: =IF(((2*1.04)-T39)>=4.2,4.2,(2*1.04)-T39) -> 1.580723 | S39: =IF(((2*1.04)-T39)>=4.2,((2*1.04)-T39)-4.2,0) -> 0 | T39: =(0.4529*1.06)*1.04 -> 0.49927696 | U39: =M39-(Q39+R39+S39+T39) -> 0.53796554 | V39: 0 | W39: 0 | X39: =M39-N39-P39-O39-Q39-R39-S39-T39-U39+V39+W39 -> 0 | Y39: =X39-AO39 -> 0 | AE39: 0 | AH39: 30 | AI39: =AI38-AH39 -> 2609.2579 | AK39: =N39+O39+P39+Q39+R39+S39+T39+U39+X39+AE39+AH39 -> 34.43 | AL39: =IF(L39<0,L39*-1,0) -> 0 | AM39: =AK39+AL39 -> 34.43 | AV39: 0 | AW39: 36 | AX39: 5 | AZ39: =SUM(N39,P39:U39) -> 4.43 | BA39: 0.487 | BB39: 19098
A40: =A39+1 -> 26 | B40: 6889.39 | C40: 246114 | D40: =C40-C39 -> 0 | E40: =C40-152000 -> 94114 | F40: =D40/$D$2 -> 0 | G40: 33.2 | H40: 0 | I40: =G40+H40 -> 33.2 | J40: =IF(L40>0,L40,0) -> 0 | K40: =I40+J40 -> 33.2 | L40: =F40-(I40-AK40) -> 0 | M40: 3.2 | N40: 0 | O40: =0*1.05 -> 0 | P40: 0 | Q40: =912800/325851/1.9835*1.02 -> 1.4405374 | R40: =IF(((2*1.04)-T40)>=4.2,4.2,(2*1.04)-T40) -> 1.580723 | S40: =IF(((2*1.04)-T40)>=4.2,((2*1.04)-T40)-4.2,0) -> 0 | T40: =(0.4529*1.06)*1.04 -> 0.49927696 | U40: =M40-(Q40+R40+S40+T40) -> -0.32053741 | V40: 0 | W40: 0 | X40: =M40-N40-P40-O40-Q40-R40-S40-T40-U40+V40+W40 -> 0 | Y40: =X40-AO40 -> 0 | AE40: 0 | AH40: 30 | AI40: =AI39-AH40 -> 2579.2579 | AK40: =N40+O40+P40+Q40+R40+S40+T40+U40+X40+AE40+AH40 -> 33.2 | AL40: =IF(L40<0,L40*-1,0) -> 0 | AM40: =AK40+AL40 -> 33.2 | AV40: 0 | AW40: 37 | AX40: 2 | AZ40: =SUM(N40,P40:U40) -> 3.2 | BA40: 0.487 | BB40: 19125
A41: =A40+1 -> 27 | B41: 6889.41 | C41: 246182 | D41: =C41-C40 -> 68 | E41: =C41-152000 -> 94182 | F41: =D41/$D$2 -> 34.282833 | G41: 67.672833 | H41: 0 | I41: =G41+H41 -> 67.672833 | J41: =IF(L41>0,L41,0) -> 0 | K41: =I41+J41 -> 67.672833 | L41: =F41-(I41-AK41) -> 0 | M41: 3.29 | N41: 0 | O41: =0*1.05 -> 0 | P41: 0 | Q41: =976600/325851/1.9835*1.02 -> 1.5412235 | R41: =IF(((2*1.04)-T41)>=4.2,4.2,(2*1.04)-T41) -> 1.580723 | S41: =IF(((2*1.04)-T41)>=4.2,((2*1.04)-T41)-4.2,0) -> 0 | T41: =(0.4529*1.06)*1.04 -> 0.49927696 | U41: =M41-(Q41+R41+S41+T41) -> -0.33122352 | V41: 0 | W41: 0 | X41: =M41-N41-P41-O41-Q41-R41-S41-T41-U41+V41+W41 -> 0 | Y41: =X41-AO41 -> 0 | AE41: 0 | AH41: 30.1 | AI41: =AI40-AH41 -> 2549.1579 | AK41: =N41+O41+P41+Q41+R41+S41+T41+U41+X41+AE41+AH41 -> 33.39 | AL41: =IF(L41<0,L41*-1,0) -> 0 | AM41: =AK41+AL41 -> 33.39 | AV41: 0 | AW41: 40 | AX41: 7 | AZ41: =SUM(N41,P41:U41) -> 3.29 | BA41: 0.487 | BB41: 19137
A42: =A41+1 -> 28 | B42: 6889.44 | C42: 246283 | D42: =C42-C41 -> 101 | E42: =C42-152000 -> 94283 | F42: =D42/$D$2 -> 50.920091 | G42: 84.210091 | H42: 0 | I42: =G42+H42 -> 84.210091 | J42: =IF(L42>0,L42,0) -> 0 | K42: =I42+J42 -> 84.210091 | L42: =F42-(I42-AK42) -> 0 | M42: 3.19 | N42: 0 | O42: =0*1.05 -> 0 | P42: 0 | Q42: =1008300/325851/1.9835*1.02 -> 1.591251 | R42: =IF(((2*1.04)-T42)>=4.2,4.2,(2*1.04)-T42) -> 1.580723 | S42: =IF(((2*1.04)-T42)>=4.2,((2*1.04)-T42)-4.2,0) -> 0 | T42: =(0.4529*1.06)*1.04 -> 0.49927696 | U42: =M42-(Q42+R42+S42+T42) -> -0.48125095 | V42: 0 | W42: 0 | X42: =M42-N42-P42-O42-Q42-R42-S42-T42-U42+V42+W42 -> 0 | Y42: =X42-AO42 -> 0 | AE42: 0 | AH42: 30.1 | AI42: =AI41-AH42 -> 2519.0579 | AK42: =N42+O42+P42+Q42+R42+S42+T42+U42+X42+AE42+AH42 -> 33.29 | AL42: =IF(L42<0,L42*-1,0) -> 0 | AM42: =AK42+AL42 -> 33.29 | AV42: 0 | AW42: 43 | AX42: 9 | AZ42: =SUM(N42,P42:U42) -> 3.19 | BA42: 0.487 | BB42: 19125
A43: =A42+1 -> 29 | B43: 6889.44 | C43: 246283 | D43: =C43-C42 -> 0 | E43: =C43-152000 -> 94283 | F43: =D43/$D$2 -> 0 | G43: 33.64 | H43: 0 | I43: =G43+H43 -> 33.64 | J43: =IF(L43>0,L43,0) -> 0 | K43: =I43+J43 -> 33.64 | L43: =F43-(I43-AK43) -> 0 | M43: 3.54 | N43: 0 | O43: =0*1.05 -> 0 | P43: 0 | Q43: =960800/325851/1.9835*1.02 -> 1.5162887 | R43: =IF(((2*1.04)-T43)>=4.2,4.2,(2*1.04)-T43) -> 1.5010195 | S43: =IF(((2*1.04)-T43)>=4.2,((2*1.04)-T43)-4.2,0) -> 0 | T43: =(0.5252*1.06)*1.04 -> 0.57898048 | U43: =M43-(Q43+R43+S43+T43) -> -0.056288717 | V43: 0 | W43: 0 | X43: =M43-N43-P43-O43-Q43-R43-S43-T43-U43+V43+W43 -> 0 | Y43: =X43-AO43 -> 0 | AE43: 0 | AH43: 30.1 | AI43: =AI42-AH43 -> 2488.9579 | AK43: =N43+O43+P43+Q43+R43+S43+T43+U43+X43+AE43+AH43 -> 33.64 | AL43: =IF(L43<0,L43*-1,0) -> 0 | AM43: =AK43+AL43 -> 33.64 | AV43: 0 | AW43: 46 | AX43: 20 | AZ43: =SUM(N43,P43:U43) -> 3.54 | BA43: 0.487 | BB43: 19132
A44: 30 | B44: 6889.49 | C44: 246451 | D44: =C44-C43 -> 168 | E44: =C44-152000 -> 94451 | F44: =D44/$D$2 -> 84.698765 | G44: 118.51876 | H44: 0 | I44: =G44+H44 -> 118.51876 | J44: =IF(L44>0,L44,0) -> 0 | K44: =I44+J44 -> 118.51876 | L44: =F44-(I44-AK44) -> 0 | M44: 3.72 | N44: 0 | O44: =0*1.05 -> 0 | P44: 0 | Q44: =958900/325851/1.9835*1.02 -> 1.5132902 | R44: =IF(((2*1.04)-T44)>=4.2,4.2,(2*1.04)-T44) -> 1.5010195 | S44: =IF(((2*1.04)-T44)>=4.2,((2*1.04)-T44)-4.2,0) -> 0 | T44: =(0.5252*1.06)*1.04 -> 0.57898048 | U44: =M44-(Q44+R44+S44+T44) -> 0.12670977 | V44: 0 | W44: 0 | X44: =M44-N44-P44-O44-Q44-R44-S44-T44-U44+V44+W44 -> 0 | Y44: =X44-AO44 -> 0 | AE44: 0 | AH44: 30.1 | AI44: =AI43-AH44 -> 2458.8579 | AK44: =N44+O44+P44+Q44+R44+S44+T44+U44+X44+AE44+AH44 -> 33.82 | AL44: =IF(L44<0,L44*-1,0) -> 0 | AM44: =AK44+AL44 -> 33.82 | AV44: 0 | AW44: 50 | AX44: 26 | AZ44: =SUM(N44,P44:U44) -> 3.72 | BA44: 0.531 | BB44: 19131
A45: 31 | B45: 6889.54 | C45: 246619 | D45: =C45-C44 -> 168 | E45: =C45-152000 -> 94619 | F45: =D45/$D$2 -> 84.698765 | G45: 117.50876 | H45: 0 | I45: =G45+H45 -> 117.50876 | J45: =IF(L45>0,L45,0) -> 0 | K45: =I45+J45 -> 117.50876 | L45: =F45-(I45-AK45) -> 0 | M45: 2.71 | N45: 0 | O45: =0*1.05 -> 0 | P45: 0 | Q45: =1047200/325851/1.9835*1.02 -> 1.6526411 | R45: =IF(((2*1.04)-T44)>=4.2,4.2,(2*1.04)-T44) -> 1.5010195 | S45: =IF(((2*1.04)-T44)>=4.2,((2*1.04)-T44)-4.2,0) -> 0 | T45: =(0.5252*1.06)*1.04 -> 0.57898048 | U45: =M45-(Q45+R45+S45+T45) -> -1.0226411 | V45: 0 | W45: 0 | X45: =M45-N45-P45-O45-Q45-R45-S45-T45-U45+V45+W45 -> 0 | Y45: =X45-AO45 -> 0 | AE45: 0 | AH45: 30.1 | AI45: =AI44-AH45 -> 2428.7579 | AK45: =N45+O45+P45+Q45+R45+S45+T45+U45+X45+AE45+AH45 -> 32.81 | AL45: =IF(L45<0,L45*-1,0) -> 0 | AM45: =AK45+AL45 -> 32.81 | AV45: 0.6 | AW45: 43 | AX45: 28 | AZ45: =SUM(N45,P45:U45) -> 2.71 | BA45: 0.813 | BB45: 19160
X46: =M46-N46-O46-Q46-R46-S46+V46+W46 -> 0 | Y46: =N46-O46-P46-R46-S46-U46+W46+X46 -> 0 | AK46: =N46+O46+Q46+R46+S46+X46+AE46+AH46 -> 0
A47: MONTH / CFS | F47: =SUM(F15:F45) -> 1319.3849 | G47: =SUM(G15:G45) -> 2371.0849 | H47: =SUM(H15:H45) -> 0 | I47: =SUM(I15:I45) -> 2371.0849 | J47: =SUM(J15:J45) -> 0 | K47: =SUM(K15:K45) -> 2371.0849 | L47: =SUM(L15:L45) -> 0 | M47: =SUM(M15:M45) -> 114 | ... O47: =SUM(O15:O45) -> 0 | Q47: =SUM(Q15:Q45) -> 49.134035 | R47: =SUM(R15:R45) -> 53.022449 | S47: =SUM(S15:S45) -> 0 | T47: =SUM(T15:T45) -> 16.761551 | U47: =SUM(U15:U45) -> -4.9180355 | V47: =SUM(V15:V45) -> 0 | W47: =SUM(W15:W45) -> 0 | X47: =SUM(X15:X45) -> 0 | Y47: =SUM(Y15:Y45) -> 0 | AC47: =SUM(AC15:AC45) -> 0 | AH47: =SUM(AH15:AH45) -> 937.7 | AJ47: =SUM(AJ15:AJ45) -> 0 | AK47: =SUM(AK15:AK45) -> 1051.7 | AL47: =SUM(AL15:AL45) -> 0 | AM47: =SUM(AM15:AM45) -> 1051.7 | AN47: =SUM(AN15:AN45) -> 0 | AO47: =SUM(AO15:AO45) -> 0 | AV47: =SUM(AV15:AV45) -> 2.12 | AW47: =AVERAGE(AW15:AW45) -> 40 | AX47: =AVERAGE(AX15:AX45) -> 12.451613 | AY47: Avg | AZ47: =SUM(AZ15:AZ45) -> 114 | BA47: =SUM(BA15:BA45) -> 15.467
A48: MONTH / AF | D48: =SUM(D15:D45) -> 2617 | F48: =F47*$D$2 -> 2617 | G48: =G47*$D$2 -> 4703.0469 | H48: =H47*$D$2 -> 0 | I48: =I47*$D$2 -> 4703.0469 | J48: =J47*$D$2 -> 0 | K48: =K47*$D$2 -> 4703.0469 | L48: =L47*$D$2 -> 0 | M48: =M47*$D$2 -> 226.119 | ... O48: =O47*$D$2 -> 0 | Q48: =Q47*$D$2 -> 97.457359 | R48: =R47*$D$2 -> 105.17003 | S48: =S47*$D$2 -> 0 | T48: =T47*$D$2 -> 33.246536 | U48: =U47*$D$2 -> -9.7549233 | V48: =V47*$D$2 -> 0 | W48: =W47*$D$2 -> 0 | X48: =X47*$D$2 -> 0 | Y48: =Y47*$D$2 -> 0 | AC48: =AC47*$D$2 -> 0 | AH48: =AH47*$D$2 -> 1859.928 | AJ48: =AJ47*$D$2 -> 0 | AK48: =AK47*$D$2 -> 2086.0469 | AL48: =AL47*$D$2 -> 0 | AM48: =AM47*$D$2 -> 2086.0469 | AN48: =AN47*$D$2 -> 0 | AO48: =AO47*$D$2 -> 0 | AW48: =MAX(AW15:AW45) -> 54 | AX48: =MAX(AX15:AX45) -> 29 | AY48: HI | AZ48: =AZ47*$D$2 -> 226.119 | BA48: =BA47*D2 -> 30.678794
A50: SEASON / CFS | AW50: =MIN(AW15:AW45) -> 29 | AX50: =MIN(AX15:AX45) -> -6 | AY50: LO
A51: SEASON / AF
A53: YTD / CFS | F53: =F13+F47 -> 1739.8538 | G53: =G13+G47 -> 6526.7928 | H53: =H13+H47 -> 1.359 | I53: =I13+I47 -> 6528.1518 | J53: =J13+J47 -> 242.31133 | K53: =K13+K47 -> 6770.4631 | L53: =L13+L47 -> -45.681001 | M53: =M13+M47 -> 340.55 | N53: =N13+N47 -> 0 | O53: 0 | Q53: =Q13+Q47 -> 143.44142 | R53: =R13+R47 -> 148.69704 | S53: =S13+S47 -> 0 | T53: =T13+T47 -> 51.918961 | U53: =U13+U47 -> -3.5074176 | V53: =V13+V47 -> 1612.52 | W53: =W13+W47 -> 0.047 | X53: =X13+X47 -> 1588.7929 | Y53: =Y13+Y47 -> 1588.7929 | AC53: =AC13+AC47 -> 1714.0766 | AH53: =AH13+AH47 -> 2789.5 | AI53: =AI45 -> 2428.7579 | AJ53: =AJ14+AJ47 -> 0 | AK53: =AK13+AK47 -> 4742.617 | AL53: =AL13+AL47 -> 287.99233 | AM53: =AM13+AM47 -> 5030.6093 | AN53: =AN13+AN47 -> 1611.4 | AO53: =AO13+AO47 -> 0 | AV53: =AV13+AV47 -> 6.555 | AZ53: =AZ13+AZ47 -> 340.55 | BA53: =BA47+BA13 -> 35.097
A54: YTD / AF | D54: =D13+D48 -> 3451 | E54: =E45 -> 94619 | F54: =F53*$D$2 -> 3451 | G54: =G53*$D$2 -> 12945.894 | H54: =H53*$D$2 -> 2.6955765 | I54: =I53*$D$2 -> 12948.589 | J54: =J53*$D$2 -> 480.62451 | K54: =K53*$D$2 -> 13429.214 | L54: =L53*$D$2 -> -90.608265 | M54: =M53*$D$2 -> 675.48092 | ... O54: =O53*$D$2 -> 0 | Q54: =Q53*$D$2 -> 284.51605 | R54: =R53*$D$2 -> 294.94058 | S54: =S53*$D$2 -> 0 | T54: =T53*$D$2 -> 102.98126 | U54: =U53*$D$2 -> -6.9569628 | V54: =V53*$D$2 -> 3198.4334 | W54: =W53*$D$2 -> 0.0932245 | X54: =X53*$D$2 -> 3151.3707 | Y54: =Y53*$D$2 -> 3151.3707 | AC54: =AC53*$D$2 -> 3399.8709 | AH54: =AH53*$D$2 -> 5532.9733 | AI54: =AI53*$D$2 -> 4817.4412 | AJ54: =AJ53*$D$2 -> 0 | AK54: =AK53*$D$2 -> 9406.9808 | AL54: =AL53*$D$2 -> 571.23278 | AM54: =AM53*$D$2 -> 9978.2136 | AN54: =AN53*$D$2 -> 3196.2119 | AO54: =AO53*$D$2 -> 0 | AZ54: =AZ53*$D$2 -> 675.48092 | BA54: =BA53*D2 -> 69.6149

Sheet FEB
K1: MCPHEE RESERVOIR INFLOW/OUTFLOW TABULATION
A2: AF/cfs CONVERT FACTOR | D2: 1.9835 | K2: FEBRUARY "2016"
D4: RESERVOIR | I4: INFLOW | X4: OUTFLOW | AP4: ADJUSTMENTS | AW4: WEATHER
A5: DATE | B5: RESERV | C5: RESERV | D5: AC FT | E5: ACTIVE | F5: CONV TO | G5: DOLORES | H5: LOST | I5: RECORD | J5: CALC | K5: TOTAL | L5: CALC | M5: DOLORES TUNNEL | V5: LONE | W5: U | X5: TOTAL | Y5: TOTAL | Z5: MVI | AA5: MVI | AB5: MVI | AC5: TO EX & | AD5: MVI | AE5: DV CR | AF5: D/S SENIOR | AH5: BELOW | AI5: FISH | AJ5: SPILL | AK5: RECORD | AL5: CALC | AM5: TOTAL | AN5: NAR | AO5: MVI | AP5: MVI | AQ5: MVI | AR5: DIST. | AS5: U/S | AT5: TOTTEN | AU5: UF&R | AV5: RAIN | AW5: MAX | AX5: MIN | AZ5: TOTAL | BA5: GRNDHOG | BB5: GRNDHOG
A6: FEB | B6: ELEV | D6: CHANGE | E6: CAP | F6: CFS | G6: RIVER | H6: CAN | I6: INFLOW | J6: INFLOW | K6: INFLOW | L6: INF/OTF | M6: TOT DIV | N6: WET | O6: UTE | P6: QUEST | Q6: MWC | R6: CORTEZ | T6: UTE | U6: F-BAY | V6: PINE | W6: LAT | X6: MVI | Y6: MVI | Z6: CALL | AA6: CALL | AB6: APR- | AC6: U/S EX | AD6: PROJ | AE6: CANAL | AF6: MVIC | AG6: PROJ | AH6: MCP | AI6: LEFT | AK6: OTF | AL6: OTF | AM6: OTF | AN6: FILL | AO6: STOCK | AP6: STORED | AQ6: STORED | AR6: CLASS | AS6: USERS | AT6: (FRESH | AU6: LEASE | AW6: TMP | AX6: TMP | AZ6: TUNNEL | BA6: DISCHARGE | BB6: CAPACITY
N7: LAND | O7: F&R | Q7: NON - | R7: NON - | S7: PROJ | T7: PROJ | U7: BAL | X7: WATER | Y7: IRRIG. | Z7: STOR | AA7: SPILLED | AB7: JUNE | AF7: 1.7 | AG7: 1.3 | AP7: Apr - Jun | AQ7: EVAP | AR7: "B" | AS7: EXCH | AT7: WATER) | AU7: WATER | AZ7: Misc.
Q8: PROJ | R8: PROJ | X8: USED | Y8: WATER | AA8: OR | AB8: (DIV+
R9: 4.2 | Y9: USED | AA9: USED | AB9: CALL) | BB9: FP = 3960
C10: AC. Ft. | E10: AC FT | G10: CFS | H10: CFS | I10: CFS | J10: CFS | K10: CFS | L10: CFS | M10: CFS | N10: CFS | O10: CFS | P10: CFS | Q10: CFS | R10: CFS | S10: CFS | T10: CFS | U10: CFS | V10: CFS | W10: CFS | X10: 153400 | Y10: 150400 | AB10: 72000 | AC10: CFS | AD10: CFS | AE10: CFS | AF10: CFS | AG10: CFS | AH10: CFS | AI10: CFS | AJ10: CFS | AK10: CFS | AL10: CFS | AM10: CFS | AN10: CFS | AO10: CFS | AP10: CFS | AQ10: AC.FT. | AR10: CFS | AS10: CFS | AT10: CFS | AU10: CFS | AZ10: Outflow | BA10: CFS | BB10: AC FT
N11: 1.03 | O11: 1.05 | P11: 1.02 | Q11: 1.02 | R11: 1.04 | T11: 1.04 | X11: CFS | Y11: CFS | Z11: CFS | AA11: CFS | AB11: Ac. Ft. | AZ11: CFS
A12: SEASON BAL
A13: YTD | B13: =JAN!B45 -> 6889.54 | C13: =JAN!C45 -> 246619 | D13: =JAN!D54 -> 3451 | E13: =JAN!E54 -> 94619 | F13: =JAN!F53 -> 1739.8538 | G13: =JAN!G53 -> 6526.7928 | H13: =JAN!H53 -> 1.359 | I13: =JAN!I53 -> 6528.1518 | J13: =JAN!J53 -> 242.31133 | K13: =JAN!K53 -> 6770.4631 | L13: =JAN!L53 -> -45.681001 | M13: =JAN!M53 -> 340.55 | ... Y13: =JAN!Y53 -> 1588.7929 | AC13: =JAN!AC53 -> 1714.0766 | AH13: =JAN!AH53 -> 2789.5 | AI13: =JAN!AI53 -> 2428.7579 | AJ13: =JAN!AJ53 -> 0 | AK13: =JAN!AK53 -> 4742.617 | AL13: =JAN!AL53 -> 287.99233 | AM13: =JAN!AM53 -> 5030.6093 | AN13: =JAN!AN53 -> 1611.4 | AO13: =JAN!AO53 -> 0 | AV13: =JAN!AV53 -> 6.555 | AZ13: =JAN!AZ53 -> 340.55 | BA13: =JAN!BA53 -> 35.097
A15: 1 | B15: 6889.6 | C15: 246821 | D15: =C15-C13 -> 202 | E15: =C15-152000 -> 94821 | F15: =D15/$D$2 -> 101.84018 | G15: 135.79018 | H15: 0 | I15: =G15+H15 -> 135.79018 | J15: =IF(L15>0,L15,0) -> 0 | K15: =I15+J15 -> 135.79018 | L15: =F15-(I15-AK15) -> 0 | M15: 3.75 | N15: 0 | O15: =0*1.05 -> 0 | P15: 0 | Q15: =999700/325851/1.9835*1.02 -> 1.5776788 | R15: =IF(((2*1.04)-T15)>=4.2,4.2,(2*1.04)-T15) -> 1.5252723 | S15: =IF(((2*1.04)-T15)>=4.2,((2*1.04)-T15)-4.2,0) -> 0 | T15: =(0.5032*1.06)*1.04 -> 0.55472768 | U15: =M15-(Q15+R15+S15+T15) -> 0.092321159 | V15: 0 | W15: 0 | X15: =M15-N15-O15-P15-Q15-R15-S15-T15-U15+V15+W15 -> 0 | Y15: =X15-AO15 -> 0 | AE15: 0 | AH15: 30.2 | AI15: =AI13-AH15 -> 2398.5579 | AK15: =N15+O15+P15+Q15+R15+S15+T15+U15+X15+AE15+AH15 -> 33.95 | AL15: =IF(L15<0,L15*-1,0) -> 0 | AM15: =AK15+AL15 -> 33.95 | AV15: 0.42 | AW15: 37 | AX15: 17 | AZ15: =SUM(N15,P15:U15) -> 3.75 | BA15: 0.811 | BB15: 19196
A16: =A15+1 -> 2 | B16: 6889.61 | C16: 246855 | D16: =C16-C15 -> 34 | E16: =C16-152000 -> 94855 | F16: =D16/$D$2 -> 17.141417 | G16: 50.381417 | H16: 0 | I16: =G16+H16 -> 50.381417 | J16: =IF(L16>0,L16,0) -> 0 | K16: =I16+J16 -> 50.381417 | L16: =F16-(I16-AK16) -> 0 | M16: 3.14 | N16: 0 | O16: =0*1.05 -> 0 | P16: 0 | Q16: =949700/325851/1.9835*1.02 -> 1.4987712 | R16: =IF(((1.8*1.04)-T16)>=4.2,4.2,(1.8*1.04)-T16) -> 1.3172723 | S16: =IF(((1.8*1.04)-T16)>=4.2,((1.8*1.04)-T16)-4.2,0) -> 0 | T16: =(0.5032*1.06)*1.04 -> 0.55472768 | U16: =M16-(Q16+R16+S16+T16) -> -0.23077123 | V16: 0 | W16: 0 | X16: =M16-N16-O16-P16-Q16-R16-S16-T16-U16+V16+W16 -> 0 | Y16: =X16-AO16 -> 0 | AE16: 0 | AH16: 30.1 | AI16: =AI15-AH16 -> 2368.4579 | AK16: =N16+O16+P16+Q16+R16+S16+T16+U16+X16+AE16+AH16 -> 33.24 | AL16: =IF(L16<0,L16*-1,0) -> 0 | AM16: =AK16+AL16 -> 33.24 | AV16: 0 | AW16: 21 | AX16: 6 | AZ16: =SUM(N16,P16:U16) -> 3.14 | BA16: 0.813 | BB16: 19212
A17: =A16+1 -> 3 | B17: 6889.61 | C17: 246855 | D17: =C17-C16 -> 0 | E17: =C17-152000 -> 94855 | F17: =D17/$D$2 -> 0 | G17: 33.06 | H17: 0 | I17: =G17+H17 -> 33.06 | J17: =IF(L17>0,L17,0) -> 0 | K17: =I17+J17 -> 33.06 | L17: =F17-(I17-AK17) -> 0 | M17: 2.96 | N17: 0 | O17: =0*1.05 -> 0 | P17: 0 | Q17: =933500/325851/1.9835*1.02 -> 1.4732052 | R17: =IF(((2*1.04)-T17)>=4.2,4.2,(2*1.04)-T17) -> 1.5252723 | S17: =IF(((2*1.04)-T17)>=4.2,((2*1.04)-T17)-4.2,0) -> 0 | T17: =(0.5032*1.06)*1.04 -> 0.55472768 | U17: =M17-(Q17+R17+S17+T17) -> -0.59320516 | V17: 0 | W17: 0 | X17: =M17-N17-O17-P17-Q17-R17-S17-T17-U17+V17+W17 -> 0 | Y17: =X17-AO17 -> 0 | AE17: 0 | AH17: 30.1 | AI17: =AI16-AH17 -> 2338.3579 | AK17: =N17+O17+P17+Q17+R17+S17+T17+U17+X17+AE17+AH17 -> 33.06 | AL17: =IF(L17<0,L17*-1,0) -> 0 | AM17: =AK17+AL17 -> 33.06 | AV17: 0 | AW17: 26 | AX17: -3 | AZ17: =SUM(N17,P17:U17) -> 2.96 | BA17: 0.813 | BB17: 19223
A18: =A17+1 -> 4 | B18: 6889.64 | C18: 246956 | D18: =C18-C17 -> 101 | E18: =C18-152000 -> 94956 | F18: =D18/$D$2 -> 50.920091 | G18: 83.740091 | H18: 0 | I18: =G18+H18 -> 83.740091 | J18: =IF(L18>0,L18,0) -> 0 | K18: =I18+J18 -> 83.740091 | L18: =F18-(I18-AK18) -> 0 | M18: 2.72 | N18: 0 | O18: =0*1.05 -> 0 | P18: 0 | Q18: =1068600/325851/1.9835*1.02 -> 1.6864135 | R18: =IF(((1.6*1.04)-T18)>=4.2,4.2,(1.6*1.04)-T18) -> 1.1092723 | S18: =IF(((1.6*1.04)-T18)>=4.2,((1.6*1.04)-T18)-4.2,0) -> 0 | T18: =(0.5032*1.06)*1.04 -> 0.55472768 | U18: =M18-(Q18+R18+S18+T18) -> -0.63041353 | V18: 0 | W18: 0 | X18: =M18-N18-O18-P18-Q18-R18-S18-T18-U18+V18+W18 -> 0 | Y18: =X18-AO18 -> 0 | AE18: 0 | AH18: 30.1 | AI18: =AI17-AH18 -> 2308.2579 | AK18: =N18+O18+P18+Q18+R18+S18+T18+U18+X18+AE18+AH18 -> 32.82 | AL18: =IF(L18<0,L18*-1,0) -> 0 | AM18: =AK18+AL18 -> 32.82 | AV18: 0 | AW18: 27 | AX18: -6 | AZ18: =SUM(N18,P18:U18) -> 2.72 | BA18: 0.813 | BB18: 19221
A19: =A18+1 -> 5 | B19: 6889.64 | C19: 246956 | D19: =C19-C18 -> 0 | E19: =C19-152000 -> 94956 | F19: =D19/$D$2 -> 0 | G19: 33.93 | H19: 0 | I19: =G19+H19 -> 33.93 | J19: =IF(L19>0,L19,0) -> 0 | K19: =I19+J19 -> 33.93 | L19: =F19-(I19-AK19) -> 0 | M19: 3.83 | N19: 0 | O19: =0*1.05 -> 0 | P19: 0 | Q19: =1106100/325851/1.9835*1.02 -> 1.7455942 | R19: =IF(((1.8*1.04)-T19)>=4.2,4.2,(1.8*1.04)-T19) -> 1.3772429 | S19: =IF(((1.8*1.04)-T19)>=4.2,((1.8*1.04)-T19)-4.2,0) -> 0 | T19: =(0.4488*1.06)*1.04 -> 0.49475712 | U19: =M19-(Q19+R19+S19+T19) -> 0.21240576 | V19: 0 | W19: 0 | X19: =M19-N19-O19-P19-Q19-R19-S19-T19-U19+V19+W19 -> 0 | Y19: =X19-AO19 -> 0 | AE19: 0 | AH19: 30.1 | AI19: =AI18-AH19 -> 2278.1579 | AK19: =N19+O19+P19+Q19+R19+S19+T19+U19+X19+AE19+AH19 -> 33.93 | AL19: =IF(L19<0,L19*-1,0) -> 0 | AM19: =AK19+AL19 -> 33.93 | AV19: 0 | AW19: 35 | AX19: 3 | AZ19: =SUM(N19,P19:U19) -> 3.83 | BA19: 0.813 | BB19: 19222
A20: =A19+1 -> 6 | B20: 6889.66 | C20: 247023 | D20: =C20-C19 -> 67 | E20: =C20-152000 -> 95023 | F20: =D20/$D$2 -> 33.778674 | G20: 67.698674 | H20: 0 | I20: =G20+H20 -> 67.698674 | J20: =IF(L20>0,L20,0) -> 0 | K20: =I20+J20 -> 67.698674 | L20: =F20-(I20-AK20) -> 0 | M20: 3.72 | N20: 0 | O20: =0*1.05 -> 0 | P20: 0 | Q20: =930800/325851/1.9835*1.02 -> 1.4689441 | R20: =IF(((2*1.04)-T20)>=4.2,4.2,(2*1.04)-T20) -> 1.5852429 | S20: =IF(((2*1.04)-T20)>=4.2,((2*1.04)-T20)-4.2,0) -> 0 | T20: =(0.4488*1.06)*1.04 -> 0.49475712 | U20: =M20-(Q20+R20+S20+T20) -> 0.17105585 | V20: 0 | W20: 0 | X20: =M20-N20-O20-P20-Q20-R20-S20-T20-U20+V20+W20 -> 0 | Y20: =X20-AO20 -> 0 | AE20: 0 | AH20: 30.2 | AI20: =AI19-AH20 -> 2247.9579 | AK20: =N20+O20+P20+Q20+R20+S20+T20+U20+X20+AE20+AH20 -> 33.92 | AL20: =IF(L20<0,L20*-1,0) -> 0 | AM20: =AK20+AL20 -> 33.92 | AV20: 0 | AW20: 41 | AX20: 4 | AZ20: =SUM(N20,P20:U20) -> 3.72 | BA20: 0.813 | BB20: 19240
A21: =A20+1 -> 7 | B21: 6889.69 | C21: 247124 | D21: =C21-C20 -> 101 | E21: =C21-152000 -> 95124 | F21: =D21/$D$2 -> 50.920091 | G21: 85.160091 | H21: 0 | I21: =G21+H21 -> 85.160091 | J21: =IF(L21>0,L21,0) -> 0 | K21: =I21+J21 -> 85.160091 | L21: =F21-(I21-AK21) -> 0 | M21: 3.84 | N21: 0 | O21: =0*1.05 -> 0 | P21: 0 | Q21: =1474700/325851/1.9835*1.02 -> 2.3273012 | R21: =IF(((1.9*1.04)-T21)>=4.2,4.2,(1.9*1.04)-T21) -> 1.4812429 | S21: =IF(((1.9*1.04)-T21)>=4.2,((1.9*1.04)-T21)-4.2,0) -> 0 | T21: =(0.4488*1.06)*1.04 -> 0.49475712 | U21: =M21-(Q21+R21+S21+T21) -> -0.46330118 | V21: 0 | W21: 0 | X21: =M21-N21-O21-P21-Q21-R21-S21-T21-U21+V21+W21 -> 0 | Y21: =X21-AO21 -> 0 | AE21: 0 | AH21: 30.4 | AI21: =AI20-AH21 -> 2217.5579 | AK21: =N21+O21+P21+Q21+R21+S21+T21+U21+X21+AE21+AH21 -> 34.24 | AL21: =IF(L21<0,L21*-1,0) -> 0 | AM21: =AK21+AL21 -> 34.24 | AV21: 0 | AW21: 49 | AX21: 9 | AZ21: =SUM(N21,P21:U21) -> 3.84 | BA21: 0.813 | BB21: 19239
A22: =A21+1 -> 8 | B22: 6889.71 | C22: 247192 | D22: =C22-C21 -> 68 | E22: =C22-152000 -> 95192 | F22: =D22/$D$2 -> 34.282833 | G22: 69.282833 | H22: 0 | I22: =G22+H22 -> 69.282833 | J22: =IF(L22>0,L22,0) -> 0 | K22: =I22+J22 -> 69.282833 | L22: =F22-(I22-AK22) -> 0 | M22: 4.4 | N22: 0 | O22: =0*1.05 -> 0 | P22: 0 | Q22: =1331300/325851/1.9835*1.02 -> 2.1009941 | R22: =IF(((2*1.04)-T22)>=4.2,4.2,(2*1.04)-T22) -> 1.5852429 | S22: =IF(((2*1.04)-T22)>=4.2,((2*1.04)-T22)-4.2,0) -> 0 | T22: =(0.4488*1.06)*1.04 -> 0.49475712 | U22: =M22-(Q22+R22+S22+T22) -> 0.21900586 | V22: 0 | W22: 0 | X22: =M22-N22-O22-P22-Q22-R22-S22-T22-U22+V22+W22 -> 0 | Y22: =X22-AO22 -> 0 | AE22: 0 | AH22: 30.6 | AI22: =AI21-AH22 -> 2186.9579 | AK22: =N22+O22+P22+Q22+R22+S22+T22+U22+X22+AE22+AH22 -> 35 | AL22: =IF(L22<0,L22*-1,0) -> 0 | AM22: =AK22+AL22 -> 35 | AV22: 0 | AW22: 48 | AX22: 18 | AZ22: =SUM(N22,P22:U22) -> 4.4 | BA22: 0.813 | BB22: 19248
A23: =A22+1 -> 9 | B23: 6889.73 | C23: 247259 | D23: =C23-C22 -> 67 | E23: =C23-152000 -> 95259 | F23: =D23/$D$2 -> 33.778674 | G23: 68.238674 | H23: 0 | I23: =G23+H23 -> 68.238674 | J23: =IF(L23>0,L23,0) -> 0 | K23: =I23+J23 -> 68.238674 | L23: =F23-(I23-AK23) -> 0 | M23: 3.86 | N23: 0 | O23: =0*1.05 -> 0 | P23: 0 | Q23: =1011900/325851/1.9835*1.02 -> 1.5969323 | R23: =IF(((2.2*1.04)-T23)>=4.2,4.2,(2.2*1.04)-T23) -> 1.7932429 | S23: =IF(((2.2*1.04)-T23)>=4.2,((2.2*1.04)-T23)-4.2,0) -> 0 | T23: =(0.4488*1.06)*1.04 -> 0.49475712 | U23: =M23-(Q23+R23+S23+T23) -> -0.024932298 | V23: 0 | W23: 0 | X23: =M23-N23-O23-P23-Q23-R23-S23-T23-U23+V23+W23 -> 0 | Y23: =X23-AO23 -> 0 | AE23: 0 | AH23: 30.6 | AI23: =AI22-AH23 -> 2156.3579 | AK23: =N23+O23+P23+Q23+R23+S23+T23+U23+X23+AE23+AH23 -> 34.46 | AL23: =IF(L23<0,L23*-1,0) -> 0 | AM23: =AK23+AL23 -> 34.46 | AV23: 0 | AW23: 52 | AX23: 24 | AZ23: =SUM(N23,P23:U23) -> 3.86 | BA23: 0.813 | BB23: 19236
A24: =A23+1 -> 10 | B24: 6889.75 | C24: 247326 | D24: =C24-C23 -> 67 | E24: =C24-152000 -> 95326 | F24: =D24/$D$2 -> 33.778674 | G24: 67.938674 | H24: 0 | I24: =G24+H24 -> 67.938674 | J24: =IF(L24>0,L24,0) -> 0 | K24: =I24+J24 -> 67.938674 | L24: =F24-(I24-AK24) -> 0 | M24: 4.06 | N24: 0 | O24: =0*1.05 -> 0 | P24: 0 | Q24: =1135000/325851/1.9835*1.02 -> 1.7912028 | R24: =IF(((2.2*1.04)-T24)>=4.2,4.2,(2.2*1.04)-T24) -> 1.7932429 | S24: =IF(((2.2*1.04)-T24)>=4.2,((2.2*1.04)-T24)-4.2,0) -> 0 | T24: =(0.4488*1.06)*1.04 -> 0.49475712 | U24: =M24-(Q24+R24+S24+T24) -> -0.019202845 | V24: 0 | W24: 0 | X24: =M24-N24-O24-P24-Q24-R24-S24-T24-U24+V24+W24 -> -3.8857806e-16 | Y24: =X24-AO24 -> -3.8857806e-16 | AE24: 0 | AH24: 30.1 | AI24: =AI23-AH24 -> 2126.2579 | AK24: =N24+O24+P24+Q24+R24+S24+T24+U24+X24+AE24+AH24 -> 34.16 | AL24: =IF(L24<0,L24*-1,0) -> 0 | AM24: =AK24+AL24 -> 34.16 | AV24: 0 | AW24: 49 | AX24: 19 | AZ24: =SUM(N24,P24:U24) -> 4.06 | BA24: 0.813 | BB24: 19235
A25: =A24+1 -> 11 | B25: 6889.75 | C25: 247326 | D25: =C25-C24 -> 0 | E25: =C25-152000 -> 95326 | F25: =D25/$D$2 -> 0 | G25: 34.07 | H25: 0 | I25: =G25+H25 -> 34.07 | J25: =IF(L25>0,L25,0) -> 0 | K25: =I25+J25 -> 34.07 | L25: =F25-(I25-AK25) -> 0 | M25: 3.97 | N25: 0 | O25: =0*1.05 -> 0 | P25: 0 | Q25: =1183200/325851/1.9835*1.02 -> 1.8672698 | R25: =IF(((2.1*1.04)-T25)>=4.2,4.2,(2.1*1.04)-T25) -> 1.6892429 | S25: =IF(((2.1*1.04)-T25)>=4.2,((2.1*1.04)-T25)-4.2,0) -> 0 | T25: =(0.4488*1.06)*1.04 -> 0.49475712 | U25: =M25-(Q25+R25+S25+T25) -> -0.081269785 | V25: 0 | W25: 0 | X25: =M25-N25-O25-P25-Q25-R25-S25-T25-U25+V25+W25 -> 4.9960036e-16 | Y25: =X25-AO25 -> 4.9960036e-16 | AE25: 0 | AH25: 30.1 | AI25: =AI24-AH25 -> 2096.1579 | AK25: =N25+O25+P25+Q25+R25+S25+T25+U25+X25+AE25+AH25 -> 34.07 | AL25: =IF(L25<0,L25*-1,0) -> 0 | AM25: =AK25+AL25 -> 34.07 | AV25: 0 | AW25: 50 | AX25: 18 | AZ25: =SUM(N25,P25:U25) -> 3.97 | BA25: 0.813 | BB25: 19243
A26: =A25+1 -> 12 | B26: 6889.75 | C26: 247326 | D26: =C26-C25 -> 0 | E26: =C26-152000 -> 95326 | F26: =D26/$D$2 -> 0 | G26: 34.16 | H26: 0 | I26: =G26+H26 -> 34.16 | J26: =IF(L26>0,L26,0) -> 0 | K26: =I26+J26 -> 34.16 | L26: =F26-(I26-AK26) -> 0 | M26: 4.06 | N26: 0 | O26: =0*1.05 -> 0 | P26: 0 | Q26: =1001400/325851/1.9835*1.02 -> 1.5803617 | R26: =IF(((2.2*1.04)-T26)>=4.2,4.2,(2.2*1.04)-T26) -> 1.7673365 | S26: =IF(((2.2*1.04)-T26)>=4.2,((2.2*1.04)-T26)-4.2,0) -> 0 | T26: =(0.4723*1.06)*1.04 -> 0.52066352 | U26: =M26-(Q26+R26+S26+T26) -> 0.1916383 | V26: 0 | W26: 0 | X26: =M26-N26-O26-P26-Q26-R26-S26-T26-U26+V26+W26 -> 0 | Y26: =X26-AO26 -> 0 | AE26: 0 | AH26: 30.1 | AI26: =AI25-AH26 -> 2066.0579 | AK26: =N26+O26+P26+Q26+R26+S26+T26+U26+X26+AE26+AH26 -> 34.16 | AL26: =IF(L26<0,L26*-1,0) -> 0 | AM26: =AK26+AL26 -> 34.16 | AV26: 0 | AW26: 54 | AX26: 23 | AZ26: =SUM(N26,P26:U26) -> 4.06 | BA26: 0.838 | BB26: 19254
A27: =A26+1 -> 13 | B27: 6889.79 | C27: 247461 | D27: =C27-C26 -> 135 | E27: =C27-152000 -> 95461 | F27: =D27/$D$2 -> 68.061507 | G27: 102.42151 | H27: 0 | I27: =G27+H27 -> 102.42151 | J27: =IF(L27>0,L27,0) -> 0 | K27: =I27+J27 -> 102.42151 | L27: =F27-(I27-AK27) -> 0 | M27: 4.06 | N27: 0 | O27: =0*1.05 -> 0 | P27: 0 | Q27: =1065700/325851/1.9835*1.02 -> 1.6818369 | R27: =IF(((2.2*1.04)-T27)>=4.2,4.2,(2.2*1.04)-T27) -> 1.7673365 | S27: =IF(((2.2*1.04)-T27)>=4.2,((2.2*1.04)-T27)-4.2,0) -> 0 | T27: =(0.4723*1.06)*1.04 -> 0.52066352 | U27: =M27-(Q27+R27+S27+T27) -> 0.090163109 | V27: 0 | W27: 0 | X27: =M27-N27-O27-P27-Q27-R27-S27-T27-U27+V27+W27 -> 4.4408921e-16 | Y27: =X27-AO27 -> 4.4408921e-16 | AE27: 0 | AH27: 30.3 | AI27: =AI26-AH27 -> 2035.7579 | AK27: =N27+O27+P27+Q27+R27+S27+T27+U27+X27+AE27+AH27 -> 34.36 | AL27: =IF(L27<0,L27*-1,0) -> 0 | AM27: =AK27+AL27 -> 34.36 | AV27: 0 | AW27: 58 | AX27: 25 | AZ27: =SUM(N27,P27:U27) -> 4.06 | BA27: 0.984 | BB27: 19243
A28: =A27+1 -> 14 | B28: 6889.85 | C28: 247663 | D28: =C28-C27 -> 202 | E28: =C28-152000 -> 95663 | F28: =D28/$D$2 -> 101.84018 | G28: 136.50018 | H28: 0 | I28: =G28+H28 -> 136.50018 | J28: =IF(L28>0,L28,0) -> 0 | K28: =I28+J28 -> 136.50018 | L28: =F28-(I28-AK28) -> 0 | M28: 4.06 | N28: 0 | O28: =0*1.05 -> 0 | P28: 0 | Q28: =1168400/325851/1.9835*1.02 -> 1.8439131 | R28: =IF(((2.1*1.04)-T28)>=4.2,4.2,(2.1*1.04)-T28) -> 1.6633365 | S28: =IF(((2.1*1.04)-T28)>=4.2,((2.1*1.04)-T28)-4.2,0) -> 0 | T28: =(0.4723*1.06)*1.04 -> 0.52066352 | U28: =M28-(Q28+R28+S28+T28) -> 0.032086869 | V28: 0 | W28: 0 | X28: =M28-N28-O28-P28-Q28-R28-S28-T28-U28+V28+W28 -> 4.4408921e-16 | Y28: =X28-AO28 -> 4.4408921e-16 | AE28: 0 | AH28: 30.6 | AI28: =AI27-AH28 -> 2005.1579 | AK28: =N28+O28+P28+Q28+R28+S28+T28+U28+X28+AE28+AH28 -> 34.66 | AL28: =IF(L28<0,L28*-1,0) -> 0 | AM28: =AK28+AL28 -> 34.66 | AV28: 0 | AW28: 47 | AX28: 22 | AZ28: =SUM(N28,P28:U28) -> 4.06 | BA28: 0.975 | BB28: 19236
A29: =A28+1 -> 15 | B29: 6889.88 | C29: 247764 | D29: =C29-C28 -> 101 | E29: =C29-152000 -> 95764 | F29: =D29/$D$2 -> 50.920091 | G29: 85.690091 | H29: 0 | I29: =G29+H29 -> 85.690091 | J29: =IF(L29>0,L29,0) -> 0 | K29: =I29+J29 -> 85.690091 | L29: =F29-(I29-AK29) -> 0 | M29: 4.17 | N29: 0 | O29: =0*1.05 -> 0 | P29: 0 | Q29: =1131200/325851/1.9835*1.02 -> 1.7852059 | R29: =IF(((2.2*1.04)-T29)>=4.2,4.2,(2.2*1.04)-T29) -> 1.7673365 | S29: =IF(((2.2*1.04)-T29)>=4.2,((2.2*1.04)-T29)-4.2,0) -> 0 | T29: =(0.4723*1.06)*1.04 -> 0.52066352 | U29: =M29-(Q29+R29+S29+T29) -> 0.096794134 | V29: 0 | W29: 0 | X29: =M29-N29-O29-P29-Q29-R29-S29-T29-U29+V29+W29 -> 0 | Y29: =X29-AO29 -> 0 | AE29: 0 | AH29: 30.6 | AI29: =AI28-AH29 -> 1974.5579 | AK29: =N29+O29+P29+Q29+R29+S29+T29+U29+X29+AE29+AH29 -> 34.77 | AL29: =IF(L29<0,L29*-1,0) -> 0 | AM29: =AK29+AL29 -> 34.77 | AV29: 0 | AW29: 51 | AX29: 25 | AZ29: =SUM(N29,P29:U29) -> 4.17 | BA29: 0.977 | BB29: 19236
A30: =A29+1 -> 16 | B30: 6889.92 | C30: 247899 | D30: =C30-C29 -> 135 | E30: =C30-152000 -> 95899 | F30: =D30/$D$2 -> 68.061507 | G30: 108.89551 | H30: 0 | I30: =G30+H30 -> 108.89551 | J30: =IF(L30>0,L30,0) -> 0 | K30: =I30+J30 -> 108.89551 | L30: =F30-(I30-AK30) -> 0 | M30: 3.24 | N30: 0 | O30: =0*1.05 -> 0 | P30: 0 | Q30: =1162000/325851/1.9835*1.02 -> 1.833813 | R30: =IF(((2.1*1.04)-T30)>=4.2,4.2,(2.1*1.04)-T30) -> 1.6633365 | S30: =IF(((2.1*1.04)-T30)>=4.2,((2.1*1.04)-T30)-4.2,0) -> 0 | T30: =(0.4723*1.06)*1.04 -> 0.52066352 | U30: =M30-(Q30+R30+S30+T30) -> -0.77781296 | V30: 7.09 | W30: 0.004 | X30: =M30-N30-O30-P30-Q30-R30-S30-T30-U30+V30+W30 -> 7.094 | Y30: =X30-AO30 -> 7.094 | AE30: 0 | AH30: 30.5 | AI30: =AI29-AH30 -> 1944.0579 | AK30: =N30+O30+P30+Q30+R30+S30+T30+U30+X30+AE30+AH30 -> 40.834 | AL30: =IF(L30<0,L30*-1,0) -> 0 | AM30: =AK30+AL30 -> 40.834 | AN30: =V30 -> 7.09 | AV30: 0 | AW30: 56 | AX30: 28 | AZ30: =SUM(N30,P30:U30) -> 3.24 | BA30: 0.975 | BB30: 19240
A31: =A30+1 -> 17 | B31: 6889.96 | C31: 248033 | D31: =C31-C30 -> 134 | E31: =C31-152000 -> 96033 | F31: =D31/$D$2 -> 67.557348 | G31: 142.08135 | H31: 0 | I31: =G31+H31 -> 142.08135 | J31: =IF(L31>0,L31,0) -> 0 | K31: =I31+J31 -> 142.08135 | L31: =F31-(I31-AK31) -> 0 | M31: 3.72 | N31: 0 | O31: =0*1.05 -> 0 | P31: 0 | Q31: =1193000/325851/1.9835*1.02 -> 1.8827357 | R31: =IF(((2.1*1.04)-T31)>=4.2,4.2,(2.1*1.04)-T31) -> 1.6633365 | S31: =IF(((2.1*1.04)-T31)>=4.2,((2.1*1.04)-T31)-4.2,0) -> 0 | T31: =(0.4723*1.06)*1.04 -> 0.52066352 | U31: =M31-(Q31+R31+S31+T31) -> -0.34673568 | V31: 40.7 | W31: 0.004 | X31: =M31-N31-O31-P31-Q31-R31-S31-T31-U31+V31+W31 -> 40.704 | Y31: =X31-AO31 -> 40.704 | AE31: 0 | AH31: 30.1 | AI31: =AI30-AH31 -> 1913.9579 | AK31: =N31+O31+P31+Q31+R31+S31+T31+U31+X31+AE31+AH31 -> 74.524 | AL31: =IF(L31<0,L31*-1,0) -> 0 | AM31: =AK31+AL31 -> 74.524 | AN31: =V31 -> 40.7 | AV31: 0 | AW31: 56 | AX31: 24 | AZ31: =SUM(N31,P31:U31) -> 3.72 | BA31: 0.987 | BB31: 19256
A32: =A31+1 -> 18 | B32: 6889.98 | C32: 248101 | D32: =C32-C31 -> 68 | E32: =C32-152000 -> 96101 | F32: =D32/$D$2 -> 34.282833 | G32: 116.80283 | H32: 0 | I32: =G32+H32 -> 116.80283 | J32: =IF(L32>0,L32,0) -> 0 | K32: =I32+J32 -> 116.80283 | L32: =F32-(I32-AK32) -> 0 | M32: 3.72 | N32: 0 | O32: =0*1.05 -> 0 | P32: 0 | Q32: =1037500/325851/1.9835*1.02 -> 1.637333 | R32: =IF(((2.2*1.04)-T32)>=4.2,4.2,(2.2*1.04)-T32) -> 1.7673365 | S32: =IF(((2.2*1.04)-T32)>=4.2,((2.2*1.04)-T32)-4.2,0) -> 0 | T32: =(0.4723*1.06)*1.04 -> 0.52066352 | U32: =M32-(Q32+R32+S32+T32) -> -0.205333 | V32: 48.6 | W32: 0 | X32: =M32-N32-O32-P32-Q32-R32-S32-T32-U32+V32+W32 -> 48.6 | Y32: =X32-AO32 -> 48.6 | AE32: 0 | AH32: 30.2 | AI32: =AI31-AH32 -> 1883.7579 | AK32: =N32+O32+P32+Q32+R32+S32+T32+U32+X32+AE32+AH32 -> 82.52 | AL32: =IF(L32<0,L32*-1,0) -> 0 | AM32: =AK32+AL32 -> 82.52 | AN32: =V32 -> 48.6 | AV32: 0.01 | AW32: 58 | AX32: 32 | AZ32: =SUM(N32,P32:U32) -> 3.72 | BA32: 0.95 | BB32: 19270
A33: =A32+1 -> 19 | B33: 6889.98 | C33: 248101 | D33: =C33-C32 -> 0 | E33: =C33-152000 -> 96101 | F33: =D33/$D$2 -> 0 | G33: 82.52 | H33: 0 | I33: =G33+H33 -> 82.52 | J33: =IF(L33>0,L33,0) -> 0 | K33: =I33+J33 -> 82.52 | L33: =F33-(I33-AK33) -> 0 | M33: 3.72 | N33: 0 | O33: =0*1.05 -> 0 | P33: 0 | Q33: =939300/325851/1.9835*1.02 -> 1.4823584 | R33: =IF(((2.2*1.04)-T33)>=4.2,4.2,(2.2*1.04)-T33) -> 1.753336 | S33: =IF(((2.2*1.04)-T33)>=4.2,((2.2*1.04)-T33)-4.2,0) -> 0 | T33: =(0.485*1.06)*1.04 -> 0.534664 | U33: =M33-(Q33+R33+S33+T33) -> -0.050358442 | V33: 48.6 | W33: 0 | X33: =M33-N33-O33-P33-Q33-R33-S33-T33-U33+V33+W33 -> 48.6 | Y33: =X33-AO33 -> 48.6 | AE33: 0 | AH33: 30.2 | AI33: =AI32-AH33 -> 1853.5579 | AK33: =N33+O33+P33+Q33+R33+S33+T33+U33+X33+AE33+AH33 -> 82.52 | AL33: =IF(L33<0,L33*-1,0) -> 0 | AM33: =AK33+AL33 -> 82.52 | AN33: =V33 -> 48.6 | AV33: 0 | AW33: 59 | AX33: 27 | AZ33: =SUM(N33,P33:U33) -> 3.72 | BA33: 0.735 | BB33: 19268
A34: =A33+1 -> 20 | B34: 6890.03 | C34: 248270 | D34: =C34-C33 -> 169 | E34: =C34-152000 -> 96270 | F34: =D34/$D$2 -> 85.202924 | G34: 168.06292 | H34: 0 | I34: =G34+H34 -> 168.06292 | J34: =IF(L34>0,L34,0) -> 0 | K34: =I34+J34 -> 168.06292 | L34: =F34-(I34-AK34) -> 0 | M34: 3.96 | N34: 0 | O34: =0*1.05 -> 0 | P34: 0 | Q34: =1074300/325851/1.9835*1.02 -> 1.695409 | R34: =IF(((2.2*1.04)-T34)>=4.2,4.2,(2.2*1.04)-T34) -> 1.753336 | S34: =IF(((2.2*1.04)-T34)>=4.2,((2.2*1.04)-T34)-4.2,0) -> 0 | T34: =(0.485*1.06)*1.04 -> 0.534664 | U34: =M34-(Q34+R34+S34+T34) -> -0.023409001 | V34: 48.6 | W34: 0 | X34: =M34-N34-O34-P34-Q34-R34-S34-T34-U34+V34+W34 -> 48.6 | Y34: =X34-AO34 -> 48.6 | AE34: 0 | AH34: 30.3 | AI34: =AI33-AH34 -> 1823.2579 | AK34: =N34+O34+P34+Q34+R34+S34+T34+U34+X34+AE34+AH34 -> 82.86 | AL34: =IF(L34<0,L34*-1,0) -> 0 | AM34: =AK34+AL34 -> 82.86 | AN34: =V34 -> 48.6 | AV34: 0 | AW34: 60 | AX34: 28 | AZ34: =SUM(N34,P34:U34) -> 3.96 | BA34: 0.448 | BB34: 19276
A35: =A34+1 -> 21 | B35: 6890.09 | C35: 248474 | D35: =C35-C34 -> 204 | E35: =C35-152000 -> 96474 | F35: =D35/$D$2 -> 102.8485 | G35: 186.2285 | H35: 0 | I35: =G35+H35 -> 186.2285 | J35: =IF(L35>0,L35,0) -> 0 | K35: =I35+J35 -> 186.2285 | L35: =F35-(I35-AK35) -> 0 | M35: 4.58 | N35: 0 | O35: =0*1.05 -> 0 | P35: 0 | Q35: =1391700/325851/1.9835*1.02 -> 2.1963145 | R35: =IF(((2.2*1.04)-T35)>=4.2,4.2,(2.2*1.04)-T35) -> 1.753336 | S35: =IF(((2.2*1.04)-T35)>=4.2,((2.2*1.04)-T35)-4.2,0) -> 0 | T35: =(0.485*1.06)*1.04 -> 0.534664 | U35: =M35-(Q35+R35+S35+T35) -> 0.095685463 | V35: 48.6 | W35: 0 | X35: =M35-N35-O35-P35-Q35-R35-S35-T35-U35+V35+W35 -> 48.6 | Y35: =X35-AO35 -> 48.6 | AE35: 0 | AH35: 30.2 | AI35: =AI34-AH35 -> 1793.0579 | AK35: =N35+O35+P35+Q35+R35+S35+T35+U35+X35+AE35+AH35 -> 83.38 | AL35: =IF(L35<0,L35*-1,0) -> 0 | AM35: =AK35+AL35 -> 83.38 | AN35: =V35 -> 48.6 | AV35: 0 | AW35: 61 | AX35: 25 | AZ35: =SUM(N35,P35:U35) -> 4.58 | BA35: 0.457 | BB35: 19297
A36: =A35+1 -> 22 | B36: 6890.13 | C36: 248610 | D36: =C36-C35 -> 136 | E36: =C36-152000 -> 96610 | F36: =D36/$D$2 -> 68.565667 | G36: 150.89567 | H36: 0 | I36: =G36+H36 -> 150.89567 | J36: =IF(L36>0,L36,0) -> 0 | K36: =I36+J36 -> 150.89567 | L36: =F36-(I36-AK36) -> 0 | M36: 3.43 | N36: 0 | O36: =0*1.05 -> 0 | P36: 0 | Q36: =1163500/325851/1.9835*1.02 -> 1.8361802 | R36: =IF(((1.9*1.04)-T36)>=4.2,4.2,(1.9*1.04)-T36) -> 1.441336 | S36: =IF(((1.9*1.04)-T36)>=4.2,((1.9*1.04)-T36)-4.2,0) -> 0 | T36: =(0.485*1.06)*1.04 -> 0.534664 | U36: =M36-(Q36+R36+S36+T36) -> -0.38218019 | V36: 48.6 | W36: 0 | X36: =M36-N36-O36-P36-Q36-R36-S36-T36-U36+V36+W36 -> 48.6 | Y36: =X36-AO36 -> 48.6 | AE36: 0 | AH36: 30.3 | AI36: =AI35-AH36 -> 1762.7579 | AK36: =N36+O36+P36+Q36+R36+S36+T36+U36+X36+AE36+AH36 -> 82.33 | AL36: =IF(L36<0,L36*-1,0) -> 0 | AM36: =AK36+AL36 -> 82.33 | AN36: =V36 -> 48.6 | AV36: 0.01 | AW36: 53 | AX36: 23 | AZ36: =SUM(N36,P36:U36) -> 3.43 | BA36: 0.487 | BB36: 19302
A37: =A36+1 -> 23 | B37: 6890.17 | C37: 248746 | D37: =C37-C36 -> 136 | E37: =C37-152000 -> 96746 | F37: =D37/$D$2 -> 68.565667 | G37: 141.26567 | H37: 9.47 | I37: =G37+H37 -> 150.73567 | J37: =IF(L37>0,L37,0) -> 0 | K37: =I37+J37 -> 150.73567 | L37: =F37-(I37-AK37) -> 0 | M37: 3.47 | N37: 0 | O37: =0*1.05 -> 0 | P37: 0 | Q37: =1044700/325851/1.9835*1.02 -> 1.6486957 | R37: =IF(((2*1.04)-T37)>=4.2,4.2,(2*1.04)-T37) -> 1.545336 | S37: =IF(((2*1.04)-T37)>=4.2,((2*1.04)-T37)-4.2,0) -> 0 | T37: =(0.485*1.06)*1.04 -> 0.534664 | U37: =M37-(Q37+R37+S37+T37) -> -0.25869569 | V37: 48.6 | W37: 0 | X37: =M37-N37-O37-P37-Q37-R37-S37-T37-U37+V37+W37 -> 48.6 | Y37: =X37-AO37 -> 48.6 | AE37: 0 | AH37: 30.1 | AI37: =AI36-AH37 -> 1732.6579 | AK37: =N37+O37+P37+Q37+R37+S37+T37+U37+X37+AE37+AH37 -> 82.17 | AL37: =IF(L37<0,L37*-1,0) -> 0 | AM37: =AK37+AL37 -> 82.17 | AN37: =V37 -> 48.6 | AV37: 0.04 | AW37: 47 | AX37: 23 | AZ37: =SUM(N37,P37:U37) -> 3.47 | BA37: 0.455 | BB37: 19310
A38: =A37+1 -> 24 | B38: 6890.21 | C38: 248882 | D38: =C38-C37 -> 136 | E38: =C38-152000 -> 96882 | F38: =D38/$D$2 -> 68.565667 | G38: 140.36567 | H38: 11.4 | I38: =G38+H38 -> 151.76567 | J38: =IF(L38>0,L38,0) -> 0 | K38: =I38+J38 -> 151.76567 | L38: =F38-(I38-AK38) -> 0 | M38: 4.5 | N38: 0 | O38: =0.961*1.05 -> 1.00905 | P38: 0 | Q38: =1228300/325851/1.9835*1.02 -> 1.9384445 | R38: =IF(((2*1.04)-T38)>=4.2,4.2,(2*1.04)-T38) -> 1.545336 | S38: =IF(((2*1.04)-T38)>=4.2,((2*1.04)-T38)-4.2,0) -> 0 | T38: =(0.485*1.06)*1.04 -> 0.534664 | U38: =M38-(Q38+R38+S38+T38) -> 0.48155555 | V38: 48.6 | W38: 0 | X38: =M38-N38-O38-P38-Q38-R38-S38-T38-U38+V38+W38 -> 47.59095 | Y38: =X38-AO38 -> 47.59095 | AE38: 0 | AH38: 30.1 | AI38: =AI37-AH38 -> 1702.5579 | AK38: =N38+O38+P38+Q38+R38+S38+T38+U38+X38+AE38+AH38 -> 83.2 | AL38: =IF(L38<0,L38*-1,0) -> 0 | AM38: =AK38+AL38 -> 83.2 | AN38: =V38 -> 48.6 | AV38: 0 | AW38: 48 | AX38: 16 | AZ38: =SUM(N38,P38:U38) -> 4.5 | BA38: 0.404 | BB38: 19328
A39: =A38+1 -> 25 | B39: 6890.26 | C39: 249052 | D39: =C39-C38 -> 170 | E39: =C39-152000 -> 97052 | F39: =D39/$D$2 -> 85.707083 | G39: 157.54708 | H39: 10.4 | I39: =G39+H39 -> 167.94708 | J39: =IF(L39>0,L39,0) -> 0 | K39: =I39+J39 -> 167.94708 | L39: =F39-(I39-AK39) -> 0 | M39: 3.14 | N39: 0 | O39: =0.69*1.05 -> 0.7245 | P39: 0 | Q39: =1041500/325851/1.9835*1.02 -> 1.6436456 | R39: =IF(((1.9*1.04)-T39)>=4.2,4.2,(1.9*1.04)-T39) -> 1.441336 | S39: =IF(((1.9*1.04)-T39)>=4.2,((1.9*1.04)-T39)-4.2,0) -> 0 | T39: =(0.485*1.06)*1.04 -> 0.534664 | U39: =M39-(Q39+R39+S39+T39) -> -0.47964561 | V39: 49 | W39: 0 | X39: =M39-N39-O39-P39-Q39-R39-S39-T39-U39+V39+W39 -> 48.2755 | Y39: =X39-AO39 -> 48.2755 | AE39: 0 | AH39: 30.1 | AI39: =AI38-AH39 -> 1672.4579 | AK39: =N39+O39+P39+Q39+R39+S39+T39+U39+X39+AE39+AH39 -> 82.24 | AL39: =IF(L39<0,L39*-1,0) -> 0 | AM39: =AK39+AL39 -> 82.24 | AN39: =V39 -> 49 | AV39: 0 | AW39: 53 | AX39: 20 | AZ39: =SUM(N39,P39:U39) -> 3.14 | BA39: 0.411 | BB39: 19368
A40: =A39+1 -> 26 | B40: 6890.3 | C40: 249188 | D40: =C40-C39 -> 136 | E40: =C40-152000 -> 97188 | F40: =D40/$D$2 -> 68.565667 | G40: 142.40567 | H40: 9.05 | I40: =G40+H40 -> 151.45567 | J40: =IF(L40>0,L40,0) -> 0 | K40: =I40+J40 -> 151.45567 | L40: =F40-(I40-AK40) -> 0 | M40: 3.39 | N40: 0 | O40: =0*1.05 -> 0 | P40: 0 | Q40: =927500/325851/1.9835*1.02 -> 1.4637362 | R40: =IF(((2*1.04)-T40)>=4.2,4.2,(2*1.04)-T40) -> 1.5043267 | S40: =IF(((2*1.04)-T40)>=4.2,((2*1.04)-T40)-4.2,0) -> 0 | T40: =(0.5222*1.06)*1.04 -> 0.57567328 | U40: =M40-(Q40+R40+S40+T40) -> -0.15373625 | V40: 49.4 | W40: 0 | X40: =M40-N40-O40-P40-Q40-R40-S40-T40-U40+V40+W40 -> 49.4 | Y40: =X40-AO40 -> 49.4 | AE40: 0 | AH40: 30.1 | AI40: =AI39-AH40 -> 1642.3579 | AK40: =N40+O40+P40+Q40+R40+S40+T40+U40+X40+AE40+AH40 -> 82.89 | AL40: =IF(L40<0,L40*-1,0) -> 0 | AM40: =AK40+AL40 -> 82.89 | AN40: =V40 -> 49.4 | AV40: 0 | AW40: 60 | AX40: 26 | AZ40: =SUM(N40,P40:U40) -> 3.39 | BA40: 0.325 | BB40: 19416
A41: =A40+1 -> 27 | B41: 6890.34 | C41: 249324 | D41: =C41-C40 -> 136 | E41: =C41-152000 -> 97324 | F41: =D41/$D$2 -> 68.565667 | G41: 143.42567 | H41: 8.25 | I41: =G41+H41 -> 151.67567 | J41: =IF(L41>0,L41,0) -> 0 | K41: =I41+J41 -> 151.67567 | L41: =F41-(I41-AK41) -> 0 | M41: 3.51 | N41: 0 | O41: =0*1.05 -> 0 | P41: 0 | Q41: =1069200/325851/1.9835*1.02 -> 1.6873604 | R41: =IF(((2*1.04)-T41)>=4.2,4.2,(2*1.04)-T41) -> 1.5043267 | S41: =IF(((2*1.04)-T41)>=4.2,((2*1.04)-T41)-4.2,0) -> 0 | T41: =(0.5222*1.06)*1.04 -> 0.57567328 | U41: =M41-(Q41+R41+S41+T41) -> -0.25736042 | V41: 49.4 | W41: 0 | X41: =M41-N41-O41-P41-Q41-R41-S41-T41-U41+V41+W41 -> 49.4 | Y41: =X41-AO41 -> 49.4 | AE41: 0 | AH41: 30.2 | AI41: =AI40-AH41 -> 1612.1579 | AK41: =N41+O41+P41+Q41+R41+S41+T41+U41+X41+AE41+AH41 -> 83.11 | AL41: =IF(L41<0,L41*-1,0) -> 0 | AM41: =AK41+AL41 -> 83.11 | AN41: =V41 -> 49.4 | AV41: 0 | AW41: 60 | AX41: 28 | AZ41: =SUM(N41,P41:U41) -> 3.51 | BA41: 0.328 | BB41: 19423
A42: 28 | B42: 6890.38 | C42: 249460 | D42: =C42-C41 -> 136 | E42: =C42-152000 -> 97460 | F42: =D42/$D$2 -> 68.565667 | G42: 143.80567 | H42: 8.44 | I42: =G42+H42 -> 152.24567 | J42: =IF(L42>0,L42,0) -> 0 | K42: =I42+J42 -> 152.24567 | L42: =F42-(I42-AK42) -> 0 | M42: 3.78 | N42: 0 | O42: =0*1.05 -> 0 | P42: 0 | Q42: =1278200/325851/1.9835*1.02 -> 2.0171943 | R42: =IF(((1.9*1.04)-T42)>=4.2,4.2,(1.9*1.04)-T42) -> 1.4003267 | S42: =IF(((1.9*1.04)-T42)>=4.2,((1.9*1.04)-T42)-4.2,0) -> 0 | T42: =(0.5222*1.06)*1.04 -> 0.57567328 | U42: =M42-(Q42+R42+S42+T42) -> -0.21319425 | V42: 49.4 | W42: 0 | X42: =M42-N42-O42-P42-Q42-R42-S42-T42-U42+V42+W42 -> 49.4 | Y42: =X42-AO42 -> 49.4 | AE42: 0 | AH42: 30.5 | AI42: =AI41-AH42 -> 1581.6579 | AK42: =N42+O42+P42+Q42+R42+S42+T42+U42+X42+AE42+AH42 -> 83.68 | AL42: =IF(L42<0,L42*-1,0) -> 0 | AM42: =AK42+AL42 -> 83.68 | AN42: =V42 -> 49.4 | AV42: 0 | AW42: 59 | AX42: 29 | AZ42: =SUM(N42,P42:U42) -> 3.78 | BA42: 0.367 | BB42: 19425
A43: 29 | B43: 6890.42 | C43: 249596 | D43: =C43-C42 -> 136 | E43: =C43-152000 -> 97596 | F43: =D43/$D$2 -> 68.565667 | G43: 143.90567 | H43: 9.56 | I43: =G43+H43 -> 153.46567 | J43: =IF(L43>0,L43,0) -> 0 | K43: =I43+J43 -> 153.46567 | L43: =F43-(I43-AK43) -> 0 | M43: 3.9 | N43: 0 | O43: =0*1.05 -> 0 | P43: 0 | Q43: =963900/325851/1.9835*1.02 -> 1.521181 | R43: =IF(((2*1.04)-T43)>=4.2,4.2,(2*1.04)-T43) -> 1.5043267 | S43: =IF(((2*1.04)-T43)>=4.2,((2*1.04)-T43)-4.2,0) -> 0 | T43: =(0.5222*1.06)*1.04 -> 0.57567328 | U43: =M43-(Q43+R43+S43+T43) -> 0.29881901 | V43: 50.4 | W43: 0 | X43: =M43-N43-O43-P43-Q43-R43-S43-T43-U43+V43+W43 -> 50.4 | Y43: =X43-AO43 -> 50.4 | AE43: 0 | AH43: 30.6 | AI43: =AI42-AH43 -> 1551.0579 | AK43: =N43+O43+P43+Q43+R43+S43+T43+U43+X43+AE43+AH43 -> 84.9 | AL43: =IF(L43<0,L43*-1,0) -> 0 | AM43: =AK43+AL43 -> 84.9 | AN43: =V43 -> 50.4 | AV43: 0 | AW43: 60 | AX43: 30 | AZ43: =SUM(N43,P43:U43) -> 3.9 | BA43: 0.391 | BB43: 19404
A45: MONTH / CFS | F45: =SUM(F15:F43) -> 1500.8823 | G45: =SUM(G15:G43) -> 3056.2703 | H45: =SUM(H15:H43) -> 66.57 | I45: =SUM(I15:I43) -> 3122.8403 | J45: =SUM(J15:J43) -> 0 | K45: =SUM(K15:K43) -> 3122.8403 | L45: =SUM(L15:L43) -> 0 | M45: =SUM(M15:M43) -> 108.66 | ... Y45: =SUM(Y15:Y43) -> 633.86445 | AC45: =SUM(AC15:AC43) -> 0 | AH45: =SUM(AH15:AH43) -> 877.7 | AJ45: =SUM(AJ15:AJ43) -> 0 | AK45: =SUM(AK15:AK43) -> 1621.958 | AL45: =SUM(AL15:AL43) -> 0 | AM45: =SUM(AM15:AM43) -> 1621.958 | AN45: =SUM(AN15:AN43) -> 635.59 | AO45: =SUM(AO15:AO43) -> 0 | AV45: =SUM(AV15:AV43) -> 0.48 | AW45: =AVERAGE(AW15:AW43) -> 49.482759 | AX45: =AVERAGE(AX15:AX43) -> 19.413793 | AY45: AVE | AZ45: =SUM(AZ15:AZ42) -> 104.76 | BA45: =SUM(BA15:BA43) -> 20.435
A46: MONTH / AF | D46: =SUM(D15:D42) -> 2841 | F46: =F45*$D$2 -> 2977 | G46: =G45*$D$2 -> 6062.1121 | H46: =H45*$D$2 -> 132.0416 | I46: =I45*$D$2 -> 6194.1537 | J46: =J45*$D$2 -> 0 | K46: =K45*$D$2 -> 6194.1537 | L46: =L45*$D$2 -> 0 | M46: =M45*$D$2 -> 215.52711 | ... O46: =O45*$D$2 -> 3.4384964 | Q46: =Q45*$D$2 -> 100.18664 | R46: =R45*$D$2 -> 91.216809 | S46: =S45*$D$2 -> 0 | T46: =T45*$D$2 -> 30.490751 | U46: =U45*$D$2 -> -6.3670875 | V46: =V45*$D$2 -> 1260.6928 | W46: =W45*$D$2 -> 0.015868 | X46: =X45*$D$2 -> 1257.2701 | Y46: =Y45*$D$2 -> 1257.2701 | AC46: =AC45*$D$2 -> 0 | AH46: =AH45*$D$2 -> 1740.918 | AJ46: =AJ45*$D$2 -> 0 | AK46: =AK45*$D$2 -> 3217.1537 | AL46: =AL45*$D$2 -> 0 | AM46: =AM45*$D$2 -> 3217.1537 | AN46: =AN45*$D$2 -> 1260.6928 | AO46: =AO45*$D$2 -> 0 | AW46: =MAX(AW15:AW42) -> 61 | AX46: =MAX(AX15:AX42) -> 32 | AY46: HI | AZ46: =AZ45*$D$2 -> 207.79146 | BA46: =BA45*D2 -> 40.532823
A48: SEASON / CFS | AW48: =MIN(AW15:AW42) -> 21 | AX48: =MIN(AX15:AX42) -> -6 | AY48: LO
A49: SEASON / AF
A51: YTD / CFS | F51: =F13+F45 -> 3240.7361 | G51: =G13+G45 -> 9583.0631 | H51: =H13+H45 -> 67.929 | I51: =I13+I45 -> 9650.9921 | J51: =J13+J45 -> 242.31133 | K51: =K13+K45 -> 9893.3034 | L51: =L13+L45 -> -45.681001 | M51: =M13+M45 -> 449.21 | ... Y51: =Y13+Y45 -> 2222.6573 | AC51: =AC13+AC45 -> 1714.0766 | AH51: =AH13+AH45 -> 3667.2 | AI51: =AI43 -> 1551.0579 | AJ51: =AJ13+AJ45 -> 0 | AK51: =AK13+AK45 -> 6364.575 | AL51: =AL13+AL45 -> 287.99233 | AM51: =AM13+AM45 -> 6652.5673 | AN51: =AN13+AN45 -> 2246.99 | AO51: =AO13+AO45 -> 0 | AV51: =AV13+AV45 -> 7.035 | AZ51: =AZ13+AZ45 -> 445.31 | BA51: =BA45+BA13 -> 55.532
A52: YTD / AF | D52: =D13+D46 -> 6292 | E52: =E42 -> 97460 | F52: =F51*$D$2 -> 6428 | G52: =G51*$D$2 -> 19008.006 | H52: =H51*$D$2 -> 134.73717 | I52: =I51*$D$2 -> 19142.743 | J52: =J51*$D$2 -> 480.62451 | K52: =K51*$D$2 -> 19623.367 | L52: =L51*$D$2 -> -90.608265 | M52: =M51*$D$2 -> 891.00803 | ... Y52: =Y51*$D$2 -> 4408.6409 | AC52: =AC51*$D$2 -> 3399.8709 | AH52: =AH51*$D$2 -> 7273.8912 | AI52: =AI51*$D$2 -> 3076.5233 | AJ52: =AJ51*$D$2 -> 0 | AK52: =AK51*$D$2 -> 12624.135 | AL52: =AL51*$D$2 -> 571.23278 | AM52: =AM51*$D$2 -> 13195.367 | AN52: =AN51*$D$2 -> 4456.9047 | AO52: =AO51*$D$2 -> 0 | AZ52: =AZ51*$D$2 -> 883.27238 | BA52: =BA51*D2 -> 110.14772

Sheet MAR
K1: MCPHEE RESERVOIR INFLOW/OUTFLOW TABULATION
A2: AF/cfs CONVERT FACTOR | D2: 1.9835 | K2: MARCH "2016"
D4: RESERVOIR | I4: INFLOW | X4: OUTFLOW | AP4: ADJUSTMENTS | AW4: WEATHER
A5: DATE | B5: RESERV | C5: RESERV | D5: AC FT | E5: ACTIVE | F5: CONV TO | G5: DOLORES | H5: LOST | I5: RECORD | J5: CALC | K5: TOTAL | L5: CALC | M5: DOLORES TUNNEL | V5: LONE | W5: U | X5: TOTAL | Y5: TOTAL | Z5: MVI | AA5: MVI | AB5: MVI | AC5: TO EX & | AD5: MVI | AE5: DV CR | AF5: D/S SENIOR | AH5: BELOW | AI5: FISH | AJ5: SPILL | AK5: RECORD | AL5: CALC | AM5: TOTAL | AN5: NAR | AO5: MVI | AP5: MVI | AQ5: MVI | AR5: DIST. | AS5: U/S | AT5: TOTTEN | AU5: UF&R | AV5: RAIN | AW5: MAX | AX5: MIN | AZ5: TOTAL | BA5: GRNDHOG | BB5: GRNDHOG
A6: MAR | B6: ELEV | D6: CHANGE | E6: CAP | F6: CFS | G6: RIVER | H6: CAN | I6: INFLOW | J6: INFLOW | K6: INFLOW | L6: INF/OTF | M6: TOT DIV | N6: WET | O6: UTE | P6: QUEST | Q6: MWC | R6: CORTEZ | T6: UTE | U6: F-BAY | V6: PINE | W6: LAT | X6: MVI | Y6: MVI | Z6: CALL | AA6: CALL | AB6: APR- | AC6: U/S EX | AD6: PROJ | AE6: CANAL | AF6: MVIC | AG6: PROJ | AH6: MCP | AI6: LEFT | AK6: OTF | AL6: OTF | AM6: OTF | AN6: FILL | AO6: STOCK | AP6: STORED | AQ6: STORED | AR6: CLASS | AS6: USERS | AT6: (FRESH | AU6: LEASE | AW6: TMP | AX6: TMP | AZ6: TUNNEL | BA6: DISCHARGE | BB6: CAPACITY
N7: LAND | O7: F&R | Q7: NON - | R7: NON - | S7: PROJ | T7: PROJ | U7: BAL | X7: WATER | Y7: IRRIG. | Z7: STOR | AA7: SPILLED | AB7: JUNE | AF7: 1.7 | AG7: 1.3 | AP7: Apr - Jun | AQ7: EVAP | AR7: "B" | AS7: EXCH | AT7: WATER) | AU7: WATER | AZ7: Misc.
Q8: PROJ | R8: PROJ | X8: USED | Y8: WATER | AA8: OR | AB8: (DIV+
R9: 4.2 | Y9: USED | AA9: USED | AB9: CALL) | BB9: FP = 3960
C10: AC. Ft. | E10: AC FT | G10: CFS | H10: CFS | I10: CFS | J10: CFS | K10: CFS | L10: CFS | M10: CFS | N10: CFS | O10: CFS | P10: CFS | Q10: CFS | R10: CFS | S10: CFS | T10: CFS | U10: CFS | V10: CFS | W10: CFS | X10: 153400 | Y10: 150400 | AB10: 72000 | AC10: CFS | AD10: CFS | AE10: CFS | AF10: CFS | AG10: CFS | AH10: CFS | AI10: CFS | AJ10: CFS | AK10: CFS | AL10: CFS | AM10: CFS | AN10: CFS | AO10: CFS | AP10: CFS | AQ10: AC.FT. | AR10: CFS | AS10: CFS | AT10: CFS | AU10: CFS | AZ10: Outflow | BA10: CFS | BB10: AC FT
N11: 1.03 | O11: 1.05 | P11: 1.02 | Q11: 1.02 | R11: 1.04 | T11: 1.04 | X11: CFS | Y11: CFS | Z11: CFS | AA11: CFS | AB11: Ac. Ft. | AZ11: CFS
A12: SEASON BAL
A13: YTD | B13: =FEB!B42 -> 6890.38 | C13: =FEB!C42 -> 249460 | D13: =FEB!D52 -> 6292 | E13: =FEB!E52 -> 97460 | F13: =FEB!F51 -> 3240.7361 | G13: =FEB!G51 -> 9583.0631 | H13: =FEB!H51 -> 67.929 | I13: =FEB!I51 -> 9650.9921 | J13: =FEB!J51 -> 242.31133 | K13: =FEB!K51 -> 9893.3034 | L13: =FEB!L51 -> -45.681001 | M13: =FEB!M51 -> 449.21 | ... Y13: =FEB!Y51 -> 2222.6573 | AC13: =FEB!AC51 -> 1714.0766 | AH13: =FEB!AH51 -> 3667.2 | AI13: =FEB!AI51 -> 1551.0579 | AJ13: =FEB!AJ51 -> 0 | AK13: =FEB!AK51 -> 6364.575 | AL13: =FEB!AL51 -> 287.99233 | AM13: =FEB!AM51 -> 6652.5673 | AN13: =FEB!AN51 -> 2246.99 | AO13: =FEB!AO51 -> 0 | AV13: =FEB!AV51 -> 7.035 | AZ13: =FEB!AZ51 -> 445.31 | BA13: =FEB!BA51 -> 55.532
A15: 1 | B15: 6890.54 | C15: 250005 | D15: =C15-C13 -> 545 | E15: =C15-152000 -> 98005 | F15: =D15/$D$2 -> 274.76683 | G15: 352.81683 | H15: 8.67 | I15: =G15+H15 -> 361.48683 | J15: =IF(L15>0,L15,0) -> 0 | K15: =I15+J15 -> 361.48683 | L15: =F15-(I15-AK15) -> 0 | M15: 3.72 | N15: 0 | O15: =0*1.05 -> 0 | P15: 0 | Q15: =1013900/325851/1.9835*1.02 -> 1.6000886 | R15: =IF(((2*1.04)-T15)>=4.2,4.2,(2*1.04)-T15) -> 1.4623253 | S15: =IF(((2*1.04)-T15)>=4.2,((2*1.04)-T15)-4.2,0) -> 0 | T15: =(0.5603*1.06)*1.04 -> 0.61767472 | U15: =M15-(Q15+R15+S15+T15) -> 0.039911397 | V15: 51 | W15: 0 | X15: =M15-N15-O15-P15-Q15-R15-S15-T15-U15+V15+W15 -> 51 | Y15: =X15-AO15 -> 51 | AE15: 0 | AH15: 32 | AI15: =AI13-AH15 -> 1519.0579 | AK15: =N15+O15+P15+Q15+R15+S15+T15+U15+X15+AE15+AH15 -> 86.72 | AL15: =IF(L15<0,L15*-1,0) -> 0 | AM15: =AK15+AL15 -> 86.72 | AN15: =V15 -> 51 | AV15: 0 | AW15: 60 | AX15: 29 | AZ15: =SUM(N15,P15:U15) -> 3.72 | BA15: 0.443 | BB15: 19361
A16: =A15+1 -> 2 | B16: 6890.64 | C16: 250345 | D16: =C16-C15 -> 340 | E16: =C16-152000 -> 98345 | F16: =D16/$D$2 -> 171.41417 | G16: 170 | H16: 5.03 | I16: =G16+H16 -> 175.03 | J16: =IF(L16>0,L16,0) -> 80.964167 | K16: =I16+J16 -> 255.99417 | L16: =F16-(I16-AK16) -> 80.964167 | M16: 2.78 | N16: 0 | O16: =0*1.05 -> 0 | P16: 0 | Q16: =1059700/325851/1.9835*1.02 -> 1.672368 | R16: =IF(((2*1.04)-T16)>=4.2,4.2,(2*1.04)-T16) -> 1.4623253 | S16: =IF(((2*1.04)-T16)>=4.2,((2*1.04)-T16)-4.2,0) -> 0 | T16: =(0.5603*1.06)*1.04 -> 0.61767472 | U16: =M16-(Q16+R16+S16+T16) -> -0.97236798 | V16: 51 | W16: 0 | X16: =M16-N16-O16-P16-Q16-R16-S16-T16-U16+V16+W16 -> 51 | Y16: =X16-AO16 -> 51 | AE16: 0 | AH16: 30.8 | AI16: =AI15-AH16 -> 1488.2579 | AK16: =N16+O16+P16+Q16+R16+S16+T16+U16+X16+AE16+AH16 -> 84.58 | AL16: =IF(L16<0,L16*-1,0) -> 0 | AM16: =AK16+AL16 -> 84.58 | AN16: =V16 -> 51 | AV16: 0 | AW16: 61 | AX16: 28 | AZ16: =SUM(N16,P16:U16) -> 2.78 | BA16: 0.376 | BB16: 19372
A17: =A16+1 -> 3 | B17: 6890.76 | C17: 250753 | D17: =C17-C16 -> 408 | E17: =C17-152000 -> 98753 | F17: =D17/$D$2 -> 205.697 | G17: 168 | H17: 4.8 | I17: =G17+H17 -> 172.8 | J17: =IF(L17>0,L17,0) -> 131.447 | K17: =I17+J17 -> 304.247 | L17: =F17-(I17-AK17) -> 131.447 | M17: 3.75 | N17: 0 | O17: =0*1.05 -> 0 | P17: 0 | Q17: =1131400/325851/1.9835*1.02 -> 1.7855215 | R17: =IF(((1.9*1.04)-T17)>=4.2,4.2,(1.9*1.04)-T17) -> 1.3583253 | S17: =IF(((1.9*1.04)-T17)>=4.2,((1.9*1.04)-T17)-4.2,0) -> 0 | T17: =(0.5603*1.06)*1.04 -> 0.61767472 | U17: =M17-(Q17+R17+S17+T17) -> -0.011521497 | V17: 51 | W17: 0 | X17: =M17-N17-O17-P17-Q17-R17-S17-T17-U17+V17+W17 -> 51 | Y17: =X17-AO17 -> 51 | AE17: 0 | AH17: 43.8 | AI17: =AI16-AH17 -> 1444.4579 | AK17: =N17+O17+P17+Q17+R17+S17+T17+U17+X17+AE17+AH17 -> 98.55 | AL17: =IF(L17<0,L17*-1,0) -> 0 | AM17: =AK17+AL17 -> 98.55 | AN17: =V17 -> 51 | AV17: 0 | AW17: 66 | AX17: 31 | AZ17: =SUM(N17,P17:U17) -> 3.75 | BA17: 0.46 | BB17: 19393
A18: =A17+1 -> 4 | B18: 6890.87 | C18: 251127 | D18: =C18-C17 -> 374 | E18: =C18-152000 -> 99127 | F18: =D18/$D$2 -> 188.55558 | G18: 184 | H18: 5.08 | I18: =G18+H18 -> 189.08 | J18: =IF(L18>0,L18,0) -> 102.93558 | K18: =I18+J18 -> 292.01558 | L18: =F18-(I18-AK18) -> 102.93558 | M18: 4.06 | N18: 0 | O18: =0*1.05 -> 0 | P18: 0 | Q18: =988400/325851/1.9835*1.02 -> 1.5598457 | R18: =IF(((2*1.04)-T18)>=4.2,4.2,(2*1.04)-T18) -> 1.5607696 | S18: =IF(((2*1.04)-T18)>=4.2,((2*1.04)-T18)-4.2,0) -> 0 | T18: =(0.471*1.06)*1.04 -> 0.5192304 | U18: =M18-(Q18+R18+S18+T18) -> 0.42015428 | V18: 51 | W18: 0 | X18: =M18-N18-O18-P18-Q18-R18-S18-T18-U18+V18+W18 -> 51 | Y18: =X18-AO18 -> 51 | AE18: 0 | AH18: 48.4 | AI18: =AI17-AH18 -> 1396.0579 | AK18: =N18+O18+P18+Q18+R18+S18+T18+U18+X18+AE18+AH18 -> 103.46 | AL18: =IF(L18<0,L18*-1,0) -> 0 | AM18: =AK18+AL18 -> 103.46 | AN18: =V18 -> 51 | AV18: 0 | AW18: 65 | AX18: 31 | AZ18: =SUM(N18,P18:U18) -> 4.06 | BA18: 0.524 | BB18: 19391
A19: =A18+1 -> 5 | B19: 6890.94 | C19: 251365 | D19: =C19-C18 -> 238 | E19: =C19-152000 -> 99365 | F19: =D19/$D$2 -> 119.98992 | G19: 184 | H19: 5.93 | I19: =G19+H19 -> 189.93 | J19: =IF(L19>0,L19,0) -> 33.339917 | K19: =I19+J19 -> 223.26992 | L19: =F19-(I19-AK19) -> 33.339917 | M19: 3.08 | N19: 0 | O19: =0*1.05 -> 0 | P19: 0 | Q19: =980500/325851/1.9835*1.02 -> 1.5473783 | R19: =IF(((1.9*1.04)-T19)>=4.2,4.2,(1.9*1.04)-T19) -> 1.4567696 | S19: =IF(((1.9*1.04)-T19)>=4.2,((1.9*1.04)-T19)-4.2,0) -> 0 | T19: =(0.471*1.06)*1.04 -> 0.5192304 | U19: =M19-(Q19+R19+S19+T19) -> -0.44337832 | V19: 51 | W19: 0 | X19: =M19-N19-O19-P19-Q19-R19-S19-T19-U19+V19+W19 -> 51 | Y19: =X19-AO19 -> 51 | AE19: 0 | AH19: 49.2 | AI19: =AI18-AH19 -> 1346.8579 | AK19: =N19+O19+P19+Q19+R19+S19+T19+U19+X19+AE19+AH19 -> 103.28 | AL19: =IF(L19<0,L19*-1,0) -> 0 | AM19: =AK19+AL19 -> 103.28 | AN19: =V19 -> 51 | AV19: 0 | AW19: 65 | AX19: 32 | AZ19: =SUM(N19,P19:U19) -> 3.08 | BA19: 0.516 | BB19: 19384
A20: =A19+1 -> 6 | B20: 6891.14 | C20: 252050 | D20: =C20-C19 -> 685 | E20: =C20-152000 -> 100050 | F20: =D20/$D$2 -> 345.34913 | G20: 192 | H20: 7.9 | I20: =G20+H20 -> 199.9 | J20: =IF(L20>0,L20,0) -> 249.10913 | K20: =I20+J20 -> 449.00913 | L20: =F20-(I20-AK20) -> 249.10913 | M20: 3.36 | N20: 0 | O20: =0*1.05 -> 0 | P20: 0 | Q20: =1069700/325851/1.9835*1.02 -> 1.6881495 | R20: =IF(((1.9*1.04)-T20)>=4.2,4.2,(1.9*1.04)-T20) -> 1.4567696 | S20: =IF(((1.9*1.04)-T20)>=4.2,((1.9*1.04)-T20)-4.2,0) -> 0 | T20: =(0.471*1.06)*1.04 -> 0.5192304 | U20: =M20-(Q20+R20+S20+T20) -> -0.3041495 | V20: 51.1 | W20: 0 | X20: =M20-N20-O20-P20-Q20-R20-S20-T20-U20+V20+W20 -> 51.1 | Y20: =X20-AO20 -> 51.1 | AE20: 0 | AH20: 49.2 | AI20: =AI19-AH20 -> 1297.6579 | AK20: =N20+O20+P20+Q20+R20+S20+T20+U20+X20+AE20+AH20 -> 103.66 | AL20: =IF(L20<0,L20*-1,0) -> 0 | AM20: =AK20+AL20 -> 103.66 | AN20: =V20 -> 51.1 | AV20: 0.07 | AW20: 56 | AX20: 36 | AZ20: =SUM(N20,P20:U20) -> 3.36 | BA20: 0.623 | BB20: 19419
A21: =A20+1 -> 7 | B21: 6891.28 | C21: 252530 | D21: =C21-C20 -> 480 | E21: =C21-152000 -> 100530 | F21: =D21/$D$2 -> 241.99647 | G21: 193 | H21: 9.74 | I21: =G21+H21 -> 202.74 | J21: =IF(L21>0,L21,0) -> 143.84647 | K21: =I21+J21 -> 346.58647 | L21: =F21-(I21-AK21) -> 143.84647 | M21: 3.89 | N21: 0 | O21: =0*1.05 -> 0 | P21: 0 | Q21: =1066200/325851/1.9835*1.02 -> 1.682626 | R21: =IF(((2*1.04)-T21)>=4.2,4.2,(2*1.04)-T21) -> 1.5607696 | S21: =IF(((2*1.04)-T21)>=4.2,((2*1.04)-T21)-4.2,0) -> 0 | T21: =(0.471*1.06)*1.04 -> 0.5192304 | U21: =M21-(Q21+R21+S21+T21) -> 0.12737403 | V21: 51.5 | W21: 0 | X21: =M21-N21-O21-P21-Q21-R21-S21-T21-U21+V21+W21 -> 51.5 | Y21: =X21-AO21 -> 51.5 | AE21: 0 | AH21: 49.2 | AI21: =AI20-AH21 -> 1248.4579 | AK21: =N21+O21+P21+Q21+R21+S21+T21+U21+X21+AE21+AH21 -> 104.59 | AL21: =IF(L21<0,L21*-1,0) -> 0 | AM21: =AK21+AL21 -> 104.59 | AN21: =V21 -> 51.5 | AV21: 0.05 | AW21: 50 | AX21: 29 | AZ21: =SUM(N21,P21:U21) -> 3.89 | BA21: 0.604 | BB21: 19450
A22: =A21+1 -> 8 | B22: 6891.38 | C22: 252874 | D22: =C22-C21 -> 344 | E22: =C22-152000 -> 100874 | F22: =D22/$D$2 -> 173.4308 | G22: 156 | H22: 7.81 | I22: =G22+H22 -> 163.81 | J22: =IF(L22>0,L22,0) -> 114.0408 | K22: =I22+J22 -> 277.8508 | L22: =F22-(I22-AK22) -> 114.0408 | M22: 3.72 | N22: 0 | O22: =0*1.05 -> 0 | P22: 0 | Q22: =1098300/325851/1.9835*1.02 -> 1.7332847 | R22: =IF(((2*1.04)-T22)>=4.2,4.2,(2*1.04)-T22) -> 1.5607696 | S22: =IF(((2*1.04)-T22)>=4.2,((2*1.04)-T22)-4.2,0) -> 0 | T22: =(0.471*1.06)*1.04 -> 0.5192304 | U22: =M22-(Q22+R22+S22+T22) -> -0.093284656 | V22: 51.5 | W22: 0 | X22: =M22-N22-O22-P22-Q22-R22-S22-T22-U22+V22+W22 -> 51.5 | Y22: =X22-AO22 -> 51.5 | AE22: 0 | AH22: 49.2 | AI22: =AI21-AH22 -> 1199.2579 | AK22: =N22+O22+P22+Q22+R22+S22+T22+U22+X22+AE22+AH22 -> 104.42 | AL22: =IF(L22<0,L22*-1,0) -> 0 | AM22: =AK22+AL22 -> 104.42 | AN22: =V22 -> 51.5 | AV22: 0 | AW22: 55 | AX22: 25 | AZ22: =SUM(N22,P22:U22) -> 3.72 | BA22: 0.694 | BB22: 19461
A23: =A22+1 -> 9 | B23: 6891.47 | C23: 253183 | D23: =C23-C22 -> 309 | E23: =C23-152000 -> 101183 | F23: =D23/$D$2 -> 155.78523 | G23: 157 | H23: 6.61 | I23: =G23+H23 -> 163.61 | J23: =IF(L23>0,L23,0) -> 95.745228 | K23: =I23+J23 -> 259.35523 | L23: =F23-(I23-AK23) -> 95.745228 | M23: 2.67 | N23: 0 | O23: =0*1.05 -> 0 | P23: 0 | Q23: =1054400/325851/1.9835*1.02 -> 1.6640038 | R23: =IF(((1.9*1.04)-T23)>=4.2,4.2,(1.9*1.04)-T23) -> 1.4567696 | S23: =IF(((1.9*1.04)-T23)>=4.2,((1.9*1.04)-T23)-4.2,0) -> 0 | T23: =(0.471*1.06)*1.04 -> 0.5192304 | U23: =M23-(Q23+R23+S23+T23) -> -0.97000377 | V23: 51.7 | W23: 0 | X23: =M23-N23-O23-P23-Q23-R23-S23-T23-U23+V23+W23 -> 51.7 | Y23: =X23-AO23 -> 51.7 | AE23: 0 | AH23: 49.2 | AI23: =AI22-AH23 -> 1150.0579 | AK23: =N23+O23+P23+Q23+R23+S23+T23+U23+X23+AE23+AH23 -> 103.57 | AL23: =IF(L23<0,L23*-1,0) -> 0 | AM23: =AK23+AL23 -> 103.57 | AN23: =V23 -> 51.7 | AV23: 0 | AW23: 56 | AX23: 25 | AZ23: =SUM(N23,P23:U23) -> 2.67 | BA23: 0.757 | BB23: 19465
A24: =A23+1 -> 10 | B24: 6891.55 | C24: 253458 | D24: =C24-C23 -> 275 | E24: =C24-152000 -> 101458 | F24: =D24/$D$2 -> 138.64381 | G24: 150 | H24: 5.69 | I24: =G24+H24 -> 155.69 | J24: =IF(L24>0,L24,0) -> 86.973811 | K24: =I24+J24 -> 242.66381 | L24: =F24-(I24-AK24) -> 86.973811 | M24: 3.42 | N24: 0 | O24: =0*1.05 -> 0 | P24: 0 | Q24: =1221600/325851/1.9835*1.02 -> 1.9278708 | R24: =IF(((2*1.04)-T24)>=4.2,4.2,(2*1.04)-T24) -> 1.5607696 | S24: =IF(((2*1.04)-T24)>=4.2,((2*1.04)-T24)-4.2,0) -> 0 | T24: =(0.471*1.06)*1.04 -> 0.5192304 | U24: =M24-(Q24+R24+S24+T24) -> -0.58787083 | V24: 51.7 | W24: 0 | X24: =M24-N24-O24-P24-Q24-R24-S24-T24-U24+V24+W24 -> 51.7 | Y24: =X24-AO24 -> 51.7 | AE24: 0 | AH24: 48.9 | AI24: =AI23-AH24 -> 1101.1579 | AK24: =N24+O24+P24+Q24+R24+S24+T24+U24+X24+AE24+AH24 -> 104.02 | AL24: =IF(L24<0,L24*-1,0) -> 0 | AM24: =AK24+AL24 -> 104.02 | AN24: =V24 -> 51.7 | AV24: 0 | AW24: 69 | AX24: 30 | AZ24: =SUM(N24,P24:U24) -> 3.42 | BA24: 0.791 | BB24: 19486
A25: =A24+1 -> 11 | B25: 6891.69 | C25: 253938 | D25: =C25-C24 -> 480 | E25: =C25-152000 -> 101938 | F25: =D25/$D$2 -> 241.99647 | G25: 171 | H25: 7.18 | I25: =G25+H25 -> 178.18 | J25: =IF(L25>0,L25,0) -> 168.97647 | K25: =I25+J25 -> 347.15647 | L25: =F25-(I25-AK25) -> 168.97647 | M25: 3.16 | N25: 0 | O25: =0*1.05 -> 0 | P25: 0 | Q25: =852900/325851/1.9835*1.02 -> 1.3460061 | R25: =IF(((2*1.04)-T25)>=4.2,4.2,(2*1.04)-T25) -> 1.4840426 | S25: =IF(((2*1.04)-T25)>=4.2,((2*1.04)-T25)-4.2,0) -> 0 | T25: =(0.5406*1.06)*1.04 -> 0.59595744 | U25: =M25-(Q25+R25+S25+T25) -> -0.26600608 | V25: 51.8 | W25: 0 | X25: =M25-N25-O25-P25-Q25-R25-S25-T25-U25+V25+W25 -> 51.8 | Y25: =X25-AO25 -> 51.8 | AE25: 0 | AH25: 50.2 | AI25: =AI24-AH25 -> 1050.9579 | AK25: =N25+O25+P25+Q25+R25+S25+T25+U25+X25+AE25+AH25 -> 105.16 | AL25: =IF(L25<0,L25*-1,0) -> 0 | AM25: =AK25+AL25 -> 105.16 | AN25: =V25 -> 51.8 | AV25: 0 | AW25: 70 | AX25: 33 | AZ25: =SUM(N25,P25:U25) -> 3.16 | BA25: 0.967 | BB25: 19532
A26: =A25+1 -> 12 | B26: 6891.88 | C26: 254591 | D26: =C26-C25 -> 653 | E26: =C26-152000 -> 102591 | F26: =D26/$D$2 -> 329.21603 | G26: 205 | H26: 11.2 | I26: =G26+H26 -> 216.2 | J26: =IF(L26>0,L26,0) -> 218.56603 | K26: =I26+J26 -> 434.76603 | L26: =F26-(I26-AK26) -> 218.56603 | M26: 3.35 | N26: 0 | O26: =0*1.05 -> 0 | P26: 0 | Q26: =1019300/325851/1.9835*1.02 -> 1.6086106 | R26: =IF(((2*1.04)-T26)>=4.2,4.2,(2*1.04)-T26) -> 1.4840426 | S26: =IF(((2*1.04)-T26)>=4.2,((2*1.04)-T26)-4.2,0) -> 0 | T26: =(0.5406*1.06)*1.04 -> 0.59595744 | U26: =M26-(Q26+R26+S26+T26) -> -0.33861063 | V26: 51.8 | W26: 0 | X26: =M26-N26-O26-P26-Q26-R26-S26-T26-U26+V26+W26 -> 51.8 | Y26: =X26-AO26 -> 51.8 | AE26: 0 | AH26: 50.4 | AI26: =AI25-AH26 -> 1000.5579 | AK26: =N26+O26+P26+Q26+R26+S26+T26+U26+X26+AE26+AH26 -> 105.55 | AL26: =IF(L26<0,L26*-1,0) -> 0 | AM26: =AK26+AL26 -> 105.55 | AN26: =V26 -> 51.8 | AV26: 0.01 | AW26: 54 | AX26: 29 | AZ26: =SUM(N26,P26:U26) -> 3.35 | BA26: 1.17 | BB26: 19551
A27: =A26+1 -> 13 | B27: 6892.03 | C27: 255107 | D27: =C27-C26 -> 516 | E27: =C27-152000 -> 103107 | F27: =D27/$D$2 -> 260.14621 | G27: 198 | H27: 9.87 | I27: =G27+H27 -> 207.87 | J27: =IF(L27>0,L27,0) -> 157.74621 | K27: =I27+J27 -> 365.61621 | L27: =F27-(I27-AK27) -> 157.74621 | M27: 3.07 | N27: 0 | O27: =0*1.05 -> 0 | P27: 0 | Q27: =1087800/325851/1.9835*1.02 -> 1.7167141 | R27: =IF(((1.9*1.04)-T27)>=4.2,4.2,(1.9*1.04)-T27) -> 1.3800426 | S27: =IF(((1.9*1.04)-T27)>=4.2,((1.9*1.04)-T27)-4.2,0) -> 0 | T27: =(0.5406*1.06)*1.04 -> 0.59595744 | U27: =M27-(Q27+R27+S27+T27) -> -0.62271406 | V27: 51.8 | W27: 0 | X27: =M27-N27-O27-P27-Q27-R27-S27-T27-U27+V27+W27 -> 51.8 | Y27: =X27-AO27 -> 51.8 | AE27: 0 | AH27: 50.6 | AI27: =AI26-AH27 -> 949.95788 | AK27: =N27+O27+P27+Q27+R27+S27+T27+U27+X27+AE27+AH27 -> 105.47 | AL27: =IF(L27<0,L27*-1,0) -> 0 | AM27: =AK27+AL27 -> 105.47 | AN27: =V27 -> 51.8 | AV27: 0 | AW27: 57 | AX27: 24 | AZ27: =SUM(N27,P27:U27) -> 3.07 | BA27: 1.3 | BB27: 19550
A28: =A27+1 -> 14 | B28: 6892.09 | C28: 255315 | D28: =C28-C27 -> 208 | E28: =C28-152000 -> 103315 | F28: =D28/$D$2 -> 104.86514 | G28: 200 | H28: 8.81 | I28: =G28+H28 -> 208.81 | J28: =IF(L28>0,L28,0) -> 1.9251374 | K28: =I28+J28 -> 210.73514 | L28: =F28-(I28-AK28) -> 1.9251374 | M28: 3.07 | N28: 0 | O28: =0*1.05 -> 0 | P28: 0 | Q28: =1053300/325851/1.9835*1.02 -> 1.6622678 | R28: =IF(((2*1.04)-T28)>=4.2,4.2,(2*1.04)-T28) -> 1.4840426 | S28: =IF(((2*1.04)-T28)>=4.2,((2*1.04)-T28)-4.2,0) -> 0 | T28: =(0.5406*1.06)*1.04 -> 0.59595744 | U28: =M28-(Q28+R28+S28+T28) -> -0.6722678 | V28: 52.2 | W28: 0 | X28: =M28-N28-O28-P28-Q28-R28-S28-T28-U28+V28+W28 -> 52.2 | Y28: =X28-AO28 -> 52.2 | AE28: 0 | AH28: 50.6 | AI28: =AI27-AH28 -> 899.35788 | AK28: =N28+O28+P28+Q28+R28+S28+T28+U28+X28+AE28+AH28 -> 105.87 | AL28: =IF(L28<0,L28*-1,0) -> 0 | AM28: =AK28+AL28 -> 105.87 | AN28: =V28 -> 52.2 | AV28: 0 | AW28: 60 | AX28: 28 | AZ28: =SUM(N28,P28:U28) -> 3.07 | BA28: 1.13 | BB28: 19575
A29: =A28+1 -> 15 | B29: 6892.16 | C29: 255557 | D29: =C29-C28 -> 242 | E29: =C29-152000 -> 103557 | F29: =D29/$D$2 -> 122.00655 | G29: 208 | H29: 9.49 | I29: =G29+H29 -> 217.49 | J29: =IF(L29>0,L29,0) -> 0 | K29: =I29+J29 -> 217.49 | L29: =F29-(I29-AK29) -> -5.8134459 | M29: 3.07 | N29: 0 | O29: =0*1.05 -> 0 | P29: 0 | Q29: =1055700/325851/1.9835*1.02 -> 1.6660554 | R29: =IF(((1.9*1.04)-T29)>=4.2,4.2,(1.9*1.04)-T29) -> 1.3800426 | S29: =IF(((1.9*1.04)-T29)>=4.2,((1.9*1.04)-T29)-4.2,0) -> 0 | T29: =(0.5406*1.06)*1.04 -> 0.59595744 | U29: =M29-(Q29+R29+S29+T29) -> -0.57205537 | V29: 36.2 | W29: 0 | X29: =M29-N29-O29-P29-Q29-R29-S29-T29-U29+V29+W29 -> 36.2 | Y29: =X29-AO29 -> 36.2 | AE29: 0 | AH29: 50.4 | AI29: =AI28-AH29 -> 848.95788 | AK29: =N29+O29+P29+Q29+R29+S29+T29+U29+X29+AE29+AH29 -> 89.67 | AL29: =IF(L29<0,L29*-1,0) -> 5.8134459 | AM29: =AK29+AL29 -> 95.483446 | AN29: =V29 -> 36.2 | AV29: 0 | AW29: 51 | AX29: 27 | AZ29: =SUM(N29,P29:U29) -> 3.07 | BA29: 0.859 | BB29: 19607
A30: =A29+1 -> 16 | B30: 6892.22 | C30: 255765 | D30: =C30-C29 -> 208 | E30: =C30-152000 -> 103765 | F30: =D30/$D$2 -> 104.86514 | G30: 199 | H30: 8.23 | I30: =G30+H30 -> 207.23 | J30: =IF(L30>0,L30,0) -> 0 | K30: =I30+J30 -> 207.23 | L30: =F30-(I30-AK30) -> -24.194863 | M30: 3.07 | N30: 0 | O30: =0*1.05 -> 0 | P30: 0 | Q30: =1042300/325851/1.9835*1.02 -> 1.6449081 | R30: =IF(((2*1.04)-T30)>=4.2,4.2,(2*1.04)-T30) -> 1.4840426 | S30: =IF(((2*1.04)-T30)>=4.2,((2*1.04)-T30)-4.2,0) -> 0 | T30: =(0.5406*1.06)*1.04 -> 0.59595744 | U30: =M30-(Q30+R30+S30+T30) -> -0.65490813 | V30: 25.1 | W30: 0 | X30: =M30-N30-O30-P30-Q30-R30-S30-T30-U30+V30+W30 -> 25.1 | Y30: =X30-AO30 -> 25.1 | AE30: 0 | AH30: 50 | AI30: =AI29-AH30 -> 798.95788 | AK30: =N30+O30+P30+Q30+R30+S30+T30+U30+X30+AE30+AH30 -> 78.17 | AL30: =IF(L30<0,L30*-1,0) -> 24.194863 | AM30: =AK30+AL30 -> 102.36486 | AN30: =V30 -> 25.1 | AV30: 0 | AW30: 54 | AX30: 26 | AZ30: =SUM(N30,P30:U30) -> 3.07 | BA30: 0.859 | BB30: 19645
A31: 17 | B31: 6892.35 | C31: 256216 | D31: =C31-C30 -> 451 | E31: =C31-152000 -> 104216 | F31: =D31/$D$2 -> 227.37585 | G31: 188 | H31: 6.92 | I31: =G31+H31 -> 194.92 | J31: =IF(L31>0,L31,0) -> 105.22585 | K31: =I31+J31 -> 300.14585 | L31: =F31-(I31-AK31) -> 105.22585 | M31: 3.07 | N31: 0 | O31: =0*1.05 -> 0 | P31: 0 | Q31: =1062600/325851/1.9835*1.02 -> 1.6769446 | R31: =IF(((2*1.04)-T31)>=4.2,4.2,(2*1.04)-T31) -> 1.4840426 | S31: =IF(((2*1.04)-T31)>=4.2,((2*1.04)-T31)-4.2,0) -> 0 | T31: =(0.5406*1.06)*1.04 -> 0.59595744 | U31: =M31-(Q31+R31+S31+T31) -> -0.68694462 | V31: 18.3 | W31: 0 | X31: =M31-N31-O31-P31-Q31-R31-S31-T31-U31+V31+W31 -> 18.3 | Y31: =X31-AO31 -> 18.3 | AE31: 0 | AH31: 51.4 | AI31: =AI30-AH31 -> 747.55788 | AK31: =N31+O31+P31+Q31+R31+S31+T31+U31+X31+AE31+AH31 -> 72.77 | AL31: =IF(L31<0,L31*-1,0) -> 0 | AM31: =AK31+AL31 -> 72.77 | AN31: =V31 -> 18.3 | AV31: 0 | AW31: 60 | AX31: 26 | AZ31: =SUM(N31,P31:U31) -> 3.07 | BA31: 0.975 | BB31: 19647
A32: =A31+1 -> 18 | B32: 6892.52 | C32: 256805 | D32: =C32-C31 -> 589 | E32: =C32-152000 -> 104805 | F32: =D32/$D$2 -> 296.94984 | G32: 210 | H32: 6.79 | I32: =G32+H32 -> 216.79 | J32: =IF(L32>0,L32,0) -> 136.25984 | K32: =I32+J32 -> 353.04984 | L32: =F32-(I32-AK32) -> 136.25984 | M32: 3.8 | N32: 0 | O32: =0*1.05 -> 0 | P32: 0 | Q32: =944100/325851/1.9835*1.02 -> 1.4899336 | R32: =IF(((2*1.04)-T32)>=4.2,4.2,(2*1.04)-T32) -> 1.5042165 | S32: =IF(((2*1.04)-T32)>=4.2,((2*1.04)-T32)-4.2,0) -> 0 | T32: =(0.5223*1.06)*1.04 -> 0.57578352 | U32: =M32-(Q32+R32+S32+T32) -> 0.23006643 | V32: 0 | W32: 0 | X32: =M32-N32-O32-P32-Q32-R32-S32-T32-U32+V32+W32 -> 0 | Y32: =X32-AO32 -> 0 | AE32: 0 | AH32: 52.3 | AI32: =AI31-AH32 -> 695.25788 | AK32: =N32+O32+P32+Q32+R32+S32+T32+U32+X32+AE32+AH32 -> 56.1 | AL32: =IF(L32<0,L32*-1,0) -> 0 | AM32: =AK32+AL32 -> 56.1 | AN32: =V32 -> 0 | AV32: 0 | AW32: 60 | AX32: 28 | AZ32: =SUM(N32,P32:U32) -> 3.8 | BA32: 0.934 | BB32: 19690
A33: =A32+1 -> 19 | B33: 6892.67 | C33: 257325 | D33: =C33-C32 -> 520 | E33: =C33-152000 -> 105325 | F33: =D33/$D$2 -> 262.16284 | G33: 222 | H33: 7.07 | I33: =G33+H33 -> 229.07 | J33: =IF(L33>0,L33,0) -> 88.602843 | K33: =I33+J33 -> 317.67284 | L33: =F33-(I33-AK33) -> 88.602843 | M33: 3.11 | N33: 0 | O33: =0*1.05 -> 0 | P33: 0 | Q33: =1097800/325851/1.9835*1.02 -> 1.7324956 | R33: =IF(((1.9*1.04)-T33)>=4.2,4.2,(1.9*1.04)-T33) -> 1.4002165 | S33: =IF(((1.9*1.04)-T33)>=4.2,((1.9*1.04)-T33)-4.2,0) -> 0 | T33: =(0.5223*1.06)*1.04 -> 0.57578352 | U33: =M33-(Q33+R33+S33+T33) -> -0.59849558 | V33: 0 | W33: 0 | X33: =M33-N33-O33-P33-Q33-R33-S33-T33-U33+V33+W33 -> 0 | Y33: =X33-AO33 -> 0 | AE33: 0 | AH33: 52.4 | AI33: =AI32-AH33 -> 642.85788 | AK33: =N33+O33+P33+Q33+R33+S33+T33+U33+X33+AE33+AH33 -> 55.51 | AL33: =IF(L33<0,L33*-1,0) -> 0 | AM33: =AK33+AL33 -> 55.51 | AN33: =V33 -> 0 | AV33: 0 | AW33: 60 | AX33: 27 | AZ33: =SUM(N33,P33:U33) -> 3.11 | BA33: 0.984 | BB33: 19767
A34: =A33+1 -> 20 | B34: 6892.84 | C34: 257914 | D34: =C34-C33 -> 589 | E34: =C34-152000 -> 105914 | F34: =D34/$D$2 -> 296.94984 | G34: 233 | H34: 6.82 | I34: =G34+H34 -> 239.82 | J34: =IF(L34>0,L34,0) -> 112.61984 | K34: =I34+J34 -> 352.43984 | L34: =F34-(I34-AK34) -> 112.61984 | M34: 3.09 | N34: 0 | O34: =0*1.05 -> 0 | P34: 0 | Q34: =1229100/325851/1.9835*1.02 -> 1.939707 | R34: =IF(((1.9*1.04)-T34)>=4.2,4.2,(1.9*1.04)-T34) -> 1.4002165 | S34: =IF(((1.9*1.04)-T34)>=4.2,((1.9*1.04)-T34)-4.2,0) -> 0 | T34: =(0.5223*1.06)*1.04 -> 0.57578352 | U34: =M34-(Q34+R34+S34+T34) -> -0.82570698 | V34: 0 | W34: 0 | X34: =M34-N34-O34-P34-Q34-R34-S34-T34-U34+V34+W34 -> 0 | Y34: =X34-AO34 -> 0 | AE34: 0 | AH34: 52.4 | AI34: =AI33-AH34 -> 590.45788 | AK34: =N34+O34+P34+Q34+R34+S34+T34+U34+X34+AE34+AH34 -> 55.49 | AL34: =IF(L34<0,L34*-1,0) -> 0 | AM34: =AK34+AL34 -> 55.49 | AN34: =V34 -> 0 | AV34: 0 | AW34: 65 | AX34: 27 | AZ34: =SUM(N34,P34:U34) -> 3.09 | BA34: 1.08 | BB34: 19797
A35: =A34+1 -> 21 | B35: 6893.05 | C35: 258644 | D35: =C35-C34 -> 730 | E35: =C35-152000 -> 106644 | F35: =D35/$D$2 -> 368.0363 | G35: 274 | H35: 7.28 | I35: =G35+H35 -> 281.28 | J35: =IF(L35>0,L35,0) -> 183.5263 | K35: =I35+J35 -> 464.8063 | L35: =F35-(I35-AK35) -> 183.5263 | M35: 4.07 | N35: 0 | O35: =0*1.05 -> 0 | P35: 0 | Q35: =1104000/325851/1.9835*1.02 -> 1.7422801 | R35: =IF(((2*1.04)-T35)>=4.2,4.2,(2*1.04)-T35) -> 1.5042165 | S35: =IF(((2*1.04)-T35)>=4.2,((2*1.04)-T35)-4.2,0) -> 0 | T35: =(0.5223*1.06)*1.04 -> 0.57578352 | U35: =M35-(Q35+R35+S35+T35) -> 0.24771988 | V35: 40.3 | W35: 0 | X35: =M35-N35-O35-P35-Q35-R35-S35-T35-U35+V35+W35 -> 40.3 | Y35: =X35-AO35 -> 40.3 | AE35: 0 | AH35: 52.4 | AI35: =AI34-AH35 -> 538.05788 | AK35: =N35+O35+P35+Q35+R35+S35+T35+U35+X35+AE35+AH35 -> 96.77 | AL35: =IF(L35<0,L35*-1,0) -> 0 | AM35: =AK35+AL35 -> 96.77 | AN35: =V35 -> 40.3 | AV35: 0 | AW35: 69 | AX35: 34 | AZ35: =SUM(N35,P35:U35) -> 4.07 | BA35: 1.14 | BB35: 19880
A36: =A35+1 -> 22 | B36: 6893.33 | C36: 259623 | D36: =C36-C35 -> 979 | E36: =C36-152000 -> 107623 | F36: =D36/$D$2 -> 493.57197 | G36: 338 | H36: 9 | I36: =G36+H36 -> 347 | J36: =IF(L36>0,L36,0) -> 230.87197 | K36: =I36+J36 -> 577.87197 | L36: =F36-(I36-AK36) -> 230.87197 | M36: 2.8 | N36: 0 | O36: =0*1.05 -> 0 | P36: 0 | Q36: =977600/325851/1.9835*1.02 -> 1.5428017 | R36: =IF(((2.5*1.04)-T36)>=4.2,4.2,(2.5*1.04)-T36) -> 2.0242165 | S36: =IF(((2.5*1.04)-T36)>=4.2,((2.5*1.04)-T36)-4.2,0) -> 0 | T36: =(0.5223*1.06)*1.04 -> 0.57578352 | U36: =M36-(Q36+R36+S36+T36) -> -1.3428017 | V36: 28.8 | W36: 0 | X36: =M36-N36-O36-P36-Q36-R36-S36-T36-U36+V36+W36 -> 28.8 | Y36: =X36-AO36 -> 28.8 | AE36: 0 | AH36: 52.7 | AI36: =AI35-AH36 -> 485.35788 | AK36: =N36+O36+P36+Q36+R36+S36+T36+U36+X36+AE36+AH36 -> 84.3 | AL36: =IF(L36<0,L36*-1,0) -> 0 | AM36: =AK36+AL36 -> 84.3 | AN36: =V36 -> 28.8 | AV36: 0.01 | AW36: 64 | AX36: 29 | AZ36: =SUM(N36,P36:U36) -> 2.8 | BA36: 1.14 | BB36: 19944
A37: =A36+1 -> 23 | B37: 6893.55 | C37: 260393 | D37: =C37-C36 -> 770 | E37: =C37-152000 -> 108393 | F37: =D37/$D$2 -> 388.20267 | G37: 332 | H37: 9.83 | I37: =G37+H37 -> 341.83 | J37: =IF(L37>0,L37,0) -> 103.68267 | K37: =I37+J37 -> 445.51267 | L37: =F37-(I37-AK37) -> 103.68267 | M37: 4.21 | N37: 0 | O37: =0*1.05 -> 0 | P37: 0 | Q37: =810000/325851/1.9835*1.02 -> 1.2783034 | R37: =IF(((2.7*1.04)-T37)>=4.2,4.2,(2.7*1.04)-T37) -> 2.2322165 | S37: =IF(((2.7*1.04)-T37)>=4.2,((2.7*1.04)-T37)-4.2,0) -> 0 | T37: =(0.5223*1.06)*1.04 -> 0.57578352 | U37: =M37-(Q37+R37+S37+T37) -> 0.12369665 | V37: 0 | W37: 0 | X37: =M37-N37-O37-P37-Q37-R37-S37-T37-U37+V37+W37 -> 0 | Y37: =X37-AO37 -> 0 | AE37: 0 | AH37: 53.1 | AI37: =AI36-AH37 -> 432.25788 | AK37: =N37+O37+P37+Q37+R37+S37+T37+U37+X37+AE37+AH37 -> 57.31 | AL37: =IF(L37<0,L37*-1,0) -> 0 | AM37: =AK37+AL37 -> 57.31 | AV37: 0.01 | AW37: 47 | AX37: 23 | AZ37: =SUM(N37,P37:U37) -> 4.21 | BA37: 1.14 | BB37: 20035
A38: =A37+1 -> 24 | B38: 6893.69 | C38: 260883 | D38: =C38-C37 -> 490 | E38: =C38-152000 -> 108883 | F38: =D38/$D$2 -> 247.03806 | G38: 263 | H38: 7.75 | I38: =G38+H38 -> 270.75 | J38: =IF(L38>0,L38,0) -> 69.168064 | K38: =I38+J38 -> 339.91806 | L38: =F38-(I38-AK38) -> 69.168064 | M38: 17.2 | N38: 0 | O38: =0*1.05 -> 0 | P38: 0 | Q38: =944900/325851/1.9835*1.02 -> 1.4911961 | R38: =IF(((2.7*1.04)-T38)>=4.2,4.2,(2.7*1.04)-T38) -> 2.2322165 | S38: =IF(((2.7*1.04)-T38)>=4.2,((2.7*1.04)-T38)-4.2,0) -> 0 | T38: =(0.5223*1.06)*1.04 -> 0.57578352 | U38: 0 | V38: 19.2 | W38: 3.28 | X38: =M38-N38-O38-P38-Q38-R38-S38-T38-U38+V38+W38 -> 35.380804 | Y38: =X38-AO38 -> -2.5191961 | AE38: 0 | AH38: 53.2 | AI38: =AI37-AH38 -> 379.05788 | AK38: =N38+O38+P38+Q38+R38+S38+T38+U38+X38+AE38+AH38 -> 92.88 | AL38: =IF(L38<0,L38*-1,0) -> 0 | AM38: =AK38+AL38 -> 92.88 | AO38: =V38+W38-AN38+15.42 -> 37.9 | AV38: 0 | AW38: 56 | AX38: 22 | AZ38: =SUM(N38,P38:U38) -> 4.2991961 | BA38: 1.19 | BB38: 20089
A39: =A38+1 -> 25 | B39: 6893.84 | C39: 261407 | D39: =C39-C38 -> 524 | E39: =C39-152000 -> 109407 | F39: =D39/$D$2 -> 264.17948 | G39: 271 | H39: 6.42 | I39: =G39+H39 -> 277.42 | J39: =IF(L39>0,L39,0) -> 73.949481 | K39: =I39+J39 -> 351.36948 | L39: =F39-(I39-AK39) -> 73.949481 | M39: 15.8 | N39: 0 | O39: =0*1.05 -> 0 | P39: 0 | Q39: =978700/325851/1.9835*1.02 -> 1.5445376 | R39: =IF(((2.8*1.04)-T39)>=4.2,4.2,(2.8*1.04)-T39) -> 2.3625638 | S39: =IF(((2.8*1.04)-T39)>=4.2,((2.8*1.04)-T39)-4.2,0) -> 0 | T39: =(0.4984*1.06)*1.04 -> 0.54943616 | U39: 0 | V39: 12.6 | W39: 5.59 | X39: =M39-N39-O39-P39-Q39-R39-S39-T39-U39+V39+W39 -> 29.533462 | Y39: =X39-AO39 -> -4.0765376 | AE39: 0 | AH39: 53.2 | AI39: =AI38-AH39 -> 325.85788 | AK39: =N39+O39+P39+Q39+R39+S39+T39+U39+X39+AE39+AH39 -> 87.19 | AL39: =IF(L39<0,L39*-1,0) -> 0 | AM39: =AK39+AL39 -> 87.19 | AO39: =V39+W39-AN39+15.42 -> 33.61 | AV39: 0 | AW39: 54 | AX39: 29 | AZ39: =SUM(N39,P39:U39) -> 4.4565376 | BA39: 1.3 | BB39: 20152
A40: =A39+1 -> 26 | B40: 6894.01 | C40: 262002 | D40: =C40-C39 -> 595 | E40: =C40-152000 -> 110002 | F40: =D40/$D$2 -> 299.97479 | G40: 245 | H40: 6.23 | I40: =G40+H40 -> 251.23 | J40: =IF(L40>0,L40,0) -> 105.46479 | K40: =I40+J40 -> 356.69479 | L40: =F40-(I40-AK40) -> 105.46479 | M40: 3.52 | N40: 0 | O40: =0*1.05 -> 0 | P40: 0 | Q40: =887700/325851/1.9835*1.02 -> 1.4009258 | R40: =IF(((2.8*1.04)-T40)>=4.2,4.2,(2.8*1.04)-T40) -> 2.3625638 | S40: =IF(((2.8*1.04)-T40)>=4.2,((2.8*1.04)-T40)-4.2,0) -> 0 | T40: =(0.4984*1.06)*1.04 -> 0.54943616 | U40: 0 | V40: 0 | W40: 0 | X40: =M40-N40-O40-P40-Q40-R40-S40-T40-U40+V40+W40 -> -0.79292578 | Y40: =X40-AO40 -> -0.79292578 | AE40: 0 | AH40: 53.2 | AI40: =AI39-AH40 -> 272.65788 | AK40: =N40+O40+P40+Q40+R40+S40+T40+U40+X40+AE40+AH40 -> 56.72 | AL40: =IF(L40<0,L40*-1,0) -> 0 | AM40: =AK40+AL40 -> 56.72 | AO40: =V40+W40-AN40 -> 0 | AV40: 0.18 | AW40: 47 | AX40: 25 | AZ40: =SUM(N40,P40:U40) -> 4.3129258 | BA40: 1.32 | BB40: 20210
A41: =A40+1 -> 27 | B41: 6894.13 | C41: 262426 | D41: =C41-C40 -> 424 | E41: =C41-152000 -> 110426 | F41: =D41/$D$2 -> 213.76355 | G41: 195 | H41: 5.17 | I41: =G41+H41 -> 200.17 | J41: =IF(L41>0,L41,0) -> 70.273549 | K41: =I41+J41 -> 270.44355 | L41: =F41-(I41-AK41) -> 70.273549 | M41: 3.48 | N41: 0 | O41: =2.37*1.05 -> 2.4885 | P41: 0 | Q41: =976400/325851/1.9835*1.02 -> 1.5409079 | R41: =IF(((2.7*1.04)-T41)>=4.2,4.2,(2.7*1.04)-T41) -> 2.2585638 | S41: =IF(((2.7*1.04)-T41)>=4.2,((2.7*1.04)-T41)-4.2,0) -> 0 | T41: =(0.4984*1.06)*1.04 -> 0.54943616 | U41: 0 | V41: 0 | W41: 0 | X41: =M41-N41-O41-P41-Q41-R41-S41-T41-U41+V41+W41 -> -3.3574079 | Y41: =X41-AO41 -> -3.3574079 | AE41: 0 | AH41: 53.2 | AI41: =AI40-AH41 -> 219.45788 | AK41: =N41+O41+P41+Q41+R41+S41+T41+U41+X41+AE41+AH41 -> 56.68 | AL41: =IF(L41<0,L41*-1,0) -> 0 | AM41: =AK41+AL41 -> 56.68 | AO41: =V41+W41-AN41 -> 0 | AV41: 0 | AW41: 56 | AX41: 21 | AZ41: =SUM(N41,P41:U41) -> 4.3489079 | BA41: 1.24 | BB41: 20247
A42: =A41+1 -> 28 | B42: 6894.23 | C42: 262779 | D42: =C42-C41 -> 353 | E42: =C42-152000 -> 110779 | F42: =D42/$D$2 -> 177.96824 | G42: 223 | H42: 4.78 | I42: =G42+H42 -> 227.78 | J42: =IF(L42>0,L42,0) -> 60.758238 | K42: =I42+J42 -> 288.53824 | L42: =F42-(I42-AK42) -> 60.758238 | M42: 35.6 | N42: 0 | O42: =1.03*1.05 -> 1.0815 | P42: 0 | Q42: =989900/325851/1.9835*1.02 -> 1.5622129 | R42: =IF(((2.1*1.04)-T42)>=4.2,4.2,(2.1*1.04)-T42) -> 1.6345638 | S42: =IF(((2.1*1.04)-T42)>=4.2,((2.1*1.04)-T42)-4.2,0) -> 0 | T42: =(0.4984*1.06)*1.04 -> 0.54943616 | U42: 0 | V42: 17.6 | W42: 4.17 | X42: =M42-N42-O42-P42-Q42-R42-S42-T42-U42+V42+W42 -> 52.542287 | Y42: =X42-AO42 -> 10.842287 | AE42: 0 | AH42: 53.2 | AI42: =AI41-AH42 -> 166.25788 | AK42: =N42+O42+P42+Q42+R42+S42+T42+U42+X42+AE42+AH42 -> 110.57 | AL42: =IF(L42<0,L42*-1,0) -> 0 | AM42: =AK42+AL42 -> 110.57 | AO42: =V42+W42-AN42+10.31+9.62 -> 41.7 | AV42: 0 | AW42: 63 | AX42: 38 | AZ42: =SUM(N42,P42:U42) -> 3.7462129 | BA42: 1.11 | BB42: 20285
A43: =A42+1 -> 29 | B43: 6894.33 | C43: 263131 | D43: =C43-C42 -> 352 | E43: =C43-152000 -> 111131 | F43: =D43/$D$2 -> 177.46408 | G43: 216 | H43: 4.8 | I43: =G43+H43 -> 220.8 | J43: =IF(L43>0,L43,0) -> 96.204079 | K43: =I43+J43 -> 317.00408 | L43: =F43-(I43-AK43) -> 96.204079 | M43: 61.3 | N43: 0 | O43: =0*1.05 -> 0 | P43: 0 | Q43: =926400/325851/1.9835*1.02 -> 1.4620003 | R43: =IF(((2.2*1.04)-T43)>=4.2,4.2,(2.2*1.04)-T43) -> 1.7385638 | S43: =IF(((2.2*1.04)-T43)>=4.2,((2.2*1.04)-T43)-4.2,0) -> 0 | T43: =(0.4984*1.06)*1.04 -> 0.54943616 | U43: 0 | V43: 18.6 | W43: 6.44 | X43: =M43-N43-O43-P43-Q43-R43-S43-T43-U43+V43+W43 -> 82.59 | Y43: =X43-AO43 -> 30.55 | AE43: 0 | AH43: 53.2 | AI43: =AI42-AH43 -> 113.05788 | AK43: =N43+O43+P43+Q43+R43+S43+T43+U43+X43+AE43+AH43 -> 139.54 | AL43: =IF(L43<0,L43*-1,0) -> 0 | AM43: =AK43+AL43 -> 139.54 | AO43: =V43+W43-AN43+15+12 -> 52.04 | AV43: 0.05 | AW43: 59 | AX43: 26 | AZ43: =SUM(N43,P43:U43) -> 3.7500003 | BA43: 1.13 | BB43: 20325
A44: 30 | B44: 6894.39 | C44: 263343 | D44: =C44-C43 -> 212 | E44: =C44-152000 -> 111343 | F44: =D44/$D$2 -> 106.88177 | G44: 200 | H44: 5.11 | I44: =G44+H44 -> 205.11 | J44: =IF(L44>0,L44,0) -> 30.551775 | K44: =I44+J44 -> 235.66177 | L44: =F44-(I44-AK44) -> 30.551775 | M44: 50.1 | N44: 0 | O44: =2.98*1.05 -> 3.129 | P44: 0 | Q44: =849400/325851/1.9835*1.02 -> 1.3404826 | R44: =IF(((2.2*1.04)-T44)>=4.2,4.2,(2.2*1.04)-T44) -> 1.7385638 | S44: =IF(((2.2*1.04)-T44)>=4.2,((2.2*1.04)-T44)-4.2,0) -> 0 | T44: =(0.4984*1.06)*1.04 -> 0.54943616 | U44: 0 | V44: 19.1 | W44: 6.38 | X44: =M44-N44-O44-P44-Q44-R44-S44-T44-U44+V44+W44 -> 68.822517 | Y44: =X44-AO44 -> 16.342517 | AE44: 0 | AH44: 53.2 | AI44: =AI43-AH44 -> 59.857877 | AK44: =N44+O44+P44+Q44+R44+S44+T44+U44+X44+AE44+AH44 -> 128.78 | AL44: =IF(L44<0,L44*-1,0) -> 0 | AM44: =AK44+AL44 -> 128.78 | AO44: =V44+W44-AN44+15+12 -> 52.48 | AV44: 0.03 | AW44: 44 | AX44: 21 | AZ44: =SUM(N44,P44:U44) -> 3.6284826 | BA44: 1.08 | BB44: 20382
A45: 31 | B45: 6894.48 | C45: 263661 | D45: =C45-C44 -> 318 | E45: =C45-152000 -> 111661 | F45: =D45/$D$2 -> 160.32266 | G45: 179 | H45: 4.76 | I45: =G45+H45 -> 183.76 | J45: =IF(L45>0,L45,0) -> 86.132662 | K45: =I45+J45 -> 269.89266 | L45: =F45-(I45-AK45) -> 86.132662 | M45: 41.4 | N45: 0 | O45: =9.53*1.05 -> 10.0065 | P45: 0 | Q45: =966800/325851/1.9835*1.02 -> 1.5257576 | R45: =IF(((2.1*1.04)-T44)>=4.2,4.2,(2.1*1.04)-T44) -> 1.6345638 | S45: =IF(((2.1*1.04)-T44)>=4.2,((2.1*1.04)-T44)-4.2,0) -> 0 | T45: =(0.4984*1.06)*1.04 -> 0.54943616 | U45: 0 | V45: 10.8 | W45: 4.17 | X45: =M45-N45-O45-P45-Q45-R45-S45-T45-U45+V45+W45 -> 42.653742 | Y45: =X45-AO45 -> 10.243742 | AE45: 0 | AH45: 53.2 | AI45: =AI44-AH45 -> 6.6578775 | AK45: =N45+O45+P45+Q45+R45+S45+T45+U45+X45+AE45+AH45 -> 109.57 | AL45: =IF(L45<0,L45*-1,0) -> 0 | AM45: =AK45+AL45 -> 109.57 | AO45: =V45+W45-AN45+9.69+7.75 -> 32.41 | AV45: 0 | AW45: 51 | AX45: 22 | AZ45: =SUM(N45,P45:U45) -> 3.7097576 | BA45: 1.09 | BB45: 20410
A47: MONTH / CFS | F47: =SUM(F15:F45) -> 7159.5664 | G47: =SUM(G15:G45) -> 6676.8168 | H47: =SUM(H15:H45) -> 220.77 | I47: =SUM(I15:I45) -> 6897.5868 | J47: =SUM(J15:J45) -> 3138.9079 | K47: =SUM(K15:K45) -> 10036.495 | L47: =SUM(L15:L45) -> 3108.8996 | M47: =SUM(M15:M45) -> 305.79 | ... O47: =SUM(O15:O45) -> 16.7055 | Q47: =SUM(Q15:Q45) -> 49.776186 | R47: =SUM(R15:R45) -> 51.104123 | S47: =SUM(S15:S45) -> 0 | T47: =SUM(T15:T45) -> 17.535877 | U47: =SUM(U15:U45) -> -8.7741648 | V47: =SUM(V15:V45) -> 966.7 | W47: =SUM(W15:W45) -> 30.03 | X47: =SUM(X15:X45) -> 1176.1725 | Y47: =SUM(Y15:Y45) -> 926.03248 | AC47: =SUM(AC15:AC45) -> 0 | AH47: =SUM(AH15:AH45) -> 1544.4 | AJ47: =SUM(AJ15:AJ45) -> 0 | AK47: =SUM(AK15:AK45) -> 2846.92 | AL47: =SUM(AL15:AL45) -> 30.008309 | AM47: =SUM(AM15:AM45) -> 2876.9283 | AN47: =SUM(AN15:AN45) -> 868.8 | AO47: =SUM(AO15:AO45) -> 250.14 | AV47: =SUM(AV15:AV45) -> 0.41 | AW47: =AVERAGE(AW15:AW45) -> 58.193548 | AX47: =AVERAGE(AX15:AX45) -> 27.774194 | AY47: AVE | AZ47: =SUM(AZ15:AZ45) -> 109.64202 | BA47: =SUM(BA15:BA45) -> 28.926
A48: MONTH / AF | D48: =SUM(D15:D45) -> 14201 | F48: =F47*$D$2 -> 14201 | G48: =G47*$D$2 -> 13243.466 | H48: =H47*$D$2 -> 437.89729 | I48: =I47*$D$2 -> 13681.363 | J48: =J47*$D$2 -> 6226.0238 | K48: =K47*$D$2 -> 19907.387 | L48: =L47*$D$2 -> 6166.5023 | M48: =M47*$D$2 -> 606.53446 | ... O48: =O47*$D$2 -> 33.135359 | Q48: =Q47*$D$2 -> 98.731064 | R48: =R47*$D$2 -> 101.36503 | S48: =S47*$D$2 -> 0 | T48: =T47*$D$2 -> 34.782412 | U48: =U47*$D$2 -> -17.403556 | V48: =V47*$D$2 -> 1917.4495 | W48: =W47*$D$2 -> 59.564505 | X48: =X47*$D$2 -> 2332.9381 | Y48: =Y47*$D$2 -> 1836.7854 | AC48: =AC47*$D$2 -> 0 | AH48: =AH47*$D$2 -> 3063.3174 | AJ48: =AJ47*$D$2 -> 0 | AK48: =AK47*$D$2 -> 5646.8658 | AL48: =AL47*$D$2 -> 59.52148 | AM48: =AM47*$D$2 -> 5706.3873 | AN48: =AN47*$D$2 -> 1723.2648 | AO48: =AO47*$D$2 -> 496.15269 | AW48: =MAX(AW15:AW45) -> 70 | AX48: =MAX(AX15:AX45) -> 38 | AY48: HI | AZ48: =AZ47*$D$2 -> 217.47495 | BA48: =BA47*D2 -> 57.374721
A50: SEASON / CFS | O50: =O47 -> 16.7055 | AW50: =MIN(AW15:AW45) -> 44 | AX50: =MIN(AX15:AX45) -> 21 | AY50: LO
A51: SEASON / AF | O51: =O50*D2 -> 33.135359
A53: YTD / CFS | F53: =F13+F47 -> 10400.302 | G53: =G13+G47 -> 16259.88 | H53: =H13+H47 -> 288.699 | I53: =I13+I47 -> 16548.579 | J53: =J13+J47 -> 3381.2192 | K53: =K13+K47 -> 19929.798 | L53: =L13+L47 -> 3063.2186 | M53: =M13+M47 -> 755 | ... O53: =O13+O47 -> 18.43905 | Q53: =Q13+Q47 -> 243.72763 | R53: =R13+R47 -> 245.78897 | S53: =S13+S47 -> 0 | T53: =T13+T47 -> 84.827034 | U53: =U13+U47 -> -15.491609 | V53: =V13+V47 -> 3214.81 | W53: =W13+W47 -> 30.085 | X53: =X13+X47 -> 3398.8298 | Y53: =Y13+Y47 -> 3148.6898 | AC53: =AC13+AC47 -> 1714.0766 | AH53: =AH13+AH47 -> 5211.6 | AI53: =AI45 -> 6.6578775 | AJ53: =AJ13+AJ47 -> 0 | AK53: =AK13+AK47 -> 9211.495 | AL53: =AL13+AL47 -> 318.00064 | AM53: =AM13+AM47 -> 9529.4956 | AN53: =AN13+AN47 -> 3115.79 | AO53: =AO13+AO47 -> 250.14 | AV53: =AV13+AV47 -> 7.445 | AZ53: =AZ13+AZ47 -> 554.95202 | BA53: =BA47+BA13 -> 84.458
A54: YTD / AF | D54: =D13+D48 -> 20493 | E54: =E45 -> 111661 | F54: =F53*$D$2 -> 20629 | G54: =G53*$D$2 -> 32251.472 | H54: =H53*$D$2 -> 572.63447 | I54: =I53*$D$2 -> 32824.106 | J54: =J53*$D$2 -> 6706.6483 | K54: =K53*$D$2 -> 39530.755 | L54: =L53*$D$2 -> 6075.8941 | M54: =M53*$D$2 -> 1497.5425 | ... O54: =O53*$D$2 -> 36.573856 | Q54: =Q53*$D$2 -> 483.43375 | R54: =R53*$D$2 -> 487.52241 | S54: =S53*$D$2 -> 0 | T54: =T53*$D$2 -> 168.25442 | U54: =U53*$D$2 -> -30.727606 | V54: =V53*$D$2 -> 6376.5756 | W54: =W53*$D$2 -> 59.673597 | X54: =X53*$D$2 -> 6741.579 | Y54: =Y53*$D$2 -> 6245.4263 | AC54: =AC53*$D$2 -> 3399.8709 | AH54: =AH53*$D$2 -> 10337.209 | AI54: =AI53*$D$2 -> 13.2059 | AJ54: =AJ53*$D$2 -> 0 | AK54: =AK53*$D$2 -> 18271 | AL54: =AL53*$D$2 -> 630.75426 | AM54: =AM53*$D$2 -> 18901.755 | AN54: =AN53*$D$2 -> 6180.1695 | AO54: =AO53*$D$2 -> 496.15269 | AZ54: =AZ53*$D$2 -> 1100.7473 | BA54: =BA53*D2 -> 167.52244

Sheet APR
K1: MCPHEE RESERVOIR INFLOW/OUTFLOW TABULATION
A2: AF/cfs CONVERT FACTOR | D2: 1.9835 | K2: APR "2016"
D4: RESERVOIR | I4: INFLOW | X4: OUTFLOW | AP4: ADJUSTMENTS | AW4: WEATHER
A5: DATE | B5: RESERV | C5: RESERV | D5: AC FT | E5: ACTIVE | F5: CONV TO | G5: DOLORES | H5: LOST | I5: RECORD | J5: CALC | K5: TOTAL | L5: CALC | M5: DOLORES TUNNEL | V5: LONE | W5: U | X5: TOTAL | Y5: TOTAL | Z5: MVI | AA5: MVI | AB5: MVI | AC5: TO EX & | AD5: MVI | AE5: DV CR | AF5: D/S SENIOR | AH5: BELOW | AI5: FISH | AJ5: SPILL | AK5: RECORD | AL5: CALC | AM5: TOTAL | AN5: NAR | AO5: MVI | AP5: MVI | AQ5: MVI | AR5: DIST. | AS5: U/S | AT5: TOTTEN | AU5: UF&R | AV5: RAIN | AW5: MAX | AX5: MIN | AZ5: TOTAL | BA5: GRNDHOG | BB5: GRNDHOG
A6: APR | B6: ELEV | D6: CHANGE | E6: CAP | F6: CFS | G6: RIVER | H6: CAN | I6: INFLOW | J6: INFLOW | K6: INFLOW | L6: INF/OTF | M6: TOT DIV | N6: WET | O6: UTE | P6: QUEST | Q6: MWC | R6: CORTEZ | T6: UTE | U6: F-BAY | V6: PINE | W6: LAT | X6: MVI | Y6: MVI | Z6: CALL | AA6: CALL | AB6: APR- | AC6: U/S EX | AD6: PROJ | AE6: CANAL | AF6: MVIC | AG6: PROJ | AH6: MCP | AI6: LEFT | AK6: OTF | AL6: OTF | AM6: OTF | AN6: FILL | AO6: STOCK | AP6: STORED | AQ6: STORED | AR6: CLASS | AS6: USERS | AT6: (FRESH | AU6: LEASE | AW6: TMP | AX6: TMP | AZ6: TUNNEL | BA6: DISCHARGE | BB6: CAPACITY
N7: LAND | O7: F&R | Q7: NON - | R7: NON - | S7: PROJ | T7: PROJ | U7: BAL | X7: WATER | Y7: IRRIG. | Z7: STOR | AA7: SPILLED | AB7: JUNE | AF7: 1.7 | AG7: 1.3 | AI7: 31798 | AP7: Apr - Jun | AQ7: EVAP | AR7: "B" | AS7: EXCH | AT7: WATER) | AU7: WATER | AZ7: Misc.
Q8: PROJ | R8: PROJ | X8: USED | Y8: WATER | AA8: OR | AB8: (DIV+ | AI8: =AI7/NOV!D2 -> 16031.258
R9: 4.2 | Y9: USED | AA9: USED | AB9: CALL) | BB9: FP = 3960
C10: AC. Ft. | E10: AC FT | G10: CFS | H10: CFS | I10: CFS | J10: CFS | K10: CFS | L10: CFS | M10: CFS | N10: CFS | O10: CFS | P10: CFS | Q10: CFS | R10: CFS | S10: CFS | T10: CFS | U10: CFS | V10: CFS | W10: CFS | X10: 153400 | Y10: 150400 | Z10: CFS | AB10: 72000 | AC10: CFS | AD10: CFS | AE10: CFS | AF10: CFS | AG10: CFS | AH10: CFS | AI10: CFS | AJ10: CFS | AK10: CFS | AL10: CFS | AM10: CFS | AN10: CFS | AO10: CFS | AP10: CFS | AQ10: AC.FT. | AR10: CFS | AS10: CFS | AT10: CFS | AU10: CFS | AZ10: Outflow | BA10: CFS | BB10: AC FT
N11: 1.03 | O11: 1.05 | P11: 1.02 | Q11: 1.02 | R11: 1.04 | T11: 1.04 | X11: CFS | Y11: CFS | Z11: CFS | AA11: CFS | AB11: Ac. Ft. | AZ11: CFS
A12: SEASON BAL | O12: =MAR!O50 -> 16.7055
A13: YTD | B13: =MAR!B45 -> 6894.48 | C13: =MAR!C45 -> 263661 | D13: =MAR!D54 -> 20493 | E13: =MAR!E54 -> 111661 | F13: =MAR!F53 -> 10400.302 | G13: =MAR!G53 -> 16259.88 | H13: =MAR!H53 -> 288.699 | I13: =MAR!I53 -> 16548.579 | J13: =MAR!J53 -> 3381.2192 | K13: =MAR!K53 -> 19929.798 | L13: =MAR!L53 -> 3063.2186 | M13: =MAR!M53 -> 755 | ... O13: =MAR!O53 -> 18.43905 | Q13: =MAR!Q53 -> 243.72763 | R13: =MAR!R53 -> 245.78897 | S13: =MAR!S53 -> 0 | T13: =MAR!T53 -> 84.827034 | U13: =MAR!U53 -> -15.491609 | V13: =MAR!V53 -> 3214.81 | W13: =MAR!W53 -> 30.085 | X13: =MAR!X53 -> 3398.8298 | Y13: =MAR!Y53 -> 3148.6898 | Z13: 0 | AB13: 0 | AC13: =MAR!AC53 -> 1714.0766 | AE13: =MAR!AE53 -> 0 | AF13: =MAR!AF53 -> 0 | AG13: =MAR!AG53 -> 0 | AH13: =MAR!AH53 -> 5211.6 | AI13: =AI8 -> 16031.258 | AJ13: =MAR!AJ53 -> 0 | AK13: =MAR!AK53 -> 9211.495 | AL13: =MAR!AL53 -> 318.00064 | AM13: =MAR!AM53 -> 9529.4956 | AN13: =MAR!AN53 -> 3115.79 | AO13: =MAR!AO53 -> 250.14 | AV13: =MAR!AV53 -> 7.445 | AZ13: =MAR!AZ53 -> 554.95202 | BA13: =MAR!BA53 -> 84.458
A15: 1 | B15: 6894.57 | C15: 263978 | D15: =C15-C13 -> 317 | E15: =C15-152000 -> 111978 | F15: =D15/$D$2 -> 159.8185 | G15: 178 | H15: 4.35 | I15: =G15+H15 -> 182.35 | J15: =IF(L15>0,L15,0) -> 37.038503 | K15: =I15+J15 -> 219.3885 | L15: =F15-(I15-AK15) -> 37.038503 | M15: 6.37 | N15: 0 | O15: =0*1.05 -> 0 | P15: 0 | Q15: =970000/325851/1.9835*1.02 -> 1.5308077 | R15: =IF(((2.2*1.04)-T15)>=4.2,4.2,(2.2*1.04)-T15) -> 1.7204845 | S15: =IF(((2.2*1.04)-T15)>=4.2,((2.2*1.04)-T15)-4.2,0) -> 0 | T15: =(0.5148*1.06)*1.04 -> 0.56751552 | U15: 0 | V15: 0 | W15: 0 | X15: =M15-N15-O15-P15-Q15-R15-S15-T15-U15+V15+W15-AT15 -> 2.5511923 | Y15: =X15-AO15 -> 2.5511923 | Z15: =AP15 -> 174.84752 | AB15: =AB13+(Y15+AP15)*1.9835 -> 351.87034 | AC15: =AC13 -> 1714.0766 | AE15: 0 | AF15: 1.7 | AG15: 1.3 | AH15: 53.2 | AI15: =AI13-AH15 -> 15978.058 | AK15: =N15+O15+P15+Q15+R15+S15+T15+U15+X15+AE15+AH15 -> 59.57 | AL15: =IF(L15<0,L15*-1,0) -> 0 | AM15: =AK15+AL15 -> 59.57 | AO15: =V15+W15-AN15 -> 0 | AP15: =I15-Q15-R15-X15-AF15 -> 174.84752 | AQ15: =38.452*(Z15*1.9835+AC15*1.9835)/E15 -> 1.2865686 | AT15: 0 | AV15: 0 | AW15: 54 | AX15: 27 | AZ15: =SUM(N15,P15:U15) -> 3.8188077 | BA15: 1.12 | BB15: 20438
A16: =A15+1 -> 2 | B16: 6894.67 | C16: 264331 | D16: =C16-C15 -> 353 | E16: =C16-152000 -> 112331 | F16: =D16/$D$2 -> 177.96824 | G16: 188 | H16: 4.02 | I16: =G16+H16 -> 192.02 | J16: =IF(L16>0,L16,0) -> 44.608238 | K16: =I16+J16 -> 236.62824 | L16: =F16-(I16-AK16) -> 44.608238 | M16: 5.56 | N16: 0 | O16: =2.45*1.05 -> 2.5725 | P16: 0 | Q16: =1007800/325851/1.9835*1.02 -> 1.5904619 | R16: =IF(((2.2*1.04)-T16)>=4.2,4.2,(2.2*1.04)-T16) -> 1.7204845 | S16: =IF(((2.2*1.04)-T16)>=4.2,((2.2*1.04)-T16)-4.2,0) -> 0 | T16: =(0.5148*1.06)*1.04 -> 0.56751552 | U16: 0 | V16: 0 | W16: 0 | X16: =M16-N16-O16-P16-Q16-R16-S16-T16-U16+V16+W16-AT16 -> -0.89096187 | Y16: =X16-AO16 -> -0.89096187 | Z16: =Z15+AP16 -> 362.74753 | AB16: =AB15+(Y16+AP16)*1.9835 -> 722.80279 | AC16: =AC15-(AQ15/1.9835) -> 1713.4279 | AE16: 0 | AF16: 1.7 | AG16: 1.3 | AH16: 53.1 | AI16: =AI15-AH16 -> 15924.958 | AK16: =N16+O16+P16+Q16+R16+S16+T16+U16+X16+AE16+AH16 -> 58.66 | AL16: =IF(L16<0,L16*-1,0) -> 0 | AM16: =AK16+AL16 -> 58.66 | AO16: =V16+W16-AN16 -> 0 | AP16: =I16-Q16-R16-X16-AF16 -> 187.90002 | AQ16: =17.779*(Z16*1.9835+AC16*1.9835)/E16 -> 0.6517844 | AT16: 0 | AV16: 0 | AW16: 60 | AX16: 27 | AZ16: =SUM(N16,P16:U16) -> 3.8784619 | BA16: 1.53 | BB16: 20462
A17: =A16+1 -> 3 | B17: 6894.77 | C17: 264684 | D17: =C17-C16 -> 353 | E17: =C17-152000 -> 112684 | F17: =D17/$D$2 -> 177.96824 | G17: 210 | H17: 4.62 | I17: =G17+H17 -> 214.62 | J17: =IF(L17>0,L17,0) -> 22.098238 | K17: =I17+J17 -> 236.71824 | L17: =F17-(I17-AK17) -> 22.098238 | M17: 5.95 | N17: 0 | O17: =1.79*1.05 -> 1.8795 | P17: 0 | Q17: =1157000/325851/1.9835*1.02 -> 1.8259222 | R17: =IF(((2.1*1.04)-T17)>=4.2,4.2,(2.1*1.04)-T17) -> 1.6164845 | S17: =IF(((2.1*1.04)-T17)>=4.2,((2.1*1.04)-T17)-4.2,0) -> 0 | T17: =(0.5148*1.06)*1.04 -> 0.56751552 | U17: 0 | V17: 0 | W17: 0 | X17: =M17-N17-O17-P17-Q17-R17-S17-T17-U17+V17+W17-AT17 -> 0.060577805 | Y17: =X17-AO17 -> 0.060577805 | Z17: =Z16+AP17 -> 572.16455 | AB17: =AB16+(Y17+AP17)*1.9835 -> 1138.3016 | AC17: =AC16-(AQ16/1.9835) -> 1713.0993 | AE17: 0 | AF17: 1.7 | AG17: 1.3 | AH17: 52.8 | AI17: =AI16-AH17 -> 15872.158 | AK17: =N17+O17+P17+Q17+R17+S17+T17+U17+X17+AE17+AH17 -> 58.75 | AL17: =IF(L17<0,L17*-1,0) -> 0 | AM17: =AK17+AL17 -> 58.75 | AO17: =V17+W17-AN17 -> 0 | AP17: =I17-Q17-R17-X17-AF17 -> 209.41702 | AQ17: =38.039*(Z17*1.9835+AC17*1.9835)/E17 -> 1.5301549 | AT17: 0 | AV17: 0 | AW17: 68 | AX17: 31 | AZ17: =SUM(N17,P17:U17) -> 4.0099222 | BA17: 1.65 | BB17: 20504
A18: =A17+1 -> 4 | B18: 6894.94 | C18: 265284 | D18: =C18-C17 -> 600 | E18: =C18-152000 -> 113284 | F18: =D18/$D$2 -> 302.49559 | G18: 284 | H18: 5.98 | I18: =G18+H18 -> 289.98 | J18: =IF(L18>0,L18,0) -> 99.815589 | K18: =I18+J18 -> 389.79559 | L18: =F18-(I18-AK18) -> 99.815589 | M18: 34.7 | N18: 0 | O18: =16.4*1.05 -> 17.22 | P18: 0 | Q18: =1172800/325851/1.9835*1.02 -> 1.850857 | R18: =IF(((2.2*1.04)-T18)>=4.2,4.2,(2.2*1.04)-T18) -> 1.7204845 | S18: =IF(((2.2*1.04)-T18)>=4.2,((2.2*1.04)-T18)-4.2,0) -> 0 | T18: =(0.5148*1.06)*1.04 -> 0.56751552 | U18: 0 | V18: 0 | W18: 0 | X18: =M18-N18-O18-P18-Q18-R18-S18-T18-U18+V18+W18-AT18 -> 13.341143 | Y18: =X18-AO18 -> 6.7870719 | Z18: =Z17+AP18 -> 843.53206 | AB18: =AB17+(Y18+AP18)*1.9835 -> 1690.0212 | AC18: =AC17-(AQ17/1.9835) -> 1712.3279 | AE18: 0 | AF18: 1.7 | AG18: 1.3 | AH18: 52.6 | AI18: =AI17-AH18 -> 15819.558 | AK18: =N18+O18+P18+Q18+R18+S18+T18+U18+X18+AE18+AH18 -> 87.3 | AL18: =IF(L18<0,L18*-1,0) -> 0 | AM18: =AK18+AL18 -> 87.3 | AO18: =V18+W18-AN18+(65/$D$2)/5 -> 6.5540711 | AP18: =I18-Q18-R18-X18-AF18 -> 271.36752 | AQ18: =28.94*(Z18*1.9835+AC18*1.9835)/E18 -> 1.2950878 | AT18: 0 | AV18: 0 | AW18: 68 | AX18: 35 | AZ18: =SUM(N18,P18:U18) -> 4.138857 | BA18: 0.898 | BB18: 20596
A19: =A18+1 -> 5 | B19: 6895.17 | C19: 266101 | D19: =C19-C18 -> 817 | E19: =C19-152000 -> 114101 | F19: =D19/$D$2 -> 411.89816 | G19: 392 | H19: 9.13 | I19: =G19+H19 -> 401.13 | J19: =IF(L19>0,L19,0) -> 135.66816 | K19: =I19+J19 -> 536.79816 | L19: =F19-(I19-AK19) -> 135.66816 | M19: 72.4 | N19: 0 | O19: =28.6*1.05 -> 30.03 | P19: 0 | Q19: =885900/325851/1.9835*1.02 -> 1.3980851 | R19: =IF(((2.1*1.04)-T19)>=4.2,4.2,(2.1*1.04)-T19) -> 1.6164845 | S19: =IF(((2.1*1.04)-T19)>=4.2,((2.1*1.04)-T19)-4.2,0) -> 0 | T19: =(0.5148*1.06)*1.04 -> 0.56751552 | U19: 0 | V19: 0 | W19: 0 | X19: =M19-N19-O19-P19-Q19-R19-S19-T19-U19+V19+W19-AT19 -> 38.787915 | Y19: =X19-AO19 -> 32.233844 | Z19: =Z18+AP19 -> 1201.1596 | AB19: =AB18+(Y19+AP19)*1.9835 -> 2463.3112 | AC19: =AC18-(AQ18/1.9835) -> 1711.675 | AE19: 0 | AF19: 1.7 | AG19: 1.3 | AH19: 52.5 | AI19: =AI18-AH19 -> 15767.058 | AK19: =N19+O19+P19+Q19+R19+S19+T19+U19+X19+AE19+AH19 -> 124.9 | AL19: =IF(L19<0,L19*-1,0) -> 0 | AM19: =AK19+AL19 -> 124.9 | AO19: =V19+W19-AN19+(65/$D$2)/5 -> 6.5540711 | AP19: =I19-Q19-R19-X19-AF19 -> 357.62752 | AQ19: =47.962*(Z19*1.9835+AC19*1.9835)/E19 -> 2.4285992 | AT19: 0 | AV19: 0 | AW19: 69 | AX19: 33 | AZ19: =SUM(N19,P19:U19) -> 3.5820851 | BA19: 1.07 | BB19: 20715
A20: =A19+1 -> 6 | B20: 6895.37 | C20: 266812 | D20: =C20-C19 -> 711 | E20: =C20-152000 -> 114812 | F20: =D20/$D$2 -> 358.45727 | G20: 443 | H20: 12.9 | I20: =G20+H20 -> 455.9 | J20: =IF(L20>0,L20,0) -> 25.157272 | K20: =I20+J20 -> 481.05727 | L20: =F20-(I20-AK20) -> 25.157272 | M20: 69.8 | N20: 0 | O20: =44.1*1.05 -> 46.305 | P20: 0 | Q20: =1107300/325851/1.9835*1.02 -> 1.747488 | R20: =IF(((2.6*1.04)-T20)>=4.2,4.2,(2.6*1.04)-T20) -> 2.1364845 | S20: =IF(((2.6*1.04)-T20)>=4.2,((2.6*1.04)-T20)-4.2,0) -> 0 | T20: =(0.5148*1.06)*1.04 -> 0.56751552 | U20: 0 | V20: 0 | W20: 0 | X20: =M20-N20-O20-P20-Q20-R20-S20-T20-U20+V20+W20-AT20 -> 19.043512 | Y20: =X20-AO20 -> 12.489441 | Z20: =Z19+AP20 -> 1632.4321 | AB20: =AB19+(Y20+AP20)*1.9835 -> 3343.5131 | AC20: =AC19-(AQ19/1.9835) -> 1710.4505 | AE20: 0 | AF20: 1.7 | AG20: 1.3 | AH20: 52.8 | AI20: =AI19-AH20 -> 15714.258 | AK20: =N20+O20+P20+Q20+R20+S20+T20+U20+X20+AE20+AH20 -> 122.6 | AL20: =IF(L20<0,L20*-1,0) -> 0 | AM20: =AK20+AL20 -> 122.6 | AO20: =V20+W20-AN20+(65/$D$2)/5 -> 6.5540711 | AP20: =I20-Q20-R20-X20-AF20 -> 431.27252 | AQ20: =39.693*(Z20*1.9835+AC20*1.9835)/E20 -> 2.292345 | AT20: 0 | AV20: 0 | AW20: 70 | AX20: 26 | AZ20: =SUM(N20,P20:U20) -> 4.451488 | BA20: 1.06 | BB20: 20846
A21: =A20+1 -> 7 | B21: 6895.72 | C21: 268058 | D21: =C21-C20 -> 1246 | E21: =C21-152000 -> 116058 | F21: =D21/$D$2 -> 628.18251 | G21: 594 | H21: 30.1 | I21: =G21+H21 -> 624.1 | J21: =IF(L21>0,L21,0) -> 118.28251 | K21: =I21+J21 -> 742.38251 | L21: =F21-(I21-AK21) -> 118.28251 | M21: 61.3 | N21: 0 | O21: =39*1.05 -> 40.95 | P21: 0 | Q21: =1224000/325851/1.9835*1.02 -> 1.9316584 | R21: =IF(((2.7*1.04)-T21)>=4.2,4.2,(2.7*1.04)-T21) -> 2.2404845 | S21: =IF(((2.7*1.04)-T21)>=4.2,((2.7*1.04)-T21)-4.2,0) -> 0 | T21: =(0.5148*1.06)*1.04 -> 0.56751552 | U21: 0 | V21: 0 | W21: 0 | X21: =M21-N21-O21-P21-Q21-R21-S21-T21-U21+V21+W21-AT21 -> 15.610342 | Y21: =X21-AO21 -> 9.0562705 | Z21: =Z20+AP21 -> 2235.0496 | AB21: =AB20+(Y21+AP21)*1.9835 -> 4556.768 | AC21: =AC20-(AQ20/1.9835) -> 1709.2948 | AE21: 0 | AF21: 1.7 | AG21: 1.3 | AH21: 52.9 | AI21: =AI20-AH21 -> 15661.358 | AK21: =N21+O21+P21+Q21+R21+S21+T21+U21+X21+AE21+AH21 -> 114.2 | AL21: =IF(L21<0,L21*-1,0) -> 0 | AM21: =AK21+AL21 -> 114.2 | AO21: =V21+W21-AN21+(65/$D$2)/5 -> 6.5540711 | AP21: =I21-Q21-R21-X21-AF21 -> 602.61752 | AQ21: =37.944*(Z21*1.9835+AC21*1.9835)/E21 -> 2.55785 | AT21: 0 | AV21: 0 | AW21: 74 | AX21: 36 | AZ21: =SUM(N21,P21:U21) -> 4.7396584 | BA21: 0.796 | BB21: 21013
A22: =A21+1 -> 8 | B22: 6896.16 | C22: 269629 | D22: =C22-C21 -> 1571 | E22: =C22-152000 -> 117629 | F22: =D22/$D$2 -> 792.03428 | G22: 746 | H22: 75.1 | I22: =G22+H22 -> 821.1 | J22: =IF(L22>0,L22,0) -> 82.457283 | K22: =I22+J22 -> 903.55728 | L22: =F22-(I22-AK22) -> 82.457283 | M22: 58 | N22: 0 | O22: =49.9*1.05 -> 52.395 | P22: 0 | Q22: =796500/325851/1.9835*1.02 -> 1.2569983 | R22: =IF(((2.7*1.04)-T22)>=4.2,4.2,(2.7*1.04)-T22) -> 2.2188774 | S22: =IF(((2.7*1.04)-T22)>=4.2,((2.7*1.04)-T22)-4.2,0) -> 0 | T22: =(0.5344*1.06)*1.04 -> 0.58912256 | U22: 0 | V22: 0 | W22: 0 | X22: =M22-N22-O22-P22-Q22-R22-S22-T22-U22+V22+W22-AT22 -> 1.5400017 | Y22: =X22-AO22 -> -5.0140694 | Z22: =Z21+AP22 -> 3049.4337 | AB22: =AB21+(Y22+AP22)*1.9835 -> 6162.1535 | AC22: =AC21-(AQ21/1.9835) -> 1708.0053 | AE22: 0.823 | AF22: 1.7 | AG22: 1.3 | AH22: 52.7 | AI22: =AI21-AH22 -> 15608.658 | AK22: =N22+O22+P22+Q22+R22+S22+T22+U22+X22+AE22+AH22 -> 111.523 | AL22: =IF(L22<0,L22*-1,0) -> 0 | AM22: =AK22+AL22 -> 111.523 | AO22: =V22+W22-AN22+(65/$D$2)/5 -> 6.5540711 | AP22: =I22-Q22-R22-X22-AF22 -> 814.38412 | AQ22: =41.488*(Z22*1.9835+AC22*1.9835)/E22 -> 3.3282315 | AT22: 0 | AV22: 0.16 | AW22: 70 | AX22: 36 | AZ22: =SUM(N22,P22:U22) -> 4.0649983 | BA22: 0.747 | BB22: 21196
A23: =A22+1 -> 9 | B23: 6896.79 | C23: 271890 | D23: =C23-C22 -> 2261 | E23: =C23-152000 -> 119890 | F23: =D23/$D$2 -> 1139.9042 | G23: 816 | H23: 169 | I23: =G23+H23 -> 985 | J23: =IF(L23>0,L23,0) -> 275.90421 | K23: =I23+J23 -> 1260.9042 | L23: =F23-(I23-AK23) -> 275.90421 | M23: 68.6 | N23: 0 | O23: =60.2*1.05 -> 63.21 | P23: 0 | Q23: =940200/325851/1.9835*1.02 -> 1.4837788 | R23: =IF(((2.7*1.04)-T23)>=4.2,4.2,(2.7*1.04)-T23) -> 2.2188774 | S23: =IF(((2.7*1.04)-T23)>=4.2,((2.7*1.04)-T23)-4.2,0) -> 0 | T23: =(0.5344*1.06)*1.04 -> 0.58912256 | U23: 0 | V23: 0 | W23: 0 | X23: =M23-N23-O23-P23-Q23-R23-S23-T23-U23+V23+W23-AT23 -> 1.0982212 | Y23: =X23-AO23 -> 1.0982212 | Z23: =Z22+AP23 -> 3843.3355 | AB23: =AB22+(Y23+AP23)*1.9835 -> 7739.036 | AC23: =AC22-(AQ22/1.9835) -> 1706.3273 | AE23: 0 | AF23: 1.7 | AG23: 1.3 | AH23: 52.4 | AI23: =AI22-AH23 -> 15556.258 | AK23: =N23+O23+P23+Q23+R23+S23+T23+U23+X23+AE23+AH23 -> 121 | AL23: =IF(L23<0,L23*-1,0) -> 0 | AM23: =AK23+AL23 -> 121 | AP23: =795-X23 -> 793.90178 | AQ23: =6.305*(Z23*1.9835+AC23*1.9835)/E23 -> 0.57889651 | AT23: 0 | AV23: 0.03 | AW23: 63 | AX23: 41 | AZ23: =SUM(N23,P23:U23) -> 4.2917788 | BA23: 0.715 | BB23: 21392
A24: =A23+1 -> 10 | B24: 6897.32 | C24: 273801 | D24: =C24-C23 -> 1911 | E24: =C24-152000 -> 121801 | F24: =D24/$D$2 -> 963.44845 | G24: 762 | H24: 180 | I24: =G24+H24 -> 942 | J24: =IF(L24>0,L24,0) -> 140.84845 | K24: =I24+J24 -> 1082.8484 | L24: =F24-(I24-AK24) -> 140.84845 | M24: 67 | N24: 0 | O24: =57.5*1.05 -> 60.375 | P24: 0 | Q24: =1200400/325851/1.9835*1.02 -> 1.894414 | R24: =IF(((2.4*1.04)-T24)>=4.2,4.2,(2.4*1.04)-T24) -> 1.9068774 | S24: =IF(((2.4*1.04)-T24)>=4.2,((2.4*1.04)-T24)-4.2,0) -> 0 | T24: =(0.5344*1.06)*1.04 -> 0.58912256 | U24: 0 | V24: 0 | W24: 0 | X24: =M24-N24-O24-P24-Q24-R24-S24-T24-U24+V24+W24-AT24 -> 2.234586 | Y24: =X24-AO24 -> 2.234586 | Z24: =Z23+AP24 -> 4777.5996 | AB24: =AB23+(Y24+AP24)*1.9835 -> 9596.5812 | AC24: =AC23-(AQ23/1.9835) -> 1706.0355 | AE24: 0 | AF24: 1.7 | AG24: 1.3 | AH24: 52.4 | AI24: =AI23-AH24 -> 15503.858 | AK24: =N24+O24+P24+Q24+R24+S24+T24+U24+X24+AE24+AH24 -> 119.4 | AL24: =IF(L24<0,L24*-1,0) -> 0 | AM24: =AK24+AL24 -> 119.4 | AP24: =I24-Q24-R24-X24-AF24 -> 934.26412 | AQ24: =30.055*(Z24*1.9835+AC24*1.9835)/E24 -> 3.1733403 | AT24: 0 | AV24: 0 | AW24: 62 | AX24: 37 | AZ24: =SUM(N24,P24:U24) -> 4.390414 | BA24: 0.737 | BB24: 21585
A25: =A24+1 -> 11 | B25: 6897.85 | C25: 275718 | D25: =C25-C24 -> 1917 | E25: =C25-152000 -> 123718 | F25: =D25/$D$2 -> 966.47341 | G25: 775 | H25: 190 | I25: =G25+H25 -> 965 | J25: =IF(L25>0,L25,0) -> 187.37341 | K25: =I25+J25 -> 1152.3734 | L25: =F25-(I25-AK25) -> 187.37341 | M25: 105 | N25: 0 | O25: =77.6*1.05 -> 81.48 | P25: 0 | Q25: =992400/325851/1.9835*1.02 -> 1.5661583 | R25: =IF(((2.5*1.04)-T25)>=4.2,4.2,(2.5*1.04)-T25) -> 2.0108774 | S25: =IF(((2.5*1.04)-T25)>=4.2,((2.5*1.04)-T25)-4.2,0) -> 0 | T25: =(0.5344*1.06)*1.04 -> 0.58912256 | U25: 0 | V25: 0 | W25: 0 | X25: =M25-N25-O25-P25-Q25-R25-S25-T25-U25+V25+W25-AT25 -> 19.353842 | Y25: =X25-AO25 -> 19.353842 | Z25: =Z24+AP25 -> 5717.9688 | AB25: =AB24+(Y25+AP25)*1.9835 -> 11500.192 | AC25: =AC24-(AQ24/1.9835) -> 1704.4356 | AE25: 28.4 | AF25: 1.7 | AG25: 1.3 | AH25: 52.5 | AI25: =AI24-AH25 -> 15451.358 | AK25: =N25+O25+P25+Q25+R25+S25+T25+U25+X25+AE25+AH25 -> 185.9 | AL25: =IF(L25<0,L25*-1,0) -> 0 | AM25: =AK25+AL25 -> 185.9 | AP25: =I25-Q25-R25-X25-AF25 -> 940.36912 | AQ25: =41.102*(Z25*1.9835+AC25*1.9835)/E25 -> 4.8911038 | AT25: 0 | AV25: 0 | AW25: 61 | AX25: 33 | AZ25: =SUM(N25,P25:U25) -> 4.1661583 | BA25: 0.764 | BB25: 21804
A26: =A25+1 -> 12 | B26: 6898.23 | C26: 277099 | D26: =C26-C25 -> 1381 | E26: =C26-152000 -> 125099 | F26: =D26/$D$2 -> 696.24401 | G26: 695 | H26: 103 | I26: =G26+H26 -> 798 | J26: =IF(L26>0,L26,0) -> 91.944013 | K26: =I26+J26 -> 889.94401 | L26: =F26-(I26-AK26) -> 91.944013 | M26: 98 | N26: 0 | O26: =71.4*1.05 -> 74.97 | P26: 0 | Q26: =959900/325851/1.9835*1.02 -> 1.5148684 | R26: =IF(((2.4*1.04)-T26)>=4.2,4.2,(2.4*1.04)-T26) -> 1.9068774 | S26: =IF(((2.4*1.04)-T26)>=4.2,((2.4*1.04)-T26)-4.2,0) -> 0 | T26: =(0.5344*1.06)*1.04 -> 0.58912256 | U26: 0 | V26: 0 | W26: 0 | X26: =M26-N26-O26-P26-Q26-R26-S26-T26-U26+V26+W26-AT26 -> 19.019132 | Y26: =X26-AO26 -> 19.019132 | Z26: =Z25+AP26 -> 6491.8279 | AB26: =AB25+(Y26+AP26)*1.9835 -> 13072.866 | AC26: =AC25-(AQ25/1.9835) -> 1701.9697 | AE26: 42.8 | AF26: 1.7 | AG26: 1.3 | AH26: 52.9 | AI26: =AI25-AH26 -> 15398.458 | AK26: =N26+O26+P26+Q26+R26+S26+T26+U26+X26+AE26+AH26 -> 193.7 | AL26: =IF(L26<0,L26*-1,0) -> 0 | AM26: =AK26+AL26 -> 193.7 | AP26: =I26-Q26-R26-X26-AF26 -> 773.85912 | AQ26: =13.384*(Z26*1.9835+AC26*1.9835)/E26 -> 1.7387996 | AT26: 0 | AV26: 0 | AW26: 61 | AX26: 37 | AZ26: =SUM(N26,P26:U26) -> 4.0108684 | BA26: 0.667 | BB26: 21984
A27: =A26+1 -> 13 | B27: 6898.6 | C27: 278448 | D27: =C27-C26 -> 1349 | E27: =C27-152000 -> 126448 | F27: =D27/$D$2 -> 680.11092 | G27: 653 | H27: 67.6 | I27: =G27+H27 -> 720.6 | J27: =IF(L27>0,L27,0) -> 135.01092 | K27: =I27+J27 -> 855.61092 | L27: =F27-(I27-AK27) -> 135.01092 | M27: 80.2 | N27: 0 | O27: =69.1*1.05 -> 72.555 | P27: 0 | Q27: =1095000/325851/1.9835*1.02 -> 1.7280768 | R27: =IF(((2.6*1.04)-T27)>=4.2,4.2,(2.6*1.04)-T27) -> 2.1148774 | S27: =IF(((2.6*1.04)-T27)>=4.2,((2.6*1.04)-T27)-4.2,0) -> 0 | T27: =(0.5344*1.06)*1.04 -> 0.58912256 | U27: 0 | V27: 0 | W27: 0 | X27: =M27-N27-O27-P27-Q27-R27-S27-T27-U27+V27+W27-AT27 -> 3.2129232 | Y27: =X27-AO27 -> 3.2129232 | Z27: =Z26+AP27 -> 7203.672 | AB27: =AB26+(Y27+AP27)*1.9835 -> 14491.181 | AC27: =AC26-(AQ26/1.9835) -> 1701.0931 | AE27: 42.3 | AF27: 1.7 | AG27: 1.3 | AH27: 53 | AI27: =AI26-AH27 -> 15345.458 | AK27: =N27+O27+P27+Q27+R27+S27+T27+U27+X27+AE27+AH27 -> 175.5 | AL27: =IF(L27<0,L27*-1,0) -> 0 | AM27: =AK27+AL27 -> 175.5 | AP27: =I27-Q27-R27-X27-AF27 -> 711.84412 | AQ27: =34.801*(Z27*1.9835+AC27*1.9835)/E27 -> 4.8610986 | AT27: 0 | AV27: 0 | AW27: 68 | AX27: 34 | AZ27: =SUM(N27,P27:U27) -> 4.4320768 | BA27: 0.716 | BB27: 22162
